{
	"_id": "5cc084dd14c02e000b0550a3",
	"_name": "DefaultBearHead",
	"_parent": "5cc085e214c02e000c6bea67",
	"_type": "Item",
	"_props": {
		"Name": "BearHead1",
		"ShortName": "BearHead1",
		"Description": "BearHead1",
		"Side": [
"Bear",
"Usec",
"Savage"
],
		"BodyPart": "Head",
		"Prefab": {
			"path": "assets/content/characters/character/prefabs/bear_head.bundle",
			"rcid": ""
		},
		"WatchPrefab": {
			"path": "",
			"rcid": ""
		},
		"IntegratedArmorVest": false,
		"WatchPosition": {
			"x": 0,
			"y": 0,
			"z": 0
		},
		"WatchRotation": {
			"x": 0,
			"y": 0,
			"z": 0
		}
	}
}