{
	"_id": "5cdea33e7d6c8b0474535dac",
	"_name": "wild_Killa_body",
	"_parent": "5cc0868e14c02e000c6bea68",
	"_type": "Item",
	"_props": {
		"Name": "wild_Killa_body",
		"ShortName": "wild_Killa_body",
		"Description": "wild_Killa_body",
		"Side": [
"Bear",
"Usec",
"Savage"
],
		"BodyPart": "Body",
		"Prefab": {
			"path": "assets/content/characters/character/prefabs/top_boss_killa.bundle",
			"rcid": ""
		},
		"WatchPrefab": {
			"path": "",
			"rcid": ""
		},
		"IntegratedArmorVest": false,
		"WatchPosition": {
			"x": 0,
			"y": 0,
			"z": 0
		},
		"WatchRotation": {
			"x": 0,
			"y": 0,
			"z": 0
		}
	}
}