{
	"_id": "5cde96047d6c8b20b577f016",
	"_name": "DefaultUsecHead",
	"_parent": "5cc085e214c02e000c6bea67",
	"_type": "Item",
	"_props": {
		"Name": "DefaultUsecHead",
		"ShortName": "DefaultUsecHead",
		"Description": "DefaultUsecHead",
		"Side": [
"Bear",
"Usec",
"Savage"
],
		"BodyPart": "Head",
		"Prefab": {
			"path": "assets/content/characters/character/prefabs/usec_head_1.bundle",
			"rcid": ""
		},
		"WatchPrefab": {
			"path": "",
			"rcid": ""
		},
		"IntegratedArmorVest": false,
		"WatchPosition": {
			"x": 0,
			"y": 0,
			"z": 0
		},
		"WatchRotation": {
			"x": 0,
			"y": 0,
			"z": 0
		}
	}
}