{
	"_id": "5cde95fa7d6c8b04737c2d13",
	"_name": "DefaultUsecHands",
	"_parent": "5cc086a314c02e000c6bea69",
	"_type": "Item",
	"_props": {
		"Name": "DefaultUsecHands",
		"ShortName": "DefaultUsecHands",
		"Description": "DefaultUsecHands",
		"Side": [
"Bear",
"Usec",
"Savage"
],
		"BodyPart": "Hands",
		"Prefab": {
			"path": "assets/content/hands/usec/usec_hands_skin.bundle",
			"rcid": ""
		},
		"WatchPrefab": {
			"path": "",
			"rcid": ""
		},
		"IntegratedArmorVest": false,
		"WatchPosition": {
			"x": 0,
			"y": 0,
			"z": 0
		},
		"WatchRotation": {
			"x": 0,
			"y": 0,
			"z": 0
		}
	}
}