{
	"_id": "5cdea3c47d6c8b0475341734",
	"_name": "Wild_Killa_feet",
	"_parent": "5cc0869814c02e000a4cad94",
	"_type": "Item",
	"_props": {
		"Name": "Wild_Killa_feet",
		"ShortName": "Wild_Killa_feet",
		"Description": "Wild_Killa_feet",
		"Side": [
"Bear",
"Usec",
"Savage"
],
		"BodyPart": "Feet",
		"Prefab": {
			"path": "assets/content/characters/character/prefabs/pant_boss_killa.bundle",
			"rcid": ""
		},
		"WatchPrefab": {
			"path": "",
			"rcid": ""
		},
		"IntegratedArmorVest": false,
		"WatchPosition": {
			"x": 0,
			"y": 0,
			"z": 0
		},
		"WatchRotation": {
			"x": 0,
			"y": 0,
			"z": 0
		}
	}
}