{
	"_id": "5d1f5a9786f7743014162046",
	"_name": "bear_hands_blacklynx",
	"_parent": "5cc086a314c02e000c6bea69",
	"_type": "Item",
	"_props": {
		"Name": "DefaultBearHands",
		"ShortName": "DefaultBearHands",
		"Description": "DefaultBearHands",
		"Side": [
"Bear",
"Usec",
"Savage"
],
		"BodyPart": "Hands",
		"Prefab": {
			"path": "assets/content/hands/hand_bear_blacklynx/hand_bear_blacklynx.skin.bundle",
			"rcid": ""
		},
		"WatchPrefab": {
			"path": "assets/content/hands/bear/bear_watch.bundle",
			"rcid": ""
		},
		"IntegratedArmorVest": false,
		"WatchPosition": {
			"x": -0.06185,
			"y": -0.01231,
			"z": 0.03483
		},
		"WatchRotation": {
			"x": 0.8972011,
			"y": 3.416058,
			"z": 1.700308
		}
	},
	"_proto": "5cc0876314c02e000c6bea6b"
}