{
	"_id": "5d1f5ab286f7743f8362bcdd",
	"_name": "bear_hands_fsbfastresponse",
	"_parent": "5cc086a314c02e000c6bea69",
	"_type": "Item",
	"_props": {
		"Name": "DefaultBearHands",
		"ShortName": "DefaultBearHands",
		"Description": "DefaultBearHands",
		"Side": [
"Bear",
"Usec",
"Savage"
],
		"BodyPart": "Hands",
		"Prefab": {
			"path": "assets/content/hands/hands_bear_fsbfastresponse/hands_bear_fsbfastresponse.skin.bundle",
			"rcid": ""
		},
		"WatchPrefab": {
			"path": "assets/content/hands/bear/bear_watch.bundle",
			"rcid": ""
		},
		"IntegratedArmorVest": false,
		"WatchPosition": {
			"x": -0.04136,
			"y": 0.00267,
			"z": 0.03812
		},
		"WatchRotation": {
			"x": -12.79007,
			"y": -0.62734899,
			"z": 2.187025
		}
	},
	"_proto": "5cc0876314c02e000c6bea6b"
}