{
	"_id": "5d1f5aa286f7744bca3f0b9c",
	"_name": "bear_hands_contractortshirt",
	"_parent": "5cc086a314c02e000c6bea69",
	"_type": "Item",
	"_props": {
		"Name": "DefaultBearHands",
		"ShortName": "DefaultBearHands",
		"Description": "DefaultBearHands",
		"Side": [
"Bear",
"Usec",
"Savage"
],
		"BodyPart": "Hands",
		"Prefab": {
			"path": "assets/content/hands/hands_tshirt_bear_black/hands_tshirt_bear_black.skin.bundle",
			"rcid": ""
		},
		"WatchPrefab": {
			"path": "assets/content/hands/bear/bear_watch.bundle",
			"rcid": ""
		},
		"IntegratedArmorVest": false,
		"WatchPosition": {
			"x": -0.04744,
			"y": 0.00314,
			"z": 0.0367
		},
		"WatchRotation": {
			"x": -13.7037,
			"y": -0.6851196,
			"z": 2.431549
		}
	},
	"_proto": "5cc0876314c02e000c6bea6b"
}