{
	"_id": "5d1f565786f7743f8362bcd5",
	"_name": "bear_upper_contractortshirt",
	"_parent": "5cc0868e14c02e000c6bea68",
	"_type": "Item",
	"_props": {
		"Name": "DeafaultBearBody",
		"ShortName": "DeafaultBearBody",
		"Description": "DeafaultBearBody",
		"Side": [
"Bear",
"Usec",
"Savage"
],
		"BodyPart": "Body",
		"Prefab": {
			"path": "assets/content/characters/character/prefabs/tshirt_bear_black.bundle",
			"rcid": ""
		},
		"WatchPrefab": {
			"path": "",
			"rcid": ""
		},
		"IntegratedArmorVest": false,
		"WatchPosition": {
			"x": 0,
			"y": 0,
			"z": 0
		},
		"WatchRotation": {
			"x": 0,
			"y": 0,
			"z": 0
		}
	},
	"_proto": "5cc0858d14c02e000c6bea66"
}