{
	"_id": "5d1f5aca86f7744bce0ee9f1",
	"_name": "bear_hands_summerfield",
	"_parent": "5cc086a314c02e000c6bea69",
	"_type": "Item",
	"_props": {
		"Name": "DefaultBearHands",
		"ShortName": "DefaultBearHands",
		"Description": "DefaultBearHands",
		"Side": [
"Bear",
"Usec",
"Savage"
],
		"BodyPart": "Hands",
		"Prefab": {
			"path": "assets/content/hands/hands_bear_polevoi/hands_bear_polevoi.skin.bundle",
			"rcid": ""
		},
		"WatchPrefab": {
			"path": "assets/content/hands/bear/bear_watch.bundle",
			"rcid": ""
		},
		"IntegratedArmorVest": false,
		"WatchPosition": {
			"x": -0.05058,
			"y": 0.00288,
			"z": 0.03636
		},
		"WatchRotation": {
			"x": -10.06189,
			"y": -2.463654,
			"z": 2.506674
		}
	},
	"_proto": "5cc0876314c02e000c6bea6b"
}