{
	"_id": "5d1f5b4886f7744bce0ee9f3",
	"_name": "usec_hands_pcsmulticam",
	"_parent": "5cc086a314c02e000c6bea69",
	"_type": "Item",
	"_props": {
		"Name": "DefaultUsecHands",
		"ShortName": "DefaultUsecHands",
		"Description": "DefaultUsecHands",
		"Side": [
"Bear",
"Usec",
"Savage"
],
		"BodyPart": "Hands",
		"Prefab": {
			"path": "assets/content/hands/hands_usec_pcsshirt/hands_usec_pcsshirt.skin.bundle",
			"rcid": ""
		},
		"WatchPrefab": {
			"path": "",
			"rcid": ""
		},
		"IntegratedArmorVest": false,
		"WatchPosition": {
			"x": 0,
			"y": 0,
			"z": 0
		},
		"WatchRotation": {
			"x": 0,
			"y": 0,
			"z": 0
		}
	},
	"_proto": "5cde95fa7d6c8b04737c2d13"
}