{
	"_id": "5d28af5386f774292364a6e8",
	"_name": "wild_security_feet_1",
	"_parent": "5cc0869814c02e000a4cad94",
	"_type": "Item",
	"_props": {
		"Name": "wild_security_feet_1",
		"ShortName": "wild_security_feet_1",
		"Description": "wild_security_feet_1",
		"Side": [
"Bear",
"Usec",
"Savage"
],
		"BodyPart": "Feet",
		"Prefab": {
			"path": "assets/content/characters/character/prefabs/wild_security_feet_1.bundle",
			"rcid": ""
		},
		"WatchPrefab": {
			"path": "",
			"rcid": ""
		},
		"IntegratedArmorVest": false,
		"WatchPosition": {
			"x": 0,
			"y": 0,
			"z": 0
		},
		"WatchRotation": {
			"x": 0,
			"y": 0,
			"z": 0
		}
	},
	"_proto": "5cde9fb87d6c8b0474535da9"
}