{
	"_id": "5d5e7e5d86f774279b4f4b01",
	"_name": "Tshirt_security_TshirtTatu_02",
	"_parent": "5cc0868e14c02e000c6bea68",
	"_type": "Item",
	"_props": {
		"Name": "Tshirt_security_TshirtTatu_02",
		"ShortName": "Tshirt_security_TshirtTatu_02",
		"Description": "Tshirt_security_TshirtTatu_02",
		"Side": [
"Bear",
"Usec",
"Savage"
],
		"BodyPart": "Body",
		"Prefab": {
			"path": "assets/content/characters/character/prefabs/tshirt_security_tshirttatu_02.bundle",
			"rcid": ""
		},
		"WatchPrefab": {
			"path": "",
			"rcid": ""
		},
		"IntegratedArmorVest": false,
		"WatchPosition": {
			"x": 0,
			"y": 0,
			"z": 0
		},
		"WatchRotation": {
			"x": 0,
			"y": 0,
			"z": 0
		}
	},
	"_proto": "5cdea33e7d6c8b0474535dac"
}