{
	"_id": "5d5e805d86f77439eb4c2d0e",
	"_name": "Head_BOSS_Glukhar",
	"_parent": "5cc085e214c02e000c6bea67",
	"_type": "Item",
	"_props": {
		"Name": "Head_BOSS_Glukhar",
		"ShortName": "Head_BOSS_Glukhar",
		"Description": "Head_BOSS_Glukhar",
		"Side": [
"Bear",
"Usec",
"Savage"
],
		"BodyPart": "Head",
		"Prefab": {
			"path": "assets/content/characters/character/prefabs/head_boss_glukhar.bundle",
			"rcid": ""
		},
		"WatchPrefab": {
			"path": "",
			"rcid": ""
		},
		"IntegratedArmorVest": false,
		"WatchPosition": {
			"x": 0,
			"y": 0,
			"z": 0
		},
		"WatchRotation": {
			"x": 0,
			"y": 0,
			"z": 0
		}
	},
	"_proto": "5cde9ff17d6c8b0474535daa"
}