{
	"Id": "Loot_mod_ammo_mods (16)503846",
	"IsStatic": false,
	"useGravity": true,
	"randomRotation": true,
	"Position": {
		"x": 646.725,
		"y": 1.055,
		"z": -20.169
	},
	"Rotation": {
		"x": 0,
		"y": 0,
		"z": 0
	},
	"IsGroupPosition": false,
	"GroupPositions": [],
	"Root": "5ec3f44ff1794b250e79552e",
	"Items": [
		{
			"_id": "5ec3f44ff1794b250e79552e",
			"_tpl": "5a38ed75c4a28232996e40c6"
		},
		{
			"_id": "5ec3f44ff1794b250e79552f",
			"_tpl": "5d6e69c7a4b9360b6c0d54e4",
			"parentId": "5ec3f44ff1794b250e79552e",
			"slotId": "cartridges",
			"upd": {
				"StackObjectsCount": 3
			}
		}
	]
}