{
	"Id": "Loot 19 (3)505288",
	"IsStatic": false,
	"useGravity": true,
	"randomRotation": false,
	"Position": {
		"x": 342.77,
		"y": 2.157,
		"z": -143.719
	},
	"Rotation": {
		"x": -4.26886828e-7,
		"y": 37.8216743,
		"z": 0
	},
	"IsGroupPosition": false,
	"GroupPositions": [],
	"Root": "5ec3f47521ff7644ae6a324b",
	"Items": [
		{
			"_id": "5ec3f47521ff7644ae6a324b",
			"_tpl": "5c6d450c2e221600114c997d"
		},
		{
			"_id": "5ec3f47521ff7644ae6a324c",
			"_tpl": "59e6920f86f77411d82aa167",
			"parentId": "5ec3f47521ff7644ae6a324b",
			"slotId": "cartridges",
			"upd": {
				"StackObjectsCount": 14
			}
		}
	]
}