{
	"Id": "Loot 19 (3)505288",
	"IsStatic": false,
	"useGravity": true,
	"randomRotation": false,
	"Position": {
		"x": 342.77,
		"y": 2.157,
		"z": -143.719
	},
	"Rotation": {
		"x": -4.26886828e-7,
		"y": 37.8216743,
		"z": 0
	},
	"IsGroupPosition": false,
	"GroupPositions": [],
	"Root": "5ec3f47b4782e749ea3f82a0",
	"Items": [
		{
			"_id": "5ec3f47b4782e749ea3f82a0",
			"_tpl": "5448c12b4bdc2d02308b456f"
		},
		{
			"_id": "5ec3f47b4782e749ea3f82a1",
			"_tpl": "5737207f24597760ff7b25f2",
			"parentId": "5ec3f47b4782e749ea3f82a0",
			"slotId": "cartridges",
			"upd": {
				"StackObjectsCount": 3
			}
		}
	]
}