{
	"Id": "Loot 131 (3)504274",
	"IsStatic": false,
	"useGravity": true,
	"randomRotation": false,
	"Position": {
		"x": 174.542,
		"y": 3.637,
		"z": 185.321
	},
	"Rotation": {
		"x": 8.53773656e-7,
		"y": 18.0212479,
		"z": 0
	},
	"IsGroupPosition": false,
	"GroupPositions": [],
	"Root": "5ec3f47b4782e749ea3f8274",
	"Items": [
		{
			"_id": "5ec3f47b4782e749ea3f8274",
			"_tpl": "5737250c2459776125652acc"
		},
		{
			"_id": "5ec3f47b4782e749ea3f8275",
			"_tpl": "573719df2459775a626ccbc2",
			"parentId": "5ec3f47b4782e749ea3f8274",
			"slotId": "cartridges",
			"upd": {
				"StackObjectsCount": 16
			}
		}
	]
}