{
	"Id": "Loot 131 (3)504274",
	"IsStatic": false,
	"useGravity": true,
	"randomRotation": false,
	"Position": {
		"x": 174.542,
		"y": 3.637,
		"z": 185.321
	},
	"Rotation": {
		"x": 8.53773656e-7,
		"y": 18.0212479,
		"z": 0
	},
	"IsGroupPosition": false,
	"GroupPositions": [],
	"Root": "5ec3f4454782e749ea3f76f9",
	"Items": [
		{
			"_id": "5ec3f4454782e749ea3f76f9",
			"_tpl": "5649ed104bdc2d3d1c8b458b"
		},
		{
			"_id": "5ec3f4454782e749ea3f76fa",
			"_tpl": "5656d7c34bdc2d9d198b4587",
			"parentId": "5ec3f4454782e749ea3f76f9",
			"slotId": "cartridges",
			"upd": {
				"StackObjectsCount": 30
			}
		}
	]
}