{
	"_id": "5656eb674bdc2d35148b457c",
	"_name": "40 VOG-25",
	"_parent": "5485a8684bdc2da71d8b4567",
	"_type": "Item",
	"_props": {
		"Name": "40 мм ВОГ-25",
		"ShortName": "40mm",
		"Description": "40 мм ВОГ-25",
		"Weight": 0.25,
		"BackgroundColor": "red",
		"Width": 1,
		"Height": 1,
		"StackMaxSize":  500,
		"Rarity": "Common",
		"SpawnChance": 1,
		"CreditsPrice": 2000,
		"ItemSound": "ammo_launcher",
		"Prefab": {
			"path": "assets/content/items/ammo/patrons/patron_vog25_40mm.bundle",
			"rcid": ""
		},
		"UsePrefab": {
			"path": "",
			"rcid": ""
		},
		"StackObjectsCount": 1,
		"NotShownInSlot": false,
		"ExaminedByDefault": true,
		"ExamineTime": 1,
		"IsUndiscardable": false,
		"IsUnsaleable": false,
		"IsUnbuyable": false,
		"IsUngivable": false,
		"IsLockedafterEquip": false,
		"QuestItem": false,
		"LootExperience": 0,
		"ExamineExperience": 10,
		"HideEntrails": false,
		"RepairCost": 0,
		"RepairSpeed": 0,
		"ExtraSizeLeft": 0,
		"ExtraSizeRight": 0,
		"ExtraSizeUp": 0,
		"ExtraSizeDown": 0,
		"ExtraSizeForceAdd": false,
		"MergesWithChildren": false,
		"CanSellOnRagfair": true,
		"CanRequireOnRagfair": true,
		"BannedFromRagfair": false,
		"ConflictingItems": [],
		"FixedPrice": false,
		"Unlootable": false,
		"UnlootableFromSlot": "FirstPrimaryWeapon",
		"UnlootableFromSide": [],
		"ChangePriceCoef": 1,
		"AllowSpawnOnLocations": [],
		"SendToClient": false,
		"AnimationVariantsNumber": 0,
		"DiscardingBlock": false,
		"StackMinRandom": 1,
		"StackMaxRandom": 1,
		"ammoType": "grenade",
		"Damage": 0,
		"ammoAccr": 0,
		"ammoRec": 0,
		"ammoDist": 0,
		"buckshotBullets": 0,
		"PenetrationPower": 0,
		"PenetrationPowerDiviation": 0,
		"ammoHear": 0,
		"ammoSfx": "standart",
		"MisfireChance": 0.01,
		"MinFragmentsCount": 0,
		"MaxFragmentsCount": 0,
		"ammoShiftChance": 0,
		"casingName": "40 мм ВОГ-25",
		"casingEjectPower": 0,
		"casingMass": 0,
		"casingSounds": "40mmgrenade",
		"ProjectileCount": 1,
		"InitialSpeed": 76,
		"PenetrationChance": 0,
		"RicochetChance": 0,
		"FragmentationChance": 0,
		"BallisticCoeficient": 1,
		"Deterioration": 1,
		"SpeedRetardation": 0,
		"Tracer": false,
		"TracerColor": "red",
		"TracerDistance": 0,
		"ArmorDamage": 68,
		"Caliber": "Caliber40mmRU",
		"StaminaBurnPerDamage": 0.5,
		"ShowBullet": false,
		"HasGrenaderComponent": false,
		"FuzeArmTimeSec": 0,
		"ExplosionStrength": 0,
		"MinExplosionDistance": 0,
		"MaxExplosionDistance": 0,
		"FragmentsCount": 0,
		"FragmentType": "5996f6d686f77467977ba6cc",
		"ShowHitEffectOnExplode": false,
		"ExplosionType": "",
		"AmmoLifeTimeSec": 40
	}
}