{
	"_id": "5736026a245977644601dc61",
	"_name": "patron_762x25tt_P_Gl",
	"_parent": "5485a8684bdc2da71d8b4567",
	"_type": "Item",
	"_props": {
		"Name": "patron_762x25tt_P_Gl",
		"ShortName": "patron_762x25tt_P_Gl",
		"Description": "patron_762x25tt_P_Gl",
		"Weight": 0.01,
		"BackgroundColor": "red",
		"Width": 1,
		"Height": 1,
		"StackMaxSize":  500,
		"Rarity": "Not_exist",
		"SpawnChance": 50,
		"CreditsPrice": 52,
		"ItemSound": "ammo_singleround",
		"Prefab": {
			"path": "assets/content/items/ammo/patrons/patron_762x25tt_p_gl.bundle",
			"rcid": ""
		},
		"UsePrefab": {
			"path": "",
			"rcid": ""
		},
		"StackObjectsCount": 1,
		"NotShownInSlot": false,
		"ExaminedByDefault": true,
		"ExamineTime": 1,
		"IsUndiscardable": false,
		"IsUnsaleable": false,
		"IsUnbuyable": false,
		"IsUngivable": false,
		"IsLockedafterEquip": false,
		"QuestItem": false,
		"LootExperience": 0,
		"ExamineExperience": 10,
		"HideEntrails": false,
		"RepairCost": 0,
		"RepairSpeed": 0,
		"ExtraSizeLeft": 0,
		"ExtraSizeRight": 0,
		"ExtraSizeUp": 0,
		"ExtraSizeDown": 0,
		"ExtraSizeForceAdd": false,
		"MergesWithChildren": false,
		"CanSellOnRagfair": true,
		"CanRequireOnRagfair": true,
		"BannedFromRagfair": false,
		"ConflictingItems": [],
		"FixedPrice": false,
		"Unlootable": false,
		"UnlootableFromSlot": "FirstPrimaryWeapon",
		"UnlootableFromSide": [],
		"ChangePriceCoef": 1,
		"AllowSpawnOnLocations": [],
		"SendToClient": false,
		"AnimationVariantsNumber": 0,
		"DiscardingBlock": false,
		"StackMinRandom": 1,
		"StackMaxRandom": 20,
		"ammoType": "bullet",
		"Damage": 58,
		"ammoAccr": 0,
		"ammoRec": 0,
		"ammoDist": 0,
		"buckshotBullets": 0,
		"PenetrationPower": 10,
		"PenetrationPowerDiviation": 0.07,
		"ammoHear": 0,
		"ammoSfx": "standart",
		"MisfireChance": 0.02,
		"MinFragmentsCount": 2,
		"MaxFragmentsCount": 3,
		"ammoShiftChance": 0,
		"casingName": "",
		"casingEjectPower": 1,
		"casingMass": 10,
		"casingSounds": "rifle762",
		"ProjectileCount": 1,
		"InitialSpeed": 430,
		"PenetrationChance": 0.17,
		"RicochetChance": 0.065,
		"FragmentationChance": 0.25,
		"BallisticCoeficient": 1,
		"Deterioration": 1,
		"SpeedRetardation": 0.00005,
		"Tracer": false,
		"TracerColor": "red",
		"TracerDistance": 0,
		"ArmorDamage": 32,
		"Caliber": "Caliber762x25TT",
		"StaminaBurnPerDamage": 0.5,
		"ShowBullet": false,
		"HasGrenaderComponent": false,
		"FuzeArmTimeSec": 0,
		"ExplosionStrength": 0,
		"MinExplosionDistance": 0,
		"MaxExplosionDistance": 0,
		"FragmentsCount": 0,
		"FragmentType": "5996f6d686f77467977ba6cc",
		"ShowHitEffectOnExplode": false,
		"ExplosionType": "",
		"AmmoLifeTimeSec": 5
	},
	"_proto": "573602322459776445391df1"
}