{
    "Hydration": {
        "Current": 190,
        "Maximum": 190
    },
    "Energy": {
        "Current": 190,
        "Maximum": 190
    },
    "BodyParts": {
        "Head": {
            "Health": {
                "Current": 85,
                "Maximum": 85
            }
        },
        "Chest": {
            "Health": {
                "Current": 275,
                "Maximum": 275
            }
        },
        "Stomach": {
            "Health": {
                "Current": 190,
                "Maximum": 190
            }
        },
        "LeftArm": {
            "Health": {
                "Current": 190,
                "Maximum": 190
            }
        },
        "RightArm": {
            "Health": {
                "Current": 190,
                "Maximum": 190
            }
        },
        "LeftLeg": {
            "Health": {
                "Current": 190,
                "Maximum": 190
            }
        },
        "RightLeg": {
            "Health": {
                "Current": 190,
                "Maximum": 190
            }
        }
    }
}