{
	"Id": "Loot 19 (7)506350",
	"IsStatic": false,
	"useGravity": true,
	"randomRotation": false,
	"Position": {
		"x": 316.964,
		"y": 2.388,
		"z": -182.758
	},
	"Rotation": {
		"x": -4.26886828e-7,
		"y": 37.8216743,
		"z": 0
	},
	"IsGroupPosition": false,
	"GroupPositions": [],
	"Root": "5ec3f44ff1794b250e7954eb",
	"Items": [
		{
			"_id": "5ec3f44ff1794b250e7954eb",
			"_tpl": "544a5cde4bdc2d39388b456b"
		},
		{
			"_id": "5ec3f44ff1794b250e7954ec",
			"_tpl": "591ae8f986f77406f854be45",
			"parentId": "5ec3f44ff1794b250e7954eb",
			"slotId": "main",
			"location": {
				"x": 0,
				"y": 0,
				"r": 0
			}
		}
	]
}