{
	"Id": "Loot 135 (8)507058",
	"IsStatic": false,
	"useGravity": true,
	"randomRotation": true,
	"Position": {
		"x": 184.605,
		"y": 6.351,
		"z": 183.604
	},
	"Rotation": {
		"x": 0.00000170754731,
		"y": 134.652985,
		"z": 0
	},
	"IsGroupPosition": false,
	"GroupPositions": [],
	"Root": "5ec3f4454782e749ea3f7702",
	"Items": [
		{
			"_id": "5ec3f4454782e749ea3f7702",
			"_tpl": "59fafd4b86f7745ca07e1232"
		},
		{
			"_id": "5ec3f4454782e749ea3f7703",
			"_tpl": "593aa4be86f77457f56379f8",
			"parentId": "5ec3f4454782e749ea3f7702",
			"slotId": "main",
			"location": {
				"x": 0,
				"y": 0,
				"r": 0
			}
		},
		{
			"_id": "5ec3f4454782e749ea3f7704",
			"_tpl": "5938994586f774523a425196",
			"parentId": "5ec3f4454782e749ea3f7702",
			"slotId": "main",
			"location": {
				"x": 1,
				"y": 0,
				"r": 0
			}
		}
	]
}