{
	"Id": "Loot 135 (8)507058",
	"IsStatic": false,
	"useGravity": true,
	"randomRotation": true,
	"Position": {
		"x": 184.605,
		"y": 6.351,
		"z": 183.604
	},
	"Rotation": {
		"x": 0.00000170754731,
		"y": 134.652985,
		"z": 0
	},
	"IsGroupPosition": false,
	"GroupPositions": [],
	"Root": "5ec3f47521ff7644ae6a3235",
	"Items": [
		{
			"_id": "5ec3f47521ff7644ae6a3235",
			"_tpl": "59fb023c86f7746d0d4b423c"
		},
		{
			"_id": "5ec3f47521ff7644ae6a3236",
			"_tpl": "5d6e68a8a4b9360b6c0d54e2",
			"parentId": "5ec3f47521ff7644ae6a3235",
			"slotId": "main",
			"location": {
				"x": 0,
				"y": 0,
				"r": 0
			},
			"upd": {
				"StackObjectsCount": 7
			}
		}
	]
}