{
	"Id": "Loot 135 (8)507058",
	"IsStatic": false,
	"useGravity": true,
	"randomRotation": true,
	"Position": {
		"x": 184.605,
		"y": 6.351,
		"z": 183.604
	},
	"Rotation": {
		"x": 0.00000170754731,
		"y": 134.652985,
		"z": 0
	},
	"IsGroupPosition": false,
	"GroupPositions": [],
	"Root": "5ec3f44a35cb9040e335f4d5",
	"Items": [
		{
			"_id": "5ec3f44a35cb9040e335f4d5",
			"_tpl": "5abccb7dd8ce87001773e277"
		},
		{
			"_id": "5ec3f44a35cb9040e335f4d6",
			"_tpl": "5a17fb03fcdbcbcae668728f",
			"parentId": "5ec3f44a35cb9040e335f4d5",
			"slotId": "mod_magazine"
		},
		{
			"_id": "5ec3f44a35cb9040e335f4dc",
			"_tpl": "573719762459775a626ccbc1",
			"parentId": "5ec3f44a35cb9040e335f4d6",
			"slotId": "cartridges",
			"upd": {
				"StackObjectsCount": 11
			}
		},
		{
			"_id": "5ec3f44a35cb9040e335f4d7",
			"_tpl": "5a17fb9dfcdbcbcae6687291",
			"parentId": "5ec3f44a35cb9040e335f4d5",
			"slotId": "mod_stock"
		},
		{
			"_id": "5ec3f44a35cb9040e335f4d8",
			"_tpl": "5a17fc70fcdbcb0176308b3d",
			"parentId": "5ec3f44a35cb9040e335f4d5",
			"slotId": "mod_pistol_grip"
		},
		{
			"_id": "5ec3f44a35cb9040e335f4d9",
			"_tpl": "5aba62f8d8ce87001943946b",
			"parentId": "5ec3f44a35cb9040e335f4d5",
			"slotId": "mod_sight_front"
		},
		{
			"_id": "5ec3f44a35cb9040e335f4da",
			"_tpl": "5aba639ed8ce8700182ece67",
			"parentId": "5ec3f44a35cb9040e335f4d5",
			"slotId": "mod_sight_rear"
		},
		{
			"_id": "5ec3f44a35cb9040e335f4db",
			"_tpl": "5abcc328d8ce8700194394f3",
			"parentId": "5ec3f44a35cb9040e335f4d5",
			"slotId": "mod_muzzle"
		}
	]
}