{
	"_id": "5857a8bc2459772bad15db29",
	"_name": "Gamma container",
	"_parent": "5448bf274bdc2dfc2f8b456a",
	"_type": "Item",
	"_props": {
		"Name": "Защищенный DEVELOPER контейнер",
		"ShortName": "dev-secured",
		"Description": "",
		"Weight": 1.2,
		"BackgroundColor": "red",
		"Width": 3,
		"Height": 3,
		"StackMaxSize": 1,
		"Rarity": "Not_exist",
		"SpawnChance": 50,
		"CreditsPrice": 2401,
		"ItemSound": "container_case",
		"Prefab": {
			"path": "assets/content/items/containers/plano_pistol_case/item_plano_pistol_case.bundle",
			"rcid": ""
		},
		"UsePrefab": {
			"path": "",
			"rcid": ""
		},
		"StackObjectsCount": 1,
		"NotShownInSlot": false,
		"ExaminedByDefault": true,
		"ExamineTime": 1,
		"IsUndiscardable": false,
		"IsUnsaleable": false,
		"IsUnbuyable": false,
		"IsUngivable": false,
		"IsLockedafterEquip": false,
		"QuestItem": false,
		"LootExperience": 20,
		"ExamineExperience": 10,
		"HideEntrails": true,
		"RepairCost": 0,
		"RepairSpeed": 0,
		"ExtraSizeLeft": 0,
		"ExtraSizeRight": 0,
		"ExtraSizeUp": 0,
		"ExtraSizeDown": 0,
		"ExtraSizeForceAdd": false,
		"MergesWithChildren": false,
		"CanSellOnRagfair": false,
		"CanRequireOnRagfair": false,
		"BannedFromRagfair": true,
		"ConflictingItems": [],
		"FixedPrice": false,
		"Unlootable": false,
		"UnlootableFromSlot": "FirstPrimaryWeapon",
		"UnlootableFromSide": [],
		"ChangePriceCoef": 1,
		"AllowSpawnOnLocations": [],
		"SendToClient": false,
		"AnimationVariantsNumber": 0,
		"DiscardingBlock": true,
		"Grids": [
			{
				"_name": "main",
				"_id": "5857a8bc2459772bad15db2a",
				"_parent": "5857a8bc2459772bad15db29",
				"_props": {
					"filters": [],
					"cellsH": 3,
					"cellsV": 3,
					"minCount": 0,
					"maxCount": 0,
					"maxWeight": 0
				},
				"_proto": "55d329c24bdc2d892f8b4567"
			}
		],
		"Slots": [],
		"CanPutIntoDuringTheRaid": true,
		"CantRemoveFromSlotsDuringRaid": [
			"SecuredContainer"
		],
		"SearchSound": "techno_box_looting_01",
		"BlocksArmorVest": false,
		"containType": [],
		"sizeWidth": 3,
		"sizeHeight": 3,
		"isSecured": true,
		"spawnTypes": "None",
		"lootFilter": [],
		"spawnRarity": "Common",
		"minCountSpawn": 0,
		"maxCountSpawn": 0,
		"openedByKeyID": []
	},
	"_proto": "544a11ac4bdc2d470e8b456a"
}