{
	"_id": "5c0558060db834001b735271",
	"_name": "nvg_l3_gpnvg-18_anvis",
	"_parent": "5a2c3a9486f774688b05e574",
	"_type": "Item",
	"_props": {
		"Name": "nvg_l3_gpnvg-18_anvis",
		"ShortName": "nvg_l3_gpnvg-18_anvis",
		"Description": "nvg_l3_gpnvg-18_anvis",
		"Weight": 0.88,
		"BackgroundColor": "default",
		"Width": 2,
		"Height": 1,
		"StackMaxSize": 1,
		"Rarity": "Not_exist",
		"SpawnChance": 1,
		"CreditsPrice": 145004,
		"ItemSound": "gear_goggles",
		"Prefab": {
			"path": "assets/content/items/equipment/customizable/gpnvg/nvg_l3_gpnvg-18_anvis.bundle",
			"rcid": ""
		},
		"UsePrefab": {
			"path": "",
			"rcid": ""
		},
		"StackObjectsCount": 1,
		"NotShownInSlot": false,
		"ExaminedByDefault": false,
		"ExamineTime": 1,
		"IsUndiscardable": false,
		"IsUnsaleable": false,
		"IsUnbuyable": false,
		"IsUngivable": false,
		"IsLockedafterEquip": false,
		"QuestItem": false,
		"LootExperience": 20,
		"ExamineExperience": 10,
		"HideEntrails": false,
		"RepairCost": 0,
		"RepairSpeed": 0,
		"ExtraSizeLeft": 0,
		"ExtraSizeRight": 0,
		"ExtraSizeUp": 0,
		"ExtraSizeDown": 0,
		"ExtraSizeForceAdd": false,
		"MergesWithChildren": false,
		"CanSellOnRagfair": true,
		"CanRequireOnRagfair": true,
		"BannedFromRagfair": false,
		"ConflictingItems": [
			"5a16b672fcdbcb001912fa83",
			"5a16b7e1fcdbcb00165aa6c9",
			"5e00cdd986f7747473332240",
			"5e01f37686f774773c6f6c15"
		],
		"FixedPrice": false,
		"Unlootable": false,
		"UnlootableFromSlot": "FirstPrimaryWeapon",
		"UnlootableFromSide": [],
		"ChangePriceCoef": 1,
		"AllowSpawnOnLocations": [],
		"SendToClient": false,
		"AnimationVariantsNumber": 0,
		"DiscardingBlock": false,
		"Grids": [],
		"Slots": [],
		"CanPutIntoDuringTheRaid": true,
		"CantRemoveFromSlotsDuringRaid": [],
		"Durability": 100,
		"Accuracy": 0,
		"Recoil": 0,
		"Loudness": 0,
		"EffectiveDistance": 0,
		"Ergonomics": 0,
		"Velocity": 0,
		"RaidModdable": true,
		"ToolModdable": false,
		"BlocksFolding": false,
		"BlocksCollapsible": false,
		"IsAnimated": false,
		"HasShoulderContact": false,
		"SightingRange": 0,
		"sightModType": "iron",
		"variableZoom": false,
		"varZoomCount": 0,
		"varZoomAdd": 0,
		"aimingSensitivity": 0.2,
		"SightModesCount": 1,
		"OpticCalibrationDistances": [
			50,
			100,
			150,
			200
		],
		"Intensity": 2.27,
		"Mask": "Anvis",
		"MaskSize": 10,
		"NoiseIntensity": 0,
		"NoiseScale": 0,
		"Color": {
			"r": 83,
			"g": 255,
			"b": 69,
			"a": 254
		},
		"DiffuseIntensity": 0.0115,
		"HasHinge": true
	},
	"_proto": "557ff21e4bdc2d89578b4586"
}