{
	"Id": "Lootable_00002",
	"IsStatic": true,
	"useGravity": true,
	"randomRotation": false,
	"Position": {
		"x": 0,
		"y": 0,
		"z": 0
	},
	"Rotation": {
		"x": 0,
		"y": 0,
		"z": 0
	},
	"IsGroupPosition": false,
	"GroupPositions": [],
	"Root": "5ec3f47621ff7644ae6a33f6",
	"Items": [
		{
			"_id": "5ec3f47621ff7644ae6a33f6",
			"_tpl": "578f8778245977358849a9b5"
		},
		{
			"_id": "5ec3f47721ff7644ae6a33f7",
			"_tpl": "5734770f24597738025ee254",
			"parentId": "5ec3f47621ff7644ae6a33f6",
			"slotId": "main",
			"location": {
				"x": 0,
				"y": 0,
				"r": 0
			}
		}
	]
}