{
	"Id": "Lootable_00002",
	"IsStatic": true,
	"useGravity": true,
	"randomRotation": false,
	"Position": {
		"x": 0,
		"y": 0,
		"z": 0
	},
	"Rotation": {
		"x": 0,
		"y": 0,
		"z": 0
	},
	"IsGroupPosition": false,
	"GroupPositions": [],
	"Root": "5ec3f451f1794b250e795681",
	"Items": [
		{
			"_id": "5ec3f451f1794b250e795681",
			"_tpl": "578f8778245977358849a9b5"
		},
		{
			"_id": "5ec3f451f1794b250e795682",
			"_tpl": "5780cda02459777b272ede61",
			"parentId": "5ec3f451f1794b250e795681",
			"slotId": "main",
			"location": {
				"x": 0,
				"y": 0,
				"r": 0
			}
		}
	]
}