{
	"Id": "Lootable_00002",
	"IsStatic": true,
	"useGravity": true,
	"randomRotation": false,
	"Position": {
		"x": 0,
		"y": 0,
		"z": 0
	},
	"Rotation": {
		"x": 0,
		"y": 0,
		"z": 0
	},
	"IsGroupPosition": false,
	"GroupPositions": [],
	"Root": "5ec3f4474782e749ea3f78a6",
	"Items": [
		{
			"_id": "5ec3f4474782e749ea3f78a6",
			"_tpl": "578f8778245977358849a9b5"
		},
		{
			"_id": "5ec3f4474782e749ea3f78a7",
			"_tpl": "5e2af2bc86f7746d3f3c33fc",
			"parentId": "5ec3f4474782e749ea3f78a6",
			"slotId": "main",
			"location": {
				"x": 0,
				"y": 0,
				"r": 0
			}
		},
		{
			"_id": "5ec3f4474782e749ea3f78a8",
			"_tpl": "573475fb24597737fb1379e1",
			"parentId": "5ec3f4474782e749ea3f78a6",
			"slotId": "main",
			"location": {
				"x": 1,
				"y": 0,
				"r": 0
			}
		}
	]
}