{
	"_id": "5d5c1f25d582a5479d4ec458",
	"areaType": 10,
	"requirements": [
		{
			"areaType": 10,
			"requiredLevel": 2,
			"type": "Area"
		},
		{
			"templateId": "56dff3afd2720bba668b4567",
			"count": 80,
			"isFunctional": false,
			"type": "Item"
		},
		{
			"templateId": "57347c5b245977448d35f6e1",
			"count": 1,
			"isFunctional": false,
			"type": "Item"
		}
	],
	"continuous": false,
	"productionTime": 0,
	"endProduct": "56dff2ced2720bb4668b4567",
	"count": 240,
	"productionLimitCount": 0
}