{
	"_id": "5d78dbfb65aebb016d20b6f3",
	"areaType": 10,
	"requirements": [
		{
			"areaType": 10,
			"requiredLevel": 2,
			"type": "Area"
		},
		{
			"templateId": "5d1c819a86f774771b0acd6c",
			"count": 1,
			"isFunctional": false,
			"type": "Item"
		},
		{
			"templateId": "5648b1504bdc2d9d488b4584",
			"count": 1,
			"isFunctional": false,
			"type": "Item"
		},
		{
			"templateId": "5ac50c185acfc400163398d4",
			"count": 1,
			"isFunctional": false,
			"type": "Item"
		}
	],
	"continuous": false,
	"productionTime": 0,
	"endProduct": "5ac4cd105acfc40016339859",
	"count": 1,
	"productionLimitCount": 0
}