{
	"_id": "5d8a13fc2d9612419804003c",
	"areaType": 8,
	"requirements": [
		{
			"templateId": "5448ff904bdc2d6f028b456e",
			"count": 2,
			"isFunctional": false,
			"type": "Item"
		},
		{
			"templateId": "57347d7224597744596b4e72",
			"count": 1,
			"isFunctional": false,
			"type": "Item"
		},
		{
			"templateId": "57347d8724597744596b4e76",
			"count": 1,
			"isFunctional": false,
			"type": "Item"
		},
		{
			"areaType": 8,
			"requiredLevel": 1,
			"type": "Area"
		}
	],
	"continuous": false,
	"productionTime": 0,
	"endProduct": "590c5d4b86f774784e1b9c45",
	"count": 2,
	"productionLimitCount": 0
}