{
	"_id": "5d8a1da22fe9381f1a5581cd",
	"areaType": 10,
	"requirements": [
		{
			"templateId": "59e4d3d286f774176a36250a",
			"count": 60,
			"isFunctional": false,
			"type": "Item"
		},
		{
			"templateId": "5d6fc78386f77449d825f9dc",
			"count": 1,
			"isFunctional": false,
			"type": "Item"
		},
		{
			"templateId": "590c346786f77423e50ed342",
			"count": 1,
			"isFunctional": false,
			"type": "Item"
		},
		{
			"areaType": 10,
			"requiredLevel": 2,
			"type": "Area"
		}
	],
	"continuous": false,
	"productionTime": 0,
	"endProduct": "57a0e5022459774d1673f889",
	"count": 200,
	"productionLimitCount": 0
}