{
	"_id": "5d8f614c9ea122564c316462",
	"areaType": 7,
	"requirements": [
		{
			"areaType": 7,
			"requiredLevel": 3,
			"type": "Area"
		},
		{
			"templateId": "5af0548586f7743a532b7e99",
			"count": 1,
			"isFunctional": false,
			"type": "Item"
		},
		{
			"templateId": "5751a89d24597722aa0e8db0",
			"count": 1,
			"isFunctional": false,
			"type": "Item"
		},
		{
			"templateId": "5d1b3a5d86f774252167ba22",
			"count": 2,
			"isFunctional": false,
			"type": "Item"
		}
	],
	"continuous": false,
	"productionTime": 0,
	"endProduct": "5c0e530286f7747fa1419862",
	"count": 7,
	"productionLimitCount": 0
}