{
	"_id": "5dc1f7de6058e020335c9d88",
	"areaType": 8,
	"requirements": [
		{
			"areaType": 8,
			"requiredLevel": 2,
			"type": "Area"
		},
		{
			"templateId": "57505f6224597709a92585a9",
			"count": 1,
			"isFunctional": false,
			"type": "Item"
		},
		{
			"templateId": "57347d90245977448f7b7f65",
			"count": 1,
			"isFunctional": false,
			"type": "Item"
		},
		{
			"templateId": "5448ff904bdc2d6f028b456e",
			"count": 1,
			"isFunctional": false,
			"type": "Item"
		}
	],
	"continuous": false,
	"productionTime": 0,
	"endProduct": "544fb6cc4bdc2d34748b456e",
	"count": 7,
	"productionLimitCount": 0
}