{
	"_id": "5dceb6964a98801ba2075d27",
	"areaType": 10,
	"requirements": [
		{
			"areaType": 10,
			"requiredLevel": 3,
			"type": "Area"
		},
		{
			"templateId": "5d6fc87386f77449db3db94e",
			"count": 3,
			"isFunctional": false,
			"type": "Item"
		},
		{
			"templateId": "5d1c774f86f7746d6620f8db",
			"count": 1,
			"isFunctional": false,
			"type": "Item"
		}
	],
	"continuous": false,
	"productionTime": 0,
	"endProduct": "5a6086ea4f39f99cd479502f",
	"count": 130,
	"productionLimitCount": 0
}