{
	"_id": "5dd3c9c8449c0c31795b0f0b",
	"areaType": 10,
	"requirements": [
		{
			"templateId": "590c5a7286f7747884343aea",
			"count": 1,
			"isFunctional": false,
			"type": "Item"
		},
		{
			"templateId": "5d6fc78386f77449d825f9dc",
			"count": 1,
			"isFunctional": false,
			"type": "Item"
		},
		{
			"templateId": "57347b8b24597737dd42e192",
			"count": 1,
			"isFunctional": false,
			"type": "Item"
		},
		{
			"areaType": 10,
			"requiredLevel": 1,
			"type": "Area"
		}
	],
	"continuous": false,
	"productionTime": 0,
	"endProduct": "5d6fc87386f77449db3db94e",
	"count": 2,
	"productionLimitCount": 0
}