{
	"_id": "5dd3c8ff2293e74c897ce6a8",
	"areaType": 10,
	"requirements": [
		{
			"areaType": 10,
			"requiredLevel": 3,
			"type": "Area"
		},
		{
			"templateId": "5d6fc87386f77449db3db94e",
			"count": 1,
			"isFunctional": false,
			"type": "Item"
		},
		{
			"templateId": "590a386e86f77429692b27ab",
			"count": 2,
			"isFunctional": false,
			"type": "Item"
		}
	],
	"continuous": false,
	"productionTime": 0,
	"endProduct": "5d6e68a8a4b9360b6c0d54e2",
	"count": 120,
	"productionLimitCount": 0
}