{
	"_id": "5de95f1c9517b140195ab717",
	"areaType": 10,
	"requirements": [
		{
			"templateId": "5d63d33b86f7746ea9275524",
			"count": 1,
			"isFunctional": false,
			"type": "Item"
		},
		{
			"templateId": "5af0561e86f7745f5f3ad6ac",
			"count": 1,
			"isFunctional": false,
			"type": "Item"
		},
		{
			"areaType": 10,
			"requiredLevel": 2,
			"type": "Area"
		}
	],
	"continuous": false,
	"productionTime": 0,
	"endProduct": "590a358486f77429692b2790",
	"count": 2,
	"productionLimitCount": 0
}