{
	"_id": "5de950a845b5d67bad6e9ef7",
	"areaType": 10,
	"requirements": [
		{
			"areaType": 10,
			"requiredLevel": 1,
			"type": "Area"
		},
		{
			"templateId": "57347cd0245977445a2d6ff1",
			"count": 2,
			"isFunctional": false,
			"type": "Item"
		},
		{
			"templateId": "5c06779c86f77426e00dd782",
			"count": 2,
			"isFunctional": false,
			"type": "Item"
		},
		{
			"templateId": "5734795124597738002c6176",
			"count": 1,
			"isFunctional": false,
			"type": "Item"
		}
	],
	"continuous": false,
	"productionTime": 0,
	"endProduct": "59e36c6f86f774176c10a2a7",
	"count": 2,
	"productionLimitCount": 0
}