{
	"_id": "5de95c91225b0a76ca0ea0b7",
	"areaType": 10,
	"requirements": [
		{
			"templateId": "59e35de086f7741778269d84",
			"count": 2,
			"isFunctional": false,
			"type": "Item"
		},
		{
			"templateId": "5d63d33b86f7746ea9275524",
			"count": 1,
			"isFunctional": false,
			"type": "Item"
		},
		{
			"templateId": "590c2d8786f774245b1f03f3",
			"count": 1,
			"isFunctional": false,
			"type": "Item"
		},
		{
			"areaType": 10,
			"requiredLevel": 2,
			"type": "Area"
		}
	],
	"continuous": false,
	"productionTime": 0,
	"endProduct": "5d1b2fa286f77425227d1674",
	"count": 1,
	"productionLimitCount": 0
}