{
	"_id": "5de951483c52683d810b4a10",
	"areaType": 10,
	"requirements": [
		{
			"areaType": 10,
			"requiredLevel": 1,
			"type": "Area"
		},
		{
			"templateId": "5d63d33b86f7746ea9275524",
			"count": 1,
			"isFunctional": false,
			"type": "Item"
		},
		{
			"templateId": "5734781f24597737e04bf32a",
			"count": 1,
			"isFunctional": false,
			"type": "Item"
		}
	],
	"continuous": false,
	"productionTime": 0,
	"endProduct": "590a3b0486f7743954552bdb",
	"count": 2,
	"productionLimitCount": 0
}