{
	"_id": "5dea63e21ecdbf7668030f24",
	"areaType": 10,
	"requirements": [
		{
			"areaType": 10,
			"requiredLevel": 2,
			"type": "Area"
		},
		{
			"templateId": "5d03794386f77420415576f5",
			"count": 1,
			"isFunctional": false,
			"type": "Item"
		},
		{
			"templateId": "544fb5454bdc2df8738b456a",
			"count": 1,
			"isFunctional": false,
			"type": "Item"
		}
	],
	"continuous": false,
	"productionTime": 0,
	"endProduct": "5733279d245977289b77ec24",
	"count": 5,
	"productionLimitCount": 0
}