{
	"_id": "5e075ac73c392e0367260489",
	"areaType": 21,
	"requirements": [
		{
			"areaType": 21,
			"requiredLevel": 1,
			"type": "Area"
		},
		{
			"templateId": "5df8a77486f77412672a1e3f",
			"count": 10,
			"isFunctional": false,
			"type": "Item"
		},
		{
			"templateId": "5df8a72c86f77412640e2e83",
			"count": 10,
			"isFunctional": false,
			"type": "Item"
		}
	],
	"continuous": false,
	"productionTime": 0,
	"endProduct": "59fb023c86f7746d0d4b423c",
	"count": 1,
	"productionLimitCount": 0
}