{
	"_id": "5d78d81757c9b8484a2bcb99",
	"areaType": 10,
	"requirements": [
		{
			"areaType": 10,
			"requiredLevel": 3,
			"type": "Area"
		},
		{
			"templateId": "590c5a7286f7747884343aea",
			"count": 2,
			"isFunctional": false,
			"type": "Item"
		},
		{
			"templateId": "5d6fc78386f77449d825f9dc",
			"count": 1,
			"isFunctional": false,
			"type": "Item"
		}
	],
	"continuous": false,
	"productionTime": 0,
	"endProduct": "5c0d5ae286f7741e46554302",
	"count": 200,
	"productionLimitCount": 0
}