{
	"_id": "5d8a1568df9fc649e81b8b1b",
	"areaType": 8,
	"requirements": [
		{
			"areaType": 8,
			"requiredLevel": 2,
			"type": "Area"
		},
		{
			"templateId": "573475fb24597737fb1379e1",
			"count": 1,
			"isFunctional": false,
			"type": "Item"
		},
		{
			"templateId": "5bc9be8fd4351e00334cae6e",
			"count": 1,
			"isFunctional": false,
			"type": "Item"
		}
	],
	"continuous": false,
	"productionTime": 0,
	"endProduct": "573476f124597737e04bf328",
	"count": 5,
	"productionLimitCount": 0
}