{
	"_id": "5d8a1a7d7a3dfe597c2e459e",
	"areaType": 7,
	"requirements": [
		{
			"templateId": "544fb37f4bdc2dee738b4567",
			"count": 1,
			"isFunctional": false,
			"type": "Item"
		},
		{
			"templateId": "544fb25a4bdc2dfb738b4567",
			"count": 1,
			"isFunctional": false,
			"type": "Item"
		},
		{
			"templateId": "544fb3364bdc2d34748b456a",
			"count": 1,
			"isFunctional": false,
			"type": "Item"
		},
		{
			"areaType": 7,
			"requiredLevel": 1,
			"type": "Area"
		}
	],
	"continuous": false,
	"productionTime": 0,
	"endProduct": "544fb45d4bdc2dee738b4568",
	"count": 1,
	"productionLimitCount": 0
}