{
	"_id": "5d8f7cc588a8334b29697b60",
	"areaType": 10,
	"requirements": [
		{
			"areaType": 10,
			"requiredLevel": 3,
			"type": "Area"
		},
		{
			"templateId": "5d6fc87386f77449db3db94e",
			"count": 1,
			"isFunctional": false,
			"type": "Item"
		},
		{
			"templateId": "5c06779c86f77426e00dd782",
			"count": 4,
			"isFunctional": false,
			"type": "Item"
		}
	],
	"continuous": false,
	"productionTime": 0,
	"endProduct": "5c0d56a986f774449d5de529",
	"count": 180,
	"productionLimitCount": 0
}