{
	"_id": "5d93ba4486f77454bd61d2a9",
	"areaType": 2,
	"requirements": [
		{
			"areaType": 2,
			"requiredLevel": 3,
			"type": "Area"
		},
		{
			"templateId": "590c595c86f7747884343ad7",
			"count": 2,
			"isFunctional": false,
			"type": "Item"
		},
		{
			"templateId": "5d1b385e86f774252167b98a",
			"count": 2,
			"isFunctional": false,
			"type": "Item"
		},
		{
			"templateId": "590c2e1186f77425357b6124",
			"count": 1,
			"isFunctional": false,
			"type": "Item"
		}
	],
	"continuous": false,
	"productionTime": 0,
	"endProduct": "5d1b2f3f86f774252167a52c",
	"count": 1,
	"productionLimitCount": 0
}