{
	"_id": "5dc1f4d9e078d303d91b44c7",
	"areaType": 8,
	"requirements": [
		{
			"areaType": 8,
			"requiredLevel": 3,
			"type": "Area"
		},
		{
			"templateId": "5d1b33a686f7742523398398",
			"count": 1,
			"isFunctional": false,
			"type": "Item"
		},
		{
			"templateId": "5d1b39a386f774252339976f",
			"count": 1,
			"isFunctional": false,
			"type": "Item"
		}
	],
	"continuous": false,
	"productionTime": 0,
	"endProduct": "5c0fa877d174af02a012e1cf",
	"count": 8,
	"productionLimitCount": 0
}