{
	"_id": "5dceb54c0a835640510472a7",
	"areaType": 10,
	"requirements": [
		{
			"areaType": 10,
			"requiredLevel": 3,
			"type": "Area"
		},
		{
			"templateId": "590c5a7286f7747884343aea",
			"count": 1,
			"isFunctional": false,
			"type": "Item"
		},
		{
			"templateId": "5d6fc78386f77449d825f9dc",
			"count": 1,
			"isFunctional": false,
			"type": "Item"
		},
		{
			"templateId": "5d6fc87386f77449db3db94e",
			"count": 1,
			"isFunctional": false,
			"type": "Item"
		}
	],
	"continuous": false,
	"productionTime": 0,
	"endProduct": "5c0d5e4486f77478390952fe",
	"count": 150,
	"productionLimitCount": 0
}