{
	"_id": "5dcfe2582f9b3d566c7af977",
	"areaType": 2,
	"requirements": [
		{
			"areaType": 2,
			"requiredLevel": 2,
			"type": "Area"
		},
		{
			"templateId": "5d1b39a386f774252339976f",
			"count": 1,
			"isFunctional": false,
			"type": "Item"
		},
		{
			"templateId": "5c06779c86f77426e00dd782",
			"count": 3,
			"isFunctional": false,
			"type": "Item"
		},
		{
			"templateId": "5734795124597738002c6176",
			"count": 3,
			"isFunctional": false,
			"type": "Item"
		}
	],
	"continuous": false,
	"productionTime": 0,
	"endProduct": "59e35cbb86f7741778269d83",
	"count": 2,
	"productionLimitCount": 0
}