{
	"_id": "5dde60e0e2c8f57eb6465327",
	"areaType": 10,
	"requirements": [
		{
			"templateId": "5d0378d486f77420421a5ff4",
			"count": 1,
			"isFunctional": false,
			"type": "Item"
		},
		{
			"templateId": "5d6fc87386f77449db3db94e",
			"count": 1,
			"isFunctional": false,
			"type": "Item"
		},
		{
			"areaType": 10,
			"requiredLevel": 3,
			"type": "Area"
		}
	],
	"continuous": false,
	"productionTime": 0,
	"endProduct": "5c0d688c86f77413ae3407b2",
	"count": 80,
	"productionLimitCount": 0
}