{
	"_id": "5de919ec1b25d85cf30ca39a",
	"areaType": 10,
	"requirements": [
		{
			"areaType": 10,
			"requiredLevel": 2,
			"type": "Area"
		},
		{
			"templateId": "58d3db5386f77426186285a0",
			"count": 2,
			"isFunctional": false,
			"type": "Item"
		},
		{
			"templateId": "5a2a57cfc4a2826c6e06d44a",
			"count": 1,
			"isFunctional": false,
			"type": "Item"
		}
	],
	"continuous": false,
	"productionTime": 0,
	"endProduct": "5d6fc78386f77449d825f9dc",
	"count": 1,
	"productionLimitCount": 0
}