{
	"_id": "5df138986c38ba26da0b3a77",
	"areaType": 10,
	"requirements": [
		{
			"templateId": "5d1b304286f774253763a528",
			"count": 4,
			"isFunctional": false,
			"type": "Item"
		},
		{
			"areaType": 10,
			"requiredLevel": 1,
			"type": "Area"
		},
		{
			"templateId": "590c2d8786f774245b1f03f3",
			"count": 1,
			"isFunctional": false,
			"type": "Item"
		}
	],
	"continuous": false,
	"productionTime": 0,
	"endProduct": "5d1b309586f77425227d1676",
	"count": 4,
	"productionLimitCount": 0
}