{
	"_id": "5df8fe0deddb880fd56f2d7d",
	"areaType": 2,
	"requirements": [
		{
			"areaType": 2,
			"requiredLevel": 2,
			"type": "Area"
		},
		{
			"templateId": "5d40407c86f774318526545a",
			"count": 1,
			"isFunctional": false,
			"type": "Item"
		},
		{
			"templateId": "5d40412b86f7743cb332ac3a",
			"count": 1,
			"isFunctional": false,
			"type": "Item"
		}
	],
	"continuous": false,
	"productionTime": 0,
	"endProduct": "59e358a886f7741776641ac3",
	"count": 1,
	"productionLimitCount": 0
}