{
	"_id": "5df914a53ce0f648b833bb37",
	"areaType": 11,
	"requirements": [
		{
			"templateId": "56742c324bdc2d150f8b456d",
			"count": 1,
			"isFunctional": false,
			"type": "Item"
		},
		{
			"templateId": "5c1265fc86f7743f896a21c2",
			"count": 1,
			"isFunctional": false,
			"type": "Item"
		},
		{
			"templateId": "590c392f86f77444754deb29",
			"count": 1,
			"isFunctional": false,
			"type": "Item"
		},
		{
			"areaType": 11,
			"requiredLevel": 2,
			"type": "Area"
		}
	],
	"continuous": false,
	"productionTime": 0,
	"endProduct": "590c621186f774138d11ea29",
	"count": 3,
	"productionLimitCount": 0
}