{
	"_id": "5e0759e73c392e0367260488",
	"areaType": 21,
	"requirements": [
		{
			"areaType": 21,
			"requiredLevel": 1,
			"type": "Area"
		},
		{
			"templateId": "5df8a72c86f77412640e2e83",
			"count": 1,
			"isFunctional": false,
			"type": "Item"
		},
		{
			"templateId": "5df8a6a186f77412640e2e80",
			"count": 1,
			"isFunctional": false,
			"type": "Item"
		},
		{
			"templateId": "5df8a77486f77412672a1e3f",
			"count": 1,
			"isFunctional": false,
			"type": "Item"
		}
	],
	"continuous": false,
	"productionTime": 0,
	"endProduct": "5dcbd56fdbd3d91b3e5468d5",
	"count": 1,
	"productionLimitCount": 0
}