{
	"_id": "5e13301cc7049d4d9738e1a7",
	"areaType": 7,
	"requirements": [
		{
			"areaType": 7,
			"requiredLevel": 2,
			"type": "Area"
		},
		{
			"templateId": "5755356824597772cb798962",
			"count": 1,
			"isFunctional": false,
			"type": "Item"
		},
		{
			"templateId": "544fb25a4bdc2dfb738b4567",
			"count": 1,
			"isFunctional": false,
			"type": "Item"
		},
		{
			"templateId": "590c695186f7741e566b64a2",
			"count": 1,
			"isFunctional": false,
			"type": "Item"
		}
	],
	"continuous": false,
	"productionTime": 0,
	"endProduct": "5d1b3a5d86f774252167ba22",
	"count": 2,
	"productionLimitCount": 0
}