{
    "Hydration": {
        "Current": 180,
        "Maximum": 180
    },
    "Energy": {
        "Current": 180,
        "Maximum": 180
    },
    "BodyParts": {
        "Head": {
            "Health": {
                "Current": 111,
                "Maximum": 111
            }
        },
        "Chest": {
            "Health": {
                "Current": 248,
                "Maximum": 248
            }
        },
        "Stomach": {
            "Health": {
                "Current": 216,
                "Maximum": 216
            }
        },
        "LeftArm": {
            "Health": {
                "Current": 180,
                "Maximum": 180
            }
        },
        "RightArm": {
            "Health": {
                "Current": 180,
                "Maximum": 180
            }
        },
        "LeftLeg": {
            "Health": {
                "Current": 198,
                "Maximum": 198
            }
        },
        "RightLeg": {
            "Health": {
                "Current": 198,
                "Maximum": 198
            }
        }
    }
}