{
	"Id": "Loot 22506554",
	"IsStatic": false,
	"useGravity": true,
	"randomRotation": false,
	"Position": {
		"x": 17.873,
		"y": 0.165,
		"z": -25.724
	},
	"Rotation": {
		"x": -8.53773656e-7,
		"y": 156.292,
		"z": 0
	},
	"IsGroupPosition": false,
	"GroupPositions": [],
	"Root": "5ec3f47b4782e749ea3f82ac",
	"Items": [
		{
			"_id": "5ec3f47b4782e749ea3f82ac",
			"_tpl": "5447ac644bdc2d6c208b4567"
		},
		{
			"_id": "5ec3f47b4782e749ea3f82ad",
			"_tpl": "54527a984bdc2d4e668b4567",
			"parentId": "5ec3f47b4782e749ea3f82ac",
			"slotId": "cartridges",
			"upd": {
				"StackObjectsCount": 30
			}
		}
	]
}