{
	"_id": "5c093ca986f7740a1867ab12",
	"_name": "item_container_secured_kappa",
	"_parent": "5448bf274bdc2dfc2f8b456a",
	"_type": "Item",
	"_props": {
		"Name": "item_container_secured_kappa",
		"ShortName": "item_container_secured_kappa",
		"Description": "item_container_secured_kappa",
		"Weight": 2,
		"BackgroundColor": "red",
		"Width": 3,
		"Height": 3,
		"StackMaxSize": 1,
		"Rarity": "Not_exist",
		"SpawnChance": 4,
		"CreditsPrice": 5900,
		"ItemSound": "container_plastic",
		"Prefab": {
			"path": "assets/content/items/containers/item_container_secured_kappa/item_container_secured_kappa.bundle",
			"rcid": ""
		},
		"UsePrefab": {
			"path": "",
			"rcid": ""
		},
		"StackObjectsCount": 1,
		"NotShownInSlot": false,
		"ExaminedByDefault": true,
		"ExamineTime": 1,
		"IsUndiscardable": false,
		"IsUnsaleable": false,
		"IsUnbuyable": false,
		"IsUngivable": false,
		"IsLockedafterEquip": false,
		"QuestItem": false,
		"LootExperience": 30,
		"ExamineExperience": 10,
		"HideEntrails": true,
		"RepairCost": 0,
		"RepairSpeed": 0,
		"ExtraSizeLeft": 0,
		"ExtraSizeRight": 0,
		"ExtraSizeUp": 0,
		"ExtraSizeDown": 0,
		"ExtraSizeForceAdd": false,
		"MergesWithChildren": false,
		"CanSellOnRagfair": false,
		"CanRequireOnRagfair": false,
		"BannedFromRagfair": true,
		"ConflictingItems": [],
		"FixedPrice": false,
		"Unlootable": false,
		"UnlootableFromSlot": "FirstPrimaryWeapon",
		"UnlootableFromSide": [],
		"ChangePriceCoef": 1,
		"AllowSpawnOnLocations": [],
		"SendToClient": true,
		"AnimationVariantsNumber": 0,
		"DiscardingBlock": true,
		"Grids": [
			{
				"_name": "main",
				"_id": "5c093ca986f7740a1867ab14",
				"_parent": "5c093ca986f7740a1867ab12",
				"_props": {
					"filters": [],
					"cellsH": 6,
					"cellsV": 6,
					"minCount": 0,
					"maxCount": 0,
					"maxWeight": 0
				},
				"_proto": "55d329c24bdc2d892f8b4567"
			}
		],
		"Slots": [],
		"CanPutIntoDuringTheRaid": true,
		"CantRemoveFromSlotsDuringRaid": [
			"SecuredContainer"
		],
		"SearchSound": "cashregister_looting",
		"BlocksArmorVest": false,
		"containType": [],
		"sizeWidth": 6,
		"sizeHeight": 6,
		"isSecured": true,
		"spawnTypes": "None",
		"lootFilter": [],
		"spawnRarity": "Common",
		"minCountSpawn": 0,
		"maxCountSpawn": 0,
		"openedByKeyID": []
	},
	"_proto": "577e1c9d2459773cd707c525"
}