{
    "name": "50CalMakarov",
    "author": "Deluxxed",
    "license": "none",
    "version": "1.0.0",
    "db": {
      "items": {
        "579204f224597773d619e051": "db/items/579204f224597773d619e051.json",
        "5448c12b4bdc2d02308b456f": "db/items/5448c12b4bdc2d02308b456f.json",
        "5448bd6b4bdc2dfc2f8b4569": "db/items/5448bd6b4bdc2dfc2f8b4569.json",
        "55d485be4bdc2d962f8b456f": "db/items/55d485be4bdc2d962f8b456f.json"
    },
      "assort": {
        "ragfair": {
          "barter_scheme":{},
          "items":{}
        }
      }  
   }   
}