{
	"Id": "Under the table503386",
	"IsStatic": false,
	"useGravity": true,
	"randomRotation": false,
	"Position": {
		"x": 219.359,
		"y": 0.056,
		"z": 59.711
	},
	"Rotation": {
		"x": 2.66804268e-8,
		"y": 179.504242,
		"z": 0
	},
	"IsGroupPosition": false,
	"GroupPositions": [],
	"Root": "5ec3f47521ff7644ae6a329f",
	"Items": [
		{
			"_id": "5ec3f47521ff7644ae6a329f",
			"_tpl": "57d14d2524597714373db789"
		},
		{
			"_id": "5ec3f47521ff7644ae6a32a0",
			"_tpl": "57d152ec245977144076ccdf",
			"parentId": "5ec3f47521ff7644ae6a329f",
			"slotId": "mod_pistol_grip"
		},
		{
			"_id": "5ec3f47521ff7644ae6a32a1",
			"_tpl": "57d1519e24597714373db79d",
			"parentId": "5ec3f47521ff7644ae6a329f",
			"slotId": "mod_magazine"
		},
		{
			"_id": "5ec3f47521ff7644ae6a32a2",
			"_tpl": "573719762459775a626ccbc1",
			"parentId": "5ec3f47521ff7644ae6a32a1",
			"slotId": "cartridges",
			"upd": {
				"StackObjectsCount": 21
			}
		}
	]
}