{
	"_id": "543be6564bdc2df4348b4568",
	"_name": "ThrowWeap",
	"_parent": "54009119af1c881c07000029",
	"_type": "Node",
	"_props": {
		"ThrowType": "frag_grenade",
		"ExplDelay": 5,
		"MinExplosionDistance": 1.5,
		"MaxExplosionDistance": 4,
		"FragmentsCount": 20,
		"FragmentType": "5485a8684bdc2da71d8b4567",
		"Strength": 45,
		"ContusionDistance": 5,
		"throwDamMax": 0,
		"explDelay": 0,
		"Blindness": {
			"x": 0,
			"y": 0,
			"z": 0
		},
		"Contusion": {
			"x": 1.5,
			"y": 4,
			"z": 9
		},
		"EmitTime": 30,
		"CanBeHiddenDuringThrow": true
	}
}