{
	"_id": "5448be9a4bdc2dfd2f8b456a",
	"_name": "РГД-5",
	"_parent": "543be6564bdc2df4348b4568",
	"_type": "Item",
	"_props": {
		"Name": "Граната РГД-5",
		"ShortName": "RGD-5",
		"Description": "РГД-5 (Ручная Граната Дистанционная, модификация 5) относится к противопехотным осколочным ручным гранатам дистанционного действия наступательного типа. Время замедления запала 3,2—4,2 секунды. Так как граната наступательного типа осколки гранаты имеют небольшую массу и соответственно летят на меньшую дальность.",
		"Weight": 0.31,
		"BackgroundColor": "grey",
		"Width": 1,
		"Height": 1,
		"StackMaxSize": 1,
		"Rarity": "Rare",
		"SpawnChance": 5,
		"CreditsPrice": 9935,
		"ItemSound": "grenade",
		"Prefab": {
			"path": "assets/content/weapons/rgd5/weapon_grenade_rgd5_container.bundle",
			"rcid": ""
		},
		"UsePrefab": {
			"path": "",
			"rcid": ""
		},
		"StackObjectsCount": 1,
		"NotShownInSlot": false,
		"ExaminedByDefault": true,
		"ExamineTime": 1,
		"IsUndiscardable": false,
		"IsUnsaleable": false,
		"IsUnbuyable": false,
		"IsUngivable": false,
		"IsLockedafterEquip": false,
		"QuestItem": false,
		"LootExperience": 20,
		"ExamineExperience": 4,
		"HideEntrails": false,
		"RepairCost": 0,
		"RepairSpeed": 0,
		"ExtraSizeLeft": 0,
		"ExtraSizeRight": 0,
		"ExtraSizeUp": 0,
		"ExtraSizeDown": 0,
		"ExtraSizeForceAdd": false,
		"MergesWithChildren": false,
		"CanSellOnRagfair": true,
		"CanRequireOnRagfair": true,
		"BannedFromRagfair": false,
		"ConflictingItems": [],
		"FixedPrice": false,
		"Unlootable": false,
		"UnlootableFromSlot": "FirstPrimaryWeapon",
		"UnlootableFromSide": [],
		"ChangePriceCoef": 1,
		"AllowSpawnOnLocations": [],
		"SendToClient": false,
		"AnimationVariantsNumber": 0,
		"DiscardingBlock": false,
		"ThrowType": "frag_grenade",
		"ExplDelay": 3,
		"MinExplosionDistance": 3,
		"MaxExplosionDistance": 7,
		"FragmentsCount": 100,
		"FragmentType": "5996f6cb86f774678763a6ca",
		"Strength": 110,
		"ContusionDistance": 0,
		"throwDamMax": 0,
		"explDelay": 3.5,
		"Blindness": {
			"x": 0,
			"y": 0,
			"z": 0
		},
		"Contusion": {
			"x": 1.5,
			"y": 4,
			"z": 9
		},
		"EmitTime": 0,
		"CanBeHiddenDuringThrow": true
	}
}