{
	"_id": "544901bf4bdc2ddf018b456d",
	"_name": "Пачка рублей",
	"_parent": "543be5dd4bdc2deb348b4569",
	"_type": "Item",
	"_props": {
		"Name": "Пачка рублей",
		"ShortName": "Roubles",
		"Description": "Пачка пока еще котирующихся российских рублей",
		"Weight": 0.1,
		"BackgroundColor": "green",
		"Width": 1,
		"Height": 1,
		"StackMaxSize": 50000,
		"Rarity": "Not_exist",
		"SpawnChance": 50,
		"CreditsPrice": 0,
		"ItemSound": "item_money",
		"Prefab": {
			"path": "assets/content/items/money/item_money_ruble_big.bundle",
			"rcid": ""
		},
		"UsePrefab": {
			"path": "",
			"rcid": ""
		},
		"StackObjectsCount": 1,
		"NotShownInSlot": false,
		"ExaminedByDefault": true,
		"ExamineTime": 1,
		"IsUndiscardable": false,
		"IsUnsaleable": false,
		"IsUnbuyable": false,
		"IsUngivable": false,
		"IsLockedafterEquip": false,
		"QuestItem": false,
		"LootExperience": 0,
		"ExamineExperience": 10,
		"HideEntrails": false,
		"RepairCost": 0,
		"RepairSpeed": 0,
		"ExtraSizeLeft": 0,
		"ExtraSizeRight": 0,
		"ExtraSizeUp": 0,
		"ExtraSizeDown": 0,
		"ExtraSizeForceAdd": false,
		"MergesWithChildren": false,
		"CanSellOnRagfair": true,
		"CanRequireOnRagfair": true,
		"BannedFromRagfair": false,
		"ConflictingItems": [],
		"FixedPrice": false,
		"Unlootable": false,
		"UnlootableFromSlot": "FirstPrimaryWeapon",
		"UnlootableFromSide": [],
		"ChangePriceCoef": 1,
		"AllowSpawnOnLocations": [],
		"SendToClient": false,
		"AnimationVariantsNumber": 0,
		"DiscardingBlock": false,
		"StackMinRandom": 1200,
		"StackMaxRandom": 3500,
		"type": "RUB",
		"eqMin": 2760,
		"eqMax": 6780,
		"rate": 1
	}
}