{
	"_id": "544a38634bdc2d58388b4568",
	"_name": "muzzle_ar15_colt_usgi_a2_556x45",
	"_parent": "550aa4bf4bdc2dd6348b456b",
	"_type": "Item",
	"_props": {
		"Name": "Пламегаситель Colt USGI A2 5.56x45 для AR-15",
		"ShortName": "5.56x45 AR-15 USGI A2",
		"Description": "Пламегаситель 5.56x45 Colt USGI A2 также известный как Bird Cage (Птичья Клетка) предназначен для установки на оружие на базе AR-15 под патрон 5.56x45. Однако может быть установлен и на другое оружие под тот же калибр, если ствол имеет ту же резьбу для установки дополнительных дульных устройств. Штатно устанавливается на штурмовую винтовку M4A1.",
		"Weight": 0.064,
		"BackgroundColor": "blue",
		"Width": 1,
		"Height": 1,
		"StackMaxSize": 1,
		"Rarity": "Rare",
		"SpawnChance": 3,
		"CreditsPrice": 1340,
		"ItemSound": "mod",
		"Prefab": {
			"path": "assets/content/items/mods/muzzle/muzzle_ar15_colt_usgi_a2_556x45.bundle",
			"rcid": ""
		},
		"UsePrefab": {
			"path": "",
			"rcid": ""
		},
		"StackObjectsCount": 1,
		"NotShownInSlot": false,
		"ExaminedByDefault": true,
		"ExamineTime": 1,
		"IsUndiscardable": false,
		"IsUnsaleable": false,
		"IsUnbuyable": false,
		"IsUngivable": false,
		"IsLockedafterEquip": false,
		"QuestItem": false,
		"LootExperience": 40,
		"ExamineExperience": 5,
		"HideEntrails": false,
		"RepairCost": 0,
		"RepairSpeed": 0,
		"ExtraSizeLeft": 0,
		"ExtraSizeRight": 0,
		"ExtraSizeUp": 0,
		"ExtraSizeDown": 0,
		"ExtraSizeForceAdd": false,
		"MergesWithChildren": true,
		"CanSellOnRagfair": true,
		"CanRequireOnRagfair": true,
		"BannedFromRagfair": false,
		"ConflictingItems": [],
		"FixedPrice": false,
		"Unlootable": false,
		"UnlootableFromSlot": "FirstPrimaryWeapon",
		"UnlootableFromSide": [],
		"ChangePriceCoef": 1,
		"AllowSpawnOnLocations": [],
		"SendToClient": false,
		"AnimationVariantsNumber": 0,
		"DiscardingBlock": false,
		"Grids": [],
		"Slots": [],
		"CanPutIntoDuringTheRaid": true,
		"CantRemoveFromSlotsDuringRaid": [],
		"Durability": 100,
		"Accuracy": 0,
		"Recoil": -5,
		"Loudness": 0,
		"EffectiveDistance": 0,
		"Ergonomics": 0,
		"Velocity": 0.5,
		"RaidModdable": true,
		"ToolModdable": false,
		"BlocksFolding": false,
		"BlocksCollapsible": false,
		"IsAnimated": false,
		"HasShoulderContact": false,
		"SightingRange": 0,
		"muzzleModType": "brake"
	}
}