{
	"_id": "544fb45d4bdc2dee738b4568",
	"_name": "salewa",
	"_parent": "5448f39d4bdc2d0a728b4568",
	"_type": "Item",
	"_props": {
		"Name": "Аптечка Salewa FIRST AID KIT",
		"ShortName": "Salewa",
		"Description": "",
		"Weight": 0.6,
		"BackgroundColor": "orange",
		"Width": 1,
		"Height": 2,
		"StackMaxSize": 1,
		"Rarity": "Rare",
		"SpawnChance": 12,
		"CreditsPrice": 11789,
		"ItemSound": "med_medkit",
		"Prefab": {
			"path": "assets/content/weapons/usable_items/item_meds_salewa/item_meds_salewa_loot.bundle",
			"rcid": ""
		},
		"UsePrefab": {
			"path": "assets/content/weapons/usable_items/item_meds_salewa/item_meds_salewa_container.bundle",
			"rcid": ""
		},
		"StackObjectsCount": 1,
		"NotShownInSlot": false,
		"ExaminedByDefault": true,
		"ExamineTime": 1,
		"IsUndiscardable": false,
		"IsUnsaleable": false,
		"IsUnbuyable": false,
		"IsUngivable": false,
		"IsLockedafterEquip": false,
		"QuestItem": false,
		"LootExperience": 20,
		"ExamineExperience": 6,
		"HideEntrails": false,
		"RepairCost": 0,
		"RepairSpeed": 0,
		"ExtraSizeLeft": 0,
		"ExtraSizeRight": 0,
		"ExtraSizeUp": 0,
		"ExtraSizeDown": 0,
		"ExtraSizeForceAdd": false,
		"MergesWithChildren": false,
		"CanSellOnRagfair": true,
		"CanRequireOnRagfair": true,
		"BannedFromRagfair": false,
		"ConflictingItems": [],
		"FixedPrice": false,
		"Unlootable": false,
		"UnlootableFromSlot": "FirstPrimaryWeapon",
		"UnlootableFromSide": [],
		"ChangePriceCoef": 1,
		"AllowSpawnOnLocations": [],
		"SendToClient": false,
		"AnimationVariantsNumber": 2,
		"DiscardingBlock": false,
		"medUseTime": 3,
		"medEffectType": "duringUse",
		"MaxHpResource": 400,
		"hpResourceRate": 85,
		"StimulatorBuffs": "",
		"effects_health": {
			"common": {
				"value": 0,
				"percent": false,
				"time": 0,
				"duration": 0
			},
			"head": {
				"value": 0,
				"percent": false,
				"time": 0,
				"duration": 0
			},
			"arm_left": {
				"value": 0,
				"percent": false,
				"time": 0,
				"duration": 0
			},
			"arm_right": {
				"value": 0,
				"percent": false,
				"time": 0,
				"duration": 0
			},
			"chest": {
				"value": 0,
				"percent": false,
				"time": 0,
				"duration": 0
			},
			"tummy": {
				"value": 0,
				"percent": false,
				"time": 0,
				"duration": 0
			},
			"leg_left": {
				"value": 0,
				"percent": false,
				"time": 0,
				"duration": 0
			},
			"leg_right": {
				"value": 0,
				"percent": false,
				"time": 0,
				"duration": 0
			},
			"energy": {
				"value": 0,
				"percent": false,
				"time": 0,
				"duration": 0
			},
			"hydration": {
				"value": 0,
				"percent": false,
				"time": 0,
				"duration": 0
			}
		},
		"effects_damage": {
			"bloodloss": {
				"remove": true,
				"time": 0,
				"duration": 0,
				"fadeOut": 0,
				"cost": 30
			},
			"fracture": {
				"remove": false,
				"time": 0,
				"duration": 0,
				"fadeOut": 0,
				"cost": 0
			},
			"pain": {
				"remove": false,
				"time": 0,
				"duration": 0,
				"fadeOut": 0,
				"cost": 0
			},
			"contusion": {
				"remove": false,
				"time": 0,
				"duration": 0,
				"fadeOut": 0,
				"cost": 0
			},
			"toxication": {
				"remove": false,
				"time": 0,
				"duration": 0,
				"fadeOut": 0,
				"cost": 0
			},
			"radExposure": {
				"remove": false,
				"time": 0,
				"duration": 0,
				"fadeOut": 0,
				"cost": 0
			}
		}
	}
}