{
	"_id": "544fb62a4bdc2dfb738b4568",
	"_name": "juice_army",
	"_parent": "5448e8d64bdc2dce718b4568",
	"_type": "Item",
	"_props": {
		"Name": "Пачка армейского сока (яблочный)",
		"ShortName": "Apple juice",
		"Description": "сок сочок",
		"Weight": 1,
		"BackgroundColor": "default",
		"Width": 1,
		"Height": 2,
		"StackMaxSize": 1,
		"Rarity": "Rare",
		"SpawnChance": 22,
		"CreditsPrice": 1135,
		"ItemSound": "food_juice_carton",
		"Prefab": {
			"path": "assets/content/weapons/usable_items/item_tetrapak/item_juice_army_loot.bundle",
			"rcid": ""
		},
		"UsePrefab": {
			"path": "assets/content/weapons/usable_items/item_tetrapak/item_juice_army_container.bundle",
			"rcid": ""
		},
		"StackObjectsCount": 1,
		"NotShownInSlot": false,
		"ExaminedByDefault": true,
		"ExamineTime": 1,
		"IsUndiscardable": false,
		"IsUnsaleable": false,
		"IsUnbuyable": false,
		"IsUngivable": false,
		"IsLockedafterEquip": false,
		"QuestItem": false,
		"LootExperience": 10,
		"ExamineExperience": 10,
		"HideEntrails": false,
		"RepairCost": 0,
		"RepairSpeed": 0,
		"ExtraSizeLeft": 0,
		"ExtraSizeRight": 0,
		"ExtraSizeUp": 0,
		"ExtraSizeDown": 0,
		"ExtraSizeForceAdd": false,
		"MergesWithChildren": false,
		"CanSellOnRagfair": true,
		"CanRequireOnRagfair": true,
		"BannedFromRagfair": false,
		"ConflictingItems": [],
		"FixedPrice": false,
		"Unlootable": false,
		"UnlootableFromSlot": "FirstPrimaryWeapon",
		"UnlootableFromSide": [],
		"ChangePriceCoef": 1,
		"AllowSpawnOnLocations": [],
		"SendToClient": false,
		"AnimationVariantsNumber": 0,
		"DiscardingBlock": false,
		"foodUseTime": 3,
		"foodEffectType": "afterUse",
		"MaxResource": 1,
		"StimulatorBuffs": "Buffs_drink_juice_army",
		"effects_health": {
			"common": {
				"value": 0,
				"percent": false,
				"time": 0,
				"duration": 0
			},
			"head": {
				"value": 0,
				"percent": false,
				"time": 0,
				"duration": 0
			},
			"arm_left": {
				"value": 0,
				"percent": false,
				"time": 0,
				"duration": 0
			},
			"arm_right": {
				"value": 0,
				"percent": false,
				"time": 0,
				"duration": 0
			},
			"chest": {
				"value": 0,
				"percent": false,
				"time": 0,
				"duration": 0
			},
			"tummy": {
				"value": 0,
				"percent": false,
				"time": 0,
				"duration": 0
			},
			"leg_left": {
				"value": 0,
				"percent": false,
				"time": 0,
				"duration": 0
			},
			"leg_right": {
				"value": 0,
				"percent": false,
				"time": 0,
				"duration": 0
			},
			"energy": {
				"value": 8,
				"percent": false,
				"time": 0,
				"duration": 0
			},
			"hydration": {
				"value": 30,
				"percent": false,
				"time": 0,
				"duration": 0
			}
		},
		"effects_damage": {
			"bloodloss": {
				"remove": false,
				"time": 0,
				"duration": 0
			},
			"fracture": {
				"remove": false,
				"time": 0,
				"duration": 0
			},
			"pain": {
				"remove": false,
				"time": 0,
				"duration": 0
			},
			"contusion": {
				"remove": false,
				"time": 0,
				"duration": 0
			},
			"toxication": {
				"remove": false,
				"time": 0,
				"duration": 0
			},
			"radExposure": {
				"remove": false,
				"time": 0,
				"duration": 0
			}
		},
		"effects_speed": {
			"mobility": {
				"value": 0,
				"percent": false,
				"time": 0,
				"duration": 0
			},
			"recoil": {
				"value": 0,
				"percent": false,
				"time": 0,
				"duration": 0
			},
			"reloadSpeed": {
				"value": 0,
				"percent": false,
				"time": 0,
				"duration": 0
			},
			"lootSpeed": {
				"value": 0,
				"percent": false,
				"time": 0,
				"duration": 0
			},
			"unlockSpeed": {
				"value": 0,
				"percent": false,
				"time": 0,
				"duration": 0
			}
		}
	}
}