{
	"_id": "557ff21e4bdc2d89578b4586",
	"_name": "Goggles",
	"_parent": "5448e5724bdc2ddf718b4568",
	"_type": "Item",
	"_props": {
		"Name": "Tactical glasses",
		"ShortName": "TGlass",
		"Description": "Стандартные тактические очки",
		"Weight": 0.1,
		"BackgroundColor": "default",
		"Width": 2,
		"Height": 1,
		"StackMaxSize": 1,
		"Rarity": "Rare",
		"SpawnChance": 6,
		"CreditsPrice": 1669,
		"ItemSound": "gear_goggles",
		"Prefab": {
			"path": "assets/content/items/equipment/glasses_protective/item_equipment_glasses_protective.bundle",
			"rcid": ""
		},
		"UsePrefab": {
			"path": "",
			"rcid": ""
		},
		"StackObjectsCount": 1,
		"NotShownInSlot": false,
		"ExaminedByDefault": true,
		"ExamineTime": 1,
		"IsUndiscardable": false,
		"IsUnsaleable": false,
		"IsUnbuyable": false,
		"IsUngivable": false,
		"IsLockedafterEquip": false,
		"QuestItem": false,
		"LootExperience": 20,
		"ExamineExperience": 10,
		"HideEntrails": false,
		"RepairCost": 0,
		"RepairSpeed": 0,
		"ExtraSizeLeft": 0,
		"ExtraSizeRight": 0,
		"ExtraSizeUp": 0,
		"ExtraSizeDown": 0,
		"ExtraSizeForceAdd": false,
		"MergesWithChildren": false,
		"CanSellOnRagfair": true,
		"CanRequireOnRagfair": true,
		"BannedFromRagfair": false,
		"ConflictingItems": [],
		"FixedPrice": false,
		"Unlootable": false,
		"UnlootableFromSlot": "FirstPrimaryWeapon",
		"UnlootableFromSide": [],
		"ChangePriceCoef": 1,
		"AllowSpawnOnLocations": [],
		"SendToClient": false,
		"AnimationVariantsNumber": 0,
		"DiscardingBlock": false,
		"Grids": [],
		"Slots": [],
		"CanPutIntoDuringTheRaid": true,
		"CantRemoveFromSlotsDuringRaid": [],
		"BlocksEarpiece": false,
		"BlocksEyewear": false,
		"BlocksHeadwear": false,
		"BlocksFaceCover": false,
		"Durability": 0,
		"MaxDurability": 0,
		"armorClass": "0",
		"speedPenaltyPercent": 0,
		"mousePenalty": 0,
		"weaponErgonomicPenalty": 0,
		"armorZone": [],
		"Indestructibility": 0.9,
		"headSegments": [],
		"FaceShieldComponent": false,
		"FaceShieldMask": "NoMask",
		"HasHinge": false,
		"MaterialType": "BodyArmor",
		"RicochetParams": {
			"x": 0,
			"y": 0,
			"z": 80
		},
		"DeafStrength": "None",
		"BluntThroughput": 0,
		"ArmorMaterial": "UHMWPE"
	}
}