{
	"_id": "55d4ae6c4bdc2d8b2f8b456e",
	"_name": "stock_ar15_high_standart_m4ss",
	"_parent": "55818a594bdc2db9688b456a",
	"_type": "Item",
	"_props": {
		"Name": "Приклад High Standard M4SS",
		"ShortName": "M4SS",
		"Description": "Телескопический приклад High Standard M4SS во всем повторяет классический приклад M4A1 за исключением мелких деталей в геометрии.",
		"Weight": 0.695,
		"BackgroundColor": "blue",
		"Width": 2,
		"Height": 1,
		"StackMaxSize": 1,
		"Rarity": "Not_exist",
		"SpawnChance": 4,
		"CreditsPrice": 3119,
		"ItemSound": "mod",
		"Prefab": {
			"path": "assets/content/items/mods/stocks/stock_ar15_high_standart_m4ss.bundle",
			"rcid": ""
		},
		"UsePrefab": {
			"path": "",
			"rcid": ""
		},
		"StackObjectsCount": 1,
		"NotShownInSlot": false,
		"ExaminedByDefault": true,
		"ExamineTime": 1,
		"IsUndiscardable": false,
		"IsUnsaleable": false,
		"IsUnbuyable": false,
		"IsUngivable": false,
		"IsLockedafterEquip": false,
		"QuestItem": false,
		"LootExperience": 10,
		"ExamineExperience": 4,
		"HideEntrails": false,
		"RepairCost": 0,
		"RepairSpeed": 0,
		"ExtraSizeLeft": 0,
		"ExtraSizeRight": 0,
		"ExtraSizeUp": 0,
		"ExtraSizeDown": 0,
		"ExtraSizeForceAdd": false,
		"MergesWithChildren": true,
		"CanSellOnRagfair": true,
		"CanRequireOnRagfair": true,
		"BannedFromRagfair": false,
		"ConflictingItems": [],
		"FixedPrice": false,
		"Unlootable": false,
		"UnlootableFromSlot": "FirstPrimaryWeapon",
		"UnlootableFromSide": [],
		"ChangePriceCoef": 1,
		"AllowSpawnOnLocations": [],
		"SendToClient": false,
		"AnimationVariantsNumber": 0,
		"DiscardingBlock": false,
		"Grids": [],
		"Slots": [],
		"CanPutIntoDuringTheRaid": true,
		"CantRemoveFromSlotsDuringRaid": [],
		"Durability": 100,
		"Accuracy": 0,
		"Recoil": -32,
		"Loudness": 0,
		"EffectiveDistance": 0,
		"Ergonomics": 3,
		"Velocity": 0,
		"RaidModdable": true,
		"ToolModdable": false,
		"BlocksFolding": false,
		"BlocksCollapsible": false,
		"IsAnimated": false,
		"HasShoulderContact": true,
		"SightingRange": 0,
		"IsShoulderContact": false,
		"Foldable": false,
		"Retractable": false,
		"SizeReduceRight": 0
	}
}