{
	"_id": "55d614004bdc2d86028b4568",
	"_name": "silencer_socom_surefire_socom556_monster_556x45",
	"_parent": "550aa4cd4bdc2dd8348b456c",
	"_type": "Item",
	"_props": {
		"Name": "Глушитель Surefire SOCOM556-MONSTER 5.56х45",
		"ShortName": "MONSTER",
		"Description": "Глушитель Surefire SOCOM556-MONSTER для патронов калибром 5.56х45 .223. Может быть установлен только на совместимые дульные устройства Surefire.",
		"Weight": 0.496,
		"BackgroundColor": "blue",
		"Width": 2,
		"Height": 1,
		"StackMaxSize": 1,
		"Rarity": "Not_exist",
		"SpawnChance": 8,
		"CreditsPrice": 43000,
		"ItemSound": "mod",
		"Prefab": {
			"path": "assets/content/items/mods/silencers/silencer_socom_surefire_socom556_monster_556x45.bundle",
			"rcid": ""
		},
		"UsePrefab": {
			"path": "",
			"rcid": ""
		},
		"StackObjectsCount": 1,
		"NotShownInSlot": false,
		"ExaminedByDefault": true,
		"ExamineTime": 1,
		"IsUndiscardable": false,
		"IsUnsaleable": false,
		"IsUnbuyable": false,
		"IsUngivable": false,
		"IsLockedafterEquip": false,
		"QuestItem": false,
		"LootExperience": 20,
		"ExamineExperience": 4,
		"HideEntrails": false,
		"RepairCost": 0,
		"RepairSpeed": 0,
		"ExtraSizeLeft": 1,
		"ExtraSizeRight": 0,
		"ExtraSizeUp": 0,
		"ExtraSizeDown": 0,
		"ExtraSizeForceAdd": true,
		"MergesWithChildren": true,
		"CanSellOnRagfair": true,
		"CanRequireOnRagfair": true,
		"BannedFromRagfair": false,
		"ConflictingItems": [],
		"FixedPrice": false,
		"Unlootable": false,
		"UnlootableFromSlot": "FirstPrimaryWeapon",
		"UnlootableFromSide": [],
		"ChangePriceCoef": 1,
		"AllowSpawnOnLocations": [],
		"SendToClient": false,
		"AnimationVariantsNumber": 0,
		"DiscardingBlock": false,
		"Grids": [],
		"Slots": [],
		"CanPutIntoDuringTheRaid": true,
		"CantRemoveFromSlotsDuringRaid": [],
		"Durability": 100,
		"Accuracy": -1,
		"Recoil": -5,
		"Loudness": 0,
		"EffectiveDistance": 0,
		"Ergonomics": -7,
		"Velocity": 0.75,
		"RaidModdable": true,
		"ToolModdable": false,
		"BlocksFolding": false,
		"BlocksCollapsible": false,
		"IsAnimated": false,
		"HasShoulderContact": false,
		"SightingRange": 0,
		"muzzleModType": "silencer"
	},
	"_proto": "54490a4d4bdc2dbc018b4573"
}