{
	"_id": "56083e1b4bdc2dc8488b4572",
	"_name": "sight_rear_sv-98_izhmash_std",
	"_parent": "55818ac54bdc2d5b648b456e",
	"_type": "Item",
	"_props": {
		"Name": "Целик ИжМаш СВ-98",
		"ShortName": "Целик СВ-98",
		"Description": "Стандартный целик для снайперской винтовки СВ-98 производства Ижмаш.",
		"Weight": 0.03,
		"BackgroundColor": "blue",
		"Width": 1,
		"Height": 1,
		"StackMaxSize": 1,
		"Rarity": "Not_exist",
		"SpawnChance": 50,
		"CreditsPrice": 999,
		"ItemSound": "mod",
		"Prefab": {
			"path": "assets/content/items/mods/sights rear/sight_rear_sv-98_izhmash_std.bundle",
			"rcid": ""
		},
		"UsePrefab": {
			"path": "",
			"rcid": ""
		},
		"StackObjectsCount": 1,
		"NotShownInSlot": false,
		"ExaminedByDefault": true,
		"ExamineTime": 1,
		"IsUndiscardable": false,
		"IsUnsaleable": false,
		"IsUnbuyable": false,
		"IsUngivable": false,
		"IsLockedafterEquip": false,
		"QuestItem": false,
		"LootExperience": 20,
		"ExamineExperience": 2,
		"HideEntrails": false,
		"RepairCost": 0,
		"RepairSpeed": 0,
		"ExtraSizeLeft": 0,
		"ExtraSizeRight": 0,
		"ExtraSizeUp": 0,
		"ExtraSizeDown": 0,
		"ExtraSizeForceAdd": false,
		"MergesWithChildren": true,
		"CanSellOnRagfair": true,
		"CanRequireOnRagfair": true,
		"BannedFromRagfair": false,
		"ConflictingItems": [
			"57ac965c24597706be5f975c",
			"57aca93d2459771f2c7e26db",
			"544a3f024bdc2d1d388b4568",
			"591c4efa86f7741030027726",
			"570fd79bd2720bc7458b4583",
			"570fd6c2d2720bc6458b457f",
			"5b2389515acfc4771e1be0c0",
			"5a37ca54c4a282000d72296a",
			"5aa66a9be5b5b0214e506e89",
			"5aa66c72e5b5b00016327c93"
		],
		"FixedPrice": false,
		"Unlootable": false,
		"UnlootableFromSlot": "FirstPrimaryWeapon",
		"UnlootableFromSide": [],
		"ChangePriceCoef": 1,
		"AllowSpawnOnLocations": [],
		"SendToClient": false,
		"AnimationVariantsNumber": 0,
		"DiscardingBlock": false,
		"Grids": [],
		"Slots": [],
		"CanPutIntoDuringTheRaid": true,
		"CantRemoveFromSlotsDuringRaid": [],
		"Durability": 100,
		"Accuracy": 0,
		"Recoil": 0,
		"Loudness": 0,
		"EffectiveDistance": 0,
		"Ergonomics": 0,
		"Velocity": 0,
		"RaidModdable": true,
		"ToolModdable": false,
		"BlocksFolding": false,
		"BlocksCollapsible": false,
		"IsAnimated": false,
		"HasShoulderContact": false,
		"SightingRange": 500,
		"sightModType": "iron",
		"variableZoom": false,
		"varZoomCount": 0,
		"varZoomAdd": 0,
		"aimingSensitivity": 0.65,
		"SightModesCount": 1,
		"OpticCalibrationDistances": [
			100
		]
	},
	"_proto": "55d5f46a4bdc2d1b198b4567"
}