{
	"_id": "5648b2414bdc2d3b4c8b4578",
	"_name": "handguard_ak_ultimak_m1b_std_plastic",
	"_parent": "55818a104bdc2db9688b4569",
	"_type": "Item",
	"_props": {
		"Name": "Газоотводная трубка UltiMAK M1-B для АК",
		"ShortName": "M1-B",
		"Description": "M1-B производства компании Ultimac, заменяет собой только штатную газоотводную трубку превращая её в направляющую для крепления прицелов. Нижняя часть цевья остается прежней, в данном случае установлена на полимерное цевье АК-74. Дополнительно крепится к стволу для большей надежности.",
		"Weight": 0.1,
		"BackgroundColor": "blue",
		"Width": 1,
		"Height": 1,
		"StackMaxSize": 1,
		"Rarity": "Not_exist",
		"SpawnChance": 0,
		"CreditsPrice": 8100,
		"ItemSound": "mod",
		"Prefab": {
			"path": "assets/content/items/mods/handguards/handguard_ak_ultimak_m1b_std_plastic.bundle",
			"rcid": ""
		},
		"UsePrefab": {
			"path": "",
			"rcid": ""
		},
		"StackObjectsCount": 1,
		"NotShownInSlot": false,
		"ExaminedByDefault": true,
		"ExamineTime": 1,
		"IsUndiscardable": false,
		"IsUnsaleable": false,
		"IsUnbuyable": false,
		"IsUngivable": false,
		"IsLockedafterEquip": false,
		"QuestItem": false,
		"LootExperience": 10,
		"ExamineExperience": 3,
		"HideEntrails": false,
		"RepairCost": 0,
		"RepairSpeed": 0,
		"ExtraSizeLeft": 0,
		"ExtraSizeRight": 0,
		"ExtraSizeUp": 0,
		"ExtraSizeDown": 0,
		"ExtraSizeForceAdd": false,
		"MergesWithChildren": true,
		"CanSellOnRagfair": true,
		"CanRequireOnRagfair": true,
		"BannedFromRagfair": false,
		"ConflictingItems": [],
		"FixedPrice": false,
		"Unlootable": false,
		"UnlootableFromSlot": "FirstPrimaryWeapon",
		"UnlootableFromSide": [],
		"ChangePriceCoef": 1,
		"AllowSpawnOnLocations": [],
		"SendToClient": false,
		"AnimationVariantsNumber": 0,
		"DiscardingBlock": false,
		"Grids": [],
		"Slots": [
			{
				"_name": "mod_scope",
				"_id": "5649d6614bdc2d1b2b8b458c",
				"_parent": "5648b2414bdc2d3b4c8b4578",
				"_props": {
					"filters": [
						{
							"Shift": 0,
							"Filter": [
								"591c4efa86f7741030027726",
								"570fd79bd2720bc7458b4583",
								"570fd6c2d2720bc6458b457f",
								"558022b54bdc2dac148b458d",
								"58491f3324597764bc48fa02",
								"584924ec24597768f12ae244",
								"5b30b0dc5acfc400153b7124",
								"5d2da1e948f035477b1ce2ba",
								"584984812459776a704a82a6",
								"59f9d81586f7744c7506ee62",
								"570fd721d2720bc5458b4596",
								"57ae0171245977343c27bfcf",
								"57fd23e32459772d0805bcf1",
								"544909bb4bdc2d6f028b4577",
								"58d39d3d86f77445bb794ae7",
								"577d128124597739d65d0e56",
								"58d2664f86f7747fec5834f6",
								"5649a2464bdc2d91118b45a8",
								"5a33b2c9c4a282000c5a9511"
							]
						}
					]
				},
				"_required": false,
				"_mergeSlotWithChildren": false,
				"_proto": "55d30c4c4bdc2db4468b457e"
			}
		],
		"CanPutIntoDuringTheRaid": true,
		"CantRemoveFromSlotsDuringRaid": [],
		"Durability": 100,
		"Accuracy": 0,
		"Recoil": -2,
		"Loudness": 0,
		"EffectiveDistance": 0,
		"Ergonomics": 8,
		"Velocity": 0,
		"RaidModdable": false,
		"ToolModdable": true,
		"BlocksFolding": false,
		"BlocksCollapsible": false,
		"IsAnimated": false,
		"HasShoulderContact": false,
		"SightingRange": 0
	},
	"_proto": "5648b1504bdc2d9d488b4584"
}