{
	"_id": "5649ab884bdc2ded0b8b457f",
	"_name": "muzzle_ak_zenit_dtk1_762x39_545x39",
	"_parent": "550aa4bf4bdc2dd6348b456b",
	"_type": "Item",
	"_props": {
		"Name": "Дульный тормоз компенсатор Зенит ДТК-1 7.62х39 и 5.45x39 для АК",
		"ShortName": "ДТК-1 АК",
		"Description": "Дульный тормоз-компенсатор ДТК-1 от компании Зенит предназначен для установки на АК совметимое оружие калибра 7.62х39 и 5.45х39. Понижает отдачу и компенсирует подброс оружия. Корона на окончании дтк предназначена для разбития каленого стекла.",
		"Weight": 0.128,
		"BackgroundColor": "blue",
		"Width": 1,
		"Height": 1,
		"StackMaxSize": 1,
		"Rarity": "Superrare",
		"SpawnChance": 10,
		"CreditsPrice": 4230,
		"ItemSound": "mod",
		"Prefab": {
			"path": "assets/content/items/mods/muzzle/muzzle_ak_zenit_dtk1_762x39_545x39.bundle",
			"rcid": ""
		},
		"UsePrefab": {
			"path": "",
			"rcid": ""
		},
		"StackObjectsCount": 1,
		"NotShownInSlot": false,
		"ExaminedByDefault": true,
		"ExamineTime": 1,
		"IsUndiscardable": false,
		"IsUnsaleable": false,
		"IsUnbuyable": false,
		"IsUngivable": false,
		"IsLockedafterEquip": false,
		"QuestItem": false,
		"LootExperience": 34,
		"ExamineExperience": 5,
		"HideEntrails": false,
		"RepairCost": 0,
		"RepairSpeed": 0,
		"ExtraSizeLeft": 0,
		"ExtraSizeRight": 0,
		"ExtraSizeUp": 0,
		"ExtraSizeDown": 0,
		"ExtraSizeForceAdd": false,
		"MergesWithChildren": true,
		"CanSellOnRagfair": true,
		"CanRequireOnRagfair": true,
		"BannedFromRagfair": false,
		"ConflictingItems": [],
		"FixedPrice": false,
		"Unlootable": false,
		"UnlootableFromSlot": "FirstPrimaryWeapon",
		"UnlootableFromSide": [],
		"ChangePriceCoef": 1,
		"AllowSpawnOnLocations": [],
		"SendToClient": false,
		"AnimationVariantsNumber": 0,
		"DiscardingBlock": false,
		"Grids": [],
		"Slots": [],
		"CanPutIntoDuringTheRaid": true,
		"CantRemoveFromSlotsDuringRaid": [],
		"Durability": 100,
		"Accuracy": 0,
		"Recoil": -7,
		"Loudness": 0,
		"EffectiveDistance": 0,
		"Ergonomics": 0,
		"Velocity": 0.4,
		"RaidModdable": true,
		"ToolModdable": false,
		"BlocksFolding": false,
		"BlocksCollapsible": false,
		"IsAnimated": false,
		"HasShoulderContact": false,
		"SightingRange": 0,
		"muzzleModType": "brake"
	},
	"_proto": "5649aa744bdc2ded0b8b457e"
}