{
	"_id": "5649af884bdc2d1b2b8b4589",
	"_name": "reciever_ak_zenit_b33",
	"_parent": "55818a304bdc2db5418b457d",
	"_type": "Item",
	"_props": {
		"Name": "Крышка ствольной коробки Зенит Б-33 для АК-74",
		"ShortName": "Б-33",
		"Description": "Цельнофрезерованная крышка ствольной коробки Б-33 от компании Зенит из комплекта обвязки для АК \"Классика\". Может быть установлена только совместно с цевьём Б-10М или Б-30.",
		"Weight": 0.215,
		"BackgroundColor": "blue",
		"Width": 2,
		"Height": 1,
		"StackMaxSize": 1,
		"Rarity": "Rare",
		"SpawnChance": 3,
		"CreditsPrice": 13549,
		"ItemSound": "mod",
		"Prefab": {
			"path": "assets/content/items/mods/recievers/reciever_ak_zenit_b33.bundle",
			"rcid": ""
		},
		"UsePrefab": {
			"path": "",
			"rcid": ""
		},
		"StackObjectsCount": 1,
		"NotShownInSlot": false,
		"ExaminedByDefault": true,
		"ExamineTime": 1,
		"IsUndiscardable": false,
		"IsUnsaleable": false,
		"IsUnbuyable": false,
		"IsUngivable": false,
		"IsLockedafterEquip": false,
		"QuestItem": false,
		"LootExperience": 10,
		"ExamineExperience": 2,
		"HideEntrails": false,
		"RepairCost": 0,
		"RepairSpeed": 0,
		"ExtraSizeLeft": 0,
		"ExtraSizeRight": 0,
		"ExtraSizeUp": 0,
		"ExtraSizeDown": 0,
		"ExtraSizeForceAdd": false,
		"MergesWithChildren": true,
		"CanSellOnRagfair": true,
		"CanRequireOnRagfair": true,
		"BannedFromRagfair": false,
		"ConflictingItems": [
			"5b237e425acfc4771e1be0b6",
			"59ccfdba86f7747f2109a587",
			"5cf656f2d7f00c06585fb6eb",
			"5d4aab30a4b9365435358c55",
			"5947db3f86f77447880cf76f",
			"57486e672459770abd687134",
			"5c82342f2e221644f31c060e",
			"576fd4ec2459777f0b518431",
			"5c82343a2e221644f31c0611",
			"5cf638cbd7f00c06595bc936",
			"5a7c74b3e899ef0014332c29",
			"591ee00d86f774592f7b841e",
			"5d0a29ead7ad1a0026013f27",
			"57acb6222459771ec34b5cb0",
			"5c61a40d2e2216001403158d",
			"5c90c3622e221601da359851",
			"5cf4e3f3d7f00c06595bc7f0",
			"5648ae314bdc2d3d1c8b457f",
			"5d2c829448f0353a5c7d6674",
			"5b800e9286f7747a8b04f3ff",
			"5b80242286f77429445e0b47",
			"5cbda392ae92155f3c17c39f",
			"5cbda9f4ae9215000e5b9bfc",
			"5648b0744bdc2d363b8b4578",
			"5648b1504bdc2d9d488b4584",
			"59d64f2f86f77417193ef8b3",
			"59fb375986f7741b681b81a6",
			"57cff947245977638e6f2a19",
			"57cffd8224597763b03fc609",
			"57cffddc24597763133760c6",
			"57cffe0024597763b03fc60b",
			"57cffe20245977632f391a9d",
			"5c9a07572e221644f31c4b32",
			"5c9a1c3a2e2216000e69fb6a",
			"5c9a1c422e221600106f69f0",
			"59e6284f86f77440d569536f",
			"59e898ee86f77427614bd225",
			"5a9d56c8a2750c0032157146",
			"5d1b198cd7ad1a604869ad72",
			"5d4aaa73a4b9365392071175",
			"5d4aaa54a4b9365392071170",
			"5648b2414bdc2d3b4c8b4578",
			"5c17664f2e2216398b5a7e3c",
			"5c617a5f2e2216000f1e81b3"
		],
		"FixedPrice": false,
		"Unlootable": false,
		"UnlootableFromSlot": "FirstPrimaryWeapon",
		"UnlootableFromSide": [],
		"ChangePriceCoef": 1,
		"AllowSpawnOnLocations": [],
		"SendToClient": false,
		"AnimationVariantsNumber": 0,
		"DiscardingBlock": false,
		"Grids": [],
		"Slots": [
			{
				"_name": "mod_scope",
				"_id": "5649d8de4bdc2d3d1c8b4588",
				"_parent": "5649af884bdc2d1b2b8b4589",
				"_props": {
					"filters": [
						{
							"Shift": 0,
							"Filter": [
								"57ac965c24597706be5f975c",
								"57aca93d2459771f2c7e26db",
								"544a3a774bdc2d3a388b4567",
								"5d2dc3e548f035404a1a4798",
								"57adff4f24597737f373b6e6",
								"5c0517910db83400232ffee5",
								"591c4efa86f7741030027726",
								"570fd79bd2720bc7458b4583",
								"570fd6c2d2720bc6458b457f",
								"558022b54bdc2dac148b458d",
								"5c07dd120db834001c39092d",
								"5c0a2cec0db834001b7ce47d",
								"58491f3324597764bc48fa02",
								"584924ec24597768f12ae244",
								"5b30b0dc5acfc400153b7124",
								"5d2da1e948f035477b1ce2ba",
								"5c0505e00db834001b735073",
								"584984812459776a704a82a6",
								"59f9d81586f7744c7506ee62",
								"570fd721d2720bc5458b4596",
								"57ae0171245977343c27bfcf",
								"5dfe6104585a0c3e995c7b82",
								"5d1b5e94d7ad1a2b865a96b0",
								"58d39d3d86f77445bb794ae7",
								"5c7d55f52e221644f31bff6a",
								"5b3b6dc75acfc47a8773fb1e",
								"5b2389515acfc4771e1be0c0",
								"577d128124597739d65d0e56",
								"5c86592b2e2216000e69e77c",
								"5a37ca54c4a282000d72296a",
								"5d0a29fed7ad1a002769ad08",
								"5c064c400db834001d23f468",
								"58d2664f86f7747fec5834f6",
								"57c69dd424597774c03b7bbc",
								"5b3b99265acfc4704b4a1afb",
								"5aa66a9be5b5b0214e506e89",
								"5aa66c72e5b5b00016327c93",
								"5c1cdd302e221602b3137250",
								"5b31163c5acfc400153b71cb",
								"5a33b652c4a28232996e407c",
								"5a33b2c9c4a282000c5a9511",
								"59db7eed86f77461f8380365",
								"5a1ead28fcdbcb001912fa9f",
								"5dff77c759400025ea5150cf"
							]
						}
					]
				},
				"_required": false,
				"_mergeSlotWithChildren": false,
				"_proto": "55d30c4c4bdc2db4468b457e"
			}
		],
		"CanPutIntoDuringTheRaid": true,
		"CantRemoveFromSlotsDuringRaid": [],
		"Durability": 100,
		"Accuracy": 0,
		"Recoil": 0,
		"Loudness": 0,
		"EffectiveDistance": 0,
		"Ergonomics": 7,
		"Velocity": 0,
		"RaidModdable": false,
		"ToolModdable": true,
		"BlocksFolding": false,
		"BlocksCollapsible": false,
		"IsAnimated": false,
		"HasShoulderContact": false,
		"SightingRange": 0
	},
	"_proto": "5649af094bdc2df8348b4586"
}