{
	"_id": "5649d9a14bdc2d79388b4580",
	"_name": "sight_rear_ak_tactica_tula_tt01",
	"_parent": "55818ac54bdc2d5b648b456e",
	"_type": "Item",
	"_props": {
		"Name": "sight_rear_ak_tactica_tula_tt01",
		"ShortName": "sight_rear_ak_tactica_tula_tt01",
		"Description": "sight_rear_ak_tactica_tula_tt01",
		"Weight": 0.085,
		"BackgroundColor": "blue",
		"Width": 1,
		"Height": 1,
		"StackMaxSize": 1,
		"Rarity": "Not_exist",
		"SpawnChance": 15,
		"CreditsPrice": 2698,
		"ItemSound": "mod",
		"Prefab": {
			"path": "assets/content/items/mods/sights rear/sight_rear_ak_tactica_tula_tt01.bundle",
			"rcid": ""
		},
		"UsePrefab": {
			"path": "",
			"rcid": ""
		},
		"StackObjectsCount": 1,
		"NotShownInSlot": false,
		"ExaminedByDefault": true,
		"ExamineTime": 1,
		"IsUndiscardable": false,
		"IsUnsaleable": false,
		"IsUnbuyable": false,
		"IsUngivable": false,
		"IsLockedafterEquip": false,
		"QuestItem": false,
		"LootExperience": 20,
		"ExamineExperience": 2,
		"HideEntrails": false,
		"RepairCost": 0,
		"RepairSpeed": 0,
		"ExtraSizeLeft": 0,
		"ExtraSizeRight": 0,
		"ExtraSizeUp": 0,
		"ExtraSizeDown": 0,
		"ExtraSizeForceAdd": false,
		"MergesWithChildren": true,
		"CanSellOnRagfair": true,
		"CanRequireOnRagfair": true,
		"BannedFromRagfair": false,
		"ConflictingItems": [
			"5947db3f86f77447880cf76f",
			"57486e672459770abd687134",
			"576fd4ec2459777f0b518431",
			"5a7c74b3e899ef0014332c29",
			"5648b6ff4bdc2d3d1c8b4581",
			"5c61a40d2e2216001403158d",
			"5c90c3622e221601da359851",
			"5649af884bdc2d1b2b8b4589"
		],
		"FixedPrice": false,
		"Unlootable": false,
		"UnlootableFromSlot": "FirstPrimaryWeapon",
		"UnlootableFromSide": [],
		"ChangePriceCoef": 1,
		"AllowSpawnOnLocations": [],
		"SendToClient": false,
		"AnimationVariantsNumber": 0,
		"DiscardingBlock": false,
		"Grids": [],
		"Slots": [
			{
				"_name": "mod_scope",
				"_id": "5649daed4bdc2d3b4c8b457f",
				"_parent": "5649d9a14bdc2d79388b4580",
				"_props": {
					"filters": [
						{
							"Shift": 0,
							"Filter": [
								"558022b54bdc2dac148b458d",
								"58491f3324597764bc48fa02",
								"584924ec24597768f12ae244",
								"5d2da1e948f035477b1ce2ba",
								"584984812459776a704a82a6",
								"570fd721d2720bc5458b4596",
								"57ae0171245977343c27bfcf",
								"58d39d3d86f77445bb794ae7",
								"5c7d55f52e221644f31bff6a",
								"577d128124597739d65d0e56",
								"58d2664f86f7747fec5834f6",
								"5b31163c5acfc400153b71cb",
								"5a33b652c4a28232996e407c",
								"5a33b2c9c4a282000c5a9511"
							]
						}
					]
				},
				"_required": false,
				"_mergeSlotWithChildren": false,
				"_proto": "55d30c4c4bdc2db4468b457e"
			}
		],
		"CanPutIntoDuringTheRaid": true,
		"CantRemoveFromSlotsDuringRaid": [],
		"Durability": 100,
		"Accuracy": 0,
		"Recoil": 0,
		"Loudness": 0,
		"EffectiveDistance": 0,
		"Ergonomics": -1,
		"Velocity": 0,
		"RaidModdable": true,
		"ToolModdable": true,
		"BlocksFolding": false,
		"BlocksCollapsible": false,
		"IsAnimated": false,
		"HasShoulderContact": false,
		"SightingRange": 500,
		"sightModType": "iron",
		"variableZoom": false,
		"varZoomCount": 0,
		"varZoomAdd": 0,
		"aimingSensitivity": 0.65,
		"SightModesCount": 1,
		"OpticCalibrationDistances": [
			100
		]
	},
	"_proto": "5649b0544bdc2d1b2b8b458a"
}