{
	"_id": "56e33680d2720be2748b4576",
	"_name": "tactical_backpack",
	"_parent": "5448e53e4bdc2d60728b4567",
	"_type": "Item",
	"_props": {
		"Name": "Tacticool Backpack",
		"ShortName": "TB",
		"Description": "Tacticool Backpack",
		"Weight": 0.7,
		"BackgroundColor": "violet",
		"Width": 3,
		"Height": 3,
		"StackMaxSize": 1,
		"Rarity": "Common",
		"SpawnChance": 5,
		"CreditsPrice": 1831,
		"ItemSound": "gear_backpack",
		"Prefab": {
			"path": "assets/content/items/equipment/backpack_tactical/item_equipment_backpack_tactical.bundle",
			"rcid": ""
		},
		"UsePrefab": {
			"path": "",
			"rcid": ""
		},
		"StackObjectsCount": 1,
		"NotShownInSlot": false,
		"ExaminedByDefault": true,
		"ExamineTime": 1,
		"IsUndiscardable": false,
		"IsUnsaleable": false,
		"IsUnbuyable": false,
		"IsUngivable": false,
		"IsLockedafterEquip": false,
		"QuestItem": false,
		"LootExperience": 20,
		"ExamineExperience": 2,
		"HideEntrails": true,
		"RepairCost": 0,
		"RepairSpeed": 0,
		"ExtraSizeLeft": 0,
		"ExtraSizeRight": 0,
		"ExtraSizeUp": 0,
		"ExtraSizeDown": 0,
		"ExtraSizeForceAdd": false,
		"MergesWithChildren": false,
		"CanSellOnRagfair": true,
		"CanRequireOnRagfair": true,
		"BannedFromRagfair": false,
		"ConflictingItems": [],
		"FixedPrice": false,
		"Unlootable": false,
		"UnlootableFromSlot": "FirstPrimaryWeapon",
		"UnlootableFromSide": [],
		"ChangePriceCoef": 1,
		"AllowSpawnOnLocations": [],
		"SendToClient": false,
		"AnimationVariantsNumber": 0,
		"DiscardingBlock": false,
		"Grids": [
			{
				"_name": "main",
				"_id": "56e336afd2720be2748b4577",
				"_parent": "56e33680d2720be2748b4576",
				"_props": {
					"filters": [
						{
							"Filter": [
								"54009119af1c881c07000029"
							],
							"ExcludedFilter": [
								"5448bf274bdc2dfc2f8b456a"
							]
						}
					],
					"cellsH": 3,
					"cellsV": 3,
					"minCount": 0,
					"maxCount": 0,
					"maxWeight": 0
				},
				"_proto": "55d329c24bdc2d892f8b4567"
			}
		],
		"Slots": [],
		"CanPutIntoDuringTheRaid": true,
		"CantRemoveFromSlotsDuringRaid": [],
		"SearchSound": "looting_body_extended",
		"BlocksArmorVest": false,
		"speedPenaltyPercent": 0,
		"GridLayoutName": ""
	},
	"_proto": "56e33634d2720bd8058b456b"
}