{
	"_id": "56ea7165d2720b6e518b4583",
	"_name": "charge_ar15_badger_ordnance_tactical_latch",
	"_parent": "55818a6f4bdc2db9688b456b",
	"_type": "Item",
	"_props": {
		"Name": "charge_ar15_badger_ordnance_tactical_latch",
		"ShortName": "BOTLcharge_ar15_badger_ordnance_tactical_latch",
		"Description": "The Badger Ordnance Tactical Charging Handle is optimized for use with Mil Spec AR-15/M16/M4 platform rifles and features our popular Gen I Tactical Latch preinstalled. All components are machined from 6061 Alloy and Mil Spec Type III Hardcoat Anodized.",
		"Weight": 0.064,
		"BackgroundColor": "blue",
		"Width": 1,
		"Height": 1,
		"StackMaxSize": 1,
		"Rarity": "Not_exist",
		"SpawnChance": 5,
		"CreditsPrice": 4396,
		"ItemSound": "mod",
		"Prefab": {
			"path": "assets/content/items/mods/charges/charge_ar15_badger_ordnance_tactical_latch.bundle",
			"rcid": ""
		},
		"UsePrefab": {
			"path": "",
			"rcid": ""
		},
		"StackObjectsCount": 1,
		"NotShownInSlot": false,
		"ExaminedByDefault": true,
		"ExamineTime": 1,
		"IsUndiscardable": false,
		"IsUnsaleable": false,
		"IsUnbuyable": false,
		"IsUngivable": false,
		"IsLockedafterEquip": false,
		"QuestItem": false,
		"LootExperience": 10,
		"ExamineExperience": 2,
		"HideEntrails": false,
		"RepairCost": 0,
		"RepairSpeed": 0,
		"ExtraSizeLeft": 0,
		"ExtraSizeRight": 0,
		"ExtraSizeUp": 0,
		"ExtraSizeDown": 0,
		"ExtraSizeForceAdd": false,
		"MergesWithChildren": true,
		"CanSellOnRagfair": true,
		"CanRequireOnRagfair": true,
		"BannedFromRagfair": false,
		"ConflictingItems": [],
		"FixedPrice": false,
		"Unlootable": false,
		"UnlootableFromSlot": "FirstPrimaryWeapon",
		"UnlootableFromSide": [],
		"ChangePriceCoef": 1,
		"AllowSpawnOnLocations": [],
		"SendToClient": false,
		"AnimationVariantsNumber": 0,
		"DiscardingBlock": false,
		"Grids": [],
		"Slots": [],
		"CanPutIntoDuringTheRaid": true,
		"CantRemoveFromSlotsDuringRaid": [],
		"Durability": 100,
		"Accuracy": 0,
		"Recoil": 0,
		"Loudness": 0,
		"EffectiveDistance": 0,
		"Ergonomics": 1,
		"Velocity": 0,
		"RaidModdable": false,
		"ToolModdable": false,
		"BlocksFolding": false,
		"BlocksCollapsible": false,
		"IsAnimated": false,
		"HasShoulderContact": false,
		"SightingRange": 0
	},
	"_proto": "55d44fd14bdc2d962f8b456e"
}