{
	"_id": "56ea8d2fd2720b7c698b4570",
	"_name": "gas_block_ar15_windham_weaponry_rail_gas_block",
	"_parent": "56ea9461d2720b67698b456f",
	"_type": "Item",
	"_props": {
		"Name": "gas_block_ar15_windham_weaponry_rail_gas_block",
		"ShortName": "gas_block_ar15_windham_weaponry_rail_gas_block",
		"Description": "gas_block_ar15_windham_weaponry_rail_gas_block",
		"Weight": 0.12,
		"BackgroundColor": "blue",
		"Width": 1,
		"Height": 1,
		"StackMaxSize": 1,
		"Rarity": "Not_exist",
		"SpawnChance": 23,
		"CreditsPrice": 4190,
		"ItemSound": "generic",
		"Prefab": {
			"path": "assets/content/items/mods/gasblock/gas_block_ar15_windham_weaponry_rail_gas_block.bundle",
			"rcid": ""
		},
		"UsePrefab": {
			"path": "",
			"rcid": ""
		},
		"StackObjectsCount": 1,
		"NotShownInSlot": false,
		"ExaminedByDefault": true,
		"ExamineTime": 1,
		"IsUndiscardable": false,
		"IsUnsaleable": false,
		"IsUnbuyable": false,
		"IsUngivable": false,
		"IsLockedafterEquip": false,
		"QuestItem": false,
		"LootExperience": 50,
		"ExamineExperience": 10,
		"HideEntrails": false,
		"RepairCost": 0,
		"RepairSpeed": 0,
		"ExtraSizeLeft": 0,
		"ExtraSizeRight": 0,
		"ExtraSizeUp": 0,
		"ExtraSizeDown": 0,
		"ExtraSizeForceAdd": false,
		"MergesWithChildren": true,
		"CanSellOnRagfair": true,
		"CanRequireOnRagfair": true,
		"BannedFromRagfair": false,
		"ConflictingItems": [
			"55f84c3c4bdc2d5f408b4576",
			"588b56d02459771481110ae2",
			"5a329052c4a28200741e22d3",
			"595cfa8b86f77427437e845b",
			"595cf16b86f77427440c32e2"
		],
		"FixedPrice": false,
		"Unlootable": false,
		"UnlootableFromSlot": "FirstPrimaryWeapon",
		"UnlootableFromSide": [],
		"ChangePriceCoef": 1,
		"AllowSpawnOnLocations": [],
		"SendToClient": false,
		"AnimationVariantsNumber": 0,
		"DiscardingBlock": false,
		"Grids": [],
		"Slots": [
			{
				"_name": "mod_sight_front",
				"_id": "56ea8dc5d2720b67698b456e",
				"_parent": "56ea8d2fd2720b7c698b4570",
				"_props": {
					"filters": [
						{
							"Shift": 0,
							"Filter": [
								"5ba26b01d4351e0085325a51",
								"5c17804b2e2216152006c02f",
								"5bc09a30d4351e00367fb7c8",
								"5c18b90d2e2216152142466b",
								"5894a73486f77426d259076c",
								"55d4af3a4bdc2d972f8b456f"
							]
						}
					]
				},
				"_required": false,
				"_mergeSlotWithChildren": false,
				"_proto": "55d30c4c4bdc2db4468b457e"
			}
		],
		"CanPutIntoDuringTheRaid": true,
		"CantRemoveFromSlotsDuringRaid": [],
		"Durability": 100,
		"Accuracy": 0,
		"Recoil": 0,
		"Loudness": 0,
		"EffectiveDistance": 0,
		"Ergonomics": 1,
		"Velocity": 0,
		"RaidModdable": false,
		"ToolModdable": true,
		"BlocksFolding": false,
		"BlocksCollapsible": false,
		"IsAnimated": false,
		"HasShoulderContact": false,
		"SightingRange": 0
	}
}