{
	"_id": "56ea70acd2720b844b8b4594",
	"_name": "scope_34mm_hensoldt_zf_4_16x56_ff",
	"_parent": "55818ae44bdc2dde698b456c",
	"_type": "Item",
	"_props": {
		"Name": "scope_34mm_hensoldt_zf_4_16x56_ff",
		"ShortName": "scope_34mm_hensoldt_zf_4_16x56_ff",
		"Description": "scope_34mm_hensoldt_zf_4_16x56_ff",
		"Weight": 0.9,
		"BackgroundColor": "blue",
		"Width": 2,
		"Height": 1,
		"StackMaxSize": 1,
		"Rarity": "Not_exist",
		"SpawnChance": 30,
		"CreditsPrice": 55784,
		"ItemSound": "mod",
		"Prefab": {
			"path": "assets/content/items/mods/scopes/scope_34mm_hensoldt_zf_4_16x56_ff.bundle",
			"rcid": ""
		},
		"UsePrefab": {
			"path": "",
			"rcid": ""
		},
		"StackObjectsCount": 1,
		"NotShownInSlot": false,
		"ExaminedByDefault": true,
		"ExamineTime": 1,
		"IsUndiscardable": false,
		"IsUnsaleable": false,
		"IsUnbuyable": false,
		"IsUngivable": false,
		"IsLockedafterEquip": false,
		"QuestItem": false,
		"LootExperience": 20,
		"ExamineExperience": 8,
		"HideEntrails": false,
		"RepairCost": 0,
		"RepairSpeed": 0,
		"ExtraSizeLeft": 0,
		"ExtraSizeRight": 0,
		"ExtraSizeUp": 0,
		"ExtraSizeDown": 0,
		"ExtraSizeForceAdd": false,
		"MergesWithChildren": true,
		"CanSellOnRagfair": true,
		"CanRequireOnRagfair": true,
		"BannedFromRagfair": false,
		"ConflictingItems": [],
		"FixedPrice": false,
		"Unlootable": false,
		"UnlootableFromSlot": "FirstPrimaryWeapon",
		"UnlootableFromSide": [],
		"ChangePriceCoef": 1,
		"AllowSpawnOnLocations": [],
		"SendToClient": false,
		"AnimationVariantsNumber": 0,
		"DiscardingBlock": false,
		"Grids": [],
		"Slots": [],
		"CanPutIntoDuringTheRaid": true,
		"CantRemoveFromSlotsDuringRaid": [],
		"Durability": 100,
		"Accuracy": 0,
		"Recoil": -1,
		"Loudness": 0,
		"EffectiveDistance": 0,
		"Ergonomics": -6,
		"Velocity": 0,
		"RaidModdable": true,
		"ToolModdable": true,
		"BlocksFolding": false,
		"BlocksCollapsible": false,
		"IsAnimated": false,
		"HasShoulderContact": false,
		"SightingRange": 1500,
		"sightModType": "optic",
		"variableZoom": false,
		"varZoomCount": 0,
		"varZoomAdd": 0,
		"aimingSensitivity": 0.06,
		"SightModesCount": 2,
		"OpticCalibrationDistances": [
			50,
			100,
			150,
			200,
			250,
			300,
			350,
			400,
			450
		]
	},
	"_proto": "544a3d0a4bdc2d1b388b4567"
}