{
	"_id": "571a279b24597720b4066566",
	"_name": "barrel_tt_116mm_762x25tt_threaded",
	"_parent": "555ef6e44bdc2de9068b457e",
	"_type": "Item",
	"_props": {
		"Name": "Ствол кустарный 116мм с резьбой для ТТ 7.62х25 ТТ",
		"ShortName": "116мм куст. ТТ 7.62х25 ТТ",
		"Description": "Изготовленный кустарным методом ствол для пистолета ТТ, с резьбой для установки глушителя.",
		"Weight": 0.062,
		"BackgroundColor": "blue",
		"Width": 1,
		"Height": 1,
		"StackMaxSize": 1,
		"Rarity": "Superrare",
		"SpawnChance": 4,
		"CreditsPrice": 2149,
		"ItemSound": "mod",
		"Prefab": {
			"path": "assets/content/items/mods/barrels/barrel_tt_116mm_762x25tt_threaded.bundle",
			"rcid": ""
		},
		"UsePrefab": {
			"path": "",
			"rcid": ""
		},
		"StackObjectsCount": 1,
		"NotShownInSlot": false,
		"ExaminedByDefault": true,
		"ExamineTime": 1,
		"IsUndiscardable": false,
		"IsUnsaleable": false,
		"IsUnbuyable": false,
		"IsUngivable": false,
		"IsLockedafterEquip": false,
		"QuestItem": false,
		"LootExperience": 10,
		"ExamineExperience": 6,
		"HideEntrails": false,
		"RepairCost": 0,
		"RepairSpeed": 0,
		"ExtraSizeLeft": 0,
		"ExtraSizeRight": 0,
		"ExtraSizeUp": 0,
		"ExtraSizeDown": 0,
		"ExtraSizeForceAdd": false,
		"MergesWithChildren": true,
		"CanSellOnRagfair": true,
		"CanRequireOnRagfair": true,
		"BannedFromRagfair": false,
		"ConflictingItems": [],
		"FixedPrice": false,
		"Unlootable": false,
		"UnlootableFromSlot": "FirstPrimaryWeapon",
		"UnlootableFromSide": [],
		"ChangePriceCoef": 1,
		"AllowSpawnOnLocations": [],
		"SendToClient": false,
		"AnimationVariantsNumber": 0,
		"DiscardingBlock": false,
		"Grids": [],
		"Slots": [
			{
				"_name": "mod_muzzle",
				"_id": "571a29612459771fd90bb671",
				"_parent": "571a279b24597720b4066566",
				"_props": {
					"filters": [
						{
							"Shift": 0,
							"Filter": [
								"571a28e524597720b4066567"
							]
						}
					]
				},
				"_required": false,
				"_mergeSlotWithChildren": false,
				"_proto": "55d30c4c4bdc2db4468b457e"
			}
		],
		"CanPutIntoDuringTheRaid": true,
		"CantRemoveFromSlotsDuringRaid": [],
		"Durability": 100,
		"Accuracy": 0,
		"Recoil": -3.25,
		"Loudness": 0,
		"EffectiveDistance": 0,
		"Ergonomics": 0,
		"Velocity": -2.31,
		"RaidModdable": true,
		"ToolModdable": false,
		"BlocksFolding": false,
		"BlocksCollapsible": false,
		"IsAnimated": false,
		"HasShoulderContact": false,
		"SightingRange": 0,
		"CenterOfImpact": 0.27,
		"ShotgunDispersion": 1,
		"IsSilencer": false
	},
	"_proto": "571a26d524597720680fbe8a"
}