{
	"_id": "57347ca924597744596b4e71",
	"_name": "video_card",
	"_parent": "57864a66245977548f04a81f",
	"_type": "Item",
	"_props": {
		"Name": "Video card",
		"ShortName": "Video card",
		"Description": "Video card",
		"Weight": 0.6,
		"BackgroundColor": "blue",
		"Width": 2,
		"Height": 1,
		"StackMaxSize": 1,
		"Rarity": "Rare",
		"SpawnChance": 1,
		"CreditsPrice": 60375,
		"ItemSound": "generic",
		"Prefab": {
			"path": "assets/content/items/barter/video_card/item_video_card.bundle",
			"rcid": ""
		},
		"UsePrefab": {
			"path": "",
			"rcid": ""
		},
		"StackObjectsCount": 1,
		"NotShownInSlot": false,
		"ExaminedByDefault": true,
		"ExamineTime": 1,
		"IsUndiscardable": false,
		"IsUnsaleable": false,
		"IsUnbuyable": false,
		"IsUngivable": false,
		"IsLockedafterEquip": false,
		"QuestItem": false,
		"LootExperience": 45,
		"ExamineExperience": 5,
		"HideEntrails": false,
		"RepairCost": 0,
		"RepairSpeed": 0,
		"ExtraSizeLeft": 0,
		"ExtraSizeRight": 0,
		"ExtraSizeUp": 0,
		"ExtraSizeDown": 0,
		"ExtraSizeForceAdd": false,
		"MergesWithChildren": false,
		"CanSellOnRagfair": true,
		"CanRequireOnRagfair": true,
		"BannedFromRagfair": false,
		"ConflictingItems": [],
		"FixedPrice": false,
		"Unlootable": false,
		"UnlootableFromSlot": "FirstPrimaryWeapon",
		"UnlootableFromSide": [],
		"ChangePriceCoef": 1,
		"AllowSpawnOnLocations": [],
		"SendToClient": false,
		"AnimationVariantsNumber": 0,
		"DiscardingBlock": false,
		"MaxResource": 0,
		"Resource": 0
	},
	"_proto": "57347c93245977448d35f6e3"
}