{
	"_id": "5739d41224597779c3645501",
	"_name": "item_ammo_box_9x19_default",
	"_parent": "543be5cb4bdc2deb348b4568",
	"_type": "Item",
	"_props": {
		"Name": "ammo_box_9x19_default",
		"ShortName": "ammo_box_9x19_default",
		"Description": "ammo_box_9x19_default",
		"Weight": 0.5,
		"BackgroundColor": "yellow",
		"Width": 1,
		"Height": 1,
		"StackMaxSize": 1,
		"Rarity": "Common",
		"SpawnChance": 15,
		"CreditsPrice": 1,
		"ItemSound": "ammo_pack_generic",
		"Prefab": {
			"path": "assets/content/items/ammo/boxes/item_ammo_box_9x18pm_16_civil.bundle",
			"rcid": ""
		},
		"UsePrefab": {
			"path": "",
			"rcid": ""
		},
		"StackObjectsCount": 1,
		"NotShownInSlot": false,
		"ExaminedByDefault": true,
		"ExamineTime": 1,
		"IsUndiscardable": false,
		"IsUnsaleable": false,
		"IsUnbuyable": false,
		"IsUngivable": false,
		"IsLockedafterEquip": false,
		"QuestItem": false,
		"LootExperience": 0,
		"ExamineExperience": 10,
		"HideEntrails": true,
		"RepairCost": 0,
		"RepairSpeed": 0,
		"ExtraSizeLeft": 0,
		"ExtraSizeRight": 0,
		"ExtraSizeUp": 0,
		"ExtraSizeDown": 0,
		"ExtraSizeForceAdd": false,
		"MergesWithChildren": false,
		"CanSellOnRagfair": true,
		"CanRequireOnRagfair": true,
		"BannedFromRagfair": false,
		"ConflictingItems": [],
		"FixedPrice": false,
		"Unlootable": false,
		"UnlootableFromSlot": "FirstPrimaryWeapon",
		"UnlootableFromSide": [],
		"ChangePriceCoef": 1,
		"AllowSpawnOnLocations": [],
		"SendToClient": false,
		"AnimationVariantsNumber": 0,
		"DiscardingBlock": false,
		"StackMinRandom": 16,
		"StackMaxRandom": 16,
		"ammoCaliber": "Caliber9x18PM",
		"StackSlots": [
			{
				"_name": "cartridges",
				"_id": "574d52c724597745970e7c81",
				"_parent": "5739d41224597779c3645501",
				"_max_count": 16,
				"_props": {
					"filters": [
						{
							"Filter": [
								"56d59d3ad2720bdb418b4577"
							]
						}
					]
				},
				"_proto": "5748538b2459770af276a261"
			}
		]
	},
	"_proto": "5737273924597765dd374461"
}