{
	"_id": "574dad8024597745964bf05c",
	"_name": "stock_sks_toz_sks_std_wood",
	"_parent": "55818a594bdc2db9688b456a",
	"_type": "Item",
	"_props": {
		"Name": "SKS stock",
		"ShortName": "SKS stock",
		"Description": "SKS stock",
		"Weight": 0.913,
		"BackgroundColor": "blue",
		"Width": 4,
		"Height": 1,
		"StackMaxSize": 1,
		"Rarity": "Superrare",
		"SpawnChance": 3,
		"CreditsPrice": 3780,
		"ItemSound": "mod",
		"Prefab": {
			"path": "assets/content/items/mods/stocks/stock_sks_toz_sks_std_wood.bundle",
			"rcid": ""
		},
		"UsePrefab": {
			"path": "",
			"rcid": ""
		},
		"StackObjectsCount": 1,
		"NotShownInSlot": false,
		"ExaminedByDefault": true,
		"ExamineTime": 1,
		"IsUndiscardable": false,
		"IsUnsaleable": false,
		"IsUnbuyable": false,
		"IsUngivable": false,
		"IsLockedafterEquip": false,
		"QuestItem": false,
		"LootExperience": 10,
		"ExamineExperience": 2,
		"HideEntrails": false,
		"RepairCost": 0,
		"RepairSpeed": 0,
		"ExtraSizeLeft": 0,
		"ExtraSizeRight": 1,
		"ExtraSizeUp": 0,
		"ExtraSizeDown": 0,
		"ExtraSizeForceAdd": false,
		"MergesWithChildren": true,
		"CanSellOnRagfair": true,
		"CanRequireOnRagfair": true,
		"BannedFromRagfair": false,
		"ConflictingItems": [],
		"FixedPrice": false,
		"Unlootable": false,
		"UnlootableFromSlot": "FirstPrimaryWeapon",
		"UnlootableFromSide": [],
		"ChangePriceCoef": 1,
		"AllowSpawnOnLocations": [],
		"SendToClient": false,
		"AnimationVariantsNumber": 0,
		"DiscardingBlock": false,
		"Grids": [],
		"Slots": [
			{
				"_name": "mod_mount_001",
				"_id": "593d22cb86f7746ccd73e1fc",
				"_parent": "574dad8024597745964bf05c",
				"_props": {
					"filters": [
						{
							"Shift": 0,
							"Filter": [
								"593d1fa786f7746da62d61ac"
							]
						}
					]
				},
				"_required": false,
				"_mergeSlotWithChildren": false,
				"_proto": "55d30c4c4bdc2db4468b457e"
			}
		],
		"CanPutIntoDuringTheRaid": true,
		"CantRemoveFromSlotsDuringRaid": [],
		"Durability": 100,
		"Accuracy": 0,
		"Recoil": -18,
		"Loudness": 0,
		"EffectiveDistance": 0,
		"Ergonomics": 5,
		"Velocity": 0,
		"RaidModdable": false,
		"ToolModdable": true,
		"BlocksFolding": false,
		"BlocksCollapsible": false,
		"IsAnimated": false,
		"HasShoulderContact": true,
		"SightingRange": 0,
		"IsShoulderContact": false,
		"Foldable": false,
		"Retractable": false,
		"SizeReduceRight": 0
	},
	"_proto": "56083cba4bdc2de22e8b456f"
}