{
	"_id": "57616ca52459773c69055192",
	"_name": "stock_saiga12_izhmash_saiga12_fold_ak_type",
	"_parent": "55818a594bdc2db9688b456a",
	"_type": "Item",
	"_props": {
		"Name": "stock_saiga12",
		"ShortName": "stock_saiga12",
		"Description": "stock_saiga12",
		"Weight": 0.35,
		"BackgroundColor": "blue",
		"Width": 2,
		"Height": 1,
		"StackMaxSize": 1,
		"Rarity": "Not_exist",
		"SpawnChance": 80,
		"CreditsPrice": 1661,
		"ItemSound": "mod",
		"Prefab": {
			"path": "assets/content/items/mods/stocks/stock_saiga12_izhmash_saiga12_fold_ak_type.bundle",
			"rcid": ""
		},
		"UsePrefab": {
			"path": "",
			"rcid": ""
		},
		"StackObjectsCount": 1,
		"NotShownInSlot": false,
		"ExaminedByDefault": true,
		"ExamineTime": 1,
		"IsUndiscardable": false,
		"IsUnsaleable": false,
		"IsUnbuyable": false,
		"IsUngivable": false,
		"IsLockedafterEquip": false,
		"QuestItem": false,
		"LootExperience": 10,
		"ExamineExperience": 2,
		"HideEntrails": false,
		"RepairCost": 0,
		"RepairSpeed": 0,
		"ExtraSizeLeft": 0,
		"ExtraSizeRight": 1,
		"ExtraSizeUp": 0,
		"ExtraSizeDown": 0,
		"ExtraSizeForceAdd": false,
		"MergesWithChildren": true,
		"CanSellOnRagfair": true,
		"CanRequireOnRagfair": true,
		"BannedFromRagfair": false,
		"ConflictingItems": [],
		"FixedPrice": false,
		"Unlootable": false,
		"UnlootableFromSlot": "FirstPrimaryWeapon",
		"UnlootableFromSide": [],
		"ChangePriceCoef": 1,
		"AllowSpawnOnLocations": [],
		"SendToClient": false,
		"AnimationVariantsNumber": 0,
		"DiscardingBlock": false,
		"Grids": [],
		"Slots": [
			{
				"_name": "mod_stock",
				"_id": "5ac224b1d8ce8700150a20cb",
				"_parent": "57616ca52459773c69055192",
				"_props": {
					"filters": [
						{
							"Shift": 0,
							"Filter": [
								"5a0c59791526d8dba737bba7"
							]
						}
					]
				},
				"_required": false,
				"_mergeSlotWithChildren": false,
				"_proto": "55d30c4c4bdc2db4468b457e"
			}
		],
		"CanPutIntoDuringTheRaid": true,
		"CantRemoveFromSlotsDuringRaid": [],
		"Durability": 100,
		"Accuracy": 0,
		"Recoil": -40,
		"Loudness": 0,
		"EffectiveDistance": 0,
		"Ergonomics": 5,
		"Velocity": 0,
		"RaidModdable": false,
		"ToolModdable": true,
		"BlocksFolding": false,
		"BlocksCollapsible": false,
		"IsAnimated": false,
		"HasShoulderContact": true,
		"SightingRange": 0,
		"IsShoulderContact": true,
		"Foldable": false,
		"Retractable": false,
		"SizeReduceRight": 0
	},
	"_proto": "5649b0fc4bdc2d17108b4588"
}