{
	"_id": "57838f0b2459774a256959b2",
	"_name": "mag_vss_tochmash_6L24_9x39_10",
	"_parent": "5448bc234bdc2d3c308b4569",
	"_type": "Item",
	"_props": {
		"Name": "",
		"ShortName": "",
		"Description": "",
		"Weight": 0.25,
		"BackgroundColor": "yellow",
		"Width": 1,
		"Height": 1,
		"StackMaxSize": 1,
		"Rarity": "Superrare",
		"SpawnChance": 6,
		"CreditsPrice": 4637,
		"ItemSound": "mag_plastic",
		"Prefab": {
			"path": "assets/content/items/mods/magazines/mag_vss_tochmash_6l24_9x39_10.bundle",
			"rcid": ""
		},
		"UsePrefab": {
			"path": "",
			"rcid": ""
		},
		"StackObjectsCount": 1,
		"NotShownInSlot": false,
		"ExaminedByDefault": true,
		"ExamineTime": 1,
		"IsUndiscardable": false,
		"IsUnsaleable": false,
		"IsUnbuyable": false,
		"IsUngivable": false,
		"IsLockedafterEquip": false,
		"QuestItem": false,
		"LootExperience": 30,
		"ExamineExperience": 2,
		"HideEntrails": false,
		"RepairCost": 0,
		"RepairSpeed": 0,
		"ExtraSizeLeft": 0,
		"ExtraSizeRight": 0,
		"ExtraSizeUp": 0,
		"ExtraSizeDown": 1,
		"ExtraSizeForceAdd": false,
		"MergesWithChildren": true,
		"CanSellOnRagfair": true,
		"CanRequireOnRagfair": true,
		"BannedFromRagfair": false,
		"ConflictingItems": [],
		"FixedPrice": false,
		"Unlootable": false,
		"UnlootableFromSlot": "FirstPrimaryWeapon",
		"UnlootableFromSide": [],
		"ChangePriceCoef": 1,
		"AllowSpawnOnLocations": [],
		"SendToClient": false,
		"AnimationVariantsNumber": 0,
		"DiscardingBlock": false,
		"Grids": [],
		"Slots": [],
		"CanPutIntoDuringTheRaid": true,
		"CantRemoveFromSlotsDuringRaid": [],
		"Durability": 100,
		"Accuracy": 0,
		"Recoil": 0,
		"Loudness": 0,
		"EffectiveDistance": 0,
		"Ergonomics": 0,
		"Velocity": 0,
		"RaidModdable": true,
		"ToolModdable": false,
		"BlocksFolding": false,
		"BlocksCollapsible": false,
		"IsAnimated": false,
		"HasShoulderContact": false,
		"SightingRange": 0,
		"magAnimationIndex": 0,
		"Cartridges": [
			{
				"_name": "cartridges",
				"_id": "57838f872459774a256959b3",
				"_parent": "57838f0b2459774a256959b2",
				"_max_count": 10,
				"_props": {
					"filters": [
						{
							"Filter": [
								"5c0d688c86f77413ae3407b2",
								"57a0dfb82459774d3078b56c",
								"57a0e5022459774d1673f889",
								"5c0d668f86f7747ccb7f13b2"
							]
						}
					]
				},
				"_proto": "5748538b2459770af276a261"
			}
		],
		"CanFast": true,
		"CanHit": false,
		"CanAdmin": false,
		"LoadUnloadModifier": 0,
		"CheckTimeModifier": 0,
		"CheckOverride": 0,
		"ReloadMagType": "ExternalMagazine",
		"VisibleAmmoRangesString": "1-3"
	},
	"_proto": "55d480c04bdc2d1d4e8b456a"
}