{
	"_id": "57838c962459774a1651ec63",
	"_name": "silencer_vss_tochmash_std_9x39",
	"_parent": "550aa4cd4bdc2dd8348b456c",
	"_type": "Item",
	"_props": {
		"Name": "silencer_vss_tochmash_std_9x39",
		"ShortName": "silencer_vss_tochmash_std_9x39",
		"Description": "silencer_vss_tochmash_std_9x39",
		"Weight": 0.496,
		"BackgroundColor": "blue",
		"Width": 2,
		"Height": 1,
		"StackMaxSize": 1,
		"Rarity": "Not_exist",
		"SpawnChance": 3,
		"CreditsPrice": 22507,
		"ItemSound": "mod",
		"Prefab": {
			"path": "assets/content/items/mods/silencers/silencer_vss_tochmash_std_9x39.bundle",
			"rcid": ""
		},
		"UsePrefab": {
			"path": "",
			"rcid": ""
		},
		"StackObjectsCount": 1,
		"NotShownInSlot": false,
		"ExaminedByDefault": true,
		"ExamineTime": 1,
		"IsUndiscardable": false,
		"IsUnsaleable": false,
		"IsUnbuyable": false,
		"IsUngivable": false,
		"IsLockedafterEquip": false,
		"QuestItem": false,
		"LootExperience": 20,
		"ExamineExperience": 3,
		"HideEntrails": false,
		"RepairCost": 0,
		"RepairSpeed": 0,
		"ExtraSizeLeft": 2,
		"ExtraSizeRight": 0,
		"ExtraSizeUp": 0,
		"ExtraSizeDown": 0,
		"ExtraSizeForceAdd": false,
		"MergesWithChildren": true,
		"CanSellOnRagfair": true,
		"CanRequireOnRagfair": true,
		"BannedFromRagfair": false,
		"ConflictingItems": [],
		"FixedPrice": false,
		"Unlootable": false,
		"UnlootableFromSlot": "FirstPrimaryWeapon",
		"UnlootableFromSide": [],
		"ChangePriceCoef": 1,
		"AllowSpawnOnLocations": [],
		"SendToClient": false,
		"AnimationVariantsNumber": 0,
		"DiscardingBlock": false,
		"Grids": [],
		"Slots": [
			{
				"_name": "mod_sight_rear",
				"_id": "57838d2f2459774a256959b0",
				"_parent": "57838c962459774a1651ec63",
				"_props": {
					"filters": [
						{
							"Shift": 0,
							"Filter": [
								"57c44e7b2459772d28133248",
								"57838e1b2459774a256959b1"
							]
						}
					]
				},
				"_required": false,
				"_mergeSlotWithChildren": false,
				"_proto": "55d30c4c4bdc2db4468b457e"
			},
			{
				"_name": "mod_mount_000",
				"_id": "57e02a3824597706777d7ec7",
				"_parent": "57838c962459774a1651ec63",
				"_props": {
					"filters": [
						{
							"Shift": 0,
							"Filter": [
								"59eb7ebe86f7740b373438ce",
								"57a3459f245977764a01f703",
								"5a9fc7e6a2750c0032157184"
							]
						}
					]
				},
				"_required": false,
				"_mergeSlotWithChildren": false,
				"_proto": "55d30c4c4bdc2db4468b457e"
			}
		],
		"CanPutIntoDuringTheRaid": true,
		"CantRemoveFromSlotsDuringRaid": [],
		"Durability": 100,
		"Accuracy": 0,
		"Recoil": -20,
		"Loudness": 0,
		"EffectiveDistance": 0,
		"Ergonomics": -3,
		"Velocity": 2,
		"RaidModdable": true,
		"ToolModdable": false,
		"BlocksFolding": false,
		"BlocksCollapsible": false,
		"IsAnimated": false,
		"HasShoulderContact": false,
		"SightingRange": 0,
		"muzzleModType": "silencer"
	},
	"_proto": "564caa3d4bdc2d17108b458e"
}