{
	"_id": "57bef4c42459772e8d35a53b",
	"_name": "ArmoredEquipment",
	"_parent": "543be5f84bdc2dd4348b456a",
	"_type": "Node",
	"_props": {
		"Durability": 0,
		"MaxDurability": 0,
		"armorClass": "0",
		"speedPenaltyPercent": 0,
		"mousePenalty": 0,
		"weaponErgonomicPenalty": 0,
		"armorZone": [],
		"Indestructibility": 0.9,
		"headSegments": [],
		"FaceShieldComponent": false,
		"FaceShieldMask": "NoMask",
		"HasHinge": false,
		"MaterialType": "BodyArmor",
		"RicochetParams": {
			"x": 0,
			"y": 0,
			"z": 80
		},
		"DeafStrength": "None",
		"BluntThroughput": 0,
		"ArmorMaterial": "UHMWPE"
	}
}