{
	"_id": "57c44b372459772d2b39b8ce",
	"_name": "weapon_tochmash_val_9x39",
	"_parent": "5447b5fc4bdc2d87278b4567",
	"_type": "Item",
	"_props": {
		"Name": "",
		"ShortName": "",
		"Description": "",
		"Weight": 0.92,
		"BackgroundColor": "black",
		"Width": 2,
		"Height": 1,
		"StackMaxSize": 1,
		"Rarity": "Superrare",
		"SpawnChance": 4,
		"CreditsPrice": 44147,
		"ItemSound": "weap_ar",
		"Prefab": {
			"path": "assets/content/weapons/val/weapon_tochmash_val_9x39_container.bundle",
			"rcid": ""
		},
		"UsePrefab": {
			"path": "",
			"rcid": ""
		},
		"StackObjectsCount": 1,
		"NotShownInSlot": false,
		"ExaminedByDefault": true,
		"ExamineTime": 1,
		"IsUndiscardable": false,
		"IsUnsaleable": false,
		"IsUnbuyable": false,
		"IsUngivable": false,
		"IsLockedafterEquip": false,
		"QuestItem": false,
		"LootExperience": 30,
		"ExamineExperience": 6,
		"HideEntrails": false,
		"RepairCost": 280,
		"RepairSpeed": 10,
		"ExtraSizeLeft": 0,
		"ExtraSizeRight": 0,
		"ExtraSizeUp": 0,
		"ExtraSizeDown": 0,
		"ExtraSizeForceAdd": false,
		"MergesWithChildren": true,
		"CanSellOnRagfair": true,
		"CanRequireOnRagfair": true,
		"BannedFromRagfair": false,
		"ConflictingItems": [],
		"FixedPrice": false,
		"Unlootable": false,
		"UnlootableFromSlot": "FirstPrimaryWeapon",
		"UnlootableFromSide": [],
		"ChangePriceCoef": 1,
		"AllowSpawnOnLocations": [],
		"SendToClient": false,
		"AnimationVariantsNumber": 0,
		"DiscardingBlock": false,
		"Grids": [],
		"Slots": [
			{
				"_name": "mod_muzzle",
				"_id": "57c44cb62459772d2d75e37f",
				"_parent": "57c44b372459772d2b39b8ce",
				"_props": {
					"filters": [
						{
							"Shift": 0,
							"Filter": [
								"57c44dd02459772d2e0ae249",
								"57838c962459774a1651ec63"
							]
						}
					]
				},
				"_required": true,
				"_mergeSlotWithChildren": false,
				"_proto": "55d30c4c4bdc2db4468b457e"
			},
			{
				"_name": "mod_reciever",
				"_id": "57c44ce02459772d2b39b8d4",
				"_parent": "57c44b372459772d2b39b8ce",
				"_props": {
					"filters": [
						{
							"Shift": 0,
							"Filter": [
								"57c44f4f2459772d2c627113",
								"578395402459774a256959b5"
							]
						}
					]
				},
				"_required": false,
				"_mergeSlotWithChildren": false,
				"_proto": "55d30c4c4bdc2db4468b457e"
			},
			{
				"_name": "mod_magazine",
				"_id": "57c44cec2459772d303d899c",
				"_parent": "57c44b372459772d2b39b8ce",
				"_props": {
					"filters": [
						{
							"AnimationIndex": -1,
							"Filter": [
								"57838f0b2459774a256959b2",
								"57838f9f2459774a150289a0",
								"5a9e81fba2750c00164f6b11"
							]
						}
					]
				},
				"_required": false,
				"_mergeSlotWithChildren": false,
				"_proto": "55d30c394bdc2dae468b4577"
			},
			{
				"_name": "mod_pistol_grip",
				"_id": "57c44cf92459772d2b39b8d5",
				"_parent": "57c44b372459772d2b39b8ce",
				"_props": {
					"filters": [
						{
							"Shift": 0,
							"Filter": [
								"5a69a2ed8dc32e000d46d1f1",
								"57c44fa82459772d2d75e415"
							]
						}
					]
				},
				"_required": true,
				"_mergeSlotWithChildren": false,
				"_proto": "55d30c4c4bdc2db4468b457e"
			},
			{
				"_name": "mod_stock",
				"_id": "57c44d062459772d28133242",
				"_parent": "57c44b372459772d2b39b8ce",
				"_props": {
					"filters": [
						{
							"Shift": 0,
							"Filter": [
								"57c450252459772d28133253"
							]
						}
					]
				},
				"_required": false,
				"_mergeSlotWithChildren": false,
				"_proto": "55d30c4c4bdc2db4468b457e"
			},
			{
				"_name": "mod_charge",
				"_id": "57c44d162459772d2f482f38",
				"_parent": "57c44b372459772d2b39b8ce",
				"_props": {
					"filters": [
						{
							"Shift": 0,
							"Filter": [
								"5648ac824bdc2ded0b8b457d"
							]
						}
					]
				},
				"_required": false,
				"_mergeSlotWithChildren": false,
				"_proto": "55d30c4c4bdc2db4468b457e"
			},
			{
				"_name": "mod_mount_004",
				"_id": "57c452612459772d2d75e495",
				"_parent": "57c44b372459772d2b39b8ce",
				"_props": {
					"filters": [
						{
							"Shift": 0,
							"Filter": [
								"5947db3f86f77447880cf76f",
								"57486e672459770abd687134",
								"5cf638cbd7f00c06595bc936",
								"5a7c74b3e899ef0014332c29",
								"591ee00d86f774592f7b841e",
								"5e569a2e56edd02abe09f280",
								"5d0a29ead7ad1a0026013f27",
								"57acb6222459771ec34b5cb0",
								"5c61a40d2e2216001403158d",
								"5c90c3622e221601da359851"
							]
						}
					]
				},
				"_required": false,
				"_mergeSlotWithChildren": false,
				"_proto": "55d30c4c4bdc2db4468b457e"
			},
			{
				"_name": "mod_mount_000",
				"_id": "57c4526f2459772d291a83e9",
				"_parent": "57c44b372459772d2b39b8ce",
				"_props": {
					"filters": [
						{
							"Shift": 0,
							"Filter": [
								"5c82342f2e221644f31c060e",
								"576fd4ec2459777f0b518431",
								"5c82343a2e221644f31c0611",
								"5dff8db859400025ea5150d4"
							]
						}
					]
				},
				"_required": false,
				"_mergeSlotWithChildren": false,
				"_proto": "55d30c4c4bdc2db4468b457e"
			}
		],
		"CanPutIntoDuringTheRaid": true,
		"CantRemoveFromSlotsDuringRaid": [],
		"weapClass": "sniperRifle",
		"weapUseType": "primary",
		"ammoCaliber": "Caliber9x39",
		"Durability": 100,
		"MaxDurability": 100,
		"OperatingResource": 2000,
		"RepairComplexity": 1,
		"durabSpawnMin": 25,
		"durabSpawnMax": 75,
		"isFastReload": true,
		"RecoilForceUp": 110,
		"RecoilForceBack": 195,
		"Convergence": 2.5,
		"RecoilAngle": 90,
		"weapFireType": [
			"single",
			"fullauto"
		],
		"RecolDispersion": 25,
		"bFirerate": 900,
		"Ergonomics": 43,
		"Velocity": 0,
		"bEffDist": 400,
		"bHearDist": 80,
		"isChamberLoad": true,
		"chamberAmmoCount": 1,
		"isBoltCatch": false,
		"defMagType": "57838f0b2459774a256959b2",
		"defAmmo": "57a0dfb82459774d3078b56c",
		"shotgunDispersion": 0,
		"Chambers": [
			{
				"_name": "patron_in_weapon",
				"_id": "57c44c7c2459772d28133240",
				"_parent": "57c44b372459772d2b39b8ce",
				"_props": {
					"filters": [
						{
							"Filter": [
								"5c0d688c86f77413ae3407b2",
								"57a0dfb82459774d3078b56c",
								"57a0e5022459774d1673f889",
								"5c0d668f86f7747ccb7f13b2"
							],
							"MaxStackCount": 0
						}
					]
				},
				"_required": false,
				"_mergeSlotWithChildren": false,
				"_proto": "55d4af244bdc2d962f8b4571"
			}
		],
		"CameraRecoil": 0.2,
		"CameraSnap": 3.5,
		"ReloadMode": "ExternalMagazine",
		"CenterOfImpact": 0.02,
		"AimPlane": 0.2,
		"DeviationCurve": 1,
		"DeviationMax": 100,
		"Foldable": true,
		"Retractable": false,
		"TacticalReloadStiffnes": {
			"x": 0.95,
			"y": 0.33,
			"z": 0.95
		},
		"TacticalReloadFixation": 0.95,
		"RecoilCenter": {
			"x": 0,
			"y": -0.31,
			"z": 0.01
		},
		"RotationCenter": {
			"x": 0,
			"y": -0.1,
			"z": -0.09
		},
		"RotationCenterNoStock": {
			"x": 0,
			"y": -0.3,
			"z": -0.09
		},
		"SizeReduceRight": 0,
		"FoldedSlot": "mod_stock",
		"CompactHandling": true,
		"SightingRange": 100,
		"MinRepairDegradation": 0,
		"MaxRepairDegradation": 0.01,
		"IronSightRange": 100,
		"MustBoltBeOpennedForExternalReload": false,
		"MustBoltBeOpennedForInternalReload": false,
		"BoltAction": false,
		"HipAccuracyRestorationDelay": 0.2,
		"HipAccuracyRestorationSpeed": 7,
		"HipInnaccuracyGain": 0.16,
		"ManualBoltCatch": false
	},
	"_proto": "57838ad32459774a17445cd2"
}