{
	"_id": "57cd379a24597778e7682ecf",
	"_name": "weapon_tactical_tomahawk",
	"_parent": "5447e1d04bdc2dff2f8b4567",
	"_type": "Item",
	"_props": {
		"Name": "weapon_kiba_arms_axe",
		"ShortName": "weapon_kiba_arms_axe",
		"Description": "weapon_kiba_arms_axe",
		"Weight": 1.861,
		"BackgroundColor": "grey",
		"Width": 1,
		"Height": 3,
		"StackMaxSize": 1,
		"Rarity": "Not_exist",
		"SpawnChance": 50,
		"CreditsPrice": 16800,
		"ItemSound": "knife_generic",
		"Prefab": {
			"path": "assets/content/weapons/kiba_axe/weapon_kiba_arms_axe_container.bundle",
			"rcid": ""
		},
		"UsePrefab": {
			"path": "",
			"rcid": ""
		},
		"StackObjectsCount": 1,
		"NotShownInSlot": false,
		"ExaminedByDefault": true,
		"ExamineTime": 1,
		"IsUndiscardable": false,
		"IsUnsaleable": false,
		"IsUnbuyable": false,
		"IsUngivable": false,
		"IsLockedafterEquip": false,
		"QuestItem": false,
		"LootExperience": 20,
		"ExamineExperience": 10,
		"HideEntrails": false,
		"RepairCost": 0,
		"RepairSpeed": 0,
		"ExtraSizeLeft": 0,
		"ExtraSizeRight": 0,
		"ExtraSizeUp": 0,
		"ExtraSizeDown": 0,
		"ExtraSizeForceAdd": false,
		"MergesWithChildren": false,
		"CanSellOnRagfair": true,
		"CanRequireOnRagfair": true,
		"BannedFromRagfair": false,
		"ConflictingItems": [],
		"FixedPrice": false,
		"Unlootable": true,
		"UnlootableFromSlot": "Scabbard",
		"UnlootableFromSide": [
			"Bear",
			"Usec"
		],
		"ChangePriceCoef": 1,
		"AllowSpawnOnLocations": [],
		"SendToClient": false,
		"AnimationVariantsNumber": 0,
		"DiscardingBlock": false,
		"knifeHitDelay": 0,
		"knifeHitSlashRate": 0,
		"knifeHitStabRate": 1,
		"knifeHitRadius": 0.5,
		"knifeHitSlashDam": 25,
		"knifeHitStabDam": 35,
		"knifeDurab": 100,
		"Durability": 100,
		"MaxDurability": 100,
		"PrimaryDistance": 0.5,
		"SecondryDistance": 0.6,
		"SlashPenetration": 1,
		"StabPenetration": 1,
		"MinRepairDegradation": 0,
		"MaxRepairDegradation": 0.01,
		"PrimaryConsumption": 10,
		"SecondryConsumption": 13,
		"DeflectionConsumption": 3
	},
	"_proto": "54491bb74bdc2d09088b4567"
}