{
	"_id": "57cffb66245977632f391a99",
	"_name": "foregrip_m-lok_magpul_m-lok_afg_blk",
	"_parent": "55818af64bdc2d5b648b4570",
	"_type": "Item",
	"_props": {
		"Name": "foregrip_m-lok_magpul_m-lok_afg_blk",
		"ShortName": "foregrip_m-lok_magpul_m-lok_afg_blk",
		"Description": "foregrip_m-lok_magpul_m-lok_afg_blk",
		"Weight": 0.042,
		"BackgroundColor": "blue",
		"Width": 1,
		"Height": 1,
		"StackMaxSize": 1,
		"Rarity": "Not_exist",
		"SpawnChance": 15,
		"CreditsPrice": 7043,
		"ItemSound": "mod",
		"Prefab": {
			"path": "assets/content/items/mods/foregrips/foregrip_m-lok_magpul_m-lok_afg_blk.bundle",
			"rcid": ""
		},
		"UsePrefab": {
			"path": "",
			"rcid": ""
		},
		"StackObjectsCount": 1,
		"NotShownInSlot": false,
		"ExaminedByDefault": true,
		"ExamineTime": 1,
		"IsUndiscardable": false,
		"IsUnsaleable": false,
		"IsUnbuyable": false,
		"IsUngivable": false,
		"IsLockedafterEquip": false,
		"QuestItem": false,
		"LootExperience": 20,
		"ExamineExperience": 8,
		"HideEntrails": false,
		"RepairCost": 0,
		"RepairSpeed": 0,
		"ExtraSizeLeft": 0,
		"ExtraSizeRight": 0,
		"ExtraSizeUp": 0,
		"ExtraSizeDown": 0,
		"ExtraSizeForceAdd": false,
		"MergesWithChildren": true,
		"CanSellOnRagfair": true,
		"CanRequireOnRagfair": true,
		"BannedFromRagfair": false,
		"ConflictingItems": [],
		"FixedPrice": false,
		"Unlootable": false,
		"UnlootableFromSlot": "FirstPrimaryWeapon",
		"UnlootableFromSide": [],
		"ChangePriceCoef": 1,
		"AllowSpawnOnLocations": [],
		"SendToClient": false,
		"AnimationVariantsNumber": 0,
		"DiscardingBlock": false,
		"Grids": [],
		"Slots": [],
		"CanPutIntoDuringTheRaid": true,
		"CantRemoveFromSlotsDuringRaid": [],
		"Durability": 100,
		"Accuracy": 0,
		"Recoil": -2,
		"Loudness": 0,
		"EffectiveDistance": 0,
		"Ergonomics": 9,
		"Velocity": 0,
		"RaidModdable": true,
		"ToolModdable": true,
		"BlocksFolding": false,
		"BlocksCollapsible": false,
		"IsAnimated": false,
		"HasShoulderContact": false,
		"SightingRange": 0
	},
	"_proto": "558032614bdc2de7118b4585"
}