{
	"_id": "57e26fc7245977162a14b800",
	"_name": "weapon_bars_a-2607_95x18",
	"_parent": "5447e1d04bdc2dff2f8b4567",
	"_type": "Item",
	"_props": {
		"Name": "weapon_bars_a-2607_95x18",
		"ShortName": "weapon_bars_a-2607_95x18",
		"Description": "weapon_bars_a-2607_95x18\n",
		"Weight": 0.28,
		"BackgroundColor": "grey",
		"Width": 2,
		"Height": 1,
		"StackMaxSize": 1,
		"Rarity": "Not_exist",
		"SpawnChance": 30,
		"CreditsPrice": 5112,
		"ItemSound": "knife_generic",
		"Prefab": {
			"path": "assets/content/weapons/a-2607/weapon_bars_a-2607_95x18_container.bundle",
			"rcid": ""
		},
		"UsePrefab": {
			"path": "",
			"rcid": ""
		},
		"StackObjectsCount": 1,
		"NotShownInSlot": false,
		"ExaminedByDefault": true,
		"ExamineTime": 1,
		"IsUndiscardable": false,
		"IsUnsaleable": false,
		"IsUnbuyable": false,
		"IsUngivable": false,
		"IsLockedafterEquip": false,
		"QuestItem": false,
		"LootExperience": 20,
		"ExamineExperience": 2,
		"HideEntrails": false,
		"RepairCost": 0,
		"RepairSpeed": 0,
		"ExtraSizeLeft": 0,
		"ExtraSizeRight": 0,
		"ExtraSizeUp": 0,
		"ExtraSizeDown": 0,
		"ExtraSizeForceAdd": false,
		"MergesWithChildren": false,
		"CanSellOnRagfair": true,
		"CanRequireOnRagfair": true,
		"BannedFromRagfair": false,
		"ConflictingItems": [],
		"FixedPrice": false,
		"Unlootable": true,
		"UnlootableFromSlot": "Scabbard",
		"UnlootableFromSide": [
			"Bear",
			"Usec"
		],
		"ChangePriceCoef": 1,
		"AllowSpawnOnLocations": [],
		"SendToClient": false,
		"AnimationVariantsNumber": 0,
		"DiscardingBlock": false,
		"knifeHitDelay": 0,
		"knifeHitSlashRate": 0,
		"knifeHitStabRate": 1,
		"knifeHitRadius": 0.35,
		"knifeHitSlashDam": 16,
		"knifeHitStabDam": 21,
		"knifeDurab": 40,
		"Durability": 40,
		"MaxDurability": 40,
		"PrimaryDistance": 0.35,
		"SecondryDistance": 0.45,
		"SlashPenetration": 1,
		"StabPenetration": 1,
		"MinRepairDegradation": 0,
		"MaxRepairDegradation": 0.01,
		"PrimaryConsumption": 8,
		"SecondryConsumption": 10,
		"DeflectionConsumption": 3
	},
	"_proto": "57e26ea924597715ca604a09"
}