{
	"_id": "57ffb0e42459777d047111c5",
	"_name": "silencer_aks74u_tochmash_pbs-4_545x39",
	"_parent": "550aa4cd4bdc2dd8348b456c",
	"_type": "Item",
	"_props": {
		"Name": "silencer_aks74u_tochmash_pbs-4_545x39",
		"ShortName": "silencer_aks74u_tochmash_pbs-4_545x39",
		"Description": "silencer_aks74u_tochmash_pbs-4_545x39",
		"Weight": 0.7,
		"BackgroundColor": "blue",
		"Width": 2,
		"Height": 1,
		"StackMaxSize": 1,
		"Rarity": "Superrare",
		"SpawnChance": 8,
		"CreditsPrice": 32991,
		"ItemSound": "mod",
		"Prefab": {
			"path": "assets/content/items/mods/silencers/silencer_aks74u_tochmash_pbs-4_545x39.bundle",
			"rcid": ""
		},
		"UsePrefab": {
			"path": "",
			"rcid": ""
		},
		"StackObjectsCount": 1,
		"NotShownInSlot": false,
		"ExaminedByDefault": true,
		"ExamineTime": 1,
		"IsUndiscardable": false,
		"IsUnsaleable": false,
		"IsUnbuyable": false,
		"IsUngivable": false,
		"IsLockedafterEquip": false,
		"QuestItem": false,
		"LootExperience": 30,
		"ExamineExperience": 4,
		"HideEntrails": false,
		"RepairCost": 0,
		"RepairSpeed": 0,
		"ExtraSizeLeft": 1,
		"ExtraSizeRight": 0,
		"ExtraSizeUp": 0,
		"ExtraSizeDown": 0,
		"ExtraSizeForceAdd": true,
		"MergesWithChildren": true,
		"CanSellOnRagfair": true,
		"CanRequireOnRagfair": true,
		"BannedFromRagfair": false,
		"ConflictingItems": [],
		"FixedPrice": false,
		"Unlootable": false,
		"UnlootableFromSlot": "FirstPrimaryWeapon",
		"UnlootableFromSide": [],
		"ChangePriceCoef": 1,
		"AllowSpawnOnLocations": [],
		"SendToClient": false,
		"AnimationVariantsNumber": 0,
		"DiscardingBlock": false,
		"Grids": [],
		"Slots": [],
		"CanPutIntoDuringTheRaid": true,
		"CantRemoveFromSlotsDuringRaid": [],
		"Durability": 100,
		"Accuracy": -1,
		"Recoil": -6,
		"Loudness": 0,
		"EffectiveDistance": 0,
		"Ergonomics": -14,
		"Velocity": 0.75,
		"RaidModdable": true,
		"ToolModdable": false,
		"BlocksFolding": false,
		"BlocksCollapsible": false,
		"IsAnimated": false,
		"HasShoulderContact": false,
		"SightingRange": 0,
		"muzzleModType": "pms"
	},
	"_proto": "564caa3d4bdc2d17108b458e"
}