{
	"name": "UnlimitedTime",
	"author": "Chief",
	"version": "1.5.0",
	"license": "None",
	"dependencies":{},
	"db": {
		"locations": {
			"bigmap": {
			    "base": "db/locations/bigmap/base.json"
			},
			"factory4_day": {
				"base": "db/locations/factory4_day/base.json"
			},
			"factory4_night": {
				"base": "db/locations/factory4_night/base.json"
			},
			"interchange": {
				"base": "db/locations/interchange/base.json"
			},
			"laboratory": {
				"base": "db/locations/laboratory/base.json"
			},
			"rezervbase": {
				"base": "db/locations/rezervbase/base.json"
			},
			"shoreline": {
				"base": "db/locations/shoreline/base.json"
			},
			"woods": {
				"base": "db/locations/woods/base.json"
			}
		}
	}
}