{
	"_id": "59db794186f77448bc595262",
	"_name": "Epsilon container",
	"_parent": "5448bf274bdc2dfc2f8b456a",
	"_type": "Item",
	"_props": {
		"Name": "Защищенный контейнер Эпсилон",
		"ShortName": "E-secured",
		"Description": "",
		"Weight": 1.5,
		"BackgroundColor": "violet",
		"Width": 4,
		"Height": 2,
		"StackMaxSize": 1,
		"Rarity": "Not_exist",
		"SpawnChance": 50,
		"CreditsPrice": 1100000,
		"ItemSound": "container_case",
		"Prefab": {
			"path": "assets/content/prefabs/levelobjects/outdoor/plastic_suitcase_set/plastic_suitcase_54_p.bundle",
			"rcid": ""
		},
		"UsePrefab": {
			"path": "",
			"rcid": ""
		},
		"StackObjectsCount": 1,
		"NotShownInSlot": false,
		"ExaminedByDefault": false,
		"ExamineTime": 0.1,
		"IsUndiscardable": false,
		"IsUnsaleable": false,
		"IsUnbuyable": false,
		"IsUngivable": false,
		"IsLockedafterEquip": false,
		"QuestItem": false,
		"LootExperience": 20,
		"ExamineExperience": 10,
		"HideEntrails": true,
		"RepairCost": 0,
		"RepairSpeed": 0,
		"ExtraSizeLeft": 0,
		"ExtraSizeRight": 0,
		"ExtraSizeUp": 0,
		"ExtraSizeDown": 0,
		"ExtraSizeForceAdd": false,
		"MergesWithChildren": false,
		"CanSellOnRagfair": false,
		"CanRequireOnRagfair": false,
		"BannedFromRagfair": true,
		"ConflictingItems": [],
		"FixedPrice": false,
		"Unlootable": false,
		"UnlootableFromSlot": "FirstPrimaryWeapon",
		"UnlootableFromSide": [],
		"ChangePriceCoef": 1,
		"AllowSpawnOnLocations": [],
		"SendToClient": false,
		"AnimationVariantsNumber": 0,
		"DiscardingBlock": true,
		"Grids": [
			{
				"_name": "main",
				"_id": "5c093ca986f7740a1867ab14",
				"_parent": "5c093ca986f7740a1867ab12",
				"_props": {
					"filters": [
						{
							"Filter": [
								"5448eb774bdc2d0a728b4567",
								"543be5f84bdc2dd4348b456a",
								"5645bcb74bdc2ded0b8b4578",
								"5448fe124bdc2da5018b4567",
								"5448e53e4bdc2d60728b4567",
								"5448e5284bdc2dcb718b4567",
								"5aafbde786f774389d0cbc0f",
								"5c093db286f7740a1b2617e3",
								"59fafd4b86f7745ca07e1232",
								"5d235bb686f77443f4331278",
								"5c127c4486f7745625356c13",
								"5aafbcd986f7745e590fff23",
								"59fb016586f7746d0d4b423a",
								"5c093e3486f77430cb02e593",
								"59fb023c86f7746d0d4b423c",
								"590c60fc86f77412b13fddcf",
								"5783c43d2459774bbe137486",
								"5422acb9af1c889c16000029",
								"543be6674bdc2df1348b4569",
								"5448ecbe4bdc2d60728b4568",
								"543be5e94bdc2df1348b4568",
								"5447e1d04bdc2dff2f8b4567",
								"567849dd4bdc2d150f8b456e",
								"543be5664bdc2dd4348b4569",
								"5447e0e74bdc2d3c308b4567",
								"5661632d4bdc2d903d8b456b",
								"543be6564bdc2df4348b4568",
								"567143bf4bdc2d1a0f8b4567",
								"5b7c710788a4506dec015957",
								"59fb042886f7746c5005a7b2",
								"5e2af55f86f7746d4159f07c",
								"5b6d9ce188a4501afc1b2b25"
							],
							"ExcludedFilter": []
						}
					],
					"cellsH": 4,
					"cellsV": 2,
					"minCount": 0,
					"maxCount": 0,
					"maxWeight": 0
				},
				"_proto": "55d329c24bdc2d892f8b4567"
			}
		],
		"Slots": [],
		"CanPutIntoDuringTheRaid": true,
		"CantRemoveFromSlotsDuringRaid": [
			"SecuredContainer"
		],
		"SearchSound": "techno_box_looting_01",
		"BlocksArmorVest": false,
		"containType": [],
		"sizeWidth": 4,
		"sizeHeight": 2,
		"isSecured": true,
		"spawnTypes": "None",
		"lootFilter": [],
		"spawnRarity": "Common",
		"minCountSpawn": 0,
		"maxCountSpawn": 0,
		"openedByKeyID": []
	},
	"_proto": "544a11ac4bdc2d470e8b456a"
}