{
    "Hydration": {
        "Current": 175,
        "Maximum": 175
    },
    "Energy": {
        "Current": 175,
        "Maximum": 175
    },
    "BodyParts": {
        "Head": {
            "Health": {
                "Current": 61,
                "Maximum": 61
            }
        },
        "Chest": {
            "Health": {
                "Current": 140,
                "Maximum": 140
            }
        },
        "Stomach": {
            "Health": {
                "Current": 122,
                "Maximum": 122
            }
        },
        "LeftArm": {
            "Health": {
                "Current": 105,
                "Maximum": 105
            }
        },
        "RightArm": {
            "Health": {
                "Current": 105,
                "Maximum": 105
            }
        },
        "LeftLeg": {
            "Health": {
                "Current": 113,
                "Maximum": 113
            }
        },
        "RightLeg": {
            "Health": {
                "Current": 113,
                "Maximum": 113
            }
        }
    }
}