{
	"_id": "Exchanger",
	"working": true,
	"customization_seller": false,
	"name": "Exchanger",
	"surname": "Exchanger",
	"nickname": "Exchanger",
	"location": "Unknown",
	"avatar": "/files/trader/avatar/Exchanger.jpg",
	"balance_rub": 10000000,
	"balance_dol": 0,
	"balance_eur": 0,
	"display": true,
	"discount": 0,
	"discount_end": 0,
	"buyer_up": false,
	"currency": "RUB",
	"supply_next_time": 1598099916,
	"repair": {
		"availability": true,
		"quality": "1.2",
		"excluded_id_list": [],
		"excluded_category": [],
		"currency": "5449016a4bdc2d6f028b456f",
		"currency_coefficient": 1,
		"price_rate": 0
	},
	"insurance": {
		"availability": false,
		"min_payment": 0,
		"min_return_hour": 0,
		"max_return_hour": 0,
		"max_storage_time": 24,
		"excluded_category": []
	},
	"gridHeight": 120,
	"loyalty": {
		"currentLevel": 1,
		"currentStanding": 0,
		"currentSalesSum": 0,
		"loyaltyLevels": {
			"0": {
				"minLevel": 1,
				"minSalesSum": 0,
				"minStanding": 0
			},
			"1": {
				"minLevel": 10,
				"minSalesSum": 1000000,
				"minStanding": 0
			},
			"2": {
				"minLevel": 20,
				"minSalesSum": 1500000,
				"minStanding": 0
			},
			"3": {
				"minLevel": 30,
				"minSalesSum": 3000000,
				"minStanding": 0
			}
		}
	},
	"sell_category": []
}