{
	"_id": "5d235bb686f77443f4331278",
	"_name": "item_container_lopouch",
	"_parent": "5795f317245977243854e041",
	"_type": "Item",
	"_props": {
		"Name": "item_container_lopouch",
		"ShortName": "item_container_lopouch",
		"Description": "item_container_lopouch",
		"Weight": 0.2,
		"BackgroundColor": "blue",
		"Width": 2,
		"Height": 1,
		"StackMaxSize": 1,
		"Rarity": "Not_exist",
		"SpawnChance": 4,
		"CreditsPrice": 750000,
		"ItemSound": "container_pouch",
		"Prefab": {
			"path": "assets/content/items/containers/item_container_lopouch/item_container_lopouch.bundle",
			"rcid": ""
		},
		"UsePrefab": {
			"path": "",
			"rcid": ""
		},
		"StackObjectsCount": 1,
		"NotShownInSlot": false,
		"ExaminedByDefault": false,
		"ExamineTime": 1,
		"IsUndiscardable": false,
		"IsUnsaleable": false,
		"IsUnbuyable": false,
		"IsUngivable": false,
		"IsLockedafterEquip": false,
		"QuestItem": false,
		"LootExperience": 30,
		"ExamineExperience": 10,
		"HideEntrails": true,
		"RepairCost": 0,
		"RepairSpeed": 0,
		"ExtraSizeLeft": 0,
		"ExtraSizeRight": 0,
		"ExtraSizeUp": 0,
		"ExtraSizeDown": 0,
		"ExtraSizeForceAdd": false,
		"MergesWithChildren": false,
		"CanSellOnRagfair": true,
		"CanRequireOnRagfair": true,
		"BannedFromRagfair": false,
		"ConflictingItems": [],
		"FixedPrice": false,
		"Unlootable": false,
		"UnlootableFromSlot": "FirstPrimaryWeapon",
		"UnlootableFromSide": [],
		"ChangePriceCoef": 1,
		"AllowSpawnOnLocations": [],
		"SendToClient": false,
		"AnimationVariantsNumber": 0,
		"DiscardingBlock": false,
		"Grids": [
			{
				"_name": "main",
				"_id": "5d235bb686f77443f433127a",
				"_parent": "5d235bb686f77443f4331278",
				"_props": {
					"filters": [
						{
							"Filter": [
								"59faff1d86f7746c51718c9c",
								"5d235b4d86f7742e017bc88a",
								"5c1267ee86f77416ec610f72",
								"5d235a5986f77443f6329bc6",
								"59f32bb586f774757e1e8442",
								"59f32c3b86f77472a31742f0",
								"590c621186f774138d11ea29",
								"543be5e94bdc2df1348b4568",
								"543be5dd4bdc2deb348b4569"
							],
							"ExcludedFilter": []
						}
					],
					"cellsH": 8,
					"cellsV": 8,
					"minCount": 0,
					"maxCount": 0,
					"maxWeight": 0
				},
				"_proto": "55d329c24bdc2d892f8b4567"
			}
		],
		"Slots": [],
		"CanPutIntoDuringTheRaid": true,
		"CantRemoveFromSlotsDuringRaid": [],
		"TagColor": 0,
		"TagName": ""
	},
	"_proto": "577e1c9d2459773cd707c525"
}