{
	"_id": "suicide_cream",
	"_name": "suicide_cream",
	"_parent": "5448f3a14bdc2d27728b4569",
	"_type": "Item",
	"_props": {
		"Name": "Golden Star Balm",
		"ShortName": "Golden Star Balm",
		"Description": "Golden Star Balm",
		"Weight": 0.001,
		"BackgroundColor": "violet",
		"Width": 1,
		"Height": 1,
		"StackMaxSize": 1,
		"Rarity": "Superrare",
		"SpawnChance": 1,
		"CreditsPrice": 666,
		"ItemSound": "generic",
		"Prefab": {
			"path": "assets/content/weapons/usable_items/item_golden_star_balm/item_golden_star_balm_loot.bundle",
			"rcid": ""
		},
		"UsePrefab": {
			"path": "assets/content/weapons/usable_items/item_golden_star_balm/item_golden_star_balm_container.bundle",
			"rcid": ""
		},
		"StackObjectsCount": 1,
		"NotShownInSlot": false,
		"ExaminedByDefault": true,
		"ExamineTime": 1,
		"IsUndiscardable": false,
		"IsUnsaleable": false,
		"IsUnbuyable": false,
		"IsUngivable": false,
		"IsLockedafterEquip": false,
		"QuestItem": false,
		"LootExperience": 250,
		"ExamineExperience": 4,
		"HideEntrails": false,
		"RepairCost": 0,
		"RepairSpeed": 0,
		"ExtraSizeLeft": 0,
		"ExtraSizeRight": 0,
		"ExtraSizeUp": 0,
		"ExtraSizeDown": 0,
		"ExtraSizeForceAdd": false,
		"MergesWithChildren": false,
		"CanSellOnRagfair": true,
		"CanRequireOnRagfair": true,
		"BannedFromRagfair": false,
		"ConflictingItems": [],
		"FixedPrice": false,
		"Unlootable": false,
		"UnlootableFromSlot": "FirstPrimaryWeapon",
		"UnlootableFromSide": [],
		"ChangePriceCoef": 1,
		"AllowSpawnOnLocations": [],
		"SendToClient": false,
		"AnimationVariantsNumber": 0,
		"DiscardingBlock": false,
		"medUseTime": 7,
		"medEffectType": "duringUse",
		"MaxHpResource": 0,
		"hpResourceRate": 0,
		"StimulatorBuffs": "BuffsSuicideCream",
		"effects_health": {
			"common": {
				"value": 0,
				"percent": false,
				"time": 0,
				"duration": 0
			},
			"head": {
				"value": 0,
				"percent": false,
				"time": 0,
				"duration": 0
			},
			"arm_left": {
				"value": 0,
				"percent": false,
				"time": 0,
				"duration": 0
			},
			"arm_right": {
				"value": 0,
				"percent": false,
				"time": 0,
				"duration": 0
			},
			"chest": {
				"value": 0,
				"percent": false,
				"time": 0,
				"duration": 0
			},
			"tummy": {
				"value": 0,
				"percent": false,
				"time": 0,
				"duration": 0
			},
			"leg_left": {
				"value": 0,
				"percent": false,
				"time": 0,
				"duration": 0
			},
			"leg_right": {
				"value": 0,
				"percent": false,
				"time": 0,
				"duration": 0
			},
			"energy": {
				"value": 0,
				"percent": false,
				"time": 0,
				"duration": 0
			},
			"hydration": {
				"value": 0,
				"percent": false,
				"time": 0,
				"duration": 0
			}
		},
		"effects_damage": {
			"bloodloss": {
				"remove": false,
				"time": 0,
				"duration": 0,
				"fadeOut": 0
			},
			"fracture": {
				"remove": false,
				"time": 0,
				"duration": 0,
				"fadeOut": 0
			},
			"pain": {
				"remove": false,
				"time": 0,
				"duration": 0,
				"fadeOut": 0
			},
			"contusion": {
				"remove": false,
				"time": 0,
				"duration": 0,
				"fadeOut": 0
			},
			"toxication": {
				"remove": false,
				"time": 0,
				"duration": 0,
				"fadeOut": 0
			},
			"radExposure": {
				"remove": false,
				"time": 0,
				"duration": 0,
				"fadeOut": 0
			}
		},
		"MaxEfficiency": 0,
		"Addiction": 0,
		"Overdose": 0,
		"OverdoseRecovery": 0,
		"AddictionRecovery": 0
	},
	"_proto": "544fb25a4bdc2dfb738b4567"
}