{
	"_id": "TerraGroup_Specialist",
	"working": true,
	"customization_seller": false,
	"name": "",
	"surname": "",
	"nickname": "",
	"location": "unknown",
	"avatar": "/files/trader/avatar/TerraGroup_Specialist.jpg",
	"balance_rub": 0,
	"balance_dol": 0,
	"balance_eur": 100000,
	"display": true,
	"discount": 0,
	"discount_end": 0,
	"buyer_up": true,
	"currency": "EUR",
	"supply_next_time": 1576762923,
	"repair": {
		"availability": true,
		"quality": "0.2",
		"excluded_id_list": [],
		"excluded_category": [],
		"currency": "5449016a4bdc2d6f028b456f",
		"currency_coefficient": 3,
		"price_rate": 2
	},
	"insurance": {
		"availability": true,
		"min_payment": 150000,
		"min_return_hour": 3,
		"max_return_hour": 6,
		"max_storage_time": 72,
		"excluded_category": []
	},
	"gridHeight": 60,
	"loyalty": {
		"currentLevel": 1,
		"currentStanding": 0,
		"currentSalesSum": 0,
		"loyaltyLevels": {
			"0": {
				"minLevel": 50,
				"minSalesSum": 0,
				"minStanding": 0
			},
			"1": {
				"minLevel": 55,
				"minSalesSum": 0,
				"minStanding": 0.3
			},
			"2": {
				"minLevel": 60,
				"minSalesSum": 550000,
				"minStanding": 0.6
			},
			"3": {
				"minLevel": 65,
				"minSalesSum": 1000000,
				"minStanding": 1.0
			}
		}
	},
	"sell_category": []
}