{
	"items": [
		{
			"_id": "5c6687d65e9d882c8841f0fd",
			"_tpl": "55d7217a4bdc2d86028b456d"
		},
		{
			"_id": "5c6687d65e9d882c8841f121",
			"_tpl": "557ffd194bdc2d28148b457f",
			"parentId": "5c6687d65e9d882c8841f0fd",
			"slotId": "Pockets"
		},
		{
			"_id": "5c6687d65e9d882c8841f0fc",
			"_tpl": "566abbc34bdc2d92178b4576"
		},
		{
			"_id": "5c6687d65e9d882c8841f0ff",
			"_tpl": "5963866b86f7747bfa1c4462"
		},
		{
			"_id": "5c6687d65e9d882c8841f0fe",
			"_tpl": "5963866286f7747bf429b572"
		},
		{
			"_id": "TacticalVest431550",
			"_tpl": "5d5d85c586f774279a21cbdb",
			"parentId": "5c6687d65e9d882c8841f0fd",
			"slotId": "TacticalVest"
		},
		{
			"_id": "I210016101782840201FfSza",
			"_tpl": "5448bd6b4bdc2dfc2f8b4569",
			"parentId": "5c6687d65e9d882c8841f0fd",
			"slotId": "Holster"
		},
		{
			"_id": "AmmoMag163639",
			"_tpl": "57371f8d24597761006c6a81",
			"parentId": "I210016108228972218lshfS",
			"slotId": "cartridges",
			"upd": {
				"StackObjectsCount": 8
			}
		},
		{
			"_id": "I210016108228972218lshfS",
			"_tpl": "5448c12b4bdc2d02308b456f",
			"parentId": "I210016101782840201FfSza",
			"slotId": "mod_magazine"
		},
		{
			"_id": "FuckYouUnlimitedAmmo351851",
			"_tpl": "5857a8bc2459772bad15db29",
			"parentId": "5c6687d65e9d882c8841f0fd",
			"slotId": "SecuredContainer"
		},
		{
			"_id": "iHateThatShit783890",
			"_tpl": "57372140245977611f70ee91",
			"parentId": "FuckYouUnlimitedAmmo351851",
			"slotId": "main",
			"upd": {
				"StackObjectsCount": 60
			}
		},
		{
			"_id": "iHateThatShit941951",
			"_tpl": "573718ba2459775a75491131",
			"parentId": "FuckYouUnlimitedAmmo351851",
			"slotId": "main",
			"upd": {
				"StackObjectsCount": 60
			}
		},
		{
			"_id": "iHateThatShit827663",
			"_tpl": "573719df2459775a626ccbc2",
			"parentId": "FuckYouUnlimitedAmmo351851",
			"slotId": "main",
			"upd": {
				"StackObjectsCount": 60
			}
		},
		{
			"_id": "iHateThatShit779434",
			"_tpl": "5737218f245977612125ba51",
			"parentId": "FuckYouUnlimitedAmmo351851",
			"slotId": "main",
			"upd": {
				"StackObjectsCount": 60
			}
		},
		{
			"_id": "iHateThatShit351437",
			"_tpl": "57371eb62459776125652ac1",
			"parentId": "FuckYouUnlimitedAmmo351851",
			"slotId": "main",
			"upd": {
				"StackObjectsCount": 60
			}
		},
		{
			"_id": "iHateThatShit738568",
			"_tpl": "57371aab2459775a77142f22",
			"parentId": "FuckYouUnlimitedAmmo351851",
			"slotId": "main",
			"upd": {
				"StackObjectsCount": 60
			}
		},
		{
			"_id": "iHateThatShit25185",
			"_tpl": "573719762459775a626ccbc1",
			"parentId": "FuckYouUnlimitedAmmo351851",
			"slotId": "main",
			"upd": {
				"StackObjectsCount": 60
			}
		},
		{
			"_id": "iHateThatShit677189",
			"_tpl": "57371aab2459775a77142f22",
			"parentId": "FuckYouUnlimitedAmmo351851",
			"slotId": "main",
			"upd": {
				"StackObjectsCount": 60
			}
		},
		{
			"_id": "iHateThatShit322845",
			"_tpl": "5737201124597760fc4431f1",
			"parentId": "FuckYouUnlimitedAmmo351851",
			"slotId": "main",
			"upd": {
				"StackObjectsCount": 60
			}
		},
		{
			"_id": "magP0Vest63145",
			"_tpl": "5448c12b4bdc2d02308b456f",
			"parentId": "TacticalVest431550",
			"slotId": "1",
			"location": {
				"x": 0,
				"y": 0,
				"r": "Horizontal"
			}
		},
		{
			"_id": "AmmoMagPVest587128",
			"_tpl": "57371f2b24597761224311f1",
			"parentId": "magP0Vest63145",
			"slotId": "cartridges",
			"upd": {
				"StackObjectsCount": 8
			}
		},
		{
			"_id": "magP1Vest56538",
			"_tpl": "5448c12b4bdc2d02308b456f",
			"parentId": "TacticalVest431550",
			"slotId": "3",
			"location": {
				"x": 0,
				"y": 0,
				"r": "Horizontal"
			}
		},
		{
			"_id": "AmmoMagPVest357935",
			"_tpl": "57371eb62459776125652ac1",
			"parentId": "magP1Vest56538",
			"slotId": "cartridges",
			"upd": {
				"StackObjectsCount": 8
			}
		},
		{
			"_id": "magP2Vest14000",
			"_tpl": "5448c12b4bdc2d02308b456f",
			"parentId": "TacticalVest431550",
			"slotId": "5",
			"location": {
				"x": 0,
				"y": 0,
				"r": "Horizontal"
			}
		},
		{
			"_id": "AmmoMagPVest604421",
			"_tpl": "5737207f24597760ff7b25f2",
			"parentId": "magP2Vest14000",
			"slotId": "cartridges",
			"upd": {
				"StackObjectsCount": 8
			}
		},
		{
			"_id": "Scabbard615378",
			"_tpl": "5bffdc370db834001d23eca8",
			"parentId": "5c6687d65e9d882c8841f0fd",
			"slotId": "Scabbard"
		},
		{
			"_id": "Headwear351106",
			"_tpl": "5aa2ba46e5b5b000137b758d",
			"parentId": "5c6687d65e9d882c8841f0fd",
			"slotId": "Headwear"
		},
		{
			"_id": "Backpack48550",
			"_tpl": "56e33634d2720bd8058b456b",
			"parentId": "5c6687d65e9d882c8841f0fd",
			"slotId": "Backpack"
		},
		{
			"_id": "BP_Backpack48550_771713",
			"_tpl": "57513f07245977207e26a311",
			"parentId": "Backpack48550",
			"slotId": "main",
			"location": {
				"x": 0,
				"y": 0,
				"r": "Horizontal"
			}
		},
		{
			"_id": "BP_Backpack48550_941174",
			"_tpl": "5a1eaa87fcdbcb001865f75e",
			"parentId": "Backpack48550",
			"slotId": "main",
			"location": {
				"x": 0,
				"y": 2,
				"r": "Horizontal"
			}
		},
		{
			"_id": "BP_Backpack48550_372448",
			"_tpl": "5d1b2fa286f77425227d1674",
			"parentId": "Backpack48550",
			"slotId": "main",
			"location": {
				"x": 1,
				"y": 0,
				"r": "Horizontal"
			}
		},
		{
			"_id": "BP_Backpack48550_342199",
			"_tpl": "5bc9c29cd4351e003562b8a3",
			"parentId": "Backpack48550",
			"slotId": "main",
			"location": {
				"x": 2,
				"y": 2,
				"r": "Horizontal"
			}
		},
		{
			"_id": "BP_Backpack48550_185012",
			"_tpl": "590c2d8786f774245b1f03f3",
			"parentId": "Backpack48550",
			"slotId": "main",
			"location": {
				"x": 3,
				"y": 0,
				"r": "Horizontal"
			}
		},
		{
			"_id": "BP_Backpack48550_431126",
			"_tpl": "5a0dc95c86f77452440fc675",
			"parentId": "Backpack48550",
			"slotId": "main",
			"location": {
				"x": 3,
				"y": 1,
				"r": "Horizontal"
			}
		},
		{
			"_id": "BP_Backpack48550_813302",
			"_tpl": "5913651986f774432f15d132",
			"parentId": "Backpack48550",
			"slotId": "main",
			"location": {
				"x": 3,
				"y": 2,
				"r": "Horizontal"
			}
		},
		{
			"_id": "Pocket_35989",
			"_tpl": "57347cd0245977445a2d6ff1",
			"parentId": "5c6687d65e9d882c8841f121",
			"slotId": "pocket1",
			"location": {
				"x": 0,
				"y": 0,
				"r": "Horizontal"
			},
			"upd": {
				"SpawnedInSession": true
			}
		},
		{
			"_id": "Pocket_251636",
			"_tpl": "5a0ea79b86f7741d4a35298e",
			"parentId": "5c6687d65e9d882c8841f121",
			"slotId": "pocket2",
			"location": {
				"x": 0,
				"y": 0,
				"r": "Horizontal"
			},
			"upd": {
				"SpawnedInSession": true
			}
		}
	],
	"equipment": "5c6687d65e9d882c8841f0fd",
	"stash": "5c6687d65e9d882c8841f0fc",
	"questRaidItems": "5c6687d65e9d882c8841f0fe",
	"questStashItems": "5c6687d65e9d882c8841f0ff",
	"fastPanel": {}
}