{
	"items": [
		{
			"_id": "5c6687d65e9d882c8841f0fd",
			"_tpl": "55d7217a4bdc2d86028b456d"
		},
		{
			"_id": "5c6687d65e9d882c8841f121",
			"_tpl": "557ffd194bdc2d28148b457f",
			"parentId": "5c6687d65e9d882c8841f0fd",
			"slotId": "Pockets"
		},
		{
			"_id": "5c6687d65e9d882c8841f0fc",
			"_tpl": "566abbc34bdc2d92178b4576"
		},
		{
			"_id": "5c6687d65e9d882c8841f0ff",
			"_tpl": "5963866b86f7747bfa1c4462"
		},
		{
			"_id": "5c6687d65e9d882c8841f0fe",
			"_tpl": "5963866286f7747bf429b572"
		},
		{
			"_id": "TacticalVest754098",
			"_tpl": "5d5d8ca986f7742798716522",
			"parentId": "5c6687d65e9d882c8841f0fd",
			"slotId": "TacticalVest"
		},
		{
			"_id": "I2132010136923416691oSrU",
			"_tpl": "5644bd2b4bdc2d3b4c8b4572",
			"parentId": "5c6687d65e9d882c8841f0fd",
			"slotId": "FirstPrimaryWeapon"
		},
		{
			"_id": "I2132010135566419415G3zH",
			"_tpl": "59c6633186f7740cf0493bb9",
			"parentId": "I2132010136923416691oSrU",
			"slotId": "mod_gas_block"
		},
		{
			"_id": "I2132010135701960084k2AX",
			"_tpl": "5649aa744bdc2ded0b8b457e",
			"parentId": "I2132010136923416691oSrU",
			"slotId": "mod_muzzle"
		},
		{
			"_id": "I2132010138878537844jWje",
			"_tpl": "5649ad3f4bdc2df8348b4585",
			"parentId": "I2132010136923416691oSrU",
			"slotId": "mod_pistol_grip"
		},
		{
			"_id": "I2132010135298279198WDKk",
			"_tpl": "5649af094bdc2df8348b4586",
			"parentId": "I2132010136923416691oSrU",
			"slotId": "mod_reciever"
		},
		{
			"_id": "I2132010133246176791RmJM",
			"_tpl": "5649b0544bdc2d1b2b8b458a",
			"parentId": "I2132010136923416691oSrU",
			"slotId": "mod_sight_rear",
			"upd": {
				"Sight": {
					"SelectedSightMode": 0
				}
			}
		},
		{
			"_id": "I2132010136825121434V4CS",
			"_tpl": "5649b1c04bdc2d16268b457c",
			"parentId": "I2132010136923416691oSrU",
			"slotId": "mod_stock"
		},
		{
			"_id": "MagazineWeaponScav4400",
			"_tpl": "564ca99c4bdc2d16268b4589",
			"parentId": "I2132010136923416691oSrU",
			"slotId": "mod_magazine"
		},
		{
			"_id": "AmmoMag16994",
			"_tpl": "56dff026d2720bb8668b4567",
			"parentId": "MagazineWeaponScav4400",
			"slotId": "cartridges",
			"upd": {
				"StackObjectsCount": 30
			}
		},
		{
			"_id": "I2132010138688584347Fzlj",
			"_tpl": "5648b4534bdc2d3d1c8b4580",
			"parentId": "I2132010135566419415G3zH",
			"slotId": "mod_handguard"
		},
		{
			"_id": "I2132010135896942817wFUy",
			"_tpl": "56dfef82d2720bbd668b4567",
			"parentId": "I2132010131886204393YSco",
			"slotId": "cartridges",
			"location": 0,
			"upd": {
				"StackObjectsCount": 30
			}
		},
		{
			"_id": "I2132010131750323892NX4u",
			"_tpl": "56def37dd2720bec348b456a",
			"parentId": "I2132010138688584347Fzlj",
			"slotId": "mod_tactical_001",
			"upd": {
				"Light": {
					"IsActive": true,
					"SelectedMode": 0
				}
			}
		},
		{
			"_id": "FuckYouUnlimitedAmmo785511",
			"_tpl": "5857a8bc2459772bad15db29",
			"parentId": "5c6687d65e9d882c8841f0fd",
			"slotId": "SecuredContainer"
		},
		{
			"_id": "iHateThatShit861352",
			"_tpl": "56dff338d2720bbd668b4569",
			"parentId": "FuckYouUnlimitedAmmo785511",
			"slotId": "main",
			"upd": {
				"StackObjectsCount": 60
			}
		},
		{
			"_id": "iHateThatShit371577",
			"_tpl": "56dff2ced2720bb4668b4567",
			"parentId": "FuckYouUnlimitedAmmo785511",
			"slotId": "main",
			"upd": {
				"StackObjectsCount": 60
			}
		},
		{
			"_id": "iHateThatShit663554",
			"_tpl": "56dff026d2720bb8668b4567",
			"parentId": "FuckYouUnlimitedAmmo785511",
			"slotId": "main",
			"upd": {
				"StackObjectsCount": 60
			}
		},
		{
			"_id": "iHateThatShit164296",
			"_tpl": "56dff4a2d2720bbd668b456a",
			"parentId": "FuckYouUnlimitedAmmo785511",
			"slotId": "main",
			"upd": {
				"StackObjectsCount": 60
			}
		},
		{
			"_id": "iHateThatShit626041",
			"_tpl": "56dff4a2d2720bbd668b456a",
			"parentId": "FuckYouUnlimitedAmmo785511",
			"slotId": "main",
			"upd": {
				"StackObjectsCount": 60
			}
		},
		{
			"_id": "iHateThatShit853720",
			"_tpl": "56dff026d2720bb8668b4567",
			"parentId": "FuckYouUnlimitedAmmo785511",
			"slotId": "main",
			"upd": {
				"StackObjectsCount": 60
			}
		},
		{
			"_id": "iHateThatShit371879",
			"_tpl": "56dfef82d2720bbd668b4567",
			"parentId": "FuckYouUnlimitedAmmo785511",
			"slotId": "main",
			"upd": {
				"StackObjectsCount": 60
			}
		},
		{
			"_id": "iHateThatShit402128",
			"_tpl": "56dff338d2720bbd668b4569",
			"parentId": "FuckYouUnlimitedAmmo785511",
			"slotId": "main",
			"upd": {
				"StackObjectsCount": 60
			}
		},
		{
			"_id": "iHateThatShit931734",
			"_tpl": "56dff2ced2720bb4668b4567",
			"parentId": "FuckYouUnlimitedAmmo785511",
			"slotId": "main",
			"upd": {
				"StackObjectsCount": 60
			}
		},
		{
			"_id": "mag0Vest311435",
			"_tpl": "5bed61680db834001d2c45ab",
			"parentId": "TacticalVest754098",
			"slotId": "2",
			"location": {
				"x": 0,
				"y": 0,
				"r": "Horizontal"
			}
		},
		{
			"_id": "AmmoMag0Vest244463",
			"_tpl": "56dff3afd2720bba668b4567",
			"parentId": "mag0Vest311435",
			"slotId": "cartridges",
			"upd": {
				"StackObjectsCount": 30
			}
		},
		{
			"_id": "mag0Vest454104",
			"_tpl": "5bed61680db834001d2c45ab",
			"parentId": "TacticalVest754098",
			"slotId": "1",
			"location": {
				"x": 0,
				"y": 0,
				"r": "Horizontal"
			}
		},
		{
			"_id": "AmmoMag0Vest328102",
			"_tpl": "5c0d5e4486f77478390952fe",
			"parentId": "mag0Vest454104",
			"slotId": "cartridges",
			"upd": {
				"StackObjectsCount": 30
			}
		},
		{
			"_id": "mag0Vest626317",
			"_tpl": "5bed61680db834001d2c45ab",
			"parentId": "TacticalVest754098",
			"slotId": "1",
			"location": {
				"x": 1,
				"y": 0,
				"r": "Horizontal"
			}
		},
		{
			"_id": "AmmoMag0Vest623547",
			"_tpl": "56dff216d2720bbd668b4568",
			"parentId": "mag0Vest626317",
			"slotId": "cartridges",
			"upd": {
				"StackObjectsCount": 30
			}
		},
		{
			"_id": "Scabbard298606",
			"_tpl": "57e26fc7245977162a14b800",
			"parentId": "5c6687d65e9d882c8841f0fd",
			"slotId": "Scabbard"
		},
		{
			"_id": "Headwear582939",
			"_tpl": "59e7711e86f7746cae05fbe1",
			"parentId": "5c6687d65e9d882c8841f0fd",
			"slotId": "Headwear"
		},
		{
			"_id": "Eyewear599890",
			"_tpl": "557ff21e4bdc2d89578b4586",
			"parentId": "5c6687d65e9d882c8841f0fd",
			"slotId": "Eyewear"
		},
		{
			"_id": "Pocket_61157",
			"_tpl": "5d80c6c586f77440351beef1",
			"parentId": "5c6687d65e9d882c8841f121",
			"slotId": "pocket1",
			"location": {
				"x": 0,
				"y": 0,
				"r": "Horizontal"
			},
			"upd": {
				"SpawnedInSession": true
			}
		}
	],
	"equipment": "5c6687d65e9d882c8841f0fd",
	"stash": "5c6687d65e9d882c8841f0fc",
	"questRaidItems": "5c6687d65e9d882c8841f0fe",
	"questStashItems": "5c6687d65e9d882c8841f0ff",
	"fastPanel": {}
}