{
	"items": [
		{
			"_id": "5c6687d65e9d882c8841f0fd",
			"_tpl": "55d7217a4bdc2d86028b456d"
		},
		{
			"_id": "5c6687d65e9d882c8841f121",
			"_tpl": "557ffd194bdc2d28148b457f",
			"parentId": "5c6687d65e9d882c8841f0fd",
			"slotId": "Pockets"
		},
		{
			"_id": "5c6687d65e9d882c8841f0fc",
			"_tpl": "566abbc34bdc2d92178b4576"
		},
		{
			"_id": "5c6687d65e9d882c8841f0ff",
			"_tpl": "5963866b86f7747bfa1c4462"
		},
		{
			"_id": "5c6687d65e9d882c8841f0fe",
			"_tpl": "5963866286f7747bf429b572"
		},
		{
			"_id": "TacticalVest457821",
			"_tpl": "5648a69d4bdc2ded0b8b457b",
			"parentId": "5c6687d65e9d882c8841f0fd",
			"slotId": "TacticalVest"
		},
		{
			"_id": "I21005559542953025dSHe9B",
			"_tpl": "5a38e6bac4a2826c6e06d79b",
			"parentId": "5c6687d65e9d882c8841f0fd",
			"slotId": "FirstPrimaryWeapon"
		},
		{
			"_id": "MagazineWeaponScav6928",
			"_tpl": "5c6161fb2e221600113fbde5",
			"parentId": "I21005559542953025dSHe9B",
			"slotId": "mod_magazine"
		},
		{
			"_id": "AmmoMag15584",
			"_tpl": "5d6e695fa4b936359b35d852",
			"parentId": "MagazineWeaponScav6928",
			"slotId": "cartridges",
			"upd": {
				"StackObjectsCount": 5
			}
		},
		{
			"_id": "I21005559534914848ofvJs5",
			"_tpl": "5adf23995acfc400185c2aeb",
			"parentId": "I21005559542953025dSHe9B",
			"slotId": "mod_stock"
		},
		{
			"_id": "FuckYouUnlimitedAmmo706830",
			"_tpl": "5857a8bc2459772bad15db29",
			"parentId": "5c6687d65e9d882c8841f0fd",
			"slotId": "SecuredContainer"
		},
		{
			"_id": "iHateThatShit585796",
			"_tpl": "5d6e6a05a4b93618084f58d0",
			"parentId": "FuckYouUnlimitedAmmo706830",
			"slotId": "main",
			"upd": {
				"StackObjectsCount": 60
			}
		},
		{
			"_id": "iHateThatShit235045",
			"_tpl": "5d6e695fa4b936359b35d852",
			"parentId": "FuckYouUnlimitedAmmo706830",
			"slotId": "main",
			"upd": {
				"StackObjectsCount": 60
			}
		},
		{
			"_id": "iHateThatShit194431",
			"_tpl": "5d6e6a5fa4b93614ec501745",
			"parentId": "FuckYouUnlimitedAmmo706830",
			"slotId": "main",
			"upd": {
				"StackObjectsCount": 60
			}
		},
		{
			"_id": "iHateThatShit830278",
			"_tpl": "5d6e6a53a4b9361bd473feec",
			"parentId": "FuckYouUnlimitedAmmo706830",
			"slotId": "main",
			"upd": {
				"StackObjectsCount": 60
			}
		},
		{
			"_id": "iHateThatShit396589",
			"_tpl": "5d6e6a5fa4b93614ec501745",
			"parentId": "FuckYouUnlimitedAmmo706830",
			"slotId": "main",
			"upd": {
				"StackObjectsCount": 60
			}
		},
		{
			"_id": "iHateThatShit768160",
			"_tpl": "5d6e6a53a4b9361bd473feec",
			"parentId": "FuckYouUnlimitedAmmo706830",
			"slotId": "main",
			"upd": {
				"StackObjectsCount": 60
			}
		},
		{
			"_id": "iHateThatShit996904",
			"_tpl": "5d6e69c7a4b9360b6c0d54e4",
			"parentId": "FuckYouUnlimitedAmmo706830",
			"slotId": "main",
			"upd": {
				"StackObjectsCount": 60
			}
		},
		{
			"_id": "iHateThatShit248337",
			"_tpl": "5d6e69b9a4b9361bc8618958",
			"parentId": "FuckYouUnlimitedAmmo706830",
			"slotId": "main",
			"upd": {
				"StackObjectsCount": 60
			}
		},
		{
			"_id": "iHateThatShit955786",
			"_tpl": "5d6e6a5fa4b93614ec501745",
			"parentId": "FuckYouUnlimitedAmmo706830",
			"slotId": "main",
			"upd": {
				"StackObjectsCount": 60
			}
		},
		{
			"_id": "mag1Vest527841",
			"_tpl": "5a38ed75c4a28232996e40c6",
			"parentId": "TacticalVest457821",
			"slotId": "2",
			"location": {
				"x": 0,
				"y": 1,
				"r": "Horizontal"
			}
		},
		{
			"_id": "AmmoMag1Vest264265",
			"_tpl": "5d6e6a42a4b9364f07165f52",
			"parentId": "mag1Vest527841",
			"slotId": "cartridges",
			"upd": {
				"StackObjectsCount": 4
			}
		},
		{
			"_id": "mag2Vest468751",
			"_tpl": "5a38ed75c4a28232996e40c6",
			"parentId": "TacticalVest457821",
			"slotId": "4",
			"location": {
				"x": 0,
				"y": 1,
				"r": "Horizontal"
			}
		},
		{
			"_id": "AmmoMag2Vest21795",
			"_tpl": "5d6e69c7a4b9360b6c0d54e4",
			"parentId": "mag2Vest468751",
			"slotId": "cartridges",
			"upd": {
				"StackObjectsCount": 4
			}
		},
		{
			"_id": "mag3Vest797937",
			"_tpl": "5a38ed75c4a28232996e40c6",
			"parentId": "TacticalVest457821",
			"slotId": "11",
			"location": {
				"x": 0,
				"y": 0,
				"r": "Horizontal"
			}
		},
		{
			"_id": "AmmoMag3Vest110143",
			"_tpl": "5d6e6a42a4b9364f07165f52",
			"parentId": "mag3Vest797937",
			"slotId": "cartridges",
			"upd": {
				"StackObjectsCount": 4
			}
		},
		{
			"_id": "mag3Vest312264",
			"_tpl": "5a38ed75c4a28232996e40c6",
			"parentId": "TacticalVest457821",
			"slotId": "11",
			"location": {
				"x": 0,
				"y": 1,
				"r": "Horizontal"
			}
		},
		{
			"_id": "AmmoMag3Vest368512",
			"_tpl": "5d6e695fa4b936359b35d852",
			"parentId": "mag3Vest312264",
			"slotId": "cartridges",
			"upd": {
				"StackObjectsCount": 4
			}
		},
		{
			"_id": "StackAmmo93118949195",
			"_tpl": "5d6e6a5fa4b93614ec501745",
			"parentId": "TacticalVest457821",
			"slotId": "7",
			"upd": {
				"StackObjectsCount": 5
			}
		},
		{
			"_id": "StackAmmo6483524558",
			"_tpl": "5d6e695fa4b936359b35d852",
			"parentId": "TacticalVest457821",
			"slotId": "9",
			"upd": {
				"StackObjectsCount": 12
			}
		},
		{
			"_id": "Scabbard459819",
			"_tpl": "57e26ea924597715ca604a09",
			"parentId": "5c6687d65e9d882c8841f0fd",
			"slotId": "Scabbard"
		},
		{
			"_id": "FaceCover995028",
			"_tpl": "572b7fa524597762b747ce82",
			"parentId": "5c6687d65e9d882c8841f0fd",
			"slotId": "FaceCover"
		},
		{
			"_id": "ArmorVest74487",
			"_tpl": "5c0e5edb86f77461f55ed1f7",
			"parentId": "5c6687d65e9d882c8841f0fd",
			"slotId": "ArmorVest",
			"upd": {
				"Repairable": {
					"MaxDurability": 50,
					"Durability": 34
				}
			}
		},
		{
			"_id": "Pocket_384005",
			"_tpl": "5d80cb8786f774405611c7d9",
			"parentId": "5c6687d65e9d882c8841f121",
			"slotId": "pocket1",
			"location": {
				"x": 0,
				"y": 0,
				"r": "Horizontal"
			},
			"upd": {
				"SpawnedInSession": true
			}
		},
		{
			"_id": "Pocket_880111",
			"_tpl": "573477e124597737dd42e191",
			"parentId": "5c6687d65e9d882c8841f121",
			"slotId": "pocket2",
			"location": {
				"x": 0,
				"y": 0,
				"r": "Horizontal"
			},
			"upd": {
				"SpawnedInSession": true
			}
		},
		{
			"_id": "Pocket_278898",
			"_tpl": "591ae8f986f77406f854be45",
			"parentId": "5c6687d65e9d882c8841f121",
			"slotId": "pocket3",
			"location": {
				"x": 0,
				"y": 0,
				"r": "Horizontal"
			},
			"upd": {
				"SpawnedInSession": true
			}
		}
	],
	"equipment": "5c6687d65e9d882c8841f0fd",
	"stash": "5c6687d65e9d882c8841f0fc",
	"questRaidItems": "5c6687d65e9d882c8841f0fe",
	"questStashItems": "5c6687d65e9d882c8841f0ff",
	"fastPanel": {}
}