{
	"items": [
		{
			"_id": "5c6687d65e9d882c8841f0fd",
			"_tpl": "55d7217a4bdc2d86028b456d"
		},
		{
			"_id": "5c6687d65e9d882c8841f121",
			"_tpl": "557ffd194bdc2d28148b457f",
			"parentId": "5c6687d65e9d882c8841f0fd",
			"slotId": "Pockets"
		},
		{
			"_id": "5c6687d65e9d882c8841f0fc",
			"_tpl": "566abbc34bdc2d92178b4576"
		},
		{
			"_id": "5c6687d65e9d882c8841f0ff",
			"_tpl": "5963866b86f7747bfa1c4462"
		},
		{
			"_id": "5c6687d65e9d882c8841f0fe",
			"_tpl": "5963866286f7747bf429b572"
		},
		{
			"_id": "TacticalVest543802",
			"_tpl": "5c0e3eb886f7742015526062",
			"parentId": "5c6687d65e9d882c8841f0fd",
			"slotId": "TacticalVest"
		},
		{
			"_id": "I210016101782840201FfSza",
			"_tpl": "5448bd6b4bdc2dfc2f8b4569",
			"parentId": "5c6687d65e9d882c8841f0fd",
			"slotId": "Holster"
		},
		{
			"_id": "AmmoMag197863",
			"_tpl": "57371e4124597760ff7b25f1",
			"parentId": "I210016108228972218lshfS",
			"slotId": "cartridges",
			"upd": {
				"StackObjectsCount": 8
			}
		},
		{
			"_id": "I210016108228972218lshfS",
			"_tpl": "5448c12b4bdc2d02308b456f",
			"parentId": "I210016101782840201FfSza",
			"slotId": "mod_magazine"
		},
		{
			"_id": "FuckYouUnlimitedAmmo176757",
			"_tpl": "5857a8bc2459772bad15db29",
			"parentId": "5c6687d65e9d882c8841f0fd",
			"slotId": "SecuredContainer"
		},
		{
			"_id": "iHateThatShit386175",
			"_tpl": "573720e02459776143012541",
			"parentId": "FuckYouUnlimitedAmmo176757",
			"slotId": "main",
			"upd": {
				"StackObjectsCount": 60
			}
		},
		{
			"_id": "iHateThatShit170488",
			"_tpl": "5737218f245977612125ba51",
			"parentId": "FuckYouUnlimitedAmmo176757",
			"slotId": "main",
			"upd": {
				"StackObjectsCount": 60
			}
		},
		{
			"_id": "iHateThatShit421668",
			"_tpl": "5737218f245977612125ba51",
			"parentId": "FuckYouUnlimitedAmmo176757",
			"slotId": "main",
			"upd": {
				"StackObjectsCount": 60
			}
		},
		{
			"_id": "iHateThatShit523095",
			"_tpl": "5737218f245977612125ba51",
			"parentId": "FuckYouUnlimitedAmmo176757",
			"slotId": "main",
			"upd": {
				"StackObjectsCount": 60
			}
		},
		{
			"_id": "iHateThatShit689845",
			"_tpl": "573720e02459776143012541",
			"parentId": "FuckYouUnlimitedAmmo176757",
			"slotId": "main",
			"upd": {
				"StackObjectsCount": 60
			}
		},
		{
			"_id": "iHateThatShit962006",
			"_tpl": "57371eb62459776125652ac1",
			"parentId": "FuckYouUnlimitedAmmo176757",
			"slotId": "main",
			"upd": {
				"StackObjectsCount": 60
			}
		},
		{
			"_id": "iHateThatShit774555",
			"_tpl": "573718ba2459775a75491131",
			"parentId": "FuckYouUnlimitedAmmo176757",
			"slotId": "main",
			"upd": {
				"StackObjectsCount": 60
			}
		},
		{
			"_id": "iHateThatShit861931",
			"_tpl": "57371aab2459775a77142f22",
			"parentId": "FuckYouUnlimitedAmmo176757",
			"slotId": "main",
			"upd": {
				"StackObjectsCount": 60
			}
		},
		{
			"_id": "iHateThatShit808326",
			"_tpl": "5737201124597760fc4431f1",
			"parentId": "FuckYouUnlimitedAmmo176757",
			"slotId": "main",
			"upd": {
				"StackObjectsCount": 60
			}
		},
		{
			"_id": "magP1Vest2382",
			"_tpl": "5448c12b4bdc2d02308b456f",
			"parentId": "TacticalVest543802",
			"slotId": "2",
			"location": {
				"x": 0,
				"y": 0,
				"r": "Horizontal"
			}
		},
		{
			"_id": "AmmoMagPVest492553",
			"_tpl": "57371eb62459776125652ac1",
			"parentId": "magP1Vest2382",
			"slotId": "cartridges",
			"upd": {
				"StackObjectsCount": 8
			}
		},
		{
			"_id": "magP1Vest8184",
			"_tpl": "5448c12b4bdc2d02308b456f",
			"parentId": "TacticalVest543802",
			"slotId": "2",
			"location": {
				"x": 0,
				"y": 1,
				"r": "Horizontal"
			}
		},
		{
			"_id": "AmmoMagPVest872374",
			"_tpl": "573719762459775a626ccbc1",
			"parentId": "magP1Vest8184",
			"slotId": "cartridges",
			"upd": {
				"StackObjectsCount": 8
			}
		},
		{
			"_id": "magP2Vest67079",
			"_tpl": "5448c12b4bdc2d02308b456f",
			"parentId": "TacticalVest543802",
			"slotId": "4",
			"location": {
				"x": 0,
				"y": 1,
				"r": "Horizontal"
			}
		},
		{
			"_id": "AmmoMagPVest497861",
			"_tpl": "57372140245977611f70ee91",
			"parentId": "magP2Vest67079",
			"slotId": "cartridges",
			"upd": {
				"StackObjectsCount": 8
			}
		},
		{
			"_id": "Scabbard240484",
			"_tpl": "57e26ea924597715ca604a09",
			"parentId": "5c6687d65e9d882c8841f0fd",
			"slotId": "Scabbard"
		},
		{
			"_id": "Eyewear659875",
			"_tpl": "557ff21e4bdc2d89578b4586",
			"parentId": "5c6687d65e9d882c8841f0fd",
			"slotId": "Eyewear"
		},
		{
			"_id": "FaceCover339920",
			"_tpl": "59e7715586f7742ee5789605",
			"parentId": "5c6687d65e9d882c8841f0fd",
			"slotId": "FaceCover"
		},
		{
			"_id": "Backpack746927",
			"_tpl": "56e33680d2720be2748b4576",
			"parentId": "5c6687d65e9d882c8841f0fd",
			"slotId": "Backpack"
		},
		{
			"_id": "BP_Backpack746927_361619",
			"_tpl": "5751496424597720a27126da",
			"parentId": "Backpack746927",
			"slotId": "main",
			"location": {
				"x": 0,
				"y": 0,
				"r": "Horizontal"
			}
		},
		{
			"_id": "BP_Backpack746927_912390",
			"_tpl": "590a386e86f77429692b27ab",
			"parentId": "Backpack746927",
			"slotId": "main",
			"location": {
				"x": 0,
				"y": 1,
				"r": "Horizontal"
			}
		},
		{
			"_id": "Pocket_88782",
			"_tpl": "5914578086f774123569ffa4",
			"parentId": "5c6687d65e9d882c8841f121",
			"slotId": "pocket1",
			"location": {
				"x": 0,
				"y": 0,
				"r": "Horizontal"
			},
			"upd": {
				"SpawnedInSession": true
			}
		},
		{
			"_id": "Pocket_987088",
			"_tpl": "5d1b313086f77425227d1678",
			"parentId": "5c6687d65e9d882c8841f121",
			"slotId": "pocket2",
			"location": {
				"x": 0,
				"y": 0,
				"r": "Horizontal"
			},
			"upd": {
				"SpawnedInSession": true
			}
		},
		{
			"_id": "Pocket_208298",
			"_tpl": "5d1b39a386f774252339976f",
			"parentId": "5c6687d65e9d882c8841f121",
			"slotId": "pocket3",
			"location": {
				"x": 0,
				"y": 0,
				"r": "Horizontal"
			},
			"upd": {
				"SpawnedInSession": true
			}
		}
	],
	"equipment": "5c6687d65e9d882c8841f0fd",
	"stash": "5c6687d65e9d882c8841f0fc",
	"questRaidItems": "5c6687d65e9d882c8841f0fe",
	"questStashItems": "5c6687d65e9d882c8841f0ff",
	"fastPanel": {}
}