{
	"items": [
		{
			"_id": "5c6687d65e9d882c8841f0fd",
			"_tpl": "55d7217a4bdc2d86028b456d"
		},
		{
			"_id": "5c6687d65e9d882c8841f121",
			"_tpl": "557ffd194bdc2d28148b457f",
			"parentId": "5c6687d65e9d882c8841f0fd",
			"slotId": "Pockets"
		},
		{
			"_id": "5c6687d65e9d882c8841f0fc",
			"_tpl": "566abbc34bdc2d92178b4576"
		},
		{
			"_id": "5c6687d65e9d882c8841f0ff",
			"_tpl": "5963866b86f7747bfa1c4462"
		},
		{
			"_id": "5c6687d65e9d882c8841f0fe",
			"_tpl": "5963866286f7747bf429b572"
		},
		{
			"_id": "TacticalVest275965",
			"_tpl": "544a5caa4bdc2d1a388b4568",
			"parentId": "5c6687d65e9d882c8841f0fd",
			"slotId": "TacticalVest"
		},
		{
			"_id": "I210050462655389251Li3P4",
			"_tpl": "5abcbc27d8ce8700182eceeb",
			"parentId": "5c6687d65e9d882c8841f0fd",
			"slotId": "FirstPrimaryWeapon"
		},
		{
			"_id": "I2100504652309978985nflL",
			"_tpl": "59d64ec286f774171d1e0a42",
			"parentId": "I210050462655389251Li3P4",
			"slotId": "mod_gas_block"
		},
		{
			"_id": "I210050465503382979chtCm",
			"_tpl": "59e61eb386f77440d64f5daf",
			"parentId": "I210050462655389251Li3P4",
			"slotId": "mod_muzzle"
		},
		{
			"_id": "I2100504624409006499dXI1",
			"_tpl": "5a0071d486f77404e23a12b2",
			"parentId": "I210050462655389251Li3P4",
			"slotId": "mod_pistol_grip_akms"
		},
		{
			"_id": "I210050465083456347gf88I",
			"_tpl": "59d6507c86f7741b846413a2",
			"parentId": "I210050462655389251Li3P4",
			"slotId": "mod_reciever"
		},
		{
			"_id": "I210050468317601611z0Pb6",
			"_tpl": "59d650cf86f7741b846413a4",
			"parentId": "I210050462655389251Li3P4",
			"slotId": "mod_sight_rear",
			"upd": {
				"Sight": {
					"SelectedSightMode": 0
				}
			}
		},
		{
			"_id": "MagazineWeaponScav3684",
			"_tpl": "59e5d83b86f7745aed03d262",
			"parentId": "I210050462655389251Li3P4",
			"slotId": "mod_magazine"
		},
		{
			"_id": "AmmoMag18058",
			"_tpl": "59e4d3d286f774176a36250a",
			"parentId": "MagazineWeaponScav3684",
			"slotId": "cartridges",
			"upd": {
				"StackObjectsCount": 10
			}
		},
		{
			"_id": "I210050463367259671WljyG",
			"_tpl": "59d64f2f86f77417193ef8b3",
			"parentId": "I2100504652309978985nflL",
			"slotId": "mod_handguard"
		},
		{
			"_id": "FuckYouUnlimitedAmmo779691",
			"_tpl": "5857a8bc2459772bad15db29",
			"parentId": "5c6687d65e9d882c8841f0fd",
			"slotId": "SecuredContainer"
		},
		{
			"_id": "iHateThatShit631328",
			"_tpl": "5656d7c34bdc2d9d198b4587",
			"parentId": "FuckYouUnlimitedAmmo779691",
			"slotId": "main",
			"upd": {
				"StackObjectsCount": 60
			}
		},
		{
			"_id": "iHateThatShit367583",
			"_tpl": "59e0d99486f7744a32234762",
			"parentId": "FuckYouUnlimitedAmmo779691",
			"slotId": "main",
			"upd": {
				"StackObjectsCount": 60
			}
		},
		{
			"_id": "iHateThatShit308883",
			"_tpl": "59e0d99486f7744a32234762",
			"parentId": "FuckYouUnlimitedAmmo779691",
			"slotId": "main",
			"upd": {
				"StackObjectsCount": 60
			}
		},
		{
			"_id": "iHateThatShit303259",
			"_tpl": "5656d7c34bdc2d9d198b4587",
			"parentId": "FuckYouUnlimitedAmmo779691",
			"slotId": "main",
			"upd": {
				"StackObjectsCount": 60
			}
		},
		{
			"_id": "iHateThatShit22580",
			"_tpl": "5656d7c34bdc2d9d198b4587",
			"parentId": "FuckYouUnlimitedAmmo779691",
			"slotId": "main",
			"upd": {
				"StackObjectsCount": 60
			}
		},
		{
			"_id": "iHateThatShit295805",
			"_tpl": "59e4cf5286f7741778269d8a",
			"parentId": "FuckYouUnlimitedAmmo779691",
			"slotId": "main",
			"upd": {
				"StackObjectsCount": 60
			}
		},
		{
			"_id": "iHateThatShit750933",
			"_tpl": "59e4d3d286f774176a36250a",
			"parentId": "FuckYouUnlimitedAmmo779691",
			"slotId": "main",
			"upd": {
				"StackObjectsCount": 60
			}
		},
		{
			"_id": "iHateThatShit409335",
			"_tpl": "59e4cf5286f7741778269d8a",
			"parentId": "FuckYouUnlimitedAmmo779691",
			"slotId": "main",
			"upd": {
				"StackObjectsCount": 60
			}
		},
		{
			"_id": "iHateThatShit523241",
			"_tpl": "59e4d3d286f774176a36250a",
			"parentId": "FuckYouUnlimitedAmmo779691",
			"slotId": "main",
			"upd": {
				"StackObjectsCount": 60
			}
		},
		{
			"_id": "mag0Vest89770",
			"_tpl": "59e5d83b86f7745aed03d262",
			"parentId": "TacticalVest275965",
			"slotId": "1",
			"location": {
				"x": 0,
				"y": 0,
				"r": "Horizontal"
			}
		},
		{
			"_id": "AmmoMag0Vest275774",
			"_tpl": "59e0d99486f7744a32234762",
			"parentId": "mag0Vest89770",
			"slotId": "cartridges",
			"upd": {
				"StackObjectsCount": 10
			}
		},
		{
			"_id": "mag0Vest369551",
			"_tpl": "59e5d83b86f7745aed03d262",
			"parentId": "TacticalVest275965",
			"slotId": "1",
			"location": {
				"x": 0,
				"y": 1,
				"r": "Horizontal"
			}
		},
		{
			"_id": "AmmoMag0Vest159234",
			"_tpl": "59e4d24686f7741776641ac7",
			"parentId": "mag0Vest369551",
			"slotId": "cartridges",
			"upd": {
				"StackObjectsCount": 10
			}
		},
		{
			"_id": "mag1Vest267125",
			"_tpl": "59e5d83b86f7745aed03d262",
			"parentId": "TacticalVest275965",
			"slotId": "3",
			"location": {
				"x": 0,
				"y": 0,
				"r": "Horizontal"
			}
		},
		{
			"_id": "AmmoMag1Vest943901",
			"_tpl": "59e4d3d286f774176a36250a",
			"parentId": "mag1Vest267125",
			"slotId": "cartridges",
			"upd": {
				"StackObjectsCount": 10
			}
		},
		{
			"_id": "StackAmmo99716921164",
			"_tpl": "59e4d3d286f774176a36250a",
			"parentId": "TacticalVest275965",
			"slotId": "8",
			"upd": {
				"StackObjectsCount": 19
			}
		},
		{
			"_id": "StackAmmo4388168045",
			"_tpl": "59e4d3d286f774176a36250a",
			"parentId": "TacticalVest275965",
			"slotId": "10",
			"upd": {
				"StackObjectsCount": 58
			}
		},
		{
			"_id": "Scabbard926021",
			"_tpl": "5bffdc370db834001d23eca8",
			"parentId": "5c6687d65e9d882c8841f0fd",
			"slotId": "Scabbard"
		},
		{
			"_id": "Headwear540418",
			"_tpl": "5b4327aa5acfc400175496e0",
			"parentId": "5c6687d65e9d882c8841f0fd",
			"slotId": "Headwear"
		},
		{
			"_id": "ArmorVest588877",
			"_tpl": "5c0e5edb86f77461f55ed1f7",
			"parentId": "5c6687d65e9d882c8841f0fd",
			"slotId": "ArmorVest",
			"upd": {
				"Repairable": {
					"MaxDurability": 50,
					"Durability": 3
				}
			}
		},
		{
			"_id": "Pocket_938079",
			"_tpl": "5d947d3886f774447b415893",
			"parentId": "5c6687d65e9d882c8841f121",
			"slotId": "pocket1",
			"location": {
				"x": 0,
				"y": 0,
				"r": "Horizontal"
			},
			"upd": {
				"SpawnedInSession": true
			}
		}
	],
	"equipment": "5c6687d65e9d882c8841f0fd",
	"stash": "5c6687d65e9d882c8841f0fc",
	"questRaidItems": "5c6687d65e9d882c8841f0fe",
	"questStashItems": "5c6687d65e9d882c8841f0ff",
	"fastPanel": {}
}