{
	"items": [
		{
			"_id": "5c6687d65e9d882c8841f0fd",
			"_tpl": "55d7217a4bdc2d86028b456d"
		},
		{
			"_id": "5c6687d65e9d882c8841f121",
			"_tpl": "557ffd194bdc2d28148b457f",
			"parentId": "5c6687d65e9d882c8841f0fd",
			"slotId": "Pockets"
		},
		{
			"_id": "5c6687d65e9d882c8841f0fc",
			"_tpl": "566abbc34bdc2d92178b4576"
		},
		{
			"_id": "5c6687d65e9d882c8841f0ff",
			"_tpl": "5963866b86f7747bfa1c4462"
		},
		{
			"_id": "5c6687d65e9d882c8841f0fe",
			"_tpl": "5963866286f7747bf429b572"
		},
		{
			"_id": "TacticalVest119915",
			"_tpl": "5648a69d4bdc2ded0b8b457b",
			"parentId": "5c6687d65e9d882c8841f0fd",
			"slotId": "TacticalVest"
		},
		{
			"_id": "I33102479285277485TQ9hRY",
			"_tpl": "5839a40f24597726f856b511",
			"parentId": "5c6687d65e9d882c8841f0fd",
			"slotId": "FirstPrimaryWeapon"
		},
		{
			"_id": "I33102476008792161TJfevY",
			"_tpl": "5649ad3f4bdc2df8348b4585",
			"parentId": "I33102479285277485TQ9hRY",
			"slotId": "mod_pistol_grip"
		},
		{
			"_id": "MagazineWeaponScav4901",
			"_tpl": "5cbdaf89ae9215000e5b9c94",
			"parentId": "I33102479285277485TQ9hRY",
			"slotId": "mod_magazine"
		},
		{
			"_id": "AmmoMag1873",
			"_tpl": "56dff338d2720bbd668b4569",
			"parentId": "MagazineWeaponScav4901",
			"slotId": "cartridges",
			"upd": {
				"StackObjectsCount": 30
			}
		},
		{
			"_id": "I33102472611028026gSYl2B",
			"_tpl": "57ffb0e42459777d047111c5",
			"parentId": "I33102479285277485TQ9hRY",
			"slotId": "mod_muzzle"
		},
		{
			"_id": "I33102478408749509WPrWVt",
			"_tpl": "59d36a0086f7747e673f3946",
			"parentId": "I33102479285277485TQ9hRY",
			"slotId": "mod_gas_block"
		},
		{
			"_id": "I3310247116014170465o3Vu",
			"_tpl": "56dfef82d2720bbd668b4567",
			"parentId": "I33102474201615567p1zxzD",
			"slotId": "cartridges",
			"location": 0,
			"upd": {
				"StackObjectsCount": 30
			}
		},
		{
			"_id": "I33102475848901133kPtbUi",
			"_tpl": "57dc32dc245977596d4ef3d3",
			"parentId": "I33102478408749509WPrWVt",
			"slotId": "mod_handguard"
		},
		{
			"_id": "FuckYouUnlimitedAmmo170999",
			"_tpl": "5857a8bc2459772bad15db29",
			"parentId": "5c6687d65e9d882c8841f0fd",
			"slotId": "SecuredContainer"
		},
		{
			"_id": "iHateThatShit206598",
			"_tpl": "56dff2ced2720bb4668b4567",
			"parentId": "FuckYouUnlimitedAmmo170999",
			"slotId": "main",
			"upd": {
				"StackObjectsCount": 60
			}
		},
		{
			"_id": "iHateThatShit675044",
			"_tpl": "56dff3afd2720bba668b4567",
			"parentId": "FuckYouUnlimitedAmmo170999",
			"slotId": "main",
			"upd": {
				"StackObjectsCount": 60
			}
		},
		{
			"_id": "iHateThatShit502523",
			"_tpl": "56dff216d2720bbd668b4568",
			"parentId": "FuckYouUnlimitedAmmo170999",
			"slotId": "main",
			"upd": {
				"StackObjectsCount": 60
			}
		},
		{
			"_id": "iHateThatShit885451",
			"_tpl": "56dff026d2720bb8668b4567",
			"parentId": "FuckYouUnlimitedAmmo170999",
			"slotId": "main",
			"upd": {
				"StackObjectsCount": 60
			}
		},
		{
			"_id": "iHateThatShit16545",
			"_tpl": "56dff4ecd2720b5f5a8b4568",
			"parentId": "FuckYouUnlimitedAmmo170999",
			"slotId": "main",
			"upd": {
				"StackObjectsCount": 60
			}
		},
		{
			"_id": "iHateThatShit13801",
			"_tpl": "56dff061d2720bb5668b4567",
			"parentId": "FuckYouUnlimitedAmmo170999",
			"slotId": "main",
			"upd": {
				"StackObjectsCount": 60
			}
		},
		{
			"_id": "iHateThatShit956387",
			"_tpl": "56dff216d2720bbd668b4568",
			"parentId": "FuckYouUnlimitedAmmo170999",
			"slotId": "main",
			"upd": {
				"StackObjectsCount": 60
			}
		},
		{
			"_id": "iHateThatShit680464",
			"_tpl": "56dff4a2d2720bbd668b456a",
			"parentId": "FuckYouUnlimitedAmmo170999",
			"slotId": "main",
			"upd": {
				"StackObjectsCount": 60
			}
		},
		{
			"_id": "iHateThatShit60280",
			"_tpl": "56dff4a2d2720bbd668b456a",
			"parentId": "FuckYouUnlimitedAmmo170999",
			"slotId": "main",
			"upd": {
				"StackObjectsCount": 60
			}
		},
		{
			"_id": "mag0Vest796211",
			"_tpl": "5aaa4194e5b5b055d06310a5",
			"parentId": "TacticalVest119915",
			"slotId": "1",
			"location": {
				"x": 0,
				"y": 0,
				"r": "Horizontal"
			}
		},
		{
			"_id": "AmmoMag0Vest298569",
			"_tpl": "56dff3afd2720bba668b4567",
			"parentId": "mag0Vest796211",
			"slotId": "cartridges",
			"upd": {
				"StackObjectsCount": 30
			}
		},
		{
			"_id": "mag1Vest667751",
			"_tpl": "5aaa4194e5b5b055d06310a5",
			"parentId": "TacticalVest119915",
			"slotId": "3",
			"location": {
				"x": 0,
				"y": 0,
				"r": "Horizontal"
			}
		},
		{
			"_id": "AmmoMag1Vest974756",
			"_tpl": "56dff216d2720bbd668b4568",
			"parentId": "mag1Vest667751",
			"slotId": "cartridges",
			"upd": {
				"StackObjectsCount": 30
			}
		},
		{
			"_id": "mag0Vest368360",
			"_tpl": "5aaa4194e5b5b055d06310a5",
			"parentId": "TacticalVest119915",
			"slotId": "5",
			"location": {
				"x": 1,
				"y": 0,
				"r": "Horizontal"
			}
		},
		{
			"_id": "AmmoMag0Vest761857",
			"_tpl": "56dff3afd2720bba668b4567",
			"parentId": "mag0Vest368360",
			"slotId": "cartridges",
			"upd": {
				"StackObjectsCount": 30
			}
		},
		{
			"_id": "StackAmmo78749277089",
			"_tpl": "56dff421d2720b5f5a8b4567",
			"parentId": "TacticalVest119915",
			"slotId": "6",
			"upd": {
				"StackObjectsCount": 13
			}
		},
		{
			"_id": "StackAmmo80042782821",
			"_tpl": "5c0d5e4486f77478390952fe",
			"parentId": "TacticalVest119915",
			"slotId": "8",
			"upd": {
				"StackObjectsCount": 51
			}
		},
		{
			"_id": "Scabbard984439",
			"_tpl": "57e26fc7245977162a14b800",
			"parentId": "5c6687d65e9d882c8841f0fd",
			"slotId": "Scabbard"
		},
		{
			"_id": "Headwear864119",
			"_tpl": "5aa7d03ae5b5b00016327db5",
			"parentId": "5c6687d65e9d882c8841f0fd",
			"slotId": "Headwear"
		},
		{
			"_id": "FaceCover338423",
			"_tpl": "5ab8f85d86f7745cd93a1cf5",
			"parentId": "5c6687d65e9d882c8841f0fd",
			"slotId": "FaceCover"
		},
		{
			"_id": "Backpack550401",
			"_tpl": "5ab8f04f86f774585f4237d8",
			"parentId": "5c6687d65e9d882c8841f0fd",
			"slotId": "Backpack"
		},
		{
			"_id": "BP_Backpack550401_822493",
			"_tpl": "590c2d8786f774245b1f03f3",
			"parentId": "Backpack550401",
			"slotId": "main",
			"location": {
				"x": 0,
				"y": 0,
				"r": "Horizontal"
			}
		},
		{
			"_id": "ArmorVest555906",
			"_tpl": "5c0e541586f7747fa54205c9",
			"parentId": "5c6687d65e9d882c8841f0fd",
			"slotId": "ArmorVest",
			"upd": {
				"Repairable": {
					"MaxDurability": 60,
					"Durability": 3
				}
			}
		}
	],
	"equipment": "5c6687d65e9d882c8841f0fd",
	"stash": "5c6687d65e9d882c8841f0fc",
	"questRaidItems": "5c6687d65e9d882c8841f0fe",
	"questStashItems": "5c6687d65e9d882c8841f0ff",
	"fastPanel": {}
}