{
	"items": [
		{
			"_id": "5c6687d65e9d882c8841f0fd",
			"_tpl": "55d7217a4bdc2d86028b456d"
		},
		{
			"_id": "5c6687d65e9d882c8841f121",
			"_tpl": "557ffd194bdc2d28148b457f",
			"parentId": "5c6687d65e9d882c8841f0fd",
			"slotId": "Pockets"
		},
		{
			"_id": "5c6687d65e9d882c8841f0fc",
			"_tpl": "566abbc34bdc2d92178b4576"
		},
		{
			"_id": "5c6687d65e9d882c8841f0ff",
			"_tpl": "5963866b86f7747bfa1c4462"
		},
		{
			"_id": "5c6687d65e9d882c8841f0fe",
			"_tpl": "5963866286f7747bf429b572"
		},
		{
			"_id": "TacticalVest813766",
			"_tpl": "5648a69d4bdc2ded0b8b457b",
			"parentId": "5c6687d65e9d882c8841f0fd",
			"slotId": "TacticalVest"
		},
		{
			"_id": "I21005403094897232Py9jYD",
			"_tpl": "5c07c60e0db834002330051f",
			"parentId": "5c6687d65e9d882c8841f0fd",
			"slotId": "FirstPrimaryWeapon"
		},
		{
			"_id": "I21005405818967096KohpFj",
			"_tpl": "5c0e2ff6d174af02a1659d4a",
			"parentId": "I21005403094897232Py9jYD",
			"slotId": "mod_pistol_grip"
		},
		{
			"_id": "MagazineWeaponScav2702",
			"_tpl": "5448c1d04bdc2dff2f8b4569",
			"parentId": "I21005403094897232Py9jYD",
			"slotId": "mod_magazine"
		},
		{
			"_id": "AmmoMag11239",
			"_tpl": "59e690b686f7746c9f75e848",
			"parentId": "MagazineWeaponScav2702",
			"slotId": "cartridges",
			"upd": {
				"StackObjectsCount": 20
			}
		},
		{
			"_id": "I21005401928206507pFRuoU",
			"_tpl": "5c0e2f26d174af02a9625114",
			"parentId": "I21005403094897232Py9jYD",
			"slotId": "mod_reciever"
		},
		{
			"_id": "I21005406262118984fJaeo1",
			"_tpl": "5649be884bdc2d79388b4577",
			"parentId": "I21005403094897232Py9jYD",
			"slotId": "mod_stock"
		},
		{
			"_id": "I210054055083223434wjimT",
			"_tpl": "5c0faf68d174af02a96260b8",
			"parentId": "I21005403094897232Py9jYD",
			"slotId": "mod_charge"
		},
		{
			"_id": "I210054071998557395KBhKH",
			"_tpl": "5c0e2f94d174af029f650d56",
			"parentId": "I21005401928206507pFRuoU",
			"slotId": "mod_barrel"
		},
		{
			"_id": "I210054060069412809hRYX4",
			"_tpl": "5c0e2f5cd174af02a012cfc9",
			"parentId": "I21005401928206507pFRuoU",
			"slotId": "mod_handguard"
		},
		{
			"_id": "I21005403309928902TxrDcW",
			"_tpl": "5c0fafb6d174af02a96260ba",
			"parentId": "I210054071998557395KBhKH",
			"slotId": "mod_muzzle"
		},
		{
			"_id": "I21005407055230098mmGFrM",
			"_tpl": "5ae30e795acfc408fb139a0b",
			"parentId": "I210054071998557395KBhKH",
			"slotId": "mod_gas_block"
		},
		{
			"_id": "FuckYouUnlimitedAmmo430479",
			"_tpl": "5857a8bc2459772bad15db29",
			"parentId": "5c6687d65e9d882c8841f0fd",
			"slotId": "SecuredContainer"
		},
		{
			"_id": "iHateThatShit658886",
			"_tpl": "59e6920f86f77411d82aa167",
			"parentId": "FuckYouUnlimitedAmmo430479",
			"slotId": "main",
			"upd": {
				"StackObjectsCount": 60
			}
		},
		{
			"_id": "iHateThatShit260952",
			"_tpl": "59e6918f86f7746c9f75e849",
			"parentId": "FuckYouUnlimitedAmmo430479",
			"slotId": "main",
			"upd": {
				"StackObjectsCount": 60
			}
		},
		{
			"_id": "iHateThatShit793339",
			"_tpl": "59e6906286f7746c9f75e847",
			"parentId": "FuckYouUnlimitedAmmo430479",
			"slotId": "main",
			"upd": {
				"StackObjectsCount": 60
			}
		},
		{
			"_id": "iHateThatShit488339",
			"_tpl": "5c0d5ae286f7741e46554302",
			"parentId": "FuckYouUnlimitedAmmo430479",
			"slotId": "main",
			"upd": {
				"StackObjectsCount": 60
			}
		},
		{
			"_id": "iHateThatShit799079",
			"_tpl": "59e6927d86f77411da468256",
			"parentId": "FuckYouUnlimitedAmmo430479",
			"slotId": "main",
			"upd": {
				"StackObjectsCount": 60
			}
		},
		{
			"_id": "iHateThatShit934533",
			"_tpl": "59e690b686f7746c9f75e848",
			"parentId": "FuckYouUnlimitedAmmo430479",
			"slotId": "main",
			"upd": {
				"StackObjectsCount": 60
			}
		},
		{
			"_id": "iHateThatShit259446",
			"_tpl": "59e6918f86f7746c9f75e849",
			"parentId": "FuckYouUnlimitedAmmo430479",
			"slotId": "main",
			"upd": {
				"StackObjectsCount": 60
			}
		},
		{
			"_id": "iHateThatShit262430",
			"_tpl": "54527a984bdc2d4e668b4567",
			"parentId": "FuckYouUnlimitedAmmo430479",
			"slotId": "main",
			"upd": {
				"StackObjectsCount": 60
			}
		},
		{
			"_id": "iHateThatShit884375",
			"_tpl": "54527ac44bdc2d36668b4567",
			"parentId": "FuckYouUnlimitedAmmo430479",
			"slotId": "main",
			"upd": {
				"StackObjectsCount": 60
			}
		},
		{
			"_id": "I210017298603804532Jbgo5",
			"_tpl": "5a17f98cfcdbcb0980087290",
			"parentId": "5c6687d65e9d882c8841f0fd",
			"slotId": "Holster"
		},
		{
			"_id": "AmmoMag128415",
			"_tpl": "57371f2b24597761224311f1",
			"parentId": "I210017299554434383WPGkU",
			"slotId": "cartridges",
			"upd": {
				"StackObjectsCount": 20
			}
		},
		{
			"_id": "I210017299554434383WPGkU",
			"_tpl": "5a17fb03fcdbcbcae668728f",
			"parentId": "I210017298603804532Jbgo5",
			"slotId": "mod_magazine"
		},
		{
			"_id": "I2100172947614598267bFwz",
			"_tpl": "5a17fc70fcdbcb0176308b3d",
			"parentId": "I210017298603804532Jbgo5",
			"slotId": "mod_pistol_grip"
		},
		{
			"_id": "I210017293107779793h05xT",
			"_tpl": "5aba62f8d8ce87001943946b",
			"parentId": "I210017298603804532Jbgo5",
			"slotId": "mod_sight_front",
			"upd": {
				"Sight": {
					"SelectedSightMode": 0
				}
			}
		},
		{
			"_id": "I2100172940354557583oTC1",
			"_tpl": "5aba637ad8ce87001773e17f",
			"parentId": "I210017298603804532Jbgo5",
			"slotId": "mod_sight_rear",
			"upd": {
				"Sight": {
					"SelectedSightMode": 0
				}
			}
		},
		{
			"_id": "mag0Vest475923",
			"_tpl": "5448c1d04bdc2dff2f8b4569",
			"parentId": "TacticalVest813766",
			"slotId": "1",
			"location": {
				"x": 0,
				"y": 0,
				"r": "Horizontal"
			}
		},
		{
			"_id": "AmmoMag0Vest166912",
			"_tpl": "59e6920f86f77411d82aa167",
			"parentId": "mag0Vest475923",
			"slotId": "cartridges",
			"upd": {
				"StackObjectsCount": 20
			}
		},
		{
			"_id": "mag1Vest386816",
			"_tpl": "5448c1d04bdc2dff2f8b4569",
			"parentId": "TacticalVest813766",
			"slotId": "3",
			"location": {
				"x": 0,
				"y": 0,
				"r": "Horizontal"
			}
		},
		{
			"_id": "AmmoMag1Vest180503",
			"_tpl": "59e6918f86f7746c9f75e849",
			"parentId": "mag1Vest386816",
			"slotId": "cartridges",
			"upd": {
				"StackObjectsCount": 20
			}
		},
		{
			"_id": "mag1Vest363532",
			"_tpl": "5448c1d04bdc2dff2f8b4569",
			"parentId": "TacticalVest813766",
			"slotId": "3",
			"location": {
				"x": 0,
				"y": 1,
				"r": "Horizontal"
			}
		},
		{
			"_id": "AmmoMag1Vest953262",
			"_tpl": "54527ac44bdc2d36668b4567",
			"parentId": "mag1Vest363532",
			"slotId": "cartridges",
			"upd": {
				"StackObjectsCount": 20
			}
		},
		{
			"_id": "mag2Vest638272",
			"_tpl": "5448c1d04bdc2dff2f8b4569",
			"parentId": "TacticalVest813766",
			"slotId": "10",
			"location": {
				"x": 0,
				"y": 1,
				"r": "Horizontal"
			}
		},
		{
			"_id": "AmmoMag2Vest924316",
			"_tpl": "54527ac44bdc2d36668b4567",
			"parentId": "mag2Vest638272",
			"slotId": "cartridges",
			"upd": {
				"StackObjectsCount": 20
			}
		},
		{
			"_id": "StackAmmo50237994123",
			"_tpl": "59e6906286f7746c9f75e847",
			"parentId": "TacticalVest813766",
			"slotId": "7",
			"upd": {
				"StackObjectsCount": 43
			}
		},
		{
			"_id": "magP2Vest897",
			"_tpl": "5a17fb03fcdbcbcae668728f",
			"parentId": "TacticalVest813766",
			"slotId": "11",
			"location": {
				"x": 0,
				"y": 1,
				"r": "Horizontal"
			}
		},
		{
			"_id": "AmmoMagPVest286108",
			"_tpl": "573718ba2459775a75491131",
			"parentId": "magP2Vest897",
			"slotId": "cartridges",
			"upd": {
				"StackObjectsCount": 20
			}
		},
		{
			"_id": "Scabbard733449",
			"_tpl": "57e26ea924597715ca604a09",
			"parentId": "5c6687d65e9d882c8841f0fd",
			"slotId": "Scabbard"
		},
		{
			"_id": "Headwear969463",
			"_tpl": "5b43271c5acfc432ff4dce65",
			"parentId": "5c6687d65e9d882c8841f0fd",
			"slotId": "Headwear"
		},
		{
			"_id": "Eyewear221376",
			"_tpl": "5d6d2ef3a4b93618084f58bd",
			"parentId": "5c6687d65e9d882c8841f0fd",
			"slotId": "Eyewear"
		},
		{
			"_id": "Backpack791885",
			"_tpl": "56e33634d2720bd8058b456b",
			"parentId": "5c6687d65e9d882c8841f0fd",
			"slotId": "Backpack"
		},
		{
			"_id": "BP_Backpack791885_304238",
			"_tpl": "5d1b313086f77425227d1678",
			"parentId": "Backpack791885",
			"slotId": "main",
			"location": {
				"x": 0,
				"y": 0,
				"r": "Horizontal"
			}
		},
		{
			"_id": "ArmorVest323404",
			"_tpl": "59e7635f86f7742cbf2c1095",
			"parentId": "5c6687d65e9d882c8841f0fd",
			"slotId": "ArmorVest",
			"upd": {
				"Repairable": {
					"MaxDurability": 40,
					"Durability": 0
				}
			}
		},
		{
			"_id": "Pocket_403461",
			"_tpl": "590c2b4386f77425357b6123",
			"parentId": "5c6687d65e9d882c8841f121",
			"slotId": "pocket1",
			"location": {
				"x": 0,
				"y": 0,
				"r": "Horizontal"
			},
			"upd": {
				"SpawnedInSession": true
			}
		}
	],
	"equipment": "5c6687d65e9d882c8841f0fd",
	"stash": "5c6687d65e9d882c8841f0fc",
	"questRaidItems": "5c6687d65e9d882c8841f0fe",
	"questStashItems": "5c6687d65e9d882c8841f0ff",
	"fastPanel": {}
}