{
	"items": [
		{
			"_id": "5c6687d65e9d882c8841f0fd",
			"_tpl": "55d7217a4bdc2d86028b456d"
		},
		{
			"_id": "5c6687d65e9d882c8841f121",
			"_tpl": "557ffd194bdc2d28148b457f",
			"parentId": "5c6687d65e9d882c8841f0fd",
			"slotId": "Pockets"
		},
		{
			"_id": "5c6687d65e9d882c8841f0fc",
			"_tpl": "566abbc34bdc2d92178b4576"
		},
		{
			"_id": "5c6687d65e9d882c8841f0ff",
			"_tpl": "5963866b86f7747bfa1c4462"
		},
		{
			"_id": "5c6687d65e9d882c8841f0fe",
			"_tpl": "5963866286f7747bf429b572"
		},
		{
			"_id": "TacticalVest473691",
			"_tpl": "5929a2a086f7744f4b234d43",
			"parentId": "5c6687d65e9d882c8841f0fd",
			"slotId": "TacticalVest"
		},
		{
			"_id": "I331037163568947561Z5pKB",
			"_tpl": "576165642459773c7a400233",
			"parentId": "5c6687d65e9d882c8841f0fd",
			"slotId": "FirstPrimaryWeapon"
		},
		{
			"_id": "I331037162091689334L8G55",
			"_tpl": "576169e62459773c69055191",
			"parentId": "I331037163568947561Z5pKB",
			"slotId": "mod_handguard"
		},
		{
			"_id": "I331037165052224995liavV",
			"_tpl": "576167ab2459773cad038c43",
			"parentId": "I331037163568947561Z5pKB",
			"slotId": "mod_muzzle"
		},
		{
			"_id": "I331037164580977493gNxor",
			"_tpl": "5649ade84bdc2d1b2b8b4587",
			"parentId": "I331037163568947561Z5pKB",
			"slotId": "mod_pistol_grip"
		},
		{
			"_id": "I331037167619856716yRLcU",
			"_tpl": "57616c112459773cce774d66",
			"parentId": "I331037163568947561Z5pKB",
			"slotId": "mod_reciever"
		},
		{
			"_id": "I331037163584289525Fno7G",
			"_tpl": "57a9b9ce2459770ee926038d",
			"parentId": "I331037163568947561Z5pKB",
			"slotId": "mod_sight_rear",
			"upd": {
				"Sight": {
					"SelectedSightMode": 0
				}
			}
		},
		{
			"_id": "MagazineWeaponScav7742",
			"_tpl": "57616a9e2459773c7a400234",
			"parentId": "I331037163568947561Z5pKB",
			"slotId": "mod_magazine"
		},
		{
			"_id": "AmmoMag1683",
			"_tpl": "5d6e6891a4b9361bd473feea",
			"parentId": "MagazineWeaponScav7742",
			"slotId": "cartridges",
			"upd": {
				"StackObjectsCount": 5
			}
		},
		{
			"_id": "FuckYouUnlimitedAmmo331718",
			"_tpl": "5857a8bc2459772bad15db29",
			"parentId": "5c6687d65e9d882c8841f0fd",
			"slotId": "SecuredContainer"
		},
		{
			"_id": "iHateThatShit44248",
			"_tpl": "5d6e689ca4b9361bc8618956",
			"parentId": "FuckYouUnlimitedAmmo331718",
			"slotId": "main",
			"upd": {
				"StackObjectsCount": 60
			}
		},
		{
			"_id": "iHateThatShit296258",
			"_tpl": "5d6e67fba4b9361bc73bc779",
			"parentId": "FuckYouUnlimitedAmmo331718",
			"slotId": "main",
			"upd": {
				"StackObjectsCount": 60
			}
		},
		{
			"_id": "iHateThatShit670874",
			"_tpl": "560d5e524bdc2d25448b4571",
			"parentId": "FuckYouUnlimitedAmmo331718",
			"slotId": "main",
			"upd": {
				"StackObjectsCount": 60
			}
		},
		{
			"_id": "iHateThatShit680017",
			"_tpl": "5d6e68c4a4b9361b93413f79",
			"parentId": "FuckYouUnlimitedAmmo331718",
			"slotId": "main",
			"upd": {
				"StackObjectsCount": 60
			}
		},
		{
			"_id": "iHateThatShit604306",
			"_tpl": "5d6e68dea4b9361bcc29e659",
			"parentId": "FuckYouUnlimitedAmmo331718",
			"slotId": "main",
			"upd": {
				"StackObjectsCount": 60
			}
		},
		{
			"_id": "iHateThatShit962755",
			"_tpl": "5d6e689ca4b9361bc8618956",
			"parentId": "FuckYouUnlimitedAmmo331718",
			"slotId": "main",
			"upd": {
				"StackObjectsCount": 60
			}
		},
		{
			"_id": "iHateThatShit301362",
			"_tpl": "5d6e68a8a4b9360b6c0d54e2",
			"parentId": "FuckYouUnlimitedAmmo331718",
			"slotId": "main",
			"upd": {
				"StackObjectsCount": 60
			}
		},
		{
			"_id": "iHateThatShit115992",
			"_tpl": "5d6e6772a4b936088465b17c",
			"parentId": "FuckYouUnlimitedAmmo331718",
			"slotId": "main",
			"upd": {
				"StackObjectsCount": 60
			}
		},
		{
			"_id": "iHateThatShit222303",
			"_tpl": "5d6e6772a4b936088465b17c",
			"parentId": "FuckYouUnlimitedAmmo331718",
			"slotId": "main",
			"upd": {
				"StackObjectsCount": 60
			}
		},
		{
			"_id": "mag0Vest906851",
			"_tpl": "57616a9e2459773c7a400234",
			"parentId": "TacticalVest473691",
			"slotId": "3",
			"location": {
				"x": 0,
				"y": 0,
				"r": "Horizontal"
			}
		},
		{
			"_id": "AmmoMag0Vest621461",
			"_tpl": "5d6e689ca4b9361bc8618956",
			"parentId": "mag0Vest906851",
			"slotId": "cartridges",
			"upd": {
				"StackObjectsCount": 5
			}
		},
		{
			"_id": "mag1Vest487054",
			"_tpl": "57616a9e2459773c7a400234",
			"parentId": "TacticalVest473691",
			"slotId": "5",
			"location": {
				"x": 0,
				"y": 0,
				"r": "Horizontal"
			}
		},
		{
			"_id": "AmmoMag1Vest780139",
			"_tpl": "5d6fbf68a4b9362233221f6b",
			"parentId": "mag1Vest487054",
			"slotId": "cartridges",
			"upd": {
				"StackObjectsCount": 5
			}
		},
		{
			"_id": "Scabbard560102",
			"_tpl": "57e26ea924597715ca604a09",
			"parentId": "5c6687d65e9d882c8841f0fd",
			"slotId": "Scabbard"
		},
		{
			"_id": "Eyewear487928",
			"_tpl": "5b432be65acfc433000ed01f",
			"parentId": "5c6687d65e9d882c8841f0fd",
			"slotId": "Eyewear"
		},
		{
			"_id": "FaceCover966213",
			"_tpl": "572b7f1624597762ae139822",
			"parentId": "5c6687d65e9d882c8841f0fd",
			"slotId": "FaceCover"
		},
		{
			"_id": "Backpack111471",
			"_tpl": "5ab8f04f86f774585f4237d8",
			"parentId": "5c6687d65e9d882c8841f0fd",
			"slotId": "Backpack"
		},
		{
			"_id": "BP_Backpack111471_534802",
			"_tpl": "57347d90245977448f7b7f65",
			"parentId": "Backpack111471",
			"slotId": "main",
			"location": {
				"x": 0,
				"y": 0,
				"r": "Horizontal"
			}
		},
		{
			"_id": "BP_Backpack111471_757674",
			"_tpl": "5751496424597720a27126da",
			"parentId": "Backpack111471",
			"slotId": "main",
			"location": {
				"x": 1,
				"y": 0,
				"r": "Horizontal"
			}
		},
		{
			"_id": "BP_Backpack111471_899309",
			"_tpl": "5d1b5e94d7ad1a2b865a96b0",
			"parentId": "Backpack111471",
			"slotId": "main",
			"location": {
				"x": 1,
				"y": 1,
				"r": "Horizontal"
			}
		},
		{
			"_id": "Pocket_911774",
			"_tpl": "5909e99886f7740c983b9984",
			"parentId": "5c6687d65e9d882c8841f121",
			"slotId": "pocket1",
			"location": {
				"x": 0,
				"y": 0,
				"r": "Horizontal"
			},
			"upd": {
				"SpawnedInSession": true
			}
		}
	],
	"equipment": "5c6687d65e9d882c8841f0fd",
	"stash": "5c6687d65e9d882c8841f0fc",
	"questRaidItems": "5c6687d65e9d882c8841f0fe",
	"questStashItems": "5c6687d65e9d882c8841f0ff",
	"fastPanel": {}
}