{
	"items": [
		{
			"_id": "5c6687d65e9d882c8841f0fd",
			"_tpl": "55d7217a4bdc2d86028b456d"
		},
		{
			"_id": "5c6687d65e9d882c8841f121",
			"_tpl": "557ffd194bdc2d28148b457f",
			"parentId": "5c6687d65e9d882c8841f0fd",
			"slotId": "Pockets"
		},
		{
			"_id": "5c6687d65e9d882c8841f0fc",
			"_tpl": "566abbc34bdc2d92178b4576"
		},
		{
			"_id": "5c6687d65e9d882c8841f0ff",
			"_tpl": "5963866b86f7747bfa1c4462"
		},
		{
			"_id": "5c6687d65e9d882c8841f0fe",
			"_tpl": "5963866286f7747bf429b572"
		},
		{
			"_id": "TacticalVest773364",
			"_tpl": "5d5d8ca986f7742798716522",
			"parentId": "5c6687d65e9d882c8841f0fd",
			"slotId": "TacticalVest"
		},
		{
			"_id": "I210016225791087175zosqL",
			"_tpl": "56d59856d2720bd8418b456a",
			"parentId": "5c6687d65e9d882c8841f0fd",
			"slotId": "Holster"
		},
		{
			"_id": "I210016223363741488SOBDt",
			"_tpl": "56d5a1f7d2720bb3418b456a",
			"parentId": "I210016225791087175zosqL",
			"slotId": "mod_barrel"
		},
		{
			"_id": "I210016224874263019rNFFn",
			"_tpl": "56d5a2bbd2720bb8418b456a",
			"parentId": "I210016225791087175zosqL",
			"slotId": "mod_pistol_grip"
		},
		{
			"_id": "I210016222706866142L5kep",
			"_tpl": "56d5a407d2720bb3418b456b",
			"parentId": "I210016225791087175zosqL",
			"slotId": "mod_reciever"
		},
		{
			"_id": "AmmoMag157773",
			"_tpl": "5c0d56a986f774449d5de529",
			"parentId": "I210016224549891509hxVB2",
			"slotId": "cartridges",
			"upd": {
				"StackObjectsCount": 15
			}
		},
		{
			"_id": "I210016224549891509hxVB2",
			"_tpl": "56d59948d2720bb7418b4582",
			"parentId": "I210016225791087175zosqL",
			"slotId": "mod_magazine"
		},
		{
			"_id": "I210016224015555621KTOuX",
			"_tpl": "56d5a77ed2720b90418b4568",
			"parentId": "I210016222706866142L5kep",
			"slotId": "mod_sight_rear",
			"upd": {
				"Sight": {
					"SelectedSightMode": 0
				}
			}
		},
		{
			"_id": "I210016226956354775U8Nj5",
			"_tpl": "56d5a661d2720bd8418b456b",
			"parentId": "I210016222706866142L5kep",
			"slotId": "mod_sight_front",
			"upd": {
				"Sight": {
					"SelectedSightMode": 0
				}
			}
		},
		{
			"_id": "FuckYouUnlimitedAmmo382089",
			"_tpl": "5857a8bc2459772bad15db29",
			"parentId": "5c6687d65e9d882c8841f0fd",
			"slotId": "SecuredContainer"
		},
		{
			"_id": "iHateThatShit612159",
			"_tpl": "5c0d56a986f774449d5de529",
			"parentId": "FuckYouUnlimitedAmmo382089",
			"slotId": "main",
			"upd": {
				"StackObjectsCount": 60
			}
		},
		{
			"_id": "iHateThatShit687288",
			"_tpl": "5a3c16fe86f77452b62de32a",
			"parentId": "FuckYouUnlimitedAmmo382089",
			"slotId": "main",
			"upd": {
				"StackObjectsCount": 60
			}
		},
		{
			"_id": "iHateThatShit480718",
			"_tpl": "5c3df7d588a4501f290594e5",
			"parentId": "FuckYouUnlimitedAmmo382089",
			"slotId": "main",
			"upd": {
				"StackObjectsCount": 60
			}
		},
		{
			"_id": "iHateThatShit299401",
			"_tpl": "5a3c16fe86f77452b62de32a",
			"parentId": "FuckYouUnlimitedAmmo382089",
			"slotId": "main",
			"upd": {
				"StackObjectsCount": 60
			}
		},
		{
			"_id": "iHateThatShit250057",
			"_tpl": "5c3df7d588a4501f290594e5",
			"parentId": "FuckYouUnlimitedAmmo382089",
			"slotId": "main",
			"upd": {
				"StackObjectsCount": 60
			}
		},
		{
			"_id": "iHateThatShit660461",
			"_tpl": "56d59d3ad2720bdb418b4577",
			"parentId": "FuckYouUnlimitedAmmo382089",
			"slotId": "main",
			"upd": {
				"StackObjectsCount": 60
			}
		},
		{
			"_id": "iHateThatShit339458",
			"_tpl": "5c925fa22e221601da359b7b",
			"parentId": "FuckYouUnlimitedAmmo382089",
			"slotId": "main",
			"upd": {
				"StackObjectsCount": 60
			}
		},
		{
			"_id": "iHateThatShit950490",
			"_tpl": "58864a4f2459770fcc257101",
			"parentId": "FuckYouUnlimitedAmmo382089",
			"slotId": "main",
			"upd": {
				"StackObjectsCount": 60
			}
		},
		{
			"_id": "iHateThatShit390552",
			"_tpl": "5c3df7d588a4501f290594e5",
			"parentId": "FuckYouUnlimitedAmmo382089",
			"slotId": "main",
			"upd": {
				"StackObjectsCount": 60
			}
		},
		{
			"_id": "magP0Vest67342",
			"_tpl": "5c920e902e221644f31c3c99",
			"parentId": "TacticalVest773364",
			"slotId": "2",
			"location": {
				"x": 0,
				"y": 0,
				"r": "Horizontal"
			}
		},
		{
			"_id": "AmmoMagPVest769443",
			"_tpl": "5c3df7d588a4501f290594e5",
			"parentId": "magP0Vest67342",
			"slotId": "cartridges",
			"upd": {
				"StackObjectsCount": 20
			}
		},
		{
			"_id": "magP0Vest83641",
			"_tpl": "5c920e902e221644f31c3c99",
			"parentId": "TacticalVest773364",
			"slotId": "2",
			"location": {
				"x": 0,
				"y": 1,
				"r": "Horizontal"
			}
		},
		{
			"_id": "AmmoMagPVest915527",
			"_tpl": "5c925fa22e221601da359b7b",
			"parentId": "magP0Vest83641",
			"slotId": "cartridges",
			"upd": {
				"StackObjectsCount": 20
			}
		},
		{
			"_id": "Scabbard342909",
			"_tpl": "54491bb74bdc2d09088b4567",
			"parentId": "5c6687d65e9d882c8841f0fd",
			"slotId": "Scabbard"
		},
		{
			"_id": "FaceCover195383",
			"_tpl": "572b7fa524597762b747ce82",
			"parentId": "5c6687d65e9d882c8841f0fd",
			"slotId": "FaceCover"
		},
		{
			"_id": "Backpack408357",
			"_tpl": "56e33634d2720bd8058b456b",
			"parentId": "5c6687d65e9d882c8841f0fd",
			"slotId": "Backpack"
		},
		{
			"_id": "BP_Backpack408357_325385",
			"_tpl": "5d1b317c86f7742523398392",
			"parentId": "Backpack408357",
			"slotId": "main",
			"location": {
				"x": 0,
				"y": 0,
				"r": "Horizontal"
			}
		},
		{
			"_id": "BP_Backpack408357_826628",
			"_tpl": "5c052e6986f7746b207bc3c9",
			"parentId": "Backpack408357",
			"slotId": "main",
			"location": {
				"x": 0,
				"y": 2,
				"r": "Horizontal"
			}
		},
		{
			"_id": "BP_Backpack408357_101123",
			"_tpl": "5bc9b720d4351e450201234b",
			"parentId": "Backpack408357",
			"slotId": "main",
			"location": {
				"x": 1,
				"y": 2,
				"r": "Horizontal"
			}
		},
		{
			"_id": "BP_Backpack408357_830054",
			"_tpl": "5d1c774f86f7746d6620f8db",
			"parentId": "Backpack408357",
			"slotId": "main",
			"location": {
				"x": 2,
				"y": 2,
				"r": "Horizontal"
			}
		},
		{
			"_id": "BP_Backpack408357_563810",
			"_tpl": "5c13cef886f774072e618e82",
			"parentId": "Backpack408357",
			"slotId": "main",
			"location": {
				"x": 3,
				"y": 0,
				"r": "Horizontal"
			}
		},
		{
			"_id": "ArmorVest132387",
			"_tpl": "5b44d22286f774172b0c9de8",
			"parentId": "5c6687d65e9d882c8841f0fd",
			"slotId": "ArmorVest",
			"upd": {
				"Repairable": {
					"MaxDurability": 70,
					"Durability": 42
				}
			}
		}
	],
	"equipment": "5c6687d65e9d882c8841f0fd",
	"stash": "5c6687d65e9d882c8841f0fc",
	"questRaidItems": "5c6687d65e9d882c8841f0fe",
	"questStashItems": "5c6687d65e9d882c8841f0ff",
	"fastPanel": {}
}