{
	"items": [
		{
			"_id": "5c6687d65e9d882c8841f0fd",
			"_tpl": "55d7217a4bdc2d86028b456d"
		},
		{
			"_id": "5c6687d65e9d882c8841f121",
			"_tpl": "557ffd194bdc2d28148b457f",
			"parentId": "5c6687d65e9d882c8841f0fd",
			"slotId": "Pockets"
		},
		{
			"_id": "5c6687d65e9d882c8841f0fc",
			"_tpl": "566abbc34bdc2d92178b4576"
		},
		{
			"_id": "5c6687d65e9d882c8841f0ff",
			"_tpl": "5963866b86f7747bfa1c4462"
		},
		{
			"_id": "5c6687d65e9d882c8841f0fe",
			"_tpl": "5963866286f7747bf429b572"
		},
		{
			"_id": "TacticalVest835416",
			"_tpl": "5d5d8ca986f7742798716522",
			"parentId": "5c6687d65e9d882c8841f0fd",
			"slotId": "TacticalVest"
		},
		{
			"_id": "I210061234547726775xDV3m",
			"_tpl": "5447a9cd4bdc2dbd208b4567",
			"parentId": "5c6687d65e9d882c8841f0fd",
			"slotId": "FirstPrimaryWeapon"
		},
		{
			"_id": "I21006128838148213M31JRb",
			"_tpl": "55d4b9964bdc2d1d4e8b456e",
			"parentId": "I210061234547726775xDV3m",
			"slotId": "mod_pistol_grip"
		},
		{
			"_id": "MagazineWeaponScav2489",
			"_tpl": "5d1340cad7ad1a0b0b249869",
			"parentId": "I210061234547726775xDV3m",
			"slotId": "mod_magazine"
		},
		{
			"_id": "AmmoMag1519",
			"_tpl": "59e6906286f7746c9f75e847",
			"parentId": "MagazineWeaponScav2489",
			"slotId": "cartridges",
			"upd": {
				"StackObjectsCount": 30
			}
		},
		{
			"_id": "I210061267743046653lr3Ss",
			"_tpl": "55d355e64bdc2d962f8b4569",
			"parentId": "I210061234547726775xDV3m",
			"slotId": "mod_reciever"
		},
		{
			"_id": "I21006128533090391oSmMrH",
			"_tpl": "5649be884bdc2d79388b4577",
			"parentId": "I210061234547726775xDV3m",
			"slotId": "mod_stock"
		},
		{
			"_id": "I21006121348546198bJmi79",
			"_tpl": "55d44fd14bdc2d962f8b456e",
			"parentId": "I210061234547726775xDV3m",
			"slotId": "mod_charge"
		},
		{
			"_id": "I21006129388371471xPsAB7",
			"_tpl": "55d3632e4bdc2d972f8b4569",
			"parentId": "I210061267743046653lr3Ss",
			"slotId": "mod_barrel"
		},
		{
			"_id": "I21006121108382645LuPV37",
			"_tpl": "5ae30db85acfc408fb139a05",
			"parentId": "I210061267743046653lr3Ss",
			"slotId": "mod_handguard"
		},
		{
			"_id": "I21006128837284705fer4e3",
			"_tpl": "5ae30bad5acfc400185c2dc4",
			"parentId": "I210061267743046653lr3Ss",
			"slotId": "mod_sight_rear",
			"upd": {
				"Sight": {
					"SelectedSightMode": 0
				}
			}
		},
		{
			"_id": "I21006124279930465jkyQzF",
			"_tpl": "55d4ae6c4bdc2d8b2f8b456e",
			"parentId": "I21006128533090391oSmMrH",
			"slotId": "mod_stock_000"
		},
		{
			"_id": "I21006121328946940Hvs8Y9",
			"_tpl": "544a38634bdc2d58388b4568",
			"parentId": "I21006129388371471xPsAB7",
			"slotId": "mod_muzzle"
		},
		{
			"_id": "I21006121443262486RLeOYp",
			"_tpl": "5ae30e795acfc408fb139a0b",
			"parentId": "I21006129388371471xPsAB7",
			"slotId": "mod_gas_block"
		},
		{
			"_id": "FuckYouUnlimitedAmmo504679",
			"_tpl": "5857a8bc2459772bad15db29",
			"parentId": "5c6687d65e9d882c8841f0fd",
			"slotId": "SecuredContainer"
		},
		{
			"_id": "iHateThatShit996948",
			"_tpl": "59e6918f86f7746c9f75e849",
			"parentId": "FuckYouUnlimitedAmmo504679",
			"slotId": "main",
			"upd": {
				"StackObjectsCount": 60
			}
		},
		{
			"_id": "iHateThatShit368834",
			"_tpl": "54527a984bdc2d4e668b4567",
			"parentId": "FuckYouUnlimitedAmmo504679",
			"slotId": "main",
			"upd": {
				"StackObjectsCount": 60
			}
		},
		{
			"_id": "iHateThatShit160048",
			"_tpl": "59e690b686f7746c9f75e848",
			"parentId": "FuckYouUnlimitedAmmo504679",
			"slotId": "main",
			"upd": {
				"StackObjectsCount": 60
			}
		},
		{
			"_id": "iHateThatShit203533",
			"_tpl": "54527ac44bdc2d36668b4567",
			"parentId": "FuckYouUnlimitedAmmo504679",
			"slotId": "main",
			"upd": {
				"StackObjectsCount": 60
			}
		},
		{
			"_id": "iHateThatShit398584",
			"_tpl": "59e6927d86f77411da468256",
			"parentId": "FuckYouUnlimitedAmmo504679",
			"slotId": "main",
			"upd": {
				"StackObjectsCount": 60
			}
		},
		{
			"_id": "iHateThatShit147803",
			"_tpl": "59e6918f86f7746c9f75e849",
			"parentId": "FuckYouUnlimitedAmmo504679",
			"slotId": "main",
			"upd": {
				"StackObjectsCount": 60
			}
		},
		{
			"_id": "iHateThatShit153541",
			"_tpl": "5c0d5ae286f7741e46554302",
			"parentId": "FuckYouUnlimitedAmmo504679",
			"slotId": "main",
			"upd": {
				"StackObjectsCount": 60
			}
		},
		{
			"_id": "iHateThatShit726108",
			"_tpl": "59e68f6f86f7746c9f75e846",
			"parentId": "FuckYouUnlimitedAmmo504679",
			"slotId": "main",
			"upd": {
				"StackObjectsCount": 60
			}
		},
		{
			"_id": "iHateThatShit835893",
			"_tpl": "59e68f6f86f7746c9f75e846",
			"parentId": "FuckYouUnlimitedAmmo504679",
			"slotId": "main",
			"upd": {
				"StackObjectsCount": 60
			}
		},
		{
			"_id": "mag0Vest213531",
			"_tpl": "5c6d46132e221601da357d56",
			"parentId": "TacticalVest835416",
			"slotId": "2",
			"location": {
				"x": 0,
				"y": 0,
				"r": "Horizontal"
			}
		},
		{
			"_id": "AmmoMag0Vest342551",
			"_tpl": "59e6906286f7746c9f75e847",
			"parentId": "mag0Vest213531",
			"slotId": "cartridges",
			"upd": {
				"StackObjectsCount": 30
			}
		},
		{
			"_id": "mag0Vest969191",
			"_tpl": "5c6d46132e221601da357d56",
			"parentId": "TacticalVest835416",
			"slotId": "1",
			"location": {
				"x": 1,
				"y": 0,
				"r": "Horizontal"
			}
		},
		{
			"_id": "AmmoMag0Vest205529",
			"_tpl": "5c0d5ae286f7741e46554302",
			"parentId": "mag0Vest969191",
			"slotId": "cartridges",
			"upd": {
				"StackObjectsCount": 30
			}
		},
		{
			"_id": "Scabbard620676",
			"_tpl": "57e26ea924597715ca604a09",
			"parentId": "5c6687d65e9d882c8841f0fd",
			"slotId": "Scabbard"
		},
		{
			"_id": "Headwear125656",
			"_tpl": "5b40e5e25acfc4001a599bea",
			"parentId": "5c6687d65e9d882c8841f0fd",
			"slotId": "Headwear"
		},
		{
			"_id": "Backpack657661",
			"_tpl": "544a5cde4bdc2d39388b456b",
			"parentId": "5c6687d65e9d882c8841f0fd",
			"slotId": "Backpack"
		},
		{
			"_id": "BP_Backpack657661_624585",
			"_tpl": "5938994586f774523a425196",
			"parentId": "Backpack657661",
			"slotId": "main",
			"location": {
				"x": 0,
				"y": 0,
				"r": "Horizontal"
			}
		},
		{
			"_id": "Pocket_199747",
			"_tpl": "5734773724597737fd047c14",
			"parentId": "5c6687d65e9d882c8841f121",
			"slotId": "pocket1",
			"location": {
				"x": 0,
				"y": 0,
				"r": "Horizontal"
			},
			"upd": {
				"SpawnedInSession": true
			}
		}
	],
	"equipment": "5c6687d65e9d882c8841f0fd",
	"stash": "5c6687d65e9d882c8841f0fc",
	"questRaidItems": "5c6687d65e9d882c8841f0fe",
	"questStashItems": "5c6687d65e9d882c8841f0ff",
	"fastPanel": {}
}