{
	"items": [
		{
			"_id": "5c6687d65e9d882c8841f0fd",
			"_tpl": "55d7217a4bdc2d86028b456d"
		},
		{
			"_id": "5c6687d65e9d882c8841f121",
			"_tpl": "557ffd194bdc2d28148b457f",
			"parentId": "5c6687d65e9d882c8841f0fd",
			"slotId": "Pockets"
		},
		{
			"_id": "5c6687d65e9d882c8841f0fc",
			"_tpl": "566abbc34bdc2d92178b4576"
		},
		{
			"_id": "5c6687d65e9d882c8841f0ff",
			"_tpl": "5963866b86f7747bfa1c4462"
		},
		{
			"_id": "5c6687d65e9d882c8841f0fe",
			"_tpl": "5963866286f7747bf429b572"
		},
		{
			"_id": "TacticalVest422329",
			"_tpl": "5d5d8ca986f7742798716522",
			"parentId": "5c6687d65e9d882c8841f0fd",
			"slotId": "TacticalVest"
		},
		{
			"_id": "I21001757668557060Bjv1eC",
			"_tpl": "571a12c42459771f627b58a0",
			"parentId": "5c6687d65e9d882c8841f0fd",
			"slotId": "Holster"
		},
		{
			"_id": "I21001752545861522Hrs7bx",
			"_tpl": "571a26d524597720680fbe8a",
			"parentId": "I21001757668557060Bjv1eC",
			"slotId": "mod_barrel"
		},
		{
			"_id": "I21001756958578917Q4Swdx",
			"_tpl": "571a282c2459771fb2755a69",
			"parentId": "I21001757668557060Bjv1eC",
			"slotId": "mod_pistol_grip"
		},
		{
			"_id": "AmmoMag190049",
			"_tpl": "573602322459776445391df1",
			"parentId": "I21001752964453656ilQvg2",
			"slotId": "cartridges",
			"upd": {
				"StackObjectsCount": 8
			}
		},
		{
			"_id": "I21001752964453656ilQvg2",
			"_tpl": "571a29dc2459771fb2755a6a",
			"parentId": "I21001757668557060Bjv1eC",
			"slotId": "mod_magazine"
		},
		{
			"_id": "FuckYouUnlimitedAmmo695939",
			"_tpl": "5857a8bc2459772bad15db29",
			"parentId": "5c6687d65e9d882c8841f0fd",
			"slotId": "SecuredContainer"
		},
		{
			"_id": "iHateThatShit755963",
			"_tpl": "5735fdcd2459776445391d61",
			"parentId": "FuckYouUnlimitedAmmo695939",
			"slotId": "main",
			"upd": {
				"StackObjectsCount": 60
			}
		},
		{
			"_id": "iHateThatShit553026",
			"_tpl": "5736026a245977644601dc61",
			"parentId": "FuckYouUnlimitedAmmo695939",
			"slotId": "main",
			"upd": {
				"StackObjectsCount": 60
			}
		},
		{
			"_id": "iHateThatShit964664",
			"_tpl": "573602322459776445391df1",
			"parentId": "FuckYouUnlimitedAmmo695939",
			"slotId": "main",
			"upd": {
				"StackObjectsCount": 60
			}
		},
		{
			"_id": "iHateThatShit735567",
			"_tpl": "573603562459776430731618",
			"parentId": "FuckYouUnlimitedAmmo695939",
			"slotId": "main",
			"upd": {
				"StackObjectsCount": 60
			}
		},
		{
			"_id": "iHateThatShit404037",
			"_tpl": "573603c924597764442bd9cb",
			"parentId": "FuckYouUnlimitedAmmo695939",
			"slotId": "main",
			"upd": {
				"StackObjectsCount": 60
			}
		},
		{
			"_id": "iHateThatShit638136",
			"_tpl": "5735ff5c245977640e39ba7e",
			"parentId": "FuckYouUnlimitedAmmo695939",
			"slotId": "main",
			"upd": {
				"StackObjectsCount": 60
			}
		},
		{
			"_id": "iHateThatShit543710",
			"_tpl": "5736026a245977644601dc61",
			"parentId": "FuckYouUnlimitedAmmo695939",
			"slotId": "main",
			"upd": {
				"StackObjectsCount": 60
			}
		},
		{
			"_id": "iHateThatShit118575",
			"_tpl": "573601b42459776410737435",
			"parentId": "FuckYouUnlimitedAmmo695939",
			"slotId": "main",
			"upd": {
				"StackObjectsCount": 60
			}
		},
		{
			"_id": "iHateThatShit842188",
			"_tpl": "5735fdcd2459776445391d61",
			"parentId": "FuckYouUnlimitedAmmo695939",
			"slotId": "main",
			"upd": {
				"StackObjectsCount": 60
			}
		},
		{
			"_id": "Scabbard499452",
			"_tpl": "5bffdc370db834001d23eca8",
			"parentId": "5c6687d65e9d882c8841f0fd",
			"slotId": "Scabbard"
		},
		{
			"_id": "Headwear280190",
			"_tpl": "5c0d2727d174af02a012cf58",
			"parentId": "5c6687d65e9d882c8841f0fd",
			"slotId": "Headwear"
		},
		{
			"_id": "Eyewear45420",
			"_tpl": "5aa2b9aee5b5b00015693121",
			"parentId": "5c6687d65e9d882c8841f0fd",
			"slotId": "Eyewear"
		},
		{
			"_id": "FaceCover462631",
			"_tpl": "5e54f76986f7740366043752",
			"parentId": "5c6687d65e9d882c8841f0fd",
			"slotId": "FaceCover"
		},
		{
			"_id": "Backpack998051",
			"_tpl": "56e33680d2720be2748b4576",
			"parentId": "5c6687d65e9d882c8841f0fd",
			"slotId": "Backpack"
		},
		{
			"_id": "BP_Backpack998051_137763",
			"_tpl": "5d235b4d86f7742e017bc88a",
			"parentId": "Backpack998051",
			"slotId": "main",
			"location": {
				"x": 0,
				"y": 0,
				"r": "Horizontal"
			}
		},
		{
			"_id": "BP_Backpack998051_415875",
			"_tpl": "573477e124597737dd42e191",
			"parentId": "Backpack998051",
			"slotId": "main",
			"location": {
				"x": 0,
				"y": 1,
				"r": "Horizontal"
			}
		},
		{
			"_id": "BP_Backpack998051_879168",
			"_tpl": "5734781f24597737e04bf32a",
			"parentId": "Backpack998051",
			"slotId": "main",
			"location": {
				"x": 0,
				"y": 2,
				"r": "Horizontal"
			}
		},
		{
			"_id": "BP_Backpack998051_339882",
			"_tpl": "5913651986f774432f15d132",
			"parentId": "Backpack998051",
			"slotId": "main",
			"location": {
				"x": 1,
				"y": 0,
				"r": "Horizontal"
			}
		},
		{
			"_id": "BP_Backpack998051_181803",
			"_tpl": "5e2aef7986f7746d3f3c33f5",
			"parentId": "Backpack998051",
			"slotId": "main",
			"location": {
				"x": 2,
				"y": 0,
				"r": "Horizontal"
			}
		},
		{
			"_id": "ArmorVest109233",
			"_tpl": "5c0e625a86f7742d77340f62",
			"parentId": "5c6687d65e9d882c8841f0fd",
			"slotId": "ArmorVest",
			"upd": {
				"Repairable": {
					"MaxDurability": 75,
					"Durability": 68
				}
			}
		},
		{
			"_id": "Pocket_983148",
			"_tpl": "59e3606886f77417674759a5",
			"parentId": "5c6687d65e9d882c8841f121",
			"slotId": "pocket1",
			"location": {
				"x": 0,
				"y": 0,
				"r": "Horizontal"
			},
			"upd": {
				"SpawnedInSession": true
			}
		}
	],
	"equipment": "5c6687d65e9d882c8841f0fd",
	"stash": "5c6687d65e9d882c8841f0fc",
	"questRaidItems": "5c6687d65e9d882c8841f0fe",
	"questStashItems": "5c6687d65e9d882c8841f0ff",
	"fastPanel": {}
}