{
	"items": [
		{
			"_id": "5c6687d65e9d882c8841f0fd",
			"_tpl": "55d7217a4bdc2d86028b456d"
		},
		{
			"_id": "5c6687d65e9d882c8841f121",
			"_tpl": "557ffd194bdc2d28148b457f",
			"parentId": "5c6687d65e9d882c8841f0fd",
			"slotId": "Pockets"
		},
		{
			"_id": "5c6687d65e9d882c8841f0fc",
			"_tpl": "566abbc34bdc2d92178b4576"
		},
		{
			"_id": "5c6687d65e9d882c8841f0ff",
			"_tpl": "5963866b86f7747bfa1c4462"
		},
		{
			"_id": "5c6687d65e9d882c8841f0fe",
			"_tpl": "5963866286f7747bf429b572"
		},
		{
			"_id": "TacticalVest468534",
			"_tpl": "5929a2a086f7744f4b234d43",
			"parentId": "5c6687d65e9d882c8841f0fd",
			"slotId": "TacticalVest"
		},
		{
			"_id": "I331026107361434876XJXtQ",
			"_tpl": "59ff346386f77477562ff5e2",
			"parentId": "5c6687d65e9d882c8841f0fd",
			"slotId": "FirstPrimaryWeapon"
		},
		{
			"_id": "I33102610799706816946tSZ",
			"_tpl": "59d64ec286f774171d1e0a42",
			"parentId": "I331026107361434876XJXtQ",
			"slotId": "mod_gas_block"
		},
		{
			"_id": "I3310261050567921340W4CH",
			"_tpl": "59d64fc686f774171b243fe2",
			"parentId": "I331026107361434876XJXtQ",
			"slotId": "mod_muzzle"
		},
		{
			"_id": "I331026106732724709SyuoK",
			"_tpl": "5a0071d486f77404e23a12b2",
			"parentId": "I331026107361434876XJXtQ",
			"slotId": "mod_pistol_grip_akms"
		},
		{
			"_id": "I3310261022317483080elGI",
			"_tpl": "59d650cf86f7741b846413a4",
			"parentId": "I331026107361434876XJXtQ",
			"slotId": "mod_sight_rear",
			"upd": {
				"Sight": {
					"SelectedSightMode": 0
				}
			}
		},
		{
			"_id": "MagazineWeaponScav7014",
			"_tpl": "59e5d83b86f7745aed03d262",
			"parentId": "I331026107361434876XJXtQ",
			"slotId": "mod_magazine"
		},
		{
			"_id": "AmmoMag15725",
			"_tpl": "59e4d3d286f774176a36250a",
			"parentId": "MagazineWeaponScav7014",
			"slotId": "cartridges",
			"upd": {
				"StackObjectsCount": 10
			}
		},
		{
			"_id": "I331026109208390070agzT7",
			"_tpl": "59d64f2f86f77417193ef8b3",
			"parentId": "I33102610799706816946tSZ",
			"slotId": "mod_handguard"
		},
		{
			"_id": "FuckYouUnlimitedAmmo27741",
			"_tpl": "5857a8bc2459772bad15db29",
			"parentId": "5c6687d65e9d882c8841f0fd",
			"slotId": "SecuredContainer"
		},
		{
			"_id": "iHateThatShit469168",
			"_tpl": "5656d7c34bdc2d9d198b4587",
			"parentId": "FuckYouUnlimitedAmmo27741",
			"slotId": "main",
			"upd": {
				"StackObjectsCount": 60
			}
		},
		{
			"_id": "iHateThatShit178847",
			"_tpl": "59e4d24686f7741776641ac7",
			"parentId": "FuckYouUnlimitedAmmo27741",
			"slotId": "main",
			"upd": {
				"StackObjectsCount": 60
			}
		},
		{
			"_id": "iHateThatShit659469",
			"_tpl": "59e4cf5286f7741778269d8a",
			"parentId": "FuckYouUnlimitedAmmo27741",
			"slotId": "main",
			"upd": {
				"StackObjectsCount": 60
			}
		},
		{
			"_id": "iHateThatShit759543",
			"_tpl": "59e4cf5286f7741778269d8a",
			"parentId": "FuckYouUnlimitedAmmo27741",
			"slotId": "main",
			"upd": {
				"StackObjectsCount": 60
			}
		},
		{
			"_id": "iHateThatShit454320",
			"_tpl": "5656d7c34bdc2d9d198b4587",
			"parentId": "FuckYouUnlimitedAmmo27741",
			"slotId": "main",
			"upd": {
				"StackObjectsCount": 60
			}
		},
		{
			"_id": "iHateThatShit983948",
			"_tpl": "59e4d24686f7741776641ac7",
			"parentId": "FuckYouUnlimitedAmmo27741",
			"slotId": "main",
			"upd": {
				"StackObjectsCount": 60
			}
		},
		{
			"_id": "iHateThatShit532047",
			"_tpl": "59e4cf5286f7741778269d8a",
			"parentId": "FuckYouUnlimitedAmmo27741",
			"slotId": "main",
			"upd": {
				"StackObjectsCount": 60
			}
		},
		{
			"_id": "iHateThatShit167",
			"_tpl": "59e0d99486f7744a32234762",
			"parentId": "FuckYouUnlimitedAmmo27741",
			"slotId": "main",
			"upd": {
				"StackObjectsCount": 60
			}
		},
		{
			"_id": "iHateThatShit48277",
			"_tpl": "59e0d99486f7744a32234762",
			"parentId": "FuckYouUnlimitedAmmo27741",
			"slotId": "main",
			"upd": {
				"StackObjectsCount": 60
			}
		},
		{
			"_id": "I210016225791087175zosqL",
			"_tpl": "56d59856d2720bd8418b456a",
			"parentId": "5c6687d65e9d882c8841f0fd",
			"slotId": "Holster"
		},
		{
			"_id": "I210016223363741488SOBDt",
			"_tpl": "56d5a1f7d2720bb3418b456a",
			"parentId": "I210016225791087175zosqL",
			"slotId": "mod_barrel"
		},
		{
			"_id": "I210016224874263019rNFFn",
			"_tpl": "56d5a2bbd2720bb8418b456a",
			"parentId": "I210016225791087175zosqL",
			"slotId": "mod_pistol_grip"
		},
		{
			"_id": "I210016222706866142L5kep",
			"_tpl": "56d5a407d2720bb3418b456b",
			"parentId": "I210016225791087175zosqL",
			"slotId": "mod_reciever"
		},
		{
			"_id": "AmmoMag135551",
			"_tpl": "5c0d56a986f774449d5de529",
			"parentId": "I210016224549891509hxVB2",
			"slotId": "cartridges",
			"upd": {
				"StackObjectsCount": 15
			}
		},
		{
			"_id": "I210016224549891509hxVB2",
			"_tpl": "56d59948d2720bb7418b4582",
			"parentId": "I210016225791087175zosqL",
			"slotId": "mod_magazine"
		},
		{
			"_id": "I210016224015555621KTOuX",
			"_tpl": "56d5a77ed2720b90418b4568",
			"parentId": "I210016222706866142L5kep",
			"slotId": "mod_sight_rear",
			"upd": {
				"Sight": {
					"SelectedSightMode": 0
				}
			}
		},
		{
			"_id": "I210016226956354775U8Nj5",
			"_tpl": "56d5a661d2720bd8418b456b",
			"parentId": "I210016222706866142L5kep",
			"slotId": "mod_sight_front",
			"upd": {
				"Sight": {
					"SelectedSightMode": 0
				}
			}
		},
		{
			"_id": "mag0Vest442027",
			"_tpl": "59e5d83b86f7745aed03d262",
			"parentId": "TacticalVest468534",
			"slotId": "3",
			"location": {
				"x": 0,
				"y": 1,
				"r": "Horizontal"
			}
		},
		{
			"_id": "AmmoMag0Vest210742",
			"_tpl": "59e0d99486f7744a32234762",
			"parentId": "mag0Vest442027",
			"slotId": "cartridges",
			"upd": {
				"StackObjectsCount": 10
			}
		},
		{
			"_id": "mag1Vest456354",
			"_tpl": "59e5d83b86f7745aed03d262",
			"parentId": "TacticalVest468534",
			"slotId": "5",
			"location": {
				"x": 0,
				"y": 0,
				"r": "Horizontal"
			}
		},
		{
			"_id": "AmmoMag1Vest674707",
			"_tpl": "59e4cf5286f7741778269d8a",
			"parentId": "mag1Vest456354",
			"slotId": "cartridges",
			"upd": {
				"StackObjectsCount": 10
			}
		},
		{
			"_id": "StackAmmo69349131901",
			"_tpl": "59e4d3d286f774176a36250a",
			"parentId": "TacticalVest468534",
			"slotId": "7",
			"upd": {
				"StackObjectsCount": 20
			}
		},
		{
			"_id": "Scabbard796470",
			"_tpl": "57e26fc7245977162a14b800",
			"parentId": "5c6687d65e9d882c8841f0fd",
			"slotId": "Scabbard"
		},
		{
			"_id": "Headwear214593",
			"_tpl": "5b40e5e25acfc4001a599bea",
			"parentId": "5c6687d65e9d882c8841f0fd",
			"slotId": "Headwear"
		},
		{
			"_id": "FaceCover642170",
			"_tpl": "572b7f1624597762ae139822",
			"parentId": "5c6687d65e9d882c8841f0fd",
			"slotId": "FaceCover"
		},
		{
			"_id": "Backpack647238",
			"_tpl": "5ab8ee7786f7742d8f33f0b9",
			"parentId": "5c6687d65e9d882c8841f0fd",
			"slotId": "Backpack"
		},
		{
			"_id": "Pocket_834934",
			"_tpl": "590a3cd386f77436f20848cb",
			"parentId": "5c6687d65e9d882c8841f121",
			"slotId": "pocket1",
			"location": {
				"x": 0,
				"y": 0,
				"r": "Horizontal"
			},
			"upd": {
				"SpawnedInSession": true
			}
		},
		{
			"_id": "Pocket_600788",
			"_tpl": "573474f924597738002c6174",
			"parentId": "5c6687d65e9d882c8841f121",
			"slotId": "pocket2",
			"location": {
				"x": 0,
				"y": 0,
				"r": "Horizontal"
			},
			"upd": {
				"SpawnedInSession": true
			}
		},
		{
			"_id": "Pocket_501354",
			"_tpl": "5751496424597720a27126da",
			"parentId": "5c6687d65e9d882c8841f121",
			"slotId": "pocket3",
			"location": {
				"x": 0,
				"y": 0,
				"r": "Horizontal"
			},
			"upd": {
				"SpawnedInSession": true
			}
		}
	],
	"equipment": "5c6687d65e9d882c8841f0fd",
	"stash": "5c6687d65e9d882c8841f0fc",
	"questRaidItems": "5c6687d65e9d882c8841f0fe",
	"questStashItems": "5c6687d65e9d882c8841f0ff",
	"fastPanel": {}
}