{
	"items": [
		{
			"_id": "5c6687d65e9d882c8841f0fd",
			"_tpl": "55d7217a4bdc2d86028b456d"
		},
		{
			"_id": "5c6687d65e9d882c8841f121",
			"_tpl": "557ffd194bdc2d28148b457f",
			"parentId": "5c6687d65e9d882c8841f0fd",
			"slotId": "Pockets"
		},
		{
			"_id": "5c6687d65e9d882c8841f0fc",
			"_tpl": "566abbc34bdc2d92178b4576"
		},
		{
			"_id": "5c6687d65e9d882c8841f0ff",
			"_tpl": "5963866b86f7747bfa1c4462"
		},
		{
			"_id": "5c6687d65e9d882c8841f0fe",
			"_tpl": "5963866286f7747bf429b572"
		},
		{
			"_id": "TacticalVest743820",
			"_tpl": "5648a69d4bdc2ded0b8b457b",
			"parentId": "5c6687d65e9d882c8841f0fd",
			"slotId": "TacticalVest"
		},
		{
			"_id": "I3310435324897729316Lm6V",
			"_tpl": "5c07c60e0db834002330051f",
			"parentId": "5c6687d65e9d882c8841f0fd",
			"slotId": "FirstPrimaryWeapon"
		},
		{
			"_id": "I331043535597122964UsXFv",
			"_tpl": "5c0e2ff6d174af02a1659d4a",
			"parentId": "I3310435324897729316Lm6V",
			"slotId": "mod_pistol_grip"
		},
		{
			"_id": "MagazineWeaponScav5954",
			"_tpl": "5aaa5e60e5b5b000140293d6",
			"parentId": "I3310435324897729316Lm6V",
			"slotId": "mod_magazine"
		},
		{
			"_id": "AmmoMag19839",
			"_tpl": "59e6920f86f77411d82aa167",
			"parentId": "MagazineWeaponScav5954",
			"slotId": "cartridges",
			"upd": {
				"StackObjectsCount": 10
			}
		},
		{
			"_id": "I331043535567692647mjekD",
			"_tpl": "5c0e2f26d174af02a9625114",
			"parentId": "I3310435324897729316Lm6V",
			"slotId": "mod_reciever"
		},
		{
			"_id": "I331043531679666971Dtt7U",
			"_tpl": "5649be884bdc2d79388b4577",
			"parentId": "I3310435324897729316Lm6V",
			"slotId": "mod_stock"
		},
		{
			"_id": "I3310435360514001462ajg1",
			"_tpl": "5c0faf68d174af02a96260b8",
			"parentId": "I3310435324897729316Lm6V",
			"slotId": "mod_charge"
		},
		{
			"_id": "I331043531394635896GJfYh",
			"_tpl": "584984812459776a704a82a6",
			"parentId": "I331043535567692647mjekD",
			"slotId": "mod_scope",
			"upd": {
				"Sight": {
					"SelectedSightMode": 0
				}
			}
		},
		{
			"_id": "I331043532874194583znWf7",
			"_tpl": "5c0e2f94d174af029f650d56",
			"parentId": "I331043535567692647mjekD",
			"slotId": "mod_barrel"
		},
		{
			"_id": "I331043532153226863sOo06",
			"_tpl": "5c0e2f5cd174af02a012cfc9",
			"parentId": "I331043535567692647mjekD",
			"slotId": "mod_handguard"
		},
		{
			"_id": "I331043534841265847CgUD7",
			"_tpl": "5c0fafb6d174af02a96260ba",
			"parentId": "I331043532874194583znWf7",
			"slotId": "mod_muzzle"
		},
		{
			"_id": "I331043533723833369dY3GS",
			"_tpl": "5ae30e795acfc408fb139a0b",
			"parentId": "I331043532874194583znWf7",
			"slotId": "mod_gas_block"
		},
		{
			"_id": "FuckYouUnlimitedAmmo424519",
			"_tpl": "5857a8bc2459772bad15db29",
			"parentId": "5c6687d65e9d882c8841f0fd",
			"slotId": "SecuredContainer"
		},
		{
			"_id": "iHateThatShit103602",
			"_tpl": "59e6918f86f7746c9f75e849",
			"parentId": "FuckYouUnlimitedAmmo424519",
			"slotId": "main",
			"upd": {
				"StackObjectsCount": 60
			}
		},
		{
			"_id": "iHateThatShit613265",
			"_tpl": "5c0d5ae286f7741e46554302",
			"parentId": "FuckYouUnlimitedAmmo424519",
			"slotId": "main",
			"upd": {
				"StackObjectsCount": 60
			}
		},
		{
			"_id": "iHateThatShit197040",
			"_tpl": "59e6927d86f77411da468256",
			"parentId": "FuckYouUnlimitedAmmo424519",
			"slotId": "main",
			"upd": {
				"StackObjectsCount": 60
			}
		},
		{
			"_id": "iHateThatShit120574",
			"_tpl": "59e6920f86f77411d82aa167",
			"parentId": "FuckYouUnlimitedAmmo424519",
			"slotId": "main",
			"upd": {
				"StackObjectsCount": 60
			}
		},
		{
			"_id": "iHateThatShit807369",
			"_tpl": "59e690b686f7746c9f75e848",
			"parentId": "FuckYouUnlimitedAmmo424519",
			"slotId": "main",
			"upd": {
				"StackObjectsCount": 60
			}
		},
		{
			"_id": "iHateThatShit616812",
			"_tpl": "5c0d5ae286f7741e46554302",
			"parentId": "FuckYouUnlimitedAmmo424519",
			"slotId": "main",
			"upd": {
				"StackObjectsCount": 60
			}
		},
		{
			"_id": "iHateThatShit387667",
			"_tpl": "54527ac44bdc2d36668b4567",
			"parentId": "FuckYouUnlimitedAmmo424519",
			"slotId": "main",
			"upd": {
				"StackObjectsCount": 60
			}
		},
		{
			"_id": "iHateThatShit722510",
			"_tpl": "59e6920f86f77411d82aa167",
			"parentId": "FuckYouUnlimitedAmmo424519",
			"slotId": "main",
			"upd": {
				"StackObjectsCount": 60
			}
		},
		{
			"_id": "iHateThatShit539696",
			"_tpl": "59e6906286f7746c9f75e847",
			"parentId": "FuckYouUnlimitedAmmo424519",
			"slotId": "main",
			"upd": {
				"StackObjectsCount": 60
			}
		},
		{
			"_id": "mag1Vest39160",
			"_tpl": "5aaa5e60e5b5b000140293d6",
			"parentId": "TacticalVest743820",
			"slotId": "2",
			"location": {
				"x": 0,
				"y": 0,
				"r": "Horizontal"
			}
		},
		{
			"_id": "AmmoMag1Vest818290",
			"_tpl": "59e6920f86f77411d82aa167",
			"parentId": "mag1Vest39160",
			"slotId": "cartridges",
			"upd": {
				"StackObjectsCount": 10
			}
		},
		{
			"_id": "mag1Vest477185",
			"_tpl": "5aaa5e60e5b5b000140293d6",
			"parentId": "TacticalVest743820",
			"slotId": "2",
			"location": {
				"x": 0,
				"y": 1,
				"r": "Horizontal"
			}
		},
		{
			"_id": "AmmoMag1Vest136426",
			"_tpl": "5c0d5ae286f7741e46554302",
			"parentId": "mag1Vest477185",
			"slotId": "cartridges",
			"upd": {
				"StackObjectsCount": 10
			}
		},
		{
			"_id": "mag2Vest517877",
			"_tpl": "5aaa5e60e5b5b000140293d6",
			"parentId": "TacticalVest743820",
			"slotId": "4",
			"location": {
				"x": 0,
				"y": 0,
				"r": "Horizontal"
			}
		},
		{
			"_id": "AmmoMag2Vest40228",
			"_tpl": "59e6918f86f7746c9f75e849",
			"parentId": "mag2Vest517877",
			"slotId": "cartridges",
			"upd": {
				"StackObjectsCount": 10
			}
		},
		{
			"_id": "mag2Vest246169",
			"_tpl": "5aaa5e60e5b5b000140293d6",
			"parentId": "TacticalVest743820",
			"slotId": "4",
			"location": {
				"x": 0,
				"y": 1,
				"r": "Horizontal"
			}
		},
		{
			"_id": "AmmoMag2Vest195271",
			"_tpl": "54527a984bdc2d4e668b4567",
			"parentId": "mag2Vest246169",
			"slotId": "cartridges",
			"upd": {
				"StackObjectsCount": 10
			}
		},
		{
			"_id": "mag3Vest688820",
			"_tpl": "5aaa5e60e5b5b000140293d6",
			"parentId": "TacticalVest743820",
			"slotId": "11",
			"location": {
				"x": 0,
				"y": 0,
				"r": "Horizontal"
			}
		},
		{
			"_id": "AmmoMag3Vest876926",
			"_tpl": "59e6920f86f77411d82aa167",
			"parentId": "mag3Vest688820",
			"slotId": "cartridges",
			"upd": {
				"StackObjectsCount": 10
			}
		},
		{
			"_id": "StackAmmo34120862232",
			"_tpl": "54527a984bdc2d4e668b4567",
			"parentId": "TacticalVest743820",
			"slotId": "6",
			"upd": {
				"StackObjectsCount": 52
			}
		},
		{
			"_id": "Scabbard386537",
			"_tpl": "54491bb74bdc2d09088b4567",
			"parentId": "5c6687d65e9d882c8841f0fd",
			"slotId": "Scabbard"
		},
		{
			"_id": "Eyewear715528",
			"_tpl": "5d6d2e22a4b9361bd5780d05",
			"parentId": "5c6687d65e9d882c8841f0fd",
			"slotId": "Eyewear"
		},
		{
			"_id": "FaceCover724317",
			"_tpl": "5bd0716d86f774171822ef4b",
			"parentId": "5c6687d65e9d882c8841f0fd",
			"slotId": "FaceCover"
		},
		{
			"_id": "ArmorVest413160",
			"_tpl": "5c0e5edb86f77461f55ed1f7",
			"parentId": "5c6687d65e9d882c8841f0fd",
			"slotId": "ArmorVest",
			"upd": {
				"Repairable": {
					"MaxDurability": 50,
					"Durability": 4
				}
			}
		}
	],
	"equipment": "5c6687d65e9d882c8841f0fd",
	"stash": "5c6687d65e9d882c8841f0fc",
	"questRaidItems": "5c6687d65e9d882c8841f0fe",
	"questStashItems": "5c6687d65e9d882c8841f0ff",
	"fastPanel": {}
}