{
	"items": [
		{
			"_id": "5c6687d65e9d882c8841f0fd",
			"_tpl": "55d7217a4bdc2d86028b456d"
		},
		{
			"_id": "5c6687d65e9d882c8841f121",
			"_tpl": "557ffd194bdc2d28148b457f",
			"parentId": "5c6687d65e9d882c8841f0fd",
			"slotId": "Pockets"
		},
		{
			"_id": "5c6687d65e9d882c8841f0fc",
			"_tpl": "566abbc34bdc2d92178b4576"
		},
		{
			"_id": "5c6687d65e9d882c8841f0ff",
			"_tpl": "5963866b86f7747bfa1c4462"
		},
		{
			"_id": "5c6687d65e9d882c8841f0fe",
			"_tpl": "5963866286f7747bf429b572"
		},
		{
			"_id": "TacticalVest504633",
			"_tpl": "5d5d8ca986f7742798716522",
			"parentId": "5c6687d65e9d882c8841f0fd",
			"slotId": "TacticalVest"
		},
		{
			"_id": "I331046127773593669uVtsF",
			"_tpl": "5644bd2b4bdc2d3b4c8b4572",
			"parentId": "5c6687d65e9d882c8841f0fd",
			"slotId": "FirstPrimaryWeapon"
		},
		{
			"_id": "I331046127771444184gnvsM",
			"_tpl": "59c6633186f7740cf0493bb9",
			"parentId": "I331046127773593669uVtsF",
			"slotId": "mod_gas_block"
		},
		{
			"_id": "I3310461232797883875p2bj",
			"_tpl": "5649aa744bdc2ded0b8b457e",
			"parentId": "I331046127773593669uVtsF",
			"slotId": "mod_muzzle"
		},
		{
			"_id": "I331046124161133240AcIgM",
			"_tpl": "5649ad3f4bdc2df8348b4585",
			"parentId": "I331046127773593669uVtsF",
			"slotId": "mod_pistol_grip"
		},
		{
			"_id": "I331046127584523856SzisX",
			"_tpl": "5649af094bdc2df8348b4586",
			"parentId": "I331046127773593669uVtsF",
			"slotId": "mod_reciever"
		},
		{
			"_id": "I331046127637814350xNMrd",
			"_tpl": "5649b0544bdc2d1b2b8b458a",
			"parentId": "I331046127773593669uVtsF",
			"slotId": "mod_sight_rear",
			"upd": {
				"Sight": {
					"SelectedSightMode": 0
				}
			}
		},
		{
			"_id": "I331046125755512910n5ptt",
			"_tpl": "5649b1c04bdc2d16268b457c",
			"parentId": "I331046127773593669uVtsF",
			"slotId": "mod_stock"
		},
		{
			"_id": "MagazineWeaponScav4133",
			"_tpl": "55d480c04bdc2d1d4e8b456a",
			"parentId": "I331046127773593669uVtsF",
			"slotId": "mod_magazine"
		},
		{
			"_id": "AmmoMag12818",
			"_tpl": "56dfef82d2720bbd668b4567",
			"parentId": "MagazineWeaponScav4133",
			"slotId": "cartridges",
			"upd": {
				"StackObjectsCount": 30
			}
		},
		{
			"_id": "I3310461278782270134nnCe",
			"_tpl": "57acb6222459771ec34b5cb0",
			"parentId": "I331046127773593669uVtsF",
			"slotId": "mod_mount_000"
		},
		{
			"_id": "I331046121407077243Ljhw6",
			"_tpl": "5648b4534bdc2d3d1c8b4580",
			"parentId": "I331046127771444184gnvsM",
			"slotId": "mod_handguard"
		},
		{
			"_id": "I331046125854884947RZrUx",
			"_tpl": "570fd721d2720bc5458b4596",
			"parentId": "I3310461278782270134nnCe",
			"slotId": "mod_scope",
			"upd": {
				"Sight": {
					"SelectedSightMode": 0
				}
			}
		},
		{
			"_id": "I331046129518444139PcKmL",
			"_tpl": "56def37dd2720bec348b456a",
			"parentId": "I331046121407077243Ljhw6",
			"slotId": "mod_tactical_001",
			"upd": {
				"Light": {
					"IsActive": true,
					"SelectedMode": 0
				}
			}
		},
		{
			"_id": "FuckYouUnlimitedAmmo930204",
			"_tpl": "5857a8bc2459772bad15db29",
			"parentId": "5c6687d65e9d882c8841f0fd",
			"slotId": "SecuredContainer"
		},
		{
			"_id": "iHateThatShit790053",
			"_tpl": "56dfef82d2720bbd668b4567",
			"parentId": "FuckYouUnlimitedAmmo930204",
			"slotId": "main",
			"upd": {
				"StackObjectsCount": 60
			}
		},
		{
			"_id": "iHateThatShit267475",
			"_tpl": "56dff026d2720bb8668b4567",
			"parentId": "FuckYouUnlimitedAmmo930204",
			"slotId": "main",
			"upd": {
				"StackObjectsCount": 60
			}
		},
		{
			"_id": "iHateThatShit732422",
			"_tpl": "56dfef82d2720bbd668b4567",
			"parentId": "FuckYouUnlimitedAmmo930204",
			"slotId": "main",
			"upd": {
				"StackObjectsCount": 60
			}
		},
		{
			"_id": "iHateThatShit313631",
			"_tpl": "56dff421d2720b5f5a8b4567",
			"parentId": "FuckYouUnlimitedAmmo930204",
			"slotId": "main",
			"upd": {
				"StackObjectsCount": 60
			}
		},
		{
			"_id": "iHateThatShit992936",
			"_tpl": "56dfef82d2720bbd668b4567",
			"parentId": "FuckYouUnlimitedAmmo930204",
			"slotId": "main",
			"upd": {
				"StackObjectsCount": 60
			}
		},
		{
			"_id": "iHateThatShit951010",
			"_tpl": "56dfef82d2720bbd668b4567",
			"parentId": "FuckYouUnlimitedAmmo930204",
			"slotId": "main",
			"upd": {
				"StackObjectsCount": 60
			}
		},
		{
			"_id": "iHateThatShit192318",
			"_tpl": "56dff216d2720bbd668b4568",
			"parentId": "FuckYouUnlimitedAmmo930204",
			"slotId": "main",
			"upd": {
				"StackObjectsCount": 60
			}
		},
		{
			"_id": "iHateThatShit815249",
			"_tpl": "56dff026d2720bb8668b4567",
			"parentId": "FuckYouUnlimitedAmmo930204",
			"slotId": "main",
			"upd": {
				"StackObjectsCount": 60
			}
		},
		{
			"_id": "iHateThatShit675770",
			"_tpl": "56dff0bed2720bb0668b4567",
			"parentId": "FuckYouUnlimitedAmmo930204",
			"slotId": "main",
			"upd": {
				"StackObjectsCount": 60
			}
		},
		{
			"_id": "mag0Vest330047",
			"_tpl": "5cbdaf89ae9215000e5b9c94",
			"parentId": "TacticalVest504633",
			"slotId": "2",
			"location": {
				"x": 0,
				"y": 0,
				"r": "Horizontal"
			}
		},
		{
			"_id": "AmmoMag0Vest332206",
			"_tpl": "56dff338d2720bbd668b4569",
			"parentId": "mag0Vest330047",
			"slotId": "cartridges",
			"upd": {
				"StackObjectsCount": 30
			}
		},
		{
			"_id": "mag0Vest75224",
			"_tpl": "5cbdaf89ae9215000e5b9c94",
			"parentId": "TacticalVest504633",
			"slotId": "1",
			"location": {
				"x": 1,
				"y": 0,
				"r": "Horizontal"
			}
		},
		{
			"_id": "AmmoMag0Vest727323",
			"_tpl": "56dfef82d2720bbd668b4567",
			"parentId": "mag0Vest75224",
			"slotId": "cartridges",
			"upd": {
				"StackObjectsCount": 30
			}
		},
		{
			"_id": "Scabbard453288",
			"_tpl": "57e26ea924597715ca604a09",
			"parentId": "5c6687d65e9d882c8841f0fd",
			"slotId": "Scabbard"
		},
		{
			"_id": "Eyewear190239",
			"_tpl": "59e770b986f7742cbd762754",
			"parentId": "5c6687d65e9d882c8841f0fd",
			"slotId": "Eyewear"
		},
		{
			"_id": "Backpack447942",
			"_tpl": "56e33680d2720be2748b4576",
			"parentId": "5c6687d65e9d882c8841f0fd",
			"slotId": "Backpack"
		},
		{
			"_id": "BP_Backpack447942_558046",
			"_tpl": "5d1b3a5d86f774252167ba22",
			"parentId": "Backpack447942",
			"slotId": "main",
			"location": {
				"x": 0,
				"y": 0,
				"r": "Horizontal"
			}
		},
		{
			"_id": "ArmorVest433473",
			"_tpl": "5c0e51be86f774598e797894",
			"parentId": "5c6687d65e9d882c8841f0fd",
			"slotId": "ArmorVest",
			"upd": {
				"Repairable": {
					"MaxDurability": 47,
					"Durability": 13
				}
			}
		},
		{
			"_id": "Pocket_327978",
			"_tpl": "59e3606886f77417674759a5",
			"parentId": "5c6687d65e9d882c8841f121",
			"slotId": "pocket1",
			"location": {
				"x": 0,
				"y": 0,
				"r": "Horizontal"
			},
			"upd": {
				"SpawnedInSession": true
			}
		}
	],
	"equipment": "5c6687d65e9d882c8841f0fd",
	"stash": "5c6687d65e9d882c8841f0fc",
	"questRaidItems": "5c6687d65e9d882c8841f0fe",
	"questStashItems": "5c6687d65e9d882c8841f0ff",
	"fastPanel": {}
}