{
	"items": [
		{
			"_id": "5c6687d65e9d882c8841f0fd",
			"_tpl": "55d7217a4bdc2d86028b456d"
		},
		{
			"_id": "5c6687d65e9d882c8841f121",
			"_tpl": "557ffd194bdc2d28148b457f",
			"parentId": "5c6687d65e9d882c8841f0fd",
			"slotId": "Pockets"
		},
		{
			"_id": "5c6687d65e9d882c8841f0fc",
			"_tpl": "566abbc34bdc2d92178b4576"
		},
		{
			"_id": "5c6687d65e9d882c8841f0ff",
			"_tpl": "5963866b86f7747bfa1c4462"
		},
		{
			"_id": "5c6687d65e9d882c8841f0fe",
			"_tpl": "5963866286f7747bf429b572"
		},
		{
			"_id": "TacticalVest983810",
			"_tpl": "5c0e9f2c86f77432297fe0a3",
			"parentId": "5c6687d65e9d882c8841f0fd",
			"slotId": "TacticalVest"
		},
		{
			"_id": "I210015284016300659rnhJU",
			"_tpl": "59f9cabd86f7743a10721f46",
			"parentId": "5c6687d65e9d882c8841f0fd",
			"slotId": "FirstPrimaryWeapon"
		},
		{
			"_id": "I2100152895663463528MyYf",
			"_tpl": "5998517986f7746017232f7e",
			"parentId": "I210015284016300659rnhJU",
			"slotId": "mod_pistol_grip"
		},
		{
			"_id": "I210015285590848988P5QKp",
			"_tpl": "599851db86f77467372f0a18",
			"parentId": "I210015284016300659rnhJU",
			"slotId": "mod_stock"
		},
		{
			"_id": "MagazineWeaponScav1376",
			"_tpl": "599860ac86f77436b225ed1a",
			"parentId": "I210015284016300659rnhJU",
			"slotId": "mod_magazine"
		},
		{
			"_id": "AmmoMag17412",
			"_tpl": "5c925fa22e221601da359b7b",
			"parentId": "MagazineWeaponScav1376",
			"slotId": "cartridges",
			"upd": {
				"StackObjectsCount": 30
			}
		},
		{
			"_id": "I210015282469640139xDtN6",
			"_tpl": "5998598e86f7740b3f498a86",
			"parentId": "I210015284016300659rnhJU",
			"slotId": "mod_muzzle"
		},
		{
			"_id": "I210015288071579754emPzf",
			"_tpl": "59985a8086f77414ec448d1a",
			"parentId": "I210015284016300659rnhJU",
			"slotId": "mod_reciever"
		},
		{
			"_id": "I210015282869006577yIjOa",
			"_tpl": "599860e986f7743bb57573a6",
			"parentId": "I210015284016300659rnhJU",
			"slotId": "mod_sight_rear",
			"upd": {
				"Sight": {
					"SelectedSightMode": 0
				}
			}
		},
		{
			"_id": "I210015283076588120Xl9Cd",
			"_tpl": "59ccd11386f77428f24a488f",
			"parentId": "I210015284016300659rnhJU",
			"slotId": "mod_gas_block"
		},
		{
			"_id": "I210015284468175723PcXyu",
			"_tpl": "5648b1504bdc2d9d488b4584",
			"parentId": "I210015283076588120Xl9Cd",
			"slotId": "mod_handguard"
		},
		{
			"_id": "FuckYouUnlimitedAmmo724834",
			"_tpl": "5857a8bc2459772bad15db29",
			"parentId": "5c6687d65e9d882c8841f0fd",
			"slotId": "SecuredContainer"
		},
		{
			"_id": "iHateThatShit197586",
			"_tpl": "5c925fa22e221601da359b7b",
			"parentId": "FuckYouUnlimitedAmmo724834",
			"slotId": "main",
			"upd": {
				"StackObjectsCount": 60
			}
		},
		{
			"_id": "iHateThatShit475660",
			"_tpl": "58864a4f2459770fcc257101",
			"parentId": "FuckYouUnlimitedAmmo724834",
			"slotId": "main",
			"upd": {
				"StackObjectsCount": 60
			}
		},
		{
			"_id": "iHateThatShit715048",
			"_tpl": "56d59d3ad2720bdb418b4577",
			"parentId": "FuckYouUnlimitedAmmo724834",
			"slotId": "main",
			"upd": {
				"StackObjectsCount": 60
			}
		},
		{
			"_id": "iHateThatShit591560",
			"_tpl": "5a3c16fe86f77452b62de32a",
			"parentId": "FuckYouUnlimitedAmmo724834",
			"slotId": "main",
			"upd": {
				"StackObjectsCount": 60
			}
		},
		{
			"_id": "iHateThatShit25437",
			"_tpl": "5c0d56a986f774449d5de529",
			"parentId": "FuckYouUnlimitedAmmo724834",
			"slotId": "main",
			"upd": {
				"StackObjectsCount": 60
			}
		},
		{
			"_id": "iHateThatShit870263",
			"_tpl": "58864a4f2459770fcc257101",
			"parentId": "FuckYouUnlimitedAmmo724834",
			"slotId": "main",
			"upd": {
				"StackObjectsCount": 60
			}
		},
		{
			"_id": "iHateThatShit43812",
			"_tpl": "5c3df7d588a4501f290594e5",
			"parentId": "FuckYouUnlimitedAmmo724834",
			"slotId": "main",
			"upd": {
				"StackObjectsCount": 60
			}
		},
		{
			"_id": "iHateThatShit466045",
			"_tpl": "5a3c16fe86f77452b62de32a",
			"parentId": "FuckYouUnlimitedAmmo724834",
			"slotId": "main",
			"upd": {
				"StackObjectsCount": 60
			}
		},
		{
			"_id": "iHateThatShit358135",
			"_tpl": "56d59d3ad2720bdb418b4577",
			"parentId": "FuckYouUnlimitedAmmo724834",
			"slotId": "main",
			"upd": {
				"StackObjectsCount": 60
			}
		},
		{
			"_id": "mag4Vest806469",
			"_tpl": "599860ac86f77436b225ed1a",
			"parentId": "TacticalVest983810",
			"slotId": "5",
			"location": {
				"x": 0,
				"y": 0,
				"r": "Horizontal"
			}
		},
		{
			"_id": "AmmoMag4Vest715683",
			"_tpl": "5c0d56a986f774449d5de529",
			"parentId": "mag4Vest806469",
			"slotId": "cartridges",
			"upd": {
				"StackObjectsCount": 30
			}
		},
		{
			"_id": "mag5Vest570936",
			"_tpl": "599860ac86f77436b225ed1a",
			"parentId": "TacticalVest983810",
			"slotId": "7",
			"location": {
				"x": 0,
				"y": 0,
				"r": "Horizontal"
			}
		},
		{
			"_id": "AmmoMag5Vest904094",
			"_tpl": "58864a4f2459770fcc257101",
			"parentId": "mag5Vest570936",
			"slotId": "cartridges",
			"upd": {
				"StackObjectsCount": 30
			}
		},
		{
			"_id": "Scabbard513626",
			"_tpl": "54491bb74bdc2d09088b4567",
			"parentId": "5c6687d65e9d882c8841f0fd",
			"slotId": "Scabbard"
		},
		{
			"_id": "Headwear728751",
			"_tpl": "5c06c6a80db834001b735491",
			"parentId": "5c6687d65e9d882c8841f0fd",
			"slotId": "Headwear"
		},
		{
			"_id": "Backpack777165",
			"_tpl": "56e33634d2720bd8058b456b",
			"parentId": "5c6687d65e9d882c8841f0fd",
			"slotId": "Backpack"
		},
		{
			"_id": "BP_Backpack777165_273907",
			"_tpl": "59e3606886f77417674759a5",
			"parentId": "Backpack777165",
			"slotId": "main",
			"location": {
				"x": 0,
				"y": 0,
				"r": "Horizontal"
			}
		},
		{
			"_id": "BP_Backpack777165_492229",
			"_tpl": "5734773724597737fd047c14",
			"parentId": "Backpack777165",
			"slotId": "main",
			"location": {
				"x": 0,
				"y": 1,
				"r": "Horizontal"
			}
		},
		{
			"_id": "BP_Backpack777165_780215",
			"_tpl": "590c2c9c86f774245b1f03f2",
			"parentId": "Backpack777165",
			"slotId": "main",
			"location": {
				"x": 0,
				"y": 2,
				"r": "Horizontal"
			}
		},
		{
			"_id": "BP_Backpack777165_869034",
			"_tpl": "57513f07245977207e26a311",
			"parentId": "Backpack777165",
			"slotId": "main",
			"location": {
				"x": 1,
				"y": 0,
				"r": "Horizontal"
			}
		},
		{
			"_id": "BP_Backpack777165_772464",
			"_tpl": "5d40419286f774318526545f",
			"parentId": "Backpack777165",
			"slotId": "main",
			"location": {
				"x": 2,
				"y": 0,
				"r": "Horizontal"
			}
		},
		{
			"_id": "BP_Backpack777165_371120",
			"_tpl": "544fb62a4bdc2dfb738b4568",
			"parentId": "Backpack777165",
			"slotId": "main",
			"location": {
				"x": 3,
				"y": 0,
				"r": "Horizontal"
			}
		},
		{
			"_id": "BP_Backpack777165_246220",
			"_tpl": "5d80ccac86f77470841ff452",
			"parentId": "Backpack777165",
			"slotId": "main",
			"location": {
				"x": 1,
				"y": 2,
				"r": "Horizontal"
			}
		},
		{
			"_id": "BP_Backpack777165_162046",
			"_tpl": "5a7c74b3e899ef0014332c29",
			"parentId": "Backpack777165",
			"slotId": "main",
			"location": {
				"x": 2,
				"y": 2,
				"r": "Horizontal"
			}
		}
	],
	"equipment": "5c6687d65e9d882c8841f0fd",
	"stash": "5c6687d65e9d882c8841f0fc",
	"questRaidItems": "5c6687d65e9d882c8841f0fe",
	"questStashItems": "5c6687d65e9d882c8841f0ff",
	"fastPanel": {}
}