{
	"items": [
		{
			"_id": "5c6687d65e9d882c8841f0fd",
			"_tpl": "55d7217a4bdc2d86028b456d"
		},
		{
			"_id": "5c6687d65e9d882c8841f121",
			"_tpl": "557ffd194bdc2d28148b457f",
			"parentId": "5c6687d65e9d882c8841f0fd",
			"slotId": "Pockets"
		},
		{
			"_id": "5c6687d65e9d882c8841f0fc",
			"_tpl": "566abbc34bdc2d92178b4576"
		},
		{
			"_id": "5c6687d65e9d882c8841f0ff",
			"_tpl": "5963866b86f7747bfa1c4462"
		},
		{
			"_id": "5c6687d65e9d882c8841f0fe",
			"_tpl": "5963866286f7747bf429b572"
		},
		{
			"_id": "TacticalVest929809",
			"_tpl": "59e7643b86f7742cbf2c109a",
			"parentId": "5c6687d65e9d882c8841f0fd",
			"slotId": "TacticalVest"
		},
		{
			"_id": "I210053421398609716glI23",
			"_tpl": "57838ad32459774a17445cd2",
			"parentId": "5c6687d65e9d882c8841f0fd",
			"slotId": "FirstPrimaryWeapon"
		},
		{
			"_id": "MagazineWeaponScav2194",
			"_tpl": "57838f0b2459774a256959b2",
			"parentId": "I210053421398609716glI23",
			"slotId": "mod_magazine"
		},
		{
			"_id": "AmmoMag13461",
			"_tpl": "57a0dfb82459774d3078b56c",
			"parentId": "MagazineWeaponScav2194",
			"slotId": "cartridges",
			"upd": {
				"StackObjectsCount": 10
			}
		},
		{
			"_id": "I210053428634071086N8Zju",
			"_tpl": "57838c962459774a1651ec63",
			"parentId": "I210053421398609716glI23",
			"slotId": "mod_muzzle"
		},
		{
			"_id": "I210053422066154803RCGpD",
			"_tpl": "578395e82459774a0e553c7b",
			"parentId": "I210053421398609716glI23",
			"slotId": "mod_stock"
		},
		{
			"_id": "I210053425608849568ba9of",
			"_tpl": "57838e1b2459774a256959b1",
			"parentId": "I210053428634071086N8Zju",
			"slotId": "mod_sight_rear",
			"upd": {
				"Sight": {
					"SelectedSightMode": 0
				}
			}
		},
		{
			"_id": "FuckYouUnlimitedAmmo987",
			"_tpl": "5857a8bc2459772bad15db29",
			"parentId": "5c6687d65e9d882c8841f0fd",
			"slotId": "SecuredContainer"
		},
		{
			"_id": "iHateThatShit914374",
			"_tpl": "5c0d688c86f77413ae3407b2",
			"parentId": "FuckYouUnlimitedAmmo987",
			"slotId": "main",
			"upd": {
				"StackObjectsCount": 60
			}
		},
		{
			"_id": "iHateThatShit105107",
			"_tpl": "5c0d668f86f7747ccb7f13b2",
			"parentId": "FuckYouUnlimitedAmmo987",
			"slotId": "main",
			"upd": {
				"StackObjectsCount": 60
			}
		},
		{
			"_id": "iHateThatShit691561",
			"_tpl": "57a0dfb82459774d3078b56c",
			"parentId": "FuckYouUnlimitedAmmo987",
			"slotId": "main",
			"upd": {
				"StackObjectsCount": 60
			}
		},
		{
			"_id": "iHateThatShit861465",
			"_tpl": "57a0e5022459774d1673f889",
			"parentId": "FuckYouUnlimitedAmmo987",
			"slotId": "main",
			"upd": {
				"StackObjectsCount": 60
			}
		},
		{
			"_id": "iHateThatShit381595",
			"_tpl": "57a0e5022459774d1673f889",
			"parentId": "FuckYouUnlimitedAmmo987",
			"slotId": "main",
			"upd": {
				"StackObjectsCount": 60
			}
		},
		{
			"_id": "iHateThatShit842972",
			"_tpl": "57a0e5022459774d1673f889",
			"parentId": "FuckYouUnlimitedAmmo987",
			"slotId": "main",
			"upd": {
				"StackObjectsCount": 60
			}
		},
		{
			"_id": "iHateThatShit694350",
			"_tpl": "57a0dfb82459774d3078b56c",
			"parentId": "FuckYouUnlimitedAmmo987",
			"slotId": "main",
			"upd": {
				"StackObjectsCount": 60
			}
		},
		{
			"_id": "iHateThatShit39948",
			"_tpl": "5c0d688c86f77413ae3407b2",
			"parentId": "FuckYouUnlimitedAmmo987",
			"slotId": "main",
			"upd": {
				"StackObjectsCount": 60
			}
		},
		{
			"_id": "iHateThatShit755696",
			"_tpl": "57a0dfb82459774d3078b56c",
			"parentId": "FuckYouUnlimitedAmmo987",
			"slotId": "main",
			"upd": {
				"StackObjectsCount": 60
			}
		},
		{
			"_id": "mag0Vest423508",
			"_tpl": "57838f0b2459774a256959b2",
			"parentId": "TacticalVest929809",
			"slotId": "2",
			"location": {
				"x": 0,
				"y": 0,
				"r": "Horizontal"
			}
		},
		{
			"_id": "AmmoMag0Vest504029",
			"_tpl": "5c0d668f86f7747ccb7f13b2",
			"parentId": "mag0Vest423508",
			"slotId": "cartridges",
			"upd": {
				"StackObjectsCount": 10
			}
		},
		{
			"_id": "StackAmmo52185159044",
			"_tpl": "5c0d668f86f7747ccb7f13b2",
			"parentId": "TacticalVest929809",
			"slotId": "5",
			"upd": {
				"StackObjectsCount": 41
			}
		},
		{
			"_id": "Scabbard877867",
			"_tpl": "5bffdc370db834001d23eca8",
			"parentId": "5c6687d65e9d882c8841f0fd",
			"slotId": "Scabbard"
		},
		{
			"_id": "Headwear323536",
			"_tpl": "5c08f87c0db8340019124324",
			"parentId": "5c6687d65e9d882c8841f0fd",
			"slotId": "Headwear"
		},
		{
			"_id": "FaceCover30651",
			"_tpl": "572b7fa524597762b747ce82",
			"parentId": "5c6687d65e9d882c8841f0fd",
			"slotId": "FaceCover"
		},
		{
			"_id": "Backpack476742",
			"_tpl": "56e33680d2720be2748b4576",
			"parentId": "5c6687d65e9d882c8841f0fd",
			"slotId": "Backpack"
		},
		{
			"_id": "BP_Backpack476742_244508",
			"_tpl": "5ad5d49886f77455f9731921",
			"parentId": "Backpack476742",
			"slotId": "main",
			"location": {
				"x": 0,
				"y": 0,
				"r": "Horizontal"
			}
		},
		{
			"_id": "BP_Backpack476742_310399",
			"_tpl": "59e36c6f86f774176c10a2a7",
			"parentId": "Backpack476742",
			"slotId": "main",
			"location": {
				"x": 0,
				"y": 1,
				"r": "Horizontal"
			}
		},
		{
			"_id": "BP_Backpack476742_263426",
			"_tpl": "5d1b313086f77425227d1678",
			"parentId": "Backpack476742",
			"slotId": "main",
			"location": {
				"x": 0,
				"y": 2,
				"r": "Horizontal"
			}
		},
		{
			"_id": "BP_Backpack476742_780370",
			"_tpl": "59e3556c86f7741776641ac2",
			"parentId": "Backpack476742",
			"slotId": "main",
			"location": {
				"x": 2,
				"y": 0,
				"r": "Horizontal"
			}
		},
		{
			"_id": "BP_Backpack476742_679809",
			"_tpl": "590a358486f77429692b2790",
			"parentId": "Backpack476742",
			"slotId": "main",
			"location": {
				"x": 1,
				"y": 0,
				"r": "Horizontal"
			}
		},
		{
			"_id": "ArmorVest841815",
			"_tpl": "5c0e5edb86f77461f55ed1f7",
			"parentId": "5c6687d65e9d882c8841f0fd",
			"slotId": "ArmorVest",
			"upd": {
				"Repairable": {
					"MaxDurability": 50,
					"Durability": 26
				}
			}
		}
	],
	"equipment": "5c6687d65e9d882c8841f0fd",
	"stash": "5c6687d65e9d882c8841f0fc",
	"questRaidItems": "5c6687d65e9d882c8841f0fe",
	"questStashItems": "5c6687d65e9d882c8841f0ff",
	"fastPanel": {}
}