{
	"items": [
		{
			"_id": "5c6687d65e9d882c8841f0fd",
			"_tpl": "55d7217a4bdc2d86028b456d"
		},
		{
			"_id": "5c6687d65e9d882c8841f121",
			"_tpl": "557ffd194bdc2d28148b457f",
			"parentId": "5c6687d65e9d882c8841f0fd",
			"slotId": "Pockets"
		},
		{
			"_id": "5c6687d65e9d882c8841f0fc",
			"_tpl": "566abbc34bdc2d92178b4576"
		},
		{
			"_id": "5c6687d65e9d882c8841f0ff",
			"_tpl": "5963866b86f7747bfa1c4462"
		},
		{
			"_id": "5c6687d65e9d882c8841f0fe",
			"_tpl": "5963866286f7747bf429b572"
		},
		{
			"_id": "TacticalVest6909",
			"_tpl": "5929a2a086f7744f4b234d43",
			"parentId": "5c6687d65e9d882c8841f0fd",
			"slotId": "TacticalVest"
		},
		{
			"_id": "I210013502705308923ayhp4",
			"_tpl": "5de652c31b7e3716273428be",
			"parentId": "5c6687d65e9d882c8841f0fd",
			"slotId": "FirstPrimaryWeapon"
		},
		{
			"_id": "MagazineWeaponScav5794",
			"_tpl": "5de653abf76fdc1ce94a5a2a",
			"parentId": "I210013502705308923ayhp4",
			"slotId": "mod_magazine"
		},
		{
			"_id": "AmmoMag19767",
			"_tpl": "59e655cb86f77411dc52a77b",
			"parentId": "MagazineWeaponScav5794",
			"slotId": "cartridges",
			"upd": {
				"StackObjectsCount": 4
			}
		},
		{
			"_id": "I210013504198138994tT6uc",
			"_tpl": "5de655be4a9f347bc92edb88",
			"parentId": "I210013502705308923ayhp4",
			"slotId": "mod_stock"
		},
		{
			"_id": "I210013503604083775dsBDL",
			"_tpl": "5de65547883dde217541644b",
			"parentId": "I210013502705308923ayhp4",
			"slotId": "mod_barrel"
		},
		{
			"_id": "I210013508671591970MRz52",
			"_tpl": "5de6558e9f98ac2bc65950fc",
			"parentId": "I210013502705308923ayhp4",
			"slotId": "mod_mount"
		},
		{
			"_id": "I2100135084853553903uGeQ",
			"_tpl": "5de6556a205ddc616a6bc4f7",
			"parentId": "I210013503604083775dsBDL",
			"slotId": "mod_muzzle"
		},
		{
			"_id": "FuckYouUnlimitedAmmo852929",
			"_tpl": "5857a8bc2459772bad15db29",
			"parentId": "5c6687d65e9d882c8841f0fd",
			"slotId": "SecuredContainer"
		},
		{
			"_id": "iHateThatShit176740",
			"_tpl": "59e6542b86f77411dc52a77a",
			"parentId": "FuckYouUnlimitedAmmo852929",
			"slotId": "main",
			"upd": {
				"StackObjectsCount": 60
			}
		},
		{
			"_id": "iHateThatShit948578",
			"_tpl": "59e6658b86f77411d949b250",
			"parentId": "FuckYouUnlimitedAmmo852929",
			"slotId": "main",
			"upd": {
				"StackObjectsCount": 60
			}
		},
		{
			"_id": "iHateThatShit788407",
			"_tpl": "59e655cb86f77411dc52a77b",
			"parentId": "FuckYouUnlimitedAmmo852929",
			"slotId": "main",
			"upd": {
				"StackObjectsCount": 60
			}
		},
		{
			"_id": "iHateThatShit57312",
			"_tpl": "59e6658b86f77411d949b250",
			"parentId": "FuckYouUnlimitedAmmo852929",
			"slotId": "main",
			"upd": {
				"StackObjectsCount": 60
			}
		},
		{
			"_id": "iHateThatShit444114",
			"_tpl": "59e6542b86f77411dc52a77a",
			"parentId": "FuckYouUnlimitedAmmo852929",
			"slotId": "main",
			"upd": {
				"StackObjectsCount": 60
			}
		},
		{
			"_id": "iHateThatShit541284",
			"_tpl": "59e6658b86f77411d949b250",
			"parentId": "FuckYouUnlimitedAmmo852929",
			"slotId": "main",
			"upd": {
				"StackObjectsCount": 60
			}
		},
		{
			"_id": "iHateThatShit298621",
			"_tpl": "59e655cb86f77411dc52a77b",
			"parentId": "FuckYouUnlimitedAmmo852929",
			"slotId": "main",
			"upd": {
				"StackObjectsCount": 60
			}
		},
		{
			"_id": "iHateThatShit184176",
			"_tpl": "59e6658b86f77411d949b250",
			"parentId": "FuckYouUnlimitedAmmo852929",
			"slotId": "main",
			"upd": {
				"StackObjectsCount": 60
			}
		},
		{
			"_id": "iHateThatShit490670",
			"_tpl": "59e6542b86f77411dc52a77a",
			"parentId": "FuckYouUnlimitedAmmo852929",
			"slotId": "main",
			"upd": {
				"StackObjectsCount": 60
			}
		},
		{
			"_id": "mag0Vest922561",
			"_tpl": "5de653abf76fdc1ce94a5a2a",
			"parentId": "TacticalVest6909",
			"slotId": "3",
			"location": {
				"x": 0,
				"y": 0,
				"r": "Horizontal"
			}
		},
		{
			"_id": "AmmoMag0Vest509487",
			"_tpl": "59e655cb86f77411dc52a77b",
			"parentId": "mag0Vest922561",
			"slotId": "cartridges",
			"upd": {
				"StackObjectsCount": 4
			}
		},
		{
			"_id": "mag1Vest608437",
			"_tpl": "5de653abf76fdc1ce94a5a2a",
			"parentId": "TacticalVest6909",
			"slotId": "5",
			"location": {
				"x": 0,
				"y": 0,
				"r": "Horizontal"
			}
		},
		{
			"_id": "AmmoMag1Vest64339",
			"_tpl": "59e655cb86f77411dc52a77b",
			"parentId": "mag1Vest608437",
			"slotId": "cartridges",
			"upd": {
				"StackObjectsCount": 4
			}
		},
		{
			"_id": "mag1Vest780904",
			"_tpl": "5de653abf76fdc1ce94a5a2a",
			"parentId": "TacticalVest6909",
			"slotId": "5",
			"location": {
				"x": 0,
				"y": 1,
				"r": "Horizontal"
			}
		},
		{
			"_id": "AmmoMag1Vest198809",
			"_tpl": "59e6542b86f77411dc52a77a",
			"parentId": "mag1Vest780904",
			"slotId": "cartridges",
			"upd": {
				"StackObjectsCount": 4
			}
		},
		{
			"_id": "StackAmmo49400435079",
			"_tpl": "59e6542b86f77411dc52a77a",
			"parentId": "TacticalVest6909",
			"slotId": "2",
			"upd": {
				"StackObjectsCount": 34
			}
		},
		{
			"_id": "StackAmmo27801052387",
			"_tpl": "59e655cb86f77411dc52a77b",
			"parentId": "TacticalVest6909",
			"slotId": "8",
			"upd": {
				"StackObjectsCount": 21
			}
		},
		{
			"_id": "Scabbard733502",
			"_tpl": "57e26fc7245977162a14b800",
			"parentId": "5c6687d65e9d882c8841f0fd",
			"slotId": "Scabbard"
		},
		{
			"_id": "Headwear780496",
			"_tpl": "5aa2a7e8e5b5b00016327c16",
			"parentId": "5c6687d65e9d882c8841f0fd",
			"slotId": "Headwear"
		},
		{
			"_id": "Eyewear601566",
			"_tpl": "59e770b986f7742cbd762754",
			"parentId": "5c6687d65e9d882c8841f0fd",
			"slotId": "Eyewear"
		},
		{
			"_id": "FaceCover422839",
			"_tpl": "59e7715586f7742ee5789605",
			"parentId": "5c6687d65e9d882c8841f0fd",
			"slotId": "FaceCover"
		},
		{
			"_id": "Backpack209077",
			"_tpl": "5ca20d5986f774331e7c9602",
			"parentId": "5c6687d65e9d882c8841f0fd",
			"slotId": "Backpack"
		},
		{
			"_id": "BP_Backpack209077_927218",
			"_tpl": "5d1b327086f7742525194449",
			"parentId": "Backpack209077",
			"slotId": "main",
			"location": {
				"x": 0,
				"y": 0,
				"r": "Horizontal"
			}
		},
		{
			"_id": "ArmorVest2150",
			"_tpl": "5b44d22286f774172b0c9de8",
			"parentId": "5c6687d65e9d882c8841f0fd",
			"slotId": "ArmorVest",
			"upd": {
				"Repairable": {
					"MaxDurability": 70,
					"Durability": 66
				}
			}
		},
		{
			"_id": "Pocket_562384",
			"_tpl": "5a0dc95c86f77452440fc675",
			"parentId": "5c6687d65e9d882c8841f121",
			"slotId": "pocket1",
			"location": {
				"x": 0,
				"y": 0,
				"r": "Horizontal"
			},
			"upd": {
				"SpawnedInSession": true
			}
		},
		{
			"_id": "Pocket_336449",
			"_tpl": "5751a25924597722c463c472",
			"parentId": "5c6687d65e9d882c8841f121",
			"slotId": "pocket2",
			"location": {
				"x": 0,
				"y": 0,
				"r": "Horizontal"
			},
			"upd": {
				"SpawnedInSession": true
			}
		}
	],
	"equipment": "5c6687d65e9d882c8841f0fd",
	"stash": "5c6687d65e9d882c8841f0fc",
	"questRaidItems": "5c6687d65e9d882c8841f0fe",
	"questStashItems": "5c6687d65e9d882c8841f0ff",
	"fastPanel": {}
}