{
	"items": [
		{
			"_id": "5c6687d65e9d882c8841f0fd",
			"_tpl": "55d7217a4bdc2d86028b456d"
		},
		{
			"_id": "5c6687d65e9d882c8841f121",
			"_tpl": "557ffd194bdc2d28148b457f",
			"parentId": "5c6687d65e9d882c8841f0fd",
			"slotId": "Pockets"
		},
		{
			"_id": "5c6687d65e9d882c8841f0fc",
			"_tpl": "566abbc34bdc2d92178b4576"
		},
		{
			"_id": "5c6687d65e9d882c8841f0ff",
			"_tpl": "5963866b86f7747bfa1c4462"
		},
		{
			"_id": "5c6687d65e9d882c8841f0fe",
			"_tpl": "5963866286f7747bf429b572"
		},
		{
			"_id": "TacticalVest257989",
			"_tpl": "5e4abfed86f77406a2713cf7",
			"parentId": "5c6687d65e9d882c8841f0fd",
			"slotId": "TacticalVest"
		},
		{
			"_id": "I210016569131659520n9LxH",
			"_tpl": "576a581d2459771e7b1bc4f1",
			"parentId": "5c6687d65e9d882c8841f0fd",
			"slotId": "Holster"
		},
		{
			"_id": "AmmoMag128409",
			"_tpl": "5c925fa22e221601da359b7b",
			"parentId": "I2100165644840754536SMMb",
			"slotId": "cartridges",
			"upd": {
				"StackObjectsCount": 18
			}
		},
		{
			"_id": "I2100165644840754536SMMb",
			"_tpl": "576a5ed62459771e9c2096cb",
			"parentId": "I210016569131659520n9LxH",
			"slotId": "mod_magazine"
		},
		{
			"_id": "I210016562931727377Quekg",
			"_tpl": "576a63cd2459771e796e0e11",
			"parentId": "I210016569131659520n9LxH",
			"slotId": "mod_pistol_grip"
		},
		{
			"_id": "FuckYouUnlimitedAmmo354376",
			"_tpl": "5857a8bc2459772bad15db29",
			"parentId": "5c6687d65e9d882c8841f0fd",
			"slotId": "SecuredContainer"
		},
		{
			"_id": "iHateThatShit247551",
			"_tpl": "5c3df7d588a4501f290594e5",
			"parentId": "FuckYouUnlimitedAmmo354376",
			"slotId": "main",
			"upd": {
				"StackObjectsCount": 60
			}
		},
		{
			"_id": "iHateThatShit502489",
			"_tpl": "5c0d56a986f774449d5de529",
			"parentId": "FuckYouUnlimitedAmmo354376",
			"slotId": "main",
			"upd": {
				"StackObjectsCount": 60
			}
		},
		{
			"_id": "iHateThatShit339557",
			"_tpl": "5c3df7d588a4501f290594e5",
			"parentId": "FuckYouUnlimitedAmmo354376",
			"slotId": "main",
			"upd": {
				"StackObjectsCount": 60
			}
		},
		{
			"_id": "iHateThatShit990036",
			"_tpl": "5c3df7d588a4501f290594e5",
			"parentId": "FuckYouUnlimitedAmmo354376",
			"slotId": "main",
			"upd": {
				"StackObjectsCount": 60
			}
		},
		{
			"_id": "iHateThatShit499020",
			"_tpl": "5c0d56a986f774449d5de529",
			"parentId": "FuckYouUnlimitedAmmo354376",
			"slotId": "main",
			"upd": {
				"StackObjectsCount": 60
			}
		},
		{
			"_id": "iHateThatShit260153",
			"_tpl": "5c0d56a986f774449d5de529",
			"parentId": "FuckYouUnlimitedAmmo354376",
			"slotId": "main",
			"upd": {
				"StackObjectsCount": 60
			}
		},
		{
			"_id": "iHateThatShit735000",
			"_tpl": "58864a4f2459770fcc257101",
			"parentId": "FuckYouUnlimitedAmmo354376",
			"slotId": "main",
			"upd": {
				"StackObjectsCount": 60
			}
		},
		{
			"_id": "iHateThatShit591074",
			"_tpl": "56d59d3ad2720bdb418b4577",
			"parentId": "FuckYouUnlimitedAmmo354376",
			"slotId": "main",
			"upd": {
				"StackObjectsCount": 60
			}
		},
		{
			"_id": "iHateThatShit662905",
			"_tpl": "58864a4f2459770fcc257101",
			"parentId": "FuckYouUnlimitedAmmo354376",
			"slotId": "main",
			"upd": {
				"StackObjectsCount": 60
			}
		},
		{
			"_id": "magP0Vest54139",
			"_tpl": "576a5ed62459771e9c2096cb",
			"parentId": "TacticalVest257989",
			"slotId": "1",
			"location": {
				"x": 0,
				"y": 0,
				"r": "Horizontal"
			}
		},
		{
			"_id": "AmmoMagPVest921866",
			"_tpl": "5c0d56a986f774449d5de529",
			"parentId": "magP0Vest54139",
			"slotId": "cartridges",
			"upd": {
				"StackObjectsCount": 18
			}
		},
		{
			"_id": "magP0Vest7313",
			"_tpl": "576a5ed62459771e9c2096cb",
			"parentId": "TacticalVest257989",
			"slotId": "1",
			"location": {
				"x": 0,
				"y": 1,
				"r": "Horizontal"
			}
		},
		{
			"_id": "AmmoMagPVest290654",
			"_tpl": "58864a4f2459770fcc257101",
			"parentId": "magP0Vest7313",
			"slotId": "cartridges",
			"upd": {
				"StackObjectsCount": 18
			}
		},
		{
			"_id": "magP1Vest42145",
			"_tpl": "576a5ed62459771e9c2096cb",
			"parentId": "TacticalVest257989",
			"slotId": "3",
			"location": {
				"x": 0,
				"y": 0,
				"r": "Horizontal"
			}
		},
		{
			"_id": "AmmoMagPVest254005",
			"_tpl": "5a3c16fe86f77452b62de32a",
			"parentId": "magP1Vest42145",
			"slotId": "cartridges",
			"upd": {
				"StackObjectsCount": 18
			}
		},
		{
			"_id": "magP1Vest76462",
			"_tpl": "576a5ed62459771e9c2096cb",
			"parentId": "TacticalVest257989",
			"slotId": "3",
			"location": {
				"x": 0,
				"y": 1,
				"r": "Horizontal"
			}
		},
		{
			"_id": "AmmoMagPVest856065",
			"_tpl": "5c3df7d588a4501f290594e5",
			"parentId": "magP1Vest76462",
			"slotId": "cartridges",
			"upd": {
				"StackObjectsCount": 18
			}
		},
		{
			"_id": "Scabbard107528",
			"_tpl": "57e26fc7245977162a14b800",
			"parentId": "5c6687d65e9d882c8841f0fd",
			"slotId": "Scabbard"
		},
		{
			"_id": "FaceCover966614",
			"_tpl": "5b4326435acfc433000ed01d",
			"parentId": "5c6687d65e9d882c8841f0fd",
			"slotId": "FaceCover"
		}
	],
	"equipment": "5c6687d65e9d882c8841f0fd",
	"stash": "5c6687d65e9d882c8841f0fc",
	"questRaidItems": "5c6687d65e9d882c8841f0fe",
	"questStashItems": "5c6687d65e9d882c8841f0ff",
	"fastPanel": {}
}