{
	"items": [
		{
			"_id": "5c6687d65e9d882c8841f0fd",
			"_tpl": "55d7217a4bdc2d86028b456d"
		},
		{
			"_id": "5c6687d65e9d882c8841f121",
			"_tpl": "557ffd194bdc2d28148b457f",
			"parentId": "5c6687d65e9d882c8841f0fd",
			"slotId": "Pockets"
		},
		{
			"_id": "5c6687d65e9d882c8841f0fc",
			"_tpl": "566abbc34bdc2d92178b4576"
		},
		{
			"_id": "5c6687d65e9d882c8841f0ff",
			"_tpl": "5963866b86f7747bfa1c4462"
		},
		{
			"_id": "5c6687d65e9d882c8841f0fe",
			"_tpl": "5963866286f7747bf429b572"
		},
		{
			"_id": "TacticalVest465877",
			"_tpl": "5c0e9f2c86f77432297fe0a3",
			"parentId": "5c6687d65e9d882c8841f0fd",
			"slotId": "TacticalVest"
		},
		{
			"_id": "I21004568990068539X4py03",
			"_tpl": "59e6152586f77473dc057aa1",
			"parentId": "5c6687d65e9d882c8841f0fd",
			"slotId": "FirstPrimaryWeapon"
		},
		{
			"_id": "I21004565535012213q1vPJy",
			"_tpl": "59e649f986f77411d949b246",
			"parentId": "I21004568990068539X4py03",
			"slotId": "mod_gas_block"
		},
		{
			"_id": "I21004561581886902bdDXxQ",
			"_tpl": "59e61eb386f77440d64f5daf",
			"parentId": "I21004568990068539X4py03",
			"slotId": "mod_muzzle"
		},
		{
			"_id": "I21004564862018236cOC1kG",
			"_tpl": "59e6318286f77444dd62c4cc",
			"parentId": "I21004568990068539X4py03",
			"slotId": "mod_pistol_grip"
		},
		{
			"_id": "I210045693600940218V2zna",
			"_tpl": "59e6449086f7746c9f75e822",
			"parentId": "I21004568990068539X4py03",
			"slotId": "mod_reciever"
		},
		{
			"_id": "I21004565547401397KcUSau",
			"_tpl": "59d650cf86f7741b846413a4",
			"parentId": "I21004568990068539X4py03",
			"slotId": "mod_sight_rear",
			"upd": {
				"Sight": {
					"SelectedSightMode": 0
				}
			}
		},
		{
			"_id": "I21004568116809123jkDH2Q",
			"_tpl": "59e6227d86f77440d64f5dc2",
			"parentId": "I21004568990068539X4py03",
			"slotId": "mod_stock"
		},
		{
			"_id": "MagazineWeaponScav6976",
			"_tpl": "5a0060fc86f7745793204432",
			"parentId": "I21004568990068539X4py03",
			"slotId": "mod_magazine"
		},
		{
			"_id": "AmmoMag1815",
			"_tpl": "59e4d24686f7741776641ac7",
			"parentId": "MagazineWeaponScav6976",
			"slotId": "cartridges",
			"upd": {
				"StackObjectsCount": 30
			}
		},
		{
			"_id": "I21004566382817988WX2JgX",
			"_tpl": "59e6284f86f77440d569536f",
			"parentId": "I21004565535012213q1vPJy",
			"slotId": "mod_handguard"
		},
		{
			"_id": "FuckYouUnlimitedAmmo391526",
			"_tpl": "5857a8bc2459772bad15db29",
			"parentId": "5c6687d65e9d882c8841f0fd",
			"slotId": "SecuredContainer"
		},
		{
			"_id": "iHateThatShit363523",
			"_tpl": "5656d7c34bdc2d9d198b4587",
			"parentId": "FuckYouUnlimitedAmmo391526",
			"slotId": "main",
			"upd": {
				"StackObjectsCount": 60
			}
		},
		{
			"_id": "iHateThatShit232415",
			"_tpl": "59e4d24686f7741776641ac7",
			"parentId": "FuckYouUnlimitedAmmo391526",
			"slotId": "main",
			"upd": {
				"StackObjectsCount": 60
			}
		},
		{
			"_id": "iHateThatShit841002",
			"_tpl": "59e4d24686f7741776641ac7",
			"parentId": "FuckYouUnlimitedAmmo391526",
			"slotId": "main",
			"upd": {
				"StackObjectsCount": 60
			}
		},
		{
			"_id": "iHateThatShit41801",
			"_tpl": "59e4d3d286f774176a36250a",
			"parentId": "FuckYouUnlimitedAmmo391526",
			"slotId": "main",
			"upd": {
				"StackObjectsCount": 60
			}
		},
		{
			"_id": "iHateThatShit742203",
			"_tpl": "59e4d24686f7741776641ac7",
			"parentId": "FuckYouUnlimitedAmmo391526",
			"slotId": "main",
			"upd": {
				"StackObjectsCount": 60
			}
		},
		{
			"_id": "iHateThatShit888774",
			"_tpl": "59e4cf5286f7741778269d8a",
			"parentId": "FuckYouUnlimitedAmmo391526",
			"slotId": "main",
			"upd": {
				"StackObjectsCount": 60
			}
		},
		{
			"_id": "iHateThatShit422173",
			"_tpl": "59e0d99486f7744a32234762",
			"parentId": "FuckYouUnlimitedAmmo391526",
			"slotId": "main",
			"upd": {
				"StackObjectsCount": 60
			}
		},
		{
			"_id": "iHateThatShit60188",
			"_tpl": "59e4d3d286f774176a36250a",
			"parentId": "FuckYouUnlimitedAmmo391526",
			"slotId": "main",
			"upd": {
				"StackObjectsCount": 60
			}
		},
		{
			"_id": "iHateThatShit332931",
			"_tpl": "59e4cf5286f7741778269d8a",
			"parentId": "FuckYouUnlimitedAmmo391526",
			"slotId": "main",
			"upd": {
				"StackObjectsCount": 60
			}
		},
		{
			"_id": "mag1Vest157649",
			"_tpl": "59d625f086f774661516605d",
			"parentId": "TacticalVest465877",
			"slotId": "2",
			"location": {
				"x": 0,
				"y": 0,
				"r": "Horizontal"
			}
		},
		{
			"_id": "AmmoMag1Vest699335",
			"_tpl": "59e4d3d286f774176a36250a",
			"parentId": "mag1Vest157649",
			"slotId": "cartridges",
			"upd": {
				"StackObjectsCount": 30
			}
		},
		{
			"_id": "mag2Vest466191",
			"_tpl": "59d625f086f774661516605d",
			"parentId": "TacticalVest465877",
			"slotId": "4",
			"location": {
				"x": 0,
				"y": 0,
				"r": "Horizontal"
			}
		},
		{
			"_id": "AmmoMag2Vest939052",
			"_tpl": "59e0d99486f7744a32234762",
			"parentId": "mag2Vest466191",
			"slotId": "cartridges",
			"upd": {
				"StackObjectsCount": 30
			}
		},
		{
			"_id": "mag3Vest206597",
			"_tpl": "59d625f086f774661516605d",
			"parentId": "TacticalVest465877",
			"slotId": "6",
			"location": {
				"x": 0,
				"y": 0,
				"r": "Horizontal"
			}
		},
		{
			"_id": "AmmoMag3Vest316864",
			"_tpl": "59e4d24686f7741776641ac7",
			"parentId": "mag3Vest206597",
			"slotId": "cartridges",
			"upd": {
				"StackObjectsCount": 30
			}
		},
		{
			"_id": "mag4Vest57168",
			"_tpl": "59d625f086f774661516605d",
			"parentId": "TacticalVest465877",
			"slotId": "8",
			"location": {
				"x": 0,
				"y": 0,
				"r": "Horizontal"
			}
		},
		{
			"_id": "AmmoMag4Vest120519",
			"_tpl": "59e4d24686f7741776641ac7",
			"parentId": "mag4Vest57168",
			"slotId": "cartridges",
			"upd": {
				"StackObjectsCount": 30
			}
		},
		{
			"_id": "Scabbard388420",
			"_tpl": "54491bb74bdc2d09088b4567",
			"parentId": "5c6687d65e9d882c8841f0fd",
			"slotId": "Scabbard"
		},
		{
			"_id": "Headwear278086",
			"_tpl": "5a43943586f77416ad2f06e2",
			"parentId": "5c6687d65e9d882c8841f0fd",
			"slotId": "Headwear"
		},
		{
			"_id": "Eyewear240923",
			"_tpl": "5b432be65acfc433000ed01f",
			"parentId": "5c6687d65e9d882c8841f0fd",
			"slotId": "Eyewear"
		}
	],
	"equipment": "5c6687d65e9d882c8841f0fd",
	"stash": "5c6687d65e9d882c8841f0fc",
	"questRaidItems": "5c6687d65e9d882c8841f0fe",
	"questStashItems": "5c6687d65e9d882c8841f0ff",
	"fastPanel": {}
}