{
	"items": [
		{
			"_id": "5c6687d65e9d882c8841f0fd",
			"_tpl": "55d7217a4bdc2d86028b456d"
		},
		{
			"_id": "5c6687d65e9d882c8841f121",
			"_tpl": "557ffd194bdc2d28148b457f",
			"parentId": "5c6687d65e9d882c8841f0fd",
			"slotId": "Pockets"
		},
		{
			"_id": "5c6687d65e9d882c8841f0fc",
			"_tpl": "566abbc34bdc2d92178b4576"
		},
		{
			"_id": "5c6687d65e9d882c8841f0ff",
			"_tpl": "5963866b86f7747bfa1c4462"
		},
		{
			"_id": "5c6687d65e9d882c8841f0fe",
			"_tpl": "5963866286f7747bf429b572"
		},
		{
			"_id": "TacticalVest752465",
			"_tpl": "5929a2a086f7744f4b234d43",
			"parentId": "5c6687d65e9d882c8841f0fd",
			"slotId": "TacticalVest"
		},
		{
			"_id": "I210018269433615010vM7BC",
			"_tpl": "5a38e6bac4a2826c6e06d79b",
			"parentId": "5c6687d65e9d882c8841f0fd",
			"slotId": "FirstPrimaryWeapon"
		},
		{
			"_id": "MagazineWeaponScav9160",
			"_tpl": "5a38ee51c4a282000c5a955c",
			"parentId": "I210018269433615010vM7BC",
			"slotId": "mod_magazine"
		},
		{
			"_id": "AmmoMag14684",
			"_tpl": "5d6e6a42a4b9364f07165f52",
			"parentId": "MagazineWeaponScav9160",
			"slotId": "cartridges",
			"upd": {
				"StackObjectsCount": 2
			}
		},
		{
			"_id": "I210018263879906767FNFmM",
			"_tpl": "5a38ef1fc4a282000b1521f6",
			"parentId": "I210018269433615010vM7BC",
			"slotId": "mod_stock",
			"upd": {
				"Foldable": {
					"Folded": false
				}
			}
		},
		{
			"_id": "I210018261629330700VXZWi",
			"_tpl": "5a38eecdc4a282329a73b512",
			"parentId": "I210018263879906767FNFmM",
			"slotId": "mod_pistol_grip"
		},
		{
			"_id": "FuckYouUnlimitedAmmo446062",
			"_tpl": "5857a8bc2459772bad15db29",
			"parentId": "5c6687d65e9d882c8841f0fd",
			"slotId": "SecuredContainer"
		},
		{
			"_id": "iHateThatShit126850",
			"_tpl": "5d6e6a5fa4b93614ec501745",
			"parentId": "FuckYouUnlimitedAmmo446062",
			"slotId": "main",
			"upd": {
				"StackObjectsCount": 60
			}
		},
		{
			"_id": "iHateThatShit939330",
			"_tpl": "5d6e695fa4b936359b35d852",
			"parentId": "FuckYouUnlimitedAmmo446062",
			"slotId": "main",
			"upd": {
				"StackObjectsCount": 60
			}
		},
		{
			"_id": "iHateThatShit242798",
			"_tpl": "5d6e6a5fa4b93614ec501745",
			"parentId": "FuckYouUnlimitedAmmo446062",
			"slotId": "main",
			"upd": {
				"StackObjectsCount": 60
			}
		},
		{
			"_id": "iHateThatShit387638",
			"_tpl": "5d6e695fa4b936359b35d852",
			"parentId": "FuckYouUnlimitedAmmo446062",
			"slotId": "main",
			"upd": {
				"StackObjectsCount": 60
			}
		},
		{
			"_id": "iHateThatShit151566",
			"_tpl": "5a38ebd9c4a282000d722a5b",
			"parentId": "FuckYouUnlimitedAmmo446062",
			"slotId": "main",
			"upd": {
				"StackObjectsCount": 60
			}
		},
		{
			"_id": "iHateThatShit107237",
			"_tpl": "5d6e69b9a4b9361bc8618958",
			"parentId": "FuckYouUnlimitedAmmo446062",
			"slotId": "main",
			"upd": {
				"StackObjectsCount": 60
			}
		},
		{
			"_id": "iHateThatShit515842",
			"_tpl": "5d6e6a42a4b9364f07165f52",
			"parentId": "FuckYouUnlimitedAmmo446062",
			"slotId": "main",
			"upd": {
				"StackObjectsCount": 60
			}
		},
		{
			"_id": "iHateThatShit690295",
			"_tpl": "5d6e695fa4b936359b35d852",
			"parentId": "FuckYouUnlimitedAmmo446062",
			"slotId": "main",
			"upd": {
				"StackObjectsCount": 60
			}
		},
		{
			"_id": "iHateThatShit435568",
			"_tpl": "5a38ebd9c4a282000d722a5b",
			"parentId": "FuckYouUnlimitedAmmo446062",
			"slotId": "main",
			"upd": {
				"StackObjectsCount": 60
			}
		},
		{
			"_id": "mag0Vest977423",
			"_tpl": "5a38ed75c4a28232996e40c6",
			"parentId": "TacticalVest752465",
			"slotId": "3",
			"location": {
				"x": 0,
				"y": 0,
				"r": "Horizontal"
			}
		},
		{
			"_id": "AmmoMag0Vest140812",
			"_tpl": "5d6e695fa4b936359b35d852",
			"parentId": "mag0Vest977423",
			"slotId": "cartridges",
			"upd": {
				"StackObjectsCount": 4
			}
		},
		{
			"_id": "mag1Vest362926",
			"_tpl": "5a38ed75c4a28232996e40c6",
			"parentId": "TacticalVest752465",
			"slotId": "5",
			"location": {
				"x": 0,
				"y": 0,
				"r": "Horizontal"
			}
		},
		{
			"_id": "AmmoMag1Vest195702",
			"_tpl": "5d6e6a42a4b9364f07165f52",
			"parentId": "mag1Vest362926",
			"slotId": "cartridges",
			"upd": {
				"StackObjectsCount": 4
			}
		},
		{
			"_id": "mag1Vest320873",
			"_tpl": "5a38ed75c4a28232996e40c6",
			"parentId": "TacticalVest752465",
			"slotId": "5",
			"location": {
				"x": 0,
				"y": 1,
				"r": "Horizontal"
			}
		},
		{
			"_id": "AmmoMag1Vest974273",
			"_tpl": "5d6e69c7a4b9360b6c0d54e4",
			"parentId": "mag1Vest320873",
			"slotId": "cartridges",
			"upd": {
				"StackObjectsCount": 4
			}
		},
		{
			"_id": "StackAmmo5759257167",
			"_tpl": "5d6e69b9a4b9361bc8618958",
			"parentId": "TacticalVest752465",
			"slotId": "2",
			"upd": {
				"StackObjectsCount": 7
			}
		},
		{
			"_id": "StackAmmo99289191292",
			"_tpl": "5d6e6a53a4b9361bd473feec",
			"parentId": "TacticalVest752465",
			"slotId": "8",
			"upd": {
				"StackObjectsCount": 8
			}
		},
		{
			"_id": "Scabbard736998",
			"_tpl": "5bffdc370db834001d23eca8",
			"parentId": "5c6687d65e9d882c8841f0fd",
			"slotId": "Scabbard"
		},
		{
			"_id": "Headwear704291",
			"_tpl": "59e7708286f7742cbd762753",
			"parentId": "5c6687d65e9d882c8841f0fd",
			"slotId": "Headwear"
		},
		{
			"_id": "FaceCover625817",
			"_tpl": "59e7715586f7742ee5789605",
			"parentId": "5c6687d65e9d882c8841f0fd",
			"slotId": "FaceCover"
		},
		{
			"_id": "Backpack784291",
			"_tpl": "5ab8ee7786f7742d8f33f0b9",
			"parentId": "5c6687d65e9d882c8841f0fd",
			"slotId": "Backpack"
		},
		{
			"_id": "BP_Backpack784291_335484",
			"_tpl": "57347c2e24597744902c94a1",
			"parentId": "Backpack784291",
			"slotId": "main",
			"location": {
				"x": 0,
				"y": 0,
				"r": "Horizontal"
			}
		}
	],
	"equipment": "5c6687d65e9d882c8841f0fd",
	"stash": "5c6687d65e9d882c8841f0fc",
	"questRaidItems": "5c6687d65e9d882c8841f0fe",
	"questStashItems": "5c6687d65e9d882c8841f0ff",
	"fastPanel": {}
}