{
	"items": [
		{
			"_id": "5c6687d65e9d882c8841f0fd",
			"_tpl": "55d7217a4bdc2d86028b456d"
		},
		{
			"_id": "5c6687d65e9d882c8841f121",
			"_tpl": "557ffd194bdc2d28148b457f",
			"parentId": "5c6687d65e9d882c8841f0fd",
			"slotId": "Pockets"
		},
		{
			"_id": "5c6687d65e9d882c8841f0fc",
			"_tpl": "566abbc34bdc2d92178b4576"
		},
		{
			"_id": "5c6687d65e9d882c8841f0ff",
			"_tpl": "5963866b86f7747bfa1c4462"
		},
		{
			"_id": "5c6687d65e9d882c8841f0fe",
			"_tpl": "5963866286f7747bf429b572"
		},
		{
			"_id": "TacticalVest521432",
			"_tpl": "5929a2a086f7744f4b234d43",
			"parentId": "5c6687d65e9d882c8841f0fd",
			"slotId": "TacticalVest"
		},
		{
			"_id": "I331022513615285391v8jev",
			"_tpl": "583990e32459771419544dd2",
			"parentId": "5c6687d65e9d882c8841f0fd",
			"slotId": "FirstPrimaryWeapon"
		},
		{
			"_id": "I331022513513120381mPklm",
			"_tpl": "5649ad3f4bdc2df8348b4585",
			"parentId": "I331022513615285391v8jev",
			"slotId": "mod_pistol_grip"
		},
		{
			"_id": "I3310225123475816610QvyT",
			"_tpl": "57dc347d245977596754e7a1",
			"parentId": "I331022513615285391v8jev",
			"slotId": "mod_stock"
		},
		{
			"_id": "MagazineWeaponScav3630",
			"_tpl": "5aaa4194e5b5b055d06310a5",
			"parentId": "I331022513615285391v8jev",
			"slotId": "mod_magazine"
		},
		{
			"_id": "AmmoMag12117",
			"_tpl": "5c0d5e4486f77478390952fe",
			"parentId": "MagazineWeaponScav3630",
			"slotId": "cartridges",
			"upd": {
				"StackObjectsCount": 30
			}
		},
		{
			"_id": "I3310225147058858019k3a8",
			"_tpl": "57dc324a24597759501edc20",
			"parentId": "I331022513615285391v8jev",
			"slotId": "mod_muzzle"
		},
		{
			"_id": "I331022519924121824JaJpl",
			"_tpl": "59d36a0086f7747e673f3946",
			"parentId": "I331022513615285391v8jev",
			"slotId": "mod_gas_block"
		},
		{
			"_id": "I3310225117910297229F7hz",
			"_tpl": "56dfef82d2720bbd668b4567",
			"parentId": "I331022518740798636S0FY3",
			"slotId": "cartridges",
			"location": 0,
			"upd": {
				"StackObjectsCount": 30
			}
		},
		{
			"_id": "I3310225161860541350eHyK",
			"_tpl": "57dc32dc245977596d4ef3d3",
			"parentId": "I331022519924121824JaJpl",
			"slotId": "mod_handguard"
		},
		{
			"_id": "FuckYouUnlimitedAmmo296704",
			"_tpl": "5857a8bc2459772bad15db29",
			"parentId": "5c6687d65e9d882c8841f0fd",
			"slotId": "SecuredContainer"
		},
		{
			"_id": "iHateThatShit377513",
			"_tpl": "56dff2ced2720bb4668b4567",
			"parentId": "FuckYouUnlimitedAmmo296704",
			"slotId": "main",
			"upd": {
				"StackObjectsCount": 60
			}
		},
		{
			"_id": "iHateThatShit727227",
			"_tpl": "56dff4ecd2720b5f5a8b4568",
			"parentId": "FuckYouUnlimitedAmmo296704",
			"slotId": "main",
			"upd": {
				"StackObjectsCount": 60
			}
		},
		{
			"_id": "iHateThatShit870395",
			"_tpl": "56dff026d2720bb8668b4567",
			"parentId": "FuckYouUnlimitedAmmo296704",
			"slotId": "main",
			"upd": {
				"StackObjectsCount": 60
			}
		},
		{
			"_id": "iHateThatShit570948",
			"_tpl": "56dff061d2720bb5668b4567",
			"parentId": "FuckYouUnlimitedAmmo296704",
			"slotId": "main",
			"upd": {
				"StackObjectsCount": 60
			}
		},
		{
			"_id": "iHateThatShit656558",
			"_tpl": "56dff4a2d2720bbd668b456a",
			"parentId": "FuckYouUnlimitedAmmo296704",
			"slotId": "main",
			"upd": {
				"StackObjectsCount": 60
			}
		},
		{
			"_id": "iHateThatShit957025",
			"_tpl": "56dff421d2720b5f5a8b4567",
			"parentId": "FuckYouUnlimitedAmmo296704",
			"slotId": "main",
			"upd": {
				"StackObjectsCount": 60
			}
		},
		{
			"_id": "iHateThatShit974706",
			"_tpl": "56dfef82d2720bbd668b4567",
			"parentId": "FuckYouUnlimitedAmmo296704",
			"slotId": "main",
			"upd": {
				"StackObjectsCount": 60
			}
		},
		{
			"_id": "iHateThatShit121731",
			"_tpl": "56dff2ced2720bb4668b4567",
			"parentId": "FuckYouUnlimitedAmmo296704",
			"slotId": "main",
			"upd": {
				"StackObjectsCount": 60
			}
		},
		{
			"_id": "iHateThatShit506356",
			"_tpl": "56dff0bed2720bb0668b4567",
			"parentId": "FuckYouUnlimitedAmmo296704",
			"slotId": "main",
			"upd": {
				"StackObjectsCount": 60
			}
		},
		{
			"_id": "mag2Vest447226",
			"_tpl": "55d480c04bdc2d1d4e8b456a",
			"parentId": "TacticalVest521432",
			"slotId": "5",
			"location": {
				"x": 0,
				"y": 0,
				"r": "Horizontal"
			}
		},
		{
			"_id": "AmmoMag2Vest877228",
			"_tpl": "56dff0bed2720bb0668b4567",
			"parentId": "mag2Vest447226",
			"slotId": "cartridges",
			"upd": {
				"StackObjectsCount": 30
			}
		},
		{
			"_id": "StackAmmo810420420",
			"_tpl": "56dff061d2720bb5668b4567",
			"parentId": "TacticalVest521432",
			"slotId": "1",
			"upd": {
				"StackObjectsCount": 10
			}
		},
		{
			"_id": "StackAmmo37685016945",
			"_tpl": "56dff026d2720bb8668b4567",
			"parentId": "TacticalVest521432",
			"slotId": "7",
			"upd": {
				"StackObjectsCount": 27
			}
		},
		{
			"_id": "Scabbard751468",
			"_tpl": "57e26fc7245977162a14b800",
			"parentId": "5c6687d65e9d882c8841f0fd",
			"slotId": "Scabbard"
		},
		{
			"_id": "Backpack651904",
			"_tpl": "56e33634d2720bd8058b456b",
			"parentId": "5c6687d65e9d882c8841f0fd",
			"slotId": "Backpack"
		},
		{
			"_id": "BP_Backpack651904_135041",
			"_tpl": "5e2aef7986f7746d3f3c33f5",
			"parentId": "Backpack651904",
			"slotId": "main",
			"location": {
				"x": 0,
				"y": 0,
				"r": "Horizontal"
			}
		},
		{
			"_id": "BP_Backpack651904_587356",
			"_tpl": "590a3c0a86f774385a33c450",
			"parentId": "Backpack651904",
			"slotId": "main",
			"location": {
				"x": 0,
				"y": 2,
				"r": "Horizontal"
			}
		},
		{
			"_id": "BP_Backpack651904_195125",
			"_tpl": "5d1b309586f77425227d1676",
			"parentId": "Backpack651904",
			"slotId": "main",
			"location": {
				"x": 1,
				"y": 0,
				"r": "Horizontal"
			}
		},
		{
			"_id": "BP_Backpack651904_692598",
			"_tpl": "5a144bdb86f7741d374bbde0",
			"parentId": "Backpack651904",
			"slotId": "main",
			"location": {
				"x": 1,
				"y": 2,
				"r": "Horizontal"
			}
		},
		{
			"_id": "BP_Backpack651904_796588",
			"_tpl": "5c12620d86f7743f8b198b72",
			"parentId": "Backpack651904",
			"slotId": "main",
			"location": {
				"x": 2,
				"y": 0,
				"r": "Horizontal"
			}
		},
		{
			"_id": "BP_Backpack651904_646627",
			"_tpl": "5913611c86f77479e0084092",
			"parentId": "Backpack651904",
			"slotId": "main",
			"location": {
				"x": 2,
				"y": 2,
				"r": "Horizontal"
			}
		},
		{
			"_id": "ArmorVest873666",
			"_tpl": "545cdb794bdc2d3a198b456a",
			"parentId": "5c6687d65e9d882c8841f0fd",
			"slotId": "ArmorVest",
			"upd": {
				"Repairable": {
					"MaxDurability": 75,
					"Durability": 8
				}
			}
		},
		{
			"_id": "Pocket_848255",
			"_tpl": "5734773724597737fd047c14",
			"parentId": "5c6687d65e9d882c8841f121",
			"slotId": "pocket1",
			"location": {
				"x": 0,
				"y": 0,
				"r": "Horizontal"
			},
			"upd": {
				"SpawnedInSession": true
			}
		}
	],
	"equipment": "5c6687d65e9d882c8841f0fd",
	"stash": "5c6687d65e9d882c8841f0fc",
	"questRaidItems": "5c6687d65e9d882c8841f0fe",
	"questStashItems": "5c6687d65e9d882c8841f0ff",
	"fastPanel": {}
}