{
	"items": [
		{
			"_id": "5c6687d65e9d882c8841f0fd",
			"_tpl": "55d7217a4bdc2d86028b456d"
		},
		{
			"_id": "5c6687d65e9d882c8841f121",
			"_tpl": "557ffd194bdc2d28148b457f",
			"parentId": "5c6687d65e9d882c8841f0fd",
			"slotId": "Pockets"
		},
		{
			"_id": "5c6687d65e9d882c8841f0fc",
			"_tpl": "566abbc34bdc2d92178b4576"
		},
		{
			"_id": "5c6687d65e9d882c8841f0ff",
			"_tpl": "5963866b86f7747bfa1c4462"
		},
		{
			"_id": "5c6687d65e9d882c8841f0fe",
			"_tpl": "5963866286f7747bf429b572"
		},
		{
			"_id": "TacticalVest560856",
			"_tpl": "5648a69d4bdc2ded0b8b457b",
			"parentId": "5c6687d65e9d882c8841f0fd",
			"slotId": "TacticalVest"
		},
		{
			"_id": "I331046127773593669uVtsF",
			"_tpl": "5644bd2b4bdc2d3b4c8b4572",
			"parentId": "5c6687d65e9d882c8841f0fd",
			"slotId": "FirstPrimaryWeapon"
		},
		{
			"_id": "I331046127771444184gnvsM",
			"_tpl": "59c6633186f7740cf0493bb9",
			"parentId": "I331046127773593669uVtsF",
			"slotId": "mod_gas_block"
		},
		{
			"_id": "I3310461232797883875p2bj",
			"_tpl": "5649aa744bdc2ded0b8b457e",
			"parentId": "I331046127773593669uVtsF",
			"slotId": "mod_muzzle"
		},
		{
			"_id": "I331046124161133240AcIgM",
			"_tpl": "5649ad3f4bdc2df8348b4585",
			"parentId": "I331046127773593669uVtsF",
			"slotId": "mod_pistol_grip"
		},
		{
			"_id": "I331046127584523856SzisX",
			"_tpl": "5649af094bdc2df8348b4586",
			"parentId": "I331046127773593669uVtsF",
			"slotId": "mod_reciever"
		},
		{
			"_id": "I331046127637814350xNMrd",
			"_tpl": "5649b0544bdc2d1b2b8b458a",
			"parentId": "I331046127773593669uVtsF",
			"slotId": "mod_sight_rear",
			"upd": {
				"Sight": {
					"SelectedSightMode": 0
				}
			}
		},
		{
			"_id": "I331046125755512910n5ptt",
			"_tpl": "5649b1c04bdc2d16268b457c",
			"parentId": "I331046127773593669uVtsF",
			"slotId": "mod_stock"
		},
		{
			"_id": "MagazineWeaponScav6634",
			"_tpl": "564ca99c4bdc2d16268b4589",
			"parentId": "I331046127773593669uVtsF",
			"slotId": "mod_magazine"
		},
		{
			"_id": "AmmoMag1647",
			"_tpl": "56dff216d2720bbd668b4568",
			"parentId": "MagazineWeaponScav6634",
			"slotId": "cartridges",
			"upd": {
				"StackObjectsCount": 30
			}
		},
		{
			"_id": "I3310461278782270134nnCe",
			"_tpl": "57acb6222459771ec34b5cb0",
			"parentId": "I331046127773593669uVtsF",
			"slotId": "mod_mount_000"
		},
		{
			"_id": "I331046121407077243Ljhw6",
			"_tpl": "5648b4534bdc2d3d1c8b4580",
			"parentId": "I331046127771444184gnvsM",
			"slotId": "mod_handguard"
		},
		{
			"_id": "I331046125854884947RZrUx",
			"_tpl": "570fd721d2720bc5458b4596",
			"parentId": "I3310461278782270134nnCe",
			"slotId": "mod_scope",
			"upd": {
				"Sight": {
					"SelectedSightMode": 0
				}
			}
		},
		{
			"_id": "I331046129518444139PcKmL",
			"_tpl": "56def37dd2720bec348b456a",
			"parentId": "I331046121407077243Ljhw6",
			"slotId": "mod_tactical_001",
			"upd": {
				"Light": {
					"IsActive": true,
					"SelectedMode": 0
				}
			}
		},
		{
			"_id": "FuckYouUnlimitedAmmo858642",
			"_tpl": "5857a8bc2459772bad15db29",
			"parentId": "5c6687d65e9d882c8841f0fd",
			"slotId": "SecuredContainer"
		},
		{
			"_id": "iHateThatShit989463",
			"_tpl": "56dff3afd2720bba668b4567",
			"parentId": "FuckYouUnlimitedAmmo858642",
			"slotId": "main",
			"upd": {
				"StackObjectsCount": 60
			}
		},
		{
			"_id": "iHateThatShit20448",
			"_tpl": "56dff2ced2720bb4668b4567",
			"parentId": "FuckYouUnlimitedAmmo858642",
			"slotId": "main",
			"upd": {
				"StackObjectsCount": 60
			}
		},
		{
			"_id": "iHateThatShit234858",
			"_tpl": "56dff421d2720b5f5a8b4567",
			"parentId": "FuckYouUnlimitedAmmo858642",
			"slotId": "main",
			"upd": {
				"StackObjectsCount": 60
			}
		},
		{
			"_id": "iHateThatShit43813",
			"_tpl": "5c0d5e4486f77478390952fe",
			"parentId": "FuckYouUnlimitedAmmo858642",
			"slotId": "main",
			"upd": {
				"StackObjectsCount": 60
			}
		},
		{
			"_id": "iHateThatShit785490",
			"_tpl": "5c0d5e4486f77478390952fe",
			"parentId": "FuckYouUnlimitedAmmo858642",
			"slotId": "main",
			"upd": {
				"StackObjectsCount": 60
			}
		},
		{
			"_id": "iHateThatShit358207",
			"_tpl": "56dff0bed2720bb0668b4567",
			"parentId": "FuckYouUnlimitedAmmo858642",
			"slotId": "main",
			"upd": {
				"StackObjectsCount": 60
			}
		},
		{
			"_id": "iHateThatShit892991",
			"_tpl": "56dff338d2720bbd668b4569",
			"parentId": "FuckYouUnlimitedAmmo858642",
			"slotId": "main",
			"upd": {
				"StackObjectsCount": 60
			}
		},
		{
			"_id": "iHateThatShit83507",
			"_tpl": "56dff4a2d2720bbd668b456a",
			"parentId": "FuckYouUnlimitedAmmo858642",
			"slotId": "main",
			"upd": {
				"StackObjectsCount": 60
			}
		},
		{
			"_id": "iHateThatShit418816",
			"_tpl": "56dff061d2720bb5668b4567",
			"parentId": "FuckYouUnlimitedAmmo858642",
			"slotId": "main",
			"upd": {
				"StackObjectsCount": 60
			}
		},
		{
			"_id": "mag2Vest247933",
			"_tpl": "5aaa4194e5b5b055d06310a5",
			"parentId": "TacticalVest560856",
			"slotId": "3",
			"location": {
				"x": 0,
				"y": 0,
				"r": "Horizontal"
			}
		},
		{
			"_id": "AmmoMag2Vest379563",
			"_tpl": "56dff4a2d2720bbd668b456a",
			"parentId": "mag2Vest247933",
			"slotId": "cartridges",
			"upd": {
				"StackObjectsCount": 30
			}
		},
		{
			"_id": "mag4Vest567615",
			"_tpl": "5aaa4194e5b5b055d06310a5",
			"parentId": "TacticalVest560856",
			"slotId": "11",
			"location": {
				"x": 0,
				"y": 0,
				"r": "Horizontal"
			}
		},
		{
			"_id": "AmmoMag4Vest730145",
			"_tpl": "56dff061d2720bb5668b4567",
			"parentId": "mag4Vest567615",
			"slotId": "cartridges",
			"upd": {
				"StackObjectsCount": 30
			}
		},
		{
			"_id": "mag0Vest419478",
			"_tpl": "5aaa4194e5b5b055d06310a5",
			"parentId": "TacticalVest560856",
			"slotId": "5",
			"location": {
				"x": 1,
				"y": 0,
				"r": "Horizontal"
			}
		},
		{
			"_id": "AmmoMag0Vest111941",
			"_tpl": "56dff026d2720bb8668b4567",
			"parentId": "mag0Vest419478",
			"slotId": "cartridges",
			"upd": {
				"StackObjectsCount": 30
			}
		},
		{
			"_id": "StackAmmo89471054691",
			"_tpl": "56dff4ecd2720b5f5a8b4568",
			"parentId": "TacticalVest560856",
			"slotId": "6",
			"upd": {
				"StackObjectsCount": 55
			}
		},
		{
			"_id": "StackAmmo48848872905",
			"_tpl": "56dff2ced2720bb4668b4567",
			"parentId": "TacticalVest560856",
			"slotId": "8",
			"upd": {
				"StackObjectsCount": 18
			}
		},
		{
			"_id": "Scabbard533351",
			"_tpl": "5bffdc370db834001d23eca8",
			"parentId": "5c6687d65e9d882c8841f0fd",
			"slotId": "Scabbard"
		},
		{
			"_id": "Eyewear507010",
			"_tpl": "59e770b986f7742cbd762754",
			"parentId": "5c6687d65e9d882c8841f0fd",
			"slotId": "Eyewear"
		},
		{
			"_id": "FaceCover592223",
			"_tpl": "572b7f1624597762ae139822",
			"parentId": "5c6687d65e9d882c8841f0fd",
			"slotId": "FaceCover"
		},
		{
			"_id": "Backpack865740",
			"_tpl": "5ab8f04f86f774585f4237d8",
			"parentId": "5c6687d65e9d882c8841f0fd",
			"slotId": "Backpack"
		},
		{
			"_id": "BP_Backpack865740_683788",
			"_tpl": "573477e124597737dd42e191",
			"parentId": "Backpack865740",
			"slotId": "main",
			"location": {
				"x": 0,
				"y": 0,
				"r": "Horizontal"
			}
		},
		{
			"_id": "BP_Backpack865740_870686",
			"_tpl": "590c2b4386f77425357b6123",
			"parentId": "Backpack865740",
			"slotId": "main",
			"location": {
				"x": 0,
				"y": 1,
				"r": "Horizontal"
			}
		},
		{
			"_id": "BP_Backpack865740_516571",
			"_tpl": "590a3b0486f7743954552bdb",
			"parentId": "Backpack865740",
			"slotId": "main",
			"location": {
				"x": 1,
				"y": 0,
				"r": "Horizontal"
			}
		},
		{
			"_id": "BP_Backpack865740_502178",
			"_tpl": "5d40419286f774318526545f",
			"parentId": "Backpack865740",
			"slotId": "main",
			"location": {
				"x": 2,
				"y": 0,
				"r": "Horizontal"
			}
		},
		{
			"_id": "BP_Backpack865740_409294",
			"_tpl": "5ad5d49886f77455f9731921",
			"parentId": "Backpack865740",
			"slotId": "main",
			"location": {
				"x": 1,
				"y": 1,
				"r": "Horizontal"
			}
		},
		{
			"_id": "Pocket_826511",
			"_tpl": "57347cd0245977445a2d6ff1",
			"parentId": "5c6687d65e9d882c8841f121",
			"slotId": "pocket1",
			"location": {
				"x": 0,
				"y": 0,
				"r": "Horizontal"
			},
			"upd": {
				"SpawnedInSession": true
			}
		}
	],
	"equipment": "5c6687d65e9d882c8841f0fd",
	"stash": "5c6687d65e9d882c8841f0fc",
	"questRaidItems": "5c6687d65e9d882c8841f0fe",
	"questStashItems": "5c6687d65e9d882c8841f0ff",
	"fastPanel": {}
}