{
	"items": [
		{
			"_id": "5c6687d65e9d882c8841f0fd",
			"_tpl": "55d7217a4bdc2d86028b456d"
		},
		{
			"_id": "5c6687d65e9d882c8841f121",
			"_tpl": "557ffd194bdc2d28148b457f",
			"parentId": "5c6687d65e9d882c8841f0fd",
			"slotId": "Pockets"
		},
		{
			"_id": "5c6687d65e9d882c8841f0fc",
			"_tpl": "566abbc34bdc2d92178b4576"
		},
		{
			"_id": "5c6687d65e9d882c8841f0ff",
			"_tpl": "5963866b86f7747bfa1c4462"
		},
		{
			"_id": "5c6687d65e9d882c8841f0fe",
			"_tpl": "5963866286f7747bf429b572"
		},
		{
			"_id": "TacticalVest820585",
			"_tpl": "5648a69d4bdc2ded0b8b457b",
			"parentId": "5c6687d65e9d882c8841f0fd",
			"slotId": "TacticalVest"
		},
		{
			"_id": "I210018269433615010vM7BC",
			"_tpl": "5a38e6bac4a2826c6e06d79b",
			"parentId": "5c6687d65e9d882c8841f0fd",
			"slotId": "FirstPrimaryWeapon"
		},
		{
			"_id": "MagazineWeaponScav9852",
			"_tpl": "5c6161fb2e221600113fbde5",
			"parentId": "I210018269433615010vM7BC",
			"slotId": "mod_magazine"
		},
		{
			"_id": "AmmoMag15694",
			"_tpl": "5a38ebd9c4a282000d722a5b",
			"parentId": "MagazineWeaponScav9852",
			"slotId": "cartridges",
			"upd": {
				"StackObjectsCount": 5
			}
		},
		{
			"_id": "I210018263879906767FNFmM",
			"_tpl": "5a38ef1fc4a282000b1521f6",
			"parentId": "I210018269433615010vM7BC",
			"slotId": "mod_stock",
			"upd": {
				"Foldable": {
					"Folded": false
				}
			}
		},
		{
			"_id": "I210018261629330700VXZWi",
			"_tpl": "5a38eecdc4a282329a73b512",
			"parentId": "I210018263879906767FNFmM",
			"slotId": "mod_pistol_grip"
		},
		{
			"_id": "FuckYouUnlimitedAmmo701142",
			"_tpl": "5857a8bc2459772bad15db29",
			"parentId": "5c6687d65e9d882c8841f0fd",
			"slotId": "SecuredContainer"
		},
		{
			"_id": "iHateThatShit330954",
			"_tpl": "5a38ebd9c4a282000d722a5b",
			"parentId": "FuckYouUnlimitedAmmo701142",
			"slotId": "main",
			"upd": {
				"StackObjectsCount": 60
			}
		},
		{
			"_id": "iHateThatShit311556",
			"_tpl": "5d6e6a5fa4b93614ec501745",
			"parentId": "FuckYouUnlimitedAmmo701142",
			"slotId": "main",
			"upd": {
				"StackObjectsCount": 60
			}
		},
		{
			"_id": "iHateThatShit937348",
			"_tpl": "5d6e69b9a4b9361bc8618958",
			"parentId": "FuckYouUnlimitedAmmo701142",
			"slotId": "main",
			"upd": {
				"StackObjectsCount": 60
			}
		},
		{
			"_id": "iHateThatShit673231",
			"_tpl": "5d6e69c7a4b9360b6c0d54e4",
			"parentId": "FuckYouUnlimitedAmmo701142",
			"slotId": "main",
			"upd": {
				"StackObjectsCount": 60
			}
		},
		{
			"_id": "iHateThatShit453277",
			"_tpl": "5d6e695fa4b936359b35d852",
			"parentId": "FuckYouUnlimitedAmmo701142",
			"slotId": "main",
			"upd": {
				"StackObjectsCount": 60
			}
		},
		{
			"_id": "iHateThatShit945236",
			"_tpl": "5d6e69c7a4b9360b6c0d54e4",
			"parentId": "FuckYouUnlimitedAmmo701142",
			"slotId": "main",
			"upd": {
				"StackObjectsCount": 60
			}
		},
		{
			"_id": "iHateThatShit185447",
			"_tpl": "5a38ebd9c4a282000d722a5b",
			"parentId": "FuckYouUnlimitedAmmo701142",
			"slotId": "main",
			"upd": {
				"StackObjectsCount": 60
			}
		},
		{
			"_id": "iHateThatShit210731",
			"_tpl": "5a38ebd9c4a282000d722a5b",
			"parentId": "FuckYouUnlimitedAmmo701142",
			"slotId": "main",
			"upd": {
				"StackObjectsCount": 60
			}
		},
		{
			"_id": "iHateThatShit427924",
			"_tpl": "5d6e6a53a4b9361bd473feec",
			"parentId": "FuckYouUnlimitedAmmo701142",
			"slotId": "main",
			"upd": {
				"StackObjectsCount": 60
			}
		},
		{
			"_id": "mag0Vest398092",
			"_tpl": "5c6161fb2e221600113fbde5",
			"parentId": "TacticalVest820585",
			"slotId": "1",
			"location": {
				"x": 0,
				"y": 0,
				"r": "Horizontal"
			}
		},
		{
			"_id": "AmmoMag0Vest149041",
			"_tpl": "5d6e6a53a4b9361bd473feec",
			"parentId": "mag0Vest398092",
			"slotId": "cartridges",
			"upd": {
				"StackObjectsCount": 5
			}
		},
		{
			"_id": "mag0Vest821037",
			"_tpl": "5c6161fb2e221600113fbde5",
			"parentId": "TacticalVest820585",
			"slotId": "1",
			"location": {
				"x": 0,
				"y": 1,
				"r": "Horizontal"
			}
		},
		{
			"_id": "AmmoMag0Vest586702",
			"_tpl": "5d6e6a5fa4b93614ec501745",
			"parentId": "mag0Vest821037",
			"slotId": "cartridges",
			"upd": {
				"StackObjectsCount": 5
			}
		},
		{
			"_id": "mag1Vest176090",
			"_tpl": "5c6161fb2e221600113fbde5",
			"parentId": "TacticalVest820585",
			"slotId": "3",
			"location": {
				"x": 0,
				"y": 1,
				"r": "Horizontal"
			}
		},
		{
			"_id": "AmmoMag1Vest455789",
			"_tpl": "5d6e6a53a4b9361bd473feec",
			"parentId": "mag1Vest176090",
			"slotId": "cartridges",
			"upd": {
				"StackObjectsCount": 5
			}
		},
		{
			"_id": "mag2Vest752737",
			"_tpl": "5c6161fb2e221600113fbde5",
			"parentId": "TacticalVest820585",
			"slotId": "10",
			"location": {
				"x": 0,
				"y": 1,
				"r": "Horizontal"
			}
		},
		{
			"_id": "AmmoMag2Vest383762",
			"_tpl": "5a38ebd9c4a282000d722a5b",
			"parentId": "mag2Vest752737",
			"slotId": "cartridges",
			"upd": {
				"StackObjectsCount": 5
			}
		},
		{
			"_id": "Scabbard682743",
			"_tpl": "57e26ea924597715ca604a09",
			"parentId": "5c6687d65e9d882c8841f0fd",
			"slotId": "Scabbard"
		},
		{
			"_id": "Headwear352421",
			"_tpl": "5aa2b89be5b5b0001569311f",
			"parentId": "5c6687d65e9d882c8841f0fd",
			"slotId": "Headwear"
		},
		{
			"_id": "Eyewear384766",
			"_tpl": "5d6d2e22a4b9361bd5780d05",
			"parentId": "5c6687d65e9d882c8841f0fd",
			"slotId": "Eyewear"
		},
		{
			"_id": "FaceCover703025",
			"_tpl": "5e54f76986f7740366043752",
			"parentId": "5c6687d65e9d882c8841f0fd",
			"slotId": "FaceCover"
		},
		{
			"_id": "ArmorVest635084",
			"_tpl": "5ab8e4ed86f7742d8e50c7fa",
			"parentId": "5c6687d65e9d882c8841f0fd",
			"slotId": "ArmorVest",
			"upd": {
				"Repairable": {
					"MaxDurability": 45,
					"Durability": 20
				}
			}
		},
		{
			"_id": "Pocket_29183",
			"_tpl": "59e3577886f774176a362503",
			"parentId": "5c6687d65e9d882c8841f121",
			"slotId": "pocket1",
			"location": {
				"x": 0,
				"y": 0,
				"r": "Horizontal"
			},
			"upd": {
				"SpawnedInSession": true
			}
		}
	],
	"equipment": "5c6687d65e9d882c8841f0fd",
	"stash": "5c6687d65e9d882c8841f0fc",
	"questRaidItems": "5c6687d65e9d882c8841f0fe",
	"questStashItems": "5c6687d65e9d882c8841f0ff",
	"fastPanel": {}
}