{
	"items": [
		{
			"_id": "5c6687d65e9d882c8841f0fd",
			"_tpl": "55d7217a4bdc2d86028b456d"
		},
		{
			"_id": "5c6687d65e9d882c8841f121",
			"_tpl": "557ffd194bdc2d28148b457f",
			"parentId": "5c6687d65e9d882c8841f0fd",
			"slotId": "Pockets"
		},
		{
			"_id": "5c6687d65e9d882c8841f0fc",
			"_tpl": "566abbc34bdc2d92178b4576"
		},
		{
			"_id": "5c6687d65e9d882c8841f0ff",
			"_tpl": "5963866b86f7747bfa1c4462"
		},
		{
			"_id": "5c6687d65e9d882c8841f0fe",
			"_tpl": "5963866286f7747bf429b572"
		},
		{
			"_id": "TacticalVest827478",
			"_tpl": "5929a2a086f7744f4b234d43",
			"parentId": "5c6687d65e9d882c8841f0fd",
			"slotId": "TacticalVest"
		},
		{
			"_id": "I21001757668557060Bjv1eC",
			"_tpl": "571a12c42459771f627b58a0",
			"parentId": "5c6687d65e9d882c8841f0fd",
			"slotId": "Holster"
		},
		{
			"_id": "I21001752545861522Hrs7bx",
			"_tpl": "571a26d524597720680fbe8a",
			"parentId": "I21001757668557060Bjv1eC",
			"slotId": "mod_barrel"
		},
		{
			"_id": "I21001756958578917Q4Swdx",
			"_tpl": "571a282c2459771fb2755a69",
			"parentId": "I21001757668557060Bjv1eC",
			"slotId": "mod_pistol_grip"
		},
		{
			"_id": "AmmoMag155091",
			"_tpl": "573601b42459776410737435",
			"parentId": "I21001752964453656ilQvg2",
			"slotId": "cartridges",
			"upd": {
				"StackObjectsCount": 8
			}
		},
		{
			"_id": "I21001752964453656ilQvg2",
			"_tpl": "571a29dc2459771fb2755a6a",
			"parentId": "I21001757668557060Bjv1eC",
			"slotId": "mod_magazine"
		},
		{
			"_id": "FuckYouUnlimitedAmmo845480",
			"_tpl": "5857a8bc2459772bad15db29",
			"parentId": "5c6687d65e9d882c8841f0fd",
			"slotId": "SecuredContainer"
		},
		{
			"_id": "iHateThatShit228383",
			"_tpl": "5735fdcd2459776445391d61",
			"parentId": "FuckYouUnlimitedAmmo845480",
			"slotId": "main",
			"upd": {
				"StackObjectsCount": 60
			}
		},
		{
			"_id": "iHateThatShit685501",
			"_tpl": "573603c924597764442bd9cb",
			"parentId": "FuckYouUnlimitedAmmo845480",
			"slotId": "main",
			"upd": {
				"StackObjectsCount": 60
			}
		},
		{
			"_id": "iHateThatShit352153",
			"_tpl": "573603562459776430731618",
			"parentId": "FuckYouUnlimitedAmmo845480",
			"slotId": "main",
			"upd": {
				"StackObjectsCount": 60
			}
		},
		{
			"_id": "iHateThatShit540671",
			"_tpl": "573601b42459776410737435",
			"parentId": "FuckYouUnlimitedAmmo845480",
			"slotId": "main",
			"upd": {
				"StackObjectsCount": 60
			}
		},
		{
			"_id": "iHateThatShit926365",
			"_tpl": "5735ff5c245977640e39ba7e",
			"parentId": "FuckYouUnlimitedAmmo845480",
			"slotId": "main",
			"upd": {
				"StackObjectsCount": 60
			}
		},
		{
			"_id": "iHateThatShit223422",
			"_tpl": "5735fdcd2459776445391d61",
			"parentId": "FuckYouUnlimitedAmmo845480",
			"slotId": "main",
			"upd": {
				"StackObjectsCount": 60
			}
		},
		{
			"_id": "iHateThatShit638165",
			"_tpl": "5736026a245977644601dc61",
			"parentId": "FuckYouUnlimitedAmmo845480",
			"slotId": "main",
			"upd": {
				"StackObjectsCount": 60
			}
		},
		{
			"_id": "iHateThatShit943146",
			"_tpl": "573603c924597764442bd9cb",
			"parentId": "FuckYouUnlimitedAmmo845480",
			"slotId": "main",
			"upd": {
				"StackObjectsCount": 60
			}
		},
		{
			"_id": "iHateThatShit141112",
			"_tpl": "5736026a245977644601dc61",
			"parentId": "FuckYouUnlimitedAmmo845480",
			"slotId": "main",
			"upd": {
				"StackObjectsCount": 60
			}
		},
		{
			"_id": "magP0Vest18302",
			"_tpl": "571a29dc2459771fb2755a6a",
			"parentId": "TacticalVest827478",
			"slotId": "3",
			"location": {
				"x": 0,
				"y": 1,
				"r": "Horizontal"
			}
		},
		{
			"_id": "AmmoMagPVest528003",
			"_tpl": "573603c924597764442bd9cb",
			"parentId": "magP0Vest18302",
			"slotId": "cartridges",
			"upd": {
				"StackObjectsCount": 8
			}
		},
		{
			"_id": "magP1Vest49678",
			"_tpl": "571a29dc2459771fb2755a6a",
			"parentId": "TacticalVest827478",
			"slotId": "5",
			"location": {
				"x": 0,
				"y": 0,
				"r": "Horizontal"
			}
		},
		{
			"_id": "AmmoMagPVest300776",
			"_tpl": "573603c924597764442bd9cb",
			"parentId": "magP1Vest49678",
			"slotId": "cartridges",
			"upd": {
				"StackObjectsCount": 8
			}
		},
		{
			"_id": "Scabbard162592",
			"_tpl": "57e26ea924597715ca604a09",
			"parentId": "5c6687d65e9d882c8841f0fd",
			"slotId": "Scabbard"
		},
		{
			"_id": "Headwear975972",
			"_tpl": "5a43957686f7742a2c2f11b0",
			"parentId": "5c6687d65e9d882c8841f0fd",
			"slotId": "Headwear"
		},
		{
			"_id": "FaceCover13617",
			"_tpl": "5ab8f4ff86f77431c60d91ba",
			"parentId": "5c6687d65e9d882c8841f0fd",
			"slotId": "FaceCover"
		}
	],
	"equipment": "5c6687d65e9d882c8841f0fd",
	"stash": "5c6687d65e9d882c8841f0fc",
	"questRaidItems": "5c6687d65e9d882c8841f0fe",
	"questStashItems": "5c6687d65e9d882c8841f0ff",
	"fastPanel": {}
}