{
	"items": [
		{
			"_id": "5c6687d65e9d882c8841f0fd",
			"_tpl": "55d7217a4bdc2d86028b456d"
		},
		{
			"_id": "5c6687d65e9d882c8841f121",
			"_tpl": "557ffd194bdc2d28148b457f",
			"parentId": "5c6687d65e9d882c8841f0fd",
			"slotId": "Pockets"
		},
		{
			"_id": "5c6687d65e9d882c8841f0fc",
			"_tpl": "566abbc34bdc2d92178b4576"
		},
		{
			"_id": "5c6687d65e9d882c8841f0ff",
			"_tpl": "5963866b86f7747bfa1c4462"
		},
		{
			"_id": "5c6687d65e9d882c8841f0fe",
			"_tpl": "5963866286f7747bf429b572"
		},
		{
			"_id": "TacticalVest57972",
			"_tpl": "5c0e3eb886f7742015526062",
			"parentId": "5c6687d65e9d882c8841f0fd",
			"slotId": "TacticalVest"
		},
		{
			"_id": "I33102615285729805BpeH3v",
			"_tpl": "59ff346386f77477562ff5e2",
			"parentId": "5c6687d65e9d882c8841f0fd",
			"slotId": "FirstPrimaryWeapon"
		},
		{
			"_id": "I33102612029700293jgeopH",
			"_tpl": "59d64ec286f774171d1e0a42",
			"parentId": "I33102615285729805BpeH3v",
			"slotId": "mod_gas_block"
		},
		{
			"_id": "I33102613216251959atPONU",
			"_tpl": "59d64fc686f774171b243fe2",
			"parentId": "I33102615285729805BpeH3v",
			"slotId": "mod_muzzle"
		},
		{
			"_id": "I33102619298099733yDQTWu",
			"_tpl": "5a0071d486f77404e23a12b2",
			"parentId": "I33102615285729805BpeH3v",
			"slotId": "mod_pistol_grip_akms"
		},
		{
			"_id": "I33102611315670875BhG3QD",
			"_tpl": "59d650cf86f7741b846413a4",
			"parentId": "I33102615285729805BpeH3v",
			"slotId": "mod_sight_rear",
			"upd": {
				"Sight": {
					"SelectedSightMode": 0
				}
			}
		},
		{
			"_id": "I331026189567065448JdFpI",
			"_tpl": "59ff3b6a86f77477562ff5ed",
			"parentId": "I33102615285729805BpeH3v",
			"slotId": "mod_stock_akms"
		},
		{
			"_id": "MagazineWeaponScav2641",
			"_tpl": "59e5d83b86f7745aed03d262",
			"parentId": "I33102615285729805BpeH3v",
			"slotId": "mod_magazine"
		},
		{
			"_id": "AmmoMag15372",
			"_tpl": "59e4cf5286f7741778269d8a",
			"parentId": "MagazineWeaponScav2641",
			"slotId": "cartridges",
			"upd": {
				"StackObjectsCount": 10
			}
		},
		{
			"_id": "I33102618101010194Kc0nC5",
			"_tpl": "59d64f2f86f77417193ef8b3",
			"parentId": "I33102612029700293jgeopH",
			"slotId": "mod_handguard"
		},
		{
			"_id": "FuckYouUnlimitedAmmo630782",
			"_tpl": "5857a8bc2459772bad15db29",
			"parentId": "5c6687d65e9d882c8841f0fd",
			"slotId": "SecuredContainer"
		},
		{
			"_id": "iHateThatShit532150",
			"_tpl": "5656d7c34bdc2d9d198b4587",
			"parentId": "FuckYouUnlimitedAmmo630782",
			"slotId": "main",
			"upd": {
				"StackObjectsCount": 60
			}
		},
		{
			"_id": "iHateThatShit994119",
			"_tpl": "59e4d3d286f774176a36250a",
			"parentId": "FuckYouUnlimitedAmmo630782",
			"slotId": "main",
			"upd": {
				"StackObjectsCount": 60
			}
		},
		{
			"_id": "iHateThatShit758570",
			"_tpl": "59e4d3d286f774176a36250a",
			"parentId": "FuckYouUnlimitedAmmo630782",
			"slotId": "main",
			"upd": {
				"StackObjectsCount": 60
			}
		},
		{
			"_id": "iHateThatShit834089",
			"_tpl": "5656d7c34bdc2d9d198b4587",
			"parentId": "FuckYouUnlimitedAmmo630782",
			"slotId": "main",
			"upd": {
				"StackObjectsCount": 60
			}
		},
		{
			"_id": "iHateThatShit327656",
			"_tpl": "59e4cf5286f7741778269d8a",
			"parentId": "FuckYouUnlimitedAmmo630782",
			"slotId": "main",
			"upd": {
				"StackObjectsCount": 60
			}
		},
		{
			"_id": "iHateThatShit882964",
			"_tpl": "59e4d3d286f774176a36250a",
			"parentId": "FuckYouUnlimitedAmmo630782",
			"slotId": "main",
			"upd": {
				"StackObjectsCount": 60
			}
		},
		{
			"_id": "iHateThatShit784287",
			"_tpl": "59e4d24686f7741776641ac7",
			"parentId": "FuckYouUnlimitedAmmo630782",
			"slotId": "main",
			"upd": {
				"StackObjectsCount": 60
			}
		},
		{
			"_id": "iHateThatShit537961",
			"_tpl": "59e4d3d286f774176a36250a",
			"parentId": "FuckYouUnlimitedAmmo630782",
			"slotId": "main",
			"upd": {
				"StackObjectsCount": 60
			}
		},
		{
			"_id": "iHateThatShit720170",
			"_tpl": "5656d7c34bdc2d9d198b4587",
			"parentId": "FuckYouUnlimitedAmmo630782",
			"slotId": "main",
			"upd": {
				"StackObjectsCount": 60
			}
		},
		{
			"_id": "mag0Vest139809",
			"_tpl": "59e5d83b86f7745aed03d262",
			"parentId": "TacticalVest57972",
			"slotId": "1",
			"location": {
				"x": 0,
				"y": 0,
				"r": "Horizontal"
			}
		},
		{
			"_id": "AmmoMag0Vest610051",
			"_tpl": "5656d7c34bdc2d9d198b4587",
			"parentId": "mag0Vest139809",
			"slotId": "cartridges",
			"upd": {
				"StackObjectsCount": 10
			}
		},
		{
			"_id": "mag2Vest662274",
			"_tpl": "59e5d83b86f7745aed03d262",
			"parentId": "TacticalVest57972",
			"slotId": "4",
			"location": {
				"x": 0,
				"y": 0,
				"r": "Horizontal"
			}
		},
		{
			"_id": "AmmoMag2Vest6493",
			"_tpl": "5656d7c34bdc2d9d198b4587",
			"parentId": "mag2Vest662274",
			"slotId": "cartridges",
			"upd": {
				"StackObjectsCount": 10
			}
		},
		{
			"_id": "mag2Vest532654",
			"_tpl": "59e5d83b86f7745aed03d262",
			"parentId": "TacticalVest57972",
			"slotId": "4",
			"location": {
				"x": 0,
				"y": 1,
				"r": "Horizontal"
			}
		},
		{
			"_id": "AmmoMag2Vest73493",
			"_tpl": "5656d7c34bdc2d9d198b4587",
			"parentId": "mag2Vest532654",
			"slotId": "cartridges",
			"upd": {
				"StackObjectsCount": 10
			}
		},
		{
			"_id": "Scabbard878296",
			"_tpl": "54491bb74bdc2d09088b4567",
			"parentId": "5c6687d65e9d882c8841f0fd",
			"slotId": "Scabbard"
		},
		{
			"_id": "Headwear545928",
			"_tpl": "5b40e61f5acfc4001a599bec",
			"parentId": "5c6687d65e9d882c8841f0fd",
			"slotId": "Headwear"
		},
		{
			"_id": "FaceCover538639",
			"_tpl": "5bd0716d86f774171822ef4b",
			"parentId": "5c6687d65e9d882c8841f0fd",
			"slotId": "FaceCover"
		},
		{
			"_id": "Backpack995931",
			"_tpl": "544a5cde4bdc2d39388b456b",
			"parentId": "5c6687d65e9d882c8841f0fd",
			"slotId": "Backpack"
		},
		{
			"_id": "BP_Backpack995931_290619",
			"_tpl": "59faff1d86f7746c51718c9c",
			"parentId": "Backpack995931",
			"slotId": "main",
			"location": {
				"x": 0,
				"y": 0,
				"r": "Horizontal"
			}
		},
		{
			"_id": "BP_Backpack995931_352416",
			"_tpl": "5a13f46386f7741dd7384b04",
			"parentId": "Backpack995931",
			"slotId": "main",
			"location": {
				"x": 0,
				"y": 1,
				"r": "Horizontal"
			}
		},
		{
			"_id": "BP_Backpack995931_568943",
			"_tpl": "5d1b317c86f7742523398392",
			"parentId": "Backpack995931",
			"slotId": "main",
			"location": {
				"x": 0,
				"y": 2,
				"r": "Horizontal"
			}
		},
		{
			"_id": "BP_Backpack995931_324044",
			"_tpl": "5e2af22086f7746d3f3c33fa",
			"parentId": "Backpack995931",
			"slotId": "main",
			"location": {
				"x": 1,
				"y": 0,
				"r": "Horizontal"
			}
		},
		{
			"_id": "BP_Backpack995931_501846",
			"_tpl": "56742c2e4bdc2d95058b456d",
			"parentId": "Backpack995931",
			"slotId": "main",
			"location": {
				"x": 1,
				"y": 1,
				"r": "Horizontal"
			}
		},
		{
			"_id": "BP_Backpack995931_853166",
			"_tpl": "59e3596386f774176c10a2a2",
			"parentId": "Backpack995931",
			"slotId": "main",
			"location": {
				"x": 2,
				"y": 0,
				"r": "Horizontal"
			}
		},
		{
			"_id": "BP_Backpack995931_734572",
			"_tpl": "5d1b39a386f774252339976f",
			"parentId": "Backpack995931",
			"slotId": "main",
			"location": {
				"x": 3,
				"y": 0,
				"r": "Horizontal"
			}
		},
		{
			"_id": "BP_Backpack995931_217425",
			"_tpl": "59e3556c86f7741776641ac2",
			"parentId": "Backpack995931",
			"slotId": "main",
			"location": {
				"x": 3,
				"y": 1,
				"r": "Horizontal"
			}
		},
		{
			"_id": "ArmorVest589228",
			"_tpl": "5c0e5edb86f77461f55ed1f7",
			"parentId": "5c6687d65e9d882c8841f0fd",
			"slotId": "ArmorVest",
			"upd": {
				"Repairable": {
					"MaxDurability": 50,
					"Durability": 0
				}
			}
		}
	],
	"equipment": "5c6687d65e9d882c8841f0fd",
	"stash": "5c6687d65e9d882c8841f0fc",
	"questRaidItems": "5c6687d65e9d882c8841f0fe",
	"questStashItems": "5c6687d65e9d882c8841f0ff",
	"fastPanel": {}
}