{
	"items": [
		{
			"_id": "5c6687d65e9d882c8841f0fd",
			"_tpl": "55d7217a4bdc2d86028b456d"
		},
		{
			"_id": "5c6687d65e9d882c8841f121",
			"_tpl": "557ffd194bdc2d28148b457f",
			"parentId": "5c6687d65e9d882c8841f0fd",
			"slotId": "Pockets"
		},
		{
			"_id": "5c6687d65e9d882c8841f0fc",
			"_tpl": "566abbc34bdc2d92178b4576"
		},
		{
			"_id": "5c6687d65e9d882c8841f0ff",
			"_tpl": "5963866b86f7747bfa1c4462"
		},
		{
			"_id": "5c6687d65e9d882c8841f0fe",
			"_tpl": "5963866286f7747bf429b572"
		},
		{
			"_id": "TacticalVest249043",
			"_tpl": "5648a69d4bdc2ded0b8b457b",
			"parentId": "5c6687d65e9d882c8841f0fd",
			"slotId": "TacticalVest"
		},
		{
			"_id": "I210016569131659520n9LxH",
			"_tpl": "576a581d2459771e7b1bc4f1",
			"parentId": "5c6687d65e9d882c8841f0fd",
			"slotId": "Holster"
		},
		{
			"_id": "AmmoMag14224",
			"_tpl": "58864a4f2459770fcc257101",
			"parentId": "I2100165644840754536SMMb",
			"slotId": "cartridges",
			"upd": {
				"StackObjectsCount": 18
			}
		},
		{
			"_id": "I2100165644840754536SMMb",
			"_tpl": "576a5ed62459771e9c2096cb",
			"parentId": "I210016569131659520n9LxH",
			"slotId": "mod_magazine"
		},
		{
			"_id": "I210016562931727377Quekg",
			"_tpl": "576a63cd2459771e796e0e11",
			"parentId": "I210016569131659520n9LxH",
			"slotId": "mod_pistol_grip"
		},
		{
			"_id": "FuckYouUnlimitedAmmo654359",
			"_tpl": "5857a8bc2459772bad15db29",
			"parentId": "5c6687d65e9d882c8841f0fd",
			"slotId": "SecuredContainer"
		},
		{
			"_id": "iHateThatShit876002",
			"_tpl": "58864a4f2459770fcc257101",
			"parentId": "FuckYouUnlimitedAmmo654359",
			"slotId": "main",
			"upd": {
				"StackObjectsCount": 60
			}
		},
		{
			"_id": "iHateThatShit150643",
			"_tpl": "58864a4f2459770fcc257101",
			"parentId": "FuckYouUnlimitedAmmo654359",
			"slotId": "main",
			"upd": {
				"StackObjectsCount": 60
			}
		},
		{
			"_id": "iHateThatShit599741",
			"_tpl": "5a3c16fe86f77452b62de32a",
			"parentId": "FuckYouUnlimitedAmmo654359",
			"slotId": "main",
			"upd": {
				"StackObjectsCount": 60
			}
		},
		{
			"_id": "iHateThatShit168429",
			"_tpl": "5a3c16fe86f77452b62de32a",
			"parentId": "FuckYouUnlimitedAmmo654359",
			"slotId": "main",
			"upd": {
				"StackObjectsCount": 60
			}
		},
		{
			"_id": "iHateThatShit193459",
			"_tpl": "56d59d3ad2720bdb418b4577",
			"parentId": "FuckYouUnlimitedAmmo654359",
			"slotId": "main",
			"upd": {
				"StackObjectsCount": 60
			}
		},
		{
			"_id": "iHateThatShit616475",
			"_tpl": "56d59d3ad2720bdb418b4577",
			"parentId": "FuckYouUnlimitedAmmo654359",
			"slotId": "main",
			"upd": {
				"StackObjectsCount": 60
			}
		},
		{
			"_id": "iHateThatShit817524",
			"_tpl": "58864a4f2459770fcc257101",
			"parentId": "FuckYouUnlimitedAmmo654359",
			"slotId": "main",
			"upd": {
				"StackObjectsCount": 60
			}
		},
		{
			"_id": "iHateThatShit820319",
			"_tpl": "5c3df7d588a4501f290594e5",
			"parentId": "FuckYouUnlimitedAmmo654359",
			"slotId": "main",
			"upd": {
				"StackObjectsCount": 60
			}
		},
		{
			"_id": "iHateThatShit571403",
			"_tpl": "56d59d3ad2720bdb418b4577",
			"parentId": "FuckYouUnlimitedAmmo654359",
			"slotId": "main",
			"upd": {
				"StackObjectsCount": 60
			}
		},
		{
			"_id": "magP0Vest15279",
			"_tpl": "576a5ed62459771e9c2096cb",
			"parentId": "TacticalVest249043",
			"slotId": "1",
			"location": {
				"x": 0,
				"y": 1,
				"r": "Horizontal"
			}
		},
		{
			"_id": "AmmoMagPVest694125",
			"_tpl": "5c3df7d588a4501f290594e5",
			"parentId": "magP0Vest15279",
			"slotId": "cartridges",
			"upd": {
				"StackObjectsCount": 18
			}
		},
		{
			"_id": "magP1Vest34667",
			"_tpl": "576a5ed62459771e9c2096cb",
			"parentId": "TacticalVest249043",
			"slotId": "3",
			"location": {
				"x": 0,
				"y": 0,
				"r": "Horizontal"
			}
		},
		{
			"_id": "AmmoMagPVest930752",
			"_tpl": "5c0d56a986f774449d5de529",
			"parentId": "magP1Vest34667",
			"slotId": "cartridges",
			"upd": {
				"StackObjectsCount": 18
			}
		},
		{
			"_id": "magP1Vest54383",
			"_tpl": "576a5ed62459771e9c2096cb",
			"parentId": "TacticalVest249043",
			"slotId": "3",
			"location": {
				"x": 0,
				"y": 1,
				"r": "Horizontal"
			}
		},
		{
			"_id": "AmmoMagPVest562868",
			"_tpl": "56d59d3ad2720bdb418b4577",
			"parentId": "magP1Vest54383",
			"slotId": "cartridges",
			"upd": {
				"StackObjectsCount": 18
			}
		},
		{
			"_id": "magP2Vest16881",
			"_tpl": "576a5ed62459771e9c2096cb",
			"parentId": "TacticalVest249043",
			"slotId": "10",
			"location": {
				"x": 0,
				"y": 0,
				"r": "Horizontal"
			}
		},
		{
			"_id": "AmmoMagPVest824790",
			"_tpl": "5c0d56a986f774449d5de529",
			"parentId": "magP2Vest16881",
			"slotId": "cartridges",
			"upd": {
				"StackObjectsCount": 18
			}
		},
		{
			"_id": "Scabbard33106",
			"_tpl": "57e26fc7245977162a14b800",
			"parentId": "5c6687d65e9d882c8841f0fd",
			"slotId": "Scabbard"
		},
		{
			"_id": "Headwear47400",
			"_tpl": "572b7fa124597762b472f9d2",
			"parentId": "5c6687d65e9d882c8841f0fd",
			"slotId": "Headwear"
		},
		{
			"_id": "Eyewear240523",
			"_tpl": "5d6d2ef3a4b93618084f58bd",
			"parentId": "5c6687d65e9d882c8841f0fd",
			"slotId": "Eyewear"
		}
	],
	"equipment": "5c6687d65e9d882c8841f0fd",
	"stash": "5c6687d65e9d882c8841f0fc",
	"questRaidItems": "5c6687d65e9d882c8841f0fe",
	"questStashItems": "5c6687d65e9d882c8841f0ff",
	"fastPanel": {}
}