{
	"items": [
		{
			"_id": "5c6687d65e9d882c8841f0fd",
			"_tpl": "55d7217a4bdc2d86028b456d"
		},
		{
			"_id": "5c6687d65e9d882c8841f121",
			"_tpl": "557ffd194bdc2d28148b457f",
			"parentId": "5c6687d65e9d882c8841f0fd",
			"slotId": "Pockets"
		},
		{
			"_id": "5c6687d65e9d882c8841f0fc",
			"_tpl": "566abbc34bdc2d92178b4576"
		},
		{
			"_id": "5c6687d65e9d882c8841f0ff",
			"_tpl": "5963866b86f7747bfa1c4462"
		},
		{
			"_id": "5c6687d65e9d882c8841f0fe",
			"_tpl": "5963866286f7747bf429b572"
		},
		{
			"_id": "TacticalVest585058",
			"_tpl": "5648a69d4bdc2ded0b8b457b",
			"parentId": "5c6687d65e9d882c8841f0fd",
			"slotId": "TacticalVest"
		},
		{
			"_id": "I210016101782840201FfSza",
			"_tpl": "5448bd6b4bdc2dfc2f8b4569",
			"parentId": "5c6687d65e9d882c8841f0fd",
			"slotId": "Holster"
		},
		{
			"_id": "AmmoMag129010",
			"_tpl": "573719762459775a626ccbc1",
			"parentId": "I210016108228972218lshfS",
			"slotId": "cartridges",
			"upd": {
				"StackObjectsCount": 8
			}
		},
		{
			"_id": "I210016108228972218lshfS",
			"_tpl": "5448c12b4bdc2d02308b456f",
			"parentId": "I210016101782840201FfSza",
			"slotId": "mod_magazine"
		},
		{
			"_id": "FuckYouUnlimitedAmmo939564",
			"_tpl": "5857a8bc2459772bad15db29",
			"parentId": "5c6687d65e9d882c8841f0fd",
			"slotId": "SecuredContainer"
		},
		{
			"_id": "iHateThatShit212926",
			"_tpl": "57371f8d24597761006c6a81",
			"parentId": "FuckYouUnlimitedAmmo939564",
			"slotId": "main",
			"upd": {
				"StackObjectsCount": 60
			}
		},
		{
			"_id": "iHateThatShit388832",
			"_tpl": "57371eb62459776125652ac1",
			"parentId": "FuckYouUnlimitedAmmo939564",
			"slotId": "main",
			"upd": {
				"StackObjectsCount": 60
			}
		},
		{
			"_id": "iHateThatShit590275",
			"_tpl": "5737218f245977612125ba51",
			"parentId": "FuckYouUnlimitedAmmo939564",
			"slotId": "main",
			"upd": {
				"StackObjectsCount": 60
			}
		},
		{
			"_id": "iHateThatShit420",
			"_tpl": "5737201124597760fc4431f1",
			"parentId": "FuckYouUnlimitedAmmo939564",
			"slotId": "main",
			"upd": {
				"StackObjectsCount": 60
			}
		},
		{
			"_id": "iHateThatShit604472",
			"_tpl": "5737218f245977612125ba51",
			"parentId": "FuckYouUnlimitedAmmo939564",
			"slotId": "main",
			"upd": {
				"StackObjectsCount": 60
			}
		},
		{
			"_id": "iHateThatShit261595",
			"_tpl": "57371b192459775a9f58a5e0",
			"parentId": "FuckYouUnlimitedAmmo939564",
			"slotId": "main",
			"upd": {
				"StackObjectsCount": 60
			}
		},
		{
			"_id": "iHateThatShit496912",
			"_tpl": "57372140245977611f70ee91",
			"parentId": "FuckYouUnlimitedAmmo939564",
			"slotId": "main",
			"upd": {
				"StackObjectsCount": 60
			}
		},
		{
			"_id": "iHateThatShit561218",
			"_tpl": "57371f8d24597761006c6a81",
			"parentId": "FuckYouUnlimitedAmmo939564",
			"slotId": "main",
			"upd": {
				"StackObjectsCount": 60
			}
		},
		{
			"_id": "iHateThatShit716673",
			"_tpl": "5737207f24597760ff7b25f2",
			"parentId": "FuckYouUnlimitedAmmo939564",
			"slotId": "main",
			"upd": {
				"StackObjectsCount": 60
			}
		},
		{
			"_id": "magP0Vest84776",
			"_tpl": "5448c12b4bdc2d02308b456f",
			"parentId": "TacticalVest585058",
			"slotId": "1",
			"location": {
				"x": 0,
				"y": 1,
				"r": "Horizontal"
			}
		},
		{
			"_id": "AmmoMagPVest148871",
			"_tpl": "57371eb62459776125652ac1",
			"parentId": "magP0Vest84776",
			"slotId": "cartridges",
			"upd": {
				"StackObjectsCount": 8
			}
		},
		{
			"_id": "magP1Vest7759",
			"_tpl": "5448c12b4bdc2d02308b456f",
			"parentId": "TacticalVest585058",
			"slotId": "3",
			"location": {
				"x": 0,
				"y": 0,
				"r": "Horizontal"
			}
		},
		{
			"_id": "AmmoMagPVest204784",
			"_tpl": "57371f8d24597761006c6a81",
			"parentId": "magP1Vest7759",
			"slotId": "cartridges",
			"upd": {
				"StackObjectsCount": 8
			}
		},
		{
			"_id": "magP2Vest27355",
			"_tpl": "5448c12b4bdc2d02308b456f",
			"parentId": "TacticalVest585058",
			"slotId": "10",
			"location": {
				"x": 0,
				"y": 0,
				"r": "Horizontal"
			}
		},
		{
			"_id": "AmmoMagPVest865553",
			"_tpl": "573720e02459776143012541",
			"parentId": "magP2Vest27355",
			"slotId": "cartridges",
			"upd": {
				"StackObjectsCount": 8
			}
		},
		{
			"_id": "magP2Vest94281",
			"_tpl": "5448c12b4bdc2d02308b456f",
			"parentId": "TacticalVest585058",
			"slotId": "10",
			"location": {
				"x": 0,
				"y": 1,
				"r": "Horizontal"
			}
		},
		{
			"_id": "AmmoMagPVest313393",
			"_tpl": "5737218f245977612125ba51",
			"parentId": "magP2Vest94281",
			"slotId": "cartridges",
			"upd": {
				"StackObjectsCount": 8
			}
		},
		{
			"_id": "Scabbard220146",
			"_tpl": "5bffdc370db834001d23eca8",
			"parentId": "5c6687d65e9d882c8841f0fd",
			"slotId": "Scabbard"
		},
		{
			"_id": "Headwear946763",
			"_tpl": "5df8a58286f77412631087ed",
			"parentId": "5c6687d65e9d882c8841f0fd",
			"slotId": "Headwear"
		},
		{
			"_id": "FaceCover888170",
			"_tpl": "5bd06f5d86f77427101ad47c",
			"parentId": "5c6687d65e9d882c8841f0fd",
			"slotId": "FaceCover"
		},
		{
			"_id": "Pocket_898035",
			"_tpl": "5d8e15b686f774445103b190",
			"parentId": "5c6687d65e9d882c8841f121",
			"slotId": "pocket1",
			"location": {
				"x": 0,
				"y": 0,
				"r": "Horizontal"
			},
			"upd": {
				"SpawnedInSession": true
			}
		}
	],
	"equipment": "5c6687d65e9d882c8841f0fd",
	"stash": "5c6687d65e9d882c8841f0fc",
	"questRaidItems": "5c6687d65e9d882c8841f0fe",
	"questStashItems": "5c6687d65e9d882c8841f0ff",
	"fastPanel": {}
}