{
	"items": [
		{
			"_id": "5c6687d65e9d882c8841f0fd",
			"_tpl": "55d7217a4bdc2d86028b456d"
		},
		{
			"_id": "5c6687d65e9d882c8841f121",
			"_tpl": "557ffd194bdc2d28148b457f",
			"parentId": "5c6687d65e9d882c8841f0fd",
			"slotId": "Pockets"
		},
		{
			"_id": "5c6687d65e9d882c8841f0fc",
			"_tpl": "566abbc34bdc2d92178b4576"
		},
		{
			"_id": "5c6687d65e9d882c8841f0ff",
			"_tpl": "5963866b86f7747bfa1c4462"
		},
		{
			"_id": "5c6687d65e9d882c8841f0fe",
			"_tpl": "5963866286f7747bf429b572"
		},
		{
			"_id": "TacticalVest147297",
			"_tpl": "5d5d8ca986f7742798716522",
			"parentId": "5c6687d65e9d882c8841f0fd",
			"slotId": "TacticalVest"
		},
		{
			"_id": "I331037163568947561Z5pKB",
			"_tpl": "576165642459773c7a400233",
			"parentId": "5c6687d65e9d882c8841f0fd",
			"slotId": "FirstPrimaryWeapon"
		},
		{
			"_id": "I331037162091689334L8G55",
			"_tpl": "576169e62459773c69055191",
			"parentId": "I331037163568947561Z5pKB",
			"slotId": "mod_handguard"
		},
		{
			"_id": "I331037165052224995liavV",
			"_tpl": "576167ab2459773cad038c43",
			"parentId": "I331037163568947561Z5pKB",
			"slotId": "mod_muzzle"
		},
		{
			"_id": "I331037164580977493gNxor",
			"_tpl": "5649ade84bdc2d1b2b8b4587",
			"parentId": "I331037163568947561Z5pKB",
			"slotId": "mod_pistol_grip"
		},
		{
			"_id": "I331037167619856716yRLcU",
			"_tpl": "57616c112459773cce774d66",
			"parentId": "I331037163568947561Z5pKB",
			"slotId": "mod_reciever"
		},
		{
			"_id": "I331037163584289525Fno7G",
			"_tpl": "57a9b9ce2459770ee926038d",
			"parentId": "I331037163568947561Z5pKB",
			"slotId": "mod_sight_rear",
			"upd": {
				"Sight": {
					"SelectedSightMode": 0
				}
			}
		},
		{
			"_id": "MagazineWeaponScav1261",
			"_tpl": "57616a9e2459773c7a400234",
			"parentId": "I331037163568947561Z5pKB",
			"slotId": "mod_magazine"
		},
		{
			"_id": "AmmoMag15252",
			"_tpl": "5c0d591486f7744c505b416f",
			"parentId": "MagazineWeaponScav1261",
			"slotId": "cartridges",
			"upd": {
				"StackObjectsCount": 5
			}
		},
		{
			"_id": "FuckYouUnlimitedAmmo161364",
			"_tpl": "5857a8bc2459772bad15db29",
			"parentId": "5c6687d65e9d882c8841f0fd",
			"slotId": "SecuredContainer"
		},
		{
			"_id": "iHateThatShit583954",
			"_tpl": "5d6e6806a4b936088465b17e",
			"parentId": "FuckYouUnlimitedAmmo161364",
			"slotId": "main",
			"upd": {
				"StackObjectsCount": 60
			}
		},
		{
			"_id": "iHateThatShit342303",
			"_tpl": "5d6fbf68a4b9362233221f6b",
			"parentId": "FuckYouUnlimitedAmmo161364",
			"slotId": "main",
			"upd": {
				"StackObjectsCount": 60
			}
		},
		{
			"_id": "iHateThatShit923495",
			"_tpl": "5c0d591486f7744c505b416f",
			"parentId": "FuckYouUnlimitedAmmo161364",
			"slotId": "main",
			"upd": {
				"StackObjectsCount": 60
			}
		},
		{
			"_id": "iHateThatShit32093",
			"_tpl": "5d6e6891a4b9361bd473feea",
			"parentId": "FuckYouUnlimitedAmmo161364",
			"slotId": "main",
			"upd": {
				"StackObjectsCount": 60
			}
		},
		{
			"_id": "iHateThatShit810180",
			"_tpl": "5d6e68dea4b9361bcc29e659",
			"parentId": "FuckYouUnlimitedAmmo161364",
			"slotId": "main",
			"upd": {
				"StackObjectsCount": 60
			}
		},
		{
			"_id": "iHateThatShit964394",
			"_tpl": "5d6e68b3a4b9361bca7e50b5",
			"parentId": "FuckYouUnlimitedAmmo161364",
			"slotId": "main",
			"upd": {
				"StackObjectsCount": 60
			}
		},
		{
			"_id": "iHateThatShit501238",
			"_tpl": "5d6e6869a4b9361c140bcfde",
			"parentId": "FuckYouUnlimitedAmmo161364",
			"slotId": "main",
			"upd": {
				"StackObjectsCount": 60
			}
		},
		{
			"_id": "iHateThatShit638757",
			"_tpl": "5d6e6772a4b936088465b17c",
			"parentId": "FuckYouUnlimitedAmmo161364",
			"slotId": "main",
			"upd": {
				"StackObjectsCount": 60
			}
		},
		{
			"_id": "iHateThatShit434870",
			"_tpl": "5d6e6891a4b9361bd473feea",
			"parentId": "FuckYouUnlimitedAmmo161364",
			"slotId": "main",
			"upd": {
				"StackObjectsCount": 60
			}
		},
		{
			"_id": "mag0Vest288994",
			"_tpl": "57616a9e2459773c7a400234",
			"parentId": "TacticalVest147297",
			"slotId": "2",
			"location": {
				"x": 0,
				"y": 0,
				"r": "Horizontal"
			}
		},
		{
			"_id": "AmmoMag0Vest96020",
			"_tpl": "5d6e68d1a4b93622fe60e845",
			"parentId": "mag0Vest288994",
			"slotId": "cartridges",
			"upd": {
				"StackObjectsCount": 5
			}
		},
		{
			"_id": "mag0Vest856597",
			"_tpl": "57616a9e2459773c7a400234",
			"parentId": "TacticalVest147297",
			"slotId": "1",
			"location": {
				"x": 0,
				"y": 0,
				"r": "Horizontal"
			}
		},
		{
			"_id": "AmmoMag0Vest57774",
			"_tpl": "5d6e68e6a4b9361c140bcfe0",
			"parentId": "mag0Vest856597",
			"slotId": "cartridges",
			"upd": {
				"StackObjectsCount": 5
			}
		},
		{
			"_id": "Scabbard686048",
			"_tpl": "5bffdc370db834001d23eca8",
			"parentId": "5c6687d65e9d882c8841f0fd",
			"slotId": "Scabbard"
		},
		{
			"_id": "Headwear498540",
			"_tpl": "5b4327aa5acfc400175496e0",
			"parentId": "5c6687d65e9d882c8841f0fd",
			"slotId": "Headwear"
		},
		{
			"_id": "Eyewear807777",
			"_tpl": "5b432be65acfc433000ed01f",
			"parentId": "5c6687d65e9d882c8841f0fd",
			"slotId": "Eyewear"
		},
		{
			"_id": "FaceCover67705",
			"_tpl": "5b4326435acfc433000ed01d",
			"parentId": "5c6687d65e9d882c8841f0fd",
			"slotId": "FaceCover"
		},
		{
			"_id": "Backpack423432",
			"_tpl": "5ca20d5986f774331e7c9602",
			"parentId": "5c6687d65e9d882c8841f0fd",
			"slotId": "Backpack"
		},
		{
			"_id": "BP_Backpack423432_980997",
			"_tpl": "5e2af22086f7746d3f3c33fa",
			"parentId": "Backpack423432",
			"slotId": "main",
			"location": {
				"x": 0,
				"y": 0,
				"r": "Horizontal"
			}
		},
		{
			"_id": "BP_Backpack423432_189358",
			"_tpl": "5d1b317c86f7742523398392",
			"parentId": "Backpack423432",
			"slotId": "main",
			"location": {
				"x": 0,
				"y": 1,
				"r": "Horizontal"
			}
		},
		{
			"_id": "BP_Backpack423432_497569",
			"_tpl": "5c13cef886f774072e618e82",
			"parentId": "Backpack423432",
			"slotId": "main",
			"location": {
				"x": 0,
				"y": 3,
				"r": "Horizontal"
			}
		},
		{
			"_id": "BP_Backpack423432_542669",
			"_tpl": "590a3c0a86f774385a33c450",
			"parentId": "Backpack423432",
			"slotId": "main",
			"location": {
				"x": 0,
				"y": 4,
				"r": "Horizontal"
			}
		},
		{
			"_id": "BP_Backpack423432_722156",
			"_tpl": "5733279d245977289b77ec24",
			"parentId": "Backpack423432",
			"slotId": "main",
			"location": {
				"x": 1,
				"y": 3,
				"r": "Horizontal"
			}
		},
		{
			"_id": "BP_Backpack423432_129987",
			"_tpl": "5d40419286f774318526545f",
			"parentId": "Backpack423432",
			"slotId": "main",
			"location": {
				"x": 3,
				"y": 0,
				"r": "Horizontal"
			}
		},
		{
			"_id": "BP_Backpack423432_342317",
			"_tpl": "590c5bbd86f774785762df04",
			"parentId": "Backpack423432",
			"slotId": "main",
			"location": {
				"x": 1,
				"y": 0,
				"r": "Horizontal"
			}
		},
		{
			"_id": "BP_Backpack423432_930146",
			"_tpl": "5783c43d2459774bbe137486",
			"parentId": "Backpack423432",
			"slotId": "main",
			"location": {
				"x": 2,
				"y": 0,
				"r": "Horizontal"
			}
		},
		{
			"_id": "BP_Backpack423432_426912",
			"_tpl": "5ad5cfbd86f7742c825d6104",
			"parentId": "Backpack423432",
			"slotId": "main",
			"location": {
				"x": 3,
				"y": 2,
				"r": "Horizontal"
			}
		}
	],
	"equipment": "5c6687d65e9d882c8841f0fd",
	"stash": "5c6687d65e9d882c8841f0fc",
	"questRaidItems": "5c6687d65e9d882c8841f0fe",
	"questStashItems": "5c6687d65e9d882c8841f0ff",
	"fastPanel": {}
}