{
	"items": [
		{
			"_id": "5c6687d65e9d882c8841f0fd",
			"_tpl": "55d7217a4bdc2d86028b456d"
		},
		{
			"_id": "5c6687d65e9d882c8841f121",
			"_tpl": "557ffd194bdc2d28148b457f",
			"parentId": "5c6687d65e9d882c8841f0fd",
			"slotId": "Pockets"
		},
		{
			"_id": "5c6687d65e9d882c8841f0fc",
			"_tpl": "566abbc34bdc2d92178b4576"
		},
		{
			"_id": "5c6687d65e9d882c8841f0ff",
			"_tpl": "5963866b86f7747bfa1c4462"
		},
		{
			"_id": "5c6687d65e9d882c8841f0fe",
			"_tpl": "5963866286f7747bf429b572"
		},
		{
			"_id": "TacticalVest410914",
			"_tpl": "5929a2a086f7744f4b234d43",
			"parentId": "5c6687d65e9d882c8841f0fd",
			"slotId": "TacticalVest"
		},
		{
			"_id": "I210012489142044917LZKf8",
			"_tpl": "5c46fbd72e2216398b5a8c9c",
			"parentId": "5c6687d65e9d882c8841f0fd",
			"slotId": "FirstPrimaryWeapon"
		},
		{
			"_id": "I210012485846391148VV2AU",
			"_tpl": "5c471be12e221602b66cd9ac",
			"parentId": "I210012489142044917LZKf8",
			"slotId": "mod_pistol_grip"
		},
		{
			"_id": "MagazineWeaponScav5459",
			"_tpl": "5c88f24b2e22160bc12c69a6",
			"parentId": "I210012489142044917LZKf8",
			"slotId": "mod_magazine"
		},
		{
			"_id": "AmmoMag11978",
			"_tpl": "5e023cf8186a883be655e54f",
			"parentId": "MagazineWeaponScav5459",
			"slotId": "cartridges",
			"upd": {
				"StackObjectsCount": 20
			}
		},
		{
			"_id": "I210012483427956684eRPqv",
			"_tpl": "5c471b5d2e221602b21d4e14",
			"parentId": "I210012489142044917LZKf8",
			"slotId": "mod_stock"
		},
		{
			"_id": "I2100124849072296905iXSa",
			"_tpl": "5c471cb32e221602b177afaa",
			"parentId": "I210012489142044917LZKf8",
			"slotId": "mod_barrel"
		},
		{
			"_id": "I210012488006262411wvHMV",
			"_tpl": "5c471c2d2e22164bef5d077f",
			"parentId": "I210012489142044917LZKf8",
			"slotId": "mod_mount_001"
		},
		{
			"_id": "I210012487401403888mKyVc",
			"_tpl": "5c471bd12e221602b4129c3a",
			"parentId": "I210012489142044917LZKf8",
			"slotId": "mod_reciever"
		},
		{
			"_id": "I210012487949708602ImTzH",
			"_tpl": "5c471bfc2e221602b21d4e17",
			"parentId": "I2100124849072296905iXSa",
			"slotId": "mod_muzzle"
		},
		{
			"_id": "I210012482020952631a37vN",
			"_tpl": "5c471c842e221615214259b5",
			"parentId": "I2100124849072296905iXSa",
			"slotId": "mod_gas_block"
		},
		{
			"_id": "I210012489020313610a51fp",
			"_tpl": "5c471c6c2e221602b66cd9ae",
			"parentId": "I210012488006262411wvHMV",
			"slotId": "mod_handguard"
		},
		{
			"_id": "I210012481313554660DjPCF",
			"_tpl": "5c471b7e2e2216152006e46c",
			"parentId": "I210012488006262411wvHMV",
			"slotId": "mod_sight_rear",
			"upd": {
				"Sight": {
					"SelectedSightMode": 0
				}
			}
		},
		{
			"_id": "I210012485847750105eKuEN",
			"_tpl": "5c471ba12e221602b3137d76",
			"parentId": "I210012487949708602ImTzH",
			"slotId": "mod_sight_front",
			"upd": {
				"Sight": {
					"SelectedSightMode": 0
				}
			}
		},
		{
			"_id": "FuckYouUnlimitedAmmo390180",
			"_tpl": "5857a8bc2459772bad15db29",
			"parentId": "5c6687d65e9d882c8841f0fd",
			"slotId": "SecuredContainer"
		},
		{
			"_id": "iHateThatShit909770",
			"_tpl": "560d61e84bdc2da74d8b4571",
			"parentId": "FuckYouUnlimitedAmmo390180",
			"slotId": "main",
			"upd": {
				"StackObjectsCount": 60
			}
		},
		{
			"_id": "iHateThatShit132621",
			"_tpl": "5887431f2459777e1612938f",
			"parentId": "FuckYouUnlimitedAmmo390180",
			"slotId": "main",
			"upd": {
				"StackObjectsCount": 60
			}
		},
		{
			"_id": "iHateThatShit774861",
			"_tpl": "560d61e84bdc2da74d8b4571",
			"parentId": "FuckYouUnlimitedAmmo390180",
			"slotId": "main",
			"upd": {
				"StackObjectsCount": 60
			}
		},
		{
			"_id": "iHateThatShit143837",
			"_tpl": "5e023cf8186a883be655e54f",
			"parentId": "FuckYouUnlimitedAmmo390180",
			"slotId": "main",
			"upd": {
				"StackObjectsCount": 60
			}
		},
		{
			"_id": "iHateThatShit692253",
			"_tpl": "5e023d34e8a400319a28ed44",
			"parentId": "FuckYouUnlimitedAmmo390180",
			"slotId": "main",
			"upd": {
				"StackObjectsCount": 60
			}
		},
		{
			"_id": "iHateThatShit837149",
			"_tpl": "560d61e84bdc2da74d8b4571",
			"parentId": "FuckYouUnlimitedAmmo390180",
			"slotId": "main",
			"upd": {
				"StackObjectsCount": 60
			}
		},
		{
			"_id": "iHateThatShit785708",
			"_tpl": "5e023d48186a883be655e551",
			"parentId": "FuckYouUnlimitedAmmo390180",
			"slotId": "main",
			"upd": {
				"StackObjectsCount": 60
			}
		},
		{
			"_id": "iHateThatShit727220",
			"_tpl": "560d61e84bdc2da74d8b4571",
			"parentId": "FuckYouUnlimitedAmmo390180",
			"slotId": "main",
			"upd": {
				"StackObjectsCount": 60
			}
		},
		{
			"_id": "iHateThatShit423295",
			"_tpl": "5887431f2459777e1612938f",
			"parentId": "FuckYouUnlimitedAmmo390180",
			"slotId": "main",
			"upd": {
				"StackObjectsCount": 60
			}
		},
		{
			"_id": "mag0Vest286264",
			"_tpl": "5c88f24b2e22160bc12c69a6",
			"parentId": "TacticalVest410914",
			"slotId": "3",
			"location": {
				"x": 0,
				"y": 0,
				"r": "Horizontal"
			}
		},
		{
			"_id": "AmmoMag0Vest121812",
			"_tpl": "5e023cf8186a883be655e54f",
			"parentId": "mag0Vest286264",
			"slotId": "cartridges",
			"upd": {
				"StackObjectsCount": 20
			}
		},
		{
			"_id": "mag2Vest227674",
			"_tpl": "5c88f24b2e22160bc12c69a6",
			"parentId": "TacticalVest410914",
			"slotId": "6",
			"location": {
				"x": 0,
				"y": 0,
				"r": "Horizontal"
			}
		},
		{
			"_id": "AmmoMag2Vest257276",
			"_tpl": "5e023cf8186a883be655e54f",
			"parentId": "mag2Vest227674",
			"slotId": "cartridges",
			"upd": {
				"StackObjectsCount": 20
			}
		},
		{
			"_id": "StackAmmo82907912942",
			"_tpl": "5e023cf8186a883be655e54f",
			"parentId": "TacticalVest410914",
			"slotId": "1",
			"upd": {
				"StackObjectsCount": 37
			}
		},
		{
			"_id": "StackAmmo7910131133",
			"_tpl": "5887431f2459777e1612938f",
			"parentId": "TacticalVest410914",
			"slotId": "7",
			"upd": {
				"StackObjectsCount": 10
			}
		},
		{
			"_id": "Scabbard959780",
			"_tpl": "5bffdc370db834001d23eca8",
			"parentId": "5c6687d65e9d882c8841f0fd",
			"slotId": "Scabbard"
		},
		{
			"_id": "Headwear869629",
			"_tpl": "5b4329075acfc400153b78ff",
			"parentId": "5c6687d65e9d882c8841f0fd",
			"slotId": "Headwear"
		},
		{
			"_id": "Eyewear318164",
			"_tpl": "5aa2b986e5b5b00014028f4c",
			"parentId": "5c6687d65e9d882c8841f0fd",
			"slotId": "Eyewear"
		},
		{
			"_id": "ArmorVest691475",
			"_tpl": "59e7635f86f7742cbf2c1095",
			"parentId": "5c6687d65e9d882c8841f0fd",
			"slotId": "ArmorVest",
			"upd": {
				"Repairable": {
					"MaxDurability": 40,
					"Durability": 0
				}
			}
		}
	],
	"equipment": "5c6687d65e9d882c8841f0fd",
	"stash": "5c6687d65e9d882c8841f0fc",
	"questRaidItems": "5c6687d65e9d882c8841f0fe",
	"questStashItems": "5c6687d65e9d882c8841f0ff",
	"fastPanel": {}
}