{
	"items": [
		{
			"_id": "5c6687d65e9d882c8841f0fd",
			"_tpl": "55d7217a4bdc2d86028b456d"
		},
		{
			"_id": "5c6687d65e9d882c8841f121",
			"_tpl": "557ffd194bdc2d28148b457f",
			"parentId": "5c6687d65e9d882c8841f0fd",
			"slotId": "Pockets"
		},
		{
			"_id": "5c6687d65e9d882c8841f0fc",
			"_tpl": "566abbc34bdc2d92178b4576"
		},
		{
			"_id": "5c6687d65e9d882c8841f0ff",
			"_tpl": "5963866b86f7747bfa1c4462"
		},
		{
			"_id": "5c6687d65e9d882c8841f0fe",
			"_tpl": "5963866286f7747bf429b572"
		},
		{
			"_id": "TacticalVest405342",
			"_tpl": "5e4abfed86f77406a2713cf7",
			"parentId": "5c6687d65e9d882c8841f0fd",
			"slotId": "TacticalVest"
		},
		{
			"_id": "I210051403484529800nw29F",
			"_tpl": "5b0bbe4e5acfc40dc528a72d",
			"parentId": "5c6687d65e9d882c8841f0fd",
			"slotId": "FirstPrimaryWeapon"
		},
		{
			"_id": "I210051405996909685vFIbo",
			"_tpl": "5b099b965acfc400186331e6",
			"parentId": "I210051403484529800nw29F",
			"slotId": "mod_pistol_grip"
		},
		{
			"_id": "MagazineWeaponScav7679",
			"_tpl": "5b7bef1e5acfc43d82528402",
			"parentId": "I210051403484529800nw29F",
			"slotId": "mod_magazine"
		},
		{
			"_id": "AmmoMag19808",
			"_tpl": "58dd3ad986f77403051cba8f",
			"parentId": "MagazineWeaponScav7679",
			"slotId": "cartridges",
			"upd": {
				"StackObjectsCount": 10
			}
		},
		{
			"_id": "I210051405216472113YjNeL",
			"_tpl": "5b099a9d5acfc47a8607efe7",
			"parentId": "I210051403484529800nw29F",
			"slotId": "mod_handguard"
		},
		{
			"_id": "I2100514049037118355OYUz",
			"_tpl": "5b099a765acfc47a8607efe3",
			"parentId": "I210051403484529800nw29F",
			"slotId": "mod_barrel"
		},
		{
			"_id": "I2100514075276815925qiFw",
			"_tpl": "5b0bc22d5acfc47a8607f085",
			"parentId": "I210051403484529800nw29F",
			"slotId": "mod_sight_rear",
			"upd": {
				"Sight": {
					"SelectedSightMode": 0
				}
			}
		},
		{
			"_id": "I21005140392907797484gna",
			"_tpl": "5b099b7d5acfc400186331e4",
			"parentId": "I2100514049037118355OYUz",
			"slotId": "mod_muzzle"
		},
		{
			"_id": "FuckYouUnlimitedAmmo694795",
			"_tpl": "5857a8bc2459772bad15db29",
			"parentId": "5c6687d65e9d882c8841f0fd",
			"slotId": "SecuredContainer"
		},
		{
			"_id": "iHateThatShit452005",
			"_tpl": "5a6086ea4f39f99cd479502f",
			"parentId": "FuckYouUnlimitedAmmo694795",
			"slotId": "main",
			"upd": {
				"StackObjectsCount": 60
			}
		},
		{
			"_id": "iHateThatShit538953",
			"_tpl": "58dd3ad986f77403051cba8f",
			"parentId": "FuckYouUnlimitedAmmo694795",
			"slotId": "main",
			"upd": {
				"StackObjectsCount": 60
			}
		},
		{
			"_id": "iHateThatShit77568",
			"_tpl": "5e023e6e34d52a55c3304f71",
			"parentId": "FuckYouUnlimitedAmmo694795",
			"slotId": "main",
			"upd": {
				"StackObjectsCount": 60
			}
		},
		{
			"_id": "iHateThatShit800309",
			"_tpl": "5e023e53d4353e3302577c4c",
			"parentId": "FuckYouUnlimitedAmmo694795",
			"slotId": "main",
			"upd": {
				"StackObjectsCount": 60
			}
		},
		{
			"_id": "iHateThatShit609209",
			"_tpl": "5e023e88277cce2b522ff2b1",
			"parentId": "FuckYouUnlimitedAmmo694795",
			"slotId": "main",
			"upd": {
				"StackObjectsCount": 60
			}
		},
		{
			"_id": "iHateThatShit665002",
			"_tpl": "5e023e88277cce2b522ff2b1",
			"parentId": "FuckYouUnlimitedAmmo694795",
			"slotId": "main",
			"upd": {
				"StackObjectsCount": 60
			}
		},
		{
			"_id": "iHateThatShit987627",
			"_tpl": "5a608bf24f39f98ffc77720e",
			"parentId": "FuckYouUnlimitedAmmo694795",
			"slotId": "main",
			"upd": {
				"StackObjectsCount": 60
			}
		},
		{
			"_id": "iHateThatShit169030",
			"_tpl": "5a608bf24f39f98ffc77720e",
			"parentId": "FuckYouUnlimitedAmmo694795",
			"slotId": "main",
			"upd": {
				"StackObjectsCount": 60
			}
		},
		{
			"_id": "iHateThatShit453076",
			"_tpl": "5a608bf24f39f98ffc77720e",
			"parentId": "FuckYouUnlimitedAmmo694795",
			"slotId": "main",
			"upd": {
				"StackObjectsCount": 60
			}
		},
		{
			"_id": "mag2Vest232118",
			"_tpl": "5b7bef1e5acfc43d82528402",
			"parentId": "TacticalVest405342",
			"slotId": "3",
			"location": {
				"x": 0,
				"y": 0,
				"r": "Horizontal"
			}
		},
		{
			"_id": "AmmoMag2Vest573601",
			"_tpl": "5a608bf24f39f98ffc77720e",
			"parentId": "mag2Vest232118",
			"slotId": "cartridges",
			"upd": {
				"StackObjectsCount": 10
			}
		},
		{
			"_id": "StackAmmo56698227914",
			"_tpl": "5a608bf24f39f98ffc77720e",
			"parentId": "TacticalVest405342",
			"slotId": "9",
			"upd": {
				"StackObjectsCount": 8
			}
		},
		{
			"_id": "Scabbard753212",
			"_tpl": "57e26fc7245977162a14b800",
			"parentId": "5c6687d65e9d882c8841f0fd",
			"slotId": "Scabbard"
		},
		{
			"_id": "Eyewear52865",
			"_tpl": "5d5fca1ea4b93635fd598c07",
			"parentId": "5c6687d65e9d882c8841f0fd",
			"slotId": "Eyewear"
		},
		{
			"_id": "FaceCover263783",
			"_tpl": "572b7f1624597762ae139822",
			"parentId": "5c6687d65e9d882c8841f0fd",
			"slotId": "FaceCover"
		}
	],
	"equipment": "5c6687d65e9d882c8841f0fd",
	"stash": "5c6687d65e9d882c8841f0fc",
	"questRaidItems": "5c6687d65e9d882c8841f0fe",
	"questStashItems": "5c6687d65e9d882c8841f0ff",
	"fastPanel": {}
}