{
  "name": "SuicideKit",
  "author": "Randomizzatore",
  "license": "MIT",
  "version": "1.0.0",
  "dependencies": {},
  "res": {},
  "src":{},
  "db": {
    "assort": {
        "54cb57776803fa99248b456e": {
            "barter_scheme": {
                "suicide_grenade_vog17": "db/assort/ragfair/barter_scheme/suicide_grenade_vog17.json",
                "suicide_grenade_vog25": "db/assort/ragfair/barter_scheme/suicide_grenade_vog25.json",
                "suicide_grenade_f1": "db/assort/ragfair/barter_scheme/suicide_grenade_f1.json",
                "suicide_grenade_rgd5": "db/assort/ragfair/barter_scheme/suicide_grenade_rgd5.json",
                "suicide_grenade_m67": "db/assort/ragfair/barter_scheme/suicide_grenade_m67.json",
                "suicide_injector": "db/assort/ragfair/barter_scheme/suicide_injector.json",
                "suicide_pill": "db/assort/ragfair/barter_scheme/suicide_pill.json",
                "suicide_cream": "db/assort/ragfair/barter_scheme/suicide_cream.json"
            },
            "items": {
                "suicide_grenade_vog17": "db/assort/ragfair/items/suicide_grenade_vog17.json",
                "suicide_grenade_vog25": "db/assort/ragfair/items/suicide_grenade_vog25.json",
                "suicide_grenade_f1": "db/assort/ragfair/items/suicide_grenade_f1.json",
                "suicide_grenade_rgd5": "db/assort/ragfair/items/suicide_grenade_rgd5.json",
                "suicide_grenade_m67": "db/assort/ragfair/items/suicide_grenade_m67.json",
                "suicide_injector": "db/assort/ragfair/items/suicide_injector.json",
                "suicide_pill": "db/assort/ragfair/items/suicide_pill.json",
                "suicide_cream": "db/assort/ragfair/items/suicide_cream.json"
            },
            "loyal_level_items": {
                "suicide_grenade_vog17": "db/assort/ragfair/loyal_level_items/suicide_grenade_vog17.json",
                "suicide_grenade_vog25": "db/assort/ragfair/loyal_level_items/suicide_grenade_vog25.json",
                "suicide_grenade_f1": "db/assort/ragfair/loyal_level_items/suicide_grenade_f1.json",
                "suicide_grenade_rgd5": "db/assort/ragfair/loyal_level_items/suicide_grenade_rgd5.json",
                "suicide_grenade_m67": "db/assort/ragfair/loyal_level_items/suicide_grenade_m67.json",
                "suicide_injector": "db/assort/ragfair/loyal_level_items/suicide_injector.json",
                "suicide_pill": "db/assort/ragfair/loyal_level_items/suicide_pill.json",
                "suicide_cream": "db/assort/ragfair/loyal_level_items/suicide_cream.json"
            } 
        },
        "ragfair": {
            "barter_scheme": {
                "suicide_grenade_vog17": "db/assort/ragfair/barter_scheme/suicide_grenade_vog17.json",
                "suicide_grenade_vog25": "db/assort/ragfair/barter_scheme/suicide_grenade_vog25.json",
                "suicide_grenade_f1": "db/assort/ragfair/barter_scheme/suicide_grenade_f1.json",
                "suicide_grenade_rgd5": "db/assort/ragfair/barter_scheme/suicide_grenade_rgd5.json",
                "suicide_grenade_m67": "db/assort/ragfair/barter_scheme/suicide_grenade_m67.json",
                "suicide_injector": "db/assort/ragfair/barter_scheme/suicide_injector.json",
                "suicide_pill": "db/assort/ragfair/barter_scheme/suicide_pill.json",
                "suicide_cream": "db/assort/ragfair/barter_scheme/suicide_cream.json"
            },
            "items": {
                "suicide_grenade_vog17": "db/assort/ragfair/items/suicide_grenade_vog17.json",
                "suicide_grenade_vog25": "db/assort/ragfair/items/suicide_grenade_vog25.json",
                "suicide_grenade_f1": "db/assort/ragfair/items/suicide_grenade_f1.json",
                "suicide_grenade_rgd5": "db/assort/ragfair/items/suicide_grenade_rgd5.json",
                "suicide_grenade_m67": "db/assort/ragfair/items/suicide_grenade_m67.json",
                "suicide_injector": "db/assort/ragfair/items/suicide_injector.json",
                "suicide_pill": "db/assort/ragfair/items/suicide_pill.json",
                "suicide_cream": "db/assort/ragfair/items/suicide_cream.json"
            },
            "loyal_level_items": {
                "suicide_grenade_vog17": "db/assort/ragfair/loyal_level_items/suicide_grenade_vog17.json",
                "suicide_grenade_vog25": "db/assort/ragfair/loyal_level_items/suicide_grenade_vog25.json",
                "suicide_grenade_f1": "db/assort/ragfair/loyal_level_items/suicide_grenade_f1.json",
                "suicide_grenade_rgd5": "db/assort/ragfair/loyal_level_items/suicide_grenade_rgd5.json",
                "suicide_grenade_m67": "db/assort/ragfair/loyal_level_items/suicide_grenade_m67.json",
                "suicide_injector": "db/assort/ragfair/loyal_level_items/suicide_injector.json",
                "suicide_pill": "db/assort/ragfair/loyal_level_items/suicide_pill.json",
                "suicide_cream": "db/assort/ragfair/loyal_level_items/suicide_cream.json"
            } 
        }
    },
    "items": {
        "suicide_grenade_vog17": "db/items/suicide_grenade_vog17.json",
        "suicide_grenade_vog25": "db/items/suicide_grenade_vog25.json",
        "suicide_grenade_f1": "db/items/suicide_grenade_f1.json",
        "suicide_grenade_rgd5": "db/items/suicide_grenade_rgd5.json",
        "suicide_grenade_m67": "db/items/suicide_grenade_m67.json",
        "suicide_injector": "db/items/suicide_injector.json",
        "suicide_pill": "db/items/suicide_pill.json",
        "suicide_cream": "db/items/suicide_cream.json"
    },
    "locales": {
        "en": {
            "templates": {
                "suicide_grenade_vog17": "db/locales/en/templates/suicide_grenade_vog17.json",
                "suicide_grenade_vog25": "db/locales/en/templates/suicide_grenade_vog25.json",
                "suicide_grenade_f1": "db/locales/en/templates/suicide_grenade_f1.json",
                "suicide_grenade_rgd5": "db/locales/en/templates/suicide_grenade_rgd5.json",
                "suicide_grenade_m67": "db/locales/en/templates/suicide_grenade_m67.json",
                "suicide_injector": "db/locales/en/templates/suicide_injector.json",
                "suicide_pill": "db/locales/en/templates/suicide_pill.json",
                "suicide_cream": "db/locales/en/templates/suicide_cream.json"
            }
        }
    },
    "templates": {
        "items": {
            "suicide_grenade_vog17": "db/templates/items/suicide_grenade_vog17.json",
            "suicide_grenade_vog25": "db/templates/items/suicide_grenade_vog25.json",
            "suicide_grenade_f1": "db/templates/items/suicide_grenade_f1.json",
            "suicide_grenade_rgd5": "db/templates/items/suicide_grenade_rgd5.json",
            "suicide_grenade_m67": "db/templates/items/suicide_grenade_m67.json",
            "suicide_injector": "db/templates/items/suicide_injector.json",
            "suicide_pill": "db/templates/items/suicide_pill.json",
            "suicide_cream": "db/templates/items/suicide_cream.json"
        }
    },
    "globals": "db/globals.json"
  }
}