{
	"_id": "59e4d3d286f774176a36250a",
	"_name": "patron_762x39_HP",
	"_parent": "5485a8684bdc2da71d8b4567",
	"_type": "Item",
	"_props": {
		"Name": "patron_762x39_HP",
		"ShortName": "patron_762x39_HP",
		"Description": "patron_762x39_HP",
		"Weight": 0.016,
		"BackgroundColor": "red",
		"Width": 1,
		"Height": 1,
		"StackMaxSize": 1000,
		"Rarity": "Common",
		"SpawnChance": 15,
		"CreditsPrice": 60,
		"ItemSound": "ammo_singleround",
		"Prefab": {
			"path": "assets/content/items/ammo/patrons/patron_762x39_hp.bundle",
			"rcid": ""
		},
		"UsePrefab": {
			"path": "",
			"rcid": ""
		},
		"StackObjectsCount": 1,
		"NotShownInSlot": false,
		"ExaminedByDefault": true,
		"ExamineTime": 1,
		"IsUndiscardable": false,
		"IsUnsaleable": false,
		"IsUnbuyable": false,
		"IsUngivable": false,
		"IsLockedafterEquip": false,
		"QuestItem": false,
		"LootExperience": 0,
		"ExamineExperience": 10,
		"HideEntrails": false,
		"RepairCost": 0,
		"RepairSpeed": 0,
		"ExtraSizeLeft": 0,
		"ExtraSizeRight": 0,
		"ExtraSizeUp": 0,
		"ExtraSizeDown": 0,
		"ExtraSizeForceAdd": false,
		"MergesWithChildren": false,
		"CanSellOnRagfair": true,
		"CanRequireOnRagfair": true,
		"BannedFromRagfair": false,
		"ConflictingItems": [],
		"FixedPrice": false,
		"Unlootable": false,
		"UnlootableFromSlot": "FirstPrimaryWeapon",
		"UnlootableFromSide": [],
		"ChangePriceCoef": 1,
		"AllowSpawnOnLocations": [],
		"SendToClient": false,
		"AnimationVariantsNumber": 0,
		"DiscardingBlock": false,
		"StackMinRandom": 2,
		"StackMaxRandom": 15,
		"ammoType": "bullet",
		"Damage": 83,
		"ammoAccr": -5,
		"ammoRec": 0,
		"ammoDist": 0,
		"buckshotBullets": 0,
		"PenetrationPower": 15,
		"PenetrationPowerDiviation": 0.72,
		"ammoHear": 0,
		"ammoSfx": "standart",
		"MisfireChance": 0.01,
		"MinFragmentsCount": 2,
		"MaxFragmentsCount": 3,
		"ammoShiftChance": 0,
		"casingName": "7.62x39 мм ПС",
		"casingEjectPower": 0,
		"casingMass": 16.5,
		"casingSounds": "rifle762",
		"ProjectileCount": 1,
		"InitialSpeed": 754,
		"PenetrationChance": 0.56,
		"RicochetChance": 0.175,
		"FragmentationChance": 0.2625,
		"BallisticCoeficient": 1,
		"Deterioration": 1,
		"SpeedRetardation": 0.000015,
		"Tracer": false,
		"TracerColor": "red",
		"TracerDistance": 0,
		"ArmorDamage": 35,
		"Caliber": "Caliber762x39",
		"StaminaBurnPerDamage": 0.5,
		"ShowBullet": false,
		"HasGrenaderComponent": false,
		"FuzeArmTimeSec": 0,
		"ExplosionStrength": 0,
		"MinExplosionDistance": 0,
		"MaxExplosionDistance": 0,
		"FragmentsCount": 0,
		"FragmentType": "5996f6d686f77467977ba6cc",
		"ShowHitEffectOnExplode": false,
		"ExplosionType": "",
		"AmmoLifeTimeSec": 5
	},
	"_proto": "5656d7c34bdc2d9d198b4587"
}