{
	"_id": "587e02ff24597743df3deaeb",
	"_name": "weapon_molot_op_sks_762x39",
	"_parent": "5447b5fc4bdc2d87278b4567",
	"_type": "Item",
	"_props": {
		"Name": "weapon_molot_op_sks_762x39",
		"ShortName": "weapon_molot_op_sks_762x39",
		"Description": "weapon_molot_op_sks_762x39",
		"Weight": 2.627,
		"BackgroundColor": "black",
		"Width": 4,
		"Height": 1,
		"StackMaxSize": 1,
		"Rarity": "Rare",
		"SpawnChance": 7,
		"CreditsPrice": 21814,
		"ItemSound": "weap_dmr",
		"Prefab": {
			"path": "assets/content/weapons/sks/weapon_molot_op_sks_762x39_container.bundle",
			"rcid": ""
		},
		"UsePrefab": {
			"path": "",
			"rcid": ""
		},
		"StackObjectsCount": 1,
		"NotShownInSlot": false,
		"ExaminedByDefault": true,
		"ExamineTime": 1,
		"IsUndiscardable": false,
		"IsUnsaleable": false,
		"IsUnbuyable": false,
		"IsUngivable": false,
		"IsLockedafterEquip": false,
		"QuestItem": false,
		"LootExperience": 20,
		"ExamineExperience": 6,
		"HideEntrails": false,
		"RepairCost": 60,
		"RepairSpeed": 0,
		"ExtraSizeLeft": 0,
		"ExtraSizeRight": 0,
		"ExtraSizeUp": 0,
		"ExtraSizeDown": 0,
		"ExtraSizeForceAdd": false,
		"MergesWithChildren": true,
		"CanSellOnRagfair": true,
		"CanRequireOnRagfair": true,
		"BannedFromRagfair": false,
		"ConflictingItems": [],
		"FixedPrice": false,
		"Unlootable": false,
		"UnlootableFromSlot": "FirstPrimaryWeapon",
		"UnlootableFromSide": [],
		"ChangePriceCoef": 1,
		"AllowSpawnOnLocations": [],
		"SendToClient": false,
		"AnimationVariantsNumber": 0,
		"DiscardingBlock": false,
		"Grids": [],
		"Slots": [
			{
				"_name": "mod_stock",
				"_id": "587e02ff24597743df3deaec",
				"_parent": "587e02ff24597743df3deaeb",
				"_props": {
					"filters": [
						{
							"Shift": 0,
							"Filter": [
								"5d0236dad7ad1a0940739d29",
								"587e0531245977466077a0f7",
								"5afd7ded5acfc40017541f5e",
								"574dad8024597745964bf05c"
							]
						}
					]
				},
				"_required": true,
				"_mergeSlotWithChildren": false,
				"_proto": "55d30c4c4bdc2db4468b457e"
			},
			{
				"_name": "mod_sight_rear",
				"_id": "587e02ff24597743df3deaed",
				"_parent": "587e02ff24597743df3deaeb",
				"_props": {
					"filters": [
						{
							"Shift": 0,
							"Filter": [
								"574db213245977459a2f3f5d"
							]
						}
					]
				},
				"_required": false,
				"_mergeSlotWithChildren": false,
				"_proto": "55d30c4c4bdc2db4468b457e"
			},
			{
				"_name": "mod_magazine",
				"_id": "587e02ff24597743df3deaee",
				"_parent": "587e02ff24597743df3deaeb",
				"_props": {
					"filters": [
						{
							"AnimationIndex": -1,
							"Filter": [
								"5c5970672e221602b21d7855",
								"587df583245977373c4f1129",
								"587df3a12459772c28142567",
								"ares76239"
							]
						}
					]
				},
				"_required": false,
				"_mergeSlotWithChildren": false,
				"_proto": "55d30c394bdc2dae468b4577"
			},
			{
				"_name": "mod_mount",
				"_id": "587e09d924597743df3deb26",
				"_parent": "587e02ff24597743df3deaeb",
				"_props": {
					"filters": [
						{
							"Shift": 0,
							"Filter": [
								"587e08ee245977446b4410cf"
							]
						}
					]
				},
				"_required": false,
				"_mergeSlotWithChildren": false,
				"_proto": "55d30c4c4bdc2db4468b457e"
			},
			{
				"_name": "mod_muzzle",
				"_id": "593d4a0586f7745e5838a153",
				"_parent": "587e02ff24597743df3deaeb",
				"_props": {
					"filters": [
						{
							"Shift": 0,
							"Filter": [
								"5cf67cadd7f00c065a5abab7",
								"593d490386f7745ee97a1555"
							]
						}
					]
				},
				"_required": false,
				"_mergeSlotWithChildren": false,
				"_proto": "55d30c4c4bdc2db4468b457e"
			}
		],
		"CanPutIntoDuringTheRaid": true,
		"CantRemoveFromSlotsDuringRaid": [],
		"weapClass": "assaultCarbine",
		"weapUseType": "primary",
		"ammoCaliber": "Caliber762x39",
		"Durability": 100,
		"MaxDurability": 100,
		"OperatingResource": 4000,
		"RepairComplexity": 0,
		"durabSpawnMin": 25,
		"durabSpawnMax": 65,
		"isFastReload": false,
		"RecoilForceUp": 182,
		"RecoilForceBack": 400,
		"Convergence": 1.5,
		"RecoilAngle": 90,
		"weapFireType": [
			"single",
            "burst",
            "fullauto"
		],
		"RecolDispersion": 15,
		"bFirerate": 2000,
		"Ergonomics": 40,
		"Velocity": 0,
		"bEffDist": 400,
		"bHearDist": 80,
		"isChamberLoad": false,
		"chamberAmmoCount": 1,
		"isBoltCatch": true,
		"defMagType": "587df3a12459772c28142567",
		"defAmmo": "5656d7c34bdc2d9d198b4587",
		"shotgunDispersion": 10,
		"Chambers": [
			{
				"_name": "patron_in_weapon",
				"_id": "587e030024597743df3deaef",
				"_parent": "587e02ff24597743df3deaeb",
				"_props": {
					"filters": [
						{
							"Filter": [
								"59e0d99486f7744a32234762",
								"59e4d3d286f774176a36250a",
								"5656d7c34bdc2d9d198b4587",
								"59e4cf5286f7741778269d8a",
								"59e4d24686f7741776641ac7"
							]
						}
					]
				},
				"_required": false,
				"_mergeSlotWithChildren": false,
				"_proto": "55d4af244bdc2d962f8b4571"
			}
		],
		"CameraRecoil": 0.3,
		"CameraSnap": 3.5,
		"ReloadMode": "InternalMagazine",
		"CenterOfImpact": 0.07,
		"AimPlane": 0.25,
		"DeviationCurve": 1,
		"DeviationMax": 100,
		"Foldable": false,
		"Retractable": false,
		"TacticalReloadStiffnes": {
			"x": 0.95,
			"y": 0.33,
			"z": 0.95
		},
		"TacticalReloadFixation": 0.95,
		"RecoilCenter": {
			"x": 0,
			"y": -0.3,
			"z": 0.03
		},
		"RotationCenter": {
			"x": 0,
			"y": -0.1,
			"z": -0.03
		},
		"RotationCenterNoStock": {
			"x": 0,
			"y": -0.25,
			"z": -0.03
		},
		"SizeReduceRight": 0,
		"FoldedSlot": "",
		"CompactHandling": true,
		"SightingRange": 100,
		"MinRepairDegradation": 0,
		"MaxRepairDegradation": 0.01,
		"IronSightRange": 100,
		"MustBoltBeOpennedForExternalReload": true,
		"MustBoltBeOpennedForInternalReload": true,
		"BoltAction": false,
		"HipAccuracyRestorationDelay": 0.2,
		"HipAccuracyRestorationSpeed": 7,
		"HipInnaccuracyGain": 0.16,
		"ManualBoltCatch": false
	},
	"_proto": "574d967124597745970e7c94"
}