{
	"_id": "5a7828548dc32e5a9c28b516",
	"_name": "weapon_remington_model_870_12g",
	"_parent": "5447b6094bdc2dc3278b4567",
	"_type": "Item",
	"_props": {
		"Name": "weapon_remington_model_870_12g",
		"ShortName": "weapon_remington_model_870_12g",
		"Description": "weapon_remington_model_870_12g",
		"Weight": 1.1,
		"BackgroundColor": "black",
		"Width": 3,
		"Height": 1,
		"StackMaxSize": 1,
		"Rarity": "Rare",
		"SpawnChance": 4,
		"CreditsPrice": 14402,
		"ItemSound": "weap_pump",
		"Prefab": {
			"path": "assets/content/weapons/m870/weapon_remington_model_870_12g_container.bundle",
			"rcid": ""
		},
		"UsePrefab": {
			"path": "",
			"rcid": ""
		},
		"StackObjectsCount": 1,
		"NotShownInSlot": false,
		"ExaminedByDefault": true,
		"ExamineTime": 1,
		"IsUndiscardable": false,
		"IsUnsaleable": false,
		"IsUnbuyable": false,
		"IsUngivable": false,
		"IsLockedafterEquip": false,
		"QuestItem": false,
		"LootExperience": 20,
		"ExamineExperience": 4,
		"HideEntrails": false,
		"RepairCost": 50,
		"RepairSpeed": 12,
		"ExtraSizeLeft": 0,
		"ExtraSizeRight": 0,
		"ExtraSizeUp": 0,
		"ExtraSizeDown": 0,
		"ExtraSizeForceAdd": false,
		"MergesWithChildren": true,
		"CanSellOnRagfair": true,
		"CanRequireOnRagfair": true,
		"BannedFromRagfair": false,
		"ConflictingItems": [],
		"FixedPrice": false,
		"Unlootable": false,
		"UnlootableFromSlot": "FirstPrimaryWeapon",
		"UnlootableFromSide": [],
		"ChangePriceCoef": 1,
		"AllowSpawnOnLocations": [],
		"SendToClient": false,
		"AnimationVariantsNumber": 0,
		"DiscardingBlock": false,
		"Grids": [],
		"Slots": [
			{
				"_name": "mod_barrel",
				"_id": "5a7828548dc32e5a9c28b517",
				"_parent": "5a7828548dc32e5a9c28b516",
				"_props": {
					"filters": [
						{
							"Shift": 0,
							"Filter": [
								"5a787ebcc5856700142fdd98",
								"5a787f25c5856700186c4ab9",
								"5a787f7ac5856700177af660",
								"5a787fadc5856700155a6ca1",
								"5a787fdfc5856700142fdd9a"
							]
						}
					]
				},
				"_required": true,
				"_mergeSlotWithChildren": false,
				"_proto": "55d30c4c4bdc2db4468b457e"
			},
			{
				"_name": "mod_handguard",
				"_id": "5a7828548dc32e5a9c28b518",
				"_parent": "5a7828548dc32e5a9c28b516",
				"_props": {
					"filters": [
						{
							"Shift": 0,
							"Filter": [
								"5a788031c585673f2b5c1c79",
								"5a788068c5856700137e4c8f",
								"5a788089c5856700142fdd9c"
							]
						}
					]
				},
				"_required": true,
				"_mergeSlotWithChildren": false,
				"_proto": "55d30c4c4bdc2db4468b457e"
			},
			{
				"_name": "mod_magazine",
				"_id": "5a7828548dc32e5a9c28b519",
				"_parent": "5a7828548dc32e5a9c28b516",
				"_props": {
					"filters": [
						{
							"AnimationIndex": 0,
							"Filter": [
								"5a7882dcc5856700177af662",
								"5a78832ec5856700155a6ca3",
								"5a78830bc5856700137e4c90",
								"ares12ga"
							]
						}
					]
				},
				"_required": true,
				"_mergeSlotWithChildren": false,
				"_proto": "55d30c394bdc2dae468b4577"
			},
			{
				"_name": "mod_stock",
				"_id": "5a7828548dc32e5a9c28b51a",
				"_parent": "5a7828548dc32e5a9c28b516",
				"_props": {
					"filters": [
						{
							"Shift": 0,
							"Filter": [
								"5a78813bc5856700186c4abe",
								"5ae35b315acfc4001714e8b0",
								"5a7880d0c5856700142fdd9d",
								"5a788169c5856700142fdd9e",
								"5bfe86a20db834001d23e8f7"
							]
						}
					]
				},
				"_required": true,
				"_mergeSlotWithChildren": false,
				"_proto": "55d30c4c4bdc2db4468b457e"
			},
			{
				"_name": "mod_mount",
				"_id": "5a789524c5856700177b1126",
				"_parent": "5a7828548dc32e5a9c28b516",
				"_props": {
					"filters": [
						{
							"Shift": 0,
							"Filter": [
								"5a7893c1c585673f2b5c374d",
								"5a78948ec5856700177b1124"
							]
						}
					]
				},
				"_required": false,
				"_mergeSlotWithChildren": false,
				"_proto": "55d30c4c4bdc2db4468b457e"
			}
		],
		"CanPutIntoDuringTheRaid": true,
		"CantRemoveFromSlotsDuringRaid": [],
		"weapClass": "shotgun",
		"weapUseType": "primary",
		"ammoCaliber": "Caliber12g",
		"Durability": 100,
		"MaxDurability": 100,
		"OperatingResource": 9000,
		"RepairComplexity": 0,
		"durabSpawnMin": 25,
		"durabSpawnMax": 75,
		"isFastReload": false,
		"RecoilForceUp": 520,
		"RecoilForceBack": 650,
		"Convergence": 2.5,
		"RecoilAngle": 90,
		"weapFireType": [
			"single",
            "burst",
            "fullauto"
		],
		"RecolDispersion": 15,
		"bFirerate": 2000,
		"Ergonomics": 40,
		"Velocity": 0,
		"bEffDist": 70,
		"bHearDist": 1,
		"isChamberLoad": true,
		"chamberAmmoCount": 1,
		"isBoltCatch": false,
		"defMagType": "5a7882dcc5856700177af662",
		"defAmmo": "560d5e524bdc2d25448b4571",
		"shotgunDispersion": 20,
		"Chambers": [
			{
				"_name": "patron_in_weapon",
				"_id": "5a7828548dc32e5a9c28b51d",
				"_parent": "5a7828548dc32e5a9c28b516",
				"_props": {
					"filters": [
						{
							"Filter": [
								"560d5e524bdc2d25448b4571",
								"5d6e6772a4b936088465b17c",
								"5d6e67fba4b9361bc73bc779",
								"5d6e6806a4b936088465b17e",
								"5d6e68dea4b9361bcc29e659",
								"5d6e6911a4b9361bd5780d52",
								"5c0d591486f7744c505b416f",
								"58820d1224597753c90aeb13",
								"5d6e68c4a4b9361b93413f79",
								"5d6e68a8a4b9360b6c0d54e2",
								"5d6e68e6a4b9361c140bcfe0",
								"5d6e6869a4b9361c140bcfde",
								"5d6e68b3a4b9361bca7e50b5",
								"5d6e6891a4b9361bd473feea",
								"5d6e689ca4b9361bc8618956",
								"5d6e68d1a4b93622fe60e845"
							]
						}
					]
				},
				"_required": false,
				"_mergeSlotWithChildren": false,
				"_proto": "55d4af244bdc2d962f8b4571"
			}
		],
		"CameraRecoil": 0.3,
		"CameraSnap": 3.5,
		"ReloadMode": "InternalMagazine",
		"CenterOfImpact": 0,
		"AimPlane": 0.112,
		"DeviationCurve": 1,
		"DeviationMax": 100,
		"Foldable": false,
		"Retractable": false,
		"TacticalReloadStiffnes": {
			"x": 0.95,
			"y": 0.33,
			"z": 0.95
		},
		"TacticalReloadFixation": 0.95,
		"RecoilCenter": {
			"x": 0,
			"y": -0.3,
			"z": 0
		},
		"RotationCenter": {
			"x": 0,
			"y": -0.1,
			"z": -0.03
		},
		"RotationCenterNoStock": {
			"x": 0,
			"y": -0.25,
			"z": -0.06
		},
		"SizeReduceRight": 0,
		"FoldedSlot": "",
		"CompactHandling": true,
		"SightingRange": 100,
		"MinRepairDegradation": 0,
		"MaxRepairDegradation": 0.01,
		"IronSightRange": 25,
		"MustBoltBeOpennedForExternalReload": false,
		"MustBoltBeOpennedForInternalReload": false,
		"BoltAction": false,
		"HipAccuracyRestorationDelay": 0.2,
		"HipAccuracyRestorationSpeed": 7,
		"HipInnaccuracyGain": 0.16,
		"ManualBoltCatch": false,
		"ShotgunDispersion": 1
	},
	"_proto": "54491c4f4bdc2db1078b4568"
}