{
	"_id": "5bb2475ed4351e00853264e3",
	"_name": "weapon_hk_416a5_556x45",
	"_parent": "5447b5f14bdc2d61278b4567",
	"_type": "Item",
	"_props": {
		"Name": "weapon_hk_416a5_556x45",
		"ShortName": "weapon_hk_416a5_556x45",
		"Description": "weapon_hk_416a5_556x45",
		"Weight": 0.52,
		"BackgroundColor": "black",
		"Width": 1,
		"Height": 1,
		"StackMaxSize": 1,
		"Rarity": "Superrare",
		"SpawnChance": 4,
		"CreditsPrice": 21800,
		"ItemSound": "weap_ar",
		"Prefab": {
			"path": "assets/content/weapons/hk416/weapon_hk_416a5_556x45_container.bundle",
			"rcid": ""
		},
		"UsePrefab": {
			"path": "",
			"rcid": ""
		},
		"StackObjectsCount": 1,
		"NotShownInSlot": false,
		"ExaminedByDefault": true,
		"ExamineTime": 1,
		"IsUndiscardable": false,
		"IsUnsaleable": false,
		"IsUnbuyable": false,
		"IsUngivable": false,
		"IsLockedafterEquip": false,
		"QuestItem": false,
		"LootExperience": 30,
		"ExamineExperience": 8,
		"HideEntrails": false,
		"RepairCost": 1100,
		"RepairSpeed": 15,
		"ExtraSizeLeft": 0,
		"ExtraSizeRight": 0,
		"ExtraSizeUp": 0,
		"ExtraSizeDown": 0,
		"ExtraSizeForceAdd": false,
		"MergesWithChildren": true,
		"CanSellOnRagfair": true,
		"CanRequireOnRagfair": true,
		"BannedFromRagfair": false,
		"ConflictingItems": [],
		"FixedPrice": false,
		"Unlootable": false,
		"UnlootableFromSlot": "FirstPrimaryWeapon",
		"UnlootableFromSide": [],
		"ChangePriceCoef": 1,
		"AllowSpawnOnLocations": [],
		"SendToClient": false,
		"AnimationVariantsNumber": 0,
		"DiscardingBlock": false,
		"Grids": [],
		"Slots": [
			{
				"_name": "mod_pistol_grip",
				"_id": "5bb2475ed4351e00853264e5",
				"_parent": "5bb2475ed4351e00853264e3",
				"_props": {
					"filters": [
						{
							"Shift": 0,
							"Filter": [
								"55d4b9964bdc2d1d4e8b456e",
								"571659bb2459771fb2755a12",
								"5cc9bcaed7f00c011c04e179",
								"5bb20e18d4351e00320205d5",
								"5bb20e0ed4351e3bac1212dc",
								"5d025cc1d7ad1a53845279ef",
								"5c6d7b3d2e221600114c9b7d",
								"57c55efc2459772d2c6271e7",
								"57af48872459771f0b2ebf11",
								"57c55f092459772d291a8463",
								"57c55f112459772d28133310",
								"57c55f172459772d27602381",
								"5a339805c4a2826c6e06d73d",
								"55802f5d4bdc2dac148b458f",
								"5d15cf3bd7ad1a67e71518b2",
								"59db3a1d86f77429e05b4e92",
								"59db3acc86f7742a2c4ab912",
								"59db3b0886f77429d72fb895",
								"5b07db875acfc40dc528a5f6"
							]
						}
					]
				},
				"_required": true,
				"_mergeSlotWithChildren": false,
				"_proto": "55d30c4c4bdc2db4468b457e"
			},
			{
				"_name": "mod_magazine",
				"_id": "5bb2475ed4351e00853264e6",
				"_parent": "5bb2475ed4351e00853264e3",
				"_props": {
					"filters": [
						{
							"AnimationIndex": -1,
							"Filter": [
								"55d4887d4bdc2d962f8b4570",
								"5c05413a0db834001c390617",
								"5c6d450c2e221600114c997d",
								"5c6d42cb2e2216000e69d7d1",
								"59c1383d86f774290a37e0ca",
								"5aaa5e60e5b5b000140293d6",
								"5448c1d04bdc2dff2f8b4569",
								"5aaa5dfee5b5b000140293d3",
								"5d1340b3d7ad1a0b52682ed7",
								"544a378f4bdc2d30388b4567",
								"5d1340bdd7ad1a0e8d245aab",
								"55802d5f4bdc2dac148b458e",
								"5d1340cad7ad1a0b0b249869",
								"5c6592372e221600133e47d7",
								"544a37c44bdc2d25388b4567",
								"5c6d46132e221601da357d56",
								"ares556"
							]
						}
					]
				},
				"_required": false,
				"_mergeSlotWithChildren": false,
				"_proto": "55d30c394bdc2dae468b4577"
			},
			{
				"_name": "mod_reciever",
				"_id": "5bb2475ed4351e00853264e7",
				"_parent": "5bb2475ed4351e00853264e3",
				"_props": {
					"filters": [
						{
							"Shift": 0,
							"Filter": [
								"5bb20d53d4351e4502010a69"
							]
						}
					]
				},
				"_required": true,
				"_mergeSlotWithChildren": false,
				"_proto": "55d30c4c4bdc2db4468b457e"
			},
			{
				"_name": "mod_stock",
				"_id": "5bb2475ed4351e00853264e8",
				"_parent": "5bb2475ed4351e00853264e3",
				"_props": {
					"filters": [
						{
							"Shift": 0,
							"Filter": [
								"5b0800175acfc400153aebd4",
								"5bb20e58d4351e00320205d7",
								"5947e98b86f774778f1448bc",
								"5947eab886f77475961d96c5",
								"591aef7986f774139d495f03",
								"591af10186f774139d495f0e"
							]
						}
					]
				},
				"_required": true,
				"_mergeSlotWithChildren": false,
				"_proto": "55d30c4c4bdc2db4468b457e"
			},
			{
				"_name": "mod_charge",
				"_id": "5bb2475ed4351e00853264e9",
				"_parent": "5bb2475ed4351e00853264e3",
				"_props": {
					"filters": [
						{
							"Shift": 0,
							"Filter": [
								"56ea7165d2720b6e518b4583",
								"55d44fd14bdc2d962f8b456e",
								"5bb20dbcd4351e44f824c04e",
								"5b2240bf5acfc40dc528af69",
								"5d44334ba4b9362b346d1948"
							]
						}
					]
				},
				"_required": true,
				"_mergeSlotWithChildren": false,
				"_proto": "55d30c4c4bdc2db4468b457e"
			}
		],
		"CanPutIntoDuringTheRaid": true,
		"CantRemoveFromSlotsDuringRaid": [],
		"weapClass": "assaultRifle",
		"weapUseType": "primary",
		"ammoCaliber": "Caliber556x45NATO",
		"Durability": 100,
		"MaxDurability": 100,
		"OperatingResource": 4000,
		"RepairComplexity": 0,
		"durabSpawnMin": 25,
		"durabSpawnMax": 75,
		"isFastReload": true,
		"RecoilForceUp": 156,
		"RecoilForceBack": 413,
		"Convergence": 1.5,
		"RecoilAngle": 90,
		"weapFireType": [
			"single",
            "burst",
            "fullauto"
		],
		"RecolDispersion": 25,
		"bFirerate": 2000,
		"Ergonomics": 51,
		"Velocity": 0,
		"bEffDist": 500,
		"bHearDist": 80,
		"isChamberLoad": true,
		"chamberAmmoCount": 1,
		"isBoltCatch": true,
		"defMagType": "55d4887d4bdc2d962f8b4570",
		"defAmmo": "54527a984bdc2d4e668b4567",
		"shotgunDispersion": 0,
		"Chambers": [
			{
				"_name": "patron_in_weapon",
				"_id": "5bb2475ed4351e00853264ea",
				"_parent": "5bb2475ed4351e00853264e3",
				"_props": {
					"filters": [
						{
							"Filter": [
								"59e6920f86f77411d82aa167",
								"59e6927d86f77411da468256",
								"54527a984bdc2d4e668b4567",
								"54527ac44bdc2d36668b4567",
								"59e68f6f86f7746c9f75e846",
								"59e6906286f7746c9f75e847",
								"59e690b686f7746c9f75e848",
								"59e6918f86f7746c9f75e849",
								"5c0d5ae286f7741e46554302"
							]
						}
					]
				},
				"_required": false,
				"_mergeSlotWithChildren": false,
				"_proto": "55d4af244bdc2d962f8b4571"
			}
		],
		"CameraRecoil": 0.2,
		"CameraSnap": 3.5,
		"ReloadMode": "ExternalMagazine",
		"CenterOfImpact": 0.01,
		"AimPlane": 0.16,
		"DeviationCurve": 1,
		"DeviationMax": 100,
		"Foldable": false,
		"Retractable": false,
		"TacticalReloadStiffnes": {
			"x": 0.95,
			"y": 0.33,
			"z": 0.95
		},
		"TacticalReloadFixation": 0.95,
		"RecoilCenter": {
			"x": 0,
			"y": -0.24,
			"z": 0
		},
		"RotationCenter": {
			"x": 0,
			"y": -0.1,
			"z": 0
		},
		"RotationCenterNoStock": {
			"x": 0,
			"y": 0,
			"z": 0
		},
		"SizeReduceRight": 0,
		"FoldedSlot": "",
		"CompactHandling": true,
		"SightingRange": 100,
		"MinRepairDegradation": 0,
		"MaxRepairDegradation": 0.01,
		"IronSightRange": 100,
		"MustBoltBeOpennedForExternalReload": false,
		"MustBoltBeOpennedForInternalReload": false,
		"BoltAction": false,
		"HipAccuracyRestorationDelay": 0.2,
		"HipAccuracyRestorationSpeed": 7,
		"HipInnaccuracyGain": 0.16,
		"ManualBoltCatch": false
	},
	"_proto": "5447a9cd4bdc2dbd208b4567"
}