{
	"_id": "5d3eb3b0a4b93615055e84d2",
	"_name": "weapon_fn_five_seven_57x28",
	"_parent": "5447b5cf4bdc2d65278b4567",
	"_type": "Item",
	"_props": {
		"Name": "weapon_fn_five_seven_57x28",
		"ShortName": "weapon_fn_five_seven_57x28",
		"Description": "weapon_fn_five_seven_57x28",
		"Weight": 0.23,
		"BackgroundColor": "black",
		"Width": 2,
		"Height": 1,
		"StackMaxSize": 1,
		"Rarity": "Not_exist",
		"SpawnChance": 5,
		"CreditsPrice": 14238,
		"ItemSound": "weap_pistol",
		"Prefab": {
			"path": "assets/content/weapons/fiveseven/weapon_fn_five_seven_57x28_container.bundle",
			"rcid": ""
		},
		"UsePrefab": {
			"path": "",
			"rcid": ""
		},
		"StackObjectsCount": 1,
		"NotShownInSlot": false,
		"ExaminedByDefault": true,
		"ExamineTime": 1,
		"IsUndiscardable": false,
		"IsUnsaleable": false,
		"IsUnbuyable": false,
		"IsUngivable": false,
		"IsLockedafterEquip": false,
		"QuestItem": false,
		"LootExperience": 20,
		"ExamineExperience": 10,
		"HideEntrails": false,
		"RepairCost": 12,
		"RepairSpeed": 2,
		"ExtraSizeLeft": 0,
		"ExtraSizeRight": 0,
		"ExtraSizeUp": 0,
		"ExtraSizeDown": 0,
		"ExtraSizeForceAdd": false,
		"MergesWithChildren": true,
		"CanSellOnRagfair": true,
		"CanRequireOnRagfair": true,
		"BannedFromRagfair": false,
		"ConflictingItems": [],
		"FixedPrice": false,
		"Unlootable": false,
		"UnlootableFromSlot": "FirstPrimaryWeapon",
		"UnlootableFromSide": [],
		"ChangePriceCoef": 1,
		"AllowSpawnOnLocations": [],
		"SendToClient": false,
		"AnimationVariantsNumber": 0,
		"DiscardingBlock": false,
		"Grids": [],
		"Slots": [
			{
				"_name": "mod_barrel",
				"_id": "5d3eb3b0a4b93615055e84d4",
				"_parent": "5d3eb3b0a4b93615055e84d2",
				"_props": {
					"filters": [
						{
							"Shift": 0,
							"Filter": [
								"5d3eb5b6a4b9361eab311902",
								"5d3eb59ea4b9361c284bb4b2"
							]
						}
					]
				},
				"_required": true,
				"_mergeSlotWithChildren": false,
				"_proto": "55d30c4c4bdc2db4468b457e"
			},
			{
				"_name": "mod_reciever",
				"_id": "5d3eb3b0a4b93615055e84d6",
				"_parent": "5d3eb3b0a4b93615055e84d2",
				"_props": {
					"filters": [
						{
							"Shift": 0,
							"Filter": [
								"5d3eb44aa4b93650d64e4979"
							]
						}
					]
				},
				"_required": true,
				"_mergeSlotWithChildren": false,
				"_proto": "55d30c4c4bdc2db4468b457e"
			},
			{
				"_name": "mod_magazine",
				"_id": "5d3eb3b0a4b93615055e84d7",
				"_parent": "5d3eb3b0a4b93615055e84d2",
				"_props": {
					"filters": [
						{
							"AnimationIndex": -1,
							"Filter": [
								"5d3eb5eca4b9363b1f22f8e4",
								"ares5728"
							]
						}
					]
				},
				"_required": false,
				"_mergeSlotWithChildren": false,
				"_proto": "55d30c394bdc2dae468b4577"
			},
			{
				"_name": "mod_tactical",
				"_id": "5d3eb3b0a4b93615055e84d8",
				"_parent": "5d3eb3b0a4b93615055e84d2",
				"_props": {
					"filters": [
						{
							"Shift": 0,
							"Filter": [
								"5cc9c20cd7f00c001336c65d",
								"5a800961159bd4315e3a1657",
								"5d2369418abbc306c62e0c80",
								"5b07dd285acfc4001754240d",
								"56def37dd2720bec348b456a",
								"5a7b483fe899ef0016170d15",
								"5a5f1ce64f39f90b401987bc",
								"560d657b4bdc2da74d8b4572",
								"5a7b4900e899ef197b331a2a"
							]
						}
					]
				},
				"_required": false,
				"_mergeSlotWithChildren": false,
				"_proto": "55d30c4c4bdc2db4468b457e"
			}
		],
		"CanPutIntoDuringTheRaid": true,
		"CantRemoveFromSlotsDuringRaid": [],
		"weapClass": "pistol",
		"weapUseType": "secondary",
		"ammoCaliber": "Caliber57x28",
		"Durability": 100,
		"MaxDurability": 100,
		"OperatingResource": 14000,
		"RepairComplexity": 0,
		"durabSpawnMin": 25,
		"durabSpawnMax": 70,
		"isFastReload": true,
		"RecoilForceUp": 330,
		"RecoilForceBack": 240,
		"Convergence": 7,
		"RecoilAngle": 90,
		"weapFireType": [
			"single",
            "burst",
            "fullauto"
		],
		"RecolDispersion": 20,
		"bFirerate": 2000,
		"Ergonomics": 86,
		"Velocity": 0,
		"bEffDist": 50,
		"bHearDist": 80,
		"isChamberLoad": true,
		"chamberAmmoCount": 1,
		"isBoltCatch": true,
		"defMagType": "5d3eb5eca4b9363b1f22f8e4",
		"defAmmo": "5cc80f38e4a949001152b560",
		"shotgunDispersion": 10,
		"Chambers": [
			{
				"_name": "patron_in_weapon",
				"_id": "5d3eb3b0a4b93615055e84d9",
				"_parent": "5d3eb3b0a4b93615055e84d2",
				"_props": {
					"filters": [
						{
							"Filter": [
								"5cc80f53e4a949000e1ea4f8",
								"5cc86832d7f00c000d3a6e6c",
								"5cc86840d7f00c002412c56c",
								"5cc80f67e4a949035e43bbba",
								"5cc80f38e4a949001152b560",
								"5cc80f8fe4a949033b0224a2",
								"5cc80f79e4a949033c7343b2"
							]
						}
					]
				},
				"_required": false,
				"_mergeSlotWithChildren": false,
				"_proto": "55d4af244bdc2d962f8b4571"
			}
		],
		"CameraRecoil": 0.05,
		"CameraSnap": 3.5,
		"ReloadMode": "ExternalMagazine",
		"CenterOfImpact": 0,
		"AimPlane": 0.026,
		"DeviationCurve": 1,
		"DeviationMax": 100,
		"Foldable": false,
		"Retractable": false,
		"TacticalReloadStiffnes": {
			"x": 0.95,
			"y": 0.33,
			"z": 0.95
		},
		"TacticalReloadFixation": 0.95,
		"RecoilCenter": {
			"x": 0,
			"y": -0.44,
			"z": -0.005
		},
		"RotationCenter": {
			"x": 0,
			"y": 0,
			"z": 0
		},
		"RotationCenterNoStock": {
			"x": 0,
			"y": -0.45,
			"z": -0.05
		},
		"SizeReduceRight": 0,
		"FoldedSlot": "",
		"CompactHandling": false,
		"SightingRange": 100,
		"MinRepairDegradation": 0,
		"MaxRepairDegradation": 0.01,
		"IronSightRange": 25,
		"MustBoltBeOpennedForExternalReload": false,
		"MustBoltBeOpennedForInternalReload": false,
		"BoltAction": false,
		"HipAccuracyRestorationDelay": 0.2,
		"HipAccuracyRestorationSpeed": 7,
		"HipInnaccuracyGain": 0.16,
		"ManualBoltCatch": false
	},
	"_proto": "5448bd6b4bdc2dfc2f8b4569"
}