{
	"_id": "58330581ace78e27b8b10cee",
	"working": false,
	"customization_seller": false,
	"name": "Александр Фёдорович",
	"surname": "Skier",
	"nickname": "Барыга",
	"location": "Таможня",
	"avatar": "/files/trader/avatar/58330581ace78e27b8b10cee.jpg",
	"balance_rub": 8000000,
	"balance_dol": 0,
	"balance_eur": 0,
	"display": false,
	"discount": 0,
	"discount_end": 0,
	"buyer_up": false,
	"currency": "RUB",
	"supply_next_time": 1587662911,
	"repair": {
		"availability": false,
		"quality": "1",
		"excluded_id_list": [],
		"excluded_category": [],
		"currency": "5449016a4bdc2d6f028b456f",
		"currency_coefficient": 1,
		"price_rate": 100
	},
	"insurance": {
		"availability": false,
		"min_payment": 0,
		"min_return_hour": 0,
		"max_return_hour": 0,
		"max_storage_time": 24,
		"excluded_category": []
	},
	"gridHeight": 160,
	"loyalty": {
		"currentLevel": 1,
		"currentStanding": 0,
		"currentSalesSum": 0,
		"loyaltyLevels": {
			"0": {
				"minLevel": 1,
				"minSalesSum": 0,
				"minStanding": 0
			},
			"1": {
				"minLevel": 15,
				"minSalesSum": 1100000,
				"minStanding": 0.2
			},
			"2": {
				"minLevel": 28,
				"minSalesSum": 1600000,
				"minStanding": 0.4
			},
			"3": {
				"minLevel": 35,
				"minSalesSum": 2600000,
				"minStanding": 0.75
			}
		}
	},
	"sell_category": []
}