{
	"items": [
		{
			"_id": "5c6687d65e9d882c8841f0fd",
			"_tpl": "55d7217a4bdc2d86028b456d"
		},
		{
			"_id": "5c6687d65e9d882c8841f121",
			"_tpl": "557ffd194bdc2d28148b457f",
			"parentId": "5c6687d65e9d882c8841f0fd",
			"slotId": "Pockets"
		},
		{
			"_id": "5c6687d65e9d882c8841f0fc",
			"_tpl": "566abbc34bdc2d92178b4576"
		},
		{
			"_id": "5c6687d65e9d882c8841f0ff",
			"_tpl": "5963866b86f7747bfa1c4462"
		},
		{
			"_id": "5c6687d65e9d882c8841f0fe",
			"_tpl": "5963866286f7747bf429b572"
		},
		{
			"_id": "B51647193862858544SrRrQi",
			"_tpl": "5d5d646386f7742797261fd9",
			"parentId": "5c6687d65e9d882c8841f0fd",
			"slotId": "TacticalVest"
		},
		{
			"_id": "I331034114777799755IvFPN",
			"_tpl": "5b0bbe4e5acfc40dc528a72d",
			"parentId": "5c6687d65e9d882c8841f0fd",
			"slotId": "FirstPrimaryWeapon"
		},
		{
			"_id": "I331034119523901417zl93c",
			"_tpl": "5b099b965acfc400186331e6",
			"parentId": "I331034114777799755IvFPN",
			"slotId": "mod_pistol_grip"
		},
		{
			"_id": "MagazineWeaponScav8947",
			"_tpl": "5b7bef1e5acfc43d82528402",
			"parentId": "I331034114777799755IvFPN",
			"slotId": "mod_magazine"
		},
		{
			"_id": "AmmoMag1803",
			"_tpl": "5e023e53d4353e3302577c4c",
			"parentId": "MagazineWeaponScav8947",
			"slotId": "cartridges",
			"upd": {
				"StackObjectsCount": 10
			}
		},
		{
			"_id": "I331034113877413496L1WCg",
			"_tpl": "5b7bed205acfc400161d08cc",
			"parentId": "I331034114777799755IvFPN",
			"slotId": "mod_handguard"
		},
		{
			"_id": "I3310341189943394442xK9R",
			"_tpl": "5b7be1265acfc400161d0798",
			"parentId": "I331034114777799755IvFPN",
			"slotId": "mod_barrel"
		},
		{
			"_id": "I331034119990686594Kxwa6",
			"_tpl": "5b0bc22d5acfc47a8607f085",
			"parentId": "I331034114777799755IvFPN",
			"slotId": "mod_sight_rear",
			"upd": {
				"Sight": {
					"SelectedSightMode": 0
				}
			}
		},
		{
			"_id": "I331034111238426489uWtDH",
			"_tpl": "5b7d645e5acfc400170e2f90",
			"parentId": "I331034114777799755IvFPN",
			"slotId": "mod_stock"
		},
		{
			"_id": "FuckYouUnlimitedAmmo595972",
			"_tpl": "5857a8bc2459772bad15db29",
			"parentId": "5c6687d65e9d882c8841f0fd",
			"slotId": "SecuredContainer"
		},
		{
			"_id": "iHateThatShit486770",
			"_tpl": "5a608bf24f39f98ffc77720e",
			"parentId": "FuckYouUnlimitedAmmo595972",
			"slotId": "main",
			"upd": {
				"StackObjectsCount": 60
			}
		},
		{
			"_id": "iHateThatShit811200",
			"_tpl": "58dd3ad986f77403051cba8f",
			"parentId": "FuckYouUnlimitedAmmo595972",
			"slotId": "main",
			"upd": {
				"StackObjectsCount": 60
			}
		},
		{
			"_id": "iHateThatShit421854",
			"_tpl": "5a608bf24f39f98ffc77720e",
			"parentId": "FuckYouUnlimitedAmmo595972",
			"slotId": "main",
			"upd": {
				"StackObjectsCount": 60
			}
		},
		{
			"_id": "iHateThatShit164116",
			"_tpl": "58dd3ad986f77403051cba8f",
			"parentId": "FuckYouUnlimitedAmmo595972",
			"slotId": "main",
			"upd": {
				"StackObjectsCount": 60
			}
		},
		{
			"_id": "iHateThatShit483320",
			"_tpl": "5e023e6e34d52a55c3304f71",
			"parentId": "FuckYouUnlimitedAmmo595972",
			"slotId": "main",
			"upd": {
				"StackObjectsCount": 60
			}
		},
		{
			"_id": "iHateThatShit526831",
			"_tpl": "5a6086ea4f39f99cd479502f",
			"parentId": "FuckYouUnlimitedAmmo595972",
			"slotId": "main",
			"upd": {
				"StackObjectsCount": 60
			}
		},
		{
			"_id": "iHateThatShit94134",
			"_tpl": "5a6086ea4f39f99cd479502f",
			"parentId": "FuckYouUnlimitedAmmo595972",
			"slotId": "main",
			"upd": {
				"StackObjectsCount": 60
			}
		},
		{
			"_id": "iHateThatShit994540",
			"_tpl": "58dd3ad986f77403051cba8f",
			"parentId": "FuckYouUnlimitedAmmo595972",
			"slotId": "main",
			"upd": {
				"StackObjectsCount": 60
			}
		},
		{
			"_id": "iHateThatShit887930",
			"_tpl": "5e023e53d4353e3302577c4c",
			"parentId": "FuckYouUnlimitedAmmo595972",
			"slotId": "main",
			"upd": {
				"StackObjectsCount": 60
			}
		},
		{
			"_id": "mag0Vest146809",
			"_tpl": "5b7bef1e5acfc43d82528402",
			"parentId": "B51647193862858544SrRrQi",
			"slotId": "3",
			"location": {
				"x": 0,
				"y": 0,
				"r": "Horizontal"
			}
		},
		{
			"_id": "AmmoMag0Vest865115",
			"_tpl": "5a6086ea4f39f99cd479502f",
			"parentId": "mag0Vest146809",
			"slotId": "cartridges",
			"upd": {
				"StackObjectsCount": 10
			}
		},
		{
			"_id": "mag0Vest916503",
			"_tpl": "5b7bef1e5acfc43d82528402",
			"parentId": "B51647193862858544SrRrQi",
			"slotId": "3",
			"location": {
				"x": 0,
				"y": 1,
				"r": "Horizontal"
			}
		},
		{
			"_id": "AmmoMag0Vest17221",
			"_tpl": "5a6086ea4f39f99cd479502f",
			"parentId": "mag0Vest916503",
			"slotId": "cartridges",
			"upd": {
				"StackObjectsCount": 10
			}
		},
		{
			"_id": "mag1Vest744998",
			"_tpl": "5b7bef1e5acfc43d82528402",
			"parentId": "B51647193862858544SrRrQi",
			"slotId": "5",
			"location": {
				"x": 0,
				"y": 0,
				"r": "Horizontal"
			}
		},
		{
			"_id": "AmmoMag1Vest664102",
			"_tpl": "5e023e88277cce2b522ff2b1",
			"parentId": "mag1Vest744998",
			"slotId": "cartridges",
			"upd": {
				"StackObjectsCount": 10
			}
		},
		{
			"_id": "mag1Vest552761",
			"_tpl": "5b7bef1e5acfc43d82528402",
			"parentId": "B51647193862858544SrRrQi",
			"slotId": "5",
			"location": {
				"x": 0,
				"y": 1,
				"r": "Horizontal"
			}
		},
		{
			"_id": "AmmoMag1Vest932716",
			"_tpl": "58dd3ad986f77403051cba8f",
			"parentId": "mag1Vest552761",
			"slotId": "cartridges",
			"upd": {
				"StackObjectsCount": 10
			}
		},
		{
			"_id": "StackAmmo9765077293",
			"_tpl": "5e023e6e34d52a55c3304f71",
			"parentId": "B51647193862858544SrRrQi",
			"slotId": "2",
			"upd": {
				"StackObjectsCount": 25
			}
		},
		{
			"_id": "StackAmmo47452950399",
			"_tpl": "5e023e6e34d52a55c3304f71",
			"parentId": "B51647193862858544SrRrQi",
			"slotId": "8",
			"upd": {
				"StackObjectsCount": 34
			}
		},
		{
			"_id": "B51647193452129952ey0csP",
			"_tpl": "57e26ea924597715ca604a09",
			"parentId": "5c6687d65e9d882c8841f0fd",
			"slotId": "Scabbard"
		},
		{
			"_id": "B51647199827941523yvsRCM",
			"_tpl": "5b40e61f5acfc4001a599bec",
			"parentId": "5c6687d65e9d882c8841f0fd",
			"slotId": "Headwear"
		},
		{
			"_id": "B51647196718097110IWLlhy",
			"_tpl": "5e54f76986f7740366043752",
			"parentId": "5c6687d65e9d882c8841f0fd",
			"slotId": "FaceCover"
		},
		{
			"_id": "Pocket_13922",
			"_tpl": "590a373286f774287540368b",
			"parentId": "5c6687d65e9d882c8841f121",
			"slotId": "pocket1",
			"location": {
				"x": 0,
				"y": 0,
				"r": "Horizontal"
			},
			"upd": {
				"SpawnedInSession": true
			}
		},
		{
			"_id": "Pocket_168422",
			"_tpl": "590c2d8786f774245b1f03f3",
			"parentId": "5c6687d65e9d882c8841f121",
			"slotId": "pocket2",
			"location": {
				"x": 0,
				"y": 0,
				"r": "Horizontal"
			},
			"upd": {
				"SpawnedInSession": true
			}
		},
		{
			"_id": "Pocket_31638",
			"_tpl": "5a0ea64786f7741707720468",
			"parentId": "5c6687d65e9d882c8841f121",
			"slotId": "pocket3",
			"location": {
				"x": 0,
				"y": 0,
				"r": "Horizontal"
			},
			"upd": {
				"SpawnedInSession": true
			}
		}
	],
	"equipment": "5c6687d65e9d882c8841f0fd",
	"stash": "5c6687d65e9d882c8841f0fc",
	"questRaidItems": "5c6687d65e9d882c8841f0fe",
	"questStashItems": "5c6687d65e9d882c8841f0ff",
	"fastPanel": {}
}