{
	"items": [
		{
			"_id": "5c6687d65e9d882c8841f0fd",
			"_tpl": "55d7217a4bdc2d86028b456d"
		},
		{
			"_id": "5c6687d65e9d882c8841f121",
			"_tpl": "557ffd194bdc2d28148b457f",
			"parentId": "5c6687d65e9d882c8841f0fd",
			"slotId": "Pockets"
		},
		{
			"_id": "5c6687d65e9d882c8841f0fc",
			"_tpl": "566abbc34bdc2d92178b4576"
		},
		{
			"_id": "5c6687d65e9d882c8841f0ff",
			"_tpl": "5963866b86f7747bfa1c4462"
		},
		{
			"_id": "5c6687d65e9d882c8841f0fe",
			"_tpl": "5963866286f7747bf429b572"
		},
		{
			"_id": "B51647197654171102lbRYVm",
			"_tpl": "544a5caa4bdc2d1a388b4568",
			"parentId": "5c6687d65e9d882c8841f0fd",
			"slotId": "TacticalVest"
		},
		{
			"_id": "I210010418024497707wBAB1",
			"_tpl": "5abcbc27d8ce8700182eceeb",
			"parentId": "5c6687d65e9d882c8841f0fd",
			"slotId": "FirstPrimaryWeapon"
		},
		{
			"_id": "I210010416497173703N2Isr",
			"_tpl": "59d64ec286f774171d1e0a42",
			"parentId": "I210010418024497707wBAB1",
			"slotId": "mod_gas_block"
		},
		{
			"_id": "I2100104197542237816XvUi",
			"_tpl": "59e61eb386f77440d64f5daf",
			"parentId": "I210010418024497707wBAB1",
			"slotId": "mod_muzzle"
		},
		{
			"_id": "I2100104149859199721tBVT",
			"_tpl": "5a0071d486f77404e23a12b2",
			"parentId": "I210010418024497707wBAB1",
			"slotId": "mod_pistol_grip_akms"
		},
		{
			"_id": "I210010419246380679XMkY5",
			"_tpl": "59d6507c86f7741b846413a2",
			"parentId": "I210010418024497707wBAB1",
			"slotId": "mod_reciever"
		},
		{
			"_id": "I210010419926311617oJRkC",
			"_tpl": "59d650cf86f7741b846413a4",
			"parentId": "I210010418024497707wBAB1",
			"slotId": "mod_sight_rear",
			"upd": {
				"Sight": {
					"SelectedSightMode": 0
				}
			}
		},
		{
			"_id": "I210010415340435275MTdRt",
			"_tpl": "5abcd472d8ce8700166032ae",
			"parentId": "I210010418024497707wBAB1",
			"slotId": "mod_stock_akms"
		},
		{
			"_id": "MagazineWeaponScav881",
			"_tpl": "59e5d83b86f7745aed03d262",
			"parentId": "I210010418024497707wBAB1",
			"slotId": "mod_magazine"
		},
		{
			"_id": "AmmoMag11936",
			"_tpl": "59e0d99486f7744a32234762",
			"parentId": "MagazineWeaponScav881",
			"slotId": "cartridges",
			"upd": {
				"StackObjectsCount": 10
			}
		},
		{
			"_id": "I210010411171325975YXFEd",
			"_tpl": "59d64f2f86f77417193ef8b3",
			"parentId": "I210010416497173703N2Isr",
			"slotId": "mod_handguard"
		},
		{
			"_id": "FuckYouUnlimitedAmmo345211",
			"_tpl": "5857a8bc2459772bad15db29",
			"parentId": "5c6687d65e9d882c8841f0fd",
			"slotId": "SecuredContainer"
		},
		{
			"_id": "iHateThatShit401345",
			"_tpl": "59e4d24686f7741776641ac7",
			"parentId": "FuckYouUnlimitedAmmo345211",
			"slotId": "main",
			"upd": {
				"StackObjectsCount": 60
			}
		},
		{
			"_id": "iHateThatShit814777",
			"_tpl": "59e4d24686f7741776641ac7",
			"parentId": "FuckYouUnlimitedAmmo345211",
			"slotId": "main",
			"upd": {
				"StackObjectsCount": 60
			}
		},
		{
			"_id": "iHateThatShit786904",
			"_tpl": "5656d7c34bdc2d9d198b4587",
			"parentId": "FuckYouUnlimitedAmmo345211",
			"slotId": "main",
			"upd": {
				"StackObjectsCount": 60
			}
		},
		{
			"_id": "iHateThatShit227934",
			"_tpl": "59e4d3d286f774176a36250a",
			"parentId": "FuckYouUnlimitedAmmo345211",
			"slotId": "main",
			"upd": {
				"StackObjectsCount": 60
			}
		},
		{
			"_id": "iHateThatShit573965",
			"_tpl": "59e4cf5286f7741778269d8a",
			"parentId": "FuckYouUnlimitedAmmo345211",
			"slotId": "main",
			"upd": {
				"StackObjectsCount": 60
			}
		},
		{
			"_id": "iHateThatShit955797",
			"_tpl": "5656d7c34bdc2d9d198b4587",
			"parentId": "FuckYouUnlimitedAmmo345211",
			"slotId": "main",
			"upd": {
				"StackObjectsCount": 60
			}
		},
		{
			"_id": "iHateThatShit480286",
			"_tpl": "59e4d3d286f774176a36250a",
			"parentId": "FuckYouUnlimitedAmmo345211",
			"slotId": "main",
			"upd": {
				"StackObjectsCount": 60
			}
		},
		{
			"_id": "iHateThatShit4027",
			"_tpl": "59e4cf5286f7741778269d8a",
			"parentId": "FuckYouUnlimitedAmmo345211",
			"slotId": "main",
			"upd": {
				"StackObjectsCount": 60
			}
		},
		{
			"_id": "iHateThatShit897136",
			"_tpl": "59e0d99486f7744a32234762",
			"parentId": "FuckYouUnlimitedAmmo345211",
			"slotId": "main",
			"upd": {
				"StackObjectsCount": 60
			}
		},
		{
			"_id": "mag0Vest212676",
			"_tpl": "59e5d83b86f7745aed03d262",
			"parentId": "B51647197654171102lbRYVm",
			"slotId": "1",
			"location": {
				"x": 0,
				"y": 0,
				"r": "Horizontal"
			}
		},
		{
			"_id": "AmmoMag0Vest655939",
			"_tpl": "59e4d3d286f774176a36250a",
			"parentId": "mag0Vest212676",
			"slotId": "cartridges",
			"upd": {
				"StackObjectsCount": 10
			}
		},
		{
			"_id": "mag1Vest229028",
			"_tpl": "59e5d83b86f7745aed03d262",
			"parentId": "B51647197654171102lbRYVm",
			"slotId": "3",
			"location": {
				"x": 0,
				"y": 0,
				"r": "Horizontal"
			}
		},
		{
			"_id": "AmmoMag1Vest976399",
			"_tpl": "59e0d99486f7744a32234762",
			"parentId": "mag1Vest229028",
			"slotId": "cartridges",
			"upd": {
				"StackObjectsCount": 10
			}
		},
		{
			"_id": "mag2Vest308421",
			"_tpl": "59e5d83b86f7745aed03d262",
			"parentId": "B51647197654171102lbRYVm",
			"slotId": "11",
			"location": {
				"x": 0,
				"y": 0,
				"r": "Horizontal"
			}
		},
		{
			"_id": "AmmoMag2Vest447453",
			"_tpl": "59e4d3d286f774176a36250a",
			"parentId": "mag2Vest308421",
			"slotId": "cartridges",
			"upd": {
				"StackObjectsCount": 10
			}
		},
		{
			"_id": "mag2Vest895661",
			"_tpl": "59e5d83b86f7745aed03d262",
			"parentId": "B51647197654171102lbRYVm",
			"slotId": "11",
			"location": {
				"x": 0,
				"y": 1,
				"r": "Horizontal"
			}
		},
		{
			"_id": "AmmoMag2Vest816714",
			"_tpl": "59e0d99486f7744a32234762",
			"parentId": "mag2Vest895661",
			"slotId": "cartridges",
			"upd": {
				"StackObjectsCount": 10
			}
		},
		{
			"_id": "B51647191336969952dM9xfu",
			"_tpl": "57e26fc7245977162a14b800",
			"parentId": "5c6687d65e9d882c8841f0fd",
			"slotId": "Scabbard"
		},
		{
			"_id": "B51647196588567279OLFlBs",
			"_tpl": "5e01ef6886f77445f643baa4",
			"parentId": "5c6687d65e9d882c8841f0fd",
			"slotId": "Headwear"
		},
		{
			"_id": "B51647197415898097sq4dd9",
			"_tpl": "56e33680d2720be2748b4576",
			"parentId": "5c6687d65e9d882c8841f0fd",
			"slotId": "Backpack"
		}
	],
	"equipment": "5c6687d65e9d882c8841f0fd",
	"stash": "5c6687d65e9d882c8841f0fc",
	"questRaidItems": "5c6687d65e9d882c8841f0fe",
	"questStashItems": "5c6687d65e9d882c8841f0ff",
	"fastPanel": {}
}