{
	"items": [
		{
			"_id": "5c6687d65e9d882c8841f0fd",
			"_tpl": "55d7217a4bdc2d86028b456d"
		},
		{
			"_id": "5c6687d65e9d882c8841f121",
			"_tpl": "557ffd194bdc2d28148b457f",
			"parentId": "5c6687d65e9d882c8841f0fd",
			"slotId": "Pockets"
		},
		{
			"_id": "5c6687d65e9d882c8841f0fc",
			"_tpl": "566abbc34bdc2d92178b4576"
		},
		{
			"_id": "5c6687d65e9d882c8841f0ff",
			"_tpl": "5963866b86f7747bfa1c4462"
		},
		{
			"_id": "5c6687d65e9d882c8841f0fe",
			"_tpl": "5963866286f7747bf429b572"
		},
		{
			"_id": "B51647185019361256Jtp2zL",
			"_tpl": "5d5d8ca986f7742798716522",
			"parentId": "5c6687d65e9d882c8841f0fd",
			"slotId": "TacticalVest"
		},
		{
			"_id": "I210015284016300659rnhJU",
			"_tpl": "59f9cabd86f7743a10721f46",
			"parentId": "5c6687d65e9d882c8841f0fd",
			"slotId": "FirstPrimaryWeapon"
		},
		{
			"_id": "I2100152895663463528MyYf",
			"_tpl": "5998517986f7746017232f7e",
			"parentId": "I210015284016300659rnhJU",
			"slotId": "mod_pistol_grip"
		},
		{
			"_id": "I210015285590848988P5QKp",
			"_tpl": "599851db86f77467372f0a18",
			"parentId": "I210015284016300659rnhJU",
			"slotId": "mod_stock"
		},
		{
			"_id": "MagazineWeaponScav8240",
			"_tpl": "5c0673fb0db8340023300271",
			"parentId": "I210015284016300659rnhJU",
			"slotId": "mod_magazine"
		},
		{
			"_id": "AmmoMag13898",
			"_tpl": "5c3df7d588a4501f290594e5",
			"parentId": "MagazineWeaponScav8240",
			"slotId": "cartridges",
			"upd": {
				"StackObjectsCount": 20
			}
		},
		{
			"_id": "I210015282469640139xDtN6",
			"_tpl": "5998598e86f7740b3f498a86",
			"parentId": "I210015284016300659rnhJU",
			"slotId": "mod_muzzle"
		},
		{
			"_id": "I210015288071579754emPzf",
			"_tpl": "59985a8086f77414ec448d1a",
			"parentId": "I210015284016300659rnhJU",
			"slotId": "mod_reciever"
		},
		{
			"_id": "I210015282869006577yIjOa",
			"_tpl": "599860e986f7743bb57573a6",
			"parentId": "I210015284016300659rnhJU",
			"slotId": "mod_sight_rear",
			"upd": {
				"Sight": {
					"SelectedSightMode": 0
				}
			}
		},
		{
			"_id": "I210015283076588120Xl9Cd",
			"_tpl": "59ccd11386f77428f24a488f",
			"parentId": "I210015284016300659rnhJU",
			"slotId": "mod_gas_block"
		},
		{
			"_id": "I210015284468175723PcXyu",
			"_tpl": "5648b1504bdc2d9d488b4584",
			"parentId": "I210015283076588120Xl9Cd",
			"slotId": "mod_handguard"
		},
		{
			"_id": "FuckYouUnlimitedAmmo176677",
			"_tpl": "5857a8bc2459772bad15db29",
			"parentId": "5c6687d65e9d882c8841f0fd",
			"slotId": "SecuredContainer"
		},
		{
			"_id": "iHateThatShit233659",
			"_tpl": "5c925fa22e221601da359b7b",
			"parentId": "FuckYouUnlimitedAmmo176677",
			"slotId": "main",
			"upd": {
				"StackObjectsCount": 60
			}
		},
		{
			"_id": "iHateThatShit27573",
			"_tpl": "5c925fa22e221601da359b7b",
			"parentId": "FuckYouUnlimitedAmmo176677",
			"slotId": "main",
			"upd": {
				"StackObjectsCount": 60
			}
		},
		{
			"_id": "iHateThatShit723896",
			"_tpl": "58864a4f2459770fcc257101",
			"parentId": "FuckYouUnlimitedAmmo176677",
			"slotId": "main",
			"upd": {
				"StackObjectsCount": 60
			}
		},
		{
			"_id": "iHateThatShit105924",
			"_tpl": "5c3df7d588a4501f290594e5",
			"parentId": "FuckYouUnlimitedAmmo176677",
			"slotId": "main",
			"upd": {
				"StackObjectsCount": 60
			}
		},
		{
			"_id": "iHateThatShit385618",
			"_tpl": "56d59d3ad2720bdb418b4577",
			"parentId": "FuckYouUnlimitedAmmo176677",
			"slotId": "main",
			"upd": {
				"StackObjectsCount": 60
			}
		},
		{
			"_id": "iHateThatShit440237",
			"_tpl": "5a3c16fe86f77452b62de32a",
			"parentId": "FuckYouUnlimitedAmmo176677",
			"slotId": "main",
			"upd": {
				"StackObjectsCount": 60
			}
		},
		{
			"_id": "iHateThatShit217669",
			"_tpl": "5a3c16fe86f77452b62de32a",
			"parentId": "FuckYouUnlimitedAmmo176677",
			"slotId": "main",
			"upd": {
				"StackObjectsCount": 60
			}
		},
		{
			"_id": "iHateThatShit859701",
			"_tpl": "5c0d56a986f774449d5de529",
			"parentId": "FuckYouUnlimitedAmmo176677",
			"slotId": "main",
			"upd": {
				"StackObjectsCount": 60
			}
		},
		{
			"_id": "iHateThatShit453095",
			"_tpl": "5c0d56a986f774449d5de529",
			"parentId": "FuckYouUnlimitedAmmo176677",
			"slotId": "main",
			"upd": {
				"StackObjectsCount": 60
			}
		},
		{
			"_id": "mag0Vest198903",
			"_tpl": "5998529a86f774647f44f421",
			"parentId": "B51647185019361256Jtp2zL",
			"slotId": "2",
			"location": {
				"x": 0,
				"y": 0,
				"r": "Horizontal"
			}
		},
		{
			"_id": "AmmoMag0Vest816848",
			"_tpl": "5c0d56a986f774449d5de529",
			"parentId": "mag0Vest198903",
			"slotId": "cartridges",
			"upd": {
				"StackObjectsCount": 10
			}
		},
		{
			"_id": "mag0Vest912710",
			"_tpl": "5998529a86f774647f44f421",
			"parentId": "B51647185019361256Jtp2zL",
			"slotId": "1",
			"location": {
				"x": 0,
				"y": 0,
				"r": "Horizontal"
			}
		},
		{
			"_id": "AmmoMag0Vest556516",
			"_tpl": "5a3c16fe86f77452b62de32a",
			"parentId": "mag0Vest912710",
			"slotId": "cartridges",
			"upd": {
				"StackObjectsCount": 10
			}
		},
		{
			"_id": "B51647181259646154ZfzNvk",
			"_tpl": "54491bb74bdc2d09088b4567",
			"parentId": "5c6687d65e9d882c8841f0fd",
			"slotId": "Scabbard"
		},
		{
			"_id": "B51647184613857412oJPruq",
			"_tpl": "5b432be65acfc433000ed01f",
			"parentId": "5c6687d65e9d882c8841f0fd",
			"slotId": "Eyewear"
		},
		{
			"_id": "B51647189069244822xq64br",
			"_tpl": "572b7fa524597762b747ce82",
			"parentId": "5c6687d65e9d882c8841f0fd",
			"slotId": "FaceCover"
		},
		{
			"_id": "Pocket_144935",
			"_tpl": "5d1c774f86f7746d6620f8db",
			"parentId": "5c6687d65e9d882c8841f121",
			"slotId": "pocket1",
			"location": {
				"x": 0,
				"y": 0,
				"r": "Horizontal"
			},
			"upd": {
				"SpawnedInSession": true
			}
		}
	],
	"equipment": "5c6687d65e9d882c8841f0fd",
	"stash": "5c6687d65e9d882c8841f0fc",
	"questRaidItems": "5c6687d65e9d882c8841f0fe",
	"questStashItems": "5c6687d65e9d882c8841f0ff",
	"fastPanel": {}
}