{
	"items": [
		{
			"_id": "5c6687d65e9d882c8841f0fd",
			"_tpl": "55d7217a4bdc2d86028b456d"
		},
		{
			"_id": "5c6687d65e9d882c8841f121",
			"_tpl": "557ffd194bdc2d28148b457f",
			"parentId": "5c6687d65e9d882c8841f0fd",
			"slotId": "Pockets"
		},
		{
			"_id": "5c6687d65e9d882c8841f0fc",
			"_tpl": "566abbc34bdc2d92178b4576"
		},
		{
			"_id": "5c6687d65e9d882c8841f0ff",
			"_tpl": "5963866b86f7747bfa1c4462"
		},
		{
			"_id": "5c6687d65e9d882c8841f0fe",
			"_tpl": "5963866286f7747bf429b572"
		},
		{
			"_id": "B51647149243854368A3p7Rh",
			"_tpl": "5b44c8ea86f7742d1627baf1",
			"parentId": "5c6687d65e9d882c8841f0fd",
			"slotId": "TacticalVest"
		},
		{
			"_id": "I210053421398609716glI23",
			"_tpl": "57838ad32459774a17445cd2",
			"parentId": "5c6687d65e9d882c8841f0fd",
			"slotId": "FirstPrimaryWeapon"
		},
		{
			"_id": "MagazineWeaponScav9313",
			"_tpl": "5a9e81fba2750c00164f6b11",
			"parentId": "I210053421398609716glI23",
			"slotId": "mod_magazine"
		},
		{
			"_id": "AmmoMag17035",
			"_tpl": "57a0dfb82459774d3078b56c",
			"parentId": "MagazineWeaponScav9313",
			"slotId": "cartridges",
			"upd": {
				"StackObjectsCount": 30
			}
		},
		{
			"_id": "I210053428634071086N8Zju",
			"_tpl": "57838c962459774a1651ec63",
			"parentId": "I210053421398609716glI23",
			"slotId": "mod_muzzle"
		},
		{
			"_id": "I210053422066154803RCGpD",
			"_tpl": "578395e82459774a0e553c7b",
			"parentId": "I210053421398609716glI23",
			"slotId": "mod_stock"
		},
		{
			"_id": "I210053425608849568ba9of",
			"_tpl": "57838e1b2459774a256959b1",
			"parentId": "I210053428634071086N8Zju",
			"slotId": "mod_sight_rear",
			"upd": {
				"Sight": {
					"SelectedSightMode": 0
				}
			}
		},
		{
			"_id": "FuckYouUnlimitedAmmo82139",
			"_tpl": "5857a8bc2459772bad15db29",
			"parentId": "5c6687d65e9d882c8841f0fd",
			"slotId": "SecuredContainer"
		},
		{
			"_id": "iHateThatShit987540",
			"_tpl": "57a0dfb82459774d3078b56c",
			"parentId": "FuckYouUnlimitedAmmo82139",
			"slotId": "main",
			"upd": {
				"StackObjectsCount": 60
			}
		},
		{
			"_id": "iHateThatShit783677",
			"_tpl": "57a0dfb82459774d3078b56c",
			"parentId": "FuckYouUnlimitedAmmo82139",
			"slotId": "main",
			"upd": {
				"StackObjectsCount": 60
			}
		},
		{
			"_id": "iHateThatShit661910",
			"_tpl": "57a0dfb82459774d3078b56c",
			"parentId": "FuckYouUnlimitedAmmo82139",
			"slotId": "main",
			"upd": {
				"StackObjectsCount": 60
			}
		},
		{
			"_id": "iHateThatShit614186",
			"_tpl": "57a0e5022459774d1673f889",
			"parentId": "FuckYouUnlimitedAmmo82139",
			"slotId": "main",
			"upd": {
				"StackObjectsCount": 60
			}
		},
		{
			"_id": "iHateThatShit72182",
			"_tpl": "57a0dfb82459774d3078b56c",
			"parentId": "FuckYouUnlimitedAmmo82139",
			"slotId": "main",
			"upd": {
				"StackObjectsCount": 60
			}
		},
		{
			"_id": "iHateThatShit552453",
			"_tpl": "5c0d668f86f7747ccb7f13b2",
			"parentId": "FuckYouUnlimitedAmmo82139",
			"slotId": "main",
			"upd": {
				"StackObjectsCount": 60
			}
		},
		{
			"_id": "iHateThatShit985418",
			"_tpl": "5c0d688c86f77413ae3407b2",
			"parentId": "FuckYouUnlimitedAmmo82139",
			"slotId": "main",
			"upd": {
				"StackObjectsCount": 60
			}
		},
		{
			"_id": "iHateThatShit736305",
			"_tpl": "57a0dfb82459774d3078b56c",
			"parentId": "FuckYouUnlimitedAmmo82139",
			"slotId": "main",
			"upd": {
				"StackObjectsCount": 60
			}
		},
		{
			"_id": "iHateThatShit836624",
			"_tpl": "57a0dfb82459774d3078b56c",
			"parentId": "FuckYouUnlimitedAmmo82139",
			"slotId": "main",
			"upd": {
				"StackObjectsCount": 60
			}
		},
		{
			"_id": "mag0Vest96024",
			"_tpl": "57838f9f2459774a150289a0",
			"parentId": "B51647149243854368A3p7Rh",
			"slotId": "1",
			"location": {
				"x": 0,
				"y": 0,
				"r": "Horizontal"
			}
		},
		{
			"_id": "AmmoMag0Vest412279",
			"_tpl": "57a0e5022459774d1673f889",
			"parentId": "mag0Vest96024",
			"slotId": "cartridges",
			"upd": {
				"StackObjectsCount": 20
			}
		},
		{
			"_id": "mag3Vest505925",
			"_tpl": "57838f9f2459774a150289a0",
			"parentId": "B51647149243854368A3p7Rh",
			"slotId": "5",
			"location": {
				"x": 0,
				"y": 0,
				"r": "Horizontal"
			}
		},
		{
			"_id": "AmmoMag3Vest487255",
			"_tpl": "57a0dfb82459774d3078b56c",
			"parentId": "mag3Vest505925",
			"slotId": "cartridges",
			"upd": {
				"StackObjectsCount": 20
			}
		},
		{
			"_id": "mag4Vest994939",
			"_tpl": "57838f9f2459774a150289a0",
			"parentId": "B51647149243854368A3p7Rh",
			"slotId": "7",
			"location": {
				"x": 0,
				"y": 0,
				"r": "Horizontal"
			}
		},
		{
			"_id": "AmmoMag4Vest148660",
			"_tpl": "5c0d668f86f7747ccb7f13b2",
			"parentId": "mag4Vest994939",
			"slotId": "cartridges",
			"upd": {
				"StackObjectsCount": 20
			}
		},
		{
			"_id": "B51647147175028166nrQtxV",
			"_tpl": "57e26fc7245977162a14b800",
			"parentId": "5c6687d65e9d882c8841f0fd",
			"slotId": "Scabbard"
		},
		{
			"_id": "B51647146586091442kr62VS",
			"_tpl": "59e770b986f7742cbd762754",
			"parentId": "5c6687d65e9d882c8841f0fd",
			"slotId": "Eyewear"
		},
		{
			"_id": "B51647148622829354WIEhff",
			"_tpl": "572b7f1624597762ae139822",
			"parentId": "5c6687d65e9d882c8841f0fd",
			"slotId": "FaceCover"
		},
		{
			"_id": "B51647145046877034x30cC6",
			"_tpl": "56e33680d2720be2748b4576",
			"parentId": "5c6687d65e9d882c8841f0fd",
			"slotId": "Backpack"
		},
		{
			"_id": "BP51647144698699925vRJRT",
			"_tpl": "5d1b392c86f77425243e98fe",
			"parentId": "B51647145046877034x30cC6",
			"slotId": "main",
			"location": {
				"x": 0,
				"y": 0,
				"r": "Horizontal"
			}
		},
		{
			"_id": "BP51647147765067945QF30s",
			"_tpl": "5d63d33b86f7746ea9275524",
			"parentId": "B51647145046877034x30cC6",
			"slotId": "main",
			"location": {
				"x": 0,
				"y": 1,
				"r": "Horizontal"
			}
		},
		{
			"_id": "BP516471476716456060tWJv",
			"_tpl": "57347c1124597737fb1379e3",
			"parentId": "B51647145046877034x30cC6",
			"slotId": "main",
			"location": {
				"x": 0,
				"y": 2,
				"r": "Horizontal"
			}
		},
		{
			"_id": "Pocket_617752",
			"_tpl": "59e366c186f7741778269d85",
			"parentId": "5c6687d65e9d882c8841f121",
			"slotId": "pocket1",
			"location": {
				"x": 0,
				"y": 0,
				"r": "Horizontal"
			},
			"upd": {
				"SpawnedInSession": true
			}
		},
		{
			"_id": "Pocket_281695",
			"_tpl": "5938504186f7740991483f30",
			"parentId": "5c6687d65e9d882c8841f121",
			"slotId": "pocket2",
			"location": {
				"x": 0,
				"y": 0,
				"r": "Horizontal"
			},
			"upd": {
				"SpawnedInSession": true
			}
		},
		{
			"_id": "Pocket_738747",
			"_tpl": "5af04b6486f774195a3ebb49",
			"parentId": "5c6687d65e9d882c8841f121",
			"slotId": "pocket3",
			"location": {
				"x": 0,
				"y": 0,
				"r": "Horizontal"
			},
			"upd": {
				"SpawnedInSession": true
			}
		}
	],
	"equipment": "5c6687d65e9d882c8841f0fd",
	"stash": "5c6687d65e9d882c8841f0fc",
	"questRaidItems": "5c6687d65e9d882c8841f0fe",
	"questStashItems": "5c6687d65e9d882c8841f0ff",
	"fastPanel": {}
}