{
	"items": [
		{
			"_id": "5c6687d65e9d882c8841f0fd",
			"_tpl": "55d7217a4bdc2d86028b456d"
		},
		{
			"_id": "5c6687d65e9d882c8841f121",
			"_tpl": "557ffd194bdc2d28148b457f",
			"parentId": "5c6687d65e9d882c8841f0fd",
			"slotId": "Pockets"
		},
		{
			"_id": "5c6687d65e9d882c8841f0fc",
			"_tpl": "566abbc34bdc2d92178b4576"
		},
		{
			"_id": "5c6687d65e9d882c8841f0ff",
			"_tpl": "5963866b86f7747bfa1c4462"
		},
		{
			"_id": "5c6687d65e9d882c8841f0fe",
			"_tpl": "5963866286f7747bf429b572"
		},
		{
			"_id": "B51647181936914015jPziuA",
			"_tpl": "544a5caa4bdc2d1a388b4568",
			"parentId": "5c6687d65e9d882c8841f0fd",
			"slotId": "TacticalVest"
		},
		{
			"_id": "I210051403484529800nw29F",
			"_tpl": "5b0bbe4e5acfc40dc528a72d",
			"parentId": "5c6687d65e9d882c8841f0fd",
			"slotId": "FirstPrimaryWeapon"
		},
		{
			"_id": "I210051405996909685vFIbo",
			"_tpl": "5b099b965acfc400186331e6",
			"parentId": "I210051403484529800nw29F",
			"slotId": "mod_pistol_grip"
		},
		{
			"_id": "MagazineWeaponScav6108",
			"_tpl": "5b7bef9c5acfc43d102852ec",
			"parentId": "I210051403484529800nw29F",
			"slotId": "mod_magazine"
		},
		{
			"_id": "AmmoMag19061",
			"_tpl": "58dd3ad986f77403051cba8f",
			"parentId": "MagazineWeaponScav6108",
			"slotId": "cartridges",
			"upd": {
				"StackObjectsCount": 50
			}
		},
		{
			"_id": "I210051405216472113YjNeL",
			"_tpl": "5b099a9d5acfc47a8607efe7",
			"parentId": "I210051403484529800nw29F",
			"slotId": "mod_handguard"
		},
		{
			"_id": "I2100514049037118355OYUz",
			"_tpl": "5b099a765acfc47a8607efe3",
			"parentId": "I210051403484529800nw29F",
			"slotId": "mod_barrel"
		},
		{
			"_id": "I2100514075276815925qiFw",
			"_tpl": "5b0bc22d5acfc47a8607f085",
			"parentId": "I210051403484529800nw29F",
			"slotId": "mod_sight_rear",
			"upd": {
				"Sight": {
					"SelectedSightMode": 0
				}
			}
		},
		{
			"_id": "I21005140392907797484gna",
			"_tpl": "5b099b7d5acfc400186331e4",
			"parentId": "I2100514049037118355OYUz",
			"slotId": "mod_muzzle"
		},
		{
			"_id": "FuckYouUnlimitedAmmo873626",
			"_tpl": "5857a8bc2459772bad15db29",
			"parentId": "5c6687d65e9d882c8841f0fd",
			"slotId": "SecuredContainer"
		},
		{
			"_id": "iHateThatShit841500",
			"_tpl": "58dd3ad986f77403051cba8f",
			"parentId": "FuckYouUnlimitedAmmo873626",
			"slotId": "main",
			"upd": {
				"StackObjectsCount": 60
			}
		},
		{
			"_id": "iHateThatShit570045",
			"_tpl": "58dd3ad986f77403051cba8f",
			"parentId": "FuckYouUnlimitedAmmo873626",
			"slotId": "main",
			"upd": {
				"StackObjectsCount": 60
			}
		},
		{
			"_id": "iHateThatShit970032",
			"_tpl": "5e023e88277cce2b522ff2b1",
			"parentId": "FuckYouUnlimitedAmmo873626",
			"slotId": "main",
			"upd": {
				"StackObjectsCount": 60
			}
		},
		{
			"_id": "iHateThatShit703811",
			"_tpl": "5e023e6e34d52a55c3304f71",
			"parentId": "FuckYouUnlimitedAmmo873626",
			"slotId": "main",
			"upd": {
				"StackObjectsCount": 60
			}
		},
		{
			"_id": "iHateThatShit824518",
			"_tpl": "5a6086ea4f39f99cd479502f",
			"parentId": "FuckYouUnlimitedAmmo873626",
			"slotId": "main",
			"upd": {
				"StackObjectsCount": 60
			}
		},
		{
			"_id": "iHateThatShit171128",
			"_tpl": "5e023e6e34d52a55c3304f71",
			"parentId": "FuckYouUnlimitedAmmo873626",
			"slotId": "main",
			"upd": {
				"StackObjectsCount": 60
			}
		},
		{
			"_id": "iHateThatShit768260",
			"_tpl": "5a608bf24f39f98ffc77720e",
			"parentId": "FuckYouUnlimitedAmmo873626",
			"slotId": "main",
			"upd": {
				"StackObjectsCount": 60
			}
		},
		{
			"_id": "iHateThatShit562408",
			"_tpl": "5e023e88277cce2b522ff2b1",
			"parentId": "FuckYouUnlimitedAmmo873626",
			"slotId": "main",
			"upd": {
				"StackObjectsCount": 60
			}
		},
		{
			"_id": "iHateThatShit340834",
			"_tpl": "5e023e6e34d52a55c3304f71",
			"parentId": "FuckYouUnlimitedAmmo873626",
			"slotId": "main",
			"upd": {
				"StackObjectsCount": 60
			}
		},
		{
			"_id": "mag0Vest423516",
			"_tpl": "5b7bef9c5acfc43d102852ec",
			"parentId": "B51647181936914015jPziuA",
			"slotId": "1",
			"location": {
				"x": 0,
				"y": 0,
				"r": "Horizontal"
			}
		},
		{
			"_id": "AmmoMag0Vest248603",
			"_tpl": "5a6086ea4f39f99cd479502f",
			"parentId": "mag0Vest423516",
			"slotId": "cartridges",
			"upd": {
				"StackObjectsCount": 50
			}
		},
		{
			"_id": "mag1Vest903079",
			"_tpl": "5b7bef9c5acfc43d102852ec",
			"parentId": "B51647181936914015jPziuA",
			"slotId": "3",
			"location": {
				"x": 0,
				"y": 0,
				"r": "Horizontal"
			}
		},
		{
			"_id": "AmmoMag1Vest813544",
			"_tpl": "5a6086ea4f39f99cd479502f",
			"parentId": "mag1Vest903079",
			"slotId": "cartridges",
			"upd": {
				"StackObjectsCount": 50
			}
		},
		{
			"_id": "mag2Vest97727",
			"_tpl": "5b7bef9c5acfc43d102852ec",
			"parentId": "B51647181936914015jPziuA",
			"slotId": "11",
			"location": {
				"x": 0,
				"y": 0,
				"r": "Horizontal"
			}
		},
		{
			"_id": "AmmoMag2Vest82165",
			"_tpl": "5e023e53d4353e3302577c4c",
			"parentId": "mag2Vest97727",
			"slotId": "cartridges",
			"upd": {
				"StackObjectsCount": 50
			}
		},
		{
			"_id": "mag0Vest337851",
			"_tpl": "5b7bef9c5acfc43d102852ec",
			"parentId": "B51647181936914015jPziuA",
			"slotId": "5",
			"location": {
				"x": 0,
				"y": 0,
				"r": "Horizontal"
			}
		},
		{
			"_id": "AmmoMag0Vest561121",
			"_tpl": "5e023e6e34d52a55c3304f71",
			"parentId": "mag0Vest337851",
			"slotId": "cartridges",
			"upd": {
				"StackObjectsCount": 50
			}
		},
		{
			"_id": "mag0Vest364439",
			"_tpl": "5b7bef9c5acfc43d102852ec",
			"parentId": "B51647181936914015jPziuA",
			"slotId": "5",
			"location": {
				"x": 1,
				"y": 0,
				"r": "Horizontal"
			}
		},
		{
			"_id": "AmmoMag0Vest704369",
			"_tpl": "58dd3ad986f77403051cba8f",
			"parentId": "mag0Vest364439",
			"slotId": "cartridges",
			"upd": {
				"StackObjectsCount": 50
			}
		},
		{
			"_id": "B51647189610635091dJH7FN",
			"_tpl": "57e26fc7245977162a14b800",
			"parentId": "5c6687d65e9d882c8841f0fd",
			"slotId": "Scabbard"
		},
		{
			"_id": "B51647181981506589cpPCi0",
			"_tpl": "5b4329075acfc400153b78ff",
			"parentId": "5c6687d65e9d882c8841f0fd",
			"slotId": "Headwear"
		},
		{
			"_id": "B516471857455390456mACBY",
			"_tpl": "5ab8ee7786f7742d8f33f0b9",
			"parentId": "5c6687d65e9d882c8841f0fd",
			"slotId": "Backpack"
		},
		{
			"_id": "BP51647184230066372kiHOq",
			"_tpl": "59136f6f86f774447a1ed173",
			"parentId": "B516471857455390456mACBY",
			"slotId": "main",
			"location": {
				"x": 0,
				"y": 0,
				"r": "Horizontal"
			}
		},
		{
			"_id": "BP51647186854560346BrdGd",
			"_tpl": "5c06779c86f77426e00dd782",
			"parentId": "B516471857455390456mACBY",
			"slotId": "main",
			"location": {
				"x": 0,
				"y": 1,
				"r": "Horizontal"
			}
		},
		{
			"_id": "BP51647183090577705b72VF",
			"_tpl": "5448fee04bdc2dbc018b4567",
			"parentId": "B516471857455390456mACBY",
			"slotId": "main",
			"location": {
				"x": 1,
				"y": 0,
				"r": "Horizontal"
			}
		},
		{
			"_id": "BP516471866095288792ZX2X",
			"_tpl": "575062b524597720a31c09a1",
			"parentId": "B516471857455390456mACBY",
			"slotId": "main",
			"location": {
				"x": 2,
				"y": 0,
				"r": "Horizontal"
			}
		},
		{
			"_id": "BP51647184676311887n3DQZ",
			"_tpl": "5448ba0b4bdc2d02308b456c",
			"parentId": "B516471857455390456mACBY",
			"slotId": "main",
			"location": {
				"x": 2,
				"y": 1,
				"r": "Horizontal"
			}
		},
		{
			"_id": "BP51647182265772412janY7",
			"_tpl": "5780d0532459777a5108b9a2",
			"parentId": "B516471857455390456mACBY",
			"slotId": "main",
			"location": {
				"x": 3,
				"y": 0,
				"r": "Horizontal"
			}
		},
		{
			"_id": "Pocket_618830",
			"_tpl": "59e366c186f7741778269d85",
			"parentId": "5c6687d65e9d882c8841f121",
			"slotId": "pocket1",
			"location": {
				"x": 0,
				"y": 0,
				"r": "Horizontal"
			},
			"upd": {
				"SpawnedInSession": true
			}
		},
		{
			"_id": "Pocket_618064",
			"_tpl": "5e42c81886f7742a01529f57",
			"parentId": "5c6687d65e9d882c8841f121",
			"slotId": "pocket2",
			"location": {
				"x": 0,
				"y": 0,
				"r": "Horizontal"
			},
			"upd": {
				"SpawnedInSession": true
			}
		},
		{
			"_id": "Pocket_815031",
			"_tpl": "590a358486f77429692b2790",
			"parentId": "5c6687d65e9d882c8841f121",
			"slotId": "pocket3",
			"location": {
				"x": 0,
				"y": 0,
				"r": "Horizontal"
			},
			"upd": {
				"SpawnedInSession": true
			}
		}
	],
	"equipment": "5c6687d65e9d882c8841f0fd",
	"stash": "5c6687d65e9d882c8841f0fc",
	"questRaidItems": "5c6687d65e9d882c8841f0fe",
	"questStashItems": "5c6687d65e9d882c8841f0ff",
	"fastPanel": {}
}