{
	"items": [
		{
			"_id": "5c6687d65e9d882c8841f0fd",
			"_tpl": "55d7217a4bdc2d86028b456d"
		},
		{
			"_id": "5c6687d65e9d882c8841f121",
			"_tpl": "557ffd194bdc2d28148b457f",
			"parentId": "5c6687d65e9d882c8841f0fd",
			"slotId": "Pockets"
		},
		{
			"_id": "5c6687d65e9d882c8841f0fc",
			"_tpl": "566abbc34bdc2d92178b4576"
		},
		{
			"_id": "5c6687d65e9d882c8841f0ff",
			"_tpl": "5963866b86f7747bfa1c4462"
		},
		{
			"_id": "5c6687d65e9d882c8841f0fe",
			"_tpl": "5963866286f7747bf429b572"
		},
		{
			"_id": "B51647199797121132D05LGn",
			"_tpl": "5c0e9f2c86f77432297fe0a3",
			"parentId": "5c6687d65e9d882c8841f0fd",
			"slotId": "TacticalVest"
		},
		{
			"_id": "I21007219422797693LVXFMe",
			"_tpl": "583990e32459771419544dd2",
			"parentId": "5c6687d65e9d882c8841f0fd",
			"slotId": "FirstPrimaryWeapon"
		},
		{
			"_id": "I210072131582560693Ipu7L",
			"_tpl": "5649ad3f4bdc2df8348b4585",
			"parentId": "I21007219422797693LVXFMe",
			"slotId": "mod_pistol_grip"
		},
		{
			"_id": "I21007214617119510LSCUKg",
			"_tpl": "57dc347d245977596754e7a1",
			"parentId": "I21007219422797693LVXFMe",
			"slotId": "mod_stock"
		},
		{
			"_id": "MagazineWeaponScav6774",
			"_tpl": "5cbdaf89ae9215000e5b9c94",
			"parentId": "I21007219422797693LVXFMe",
			"slotId": "mod_magazine"
		},
		{
			"_id": "AmmoMag18503",
			"_tpl": "56dff026d2720bb8668b4567",
			"parentId": "MagazineWeaponScav6774",
			"slotId": "cartridges",
			"upd": {
				"StackObjectsCount": 30
			}
		},
		{
			"_id": "I210072145191265578FMLPB",
			"_tpl": "57dc324a24597759501edc20",
			"parentId": "I21007219422797693LVXFMe",
			"slotId": "mod_muzzle"
		},
		{
			"_id": "I21007214647949498aOt20D",
			"_tpl": "57dc334d245977597164366f",
			"parentId": "I21007219422797693LVXFMe",
			"slotId": "mod_reciever"
		},
		{
			"_id": "I21007215360212556S2RvyG",
			"_tpl": "59d36a0086f7747e673f3946",
			"parentId": "I21007219422797693LVXFMe",
			"slotId": "mod_gas_block"
		},
		{
			"_id": "I210072166375059758aOdfm",
			"_tpl": "56dfef82d2720bbd668b4567",
			"parentId": "I210072161733312651r0JD0",
			"slotId": "cartridges",
			"location": 0,
			"upd": {
				"StackObjectsCount": 30
			}
		},
		{
			"_id": "I21007217038488842AGmbED",
			"_tpl": "57dc32dc245977596d4ef3d3",
			"parentId": "I21007215360212556S2RvyG",
			"slotId": "mod_handguard"
		},
		{
			"_id": "FuckYouUnlimitedAmmo714175",
			"_tpl": "5857a8bc2459772bad15db29",
			"parentId": "5c6687d65e9d882c8841f0fd",
			"slotId": "SecuredContainer"
		},
		{
			"_id": "iHateThatShit814165",
			"_tpl": "56dff4a2d2720bbd668b456a",
			"parentId": "FuckYouUnlimitedAmmo714175",
			"slotId": "main",
			"upd": {
				"StackObjectsCount": 60
			}
		},
		{
			"_id": "iHateThatShit274084",
			"_tpl": "56dff338d2720bbd668b4569",
			"parentId": "FuckYouUnlimitedAmmo714175",
			"slotId": "main",
			"upd": {
				"StackObjectsCount": 60
			}
		},
		{
			"_id": "iHateThatShit158167",
			"_tpl": "56dff4a2d2720bbd668b456a",
			"parentId": "FuckYouUnlimitedAmmo714175",
			"slotId": "main",
			"upd": {
				"StackObjectsCount": 60
			}
		},
		{
			"_id": "iHateThatShit12516",
			"_tpl": "56dff338d2720bbd668b4569",
			"parentId": "FuckYouUnlimitedAmmo714175",
			"slotId": "main",
			"upd": {
				"StackObjectsCount": 60
			}
		},
		{
			"_id": "iHateThatShit950362",
			"_tpl": "56dff4a2d2720bbd668b456a",
			"parentId": "FuckYouUnlimitedAmmo714175",
			"slotId": "main",
			"upd": {
				"StackObjectsCount": 60
			}
		},
		{
			"_id": "iHateThatShit899172",
			"_tpl": "56dff421d2720b5f5a8b4567",
			"parentId": "FuckYouUnlimitedAmmo714175",
			"slotId": "main",
			"upd": {
				"StackObjectsCount": 60
			}
		},
		{
			"_id": "iHateThatShit337323",
			"_tpl": "56dfef82d2720bbd668b4567",
			"parentId": "FuckYouUnlimitedAmmo714175",
			"slotId": "main",
			"upd": {
				"StackObjectsCount": 60
			}
		},
		{
			"_id": "iHateThatShit239679",
			"_tpl": "56dff4ecd2720b5f5a8b4568",
			"parentId": "FuckYouUnlimitedAmmo714175",
			"slotId": "main",
			"upd": {
				"StackObjectsCount": 60
			}
		},
		{
			"_id": "iHateThatShit713001",
			"_tpl": "56dfef82d2720bbd668b4567",
			"parentId": "FuckYouUnlimitedAmmo714175",
			"slotId": "main",
			"upd": {
				"StackObjectsCount": 60
			}
		},
		{
			"_id": "mag1Vest172646",
			"_tpl": "5bed61680db834001d2c45ab",
			"parentId": "B51647199797121132D05LGn",
			"slotId": "2",
			"location": {
				"x": 0,
				"y": 0,
				"r": "Horizontal"
			}
		},
		{
			"_id": "AmmoMag1Vest818652",
			"_tpl": "56dff338d2720bbd668b4569",
			"parentId": "mag1Vest172646",
			"slotId": "cartridges",
			"upd": {
				"StackObjectsCount": 30
			}
		},
		{
			"_id": "mag2Vest773937",
			"_tpl": "5bed61680db834001d2c45ab",
			"parentId": "B51647199797121132D05LGn",
			"slotId": "4",
			"location": {
				"x": 0,
				"y": 0,
				"r": "Horizontal"
			}
		},
		{
			"_id": "AmmoMag2Vest999422",
			"_tpl": "56dff026d2720bb8668b4567",
			"parentId": "mag2Vest773937",
			"slotId": "cartridges",
			"upd": {
				"StackObjectsCount": 30
			}
		},
		{
			"_id": "mag3Vest252883",
			"_tpl": "5bed61680db834001d2c45ab",
			"parentId": "B51647199797121132D05LGn",
			"slotId": "6",
			"location": {
				"x": 0,
				"y": 0,
				"r": "Horizontal"
			}
		},
		{
			"_id": "AmmoMag3Vest718688",
			"_tpl": "56dff4a2d2720bbd668b456a",
			"parentId": "mag3Vest252883",
			"slotId": "cartridges",
			"upd": {
				"StackObjectsCount": 30
			}
		},
		{
			"_id": "mag4Vest676270",
			"_tpl": "5bed61680db834001d2c45ab",
			"parentId": "B51647199797121132D05LGn",
			"slotId": "8",
			"location": {
				"x": 0,
				"y": 0,
				"r": "Horizontal"
			}
		},
		{
			"_id": "AmmoMag4Vest604374",
			"_tpl": "56dff061d2720bb5668b4567",
			"parentId": "mag4Vest676270",
			"slotId": "cartridges",
			"upd": {
				"StackObjectsCount": 30
			}
		},
		{
			"_id": "B51647196563768413Sps5Nw",
			"_tpl": "5bffdc370db834001d23eca8",
			"parentId": "5c6687d65e9d882c8841f0fd",
			"slotId": "Scabbard"
		},
		{
			"_id": "B51647197923662102Kg9nIi",
			"_tpl": "5a43957686f7742a2c2f11b0",
			"parentId": "5c6687d65e9d882c8841f0fd",
			"slotId": "Headwear"
		},
		{
			"_id": "B51647196141721731IaV8rE",
			"_tpl": "5d6d2e22a4b9361bd5780d05",
			"parentId": "5c6687d65e9d882c8841f0fd",
			"slotId": "Eyewear"
		},
		{
			"_id": "B51647196848701497eyPBpj",
			"_tpl": "5c0e541586f7747fa54205c9",
			"parentId": "5c6687d65e9d882c8841f0fd",
			"slotId": "ArmorVest",
			"upd": {
				"Repairable": {
					"MaxDurability": 60,
					"Durability": 3
				}
			}
		},
		{
			"_id": "Pocket_981154",
			"_tpl": "59e3577886f774176a362503",
			"parentId": "5c6687d65e9d882c8841f121",
			"slotId": "pocket1",
			"location": {
				"x": 0,
				"y": 0,
				"r": "Horizontal"
			},
			"upd": {
				"SpawnedInSession": true
			}
		},
		{
			"_id": "Pocket_905120",
			"_tpl": "5734795124597738002c6176",
			"parentId": "5c6687d65e9d882c8841f121",
			"slotId": "pocket2",
			"location": {
				"x": 0,
				"y": 0,
				"r": "Horizontal"
			},
			"upd": {
				"SpawnedInSession": true
			}
		},
		{
			"_id": "Pocket_838718",
			"_tpl": "590a358486f77429692b2790",
			"parentId": "5c6687d65e9d882c8841f121",
			"slotId": "pocket3",
			"location": {
				"x": 0,
				"y": 0,
				"r": "Horizontal"
			},
			"upd": {
				"SpawnedInSession": true
			}
		}
	],
	"equipment": "5c6687d65e9d882c8841f0fd",
	"stash": "5c6687d65e9d882c8841f0fc",
	"questRaidItems": "5c6687d65e9d882c8841f0fe",
	"questStashItems": "5c6687d65e9d882c8841f0ff",
	"fastPanel": {}
}