{
	"items": [
		{
			"_id": "5c6687d65e9d882c8841f0fd",
			"_tpl": "55d7217a4bdc2d86028b456d"
		},
		{
			"_id": "5c6687d65e9d882c8841f121",
			"_tpl": "557ffd194bdc2d28148b457f",
			"parentId": "5c6687d65e9d882c8841f0fd",
			"slotId": "Pockets"
		},
		{
			"_id": "5c6687d65e9d882c8841f0fc",
			"_tpl": "566abbc34bdc2d92178b4576"
		},
		{
			"_id": "5c6687d65e9d882c8841f0ff",
			"_tpl": "5963866b86f7747bfa1c4462"
		},
		{
			"_id": "5c6687d65e9d882c8841f0fe",
			"_tpl": "5963866286f7747bf429b572"
		},
		{
			"_id": "B51647194005443966xb0ZRs",
			"_tpl": "5929a2a086f7744f4b234d43",
			"parentId": "5c6687d65e9d882c8841f0fd",
			"slotId": "TacticalVest"
		},
		{
			"_id": "I210050576156857912OZ9L7",
			"_tpl": "5abcbc27d8ce8700182eceeb",
			"parentId": "5c6687d65e9d882c8841f0fd",
			"slotId": "FirstPrimaryWeapon"
		},
		{
			"_id": "I210050573192892438O9mP4",
			"_tpl": "59d64ec286f774171d1e0a42",
			"parentId": "I210050576156857912OZ9L7",
			"slotId": "mod_gas_block"
		},
		{
			"_id": "I210050578472391306EX0F2",
			"_tpl": "59e61eb386f77440d64f5daf",
			"parentId": "I210050576156857912OZ9L7",
			"slotId": "mod_muzzle"
		},
		{
			"_id": "I210050572763710976gsnxk",
			"_tpl": "5a0071d486f77404e23a12b2",
			"parentId": "I210050576156857912OZ9L7",
			"slotId": "mod_pistol_grip_akms"
		},
		{
			"_id": "I210050577635509251cC44m",
			"_tpl": "59d650cf86f7741b846413a4",
			"parentId": "I210050576156857912OZ9L7",
			"slotId": "mod_sight_rear",
			"upd": {
				"Sight": {
					"SelectedSightMode": 0
				}
			}
		},
		{
			"_id": "I210050575505166963PRLEC",
			"_tpl": "59ff3b6a86f77477562ff5ed",
			"parentId": "I210050576156857912OZ9L7",
			"slotId": "mod_stock_akms"
		},
		{
			"_id": "MagazineWeaponScav9823",
			"_tpl": "5e21a3c67e40bd02257a008a",
			"parentId": "I210050576156857912OZ9L7",
			"slotId": "mod_magazine"
		},
		{
			"_id": "AmmoMag19432",
			"_tpl": "59e4d3d286f774176a36250a",
			"parentId": "MagazineWeaponScav9823",
			"slotId": "cartridges",
			"upd": {
				"StackObjectsCount": 30
			}
		},
		{
			"_id": "I210050571279421349KWsNZ",
			"_tpl": "59d64f2f86f77417193ef8b3",
			"parentId": "I210050573192892438O9mP4",
			"slotId": "mod_handguard"
		},
		{
			"_id": "FuckYouUnlimitedAmmo976256",
			"_tpl": "5857a8bc2459772bad15db29",
			"parentId": "5c6687d65e9d882c8841f0fd",
			"slotId": "SecuredContainer"
		},
		{
			"_id": "iHateThatShit953794",
			"_tpl": "59e4cf5286f7741778269d8a",
			"parentId": "FuckYouUnlimitedAmmo976256",
			"slotId": "main",
			"upd": {
				"StackObjectsCount": 60
			}
		},
		{
			"_id": "iHateThatShit519873",
			"_tpl": "59e4d24686f7741776641ac7",
			"parentId": "FuckYouUnlimitedAmmo976256",
			"slotId": "main",
			"upd": {
				"StackObjectsCount": 60
			}
		},
		{
			"_id": "iHateThatShit467822",
			"_tpl": "59e4d24686f7741776641ac7",
			"parentId": "FuckYouUnlimitedAmmo976256",
			"slotId": "main",
			"upd": {
				"StackObjectsCount": 60
			}
		},
		{
			"_id": "iHateThatShit579633",
			"_tpl": "59e4cf5286f7741778269d8a",
			"parentId": "FuckYouUnlimitedAmmo976256",
			"slotId": "main",
			"upd": {
				"StackObjectsCount": 60
			}
		},
		{
			"_id": "iHateThatShit31002",
			"_tpl": "59e4d24686f7741776641ac7",
			"parentId": "FuckYouUnlimitedAmmo976256",
			"slotId": "main",
			"upd": {
				"StackObjectsCount": 60
			}
		},
		{
			"_id": "iHateThatShit636777",
			"_tpl": "59e4d3d286f774176a36250a",
			"parentId": "FuckYouUnlimitedAmmo976256",
			"slotId": "main",
			"upd": {
				"StackObjectsCount": 60
			}
		},
		{
			"_id": "iHateThatShit505916",
			"_tpl": "5656d7c34bdc2d9d198b4587",
			"parentId": "FuckYouUnlimitedAmmo976256",
			"slotId": "main",
			"upd": {
				"StackObjectsCount": 60
			}
		},
		{
			"_id": "iHateThatShit950726",
			"_tpl": "59e4d3d286f774176a36250a",
			"parentId": "FuckYouUnlimitedAmmo976256",
			"slotId": "main",
			"upd": {
				"StackObjectsCount": 60
			}
		},
		{
			"_id": "iHateThatShit762061",
			"_tpl": "59e4d3d286f774176a36250a",
			"parentId": "FuckYouUnlimitedAmmo976256",
			"slotId": "main",
			"upd": {
				"StackObjectsCount": 60
			}
		},
		{
			"_id": "mag2Vest837008",
			"_tpl": "59d625f086f774661516605d",
			"parentId": "B51647194005443966xb0ZRs",
			"slotId": "5",
			"location": {
				"x": 0,
				"y": 0,
				"r": "Horizontal"
			}
		},
		{
			"_id": "AmmoMag2Vest274391",
			"_tpl": "59e4d24686f7741776641ac7",
			"parentId": "mag2Vest837008",
			"slotId": "cartridges",
			"upd": {
				"StackObjectsCount": 30
			}
		},
		{
			"_id": "StackAmmo51768520902",
			"_tpl": "5656d7c34bdc2d9d198b4587",
			"parentId": "B51647194005443966xb0ZRs",
			"slotId": "2",
			"upd": {
				"StackObjectsCount": 31
			}
		},
		{
			"_id": "B516471978668016625ukObH",
			"_tpl": "54491bb74bdc2d09088b4567",
			"parentId": "5c6687d65e9d882c8841f0fd",
			"slotId": "Scabbard"
		},
		{
			"_id": "B51647195928538483lQocvC",
			"_tpl": "5aa2ba46e5b5b000137b758d",
			"parentId": "5c6687d65e9d882c8841f0fd",
			"slotId": "Headwear"
		},
		{
			"_id": "B51647199264475277PUM5dz",
			"_tpl": "5ab8f04f86f774585f4237d8",
			"parentId": "5c6687d65e9d882c8841f0fd",
			"slotId": "Backpack"
		},
		{
			"_id": "BP51647199319689915xPLXy",
			"_tpl": "577e1c9d2459773cd707c525",
			"parentId": "B51647199264475277PUM5dz",
			"slotId": "main",
			"location": {
				"x": 0,
				"y": 0,
				"r": "Horizontal"
			}
		},
		{
			"_id": "BP516471917486413622cO6c",
			"_tpl": "59e35ef086f7741777737012",
			"parentId": "B51647199264475277PUM5dz",
			"slotId": "main",
			"location": {
				"x": 0,
				"y": 1,
				"r": "Horizontal"
			}
		},
		{
			"_id": "Pocket_362089",
			"_tpl": "5913651986f774432f15d132",
			"parentId": "5c6687d65e9d882c8841f121",
			"slotId": "pocket1",
			"location": {
				"x": 0,
				"y": 0,
				"r": "Horizontal"
			},
			"upd": {
				"SpawnedInSession": true
			}
		}
	],
	"equipment": "5c6687d65e9d882c8841f0fd",
	"stash": "5c6687d65e9d882c8841f0fc",
	"questRaidItems": "5c6687d65e9d882c8841f0fe",
	"questStashItems": "5c6687d65e9d882c8841f0ff",
	"fastPanel": {}
}