{
	"items": [
		{
			"_id": "5c6687d65e9d882c8841f0fd",
			"_tpl": "55d7217a4bdc2d86028b456d"
		},
		{
			"_id": "5c6687d65e9d882c8841f121",
			"_tpl": "557ffd194bdc2d28148b457f",
			"parentId": "5c6687d65e9d882c8841f0fd",
			"slotId": "Pockets"
		},
		{
			"_id": "5c6687d65e9d882c8841f0fc",
			"_tpl": "566abbc34bdc2d92178b4576"
		},
		{
			"_id": "5c6687d65e9d882c8841f0ff",
			"_tpl": "5963866b86f7747bfa1c4462"
		},
		{
			"_id": "5c6687d65e9d882c8841f0fe",
			"_tpl": "5963866286f7747bf429b572"
		},
		{
			"_id": "B5164718781474999938p2gj",
			"_tpl": "5d5d646386f7742797261fd9",
			"parentId": "5c6687d65e9d882c8841f0fd",
			"slotId": "TacticalVest"
		},
		{
			"_id": "I3310435324897729316Lm6V",
			"_tpl": "5c07c60e0db834002330051f",
			"parentId": "5c6687d65e9d882c8841f0fd",
			"slotId": "FirstPrimaryWeapon"
		},
		{
			"_id": "I331043535597122964UsXFv",
			"_tpl": "5c0e2ff6d174af02a1659d4a",
			"parentId": "I3310435324897729316Lm6V",
			"slotId": "mod_pistol_grip"
		},
		{
			"_id": "MagazineWeaponScav2606",
			"_tpl": "5448c1d04bdc2dff2f8b4569",
			"parentId": "I3310435324897729316Lm6V",
			"slotId": "mod_magazine"
		},
		{
			"_id": "AmmoMag13206",
			"_tpl": "5c0d5ae286f7741e46554302",
			"parentId": "MagazineWeaponScav2606",
			"slotId": "cartridges",
			"upd": {
				"StackObjectsCount": 20
			}
		},
		{
			"_id": "I331043535567692647mjekD",
			"_tpl": "5c0e2f26d174af02a9625114",
			"parentId": "I3310435324897729316Lm6V",
			"slotId": "mod_reciever"
		},
		{
			"_id": "I331043531679666971Dtt7U",
			"_tpl": "5649be884bdc2d79388b4577",
			"parentId": "I3310435324897729316Lm6V",
			"slotId": "mod_stock"
		},
		{
			"_id": "I3310435360514001462ajg1",
			"_tpl": "5c0faf68d174af02a96260b8",
			"parentId": "I3310435324897729316Lm6V",
			"slotId": "mod_charge"
		},
		{
			"_id": "I331043531394635896GJfYh",
			"_tpl": "584984812459776a704a82a6",
			"parentId": "I331043535567692647mjekD",
			"slotId": "mod_scope",
			"upd": {
				"Sight": {
					"SelectedSightMode": 0
				}
			}
		},
		{
			"_id": "I331043532874194583znWf7",
			"_tpl": "5c0e2f94d174af029f650d56",
			"parentId": "I331043535567692647mjekD",
			"slotId": "mod_barrel"
		},
		{
			"_id": "I331043532153226863sOo06",
			"_tpl": "5c0e2f5cd174af02a012cfc9",
			"parentId": "I331043535567692647mjekD",
			"slotId": "mod_handguard"
		},
		{
			"_id": "I331043534841265847CgUD7",
			"_tpl": "5c0fafb6d174af02a96260ba",
			"parentId": "I331043532874194583znWf7",
			"slotId": "mod_muzzle"
		},
		{
			"_id": "I331043533723833369dY3GS",
			"_tpl": "5ae30e795acfc408fb139a0b",
			"parentId": "I331043532874194583znWf7",
			"slotId": "mod_gas_block"
		},
		{
			"_id": "FuckYouUnlimitedAmmo782024",
			"_tpl": "5857a8bc2459772bad15db29",
			"parentId": "5c6687d65e9d882c8841f0fd",
			"slotId": "SecuredContainer"
		},
		{
			"_id": "iHateThatShit926895",
			"_tpl": "59e68f6f86f7746c9f75e846",
			"parentId": "FuckYouUnlimitedAmmo782024",
			"slotId": "main",
			"upd": {
				"StackObjectsCount": 60
			}
		},
		{
			"_id": "iHateThatShit328848",
			"_tpl": "59e68f6f86f7746c9f75e846",
			"parentId": "FuckYouUnlimitedAmmo782024",
			"slotId": "main",
			"upd": {
				"StackObjectsCount": 60
			}
		},
		{
			"_id": "iHateThatShit995729",
			"_tpl": "59e68f6f86f7746c9f75e846",
			"parentId": "FuckYouUnlimitedAmmo782024",
			"slotId": "main",
			"upd": {
				"StackObjectsCount": 60
			}
		},
		{
			"_id": "iHateThatShit820487",
			"_tpl": "59e6927d86f77411da468256",
			"parentId": "FuckYouUnlimitedAmmo782024",
			"slotId": "main",
			"upd": {
				"StackObjectsCount": 60
			}
		},
		{
			"_id": "iHateThatShit694337",
			"_tpl": "59e6918f86f7746c9f75e849",
			"parentId": "FuckYouUnlimitedAmmo782024",
			"slotId": "main",
			"upd": {
				"StackObjectsCount": 60
			}
		},
		{
			"_id": "iHateThatShit476949",
			"_tpl": "59e68f6f86f7746c9f75e846",
			"parentId": "FuckYouUnlimitedAmmo782024",
			"slotId": "main",
			"upd": {
				"StackObjectsCount": 60
			}
		},
		{
			"_id": "iHateThatShit368361",
			"_tpl": "54527a984bdc2d4e668b4567",
			"parentId": "FuckYouUnlimitedAmmo782024",
			"slotId": "main",
			"upd": {
				"StackObjectsCount": 60
			}
		},
		{
			"_id": "iHateThatShit630178",
			"_tpl": "54527a984bdc2d4e668b4567",
			"parentId": "FuckYouUnlimitedAmmo782024",
			"slotId": "main",
			"upd": {
				"StackObjectsCount": 60
			}
		},
		{
			"_id": "iHateThatShit351892",
			"_tpl": "59e6920f86f77411d82aa167",
			"parentId": "FuckYouUnlimitedAmmo782024",
			"slotId": "main",
			"upd": {
				"StackObjectsCount": 60
			}
		},
		{
			"_id": "mag0Vest115263",
			"_tpl": "5448c1d04bdc2dff2f8b4569",
			"parentId": "B5164718781474999938p2gj",
			"slotId": "3",
			"location": {
				"x": 0,
				"y": 1,
				"r": "Horizontal"
			}
		},
		{
			"_id": "AmmoMag0Vest425303",
			"_tpl": "59e6920f86f77411d82aa167",
			"parentId": "mag0Vest115263",
			"slotId": "cartridges",
			"upd": {
				"StackObjectsCount": 20
			}
		},
		{
			"_id": "mag1Vest138265",
			"_tpl": "5448c1d04bdc2dff2f8b4569",
			"parentId": "B5164718781474999938p2gj",
			"slotId": "5",
			"location": {
				"x": 0,
				"y": 0,
				"r": "Horizontal"
			}
		},
		{
			"_id": "AmmoMag1Vest912015",
			"_tpl": "5c0d5ae286f7741e46554302",
			"parentId": "mag1Vest138265",
			"slotId": "cartridges",
			"upd": {
				"StackObjectsCount": 20
			}
		},
		{
			"_id": "mag1Vest97824",
			"_tpl": "5448c1d04bdc2dff2f8b4569",
			"parentId": "B5164718781474999938p2gj",
			"slotId": "5",
			"location": {
				"x": 0,
				"y": 1,
				"r": "Horizontal"
			}
		},
		{
			"_id": "AmmoMag1Vest31561",
			"_tpl": "54527ac44bdc2d36668b4567",
			"parentId": "mag1Vest97824",
			"slotId": "cartridges",
			"upd": {
				"StackObjectsCount": 20
			}
		},
		{
			"_id": "StackAmmo66450052105",
			"_tpl": "59e6918f86f7746c9f75e849",
			"parentId": "B5164718781474999938p2gj",
			"slotId": "7",
			"upd": {
				"StackObjectsCount": 16
			}
		},
		{
			"_id": "B51647182488573328tYCENi",
			"_tpl": "57e26ea924597715ca604a09",
			"parentId": "5c6687d65e9d882c8841f0fd",
			"slotId": "Scabbard"
		},
		{
			"_id": "B51647187878496619tZBCox",
			"_tpl": "5a43957686f7742a2c2f11b0",
			"parentId": "5c6687d65e9d882c8841f0fd",
			"slotId": "Headwear"
		},
		{
			"_id": "B51647182930835139rT0UEm",
			"_tpl": "5c0d32fcd174af02a1659c75",
			"parentId": "5c6687d65e9d882c8841f0fd",
			"slotId": "Eyewear"
		},
		{
			"_id": "B51647186705444906lBB3az",
			"_tpl": "5b432f3d5acfc4704b4a1dfb",
			"parentId": "5c6687d65e9d882c8841f0fd",
			"slotId": "FaceCover"
		},
		{
			"_id": "B51647182840137438oWEhxH",
			"_tpl": "56e33634d2720bd8058b456b",
			"parentId": "5c6687d65e9d882c8841f0fd",
			"slotId": "Backpack"
		},
		{
			"_id": "BP51647182735100392YukkZ",
			"_tpl": "59e35ef086f7741777737012",
			"parentId": "B51647182840137438oWEhxH",
			"slotId": "main",
			"location": {
				"x": 0,
				"y": 0,
				"r": "Horizontal"
			}
		},
		{
			"_id": "BP51647185920324283YmdH4",
			"_tpl": "5734795124597738002c6176",
			"parentId": "B51647182840137438oWEhxH",
			"slotId": "main",
			"location": {
				"x": 0,
				"y": 1,
				"r": "Horizontal"
			}
		},
		{
			"_id": "BP51647185597450877qA3lD",
			"_tpl": "5c06779c86f77426e00dd782",
			"parentId": "B51647182840137438oWEhxH",
			"slotId": "main",
			"location": {
				"x": 0,
				"y": 2,
				"r": "Horizontal"
			}
		},
		{
			"_id": "B51647182824871366g3HQkv",
			"_tpl": "5b44d22286f774172b0c9de8",
			"parentId": "5c6687d65e9d882c8841f0fd",
			"slotId": "ArmorVest",
			"upd": {
				"Repairable": {
					"MaxDurability": 70,
					"Durability": 22
				}
			}
		},
		{
			"_id": "Pocket_4973",
			"_tpl": "590c2c9c86f774245b1f03f2",
			"parentId": "5c6687d65e9d882c8841f121",
			"slotId": "pocket1",
			"location": {
				"x": 0,
				"y": 0,
				"r": "Horizontal"
			},
			"upd": {
				"SpawnedInSession": true
			}
		}
	],
	"equipment": "5c6687d65e9d882c8841f0fd",
	"stash": "5c6687d65e9d882c8841f0fc",
	"questRaidItems": "5c6687d65e9d882c8841f0fe",
	"questStashItems": "5c6687d65e9d882c8841f0ff",
	"fastPanel": {}
}