{
	"items": [
		{
			"_id": "5c6687d65e9d882c8841f0fd",
			"_tpl": "55d7217a4bdc2d86028b456d"
		},
		{
			"_id": "5c6687d65e9d882c8841f121",
			"_tpl": "557ffd194bdc2d28148b457f",
			"parentId": "5c6687d65e9d882c8841f0fd",
			"slotId": "Pockets"
		},
		{
			"_id": "5c6687d65e9d882c8841f0fc",
			"_tpl": "566abbc34bdc2d92178b4576"
		},
		{
			"_id": "5c6687d65e9d882c8841f0ff",
			"_tpl": "5963866b86f7747bfa1c4462"
		},
		{
			"_id": "5c6687d65e9d882c8841f0fe",
			"_tpl": "5963866286f7747bf429b572"
		},
		{
			"_id": "B51647187864973006f9u0LI",
			"_tpl": "5e4abfed86f77406a2713cf7",
			"parentId": "5c6687d65e9d882c8841f0fd",
			"slotId": "TacticalVest"
		},
		{
			"_id": "I515128033957696GQUXKsUo",
			"_tpl": "5ea03f7400685063ec28bfa8",
			"parentId": "5c6687d65e9d882c8841f0fd",
			"slotId": "FirstPrimaryWeapon"
		},
		{
			"_id": "I5151255013212105k4WiYX5",
			"_tpl": "5ea03e9400685063ec28bfa4",
			"parentId": "I515128033957696GQUXKsUo",
			"slotId": "mod_stock"
		},
		{
			"_id": "MagazineWeaponScav7840",
			"_tpl": "5ea034eb5aad6446a939737b",
			"parentId": "I515128033957696GQUXKsUo",
			"slotId": "mod_magazine"
		},
		{
			"_id": "AmmoMag1664",
			"_tpl": "573602322459776445391df1",
			"parentId": "MagazineWeaponScav7840",
			"slotId": "cartridges",
			"upd": {
				"StackObjectsCount": 35
			}
		},
		{
			"_id": "I515121246347853I4LiuFD7",
			"_tpl": "5ea03e5009aa976f2e7a514b",
			"parentId": "I515128033957696GQUXKsUo",
			"slotId": "mod_reciever"
		},
		{
			"_id": "I515127842052585umPWX1Kz",
			"_tpl": "5ea02bb600685063ec28bfa1",
			"parentId": "I515128033957696GQUXKsUo",
			"slotId": "mod_barrel"
		},
		{
			"_id": "FuckYouUnlimitedAmmo648750",
			"_tpl": "5857a8bc2459772bad15db29",
			"parentId": "5c6687d65e9d882c8841f0fd",
			"slotId": "SecuredContainer"
		},
		{
			"_id": "iHateThatShit377385",
			"_tpl": "5735ff5c245977640e39ba7e",
			"parentId": "FuckYouUnlimitedAmmo648750",
			"slotId": "main",
			"upd": {
				"StackObjectsCount": 60
			}
		},
		{
			"_id": "iHateThatShit50204",
			"_tpl": "573601b42459776410737435",
			"parentId": "FuckYouUnlimitedAmmo648750",
			"slotId": "main",
			"upd": {
				"StackObjectsCount": 60
			}
		},
		{
			"_id": "iHateThatShit504197",
			"_tpl": "573603c924597764442bd9cb",
			"parentId": "FuckYouUnlimitedAmmo648750",
			"slotId": "main",
			"upd": {
				"StackObjectsCount": 60
			}
		},
		{
			"_id": "iHateThatShit1512",
			"_tpl": "573602322459776445391df1",
			"parentId": "FuckYouUnlimitedAmmo648750",
			"slotId": "main",
			"upd": {
				"StackObjectsCount": 60
			}
		},
		{
			"_id": "iHateThatShit85981",
			"_tpl": "5735ff5c245977640e39ba7e",
			"parentId": "FuckYouUnlimitedAmmo648750",
			"slotId": "main",
			"upd": {
				"StackObjectsCount": 60
			}
		},
		{
			"_id": "iHateThatShit669462",
			"_tpl": "573602322459776445391df1",
			"parentId": "FuckYouUnlimitedAmmo648750",
			"slotId": "main",
			"upd": {
				"StackObjectsCount": 60
			}
		},
		{
			"_id": "iHateThatShit51818",
			"_tpl": "5735ff5c245977640e39ba7e",
			"parentId": "FuckYouUnlimitedAmmo648750",
			"slotId": "main",
			"upd": {
				"StackObjectsCount": 60
			}
		},
		{
			"_id": "iHateThatShit767451",
			"_tpl": "573602322459776445391df1",
			"parentId": "FuckYouUnlimitedAmmo648750",
			"slotId": "main",
			"upd": {
				"StackObjectsCount": 60
			}
		},
		{
			"_id": "iHateThatShit652943",
			"_tpl": "573603c924597764442bd9cb",
			"parentId": "FuckYouUnlimitedAmmo648750",
			"slotId": "main",
			"upd": {
				"StackObjectsCount": 60
			}
		},
		{
			"_id": "mag2Vest157562",
			"_tpl": "5ea034eb5aad6446a939737b",
			"parentId": "B51647187864973006f9u0LI",
			"slotId": "3",
			"location": {
				"x": 0,
				"y": 0,
				"r": "Horizontal"
			}
		},
		{
			"_id": "AmmoMag2Vest895126",
			"_tpl": "573603c924597764442bd9cb",
			"parentId": "mag2Vest157562",
			"slotId": "cartridges",
			"upd": {
				"StackObjectsCount": 35
			}
		},
		{
			"_id": "StackAmmo9328477318",
			"_tpl": "5736026a245977644601dc61",
			"parentId": "B51647187864973006f9u0LI",
			"slotId": "5",
			"upd": {
				"StackObjectsCount": 31
			}
		},
		{
			"_id": "StackAmmo34398680455",
			"_tpl": "5735ff5c245977640e39ba7e",
			"parentId": "B51647187864973006f9u0LI",
			"slotId": "7",
			"upd": {
				"StackObjectsCount": 48
			}
		},
		{
			"_id": "StackAmmo28593216331",
			"_tpl": "573602322459776445391df1",
			"parentId": "B51647187864973006f9u0LI",
			"slotId": "9",
			"upd": {
				"StackObjectsCount": 41
			}
		},
		{
			"_id": "B51647186934625075XQolr8",
			"_tpl": "57e26fc7245977162a14b800",
			"parentId": "5c6687d65e9d882c8841f0fd",
			"slotId": "Scabbard"
		},
		{
			"_id": "B51647184239351877rmGTs1",
			"_tpl": "5ab8f04f86f774585f4237d8",
			"parentId": "5c6687d65e9d882c8841f0fd",
			"slotId": "Backpack"
		},
		{
			"_id": "BP516471830486425376SPX3",
			"_tpl": "57347c1124597737fb1379e3",
			"parentId": "B51647184239351877rmGTs1",
			"slotId": "main",
			"location": {
				"x": 0,
				"y": 0,
				"r": "Horizontal"
			}
		},
		{
			"_id": "Pocket_892158",
			"_tpl": "5e2af22086f7746d3f3c33fa",
			"parentId": "5c6687d65e9d882c8841f121",
			"slotId": "pocket1",
			"location": {
				"x": 0,
				"y": 0,
				"r": "Horizontal"
			},
			"upd": {
				"SpawnedInSession": true
			}
		},
		{
			"_id": "Pocket_505612",
			"_tpl": "5d0376a486f7747d8050965c",
			"parentId": "5c6687d65e9d882c8841f121",
			"slotId": "pocket2",
			"location": {
				"x": 0,
				"y": 0,
				"r": "Horizontal"
			},
			"upd": {
				"SpawnedInSession": true
			}
		}
	],
	"equipment": "5c6687d65e9d882c8841f0fd",
	"stash": "5c6687d65e9d882c8841f0fc",
	"questRaidItems": "5c6687d65e9d882c8841f0fe",
	"questStashItems": "5c6687d65e9d882c8841f0ff",
	"fastPanel": {}
}