{
	"items": [
		{
			"_id": "5c6687d65e9d882c8841f0fd",
			"_tpl": "55d7217a4bdc2d86028b456d"
		},
		{
			"_id": "5c6687d65e9d882c8841f121",
			"_tpl": "557ffd194bdc2d28148b457f",
			"parentId": "5c6687d65e9d882c8841f0fd",
			"slotId": "Pockets"
		},
		{
			"_id": "5c6687d65e9d882c8841f0fc",
			"_tpl": "566abbc34bdc2d92178b4576"
		},
		{
			"_id": "5c6687d65e9d882c8841f0ff",
			"_tpl": "5963866b86f7747bfa1c4462"
		},
		{
			"_id": "5c6687d65e9d882c8841f0fe",
			"_tpl": "5963866286f7747bf429b572"
		},
		{
			"_id": "B51647182380164220EBymaN",
			"_tpl": "5d5d8ca986f7742798716522",
			"parentId": "5c6687d65e9d882c8841f0fd",
			"slotId": "TacticalVest"
		},
		{
			"_id": "I2132011484628386723Xxqt",
			"_tpl": "57dc2fa62459775949412633",
			"parentId": "5c6687d65e9d882c8841f0fd",
			"slotId": "FirstPrimaryWeapon"
		},
		{
			"_id": "I2132011486864605687iFIR",
			"_tpl": "57e3dba62459770f0c32322b",
			"parentId": "I2132011484628386723Xxqt",
			"slotId": "mod_pistol_grip"
		},
		{
			"_id": "I2132011488559887366OEuQ",
			"_tpl": "57dc347d245977596754e7a1",
			"parentId": "I2132011484628386723Xxqt",
			"slotId": "mod_stock"
		},
		{
			"_id": "MagazineWeaponScav2706",
			"_tpl": "55d480c04bdc2d1d4e8b456a",
			"parentId": "I2132011484628386723Xxqt",
			"slotId": "mod_magazine"
		},
		{
			"_id": "AmmoMag17600",
			"_tpl": "56dff3afd2720bba668b4567",
			"parentId": "MagazineWeaponScav2706",
			"slotId": "cartridges",
			"upd": {
				"StackObjectsCount": 30
			}
		},
		{
			"_id": "I21320114882426501793CFN",
			"_tpl": "57dc324a24597759501edc20",
			"parentId": "I2132011484628386723Xxqt",
			"slotId": "mod_muzzle"
		},
		{
			"_id": "I2132011483837161774rL8p",
			"_tpl": "57dc334d245977597164366f",
			"parentId": "I2132011484628386723Xxqt",
			"slotId": "mod_reciever"
		},
		{
			"_id": "I2132011481401321093pAuB",
			"_tpl": "59d36a0086f7747e673f3946",
			"parentId": "I2132011484628386723Xxqt",
			"slotId": "mod_gas_block"
		},
		{
			"_id": "I21320114892014872502T7q",
			"_tpl": "56dfef82d2720bbd668b4567",
			"parentId": "I2132011481919306319MrIy",
			"slotId": "cartridges",
			"location": 0,
			"upd": {
				"StackObjectsCount": 30
			}
		},
		{
			"_id": "I2132011481183507353RN8J",
			"_tpl": "57ffb0062459777a045af529",
			"parentId": "I2132011483837161774rL8p",
			"slotId": "mod_mount_000"
		},
		{
			"_id": "I2132011489765738179XMTZ",
			"_tpl": "57ffa9f4245977728561e844",
			"parentId": "I2132011481401321093pAuB",
			"slotId": "mod_handguard"
		},
		{
			"_id": "I21320114820335518549bT4",
			"_tpl": "570fd721d2720bc5458b4596",
			"parentId": "I2132011481183507353RN8J",
			"slotId": "mod_scope",
			"upd": {
				"Sight": {
					"SelectedSightMode": 0
				}
			}
		},
		{
			"_id": "I2132011485708308115YJoA",
			"_tpl": "56def37dd2720bec348b456a",
			"parentId": "I2132011489765738179XMTZ",
			"slotId": "mod_tactical_000",
			"upd": {
				"Light": {
					"IsActive": true,
					"SelectedMode": 0
				}
			}
		},
		{
			"_id": "FuckYouUnlimitedAmmo224644",
			"_tpl": "5857a8bc2459772bad15db29",
			"parentId": "5c6687d65e9d882c8841f0fd",
			"slotId": "SecuredContainer"
		},
		{
			"_id": "iHateThatShit710391",
			"_tpl": "56dff2ced2720bb4668b4567",
			"parentId": "FuckYouUnlimitedAmmo224644",
			"slotId": "main",
			"upd": {
				"StackObjectsCount": 60
			}
		},
		{
			"_id": "iHateThatShit200117",
			"_tpl": "56dff4a2d2720bbd668b456a",
			"parentId": "FuckYouUnlimitedAmmo224644",
			"slotId": "main",
			"upd": {
				"StackObjectsCount": 60
			}
		},
		{
			"_id": "iHateThatShit426352",
			"_tpl": "56dfef82d2720bbd668b4567",
			"parentId": "FuckYouUnlimitedAmmo224644",
			"slotId": "main",
			"upd": {
				"StackObjectsCount": 60
			}
		},
		{
			"_id": "iHateThatShit424495",
			"_tpl": "56dff061d2720bb5668b4567",
			"parentId": "FuckYouUnlimitedAmmo224644",
			"slotId": "main",
			"upd": {
				"StackObjectsCount": 60
			}
		},
		{
			"_id": "iHateThatShit683487",
			"_tpl": "56dff061d2720bb5668b4567",
			"parentId": "FuckYouUnlimitedAmmo224644",
			"slotId": "main",
			"upd": {
				"StackObjectsCount": 60
			}
		},
		{
			"_id": "iHateThatShit181612",
			"_tpl": "56dff026d2720bb8668b4567",
			"parentId": "FuckYouUnlimitedAmmo224644",
			"slotId": "main",
			"upd": {
				"StackObjectsCount": 60
			}
		},
		{
			"_id": "iHateThatShit611832",
			"_tpl": "56dff2ced2720bb4668b4567",
			"parentId": "FuckYouUnlimitedAmmo224644",
			"slotId": "main",
			"upd": {
				"StackObjectsCount": 60
			}
		},
		{
			"_id": "iHateThatShit736939",
			"_tpl": "56dff061d2720bb5668b4567",
			"parentId": "FuckYouUnlimitedAmmo224644",
			"slotId": "main",
			"upd": {
				"StackObjectsCount": 60
			}
		},
		{
			"_id": "iHateThatShit694566",
			"_tpl": "56dff421d2720b5f5a8b4567",
			"parentId": "FuckYouUnlimitedAmmo224644",
			"slotId": "main",
			"upd": {
				"StackObjectsCount": 60
			}
		},
		{
			"_id": "mag0Vest30923",
			"_tpl": "564ca99c4bdc2d16268b4589",
			"parentId": "B51647182380164220EBymaN",
			"slotId": "2",
			"location": {
				"x": 0,
				"y": 0,
				"r": "Horizontal"
			}
		},
		{
			"_id": "AmmoMag0Vest513968",
			"_tpl": "5c0d5e4486f77478390952fe",
			"parentId": "mag0Vest30923",
			"slotId": "cartridges",
			"upd": {
				"StackObjectsCount": 30
			}
		},
		{
			"_id": "mag0Vest215086",
			"_tpl": "564ca99c4bdc2d16268b4589",
			"parentId": "B51647182380164220EBymaN",
			"slotId": "1",
			"location": {
				"x": 1,
				"y": 0,
				"r": "Horizontal"
			}
		},
		{
			"_id": "AmmoMag0Vest979401",
			"_tpl": "56dff026d2720bb8668b4567",
			"parentId": "mag0Vest215086",
			"slotId": "cartridges",
			"upd": {
				"StackObjectsCount": 30
			}
		},
		{
			"_id": "B51647184254296159VhFnsZ",
			"_tpl": "57e26fc7245977162a14b800",
			"parentId": "5c6687d65e9d882c8841f0fd",
			"slotId": "Scabbard"
		},
		{
			"_id": "B51647181153307306FhVz13",
			"_tpl": "5aa2b9aee5b5b00015693121",
			"parentId": "5c6687d65e9d882c8841f0fd",
			"slotId": "Eyewear"
		},
		{
			"_id": "B516471841811434592Q6Kb7",
			"_tpl": "5ab8e4ed86f7742d8e50c7fa",
			"parentId": "5c6687d65e9d882c8841f0fd",
			"slotId": "ArmorVest",
			"upd": {
				"Repairable": {
					"MaxDurability": 50,
					"Durability": 34
				}
			}
		},
		{
			"_id": "Pocket_408922",
			"_tpl": "5a0f045e86f7745b0f0d0e42",
			"parentId": "5c6687d65e9d882c8841f121",
			"slotId": "pocket1",
			"location": {
				"x": 0,
				"y": 0,
				"r": "Horizontal"
			},
			"upd": {
				"SpawnedInSession": true
			}
		}
	],
	"equipment": "5c6687d65e9d882c8841f0fd",
	"stash": "5c6687d65e9d882c8841f0fc",
	"questRaidItems": "5c6687d65e9d882c8841f0fe",
	"questStashItems": "5c6687d65e9d882c8841f0ff",
	"fastPanel": {}
}