{
	"items": [
		{
			"_id": "5c6687d65e9d882c8841f0fd",
			"_tpl": "55d7217a4bdc2d86028b456d"
		},
		{
			"_id": "5c6687d65e9d882c8841f121",
			"_tpl": "557ffd194bdc2d28148b457f",
			"parentId": "5c6687d65e9d882c8841f0fd",
			"slotId": "Pockets"
		},
		{
			"_id": "5c6687d65e9d882c8841f0fc",
			"_tpl": "566abbc34bdc2d92178b4576"
		},
		{
			"_id": "5c6687d65e9d882c8841f0ff",
			"_tpl": "5963866b86f7747bfa1c4462"
		},
		{
			"_id": "5c6687d65e9d882c8841f0fe",
			"_tpl": "5963866286f7747bf429b572"
		},
		{
			"_id": "B51647193403829165OgC5ga",
			"_tpl": "5d5d8ca986f7742798716522",
			"parentId": "5c6687d65e9d882c8841f0fd",
			"slotId": "TacticalVest"
		},
		{
			"_id": "I21007377679498034n79kNv",
			"_tpl": "5839a40f24597726f856b511",
			"parentId": "5c6687d65e9d882c8841f0fd",
			"slotId": "FirstPrimaryWeapon"
		},
		{
			"_id": "I21007374758655233HjhvBo",
			"_tpl": "5649ad3f4bdc2df8348b4585",
			"parentId": "I21007377679498034n79kNv",
			"slotId": "mod_pistol_grip"
		},
		{
			"_id": "I21007377301046558Ji3FUj",
			"_tpl": "57dc347d245977596754e7a1",
			"parentId": "I21007377679498034n79kNv",
			"slotId": "mod_stock"
		},
		{
			"_id": "MagazineWeaponScav3408",
			"_tpl": "5cbdaf89ae9215000e5b9c94",
			"parentId": "I21007377679498034n79kNv",
			"slotId": "mod_magazine"
		},
		{
			"_id": "AmmoMag17510",
			"_tpl": "56dff216d2720bbd668b4568",
			"parentId": "MagazineWeaponScav3408",
			"slotId": "cartridges",
			"upd": {
				"StackObjectsCount": 30
			}
		},
		{
			"_id": "I21007373196457413QW9rE6",
			"_tpl": "57ffb0e42459777d047111c5",
			"parentId": "I21007377679498034n79kNv",
			"slotId": "mod_muzzle"
		},
		{
			"_id": "I21007377542042286lGQ2TW",
			"_tpl": "5839a7742459773cf9693481",
			"parentId": "I21007377679498034n79kNv",
			"slotId": "mod_reciever"
		},
		{
			"_id": "I21007375819551855lMybX7",
			"_tpl": "59d36a0086f7747e673f3946",
			"parentId": "I21007377679498034n79kNv",
			"slotId": "mod_gas_block"
		},
		{
			"_id": "I21007375105939377PEkBo6",
			"_tpl": "56dfef82d2720bbd668b4567",
			"parentId": "I21007372692259249syNkBg",
			"slotId": "cartridges",
			"location": 0,
			"upd": {
				"StackObjectsCount": 30
			}
		},
		{
			"_id": "I210073798393159771k4CTD",
			"_tpl": "57dc32dc245977596d4ef3d3",
			"parentId": "I21007375819551855lMybX7",
			"slotId": "mod_handguard"
		},
		{
			"_id": "FuckYouUnlimitedAmmo794173",
			"_tpl": "5857a8bc2459772bad15db29",
			"parentId": "5c6687d65e9d882c8841f0fd",
			"slotId": "SecuredContainer"
		},
		{
			"_id": "iHateThatShit699871",
			"_tpl": "56dff4ecd2720b5f5a8b4568",
			"parentId": "FuckYouUnlimitedAmmo794173",
			"slotId": "main",
			"upd": {
				"StackObjectsCount": 60
			}
		},
		{
			"_id": "iHateThatShit59214",
			"_tpl": "56dff061d2720bb5668b4567",
			"parentId": "FuckYouUnlimitedAmmo794173",
			"slotId": "main",
			"upd": {
				"StackObjectsCount": 60
			}
		},
		{
			"_id": "iHateThatShit589549",
			"_tpl": "56dff338d2720bbd668b4569",
			"parentId": "FuckYouUnlimitedAmmo794173",
			"slotId": "main",
			"upd": {
				"StackObjectsCount": 60
			}
		},
		{
			"_id": "iHateThatShit812769",
			"_tpl": "56dff2ced2720bb4668b4567",
			"parentId": "FuckYouUnlimitedAmmo794173",
			"slotId": "main",
			"upd": {
				"StackObjectsCount": 60
			}
		},
		{
			"_id": "iHateThatShit278735",
			"_tpl": "56dff061d2720bb5668b4567",
			"parentId": "FuckYouUnlimitedAmmo794173",
			"slotId": "main",
			"upd": {
				"StackObjectsCount": 60
			}
		},
		{
			"_id": "iHateThatShit738664",
			"_tpl": "56dff2ced2720bb4668b4567",
			"parentId": "FuckYouUnlimitedAmmo794173",
			"slotId": "main",
			"upd": {
				"StackObjectsCount": 60
			}
		},
		{
			"_id": "iHateThatShit615537",
			"_tpl": "56dff4ecd2720b5f5a8b4568",
			"parentId": "FuckYouUnlimitedAmmo794173",
			"slotId": "main",
			"upd": {
				"StackObjectsCount": 60
			}
		},
		{
			"_id": "iHateThatShit144430",
			"_tpl": "56dff421d2720b5f5a8b4567",
			"parentId": "FuckYouUnlimitedAmmo794173",
			"slotId": "main",
			"upd": {
				"StackObjectsCount": 60
			}
		},
		{
			"_id": "iHateThatShit449194",
			"_tpl": "5c0d5e4486f77478390952fe",
			"parentId": "FuckYouUnlimitedAmmo794173",
			"slotId": "main",
			"upd": {
				"StackObjectsCount": 60
			}
		},
		{
			"_id": "mag1Vest410830",
			"_tpl": "5cbdaf89ae9215000e5b9c94",
			"parentId": "B51647193403829165OgC5ga",
			"slotId": "3",
			"location": {
				"x": 0,
				"y": 0,
				"r": "Horizontal"
			}
		},
		{
			"_id": "AmmoMag1Vest785891",
			"_tpl": "56dff0bed2720bb0668b4567",
			"parentId": "mag1Vest410830",
			"slotId": "cartridges",
			"upd": {
				"StackObjectsCount": 30
			}
		},
		{
			"_id": "mag0Vest994185",
			"_tpl": "5cbdaf89ae9215000e5b9c94",
			"parentId": "B51647193403829165OgC5ga",
			"slotId": "1",
			"location": {
				"x": 0,
				"y": 0,
				"r": "Horizontal"
			}
		},
		{
			"_id": "AmmoMag0Vest876623",
			"_tpl": "56dff4a2d2720bbd668b456a",
			"parentId": "mag0Vest994185",
			"slotId": "cartridges",
			"upd": {
				"StackObjectsCount": 30
			}
		},
		{
			"_id": "mag0Vest78325",
			"_tpl": "5cbdaf89ae9215000e5b9c94",
			"parentId": "B51647193403829165OgC5ga",
			"slotId": "1",
			"location": {
				"x": 1,
				"y": 0,
				"r": "Horizontal"
			}
		},
		{
			"_id": "AmmoMag0Vest608107",
			"_tpl": "56dff0bed2720bb0668b4567",
			"parentId": "mag0Vest78325",
			"slotId": "cartridges",
			"upd": {
				"StackObjectsCount": 30
			}
		},
		{
			"_id": "B51647194892047019xLRxbU",
			"_tpl": "54491bb74bdc2d09088b4567",
			"parentId": "5c6687d65e9d882c8841f0fd",
			"slotId": "Scabbard"
		},
		{
			"_id": "B51647191178950197tbh9hP",
			"_tpl": "572b7d8524597762b472f9d1",
			"parentId": "5c6687d65e9d882c8841f0fd",
			"slotId": "Headwear"
		},
		{
			"_id": "B51647193643677603l1EeS9",
			"_tpl": "5b432be65acfc433000ed01f",
			"parentId": "5c6687d65e9d882c8841f0fd",
			"slotId": "Eyewear"
		},
		{
			"_id": "B51647196373082496z5IKY5",
			"_tpl": "5e54f76986f7740366043752",
			"parentId": "5c6687d65e9d882c8841f0fd",
			"slotId": "FaceCover"
		},
		{
			"_id": "B516471934051166367cEBaY",
			"_tpl": "5ab8f04f86f774585f4237d8",
			"parentId": "5c6687d65e9d882c8841f0fd",
			"slotId": "Backpack"
		},
		{
			"_id": "BP51647195739612277Uh1hZ",
			"_tpl": "57347b8b24597737dd42e192",
			"parentId": "B516471934051166367cEBaY",
			"slotId": "main",
			"location": {
				"x": 0,
				"y": 0,
				"r": "Horizontal"
			}
		},
		{
			"_id": "BP51647196302493717KEFXI",
			"_tpl": "5751435d24597720a27126d1",
			"parentId": "B516471934051166367cEBaY",
			"slotId": "main",
			"location": {
				"x": 0,
				"y": 1,
				"r": "Horizontal"
			}
		},
		{
			"_id": "BP51647196381390056Lw9zE",
			"_tpl": "57347d5f245977448b40fa81",
			"parentId": "B516471934051166367cEBaY",
			"slotId": "main",
			"location": {
				"x": 1,
				"y": 0,
				"r": "Horizontal"
			}
		},
		{
			"_id": "BP51647198048034172kYKlE",
			"_tpl": "57347ca924597744596b4e71",
			"parentId": "B516471934051166367cEBaY",
			"slotId": "main",
			"location": {
				"x": 1,
				"y": 1,
				"r": "Horizontal"
			}
		},
		{
			"_id": "BP51647194928710916A0oLk",
			"_tpl": "5780d07a2459777de4559324",
			"parentId": "B516471934051166367cEBaY",
			"slotId": "main",
			"location": {
				"x": 2,
				"y": 0,
				"r": "Horizontal"
			}
		},
		{
			"_id": "Pocket_234821",
			"_tpl": "590c311186f77424d1667482",
			"parentId": "5c6687d65e9d882c8841f121",
			"slotId": "pocket1",
			"location": {
				"x": 0,
				"y": 0,
				"r": "Horizontal"
			},
			"upd": {
				"SpawnedInSession": true
			}
		},
		{
			"_id": "Pocket_939150",
			"_tpl": "5b4c72fb86f7745cef1cffc5",
			"parentId": "5c6687d65e9d882c8841f121",
			"slotId": "pocket2",
			"location": {
				"x": 0,
				"y": 0,
				"r": "Horizontal"
			},
			"upd": {
				"SpawnedInSession": true
			}
		},
		{
			"_id": "Pocket_550827",
			"_tpl": "5a145d4786f7744cbb6f4a12",
			"parentId": "5c6687d65e9d882c8841f121",
			"slotId": "pocket3",
			"location": {
				"x": 0,
				"y": 0,
				"r": "Horizontal"
			},
			"upd": {
				"SpawnedInSession": true
			}
		}
	],
	"equipment": "5c6687d65e9d882c8841f0fd",
	"stash": "5c6687d65e9d882c8841f0fc",
	"questRaidItems": "5c6687d65e9d882c8841f0fe",
	"questStashItems": "5c6687d65e9d882c8841f0ff",
	"fastPanel": {}
}