{
	"items": [
		{
			"_id": "5c6687d65e9d882c8841f0fd",
			"_tpl": "55d7217a4bdc2d86028b456d"
		},
		{
			"_id": "5c6687d65e9d882c8841f121",
			"_tpl": "557ffd194bdc2d28148b457f",
			"parentId": "5c6687d65e9d882c8841f0fd",
			"slotId": "Pockets"
		},
		{
			"_id": "5c6687d65e9d882c8841f0fc",
			"_tpl": "566abbc34bdc2d92178b4576"
		},
		{
			"_id": "5c6687d65e9d882c8841f0ff",
			"_tpl": "5963866b86f7747bfa1c4462"
		},
		{
			"_id": "5c6687d65e9d882c8841f0fe",
			"_tpl": "5963866286f7747bf429b572"
		},
		{
			"_id": "B51647195541480602GAtJF3",
			"_tpl": "5b44c8ea86f7742d1627baf1",
			"parentId": "5c6687d65e9d882c8841f0fd",
			"slotId": "TacticalVest"
		},
		{
			"_id": "I5150552116540059T4rYNgi",
			"_tpl": "5ea03f7400685063ec28bfa8",
			"parentId": "5c6687d65e9d882c8841f0fd",
			"slotId": "FirstPrimaryWeapon"
		},
		{
			"_id": "I5150553528310628A6nWXdz",
			"_tpl": "5ea03e9400685063ec28bfa4",
			"parentId": "I5150552116540059T4rYNgi",
			"slotId": "mod_stock"
		},
		{
			"_id": "MagazineWeaponScav921",
			"_tpl": "5ea034eb5aad6446a939737b",
			"parentId": "I5150552116540059T4rYNgi",
			"slotId": "mod_magazine"
		},
		{
			"_id": "AmmoMag12002",
			"_tpl": "5735ff5c245977640e39ba7e",
			"parentId": "MagazineWeaponScav921",
			"slotId": "cartridges",
			"upd": {
				"StackObjectsCount": 35
			}
		},
		{
			"_id": "I5150559648337341tsIMDEL",
			"_tpl": "5ea03e5009aa976f2e7a514b",
			"parentId": "I5150552116540059T4rYNgi",
			"slotId": "mod_reciever"
		},
		{
			"_id": "I5150558717598210ybApxht",
			"_tpl": "5ea02bb600685063ec28bfa1",
			"parentId": "I5150552116540059T4rYNgi",
			"slotId": "mod_barrel"
		},
		{
			"_id": "FuckYouUnlimitedAmmo638198",
			"_tpl": "5857a8bc2459772bad15db29",
			"parentId": "5c6687d65e9d882c8841f0fd",
			"slotId": "SecuredContainer"
		},
		{
			"_id": "iHateThatShit288607",
			"_tpl": "573603c924597764442bd9cb",
			"parentId": "FuckYouUnlimitedAmmo638198",
			"slotId": "main",
			"upd": {
				"StackObjectsCount": 60
			}
		},
		{
			"_id": "iHateThatShit803667",
			"_tpl": "573603562459776430731618",
			"parentId": "FuckYouUnlimitedAmmo638198",
			"slotId": "main",
			"upd": {
				"StackObjectsCount": 60
			}
		},
		{
			"_id": "iHateThatShit116285",
			"_tpl": "5736026a245977644601dc61",
			"parentId": "FuckYouUnlimitedAmmo638198",
			"slotId": "main",
			"upd": {
				"StackObjectsCount": 60
			}
		},
		{
			"_id": "iHateThatShit927678",
			"_tpl": "5736026a245977644601dc61",
			"parentId": "FuckYouUnlimitedAmmo638198",
			"slotId": "main",
			"upd": {
				"StackObjectsCount": 60
			}
		},
		{
			"_id": "iHateThatShit210317",
			"_tpl": "5735fdcd2459776445391d61",
			"parentId": "FuckYouUnlimitedAmmo638198",
			"slotId": "main",
			"upd": {
				"StackObjectsCount": 60
			}
		},
		{
			"_id": "iHateThatShit623496",
			"_tpl": "5735ff5c245977640e39ba7e",
			"parentId": "FuckYouUnlimitedAmmo638198",
			"slotId": "main",
			"upd": {
				"StackObjectsCount": 60
			}
		},
		{
			"_id": "iHateThatShit429086",
			"_tpl": "573603562459776430731618",
			"parentId": "FuckYouUnlimitedAmmo638198",
			"slotId": "main",
			"upd": {
				"StackObjectsCount": 60
			}
		},
		{
			"_id": "iHateThatShit931580",
			"_tpl": "573602322459776445391df1",
			"parentId": "FuckYouUnlimitedAmmo638198",
			"slotId": "main",
			"upd": {
				"StackObjectsCount": 60
			}
		},
		{
			"_id": "iHateThatShit495579",
			"_tpl": "5735ff5c245977640e39ba7e",
			"parentId": "FuckYouUnlimitedAmmo638198",
			"slotId": "main",
			"upd": {
				"StackObjectsCount": 60
			}
		},
		{
			"_id": "mag0Vest516349",
			"_tpl": "5ea034eb5aad6446a939737b",
			"parentId": "B51647195541480602GAtJF3",
			"slotId": "1",
			"location": {
				"x": 0,
				"y": 0,
				"r": "Horizontal"
			}
		},
		{
			"_id": "AmmoMag0Vest996554",
			"_tpl": "573602322459776445391df1",
			"parentId": "mag0Vest516349",
			"slotId": "cartridges",
			"upd": {
				"StackObjectsCount": 35
			}
		},
		{
			"_id": "mag1Vest729484",
			"_tpl": "5ea034eb5aad6446a939737b",
			"parentId": "B51647195541480602GAtJF3",
			"slotId": "3",
			"location": {
				"x": 0,
				"y": 0,
				"r": "Horizontal"
			}
		},
		{
			"_id": "AmmoMag1Vest363559",
			"_tpl": "573603c924597764442bd9cb",
			"parentId": "mag1Vest729484",
			"slotId": "cartridges",
			"upd": {
				"StackObjectsCount": 35
			}
		},
		{
			"_id": "mag2Vest72419",
			"_tpl": "5ea034eb5aad6446a939737b",
			"parentId": "B51647195541480602GAtJF3",
			"slotId": "5",
			"location": {
				"x": 0,
				"y": 0,
				"r": "Horizontal"
			}
		},
		{
			"_id": "AmmoMag2Vest976968",
			"_tpl": "573603c924597764442bd9cb",
			"parentId": "mag2Vest72419",
			"slotId": "cartridges",
			"upd": {
				"StackObjectsCount": 35
			}
		},
		{
			"_id": "mag4Vest620999",
			"_tpl": "5ea034eb5aad6446a939737b",
			"parentId": "B51647195541480602GAtJF3",
			"slotId": "8",
			"location": {
				"x": 0,
				"y": 0,
				"r": "Horizontal"
			}
		},
		{
			"_id": "AmmoMag4Vest106214",
			"_tpl": "573603c924597764442bd9cb",
			"parentId": "mag4Vest620999",
			"slotId": "cartridges",
			"upd": {
				"StackObjectsCount": 35
			}
		},
		{
			"_id": "B516471913530742906CQoAt",
			"_tpl": "54491bb74bdc2d09088b4567",
			"parentId": "5c6687d65e9d882c8841f0fd",
			"slotId": "Scabbard"
		},
		{
			"_id": "B516471993968565005eDgSJ",
			"_tpl": "5b432be65acfc433000ed01f",
			"parentId": "5c6687d65e9d882c8841f0fd",
			"slotId": "Eyewear"
		},
		{
			"_id": "B51647192235166003oFLbO8",
			"_tpl": "5b4326435acfc433000ed01d",
			"parentId": "5c6687d65e9d882c8841f0fd",
			"slotId": "FaceCover"
		}
	],
	"equipment": "5c6687d65e9d882c8841f0fd",
	"stash": "5c6687d65e9d882c8841f0fc",
	"questRaidItems": "5c6687d65e9d882c8841f0fe",
	"questStashItems": "5c6687d65e9d882c8841f0ff",
	"fastPanel": {}
}