{
	"items": [
		{
			"_id": "5c6687d65e9d882c8841f0fd",
			"_tpl": "55d7217a4bdc2d86028b456d"
		},
		{
			"_id": "5c6687d65e9d882c8841f121",
			"_tpl": "557ffd194bdc2d28148b457f",
			"parentId": "5c6687d65e9d882c8841f0fd",
			"slotId": "Pockets"
		},
		{
			"_id": "5c6687d65e9d882c8841f0fc",
			"_tpl": "566abbc34bdc2d92178b4576"
		},
		{
			"_id": "5c6687d65e9d882c8841f0ff",
			"_tpl": "5963866b86f7747bfa1c4462"
		},
		{
			"_id": "5c6687d65e9d882c8841f0fe",
			"_tpl": "5963866286f7747bf429b572"
		},
		{
			"_id": "B51647185284169254tyBlye",
			"_tpl": "5c0e9f2c86f77432297fe0a3",
			"parentId": "5c6687d65e9d882c8841f0fd",
			"slotId": "TacticalVest"
		},
		{
			"_id": "I21004568990068539X4py03",
			"_tpl": "59e6152586f77473dc057aa1",
			"parentId": "5c6687d65e9d882c8841f0fd",
			"slotId": "FirstPrimaryWeapon"
		},
		{
			"_id": "I21004565535012213q1vPJy",
			"_tpl": "59e649f986f77411d949b246",
			"parentId": "I21004568990068539X4py03",
			"slotId": "mod_gas_block"
		},
		{
			"_id": "I21004561581886902bdDXxQ",
			"_tpl": "59e61eb386f77440d64f5daf",
			"parentId": "I21004568990068539X4py03",
			"slotId": "mod_muzzle"
		},
		{
			"_id": "I21004564862018236cOC1kG",
			"_tpl": "59e6318286f77444dd62c4cc",
			"parentId": "I21004568990068539X4py03",
			"slotId": "mod_pistol_grip"
		},
		{
			"_id": "I210045693600940218V2zna",
			"_tpl": "59e6449086f7746c9f75e822",
			"parentId": "I21004568990068539X4py03",
			"slotId": "mod_reciever"
		},
		{
			"_id": "I21004565547401397KcUSau",
			"_tpl": "59d650cf86f7741b846413a4",
			"parentId": "I21004568990068539X4py03",
			"slotId": "mod_sight_rear",
			"upd": {
				"Sight": {
					"SelectedSightMode": 0
				}
			}
		},
		{
			"_id": "I21004568116809123jkDH2Q",
			"_tpl": "59e6227d86f77440d64f5dc2",
			"parentId": "I21004568990068539X4py03",
			"slotId": "mod_stock"
		},
		{
			"_id": "MagazineWeaponScav6520",
			"_tpl": "59d6272486f77466146386ff",
			"parentId": "I21004568990068539X4py03",
			"slotId": "mod_magazine"
		},
		{
			"_id": "AmmoMag15482",
			"_tpl": "59e0d99486f7744a32234762",
			"parentId": "MagazineWeaponScav6520",
			"slotId": "cartridges",
			"upd": {
				"StackObjectsCount": 30
			}
		},
		{
			"_id": "I21004566382817988WX2JgX",
			"_tpl": "59e6284f86f77440d569536f",
			"parentId": "I21004565535012213q1vPJy",
			"slotId": "mod_handguard"
		},
		{
			"_id": "FuckYouUnlimitedAmmo199327",
			"_tpl": "5857a8bc2459772bad15db29",
			"parentId": "5c6687d65e9d882c8841f0fd",
			"slotId": "SecuredContainer"
		},
		{
			"_id": "iHateThatShit4536",
			"_tpl": "59e4cf5286f7741778269d8a",
			"parentId": "FuckYouUnlimitedAmmo199327",
			"slotId": "main",
			"upd": {
				"StackObjectsCount": 60
			}
		},
		{
			"_id": "iHateThatShit369800",
			"_tpl": "59e4d3d286f774176a36250a",
			"parentId": "FuckYouUnlimitedAmmo199327",
			"slotId": "main",
			"upd": {
				"StackObjectsCount": 60
			}
		},
		{
			"_id": "iHateThatShit644501",
			"_tpl": "59e4d3d286f774176a36250a",
			"parentId": "FuckYouUnlimitedAmmo199327",
			"slotId": "main",
			"upd": {
				"StackObjectsCount": 60
			}
		},
		{
			"_id": "iHateThatShit786297",
			"_tpl": "59e0d99486f7744a32234762",
			"parentId": "FuckYouUnlimitedAmmo199327",
			"slotId": "main",
			"upd": {
				"StackObjectsCount": 60
			}
		},
		{
			"_id": "iHateThatShit613116",
			"_tpl": "59e4cf5286f7741778269d8a",
			"parentId": "FuckYouUnlimitedAmmo199327",
			"slotId": "main",
			"upd": {
				"StackObjectsCount": 60
			}
		},
		{
			"_id": "iHateThatShit212417",
			"_tpl": "59e4d3d286f774176a36250a",
			"parentId": "FuckYouUnlimitedAmmo199327",
			"slotId": "main",
			"upd": {
				"StackObjectsCount": 60
			}
		},
		{
			"_id": "iHateThatShit990052",
			"_tpl": "59e0d99486f7744a32234762",
			"parentId": "FuckYouUnlimitedAmmo199327",
			"slotId": "main",
			"upd": {
				"StackObjectsCount": 60
			}
		},
		{
			"_id": "iHateThatShit613491",
			"_tpl": "59e4d3d286f774176a36250a",
			"parentId": "FuckYouUnlimitedAmmo199327",
			"slotId": "main",
			"upd": {
				"StackObjectsCount": 60
			}
		},
		{
			"_id": "iHateThatShit761234",
			"_tpl": "5656d7c34bdc2d9d198b4587",
			"parentId": "FuckYouUnlimitedAmmo199327",
			"slotId": "main",
			"upd": {
				"StackObjectsCount": 60
			}
		},
		{
			"_id": "mag0Vest150359",
			"_tpl": "5e21a3c67e40bd02257a008a",
			"parentId": "B51647185284169254tyBlye",
			"slotId": "1",
			"location": {
				"x": 0,
				"y": 0,
				"r": "Horizontal"
			}
		},
		{
			"_id": "AmmoMag0Vest392879",
			"_tpl": "59e0d99486f7744a32234762",
			"parentId": "mag0Vest150359",
			"slotId": "cartridges",
			"upd": {
				"StackObjectsCount": 30
			}
		},
		{
			"_id": "mag5Vest194692",
			"_tpl": "5e21a3c67e40bd02257a008a",
			"parentId": "B51647185284169254tyBlye",
			"slotId": "7",
			"location": {
				"x": 0,
				"y": 0,
				"r": "Horizontal"
			}
		},
		{
			"_id": "AmmoMag5Vest580770",
			"_tpl": "59e4d24686f7741776641ac7",
			"parentId": "mag5Vest194692",
			"slotId": "cartridges",
			"upd": {
				"StackObjectsCount": 30
			}
		},
		{
			"_id": "B51647181066671578ZBreAd",
			"_tpl": "57e26fc7245977162a14b800",
			"parentId": "5c6687d65e9d882c8841f0fd",
			"slotId": "Scabbard"
		},
		{
			"_id": "B51647186014519588BTLFBD",
			"_tpl": "572b7d8524597762b472f9d1",
			"parentId": "5c6687d65e9d882c8841f0fd",
			"slotId": "Headwear"
		}
	],
	"equipment": "5c6687d65e9d882c8841f0fd",
	"stash": "5c6687d65e9d882c8841f0fc",
	"questRaidItems": "5c6687d65e9d882c8841f0fe",
	"questStashItems": "5c6687d65e9d882c8841f0ff",
	"fastPanel": {}
}