{
	"items": [
		{
			"_id": "5c6687d65e9d882c8841f0fd",
			"_tpl": "55d7217a4bdc2d86028b456d"
		},
		{
			"_id": "5c6687d65e9d882c8841f121",
			"_tpl": "557ffd194bdc2d28148b457f",
			"parentId": "5c6687d65e9d882c8841f0fd",
			"slotId": "Pockets"
		},
		{
			"_id": "5c6687d65e9d882c8841f0fc",
			"_tpl": "566abbc34bdc2d92178b4576"
		},
		{
			"_id": "5c6687d65e9d882c8841f0ff",
			"_tpl": "5963866b86f7747bfa1c4462"
		},
		{
			"_id": "5c6687d65e9d882c8841f0fe",
			"_tpl": "5963866286f7747bf429b572"
		},
		{
			"_id": "B51647189508767571fOqGzA",
			"_tpl": "572b7adb24597762ae139821",
			"parentId": "5c6687d65e9d882c8841f0fd",
			"slotId": "TacticalVest"
		},
		{
			"_id": "I210018144519737213jGmrr",
			"_tpl": "576165642459773c7a400233",
			"parentId": "5c6687d65e9d882c8841f0fd",
			"slotId": "FirstPrimaryWeapon"
		},
		{
			"_id": "I2100181467409493707kVVO",
			"_tpl": "576169e62459773c69055191",
			"parentId": "I210018144519737213jGmrr",
			"slotId": "mod_handguard"
		},
		{
			"_id": "I210018148314052151tHyi6",
			"_tpl": "576167ab2459773cad038c43",
			"parentId": "I210018144519737213jGmrr",
			"slotId": "mod_muzzle"
		},
		{
			"_id": "I210018143827109655PHMj1",
			"_tpl": "5649ade84bdc2d1b2b8b4587",
			"parentId": "I210018144519737213jGmrr",
			"slotId": "mod_pistol_grip"
		},
		{
			"_id": "I210018141975463988Sah2E",
			"_tpl": "57616c112459773cce774d66",
			"parentId": "I210018144519737213jGmrr",
			"slotId": "mod_reciever"
		},
		{
			"_id": "I210018148028521873klCzc",
			"_tpl": "57a9b9ce2459770ee926038d",
			"parentId": "I210018144519737213jGmrr",
			"slotId": "mod_sight_rear",
			"upd": {
				"Sight": {
					"SelectedSightMode": 0
				}
			}
		},
		{
			"_id": "I210018147302869413n68oc",
			"_tpl": "57616ca52459773c69055192",
			"parentId": "I210018144519737213jGmrr",
			"slotId": "mod_stock"
		},
		{
			"_id": "MagazineWeaponScav3456",
			"_tpl": "57616a9e2459773c7a400234",
			"parentId": "I210018144519737213jGmrr",
			"slotId": "mod_magazine"
		},
		{
			"_id": "AmmoMag16417",
			"_tpl": "5d6e68a8a4b9360b6c0d54e2",
			"parentId": "MagazineWeaponScav3456",
			"slotId": "cartridges",
			"upd": {
				"StackObjectsCount": 5
			}
		},
		{
			"_id": "FuckYouUnlimitedAmmo439088",
			"_tpl": "5857a8bc2459772bad15db29",
			"parentId": "5c6687d65e9d882c8841f0fd",
			"slotId": "SecuredContainer"
		},
		{
			"_id": "iHateThatShit121943",
			"_tpl": "5d6e6806a4b936088465b17e",
			"parentId": "FuckYouUnlimitedAmmo439088",
			"slotId": "main",
			"upd": {
				"StackObjectsCount": 60
			}
		},
		{
			"_id": "iHateThatShit170938",
			"_tpl": "5d6e68b3a4b9361bca7e50b5",
			"parentId": "FuckYouUnlimitedAmmo439088",
			"slotId": "main",
			"upd": {
				"StackObjectsCount": 60
			}
		},
		{
			"_id": "iHateThatShit128435",
			"_tpl": "5d6e6911a4b9361bd5780d52",
			"parentId": "FuckYouUnlimitedAmmo439088",
			"slotId": "main",
			"upd": {
				"StackObjectsCount": 60
			}
		},
		{
			"_id": "iHateThatShit488459",
			"_tpl": "5d6e6911a4b9361bd5780d52",
			"parentId": "FuckYouUnlimitedAmmo439088",
			"slotId": "main",
			"upd": {
				"StackObjectsCount": 60
			}
		},
		{
			"_id": "iHateThatShit950997",
			"_tpl": "5d6e6806a4b936088465b17e",
			"parentId": "FuckYouUnlimitedAmmo439088",
			"slotId": "main",
			"upd": {
				"StackObjectsCount": 60
			}
		},
		{
			"_id": "iHateThatShit480909",
			"_tpl": "5d6e6869a4b9361c140bcfde",
			"parentId": "FuckYouUnlimitedAmmo439088",
			"slotId": "main",
			"upd": {
				"StackObjectsCount": 60
			}
		},
		{
			"_id": "iHateThatShit462517",
			"_tpl": "5d6e68b3a4b9361bca7e50b5",
			"parentId": "FuckYouUnlimitedAmmo439088",
			"slotId": "main",
			"upd": {
				"StackObjectsCount": 60
			}
		},
		{
			"_id": "iHateThatShit281508",
			"_tpl": "5d6e68dea4b9361bcc29e659",
			"parentId": "FuckYouUnlimitedAmmo439088",
			"slotId": "main",
			"upd": {
				"StackObjectsCount": 60
			}
		},
		{
			"_id": "iHateThatShit80171",
			"_tpl": "5d6e6772a4b936088465b17c",
			"parentId": "FuckYouUnlimitedAmmo439088",
			"slotId": "main",
			"upd": {
				"StackObjectsCount": 60
			}
		},
		{
			"_id": "mag1Vest89510",
			"_tpl": "57616a9e2459773c7a400234",
			"parentId": "B51647189508767571fOqGzA",
			"slotId": "3",
			"location": {
				"x": 0,
				"y": 0,
				"r": "Horizontal"
			}
		},
		{
			"_id": "AmmoMag1Vest909735",
			"_tpl": "5d6e6891a4b9361bd473feea",
			"parentId": "mag1Vest89510",
			"slotId": "cartridges",
			"upd": {
				"StackObjectsCount": 5
			}
		},
		{
			"_id": "StackAmmo13850372594",
			"_tpl": "58820d1224597753c90aeb13",
			"parentId": "B51647189508767571fOqGzA",
			"slotId": "1",
			"upd": {
				"StackObjectsCount": 11
			}
		},
		{
			"_id": "B516471885250355083p7dt9",
			"_tpl": "57e26ea924597715ca604a09",
			"parentId": "5c6687d65e9d882c8841f0fd",
			"slotId": "Scabbard"
		},
		{
			"_id": "B51647187974040926z2jj8R",
			"_tpl": "5b432be65acfc433000ed01f",
			"parentId": "5c6687d65e9d882c8841f0fd",
			"slotId": "Eyewear"
		},
		{
			"_id": "B51647186335822279bznQNl",
			"_tpl": "5ab8ee7786f7742d8f33f0b9",
			"parentId": "5c6687d65e9d882c8841f0fd",
			"slotId": "Backpack"
		},
		{
			"_id": "B51647183931116985WGqDr1",
			"_tpl": "5c0e51be86f774598e797894",
			"parentId": "5c6687d65e9d882c8841f0fd",
			"slotId": "ArmorVest",
			"upd": {
				"Repairable": {
					"MaxDurability": 47,
					"Durability": 20
				}
			}
		},
		{
			"_id": "Pocket_726404",
			"_tpl": "5909e99886f7740c983b9984",
			"parentId": "5c6687d65e9d882c8841f121",
			"slotId": "pocket1",
			"location": {
				"x": 0,
				"y": 0,
				"r": "Horizontal"
			},
			"upd": {
				"SpawnedInSession": true
			}
		},
		{
			"_id": "Pocket_661359",
			"_tpl": "590c2c9c86f774245b1f03f2",
			"parentId": "5c6687d65e9d882c8841f121",
			"slotId": "pocket2",
			"location": {
				"x": 0,
				"y": 0,
				"r": "Horizontal"
			},
			"upd": {
				"SpawnedInSession": true
			}
		},
		{
			"_id": "Pocket_985633",
			"_tpl": "59e361e886f774176c10a2a5",
			"parentId": "5c6687d65e9d882c8841f121",
			"slotId": "pocket3",
			"location": {
				"x": 0,
				"y": 0,
				"r": "Horizontal"
			},
			"upd": {
				"SpawnedInSession": true
			}
		}
	],
	"equipment": "5c6687d65e9d882c8841f0fd",
	"stash": "5c6687d65e9d882c8841f0fc",
	"questRaidItems": "5c6687d65e9d882c8841f0fe",
	"questStashItems": "5c6687d65e9d882c8841f0ff",
	"fastPanel": {}
}