{
	"items": [
		{
			"_id": "5c6687d65e9d882c8841f0fd",
			"_tpl": "55d7217a4bdc2d86028b456d"
		},
		{
			"_id": "5c6687d65e9d882c8841f121",
			"_tpl": "557ffd194bdc2d28148b457f",
			"parentId": "5c6687d65e9d882c8841f0fd",
			"slotId": "Pockets"
		},
		{
			"_id": "5c6687d65e9d882c8841f0fc",
			"_tpl": "566abbc34bdc2d92178b4576"
		},
		{
			"_id": "5c6687d65e9d882c8841f0ff",
			"_tpl": "5963866b86f7747bfa1c4462"
		},
		{
			"_id": "5c6687d65e9d882c8841f0fe",
			"_tpl": "5963866286f7747bf429b572"
		},
		{
			"_id": "B51647146200431489wDuQTK",
			"_tpl": "5d5d85c586f774279a21cbdb",
			"parentId": "5c6687d65e9d882c8841f0fd",
			"slotId": "TacticalVest"
		},
		{
			"_id": "I210051403484529800nw29F",
			"_tpl": "5b0bbe4e5acfc40dc528a72d",
			"parentId": "5c6687d65e9d882c8841f0fd",
			"slotId": "FirstPrimaryWeapon"
		},
		{
			"_id": "I210051405996909685vFIbo",
			"_tpl": "5b099b965acfc400186331e6",
			"parentId": "I210051403484529800nw29F",
			"slotId": "mod_pistol_grip"
		},
		{
			"_id": "MagazineWeaponScav5323",
			"_tpl": "5b7bef1e5acfc43d82528402",
			"parentId": "I210051403484529800nw29F",
			"slotId": "mod_magazine"
		},
		{
			"_id": "AmmoMag1954",
			"_tpl": "5e023e53d4353e3302577c4c",
			"parentId": "MagazineWeaponScav5323",
			"slotId": "cartridges",
			"upd": {
				"StackObjectsCount": 10
			}
		},
		{
			"_id": "I210051405216472113YjNeL",
			"_tpl": "5b099a9d5acfc47a8607efe7",
			"parentId": "I210051403484529800nw29F",
			"slotId": "mod_handguard"
		},
		{
			"_id": "I2100514049037118355OYUz",
			"_tpl": "5b099a765acfc47a8607efe3",
			"parentId": "I210051403484529800nw29F",
			"slotId": "mod_barrel"
		},
		{
			"_id": "I2100514075276815925qiFw",
			"_tpl": "5b0bc22d5acfc47a8607f085",
			"parentId": "I210051403484529800nw29F",
			"slotId": "mod_sight_rear",
			"upd": {
				"Sight": {
					"SelectedSightMode": 0
				}
			}
		},
		{
			"_id": "I21005140392907797484gna",
			"_tpl": "5b099b7d5acfc400186331e4",
			"parentId": "I2100514049037118355OYUz",
			"slotId": "mod_muzzle"
		},
		{
			"_id": "FuckYouUnlimitedAmmo317545",
			"_tpl": "5857a8bc2459772bad15db29",
			"parentId": "5c6687d65e9d882c8841f0fd",
			"slotId": "SecuredContainer"
		},
		{
			"_id": "iHateThatShit907023",
			"_tpl": "5e023e6e34d52a55c3304f71",
			"parentId": "FuckYouUnlimitedAmmo317545",
			"slotId": "main",
			"upd": {
				"StackObjectsCount": 60
			}
		},
		{
			"_id": "iHateThatShit658936",
			"_tpl": "5e023e53d4353e3302577c4c",
			"parentId": "FuckYouUnlimitedAmmo317545",
			"slotId": "main",
			"upd": {
				"StackObjectsCount": 60
			}
		},
		{
			"_id": "iHateThatShit703467",
			"_tpl": "5e023e53d4353e3302577c4c",
			"parentId": "FuckYouUnlimitedAmmo317545",
			"slotId": "main",
			"upd": {
				"StackObjectsCount": 60
			}
		},
		{
			"_id": "iHateThatShit952489",
			"_tpl": "58dd3ad986f77403051cba8f",
			"parentId": "FuckYouUnlimitedAmmo317545",
			"slotId": "main",
			"upd": {
				"StackObjectsCount": 60
			}
		},
		{
			"_id": "iHateThatShit378790",
			"_tpl": "5e023e6e34d52a55c3304f71",
			"parentId": "FuckYouUnlimitedAmmo317545",
			"slotId": "main",
			"upd": {
				"StackObjectsCount": 60
			}
		},
		{
			"_id": "iHateThatShit281079",
			"_tpl": "5e023e6e34d52a55c3304f71",
			"parentId": "FuckYouUnlimitedAmmo317545",
			"slotId": "main",
			"upd": {
				"StackObjectsCount": 60
			}
		},
		{
			"_id": "iHateThatShit706124",
			"_tpl": "5e023e6e34d52a55c3304f71",
			"parentId": "FuckYouUnlimitedAmmo317545",
			"slotId": "main",
			"upd": {
				"StackObjectsCount": 60
			}
		},
		{
			"_id": "iHateThatShit624637",
			"_tpl": "5e023e88277cce2b522ff2b1",
			"parentId": "FuckYouUnlimitedAmmo317545",
			"slotId": "main",
			"upd": {
				"StackObjectsCount": 60
			}
		},
		{
			"_id": "iHateThatShit516540",
			"_tpl": "5a6086ea4f39f99cd479502f",
			"parentId": "FuckYouUnlimitedAmmo317545",
			"slotId": "main",
			"upd": {
				"StackObjectsCount": 60
			}
		},
		{
			"_id": "mag0Vest564239",
			"_tpl": "5b7bef1e5acfc43d82528402",
			"parentId": "B51647146200431489wDuQTK",
			"slotId": "1",
			"location": {
				"x": 0,
				"y": 0,
				"r": "Horizontal"
			}
		},
		{
			"_id": "AmmoMag0Vest69511",
			"_tpl": "5e023e6e34d52a55c3304f71",
			"parentId": "mag0Vest564239",
			"slotId": "cartridges",
			"upd": {
				"StackObjectsCount": 10
			}
		},
		{
			"_id": "mag0Vest184106",
			"_tpl": "5b7bef1e5acfc43d82528402",
			"parentId": "B51647146200431489wDuQTK",
			"slotId": "1",
			"location": {
				"x": 0,
				"y": 1,
				"r": "Horizontal"
			}
		},
		{
			"_id": "AmmoMag0Vest589966",
			"_tpl": "5e023e53d4353e3302577c4c",
			"parentId": "mag0Vest184106",
			"slotId": "cartridges",
			"upd": {
				"StackObjectsCount": 10
			}
		},
		{
			"_id": "mag1Vest942096",
			"_tpl": "5b7bef1e5acfc43d82528402",
			"parentId": "B51647146200431489wDuQTK",
			"slotId": "3",
			"location": {
				"x": 0,
				"y": 0,
				"r": "Horizontal"
			}
		},
		{
			"_id": "AmmoMag1Vest134717",
			"_tpl": "5e023e88277cce2b522ff2b1",
			"parentId": "mag1Vest942096",
			"slotId": "cartridges",
			"upd": {
				"StackObjectsCount": 10
			}
		},
		{
			"_id": "mag1Vest505723",
			"_tpl": "5b7bef1e5acfc43d82528402",
			"parentId": "B51647146200431489wDuQTK",
			"slotId": "3",
			"location": {
				"x": 0,
				"y": 1,
				"r": "Horizontal"
			}
		},
		{
			"_id": "AmmoMag1Vest814659",
			"_tpl": "5a6086ea4f39f99cd479502f",
			"parentId": "mag1Vest505723",
			"slotId": "cartridges",
			"upd": {
				"StackObjectsCount": 10
			}
		},
		{
			"_id": "mag2Vest127687",
			"_tpl": "5b7bef1e5acfc43d82528402",
			"parentId": "B51647146200431489wDuQTK",
			"slotId": "5",
			"location": {
				"x": 0,
				"y": 0,
				"r": "Horizontal"
			}
		},
		{
			"_id": "AmmoMag2Vest896215",
			"_tpl": "5e023e6e34d52a55c3304f71",
			"parentId": "mag2Vest127687",
			"slotId": "cartridges",
			"upd": {
				"StackObjectsCount": 10
			}
		},
		{
			"_id": "mag2Vest30200",
			"_tpl": "5b7bef1e5acfc43d82528402",
			"parentId": "B51647146200431489wDuQTK",
			"slotId": "5",
			"location": {
				"x": 0,
				"y": 1,
				"r": "Horizontal"
			}
		},
		{
			"_id": "AmmoMag2Vest3857",
			"_tpl": "5e023e53d4353e3302577c4c",
			"parentId": "mag2Vest30200",
			"slotId": "cartridges",
			"upd": {
				"StackObjectsCount": 10
			}
		},
		{
			"_id": "StackAmmo56516450617",
			"_tpl": "5a608bf24f39f98ffc77720e",
			"parentId": "B51647146200431489wDuQTK",
			"slotId": "9",
			"upd": {
				"StackObjectsCount": 38
			}
		},
		{
			"_id": "B51647147376796213YN513H",
			"_tpl": "5bffdc370db834001d23eca8",
			"parentId": "5c6687d65e9d882c8841f0fd",
			"slotId": "Scabbard"
		},
		{
			"_id": "B51647143820694996ZFzB2M",
			"_tpl": "5aa2b986e5b5b00014028f4c",
			"parentId": "5c6687d65e9d882c8841f0fd",
			"slotId": "Eyewear"
		},
		{
			"_id": "B5164714481420993436kZQS",
			"_tpl": "56e33634d2720bd8058b456b",
			"parentId": "5c6687d65e9d882c8841f0fd",
			"slotId": "Backpack"
		},
		{
			"_id": "BP51647141328947629vryNt",
			"_tpl": "59136f6f86f774447a1ed173",
			"parentId": "B5164714481420993436kZQS",
			"slotId": "main",
			"location": {
				"x": 0,
				"y": 0,
				"r": "Horizontal"
			}
		}
	],
	"equipment": "5c6687d65e9d882c8841f0fd",
	"stash": "5c6687d65e9d882c8841f0fc",
	"questRaidItems": "5c6687d65e9d882c8841f0fe",
	"questStashItems": "5c6687d65e9d882c8841f0ff",
	"fastPanel": {}
}