{
	"items": [
		{
			"_id": "5c6687d65e9d882c8841f0fd",
			"_tpl": "55d7217a4bdc2d86028b456d"
		},
		{
			"_id": "5c6687d65e9d882c8841f121",
			"_tpl": "557ffd194bdc2d28148b457f",
			"parentId": "5c6687d65e9d882c8841f0fd",
			"slotId": "Pockets"
		},
		{
			"_id": "5c6687d65e9d882c8841f0fc",
			"_tpl": "566abbc34bdc2d92178b4576"
		},
		{
			"_id": "5c6687d65e9d882c8841f0ff",
			"_tpl": "5963866b86f7747bfa1c4462"
		},
		{
			"_id": "5c6687d65e9d882c8841f0fe",
			"_tpl": "5963866286f7747bf429b572"
		},
		{
			"_id": "B51647198242668878sQPtmY",
			"_tpl": "572b7adb24597762ae139821",
			"parentId": "5c6687d65e9d882c8841f0fd",
			"slotId": "TacticalVest"
		},
		{
			"_id": "I21005559542953025dSHe9B",
			"_tpl": "5a38e6bac4a2826c6e06d79b",
			"parentId": "5c6687d65e9d882c8841f0fd",
			"slotId": "FirstPrimaryWeapon"
		},
		{
			"_id": "MagazineWeaponScav9818",
			"_tpl": "5a38ed75c4a28232996e40c6",
			"parentId": "I21005559542953025dSHe9B",
			"slotId": "mod_magazine"
		},
		{
			"_id": "AmmoMag1654",
			"_tpl": "5d6e69b9a4b9361bc8618958",
			"parentId": "MagazineWeaponScav9818",
			"slotId": "cartridges",
			"upd": {
				"StackObjectsCount": 4
			}
		},
		{
			"_id": "I21005559534914848ofvJs5",
			"_tpl": "5adf23995acfc400185c2aeb",
			"parentId": "I21005559542953025dSHe9B",
			"slotId": "mod_stock"
		},
		{
			"_id": "FuckYouUnlimitedAmmo324294",
			"_tpl": "5857a8bc2459772bad15db29",
			"parentId": "5c6687d65e9d882c8841f0fd",
			"slotId": "SecuredContainer"
		},
		{
			"_id": "iHateThatShit342771",
			"_tpl": "5d6e6a42a4b9364f07165f52",
			"parentId": "FuckYouUnlimitedAmmo324294",
			"slotId": "main",
			"upd": {
				"StackObjectsCount": 60
			}
		},
		{
			"_id": "iHateThatShit272377",
			"_tpl": "5d6e6a05a4b93618084f58d0",
			"parentId": "FuckYouUnlimitedAmmo324294",
			"slotId": "main",
			"upd": {
				"StackObjectsCount": 60
			}
		},
		{
			"_id": "iHateThatShit547033",
			"_tpl": "5d6e6a5fa4b93614ec501745",
			"parentId": "FuckYouUnlimitedAmmo324294",
			"slotId": "main",
			"upd": {
				"StackObjectsCount": 60
			}
		},
		{
			"_id": "iHateThatShit831654",
			"_tpl": "5a38ebd9c4a282000d722a5b",
			"parentId": "FuckYouUnlimitedAmmo324294",
			"slotId": "main",
			"upd": {
				"StackObjectsCount": 60
			}
		},
		{
			"_id": "iHateThatShit27940",
			"_tpl": "5d6e6a5fa4b93614ec501745",
			"parentId": "FuckYouUnlimitedAmmo324294",
			"slotId": "main",
			"upd": {
				"StackObjectsCount": 60
			}
		},
		{
			"_id": "iHateThatShit818682",
			"_tpl": "5d6e6a42a4b9364f07165f52",
			"parentId": "FuckYouUnlimitedAmmo324294",
			"slotId": "main",
			"upd": {
				"StackObjectsCount": 60
			}
		},
		{
			"_id": "iHateThatShit415760",
			"_tpl": "5a38ebd9c4a282000d722a5b",
			"parentId": "FuckYouUnlimitedAmmo324294",
			"slotId": "main",
			"upd": {
				"StackObjectsCount": 60
			}
		},
		{
			"_id": "iHateThatShit895750",
			"_tpl": "5d6e695fa4b936359b35d852",
			"parentId": "FuckYouUnlimitedAmmo324294",
			"slotId": "main",
			"upd": {
				"StackObjectsCount": 60
			}
		},
		{
			"_id": "iHateThatShit368980",
			"_tpl": "5d6e69b9a4b9361bc8618958",
			"parentId": "FuckYouUnlimitedAmmo324294",
			"slotId": "main",
			"upd": {
				"StackObjectsCount": 60
			}
		},
		{
			"_id": "mag0Vest228044",
			"_tpl": "5a38ee51c4a282000c5a955c",
			"parentId": "B51647198242668878sQPtmY",
			"slotId": "2",
			"location": {
				"x": 0,
				"y": 1,
				"r": "Horizontal"
			}
		},
		{
			"_id": "AmmoMag0Vest710471",
			"_tpl": "5a38ebd9c4a282000d722a5b",
			"parentId": "mag0Vest228044",
			"slotId": "cartridges",
			"upd": {
				"StackObjectsCount": 2
			}
		},
		{
			"_id": "B51647196542556069Z8ofXS",
			"_tpl": "57e26fc7245977162a14b800",
			"parentId": "5c6687d65e9d882c8841f0fd",
			"slotId": "Scabbard"
		},
		{
			"_id": "B51647191348896172xLOiod",
			"_tpl": "572b7fa124597762b472f9d2",
			"parentId": "5c6687d65e9d882c8841f0fd",
			"slotId": "Headwear"
		},
		{
			"_id": "B51647195205169168UFf1Wi",
			"_tpl": "544a5cde4bdc2d39388b456b",
			"parentId": "5c6687d65e9d882c8841f0fd",
			"slotId": "Backpack"
		},
		{
			"_id": "B51647194252034490IjNADV",
			"_tpl": "59e7635f86f7742cbf2c1095",
			"parentId": "5c6687d65e9d882c8841f0fd",
			"slotId": "ArmorVest",
			"upd": {
				"Repairable": {
					"MaxDurability": 40,
					"Durability": 19
				}
			}
		}
	],
	"equipment": "5c6687d65e9d882c8841f0fd",
	"stash": "5c6687d65e9d882c8841f0fc",
	"questRaidItems": "5c6687d65e9d882c8841f0fe",
	"questStashItems": "5c6687d65e9d882c8841f0ff",
	"fastPanel": {}
}