{
	"items": [
		{
			"_id": "5c6687d65e9d882c8841f0fd",
			"_tpl": "55d7217a4bdc2d86028b456d"
		},
		{
			"_id": "5c6687d65e9d882c8841f121",
			"_tpl": "557ffd194bdc2d28148b457f",
			"parentId": "5c6687d65e9d882c8841f0fd",
			"slotId": "Pockets"
		},
		{
			"_id": "5c6687d65e9d882c8841f0fc",
			"_tpl": "566abbc34bdc2d92178b4576"
		},
		{
			"_id": "5c6687d65e9d882c8841f0ff",
			"_tpl": "5963866b86f7747bfa1c4462"
		},
		{
			"_id": "5c6687d65e9d882c8841f0fe",
			"_tpl": "5963866286f7747bf429b572"
		},
		{
			"_id": "B51647149080002000Ei3Mmp",
			"_tpl": "5e4abfed86f77406a2713cf7",
			"parentId": "5c6687d65e9d882c8841f0fd",
			"slotId": "TacticalVest"
		},
		{
			"_id": "I210050576156857912OZ9L7",
			"_tpl": "5abcbc27d8ce8700182eceeb",
			"parentId": "5c6687d65e9d882c8841f0fd",
			"slotId": "FirstPrimaryWeapon"
		},
		{
			"_id": "I210050573192892438O9mP4",
			"_tpl": "59d64ec286f774171d1e0a42",
			"parentId": "I210050576156857912OZ9L7",
			"slotId": "mod_gas_block"
		},
		{
			"_id": "I210050578472391306EX0F2",
			"_tpl": "59e61eb386f77440d64f5daf",
			"parentId": "I210050576156857912OZ9L7",
			"slotId": "mod_muzzle"
		},
		{
			"_id": "I210050572763710976gsnxk",
			"_tpl": "5a0071d486f77404e23a12b2",
			"parentId": "I210050576156857912OZ9L7",
			"slotId": "mod_pistol_grip_akms"
		},
		{
			"_id": "I210050577635509251cC44m",
			"_tpl": "59d650cf86f7741b846413a4",
			"parentId": "I210050576156857912OZ9L7",
			"slotId": "mod_sight_rear",
			"upd": {
				"Sight": {
					"SelectedSightMode": 0
				}
			}
		},
		{
			"_id": "I210050575505166963PRLEC",
			"_tpl": "59ff3b6a86f77477562ff5ed",
			"parentId": "I210050576156857912OZ9L7",
			"slotId": "mod_stock_akms"
		},
		{
			"_id": "MagazineWeaponScav7003",
			"_tpl": "59d625f086f774661516605d",
			"parentId": "I210050576156857912OZ9L7",
			"slotId": "mod_magazine"
		},
		{
			"_id": "AmmoMag19195",
			"_tpl": "59e4d24686f7741776641ac7",
			"parentId": "MagazineWeaponScav7003",
			"slotId": "cartridges",
			"upd": {
				"StackObjectsCount": 30
			}
		},
		{
			"_id": "I210050571279421349KWsNZ",
			"_tpl": "59d64f2f86f77417193ef8b3",
			"parentId": "I210050573192892438O9mP4",
			"slotId": "mod_handguard"
		},
		{
			"_id": "FuckYouUnlimitedAmmo766294",
			"_tpl": "5857a8bc2459772bad15db29",
			"parentId": "5c6687d65e9d882c8841f0fd",
			"slotId": "SecuredContainer"
		},
		{
			"_id": "iHateThatShit158860",
			"_tpl": "59e4d24686f7741776641ac7",
			"parentId": "FuckYouUnlimitedAmmo766294",
			"slotId": "main",
			"upd": {
				"StackObjectsCount": 60
			}
		},
		{
			"_id": "iHateThatShit264584",
			"_tpl": "59e4cf5286f7741778269d8a",
			"parentId": "FuckYouUnlimitedAmmo766294",
			"slotId": "main",
			"upd": {
				"StackObjectsCount": 60
			}
		},
		{
			"_id": "iHateThatShit856440",
			"_tpl": "59e4d3d286f774176a36250a",
			"parentId": "FuckYouUnlimitedAmmo766294",
			"slotId": "main",
			"upd": {
				"StackObjectsCount": 60
			}
		},
		{
			"_id": "iHateThatShit819835",
			"_tpl": "59e0d99486f7744a32234762",
			"parentId": "FuckYouUnlimitedAmmo766294",
			"slotId": "main",
			"upd": {
				"StackObjectsCount": 60
			}
		},
		{
			"_id": "iHateThatShit881110",
			"_tpl": "59e0d99486f7744a32234762",
			"parentId": "FuckYouUnlimitedAmmo766294",
			"slotId": "main",
			"upd": {
				"StackObjectsCount": 60
			}
		},
		{
			"_id": "iHateThatShit908187",
			"_tpl": "5656d7c34bdc2d9d198b4587",
			"parentId": "FuckYouUnlimitedAmmo766294",
			"slotId": "main",
			"upd": {
				"StackObjectsCount": 60
			}
		},
		{
			"_id": "iHateThatShit870915",
			"_tpl": "59e4d3d286f774176a36250a",
			"parentId": "FuckYouUnlimitedAmmo766294",
			"slotId": "main",
			"upd": {
				"StackObjectsCount": 60
			}
		},
		{
			"_id": "iHateThatShit343044",
			"_tpl": "59e0d99486f7744a32234762",
			"parentId": "FuckYouUnlimitedAmmo766294",
			"slotId": "main",
			"upd": {
				"StackObjectsCount": 60
			}
		},
		{
			"_id": "iHateThatShit607204",
			"_tpl": "59e4cf5286f7741778269d8a",
			"parentId": "FuckYouUnlimitedAmmo766294",
			"slotId": "main",
			"upd": {
				"StackObjectsCount": 60
			}
		},
		{
			"_id": "I210016569131659520n9LxH",
			"_tpl": "576a581d2459771e7b1bc4f1",
			"parentId": "5c6687d65e9d882c8841f0fd",
			"slotId": "Holster"
		},
		{
			"_id": "AmmoMag172516",
			"_tpl": "5a3c16fe86f77452b62de32a",
			"parentId": "I2100165644840754536SMMb",
			"slotId": "cartridges",
			"upd": {
				"StackObjectsCount": 18
			}
		},
		{
			"_id": "I2100165644840754536SMMb",
			"_tpl": "576a5ed62459771e9c2096cb",
			"parentId": "I210016569131659520n9LxH",
			"slotId": "mod_magazine"
		},
		{
			"_id": "I210016562931727377Quekg",
			"_tpl": "576a63cd2459771e796e0e11",
			"parentId": "I210016569131659520n9LxH",
			"slotId": "mod_pistol_grip"
		},
		{
			"_id": "mag0Vest427978",
			"_tpl": "59fafc9386f774067d462453",
			"parentId": "B51647149080002000Ei3Mmp",
			"slotId": "1",
			"location": {
				"x": 0,
				"y": 0,
				"r": "Horizontal"
			}
		},
		{
			"_id": "AmmoMag0Vest188571",
			"_tpl": "59e4cf5286f7741778269d8a",
			"parentId": "mag0Vest427978",
			"slotId": "cartridges",
			"upd": {
				"StackObjectsCount": 30
			}
		},
		{
			"_id": "mag1Vest111036",
			"_tpl": "59fafc9386f774067d462453",
			"parentId": "B51647149080002000Ei3Mmp",
			"slotId": "3",
			"location": {
				"x": 0,
				"y": 0,
				"r": "Horizontal"
			}
		},
		{
			"_id": "AmmoMag1Vest62189",
			"_tpl": "59e4d3d286f774176a36250a",
			"parentId": "mag1Vest111036",
			"slotId": "cartridges",
			"upd": {
				"StackObjectsCount": 30
			}
		},
		{
			"_id": "StackAmmo26239328992",
			"_tpl": "5656d7c34bdc2d9d198b4587",
			"parentId": "B51647149080002000Ei3Mmp",
			"slotId": "5",
			"upd": {
				"StackObjectsCount": 19
			}
		},
		{
			"_id": "StackAmmo60266716987",
			"_tpl": "59e0d99486f7744a32234762",
			"parentId": "B51647149080002000Ei3Mmp",
			"slotId": "7",
			"upd": {
				"StackObjectsCount": 41
			}
		},
		{
			"_id": "StackAmmo12885988976",
			"_tpl": "59e4cf5286f7741778269d8a",
			"parentId": "B51647149080002000Ei3Mmp",
			"slotId": "10",
			"upd": {
				"StackObjectsCount": 6
			}
		},
		{
			"_id": "magP0Vest70063",
			"_tpl": "576a5ed62459771e9c2096cb",
			"parentId": "B51647149080002000Ei3Mmp",
			"slotId": "2",
			"location": {
				"x": 0,
				"y": 1,
				"r": "Horizontal"
			}
		},
		{
			"_id": "AmmoMagPVest35334",
			"_tpl": "5c0d56a986f774449d5de529",
			"parentId": "magP0Vest70063",
			"slotId": "cartridges",
			"upd": {
				"StackObjectsCount": 18
			}
		},
		{
			"_id": "B51647142328202755b8sHpc",
			"_tpl": "57e26fc7245977162a14b800",
			"parentId": "5c6687d65e9d882c8841f0fd",
			"slotId": "Scabbard"
		},
		{
			"_id": "B51647148870353226ge3npl",
			"_tpl": "59e7711e86f7746cae05fbe1",
			"parentId": "5c6687d65e9d882c8841f0fd",
			"slotId": "Headwear"
		},
		{
			"_id": "Headwear_cover_8396",
			"_tpl": "5ac4c50d5acfc40019262e87",
			"parentId": "B51647148870353226ge3npl",
			"slotId": "mod_equipment",
			"upd": {
				"Togglable": {
					"On": true
				}
			}
		},
		{
			"_id": "B51647147303603259KI4X9r",
			"_tpl": "5c0e57ba86f7747fa141986d",
			"parentId": "5c6687d65e9d882c8841f0fd",
			"slotId": "ArmorVest",
			"upd": {
				"Repairable": {
					"MaxDurability": 55,
					"Durability": 36
				}
			}
		},
		{
			"_id": "Pocket_114161",
			"_tpl": "590c5bbd86f774785762df04",
			"parentId": "5c6687d65e9d882c8841f121",
			"slotId": "pocket1",
			"location": {
				"x": 0,
				"y": 0,
				"r": "Horizontal"
			},
			"upd": {
				"SpawnedInSession": true
			}
		}
	],
	"equipment": "5c6687d65e9d882c8841f0fd",
	"stash": "5c6687d65e9d882c8841f0fc",
	"questRaidItems": "5c6687d65e9d882c8841f0fe",
	"questStashItems": "5c6687d65e9d882c8841f0ff",
	"fastPanel": {}
}