{
	"items": [
		{
			"_id": "5c6687d65e9d882c8841f0fd",
			"_tpl": "55d7217a4bdc2d86028b456d"
		},
		{
			"_id": "5c6687d65e9d882c8841f121",
			"_tpl": "557ffd194bdc2d28148b457f",
			"parentId": "5c6687d65e9d882c8841f0fd",
			"slotId": "Pockets"
		},
		{
			"_id": "5c6687d65e9d882c8841f0fc",
			"_tpl": "566abbc34bdc2d92178b4576"
		},
		{
			"_id": "5c6687d65e9d882c8841f0ff",
			"_tpl": "5963866b86f7747bfa1c4462"
		},
		{
			"_id": "5c6687d65e9d882c8841f0fe",
			"_tpl": "5963866286f7747bf429b572"
		},
		{
			"_id": "B516471863357748260yiva0",
			"_tpl": "5c0e446786f7742013381639",
			"parentId": "5c6687d65e9d882c8841f0fd",
			"slotId": "TacticalVest"
		},
		{
			"_id": "I331040261898090695jEtfb",
			"_tpl": "59e6687d86f77411d949b251",
			"parentId": "5c6687d65e9d882c8841f0fd",
			"slotId": "FirstPrimaryWeapon"
		},
		{
			"_id": "I331040261385690904mFi1F",
			"_tpl": "59e649f986f77411d949b246",
			"parentId": "I331040261898090695jEtfb",
			"slotId": "mod_gas_block"
		},
		{
			"_id": "I331040269768304561Btdvg",
			"_tpl": "59e8a00d86f7742ad93b569c",
			"parentId": "I331040261898090695jEtfb",
			"slotId": "mod_muzzle"
		},
		{
			"_id": "I331040263276919742kO80S",
			"_tpl": "59e6318286f77444dd62c4cc",
			"parentId": "I331040261898090695jEtfb",
			"slotId": "mod_pistol_grip"
		},
		{
			"_id": "I331040264420816365IJdCD",
			"_tpl": "59e8977386f77415a553c453",
			"parentId": "I331040261898090695jEtfb",
			"slotId": "mod_sight_rear",
			"upd": {
				"Sight": {
					"SelectedSightMode": 0
				}
			}
		},
		{
			"_id": "I331040269632460056pIv3s",
			"_tpl": "59e89d0986f77427600d226e",
			"parentId": "I331040261898090695jEtfb",
			"slotId": "mod_stock"
		},
		{
			"_id": "MagazineWeaponScav4250",
			"_tpl": "59d6272486f77466146386ff",
			"parentId": "I331040261898090695jEtfb",
			"slotId": "mod_magazine"
		},
		{
			"_id": "AmmoMag13010",
			"_tpl": "59e655cb86f77411dc52a77b",
			"parentId": "MagazineWeaponScav4250",
			"slotId": "cartridges",
			"upd": {
				"StackObjectsCount": 30
			}
		},
		{
			"_id": "I331040269337492331ctw7H",
			"_tpl": "59e898ee86f77427614bd225",
			"parentId": "I331040261385690904mFi1F",
			"slotId": "mod_handguard"
		},
		{
			"_id": "FuckYouUnlimitedAmmo75706",
			"_tpl": "5857a8bc2459772bad15db29",
			"parentId": "5c6687d65e9d882c8841f0fd",
			"slotId": "SecuredContainer"
		},
		{
			"_id": "iHateThatShit522898",
			"_tpl": "59e655cb86f77411dc52a77b",
			"parentId": "FuckYouUnlimitedAmmo75706",
			"slotId": "main",
			"upd": {
				"StackObjectsCount": 60
			}
		},
		{
			"_id": "iHateThatShit14335",
			"_tpl": "59e655cb86f77411dc52a77b",
			"parentId": "FuckYouUnlimitedAmmo75706",
			"slotId": "main",
			"upd": {
				"StackObjectsCount": 60
			}
		},
		{
			"_id": "iHateThatShit660233",
			"_tpl": "59e655cb86f77411dc52a77b",
			"parentId": "FuckYouUnlimitedAmmo75706",
			"slotId": "main",
			"upd": {
				"StackObjectsCount": 60
			}
		},
		{
			"_id": "iHateThatShit363067",
			"_tpl": "59e6658b86f77411d949b250",
			"parentId": "FuckYouUnlimitedAmmo75706",
			"slotId": "main",
			"upd": {
				"StackObjectsCount": 60
			}
		},
		{
			"_id": "iHateThatShit390674",
			"_tpl": "59e6542b86f77411dc52a77a",
			"parentId": "FuckYouUnlimitedAmmo75706",
			"slotId": "main",
			"upd": {
				"StackObjectsCount": 60
			}
		},
		{
			"_id": "iHateThatShit371220",
			"_tpl": "59e655cb86f77411dc52a77b",
			"parentId": "FuckYouUnlimitedAmmo75706",
			"slotId": "main",
			"upd": {
				"StackObjectsCount": 60
			}
		},
		{
			"_id": "iHateThatShit225560",
			"_tpl": "59e6542b86f77411dc52a77a",
			"parentId": "FuckYouUnlimitedAmmo75706",
			"slotId": "main",
			"upd": {
				"StackObjectsCount": 60
			}
		},
		{
			"_id": "iHateThatShit642383",
			"_tpl": "59e655cb86f77411dc52a77b",
			"parentId": "FuckYouUnlimitedAmmo75706",
			"slotId": "main",
			"upd": {
				"StackObjectsCount": 60
			}
		},
		{
			"_id": "iHateThatShit507982",
			"_tpl": "59e655cb86f77411dc52a77b",
			"parentId": "FuckYouUnlimitedAmmo75706",
			"slotId": "main",
			"upd": {
				"StackObjectsCount": 60
			}
		},
		{
			"_id": "mag0Vest58515",
			"_tpl": "59d6272486f77466146386ff",
			"parentId": "B516471863357748260yiva0",
			"slotId": "1",
			"location": {
				"x": 0,
				"y": 0,
				"r": "Horizontal"
			}
		},
		{
			"_id": "AmmoMag0Vest796357",
			"_tpl": "59e6542b86f77411dc52a77a",
			"parentId": "mag0Vest58515",
			"slotId": "cartridges",
			"upd": {
				"StackObjectsCount": 30
			}
		},
		{
			"_id": "mag1Vest609211",
			"_tpl": "59d6272486f77466146386ff",
			"parentId": "B516471863357748260yiva0",
			"slotId": "3",
			"location": {
				"x": 0,
				"y": 0,
				"r": "Horizontal"
			}
		},
		{
			"_id": "AmmoMag1Vest516344",
			"_tpl": "59e6542b86f77411dc52a77a",
			"parentId": "mag1Vest609211",
			"slotId": "cartridges",
			"upd": {
				"StackObjectsCount": 30
			}
		},
		{
			"_id": "B51647182474986140F32frF",
			"_tpl": "5bffdc370db834001d23eca8",
			"parentId": "5c6687d65e9d882c8841f0fd",
			"slotId": "Scabbard"
		},
		{
			"_id": "B51647187912720851BL8Z38",
			"_tpl": "5aa2ba46e5b5b000137b758d",
			"parentId": "5c6687d65e9d882c8841f0fd",
			"slotId": "Headwear"
		},
		{
			"_id": "B51647181606965364w7iiBB",
			"_tpl": "5c0d32fcd174af02a1659c75",
			"parentId": "5c6687d65e9d882c8841f0fd",
			"slotId": "Eyewear"
		},
		{
			"_id": "B51647183989416142SBY5Mk",
			"_tpl": "5ab8f04f86f774585f4237d8",
			"parentId": "5c6687d65e9d882c8841f0fd",
			"slotId": "Backpack"
		},
		{
			"_id": "BP51647181000106022hjLNl",
			"_tpl": "57347b8b24597737dd42e192",
			"parentId": "B51647183989416142SBY5Mk",
			"slotId": "main",
			"location": {
				"x": 0,
				"y": 0,
				"r": "Horizontal"
			}
		},
		{
			"_id": "BP51647184840734877Tqq7u",
			"_tpl": "590c5d4b86f774784e1b9c45",
			"parentId": "B51647183989416142SBY5Mk",
			"slotId": "main",
			"location": {
				"x": 1,
				"y": 0,
				"r": "Horizontal"
			}
		},
		{
			"_id": "BP51647187712586264axixT",
			"_tpl": "57347d8724597744596b4e76",
			"parentId": "B51647183989416142SBY5Mk",
			"slotId": "main",
			"location": {
				"x": 0,
				"y": 1,
				"r": "Horizontal"
			}
		},
		{
			"_id": "BP51647185993431889WAV6Z",
			"_tpl": "5448ff904bdc2d6f028b456e",
			"parentId": "B51647183989416142SBY5Mk",
			"slotId": "main",
			"location": {
				"x": 2,
				"y": 0,
				"r": "Horizontal"
			}
		},
		{
			"_id": "B51647189005450397c8FSWx",
			"_tpl": "5c0e5edb86f77461f55ed1f7",
			"parentId": "5c6687d65e9d882c8841f0fd",
			"slotId": "ArmorVest",
			"upd": {
				"Repairable": {
					"MaxDurability": 50,
					"Durability": 21
				}
			}
		},
		{
			"_id": "Pocket_979084",
			"_tpl": "5d1b313086f77425227d1678",
			"parentId": "5c6687d65e9d882c8841f121",
			"slotId": "pocket1",
			"location": {
				"x": 0,
				"y": 0,
				"r": "Horizontal"
			},
			"upd": {
				"SpawnedInSession": true
			}
		},
		{
			"_id": "Pocket_140696",
			"_tpl": "5af04e0a86f7743a532b79e2",
			"parentId": "5c6687d65e9d882c8841f121",
			"slotId": "pocket2",
			"location": {
				"x": 0,
				"y": 0,
				"r": "Horizontal"
			},
			"upd": {
				"SpawnedInSession": true
			}
		},
		{
			"_id": "Pocket_101401",
			"_tpl": "5c1e2a1e86f77431ea0ea84c",
			"parentId": "5c6687d65e9d882c8841f121",
			"slotId": "pocket3",
			"location": {
				"x": 0,
				"y": 0,
				"r": "Horizontal"
			},
			"upd": {
				"SpawnedInSession": true
			}
		}
	],
	"equipment": "5c6687d65e9d882c8841f0fd",
	"stash": "5c6687d65e9d882c8841f0fc",
	"questRaidItems": "5c6687d65e9d882c8841f0fe",
	"questStashItems": "5c6687d65e9d882c8841f0ff",
	"fastPanel": {}
}