{
	"items": [
		{
			"_id": "5c6687d65e9d882c8841f0fd",
			"_tpl": "55d7217a4bdc2d86028b456d"
		},
		{
			"_id": "5c6687d65e9d882c8841f121",
			"_tpl": "557ffd194bdc2d28148b457f",
			"parentId": "5c6687d65e9d882c8841f0fd",
			"slotId": "Pockets"
		},
		{
			"_id": "5c6687d65e9d882c8841f0fc",
			"_tpl": "566abbc34bdc2d92178b4576"
		},
		{
			"_id": "5c6687d65e9d882c8841f0ff",
			"_tpl": "5963866b86f7747bfa1c4462"
		},
		{
			"_id": "5c6687d65e9d882c8841f0fe",
			"_tpl": "5963866286f7747bf429b572"
		},
		{
			"_id": "B51647196408656265vLtc8z",
			"_tpl": "544a5caa4bdc2d1a388b4568",
			"parentId": "5c6687d65e9d882c8841f0fd",
			"slotId": "TacticalVest"
		},
		{
			"_id": "I331037273778582710Ve4xt",
			"_tpl": "576165642459773c7a400233",
			"parentId": "5c6687d65e9d882c8841f0fd",
			"slotId": "FirstPrimaryWeapon"
		},
		{
			"_id": "I331037277936492602HaUnF",
			"_tpl": "576169e62459773c69055191",
			"parentId": "I331037273778582710Ve4xt",
			"slotId": "mod_handguard"
		},
		{
			"_id": "I331037271337023575jZfwo",
			"_tpl": "576167ab2459773cad038c43",
			"parentId": "I331037273778582710Ve4xt",
			"slotId": "mod_muzzle"
		},
		{
			"_id": "I331037271279086441Y204d",
			"_tpl": "5649ade84bdc2d1b2b8b4587",
			"parentId": "I331037273778582710Ve4xt",
			"slotId": "mod_pistol_grip"
		},
		{
			"_id": "I331037277100226548TQt0q",
			"_tpl": "57a9b9ce2459770ee926038d",
			"parentId": "I331037273778582710Ve4xt",
			"slotId": "mod_sight_rear",
			"upd": {
				"Sight": {
					"SelectedSightMode": 0
				}
			}
		},
		{
			"_id": "I3310372799184345989DkQA",
			"_tpl": "57616ca52459773c69055192",
			"parentId": "I331037273778582710Ve4xt",
			"slotId": "mod_stock"
		},
		{
			"_id": "MagazineWeaponScav3985",
			"_tpl": "57616a9e2459773c7a400234",
			"parentId": "I331037273778582710Ve4xt",
			"slotId": "mod_magazine"
		},
		{
			"_id": "AmmoMag13474",
			"_tpl": "5d6e68e6a4b9361c140bcfe0",
			"parentId": "MagazineWeaponScav3985",
			"slotId": "cartridges",
			"upd": {
				"StackObjectsCount": 5
			}
		},
		{
			"_id": "FuckYouUnlimitedAmmo203175",
			"_tpl": "5857a8bc2459772bad15db29",
			"parentId": "5c6687d65e9d882c8841f0fd",
			"slotId": "SecuredContainer"
		},
		{
			"_id": "iHateThatShit590674",
			"_tpl": "5d6e6772a4b936088465b17c",
			"parentId": "FuckYouUnlimitedAmmo203175",
			"slotId": "main",
			"upd": {
				"StackObjectsCount": 60
			}
		},
		{
			"_id": "iHateThatShit514614",
			"_tpl": "5d6e6806a4b936088465b17e",
			"parentId": "FuckYouUnlimitedAmmo203175",
			"slotId": "main",
			"upd": {
				"StackObjectsCount": 60
			}
		},
		{
			"_id": "iHateThatShit886618",
			"_tpl": "5d6e68e6a4b9361c140bcfe0",
			"parentId": "FuckYouUnlimitedAmmo203175",
			"slotId": "main",
			"upd": {
				"StackObjectsCount": 60
			}
		},
		{
			"_id": "iHateThatShit62123",
			"_tpl": "5d6e68d1a4b93622fe60e845",
			"parentId": "FuckYouUnlimitedAmmo203175",
			"slotId": "main",
			"upd": {
				"StackObjectsCount": 60
			}
		},
		{
			"_id": "iHateThatShit872956",
			"_tpl": "5d6e68dea4b9361bcc29e659",
			"parentId": "FuckYouUnlimitedAmmo203175",
			"slotId": "main",
			"upd": {
				"StackObjectsCount": 60
			}
		},
		{
			"_id": "iHateThatShit831612",
			"_tpl": "5d6e68c4a4b9361b93413f79",
			"parentId": "FuckYouUnlimitedAmmo203175",
			"slotId": "main",
			"upd": {
				"StackObjectsCount": 60
			}
		},
		{
			"_id": "iHateThatShit855557",
			"_tpl": "5d6e68a8a4b9360b6c0d54e2",
			"parentId": "FuckYouUnlimitedAmmo203175",
			"slotId": "main",
			"upd": {
				"StackObjectsCount": 60
			}
		},
		{
			"_id": "iHateThatShit328113",
			"_tpl": "5d6e6869a4b9361c140bcfde",
			"parentId": "FuckYouUnlimitedAmmo203175",
			"slotId": "main",
			"upd": {
				"StackObjectsCount": 60
			}
		},
		{
			"_id": "iHateThatShit121780",
			"_tpl": "5d6e6772a4b936088465b17c",
			"parentId": "FuckYouUnlimitedAmmo203175",
			"slotId": "main",
			"upd": {
				"StackObjectsCount": 60
			}
		},
		{
			"_id": "mag0Vest117298",
			"_tpl": "57616a9e2459773c7a400234",
			"parentId": "B51647196408656265vLtc8z",
			"slotId": "1",
			"location": {
				"x": 0,
				"y": 0,
				"r": "Horizontal"
			}
		},
		{
			"_id": "AmmoMag0Vest251252",
			"_tpl": "5d6e6891a4b9361bd473feea",
			"parentId": "mag0Vest117298",
			"slotId": "cartridges",
			"upd": {
				"StackObjectsCount": 5
			}
		},
		{
			"_id": "mag1Vest946625",
			"_tpl": "57616a9e2459773c7a400234",
			"parentId": "B51647196408656265vLtc8z",
			"slotId": "3",
			"location": {
				"x": 0,
				"y": 0,
				"r": "Horizontal"
			}
		},
		{
			"_id": "AmmoMag1Vest239974",
			"_tpl": "5d6e68b3a4b9361bca7e50b5",
			"parentId": "mag1Vest946625",
			"slotId": "cartridges",
			"upd": {
				"StackObjectsCount": 5
			}
		},
		{
			"_id": "mag2Vest504432",
			"_tpl": "57616a9e2459773c7a400234",
			"parentId": "B51647196408656265vLtc8z",
			"slotId": "11",
			"location": {
				"x": 0,
				"y": 0,
				"r": "Horizontal"
			}
		},
		{
			"_id": "AmmoMag2Vest590066",
			"_tpl": "58820d1224597753c90aeb13",
			"parentId": "mag2Vest504432",
			"slotId": "cartridges",
			"upd": {
				"StackObjectsCount": 5
			}
		},
		{
			"_id": "mag0Vest581657",
			"_tpl": "57616a9e2459773c7a400234",
			"parentId": "B51647196408656265vLtc8z",
			"slotId": "5",
			"location": {
				"x": 0,
				"y": 0,
				"r": "Horizontal"
			}
		},
		{
			"_id": "AmmoMag0Vest24061",
			"_tpl": "5d6e6891a4b9361bd473feea",
			"parentId": "mag0Vest581657",
			"slotId": "cartridges",
			"upd": {
				"StackObjectsCount": 5
			}
		},
		{
			"_id": "StackAmmo70459451413",
			"_tpl": "58820d1224597753c90aeb13",
			"parentId": "B51647196408656265vLtc8z",
			"slotId": "10",
			"upd": {
				"StackObjectsCount": 7
			}
		},
		{
			"_id": "B51647198377937883F8yr1i",
			"_tpl": "57e26fc7245977162a14b800",
			"parentId": "5c6687d65e9d882c8841f0fd",
			"slotId": "Scabbard"
		},
		{
			"_id": "B51647199360699770ycMXRj",
			"_tpl": "5b40e61f5acfc4001a599bec",
			"parentId": "5c6687d65e9d882c8841f0fd",
			"slotId": "Headwear"
		},
		{
			"_id": "B51647194106980711SICsNf",
			"_tpl": "59e7715586f7742ee5789605",
			"parentId": "5c6687d65e9d882c8841f0fd",
			"slotId": "FaceCover"
		},
		{
			"_id": "Pocket_983127",
			"_tpl": "5d1b313086f77425227d1678",
			"parentId": "5c6687d65e9d882c8841f121",
			"slotId": "pocket1",
			"location": {
				"x": 0,
				"y": 0,
				"r": "Horizontal"
			},
			"upd": {
				"SpawnedInSession": true
			}
		},
		{
			"_id": "Pocket_565245",
			"_tpl": "5751a25924597722c463c472",
			"parentId": "5c6687d65e9d882c8841f121",
			"slotId": "pocket2",
			"location": {
				"x": 0,
				"y": 0,
				"r": "Horizontal"
			},
			"upd": {
				"SpawnedInSession": true
			}
		}
	],
	"equipment": "5c6687d65e9d882c8841f0fd",
	"stash": "5c6687d65e9d882c8841f0fc",
	"questRaidItems": "5c6687d65e9d882c8841f0fe",
	"questStashItems": "5c6687d65e9d882c8841f0ff",
	"fastPanel": {}
}