{
	"items": [
		{
			"_id": "5c6687d65e9d882c8841f0fd",
			"_tpl": "55d7217a4bdc2d86028b456d"
		},
		{
			"_id": "5c6687d65e9d882c8841f121",
			"_tpl": "557ffd194bdc2d28148b457f",
			"parentId": "5c6687d65e9d882c8841f0fd",
			"slotId": "Pockets"
		},
		{
			"_id": "5c6687d65e9d882c8841f0fc",
			"_tpl": "566abbc34bdc2d92178b4576"
		},
		{
			"_id": "5c6687d65e9d882c8841f0ff",
			"_tpl": "5963866b86f7747bfa1c4462"
		},
		{
			"_id": "5c6687d65e9d882c8841f0fe",
			"_tpl": "5963866286f7747bf429b572"
		},
		{
			"_id": "B51647197981311305nogJcg",
			"_tpl": "5b44c8ea86f7742d1627baf1",
			"parentId": "5c6687d65e9d882c8841f0fd",
			"slotId": "TacticalVest"
		},
		{
			"_id": "I21007219422797693LVXFMe",
			"_tpl": "583990e32459771419544dd2",
			"parentId": "5c6687d65e9d882c8841f0fd",
			"slotId": "FirstPrimaryWeapon"
		},
		{
			"_id": "I210072131582560693Ipu7L",
			"_tpl": "5649ad3f4bdc2df8348b4585",
			"parentId": "I21007219422797693LVXFMe",
			"slotId": "mod_pistol_grip"
		},
		{
			"_id": "I21007214617119510LSCUKg",
			"_tpl": "57dc347d245977596754e7a1",
			"parentId": "I21007219422797693LVXFMe",
			"slotId": "mod_stock"
		},
		{
			"_id": "MagazineWeaponScav5649",
			"_tpl": "5cbdaf89ae9215000e5b9c94",
			"parentId": "I21007219422797693LVXFMe",
			"slotId": "mod_magazine"
		},
		{
			"_id": "AmmoMag14894",
			"_tpl": "56dff026d2720bb8668b4567",
			"parentId": "MagazineWeaponScav5649",
			"slotId": "cartridges",
			"upd": {
				"StackObjectsCount": 30
			}
		},
		{
			"_id": "I210072145191265578FMLPB",
			"_tpl": "57dc324a24597759501edc20",
			"parentId": "I21007219422797693LVXFMe",
			"slotId": "mod_muzzle"
		},
		{
			"_id": "I21007214647949498aOt20D",
			"_tpl": "57dc334d245977597164366f",
			"parentId": "I21007219422797693LVXFMe",
			"slotId": "mod_reciever"
		},
		{
			"_id": "I21007215360212556S2RvyG",
			"_tpl": "59d36a0086f7747e673f3946",
			"parentId": "I21007219422797693LVXFMe",
			"slotId": "mod_gas_block"
		},
		{
			"_id": "I210072166375059758aOdfm",
			"_tpl": "56dfef82d2720bbd668b4567",
			"parentId": "I210072161733312651r0JD0",
			"slotId": "cartridges",
			"location": 0,
			"upd": {
				"StackObjectsCount": 30
			}
		},
		{
			"_id": "I21007217038488842AGmbED",
			"_tpl": "57dc32dc245977596d4ef3d3",
			"parentId": "I21007215360212556S2RvyG",
			"slotId": "mod_handguard"
		},
		{
			"_id": "FuckYouUnlimitedAmmo572525",
			"_tpl": "5857a8bc2459772bad15db29",
			"parentId": "5c6687d65e9d882c8841f0fd",
			"slotId": "SecuredContainer"
		},
		{
			"_id": "iHateThatShit343182",
			"_tpl": "56dff061d2720bb5668b4567",
			"parentId": "FuckYouUnlimitedAmmo572525",
			"slotId": "main",
			"upd": {
				"StackObjectsCount": 60
			}
		},
		{
			"_id": "iHateThatShit910483",
			"_tpl": "56dff216d2720bbd668b4568",
			"parentId": "FuckYouUnlimitedAmmo572525",
			"slotId": "main",
			"upd": {
				"StackObjectsCount": 60
			}
		},
		{
			"_id": "iHateThatShit453703",
			"_tpl": "56dff2ced2720bb4668b4567",
			"parentId": "FuckYouUnlimitedAmmo572525",
			"slotId": "main",
			"upd": {
				"StackObjectsCount": 60
			}
		},
		{
			"_id": "iHateThatShit613546",
			"_tpl": "56dfef82d2720bbd668b4567",
			"parentId": "FuckYouUnlimitedAmmo572525",
			"slotId": "main",
			"upd": {
				"StackObjectsCount": 60
			}
		},
		{
			"_id": "iHateThatShit569270",
			"_tpl": "56dff338d2720bbd668b4569",
			"parentId": "FuckYouUnlimitedAmmo572525",
			"slotId": "main",
			"upd": {
				"StackObjectsCount": 60
			}
		},
		{
			"_id": "iHateThatShit989876",
			"_tpl": "56dff338d2720bbd668b4569",
			"parentId": "FuckYouUnlimitedAmmo572525",
			"slotId": "main",
			"upd": {
				"StackObjectsCount": 60
			}
		},
		{
			"_id": "iHateThatShit54640",
			"_tpl": "56dff216d2720bbd668b4568",
			"parentId": "FuckYouUnlimitedAmmo572525",
			"slotId": "main",
			"upd": {
				"StackObjectsCount": 60
			}
		},
		{
			"_id": "iHateThatShit897594",
			"_tpl": "56dff2ced2720bb4668b4567",
			"parentId": "FuckYouUnlimitedAmmo572525",
			"slotId": "main",
			"upd": {
				"StackObjectsCount": 60
			}
		},
		{
			"_id": "iHateThatShit201584",
			"_tpl": "56dff338d2720bbd668b4569",
			"parentId": "FuckYouUnlimitedAmmo572525",
			"slotId": "main",
			"upd": {
				"StackObjectsCount": 60
			}
		},
		{
			"_id": "mag0Vest806433",
			"_tpl": "5cbdaf89ae9215000e5b9c94",
			"parentId": "B51647197981311305nogJcg",
			"slotId": "1",
			"location": {
				"x": 0,
				"y": 0,
				"r": "Horizontal"
			}
		},
		{
			"_id": "AmmoMag0Vest356854",
			"_tpl": "56dff421d2720b5f5a8b4567",
			"parentId": "mag0Vest806433",
			"slotId": "cartridges",
			"upd": {
				"StackObjectsCount": 30
			}
		},
		{
			"_id": "mag2Vest867587",
			"_tpl": "5cbdaf89ae9215000e5b9c94",
			"parentId": "B51647197981311305nogJcg",
			"slotId": "4",
			"location": {
				"x": 0,
				"y": 0,
				"r": "Horizontal"
			}
		},
		{
			"_id": "AmmoMag2Vest142610",
			"_tpl": "56dff026d2720bb8668b4567",
			"parentId": "mag2Vest867587",
			"slotId": "cartridges",
			"upd": {
				"StackObjectsCount": 30
			}
		},
		{
			"_id": "mag3Vest632594",
			"_tpl": "5cbdaf89ae9215000e5b9c94",
			"parentId": "B51647197981311305nogJcg",
			"slotId": "6",
			"location": {
				"x": 0,
				"y": 0,
				"r": "Horizontal"
			}
		},
		{
			"_id": "AmmoMag3Vest24878",
			"_tpl": "5c0d5e4486f77478390952fe",
			"parentId": "mag3Vest632594",
			"slotId": "cartridges",
			"upd": {
				"StackObjectsCount": 30
			}
		},
		{
			"_id": "mag4Vest484372",
			"_tpl": "5cbdaf89ae9215000e5b9c94",
			"parentId": "B51647197981311305nogJcg",
			"slotId": "8",
			"location": {
				"x": 0,
				"y": 0,
				"r": "Horizontal"
			}
		},
		{
			"_id": "AmmoMag4Vest897614",
			"_tpl": "56dff026d2720bb8668b4567",
			"parentId": "mag4Vest484372",
			"slotId": "cartridges",
			"upd": {
				"StackObjectsCount": 30
			}
		},
		{
			"_id": "B516471980213246154UNk28",
			"_tpl": "54491bb74bdc2d09088b4567",
			"parentId": "5c6687d65e9d882c8841f0fd",
			"slotId": "Scabbard"
		},
		{
			"_id": "B5164719985635134192YsPM",
			"_tpl": "5a43943586f77416ad2f06e2",
			"parentId": "5c6687d65e9d882c8841f0fd",
			"slotId": "Headwear"
		},
		{
			"_id": "B51647192129402796Oe7kM2",
			"_tpl": "59e7715586f7742ee5789605",
			"parentId": "5c6687d65e9d882c8841f0fd",
			"slotId": "FaceCover"
		},
		{
			"_id": "Pocket_572453",
			"_tpl": "590c311186f77424d1667482",
			"parentId": "5c6687d65e9d882c8841f121",
			"slotId": "pocket1",
			"location": {
				"x": 0,
				"y": 0,
				"r": "Horizontal"
			},
			"upd": {
				"SpawnedInSession": true
			}
		},
		{
			"_id": "Pocket_899792",
			"_tpl": "5751a25924597722c463c472",
			"parentId": "5c6687d65e9d882c8841f121",
			"slotId": "pocket2",
			"location": {
				"x": 0,
				"y": 0,
				"r": "Horizontal"
			},
			"upd": {
				"SpawnedInSession": true
			}
		},
		{
			"_id": "Pocket_430575",
			"_tpl": "56742c2e4bdc2d95058b456d",
			"parentId": "5c6687d65e9d882c8841f121",
			"slotId": "pocket3",
			"location": {
				"x": 0,
				"y": 0,
				"r": "Horizontal"
			},
			"upd": {
				"SpawnedInSession": true
			}
		}
	],
	"equipment": "5c6687d65e9d882c8841f0fd",
	"stash": "5c6687d65e9d882c8841f0fc",
	"questRaidItems": "5c6687d65e9d882c8841f0fe",
	"questStashItems": "5c6687d65e9d882c8841f0ff",
	"fastPanel": {}
}