{
	"items": [
		{
			"_id": "5c6687d65e9d882c8841f0fd",
			"_tpl": "55d7217a4bdc2d86028b456d"
		},
		{
			"_id": "5c6687d65e9d882c8841f121",
			"_tpl": "557ffd194bdc2d28148b457f",
			"parentId": "5c6687d65e9d882c8841f0fd",
			"slotId": "Pockets"
		},
		{
			"_id": "5c6687d65e9d882c8841f0fc",
			"_tpl": "566abbc34bdc2d92178b4576"
		},
		{
			"_id": "5c6687d65e9d882c8841f0ff",
			"_tpl": "5963866b86f7747bfa1c4462"
		},
		{
			"_id": "5c6687d65e9d882c8841f0fe",
			"_tpl": "5963866286f7747bf429b572"
		},
		{
			"_id": "B51647183127253583wO3QZ8",
			"_tpl": "5d5d8ca986f7742798716522",
			"parentId": "5c6687d65e9d882c8841f0fd",
			"slotId": "TacticalVest"
		},
		{
			"_id": "I2100143385988820360jSIo",
			"_tpl": "57d14d2524597714373db789",
			"parentId": "5c6687d65e9d882c8841f0fd",
			"slotId": "FirstPrimaryWeapon"
		},
		{
			"_id": "I210014336637141990jXM6E",
			"_tpl": "57d152ec245977144076ccdf",
			"parentId": "I2100143385988820360jSIo",
			"slotId": "mod_pistol_grip"
		},
		{
			"_id": "MagazineWeaponScav4465",
			"_tpl": "57d1519e24597714373db79d",
			"parentId": "I2100143385988820360jSIo",
			"slotId": "mod_magazine"
		},
		{
			"_id": "AmmoMag16285",
			"_tpl": "57371f2b24597761224311f1",
			"parentId": "MagazineWeaponScav4465",
			"slotId": "cartridges",
			"upd": {
				"StackObjectsCount": 30
			}
		},
		{
			"_id": "FuckYouUnlimitedAmmo649870",
			"_tpl": "5857a8bc2459772bad15db29",
			"parentId": "5c6687d65e9d882c8841f0fd",
			"slotId": "SecuredContainer"
		},
		{
			"_id": "iHateThatShit555325",
			"_tpl": "57371e4124597760ff7b25f1",
			"parentId": "FuckYouUnlimitedAmmo649870",
			"slotId": "main",
			"upd": {
				"StackObjectsCount": 60
			}
		},
		{
			"_id": "iHateThatShit953641",
			"_tpl": "5737201124597760fc4431f1",
			"parentId": "FuckYouUnlimitedAmmo649870",
			"slotId": "main",
			"upd": {
				"StackObjectsCount": 60
			}
		},
		{
			"_id": "iHateThatShit279071",
			"_tpl": "57371f8d24597761006c6a81",
			"parentId": "FuckYouUnlimitedAmmo649870",
			"slotId": "main",
			"upd": {
				"StackObjectsCount": 60
			}
		},
		{
			"_id": "iHateThatShit45610",
			"_tpl": "5737218f245977612125ba51",
			"parentId": "FuckYouUnlimitedAmmo649870",
			"slotId": "main",
			"upd": {
				"StackObjectsCount": 60
			}
		},
		{
			"_id": "iHateThatShit845464",
			"_tpl": "57371eb62459776125652ac1",
			"parentId": "FuckYouUnlimitedAmmo649870",
			"slotId": "main",
			"upd": {
				"StackObjectsCount": 60
			}
		},
		{
			"_id": "iHateThatShit716992",
			"_tpl": "573719762459775a626ccbc1",
			"parentId": "FuckYouUnlimitedAmmo649870",
			"slotId": "main",
			"upd": {
				"StackObjectsCount": 60
			}
		},
		{
			"_id": "iHateThatShit796465",
			"_tpl": "573719762459775a626ccbc1",
			"parentId": "FuckYouUnlimitedAmmo649870",
			"slotId": "main",
			"upd": {
				"StackObjectsCount": 60
			}
		},
		{
			"_id": "iHateThatShit870620",
			"_tpl": "57372140245977611f70ee91",
			"parentId": "FuckYouUnlimitedAmmo649870",
			"slotId": "main",
			"upd": {
				"StackObjectsCount": 60
			}
		},
		{
			"_id": "iHateThatShit774049",
			"_tpl": "573720e02459776143012541",
			"parentId": "FuckYouUnlimitedAmmo649870",
			"slotId": "main",
			"upd": {
				"StackObjectsCount": 60
			}
		},
		{
			"_id": "mag0Vest418498",
			"_tpl": "57d1519e24597714373db79d",
			"parentId": "B51647183127253583wO3QZ8",
			"slotId": "2",
			"location": {
				"x": 0,
				"y": 0,
				"r": "Horizontal"
			}
		},
		{
			"_id": "AmmoMag0Vest714440",
			"_tpl": "57371f8d24597761006c6a81",
			"parentId": "mag0Vest418498",
			"slotId": "cartridges",
			"upd": {
				"StackObjectsCount": 30
			}
		},
		{
			"_id": "mag0Vest397601",
			"_tpl": "57d1519e24597714373db79d",
			"parentId": "B51647183127253583wO3QZ8",
			"slotId": "1",
			"location": {
				"x": 1,
				"y": 0,
				"r": "Horizontal"
			}
		},
		{
			"_id": "AmmoMag0Vest811612",
			"_tpl": "5737218f245977612125ba51",
			"parentId": "mag0Vest397601",
			"slotId": "cartridges",
			"upd": {
				"StackObjectsCount": 30
			}
		},
		{
			"_id": "B51647189094392781MaiQZR",
			"_tpl": "5bffdc370db834001d23eca8",
			"parentId": "5c6687d65e9d882c8841f0fd",
			"slotId": "Scabbard"
		},
		{
			"_id": "B51647188374842096kv7xtF",
			"_tpl": "59e7708286f7742cbd762753",
			"parentId": "5c6687d65e9d882c8841f0fd",
			"slotId": "Headwear"
		},
		{
			"_id": "B516471832574211204blDrE",
			"_tpl": "557ff21e4bdc2d89578b4586",
			"parentId": "5c6687d65e9d882c8841f0fd",
			"slotId": "Eyewear"
		},
		{
			"_id": "B51647187730653790m6NM77",
			"_tpl": "5bd06f5d86f77427101ad47c",
			"parentId": "5c6687d65e9d882c8841f0fd",
			"slotId": "FaceCover"
		},
		{
			"_id": "B516471838757481260yXHw3",
			"_tpl": "5ab8f04f86f774585f4237d8",
			"parentId": "5c6687d65e9d882c8841f0fd",
			"slotId": "Backpack"
		},
		{
			"_id": "B516471827587680345GcVMJ",
			"_tpl": "59e7635f86f7742cbf2c1095",
			"parentId": "5c6687d65e9d882c8841f0fd",
			"slotId": "ArmorVest",
			"upd": {
				"Repairable": {
					"MaxDurability": 40,
					"Durability": 35
				}
			}
		},
		{
			"_id": "Pocket_724542",
			"_tpl": "5783c43d2459774bbe137486",
			"parentId": "5c6687d65e9d882c8841f121",
			"slotId": "pocket1",
			"location": {
				"x": 0,
				"y": 0,
				"r": "Horizontal"
			},
			"upd": {
				"SpawnedInSession": true
			}
		}
	],
	"equipment": "5c6687d65e9d882c8841f0fd",
	"stash": "5c6687d65e9d882c8841f0fc",
	"questRaidItems": "5c6687d65e9d882c8841f0fe",
	"questStashItems": "5c6687d65e9d882c8841f0ff",
	"fastPanel": {}
}