{
	"items": [
		{
			"_id": "5c6687d65e9d882c8841f0fd",
			"_tpl": "55d7217a4bdc2d86028b456d"
		},
		{
			"_id": "5c6687d65e9d882c8841f121",
			"_tpl": "557ffd194bdc2d28148b457f",
			"parentId": "5c6687d65e9d882c8841f0fd",
			"slotId": "Pockets"
		},
		{
			"_id": "5c6687d65e9d882c8841f0fc",
			"_tpl": "566abbc34bdc2d92178b4576"
		},
		{
			"_id": "5c6687d65e9d882c8841f0ff",
			"_tpl": "5963866b86f7747bfa1c4462"
		},
		{
			"_id": "5c6687d65e9d882c8841f0fe",
			"_tpl": "5963866286f7747bf429b572"
		},
		{
			"_id": "B516471972184572746CAGlK",
			"_tpl": "5648a69d4bdc2ded0b8b457b",
			"parentId": "5c6687d65e9d882c8841f0fd",
			"slotId": "TacticalVest"
		},
		{
			"_id": "I331037216215836018jGtfq",
			"_tpl": "576165642459773c7a400233",
			"parentId": "5c6687d65e9d882c8841f0fd",
			"slotId": "FirstPrimaryWeapon"
		},
		{
			"_id": "I331037219561822274rTdbu",
			"_tpl": "576169e62459773c69055191",
			"parentId": "I331037216215836018jGtfq",
			"slotId": "mod_handguard"
		},
		{
			"_id": "I331037212680749283oTwUz",
			"_tpl": "576167ab2459773cad038c43",
			"parentId": "I331037216215836018jGtfq",
			"slotId": "mod_muzzle"
		},
		{
			"_id": "I331037214287133904UsXmw",
			"_tpl": "5649ade84bdc2d1b2b8b4587",
			"parentId": "I331037216215836018jGtfq",
			"slotId": "mod_pistol_grip"
		},
		{
			"_id": "I331037219819551362I4veV",
			"_tpl": "57a9b9ce2459770ee926038d",
			"parentId": "I331037216215836018jGtfq",
			"slotId": "mod_sight_rear",
			"upd": {
				"Sight": {
					"SelectedSightMode": 0
				}
			}
		},
		{
			"_id": "MagazineWeaponScav9128",
			"_tpl": "57616a9e2459773c7a400234",
			"parentId": "I331037216215836018jGtfq",
			"slotId": "mod_magazine"
		},
		{
			"_id": "AmmoMag19960",
			"_tpl": "5d6e68a8a4b9360b6c0d54e2",
			"parentId": "MagazineWeaponScav9128",
			"slotId": "cartridges",
			"upd": {
				"StackObjectsCount": 5
			}
		},
		{
			"_id": "FuckYouUnlimitedAmmo805980",
			"_tpl": "5857a8bc2459772bad15db29",
			"parentId": "5c6687d65e9d882c8841f0fd",
			"slotId": "SecuredContainer"
		},
		{
			"_id": "iHateThatShit684135",
			"_tpl": "5d6e68e6a4b9361c140bcfe0",
			"parentId": "FuckYouUnlimitedAmmo805980",
			"slotId": "main",
			"upd": {
				"StackObjectsCount": 60
			}
		},
		{
			"_id": "iHateThatShit972572",
			"_tpl": "5d6e68dea4b9361bcc29e659",
			"parentId": "FuckYouUnlimitedAmmo805980",
			"slotId": "main",
			"upd": {
				"StackObjectsCount": 60
			}
		},
		{
			"_id": "iHateThatShit412999",
			"_tpl": "5d6e68c4a4b9361b93413f79",
			"parentId": "FuckYouUnlimitedAmmo805980",
			"slotId": "main",
			"upd": {
				"StackObjectsCount": 60
			}
		},
		{
			"_id": "iHateThatShit620424",
			"_tpl": "58820d1224597753c90aeb13",
			"parentId": "FuckYouUnlimitedAmmo805980",
			"slotId": "main",
			"upd": {
				"StackObjectsCount": 60
			}
		},
		{
			"_id": "iHateThatShit742134",
			"_tpl": "5d6e68b3a4b9361bca7e50b5",
			"parentId": "FuckYouUnlimitedAmmo805980",
			"slotId": "main",
			"upd": {
				"StackObjectsCount": 60
			}
		},
		{
			"_id": "iHateThatShit692646",
			"_tpl": "5d6e6869a4b9361c140bcfde",
			"parentId": "FuckYouUnlimitedAmmo805980",
			"slotId": "main",
			"upd": {
				"StackObjectsCount": 60
			}
		},
		{
			"_id": "iHateThatShit145100",
			"_tpl": "560d5e524bdc2d25448b4571",
			"parentId": "FuckYouUnlimitedAmmo805980",
			"slotId": "main",
			"upd": {
				"StackObjectsCount": 60
			}
		},
		{
			"_id": "iHateThatShit4658",
			"_tpl": "58820d1224597753c90aeb13",
			"parentId": "FuckYouUnlimitedAmmo805980",
			"slotId": "main",
			"upd": {
				"StackObjectsCount": 60
			}
		},
		{
			"_id": "iHateThatShit929736",
			"_tpl": "58820d1224597753c90aeb13",
			"parentId": "FuckYouUnlimitedAmmo805980",
			"slotId": "main",
			"upd": {
				"StackObjectsCount": 60
			}
		},
		{
			"_id": "mag0Vest920668",
			"_tpl": "57616a9e2459773c7a400234",
			"parentId": "B516471972184572746CAGlK",
			"slotId": "1",
			"location": {
				"x": 0,
				"y": 0,
				"r": "Horizontal"
			}
		},
		{
			"_id": "AmmoMag0Vest496901",
			"_tpl": "5d6e68d1a4b93622fe60e845",
			"parentId": "mag0Vest920668",
			"slotId": "cartridges",
			"upd": {
				"StackObjectsCount": 5
			}
		},
		{
			"_id": "mag3Vest55526",
			"_tpl": "57616a9e2459773c7a400234",
			"parentId": "B516471972184572746CAGlK",
			"slotId": "10",
			"location": {
				"x": 0,
				"y": 0,
				"r": "Horizontal"
			}
		},
		{
			"_id": "AmmoMag3Vest175141",
			"_tpl": "5d6e6891a4b9361bd473feea",
			"parentId": "mag3Vest55526",
			"slotId": "cartridges",
			"upd": {
				"StackObjectsCount": 5
			}
		},
		{
			"_id": "mag0Vest658753",
			"_tpl": "57616a9e2459773c7a400234",
			"parentId": "B516471972184572746CAGlK",
			"slotId": "5",
			"location": {
				"x": 0,
				"y": 0,
				"r": "Horizontal"
			}
		},
		{
			"_id": "AmmoMag0Vest972431",
			"_tpl": "5d6e68e6a4b9361c140bcfe0",
			"parentId": "mag0Vest658753",
			"slotId": "cartridges",
			"upd": {
				"StackObjectsCount": 5
			}
		},
		{
			"_id": "mag0Vest885207",
			"_tpl": "57616a9e2459773c7a400234",
			"parentId": "B516471972184572746CAGlK",
			"slotId": "5",
			"location": {
				"x": 1,
				"y": 0,
				"r": "Horizontal"
			}
		},
		{
			"_id": "AmmoMag0Vest879021",
			"_tpl": "5d6e6891a4b9361bd473feea",
			"parentId": "mag0Vest885207",
			"slotId": "cartridges",
			"upd": {
				"StackObjectsCount": 5
			}
		},
		{
			"_id": "B51647197727083769DpYYAg",
			"_tpl": "54491bb74bdc2d09088b4567",
			"parentId": "5c6687d65e9d882c8841f0fd",
			"slotId": "Scabbard"
		},
		{
			"_id": "B51647192980601808v7shMc",
			"_tpl": "572b7fa524597762b747ce82",
			"parentId": "5c6687d65e9d882c8841f0fd",
			"slotId": "FaceCover"
		},
		{
			"_id": "B516471983986918795YNcGm",
			"_tpl": "59e7635f86f7742cbf2c1095",
			"parentId": "5c6687d65e9d882c8841f0fd",
			"slotId": "ArmorVest",
			"upd": {
				"Repairable": {
					"MaxDurability": 40,
					"Durability": 4
				}
			}
		},
		{
			"_id": "Pocket_752773",
			"_tpl": "5a0f075686f7745bcc42ee12",
			"parentId": "5c6687d65e9d882c8841f121",
			"slotId": "pocket1",
			"location": {
				"x": 0,
				"y": 0,
				"r": "Horizontal"
			},
			"upd": {
				"SpawnedInSession": true
			}
		},
		{
			"_id": "Pocket_473914",
			"_tpl": "5b4c72fb86f7745cef1cffc5",
			"parentId": "5c6687d65e9d882c8841f121",
			"slotId": "pocket2",
			"location": {
				"x": 0,
				"y": 0,
				"r": "Horizontal"
			},
			"upd": {
				"SpawnedInSession": true
			}
		}
	],
	"equipment": "5c6687d65e9d882c8841f0fd",
	"stash": "5c6687d65e9d882c8841f0fc",
	"questRaidItems": "5c6687d65e9d882c8841f0fe",
	"questStashItems": "5c6687d65e9d882c8841f0ff",
	"fastPanel": {}
}