{
	"items": [
		{
			"_id": "5c6687d65e9d882c8841f0fd",
			"_tpl": "55d7217a4bdc2d86028b456d"
		},
		{
			"_id": "5c6687d65e9d882c8841f121",
			"_tpl": "557ffd194bdc2d28148b457f",
			"parentId": "5c6687d65e9d882c8841f0fd",
			"slotId": "Pockets"
		},
		{
			"_id": "5c6687d65e9d882c8841f0fc",
			"_tpl": "566abbc34bdc2d92178b4576"
		},
		{
			"_id": "5c6687d65e9d882c8841f0ff",
			"_tpl": "5963866b86f7747bfa1c4462"
		},
		{
			"_id": "5c6687d65e9d882c8841f0fe",
			"_tpl": "5963866286f7747bf429b572"
		},
		{
			"_id": "B51647198764499082uPEIOb",
			"_tpl": "5c0e9f2c86f77432297fe0a3",
			"parentId": "5c6687d65e9d882c8841f0fd",
			"slotId": "TacticalVest"
		},
		{
			"_id": "I21005151967199490JSvBCm",
			"_tpl": "59e6687d86f77411d949b251",
			"parentId": "5c6687d65e9d882c8841f0fd",
			"slotId": "FirstPrimaryWeapon"
		},
		{
			"_id": "I21005153516478352Ihye2k",
			"_tpl": "59e649f986f77411d949b246",
			"parentId": "I21005151967199490JSvBCm",
			"slotId": "mod_gas_block"
		},
		{
			"_id": "I21005154236994071r1p45D",
			"_tpl": "59e8a00d86f7742ad93b569c",
			"parentId": "I21005151967199490JSvBCm",
			"slotId": "mod_muzzle"
		},
		{
			"_id": "I21005151920446131av6Lrx",
			"_tpl": "59e6318286f77444dd62c4cc",
			"parentId": "I21005151967199490JSvBCm",
			"slotId": "mod_pistol_grip"
		},
		{
			"_id": "I21005152475577928328yUb",
			"_tpl": "59e6449086f7746c9f75e822",
			"parentId": "I21005151967199490JSvBCm",
			"slotId": "mod_reciever"
		},
		{
			"_id": "I21005154864426870IkrnR5",
			"_tpl": "59e8977386f77415a553c453",
			"parentId": "I21005151967199490JSvBCm",
			"slotId": "mod_sight_rear",
			"upd": {
				"Sight": {
					"SelectedSightMode": 0
				}
			}
		},
		{
			"_id": "I21005152582447032WNy9hG",
			"_tpl": "59e89d0986f77427600d226e",
			"parentId": "I21005151967199490JSvBCm",
			"slotId": "mod_stock"
		},
		{
			"_id": "MagazineWeaponScav1091",
			"_tpl": "5ac66bea5acfc43b321d4aec",
			"parentId": "I21005151967199490JSvBCm",
			"slotId": "mod_magazine"
		},
		{
			"_id": "AmmoMag11157",
			"_tpl": "59e6542b86f77411dc52a77a",
			"parentId": "MagazineWeaponScav1091",
			"slotId": "cartridges",
			"upd": {
				"StackObjectsCount": 30
			}
		},
		{
			"_id": "I21005159447480616c29Fc2",
			"_tpl": "59e898ee86f77427614bd225",
			"parentId": "I21005153516478352Ihye2k",
			"slotId": "mod_handguard"
		},
		{
			"_id": "FuckYouUnlimitedAmmo623600",
			"_tpl": "5857a8bc2459772bad15db29",
			"parentId": "5c6687d65e9d882c8841f0fd",
			"slotId": "SecuredContainer"
		},
		{
			"_id": "iHateThatShit68961",
			"_tpl": "59e655cb86f77411dc52a77b",
			"parentId": "FuckYouUnlimitedAmmo623600",
			"slotId": "main",
			"upd": {
				"StackObjectsCount": 60
			}
		},
		{
			"_id": "iHateThatShit139024",
			"_tpl": "59e6658b86f77411d949b250",
			"parentId": "FuckYouUnlimitedAmmo623600",
			"slotId": "main",
			"upd": {
				"StackObjectsCount": 60
			}
		},
		{
			"_id": "iHateThatShit411504",
			"_tpl": "59e655cb86f77411dc52a77b",
			"parentId": "FuckYouUnlimitedAmmo623600",
			"slotId": "main",
			"upd": {
				"StackObjectsCount": 60
			}
		},
		{
			"_id": "iHateThatShit305511",
			"_tpl": "59e655cb86f77411dc52a77b",
			"parentId": "FuckYouUnlimitedAmmo623600",
			"slotId": "main",
			"upd": {
				"StackObjectsCount": 60
			}
		},
		{
			"_id": "iHateThatShit703567",
			"_tpl": "59e6658b86f77411d949b250",
			"parentId": "FuckYouUnlimitedAmmo623600",
			"slotId": "main",
			"upd": {
				"StackObjectsCount": 60
			}
		},
		{
			"_id": "iHateThatShit821166",
			"_tpl": "59e6542b86f77411dc52a77a",
			"parentId": "FuckYouUnlimitedAmmo623600",
			"slotId": "main",
			"upd": {
				"StackObjectsCount": 60
			}
		},
		{
			"_id": "iHateThatShit699732",
			"_tpl": "59e655cb86f77411dc52a77b",
			"parentId": "FuckYouUnlimitedAmmo623600",
			"slotId": "main",
			"upd": {
				"StackObjectsCount": 60
			}
		},
		{
			"_id": "iHateThatShit292320",
			"_tpl": "59e6542b86f77411dc52a77a",
			"parentId": "FuckYouUnlimitedAmmo623600",
			"slotId": "main",
			"upd": {
				"StackObjectsCount": 60
			}
		},
		{
			"_id": "iHateThatShit806758",
			"_tpl": "59e655cb86f77411dc52a77b",
			"parentId": "FuckYouUnlimitedAmmo623600",
			"slotId": "main",
			"upd": {
				"StackObjectsCount": 60
			}
		},
		{
			"_id": "mag0Vest349501",
			"_tpl": "5ac66bea5acfc43b321d4aec",
			"parentId": "B51647198764499082uPEIOb",
			"slotId": "1",
			"location": {
				"x": 0,
				"y": 0,
				"r": "Horizontal"
			}
		},
		{
			"_id": "AmmoMag0Vest240353",
			"_tpl": "59e6542b86f77411dc52a77a",
			"parentId": "mag0Vest349501",
			"slotId": "cartridges",
			"upd": {
				"StackObjectsCount": 30
			}
		},
		{
			"_id": "mag2Vest920955",
			"_tpl": "5ac66bea5acfc43b321d4aec",
			"parentId": "B51647198764499082uPEIOb",
			"slotId": "4",
			"location": {
				"x": 0,
				"y": 0,
				"r": "Horizontal"
			}
		},
		{
			"_id": "AmmoMag2Vest436084",
			"_tpl": "59e6542b86f77411dc52a77a",
			"parentId": "mag2Vest920955",
			"slotId": "cartridges",
			"upd": {
				"StackObjectsCount": 30
			}
		},
		{
			"_id": "mag3Vest925512",
			"_tpl": "5ac66bea5acfc43b321d4aec",
			"parentId": "B51647198764499082uPEIOb",
			"slotId": "6",
			"location": {
				"x": 0,
				"y": 0,
				"r": "Horizontal"
			}
		},
		{
			"_id": "AmmoMag3Vest788515",
			"_tpl": "59e6542b86f77411dc52a77a",
			"parentId": "mag3Vest925512",
			"slotId": "cartridges",
			"upd": {
				"StackObjectsCount": 30
			}
		},
		{
			"_id": "mag4Vest496051",
			"_tpl": "5ac66bea5acfc43b321d4aec",
			"parentId": "B51647198764499082uPEIOb",
			"slotId": "8",
			"location": {
				"x": 0,
				"y": 0,
				"r": "Horizontal"
			}
		},
		{
			"_id": "AmmoMag4Vest63141",
			"_tpl": "59e655cb86f77411dc52a77b",
			"parentId": "mag4Vest496051",
			"slotId": "cartridges",
			"upd": {
				"StackObjectsCount": 30
			}
		},
		{
			"_id": "B51647191141712767ASUyY2",
			"_tpl": "57e26ea924597715ca604a09",
			"parentId": "5c6687d65e9d882c8841f0fd",
			"slotId": "Scabbard"
		},
		{
			"_id": "B51647195328037212BnoUJi",
			"_tpl": "5aa2ba46e5b5b000137b758d",
			"parentId": "5c6687d65e9d882c8841f0fd",
			"slotId": "Headwear"
		},
		{
			"_id": "B51647195540102034Cy0M1J",
			"_tpl": "5aa2b986e5b5b00014028f4c",
			"parentId": "5c6687d65e9d882c8841f0fd",
			"slotId": "Eyewear"
		},
		{
			"_id": "B51647199130074237gMrZO4",
			"_tpl": "5ab8ee7786f7742d8f33f0b9",
			"parentId": "5c6687d65e9d882c8841f0fd",
			"slotId": "Backpack"
		},
		{
			"_id": "BP516471960400603953YUoy",
			"_tpl": "5448ff904bdc2d6f028b456e",
			"parentId": "B51647199130074237gMrZO4",
			"slotId": "main",
			"location": {
				"x": 0,
				"y": 0,
				"r": "Horizontal"
			}
		},
		{
			"_id": "BP51647196627168385DN10w",
			"_tpl": "5d40412b86f7743cb332ac3a",
			"parentId": "B51647199130074237gMrZO4",
			"slotId": "main",
			"location": {
				"x": 1,
				"y": 0,
				"r": "Horizontal"
			}
		},
		{
			"_id": "BP51647199015508326LJtCn",
			"_tpl": "57347c5b245977448d35f6e1",
			"parentId": "B51647199130074237gMrZO4",
			"slotId": "main",
			"location": {
				"x": 0,
				"y": 1,
				"r": "Horizontal"
			}
		},
		{
			"_id": "BP51647194756506772zNIUX",
			"_tpl": "5448ba0b4bdc2d02308b456c",
			"parentId": "B51647199130074237gMrZO4",
			"slotId": "main",
			"location": {
				"x": 2,
				"y": 0,
				"r": "Horizontal"
			}
		},
		{
			"_id": "BP51647193133764098jRVSm",
			"_tpl": "57347b8b24597737dd42e192",
			"parentId": "B51647199130074237gMrZO4",
			"slotId": "main",
			"location": {
				"x": 2,
				"y": 1,
				"r": "Horizontal"
			}
		}
	],
	"equipment": "5c6687d65e9d882c8841f0fd",
	"stash": "5c6687d65e9d882c8841f0fc",
	"questRaidItems": "5c6687d65e9d882c8841f0fe",
	"questStashItems": "5c6687d65e9d882c8841f0ff",
	"fastPanel": {}
}