{
	"items": [
		{
			"_id": "5c6687d65e9d882c8841f0fd",
			"_tpl": "55d7217a4bdc2d86028b456d"
		},
		{
			"_id": "5c6687d65e9d882c8841f121",
			"_tpl": "557ffd194bdc2d28148b457f",
			"parentId": "5c6687d65e9d882c8841f0fd",
			"slotId": "Pockets"
		},
		{
			"_id": "5c6687d65e9d882c8841f0fc",
			"_tpl": "566abbc34bdc2d92178b4576"
		},
		{
			"_id": "5c6687d65e9d882c8841f0ff",
			"_tpl": "5963866b86f7747bfa1c4462"
		},
		{
			"_id": "5c6687d65e9d882c8841f0fe",
			"_tpl": "5963866286f7747bf429b572"
		},
		{
			"_id": "B51647193904637705RagmAC",
			"_tpl": "5e4abfed86f77406a2713cf7",
			"parentId": "5c6687d65e9d882c8841f0fd",
			"slotId": "TacticalVest"
		},
		{
			"_id": "I21008468711264187Xszlcc",
			"_tpl": "59ff346386f77477562ff5e2",
			"parentId": "5c6687d65e9d882c8841f0fd",
			"slotId": "FirstPrimaryWeapon"
		},
		{
			"_id": "I21008464390411316KBLmDV",
			"_tpl": "59d64ec286f774171d1e0a42",
			"parentId": "I21008468711264187Xszlcc",
			"slotId": "mod_gas_block"
		},
		{
			"_id": "I21008461400862966Q6nOXb",
			"_tpl": "59d64fc686f774171b243fe2",
			"parentId": "I21008468711264187Xszlcc",
			"slotId": "mod_muzzle"
		},
		{
			"_id": "I21008469433656671RLtMTF",
			"_tpl": "5a0071d486f77404e23a12b2",
			"parentId": "I21008468711264187Xszlcc",
			"slotId": "mod_pistol_grip_akms"
		},
		{
			"_id": "I21008466511616434FMgVb5",
			"_tpl": "59d6507c86f7741b846413a2",
			"parentId": "I21008468711264187Xszlcc",
			"slotId": "mod_reciever"
		},
		{
			"_id": "I21008461308245459wvIgpy",
			"_tpl": "59d650cf86f7741b846413a4",
			"parentId": "I21008468711264187Xszlcc",
			"slotId": "mod_sight_rear",
			"upd": {
				"Sight": {
					"SelectedSightMode": 0
				}
			}
		},
		{
			"_id": "I21008461878208219ZloFqc",
			"_tpl": "59ff3b6a86f77477562ff5ed",
			"parentId": "I21008468711264187Xszlcc",
			"slotId": "mod_stock_akms"
		},
		{
			"_id": "MagazineWeaponScav9751",
			"_tpl": "59e5d83b86f7745aed03d262",
			"parentId": "I21008468711264187Xszlcc",
			"slotId": "mod_magazine"
		},
		{
			"_id": "AmmoMag15631",
			"_tpl": "59e4cf5286f7741778269d8a",
			"parentId": "MagazineWeaponScav9751",
			"slotId": "cartridges",
			"upd": {
				"StackObjectsCount": 10
			}
		},
		{
			"_id": "I21008468053966479eEQg2S",
			"_tpl": "59d64f2f86f77417193ef8b3",
			"parentId": "I21008464390411316KBLmDV",
			"slotId": "mod_handguard"
		},
		{
			"_id": "FuckYouUnlimitedAmmo893891",
			"_tpl": "5857a8bc2459772bad15db29",
			"parentId": "5c6687d65e9d882c8841f0fd",
			"slotId": "SecuredContainer"
		},
		{
			"_id": "iHateThatShit128097",
			"_tpl": "59e4cf5286f7741778269d8a",
			"parentId": "FuckYouUnlimitedAmmo893891",
			"slotId": "main",
			"upd": {
				"StackObjectsCount": 60
			}
		},
		{
			"_id": "iHateThatShit412829",
			"_tpl": "59e4cf5286f7741778269d8a",
			"parentId": "FuckYouUnlimitedAmmo893891",
			"slotId": "main",
			"upd": {
				"StackObjectsCount": 60
			}
		},
		{
			"_id": "iHateThatShit414385",
			"_tpl": "5656d7c34bdc2d9d198b4587",
			"parentId": "FuckYouUnlimitedAmmo893891",
			"slotId": "main",
			"upd": {
				"StackObjectsCount": 60
			}
		},
		{
			"_id": "iHateThatShit860393",
			"_tpl": "59e0d99486f7744a32234762",
			"parentId": "FuckYouUnlimitedAmmo893891",
			"slotId": "main",
			"upd": {
				"StackObjectsCount": 60
			}
		},
		{
			"_id": "iHateThatShit368593",
			"_tpl": "59e0d99486f7744a32234762",
			"parentId": "FuckYouUnlimitedAmmo893891",
			"slotId": "main",
			"upd": {
				"StackObjectsCount": 60
			}
		},
		{
			"_id": "iHateThatShit129476",
			"_tpl": "5656d7c34bdc2d9d198b4587",
			"parentId": "FuckYouUnlimitedAmmo893891",
			"slotId": "main",
			"upd": {
				"StackObjectsCount": 60
			}
		},
		{
			"_id": "iHateThatShit811794",
			"_tpl": "59e4d3d286f774176a36250a",
			"parentId": "FuckYouUnlimitedAmmo893891",
			"slotId": "main",
			"upd": {
				"StackObjectsCount": 60
			}
		},
		{
			"_id": "iHateThatShit7277",
			"_tpl": "5656d7c34bdc2d9d198b4587",
			"parentId": "FuckYouUnlimitedAmmo893891",
			"slotId": "main",
			"upd": {
				"StackObjectsCount": 60
			}
		},
		{
			"_id": "iHateThatShit362874",
			"_tpl": "59e4d3d286f774176a36250a",
			"parentId": "FuckYouUnlimitedAmmo893891",
			"slotId": "main",
			"upd": {
				"StackObjectsCount": 60
			}
		},
		{
			"_id": "mag0Vest714147",
			"_tpl": "59e5d83b86f7745aed03d262",
			"parentId": "B51647193904637705RagmAC",
			"slotId": "1",
			"location": {
				"x": 0,
				"y": 0,
				"r": "Horizontal"
			}
		},
		{
			"_id": "AmmoMag0Vest166725",
			"_tpl": "59e4d3d286f774176a36250a",
			"parentId": "mag0Vest714147",
			"slotId": "cartridges",
			"upd": {
				"StackObjectsCount": 10
			}
		},
		{
			"_id": "mag0Vest740222",
			"_tpl": "59e5d83b86f7745aed03d262",
			"parentId": "B51647193904637705RagmAC",
			"slotId": "1",
			"location": {
				"x": 0,
				"y": 1,
				"r": "Horizontal"
			}
		},
		{
			"_id": "AmmoMag0Vest364313",
			"_tpl": "59e0d99486f7744a32234762",
			"parentId": "mag0Vest740222",
			"slotId": "cartridges",
			"upd": {
				"StackObjectsCount": 10
			}
		},
		{
			"_id": "mag1Vest825733",
			"_tpl": "59e5d83b86f7745aed03d262",
			"parentId": "B51647193904637705RagmAC",
			"slotId": "3",
			"location": {
				"x": 0,
				"y": 1,
				"r": "Horizontal"
			}
		},
		{
			"_id": "AmmoMag1Vest453758",
			"_tpl": "59e4cf5286f7741778269d8a",
			"parentId": "mag1Vest825733",
			"slotId": "cartridges",
			"upd": {
				"StackObjectsCount": 10
			}
		},
		{
			"_id": "StackAmmo32599968289",
			"_tpl": "5656d7c34bdc2d9d198b4587",
			"parentId": "B51647193904637705RagmAC",
			"slotId": "9",
			"upd": {
				"StackObjectsCount": 47
			}
		},
		{
			"_id": "B51647199626632030VQkFOO",
			"_tpl": "57e26fc7245977162a14b800",
			"parentId": "5c6687d65e9d882c8841f0fd",
			"slotId": "Scabbard"
		},
		{
			"_id": "B51647198979933106KH107E",
			"_tpl": "59e7711e86f7746cae05fbe1",
			"parentId": "5c6687d65e9d882c8841f0fd",
			"slotId": "Headwear"
		},
		{
			"_id": "Headwear_cover_582",
			"_tpl": "5ac4c50d5acfc40019262e87",
			"parentId": "B51647198979933106KH107E",
			"slotId": "mod_equipment",
			"upd": {
				"Togglable": {
					"On": true
				}
			}
		},
		{
			"_id": "B51647196886349690NcsWug",
			"_tpl": "572b7f1624597762ae139822",
			"parentId": "5c6687d65e9d882c8841f0fd",
			"slotId": "FaceCover"
		},
		{
			"_id": "B51647193125259086JxwT8Z",
			"_tpl": "5ab8f04f86f774585f4237d8",
			"parentId": "5c6687d65e9d882c8841f0fd",
			"slotId": "Backpack"
		},
		{
			"_id": "Pocket_533705",
			"_tpl": "5914578086f774123569ffa4",
			"parentId": "5c6687d65e9d882c8841f121",
			"slotId": "pocket1",
			"location": {
				"x": 0,
				"y": 0,
				"r": "Horizontal"
			},
			"upd": {
				"SpawnedInSession": true
			}
		},
		{
			"_id": "Pocket_958612",
			"_tpl": "5b4335ba86f7744d2837a264",
			"parentId": "5c6687d65e9d882c8841f121",
			"slotId": "pocket2",
			"location": {
				"x": 0,
				"y": 0,
				"r": "Horizontal"
			},
			"upd": {
				"SpawnedInSession": true
			}
		}
	],
	"equipment": "5c6687d65e9d882c8841f0fd",
	"stash": "5c6687d65e9d882c8841f0fc",
	"questRaidItems": "5c6687d65e9d882c8841f0fe",
	"questStashItems": "5c6687d65e9d882c8841f0ff",
	"fastPanel": {}
}