{
	"items": [
		{
			"_id": "5c6687d65e9d882c8841f0fd",
			"_tpl": "55d7217a4bdc2d86028b456d"
		},
		{
			"_id": "5c6687d65e9d882c8841f121",
			"_tpl": "557ffd194bdc2d28148b457f",
			"parentId": "5c6687d65e9d882c8841f0fd",
			"slotId": "Pockets"
		},
		{
			"_id": "5c6687d65e9d882c8841f0fc",
			"_tpl": "566abbc34bdc2d92178b4576"
		},
		{
			"_id": "5c6687d65e9d882c8841f0ff",
			"_tpl": "5963866b86f7747bfa1c4462"
		},
		{
			"_id": "5c6687d65e9d882c8841f0fe",
			"_tpl": "5963866286f7747bf429b572"
		},
		{
			"_id": "B51647181215223925JurowH",
			"_tpl": "5d5d646386f7742797261fd9",
			"parentId": "5c6687d65e9d882c8841f0fd",
			"slotId": "TacticalVest"
		},
		{
			"_id": "I210053421398609716glI23",
			"_tpl": "57838ad32459774a17445cd2",
			"parentId": "5c6687d65e9d882c8841f0fd",
			"slotId": "FirstPrimaryWeapon"
		},
		{
			"_id": "MagazineWeaponScav5614",
			"_tpl": "57838f0b2459774a256959b2",
			"parentId": "I210053421398609716glI23",
			"slotId": "mod_magazine"
		},
		{
			"_id": "AmmoMag19730",
			"_tpl": "5c0d688c86f77413ae3407b2",
			"parentId": "MagazineWeaponScav5614",
			"slotId": "cartridges",
			"upd": {
				"StackObjectsCount": 10
			}
		},
		{
			"_id": "I210053428634071086N8Zju",
			"_tpl": "57838c962459774a1651ec63",
			"parentId": "I210053421398609716glI23",
			"slotId": "mod_muzzle"
		},
		{
			"_id": "I210053422066154803RCGpD",
			"_tpl": "578395e82459774a0e553c7b",
			"parentId": "I210053421398609716glI23",
			"slotId": "mod_stock"
		},
		{
			"_id": "I210053425608849568ba9of",
			"_tpl": "57838e1b2459774a256959b1",
			"parentId": "I210053428634071086N8Zju",
			"slotId": "mod_sight_rear",
			"upd": {
				"Sight": {
					"SelectedSightMode": 0
				}
			}
		},
		{
			"_id": "FuckYouUnlimitedAmmo461180",
			"_tpl": "5857a8bc2459772bad15db29",
			"parentId": "5c6687d65e9d882c8841f0fd",
			"slotId": "SecuredContainer"
		},
		{
			"_id": "iHateThatShit973252",
			"_tpl": "5c0d688c86f77413ae3407b2",
			"parentId": "FuckYouUnlimitedAmmo461180",
			"slotId": "main",
			"upd": {
				"StackObjectsCount": 60
			}
		},
		{
			"_id": "iHateThatShit465380",
			"_tpl": "57a0e5022459774d1673f889",
			"parentId": "FuckYouUnlimitedAmmo461180",
			"slotId": "main",
			"upd": {
				"StackObjectsCount": 60
			}
		},
		{
			"_id": "iHateThatShit373264",
			"_tpl": "57a0dfb82459774d3078b56c",
			"parentId": "FuckYouUnlimitedAmmo461180",
			"slotId": "main",
			"upd": {
				"StackObjectsCount": 60
			}
		},
		{
			"_id": "iHateThatShit821557",
			"_tpl": "57a0dfb82459774d3078b56c",
			"parentId": "FuckYouUnlimitedAmmo461180",
			"slotId": "main",
			"upd": {
				"StackObjectsCount": 60
			}
		},
		{
			"_id": "iHateThatShit801915",
			"_tpl": "57a0dfb82459774d3078b56c",
			"parentId": "FuckYouUnlimitedAmmo461180",
			"slotId": "main",
			"upd": {
				"StackObjectsCount": 60
			}
		},
		{
			"_id": "iHateThatShit521966",
			"_tpl": "5c0d668f86f7747ccb7f13b2",
			"parentId": "FuckYouUnlimitedAmmo461180",
			"slotId": "main",
			"upd": {
				"StackObjectsCount": 60
			}
		},
		{
			"_id": "iHateThatShit858630",
			"_tpl": "57a0e5022459774d1673f889",
			"parentId": "FuckYouUnlimitedAmmo461180",
			"slotId": "main",
			"upd": {
				"StackObjectsCount": 60
			}
		},
		{
			"_id": "iHateThatShit454812",
			"_tpl": "5c0d688c86f77413ae3407b2",
			"parentId": "FuckYouUnlimitedAmmo461180",
			"slotId": "main",
			"upd": {
				"StackObjectsCount": 60
			}
		},
		{
			"_id": "iHateThatShit572047",
			"_tpl": "57a0dfb82459774d3078b56c",
			"parentId": "FuckYouUnlimitedAmmo461180",
			"slotId": "main",
			"upd": {
				"StackObjectsCount": 60
			}
		},
		{
			"_id": "mag0Vest54568",
			"_tpl": "57838f0b2459774a256959b2",
			"parentId": "B51647181215223925JurowH",
			"slotId": "3",
			"location": {
				"x": 0,
				"y": 0,
				"r": "Horizontal"
			}
		},
		{
			"_id": "AmmoMag0Vest720136",
			"_tpl": "5c0d688c86f77413ae3407b2",
			"parentId": "mag0Vest54568",
			"slotId": "cartridges",
			"upd": {
				"StackObjectsCount": 10
			}
		},
		{
			"_id": "mag1Vest453064",
			"_tpl": "57838f0b2459774a256959b2",
			"parentId": "B51647181215223925JurowH",
			"slotId": "5",
			"location": {
				"x": 0,
				"y": 1,
				"r": "Horizontal"
			}
		},
		{
			"_id": "AmmoMag1Vest160651",
			"_tpl": "57a0dfb82459774d3078b56c",
			"parentId": "mag1Vest453064",
			"slotId": "cartridges",
			"upd": {
				"StackObjectsCount": 10
			}
		},
		{
			"_id": "StackAmmo89740650409",
			"_tpl": "5c0d668f86f7747ccb7f13b2",
			"parentId": "B51647181215223925JurowH",
			"slotId": "2",
			"upd": {
				"StackObjectsCount": 42
			}
		},
		{
			"_id": "B51647182842037601Jae9dy",
			"_tpl": "54491bb74bdc2d09088b4567",
			"parentId": "5c6687d65e9d882c8841f0fd",
			"slotId": "Scabbard"
		},
		{
			"_id": "B51647186333141524PI2POP",
			"_tpl": "5c0d2727d174af02a012cf58",
			"parentId": "5c6687d65e9d882c8841f0fd",
			"slotId": "Headwear"
		},
		{
			"_id": "B516471890852603970XzII9",
			"_tpl": "5c0d32fcd174af02a1659c75",
			"parentId": "5c6687d65e9d882c8841f0fd",
			"slotId": "Eyewear"
		},
		{
			"_id": "B51647183040084552SdUzcZ",
			"_tpl": "5ab8ee7786f7742d8f33f0b9",
			"parentId": "5c6687d65e9d882c8841f0fd",
			"slotId": "Backpack"
		},
		{
			"_id": "BP51647183029419266VLH2C",
			"_tpl": "5e2aef7986f7746d3f3c33f5",
			"parentId": "B51647183040084552SdUzcZ",
			"slotId": "main",
			"location": {
				"x": 0,
				"y": 0,
				"r": "Horizontal"
			}
		},
		{
			"_id": "BP51647187127191655WKZ2H",
			"_tpl": "590c661e86f7741e566b646a",
			"parentId": "B51647183040084552SdUzcZ",
			"slotId": "main",
			"location": {
				"x": 1,
				"y": 0,
				"r": "Horizontal"
			}
		},
		{
			"_id": "BP516471834194762710Z3g2",
			"_tpl": "57347cd0245977445a2d6ff1",
			"parentId": "B51647183040084552SdUzcZ",
			"slotId": "main",
			"location": {
				"x": 1,
				"y": 1,
				"r": "Horizontal"
			}
		},
		{
			"_id": "BP516471869865527847uGRa",
			"_tpl": "5d1b3f2d86f774253763b735",
			"parentId": "B51647183040084552SdUzcZ",
			"slotId": "main",
			"location": {
				"x": 2,
				"y": 1,
				"r": "Horizontal"
			}
		},
		{
			"_id": "B51647187193681580kdwVPg",
			"_tpl": "59e7635f86f7742cbf2c1095",
			"parentId": "5c6687d65e9d882c8841f0fd",
			"slotId": "ArmorVest",
			"upd": {
				"Repairable": {
					"MaxDurability": 40,
					"Durability": 25
				}
			}
		}
	],
	"equipment": "5c6687d65e9d882c8841f0fd",
	"stash": "5c6687d65e9d882c8841f0fc",
	"questRaidItems": "5c6687d65e9d882c8841f0fe",
	"questStashItems": "5c6687d65e9d882c8841f0ff",
	"fastPanel": {}
}