{
	"items": [
		{
			"_id": "5c6687d65e9d882c8841f0fd",
			"_tpl": "55d7217a4bdc2d86028b456d"
		},
		{
			"_id": "5c6687d65e9d882c8841f121",
			"_tpl": "557ffd194bdc2d28148b457f",
			"parentId": "5c6687d65e9d882c8841f0fd",
			"slotId": "Pockets"
		},
		{
			"_id": "5c6687d65e9d882c8841f0fc",
			"_tpl": "566abbc34bdc2d92178b4576"
		},
		{
			"_id": "5c6687d65e9d882c8841f0ff",
			"_tpl": "5963866b86f7747bfa1c4462"
		},
		{
			"_id": "5c6687d65e9d882c8841f0fe",
			"_tpl": "5963866286f7747bf429b572"
		},
		{
			"_id": "B51647182296690601Iuqlci",
			"_tpl": "59e7643b86f7742cbf2c109a",
			"parentId": "5c6687d65e9d882c8841f0fd",
			"slotId": "TacticalVest"
		},
		{
			"_id": "I21009458619073185COPcOF",
			"_tpl": "5a0ec13bfcdbcb00165aa685",
			"parentId": "5c6687d65e9d882c8841f0fd",
			"slotId": "FirstPrimaryWeapon"
		},
		{
			"_id": "I210094576412274034PHXSS",
			"_tpl": "59d64ec286f774171d1e0a42",
			"parentId": "I21009458619073185COPcOF",
			"slotId": "mod_gas_block"
		},
		{
			"_id": "I21009457143300570DwMdvA",
			"_tpl": "59d64fc686f774171b243fe2",
			"parentId": "I21009458619073185COPcOF",
			"slotId": "mod_muzzle"
		},
		{
			"_id": "I21009457257801180pgRVSi",
			"_tpl": "59e62cc886f77440d40b52a1",
			"parentId": "I21009458619073185COPcOF",
			"slotId": "mod_pistol_grip"
		},
		{
			"_id": "I21009458538347457dOvnBx",
			"_tpl": "59d6507c86f7741b846413a2",
			"parentId": "I21009458619073185COPcOF",
			"slotId": "mod_reciever"
		},
		{
			"_id": "I210094555920558690rHh6Z",
			"_tpl": "59d650cf86f7741b846413a4",
			"parentId": "I21009458619073185COPcOF",
			"slotId": "mod_sight_rear",
			"upd": {
				"Sight": {
					"SelectedSightMode": 0
				}
			}
		},
		{
			"_id": "I21009453906192544MnI1Gg",
			"_tpl": "59d6514b86f774171a068a08",
			"parentId": "I21009458619073185COPcOF",
			"slotId": "mod_stock"
		},
		{
			"_id": "MagazineWeaponScav9590",
			"_tpl": "59e5d83b86f7745aed03d262",
			"parentId": "I21009458619073185COPcOF",
			"slotId": "mod_magazine"
		},
		{
			"_id": "AmmoMag12491",
			"_tpl": "59e0d99486f7744a32234762",
			"parentId": "MagazineWeaponScav9590",
			"slotId": "cartridges",
			"upd": {
				"StackObjectsCount": 10
			}
		},
		{
			"_id": "I21009457709398691877EKR",
			"_tpl": "59d64f2f86f77417193ef8b3",
			"parentId": "I210094576412274034PHXSS",
			"slotId": "mod_handguard"
		},
		{
			"_id": "FuckYouUnlimitedAmmo937764",
			"_tpl": "5857a8bc2459772bad15db29",
			"parentId": "5c6687d65e9d882c8841f0fd",
			"slotId": "SecuredContainer"
		},
		{
			"_id": "iHateThatShit68925",
			"_tpl": "59e0d99486f7744a32234762",
			"parentId": "FuckYouUnlimitedAmmo937764",
			"slotId": "main",
			"upd": {
				"StackObjectsCount": 60
			}
		},
		{
			"_id": "iHateThatShit970171",
			"_tpl": "59e4d3d286f774176a36250a",
			"parentId": "FuckYouUnlimitedAmmo937764",
			"slotId": "main",
			"upd": {
				"StackObjectsCount": 60
			}
		},
		{
			"_id": "iHateThatShit541106",
			"_tpl": "59e4d3d286f774176a36250a",
			"parentId": "FuckYouUnlimitedAmmo937764",
			"slotId": "main",
			"upd": {
				"StackObjectsCount": 60
			}
		},
		{
			"_id": "iHateThatShit108761",
			"_tpl": "59e0d99486f7744a32234762",
			"parentId": "FuckYouUnlimitedAmmo937764",
			"slotId": "main",
			"upd": {
				"StackObjectsCount": 60
			}
		},
		{
			"_id": "iHateThatShit776939",
			"_tpl": "59e4cf5286f7741778269d8a",
			"parentId": "FuckYouUnlimitedAmmo937764",
			"slotId": "main",
			"upd": {
				"StackObjectsCount": 60
			}
		},
		{
			"_id": "iHateThatShit220599",
			"_tpl": "59e4d3d286f774176a36250a",
			"parentId": "FuckYouUnlimitedAmmo937764",
			"slotId": "main",
			"upd": {
				"StackObjectsCount": 60
			}
		},
		{
			"_id": "iHateThatShit970537",
			"_tpl": "59e4d24686f7741776641ac7",
			"parentId": "FuckYouUnlimitedAmmo937764",
			"slotId": "main",
			"upd": {
				"StackObjectsCount": 60
			}
		},
		{
			"_id": "iHateThatShit919271",
			"_tpl": "59e4d3d286f774176a36250a",
			"parentId": "FuckYouUnlimitedAmmo937764",
			"slotId": "main",
			"upd": {
				"StackObjectsCount": 60
			}
		},
		{
			"_id": "iHateThatShit948437",
			"_tpl": "59e0d99486f7744a32234762",
			"parentId": "FuckYouUnlimitedAmmo937764",
			"slotId": "main",
			"upd": {
				"StackObjectsCount": 60
			}
		},
		{
			"_id": "mag0Vest823113",
			"_tpl": "59e5d83b86f7745aed03d262",
			"parentId": "B51647182296690601Iuqlci",
			"slotId": "2",
			"location": {
				"x": 0,
				"y": 0,
				"r": "Horizontal"
			}
		},
		{
			"_id": "AmmoMag0Vest254003",
			"_tpl": "59e4d24686f7741776641ac7",
			"parentId": "mag0Vest823113",
			"slotId": "cartridges",
			"upd": {
				"StackObjectsCount": 10
			}
		},
		{
			"_id": "mag0Vest940179",
			"_tpl": "59e5d83b86f7745aed03d262",
			"parentId": "B51647182296690601Iuqlci",
			"slotId": "2",
			"location": {
				"x": 0,
				"y": 1,
				"r": "Horizontal"
			}
		},
		{
			"_id": "AmmoMag0Vest746971",
			"_tpl": "59e4cf5286f7741778269d8a",
			"parentId": "mag0Vest940179",
			"slotId": "cartridges",
			"upd": {
				"StackObjectsCount": 10
			}
		},
		{
			"_id": "StackAmmo30231366345",
			"_tpl": "5656d7c34bdc2d9d198b4587",
			"parentId": "B51647182296690601Iuqlci",
			"slotId": "4",
			"upd": {
				"StackObjectsCount": 14
			}
		},
		{
			"_id": "B51647187358698423eOQINo",
			"_tpl": "57e26ea924597715ca604a09",
			"parentId": "5c6687d65e9d882c8841f0fd",
			"slotId": "Scabbard"
		},
		{
			"_id": "B51647187316452498IEas0G",
			"_tpl": "5d5fca1ea4b93635fd598c07",
			"parentId": "5c6687d65e9d882c8841f0fd",
			"slotId": "Eyewear"
		},
		{
			"_id": "Pocket_627594",
			"_tpl": "5a0eeb8e86f77461257ed71a",
			"parentId": "5c6687d65e9d882c8841f121",
			"slotId": "pocket1",
			"location": {
				"x": 0,
				"y": 0,
				"r": "Horizontal"
			},
			"upd": {
				"SpawnedInSession": true
			}
		},
		{
			"_id": "Pocket_711909",
			"_tpl": "5734758f24597738025ee253",
			"parentId": "5c6687d65e9d882c8841f121",
			"slotId": "pocket2",
			"location": {
				"x": 0,
				"y": 0,
				"r": "Horizontal"
			},
			"upd": {
				"SpawnedInSession": true
			}
		}
	],
	"equipment": "5c6687d65e9d882c8841f0fd",
	"stash": "5c6687d65e9d882c8841f0fc",
	"questRaidItems": "5c6687d65e9d882c8841f0fe",
	"questStashItems": "5c6687d65e9d882c8841f0ff",
	"fastPanel": {}
}