{
	"items": [
		{
			"_id": "5c6687d65e9d882c8841f0fd",
			"_tpl": "55d7217a4bdc2d86028b456d"
		},
		{
			"_id": "5c6687d65e9d882c8841f121",
			"_tpl": "557ffd194bdc2d28148b457f",
			"parentId": "5c6687d65e9d882c8841f0fd",
			"slotId": "Pockets"
		},
		{
			"_id": "5c6687d65e9d882c8841f0fc",
			"_tpl": "566abbc34bdc2d92178b4576"
		},
		{
			"_id": "5c6687d65e9d882c8841f0ff",
			"_tpl": "5963866b86f7747bfa1c4462"
		},
		{
			"_id": "5c6687d65e9d882c8841f0fe",
			"_tpl": "5963866286f7747bf429b572"
		},
		{
			"_id": "B51647189392656618ufNiOA",
			"_tpl": "544a5caa4bdc2d1a388b4568",
			"parentId": "5c6687d65e9d882c8841f0fd",
			"slotId": "TacticalVest"
		},
		{
			"_id": "I331026169324894193hVST9",
			"_tpl": "59ff346386f77477562ff5e2",
			"parentId": "5c6687d65e9d882c8841f0fd",
			"slotId": "FirstPrimaryWeapon"
		},
		{
			"_id": "I331026168753143430sqW9i",
			"_tpl": "59d64ec286f774171d1e0a42",
			"parentId": "I331026169324894193hVST9",
			"slotId": "mod_gas_block"
		},
		{
			"_id": "I3310261683777674139F0RI",
			"_tpl": "59d64fc686f774171b243fe2",
			"parentId": "I331026169324894193hVST9",
			"slotId": "mod_muzzle"
		},
		{
			"_id": "I331026161738345055NgLoy",
			"_tpl": "5a0071d486f77404e23a12b2",
			"parentId": "I331026169324894193hVST9",
			"slotId": "mod_pistol_grip_akms"
		},
		{
			"_id": "I3310261687205762459cl4d",
			"_tpl": "59d6507c86f7741b846413a2",
			"parentId": "I331026169324894193hVST9",
			"slotId": "mod_reciever"
		},
		{
			"_id": "I331026167969922190AWPkj",
			"_tpl": "59d650cf86f7741b846413a4",
			"parentId": "I331026169324894193hVST9",
			"slotId": "mod_sight_rear",
			"upd": {
				"Sight": {
					"SelectedSightMode": 0
				}
			}
		},
		{
			"_id": "MagazineWeaponScav6026",
			"_tpl": "59e5d83b86f7745aed03d262",
			"parentId": "I331026169324894193hVST9",
			"slotId": "mod_magazine"
		},
		{
			"_id": "AmmoMag16835",
			"_tpl": "59e0d99486f7744a32234762",
			"parentId": "MagazineWeaponScav6026",
			"slotId": "cartridges",
			"upd": {
				"StackObjectsCount": 10
			}
		},
		{
			"_id": "I331026164823259811pEEIR",
			"_tpl": "59d64f2f86f77417193ef8b3",
			"parentId": "I331026168753143430sqW9i",
			"slotId": "mod_handguard"
		},
		{
			"_id": "FuckYouUnlimitedAmmo357617",
			"_tpl": "5857a8bc2459772bad15db29",
			"parentId": "5c6687d65e9d882c8841f0fd",
			"slotId": "SecuredContainer"
		},
		{
			"_id": "iHateThatShit688026",
			"_tpl": "59e4cf5286f7741778269d8a",
			"parentId": "FuckYouUnlimitedAmmo357617",
			"slotId": "main",
			"upd": {
				"StackObjectsCount": 60
			}
		},
		{
			"_id": "iHateThatShit496705",
			"_tpl": "59e4d24686f7741776641ac7",
			"parentId": "FuckYouUnlimitedAmmo357617",
			"slotId": "main",
			"upd": {
				"StackObjectsCount": 60
			}
		},
		{
			"_id": "iHateThatShit905045",
			"_tpl": "59e0d99486f7744a32234762",
			"parentId": "FuckYouUnlimitedAmmo357617",
			"slotId": "main",
			"upd": {
				"StackObjectsCount": 60
			}
		},
		{
			"_id": "iHateThatShit148054",
			"_tpl": "59e4cf5286f7741778269d8a",
			"parentId": "FuckYouUnlimitedAmmo357617",
			"slotId": "main",
			"upd": {
				"StackObjectsCount": 60
			}
		},
		{
			"_id": "iHateThatShit751958",
			"_tpl": "59e4cf5286f7741778269d8a",
			"parentId": "FuckYouUnlimitedAmmo357617",
			"slotId": "main",
			"upd": {
				"StackObjectsCount": 60
			}
		},
		{
			"_id": "iHateThatShit862376",
			"_tpl": "59e4cf5286f7741778269d8a",
			"parentId": "FuckYouUnlimitedAmmo357617",
			"slotId": "main",
			"upd": {
				"StackObjectsCount": 60
			}
		},
		{
			"_id": "iHateThatShit769983",
			"_tpl": "59e4d24686f7741776641ac7",
			"parentId": "FuckYouUnlimitedAmmo357617",
			"slotId": "main",
			"upd": {
				"StackObjectsCount": 60
			}
		},
		{
			"_id": "iHateThatShit740408",
			"_tpl": "59e4cf5286f7741778269d8a",
			"parentId": "FuckYouUnlimitedAmmo357617",
			"slotId": "main",
			"upd": {
				"StackObjectsCount": 60
			}
		},
		{
			"_id": "iHateThatShit444647",
			"_tpl": "5656d7c34bdc2d9d198b4587",
			"parentId": "FuckYouUnlimitedAmmo357617",
			"slotId": "main",
			"upd": {
				"StackObjectsCount": 60
			}
		},
		{
			"_id": "mag0Vest222230",
			"_tpl": "59e5d83b86f7745aed03d262",
			"parentId": "B51647189392656618ufNiOA",
			"slotId": "1",
			"location": {
				"x": 0,
				"y": 1,
				"r": "Horizontal"
			}
		},
		{
			"_id": "AmmoMag0Vest886025",
			"_tpl": "59e0d99486f7744a32234762",
			"parentId": "mag0Vest222230",
			"slotId": "cartridges",
			"upd": {
				"StackObjectsCount": 10
			}
		},
		{
			"_id": "mag1Vest28634",
			"_tpl": "59e5d83b86f7745aed03d262",
			"parentId": "B51647189392656618ufNiOA",
			"slotId": "3",
			"location": {
				"x": 0,
				"y": 1,
				"r": "Horizontal"
			}
		},
		{
			"_id": "AmmoMag1Vest896449",
			"_tpl": "59e4cf5286f7741778269d8a",
			"parentId": "mag1Vest28634",
			"slotId": "cartridges",
			"upd": {
				"StackObjectsCount": 10
			}
		},
		{
			"_id": "mag2Vest631699",
			"_tpl": "59e5d83b86f7745aed03d262",
			"parentId": "B51647189392656618ufNiOA",
			"slotId": "11",
			"location": {
				"x": 0,
				"y": 0,
				"r": "Horizontal"
			}
		},
		{
			"_id": "AmmoMag2Vest669702",
			"_tpl": "5656d7c34bdc2d9d198b4587",
			"parentId": "mag2Vest631699",
			"slotId": "cartridges",
			"upd": {
				"StackObjectsCount": 10
			}
		},
		{
			"_id": "mag2Vest573434",
			"_tpl": "59e5d83b86f7745aed03d262",
			"parentId": "B51647189392656618ufNiOA",
			"slotId": "11",
			"location": {
				"x": 0,
				"y": 1,
				"r": "Horizontal"
			}
		},
		{
			"_id": "AmmoMag2Vest854181",
			"_tpl": "59e4cf5286f7741778269d8a",
			"parentId": "mag2Vest573434",
			"slotId": "cartridges",
			"upd": {
				"StackObjectsCount": 10
			}
		},
		{
			"_id": "StackAmmo69703249306",
			"_tpl": "59e4cf5286f7741778269d8a",
			"parentId": "B51647189392656618ufNiOA",
			"slotId": "8",
			"upd": {
				"StackObjectsCount": 37
			}
		},
		{
			"_id": "StackAmmo32062354098",
			"_tpl": "59e0d99486f7744a32234762",
			"parentId": "B51647189392656618ufNiOA",
			"slotId": "12",
			"upd": {
				"StackObjectsCount": 33
			}
		},
		{
			"_id": "B51647188888489367WjH0lG",
			"_tpl": "57e26ea924597715ca604a09",
			"parentId": "5c6687d65e9d882c8841f0fd",
			"slotId": "Scabbard"
		},
		{
			"_id": "B516471810780095155JYKRV",
			"_tpl": "5d5fca1ea4b93635fd598c07",
			"parentId": "5c6687d65e9d882c8841f0fd",
			"slotId": "Eyewear"
		},
		{
			"_id": "B51647185721972134SlhxaX",
			"_tpl": "5ab8f04f86f774585f4237d8",
			"parentId": "5c6687d65e9d882c8841f0fd",
			"slotId": "Backpack"
		},
		{
			"_id": "Pocket_191517",
			"_tpl": "59e3577886f774176a362503",
			"parentId": "5c6687d65e9d882c8841f121",
			"slotId": "pocket1",
			"location": {
				"x": 0,
				"y": 0,
				"r": "Horizontal"
			},
			"upd": {
				"SpawnedInSession": true
			}
		},
		{
			"_id": "Pocket_24721",
			"_tpl": "56742c2e4bdc2d95058b456d",
			"parentId": "5c6687d65e9d882c8841f121",
			"slotId": "pocket2",
			"location": {
				"x": 0,
				"y": 0,
				"r": "Horizontal"
			},
			"upd": {
				"SpawnedInSession": true
			}
		}
	],
	"equipment": "5c6687d65e9d882c8841f0fd",
	"stash": "5c6687d65e9d882c8841f0fc",
	"questRaidItems": "5c6687d65e9d882c8841f0fe",
	"questStashItems": "5c6687d65e9d882c8841f0ff",
	"fastPanel": {}
}