{
	"items": [
		{
			"_id": "5c6687d65e9d882c8841f0fd",
			"_tpl": "55d7217a4bdc2d86028b456d"
		},
		{
			"_id": "5c6687d65e9d882c8841f121",
			"_tpl": "557ffd194bdc2d28148b457f",
			"parentId": "5c6687d65e9d882c8841f0fd",
			"slotId": "Pockets"
		},
		{
			"_id": "5c6687d65e9d882c8841f0fc",
			"_tpl": "566abbc34bdc2d92178b4576"
		},
		{
			"_id": "5c6687d65e9d882c8841f0ff",
			"_tpl": "5963866b86f7747bfa1c4462"
		},
		{
			"_id": "5c6687d65e9d882c8841f0fe",
			"_tpl": "5963866286f7747bf429b572"
		},
		{
			"_id": "B51647191753989875jszFSl",
			"_tpl": "5929a2a086f7744f4b234d43",
			"parentId": "5c6687d65e9d882c8841f0fd",
			"slotId": "TacticalVest"
		},
		{
			"_id": "I331025275770010755lreVX",
			"_tpl": "59d6088586f774275f37482f",
			"parentId": "5c6687d65e9d882c8841f0fd",
			"slotId": "FirstPrimaryWeapon"
		},
		{
			"_id": "I331025291597571180a4Zw1",
			"_tpl": "59d64ec286f774171d1e0a42",
			"parentId": "I331025275770010755lreVX",
			"slotId": "mod_gas_block"
		},
		{
			"_id": "I33102525762981555A1ae4S",
			"_tpl": "59d64fc686f774171b243fe2",
			"parentId": "I331025275770010755lreVX",
			"slotId": "mod_muzzle"
		},
		{
			"_id": "I33102525162415899Mj4O8y",
			"_tpl": "59e62cc886f77440d40b52a1",
			"parentId": "I331025275770010755lreVX",
			"slotId": "mod_pistol_grip"
		},
		{
			"_id": "I33102527361288487Mcmw19",
			"_tpl": "59d650cf86f7741b846413a4",
			"parentId": "I331025275770010755lreVX",
			"slotId": "mod_sight_rear",
			"upd": {
				"Sight": {
					"SelectedSightMode": 0
				}
			}
		},
		{
			"_id": "I33102524935585206ziatN2",
			"_tpl": "59d6514b86f774171a068a08",
			"parentId": "I331025275770010755lreVX",
			"slotId": "mod_stock"
		},
		{
			"_id": "MagazineWeaponScav3252",
			"_tpl": "59fafc9386f774067d462453",
			"parentId": "I331025275770010755lreVX",
			"slotId": "mod_magazine"
		},
		{
			"_id": "AmmoMag17540",
			"_tpl": "59e0d99486f7744a32234762",
			"parentId": "MagazineWeaponScav3252",
			"slotId": "cartridges",
			"upd": {
				"StackObjectsCount": 30
			}
		},
		{
			"_id": "I33102524138867073l5KRUM",
			"_tpl": "59d64f2f86f77417193ef8b3",
			"parentId": "I331025291597571180a4Zw1",
			"slotId": "mod_handguard"
		},
		{
			"_id": "FuckYouUnlimitedAmmo67040",
			"_tpl": "5857a8bc2459772bad15db29",
			"parentId": "5c6687d65e9d882c8841f0fd",
			"slotId": "SecuredContainer"
		},
		{
			"_id": "iHateThatShit591524",
			"_tpl": "59e4d3d286f774176a36250a",
			"parentId": "FuckYouUnlimitedAmmo67040",
			"slotId": "main",
			"upd": {
				"StackObjectsCount": 60
			}
		},
		{
			"_id": "iHateThatShit534551",
			"_tpl": "5656d7c34bdc2d9d198b4587",
			"parentId": "FuckYouUnlimitedAmmo67040",
			"slotId": "main",
			"upd": {
				"StackObjectsCount": 60
			}
		},
		{
			"_id": "iHateThatShit298375",
			"_tpl": "59e0d99486f7744a32234762",
			"parentId": "FuckYouUnlimitedAmmo67040",
			"slotId": "main",
			"upd": {
				"StackObjectsCount": 60
			}
		},
		{
			"_id": "iHateThatShit294269",
			"_tpl": "59e0d99486f7744a32234762",
			"parentId": "FuckYouUnlimitedAmmo67040",
			"slotId": "main",
			"upd": {
				"StackObjectsCount": 60
			}
		},
		{
			"_id": "iHateThatShit808132",
			"_tpl": "59e4d24686f7741776641ac7",
			"parentId": "FuckYouUnlimitedAmmo67040",
			"slotId": "main",
			"upd": {
				"StackObjectsCount": 60
			}
		},
		{
			"_id": "iHateThatShit218170",
			"_tpl": "59e4d24686f7741776641ac7",
			"parentId": "FuckYouUnlimitedAmmo67040",
			"slotId": "main",
			"upd": {
				"StackObjectsCount": 60
			}
		},
		{
			"_id": "iHateThatShit249724",
			"_tpl": "59e4d24686f7741776641ac7",
			"parentId": "FuckYouUnlimitedAmmo67040",
			"slotId": "main",
			"upd": {
				"StackObjectsCount": 60
			}
		},
		{
			"_id": "iHateThatShit343524",
			"_tpl": "59e0d99486f7744a32234762",
			"parentId": "FuckYouUnlimitedAmmo67040",
			"slotId": "main",
			"upd": {
				"StackObjectsCount": 60
			}
		},
		{
			"_id": "iHateThatShit619941",
			"_tpl": "59e0d99486f7744a32234762",
			"parentId": "FuckYouUnlimitedAmmo67040",
			"slotId": "main",
			"upd": {
				"StackObjectsCount": 60
			}
		},
		{
			"_id": "mag1Vest251448",
			"_tpl": "59d625f086f774661516605d",
			"parentId": "B51647191753989875jszFSl",
			"slotId": "4",
			"location": {
				"x": 0,
				"y": 0,
				"r": "Horizontal"
			}
		},
		{
			"_id": "AmmoMag1Vest982000",
			"_tpl": "59e4cf5286f7741778269d8a",
			"parentId": "mag1Vest251448",
			"slotId": "cartridges",
			"upd": {
				"StackObjectsCount": 30
			}
		},
		{
			"_id": "mag2Vest218997",
			"_tpl": "59d625f086f774661516605d",
			"parentId": "B51647191753989875jszFSl",
			"slotId": "6",
			"location": {
				"x": 0,
				"y": 0,
				"r": "Horizontal"
			}
		},
		{
			"_id": "AmmoMag2Vest192472",
			"_tpl": "59e4d3d286f774176a36250a",
			"parentId": "mag2Vest218997",
			"slotId": "cartridges",
			"upd": {
				"StackObjectsCount": 30
			}
		},
		{
			"_id": "StackAmmo56718152009",
			"_tpl": "59e4d24686f7741776641ac7",
			"parentId": "B51647191753989875jszFSl",
			"slotId": "7",
			"upd": {
				"StackObjectsCount": 28
			}
		},
		{
			"_id": "B51647191386881343VJeozq",
			"_tpl": "5bffdc370db834001d23eca8",
			"parentId": "5c6687d65e9d882c8841f0fd",
			"slotId": "Scabbard"
		},
		{
			"_id": "B51647197816634843j5S5Yz",
			"_tpl": "5c08f87c0db8340019124324",
			"parentId": "5c6687d65e9d882c8841f0fd",
			"slotId": "Headwear"
		},
		{
			"_id": "B51647194212311975VlNbOU",
			"_tpl": "5aa2b986e5b5b00014028f4c",
			"parentId": "5c6687d65e9d882c8841f0fd",
			"slotId": "Eyewear"
		},
		{
			"_id": "B51647196961193681jgVHB6",
			"_tpl": "5ab8ee7786f7742d8f33f0b9",
			"parentId": "5c6687d65e9d882c8841f0fd",
			"slotId": "Backpack"
		},
		{
			"_id": "B51647191959540130exqZcM",
			"_tpl": "5df8a2ca86f7740bfe6df777",
			"parentId": "5c6687d65e9d882c8841f0fd",
			"slotId": "ArmorVest",
			"upd": {
				"Repairable": {
					"MaxDurability": 80,
					"Durability": 16
				}
			}
		},
		{
			"_id": "Pocket_480829",
			"_tpl": "59e361e886f774176c10a2a5",
			"parentId": "5c6687d65e9d882c8841f121",
			"slotId": "pocket1",
			"location": {
				"x": 0,
				"y": 0,
				"r": "Horizontal"
			},
			"upd": {
				"SpawnedInSession": true
			}
		}
	],
	"equipment": "5c6687d65e9d882c8841f0fd",
	"stash": "5c6687d65e9d882c8841f0fc",
	"questRaidItems": "5c6687d65e9d882c8841f0fe",
	"questStashItems": "5c6687d65e9d882c8841f0ff",
	"fastPanel": {}
}