{
	"items": [
		{
			"_id": "5c6687d65e9d882c8841f0fd",
			"_tpl": "55d7217a4bdc2d86028b456d"
		},
		{
			"_id": "5c6687d65e9d882c8841f121",
			"_tpl": "557ffd194bdc2d28148b457f",
			"parentId": "5c6687d65e9d882c8841f0fd",
			"slotId": "Pockets"
		},
		{
			"_id": "5c6687d65e9d882c8841f0fc",
			"_tpl": "566abbc34bdc2d92178b4576"
		},
		{
			"_id": "5c6687d65e9d882c8841f0ff",
			"_tpl": "5963866b86f7747bfa1c4462"
		},
		{
			"_id": "5c6687d65e9d882c8841f0fe",
			"_tpl": "5963866286f7747bf429b572"
		},
		{
			"_id": "B51647192236620653ZlPuuV",
			"_tpl": "572b7adb24597762ae139821",
			"parentId": "5c6687d65e9d882c8841f0fd",
			"slotId": "TacticalVest"
		},
		{
			"_id": "I33102479285277485TQ9hRY",
			"_tpl": "5839a40f24597726f856b511",
			"parentId": "5c6687d65e9d882c8841f0fd",
			"slotId": "FirstPrimaryWeapon"
		},
		{
			"_id": "I33102476008792161TJfevY",
			"_tpl": "5649ad3f4bdc2df8348b4585",
			"parentId": "I33102479285277485TQ9hRY",
			"slotId": "mod_pistol_grip"
		},
		{
			"_id": "MagazineWeaponScav7440",
			"_tpl": "5cbdaf89ae9215000e5b9c94",
			"parentId": "I33102479285277485TQ9hRY",
			"slotId": "mod_magazine"
		},
		{
			"_id": "AmmoMag1812",
			"_tpl": "56dff026d2720bb8668b4567",
			"parentId": "MagazineWeaponScav7440",
			"slotId": "cartridges",
			"upd": {
				"StackObjectsCount": 30
			}
		},
		{
			"_id": "I33102472611028026gSYl2B",
			"_tpl": "57ffb0e42459777d047111c5",
			"parentId": "I33102479285277485TQ9hRY",
			"slotId": "mod_muzzle"
		},
		{
			"_id": "I33102478408749509WPrWVt",
			"_tpl": "59d36a0086f7747e673f3946",
			"parentId": "I33102479285277485TQ9hRY",
			"slotId": "mod_gas_block"
		},
		{
			"_id": "I3310247116014170465o3Vu",
			"_tpl": "56dfef82d2720bbd668b4567",
			"parentId": "I33102474201615567p1zxzD",
			"slotId": "cartridges",
			"location": 0,
			"upd": {
				"StackObjectsCount": 30
			}
		},
		{
			"_id": "I33102475848901133kPtbUi",
			"_tpl": "57dc32dc245977596d4ef3d3",
			"parentId": "I33102478408749509WPrWVt",
			"slotId": "mod_handguard"
		},
		{
			"_id": "FuckYouUnlimitedAmmo312076",
			"_tpl": "5857a8bc2459772bad15db29",
			"parentId": "5c6687d65e9d882c8841f0fd",
			"slotId": "SecuredContainer"
		},
		{
			"_id": "iHateThatShit274411",
			"_tpl": "56dfef82d2720bbd668b4567",
			"parentId": "FuckYouUnlimitedAmmo312076",
			"slotId": "main",
			"upd": {
				"StackObjectsCount": 60
			}
		},
		{
			"_id": "iHateThatShit665055",
			"_tpl": "56dfef82d2720bbd668b4567",
			"parentId": "FuckYouUnlimitedAmmo312076",
			"slotId": "main",
			"upd": {
				"StackObjectsCount": 60
			}
		},
		{
			"_id": "iHateThatShit710625",
			"_tpl": "56dff061d2720bb5668b4567",
			"parentId": "FuckYouUnlimitedAmmo312076",
			"slotId": "main",
			"upd": {
				"StackObjectsCount": 60
			}
		},
		{
			"_id": "iHateThatShit320450",
			"_tpl": "56dff4a2d2720bbd668b456a",
			"parentId": "FuckYouUnlimitedAmmo312076",
			"slotId": "main",
			"upd": {
				"StackObjectsCount": 60
			}
		},
		{
			"_id": "iHateThatShit456200",
			"_tpl": "56dff421d2720b5f5a8b4567",
			"parentId": "FuckYouUnlimitedAmmo312076",
			"slotId": "main",
			"upd": {
				"StackObjectsCount": 60
			}
		},
		{
			"_id": "iHateThatShit392416",
			"_tpl": "56dff421d2720b5f5a8b4567",
			"parentId": "FuckYouUnlimitedAmmo312076",
			"slotId": "main",
			"upd": {
				"StackObjectsCount": 60
			}
		},
		{
			"_id": "iHateThatShit384294",
			"_tpl": "5c0d5e4486f77478390952fe",
			"parentId": "FuckYouUnlimitedAmmo312076",
			"slotId": "main",
			"upd": {
				"StackObjectsCount": 60
			}
		},
		{
			"_id": "iHateThatShit209369",
			"_tpl": "56dff3afd2720bba668b4567",
			"parentId": "FuckYouUnlimitedAmmo312076",
			"slotId": "main",
			"upd": {
				"StackObjectsCount": 60
			}
		},
		{
			"_id": "iHateThatShit631565",
			"_tpl": "56dff061d2720bb5668b4567",
			"parentId": "FuckYouUnlimitedAmmo312076",
			"slotId": "main",
			"upd": {
				"StackObjectsCount": 60
			}
		},
		{
			"_id": "mag0Vest166493",
			"_tpl": "5aaa4194e5b5b055d06310a5",
			"parentId": "B51647192236620653ZlPuuV",
			"slotId": "2",
			"location": {
				"x": 0,
				"y": 0,
				"r": "Horizontal"
			}
		},
		{
			"_id": "AmmoMag0Vest352818",
			"_tpl": "56dff026d2720bb8668b4567",
			"parentId": "mag0Vest166493",
			"slotId": "cartridges",
			"upd": {
				"StackObjectsCount": 30
			}
		},
		{
			"_id": "StackAmmo50560474704",
			"_tpl": "5c0d5e4486f77478390952fe",
			"parentId": "B51647192236620653ZlPuuV",
			"slotId": "4",
			"upd": {
				"StackObjectsCount": 12
			}
		},
		{
			"_id": "B51647191291464473hhGMdn",
			"_tpl": "5bffdc370db834001d23eca8",
			"parentId": "5c6687d65e9d882c8841f0fd",
			"slotId": "Scabbard"
		},
		{
			"_id": "B51647192819930535wvhEcb",
			"_tpl": "5bd0716d86f774171822ef4b",
			"parentId": "5c6687d65e9d882c8841f0fd",
			"slotId": "FaceCover"
		},
		{
			"_id": "B51647191517839569Hj7ozf",
			"_tpl": "5ab8ee7786f7742d8f33f0b9",
			"parentId": "5c6687d65e9d882c8841f0fd",
			"slotId": "Backpack"
		},
		{
			"_id": "BP51647193379278555SE0S8",
			"_tpl": "5751435d24597720a27126d1",
			"parentId": "B51647191517839569Hj7ozf",
			"slotId": "main",
			"location": {
				"x": 0,
				"y": 0,
				"r": "Horizontal"
			}
		},
		{
			"_id": "BP516471917496685079NXFx",
			"_tpl": "5d63d33b86f7746ea9275524",
			"parentId": "B51647191517839569Hj7ozf",
			"slotId": "main",
			"location": {
				"x": 0,
				"y": 1,
				"r": "Horizontal"
			}
		},
		{
			"_id": "BP51647192652374650TqwHC",
			"_tpl": "5673de654bdc2d180f8b456d",
			"parentId": "B51647191517839569Hj7ozf",
			"slotId": "main",
			"location": {
				"x": 1,
				"y": 0,
				"r": "Horizontal"
			}
		},
		{
			"_id": "BP51647193724566810Techv",
			"_tpl": "5672c92d4bdc2d180f8b4567",
			"parentId": "B51647191517839569Hj7ozf",
			"slotId": "main",
			"location": {
				"x": 1,
				"y": 1,
				"r": "Horizontal"
			}
		},
		{
			"_id": "BP51647193394163672hxbH8",
			"_tpl": "590c5d4b86f774784e1b9c45",
			"parentId": "B51647191517839569Hj7ozf",
			"slotId": "main",
			"location": {
				"x": 2,
				"y": 0,
				"r": "Horizontal"
			}
		},
		{
			"_id": "Pocket_624078",
			"_tpl": "5d1b31ce86f7742523398394",
			"parentId": "5c6687d65e9d882c8841f121",
			"slotId": "pocket1",
			"location": {
				"x": 0,
				"y": 0,
				"r": "Horizontal"
			},
			"upd": {
				"SpawnedInSession": true
			}
		}
	],
	"equipment": "5c6687d65e9d882c8841f0fd",
	"stash": "5c6687d65e9d882c8841f0fc",
	"questRaidItems": "5c6687d65e9d882c8841f0fe",
	"questStashItems": "5c6687d65e9d882c8841f0ff",
	"fastPanel": {}
}