{
	"items": [
		{
			"_id": "5c6687d65e9d882c8841f0fd",
			"_tpl": "55d7217a4bdc2d86028b456d"
		},
		{
			"_id": "5c6687d65e9d882c8841f121",
			"_tpl": "557ffd194bdc2d28148b457f",
			"parentId": "5c6687d65e9d882c8841f0fd",
			"slotId": "Pockets"
		},
		{
			"_id": "5c6687d65e9d882c8841f0fc",
			"_tpl": "566abbc34bdc2d92178b4576"
		},
		{
			"_id": "5c6687d65e9d882c8841f0ff",
			"_tpl": "5963866b86f7747bfa1c4462"
		},
		{
			"_id": "5c6687d65e9d882c8841f0fe",
			"_tpl": "5963866286f7747bf429b572"
		},
		{
			"_id": "B51647183008362193291slh",
			"_tpl": "5d5d646386f7742797261fd9",
			"parentId": "5c6687d65e9d882c8841f0fd",
			"slotId": "TacticalVest"
		},
		{
			"_id": "I21008468711264187Xszlcc",
			"_tpl": "59ff346386f77477562ff5e2",
			"parentId": "5c6687d65e9d882c8841f0fd",
			"slotId": "FirstPrimaryWeapon"
		},
		{
			"_id": "I21008464390411316KBLmDV",
			"_tpl": "59d64ec286f774171d1e0a42",
			"parentId": "I21008468711264187Xszlcc",
			"slotId": "mod_gas_block"
		},
		{
			"_id": "I21008461400862966Q6nOXb",
			"_tpl": "59d64fc686f774171b243fe2",
			"parentId": "I21008468711264187Xszlcc",
			"slotId": "mod_muzzle"
		},
		{
			"_id": "I21008469433656671RLtMTF",
			"_tpl": "5a0071d486f77404e23a12b2",
			"parentId": "I21008468711264187Xszlcc",
			"slotId": "mod_pistol_grip_akms"
		},
		{
			"_id": "I21008466511616434FMgVb5",
			"_tpl": "59d6507c86f7741b846413a2",
			"parentId": "I21008468711264187Xszlcc",
			"slotId": "mod_reciever"
		},
		{
			"_id": "I21008461308245459wvIgpy",
			"_tpl": "59d650cf86f7741b846413a4",
			"parentId": "I21008468711264187Xszlcc",
			"slotId": "mod_sight_rear",
			"upd": {
				"Sight": {
					"SelectedSightMode": 0
				}
			}
		},
		{
			"_id": "I21008461878208219ZloFqc",
			"_tpl": "59ff3b6a86f77477562ff5ed",
			"parentId": "I21008468711264187Xszlcc",
			"slotId": "mod_stock_akms"
		},
		{
			"_id": "MagazineWeaponScav2600",
			"_tpl": "5e21a3c67e40bd02257a008a",
			"parentId": "I21008468711264187Xszlcc",
			"slotId": "mod_magazine"
		},
		{
			"_id": "AmmoMag19764",
			"_tpl": "59e4cf5286f7741778269d8a",
			"parentId": "MagazineWeaponScav2600",
			"slotId": "cartridges",
			"upd": {
				"StackObjectsCount": 30
			}
		},
		{
			"_id": "I21008468053966479eEQg2S",
			"_tpl": "59d64f2f86f77417193ef8b3",
			"parentId": "I21008464390411316KBLmDV",
			"slotId": "mod_handguard"
		},
		{
			"_id": "FuckYouUnlimitedAmmo980685",
			"_tpl": "5857a8bc2459772bad15db29",
			"parentId": "5c6687d65e9d882c8841f0fd",
			"slotId": "SecuredContainer"
		},
		{
			"_id": "iHateThatShit556485",
			"_tpl": "5656d7c34bdc2d9d198b4587",
			"parentId": "FuckYouUnlimitedAmmo980685",
			"slotId": "main",
			"upd": {
				"StackObjectsCount": 60
			}
		},
		{
			"_id": "iHateThatShit549672",
			"_tpl": "5656d7c34bdc2d9d198b4587",
			"parentId": "FuckYouUnlimitedAmmo980685",
			"slotId": "main",
			"upd": {
				"StackObjectsCount": 60
			}
		},
		{
			"_id": "iHateThatShit642315",
			"_tpl": "59e4d24686f7741776641ac7",
			"parentId": "FuckYouUnlimitedAmmo980685",
			"slotId": "main",
			"upd": {
				"StackObjectsCount": 60
			}
		},
		{
			"_id": "iHateThatShit220865",
			"_tpl": "59e4d24686f7741776641ac7",
			"parentId": "FuckYouUnlimitedAmmo980685",
			"slotId": "main",
			"upd": {
				"StackObjectsCount": 60
			}
		},
		{
			"_id": "iHateThatShit808480",
			"_tpl": "59e4d24686f7741776641ac7",
			"parentId": "FuckYouUnlimitedAmmo980685",
			"slotId": "main",
			"upd": {
				"StackObjectsCount": 60
			}
		},
		{
			"_id": "iHateThatShit330856",
			"_tpl": "59e4d24686f7741776641ac7",
			"parentId": "FuckYouUnlimitedAmmo980685",
			"slotId": "main",
			"upd": {
				"StackObjectsCount": 60
			}
		},
		{
			"_id": "iHateThatShit135195",
			"_tpl": "59e4d24686f7741776641ac7",
			"parentId": "FuckYouUnlimitedAmmo980685",
			"slotId": "main",
			"upd": {
				"StackObjectsCount": 60
			}
		},
		{
			"_id": "iHateThatShit854221",
			"_tpl": "59e4d3d286f774176a36250a",
			"parentId": "FuckYouUnlimitedAmmo980685",
			"slotId": "main",
			"upd": {
				"StackObjectsCount": 60
			}
		},
		{
			"_id": "iHateThatShit753594",
			"_tpl": "59e0d99486f7744a32234762",
			"parentId": "FuckYouUnlimitedAmmo980685",
			"slotId": "main",
			"upd": {
				"StackObjectsCount": 60
			}
		},
		{
			"_id": "mag1Vest283626",
			"_tpl": "5b1fd4e35acfc40018633c39",
			"parentId": "B51647183008362193291slh",
			"slotId": "4",
			"location": {
				"x": 0,
				"y": 0,
				"r": "Horizontal"
			}
		},
		{
			"_id": "AmmoMag1Vest337525",
			"_tpl": "59e4d24686f7741776641ac7",
			"parentId": "mag1Vest283626",
			"slotId": "cartridges",
			"upd": {
				"StackObjectsCount": 10
			}
		},
		{
			"_id": "mag2Vest382170",
			"_tpl": "5b1fd4e35acfc40018633c39",
			"parentId": "B51647183008362193291slh",
			"slotId": "6",
			"location": {
				"x": 0,
				"y": 0,
				"r": "Horizontal"
			}
		},
		{
			"_id": "AmmoMag2Vest390938",
			"_tpl": "59e0d99486f7744a32234762",
			"parentId": "mag2Vest382170",
			"slotId": "cartridges",
			"upd": {
				"StackObjectsCount": 10
			}
		},
		{
			"_id": "StackAmmo20771219323",
			"_tpl": "5656d7c34bdc2d9d198b4587",
			"parentId": "B51647183008362193291slh",
			"slotId": "2",
			"upd": {
				"StackObjectsCount": 45
			}
		},
		{
			"_id": "B51647186411869104gbJRr8",
			"_tpl": "57e26fc7245977162a14b800",
			"parentId": "5c6687d65e9d882c8841f0fd",
			"slotId": "Scabbard"
		},
		{
			"_id": "B51647185920936313wtkvWl",
			"_tpl": "5aa2a7e8e5b5b00016327c16",
			"parentId": "5c6687d65e9d882c8841f0fd",
			"slotId": "Headwear"
		},
		{
			"_id": "B51647182883578344K5SsyO",
			"_tpl": "56e33634d2720bd8058b456b",
			"parentId": "5c6687d65e9d882c8841f0fd",
			"slotId": "Backpack"
		},
		{
			"_id": "BP516471815936857524F4Lz",
			"_tpl": "57513fcc24597720a31c09a6",
			"parentId": "B51647182883578344K5SsyO",
			"slotId": "main",
			"location": {
				"x": 0,
				"y": 0,
				"r": "Horizontal"
			}
		},
		{
			"_id": "Pocket_656954",
			"_tpl": "57347baf24597738002c6178",
			"parentId": "5c6687d65e9d882c8841f121",
			"slotId": "pocket1",
			"location": {
				"x": 0,
				"y": 0,
				"r": "Horizontal"
			},
			"upd": {
				"SpawnedInSession": true
			}
		}
	],
	"equipment": "5c6687d65e9d882c8841f0fd",
	"stash": "5c6687d65e9d882c8841f0fc",
	"questRaidItems": "5c6687d65e9d882c8841f0fe",
	"questStashItems": "5c6687d65e9d882c8841f0ff",
	"fastPanel": {}
}