{
	"items": [
		{
			"_id": "5c6687d65e9d882c8841f0fd",
			"_tpl": "55d7217a4bdc2d86028b456d"
		},
		{
			"_id": "5c6687d65e9d882c8841f121",
			"_tpl": "557ffd194bdc2d28148b457f",
			"parentId": "5c6687d65e9d882c8841f0fd",
			"slotId": "Pockets"
		},
		{
			"_id": "5c6687d65e9d882c8841f0fc",
			"_tpl": "566abbc34bdc2d92178b4576"
		},
		{
			"_id": "5c6687d65e9d882c8841f0ff",
			"_tpl": "5963866b86f7747bfa1c4462"
		},
		{
			"_id": "5c6687d65e9d882c8841f0fe",
			"_tpl": "5963866286f7747bf429b572"
		},
		{
			"_id": "B51647193345811335Jal5y3",
			"_tpl": "572b7adb24597762ae139821",
			"parentId": "5c6687d65e9d882c8841f0fd",
			"slotId": "TacticalVest"
		},
		{
			"_id": "I331037273778582710Ve4xt",
			"_tpl": "576165642459773c7a400233",
			"parentId": "5c6687d65e9d882c8841f0fd",
			"slotId": "FirstPrimaryWeapon"
		},
		{
			"_id": "I331037277936492602HaUnF",
			"_tpl": "576169e62459773c69055191",
			"parentId": "I331037273778582710Ve4xt",
			"slotId": "mod_handguard"
		},
		{
			"_id": "I331037271337023575jZfwo",
			"_tpl": "576167ab2459773cad038c43",
			"parentId": "I331037273778582710Ve4xt",
			"slotId": "mod_muzzle"
		},
		{
			"_id": "I331037271279086441Y204d",
			"_tpl": "5649ade84bdc2d1b2b8b4587",
			"parentId": "I331037273778582710Ve4xt",
			"slotId": "mod_pistol_grip"
		},
		{
			"_id": "I331037277100226548TQt0q",
			"_tpl": "57a9b9ce2459770ee926038d",
			"parentId": "I331037273778582710Ve4xt",
			"slotId": "mod_sight_rear",
			"upd": {
				"Sight": {
					"SelectedSightMode": 0
				}
			}
		},
		{
			"_id": "I3310372799184345989DkQA",
			"_tpl": "57616ca52459773c69055192",
			"parentId": "I331037273778582710Ve4xt",
			"slotId": "mod_stock"
		},
		{
			"_id": "MagazineWeaponScav3907",
			"_tpl": "57616a9e2459773c7a400234",
			"parentId": "I331037273778582710Ve4xt",
			"slotId": "mod_magazine"
		},
		{
			"_id": "AmmoMag18207",
			"_tpl": "5d6e68a8a4b9360b6c0d54e2",
			"parentId": "MagazineWeaponScav3907",
			"slotId": "cartridges",
			"upd": {
				"StackObjectsCount": 5
			}
		},
		{
			"_id": "FuckYouUnlimitedAmmo586696",
			"_tpl": "5857a8bc2459772bad15db29",
			"parentId": "5c6687d65e9d882c8841f0fd",
			"slotId": "SecuredContainer"
		},
		{
			"_id": "iHateThatShit91987",
			"_tpl": "5d6e6891a4b9361bd473feea",
			"parentId": "FuckYouUnlimitedAmmo586696",
			"slotId": "main",
			"upd": {
				"StackObjectsCount": 60
			}
		},
		{
			"_id": "iHateThatShit552082",
			"_tpl": "5d6e68c4a4b9361b93413f79",
			"parentId": "FuckYouUnlimitedAmmo586696",
			"slotId": "main",
			"upd": {
				"StackObjectsCount": 60
			}
		},
		{
			"_id": "iHateThatShit825341",
			"_tpl": "5d6e68a8a4b9360b6c0d54e2",
			"parentId": "FuckYouUnlimitedAmmo586696",
			"slotId": "main",
			"upd": {
				"StackObjectsCount": 60
			}
		},
		{
			"_id": "iHateThatShit8786",
			"_tpl": "5d6fbf68a4b9362233221f6b",
			"parentId": "FuckYouUnlimitedAmmo586696",
			"slotId": "main",
			"upd": {
				"StackObjectsCount": 60
			}
		},
		{
			"_id": "iHateThatShit337281",
			"_tpl": "5d6e6772a4b936088465b17c",
			"parentId": "FuckYouUnlimitedAmmo586696",
			"slotId": "main",
			"upd": {
				"StackObjectsCount": 60
			}
		},
		{
			"_id": "iHateThatShit778299",
			"_tpl": "5d6e6772a4b936088465b17c",
			"parentId": "FuckYouUnlimitedAmmo586696",
			"slotId": "main",
			"upd": {
				"StackObjectsCount": 60
			}
		},
		{
			"_id": "iHateThatShit330760",
			"_tpl": "5d6e6869a4b9361c140bcfde",
			"parentId": "FuckYouUnlimitedAmmo586696",
			"slotId": "main",
			"upd": {
				"StackObjectsCount": 60
			}
		},
		{
			"_id": "iHateThatShit819652",
			"_tpl": "5d6e68dea4b9361bcc29e659",
			"parentId": "FuckYouUnlimitedAmmo586696",
			"slotId": "main",
			"upd": {
				"StackObjectsCount": 60
			}
		},
		{
			"_id": "iHateThatShit369923",
			"_tpl": "5c0d591486f7744c505b416f",
			"parentId": "FuckYouUnlimitedAmmo586696",
			"slotId": "main",
			"upd": {
				"StackObjectsCount": 60
			}
		},
		{
			"_id": "I210016352266185794zd3SI",
			"_tpl": "56e0598dd2720bb5668b45a6",
			"parentId": "5c6687d65e9d882c8841f0fd",
			"slotId": "Holster"
		},
		{
			"_id": "AmmoMag135984",
			"_tpl": "57371f8d24597761006c6a81",
			"parentId": "I210016359259926518drwwp",
			"slotId": "cartridges",
			"upd": {
				"StackObjectsCount": 8
			}
		},
		{
			"_id": "I210016359259926518drwwp",
			"_tpl": "5448c12b4bdc2d02308b456f",
			"parentId": "I210016352266185794zd3SI",
			"slotId": "mod_magazine"
		},
		{
			"_id": "I210016357401982149X62Eg",
			"_tpl": "56e05b06d2720bb2668b4586",
			"parentId": "I210016352266185794zd3SI",
			"slotId": "mod_muzzle"
		},
		{
			"_id": "I210016359320850162BUbDs",
			"_tpl": "56e05a6ed2720bd0748b4567",
			"parentId": "I210016352266185794zd3SI",
			"slotId": "mod_pistol_grip"
		},
		{
			"_id": "mag0Vest455143",
			"_tpl": "57616a9e2459773c7a400234",
			"parentId": "B51647193345811335Jal5y3",
			"slotId": "2",
			"location": {
				"x": 0,
				"y": 0,
				"r": "Horizontal"
			}
		},
		{
			"_id": "AmmoMag0Vest136594",
			"_tpl": "5d6e6911a4b9361bd5780d52",
			"parentId": "mag0Vest455143",
			"slotId": "cartridges",
			"upd": {
				"StackObjectsCount": 5
			}
		},
		{
			"_id": "magP0Vest15323",
			"_tpl": "5448c12b4bdc2d02308b456f",
			"parentId": "B51647193345811335Jal5y3",
			"slotId": "3",
			"location": {
				"x": 0,
				"y": 0,
				"r": "Horizontal"
			}
		},
		{
			"_id": "AmmoMagPVest982509",
			"_tpl": "573720e02459776143012541",
			"parentId": "magP0Vest15323",
			"slotId": "cartridges",
			"upd": {
				"StackObjectsCount": 8
			}
		},
		{
			"_id": "magP0Vest381",
			"_tpl": "5448c12b4bdc2d02308b456f",
			"parentId": "B51647193345811335Jal5y3",
			"slotId": "3",
			"location": {
				"x": 0,
				"y": 1,
				"r": "Horizontal"
			}
		},
		{
			"_id": "AmmoMagPVest89922",
			"_tpl": "57372140245977611f70ee91",
			"parentId": "magP0Vest381",
			"slotId": "cartridges",
			"upd": {
				"StackObjectsCount": 8
			}
		},
		{
			"_id": "B51647195792409979Ris9yn",
			"_tpl": "5bffdc370db834001d23eca8",
			"parentId": "5c6687d65e9d882c8841f0fd",
			"slotId": "Scabbard"
		},
		{
			"_id": "B51647198171718050AtFOv8",
			"_tpl": "572b7d8524597762b472f9d1",
			"parentId": "5c6687d65e9d882c8841f0fd",
			"slotId": "Headwear"
		},
		{
			"_id": "B51647197807113404L53r0J",
			"_tpl": "5c1a1cc52e221602b3136e3d",
			"parentId": "5c6687d65e9d882c8841f0fd",
			"slotId": "Eyewear"
		},
		{
			"_id": "B51647197798769431CgGf2z",
			"_tpl": "572b7fa524597762b747ce82",
			"parentId": "5c6687d65e9d882c8841f0fd",
			"slotId": "FaceCover"
		},
		{
			"_id": "B51647198487268138ible6N",
			"_tpl": "5ab8ee7786f7742d8f33f0b9",
			"parentId": "5c6687d65e9d882c8841f0fd",
			"slotId": "Backpack"
		},
		{
			"_id": "BP51647196679477910dl8vQ",
			"_tpl": "5d40412b86f7743cb332ac3a",
			"parentId": "B51647198487268138ible6N",
			"slotId": "main",
			"location": {
				"x": 0,
				"y": 0,
				"r": "Horizontal"
			}
		},
		{
			"_id": "BP51647195002780929nyS48",
			"_tpl": "5751a25924597722c463c472",
			"parentId": "B51647198487268138ible6N",
			"slotId": "main",
			"location": {
				"x": 1,
				"y": 0,
				"r": "Horizontal"
			}
		},
		{
			"_id": "BP51647196436252927pc7wd",
			"_tpl": "57a349b2245977762b199ec7",
			"parentId": "B51647198487268138ible6N",
			"slotId": "main",
			"location": {
				"x": 1,
				"y": 1,
				"r": "Horizontal"
			}
		},
		{
			"_id": "B51647199838365797yowa39",
			"_tpl": "5ab8e4ed86f7742d8e50c7fa",
			"parentId": "5c6687d65e9d882c8841f0fd",
			"slotId": "ArmorVest",
			"upd": {
				"Repairable": {
					"MaxDurability": 50,
					"Durability": 21
				}
			}
		},
		{
			"_id": "Pocket_721565",
			"_tpl": "5734779624597737e04bf329",
			"parentId": "5c6687d65e9d882c8841f121",
			"slotId": "pocket1",
			"location": {
				"x": 0,
				"y": 0,
				"r": "Horizontal"
			},
			"upd": {
				"SpawnedInSession": true
			}
		}
	],
	"equipment": "5c6687d65e9d882c8841f0fd",
	"stash": "5c6687d65e9d882c8841f0fc",
	"questRaidItems": "5c6687d65e9d882c8841f0fe",
	"questStashItems": "5c6687d65e9d882c8841f0ff",
	"fastPanel": {}
}