{
	"items": [
		{
			"_id": "5c6687d65e9d882c8841f0fd",
			"_tpl": "55d7217a4bdc2d86028b456d"
		},
		{
			"_id": "5c6687d65e9d882c8841f121",
			"_tpl": "557ffd194bdc2d28148b457f",
			"parentId": "5c6687d65e9d882c8841f0fd",
			"slotId": "Pockets"
		},
		{
			"_id": "5c6687d65e9d882c8841f0fc",
			"_tpl": "566abbc34bdc2d92178b4576"
		},
		{
			"_id": "5c6687d65e9d882c8841f0ff",
			"_tpl": "5963866b86f7747bfa1c4462"
		},
		{
			"_id": "5c6687d65e9d882c8841f0fe",
			"_tpl": "5963866286f7747bf429b572"
		},
		{
			"_id": "B51647193168059035u4rI23",
			"_tpl": "5e4abfed86f77406a2713cf7",
			"parentId": "5c6687d65e9d882c8841f0fd",
			"slotId": "TacticalVest"
		},
		{
			"_id": "I210050462655389251Li3P4",
			"_tpl": "5abcbc27d8ce8700182eceeb",
			"parentId": "5c6687d65e9d882c8841f0fd",
			"slotId": "FirstPrimaryWeapon"
		},
		{
			"_id": "I2100504652309978985nflL",
			"_tpl": "59d64ec286f774171d1e0a42",
			"parentId": "I210050462655389251Li3P4",
			"slotId": "mod_gas_block"
		},
		{
			"_id": "I210050465503382979chtCm",
			"_tpl": "59e61eb386f77440d64f5daf",
			"parentId": "I210050462655389251Li3P4",
			"slotId": "mod_muzzle"
		},
		{
			"_id": "I2100504624409006499dXI1",
			"_tpl": "5a0071d486f77404e23a12b2",
			"parentId": "I210050462655389251Li3P4",
			"slotId": "mod_pistol_grip_akms"
		},
		{
			"_id": "I210050465083456347gf88I",
			"_tpl": "59d6507c86f7741b846413a2",
			"parentId": "I210050462655389251Li3P4",
			"slotId": "mod_reciever"
		},
		{
			"_id": "I210050468317601611z0Pb6",
			"_tpl": "59d650cf86f7741b846413a4",
			"parentId": "I210050462655389251Li3P4",
			"slotId": "mod_sight_rear",
			"upd": {
				"Sight": {
					"SelectedSightMode": 0
				}
			}
		},
		{
			"_id": "MagazineWeaponScav2803",
			"_tpl": "59fafc5086f7740dbe19f6c3",
			"parentId": "I210050462655389251Li3P4",
			"slotId": "mod_magazine"
		},
		{
			"_id": "AmmoMag19839",
			"_tpl": "59e4cf5286f7741778269d8a",
			"parentId": "MagazineWeaponScav2803",
			"slotId": "cartridges",
			"upd": {
				"StackObjectsCount": 30
			}
		},
		{
			"_id": "I210050463367259671WljyG",
			"_tpl": "59d64f2f86f77417193ef8b3",
			"parentId": "I2100504652309978985nflL",
			"slotId": "mod_handguard"
		},
		{
			"_id": "FuckYouUnlimitedAmmo34083",
			"_tpl": "5857a8bc2459772bad15db29",
			"parentId": "5c6687d65e9d882c8841f0fd",
			"slotId": "SecuredContainer"
		},
		{
			"_id": "iHateThatShit114191",
			"_tpl": "59e4cf5286f7741778269d8a",
			"parentId": "FuckYouUnlimitedAmmo34083",
			"slotId": "main",
			"upd": {
				"StackObjectsCount": 60
			}
		},
		{
			"_id": "iHateThatShit745537",
			"_tpl": "59e4cf5286f7741778269d8a",
			"parentId": "FuckYouUnlimitedAmmo34083",
			"slotId": "main",
			"upd": {
				"StackObjectsCount": 60
			}
		},
		{
			"_id": "iHateThatShit582405",
			"_tpl": "5656d7c34bdc2d9d198b4587",
			"parentId": "FuckYouUnlimitedAmmo34083",
			"slotId": "main",
			"upd": {
				"StackObjectsCount": 60
			}
		},
		{
			"_id": "iHateThatShit412913",
			"_tpl": "59e4d24686f7741776641ac7",
			"parentId": "FuckYouUnlimitedAmmo34083",
			"slotId": "main",
			"upd": {
				"StackObjectsCount": 60
			}
		},
		{
			"_id": "iHateThatShit204436",
			"_tpl": "5656d7c34bdc2d9d198b4587",
			"parentId": "FuckYouUnlimitedAmmo34083",
			"slotId": "main",
			"upd": {
				"StackObjectsCount": 60
			}
		},
		{
			"_id": "iHateThatShit537140",
			"_tpl": "5656d7c34bdc2d9d198b4587",
			"parentId": "FuckYouUnlimitedAmmo34083",
			"slotId": "main",
			"upd": {
				"StackObjectsCount": 60
			}
		},
		{
			"_id": "iHateThatShit316427",
			"_tpl": "5656d7c34bdc2d9d198b4587",
			"parentId": "FuckYouUnlimitedAmmo34083",
			"slotId": "main",
			"upd": {
				"StackObjectsCount": 60
			}
		},
		{
			"_id": "iHateThatShit518165",
			"_tpl": "59e4d24686f7741776641ac7",
			"parentId": "FuckYouUnlimitedAmmo34083",
			"slotId": "main",
			"upd": {
				"StackObjectsCount": 60
			}
		},
		{
			"_id": "iHateThatShit423570",
			"_tpl": "59e4cf5286f7741778269d8a",
			"parentId": "FuckYouUnlimitedAmmo34083",
			"slotId": "main",
			"upd": {
				"StackObjectsCount": 60
			}
		},
		{
			"_id": "mag0Vest331623",
			"_tpl": "5a0060fc86f7745793204432",
			"parentId": "B51647193168059035u4rI23",
			"slotId": "1",
			"location": {
				"x": 0,
				"y": 0,
				"r": "Horizontal"
			}
		},
		{
			"_id": "AmmoMag0Vest755114",
			"_tpl": "59e0d99486f7744a32234762",
			"parentId": "mag0Vest331623",
			"slotId": "cartridges",
			"upd": {
				"StackObjectsCount": 30
			}
		},
		{
			"_id": "mag1Vest966065",
			"_tpl": "5a0060fc86f7745793204432",
			"parentId": "B51647193168059035u4rI23",
			"slotId": "3",
			"location": {
				"x": 0,
				"y": 0,
				"r": "Horizontal"
			}
		},
		{
			"_id": "AmmoMag1Vest647959",
			"_tpl": "5656d7c34bdc2d9d198b4587",
			"parentId": "mag1Vest966065",
			"slotId": "cartridges",
			"upd": {
				"StackObjectsCount": 30
			}
		},
		{
			"_id": "StackAmmo32167795566",
			"_tpl": "59e4cf5286f7741778269d8a",
			"parentId": "B51647193168059035u4rI23",
			"slotId": "5",
			"upd": {
				"StackObjectsCount": 31
			}
		},
		{
			"_id": "StackAmmo38354845302",
			"_tpl": "59e4cf5286f7741778269d8a",
			"parentId": "B51647193168059035u4rI23",
			"slotId": "8",
			"upd": {
				"StackObjectsCount": 59
			}
		},
		{
			"_id": "B51647195524437788llhlkf",
			"_tpl": "57e26ea924597715ca604a09",
			"parentId": "5c6687d65e9d882c8841f0fd",
			"slotId": "Scabbard"
		},
		{
			"_id": "B5164719642374550486LKaY",
			"_tpl": "5df8a58286f77412631087ed",
			"parentId": "5c6687d65e9d882c8841f0fd",
			"slotId": "Headwear"
		},
		{
			"_id": "B51647199430043716JHEbMY",
			"_tpl": "544a5cde4bdc2d39388b456b",
			"parentId": "5c6687d65e9d882c8841f0fd",
			"slotId": "Backpack"
		},
		{
			"_id": "BP51647194449530518Ngns2",
			"_tpl": "57a349b2245977762b199ec7",
			"parentId": "B51647199430043716JHEbMY",
			"slotId": "main",
			"location": {
				"x": 0,
				"y": 0,
				"r": "Horizontal"
			}
		},
		{
			"_id": "BP51647191410714463f9ucW",
			"_tpl": "59e3577886f774176a362503",
			"parentId": "B51647199430043716JHEbMY",
			"slotId": "main",
			"location": {
				"x": 0,
				"y": 1,
				"r": "Horizontal"
			}
		},
		{
			"_id": "BP51647197109241345FiAiu",
			"_tpl": "59148c8a86f774197930e983",
			"parentId": "B51647199430043716JHEbMY",
			"slotId": "main",
			"location": {
				"x": 0,
				"y": 2,
				"r": "Horizontal"
			}
		},
		{
			"_id": "BP51647199450485808a0kNK",
			"_tpl": "5751496424597720a27126da",
			"parentId": "B51647199430043716JHEbMY",
			"slotId": "main",
			"location": {
				"x": 0,
				"y": 3,
				"r": "Horizontal"
			}
		},
		{
			"_id": "B51647198032552415onFBro",
			"_tpl": "5c0e5bab86f77461f55ed1f3",
			"parentId": "5c6687d65e9d882c8841f0fd",
			"slotId": "ArmorVest",
			"upd": {
				"Repairable": {
					"MaxDurability": 60,
					"Durability": 20
				}
			}
		}
	],
	"equipment": "5c6687d65e9d882c8841f0fd",
	"stash": "5c6687d65e9d882c8841f0fc",
	"questRaidItems": "5c6687d65e9d882c8841f0fe",
	"questStashItems": "5c6687d65e9d882c8841f0ff",
	"fastPanel": {}
}