{
	"items": [
		{
			"_id": "5c6687d65e9d882c8841f0fd",
			"_tpl": "55d7217a4bdc2d86028b456d"
		},
		{
			"_id": "5c6687d65e9d882c8841f121",
			"_tpl": "557ffd194bdc2d28148b457f",
			"parentId": "5c6687d65e9d882c8841f0fd",
			"slotId": "Pockets"
		},
		{
			"_id": "5c6687d65e9d882c8841f0fc",
			"_tpl": "566abbc34bdc2d92178b4576"
		},
		{
			"_id": "5c6687d65e9d882c8841f0ff",
			"_tpl": "5963866b86f7747bfa1c4462"
		},
		{
			"_id": "5c6687d65e9d882c8841f0fe",
			"_tpl": "5963866286f7747bf429b572"
		},
		{
			"_id": "B51647187901020195KiogGr",
			"_tpl": "5c0e3eb886f7742015526062",
			"parentId": "5c6687d65e9d882c8841f0fd",
			"slotId": "TacticalVest"
		},
		{
			"_id": "I2132010136923416691oSrU",
			"_tpl": "5644bd2b4bdc2d3b4c8b4572",
			"parentId": "5c6687d65e9d882c8841f0fd",
			"slotId": "FirstPrimaryWeapon"
		},
		{
			"_id": "I2132010135566419415G3zH",
			"_tpl": "59c6633186f7740cf0493bb9",
			"parentId": "I2132010136923416691oSrU",
			"slotId": "mod_gas_block"
		},
		{
			"_id": "I2132010135701960084k2AX",
			"_tpl": "5649aa744bdc2ded0b8b457e",
			"parentId": "I2132010136923416691oSrU",
			"slotId": "mod_muzzle"
		},
		{
			"_id": "I2132010138878537844jWje",
			"_tpl": "5649ad3f4bdc2df8348b4585",
			"parentId": "I2132010136923416691oSrU",
			"slotId": "mod_pistol_grip"
		},
		{
			"_id": "I2132010135298279198WDKk",
			"_tpl": "5649af094bdc2df8348b4586",
			"parentId": "I2132010136923416691oSrU",
			"slotId": "mod_reciever"
		},
		{
			"_id": "I2132010133246176791RmJM",
			"_tpl": "5649b0544bdc2d1b2b8b458a",
			"parentId": "I2132010136923416691oSrU",
			"slotId": "mod_sight_rear",
			"upd": {
				"Sight": {
					"SelectedSightMode": 0
				}
			}
		},
		{
			"_id": "I2132010136825121434V4CS",
			"_tpl": "5649b1c04bdc2d16268b457c",
			"parentId": "I2132010136923416691oSrU",
			"slotId": "mod_stock"
		},
		{
			"_id": "MagazineWeaponScav3212",
			"_tpl": "55d4837c4bdc2d1d4e8b456c",
			"parentId": "I2132010136923416691oSrU",
			"slotId": "mod_magazine"
		},
		{
			"_id": "AmmoMag16055",
			"_tpl": "56dff061d2720bb5668b4567",
			"parentId": "MagazineWeaponScav3212",
			"slotId": "cartridges",
			"upd": {
				"StackObjectsCount": 10
			}
		},
		{
			"_id": "I2132010138688584347Fzlj",
			"_tpl": "5648b4534bdc2d3d1c8b4580",
			"parentId": "I2132010135566419415G3zH",
			"slotId": "mod_handguard"
		},
		{
			"_id": "I2132010135896942817wFUy",
			"_tpl": "56dfef82d2720bbd668b4567",
			"parentId": "I2132010131886204393YSco",
			"slotId": "cartridges",
			"location": 0,
			"upd": {
				"StackObjectsCount": 30
			}
		},
		{
			"_id": "I2132010131750323892NX4u",
			"_tpl": "56def37dd2720bec348b456a",
			"parentId": "I2132010138688584347Fzlj",
			"slotId": "mod_tactical_001",
			"upd": {
				"Light": {
					"IsActive": true,
					"SelectedMode": 0
				}
			}
		},
		{
			"_id": "FuckYouUnlimitedAmmo693043",
			"_tpl": "5857a8bc2459772bad15db29",
			"parentId": "5c6687d65e9d882c8841f0fd",
			"slotId": "SecuredContainer"
		},
		{
			"_id": "iHateThatShit328037",
			"_tpl": "56dff0bed2720bb0668b4567",
			"parentId": "FuckYouUnlimitedAmmo693043",
			"slotId": "main",
			"upd": {
				"StackObjectsCount": 60
			}
		},
		{
			"_id": "iHateThatShit193149",
			"_tpl": "56dff216d2720bbd668b4568",
			"parentId": "FuckYouUnlimitedAmmo693043",
			"slotId": "main",
			"upd": {
				"StackObjectsCount": 60
			}
		},
		{
			"_id": "iHateThatShit636816",
			"_tpl": "56dff026d2720bb8668b4567",
			"parentId": "FuckYouUnlimitedAmmo693043",
			"slotId": "main",
			"upd": {
				"StackObjectsCount": 60
			}
		},
		{
			"_id": "iHateThatShit881387",
			"_tpl": "5c0d5e4486f77478390952fe",
			"parentId": "FuckYouUnlimitedAmmo693043",
			"slotId": "main",
			"upd": {
				"StackObjectsCount": 60
			}
		},
		{
			"_id": "iHateThatShit951977",
			"_tpl": "56dff2ced2720bb4668b4567",
			"parentId": "FuckYouUnlimitedAmmo693043",
			"slotId": "main",
			"upd": {
				"StackObjectsCount": 60
			}
		},
		{
			"_id": "iHateThatShit231217",
			"_tpl": "56dff2ced2720bb4668b4567",
			"parentId": "FuckYouUnlimitedAmmo693043",
			"slotId": "main",
			"upd": {
				"StackObjectsCount": 60
			}
		},
		{
			"_id": "iHateThatShit565480",
			"_tpl": "56dff061d2720bb5668b4567",
			"parentId": "FuckYouUnlimitedAmmo693043",
			"slotId": "main",
			"upd": {
				"StackObjectsCount": 60
			}
		},
		{
			"_id": "iHateThatShit755384",
			"_tpl": "56dff2ced2720bb4668b4567",
			"parentId": "FuckYouUnlimitedAmmo693043",
			"slotId": "main",
			"upd": {
				"StackObjectsCount": 60
			}
		},
		{
			"_id": "iHateThatShit40346",
			"_tpl": "56dff026d2720bb8668b4567",
			"parentId": "FuckYouUnlimitedAmmo693043",
			"slotId": "main",
			"upd": {
				"StackObjectsCount": 60
			}
		},
		{
			"_id": "mag0Vest20225",
			"_tpl": "55d4837c4bdc2d1d4e8b456c",
			"parentId": "B51647187901020195KiogGr",
			"slotId": "1",
			"location": {
				"x": 0,
				"y": 0,
				"r": "Horizontal"
			}
		},
		{
			"_id": "AmmoMag0Vest458037",
			"_tpl": "5c0d5e4486f77478390952fe",
			"parentId": "mag0Vest20225",
			"slotId": "cartridges",
			"upd": {
				"StackObjectsCount": 10
			}
		},
		{
			"_id": "mag0Vest612709",
			"_tpl": "55d4837c4bdc2d1d4e8b456c",
			"parentId": "B51647187901020195KiogGr",
			"slotId": "1",
			"location": {
				"x": 0,
				"y": 1,
				"r": "Horizontal"
			}
		},
		{
			"_id": "AmmoMag0Vest595868",
			"_tpl": "56dff216d2720bbd668b4568",
			"parentId": "mag0Vest612709",
			"slotId": "cartridges",
			"upd": {
				"StackObjectsCount": 10
			}
		},
		{
			"_id": "mag1Vest144929",
			"_tpl": "55d4837c4bdc2d1d4e8b456c",
			"parentId": "B51647187901020195KiogGr",
			"slotId": "3",
			"location": {
				"x": 0,
				"y": 0,
				"r": "Horizontal"
			}
		},
		{
			"_id": "AmmoMag1Vest774971",
			"_tpl": "56dff338d2720bbd668b4569",
			"parentId": "mag1Vest144929",
			"slotId": "cartridges",
			"upd": {
				"StackObjectsCount": 10
			}
		},
		{
			"_id": "mag1Vest10812",
			"_tpl": "55d4837c4bdc2d1d4e8b456c",
			"parentId": "B51647187901020195KiogGr",
			"slotId": "3",
			"location": {
				"x": 0,
				"y": 1,
				"r": "Horizontal"
			}
		},
		{
			"_id": "AmmoMag1Vest607789",
			"_tpl": "56dff4ecd2720b5f5a8b4568",
			"parentId": "mag1Vest10812",
			"slotId": "cartridges",
			"upd": {
				"StackObjectsCount": 10
			}
		},
		{
			"_id": "StackAmmo12024520164",
			"_tpl": "56dff216d2720bbd668b4568",
			"parentId": "B51647187901020195KiogGr",
			"slotId": "5",
			"upd": {
				"StackObjectsCount": 57
			}
		},
		{
			"_id": "B516471878900970570cfiLO",
			"_tpl": "5bffdc370db834001d23eca8",
			"parentId": "5c6687d65e9d882c8841f0fd",
			"slotId": "Scabbard"
		},
		{
			"_id": "B516471890702745040eg7wk",
			"_tpl": "5aa2a7e8e5b5b00016327c16",
			"parentId": "5c6687d65e9d882c8841f0fd",
			"slotId": "Headwear"
		},
		{
			"_id": "B51647185502431288LHj6xQ",
			"_tpl": "5c0e5edb86f77461f55ed1f7",
			"parentId": "5c6687d65e9d882c8841f0fd",
			"slotId": "ArmorVest",
			"upd": {
				"Repairable": {
					"MaxDurability": 50,
					"Durability": 13
				}
			}
		},
		{
			"_id": "Pocket_153451",
			"_tpl": "56742c2e4bdc2d95058b456d",
			"parentId": "5c6687d65e9d882c8841f121",
			"slotId": "pocket1",
			"location": {
				"x": 0,
				"y": 0,
				"r": "Horizontal"
			},
			"upd": {
				"SpawnedInSession": true
			}
		},
		{
			"_id": "Pocket_537800",
			"_tpl": "5c1e495a86f7743109743dfb",
			"parentId": "5c6687d65e9d882c8841f121",
			"slotId": "pocket2",
			"location": {
				"x": 0,
				"y": 0,
				"r": "Horizontal"
			},
			"upd": {
				"SpawnedInSession": true
			}
		}
	],
	"equipment": "5c6687d65e9d882c8841f0fd",
	"stash": "5c6687d65e9d882c8841f0fc",
	"questRaidItems": "5c6687d65e9d882c8841f0fe",
	"questStashItems": "5c6687d65e9d882c8841f0ff",
	"fastPanel": {}
}