{
	"items": [
		{
			"_id": "5c6687d65e9d882c8841f0fd",
			"_tpl": "55d7217a4bdc2d86028b456d"
		},
		{
			"_id": "5c6687d65e9d882c8841f121",
			"_tpl": "557ffd194bdc2d28148b457f",
			"parentId": "5c6687d65e9d882c8841f0fd",
			"slotId": "Pockets"
		},
		{
			"_id": "5c6687d65e9d882c8841f0fc",
			"_tpl": "566abbc34bdc2d92178b4576"
		},
		{
			"_id": "5c6687d65e9d882c8841f0ff",
			"_tpl": "5963866b86f7747bfa1c4462"
		},
		{
			"_id": "5c6687d65e9d882c8841f0fe",
			"_tpl": "5963866286f7747bf429b572"
		},
		{
			"_id": "B51647193789283542xXU7EU",
			"_tpl": "5c0e3eb886f7742015526062",
			"parentId": "5c6687d65e9d882c8841f0fd",
			"slotId": "TacticalVest"
		},
		{
			"_id": "I2100831885996599QQYhjJu",
			"_tpl": "59d6088586f774275f37482f",
			"parentId": "5c6687d65e9d882c8841f0fd",
			"slotId": "FirstPrimaryWeapon"
		},
		{
			"_id": "I2100839244070902GXKgrQB",
			"_tpl": "59d64ec286f774171d1e0a42",
			"parentId": "I2100831885996599QQYhjJu",
			"slotId": "mod_gas_block"
		},
		{
			"_id": "I2100833337038757GMryd1i",
			"_tpl": "59d64fc686f774171b243fe2",
			"parentId": "I2100831885996599QQYhjJu",
			"slotId": "mod_muzzle"
		},
		{
			"_id": "I2100839525132751ViQ5vw9",
			"_tpl": "59e62cc886f77440d40b52a1",
			"parentId": "I2100831885996599QQYhjJu",
			"slotId": "mod_pistol_grip"
		},
		{
			"_id": "I21008346648999282Ri1F3U",
			"_tpl": "59d6507c86f7741b846413a2",
			"parentId": "I2100831885996599QQYhjJu",
			"slotId": "mod_reciever"
		},
		{
			"_id": "I21008355203657065mkiXII",
			"_tpl": "59d650cf86f7741b846413a4",
			"parentId": "I2100831885996599QQYhjJu",
			"slotId": "mod_sight_rear",
			"upd": {
				"Sight": {
					"SelectedSightMode": 0
				}
			}
		},
		{
			"_id": "I2100834618895836883brrJ",
			"_tpl": "59d6514b86f774171a068a08",
			"parentId": "I2100831885996599QQYhjJu",
			"slotId": "mod_stock"
		},
		{
			"_id": "MagazineWeaponScav3237",
			"_tpl": "59e5d83b86f7745aed03d262",
			"parentId": "I2100831885996599QQYhjJu",
			"slotId": "mod_magazine"
		},
		{
			"_id": "AmmoMag12724",
			"_tpl": "59e4d24686f7741776641ac7",
			"parentId": "MagazineWeaponScav3237",
			"slotId": "cartridges",
			"upd": {
				"StackObjectsCount": 10
			}
		},
		{
			"_id": "I21008313563024407sFthFB",
			"_tpl": "59d64f2f86f77417193ef8b3",
			"parentId": "I2100839244070902GXKgrQB",
			"slotId": "mod_handguard"
		},
		{
			"_id": "FuckYouUnlimitedAmmo114536",
			"_tpl": "5857a8bc2459772bad15db29",
			"parentId": "5c6687d65e9d882c8841f0fd",
			"slotId": "SecuredContainer"
		},
		{
			"_id": "iHateThatShit394444",
			"_tpl": "5656d7c34bdc2d9d198b4587",
			"parentId": "FuckYouUnlimitedAmmo114536",
			"slotId": "main",
			"upd": {
				"StackObjectsCount": 60
			}
		},
		{
			"_id": "iHateThatShit223024",
			"_tpl": "59e0d99486f7744a32234762",
			"parentId": "FuckYouUnlimitedAmmo114536",
			"slotId": "main",
			"upd": {
				"StackObjectsCount": 60
			}
		},
		{
			"_id": "iHateThatShit210610",
			"_tpl": "5656d7c34bdc2d9d198b4587",
			"parentId": "FuckYouUnlimitedAmmo114536",
			"slotId": "main",
			"upd": {
				"StackObjectsCount": 60
			}
		},
		{
			"_id": "iHateThatShit850294",
			"_tpl": "59e0d99486f7744a32234762",
			"parentId": "FuckYouUnlimitedAmmo114536",
			"slotId": "main",
			"upd": {
				"StackObjectsCount": 60
			}
		},
		{
			"_id": "iHateThatShit384354",
			"_tpl": "59e4d24686f7741776641ac7",
			"parentId": "FuckYouUnlimitedAmmo114536",
			"slotId": "main",
			"upd": {
				"StackObjectsCount": 60
			}
		},
		{
			"_id": "iHateThatShit97816",
			"_tpl": "59e4d3d286f774176a36250a",
			"parentId": "FuckYouUnlimitedAmmo114536",
			"slotId": "main",
			"upd": {
				"StackObjectsCount": 60
			}
		},
		{
			"_id": "iHateThatShit637314",
			"_tpl": "5656d7c34bdc2d9d198b4587",
			"parentId": "FuckYouUnlimitedAmmo114536",
			"slotId": "main",
			"upd": {
				"StackObjectsCount": 60
			}
		},
		{
			"_id": "iHateThatShit723394",
			"_tpl": "59e4d24686f7741776641ac7",
			"parentId": "FuckYouUnlimitedAmmo114536",
			"slotId": "main",
			"upd": {
				"StackObjectsCount": 60
			}
		},
		{
			"_id": "iHateThatShit389035",
			"_tpl": "59e4cf5286f7741778269d8a",
			"parentId": "FuckYouUnlimitedAmmo114536",
			"slotId": "main",
			"upd": {
				"StackObjectsCount": 60
			}
		},
		{
			"_id": "mag0Vest378666",
			"_tpl": "59e5d83b86f7745aed03d262",
			"parentId": "B51647193789283542xXU7EU",
			"slotId": "1",
			"location": {
				"x": 0,
				"y": 1,
				"r": "Horizontal"
			}
		},
		{
			"_id": "AmmoMag0Vest541481",
			"_tpl": "59e0d99486f7744a32234762",
			"parentId": "mag0Vest378666",
			"slotId": "cartridges",
			"upd": {
				"StackObjectsCount": 10
			}
		},
		{
			"_id": "mag1Vest927095",
			"_tpl": "59e5d83b86f7745aed03d262",
			"parentId": "B51647193789283542xXU7EU",
			"slotId": "3",
			"location": {
				"x": 0,
				"y": 1,
				"r": "Horizontal"
			}
		},
		{
			"_id": "AmmoMag1Vest347389",
			"_tpl": "59e4d3d286f774176a36250a",
			"parentId": "mag1Vest927095",
			"slotId": "cartridges",
			"upd": {
				"StackObjectsCount": 10
			}
		},
		{
			"_id": "StackAmmo3525946476",
			"_tpl": "5656d7c34bdc2d9d198b4587",
			"parentId": "B51647193789283542xXU7EU",
			"slotId": "5",
			"upd": {
				"StackObjectsCount": 14
			}
		},
		{
			"_id": "B51647199132706328ezmO7N",
			"_tpl": "5bffdc370db834001d23eca8",
			"parentId": "5c6687d65e9d882c8841f0fd",
			"slotId": "Scabbard"
		},
		{
			"_id": "B51647194495366668rGPxMq",
			"_tpl": "5b43271c5acfc432ff4dce65",
			"parentId": "5c6687d65e9d882c8841f0fd",
			"slotId": "Headwear"
		},
		{
			"_id": "B51647199899581320sFUpzJ",
			"_tpl": "5d5fca1ea4b93635fd598c07",
			"parentId": "5c6687d65e9d882c8841f0fd",
			"slotId": "Eyewear"
		},
		{
			"_id": "B51647193263630041ciGjMC",
			"_tpl": "5ab8ee7786f7742d8f33f0b9",
			"parentId": "5c6687d65e9d882c8841f0fd",
			"slotId": "Backpack"
		},
		{
			"_id": "BP51647198812073378Kt6dR",
			"_tpl": "544fb3364bdc2d34748b456a",
			"parentId": "B51647193263630041ciGjMC",
			"slotId": "main",
			"location": {
				"x": 0,
				"y": 0,
				"r": "Horizontal"
			}
		},
		{
			"_id": "BP51647192262865428QKAU5",
			"_tpl": "5751487e245977207e26a315",
			"parentId": "B51647193263630041ciGjMC",
			"slotId": "main",
			"location": {
				"x": 0,
				"y": 1,
				"r": "Horizontal"
			}
		},
		{
			"_id": "BP51647198295612986NrbP3",
			"_tpl": "5d1c774f86f7746d6620f8db",
			"parentId": "B51647193263630041ciGjMC",
			"slotId": "main",
			"location": {
				"x": 1,
				"y": 0,
				"r": "Horizontal"
			}
		},
		{
			"_id": "Pocket_98050",
			"_tpl": "590a358486f77429692b2790",
			"parentId": "5c6687d65e9d882c8841f121",
			"slotId": "pocket1",
			"location": {
				"x": 0,
				"y": 0,
				"r": "Horizontal"
			},
			"upd": {
				"SpawnedInSession": true
			}
		}
	],
	"equipment": "5c6687d65e9d882c8841f0fd",
	"stash": "5c6687d65e9d882c8841f0fc",
	"questRaidItems": "5c6687d65e9d882c8841f0fe",
	"questStashItems": "5c6687d65e9d882c8841f0ff",
	"fastPanel": {}
}