{
	"items": [
		{
			"_id": "5c6687d65e9d882c8841f0fd",
			"_tpl": "55d7217a4bdc2d86028b456d"
		},
		{
			"_id": "5c6687d65e9d882c8841f121",
			"_tpl": "557ffd194bdc2d28148b457f",
			"parentId": "5c6687d65e9d882c8841f0fd",
			"slotId": "Pockets"
		},
		{
			"_id": "5c6687d65e9d882c8841f0fc",
			"_tpl": "566abbc34bdc2d92178b4576"
		},
		{
			"_id": "5c6687d65e9d882c8841f0ff",
			"_tpl": "5963866b86f7747bfa1c4462"
		},
		{
			"_id": "5c6687d65e9d882c8841f0fe",
			"_tpl": "5963866286f7747bf429b572"
		},
		{
			"_id": "B516471960084428374pQ8vQ",
			"_tpl": "5929a2a086f7744f4b234d43",
			"parentId": "5c6687d65e9d882c8841f0fd",
			"slotId": "TacticalVest"
		},
		{
			"_id": "I2100143385988820360jSIo",
			"_tpl": "57d14d2524597714373db789",
			"parentId": "5c6687d65e9d882c8841f0fd",
			"slotId": "FirstPrimaryWeapon"
		},
		{
			"_id": "I210014336637141990jXM6E",
			"_tpl": "57d152ec245977144076ccdf",
			"parentId": "I2100143385988820360jSIo",
			"slotId": "mod_pistol_grip"
		},
		{
			"_id": "MagazineWeaponScav5408",
			"_tpl": "57d14e1724597714010c3f4b",
			"parentId": "I2100143385988820360jSIo",
			"slotId": "mod_magazine"
		},
		{
			"_id": "AmmoMag17815",
			"_tpl": "57371f2b24597761224311f1",
			"parentId": "MagazineWeaponScav5408",
			"slotId": "cartridges",
			"upd": {
				"StackObjectsCount": 20
			}
		},
		{
			"_id": "FuckYouUnlimitedAmmo208172",
			"_tpl": "5857a8bc2459772bad15db29",
			"parentId": "5c6687d65e9d882c8841f0fd",
			"slotId": "SecuredContainer"
		},
		{
			"_id": "iHateThatShit169060",
			"_tpl": "5737218f245977612125ba51",
			"parentId": "FuckYouUnlimitedAmmo208172",
			"slotId": "main",
			"upd": {
				"StackObjectsCount": 60
			}
		},
		{
			"_id": "iHateThatShit343701",
			"_tpl": "573718ba2459775a75491131",
			"parentId": "FuckYouUnlimitedAmmo208172",
			"slotId": "main",
			"upd": {
				"StackObjectsCount": 60
			}
		},
		{
			"_id": "iHateThatShit523594",
			"_tpl": "57371b192459775a9f58a5e0",
			"parentId": "FuckYouUnlimitedAmmo208172",
			"slotId": "main",
			"upd": {
				"StackObjectsCount": 60
			}
		},
		{
			"_id": "iHateThatShit760625",
			"_tpl": "5737207f24597760ff7b25f2",
			"parentId": "FuckYouUnlimitedAmmo208172",
			"slotId": "main",
			"upd": {
				"StackObjectsCount": 60
			}
		},
		{
			"_id": "iHateThatShit512386",
			"_tpl": "57372140245977611f70ee91",
			"parentId": "FuckYouUnlimitedAmmo208172",
			"slotId": "main",
			"upd": {
				"StackObjectsCount": 60
			}
		},
		{
			"_id": "iHateThatShit9058",
			"_tpl": "5737201124597760fc4431f1",
			"parentId": "FuckYouUnlimitedAmmo208172",
			"slotId": "main",
			"upd": {
				"StackObjectsCount": 60
			}
		},
		{
			"_id": "iHateThatShit481478",
			"_tpl": "573719df2459775a626ccbc2",
			"parentId": "FuckYouUnlimitedAmmo208172",
			"slotId": "main",
			"upd": {
				"StackObjectsCount": 60
			}
		},
		{
			"_id": "iHateThatShit460525",
			"_tpl": "57371f8d24597761006c6a81",
			"parentId": "FuckYouUnlimitedAmmo208172",
			"slotId": "main",
			"upd": {
				"StackObjectsCount": 60
			}
		},
		{
			"_id": "iHateThatShit89966",
			"_tpl": "573719df2459775a626ccbc2",
			"parentId": "FuckYouUnlimitedAmmo208172",
			"slotId": "main",
			"upd": {
				"StackObjectsCount": 60
			}
		},
		{
			"_id": "mag0Vest894287",
			"_tpl": "57d14e1724597714010c3f4b",
			"parentId": "B516471960084428374pQ8vQ",
			"slotId": "3",
			"location": {
				"x": 0,
				"y": 0,
				"r": "Horizontal"
			}
		},
		{
			"_id": "AmmoMag0Vest829988",
			"_tpl": "5737218f245977612125ba51",
			"parentId": "mag0Vest894287",
			"slotId": "cartridges",
			"upd": {
				"StackObjectsCount": 20
			}
		},
		{
			"_id": "mag0Vest373399",
			"_tpl": "57d14e1724597714010c3f4b",
			"parentId": "B516471960084428374pQ8vQ",
			"slotId": "3",
			"location": {
				"x": 0,
				"y": 1,
				"r": "Horizontal"
			}
		},
		{
			"_id": "AmmoMag0Vest49933",
			"_tpl": "5737207f24597760ff7b25f2",
			"parentId": "mag0Vest373399",
			"slotId": "cartridges",
			"upd": {
				"StackObjectsCount": 20
			}
		},
		{
			"_id": "mag1Vest32269",
			"_tpl": "57d14e1724597714010c3f4b",
			"parentId": "B516471960084428374pQ8vQ",
			"slotId": "5",
			"location": {
				"x": 0,
				"y": 0,
				"r": "Horizontal"
			}
		},
		{
			"_id": "AmmoMag1Vest143770",
			"_tpl": "573720e02459776143012541",
			"parentId": "mag1Vest32269",
			"slotId": "cartridges",
			"upd": {
				"StackObjectsCount": 20
			}
		},
		{
			"_id": "mag1Vest702950",
			"_tpl": "57d14e1724597714010c3f4b",
			"parentId": "B516471960084428374pQ8vQ",
			"slotId": "5",
			"location": {
				"x": 0,
				"y": 1,
				"r": "Horizontal"
			}
		},
		{
			"_id": "AmmoMag1Vest83989",
			"_tpl": "5737207f24597760ff7b25f2",
			"parentId": "mag1Vest702950",
			"slotId": "cartridges",
			"upd": {
				"StackObjectsCount": 20
			}
		},
		{
			"_id": "StackAmmo52613540751",
			"_tpl": "5737201124597760fc4431f1",
			"parentId": "B516471960084428374pQ8vQ",
			"slotId": "2",
			"upd": {
				"StackObjectsCount": 34
			}
		},
		{
			"_id": "B51647197926818815zYpno3",
			"_tpl": "57e26ea924597715ca604a09",
			"parentId": "5c6687d65e9d882c8841f0fd",
			"slotId": "Scabbard"
		},
		{
			"_id": "B51647196673271569xbIvo0",
			"_tpl": "59e770f986f7742cbe3164ef",
			"parentId": "5c6687d65e9d882c8841f0fd",
			"slotId": "Headwear"
		},
		{
			"_id": "B51647193601787103hM97QB",
			"_tpl": "5b4326435acfc433000ed01d",
			"parentId": "5c6687d65e9d882c8841f0fd",
			"slotId": "FaceCover"
		},
		{
			"_id": "B51647193911476385XNY70M",
			"_tpl": "5c0e53c886f7747fa54205c7",
			"parentId": "5c6687d65e9d882c8841f0fd",
			"slotId": "ArmorVest",
			"upd": {
				"Repairable": {
					"MaxDurability": 47,
					"Durability": 46
				}
			}
		}
	],
	"equipment": "5c6687d65e9d882c8841f0fd",
	"stash": "5c6687d65e9d882c8841f0fc",
	"questRaidItems": "5c6687d65e9d882c8841f0fe",
	"questStashItems": "5c6687d65e9d882c8841f0ff",
	"fastPanel": {}
}