{
	"items": [
		{
			"_id": "5c6687d65e9d882c8841f0fd",
			"_tpl": "55d7217a4bdc2d86028b456d"
		},
		{
			"_id": "5c6687d65e9d882c8841f121",
			"_tpl": "557ffd194bdc2d28148b457f",
			"parentId": "5c6687d65e9d882c8841f0fd",
			"slotId": "Pockets"
		},
		{
			"_id": "5c6687d65e9d882c8841f0fc",
			"_tpl": "566abbc34bdc2d92178b4576"
		},
		{
			"_id": "5c6687d65e9d882c8841f0ff",
			"_tpl": "5963866b86f7747bfa1c4462"
		},
		{
			"_id": "5c6687d65e9d882c8841f0fe",
			"_tpl": "5963866286f7747bf429b572"
		},
		{
			"_id": "B51647195994615483ZHx49D",
			"_tpl": "5d5d646386f7742797261fd9",
			"parentId": "5c6687d65e9d882c8841f0fd",
			"slotId": "TacticalVest"
		},
		{
			"_id": "I21005403094897232Py9jYD",
			"_tpl": "5c07c60e0db834002330051f",
			"parentId": "5c6687d65e9d882c8841f0fd",
			"slotId": "FirstPrimaryWeapon"
		},
		{
			"_id": "I21005405818967096KohpFj",
			"_tpl": "5c0e2ff6d174af02a1659d4a",
			"parentId": "I21005403094897232Py9jYD",
			"slotId": "mod_pistol_grip"
		},
		{
			"_id": "MagazineWeaponScav3964",
			"_tpl": "5c6d42cb2e2216000e69d7d1",
			"parentId": "I21005403094897232Py9jYD",
			"slotId": "mod_magazine"
		},
		{
			"_id": "AmmoMag17354",
			"_tpl": "59e6906286f7746c9f75e847",
			"parentId": "MagazineWeaponScav3964",
			"slotId": "cartridges",
			"upd": {
				"StackObjectsCount": 30
			}
		},
		{
			"_id": "I21005401928206507pFRuoU",
			"_tpl": "5c0e2f26d174af02a9625114",
			"parentId": "I21005403094897232Py9jYD",
			"slotId": "mod_reciever"
		},
		{
			"_id": "I21005406262118984fJaeo1",
			"_tpl": "5649be884bdc2d79388b4577",
			"parentId": "I21005403094897232Py9jYD",
			"slotId": "mod_stock"
		},
		{
			"_id": "I210054055083223434wjimT",
			"_tpl": "5c0faf68d174af02a96260b8",
			"parentId": "I21005403094897232Py9jYD",
			"slotId": "mod_charge"
		},
		{
			"_id": "I210054071998557395KBhKH",
			"_tpl": "5c0e2f94d174af029f650d56",
			"parentId": "I21005401928206507pFRuoU",
			"slotId": "mod_barrel"
		},
		{
			"_id": "I210054060069412809hRYX4",
			"_tpl": "5c0e2f5cd174af02a012cfc9",
			"parentId": "I21005401928206507pFRuoU",
			"slotId": "mod_handguard"
		},
		{
			"_id": "I21005403309928902TxrDcW",
			"_tpl": "5c0fafb6d174af02a96260ba",
			"parentId": "I210054071998557395KBhKH",
			"slotId": "mod_muzzle"
		},
		{
			"_id": "I21005407055230098mmGFrM",
			"_tpl": "5ae30e795acfc408fb139a0b",
			"parentId": "I210054071998557395KBhKH",
			"slotId": "mod_gas_block"
		},
		{
			"_id": "FuckYouUnlimitedAmmo160890",
			"_tpl": "5857a8bc2459772bad15db29",
			"parentId": "5c6687d65e9d882c8841f0fd",
			"slotId": "SecuredContainer"
		},
		{
			"_id": "iHateThatShit180170",
			"_tpl": "59e68f6f86f7746c9f75e846",
			"parentId": "FuckYouUnlimitedAmmo160890",
			"slotId": "main",
			"upd": {
				"StackObjectsCount": 60
			}
		},
		{
			"_id": "iHateThatShit439561",
			"_tpl": "59e6906286f7746c9f75e847",
			"parentId": "FuckYouUnlimitedAmmo160890",
			"slotId": "main",
			"upd": {
				"StackObjectsCount": 60
			}
		},
		{
			"_id": "iHateThatShit280977",
			"_tpl": "54527ac44bdc2d36668b4567",
			"parentId": "FuckYouUnlimitedAmmo160890",
			"slotId": "main",
			"upd": {
				"StackObjectsCount": 60
			}
		},
		{
			"_id": "iHateThatShit931680",
			"_tpl": "59e6927d86f77411da468256",
			"parentId": "FuckYouUnlimitedAmmo160890",
			"slotId": "main",
			"upd": {
				"StackObjectsCount": 60
			}
		},
		{
			"_id": "iHateThatShit12948",
			"_tpl": "5c0d5ae286f7741e46554302",
			"parentId": "FuckYouUnlimitedAmmo160890",
			"slotId": "main",
			"upd": {
				"StackObjectsCount": 60
			}
		},
		{
			"_id": "iHateThatShit925063",
			"_tpl": "59e6918f86f7746c9f75e849",
			"parentId": "FuckYouUnlimitedAmmo160890",
			"slotId": "main",
			"upd": {
				"StackObjectsCount": 60
			}
		},
		{
			"_id": "iHateThatShit914265",
			"_tpl": "59e68f6f86f7746c9f75e846",
			"parentId": "FuckYouUnlimitedAmmo160890",
			"slotId": "main",
			"upd": {
				"StackObjectsCount": 60
			}
		},
		{
			"_id": "iHateThatShit575660",
			"_tpl": "59e6920f86f77411d82aa167",
			"parentId": "FuckYouUnlimitedAmmo160890",
			"slotId": "main",
			"upd": {
				"StackObjectsCount": 60
			}
		},
		{
			"_id": "iHateThatShit492625",
			"_tpl": "59e6918f86f7746c9f75e849",
			"parentId": "FuckYouUnlimitedAmmo160890",
			"slotId": "main",
			"upd": {
				"StackObjectsCount": 60
			}
		},
		{
			"_id": "mag0Vest602980",
			"_tpl": "5aaa5dfee5b5b000140293d3",
			"parentId": "B51647195994615483ZHx49D",
			"slotId": "3",
			"location": {
				"x": 0,
				"y": 0,
				"r": "Horizontal"
			}
		},
		{
			"_id": "AmmoMag0Vest270930",
			"_tpl": "59e6918f86f7746c9f75e849",
			"parentId": "mag0Vest602980",
			"slotId": "cartridges",
			"upd": {
				"StackObjectsCount": 30
			}
		},
		{
			"_id": "StackAmmo67761434989",
			"_tpl": "59e6906286f7746c9f75e847",
			"parentId": "B51647195994615483ZHx49D",
			"slotId": "8",
			"upd": {
				"StackObjectsCount": 57
			}
		},
		{
			"_id": "B51647191971331099pBUxZ7",
			"_tpl": "5bffdc370db834001d23eca8",
			"parentId": "5c6687d65e9d882c8841f0fd",
			"slotId": "Scabbard"
		},
		{
			"_id": "B51647192970927734gkCa0O",
			"_tpl": "557ff21e4bdc2d89578b4586",
			"parentId": "5c6687d65e9d882c8841f0fd",
			"slotId": "Eyewear"
		},
		{
			"_id": "B51647195548370261NJMDZd",
			"_tpl": "5ab8f04f86f774585f4237d8",
			"parentId": "5c6687d65e9d882c8841f0fd",
			"slotId": "Backpack"
		},
		{
			"_id": "B51647195637410280ONqJkj",
			"_tpl": "5c0e541586f7747fa54205c9",
			"parentId": "5c6687d65e9d882c8841f0fd",
			"slotId": "ArmorVest",
			"upd": {
				"Repairable": {
					"MaxDurability": 60,
					"Durability": 18
				}
			}
		},
		{
			"_id": "Pocket_209801",
			"_tpl": "57347cd0245977445a2d6ff1",
			"parentId": "5c6687d65e9d882c8841f121",
			"slotId": "pocket1",
			"location": {
				"x": 0,
				"y": 0,
				"r": "Horizontal"
			},
			"upd": {
				"SpawnedInSession": true
			}
		}
	],
	"equipment": "5c6687d65e9d882c8841f0fd",
	"stash": "5c6687d65e9d882c8841f0fc",
	"questRaidItems": "5c6687d65e9d882c8841f0fe",
	"questStashItems": "5c6687d65e9d882c8841f0ff",
	"fastPanel": {}
}