{
	"items": [
		{
			"_id": "5c6687d65e9d882c8841f0fd",
			"_tpl": "55d7217a4bdc2d86028b456d"
		},
		{
			"_id": "5c6687d65e9d882c8841f121",
			"_tpl": "557ffd194bdc2d28148b457f",
			"parentId": "5c6687d65e9d882c8841f0fd",
			"slotId": "Pockets"
		},
		{
			"_id": "5c6687d65e9d882c8841f0fc",
			"_tpl": "566abbc34bdc2d92178b4576"
		},
		{
			"_id": "5c6687d65e9d882c8841f0ff",
			"_tpl": "5963866b86f7747bfa1c4462"
		},
		{
			"_id": "5c6687d65e9d882c8841f0fe",
			"_tpl": "5963866286f7747bf429b572"
		},
		{
			"_id": "B51647193357264952Dxhiz4",
			"_tpl": "5d5d8ca986f7742798716522",
			"parentId": "5c6687d65e9d882c8841f0fd",
			"slotId": "TacticalVest"
		},
		{
			"_id": "I21005532977139053usqV9C",
			"_tpl": "5c501a4d2e221602b412b540",
			"parentId": "5c6687d65e9d882c8841f0fd",
			"slotId": "FirstPrimaryWeapon"
		},
		{
			"_id": "I21005537406285918Rtxf43",
			"_tpl": "5c5039be2e221602b177c9ff",
			"parentId": "I21005532977139053usqV9C",
			"slotId": "mod_gas_block"
		},
		{
			"_id": "I21005538690783550Xw7Ct0",
			"_tpl": "5c503d0a2e221602b542b7ef",
			"parentId": "I21005532977139053usqV9C",
			"slotId": "mod_reciever"
		},
		{
			"_id": "I21005534321318520D593Ac",
			"_tpl": "5c503b1c2e221602b21d6e9d",
			"parentId": "I21005532977139053usqV9C",
			"slotId": "mod_sight_rear",
			"upd": {
				"Sight": {
					"SelectedSightMode": 0
				}
			}
		},
		{
			"_id": "I21005534538425999HUBok9",
			"_tpl": "5c503af12e221602b177ca02",
			"parentId": "I21005532977139053usqV9C",
			"slotId": "mod_stock"
		},
		{
			"_id": "MagazineWeaponScav4769",
			"_tpl": "5c503ad32e2216398b5aada2",
			"parentId": "I21005532977139053usqV9C",
			"slotId": "mod_magazine"
		},
		{
			"_id": "AmmoMag17054",
			"_tpl": "58dd3ad986f77403051cba8f",
			"parentId": "MagazineWeaponScav4769",
			"slotId": "cartridges",
			"upd": {
				"StackObjectsCount": 10
			}
		},
		{
			"_id": "FuckYouUnlimitedAmmo924838",
			"_tpl": "5857a8bc2459772bad15db29",
			"parentId": "5c6687d65e9d882c8841f0fd",
			"slotId": "SecuredContainer"
		},
		{
			"_id": "iHateThatShit186551",
			"_tpl": "5e023e88277cce2b522ff2b1",
			"parentId": "FuckYouUnlimitedAmmo924838",
			"slotId": "main",
			"upd": {
				"StackObjectsCount": 60
			}
		},
		{
			"_id": "iHateThatShit389360",
			"_tpl": "5e023e53d4353e3302577c4c",
			"parentId": "FuckYouUnlimitedAmmo924838",
			"slotId": "main",
			"upd": {
				"StackObjectsCount": 60
			}
		},
		{
			"_id": "iHateThatShit171850",
			"_tpl": "5a6086ea4f39f99cd479502f",
			"parentId": "FuckYouUnlimitedAmmo924838",
			"slotId": "main",
			"upd": {
				"StackObjectsCount": 60
			}
		},
		{
			"_id": "iHateThatShit721778",
			"_tpl": "5a6086ea4f39f99cd479502f",
			"parentId": "FuckYouUnlimitedAmmo924838",
			"slotId": "main",
			"upd": {
				"StackObjectsCount": 60
			}
		},
		{
			"_id": "iHateThatShit749175",
			"_tpl": "58dd3ad986f77403051cba8f",
			"parentId": "FuckYouUnlimitedAmmo924838",
			"slotId": "main",
			"upd": {
				"StackObjectsCount": 60
			}
		},
		{
			"_id": "iHateThatShit657445",
			"_tpl": "58dd3ad986f77403051cba8f",
			"parentId": "FuckYouUnlimitedAmmo924838",
			"slotId": "main",
			"upd": {
				"StackObjectsCount": 60
			}
		},
		{
			"_id": "iHateThatShit260102",
			"_tpl": "58dd3ad986f77403051cba8f",
			"parentId": "FuckYouUnlimitedAmmo924838",
			"slotId": "main",
			"upd": {
				"StackObjectsCount": 60
			}
		},
		{
			"_id": "iHateThatShit163663",
			"_tpl": "5e023e88277cce2b522ff2b1",
			"parentId": "FuckYouUnlimitedAmmo924838",
			"slotId": "main",
			"upd": {
				"StackObjectsCount": 60
			}
		},
		{
			"_id": "iHateThatShit32915",
			"_tpl": "5e023e88277cce2b522ff2b1",
			"parentId": "FuckYouUnlimitedAmmo924838",
			"slotId": "main",
			"upd": {
				"StackObjectsCount": 60
			}
		},
		{
			"_id": "mag0Vest399311",
			"_tpl": "5c503ac82e221602b21d6e9a",
			"parentId": "B51647193357264952Dxhiz4",
			"slotId": "2",
			"location": {
				"x": 0,
				"y": 0,
				"r": "Horizontal"
			}
		},
		{
			"_id": "AmmoMag0Vest161097",
			"_tpl": "58dd3ad986f77403051cba8f",
			"parentId": "mag0Vest399311",
			"slotId": "cartridges",
			"upd": {
				"StackObjectsCount": 5
			}
		},
		{
			"_id": "mag0Vest194911",
			"_tpl": "5c503ac82e221602b21d6e9a",
			"parentId": "B51647193357264952Dxhiz4",
			"slotId": "2",
			"location": {
				"x": 0,
				"y": 1,
				"r": "Horizontal"
			}
		},
		{
			"_id": "AmmoMag0Vest750171",
			"_tpl": "5e023e6e34d52a55c3304f71",
			"parentId": "mag0Vest194911",
			"slotId": "cartridges",
			"upd": {
				"StackObjectsCount": 5
			}
		},
		{
			"_id": "B51647196821227141hpRamp",
			"_tpl": "57e26ea924597715ca604a09",
			"parentId": "5c6687d65e9d882c8841f0fd",
			"slotId": "Scabbard"
		},
		{
			"_id": "B51647196013367281DeQ3D4",
			"_tpl": "5b4329075acfc400153b78ff",
			"parentId": "5c6687d65e9d882c8841f0fd",
			"slotId": "Headwear"
		},
		{
			"_id": "B51647194151737127LhMXOE",
			"_tpl": "5aa2b986e5b5b00014028f4c",
			"parentId": "5c6687d65e9d882c8841f0fd",
			"slotId": "Eyewear"
		},
		{
			"_id": "B51647199875508822iaNR93",
			"_tpl": "572b7f1624597762ae139822",
			"parentId": "5c6687d65e9d882c8841f0fd",
			"slotId": "FaceCover"
		},
		{
			"_id": "B51647196905545897F59mjB",
			"_tpl": "544a5cde4bdc2d39388b456b",
			"parentId": "5c6687d65e9d882c8841f0fd",
			"slotId": "Backpack"
		},
		{
			"_id": "BP51647199474040800ejCCC",
			"_tpl": "5d40412b86f7743cb332ac3a",
			"parentId": "B51647196905545897F59mjB",
			"slotId": "main",
			"location": {
				"x": 0,
				"y": 0,
				"r": "Horizontal"
			}
		},
		{
			"_id": "BP51647196629286945TxnX4",
			"_tpl": "56742c2e4bdc2d95058b456d",
			"parentId": "B51647196905545897F59mjB",
			"slotId": "main",
			"location": {
				"x": 0,
				"y": 2,
				"r": "Horizontal"
			}
		},
		{
			"_id": "BP51647197233266148wVJz4",
			"_tpl": "59387a4986f77401cc236e62",
			"parentId": "B51647196905545897F59mjB",
			"slotId": "main",
			"location": {
				"x": 0,
				"y": 3,
				"r": "Horizontal"
			}
		},
		{
			"_id": "BP51647191179925662Z8BGk",
			"_tpl": "5672cb124bdc2d1a0f8b4568",
			"parentId": "B51647196905545897F59mjB",
			"slotId": "main",
			"location": {
				"x": 1,
				"y": 0,
				"r": "Horizontal"
			}
		},
		{
			"_id": "BP51647196615135027037Tx",
			"_tpl": "59faf98186f774067b6be103",
			"parentId": "B51647196905545897F59mjB",
			"slotId": "main",
			"location": {
				"x": 1,
				"y": 1,
				"r": "Horizontal"
			}
		},
		{
			"_id": "BP51647199037364518Uwl4k",
			"_tpl": "5783c43d2459774bbe137486",
			"parentId": "B51647196905545897F59mjB",
			"slotId": "main",
			"location": {
				"x": 1,
				"y": 3,
				"r": "Horizontal"
			}
		},
		{
			"_id": "BP51647199459165424IJzpx",
			"_tpl": "590c5f0d86f77413997acfab",
			"parentId": "B51647196905545897F59mjB",
			"slotId": "main",
			"location": {
				"x": 2,
				"y": 0,
				"r": "Horizontal"
			}
		},
		{
			"_id": "BP51647198041538351EUduD",
			"_tpl": "544fb3364bdc2d34748b456a",
			"parentId": "B51647196905545897F59mjB",
			"slotId": "main",
			"location": {
				"x": 2,
				"y": 2,
				"r": "Horizontal"
			}
		},
		{
			"_id": "BP51647197258886589TWO5X",
			"_tpl": "5448ff904bdc2d6f028b456e",
			"parentId": "B51647196905545897F59mjB",
			"slotId": "main",
			"location": {
				"x": 2,
				"y": 3,
				"r": "Horizontal"
			}
		},
		{
			"_id": "BP51647193884907419XPFh3",
			"_tpl": "5751435d24597720a27126d1",
			"parentId": "B51647196905545897F59mjB",
			"slotId": "main",
			"location": {
				"x": 3,
				"y": 0,
				"r": "Horizontal"
			}
		},
		{
			"_id": "B51647194104395230gWwi60",
			"_tpl": "5c0e51be86f774598e797894",
			"parentId": "5c6687d65e9d882c8841f0fd",
			"slotId": "ArmorVest",
			"upd": {
				"Repairable": {
					"MaxDurability": 47,
					"Durability": 4
				}
			}
		}
	],
	"equipment": "5c6687d65e9d882c8841f0fd",
	"stash": "5c6687d65e9d882c8841f0fc",
	"questRaidItems": "5c6687d65e9d882c8841f0fe",
	"questStashItems": "5c6687d65e9d882c8841f0ff",
	"fastPanel": {}
}