{
	"items": [
		{
			"_id": "5c6687d65e9d882c8841f0fd",
			"_tpl": "55d7217a4bdc2d86028b456d"
		},
		{
			"_id": "5c6687d65e9d882c8841f121",
			"_tpl": "557ffd194bdc2d28148b457f",
			"parentId": "5c6687d65e9d882c8841f0fd",
			"slotId": "Pockets"
		},
		{
			"_id": "5c6687d65e9d882c8841f0fc",
			"_tpl": "566abbc34bdc2d92178b4576"
		},
		{
			"_id": "5c6687d65e9d882c8841f0ff",
			"_tpl": "5963866b86f7747bfa1c4462"
		},
		{
			"_id": "5c6687d65e9d882c8841f0fe",
			"_tpl": "5963866286f7747bf429b572"
		},
		{
			"_id": "B51647187481439147yGtBzQ",
			"_tpl": "5d5d8ca986f7742798716522",
			"parentId": "5c6687d65e9d882c8841f0fd",
			"slotId": "TacticalVest"
		},
		{
			"_id": "I21320115716134274988nc2",
			"_tpl": "57dc2fa62459775949412633",
			"parentId": "5c6687d65e9d882c8841f0fd",
			"slotId": "FirstPrimaryWeapon"
		},
		{
			"_id": "I2132011578597074116PqhJ",
			"_tpl": "57e3dba62459770f0c32322b",
			"parentId": "I21320115716134274988nc2",
			"slotId": "mod_pistol_grip"
		},
		{
			"_id": "I2132011572783048457joUJ",
			"_tpl": "57dc347d245977596754e7a1",
			"parentId": "I21320115716134274988nc2",
			"slotId": "mod_stock"
		},
		{
			"_id": "MagazineWeaponScav9794",
			"_tpl": "5aaa4194e5b5b055d06310a5",
			"parentId": "I21320115716134274988nc2",
			"slotId": "mod_magazine"
		},
		{
			"_id": "AmmoMag12052",
			"_tpl": "56dff3afd2720bba668b4567",
			"parentId": "MagazineWeaponScav9794",
			"slotId": "cartridges",
			"upd": {
				"StackObjectsCount": 30
			}
		},
		{
			"_id": "I21320115794237366644l2B",
			"_tpl": "57dc324a24597759501edc20",
			"parentId": "I21320115716134274988nc2",
			"slotId": "mod_muzzle"
		},
		{
			"_id": "I2132011576692510423qpoz",
			"_tpl": "57dc334d245977597164366f",
			"parentId": "I21320115716134274988nc2",
			"slotId": "mod_reciever"
		},
		{
			"_id": "I21320115789769698898ipD",
			"_tpl": "59d36a0086f7747e673f3946",
			"parentId": "I21320115716134274988nc2",
			"slotId": "mod_gas_block"
		},
		{
			"_id": "I2132011579196747376UXku",
			"_tpl": "56dfef82d2720bbd668b4567",
			"parentId": "I2132011575967327700JqHU",
			"slotId": "cartridges",
			"location": 0,
			"upd": {
				"StackObjectsCount": 30
			}
		},
		{
			"_id": "I2132011574203943141gmY8",
			"_tpl": "57ffb0062459777a045af529",
			"parentId": "I2132011576692510423qpoz",
			"slotId": "mod_mount_000"
		},
		{
			"_id": "I213201157620161223601xR",
			"_tpl": "57ffa9f4245977728561e844",
			"parentId": "I21320115789769698898ipD",
			"slotId": "mod_handguard"
		},
		{
			"_id": "I21320115759223288624HEJ",
			"_tpl": "56def37dd2720bec348b456a",
			"parentId": "I213201157620161223601xR",
			"slotId": "mod_tactical_000",
			"upd": {
				"Light": {
					"IsActive": true,
					"SelectedMode": 0
				}
			}
		},
		{
			"_id": "FuckYouUnlimitedAmmo291138",
			"_tpl": "5857a8bc2459772bad15db29",
			"parentId": "5c6687d65e9d882c8841f0fd",
			"slotId": "SecuredContainer"
		},
		{
			"_id": "iHateThatShit344362",
			"_tpl": "56dff4ecd2720b5f5a8b4568",
			"parentId": "FuckYouUnlimitedAmmo291138",
			"slotId": "main",
			"upd": {
				"StackObjectsCount": 60
			}
		},
		{
			"_id": "iHateThatShit496827",
			"_tpl": "5c0d5e4486f77478390952fe",
			"parentId": "FuckYouUnlimitedAmmo291138",
			"slotId": "main",
			"upd": {
				"StackObjectsCount": 60
			}
		},
		{
			"_id": "iHateThatShit162505",
			"_tpl": "56dff026d2720bb8668b4567",
			"parentId": "FuckYouUnlimitedAmmo291138",
			"slotId": "main",
			"upd": {
				"StackObjectsCount": 60
			}
		},
		{
			"_id": "iHateThatShit53065",
			"_tpl": "56dff421d2720b5f5a8b4567",
			"parentId": "FuckYouUnlimitedAmmo291138",
			"slotId": "main",
			"upd": {
				"StackObjectsCount": 60
			}
		},
		{
			"_id": "iHateThatShit325861",
			"_tpl": "56dff4a2d2720bbd668b456a",
			"parentId": "FuckYouUnlimitedAmmo291138",
			"slotId": "main",
			"upd": {
				"StackObjectsCount": 60
			}
		},
		{
			"_id": "iHateThatShit773630",
			"_tpl": "56dff421d2720b5f5a8b4567",
			"parentId": "FuckYouUnlimitedAmmo291138",
			"slotId": "main",
			"upd": {
				"StackObjectsCount": 60
			}
		},
		{
			"_id": "iHateThatShit48313",
			"_tpl": "56dff216d2720bbd668b4568",
			"parentId": "FuckYouUnlimitedAmmo291138",
			"slotId": "main",
			"upd": {
				"StackObjectsCount": 60
			}
		},
		{
			"_id": "iHateThatShit924678",
			"_tpl": "56dff421d2720b5f5a8b4567",
			"parentId": "FuckYouUnlimitedAmmo291138",
			"slotId": "main",
			"upd": {
				"StackObjectsCount": 60
			}
		},
		{
			"_id": "iHateThatShit23757",
			"_tpl": "56dff3afd2720bba668b4567",
			"parentId": "FuckYouUnlimitedAmmo291138",
			"slotId": "main",
			"upd": {
				"StackObjectsCount": 60
			}
		},
		{
			"_id": "mag0Vest783220",
			"_tpl": "5aaa4194e5b5b055d06310a5",
			"parentId": "B51647187481439147yGtBzQ",
			"slotId": "2",
			"location": {
				"x": 0,
				"y": 0,
				"r": "Horizontal"
			}
		},
		{
			"_id": "AmmoMag0Vest418381",
			"_tpl": "56dff338d2720bbd668b4569",
			"parentId": "mag0Vest783220",
			"slotId": "cartridges",
			"upd": {
				"StackObjectsCount": 30
			}
		},
		{
			"_id": "mag0Vest171853",
			"_tpl": "5aaa4194e5b5b055d06310a5",
			"parentId": "B51647187481439147yGtBzQ",
			"slotId": "1",
			"location": {
				"x": 0,
				"y": 0,
				"r": "Horizontal"
			}
		},
		{
			"_id": "AmmoMag0Vest582390",
			"_tpl": "56dff4ecd2720b5f5a8b4568",
			"parentId": "mag0Vest171853",
			"slotId": "cartridges",
			"upd": {
				"StackObjectsCount": 30
			}
		},
		{
			"_id": "B51647188957286939IkbRlh",
			"_tpl": "5bffdc370db834001d23eca8",
			"parentId": "5c6687d65e9d882c8841f0fd",
			"slotId": "Scabbard"
		},
		{
			"_id": "B51647181583372384jBWU2Q",
			"_tpl": "5c0d2727d174af02a012cf58",
			"parentId": "5c6687d65e9d882c8841f0fd",
			"slotId": "Headwear"
		},
		{
			"_id": "B51647183603903305L4Nd6C",
			"_tpl": "5aa2b9aee5b5b00015693121",
			"parentId": "5c6687d65e9d882c8841f0fd",
			"slotId": "Eyewear"
		},
		{
			"_id": "B51647187287793712BOYVml",
			"_tpl": "5ca20d5986f774331e7c9602",
			"parentId": "5c6687d65e9d882c8841f0fd",
			"slotId": "Backpack"
		},
		{
			"_id": "BP51647181480917019LSM6F",
			"_tpl": "59e35abd86f7741778269d82",
			"parentId": "B51647187287793712BOYVml",
			"slotId": "main",
			"location": {
				"x": 0,
				"y": 0,
				"r": "Horizontal"
			}
		},
		{
			"_id": "BP51647186154637510EsRD8",
			"_tpl": "5448fee04bdc2dbc018b4567",
			"parentId": "B51647187287793712BOYVml",
			"slotId": "main",
			"location": {
				"x": 0,
				"y": 1,
				"r": "Horizontal"
			}
		},
		{
			"_id": "BP51647189122445244QNqZs",
			"_tpl": "5c06782b86f77426df5407d2",
			"parentId": "B51647187287793712BOYVml",
			"slotId": "main",
			"location": {
				"x": 0,
				"y": 3,
				"r": "Horizontal"
			}
		},
		{
			"_id": "BP51647183995936190E5kbi",
			"_tpl": "5780cf692459777de4559321",
			"parentId": "B51647187287793712BOYVml",
			"slotId": "main",
			"location": {
				"x": 0,
				"y": 4,
				"r": "Horizontal"
			}
		},
		{
			"_id": "BP51647186747340252Qjxz9",
			"_tpl": "5780d0652459777df90dcb74",
			"parentId": "B51647187287793712BOYVml",
			"slotId": "main",
			"location": {
				"x": 1,
				"y": 0,
				"r": "Horizontal"
			}
		},
		{
			"_id": "BP51647185752160064FYYja",
			"_tpl": "57347d9c245977448b40fa85",
			"parentId": "B51647187287793712BOYVml",
			"slotId": "main",
			"location": {
				"x": 1,
				"y": 1,
				"r": "Horizontal"
			}
		},
		{
			"_id": "BP51647182814393625kycIs",
			"_tpl": "5448fee04bdc2dbc018b4567",
			"parentId": "B51647187287793712BOYVml",
			"slotId": "main",
			"location": {
				"x": 1,
				"y": 2,
				"r": "Horizontal"
			}
		},
		{
			"_id": "BP51647181663871833zN540",
			"_tpl": "5d1b36a186f7742523398433",
			"parentId": "B51647187287793712BOYVml",
			"slotId": "main",
			"location": {
				"x": 2,
				"y": 0,
				"r": "Horizontal"
			}
		},
		{
			"_id": "BP51647181651858997s1rpA",
			"_tpl": "59e35abd86f7741778269d82",
			"parentId": "B51647187287793712BOYVml",
			"slotId": "main",
			"location": {
				"x": 1,
				"y": 4,
				"r": "Horizontal"
			}
		},
		{
			"_id": "Pocket_564090",
			"_tpl": "59e361e886f774176c10a2a5",
			"parentId": "5c6687d65e9d882c8841f121",
			"slotId": "pocket1",
			"location": {
				"x": 0,
				"y": 0,
				"r": "Horizontal"
			},
			"upd": {
				"SpawnedInSession": true
			}
		},
		{
			"_id": "Pocket_513187",
			"_tpl": "5a0eebed86f77461230ddb3d",
			"parentId": "5c6687d65e9d882c8841f121",
			"slotId": "pocket2",
			"location": {
				"x": 0,
				"y": 0,
				"r": "Horizontal"
			},
			"upd": {
				"SpawnedInSession": true
			}
		}
	],
	"equipment": "5c6687d65e9d882c8841f0fd",
	"stash": "5c6687d65e9d882c8841f0fc",
	"questRaidItems": "5c6687d65e9d882c8841f0fe",
	"questStashItems": "5c6687d65e9d882c8841f0ff",
	"fastPanel": {}
}