{
	"items": [
		{
			"_id": "5c6687d65e9d882c8841f0fd",
			"_tpl": "55d7217a4bdc2d86028b456d"
		},
		{
			"_id": "5c6687d65e9d882c8841f121",
			"_tpl": "557ffd194bdc2d28148b457f",
			"parentId": "5c6687d65e9d882c8841f0fd",
			"slotId": "Pockets"
		},
		{
			"_id": "5c6687d65e9d882c8841f0fc",
			"_tpl": "566abbc34bdc2d92178b4576"
		},
		{
			"_id": "5c6687d65e9d882c8841f0ff",
			"_tpl": "5963866b86f7747bfa1c4462"
		},
		{
			"_id": "5c6687d65e9d882c8841f0fe",
			"_tpl": "5963866286f7747bf429b572"
		},
		{
			"_id": "B516471494464574164NqTnB",
			"_tpl": "5d5d8ca986f7742798716522",
			"parentId": "5c6687d65e9d882c8841f0fd",
			"slotId": "TacticalVest"
		},
		{
			"_id": "I210051564524937437QQu9A",
			"_tpl": "5b0bbe4e5acfc40dc528a72d",
			"parentId": "5c6687d65e9d882c8841f0fd",
			"slotId": "FirstPrimaryWeapon"
		},
		{
			"_id": "I2100515656213865747DIaP",
			"_tpl": "5b099b965acfc400186331e6",
			"parentId": "I210051564524937437QQu9A",
			"slotId": "mod_pistol_grip"
		},
		{
			"_id": "MagazineWeaponScav8649",
			"_tpl": "5b7bef9c5acfc43d102852ec",
			"parentId": "I210051564524937437QQu9A",
			"slotId": "mod_magazine"
		},
		{
			"_id": "AmmoMag17349",
			"_tpl": "5a608bf24f39f98ffc77720e",
			"parentId": "MagazineWeaponScav8649",
			"slotId": "cartridges",
			"upd": {
				"StackObjectsCount": 50
			}
		},
		{
			"_id": "I2100515640686292192Nkgj",
			"_tpl": "5b099a9d5acfc47a8607efe7",
			"parentId": "I210051564524937437QQu9A",
			"slotId": "mod_handguard"
		},
		{
			"_id": "I210051563936009593yb5AZ",
			"_tpl": "5b099a765acfc47a8607efe3",
			"parentId": "I210051564524937437QQu9A",
			"slotId": "mod_barrel"
		},
		{
			"_id": "I210051566950898922eA2hw",
			"_tpl": "5b0bc22d5acfc47a8607f085",
			"parentId": "I210051564524937437QQu9A",
			"slotId": "mod_sight_rear",
			"upd": {
				"Sight": {
					"SelectedSightMode": 0
				}
			}
		},
		{
			"_id": "I2100515665942252723PnBm",
			"_tpl": "5b7d6c105acfc40015109a5f",
			"parentId": "I210051564524937437QQu9A",
			"slotId": "mod_reciever"
		},
		{
			"_id": "I210051561250280750t0nAA",
			"_tpl": "5b099b7d5acfc400186331e4",
			"parentId": "I210051563936009593yb5AZ",
			"slotId": "mod_muzzle"
		},
		{
			"_id": "FuckYouUnlimitedAmmo359359",
			"_tpl": "5857a8bc2459772bad15db29",
			"parentId": "5c6687d65e9d882c8841f0fd",
			"slotId": "SecuredContainer"
		},
		{
			"_id": "iHateThatShit188131",
			"_tpl": "5a608bf24f39f98ffc77720e",
			"parentId": "FuckYouUnlimitedAmmo359359",
			"slotId": "main",
			"upd": {
				"StackObjectsCount": 60
			}
		},
		{
			"_id": "iHateThatShit185881",
			"_tpl": "5a608bf24f39f98ffc77720e",
			"parentId": "FuckYouUnlimitedAmmo359359",
			"slotId": "main",
			"upd": {
				"StackObjectsCount": 60
			}
		},
		{
			"_id": "iHateThatShit215955",
			"_tpl": "5a6086ea4f39f99cd479502f",
			"parentId": "FuckYouUnlimitedAmmo359359",
			"slotId": "main",
			"upd": {
				"StackObjectsCount": 60
			}
		},
		{
			"_id": "iHateThatShit914379",
			"_tpl": "5e023e53d4353e3302577c4c",
			"parentId": "FuckYouUnlimitedAmmo359359",
			"slotId": "main",
			"upd": {
				"StackObjectsCount": 60
			}
		},
		{
			"_id": "iHateThatShit569901",
			"_tpl": "5e023e88277cce2b522ff2b1",
			"parentId": "FuckYouUnlimitedAmmo359359",
			"slotId": "main",
			"upd": {
				"StackObjectsCount": 60
			}
		},
		{
			"_id": "iHateThatShit356464",
			"_tpl": "5e023e53d4353e3302577c4c",
			"parentId": "FuckYouUnlimitedAmmo359359",
			"slotId": "main",
			"upd": {
				"StackObjectsCount": 60
			}
		},
		{
			"_id": "iHateThatShit532859",
			"_tpl": "5e023e88277cce2b522ff2b1",
			"parentId": "FuckYouUnlimitedAmmo359359",
			"slotId": "main",
			"upd": {
				"StackObjectsCount": 60
			}
		},
		{
			"_id": "iHateThatShit791236",
			"_tpl": "5e023e53d4353e3302577c4c",
			"parentId": "FuckYouUnlimitedAmmo359359",
			"slotId": "main",
			"upd": {
				"StackObjectsCount": 60
			}
		},
		{
			"_id": "iHateThatShit204255",
			"_tpl": "58dd3ad986f77403051cba8f",
			"parentId": "FuckYouUnlimitedAmmo359359",
			"slotId": "main",
			"upd": {
				"StackObjectsCount": 60
			}
		},
		{
			"_id": "mag0Vest418732",
			"_tpl": "5b7bef9c5acfc43d102852ec",
			"parentId": "B516471494464574164NqTnB",
			"slotId": "2",
			"location": {
				"x": 0,
				"y": 0,
				"r": "Horizontal"
			}
		},
		{
			"_id": "AmmoMag0Vest409462",
			"_tpl": "5e023e6e34d52a55c3304f71",
			"parentId": "mag0Vest418732",
			"slotId": "cartridges",
			"upd": {
				"StackObjectsCount": 50
			}
		},
		{
			"_id": "B516471444451782485B85cy",
			"_tpl": "57e26fc7245977162a14b800",
			"parentId": "5c6687d65e9d882c8841f0fd",
			"slotId": "Scabbard"
		},
		{
			"_id": "B51647144954913577bnThjL",
			"_tpl": "5d6d2ef3a4b93618084f58bd",
			"parentId": "5c6687d65e9d882c8841f0fd",
			"slotId": "Eyewear"
		},
		{
			"_id": "Pocket_806917",
			"_tpl": "590a373286f774287540368b",
			"parentId": "5c6687d65e9d882c8841f121",
			"slotId": "pocket1",
			"location": {
				"x": 0,
				"y": 0,
				"r": "Horizontal"
			},
			"upd": {
				"SpawnedInSession": true
			}
		},
		{
			"_id": "Pocket_106433",
			"_tpl": "5d80c93086f7744036212b41",
			"parentId": "5c6687d65e9d882c8841f121",
			"slotId": "pocket2",
			"location": {
				"x": 0,
				"y": 0,
				"r": "Horizontal"
			},
			"upd": {
				"SpawnedInSession": true
			}
		}
	],
	"equipment": "5c6687d65e9d882c8841f0fd",
	"stash": "5c6687d65e9d882c8841f0fc",
	"questRaidItems": "5c6687d65e9d882c8841f0fe",
	"questStashItems": "5c6687d65e9d882c8841f0ff",
	"fastPanel": {}
}