{
	"items": [
		{
			"_id": "5c6687d65e9d882c8841f0fd",
			"_tpl": "55d7217a4bdc2d86028b456d"
		},
		{
			"_id": "5c6687d65e9d882c8841f121",
			"_tpl": "557ffd194bdc2d28148b457f",
			"parentId": "5c6687d65e9d882c8841f0fd",
			"slotId": "Pockets"
		},
		{
			"_id": "5c6687d65e9d882c8841f0fc",
			"_tpl": "566abbc34bdc2d92178b4576"
		},
		{
			"_id": "5c6687d65e9d882c8841f0ff",
			"_tpl": "5963866b86f7747bfa1c4462"
		},
		{
			"_id": "5c6687d65e9d882c8841f0fe",
			"_tpl": "5963866286f7747bf429b572"
		},
		{
			"_id": "B51647185398205076X9dj6x",
			"_tpl": "5c0e446786f7742013381639",
			"parentId": "5c6687d65e9d882c8841f0fd",
			"slotId": "TacticalVest"
		},
		{
			"_id": "I210013408127790895aIQlX",
			"_tpl": "5bfea6e90db834001b7347f3",
			"parentId": "5c6687d65e9d882c8841f0fd",
			"slotId": "FirstPrimaryWeapon"
		},
		{
			"_id": "MagazineWeaponScav3375",
			"_tpl": "5d25a6538abbc306c62e630d",
			"parentId": "I210013408127790895aIQlX",
			"slotId": "mod_magazine"
		},
		{
			"_id": "AmmoMag16395",
			"_tpl": "5e023e53d4353e3302577c4c",
			"parentId": "MagazineWeaponScav3375",
			"slotId": "cartridges",
			"upd": {
				"StackObjectsCount": 10
			}
		},
		{
			"_id": "I210013402784102846OF3LC",
			"_tpl": "5bfeb32b0db834001a6694d9",
			"parentId": "I210013408127790895aIQlX",
			"slotId": "mod_stock"
		},
		{
			"_id": "I210013407544258067pRHdV",
			"_tpl": "5bfebc320db8340019668d79",
			"parentId": "I210013408127790895aIQlX",
			"slotId": "mod_barrel"
		},
		{
			"_id": "FuckYouUnlimitedAmmo771158",
			"_tpl": "5857a8bc2459772bad15db29",
			"parentId": "5c6687d65e9d882c8841f0fd",
			"slotId": "SecuredContainer"
		},
		{
			"_id": "iHateThatShit418521",
			"_tpl": "5e023e88277cce2b522ff2b1",
			"parentId": "FuckYouUnlimitedAmmo771158",
			"slotId": "main",
			"upd": {
				"StackObjectsCount": 60
			}
		},
		{
			"_id": "iHateThatShit376709",
			"_tpl": "5e023e6e34d52a55c3304f71",
			"parentId": "FuckYouUnlimitedAmmo771158",
			"slotId": "main",
			"upd": {
				"StackObjectsCount": 60
			}
		},
		{
			"_id": "iHateThatShit897310",
			"_tpl": "5e023e88277cce2b522ff2b1",
			"parentId": "FuckYouUnlimitedAmmo771158",
			"slotId": "main",
			"upd": {
				"StackObjectsCount": 60
			}
		},
		{
			"_id": "iHateThatShit462662",
			"_tpl": "58dd3ad986f77403051cba8f",
			"parentId": "FuckYouUnlimitedAmmo771158",
			"slotId": "main",
			"upd": {
				"StackObjectsCount": 60
			}
		},
		{
			"_id": "iHateThatShit392467",
			"_tpl": "5a608bf24f39f98ffc77720e",
			"parentId": "FuckYouUnlimitedAmmo771158",
			"slotId": "main",
			"upd": {
				"StackObjectsCount": 60
			}
		},
		{
			"_id": "iHateThatShit108531",
			"_tpl": "5a608bf24f39f98ffc77720e",
			"parentId": "FuckYouUnlimitedAmmo771158",
			"slotId": "main",
			"upd": {
				"StackObjectsCount": 60
			}
		},
		{
			"_id": "iHateThatShit686731",
			"_tpl": "58dd3ad986f77403051cba8f",
			"parentId": "FuckYouUnlimitedAmmo771158",
			"slotId": "main",
			"upd": {
				"StackObjectsCount": 60
			}
		},
		{
			"_id": "iHateThatShit763257",
			"_tpl": "5a608bf24f39f98ffc77720e",
			"parentId": "FuckYouUnlimitedAmmo771158",
			"slotId": "main",
			"upd": {
				"StackObjectsCount": 60
			}
		},
		{
			"_id": "iHateThatShit584867",
			"_tpl": "58dd3ad986f77403051cba8f",
			"parentId": "FuckYouUnlimitedAmmo771158",
			"slotId": "main",
			"upd": {
				"StackObjectsCount": 60
			}
		},
		{
			"_id": "mag0Vest508727",
			"_tpl": "5d25a7b88abbc3054f3e60bc",
			"parentId": "B51647185398205076X9dj6x",
			"slotId": "1",
			"location": {
				"x": 0,
				"y": 0,
				"r": "Horizontal"
			}
		},
		{
			"_id": "AmmoMag0Vest437820",
			"_tpl": "5e023e6e34d52a55c3304f71",
			"parentId": "mag0Vest508727",
			"slotId": "cartridges",
			"upd": {
				"StackObjectsCount": 10
			}
		},
		{
			"_id": "mag1Vest478623",
			"_tpl": "5d25a7b88abbc3054f3e60bc",
			"parentId": "B51647185398205076X9dj6x",
			"slotId": "3",
			"location": {
				"x": 0,
				"y": 0,
				"r": "Horizontal"
			}
		},
		{
			"_id": "AmmoMag1Vest366237",
			"_tpl": "5e023e88277cce2b522ff2b1",
			"parentId": "mag1Vest478623",
			"slotId": "cartridges",
			"upd": {
				"StackObjectsCount": 10
			}
		},
		{
			"_id": "StackAmmo51584484482",
			"_tpl": "5e023e53d4353e3302577c4c",
			"parentId": "B51647185398205076X9dj6x",
			"slotId": "6",
			"upd": {
				"StackObjectsCount": 18
			}
		},
		{
			"_id": "B51647185325194473UeRlVp",
			"_tpl": "5bffdc370db834001d23eca8",
			"parentId": "5c6687d65e9d882c8841f0fd",
			"slotId": "Scabbard"
		},
		{
			"_id": "B51647185543198380ULiWRy",
			"_tpl": "572b7f1624597762ae139822",
			"parentId": "5c6687d65e9d882c8841f0fd",
			"slotId": "FaceCover"
		},
		{
			"_id": "B51647186568128083oXTmWu",
			"_tpl": "5ab8f04f86f774585f4237d8",
			"parentId": "5c6687d65e9d882c8841f0fd",
			"slotId": "Backpack"
		},
		{
			"_id": "BP516471877861684755LsvF",
			"_tpl": "5c1d0c5f86f7744bb2683cf0",
			"parentId": "B51647186568128083oXTmWu",
			"slotId": "main",
			"location": {
				"x": 0,
				"y": 0,
				"r": "Horizontal"
			}
		},
		{
			"_id": "Pocket_725320",
			"_tpl": "5c13cef886f774072e618e82",
			"parentId": "5c6687d65e9d882c8841f121",
			"slotId": "pocket1",
			"location": {
				"x": 0,
				"y": 0,
				"r": "Horizontal"
			},
			"upd": {
				"SpawnedInSession": true
			}
		},
		{
			"_id": "Pocket_589354",
			"_tpl": "5783c43d2459774bbe137486",
			"parentId": "5c6687d65e9d882c8841f121",
			"slotId": "pocket2",
			"location": {
				"x": 0,
				"y": 0,
				"r": "Horizontal"
			},
			"upd": {
				"SpawnedInSession": true
			}
		}
	],
	"equipment": "5c6687d65e9d882c8841f0fd",
	"stash": "5c6687d65e9d882c8841f0fc",
	"questRaidItems": "5c6687d65e9d882c8841f0fe",
	"questStashItems": "5c6687d65e9d882c8841f0ff",
	"fastPanel": {}
}