{
	"items": [
		{
			"_id": "5c6687d65e9d882c8841f0fd",
			"_tpl": "55d7217a4bdc2d86028b456d"
		},
		{
			"_id": "5c6687d65e9d882c8841f121",
			"_tpl": "557ffd194bdc2d28148b457f",
			"parentId": "5c6687d65e9d882c8841f0fd",
			"slotId": "Pockets"
		},
		{
			"_id": "5c6687d65e9d882c8841f0fc",
			"_tpl": "566abbc34bdc2d92178b4576"
		},
		{
			"_id": "5c6687d65e9d882c8841f0ff",
			"_tpl": "5963866b86f7747bfa1c4462"
		},
		{
			"_id": "5c6687d65e9d882c8841f0fe",
			"_tpl": "5963866286f7747bf429b572"
		},
		{
			"_id": "B51647192075104216VoKMpY",
			"_tpl": "5929a2a086f7744f4b234d43",
			"parentId": "5c6687d65e9d882c8841f0fd",
			"slotId": "TacticalVest"
		},
		{
			"_id": "I2132010136923416691oSrU",
			"_tpl": "5644bd2b4bdc2d3b4c8b4572",
			"parentId": "5c6687d65e9d882c8841f0fd",
			"slotId": "FirstPrimaryWeapon"
		},
		{
			"_id": "I2132010135566419415G3zH",
			"_tpl": "59c6633186f7740cf0493bb9",
			"parentId": "I2132010136923416691oSrU",
			"slotId": "mod_gas_block"
		},
		{
			"_id": "I2132010135701960084k2AX",
			"_tpl": "5649aa744bdc2ded0b8b457e",
			"parentId": "I2132010136923416691oSrU",
			"slotId": "mod_muzzle"
		},
		{
			"_id": "I2132010138878537844jWje",
			"_tpl": "5649ad3f4bdc2df8348b4585",
			"parentId": "I2132010136923416691oSrU",
			"slotId": "mod_pistol_grip"
		},
		{
			"_id": "I2132010135298279198WDKk",
			"_tpl": "5649af094bdc2df8348b4586",
			"parentId": "I2132010136923416691oSrU",
			"slotId": "mod_reciever"
		},
		{
			"_id": "I2132010133246176791RmJM",
			"_tpl": "5649b0544bdc2d1b2b8b458a",
			"parentId": "I2132010136923416691oSrU",
			"slotId": "mod_sight_rear",
			"upd": {
				"Sight": {
					"SelectedSightMode": 0
				}
			}
		},
		{
			"_id": "I2132010136825121434V4CS",
			"_tpl": "5649b1c04bdc2d16268b457c",
			"parentId": "I2132010136923416691oSrU",
			"slotId": "mod_stock"
		},
		{
			"_id": "MagazineWeaponScav2103",
			"_tpl": "5cbdaf89ae9215000e5b9c94",
			"parentId": "I2132010136923416691oSrU",
			"slotId": "mod_magazine"
		},
		{
			"_id": "AmmoMag19741",
			"_tpl": "56dff216d2720bbd668b4568",
			"parentId": "MagazineWeaponScav2103",
			"slotId": "cartridges",
			"upd": {
				"StackObjectsCount": 30
			}
		},
		{
			"_id": "I2132010138688584347Fzlj",
			"_tpl": "5648b4534bdc2d3d1c8b4580",
			"parentId": "I2132010135566419415G3zH",
			"slotId": "mod_handguard"
		},
		{
			"_id": "I2132010135896942817wFUy",
			"_tpl": "56dfef82d2720bbd668b4567",
			"parentId": "I2132010131886204393YSco",
			"slotId": "cartridges",
			"location": 0,
			"upd": {
				"StackObjectsCount": 30
			}
		},
		{
			"_id": "I2132010131750323892NX4u",
			"_tpl": "56def37dd2720bec348b456a",
			"parentId": "I2132010138688584347Fzlj",
			"slotId": "mod_tactical_001",
			"upd": {
				"Light": {
					"IsActive": true,
					"SelectedMode": 0
				}
			}
		},
		{
			"_id": "FuckYouUnlimitedAmmo339164",
			"_tpl": "5857a8bc2459772bad15db29",
			"parentId": "5c6687d65e9d882c8841f0fd",
			"slotId": "SecuredContainer"
		},
		{
			"_id": "iHateThatShit592950",
			"_tpl": "56dff061d2720bb5668b4567",
			"parentId": "FuckYouUnlimitedAmmo339164",
			"slotId": "main",
			"upd": {
				"StackObjectsCount": 60
			}
		},
		{
			"_id": "iHateThatShit460217",
			"_tpl": "56dff026d2720bb8668b4567",
			"parentId": "FuckYouUnlimitedAmmo339164",
			"slotId": "main",
			"upd": {
				"StackObjectsCount": 60
			}
		},
		{
			"_id": "iHateThatShit633128",
			"_tpl": "56dff3afd2720bba668b4567",
			"parentId": "FuckYouUnlimitedAmmo339164",
			"slotId": "main",
			"upd": {
				"StackObjectsCount": 60
			}
		},
		{
			"_id": "iHateThatShit236238",
			"_tpl": "5c0d5e4486f77478390952fe",
			"parentId": "FuckYouUnlimitedAmmo339164",
			"slotId": "main",
			"upd": {
				"StackObjectsCount": 60
			}
		},
		{
			"_id": "iHateThatShit781931",
			"_tpl": "56dff3afd2720bba668b4567",
			"parentId": "FuckYouUnlimitedAmmo339164",
			"slotId": "main",
			"upd": {
				"StackObjectsCount": 60
			}
		},
		{
			"_id": "iHateThatShit31093",
			"_tpl": "56dff026d2720bb8668b4567",
			"parentId": "FuckYouUnlimitedAmmo339164",
			"slotId": "main",
			"upd": {
				"StackObjectsCount": 60
			}
		},
		{
			"_id": "iHateThatShit313233",
			"_tpl": "56dff4a2d2720bbd668b456a",
			"parentId": "FuckYouUnlimitedAmmo339164",
			"slotId": "main",
			"upd": {
				"StackObjectsCount": 60
			}
		},
		{
			"_id": "iHateThatShit285846",
			"_tpl": "56dff026d2720bb8668b4567",
			"parentId": "FuckYouUnlimitedAmmo339164",
			"slotId": "main",
			"upd": {
				"StackObjectsCount": 60
			}
		},
		{
			"_id": "iHateThatShit80868",
			"_tpl": "56dff026d2720bb8668b4567",
			"parentId": "FuckYouUnlimitedAmmo339164",
			"slotId": "main",
			"upd": {
				"StackObjectsCount": 60
			}
		},
		{
			"_id": "mag0Vest197532",
			"_tpl": "564ca99c4bdc2d16268b4589",
			"parentId": "B51647192075104216VoKMpY",
			"slotId": "3",
			"location": {
				"x": 0,
				"y": 0,
				"r": "Horizontal"
			}
		},
		{
			"_id": "AmmoMag0Vest698657",
			"_tpl": "56dfef82d2720bbd668b4567",
			"parentId": "mag0Vest197532",
			"slotId": "cartridges",
			"upd": {
				"StackObjectsCount": 30
			}
		},
		{
			"_id": "mag1Vest623107",
			"_tpl": "564ca99c4bdc2d16268b4589",
			"parentId": "B51647192075104216VoKMpY",
			"slotId": "5",
			"location": {
				"x": 0,
				"y": 0,
				"r": "Horizontal"
			}
		},
		{
			"_id": "AmmoMag1Vest674813",
			"_tpl": "56dff216d2720bbd668b4568",
			"parentId": "mag1Vest623107",
			"slotId": "cartridges",
			"upd": {
				"StackObjectsCount": 30
			}
		},
		{
			"_id": "StackAmmo7331219980",
			"_tpl": "56dff4ecd2720b5f5a8b4568",
			"parentId": "B51647192075104216VoKMpY",
			"slotId": "1",
			"upd": {
				"StackObjectsCount": 33
			}
		},
		{
			"_id": "StackAmmo4262502954",
			"_tpl": "56dfef82d2720bbd668b4567",
			"parentId": "B51647192075104216VoKMpY",
			"slotId": "8",
			"upd": {
				"StackObjectsCount": 48
			}
		},
		{
			"_id": "B51647195222948751fIXaQU",
			"_tpl": "57e26ea924597715ca604a09",
			"parentId": "5c6687d65e9d882c8841f0fd",
			"slotId": "Scabbard"
		},
		{
			"_id": "B51647195010016237moSHga",
			"_tpl": "5aa2b89be5b5b0001569311f",
			"parentId": "5c6687d65e9d882c8841f0fd",
			"slotId": "Headwear"
		},
		{
			"_id": "B51647197350330702NqlXRM",
			"_tpl": "59e770b986f7742cbd762754",
			"parentId": "5c6687d65e9d882c8841f0fd",
			"slotId": "Eyewear"
		},
		{
			"_id": "B51647191431854188HxN9PH",
			"_tpl": "5c0e5edb86f77461f55ed1f7",
			"parentId": "5c6687d65e9d882c8841f0fd",
			"slotId": "ArmorVest",
			"upd": {
				"Repairable": {
					"MaxDurability": 50,
					"Durability": 18
				}
			}
		}
	],
	"equipment": "5c6687d65e9d882c8841f0fd",
	"stash": "5c6687d65e9d882c8841f0fc",
	"questRaidItems": "5c6687d65e9d882c8841f0fe",
	"questStashItems": "5c6687d65e9d882c8841f0ff",
	"fastPanel": {}
}