{
	"items": [
		{
			"_id": "5c6687d65e9d882c8841f0fd",
			"_tpl": "55d7217a4bdc2d86028b456d"
		},
		{
			"_id": "5c6687d65e9d882c8841f121",
			"_tpl": "557ffd194bdc2d28148b457f",
			"parentId": "5c6687d65e9d882c8841f0fd",
			"slotId": "Pockets"
		},
		{
			"_id": "5c6687d65e9d882c8841f0fc",
			"_tpl": "566abbc34bdc2d92178b4576"
		},
		{
			"_id": "5c6687d65e9d882c8841f0ff",
			"_tpl": "5963866b86f7747bfa1c4462"
		},
		{
			"_id": "5c6687d65e9d882c8841f0fe",
			"_tpl": "5963866286f7747bf429b572"
		},
		{
			"_id": "B51647183252002602vGNe2y",
			"_tpl": "5c0e446786f7742013381639",
			"parentId": "5c6687d65e9d882c8841f0fd",
			"slotId": "TacticalVest"
		},
		{
			"_id": "I331035563528845356iTn2n",
			"_tpl": "59f9cabd86f7743a10721f46",
			"parentId": "5c6687d65e9d882c8841f0fd",
			"slotId": "FirstPrimaryWeapon"
		},
		{
			"_id": "I331035566810636633QAhDX",
			"_tpl": "5998517986f7746017232f7e",
			"parentId": "I331035563528845356iTn2n",
			"slotId": "mod_pistol_grip"
		},
		{
			"_id": "MagazineWeaponScav6983",
			"_tpl": "5c0672ed0db834001b7353f3",
			"parentId": "I331035563528845356iTn2n",
			"slotId": "mod_magazine"
		},
		{
			"_id": "AmmoMag15921",
			"_tpl": "58864a4f2459770fcc257101",
			"parentId": "MagazineWeaponScav6983",
			"slotId": "cartridges",
			"upd": {
				"StackObjectsCount": 30
			}
		},
		{
			"_id": "I331035568746373038oknvF",
			"_tpl": "5998598e86f7740b3f498a86",
			"parentId": "I331035563528845356iTn2n",
			"slotId": "mod_muzzle"
		},
		{
			"_id": "I331035567253140510LHQgu",
			"_tpl": "599860e986f7743bb57573a6",
			"parentId": "I331035563528845356iTn2n",
			"slotId": "mod_sight_rear",
			"upd": {
				"Sight": {
					"SelectedSightMode": 0
				}
			}
		},
		{
			"_id": "I331035562264819377Z7hyQ",
			"_tpl": "59ccd11386f77428f24a488f",
			"parentId": "I331035563528845356iTn2n",
			"slotId": "mod_gas_block"
		},
		{
			"_id": "I331035566113162755scrAf",
			"_tpl": "5648b1504bdc2d9d488b4584",
			"parentId": "I331035562264819377Z7hyQ",
			"slotId": "mod_handguard"
		},
		{
			"_id": "FuckYouUnlimitedAmmo532161",
			"_tpl": "5857a8bc2459772bad15db29",
			"parentId": "5c6687d65e9d882c8841f0fd",
			"slotId": "SecuredContainer"
		},
		{
			"_id": "iHateThatShit940675",
			"_tpl": "56d59d3ad2720bdb418b4577",
			"parentId": "FuckYouUnlimitedAmmo532161",
			"slotId": "main",
			"upd": {
				"StackObjectsCount": 60
			}
		},
		{
			"_id": "iHateThatShit489663",
			"_tpl": "56d59d3ad2720bdb418b4577",
			"parentId": "FuckYouUnlimitedAmmo532161",
			"slotId": "main",
			"upd": {
				"StackObjectsCount": 60
			}
		},
		{
			"_id": "iHateThatShit459938",
			"_tpl": "56d59d3ad2720bdb418b4577",
			"parentId": "FuckYouUnlimitedAmmo532161",
			"slotId": "main",
			"upd": {
				"StackObjectsCount": 60
			}
		},
		{
			"_id": "iHateThatShit474404",
			"_tpl": "5c3df7d588a4501f290594e5",
			"parentId": "FuckYouUnlimitedAmmo532161",
			"slotId": "main",
			"upd": {
				"StackObjectsCount": 60
			}
		},
		{
			"_id": "iHateThatShit247357",
			"_tpl": "5c0d56a986f774449d5de529",
			"parentId": "FuckYouUnlimitedAmmo532161",
			"slotId": "main",
			"upd": {
				"StackObjectsCount": 60
			}
		},
		{
			"_id": "iHateThatShit401096",
			"_tpl": "58864a4f2459770fcc257101",
			"parentId": "FuckYouUnlimitedAmmo532161",
			"slotId": "main",
			"upd": {
				"StackObjectsCount": 60
			}
		},
		{
			"_id": "iHateThatShit702739",
			"_tpl": "5c925fa22e221601da359b7b",
			"parentId": "FuckYouUnlimitedAmmo532161",
			"slotId": "main",
			"upd": {
				"StackObjectsCount": 60
			}
		},
		{
			"_id": "iHateThatShit915953",
			"_tpl": "56d59d3ad2720bdb418b4577",
			"parentId": "FuckYouUnlimitedAmmo532161",
			"slotId": "main",
			"upd": {
				"StackObjectsCount": 60
			}
		},
		{
			"_id": "iHateThatShit117963",
			"_tpl": "56d59d3ad2720bdb418b4577",
			"parentId": "FuckYouUnlimitedAmmo532161",
			"slotId": "main",
			"upd": {
				"StackObjectsCount": 60
			}
		},
		{
			"_id": "mag0Vest635789",
			"_tpl": "5c0673fb0db8340023300271",
			"parentId": "B51647183252002602vGNe2y",
			"slotId": "1",
			"location": {
				"x": 0,
				"y": 0,
				"r": "Horizontal"
			}
		},
		{
			"_id": "AmmoMag0Vest536893",
			"_tpl": "5c925fa22e221601da359b7b",
			"parentId": "mag0Vest635789",
			"slotId": "cartridges",
			"upd": {
				"StackObjectsCount": 20
			}
		},
		{
			"_id": "mag1Vest190421",
			"_tpl": "5c0673fb0db8340023300271",
			"parentId": "B51647183252002602vGNe2y",
			"slotId": "3",
			"location": {
				"x": 0,
				"y": 0,
				"r": "Horizontal"
			}
		},
		{
			"_id": "AmmoMag1Vest887083",
			"_tpl": "5c0d56a986f774449d5de529",
			"parentId": "mag1Vest190421",
			"slotId": "cartridges",
			"upd": {
				"StackObjectsCount": 20
			}
		},
		{
			"_id": "StackAmmo16898128003",
			"_tpl": "56d59d3ad2720bdb418b4577",
			"parentId": "B51647183252002602vGNe2y",
			"slotId": "5",
			"upd": {
				"StackObjectsCount": 46
			}
		},
		{
			"_id": "B51647187865108339zM0BAO",
			"_tpl": "57e26fc7245977162a14b800",
			"parentId": "5c6687d65e9d882c8841f0fd",
			"slotId": "Scabbard"
		},
		{
			"_id": "B51647186302925906Gfi3tl",
			"_tpl": "5b43271c5acfc432ff4dce65",
			"parentId": "5c6687d65e9d882c8841f0fd",
			"slotId": "Headwear"
		},
		{
			"_id": "B51647188525827067o16Sh3",
			"_tpl": "5d5fca1ea4b93635fd598c07",
			"parentId": "5c6687d65e9d882c8841f0fd",
			"slotId": "Eyewear"
		},
		{
			"_id": "B51647183956161233O6uR1k",
			"_tpl": "572b7f1624597762ae139822",
			"parentId": "5c6687d65e9d882c8841f0fd",
			"slotId": "FaceCover"
		},
		{
			"_id": "B51647184421422319SFTp2b",
			"_tpl": "5ca20d5986f774331e7c9602",
			"parentId": "5c6687d65e9d882c8841f0fd",
			"slotId": "Backpack"
		},
		{
			"_id": "BP51647189792115723Xm0TH",
			"_tpl": "590c31c586f774245e3141b2",
			"parentId": "B51647184421422319SFTp2b",
			"slotId": "main",
			"location": {
				"x": 0,
				"y": 0,
				"r": "Horizontal"
			}
		},
		{
			"_id": "BP51647184823297883gSYuX",
			"_tpl": "59136f6f86f774447a1ed173",
			"parentId": "B51647184421422319SFTp2b",
			"slotId": "main",
			"location": {
				"x": 0,
				"y": 1,
				"r": "Horizontal"
			}
		},
		{
			"_id": "BP51647184933604201Nr9AC",
			"_tpl": "5d4041f086f7743cac3f22a7",
			"parentId": "B51647184421422319SFTp2b",
			"slotId": "main",
			"location": {
				"x": 0,
				"y": 2,
				"r": "Horizontal"
			}
		},
		{
			"_id": "BP51647181835322312x2qSN",
			"_tpl": "575062b524597720a31c09a1",
			"parentId": "B51647184421422319SFTp2b",
			"slotId": "main",
			"location": {
				"x": 0,
				"y": 3,
				"r": "Horizontal"
			}
		},
		{
			"_id": "BP51647187184882672dg2Ce",
			"_tpl": "544fb25a4bdc2dfb738b4567",
			"parentId": "B51647184421422319SFTp2b",
			"slotId": "main",
			"location": {
				"x": 0,
				"y": 4,
				"r": "Horizontal"
			}
		},
		{
			"_id": "BP51647184662720387oWUUM",
			"_tpl": "575062b524597720a31c09a1",
			"parentId": "B51647184421422319SFTp2b",
			"slotId": "main",
			"location": {
				"x": 1,
				"y": 0,
				"r": "Horizontal"
			}
		},
		{
			"_id": "BP51647185992839838tDMSs",
			"_tpl": "59e35ef086f7741777737012",
			"parentId": "B51647184421422319SFTp2b",
			"slotId": "main",
			"location": {
				"x": 1,
				"y": 1,
				"r": "Horizontal"
			}
		},
		{
			"_id": "BP51647183828594817i1uV6",
			"_tpl": "544fb62a4bdc2dfb738b4568",
			"parentId": "B51647184421422319SFTp2b",
			"slotId": "main",
			"location": {
				"x": 1,
				"y": 2,
				"r": "Horizontal"
			}
		},
		{
			"_id": "BP51647183829567372Detju",
			"_tpl": "57347da92459774491567cf5",
			"parentId": "B51647184421422319SFTp2b",
			"slotId": "main",
			"location": {
				"x": 1,
				"y": 4,
				"r": "Horizontal"
			}
		},
		{
			"_id": "B51647189813777015TTlKBr",
			"_tpl": "5b44d22286f774172b0c9de8",
			"parentId": "5c6687d65e9d882c8841f0fd",
			"slotId": "ArmorVest",
			"upd": {
				"Repairable": {
					"MaxDurability": 70,
					"Durability": 5
				}
			}
		},
		{
			"_id": "Pocket_512538",
			"_tpl": "590c311186f77424d1667482",
			"parentId": "5c6687d65e9d882c8841f121",
			"slotId": "pocket1",
			"location": {
				"x": 0,
				"y": 0,
				"r": "Horizontal"
			},
			"upd": {
				"SpawnedInSession": true
			}
		}
	],
	"equipment": "5c6687d65e9d882c8841f0fd",
	"stash": "5c6687d65e9d882c8841f0fc",
	"questRaidItems": "5c6687d65e9d882c8841f0fe",
	"questStashItems": "5c6687d65e9d882c8841f0ff",
	"fastPanel": {}
}