{
	"items": [
		{
			"_id": "5c6687d65e9d882c8841f0fd",
			"_tpl": "55d7217a4bdc2d86028b456d"
		},
		{
			"_id": "5c6687d65e9d882c8841f121",
			"_tpl": "557ffd194bdc2d28148b457f",
			"parentId": "5c6687d65e9d882c8841f0fd",
			"slotId": "Pockets"
		},
		{
			"_id": "5c6687d65e9d882c8841f0fc",
			"_tpl": "566abbc34bdc2d92178b4576"
		},
		{
			"_id": "5c6687d65e9d882c8841f0ff",
			"_tpl": "5963866b86f7747bfa1c4462"
		},
		{
			"_id": "5c6687d65e9d882c8841f0fe",
			"_tpl": "5963866286f7747bf429b572"
		},
		{
			"_id": "B51647187578321088cQXMrt",
			"_tpl": "5648a69d4bdc2ded0b8b457b",
			"parentId": "5c6687d65e9d882c8841f0fd",
			"slotId": "TacticalVest"
		},
		{
			"_id": "I2132010136923416691oSrU",
			"_tpl": "5644bd2b4bdc2d3b4c8b4572",
			"parentId": "5c6687d65e9d882c8841f0fd",
			"slotId": "FirstPrimaryWeapon"
		},
		{
			"_id": "I2132010135566419415G3zH",
			"_tpl": "59c6633186f7740cf0493bb9",
			"parentId": "I2132010136923416691oSrU",
			"slotId": "mod_gas_block"
		},
		{
			"_id": "I2132010135701960084k2AX",
			"_tpl": "5649aa744bdc2ded0b8b457e",
			"parentId": "I2132010136923416691oSrU",
			"slotId": "mod_muzzle"
		},
		{
			"_id": "I2132010138878537844jWje",
			"_tpl": "5649ad3f4bdc2df8348b4585",
			"parentId": "I2132010136923416691oSrU",
			"slotId": "mod_pistol_grip"
		},
		{
			"_id": "I2132010135298279198WDKk",
			"_tpl": "5649af094bdc2df8348b4586",
			"parentId": "I2132010136923416691oSrU",
			"slotId": "mod_reciever"
		},
		{
			"_id": "I2132010133246176791RmJM",
			"_tpl": "5649b0544bdc2d1b2b8b458a",
			"parentId": "I2132010136923416691oSrU",
			"slotId": "mod_sight_rear",
			"upd": {
				"Sight": {
					"SelectedSightMode": 0
				}
			}
		},
		{
			"_id": "I2132010136825121434V4CS",
			"_tpl": "5649b1c04bdc2d16268b457c",
			"parentId": "I2132010136923416691oSrU",
			"slotId": "mod_stock"
		},
		{
			"_id": "MagazineWeaponScav1774",
			"_tpl": "55d4837c4bdc2d1d4e8b456c",
			"parentId": "I2132010136923416691oSrU",
			"slotId": "mod_magazine"
		},
		{
			"_id": "AmmoMag16972",
			"_tpl": "56dff4a2d2720bbd668b456a",
			"parentId": "MagazineWeaponScav1774",
			"slotId": "cartridges",
			"upd": {
				"StackObjectsCount": 10
			}
		},
		{
			"_id": "I2132010138688584347Fzlj",
			"_tpl": "5648b4534bdc2d3d1c8b4580",
			"parentId": "I2132010135566419415G3zH",
			"slotId": "mod_handguard"
		},
		{
			"_id": "I2132010135896942817wFUy",
			"_tpl": "56dfef82d2720bbd668b4567",
			"parentId": "I2132010131886204393YSco",
			"slotId": "cartridges",
			"location": 0,
			"upd": {
				"StackObjectsCount": 30
			}
		},
		{
			"_id": "I2132010131750323892NX4u",
			"_tpl": "56def37dd2720bec348b456a",
			"parentId": "I2132010138688584347Fzlj",
			"slotId": "mod_tactical_001",
			"upd": {
				"Light": {
					"IsActive": true,
					"SelectedMode": 0
				}
			}
		},
		{
			"_id": "FuckYouUnlimitedAmmo42652",
			"_tpl": "5857a8bc2459772bad15db29",
			"parentId": "5c6687d65e9d882c8841f0fd",
			"slotId": "SecuredContainer"
		},
		{
			"_id": "iHateThatShit847884",
			"_tpl": "56dff3afd2720bba668b4567",
			"parentId": "FuckYouUnlimitedAmmo42652",
			"slotId": "main",
			"upd": {
				"StackObjectsCount": 60
			}
		},
		{
			"_id": "iHateThatShit394700",
			"_tpl": "56dff0bed2720bb0668b4567",
			"parentId": "FuckYouUnlimitedAmmo42652",
			"slotId": "main",
			"upd": {
				"StackObjectsCount": 60
			}
		},
		{
			"_id": "iHateThatShit34053",
			"_tpl": "56dff0bed2720bb0668b4567",
			"parentId": "FuckYouUnlimitedAmmo42652",
			"slotId": "main",
			"upd": {
				"StackObjectsCount": 60
			}
		},
		{
			"_id": "iHateThatShit746940",
			"_tpl": "56dff4ecd2720b5f5a8b4568",
			"parentId": "FuckYouUnlimitedAmmo42652",
			"slotId": "main",
			"upd": {
				"StackObjectsCount": 60
			}
		},
		{
			"_id": "iHateThatShit4394",
			"_tpl": "56dff0bed2720bb0668b4567",
			"parentId": "FuckYouUnlimitedAmmo42652",
			"slotId": "main",
			"upd": {
				"StackObjectsCount": 60
			}
		},
		{
			"_id": "iHateThatShit320206",
			"_tpl": "56dff216d2720bbd668b4568",
			"parentId": "FuckYouUnlimitedAmmo42652",
			"slotId": "main",
			"upd": {
				"StackObjectsCount": 60
			}
		},
		{
			"_id": "iHateThatShit450944",
			"_tpl": "56dff061d2720bb5668b4567",
			"parentId": "FuckYouUnlimitedAmmo42652",
			"slotId": "main",
			"upd": {
				"StackObjectsCount": 60
			}
		},
		{
			"_id": "iHateThatShit549028",
			"_tpl": "56dfef82d2720bbd668b4567",
			"parentId": "FuckYouUnlimitedAmmo42652",
			"slotId": "main",
			"upd": {
				"StackObjectsCount": 60
			}
		},
		{
			"_id": "iHateThatShit780540",
			"_tpl": "56dff4a2d2720bbd668b456a",
			"parentId": "FuckYouUnlimitedAmmo42652",
			"slotId": "main",
			"upd": {
				"StackObjectsCount": 60
			}
		},
		{
			"_id": "mag0Vest944123",
			"_tpl": "55d4837c4bdc2d1d4e8b456c",
			"parentId": "B51647187578321088cQXMrt",
			"slotId": "1",
			"location": {
				"x": 0,
				"y": 1,
				"r": "Horizontal"
			}
		},
		{
			"_id": "AmmoMag0Vest250288",
			"_tpl": "56dff4a2d2720bbd668b456a",
			"parentId": "mag0Vest944123",
			"slotId": "cartridges",
			"upd": {
				"StackObjectsCount": 10
			}
		},
		{
			"_id": "mag1Vest9013",
			"_tpl": "55d4837c4bdc2d1d4e8b456c",
			"parentId": "B51647187578321088cQXMrt",
			"slotId": "3",
			"location": {
				"x": 0,
				"y": 1,
				"r": "Horizontal"
			}
		},
		{
			"_id": "AmmoMag1Vest541884",
			"_tpl": "56dff026d2720bb8668b4567",
			"parentId": "mag1Vest9013",
			"slotId": "cartridges",
			"upd": {
				"StackObjectsCount": 10
			}
		},
		{
			"_id": "mag2Vest904222",
			"_tpl": "55d4837c4bdc2d1d4e8b456c",
			"parentId": "B51647187578321088cQXMrt",
			"slotId": "10",
			"location": {
				"x": 0,
				"y": 0,
				"r": "Horizontal"
			}
		},
		{
			"_id": "AmmoMag2Vest564890",
			"_tpl": "56dff3afd2720bba668b4567",
			"parentId": "mag2Vest904222",
			"slotId": "cartridges",
			"upd": {
				"StackObjectsCount": 10
			}
		},
		{
			"_id": "mag2Vest365154",
			"_tpl": "55d4837c4bdc2d1d4e8b456c",
			"parentId": "B51647187578321088cQXMrt",
			"slotId": "10",
			"location": {
				"x": 0,
				"y": 1,
				"r": "Horizontal"
			}
		},
		{
			"_id": "AmmoMag2Vest807265",
			"_tpl": "56dff4a2d2720bbd668b456a",
			"parentId": "mag2Vest365154",
			"slotId": "cartridges",
			"upd": {
				"StackObjectsCount": 10
			}
		},
		{
			"_id": "StackAmmo50912774444",
			"_tpl": "56dff338d2720bbd668b4569",
			"parentId": "B51647187578321088cQXMrt",
			"slotId": "6",
			"upd": {
				"StackObjectsCount": 22
			}
		},
		{
			"_id": "StackAmmo69139757882",
			"_tpl": "56dff061d2720bb5668b4567",
			"parentId": "B51647187578321088cQXMrt",
			"slotId": "8",
			"upd": {
				"StackObjectsCount": 12
			}
		},
		{
			"_id": "B51647189444758728l0dtBn",
			"_tpl": "54491bb74bdc2d09088b4567",
			"parentId": "5c6687d65e9d882c8841f0fd",
			"slotId": "Scabbard"
		},
		{
			"_id": "B51647182790681885hGh0x4",
			"_tpl": "5aa2b89be5b5b0001569311f",
			"parentId": "5c6687d65e9d882c8841f0fd",
			"slotId": "Headwear"
		},
		{
			"_id": "B51647182128520734k4shqm",
			"_tpl": "5aa2b986e5b5b00014028f4c",
			"parentId": "5c6687d65e9d882c8841f0fd",
			"slotId": "Eyewear"
		},
		{
			"_id": "B51647189601392721ERTEOb",
			"_tpl": "572b7fa524597762b747ce82",
			"parentId": "5c6687d65e9d882c8841f0fd",
			"slotId": "FaceCover"
		},
		{
			"_id": "B516471885021295817tzjcc",
			"_tpl": "544a5cde4bdc2d39388b456b",
			"parentId": "5c6687d65e9d882c8841f0fd",
			"slotId": "Backpack"
		},
		{
			"_id": "BP51647181787545673oErGj",
			"_tpl": "57347d5f245977448b40fa81",
			"parentId": "B516471885021295817tzjcc",
			"slotId": "main",
			"location": {
				"x": 0,
				"y": 0,
				"r": "Horizontal"
			}
		},
		{
			"_id": "BP51647185532819978uQwiW",
			"_tpl": "5780d07a2459777de4559324",
			"parentId": "B516471885021295817tzjcc",
			"slotId": "main",
			"location": {
				"x": 0,
				"y": 1,
				"r": "Horizontal"
			}
		}
	],
	"equipment": "5c6687d65e9d882c8841f0fd",
	"stash": "5c6687d65e9d882c8841f0fc",
	"questRaidItems": "5c6687d65e9d882c8841f0fe",
	"questStashItems": "5c6687d65e9d882c8841f0ff",
	"fastPanel": {}
}