{
	"items": [
		{
			"_id": "5c6687d65e9d882c8841f0fd",
			"_tpl": "55d7217a4bdc2d86028b456d"
		},
		{
			"_id": "5c6687d65e9d882c8841f121",
			"_tpl": "557ffd194bdc2d28148b457f",
			"parentId": "5c6687d65e9d882c8841f0fd",
			"slotId": "Pockets"
		},
		{
			"_id": "5c6687d65e9d882c8841f0fc",
			"_tpl": "566abbc34bdc2d92178b4576"
		},
		{
			"_id": "5c6687d65e9d882c8841f0ff",
			"_tpl": "5963866b86f7747bfa1c4462"
		},
		{
			"_id": "5c6687d65e9d882c8841f0fe",
			"_tpl": "5963866286f7747bf429b572"
		},
		{
			"_id": "B51647182005335586xBCOHy",
			"_tpl": "5d5d646386f7742797261fd9",
			"parentId": "5c6687d65e9d882c8841f0fd",
			"slotId": "TacticalVest"
		},
		{
			"_id": "I331022513615285391v8jev",
			"_tpl": "583990e32459771419544dd2",
			"parentId": "5c6687d65e9d882c8841f0fd",
			"slotId": "FirstPrimaryWeapon"
		},
		{
			"_id": "I331022513513120381mPklm",
			"_tpl": "5649ad3f4bdc2df8348b4585",
			"parentId": "I331022513615285391v8jev",
			"slotId": "mod_pistol_grip"
		},
		{
			"_id": "I3310225123475816610QvyT",
			"_tpl": "57dc347d245977596754e7a1",
			"parentId": "I331022513615285391v8jev",
			"slotId": "mod_stock"
		},
		{
			"_id": "MagazineWeaponScav8710",
			"_tpl": "5cbdaf89ae9215000e5b9c94",
			"parentId": "I331022513615285391v8jev",
			"slotId": "mod_magazine"
		},
		{
			"_id": "AmmoMag17234",
			"_tpl": "56dff0bed2720bb0668b4567",
			"parentId": "MagazineWeaponScav8710",
			"slotId": "cartridges",
			"upd": {
				"StackObjectsCount": 30
			}
		},
		{
			"_id": "I3310225147058858019k3a8",
			"_tpl": "57dc324a24597759501edc20",
			"parentId": "I331022513615285391v8jev",
			"slotId": "mod_muzzle"
		},
		{
			"_id": "I331022519924121824JaJpl",
			"_tpl": "59d36a0086f7747e673f3946",
			"parentId": "I331022513615285391v8jev",
			"slotId": "mod_gas_block"
		},
		{
			"_id": "I3310225117910297229F7hz",
			"_tpl": "56dfef82d2720bbd668b4567",
			"parentId": "I331022518740798636S0FY3",
			"slotId": "cartridges",
			"location": 0,
			"upd": {
				"StackObjectsCount": 30
			}
		},
		{
			"_id": "I3310225161860541350eHyK",
			"_tpl": "57dc32dc245977596d4ef3d3",
			"parentId": "I331022519924121824JaJpl",
			"slotId": "mod_handguard"
		},
		{
			"_id": "FuckYouUnlimitedAmmo748202",
			"_tpl": "5857a8bc2459772bad15db29",
			"parentId": "5c6687d65e9d882c8841f0fd",
			"slotId": "SecuredContainer"
		},
		{
			"_id": "iHateThatShit757918",
			"_tpl": "56dff4ecd2720b5f5a8b4568",
			"parentId": "FuckYouUnlimitedAmmo748202",
			"slotId": "main",
			"upd": {
				"StackObjectsCount": 60
			}
		},
		{
			"_id": "iHateThatShit291897",
			"_tpl": "56dff421d2720b5f5a8b4567",
			"parentId": "FuckYouUnlimitedAmmo748202",
			"slotId": "main",
			"upd": {
				"StackObjectsCount": 60
			}
		},
		{
			"_id": "iHateThatShit14792",
			"_tpl": "56dff061d2720bb5668b4567",
			"parentId": "FuckYouUnlimitedAmmo748202",
			"slotId": "main",
			"upd": {
				"StackObjectsCount": 60
			}
		},
		{
			"_id": "iHateThatShit538562",
			"_tpl": "56dff216d2720bbd668b4568",
			"parentId": "FuckYouUnlimitedAmmo748202",
			"slotId": "main",
			"upd": {
				"StackObjectsCount": 60
			}
		},
		{
			"_id": "iHateThatShit43924",
			"_tpl": "56dfef82d2720bbd668b4567",
			"parentId": "FuckYouUnlimitedAmmo748202",
			"slotId": "main",
			"upd": {
				"StackObjectsCount": 60
			}
		},
		{
			"_id": "iHateThatShit739201",
			"_tpl": "56dff338d2720bbd668b4569",
			"parentId": "FuckYouUnlimitedAmmo748202",
			"slotId": "main",
			"upd": {
				"StackObjectsCount": 60
			}
		},
		{
			"_id": "iHateThatShit291069",
			"_tpl": "56dff026d2720bb8668b4567",
			"parentId": "FuckYouUnlimitedAmmo748202",
			"slotId": "main",
			"upd": {
				"StackObjectsCount": 60
			}
		},
		{
			"_id": "iHateThatShit986405",
			"_tpl": "56dff0bed2720bb0668b4567",
			"parentId": "FuckYouUnlimitedAmmo748202",
			"slotId": "main",
			"upd": {
				"StackObjectsCount": 60
			}
		},
		{
			"_id": "iHateThatShit667803",
			"_tpl": "56dff421d2720b5f5a8b4567",
			"parentId": "FuckYouUnlimitedAmmo748202",
			"slotId": "main",
			"upd": {
				"StackObjectsCount": 60
			}
		},
		{
			"_id": "mag0Vest428093",
			"_tpl": "564ca99c4bdc2d16268b4589",
			"parentId": "B51647182005335586xBCOHy",
			"slotId": "3",
			"location": {
				"x": 0,
				"y": 0,
				"r": "Horizontal"
			}
		},
		{
			"_id": "AmmoMag0Vest923325",
			"_tpl": "56dff4a2d2720bbd668b456a",
			"parentId": "mag0Vest428093",
			"slotId": "cartridges",
			"upd": {
				"StackObjectsCount": 30
			}
		},
		{
			"_id": "mag1Vest553238",
			"_tpl": "564ca99c4bdc2d16268b4589",
			"parentId": "B51647182005335586xBCOHy",
			"slotId": "5",
			"location": {
				"x": 0,
				"y": 0,
				"r": "Horizontal"
			}
		},
		{
			"_id": "AmmoMag1Vest801275",
			"_tpl": "56dff026d2720bb8668b4567",
			"parentId": "mag1Vest553238",
			"slotId": "cartridges",
			"upd": {
				"StackObjectsCount": 30
			}
		},
		{
			"_id": "StackAmmo56505165302",
			"_tpl": "56dff421d2720b5f5a8b4567",
			"parentId": "B51647182005335586xBCOHy",
			"slotId": "7",
			"upd": {
				"StackObjectsCount": 6
			}
		},
		{
			"_id": "B51647187697297269i6pYih",
			"_tpl": "57e26ea924597715ca604a09",
			"parentId": "5c6687d65e9d882c8841f0fd",
			"slotId": "Scabbard"
		},
		{
			"_id": "B51647184397394596TwgnHW",
			"_tpl": "572b7d8524597762b472f9d1",
			"parentId": "5c6687d65e9d882c8841f0fd",
			"slotId": "Headwear"
		},
		{
			"_id": "B51647188982800365cpXY3q",
			"_tpl": "557ff21e4bdc2d89578b4586",
			"parentId": "5c6687d65e9d882c8841f0fd",
			"slotId": "Eyewear"
		},
		{
			"_id": "B51647189470535417OTm1gn",
			"_tpl": "572b7fa524597762b747ce82",
			"parentId": "5c6687d65e9d882c8841f0fd",
			"slotId": "FaceCover"
		},
		{
			"_id": "B51647187174348789K3nC4P",
			"_tpl": "56e33680d2720be2748b4576",
			"parentId": "5c6687d65e9d882c8841f0fd",
			"slotId": "Backpack"
		},
		{
			"_id": "BP51647182063965809OwOK6",
			"_tpl": "57513fcc24597720a31c09a6",
			"parentId": "B51647187174348789K3nC4P",
			"slotId": "main",
			"location": {
				"x": 0,
				"y": 0,
				"r": "Horizontal"
			}
		},
		{
			"_id": "BP51647189814514714KbU1y",
			"_tpl": "5e2af00086f7746d3f3c33f7",
			"parentId": "B51647187174348789K3nC4P",
			"slotId": "main",
			"location": {
				"x": 1,
				"y": 0,
				"r": "Horizontal"
			}
		},
		{
			"_id": "BP51647187338635858pgoT7",
			"_tpl": "5672cb124bdc2d1a0f8b4568",
			"parentId": "B51647187174348789K3nC4P",
			"slotId": "main",
			"location": {
				"x": 0,
				"y": 2,
				"r": "Horizontal"
			}
		},
		{
			"_id": "Pocket_479378",
			"_tpl": "56742c324bdc2d150f8b456d",
			"parentId": "5c6687d65e9d882c8841f121",
			"slotId": "pocket1",
			"location": {
				"x": 0,
				"y": 0,
				"r": "Horizontal"
			},
			"upd": {
				"SpawnedInSession": true
			}
		},
		{
			"_id": "Pocket_795155",
			"_tpl": "590a358486f77429692b2790",
			"parentId": "5c6687d65e9d882c8841f121",
			"slotId": "pocket2",
			"location": {
				"x": 0,
				"y": 0,
				"r": "Horizontal"
			},
			"upd": {
				"SpawnedInSession": true
			}
		},
		{
			"_id": "Pocket_281955",
			"_tpl": "59e366c186f7741778269d85",
			"parentId": "5c6687d65e9d882c8841f121",
			"slotId": "pocket3",
			"location": {
				"x": 0,
				"y": 0,
				"r": "Horizontal"
			},
			"upd": {
				"SpawnedInSession": true
			}
		}
	],
	"equipment": "5c6687d65e9d882c8841f0fd",
	"stash": "5c6687d65e9d882c8841f0fc",
	"questRaidItems": "5c6687d65e9d882c8841f0fe",
	"questStashItems": "5c6687d65e9d882c8841f0ff",
	"fastPanel": {}
}