{
	"items": [
		{
			"_id": "5c6687d65e9d882c8841f0fd",
			"_tpl": "55d7217a4bdc2d86028b456d"
		},
		{
			"_id": "5c6687d65e9d882c8841f121",
			"_tpl": "557ffd194bdc2d28148b457f",
			"parentId": "5c6687d65e9d882c8841f0fd",
			"slotId": "Pockets"
		},
		{
			"_id": "5c6687d65e9d882c8841f0fc",
			"_tpl": "566abbc34bdc2d92178b4576"
		},
		{
			"_id": "5c6687d65e9d882c8841f0ff",
			"_tpl": "5963866b86f7747bfa1c4462"
		},
		{
			"_id": "5c6687d65e9d882c8841f0fe",
			"_tpl": "5963866286f7747bf429b572"
		},
		{
			"_id": "B51647193113436542iXZBq6",
			"_tpl": "5d5d8ca986f7742798716522",
			"parentId": "5c6687d65e9d882c8841f0fd",
			"slotId": "TacticalVest"
		},
		{
			"_id": "I331043244552919659Ldxnj",
			"_tpl": "5c07c60e0db834002330051f",
			"parentId": "5c6687d65e9d882c8841f0fd",
			"slotId": "FirstPrimaryWeapon"
		},
		{
			"_id": "I331043244852644951L6Izk",
			"_tpl": "5c0e2ff6d174af02a1659d4a",
			"parentId": "I331043244552919659Ldxnj",
			"slotId": "mod_pistol_grip"
		},
		{
			"_id": "MagazineWeaponScav3985",
			"_tpl": "5c6d42cb2e2216000e69d7d1",
			"parentId": "I331043244552919659Ldxnj",
			"slotId": "mod_magazine"
		},
		{
			"_id": "AmmoMag12683",
			"_tpl": "59e6920f86f77411d82aa167",
			"parentId": "MagazineWeaponScav3985",
			"slotId": "cartridges",
			"upd": {
				"StackObjectsCount": 30
			}
		},
		{
			"_id": "I331043248589038077hHkJw",
			"_tpl": "5c0e2f26d174af02a9625114",
			"parentId": "I331043244552919659Ldxnj",
			"slotId": "mod_reciever"
		},
		{
			"_id": "I331043242648817993gbsGW",
			"_tpl": "5649be884bdc2d79388b4577",
			"parentId": "I331043244552919659Ldxnj",
			"slotId": "mod_stock"
		},
		{
			"_id": "I3310432474332535905FiFi",
			"_tpl": "5c0faf68d174af02a96260b8",
			"parentId": "I331043244552919659Ldxnj",
			"slotId": "mod_charge"
		},
		{
			"_id": "I331043247168766615wYhuL",
			"_tpl": "570fd721d2720bc5458b4596",
			"parentId": "I331043248589038077hHkJw",
			"slotId": "mod_scope",
			"upd": {
				"Sight": {
					"SelectedSightMode": 0
				}
			}
		},
		{
			"_id": "I331043248658824905ytbQK",
			"_tpl": "5c0e2f94d174af029f650d56",
			"parentId": "I331043248589038077hHkJw",
			"slotId": "mod_barrel"
		},
		{
			"_id": "I331043245196009263gmJ7C",
			"_tpl": "5c0e2f5cd174af02a012cfc9",
			"parentId": "I331043248589038077hHkJw",
			"slotId": "mod_handguard"
		},
		{
			"_id": "I331043247548404397fx8eF",
			"_tpl": "5c0fafb6d174af02a96260ba",
			"parentId": "I331043248658824905ytbQK",
			"slotId": "mod_muzzle"
		},
		{
			"_id": "I331043244235023243nc9vs",
			"_tpl": "5ae30e795acfc408fb139a0b",
			"parentId": "I331043248658824905ytbQK",
			"slotId": "mod_gas_block"
		},
		{
			"_id": "FuckYouUnlimitedAmmo786744",
			"_tpl": "5857a8bc2459772bad15db29",
			"parentId": "5c6687d65e9d882c8841f0fd",
			"slotId": "SecuredContainer"
		},
		{
			"_id": "iHateThatShit603563",
			"_tpl": "5c0d5ae286f7741e46554302",
			"parentId": "FuckYouUnlimitedAmmo786744",
			"slotId": "main",
			"upd": {
				"StackObjectsCount": 60
			}
		},
		{
			"_id": "iHateThatShit879717",
			"_tpl": "59e68f6f86f7746c9f75e846",
			"parentId": "FuckYouUnlimitedAmmo786744",
			"slotId": "main",
			"upd": {
				"StackObjectsCount": 60
			}
		},
		{
			"_id": "iHateThatShit889338",
			"_tpl": "59e6918f86f7746c9f75e849",
			"parentId": "FuckYouUnlimitedAmmo786744",
			"slotId": "main",
			"upd": {
				"StackObjectsCount": 60
			}
		},
		{
			"_id": "iHateThatShit212684",
			"_tpl": "5c0d5ae286f7741e46554302",
			"parentId": "FuckYouUnlimitedAmmo786744",
			"slotId": "main",
			"upd": {
				"StackObjectsCount": 60
			}
		},
		{
			"_id": "iHateThatShit235825",
			"_tpl": "59e6918f86f7746c9f75e849",
			"parentId": "FuckYouUnlimitedAmmo786744",
			"slotId": "main",
			"upd": {
				"StackObjectsCount": 60
			}
		},
		{
			"_id": "iHateThatShit741647",
			"_tpl": "54527a984bdc2d4e668b4567",
			"parentId": "FuckYouUnlimitedAmmo786744",
			"slotId": "main",
			"upd": {
				"StackObjectsCount": 60
			}
		},
		{
			"_id": "iHateThatShit200637",
			"_tpl": "5c0d5ae286f7741e46554302",
			"parentId": "FuckYouUnlimitedAmmo786744",
			"slotId": "main",
			"upd": {
				"StackObjectsCount": 60
			}
		},
		{
			"_id": "iHateThatShit442076",
			"_tpl": "59e6920f86f77411d82aa167",
			"parentId": "FuckYouUnlimitedAmmo786744",
			"slotId": "main",
			"upd": {
				"StackObjectsCount": 60
			}
		},
		{
			"_id": "iHateThatShit12048",
			"_tpl": "59e6920f86f77411d82aa167",
			"parentId": "FuckYouUnlimitedAmmo786744",
			"slotId": "main",
			"upd": {
				"StackObjectsCount": 60
			}
		},
		{
			"_id": "mag0Vest314479",
			"_tpl": "5d1340cad7ad1a0b0b249869",
			"parentId": "B51647193113436542iXZBq6",
			"slotId": "1",
			"location": {
				"x": 0,
				"y": 0,
				"r": "Horizontal"
			}
		},
		{
			"_id": "AmmoMag0Vest536586",
			"_tpl": "54527ac44bdc2d36668b4567",
			"parentId": "mag0Vest314479",
			"slotId": "cartridges",
			"upd": {
				"StackObjectsCount": 30
			}
		},
		{
			"_id": "mag0Vest673430",
			"_tpl": "5d1340cad7ad1a0b0b249869",
			"parentId": "B51647193113436542iXZBq6",
			"slotId": "1",
			"location": {
				"x": 1,
				"y": 0,
				"r": "Horizontal"
			}
		},
		{
			"_id": "AmmoMag0Vest689057",
			"_tpl": "54527ac44bdc2d36668b4567",
			"parentId": "mag0Vest673430",
			"slotId": "cartridges",
			"upd": {
				"StackObjectsCount": 30
			}
		},
		{
			"_id": "B516471971150488491p1eeV",
			"_tpl": "57e26ea924597715ca604a09",
			"parentId": "5c6687d65e9d882c8841f0fd",
			"slotId": "Scabbard"
		},
		{
			"_id": "B516471969331970563lhO4B",
			"_tpl": "5c08f87c0db8340019124324",
			"parentId": "5c6687d65e9d882c8841f0fd",
			"slotId": "Headwear"
		},
		{
			"_id": "B51647197182634344rXHoTi",
			"_tpl": "5c0d32fcd174af02a1659c75",
			"parentId": "5c6687d65e9d882c8841f0fd",
			"slotId": "Eyewear"
		},
		{
			"_id": "B51647198720900838KdVxJj",
			"_tpl": "572b7f1624597762ae139822",
			"parentId": "5c6687d65e9d882c8841f0fd",
			"slotId": "FaceCover"
		},
		{
			"_id": "B51647199472597945vqHlxh",
			"_tpl": "56e33634d2720bd8058b456b",
			"parentId": "5c6687d65e9d882c8841f0fd",
			"slotId": "Backpack"
		},
		{
			"_id": "BP51647196613637958WOhYQ",
			"_tpl": "5d1b3f2d86f774253763b735",
			"parentId": "B51647199472597945vqHlxh",
			"slotId": "main",
			"location": {
				"x": 0,
				"y": 0,
				"r": "Horizontal"
			}
		},
		{
			"_id": "BP51647195243462774bOL35",
			"_tpl": "544fb3364bdc2d34748b456a",
			"parentId": "B51647199472597945vqHlxh",
			"slotId": "main",
			"location": {
				"x": 0,
				"y": 1,
				"r": "Horizontal"
			}
		},
		{
			"_id": "BP51647193222668261BFUiL",
			"_tpl": "57347d8724597744596b4e76",
			"parentId": "B51647199472597945vqHlxh",
			"slotId": "main",
			"location": {
				"x": 0,
				"y": 2,
				"r": "Horizontal"
			}
		},
		{
			"_id": "BP51647194847844897VBLdE",
			"_tpl": "544fb62a4bdc2dfb738b4568",
			"parentId": "B51647199472597945vqHlxh",
			"slotId": "main",
			"location": {
				"x": 1,
				"y": 0,
				"r": "Horizontal"
			}
		},
		{
			"_id": "BP51647196213319684hRVkn",
			"_tpl": "59e3606886f77417674759a5",
			"parentId": "B51647199472597945vqHlxh",
			"slotId": "main",
			"location": {
				"x": 1,
				"y": 2,
				"r": "Horizontal"
			}
		},
		{
			"_id": "BP51647191335617023R7LKy",
			"_tpl": "5780cda02459777b272ede61",
			"parentId": "B51647199472597945vqHlxh",
			"slotId": "main",
			"location": {
				"x": 2,
				"y": 0,
				"r": "Horizontal"
			}
		},
		{
			"_id": "BP51647193582256446vOnML",
			"_tpl": "5780d0532459777a5108b9a2",
			"parentId": "B51647199472597945vqHlxh",
			"slotId": "main",
			"location": {
				"x": 2,
				"y": 1,
				"r": "Horizontal"
			}
		}
	],
	"equipment": "5c6687d65e9d882c8841f0fd",
	"stash": "5c6687d65e9d882c8841f0fc",
	"questRaidItems": "5c6687d65e9d882c8841f0fe",
	"questStashItems": "5c6687d65e9d882c8841f0ff",
	"fastPanel": {}
}