{
	"items": [
		{
			"_id": "5c6687d65e9d882c8841f0fd",
			"_tpl": "55d7217a4bdc2d86028b456d"
		},
		{
			"_id": "5c6687d65e9d882c8841f121",
			"_tpl": "557ffd194bdc2d28148b457f",
			"parentId": "5c6687d65e9d882c8841f0fd",
			"slotId": "Pockets"
		},
		{
			"_id": "5c6687d65e9d882c8841f0fc",
			"_tpl": "566abbc34bdc2d92178b4576"
		},
		{
			"_id": "5c6687d65e9d882c8841f0ff",
			"_tpl": "5963866b86f7747bfa1c4462"
		},
		{
			"_id": "5c6687d65e9d882c8841f0fe",
			"_tpl": "5963866286f7747bf429b572"
		},
		{
			"_id": "B51647189309750885FRoL3P",
			"_tpl": "5929a2a086f7744f4b234d43",
			"parentId": "5c6687d65e9d882c8841f0fd",
			"slotId": "TacticalVest"
		},
		{
			"_id": "I331025136497950874p6Qtu",
			"_tpl": "59d6088586f774275f37482f",
			"parentId": "5c6687d65e9d882c8841f0fd",
			"slotId": "FirstPrimaryWeapon"
		},
		{
			"_id": "I331025131155890004PGGVu",
			"_tpl": "59d64ec286f774171d1e0a42",
			"parentId": "I331025136497950874p6Qtu",
			"slotId": "mod_gas_block"
		},
		{
			"_id": "I331025132431303768wLBut",
			"_tpl": "59d64fc686f774171b243fe2",
			"parentId": "I331025136497950874p6Qtu",
			"slotId": "mod_muzzle"
		},
		{
			"_id": "I331025135897016229pLOBe",
			"_tpl": "59e62cc886f77440d40b52a1",
			"parentId": "I331025136497950874p6Qtu",
			"slotId": "mod_pistol_grip"
		},
		{
			"_id": "I3310251389087471193nWGz",
			"_tpl": "59d6507c86f7741b846413a2",
			"parentId": "I331025136497950874p6Qtu",
			"slotId": "mod_reciever"
		},
		{
			"_id": "I331025137009763301XP9S7",
			"_tpl": "59d650cf86f7741b846413a4",
			"parentId": "I331025136497950874p6Qtu",
			"slotId": "mod_sight_rear",
			"upd": {
				"Sight": {
					"SelectedSightMode": 0
				}
			}
		},
		{
			"_id": "MagazineWeaponScav1385",
			"_tpl": "59e5d83b86f7745aed03d262",
			"parentId": "I331025136497950874p6Qtu",
			"slotId": "mod_magazine"
		},
		{
			"_id": "AmmoMag18207",
			"_tpl": "59e4d3d286f774176a36250a",
			"parentId": "MagazineWeaponScav1385",
			"slotId": "cartridges",
			"upd": {
				"StackObjectsCount": 10
			}
		},
		{
			"_id": "I331025134185248693M0cHJ",
			"_tpl": "59d64f2f86f77417193ef8b3",
			"parentId": "I331025131155890004PGGVu",
			"slotId": "mod_handguard"
		},
		{
			"_id": "FuckYouUnlimitedAmmo726617",
			"_tpl": "5857a8bc2459772bad15db29",
			"parentId": "5c6687d65e9d882c8841f0fd",
			"slotId": "SecuredContainer"
		},
		{
			"_id": "iHateThatShit198230",
			"_tpl": "59e0d99486f7744a32234762",
			"parentId": "FuckYouUnlimitedAmmo726617",
			"slotId": "main",
			"upd": {
				"StackObjectsCount": 60
			}
		},
		{
			"_id": "iHateThatShit355817",
			"_tpl": "59e4d24686f7741776641ac7",
			"parentId": "FuckYouUnlimitedAmmo726617",
			"slotId": "main",
			"upd": {
				"StackObjectsCount": 60
			}
		},
		{
			"_id": "iHateThatShit186006",
			"_tpl": "59e0d99486f7744a32234762",
			"parentId": "FuckYouUnlimitedAmmo726617",
			"slotId": "main",
			"upd": {
				"StackObjectsCount": 60
			}
		},
		{
			"_id": "iHateThatShit970985",
			"_tpl": "59e4d3d286f774176a36250a",
			"parentId": "FuckYouUnlimitedAmmo726617",
			"slotId": "main",
			"upd": {
				"StackObjectsCount": 60
			}
		},
		{
			"_id": "iHateThatShit901039",
			"_tpl": "59e4cf5286f7741778269d8a",
			"parentId": "FuckYouUnlimitedAmmo726617",
			"slotId": "main",
			"upd": {
				"StackObjectsCount": 60
			}
		},
		{
			"_id": "iHateThatShit76285",
			"_tpl": "59e0d99486f7744a32234762",
			"parentId": "FuckYouUnlimitedAmmo726617",
			"slotId": "main",
			"upd": {
				"StackObjectsCount": 60
			}
		},
		{
			"_id": "iHateThatShit389032",
			"_tpl": "5656d7c34bdc2d9d198b4587",
			"parentId": "FuckYouUnlimitedAmmo726617",
			"slotId": "main",
			"upd": {
				"StackObjectsCount": 60
			}
		},
		{
			"_id": "iHateThatShit321337",
			"_tpl": "59e4d24686f7741776641ac7",
			"parentId": "FuckYouUnlimitedAmmo726617",
			"slotId": "main",
			"upd": {
				"StackObjectsCount": 60
			}
		},
		{
			"_id": "iHateThatShit615233",
			"_tpl": "59e4d3d286f774176a36250a",
			"parentId": "FuckYouUnlimitedAmmo726617",
			"slotId": "main",
			"upd": {
				"StackObjectsCount": 60
			}
		},
		{
			"_id": "mag1Vest170678",
			"_tpl": "59e5d83b86f7745aed03d262",
			"parentId": "B51647189309750885FRoL3P",
			"slotId": "4",
			"location": {
				"x": 0,
				"y": 1,
				"r": "Horizontal"
			}
		},
		{
			"_id": "AmmoMag1Vest71713",
			"_tpl": "5656d7c34bdc2d9d198b4587",
			"parentId": "mag1Vest170678",
			"slotId": "cartridges",
			"upd": {
				"StackObjectsCount": 10
			}
		},
		{
			"_id": "StackAmmo47819529817",
			"_tpl": "59e0d99486f7744a32234762",
			"parentId": "B51647189309750885FRoL3P",
			"slotId": "2",
			"upd": {
				"StackObjectsCount": 31
			}
		},
		{
			"_id": "B51647184784810042ivzOvQ",
			"_tpl": "54491bb74bdc2d09088b4567",
			"parentId": "5c6687d65e9d882c8841f0fd",
			"slotId": "Scabbard"
		},
		{
			"_id": "B51647186070911577vGKpN4",
			"_tpl": "59e770f986f7742cbe3164ef",
			"parentId": "5c6687d65e9d882c8841f0fd",
			"slotId": "Headwear"
		},
		{
			"_id": "B51647189792158688wJwQl1",
			"_tpl": "5c1a1cc52e221602b3136e3d",
			"parentId": "5c6687d65e9d882c8841f0fd",
			"slotId": "Eyewear"
		},
		{
			"_id": "B51647187397896379aCe3Ft",
			"_tpl": "5b4326435acfc433000ed01d",
			"parentId": "5c6687d65e9d882c8841f0fd",
			"slotId": "FaceCover"
		},
		{
			"_id": "Pocket_4614",
			"_tpl": "5af0534a86f7743b6f354284",
			"parentId": "5c6687d65e9d882c8841f121",
			"slotId": "pocket1",
			"location": {
				"x": 0,
				"y": 0,
				"r": "Horizontal"
			},
			"upd": {
				"SpawnedInSession": true
			}
		},
		{
			"_id": "Pocket_886382",
			"_tpl": "590c5bbd86f774785762df04",
			"parentId": "5c6687d65e9d882c8841f121",
			"slotId": "pocket2",
			"location": {
				"x": 0,
				"y": 0,
				"r": "Horizontal"
			},
			"upd": {
				"SpawnedInSession": true
			}
		}
	],
	"equipment": "5c6687d65e9d882c8841f0fd",
	"stash": "5c6687d65e9d882c8841f0fc",
	"questRaidItems": "5c6687d65e9d882c8841f0fe",
	"questStashItems": "5c6687d65e9d882c8841f0ff",
	"fastPanel": {}
}