{
	"items": [
		{
			"_id": "5c6687d65e9d882c8841f0fd",
			"_tpl": "55d7217a4bdc2d86028b456d"
		},
		{
			"_id": "5c6687d65e9d882c8841f121",
			"_tpl": "557ffd194bdc2d28148b457f",
			"parentId": "5c6687d65e9d882c8841f0fd",
			"slotId": "Pockets"
		},
		{
			"_id": "5c6687d65e9d882c8841f0fc",
			"_tpl": "566abbc34bdc2d92178b4576"
		},
		{
			"_id": "5c6687d65e9d882c8841f0ff",
			"_tpl": "5963866b86f7747bfa1c4462"
		},
		{
			"_id": "5c6687d65e9d882c8841f0fe",
			"_tpl": "5963866286f7747bf429b572"
		},
		{
			"_id": "B51647198016421862az3u7E",
			"_tpl": "5929a2a086f7744f4b234d43",
			"parentId": "5c6687d65e9d882c8841f0fd",
			"slotId": "TacticalVest"
		},
		{
			"_id": "I331025275770010755lreVX",
			"_tpl": "59d6088586f774275f37482f",
			"parentId": "5c6687d65e9d882c8841f0fd",
			"slotId": "FirstPrimaryWeapon"
		},
		{
			"_id": "I331025291597571180a4Zw1",
			"_tpl": "59d64ec286f774171d1e0a42",
			"parentId": "I331025275770010755lreVX",
			"slotId": "mod_gas_block"
		},
		{
			"_id": "I33102525762981555A1ae4S",
			"_tpl": "59d64fc686f774171b243fe2",
			"parentId": "I331025275770010755lreVX",
			"slotId": "mod_muzzle"
		},
		{
			"_id": "I33102525162415899Mj4O8y",
			"_tpl": "59e62cc886f77440d40b52a1",
			"parentId": "I331025275770010755lreVX",
			"slotId": "mod_pistol_grip"
		},
		{
			"_id": "I33102527361288487Mcmw19",
			"_tpl": "59d650cf86f7741b846413a4",
			"parentId": "I331025275770010755lreVX",
			"slotId": "mod_sight_rear",
			"upd": {
				"Sight": {
					"SelectedSightMode": 0
				}
			}
		},
		{
			"_id": "I33102524935585206ziatN2",
			"_tpl": "59d6514b86f774171a068a08",
			"parentId": "I331025275770010755lreVX",
			"slotId": "mod_stock"
		},
		{
			"_id": "MagazineWeaponScav1583",
			"_tpl": "5b1fd4e35acfc40018633c39",
			"parentId": "I331025275770010755lreVX",
			"slotId": "mod_magazine"
		},
		{
			"_id": "AmmoMag18840",
			"_tpl": "5656d7c34bdc2d9d198b4587",
			"parentId": "MagazineWeaponScav1583",
			"slotId": "cartridges",
			"upd": {
				"StackObjectsCount": 10
			}
		},
		{
			"_id": "I33102524138867073l5KRUM",
			"_tpl": "59d64f2f86f77417193ef8b3",
			"parentId": "I331025291597571180a4Zw1",
			"slotId": "mod_handguard"
		},
		{
			"_id": "FuckYouUnlimitedAmmo885058",
			"_tpl": "5857a8bc2459772bad15db29",
			"parentId": "5c6687d65e9d882c8841f0fd",
			"slotId": "SecuredContainer"
		},
		{
			"_id": "iHateThatShit800443",
			"_tpl": "5656d7c34bdc2d9d198b4587",
			"parentId": "FuckYouUnlimitedAmmo885058",
			"slotId": "main",
			"upd": {
				"StackObjectsCount": 60
			}
		},
		{
			"_id": "iHateThatShit951370",
			"_tpl": "5656d7c34bdc2d9d198b4587",
			"parentId": "FuckYouUnlimitedAmmo885058",
			"slotId": "main",
			"upd": {
				"StackObjectsCount": 60
			}
		},
		{
			"_id": "iHateThatShit677564",
			"_tpl": "59e0d99486f7744a32234762",
			"parentId": "FuckYouUnlimitedAmmo885058",
			"slotId": "main",
			"upd": {
				"StackObjectsCount": 60
			}
		},
		{
			"_id": "iHateThatShit840659",
			"_tpl": "59e4d24686f7741776641ac7",
			"parentId": "FuckYouUnlimitedAmmo885058",
			"slotId": "main",
			"upd": {
				"StackObjectsCount": 60
			}
		},
		{
			"_id": "iHateThatShit912638",
			"_tpl": "5656d7c34bdc2d9d198b4587",
			"parentId": "FuckYouUnlimitedAmmo885058",
			"slotId": "main",
			"upd": {
				"StackObjectsCount": 60
			}
		},
		{
			"_id": "iHateThatShit32887",
			"_tpl": "59e0d99486f7744a32234762",
			"parentId": "FuckYouUnlimitedAmmo885058",
			"slotId": "main",
			"upd": {
				"StackObjectsCount": 60
			}
		},
		{
			"_id": "iHateThatShit413792",
			"_tpl": "5656d7c34bdc2d9d198b4587",
			"parentId": "FuckYouUnlimitedAmmo885058",
			"slotId": "main",
			"upd": {
				"StackObjectsCount": 60
			}
		},
		{
			"_id": "iHateThatShit734659",
			"_tpl": "59e0d99486f7744a32234762",
			"parentId": "FuckYouUnlimitedAmmo885058",
			"slotId": "main",
			"upd": {
				"StackObjectsCount": 60
			}
		},
		{
			"_id": "iHateThatShit743872",
			"_tpl": "59e0d99486f7744a32234762",
			"parentId": "FuckYouUnlimitedAmmo885058",
			"slotId": "main",
			"upd": {
				"StackObjectsCount": 60
			}
		},
		{
			"_id": "mag1Vest662962",
			"_tpl": "59d625f086f774661516605d",
			"parentId": "B51647198016421862az3u7E",
			"slotId": "4",
			"location": {
				"x": 0,
				"y": 0,
				"r": "Horizontal"
			}
		},
		{
			"_id": "AmmoMag1Vest700084",
			"_tpl": "59e0d99486f7744a32234762",
			"parentId": "mag1Vest662962",
			"slotId": "cartridges",
			"upd": {
				"StackObjectsCount": 30
			}
		},
		{
			"_id": "mag2Vest80902",
			"_tpl": "59d625f086f774661516605d",
			"parentId": "B51647198016421862az3u7E",
			"slotId": "6",
			"location": {
				"x": 0,
				"y": 0,
				"r": "Horizontal"
			}
		},
		{
			"_id": "AmmoMag2Vest840017",
			"_tpl": "59e4d24686f7741776641ac7",
			"parentId": "mag2Vest80902",
			"slotId": "cartridges",
			"upd": {
				"StackObjectsCount": 30
			}
		},
		{
			"_id": "StackAmmo96517290061",
			"_tpl": "5656d7c34bdc2d9d198b4587",
			"parentId": "B51647198016421862az3u7E",
			"slotId": "8",
			"upd": {
				"StackObjectsCount": 43
			}
		},
		{
			"_id": "B51647191996706049mtngrA",
			"_tpl": "5bffdc370db834001d23eca8",
			"parentId": "5c6687d65e9d882c8841f0fd",
			"slotId": "Scabbard"
		},
		{
			"_id": "B51647194241723209QZFNuz",
			"_tpl": "5ab8f85d86f7745cd93a1cf5",
			"parentId": "5c6687d65e9d882c8841f0fd",
			"slotId": "FaceCover"
		},
		{
			"_id": "B51647198085125004uaCPpB",
			"_tpl": "56e33634d2720bd8058b456b",
			"parentId": "5c6687d65e9d882c8841f0fd",
			"slotId": "Backpack"
		},
		{
			"_id": "BP51647192002534310J0Jmh",
			"_tpl": "5d1b3f2d86f774253763b735",
			"parentId": "B51647198085125004uaCPpB",
			"slotId": "main",
			"location": {
				"x": 0,
				"y": 0,
				"r": "Horizontal"
			}
		},
		{
			"_id": "Pocket_376730",
			"_tpl": "5d1b39a386f774252339976f",
			"parentId": "5c6687d65e9d882c8841f121",
			"slotId": "pocket1",
			"location": {
				"x": 0,
				"y": 0,
				"r": "Horizontal"
			},
			"upd": {
				"SpawnedInSession": true
			}
		}
	],
	"equipment": "5c6687d65e9d882c8841f0fd",
	"stash": "5c6687d65e9d882c8841f0fc",
	"questRaidItems": "5c6687d65e9d882c8841f0fe",
	"questStashItems": "5c6687d65e9d882c8841f0ff",
	"fastPanel": {}
}