{
	"items": [
		{
			"_id": "5c6687d65e9d882c8841f0fd",
			"_tpl": "55d7217a4bdc2d86028b456d"
		},
		{
			"_id": "5c6687d65e9d882c8841f121",
			"_tpl": "557ffd194bdc2d28148b457f",
			"parentId": "5c6687d65e9d882c8841f0fd",
			"slotId": "Pockets"
		},
		{
			"_id": "5c6687d65e9d882c8841f0fc",
			"_tpl": "566abbc34bdc2d92178b4576"
		},
		{
			"_id": "5c6687d65e9d882c8841f0ff",
			"_tpl": "5963866b86f7747bfa1c4462"
		},
		{
			"_id": "5c6687d65e9d882c8841f0fe",
			"_tpl": "5963866286f7747bf429b572"
		},
		{
			"_id": "B51647196499447810rvrmLe",
			"_tpl": "5d5d85c586f774279a21cbdb",
			"parentId": "5c6687d65e9d882c8841f0fd",
			"slotId": "TacticalVest"
		},
		{
			"_id": "I331040329507333813hgbCj",
			"_tpl": "59e6687d86f77411d949b251",
			"parentId": "5c6687d65e9d882c8841f0fd",
			"slotId": "FirstPrimaryWeapon"
		},
		{
			"_id": "I331040329660429587AMfYk",
			"_tpl": "59e649f986f77411d949b246",
			"parentId": "I331040329507333813hgbCj",
			"slotId": "mod_gas_block"
		},
		{
			"_id": "I33104032428326380871bAU",
			"_tpl": "59e8a00d86f7742ad93b569c",
			"parentId": "I331040329507333813hgbCj",
			"slotId": "mod_muzzle"
		},
		{
			"_id": "I331040323063142759uPatY",
			"_tpl": "59e6318286f77444dd62c4cc",
			"parentId": "I331040329507333813hgbCj",
			"slotId": "mod_pistol_grip"
		},
		{
			"_id": "I331040326324470583k8u53",
			"_tpl": "59e8977386f77415a553c453",
			"parentId": "I331040329507333813hgbCj",
			"slotId": "mod_sight_rear",
			"upd": {
				"Sight": {
					"SelectedSightMode": 0
				}
			}
		},
		{
			"_id": "MagazineWeaponScav2219",
			"_tpl": "5a0060fc86f7745793204432",
			"parentId": "I331040329507333813hgbCj",
			"slotId": "mod_magazine"
		},
		{
			"_id": "AmmoMag11470",
			"_tpl": "59e6542b86f77411dc52a77a",
			"parentId": "MagazineWeaponScav2219",
			"slotId": "cartridges",
			"upd": {
				"StackObjectsCount": 30
			}
		},
		{
			"_id": "I331040328517196139OgbPG",
			"_tpl": "59e898ee86f77427614bd225",
			"parentId": "I331040329660429587AMfYk",
			"slotId": "mod_handguard"
		},
		{
			"_id": "FuckYouUnlimitedAmmo869236",
			"_tpl": "5857a8bc2459772bad15db29",
			"parentId": "5c6687d65e9d882c8841f0fd",
			"slotId": "SecuredContainer"
		},
		{
			"_id": "iHateThatShit711125",
			"_tpl": "59e6658b86f77411d949b250",
			"parentId": "FuckYouUnlimitedAmmo869236",
			"slotId": "main",
			"upd": {
				"StackObjectsCount": 60
			}
		},
		{
			"_id": "iHateThatShit726110",
			"_tpl": "59e6542b86f77411dc52a77a",
			"parentId": "FuckYouUnlimitedAmmo869236",
			"slotId": "main",
			"upd": {
				"StackObjectsCount": 60
			}
		},
		{
			"_id": "iHateThatShit206624",
			"_tpl": "59e655cb86f77411dc52a77b",
			"parentId": "FuckYouUnlimitedAmmo869236",
			"slotId": "main",
			"upd": {
				"StackObjectsCount": 60
			}
		},
		{
			"_id": "iHateThatShit943151",
			"_tpl": "59e6658b86f77411d949b250",
			"parentId": "FuckYouUnlimitedAmmo869236",
			"slotId": "main",
			"upd": {
				"StackObjectsCount": 60
			}
		},
		{
			"_id": "iHateThatShit214506",
			"_tpl": "59e6658b86f77411d949b250",
			"parentId": "FuckYouUnlimitedAmmo869236",
			"slotId": "main",
			"upd": {
				"StackObjectsCount": 60
			}
		},
		{
			"_id": "iHateThatShit947639",
			"_tpl": "59e655cb86f77411dc52a77b",
			"parentId": "FuckYouUnlimitedAmmo869236",
			"slotId": "main",
			"upd": {
				"StackObjectsCount": 60
			}
		},
		{
			"_id": "iHateThatShit258372",
			"_tpl": "59e655cb86f77411dc52a77b",
			"parentId": "FuckYouUnlimitedAmmo869236",
			"slotId": "main",
			"upd": {
				"StackObjectsCount": 60
			}
		},
		{
			"_id": "iHateThatShit802584",
			"_tpl": "59e6542b86f77411dc52a77a",
			"parentId": "FuckYouUnlimitedAmmo869236",
			"slotId": "main",
			"upd": {
				"StackObjectsCount": 60
			}
		},
		{
			"_id": "iHateThatShit514385",
			"_tpl": "59e655cb86f77411dc52a77b",
			"parentId": "FuckYouUnlimitedAmmo869236",
			"slotId": "main",
			"upd": {
				"StackObjectsCount": 60
			}
		},
		{
			"_id": "mag1Vest32737",
			"_tpl": "5e21a3c67e40bd02257a008a",
			"parentId": "B51647196499447810rvrmLe",
			"slotId": "2",
			"location": {
				"x": 0,
				"y": 0,
				"r": "Horizontal"
			}
		},
		{
			"_id": "AmmoMag1Vest584619",
			"_tpl": "59e6542b86f77411dc52a77a",
			"parentId": "mag1Vest32737",
			"slotId": "cartridges",
			"upd": {
				"StackObjectsCount": 30
			}
		},
		{
			"_id": "mag2Vest867639",
			"_tpl": "5e21a3c67e40bd02257a008a",
			"parentId": "B51647196499447810rvrmLe",
			"slotId": "4",
			"location": {
				"x": 0,
				"y": 0,
				"r": "Horizontal"
			}
		},
		{
			"_id": "AmmoMag2Vest30104",
			"_tpl": "59e6658b86f77411d949b250",
			"parentId": "mag2Vest867639",
			"slotId": "cartridges",
			"upd": {
				"StackObjectsCount": 30
			}
		},
		{
			"_id": "mag3Vest471409",
			"_tpl": "5e21a3c67e40bd02257a008a",
			"parentId": "B51647196499447810rvrmLe",
			"slotId": "6",
			"location": {
				"x": 0,
				"y": 0,
				"r": "Horizontal"
			}
		},
		{
			"_id": "AmmoMag3Vest844502",
			"_tpl": "59e655cb86f77411dc52a77b",
			"parentId": "mag3Vest471409",
			"slotId": "cartridges",
			"upd": {
				"StackObjectsCount": 30
			}
		},
		{
			"_id": "StackAmmo93356483262",
			"_tpl": "59e655cb86f77411dc52a77b",
			"parentId": "B51647196499447810rvrmLe",
			"slotId": "8",
			"upd": {
				"StackObjectsCount": 42
			}
		},
		{
			"_id": "StackAmmo23191890090",
			"_tpl": "59e6658b86f77411d949b250",
			"parentId": "B51647196499447810rvrmLe",
			"slotId": "10",
			"upd": {
				"StackObjectsCount": 41
			}
		},
		{
			"_id": "B51647192382245506znPhyY",
			"_tpl": "57e26ea924597715ca604a09",
			"parentId": "5c6687d65e9d882c8841f0fd",
			"slotId": "Scabbard"
		},
		{
			"_id": "B51647198217484027dcxzX5",
			"_tpl": "5aa2a7e8e5b5b00016327c16",
			"parentId": "5c6687d65e9d882c8841f0fd",
			"slotId": "Headwear"
		},
		{
			"_id": "B51647191554262280LSWbeq",
			"_tpl": "5b432be65acfc433000ed01f",
			"parentId": "5c6687d65e9d882c8841f0fd",
			"slotId": "Eyewear"
		},
		{
			"_id": "B51647198373294044viVJjy",
			"_tpl": "59e7715586f7742ee5789605",
			"parentId": "5c6687d65e9d882c8841f0fd",
			"slotId": "FaceCover"
		},
		{
			"_id": "B51647192284461474Xmi2mM",
			"_tpl": "5c0e5bab86f77461f55ed1f3",
			"parentId": "5c6687d65e9d882c8841f0fd",
			"slotId": "ArmorVest",
			"upd": {
				"Repairable": {
					"MaxDurability": 60,
					"Durability": 43
				}
			}
		}
	],
	"equipment": "5c6687d65e9d882c8841f0fd",
	"stash": "5c6687d65e9d882c8841f0fc",
	"questRaidItems": "5c6687d65e9d882c8841f0fe",
	"questStashItems": "5c6687d65e9d882c8841f0ff",
	"fastPanel": {}
}