{
	"items": [
		{
			"_id": "5c6687d65e9d882c8841f0fd",
			"_tpl": "55d7217a4bdc2d86028b456d"
		},
		{
			"_id": "5c6687d65e9d882c8841f121",
			"_tpl": "557ffd194bdc2d28148b457f",
			"parentId": "5c6687d65e9d882c8841f0fd",
			"slotId": "Pockets"
		},
		{
			"_id": "5c6687d65e9d882c8841f0fc",
			"_tpl": "566abbc34bdc2d92178b4576"
		},
		{
			"_id": "5c6687d65e9d882c8841f0ff",
			"_tpl": "5963866b86f7747bfa1c4462"
		},
		{
			"_id": "5c6687d65e9d882c8841f0fe",
			"_tpl": "5963866286f7747bf429b572"
		},
		{
			"_id": "B51647184758315693fDwygx",
			"_tpl": "5929a2a086f7744f4b234d43",
			"parentId": "5c6687d65e9d882c8841f0fd",
			"slotId": "TacticalVest"
		},
		{
			"_id": "I21009598191408688ToVySh",
			"_tpl": "5ab8e9fcd8ce870019439434",
			"parentId": "5c6687d65e9d882c8841f0fd",
			"slotId": "FirstPrimaryWeapon"
		},
		{
			"_id": "I21009595571020247d5hHlX",
			"_tpl": "59c6633186f7740cf0493bb9",
			"parentId": "I21009598191408688ToVySh",
			"slotId": "mod_gas_block"
		},
		{
			"_id": "I21009596989377365ZybKpV",
			"_tpl": "5649aa744bdc2ded0b8b457e",
			"parentId": "I21009598191408688ToVySh",
			"slotId": "mod_muzzle"
		},
		{
			"_id": "I210095963379697194J4HFk",
			"_tpl": "57e3dba62459770f0c32322b",
			"parentId": "I21009598191408688ToVySh",
			"slotId": "mod_pistol_grip"
		},
		{
			"_id": "I21009598343070020HWMEJm",
			"_tpl": "5649af094bdc2df8348b4586",
			"parentId": "I21009598191408688ToVySh",
			"slotId": "mod_reciever"
		},
		{
			"_id": "I21009597900706335Ptte4Q",
			"_tpl": "5649b0544bdc2d1b2b8b458a",
			"parentId": "I21009598191408688ToVySh",
			"slotId": "mod_sight_rear",
			"upd": {
				"Sight": {
					"SelectedSightMode": 0
				}
			}
		},
		{
			"_id": "I21009596982488061jxeR22",
			"_tpl": "5ab626e4d8ce87272e4c6e43",
			"parentId": "I21009598191408688ToVySh",
			"slotId": "mod_stock"
		},
		{
			"_id": "MagazineWeaponScav6599",
			"_tpl": "55d480c04bdc2d1d4e8b456a",
			"parentId": "I21009598191408688ToVySh",
			"slotId": "mod_magazine"
		},
		{
			"_id": "AmmoMag14540",
			"_tpl": "56dff3afd2720bba668b4567",
			"parentId": "MagazineWeaponScav6599",
			"slotId": "cartridges",
			"upd": {
				"StackObjectsCount": 30
			}
		},
		{
			"_id": "I210095973997239818ShTz1",
			"_tpl": "5648b0744bdc2d363b8b4578",
			"parentId": "I21009595571020247d5hHlX",
			"slotId": "mod_handguard"
		},
		{
			"_id": "FuckYouUnlimitedAmmo382104",
			"_tpl": "5857a8bc2459772bad15db29",
			"parentId": "5c6687d65e9d882c8841f0fd",
			"slotId": "SecuredContainer"
		},
		{
			"_id": "iHateThatShit865367",
			"_tpl": "56dff0bed2720bb0668b4567",
			"parentId": "FuckYouUnlimitedAmmo382104",
			"slotId": "main",
			"upd": {
				"StackObjectsCount": 60
			}
		},
		{
			"_id": "iHateThatShit914904",
			"_tpl": "56dff026d2720bb8668b4567",
			"parentId": "FuckYouUnlimitedAmmo382104",
			"slotId": "main",
			"upd": {
				"StackObjectsCount": 60
			}
		},
		{
			"_id": "iHateThatShit938581",
			"_tpl": "56dff421d2720b5f5a8b4567",
			"parentId": "FuckYouUnlimitedAmmo382104",
			"slotId": "main",
			"upd": {
				"StackObjectsCount": 60
			}
		},
		{
			"_id": "iHateThatShit112980",
			"_tpl": "56dff421d2720b5f5a8b4567",
			"parentId": "FuckYouUnlimitedAmmo382104",
			"slotId": "main",
			"upd": {
				"StackObjectsCount": 60
			}
		},
		{
			"_id": "iHateThatShit87934",
			"_tpl": "56dff4ecd2720b5f5a8b4568",
			"parentId": "FuckYouUnlimitedAmmo382104",
			"slotId": "main",
			"upd": {
				"StackObjectsCount": 60
			}
		},
		{
			"_id": "iHateThatShit913734",
			"_tpl": "56dff4a2d2720bbd668b456a",
			"parentId": "FuckYouUnlimitedAmmo382104",
			"slotId": "main",
			"upd": {
				"StackObjectsCount": 60
			}
		},
		{
			"_id": "iHateThatShit172764",
			"_tpl": "56dfef82d2720bbd668b4567",
			"parentId": "FuckYouUnlimitedAmmo382104",
			"slotId": "main",
			"upd": {
				"StackObjectsCount": 60
			}
		},
		{
			"_id": "iHateThatShit494300",
			"_tpl": "56dff026d2720bb8668b4567",
			"parentId": "FuckYouUnlimitedAmmo382104",
			"slotId": "main",
			"upd": {
				"StackObjectsCount": 60
			}
		},
		{
			"_id": "iHateThatShit531183",
			"_tpl": "5c0d5e4486f77478390952fe",
			"parentId": "FuckYouUnlimitedAmmo382104",
			"slotId": "main",
			"upd": {
				"StackObjectsCount": 60
			}
		},
		{
			"_id": "mag1Vest643331",
			"_tpl": "5cbdaf89ae9215000e5b9c94",
			"parentId": "B51647184758315693fDwygx",
			"slotId": "4",
			"location": {
				"x": 0,
				"y": 0,
				"r": "Horizontal"
			}
		},
		{
			"_id": "AmmoMag1Vest959668",
			"_tpl": "56dff4a2d2720bbd668b456a",
			"parentId": "mag1Vest643331",
			"slotId": "cartridges",
			"upd": {
				"StackObjectsCount": 30
			}
		},
		{
			"_id": "mag2Vest956395",
			"_tpl": "5cbdaf89ae9215000e5b9c94",
			"parentId": "B51647184758315693fDwygx",
			"slotId": "6",
			"location": {
				"x": 0,
				"y": 0,
				"r": "Horizontal"
			}
		},
		{
			"_id": "AmmoMag2Vest629364",
			"_tpl": "56dff4a2d2720bbd668b456a",
			"parentId": "mag2Vest956395",
			"slotId": "cartridges",
			"upd": {
				"StackObjectsCount": 30
			}
		},
		{
			"_id": "StackAmmo33738341397",
			"_tpl": "56dff4a2d2720bbd668b456a",
			"parentId": "B51647184758315693fDwygx",
			"slotId": "2",
			"upd": {
				"StackObjectsCount": 45
			}
		},
		{
			"_id": "B51647189681424418g5H7Zy",
			"_tpl": "57e26fc7245977162a14b800",
			"parentId": "5c6687d65e9d882c8841f0fd",
			"slotId": "Scabbard"
		},
		{
			"_id": "B51647185502651182hhhm1u",
			"_tpl": "5aa2b8d7e5b5b00014028f4a",
			"parentId": "5c6687d65e9d882c8841f0fd",
			"slotId": "Headwear"
		},
		{
			"_id": "B51647184570817469j0LuP8",
			"_tpl": "557ff21e4bdc2d89578b4586",
			"parentId": "5c6687d65e9d882c8841f0fd",
			"slotId": "Eyewear"
		},
		{
			"_id": "B51647187713106497ac1TNV",
			"_tpl": "5ab8e4ed86f7742d8e50c7fa",
			"parentId": "5c6687d65e9d882c8841f0fd",
			"slotId": "ArmorVest",
			"upd": {
				"Repairable": {
					"MaxDurability": 50,
					"Durability": 18
				}
			}
		},
		{
			"_id": "Pocket_33468",
			"_tpl": "5734779624597737e04bf329",
			"parentId": "5c6687d65e9d882c8841f121",
			"slotId": "pocket1",
			"location": {
				"x": 0,
				"y": 0,
				"r": "Horizontal"
			},
			"upd": {
				"SpawnedInSession": true
			}
		}
	],
	"equipment": "5c6687d65e9d882c8841f0fd",
	"stash": "5c6687d65e9d882c8841f0fc",
	"questRaidItems": "5c6687d65e9d882c8841f0fe",
	"questStashItems": "5c6687d65e9d882c8841f0ff",
	"fastPanel": {}
}