{
	"items": [
		{
			"_id": "5c6687d65e9d882c8841f0fd",
			"_tpl": "55d7217a4bdc2d86028b456d"
		},
		{
			"_id": "5c6687d65e9d882c8841f121",
			"_tpl": "557ffd194bdc2d28148b457f",
			"parentId": "5c6687d65e9d882c8841f0fd",
			"slotId": "Pockets"
		},
		{
			"_id": "5c6687d65e9d882c8841f0fc",
			"_tpl": "566abbc34bdc2d92178b4576"
		},
		{
			"_id": "5c6687d65e9d882c8841f0ff",
			"_tpl": "5963866b86f7747bfa1c4462"
		},
		{
			"_id": "5c6687d65e9d882c8841f0fe",
			"_tpl": "5963866286f7747bf429b572"
		},
		{
			"_id": "B51647198370925431Sn2KyJ",
			"_tpl": "5e4abfed86f77406a2713cf7",
			"parentId": "5c6687d65e9d882c8841f0fd",
			"slotId": "TacticalVest"
		},
		{
			"_id": "I3310281122121123702Td0l",
			"_tpl": "5a0ec13bfcdbcb00165aa685",
			"parentId": "5c6687d65e9d882c8841f0fd",
			"slotId": "FirstPrimaryWeapon"
		},
		{
			"_id": "I3310281187729532922otOg",
			"_tpl": "59d64ec286f774171d1e0a42",
			"parentId": "I3310281122121123702Td0l",
			"slotId": "mod_gas_block"
		},
		{
			"_id": "I3310281193479639317e0qJ",
			"_tpl": "59d64fc686f774171b243fe2",
			"parentId": "I3310281122121123702Td0l",
			"slotId": "mod_muzzle"
		},
		{
			"_id": "I331028119542828623lpUmS",
			"_tpl": "59e62cc886f77440d40b52a1",
			"parentId": "I3310281122121123702Td0l",
			"slotId": "mod_pistol_grip"
		},
		{
			"_id": "I3310281189199626355CbXG",
			"_tpl": "59d650cf86f7741b846413a4",
			"parentId": "I3310281122121123702Td0l",
			"slotId": "mod_sight_rear",
			"upd": {
				"Sight": {
					"SelectedSightMode": 0
				}
			}
		},
		{
			"_id": "MagazineWeaponScav2429",
			"_tpl": "59e5d83b86f7745aed03d262",
			"parentId": "I3310281122121123702Td0l",
			"slotId": "mod_magazine"
		},
		{
			"_id": "AmmoMag19660",
			"_tpl": "59e4d3d286f774176a36250a",
			"parentId": "MagazineWeaponScav2429",
			"slotId": "cartridges",
			"upd": {
				"StackObjectsCount": 10
			}
		},
		{
			"_id": "I331028115854966088QLkTo",
			"_tpl": "59d64f2f86f77417193ef8b3",
			"parentId": "I3310281187729532922otOg",
			"slotId": "mod_handguard"
		},
		{
			"_id": "FuckYouUnlimitedAmmo670414",
			"_tpl": "5857a8bc2459772bad15db29",
			"parentId": "5c6687d65e9d882c8841f0fd",
			"slotId": "SecuredContainer"
		},
		{
			"_id": "iHateThatShit269381",
			"_tpl": "59e4cf5286f7741778269d8a",
			"parentId": "FuckYouUnlimitedAmmo670414",
			"slotId": "main",
			"upd": {
				"StackObjectsCount": 60
			}
		},
		{
			"_id": "iHateThatShit402682",
			"_tpl": "59e4cf5286f7741778269d8a",
			"parentId": "FuckYouUnlimitedAmmo670414",
			"slotId": "main",
			"upd": {
				"StackObjectsCount": 60
			}
		},
		{
			"_id": "iHateThatShit539773",
			"_tpl": "5656d7c34bdc2d9d198b4587",
			"parentId": "FuckYouUnlimitedAmmo670414",
			"slotId": "main",
			"upd": {
				"StackObjectsCount": 60
			}
		},
		{
			"_id": "iHateThatShit689164",
			"_tpl": "59e0d99486f7744a32234762",
			"parentId": "FuckYouUnlimitedAmmo670414",
			"slotId": "main",
			"upd": {
				"StackObjectsCount": 60
			}
		},
		{
			"_id": "iHateThatShit479923",
			"_tpl": "59e4cf5286f7741778269d8a",
			"parentId": "FuckYouUnlimitedAmmo670414",
			"slotId": "main",
			"upd": {
				"StackObjectsCount": 60
			}
		},
		{
			"_id": "iHateThatShit74215",
			"_tpl": "59e4d24686f7741776641ac7",
			"parentId": "FuckYouUnlimitedAmmo670414",
			"slotId": "main",
			"upd": {
				"StackObjectsCount": 60
			}
		},
		{
			"_id": "iHateThatShit269100",
			"_tpl": "59e4cf5286f7741778269d8a",
			"parentId": "FuckYouUnlimitedAmmo670414",
			"slotId": "main",
			"upd": {
				"StackObjectsCount": 60
			}
		},
		{
			"_id": "iHateThatShit116119",
			"_tpl": "59e4d24686f7741776641ac7",
			"parentId": "FuckYouUnlimitedAmmo670414",
			"slotId": "main",
			"upd": {
				"StackObjectsCount": 60
			}
		},
		{
			"_id": "iHateThatShit878526",
			"_tpl": "59e0d99486f7744a32234762",
			"parentId": "FuckYouUnlimitedAmmo670414",
			"slotId": "main",
			"upd": {
				"StackObjectsCount": 60
			}
		},
		{
			"_id": "mag0Vest27685",
			"_tpl": "59e5d83b86f7745aed03d262",
			"parentId": "B51647198370925431Sn2KyJ",
			"slotId": "1",
			"location": {
				"x": 0,
				"y": 0,
				"r": "Horizontal"
			}
		},
		{
			"_id": "AmmoMag0Vest120132",
			"_tpl": "5656d7c34bdc2d9d198b4587",
			"parentId": "mag0Vest27685",
			"slotId": "cartridges",
			"upd": {
				"StackObjectsCount": 10
			}
		},
		{
			"_id": "mag1Vest119445",
			"_tpl": "59e5d83b86f7745aed03d262",
			"parentId": "B51647198370925431Sn2KyJ",
			"slotId": "3",
			"location": {
				"x": 0,
				"y": 0,
				"r": "Horizontal"
			}
		},
		{
			"_id": "AmmoMag1Vest508586",
			"_tpl": "59e4d3d286f774176a36250a",
			"parentId": "mag1Vest119445",
			"slotId": "cartridges",
			"upd": {
				"StackObjectsCount": 10
			}
		},
		{
			"_id": "mag1Vest587623",
			"_tpl": "59e5d83b86f7745aed03d262",
			"parentId": "B51647198370925431Sn2KyJ",
			"slotId": "3",
			"location": {
				"x": 0,
				"y": 1,
				"r": "Horizontal"
			}
		},
		{
			"_id": "AmmoMag1Vest690738",
			"_tpl": "5656d7c34bdc2d9d198b4587",
			"parentId": "mag1Vest587623",
			"slotId": "cartridges",
			"upd": {
				"StackObjectsCount": 10
			}
		},
		{
			"_id": "StackAmmo2303170993",
			"_tpl": "59e4d3d286f774176a36250a",
			"parentId": "B51647198370925431Sn2KyJ",
			"slotId": "10",
			"upd": {
				"StackObjectsCount": 53
			}
		},
		{
			"_id": "B51647199987303976aMQ1gg",
			"_tpl": "57e26fc7245977162a14b800",
			"parentId": "5c6687d65e9d882c8841f0fd",
			"slotId": "Scabbard"
		},
		{
			"_id": "B51647197543496972tCoQ1E",
			"_tpl": "56e33634d2720bd8058b456b",
			"parentId": "5c6687d65e9d882c8841f0fd",
			"slotId": "Backpack"
		},
		{
			"_id": "BP51647193951867863bD1vY",
			"_tpl": "5c06779c86f77426e00dd782",
			"parentId": "B51647197543496972tCoQ1E",
			"slotId": "main",
			"location": {
				"x": 0,
				"y": 0,
				"r": "Horizontal"
			}
		},
		{
			"_id": "BP51647192378813388kBkcf",
			"_tpl": "57347c77245977448d35f6e2",
			"parentId": "B51647197543496972tCoQ1E",
			"slotId": "main",
			"location": {
				"x": 0,
				"y": 1,
				"r": "Horizontal"
			}
		},
		{
			"_id": "BP51647197630225898Pe180",
			"_tpl": "57513fcc24597720a31c09a6",
			"parentId": "B51647197543496972tCoQ1E",
			"slotId": "main",
			"location": {
				"x": 1,
				"y": 0,
				"r": "Horizontal"
			}
		},
		{
			"_id": "BP51647198818857745GbSty",
			"_tpl": "5672cb304bdc2dc2088b456a",
			"parentId": "B51647197543496972tCoQ1E",
			"slotId": "main",
			"location": {
				"x": 0,
				"y": 2,
				"r": "Horizontal"
			}
		},
		{
			"_id": "B51647191275144381cgWNBa",
			"_tpl": "5b44d22286f774172b0c9de8",
			"parentId": "5c6687d65e9d882c8841f0fd",
			"slotId": "ArmorVest",
			"upd": {
				"Repairable": {
					"MaxDurability": 70,
					"Durability": 2
				}
			}
		},
		{
			"_id": "Pocket_709204",
			"_tpl": "5d1b3a5d86f774252167ba22",
			"parentId": "5c6687d65e9d882c8841f121",
			"slotId": "pocket1",
			"location": {
				"x": 0,
				"y": 0,
				"r": "Horizontal"
			},
			"upd": {
				"SpawnedInSession": true
			}
		},
		{
			"_id": "Pocket_933190",
			"_tpl": "5ad5db3786f7743568421cce",
			"parentId": "5c6687d65e9d882c8841f121",
			"slotId": "pocket2",
			"location": {
				"x": 0,
				"y": 0,
				"r": "Horizontal"
			},
			"upd": {
				"SpawnedInSession": true
			}
		},
		{
			"_id": "Pocket_89019",
			"_tpl": "5d1b2ffd86f77425243e8d17",
			"parentId": "5c6687d65e9d882c8841f121",
			"slotId": "pocket3",
			"location": {
				"x": 0,
				"y": 0,
				"r": "Horizontal"
			},
			"upd": {
				"SpawnedInSession": true
			}
		}
	],
	"equipment": "5c6687d65e9d882c8841f0fd",
	"stash": "5c6687d65e9d882c8841f0fc",
	"questRaidItems": "5c6687d65e9d882c8841f0fe",
	"questStashItems": "5c6687d65e9d882c8841f0ff",
	"fastPanel": {}
}