{
	"items": [
		{
			"_id": "5c6687d65e9d882c8841f0fd",
			"_tpl": "55d7217a4bdc2d86028b456d"
		},
		{
			"_id": "5c6687d65e9d882c8841f121",
			"_tpl": "557ffd194bdc2d28148b457f",
			"parentId": "5c6687d65e9d882c8841f0fd",
			"slotId": "Pockets"
		},
		{
			"_id": "5c6687d65e9d882c8841f0fc",
			"_tpl": "566abbc34bdc2d92178b4576"
		},
		{
			"_id": "5c6687d65e9d882c8841f0ff",
			"_tpl": "5963866b86f7747bfa1c4462"
		},
		{
			"_id": "5c6687d65e9d882c8841f0fe",
			"_tpl": "5963866286f7747bf429b572"
		},
		{
			"_id": "B51647194807796230xNC7Dq",
			"_tpl": "5648a69d4bdc2ded0b8b457b",
			"parentId": "5c6687d65e9d882c8841f0fd",
			"slotId": "TacticalVest"
		},
		{
			"_id": "I331037273778582710Ve4xt",
			"_tpl": "576165642459773c7a400233",
			"parentId": "5c6687d65e9d882c8841f0fd",
			"slotId": "FirstPrimaryWeapon"
		},
		{
			"_id": "I331037277936492602HaUnF",
			"_tpl": "576169e62459773c69055191",
			"parentId": "I331037273778582710Ve4xt",
			"slotId": "mod_handguard"
		},
		{
			"_id": "I331037271337023575jZfwo",
			"_tpl": "576167ab2459773cad038c43",
			"parentId": "I331037273778582710Ve4xt",
			"slotId": "mod_muzzle"
		},
		{
			"_id": "I331037271279086441Y204d",
			"_tpl": "5649ade84bdc2d1b2b8b4587",
			"parentId": "I331037273778582710Ve4xt",
			"slotId": "mod_pistol_grip"
		},
		{
			"_id": "I331037277100226548TQt0q",
			"_tpl": "57a9b9ce2459770ee926038d",
			"parentId": "I331037273778582710Ve4xt",
			"slotId": "mod_sight_rear",
			"upd": {
				"Sight": {
					"SelectedSightMode": 0
				}
			}
		},
		{
			"_id": "I3310372799184345989DkQA",
			"_tpl": "57616ca52459773c69055192",
			"parentId": "I331037273778582710Ve4xt",
			"slotId": "mod_stock"
		},
		{
			"_id": "MagazineWeaponScav9493",
			"_tpl": "57616a9e2459773c7a400234",
			"parentId": "I331037273778582710Ve4xt",
			"slotId": "mod_magazine"
		},
		{
			"_id": "AmmoMag11580",
			"_tpl": "5d6e68a8a4b9360b6c0d54e2",
			"parentId": "MagazineWeaponScav9493",
			"slotId": "cartridges",
			"upd": {
				"StackObjectsCount": 5
			}
		},
		{
			"_id": "FuckYouUnlimitedAmmo808331",
			"_tpl": "5857a8bc2459772bad15db29",
			"parentId": "5c6687d65e9d882c8841f0fd",
			"slotId": "SecuredContainer"
		},
		{
			"_id": "iHateThatShit425212",
			"_tpl": "58820d1224597753c90aeb13",
			"parentId": "FuckYouUnlimitedAmmo808331",
			"slotId": "main",
			"upd": {
				"StackObjectsCount": 60
			}
		},
		{
			"_id": "iHateThatShit693509",
			"_tpl": "5d6e68a8a4b9360b6c0d54e2",
			"parentId": "FuckYouUnlimitedAmmo808331",
			"slotId": "main",
			"upd": {
				"StackObjectsCount": 60
			}
		},
		{
			"_id": "iHateThatShit259550",
			"_tpl": "5d6e6806a4b936088465b17e",
			"parentId": "FuckYouUnlimitedAmmo808331",
			"slotId": "main",
			"upd": {
				"StackObjectsCount": 60
			}
		},
		{
			"_id": "iHateThatShit810112",
			"_tpl": "5d6e6806a4b936088465b17e",
			"parentId": "FuckYouUnlimitedAmmo808331",
			"slotId": "main",
			"upd": {
				"StackObjectsCount": 60
			}
		},
		{
			"_id": "iHateThatShit780732",
			"_tpl": "5d6e68b3a4b9361bca7e50b5",
			"parentId": "FuckYouUnlimitedAmmo808331",
			"slotId": "main",
			"upd": {
				"StackObjectsCount": 60
			}
		},
		{
			"_id": "iHateThatShit336178",
			"_tpl": "5d6fbf68a4b9362233221f6b",
			"parentId": "FuckYouUnlimitedAmmo808331",
			"slotId": "main",
			"upd": {
				"StackObjectsCount": 60
			}
		},
		{
			"_id": "iHateThatShit835734",
			"_tpl": "5d6fbf68a4b9362233221f6b",
			"parentId": "FuckYouUnlimitedAmmo808331",
			"slotId": "main",
			"upd": {
				"StackObjectsCount": 60
			}
		},
		{
			"_id": "iHateThatShit318335",
			"_tpl": "5d6e6806a4b936088465b17e",
			"parentId": "FuckYouUnlimitedAmmo808331",
			"slotId": "main",
			"upd": {
				"StackObjectsCount": 60
			}
		},
		{
			"_id": "iHateThatShit151028",
			"_tpl": "5d6e6911a4b9361bd5780d52",
			"parentId": "FuckYouUnlimitedAmmo808331",
			"slotId": "main",
			"upd": {
				"StackObjectsCount": 60
			}
		},
		{
			"_id": "mag0Vest23241",
			"_tpl": "57616a9e2459773c7a400234",
			"parentId": "B51647194807796230xNC7Dq",
			"slotId": "1",
			"location": {
				"x": 0,
				"y": 0,
				"r": "Horizontal"
			}
		},
		{
			"_id": "AmmoMag0Vest355917",
			"_tpl": "560d5e524bdc2d25448b4571",
			"parentId": "mag0Vest23241",
			"slotId": "cartridges",
			"upd": {
				"StackObjectsCount": 5
			}
		},
		{
			"_id": "mag1Vest497092",
			"_tpl": "57616a9e2459773c7a400234",
			"parentId": "B51647194807796230xNC7Dq",
			"slotId": "3",
			"location": {
				"x": 0,
				"y": 0,
				"r": "Horizontal"
			}
		},
		{
			"_id": "AmmoMag1Vest364567",
			"_tpl": "5d6e6772a4b936088465b17c",
			"parentId": "mag1Vest497092",
			"slotId": "cartridges",
			"upd": {
				"StackObjectsCount": 5
			}
		},
		{
			"_id": "mag2Vest506378",
			"_tpl": "57616a9e2459773c7a400234",
			"parentId": "B51647194807796230xNC7Dq",
			"slotId": "10",
			"location": {
				"x": 0,
				"y": 0,
				"r": "Horizontal"
			}
		},
		{
			"_id": "AmmoMag2Vest285209",
			"_tpl": "5d6e68d1a4b93622fe60e845",
			"parentId": "mag2Vest506378",
			"slotId": "cartridges",
			"upd": {
				"StackObjectsCount": 5
			}
		},
		{
			"_id": "mag0Vest409023",
			"_tpl": "57616a9e2459773c7a400234",
			"parentId": "B51647194807796230xNC7Dq",
			"slotId": "5",
			"location": {
				"x": 1,
				"y": 0,
				"r": "Horizontal"
			}
		},
		{
			"_id": "AmmoMag0Vest965153",
			"_tpl": "5d6e68c4a4b9361b93413f79",
			"parentId": "mag0Vest409023",
			"slotId": "cartridges",
			"upd": {
				"StackObjectsCount": 5
			}
		},
		{
			"_id": "StackAmmo878419857",
			"_tpl": "5d6e68dea4b9361bcc29e659",
			"parentId": "B51647194807796230xNC7Dq",
			"slotId": "6",
			"upd": {
				"StackObjectsCount": 11
			}
		},
		{
			"_id": "B51647195809486760Se1VW8",
			"_tpl": "54491bb74bdc2d09088b4567",
			"parentId": "5c6687d65e9d882c8841f0fd",
			"slotId": "Scabbard"
		},
		{
			"_id": "B51647197322670955gugXBS",
			"_tpl": "59e770f986f7742cbe3164ef",
			"parentId": "5c6687d65e9d882c8841f0fd",
			"slotId": "Headwear"
		},
		{
			"_id": "B51647199858222302yXtEVZ",
			"_tpl": "5d6d2ef3a4b93618084f58bd",
			"parentId": "5c6687d65e9d882c8841f0fd",
			"slotId": "Eyewear"
		},
		{
			"_id": "B51647196672511084fBG1R7",
			"_tpl": "5bd0716d86f774171822ef4b",
			"parentId": "5c6687d65e9d882c8841f0fd",
			"slotId": "FaceCover"
		},
		{
			"_id": "B51647195113463697V9Q3he",
			"_tpl": "544a5cde4bdc2d39388b456b",
			"parentId": "5c6687d65e9d882c8841f0fd",
			"slotId": "Backpack"
		},
		{
			"_id": "BP51647199713189467fbH1y",
			"_tpl": "57505f6224597709a92585a9",
			"parentId": "B51647195113463697V9Q3he",
			"slotId": "main",
			"location": {
				"x": 0,
				"y": 0,
				"r": "Horizontal"
			}
		},
		{
			"_id": "BP51647195019793319TeJXv",
			"_tpl": "5d4041f086f7743cac3f22a7",
			"parentId": "B51647195113463697V9Q3he",
			"slotId": "main",
			"location": {
				"x": 0,
				"y": 1,
				"r": "Horizontal"
			}
		},
		{
			"_id": "Pocket_133725",
			"_tpl": "5d1b39a386f774252339976f",
			"parentId": "5c6687d65e9d882c8841f121",
			"slotId": "pocket1",
			"location": {
				"x": 0,
				"y": 0,
				"r": "Horizontal"
			},
			"upd": {
				"SpawnedInSession": true
			}
		},
		{
			"_id": "Pocket_461621",
			"_tpl": "5af0561e86f7745f5f3ad6ac",
			"parentId": "5c6687d65e9d882c8841f121",
			"slotId": "pocket2",
			"location": {
				"x": 0,
				"y": 0,
				"r": "Horizontal"
			},
			"upd": {
				"SpawnedInSession": true
			}
		},
		{
			"_id": "Pocket_168383",
			"_tpl": "5d80c6fc86f774403a401e3c",
			"parentId": "5c6687d65e9d882c8841f121",
			"slotId": "pocket3",
			"location": {
				"x": 0,
				"y": 0,
				"r": "Horizontal"
			},
			"upd": {
				"SpawnedInSession": true
			}
		}
	],
	"equipment": "5c6687d65e9d882c8841f0fd",
	"stash": "5c6687d65e9d882c8841f0fc",
	"questRaidItems": "5c6687d65e9d882c8841f0fe",
	"questStashItems": "5c6687d65e9d882c8841f0ff",
	"fastPanel": {}
}