{
	"items": [
		{
			"_id": "5c6687d65e9d882c8841f0fd",
			"_tpl": "55d7217a4bdc2d86028b456d"
		},
		{
			"_id": "5c6687d65e9d882c8841f121",
			"_tpl": "557ffd194bdc2d28148b457f",
			"parentId": "5c6687d65e9d882c8841f0fd",
			"slotId": "Pockets"
		},
		{
			"_id": "5c6687d65e9d882c8841f0fc",
			"_tpl": "566abbc34bdc2d92178b4576"
		},
		{
			"_id": "5c6687d65e9d882c8841f0ff",
			"_tpl": "5963866b86f7747bfa1c4462"
		},
		{
			"_id": "5c6687d65e9d882c8841f0fe",
			"_tpl": "5963866286f7747bf429b572"
		},
		{
			"_id": "B51647196917398062QdZJ4e",
			"_tpl": "5648a69d4bdc2ded0b8b457b",
			"parentId": "5c6687d65e9d882c8841f0fd",
			"slotId": "TacticalVest"
		},
		{
			"_id": "I331022513615285391v8jev",
			"_tpl": "583990e32459771419544dd2",
			"parentId": "5c6687d65e9d882c8841f0fd",
			"slotId": "FirstPrimaryWeapon"
		},
		{
			"_id": "I331022513513120381mPklm",
			"_tpl": "5649ad3f4bdc2df8348b4585",
			"parentId": "I331022513615285391v8jev",
			"slotId": "mod_pistol_grip"
		},
		{
			"_id": "I3310225123475816610QvyT",
			"_tpl": "57dc347d245977596754e7a1",
			"parentId": "I331022513615285391v8jev",
			"slotId": "mod_stock"
		},
		{
			"_id": "MagazineWeaponScav8559",
			"_tpl": "55d4837c4bdc2d1d4e8b456c",
			"parentId": "I331022513615285391v8jev",
			"slotId": "mod_magazine"
		},
		{
			"_id": "AmmoMag1831",
			"_tpl": "56dff0bed2720bb0668b4567",
			"parentId": "MagazineWeaponScav8559",
			"slotId": "cartridges",
			"upd": {
				"StackObjectsCount": 10
			}
		},
		{
			"_id": "I3310225147058858019k3a8",
			"_tpl": "57dc324a24597759501edc20",
			"parentId": "I331022513615285391v8jev",
			"slotId": "mod_muzzle"
		},
		{
			"_id": "I331022519924121824JaJpl",
			"_tpl": "59d36a0086f7747e673f3946",
			"parentId": "I331022513615285391v8jev",
			"slotId": "mod_gas_block"
		},
		{
			"_id": "I3310225117910297229F7hz",
			"_tpl": "56dfef82d2720bbd668b4567",
			"parentId": "I331022518740798636S0FY3",
			"slotId": "cartridges",
			"location": 0,
			"upd": {
				"StackObjectsCount": 30
			}
		},
		{
			"_id": "I3310225161860541350eHyK",
			"_tpl": "57dc32dc245977596d4ef3d3",
			"parentId": "I331022519924121824JaJpl",
			"slotId": "mod_handguard"
		},
		{
			"_id": "FuckYouUnlimitedAmmo368636",
			"_tpl": "5857a8bc2459772bad15db29",
			"parentId": "5c6687d65e9d882c8841f0fd",
			"slotId": "SecuredContainer"
		},
		{
			"_id": "iHateThatShit160986",
			"_tpl": "56dff216d2720bbd668b4568",
			"parentId": "FuckYouUnlimitedAmmo368636",
			"slotId": "main",
			"upd": {
				"StackObjectsCount": 60
			}
		},
		{
			"_id": "iHateThatShit512513",
			"_tpl": "56dff421d2720b5f5a8b4567",
			"parentId": "FuckYouUnlimitedAmmo368636",
			"slotId": "main",
			"upd": {
				"StackObjectsCount": 60
			}
		},
		{
			"_id": "iHateThatShit116343",
			"_tpl": "56dff026d2720bb8668b4567",
			"parentId": "FuckYouUnlimitedAmmo368636",
			"slotId": "main",
			"upd": {
				"StackObjectsCount": 60
			}
		},
		{
			"_id": "iHateThatShit221330",
			"_tpl": "56dff4a2d2720bbd668b456a",
			"parentId": "FuckYouUnlimitedAmmo368636",
			"slotId": "main",
			"upd": {
				"StackObjectsCount": 60
			}
		},
		{
			"_id": "iHateThatShit435748",
			"_tpl": "56dff4a2d2720bbd668b456a",
			"parentId": "FuckYouUnlimitedAmmo368636",
			"slotId": "main",
			"upd": {
				"StackObjectsCount": 60
			}
		},
		{
			"_id": "iHateThatShit767585",
			"_tpl": "56dff026d2720bb8668b4567",
			"parentId": "FuckYouUnlimitedAmmo368636",
			"slotId": "main",
			"upd": {
				"StackObjectsCount": 60
			}
		},
		{
			"_id": "iHateThatShit575781",
			"_tpl": "56dff4ecd2720b5f5a8b4568",
			"parentId": "FuckYouUnlimitedAmmo368636",
			"slotId": "main",
			"upd": {
				"StackObjectsCount": 60
			}
		},
		{
			"_id": "iHateThatShit977717",
			"_tpl": "56dfef82d2720bbd668b4567",
			"parentId": "FuckYouUnlimitedAmmo368636",
			"slotId": "main",
			"upd": {
				"StackObjectsCount": 60
			}
		},
		{
			"_id": "iHateThatShit104915",
			"_tpl": "56dff2ced2720bb4668b4567",
			"parentId": "FuckYouUnlimitedAmmo368636",
			"slotId": "main",
			"upd": {
				"StackObjectsCount": 60
			}
		},
		{
			"_id": "mag0Vest322820",
			"_tpl": "55d4837c4bdc2d1d4e8b456c",
			"parentId": "B51647196917398062QdZJ4e",
			"slotId": "1",
			"location": {
				"x": 0,
				"y": 0,
				"r": "Horizontal"
			}
		},
		{
			"_id": "AmmoMag0Vest962176",
			"_tpl": "56dff3afd2720bba668b4567",
			"parentId": "mag0Vest322820",
			"slotId": "cartridges",
			"upd": {
				"StackObjectsCount": 10
			}
		},
		{
			"_id": "mag0Vest352191",
			"_tpl": "55d4837c4bdc2d1d4e8b456c",
			"parentId": "B51647196917398062QdZJ4e",
			"slotId": "1",
			"location": {
				"x": 0,
				"y": 1,
				"r": "Horizontal"
			}
		},
		{
			"_id": "AmmoMag0Vest773995",
			"_tpl": "56dff2ced2720bb4668b4567",
			"parentId": "mag0Vest352191",
			"slotId": "cartridges",
			"upd": {
				"StackObjectsCount": 10
			}
		},
		{
			"_id": "mag1Vest503568",
			"_tpl": "55d4837c4bdc2d1d4e8b456c",
			"parentId": "B51647196917398062QdZJ4e",
			"slotId": "3",
			"location": {
				"x": 0,
				"y": 1,
				"r": "Horizontal"
			}
		},
		{
			"_id": "AmmoMag1Vest930882",
			"_tpl": "56dff216d2720bbd668b4568",
			"parentId": "mag1Vest503568",
			"slotId": "cartridges",
			"upd": {
				"StackObjectsCount": 10
			}
		},
		{
			"_id": "mag2Vest83113",
			"_tpl": "55d4837c4bdc2d1d4e8b456c",
			"parentId": "B51647196917398062QdZJ4e",
			"slotId": "10",
			"location": {
				"x": 0,
				"y": 0,
				"r": "Horizontal"
			}
		},
		{
			"_id": "AmmoMag2Vest623074",
			"_tpl": "56dff4ecd2720b5f5a8b4568",
			"parentId": "mag2Vest83113",
			"slotId": "cartridges",
			"upd": {
				"StackObjectsCount": 10
			}
		},
		{
			"_id": "mag2Vest200752",
			"_tpl": "55d4837c4bdc2d1d4e8b456c",
			"parentId": "B51647196917398062QdZJ4e",
			"slotId": "10",
			"location": {
				"x": 0,
				"y": 1,
				"r": "Horizontal"
			}
		},
		{
			"_id": "AmmoMag2Vest59064",
			"_tpl": "56dff061d2720bb5668b4567",
			"parentId": "mag2Vest200752",
			"slotId": "cartridges",
			"upd": {
				"StackObjectsCount": 10
			}
		},
		{
			"_id": "StackAmmo92416659109",
			"_tpl": "56dff421d2720b5f5a8b4567",
			"parentId": "B51647196917398062QdZJ4e",
			"slotId": "6",
			"upd": {
				"StackObjectsCount": 52
			}
		},
		{
			"_id": "StackAmmo79115340089",
			"_tpl": "56dff216d2720bbd668b4568",
			"parentId": "B51647196917398062QdZJ4e",
			"slotId": "8",
			"upd": {
				"StackObjectsCount": 26
			}
		},
		{
			"_id": "B51647195079075921jc56Mp",
			"_tpl": "57e26fc7245977162a14b800",
			"parentId": "5c6687d65e9d882c8841f0fd",
			"slotId": "Scabbard"
		},
		{
			"_id": "B516471945753764446VFQUN",
			"_tpl": "5aa2ba46e5b5b000137b758d",
			"parentId": "5c6687d65e9d882c8841f0fd",
			"slotId": "Headwear"
		},
		{
			"_id": "B51647196638050081zaK7rL",
			"_tpl": "5aa2b986e5b5b00014028f4c",
			"parentId": "5c6687d65e9d882c8841f0fd",
			"slotId": "Eyewear"
		},
		{
			"_id": "B51647193134073934l2QNbn",
			"_tpl": "572b7f1624597762ae139822",
			"parentId": "5c6687d65e9d882c8841f0fd",
			"slotId": "FaceCover"
		},
		{
			"_id": "B51647195788707503c4yzp0",
			"_tpl": "56e33680d2720be2748b4576",
			"parentId": "5c6687d65e9d882c8841f0fd",
			"slotId": "Backpack"
		},
		{
			"_id": "BP51647197357718706udZEV",
			"_tpl": "57347d5f245977448b40fa81",
			"parentId": "B51647195788707503c4yzp0",
			"slotId": "main",
			"location": {
				"x": 0,
				"y": 0,
				"r": "Horizontal"
			}
		},
		{
			"_id": "BP51647192832245542SWEhc",
			"_tpl": "5b4335ba86f7744d2837a264",
			"parentId": "B51647195788707503c4yzp0",
			"slotId": "main",
			"location": {
				"x": 0,
				"y": 1,
				"r": "Horizontal"
			}
		},
		{
			"_id": "BP51647198557695060kTeOG",
			"_tpl": "5a7c74b3e899ef0014332c29",
			"parentId": "B51647195788707503c4yzp0",
			"slotId": "main",
			"location": {
				"x": 0,
				"y": 2,
				"r": "Horizontal"
			}
		},
		{
			"_id": "BP51647197060917670j7Inz",
			"_tpl": "57347d692459774491567cf1",
			"parentId": "B51647195788707503c4yzp0",
			"slotId": "main",
			"location": {
				"x": 1,
				"y": 0,
				"r": "Horizontal"
			}
		},
		{
			"_id": "BP51647198076172234tVDEY",
			"_tpl": "5c06782b86f77426df5407d2",
			"parentId": "B51647195788707503c4yzp0",
			"slotId": "main",
			"location": {
				"x": 1,
				"y": 1,
				"r": "Horizontal"
			}
		},
		{
			"_id": "BP516471930713743638NORL",
			"_tpl": "5672cb124bdc2d1a0f8b4568",
			"parentId": "B51647195788707503c4yzp0",
			"slotId": "main",
			"location": {
				"x": 2,
				"y": 0,
				"r": "Horizontal"
			}
		},
		{
			"_id": "BP51647192767626623Pvz7t",
			"_tpl": "57347c5b245977448d35f6e1",
			"parentId": "B51647195788707503c4yzp0",
			"slotId": "main",
			"location": {
				"x": 2,
				"y": 1,
				"r": "Horizontal"
			}
		},
		{
			"_id": "Pocket_578354",
			"_tpl": "5751a25924597722c463c472",
			"parentId": "5c6687d65e9d882c8841f121",
			"slotId": "pocket1",
			"location": {
				"x": 0,
				"y": 0,
				"r": "Horizontal"
			},
			"upd": {
				"SpawnedInSession": true
			}
		}
	],
	"equipment": "5c6687d65e9d882c8841f0fd",
	"stash": "5c6687d65e9d882c8841f0fc",
	"questRaidItems": "5c6687d65e9d882c8841f0fe",
	"questStashItems": "5c6687d65e9d882c8841f0ff",
	"fastPanel": {}
}