{
	"items": [
		{
			"_id": "5c6687d65e9d882c8841f0fd",
			"_tpl": "55d7217a4bdc2d86028b456d"
		},
		{
			"_id": "5c6687d65e9d882c8841f121",
			"_tpl": "557ffd194bdc2d28148b457f",
			"parentId": "5c6687d65e9d882c8841f0fd",
			"slotId": "Pockets"
		},
		{
			"_id": "5c6687d65e9d882c8841f0fc",
			"_tpl": "566abbc34bdc2d92178b4576"
		},
		{
			"_id": "5c6687d65e9d882c8841f0ff",
			"_tpl": "5963866b86f7747bfa1c4462"
		},
		{
			"_id": "5c6687d65e9d882c8841f0fe",
			"_tpl": "5963866286f7747bf429b572"
		},
		{
			"_id": "B51647199096291504wCkTO9",
			"_tpl": "5d5d8ca986f7742798716522",
			"parentId": "5c6687d65e9d882c8841f0fd",
			"slotId": "TacticalVest"
		},
		{
			"_id": "I331040261898090695jEtfb",
			"_tpl": "59e6687d86f77411d949b251",
			"parentId": "5c6687d65e9d882c8841f0fd",
			"slotId": "FirstPrimaryWeapon"
		},
		{
			"_id": "I331040261385690904mFi1F",
			"_tpl": "59e649f986f77411d949b246",
			"parentId": "I331040261898090695jEtfb",
			"slotId": "mod_gas_block"
		},
		{
			"_id": "I331040269768304561Btdvg",
			"_tpl": "59e8a00d86f7742ad93b569c",
			"parentId": "I331040261898090695jEtfb",
			"slotId": "mod_muzzle"
		},
		{
			"_id": "I331040263276919742kO80S",
			"_tpl": "59e6318286f77444dd62c4cc",
			"parentId": "I331040261898090695jEtfb",
			"slotId": "mod_pistol_grip"
		},
		{
			"_id": "I331040264420816365IJdCD",
			"_tpl": "59e8977386f77415a553c453",
			"parentId": "I331040261898090695jEtfb",
			"slotId": "mod_sight_rear",
			"upd": {
				"Sight": {
					"SelectedSightMode": 0
				}
			}
		},
		{
			"_id": "I331040269632460056pIv3s",
			"_tpl": "59e89d0986f77427600d226e",
			"parentId": "I331040261898090695jEtfb",
			"slotId": "mod_stock"
		},
		{
			"_id": "MagazineWeaponScav3166",
			"_tpl": "5cfe8010d7ad1a59283b14c6",
			"parentId": "I331040261898090695jEtfb",
			"slotId": "mod_magazine"
		},
		{
			"_id": "AmmoMag16714",
			"_tpl": "59e655cb86f77411dc52a77b",
			"parentId": "MagazineWeaponScav3166",
			"slotId": "cartridges",
			"upd": {
				"StackObjectsCount": 50
			}
		},
		{
			"_id": "I331040269337492331ctw7H",
			"_tpl": "59e898ee86f77427614bd225",
			"parentId": "I331040261385690904mFi1F",
			"slotId": "mod_handguard"
		},
		{
			"_id": "FuckYouUnlimitedAmmo555969",
			"_tpl": "5857a8bc2459772bad15db29",
			"parentId": "5c6687d65e9d882c8841f0fd",
			"slotId": "SecuredContainer"
		},
		{
			"_id": "iHateThatShit331403",
			"_tpl": "59e6658b86f77411d949b250",
			"parentId": "FuckYouUnlimitedAmmo555969",
			"slotId": "main",
			"upd": {
				"StackObjectsCount": 60
			}
		},
		{
			"_id": "iHateThatShit853578",
			"_tpl": "59e6658b86f77411d949b250",
			"parentId": "FuckYouUnlimitedAmmo555969",
			"slotId": "main",
			"upd": {
				"StackObjectsCount": 60
			}
		},
		{
			"_id": "iHateThatShit193445",
			"_tpl": "59e6542b86f77411dc52a77a",
			"parentId": "FuckYouUnlimitedAmmo555969",
			"slotId": "main",
			"upd": {
				"StackObjectsCount": 60
			}
		},
		{
			"_id": "iHateThatShit522314",
			"_tpl": "59e6658b86f77411d949b250",
			"parentId": "FuckYouUnlimitedAmmo555969",
			"slotId": "main",
			"upd": {
				"StackObjectsCount": 60
			}
		},
		{
			"_id": "iHateThatShit604083",
			"_tpl": "59e6658b86f77411d949b250",
			"parentId": "FuckYouUnlimitedAmmo555969",
			"slotId": "main",
			"upd": {
				"StackObjectsCount": 60
			}
		},
		{
			"_id": "iHateThatShit675310",
			"_tpl": "59e6658b86f77411d949b250",
			"parentId": "FuckYouUnlimitedAmmo555969",
			"slotId": "main",
			"upd": {
				"StackObjectsCount": 60
			}
		},
		{
			"_id": "iHateThatShit906261",
			"_tpl": "59e6658b86f77411d949b250",
			"parentId": "FuckYouUnlimitedAmmo555969",
			"slotId": "main",
			"upd": {
				"StackObjectsCount": 60
			}
		},
		{
			"_id": "iHateThatShit140463",
			"_tpl": "59e655cb86f77411dc52a77b",
			"parentId": "FuckYouUnlimitedAmmo555969",
			"slotId": "main",
			"upd": {
				"StackObjectsCount": 60
			}
		},
		{
			"_id": "iHateThatShit214267",
			"_tpl": "59e655cb86f77411dc52a77b",
			"parentId": "FuckYouUnlimitedAmmo555969",
			"slotId": "main",
			"upd": {
				"StackObjectsCount": 60
			}
		},
		{
			"_id": "mag0Vest649073",
			"_tpl": "5cfe8010d7ad1a59283b14c6",
			"parentId": "B51647199096291504wCkTO9",
			"slotId": "2",
			"location": {
				"x": 0,
				"y": 0,
				"r": "Horizontal"
			}
		},
		{
			"_id": "AmmoMag0Vest685532",
			"_tpl": "59e6658b86f77411d949b250",
			"parentId": "mag0Vest649073",
			"slotId": "cartridges",
			"upd": {
				"StackObjectsCount": 50
			}
		},
		{
			"_id": "mag0Vest259585",
			"_tpl": "5cfe8010d7ad1a59283b14c6",
			"parentId": "B51647199096291504wCkTO9",
			"slotId": "1",
			"location": {
				"x": 0,
				"y": 0,
				"r": "Horizontal"
			}
		},
		{
			"_id": "AmmoMag0Vest49117",
			"_tpl": "59e6542b86f77411dc52a77a",
			"parentId": "mag0Vest259585",
			"slotId": "cartridges",
			"upd": {
				"StackObjectsCount": 50
			}
		},
		{
			"_id": "mag0Vest338433",
			"_tpl": "5cfe8010d7ad1a59283b14c6",
			"parentId": "B51647199096291504wCkTO9",
			"slotId": "1",
			"location": {
				"x": 1,
				"y": 0,
				"r": "Horizontal"
			}
		},
		{
			"_id": "AmmoMag0Vest909681",
			"_tpl": "59e6542b86f77411dc52a77a",
			"parentId": "mag0Vest338433",
			"slotId": "cartridges",
			"upd": {
				"StackObjectsCount": 50
			}
		},
		{
			"_id": "B51647193229736534rTJ9eF",
			"_tpl": "54491bb74bdc2d09088b4567",
			"parentId": "5c6687d65e9d882c8841f0fd",
			"slotId": "Scabbard"
		},
		{
			"_id": "B51647194066810800AvWBJu",
			"_tpl": "544a5cde4bdc2d39388b456b",
			"parentId": "5c6687d65e9d882c8841f0fd",
			"slotId": "Backpack"
		},
		{
			"_id": "BP51647191912345758t1b27",
			"_tpl": "59148c8a86f774197930e983",
			"parentId": "B51647194066810800AvWBJu",
			"slotId": "main",
			"location": {
				"x": 0,
				"y": 0,
				"r": "Horizontal"
			}
		},
		{
			"_id": "BP51647196996569849hX2UK",
			"_tpl": "59e35ef086f7741777737012",
			"parentId": "B51647194066810800AvWBJu",
			"slotId": "main",
			"location": {
				"x": 0,
				"y": 1,
				"r": "Horizontal"
			}
		},
		{
			"_id": "BP51647198107386446uadfn",
			"_tpl": "5d63d33b86f7746ea9275524",
			"parentId": "B51647194066810800AvWBJu",
			"slotId": "main",
			"location": {
				"x": 0,
				"y": 2,
				"r": "Horizontal"
			}
		},
		{
			"_id": "BP51647194447601867yuOIJ",
			"_tpl": "56742c284bdc2d98058b456d",
			"parentId": "B51647194066810800AvWBJu",
			"slotId": "main",
			"location": {
				"x": 0,
				"y": 3,
				"r": "Horizontal"
			}
		},
		{
			"_id": "BP51647193500071624oaqW8",
			"_tpl": "57505f6224597709a92585a9",
			"parentId": "B51647194066810800AvWBJu",
			"slotId": "main",
			"location": {
				"x": 1,
				"y": 0,
				"r": "Horizontal"
			}
		},
		{
			"_id": "BP51647192556123440QCpxT",
			"_tpl": "57347c77245977448d35f6e2",
			"parentId": "B51647194066810800AvWBJu",
			"slotId": "main",
			"location": {
				"x": 1,
				"y": 1,
				"r": "Horizontal"
			}
		},
		{
			"_id": "BP51647197665569082Uh26v",
			"_tpl": "5780cfa52459777dfb276eb1",
			"parentId": "B51647194066810800AvWBJu",
			"slotId": "main",
			"location": {
				"x": 1,
				"y": 2,
				"r": "Horizontal"
			}
		},
		{
			"_id": "BP51647196541177703ybakM",
			"_tpl": "5d1b3f2d86f774253763b735",
			"parentId": "B51647194066810800AvWBJu",
			"slotId": "main",
			"location": {
				"x": 1,
				"y": 3,
				"r": "Horizontal"
			}
		},
		{
			"_id": "BP51647192116230850CAu8p",
			"_tpl": "5914578086f774123569ffa4",
			"parentId": "B51647194066810800AvWBJu",
			"slotId": "main",
			"location": {
				"x": 2,
				"y": 0,
				"r": "Horizontal"
			}
		},
		{
			"_id": "B51647192489890345OYjIUC",
			"_tpl": "59e7635f86f7742cbf2c1095",
			"parentId": "5c6687d65e9d882c8841f0fd",
			"slotId": "ArmorVest",
			"upd": {
				"Repairable": {
					"MaxDurability": 40,
					"Durability": 36
				}
			}
		},
		{
			"_id": "Pocket_609758",
			"_tpl": "5e42c71586f7747f245e1343",
			"parentId": "5c6687d65e9d882c8841f121",
			"slotId": "pocket1",
			"location": {
				"x": 0,
				"y": 0,
				"r": "Horizontal"
			},
			"upd": {
				"SpawnedInSession": true
			}
		},
		{
			"_id": "Pocket_501144",
			"_tpl": "5a145d4786f7744cbb6f4a12",
			"parentId": "5c6687d65e9d882c8841f121",
			"slotId": "pocket2",
			"location": {
				"x": 0,
				"y": 0,
				"r": "Horizontal"
			},
			"upd": {
				"SpawnedInSession": true
			}
		}
	],
	"equipment": "5c6687d65e9d882c8841f0fd",
	"stash": "5c6687d65e9d882c8841f0fc",
	"questRaidItems": "5c6687d65e9d882c8841f0fe",
	"questStashItems": "5c6687d65e9d882c8841f0ff",
	"fastPanel": {}
}