{
	"items": [
		{
			"_id": "5c6687d65e9d882c8841f0fd",
			"_tpl": "55d7217a4bdc2d86028b456d"
		},
		{
			"_id": "5c6687d65e9d882c8841f121",
			"_tpl": "557ffd194bdc2d28148b457f",
			"parentId": "5c6687d65e9d882c8841f0fd",
			"slotId": "Pockets"
		},
		{
			"_id": "5c6687d65e9d882c8841f0fc",
			"_tpl": "566abbc34bdc2d92178b4576"
		},
		{
			"_id": "5c6687d65e9d882c8841f0ff",
			"_tpl": "5963866b86f7747bfa1c4462"
		},
		{
			"_id": "5c6687d65e9d882c8841f0fe",
			"_tpl": "5963866286f7747bf429b572"
		},
		{
			"_id": "B51647181384726942oOYOdU",
			"_tpl": "5d5d8ca986f7742798716522",
			"parentId": "5c6687d65e9d882c8841f0fd",
			"slotId": "TacticalVest"
		},
		{
			"_id": "I210013969236893334BIWGt",
			"_tpl": "55801eed4bdc2d89578b4588",
			"parentId": "5c6687d65e9d882c8841f0fd",
			"slotId": "FirstPrimaryWeapon"
		},
		{
			"_id": "MagazineWeaponScav1357",
			"_tpl": "559ba5b34bdc2d1f1a8b4582",
			"parentId": "I210013969236893334BIWGt",
			"slotId": "mod_magazine"
		},
		{
			"_id": "AmmoMag1497",
			"_tpl": "5e023d34e8a400319a28ed44",
			"parentId": "MagazineWeaponScav1357",
			"slotId": "cartridges",
			"upd": {
				"StackObjectsCount": 10
			}
		},
		{
			"_id": "I21001392860003322e8k73X",
			"_tpl": "56083e1b4bdc2dc8488b4572",
			"parentId": "I210013969236893334BIWGt",
			"slotId": "mod_sight_rear",
			"upd": {
				"Sight": {
					"SelectedSightMode": 0
				}
			}
		},
		{
			"_id": "I210013935725933644d029r",
			"_tpl": "56083eab4bdc2d26448b456a",
			"parentId": "I210013969236893334BIWGt",
			"slotId": "mod_tactical"
		},
		{
			"_id": "I21001391967810040ngWZH6",
			"_tpl": "560e620e4bdc2d724b8b456b",
			"parentId": "I210013969236893334BIWGt",
			"slotId": "mod_muzzle"
		},
		{
			"_id": "I21001395431951899EQewzv",
			"_tpl": "56ea8222d2720b69698b4567",
			"parentId": "I210013969236893334BIWGt",
			"slotId": "mod_bipod"
		},
		{
			"_id": "FuckYouUnlimitedAmmo294288",
			"_tpl": "5857a8bc2459772bad15db29",
			"parentId": "5c6687d65e9d882c8841f0fd",
			"slotId": "SecuredContainer"
		},
		{
			"_id": "iHateThatShit819628",
			"_tpl": "5e023cf8186a883be655e54f",
			"parentId": "FuckYouUnlimitedAmmo294288",
			"slotId": "main",
			"upd": {
				"StackObjectsCount": 60
			}
		},
		{
			"_id": "iHateThatShit153836",
			"_tpl": "5e023d48186a883be655e551",
			"parentId": "FuckYouUnlimitedAmmo294288",
			"slotId": "main",
			"upd": {
				"StackObjectsCount": 60
			}
		},
		{
			"_id": "iHateThatShit426782",
			"_tpl": "560d61e84bdc2da74d8b4571",
			"parentId": "FuckYouUnlimitedAmmo294288",
			"slotId": "main",
			"upd": {
				"StackObjectsCount": 60
			}
		},
		{
			"_id": "iHateThatShit630484",
			"_tpl": "5e023cf8186a883be655e54f",
			"parentId": "FuckYouUnlimitedAmmo294288",
			"slotId": "main",
			"upd": {
				"StackObjectsCount": 60
			}
		},
		{
			"_id": "iHateThatShit465602",
			"_tpl": "5e023d34e8a400319a28ed44",
			"parentId": "FuckYouUnlimitedAmmo294288",
			"slotId": "main",
			"upd": {
				"StackObjectsCount": 60
			}
		},
		{
			"_id": "iHateThatShit501100",
			"_tpl": "5e023d48186a883be655e551",
			"parentId": "FuckYouUnlimitedAmmo294288",
			"slotId": "main",
			"upd": {
				"StackObjectsCount": 60
			}
		},
		{
			"_id": "iHateThatShit106369",
			"_tpl": "5e023d34e8a400319a28ed44",
			"parentId": "FuckYouUnlimitedAmmo294288",
			"slotId": "main",
			"upd": {
				"StackObjectsCount": 60
			}
		},
		{
			"_id": "iHateThatShit543626",
			"_tpl": "560d61e84bdc2da74d8b4571",
			"parentId": "FuckYouUnlimitedAmmo294288",
			"slotId": "main",
			"upd": {
				"StackObjectsCount": 60
			}
		},
		{
			"_id": "iHateThatShit673475",
			"_tpl": "59e77a2386f7742ee578960a",
			"parentId": "FuckYouUnlimitedAmmo294288",
			"slotId": "main",
			"upd": {
				"StackObjectsCount": 60
			}
		},
		{
			"_id": "mag0Vest90935",
			"_tpl": "559ba5b34bdc2d1f1a8b4582",
			"parentId": "B51647181384726942oOYOdU",
			"slotId": "2",
			"location": {
				"x": 0,
				"y": 0,
				"r": "Horizontal"
			}
		},
		{
			"_id": "AmmoMag0Vest26199",
			"_tpl": "5887431f2459777e1612938f",
			"parentId": "mag0Vest90935",
			"slotId": "cartridges",
			"upd": {
				"StackObjectsCount": 10
			}
		},
		{
			"_id": "mag0Vest429159",
			"_tpl": "559ba5b34bdc2d1f1a8b4582",
			"parentId": "B51647181384726942oOYOdU",
			"slotId": "2",
			"location": {
				"x": 0,
				"y": 1,
				"r": "Horizontal"
			}
		},
		{
			"_id": "AmmoMag0Vest900566",
			"_tpl": "5e023cf8186a883be655e54f",
			"parentId": "mag0Vest429159",
			"slotId": "cartridges",
			"upd": {
				"StackObjectsCount": 10
			}
		},
		{
			"_id": "B516471839275352287ap2vg",
			"_tpl": "57e26fc7245977162a14b800",
			"parentId": "5c6687d65e9d882c8841f0fd",
			"slotId": "Scabbard"
		},
		{
			"_id": "B5164718246503295345Lzav",
			"_tpl": "5bd0716d86f774171822ef4b",
			"parentId": "5c6687d65e9d882c8841f0fd",
			"slotId": "FaceCover"
		},
		{
			"_id": "B51647185119011253E0YOd0",
			"_tpl": "56e33680d2720be2748b4576",
			"parentId": "5c6687d65e9d882c8841f0fd",
			"slotId": "Backpack"
		},
		{
			"_id": "BP51647182111504094kJp1i",
			"_tpl": "57347d7224597744596b4e72",
			"parentId": "B51647185119011253E0YOd0",
			"slotId": "main",
			"location": {
				"x": 0,
				"y": 0,
				"r": "Horizontal"
			}
		},
		{
			"_id": "BP51647188365954140gU5nx",
			"_tpl": "57347da92459774491567cf5",
			"parentId": "B51647185119011253E0YOd0",
			"slotId": "main",
			"location": {
				"x": 0,
				"y": 1,
				"r": "Horizontal"
			}
		},
		{
			"_id": "Pocket_954449",
			"_tpl": "590a3b0486f7743954552bdb",
			"parentId": "5c6687d65e9d882c8841f121",
			"slotId": "pocket1",
			"location": {
				"x": 0,
				"y": 0,
				"r": "Horizontal"
			},
			"upd": {
				"SpawnedInSession": true
			}
		},
		{
			"_id": "Pocket_577478",
			"_tpl": "5e2aedd986f7746d404f3aa4",
			"parentId": "5c6687d65e9d882c8841f121",
			"slotId": "pocket2",
			"location": {
				"x": 0,
				"y": 0,
				"r": "Horizontal"
			},
			"upd": {
				"SpawnedInSession": true
			}
		},
		{
			"_id": "Pocket_643589",
			"_tpl": "5e2af22086f7746d3f3c33fa",
			"parentId": "5c6687d65e9d882c8841f121",
			"slotId": "pocket3",
			"location": {
				"x": 0,
				"y": 0,
				"r": "Horizontal"
			},
			"upd": {
				"SpawnedInSession": true
			}
		}
	],
	"equipment": "5c6687d65e9d882c8841f0fd",
	"stash": "5c6687d65e9d882c8841f0fc",
	"questRaidItems": "5c6687d65e9d882c8841f0fe",
	"questStashItems": "5c6687d65e9d882c8841f0ff",
	"fastPanel": {}
}