{
	"items": [
		{
			"_id": "5c6687d65e9d882c8841f0fd",
			"_tpl": "55d7217a4bdc2d86028b456d"
		},
		{
			"_id": "5c6687d65e9d882c8841f121",
			"_tpl": "557ffd194bdc2d28148b457f",
			"parentId": "5c6687d65e9d882c8841f0fd",
			"slotId": "Pockets"
		},
		{
			"_id": "5c6687d65e9d882c8841f0fc",
			"_tpl": "566abbc34bdc2d92178b4576"
		},
		{
			"_id": "5c6687d65e9d882c8841f0ff",
			"_tpl": "5963866b86f7747bfa1c4462"
		},
		{
			"_id": "5c6687d65e9d882c8841f0fe",
			"_tpl": "5963866286f7747bf429b572"
		},
		{
			"_id": "B51647181274986586dOTmOm",
			"_tpl": "5929a2a086f7744f4b234d43",
			"parentId": "5c6687d65e9d882c8841f0fd",
			"slotId": "TacticalVest"
		},
		{
			"_id": "I21005274461938734znOLW3",
			"_tpl": "5b0bbe4e5acfc40dc528a72d",
			"parentId": "5c6687d65e9d882c8841f0fd",
			"slotId": "FirstPrimaryWeapon"
		},
		{
			"_id": "I21005278821303683xvK7Dy",
			"_tpl": "5b099b965acfc400186331e6",
			"parentId": "I21005274461938734znOLW3",
			"slotId": "mod_pistol_grip"
		},
		{
			"_id": "MagazineWeaponScav597",
			"_tpl": "5b7bef1e5acfc43d82528402",
			"parentId": "I21005274461938734znOLW3",
			"slotId": "mod_magazine"
		},
		{
			"_id": "AmmoMag14948",
			"_tpl": "5e023e6e34d52a55c3304f71",
			"parentId": "MagazineWeaponScav597",
			"slotId": "cartridges",
			"upd": {
				"StackObjectsCount": 10
			}
		},
		{
			"_id": "I210052717339992548pa5z0",
			"_tpl": "5b099a9d5acfc47a8607efe7",
			"parentId": "I21005274461938734znOLW3",
			"slotId": "mod_handguard"
		},
		{
			"_id": "I21005277344600972okJxxH",
			"_tpl": "5b099a765acfc47a8607efe3",
			"parentId": "I21005274461938734znOLW3",
			"slotId": "mod_barrel"
		},
		{
			"_id": "I210052737448575230C6461",
			"_tpl": "5b0bc22d5acfc47a8607f085",
			"parentId": "I21005274461938734znOLW3",
			"slotId": "mod_sight_rear",
			"upd": {
				"Sight": {
					"SelectedSightMode": 0
				}
			}
		},
		{
			"_id": "I21005278451412674OC482D",
			"_tpl": "5b7d63cf5acfc4001876c8df",
			"parentId": "I21005274461938734znOLW3",
			"slotId": "mod_stock"
		},
		{
			"_id": "I21005279695471751vzzkvq",
			"_tpl": "5b099b7d5acfc400186331e4",
			"parentId": "I21005277344600972okJxxH",
			"slotId": "mod_muzzle"
		},
		{
			"_id": "FuckYouUnlimitedAmmo209191",
			"_tpl": "5857a8bc2459772bad15db29",
			"parentId": "5c6687d65e9d882c8841f0fd",
			"slotId": "SecuredContainer"
		},
		{
			"_id": "iHateThatShit597734",
			"_tpl": "5a6086ea4f39f99cd479502f",
			"parentId": "FuckYouUnlimitedAmmo209191",
			"slotId": "main",
			"upd": {
				"StackObjectsCount": 60
			}
		},
		{
			"_id": "iHateThatShit953042",
			"_tpl": "5e023e88277cce2b522ff2b1",
			"parentId": "FuckYouUnlimitedAmmo209191",
			"slotId": "main",
			"upd": {
				"StackObjectsCount": 60
			}
		},
		{
			"_id": "iHateThatShit492041",
			"_tpl": "5e023e88277cce2b522ff2b1",
			"parentId": "FuckYouUnlimitedAmmo209191",
			"slotId": "main",
			"upd": {
				"StackObjectsCount": 60
			}
		},
		{
			"_id": "iHateThatShit290056",
			"_tpl": "58dd3ad986f77403051cba8f",
			"parentId": "FuckYouUnlimitedAmmo209191",
			"slotId": "main",
			"upd": {
				"StackObjectsCount": 60
			}
		},
		{
			"_id": "iHateThatShit824733",
			"_tpl": "5e023e88277cce2b522ff2b1",
			"parentId": "FuckYouUnlimitedAmmo209191",
			"slotId": "main",
			"upd": {
				"StackObjectsCount": 60
			}
		},
		{
			"_id": "iHateThatShit416868",
			"_tpl": "5a608bf24f39f98ffc77720e",
			"parentId": "FuckYouUnlimitedAmmo209191",
			"slotId": "main",
			"upd": {
				"StackObjectsCount": 60
			}
		},
		{
			"_id": "iHateThatShit535649",
			"_tpl": "58dd3ad986f77403051cba8f",
			"parentId": "FuckYouUnlimitedAmmo209191",
			"slotId": "main",
			"upd": {
				"StackObjectsCount": 60
			}
		},
		{
			"_id": "iHateThatShit666325",
			"_tpl": "5e023e53d4353e3302577c4c",
			"parentId": "FuckYouUnlimitedAmmo209191",
			"slotId": "main",
			"upd": {
				"StackObjectsCount": 60
			}
		},
		{
			"_id": "iHateThatShit197438",
			"_tpl": "5e023e6e34d52a55c3304f71",
			"parentId": "FuckYouUnlimitedAmmo209191",
			"slotId": "main",
			"upd": {
				"StackObjectsCount": 60
			}
		},
		{
			"_id": "mag0Vest922036",
			"_tpl": "5b7bef1e5acfc43d82528402",
			"parentId": "B51647181274986586dOTmOm",
			"slotId": "3",
			"location": {
				"x": 0,
				"y": 1,
				"r": "Horizontal"
			}
		},
		{
			"_id": "AmmoMag0Vest30238",
			"_tpl": "58dd3ad986f77403051cba8f",
			"parentId": "mag0Vest922036",
			"slotId": "cartridges",
			"upd": {
				"StackObjectsCount": 10
			}
		},
		{
			"_id": "mag2Vest769718",
			"_tpl": "5b7bef1e5acfc43d82528402",
			"parentId": "B51647181274986586dOTmOm",
			"slotId": "6",
			"location": {
				"x": 0,
				"y": 0,
				"r": "Horizontal"
			}
		},
		{
			"_id": "AmmoMag2Vest987535",
			"_tpl": "5e023e88277cce2b522ff2b1",
			"parentId": "mag2Vest769718",
			"slotId": "cartridges",
			"upd": {
				"StackObjectsCount": 10
			}
		},
		{
			"_id": "mag2Vest880510",
			"_tpl": "5b7bef1e5acfc43d82528402",
			"parentId": "B51647181274986586dOTmOm",
			"slotId": "6",
			"location": {
				"x": 0,
				"y": 1,
				"r": "Horizontal"
			}
		},
		{
			"_id": "AmmoMag2Vest985996",
			"_tpl": "5a608bf24f39f98ffc77720e",
			"parentId": "mag2Vest880510",
			"slotId": "cartridges",
			"upd": {
				"StackObjectsCount": 10
			}
		},
		{
			"_id": "StackAmmo40312092005",
			"_tpl": "5a608bf24f39f98ffc77720e",
			"parentId": "B51647181274986586dOTmOm",
			"slotId": "8",
			"upd": {
				"StackObjectsCount": 6
			}
		},
		{
			"_id": "B51647188797393982uw3kDv",
			"_tpl": "54491bb74bdc2d09088b4567",
			"parentId": "5c6687d65e9d882c8841f0fd",
			"slotId": "Scabbard"
		},
		{
			"_id": "B51647184101223551n5KF2H",
			"_tpl": "5aa2a7e8e5b5b00016327c16",
			"parentId": "5c6687d65e9d882c8841f0fd",
			"slotId": "Headwear"
		},
		{
			"_id": "B51647182523241957SnIOzm",
			"_tpl": "5b4326435acfc433000ed01d",
			"parentId": "5c6687d65e9d882c8841f0fd",
			"slotId": "FaceCover"
		},
		{
			"_id": "B51647187558791575k9bix2",
			"_tpl": "56e33680d2720be2748b4576",
			"parentId": "5c6687d65e9d882c8841f0fd",
			"slotId": "Backpack"
		},
		{
			"_id": "Pocket_219030",
			"_tpl": "5913611c86f77479e0084092",
			"parentId": "5c6687d65e9d882c8841f121",
			"slotId": "pocket1",
			"location": {
				"x": 0,
				"y": 0,
				"r": "Horizontal"
			},
			"upd": {
				"SpawnedInSession": true
			}
		}
	],
	"equipment": "5c6687d65e9d882c8841f0fd",
	"stash": "5c6687d65e9d882c8841f0fc",
	"questRaidItems": "5c6687d65e9d882c8841f0fe",
	"questStashItems": "5c6687d65e9d882c8841f0ff",
	"fastPanel": {}
}