{
	"items": [
		{
			"_id": "5c6687d65e9d882c8841f0fd",
			"_tpl": "55d7217a4bdc2d86028b456d"
		},
		{
			"_id": "5c6687d65e9d882c8841f121",
			"_tpl": "557ffd194bdc2d28148b457f",
			"parentId": "5c6687d65e9d882c8841f0fd",
			"slotId": "Pockets"
		},
		{
			"_id": "5c6687d65e9d882c8841f0fc",
			"_tpl": "566abbc34bdc2d92178b4576"
		},
		{
			"_id": "5c6687d65e9d882c8841f0ff",
			"_tpl": "5963866b86f7747bfa1c4462"
		},
		{
			"_id": "5c6687d65e9d882c8841f0fe",
			"_tpl": "5963866286f7747bf429b572"
		},
		{
			"_id": "B51647195681278131lx3OGD",
			"_tpl": "5929a2a086f7744f4b234d43",
			"parentId": "5c6687d65e9d882c8841f0fd",
			"slotId": "TacticalVest"
		},
		{
			"_id": "I210013502705308923ayhp4",
			"_tpl": "5de652c31b7e3716273428be",
			"parentId": "5c6687d65e9d882c8841f0fd",
			"slotId": "FirstPrimaryWeapon"
		},
		{
			"_id": "MagazineWeaponScav4789",
			"_tpl": "5de653abf76fdc1ce94a5a2a",
			"parentId": "I210013502705308923ayhp4",
			"slotId": "mod_magazine"
		},
		{
			"_id": "AmmoMag15390",
			"_tpl": "59e6658b86f77411d949b250",
			"parentId": "MagazineWeaponScav4789",
			"slotId": "cartridges",
			"upd": {
				"StackObjectsCount": 4
			}
		},
		{
			"_id": "I210013504198138994tT6uc",
			"_tpl": "5de655be4a9f347bc92edb88",
			"parentId": "I210013502705308923ayhp4",
			"slotId": "mod_stock"
		},
		{
			"_id": "I210013503604083775dsBDL",
			"_tpl": "5de65547883dde217541644b",
			"parentId": "I210013502705308923ayhp4",
			"slotId": "mod_barrel"
		},
		{
			"_id": "I210013508671591970MRz52",
			"_tpl": "5de6558e9f98ac2bc65950fc",
			"parentId": "I210013502705308923ayhp4",
			"slotId": "mod_mount"
		},
		{
			"_id": "I2100135084853553903uGeQ",
			"_tpl": "5de6556a205ddc616a6bc4f7",
			"parentId": "I210013503604083775dsBDL",
			"slotId": "mod_muzzle"
		},
		{
			"_id": "FuckYouUnlimitedAmmo315401",
			"_tpl": "5857a8bc2459772bad15db29",
			"parentId": "5c6687d65e9d882c8841f0fd",
			"slotId": "SecuredContainer"
		},
		{
			"_id": "iHateThatShit753614",
			"_tpl": "59e6658b86f77411d949b250",
			"parentId": "FuckYouUnlimitedAmmo315401",
			"slotId": "main",
			"upd": {
				"StackObjectsCount": 60
			}
		},
		{
			"_id": "iHateThatShit694129",
			"_tpl": "59e6542b86f77411dc52a77a",
			"parentId": "FuckYouUnlimitedAmmo315401",
			"slotId": "main",
			"upd": {
				"StackObjectsCount": 60
			}
		},
		{
			"_id": "iHateThatShit926224",
			"_tpl": "59e655cb86f77411dc52a77b",
			"parentId": "FuckYouUnlimitedAmmo315401",
			"slotId": "main",
			"upd": {
				"StackObjectsCount": 60
			}
		},
		{
			"_id": "iHateThatShit551781",
			"_tpl": "59e6658b86f77411d949b250",
			"parentId": "FuckYouUnlimitedAmmo315401",
			"slotId": "main",
			"upd": {
				"StackObjectsCount": 60
			}
		},
		{
			"_id": "iHateThatShit134238",
			"_tpl": "59e6658b86f77411d949b250",
			"parentId": "FuckYouUnlimitedAmmo315401",
			"slotId": "main",
			"upd": {
				"StackObjectsCount": 60
			}
		},
		{
			"_id": "iHateThatShit530483",
			"_tpl": "59e655cb86f77411dc52a77b",
			"parentId": "FuckYouUnlimitedAmmo315401",
			"slotId": "main",
			"upd": {
				"StackObjectsCount": 60
			}
		},
		{
			"_id": "iHateThatShit650965",
			"_tpl": "59e6658b86f77411d949b250",
			"parentId": "FuckYouUnlimitedAmmo315401",
			"slotId": "main",
			"upd": {
				"StackObjectsCount": 60
			}
		},
		{
			"_id": "iHateThatShit728367",
			"_tpl": "59e6542b86f77411dc52a77a",
			"parentId": "FuckYouUnlimitedAmmo315401",
			"slotId": "main",
			"upd": {
				"StackObjectsCount": 60
			}
		},
		{
			"_id": "iHateThatShit885957",
			"_tpl": "59e6542b86f77411dc52a77a",
			"parentId": "FuckYouUnlimitedAmmo315401",
			"slotId": "main",
			"upd": {
				"StackObjectsCount": 60
			}
		},
		{
			"_id": "mag0Vest137487",
			"_tpl": "5de653abf76fdc1ce94a5a2a",
			"parentId": "B51647195681278131lx3OGD",
			"slotId": "3",
			"location": {
				"x": 0,
				"y": 0,
				"r": "Horizontal"
			}
		},
		{
			"_id": "AmmoMag0Vest869203",
			"_tpl": "59e6658b86f77411d949b250",
			"parentId": "mag0Vest137487",
			"slotId": "cartridges",
			"upd": {
				"StackObjectsCount": 4
			}
		},
		{
			"_id": "mag0Vest736113",
			"_tpl": "5de653abf76fdc1ce94a5a2a",
			"parentId": "B51647195681278131lx3OGD",
			"slotId": "3",
			"location": {
				"x": 0,
				"y": 1,
				"r": "Horizontal"
			}
		},
		{
			"_id": "AmmoMag0Vest529738",
			"_tpl": "59e655cb86f77411dc52a77b",
			"parentId": "mag0Vest736113",
			"slotId": "cartridges",
			"upd": {
				"StackObjectsCount": 4
			}
		},
		{
			"_id": "mag1Vest927099",
			"_tpl": "5de653abf76fdc1ce94a5a2a",
			"parentId": "B51647195681278131lx3OGD",
			"slotId": "5",
			"location": {
				"x": 0,
				"y": 1,
				"r": "Horizontal"
			}
		},
		{
			"_id": "AmmoMag1Vest602745",
			"_tpl": "59e655cb86f77411dc52a77b",
			"parentId": "mag1Vest927099",
			"slotId": "cartridges",
			"upd": {
				"StackObjectsCount": 4
			}
		},
		{
			"_id": "StackAmmo97341037702",
			"_tpl": "59e655cb86f77411dc52a77b",
			"parentId": "B51647195681278131lx3OGD",
			"slotId": "8",
			"upd": {
				"StackObjectsCount": 21
			}
		},
		{
			"_id": "B51647199963804734GEi31i",
			"_tpl": "57e26fc7245977162a14b800",
			"parentId": "5c6687d65e9d882c8841f0fd",
			"slotId": "Scabbard"
		},
		{
			"_id": "B51647193886062653PHJcYx",
			"_tpl": "5c0d32fcd174af02a1659c75",
			"parentId": "5c6687d65e9d882c8841f0fd",
			"slotId": "Eyewear"
		},
		{
			"_id": "B51647193535218376bfV5aO",
			"_tpl": "544a5cde4bdc2d39388b456b",
			"parentId": "5c6687d65e9d882c8841f0fd",
			"slotId": "Backpack"
		},
		{
			"_id": "BP51647196548709790CEXiV",
			"_tpl": "590c5d4b86f774784e1b9c45",
			"parentId": "B51647193535218376bfV5aO",
			"slotId": "main",
			"location": {
				"x": 0,
				"y": 0,
				"r": "Horizontal"
			}
		},
		{
			"_id": "BP516471932279381821LCcs",
			"_tpl": "57347c1124597737fb1379e3",
			"parentId": "B51647193535218376bfV5aO",
			"slotId": "main",
			"location": {
				"x": 0,
				"y": 2,
				"r": "Horizontal"
			}
		},
		{
			"_id": "BP51647194143097004iwgRq",
			"_tpl": "5e2af22086f7746d3f3c33fa",
			"parentId": "B51647193535218376bfV5aO",
			"slotId": "main",
			"location": {
				"x": 0,
				"y": 3,
				"r": "Horizontal"
			}
		},
		{
			"_id": "BP51647194374316821yOEnb",
			"_tpl": "5780cda02459777b272ede61",
			"parentId": "B51647193535218376bfV5aO",
			"slotId": "main",
			"location": {
				"x": 1,
				"y": 0,
				"r": "Horizontal"
			}
		},
		{
			"_id": "BP51647199495930716bDpgo",
			"_tpl": "5c06782b86f77426df5407d2",
			"parentId": "B51647193535218376bfV5aO",
			"slotId": "main",
			"location": {
				"x": 1,
				"y": 1,
				"r": "Horizontal"
			}
		},
		{
			"_id": "BP51647191181029760g2ZTD",
			"_tpl": "5e2aedd986f7746d404f3aa4",
			"parentId": "B51647193535218376bfV5aO",
			"slotId": "main",
			"location": {
				"x": 1,
				"y": 2,
				"r": "Horizontal"
			}
		},
		{
			"_id": "BP51647192083601621Gpt7w",
			"_tpl": "5780d07a2459777de4559324",
			"parentId": "B51647193535218376bfV5aO",
			"slotId": "main",
			"location": {
				"x": 1,
				"y": 3,
				"r": "Horizontal"
			}
		},
		{
			"_id": "BP51647194784050056YFaTJ",
			"_tpl": "57347c93245977448d35f6e3",
			"parentId": "B51647193535218376bfV5aO",
			"slotId": "main",
			"location": {
				"x": 2,
				"y": 0,
				"r": "Horizontal"
			}
		},
		{
			"_id": "BP51647199291800252JIa3y",
			"_tpl": "5780cda02459777b272ede61",
			"parentId": "B51647193535218376bfV5aO",
			"slotId": "main",
			"location": {
				"x": 2,
				"y": 1,
				"r": "Horizontal"
			}
		},
		{
			"_id": "BP51647196446148920b71lk",
			"_tpl": "5d1b3f2d86f774253763b735",
			"parentId": "B51647193535218376bfV5aO",
			"slotId": "main",
			"location": {
				"x": 2,
				"y": 2,
				"r": "Horizontal"
			}
		},
		{
			"_id": "Pocket_610308",
			"_tpl": "5783c43d2459774bbe137486",
			"parentId": "5c6687d65e9d882c8841f121",
			"slotId": "pocket1",
			"location": {
				"x": 0,
				"y": 0,
				"r": "Horizontal"
			},
			"upd": {
				"SpawnedInSession": true
			}
		}
	],
	"equipment": "5c6687d65e9d882c8841f0fd",
	"stash": "5c6687d65e9d882c8841f0fc",
	"questRaidItems": "5c6687d65e9d882c8841f0fe",
	"questStashItems": "5c6687d65e9d882c8841f0ff",
	"fastPanel": {}
}