{
	"items": [
		{
			"_id": "5c6687d65e9d882c8841f0fd",
			"_tpl": "55d7217a4bdc2d86028b456d"
		},
		{
			"_id": "5c6687d65e9d882c8841f121",
			"_tpl": "557ffd194bdc2d28148b457f",
			"parentId": "5c6687d65e9d882c8841f0fd",
			"slotId": "Pockets"
		},
		{
			"_id": "5c6687d65e9d882c8841f0fc",
			"_tpl": "566abbc34bdc2d92178b4576"
		},
		{
			"_id": "5c6687d65e9d882c8841f0ff",
			"_tpl": "5963866b86f7747bfa1c4462"
		},
		{
			"_id": "5c6687d65e9d882c8841f0fe",
			"_tpl": "5963866286f7747bf429b572"
		},
		{
			"_id": "B51647148559802343zNlmmj",
			"_tpl": "59e7643b86f7742cbf2c109a",
			"parentId": "5c6687d65e9d882c8841f0fd",
			"slotId": "TacticalVest"
		},
		{
			"_id": "I331026107361434876XJXtQ",
			"_tpl": "59ff346386f77477562ff5e2",
			"parentId": "5c6687d65e9d882c8841f0fd",
			"slotId": "FirstPrimaryWeapon"
		},
		{
			"_id": "I33102610799706816946tSZ",
			"_tpl": "59d64ec286f774171d1e0a42",
			"parentId": "I331026107361434876XJXtQ",
			"slotId": "mod_gas_block"
		},
		{
			"_id": "I3310261050567921340W4CH",
			"_tpl": "59d64fc686f774171b243fe2",
			"parentId": "I331026107361434876XJXtQ",
			"slotId": "mod_muzzle"
		},
		{
			"_id": "I331026106732724709SyuoK",
			"_tpl": "5a0071d486f77404e23a12b2",
			"parentId": "I331026107361434876XJXtQ",
			"slotId": "mod_pistol_grip_akms"
		},
		{
			"_id": "I3310261022317483080elGI",
			"_tpl": "59d650cf86f7741b846413a4",
			"parentId": "I331026107361434876XJXtQ",
			"slotId": "mod_sight_rear",
			"upd": {
				"Sight": {
					"SelectedSightMode": 0
				}
			}
		},
		{
			"_id": "MagazineWeaponScav422",
			"_tpl": "59d6272486f77466146386ff",
			"parentId": "I331026107361434876XJXtQ",
			"slotId": "mod_magazine"
		},
		{
			"_id": "AmmoMag15151",
			"_tpl": "59e0d99486f7744a32234762",
			"parentId": "MagazineWeaponScav422",
			"slotId": "cartridges",
			"upd": {
				"StackObjectsCount": 30
			}
		},
		{
			"_id": "I331026109208390070agzT7",
			"_tpl": "59d64f2f86f77417193ef8b3",
			"parentId": "I33102610799706816946tSZ",
			"slotId": "mod_handguard"
		},
		{
			"_id": "FuckYouUnlimitedAmmo582401",
			"_tpl": "5857a8bc2459772bad15db29",
			"parentId": "5c6687d65e9d882c8841f0fd",
			"slotId": "SecuredContainer"
		},
		{
			"_id": "iHateThatShit281558",
			"_tpl": "5656d7c34bdc2d9d198b4587",
			"parentId": "FuckYouUnlimitedAmmo582401",
			"slotId": "main",
			"upd": {
				"StackObjectsCount": 60
			}
		},
		{
			"_id": "iHateThatShit358167",
			"_tpl": "59e4d24686f7741776641ac7",
			"parentId": "FuckYouUnlimitedAmmo582401",
			"slotId": "main",
			"upd": {
				"StackObjectsCount": 60
			}
		},
		{
			"_id": "iHateThatShit770127",
			"_tpl": "59e4d24686f7741776641ac7",
			"parentId": "FuckYouUnlimitedAmmo582401",
			"slotId": "main",
			"upd": {
				"StackObjectsCount": 60
			}
		},
		{
			"_id": "iHateThatShit675717",
			"_tpl": "59e0d99486f7744a32234762",
			"parentId": "FuckYouUnlimitedAmmo582401",
			"slotId": "main",
			"upd": {
				"StackObjectsCount": 60
			}
		},
		{
			"_id": "iHateThatShit940186",
			"_tpl": "59e0d99486f7744a32234762",
			"parentId": "FuckYouUnlimitedAmmo582401",
			"slotId": "main",
			"upd": {
				"StackObjectsCount": 60
			}
		},
		{
			"_id": "iHateThatShit592942",
			"_tpl": "5656d7c34bdc2d9d198b4587",
			"parentId": "FuckYouUnlimitedAmmo582401",
			"slotId": "main",
			"upd": {
				"StackObjectsCount": 60
			}
		},
		{
			"_id": "iHateThatShit243721",
			"_tpl": "59e4d3d286f774176a36250a",
			"parentId": "FuckYouUnlimitedAmmo582401",
			"slotId": "main",
			"upd": {
				"StackObjectsCount": 60
			}
		},
		{
			"_id": "iHateThatShit986515",
			"_tpl": "59e4cf5286f7741778269d8a",
			"parentId": "FuckYouUnlimitedAmmo582401",
			"slotId": "main",
			"upd": {
				"StackObjectsCount": 60
			}
		},
		{
			"_id": "iHateThatShit265751",
			"_tpl": "5656d7c34bdc2d9d198b4587",
			"parentId": "FuckYouUnlimitedAmmo582401",
			"slotId": "main",
			"upd": {
				"StackObjectsCount": 60
			}
		},
		{
			"_id": "mag0Vest793191",
			"_tpl": "5a0060fc86f7745793204432",
			"parentId": "B51647148559802343zNlmmj",
			"slotId": "2",
			"location": {
				"x": 0,
				"y": 0,
				"r": "Horizontal"
			}
		},
		{
			"_id": "AmmoMag0Vest260222",
			"_tpl": "5656d7c34bdc2d9d198b4587",
			"parentId": "mag0Vest793191",
			"slotId": "cartridges",
			"upd": {
				"StackObjectsCount": 30
			}
		},
		{
			"_id": "mag0Vest614449",
			"_tpl": "5a0060fc86f7745793204432",
			"parentId": "B51647148559802343zNlmmj",
			"slotId": "1",
			"location": {
				"x": 0,
				"y": 0,
				"r": "Horizontal"
			}
		},
		{
			"_id": "AmmoMag0Vest26347",
			"_tpl": "59e4d3d286f774176a36250a",
			"parentId": "mag0Vest614449",
			"slotId": "cartridges",
			"upd": {
				"StackObjectsCount": 30
			}
		},
		{
			"_id": "mag0Vest383789",
			"_tpl": "5a0060fc86f7745793204432",
			"parentId": "B51647148559802343zNlmmj",
			"slotId": "1",
			"location": {
				"x": 1,
				"y": 0,
				"r": "Horizontal"
			}
		},
		{
			"_id": "AmmoMag0Vest603830",
			"_tpl": "59e4d24686f7741776641ac7",
			"parentId": "mag0Vest383789",
			"slotId": "cartridges",
			"upd": {
				"StackObjectsCount": 30
			}
		},
		{
			"_id": "StackAmmo34135329231",
			"_tpl": "59e4d3d286f774176a36250a",
			"parentId": "B51647148559802343zNlmmj",
			"slotId": "4",
			"upd": {
				"StackObjectsCount": 5
			}
		},
		{
			"_id": "B51647142188549436jdZCJr",
			"_tpl": "57e26fc7245977162a14b800",
			"parentId": "5c6687d65e9d882c8841f0fd",
			"slotId": "Scabbard"
		},
		{
			"_id": "B516471434251092675aOMeT",
			"_tpl": "59e7708286f7742cbd762753",
			"parentId": "5c6687d65e9d882c8841f0fd",
			"slotId": "Headwear"
		},
		{
			"_id": "B51647143536415347lYi9Y1",
			"_tpl": "5aa2b9aee5b5b00015693121",
			"parentId": "5c6687d65e9d882c8841f0fd",
			"slotId": "Eyewear"
		},
		{
			"_id": "B516471460548360449HJgdl",
			"_tpl": "5b4326435acfc433000ed01d",
			"parentId": "5c6687d65e9d882c8841f0fd",
			"slotId": "FaceCover"
		},
		{
			"_id": "B516471454038336675dnGyr",
			"_tpl": "5c0e5edb86f77461f55ed1f7",
			"parentId": "5c6687d65e9d882c8841f0fd",
			"slotId": "ArmorVest",
			"upd": {
				"Repairable": {
					"MaxDurability": 50,
					"Durability": 23
				}
			}
		}
	],
	"equipment": "5c6687d65e9d882c8841f0fd",
	"stash": "5c6687d65e9d882c8841f0fc",
	"questRaidItems": "5c6687d65e9d882c8841f0fe",
	"questStashItems": "5c6687d65e9d882c8841f0ff",
	"fastPanel": {}
}