{
	"items": [
		{
			"_id": "5c6687d65e9d882c8841f0fd",
			"_tpl": "55d7217a4bdc2d86028b456d"
		},
		{
			"_id": "5c6687d65e9d882c8841f121",
			"_tpl": "557ffd194bdc2d28148b457f",
			"parentId": "5c6687d65e9d882c8841f0fd",
			"slotId": "Pockets"
		},
		{
			"_id": "5c6687d65e9d882c8841f0fc",
			"_tpl": "566abbc34bdc2d92178b4576"
		},
		{
			"_id": "5c6687d65e9d882c8841f0ff",
			"_tpl": "5963866b86f7747bfa1c4462"
		},
		{
			"_id": "5c6687d65e9d882c8841f0fe",
			"_tpl": "5963866286f7747bf429b572"
		},
		{
			"_id": "B51647182164372499RiNjfD",
			"_tpl": "5d5d85c586f774279a21cbdb",
			"parentId": "5c6687d65e9d882c8841f0fd",
			"slotId": "TacticalVest"
		},
		{
			"_id": "I33101887645250965KCwVnl",
			"_tpl": "5ab8e9fcd8ce870019439434",
			"parentId": "5c6687d65e9d882c8841f0fd",
			"slotId": "FirstPrimaryWeapon"
		},
		{
			"_id": "I33101888405174515fzrui3",
			"_tpl": "59c6633186f7740cf0493bb9",
			"parentId": "I33101887645250965KCwVnl",
			"slotId": "mod_gas_block"
		},
		{
			"_id": "I33101884222576657h9CNxs",
			"_tpl": "5649aa744bdc2ded0b8b457e",
			"parentId": "I33101887645250965KCwVnl",
			"slotId": "mod_muzzle"
		},
		{
			"_id": "I33101889162831726uW6ZB3",
			"_tpl": "57e3dba62459770f0c32322b",
			"parentId": "I33101887645250965KCwVnl",
			"slotId": "mod_pistol_grip"
		},
		{
			"_id": "I33101881766608554X2FeqM",
			"_tpl": "5649af094bdc2df8348b4586",
			"parentId": "I33101887645250965KCwVnl",
			"slotId": "mod_reciever"
		},
		{
			"_id": "I33101884028660079Ty0o4S",
			"_tpl": "5649b0544bdc2d1b2b8b458a",
			"parentId": "I33101887645250965KCwVnl",
			"slotId": "mod_sight_rear",
			"upd": {
				"Sight": {
					"SelectedSightMode": 0
				}
			}
		},
		{
			"_id": "MagazineWeaponScav9255",
			"_tpl": "55d4837c4bdc2d1d4e8b456c",
			"parentId": "I33101887645250965KCwVnl",
			"slotId": "mod_magazine"
		},
		{
			"_id": "AmmoMag19277",
			"_tpl": "5c0d5e4486f77478390952fe",
			"parentId": "MagazineWeaponScav9255",
			"slotId": "cartridges",
			"upd": {
				"StackObjectsCount": 10
			}
		},
		{
			"_id": "I331018832031491834ZuBl7",
			"_tpl": "5648b0744bdc2d363b8b4578",
			"parentId": "I33101888405174515fzrui3",
			"slotId": "mod_handguard"
		},
		{
			"_id": "FuckYouUnlimitedAmmo335808",
			"_tpl": "5857a8bc2459772bad15db29",
			"parentId": "5c6687d65e9d882c8841f0fd",
			"slotId": "SecuredContainer"
		},
		{
			"_id": "iHateThatShit110139",
			"_tpl": "56dff421d2720b5f5a8b4567",
			"parentId": "FuckYouUnlimitedAmmo335808",
			"slotId": "main",
			"upd": {
				"StackObjectsCount": 60
			}
		},
		{
			"_id": "iHateThatShit518672",
			"_tpl": "56dff4a2d2720bbd668b456a",
			"parentId": "FuckYouUnlimitedAmmo335808",
			"slotId": "main",
			"upd": {
				"StackObjectsCount": 60
			}
		},
		{
			"_id": "iHateThatShit837072",
			"_tpl": "5c0d5e4486f77478390952fe",
			"parentId": "FuckYouUnlimitedAmmo335808",
			"slotId": "main",
			"upd": {
				"StackObjectsCount": 60
			}
		},
		{
			"_id": "iHateThatShit384487",
			"_tpl": "5c0d5e4486f77478390952fe",
			"parentId": "FuckYouUnlimitedAmmo335808",
			"slotId": "main",
			"upd": {
				"StackObjectsCount": 60
			}
		},
		{
			"_id": "iHateThatShit36338",
			"_tpl": "56dff3afd2720bba668b4567",
			"parentId": "FuckYouUnlimitedAmmo335808",
			"slotId": "main",
			"upd": {
				"StackObjectsCount": 60
			}
		},
		{
			"_id": "iHateThatShit907875",
			"_tpl": "56dff061d2720bb5668b4567",
			"parentId": "FuckYouUnlimitedAmmo335808",
			"slotId": "main",
			"upd": {
				"StackObjectsCount": 60
			}
		},
		{
			"_id": "iHateThatShit798939",
			"_tpl": "56dff026d2720bb8668b4567",
			"parentId": "FuckYouUnlimitedAmmo335808",
			"slotId": "main",
			"upd": {
				"StackObjectsCount": 60
			}
		},
		{
			"_id": "iHateThatShit415817",
			"_tpl": "56dfef82d2720bbd668b4567",
			"parentId": "FuckYouUnlimitedAmmo335808",
			"slotId": "main",
			"upd": {
				"StackObjectsCount": 60
			}
		},
		{
			"_id": "iHateThatShit406081",
			"_tpl": "5c0d5e4486f77478390952fe",
			"parentId": "FuckYouUnlimitedAmmo335808",
			"slotId": "main",
			"upd": {
				"StackObjectsCount": 60
			}
		},
		{
			"_id": "mag0Vest398810",
			"_tpl": "55d4837c4bdc2d1d4e8b456c",
			"parentId": "B51647182164372499RiNjfD",
			"slotId": "1",
			"location": {
				"x": 0,
				"y": 0,
				"r": "Horizontal"
			}
		},
		{
			"_id": "AmmoMag0Vest492661",
			"_tpl": "5c0d5e4486f77478390952fe",
			"parentId": "mag0Vest398810",
			"slotId": "cartridges",
			"upd": {
				"StackObjectsCount": 10
			}
		},
		{
			"_id": "mag0Vest548039",
			"_tpl": "55d4837c4bdc2d1d4e8b456c",
			"parentId": "B51647182164372499RiNjfD",
			"slotId": "1",
			"location": {
				"x": 0,
				"y": 1,
				"r": "Horizontal"
			}
		},
		{
			"_id": "AmmoMag0Vest16262",
			"_tpl": "56dff4a2d2720bbd668b456a",
			"parentId": "mag0Vest548039",
			"slotId": "cartridges",
			"upd": {
				"StackObjectsCount": 10
			}
		},
		{
			"_id": "mag1Vest951431",
			"_tpl": "55d4837c4bdc2d1d4e8b456c",
			"parentId": "B51647182164372499RiNjfD",
			"slotId": "3",
			"location": {
				"x": 0,
				"y": 0,
				"r": "Horizontal"
			}
		},
		{
			"_id": "AmmoMag1Vest808383",
			"_tpl": "56dff421d2720b5f5a8b4567",
			"parentId": "mag1Vest951431",
			"slotId": "cartridges",
			"upd": {
				"StackObjectsCount": 10
			}
		},
		{
			"_id": "mag1Vest219780",
			"_tpl": "55d4837c4bdc2d1d4e8b456c",
			"parentId": "B51647182164372499RiNjfD",
			"slotId": "3",
			"location": {
				"x": 0,
				"y": 1,
				"r": "Horizontal"
			}
		},
		{
			"_id": "AmmoMag1Vest718320",
			"_tpl": "56dff4a2d2720bbd668b456a",
			"parentId": "mag1Vest219780",
			"slotId": "cartridges",
			"upd": {
				"StackObjectsCount": 10
			}
		},
		{
			"_id": "mag2Vest977154",
			"_tpl": "55d4837c4bdc2d1d4e8b456c",
			"parentId": "B51647182164372499RiNjfD",
			"slotId": "5",
			"location": {
				"x": 0,
				"y": 1,
				"r": "Horizontal"
			}
		},
		{
			"_id": "AmmoMag2Vest730149",
			"_tpl": "56dff061d2720bb5668b4567",
			"parentId": "mag2Vest977154",
			"slotId": "cartridges",
			"upd": {
				"StackObjectsCount": 10
			}
		},
		{
			"_id": "StackAmmo61288410108",
			"_tpl": "5c0d5e4486f77478390952fe",
			"parentId": "B51647182164372499RiNjfD",
			"slotId": "9",
			"upd": {
				"StackObjectsCount": 11
			}
		},
		{
			"_id": "B51647183362785526NKaoHQ",
			"_tpl": "57e26fc7245977162a14b800",
			"parentId": "5c6687d65e9d882c8841f0fd",
			"slotId": "Scabbard"
		},
		{
			"_id": "B516471825039182441l4NV1",
			"_tpl": "5aa2b89be5b5b0001569311f",
			"parentId": "5c6687d65e9d882c8841f0fd",
			"slotId": "Headwear"
		},
		{
			"_id": "B51647183273076808dadorf",
			"_tpl": "5b4326435acfc433000ed01d",
			"parentId": "5c6687d65e9d882c8841f0fd",
			"slotId": "FaceCover"
		},
		{
			"_id": "Pocket_174416",
			"_tpl": "5d1b2ffd86f77425243e8d17",
			"parentId": "5c6687d65e9d882c8841f121",
			"slotId": "pocket1",
			"location": {
				"x": 0,
				"y": 0,
				"r": "Horizontal"
			},
			"upd": {
				"SpawnedInSession": true
			}
		},
		{
			"_id": "Pocket_813140",
			"_tpl": "5a13f24186f77410e57c5626",
			"parentId": "5c6687d65e9d882c8841f121",
			"slotId": "pocket2",
			"location": {
				"x": 0,
				"y": 0,
				"r": "Horizontal"
			},
			"upd": {
				"SpawnedInSession": true
			}
		}
	],
	"equipment": "5c6687d65e9d882c8841f0fd",
	"stash": "5c6687d65e9d882c8841f0fc",
	"questRaidItems": "5c6687d65e9d882c8841f0fe",
	"questStashItems": "5c6687d65e9d882c8841f0ff",
	"fastPanel": {}
}