{
	"items": [
		{
			"_id": "5c6687d65e9d882c8841f0fd",
			"_tpl": "55d7217a4bdc2d86028b456d"
		},
		{
			"_id": "5c6687d65e9d882c8841f121",
			"_tpl": "557ffd194bdc2d28148b457f",
			"parentId": "5c6687d65e9d882c8841f0fd",
			"slotId": "Pockets"
		},
		{
			"_id": "5c6687d65e9d882c8841f0fc",
			"_tpl": "566abbc34bdc2d92178b4576"
		},
		{
			"_id": "5c6687d65e9d882c8841f0ff",
			"_tpl": "5963866b86f7747bfa1c4462"
		},
		{
			"_id": "5c6687d65e9d882c8841f0fe",
			"_tpl": "5963866286f7747bf429b572"
		},
		{
			"_id": "B51647189121801572gGbN4I",
			"_tpl": "572b7adb24597762ae139821",
			"parentId": "5c6687d65e9d882c8841f0fd",
			"slotId": "TacticalVest"
		},
		{
			"_id": "I210018269433615010vM7BC",
			"_tpl": "5a38e6bac4a2826c6e06d79b",
			"parentId": "5c6687d65e9d882c8841f0fd",
			"slotId": "FirstPrimaryWeapon"
		},
		{
			"_id": "MagazineWeaponScav3364",
			"_tpl": "5a38ed75c4a28232996e40c6",
			"parentId": "I210018269433615010vM7BC",
			"slotId": "mod_magazine"
		},
		{
			"_id": "AmmoMag18888",
			"_tpl": "5d6e6a42a4b9364f07165f52",
			"parentId": "MagazineWeaponScav3364",
			"slotId": "cartridges",
			"upd": {
				"StackObjectsCount": 4
			}
		},
		{
			"_id": "I210018263879906767FNFmM",
			"_tpl": "5a38ef1fc4a282000b1521f6",
			"parentId": "I210018269433615010vM7BC",
			"slotId": "mod_stock",
			"upd": {
				"Foldable": {
					"Folded": false
				}
			}
		},
		{
			"_id": "I210018261629330700VXZWi",
			"_tpl": "5a38eecdc4a282329a73b512",
			"parentId": "I210018263879906767FNFmM",
			"slotId": "mod_pistol_grip"
		},
		{
			"_id": "FuckYouUnlimitedAmmo750955",
			"_tpl": "5857a8bc2459772bad15db29",
			"parentId": "5c6687d65e9d882c8841f0fd",
			"slotId": "SecuredContainer"
		},
		{
			"_id": "iHateThatShit185445",
			"_tpl": "5d6e6a05a4b93618084f58d0",
			"parentId": "FuckYouUnlimitedAmmo750955",
			"slotId": "main",
			"upd": {
				"StackObjectsCount": 60
			}
		},
		{
			"_id": "iHateThatShit952617",
			"_tpl": "5d6e6a53a4b9361bd473feec",
			"parentId": "FuckYouUnlimitedAmmo750955",
			"slotId": "main",
			"upd": {
				"StackObjectsCount": 60
			}
		},
		{
			"_id": "iHateThatShit355132",
			"_tpl": "5d6e6a53a4b9361bd473feec",
			"parentId": "FuckYouUnlimitedAmmo750955",
			"slotId": "main",
			"upd": {
				"StackObjectsCount": 60
			}
		},
		{
			"_id": "iHateThatShit492953",
			"_tpl": "5d6e695fa4b936359b35d852",
			"parentId": "FuckYouUnlimitedAmmo750955",
			"slotId": "main",
			"upd": {
				"StackObjectsCount": 60
			}
		},
		{
			"_id": "iHateThatShit101613",
			"_tpl": "5d6e69b9a4b9361bc8618958",
			"parentId": "FuckYouUnlimitedAmmo750955",
			"slotId": "main",
			"upd": {
				"StackObjectsCount": 60
			}
		},
		{
			"_id": "iHateThatShit348038",
			"_tpl": "5d6e6a42a4b9364f07165f52",
			"parentId": "FuckYouUnlimitedAmmo750955",
			"slotId": "main",
			"upd": {
				"StackObjectsCount": 60
			}
		},
		{
			"_id": "iHateThatShit499045",
			"_tpl": "5d6e69c7a4b9360b6c0d54e4",
			"parentId": "FuckYouUnlimitedAmmo750955",
			"slotId": "main",
			"upd": {
				"StackObjectsCount": 60
			}
		},
		{
			"_id": "iHateThatShit229057",
			"_tpl": "5d6e6a53a4b9361bd473feec",
			"parentId": "FuckYouUnlimitedAmmo750955",
			"slotId": "main",
			"upd": {
				"StackObjectsCount": 60
			}
		},
		{
			"_id": "iHateThatShit727440",
			"_tpl": "5d6e6a53a4b9361bd473feec",
			"parentId": "FuckYouUnlimitedAmmo750955",
			"slotId": "main",
			"upd": {
				"StackObjectsCount": 60
			}
		},
		{
			"_id": "mag0Vest575553",
			"_tpl": "5a38ee51c4a282000c5a955c",
			"parentId": "B51647189121801572gGbN4I",
			"slotId": "2",
			"location": {
				"x": 0,
				"y": 0,
				"r": "Horizontal"
			}
		},
		{
			"_id": "AmmoMag0Vest786367",
			"_tpl": "5d6e6a5fa4b93614ec501745",
			"parentId": "mag0Vest575553",
			"slotId": "cartridges",
			"upd": {
				"StackObjectsCount": 2
			}
		},
		{
			"_id": "mag0Vest833943",
			"_tpl": "5a38ee51c4a282000c5a955c",
			"parentId": "B51647189121801572gGbN4I",
			"slotId": "2",
			"location": {
				"x": 0,
				"y": 1,
				"r": "Horizontal"
			}
		},
		{
			"_id": "AmmoMag0Vest675801",
			"_tpl": "5d6e6a42a4b9364f07165f52",
			"parentId": "mag0Vest833943",
			"slotId": "cartridges",
			"upd": {
				"StackObjectsCount": 2
			}
		},
		{
			"_id": "StackAmmo66381412109",
			"_tpl": "5d6e69c7a4b9360b6c0d54e4",
			"parentId": "B51647189121801572gGbN4I",
			"slotId": "1",
			"upd": {
				"StackObjectsCount": 18
			}
		},
		{
			"_id": "B51647185242517297UP4erV",
			"_tpl": "54491bb74bdc2d09088b4567",
			"parentId": "5c6687d65e9d882c8841f0fd",
			"slotId": "Scabbard"
		},
		{
			"_id": "B51647188993146287M50n2O",
			"_tpl": "572b7fa124597762b472f9d2",
			"parentId": "5c6687d65e9d882c8841f0fd",
			"slotId": "Headwear"
		},
		{
			"_id": "B51647185461635026ffIPAg",
			"_tpl": "59e770b986f7742cbd762754",
			"parentId": "5c6687d65e9d882c8841f0fd",
			"slotId": "Eyewear"
		},
		{
			"_id": "B51647181705803880k5oisT",
			"_tpl": "5e54f79686f7744022011103",
			"parentId": "5c6687d65e9d882c8841f0fd",
			"slotId": "FaceCover"
		},
		{
			"_id": "B51647189749899690XG06cO",
			"_tpl": "544a5cde4bdc2d39388b456b",
			"parentId": "5c6687d65e9d882c8841f0fd",
			"slotId": "Backpack"
		},
		{
			"_id": "BP51647187519265705CW5AB",
			"_tpl": "5af0561e86f7745f5f3ad6ac",
			"parentId": "B51647189749899690XG06cO",
			"slotId": "main",
			"location": {
				"x": 0,
				"y": 0,
				"r": "Horizontal"
			}
		},
		{
			"_id": "BP51647189847220189Il0Rz",
			"_tpl": "57347d3d245977448f7b7f61",
			"parentId": "B51647189749899690XG06cO",
			"slotId": "main",
			"location": {
				"x": 0,
				"y": 1,
				"r": "Horizontal"
			}
		},
		{
			"_id": "BP516471871573819586pAtm",
			"_tpl": "5672cb304bdc2dc2088b456a",
			"parentId": "B51647189749899690XG06cO",
			"slotId": "main",
			"location": {
				"x": 0,
				"y": 2,
				"r": "Horizontal"
			}
		},
		{
			"_id": "BP51647188216803970EVlDB",
			"_tpl": "567143bf4bdc2d1a0f8b4567",
			"parentId": "B51647189749899690XG06cO",
			"slotId": "main",
			"location": {
				"x": 1,
				"y": 0,
				"r": "Horizontal"
			}
		},
		{
			"_id": "B51647183153946696dNzlgz",
			"_tpl": "59e7635f86f7742cbf2c1095",
			"parentId": "5c6687d65e9d882c8841f0fd",
			"slotId": "ArmorVest",
			"upd": {
				"Repairable": {
					"MaxDurability": 40,
					"Durability": 23
				}
			}
		},
		{
			"_id": "Pocket_144719",
			"_tpl": "5d235b4d86f7742e017bc88a",
			"parentId": "5c6687d65e9d882c8841f121",
			"slotId": "pocket1",
			"location": {
				"x": 0,
				"y": 0,
				"r": "Horizontal"
			},
			"upd": {
				"SpawnedInSession": true
			}
		},
		{
			"_id": "Pocket_998070",
			"_tpl": "5783c43d2459774bbe137486",
			"parentId": "5c6687d65e9d882c8841f121",
			"slotId": "pocket2",
			"location": {
				"x": 0,
				"y": 0,
				"r": "Horizontal"
			},
			"upd": {
				"SpawnedInSession": true
			}
		}
	],
	"equipment": "5c6687d65e9d882c8841f0fd",
	"stash": "5c6687d65e9d882c8841f0fc",
	"questRaidItems": "5c6687d65e9d882c8841f0fe",
	"questStashItems": "5c6687d65e9d882c8841f0ff",
	"fastPanel": {}
}