{
	"items": [
		{
			"_id": "5c6687d65e9d882c8841f0fd",
			"_tpl": "55d7217a4bdc2d86028b456d"
		},
		{
			"_id": "5c6687d65e9d882c8841f121",
			"_tpl": "557ffd194bdc2d28148b457f",
			"parentId": "5c6687d65e9d882c8841f0fd",
			"slotId": "Pockets"
		},
		{
			"_id": "5c6687d65e9d882c8841f0fc",
			"_tpl": "566abbc34bdc2d92178b4576"
		},
		{
			"_id": "5c6687d65e9d882c8841f0ff",
			"_tpl": "5963866b86f7747bfa1c4462"
		},
		{
			"_id": "5c6687d65e9d882c8841f0fe",
			"_tpl": "5963866286f7747bf429b572"
		},
		{
			"_id": "B51647196670783940CS7Da5",
			"_tpl": "5648a69d4bdc2ded0b8b457b",
			"parentId": "5c6687d65e9d882c8841f0fd",
			"slotId": "TacticalVest"
		},
		{
			"_id": "I331035563528845356iTn2n",
			"_tpl": "59f9cabd86f7743a10721f46",
			"parentId": "5c6687d65e9d882c8841f0fd",
			"slotId": "FirstPrimaryWeapon"
		},
		{
			"_id": "I331035566810636633QAhDX",
			"_tpl": "5998517986f7746017232f7e",
			"parentId": "I331035563528845356iTn2n",
			"slotId": "mod_pistol_grip"
		},
		{
			"_id": "MagazineWeaponScav5268",
			"_tpl": "599860ac86f77436b225ed1a",
			"parentId": "I331035563528845356iTn2n",
			"slotId": "mod_magazine"
		},
		{
			"_id": "AmmoMag19807",
			"_tpl": "5c925fa22e221601da359b7b",
			"parentId": "MagazineWeaponScav5268",
			"slotId": "cartridges",
			"upd": {
				"StackObjectsCount": 30
			}
		},
		{
			"_id": "I331035568746373038oknvF",
			"_tpl": "5998598e86f7740b3f498a86",
			"parentId": "I331035563528845356iTn2n",
			"slotId": "mod_muzzle"
		},
		{
			"_id": "I331035567253140510LHQgu",
			"_tpl": "599860e986f7743bb57573a6",
			"parentId": "I331035563528845356iTn2n",
			"slotId": "mod_sight_rear",
			"upd": {
				"Sight": {
					"SelectedSightMode": 0
				}
			}
		},
		{
			"_id": "I331035562264819377Z7hyQ",
			"_tpl": "59ccd11386f77428f24a488f",
			"parentId": "I331035563528845356iTn2n",
			"slotId": "mod_gas_block"
		},
		{
			"_id": "I331035566113162755scrAf",
			"_tpl": "5648b1504bdc2d9d488b4584",
			"parentId": "I331035562264819377Z7hyQ",
			"slotId": "mod_handguard"
		},
		{
			"_id": "FuckYouUnlimitedAmmo144333",
			"_tpl": "5857a8bc2459772bad15db29",
			"parentId": "5c6687d65e9d882c8841f0fd",
			"slotId": "SecuredContainer"
		},
		{
			"_id": "iHateThatShit705778",
			"_tpl": "5c925fa22e221601da359b7b",
			"parentId": "FuckYouUnlimitedAmmo144333",
			"slotId": "main",
			"upd": {
				"StackObjectsCount": 60
			}
		},
		{
			"_id": "iHateThatShit902272",
			"_tpl": "5c3df7d588a4501f290594e5",
			"parentId": "FuckYouUnlimitedAmmo144333",
			"slotId": "main",
			"upd": {
				"StackObjectsCount": 60
			}
		},
		{
			"_id": "iHateThatShit34542",
			"_tpl": "5c925fa22e221601da359b7b",
			"parentId": "FuckYouUnlimitedAmmo144333",
			"slotId": "main",
			"upd": {
				"StackObjectsCount": 60
			}
		},
		{
			"_id": "iHateThatShit317241",
			"_tpl": "5c925fa22e221601da359b7b",
			"parentId": "FuckYouUnlimitedAmmo144333",
			"slotId": "main",
			"upd": {
				"StackObjectsCount": 60
			}
		},
		{
			"_id": "iHateThatShit336670",
			"_tpl": "58864a4f2459770fcc257101",
			"parentId": "FuckYouUnlimitedAmmo144333",
			"slotId": "main",
			"upd": {
				"StackObjectsCount": 60
			}
		},
		{
			"_id": "iHateThatShit787154",
			"_tpl": "56d59d3ad2720bdb418b4577",
			"parentId": "FuckYouUnlimitedAmmo144333",
			"slotId": "main",
			"upd": {
				"StackObjectsCount": 60
			}
		},
		{
			"_id": "iHateThatShit827756",
			"_tpl": "5c925fa22e221601da359b7b",
			"parentId": "FuckYouUnlimitedAmmo144333",
			"slotId": "main",
			"upd": {
				"StackObjectsCount": 60
			}
		},
		{
			"_id": "iHateThatShit42865",
			"_tpl": "56d59d3ad2720bdb418b4577",
			"parentId": "FuckYouUnlimitedAmmo144333",
			"slotId": "main",
			"upd": {
				"StackObjectsCount": 60
			}
		},
		{
			"_id": "iHateThatShit733436",
			"_tpl": "56d59d3ad2720bdb418b4577",
			"parentId": "FuckYouUnlimitedAmmo144333",
			"slotId": "main",
			"upd": {
				"StackObjectsCount": 60
			}
		},
		{
			"_id": "mag0Vest694905",
			"_tpl": "5c0673fb0db8340023300271",
			"parentId": "B51647196670783940CS7Da5",
			"slotId": "1",
			"location": {
				"x": 0,
				"y": 0,
				"r": "Horizontal"
			}
		},
		{
			"_id": "AmmoMag0Vest304368",
			"_tpl": "58864a4f2459770fcc257101",
			"parentId": "mag0Vest694905",
			"slotId": "cartridges",
			"upd": {
				"StackObjectsCount": 20
			}
		},
		{
			"_id": "mag1Vest464942",
			"_tpl": "5c0673fb0db8340023300271",
			"parentId": "B51647196670783940CS7Da5",
			"slotId": "3",
			"location": {
				"x": 0,
				"y": 0,
				"r": "Horizontal"
			}
		},
		{
			"_id": "AmmoMag1Vest691043",
			"_tpl": "5c925fa22e221601da359b7b",
			"parentId": "mag1Vest464942",
			"slotId": "cartridges",
			"upd": {
				"StackObjectsCount": 20
			}
		},
		{
			"_id": "mag2Vest714150",
			"_tpl": "5c0673fb0db8340023300271",
			"parentId": "B51647196670783940CS7Da5",
			"slotId": "10",
			"location": {
				"x": 0,
				"y": 0,
				"r": "Horizontal"
			}
		},
		{
			"_id": "AmmoMag2Vest175257",
			"_tpl": "56d59d3ad2720bdb418b4577",
			"parentId": "mag2Vest714150",
			"slotId": "cartridges",
			"upd": {
				"StackObjectsCount": 20
			}
		},
		{
			"_id": "mag0Vest67172",
			"_tpl": "5c0673fb0db8340023300271",
			"parentId": "B51647196670783940CS7Da5",
			"slotId": "5",
			"location": {
				"x": 0,
				"y": 0,
				"r": "Horizontal"
			}
		},
		{
			"_id": "AmmoMag0Vest367159",
			"_tpl": "58864a4f2459770fcc257101",
			"parentId": "mag0Vest67172",
			"slotId": "cartridges",
			"upd": {
				"StackObjectsCount": 20
			}
		},
		{
			"_id": "mag0Vest819531",
			"_tpl": "5c0673fb0db8340023300271",
			"parentId": "B51647196670783940CS7Da5",
			"slotId": "5",
			"location": {
				"x": 1,
				"y": 0,
				"r": "Horizontal"
			}
		},
		{
			"_id": "AmmoMag0Vest311801",
			"_tpl": "5c0d56a986f774449d5de529",
			"parentId": "mag0Vest819531",
			"slotId": "cartridges",
			"upd": {
				"StackObjectsCount": 20
			}
		},
		{
			"_id": "StackAmmo98498794464",
			"_tpl": "5c925fa22e221601da359b7b",
			"parentId": "B51647196670783940CS7Da5",
			"slotId": "8",
			"upd": {
				"StackObjectsCount": 39
			}
		},
		{
			"_id": "B51647195157432452eBbC6I",
			"_tpl": "54491bb74bdc2d09088b4567",
			"parentId": "5c6687d65e9d882c8841f0fd",
			"slotId": "Scabbard"
		},
		{
			"_id": "B51647194072712018LUP11t",
			"_tpl": "5aa2b89be5b5b0001569311f",
			"parentId": "5c6687d65e9d882c8841f0fd",
			"slotId": "Headwear"
		},
		{
			"_id": "B516471940348503940RQ6Fo",
			"_tpl": "5d6d2ef3a4b93618084f58bd",
			"parentId": "5c6687d65e9d882c8841f0fd",
			"slotId": "Eyewear"
		},
		{
			"_id": "B51647192964760720XNgTJc",
			"_tpl": "572b7fa524597762b747ce82",
			"parentId": "5c6687d65e9d882c8841f0fd",
			"slotId": "FaceCover"
		},
		{
			"_id": "B51647196524554123ywN2Zz",
			"_tpl": "56e33634d2720bd8058b456b",
			"parentId": "5c6687d65e9d882c8841f0fd",
			"slotId": "Backpack"
		},
		{
			"_id": "BP51647195342863146zUBjS",
			"_tpl": "5780cfa52459777dfb276eb1",
			"parentId": "B51647196524554123ywN2Zz",
			"slotId": "main",
			"location": {
				"x": 0,
				"y": 0,
				"r": "Horizontal"
			}
		},
		{
			"_id": "BP51647196585731498mA6hE",
			"_tpl": "59faf98186f774067b6be103",
			"parentId": "B51647196524554123ywN2Zz",
			"slotId": "main",
			"location": {
				"x": 0,
				"y": 1,
				"r": "Horizontal"
			}
		},
		{
			"_id": "BP51647198997246107k6Xte",
			"_tpl": "5448ba0b4bdc2d02308b456c",
			"parentId": "B51647196524554123ywN2Zz",
			"slotId": "main",
			"location": {
				"x": 1,
				"y": 0,
				"r": "Horizontal"
			}
		},
		{
			"_id": "BP51647197253304825M5b59",
			"_tpl": "5780cf9e2459777df90dcb73",
			"parentId": "B51647196524554123ywN2Zz",
			"slotId": "main",
			"location": {
				"x": 1,
				"y": 1,
				"r": "Horizontal"
			}
		}
	],
	"equipment": "5c6687d65e9d882c8841f0fd",
	"stash": "5c6687d65e9d882c8841f0fc",
	"questRaidItems": "5c6687d65e9d882c8841f0fe",
	"questStashItems": "5c6687d65e9d882c8841f0ff",
	"fastPanel": {}
}