{
	"items": [
		{
			"_id": "5c6687d65e9d882c8841f0fd",
			"_tpl": "55d7217a4bdc2d86028b456d"
		},
		{
			"_id": "5c6687d65e9d882c8841f121",
			"_tpl": "557ffd194bdc2d28148b457f",
			"parentId": "5c6687d65e9d882c8841f0fd",
			"slotId": "Pockets"
		},
		{
			"_id": "5c6687d65e9d882c8841f0fc",
			"_tpl": "566abbc34bdc2d92178b4576"
		},
		{
			"_id": "5c6687d65e9d882c8841f0ff",
			"_tpl": "5963866b86f7747bfa1c4462"
		},
		{
			"_id": "5c6687d65e9d882c8841f0fe",
			"_tpl": "5963866286f7747bf429b572"
		},
		{
			"_id": "B51647186131885372STYb3g",
			"_tpl": "5c0e446786f7742013381639",
			"parentId": "5c6687d65e9d882c8841f0fd",
			"slotId": "TacticalVest"
		},
		{
			"_id": "I21005559542953025dSHe9B",
			"_tpl": "5a38e6bac4a2826c6e06d79b",
			"parentId": "5c6687d65e9d882c8841f0fd",
			"slotId": "FirstPrimaryWeapon"
		},
		{
			"_id": "MagazineWeaponScav2425",
			"_tpl": "5c6161fb2e221600113fbde5",
			"parentId": "I21005559542953025dSHe9B",
			"slotId": "mod_magazine"
		},
		{
			"_id": "AmmoMag19370",
			"_tpl": "5d6e69b9a4b9361bc8618958",
			"parentId": "MagazineWeaponScav2425",
			"slotId": "cartridges",
			"upd": {
				"StackObjectsCount": 5
			}
		},
		{
			"_id": "I21005559534914848ofvJs5",
			"_tpl": "5adf23995acfc400185c2aeb",
			"parentId": "I21005559542953025dSHe9B",
			"slotId": "mod_stock"
		},
		{
			"_id": "FuckYouUnlimitedAmmo34885",
			"_tpl": "5857a8bc2459772bad15db29",
			"parentId": "5c6687d65e9d882c8841f0fd",
			"slotId": "SecuredContainer"
		},
		{
			"_id": "iHateThatShit809940",
			"_tpl": "5d6e6a05a4b93618084f58d0",
			"parentId": "FuckYouUnlimitedAmmo34885",
			"slotId": "main",
			"upd": {
				"StackObjectsCount": 60
			}
		},
		{
			"_id": "iHateThatShit51791",
			"_tpl": "5d6e69b9a4b9361bc8618958",
			"parentId": "FuckYouUnlimitedAmmo34885",
			"slotId": "main",
			"upd": {
				"StackObjectsCount": 60
			}
		},
		{
			"_id": "iHateThatShit877649",
			"_tpl": "5d6e6a5fa4b93614ec501745",
			"parentId": "FuckYouUnlimitedAmmo34885",
			"slotId": "main",
			"upd": {
				"StackObjectsCount": 60
			}
		},
		{
			"_id": "iHateThatShit425411",
			"_tpl": "5a38ebd9c4a282000d722a5b",
			"parentId": "FuckYouUnlimitedAmmo34885",
			"slotId": "main",
			"upd": {
				"StackObjectsCount": 60
			}
		},
		{
			"_id": "iHateThatShit561813",
			"_tpl": "5d6e69b9a4b9361bc8618958",
			"parentId": "FuckYouUnlimitedAmmo34885",
			"slotId": "main",
			"upd": {
				"StackObjectsCount": 60
			}
		},
		{
			"_id": "iHateThatShit677386",
			"_tpl": "5d6e6a5fa4b93614ec501745",
			"parentId": "FuckYouUnlimitedAmmo34885",
			"slotId": "main",
			"upd": {
				"StackObjectsCount": 60
			}
		},
		{
			"_id": "iHateThatShit853680",
			"_tpl": "5d6e6a05a4b93618084f58d0",
			"parentId": "FuckYouUnlimitedAmmo34885",
			"slotId": "main",
			"upd": {
				"StackObjectsCount": 60
			}
		},
		{
			"_id": "iHateThatShit551333",
			"_tpl": "5d6e6a5fa4b93614ec501745",
			"parentId": "FuckYouUnlimitedAmmo34885",
			"slotId": "main",
			"upd": {
				"StackObjectsCount": 60
			}
		},
		{
			"_id": "iHateThatShit84700",
			"_tpl": "5d6e69c7a4b9360b6c0d54e4",
			"parentId": "FuckYouUnlimitedAmmo34885",
			"slotId": "main",
			"upd": {
				"StackObjectsCount": 60
			}
		},
		{
			"_id": "mag0Vest755258",
			"_tpl": "5a38ee51c4a282000c5a955c",
			"parentId": "B51647186131885372STYb3g",
			"slotId": "1",
			"location": {
				"x": 0,
				"y": 1,
				"r": "Horizontal"
			}
		},
		{
			"_id": "AmmoMag0Vest11866",
			"_tpl": "5d6e6a42a4b9364f07165f52",
			"parentId": "mag0Vest755258",
			"slotId": "cartridges",
			"upd": {
				"StackObjectsCount": 2
			}
		},
		{
			"_id": "mag2Vest13864",
			"_tpl": "5a38ee51c4a282000c5a955c",
			"parentId": "B51647186131885372STYb3g",
			"slotId": "4",
			"location": {
				"x": 0,
				"y": 0,
				"r": "Horizontal"
			}
		},
		{
			"_id": "AmmoMag2Vest35059",
			"_tpl": "5d6e6a42a4b9364f07165f52",
			"parentId": "mag2Vest13864",
			"slotId": "cartridges",
			"upd": {
				"StackObjectsCount": 2
			}
		},
		{
			"_id": "mag2Vest87285",
			"_tpl": "5a38ee51c4a282000c5a955c",
			"parentId": "B51647186131885372STYb3g",
			"slotId": "4",
			"location": {
				"x": 0,
				"y": 1,
				"r": "Horizontal"
			}
		},
		{
			"_id": "AmmoMag2Vest877610",
			"_tpl": "5d6e6a53a4b9361bd473feec",
			"parentId": "mag2Vest87285",
			"slotId": "cartridges",
			"upd": {
				"StackObjectsCount": 2
			}
		},
		{
			"_id": "B51647187472854583aFuGKF",
			"_tpl": "57e26ea924597715ca604a09",
			"parentId": "5c6687d65e9d882c8841f0fd",
			"slotId": "Scabbard"
		},
		{
			"_id": "B51647185703545487L9oWAN",
			"_tpl": "5c0e57ba86f7747fa141986d",
			"parentId": "5c6687d65e9d882c8841f0fd",
			"slotId": "ArmorVest",
			"upd": {
				"Repairable": {
					"MaxDurability": 55,
					"Durability": 13
				}
			}
		}
	],
	"equipment": "5c6687d65e9d882c8841f0fd",
	"stash": "5c6687d65e9d882c8841f0fc",
	"questRaidItems": "5c6687d65e9d882c8841f0fe",
	"questStashItems": "5c6687d65e9d882c8841f0ff",
	"fastPanel": {}
}