{
	"items": [
		{
			"_id": "5c6687d65e9d882c8841f0fd",
			"_tpl": "55d7217a4bdc2d86028b456d"
		},
		{
			"_id": "5c6687d65e9d882c8841f121",
			"_tpl": "557ffd194bdc2d28148b457f",
			"parentId": "5c6687d65e9d882c8841f0fd",
			"slotId": "Pockets"
		},
		{
			"_id": "5c6687d65e9d882c8841f0fc",
			"_tpl": "566abbc34bdc2d92178b4576"
		},
		{
			"_id": "5c6687d65e9d882c8841f0ff",
			"_tpl": "5963866b86f7747bfa1c4462"
		},
		{
			"_id": "5c6687d65e9d882c8841f0fe",
			"_tpl": "5963866286f7747bf429b572"
		},
		{
			"_id": "B51647193048096387zVGH0G",
			"_tpl": "5d5d8ca986f7742798716522",
			"parentId": "5c6687d65e9d882c8841f0fd",
			"slotId": "TacticalVest"
		},
		{
			"_id": "I331046127773593669uVtsF",
			"_tpl": "5644bd2b4bdc2d3b4c8b4572",
			"parentId": "5c6687d65e9d882c8841f0fd",
			"slotId": "FirstPrimaryWeapon"
		},
		{
			"_id": "I331046127771444184gnvsM",
			"_tpl": "59c6633186f7740cf0493bb9",
			"parentId": "I331046127773593669uVtsF",
			"slotId": "mod_gas_block"
		},
		{
			"_id": "I3310461232797883875p2bj",
			"_tpl": "5649aa744bdc2ded0b8b457e",
			"parentId": "I331046127773593669uVtsF",
			"slotId": "mod_muzzle"
		},
		{
			"_id": "I331046124161133240AcIgM",
			"_tpl": "5649ad3f4bdc2df8348b4585",
			"parentId": "I331046127773593669uVtsF",
			"slotId": "mod_pistol_grip"
		},
		{
			"_id": "I331046127584523856SzisX",
			"_tpl": "5649af094bdc2df8348b4586",
			"parentId": "I331046127773593669uVtsF",
			"slotId": "mod_reciever"
		},
		{
			"_id": "I331046127637814350xNMrd",
			"_tpl": "5649b0544bdc2d1b2b8b458a",
			"parentId": "I331046127773593669uVtsF",
			"slotId": "mod_sight_rear",
			"upd": {
				"Sight": {
					"SelectedSightMode": 0
				}
			}
		},
		{
			"_id": "I331046125755512910n5ptt",
			"_tpl": "5649b1c04bdc2d16268b457c",
			"parentId": "I331046127773593669uVtsF",
			"slotId": "mod_stock"
		},
		{
			"_id": "MagazineWeaponScav1920",
			"_tpl": "5aaa4194e5b5b055d06310a5",
			"parentId": "I331046127773593669uVtsF",
			"slotId": "mod_magazine"
		},
		{
			"_id": "AmmoMag12541",
			"_tpl": "56dff338d2720bbd668b4569",
			"parentId": "MagazineWeaponScav1920",
			"slotId": "cartridges",
			"upd": {
				"StackObjectsCount": 30
			}
		},
		{
			"_id": "I3310461278782270134nnCe",
			"_tpl": "57acb6222459771ec34b5cb0",
			"parentId": "I331046127773593669uVtsF",
			"slotId": "mod_mount_000"
		},
		{
			"_id": "I331046121407077243Ljhw6",
			"_tpl": "5648b4534bdc2d3d1c8b4580",
			"parentId": "I331046127771444184gnvsM",
			"slotId": "mod_handguard"
		},
		{
			"_id": "I331046125854884947RZrUx",
			"_tpl": "570fd721d2720bc5458b4596",
			"parentId": "I3310461278782270134nnCe",
			"slotId": "mod_scope",
			"upd": {
				"Sight": {
					"SelectedSightMode": 0
				}
			}
		},
		{
			"_id": "I331046129518444139PcKmL",
			"_tpl": "56def37dd2720bec348b456a",
			"parentId": "I331046121407077243Ljhw6",
			"slotId": "mod_tactical_001",
			"upd": {
				"Light": {
					"IsActive": true,
					"SelectedMode": 0
				}
			}
		},
		{
			"_id": "FuckYouUnlimitedAmmo83274",
			"_tpl": "5857a8bc2459772bad15db29",
			"parentId": "5c6687d65e9d882c8841f0fd",
			"slotId": "SecuredContainer"
		},
		{
			"_id": "iHateThatShit514968",
			"_tpl": "56dff4ecd2720b5f5a8b4568",
			"parentId": "FuckYouUnlimitedAmmo83274",
			"slotId": "main",
			"upd": {
				"StackObjectsCount": 60
			}
		},
		{
			"_id": "iHateThatShit328562",
			"_tpl": "56dff421d2720b5f5a8b4567",
			"parentId": "FuckYouUnlimitedAmmo83274",
			"slotId": "main",
			"upd": {
				"StackObjectsCount": 60
			}
		},
		{
			"_id": "iHateThatShit651062",
			"_tpl": "56dff4a2d2720bbd668b456a",
			"parentId": "FuckYouUnlimitedAmmo83274",
			"slotId": "main",
			"upd": {
				"StackObjectsCount": 60
			}
		},
		{
			"_id": "iHateThatShit419447",
			"_tpl": "56dff4ecd2720b5f5a8b4568",
			"parentId": "FuckYouUnlimitedAmmo83274",
			"slotId": "main",
			"upd": {
				"StackObjectsCount": 60
			}
		},
		{
			"_id": "iHateThatShit629232",
			"_tpl": "5c0d5e4486f77478390952fe",
			"parentId": "FuckYouUnlimitedAmmo83274",
			"slotId": "main",
			"upd": {
				"StackObjectsCount": 60
			}
		},
		{
			"_id": "iHateThatShit313393",
			"_tpl": "56dff3afd2720bba668b4567",
			"parentId": "FuckYouUnlimitedAmmo83274",
			"slotId": "main",
			"upd": {
				"StackObjectsCount": 60
			}
		},
		{
			"_id": "iHateThatShit577165",
			"_tpl": "56dff026d2720bb8668b4567",
			"parentId": "FuckYouUnlimitedAmmo83274",
			"slotId": "main",
			"upd": {
				"StackObjectsCount": 60
			}
		},
		{
			"_id": "iHateThatShit258411",
			"_tpl": "56dff3afd2720bba668b4567",
			"parentId": "FuckYouUnlimitedAmmo83274",
			"slotId": "main",
			"upd": {
				"StackObjectsCount": 60
			}
		},
		{
			"_id": "iHateThatShit157637",
			"_tpl": "56dff216d2720bbd668b4568",
			"parentId": "FuckYouUnlimitedAmmo83274",
			"slotId": "main",
			"upd": {
				"StackObjectsCount": 60
			}
		},
		{
			"_id": "mag0Vest548933",
			"_tpl": "55d482194bdc2d1d4e8b456b",
			"parentId": "B51647193048096387zVGH0G",
			"slotId": "2",
			"location": {
				"x": 0,
				"y": 0,
				"r": "Horizontal"
			}
		},
		{
			"_id": "AmmoMag0Vest240670",
			"_tpl": "56dff4ecd2720b5f5a8b4568",
			"parentId": "mag0Vest548933",
			"slotId": "cartridges",
			"upd": {
				"StackObjectsCount": 60
			}
		},
		{
			"_id": "B516471935939484729dNBG0",
			"_tpl": "57e26fc7245977162a14b800",
			"parentId": "5c6687d65e9d882c8841f0fd",
			"slotId": "Scabbard"
		},
		{
			"_id": "B51647198404196575Cc66zn",
			"_tpl": "5b43271c5acfc432ff4dce65",
			"parentId": "5c6687d65e9d882c8841f0fd",
			"slotId": "Headwear"
		},
		{
			"_id": "Pocket_19933",
			"_tpl": "59e366c186f7741778269d85",
			"parentId": "5c6687d65e9d882c8841f121",
			"slotId": "pocket1",
			"location": {
				"x": 0,
				"y": 0,
				"r": "Horizontal"
			},
			"upd": {
				"SpawnedInSession": true
			}
		},
		{
			"_id": "Pocket_679766",
			"_tpl": "5e2af22086f7746d3f3c33fa",
			"parentId": "5c6687d65e9d882c8841f121",
			"slotId": "pocket2",
			"location": {
				"x": 0,
				"y": 0,
				"r": "Horizontal"
			},
			"upd": {
				"SpawnedInSession": true
			}
		}
	],
	"equipment": "5c6687d65e9d882c8841f0fd",
	"stash": "5c6687d65e9d882c8841f0fc",
	"questRaidItems": "5c6687d65e9d882c8841f0fe",
	"questStashItems": "5c6687d65e9d882c8841f0ff",
	"fastPanel": {}
}