{
	"items": [
		{
			"_id": "5c6687d65e9d882c8841f0fd",
			"_tpl": "55d7217a4bdc2d86028b456d"
		},
		{
			"_id": "5c6687d65e9d882c8841f121",
			"_tpl": "557ffd194bdc2d28148b457f",
			"parentId": "5c6687d65e9d882c8841f0fd",
			"slotId": "Pockets"
		},
		{
			"_id": "5c6687d65e9d882c8841f0fc",
			"_tpl": "566abbc34bdc2d92178b4576"
		},
		{
			"_id": "5c6687d65e9d882c8841f0ff",
			"_tpl": "5963866b86f7747bfa1c4462"
		},
		{
			"_id": "5c6687d65e9d882c8841f0fe",
			"_tpl": "5963866286f7747bf429b572"
		},
		{
			"_id": "B516471985384542776J0PtS",
			"_tpl": "5d5d8ca986f7742798716522",
			"parentId": "5c6687d65e9d882c8841f0fd",
			"slotId": "TacticalVest"
		},
		{
			"_id": "I3310355096178781149ZRwr",
			"_tpl": "59f9cabd86f7743a10721f46",
			"parentId": "5c6687d65e9d882c8841f0fd",
			"slotId": "FirstPrimaryWeapon"
		},
		{
			"_id": "I331035508611683930fmOFD",
			"_tpl": "5998517986f7746017232f7e",
			"parentId": "I3310355096178781149ZRwr",
			"slotId": "mod_pistol_grip"
		},
		{
			"_id": "I331035509380226219vDx1H",
			"_tpl": "599851db86f77467372f0a18",
			"parentId": "I3310355096178781149ZRwr",
			"slotId": "mod_stock"
		},
		{
			"_id": "MagazineWeaponScav3750",
			"_tpl": "599860ac86f77436b225ed1a",
			"parentId": "I3310355096178781149ZRwr",
			"slotId": "mod_magazine"
		},
		{
			"_id": "AmmoMag19704",
			"_tpl": "56d59d3ad2720bdb418b4577",
			"parentId": "MagazineWeaponScav3750",
			"slotId": "cartridges",
			"upd": {
				"StackObjectsCount": 30
			}
		},
		{
			"_id": "I331035507428459375s690Q",
			"_tpl": "5998598e86f7740b3f498a86",
			"parentId": "I3310355096178781149ZRwr",
			"slotId": "mod_muzzle"
		},
		{
			"_id": "I331035507865670097PK7Ub",
			"_tpl": "599860e986f7743bb57573a6",
			"parentId": "I3310355096178781149ZRwr",
			"slotId": "mod_sight_rear",
			"upd": {
				"Sight": {
					"SelectedSightMode": 0
				}
			}
		},
		{
			"_id": "I331035501494160705U2j5a",
			"_tpl": "59ccd11386f77428f24a488f",
			"parentId": "I3310355096178781149ZRwr",
			"slotId": "mod_gas_block"
		},
		{
			"_id": "I331035502762426642iw0GQ",
			"_tpl": "5648b1504bdc2d9d488b4584",
			"parentId": "I331035501494160705U2j5a",
			"slotId": "mod_handguard"
		},
		{
			"_id": "FuckYouUnlimitedAmmo365179",
			"_tpl": "5857a8bc2459772bad15db29",
			"parentId": "5c6687d65e9d882c8841f0fd",
			"slotId": "SecuredContainer"
		},
		{
			"_id": "iHateThatShit314398",
			"_tpl": "5c0d56a986f774449d5de529",
			"parentId": "FuckYouUnlimitedAmmo365179",
			"slotId": "main",
			"upd": {
				"StackObjectsCount": 60
			}
		},
		{
			"_id": "iHateThatShit80480",
			"_tpl": "5c925fa22e221601da359b7b",
			"parentId": "FuckYouUnlimitedAmmo365179",
			"slotId": "main",
			"upd": {
				"StackObjectsCount": 60
			}
		},
		{
			"_id": "iHateThatShit388000",
			"_tpl": "58864a4f2459770fcc257101",
			"parentId": "FuckYouUnlimitedAmmo365179",
			"slotId": "main",
			"upd": {
				"StackObjectsCount": 60
			}
		},
		{
			"_id": "iHateThatShit588212",
			"_tpl": "5c925fa22e221601da359b7b",
			"parentId": "FuckYouUnlimitedAmmo365179",
			"slotId": "main",
			"upd": {
				"StackObjectsCount": 60
			}
		},
		{
			"_id": "iHateThatShit381318",
			"_tpl": "5c925fa22e221601da359b7b",
			"parentId": "FuckYouUnlimitedAmmo365179",
			"slotId": "main",
			"upd": {
				"StackObjectsCount": 60
			}
		},
		{
			"_id": "iHateThatShit383038",
			"_tpl": "5c3df7d588a4501f290594e5",
			"parentId": "FuckYouUnlimitedAmmo365179",
			"slotId": "main",
			"upd": {
				"StackObjectsCount": 60
			}
		},
		{
			"_id": "iHateThatShit778806",
			"_tpl": "5a3c16fe86f77452b62de32a",
			"parentId": "FuckYouUnlimitedAmmo365179",
			"slotId": "main",
			"upd": {
				"StackObjectsCount": 60
			}
		},
		{
			"_id": "iHateThatShit660232",
			"_tpl": "5a3c16fe86f77452b62de32a",
			"parentId": "FuckYouUnlimitedAmmo365179",
			"slotId": "main",
			"upd": {
				"StackObjectsCount": 60
			}
		},
		{
			"_id": "iHateThatShit525065",
			"_tpl": "5c3df7d588a4501f290594e5",
			"parentId": "FuckYouUnlimitedAmmo365179",
			"slotId": "main",
			"upd": {
				"StackObjectsCount": 60
			}
		},
		{
			"_id": "I210016225791087175zosqL",
			"_tpl": "56d59856d2720bd8418b456a",
			"parentId": "5c6687d65e9d882c8841f0fd",
			"slotId": "Holster"
		},
		{
			"_id": "I210016223363741488SOBDt",
			"_tpl": "56d5a1f7d2720bb3418b456a",
			"parentId": "I210016225791087175zosqL",
			"slotId": "mod_barrel"
		},
		{
			"_id": "I210016224874263019rNFFn",
			"_tpl": "56d5a2bbd2720bb8418b456a",
			"parentId": "I210016225791087175zosqL",
			"slotId": "mod_pistol_grip"
		},
		{
			"_id": "I210016222706866142L5kep",
			"_tpl": "56d5a407d2720bb3418b456b",
			"parentId": "I210016225791087175zosqL",
			"slotId": "mod_reciever"
		},
		{
			"_id": "AmmoMag14505",
			"_tpl": "5c925fa22e221601da359b7b",
			"parentId": "I210016224549891509hxVB2",
			"slotId": "cartridges",
			"upd": {
				"StackObjectsCount": 15
			}
		},
		{
			"_id": "I210016224549891509hxVB2",
			"_tpl": "56d59948d2720bb7418b4582",
			"parentId": "I210016225791087175zosqL",
			"slotId": "mod_magazine"
		},
		{
			"_id": "I210016224015555621KTOuX",
			"_tpl": "56d5a77ed2720b90418b4568",
			"parentId": "I210016222706866142L5kep",
			"slotId": "mod_sight_rear",
			"upd": {
				"Sight": {
					"SelectedSightMode": 0
				}
			}
		},
		{
			"_id": "I210016226956354775U8Nj5",
			"_tpl": "56d5a661d2720bd8418b456b",
			"parentId": "I210016222706866142L5kep",
			"slotId": "mod_sight_front",
			"upd": {
				"Sight": {
					"SelectedSightMode": 0
				}
			}
		},
		{
			"_id": "mag0Vest135649",
			"_tpl": "5c0672ed0db834001b7353f3",
			"parentId": "B516471985384542776J0PtS",
			"slotId": "2",
			"location": {
				"x": 0,
				"y": 0,
				"r": "Horizontal"
			}
		},
		{
			"_id": "AmmoMag0Vest889998",
			"_tpl": "56d59d3ad2720bdb418b4577",
			"parentId": "mag0Vest135649",
			"slotId": "cartridges",
			"upd": {
				"StackObjectsCount": 30
			}
		},
		{
			"_id": "mag0Vest875119",
			"_tpl": "5c0672ed0db834001b7353f3",
			"parentId": "B516471985384542776J0PtS",
			"slotId": "1",
			"location": {
				"x": 0,
				"y": 0,
				"r": "Horizontal"
			}
		},
		{
			"_id": "AmmoMag0Vest543366",
			"_tpl": "5a3c16fe86f77452b62de32a",
			"parentId": "mag0Vest875119",
			"slotId": "cartridges",
			"upd": {
				"StackObjectsCount": 30
			}
		},
		{
			"_id": "magP0Vest65304",
			"_tpl": "5c920e902e221644f31c3c99",
			"parentId": "B516471985384542776J0PtS",
			"slotId": "3",
			"location": {
				"x": 0,
				"y": 0,
				"r": "Horizontal"
			}
		},
		{
			"_id": "AmmoMagPVest930500",
			"_tpl": "5c3df7d588a4501f290594e5",
			"parentId": "magP0Vest65304",
			"slotId": "cartridges",
			"upd": {
				"StackObjectsCount": 20
			}
		},
		{
			"_id": "B51647192153168574KEMT37",
			"_tpl": "57e26ea924597715ca604a09",
			"parentId": "5c6687d65e9d882c8841f0fd",
			"slotId": "Scabbard"
		},
		{
			"_id": "B51647196608046758ITm70z",
			"_tpl": "5c0d2727d174af02a012cf58",
			"parentId": "5c6687d65e9d882c8841f0fd",
			"slotId": "Headwear"
		},
		{
			"_id": "B51647192397724152ARrRx1",
			"_tpl": "5c1a1cc52e221602b3136e3d",
			"parentId": "5c6687d65e9d882c8841f0fd",
			"slotId": "Eyewear"
		},
		{
			"_id": "B51647195627061104F1KaWR",
			"_tpl": "59e7715586f7742ee5789605",
			"parentId": "5c6687d65e9d882c8841f0fd",
			"slotId": "FaceCover"
		},
		{
			"_id": "B516471995342134929qPOec",
			"_tpl": "56e33634d2720bd8058b456b",
			"parentId": "5c6687d65e9d882c8841f0fd",
			"slotId": "Backpack"
		},
		{
			"_id": "B5164719955068901328xSLa",
			"_tpl": "5df8a2ca86f7740bfe6df777",
			"parentId": "5c6687d65e9d882c8841f0fd",
			"slotId": "ArmorVest",
			"upd": {
				"Repairable": {
					"MaxDurability": 80,
					"Durability": 23
				}
			}
		},
		{
			"_id": "Pocket_594730",
			"_tpl": "59e366c186f7741778269d85",
			"parentId": "5c6687d65e9d882c8841f121",
			"slotId": "pocket1",
			"location": {
				"x": 0,
				"y": 0,
				"r": "Horizontal"
			},
			"upd": {
				"SpawnedInSession": true
			}
		},
		{
			"_id": "Pocket_630479",
			"_tpl": "590a373286f774287540368b",
			"parentId": "5c6687d65e9d882c8841f121",
			"slotId": "pocket2",
			"location": {
				"x": 0,
				"y": 0,
				"r": "Horizontal"
			},
			"upd": {
				"SpawnedInSession": true
			}
		},
		{
			"_id": "Pocket_367147",
			"_tpl": "5a0f075686f7745bcc42ee12",
			"parentId": "5c6687d65e9d882c8841f121",
			"slotId": "pocket3",
			"location": {
				"x": 0,
				"y": 0,
				"r": "Horizontal"
			},
			"upd": {
				"SpawnedInSession": true
			}
		}
	],
	"equipment": "5c6687d65e9d882c8841f0fd",
	"stash": "5c6687d65e9d882c8841f0fc",
	"questRaidItems": "5c6687d65e9d882c8841f0fe",
	"questStashItems": "5c6687d65e9d882c8841f0ff",
	"fastPanel": {}
}