{
	"items": [
		{
			"_id": "5c6687d65e9d882c8841f0fd",
			"_tpl": "55d7217a4bdc2d86028b456d"
		},
		{
			"_id": "5c6687d65e9d882c8841f121",
			"_tpl": "557ffd194bdc2d28148b457f",
			"parentId": "5c6687d65e9d882c8841f0fd",
			"slotId": "Pockets"
		},
		{
			"_id": "5c6687d65e9d882c8841f0fc",
			"_tpl": "566abbc34bdc2d92178b4576"
		},
		{
			"_id": "5c6687d65e9d882c8841f0ff",
			"_tpl": "5963866b86f7747bfa1c4462"
		},
		{
			"_id": "5c6687d65e9d882c8841f0fe",
			"_tpl": "5963866286f7747bf429b572"
		},
		{
			"_id": "B51647193906583106glhj4C",
			"_tpl": "5d5d85c586f774279a21cbdb",
			"parentId": "5c6687d65e9d882c8841f0fd",
			"slotId": "TacticalVest"
		},
		{
			"_id": "I331039111891093725M1fGk",
			"_tpl": "59e6152586f77473dc057aa1",
			"parentId": "5c6687d65e9d882c8841f0fd",
			"slotId": "FirstPrimaryWeapon"
		},
		{
			"_id": "I331039113438145990rLJok",
			"_tpl": "59e649f986f77411d949b246",
			"parentId": "I331039111891093725M1fGk",
			"slotId": "mod_gas_block"
		},
		{
			"_id": "I3310391131779451889AvNB",
			"_tpl": "59e61eb386f77440d64f5daf",
			"parentId": "I331039111891093725M1fGk",
			"slotId": "mod_muzzle"
		},
		{
			"_id": "I331039113889363648YxDDG",
			"_tpl": "59e6318286f77444dd62c4cc",
			"parentId": "I331039111891093725M1fGk",
			"slotId": "mod_pistol_grip"
		},
		{
			"_id": "I331039111120446292tCxwF",
			"_tpl": "59d650cf86f7741b846413a4",
			"parentId": "I331039111891093725M1fGk",
			"slotId": "mod_sight_rear",
			"upd": {
				"Sight": {
					"SelectedSightMode": 0
				}
			}
		},
		{
			"_id": "I331039115421836859riXL9",
			"_tpl": "59e6227d86f77440d64f5dc2",
			"parentId": "I331039111891093725M1fGk",
			"slotId": "mod_stock"
		},
		{
			"_id": "MagazineWeaponScav215",
			"_tpl": "59e5d83b86f7745aed03d262",
			"parentId": "I331039111891093725M1fGk",
			"slotId": "mod_magazine"
		},
		{
			"_id": "AmmoMag12794",
			"_tpl": "59e4d3d286f774176a36250a",
			"parentId": "MagazineWeaponScav215",
			"slotId": "cartridges",
			"upd": {
				"StackObjectsCount": 10
			}
		},
		{
			"_id": "I331039115170153350bLafO",
			"_tpl": "59e6284f86f77440d569536f",
			"parentId": "I331039113438145990rLJok",
			"slotId": "mod_handguard"
		},
		{
			"_id": "FuckYouUnlimitedAmmo141496",
			"_tpl": "5857a8bc2459772bad15db29",
			"parentId": "5c6687d65e9d882c8841f0fd",
			"slotId": "SecuredContainer"
		},
		{
			"_id": "iHateThatShit336459",
			"_tpl": "59e4d3d286f774176a36250a",
			"parentId": "FuckYouUnlimitedAmmo141496",
			"slotId": "main",
			"upd": {
				"StackObjectsCount": 60
			}
		},
		{
			"_id": "iHateThatShit684997",
			"_tpl": "59e0d99486f7744a32234762",
			"parentId": "FuckYouUnlimitedAmmo141496",
			"slotId": "main",
			"upd": {
				"StackObjectsCount": 60
			}
		},
		{
			"_id": "iHateThatShit190750",
			"_tpl": "59e4d24686f7741776641ac7",
			"parentId": "FuckYouUnlimitedAmmo141496",
			"slotId": "main",
			"upd": {
				"StackObjectsCount": 60
			}
		},
		{
			"_id": "iHateThatShit819992",
			"_tpl": "59e4d24686f7741776641ac7",
			"parentId": "FuckYouUnlimitedAmmo141496",
			"slotId": "main",
			"upd": {
				"StackObjectsCount": 60
			}
		},
		{
			"_id": "iHateThatShit550838",
			"_tpl": "5656d7c34bdc2d9d198b4587",
			"parentId": "FuckYouUnlimitedAmmo141496",
			"slotId": "main",
			"upd": {
				"StackObjectsCount": 60
			}
		},
		{
			"_id": "iHateThatShit547986",
			"_tpl": "59e4d24686f7741776641ac7",
			"parentId": "FuckYouUnlimitedAmmo141496",
			"slotId": "main",
			"upd": {
				"StackObjectsCount": 60
			}
		},
		{
			"_id": "iHateThatShit71302",
			"_tpl": "59e4cf5286f7741778269d8a",
			"parentId": "FuckYouUnlimitedAmmo141496",
			"slotId": "main",
			"upd": {
				"StackObjectsCount": 60
			}
		},
		{
			"_id": "iHateThatShit391142",
			"_tpl": "59e4d24686f7741776641ac7",
			"parentId": "FuckYouUnlimitedAmmo141496",
			"slotId": "main",
			"upd": {
				"StackObjectsCount": 60
			}
		},
		{
			"_id": "iHateThatShit279457",
			"_tpl": "59e4d24686f7741776641ac7",
			"parentId": "FuckYouUnlimitedAmmo141496",
			"slotId": "main",
			"upd": {
				"StackObjectsCount": 60
			}
		},
		{
			"_id": "mag0Vest838120",
			"_tpl": "59e5d83b86f7745aed03d262",
			"parentId": "B51647193906583106glhj4C",
			"slotId": "1",
			"location": {
				"x": 0,
				"y": 1,
				"r": "Horizontal"
			}
		},
		{
			"_id": "AmmoMag0Vest340148",
			"_tpl": "59e4cf5286f7741778269d8a",
			"parentId": "mag0Vest838120",
			"slotId": "cartridges",
			"upd": {
				"StackObjectsCount": 10
			}
		},
		{
			"_id": "mag1Vest255869",
			"_tpl": "59e5d83b86f7745aed03d262",
			"parentId": "B51647193906583106glhj4C",
			"slotId": "3",
			"location": {
				"x": 0,
				"y": 0,
				"r": "Horizontal"
			}
		},
		{
			"_id": "AmmoMag1Vest468768",
			"_tpl": "5656d7c34bdc2d9d198b4587",
			"parentId": "mag1Vest255869",
			"slotId": "cartridges",
			"upd": {
				"StackObjectsCount": 10
			}
		},
		{
			"_id": "mag2Vest289370",
			"_tpl": "59e5d83b86f7745aed03d262",
			"parentId": "B51647193906583106glhj4C",
			"slotId": "5",
			"location": {
				"x": 0,
				"y": 0,
				"r": "Horizontal"
			}
		},
		{
			"_id": "AmmoMag2Vest701287",
			"_tpl": "59e4d3d286f774176a36250a",
			"parentId": "mag2Vest289370",
			"slotId": "cartridges",
			"upd": {
				"StackObjectsCount": 10
			}
		},
		{
			"_id": "StackAmmo39275027782",
			"_tpl": "59e0d99486f7744a32234762",
			"parentId": "B51647193906583106glhj4C",
			"slotId": "7",
			"upd": {
				"StackObjectsCount": 7
			}
		},
		{
			"_id": "StackAmmo89245746784",
			"_tpl": "59e0d99486f7744a32234762",
			"parentId": "B51647193906583106glhj4C",
			"slotId": "10",
			"upd": {
				"StackObjectsCount": 10
			}
		},
		{
			"_id": "B51647195797023233cnYVaW",
			"_tpl": "5bffdc370db834001d23eca8",
			"parentId": "5c6687d65e9d882c8841f0fd",
			"slotId": "Scabbard"
		},
		{
			"_id": "B516471915106752919RlZXA",
			"_tpl": "5b43271c5acfc432ff4dce65",
			"parentId": "5c6687d65e9d882c8841f0fd",
			"slotId": "Headwear"
		},
		{
			"_id": "B51647193315992223EgAxAU",
			"_tpl": "5b4326435acfc433000ed01d",
			"parentId": "5c6687d65e9d882c8841f0fd",
			"slotId": "FaceCover"
		},
		{
			"_id": "Pocket_943644",
			"_tpl": "5a0eed4386f77405112912aa",
			"parentId": "5c6687d65e9d882c8841f121",
			"slotId": "pocket1",
			"location": {
				"x": 0,
				"y": 0,
				"r": "Horizontal"
			},
			"upd": {
				"SpawnedInSession": true
			}
		}
	],
	"equipment": "5c6687d65e9d882c8841f0fd",
	"stash": "5c6687d65e9d882c8841f0fc",
	"questRaidItems": "5c6687d65e9d882c8841f0fe",
	"questStashItems": "5c6687d65e9d882c8841f0ff",
	"fastPanel": {}
}