{
	"items": [
		{
			"_id": "5c6687d65e9d882c8841f0fd",
			"_tpl": "55d7217a4bdc2d86028b456d"
		},
		{
			"_id": "5c6687d65e9d882c8841f121",
			"_tpl": "557ffd194bdc2d28148b457f",
			"parentId": "5c6687d65e9d882c8841f0fd",
			"slotId": "Pockets"
		},
		{
			"_id": "5c6687d65e9d882c8841f0fc",
			"_tpl": "566abbc34bdc2d92178b4576"
		},
		{
			"_id": "5c6687d65e9d882c8841f0ff",
			"_tpl": "5963866b86f7747bfa1c4462"
		},
		{
			"_id": "5c6687d65e9d882c8841f0fe",
			"_tpl": "5963866286f7747bf429b572"
		},
		{
			"_id": "B51647199129659184Q1Yzu6",
			"_tpl": "5d5d85c586f774279a21cbdb",
			"parentId": "5c6687d65e9d882c8841f0fd",
			"slotId": "TacticalVest"
		},
		{
			"_id": "I33102199244347225huwq4b",
			"_tpl": "57dc2fa62459775949412633",
			"parentId": "5c6687d65e9d882c8841f0fd",
			"slotId": "FirstPrimaryWeapon"
		},
		{
			"_id": "I33102198208220368mkoBPf",
			"_tpl": "57e3dba62459770f0c32322b",
			"parentId": "I33102199244347225huwq4b",
			"slotId": "mod_pistol_grip"
		},
		{
			"_id": "I33102191015356994tky48q",
			"_tpl": "57dc347d245977596754e7a1",
			"parentId": "I33102199244347225huwq4b",
			"slotId": "mod_stock"
		},
		{
			"_id": "MagazineWeaponScav7963",
			"_tpl": "55d4837c4bdc2d1d4e8b456c",
			"parentId": "I33102199244347225huwq4b",
			"slotId": "mod_magazine"
		},
		{
			"_id": "AmmoMag16629",
			"_tpl": "5c0d5e4486f77478390952fe",
			"parentId": "MagazineWeaponScav7963",
			"slotId": "cartridges",
			"upd": {
				"StackObjectsCount": 10
			}
		},
		{
			"_id": "I331021979274565986ipDm6",
			"_tpl": "57dc324a24597759501edc20",
			"parentId": "I33102199244347225huwq4b",
			"slotId": "mod_muzzle"
		},
		{
			"_id": "I33102196100545524E0zoJV",
			"_tpl": "59d36a0086f7747e673f3946",
			"parentId": "I33102199244347225huwq4b",
			"slotId": "mod_gas_block"
		},
		{
			"_id": "I331021985013893897JE7Au",
			"_tpl": "56dfef82d2720bbd668b4567",
			"parentId": "I33102195248896084yCBI6t",
			"slotId": "cartridges",
			"location": 0,
			"upd": {
				"StackObjectsCount": 30
			}
		},
		{
			"_id": "I33102195902080607QLDgOL",
			"_tpl": "57dc32dc245977596d4ef3d3",
			"parentId": "I33102196100545524E0zoJV",
			"slotId": "mod_handguard"
		},
		{
			"_id": "FuckYouUnlimitedAmmo62682",
			"_tpl": "5857a8bc2459772bad15db29",
			"parentId": "5c6687d65e9d882c8841f0fd",
			"slotId": "SecuredContainer"
		},
		{
			"_id": "iHateThatShit408916",
			"_tpl": "56dff2ced2720bb4668b4567",
			"parentId": "FuckYouUnlimitedAmmo62682",
			"slotId": "main",
			"upd": {
				"StackObjectsCount": 60
			}
		},
		{
			"_id": "iHateThatShit504676",
			"_tpl": "56dff3afd2720bba668b4567",
			"parentId": "FuckYouUnlimitedAmmo62682",
			"slotId": "main",
			"upd": {
				"StackObjectsCount": 60
			}
		},
		{
			"_id": "iHateThatShit852061",
			"_tpl": "56dff2ced2720bb4668b4567",
			"parentId": "FuckYouUnlimitedAmmo62682",
			"slotId": "main",
			"upd": {
				"StackObjectsCount": 60
			}
		},
		{
			"_id": "iHateThatShit208193",
			"_tpl": "56dfef82d2720bbd668b4567",
			"parentId": "FuckYouUnlimitedAmmo62682",
			"slotId": "main",
			"upd": {
				"StackObjectsCount": 60
			}
		},
		{
			"_id": "iHateThatShit750658",
			"_tpl": "56dff421d2720b5f5a8b4567",
			"parentId": "FuckYouUnlimitedAmmo62682",
			"slotId": "main",
			"upd": {
				"StackObjectsCount": 60
			}
		},
		{
			"_id": "iHateThatShit308721",
			"_tpl": "56dff421d2720b5f5a8b4567",
			"parentId": "FuckYouUnlimitedAmmo62682",
			"slotId": "main",
			"upd": {
				"StackObjectsCount": 60
			}
		},
		{
			"_id": "iHateThatShit132834",
			"_tpl": "56dff0bed2720bb0668b4567",
			"parentId": "FuckYouUnlimitedAmmo62682",
			"slotId": "main",
			"upd": {
				"StackObjectsCount": 60
			}
		},
		{
			"_id": "iHateThatShit899525",
			"_tpl": "56dff0bed2720bb0668b4567",
			"parentId": "FuckYouUnlimitedAmmo62682",
			"slotId": "main",
			"upd": {
				"StackObjectsCount": 60
			}
		},
		{
			"_id": "iHateThatShit961158",
			"_tpl": "56dff026d2720bb8668b4567",
			"parentId": "FuckYouUnlimitedAmmo62682",
			"slotId": "main",
			"upd": {
				"StackObjectsCount": 60
			}
		},
		{
			"_id": "mag1Vest595259",
			"_tpl": "55d4837c4bdc2d1d4e8b456c",
			"parentId": "B51647199129659184Q1Yzu6",
			"slotId": "2",
			"location": {
				"x": 0,
				"y": 0,
				"r": "Horizontal"
			}
		},
		{
			"_id": "AmmoMag1Vest970885",
			"_tpl": "56dff4ecd2720b5f5a8b4568",
			"parentId": "mag1Vest595259",
			"slotId": "cartridges",
			"upd": {
				"StackObjectsCount": 10
			}
		},
		{
			"_id": "mag1Vest396550",
			"_tpl": "55d4837c4bdc2d1d4e8b456c",
			"parentId": "B51647199129659184Q1Yzu6",
			"slotId": "2",
			"location": {
				"x": 0,
				"y": 1,
				"r": "Horizontal"
			}
		},
		{
			"_id": "AmmoMag1Vest710875",
			"_tpl": "56dff421d2720b5f5a8b4567",
			"parentId": "mag1Vest396550",
			"slotId": "cartridges",
			"upd": {
				"StackObjectsCount": 10
			}
		},
		{
			"_id": "mag2Vest125440",
			"_tpl": "55d4837c4bdc2d1d4e8b456c",
			"parentId": "B51647199129659184Q1Yzu6",
			"slotId": "4",
			"location": {
				"x": 0,
				"y": 0,
				"r": "Horizontal"
			}
		},
		{
			"_id": "AmmoMag2Vest289265",
			"_tpl": "56dff061d2720bb5668b4567",
			"parentId": "mag2Vest125440",
			"slotId": "cartridges",
			"upd": {
				"StackObjectsCount": 10
			}
		},
		{
			"_id": "mag3Vest617414",
			"_tpl": "55d4837c4bdc2d1d4e8b456c",
			"parentId": "B51647199129659184Q1Yzu6",
			"slotId": "6",
			"location": {
				"x": 0,
				"y": 1,
				"r": "Horizontal"
			}
		},
		{
			"_id": "AmmoMag3Vest816237",
			"_tpl": "56dff3afd2720bba668b4567",
			"parentId": "mag3Vest617414",
			"slotId": "cartridges",
			"upd": {
				"StackObjectsCount": 10
			}
		},
		{
			"_id": "StackAmmo54510954988",
			"_tpl": "56dff338d2720bbd668b4569",
			"parentId": "B51647199129659184Q1Yzu6",
			"slotId": "7",
			"upd": {
				"StackObjectsCount": 39
			}
		},
		{
			"_id": "StackAmmo41996215857",
			"_tpl": "56dff338d2720bbd668b4569",
			"parentId": "B51647199129659184Q1Yzu6",
			"slotId": "10",
			"upd": {
				"StackObjectsCount": 7
			}
		},
		{
			"_id": "B51647197905915743cUtmDv",
			"_tpl": "5bffdc370db834001d23eca8",
			"parentId": "5c6687d65e9d882c8841f0fd",
			"slotId": "Scabbard"
		},
		{
			"_id": "B51647196170891503qOSGDY",
			"_tpl": "5b43271c5acfc432ff4dce65",
			"parentId": "5c6687d65e9d882c8841f0fd",
			"slotId": "Headwear"
		},
		{
			"_id": "B51647197574171577l21xKt",
			"_tpl": "5b432be65acfc433000ed01f",
			"parentId": "5c6687d65e9d882c8841f0fd",
			"slotId": "Eyewear"
		},
		{
			"_id": "B51647195354428356IbIf35",
			"_tpl": "5ab8ee7786f7742d8f33f0b9",
			"parentId": "5c6687d65e9d882c8841f0fd",
			"slotId": "Backpack"
		},
		{
			"_id": "B51647194665809878pEpR21",
			"_tpl": "5c0e5bab86f77461f55ed1f3",
			"parentId": "5c6687d65e9d882c8841f0fd",
			"slotId": "ArmorVest",
			"upd": {
				"Repairable": {
					"MaxDurability": 60,
					"Durability": 17
				}
			}
		}
	],
	"equipment": "5c6687d65e9d882c8841f0fd",
	"stash": "5c6687d65e9d882c8841f0fc",
	"questRaidItems": "5c6687d65e9d882c8841f0fe",
	"questStashItems": "5c6687d65e9d882c8841f0ff",
	"fastPanel": {}
}