{
	"items": [
		{
			"_id": "5c6687d65e9d882c8841f0fd",
			"_tpl": "55d7217a4bdc2d86028b456d"
		},
		{
			"_id": "5c6687d65e9d882c8841f121",
			"_tpl": "557ffd194bdc2d28148b457f",
			"parentId": "5c6687d65e9d882c8841f0fd",
			"slotId": "Pockets"
		},
		{
			"_id": "5c6687d65e9d882c8841f0fc",
			"_tpl": "566abbc34bdc2d92178b4576"
		},
		{
			"_id": "5c6687d65e9d882c8841f0ff",
			"_tpl": "5963866b86f7747bfa1c4462"
		},
		{
			"_id": "5c6687d65e9d882c8841f0fe",
			"_tpl": "5963866286f7747bf429b572"
		},
		{
			"_id": "B51647141759451186z1Ukhq",
			"_tpl": "5d5d8ca986f7742798716522",
			"parentId": "5c6687d65e9d882c8841f0fd",
			"slotId": "TacticalVest"
		},
		{
			"_id": "I21005403094897232Py9jYD",
			"_tpl": "5c07c60e0db834002330051f",
			"parentId": "5c6687d65e9d882c8841f0fd",
			"slotId": "FirstPrimaryWeapon"
		},
		{
			"_id": "I21005405818967096KohpFj",
			"_tpl": "5c0e2ff6d174af02a1659d4a",
			"parentId": "I21005403094897232Py9jYD",
			"slotId": "mod_pistol_grip"
		},
		{
			"_id": "MagazineWeaponScav697",
			"_tpl": "5c6d450c2e221600114c997d",
			"parentId": "I21005403094897232Py9jYD",
			"slotId": "mod_magazine"
		},
		{
			"_id": "AmmoMag18945",
			"_tpl": "59e6918f86f7746c9f75e849",
			"parentId": "MagazineWeaponScav697",
			"slotId": "cartridges",
			"upd": {
				"StackObjectsCount": 30
			}
		},
		{
			"_id": "I21005401928206507pFRuoU",
			"_tpl": "5c0e2f26d174af02a9625114",
			"parentId": "I21005403094897232Py9jYD",
			"slotId": "mod_reciever"
		},
		{
			"_id": "I21005406262118984fJaeo1",
			"_tpl": "5649be884bdc2d79388b4577",
			"parentId": "I21005403094897232Py9jYD",
			"slotId": "mod_stock"
		},
		{
			"_id": "I210054055083223434wjimT",
			"_tpl": "5c0faf68d174af02a96260b8",
			"parentId": "I21005403094897232Py9jYD",
			"slotId": "mod_charge"
		},
		{
			"_id": "I210054071998557395KBhKH",
			"_tpl": "5c0e2f94d174af029f650d56",
			"parentId": "I21005401928206507pFRuoU",
			"slotId": "mod_barrel"
		},
		{
			"_id": "I210054060069412809hRYX4",
			"_tpl": "5c0e2f5cd174af02a012cfc9",
			"parentId": "I21005401928206507pFRuoU",
			"slotId": "mod_handguard"
		},
		{
			"_id": "I21005403309928902TxrDcW",
			"_tpl": "5c0fafb6d174af02a96260ba",
			"parentId": "I210054071998557395KBhKH",
			"slotId": "mod_muzzle"
		},
		{
			"_id": "I21005407055230098mmGFrM",
			"_tpl": "5ae30e795acfc408fb139a0b",
			"parentId": "I210054071998557395KBhKH",
			"slotId": "mod_gas_block"
		},
		{
			"_id": "FuckYouUnlimitedAmmo937721",
			"_tpl": "5857a8bc2459772bad15db29",
			"parentId": "5c6687d65e9d882c8841f0fd",
			"slotId": "SecuredContainer"
		},
		{
			"_id": "iHateThatShit86735",
			"_tpl": "54527a984bdc2d4e668b4567",
			"parentId": "FuckYouUnlimitedAmmo937721",
			"slotId": "main",
			"upd": {
				"StackObjectsCount": 60
			}
		},
		{
			"_id": "iHateThatShit33381",
			"_tpl": "59e6927d86f77411da468256",
			"parentId": "FuckYouUnlimitedAmmo937721",
			"slotId": "main",
			"upd": {
				"StackObjectsCount": 60
			}
		},
		{
			"_id": "iHateThatShit145266",
			"_tpl": "5c0d5ae286f7741e46554302",
			"parentId": "FuckYouUnlimitedAmmo937721",
			"slotId": "main",
			"upd": {
				"StackObjectsCount": 60
			}
		},
		{
			"_id": "iHateThatShit719230",
			"_tpl": "59e6920f86f77411d82aa167",
			"parentId": "FuckYouUnlimitedAmmo937721",
			"slotId": "main",
			"upd": {
				"StackObjectsCount": 60
			}
		},
		{
			"_id": "iHateThatShit130584",
			"_tpl": "54527a984bdc2d4e668b4567",
			"parentId": "FuckYouUnlimitedAmmo937721",
			"slotId": "main",
			"upd": {
				"StackObjectsCount": 60
			}
		},
		{
			"_id": "iHateThatShit228764",
			"_tpl": "59e6927d86f77411da468256",
			"parentId": "FuckYouUnlimitedAmmo937721",
			"slotId": "main",
			"upd": {
				"StackObjectsCount": 60
			}
		},
		{
			"_id": "iHateThatShit676039",
			"_tpl": "59e6906286f7746c9f75e847",
			"parentId": "FuckYouUnlimitedAmmo937721",
			"slotId": "main",
			"upd": {
				"StackObjectsCount": 60
			}
		},
		{
			"_id": "iHateThatShit256722",
			"_tpl": "59e6927d86f77411da468256",
			"parentId": "FuckYouUnlimitedAmmo937721",
			"slotId": "main",
			"upd": {
				"StackObjectsCount": 60
			}
		},
		{
			"_id": "iHateThatShit418329",
			"_tpl": "59e6920f86f77411d82aa167",
			"parentId": "FuckYouUnlimitedAmmo937721",
			"slotId": "main",
			"upd": {
				"StackObjectsCount": 60
			}
		},
		{
			"_id": "I210016352266185794zd3SI",
			"_tpl": "56e0598dd2720bb5668b45a6",
			"parentId": "5c6687d65e9d882c8841f0fd",
			"slotId": "Holster"
		},
		{
			"_id": "AmmoMag179324",
			"_tpl": "57371aab2459775a77142f22",
			"parentId": "I210016359259926518drwwp",
			"slotId": "cartridges",
			"upd": {
				"StackObjectsCount": 8
			}
		},
		{
			"_id": "I210016359259926518drwwp",
			"_tpl": "5448c12b4bdc2d02308b456f",
			"parentId": "I210016352266185794zd3SI",
			"slotId": "mod_magazine"
		},
		{
			"_id": "I210016357401982149X62Eg",
			"_tpl": "56e05b06d2720bb2668b4586",
			"parentId": "I210016352266185794zd3SI",
			"slotId": "mod_muzzle"
		},
		{
			"_id": "I210016359320850162BUbDs",
			"_tpl": "56e05a6ed2720bd0748b4567",
			"parentId": "I210016352266185794zd3SI",
			"slotId": "mod_pistol_grip"
		},
		{
			"_id": "mag1Vest176472",
			"_tpl": "5d1340b3d7ad1a0b52682ed7",
			"parentId": "B51647141759451186z1Ukhq",
			"slotId": "3",
			"location": {
				"x": 0,
				"y": 0,
				"r": "Horizontal"
			}
		},
		{
			"_id": "AmmoMag1Vest891108",
			"_tpl": "59e6920f86f77411d82aa167",
			"parentId": "mag1Vest176472",
			"slotId": "cartridges",
			"upd": {
				"StackObjectsCount": 30
			}
		},
		{
			"_id": "mag0Vest393833",
			"_tpl": "5d1340b3d7ad1a0b52682ed7",
			"parentId": "B51647141759451186z1Ukhq",
			"slotId": "1",
			"location": {
				"x": 0,
				"y": 0,
				"r": "Horizontal"
			}
		},
		{
			"_id": "AmmoMag0Vest663112",
			"_tpl": "59e68f6f86f7746c9f75e846",
			"parentId": "mag0Vest393833",
			"slotId": "cartridges",
			"upd": {
				"StackObjectsCount": 30
			}
		},
		{
			"_id": "mag0Vest773300",
			"_tpl": "5d1340b3d7ad1a0b52682ed7",
			"parentId": "B51647141759451186z1Ukhq",
			"slotId": "1",
			"location": {
				"x": 1,
				"y": 0,
				"r": "Horizontal"
			}
		},
		{
			"_id": "AmmoMag0Vest488298",
			"_tpl": "5c0d5ae286f7741e46554302",
			"parentId": "mag0Vest773300",
			"slotId": "cartridges",
			"upd": {
				"StackObjectsCount": 30
			}
		},
		{
			"_id": "magP0Vest55051",
			"_tpl": "5448c12b4bdc2d02308b456f",
			"parentId": "B51647141759451186z1Ukhq",
			"slotId": "2",
			"location": {
				"x": 0,
				"y": 1,
				"r": "Horizontal"
			}
		},
		{
			"_id": "AmmoMagPVest591982",
			"_tpl": "57371f2b24597761224311f1",
			"parentId": "magP0Vest55051",
			"slotId": "cartridges",
			"upd": {
				"StackObjectsCount": 8
			}
		},
		{
			"_id": "B51647149125776945JuddAb",
			"_tpl": "57e26fc7245977162a14b800",
			"parentId": "5c6687d65e9d882c8841f0fd",
			"slotId": "Scabbard"
		},
		{
			"_id": "B51647149142305729XIyjZA",
			"_tpl": "5a43943586f77416ad2f06e2",
			"parentId": "5c6687d65e9d882c8841f0fd",
			"slotId": "Headwear"
		},
		{
			"_id": "B51647147184920944GeHBAd",
			"_tpl": "5ab8e79e86f7742d8b372e78",
			"parentId": "5c6687d65e9d882c8841f0fd",
			"slotId": "ArmorVest",
			"upd": {
				"Repairable": {
					"MaxDurability": 65,
					"Durability": 54
				}
			}
		},
		{
			"_id": "Pocket_508410",
			"_tpl": "5af0561e86f7745f5f3ad6ac",
			"parentId": "5c6687d65e9d882c8841f121",
			"slotId": "pocket1",
			"location": {
				"x": 0,
				"y": 0,
				"r": "Horizontal"
			},
			"upd": {
				"SpawnedInSession": true
			}
		},
		{
			"_id": "Pocket_542023",
			"_tpl": "5bc9c377d4351e3bac12251b",
			"parentId": "5c6687d65e9d882c8841f121",
			"slotId": "pocket2",
			"location": {
				"x": 0,
				"y": 0,
				"r": "Horizontal"
			},
			"upd": {
				"SpawnedInSession": true
			}
		},
		{
			"_id": "Pocket_452414",
			"_tpl": "5914578086f774123569ffa4",
			"parentId": "5c6687d65e9d882c8841f121",
			"slotId": "pocket3",
			"location": {
				"x": 0,
				"y": 0,
				"r": "Horizontal"
			},
			"upd": {
				"SpawnedInSession": true
			}
		}
	],
	"equipment": "5c6687d65e9d882c8841f0fd",
	"stash": "5c6687d65e9d882c8841f0fc",
	"questRaidItems": "5c6687d65e9d882c8841f0fe",
	"questStashItems": "5c6687d65e9d882c8841f0ff",
	"fastPanel": {}
}