{
	"items": [
		{
			"_id": "5c6687d65e9d882c8841f0fd",
			"_tpl": "55d7217a4bdc2d86028b456d"
		},
		{
			"_id": "5c6687d65e9d882c8841f121",
			"_tpl": "557ffd194bdc2d28148b457f",
			"parentId": "5c6687d65e9d882c8841f0fd",
			"slotId": "Pockets"
		},
		{
			"_id": "5c6687d65e9d882c8841f0fc",
			"_tpl": "566abbc34bdc2d92178b4576"
		},
		{
			"_id": "5c6687d65e9d882c8841f0ff",
			"_tpl": "5963866b86f7747bfa1c4462"
		},
		{
			"_id": "5c6687d65e9d882c8841f0fe",
			"_tpl": "5963866286f7747bf429b572"
		},
		{
			"_id": "B51647182802443962DE1EIN",
			"_tpl": "5929a2a086f7744f4b234d43",
			"parentId": "5c6687d65e9d882c8841f0fd",
			"slotId": "TacticalVest"
		},
		{
			"_id": "I210010546557256606sj2EO",
			"_tpl": "5ac4cd105acfc40016339859",
			"parentId": "5c6687d65e9d882c8841f0fd",
			"slotId": "FirstPrimaryWeapon"
		},
		{
			"_id": "I210010547285312952UkHah",
			"_tpl": "59c6633186f7740cf0493bb9",
			"parentId": "I210010546557256606sj2EO",
			"slotId": "mod_gas_block"
		},
		{
			"_id": "I210010544505639153CGzOF",
			"_tpl": "5ac7655e5acfc40016339a19",
			"parentId": "I210010546557256606sj2EO",
			"slotId": "mod_muzzle"
		},
		{
			"_id": "I2100105435478436433cL7o",
			"_tpl": "5649ade84bdc2d1b2b8b4587",
			"parentId": "I210010546557256606sj2EO",
			"slotId": "mod_pistol_grip"
		},
		{
			"_id": "I210010547263717576AC7yE",
			"_tpl": "5ac50da15acfc4001718d287",
			"parentId": "I210010546557256606sj2EO",
			"slotId": "mod_reciever"
		},
		{
			"_id": "I210010541282515786aEGlw",
			"_tpl": "5ac72e475acfc400180ae6fe",
			"parentId": "I210010546557256606sj2EO",
			"slotId": "mod_sight_rear",
			"upd": {
				"Sight": {
					"SelectedSightMode": 0
				}
			}
		},
		{
			"_id": "I210010549278697874bXkXm",
			"_tpl": "5ac50c185acfc400163398d4",
			"parentId": "I210010546557256606sj2EO",
			"slotId": "mod_stock"
		},
		{
			"_id": "MagazineWeaponScav1164",
			"_tpl": "55d4837c4bdc2d1d4e8b456c",
			"parentId": "I210010546557256606sj2EO",
			"slotId": "mod_magazine"
		},
		{
			"_id": "AmmoMag19977",
			"_tpl": "56dff421d2720b5f5a8b4567",
			"parentId": "MagazineWeaponScav1164",
			"slotId": "cartridges",
			"upd": {
				"StackObjectsCount": 10
			}
		},
		{
			"_id": "I210010541569392111S8KTG",
			"_tpl": "5648b1504bdc2d9d488b4584",
			"parentId": "I210010547285312952UkHah",
			"slotId": "mod_handguard"
		},
		{
			"_id": "FuckYouUnlimitedAmmo680090",
			"_tpl": "5857a8bc2459772bad15db29",
			"parentId": "5c6687d65e9d882c8841f0fd",
			"slotId": "SecuredContainer"
		},
		{
			"_id": "iHateThatShit85010",
			"_tpl": "5c0d5e4486f77478390952fe",
			"parentId": "FuckYouUnlimitedAmmo680090",
			"slotId": "main",
			"upd": {
				"StackObjectsCount": 60
			}
		},
		{
			"_id": "iHateThatShit556625",
			"_tpl": "56dff216d2720bbd668b4568",
			"parentId": "FuckYouUnlimitedAmmo680090",
			"slotId": "main",
			"upd": {
				"StackObjectsCount": 60
			}
		},
		{
			"_id": "iHateThatShit703289",
			"_tpl": "56dff2ced2720bb4668b4567",
			"parentId": "FuckYouUnlimitedAmmo680090",
			"slotId": "main",
			"upd": {
				"StackObjectsCount": 60
			}
		},
		{
			"_id": "iHateThatShit69260",
			"_tpl": "56dff338d2720bbd668b4569",
			"parentId": "FuckYouUnlimitedAmmo680090",
			"slotId": "main",
			"upd": {
				"StackObjectsCount": 60
			}
		},
		{
			"_id": "iHateThatShit122731",
			"_tpl": "56dff026d2720bb8668b4567",
			"parentId": "FuckYouUnlimitedAmmo680090",
			"slotId": "main",
			"upd": {
				"StackObjectsCount": 60
			}
		},
		{
			"_id": "iHateThatShit568920",
			"_tpl": "56dff338d2720bbd668b4569",
			"parentId": "FuckYouUnlimitedAmmo680090",
			"slotId": "main",
			"upd": {
				"StackObjectsCount": 60
			}
		},
		{
			"_id": "iHateThatShit793704",
			"_tpl": "56dff0bed2720bb0668b4567",
			"parentId": "FuckYouUnlimitedAmmo680090",
			"slotId": "main",
			"upd": {
				"StackObjectsCount": 60
			}
		},
		{
			"_id": "iHateThatShit447143",
			"_tpl": "56dff0bed2720bb0668b4567",
			"parentId": "FuckYouUnlimitedAmmo680090",
			"slotId": "main",
			"upd": {
				"StackObjectsCount": 60
			}
		},
		{
			"_id": "iHateThatShit542065",
			"_tpl": "56dff338d2720bbd668b4569",
			"parentId": "FuckYouUnlimitedAmmo680090",
			"slotId": "main",
			"upd": {
				"StackObjectsCount": 60
			}
		},
		{
			"_id": "mag0Vest941996",
			"_tpl": "55d4837c4bdc2d1d4e8b456c",
			"parentId": "B51647182802443962DE1EIN",
			"slotId": "3",
			"location": {
				"x": 0,
				"y": 0,
				"r": "Horizontal"
			}
		},
		{
			"_id": "AmmoMag0Vest579422",
			"_tpl": "56dff2ced2720bb4668b4567",
			"parentId": "mag0Vest941996",
			"slotId": "cartridges",
			"upd": {
				"StackObjectsCount": 10
			}
		},
		{
			"_id": "mag0Vest141029",
			"_tpl": "55d4837c4bdc2d1d4e8b456c",
			"parentId": "B51647182802443962DE1EIN",
			"slotId": "3",
			"location": {
				"x": 0,
				"y": 1,
				"r": "Horizontal"
			}
		},
		{
			"_id": "AmmoMag0Vest223844",
			"_tpl": "56dff338d2720bbd668b4569",
			"parentId": "mag0Vest141029",
			"slotId": "cartridges",
			"upd": {
				"StackObjectsCount": 10
			}
		},
		{
			"_id": "mag1Vest47714",
			"_tpl": "55d4837c4bdc2d1d4e8b456c",
			"parentId": "B51647182802443962DE1EIN",
			"slotId": "5",
			"location": {
				"x": 0,
				"y": 0,
				"r": "Horizontal"
			}
		},
		{
			"_id": "AmmoMag1Vest860293",
			"_tpl": "56dff216d2720bbd668b4568",
			"parentId": "mag1Vest47714",
			"slotId": "cartridges",
			"upd": {
				"StackObjectsCount": 10
			}
		},
		{
			"_id": "StackAmmo78575093525",
			"_tpl": "56dff338d2720bbd668b4569",
			"parentId": "B51647182802443962DE1EIN",
			"slotId": "1",
			"upd": {
				"StackObjectsCount": 6
			}
		},
		{
			"_id": "StackAmmo17647231611",
			"_tpl": "56dff4ecd2720b5f5a8b4568",
			"parentId": "B51647182802443962DE1EIN",
			"slotId": "8",
			"upd": {
				"StackObjectsCount": 36
			}
		},
		{
			"_id": "B51647189946798636NHJj8u",
			"_tpl": "5bffdc370db834001d23eca8",
			"parentId": "5c6687d65e9d882c8841f0fd",
			"slotId": "Scabbard"
		},
		{
			"_id": "B51647184701302529iveB47",
			"_tpl": "5d5fca1ea4b93635fd598c07",
			"parentId": "5c6687d65e9d882c8841f0fd",
			"slotId": "Eyewear"
		},
		{
			"_id": "Pocket_247117",
			"_tpl": "5bc9b156d4351e00367fbce9",
			"parentId": "5c6687d65e9d882c8841f121",
			"slotId": "pocket1",
			"location": {
				"x": 0,
				"y": 0,
				"r": "Horizontal"
			},
			"upd": {
				"SpawnedInSession": true
			}
		},
		{
			"_id": "Pocket_771955",
			"_tpl": "59e361e886f774176c10a2a5",
			"parentId": "5c6687d65e9d882c8841f121",
			"slotId": "pocket2",
			"location": {
				"x": 0,
				"y": 0,
				"r": "Horizontal"
			},
			"upd": {
				"SpawnedInSession": true
			}
		}
	],
	"equipment": "5c6687d65e9d882c8841f0fd",
	"stash": "5c6687d65e9d882c8841f0fc",
	"questRaidItems": "5c6687d65e9d882c8841f0fe",
	"questStashItems": "5c6687d65e9d882c8841f0ff",
	"fastPanel": {}
}