{
	"items": [
		{
			"_id": "5c6687d65e9d882c8841f0fd",
			"_tpl": "55d7217a4bdc2d86028b456d"
		},
		{
			"_id": "5c6687d65e9d882c8841f121",
			"_tpl": "557ffd194bdc2d28148b457f",
			"parentId": "5c6687d65e9d882c8841f0fd",
			"slotId": "Pockets"
		},
		{
			"_id": "5c6687d65e9d882c8841f0fc",
			"_tpl": "566abbc34bdc2d92178b4576"
		},
		{
			"_id": "5c6687d65e9d882c8841f0ff",
			"_tpl": "5963866b86f7747bfa1c4462"
		},
		{
			"_id": "5c6687d65e9d882c8841f0fe",
			"_tpl": "5963866286f7747bf429b572"
		},
		{
			"_id": "B51647192443332875j6U2dM",
			"_tpl": "5d5d8ca986f7742798716522",
			"parentId": "5c6687d65e9d882c8841f0fd",
			"slotId": "TacticalVest"
		},
		{
			"_id": "I21005274461938734znOLW3",
			"_tpl": "5b0bbe4e5acfc40dc528a72d",
			"parentId": "5c6687d65e9d882c8841f0fd",
			"slotId": "FirstPrimaryWeapon"
		},
		{
			"_id": "I21005278821303683xvK7Dy",
			"_tpl": "5b099b965acfc400186331e6",
			"parentId": "I21005274461938734znOLW3",
			"slotId": "mod_pistol_grip"
		},
		{
			"_id": "MagazineWeaponScav7516",
			"_tpl": "5b7bef5d5acfc43bca7067a3",
			"parentId": "I21005274461938734znOLW3",
			"slotId": "mod_magazine"
		},
		{
			"_id": "AmmoMag19181",
			"_tpl": "58dd3ad986f77403051cba8f",
			"parentId": "MagazineWeaponScav7516",
			"slotId": "cartridges",
			"upd": {
				"StackObjectsCount": 30
			}
		},
		{
			"_id": "I210052717339992548pa5z0",
			"_tpl": "5b099a9d5acfc47a8607efe7",
			"parentId": "I21005274461938734znOLW3",
			"slotId": "mod_handguard"
		},
		{
			"_id": "I21005277344600972okJxxH",
			"_tpl": "5b099a765acfc47a8607efe3",
			"parentId": "I21005274461938734znOLW3",
			"slotId": "mod_barrel"
		},
		{
			"_id": "I210052737448575230C6461",
			"_tpl": "5b0bc22d5acfc47a8607f085",
			"parentId": "I21005274461938734znOLW3",
			"slotId": "mod_sight_rear",
			"upd": {
				"Sight": {
					"SelectedSightMode": 0
				}
			}
		},
		{
			"_id": "I21005278451412674OC482D",
			"_tpl": "5b7d63cf5acfc4001876c8df",
			"parentId": "I21005274461938734znOLW3",
			"slotId": "mod_stock"
		},
		{
			"_id": "I21005279695471751vzzkvq",
			"_tpl": "5b099b7d5acfc400186331e4",
			"parentId": "I21005277344600972okJxxH",
			"slotId": "mod_muzzle"
		},
		{
			"_id": "FuckYouUnlimitedAmmo362787",
			"_tpl": "5857a8bc2459772bad15db29",
			"parentId": "5c6687d65e9d882c8841f0fd",
			"slotId": "SecuredContainer"
		},
		{
			"_id": "iHateThatShit487301",
			"_tpl": "5a6086ea4f39f99cd479502f",
			"parentId": "FuckYouUnlimitedAmmo362787",
			"slotId": "main",
			"upd": {
				"StackObjectsCount": 60
			}
		},
		{
			"_id": "iHateThatShit653083",
			"_tpl": "5a608bf24f39f98ffc77720e",
			"parentId": "FuckYouUnlimitedAmmo362787",
			"slotId": "main",
			"upd": {
				"StackObjectsCount": 60
			}
		},
		{
			"_id": "iHateThatShit58123",
			"_tpl": "5e023e6e34d52a55c3304f71",
			"parentId": "FuckYouUnlimitedAmmo362787",
			"slotId": "main",
			"upd": {
				"StackObjectsCount": 60
			}
		},
		{
			"_id": "iHateThatShit871123",
			"_tpl": "5e023e6e34d52a55c3304f71",
			"parentId": "FuckYouUnlimitedAmmo362787",
			"slotId": "main",
			"upd": {
				"StackObjectsCount": 60
			}
		},
		{
			"_id": "iHateThatShit708446",
			"_tpl": "5e023e6e34d52a55c3304f71",
			"parentId": "FuckYouUnlimitedAmmo362787",
			"slotId": "main",
			"upd": {
				"StackObjectsCount": 60
			}
		},
		{
			"_id": "iHateThatShit783131",
			"_tpl": "5e023e53d4353e3302577c4c",
			"parentId": "FuckYouUnlimitedAmmo362787",
			"slotId": "main",
			"upd": {
				"StackObjectsCount": 60
			}
		},
		{
			"_id": "iHateThatShit237389",
			"_tpl": "5e023e6e34d52a55c3304f71",
			"parentId": "FuckYouUnlimitedAmmo362787",
			"slotId": "main",
			"upd": {
				"StackObjectsCount": 60
			}
		},
		{
			"_id": "iHateThatShit385987",
			"_tpl": "5e023e53d4353e3302577c4c",
			"parentId": "FuckYouUnlimitedAmmo362787",
			"slotId": "main",
			"upd": {
				"StackObjectsCount": 60
			}
		},
		{
			"_id": "iHateThatShit972619",
			"_tpl": "5a608bf24f39f98ffc77720e",
			"parentId": "FuckYouUnlimitedAmmo362787",
			"slotId": "main",
			"upd": {
				"StackObjectsCount": 60
			}
		},
		{
			"_id": "I5151213316361215i8JQV33",
			"_tpl": "5e81c3cbac2bb513793cdc75",
			"parentId": "5c6687d65e9d882c8841f0fd",
			"slotId": "Holster"
		},
		{
			"_id": "I5151214357867521w3AsdCc",
			"_tpl": "5e81c519cb2b95385c177551",
			"parentId": "I5151213316361215i8JQV33",
			"slotId": "mod_barrel"
		},
		{
			"_id": "I5151216560635440dELQC43",
			"_tpl": "5e81c6bf763d9f754677beff",
			"parentId": "I5151213316361215i8JQV33",
			"slotId": "mod_pistol_grip"
		},
		{
			"_id": "I5151219539456089qslCjAf",
			"_tpl": "5e81edc13397a21db957f6a1",
			"parentId": "I5151213316361215i8JQV33",
			"slotId": "mod_reciever"
		},
		{
			"_id": "AmmoMag119528",
			"_tpl": "5ea2a8e200685063ec28c05a",
			"parentId": "I5151212716233647M9k8NfA",
			"slotId": "cartridges",
			"upd": {
				"StackObjectsCount": 7
			}
		},
		{
			"_id": "I5151212716233647M9k8NfA",
			"_tpl": "5e81c4ca763d9f754677befa",
			"parentId": "I5151213316361215i8JQV33",
			"slotId": "mod_magazine"
		},
		{
			"_id": "I51512171691452758cRhyqv",
			"_tpl": "5e81c6a2ac2bb513793cdc7f",
			"parentId": "I5151213316361215i8JQV33",
			"slotId": "mod_trigger"
		},
		{
			"_id": "I5151214791483785OGxHlRf",
			"_tpl": "5e81c550763d9f754677befd",
			"parentId": "I5151213316361215i8JQV33",
			"slotId": "mod_hammer"
		},
		{
			"_id": "I5151216990468548abTjKfr",
			"_tpl": "5e81c539cb2b95385c177553",
			"parentId": "I5151213316361215i8JQV33",
			"slotId": "mod_catch"
		},
		{
			"_id": "I5151211696638511stmWRAD",
			"_tpl": "5e81ee4dcb2b95385c177582",
			"parentId": "I5151219539456089qslCjAf",
			"slotId": "mod_sight_rear",
			"upd": {
				"Sight": {
					"ScopesCurrentCalibPointIndexes": [
						0
					],
					"ScopesSelectedModes": [
						0
					],
					"SelectedScope": 0
				}
			}
		},
		{
			"_id": "I5151217614552406Xn7Y8AP",
			"_tpl": "5e81ee213397a21db957f6a6",
			"parentId": "I5151219539456089qslCjAf",
			"slotId": "mod_sight_front",
			"upd": {
				"Sight": {
					"ScopesCurrentCalibPointIndexes": [
						0
					],
					"ScopesSelectedModes": [
						0
					],
					"SelectedScope": 0
				}
			}
		},
		{
			"_id": "mag0Vest997288",
			"_tpl": "5b7d37845acfc400170e2f87",
			"parentId": "B51647192443332875j6U2dM",
			"slotId": "2",
			"location": {
				"x": 0,
				"y": 0,
				"r": "Horizontal"
			}
		},
		{
			"_id": "AmmoMag0Vest869788",
			"_tpl": "5e023e88277cce2b522ff2b1",
			"parentId": "mag0Vest997288",
			"slotId": "cartridges",
			"upd": {
				"StackObjectsCount": 30
			}
		},
		{
			"_id": "mag0Vest557389",
			"_tpl": "5b7d37845acfc400170e2f87",
			"parentId": "B51647192443332875j6U2dM",
			"slotId": "1",
			"location": {
				"x": 0,
				"y": 0,
				"r": "Horizontal"
			}
		},
		{
			"_id": "AmmoMag0Vest329380",
			"_tpl": "5a6086ea4f39f99cd479502f",
			"parentId": "mag0Vest557389",
			"slotId": "cartridges",
			"upd": {
				"StackObjectsCount": 30
			}
		},
		{
			"_id": "mag0Vest515315",
			"_tpl": "5b7d37845acfc400170e2f87",
			"parentId": "B51647192443332875j6U2dM",
			"slotId": "1",
			"location": {
				"x": 1,
				"y": 0,
				"r": "Horizontal"
			}
		},
		{
			"_id": "AmmoMag0Vest810246",
			"_tpl": "5e023e6e34d52a55c3304f71",
			"parentId": "mag0Vest515315",
			"slotId": "cartridges",
			"upd": {
				"StackObjectsCount": 30
			}
		},
		{
			"_id": "magP0Vest31618",
			"_tpl": "5e81c4ca763d9f754677befa",
			"parentId": "B51647192443332875j6U2dM",
			"slotId": "3",
			"location": {
				"x": 0,
				"y": 1,
				"r": "Horizontal"
			}
		},
		{
			"_id": "AmmoMagPVest543370",
			"_tpl": "5ea2a8e200685063ec28c05a",
			"parentId": "magP0Vest31618",
			"slotId": "cartridges",
			"upd": {
				"StackObjectsCount": 7
			}
		},
		{
			"_id": "B516471952080878136rriaL",
			"_tpl": "57e26ea924597715ca604a09",
			"parentId": "5c6687d65e9d882c8841f0fd",
			"slotId": "Scabbard"
		},
		{
			"_id": "B51647191502693116bMwRMz",
			"_tpl": "5b40e5e25acfc4001a599bea",
			"parentId": "5c6687d65e9d882c8841f0fd",
			"slotId": "Headwear"
		},
		{
			"_id": "B51647195349280108mye3N3",
			"_tpl": "5c1a1cc52e221602b3136e3d",
			"parentId": "5c6687d65e9d882c8841f0fd",
			"slotId": "Eyewear"
		},
		{
			"_id": "Pocket_797695",
			"_tpl": "5e2af22086f7746d3f3c33fa",
			"parentId": "5c6687d65e9d882c8841f121",
			"slotId": "pocket1",
			"location": {
				"x": 0,
				"y": 0,
				"r": "Horizontal"
			},
			"upd": {
				"SpawnedInSession": true
			}
		},
		{
			"_id": "Pocket_803754",
			"_tpl": "590c2d8786f774245b1f03f3",
			"parentId": "5c6687d65e9d882c8841f121",
			"slotId": "pocket2",
			"location": {
				"x": 0,
				"y": 0,
				"r": "Horizontal"
			},
			"upd": {
				"SpawnedInSession": true
			}
		}
	],
	"equipment": "5c6687d65e9d882c8841f0fd",
	"stash": "5c6687d65e9d882c8841f0fc",
	"questRaidItems": "5c6687d65e9d882c8841f0fe",
	"questStashItems": "5c6687d65e9d882c8841f0ff",
	"fastPanel": {}
}