{
	"items": [
		{
			"_id": "5c6687d65e9d882c8841f0fd",
			"_tpl": "55d7217a4bdc2d86028b456d"
		},
		{
			"_id": "5c6687d65e9d882c8841f121",
			"_tpl": "557ffd194bdc2d28148b457f",
			"parentId": "5c6687d65e9d882c8841f0fd",
			"slotId": "Pockets"
		},
		{
			"_id": "5c6687d65e9d882c8841f0fc",
			"_tpl": "566abbc34bdc2d92178b4576"
		},
		{
			"_id": "5c6687d65e9d882c8841f0ff",
			"_tpl": "5963866b86f7747bfa1c4462"
		},
		{
			"_id": "5c6687d65e9d882c8841f0fe",
			"_tpl": "5963866286f7747bf429b572"
		},
		{
			"_id": "B516471857642783225RlOZw",
			"_tpl": "5c0e446786f7742013381639",
			"parentId": "5c6687d65e9d882c8841f0fd",
			"slotId": "TacticalVest"
		},
		{
			"_id": "I3310281122121123702Td0l",
			"_tpl": "5a0ec13bfcdbcb00165aa685",
			"parentId": "5c6687d65e9d882c8841f0fd",
			"slotId": "FirstPrimaryWeapon"
		},
		{
			"_id": "I3310281187729532922otOg",
			"_tpl": "59d64ec286f774171d1e0a42",
			"parentId": "I3310281122121123702Td0l",
			"slotId": "mod_gas_block"
		},
		{
			"_id": "I3310281193479639317e0qJ",
			"_tpl": "59d64fc686f774171b243fe2",
			"parentId": "I3310281122121123702Td0l",
			"slotId": "mod_muzzle"
		},
		{
			"_id": "I331028119542828623lpUmS",
			"_tpl": "59e62cc886f77440d40b52a1",
			"parentId": "I3310281122121123702Td0l",
			"slotId": "mod_pistol_grip"
		},
		{
			"_id": "I3310281189199626355CbXG",
			"_tpl": "59d650cf86f7741b846413a4",
			"parentId": "I3310281122121123702Td0l",
			"slotId": "mod_sight_rear",
			"upd": {
				"Sight": {
					"SelectedSightMode": 0
				}
			}
		},
		{
			"_id": "MagazineWeaponScav2988",
			"_tpl": "59fafc9386f774067d462453",
			"parentId": "I3310281122121123702Td0l",
			"slotId": "mod_magazine"
		},
		{
			"_id": "AmmoMag17039",
			"_tpl": "59e4d24686f7741776641ac7",
			"parentId": "MagazineWeaponScav2988",
			"slotId": "cartridges",
			"upd": {
				"StackObjectsCount": 30
			}
		},
		{
			"_id": "I331028115854966088QLkTo",
			"_tpl": "59d64f2f86f77417193ef8b3",
			"parentId": "I3310281187729532922otOg",
			"slotId": "mod_handguard"
		},
		{
			"_id": "FuckYouUnlimitedAmmo218961",
			"_tpl": "5857a8bc2459772bad15db29",
			"parentId": "5c6687d65e9d882c8841f0fd",
			"slotId": "SecuredContainer"
		},
		{
			"_id": "iHateThatShit931177",
			"_tpl": "59e0d99486f7744a32234762",
			"parentId": "FuckYouUnlimitedAmmo218961",
			"slotId": "main",
			"upd": {
				"StackObjectsCount": 60
			}
		},
		{
			"_id": "iHateThatShit388528",
			"_tpl": "59e0d99486f7744a32234762",
			"parentId": "FuckYouUnlimitedAmmo218961",
			"slotId": "main",
			"upd": {
				"StackObjectsCount": 60
			}
		},
		{
			"_id": "iHateThatShit862739",
			"_tpl": "5656d7c34bdc2d9d198b4587",
			"parentId": "FuckYouUnlimitedAmmo218961",
			"slotId": "main",
			"upd": {
				"StackObjectsCount": 60
			}
		},
		{
			"_id": "iHateThatShit214163",
			"_tpl": "59e4d3d286f774176a36250a",
			"parentId": "FuckYouUnlimitedAmmo218961",
			"slotId": "main",
			"upd": {
				"StackObjectsCount": 60
			}
		},
		{
			"_id": "iHateThatShit184194",
			"_tpl": "59e4cf5286f7741778269d8a",
			"parentId": "FuckYouUnlimitedAmmo218961",
			"slotId": "main",
			"upd": {
				"StackObjectsCount": 60
			}
		},
		{
			"_id": "iHateThatShit420496",
			"_tpl": "59e4d3d286f774176a36250a",
			"parentId": "FuckYouUnlimitedAmmo218961",
			"slotId": "main",
			"upd": {
				"StackObjectsCount": 60
			}
		},
		{
			"_id": "iHateThatShit725479",
			"_tpl": "59e4d3d286f774176a36250a",
			"parentId": "FuckYouUnlimitedAmmo218961",
			"slotId": "main",
			"upd": {
				"StackObjectsCount": 60
			}
		},
		{
			"_id": "iHateThatShit994505",
			"_tpl": "59e4cf5286f7741778269d8a",
			"parentId": "FuckYouUnlimitedAmmo218961",
			"slotId": "main",
			"upd": {
				"StackObjectsCount": 60
			}
		},
		{
			"_id": "iHateThatShit673031",
			"_tpl": "59e4d3d286f774176a36250a",
			"parentId": "FuckYouUnlimitedAmmo218961",
			"slotId": "main",
			"upd": {
				"StackObjectsCount": 60
			}
		},
		{
			"_id": "I210017298603804532Jbgo5",
			"_tpl": "5a17f98cfcdbcb0980087290",
			"parentId": "5c6687d65e9d882c8841f0fd",
			"slotId": "Holster"
		},
		{
			"_id": "AmmoMag161898",
			"_tpl": "573718ba2459775a75491131",
			"parentId": "I210017299554434383WPGkU",
			"slotId": "cartridges",
			"upd": {
				"StackObjectsCount": 20
			}
		},
		{
			"_id": "I210017299554434383WPGkU",
			"_tpl": "5a17fb03fcdbcbcae668728f",
			"parentId": "I210017298603804532Jbgo5",
			"slotId": "mod_magazine"
		},
		{
			"_id": "I2100172947614598267bFwz",
			"_tpl": "5a17fc70fcdbcb0176308b3d",
			"parentId": "I210017298603804532Jbgo5",
			"slotId": "mod_pistol_grip"
		},
		{
			"_id": "I210017293107779793h05xT",
			"_tpl": "5aba62f8d8ce87001943946b",
			"parentId": "I210017298603804532Jbgo5",
			"slotId": "mod_sight_front",
			"upd": {
				"Sight": {
					"SelectedSightMode": 0
				}
			}
		},
		{
			"_id": "I2100172940354557583oTC1",
			"_tpl": "5aba637ad8ce87001773e17f",
			"parentId": "I210017298603804532Jbgo5",
			"slotId": "mod_sight_rear",
			"upd": {
				"Sight": {
					"SelectedSightMode": 0
				}
			}
		},
		{
			"_id": "mag1Vest36775",
			"_tpl": "5e21a3c67e40bd02257a008a",
			"parentId": "B516471857642783225RlOZw",
			"slotId": "2",
			"location": {
				"x": 0,
				"y": 0,
				"r": "Horizontal"
			}
		},
		{
			"_id": "AmmoMag1Vest578247",
			"_tpl": "59e4d24686f7741776641ac7",
			"parentId": "mag1Vest36775",
			"slotId": "cartridges",
			"upd": {
				"StackObjectsCount": 30
			}
		},
		{
			"_id": "mag2Vest643059",
			"_tpl": "5e21a3c67e40bd02257a008a",
			"parentId": "B516471857642783225RlOZw",
			"slotId": "4",
			"location": {
				"x": 0,
				"y": 0,
				"r": "Horizontal"
			}
		},
		{
			"_id": "AmmoMag2Vest939985",
			"_tpl": "5656d7c34bdc2d9d198b4587",
			"parentId": "mag2Vest643059",
			"slotId": "cartridges",
			"upd": {
				"StackObjectsCount": 30
			}
		},
		{
			"_id": "StackAmmo25254087729",
			"_tpl": "59e0d99486f7744a32234762",
			"parentId": "B516471857642783225RlOZw",
			"slotId": "6",
			"upd": {
				"StackObjectsCount": 42
			}
		},
		{
			"_id": "magP0Vest61491",
			"_tpl": "5a17fb03fcdbcbcae668728f",
			"parentId": "B516471857642783225RlOZw",
			"slotId": "1",
			"location": {
				"x": 0,
				"y": 0,
				"r": "Horizontal"
			}
		},
		{
			"_id": "AmmoMagPVest418516",
			"_tpl": "573719df2459775a626ccbc2",
			"parentId": "magP0Vest61491",
			"slotId": "cartridges",
			"upd": {
				"StackObjectsCount": 20
			}
		},
		{
			"_id": "magP0Vest82095",
			"_tpl": "5a17fb03fcdbcbcae668728f",
			"parentId": "B516471857642783225RlOZw",
			"slotId": "1",
			"location": {
				"x": 0,
				"y": 1,
				"r": "Horizontal"
			}
		},
		{
			"_id": "AmmoMagPVest312789",
			"_tpl": "5737218f245977612125ba51",
			"parentId": "magP0Vest82095",
			"slotId": "cartridges",
			"upd": {
				"StackObjectsCount": 20
			}
		},
		{
			"_id": "B51647188531559737buY3Uo",
			"_tpl": "5bffdc370db834001d23eca8",
			"parentId": "5c6687d65e9d882c8841f0fd",
			"slotId": "Scabbard"
		},
		{
			"_id": "B51647183599842076Dmai0v",
			"_tpl": "5c08f87c0db8340019124324",
			"parentId": "5c6687d65e9d882c8841f0fd",
			"slotId": "Headwear"
		},
		{
			"_id": "B516471845632545243bnB8z",
			"_tpl": "5ab8e79e86f7742d8b372e78",
			"parentId": "5c6687d65e9d882c8841f0fd",
			"slotId": "ArmorVest",
			"upd": {
				"Repairable": {
					"MaxDurability": 65,
					"Durability": 22
				}
			}
		},
		{
			"_id": "Pocket_917894",
			"_tpl": "5af04b6486f774195a3ebb49",
			"parentId": "5c6687d65e9d882c8841f121",
			"slotId": "pocket1",
			"location": {
				"x": 0,
				"y": 0,
				"r": "Horizontal"
			},
			"upd": {
				"SpawnedInSession": true
			}
		}
	],
	"equipment": "5c6687d65e9d882c8841f0fd",
	"stash": "5c6687d65e9d882c8841f0fc",
	"questRaidItems": "5c6687d65e9d882c8841f0fe",
	"questStashItems": "5c6687d65e9d882c8841f0ff",
	"fastPanel": {}
}