{
	"items": [
		{
			"_id": "5c6687d65e9d882c8841f0fd",
			"_tpl": "55d7217a4bdc2d86028b456d"
		},
		{
			"_id": "5c6687d65e9d882c8841f121",
			"_tpl": "557ffd194bdc2d28148b457f",
			"parentId": "5c6687d65e9d882c8841f0fd",
			"slotId": "Pockets"
		},
		{
			"_id": "5c6687d65e9d882c8841f0fc",
			"_tpl": "566abbc34bdc2d92178b4576"
		},
		{
			"_id": "5c6687d65e9d882c8841f0ff",
			"_tpl": "5963866b86f7747bfa1c4462"
		},
		{
			"_id": "5c6687d65e9d882c8841f0fe",
			"_tpl": "5963866286f7747bf429b572"
		},
		{
			"_id": "B51647147308688917YJSIOj",
			"_tpl": "5648a69d4bdc2ded0b8b457b",
			"parentId": "5c6687d65e9d882c8841f0fd",
			"slotId": "TacticalVest"
		},
		{
			"_id": "I21005532977139053usqV9C",
			"_tpl": "5c501a4d2e221602b412b540",
			"parentId": "5c6687d65e9d882c8841f0fd",
			"slotId": "FirstPrimaryWeapon"
		},
		{
			"_id": "I21005537406285918Rtxf43",
			"_tpl": "5c5039be2e221602b177c9ff",
			"parentId": "I21005532977139053usqV9C",
			"slotId": "mod_gas_block"
		},
		{
			"_id": "I21005538690783550Xw7Ct0",
			"_tpl": "5c503d0a2e221602b542b7ef",
			"parentId": "I21005532977139053usqV9C",
			"slotId": "mod_reciever"
		},
		{
			"_id": "I21005534321318520D593Ac",
			"_tpl": "5c503b1c2e221602b21d6e9d",
			"parentId": "I21005532977139053usqV9C",
			"slotId": "mod_sight_rear",
			"upd": {
				"Sight": {
					"SelectedSightMode": 0
				}
			}
		},
		{
			"_id": "I21005534538425999HUBok9",
			"_tpl": "5c503af12e221602b177ca02",
			"parentId": "I21005532977139053usqV9C",
			"slotId": "mod_stock"
		},
		{
			"_id": "MagazineWeaponScav3967",
			"_tpl": "5c503ac82e221602b21d6e9a",
			"parentId": "I21005532977139053usqV9C",
			"slotId": "mod_magazine"
		},
		{
			"_id": "AmmoMag17284",
			"_tpl": "5a608bf24f39f98ffc77720e",
			"parentId": "MagazineWeaponScav3967",
			"slotId": "cartridges",
			"upd": {
				"StackObjectsCount": 5
			}
		},
		{
			"_id": "FuckYouUnlimitedAmmo799379",
			"_tpl": "5857a8bc2459772bad15db29",
			"parentId": "5c6687d65e9d882c8841f0fd",
			"slotId": "SecuredContainer"
		},
		{
			"_id": "iHateThatShit378380",
			"_tpl": "5a6086ea4f39f99cd479502f",
			"parentId": "FuckYouUnlimitedAmmo799379",
			"slotId": "main",
			"upd": {
				"StackObjectsCount": 60
			}
		},
		{
			"_id": "iHateThatShit786252",
			"_tpl": "5a608bf24f39f98ffc77720e",
			"parentId": "FuckYouUnlimitedAmmo799379",
			"slotId": "main",
			"upd": {
				"StackObjectsCount": 60
			}
		},
		{
			"_id": "iHateThatShit912762",
			"_tpl": "5e023e88277cce2b522ff2b1",
			"parentId": "FuckYouUnlimitedAmmo799379",
			"slotId": "main",
			"upd": {
				"StackObjectsCount": 60
			}
		},
		{
			"_id": "iHateThatShit484065",
			"_tpl": "5e023e6e34d52a55c3304f71",
			"parentId": "FuckYouUnlimitedAmmo799379",
			"slotId": "main",
			"upd": {
				"StackObjectsCount": 60
			}
		},
		{
			"_id": "iHateThatShit857053",
			"_tpl": "5e023e6e34d52a55c3304f71",
			"parentId": "FuckYouUnlimitedAmmo799379",
			"slotId": "main",
			"upd": {
				"StackObjectsCount": 60
			}
		},
		{
			"_id": "iHateThatShit556306",
			"_tpl": "5e023e88277cce2b522ff2b1",
			"parentId": "FuckYouUnlimitedAmmo799379",
			"slotId": "main",
			"upd": {
				"StackObjectsCount": 60
			}
		},
		{
			"_id": "iHateThatShit203468",
			"_tpl": "5a6086ea4f39f99cd479502f",
			"parentId": "FuckYouUnlimitedAmmo799379",
			"slotId": "main",
			"upd": {
				"StackObjectsCount": 60
			}
		},
		{
			"_id": "iHateThatShit768225",
			"_tpl": "5e023e6e34d52a55c3304f71",
			"parentId": "FuckYouUnlimitedAmmo799379",
			"slotId": "main",
			"upd": {
				"StackObjectsCount": 60
			}
		},
		{
			"_id": "iHateThatShit66723",
			"_tpl": "5a608bf24f39f98ffc77720e",
			"parentId": "FuckYouUnlimitedAmmo799379",
			"slotId": "main",
			"upd": {
				"StackObjectsCount": 60
			}
		},
		{
			"_id": "I210016352266185794zd3SI",
			"_tpl": "56e0598dd2720bb5668b45a6",
			"parentId": "5c6687d65e9d882c8841f0fd",
			"slotId": "Holster"
		},
		{
			"_id": "AmmoMag195846",
			"_tpl": "57372140245977611f70ee91",
			"parentId": "I210016359259926518drwwp",
			"slotId": "cartridges",
			"upd": {
				"StackObjectsCount": 8
			}
		},
		{
			"_id": "I210016359259926518drwwp",
			"_tpl": "5448c12b4bdc2d02308b456f",
			"parentId": "I210016352266185794zd3SI",
			"slotId": "mod_magazine"
		},
		{
			"_id": "I210016357401982149X62Eg",
			"_tpl": "56e05b06d2720bb2668b4586",
			"parentId": "I210016352266185794zd3SI",
			"slotId": "mod_muzzle"
		},
		{
			"_id": "I210016359320850162BUbDs",
			"_tpl": "56e05a6ed2720bd0748b4567",
			"parentId": "I210016352266185794zd3SI",
			"slotId": "mod_pistol_grip"
		},
		{
			"_id": "mag0Vest433907",
			"_tpl": "5c503ac82e221602b21d6e9a",
			"parentId": "B51647147308688917YJSIOj",
			"slotId": "1",
			"location": {
				"x": 0,
				"y": 0,
				"r": "Horizontal"
			}
		},
		{
			"_id": "AmmoMag0Vest960485",
			"_tpl": "5a608bf24f39f98ffc77720e",
			"parentId": "mag0Vest433907",
			"slotId": "cartridges",
			"upd": {
				"StackObjectsCount": 5
			}
		},
		{
			"_id": "mag1Vest253682",
			"_tpl": "5c503ac82e221602b21d6e9a",
			"parentId": "B51647147308688917YJSIOj",
			"slotId": "3",
			"location": {
				"x": 0,
				"y": 0,
				"r": "Horizontal"
			}
		},
		{
			"_id": "AmmoMag1Vest243013",
			"_tpl": "58dd3ad986f77403051cba8f",
			"parentId": "mag1Vest253682",
			"slotId": "cartridges",
			"upd": {
				"StackObjectsCount": 5
			}
		},
		{
			"_id": "mag1Vest155367",
			"_tpl": "5c503ac82e221602b21d6e9a",
			"parentId": "B51647147308688917YJSIOj",
			"slotId": "3",
			"location": {
				"x": 0,
				"y": 1,
				"r": "Horizontal"
			}
		},
		{
			"_id": "AmmoMag1Vest841477",
			"_tpl": "5e023e53d4353e3302577c4c",
			"parentId": "mag1Vest155367",
			"slotId": "cartridges",
			"upd": {
				"StackObjectsCount": 5
			}
		},
		{
			"_id": "mag2Vest588531",
			"_tpl": "5c503ac82e221602b21d6e9a",
			"parentId": "B51647147308688917YJSIOj",
			"slotId": "10",
			"location": {
				"x": 0,
				"y": 0,
				"r": "Horizontal"
			}
		},
		{
			"_id": "AmmoMag2Vest643208",
			"_tpl": "5e023e88277cce2b522ff2b1",
			"parentId": "mag2Vest588531",
			"slotId": "cartridges",
			"upd": {
				"StackObjectsCount": 5
			}
		},
		{
			"_id": "StackAmmo48264153298",
			"_tpl": "5e023e53d4353e3302577c4c",
			"parentId": "B51647147308688917YJSIOj",
			"slotId": "6",
			"upd": {
				"StackObjectsCount": 33
			}
		},
		{
			"_id": "StackAmmo17742338750",
			"_tpl": "58dd3ad986f77403051cba8f",
			"parentId": "B51647147308688917YJSIOj",
			"slotId": "8",
			"upd": {
				"StackObjectsCount": 37
			}
		},
		{
			"_id": "magP0Vest97709",
			"_tpl": "5448c12b4bdc2d02308b456f",
			"parentId": "B51647147308688917YJSIOj",
			"slotId": "2",
			"location": {
				"x": 0,
				"y": 0,
				"r": "Horizontal"
			}
		},
		{
			"_id": "AmmoMagPVest566074",
			"_tpl": "5737207f24597760ff7b25f2",
			"parentId": "magP0Vest97709",
			"slotId": "cartridges",
			"upd": {
				"StackObjectsCount": 8
			}
		},
		{
			"_id": "magP1Vest61712",
			"_tpl": "5448c12b4bdc2d02308b456f",
			"parentId": "B51647147308688917YJSIOj",
			"slotId": "11",
			"location": {
				"x": 0,
				"y": 0,
				"r": "Horizontal"
			}
		},
		{
			"_id": "AmmoMagPVest786147",
			"_tpl": "5737207f24597760ff7b25f2",
			"parentId": "magP1Vest61712",
			"slotId": "cartridges",
			"upd": {
				"StackObjectsCount": 8
			}
		},
		{
			"_id": "B51647149673961785TdWed8",
			"_tpl": "57e26ea924597715ca604a09",
			"parentId": "5c6687d65e9d882c8841f0fd",
			"slotId": "Scabbard"
		},
		{
			"_id": "B51647141134743541VFVkKb",
			"_tpl": "59e7711e86f7746cae05fbe1",
			"parentId": "5c6687d65e9d882c8841f0fd",
			"slotId": "Headwear"
		},
		{
			"_id": "Headwear_cover_5641",
			"_tpl": "5ac4c50d5acfc40019262e87",
			"parentId": "B51647141134743541VFVkKb",
			"slotId": "mod_equipment",
			"upd": {
				"Togglable": {
					"On": true
				}
			}
		},
		{
			"_id": "B51647145583356862VMWx8F",
			"_tpl": "5bd0716d86f774171822ef4b",
			"parentId": "5c6687d65e9d882c8841f0fd",
			"slotId": "FaceCover"
		},
		{
			"_id": "Pocket_968279",
			"_tpl": "5a0ea64786f7741707720468",
			"parentId": "5c6687d65e9d882c8841f121",
			"slotId": "pocket1",
			"location": {
				"x": 0,
				"y": 0,
				"r": "Horizontal"
			},
			"upd": {
				"SpawnedInSession": true
			}
		}
	],
	"equipment": "5c6687d65e9d882c8841f0fd",
	"stash": "5c6687d65e9d882c8841f0fc",
	"questRaidItems": "5c6687d65e9d882c8841f0fe",
	"questStashItems": "5c6687d65e9d882c8841f0ff",
	"fastPanel": {}
}