{
	"items": [
		{
			"_id": "5c6687d65e9d882c8841f0fd",
			"_tpl": "55d7217a4bdc2d86028b456d"
		},
		{
			"_id": "5c6687d65e9d882c8841f121",
			"_tpl": "557ffd194bdc2d28148b457f",
			"parentId": "5c6687d65e9d882c8841f0fd",
			"slotId": "Pockets"
		},
		{
			"_id": "5c6687d65e9d882c8841f0fc",
			"_tpl": "566abbc34bdc2d92178b4576"
		},
		{
			"_id": "5c6687d65e9d882c8841f0ff",
			"_tpl": "5963866b86f7747bfa1c4462"
		},
		{
			"_id": "5c6687d65e9d882c8841f0fe",
			"_tpl": "5963866286f7747bf429b572"
		},
		{
			"_id": "B51647193898817114SvCbN4",
			"_tpl": "5d5d8ca986f7742798716522",
			"parentId": "5c6687d65e9d882c8841f0fd",
			"slotId": "TacticalVest"
		},
		{
			"_id": "I331036255792197915oMwTa",
			"_tpl": "59f9cabd86f7743a10721f46",
			"parentId": "5c6687d65e9d882c8841f0fd",
			"slotId": "FirstPrimaryWeapon"
		},
		{
			"_id": "I33103627174161435JEgCDb",
			"_tpl": "5998517986f7746017232f7e",
			"parentId": "I331036255792197915oMwTa",
			"slotId": "mod_pistol_grip"
		},
		{
			"_id": "MagazineWeaponScav5770",
			"_tpl": "5998529a86f774647f44f421",
			"parentId": "I331036255792197915oMwTa",
			"slotId": "mod_magazine"
		},
		{
			"_id": "AmmoMag12104",
			"_tpl": "5a3c16fe86f77452b62de32a",
			"parentId": "MagazineWeaponScav5770",
			"slotId": "cartridges",
			"upd": {
				"StackObjectsCount": 10
			}
		},
		{
			"_id": "I33103629372271550kdxFRH",
			"_tpl": "5998598e86f7740b3f498a86",
			"parentId": "I331036255792197915oMwTa",
			"slotId": "mod_muzzle"
		},
		{
			"_id": "I33103621995555808ha4dJT",
			"_tpl": "59985a8086f77414ec448d1a",
			"parentId": "I331036255792197915oMwTa",
			"slotId": "mod_reciever"
		},
		{
			"_id": "I33103623367074381PupKPH",
			"_tpl": "599860e986f7743bb57573a6",
			"parentId": "I331036255792197915oMwTa",
			"slotId": "mod_sight_rear",
			"upd": {
				"Sight": {
					"SelectedSightMode": 0
				}
			}
		},
		{
			"_id": "I33103628123696719ief5CG",
			"_tpl": "59ccd11386f77428f24a488f",
			"parentId": "I331036255792197915oMwTa",
			"slotId": "mod_gas_block"
		},
		{
			"_id": "I33103624958032192nHCcd6",
			"_tpl": "5648b1504bdc2d9d488b4584",
			"parentId": "I33103628123696719ief5CG",
			"slotId": "mod_handguard"
		},
		{
			"_id": "FuckYouUnlimitedAmmo829414",
			"_tpl": "5857a8bc2459772bad15db29",
			"parentId": "5c6687d65e9d882c8841f0fd",
			"slotId": "SecuredContainer"
		},
		{
			"_id": "iHateThatShit53441",
			"_tpl": "5c0d56a986f774449d5de529",
			"parentId": "FuckYouUnlimitedAmmo829414",
			"slotId": "main",
			"upd": {
				"StackObjectsCount": 60
			}
		},
		{
			"_id": "iHateThatShit968600",
			"_tpl": "5c3df7d588a4501f290594e5",
			"parentId": "FuckYouUnlimitedAmmo829414",
			"slotId": "main",
			"upd": {
				"StackObjectsCount": 60
			}
		},
		{
			"_id": "iHateThatShit642703",
			"_tpl": "5c0d56a986f774449d5de529",
			"parentId": "FuckYouUnlimitedAmmo829414",
			"slotId": "main",
			"upd": {
				"StackObjectsCount": 60
			}
		},
		{
			"_id": "iHateThatShit203762",
			"_tpl": "5c0d56a986f774449d5de529",
			"parentId": "FuckYouUnlimitedAmmo829414",
			"slotId": "main",
			"upd": {
				"StackObjectsCount": 60
			}
		},
		{
			"_id": "iHateThatShit954697",
			"_tpl": "5c0d56a986f774449d5de529",
			"parentId": "FuckYouUnlimitedAmmo829414",
			"slotId": "main",
			"upd": {
				"StackObjectsCount": 60
			}
		},
		{
			"_id": "iHateThatShit318670",
			"_tpl": "56d59d3ad2720bdb418b4577",
			"parentId": "FuckYouUnlimitedAmmo829414",
			"slotId": "main",
			"upd": {
				"StackObjectsCount": 60
			}
		},
		{
			"_id": "iHateThatShit117541",
			"_tpl": "5c925fa22e221601da359b7b",
			"parentId": "FuckYouUnlimitedAmmo829414",
			"slotId": "main",
			"upd": {
				"StackObjectsCount": 60
			}
		},
		{
			"_id": "iHateThatShit688174",
			"_tpl": "58864a4f2459770fcc257101",
			"parentId": "FuckYouUnlimitedAmmo829414",
			"slotId": "main",
			"upd": {
				"StackObjectsCount": 60
			}
		},
		{
			"_id": "iHateThatShit146829",
			"_tpl": "5c0d56a986f774449d5de529",
			"parentId": "FuckYouUnlimitedAmmo829414",
			"slotId": "main",
			"upd": {
				"StackObjectsCount": 60
			}
		},
		{
			"_id": "mag0Vest827770",
			"_tpl": "5c0672ed0db834001b7353f3",
			"parentId": "B51647193898817114SvCbN4",
			"slotId": "2",
			"location": {
				"x": 0,
				"y": 0,
				"r": "Horizontal"
			}
		},
		{
			"_id": "AmmoMag0Vest247773",
			"_tpl": "5c0d56a986f774449d5de529",
			"parentId": "mag0Vest827770",
			"slotId": "cartridges",
			"upd": {
				"StackObjectsCount": 30
			}
		},
		{
			"_id": "mag0Vest652537",
			"_tpl": "5c0672ed0db834001b7353f3",
			"parentId": "B51647193898817114SvCbN4",
			"slotId": "1",
			"location": {
				"x": 0,
				"y": 0,
				"r": "Horizontal"
			}
		},
		{
			"_id": "AmmoMag0Vest810328",
			"_tpl": "5c0d56a986f774449d5de529",
			"parentId": "mag0Vest652537",
			"slotId": "cartridges",
			"upd": {
				"StackObjectsCount": 30
			}
		},
		{
			"_id": "B516471925605700758DJYOU",
			"_tpl": "5bffdc370db834001d23eca8",
			"parentId": "5c6687d65e9d882c8841f0fd",
			"slotId": "Scabbard"
		},
		{
			"_id": "B51647195249066242CmPjWA",
			"_tpl": "59e770f986f7742cbe3164ef",
			"parentId": "5c6687d65e9d882c8841f0fd",
			"slotId": "Headwear"
		}
	],
	"equipment": "5c6687d65e9d882c8841f0fd",
	"stash": "5c6687d65e9d882c8841f0fc",
	"questRaidItems": "5c6687d65e9d882c8841f0fe",
	"questStashItems": "5c6687d65e9d882c8841f0ff",
	"fastPanel": {}
}