{
	"items": [
		{
			"_id": "5c6687d65e9d882c8841f0fd",
			"_tpl": "55d7217a4bdc2d86028b456d"
		},
		{
			"_id": "5c6687d65e9d882c8841f121",
			"_tpl": "557ffd194bdc2d28148b457f",
			"parentId": "5c6687d65e9d882c8841f0fd",
			"slotId": "Pockets"
		},
		{
			"_id": "5c6687d65e9d882c8841f0fc",
			"_tpl": "566abbc34bdc2d92178b4576"
		},
		{
			"_id": "5c6687d65e9d882c8841f0ff",
			"_tpl": "5963866b86f7747bfa1c4462"
		},
		{
			"_id": "5c6687d65e9d882c8841f0fe",
			"_tpl": "5963866286f7747bf429b572"
		},
		{
			"_id": "B51647195969285000wxwSf4",
			"_tpl": "5648a69d4bdc2ded0b8b457b",
			"parentId": "5c6687d65e9d882c8841f0fd",
			"slotId": "TacticalVest"
		},
		{
			"_id": "I33102843767448960X8i2ya",
			"_tpl": "5a0ec13bfcdbcb00165aa685",
			"parentId": "5c6687d65e9d882c8841f0fd",
			"slotId": "FirstPrimaryWeapon"
		},
		{
			"_id": "I33102843499398214GhHaAl",
			"_tpl": "59d64ec286f774171d1e0a42",
			"parentId": "I33102843767448960X8i2ya",
			"slotId": "mod_gas_block"
		},
		{
			"_id": "I33102843315863101ltmsb1",
			"_tpl": "59d64fc686f774171b243fe2",
			"parentId": "I33102843767448960X8i2ya",
			"slotId": "mod_muzzle"
		},
		{
			"_id": "I33102845871806896TxwVIz",
			"_tpl": "59e62cc886f77440d40b52a1",
			"parentId": "I33102843767448960X8i2ya",
			"slotId": "mod_pistol_grip"
		},
		{
			"_id": "I33102848653184728b657Q2",
			"_tpl": "59d650cf86f7741b846413a4",
			"parentId": "I33102843767448960X8i2ya",
			"slotId": "mod_sight_rear",
			"upd": {
				"Sight": {
					"SelectedSightMode": 0
				}
			}
		},
		{
			"_id": "I33102847115296058y25fL2",
			"_tpl": "59d6514b86f774171a068a08",
			"parentId": "I33102843767448960X8i2ya",
			"slotId": "mod_stock"
		},
		{
			"_id": "MagazineWeaponScav2174",
			"_tpl": "59e5d83b86f7745aed03d262",
			"parentId": "I33102843767448960X8i2ya",
			"slotId": "mod_magazine"
		},
		{
			"_id": "AmmoMag13818",
			"_tpl": "5656d7c34bdc2d9d198b4587",
			"parentId": "MagazineWeaponScav2174",
			"slotId": "cartridges",
			"upd": {
				"StackObjectsCount": 10
			}
		},
		{
			"_id": "I331028471714047378jNVU7",
			"_tpl": "59d64f2f86f77417193ef8b3",
			"parentId": "I33102843499398214GhHaAl",
			"slotId": "mod_handguard"
		},
		{
			"_id": "FuckYouUnlimitedAmmo155101",
			"_tpl": "5857a8bc2459772bad15db29",
			"parentId": "5c6687d65e9d882c8841f0fd",
			"slotId": "SecuredContainer"
		},
		{
			"_id": "iHateThatShit982404",
			"_tpl": "59e4d24686f7741776641ac7",
			"parentId": "FuckYouUnlimitedAmmo155101",
			"slotId": "main",
			"upd": {
				"StackObjectsCount": 60
			}
		},
		{
			"_id": "iHateThatShit456129",
			"_tpl": "59e4cf5286f7741778269d8a",
			"parentId": "FuckYouUnlimitedAmmo155101",
			"slotId": "main",
			"upd": {
				"StackObjectsCount": 60
			}
		},
		{
			"_id": "iHateThatShit942458",
			"_tpl": "5656d7c34bdc2d9d198b4587",
			"parentId": "FuckYouUnlimitedAmmo155101",
			"slotId": "main",
			"upd": {
				"StackObjectsCount": 60
			}
		},
		{
			"_id": "iHateThatShit93155",
			"_tpl": "59e4d3d286f774176a36250a",
			"parentId": "FuckYouUnlimitedAmmo155101",
			"slotId": "main",
			"upd": {
				"StackObjectsCount": 60
			}
		},
		{
			"_id": "iHateThatShit862031",
			"_tpl": "59e0d99486f7744a32234762",
			"parentId": "FuckYouUnlimitedAmmo155101",
			"slotId": "main",
			"upd": {
				"StackObjectsCount": 60
			}
		},
		{
			"_id": "iHateThatShit587931",
			"_tpl": "59e4d24686f7741776641ac7",
			"parentId": "FuckYouUnlimitedAmmo155101",
			"slotId": "main",
			"upd": {
				"StackObjectsCount": 60
			}
		},
		{
			"_id": "iHateThatShit482176",
			"_tpl": "59e4d24686f7741776641ac7",
			"parentId": "FuckYouUnlimitedAmmo155101",
			"slotId": "main",
			"upd": {
				"StackObjectsCount": 60
			}
		},
		{
			"_id": "iHateThatShit799098",
			"_tpl": "59e0d99486f7744a32234762",
			"parentId": "FuckYouUnlimitedAmmo155101",
			"slotId": "main",
			"upd": {
				"StackObjectsCount": 60
			}
		},
		{
			"_id": "iHateThatShit37143",
			"_tpl": "5656d7c34bdc2d9d198b4587",
			"parentId": "FuckYouUnlimitedAmmo155101",
			"slotId": "main",
			"upd": {
				"StackObjectsCount": 60
			}
		},
		{
			"_id": "mag0Vest264810",
			"_tpl": "59e5d83b86f7745aed03d262",
			"parentId": "B51647195969285000wxwSf4",
			"slotId": "1",
			"location": {
				"x": 0,
				"y": 0,
				"r": "Horizontal"
			}
		},
		{
			"_id": "AmmoMag0Vest433798",
			"_tpl": "5656d7c34bdc2d9d198b4587",
			"parentId": "mag0Vest264810",
			"slotId": "cartridges",
			"upd": {
				"StackObjectsCount": 10
			}
		},
		{
			"_id": "mag0Vest613340",
			"_tpl": "59e5d83b86f7745aed03d262",
			"parentId": "B51647195969285000wxwSf4",
			"slotId": "1",
			"location": {
				"x": 0,
				"y": 1,
				"r": "Horizontal"
			}
		},
		{
			"_id": "AmmoMag0Vest765555",
			"_tpl": "59e4cf5286f7741778269d8a",
			"parentId": "mag0Vest613340",
			"slotId": "cartridges",
			"upd": {
				"StackObjectsCount": 10
			}
		},
		{
			"_id": "mag1Vest688365",
			"_tpl": "59e5d83b86f7745aed03d262",
			"parentId": "B51647195969285000wxwSf4",
			"slotId": "3",
			"location": {
				"x": 0,
				"y": 1,
				"r": "Horizontal"
			}
		},
		{
			"_id": "AmmoMag1Vest232441",
			"_tpl": "59e4cf5286f7741778269d8a",
			"parentId": "mag1Vest688365",
			"slotId": "cartridges",
			"upd": {
				"StackObjectsCount": 10
			}
		},
		{
			"_id": "mag2Vest485591",
			"_tpl": "59e5d83b86f7745aed03d262",
			"parentId": "B51647195969285000wxwSf4",
			"slotId": "10",
			"location": {
				"x": 0,
				"y": 0,
				"r": "Horizontal"
			}
		},
		{
			"_id": "AmmoMag2Vest365761",
			"_tpl": "59e4d24686f7741776641ac7",
			"parentId": "mag2Vest485591",
			"slotId": "cartridges",
			"upd": {
				"StackObjectsCount": 10
			}
		},
		{
			"_id": "mag2Vest797703",
			"_tpl": "59e5d83b86f7745aed03d262",
			"parentId": "B51647195969285000wxwSf4",
			"slotId": "10",
			"location": {
				"x": 0,
				"y": 1,
				"r": "Horizontal"
			}
		},
		{
			"_id": "AmmoMag2Vest756955",
			"_tpl": "5656d7c34bdc2d9d198b4587",
			"parentId": "mag2Vest797703",
			"slotId": "cartridges",
			"upd": {
				"StackObjectsCount": 10
			}
		},
		{
			"_id": "StackAmmo46599298665",
			"_tpl": "59e0d99486f7744a32234762",
			"parentId": "B51647195969285000wxwSf4",
			"slotId": "7",
			"upd": {
				"StackObjectsCount": 37
			}
		},
		{
			"_id": "B516471950634931855fybyv",
			"_tpl": "57e26fc7245977162a14b800",
			"parentId": "5c6687d65e9d882c8841f0fd",
			"slotId": "Scabbard"
		},
		{
			"_id": "B51647198118097750Jo7ip0",
			"_tpl": "56e33634d2720bd8058b456b",
			"parentId": "5c6687d65e9d882c8841f0fd",
			"slotId": "Backpack"
		},
		{
			"_id": "B51647192044395624xdll9s",
			"_tpl": "5c0e541586f7747fa54205c9",
			"parentId": "5c6687d65e9d882c8841f0fd",
			"slotId": "ArmorVest",
			"upd": {
				"Repairable": {
					"MaxDurability": 60,
					"Durability": 7
				}
			}
		},
		{
			"_id": "Pocket_110759",
			"_tpl": "5d08d21286f774736e7c94c3",
			"parentId": "5c6687d65e9d882c8841f121",
			"slotId": "pocket1",
			"location": {
				"x": 0,
				"y": 0,
				"r": "Horizontal"
			},
			"upd": {
				"SpawnedInSession": true
			}
		},
		{
			"_id": "Pocket_858911",
			"_tpl": "590c2d8786f774245b1f03f3",
			"parentId": "5c6687d65e9d882c8841f121",
			"slotId": "pocket2",
			"location": {
				"x": 0,
				"y": 0,
				"r": "Horizontal"
			},
			"upd": {
				"SpawnedInSession": true
			}
		},
		{
			"_id": "Pocket_46781",
			"_tpl": "5c10c8fd86f7743d7d706df3",
			"parentId": "5c6687d65e9d882c8841f121",
			"slotId": "pocket3",
			"location": {
				"x": 0,
				"y": 0,
				"r": "Horizontal"
			},
			"upd": {
				"SpawnedInSession": true
			}
		}
	],
	"equipment": "5c6687d65e9d882c8841f0fd",
	"stash": "5c6687d65e9d882c8841f0fc",
	"questRaidItems": "5c6687d65e9d882c8841f0fe",
	"questStashItems": "5c6687d65e9d882c8841f0ff",
	"fastPanel": {}
}