{
	"BossName": "bossGluhar",
	"BossChance": 40,
	"BossZone": "ZoneRailStrorage,ZoneRailStrorage,ZoneRailStrorage,ZonePTOR1,ZonePTOR2,ZoneBarrack,ZoneBarrack,ZoneBarrack,ZoneSubStorage",
	"BossPlayer": false,
	"BossDifficult": "impossible",
	"BossEscortType": "followerGluharAssault",
	"BossEscortDifficult": "impossible",
	"BossEscortAmount": "3",
	"Time": 15,
	"TriggerId": "",
	"TriggerName": "",
	"Supports": [
		{
			"BossEscortType": "followerGluharAssault",
			"BossEscortDifficult": [
				"impossible"
			],
			"BossEscortAmount": "3"
		},
		{
			"BossEscortType": "followerGluharSecurity",
			"BossEscortDifficult": [
				"impossible"
			],
			"BossEscortAmount": "3"
		},
		{
			"BossEscortType": "followerGluharScout",
			"BossEscortDifficult": [
				"impossible"
			],
			"BossEscortAmount": "3"
		}
	]
}