{
	"name": "HardcoreMode",
	"author": "NoHurry",
	"version": "1.0.0",
	"license": "MIT",
	"db": {
		"profile": {
			"hardcore": {
				"character_bear": "db/profile/hardcore/character_bear.json",
				"character_usec": "db/profile/hardcore/character_usec.json",
				"storage_bear": "db/profile/hardcore/storage_bear.json",
				"storage_usec": "db/profile/hardcore/storage_usec.json"
			}
		},
		"assort": {
			"54cb50c76803fa8b248b4571": {
				"base": "db/assort/54cb50c76803fa8b248b4571/base.json"
			},
			"54cb57776803fa99248b456e": {
				"base": "db/assort/54cb57776803fa99248b456e/base.json"
			},
			"58330581ace78e27b8b10cee": {
				"base": "db/assort/58330581ace78e27b8b10cee/base.json"
			},
			"5935c25fb3acc3127c3d8cd9": {
				"base": "db/assort/5935c25fb3acc3127c3d8cd9/base.json"
			},
			"5a7c2eca46aef81a7ca2145d": {
				"base": "db/assort/5a7c2eca46aef81a7ca2145d/base.json"
			},
			"5ac3b934156ae10c4430e83c": {
				"base": "db/assort/5ac3b934156ae10c4430e83c/base.json"
			},
			"5c0647fdd443bc2504c2d371": {
				"base": "db/assort/5c0647fdd443bc2504c2d371/base.json"
			}
		},
		"globals": "db/globals.json"
	}
}
