{
	"_id": "5bc47dbf86f7741ee74e93b9",
	"traderId": "5c0647fdd443bc2504c2d371",
	"location": "any",
	"image": "/files/quest/icon/5bc9fab686f7742a90020769.jpg",
	"type": "Elimination",
	"isKey": false,
	"restartable": false,
	"min_level": 1,
	"canShowNotificationsInGame": true,
	"rewards": {
		"Started": [],
		"Success": [
			{
				"value": "16200",
				"id": "5c950f2086f774551757f06c",
				"type": "Experience",
				"index": 0
			},
			{
				"target": "5e0ac74b9d594972a112a9dc",
				"value": "1",
				"id": "5bc47e1986f7741b81600bf5",
				"type": "Item",
				"index": 1,
				"items": [
					{
						"_id": "5e0ac74b9d594972a112a9dc",
						"_tpl": "5aa2b9ede5b5b000137b758b",
						"upd": {
							"StackObjectsCount": 1
						}
					}
				]
			},
			{
				"target": "5c0647fdd443bc2504c2d371",
				"value": "0.04",
				"id": "5db9a651c3626a43191d802a",
				"type": "TraderStanding",
				"index": 2
			},
			{
				"target": "5e0ac74b9d594972a112a9dd",
				"id": "5bcf22a386f7746a45695afa",
				"type": "AssortmentUnlock",
				"index": 3,
				"loyaltyLevel": 2,
				"traderId": "5c0647fdd443bc2504c2d371",
				"items": [
					{
						"_id": "5e0ac74b9d594972a112a9dd",
						"_tpl": "5bbdb83fd4351e44f824c44b"
					}
				]
			},
			{
				"target": "5e0ac74b9d594972a112a9de",
				"id": "5bcf22b986f7746a45695afb",
				"type": "AssortmentUnlock",
				"index": 4,
				"loyaltyLevel": 2,
				"traderId": "5c0647fdd443bc2504c2d371",
				"items": [
					{
						"_id": "5e0ac74b9d594972a112a9de",
						"_tpl": "5bbde409d4351e003562b036"
					}
				]
			},
			{
				"target": "5e0ac74b9d594972a112a9df",
				"value": "1",
				"id": "5bcf2bbb86f774722d789e56",
				"type": "Item",
				"index": 5,
				"items": [
					{
						"_id": "5e0ac74b9d594972a112a9df",
						"_tpl": "5bbdb83fd4351e44f824c44b",
						"upd": {
							"StackObjectsCount": 1
						}
					}
				]
			},
			{
				"target": "5e0ac74b9d594972a112a9e0",
				"value": "1",
				"id": "5bcf2bd086f774723055e996",
				"type": "Item",
				"index": 6,
				"items": [
					{
						"_id": "5e0ac74b9d594972a112a9e0",
						"_tpl": "5bbde409d4351e003562b036",
						"upd": {
							"StackObjectsCount": 1
						}
					}
				]
			}
		],
		"Fail": []
	},
	"conditions": {
		"AvailableForStart": [],
		"AvailableForFinish": [
			{
				"_parent": "CounterCreator",
				"_props": {
					"value": "5",
					"type": "Elimination",
					"counter": {
						"id": "5bc47e3e86f7741e6b2f3331",
						"conditions": [
							{
								"_parent": "Kills",
								"_props": {
									"target": "AnyPmc",
									"compareMethod": ">=",
									"value": "1",
									"weapon": [
										"5bfd297f0db834001a669119",
										"5ae08f0a5acfc408fb1398a1"
									],
									"distance": {
										"compareMethod": "<=",
										"value": 15
									},
									"id": "5bc4800d86f774194f27ac45"
								}
							}
						]
					},
					"index": 0,
					"parentId": "",
					"id": "5bc47e3e86f7741e6b2f3332"
				}
			}
		],
		"Fail": []
	}
}