{
	"_id": "5d25e2c386f77443e7549029",
	"traderId": "5c0647fdd443bc2504c2d371",
	"location": "any",
	"image": "/files/quest/icon/5d67bb8486f7744dcc5e2fb1.jpg",
	"type": "Completion",
	"isKey": false,
	"restartable": false,
	"min_level": 1,
	"canShowNotificationsInGame": true,
	"rewards": {
		"Started": [],
		"Success": [
			{
				"value": "20000",
				"id": "5d6677d986f774131e206b3f",
				"type": "Experience",
				"index": 0
			},
			{
				"target": "5e12b4878441bd0e2c0fa872",
				"value": "90000",
				"id": "5d6677b686f7744dcc5e2993",
				"type": "Item",
				"index": 1,
				"items": [
					{
						"_id": "5e12b4878441bd0e2c0fa872",
						"_tpl": "5449016a4bdc2d6f028b456f",
						"upd": {
							"StackObjectsCount": 90000
						}
					}
				]
			},
			{
				"target": "5c0647fdd443bc2504c2d371",
				"value": "0.05",
				"id": "5d7638d586f774454d58ee39",
				"type": "TraderStanding",
				"index": 2
			},
			{
				"target": "5e12b4878441bd0e2c0fa873",
				"value": "1",
				"id": "5da9ed0886f77402931f46eb",
				"type": "Item",
				"index": 3,
				"items": [
					{
						"_id": "5e12b4878441bd0e2c0fa873",
						"_tpl": "5d02797c86f774203f38e30a",
						"upd": {
							"StackObjectsCount": 1
						}
					}
				]
			},
			{
				"target": "5e12b4878441bd0e2c0fa874",
				"value": "4",
				"id": "5da9ed2586f77476bb048016",
				"type": "Item",
				"index": 4,
				"items": [
					{
						"_id": "5e12b4878441bd0e2c0fa874",
						"_tpl": "590c5a7286f7747884343aea",
						"upd": {
							"StackObjectsCount": 4
						}
					}
				]
			},
			{
				"target": "5e12b4878441bd0e2c0fa875",
				"value": "5",
				"id": "5da9ed4486f77476bb04801b",
				"type": "Item",
				"index": 5,
				"items": [
					{
						"_id": "5e12b4878441bd0e2c0fa875",
						"_tpl": "59e366c186f7741778269d85",
						"upd": {
							"StackObjectsCount": 5
						}
					}
				]
			}
		],
		"Fail": []
	},
	"conditions": {
		"AvailableForStart": [],
		"AvailableForFinish": [
			{
				"_parent": "CounterCreator",
				"_props": {
					"value": "1",
					"type": "Elimination",
					"counter": {
						"id": "5d26fd8886f77469f0445744",
						"conditions": [
							{
								"_parent": "Kills",
								"_props": {
									"target": "Savage",
									"compareMethod": ">=",
									"value": "1",
									"savageRole": [
										"bossBully"
									],
									"id": "5d27106c86f77469f1599fee"
								}
							}
						]
					},
					"index": 0,
					"parentId": "",
					"id": "5d26fd8886f77469f0445745"
				}
			},
			{
				"_parent": "FindItem",
				"_props": {
					"target": [
						"5b3b713c5acfc4330140bd8d"
					],
					"value": "1",
					"minDurability": 0,
					"maxDurability": 0,
					"dogtagLevel": 0,
					"onlyFoundInRaid": true,
					"index": 1,
					"parentId": "",
					"id": "5d66741c86f7744a2e70f039"
				}
			},
			{
				"_parent": "HandoverItem",
				"_props": {
					"target": [
						"5b3b713c5acfc4330140bd8d"
					],
					"value": "1",
					"minDurability": 0,
					"maxDurability": 0,
					"dogtagLevel": 0,
					"onlyFoundInRaid": true,
					"index": 2,
					"parentId": "",
					"id": "5d2710e686f7742e9019a6b2",
					"visibilityConditions": [
						{
							"_parent": "CompleteCondition",
							"_props": {
								"target": "5d66741c86f7744a2e70f039",
								"id": "5d66742986f7744dcc5e2992"
							}
						}
					]
				}
			}
		],
		"Fail": []
	}
}