{
	"_id": "59e4d24686f7741776641ac7",
	"_name": "patron_762x39_US",
	"_parent": "5485a8684bdc2da71d8b4567",
	"_type": "Item",
	"_props": {
		"Name": "patron_762x39_US",
		"ShortName": "patron_762x39_US",
		"Description": "patron_762x39_US",
		"Weight": 0.01,
		"BackgroundColor": "red",
		"Width": 1,
		"Height": 1,
		"StackMaxSize": 400,
		"Rarity": "Rare",
		"SpawnChance": 10,
		"CreditsPrice": 134,
		"ItemSound": "ammo_singleround",
		"Prefab": {
			"path": "assets/content/items/ammo/patrons/patron_762x39_us.bundle",
			"rcid": ""
		},
		"UsePrefab": {
			"path": "",
			"rcid": ""
		},
		"StackObjectsCount": 1,
		"NotShownInSlot": false,
		"ExaminedByDefault": true,
		"ExamineTime": 1,
		"IsUndiscardable": false,
		"IsUnsaleable": false,
		"IsUnbuyable": false,
		"IsUngivable": false,
		"IsLockedafterEquip": false,
		"QuestItem": false,
		"LootExperience": 0,
		"ExamineExperience": 10,
		"HideEntrails": false,
		"RepairCost": 0,
		"RepairSpeed": 0,
		"ExtraSizeLeft": 0,
		"ExtraSizeRight": 0,
		"ExtraSizeUp": 0,
		"ExtraSizeDown": 0,
		"ExtraSizeForceAdd": false,
		"MergesWithChildren": false,
		"CanSellOnRagfair": true,
		"CanRequireOnRagfair": true,
		"BannedFromRagfair": false,
		"ConflictingItems": [],
		"FixedPrice": false,
		"Unlootable": false,
		"UnlootableFromSlot": "FirstPrimaryWeapon",
		"UnlootableFromSide": [],
		"ChangePriceCoef": 1,
		"AllowSpawnOnLocations": [],
		"SendToClient": false,
		"AnimationVariantsNumber": 0,
		"DiscardingBlock": false,
		"StackMinRandom": 3,
		"StackMaxRandom": 15,
		"ammoType": "bullet",
		"Damage": 435,
		"ammoAccr": 5,
		"ammoRec": -30,
		"ammoDist": 0,
		"buckshotBullets": 0,
		"PenetrationPower": 29,
		"PenetrationPowerDiviation": 0.22,
		"ammoHear": 0,
		"ammoSfx": "standart",
		"MisfireChance": 0.01,
		"MinFragmentsCount": 2,
		"MaxFragmentsCount": 3,
		"ammoShiftChance": 0,
		"casingName": "7.62x39 мм БП",
		"casingEjectPower": 0,
		"casingMass": 16.5,
		"casingSounds": "rifle556",
		"ProjectileCount": 1,
		"InitialSpeed": 300,
		"PenetrationChance": 0.52,
		"RicochetChance": 0.358,
		"FragmentationChance": 0.075,
		"BallisticCoeficient": 1,
		"Deterioration": 1,
		"SpeedRetardation": 0.000025,
		"Tracer": false,
		"TracerColor": "red",
		"TracerDistance": 0,
		"ArmorDamage": 82,
		"Caliber": "Caliber762x39",
		"StaminaBurnPerDamage": 0.5,
		"ShowBullet": false,
		"HasGrenaderComponent": false,
		"FuzeArmTimeSec": 0,
		"ExplosionStrength": 0,
		"MinExplosionDistance": 0,
		"MaxExplosionDistance": 0,
		"FragmentsCount": 0,
		"FragmentType": "5996f6d686f77467977ba6cc",
		"ShowHitEffectOnExplode": false,
		"ExplosionType": "",
		"AmmoLifeTimeSec": 5
	},
	"_proto": "56dff338d2720bbd668b4569"
}