{
	"Id": "Lootable_00007",
	"IsStatic": true,
	"useGravity": true,
	"randomRotation": false,
	"Position": {
		"x": 0,
		"y": 0,
		"z": 0
	},
	"Rotation": {
		"x": 0,
		"y": 0,
		"z": 0
	},
	"IsGroupPosition": false,
	"GroupPositions": [],
	"Root": "5ec3f44d35cb9040e335f818",
	"Items": [
		{
			"_id": "5ec3f44d35cb9040e335f818",
			"_tpl": "578f87a3245977356274f2cb"
		},
		{
			"_id": "5ec3f44d35cb9040e335f819",
			"_tpl": "590c595c86f7747884343ad7",
			"parentId": "5ec3f44d35cb9040e335f818",
			"slotId": "main",
			"location": {
				"x": 0,
				"y": 0,
				"r": 0
			}
		}
	]
}