{
	"Id": "Lootable_00007",
	"IsStatic": true,
	"useGravity": true,
	"randomRotation": false,
	"Position": {
		"x": 0,
		"y": 0,
		"z": 0
	},
	"Rotation": {
		"x": 0,
		"y": 0,
		"z": 0
	},
	"IsGroupPosition": false,
	"GroupPositions": [],
	"Root": "5ec3f47e4782e749ea3f85d3",
	"Items": [
		{
			"_id": "5ec3f47e4782e749ea3f85d3",
			"_tpl": "578f87a3245977356274f2cb"
		},
		{
			"_id": "5ec3f47e4782e749ea3f85d4",
			"_tpl": "573475fb24597737fb1379e1",
			"parentId": "5ec3f47e4782e749ea3f85d3",
			"slotId": "main",
			"location": {
				"x": 0,
				"y": 0,
				"r": 0
			}
		},
		{
			"_id": "5ec3f47e4782e749ea3f85d5",
			"_tpl": "57347c1124597737fb1379e3",
			"parentId": "5ec3f47e4782e749ea3f85d3",
			"slotId": "main",
			"location": {
				"x": 1,
				"y": 0,
				"r": 0
			}
		},
		{
			"_id": "5ec3f47e4782e749ea3f85d6",
			"_tpl": "5751a25924597722c463c472",
			"parentId": "5ec3f47e4782e749ea3f85d3",
			"slotId": "main",
			"location": {
				"x": 2,
				"y": 0,
				"r": 0
			}
		}
	]
}