{
	"Id": "Lootable_00005",
	"IsStatic": true,
	"useGravity": true,
	"randomRotation": false,
	"Position": {
		"x": 0,
		"y": 0,
		"z": 0
	},
	"Rotation": {
		"x": 0,
		"y": 0,
		"z": 0
	},
	"IsGroupPosition": false,
	"GroupPositions": [],
	"Root": "5ec3f452f1794b250e7957fc",
	"Items": [
		{
			"_id": "5ec3f452f1794b250e7957fc",
			"_tpl": "5909e4b686f7747f5b744fa4"
		},
		{
			"_id": "5ec3f452f1794b250e7957fd",
			"_tpl": "59f9cabd86f7743a10721f46",
			"parentId": "5ec3f452f1794b250e7957fc",
			"slotId": "main",
			"location": {
				"x": 0,
				"y": 0,
				"r": 0
			}
		},
		{
			"_id": "5ec3f452f1794b250e7957fe",
			"_tpl": "5998517986f7746017232f7e",
			"parentId": "5ec3f452f1794b250e7957fd",
			"slotId": "mod_pistol_grip"
		},
		{
			"_id": "5ec3f452f1794b250e7957ff",
			"_tpl": "599851db86f77467372f0a18",
			"parentId": "5ec3f452f1794b250e7957fd",
			"slotId": "mod_stock"
		},
		{
			"_id": "5ec3f452f1794b250e795800",
			"_tpl": "5998529a86f774647f44f421",
			"parentId": "5ec3f452f1794b250e7957fd",
			"slotId": "mod_magazine"
		},
		{
			"_id": "5ec3f452f1794b250e795806",
			"_tpl": "56d59d3ad2720bdb418b4577",
			"parentId": "5ec3f452f1794b250e795800",
			"slotId": "cartridges",
			"upd": {
				"StackObjectsCount": 3
			}
		},
		{
			"_id": "5ec3f452f1794b250e795801",
			"_tpl": "5998598e86f7740b3f498a86",
			"parentId": "5ec3f452f1794b250e7957fd",
			"slotId": "mod_muzzle"
		},
		{
			"_id": "5ec3f452f1794b250e795802",
			"_tpl": "59985a8086f77414ec448d1a",
			"parentId": "5ec3f452f1794b250e7957fd",
			"slotId": "mod_reciever"
		},
		{
			"_id": "5ec3f452f1794b250e795803",
			"_tpl": "599860e986f7743bb57573a6",
			"parentId": "5ec3f452f1794b250e7957fd",
			"slotId": "mod_sight_rear"
		},
		{
			"_id": "5ec3f452f1794b250e795804",
			"_tpl": "59ccd11386f77428f24a488f",
			"parentId": "5ec3f452f1794b250e7957fd",
			"slotId": "mod_gas_block"
		},
		{
			"_id": "5ec3f452f1794b250e795805",
			"_tpl": "5648b1504bdc2d9d488b4584",
			"parentId": "5ec3f452f1794b250e795804",
			"slotId": "mod_handguard"
		},
		{
			"_id": "5ec3f452f1794b250e795807",
			"_tpl": "56dfef82d2720bbd668b4567",
			"parentId": "5ec3f452f1794b250e7957fc",
			"slotId": "main",
			"location": {
				"x": 0,
				"y": 2,
				"r": 0
			},
			"upd": {
				"StackObjectsCount": 29
			}
		},
		{
			"_id": "5ec3f452f1794b250e795808",
			"_tpl": "57347d7224597744596b4e72",
			"parentId": "5ec3f452f1794b250e7957fc",
			"slotId": "main",
			"location": {
				"x": 1,
				"y": 2,
				"r": 0
			}
		},
		{
			"_id": "5ec3f452f1794b250e795809",
			"_tpl": "59e6542b86f77411dc52a77a",
			"parentId": "5ec3f452f1794b250e7957fc",
			"slotId": "main",
			"location": {
				"x": 2,
				"y": 2,
				"r": 0
			},
			"upd": {
				"StackObjectsCount": 30
			}
		},
		{
			"_id": "5ec3f452f1794b250e79580a",
			"_tpl": "57347b8b24597737dd42e192",
			"parentId": "5ec3f452f1794b250e7957fc",
			"slotId": "main",
			"location": {
				"x": 3,
				"y": 2,
				"r": 0
			}
		},
		{
			"_id": "5ec3f452f1794b250e79580b",
			"_tpl": "544fb62a4bdc2dfb738b4568",
			"parentId": "5ec3f452f1794b250e7957fc",
			"slotId": "main",
			"location": {
				"x": 0,
				"y": 3,
				"r": 1
			}
		},
		{
			"_id": "5ec3f452f1794b250e79580c",
			"_tpl": "5e2af02c86f7746d420957d4",
			"parentId": "5ec3f452f1794b250e7957fc",
			"slotId": "main",
			"location": {
				"x": 2,
				"y": 3,
				"r": 0
			}
		}
	]
}