{
	"Id": "Lootable_00005",
	"IsStatic": true,
	"useGravity": true,
	"randomRotation": false,
	"Position": {
		"x": 0,
		"y": 0,
		"z": 0
	},
	"Rotation": {
		"x": 0,
		"y": 0,
		"z": 0
	},
	"IsGroupPosition": false,
	"GroupPositions": [],
	"Root": "5ec3f47821ff7644ae6a355e",
	"Items": [
		{
			"_id": "5ec3f47821ff7644ae6a355e",
			"_tpl": "5909e4b686f7747f5b744fa4"
		},
		{
			"_id": "5ec3f47821ff7644ae6a355f",
			"_tpl": "5a26ac06c4a282000c5a90a8",
			"parentId": "5ec3f47821ff7644ae6a355e",
			"slotId": "main",
			"location": {
				"x": 0,
				"y": 0,
				"r": 0
			},
			"upd": {
				"StackObjectsCount": 11
			}
		},
		{
			"_id": "5ec3f47821ff7644ae6a3560",
			"_tpl": "56742c284bdc2d98058b456d",
			"parentId": "5ec3f47821ff7644ae6a355e",
			"slotId": "main",
			"location": {
				"x": 1,
				"y": 0,
				"r": 0
			}
		},
		{
			"_id": "5ec3f47821ff7644ae6a3561",
			"_tpl": "5449016a4bdc2d6f028b456f",
			"parentId": "5ec3f47821ff7644ae6a355e",
			"slotId": "main",
			"location": {
				"x": 2,
				"y": 0,
				"r": 0
			},
			"upd": {
				"StackObjectsCount": 996
			}
		}
	]
}