{
	"Id": "Lootable_00005",
	"IsStatic": true,
	"useGravity": true,
	"randomRotation": false,
	"Position": {
		"x": 0,
		"y": 0,
		"z": 0
	},
	"Rotation": {
		"x": 0,
		"y": 0,
		"z": 0
	},
	"IsGroupPosition": false,
	"GroupPositions": [],
	"Root": "5ec3f44d35cb9040e335f81b",
	"Items": [
		{
			"_id": "5ec3f44d35cb9040e335f81b",
			"_tpl": "5909e4b686f7747f5b744fa4"
		},
		{
			"_id": "5ec3f44d35cb9040e335f81c",
			"_tpl": "590c5d4b86f774784e1b9c45",
			"parentId": "5ec3f44d35cb9040e335f81b",
			"slotId": "main",
			"location": {
				"x": 0,
				"y": 0,
				"r": 0
			}
		},
		{
			"_id": "5ec3f44d35cb9040e335f81d",
			"_tpl": "590c595c86f7747884343ad7",
			"parentId": "5ec3f44d35cb9040e335f81b",
			"slotId": "main",
			"location": {
				"x": 1,
				"y": 0,
				"r": 0
			}
		}
	]
}