{
	"Id": "Lootable_00005",
	"IsStatic": true,
	"useGravity": true,
	"randomRotation": false,
	"Position": {
		"x": 0,
		"y": 0,
		"z": 0
	},
	"Rotation": {
		"x": 0,
		"y": 0,
		"z": 0
	},
	"IsGroupPosition": false,
	"GroupPositions": [],
	"Root": "5ec3f44121ff7644ae6a242a",
	"Items": [
		{
			"_id": "5ec3f44121ff7644ae6a242a",
			"_tpl": "5909e4b686f7747f5b744fa4"
		},
		{
			"_id": "5ec3f44121ff7644ae6a242b",
			"_tpl": "560d5e524bdc2d25448b4571",
			"parentId": "5ec3f44121ff7644ae6a242a",
			"slotId": "main",
			"location": {
				"x": 0,
				"y": 0,
				"r": 0
			},
			"upd": {
				"StackObjectsCount": 9
			}
		},
		{
			"_id": "5ec3f44121ff7644ae6a242c",
			"_tpl": "56dff4a2d2720bbd668b456a",
			"parentId": "5ec3f44121ff7644ae6a242a",
			"slotId": "main",
			"location": {
				"x": 1,
				"y": 0,
				"r": 0
			},
			"upd": {
				"StackObjectsCount": 45
			}
		}
	]
}