{
	"Enabled": true,
	"Locked": false,
	"Insurance": true,
	"SafeLocation": false,
	"Name": "Factory",
	"Description": "The industrial estate and facilities of the chemical plant No.16 that were rented out illegally to the TerraGroup company. ",
	"Scene": {
		"path": "maps/factory_day_preset.bundle",
		"rcid": "factory_day.scenespreset.asset"
	},
	"Area": 0.9,
	"RequiredPlayerLevel": 0,
	"surv_gather_minutes": 1,
	"MinPlayers": 4,
	"MaxPlayers": 6,
	"sav_gather_minutes": 1,
	"exit_count": 3,
	"exit_access_time": 60,
	"exit_time": 1,
	"Preview": {
		"path": "",
		"rcid": ""
	},
	"IconX": 318,
	"IconY": 359,
	"filter_ex": [],
	"waves": [],
	"limits": [],
	"AveragePlayTime": 15,
	"AveragePlayerLevel": 1,
	"escape_time_limit": 20,
	"Rules": "AvoidOwnPmc",
	"IsSecret": false,
	"doors": [],
	"tmp_location_field_remove_me": 0,
	"MinDistToExitPoint": 30,
	"MaxDistToFreePoint": 900,
	"MinDistToFreePoint": 10,
	"MaxBotPerZone": 6,
	"OpenZones": "BotZone",
	"OcculsionCullingEnabled": true,
	"GlobalLootChanceModifier": 1,
	"OldSpawn": true,
	"NewSpawn": false,
	"BotMax": 0,
	"BotStart": 0,
	"BotStop": 0,
	"BotMaxTimePlayer": 0,
	"BotSpawnTimeOnMin": 0,
	"BotSpawnTimeOnMax": 0,
	"BotSpawnTimeOffMin": 0,
	"BotSpawnTimeOffMax": 0,
	"BotMaxPlayer": 0,
	"BotEasy": 0,
	"BotNormal": 0,
	"BotHard": 0,
	"BotImpossible": 0,
	"BotAssault": 0,
	"BotMarksman": 0,
	"DisabledScavExits": "Cellars,Gate 0",
	"AccessKeys": [],
	"MinMaxBots": [],
	"BotLocationModifier": {
		"AccuracySpeed": 1.5,
		"Scattering": 1,
		"GainSight": 1,
		"MarksmanAccuratyCoef": 1,
		"VisibleDistance": 1,
		"DistToSleep": 150,
		"DistToActivate": 80,
		"MagnetPower": 15,
		"DistToPersueAxemanCoef": 0.6
	},
	"exits": [],
	"DisabledForScav": false,
	"Id": "factory4_day",
	"_Id": "55f2d3fd4bdc2d5f408b4567",
	"Loot": [],
	"SpawnAreas": [],
	"Banners": [
		{
			"id": "5464e0404bdc2d2a708b4567",
			"pic": {
				"path": "CONTENT/banners/banner_usec.jpg",
				"rcid": ""
			}
		},
		{
			"id": "5464e0454bdc2d06708b4567",
			"pic": {
				"path": "CONTENT/banners/banner_bear.jpg",
				"rcid": ""
			}
		},
		{
			"id": "5803a58524597710ca36fcb2",
			"pic": {
				"path": "CONTENT/banners/banner_terragroup.jpg",
				"rcid": ""
			}
		},
		{
			"id": "5807bfe124597742a92e0a4c",
			"pic": {
				"path": "CONTENT/banners/norvinskzone.jpg",
				"rcid": ""
			}
		},
		{
			"id": "5807c3f124597746bf2db2ce",
			"pic": {
				"path": "CONTENT/banners/banner_scav.jpg",
				"rcid": ""
			}
		},
		{
			"id": "5807be8924597742c603fa19",
			"pic": {
				"path": "CONTENT/banners/banner_tarkov.jpg",
				"rcid": ""
			}
		},
		{
			"id": "5805f617245977100b2c1f41",
			"pic": {
				"path": "CONTENT/banners/tglabs.jpg",
				"rcid": ""
			}
		},
		{
			"id": "5c1b857086f77465f465faa4",
			"pic": {
				"path": "CONTENT/banners/banner_scavraider.jpg",
				"rcid": ""
			}
		}
	],
	"BossLocationSpawn": []
}