{
	"_id": "5648a7494bdc2d9d488b4583",
	"_name": "notHeavy",
	"_parent": "5448e54d4bdc2dcc718b4568",
	"_type": "Item",
	"_props": {
		"Name": "PACA",
		"ShortName": "PACA",
		"Description": "PACA",
		"Weight": 7,
		"BackgroundColor": "blue",
		"Width": 3,
		"Height": 3,
		"StackMaxSize": 1,
		"Rarity": "Rare",
		"SpawnChance": 5,
		"CreditsPrice": 22839,
		"ItemSound": "gear_armor",
		"Prefab": {
			"path": "assets/content/items/equipment/armor_paca/item_equipment_armor_paca.bundle",
			"rcid": ""
		},
		"UsePrefab": {
			"path": "",
			"rcid": ""
		},
		"StackObjectsCount": 1,
		"NotShownInSlot": false,
		"ExaminedByDefault": true,
		"ExamineTime": 1,
		"IsUndiscardable": false,
		"IsUnsaleable": false,
		"IsUnbuyable": false,
		"IsUngivable": false,
		"IsLockedafterEquip": false,
		"QuestItem": false,
		"LootExperience": 20,
		"ExamineExperience": 2,
		"HideEntrails": false,
		"RepairCost": 100,
		"RepairSpeed": 8,
		"ExtraSizeLeft": 0,
		"ExtraSizeRight": 0,
		"ExtraSizeUp": 0,
		"ExtraSizeDown": 0,
		"ExtraSizeForceAdd": false,
		"MergesWithChildren": false,
		"CanSellOnRagfair": true,
		"CanRequireOnRagfair": true,
		"BannedFromRagfair": false,
		"ConflictingItems": [],
		"FixedPrice": false,
		"Unlootable": false,
		"UnlootableFromSlot": "FirstPrimaryWeapon",
		"UnlootableFromSide": [],
		"ChangePriceCoef": 1,
		"AllowSpawnOnLocations": [],
		"SendToClient": false,
		"AnimationVariantsNumber": 0,
		"DiscardingBlock": false,
		"Grids": [],
		"Slots": [],
		"CanPutIntoDuringTheRaid": true,
		"CantRemoveFromSlotsDuringRaid": [],
		"BlocksEarpiece": false,
		"BlocksEyewear": false,
		"BlocksHeadwear": false,
		"BlocksFaceCover": false,
		"Durability": 60,
		"MaxDurability": 60,
		"armorClass": "3",
		"speedPenaltyPercent": -6,
		"mousePenalty": -5,
		"weaponErgonomicPenalty": -6,
		"armorZone": [
			"Chest",
			"Stomach"
		],
		"Indestructibility": 1.0,
		"headSegments": [],
		"FaceShieldComponent": false,
		"FaceShieldMask": "NoMask",
		"HasHinge": false,
		"MaterialType": "BodyArmor",
		"RicochetParams": {
			"x": 0,
			"y": 0,
			"z": 80
		},
		"DeafStrength": "None",
		"BluntThroughput": 0.3,
		"ArmorMaterial": "Aramid"
	},
	"_proto": "545cdb794bdc2d3a198b456a"
}