{
	"name": "SexyTraders",
	"author": "AssAssIn",
	"license": "None",
	"version": "124r2.1.0",
	"dependencies": [],
	"res": {
		"trader": {
			"54cb50c76803fa8b248b4571": "res/trader/54cb50c76803fa8b248b4571.jpg",
			"54cb57776803fa99248b456e": "res/trader/54cb57776803fa99248b456e.jpg",
			"579dc571d53a0658a154fbec": "res/trader/579dc571d53a0658a154fbec.jpg",
			"58330581ace78e27b8b10cee": "res/trader/58330581ace78e27b8b10cee.jpg",
			"5935c25fb3acc3127c3d8cd9": "res/trader/5935c25fb3acc3127c3d8cd9.jpg",
			"5c0647fdd443bc2504c2d371": "res/trader/5c0647fdd443bc2504c2d371.jpg",
			"5ac3b934156ae10c4430e83c": "res/trader/5ac3b934156ae10c4430e83c.jpg",
			"5a7c2eca46aef81a7ca2145d": "res/trader/5a7c2eca46aef81a7ca2145d.jpg"
		}
	}
}