{
	"Id": "Lootable_00004",
	"IsStatic": true,
	"useGravity": true,
	"randomRotation": false,
	"Position": {
		"x": 0,
		"y": 0,
		"z": 0
	},
	"Rotation": {
		"x": 0,
		"y": 0,
		"z": 0
	},
	"IsGroupPosition": false,
	"GroupPositions": [],
	"Root": "5ec3f47721ff7644ae6a34e9",
	"Items": [
		{
			"_id": "5ec3f47721ff7644ae6a34e9",
			"_tpl": "578f8782245977354405a1e3"
		},
		{
			"_id": "5ec3f47721ff7644ae6a34ea",
			"_tpl": "5449016a4bdc2d6f028b456f",
			"parentId": "5ec3f47721ff7644ae6a34e9",
			"slotId": "main",
			"location": {
				"x": 0,
				"y": 0,
				"r": 0
			},
			"upd": {
				"StackObjectsCount": 710
			}
		},
		{
			"_id": "5ec3f47721ff7644ae6a34eb",
			"_tpl": "5448bd6b4bdc2dfc2f8b4569",
			"parentId": "5ec3f47721ff7644ae6a34e9",
			"slotId": "main",
			"location": {
				"x": 1,
				"y": 0,
				"r": 0
			}
		},
		{
			"_id": "5ec3f47721ff7644ae6a34ec",
			"_tpl": "5448c12b4bdc2d02308b456f",
			"parentId": "5ec3f47721ff7644ae6a34eb",
			"slotId": "mod_magazine"
		},
		{
			"_id": "5ec3f47721ff7644ae6a34ed",
			"_tpl": "573719762459775a626ccbc1",
			"parentId": "5ec3f47721ff7644ae6a34ec",
			"slotId": "cartridges",
			"upd": {
				"StackObjectsCount": 3
			}
		},
		{
			"_id": "5ec3f47721ff7644ae6a34ee",
			"_tpl": "5449016a4bdc2d6f028b456f",
			"parentId": "5ec3f47721ff7644ae6a34e9",
			"slotId": "main",
			"location": {
				"x": 0,
				"y": 1,
				"r": 0
			},
			"upd": {
				"StackObjectsCount": 935
			}
		},
		{
			"_id": "5ec3f47721ff7644ae6a34ef",
			"_tpl": "573478bc24597738002c6175",
			"parentId": "5ec3f47721ff7644ae6a34e9",
			"slotId": "main",
			"location": {
				"x": 1,
				"y": 1,
				"r": 0
			}
		}
	]
}