{
	"Id": "Lootable_00004",
	"IsStatic": true,
	"useGravity": true,
	"randomRotation": false,
	"Position": {
		"x": 0,
		"y": 0,
		"z": 0
	},
	"Rotation": {
		"x": 0,
		"y": 0,
		"z": 0
	},
	"IsGroupPosition": false,
	"GroupPositions": [],
	"Root": "5ec3f44021ff7644ae6a239c",
	"Items": [
		{
			"_id": "5ec3f44021ff7644ae6a239c",
			"_tpl": "578f8782245977354405a1e3"
		},
		{
			"_id": "5ec3f44021ff7644ae6a239d",
			"_tpl": "5696686a4bdc2da3298b456a",
			"parentId": "5ec3f44021ff7644ae6a239c",
			"slotId": "main",
			"location": {
				"x": 0,
				"y": 0,
				"r": 0
			},
			"upd": {
				"StackObjectsCount": 81
			}
		},
		{
			"_id": "5ec3f44021ff7644ae6a239e",
			"_tpl": "5449016a4bdc2d6f028b456f",
			"parentId": "5ec3f44021ff7644ae6a239c",
			"slotId": "main",
			"location": {
				"x": 1,
				"y": 0,
				"r": 0
			},
			"upd": {
				"StackObjectsCount": 762
			}
		},
		{
			"_id": "5ec3f44021ff7644ae6a239f",
			"_tpl": "5449016a4bdc2d6f028b456f",
			"parentId": "5ec3f44021ff7644ae6a239c",
			"slotId": "main",
			"location": {
				"x": 2,
				"y": 0,
				"r": 0
			},
			"upd": {
				"StackObjectsCount": 1126
			}
		},
		{
			"_id": "5ec3f44021ff7644ae6a23a0",
			"_tpl": "5449016a4bdc2d6f028b456f",
			"parentId": "5ec3f44021ff7644ae6a239c",
			"slotId": "main",
			"location": {
				"x": 0,
				"y": 1,
				"r": 0
			},
			"upd": {
				"StackObjectsCount": 1035
			}
		},
		{
			"_id": "5ec3f44021ff7644ae6a23a1",
			"_tpl": "5449016a4bdc2d6f028b456f",
			"parentId": "5ec3f44021ff7644ae6a239c",
			"slotId": "main",
			"location": {
				"x": 1,
				"y": 1,
				"r": 0
			},
			"upd": {
				"StackObjectsCount": 1047
			}
		}
	]
}