{
	"Id": "Lootable_00004",
	"IsStatic": true,
	"useGravity": true,
	"randomRotation": false,
	"Position": {
		"x": 0,
		"y": 0,
		"z": 0
	},
	"Rotation": {
		"x": 0,
		"y": 0,
		"z": 0
	},
	"IsGroupPosition": false,
	"GroupPositions": [],
	"Root": "5ec3f47e4782e749ea3f8531",
	"Items": [
		{
			"_id": "5ec3f47e4782e749ea3f8531",
			"_tpl": "578f8782245977354405a1e3"
		},
		{
			"_id": "5ec3f47e4782e749ea3f8532",
			"_tpl": "5449016a4bdc2d6f028b456f",
			"parentId": "5ec3f47e4782e749ea3f8531",
			"slotId": "main",
			"location": {
				"x": 0,
				"y": 0,
				"r": 0
			},
			"upd": {
				"StackObjectsCount": 594
			}
		},
		{
			"_id": "5ec3f47e4782e749ea3f8533",
			"_tpl": "5a17f98cfcdbcb0980087290",
			"parentId": "5ec3f47e4782e749ea3f8531",
			"slotId": "main",
			"location": {
				"x": 1,
				"y": 0,
				"r": 0
			}
		},
		{
			"_id": "5ec3f47e4782e749ea3f8534",
			"_tpl": "5a17fb03fcdbcbcae668728f",
			"parentId": "5ec3f47e4782e749ea3f8533",
			"slotId": "mod_magazine"
		},
		{
			"_id": "5ec3f47e4782e749ea3f8538",
			"_tpl": "573719762459775a626ccbc1",
			"parentId": "5ec3f47e4782e749ea3f8534",
			"slotId": "cartridges",
			"upd": {
				"StackObjectsCount": 8
			}
		},
		{
			"_id": "5ec3f47e4782e749ea3f8535",
			"_tpl": "5a17fc70fcdbcb0176308b3d",
			"parentId": "5ec3f47e4782e749ea3f8533",
			"slotId": "mod_pistol_grip"
		},
		{
			"_id": "5ec3f47e4782e749ea3f8536",
			"_tpl": "5aba62f8d8ce87001943946b",
			"parentId": "5ec3f47e4782e749ea3f8533",
			"slotId": "mod_sight_front"
		},
		{
			"_id": "5ec3f47e4782e749ea3f8537",
			"_tpl": "5aba637ad8ce87001773e17f",
			"parentId": "5ec3f47e4782e749ea3f8533",
			"slotId": "mod_sight_rear"
		},
		{
			"_id": "5ec3f47e4782e749ea3f8539",
			"_tpl": "5449016a4bdc2d6f028b456f",
			"parentId": "5ec3f47e4782e749ea3f8531",
			"slotId": "main",
			"location": {
				"x": 0,
				"y": 1,
				"r": 0
			},
			"upd": {
				"StackObjectsCount": 888
			}
		},
		{
			"_id": "5ec3f47e4782e749ea3f853a",
			"_tpl": "5449016a4bdc2d6f028b456f",
			"parentId": "5ec3f47e4782e749ea3f8531",
			"slotId": "main",
			"location": {
				"x": 1,
				"y": 1,
				"r": 0
			},
			"upd": {
				"StackObjectsCount": 868
			}
		},
		{
			"_id": "5ec3f47e4782e749ea3f853b",
			"_tpl": "5449016a4bdc2d6f028b456f",
			"parentId": "5ec3f47e4782e749ea3f8531",
			"slotId": "main",
			"location": {
				"x": 2,
				"y": 1,
				"r": 0
			},
			"upd": {
				"StackObjectsCount": 643
			}
		},
		{
			"_id": "5ec3f47e4782e749ea3f853c",
			"_tpl": "5449016a4bdc2d6f028b456f",
			"parentId": "5ec3f47e4782e749ea3f8531",
			"slotId": "main",
			"location": {
				"x": 0,
				"y": 2,
				"r": 0
			},
			"upd": {
				"StackObjectsCount": 1035
			}
		},
		{
			"_id": "5ec3f47e4782e749ea3f853d",
			"_tpl": "5449016a4bdc2d6f028b456f",
			"parentId": "5ec3f47e4782e749ea3f8531",
			"slotId": "main",
			"location": {
				"x": 1,
				"y": 2,
				"r": 0
			},
			"upd": {
				"StackObjectsCount": 819
			}
		}
	]
}