{
	"Id": "Lootable_00004",
	"IsStatic": true,
	"useGravity": true,
	"randomRotation": false,
	"Position": {
		"x": 0,
		"y": 0,
		"z": 0
	},
	"Rotation": {
		"x": 0,
		"y": 0,
		"z": 0
	},
	"IsGroupPosition": false,
	"GroupPositions": [],
	"Root": "5ec3f4474782e749ea3f7996",
	"Items": [
		{
			"_id": "5ec3f4474782e749ea3f7996",
			"_tpl": "578f8782245977354405a1e3"
		},
		{
			"_id": "5ec3f4474782e749ea3f7997",
			"_tpl": "5449016a4bdc2d6f028b456f",
			"parentId": "5ec3f4474782e749ea3f7996",
			"slotId": "main",
			"location": {
				"x": 0,
				"y": 0,
				"r": 0
			},
			"upd": {
				"StackObjectsCount": 1090
			}
		},
		{
			"_id": "5ec3f4474782e749ea3f7998",
			"_tpl": "56d59856d2720bd8418b456a",
			"parentId": "5ec3f4474782e749ea3f7996",
			"slotId": "main",
			"location": {
				"x": 1,
				"y": 0,
				"r": 0
			}
		},
		{
			"_id": "5ec3f4474782e749ea3f7999",
			"_tpl": "56d5a1f7d2720bb3418b456a",
			"parentId": "5ec3f4474782e749ea3f7998",
			"slotId": "mod_barrel"
		},
		{
			"_id": "5ec3f4474782e749ea3f799a",
			"_tpl": "56d5a2bbd2720bb8418b456a",
			"parentId": "5ec3f4474782e749ea3f7998",
			"slotId": "mod_pistol_grip"
		},
		{
			"_id": "5ec3f4474782e749ea3f799b",
			"_tpl": "56d5a407d2720bb3418b456b",
			"parentId": "5ec3f4474782e749ea3f7998",
			"slotId": "mod_reciever"
		},
		{
			"_id": "5ec3f4474782e749ea3f799d",
			"_tpl": "56d5a77ed2720b90418b4568",
			"parentId": "5ec3f4474782e749ea3f799b",
			"slotId": "mod_sight_rear"
		},
		{
			"_id": "5ec3f4474782e749ea3f799e",
			"_tpl": "56d5a661d2720bd8418b456b",
			"parentId": "5ec3f4474782e749ea3f799b",
			"slotId": "mod_sight_front"
		},
		{
			"_id": "5ec3f4474782e749ea3f799c",
			"_tpl": "56d59948d2720bb7418b4582",
			"parentId": "5ec3f4474782e749ea3f7998",
			"slotId": "mod_magazine"
		},
		{
			"_id": "5ec3f4474782e749ea3f799f",
			"_tpl": "56d59d3ad2720bdb418b4577",
			"parentId": "5ec3f4474782e749ea3f799c",
			"slotId": "cartridges",
			"upd": {
				"StackObjectsCount": 9
			}
		},
		{
			"_id": "5ec3f4474782e749ea3f79a0",
			"_tpl": "5449016a4bdc2d6f028b456f",
			"parentId": "5ec3f4474782e749ea3f7996",
			"slotId": "main",
			"location": {
				"x": 0,
				"y": 1,
				"r": 0
			},
			"upd": {
				"StackObjectsCount": 1111
			}
		},
		{
			"_id": "5ec3f4474782e749ea3f79a1",
			"_tpl": "573478bc24597738002c6175",
			"parentId": "5ec3f4474782e749ea3f7996",
			"slotId": "main",
			"location": {
				"x": 1,
				"y": 1,
				"r": 0
			}
		},
		{
			"_id": "5ec3f4474782e749ea3f79a2",
			"_tpl": "5449016a4bdc2d6f028b456f",
			"parentId": "5ec3f4474782e749ea3f7996",
			"slotId": "main",
			"location": {
				"x": 2,
				"y": 1,
				"r": 0
			},
			"upd": {
				"StackObjectsCount": 736
			}
		},
		{
			"_id": "5ec3f4474782e749ea3f79a3",
			"_tpl": "5449016a4bdc2d6f028b456f",
			"parentId": "5ec3f4474782e749ea3f7996",
			"slotId": "main",
			"location": {
				"x": 0,
				"y": 2,
				"r": 0
			},
			"upd": {
				"StackObjectsCount": 1075
			}
		},
		{
			"_id": "5ec3f4474782e749ea3f79a4",
			"_tpl": "5449016a4bdc2d6f028b456f",
			"parentId": "5ec3f4474782e749ea3f7996",
			"slotId": "main",
			"location": {
				"x": 2,
				"y": 2,
				"r": 0
			},
			"upd": {
				"StackObjectsCount": 673
			}
		}
	]
}