{
	"Id": "Loot 49 (5)504648",
	"IsStatic": false,
	"useGravity": true,
	"randomRotation": false,
	"Position": {
		"x": 572.908,
		"y": 1.644,
		"z": -52.758
	},
	"Rotation": {
		"x": -8.5377377e-7,
		"y": 86.75553,
		"z": 0
	},
	"IsGroupPosition": false,
	"GroupPositions": [],
	"Root": "5ec3f43c21ff7644ae6a211a",
	"Items": [
		{
			"_id": "5ec3f43c21ff7644ae6a211a",
			"_tpl": "5caf1109ae9215753c44119f"
		},
		{
			"_id": "5ec3f43c21ff7644ae6a211b",
			"_tpl": "5cadf6eeae921500134b2799",
			"parentId": "5ec3f43c21ff7644ae6a211a",
			"slotId": "cartridges",
			"upd": {
				"StackObjectsCount": 4
			}
		}
	]
}