{
	"Id": "Loot 158 (8)504976",
	"IsStatic": false,
	"useGravity": true,
	"randomRotation": false,
	"Position": {
		"x": 186.449,
		"y": 3.991,
		"z": 178.025
	},
	"Rotation": {
		"x": 0,
		"y": 271.068359,
		"z": 0
	},
	"IsGroupPosition": false,
	"GroupPositions": [],
	"Root": "5ec3f44a35cb9040e335f500",
	"Items": [
		{
			"_id": "5ec3f44a35cb9040e335f500",
			"_tpl": "5d1340bdd7ad1a0e8d245aab"
		},
		{
			"_id": "5ec3f44a35cb9040e335f501",
			"_tpl": "59e6906286f7746c9f75e847",
			"parentId": "5ec3f44a35cb9040e335f500",
			"slotId": "cartridges",
			"upd": {
				"StackObjectsCount": 17
			}
		}
	]
}