{
	"Id": "Loot 158 (8)504976",
	"IsStatic": false,
	"useGravity": true,
	"randomRotation": false,
	"Position": {
		"x": 186.449,
		"y": 3.991,
		"z": 178.025
	},
	"Rotation": {
		"x": 0,
		"y": 271.068359,
		"z": 0
	},
	"IsGroupPosition": false,
	"GroupPositions": [],
	"Root": "5ec3f47b4782e749ea3f8295",
	"Items": [
		{
			"_id": "5ec3f47b4782e749ea3f8295",
			"_tpl": "59fafc5086f7740dbe19f6c3"
		},
		{
			"_id": "5ec3f47b4782e749ea3f8296",
			"_tpl": "59e4d3d286f774176a36250a",
			"parentId": "5ec3f47b4782e749ea3f8295",
			"slotId": "cartridges",
			"upd": {
				"StackObjectsCount": 21
			}
		}
	]
}