{
	"_id": "56dff2ced2720bb4668b4567",
	"_name": "patron_545x39_PP",
	"_parent": "5485a8684bdc2da71d8b4567",
	"_type": "Item",
	"_props": {
		"Name": "patron_545x39_PP",
		"ShortName": "patron_545x39_PP",
		"Description": "patron_545x39_PP",
		"Weight": 0.01,
		"BackgroundColor": "yellow",
		"Width": 1,
		"Height": 1,
		"StackMaxSize": 60,
		"Rarity": "Common",
		"SpawnChance": 15,
		"CreditsPrice": 108,
		"ItemSound": "ammo_singleround",
		"Prefab": {
			"path": "assets/content/items/ammo/patrons/patron_545x39_pp.bundle",
			"rcid": ""
		},
		"UsePrefab": {
			"path": "",
			"rcid": ""
		},
		"StackObjectsCount": 1,
		"NotShownInSlot": false,
		"ExaminedByDefault": true,
		"ExamineTime": 1,
		"IsUndiscardable": false,
		"IsUnsaleable": false,
		"IsUnbuyable": false,
		"IsUngivable": false,
		"IsLockedafterEquip": false,
		"QuestItem": false,
		"LootExperience": 0,
		"ExamineExperience": 10,
		"HideEntrails": false,
		"RepairCost": 0,
		"RepairSpeed": 0,
		"ExtraSizeLeft": 0,
		"ExtraSizeRight": 0,
		"ExtraSizeUp": 0,
		"ExtraSizeDown": 0,
		"ExtraSizeForceAdd": false,
		"MergesWithChildren": false,
		"CanSellOnRagfair": true,
		"CanRequireOnRagfair": true,
		"BannedFromRagfair": false,
		"ConflictingItems": [],
		"FixedPrice": false,
		"Unlootable": false,
		"UnlootableFromSlot": "FirstPrimaryWeapon",
		"UnlootableFromSide": [],
		"ChangePriceCoef": 1,
		"AllowSpawnOnLocations": [],
		"SendToClient": false,
		"AnimationVariantsNumber": 0,
		"DiscardingBlock": false,
		"StackMinRandom": 20,
		"StackMaxRandom": 60,
		"ammoType": "bullet",
		"Damage": 146,
		"ammoAccr": 0,
		"ammoRec": 0,
		"ammoDist": 0,
		"buckshotBullets": 0,
		"PenetrationPower": 30,
		"PenetrationPowerDiviation": 0.5,
		"ammoHear": 0,
		"ammoSfx": "standart",
		"MisfireChance": 0.01,
		"MinFragmentsCount": 2,
		"MaxFragmentsCount": 3,
		"ammoShiftChance": 0,
		"casingName": "5.45x39 мм ПП",
		"casingEjectPower": 0,
		"casingMass": 0.0036,
		"casingSounds": "rifle556",
		"ProjectileCount": 1,
		"InitialSpeed": 890,
		"PenetrationChance": 0.66,
		"RicochetChance": 0.38,
		"FragmentationChance": 0.17,
		"BallisticCoeficient": 0.29,
		"Deterioration": 1,
		"SpeedRetardation": 0.000025,
		"Tracer": false,
		"TracerColor": "red",
		"TracerDistance": 0,
		"ArmorDamage": 32,
		"Caliber": "Caliber545x39",
		"StaminaBurnPerDamage": 0.5,
		"ShowBullet": false,
		"HasGrenaderComponent": false,
		"FuzeArmTimeSec": 0,
		"ExplosionStrength": 0,
		"MinExplosionDistance": 0,
		"MaxExplosionDistance": 0,
		"FragmentsCount": 0,
		"FragmentType": "5996f6d686f77467977ba6cc",
		"ShowHitEffectOnExplode": false,
		"ExplosionType": "",
		"AmmoLifeTimeSec": 5
	},
	"_proto": "56dff216d2720bbd668b4568"
}