{
	"Id": "Loot 158 (34)505044",
	"IsStatic": false,
	"useGravity": true,
	"randomRotation": false,
	"Position": {
		"x": 569.108,
		"y": 1.575,
		"z": -89.043
	},
	"Rotation": {
		"x": 2.66804268e-8,
		"y": 177.666946,
		"z": 0
	},
	"IsGroupPosition": false,
	"GroupPositions": [],
	"Root": "5ec3f4454782e749ea3f771d",
	"Items": [
		{
			"_id": "5ec3f4454782e749ea3f771d",
			"_tpl": "5a718f958dc32e00094b97e7"
		},
		{
			"_id": "5ec3f4454782e749ea3f771e",
			"_tpl": "5c0d56a986f774449d5de529",
			"parentId": "5ec3f4454782e749ea3f771d",
			"slotId": "cartridges",
			"upd": {
				"StackObjectsCount": 2
			}
		}
	]
}