{
    "Hydration": {
        "Current": 200,
        "Maximum": 200
    },
    "Energy": {
        "Current": 200,
        "Maximum": 200
    },
    "BodyParts": {
        "Head": {
            "Health": {
                "Current": 90,
                "Maximum": 90
            }
        },
        "Chest": {
            "Health": {
                "Current": 300,
                "Maximum": 300
            }
        },
        "Stomach": {
            "Health": {
                "Current": 240,
                "Maximum": 240
            }
        },
        "LeftArm": {
            "Health": {
                "Current": 400,
                "Maximum": 400
            }
        },
        "RightArm": {
            "Health": {
                "Current": 400,
                "Maximum": 400
            }
        },
        "LeftLeg": {
            "Health": {
                "Current": 220,
                "Maximum": 220
            }
        },
        "RightLeg": {
            "Health": {
                "Current": 220,
                "Maximum": 220
            }
        }
    }
}