{
	"name": "AR10",
	"author": "MacrossMX",
	"version": "1.0.0",
	"license": "None",
	"dependencies": {},
	"db": {
		"items": {
			"AR10":      "db/items/AR10.json",
			"5df8ce05b11454561e39243b": "db/items/5df8ce05b11454561e39243b.json"
		},
		"templates": {
			"items": {
				"AR10":      "db/templates/items/AR10.json",
				"5df8ce05b11454561e39243b": "db/templates/items/5df8ce05b11454561e39243b.json"
			}
		},
		"assort": {
			"ragfair": {
				"items": {
					"AR10":      "db/assort/ragfair/items/AR10.json",
					"5df8ce05b11454561e39243b": "db/assort/ragfair/items/5df8ce05b11454561e39243b.json"
				}
			}
		}
	}
}