{
	"_id": "5c10f94386f774227172c572",
	"traderId": "5ac3b934156ae10c4430e83c",
	"location": "5704e3c2d2720bac5b8b4567",
	"image": "/files/quest/icon/5b4787d086f7744d184ecb35.jpg",
	"type": "Completion",
	"isKey": false,
	"restartable": false,
	"min_level": 1,
	"canShowNotificationsInGame": true,
	"rewards": {
		"Started": [],
		"Success": [
			{
				"value": "21000",
				"id": "5c95122186f7745516178645",
				"type": "Experience",
				"index": 0
			},
			{
				"target": "5d34df2788a4504526796d28",
				"value": "75000",
				"id": "5c19225386f77401b247ff8f",
				"type": "Item",
				"index": 1,
				"items": [
					{
						"_id": "5d34df2788a4504526796d28",
						"_tpl": "5449016a4bdc2d6f028b456f",
						"upd": {
							"StackObjectsCount": 75000
						}
					}
				]
			},
			{
				"target": "5d34df2788a4504526796d29",
				"value": "2",
				"id": "5c1923f986f77401b3750a82",
				"type": "Item",
				"index": 2,
				"items": [
					{
						"_id": "5d34df2788a4504526796d29",
						"_tpl": "5c0e655586f774045612eeb2",
						"upd": {
							"StackObjectsCount": 2
						}
					}
				]
			},
			{
				"target": "5d34df2788a4504526796d2a",
				"value": "1",
				"id": "5c19241d86f77401b1301f39",
				"type": "Item",
				"index": 3,
				"items": [
					{
						"_id": "5d34df2788a4504526796d2a",
						"_tpl": "5c0e774286f77468413cc5b2",
						"upd": {
							"StackObjectsCount": 1
						}
					}
				]
			},
			{
				"target": "5ac3b934156ae10c4430e83c",
				"value": "0.09",
				"id": "5c19243786f77401b3750a84",
				"type": "TraderStanding",
				"index": 4
			}
		],
		"Fail": []
	},
	"conditions": {
		"AvailableForStart": [],
		"AvailableForFinish": [
			{
				"_parent": "PlaceBeacon",
				"_props": {
					"target": [
						"5991b51486f77447b112d44f"
					],
					"zoneId": "bar_fuel3_1",
					"value": "1",
					"plantTime": 30,
					"index": 0,
					"parentId": "",
					"id": "5c10f94386f774227172c574"
				}
			},
			{
				"_parent": "PlaceBeacon",
				"_props": {
					"target": [
						"5991b51486f77447b112d44f"
					],
					"zoneId": "bar_fuel3_2",
					"value": "1",
					"plantTime": 30,
					"index": 1,
					"parentId": "",
					"id": "5c10f94386f774227172c575"
				}
			},
			{
				"_parent": "PlaceBeacon",
				"_props": {
					"target": [
						"5991b51486f77447b112d44f"
					],
					"zoneId": "bar_fuel3_3",
					"value": "1",
					"plantTime": 30,
					"index": 2,
					"parentId": "",
					"id": "5c10f94386f774227172c576"
				}
			},
			{
				"_parent": "CounterCreator",
				"_props": {
					"value": "1",
					"type": "Completion",
					"counter": {
						"id": "5ae4531986f774177033c3e5",
						"conditions": [
							{
								"_parent": "ExitStatus",
								"_props": {
									"status": [
										"Survived"
									],
									"id": "5ae4531f86f77417eb43f0d8"
								}
							},
							{
								"_parent": "Location",
								"_props": {
									"target": [
										"Woods"
									],
									"id": "5ae4532486f77418215460fb"
								}
							}
						]
					},
					"index": 3,
					"parentId": "",
					"id": "5c10f94386f774227172c577",
					"visibilityConditions": []
				}
			}
		],
		"Fail": []
	}
}