{
	"_id": "5c112d7e86f7740d6f647486",
	"traderId": "5ac3b934156ae10c4430e83c",
	"location": "any",
	"image": "/files/quest/icon/5ae4a74386f7744748710d72.jpg",
	"type": "Skill",
	"isKey": false,
	"restartable": false,
	"min_level": 1,
	"canShowNotificationsInGame": true,
	"rewards": {
		"Started": [],
		"Success": [
			{
				"value": "15400",
				"id": "5c95124486f774551757f06f",
				"type": "Experience",
				"index": 0
			},
			{
				"target": "5d34df2788a4504526796d3c",
				"value": "65000",
				"id": "5c19265186f77401b247ff98",
				"type": "Item",
				"index": 1,
				"items": [
					{
						"_id": "5d34df2788a4504526796d3c",
						"_tpl": "5449016a4bdc2d6f028b456f",
						"upd": {
							"StackObjectsCount": 65000
						}
					}
				]
			},
			{
				"target": "5ac3b934156ae10c4430e83c",
				"value": "0.11",
				"id": "5c19282886f77457ce5995be",
				"type": "TraderStanding",
				"index": 2
			},
			{
				"target": "5d34df2788a4504526796d3d",
				"id": "5c192fb086f7747ce71bcbe0",
				"type": "AssortmentUnlock",
				"index": 3,
				"loyaltyLevel": 4,
				"traderId": "5ac3b934156ae10c4430e83c",
				"items": [
					{
						"_id": "5d34df2788a4504526796d3d",
						"_tpl": "5bffe7930db834001b734a39"
					}
				]
			}
		],
		"Fail": []
	},
	"conditions": {
		"AvailableForStart": [],
		"AvailableForFinish": [
			{
				"_parent": "Skill",
				"_props": {
					"target": "Search",
					"compareMethod": ">=",
					"value": "9",
					"index": 0,
					"parentId": "",
					"id": "5c112dc486f77465686bff38"
				}
			}
		],
		"Fail": []
	}
}