{
	"_id": "5e381b0286f77420e3417a74",
	"traderId": "5ac3b934156ae10c4430e83c",
	"location": "Any",
	"image": "/files/quest/icon/5e381b0286f77420e3417a74.jpg",
	"type": "PickUp",
	"isKey": false,
	"restartable": false,
	"min_level": 1,
	"canShowNotificationsInGame": true,
	"rewards": {
		"Started": [],
		"Success": [
			{
				"target": "5e0ac74b9d594972a112a816",
				"value": "100000",
				"type": "Item",
				"index": 0,
				"id": "5a2e7eb486f7740f8f54c493",
				"items": [
					{
						"_id": "5e0ac74b9d594972a112a816",
						"_tpl": "5449016a4bdc2d6f028b456f",
						"upd": {
							"StackObjectsCount": 100000
						}
					}
				]
			}
		],
		"Fail": []
	},
	"conditions": {
		"AvailableForStart": [],
		"AvailableForFinish": [
			{
				"_parent": "FindItem",
				"_props": {
					"target": [
						"5e2af4d286f7746d4159f07a"
					],
					"value": "5",
					"onlyFoundInRaid": true,
					"index": 0,
					"parentId": "",
					"id": "5e38261886f77429853af26c"
				}
			},
			{
				"_parent": "FindItem",
				"_props": {
					"target": [
						"5e2af4a786f7746d3f3c3400"
					],
					"value": "10",
					"onlyFoundInRaid": true,
					"index": 1,
					"parentId": "",
					"id": "5e382b6986f7741b72695045"
				}
			},
			{
				"_parent": "FindItem",
				"_props": {
					"target": [
						"5c12688486f77426843c7d32"
					],
					"value": "3",
					"onlyFoundInRaid": true,
					"index": 2,
					"parentId": "",
					"id": "5e382d6386f77429a01f82fb"
				}
			},
			{
				"_parent": "HandoverItem",
				"_props": {
					"target": [
						"5e2af4d286f7746d4159f07a"
					],
					"value": "5",
					"index": 3,
					"parentId": "",
					"id": "5e382fef86f7741e53790d40",
					"visibilityConditions": [
						{
							"_parent": "CompleteCondition",
							"_props": {
								"target": "5e38261886f77429853af26c",
								"id": "5e382fef86f7741e53790d40"
							}
						}
					]
				}
			},
			{
				"_parent": "HandoverItem",
				"_props": {
					"target": [
						"5e2af4a786f7746d3f3c3400"
					],
					"value": "10",
					"index": 4,
					"parentId": "",
					"id": "5e38356d86f7742993306cac",
					"visibilityConditions": [
						{
							"_parent": "CompleteCondition",
							"_props": {
								"target": "5e382b6986f7741b72695045",
								"id": "5e38356d86f7742993306cac"
							}
						}
					]
				}
			},
			{
				"_parent": "HandoverItem",
				"_props": {
					"target": [
						"5c12688486f77426843c7d32"
					],
					"value": "3",
					"index": 5,
					"parentId": "",
					"id": "5e3835e886f77429910d4465",
					"visibilityConditions": [
						{
							"_parent": "CompleteCondition",
							"_props": {
								"target": "5e382d6386f77429a01f82fb",
								"id": "5e3835e886f77429910d4465"
							}
						}
					]
				}
			}
		],
		"Fail": []
	}
}