{
	"Id": "Loot 158 (33)504958",
	"IsStatic": false,
	"useGravity": true,
	"randomRotation": false,
	"Position": {
		"x": 565.434,
		"y": 2.081,
		"z": -90.22
	},
	"Rotation": {
		"x": 2.66804268e-8,
		"y": 177.666946,
		"z": 0
	},
	"IsGroupPosition": false,
	"GroupPositions": [],
	"Root": "5ec3f47b4782e749ea3f8292",
	"Items": [
		{
			"_id": "5ec3f47b4782e749ea3f8292",
			"_tpl": "55d4887d4bdc2d962f8b4570"
		},
		{
			"_id": "5ec3f47b4782e749ea3f8293",
			"_tpl": "5c0d5ae286f7741e46554302",
			"parentId": "5ec3f47b4782e749ea3f8292",
			"slotId": "cartridges",
			"upd": {
				"StackObjectsCount": 5
			}
		}
	]
}