{
	"_id": "5e54f6af86f7742199090bf3",
	"_name": "item_barter_other_lupo",
	"_parent": "590c745b86f7743cc433c5f2",
	"_type": "Item",
	"_props": {
		"Name": "item_barter_other_airfilter",
		"ShortName": "item_barter_other_airfilter",
		"Description": "item_barter_other_airfilter",
		"Weight": 0.3,
		"BackgroundColor": "violet",
		"Width": 1,
		"Height": 1,
		"StackMaxSize": 1,
		"Rarity": "Superrare",
		"SpawnChance": 1,
		"CreditsPrice": 72000,
		"ItemSound": "item_plastic_generic",
		"Prefab": {
			"path": "assets/content/items/barter/item_barter_other_lupo/item_barter_other_lupo.bundle",
			"rcid": ""
		},
		"UsePrefab": {
			"path": "",
			"rcid": ""
		},
		"StackObjectsCount": 1,
		"NotShownInSlot": false,
		"ExaminedByDefault": false,
		"ExamineTime": 1,
		"IsUndiscardable": false,
		"IsUnsaleable": false,
		"IsUnbuyable": false,
		"IsUngivable": false,
		"IsLockedafterEquip": false,
		"QuestItem": false,
		"LootExperience": 20,
		"ExamineExperience": 10,
		"HideEntrails": false,
		"RepairCost": 0,
		"RepairSpeed": 0,
		"ExtraSizeLeft": 0,
		"ExtraSizeRight": 0,
		"ExtraSizeUp": 0,
		"ExtraSizeDown": 0,
		"ExtraSizeForceAdd": false,
		"MergesWithChildren": false,
		"CanSellOnRagfair": true,
		"CanRequireOnRagfair": true,
		"BannedFromRagfair": false,
		"ConflictingItems": [],
		"FixedPrice": false,
		"Unlootable": false,
		"UnlootableFromSlot": "FirstPrimaryWeapon",
		"UnlootableFromSide": [],
		"ChangePriceCoef": 1,
		"AllowSpawnOnLocations": [],
		"SendToClient": false,
		"AnimationVariantsNumber": 0,
		"DiscardingBlock": false,
		"MaxResource": 0,
		"Resource": 0,
		"DogTagQualities": false
	},
	"_proto": "573475fb24597737fb1379e1"
}