{
	"_id": "terragroupSpecialist_ssdDrive",
	"_name": "terragroupSpecialist_ssdDrive",
	"_parent": "5448ecbe4bdc2d60728b4568",
	"_type": "Item",
	"_props": {
		"Name": "SSD",
		"ShortName": "SSD",
		"Description": "SSD",
		"Weight": 0.4,
		"BackgroundColor": "red",
		"Width": 1,
		"Height": 1,
		"StackMaxSize": 1,
		"Rarity": "Rare",
		"SpawnChance": 11,
		"CreditsPrice": 135000,
		"ItemSound": "generic",
		"Prefab": {
			"path": "assets/content/items/barter/ssd/item_barter_electr_ssd.bundle",
			"rcid": ""
		},
		"UsePrefab": {
			"path": "",
			"rcid": ""
		},
		"StackObjectsCount": 1,
		"NotShownInSlot": false,
		"ExaminedByDefault": false,
		"ExamineTime": 1,
		"IsUndiscardable": false,
		"IsUnsaleable": false,
		"IsUnbuyable": false,
		"IsUngivable": false,
		"IsLockedafterEquip": false,
		"QuestItem": false,
		"LootExperience": 50,
		"ExamineExperience": 25,
		"HideEntrails": false,
		"RepairCost": 0,
		"RepairSpeed": 0,
		"ExtraSizeLeft": 0,
		"ExtraSizeRight": 0,
		"ExtraSizeUp": 0,
		"ExtraSizeDown": 0,
		"ExtraSizeForceAdd": false,
		"MergesWithChildren": false,
		"CanSellOnRagfair": true,
		"CanRequireOnRagfair": true,
		"BannedFromRagfair": false,
		"ConflictingItems": [],
		"FixedPrice": false,
		"Unlootable": false,
		"UnlootableFromSlot": "FirstPrimaryWeapon",
		"UnlootableFromSide": [],
		"ChangePriceCoef": 1,
		"AllowSpawnOnLocations": [],
		"SendToClient": false,
		"AnimationVariantsNumber": 0,
		"DiscardingBlock": false
	},
	"_proto": "56742c324bdc2d150f8b456d"
}