{
	"_id": "terragroupSpecialist_grendel_intelligence",
	"_name": "terragroupSpecialist_grendel_intelligence",
	"_parent": "5448ecbe4bdc2d60728b4568",
	"_type": "Item",
	"_props": {
		"Name": "terragroupSpecialist_grendel_intelligence",
		"ShortName": "terragroupSpecialist_grendel_intelligence",
		"Description": "terragroupSpecialist_grendel_intelligence",
		"Weight": 0.20,
		"BackgroundColor": "violet",
		"Width": 2,
		"Height": 1,
		"StackMaxSize": 1,
		"Rarity": "Superrare",
		"SpawnChance": 5,
		"CreditsPrice": 5000,
		"ItemSound": "item_book",
		"Prefab": {
			"path": "assets/content/items/infosubject/item_info_intelligence/item_info_intelligence.bundle",
			"rcid": ""
		},
		"UsePrefab": {
			"path": "",
			"rcid": ""
		},
		"StackObjectsCount": 1,
		"NotShownInSlot": false,
		"ExaminedByDefault": false,
		"ExamineTime": 1,
		"IsUndiscardable": false,
		"IsUnsaleable": false,
		"IsUnbuyable": false,
		"IsUngivable": false,
		"IsLockedafterEquip": false,
		"QuestItem": false,
		"LootExperience": 30,
		"ExamineExperience": 10,
		"HideEntrails": false,
		"RepairCost": 0,
		"RepairSpeed": 0,
		"ExtraSizeLeft": 0,
		"ExtraSizeRight": 0,
		"ExtraSizeUp": 0,
		"ExtraSizeDown": 0,
		"ExtraSizeForceAdd": false,
		"MergesWithChildren": false,
		"CanSellOnRagfair": true,
		"CanRequireOnRagfair": true,
		"BannedFromRagfair": false,
		"ConflictingItems": [],
		"FixedPrice": false,
		"Unlootable": false,
		"UnlootableFromSlot": "FirstPrimaryWeapon",
		"UnlootableFromSide": [],
		"ChangePriceCoef": 1,
		"AllowSpawnOnLocations": [
			"laboratory"
		],
		"SendToClient": false,
		"AnimationVariantsNumber": 0,
		"DiscardingBlock": false
	},
	"_proto": "56742c324bdc2d150f8b456d"
}