{
	"_id": "56d59d3ad2720bdb418b4577",
	"_name": "patron_9x19_PST_gzh",
	"_parent": "5485a8684bdc2da71d8b4567",
	"_type": "Item",
	"_props": {
		"Name": "patron_9x19_PST_gzh",
		"ShortName": "patron_9x19_PST_gzh",
		"Description": "patron_9x19_PST_gzh",
		"Weight": 0.005,
		"BackgroundColor": "red",
		"Width": 1,
		"Height": 1,
		"StackMaxSize": 400,
		"Rarity": "Not_exist",
		"SpawnChance": 50,
		"CreditsPrice": 62,
		"ItemSound": "ammo_singleround",
		"Prefab": {
			"path": "assets/content/items/ammo/patrons/patron_9x19.bundle",
			"rcid": ""
		},
		"UsePrefab": {
			"path": "",
			"rcid": ""
		},
		"StackObjectsCount": 1,
		"NotShownInSlot": false,
		"ExaminedByDefault": true,
		"ExamineTime": 1,
		"IsUndiscardable": false,
		"IsUnsaleable": false,
		"IsUnbuyable": false,
		"IsUngivable": false,
		"IsLockedafterEquip": false,
		"QuestItem": false,
		"LootExperience": 0,
		"ExamineExperience": 10,
		"HideEntrails": false,
		"RepairCost": 0,
		"RepairSpeed": 0,
		"ExtraSizeLeft": 0,
		"ExtraSizeRight": 0,
		"ExtraSizeUp": 0,
		"ExtraSizeDown": 0,
		"ExtraSizeForceAdd": false,
		"MergesWithChildren": false,
		"CanSellOnRagfair": true,
		"CanRequireOnRagfair": true,
		"BannedFromRagfair": false,
		"ConflictingItems": [],
		"FixedPrice": false,
		"Unlootable": false,
		"UnlootableFromSlot": "FirstPrimaryWeapon",
		"UnlootableFromSide": [],
		"ChangePriceCoef": 1,
		"AllowSpawnOnLocations": [],
		"SendToClient": false,
		"AnimationVariantsNumber": 0,
		"DiscardingBlock": false,
		"StackMinRandom": 3,
		"StackMaxRandom": 10,
		"ammoType": "bullet",
		"Damage": 54,
		"ammoAccr": 0,
		"ammoRec": 0,
		"ammoDist": 0,
		"buckshotBullets": 0,
		"PenetrationPower": 18,
		"PenetrationPowerDiviation": 0.8,
		"ammoHear": 0,
		"ammoSfx": "standart",
		"MisfireChance": 0.03,
		"MinFragmentsCount": 1,
		"MaxFragmentsCount": 3,
		"ammoShiftChance": 0,
		"casingName": "9x18 мм ПМ ПС гс ППО",
		"casingEjectPower": 1,
		"casingMass": 10,
		"casingSounds": "pistol_small",
		"ProjectileCount": 1,
		"InitialSpeed": 457,
		"PenetrationChance": 0.2,
		"RicochetChance": 0.05,
		"FragmentationChance": 0.15,
		"BallisticCoeficient": 1,
		"Deterioration": 1,
		"SpeedRetardation": 0.0001,
		"Tracer": false,
		"TracerColor": "red",
		"TracerDistance": 0,
		"ArmorDamage": 33,
		"Caliber": "Caliber9x19PARA",
		"StaminaBurnPerDamage": 0.5,
		"ShowBullet": false,
		"HasGrenaderComponent": false,
		"FuzeArmTimeSec": 0,
		"ExplosionStrength": 0,
		"MinExplosionDistance": 0,
		"MaxExplosionDistance": 0,
		"FragmentsCount": 0,
		"FragmentType": "5996f6d686f77467977ba6cc",
		"ShowHitEffectOnExplode": false,
		"ExplosionType": "",
		"AmmoLifeTimeSec": 5
	},
	"_proto": "54527c774bdc2d3f668b4568"
}