{
	"_id": "579dc571d53a0658a154fbec",
	"working": false,
	"customization_seller": false,
	"name": "<Настоящее имя неизвестно>",
	"surname": "",
	"nickname": "",
	"location": "unknown",
	"avatar": "/files/trader/avatar/579dc571d53a0658a154fbec.jpg",
	"balance_rub": 500000,
	"balance_dol": 0,
	"balance_eur": 0,
	"display": false,
	"discount": 0,
	"discount_end": 0,
	"buyer_up": false,
	"currency": "RUB",
	"supply_next_time": 1587670111,
	"repair": {
		"availability": false,
		"quality": "2",
		"excluded_id_list": [],
		"excluded_category": [],
		"currency": "5449016a4bdc2d6f028b456f",
		"currency_coefficient": 1,
		"price_rate": 0
	},
	"insurance": {
		"availability": false,
		"min_payment": 0,
		"min_return_hour": 0,
		"max_return_hour": 0,
		"max_storage_time": 24,
		"excluded_category": []
	},
	"gridHeight": 120,
	"loyalty": {
		"currentLevel": 1,
		"currentStanding": 0,
		"currentSalesSum": 0,
		"loyaltyLevels": {
			"0": {
				"minLevel": 1,
				"minSalesSum": 0,
				"minStanding": 0
			}
		}
	},
	"sell_category": []
}