{
    "Hydration": {
        "Current": 170,
        "Maximum": 170
    },
    "Energy": {
        "Current": 170,
        "Maximum": 170
    },
    "BodyParts": {
        "Head": {
            "Health": {
                "Current": 64,
                "Maximum": 64
            }
        },
        "Chest": {
            "Health": {
                "Current": 136,
                "Maximum": 136
            }
        },
        "Stomach": {
            "Health": {
                "Current": 119,
                "Maximum": 119
            }
        },
        "LeftArm": {
            "Health": {
                "Current": 102,
                "Maximum": 102
            }
        },
        "RightArm": {
            "Health": {
                "Current": 102,
                "Maximum": 102
            }
        },
        "LeftLeg": {
            "Health": {
                "Current": 110,
                "Maximum": 110
            }
        },
        "RightLeg": {
            "Health": {
                "Current": 110,
                "Maximum": 110
            }
        }
    }
}