{
	"Id": "Loot 135 (9)503248",
	"IsStatic": false,
	"useGravity": true,
	"randomRotation": true,
	"Position": {
		"x": 184.517,
		"y": 6.351,
		"z": 182.945
	},
	"Rotation": {
		"x": 0,
		"y": 269.8601,
		"z": 0
	},
	"IsGroupPosition": false,
	"GroupPositions": [],
	"Root": "5ec3f4454782e749ea3f7705",
	"Items": [
		{
			"_id": "5ec3f4454782e749ea3f7705",
			"_tpl": "59984ab886f7743e98271174"
		},
		{
			"_id": "5ec3f4454782e749ea3f7706",
			"_tpl": "5998517986f7746017232f7e",
			"parentId": "5ec3f4454782e749ea3f7705",
			"slotId": "mod_pistol_grip"
		},
		{
			"_id": "5ec3f4454782e749ea3f7707",
			"_tpl": "599851db86f77467372f0a18",
			"parentId": "5ec3f4454782e749ea3f7705",
			"slotId": "mod_stock"
		},
		{
			"_id": "5ec3f4454782e749ea3f7708",
			"_tpl": "599860ac86f77436b225ed1a",
			"parentId": "5ec3f4454782e749ea3f7705",
			"slotId": "mod_magazine"
		},
		{
			"_id": "5ec3f4454782e749ea3f770e",
			"_tpl": "56d59d3ad2720bdb418b4577",
			"parentId": "5ec3f4454782e749ea3f7708",
			"slotId": "cartridges",
			"upd": {
				"StackObjectsCount": 26
			}
		},
		{
			"_id": "5ec3f4454782e749ea3f7709",
			"_tpl": "5998597786f77414ea6da093",
			"parentId": "5ec3f4454782e749ea3f7705",
			"slotId": "mod_muzzle"
		},
		{
			"_id": "5ec3f4454782e749ea3f770a",
			"_tpl": "59985a8086f77414ec448d1a",
			"parentId": "5ec3f4454782e749ea3f7705",
			"slotId": "mod_reciever"
		},
		{
			"_id": "5ec3f4454782e749ea3f770b",
			"_tpl": "599860e986f7743bb57573a6",
			"parentId": "5ec3f4454782e749ea3f7705",
			"slotId": "mod_sight_rear"
		},
		{
			"_id": "5ec3f4454782e749ea3f770c",
			"_tpl": "59ccd11386f77428f24a488f",
			"parentId": "5ec3f4454782e749ea3f7705",
			"slotId": "mod_gas_block"
		},
		{
			"_id": "5ec3f4454782e749ea3f770d",
			"_tpl": "5648b1504bdc2d9d488b4584",
			"parentId": "5ec3f4454782e749ea3f770c",
			"slotId": "mod_handguard"
		}
	]
}