{
	"Id": "Loot 135 (9)503248",
	"IsStatic": false,
	"useGravity": true,
	"randomRotation": true,
	"Position": {
		"x": 184.517,
		"y": 6.351,
		"z": 182.945
	},
	"Rotation": {
		"x": 0,
		"y": 269.8601,
		"z": 0
	},
	"IsGroupPosition": false,
	"GroupPositions": [],
	"Root": "5ec3f44ff1794b250e7954c2",
	"Items": [
		{
			"_id": "5ec3f44ff1794b250e7954c2",
			"_tpl": "5926bb2186f7744b1c6c6e60"
		},
		{
			"_id": "5ec3f44ff1794b250e7954c3",
			"_tpl": "5926c3b286f774640d189b6b",
			"parentId": "5ec3f44ff1794b250e7954c2",
			"slotId": "mod_magazine"
		},
		{
			"_id": "5ec3f44ff1794b250e7954c4",
			"_tpl": "58864a4f2459770fcc257101",
			"parentId": "5ec3f44ff1794b250e7954c3",
			"slotId": "cartridges",
			"upd": {
				"StackObjectsCount": 30
			}
		},
		{
			"_id": "5ec3f44ff1794b250e7954c5",
			"_tpl": "5926c0df86f77462f647f764",
			"parentId": "5ec3f44ff1794b250e7954c2",
			"slotId": "mod_reciever"
		},
		{
			"_id": "5ec3f44ff1794b250e7954c6",
			"_tpl": "5926c36d86f77467a92a8629",
			"parentId": "5ec3f44ff1794b250e7954c5",
			"slotId": "mod_handguard"
		},
		{
			"_id": "5ec3f44ff1794b250e7954c7",
			"_tpl": "5926d2be86f774134d668e4e",
			"parentId": "5ec3f44ff1794b250e7954c5",
			"slotId": "mod_sight_rear"
		},
		{
			"_id": "5ec3f44ff1794b250e7954c8",
			"_tpl": "5926d3c686f77410de68ebc8",
			"parentId": "5ec3f44ff1794b250e7954c5",
			"slotId": "mod_stock"
		},
		{
			"_id": "5ec3f44ff1794b250e7954c9",
			"_tpl": "5926e16e86f7742f5a0f7ecb",
			"parentId": "5ec3f44ff1794b250e7954c5",
			"slotId": "mod_muzzle"
		},
		{
			"_id": "5ec3f44ff1794b250e7954ca",
			"_tpl": "5926c32286f774616e42de99",
			"parentId": "5ec3f44ff1794b250e7954c2",
			"slotId": "mod_charge"
		}
	]
}