{
	"_id": "fourthQuest_terragroupSpecialist",
	"traderId": "TerraGroup_Specialist",
	"location": "Laboratory",
	"image": "/files/quest/icon/fourthQuest_terragroupSpecialist.png",
	"type": "PickUp",
	"isKey": false,
	"restartable": false,
	"min_level": 0,
	"canShowNotificationsInGame": true,
	"rewards": {
		"Started": [],
		"Success": [
			{
				"value": "45500",
				"id": "ExperienceID",
				"type": "Experience",
				"index": 0
			},
			{
				"target": "TerraGroup_Specialist",
				"value": "0.07",
				"id": "fourthQuest_terragroupSpecialist_secondReward",
				"type": "TraderStanding",
				"index": 1
			},
			{
				"target": "fourthQuest_terragroupSpecialist_fourthReward_id",
				"value": "2000",
				"id": "fourthQuest_terragroupSpecialist_fourthReward",
				"type": "Item",
				"index": 2,
				"items": [
					{
						"_id": "fourthQuest_terragroupSpecialist_fourthReward_id",
						"_tpl": "569668774bdc2da2298b4568",
						"upd": {
							"StackObjectsCount": 2000
						}
					}
				]
			}
		],
		"Fail": []
	},
	"conditions": {
		"AvailableForStart": [
			{
				"_parent": "Level",
				"_props": {
					"compareMethod": ">=",
					"value": "54",
					"index": 0,
					"parentId": "",
					"id": "fourthQuest_terragroupSpecialist_levelRequir"
				}
			},
			{
				"_parent": "Quest",
				"_props": {
					"target": "thirdQuest_terragroupSpecialist",
					"status": [4],
					"index": 1,
					"parentId": "",
					"id": ""
				}
			}
		],
		"AvailableForFinish": [
			{
				"_parent": "FindItem",
				"_props": {
					"target": [
						"terragroupSpecialist_chemical"
					],
					"value": "1",
					"minDurability": 0,
					"maxDurability": 0,
					"dogtagLevel": 0,
					"onlyFoundInRaid": true,
					"index": 0,
					"parentId": "",
					"id": "fourthQuest_terragroupSpecialist_FirstRequir1"
				}
			},
			{
				"_parent": "HandoverItem",
				"_props": {
					"target": [
						"terragroupSpecialist_chemical"
					],
					"value": "1",
					"index": 1,
					"parentId": "",
					"id": "fourthQuest_terragroupSpecialist_FirstRequir2",
					"visibilityConditions": [
						{
							"_parent": "CompleteCondition",
							"_props": {
								"target": "fourthQuest_terragroupSpecialist_FirstRequir1",
								"id": "fourthQuest_terragroupSpecialist_condition1"
							}
						},
						{
							"_parent": "CompleteCondition",
							"_props": {
								"target": "fourthQuest_terragroupSpecialist_FirstRequir3",
								"id": "fourthQuest_terragroupSpecialist_condition2"
							}
						}
					],
					"minDurability": 0,
					"maxDurability": 0,
					"dogtagLevel": 0,
					"onlyFoundInRaid": true
				}
			},
			{
				"_parent": "CounterCreator",
				"_props": {
					"value": "1",
					"type": "Completion",
					"counter": {
						"id": "fourthQuest_terragroupSpecialist_counter",
						"conditions": [
							{
								"_parent": "Location",
								"_props": {
									"target": [
										"laboratory"
									],
									"id": "fourthQuest_terragroupSpecialist_location"
								}
							},
							{
								"_parent": "ExitStatus",
								"_props": {
									"status": [
										"Survived"
									],
									"id": "fourthQuest_terragroupSpecialist_exitStatus"
								}
							},
							{
								"_parent": "Equipment",
								"_props": {
									"equipmentInclusive": [
										[
											"5b432c305acfc40019478128"
										]
									],
									"id": "fourthQuest_terragroupSpecialist_equipmentCondition"
								}
							}
						]
					},
					"index": 2,
					"parentId": "",
					"id": "fourthQuest_terragroupSpecialist_FirstRequir3"
				}
			}
		],
		"Fail": []
	}
}