{
	"_id": "secondQuest_terragroupSpecialist",
	"traderId": "TerraGroup_Specialist",
	"location": "Laboratory",
	"image": "/files/quest/icon/secondQuest_terragroupSpecialist.png",
	"type": "Exploration",
	"isKey": false,
	"restartable": false,
	"min_level": 0,
	"canShowNotificationsInGame": true,
	"rewards": {
		"Started": [],
		"Success": [
			{
				"value": "65000",
				"id": "ExperienceID",
				"type": "Experience",
				"index": 0
			},
			{
				"target": "TerraGroup_Specialist",
				"value": "0.05",
				"id": "secondQuest_terragroupSpecialist_secondReward",
				"type": "TraderStanding",
				"index": 1
			}
		],
		"Fail": []
	},
	"conditions": {
		"AvailableForStart": [
			{
				"_parent": "Level",
				"_props": {
					"compareMethod": ">=",
					"value": "50",
					"index": 0,
					"parentId": "",
					"id": "secondQuest_terragroupSpecialist_levelRequir"
				}
			},
			{
				"_parent": "Quest",
				"_props": {
					"target": "firstQuest_terragroupSpecialist",
					"status": [4],
					"index": 1,
					"parentId": "",
					"id": "secondtQuest_terragroupSpecialist_questRequir"
				}
			}
		],
		"AvailableForFinish": [
			{
				"_parent": "CounterCreator",
				"_props": {
					"value": "3",
					"type": "Completion",
					"counter": {
						"id": "secondQuest_terragroupSpecialist_counter",
						"conditions": [
							{
								"_parent": "Location",
								"_props": {
									"target": [
										"laboratory"
									],
									"id": "secondQuest_terragroupSpecialist_location"
								}
							},
							{
								"_parent": "ExitStatus",
								"_props": {
									"status": [
										"Survived"
									],
									"id": "secondQuest_terragroupSpecialist_exitStatus"
								}
							}
						]
					},
					"index": 0,
					"parentId": "",
					"id": "secondQuest_terragroupSpecialist_FirstRequir"
				}
			}
		],
		"Fail": [
			{
				"_parent": "CounterCreator",
				"_props": {
					"value": "1",
					"type": "Exploration",
					"counter": {
						"id": "5c0d4f46d09282029f539215",
						"conditions": [
							{
								"_parent": "ExitStatus",
								"_props": {
									"status": [
										"Killed",
										"Left",
										"MissingInAction"
									],
									"id": "5c13990686f7743b056e2aab"
								}
							},
							{
								"_parent": "Location",
								"_props": {
									"target": [
										"laboratory"
									],
									"id": "5c13992486f774365a69cc4e"
								}
							}
						]
					},
					"index": 0,
					"parentId": "",
					"id": "5c0d4f46d09282029f539216"
				}
			}
		]
	}
}