{
	"_id": "seventhQuest_terragroupSpecialist",
	"traderId": "TerraGroup_Specialist",
	"location": "Laboratory",
	"image": "/files/quest/icon/seventhQuest_terragroupSpecialist.png",
	"type": "PickUp",
	"isKey": false,
	"restartable": false,
	"min_level": 0,
	"canShowNotificationsInGame": true,
	"rewards": {
		"Started": [],
		"Success": [
			{
				"value": "45000",
				"id": "ExperienceID",
				"type": "Experience",
				"index": 0
			},
			{
				"target": "TerraGroup_Specialist",
				"value": "0.03",
				"id": "seventhQuest_terragroupSpecialist_secondReward",
				"type": "TraderStanding",
				"index": 1
			},
			{
				"target": "seventhQuest_terragroupSpecialist_seventhReward_id",
				"value": "1500",
				"id": "seventhQuest_terragroupSpecialist_seventhReward",
				"type": "Item",
				"index": 2,
				"items": [
					{
						"_id": "seventhQuest_terragroupSpecialist_seventhReward_id",
						"_tpl": "569668774bdc2da2298b4568",
						"upd": {
							"StackObjectsCount": 1500
						}
					}
				]
			}
		],
		"Fail": []
	},
	"conditions": {
		"AvailableForStart": [
			{
				"_parent": "Level",
				"_props": {
					"compareMethod": ">=",
					"value": "54",
					"index": 0,
					"parentId": "",
					"id": "seventhQuest_terragroupSpecialist_levelRequir"
				}
			},
			{
				"_parent": "Quest",
				"_props": {
					"target": "sixthQuest_terragroupSpecialist",
					"status": [4],
					"index": 1,
					"parentId": "",
					"id": ""
				}
			}
		],
		"AvailableForFinish": [
			{
				"_parent": "FindItem",
				"_props": {
					"target": [
						"terragroupSpecialist_65x39mm_grendel_prototype"
					],
					"value": "1",
					"minDurability": 0,
					"index": 0,
					"parentId": "",
					"id": "seventhQuest_terragroupSpecialist_FindItem"
				}
			},
			{
				"_parent": "HandoverItem",
				"_props": {
					"target": [
						"terragroupSpecialist_65x39mm_grendel_prototype"
					],
					"value": "1",
					"minDurability": 0,
					"index": 1,
					"parentId": "",
					"id": "seventhQuest_terragroupSpecialist_Handover",
					"visibilityConditions": [
						{
							"_parent": "CompleteCondition",
							"_props": {
								"target": "seventhQuest_terragroupSpecialist_FindItem",
								"id": "seventhQuest_terragroupSpecialist_condition1"
							}
						}
					]
				}
			},
			{
				"_parent": "CounterCreator",
				"_props": {
					"value": "1",
					"type": "Completion",
					"counter": {
						"id": "seventhQuest_terragroupSpecialist_counter",
						"conditions": [
							{
								"_parent": "Location",
								"_props": {
									"target": [
										"laboratory"
									],
									"id": "seventhQuest_terragroupSpecialist_location"
								}
							},
							{
								"_parent": "ExitStatus",
								"_props": {
									"status": [
										"Survived"
									],
									"id": "seventhQuest_terragroupSpecialist_exitStatus"
								}
							}
						]
					},
					"index": 2,
					"parentId": "",
					"id": "seventhQuest_terragroupSpecialist_seventhRequir1"
				}
			}
		],
		"Fail": []
	}
}