{
	"Id": "GunsafeSpawn 3_2(Clone)505876",
	"IsStatic": false,
	"useGravity": false,
	"randomRotation": false,
	"Position": {
		"x": 171.167252,
		"y": 2.88559961,
		"z": 149.097244
	},
	"Rotation": {
		"x": 270,
		"y": 9.505042,
		"z": 0
	},
	"IsGroupPosition": false,
	"GroupPositions": [],
	"Root": "5ec3f47b4782e749ea3f8267",
	"Items": [
		{
			"_id": "5ec3f47b4782e749ea3f8267",
			"_tpl": "54491c4f4bdc2db1078b4568"
		},
		{
			"_id": "5ec3f47b4782e749ea3f8268",
			"_tpl": "55d4491a4bdc2d882f8b456e",
			"parentId": "5ec3f47b4782e749ea3f8267",
			"slotId": "mod_barrel"
		},
		{
			"_id": "5ec3f47b4782e749ea3f8269",
			"_tpl": "55d45d3f4bdc2d972f8b456c",
			"parentId": "5ec3f47b4782e749ea3f8267",
			"slotId": "mod_handguard"
		},
		{
			"_id": "5ec3f47b4782e749ea3f826a",
			"_tpl": "55d484b44bdc2d1d4e8b456d",
			"parentId": "5ec3f47b4782e749ea3f8267",
			"slotId": "mod_magazine"
		},
		{
			"_id": "5ec3f47b4782e749ea3f826c",
			"_tpl": "560d5e524bdc2d25448b4571",
			"parentId": "5ec3f47b4782e749ea3f826a",
			"slotId": "cartridges",
			"upd": {
				"StackObjectsCount": 4
			}
		},
		{
			"_id": "5ec3f47b4782e749ea3f826b",
			"_tpl": "56083cba4bdc2de22e8b456f",
			"parentId": "5ec3f47b4782e749ea3f8267",
			"slotId": "mod_stock"
		}
	]
}