{
	"Id": "GunsafeSpawn 3_2(Clone)505876",
	"IsStatic": false,
	"useGravity": false,
	"randomRotation": false,
	"Position": {
		"x": 171.167252,
		"y": 2.88559961,
		"z": 149.097244
	},
	"Rotation": {
		"x": 270,
		"y": 9.505042,
		"z": 0
	},
	"IsGroupPosition": false,
	"GroupPositions": [],
	"Root": "5ec3f44a35cb9040e335f4b7",
	"Items": [
		{
			"_id": "5ec3f44a35cb9040e335f4b7",
			"_tpl": "5de652c31b7e3716273428be",
			"upd": {
				"FireMode": {
					"FireMode": "single"
				}
			}
		},
		{
			"_id": "5ec3f44a35cb9040e335f4b8",
			"_tpl": "5de653abf76fdc1ce94a5a2a",
			"parentId": "5ec3f44a35cb9040e335f4b7",
			"slotId": "mod_magazine"
		},
		{
			"_id": "5ec3f44a35cb9040e335f4bd",
			"_tpl": "59e655cb86f77411dc52a77b",
			"parentId": "5ec3f44a35cb9040e335f4b8",
			"slotId": "cartridges",
			"upd": {
				"StackObjectsCount": 3
			}
		},
		{
			"_id": "5ec3f44a35cb9040e335f4b9",
			"_tpl": "5de655be4a9f347bc92edb88",
			"parentId": "5ec3f44a35cb9040e335f4b7",
			"slotId": "mod_stock"
		},
		{
			"_id": "5ec3f44a35cb9040e335f4ba",
			"_tpl": "5de65547883dde217541644b",
			"parentId": "5ec3f44a35cb9040e335f4b7",
			"slotId": "mod_barrel"
		},
		{
			"_id": "5ec3f44a35cb9040e335f4bb",
			"_tpl": "5de6556a205ddc616a6bc4f7",
			"parentId": "5ec3f44a35cb9040e335f4ba",
			"slotId": "mod_muzzle"
		},
		{
			"_id": "5ec3f44a35cb9040e335f4bc",
			"_tpl": "5de6558e9f98ac2bc65950fc",
			"parentId": "5ec3f44a35cb9040e335f4b7",
			"slotId": "mod_mount"
		}
	]
}