{
	"Id": "Loot 138 (1)506900",
	"IsStatic": false,
	"useGravity": true,
	"randomRotation": false,
	"Position": {
		"x": 190.805,
		"y": 3.085,
		"z": 169.411
	},
	"Rotation": {
		"x": 8.53773656e-7,
		"y": 32.3099747,
		"z": 0
	},
	"IsGroupPosition": false,
	"GroupPositions": [],
	"Root": "5ec3f44a35cb9040e335f4df",
	"Items": [
		{
			"_id": "5ec3f44a35cb9040e335f4df",
			"_tpl": "5c07c60e0db834002330051f",
			"upd": {
				"FireMode": {
					"FireMode": "single"
				}
			}
		},
		{
			"_id": "5ec3f44a35cb9040e335f4e0",
			"_tpl": "5c0e2ff6d174af02a1659d4a",
			"parentId": "5ec3f44a35cb9040e335f4df",
			"slotId": "mod_pistol_grip"
		},
		{
			"_id": "5ec3f44a35cb9040e335f4e1",
			"_tpl": "5aaa5e60e5b5b000140293d6",
			"parentId": "5ec3f44a35cb9040e335f4df",
			"slotId": "mod_magazine"
		},
		{
			"_id": "5ec3f44a35cb9040e335f4e9",
			"_tpl": "54527a984bdc2d4e668b4567",
			"parentId": "5ec3f44a35cb9040e335f4e1",
			"slotId": "cartridges",
			"upd": {
				"StackObjectsCount": 3
			}
		},
		{
			"_id": "5ec3f44a35cb9040e335f4e2",
			"_tpl": "5c0e2f26d174af02a9625114",
			"parentId": "5ec3f44a35cb9040e335f4df",
			"slotId": "mod_reciever"
		},
		{
			"_id": "5ec3f44a35cb9040e335f4e3",
			"_tpl": "5c0e2f94d174af029f650d56",
			"parentId": "5ec3f44a35cb9040e335f4e2",
			"slotId": "mod_barrel"
		},
		{
			"_id": "5ec3f44a35cb9040e335f4e4",
			"_tpl": "5c0fafb6d174af02a96260ba",
			"parentId": "5ec3f44a35cb9040e335f4e3",
			"slotId": "mod_muzzle"
		},
		{
			"_id": "5ec3f44a35cb9040e335f4e5",
			"_tpl": "5ae30e795acfc408fb139a0b",
			"parentId": "5ec3f44a35cb9040e335f4e3",
			"slotId": "mod_gas_block"
		},
		{
			"_id": "5ec3f44a35cb9040e335f4e6",
			"_tpl": "5c0e2f5cd174af02a012cfc9",
			"parentId": "5ec3f44a35cb9040e335f4e2",
			"slotId": "mod_handguard"
		},
		{
			"_id": "5ec3f44a35cb9040e335f4e7",
			"_tpl": "5649be884bdc2d79388b4577",
			"parentId": "5ec3f44a35cb9040e335f4df",
			"slotId": "mod_stock"
		},
		{
			"_id": "5ec3f44a35cb9040e335f4e8",
			"_tpl": "5c0faf68d174af02a96260b8",
			"parentId": "5ec3f44a35cb9040e335f4df",
			"slotId": "mod_charge"
		}
	]
}