{
	"Id": "Loot_mod_ammo_mods (15)503828",
	"IsStatic": false,
	"useGravity": true,
	"randomRotation": true,
	"Position": {
		"x": 645.628,
		"y": 1.055,
		"z": -19.94
	},
	"Rotation": {
		"x": 0,
		"y": 0,
		"z": 0
	},
	"IsGroupPosition": false,
	"GroupPositions": [],
	"Root": "5ec3f47521ff7644ae6a328b",
	"Items": [
		{
			"_id": "5ec3f47521ff7644ae6a328b",
			"_tpl": "57372c21245977670937c6c2"
		},
		{
			"_id": "5ec3f47521ff7644ae6a328c",
			"_tpl": "56dff061d2720bb5668b4567",
			"parentId": "5ec3f47521ff7644ae6a328b",
			"slotId": "cartridges",
			"upd": {
				"StackObjectsCount": 60
			}
		},
		{
			"_id": "5ec3f47521ff7644ae6a328d",
			"_tpl": "56dff061d2720bb5668b4567",
			"parentId": "5ec3f47521ff7644ae6a328b",
			"slotId": "cartridges",
			"location": 1,
			"upd": {
				"StackObjectsCount": 60
			}
		}
	]
}