{
	"items": [
		{
			"_id": "5c6687d65e9d882c8841f0fd",
			"_tpl": "55d7217a4bdc2d86028b456d"
		},
		{
			"_id": "5c6687d65e9d882c8841f121",
			"_tpl": "557ffd194bdc2d28148b457f",
			"parentId": "5c6687d65e9d882c8841f0fd",
			"slotId": "Pockets"
		},
		{
			"_id": "5c6687d65e9d882c8841f0fc",
			"_tpl": "566abbc34bdc2d92178b4576"
		},
		{
			"_id": "5c6687d65e9d882c8841f0ff",
			"_tpl": "5963866b86f7747bfa1c4462"
		},
		{
			"_id": "5c6687d65e9d882c8841f0fe",
			"_tpl": "5963866286f7747bf429b572"
		},
		{
			"_id": "TacticalVest876484",
			"_tpl": "5ca20abf86f77418567a43f2",
			"parentId": "5c6687d65e9d882c8841f0fd",
			"slotId": "TacticalVest"
		},
		{
			"_id": "I21001757668557060Bjv1eC",
			"_tpl": "571a12c42459771f627b58a0",
			"parentId": "5c6687d65e9d882c8841f0fd",
			"slotId": "Holster"
		},
		{
			"_id": "I21001752545861522Hrs7bx",
			"_tpl": "571a26d524597720680fbe8a",
			"parentId": "I21001757668557060Bjv1eC",
			"slotId": "mod_barrel"
		},
		{
			"_id": "I21001756958578917Q4Swdx",
			"_tpl": "571a282c2459771fb2755a69",
			"parentId": "I21001757668557060Bjv1eC",
			"slotId": "mod_pistol_grip"
		},
		{
			"_id": "AmmoMag150756",
			"_tpl": "5735ff5c245977640e39ba7e",
			"parentId": "I21001752964453656ilQvg2",
			"slotId": "cartridges",
			"upd": {
				"StackObjectsCount": 8
			}
		},
		{
			"_id": "I21001752964453656ilQvg2",
			"_tpl": "571a29dc2459771fb2755a6a",
			"parentId": "I21001757668557060Bjv1eC",
			"slotId": "mod_magazine"
		},
		{
			"_id": "FuckYouUnlimitedAmmo356515",
			"_tpl": "5857a8bc2459772bad15db29",
			"parentId": "5c6687d65e9d882c8841f0fd",
			"slotId": "SecuredContainer"
		},
		{
			"_id": "iHateThatShit591428",
			"_tpl": "573603c924597764442bd9cb",
			"parentId": "FuckYouUnlimitedAmmo356515",
			"slotId": "main",
			"upd": {
				"StackObjectsCount": 60
			}
		},
		{
			"_id": "iHateThatShit645809",
			"_tpl": "5735ff5c245977640e39ba7e",
			"parentId": "FuckYouUnlimitedAmmo356515",
			"slotId": "main",
			"upd": {
				"StackObjectsCount": 60
			}
		},
		{
			"_id": "iHateThatShit503353",
			"_tpl": "5735fdcd2459776445391d61",
			"parentId": "FuckYouUnlimitedAmmo356515",
			"slotId": "main",
			"upd": {
				"StackObjectsCount": 60
			}
		},
		{
			"_id": "iHateThatShit143104",
			"_tpl": "5736026a245977644601dc61",
			"parentId": "FuckYouUnlimitedAmmo356515",
			"slotId": "main",
			"upd": {
				"StackObjectsCount": 60
			}
		},
		{
			"_id": "iHateThatShit932530",
			"_tpl": "5736026a245977644601dc61",
			"parentId": "FuckYouUnlimitedAmmo356515",
			"slotId": "main",
			"upd": {
				"StackObjectsCount": 60
			}
		},
		{
			"_id": "iHateThatShit915859",
			"_tpl": "5735ff5c245977640e39ba7e",
			"parentId": "FuckYouUnlimitedAmmo356515",
			"slotId": "main",
			"upd": {
				"StackObjectsCount": 60
			}
		},
		{
			"_id": "iHateThatShit691875",
			"_tpl": "5736026a245977644601dc61",
			"parentId": "FuckYouUnlimitedAmmo356515",
			"slotId": "main",
			"upd": {
				"StackObjectsCount": 60
			}
		},
		{
			"_id": "iHateThatShit837690",
			"_tpl": "5735ff5c245977640e39ba7e",
			"parentId": "FuckYouUnlimitedAmmo356515",
			"slotId": "main",
			"upd": {
				"StackObjectsCount": 60
			}
		},
		{
			"_id": "iHateThatShit958376",
			"_tpl": "5736026a245977644601dc61",
			"parentId": "FuckYouUnlimitedAmmo356515",
			"slotId": "main",
			"upd": {
				"StackObjectsCount": 60
			}
		},
		{
			"_id": "magP0Vest24881",
			"_tpl": "571a29dc2459771fb2755a6a",
			"parentId": "TacticalVest876484",
			"slotId": "1",
			"location": {
				"x": 0,
				"y": 0,
				"r": "Horizontal"
			}
		},
		{
			"_id": "AmmoMagPVest297669",
			"_tpl": "573602322459776445391df1",
			"parentId": "magP0Vest24881",
			"slotId": "cartridges",
			"upd": {
				"StackObjectsCount": 8
			}
		},
		{
			"_id": "magP1Vest53455",
			"_tpl": "571a29dc2459771fb2755a6a",
			"parentId": "TacticalVest876484",
			"slotId": "3",
			"location": {
				"x": 0,
				"y": 0,
				"r": "Horizontal"
			}
		},
		{
			"_id": "AmmoMagPVest899599",
			"_tpl": "573602322459776445391df1",
			"parentId": "magP1Vest53455",
			"slotId": "cartridges",
			"upd": {
				"StackObjectsCount": 8
			}
		},
		{
			"_id": "magP1Vest3643",
			"_tpl": "571a29dc2459771fb2755a6a",
			"parentId": "TacticalVest876484",
			"slotId": "3",
			"location": {
				"x": 0,
				"y": 1,
				"r": "Horizontal"
			}
		},
		{
			"_id": "AmmoMagPVest327150",
			"_tpl": "573603c924597764442bd9cb",
			"parentId": "magP1Vest3643",
			"slotId": "cartridges",
			"upd": {
				"StackObjectsCount": 8
			}
		},
		{
			"_id": "magP2Vest24607",
			"_tpl": "571a29dc2459771fb2755a6a",
			"parentId": "TacticalVest876484",
			"slotId": "5",
			"location": {
				"x": 0,
				"y": 1,
				"r": "Horizontal"
			}
		},
		{
			"_id": "AmmoMagPVest140301",
			"_tpl": "573602322459776445391df1",
			"parentId": "magP2Vest24607",
			"slotId": "cartridges",
			"upd": {
				"StackObjectsCount": 8
			}
		},
		{
			"_id": "magP3Vest94604",
			"_tpl": "571a29dc2459771fb2755a6a",
			"parentId": "TacticalVest876484",
			"slotId": "7",
			"location": {
				"x": 0,
				"y": 0,
				"r": "Horizontal"
			}
		},
		{
			"_id": "AmmoMagPVest917565",
			"_tpl": "5736026a245977644601dc61",
			"parentId": "magP3Vest94604",
			"slotId": "cartridges",
			"upd": {
				"StackObjectsCount": 8
			}
		},
		{
			"_id": "magP3Vest95447",
			"_tpl": "571a29dc2459771fb2755a6a",
			"parentId": "TacticalVest876484",
			"slotId": "7",
			"location": {
				"x": 0,
				"y": 1,
				"r": "Horizontal"
			}
		},
		{
			"_id": "AmmoMagPVest175278",
			"_tpl": "5735fdcd2459776445391d61",
			"parentId": "magP3Vest95447",
			"slotId": "cartridges",
			"upd": {
				"StackObjectsCount": 8
			}
		},
		{
			"_id": "Scabbard185575",
			"_tpl": "54491bb74bdc2d09088b4567",
			"parentId": "5c6687d65e9d882c8841f0fd",
			"slotId": "Scabbard"
		},
		{
			"_id": "Headwear145558",
			"_tpl": "5a43957686f7742a2c2f11b0",
			"parentId": "5c6687d65e9d882c8841f0fd",
			"slotId": "Headwear"
		},
		{
			"_id": "Eyewear704708",
			"_tpl": "5aa2b9aee5b5b00015693121",
			"parentId": "5c6687d65e9d882c8841f0fd",
			"slotId": "Eyewear"
		},
		{
			"_id": "Backpack306286",
			"_tpl": "544a5cde4bdc2d39388b456b",
			"parentId": "5c6687d65e9d882c8841f0fd",
			"slotId": "Backpack"
		},
		{
			"_id": "BP_Backpack306286_791800",
			"_tpl": "5672c92d4bdc2d180f8b4567",
			"parentId": "Backpack306286",
			"slotId": "main",
			"location": {
				"x": 0,
				"y": 0,
				"r": "Horizontal"
			}
		},
		{
			"_id": "BP_Backpack306286_136751",
			"_tpl": "5d1b3a5d86f774252167ba22",
			"parentId": "Backpack306286",
			"slotId": "main",
			"location": {
				"x": 0,
				"y": 1,
				"r": "Horizontal"
			}
		},
		{
			"_id": "Pocket_57126",
			"_tpl": "5a0eeb1a86f774688b70aa5c",
			"parentId": "5c6687d65e9d882c8841f121",
			"slotId": "pocket1",
			"location": {
				"x": 0,
				"y": 0,
				"r": "Horizontal"
			},
			"upd": {
				"SpawnedInSession": true
			}
		},
		{
			"_id": "Pocket_459995",
			"_tpl": "590c678286f77426c9660122",
			"parentId": "5c6687d65e9d882c8841f121",
			"slotId": "pocket2",
			"location": {
				"x": 0,
				"y": 0,
				"r": "Horizontal"
			},
			"upd": {
				"SpawnedInSession": true
			}
		},
		{
			"_id": "Pocket_110172",
			"_tpl": "544fb3f34bdc2d03748b456a",
			"parentId": "5c6687d65e9d882c8841f121",
			"slotId": "pocket3",
			"location": {
				"x": 0,
				"y": 0,
				"r": "Horizontal"
			},
			"upd": {
				"SpawnedInSession": true
			}
		}
	],
	"equipment": "5c6687d65e9d882c8841f0fd",
	"stash": "5c6687d65e9d882c8841f0fc",
	"questRaidItems": "5c6687d65e9d882c8841f0fe",
	"questStashItems": "5c6687d65e9d882c8841f0ff",
	"fastPanel": {}
}