{
	"items": [
		{
			"_id": "5c6687d65e9d882c8841f0fd",
			"_tpl": "55d7217a4bdc2d86028b456d"
		},
		{
			"_id": "5c6687d65e9d882c8841f121",
			"_tpl": "557ffd194bdc2d28148b457f",
			"parentId": "5c6687d65e9d882c8841f0fd",
			"slotId": "Pockets"
		},
		{
			"_id": "5c6687d65e9d882c8841f0fc",
			"_tpl": "566abbc34bdc2d92178b4576"
		},
		{
			"_id": "5c6687d65e9d882c8841f0ff",
			"_tpl": "5963866b86f7747bfa1c4462"
		},
		{
			"_id": "5c6687d65e9d882c8841f0fe",
			"_tpl": "5963866286f7747bf429b572"
		},
		{
			"_id": "TacticalVest138710",
			"_tpl": "5d5d8ca986f7742798716522",
			"parentId": "5c6687d65e9d882c8841f0fd",
			"slotId": "TacticalVest"
		},
		{
			"_id": "I21009458619073185COPcOF",
			"_tpl": "5a0ec13bfcdbcb00165aa685",
			"parentId": "5c6687d65e9d882c8841f0fd",
			"slotId": "FirstPrimaryWeapon"
		},
		{
			"_id": "I210094576412274034PHXSS",
			"_tpl": "59d64ec286f774171d1e0a42",
			"parentId": "I21009458619073185COPcOF",
			"slotId": "mod_gas_block"
		},
		{
			"_id": "I21009457143300570DwMdvA",
			"_tpl": "59d64fc686f774171b243fe2",
			"parentId": "I21009458619073185COPcOF",
			"slotId": "mod_muzzle"
		},
		{
			"_id": "I21009457257801180pgRVSi",
			"_tpl": "59e62cc886f77440d40b52a1",
			"parentId": "I21009458619073185COPcOF",
			"slotId": "mod_pistol_grip"
		},
		{
			"_id": "I21009458538347457dOvnBx",
			"_tpl": "59d6507c86f7741b846413a2",
			"parentId": "I21009458619073185COPcOF",
			"slotId": "mod_reciever"
		},
		{
			"_id": "I210094555920558690rHh6Z",
			"_tpl": "59d650cf86f7741b846413a4",
			"parentId": "I21009458619073185COPcOF",
			"slotId": "mod_sight_rear",
			"upd": {
				"Sight": {
					"SelectedSightMode": 0
				}
			}
		},
		{
			"_id": "I21009453906192544MnI1Gg",
			"_tpl": "59d6514b86f774171a068a08",
			"parentId": "I21009458619073185COPcOF",
			"slotId": "mod_stock"
		},
		{
			"_id": "MagazineWeaponScav2230",
			"_tpl": "59fafc5086f7740dbe19f6c3",
			"parentId": "I21009458619073185COPcOF",
			"slotId": "mod_magazine"
		},
		{
			"_id": "AmmoMag16976",
			"_tpl": "59e4cf5286f7741778269d8a",
			"parentId": "MagazineWeaponScav2230",
			"slotId": "cartridges",
			"upd": {
				"StackObjectsCount": 30
			}
		},
		{
			"_id": "I21009457709398691877EKR",
			"_tpl": "59d64f2f86f77417193ef8b3",
			"parentId": "I210094576412274034PHXSS",
			"slotId": "mod_handguard"
		},
		{
			"_id": "FuckYouUnlimitedAmmo80082",
			"_tpl": "5857a8bc2459772bad15db29",
			"parentId": "5c6687d65e9d882c8841f0fd",
			"slotId": "SecuredContainer"
		},
		{
			"_id": "iHateThatShit906067",
			"_tpl": "59e4d24686f7741776641ac7",
			"parentId": "FuckYouUnlimitedAmmo80082",
			"slotId": "main",
			"upd": {
				"StackObjectsCount": 60
			}
		},
		{
			"_id": "iHateThatShit380514",
			"_tpl": "59e4d24686f7741776641ac7",
			"parentId": "FuckYouUnlimitedAmmo80082",
			"slotId": "main",
			"upd": {
				"StackObjectsCount": 60
			}
		},
		{
			"_id": "iHateThatShit933911",
			"_tpl": "59e0d99486f7744a32234762",
			"parentId": "FuckYouUnlimitedAmmo80082",
			"slotId": "main",
			"upd": {
				"StackObjectsCount": 60
			}
		},
		{
			"_id": "iHateThatShit122430",
			"_tpl": "5656d7c34bdc2d9d198b4587",
			"parentId": "FuckYouUnlimitedAmmo80082",
			"slotId": "main",
			"upd": {
				"StackObjectsCount": 60
			}
		},
		{
			"_id": "iHateThatShit602319",
			"_tpl": "59e0d99486f7744a32234762",
			"parentId": "FuckYouUnlimitedAmmo80082",
			"slotId": "main",
			"upd": {
				"StackObjectsCount": 60
			}
		},
		{
			"_id": "iHateThatShit218067",
			"_tpl": "59e4cf5286f7741778269d8a",
			"parentId": "FuckYouUnlimitedAmmo80082",
			"slotId": "main",
			"upd": {
				"StackObjectsCount": 60
			}
		},
		{
			"_id": "iHateThatShit442643",
			"_tpl": "59e4d3d286f774176a36250a",
			"parentId": "FuckYouUnlimitedAmmo80082",
			"slotId": "main",
			"upd": {
				"StackObjectsCount": 60
			}
		},
		{
			"_id": "iHateThatShit192706",
			"_tpl": "5656d7c34bdc2d9d198b4587",
			"parentId": "FuckYouUnlimitedAmmo80082",
			"slotId": "main",
			"upd": {
				"StackObjectsCount": 60
			}
		},
		{
			"_id": "iHateThatShit521828",
			"_tpl": "59e4d3d286f774176a36250a",
			"parentId": "FuckYouUnlimitedAmmo80082",
			"slotId": "main",
			"upd": {
				"StackObjectsCount": 60
			}
		},
		{
			"_id": "mag0Vest867373",
			"_tpl": "5b1fd4e35acfc40018633c39",
			"parentId": "TacticalVest138710",
			"slotId": "2",
			"location": {
				"x": 0,
				"y": 0,
				"r": "Horizontal"
			}
		},
		{
			"_id": "AmmoMag0Vest984609",
			"_tpl": "59e4cf5286f7741778269d8a",
			"parentId": "mag0Vest867373",
			"slotId": "cartridges",
			"upd": {
				"StackObjectsCount": 10
			}
		},
		{
			"_id": "mag0Vest858709",
			"_tpl": "5b1fd4e35acfc40018633c39",
			"parentId": "TacticalVest138710",
			"slotId": "1",
			"location": {
				"x": 0,
				"y": 0,
				"r": "Horizontal"
			}
		},
		{
			"_id": "AmmoMag0Vest511465",
			"_tpl": "59e4d3d286f774176a36250a",
			"parentId": "mag0Vest858709",
			"slotId": "cartridges",
			"upd": {
				"StackObjectsCount": 10
			}
		},
		{
			"_id": "mag0Vest262536",
			"_tpl": "5b1fd4e35acfc40018633c39",
			"parentId": "TacticalVest138710",
			"slotId": "1",
			"location": {
				"x": 1,
				"y": 0,
				"r": "Horizontal"
			}
		},
		{
			"_id": "AmmoMag0Vest777593",
			"_tpl": "59e4d3d286f774176a36250a",
			"parentId": "mag0Vest262536",
			"slotId": "cartridges",
			"upd": {
				"StackObjectsCount": 10
			}
		},
		{
			"_id": "Scabbard253960",
			"_tpl": "57e26fc7245977162a14b800",
			"parentId": "5c6687d65e9d882c8841f0fd",
			"slotId": "Scabbard"
		},
		{
			"_id": "Eyewear432030",
			"_tpl": "5d5fca1ea4b93635fd598c07",
			"parentId": "5c6687d65e9d882c8841f0fd",
			"slotId": "Eyewear"
		},
		{
			"_id": "ArmorVest254826",
			"_tpl": "5c0e5edb86f77461f55ed1f7",
			"parentId": "5c6687d65e9d882c8841f0fd",
			"slotId": "ArmorVest",
			"upd": {
				"Repairable": {
					"MaxDurability": 50,
					"Durability": 38
				}
			}
		},
		{
			"_id": "Pocket_719373",
			"_tpl": "5d1b31ce86f7742523398394",
			"parentId": "5c6687d65e9d882c8841f121",
			"slotId": "pocket1",
			"location": {
				"x": 0,
				"y": 0,
				"r": "Horizontal"
			},
			"upd": {
				"SpawnedInSession": true
			}
		},
		{
			"_id": "Pocket_326956",
			"_tpl": "590a3c0a86f774385a33c450",
			"parentId": "5c6687d65e9d882c8841f121",
			"slotId": "pocket2",
			"location": {
				"x": 0,
				"y": 0,
				"r": "Horizontal"
			},
			"upd": {
				"SpawnedInSession": true
			}
		}
	],
	"equipment": "5c6687d65e9d882c8841f0fd",
	"stash": "5c6687d65e9d882c8841f0fc",
	"questRaidItems": "5c6687d65e9d882c8841f0fe",
	"questStashItems": "5c6687d65e9d882c8841f0ff",
	"fastPanel": {}
}