{
	"items": [
		{
			"_id": "5c6687d65e9d882c8841f0fd",
			"_tpl": "55d7217a4bdc2d86028b456d"
		},
		{
			"_id": "5c6687d65e9d882c8841f121",
			"_tpl": "557ffd194bdc2d28148b457f",
			"parentId": "5c6687d65e9d882c8841f0fd",
			"slotId": "Pockets"
		},
		{
			"_id": "5c6687d65e9d882c8841f0fc",
			"_tpl": "566abbc34bdc2d92178b4576"
		},
		{
			"_id": "5c6687d65e9d882c8841f0ff",
			"_tpl": "5963866b86f7747bfa1c4462"
		},
		{
			"_id": "5c6687d65e9d882c8841f0fe",
			"_tpl": "5963866286f7747bf429b572"
		},
		{
			"_id": "TacticalVest9039",
			"_tpl": "5d5d8ca986f7742798716522",
			"parentId": "5c6687d65e9d882c8841f0fd",
			"slotId": "TacticalVest"
		},
		{
			"_id": "I3310435324897729316Lm6V",
			"_tpl": "5c07c60e0db834002330051f",
			"parentId": "5c6687d65e9d882c8841f0fd",
			"slotId": "FirstPrimaryWeapon"
		},
		{
			"_id": "I331043535597122964UsXFv",
			"_tpl": "5c0e2ff6d174af02a1659d4a",
			"parentId": "I3310435324897729316Lm6V",
			"slotId": "mod_pistol_grip"
		},
		{
			"_id": "MagazineWeaponScav6401",
			"_tpl": "5d1340cad7ad1a0b0b249869",
			"parentId": "I3310435324897729316Lm6V",
			"slotId": "mod_magazine"
		},
		{
			"_id": "AmmoMag16944",
			"_tpl": "59e6927d86f77411da468256",
			"parentId": "MagazineWeaponScav6401",
			"slotId": "cartridges",
			"upd": {
				"StackObjectsCount": 30
			}
		},
		{
			"_id": "I331043535567692647mjekD",
			"_tpl": "5c0e2f26d174af02a9625114",
			"parentId": "I3310435324897729316Lm6V",
			"slotId": "mod_reciever"
		},
		{
			"_id": "I331043531679666971Dtt7U",
			"_tpl": "5649be884bdc2d79388b4577",
			"parentId": "I3310435324897729316Lm6V",
			"slotId": "mod_stock"
		},
		{
			"_id": "I3310435360514001462ajg1",
			"_tpl": "5c0faf68d174af02a96260b8",
			"parentId": "I3310435324897729316Lm6V",
			"slotId": "mod_charge"
		},
		{
			"_id": "I331043531394635896GJfYh",
			"_tpl": "584984812459776a704a82a6",
			"parentId": "I331043535567692647mjekD",
			"slotId": "mod_scope",
			"upd": {
				"Sight": {
					"SelectedSightMode": 0
				}
			}
		},
		{
			"_id": "I331043532874194583znWf7",
			"_tpl": "5c0e2f94d174af029f650d56",
			"parentId": "I331043535567692647mjekD",
			"slotId": "mod_barrel"
		},
		{
			"_id": "I331043532153226863sOo06",
			"_tpl": "5c0e2f5cd174af02a012cfc9",
			"parentId": "I331043535567692647mjekD",
			"slotId": "mod_handguard"
		},
		{
			"_id": "I331043534841265847CgUD7",
			"_tpl": "5c0fafb6d174af02a96260ba",
			"parentId": "I331043532874194583znWf7",
			"slotId": "mod_muzzle"
		},
		{
			"_id": "I331043533723833369dY3GS",
			"_tpl": "5ae30e795acfc408fb139a0b",
			"parentId": "I331043532874194583znWf7",
			"slotId": "mod_gas_block"
		},
		{
			"_id": "FuckYouUnlimitedAmmo168863",
			"_tpl": "5857a8bc2459772bad15db29",
			"parentId": "5c6687d65e9d882c8841f0fd",
			"slotId": "SecuredContainer"
		},
		{
			"_id": "iHateThatShit255394",
			"_tpl": "59e6918f86f7746c9f75e849",
			"parentId": "FuckYouUnlimitedAmmo168863",
			"slotId": "main",
			"upd": {
				"StackObjectsCount": 60
			}
		},
		{
			"_id": "iHateThatShit398370",
			"_tpl": "59e6918f86f7746c9f75e849",
			"parentId": "FuckYouUnlimitedAmmo168863",
			"slotId": "main",
			"upd": {
				"StackObjectsCount": 60
			}
		},
		{
			"_id": "iHateThatShit171579",
			"_tpl": "59e690b686f7746c9f75e848",
			"parentId": "FuckYouUnlimitedAmmo168863",
			"slotId": "main",
			"upd": {
				"StackObjectsCount": 60
			}
		},
		{
			"_id": "iHateThatShit742982",
			"_tpl": "5c0d5ae286f7741e46554302",
			"parentId": "FuckYouUnlimitedAmmo168863",
			"slotId": "main",
			"upd": {
				"StackObjectsCount": 60
			}
		},
		{
			"_id": "iHateThatShit966569",
			"_tpl": "59e68f6f86f7746c9f75e846",
			"parentId": "FuckYouUnlimitedAmmo168863",
			"slotId": "main",
			"upd": {
				"StackObjectsCount": 60
			}
		},
		{
			"_id": "iHateThatShit121870",
			"_tpl": "59e6927d86f77411da468256",
			"parentId": "FuckYouUnlimitedAmmo168863",
			"slotId": "main",
			"upd": {
				"StackObjectsCount": 60
			}
		},
		{
			"_id": "iHateThatShit322264",
			"_tpl": "54527a984bdc2d4e668b4567",
			"parentId": "FuckYouUnlimitedAmmo168863",
			"slotId": "main",
			"upd": {
				"StackObjectsCount": 60
			}
		},
		{
			"_id": "iHateThatShit412244",
			"_tpl": "54527ac44bdc2d36668b4567",
			"parentId": "FuckYouUnlimitedAmmo168863",
			"slotId": "main",
			"upd": {
				"StackObjectsCount": 60
			}
		},
		{
			"_id": "iHateThatShit10119",
			"_tpl": "59e68f6f86f7746c9f75e846",
			"parentId": "FuckYouUnlimitedAmmo168863",
			"slotId": "main",
			"upd": {
				"StackObjectsCount": 60
			}
		},
		{
			"_id": "mag0Vest177411",
			"_tpl": "5aaa5dfee5b5b000140293d3",
			"parentId": "TacticalVest9039",
			"slotId": "1",
			"location": {
				"x": 1,
				"y": 0,
				"r": "Horizontal"
			}
		},
		{
			"_id": "AmmoMag0Vest802538",
			"_tpl": "5c0d5ae286f7741e46554302",
			"parentId": "mag0Vest177411",
			"slotId": "cartridges",
			"upd": {
				"StackObjectsCount": 30
			}
		},
		{
			"_id": "Scabbard566047",
			"_tpl": "57e26ea924597715ca604a09",
			"parentId": "5c6687d65e9d882c8841f0fd",
			"slotId": "Scabbard"
		},
		{
			"_id": "Headwear928146",
			"_tpl": "5c0d2727d174af02a012cf58",
			"parentId": "5c6687d65e9d882c8841f0fd",
			"slotId": "Headwear"
		},
		{
			"_id": "ArmorVest815632",
			"_tpl": "5ab8e79e86f7742d8b372e78",
			"parentId": "5c6687d65e9d882c8841f0fd",
			"slotId": "ArmorVest",
			"upd": {
				"Repairable": {
					"MaxDurability": 65,
					"Durability": 55
				}
			}
		},
		{
			"_id": "Pocket_648013",
			"_tpl": "5913611c86f77479e0084092",
			"parentId": "5c6687d65e9d882c8841f121",
			"slotId": "pocket1",
			"location": {
				"x": 0,
				"y": 0,
				"r": "Horizontal"
			},
			"upd": {
				"SpawnedInSession": true
			}
		}
	],
	"equipment": "5c6687d65e9d882c8841f0fd",
	"stash": "5c6687d65e9d882c8841f0fc",
	"questRaidItems": "5c6687d65e9d882c8841f0fe",
	"questStashItems": "5c6687d65e9d882c8841f0ff",
	"fastPanel": {}
}