{
	"items": [
		{
			"_id": "5c6687d65e9d882c8841f0fd",
			"_tpl": "55d7217a4bdc2d86028b456d"
		},
		{
			"_id": "5c6687d65e9d882c8841f121",
			"_tpl": "557ffd194bdc2d28148b457f",
			"parentId": "5c6687d65e9d882c8841f0fd",
			"slotId": "Pockets"
		},
		{
			"_id": "5c6687d65e9d882c8841f0fc",
			"_tpl": "566abbc34bdc2d92178b4576"
		},
		{
			"_id": "5c6687d65e9d882c8841f0ff",
			"_tpl": "5963866b86f7747bfa1c4462"
		},
		{
			"_id": "5c6687d65e9d882c8841f0fe",
			"_tpl": "5963866286f7747bf429b572"
		},
		{
			"_id": "TacticalVest885842",
			"_tpl": "5c0e9f2c86f77432297fe0a3",
			"parentId": "5c6687d65e9d882c8841f0fd",
			"slotId": "TacticalVest"
		},
		{
			"_id": "I21001757668557060Bjv1eC",
			"_tpl": "571a12c42459771f627b58a0",
			"parentId": "5c6687d65e9d882c8841f0fd",
			"slotId": "Holster"
		},
		{
			"_id": "I21001752545861522Hrs7bx",
			"_tpl": "571a26d524597720680fbe8a",
			"parentId": "I21001757668557060Bjv1eC",
			"slotId": "mod_barrel"
		},
		{
			"_id": "I21001756958578917Q4Swdx",
			"_tpl": "571a282c2459771fb2755a69",
			"parentId": "I21001757668557060Bjv1eC",
			"slotId": "mod_pistol_grip"
		},
		{
			"_id": "AmmoMag182119",
			"_tpl": "573603c924597764442bd9cb",
			"parentId": "I21001752964453656ilQvg2",
			"slotId": "cartridges",
			"upd": {
				"StackObjectsCount": 8
			}
		},
		{
			"_id": "I21001752964453656ilQvg2",
			"_tpl": "571a29dc2459771fb2755a6a",
			"parentId": "I21001757668557060Bjv1eC",
			"slotId": "mod_magazine"
		},
		{
			"_id": "FuckYouUnlimitedAmmo641883",
			"_tpl": "5857a8bc2459772bad15db29",
			"parentId": "5c6687d65e9d882c8841f0fd",
			"slotId": "SecuredContainer"
		},
		{
			"_id": "iHateThatShit45920",
			"_tpl": "573601b42459776410737435",
			"parentId": "FuckYouUnlimitedAmmo641883",
			"slotId": "main",
			"upd": {
				"StackObjectsCount": 60
			}
		},
		{
			"_id": "iHateThatShit891789",
			"_tpl": "573602322459776445391df1",
			"parentId": "FuckYouUnlimitedAmmo641883",
			"slotId": "main",
			"upd": {
				"StackObjectsCount": 60
			}
		},
		{
			"_id": "iHateThatShit61480",
			"_tpl": "573602322459776445391df1",
			"parentId": "FuckYouUnlimitedAmmo641883",
			"slotId": "main",
			"upd": {
				"StackObjectsCount": 60
			}
		},
		{
			"_id": "iHateThatShit984985",
			"_tpl": "573602322459776445391df1",
			"parentId": "FuckYouUnlimitedAmmo641883",
			"slotId": "main",
			"upd": {
				"StackObjectsCount": 60
			}
		},
		{
			"_id": "iHateThatShit72251",
			"_tpl": "5735ff5c245977640e39ba7e",
			"parentId": "FuckYouUnlimitedAmmo641883",
			"slotId": "main",
			"upd": {
				"StackObjectsCount": 60
			}
		},
		{
			"_id": "iHateThatShit564895",
			"_tpl": "573603562459776430731618",
			"parentId": "FuckYouUnlimitedAmmo641883",
			"slotId": "main",
			"upd": {
				"StackObjectsCount": 60
			}
		},
		{
			"_id": "iHateThatShit305825",
			"_tpl": "573602322459776445391df1",
			"parentId": "FuckYouUnlimitedAmmo641883",
			"slotId": "main",
			"upd": {
				"StackObjectsCount": 60
			}
		},
		{
			"_id": "iHateThatShit958076",
			"_tpl": "5736026a245977644601dc61",
			"parentId": "FuckYouUnlimitedAmmo641883",
			"slotId": "main",
			"upd": {
				"StackObjectsCount": 60
			}
		},
		{
			"_id": "iHateThatShit651086",
			"_tpl": "5735ff5c245977640e39ba7e",
			"parentId": "FuckYouUnlimitedAmmo641883",
			"slotId": "main",
			"upd": {
				"StackObjectsCount": 60
			}
		},
		{
			"_id": "magP0Vest27911",
			"_tpl": "571a29dc2459771fb2755a6a",
			"parentId": "TacticalVest885842",
			"slotId": "1",
			"location": {
				"x": 0,
				"y": 0,
				"r": "Horizontal"
			}
		},
		{
			"_id": "AmmoMagPVest94838",
			"_tpl": "573603562459776430731618",
			"parentId": "magP0Vest27911",
			"slotId": "cartridges",
			"upd": {
				"StackObjectsCount": 8
			}
		},
		{
			"_id": "magP2Vest36243",
			"_tpl": "571a29dc2459771fb2755a6a",
			"parentId": "TacticalVest885842",
			"slotId": "4",
			"location": {
				"x": 0,
				"y": 1,
				"r": "Horizontal"
			}
		},
		{
			"_id": "AmmoMagPVest398528",
			"_tpl": "573602322459776445391df1",
			"parentId": "magP2Vest36243",
			"slotId": "cartridges",
			"upd": {
				"StackObjectsCount": 8
			}
		},
		{
			"_id": "magP3Vest53373",
			"_tpl": "571a29dc2459771fb2755a6a",
			"parentId": "TacticalVest885842",
			"slotId": "6",
			"location": {
				"x": 0,
				"y": 0,
				"r": "Horizontal"
			}
		},
		{
			"_id": "AmmoMagPVest297426",
			"_tpl": "573602322459776445391df1",
			"parentId": "magP3Vest53373",
			"slotId": "cartridges",
			"upd": {
				"StackObjectsCount": 8
			}
		},
		{
			"_id": "magP3Vest18204",
			"_tpl": "571a29dc2459771fb2755a6a",
			"parentId": "TacticalVest885842",
			"slotId": "6",
			"location": {
				"x": 0,
				"y": 1,
				"r": "Horizontal"
			}
		},
		{
			"_id": "AmmoMagPVest933771",
			"_tpl": "5735ff5c245977640e39ba7e",
			"parentId": "magP3Vest18204",
			"slotId": "cartridges",
			"upd": {
				"StackObjectsCount": 8
			}
		},
		{
			"_id": "magP4Vest59289",
			"_tpl": "571a29dc2459771fb2755a6a",
			"parentId": "TacticalVest885842",
			"slotId": "8",
			"location": {
				"x": 0,
				"y": 0,
				"r": "Horizontal"
			}
		},
		{
			"_id": "AmmoMagPVest522547",
			"_tpl": "573603562459776430731618",
			"parentId": "magP4Vest59289",
			"slotId": "cartridges",
			"upd": {
				"StackObjectsCount": 8
			}
		},
		{
			"_id": "magP4Vest85241",
			"_tpl": "571a29dc2459771fb2755a6a",
			"parentId": "TacticalVest885842",
			"slotId": "8",
			"location": {
				"x": 0,
				"y": 1,
				"r": "Horizontal"
			}
		},
		{
			"_id": "AmmoMagPVest920644",
			"_tpl": "5736026a245977644601dc61",
			"parentId": "magP4Vest85241",
			"slotId": "cartridges",
			"upd": {
				"StackObjectsCount": 8
			}
		},
		{
			"_id": "Scabbard194252",
			"_tpl": "57e26ea924597715ca604a09",
			"parentId": "5c6687d65e9d882c8841f0fd",
			"slotId": "Scabbard"
		},
		{
			"_id": "Headwear677256",
			"_tpl": "59e770f986f7742cbe3164ef",
			"parentId": "5c6687d65e9d882c8841f0fd",
			"slotId": "Headwear"
		},
		{
			"_id": "Eyewear851020",
			"_tpl": "5d6d2ef3a4b93618084f58bd",
			"parentId": "5c6687d65e9d882c8841f0fd",
			"slotId": "Eyewear"
		},
		{
			"_id": "FaceCover697449",
			"_tpl": "59e7715586f7742ee5789605",
			"parentId": "5c6687d65e9d882c8841f0fd",
			"slotId": "FaceCover"
		},
		{
			"_id": "Backpack718784",
			"_tpl": "56e33634d2720bd8058b456b",
			"parentId": "5c6687d65e9d882c8841f0fd",
			"slotId": "Backpack"
		}
	],
	"equipment": "5c6687d65e9d882c8841f0fd",
	"stash": "5c6687d65e9d882c8841f0fc",
	"questRaidItems": "5c6687d65e9d882c8841f0fe",
	"questStashItems": "5c6687d65e9d882c8841f0ff",
	"fastPanel": {}
}