{
	"items": [
		{
			"_id": "5c6687d65e9d882c8841f0fd",
			"_tpl": "55d7217a4bdc2d86028b456d"
		},
		{
			"_id": "5c6687d65e9d882c8841f121",
			"_tpl": "557ffd194bdc2d28148b457f",
			"parentId": "5c6687d65e9d882c8841f0fd",
			"slotId": "Pockets"
		},
		{
			"_id": "5c6687d65e9d882c8841f0fc",
			"_tpl": "566abbc34bdc2d92178b4576"
		},
		{
			"_id": "5c6687d65e9d882c8841f0ff",
			"_tpl": "5963866b86f7747bfa1c4462"
		},
		{
			"_id": "5c6687d65e9d882c8841f0fe",
			"_tpl": "5963866286f7747bf429b572"
		},
		{
			"_id": "TacticalVest183327",
			"_tpl": "5d5d85c586f774279a21cbdb",
			"parentId": "5c6687d65e9d882c8841f0fd",
			"slotId": "TacticalVest"
		},
		{
			"_id": "I210052368901397744h44Cu",
			"_tpl": "5b0bbe4e5acfc40dc528a72d",
			"parentId": "5c6687d65e9d882c8841f0fd",
			"slotId": "FirstPrimaryWeapon"
		},
		{
			"_id": "I210052365623104212H4iai",
			"_tpl": "5b099b965acfc400186331e6",
			"parentId": "I210052368901397744h44Cu",
			"slotId": "mod_pistol_grip"
		},
		{
			"_id": "MagazineWeaponScav437",
			"_tpl": "5b099ac65acfc400186331e1",
			"parentId": "I210052368901397744h44Cu",
			"slotId": "mod_magazine"
		},
		{
			"_id": "AmmoMag16948",
			"_tpl": "5e023e53d4353e3302577c4c",
			"parentId": "MagazineWeaponScav437",
			"slotId": "cartridges",
			"upd": {
				"StackObjectsCount": 20
			}
		},
		{
			"_id": "I2100523626113840906ZKW4",
			"_tpl": "5b7bed205acfc400161d08cc",
			"parentId": "I210052368901397744h44Cu",
			"slotId": "mod_handguard"
		},
		{
			"_id": "I210052364622688952JEktG",
			"_tpl": "5b7be1265acfc400161d0798",
			"parentId": "I210052368901397744h44Cu",
			"slotId": "mod_barrel"
		},
		{
			"_id": "I210052368686631120p1sRz",
			"_tpl": "5b0bc22d5acfc47a8607f085",
			"parentId": "I210052368901397744h44Cu",
			"slotId": "mod_sight_rear",
			"upd": {
				"Sight": {
					"SelectedSightMode": 0
				}
			}
		},
		{
			"_id": "I210052368761698429p0sEM",
			"_tpl": "5b7d63cf5acfc4001876c8df",
			"parentId": "I210052368901397744h44Cu",
			"slotId": "mod_stock"
		},
		{
			"_id": "FuckYouUnlimitedAmmo308399",
			"_tpl": "5857a8bc2459772bad15db29",
			"parentId": "5c6687d65e9d882c8841f0fd",
			"slotId": "SecuredContainer"
		},
		{
			"_id": "iHateThatShit990304",
			"_tpl": "5a6086ea4f39f99cd479502f",
			"parentId": "FuckYouUnlimitedAmmo308399",
			"slotId": "main",
			"upd": {
				"StackObjectsCount": 60
			}
		},
		{
			"_id": "iHateThatShit757042",
			"_tpl": "58dd3ad986f77403051cba8f",
			"parentId": "FuckYouUnlimitedAmmo308399",
			"slotId": "main",
			"upd": {
				"StackObjectsCount": 60
			}
		},
		{
			"_id": "iHateThatShit7035",
			"_tpl": "5e023e53d4353e3302577c4c",
			"parentId": "FuckYouUnlimitedAmmo308399",
			"slotId": "main",
			"upd": {
				"StackObjectsCount": 60
			}
		},
		{
			"_id": "iHateThatShit994286",
			"_tpl": "58dd3ad986f77403051cba8f",
			"parentId": "FuckYouUnlimitedAmmo308399",
			"slotId": "main",
			"upd": {
				"StackObjectsCount": 60
			}
		},
		{
			"_id": "iHateThatShit82106",
			"_tpl": "5e023e53d4353e3302577c4c",
			"parentId": "FuckYouUnlimitedAmmo308399",
			"slotId": "main",
			"upd": {
				"StackObjectsCount": 60
			}
		},
		{
			"_id": "iHateThatShit69111",
			"_tpl": "5e023e53d4353e3302577c4c",
			"parentId": "FuckYouUnlimitedAmmo308399",
			"slotId": "main",
			"upd": {
				"StackObjectsCount": 60
			}
		},
		{
			"_id": "iHateThatShit981084",
			"_tpl": "5e023e88277cce2b522ff2b1",
			"parentId": "FuckYouUnlimitedAmmo308399",
			"slotId": "main",
			"upd": {
				"StackObjectsCount": 60
			}
		},
		{
			"_id": "iHateThatShit311262",
			"_tpl": "5a6086ea4f39f99cd479502f",
			"parentId": "FuckYouUnlimitedAmmo308399",
			"slotId": "main",
			"upd": {
				"StackObjectsCount": 60
			}
		},
		{
			"_id": "iHateThatShit895597",
			"_tpl": "5e023e6e34d52a55c3304f71",
			"parentId": "FuckYouUnlimitedAmmo308399",
			"slotId": "main",
			"upd": {
				"StackObjectsCount": 60
			}
		},
		{
			"_id": "I210016569131659520n9LxH",
			"_tpl": "576a581d2459771e7b1bc4f1",
			"parentId": "5c6687d65e9d882c8841f0fd",
			"slotId": "Holster"
		},
		{
			"_id": "AmmoMag16642",
			"_tpl": "5c925fa22e221601da359b7b",
			"parentId": "I2100165644840754536SMMb",
			"slotId": "cartridges",
			"upd": {
				"StackObjectsCount": 18
			}
		},
		{
			"_id": "I2100165644840754536SMMb",
			"_tpl": "576a5ed62459771e9c2096cb",
			"parentId": "I210016569131659520n9LxH",
			"slotId": "mod_magazine"
		},
		{
			"_id": "I210016562931727377Quekg",
			"_tpl": "576a63cd2459771e796e0e11",
			"parentId": "I210016569131659520n9LxH",
			"slotId": "mod_pistol_grip"
		},
		{
			"_id": "mag0Vest468278",
			"_tpl": "5b099ac65acfc400186331e1",
			"parentId": "TacticalVest183327",
			"slotId": "1",
			"location": {
				"x": 0,
				"y": 0,
				"r": "Horizontal"
			}
		},
		{
			"_id": "AmmoMag0Vest264585",
			"_tpl": "5a608bf24f39f98ffc77720e",
			"parentId": "mag0Vest468278",
			"slotId": "cartridges",
			"upd": {
				"StackObjectsCount": 20
			}
		},
		{
			"_id": "mag1Vest17990",
			"_tpl": "5b099ac65acfc400186331e1",
			"parentId": "TacticalVest183327",
			"slotId": "3",
			"location": {
				"x": 0,
				"y": 0,
				"r": "Horizontal"
			}
		},
		{
			"_id": "AmmoMag1Vest833487",
			"_tpl": "5a6086ea4f39f99cd479502f",
			"parentId": "mag1Vest17990",
			"slotId": "cartridges",
			"upd": {
				"StackObjectsCount": 20
			}
		},
		{
			"_id": "mag2Vest631518",
			"_tpl": "5b099ac65acfc400186331e1",
			"parentId": "TacticalVest183327",
			"slotId": "5",
			"location": {
				"x": 0,
				"y": 0,
				"r": "Horizontal"
			}
		},
		{
			"_id": "AmmoMag2Vest171671",
			"_tpl": "5a608bf24f39f98ffc77720e",
			"parentId": "mag2Vest631518",
			"slotId": "cartridges",
			"upd": {
				"StackObjectsCount": 20
			}
		},
		{
			"_id": "magP0Vest26861",
			"_tpl": "576a5ed62459771e9c2096cb",
			"parentId": "TacticalVest183327",
			"slotId": "2",
			"location": {
				"x": 0,
				"y": 0,
				"r": "Horizontal"
			}
		},
		{
			"_id": "AmmoMagPVest602232",
			"_tpl": "56d59d3ad2720bdb418b4577",
			"parentId": "magP0Vest26861",
			"slotId": "cartridges",
			"upd": {
				"StackObjectsCount": 18
			}
		},
		{
			"_id": "magP0Vest1611",
			"_tpl": "576a5ed62459771e9c2096cb",
			"parentId": "TacticalVest183327",
			"slotId": "2",
			"location": {
				"x": 0,
				"y": 1,
				"r": "Horizontal"
			}
		},
		{
			"_id": "AmmoMagPVest369857",
			"_tpl": "56d59d3ad2720bdb418b4577",
			"parentId": "magP0Vest1611",
			"slotId": "cartridges",
			"upd": {
				"StackObjectsCount": 18
			}
		},
		{
			"_id": "magP1Vest33612",
			"_tpl": "576a5ed62459771e9c2096cb",
			"parentId": "TacticalVest183327",
			"slotId": "6",
			"location": {
				"x": 0,
				"y": 1,
				"r": "Horizontal"
			}
		},
		{
			"_id": "AmmoMagPVest976280",
			"_tpl": "58864a4f2459770fcc257101",
			"parentId": "magP1Vest33612",
			"slotId": "cartridges",
			"upd": {
				"StackObjectsCount": 18
			}
		},
		{
			"_id": "Scabbard148316",
			"_tpl": "57e26fc7245977162a14b800",
			"parentId": "5c6687d65e9d882c8841f0fd",
			"slotId": "Scabbard"
		},
		{
			"_id": "Headwear660168",
			"_tpl": "5df8a58286f77412631087ed",
			"parentId": "5c6687d65e9d882c8841f0fd",
			"slotId": "Headwear"
		},
		{
			"_id": "FaceCover414478",
			"_tpl": "5bd06f5d86f77427101ad47c",
			"parentId": "5c6687d65e9d882c8841f0fd",
			"slotId": "FaceCover"
		},
		{
			"_id": "Backpack599007",
			"_tpl": "56e33634d2720bd8058b456b",
			"parentId": "5c6687d65e9d882c8841f0fd",
			"slotId": "Backpack"
		},
		{
			"_id": "BP_Backpack599007_481444",
			"_tpl": "5734758f24597738025ee253",
			"parentId": "Backpack599007",
			"slotId": "main",
			"location": {
				"x": 0,
				"y": 0,
				"r": "Horizontal"
			}
		},
		{
			"_id": "BP_Backpack599007_900637",
			"_tpl": "5d1b5e94d7ad1a2b865a96b0",
			"parentId": "Backpack599007",
			"slotId": "main",
			"location": {
				"x": 0,
				"y": 1,
				"r": "Horizontal"
			}
		},
		{
			"_id": "Pocket_539392",
			"_tpl": "5d40425986f7743185265461",
			"parentId": "5c6687d65e9d882c8841f121",
			"slotId": "pocket1",
			"location": {
				"x": 0,
				"y": 0,
				"r": "Horizontal"
			},
			"upd": {
				"SpawnedInSession": true
			}
		},
		{
			"_id": "Pocket_393259",
			"_tpl": "5734795124597738002c6176",
			"parentId": "5c6687d65e9d882c8841f121",
			"slotId": "pocket2",
			"location": {
				"x": 0,
				"y": 0,
				"r": "Horizontal"
			},
			"upd": {
				"SpawnedInSession": true
			}
		}
	],
	"equipment": "5c6687d65e9d882c8841f0fd",
	"stash": "5c6687d65e9d882c8841f0fc",
	"questRaidItems": "5c6687d65e9d882c8841f0fe",
	"questStashItems": "5c6687d65e9d882c8841f0ff",
	"fastPanel": {}
}