{
	"items": [
		{
			"_id": "5c6687d65e9d882c8841f0fd",
			"_tpl": "55d7217a4bdc2d86028b456d"
		},
		{
			"_id": "5c6687d65e9d882c8841f121",
			"_tpl": "557ffd194bdc2d28148b457f",
			"parentId": "5c6687d65e9d882c8841f0fd",
			"slotId": "Pockets"
		},
		{
			"_id": "5c6687d65e9d882c8841f0fc",
			"_tpl": "566abbc34bdc2d92178b4576"
		},
		{
			"_id": "5c6687d65e9d882c8841f0ff",
			"_tpl": "5963866b86f7747bfa1c4462"
		},
		{
			"_id": "5c6687d65e9d882c8841f0fe",
			"_tpl": "5963866286f7747bf429b572"
		},
		{
			"_id": "TacticalVest420073",
			"_tpl": "5d5d8ca986f7742798716522",
			"parentId": "5c6687d65e9d882c8841f0fd",
			"slotId": "TacticalVest"
		},
		{
			"_id": "I331037163568947561Z5pKB",
			"_tpl": "576165642459773c7a400233",
			"parentId": "5c6687d65e9d882c8841f0fd",
			"slotId": "FirstPrimaryWeapon"
		},
		{
			"_id": "I331037162091689334L8G55",
			"_tpl": "576169e62459773c69055191",
			"parentId": "I331037163568947561Z5pKB",
			"slotId": "mod_handguard"
		},
		{
			"_id": "I331037165052224995liavV",
			"_tpl": "576167ab2459773cad038c43",
			"parentId": "I331037163568947561Z5pKB",
			"slotId": "mod_muzzle"
		},
		{
			"_id": "I331037164580977493gNxor",
			"_tpl": "5649ade84bdc2d1b2b8b4587",
			"parentId": "I331037163568947561Z5pKB",
			"slotId": "mod_pistol_grip"
		},
		{
			"_id": "I331037167619856716yRLcU",
			"_tpl": "57616c112459773cce774d66",
			"parentId": "I331037163568947561Z5pKB",
			"slotId": "mod_reciever"
		},
		{
			"_id": "I331037163584289525Fno7G",
			"_tpl": "57a9b9ce2459770ee926038d",
			"parentId": "I331037163568947561Z5pKB",
			"slotId": "mod_sight_rear",
			"upd": {
				"Sight": {
					"SelectedSightMode": 0
				}
			}
		},
		{
			"_id": "MagazineWeaponScav1260",
			"_tpl": "57616a9e2459773c7a400234",
			"parentId": "I331037163568947561Z5pKB",
			"slotId": "mod_magazine"
		},
		{
			"_id": "AmmoMag14758",
			"_tpl": "58820d1224597753c90aeb13",
			"parentId": "MagazineWeaponScav1260",
			"slotId": "cartridges",
			"upd": {
				"StackObjectsCount": 5
			}
		},
		{
			"_id": "FuckYouUnlimitedAmmo706361",
			"_tpl": "5857a8bc2459772bad15db29",
			"parentId": "5c6687d65e9d882c8841f0fd",
			"slotId": "SecuredContainer"
		},
		{
			"_id": "iHateThatShit599523",
			"_tpl": "5d6e68c4a4b9361b93413f79",
			"parentId": "FuckYouUnlimitedAmmo706361",
			"slotId": "main",
			"upd": {
				"StackObjectsCount": 60
			}
		},
		{
			"_id": "iHateThatShit839150",
			"_tpl": "5d6e68e6a4b9361c140bcfe0",
			"parentId": "FuckYouUnlimitedAmmo706361",
			"slotId": "main",
			"upd": {
				"StackObjectsCount": 60
			}
		},
		{
			"_id": "iHateThatShit794928",
			"_tpl": "560d5e524bdc2d25448b4571",
			"parentId": "FuckYouUnlimitedAmmo706361",
			"slotId": "main",
			"upd": {
				"StackObjectsCount": 60
			}
		},
		{
			"_id": "iHateThatShit922191",
			"_tpl": "5d6e68a8a4b9360b6c0d54e2",
			"parentId": "FuckYouUnlimitedAmmo706361",
			"slotId": "main",
			"upd": {
				"StackObjectsCount": 60
			}
		},
		{
			"_id": "iHateThatShit525034",
			"_tpl": "5d6e68a8a4b9360b6c0d54e2",
			"parentId": "FuckYouUnlimitedAmmo706361",
			"slotId": "main",
			"upd": {
				"StackObjectsCount": 60
			}
		},
		{
			"_id": "iHateThatShit101175",
			"_tpl": "5d6e68dea4b9361bcc29e659",
			"parentId": "FuckYouUnlimitedAmmo706361",
			"slotId": "main",
			"upd": {
				"StackObjectsCount": 60
			}
		},
		{
			"_id": "iHateThatShit338791",
			"_tpl": "5d6e6869a4b9361c140bcfde",
			"parentId": "FuckYouUnlimitedAmmo706361",
			"slotId": "main",
			"upd": {
				"StackObjectsCount": 60
			}
		},
		{
			"_id": "iHateThatShit399625",
			"_tpl": "5d6fbf68a4b9362233221f6b",
			"parentId": "FuckYouUnlimitedAmmo706361",
			"slotId": "main",
			"upd": {
				"StackObjectsCount": 60
			}
		},
		{
			"_id": "iHateThatShit834089",
			"_tpl": "5d6e6891a4b9361bd473feea",
			"parentId": "FuckYouUnlimitedAmmo706361",
			"slotId": "main",
			"upd": {
				"StackObjectsCount": 60
			}
		},
		{
			"_id": "mag1Vest246340",
			"_tpl": "57616a9e2459773c7a400234",
			"parentId": "TacticalVest420073",
			"slotId": "3",
			"location": {
				"x": 0,
				"y": 0,
				"r": "Horizontal"
			}
		},
		{
			"_id": "AmmoMag1Vest116841",
			"_tpl": "5d6fbf68a4b9362233221f6b",
			"parentId": "mag1Vest246340",
			"slotId": "cartridges",
			"upd": {
				"StackObjectsCount": 5
			}
		},
		{
			"_id": "mag0Vest662816",
			"_tpl": "57616a9e2459773c7a400234",
			"parentId": "TacticalVest420073",
			"slotId": "1",
			"location": {
				"x": 0,
				"y": 0,
				"r": "Horizontal"
			}
		},
		{
			"_id": "AmmoMag0Vest552347",
			"_tpl": "5d6e6911a4b9361bd5780d52",
			"parentId": "mag0Vest662816",
			"slotId": "cartridges",
			"upd": {
				"StackObjectsCount": 5
			}
		},
		{
			"_id": "mag0Vest89025",
			"_tpl": "57616a9e2459773c7a400234",
			"parentId": "TacticalVest420073",
			"slotId": "1",
			"location": {
				"x": 1,
				"y": 0,
				"r": "Horizontal"
			}
		},
		{
			"_id": "AmmoMag0Vest86400",
			"_tpl": "5d6e689ca4b9361bc8618956",
			"parentId": "mag0Vest89025",
			"slotId": "cartridges",
			"upd": {
				"StackObjectsCount": 5
			}
		},
		{
			"_id": "Scabbard685949",
			"_tpl": "54491bb74bdc2d09088b4567",
			"parentId": "5c6687d65e9d882c8841f0fd",
			"slotId": "Scabbard"
		},
		{
			"_id": "Headwear233489",
			"_tpl": "5a43957686f7742a2c2f11b0",
			"parentId": "5c6687d65e9d882c8841f0fd",
			"slotId": "Headwear"
		},
		{
			"_id": "Backpack932985",
			"_tpl": "5ca20d5986f774331e7c9602",
			"parentId": "5c6687d65e9d882c8841f0fd",
			"slotId": "Backpack"
		},
		{
			"_id": "Pocket_437600",
			"_tpl": "5d40425986f7743185265461",
			"parentId": "5c6687d65e9d882c8841f121",
			"slotId": "pocket1",
			"location": {
				"x": 0,
				"y": 0,
				"r": "Horizontal"
			},
			"upd": {
				"SpawnedInSession": true
			}
		},
		{
			"_id": "Pocket_325456",
			"_tpl": "573477e124597737dd42e191",
			"parentId": "5c6687d65e9d882c8841f121",
			"slotId": "pocket2",
			"location": {
				"x": 0,
				"y": 0,
				"r": "Horizontal"
			},
			"upd": {
				"SpawnedInSession": true
			}
		}
	],
	"equipment": "5c6687d65e9d882c8841f0fd",
	"stash": "5c6687d65e9d882c8841f0fc",
	"questRaidItems": "5c6687d65e9d882c8841f0fe",
	"questStashItems": "5c6687d65e9d882c8841f0ff",
	"fastPanel": {}
}