{
	"items": [
		{
			"_id": "5c6687d65e9d882c8841f0fd",
			"_tpl": "55d7217a4bdc2d86028b456d"
		},
		{
			"_id": "5c6687d65e9d882c8841f121",
			"_tpl": "557ffd194bdc2d28148b457f",
			"parentId": "5c6687d65e9d882c8841f0fd",
			"slotId": "Pockets"
		},
		{
			"_id": "5c6687d65e9d882c8841f0fc",
			"_tpl": "566abbc34bdc2d92178b4576"
		},
		{
			"_id": "5c6687d65e9d882c8841f0ff",
			"_tpl": "5963866b86f7747bfa1c4462"
		},
		{
			"_id": "5c6687d65e9d882c8841f0fe",
			"_tpl": "5963866286f7747bf429b572"
		},
		{
			"_id": "TacticalVest759318",
			"_tpl": "5b44c8ea86f7742d1627baf1",
			"parentId": "5c6687d65e9d882c8841f0fd",
			"slotId": "TacticalVest"
		},
		{
			"_id": "I210054153211666324Nq18W",
			"_tpl": "5c46fbd72e2216398b5a8c9c",
			"parentId": "5c6687d65e9d882c8841f0fd",
			"slotId": "FirstPrimaryWeapon"
		},
		{
			"_id": "I210054156175010314CVn0n",
			"_tpl": "5c471be12e221602b66cd9ac",
			"parentId": "I210054153211666324Nq18W",
			"slotId": "mod_pistol_grip"
		},
		{
			"_id": "MagazineWeaponScav5106",
			"_tpl": "5c88f24b2e22160bc12c69a6",
			"parentId": "I210054153211666324Nq18W",
			"slotId": "mod_magazine"
		},
		{
			"_id": "AmmoMag13478",
			"_tpl": "5e023d48186a883be655e551",
			"parentId": "MagazineWeaponScav5106",
			"slotId": "cartridges",
			"upd": {
				"StackObjectsCount": 20
			}
		},
		{
			"_id": "I210054152756362138kJ5fy",
			"_tpl": "5c471cb32e221602b177afaa",
			"parentId": "I210054153211666324Nq18W",
			"slotId": "mod_barrel"
		},
		{
			"_id": "I2100541578922177816lqLu",
			"_tpl": "5c471c2d2e22164bef5d077f",
			"parentId": "I210054153211666324Nq18W",
			"slotId": "mod_mount_001"
		},
		{
			"_id": "I210054152771921843w4nrq",
			"_tpl": "5c471bd12e221602b4129c3a",
			"parentId": "I210054153211666324Nq18W",
			"slotId": "mod_reciever"
		},
		{
			"_id": "I210054154350262906fTWwb",
			"_tpl": "5c471bfc2e221602b21d4e17",
			"parentId": "I210054152756362138kJ5fy",
			"slotId": "mod_muzzle"
		},
		{
			"_id": "I210054156855769832WgNiU",
			"_tpl": "5c471c842e221615214259b5",
			"parentId": "I210054152756362138kJ5fy",
			"slotId": "mod_gas_block"
		},
		{
			"_id": "I2100541556102252146P1lP",
			"_tpl": "5c471c6c2e221602b66cd9ae",
			"parentId": "I2100541578922177816lqLu",
			"slotId": "mod_handguard"
		},
		{
			"_id": "I210054151405287883T5uG9",
			"_tpl": "5c471b7e2e2216152006e46c",
			"parentId": "I2100541578922177816lqLu",
			"slotId": "mod_sight_rear",
			"upd": {
				"Sight": {
					"SelectedSightMode": 0
				}
			}
		},
		{
			"_id": "I210054156388736531vA431",
			"_tpl": "5c471ba12e221602b3137d76",
			"parentId": "I210054154350262906fTWwb",
			"slotId": "mod_sight_front",
			"upd": {
				"Sight": {
					"SelectedSightMode": 0
				}
			}
		},
		{
			"_id": "FuckYouUnlimitedAmmo951290",
			"_tpl": "5857a8bc2459772bad15db29",
			"parentId": "5c6687d65e9d882c8841f0fd",
			"slotId": "SecuredContainer"
		},
		{
			"_id": "iHateThatShit832692",
			"_tpl": "59e77a2386f7742ee578960a",
			"parentId": "FuckYouUnlimitedAmmo951290",
			"slotId": "main",
			"upd": {
				"StackObjectsCount": 60
			}
		},
		{
			"_id": "iHateThatShit604275",
			"_tpl": "5e023d34e8a400319a28ed44",
			"parentId": "FuckYouUnlimitedAmmo951290",
			"slotId": "main",
			"upd": {
				"StackObjectsCount": 60
			}
		},
		{
			"_id": "iHateThatShit392190",
			"_tpl": "5e023d34e8a400319a28ed44",
			"parentId": "FuckYouUnlimitedAmmo951290",
			"slotId": "main",
			"upd": {
				"StackObjectsCount": 60
			}
		},
		{
			"_id": "iHateThatShit607885",
			"_tpl": "5887431f2459777e1612938f",
			"parentId": "FuckYouUnlimitedAmmo951290",
			"slotId": "main",
			"upd": {
				"StackObjectsCount": 60
			}
		},
		{
			"_id": "iHateThatShit739110",
			"_tpl": "5e023d48186a883be655e551",
			"parentId": "FuckYouUnlimitedAmmo951290",
			"slotId": "main",
			"upd": {
				"StackObjectsCount": 60
			}
		},
		{
			"_id": "iHateThatShit803016",
			"_tpl": "5887431f2459777e1612938f",
			"parentId": "FuckYouUnlimitedAmmo951290",
			"slotId": "main",
			"upd": {
				"StackObjectsCount": 60
			}
		},
		{
			"_id": "iHateThatShit616747",
			"_tpl": "5e023cf8186a883be655e54f",
			"parentId": "FuckYouUnlimitedAmmo951290",
			"slotId": "main",
			"upd": {
				"StackObjectsCount": 60
			}
		},
		{
			"_id": "iHateThatShit962441",
			"_tpl": "560d61e84bdc2da74d8b4571",
			"parentId": "FuckYouUnlimitedAmmo951290",
			"slotId": "main",
			"upd": {
				"StackObjectsCount": 60
			}
		},
		{
			"_id": "iHateThatShit210787",
			"_tpl": "5e023d48186a883be655e551",
			"parentId": "FuckYouUnlimitedAmmo951290",
			"slotId": "main",
			"upd": {
				"StackObjectsCount": 60
			}
		},
		{
			"_id": "mag2Vest886772",
			"_tpl": "5c88f24b2e22160bc12c69a6",
			"parentId": "TacticalVest759318",
			"slotId": "3",
			"location": {
				"x": 0,
				"y": 0,
				"r": "Horizontal"
			}
		},
		{
			"_id": "AmmoMag2Vest949957",
			"_tpl": "5e023cf8186a883be655e54f",
			"parentId": "mag2Vest886772",
			"slotId": "cartridges",
			"upd": {
				"StackObjectsCount": 20
			}
		},
		{
			"_id": "mag4Vest466391",
			"_tpl": "5c88f24b2e22160bc12c69a6",
			"parentId": "TacticalVest759318",
			"slotId": "6",
			"location": {
				"x": 0,
				"y": 0,
				"r": "Horizontal"
			}
		},
		{
			"_id": "AmmoMag4Vest231252",
			"_tpl": "5e023d48186a883be655e551",
			"parentId": "mag4Vest466391",
			"slotId": "cartridges",
			"upd": {
				"StackObjectsCount": 20
			}
		},
		{
			"_id": "mag5Vest370737",
			"_tpl": "5c88f24b2e22160bc12c69a6",
			"parentId": "TacticalVest759318",
			"slotId": "8",
			"location": {
				"x": 0,
				"y": 0,
				"r": "Horizontal"
			}
		},
		{
			"_id": "AmmoMag5Vest148988",
			"_tpl": "5e023cf8186a883be655e54f",
			"parentId": "mag5Vest370737",
			"slotId": "cartridges",
			"upd": {
				"StackObjectsCount": 20
			}
		},
		{
			"_id": "Scabbard222497",
			"_tpl": "57e26fc7245977162a14b800",
			"parentId": "5c6687d65e9d882c8841f0fd",
			"slotId": "Scabbard"
		},
		{
			"_id": "Headwear956295",
			"_tpl": "572b7fa124597762b472f9d2",
			"parentId": "5c6687d65e9d882c8841f0fd",
			"slotId": "Headwear"
		},
		{
			"_id": "Backpack419820",
			"_tpl": "5ca20d5986f774331e7c9602",
			"parentId": "5c6687d65e9d882c8841f0fd",
			"slotId": "Backpack"
		},
		{
			"_id": "BP_Backpack419820_896410",
			"_tpl": "5734773724597737fd047c14",
			"parentId": "Backpack419820",
			"slotId": "main",
			"location": {
				"x": 0,
				"y": 0,
				"r": "Horizontal"
			}
		},
		{
			"_id": "BP_Backpack419820_413431",
			"_tpl": "590c2c9c86f774245b1f03f2",
			"parentId": "Backpack419820",
			"slotId": "main",
			"location": {
				"x": 0,
				"y": 1,
				"r": "Horizontal"
			}
		},
		{
			"_id": "BP_Backpack419820_448800",
			"_tpl": "59e361e886f774176c10a2a5",
			"parentId": "Backpack419820",
			"slotId": "main",
			"location": {
				"x": 0,
				"y": 2,
				"r": "Horizontal"
			}
		},
		{
			"_id": "BP_Backpack419820_629601",
			"_tpl": "5d1b31ce86f7742523398394",
			"parentId": "Backpack419820",
			"slotId": "main",
			"location": {
				"x": 0,
				"y": 3,
				"r": "Horizontal"
			}
		},
		{
			"_id": "BP_Backpack419820_106539",
			"_tpl": "5d1b5e94d7ad1a2b865a96b0",
			"parentId": "Backpack419820",
			"slotId": "main",
			"location": {
				"x": 0,
				"y": 4,
				"r": "Horizontal"
			}
		},
		{
			"_id": "BP_Backpack419820_731261",
			"_tpl": "5734781f24597737e04bf32a",
			"parentId": "Backpack419820",
			"slotId": "main",
			"location": {
				"x": 1,
				"y": 0,
				"r": "Horizontal"
			}
		},
		{
			"_id": "BP_Backpack419820_601896",
			"_tpl": "5d40407c86f774318526545a",
			"parentId": "Backpack419820",
			"slotId": "main",
			"location": {
				"x": 1,
				"y": 1,
				"r": "Horizontal"
			}
		},
		{
			"_id": "BP_Backpack419820_157952",
			"_tpl": "5d40407c86f774318526545a",
			"parentId": "Backpack419820",
			"slotId": "main",
			"location": {
				"x": 2,
				"y": 1,
				"r": "Horizontal"
			}
		},
		{
			"_id": "ArmorVest240793",
			"_tpl": "5ab8e4ed86f7742d8e50c7fa",
			"parentId": "5c6687d65e9d882c8841f0fd",
			"slotId": "ArmorVest",
			"upd": {
				"Repairable": {
					"MaxDurability": 45,
					"Durability": 9
				}
			}
		}
	],
	"equipment": "5c6687d65e9d882c8841f0fd",
	"stash": "5c6687d65e9d882c8841f0fc",
	"questRaidItems": "5c6687d65e9d882c8841f0fe",
	"questStashItems": "5c6687d65e9d882c8841f0ff",
	"fastPanel": {}
}