{
	"items": [
		{
			"_id": "5c6687d65e9d882c8841f0fd",
			"_tpl": "55d7217a4bdc2d86028b456d"
		},
		{
			"_id": "5c6687d65e9d882c8841f121",
			"_tpl": "557ffd194bdc2d28148b457f",
			"parentId": "5c6687d65e9d882c8841f0fd",
			"slotId": "Pockets"
		},
		{
			"_id": "5c6687d65e9d882c8841f0fc",
			"_tpl": "566abbc34bdc2d92178b4576"
		},
		{
			"_id": "5c6687d65e9d882c8841f0ff",
			"_tpl": "5963866b86f7747bfa1c4462"
		},
		{
			"_id": "5c6687d65e9d882c8841f0fe",
			"_tpl": "5963866286f7747bf429b572"
		},
		{
			"_id": "TacticalVest589469",
			"_tpl": "5c0e9f2c86f77432297fe0a3",
			"parentId": "5c6687d65e9d882c8841f0fd",
			"slotId": "TacticalVest"
		},
		{
			"_id": "I331043244552919659Ldxnj",
			"_tpl": "5c07c60e0db834002330051f",
			"parentId": "5c6687d65e9d882c8841f0fd",
			"slotId": "FirstPrimaryWeapon"
		},
		{
			"_id": "I331043244852644951L6Izk",
			"_tpl": "5c0e2ff6d174af02a1659d4a",
			"parentId": "I331043244552919659Ldxnj",
			"slotId": "mod_pistol_grip"
		},
		{
			"_id": "MagazineWeaponScav9108",
			"_tpl": "59c1383d86f774290a37e0ca",
			"parentId": "I331043244552919659Ldxnj",
			"slotId": "mod_magazine"
		},
		{
			"_id": "AmmoMag1696",
			"_tpl": "59e690b686f7746c9f75e848",
			"parentId": "MagazineWeaponScav9108",
			"slotId": "cartridges",
			"upd": {
				"StackObjectsCount": 60
			}
		},
		{
			"_id": "I331043248589038077hHkJw",
			"_tpl": "5c0e2f26d174af02a9625114",
			"parentId": "I331043244552919659Ldxnj",
			"slotId": "mod_reciever"
		},
		{
			"_id": "I331043242648817993gbsGW",
			"_tpl": "5649be884bdc2d79388b4577",
			"parentId": "I331043244552919659Ldxnj",
			"slotId": "mod_stock"
		},
		{
			"_id": "I3310432474332535905FiFi",
			"_tpl": "5c0faf68d174af02a96260b8",
			"parentId": "I331043244552919659Ldxnj",
			"slotId": "mod_charge"
		},
		{
			"_id": "I331043247168766615wYhuL",
			"_tpl": "570fd721d2720bc5458b4596",
			"parentId": "I331043248589038077hHkJw",
			"slotId": "mod_scope",
			"upd": {
				"Sight": {
					"SelectedSightMode": 0
				}
			}
		},
		{
			"_id": "I331043248658824905ytbQK",
			"_tpl": "5c0e2f94d174af029f650d56",
			"parentId": "I331043248589038077hHkJw",
			"slotId": "mod_barrel"
		},
		{
			"_id": "I331043245196009263gmJ7C",
			"_tpl": "5c0e2f5cd174af02a012cfc9",
			"parentId": "I331043248589038077hHkJw",
			"slotId": "mod_handguard"
		},
		{
			"_id": "I331043247548404397fx8eF",
			"_tpl": "5c0fafb6d174af02a96260ba",
			"parentId": "I331043248658824905ytbQK",
			"slotId": "mod_muzzle"
		},
		{
			"_id": "I331043244235023243nc9vs",
			"_tpl": "5ae30e795acfc408fb139a0b",
			"parentId": "I331043248658824905ytbQK",
			"slotId": "mod_gas_block"
		},
		{
			"_id": "FuckYouUnlimitedAmmo598880",
			"_tpl": "5857a8bc2459772bad15db29",
			"parentId": "5c6687d65e9d882c8841f0fd",
			"slotId": "SecuredContainer"
		},
		{
			"_id": "iHateThatShit734989",
			"_tpl": "5c0d5ae286f7741e46554302",
			"parentId": "FuckYouUnlimitedAmmo598880",
			"slotId": "main",
			"upd": {
				"StackObjectsCount": 60
			}
		},
		{
			"_id": "iHateThatShit246809",
			"_tpl": "59e6920f86f77411d82aa167",
			"parentId": "FuckYouUnlimitedAmmo598880",
			"slotId": "main",
			"upd": {
				"StackObjectsCount": 60
			}
		},
		{
			"_id": "iHateThatShit542136",
			"_tpl": "59e68f6f86f7746c9f75e846",
			"parentId": "FuckYouUnlimitedAmmo598880",
			"slotId": "main",
			"upd": {
				"StackObjectsCount": 60
			}
		},
		{
			"_id": "iHateThatShit263483",
			"_tpl": "59e6918f86f7746c9f75e849",
			"parentId": "FuckYouUnlimitedAmmo598880",
			"slotId": "main",
			"upd": {
				"StackObjectsCount": 60
			}
		},
		{
			"_id": "iHateThatShit580",
			"_tpl": "59e6920f86f77411d82aa167",
			"parentId": "FuckYouUnlimitedAmmo598880",
			"slotId": "main",
			"upd": {
				"StackObjectsCount": 60
			}
		},
		{
			"_id": "iHateThatShit39889",
			"_tpl": "5c0d5ae286f7741e46554302",
			"parentId": "FuckYouUnlimitedAmmo598880",
			"slotId": "main",
			"upd": {
				"StackObjectsCount": 60
			}
		},
		{
			"_id": "iHateThatShit479847",
			"_tpl": "59e6918f86f7746c9f75e849",
			"parentId": "FuckYouUnlimitedAmmo598880",
			"slotId": "main",
			"upd": {
				"StackObjectsCount": 60
			}
		},
		{
			"_id": "iHateThatShit170217",
			"_tpl": "59e6918f86f7746c9f75e849",
			"parentId": "FuckYouUnlimitedAmmo598880",
			"slotId": "main",
			"upd": {
				"StackObjectsCount": 60
			}
		},
		{
			"_id": "iHateThatShit592539",
			"_tpl": "59e6920f86f77411d82aa167",
			"parentId": "FuckYouUnlimitedAmmo598880",
			"slotId": "main",
			"upd": {
				"StackObjectsCount": 60
			}
		},
		{
			"_id": "mag1Vest126481",
			"_tpl": "5d1340cad7ad1a0b0b249869",
			"parentId": "TacticalVest589469",
			"slotId": "2",
			"location": {
				"x": 0,
				"y": 0,
				"r": "Horizontal"
			}
		},
		{
			"_id": "AmmoMag1Vest366452",
			"_tpl": "59e690b686f7746c9f75e848",
			"parentId": "mag1Vest126481",
			"slotId": "cartridges",
			"upd": {
				"StackObjectsCount": 30
			}
		},
		{
			"_id": "mag3Vest598090",
			"_tpl": "5d1340cad7ad1a0b0b249869",
			"parentId": "TacticalVest589469",
			"slotId": "5",
			"location": {
				"x": 0,
				"y": 0,
				"r": "Horizontal"
			}
		},
		{
			"_id": "AmmoMag3Vest304678",
			"_tpl": "5c0d5ae286f7741e46554302",
			"parentId": "mag3Vest598090",
			"slotId": "cartridges",
			"upd": {
				"StackObjectsCount": 30
			}
		},
		{
			"_id": "Scabbard158576",
			"_tpl": "57e26fc7245977162a14b800",
			"parentId": "5c6687d65e9d882c8841f0fd",
			"slotId": "Scabbard"
		},
		{
			"_id": "Headwear372702",
			"_tpl": "5b4327aa5acfc400175496e0",
			"parentId": "5c6687d65e9d882c8841f0fd",
			"slotId": "Headwear"
		},
		{
			"_id": "Backpack760308",
			"_tpl": "56e33634d2720bd8058b456b",
			"parentId": "5c6687d65e9d882c8841f0fd",
			"slotId": "Backpack"
		},
		{
			"_id": "BP_Backpack760308_658366",
			"_tpl": "5d1b317c86f7742523398392",
			"parentId": "Backpack760308",
			"slotId": "main",
			"location": {
				"x": 0,
				"y": 0,
				"r": "Horizontal"
			}
		},
		{
			"_id": "Pocket_479987",
			"_tpl": "590c311186f77424d1667482",
			"parentId": "5c6687d65e9d882c8841f121",
			"slotId": "pocket1",
			"location": {
				"x": 0,
				"y": 0,
				"r": "Horizontal"
			},
			"upd": {
				"SpawnedInSession": true
			}
		},
		{
			"_id": "Pocket_40457",
			"_tpl": "590c5bbd86f774785762df04",
			"parentId": "5c6687d65e9d882c8841f121",
			"slotId": "pocket2",
			"location": {
				"x": 0,
				"y": 0,
				"r": "Horizontal"
			},
			"upd": {
				"SpawnedInSession": true
			}
		},
		{
			"_id": "Pocket_747080",
			"_tpl": "5909e99886f7740c983b9984",
			"parentId": "5c6687d65e9d882c8841f121",
			"slotId": "pocket3",
			"location": {
				"x": 0,
				"y": 0,
				"r": "Horizontal"
			},
			"upd": {
				"SpawnedInSession": true
			}
		}
	],
	"equipment": "5c6687d65e9d882c8841f0fd",
	"stash": "5c6687d65e9d882c8841f0fc",
	"questRaidItems": "5c6687d65e9d882c8841f0fe",
	"questStashItems": "5c6687d65e9d882c8841f0ff",
	"fastPanel": {}
}