{
	"items": [
		{
			"_id": "5c6687d65e9d882c8841f0fd",
			"_tpl": "55d7217a4bdc2d86028b456d"
		},
		{
			"_id": "5c6687d65e9d882c8841f121",
			"_tpl": "557ffd194bdc2d28148b457f",
			"parentId": "5c6687d65e9d882c8841f0fd",
			"slotId": "Pockets"
		},
		{
			"_id": "5c6687d65e9d882c8841f0fc",
			"_tpl": "566abbc34bdc2d92178b4576"
		},
		{
			"_id": "5c6687d65e9d882c8841f0ff",
			"_tpl": "5963866b86f7747bfa1c4462"
		},
		{
			"_id": "5c6687d65e9d882c8841f0fe",
			"_tpl": "5963866286f7747bf429b572"
		},
		{
			"_id": "TacticalVest157747",
			"_tpl": "5648a69d4bdc2ded0b8b457b",
			"parentId": "5c6687d65e9d882c8841f0fd",
			"slotId": "TacticalVest"
		},
		{
			"_id": "I331035563528845356iTn2n",
			"_tpl": "59f9cabd86f7743a10721f46",
			"parentId": "5c6687d65e9d882c8841f0fd",
			"slotId": "FirstPrimaryWeapon"
		},
		{
			"_id": "I331035566810636633QAhDX",
			"_tpl": "5998517986f7746017232f7e",
			"parentId": "I331035563528845356iTn2n",
			"slotId": "mod_pistol_grip"
		},
		{
			"_id": "MagazineWeaponScav5973",
			"_tpl": "5998529a86f774647f44f421",
			"parentId": "I331035563528845356iTn2n",
			"slotId": "mod_magazine"
		},
		{
			"_id": "AmmoMag17475",
			"_tpl": "58864a4f2459770fcc257101",
			"parentId": "MagazineWeaponScav5973",
			"slotId": "cartridges",
			"upd": {
				"StackObjectsCount": 10
			}
		},
		{
			"_id": "I331035568746373038oknvF",
			"_tpl": "5998598e86f7740b3f498a86",
			"parentId": "I331035563528845356iTn2n",
			"slotId": "mod_muzzle"
		},
		{
			"_id": "I331035567253140510LHQgu",
			"_tpl": "599860e986f7743bb57573a6",
			"parentId": "I331035563528845356iTn2n",
			"slotId": "mod_sight_rear",
			"upd": {
				"Sight": {
					"SelectedSightMode": 0
				}
			}
		},
		{
			"_id": "I331035562264819377Z7hyQ",
			"_tpl": "59ccd11386f77428f24a488f",
			"parentId": "I331035563528845356iTn2n",
			"slotId": "mod_gas_block"
		},
		{
			"_id": "I331035566113162755scrAf",
			"_tpl": "5648b1504bdc2d9d488b4584",
			"parentId": "I331035562264819377Z7hyQ",
			"slotId": "mod_handguard"
		},
		{
			"_id": "FuckYouUnlimitedAmmo164164",
			"_tpl": "5857a8bc2459772bad15db29",
			"parentId": "5c6687d65e9d882c8841f0fd",
			"slotId": "SecuredContainer"
		},
		{
			"_id": "iHateThatShit764306",
			"_tpl": "5a3c16fe86f77452b62de32a",
			"parentId": "FuckYouUnlimitedAmmo164164",
			"slotId": "main",
			"upd": {
				"StackObjectsCount": 60
			}
		},
		{
			"_id": "iHateThatShit447686",
			"_tpl": "5c3df7d588a4501f290594e5",
			"parentId": "FuckYouUnlimitedAmmo164164",
			"slotId": "main",
			"upd": {
				"StackObjectsCount": 60
			}
		},
		{
			"_id": "iHateThatShit191641",
			"_tpl": "5a3c16fe86f77452b62de32a",
			"parentId": "FuckYouUnlimitedAmmo164164",
			"slotId": "main",
			"upd": {
				"StackObjectsCount": 60
			}
		},
		{
			"_id": "iHateThatShit514991",
			"_tpl": "56d59d3ad2720bdb418b4577",
			"parentId": "FuckYouUnlimitedAmmo164164",
			"slotId": "main",
			"upd": {
				"StackObjectsCount": 60
			}
		},
		{
			"_id": "iHateThatShit650453",
			"_tpl": "5c925fa22e221601da359b7b",
			"parentId": "FuckYouUnlimitedAmmo164164",
			"slotId": "main",
			"upd": {
				"StackObjectsCount": 60
			}
		},
		{
			"_id": "iHateThatShit171956",
			"_tpl": "58864a4f2459770fcc257101",
			"parentId": "FuckYouUnlimitedAmmo164164",
			"slotId": "main",
			"upd": {
				"StackObjectsCount": 60
			}
		},
		{
			"_id": "iHateThatShit685120",
			"_tpl": "5c3df7d588a4501f290594e5",
			"parentId": "FuckYouUnlimitedAmmo164164",
			"slotId": "main",
			"upd": {
				"StackObjectsCount": 60
			}
		},
		{
			"_id": "iHateThatShit56074",
			"_tpl": "5a3c16fe86f77452b62de32a",
			"parentId": "FuckYouUnlimitedAmmo164164",
			"slotId": "main",
			"upd": {
				"StackObjectsCount": 60
			}
		},
		{
			"_id": "iHateThatShit218387",
			"_tpl": "5a3c16fe86f77452b62de32a",
			"parentId": "FuckYouUnlimitedAmmo164164",
			"slotId": "main",
			"upd": {
				"StackObjectsCount": 60
			}
		},
		{
			"_id": "mag0Vest22874",
			"_tpl": "5c0672ed0db834001b7353f3",
			"parentId": "TacticalVest157747",
			"slotId": "1",
			"location": {
				"x": 0,
				"y": 0,
				"r": "Horizontal"
			}
		},
		{
			"_id": "AmmoMag0Vest291779",
			"_tpl": "5c925fa22e221601da359b7b",
			"parentId": "mag0Vest22874",
			"slotId": "cartridges",
			"upd": {
				"StackObjectsCount": 30
			}
		},
		{
			"_id": "mag1Vest857256",
			"_tpl": "5c0672ed0db834001b7353f3",
			"parentId": "TacticalVest157747",
			"slotId": "3",
			"location": {
				"x": 0,
				"y": 0,
				"r": "Horizontal"
			}
		},
		{
			"_id": "AmmoMag1Vest760878",
			"_tpl": "5a3c16fe86f77452b62de32a",
			"parentId": "mag1Vest857256",
			"slotId": "cartridges",
			"upd": {
				"StackObjectsCount": 30
			}
		},
		{
			"_id": "mag2Vest578847",
			"_tpl": "5c0672ed0db834001b7353f3",
			"parentId": "TacticalVest157747",
			"slotId": "10",
			"location": {
				"x": 0,
				"y": 0,
				"r": "Horizontal"
			}
		},
		{
			"_id": "AmmoMag2Vest144292",
			"_tpl": "5c0d56a986f774449d5de529",
			"parentId": "mag2Vest578847",
			"slotId": "cartridges",
			"upd": {
				"StackObjectsCount": 30
			}
		},
		{
			"_id": "mag0Vest335188",
			"_tpl": "5c0672ed0db834001b7353f3",
			"parentId": "TacticalVest157747",
			"slotId": "5",
			"location": {
				"x": 1,
				"y": 0,
				"r": "Horizontal"
			}
		},
		{
			"_id": "AmmoMag0Vest286322",
			"_tpl": "5c0d56a986f774449d5de529",
			"parentId": "mag0Vest335188",
			"slotId": "cartridges",
			"upd": {
				"StackObjectsCount": 30
			}
		},
		{
			"_id": "Scabbard273891",
			"_tpl": "5bffdc370db834001d23eca8",
			"parentId": "5c6687d65e9d882c8841f0fd",
			"slotId": "Scabbard"
		},
		{
			"_id": "Headwear488412",
			"_tpl": "59e7708286f7742cbd762753",
			"parentId": "5c6687d65e9d882c8841f0fd",
			"slotId": "Headwear"
		},
		{
			"_id": "Backpack721863",
			"_tpl": "5ab8f04f86f774585f4237d8",
			"parentId": "5c6687d65e9d882c8841f0fd",
			"slotId": "Backpack"
		},
		{
			"_id": "ArmorVest541526",
			"_tpl": "59e7635f86f7742cbf2c1095",
			"parentId": "5c6687d65e9d882c8841f0fd",
			"slotId": "ArmorVest",
			"upd": {
				"Repairable": {
					"MaxDurability": 40,
					"Durability": 27
				}
			}
		},
		{
			"_id": "Pocket_23267",
			"_tpl": "57347baf24597738002c6178",
			"parentId": "5c6687d65e9d882c8841f121",
			"slotId": "pocket1",
			"location": {
				"x": 0,
				"y": 0,
				"r": "Horizontal"
			},
			"upd": {
				"SpawnedInSession": true
			}
		},
		{
			"_id": "Pocket_904899",
			"_tpl": "5734773724597737fd047c14",
			"parentId": "5c6687d65e9d882c8841f121",
			"slotId": "pocket2",
			"location": {
				"x": 0,
				"y": 0,
				"r": "Horizontal"
			},
			"upd": {
				"SpawnedInSession": true
			}
		},
		{
			"_id": "Pocket_839000",
			"_tpl": "590a3b0486f7743954552bdb",
			"parentId": "5c6687d65e9d882c8841f121",
			"slotId": "pocket3",
			"location": {
				"x": 0,
				"y": 0,
				"r": "Horizontal"
			},
			"upd": {
				"SpawnedInSession": true
			}
		}
	],
	"equipment": "5c6687d65e9d882c8841f0fd",
	"stash": "5c6687d65e9d882c8841f0fc",
	"questRaidItems": "5c6687d65e9d882c8841f0fe",
	"questStashItems": "5c6687d65e9d882c8841f0ff",
	"fastPanel": {}
}