{
	"items": [
		{
			"_id": "5c6687d65e9d882c8841f0fd",
			"_tpl": "55d7217a4bdc2d86028b456d"
		},
		{
			"_id": "5c6687d65e9d882c8841f121",
			"_tpl": "557ffd194bdc2d28148b457f",
			"parentId": "5c6687d65e9d882c8841f0fd",
			"slotId": "Pockets"
		},
		{
			"_id": "5c6687d65e9d882c8841f0fc",
			"_tpl": "566abbc34bdc2d92178b4576"
		},
		{
			"_id": "5c6687d65e9d882c8841f0ff",
			"_tpl": "5963866b86f7747bfa1c4462"
		},
		{
			"_id": "5c6687d65e9d882c8841f0fe",
			"_tpl": "5963866286f7747bf429b572"
		},
		{
			"_id": "TacticalVest731217",
			"_tpl": "544a5caa4bdc2d1a388b4568",
			"parentId": "5c6687d65e9d882c8841f0fd",
			"slotId": "TacticalVest"
		},
		{
			"_id": "I210012123221022802F7QT2",
			"_tpl": "5b0bbe4e5acfc40dc528a72d",
			"parentId": "5c6687d65e9d882c8841f0fd",
			"slotId": "FirstPrimaryWeapon"
		},
		{
			"_id": "I210012129842450629TFA7q",
			"_tpl": "5b099b965acfc400186331e6",
			"parentId": "I210012123221022802F7QT2",
			"slotId": "mod_pistol_grip"
		},
		{
			"_id": "MagazineWeaponScav7718",
			"_tpl": "5b7bef5d5acfc43bca7067a3",
			"parentId": "I210012123221022802F7QT2",
			"slotId": "mod_magazine"
		},
		{
			"_id": "AmmoMag1676",
			"_tpl": "5a6086ea4f39f99cd479502f",
			"parentId": "MagazineWeaponScav7718",
			"slotId": "cartridges",
			"upd": {
				"StackObjectsCount": 30
			}
		},
		{
			"_id": "I210012125311869010REOrE",
			"_tpl": "5b099a9d5acfc47a8607efe7",
			"parentId": "I210012123221022802F7QT2",
			"slotId": "mod_handguard"
		},
		{
			"_id": "I210012126461383353sq5y6",
			"_tpl": "5b099a765acfc47a8607efe3",
			"parentId": "I210012123221022802F7QT2",
			"slotId": "mod_barrel"
		},
		{
			"_id": "I210012128524422314XLqo5",
			"_tpl": "5b0bc22d5acfc47a8607f085",
			"parentId": "I210012123221022802F7QT2",
			"slotId": "mod_sight_rear",
			"upd": {
				"Sight": {
					"SelectedSightMode": 0
				}
			}
		},
		{
			"_id": "I210012128136342704DP5cV",
			"_tpl": "5b099bb25acfc400186331e8",
			"parentId": "I210012123221022802F7QT2",
			"slotId": "mod_reciever"
		},
		{
			"_id": "I210012125591682927D374Z",
			"_tpl": "5b099bf25acfc4001637e683",
			"parentId": "I210012123221022802F7QT2",
			"slotId": "mod_stock"
		},
		{
			"_id": "I210012127335910065M7VPp",
			"_tpl": "5b099b7d5acfc400186331e4",
			"parentId": "I210012126461383353sq5y6",
			"slotId": "mod_muzzle"
		},
		{
			"_id": "I2100121287725603027iN5R",
			"_tpl": "5649be884bdc2d79388b4577",
			"parentId": "I210012125591682927D374Z",
			"slotId": "mod_stock_000"
		},
		{
			"_id": "I210012126169698459Cnsow",
			"_tpl": "56eabf3bd2720b75698b4569",
			"parentId": "I2100121287725603027iN5R",
			"slotId": "mod_stock_000"
		},
		{
			"_id": "I2100121225703768411CYuZ",
			"_tpl": "58d2912286f7744e27117493",
			"parentId": "I210012126169698459Cnsow",
			"slotId": "mod_stock"
		},
		{
			"_id": "FuckYouUnlimitedAmmo162376",
			"_tpl": "5857a8bc2459772bad15db29",
			"parentId": "5c6687d65e9d882c8841f0fd",
			"slotId": "SecuredContainer"
		},
		{
			"_id": "iHateThatShit928530",
			"_tpl": "5a6086ea4f39f99cd479502f",
			"parentId": "FuckYouUnlimitedAmmo162376",
			"slotId": "main",
			"upd": {
				"StackObjectsCount": 60
			}
		},
		{
			"_id": "iHateThatShit72147",
			"_tpl": "58dd3ad986f77403051cba8f",
			"parentId": "FuckYouUnlimitedAmmo162376",
			"slotId": "main",
			"upd": {
				"StackObjectsCount": 60
			}
		},
		{
			"_id": "iHateThatShit201784",
			"_tpl": "5e023e88277cce2b522ff2b1",
			"parentId": "FuckYouUnlimitedAmmo162376",
			"slotId": "main",
			"upd": {
				"StackObjectsCount": 60
			}
		},
		{
			"_id": "iHateThatShit933933",
			"_tpl": "5e023e53d4353e3302577c4c",
			"parentId": "FuckYouUnlimitedAmmo162376",
			"slotId": "main",
			"upd": {
				"StackObjectsCount": 60
			}
		},
		{
			"_id": "iHateThatShit593545",
			"_tpl": "58dd3ad986f77403051cba8f",
			"parentId": "FuckYouUnlimitedAmmo162376",
			"slotId": "main",
			"upd": {
				"StackObjectsCount": 60
			}
		},
		{
			"_id": "iHateThatShit797661",
			"_tpl": "5a608bf24f39f98ffc77720e",
			"parentId": "FuckYouUnlimitedAmmo162376",
			"slotId": "main",
			"upd": {
				"StackObjectsCount": 60
			}
		},
		{
			"_id": "iHateThatShit55980",
			"_tpl": "5e023e88277cce2b522ff2b1",
			"parentId": "FuckYouUnlimitedAmmo162376",
			"slotId": "main",
			"upd": {
				"StackObjectsCount": 60
			}
		},
		{
			"_id": "iHateThatShit552002",
			"_tpl": "58dd3ad986f77403051cba8f",
			"parentId": "FuckYouUnlimitedAmmo162376",
			"slotId": "main",
			"upd": {
				"StackObjectsCount": 60
			}
		},
		{
			"_id": "iHateThatShit47597",
			"_tpl": "5e023e53d4353e3302577c4c",
			"parentId": "FuckYouUnlimitedAmmo162376",
			"slotId": "main",
			"upd": {
				"StackObjectsCount": 60
			}
		},
		{
			"_id": "mag1Vest646",
			"_tpl": "5b7d37845acfc400170e2f87",
			"parentId": "TacticalVest731217",
			"slotId": "2",
			"location": {
				"x": 0,
				"y": 0,
				"r": "Horizontal"
			}
		},
		{
			"_id": "AmmoMag1Vest116500",
			"_tpl": "5e023e88277cce2b522ff2b1",
			"parentId": "mag1Vest646",
			"slotId": "cartridges",
			"upd": {
				"StackObjectsCount": 30
			}
		},
		{
			"_id": "mag3Vest245629",
			"_tpl": "5b7d37845acfc400170e2f87",
			"parentId": "TacticalVest731217",
			"slotId": "11",
			"location": {
				"x": 0,
				"y": 0,
				"r": "Horizontal"
			}
		},
		{
			"_id": "AmmoMag3Vest276715",
			"_tpl": "58dd3ad986f77403051cba8f",
			"parentId": "mag3Vest245629",
			"slotId": "cartridges",
			"upd": {
				"StackObjectsCount": 30
			}
		},
		{
			"_id": "mag0Vest450683",
			"_tpl": "5b7d37845acfc400170e2f87",
			"parentId": "TacticalVest731217",
			"slotId": "5",
			"location": {
				"x": 1,
				"y": 0,
				"r": "Horizontal"
			}
		},
		{
			"_id": "AmmoMag0Vest870649",
			"_tpl": "5e023e88277cce2b522ff2b1",
			"parentId": "mag0Vest450683",
			"slotId": "cartridges",
			"upd": {
				"StackObjectsCount": 30
			}
		},
		{
			"_id": "StackAmmo19100016425",
			"_tpl": "5e023e53d4353e3302577c4c",
			"parentId": "TacticalVest731217",
			"slotId": "7",
			"upd": {
				"StackObjectsCount": 39
			}
		},
		{
			"_id": "StackAmmo86674630372",
			"_tpl": "5a6086ea4f39f99cd479502f",
			"parentId": "TacticalVest731217",
			"slotId": "9",
			"upd": {
				"StackObjectsCount": 18
			}
		},
		{
			"_id": "Scabbard416421",
			"_tpl": "57e26fc7245977162a14b800",
			"parentId": "5c6687d65e9d882c8841f0fd",
			"slotId": "Scabbard"
		},
		{
			"_id": "Headwear13097",
			"_tpl": "5df8a58286f77412631087ed",
			"parentId": "5c6687d65e9d882c8841f0fd",
			"slotId": "Headwear"
		},
		{
			"_id": "FaceCover4462",
			"_tpl": "5bd0716d86f774171822ef4b",
			"parentId": "5c6687d65e9d882c8841f0fd",
			"slotId": "FaceCover"
		},
		{
			"_id": "ArmorVest750727",
			"_tpl": "5ab8e79e86f7742d8b372e78",
			"parentId": "5c6687d65e9d882c8841f0fd",
			"slotId": "ArmorVest",
			"upd": {
				"Repairable": {
					"MaxDurability": 65,
					"Durability": 28
				}
			}
		},
		{
			"_id": "Pocket_940340",
			"_tpl": "5c0e531286f7747fa54205c2",
			"parentId": "5c6687d65e9d882c8841f121",
			"slotId": "pocket1",
			"location": {
				"x": 0,
				"y": 0,
				"r": "Horizontal"
			},
			"upd": {
				"SpawnedInSession": true
			}
		},
		{
			"_id": "Pocket_555911",
			"_tpl": "590c5bbd86f774785762df04",
			"parentId": "5c6687d65e9d882c8841f121",
			"slotId": "pocket2",
			"location": {
				"x": 0,
				"y": 0,
				"r": "Horizontal"
			},
			"upd": {
				"SpawnedInSession": true
			}
		}
	],
	"equipment": "5c6687d65e9d882c8841f0fd",
	"stash": "5c6687d65e9d882c8841f0fc",
	"questRaidItems": "5c6687d65e9d882c8841f0fe",
	"questStashItems": "5c6687d65e9d882c8841f0ff",
	"fastPanel": {}
}