{
	"items": [
		{
			"_id": "5c6687d65e9d882c8841f0fd",
			"_tpl": "55d7217a4bdc2d86028b456d"
		},
		{
			"_id": "5c6687d65e9d882c8841f121",
			"_tpl": "557ffd194bdc2d28148b457f",
			"parentId": "5c6687d65e9d882c8841f0fd",
			"slotId": "Pockets"
		},
		{
			"_id": "5c6687d65e9d882c8841f0fc",
			"_tpl": "566abbc34bdc2d92178b4576"
		},
		{
			"_id": "5c6687d65e9d882c8841f0ff",
			"_tpl": "5963866b86f7747bfa1c4462"
		},
		{
			"_id": "5c6687d65e9d882c8841f0fe",
			"_tpl": "5963866286f7747bf429b572"
		},
		{
			"_id": "TacticalVest272755",
			"_tpl": "5c0e446786f7742013381639",
			"parentId": "5c6687d65e9d882c8841f0fd",
			"slotId": "TacticalVest"
		},
		{
			"_id": "I2132011484628386723Xxqt",
			"_tpl": "57dc2fa62459775949412633",
			"parentId": "5c6687d65e9d882c8841f0fd",
			"slotId": "FirstPrimaryWeapon"
		},
		{
			"_id": "I2132011486864605687iFIR",
			"_tpl": "57e3dba62459770f0c32322b",
			"parentId": "I2132011484628386723Xxqt",
			"slotId": "mod_pistol_grip"
		},
		{
			"_id": "I2132011488559887366OEuQ",
			"_tpl": "57dc347d245977596754e7a1",
			"parentId": "I2132011484628386723Xxqt",
			"slotId": "mod_stock"
		},
		{
			"_id": "MagazineWeaponScav6309",
			"_tpl": "55d4837c4bdc2d1d4e8b456c",
			"parentId": "I2132011484628386723Xxqt",
			"slotId": "mod_magazine"
		},
		{
			"_id": "AmmoMag11497",
			"_tpl": "56dff4ecd2720b5f5a8b4568",
			"parentId": "MagazineWeaponScav6309",
			"slotId": "cartridges",
			"upd": {
				"StackObjectsCount": 10
			}
		},
		{
			"_id": "I21320114882426501793CFN",
			"_tpl": "57dc324a24597759501edc20",
			"parentId": "I2132011484628386723Xxqt",
			"slotId": "mod_muzzle"
		},
		{
			"_id": "I2132011483837161774rL8p",
			"_tpl": "57dc334d245977597164366f",
			"parentId": "I2132011484628386723Xxqt",
			"slotId": "mod_reciever"
		},
		{
			"_id": "I2132011481401321093pAuB",
			"_tpl": "59d36a0086f7747e673f3946",
			"parentId": "I2132011484628386723Xxqt",
			"slotId": "mod_gas_block"
		},
		{
			"_id": "I21320114892014872502T7q",
			"_tpl": "56dfef82d2720bbd668b4567",
			"parentId": "I2132011481919306319MrIy",
			"slotId": "cartridges",
			"location": 0,
			"upd": {
				"StackObjectsCount": 30
			}
		},
		{
			"_id": "I2132011481183507353RN8J",
			"_tpl": "57ffb0062459777a045af529",
			"parentId": "I2132011483837161774rL8p",
			"slotId": "mod_mount_000"
		},
		{
			"_id": "I2132011489765738179XMTZ",
			"_tpl": "57ffa9f4245977728561e844",
			"parentId": "I2132011481401321093pAuB",
			"slotId": "mod_handguard"
		},
		{
			"_id": "I21320114820335518549bT4",
			"_tpl": "570fd721d2720bc5458b4596",
			"parentId": "I2132011481183507353RN8J",
			"slotId": "mod_scope",
			"upd": {
				"Sight": {
					"SelectedSightMode": 0
				}
			}
		},
		{
			"_id": "I2132011485708308115YJoA",
			"_tpl": "56def37dd2720bec348b456a",
			"parentId": "I2132011489765738179XMTZ",
			"slotId": "mod_tactical_000",
			"upd": {
				"Light": {
					"IsActive": true,
					"SelectedMode": 0
				}
			}
		},
		{
			"_id": "FuckYouUnlimitedAmmo20420",
			"_tpl": "5857a8bc2459772bad15db29",
			"parentId": "5c6687d65e9d882c8841f0fd",
			"slotId": "SecuredContainer"
		},
		{
			"_id": "iHateThatShit736965",
			"_tpl": "56dff026d2720bb8668b4567",
			"parentId": "FuckYouUnlimitedAmmo20420",
			"slotId": "main",
			"upd": {
				"StackObjectsCount": 60
			}
		},
		{
			"_id": "iHateThatShit338455",
			"_tpl": "56dff0bed2720bb0668b4567",
			"parentId": "FuckYouUnlimitedAmmo20420",
			"slotId": "main",
			"upd": {
				"StackObjectsCount": 60
			}
		},
		{
			"_id": "iHateThatShit217707",
			"_tpl": "5c0d5e4486f77478390952fe",
			"parentId": "FuckYouUnlimitedAmmo20420",
			"slotId": "main",
			"upd": {
				"StackObjectsCount": 60
			}
		},
		{
			"_id": "iHateThatShit238706",
			"_tpl": "56dff216d2720bbd668b4568",
			"parentId": "FuckYouUnlimitedAmmo20420",
			"slotId": "main",
			"upd": {
				"StackObjectsCount": 60
			}
		},
		{
			"_id": "iHateThatShit795509",
			"_tpl": "56dfef82d2720bbd668b4567",
			"parentId": "FuckYouUnlimitedAmmo20420",
			"slotId": "main",
			"upd": {
				"StackObjectsCount": 60
			}
		},
		{
			"_id": "iHateThatShit339862",
			"_tpl": "56dff026d2720bb8668b4567",
			"parentId": "FuckYouUnlimitedAmmo20420",
			"slotId": "main",
			"upd": {
				"StackObjectsCount": 60
			}
		},
		{
			"_id": "iHateThatShit398852",
			"_tpl": "56dff0bed2720bb0668b4567",
			"parentId": "FuckYouUnlimitedAmmo20420",
			"slotId": "main",
			"upd": {
				"StackObjectsCount": 60
			}
		},
		{
			"_id": "iHateThatShit801757",
			"_tpl": "56dff421d2720b5f5a8b4567",
			"parentId": "FuckYouUnlimitedAmmo20420",
			"slotId": "main",
			"upd": {
				"StackObjectsCount": 60
			}
		},
		{
			"_id": "iHateThatShit585568",
			"_tpl": "56dff4ecd2720b5f5a8b4568",
			"parentId": "FuckYouUnlimitedAmmo20420",
			"slotId": "main",
			"upd": {
				"StackObjectsCount": 60
			}
		},
		{
			"_id": "mag3Vest628557",
			"_tpl": "55d4837c4bdc2d1d4e8b456c",
			"parentId": "TacticalVest272755",
			"slotId": "4",
			"location": {
				"x": 0,
				"y": 0,
				"r": "Horizontal"
			}
		},
		{
			"_id": "AmmoMag3Vest312906",
			"_tpl": "56dff0bed2720bb0668b4567",
			"parentId": "mag3Vest628557",
			"slotId": "cartridges",
			"upd": {
				"StackObjectsCount": 10
			}
		},
		{
			"_id": "Scabbard695277",
			"_tpl": "54491bb74bdc2d09088b4567",
			"parentId": "5c6687d65e9d882c8841f0fd",
			"slotId": "Scabbard"
		},
		{
			"_id": "Headwear797328",
			"_tpl": "5aa2b87de5b5b00016327c25",
			"parentId": "5c6687d65e9d882c8841f0fd",
			"slotId": "Headwear"
		},
		{
			"_id": "Eyewear694040",
			"_tpl": "557ff21e4bdc2d89578b4586",
			"parentId": "5c6687d65e9d882c8841f0fd",
			"slotId": "Eyewear"
		}
	],
	"equipment": "5c6687d65e9d882c8841f0fd",
	"stash": "5c6687d65e9d882c8841f0fc",
	"questRaidItems": "5c6687d65e9d882c8841f0fe",
	"questStashItems": "5c6687d65e9d882c8841f0ff",
	"fastPanel": {}
}