{
	"items": [
		{
			"_id": "5c6687d65e9d882c8841f0fd",
			"_tpl": "55d7217a4bdc2d86028b456d"
		},
		{
			"_id": "5c6687d65e9d882c8841f121",
			"_tpl": "557ffd194bdc2d28148b457f",
			"parentId": "5c6687d65e9d882c8841f0fd",
			"slotId": "Pockets"
		},
		{
			"_id": "5c6687d65e9d882c8841f0fc",
			"_tpl": "566abbc34bdc2d92178b4576"
		},
		{
			"_id": "5c6687d65e9d882c8841f0ff",
			"_tpl": "5963866b86f7747bfa1c4462"
		},
		{
			"_id": "5c6687d65e9d882c8841f0fe",
			"_tpl": "5963866286f7747bf429b572"
		},
		{
			"_id": "TacticalVest294719",
			"_tpl": "5ca20abf86f77418567a43f2",
			"parentId": "5c6687d65e9d882c8841f0fd",
			"slotId": "TacticalVest"
		},
		{
			"_id": "I21007219422797693LVXFMe",
			"_tpl": "583990e32459771419544dd2",
			"parentId": "5c6687d65e9d882c8841f0fd",
			"slotId": "FirstPrimaryWeapon"
		},
		{
			"_id": "I210072131582560693Ipu7L",
			"_tpl": "5649ad3f4bdc2df8348b4585",
			"parentId": "I21007219422797693LVXFMe",
			"slotId": "mod_pistol_grip"
		},
		{
			"_id": "I21007214617119510LSCUKg",
			"_tpl": "57dc347d245977596754e7a1",
			"parentId": "I21007219422797693LVXFMe",
			"slotId": "mod_stock"
		},
		{
			"_id": "MagazineWeaponScav2789",
			"_tpl": "55d480c04bdc2d1d4e8b456a",
			"parentId": "I21007219422797693LVXFMe",
			"slotId": "mod_magazine"
		},
		{
			"_id": "AmmoMag12698",
			"_tpl": "56dff338d2720bbd668b4569",
			"parentId": "MagazineWeaponScav2789",
			"slotId": "cartridges",
			"upd": {
				"StackObjectsCount": 30
			}
		},
		{
			"_id": "I210072145191265578FMLPB",
			"_tpl": "57dc324a24597759501edc20",
			"parentId": "I21007219422797693LVXFMe",
			"slotId": "mod_muzzle"
		},
		{
			"_id": "I21007214647949498aOt20D",
			"_tpl": "57dc334d245977597164366f",
			"parentId": "I21007219422797693LVXFMe",
			"slotId": "mod_reciever"
		},
		{
			"_id": "I21007215360212556S2RvyG",
			"_tpl": "59d36a0086f7747e673f3946",
			"parentId": "I21007219422797693LVXFMe",
			"slotId": "mod_gas_block"
		},
		{
			"_id": "I210072166375059758aOdfm",
			"_tpl": "56dfef82d2720bbd668b4567",
			"parentId": "I210072161733312651r0JD0",
			"slotId": "cartridges",
			"location": 0,
			"upd": {
				"StackObjectsCount": 30
			}
		},
		{
			"_id": "I21007217038488842AGmbED",
			"_tpl": "57dc32dc245977596d4ef3d3",
			"parentId": "I21007215360212556S2RvyG",
			"slotId": "mod_handguard"
		},
		{
			"_id": "FuckYouUnlimitedAmmo309957",
			"_tpl": "5857a8bc2459772bad15db29",
			"parentId": "5c6687d65e9d882c8841f0fd",
			"slotId": "SecuredContainer"
		},
		{
			"_id": "iHateThatShit440650",
			"_tpl": "56dff061d2720bb5668b4567",
			"parentId": "FuckYouUnlimitedAmmo309957",
			"slotId": "main",
			"upd": {
				"StackObjectsCount": 60
			}
		},
		{
			"_id": "iHateThatShit420649",
			"_tpl": "56dff338d2720bbd668b4569",
			"parentId": "FuckYouUnlimitedAmmo309957",
			"slotId": "main",
			"upd": {
				"StackObjectsCount": 60
			}
		},
		{
			"_id": "iHateThatShit61295",
			"_tpl": "56dff421d2720b5f5a8b4567",
			"parentId": "FuckYouUnlimitedAmmo309957",
			"slotId": "main",
			"upd": {
				"StackObjectsCount": 60
			}
		},
		{
			"_id": "iHateThatShit305534",
			"_tpl": "5c0d5e4486f77478390952fe",
			"parentId": "FuckYouUnlimitedAmmo309957",
			"slotId": "main",
			"upd": {
				"StackObjectsCount": 60
			}
		},
		{
			"_id": "iHateThatShit585643",
			"_tpl": "56dff338d2720bbd668b4569",
			"parentId": "FuckYouUnlimitedAmmo309957",
			"slotId": "main",
			"upd": {
				"StackObjectsCount": 60
			}
		},
		{
			"_id": "iHateThatShit850950",
			"_tpl": "56dff4a2d2720bbd668b456a",
			"parentId": "FuckYouUnlimitedAmmo309957",
			"slotId": "main",
			"upd": {
				"StackObjectsCount": 60
			}
		},
		{
			"_id": "iHateThatShit150885",
			"_tpl": "56dff4a2d2720bbd668b456a",
			"parentId": "FuckYouUnlimitedAmmo309957",
			"slotId": "main",
			"upd": {
				"StackObjectsCount": 60
			}
		},
		{
			"_id": "iHateThatShit906766",
			"_tpl": "5c0d5e4486f77478390952fe",
			"parentId": "FuckYouUnlimitedAmmo309957",
			"slotId": "main",
			"upd": {
				"StackObjectsCount": 60
			}
		},
		{
			"_id": "iHateThatShit348303",
			"_tpl": "56dff216d2720bbd668b4568",
			"parentId": "FuckYouUnlimitedAmmo309957",
			"slotId": "main",
			"upd": {
				"StackObjectsCount": 60
			}
		},
		{
			"_id": "mag1Vest537060",
			"_tpl": "5bed61680db834001d2c45ab",
			"parentId": "TacticalVest294719",
			"slotId": "2",
			"location": {
				"x": 0,
				"y": 0,
				"r": "Horizontal"
			}
		},
		{
			"_id": "AmmoMag1Vest688646",
			"_tpl": "56dff2ced2720bb4668b4567",
			"parentId": "mag1Vest537060",
			"slotId": "cartridges",
			"upd": {
				"StackObjectsCount": 30
			}
		},
		{
			"_id": "mag3Vest585313",
			"_tpl": "5bed61680db834001d2c45ab",
			"parentId": "TacticalVest294719",
			"slotId": "5",
			"location": {
				"x": 0,
				"y": 0,
				"r": "Horizontal"
			}
		},
		{
			"_id": "AmmoMag3Vest202928",
			"_tpl": "56dff3afd2720bba668b4567",
			"parentId": "mag3Vest585313",
			"slotId": "cartridges",
			"upd": {
				"StackObjectsCount": 30
			}
		},
		{
			"_id": "mag4Vest629131",
			"_tpl": "5bed61680db834001d2c45ab",
			"parentId": "TacticalVest294719",
			"slotId": "7",
			"location": {
				"x": 0,
				"y": 0,
				"r": "Horizontal"
			}
		},
		{
			"_id": "AmmoMag4Vest567689",
			"_tpl": "56dff216d2720bbd668b4568",
			"parentId": "mag4Vest629131",
			"slotId": "cartridges",
			"upd": {
				"StackObjectsCount": 30
			}
		},
		{
			"_id": "Scabbard196875",
			"_tpl": "5bffdc370db834001d23eca8",
			"parentId": "5c6687d65e9d882c8841f0fd",
			"slotId": "Scabbard"
		},
		{
			"_id": "Headwear241063",
			"_tpl": "5c0d2727d174af02a012cf58",
			"parentId": "5c6687d65e9d882c8841f0fd",
			"slotId": "Headwear"
		},
		{
			"_id": "Backpack48801",
			"_tpl": "544a5cde4bdc2d39388b456b",
			"parentId": "5c6687d65e9d882c8841f0fd",
			"slotId": "Backpack"
		},
		{
			"_id": "BP_Backpack48801_278267",
			"_tpl": "5783c43d2459774bbe137486",
			"parentId": "Backpack48801",
			"slotId": "main",
			"location": {
				"x": 0,
				"y": 0,
				"r": "Horizontal"
			}
		},
		{
			"_id": "BP_Backpack48801_618297",
			"_tpl": "5751496424597720a27126da",
			"parentId": "Backpack48801",
			"slotId": "main",
			"location": {
				"x": 0,
				"y": 1,
				"r": "Horizontal"
			}
		},
		{
			"_id": "BP_Backpack48801_509665",
			"_tpl": "5d1b317c86f7742523398392",
			"parentId": "Backpack48801",
			"slotId": "main",
			"location": {
				"x": 0,
				"y": 2,
				"r": "Horizontal"
			}
		},
		{
			"_id": "BP_Backpack48801_189471",
			"_tpl": "5c1267ee86f77416ec610f72",
			"parentId": "Backpack48801",
			"slotId": "main",
			"location": {
				"x": 1,
				"y": 0,
				"r": "Horizontal"
			}
		},
		{
			"_id": "BP_Backpack48801_144690",
			"_tpl": "59e36c6f86f774176c10a2a7",
			"parentId": "Backpack48801",
			"slotId": "main",
			"location": {
				"x": 1,
				"y": 1,
				"r": "Horizontal"
			}
		},
		{
			"_id": "BP_Backpack48801_120256",
			"_tpl": "5d40419286f774318526545f",
			"parentId": "Backpack48801",
			"slotId": "main",
			"location": {
				"x": 3,
				"y": 0,
				"r": "Horizontal"
			}
		},
		{
			"_id": "BP_Backpack48801_240215",
			"_tpl": "575146b724597720a27126d5",
			"parentId": "Backpack48801",
			"slotId": "main",
			"location": {
				"x": 3,
				"y": 2,
				"r": "Horizontal"
			}
		},
		{
			"_id": "ArmorVest809892",
			"_tpl": "59e7635f86f7742cbf2c1095",
			"parentId": "5c6687d65e9d882c8841f0fd",
			"slotId": "ArmorVest",
			"upd": {
				"Repairable": {
					"MaxDurability": 40,
					"Durability": 22
				}
			}
		},
		{
			"_id": "Pocket_144548",
			"_tpl": "59e3577886f774176a362503",
			"parentId": "5c6687d65e9d882c8841f121",
			"slotId": "pocket1",
			"location": {
				"x": 0,
				"y": 0,
				"r": "Horizontal"
			},
			"upd": {
				"SpawnedInSession": true
			}
		}
	],
	"equipment": "5c6687d65e9d882c8841f0fd",
	"stash": "5c6687d65e9d882c8841f0fc",
	"questRaidItems": "5c6687d65e9d882c8841f0fe",
	"questStashItems": "5c6687d65e9d882c8841f0ff",
	"fastPanel": {}
}