{
	"items": [
		{
			"_id": "5c6687d65e9d882c8841f0fd",
			"_tpl": "55d7217a4bdc2d86028b456d"
		},
		{
			"_id": "5c6687d65e9d882c8841f121",
			"_tpl": "557ffd194bdc2d28148b457f",
			"parentId": "5c6687d65e9d882c8841f0fd",
			"slotId": "Pockets"
		},
		{
			"_id": "5c6687d65e9d882c8841f0fc",
			"_tpl": "566abbc34bdc2d92178b4576"
		},
		{
			"_id": "5c6687d65e9d882c8841f0ff",
			"_tpl": "5963866b86f7747bfa1c4462"
		},
		{
			"_id": "5c6687d65e9d882c8841f0fe",
			"_tpl": "5963866286f7747bf429b572"
		},
		{
			"_id": "TacticalVest428715",
			"_tpl": "5929a2a086f7744f4b234d43",
			"parentId": "5c6687d65e9d882c8841f0fd",
			"slotId": "TacticalVest"
		},
		{
			"_id": "I33101887645250965KCwVnl",
			"_tpl": "5ab8e9fcd8ce870019439434",
			"parentId": "5c6687d65e9d882c8841f0fd",
			"slotId": "FirstPrimaryWeapon"
		},
		{
			"_id": "I33101888405174515fzrui3",
			"_tpl": "59c6633186f7740cf0493bb9",
			"parentId": "I33101887645250965KCwVnl",
			"slotId": "mod_gas_block"
		},
		{
			"_id": "I33101884222576657h9CNxs",
			"_tpl": "5649aa744bdc2ded0b8b457e",
			"parentId": "I33101887645250965KCwVnl",
			"slotId": "mod_muzzle"
		},
		{
			"_id": "I33101889162831726uW6ZB3",
			"_tpl": "57e3dba62459770f0c32322b",
			"parentId": "I33101887645250965KCwVnl",
			"slotId": "mod_pistol_grip"
		},
		{
			"_id": "I33101881766608554X2FeqM",
			"_tpl": "5649af094bdc2df8348b4586",
			"parentId": "I33101887645250965KCwVnl",
			"slotId": "mod_reciever"
		},
		{
			"_id": "I33101884028660079Ty0o4S",
			"_tpl": "5649b0544bdc2d1b2b8b458a",
			"parentId": "I33101887645250965KCwVnl",
			"slotId": "mod_sight_rear",
			"upd": {
				"Sight": {
					"SelectedSightMode": 0
				}
			}
		},
		{
			"_id": "MagazineWeaponScav3939",
			"_tpl": "55d4837c4bdc2d1d4e8b456c",
			"parentId": "I33101887645250965KCwVnl",
			"slotId": "mod_magazine"
		},
		{
			"_id": "AmmoMag19899",
			"_tpl": "56dff338d2720bbd668b4569",
			"parentId": "MagazineWeaponScav3939",
			"slotId": "cartridges",
			"upd": {
				"StackObjectsCount": 10
			}
		},
		{
			"_id": "I331018832031491834ZuBl7",
			"_tpl": "5648b0744bdc2d363b8b4578",
			"parentId": "I33101888405174515fzrui3",
			"slotId": "mod_handguard"
		},
		{
			"_id": "FuckYouUnlimitedAmmo332774",
			"_tpl": "5857a8bc2459772bad15db29",
			"parentId": "5c6687d65e9d882c8841f0fd",
			"slotId": "SecuredContainer"
		},
		{
			"_id": "iHateThatShit8359",
			"_tpl": "5c0d5e4486f77478390952fe",
			"parentId": "FuckYouUnlimitedAmmo332774",
			"slotId": "main",
			"upd": {
				"StackObjectsCount": 60
			}
		},
		{
			"_id": "iHateThatShit244390",
			"_tpl": "56dfef82d2720bbd668b4567",
			"parentId": "FuckYouUnlimitedAmmo332774",
			"slotId": "main",
			"upd": {
				"StackObjectsCount": 60
			}
		},
		{
			"_id": "iHateThatShit708260",
			"_tpl": "56dff421d2720b5f5a8b4567",
			"parentId": "FuckYouUnlimitedAmmo332774",
			"slotId": "main",
			"upd": {
				"StackObjectsCount": 60
			}
		},
		{
			"_id": "iHateThatShit78957",
			"_tpl": "56dff2ced2720bb4668b4567",
			"parentId": "FuckYouUnlimitedAmmo332774",
			"slotId": "main",
			"upd": {
				"StackObjectsCount": 60
			}
		},
		{
			"_id": "iHateThatShit744198",
			"_tpl": "56dff2ced2720bb4668b4567",
			"parentId": "FuckYouUnlimitedAmmo332774",
			"slotId": "main",
			"upd": {
				"StackObjectsCount": 60
			}
		},
		{
			"_id": "iHateThatShit309301",
			"_tpl": "56dff4a2d2720bbd668b456a",
			"parentId": "FuckYouUnlimitedAmmo332774",
			"slotId": "main",
			"upd": {
				"StackObjectsCount": 60
			}
		},
		{
			"_id": "iHateThatShit874276",
			"_tpl": "56dff216d2720bbd668b4568",
			"parentId": "FuckYouUnlimitedAmmo332774",
			"slotId": "main",
			"upd": {
				"StackObjectsCount": 60
			}
		},
		{
			"_id": "iHateThatShit464208",
			"_tpl": "56dff061d2720bb5668b4567",
			"parentId": "FuckYouUnlimitedAmmo332774",
			"slotId": "main",
			"upd": {
				"StackObjectsCount": 60
			}
		},
		{
			"_id": "iHateThatShit964971",
			"_tpl": "56dff4a2d2720bbd668b456a",
			"parentId": "FuckYouUnlimitedAmmo332774",
			"slotId": "main",
			"upd": {
				"StackObjectsCount": 60
			}
		},
		{
			"_id": "I210016101782840201FfSza",
			"_tpl": "5448bd6b4bdc2dfc2f8b4569",
			"parentId": "5c6687d65e9d882c8841f0fd",
			"slotId": "Holster"
		},
		{
			"_id": "AmmoMag16923",
			"_tpl": "57371eb62459776125652ac1",
			"parentId": "I210016108228972218lshfS",
			"slotId": "cartridges",
			"upd": {
				"StackObjectsCount": 8
			}
		},
		{
			"_id": "I210016108228972218lshfS",
			"_tpl": "5448c12b4bdc2d02308b456f",
			"parentId": "I210016101782840201FfSza",
			"slotId": "mod_magazine"
		},
		{
			"_id": "mag0Vest879131",
			"_tpl": "55d4837c4bdc2d1d4e8b456c",
			"parentId": "TacticalVest428715",
			"slotId": "3",
			"location": {
				"x": 0,
				"y": 0,
				"r": "Horizontal"
			}
		},
		{
			"_id": "AmmoMag0Vest182504",
			"_tpl": "56dff3afd2720bba668b4567",
			"parentId": "mag0Vest879131",
			"slotId": "cartridges",
			"upd": {
				"StackObjectsCount": 10
			}
		},
		{
			"_id": "mag2Vest861423",
			"_tpl": "55d4837c4bdc2d1d4e8b456c",
			"parentId": "TacticalVest428715",
			"slotId": "6",
			"location": {
				"x": 0,
				"y": 0,
				"r": "Horizontal"
			}
		},
		{
			"_id": "AmmoMag2Vest38719",
			"_tpl": "56dff338d2720bbd668b4569",
			"parentId": "mag2Vest861423",
			"slotId": "cartridges",
			"upd": {
				"StackObjectsCount": 10
			}
		},
		{
			"_id": "StackAmmo73070425392",
			"_tpl": "56dff3afd2720bba668b4567",
			"parentId": "TacticalVest428715",
			"slotId": "2",
			"upd": {
				"StackObjectsCount": 12
			}
		},
		{
			"_id": "StackAmmo83084730641",
			"_tpl": "56dff4a2d2720bbd668b456a",
			"parentId": "TacticalVest428715",
			"slotId": "8",
			"upd": {
				"StackObjectsCount": 35
			}
		},
		{
			"_id": "magP1Vest35630",
			"_tpl": "5448c12b4bdc2d02308b456f",
			"parentId": "TacticalVest428715",
			"slotId": "5",
			"location": {
				"x": 0,
				"y": 1,
				"r": "Horizontal"
			}
		},
		{
			"_id": "AmmoMagPVest250311",
			"_tpl": "573718ba2459775a75491131",
			"parentId": "magP1Vest35630",
			"slotId": "cartridges",
			"upd": {
				"StackObjectsCount": 8
			}
		},
		{
			"_id": "Scabbard702291",
			"_tpl": "57e26fc7245977162a14b800",
			"parentId": "5c6687d65e9d882c8841f0fd",
			"slotId": "Scabbard"
		},
		{
			"_id": "Headwear688883",
			"_tpl": "59e7708286f7742cbd762753",
			"parentId": "5c6687d65e9d882c8841f0fd",
			"slotId": "Headwear"
		},
		{
			"_id": "Eyewear816113",
			"_tpl": "59e770b986f7742cbd762754",
			"parentId": "5c6687d65e9d882c8841f0fd",
			"slotId": "Eyewear"
		},
		{
			"_id": "ArmorVest90739",
			"_tpl": "59e7635f86f7742cbf2c1095",
			"parentId": "5c6687d65e9d882c8841f0fd",
			"slotId": "ArmorVest",
			"upd": {
				"Repairable": {
					"MaxDurability": 40,
					"Durability": 19
				}
			}
		}
	],
	"equipment": "5c6687d65e9d882c8841f0fd",
	"stash": "5c6687d65e9d882c8841f0fc",
	"questRaidItems": "5c6687d65e9d882c8841f0fe",
	"questStashItems": "5c6687d65e9d882c8841f0ff",
	"fastPanel": {}
}