{
	"items": [
		{
			"_id": "5c6687d65e9d882c8841f0fd",
			"_tpl": "55d7217a4bdc2d86028b456d"
		},
		{
			"_id": "5c6687d65e9d882c8841f121",
			"_tpl": "557ffd194bdc2d28148b457f",
			"parentId": "5c6687d65e9d882c8841f0fd",
			"slotId": "Pockets"
		},
		{
			"_id": "5c6687d65e9d882c8841f0fc",
			"_tpl": "566abbc34bdc2d92178b4576"
		},
		{
			"_id": "5c6687d65e9d882c8841f0ff",
			"_tpl": "5963866b86f7747bfa1c4462"
		},
		{
			"_id": "5c6687d65e9d882c8841f0fe",
			"_tpl": "5963866286f7747bf429b572"
		},
		{
			"_id": "TacticalVest674135",
			"_tpl": "5929a2a086f7744f4b234d43",
			"parentId": "5c6687d65e9d882c8841f0fd",
			"slotId": "TacticalVest"
		},
		{
			"_id": "I21005403094897232Py9jYD",
			"_tpl": "5c07c60e0db834002330051f",
			"parentId": "5c6687d65e9d882c8841f0fd",
			"slotId": "FirstPrimaryWeapon"
		},
		{
			"_id": "I21005405818967096KohpFj",
			"_tpl": "5c0e2ff6d174af02a1659d4a",
			"parentId": "I21005403094897232Py9jYD",
			"slotId": "mod_pistol_grip"
		},
		{
			"_id": "MagazineWeaponScav1819",
			"_tpl": "5aaa5e60e5b5b000140293d6",
			"parentId": "I21005403094897232Py9jYD",
			"slotId": "mod_magazine"
		},
		{
			"_id": "AmmoMag19348",
			"_tpl": "59e6906286f7746c9f75e847",
			"parentId": "MagazineWeaponScav1819",
			"slotId": "cartridges",
			"upd": {
				"StackObjectsCount": 10
			}
		},
		{
			"_id": "I21005401928206507pFRuoU",
			"_tpl": "5c0e2f26d174af02a9625114",
			"parentId": "I21005403094897232Py9jYD",
			"slotId": "mod_reciever"
		},
		{
			"_id": "I21005406262118984fJaeo1",
			"_tpl": "5649be884bdc2d79388b4577",
			"parentId": "I21005403094897232Py9jYD",
			"slotId": "mod_stock"
		},
		{
			"_id": "I210054055083223434wjimT",
			"_tpl": "5c0faf68d174af02a96260b8",
			"parentId": "I21005403094897232Py9jYD",
			"slotId": "mod_charge"
		},
		{
			"_id": "I210054071998557395KBhKH",
			"_tpl": "5c0e2f94d174af029f650d56",
			"parentId": "I21005401928206507pFRuoU",
			"slotId": "mod_barrel"
		},
		{
			"_id": "I210054060069412809hRYX4",
			"_tpl": "5c0e2f5cd174af02a012cfc9",
			"parentId": "I21005401928206507pFRuoU",
			"slotId": "mod_handguard"
		},
		{
			"_id": "I21005403309928902TxrDcW",
			"_tpl": "5c0fafb6d174af02a96260ba",
			"parentId": "I210054071998557395KBhKH",
			"slotId": "mod_muzzle"
		},
		{
			"_id": "I21005407055230098mmGFrM",
			"_tpl": "5ae30e795acfc408fb139a0b",
			"parentId": "I210054071998557395KBhKH",
			"slotId": "mod_gas_block"
		},
		{
			"_id": "FuckYouUnlimitedAmmo440913",
			"_tpl": "5857a8bc2459772bad15db29",
			"parentId": "5c6687d65e9d882c8841f0fd",
			"slotId": "SecuredContainer"
		},
		{
			"_id": "iHateThatShit145255",
			"_tpl": "59e6927d86f77411da468256",
			"parentId": "FuckYouUnlimitedAmmo440913",
			"slotId": "main",
			"upd": {
				"StackObjectsCount": 60
			}
		},
		{
			"_id": "iHateThatShit810055",
			"_tpl": "59e6927d86f77411da468256",
			"parentId": "FuckYouUnlimitedAmmo440913",
			"slotId": "main",
			"upd": {
				"StackObjectsCount": 60
			}
		},
		{
			"_id": "iHateThatShit871943",
			"_tpl": "59e6918f86f7746c9f75e849",
			"parentId": "FuckYouUnlimitedAmmo440913",
			"slotId": "main",
			"upd": {
				"StackObjectsCount": 60
			}
		},
		{
			"_id": "iHateThatShit236539",
			"_tpl": "59e6918f86f7746c9f75e849",
			"parentId": "FuckYouUnlimitedAmmo440913",
			"slotId": "main",
			"upd": {
				"StackObjectsCount": 60
			}
		},
		{
			"_id": "iHateThatShit311096",
			"_tpl": "59e68f6f86f7746c9f75e846",
			"parentId": "FuckYouUnlimitedAmmo440913",
			"slotId": "main",
			"upd": {
				"StackObjectsCount": 60
			}
		},
		{
			"_id": "iHateThatShit847086",
			"_tpl": "54527ac44bdc2d36668b4567",
			"parentId": "FuckYouUnlimitedAmmo440913",
			"slotId": "main",
			"upd": {
				"StackObjectsCount": 60
			}
		},
		{
			"_id": "iHateThatShit559748",
			"_tpl": "59e6920f86f77411d82aa167",
			"parentId": "FuckYouUnlimitedAmmo440913",
			"slotId": "main",
			"upd": {
				"StackObjectsCount": 60
			}
		},
		{
			"_id": "iHateThatShit579850",
			"_tpl": "54527ac44bdc2d36668b4567",
			"parentId": "FuckYouUnlimitedAmmo440913",
			"slotId": "main",
			"upd": {
				"StackObjectsCount": 60
			}
		},
		{
			"_id": "iHateThatShit655980",
			"_tpl": "59e6906286f7746c9f75e847",
			"parentId": "FuckYouUnlimitedAmmo440913",
			"slotId": "main",
			"upd": {
				"StackObjectsCount": 60
			}
		},
		{
			"_id": "I210017298603804532Jbgo5",
			"_tpl": "5a17f98cfcdbcb0980087290",
			"parentId": "5c6687d65e9d882c8841f0fd",
			"slotId": "Holster"
		},
		{
			"_id": "AmmoMag161048",
			"_tpl": "57371e4124597760ff7b25f1",
			"parentId": "I210017299554434383WPGkU",
			"slotId": "cartridges",
			"upd": {
				"StackObjectsCount": 20
			}
		},
		{
			"_id": "I210017299554434383WPGkU",
			"_tpl": "5a17fb03fcdbcbcae668728f",
			"parentId": "I210017298603804532Jbgo5",
			"slotId": "mod_magazine"
		},
		{
			"_id": "I2100172947614598267bFwz",
			"_tpl": "5a17fc70fcdbcb0176308b3d",
			"parentId": "I210017298603804532Jbgo5",
			"slotId": "mod_pistol_grip"
		},
		{
			"_id": "I210017293107779793h05xT",
			"_tpl": "5aba62f8d8ce87001943946b",
			"parentId": "I210017298603804532Jbgo5",
			"slotId": "mod_sight_front",
			"upd": {
				"Sight": {
					"SelectedSightMode": 0
				}
			}
		},
		{
			"_id": "I2100172940354557583oTC1",
			"_tpl": "5aba637ad8ce87001773e17f",
			"parentId": "I210017298603804532Jbgo5",
			"slotId": "mod_sight_rear",
			"upd": {
				"Sight": {
					"SelectedSightMode": 0
				}
			}
		},
		{
			"_id": "mag0Vest296320",
			"_tpl": "5aaa5e60e5b5b000140293d6",
			"parentId": "TacticalVest674135",
			"slotId": "3",
			"location": {
				"x": 0,
				"y": 1,
				"r": "Horizontal"
			}
		},
		{
			"_id": "AmmoMag0Vest746378",
			"_tpl": "54527a984bdc2d4e668b4567",
			"parentId": "mag0Vest296320",
			"slotId": "cartridges",
			"upd": {
				"StackObjectsCount": 10
			}
		},
		{
			"_id": "mag1Vest705865",
			"_tpl": "5aaa5e60e5b5b000140293d6",
			"parentId": "TacticalVest674135",
			"slotId": "5",
			"location": {
				"x": 0,
				"y": 1,
				"r": "Horizontal"
			}
		},
		{
			"_id": "AmmoMag1Vest494561",
			"_tpl": "59e690b686f7746c9f75e848",
			"parentId": "mag1Vest705865",
			"slotId": "cartridges",
			"upd": {
				"StackObjectsCount": 10
			}
		},
		{
			"_id": "StackAmmo66611174906",
			"_tpl": "59e68f6f86f7746c9f75e846",
			"parentId": "TacticalVest674135",
			"slotId": "1",
			"upd": {
				"StackObjectsCount": 55
			}
		},
		{
			"_id": "StackAmmo55495274149",
			"_tpl": "54527a984bdc2d4e668b4567",
			"parentId": "TacticalVest674135",
			"slotId": "7",
			"upd": {
				"StackObjectsCount": 36
			}
		},
		{
			"_id": "magP0Vest52820",
			"_tpl": "5a17fb03fcdbcbcae668728f",
			"parentId": "TacticalVest674135",
			"slotId": "4",
			"location": {
				"x": 0,
				"y": 1,
				"r": "Horizontal"
			}
		},
		{
			"_id": "AmmoMagPVest812198",
			"_tpl": "57371f8d24597761006c6a81",
			"parentId": "magP0Vest52820",
			"slotId": "cartridges",
			"upd": {
				"StackObjectsCount": 20
			}
		},
		{
			"_id": "Scabbard362858",
			"_tpl": "57e26ea924597715ca604a09",
			"parentId": "5c6687d65e9d882c8841f0fd",
			"slotId": "Scabbard"
		},
		{
			"_id": "Headwear275720",
			"_tpl": "5a43943586f77416ad2f06e2",
			"parentId": "5c6687d65e9d882c8841f0fd",
			"slotId": "Headwear"
		},
		{
			"_id": "FaceCover497039",
			"_tpl": "572b7f1624597762ae139822",
			"parentId": "5c6687d65e9d882c8841f0fd",
			"slotId": "FaceCover"
		},
		{
			"_id": "Pocket_372030",
			"_tpl": "5b4335ba86f7744d2837a264",
			"parentId": "5c6687d65e9d882c8841f121",
			"slotId": "pocket1",
			"location": {
				"x": 0,
				"y": 0,
				"r": "Horizontal"
			},
			"upd": {
				"SpawnedInSession": true
			}
		},
		{
			"_id": "Pocket_988545",
			"_tpl": "5ad7242b86f7740a6a3abd43",
			"parentId": "5c6687d65e9d882c8841f121",
			"slotId": "pocket2",
			"location": {
				"x": 0,
				"y": 0,
				"r": "Horizontal"
			},
			"upd": {
				"SpawnedInSession": true
			}
		}
	],
	"equipment": "5c6687d65e9d882c8841f0fd",
	"stash": "5c6687d65e9d882c8841f0fc",
	"questRaidItems": "5c6687d65e9d882c8841f0fe",
	"questStashItems": "5c6687d65e9d882c8841f0ff",
	"fastPanel": {}
}