{
	"items": [
		{
			"_id": "5c6687d65e9d882c8841f0fd",
			"_tpl": "55d7217a4bdc2d86028b456d"
		},
		{
			"_id": "5c6687d65e9d882c8841f121",
			"_tpl": "557ffd194bdc2d28148b457f",
			"parentId": "5c6687d65e9d882c8841f0fd",
			"slotId": "Pockets"
		},
		{
			"_id": "5c6687d65e9d882c8841f0fc",
			"_tpl": "566abbc34bdc2d92178b4576"
		},
		{
			"_id": "5c6687d65e9d882c8841f0ff",
			"_tpl": "5963866b86f7747bfa1c4462"
		},
		{
			"_id": "5c6687d65e9d882c8841f0fe",
			"_tpl": "5963866286f7747bf429b572"
		},
		{
			"_id": "TacticalVest937820",
			"_tpl": "5d5d85c586f774279a21cbdb",
			"parentId": "5c6687d65e9d882c8841f0fd",
			"slotId": "TacticalVest"
		},
		{
			"_id": "I210012123221022802F7QT2",
			"_tpl": "5b0bbe4e5acfc40dc528a72d",
			"parentId": "5c6687d65e9d882c8841f0fd",
			"slotId": "FirstPrimaryWeapon"
		},
		{
			"_id": "I210012129842450629TFA7q",
			"_tpl": "5b099b965acfc400186331e6",
			"parentId": "I210012123221022802F7QT2",
			"slotId": "mod_pistol_grip"
		},
		{
			"_id": "MagazineWeaponScav1326",
			"_tpl": "5b7bef1e5acfc43d82528402",
			"parentId": "I210012123221022802F7QT2",
			"slotId": "mod_magazine"
		},
		{
			"_id": "AmmoMag16034",
			"_tpl": "5a608bf24f39f98ffc77720e",
			"parentId": "MagazineWeaponScav1326",
			"slotId": "cartridges",
			"upd": {
				"StackObjectsCount": 10
			}
		},
		{
			"_id": "I210012125311869010REOrE",
			"_tpl": "5b099a9d5acfc47a8607efe7",
			"parentId": "I210012123221022802F7QT2",
			"slotId": "mod_handguard"
		},
		{
			"_id": "I210012126461383353sq5y6",
			"_tpl": "5b099a765acfc47a8607efe3",
			"parentId": "I210012123221022802F7QT2",
			"slotId": "mod_barrel"
		},
		{
			"_id": "I210012128524422314XLqo5",
			"_tpl": "5b0bc22d5acfc47a8607f085",
			"parentId": "I210012123221022802F7QT2",
			"slotId": "mod_sight_rear",
			"upd": {
				"Sight": {
					"SelectedSightMode": 0
				}
			}
		},
		{
			"_id": "I210012128136342704DP5cV",
			"_tpl": "5b099bb25acfc400186331e8",
			"parentId": "I210012123221022802F7QT2",
			"slotId": "mod_reciever"
		},
		{
			"_id": "I210012125591682927D374Z",
			"_tpl": "5b099bf25acfc4001637e683",
			"parentId": "I210012123221022802F7QT2",
			"slotId": "mod_stock"
		},
		{
			"_id": "I210012127335910065M7VPp",
			"_tpl": "5b099b7d5acfc400186331e4",
			"parentId": "I210012126461383353sq5y6",
			"slotId": "mod_muzzle"
		},
		{
			"_id": "I2100121287725603027iN5R",
			"_tpl": "5649be884bdc2d79388b4577",
			"parentId": "I210012125591682927D374Z",
			"slotId": "mod_stock_000"
		},
		{
			"_id": "I210012126169698459Cnsow",
			"_tpl": "56eabf3bd2720b75698b4569",
			"parentId": "I2100121287725603027iN5R",
			"slotId": "mod_stock_000"
		},
		{
			"_id": "I2100121225703768411CYuZ",
			"_tpl": "58d2912286f7744e27117493",
			"parentId": "I210012126169698459Cnsow",
			"slotId": "mod_stock"
		},
		{
			"_id": "FuckYouUnlimitedAmmo97858",
			"_tpl": "5857a8bc2459772bad15db29",
			"parentId": "5c6687d65e9d882c8841f0fd",
			"slotId": "SecuredContainer"
		},
		{
			"_id": "iHateThatShit751896",
			"_tpl": "5a608bf24f39f98ffc77720e",
			"parentId": "FuckYouUnlimitedAmmo97858",
			"slotId": "main",
			"upd": {
				"StackObjectsCount": 60
			}
		},
		{
			"_id": "iHateThatShit477847",
			"_tpl": "5e023e53d4353e3302577c4c",
			"parentId": "FuckYouUnlimitedAmmo97858",
			"slotId": "main",
			"upd": {
				"StackObjectsCount": 60
			}
		},
		{
			"_id": "iHateThatShit263407",
			"_tpl": "5e023e88277cce2b522ff2b1",
			"parentId": "FuckYouUnlimitedAmmo97858",
			"slotId": "main",
			"upd": {
				"StackObjectsCount": 60
			}
		},
		{
			"_id": "iHateThatShit36212",
			"_tpl": "5a6086ea4f39f99cd479502f",
			"parentId": "FuckYouUnlimitedAmmo97858",
			"slotId": "main",
			"upd": {
				"StackObjectsCount": 60
			}
		},
		{
			"_id": "iHateThatShit378568",
			"_tpl": "5e023e53d4353e3302577c4c",
			"parentId": "FuckYouUnlimitedAmmo97858",
			"slotId": "main",
			"upd": {
				"StackObjectsCount": 60
			}
		},
		{
			"_id": "iHateThatShit754924",
			"_tpl": "5e023e88277cce2b522ff2b1",
			"parentId": "FuckYouUnlimitedAmmo97858",
			"slotId": "main",
			"upd": {
				"StackObjectsCount": 60
			}
		},
		{
			"_id": "iHateThatShit226027",
			"_tpl": "58dd3ad986f77403051cba8f",
			"parentId": "FuckYouUnlimitedAmmo97858",
			"slotId": "main",
			"upd": {
				"StackObjectsCount": 60
			}
		},
		{
			"_id": "iHateThatShit530384",
			"_tpl": "5a6086ea4f39f99cd479502f",
			"parentId": "FuckYouUnlimitedAmmo97858",
			"slotId": "main",
			"upd": {
				"StackObjectsCount": 60
			}
		},
		{
			"_id": "iHateThatShit780450",
			"_tpl": "5e023e88277cce2b522ff2b1",
			"parentId": "FuckYouUnlimitedAmmo97858",
			"slotId": "main",
			"upd": {
				"StackObjectsCount": 60
			}
		},
		{
			"_id": "mag0Vest905406",
			"_tpl": "5b7bef1e5acfc43d82528402",
			"parentId": "TacticalVest937820",
			"slotId": "1",
			"location": {
				"x": 0,
				"y": 0,
				"r": "Horizontal"
			}
		},
		{
			"_id": "AmmoMag0Vest457472",
			"_tpl": "5a608bf24f39f98ffc77720e",
			"parentId": "mag0Vest905406",
			"slotId": "cartridges",
			"upd": {
				"StackObjectsCount": 10
			}
		},
		{
			"_id": "mag2Vest120989",
			"_tpl": "5b7bef1e5acfc43d82528402",
			"parentId": "TacticalVest937820",
			"slotId": "4",
			"location": {
				"x": 0,
				"y": 0,
				"r": "Horizontal"
			}
		},
		{
			"_id": "AmmoMag2Vest522569",
			"_tpl": "5a6086ea4f39f99cd479502f",
			"parentId": "mag2Vest120989",
			"slotId": "cartridges",
			"upd": {
				"StackObjectsCount": 10
			}
		},
		{
			"_id": "mag3Vest933079",
			"_tpl": "5b7bef1e5acfc43d82528402",
			"parentId": "TacticalVest937820",
			"slotId": "6",
			"location": {
				"x": 0,
				"y": 1,
				"r": "Horizontal"
			}
		},
		{
			"_id": "AmmoMag3Vest410449",
			"_tpl": "5e023e6e34d52a55c3304f71",
			"parentId": "mag3Vest933079",
			"slotId": "cartridges",
			"upd": {
				"StackObjectsCount": 10
			}
		},
		{
			"_id": "StackAmmo97584335068",
			"_tpl": "5e023e6e34d52a55c3304f71",
			"parentId": "TacticalVest937820",
			"slotId": "8",
			"upd": {
				"StackObjectsCount": 5
			}
		},
		{
			"_id": "Scabbard642101",
			"_tpl": "57e26ea924597715ca604a09",
			"parentId": "5c6687d65e9d882c8841f0fd",
			"slotId": "Scabbard"
		},
		{
			"_id": "Headwear858978",
			"_tpl": "5b4329075acfc400153b78ff",
			"parentId": "5c6687d65e9d882c8841f0fd",
			"slotId": "Headwear"
		}
	],
	"equipment": "5c6687d65e9d882c8841f0fd",
	"stash": "5c6687d65e9d882c8841f0fc",
	"questRaidItems": "5c6687d65e9d882c8841f0fe",
	"questStashItems": "5c6687d65e9d882c8841f0ff",
	"fastPanel": {}
}