{
	"items": [
		{
			"_id": "5c6687d65e9d882c8841f0fd",
			"_tpl": "55d7217a4bdc2d86028b456d"
		},
		{
			"_id": "5c6687d65e9d882c8841f121",
			"_tpl": "557ffd194bdc2d28148b457f",
			"parentId": "5c6687d65e9d882c8841f0fd",
			"slotId": "Pockets"
		},
		{
			"_id": "5c6687d65e9d882c8841f0fc",
			"_tpl": "566abbc34bdc2d92178b4576"
		},
		{
			"_id": "5c6687d65e9d882c8841f0ff",
			"_tpl": "5963866b86f7747bfa1c4462"
		},
		{
			"_id": "5c6687d65e9d882c8841f0fe",
			"_tpl": "5963866286f7747bf429b572"
		},
		{
			"_id": "TacticalVest464136",
			"_tpl": "5648a69d4bdc2ded0b8b457b",
			"parentId": "5c6687d65e9d882c8841f0fd",
			"slotId": "TacticalVest"
		},
		{
			"_id": "I3310355096178781149ZRwr",
			"_tpl": "59f9cabd86f7743a10721f46",
			"parentId": "5c6687d65e9d882c8841f0fd",
			"slotId": "FirstPrimaryWeapon"
		},
		{
			"_id": "I331035508611683930fmOFD",
			"_tpl": "5998517986f7746017232f7e",
			"parentId": "I3310355096178781149ZRwr",
			"slotId": "mod_pistol_grip"
		},
		{
			"_id": "I331035509380226219vDx1H",
			"_tpl": "599851db86f77467372f0a18",
			"parentId": "I3310355096178781149ZRwr",
			"slotId": "mod_stock"
		},
		{
			"_id": "MagazineWeaponScav4292",
			"_tpl": "5c0672ed0db834001b7353f3",
			"parentId": "I3310355096178781149ZRwr",
			"slotId": "mod_magazine"
		},
		{
			"_id": "AmmoMag13238",
			"_tpl": "5c3df7d588a4501f290594e5",
			"parentId": "MagazineWeaponScav4292",
			"slotId": "cartridges",
			"upd": {
				"StackObjectsCount": 30
			}
		},
		{
			"_id": "I331035507428459375s690Q",
			"_tpl": "5998598e86f7740b3f498a86",
			"parentId": "I3310355096178781149ZRwr",
			"slotId": "mod_muzzle"
		},
		{
			"_id": "I331035507865670097PK7Ub",
			"_tpl": "599860e986f7743bb57573a6",
			"parentId": "I3310355096178781149ZRwr",
			"slotId": "mod_sight_rear",
			"upd": {
				"Sight": {
					"SelectedSightMode": 0
				}
			}
		},
		{
			"_id": "I331035501494160705U2j5a",
			"_tpl": "59ccd11386f77428f24a488f",
			"parentId": "I3310355096178781149ZRwr",
			"slotId": "mod_gas_block"
		},
		{
			"_id": "I331035502762426642iw0GQ",
			"_tpl": "5648b1504bdc2d9d488b4584",
			"parentId": "I331035501494160705U2j5a",
			"slotId": "mod_handguard"
		},
		{
			"_id": "FuckYouUnlimitedAmmo474999",
			"_tpl": "5857a8bc2459772bad15db29",
			"parentId": "5c6687d65e9d882c8841f0fd",
			"slotId": "SecuredContainer"
		},
		{
			"_id": "iHateThatShit240382",
			"_tpl": "5c925fa22e221601da359b7b",
			"parentId": "FuckYouUnlimitedAmmo474999",
			"slotId": "main",
			"upd": {
				"StackObjectsCount": 60
			}
		},
		{
			"_id": "iHateThatShit802027",
			"_tpl": "58864a4f2459770fcc257101",
			"parentId": "FuckYouUnlimitedAmmo474999",
			"slotId": "main",
			"upd": {
				"StackObjectsCount": 60
			}
		},
		{
			"_id": "iHateThatShit449756",
			"_tpl": "5c3df7d588a4501f290594e5",
			"parentId": "FuckYouUnlimitedAmmo474999",
			"slotId": "main",
			"upd": {
				"StackObjectsCount": 60
			}
		},
		{
			"_id": "iHateThatShit283907",
			"_tpl": "5c3df7d588a4501f290594e5",
			"parentId": "FuckYouUnlimitedAmmo474999",
			"slotId": "main",
			"upd": {
				"StackObjectsCount": 60
			}
		},
		{
			"_id": "iHateThatShit376746",
			"_tpl": "5c925fa22e221601da359b7b",
			"parentId": "FuckYouUnlimitedAmmo474999",
			"slotId": "main",
			"upd": {
				"StackObjectsCount": 60
			}
		},
		{
			"_id": "iHateThatShit283425",
			"_tpl": "5c925fa22e221601da359b7b",
			"parentId": "FuckYouUnlimitedAmmo474999",
			"slotId": "main",
			"upd": {
				"StackObjectsCount": 60
			}
		},
		{
			"_id": "iHateThatShit243077",
			"_tpl": "5c3df7d588a4501f290594e5",
			"parentId": "FuckYouUnlimitedAmmo474999",
			"slotId": "main",
			"upd": {
				"StackObjectsCount": 60
			}
		},
		{
			"_id": "iHateThatShit339874",
			"_tpl": "5a3c16fe86f77452b62de32a",
			"parentId": "FuckYouUnlimitedAmmo474999",
			"slotId": "main",
			"upd": {
				"StackObjectsCount": 60
			}
		},
		{
			"_id": "iHateThatShit903604",
			"_tpl": "5c3df7d588a4501f290594e5",
			"parentId": "FuckYouUnlimitedAmmo474999",
			"slotId": "main",
			"upd": {
				"StackObjectsCount": 60
			}
		},
		{
			"_id": "mag3Vest574844",
			"_tpl": "5998529a86f774647f44f421",
			"parentId": "TacticalVest464136",
			"slotId": "4",
			"location": {
				"x": 0,
				"y": 0,
				"r": "Horizontal"
			}
		},
		{
			"_id": "AmmoMag3Vest889465",
			"_tpl": "5c0d56a986f774449d5de529",
			"parentId": "mag3Vest574844",
			"slotId": "cartridges",
			"upd": {
				"StackObjectsCount": 10
			}
		},
		{
			"_id": "mag4Vest991507",
			"_tpl": "5998529a86f774647f44f421",
			"parentId": "TacticalVest464136",
			"slotId": "11",
			"location": {
				"x": 0,
				"y": 0,
				"r": "Horizontal"
			}
		},
		{
			"_id": "AmmoMag4Vest225362",
			"_tpl": "58864a4f2459770fcc257101",
			"parentId": "mag4Vest991507",
			"slotId": "cartridges",
			"upd": {
				"StackObjectsCount": 10
			}
		},
		{
			"_id": "StackAmmo59259483918",
			"_tpl": "58864a4f2459770fcc257101",
			"parentId": "TacticalVest464136",
			"slotId": "8",
			"upd": {
				"StackObjectsCount": 17
			}
		},
		{
			"_id": "Scabbard415954",
			"_tpl": "54491bb74bdc2d09088b4567",
			"parentId": "5c6687d65e9d882c8841f0fd",
			"slotId": "Scabbard"
		},
		{
			"_id": "FaceCover295936",
			"_tpl": "5bd06f5d86f77427101ad47c",
			"parentId": "5c6687d65e9d882c8841f0fd",
			"slotId": "FaceCover"
		},
		{
			"_id": "Backpack20087",
			"_tpl": "56e33634d2720bd8058b456b",
			"parentId": "5c6687d65e9d882c8841f0fd",
			"slotId": "Backpack"
		},
		{
			"_id": "BP_Backpack20087_820495",
			"_tpl": "5d1b309586f77425227d1676",
			"parentId": "Backpack20087",
			"slotId": "main",
			"location": {
				"x": 0,
				"y": 0,
				"r": "Horizontal"
			}
		},
		{
			"_id": "BP_Backpack20087_143466",
			"_tpl": "57347c2e24597744902c94a1",
			"parentId": "Backpack20087",
			"slotId": "main",
			"location": {
				"x": 1,
				"y": 0,
				"r": "Horizontal"
			}
		}
	],
	"equipment": "5c6687d65e9d882c8841f0fd",
	"stash": "5c6687d65e9d882c8841f0fc",
	"questRaidItems": "5c6687d65e9d882c8841f0fe",
	"questStashItems": "5c6687d65e9d882c8841f0ff",
	"fastPanel": {}
}