{
	"items": [
		{
			"_id": "5c6687d65e9d882c8841f0fd",
			"_tpl": "55d7217a4bdc2d86028b456d"
		},
		{
			"_id": "5c6687d65e9d882c8841f121",
			"_tpl": "557ffd194bdc2d28148b457f",
			"parentId": "5c6687d65e9d882c8841f0fd",
			"slotId": "Pockets"
		},
		{
			"_id": "5c6687d65e9d882c8841f0fc",
			"_tpl": "566abbc34bdc2d92178b4576"
		},
		{
			"_id": "5c6687d65e9d882c8841f0ff",
			"_tpl": "5963866b86f7747bfa1c4462"
		},
		{
			"_id": "5c6687d65e9d882c8841f0fe",
			"_tpl": "5963866286f7747bf429b572"
		},
		{
			"_id": "TacticalVest863165",
			"_tpl": "5e4abfed86f77406a2713cf7",
			"parentId": "5c6687d65e9d882c8841f0fd",
			"slotId": "TacticalVest"
		},
		{
			"_id": "I2100143385988820360jSIo",
			"_tpl": "57d14d2524597714373db789",
			"parentId": "5c6687d65e9d882c8841f0fd",
			"slotId": "FirstPrimaryWeapon"
		},
		{
			"_id": "I210014336637141990jXM6E",
			"_tpl": "57d152ec245977144076ccdf",
			"parentId": "I2100143385988820360jSIo",
			"slotId": "mod_pistol_grip"
		},
		{
			"_id": "MagazineWeaponScav2168",
			"_tpl": "57d1519e24597714373db79d",
			"parentId": "I2100143385988820360jSIo",
			"slotId": "mod_magazine"
		},
		{
			"_id": "AmmoMag1564",
			"_tpl": "57371eb62459776125652ac1",
			"parentId": "MagazineWeaponScav2168",
			"slotId": "cartridges",
			"upd": {
				"StackObjectsCount": 30
			}
		},
		{
			"_id": "FuckYouUnlimitedAmmo456669",
			"_tpl": "5857a8bc2459772bad15db29",
			"parentId": "5c6687d65e9d882c8841f0fd",
			"slotId": "SecuredContainer"
		},
		{
			"_id": "iHateThatShit363644",
			"_tpl": "57371eb62459776125652ac1",
			"parentId": "FuckYouUnlimitedAmmo456669",
			"slotId": "main",
			"upd": {
				"StackObjectsCount": 60
			}
		},
		{
			"_id": "iHateThatShit291284",
			"_tpl": "5737218f245977612125ba51",
			"parentId": "FuckYouUnlimitedAmmo456669",
			"slotId": "main",
			"upd": {
				"StackObjectsCount": 60
			}
		},
		{
			"_id": "iHateThatShit200724",
			"_tpl": "573718ba2459775a75491131",
			"parentId": "FuckYouUnlimitedAmmo456669",
			"slotId": "main",
			"upd": {
				"StackObjectsCount": 60
			}
		},
		{
			"_id": "iHateThatShit436711",
			"_tpl": "573718ba2459775a75491131",
			"parentId": "FuckYouUnlimitedAmmo456669",
			"slotId": "main",
			"upd": {
				"StackObjectsCount": 60
			}
		},
		{
			"_id": "iHateThatShit325987",
			"_tpl": "5737207f24597760ff7b25f2",
			"parentId": "FuckYouUnlimitedAmmo456669",
			"slotId": "main",
			"upd": {
				"StackObjectsCount": 60
			}
		},
		{
			"_id": "iHateThatShit404587",
			"_tpl": "57371eb62459776125652ac1",
			"parentId": "FuckYouUnlimitedAmmo456669",
			"slotId": "main",
			"upd": {
				"StackObjectsCount": 60
			}
		},
		{
			"_id": "iHateThatShit649702",
			"_tpl": "5737207f24597760ff7b25f2",
			"parentId": "FuckYouUnlimitedAmmo456669",
			"slotId": "main",
			"upd": {
				"StackObjectsCount": 60
			}
		},
		{
			"_id": "iHateThatShit492812",
			"_tpl": "57371eb62459776125652ac1",
			"parentId": "FuckYouUnlimitedAmmo456669",
			"slotId": "main",
			"upd": {
				"StackObjectsCount": 60
			}
		},
		{
			"_id": "iHateThatShit848872",
			"_tpl": "573719df2459775a626ccbc2",
			"parentId": "FuckYouUnlimitedAmmo456669",
			"slotId": "main",
			"upd": {
				"StackObjectsCount": 60
			}
		},
		{
			"_id": "mag0Vest398376",
			"_tpl": "57d1519e24597714373db79d",
			"parentId": "TacticalVest863165",
			"slotId": "1",
			"location": {
				"x": 0,
				"y": 0,
				"r": "Horizontal"
			}
		},
		{
			"_id": "AmmoMag0Vest749289",
			"_tpl": "5737207f24597760ff7b25f2",
			"parentId": "mag0Vest398376",
			"slotId": "cartridges",
			"upd": {
				"StackObjectsCount": 30
			}
		},
		{
			"_id": "mag1Vest891173",
			"_tpl": "57d1519e24597714373db79d",
			"parentId": "TacticalVest863165",
			"slotId": "3",
			"location": {
				"x": 0,
				"y": 0,
				"r": "Horizontal"
			}
		},
		{
			"_id": "AmmoMag1Vest992098",
			"_tpl": "57371f8d24597761006c6a81",
			"parentId": "mag1Vest891173",
			"slotId": "cartridges",
			"upd": {
				"StackObjectsCount": 30
			}
		},
		{
			"_id": "StackAmmo38586914383",
			"_tpl": "57371f2b24597761224311f1",
			"parentId": "TacticalVest863165",
			"slotId": "5",
			"upd": {
				"StackObjectsCount": 33
			}
		},
		{
			"_id": "StackAmmo24712466289",
			"_tpl": "57371b192459775a9f58a5e0",
			"parentId": "TacticalVest863165",
			"slotId": "7",
			"upd": {
				"StackObjectsCount": 14
			}
		},
		{
			"_id": "StackAmmo29673863545",
			"_tpl": "57371eb62459776125652ac1",
			"parentId": "TacticalVest863165",
			"slotId": "9",
			"upd": {
				"StackObjectsCount": 46
			}
		},
		{
			"_id": "Scabbard435502",
			"_tpl": "57e26fc7245977162a14b800",
			"parentId": "5c6687d65e9d882c8841f0fd",
			"slotId": "Scabbard"
		},
		{
			"_id": "Headwear800235",
			"_tpl": "5b43271c5acfc432ff4dce65",
			"parentId": "5c6687d65e9d882c8841f0fd",
			"slotId": "Headwear"
		},
		{
			"_id": "FaceCover816652",
			"_tpl": "5bd0716d86f774171822ef4b",
			"parentId": "5c6687d65e9d882c8841f0fd",
			"slotId": "FaceCover"
		},
		{
			"_id": "Pocket_179171",
			"_tpl": "5af0561e86f7745f5f3ad6ac",
			"parentId": "5c6687d65e9d882c8841f121",
			"slotId": "pocket1",
			"location": {
				"x": 0,
				"y": 0,
				"r": "Horizontal"
			},
			"upd": {
				"SpawnedInSession": true
			}
		},
		{
			"_id": "Pocket_346368",
			"_tpl": "5938504186f7740991483f30",
			"parentId": "5c6687d65e9d882c8841f121",
			"slotId": "pocket2",
			"location": {
				"x": 0,
				"y": 0,
				"r": "Horizontal"
			},
			"upd": {
				"SpawnedInSession": true
			}
		}
	],
	"equipment": "5c6687d65e9d882c8841f0fd",
	"stash": "5c6687d65e9d882c8841f0fc",
	"questRaidItems": "5c6687d65e9d882c8841f0fe",
	"questStashItems": "5c6687d65e9d882c8841f0ff",
	"fastPanel": {}
}