{
	"items": [
		{
			"_id": "5c6687d65e9d882c8841f0fd",
			"_tpl": "55d7217a4bdc2d86028b456d"
		},
		{
			"_id": "5c6687d65e9d882c8841f121",
			"_tpl": "557ffd194bdc2d28148b457f",
			"parentId": "5c6687d65e9d882c8841f0fd",
			"slotId": "Pockets"
		},
		{
			"_id": "5c6687d65e9d882c8841f0fc",
			"_tpl": "566abbc34bdc2d92178b4576"
		},
		{
			"_id": "5c6687d65e9d882c8841f0ff",
			"_tpl": "5963866b86f7747bfa1c4462"
		},
		{
			"_id": "5c6687d65e9d882c8841f0fe",
			"_tpl": "5963866286f7747bf429b572"
		},
		{
			"_id": "TacticalVest468439",
			"_tpl": "544a5caa4bdc2d1a388b4568",
			"parentId": "5c6687d65e9d882c8841f0fd",
			"slotId": "TacticalVest"
		},
		{
			"_id": "I210054153211666324Nq18W",
			"_tpl": "5c46fbd72e2216398b5a8c9c",
			"parentId": "5c6687d65e9d882c8841f0fd",
			"slotId": "FirstPrimaryWeapon"
		},
		{
			"_id": "I210054156175010314CVn0n",
			"_tpl": "5c471be12e221602b66cd9ac",
			"parentId": "I210054153211666324Nq18W",
			"slotId": "mod_pistol_grip"
		},
		{
			"_id": "MagazineWeaponScav9696",
			"_tpl": "5c88f24b2e22160bc12c69a6",
			"parentId": "I210054153211666324Nq18W",
			"slotId": "mod_magazine"
		},
		{
			"_id": "AmmoMag15376",
			"_tpl": "59e77a2386f7742ee578960a",
			"parentId": "MagazineWeaponScav9696",
			"slotId": "cartridges",
			"upd": {
				"StackObjectsCount": 20
			}
		},
		{
			"_id": "I210054152756362138kJ5fy",
			"_tpl": "5c471cb32e221602b177afaa",
			"parentId": "I210054153211666324Nq18W",
			"slotId": "mod_barrel"
		},
		{
			"_id": "I2100541578922177816lqLu",
			"_tpl": "5c471c2d2e22164bef5d077f",
			"parentId": "I210054153211666324Nq18W",
			"slotId": "mod_mount_001"
		},
		{
			"_id": "I210054152771921843w4nrq",
			"_tpl": "5c471bd12e221602b4129c3a",
			"parentId": "I210054153211666324Nq18W",
			"slotId": "mod_reciever"
		},
		{
			"_id": "I210054154350262906fTWwb",
			"_tpl": "5c471bfc2e221602b21d4e17",
			"parentId": "I210054152756362138kJ5fy",
			"slotId": "mod_muzzle"
		},
		{
			"_id": "I210054156855769832WgNiU",
			"_tpl": "5c471c842e221615214259b5",
			"parentId": "I210054152756362138kJ5fy",
			"slotId": "mod_gas_block"
		},
		{
			"_id": "I2100541556102252146P1lP",
			"_tpl": "5c471c6c2e221602b66cd9ae",
			"parentId": "I2100541578922177816lqLu",
			"slotId": "mod_handguard"
		},
		{
			"_id": "I210054151405287883T5uG9",
			"_tpl": "5c471b7e2e2216152006e46c",
			"parentId": "I2100541578922177816lqLu",
			"slotId": "mod_sight_rear",
			"upd": {
				"Sight": {
					"SelectedSightMode": 0
				}
			}
		},
		{
			"_id": "I210054156388736531vA431",
			"_tpl": "5c471ba12e221602b3137d76",
			"parentId": "I210054154350262906fTWwb",
			"slotId": "mod_sight_front",
			"upd": {
				"Sight": {
					"SelectedSightMode": 0
				}
			}
		},
		{
			"_id": "FuckYouUnlimitedAmmo251128",
			"_tpl": "5857a8bc2459772bad15db29",
			"parentId": "5c6687d65e9d882c8841f0fd",
			"slotId": "SecuredContainer"
		},
		{
			"_id": "iHateThatShit843153",
			"_tpl": "5e023d34e8a400319a28ed44",
			"parentId": "FuckYouUnlimitedAmmo251128",
			"slotId": "main",
			"upd": {
				"StackObjectsCount": 60
			}
		},
		{
			"_id": "iHateThatShit630967",
			"_tpl": "5e023d48186a883be655e551",
			"parentId": "FuckYouUnlimitedAmmo251128",
			"slotId": "main",
			"upd": {
				"StackObjectsCount": 60
			}
		},
		{
			"_id": "iHateThatShit701019",
			"_tpl": "5887431f2459777e1612938f",
			"parentId": "FuckYouUnlimitedAmmo251128",
			"slotId": "main",
			"upd": {
				"StackObjectsCount": 60
			}
		},
		{
			"_id": "iHateThatShit460377",
			"_tpl": "59e77a2386f7742ee578960a",
			"parentId": "FuckYouUnlimitedAmmo251128",
			"slotId": "main",
			"upd": {
				"StackObjectsCount": 60
			}
		},
		{
			"_id": "iHateThatShit657225",
			"_tpl": "5887431f2459777e1612938f",
			"parentId": "FuckYouUnlimitedAmmo251128",
			"slotId": "main",
			"upd": {
				"StackObjectsCount": 60
			}
		},
		{
			"_id": "iHateThatShit855657",
			"_tpl": "5887431f2459777e1612938f",
			"parentId": "FuckYouUnlimitedAmmo251128",
			"slotId": "main",
			"upd": {
				"StackObjectsCount": 60
			}
		},
		{
			"_id": "iHateThatShit610033",
			"_tpl": "560d61e84bdc2da74d8b4571",
			"parentId": "FuckYouUnlimitedAmmo251128",
			"slotId": "main",
			"upd": {
				"StackObjectsCount": 60
			}
		},
		{
			"_id": "iHateThatShit31157",
			"_tpl": "560d61e84bdc2da74d8b4571",
			"parentId": "FuckYouUnlimitedAmmo251128",
			"slotId": "main",
			"upd": {
				"StackObjectsCount": 60
			}
		},
		{
			"_id": "iHateThatShit261315",
			"_tpl": "5e023d48186a883be655e551",
			"parentId": "FuckYouUnlimitedAmmo251128",
			"slotId": "main",
			"upd": {
				"StackObjectsCount": 60
			}
		},
		{
			"_id": "I210017298603804532Jbgo5",
			"_tpl": "5a17f98cfcdbcb0980087290",
			"parentId": "5c6687d65e9d882c8841f0fd",
			"slotId": "Holster"
		},
		{
			"_id": "AmmoMag130144",
			"_tpl": "573719762459775a626ccbc1",
			"parentId": "I210017299554434383WPGkU",
			"slotId": "cartridges",
			"upd": {
				"StackObjectsCount": 20
			}
		},
		{
			"_id": "I210017299554434383WPGkU",
			"_tpl": "5a17fb03fcdbcbcae668728f",
			"parentId": "I210017298603804532Jbgo5",
			"slotId": "mod_magazine"
		},
		{
			"_id": "I2100172947614598267bFwz",
			"_tpl": "5a17fc70fcdbcb0176308b3d",
			"parentId": "I210017298603804532Jbgo5",
			"slotId": "mod_pistol_grip"
		},
		{
			"_id": "I210017293107779793h05xT",
			"_tpl": "5aba62f8d8ce87001943946b",
			"parentId": "I210017298603804532Jbgo5",
			"slotId": "mod_sight_front",
			"upd": {
				"Sight": {
					"SelectedSightMode": 0
				}
			}
		},
		{
			"_id": "I2100172940354557583oTC1",
			"_tpl": "5aba637ad8ce87001773e17f",
			"parentId": "I210017298603804532Jbgo5",
			"slotId": "mod_sight_rear",
			"upd": {
				"Sight": {
					"SelectedSightMode": 0
				}
			}
		},
		{
			"_id": "mag1Vest268569",
			"_tpl": "5c88f24b2e22160bc12c69a6",
			"parentId": "TacticalVest468439",
			"slotId": "2",
			"location": {
				"x": 0,
				"y": 0,
				"r": "Horizontal"
			}
		},
		{
			"_id": "AmmoMag1Vest191256",
			"_tpl": "5e023d48186a883be655e551",
			"parentId": "mag1Vest268569",
			"slotId": "cartridges",
			"upd": {
				"StackObjectsCount": 20
			}
		},
		{
			"_id": "mag0Vest544540",
			"_tpl": "5c88f24b2e22160bc12c69a6",
			"parentId": "TacticalVest468439",
			"slotId": "5",
			"location": {
				"x": 0,
				"y": 0,
				"r": "Horizontal"
			}
		},
		{
			"_id": "AmmoMag0Vest349886",
			"_tpl": "5e023cf8186a883be655e54f",
			"parentId": "mag0Vest544540",
			"slotId": "cartridges",
			"upd": {
				"StackObjectsCount": 20
			}
		},
		{
			"_id": "mag0Vest294654",
			"_tpl": "5c88f24b2e22160bc12c69a6",
			"parentId": "TacticalVest468439",
			"slotId": "5",
			"location": {
				"x": 1,
				"y": 0,
				"r": "Horizontal"
			}
		},
		{
			"_id": "AmmoMag0Vest559716",
			"_tpl": "5e023cf8186a883be655e54f",
			"parentId": "mag0Vest294654",
			"slotId": "cartridges",
			"upd": {
				"StackObjectsCount": 20
			}
		},
		{
			"_id": "StackAmmo73010875499",
			"_tpl": "59e77a2386f7742ee578960a",
			"parentId": "TacticalVest468439",
			"slotId": "12",
			"upd": {
				"StackObjectsCount": 33
			}
		},
		{
			"_id": "magP0Vest94244",
			"_tpl": "5a17fb03fcdbcbcae668728f",
			"parentId": "TacticalVest468439",
			"slotId": "1",
			"location": {
				"x": 0,
				"y": 0,
				"r": "Horizontal"
			}
		},
		{
			"_id": "AmmoMagPVest228880",
			"_tpl": "57371eb62459776125652ac1",
			"parentId": "magP0Vest94244",
			"slotId": "cartridges",
			"upd": {
				"StackObjectsCount": 20
			}
		},
		{
			"_id": "magP0Vest15440",
			"_tpl": "5a17fb03fcdbcbcae668728f",
			"parentId": "TacticalVest468439",
			"slotId": "1",
			"location": {
				"x": 0,
				"y": 1,
				"r": "Horizontal"
			}
		},
		{
			"_id": "AmmoMagPVest438284",
			"_tpl": "573720e02459776143012541",
			"parentId": "magP0Vest15440",
			"slotId": "cartridges",
			"upd": {
				"StackObjectsCount": 20
			}
		},
		{
			"_id": "magP1Vest8786",
			"_tpl": "5a17fb03fcdbcbcae668728f",
			"parentId": "TacticalVest468439",
			"slotId": "4",
			"location": {
				"x": 0,
				"y": 1,
				"r": "Horizontal"
			}
		},
		{
			"_id": "AmmoMagPVest995548",
			"_tpl": "573719762459775a626ccbc1",
			"parentId": "magP1Vest8786",
			"slotId": "cartridges",
			"upd": {
				"StackObjectsCount": 20
			}
		},
		{
			"_id": "Scabbard187359",
			"_tpl": "57e26ea924597715ca604a09",
			"parentId": "5c6687d65e9d882c8841f0fd",
			"slotId": "Scabbard"
		},
		{
			"_id": "Headwear198946",
			"_tpl": "5b4327aa5acfc400175496e0",
			"parentId": "5c6687d65e9d882c8841f0fd",
			"slotId": "Headwear"
		},
		{
			"_id": "Eyewear958104",
			"_tpl": "5d6d2e22a4b9361bd5780d05",
			"parentId": "5c6687d65e9d882c8841f0fd",
			"slotId": "Eyewear"
		},
		{
			"_id": "FaceCover611398",
			"_tpl": "572b7f1624597762ae139822",
			"parentId": "5c6687d65e9d882c8841f0fd",
			"slotId": "FaceCover"
		},
		{
			"_id": "ArmorVest563884",
			"_tpl": "59e7635f86f7742cbf2c1095",
			"parentId": "5c6687d65e9d882c8841f0fd",
			"slotId": "ArmorVest",
			"upd": {
				"Repairable": {
					"MaxDurability": 40,
					"Durability": 18
				}
			}
		},
		{
			"_id": "Pocket_390176",
			"_tpl": "56742c2e4bdc2d95058b456d",
			"parentId": "5c6687d65e9d882c8841f121",
			"slotId": "pocket1",
			"location": {
				"x": 0,
				"y": 0,
				"r": "Horizontal"
			},
			"upd": {
				"SpawnedInSession": true
			}
		},
		{
			"_id": "Pocket_900102",
			"_tpl": "5914578086f774123569ffa4",
			"parentId": "5c6687d65e9d882c8841f121",
			"slotId": "pocket2",
			"location": {
				"x": 0,
				"y": 0,
				"r": "Horizontal"
			},
			"upd": {
				"SpawnedInSession": true
			}
		},
		{
			"_id": "Pocket_219132",
			"_tpl": "5a0ea79b86f7741d4a35298e",
			"parentId": "5c6687d65e9d882c8841f121",
			"slotId": "pocket3",
			"location": {
				"x": 0,
				"y": 0,
				"r": "Horizontal"
			},
			"upd": {
				"SpawnedInSession": true
			}
		}
	],
	"equipment": "5c6687d65e9d882c8841f0fd",
	"stash": "5c6687d65e9d882c8841f0fc",
	"questRaidItems": "5c6687d65e9d882c8841f0fe",
	"questStashItems": "5c6687d65e9d882c8841f0ff",
	"fastPanel": {}
}