{
	"items": [
		{
			"_id": "5c6687d65e9d882c8841f0fd",
			"_tpl": "55d7217a4bdc2d86028b456d"
		},
		{
			"_id": "5c6687d65e9d882c8841f121",
			"_tpl": "557ffd194bdc2d28148b457f",
			"parentId": "5c6687d65e9d882c8841f0fd",
			"slotId": "Pockets"
		},
		{
			"_id": "5c6687d65e9d882c8841f0fc",
			"_tpl": "566abbc34bdc2d92178b4576"
		},
		{
			"_id": "5c6687d65e9d882c8841f0ff",
			"_tpl": "5963866b86f7747bfa1c4462"
		},
		{
			"_id": "5c6687d65e9d882c8841f0fe",
			"_tpl": "5963866286f7747bf429b572"
		},
		{
			"_id": "TacticalVest411736",
			"_tpl": "5648a69d4bdc2ded0b8b457b",
			"parentId": "5c6687d65e9d882c8841f0fd",
			"slotId": "TacticalVest"
		},
		{
			"_id": "I21008468711264187Xszlcc",
			"_tpl": "59ff346386f77477562ff5e2",
			"parentId": "5c6687d65e9d882c8841f0fd",
			"slotId": "FirstPrimaryWeapon"
		},
		{
			"_id": "I21008464390411316KBLmDV",
			"_tpl": "59d64ec286f774171d1e0a42",
			"parentId": "I21008468711264187Xszlcc",
			"slotId": "mod_gas_block"
		},
		{
			"_id": "I21008461400862966Q6nOXb",
			"_tpl": "59d64fc686f774171b243fe2",
			"parentId": "I21008468711264187Xszlcc",
			"slotId": "mod_muzzle"
		},
		{
			"_id": "I21008469433656671RLtMTF",
			"_tpl": "5a0071d486f77404e23a12b2",
			"parentId": "I21008468711264187Xszlcc",
			"slotId": "mod_pistol_grip_akms"
		},
		{
			"_id": "I21008466511616434FMgVb5",
			"_tpl": "59d6507c86f7741b846413a2",
			"parentId": "I21008468711264187Xszlcc",
			"slotId": "mod_reciever"
		},
		{
			"_id": "I21008461308245459wvIgpy",
			"_tpl": "59d650cf86f7741b846413a4",
			"parentId": "I21008468711264187Xszlcc",
			"slotId": "mod_sight_rear",
			"upd": {
				"Sight": {
					"SelectedSightMode": 0
				}
			}
		},
		{
			"_id": "I21008461878208219ZloFqc",
			"_tpl": "59ff3b6a86f77477562ff5ed",
			"parentId": "I21008468711264187Xszlcc",
			"slotId": "mod_stock_akms"
		},
		{
			"_id": "MagazineWeaponScav1709",
			"_tpl": "59e5d83b86f7745aed03d262",
			"parentId": "I21008468711264187Xszlcc",
			"slotId": "mod_magazine"
		},
		{
			"_id": "AmmoMag12811",
			"_tpl": "59e4d3d286f774176a36250a",
			"parentId": "MagazineWeaponScav1709",
			"slotId": "cartridges",
			"upd": {
				"StackObjectsCount": 10
			}
		},
		{
			"_id": "I21008468053966479eEQg2S",
			"_tpl": "59d64f2f86f77417193ef8b3",
			"parentId": "I21008464390411316KBLmDV",
			"slotId": "mod_handguard"
		},
		{
			"_id": "FuckYouUnlimitedAmmo628315",
			"_tpl": "5857a8bc2459772bad15db29",
			"parentId": "5c6687d65e9d882c8841f0fd",
			"slotId": "SecuredContainer"
		},
		{
			"_id": "iHateThatShit375671",
			"_tpl": "59e0d99486f7744a32234762",
			"parentId": "FuckYouUnlimitedAmmo628315",
			"slotId": "main",
			"upd": {
				"StackObjectsCount": 60
			}
		},
		{
			"_id": "iHateThatShit820953",
			"_tpl": "59e4cf5286f7741778269d8a",
			"parentId": "FuckYouUnlimitedAmmo628315",
			"slotId": "main",
			"upd": {
				"StackObjectsCount": 60
			}
		},
		{
			"_id": "iHateThatShit375873",
			"_tpl": "59e4d24686f7741776641ac7",
			"parentId": "FuckYouUnlimitedAmmo628315",
			"slotId": "main",
			"upd": {
				"StackObjectsCount": 60
			}
		},
		{
			"_id": "iHateThatShit434896",
			"_tpl": "5656d7c34bdc2d9d198b4587",
			"parentId": "FuckYouUnlimitedAmmo628315",
			"slotId": "main",
			"upd": {
				"StackObjectsCount": 60
			}
		},
		{
			"_id": "iHateThatShit616191",
			"_tpl": "59e4d24686f7741776641ac7",
			"parentId": "FuckYouUnlimitedAmmo628315",
			"slotId": "main",
			"upd": {
				"StackObjectsCount": 60
			}
		},
		{
			"_id": "iHateThatShit550302",
			"_tpl": "59e4d3d286f774176a36250a",
			"parentId": "FuckYouUnlimitedAmmo628315",
			"slotId": "main",
			"upd": {
				"StackObjectsCount": 60
			}
		},
		{
			"_id": "iHateThatShit860837",
			"_tpl": "5656d7c34bdc2d9d198b4587",
			"parentId": "FuckYouUnlimitedAmmo628315",
			"slotId": "main",
			"upd": {
				"StackObjectsCount": 60
			}
		},
		{
			"_id": "iHateThatShit32063",
			"_tpl": "59e0d99486f7744a32234762",
			"parentId": "FuckYouUnlimitedAmmo628315",
			"slotId": "main",
			"upd": {
				"StackObjectsCount": 60
			}
		},
		{
			"_id": "iHateThatShit17950",
			"_tpl": "59e4d24686f7741776641ac7",
			"parentId": "FuckYouUnlimitedAmmo628315",
			"slotId": "main",
			"upd": {
				"StackObjectsCount": 60
			}
		},
		{
			"_id": "mag0Vest490629",
			"_tpl": "59e5d83b86f7745aed03d262",
			"parentId": "TacticalVest411736",
			"slotId": "1",
			"location": {
				"x": 0,
				"y": 1,
				"r": "Horizontal"
			}
		},
		{
			"_id": "AmmoMag0Vest785560",
			"_tpl": "59e4d3d286f774176a36250a",
			"parentId": "mag0Vest490629",
			"slotId": "cartridges",
			"upd": {
				"StackObjectsCount": 10
			}
		},
		{
			"_id": "mag1Vest124446",
			"_tpl": "59e5d83b86f7745aed03d262",
			"parentId": "TacticalVest411736",
			"slotId": "3",
			"location": {
				"x": 0,
				"y": 0,
				"r": "Horizontal"
			}
		},
		{
			"_id": "AmmoMag1Vest90066",
			"_tpl": "59e4d3d286f774176a36250a",
			"parentId": "mag1Vest124446",
			"slotId": "cartridges",
			"upd": {
				"StackObjectsCount": 10
			}
		},
		{
			"_id": "mag3Vest199758",
			"_tpl": "59e5d83b86f7745aed03d262",
			"parentId": "TacticalVest411736",
			"slotId": "11",
			"location": {
				"x": 0,
				"y": 0,
				"r": "Horizontal"
			}
		},
		{
			"_id": "AmmoMag3Vest48297",
			"_tpl": "59e0d99486f7744a32234762",
			"parentId": "mag3Vest199758",
			"slotId": "cartridges",
			"upd": {
				"StackObjectsCount": 10
			}
		},
		{
			"_id": "mag3Vest768827",
			"_tpl": "59e5d83b86f7745aed03d262",
			"parentId": "TacticalVest411736",
			"slotId": "11",
			"location": {
				"x": 0,
				"y": 1,
				"r": "Horizontal"
			}
		},
		{
			"_id": "AmmoMag3Vest349044",
			"_tpl": "59e4d3d286f774176a36250a",
			"parentId": "mag3Vest768827",
			"slotId": "cartridges",
			"upd": {
				"StackObjectsCount": 10
			}
		},
		{
			"_id": "StackAmmo44877729740",
			"_tpl": "59e4d3d286f774176a36250a",
			"parentId": "TacticalVest411736",
			"slotId": "8",
			"upd": {
				"StackObjectsCount": 30
			}
		},
		{
			"_id": "Scabbard837453",
			"_tpl": "5bffdc370db834001d23eca8",
			"parentId": "5c6687d65e9d882c8841f0fd",
			"slotId": "Scabbard"
		},
		{
			"_id": "Eyewear668518",
			"_tpl": "5b432be65acfc433000ed01f",
			"parentId": "5c6687d65e9d882c8841f0fd",
			"slotId": "Eyewear"
		},
		{
			"_id": "FaceCover375918",
			"_tpl": "59e7715586f7742ee5789605",
			"parentId": "5c6687d65e9d882c8841f0fd",
			"slotId": "FaceCover"
		},
		{
			"_id": "Pocket_552482",
			"_tpl": "5c093e3486f77430cb02e593",
			"parentId": "5c6687d65e9d882c8841f121",
			"slotId": "pocket1",
			"location": {
				"x": 0,
				"y": 0,
				"r": "Horizontal"
			},
			"upd": {
				"SpawnedInSession": true
			}
		},
		{
			"_id": "Pocket_381131",
			"_tpl": "57347cd0245977445a2d6ff1",
			"parentId": "5c6687d65e9d882c8841f121",
			"slotId": "pocket2",
			"location": {
				"x": 0,
				"y": 0,
				"r": "Horizontal"
			},
			"upd": {
				"SpawnedInSession": true
			}
		},
		{
			"_id": "Pocket_145180",
			"_tpl": "5d80cb3886f77440556dbf09",
			"parentId": "5c6687d65e9d882c8841f121",
			"slotId": "pocket3",
			"location": {
				"x": 0,
				"y": 0,
				"r": "Horizontal"
			},
			"upd": {
				"SpawnedInSession": true
			}
		}
	],
	"equipment": "5c6687d65e9d882c8841f0fd",
	"stash": "5c6687d65e9d882c8841f0fc",
	"questRaidItems": "5c6687d65e9d882c8841f0fe",
	"questStashItems": "5c6687d65e9d882c8841f0ff",
	"fastPanel": {}
}