{
	"items": [
		{
			"_id": "5c6687d65e9d882c8841f0fd",
			"_tpl": "55d7217a4bdc2d86028b456d"
		},
		{
			"_id": "5c6687d65e9d882c8841f121",
			"_tpl": "557ffd194bdc2d28148b457f",
			"parentId": "5c6687d65e9d882c8841f0fd",
			"slotId": "Pockets"
		},
		{
			"_id": "5c6687d65e9d882c8841f0fc",
			"_tpl": "566abbc34bdc2d92178b4576"
		},
		{
			"_id": "5c6687d65e9d882c8841f0ff",
			"_tpl": "5963866b86f7747bfa1c4462"
		},
		{
			"_id": "5c6687d65e9d882c8841f0fe",
			"_tpl": "5963866286f7747bf429b572"
		},
		{
			"_id": "TacticalVest169504",
			"_tpl": "5ca20abf86f77418567a43f2",
			"parentId": "5c6687d65e9d882c8841f0fd",
			"slotId": "TacticalVest"
		},
		{
			"_id": "I331021328994053711isLrj",
			"_tpl": "57dc2fa62459775949412633",
			"parentId": "5c6687d65e9d882c8841f0fd",
			"slotId": "FirstPrimaryWeapon"
		},
		{
			"_id": "I331021328877775295QjES9",
			"_tpl": "57e3dba62459770f0c32322b",
			"parentId": "I331021328994053711isLrj",
			"slotId": "mod_pistol_grip"
		},
		{
			"_id": "MagazineWeaponScav9951",
			"_tpl": "564ca99c4bdc2d16268b4589",
			"parentId": "I331021328994053711isLrj",
			"slotId": "mod_magazine"
		},
		{
			"_id": "AmmoMag19791",
			"_tpl": "56dff4a2d2720bbd668b456a",
			"parentId": "MagazineWeaponScav9951",
			"slotId": "cartridges",
			"upd": {
				"StackObjectsCount": 30
			}
		},
		{
			"_id": "I331021322323260202OiO9r",
			"_tpl": "57dc324a24597759501edc20",
			"parentId": "I331021328994053711isLrj",
			"slotId": "mod_muzzle"
		},
		{
			"_id": "I331021328201500019YTmI9",
			"_tpl": "57dc334d245977597164366f",
			"parentId": "I331021328994053711isLrj",
			"slotId": "mod_reciever"
		},
		{
			"_id": "I331021324311982581eFAlM",
			"_tpl": "59d36a0086f7747e673f3946",
			"parentId": "I331021328994053711isLrj",
			"slotId": "mod_gas_block"
		},
		{
			"_id": "I331021324542751586KsXfB",
			"_tpl": "56dfef82d2720bbd668b4567",
			"parentId": "I331021326803206040JFF8O",
			"slotId": "cartridges",
			"location": 0,
			"upd": {
				"StackObjectsCount": 30
			}
		},
		{
			"_id": "I331021322949298299qlpvk",
			"_tpl": "57dc32dc245977596d4ef3d3",
			"parentId": "I331021324311982581eFAlM",
			"slotId": "mod_handguard"
		},
		{
			"_id": "FuckYouUnlimitedAmmo767210",
			"_tpl": "5857a8bc2459772bad15db29",
			"parentId": "5c6687d65e9d882c8841f0fd",
			"slotId": "SecuredContainer"
		},
		{
			"_id": "iHateThatShit871270",
			"_tpl": "56dfef82d2720bbd668b4567",
			"parentId": "FuckYouUnlimitedAmmo767210",
			"slotId": "main",
			"upd": {
				"StackObjectsCount": 60
			}
		},
		{
			"_id": "iHateThatShit442232",
			"_tpl": "56dff338d2720bbd668b4569",
			"parentId": "FuckYouUnlimitedAmmo767210",
			"slotId": "main",
			"upd": {
				"StackObjectsCount": 60
			}
		},
		{
			"_id": "iHateThatShit753982",
			"_tpl": "56dff4ecd2720b5f5a8b4568",
			"parentId": "FuckYouUnlimitedAmmo767210",
			"slotId": "main",
			"upd": {
				"StackObjectsCount": 60
			}
		},
		{
			"_id": "iHateThatShit798474",
			"_tpl": "56dff4a2d2720bbd668b456a",
			"parentId": "FuckYouUnlimitedAmmo767210",
			"slotId": "main",
			"upd": {
				"StackObjectsCount": 60
			}
		},
		{
			"_id": "iHateThatShit23600",
			"_tpl": "56dff0bed2720bb0668b4567",
			"parentId": "FuckYouUnlimitedAmmo767210",
			"slotId": "main",
			"upd": {
				"StackObjectsCount": 60
			}
		},
		{
			"_id": "iHateThatShit294210",
			"_tpl": "56dfef82d2720bbd668b4567",
			"parentId": "FuckYouUnlimitedAmmo767210",
			"slotId": "main",
			"upd": {
				"StackObjectsCount": 60
			}
		},
		{
			"_id": "iHateThatShit644678",
			"_tpl": "56dff4ecd2720b5f5a8b4568",
			"parentId": "FuckYouUnlimitedAmmo767210",
			"slotId": "main",
			"upd": {
				"StackObjectsCount": 60
			}
		},
		{
			"_id": "iHateThatShit75704",
			"_tpl": "56dff4a2d2720bbd668b456a",
			"parentId": "FuckYouUnlimitedAmmo767210",
			"slotId": "main",
			"upd": {
				"StackObjectsCount": 60
			}
		},
		{
			"_id": "iHateThatShit409977",
			"_tpl": "56dff4a2d2720bbd668b456a",
			"parentId": "FuckYouUnlimitedAmmo767210",
			"slotId": "main",
			"upd": {
				"StackObjectsCount": 60
			}
		},
		{
			"_id": "mag1Vest711403",
			"_tpl": "55d480c04bdc2d1d4e8b456a",
			"parentId": "TacticalVest169504",
			"slotId": "2",
			"location": {
				"x": 0,
				"y": 0,
				"r": "Horizontal"
			}
		},
		{
			"_id": "AmmoMag1Vest850189",
			"_tpl": "56dff061d2720bb5668b4567",
			"parentId": "mag1Vest711403",
			"slotId": "cartridges",
			"upd": {
				"StackObjectsCount": 30
			}
		},
		{
			"_id": "mag2Vest74044",
			"_tpl": "55d480c04bdc2d1d4e8b456a",
			"parentId": "TacticalVest169504",
			"slotId": "4",
			"location": {
				"x": 0,
				"y": 0,
				"r": "Horizontal"
			}
		},
		{
			"_id": "AmmoMag2Vest53633",
			"_tpl": "56dff421d2720b5f5a8b4567",
			"parentId": "mag2Vest74044",
			"slotId": "cartridges",
			"upd": {
				"StackObjectsCount": 30
			}
		},
		{
			"_id": "mag3Vest948592",
			"_tpl": "55d480c04bdc2d1d4e8b456a",
			"parentId": "TacticalVest169504",
			"slotId": "6",
			"location": {
				"x": 0,
				"y": 0,
				"r": "Horizontal"
			}
		},
		{
			"_id": "AmmoMag3Vest422377",
			"_tpl": "56dff2ced2720bb4668b4567",
			"parentId": "mag3Vest948592",
			"slotId": "cartridges",
			"upd": {
				"StackObjectsCount": 30
			}
		},
		{
			"_id": "mag4Vest745740",
			"_tpl": "55d480c04bdc2d1d4e8b456a",
			"parentId": "TacticalVest169504",
			"slotId": "8",
			"location": {
				"x": 0,
				"y": 0,
				"r": "Horizontal"
			}
		},
		{
			"_id": "AmmoMag4Vest884804",
			"_tpl": "56dff0bed2720bb0668b4567",
			"parentId": "mag4Vest745740",
			"slotId": "cartridges",
			"upd": {
				"StackObjectsCount": 30
			}
		},
		{
			"_id": "Scabbard195976",
			"_tpl": "5bffdc370db834001d23eca8",
			"parentId": "5c6687d65e9d882c8841f0fd",
			"slotId": "Scabbard"
		},
		{
			"_id": "Eyewear607891",
			"_tpl": "5d6d2e22a4b9361bd5780d05",
			"parentId": "5c6687d65e9d882c8841f0fd",
			"slotId": "Eyewear"
		},
		{
			"_id": "FaceCover843427",
			"_tpl": "59e7715586f7742ee5789605",
			"parentId": "5c6687d65e9d882c8841f0fd",
			"slotId": "FaceCover"
		},
		{
			"_id": "ArmorVest966791",
			"_tpl": "5c0e5edb86f77461f55ed1f7",
			"parentId": "5c6687d65e9d882c8841f0fd",
			"slotId": "ArmorVest",
			"upd": {
				"Repairable": {
					"MaxDurability": 50,
					"Durability": 18
				}
			}
		},
		{
			"_id": "Pocket_4787",
			"_tpl": "5914578086f774123569ffa4",
			"parentId": "5c6687d65e9d882c8841f121",
			"slotId": "pocket1",
			"location": {
				"x": 0,
				"y": 0,
				"r": "Horizontal"
			},
			"upd": {
				"SpawnedInSession": true
			}
		},
		{
			"_id": "Pocket_703916",
			"_tpl": "590a3d9c86f774385926e510",
			"parentId": "5c6687d65e9d882c8841f121",
			"slotId": "pocket2",
			"location": {
				"x": 0,
				"y": 0,
				"r": "Horizontal"
			},
			"upd": {
				"SpawnedInSession": true
			}
		}
	],
	"equipment": "5c6687d65e9d882c8841f0fd",
	"stash": "5c6687d65e9d882c8841f0fc",
	"questRaidItems": "5c6687d65e9d882c8841f0fe",
	"questStashItems": "5c6687d65e9d882c8841f0ff",
	"fastPanel": {}
}