{
	"items": [
		{
			"_id": "5c6687d65e9d882c8841f0fd",
			"_tpl": "55d7217a4bdc2d86028b456d"
		},
		{
			"_id": "5c6687d65e9d882c8841f121",
			"_tpl": "557ffd194bdc2d28148b457f",
			"parentId": "5c6687d65e9d882c8841f0fd",
			"slotId": "Pockets"
		},
		{
			"_id": "5c6687d65e9d882c8841f0fc",
			"_tpl": "566abbc34bdc2d92178b4576"
		},
		{
			"_id": "5c6687d65e9d882c8841f0ff",
			"_tpl": "5963866b86f7747bfa1c4462"
		},
		{
			"_id": "5c6687d65e9d882c8841f0fe",
			"_tpl": "5963866286f7747bf429b572"
		},
		{
			"_id": "TacticalVest800876",
			"_tpl": "5c0e3eb886f7742015526062",
			"parentId": "5c6687d65e9d882c8841f0fd",
			"slotId": "TacticalVest"
		},
		{
			"_id": "I331021328994053711isLrj",
			"_tpl": "57dc2fa62459775949412633",
			"parentId": "5c6687d65e9d882c8841f0fd",
			"slotId": "FirstPrimaryWeapon"
		},
		{
			"_id": "I331021328877775295QjES9",
			"_tpl": "57e3dba62459770f0c32322b",
			"parentId": "I331021328994053711isLrj",
			"slotId": "mod_pistol_grip"
		},
		{
			"_id": "MagazineWeaponScav28",
			"_tpl": "55d4837c4bdc2d1d4e8b456c",
			"parentId": "I331021328994053711isLrj",
			"slotId": "mod_magazine"
		},
		{
			"_id": "AmmoMag11312",
			"_tpl": "56dff0bed2720bb0668b4567",
			"parentId": "MagazineWeaponScav28",
			"slotId": "cartridges",
			"upd": {
				"StackObjectsCount": 10
			}
		},
		{
			"_id": "I331021322323260202OiO9r",
			"_tpl": "57dc324a24597759501edc20",
			"parentId": "I331021328994053711isLrj",
			"slotId": "mod_muzzle"
		},
		{
			"_id": "I331021328201500019YTmI9",
			"_tpl": "57dc334d245977597164366f",
			"parentId": "I331021328994053711isLrj",
			"slotId": "mod_reciever"
		},
		{
			"_id": "I331021324311982581eFAlM",
			"_tpl": "59d36a0086f7747e673f3946",
			"parentId": "I331021328994053711isLrj",
			"slotId": "mod_gas_block"
		},
		{
			"_id": "I331021324542751586KsXfB",
			"_tpl": "56dfef82d2720bbd668b4567",
			"parentId": "I331021326803206040JFF8O",
			"slotId": "cartridges",
			"location": 0,
			"upd": {
				"StackObjectsCount": 30
			}
		},
		{
			"_id": "I331021322949298299qlpvk",
			"_tpl": "57dc32dc245977596d4ef3d3",
			"parentId": "I331021324311982581eFAlM",
			"slotId": "mod_handguard"
		},
		{
			"_id": "FuckYouUnlimitedAmmo115184",
			"_tpl": "5857a8bc2459772bad15db29",
			"parentId": "5c6687d65e9d882c8841f0fd",
			"slotId": "SecuredContainer"
		},
		{
			"_id": "iHateThatShit985781",
			"_tpl": "56dff421d2720b5f5a8b4567",
			"parentId": "FuckYouUnlimitedAmmo115184",
			"slotId": "main",
			"upd": {
				"StackObjectsCount": 60
			}
		},
		{
			"_id": "iHateThatShit590299",
			"_tpl": "56dff3afd2720bba668b4567",
			"parentId": "FuckYouUnlimitedAmmo115184",
			"slotId": "main",
			"upd": {
				"StackObjectsCount": 60
			}
		},
		{
			"_id": "iHateThatShit268155",
			"_tpl": "56dff0bed2720bb0668b4567",
			"parentId": "FuckYouUnlimitedAmmo115184",
			"slotId": "main",
			"upd": {
				"StackObjectsCount": 60
			}
		},
		{
			"_id": "iHateThatShit123119",
			"_tpl": "56dfef82d2720bbd668b4567",
			"parentId": "FuckYouUnlimitedAmmo115184",
			"slotId": "main",
			"upd": {
				"StackObjectsCount": 60
			}
		},
		{
			"_id": "iHateThatShit143123",
			"_tpl": "56dff4a2d2720bbd668b456a",
			"parentId": "FuckYouUnlimitedAmmo115184",
			"slotId": "main",
			"upd": {
				"StackObjectsCount": 60
			}
		},
		{
			"_id": "iHateThatShit947095",
			"_tpl": "56dff338d2720bbd668b4569",
			"parentId": "FuckYouUnlimitedAmmo115184",
			"slotId": "main",
			"upd": {
				"StackObjectsCount": 60
			}
		},
		{
			"_id": "iHateThatShit173814",
			"_tpl": "56dff2ced2720bb4668b4567",
			"parentId": "FuckYouUnlimitedAmmo115184",
			"slotId": "main",
			"upd": {
				"StackObjectsCount": 60
			}
		},
		{
			"_id": "iHateThatShit561339",
			"_tpl": "56dff216d2720bbd668b4568",
			"parentId": "FuckYouUnlimitedAmmo115184",
			"slotId": "main",
			"upd": {
				"StackObjectsCount": 60
			}
		},
		{
			"_id": "iHateThatShit338333",
			"_tpl": "56dff3afd2720bba668b4567",
			"parentId": "FuckYouUnlimitedAmmo115184",
			"slotId": "main",
			"upd": {
				"StackObjectsCount": 60
			}
		},
		{
			"_id": "I210016569131659520n9LxH",
			"_tpl": "576a581d2459771e7b1bc4f1",
			"parentId": "5c6687d65e9d882c8841f0fd",
			"slotId": "Holster"
		},
		{
			"_id": "AmmoMag188669",
			"_tpl": "5c3df7d588a4501f290594e5",
			"parentId": "I2100165644840754536SMMb",
			"slotId": "cartridges",
			"upd": {
				"StackObjectsCount": 18
			}
		},
		{
			"_id": "I2100165644840754536SMMb",
			"_tpl": "576a5ed62459771e9c2096cb",
			"parentId": "I210016569131659520n9LxH",
			"slotId": "mod_magazine"
		},
		{
			"_id": "I210016562931727377Quekg",
			"_tpl": "576a63cd2459771e796e0e11",
			"parentId": "I210016569131659520n9LxH",
			"slotId": "mod_pistol_grip"
		},
		{
			"_id": "mag0Vest791331",
			"_tpl": "55d4837c4bdc2d1d4e8b456c",
			"parentId": "TacticalVest800876",
			"slotId": "1",
			"location": {
				"x": 0,
				"y": 0,
				"r": "Horizontal"
			}
		},
		{
			"_id": "AmmoMag0Vest967263",
			"_tpl": "56dff3afd2720bba668b4567",
			"parentId": "mag0Vest791331",
			"slotId": "cartridges",
			"upd": {
				"StackObjectsCount": 10
			}
		},
		{
			"_id": "mag2Vest755791",
			"_tpl": "55d4837c4bdc2d1d4e8b456c",
			"parentId": "TacticalVest800876",
			"slotId": "4",
			"location": {
				"x": 0,
				"y": 0,
				"r": "Horizontal"
			}
		},
		{
			"_id": "AmmoMag2Vest462020",
			"_tpl": "56dff3afd2720bba668b4567",
			"parentId": "mag2Vest755791",
			"slotId": "cartridges",
			"upd": {
				"StackObjectsCount": 10
			}
		},
		{
			"_id": "StackAmmo25626016744",
			"_tpl": "56dff4ecd2720b5f5a8b4568",
			"parentId": "TacticalVest800876",
			"slotId": "6",
			"upd": {
				"StackObjectsCount": 50
			}
		},
		{
			"_id": "magP0Vest75574",
			"_tpl": "576a5ed62459771e9c2096cb",
			"parentId": "TacticalVest800876",
			"slotId": "2",
			"location": {
				"x": 0,
				"y": 0,
				"r": "Horizontal"
			}
		},
		{
			"_id": "AmmoMagPVest600188",
			"_tpl": "56d59d3ad2720bdb418b4577",
			"parentId": "magP0Vest75574",
			"slotId": "cartridges",
			"upd": {
				"StackObjectsCount": 18
			}
		},
		{
			"_id": "magP0Vest67474",
			"_tpl": "576a5ed62459771e9c2096cb",
			"parentId": "TacticalVest800876",
			"slotId": "2",
			"location": {
				"x": 0,
				"y": 1,
				"r": "Horizontal"
			}
		},
		{
			"_id": "AmmoMagPVest599890",
			"_tpl": "56d59d3ad2720bdb418b4577",
			"parentId": "magP0Vest67474",
			"slotId": "cartridges",
			"upd": {
				"StackObjectsCount": 18
			}
		},
		{
			"_id": "Scabbard623290",
			"_tpl": "54491bb74bdc2d09088b4567",
			"parentId": "5c6687d65e9d882c8841f0fd",
			"slotId": "Scabbard"
		},
		{
			"_id": "Eyewear565425",
			"_tpl": "5aa2b986e5b5b00014028f4c",
			"parentId": "5c6687d65e9d882c8841f0fd",
			"slotId": "Eyewear"
		},
		{
			"_id": "Backpack999306",
			"_tpl": "56e33634d2720bd8058b456b",
			"parentId": "5c6687d65e9d882c8841f0fd",
			"slotId": "Backpack"
		},
		{
			"_id": "BP_Backpack999306_880197",
			"_tpl": "5a0dc95c86f77452440fc675",
			"parentId": "Backpack999306",
			"slotId": "main",
			"location": {
				"x": 0,
				"y": 0,
				"r": "Horizontal"
			}
		},
		{
			"_id": "BP_Backpack999306_940129",
			"_tpl": "59faf98186f774067b6be103",
			"parentId": "Backpack999306",
			"slotId": "main",
			"location": {
				"x": 0,
				"y": 1,
				"r": "Horizontal"
			}
		},
		{
			"_id": "BP_Backpack999306_699977",
			"_tpl": "5d1b371186f774253763a656",
			"parentId": "Backpack999306",
			"slotId": "main",
			"location": {
				"x": 1,
				"y": 0,
				"r": "Horizontal"
			}
		},
		{
			"_id": "BP_Backpack999306_307315",
			"_tpl": "5d40419286f774318526545f",
			"parentId": "Backpack999306",
			"slotId": "main",
			"location": {
				"x": 3,
				"y": 0,
				"r": "Horizontal"
			}
		},
		{
			"_id": "BP_Backpack999306_355710",
			"_tpl": "5937ee6486f77408994ba448",
			"parentId": "Backpack999306",
			"slotId": "main",
			"location": {
				"x": 1,
				"y": 2,
				"r": "Horizontal"
			}
		},
		{
			"_id": "BP_Backpack999306_307298",
			"_tpl": "57347baf24597738002c6178",
			"parentId": "Backpack999306",
			"slotId": "main",
			"location": {
				"x": 2,
				"y": 2,
				"r": "Horizontal"
			}
		},
		{
			"_id": "BP_Backpack999306_886432",
			"_tpl": "5d80c78786f774403a401e3e",
			"parentId": "Backpack999306",
			"slotId": "main",
			"location": {
				"x": 3,
				"y": 2,
				"r": "Horizontal"
			}
		},
		{
			"_id": "ArmorVest906333",
			"_tpl": "5c0e57ba86f7747fa141986d",
			"parentId": "5c6687d65e9d882c8841f0fd",
			"slotId": "ArmorVest",
			"upd": {
				"Repairable": {
					"MaxDurability": 55,
					"Durability": 32
				}
			}
		},
		{
			"_id": "Pocket_145267",
			"_tpl": "590a358486f77429692b2790",
			"parentId": "5c6687d65e9d882c8841f121",
			"slotId": "pocket1",
			"location": {
				"x": 0,
				"y": 0,
				"r": "Horizontal"
			},
			"upd": {
				"SpawnedInSession": true
			}
		}
	],
	"equipment": "5c6687d65e9d882c8841f0fd",
	"stash": "5c6687d65e9d882c8841f0fc",
	"questRaidItems": "5c6687d65e9d882c8841f0fe",
	"questStashItems": "5c6687d65e9d882c8841f0ff",
	"fastPanel": {}
}