{
	"items": [
		{
			"_id": "5c6687d65e9d882c8841f0fd",
			"_tpl": "55d7217a4bdc2d86028b456d"
		},
		{
			"_id": "5c6687d65e9d882c8841f121",
			"_tpl": "557ffd194bdc2d28148b457f",
			"parentId": "5c6687d65e9d882c8841f0fd",
			"slotId": "Pockets"
		},
		{
			"_id": "5c6687d65e9d882c8841f0fc",
			"_tpl": "566abbc34bdc2d92178b4576"
		},
		{
			"_id": "5c6687d65e9d882c8841f0ff",
			"_tpl": "5963866b86f7747bfa1c4462"
		},
		{
			"_id": "5c6687d65e9d882c8841f0fe",
			"_tpl": "5963866286f7747bf429b572"
		},
		{
			"_id": "TacticalVest31981",
			"_tpl": "5df8a42886f77412640e2e75",
			"parentId": "5c6687d65e9d882c8841f0fd",
			"slotId": "TacticalVest"
		},
		{
			"_id": "I331039379885235761qYs5t",
			"_tpl": "59e6152586f77473dc057aa1",
			"parentId": "5c6687d65e9d882c8841f0fd",
			"slotId": "FirstPrimaryWeapon"
		},
		{
			"_id": "I331039379344430276egh58",
			"_tpl": "59e649f986f77411d949b246",
			"parentId": "I331039379885235761qYs5t",
			"slotId": "mod_gas_block"
		},
		{
			"_id": "I331039374201709231hEPC6",
			"_tpl": "59e61eb386f77440d64f5daf",
			"parentId": "I331039379885235761qYs5t",
			"slotId": "mod_muzzle"
		},
		{
			"_id": "I331039371822320165197sb",
			"_tpl": "59e6318286f77444dd62c4cc",
			"parentId": "I331039379885235761qYs5t",
			"slotId": "mod_pistol_grip"
		},
		{
			"_id": "I331039378145181727u03a9",
			"_tpl": "59e6449086f7746c9f75e822",
			"parentId": "I331039379885235761qYs5t",
			"slotId": "mod_reciever"
		},
		{
			"_id": "I331039379315748625Gp09O",
			"_tpl": "59d650cf86f7741b846413a4",
			"parentId": "I331039379885235761qYs5t",
			"slotId": "mod_sight_rear",
			"upd": {
				"Sight": {
					"SelectedSightMode": 0
				}
			}
		},
		{
			"_id": "MagazineWeaponScav2570",
			"_tpl": "59e5d83b86f7745aed03d262",
			"parentId": "I331039379885235761qYs5t",
			"slotId": "mod_magazine"
		},
		{
			"_id": "AmmoMag12784",
			"_tpl": "59e4d24686f7741776641ac7",
			"parentId": "MagazineWeaponScav2570",
			"slotId": "cartridges",
			"upd": {
				"StackObjectsCount": 10
			}
		},
		{
			"_id": "I331039379985197086qOUf4",
			"_tpl": "59e6284f86f77440d569536f",
			"parentId": "I331039379344430276egh58",
			"slotId": "mod_handguard"
		},
		{
			"_id": "FuckYouUnlimitedAmmo136860",
			"_tpl": "5857a8bc2459772bad15db29",
			"parentId": "5c6687d65e9d882c8841f0fd",
			"slotId": "SecuredContainer"
		},
		{
			"_id": "iHateThatShit187489",
			"_tpl": "5656d7c34bdc2d9d198b4587",
			"parentId": "FuckYouUnlimitedAmmo136860",
			"slotId": "main",
			"upd": {
				"StackObjectsCount": 60
			}
		},
		{
			"_id": "iHateThatShit151229",
			"_tpl": "59e0d99486f7744a32234762",
			"parentId": "FuckYouUnlimitedAmmo136860",
			"slotId": "main",
			"upd": {
				"StackObjectsCount": 60
			}
		},
		{
			"_id": "iHateThatShit336356",
			"_tpl": "59e4cf5286f7741778269d8a",
			"parentId": "FuckYouUnlimitedAmmo136860",
			"slotId": "main",
			"upd": {
				"StackObjectsCount": 60
			}
		},
		{
			"_id": "iHateThatShit392412",
			"_tpl": "59e4d3d286f774176a36250a",
			"parentId": "FuckYouUnlimitedAmmo136860",
			"slotId": "main",
			"upd": {
				"StackObjectsCount": 60
			}
		},
		{
			"_id": "iHateThatShit420735",
			"_tpl": "5656d7c34bdc2d9d198b4587",
			"parentId": "FuckYouUnlimitedAmmo136860",
			"slotId": "main",
			"upd": {
				"StackObjectsCount": 60
			}
		},
		{
			"_id": "iHateThatShit348279",
			"_tpl": "59e4d3d286f774176a36250a",
			"parentId": "FuckYouUnlimitedAmmo136860",
			"slotId": "main",
			"upd": {
				"StackObjectsCount": 60
			}
		},
		{
			"_id": "iHateThatShit528769",
			"_tpl": "59e0d99486f7744a32234762",
			"parentId": "FuckYouUnlimitedAmmo136860",
			"slotId": "main",
			"upd": {
				"StackObjectsCount": 60
			}
		},
		{
			"_id": "iHateThatShit760271",
			"_tpl": "59e4d3d286f774176a36250a",
			"parentId": "FuckYouUnlimitedAmmo136860",
			"slotId": "main",
			"upd": {
				"StackObjectsCount": 60
			}
		},
		{
			"_id": "iHateThatShit403796",
			"_tpl": "59e4d3d286f774176a36250a",
			"parentId": "FuckYouUnlimitedAmmo136860",
			"slotId": "main",
			"upd": {
				"StackObjectsCount": 60
			}
		},
		{
			"_id": "mag0Vest117617",
			"_tpl": "59e5d83b86f7745aed03d262",
			"parentId": "TacticalVest31981",
			"slotId": "1",
			"location": {
				"x": 0,
				"y": 1,
				"r": "Horizontal"
			}
		},
		{
			"_id": "AmmoMag0Vest927848",
			"_tpl": "5656d7c34bdc2d9d198b4587",
			"parentId": "mag0Vest117617",
			"slotId": "cartridges",
			"upd": {
				"StackObjectsCount": 10
			}
		},
		{
			"_id": "mag1Vest710406",
			"_tpl": "59e5d83b86f7745aed03d262",
			"parentId": "TacticalVest31981",
			"slotId": "3",
			"location": {
				"x": 0,
				"y": 0,
				"r": "Horizontal"
			}
		},
		{
			"_id": "AmmoMag1Vest809924",
			"_tpl": "59e4cf5286f7741778269d8a",
			"parentId": "mag1Vest710406",
			"slotId": "cartridges",
			"upd": {
				"StackObjectsCount": 10
			}
		},
		{
			"_id": "mag1Vest46001",
			"_tpl": "59e5d83b86f7745aed03d262",
			"parentId": "TacticalVest31981",
			"slotId": "3",
			"location": {
				"x": 0,
				"y": 1,
				"r": "Horizontal"
			}
		},
		{
			"_id": "AmmoMag1Vest675746",
			"_tpl": "59e4cf5286f7741778269d8a",
			"parentId": "mag1Vest46001",
			"slotId": "cartridges",
			"upd": {
				"StackObjectsCount": 10
			}
		},
		{
			"_id": "mag2Vest817971",
			"_tpl": "59e5d83b86f7745aed03d262",
			"parentId": "TacticalVest31981",
			"slotId": "5",
			"location": {
				"x": 0,
				"y": 0,
				"r": "Horizontal"
			}
		},
		{
			"_id": "AmmoMag2Vest966192",
			"_tpl": "59e4d24686f7741776641ac7",
			"parentId": "mag2Vest817971",
			"slotId": "cartridges",
			"upd": {
				"StackObjectsCount": 10
			}
		},
		{
			"_id": "mag2Vest24990",
			"_tpl": "59e5d83b86f7745aed03d262",
			"parentId": "TacticalVest31981",
			"slotId": "5",
			"location": {
				"x": 0,
				"y": 1,
				"r": "Horizontal"
			}
		},
		{
			"_id": "AmmoMag2Vest336543",
			"_tpl": "59e4cf5286f7741778269d8a",
			"parentId": "mag2Vest24990",
			"slotId": "cartridges",
			"upd": {
				"StackObjectsCount": 10
			}
		},
		{
			"_id": "mag3Vest968475",
			"_tpl": "59e5d83b86f7745aed03d262",
			"parentId": "TacticalVest31981",
			"slotId": "7",
			"location": {
				"x": 0,
				"y": 1,
				"r": "Horizontal"
			}
		},
		{
			"_id": "AmmoMag3Vest572568",
			"_tpl": "5656d7c34bdc2d9d198b4587",
			"parentId": "mag3Vest968475",
			"slotId": "cartridges",
			"upd": {
				"StackObjectsCount": 10
			}
		},
		{
			"_id": "mag4Vest336194",
			"_tpl": "59e5d83b86f7745aed03d262",
			"parentId": "TacticalVest31981",
			"slotId": "11",
			"location": {
				"x": 0,
				"y": 1,
				"r": "Horizontal"
			}
		},
		{
			"_id": "AmmoMag4Vest108352",
			"_tpl": "59e4d24686f7741776641ac7",
			"parentId": "mag4Vest336194",
			"slotId": "cartridges",
			"upd": {
				"StackObjectsCount": 10
			}
		},
		{
			"_id": "Scabbard136337",
			"_tpl": "54491bb74bdc2d09088b4567",
			"parentId": "5c6687d65e9d882c8841f0fd",
			"slotId": "Scabbard"
		},
		{
			"_id": "Eyewear429884",
			"_tpl": "5aa2b9aee5b5b00015693121",
			"parentId": "5c6687d65e9d882c8841f0fd",
			"slotId": "Eyewear"
		},
		{
			"_id": "ArmorVest177419",
			"_tpl": "5ab8e4ed86f7742d8e50c7fa",
			"parentId": "5c6687d65e9d882c8841f0fd",
			"slotId": "ArmorVest",
			"upd": {
				"Repairable": {
					"MaxDurability": 45,
					"Durability": 12
				}
			}
		},
		{
			"_id": "Pocket_65732",
			"_tpl": "5913611c86f77479e0084092",
			"parentId": "5c6687d65e9d882c8841f121",
			"slotId": "pocket1",
			"location": {
				"x": 0,
				"y": 0,
				"r": "Horizontal"
			},
			"upd": {
				"SpawnedInSession": true
			}
		}
	],
	"equipment": "5c6687d65e9d882c8841f0fd",
	"stash": "5c6687d65e9d882c8841f0fc",
	"questRaidItems": "5c6687d65e9d882c8841f0fe",
	"questStashItems": "5c6687d65e9d882c8841f0ff",
	"fastPanel": {}
}