{
	"items": [
		{
			"_id": "5c6687d65e9d882c8841f0fd",
			"_tpl": "55d7217a4bdc2d86028b456d"
		},
		{
			"_id": "5c6687d65e9d882c8841f121",
			"_tpl": "557ffd194bdc2d28148b457f",
			"parentId": "5c6687d65e9d882c8841f0fd",
			"slotId": "Pockets"
		},
		{
			"_id": "5c6687d65e9d882c8841f0fc",
			"_tpl": "566abbc34bdc2d92178b4576"
		},
		{
			"_id": "5c6687d65e9d882c8841f0ff",
			"_tpl": "5963866b86f7747bfa1c4462"
		},
		{
			"_id": "5c6687d65e9d882c8841f0fe",
			"_tpl": "5963866286f7747bf429b572"
		},
		{
			"_id": "TacticalVest990069",
			"_tpl": "5648a69d4bdc2ded0b8b457b",
			"parentId": "5c6687d65e9d882c8841f0fd",
			"slotId": "TacticalVest"
		},
		{
			"_id": "I331022513615285391v8jev",
			"_tpl": "583990e32459771419544dd2",
			"parentId": "5c6687d65e9d882c8841f0fd",
			"slotId": "FirstPrimaryWeapon"
		},
		{
			"_id": "I331022513513120381mPklm",
			"_tpl": "5649ad3f4bdc2df8348b4585",
			"parentId": "I331022513615285391v8jev",
			"slotId": "mod_pistol_grip"
		},
		{
			"_id": "I3310225123475816610QvyT",
			"_tpl": "57dc347d245977596754e7a1",
			"parentId": "I331022513615285391v8jev",
			"slotId": "mod_stock"
		},
		{
			"_id": "MagazineWeaponScav2681",
			"_tpl": "55d4837c4bdc2d1d4e8b456c",
			"parentId": "I331022513615285391v8jev",
			"slotId": "mod_magazine"
		},
		{
			"_id": "AmmoMag17563",
			"_tpl": "56dff2ced2720bb4668b4567",
			"parentId": "MagazineWeaponScav2681",
			"slotId": "cartridges",
			"upd": {
				"StackObjectsCount": 10
			}
		},
		{
			"_id": "I3310225147058858019k3a8",
			"_tpl": "57dc324a24597759501edc20",
			"parentId": "I331022513615285391v8jev",
			"slotId": "mod_muzzle"
		},
		{
			"_id": "I331022519924121824JaJpl",
			"_tpl": "59d36a0086f7747e673f3946",
			"parentId": "I331022513615285391v8jev",
			"slotId": "mod_gas_block"
		},
		{
			"_id": "I3310225117910297229F7hz",
			"_tpl": "56dfef82d2720bbd668b4567",
			"parentId": "I331022518740798636S0FY3",
			"slotId": "cartridges",
			"location": 0,
			"upd": {
				"StackObjectsCount": 30
			}
		},
		{
			"_id": "I3310225161860541350eHyK",
			"_tpl": "57dc32dc245977596d4ef3d3",
			"parentId": "I331022519924121824JaJpl",
			"slotId": "mod_handguard"
		},
		{
			"_id": "FuckYouUnlimitedAmmo375136",
			"_tpl": "5857a8bc2459772bad15db29",
			"parentId": "5c6687d65e9d882c8841f0fd",
			"slotId": "SecuredContainer"
		},
		{
			"_id": "iHateThatShit832174",
			"_tpl": "56dff421d2720b5f5a8b4567",
			"parentId": "FuckYouUnlimitedAmmo375136",
			"slotId": "main",
			"upd": {
				"StackObjectsCount": 60
			}
		},
		{
			"_id": "iHateThatShit225522",
			"_tpl": "56dfef82d2720bbd668b4567",
			"parentId": "FuckYouUnlimitedAmmo375136",
			"slotId": "main",
			"upd": {
				"StackObjectsCount": 60
			}
		},
		{
			"_id": "iHateThatShit37429",
			"_tpl": "56dff4ecd2720b5f5a8b4568",
			"parentId": "FuckYouUnlimitedAmmo375136",
			"slotId": "main",
			"upd": {
				"StackObjectsCount": 60
			}
		},
		{
			"_id": "iHateThatShit775976",
			"_tpl": "5c0d5e4486f77478390952fe",
			"parentId": "FuckYouUnlimitedAmmo375136",
			"slotId": "main",
			"upd": {
				"StackObjectsCount": 60
			}
		},
		{
			"_id": "iHateThatShit235880",
			"_tpl": "56dff061d2720bb5668b4567",
			"parentId": "FuckYouUnlimitedAmmo375136",
			"slotId": "main",
			"upd": {
				"StackObjectsCount": 60
			}
		},
		{
			"_id": "iHateThatShit901162",
			"_tpl": "56dfef82d2720bbd668b4567",
			"parentId": "FuckYouUnlimitedAmmo375136",
			"slotId": "main",
			"upd": {
				"StackObjectsCount": 60
			}
		},
		{
			"_id": "iHateThatShit458933",
			"_tpl": "56dff4a2d2720bbd668b456a",
			"parentId": "FuckYouUnlimitedAmmo375136",
			"slotId": "main",
			"upd": {
				"StackObjectsCount": 60
			}
		},
		{
			"_id": "iHateThatShit511910",
			"_tpl": "5c0d5e4486f77478390952fe",
			"parentId": "FuckYouUnlimitedAmmo375136",
			"slotId": "main",
			"upd": {
				"StackObjectsCount": 60
			}
		},
		{
			"_id": "iHateThatShit805152",
			"_tpl": "56dff0bed2720bb0668b4567",
			"parentId": "FuckYouUnlimitedAmmo375136",
			"slotId": "main",
			"upd": {
				"StackObjectsCount": 60
			}
		},
		{
			"_id": "mag0Vest411360",
			"_tpl": "55d4837c4bdc2d1d4e8b456c",
			"parentId": "TacticalVest990069",
			"slotId": "1",
			"location": {
				"x": 0,
				"y": 0,
				"r": "Horizontal"
			}
		},
		{
			"_id": "AmmoMag0Vest587207",
			"_tpl": "56dff3afd2720bba668b4567",
			"parentId": "mag0Vest411360",
			"slotId": "cartridges",
			"upd": {
				"StackObjectsCount": 10
			}
		},
		{
			"_id": "mag0Vest35212",
			"_tpl": "55d4837c4bdc2d1d4e8b456c",
			"parentId": "TacticalVest990069",
			"slotId": "1",
			"location": {
				"x": 0,
				"y": 1,
				"r": "Horizontal"
			}
		},
		{
			"_id": "AmmoMag0Vest591186",
			"_tpl": "56dfef82d2720bbd668b4567",
			"parentId": "mag0Vest35212",
			"slotId": "cartridges",
			"upd": {
				"StackObjectsCount": 10
			}
		},
		{
			"_id": "mag2Vest726321",
			"_tpl": "55d4837c4bdc2d1d4e8b456c",
			"parentId": "TacticalVest990069",
			"slotId": "4",
			"location": {
				"x": 0,
				"y": 0,
				"r": "Horizontal"
			}
		},
		{
			"_id": "AmmoMag2Vest227975",
			"_tpl": "56dff4ecd2720b5f5a8b4568",
			"parentId": "mag2Vest726321",
			"slotId": "cartridges",
			"upd": {
				"StackObjectsCount": 10
			}
		},
		{
			"_id": "mag2Vest392451",
			"_tpl": "55d4837c4bdc2d1d4e8b456c",
			"parentId": "TacticalVest990069",
			"slotId": "4",
			"location": {
				"x": 0,
				"y": 1,
				"r": "Horizontal"
			}
		},
		{
			"_id": "AmmoMag2Vest871550",
			"_tpl": "5c0d5e4486f77478390952fe",
			"parentId": "mag2Vest392451",
			"slotId": "cartridges",
			"upd": {
				"StackObjectsCount": 10
			}
		},
		{
			"_id": "mag3Vest337820",
			"_tpl": "55d4837c4bdc2d1d4e8b456c",
			"parentId": "TacticalVest990069",
			"slotId": "11",
			"location": {
				"x": 0,
				"y": 1,
				"r": "Horizontal"
			}
		},
		{
			"_id": "AmmoMag3Vest996648",
			"_tpl": "56dff026d2720bb8668b4567",
			"parentId": "mag3Vest337820",
			"slotId": "cartridges",
			"upd": {
				"StackObjectsCount": 10
			}
		},
		{
			"_id": "StackAmmo48472350575",
			"_tpl": "56dfef82d2720bbd668b4567",
			"parentId": "TacticalVest990069",
			"slotId": "7",
			"upd": {
				"StackObjectsCount": 7
			}
		},
		{
			"_id": "Scabbard584952",
			"_tpl": "5bffdc370db834001d23eca8",
			"parentId": "5c6687d65e9d882c8841f0fd",
			"slotId": "Scabbard"
		},
		{
			"_id": "Headwear17488",
			"_tpl": "5df8a58286f77412631087ed",
			"parentId": "5c6687d65e9d882c8841f0fd",
			"slotId": "Headwear"
		},
		{
			"_id": "Backpack760416",
			"_tpl": "56e33634d2720bd8058b456b",
			"parentId": "5c6687d65e9d882c8841f0fd",
			"slotId": "Backpack"
		},
		{
			"_id": "BP_Backpack760416_697003",
			"_tpl": "5913651986f774432f15d132",
			"parentId": "Backpack760416",
			"slotId": "main",
			"location": {
				"x": 0,
				"y": 0,
				"r": "Horizontal"
			}
		},
		{
			"_id": "ArmorVest173050",
			"_tpl": "59e7635f86f7742cbf2c1095",
			"parentId": "5c6687d65e9d882c8841f0fd",
			"slotId": "ArmorVest",
			"upd": {
				"Repairable": {
					"MaxDurability": 40,
					"Durability": 14
				}
			}
		}
	],
	"equipment": "5c6687d65e9d882c8841f0fd",
	"stash": "5c6687d65e9d882c8841f0fc",
	"questRaidItems": "5c6687d65e9d882c8841f0fe",
	"questStashItems": "5c6687d65e9d882c8841f0ff",
	"fastPanel": {}
}