{
	"items": [
		{
			"_id": "5c6687d65e9d882c8841f0fd",
			"_tpl": "55d7217a4bdc2d86028b456d"
		},
		{
			"_id": "5c6687d65e9d882c8841f121",
			"_tpl": "557ffd194bdc2d28148b457f",
			"parentId": "5c6687d65e9d882c8841f0fd",
			"slotId": "Pockets"
		},
		{
			"_id": "5c6687d65e9d882c8841f0fc",
			"_tpl": "566abbc34bdc2d92178b4576"
		},
		{
			"_id": "5c6687d65e9d882c8841f0ff",
			"_tpl": "5963866b86f7747bfa1c4462"
		},
		{
			"_id": "5c6687d65e9d882c8841f0fe",
			"_tpl": "5963866286f7747bf429b572"
		},
		{
			"_id": "TacticalVest955572",
			"_tpl": "5c0e9f2c86f77432297fe0a3",
			"parentId": "5c6687d65e9d882c8841f0fd",
			"slotId": "TacticalVest"
		},
		{
			"_id": "I210016101782840201FfSza",
			"_tpl": "5448bd6b4bdc2dfc2f8b4569",
			"parentId": "5c6687d65e9d882c8841f0fd",
			"slotId": "Holster"
		},
		{
			"_id": "AmmoMag139644",
			"_tpl": "5737218f245977612125ba51",
			"parentId": "I210016108228972218lshfS",
			"slotId": "cartridges",
			"upd": {
				"StackObjectsCount": 8
			}
		},
		{
			"_id": "I210016108228972218lshfS",
			"_tpl": "5448c12b4bdc2d02308b456f",
			"parentId": "I210016101782840201FfSza",
			"slotId": "mod_magazine"
		},
		{
			"_id": "FuckYouUnlimitedAmmo708419",
			"_tpl": "5857a8bc2459772bad15db29",
			"parentId": "5c6687d65e9d882c8841f0fd",
			"slotId": "SecuredContainer"
		},
		{
			"_id": "iHateThatShit854897",
			"_tpl": "5737207f24597760ff7b25f2",
			"parentId": "FuckYouUnlimitedAmmo708419",
			"slotId": "main",
			"upd": {
				"StackObjectsCount": 60
			}
		},
		{
			"_id": "iHateThatShit797444",
			"_tpl": "57371b192459775a9f58a5e0",
			"parentId": "FuckYouUnlimitedAmmo708419",
			"slotId": "main",
			"upd": {
				"StackObjectsCount": 60
			}
		},
		{
			"_id": "iHateThatShit561617",
			"_tpl": "573719df2459775a626ccbc2",
			"parentId": "FuckYouUnlimitedAmmo708419",
			"slotId": "main",
			"upd": {
				"StackObjectsCount": 60
			}
		},
		{
			"_id": "iHateThatShit499252",
			"_tpl": "57371eb62459776125652ac1",
			"parentId": "FuckYouUnlimitedAmmo708419",
			"slotId": "main",
			"upd": {
				"StackObjectsCount": 60
			}
		},
		{
			"_id": "iHateThatShit555887",
			"_tpl": "5737218f245977612125ba51",
			"parentId": "FuckYouUnlimitedAmmo708419",
			"slotId": "main",
			"upd": {
				"StackObjectsCount": 60
			}
		},
		{
			"_id": "iHateThatShit659876",
			"_tpl": "573719762459775a626ccbc1",
			"parentId": "FuckYouUnlimitedAmmo708419",
			"slotId": "main",
			"upd": {
				"StackObjectsCount": 60
			}
		},
		{
			"_id": "iHateThatShit688365",
			"_tpl": "5737207f24597760ff7b25f2",
			"parentId": "FuckYouUnlimitedAmmo708419",
			"slotId": "main",
			"upd": {
				"StackObjectsCount": 60
			}
		},
		{
			"_id": "iHateThatShit755359",
			"_tpl": "57371aab2459775a77142f22",
			"parentId": "FuckYouUnlimitedAmmo708419",
			"slotId": "main",
			"upd": {
				"StackObjectsCount": 60
			}
		},
		{
			"_id": "iHateThatShit761446",
			"_tpl": "5737218f245977612125ba51",
			"parentId": "FuckYouUnlimitedAmmo708419",
			"slotId": "main",
			"upd": {
				"StackObjectsCount": 60
			}
		},
		{
			"_id": "magP1Vest10511",
			"_tpl": "55d485be4bdc2d962f8b456f",
			"parentId": "TacticalVest955572",
			"slotId": "2",
			"location": {
				"x": 0,
				"y": 0,
				"r": "Horizontal"
			}
		},
		{
			"_id": "AmmoMagPVest752576",
			"_tpl": "5737201124597760fc4431f1",
			"parentId": "magP1Vest10511",
			"slotId": "cartridges",
			"upd": {
				"StackObjectsCount": 84
			}
		},
		{
			"_id": "magP2Vest80103",
			"_tpl": "55d485be4bdc2d962f8b456f",
			"parentId": "TacticalVest955572",
			"slotId": "4",
			"location": {
				"x": 0,
				"y": 0,
				"r": "Horizontal"
			}
		},
		{
			"_id": "AmmoMagPVest124671",
			"_tpl": "5737218f245977612125ba51",
			"parentId": "magP2Vest80103",
			"slotId": "cartridges",
			"upd": {
				"StackObjectsCount": 84
			}
		},
		{
			"_id": "magP3Vest62982",
			"_tpl": "55d485be4bdc2d962f8b456f",
			"parentId": "TacticalVest955572",
			"slotId": "6",
			"location": {
				"x": 0,
				"y": 0,
				"r": "Horizontal"
			}
		},
		{
			"_id": "AmmoMagPVest38671",
			"_tpl": "57371e4124597760ff7b25f1",
			"parentId": "magP3Vest62982",
			"slotId": "cartridges",
			"upd": {
				"StackObjectsCount": 84
			}
		},
		{
			"_id": "Scabbard702121",
			"_tpl": "57e26ea924597715ca604a09",
			"parentId": "5c6687d65e9d882c8841f0fd",
			"slotId": "Scabbard"
		},
		{
			"_id": "Headwear905797",
			"_tpl": "5aa2a7e8e5b5b00016327c16",
			"parentId": "5c6687d65e9d882c8841f0fd",
			"slotId": "Headwear"
		},
		{
			"_id": "FaceCover948610",
			"_tpl": "5b4325355acfc40019478126",
			"parentId": "5c6687d65e9d882c8841f0fd",
			"slotId": "FaceCover"
		},
		{
			"_id": "ArmorVest631643",
			"_tpl": "5c0e5edb86f77461f55ed1f7",
			"parentId": "5c6687d65e9d882c8841f0fd",
			"slotId": "ArmorVest",
			"upd": {
				"Repairable": {
					"MaxDurability": 50,
					"Durability": 30
				}
			}
		},
		{
			"_id": "Pocket_619262",
			"_tpl": "5c1f79a086f7746ed066fb8f",
			"parentId": "5c6687d65e9d882c8841f121",
			"slotId": "pocket1",
			"location": {
				"x": 0,
				"y": 0,
				"r": "Horizontal"
			},
			"upd": {
				"SpawnedInSession": true
			}
		}
	],
	"equipment": "5c6687d65e9d882c8841f0fd",
	"stash": "5c6687d65e9d882c8841f0fc",
	"questRaidItems": "5c6687d65e9d882c8841f0fe",
	"questStashItems": "5c6687d65e9d882c8841f0ff",
	"fastPanel": {}
}