{
	"items": [
		{
			"_id": "5c6687d65e9d882c8841f0fd",
			"_tpl": "55d7217a4bdc2d86028b456d"
		},
		{
			"_id": "5c6687d65e9d882c8841f121",
			"_tpl": "557ffd194bdc2d28148b457f",
			"parentId": "5c6687d65e9d882c8841f0fd",
			"slotId": "Pockets"
		},
		{
			"_id": "5c6687d65e9d882c8841f0fc",
			"_tpl": "566abbc34bdc2d92178b4576"
		},
		{
			"_id": "5c6687d65e9d882c8841f0ff",
			"_tpl": "5963866b86f7747bfa1c4462"
		},
		{
			"_id": "5c6687d65e9d882c8841f0fe",
			"_tpl": "5963866286f7747bf429b572"
		},
		{
			"_id": "TacticalVest171225",
			"_tpl": "5648a69d4bdc2ded0b8b457b",
			"parentId": "5c6687d65e9d882c8841f0fd",
			"slotId": "TacticalVest"
		},
		{
			"_id": "I331043244552919659Ldxnj",
			"_tpl": "5c07c60e0db834002330051f",
			"parentId": "5c6687d65e9d882c8841f0fd",
			"slotId": "FirstPrimaryWeapon"
		},
		{
			"_id": "I331043244852644951L6Izk",
			"_tpl": "5c0e2ff6d174af02a1659d4a",
			"parentId": "I331043244552919659Ldxnj",
			"slotId": "mod_pistol_grip"
		},
		{
			"_id": "MagazineWeaponScav7601",
			"_tpl": "55d4887d4bdc2d962f8b4570",
			"parentId": "I331043244552919659Ldxnj",
			"slotId": "mod_magazine"
		},
		{
			"_id": "AmmoMag1533",
			"_tpl": "59e6927d86f77411da468256",
			"parentId": "MagazineWeaponScav7601",
			"slotId": "cartridges",
			"upd": {
				"StackObjectsCount": 30
			}
		},
		{
			"_id": "I331043248589038077hHkJw",
			"_tpl": "5c0e2f26d174af02a9625114",
			"parentId": "I331043244552919659Ldxnj",
			"slotId": "mod_reciever"
		},
		{
			"_id": "I331043242648817993gbsGW",
			"_tpl": "5649be884bdc2d79388b4577",
			"parentId": "I331043244552919659Ldxnj",
			"slotId": "mod_stock"
		},
		{
			"_id": "I3310432474332535905FiFi",
			"_tpl": "5c0faf68d174af02a96260b8",
			"parentId": "I331043244552919659Ldxnj",
			"slotId": "mod_charge"
		},
		{
			"_id": "I331043247168766615wYhuL",
			"_tpl": "570fd721d2720bc5458b4596",
			"parentId": "I331043248589038077hHkJw",
			"slotId": "mod_scope",
			"upd": {
				"Sight": {
					"SelectedSightMode": 0
				}
			}
		},
		{
			"_id": "I331043248658824905ytbQK",
			"_tpl": "5c0e2f94d174af029f650d56",
			"parentId": "I331043248589038077hHkJw",
			"slotId": "mod_barrel"
		},
		{
			"_id": "I331043245196009263gmJ7C",
			"_tpl": "5c0e2f5cd174af02a012cfc9",
			"parentId": "I331043248589038077hHkJw",
			"slotId": "mod_handguard"
		},
		{
			"_id": "I331043247548404397fx8eF",
			"_tpl": "5c0fafb6d174af02a96260ba",
			"parentId": "I331043248658824905ytbQK",
			"slotId": "mod_muzzle"
		},
		{
			"_id": "I331043244235023243nc9vs",
			"_tpl": "5ae30e795acfc408fb139a0b",
			"parentId": "I331043248658824905ytbQK",
			"slotId": "mod_gas_block"
		},
		{
			"_id": "FuckYouUnlimitedAmmo461530",
			"_tpl": "5857a8bc2459772bad15db29",
			"parentId": "5c6687d65e9d882c8841f0fd",
			"slotId": "SecuredContainer"
		},
		{
			"_id": "iHateThatShit938331",
			"_tpl": "59e6906286f7746c9f75e847",
			"parentId": "FuckYouUnlimitedAmmo461530",
			"slotId": "main",
			"upd": {
				"StackObjectsCount": 60
			}
		},
		{
			"_id": "iHateThatShit209515",
			"_tpl": "54527a984bdc2d4e668b4567",
			"parentId": "FuckYouUnlimitedAmmo461530",
			"slotId": "main",
			"upd": {
				"StackObjectsCount": 60
			}
		},
		{
			"_id": "iHateThatShit277663",
			"_tpl": "5c0d5ae286f7741e46554302",
			"parentId": "FuckYouUnlimitedAmmo461530",
			"slotId": "main",
			"upd": {
				"StackObjectsCount": 60
			}
		},
		{
			"_id": "iHateThatShit951133",
			"_tpl": "59e6920f86f77411d82aa167",
			"parentId": "FuckYouUnlimitedAmmo461530",
			"slotId": "main",
			"upd": {
				"StackObjectsCount": 60
			}
		},
		{
			"_id": "iHateThatShit267750",
			"_tpl": "59e6918f86f7746c9f75e849",
			"parentId": "FuckYouUnlimitedAmmo461530",
			"slotId": "main",
			"upd": {
				"StackObjectsCount": 60
			}
		},
		{
			"_id": "iHateThatShit663148",
			"_tpl": "5c0d5ae286f7741e46554302",
			"parentId": "FuckYouUnlimitedAmmo461530",
			"slotId": "main",
			"upd": {
				"StackObjectsCount": 60
			}
		},
		{
			"_id": "iHateThatShit811281",
			"_tpl": "5c0d5ae286f7741e46554302",
			"parentId": "FuckYouUnlimitedAmmo461530",
			"slotId": "main",
			"upd": {
				"StackObjectsCount": 60
			}
		},
		{
			"_id": "iHateThatShit228280",
			"_tpl": "59e6906286f7746c9f75e847",
			"parentId": "FuckYouUnlimitedAmmo461530",
			"slotId": "main",
			"upd": {
				"StackObjectsCount": 60
			}
		},
		{
			"_id": "iHateThatShit948457",
			"_tpl": "59e6927d86f77411da468256",
			"parentId": "FuckYouUnlimitedAmmo461530",
			"slotId": "main",
			"upd": {
				"StackObjectsCount": 60
			}
		},
		{
			"_id": "mag0Vest359417",
			"_tpl": "55802d5f4bdc2dac148b458e",
			"parentId": "TacticalVest171225",
			"slotId": "1",
			"location": {
				"x": 0,
				"y": 0,
				"r": "Horizontal"
			}
		},
		{
			"_id": "AmmoMag0Vest996142",
			"_tpl": "59e6927d86f77411da468256",
			"parentId": "mag0Vest359417",
			"slotId": "cartridges",
			"upd": {
				"StackObjectsCount": 30
			}
		},
		{
			"_id": "mag2Vest461925",
			"_tpl": "55802d5f4bdc2dac148b458e",
			"parentId": "TacticalVest171225",
			"slotId": "4",
			"location": {
				"x": 0,
				"y": 0,
				"r": "Horizontal"
			}
		},
		{
			"_id": "AmmoMag2Vest168011",
			"_tpl": "5c0d5ae286f7741e46554302",
			"parentId": "mag2Vest461925",
			"slotId": "cartridges",
			"upd": {
				"StackObjectsCount": 30
			}
		},
		{
			"_id": "mag0Vest315729",
			"_tpl": "55802d5f4bdc2dac148b458e",
			"parentId": "TacticalVest171225",
			"slotId": "5",
			"location": {
				"x": 1,
				"y": 0,
				"r": "Horizontal"
			}
		},
		{
			"_id": "AmmoMag0Vest450331",
			"_tpl": "5c0d5ae286f7741e46554302",
			"parentId": "mag0Vest315729",
			"slotId": "cartridges",
			"upd": {
				"StackObjectsCount": 30
			}
		},
		{
			"_id": "StackAmmo34430996917",
			"_tpl": "54527a984bdc2d4e668b4567",
			"parentId": "TacticalVest171225",
			"slotId": "6",
			"upd": {
				"StackObjectsCount": 53
			}
		},
		{
			"_id": "Scabbard470947",
			"_tpl": "57e26ea924597715ca604a09",
			"parentId": "5c6687d65e9d882c8841f0fd",
			"slotId": "Scabbard"
		},
		{
			"_id": "Headwear38120",
			"_tpl": "5aa2a7e8e5b5b00016327c16",
			"parentId": "5c6687d65e9d882c8841f0fd",
			"slotId": "Headwear"
		},
		{
			"_id": "Eyewear995424",
			"_tpl": "5aa2b986e5b5b00014028f4c",
			"parentId": "5c6687d65e9d882c8841f0fd",
			"slotId": "Eyewear"
		},
		{
			"_id": "FaceCover310338",
			"_tpl": "572b7f1624597762ae139822",
			"parentId": "5c6687d65e9d882c8841f0fd",
			"slotId": "FaceCover"
		},
		{
			"_id": "ArmorVest331335",
			"_tpl": "59e7635f86f7742cbf2c1095",
			"parentId": "5c6687d65e9d882c8841f0fd",
			"slotId": "ArmorVest",
			"upd": {
				"Repairable": {
					"MaxDurability": 40,
					"Durability": 35
				}
			}
		}
	],
	"equipment": "5c6687d65e9d882c8841f0fd",
	"stash": "5c6687d65e9d882c8841f0fc",
	"questRaidItems": "5c6687d65e9d882c8841f0fe",
	"questStashItems": "5c6687d65e9d882c8841f0ff",
	"fastPanel": {}
}