{
	"items": [
		{
			"_id": "5c6687d65e9d882c8841f0fd",
			"_tpl": "55d7217a4bdc2d86028b456d"
		},
		{
			"_id": "5c6687d65e9d882c8841f121",
			"_tpl": "557ffd194bdc2d28148b457f",
			"parentId": "5c6687d65e9d882c8841f0fd",
			"slotId": "Pockets"
		},
		{
			"_id": "5c6687d65e9d882c8841f0fc",
			"_tpl": "566abbc34bdc2d92178b4576"
		},
		{
			"_id": "5c6687d65e9d882c8841f0ff",
			"_tpl": "5963866b86f7747bfa1c4462"
		},
		{
			"_id": "5c6687d65e9d882c8841f0fe",
			"_tpl": "5963866286f7747bf429b572"
		},
		{
			"_id": "TacticalVest250724",
			"_tpl": "5d5d8ca986f7742798716522",
			"parentId": "5c6687d65e9d882c8841f0fd",
			"slotId": "TacticalVest"
		},
		{
			"_id": "I21001757668557060Bjv1eC",
			"_tpl": "571a12c42459771f627b58a0",
			"parentId": "5c6687d65e9d882c8841f0fd",
			"slotId": "Holster"
		},
		{
			"_id": "I21001752545861522Hrs7bx",
			"_tpl": "571a26d524597720680fbe8a",
			"parentId": "I21001757668557060Bjv1eC",
			"slotId": "mod_barrel"
		},
		{
			"_id": "I21001756958578917Q4Swdx",
			"_tpl": "571a282c2459771fb2755a69",
			"parentId": "I21001757668557060Bjv1eC",
			"slotId": "mod_pistol_grip"
		},
		{
			"_id": "AmmoMag184124",
			"_tpl": "5735fdcd2459776445391d61",
			"parentId": "I21001752964453656ilQvg2",
			"slotId": "cartridges",
			"upd": {
				"StackObjectsCount": 8
			}
		},
		{
			"_id": "I21001752964453656ilQvg2",
			"_tpl": "571a29dc2459771fb2755a6a",
			"parentId": "I21001757668557060Bjv1eC",
			"slotId": "mod_magazine"
		},
		{
			"_id": "FuckYouUnlimitedAmmo66658",
			"_tpl": "5857a8bc2459772bad15db29",
			"parentId": "5c6687d65e9d882c8841f0fd",
			"slotId": "SecuredContainer"
		},
		{
			"_id": "iHateThatShit713892",
			"_tpl": "573603c924597764442bd9cb",
			"parentId": "FuckYouUnlimitedAmmo66658",
			"slotId": "main",
			"upd": {
				"StackObjectsCount": 60
			}
		},
		{
			"_id": "iHateThatShit784725",
			"_tpl": "5735ff5c245977640e39ba7e",
			"parentId": "FuckYouUnlimitedAmmo66658",
			"slotId": "main",
			"upd": {
				"StackObjectsCount": 60
			}
		},
		{
			"_id": "iHateThatShit779615",
			"_tpl": "5735fdcd2459776445391d61",
			"parentId": "FuckYouUnlimitedAmmo66658",
			"slotId": "main",
			"upd": {
				"StackObjectsCount": 60
			}
		},
		{
			"_id": "iHateThatShit812909",
			"_tpl": "573601b42459776410737435",
			"parentId": "FuckYouUnlimitedAmmo66658",
			"slotId": "main",
			"upd": {
				"StackObjectsCount": 60
			}
		},
		{
			"_id": "iHateThatShit177094",
			"_tpl": "573603562459776430731618",
			"parentId": "FuckYouUnlimitedAmmo66658",
			"slotId": "main",
			"upd": {
				"StackObjectsCount": 60
			}
		},
		{
			"_id": "iHateThatShit515878",
			"_tpl": "5735fdcd2459776445391d61",
			"parentId": "FuckYouUnlimitedAmmo66658",
			"slotId": "main",
			"upd": {
				"StackObjectsCount": 60
			}
		},
		{
			"_id": "iHateThatShit607318",
			"_tpl": "5735fdcd2459776445391d61",
			"parentId": "FuckYouUnlimitedAmmo66658",
			"slotId": "main",
			"upd": {
				"StackObjectsCount": 60
			}
		},
		{
			"_id": "iHateThatShit354326",
			"_tpl": "573603c924597764442bd9cb",
			"parentId": "FuckYouUnlimitedAmmo66658",
			"slotId": "main",
			"upd": {
				"StackObjectsCount": 60
			}
		},
		{
			"_id": "iHateThatShit773165",
			"_tpl": "5736026a245977644601dc61",
			"parentId": "FuckYouUnlimitedAmmo66658",
			"slotId": "main",
			"upd": {
				"StackObjectsCount": 60
			}
		},
		{
			"_id": "magP0Vest12445",
			"_tpl": "571a29dc2459771fb2755a6a",
			"parentId": "TacticalVest250724",
			"slotId": "2",
			"location": {
				"x": 0,
				"y": 0,
				"r": "Horizontal"
			}
		},
		{
			"_id": "AmmoMagPVest492303",
			"_tpl": "573603c924597764442bd9cb",
			"parentId": "magP0Vest12445",
			"slotId": "cartridges",
			"upd": {
				"StackObjectsCount": 8
			}
		},
		{
			"_id": "Scabbard985027",
			"_tpl": "5bffdc370db834001d23eca8",
			"parentId": "5c6687d65e9d882c8841f0fd",
			"slotId": "Scabbard"
		},
		{
			"_id": "FaceCover500697",
			"_tpl": "5e54f79686f7744022011103",
			"parentId": "5c6687d65e9d882c8841f0fd",
			"slotId": "FaceCover"
		},
		{
			"_id": "Pocket_230823",
			"_tpl": "5ad7217186f7746744498875",
			"parentId": "5c6687d65e9d882c8841f121",
			"slotId": "pocket1",
			"location": {
				"x": 0,
				"y": 0,
				"r": "Horizontal"
			},
			"upd": {
				"SpawnedInSession": true
			}
		},
		{
			"_id": "Pocket_957304",
			"_tpl": "5734773724597737fd047c14",
			"parentId": "5c6687d65e9d882c8841f121",
			"slotId": "pocket2",
			"location": {
				"x": 0,
				"y": 0,
				"r": "Horizontal"
			},
			"upd": {
				"SpawnedInSession": true
			}
		},
		{
			"_id": "Pocket_402922",
			"_tpl": "5d40425986f7743185265461",
			"parentId": "5c6687d65e9d882c8841f121",
			"slotId": "pocket3",
			"location": {
				"x": 0,
				"y": 0,
				"r": "Horizontal"
			},
			"upd": {
				"SpawnedInSession": true
			}
		}
	],
	"equipment": "5c6687d65e9d882c8841f0fd",
	"stash": "5c6687d65e9d882c8841f0fc",
	"questRaidItems": "5c6687d65e9d882c8841f0fe",
	"questStashItems": "5c6687d65e9d882c8841f0ff",
	"fastPanel": {}
}