{
	"items": [
		{
			"_id": "5c6687d65e9d882c8841f0fd",
			"_tpl": "55d7217a4bdc2d86028b456d"
		},
		{
			"_id": "5c6687d65e9d882c8841f121",
			"_tpl": "557ffd194bdc2d28148b457f",
			"parentId": "5c6687d65e9d882c8841f0fd",
			"slotId": "Pockets"
		},
		{
			"_id": "5c6687d65e9d882c8841f0fc",
			"_tpl": "566abbc34bdc2d92178b4576"
		},
		{
			"_id": "5c6687d65e9d882c8841f0ff",
			"_tpl": "5963866b86f7747bfa1c4462"
		},
		{
			"_id": "5c6687d65e9d882c8841f0fe",
			"_tpl": "5963866286f7747bf429b572"
		},
		{
			"_id": "TacticalVest199756",
			"_tpl": "5d5d8ca986f7742798716522",
			"parentId": "5c6687d65e9d882c8841f0fd",
			"slotId": "TacticalVest"
		},
		{
			"_id": "I33102479285277485TQ9hRY",
			"_tpl": "5839a40f24597726f856b511",
			"parentId": "5c6687d65e9d882c8841f0fd",
			"slotId": "FirstPrimaryWeapon"
		},
		{
			"_id": "I33102476008792161TJfevY",
			"_tpl": "5649ad3f4bdc2df8348b4585",
			"parentId": "I33102479285277485TQ9hRY",
			"slotId": "mod_pistol_grip"
		},
		{
			"_id": "MagazineWeaponScav7877",
			"_tpl": "5aaa4194e5b5b055d06310a5",
			"parentId": "I33102479285277485TQ9hRY",
			"slotId": "mod_magazine"
		},
		{
			"_id": "AmmoMag14708",
			"_tpl": "56dff4ecd2720b5f5a8b4568",
			"parentId": "MagazineWeaponScav7877",
			"slotId": "cartridges",
			"upd": {
				"StackObjectsCount": 30
			}
		},
		{
			"_id": "I33102472611028026gSYl2B",
			"_tpl": "57ffb0e42459777d047111c5",
			"parentId": "I33102479285277485TQ9hRY",
			"slotId": "mod_muzzle"
		},
		{
			"_id": "I33102478408749509WPrWVt",
			"_tpl": "59d36a0086f7747e673f3946",
			"parentId": "I33102479285277485TQ9hRY",
			"slotId": "mod_gas_block"
		},
		{
			"_id": "I3310247116014170465o3Vu",
			"_tpl": "56dfef82d2720bbd668b4567",
			"parentId": "I33102474201615567p1zxzD",
			"slotId": "cartridges",
			"location": 0,
			"upd": {
				"StackObjectsCount": 30
			}
		},
		{
			"_id": "I33102475848901133kPtbUi",
			"_tpl": "57dc32dc245977596d4ef3d3",
			"parentId": "I33102478408749509WPrWVt",
			"slotId": "mod_handguard"
		},
		{
			"_id": "FuckYouUnlimitedAmmo483473",
			"_tpl": "5857a8bc2459772bad15db29",
			"parentId": "5c6687d65e9d882c8841f0fd",
			"slotId": "SecuredContainer"
		},
		{
			"_id": "iHateThatShit209403",
			"_tpl": "56dff338d2720bbd668b4569",
			"parentId": "FuckYouUnlimitedAmmo483473",
			"slotId": "main",
			"upd": {
				"StackObjectsCount": 60
			}
		},
		{
			"_id": "iHateThatShit60154",
			"_tpl": "56dff0bed2720bb0668b4567",
			"parentId": "FuckYouUnlimitedAmmo483473",
			"slotId": "main",
			"upd": {
				"StackObjectsCount": 60
			}
		},
		{
			"_id": "iHateThatShit293668",
			"_tpl": "56dff4a2d2720bbd668b456a",
			"parentId": "FuckYouUnlimitedAmmo483473",
			"slotId": "main",
			"upd": {
				"StackObjectsCount": 60
			}
		},
		{
			"_id": "iHateThatShit155489",
			"_tpl": "56dff421d2720b5f5a8b4567",
			"parentId": "FuckYouUnlimitedAmmo483473",
			"slotId": "main",
			"upd": {
				"StackObjectsCount": 60
			}
		},
		{
			"_id": "iHateThatShit494079",
			"_tpl": "56dff4ecd2720b5f5a8b4568",
			"parentId": "FuckYouUnlimitedAmmo483473",
			"slotId": "main",
			"upd": {
				"StackObjectsCount": 60
			}
		},
		{
			"_id": "iHateThatShit984872",
			"_tpl": "56dff3afd2720bba668b4567",
			"parentId": "FuckYouUnlimitedAmmo483473",
			"slotId": "main",
			"upd": {
				"StackObjectsCount": 60
			}
		},
		{
			"_id": "iHateThatShit192274",
			"_tpl": "56dff026d2720bb8668b4567",
			"parentId": "FuckYouUnlimitedAmmo483473",
			"slotId": "main",
			"upd": {
				"StackObjectsCount": 60
			}
		},
		{
			"_id": "iHateThatShit528631",
			"_tpl": "56dff3afd2720bba668b4567",
			"parentId": "FuckYouUnlimitedAmmo483473",
			"slotId": "main",
			"upd": {
				"StackObjectsCount": 60
			}
		},
		{
			"_id": "iHateThatShit247796",
			"_tpl": "56dff0bed2720bb0668b4567",
			"parentId": "FuckYouUnlimitedAmmo483473",
			"slotId": "main",
			"upd": {
				"StackObjectsCount": 60
			}
		},
		{
			"_id": "I210017298603804532Jbgo5",
			"_tpl": "5a17f98cfcdbcb0980087290",
			"parentId": "5c6687d65e9d882c8841f0fd",
			"slotId": "Holster"
		},
		{
			"_id": "AmmoMag145888",
			"_tpl": "57371eb62459776125652ac1",
			"parentId": "I210017299554434383WPGkU",
			"slotId": "cartridges",
			"upd": {
				"StackObjectsCount": 20
			}
		},
		{
			"_id": "I210017299554434383WPGkU",
			"_tpl": "5a17fb03fcdbcbcae668728f",
			"parentId": "I210017298603804532Jbgo5",
			"slotId": "mod_magazine"
		},
		{
			"_id": "I2100172947614598267bFwz",
			"_tpl": "5a17fc70fcdbcb0176308b3d",
			"parentId": "I210017298603804532Jbgo5",
			"slotId": "mod_pistol_grip"
		},
		{
			"_id": "I210017293107779793h05xT",
			"_tpl": "5aba62f8d8ce87001943946b",
			"parentId": "I210017298603804532Jbgo5",
			"slotId": "mod_sight_front",
			"upd": {
				"Sight": {
					"SelectedSightMode": 0
				}
			}
		},
		{
			"_id": "I2100172940354557583oTC1",
			"_tpl": "5aba637ad8ce87001773e17f",
			"parentId": "I210017298603804532Jbgo5",
			"slotId": "mod_sight_rear",
			"upd": {
				"Sight": {
					"SelectedSightMode": 0
				}
			}
		},
		{
			"_id": "mag0Vest217676",
			"_tpl": "5bed61680db834001d2c45ab",
			"parentId": "TacticalVest199756",
			"slotId": "1",
			"location": {
				"x": 0,
				"y": 0,
				"r": "Horizontal"
			}
		},
		{
			"_id": "AmmoMag0Vest832934",
			"_tpl": "56dff421d2720b5f5a8b4567",
			"parentId": "mag0Vest217676",
			"slotId": "cartridges",
			"upd": {
				"StackObjectsCount": 30
			}
		},
		{
			"_id": "mag0Vest909386",
			"_tpl": "5bed61680db834001d2c45ab",
			"parentId": "TacticalVest199756",
			"slotId": "1",
			"location": {
				"x": 1,
				"y": 0,
				"r": "Horizontal"
			}
		},
		{
			"_id": "AmmoMag0Vest876396",
			"_tpl": "56dff0bed2720bb0668b4567",
			"parentId": "mag0Vest909386",
			"slotId": "cartridges",
			"upd": {
				"StackObjectsCount": 30
			}
		},
		{
			"_id": "magP0Vest45212",
			"_tpl": "5a17fb03fcdbcbcae668728f",
			"parentId": "TacticalVest199756",
			"slotId": "2",
			"location": {
				"x": 0,
				"y": 1,
				"r": "Horizontal"
			}
		},
		{
			"_id": "AmmoMagPVest646717",
			"_tpl": "573719df2459775a626ccbc2",
			"parentId": "magP0Vest45212",
			"slotId": "cartridges",
			"upd": {
				"StackObjectsCount": 20
			}
		},
		{
			"_id": "Scabbard867094",
			"_tpl": "57e26fc7245977162a14b800",
			"parentId": "5c6687d65e9d882c8841f0fd",
			"slotId": "Scabbard"
		},
		{
			"_id": "Headwear976715",
			"_tpl": "5b40e5e25acfc4001a599bea",
			"parentId": "5c6687d65e9d882c8841f0fd",
			"slotId": "Headwear"
		},
		{
			"_id": "Eyewear392622",
			"_tpl": "5c0d32fcd174af02a1659c75",
			"parentId": "5c6687d65e9d882c8841f0fd",
			"slotId": "Eyewear"
		},
		{
			"_id": "FaceCover9087",
			"_tpl": "59e7715586f7742ee5789605",
			"parentId": "5c6687d65e9d882c8841f0fd",
			"slotId": "FaceCover"
		},
		{
			"_id": "Pocket_272862",
			"_tpl": "5a0eb38b86f774153b320eb0",
			"parentId": "5c6687d65e9d882c8841f121",
			"slotId": "pocket1",
			"location": {
				"x": 0,
				"y": 0,
				"r": "Horizontal"
			},
			"upd": {
				"SpawnedInSession": true
			}
		}
	],
	"equipment": "5c6687d65e9d882c8841f0fd",
	"stash": "5c6687d65e9d882c8841f0fc",
	"questRaidItems": "5c6687d65e9d882c8841f0fe",
	"questStashItems": "5c6687d65e9d882c8841f0ff",
	"fastPanel": {}
}