{
	"items": [
		{
			"_id": "5c6687d65e9d882c8841f0fd",
			"_tpl": "55d7217a4bdc2d86028b456d"
		},
		{
			"_id": "5c6687d65e9d882c8841f121",
			"_tpl": "557ffd194bdc2d28148b457f",
			"parentId": "5c6687d65e9d882c8841f0fd",
			"slotId": "Pockets"
		},
		{
			"_id": "5c6687d65e9d882c8841f0fc",
			"_tpl": "566abbc34bdc2d92178b4576"
		},
		{
			"_id": "5c6687d65e9d882c8841f0ff",
			"_tpl": "5963866b86f7747bfa1c4462"
		},
		{
			"_id": "5c6687d65e9d882c8841f0fe",
			"_tpl": "5963866286f7747bf429b572"
		},
		{
			"_id": "TacticalVest199993",
			"_tpl": "5648a69d4bdc2ded0b8b457b",
			"parentId": "5c6687d65e9d882c8841f0fd",
			"slotId": "TacticalVest"
		},
		{
			"_id": "I331039379885235761qYs5t",
			"_tpl": "59e6152586f77473dc057aa1",
			"parentId": "5c6687d65e9d882c8841f0fd",
			"slotId": "FirstPrimaryWeapon"
		},
		{
			"_id": "I331039379344430276egh58",
			"_tpl": "59e649f986f77411d949b246",
			"parentId": "I331039379885235761qYs5t",
			"slotId": "mod_gas_block"
		},
		{
			"_id": "I331039374201709231hEPC6",
			"_tpl": "59e61eb386f77440d64f5daf",
			"parentId": "I331039379885235761qYs5t",
			"slotId": "mod_muzzle"
		},
		{
			"_id": "I331039371822320165197sb",
			"_tpl": "59e6318286f77444dd62c4cc",
			"parentId": "I331039379885235761qYs5t",
			"slotId": "mod_pistol_grip"
		},
		{
			"_id": "I331039378145181727u03a9",
			"_tpl": "59e6449086f7746c9f75e822",
			"parentId": "I331039379885235761qYs5t",
			"slotId": "mod_reciever"
		},
		{
			"_id": "I331039379315748625Gp09O",
			"_tpl": "59d650cf86f7741b846413a4",
			"parentId": "I331039379885235761qYs5t",
			"slotId": "mod_sight_rear",
			"upd": {
				"Sight": {
					"SelectedSightMode": 0
				}
			}
		},
		{
			"_id": "MagazineWeaponScav5339",
			"_tpl": "59e5d83b86f7745aed03d262",
			"parentId": "I331039379885235761qYs5t",
			"slotId": "mod_magazine"
		},
		{
			"_id": "AmmoMag17090",
			"_tpl": "59e4cf5286f7741778269d8a",
			"parentId": "MagazineWeaponScav5339",
			"slotId": "cartridges",
			"upd": {
				"StackObjectsCount": 10
			}
		},
		{
			"_id": "I331039379985197086qOUf4",
			"_tpl": "59e6284f86f77440d569536f",
			"parentId": "I331039379344430276egh58",
			"slotId": "mod_handguard"
		},
		{
			"_id": "FuckYouUnlimitedAmmo730674",
			"_tpl": "5857a8bc2459772bad15db29",
			"parentId": "5c6687d65e9d882c8841f0fd",
			"slotId": "SecuredContainer"
		},
		{
			"_id": "iHateThatShit303991",
			"_tpl": "5656d7c34bdc2d9d198b4587",
			"parentId": "FuckYouUnlimitedAmmo730674",
			"slotId": "main",
			"upd": {
				"StackObjectsCount": 60
			}
		},
		{
			"_id": "iHateThatShit323335",
			"_tpl": "5656d7c34bdc2d9d198b4587",
			"parentId": "FuckYouUnlimitedAmmo730674",
			"slotId": "main",
			"upd": {
				"StackObjectsCount": 60
			}
		},
		{
			"_id": "iHateThatShit880740",
			"_tpl": "59e4d24686f7741776641ac7",
			"parentId": "FuckYouUnlimitedAmmo730674",
			"slotId": "main",
			"upd": {
				"StackObjectsCount": 60
			}
		},
		{
			"_id": "iHateThatShit388758",
			"_tpl": "59e4d24686f7741776641ac7",
			"parentId": "FuckYouUnlimitedAmmo730674",
			"slotId": "main",
			"upd": {
				"StackObjectsCount": 60
			}
		},
		{
			"_id": "iHateThatShit765645",
			"_tpl": "5656d7c34bdc2d9d198b4587",
			"parentId": "FuckYouUnlimitedAmmo730674",
			"slotId": "main",
			"upd": {
				"StackObjectsCount": 60
			}
		},
		{
			"_id": "iHateThatShit157824",
			"_tpl": "59e4d3d286f774176a36250a",
			"parentId": "FuckYouUnlimitedAmmo730674",
			"slotId": "main",
			"upd": {
				"StackObjectsCount": 60
			}
		},
		{
			"_id": "iHateThatShit635393",
			"_tpl": "5656d7c34bdc2d9d198b4587",
			"parentId": "FuckYouUnlimitedAmmo730674",
			"slotId": "main",
			"upd": {
				"StackObjectsCount": 60
			}
		},
		{
			"_id": "iHateThatShit612512",
			"_tpl": "59e4cf5286f7741778269d8a",
			"parentId": "FuckYouUnlimitedAmmo730674",
			"slotId": "main",
			"upd": {
				"StackObjectsCount": 60
			}
		},
		{
			"_id": "iHateThatShit253247",
			"_tpl": "59e4d24686f7741776641ac7",
			"parentId": "FuckYouUnlimitedAmmo730674",
			"slotId": "main",
			"upd": {
				"StackObjectsCount": 60
			}
		},
		{
			"_id": "mag1Vest503012",
			"_tpl": "59e5d83b86f7745aed03d262",
			"parentId": "TacticalVest199993",
			"slotId": "2",
			"location": {
				"x": 0,
				"y": 1,
				"r": "Horizontal"
			}
		},
		{
			"_id": "AmmoMag1Vest369643",
			"_tpl": "59e4d3d286f774176a36250a",
			"parentId": "mag1Vest503012",
			"slotId": "cartridges",
			"upd": {
				"StackObjectsCount": 10
			}
		},
		{
			"_id": "mag2Vest530128",
			"_tpl": "59e5d83b86f7745aed03d262",
			"parentId": "TacticalVest199993",
			"slotId": "4",
			"location": {
				"x": 0,
				"y": 1,
				"r": "Horizontal"
			}
		},
		{
			"_id": "AmmoMag2Vest704267",
			"_tpl": "59e4d3d286f774176a36250a",
			"parentId": "mag2Vest530128",
			"slotId": "cartridges",
			"upd": {
				"StackObjectsCount": 10
			}
		},
		{
			"_id": "mag3Vest739220",
			"_tpl": "59e5d83b86f7745aed03d262",
			"parentId": "TacticalVest199993",
			"slotId": "11",
			"location": {
				"x": 0,
				"y": 0,
				"r": "Horizontal"
			}
		},
		{
			"_id": "AmmoMag3Vest335819",
			"_tpl": "59e0d99486f7744a32234762",
			"parentId": "mag3Vest739220",
			"slotId": "cartridges",
			"upd": {
				"StackObjectsCount": 10
			}
		},
		{
			"_id": "Scabbard217057",
			"_tpl": "5bffdc370db834001d23eca8",
			"parentId": "5c6687d65e9d882c8841f0fd",
			"slotId": "Scabbard"
		},
		{
			"_id": "FaceCover466806",
			"_tpl": "572b7f1624597762ae139822",
			"parentId": "5c6687d65e9d882c8841f0fd",
			"slotId": "FaceCover"
		},
		{
			"_id": "Backpack992959",
			"_tpl": "544a5cde4bdc2d39388b456b",
			"parentId": "5c6687d65e9d882c8841f0fd",
			"slotId": "Backpack"
		},
		{
			"_id": "BP_Backpack992959_945819",
			"_tpl": "590c2d8786f774245b1f03f3",
			"parentId": "Backpack992959",
			"slotId": "main",
			"location": {
				"x": 0,
				"y": 0,
				"r": "Horizontal"
			}
		},
		{
			"_id": "BP_Backpack992959_178390",
			"_tpl": "5d1b3a5d86f774252167ba22",
			"parentId": "Backpack992959",
			"slotId": "main",
			"location": {
				"x": 0,
				"y": 1,
				"r": "Horizontal"
			}
		},
		{
			"_id": "BP_Backpack992959_747312",
			"_tpl": "5733279d245977289b77ec24",
			"parentId": "Backpack992959",
			"slotId": "main",
			"location": {
				"x": 0,
				"y": 2,
				"r": "Horizontal"
			}
		},
		{
			"_id": "BP_Backpack992959_151595",
			"_tpl": "5d40419286f774318526545f",
			"parentId": "Backpack992959",
			"slotId": "main",
			"location": {
				"x": 1,
				"y": 0,
				"r": "Horizontal"
			}
		},
		{
			"_id": "BP_Backpack992959_796463",
			"_tpl": "5938994586f774523a425196",
			"parentId": "Backpack992959",
			"slotId": "main",
			"location": {
				"x": 2,
				"y": 0,
				"r": "Horizontal"
			}
		},
		{
			"_id": "BP_Backpack992959_109507",
			"_tpl": "590c2d8786f774245b1f03f3",
			"parentId": "Backpack992959",
			"slotId": "main",
			"location": {
				"x": 2,
				"y": 1,
				"r": "Horizontal"
			}
		},
		{
			"_id": "BP_Backpack992959_974785",
			"_tpl": "5e2af29386f7746d4159f077",
			"parentId": "Backpack992959",
			"slotId": "main",
			"location": {
				"x": 3,
				"y": 0,
				"r": "Horizontal"
			}
		},
		{
			"_id": "BP_Backpack992959_357071",
			"_tpl": "5d1b304286f774253763a528",
			"parentId": "Backpack992959",
			"slotId": "main",
			"location": {
				"x": 3,
				"y": 1,
				"r": "Horizontal"
			}
		},
		{
			"_id": "BP_Backpack992959_414139",
			"_tpl": "5ad7217186f7746744498875",
			"parentId": "Backpack992959",
			"slotId": "main",
			"location": {
				"x": 3,
				"y": 3,
				"r": "Horizontal"
			}
		},
		{
			"_id": "Pocket_40162",
			"_tpl": "5734758f24597738025ee253",
			"parentId": "5c6687d65e9d882c8841f121",
			"slotId": "pocket1",
			"location": {
				"x": 0,
				"y": 0,
				"r": "Horizontal"
			},
			"upd": {
				"SpawnedInSession": true
			}
		}
	],
	"equipment": "5c6687d65e9d882c8841f0fd",
	"stash": "5c6687d65e9d882c8841f0fc",
	"questRaidItems": "5c6687d65e9d882c8841f0fe",
	"questStashItems": "5c6687d65e9d882c8841f0ff",
	"fastPanel": {}
}