{
	"items": [
		{
			"_id": "5c6687d65e9d882c8841f0fd",
			"_tpl": "55d7217a4bdc2d86028b456d"
		},
		{
			"_id": "5c6687d65e9d882c8841f121",
			"_tpl": "557ffd194bdc2d28148b457f",
			"parentId": "5c6687d65e9d882c8841f0fd",
			"slotId": "Pockets"
		},
		{
			"_id": "5c6687d65e9d882c8841f0fc",
			"_tpl": "566abbc34bdc2d92178b4576"
		},
		{
			"_id": "5c6687d65e9d882c8841f0ff",
			"_tpl": "5963866b86f7747bfa1c4462"
		},
		{
			"_id": "5c6687d65e9d882c8841f0fe",
			"_tpl": "5963866286f7747bf429b572"
		},
		{
			"_id": "TacticalVest819012",
			"_tpl": "5648a69d4bdc2ded0b8b457b",
			"parentId": "5c6687d65e9d882c8841f0fd",
			"slotId": "TacticalVest"
		},
		{
			"_id": "I210010546557256606sj2EO",
			"_tpl": "5ac4cd105acfc40016339859",
			"parentId": "5c6687d65e9d882c8841f0fd",
			"slotId": "FirstPrimaryWeapon"
		},
		{
			"_id": "I210010547285312952UkHah",
			"_tpl": "59c6633186f7740cf0493bb9",
			"parentId": "I210010546557256606sj2EO",
			"slotId": "mod_gas_block"
		},
		{
			"_id": "I210010544505639153CGzOF",
			"_tpl": "5ac7655e5acfc40016339a19",
			"parentId": "I210010546557256606sj2EO",
			"slotId": "mod_muzzle"
		},
		{
			"_id": "I2100105435478436433cL7o",
			"_tpl": "5649ade84bdc2d1b2b8b4587",
			"parentId": "I210010546557256606sj2EO",
			"slotId": "mod_pistol_grip"
		},
		{
			"_id": "I210010547263717576AC7yE",
			"_tpl": "5ac50da15acfc4001718d287",
			"parentId": "I210010546557256606sj2EO",
			"slotId": "mod_reciever"
		},
		{
			"_id": "I210010541282515786aEGlw",
			"_tpl": "5ac72e475acfc400180ae6fe",
			"parentId": "I210010546557256606sj2EO",
			"slotId": "mod_sight_rear",
			"upd": {
				"Sight": {
					"SelectedSightMode": 0
				}
			}
		},
		{
			"_id": "I210010549278697874bXkXm",
			"_tpl": "5ac50c185acfc400163398d4",
			"parentId": "I210010546557256606sj2EO",
			"slotId": "mod_stock"
		},
		{
			"_id": "MagazineWeaponScav3309",
			"_tpl": "564ca99c4bdc2d16268b4589",
			"parentId": "I210010546557256606sj2EO",
			"slotId": "mod_magazine"
		},
		{
			"_id": "AmmoMag14775",
			"_tpl": "56dff4ecd2720b5f5a8b4568",
			"parentId": "MagazineWeaponScav3309",
			"slotId": "cartridges",
			"upd": {
				"StackObjectsCount": 30
			}
		},
		{
			"_id": "I210010541569392111S8KTG",
			"_tpl": "5648b1504bdc2d9d488b4584",
			"parentId": "I210010547285312952UkHah",
			"slotId": "mod_handguard"
		},
		{
			"_id": "FuckYouUnlimitedAmmo375257",
			"_tpl": "5857a8bc2459772bad15db29",
			"parentId": "5c6687d65e9d882c8841f0fd",
			"slotId": "SecuredContainer"
		},
		{
			"_id": "iHateThatShit187569",
			"_tpl": "56dff4ecd2720b5f5a8b4568",
			"parentId": "FuckYouUnlimitedAmmo375257",
			"slotId": "main",
			"upd": {
				"StackObjectsCount": 60
			}
		},
		{
			"_id": "iHateThatShit752499",
			"_tpl": "56dff216d2720bbd668b4568",
			"parentId": "FuckYouUnlimitedAmmo375257",
			"slotId": "main",
			"upd": {
				"StackObjectsCount": 60
			}
		},
		{
			"_id": "iHateThatShit99143",
			"_tpl": "56dff421d2720b5f5a8b4567",
			"parentId": "FuckYouUnlimitedAmmo375257",
			"slotId": "main",
			"upd": {
				"StackObjectsCount": 60
			}
		},
		{
			"_id": "iHateThatShit691525",
			"_tpl": "56dff4ecd2720b5f5a8b4568",
			"parentId": "FuckYouUnlimitedAmmo375257",
			"slotId": "main",
			"upd": {
				"StackObjectsCount": 60
			}
		},
		{
			"_id": "iHateThatShit747749",
			"_tpl": "56dff4a2d2720bbd668b456a",
			"parentId": "FuckYouUnlimitedAmmo375257",
			"slotId": "main",
			"upd": {
				"StackObjectsCount": 60
			}
		},
		{
			"_id": "iHateThatShit947556",
			"_tpl": "56dff338d2720bbd668b4569",
			"parentId": "FuckYouUnlimitedAmmo375257",
			"slotId": "main",
			"upd": {
				"StackObjectsCount": 60
			}
		},
		{
			"_id": "iHateThatShit203991",
			"_tpl": "56dff338d2720bbd668b4569",
			"parentId": "FuckYouUnlimitedAmmo375257",
			"slotId": "main",
			"upd": {
				"StackObjectsCount": 60
			}
		},
		{
			"_id": "iHateThatShit676411",
			"_tpl": "56dff0bed2720bb0668b4567",
			"parentId": "FuckYouUnlimitedAmmo375257",
			"slotId": "main",
			"upd": {
				"StackObjectsCount": 60
			}
		},
		{
			"_id": "iHateThatShit131958",
			"_tpl": "56dff061d2720bb5668b4567",
			"parentId": "FuckYouUnlimitedAmmo375257",
			"slotId": "main",
			"upd": {
				"StackObjectsCount": 60
			}
		},
		{
			"_id": "mag0Vest777953",
			"_tpl": "55d482194bdc2d1d4e8b456b",
			"parentId": "TacticalVest819012",
			"slotId": "1",
			"location": {
				"x": 0,
				"y": 0,
				"r": "Horizontal"
			}
		},
		{
			"_id": "AmmoMag0Vest857373",
			"_tpl": "5c0d5e4486f77478390952fe",
			"parentId": "mag0Vest777953",
			"slotId": "cartridges",
			"upd": {
				"StackObjectsCount": 60
			}
		},
		{
			"_id": "mag2Vest168134",
			"_tpl": "55d482194bdc2d1d4e8b456b",
			"parentId": "TacticalVest819012",
			"slotId": "4",
			"location": {
				"x": 0,
				"y": 0,
				"r": "Horizontal"
			}
		},
		{
			"_id": "AmmoMag2Vest783438",
			"_tpl": "56dff338d2720bbd668b4569",
			"parentId": "mag2Vest168134",
			"slotId": "cartridges",
			"upd": {
				"StackObjectsCount": 60
			}
		},
		{
			"_id": "mag0Vest169520",
			"_tpl": "55d482194bdc2d1d4e8b456b",
			"parentId": "TacticalVest819012",
			"slotId": "5",
			"location": {
				"x": 0,
				"y": 0,
				"r": "Horizontal"
			}
		},
		{
			"_id": "AmmoMag0Vest318869",
			"_tpl": "56dff4ecd2720b5f5a8b4568",
			"parentId": "mag0Vest169520",
			"slotId": "cartridges",
			"upd": {
				"StackObjectsCount": 60
			}
		},
		{
			"_id": "mag0Vest515715",
			"_tpl": "55d482194bdc2d1d4e8b456b",
			"parentId": "TacticalVest819012",
			"slotId": "5",
			"location": {
				"x": 1,
				"y": 0,
				"r": "Horizontal"
			}
		},
		{
			"_id": "AmmoMag0Vest900695",
			"_tpl": "56dff3afd2720bba668b4567",
			"parentId": "mag0Vest515715",
			"slotId": "cartridges",
			"upd": {
				"StackObjectsCount": 60
			}
		},
		{
			"_id": "StackAmmo67007445991",
			"_tpl": "56dff2ced2720bb4668b4567",
			"parentId": "TacticalVest819012",
			"slotId": "6",
			"upd": {
				"StackObjectsCount": 19
			}
		},
		{
			"_id": "Scabbard773617",
			"_tpl": "57e26fc7245977162a14b800",
			"parentId": "5c6687d65e9d882c8841f0fd",
			"slotId": "Scabbard"
		},
		{
			"_id": "Headwear108305",
			"_tpl": "5df8a58286f77412631087ed",
			"parentId": "5c6687d65e9d882c8841f0fd",
			"slotId": "Headwear"
		},
		{
			"_id": "FaceCover425869",
			"_tpl": "5ab8f85d86f7745cd93a1cf5",
			"parentId": "5c6687d65e9d882c8841f0fd",
			"slotId": "FaceCover"
		},
		{
			"_id": "Backpack602075",
			"_tpl": "56e33634d2720bd8058b456b",
			"parentId": "5c6687d65e9d882c8841f0fd",
			"slotId": "Backpack"
		},
		{
			"_id": "BP_Backpack602075_544062",
			"_tpl": "5d80c6c586f77440351beef1",
			"parentId": "Backpack602075",
			"slotId": "main",
			"location": {
				"x": 0,
				"y": 0,
				"r": "Horizontal"
			}
		},
		{
			"_id": "BP_Backpack602075_703676",
			"_tpl": "5e2af22086f7746d3f3c33fa",
			"parentId": "Backpack602075",
			"slotId": "main",
			"location": {
				"x": 0,
				"y": 1,
				"r": "Horizontal"
			}
		},
		{
			"_id": "BP_Backpack602075_481170",
			"_tpl": "57513f07245977207e26a311",
			"parentId": "Backpack602075",
			"slotId": "main",
			"location": {
				"x": 1,
				"y": 0,
				"r": "Horizontal"
			}
		},
		{
			"_id": "BP_Backpack602075_446601",
			"_tpl": "57347cd0245977445a2d6ff1",
			"parentId": "Backpack602075",
			"slotId": "main",
			"location": {
				"x": 0,
				"y": 2,
				"r": "Horizontal"
			}
		},
		{
			"_id": "ArmorVest765555",
			"_tpl": "59e7635f86f7742cbf2c1095",
			"parentId": "5c6687d65e9d882c8841f0fd",
			"slotId": "ArmorVest",
			"upd": {
				"Repairable": {
					"MaxDurability": 40,
					"Durability": 31
				}
			}
		},
		{
			"_id": "Pocket_813931",
			"_tpl": "5d1b3a5d86f774252167ba22",
			"parentId": "5c6687d65e9d882c8841f121",
			"slotId": "pocket1",
			"location": {
				"x": 0,
				"y": 0,
				"r": "Horizontal"
			},
			"upd": {
				"SpawnedInSession": true
			}
		},
		{
			"_id": "Pocket_482184",
			"_tpl": "5909e99886f7740c983b9984",
			"parentId": "5c6687d65e9d882c8841f121",
			"slotId": "pocket2",
			"location": {
				"x": 0,
				"y": 0,
				"r": "Horizontal"
			},
			"upd": {
				"SpawnedInSession": true
			}
		}
	],
	"equipment": "5c6687d65e9d882c8841f0fd",
	"stash": "5c6687d65e9d882c8841f0fc",
	"questRaidItems": "5c6687d65e9d882c8841f0fe",
	"questStashItems": "5c6687d65e9d882c8841f0ff",
	"fastPanel": {}
}