{
	"items": [
		{
			"_id": "5c6687d65e9d882c8841f0fd",
			"_tpl": "55d7217a4bdc2d86028b456d"
		},
		{
			"_id": "5c6687d65e9d882c8841f121",
			"_tpl": "557ffd194bdc2d28148b457f",
			"parentId": "5c6687d65e9d882c8841f0fd",
			"slotId": "Pockets"
		},
		{
			"_id": "5c6687d65e9d882c8841f0fc",
			"_tpl": "566abbc34bdc2d92178b4576"
		},
		{
			"_id": "5c6687d65e9d882c8841f0ff",
			"_tpl": "5963866b86f7747bfa1c4462"
		},
		{
			"_id": "5c6687d65e9d882c8841f0fe",
			"_tpl": "5963866286f7747bf429b572"
		},
		{
			"_id": "TacticalVest612844",
			"_tpl": "5b44c8ea86f7742d1627baf1",
			"parentId": "5c6687d65e9d882c8841f0fd",
			"slotId": "TacticalVest"
		},
		{
			"_id": "I331043244552919659Ldxnj",
			"_tpl": "5c07c60e0db834002330051f",
			"parentId": "5c6687d65e9d882c8841f0fd",
			"slotId": "FirstPrimaryWeapon"
		},
		{
			"_id": "I331043244852644951L6Izk",
			"_tpl": "5c0e2ff6d174af02a1659d4a",
			"parentId": "I331043244552919659Ldxnj",
			"slotId": "mod_pistol_grip"
		},
		{
			"_id": "MagazineWeaponScav4452",
			"_tpl": "59c1383d86f774290a37e0ca",
			"parentId": "I331043244552919659Ldxnj",
			"slotId": "mod_magazine"
		},
		{
			"_id": "AmmoMag13039",
			"_tpl": "59e68f6f86f7746c9f75e846",
			"parentId": "MagazineWeaponScav4452",
			"slotId": "cartridges",
			"upd": {
				"StackObjectsCount": 60
			}
		},
		{
			"_id": "I331043248589038077hHkJw",
			"_tpl": "5c0e2f26d174af02a9625114",
			"parentId": "I331043244552919659Ldxnj",
			"slotId": "mod_reciever"
		},
		{
			"_id": "I331043242648817993gbsGW",
			"_tpl": "5649be884bdc2d79388b4577",
			"parentId": "I331043244552919659Ldxnj",
			"slotId": "mod_stock"
		},
		{
			"_id": "I3310432474332535905FiFi",
			"_tpl": "5c0faf68d174af02a96260b8",
			"parentId": "I331043244552919659Ldxnj",
			"slotId": "mod_charge"
		},
		{
			"_id": "I331043247168766615wYhuL",
			"_tpl": "570fd721d2720bc5458b4596",
			"parentId": "I331043248589038077hHkJw",
			"slotId": "mod_scope",
			"upd": {
				"Sight": {
					"SelectedSightMode": 0
				}
			}
		},
		{
			"_id": "I331043248658824905ytbQK",
			"_tpl": "5c0e2f94d174af029f650d56",
			"parentId": "I331043248589038077hHkJw",
			"slotId": "mod_barrel"
		},
		{
			"_id": "I331043245196009263gmJ7C",
			"_tpl": "5c0e2f5cd174af02a012cfc9",
			"parentId": "I331043248589038077hHkJw",
			"slotId": "mod_handguard"
		},
		{
			"_id": "I331043247548404397fx8eF",
			"_tpl": "5c0fafb6d174af02a96260ba",
			"parentId": "I331043248658824905ytbQK",
			"slotId": "mod_muzzle"
		},
		{
			"_id": "I331043244235023243nc9vs",
			"_tpl": "5ae30e795acfc408fb139a0b",
			"parentId": "I331043248658824905ytbQK",
			"slotId": "mod_gas_block"
		},
		{
			"_id": "FuckYouUnlimitedAmmo542019",
			"_tpl": "5857a8bc2459772bad15db29",
			"parentId": "5c6687d65e9d882c8841f0fd",
			"slotId": "SecuredContainer"
		},
		{
			"_id": "iHateThatShit949969",
			"_tpl": "59e6920f86f77411d82aa167",
			"parentId": "FuckYouUnlimitedAmmo542019",
			"slotId": "main",
			"upd": {
				"StackObjectsCount": 60
			}
		},
		{
			"_id": "iHateThatShit189260",
			"_tpl": "54527a984bdc2d4e668b4567",
			"parentId": "FuckYouUnlimitedAmmo542019",
			"slotId": "main",
			"upd": {
				"StackObjectsCount": 60
			}
		},
		{
			"_id": "iHateThatShit394620",
			"_tpl": "54527ac44bdc2d36668b4567",
			"parentId": "FuckYouUnlimitedAmmo542019",
			"slotId": "main",
			"upd": {
				"StackObjectsCount": 60
			}
		},
		{
			"_id": "iHateThatShit835723",
			"_tpl": "59e6927d86f77411da468256",
			"parentId": "FuckYouUnlimitedAmmo542019",
			"slotId": "main",
			"upd": {
				"StackObjectsCount": 60
			}
		},
		{
			"_id": "iHateThatShit635135",
			"_tpl": "5c0d5ae286f7741e46554302",
			"parentId": "FuckYouUnlimitedAmmo542019",
			"slotId": "main",
			"upd": {
				"StackObjectsCount": 60
			}
		},
		{
			"_id": "iHateThatShit347144",
			"_tpl": "5c0d5ae286f7741e46554302",
			"parentId": "FuckYouUnlimitedAmmo542019",
			"slotId": "main",
			"upd": {
				"StackObjectsCount": 60
			}
		},
		{
			"_id": "iHateThatShit731617",
			"_tpl": "59e6927d86f77411da468256",
			"parentId": "FuckYouUnlimitedAmmo542019",
			"slotId": "main",
			"upd": {
				"StackObjectsCount": 60
			}
		},
		{
			"_id": "iHateThatShit312722",
			"_tpl": "59e6927d86f77411da468256",
			"parentId": "FuckYouUnlimitedAmmo542019",
			"slotId": "main",
			"upd": {
				"StackObjectsCount": 60
			}
		},
		{
			"_id": "iHateThatShit445033",
			"_tpl": "59e6906286f7746c9f75e847",
			"parentId": "FuckYouUnlimitedAmmo542019",
			"slotId": "main",
			"upd": {
				"StackObjectsCount": 60
			}
		},
		{
			"_id": "I210016225791087175zosqL",
			"_tpl": "56d59856d2720bd8418b456a",
			"parentId": "5c6687d65e9d882c8841f0fd",
			"slotId": "Holster"
		},
		{
			"_id": "I210016223363741488SOBDt",
			"_tpl": "56d5a1f7d2720bb3418b456a",
			"parentId": "I210016225791087175zosqL",
			"slotId": "mod_barrel"
		},
		{
			"_id": "I210016224874263019rNFFn",
			"_tpl": "56d5a2bbd2720bb8418b456a",
			"parentId": "I210016225791087175zosqL",
			"slotId": "mod_pistol_grip"
		},
		{
			"_id": "I210016222706866142L5kep",
			"_tpl": "56d5a407d2720bb3418b456b",
			"parentId": "I210016225791087175zosqL",
			"slotId": "mod_reciever"
		},
		{
			"_id": "AmmoMag144235",
			"_tpl": "5c925fa22e221601da359b7b",
			"parentId": "I210016224549891509hxVB2",
			"slotId": "cartridges",
			"upd": {
				"StackObjectsCount": 15
			}
		},
		{
			"_id": "I210016224549891509hxVB2",
			"_tpl": "56d59948d2720bb7418b4582",
			"parentId": "I210016225791087175zosqL",
			"slotId": "mod_magazine"
		},
		{
			"_id": "I210016224015555621KTOuX",
			"_tpl": "56d5a77ed2720b90418b4568",
			"parentId": "I210016222706866142L5kep",
			"slotId": "mod_sight_rear",
			"upd": {
				"Sight": {
					"SelectedSightMode": 0
				}
			}
		},
		{
			"_id": "I210016226956354775U8Nj5",
			"_tpl": "56d5a661d2720bd8418b456b",
			"parentId": "I210016222706866142L5kep",
			"slotId": "mod_sight_front",
			"upd": {
				"Sight": {
					"SelectedSightMode": 0
				}
			}
		},
		{
			"_id": "mag0Vest760764",
			"_tpl": "5c05413a0db834001c390617",
			"parentId": "TacticalVest612844",
			"slotId": "1",
			"location": {
				"x": 0,
				"y": 0,
				"r": "Horizontal"
			}
		},
		{
			"_id": "AmmoMag0Vest183607",
			"_tpl": "59e6918f86f7746c9f75e849",
			"parentId": "mag0Vest760764",
			"slotId": "cartridges",
			"upd": {
				"StackObjectsCount": 30
			}
		},
		{
			"_id": "mag1Vest919198",
			"_tpl": "5c05413a0db834001c390617",
			"parentId": "TacticalVest612844",
			"slotId": "3",
			"location": {
				"x": 0,
				"y": 0,
				"r": "Horizontal"
			}
		},
		{
			"_id": "AmmoMag1Vest199148",
			"_tpl": "59e6906286f7746c9f75e847",
			"parentId": "mag1Vest919198",
			"slotId": "cartridges",
			"upd": {
				"StackObjectsCount": 30
			}
		},
		{
			"_id": "mag2Vest28457",
			"_tpl": "5c05413a0db834001c390617",
			"parentId": "TacticalVest612844",
			"slotId": "5",
			"location": {
				"x": 0,
				"y": 0,
				"r": "Horizontal"
			}
		},
		{
			"_id": "AmmoMag2Vest581065",
			"_tpl": "54527a984bdc2d4e668b4567",
			"parentId": "mag2Vest28457",
			"slotId": "cartridges",
			"upd": {
				"StackObjectsCount": 30
			}
		},
		{
			"_id": "mag3Vest946662",
			"_tpl": "5c05413a0db834001c390617",
			"parentId": "TacticalVest612844",
			"slotId": "7",
			"location": {
				"x": 0,
				"y": 0,
				"r": "Horizontal"
			}
		},
		{
			"_id": "AmmoMag3Vest664725",
			"_tpl": "59e6920f86f77411d82aa167",
			"parentId": "mag3Vest946662",
			"slotId": "cartridges",
			"upd": {
				"StackObjectsCount": 30
			}
		},
		{
			"_id": "magP0Vest99334",
			"_tpl": "56d59948d2720bb7418b4582",
			"parentId": "TacticalVest612844",
			"slotId": "2",
			"location": {
				"x": 0,
				"y": 1,
				"r": "Horizontal"
			}
		},
		{
			"_id": "AmmoMagPVest415454",
			"_tpl": "5a3c16fe86f77452b62de32a",
			"parentId": "magP0Vest99334",
			"slotId": "cartridges",
			"upd": {
				"StackObjectsCount": 15
			}
		},
		{
			"_id": "magP1Vest77523",
			"_tpl": "56d59948d2720bb7418b4582",
			"parentId": "TacticalVest612844",
			"slotId": "6",
			"location": {
				"x": 0,
				"y": 0,
				"r": "Horizontal"
			}
		},
		{
			"_id": "AmmoMagPVest904520",
			"_tpl": "56d59d3ad2720bdb418b4577",
			"parentId": "magP1Vest77523",
			"slotId": "cartridges",
			"upd": {
				"StackObjectsCount": 15
			}
		},
		{
			"_id": "Scabbard381854",
			"_tpl": "54491bb74bdc2d09088b4567",
			"parentId": "5c6687d65e9d882c8841f0fd",
			"slotId": "Scabbard"
		},
		{
			"_id": "Headwear759801",
			"_tpl": "5df8a58286f77412631087ed",
			"parentId": "5c6687d65e9d882c8841f0fd",
			"slotId": "Headwear"
		},
		{
			"_id": "Eyewear315008",
			"_tpl": "5d6d2e22a4b9361bd5780d05",
			"parentId": "5c6687d65e9d882c8841f0fd",
			"slotId": "Eyewear"
		},
		{
			"_id": "Backpack441968",
			"_tpl": "56e335e4d2720b6c058b456d",
			"parentId": "5c6687d65e9d882c8841f0fd",
			"slotId": "Backpack"
		},
		{
			"_id": "ArmorVest473305",
			"_tpl": "5ab8e4ed86f7742d8e50c7fa",
			"parentId": "5c6687d65e9d882c8841f0fd",
			"slotId": "ArmorVest",
			"upd": {
				"Repairable": {
					"MaxDurability": 45,
					"Durability": 2
				}
			}
		}
	],
	"equipment": "5c6687d65e9d882c8841f0fd",
	"stash": "5c6687d65e9d882c8841f0fc",
	"questRaidItems": "5c6687d65e9d882c8841f0fe",
	"questStashItems": "5c6687d65e9d882c8841f0ff",
	"fastPanel": {}
}