{
	"items": [
		{
			"_id": "5c6687d65e9d882c8841f0fd",
			"_tpl": "55d7217a4bdc2d86028b456d"
		},
		{
			"_id": "5c6687d65e9d882c8841f121",
			"_tpl": "557ffd194bdc2d28148b457f",
			"parentId": "5c6687d65e9d882c8841f0fd",
			"slotId": "Pockets"
		},
		{
			"_id": "5c6687d65e9d882c8841f0fc",
			"_tpl": "566abbc34bdc2d92178b4576"
		},
		{
			"_id": "5c6687d65e9d882c8841f0ff",
			"_tpl": "5963866b86f7747bfa1c4462"
		},
		{
			"_id": "5c6687d65e9d882c8841f0fe",
			"_tpl": "5963866286f7747bf429b572"
		},
		{
			"_id": "TacticalVest558496",
			"_tpl": "5c0e9f2c86f77432297fe0a3",
			"parentId": "5c6687d65e9d882c8841f0fd",
			"slotId": "TacticalVest"
		},
		{
			"_id": "I21320115716134274988nc2",
			"_tpl": "57dc2fa62459775949412633",
			"parentId": "5c6687d65e9d882c8841f0fd",
			"slotId": "FirstPrimaryWeapon"
		},
		{
			"_id": "I2132011578597074116PqhJ",
			"_tpl": "57e3dba62459770f0c32322b",
			"parentId": "I21320115716134274988nc2",
			"slotId": "mod_pistol_grip"
		},
		{
			"_id": "I2132011572783048457joUJ",
			"_tpl": "57dc347d245977596754e7a1",
			"parentId": "I21320115716134274988nc2",
			"slotId": "mod_stock"
		},
		{
			"_id": "MagazineWeaponScav8429",
			"_tpl": "564ca99c4bdc2d16268b4589",
			"parentId": "I21320115716134274988nc2",
			"slotId": "mod_magazine"
		},
		{
			"_id": "AmmoMag11918",
			"_tpl": "56dff338d2720bbd668b4569",
			"parentId": "MagazineWeaponScav8429",
			"slotId": "cartridges",
			"upd": {
				"StackObjectsCount": 30
			}
		},
		{
			"_id": "I21320115794237366644l2B",
			"_tpl": "57dc324a24597759501edc20",
			"parentId": "I21320115716134274988nc2",
			"slotId": "mod_muzzle"
		},
		{
			"_id": "I2132011576692510423qpoz",
			"_tpl": "57dc334d245977597164366f",
			"parentId": "I21320115716134274988nc2",
			"slotId": "mod_reciever"
		},
		{
			"_id": "I21320115789769698898ipD",
			"_tpl": "59d36a0086f7747e673f3946",
			"parentId": "I21320115716134274988nc2",
			"slotId": "mod_gas_block"
		},
		{
			"_id": "I2132011579196747376UXku",
			"_tpl": "56dfef82d2720bbd668b4567",
			"parentId": "I2132011575967327700JqHU",
			"slotId": "cartridges",
			"location": 0,
			"upd": {
				"StackObjectsCount": 30
			}
		},
		{
			"_id": "I2132011574203943141gmY8",
			"_tpl": "57ffb0062459777a045af529",
			"parentId": "I2132011576692510423qpoz",
			"slotId": "mod_mount_000"
		},
		{
			"_id": "I213201157620161223601xR",
			"_tpl": "57ffa9f4245977728561e844",
			"parentId": "I21320115789769698898ipD",
			"slotId": "mod_handguard"
		},
		{
			"_id": "I21320115759223288624HEJ",
			"_tpl": "56def37dd2720bec348b456a",
			"parentId": "I213201157620161223601xR",
			"slotId": "mod_tactical_000",
			"upd": {
				"Light": {
					"IsActive": true,
					"SelectedMode": 0
				}
			}
		},
		{
			"_id": "FuckYouUnlimitedAmmo134840",
			"_tpl": "5857a8bc2459772bad15db29",
			"parentId": "5c6687d65e9d882c8841f0fd",
			"slotId": "SecuredContainer"
		},
		{
			"_id": "iHateThatShit666789",
			"_tpl": "56dff338d2720bbd668b4569",
			"parentId": "FuckYouUnlimitedAmmo134840",
			"slotId": "main",
			"upd": {
				"StackObjectsCount": 60
			}
		},
		{
			"_id": "iHateThatShit246124",
			"_tpl": "56dff026d2720bb8668b4567",
			"parentId": "FuckYouUnlimitedAmmo134840",
			"slotId": "main",
			"upd": {
				"StackObjectsCount": 60
			}
		},
		{
			"_id": "iHateThatShit216173",
			"_tpl": "56dfef82d2720bbd668b4567",
			"parentId": "FuckYouUnlimitedAmmo134840",
			"slotId": "main",
			"upd": {
				"StackObjectsCount": 60
			}
		},
		{
			"_id": "iHateThatShit901981",
			"_tpl": "56dff338d2720bbd668b4569",
			"parentId": "FuckYouUnlimitedAmmo134840",
			"slotId": "main",
			"upd": {
				"StackObjectsCount": 60
			}
		},
		{
			"_id": "iHateThatShit225660",
			"_tpl": "56dff2ced2720bb4668b4567",
			"parentId": "FuckYouUnlimitedAmmo134840",
			"slotId": "main",
			"upd": {
				"StackObjectsCount": 60
			}
		},
		{
			"_id": "iHateThatShit900029",
			"_tpl": "56dff216d2720bbd668b4568",
			"parentId": "FuckYouUnlimitedAmmo134840",
			"slotId": "main",
			"upd": {
				"StackObjectsCount": 60
			}
		},
		{
			"_id": "iHateThatShit133181",
			"_tpl": "56dff026d2720bb8668b4567",
			"parentId": "FuckYouUnlimitedAmmo134840",
			"slotId": "main",
			"upd": {
				"StackObjectsCount": 60
			}
		},
		{
			"_id": "iHateThatShit646166",
			"_tpl": "56dff216d2720bbd668b4568",
			"parentId": "FuckYouUnlimitedAmmo134840",
			"slotId": "main",
			"upd": {
				"StackObjectsCount": 60
			}
		},
		{
			"_id": "iHateThatShit183935",
			"_tpl": "56dff421d2720b5f5a8b4567",
			"parentId": "FuckYouUnlimitedAmmo134840",
			"slotId": "main",
			"upd": {
				"StackObjectsCount": 60
			}
		},
		{
			"_id": "mag1Vest993741",
			"_tpl": "55d480c04bdc2d1d4e8b456a",
			"parentId": "TacticalVest558496",
			"slotId": "2",
			"location": {
				"x": 0,
				"y": 0,
				"r": "Horizontal"
			}
		},
		{
			"_id": "AmmoMag1Vest705678",
			"_tpl": "56dff4ecd2720b5f5a8b4568",
			"parentId": "mag1Vest993741",
			"slotId": "cartridges",
			"upd": {
				"StackObjectsCount": 30
			}
		},
		{
			"_id": "mag2Vest404492",
			"_tpl": "55d480c04bdc2d1d4e8b456a",
			"parentId": "TacticalVest558496",
			"slotId": "4",
			"location": {
				"x": 0,
				"y": 0,
				"r": "Horizontal"
			}
		},
		{
			"_id": "AmmoMag2Vest900462",
			"_tpl": "56dff2ced2720bb4668b4567",
			"parentId": "mag2Vest404492",
			"slotId": "cartridges",
			"upd": {
				"StackObjectsCount": 30
			}
		},
		{
			"_id": "mag3Vest380681",
			"_tpl": "55d480c04bdc2d1d4e8b456a",
			"parentId": "TacticalVest558496",
			"slotId": "6",
			"location": {
				"x": 0,
				"y": 0,
				"r": "Horizontal"
			}
		},
		{
			"_id": "AmmoMag3Vest264581",
			"_tpl": "56dff421d2720b5f5a8b4567",
			"parentId": "mag3Vest380681",
			"slotId": "cartridges",
			"upd": {
				"StackObjectsCount": 30
			}
		},
		{
			"_id": "Scabbard90404",
			"_tpl": "54491bb74bdc2d09088b4567",
			"parentId": "5c6687d65e9d882c8841f0fd",
			"slotId": "Scabbard"
		},
		{
			"_id": "FaceCover395301",
			"_tpl": "572b7fa524597762b747ce82",
			"parentId": "5c6687d65e9d882c8841f0fd",
			"slotId": "FaceCover"
		},
		{
			"_id": "Pocket_434289",
			"_tpl": "5e42c71586f7747f245e1343",
			"parentId": "5c6687d65e9d882c8841f121",
			"slotId": "pocket1",
			"location": {
				"x": 0,
				"y": 0,
				"r": "Horizontal"
			},
			"upd": {
				"SpawnedInSession": true
			}
		},
		{
			"_id": "Pocket_310851",
			"_tpl": "5b4335ba86f7744d2837a264",
			"parentId": "5c6687d65e9d882c8841f121",
			"slotId": "pocket2",
			"location": {
				"x": 0,
				"y": 0,
				"r": "Horizontal"
			},
			"upd": {
				"SpawnedInSession": true
			}
		}
	],
	"equipment": "5c6687d65e9d882c8841f0fd",
	"stash": "5c6687d65e9d882c8841f0fc",
	"questRaidItems": "5c6687d65e9d882c8841f0fe",
	"questStashItems": "5c6687d65e9d882c8841f0ff",
	"fastPanel": {}
}