{
	"items": [
		{
			"_id": "5c6687d65e9d882c8841f0fd",
			"_tpl": "55d7217a4bdc2d86028b456d"
		},
		{
			"_id": "5c6687d65e9d882c8841f121",
			"_tpl": "557ffd194bdc2d28148b457f",
			"parentId": "5c6687d65e9d882c8841f0fd",
			"slotId": "Pockets"
		},
		{
			"_id": "5c6687d65e9d882c8841f0fc",
			"_tpl": "566abbc34bdc2d92178b4576"
		},
		{
			"_id": "5c6687d65e9d882c8841f0ff",
			"_tpl": "5963866b86f7747bfa1c4462"
		},
		{
			"_id": "5c6687d65e9d882c8841f0fe",
			"_tpl": "5963866286f7747bf429b572"
		},
		{
			"_id": "TacticalVest76898",
			"_tpl": "5929a2a086f7744f4b234d43",
			"parentId": "5c6687d65e9d882c8841f0fd",
			"slotId": "TacticalVest"
		},
		{
			"_id": "I210010546557256606sj2EO",
			"_tpl": "5ac4cd105acfc40016339859",
			"parentId": "5c6687d65e9d882c8841f0fd",
			"slotId": "FirstPrimaryWeapon"
		},
		{
			"_id": "I210010547285312952UkHah",
			"_tpl": "59c6633186f7740cf0493bb9",
			"parentId": "I210010546557256606sj2EO",
			"slotId": "mod_gas_block"
		},
		{
			"_id": "I210010544505639153CGzOF",
			"_tpl": "5ac7655e5acfc40016339a19",
			"parentId": "I210010546557256606sj2EO",
			"slotId": "mod_muzzle"
		},
		{
			"_id": "I2100105435478436433cL7o",
			"_tpl": "5649ade84bdc2d1b2b8b4587",
			"parentId": "I210010546557256606sj2EO",
			"slotId": "mod_pistol_grip"
		},
		{
			"_id": "I210010547263717576AC7yE",
			"_tpl": "5ac50da15acfc4001718d287",
			"parentId": "I210010546557256606sj2EO",
			"slotId": "mod_reciever"
		},
		{
			"_id": "I210010541282515786aEGlw",
			"_tpl": "5ac72e475acfc400180ae6fe",
			"parentId": "I210010546557256606sj2EO",
			"slotId": "mod_sight_rear",
			"upd": {
				"Sight": {
					"SelectedSightMode": 0
				}
			}
		},
		{
			"_id": "I210010549278697874bXkXm",
			"_tpl": "5ac50c185acfc400163398d4",
			"parentId": "I210010546557256606sj2EO",
			"slotId": "mod_stock"
		},
		{
			"_id": "MagazineWeaponScav625",
			"_tpl": "5bed61680db834001d2c45ab",
			"parentId": "I210010546557256606sj2EO",
			"slotId": "mod_magazine"
		},
		{
			"_id": "AmmoMag1876",
			"_tpl": "56dff4ecd2720b5f5a8b4568",
			"parentId": "MagazineWeaponScav625",
			"slotId": "cartridges",
			"upd": {
				"StackObjectsCount": 30
			}
		},
		{
			"_id": "I210010541569392111S8KTG",
			"_tpl": "5648b1504bdc2d9d488b4584",
			"parentId": "I210010547285312952UkHah",
			"slotId": "mod_handguard"
		},
		{
			"_id": "FuckYouUnlimitedAmmo864606",
			"_tpl": "5857a8bc2459772bad15db29",
			"parentId": "5c6687d65e9d882c8841f0fd",
			"slotId": "SecuredContainer"
		},
		{
			"_id": "iHateThatShit968285",
			"_tpl": "5c0d5e4486f77478390952fe",
			"parentId": "FuckYouUnlimitedAmmo864606",
			"slotId": "main",
			"upd": {
				"StackObjectsCount": 60
			}
		},
		{
			"_id": "iHateThatShit17112",
			"_tpl": "56dff216d2720bbd668b4568",
			"parentId": "FuckYouUnlimitedAmmo864606",
			"slotId": "main",
			"upd": {
				"StackObjectsCount": 60
			}
		},
		{
			"_id": "iHateThatShit598164",
			"_tpl": "56dff4a2d2720bbd668b456a",
			"parentId": "FuckYouUnlimitedAmmo864606",
			"slotId": "main",
			"upd": {
				"StackObjectsCount": 60
			}
		},
		{
			"_id": "iHateThatShit481690",
			"_tpl": "56dff4a2d2720bbd668b456a",
			"parentId": "FuckYouUnlimitedAmmo864606",
			"slotId": "main",
			"upd": {
				"StackObjectsCount": 60
			}
		},
		{
			"_id": "iHateThatShit539856",
			"_tpl": "56dff4a2d2720bbd668b456a",
			"parentId": "FuckYouUnlimitedAmmo864606",
			"slotId": "main",
			"upd": {
				"StackObjectsCount": 60
			}
		},
		{
			"_id": "iHateThatShit490303",
			"_tpl": "56dff061d2720bb5668b4567",
			"parentId": "FuckYouUnlimitedAmmo864606",
			"slotId": "main",
			"upd": {
				"StackObjectsCount": 60
			}
		},
		{
			"_id": "iHateThatShit909887",
			"_tpl": "56dff3afd2720bba668b4567",
			"parentId": "FuckYouUnlimitedAmmo864606",
			"slotId": "main",
			"upd": {
				"StackObjectsCount": 60
			}
		},
		{
			"_id": "iHateThatShit884208",
			"_tpl": "56dff0bed2720bb0668b4567",
			"parentId": "FuckYouUnlimitedAmmo864606",
			"slotId": "main",
			"upd": {
				"StackObjectsCount": 60
			}
		},
		{
			"_id": "iHateThatShit740259",
			"_tpl": "56dff4a2d2720bbd668b456a",
			"parentId": "FuckYouUnlimitedAmmo864606",
			"slotId": "main",
			"upd": {
				"StackObjectsCount": 60
			}
		},
		{
			"_id": "mag0Vest87910",
			"_tpl": "5cbdaf89ae9215000e5b9c94",
			"parentId": "TacticalVest76898",
			"slotId": "3",
			"location": {
				"x": 0,
				"y": 0,
				"r": "Horizontal"
			}
		},
		{
			"_id": "AmmoMag0Vest348139",
			"_tpl": "5c0d5e4486f77478390952fe",
			"parentId": "mag0Vest87910",
			"slotId": "cartridges",
			"upd": {
				"StackObjectsCount": 30
			}
		},
		{
			"_id": "Scabbard454387",
			"_tpl": "57e26ea924597715ca604a09",
			"parentId": "5c6687d65e9d882c8841f0fd",
			"slotId": "Scabbard"
		},
		{
			"_id": "Headwear116047",
			"_tpl": "5e01ef6886f77445f643baa4",
			"parentId": "5c6687d65e9d882c8841f0fd",
			"slotId": "Headwear"
		},
		{
			"_id": "Headwear_cover_9540",
			"_tpl": "5e00cfa786f77469dc6e5685",
			"parentId": "Headwear116047",
			"slotId": "mod_equipment_000",
			"upd": {
				"Togglable": {
					"On": true
				}
			}
		},
		{
			"_id": "Backpack883457",
			"_tpl": "5ab8f04f86f774585f4237d8",
			"parentId": "5c6687d65e9d882c8841f0fd",
			"slotId": "Backpack"
		},
		{
			"_id": "ArmorVest899784",
			"_tpl": "5c0e51be86f774598e797894",
			"parentId": "5c6687d65e9d882c8841f0fd",
			"slotId": "ArmorVest",
			"upd": {
				"Repairable": {
					"MaxDurability": 47,
					"Durability": 28
				}
			}
		}
	],
	"equipment": "5c6687d65e9d882c8841f0fd",
	"stash": "5c6687d65e9d882c8841f0fc",
	"questRaidItems": "5c6687d65e9d882c8841f0fe",
	"questStashItems": "5c6687d65e9d882c8841f0ff",
	"fastPanel": {}
}