{
	"items": [
		{
			"_id": "5c6687d65e9d882c8841f0fd",
			"_tpl": "55d7217a4bdc2d86028b456d"
		},
		{
			"_id": "5c6687d65e9d882c8841f121",
			"_tpl": "557ffd194bdc2d28148b457f",
			"parentId": "5c6687d65e9d882c8841f0fd",
			"slotId": "Pockets"
		},
		{
			"_id": "5c6687d65e9d882c8841f0fc",
			"_tpl": "566abbc34bdc2d92178b4576"
		},
		{
			"_id": "5c6687d65e9d882c8841f0ff",
			"_tpl": "5963866b86f7747bfa1c4462"
		},
		{
			"_id": "5c6687d65e9d882c8841f0fe",
			"_tpl": "5963866286f7747bf429b572"
		},
		{
			"_id": "TacticalVest804304",
			"_tpl": "5c0e9f2c86f77432297fe0a3",
			"parentId": "5c6687d65e9d882c8841f0fd",
			"slotId": "TacticalVest"
		},
		{
			"_id": "I210012363743647067MaAgh",
			"_tpl": "57838ad32459774a17445cd2",
			"parentId": "5c6687d65e9d882c8841f0fd",
			"slotId": "FirstPrimaryWeapon"
		},
		{
			"_id": "MagazineWeaponScav2200",
			"_tpl": "57838f9f2459774a150289a0",
			"parentId": "I210012363743647067MaAgh",
			"slotId": "mod_magazine"
		},
		{
			"_id": "AmmoMag12340",
			"_tpl": "57a0dfb82459774d3078b56c",
			"parentId": "MagazineWeaponScav2200",
			"slotId": "cartridges",
			"upd": {
				"StackObjectsCount": 20
			}
		},
		{
			"_id": "I210012368595680122lHqZY",
			"_tpl": "57838c962459774a1651ec63",
			"parentId": "I210012363743647067MaAgh",
			"slotId": "mod_muzzle"
		},
		{
			"_id": "I210012363934540897DpmVJ",
			"_tpl": "578395402459774a256959b5",
			"parentId": "I210012363743647067MaAgh",
			"slotId": "mod_reciever"
		},
		{
			"_id": "I2100123685022187231WnGk",
			"_tpl": "578395e82459774a0e553c7b",
			"parentId": "I210012363743647067MaAgh",
			"slotId": "mod_stock"
		},
		{
			"_id": "I210012367386767999gqdEO",
			"_tpl": "57838e1b2459774a256959b1",
			"parentId": "I210012368595680122lHqZY",
			"slotId": "mod_sight_rear",
			"upd": {
				"Sight": {
					"SelectedSightMode": 0
				}
			}
		},
		{
			"_id": "FuckYouUnlimitedAmmo416566",
			"_tpl": "5857a8bc2459772bad15db29",
			"parentId": "5c6687d65e9d882c8841f0fd",
			"slotId": "SecuredContainer"
		},
		{
			"_id": "iHateThatShit303699",
			"_tpl": "5c0d688c86f77413ae3407b2",
			"parentId": "FuckYouUnlimitedAmmo416566",
			"slotId": "main",
			"upd": {
				"StackObjectsCount": 60
			}
		},
		{
			"_id": "iHateThatShit148490",
			"_tpl": "5c0d688c86f77413ae3407b2",
			"parentId": "FuckYouUnlimitedAmmo416566",
			"slotId": "main",
			"upd": {
				"StackObjectsCount": 60
			}
		},
		{
			"_id": "iHateThatShit932570",
			"_tpl": "5c0d688c86f77413ae3407b2",
			"parentId": "FuckYouUnlimitedAmmo416566",
			"slotId": "main",
			"upd": {
				"StackObjectsCount": 60
			}
		},
		{
			"_id": "iHateThatShit716779",
			"_tpl": "5c0d688c86f77413ae3407b2",
			"parentId": "FuckYouUnlimitedAmmo416566",
			"slotId": "main",
			"upd": {
				"StackObjectsCount": 60
			}
		},
		{
			"_id": "iHateThatShit109531",
			"_tpl": "5c0d688c86f77413ae3407b2",
			"parentId": "FuckYouUnlimitedAmmo416566",
			"slotId": "main",
			"upd": {
				"StackObjectsCount": 60
			}
		},
		{
			"_id": "iHateThatShit814911",
			"_tpl": "57a0e5022459774d1673f889",
			"parentId": "FuckYouUnlimitedAmmo416566",
			"slotId": "main",
			"upd": {
				"StackObjectsCount": 60
			}
		},
		{
			"_id": "iHateThatShit468681",
			"_tpl": "5c0d688c86f77413ae3407b2",
			"parentId": "FuckYouUnlimitedAmmo416566",
			"slotId": "main",
			"upd": {
				"StackObjectsCount": 60
			}
		},
		{
			"_id": "iHateThatShit665106",
			"_tpl": "57a0e5022459774d1673f889",
			"parentId": "FuckYouUnlimitedAmmo416566",
			"slotId": "main",
			"upd": {
				"StackObjectsCount": 60
			}
		},
		{
			"_id": "iHateThatShit108906",
			"_tpl": "5c0d688c86f77413ae3407b2",
			"parentId": "FuckYouUnlimitedAmmo416566",
			"slotId": "main",
			"upd": {
				"StackObjectsCount": 60
			}
		},
		{
			"_id": "mag1Vest527650",
			"_tpl": "5a9e81fba2750c00164f6b11",
			"parentId": "TacticalVest804304",
			"slotId": "2",
			"location": {
				"x": 0,
				"y": 0,
				"r": "Horizontal"
			}
		},
		{
			"_id": "AmmoMag1Vest879382",
			"_tpl": "57a0e5022459774d1673f889",
			"parentId": "mag1Vest527650",
			"slotId": "cartridges",
			"upd": {
				"StackObjectsCount": 30
			}
		},
		{
			"_id": "mag3Vest809448",
			"_tpl": "5a9e81fba2750c00164f6b11",
			"parentId": "TacticalVest804304",
			"slotId": "5",
			"location": {
				"x": 0,
				"y": 0,
				"r": "Horizontal"
			}
		},
		{
			"_id": "AmmoMag3Vest385456",
			"_tpl": "5c0d688c86f77413ae3407b2",
			"parentId": "mag3Vest809448",
			"slotId": "cartridges",
			"upd": {
				"StackObjectsCount": 30
			}
		},
		{
			"_id": "Scabbard817564",
			"_tpl": "57e26fc7245977162a14b800",
			"parentId": "5c6687d65e9d882c8841f0fd",
			"slotId": "Scabbard"
		},
		{
			"_id": "FaceCover314809",
			"_tpl": "572b7f1624597762ae139822",
			"parentId": "5c6687d65e9d882c8841f0fd",
			"slotId": "FaceCover"
		},
		{
			"_id": "ArmorVest427358",
			"_tpl": "5b44d22286f774172b0c9de8",
			"parentId": "5c6687d65e9d882c8841f0fd",
			"slotId": "ArmorVest",
			"upd": {
				"Repairable": {
					"MaxDurability": 70,
					"Durability": 40
				}
			}
		},
		{
			"_id": "Pocket_695889",
			"_tpl": "590a3b0486f7743954552bdb",
			"parentId": "5c6687d65e9d882c8841f121",
			"slotId": "pocket1",
			"location": {
				"x": 0,
				"y": 0,
				"r": "Horizontal"
			},
			"upd": {
				"SpawnedInSession": true
			}
		},
		{
			"_id": "Pocket_741730",
			"_tpl": "5a13f35286f77413ef1436b0",
			"parentId": "5c6687d65e9d882c8841f121",
			"slotId": "pocket2",
			"location": {
				"x": 0,
				"y": 0,
				"r": "Horizontal"
			},
			"upd": {
				"SpawnedInSession": true
			}
		}
	],
	"equipment": "5c6687d65e9d882c8841f0fd",
	"stash": "5c6687d65e9d882c8841f0fc",
	"questRaidItems": "5c6687d65e9d882c8841f0fe",
	"questStashItems": "5c6687d65e9d882c8841f0ff",
	"fastPanel": {}
}