{
	"items": [
		{
			"_id": "5c6687d65e9d882c8841f0fd",
			"_tpl": "55d7217a4bdc2d86028b456d"
		},
		{
			"_id": "5c6687d65e9d882c8841f121",
			"_tpl": "557ffd194bdc2d28148b457f",
			"parentId": "5c6687d65e9d882c8841f0fd",
			"slotId": "Pockets"
		},
		{
			"_id": "5c6687d65e9d882c8841f0fc",
			"_tpl": "566abbc34bdc2d92178b4576"
		},
		{
			"_id": "5c6687d65e9d882c8841f0ff",
			"_tpl": "5963866b86f7747bfa1c4462"
		},
		{
			"_id": "5c6687d65e9d882c8841f0fe",
			"_tpl": "5963866286f7747bf429b572"
		},
		{
			"_id": "TacticalVest48903",
			"_tpl": "5d5d85c586f774279a21cbdb",
			"parentId": "5c6687d65e9d882c8841f0fd",
			"slotId": "TacticalVest"
		},
		{
			"_id": "I21008468711264187Xszlcc",
			"_tpl": "59ff346386f77477562ff5e2",
			"parentId": "5c6687d65e9d882c8841f0fd",
			"slotId": "FirstPrimaryWeapon"
		},
		{
			"_id": "I21008464390411316KBLmDV",
			"_tpl": "59d64ec286f774171d1e0a42",
			"parentId": "I21008468711264187Xszlcc",
			"slotId": "mod_gas_block"
		},
		{
			"_id": "I21008461400862966Q6nOXb",
			"_tpl": "59d64fc686f774171b243fe2",
			"parentId": "I21008468711264187Xszlcc",
			"slotId": "mod_muzzle"
		},
		{
			"_id": "I21008469433656671RLtMTF",
			"_tpl": "5a0071d486f77404e23a12b2",
			"parentId": "I21008468711264187Xszlcc",
			"slotId": "mod_pistol_grip_akms"
		},
		{
			"_id": "I21008466511616434FMgVb5",
			"_tpl": "59d6507c86f7741b846413a2",
			"parentId": "I21008468711264187Xszlcc",
			"slotId": "mod_reciever"
		},
		{
			"_id": "I21008461308245459wvIgpy",
			"_tpl": "59d650cf86f7741b846413a4",
			"parentId": "I21008468711264187Xszlcc",
			"slotId": "mod_sight_rear",
			"upd": {
				"Sight": {
					"SelectedSightMode": 0
				}
			}
		},
		{
			"_id": "I21008461878208219ZloFqc",
			"_tpl": "59ff3b6a86f77477562ff5ed",
			"parentId": "I21008468711264187Xszlcc",
			"slotId": "mod_stock_akms"
		},
		{
			"_id": "MagazineWeaponScav9437",
			"_tpl": "5ac66bea5acfc43b321d4aec",
			"parentId": "I21008468711264187Xszlcc",
			"slotId": "mod_magazine"
		},
		{
			"_id": "AmmoMag1317",
			"_tpl": "59e4cf5286f7741778269d8a",
			"parentId": "MagazineWeaponScav9437",
			"slotId": "cartridges",
			"upd": {
				"StackObjectsCount": 30
			}
		},
		{
			"_id": "I21008468053966479eEQg2S",
			"_tpl": "59d64f2f86f77417193ef8b3",
			"parentId": "I21008464390411316KBLmDV",
			"slotId": "mod_handguard"
		},
		{
			"_id": "FuckYouUnlimitedAmmo27701",
			"_tpl": "5857a8bc2459772bad15db29",
			"parentId": "5c6687d65e9d882c8841f0fd",
			"slotId": "SecuredContainer"
		},
		{
			"_id": "iHateThatShit433262",
			"_tpl": "59e4d24686f7741776641ac7",
			"parentId": "FuckYouUnlimitedAmmo27701",
			"slotId": "main",
			"upd": {
				"StackObjectsCount": 60
			}
		},
		{
			"_id": "iHateThatShit487243",
			"_tpl": "59e4d24686f7741776641ac7",
			"parentId": "FuckYouUnlimitedAmmo27701",
			"slotId": "main",
			"upd": {
				"StackObjectsCount": 60
			}
		},
		{
			"_id": "iHateThatShit614116",
			"_tpl": "59e4d3d286f774176a36250a",
			"parentId": "FuckYouUnlimitedAmmo27701",
			"slotId": "main",
			"upd": {
				"StackObjectsCount": 60
			}
		},
		{
			"_id": "iHateThatShit716841",
			"_tpl": "59e4d24686f7741776641ac7",
			"parentId": "FuckYouUnlimitedAmmo27701",
			"slotId": "main",
			"upd": {
				"StackObjectsCount": 60
			}
		},
		{
			"_id": "iHateThatShit794147",
			"_tpl": "59e0d99486f7744a32234762",
			"parentId": "FuckYouUnlimitedAmmo27701",
			"slotId": "main",
			"upd": {
				"StackObjectsCount": 60
			}
		},
		{
			"_id": "iHateThatShit552513",
			"_tpl": "59e4d24686f7741776641ac7",
			"parentId": "FuckYouUnlimitedAmmo27701",
			"slotId": "main",
			"upd": {
				"StackObjectsCount": 60
			}
		},
		{
			"_id": "iHateThatShit424190",
			"_tpl": "59e4d3d286f774176a36250a",
			"parentId": "FuckYouUnlimitedAmmo27701",
			"slotId": "main",
			"upd": {
				"StackObjectsCount": 60
			}
		},
		{
			"_id": "iHateThatShit393271",
			"_tpl": "59e4d24686f7741776641ac7",
			"parentId": "FuckYouUnlimitedAmmo27701",
			"slotId": "main",
			"upd": {
				"StackObjectsCount": 60
			}
		},
		{
			"_id": "iHateThatShit691381",
			"_tpl": "59e4d24686f7741776641ac7",
			"parentId": "FuckYouUnlimitedAmmo27701",
			"slotId": "main",
			"upd": {
				"StackObjectsCount": 60
			}
		},
		{
			"_id": "mag1Vest510714",
			"_tpl": "59fafc5086f7740dbe19f6c3",
			"parentId": "TacticalVest48903",
			"slotId": "2",
			"location": {
				"x": 0,
				"y": 0,
				"r": "Horizontal"
			}
		},
		{
			"_id": "AmmoMag1Vest362469",
			"_tpl": "59e0d99486f7744a32234762",
			"parentId": "mag1Vest510714",
			"slotId": "cartridges",
			"upd": {
				"StackObjectsCount": 30
			}
		},
		{
			"_id": "mag3Vest447134",
			"_tpl": "59fafc5086f7740dbe19f6c3",
			"parentId": "TacticalVest48903",
			"slotId": "5",
			"location": {
				"x": 0,
				"y": 0,
				"r": "Horizontal"
			}
		},
		{
			"_id": "AmmoMag3Vest437833",
			"_tpl": "59e4d3d286f774176a36250a",
			"parentId": "mag3Vest447134",
			"slotId": "cartridges",
			"upd": {
				"StackObjectsCount": 30
			}
		},
		{
			"_id": "Scabbard311395",
			"_tpl": "57e26fc7245977162a14b800",
			"parentId": "5c6687d65e9d882c8841f0fd",
			"slotId": "Scabbard"
		},
		{
			"_id": "Eyewear264342",
			"_tpl": "5d6d2ef3a4b93618084f58bd",
			"parentId": "5c6687d65e9d882c8841f0fd",
			"slotId": "Eyewear"
		},
		{
			"_id": "FaceCover465701",
			"_tpl": "572b7f1624597762ae139822",
			"parentId": "5c6687d65e9d882c8841f0fd",
			"slotId": "FaceCover"
		},
		{
			"_id": "ArmorVest14398",
			"_tpl": "5c0e57ba86f7747fa141986d",
			"parentId": "5c6687d65e9d882c8841f0fd",
			"slotId": "ArmorVest",
			"upd": {
				"Repairable": {
					"MaxDurability": 55,
					"Durability": 43
				}
			}
		},
		{
			"_id": "Pocket_32517",
			"_tpl": "5af0561e86f7745f5f3ad6ac",
			"parentId": "5c6687d65e9d882c8841f121",
			"slotId": "pocket1",
			"location": {
				"x": 0,
				"y": 0,
				"r": "Horizontal"
			},
			"upd": {
				"SpawnedInSession": true
			}
		}
	],
	"equipment": "5c6687d65e9d882c8841f0fd",
	"stash": "5c6687d65e9d882c8841f0fc",
	"questRaidItems": "5c6687d65e9d882c8841f0fe",
	"questStashItems": "5c6687d65e9d882c8841f0ff",
	"fastPanel": {}
}