{
	"items": [
		{
			"_id": "5c6687d65e9d882c8841f0fd",
			"_tpl": "55d7217a4bdc2d86028b456d"
		},
		{
			"_id": "5c6687d65e9d882c8841f121",
			"_tpl": "557ffd194bdc2d28148b457f",
			"parentId": "5c6687d65e9d882c8841f0fd",
			"slotId": "Pockets"
		},
		{
			"_id": "5c6687d65e9d882c8841f0fc",
			"_tpl": "566abbc34bdc2d92178b4576"
		},
		{
			"_id": "5c6687d65e9d882c8841f0ff",
			"_tpl": "5963866b86f7747bfa1c4462"
		},
		{
			"_id": "5c6687d65e9d882c8841f0fe",
			"_tpl": "5963866286f7747bf429b572"
		},
		{
			"_id": "TacticalVest379788",
			"_tpl": "59e7643b86f7742cbf2c109a",
			"parentId": "5c6687d65e9d882c8841f0fd",
			"slotId": "TacticalVest"
		},
		{
			"_id": "I33102416494885904fWl23K",
			"_tpl": "5839a40f24597726f856b511",
			"parentId": "5c6687d65e9d882c8841f0fd",
			"slotId": "FirstPrimaryWeapon"
		},
		{
			"_id": "I33102417291738672uKSgsL",
			"_tpl": "5649ad3f4bdc2df8348b4585",
			"parentId": "I33102416494885904fWl23K",
			"slotId": "mod_pistol_grip"
		},
		{
			"_id": "I33102413976644553Krq5I6",
			"_tpl": "57dc347d245977596754e7a1",
			"parentId": "I33102416494885904fWl23K",
			"slotId": "mod_stock"
		},
		{
			"_id": "MagazineWeaponScav2920",
			"_tpl": "55d482194bdc2d1d4e8b456b",
			"parentId": "I33102416494885904fWl23K",
			"slotId": "mod_magazine"
		},
		{
			"_id": "AmmoMag1157",
			"_tpl": "56dff061d2720bb5668b4567",
			"parentId": "MagazineWeaponScav2920",
			"slotId": "cartridges",
			"upd": {
				"StackObjectsCount": 60
			}
		},
		{
			"_id": "I33102411720357067FW1hss",
			"_tpl": "57ffb0e42459777d047111c5",
			"parentId": "I33102416494885904fWl23K",
			"slotId": "mod_muzzle"
		},
		{
			"_id": "I331024152413132491LdqjM",
			"_tpl": "59d36a0086f7747e673f3946",
			"parentId": "I33102416494885904fWl23K",
			"slotId": "mod_gas_block"
		},
		{
			"_id": "I331024130619810355z7bLP",
			"_tpl": "56dfef82d2720bbd668b4567",
			"parentId": "I331024115032520096m1y7j",
			"slotId": "cartridges",
			"location": 0,
			"upd": {
				"StackObjectsCount": 30
			}
		},
		{
			"_id": "I331024149795897580go4tH",
			"_tpl": "57dc32dc245977596d4ef3d3",
			"parentId": "I331024152413132491LdqjM",
			"slotId": "mod_handguard"
		},
		{
			"_id": "FuckYouUnlimitedAmmo942113",
			"_tpl": "5857a8bc2459772bad15db29",
			"parentId": "5c6687d65e9d882c8841f0fd",
			"slotId": "SecuredContainer"
		},
		{
			"_id": "iHateThatShit765068",
			"_tpl": "56dff2ced2720bb4668b4567",
			"parentId": "FuckYouUnlimitedAmmo942113",
			"slotId": "main",
			"upd": {
				"StackObjectsCount": 60
			}
		},
		{
			"_id": "iHateThatShit336582",
			"_tpl": "56dff4a2d2720bbd668b456a",
			"parentId": "FuckYouUnlimitedAmmo942113",
			"slotId": "main",
			"upd": {
				"StackObjectsCount": 60
			}
		},
		{
			"_id": "iHateThatShit526547",
			"_tpl": "56dff4a2d2720bbd668b456a",
			"parentId": "FuckYouUnlimitedAmmo942113",
			"slotId": "main",
			"upd": {
				"StackObjectsCount": 60
			}
		},
		{
			"_id": "iHateThatShit949334",
			"_tpl": "56dff4ecd2720b5f5a8b4568",
			"parentId": "FuckYouUnlimitedAmmo942113",
			"slotId": "main",
			"upd": {
				"StackObjectsCount": 60
			}
		},
		{
			"_id": "iHateThatShit920031",
			"_tpl": "56dfef82d2720bbd668b4567",
			"parentId": "FuckYouUnlimitedAmmo942113",
			"slotId": "main",
			"upd": {
				"StackObjectsCount": 60
			}
		},
		{
			"_id": "iHateThatShit177018",
			"_tpl": "56dff421d2720b5f5a8b4567",
			"parentId": "FuckYouUnlimitedAmmo942113",
			"slotId": "main",
			"upd": {
				"StackObjectsCount": 60
			}
		},
		{
			"_id": "iHateThatShit592688",
			"_tpl": "56dff4ecd2720b5f5a8b4568",
			"parentId": "FuckYouUnlimitedAmmo942113",
			"slotId": "main",
			"upd": {
				"StackObjectsCount": 60
			}
		},
		{
			"_id": "iHateThatShit59122",
			"_tpl": "56dff338d2720bbd668b4569",
			"parentId": "FuckYouUnlimitedAmmo942113",
			"slotId": "main",
			"upd": {
				"StackObjectsCount": 60
			}
		},
		{
			"_id": "iHateThatShit481719",
			"_tpl": "56dff3afd2720bba668b4567",
			"parentId": "FuckYouUnlimitedAmmo942113",
			"slotId": "main",
			"upd": {
				"StackObjectsCount": 60
			}
		},
		{
			"_id": "mag0Vest367215",
			"_tpl": "55d480c04bdc2d1d4e8b456a",
			"parentId": "TacticalVest379788",
			"slotId": "2",
			"location": {
				"x": 0,
				"y": 0,
				"r": "Horizontal"
			}
		},
		{
			"_id": "AmmoMag0Vest929400",
			"_tpl": "56dff216d2720bbd668b4568",
			"parentId": "mag0Vest367215",
			"slotId": "cartridges",
			"upd": {
				"StackObjectsCount": 30
			}
		},
		{
			"_id": "mag0Vest401025",
			"_tpl": "55d480c04bdc2d1d4e8b456a",
			"parentId": "TacticalVest379788",
			"slotId": "1",
			"location": {
				"x": 0,
				"y": 0,
				"r": "Horizontal"
			}
		},
		{
			"_id": "AmmoMag0Vest912318",
			"_tpl": "56dff2ced2720bb4668b4567",
			"parentId": "mag0Vest401025",
			"slotId": "cartridges",
			"upd": {
				"StackObjectsCount": 30
			}
		},
		{
			"_id": "mag0Vest469013",
			"_tpl": "55d480c04bdc2d1d4e8b456a",
			"parentId": "TacticalVest379788",
			"slotId": "1",
			"location": {
				"x": 1,
				"y": 0,
				"r": "Horizontal"
			}
		},
		{
			"_id": "AmmoMag0Vest715891",
			"_tpl": "56dff4a2d2720bbd668b456a",
			"parentId": "mag0Vest469013",
			"slotId": "cartridges",
			"upd": {
				"StackObjectsCount": 30
			}
		},
		{
			"_id": "StackAmmo40042250695",
			"_tpl": "56dff4a2d2720bbd668b456a",
			"parentId": "TacticalVest379788",
			"slotId": "5",
			"upd": {
				"StackObjectsCount": 56
			}
		},
		{
			"_id": "Scabbard101336",
			"_tpl": "54491bb74bdc2d09088b4567",
			"parentId": "5c6687d65e9d882c8841f0fd",
			"slotId": "Scabbard"
		},
		{
			"_id": "Headwear442989",
			"_tpl": "5a43943586f77416ad2f06e2",
			"parentId": "5c6687d65e9d882c8841f0fd",
			"slotId": "Headwear"
		},
		{
			"_id": "Eyewear186924",
			"_tpl": "5c0d32fcd174af02a1659c75",
			"parentId": "5c6687d65e9d882c8841f0fd",
			"slotId": "Eyewear"
		},
		{
			"_id": "ArmorVest157186",
			"_tpl": "5c0e53c886f7747fa54205c7",
			"parentId": "5c6687d65e9d882c8841f0fd",
			"slotId": "ArmorVest",
			"upd": {
				"Repairable": {
					"MaxDurability": 47,
					"Durability": 19
				}
			}
		},
		{
			"_id": "Pocket_301412",
			"_tpl": "5751496424597720a27126da",
			"parentId": "5c6687d65e9d882c8841f121",
			"slotId": "pocket1",
			"location": {
				"x": 0,
				"y": 0,
				"r": "Horizontal"
			},
			"upd": {
				"SpawnedInSession": true
			}
		},
		{
			"_id": "Pocket_457465",
			"_tpl": "590a358486f77429692b2790",
			"parentId": "5c6687d65e9d882c8841f121",
			"slotId": "pocket2",
			"location": {
				"x": 0,
				"y": 0,
				"r": "Horizontal"
			},
			"upd": {
				"SpawnedInSession": true
			}
		},
		{
			"_id": "Pocket_243386",
			"_tpl": "5c0e531286f7747fa54205c2",
			"parentId": "5c6687d65e9d882c8841f121",
			"slotId": "pocket3",
			"location": {
				"x": 0,
				"y": 0,
				"r": "Horizontal"
			},
			"upd": {
				"SpawnedInSession": true
			}
		}
	],
	"equipment": "5c6687d65e9d882c8841f0fd",
	"stash": "5c6687d65e9d882c8841f0fc",
	"questRaidItems": "5c6687d65e9d882c8841f0fe",
	"questStashItems": "5c6687d65e9d882c8841f0ff",
	"fastPanel": {}
}