{
	"items": [
		{
			"_id": "5c6687d65e9d882c8841f0fd",
			"_tpl": "55d7217a4bdc2d86028b456d"
		},
		{
			"_id": "5c6687d65e9d882c8841f121",
			"_tpl": "557ffd194bdc2d28148b457f",
			"parentId": "5c6687d65e9d882c8841f0fd",
			"slotId": "Pockets"
		},
		{
			"_id": "5c6687d65e9d882c8841f0fc",
			"_tpl": "566abbc34bdc2d92178b4576"
		},
		{
			"_id": "5c6687d65e9d882c8841f0ff",
			"_tpl": "5963866b86f7747bfa1c4462"
		},
		{
			"_id": "5c6687d65e9d882c8841f0fe",
			"_tpl": "5963866286f7747bf429b572"
		},
		{
			"_id": "TacticalVest724500",
			"_tpl": "5929a2a086f7744f4b234d43",
			"parentId": "5c6687d65e9d882c8841f0fd",
			"slotId": "TacticalVest"
		},
		{
			"_id": "I210012123221022802F7QT2",
			"_tpl": "5b0bbe4e5acfc40dc528a72d",
			"parentId": "5c6687d65e9d882c8841f0fd",
			"slotId": "FirstPrimaryWeapon"
		},
		{
			"_id": "I210012129842450629TFA7q",
			"_tpl": "5b099b965acfc400186331e6",
			"parentId": "I210012123221022802F7QT2",
			"slotId": "mod_pistol_grip"
		},
		{
			"_id": "MagazineWeaponScav1888",
			"_tpl": "5b7bef9c5acfc43d102852ec",
			"parentId": "I210012123221022802F7QT2",
			"slotId": "mod_magazine"
		},
		{
			"_id": "AmmoMag12590",
			"_tpl": "5a6086ea4f39f99cd479502f",
			"parentId": "MagazineWeaponScav1888",
			"slotId": "cartridges",
			"upd": {
				"StackObjectsCount": 50
			}
		},
		{
			"_id": "I210012125311869010REOrE",
			"_tpl": "5b099a9d5acfc47a8607efe7",
			"parentId": "I210012123221022802F7QT2",
			"slotId": "mod_handguard"
		},
		{
			"_id": "I210012126461383353sq5y6",
			"_tpl": "5b099a765acfc47a8607efe3",
			"parentId": "I210012123221022802F7QT2",
			"slotId": "mod_barrel"
		},
		{
			"_id": "I210012128524422314XLqo5",
			"_tpl": "5b0bc22d5acfc47a8607f085",
			"parentId": "I210012123221022802F7QT2",
			"slotId": "mod_sight_rear",
			"upd": {
				"Sight": {
					"SelectedSightMode": 0
				}
			}
		},
		{
			"_id": "I210012128136342704DP5cV",
			"_tpl": "5b099bb25acfc400186331e8",
			"parentId": "I210012123221022802F7QT2",
			"slotId": "mod_reciever"
		},
		{
			"_id": "I210012125591682927D374Z",
			"_tpl": "5b099bf25acfc4001637e683",
			"parentId": "I210012123221022802F7QT2",
			"slotId": "mod_stock"
		},
		{
			"_id": "I210012127335910065M7VPp",
			"_tpl": "5b099b7d5acfc400186331e4",
			"parentId": "I210012126461383353sq5y6",
			"slotId": "mod_muzzle"
		},
		{
			"_id": "I2100121287725603027iN5R",
			"_tpl": "5649be884bdc2d79388b4577",
			"parentId": "I210012125591682927D374Z",
			"slotId": "mod_stock_000"
		},
		{
			"_id": "I210012126169698459Cnsow",
			"_tpl": "56eabf3bd2720b75698b4569",
			"parentId": "I2100121287725603027iN5R",
			"slotId": "mod_stock_000"
		},
		{
			"_id": "I2100121225703768411CYuZ",
			"_tpl": "58d2912286f7744e27117493",
			"parentId": "I210012126169698459Cnsow",
			"slotId": "mod_stock"
		},
		{
			"_id": "FuckYouUnlimitedAmmo474051",
			"_tpl": "5857a8bc2459772bad15db29",
			"parentId": "5c6687d65e9d882c8841f0fd",
			"slotId": "SecuredContainer"
		},
		{
			"_id": "iHateThatShit405315",
			"_tpl": "5a608bf24f39f98ffc77720e",
			"parentId": "FuckYouUnlimitedAmmo474051",
			"slotId": "main",
			"upd": {
				"StackObjectsCount": 60
			}
		},
		{
			"_id": "iHateThatShit414006",
			"_tpl": "5a608bf24f39f98ffc77720e",
			"parentId": "FuckYouUnlimitedAmmo474051",
			"slotId": "main",
			"upd": {
				"StackObjectsCount": 60
			}
		},
		{
			"_id": "iHateThatShit384061",
			"_tpl": "5e023e88277cce2b522ff2b1",
			"parentId": "FuckYouUnlimitedAmmo474051",
			"slotId": "main",
			"upd": {
				"StackObjectsCount": 60
			}
		},
		{
			"_id": "iHateThatShit385241",
			"_tpl": "5a6086ea4f39f99cd479502f",
			"parentId": "FuckYouUnlimitedAmmo474051",
			"slotId": "main",
			"upd": {
				"StackObjectsCount": 60
			}
		},
		{
			"_id": "iHateThatShit989575",
			"_tpl": "58dd3ad986f77403051cba8f",
			"parentId": "FuckYouUnlimitedAmmo474051",
			"slotId": "main",
			"upd": {
				"StackObjectsCount": 60
			}
		},
		{
			"_id": "iHateThatShit886214",
			"_tpl": "58dd3ad986f77403051cba8f",
			"parentId": "FuckYouUnlimitedAmmo474051",
			"slotId": "main",
			"upd": {
				"StackObjectsCount": 60
			}
		},
		{
			"_id": "iHateThatShit541210",
			"_tpl": "58dd3ad986f77403051cba8f",
			"parentId": "FuckYouUnlimitedAmmo474051",
			"slotId": "main",
			"upd": {
				"StackObjectsCount": 60
			}
		},
		{
			"_id": "iHateThatShit131772",
			"_tpl": "5e023e6e34d52a55c3304f71",
			"parentId": "FuckYouUnlimitedAmmo474051",
			"slotId": "main",
			"upd": {
				"StackObjectsCount": 60
			}
		},
		{
			"_id": "iHateThatShit227249",
			"_tpl": "5a6086ea4f39f99cd479502f",
			"parentId": "FuckYouUnlimitedAmmo474051",
			"slotId": "main",
			"upd": {
				"StackObjectsCount": 60
			}
		},
		{
			"_id": "mag0Vest824808",
			"_tpl": "5b7c2d1d5acfc43d1028532a",
			"parentId": "TacticalVest724500",
			"slotId": "3",
			"location": {
				"x": 0,
				"y": 0,
				"r": "Horizontal"
			}
		},
		{
			"_id": "AmmoMag0Vest569931",
			"_tpl": "5e023e53d4353e3302577c4c",
			"parentId": "mag0Vest824808",
			"slotId": "cartridges",
			"upd": {
				"StackObjectsCount": 20
			}
		},
		{
			"_id": "mag1Vest543730",
			"_tpl": "5b7c2d1d5acfc43d1028532a",
			"parentId": "TacticalVest724500",
			"slotId": "5",
			"location": {
				"x": 0,
				"y": 0,
				"r": "Horizontal"
			}
		},
		{
			"_id": "AmmoMag1Vest113221",
			"_tpl": "58dd3ad986f77403051cba8f",
			"parentId": "mag1Vest543730",
			"slotId": "cartridges",
			"upd": {
				"StackObjectsCount": 20
			}
		},
		{
			"_id": "StackAmmo46975492453",
			"_tpl": "5e023e53d4353e3302577c4c",
			"parentId": "TacticalVest724500",
			"slotId": "1",
			"upd": {
				"StackObjectsCount": 14
			}
		},
		{
			"_id": "StackAmmo34121225220",
			"_tpl": "5e023e53d4353e3302577c4c",
			"parentId": "TacticalVest724500",
			"slotId": "7",
			"upd": {
				"StackObjectsCount": 29
			}
		},
		{
			"_id": "Scabbard586090",
			"_tpl": "5bffdc370db834001d23eca8",
			"parentId": "5c6687d65e9d882c8841f0fd",
			"slotId": "Scabbard"
		},
		{
			"_id": "FaceCover741467",
			"_tpl": "572b7f1624597762ae139822",
			"parentId": "5c6687d65e9d882c8841f0fd",
			"slotId": "FaceCover"
		},
		{
			"_id": "ArmorVest331099",
			"_tpl": "5ab8e79e86f7742d8b372e78",
			"parentId": "5c6687d65e9d882c8841f0fd",
			"slotId": "ArmorVest",
			"upd": {
				"Repairable": {
					"MaxDurability": 65,
					"Durability": 57
				}
			}
		},
		{
			"_id": "Pocket_29649",
			"_tpl": "5bc9c29cd4351e003562b8a3",
			"parentId": "5c6687d65e9d882c8841f121",
			"slotId": "pocket1",
			"location": {
				"x": 0,
				"y": 0,
				"r": "Horizontal"
			},
			"upd": {
				"SpawnedInSession": true
			}
		}
	],
	"equipment": "5c6687d65e9d882c8841f0fd",
	"stash": "5c6687d65e9d882c8841f0fc",
	"questRaidItems": "5c6687d65e9d882c8841f0fe",
	"questStashItems": "5c6687d65e9d882c8841f0ff",
	"fastPanel": {}
}