{
	"items": [
		{
			"_id": "5c6687d65e9d882c8841f0fd",
			"_tpl": "55d7217a4bdc2d86028b456d"
		},
		{
			"_id": "5c6687d65e9d882c8841f121",
			"_tpl": "557ffd194bdc2d28148b457f",
			"parentId": "5c6687d65e9d882c8841f0fd",
			"slotId": "Pockets"
		},
		{
			"_id": "5c6687d65e9d882c8841f0fc",
			"_tpl": "566abbc34bdc2d92178b4576"
		},
		{
			"_id": "5c6687d65e9d882c8841f0ff",
			"_tpl": "5963866b86f7747bfa1c4462"
		},
		{
			"_id": "5c6687d65e9d882c8841f0fe",
			"_tpl": "5963866286f7747bf429b572"
		},
		{
			"_id": "TacticalVest946005",
			"_tpl": "5929a2a086f7744f4b234d43",
			"parentId": "5c6687d65e9d882c8841f0fd",
			"slotId": "TacticalVest"
		},
		{
			"_id": "I33102584641570618FHWjod",
			"_tpl": "59d6088586f774275f37482f",
			"parentId": "5c6687d65e9d882c8841f0fd",
			"slotId": "FirstPrimaryWeapon"
		},
		{
			"_id": "I331025856411961414pKjaw",
			"_tpl": "59d64ec286f774171d1e0a42",
			"parentId": "I33102584641570618FHWjod",
			"slotId": "mod_gas_block"
		},
		{
			"_id": "I331025826164896288V43Hp",
			"_tpl": "59d64fc686f774171b243fe2",
			"parentId": "I33102584641570618FHWjod",
			"slotId": "mod_muzzle"
		},
		{
			"_id": "I33102582051809585wTNRb2",
			"_tpl": "59e62cc886f77440d40b52a1",
			"parentId": "I33102584641570618FHWjod",
			"slotId": "mod_pistol_grip"
		},
		{
			"_id": "I33102586141178855FgPvfC",
			"_tpl": "59d650cf86f7741b846413a4",
			"parentId": "I33102584641570618FHWjod",
			"slotId": "mod_sight_rear",
			"upd": {
				"Sight": {
					"SelectedSightMode": 0
				}
			}
		},
		{
			"_id": "MagazineWeaponScav9320",
			"_tpl": "59d6272486f77466146386ff",
			"parentId": "I33102584641570618FHWjod",
			"slotId": "mod_magazine"
		},
		{
			"_id": "AmmoMag11629",
			"_tpl": "59e4d3d286f774176a36250a",
			"parentId": "MagazineWeaponScav9320",
			"slotId": "cartridges",
			"upd": {
				"StackObjectsCount": 30
			}
		},
		{
			"_id": "I33102581044949019HeWFdR",
			"_tpl": "59d64f2f86f77417193ef8b3",
			"parentId": "I331025856411961414pKjaw",
			"slotId": "mod_handguard"
		},
		{
			"_id": "FuckYouUnlimitedAmmo680225",
			"_tpl": "5857a8bc2459772bad15db29",
			"parentId": "5c6687d65e9d882c8841f0fd",
			"slotId": "SecuredContainer"
		},
		{
			"_id": "iHateThatShit904270",
			"_tpl": "59e4d3d286f774176a36250a",
			"parentId": "FuckYouUnlimitedAmmo680225",
			"slotId": "main",
			"upd": {
				"StackObjectsCount": 60
			}
		},
		{
			"_id": "iHateThatShit614882",
			"_tpl": "59e4d24686f7741776641ac7",
			"parentId": "FuckYouUnlimitedAmmo680225",
			"slotId": "main",
			"upd": {
				"StackObjectsCount": 60
			}
		},
		{
			"_id": "iHateThatShit731373",
			"_tpl": "59e0d99486f7744a32234762",
			"parentId": "FuckYouUnlimitedAmmo680225",
			"slotId": "main",
			"upd": {
				"StackObjectsCount": 60
			}
		},
		{
			"_id": "iHateThatShit504772",
			"_tpl": "59e4d3d286f774176a36250a",
			"parentId": "FuckYouUnlimitedAmmo680225",
			"slotId": "main",
			"upd": {
				"StackObjectsCount": 60
			}
		},
		{
			"_id": "iHateThatShit815435",
			"_tpl": "5656d7c34bdc2d9d198b4587",
			"parentId": "FuckYouUnlimitedAmmo680225",
			"slotId": "main",
			"upd": {
				"StackObjectsCount": 60
			}
		},
		{
			"_id": "iHateThatShit841334",
			"_tpl": "59e4d3d286f774176a36250a",
			"parentId": "FuckYouUnlimitedAmmo680225",
			"slotId": "main",
			"upd": {
				"StackObjectsCount": 60
			}
		},
		{
			"_id": "iHateThatShit943913",
			"_tpl": "59e4d24686f7741776641ac7",
			"parentId": "FuckYouUnlimitedAmmo680225",
			"slotId": "main",
			"upd": {
				"StackObjectsCount": 60
			}
		},
		{
			"_id": "iHateThatShit942429",
			"_tpl": "59e0d99486f7744a32234762",
			"parentId": "FuckYouUnlimitedAmmo680225",
			"slotId": "main",
			"upd": {
				"StackObjectsCount": 60
			}
		},
		{
			"_id": "iHateThatShit579953",
			"_tpl": "59e4cf5286f7741778269d8a",
			"parentId": "FuckYouUnlimitedAmmo680225",
			"slotId": "main",
			"upd": {
				"StackObjectsCount": 60
			}
		},
		{
			"_id": "mag3Vest52549",
			"_tpl": "5cfe8010d7ad1a59283b14c6",
			"parentId": "TacticalVest946005",
			"slotId": "6",
			"location": {
				"x": 0,
				"y": 0,
				"r": "Horizontal"
			}
		},
		{
			"_id": "AmmoMag3Vest147957",
			"_tpl": "59e0d99486f7744a32234762",
			"parentId": "mag3Vest52549",
			"slotId": "cartridges",
			"upd": {
				"StackObjectsCount": 50
			}
		},
		{
			"_id": "StackAmmo25444183159",
			"_tpl": "59e0d99486f7744a32234762",
			"parentId": "TacticalVest946005",
			"slotId": "1",
			"upd": {
				"StackObjectsCount": 49
			}
		},
		{
			"_id": "StackAmmo63452882862",
			"_tpl": "5656d7c34bdc2d9d198b4587",
			"parentId": "TacticalVest946005",
			"slotId": "8",
			"upd": {
				"StackObjectsCount": 21
			}
		},
		{
			"_id": "Scabbard723131",
			"_tpl": "54491bb74bdc2d09088b4567",
			"parentId": "5c6687d65e9d882c8841f0fd",
			"slotId": "Scabbard"
		},
		{
			"_id": "Pocket_332667",
			"_tpl": "544fb3f34bdc2d03748b456a",
			"parentId": "5c6687d65e9d882c8841f121",
			"slotId": "pocket1",
			"location": {
				"x": 0,
				"y": 0,
				"r": "Horizontal"
			},
			"upd": {
				"SpawnedInSession": true
			}
		}
	],
	"equipment": "5c6687d65e9d882c8841f0fd",
	"stash": "5c6687d65e9d882c8841f0fc",
	"questRaidItems": "5c6687d65e9d882c8841f0fe",
	"questStashItems": "5c6687d65e9d882c8841f0ff",
	"fastPanel": {}
}