{
	"items": [
		{
			"_id": "5c6687d65e9d882c8841f0fd",
			"_tpl": "55d7217a4bdc2d86028b456d"
		},
		{
			"_id": "5c6687d65e9d882c8841f121",
			"_tpl": "557ffd194bdc2d28148b457f",
			"parentId": "5c6687d65e9d882c8841f0fd",
			"slotId": "Pockets"
		},
		{
			"_id": "5c6687d65e9d882c8841f0fc",
			"_tpl": "566abbc34bdc2d92178b4576"
		},
		{
			"_id": "5c6687d65e9d882c8841f0ff",
			"_tpl": "5963866b86f7747bfa1c4462"
		},
		{
			"_id": "5c6687d65e9d882c8841f0fe",
			"_tpl": "5963866286f7747bf429b572"
		},
		{
			"_id": "TacticalVest934916",
			"_tpl": "5d5d85c586f774279a21cbdb",
			"parentId": "5c6687d65e9d882c8841f0fd",
			"slotId": "TacticalVest"
		},
		{
			"_id": "I21005274461938734znOLW3",
			"_tpl": "5b0bbe4e5acfc40dc528a72d",
			"parentId": "5c6687d65e9d882c8841f0fd",
			"slotId": "FirstPrimaryWeapon"
		},
		{
			"_id": "I21005278821303683xvK7Dy",
			"_tpl": "5b099b965acfc400186331e6",
			"parentId": "I21005274461938734znOLW3",
			"slotId": "mod_pistol_grip"
		},
		{
			"_id": "MagazineWeaponScav9610",
			"_tpl": "5b7bef1e5acfc43d82528402",
			"parentId": "I21005274461938734znOLW3",
			"slotId": "mod_magazine"
		},
		{
			"_id": "AmmoMag17659",
			"_tpl": "5a608bf24f39f98ffc77720e",
			"parentId": "MagazineWeaponScav9610",
			"slotId": "cartridges",
			"upd": {
				"StackObjectsCount": 10
			}
		},
		{
			"_id": "I210052717339992548pa5z0",
			"_tpl": "5b099a9d5acfc47a8607efe7",
			"parentId": "I21005274461938734znOLW3",
			"slotId": "mod_handguard"
		},
		{
			"_id": "I21005277344600972okJxxH",
			"_tpl": "5b099a765acfc47a8607efe3",
			"parentId": "I21005274461938734znOLW3",
			"slotId": "mod_barrel"
		},
		{
			"_id": "I210052737448575230C6461",
			"_tpl": "5b0bc22d5acfc47a8607f085",
			"parentId": "I21005274461938734znOLW3",
			"slotId": "mod_sight_rear",
			"upd": {
				"Sight": {
					"SelectedSightMode": 0
				}
			}
		},
		{
			"_id": "I21005278451412674OC482D",
			"_tpl": "5b7d63cf5acfc4001876c8df",
			"parentId": "I21005274461938734znOLW3",
			"slotId": "mod_stock"
		},
		{
			"_id": "I21005279695471751vzzkvq",
			"_tpl": "5b099b7d5acfc400186331e4",
			"parentId": "I21005277344600972okJxxH",
			"slotId": "mod_muzzle"
		},
		{
			"_id": "FuckYouUnlimitedAmmo660988",
			"_tpl": "5857a8bc2459772bad15db29",
			"parentId": "5c6687d65e9d882c8841f0fd",
			"slotId": "SecuredContainer"
		},
		{
			"_id": "iHateThatShit268012",
			"_tpl": "58dd3ad986f77403051cba8f",
			"parentId": "FuckYouUnlimitedAmmo660988",
			"slotId": "main",
			"upd": {
				"StackObjectsCount": 60
			}
		},
		{
			"_id": "iHateThatShit531627",
			"_tpl": "5e023e6e34d52a55c3304f71",
			"parentId": "FuckYouUnlimitedAmmo660988",
			"slotId": "main",
			"upd": {
				"StackObjectsCount": 60
			}
		},
		{
			"_id": "iHateThatShit644755",
			"_tpl": "5e023e6e34d52a55c3304f71",
			"parentId": "FuckYouUnlimitedAmmo660988",
			"slotId": "main",
			"upd": {
				"StackObjectsCount": 60
			}
		},
		{
			"_id": "iHateThatShit623214",
			"_tpl": "5a608bf24f39f98ffc77720e",
			"parentId": "FuckYouUnlimitedAmmo660988",
			"slotId": "main",
			"upd": {
				"StackObjectsCount": 60
			}
		},
		{
			"_id": "iHateThatShit202951",
			"_tpl": "5e023e6e34d52a55c3304f71",
			"parentId": "FuckYouUnlimitedAmmo660988",
			"slotId": "main",
			"upd": {
				"StackObjectsCount": 60
			}
		},
		{
			"_id": "iHateThatShit44496",
			"_tpl": "58dd3ad986f77403051cba8f",
			"parentId": "FuckYouUnlimitedAmmo660988",
			"slotId": "main",
			"upd": {
				"StackObjectsCount": 60
			}
		},
		{
			"_id": "iHateThatShit686921",
			"_tpl": "5e023e6e34d52a55c3304f71",
			"parentId": "FuckYouUnlimitedAmmo660988",
			"slotId": "main",
			"upd": {
				"StackObjectsCount": 60
			}
		},
		{
			"_id": "iHateThatShit50626",
			"_tpl": "5a608bf24f39f98ffc77720e",
			"parentId": "FuckYouUnlimitedAmmo660988",
			"slotId": "main",
			"upd": {
				"StackObjectsCount": 60
			}
		},
		{
			"_id": "iHateThatShit58450",
			"_tpl": "5a608bf24f39f98ffc77720e",
			"parentId": "FuckYouUnlimitedAmmo660988",
			"slotId": "main",
			"upd": {
				"StackObjectsCount": 60
			}
		},
		{
			"_id": "mag0Vest614694",
			"_tpl": "5b7bef1e5acfc43d82528402",
			"parentId": "TacticalVest934916",
			"slotId": "1",
			"location": {
				"x": 0,
				"y": 0,
				"r": "Horizontal"
			}
		},
		{
			"_id": "AmmoMag0Vest683480",
			"_tpl": "5e023e88277cce2b522ff2b1",
			"parentId": "mag0Vest614694",
			"slotId": "cartridges",
			"upd": {
				"StackObjectsCount": 10
			}
		},
		{
			"_id": "mag0Vest659513",
			"_tpl": "5b7bef1e5acfc43d82528402",
			"parentId": "TacticalVest934916",
			"slotId": "1",
			"location": {
				"x": 0,
				"y": 1,
				"r": "Horizontal"
			}
		},
		{
			"_id": "AmmoMag0Vest637699",
			"_tpl": "5e023e88277cce2b522ff2b1",
			"parentId": "mag0Vest659513",
			"slotId": "cartridges",
			"upd": {
				"StackObjectsCount": 10
			}
		},
		{
			"_id": "mag1Vest450130",
			"_tpl": "5b7bef1e5acfc43d82528402",
			"parentId": "TacticalVest934916",
			"slotId": "3",
			"location": {
				"x": 0,
				"y": 0,
				"r": "Horizontal"
			}
		},
		{
			"_id": "AmmoMag1Vest239774",
			"_tpl": "5a6086ea4f39f99cd479502f",
			"parentId": "mag1Vest450130",
			"slotId": "cartridges",
			"upd": {
				"StackObjectsCount": 10
			}
		},
		{
			"_id": "mag2Vest729393",
			"_tpl": "5b7bef1e5acfc43d82528402",
			"parentId": "TacticalVest934916",
			"slotId": "5",
			"location": {
				"x": 0,
				"y": 1,
				"r": "Horizontal"
			}
		},
		{
			"_id": "AmmoMag2Vest469073",
			"_tpl": "5a608bf24f39f98ffc77720e",
			"parentId": "mag2Vest729393",
			"slotId": "cartridges",
			"upd": {
				"StackObjectsCount": 10
			}
		},
		{
			"_id": "StackAmmo56998823781",
			"_tpl": "5e023e88277cce2b522ff2b1",
			"parentId": "TacticalVest934916",
			"slotId": "10",
			"upd": {
				"StackObjectsCount": 29
			}
		},
		{
			"_id": "Scabbard23171",
			"_tpl": "57e26fc7245977162a14b800",
			"parentId": "5c6687d65e9d882c8841f0fd",
			"slotId": "Scabbard"
		},
		{
			"_id": "Headwear106603",
			"_tpl": "5e01ef6886f77445f643baa4",
			"parentId": "5c6687d65e9d882c8841f0fd",
			"slotId": "Headwear"
		}
	],
	"equipment": "5c6687d65e9d882c8841f0fd",
	"stash": "5c6687d65e9d882c8841f0fc",
	"questRaidItems": "5c6687d65e9d882c8841f0fe",
	"questStashItems": "5c6687d65e9d882c8841f0ff",
	"fastPanel": {}
}