{
	"items": [
		{
			"_id": "5c6687d65e9d882c8841f0fd",
			"_tpl": "55d7217a4bdc2d86028b456d"
		},
		{
			"_id": "5c6687d65e9d882c8841f121",
			"_tpl": "557ffd194bdc2d28148b457f",
			"parentId": "5c6687d65e9d882c8841f0fd",
			"slotId": "Pockets"
		},
		{
			"_id": "5c6687d65e9d882c8841f0fc",
			"_tpl": "566abbc34bdc2d92178b4576"
		},
		{
			"_id": "5c6687d65e9d882c8841f0ff",
			"_tpl": "5963866b86f7747bfa1c4462"
		},
		{
			"_id": "5c6687d65e9d882c8841f0fe",
			"_tpl": "5963866286f7747bf429b572"
		},
		{
			"_id": "TacticalVest523314",
			"_tpl": "5648a69d4bdc2ded0b8b457b",
			"parentId": "5c6687d65e9d882c8841f0fd",
			"slotId": "TacticalVest"
		},
		{
			"_id": "I210012489142044917LZKf8",
			"_tpl": "5c46fbd72e2216398b5a8c9c",
			"parentId": "5c6687d65e9d882c8841f0fd",
			"slotId": "FirstPrimaryWeapon"
		},
		{
			"_id": "I210012485846391148VV2AU",
			"_tpl": "5c471be12e221602b66cd9ac",
			"parentId": "I210012489142044917LZKf8",
			"slotId": "mod_pistol_grip"
		},
		{
			"_id": "MagazineWeaponScav5445",
			"_tpl": "5c88f24b2e22160bc12c69a6",
			"parentId": "I210012489142044917LZKf8",
			"slotId": "mod_magazine"
		},
		{
			"_id": "AmmoMag1932",
			"_tpl": "5e023d34e8a400319a28ed44",
			"parentId": "MagazineWeaponScav5445",
			"slotId": "cartridges",
			"upd": {
				"StackObjectsCount": 20
			}
		},
		{
			"_id": "I210012483427956684eRPqv",
			"_tpl": "5c471b5d2e221602b21d4e14",
			"parentId": "I210012489142044917LZKf8",
			"slotId": "mod_stock"
		},
		{
			"_id": "I2100124849072296905iXSa",
			"_tpl": "5c471cb32e221602b177afaa",
			"parentId": "I210012489142044917LZKf8",
			"slotId": "mod_barrel"
		},
		{
			"_id": "I210012488006262411wvHMV",
			"_tpl": "5c471c2d2e22164bef5d077f",
			"parentId": "I210012489142044917LZKf8",
			"slotId": "mod_mount_001"
		},
		{
			"_id": "I210012487401403888mKyVc",
			"_tpl": "5c471bd12e221602b4129c3a",
			"parentId": "I210012489142044917LZKf8",
			"slotId": "mod_reciever"
		},
		{
			"_id": "I210012487949708602ImTzH",
			"_tpl": "5c471bfc2e221602b21d4e17",
			"parentId": "I2100124849072296905iXSa",
			"slotId": "mod_muzzle"
		},
		{
			"_id": "I210012482020952631a37vN",
			"_tpl": "5c471c842e221615214259b5",
			"parentId": "I2100124849072296905iXSa",
			"slotId": "mod_gas_block"
		},
		{
			"_id": "I210012489020313610a51fp",
			"_tpl": "5c471c6c2e221602b66cd9ae",
			"parentId": "I210012488006262411wvHMV",
			"slotId": "mod_handguard"
		},
		{
			"_id": "I210012481313554660DjPCF",
			"_tpl": "5c471b7e2e2216152006e46c",
			"parentId": "I210012488006262411wvHMV",
			"slotId": "mod_sight_rear",
			"upd": {
				"Sight": {
					"SelectedSightMode": 0
				}
			}
		},
		{
			"_id": "I210012485847750105eKuEN",
			"_tpl": "5c471ba12e221602b3137d76",
			"parentId": "I210012487949708602ImTzH",
			"slotId": "mod_sight_front",
			"upd": {
				"Sight": {
					"SelectedSightMode": 0
				}
			}
		},
		{
			"_id": "FuckYouUnlimitedAmmo201351",
			"_tpl": "5857a8bc2459772bad15db29",
			"parentId": "5c6687d65e9d882c8841f0fd",
			"slotId": "SecuredContainer"
		},
		{
			"_id": "iHateThatShit618463",
			"_tpl": "5e023cf8186a883be655e54f",
			"parentId": "FuckYouUnlimitedAmmo201351",
			"slotId": "main",
			"upd": {
				"StackObjectsCount": 60
			}
		},
		{
			"_id": "iHateThatShit214539",
			"_tpl": "560d61e84bdc2da74d8b4571",
			"parentId": "FuckYouUnlimitedAmmo201351",
			"slotId": "main",
			"upd": {
				"StackObjectsCount": 60
			}
		},
		{
			"_id": "iHateThatShit328884",
			"_tpl": "560d61e84bdc2da74d8b4571",
			"parentId": "FuckYouUnlimitedAmmo201351",
			"slotId": "main",
			"upd": {
				"StackObjectsCount": 60
			}
		},
		{
			"_id": "iHateThatShit939731",
			"_tpl": "560d61e84bdc2da74d8b4571",
			"parentId": "FuckYouUnlimitedAmmo201351",
			"slotId": "main",
			"upd": {
				"StackObjectsCount": 60
			}
		},
		{
			"_id": "iHateThatShit845433",
			"_tpl": "5e023d34e8a400319a28ed44",
			"parentId": "FuckYouUnlimitedAmmo201351",
			"slotId": "main",
			"upd": {
				"StackObjectsCount": 60
			}
		},
		{
			"_id": "iHateThatShit441317",
			"_tpl": "59e77a2386f7742ee578960a",
			"parentId": "FuckYouUnlimitedAmmo201351",
			"slotId": "main",
			"upd": {
				"StackObjectsCount": 60
			}
		},
		{
			"_id": "iHateThatShit390439",
			"_tpl": "5e023d48186a883be655e551",
			"parentId": "FuckYouUnlimitedAmmo201351",
			"slotId": "main",
			"upd": {
				"StackObjectsCount": 60
			}
		},
		{
			"_id": "iHateThatShit313349",
			"_tpl": "5e023d34e8a400319a28ed44",
			"parentId": "FuckYouUnlimitedAmmo201351",
			"slotId": "main",
			"upd": {
				"StackObjectsCount": 60
			}
		},
		{
			"_id": "iHateThatShit623012",
			"_tpl": "5e023cf8186a883be655e54f",
			"parentId": "FuckYouUnlimitedAmmo201351",
			"slotId": "main",
			"upd": {
				"StackObjectsCount": 60
			}
		},
		{
			"_id": "mag2Vest59029",
			"_tpl": "5c88f24b2e22160bc12c69a6",
			"parentId": "TacticalVest523314",
			"slotId": "3",
			"location": {
				"x": 0,
				"y": 0,
				"r": "Horizontal"
			}
		},
		{
			"_id": "AmmoMag2Vest330807",
			"_tpl": "560d61e84bdc2da74d8b4571",
			"parentId": "mag2Vest59029",
			"slotId": "cartridges",
			"upd": {
				"StackObjectsCount": 20
			}
		},
		{
			"_id": "mag4Vest338665",
			"_tpl": "5c88f24b2e22160bc12c69a6",
			"parentId": "TacticalVest523314",
			"slotId": "11",
			"location": {
				"x": 0,
				"y": 0,
				"r": "Horizontal"
			}
		},
		{
			"_id": "AmmoMag4Vest469337",
			"_tpl": "59e77a2386f7742ee578960a",
			"parentId": "mag4Vest338665",
			"slotId": "cartridges",
			"upd": {
				"StackObjectsCount": 20
			}
		},
		{
			"_id": "mag0Vest653071",
			"_tpl": "5c88f24b2e22160bc12c69a6",
			"parentId": "TacticalVest523314",
			"slotId": "5",
			"location": {
				"x": 0,
				"y": 0,
				"r": "Horizontal"
			}
		},
		{
			"_id": "AmmoMag0Vest142905",
			"_tpl": "5e023cf8186a883be655e54f",
			"parentId": "mag0Vest653071",
			"slotId": "cartridges",
			"upd": {
				"StackObjectsCount": 20
			}
		},
		{
			"_id": "StackAmmo52199196036",
			"_tpl": "5887431f2459777e1612938f",
			"parentId": "TacticalVest523314",
			"slotId": "6",
			"upd": {
				"StackObjectsCount": 32
			}
		},
		{
			"_id": "StackAmmo38399198135",
			"_tpl": "5e023d48186a883be655e551",
			"parentId": "TacticalVest523314",
			"slotId": "8",
			"upd": {
				"StackObjectsCount": 24
			}
		},
		{
			"_id": "Scabbard491957",
			"_tpl": "57e26fc7245977162a14b800",
			"parentId": "5c6687d65e9d882c8841f0fd",
			"slotId": "Scabbard"
		},
		{
			"_id": "Eyewear708620",
			"_tpl": "5c1a1cc52e221602b3136e3d",
			"parentId": "5c6687d65e9d882c8841f0fd",
			"slotId": "Eyewear"
		},
		{
			"_id": "FaceCover239189",
			"_tpl": "5e54f76986f7740366043752",
			"parentId": "5c6687d65e9d882c8841f0fd",
			"slotId": "FaceCover"
		},
		{
			"_id": "Pocket_61173",
			"_tpl": "5734773724597737fd047c14",
			"parentId": "5c6687d65e9d882c8841f121",
			"slotId": "pocket1",
			"location": {
				"x": 0,
				"y": 0,
				"r": "Horizontal"
			},
			"upd": {
				"SpawnedInSession": true
			}
		},
		{
			"_id": "Pocket_663458",
			"_tpl": "590c2d8786f774245b1f03f3",
			"parentId": "5c6687d65e9d882c8841f121",
			"slotId": "pocket2",
			"location": {
				"x": 0,
				"y": 0,
				"r": "Horizontal"
			},
			"upd": {
				"SpawnedInSession": true
			}
		},
		{
			"_id": "Pocket_713671",
			"_tpl": "5bc9c29cd4351e003562b8a3",
			"parentId": "5c6687d65e9d882c8841f121",
			"slotId": "pocket3",
			"location": {
				"x": 0,
				"y": 0,
				"r": "Horizontal"
			},
			"upd": {
				"SpawnedInSession": true
			}
		}
	],
	"equipment": "5c6687d65e9d882c8841f0fd",
	"stash": "5c6687d65e9d882c8841f0fc",
	"questRaidItems": "5c6687d65e9d882c8841f0fe",
	"questStashItems": "5c6687d65e9d882c8841f0ff",
	"fastPanel": {}
}