{
	"items": [
		{
			"_id": "5c6687d65e9d882c8841f0fd",
			"_tpl": "55d7217a4bdc2d86028b456d"
		},
		{
			"_id": "5c6687d65e9d882c8841f121",
			"_tpl": "557ffd194bdc2d28148b457f",
			"parentId": "5c6687d65e9d882c8841f0fd",
			"slotId": "Pockets"
		},
		{
			"_id": "5c6687d65e9d882c8841f0fc",
			"_tpl": "566abbc34bdc2d92178b4576"
		},
		{
			"_id": "5c6687d65e9d882c8841f0ff",
			"_tpl": "5963866b86f7747bfa1c4462"
		},
		{
			"_id": "5c6687d65e9d882c8841f0fe",
			"_tpl": "5963866286f7747bf429b572"
		},
		{
			"_id": "TacticalVest677281",
			"_tpl": "5b44c8ea86f7742d1627baf1",
			"parentId": "5c6687d65e9d882c8841f0fd",
			"slotId": "TacticalVest"
		},
		{
			"_id": "I331040383808603064PeLsD",
			"_tpl": "59e6687d86f77411d949b251",
			"parentId": "5c6687d65e9d882c8841f0fd",
			"slotId": "FirstPrimaryWeapon"
		},
		{
			"_id": "I331040389042886286iohjg",
			"_tpl": "59e649f986f77411d949b246",
			"parentId": "I331040383808603064PeLsD",
			"slotId": "mod_gas_block"
		},
		{
			"_id": "I331040381610056644NKXNw",
			"_tpl": "59e8a00d86f7742ad93b569c",
			"parentId": "I331040383808603064PeLsD",
			"slotId": "mod_muzzle"
		},
		{
			"_id": "I331040382843459499ckFsR",
			"_tpl": "59e6318286f77444dd62c4cc",
			"parentId": "I331040383808603064PeLsD",
			"slotId": "mod_pistol_grip"
		},
		{
			"_id": "I331040388956908351IkMfG",
			"_tpl": "59e6449086f7746c9f75e822",
			"parentId": "I331040383808603064PeLsD",
			"slotId": "mod_reciever"
		},
		{
			"_id": "I3310403821687905285fjaj",
			"_tpl": "59e8977386f77415a553c453",
			"parentId": "I331040383808603064PeLsD",
			"slotId": "mod_sight_rear",
			"upd": {
				"Sight": {
					"SelectedSightMode": 0
				}
			}
		},
		{
			"_id": "MagazineWeaponScav1167",
			"_tpl": "59fafc9386f774067d462453",
			"parentId": "I331040383808603064PeLsD",
			"slotId": "mod_magazine"
		},
		{
			"_id": "AmmoMag1454",
			"_tpl": "59e655cb86f77411dc52a77b",
			"parentId": "MagazineWeaponScav1167",
			"slotId": "cartridges",
			"upd": {
				"StackObjectsCount": 30
			}
		},
		{
			"_id": "I331040381112735457T04Du",
			"_tpl": "59e898ee86f77427614bd225",
			"parentId": "I331040389042886286iohjg",
			"slotId": "mod_handguard"
		},
		{
			"_id": "FuckYouUnlimitedAmmo642380",
			"_tpl": "5857a8bc2459772bad15db29",
			"parentId": "5c6687d65e9d882c8841f0fd",
			"slotId": "SecuredContainer"
		},
		{
			"_id": "iHateThatShit808205",
			"_tpl": "59e6542b86f77411dc52a77a",
			"parentId": "FuckYouUnlimitedAmmo642380",
			"slotId": "main",
			"upd": {
				"StackObjectsCount": 60
			}
		},
		{
			"_id": "iHateThatShit610235",
			"_tpl": "59e655cb86f77411dc52a77b",
			"parentId": "FuckYouUnlimitedAmmo642380",
			"slotId": "main",
			"upd": {
				"StackObjectsCount": 60
			}
		},
		{
			"_id": "iHateThatShit637673",
			"_tpl": "59e6658b86f77411d949b250",
			"parentId": "FuckYouUnlimitedAmmo642380",
			"slotId": "main",
			"upd": {
				"StackObjectsCount": 60
			}
		},
		{
			"_id": "iHateThatShit256232",
			"_tpl": "59e655cb86f77411dc52a77b",
			"parentId": "FuckYouUnlimitedAmmo642380",
			"slotId": "main",
			"upd": {
				"StackObjectsCount": 60
			}
		},
		{
			"_id": "iHateThatShit413801",
			"_tpl": "59e6542b86f77411dc52a77a",
			"parentId": "FuckYouUnlimitedAmmo642380",
			"slotId": "main",
			"upd": {
				"StackObjectsCount": 60
			}
		},
		{
			"_id": "iHateThatShit871677",
			"_tpl": "59e655cb86f77411dc52a77b",
			"parentId": "FuckYouUnlimitedAmmo642380",
			"slotId": "main",
			"upd": {
				"StackObjectsCount": 60
			}
		},
		{
			"_id": "iHateThatShit226527",
			"_tpl": "59e6658b86f77411d949b250",
			"parentId": "FuckYouUnlimitedAmmo642380",
			"slotId": "main",
			"upd": {
				"StackObjectsCount": 60
			}
		},
		{
			"_id": "iHateThatShit225801",
			"_tpl": "59e6658b86f77411d949b250",
			"parentId": "FuckYouUnlimitedAmmo642380",
			"slotId": "main",
			"upd": {
				"StackObjectsCount": 60
			}
		},
		{
			"_id": "iHateThatShit466450",
			"_tpl": "59e655cb86f77411dc52a77b",
			"parentId": "FuckYouUnlimitedAmmo642380",
			"slotId": "main",
			"upd": {
				"StackObjectsCount": 60
			}
		},
		{
			"_id": "mag0Vest455550",
			"_tpl": "59d625f086f774661516605d",
			"parentId": "TacticalVest677281",
			"slotId": "1",
			"location": {
				"x": 0,
				"y": 0,
				"r": "Horizontal"
			}
		},
		{
			"_id": "AmmoMag0Vest346134",
			"_tpl": "59e655cb86f77411dc52a77b",
			"parentId": "mag0Vest455550",
			"slotId": "cartridges",
			"upd": {
				"StackObjectsCount": 30
			}
		},
		{
			"_id": "mag1Vest967671",
			"_tpl": "59d625f086f774661516605d",
			"parentId": "TacticalVest677281",
			"slotId": "3",
			"location": {
				"x": 0,
				"y": 0,
				"r": "Horizontal"
			}
		},
		{
			"_id": "AmmoMag1Vest355159",
			"_tpl": "59e6542b86f77411dc52a77a",
			"parentId": "mag1Vest967671",
			"slotId": "cartridges",
			"upd": {
				"StackObjectsCount": 30
			}
		},
		{
			"_id": "Scabbard812906",
			"_tpl": "57e26fc7245977162a14b800",
			"parentId": "5c6687d65e9d882c8841f0fd",
			"slotId": "Scabbard"
		},
		{
			"_id": "Headwear984529",
			"_tpl": "5b43271c5acfc432ff4dce65",
			"parentId": "5c6687d65e9d882c8841f0fd",
			"slotId": "Headwear"
		},
		{
			"_id": "Pocket_637760",
			"_tpl": "5e2af29386f7746d4159f077",
			"parentId": "5c6687d65e9d882c8841f121",
			"slotId": "pocket1",
			"location": {
				"x": 0,
				"y": 0,
				"r": "Horizontal"
			},
			"upd": {
				"SpawnedInSession": true
			}
		},
		{
			"_id": "Pocket_961284",
			"_tpl": "5d80c78786f774403a401e3e",
			"parentId": "5c6687d65e9d882c8841f121",
			"slotId": "pocket2",
			"location": {
				"x": 0,
				"y": 0,
				"r": "Horizontal"
			},
			"upd": {
				"SpawnedInSession": true
			}
		}
	],
	"equipment": "5c6687d65e9d882c8841f0fd",
	"stash": "5c6687d65e9d882c8841f0fc",
	"questRaidItems": "5c6687d65e9d882c8841f0fe",
	"questStashItems": "5c6687d65e9d882c8841f0ff",
	"fastPanel": {}
}