{
	"_id": "5422acb9af1c889c16000029",
	"_name": "Weapon",
	"_parent": "566162e44bdc2d3f298b4573",
	"_type": "Node",
	"_props": {
		"weapClass": "smg",
		"weapUseType": "primary",
		"ammoCaliber": "Caliber9x18PM",
		"Durability": 100,
		"MaxDurability": 100,
		"OperatingResource": 0,
		"RepairComplexity": 0,
		"durabSpawnMin": 0,
		"durabSpawnMax": 0,
		"isFastReload": false,
		"RecoilForceUp": 50,
		"RecoilForceBack": 100,
		"Convergence": 1,
		"RecoilAngle": 90,
		"weapFireType": [],
		"RecolDispersion": 0,
		"bFirerate": 900,
		"Ergonomics": 10,
		"Velocity": 0,
		"bEffDist": 1,
		"bHearDist": 1,
		"isChamberLoad": true,
		"chamberAmmoCount": 1,
		"isBoltCatch": false,
		"defMagType": "5448bc234bdc2d3c308b4569",
		"defAmmo": "5485a8684bdc2da71d8b4567",
		"shotgunDispersion": 10,
		"Chambers": [],
		"CameraRecoil": -0.5,
		"CameraSnap": 3.5,
		"ReloadMode": "ExternalMagazine",
		"CenterOfImpact": 0.01,
		"AimPlane": 0,
		"DeviationCurve": 1,
		"DeviationMax": 100,
		"Foldable": false,
		"Retractable": false,
		"TacticalReloadStiffnes": {
			"x": 0.95,
			"y": 0.33,
			"z": 0.95
		},
		"TacticalReloadFixation": 0.95,
		"RecoilCenter": {
			"x": 0,
			"y": 0,
			"z": 0
		},
		"RotationCenter": {
			"x": 0,
			"y": 0,
			"z": 0
		},
		"RotationCenterNoStock": {
			"x": 0,
			"y": 0,
			"z": 0
		},
		"MergesWithChildren": true,
		"SizeReduceRight": 0,
		"FoldedSlot": "",
		"CompactHandling": false,
		"SightingRange": 100,
		"MinRepairDegradation": 0,
		"MaxRepairDegradation": 0.01,
		"IronSightRange": 25,
		"MustBoltBeOpennedForExternalReload": false,
		"MustBoltBeOpennedForInternalReload": false,
		"BoltAction": false,
		"HipAccuracyRestorationDelay": 0.2,
		"HipAccuracyRestorationSpeed": 7,
		"HipInnaccuracyGain": 0.16,
		"ManualBoltCatch": false
	}
}