{
	"_id": "543be5664bdc2dd4348b4569",
	"_name": "Meds",
	"_parent": "54009119af1c881c07000029",
	"_type": "Node",
	"_props": {
		"medUseTime": 0,
		"medEffectType": "duringUse",
		"MaxHpResource": 0,
		"hpResourceRate": 0,
		"StimulatorBuffs": "",
		"effects_health": {
			"common": {
				"value": 0,
				"percent": false,
				"time": 0,
				"duration": 0
			},
			"head": {
				"value": 0,
				"percent": false,
				"time": 0,
				"duration": 0
			},
			"arm_left": {
				"value": 0,
				"percent": false,
				"time": 0,
				"duration": 0
			},
			"arm_right": {
				"value": 0,
				"percent": false,
				"time": 0,
				"duration": 0
			},
			"chest": {
				"value": 0,
				"percent": false,
				"time": 0,
				"duration": 0
			},
			"tummy": {
				"value": 0,
				"percent": false,
				"time": 0,
				"duration": 0
			},
			"leg_left": {
				"value": 0,
				"percent": false,
				"time": 0,
				"duration": 0
			},
			"leg_right": {
				"value": 0,
				"percent": false,
				"time": 0,
				"duration": 0
			},
			"energy": {
				"value": 0,
				"percent": false,
				"time": 0,
				"duration": 0
			},
			"hydration": {
				"value": 0,
				"percent": false,
				"time": 0,
				"duration": 0
			}
		},
		"effects_damage": {
			"bloodloss": {
				"remove": false,
				"time": 0,
				"duration": 0,
				"fadeOut": 0,
				"cost": 0
			},
			"fracture": {
				"remove": false,
				"time": 0,
				"duration": 0,
				"fadeOut": 0,
				"cost": 0
			},
			"pain": {
				"remove": false,
				"time": 0,
				"duration": 0,
				"fadeOut": 0,
				"cost": 0
			},
			"contusion": {
				"remove": false,
				"time": 0,
				"duration": 0,
				"fadeOut": 0,
				"cost": 0
			},
			"toxication": {
				"remove": false,
				"time": 0,
				"duration": 0,
				"fadeOut": 0,
				"cost": 0
			},
			"radExposure": {
				"remove": false,
				"time": 0,
				"duration": 0,
				"fadeOut": 0,
				"cost": 0
			}
		}
	}
}