{
	"_id": "5447e1d04bdc2dff2f8b4567",
	"_name": "Knife",
	"_parent": "54009119af1c881c07000029",
	"_type": "Node",
	"_props": {
		"Name": "Item",
		"ShortName": "Item",
		"Description": "Item",
		"Weight": 0,
		"BackgroundColor": "blue",
		"Width": 1,
		"Height": 1,
		"StackMaxSize": 1,
		"Rarity": "Common",
		"SpawnChance": 50,
		"CreditsPrice": 100,
		"ItemSound": "generic",
		"Prefab": {
			"path": "",
			"rcid": ""
		},
		"UsePrefab": {
			"path": "",
			"rcid": ""
		},
		"StackObjectsCount": 1,
		"NotShownInSlot": false,
		"ExaminedByDefault": true,
		"ExamineTime": 1,
		"IsUndiscardable": false,
		"IsUnsaleable": false,
		"IsUnbuyable": false,
		"IsUngivable": false,
		"IsLockedafterEquip": false,
		"QuestItem": false,
		"LootExperience": 20,
		"ExamineExperience": 10,
		"HideEntrails": false,
		"RepairCost": 0,
		"RepairSpeed": 0,
		"ExtraSizeLeft": 0,
		"ExtraSizeRight": 0,
		"ExtraSizeUp": 0,
		"ExtraSizeDown": 0,
		"ExtraSizeForceAdd": false,
		"MergesWithChildren": false,
		"CanSellOnRagfair": true,
		"CanRequireOnRagfair": true,
		"BannedFromRagfair": false,
		"ConflictingItems": [],
		"FixedPrice": false,
		"Unlootable": true,
		"UnlootableFromSlot": "Scabbard",
		"UnlootableFromSide": [
			"Bear",
			"Usec"
		],
		"ChangePriceCoef": 1,
		"AllowSpawnOnLocations": [],
		"SendToClient": false,
		"AnimationVariantsNumber": 0,
		"DiscardingBlock": false,
		"knifeHitDelay": 0,
		"knifeHitSlashRate": 0,
		"knifeHitStabRate": 0,
		"knifeHitRadius": 0,
		"knifeHitSlashDam": 0,
		"knifeHitStabDam": 0,
		"knifeDurab": 0,
		"Durability": 0,
		"MaxDurability": 0,
		"PrimaryDistance": 1,
		"SecondryDistance": 1,
		"SlashPenetration": 5,
		"StabPenetration": 10,
		"MinRepairDegradation": 0,
		"MaxRepairDegradation": 0.01,
		"PrimaryConsumption": 6,
		"SecondryConsumption": 8,
		"DeflectionConsumption": 3
	}
}