{
	"_id": "5447ac644bdc2d6c208b4567",
	"_name": "ammo_box_556x45_xx_m193ball",
	"_parent": "543be5cb4bdc2deb348b4568",
	"_type": "Item",
	"_props": {
		"Name": "ammo_box_556x45_xx_m193ball",
		"ShortName": "ammo_box_556x45_xx_m193ball",
		"Description": "ammo_box_556x45_xx_m193ball",
		"Weight": 0,
		"BackgroundColor": "yellow",
		"Width": 1,
		"Height": 1,
		"StackMaxSize": 1,
		"Rarity": "Common",
		"SpawnChance": 10,
		"CreditsPrice": 1,
		"ItemSound": "ammo_pack_generic",
		"Prefab": {
			"path": "assets/content/items/ammo/boxes/item_ammo_box_9x18pm_16_civil.bundle",
			"rcid": ""
		},
		"UsePrefab": {
			"path": "",
			"rcid": ""
		},
		"StackObjectsCount": 1,
		"NotShownInSlot": false,
		"ExaminedByDefault": true,
		"ExamineTime": 1,
		"IsUndiscardable": false,
		"IsUnsaleable": false,
		"IsUnbuyable": false,
		"IsUngivable": false,
		"IsLockedafterEquip": false,
		"QuestItem": false,
		"LootExperience": 0,
		"ExamineExperience": 10,
		"HideEntrails": true,
		"RepairCost": 0,
		"RepairSpeed": 0,
		"ExtraSizeLeft": 0,
		"ExtraSizeRight": 0,
		"ExtraSizeUp": 0,
		"ExtraSizeDown": 0,
		"ExtraSizeForceAdd": false,
		"MergesWithChildren": false,
		"CanSellOnRagfair": true,
		"CanRequireOnRagfair": true,
		"BannedFromRagfair": false,
		"ConflictingItems": [],
		"FixedPrice": false,
		"Unlootable": false,
		"UnlootableFromSlot": "FirstPrimaryWeapon",
		"UnlootableFromSide": [],
		"ChangePriceCoef": 1,
		"AllowSpawnOnLocations": [],
		"SendToClient": false,
		"AnimationVariantsNumber": 0,
		"DiscardingBlock": false,
		"StackMinRandom": 30,
		"StackMaxRandom": 30,
		"ammoCaliber": "Caliber556x45NATO",
		"StackSlots": [
			{
				"_name": "cartridges",
				"_id": "574d57d5245977459805ee34",
				"_parent": "5447ac644bdc2d6c208b4567",
				"_max_count": 30,
				"_props": {
					"filters": [
						{
							"Filter": [
								"54527a984bdc2d4e668b4567"
							]
						}
					]
				},
				"_proto": "5748538b2459770af276a261"
			}
		]
	}
}