{
	"_id": "5448c12b4bdc2d02308b456f",
	"_name": "mag_pm_izhmeh_9x18pm_8",
	"_parent": "5448bc234bdc2d3c308b4569",
	"_type": "Item",
	"_props": {
		"Name": "Магазин 90-93 9х18ПМ для ПМ на 8 патронов",
		"ShortName": "9х18ПМ 90-93",
		"Description": "8-ми зарядный стандартный магазин 90-93 для пистолета ПМ производства Ижмех. Имеет окно на боковой стороне для контроля количества боеприпасов.",
		"Weight": 0,
		"BackgroundColor": "yellow",
		"Width": 1,
		"Height": 1,
		"StackMaxSize": 1,
		"Rarity": "Common",
		"SpawnChance": 15,
		"CreditsPrice": 940,
		"ItemSound": "magazine_metal",
		"Prefab": {
			"path": "assets/content/items/mods/magazines/mag_pm_izhmeh_9x18pm_8.bundle",
			"rcid": ""
		},
		"UsePrefab": {
			"path": "",
			"rcid": ""
		},
		"StackObjectsCount": 1,
		"NotShownInSlot": false,
		"ExaminedByDefault": true,
		"ExamineTime": 1,
		"IsUndiscardable": false,
		"IsUnsaleable": false,
		"IsUnbuyable": false,
		"IsUngivable": false,
		"IsLockedafterEquip": false,
		"QuestItem": false,
		"LootExperience": 10,
		"ExamineExperience": 2,
		"HideEntrails": false,
		"RepairCost": 0,
		"RepairSpeed": 0,
		"ExtraSizeLeft": 0,
		"ExtraSizeRight": 0,
		"ExtraSizeUp": 0,
		"ExtraSizeDown": 0,
		"ExtraSizeForceAdd": false,
		"MergesWithChildren": true,
		"CanSellOnRagfair": true,
		"CanRequireOnRagfair": true,
		"BannedFromRagfair": false,
		"ConflictingItems": [],
		"FixedPrice": false,
		"Unlootable": false,
		"UnlootableFromSlot": "FirstPrimaryWeapon",
		"UnlootableFromSide": [],
		"ChangePriceCoef": 1,
		"AllowSpawnOnLocations": [],
		"SendToClient": false,
		"AnimationVariantsNumber": 0,
		"DiscardingBlock": false,
		"Grids": [],
		"Slots": [],
		"CanPutIntoDuringTheRaid": true,
		"CantRemoveFromSlotsDuringRaid": [],
		"Durability": 100,
		"Accuracy": 0,
		"Recoil": 0,
		"Loudness": 0,
		"EffectiveDistance": 0,
		"Ergonomics": 0,
		"Velocity": 0,
		"RaidModdable": true,
		"ToolModdable": false,
		"BlocksFolding": false,
		"BlocksCollapsible": false,
		"IsAnimated": false,
		"HasShoulderContact": false,
		"SightingRange": 0,
		"magAnimationIndex": 0,
		"Cartridges": [
			{
				"_name": "cartridges",
				"_id": "57487eee2459771f6c4d9724",
				"_parent": "5448c12b4bdc2d02308b456f",
				"_max_count": 8,
				"_props": {
					"filters": [
						{
							"Filter": [
								"573718ba2459775a75491131",
								"573719df2459775a626ccbc2",
								"57371aab2459775a77142f22",
								"57371b192459775a9f58a5e0",
								"57371e4124597760ff7b25f1",
								"57371eb62459776125652ac1",
								"57371f8d24597761006c6a81",
								"5737201124597760fc4431f1",
								"5737207f24597760ff7b25f2",
								"57371f2b24597761224311f1",
								"573719762459775a626ccbc1",
								"573720e02459776143012541",
								"57372140245977611f70ee91",
								"5737218f245977612125ba51"
							]
						}
					]
				},
				"_proto": "5748538b2459770af276a261"
			}
		],
		"CanFast": true,
		"CanHit": false,
		"CanAdmin": false,
		"LoadUnloadModifier": -20,
		"CheckTimeModifier": -20,
		"CheckOverride": 1,
		"ReloadMagType": "ExternalMagazine",
		"VisibleAmmoRangesString": "1-1;4-8"
	}
}