{
	"_id": "54491bb74bdc2d09088b4567",
	"_name": "ER Bayonet",
	"_parent": "5447e1d04bdc2dff2f8b4567",
	"_type": "Item",
	"_props": {
		"Name": "ER Bayonet",
		"ShortName": "ER Bayonet",
		"Description": "",
		"Weight": 0,
		"BackgroundColor": "grey",
		"Width": 2,
		"Height": 1,
		"StackMaxSize": 1,
		"Rarity": "Superrare",
		"SpawnChance": 5,
		"CreditsPrice": 17100,
		"ItemSound": "knife_generic",
		"Prefab": {
			"path": "assets/content/weapons/fulcrum/weapon_extrema_ratio_fulcrum_container.bundle",
			"rcid": ""
		},
		"UsePrefab": {
			"path": "",
			"rcid": ""
		},
		"StackObjectsCount": 1,
		"NotShownInSlot": false,
		"ExaminedByDefault": true,
		"ExamineTime": 1,
		"IsUndiscardable": false,
		"IsUnsaleable": false,
		"IsUnbuyable": false,
		"IsUngivable": false,
		"IsLockedafterEquip": false,
		"QuestItem": false,
		"LootExperience": 20,
		"ExamineExperience": 10,
		"HideEntrails": false,
		"RepairCost": 0,
		"RepairSpeed": 0,
		"ExtraSizeLeft": 0,
		"ExtraSizeRight": 0,
		"ExtraSizeUp": 0,
		"ExtraSizeDown": 0,
		"ExtraSizeForceAdd": false,
		"MergesWithChildren": false,
		"CanSellOnRagfair": true,
		"CanRequireOnRagfair": true,
		"BannedFromRagfair": false,
		"ConflictingItems": [],
		"FixedPrice": false,
		"Unlootable": true,
		"UnlootableFromSlot": "Scabbard",
		"UnlootableFromSide": [
			"Bear",
			"Usec"
		],
		"ChangePriceCoef": 1,
		"AllowSpawnOnLocations": [],
		"SendToClient": false,
		"AnimationVariantsNumber": 0,
		"DiscardingBlock": false,
		"knifeHitDelay": 0,
		"knifeHitSlashRate": 0,
		"knifeHitStabRate": 1,
		"knifeHitRadius": 0.4,
		"knifeHitSlashDam": 17,
		"knifeHitStabDam": 18,
		"knifeDurab": 70,
		"Durability": 70,
		"MaxDurability": 70,
		"PrimaryDistance": 0.4,
		"SecondryDistance": 0.5,
		"SlashPenetration": 1,
		"StabPenetration": 1,
		"MinRepairDegradation": 0,
		"MaxRepairDegradation": 0.01,
		"PrimaryConsumption": 8,
		"SecondryConsumption": 10,
		"DeflectionConsumption": 3
	}
}