{
	"_id": "5449016a4bdc2d6f028b456f",
	"_name": "Рубли",
	"_parent": "543be5dd4bdc2deb348b4569",
	"_type": "Item",
	"_props": {
		"Name": "Рубли",
		"ShortName": "Roubles",
		"Description": "Несколько банкнот пока еще котирующихся российских рублей",
		"Weight": 0,
		"BackgroundColor": "green",
		"Width": 1,
		"Height": 1,
		"StackMaxSize": 500000,
		"Rarity": "Common",
		"SpawnChance": 50,
		"CreditsPrice": 0,
		"ItemSound": "item_money",
		"Prefab": {
			"path": "assets/content/items/money/item_money_ruble_small.bundle",
			"rcid": ""
		},
		"UsePrefab": {
			"path": "",
			"rcid": ""
		},
		"StackObjectsCount": 1,
		"NotShownInSlot": false,
		"ExaminedByDefault": true,
		"ExamineTime": 1,
		"IsUndiscardable": false,
		"IsUnsaleable": false,
		"IsUnbuyable": false,
		"IsUngivable": false,
		"IsLockedafterEquip": false,
		"QuestItem": false,
		"LootExperience": 0,
		"ExamineExperience": 10,
		"HideEntrails": false,
		"RepairCost": 0,
		"RepairSpeed": 0,
		"ExtraSizeLeft": 0,
		"ExtraSizeRight": 0,
		"ExtraSizeUp": 0,
		"ExtraSizeDown": 0,
		"ExtraSizeForceAdd": false,
		"MergesWithChildren": false,
		"CanSellOnRagfair": false,
		"CanRequireOnRagfair": true,
		"BannedFromRagfair": true,
		"ConflictingItems": [],
		"FixedPrice": true,
		"Unlootable": false,
		"UnlootableFromSlot": "FirstPrimaryWeapon",
		"UnlootableFromSide": [],
		"ChangePriceCoef": 1,
		"AllowSpawnOnLocations": [],
		"SendToClient": false,
		"AnimationVariantsNumber": 0,
		"DiscardingBlock": false,
		"StackMinRandom": 560,
		"StackMaxRandom": 1150,
		"type": "RUB",
		"eqMin": 275,
		"eqMax": 555,
		"rate": 1
	}
}