{
	"_id": "544a11ac4bdc2d470e8b456a",
	"_name": "Контейнер Альфа",
	"_parent": "5448bf274bdc2dfc2f8b456a",
	"_type": "Item",
	"_props": {
		"Name": "Защищенный контейнер Альфа",
		"ShortName": "A-secured",
		"Description": "",
		"Weight": 0,
		"BackgroundColor": "violet",
		"Width": 2,
		"Height": 2,
		"StackMaxSize": 1,
		"Rarity": "Not_exist",
		"SpawnChance": 50,
		"CreditsPrice": 219,
		"ItemSound": "container_case",
		"Prefab": {
			"path": "assets/content/items/meds/first_aid_box/item_meds_first_aid_box.bundle",
			"rcid": ""
		},
		"UsePrefab": {
			"path": "",
			"rcid": ""
		},
		"StackObjectsCount": 1,
		"NotShownInSlot": false,
		"ExaminedByDefault": true,
		"ExamineTime": 1,
		"IsUndiscardable": false,
		"IsUnsaleable": false,
		"IsUnbuyable": false,
		"IsUngivable": false,
		"IsLockedafterEquip": false,
		"QuestItem": false,
		"LootExperience": 20,
		"ExamineExperience": 10,
		"HideEntrails": true,
		"RepairCost": 0,
		"RepairSpeed": 0,
		"ExtraSizeLeft": 0,
		"ExtraSizeRight": 0,
		"ExtraSizeUp": 0,
		"ExtraSizeDown": 0,
		"ExtraSizeForceAdd": false,
		"MergesWithChildren": false,
		"CanSellOnRagfair": false,
		"CanRequireOnRagfair": false,
		"BannedFromRagfair": true,
		"ConflictingItems": [],
		"FixedPrice": false,
		"Unlootable": false,
		"UnlootableFromSlot": "FirstPrimaryWeapon",
		"UnlootableFromSide": [],
		"ChangePriceCoef": 1,
		"AllowSpawnOnLocations": [],
		"SendToClient": false,
		"AnimationVariantsNumber": 0,
		"DiscardingBlock": true,
		"Grids": [
			{
				"_name": "main",
				"_id": "55d718044bdc2d87028b456d",
				"_parent": "544a11ac4bdc2d470e8b456a",
				"_props": {
					"filters": [
						{
							"Filter": [
								"5448eb774bdc2d0a728b4567",
								"543be5f84bdc2dd4348b456a",
								"5448fe124bdc2da5018b4567",
								"59fafd4b86f7745ca07e1232",
								"5d235bb686f77443f4331278",
								"5c093e3486f77430cb02e593",
								"590c60fc86f77412b13fddcf",
								"5783c43d2459774bbe137486",
								"543be6674bdc2df1348b4569",
								"5448ecbe4bdc2d60728b4568",
								"543be5e94bdc2df1348b4568",
								"5447e1d04bdc2dff2f8b4567",
								"567849dd4bdc2d150f8b456e",
								"543be5664bdc2dd4348b4569",
								"5447e0e74bdc2d3c308b4567",
								"5661632d4bdc2d903d8b456b",
								"543be5cb4bdc2deb348b4568",
								"543be6564bdc2df4348b4568"
							],
							"ExcludedFilter": [
								"5a341c4086f77401f2541505",
								"55818aeb4bdc2ddc698b456a",
								"5b3b6dc75acfc47a8773fb1e",
								"5a1ead28fcdbcb001912fa9f",
								"587e08ee245977446b4410cf",
								"5c0695860db834001b735461",
								"5a16b93dfcdbcbcae6687261",
								"5a16b8a9fcdbcb00165aa6ca",
								"5c11046cd174af02a012e42b",
								"5448bf274bdc2dfc2f8b456a"
							]
						}
					],
					"cellsH": 2,
					"cellsV": 2,
					"minCount": 0,
					"maxCount": 0,
					"maxWeight": 0
				},
				"_proto": "55d329c24bdc2d892f8b4567"
			}
		],
		"Slots": [],
		"CanPutIntoDuringTheRaid": true,
		"CantRemoveFromSlotsDuringRaid": [
			"SecuredContainer"
		],
		"SearchSound": "cashregister_looting",
		"BlocksArmorVest": false,
		"containType": [],
		"sizeWidth": 2,
		"sizeHeight": 2,
		"isSecured": true,
		"spawnTypes": "None",
		"lootFilter": [],
		"spawnRarity": "Common",
		"minCountSpawn": 0,
		"maxCountSpawn": 0,
		"openedByKeyID": []
	}
}