{
	"_id": "5485a8684bdc2da71d8b4567",
	"_name": "Ammo",
	"_parent": "5661632d4bdc2d903d8b456b",
	"_type": "Node",
	"_props": {
		"ammoType": "bullet",
		"Damage": 0,
		"ammoAccr": 0,
		"ammoRec": 0,
		"ammoDist": 0,
		"buckshotBullets": 0,
		"PenetrationPower": 0,
		"PenetrationPowerDiviation": 0,
		"ammoHear": 0,
		"ammoSfx": "tracer",
		"MisfireChance": 0,
		"MinFragmentsCount": 0,
		"MaxFragmentsCount": 0,
		"ammoShiftChance": 0,
		"casingName": "",
		"casingEjectPower": 0,
		"casingMass": 0,
		"casingSounds": "pistol_small",
		"ProjectileCount": 1,
		"InitialSpeed": 0,
		"PenetrationChance": 0,
		"RicochetChance": 0,
		"FragmentationChance": 0,
		"BallisticCoeficient": 1,
		"Deterioration": 1,
		"SpeedRetardation": 0,
		"Tracer": false,
		"TracerColor": "red",
		"TracerDistance": 0,
		"ArmorDamage": 50,
		"Caliber": "Caliber9x18PM",
		"StaminaBurnPerDamage": 0.5,
		"ShowBullet": false,
		"HasGrenaderComponent": false,
		"FuzeArmTimeSec": 0,
		"ExplosionStrength": 0,
		"MinExplosionDistance": 0,
		"MaxExplosionDistance": 0,
		"FragmentsCount": 0,
		"FragmentType": "5996f6d686f77467977ba6cc",
		"ShowHitEffectOnExplode": false,
		"ExplosionType": "",
		"AmmoLifeTimeSec": 5
	}
}