{
	"_id": "55d355e64bdc2d962f8b4569",
	"_name": "reciever_ar15_colt_m4a1_std",
	"_parent": "55818a304bdc2db5418b457d",
	"_type": "Item",
	"_props": {
		"Name": "Верхний ресивер Colt M4A1 5.56х45 для штурмовой винтовки M4A1",
		"ShortName": "M4A1 Upper",
		"Description": "Верхний ресивер для M4A1 производства компании Colt. Имеет направляющую для крепления дополнительного оборудования.",
		"Weight": 0,
		"BackgroundColor": "blue",
		"Width": 2,
		"Height": 1,
		"StackMaxSize": 1,
		"Rarity": "Rare",
		"SpawnChance": 10,
		"CreditsPrice": 5198,
		"ItemSound": "mod",
		"Prefab": {
			"path": "assets/content/items/mods/recievers/reciever_ar15_colt_m4a1_std.bundle",
			"rcid": ""
		},
		"UsePrefab": {
			"path": "",
			"rcid": ""
		},
		"StackObjectsCount": 1,
		"NotShownInSlot": false,
		"ExaminedByDefault": true,
		"ExamineTime": 1,
		"IsUndiscardable": false,
		"IsUnsaleable": false,
		"IsUnbuyable": false,
		"IsUngivable": false,
		"IsLockedafterEquip": false,
		"QuestItem": false,
		"LootExperience": 10,
		"ExamineExperience": 2,
		"HideEntrails": false,
		"RepairCost": 0,
		"RepairSpeed": 0,
		"ExtraSizeLeft": 0,
		"ExtraSizeRight": 0,
		"ExtraSizeUp": 0,
		"ExtraSizeDown": 0,
		"ExtraSizeForceAdd": false,
		"MergesWithChildren": true,
		"CanSellOnRagfair": true,
		"CanRequireOnRagfair": true,
		"BannedFromRagfair": false,
		"ConflictingItems": [],
		"FixedPrice": false,
		"Unlootable": false,
		"UnlootableFromSlot": "FirstPrimaryWeapon",
		"UnlootableFromSide": [],
		"ChangePriceCoef": 1,
		"AllowSpawnOnLocations": [],
		"SendToClient": false,
		"AnimationVariantsNumber": 0,
		"DiscardingBlock": false,
		"Grids": [],
		"Slots": [
			{
				"_name": "mod_scope",
				"_id": "55d357484bdc2d882f8b456a",
				"_parent": "55d355e64bdc2d962f8b4569",
				"_props": {
					"filters": [
						{
							"Shift": 0,
							"Filter": [
								"57ac965c24597706be5f975c",
								"57aca93d2459771f2c7e26db",
								"544a3a774bdc2d3a388b4567",
								"5d2dc3e548f035404a1a4798",
								"57adff4f24597737f373b6e6",
								"5c0517910db83400232ffee5",
								"591c4efa86f7741030027726",
								"570fd79bd2720bc7458b4583",
								"570fd6c2d2720bc6458b457f",
								"558022b54bdc2dac148b458d",
								"5c07dd120db834001c39092d",
								"5c0a2cec0db834001b7ce47d",
								"58491f3324597764bc48fa02",
								"584924ec24597768f12ae244",
								"5b30b0dc5acfc400153b7124",
								"5d2da1e948f035477b1ce2ba",
								"5c0505e00db834001b735073",
								"584984812459776a704a82a6",
								"59f9d81586f7744c7506ee62",
								"570fd721d2720bc5458b4596",
								"57ae0171245977343c27bfcf",
								"5dfe6104585a0c3e995c7b82",
								"5d1b5e94d7ad1a2b865a96b0",
								"58d39d3d86f77445bb794ae7",
								"5c7d55f52e221644f31bff6a",
								"5b3b6dc75acfc47a8773fb1e",
								"5b2389515acfc4771e1be0c0",
								"577d128124597739d65d0e56",
								"5c86592b2e2216000e69e77c",
								"5a37ca54c4a282000d72296a",
								"5d0a29fed7ad1a002769ad08",
								"5c064c400db834001d23f468",
								"58d2664f86f7747fec5834f6",
								"57c69dd424597774c03b7bbc",
								"5b3b99265acfc4704b4a1afb",
								"5aa66a9be5b5b0214e506e89",
								"5aa66c72e5b5b00016327c93",
								"5c1cdd302e221602b3137250",
								"5b31163c5acfc400153b71cb",
								"5a33b652c4a28232996e407c",
								"5a33b2c9c4a282000c5a9511",
								"59db7eed86f77461f8380365",
								"5a1ead28fcdbcb001912fa9f",
								"5dff77c759400025ea5150cf"
							]
						}
					]
				},
				"_required": false,
				"_mergeSlotWithChildren": false,
				"_proto": "55d30c4c4bdc2db4468b457e"
			},
			{
				"_name": "mod_barrel",
				"_id": "55d35d0c4bdc2d892f8b456c",
				"_parent": "55d355e64bdc2d962f8b4569",
				"_props": {
					"filters": [
						{
							"Shift": 0,
							"Filter": [
								"55d35ee94bdc2d61338b4568",
								"55d3632e4bdc2d972f8b4569",
								"5d440b93a4b9364276578d4b",
								"5d440b9fa4b93601354d480c",
								"5c0e2f94d174af029f650d56"
							]
						}
					]
				},
				"_required": true,
				"_mergeSlotWithChildren": false,
				"_proto": "55d30c4c4bdc2db4468b457e"
			},
			{
				"_name": "mod_handguard",
				"_id": "55d35d754bdc2d882f8b456b",
				"_parent": "55d355e64bdc2d962f8b4569",
				"_props": {
					"filters": [
						{
							"Shift": 0,
							"Filter": [
								"5c0e2f5cd174af02a012cfc9",
								"5b2cfa535acfc432ff4db7a0",
								"5ae30db85acfc408fb139a05",
								"5c9a25172e2216000f20314e",
								"55f84c3c4bdc2d5f408b4576",
								"588b56d02459771481110ae2",
								"5c9a26332e2216001219ea70",
								"5a329052c4a28200741e22d3",
								"55d459824bdc2d892f8b4573",
								"5d122e7bd7ad1a07102d6d7f",
								"5d123102d7ad1a004e475fe5",
								"5d4405f0a4b9361e6a4e6bd9",
								"5c78f2792e221600106f4683",
								"5c78f26f2e221601da3581d1",
								"5c78f2492e221600114c9f04",
								"5c78f2612e221600114c9f0d",
								"5c6d5d8b2e221644fc630b39",
								"5d00e0cbd7ad1a6c6566a42d",
								"5d00f63bd7ad1a59283b1c1e",
								"595cfa8b86f77427437e845b",
								"595cf16b86f77427440c32e2"
							]
						}
					]
				},
				"_required": true,
				"_mergeSlotWithChildren": false,
				"_proto": "55d30c4c4bdc2db4468b457e"
			},
			{
				"_name": "mod_sight_rear",
				"_id": "55d35e074bdc2d882f8b456c",
				"_parent": "55d355e64bdc2d962f8b4569",
				"_props": {
					"filters": [
						{
							"Shift": 0,
							"Filter": [
								"5bb20e49d4351e3bac1212de",
								"5ba26b17d4351e00367f9bdd",
								"5dfa3d7ac41b2312ea33362a",
								"5c1780312e221602b66cc189",
								"5bc09a18d4351e003562b68e",
								"5c18b9192e2216398b5a8104",
								"5894a81786f77427140b8347",
								"55d5f46a4bdc2d1b198b4567",
								"5ae30bad5acfc400185c2dc4"
							]
						}
					]
				},
				"_required": false,
				"_mergeSlotWithChildren": false,
				"_proto": "55d30c4c4bdc2db4468b457e"
			}
		],
		"CanPutIntoDuringTheRaid": true,
		"CantRemoveFromSlotsDuringRaid": [],
		"Durability": 100,
		"Accuracy": 0,
		"Recoil": 0,
		"Loudness": 0,
		"EffectiveDistance": 0,
		"Ergonomics": 5,
		"Velocity": 0,
		"RaidModdable": true,
		"ToolModdable": true,
		"BlocksFolding": false,
		"BlocksCollapsible": false,
		"IsAnimated": false,
		"HasShoulderContact": false,
		"SightingRange": 0
	}
}