{
	"_id": "55d459824bdc2d892f8b4573",
	"_name": "handguard_ar15_kac_ris",
	"_parent": "55818a104bdc2db9688b4569",
	"_type": "Item",
	"_props": {
		"Name": "Цевье Knight's Armament KAC RIS для AR-15 и совместимых",
		"ShortName": "KAC RIS",
		"Description": "Цевье Knight's Armament KAC RIS является штатным цевьем M4A1. Однако может быть установлено на большинство оружия на базе AR-15, при необходимой длине ствола. Снабжено 4-мя направляющими для крепления дополнительного оборудования и экраном для отвода тепла.",
		"Weight": 0,
		"BackgroundColor": "blue",
		"Width": 2,
		"Height": 1,
		"StackMaxSize": 1,
		"Rarity": "Superrare",
		"SpawnChance": 2,
		"CreditsPrice": 6778,
		"ItemSound": "mod",
		"Prefab": {
			"path": "assets/content/items/mods/handguards/handguard_ar15_kac_ris.bundle",
			"rcid": ""
		},
		"UsePrefab": {
			"path": "",
			"rcid": ""
		},
		"StackObjectsCount": 1,
		"NotShownInSlot": false,
		"ExaminedByDefault": true,
		"ExamineTime": 1,
		"IsUndiscardable": false,
		"IsUnsaleable": false,
		"IsUnbuyable": false,
		"IsUngivable": false,
		"IsLockedafterEquip": false,
		"QuestItem": false,
		"LootExperience": 20,
		"ExamineExperience": 5,
		"HideEntrails": false,
		"RepairCost": 0,
		"RepairSpeed": 0,
		"ExtraSizeLeft": 1,
		"ExtraSizeRight": 0,
		"ExtraSizeUp": 0,
		"ExtraSizeDown": 0,
		"ExtraSizeForceAdd": false,
		"MergesWithChildren": true,
		"CanSellOnRagfair": true,
		"CanRequireOnRagfair": true,
		"BannedFromRagfair": false,
		"ConflictingItems": [],
		"FixedPrice": false,
		"Unlootable": false,
		"UnlootableFromSlot": "FirstPrimaryWeapon",
		"UnlootableFromSide": [],
		"ChangePriceCoef": 1,
		"AllowSpawnOnLocations": [],
		"SendToClient": false,
		"AnimationVariantsNumber": 0,
		"DiscardingBlock": false,
		"Grids": [],
		"Slots": [
			{
				"_name": "mod_tactical",
				"_id": "55f57a484bdc2d0b288b46bd",
				"_parent": "55d459824bdc2d892f8b4573",
				"_props": {
					"filters": [
						{
							"Shift": 0,
							"Filter": [
								"57fd23e32459772d0805bcf1",
								"544909bb4bdc2d6f028b4577",
								"5d10b49bd7ad1a1a560708b0",
								"5c06595c0db834001a66af6c",
								"5a7b483fe899ef0016170d15",
								"5c5952732e2216398b5abda2"
							]
						}
					]
				},
				"_required": false,
				"_mergeSlotWithChildren": false,
				"_proto": "55d30c4c4bdc2db4468b457e"
			},
			{
				"_name": "mod_tactical_2",
				"_id": "55f57a5d4bdc2d972b8b4571",
				"_parent": "55d459824bdc2d892f8b4573",
				"_props": {
					"filters": [
						{
							"Shift": 0,
							"Filter": [
								"5cc9c20cd7f00c001336c65d",
								"5a800961159bd4315e3a1657",
								"5d2369418abbc306c62e0c80",
								"5b07dd285acfc4001754240d",
								"56def37dd2720bec348b456a",
								"5a7b483fe899ef0016170d15",
								"5a5f1ce64f39f90b401987bc",
								"560d657b4bdc2da74d8b4572",
								"5b3a337e5acfc4704b4a19a0",
								"57d17e212459775a1179a0f5"
							]
						}
					]
				},
				"_required": false,
				"_mergeSlotWithChildren": false,
				"_proto": "55d30c4c4bdc2db4468b457e"
			},
			{
				"_name": "mod_foregrip",
				"_id": "55f6a6ac4bdc2d472a8b45ab",
				"_parent": "55d459824bdc2d892f8b4573",
				"_props": {
					"filters": [
						{
							"Shift": 0,
							"Filter": [
								"5c7fc87d2e221644f31c0298",
								"5cda9bcfd7f00c0c0b53e900",
								"59f8a37386f7747af3328f06",
								"5a7dbfc1159bd40016548fde",
								"5c87ca002e221600114cb150",
								"588226d124597767ad33f787",
								"588226dd24597767ad33f789",
								"588226e62459776e3e094af7",
								"588226ef24597767af46e39c",
								"59fc48e086f77463b1118392",
								"5cf4fb76d7f00c065703d3ac",
								"5b057b4f5acfc4771e1bd3e9",
								"5c791e872e2216001219c40a",
								"558032614bdc2de7118b4585",
								"58c157be86f77403c74b2bb6",
								"58c157c886f774032749fb06",
								"591af28e86f77414a27a9e1d",
								"5c1cd46f2e22164bef5cfedb",
								"5c1bc4812e22164bef5cfde7",
								"5c1bc5612e221602b5429350",
								"5c1bc5af2e221602b412949b",
								"5c1bc5fb2e221602b1779b32",
								"5c1bc7432e221602b412949d",
								"5c1bc7752e221602b1779b34"
							]
						}
					]
				},
				"_required": false,
				"_mergeSlotWithChildren": false,
				"_proto": "55d30c4c4bdc2db4468b457e"
			},
			{
				"_name": "mod_mount",
				"_id": "56e3165fd2720b6c058b456c",
				"_parent": "55d459824bdc2d892f8b4573",
				"_props": {
					"filters": [
						{
							"Shift": 0,
							"Filter": [
								"5649a2464bdc2d91118b45a8"
							]
						}
					]
				},
				"_required": false,
				"_mergeSlotWithChildren": false,
				"_proto": "55d30c4c4bdc2db4468b457e"
			},
			{
				"_name": "mod_tactical_003",
				"_id": "5c3f46b62e221602b66cd67d",
				"_parent": "55d459824bdc2d892f8b4573",
				"_props": {
					"filters": [
						{
							"Shift": 0,
							"Filter": [
								"5cc9c20cd7f00c001336c65d",
								"5a800961159bd4315e3a1657",
								"5d2369418abbc306c62e0c80",
								"5b07dd285acfc4001754240d",
								"56def37dd2720bec348b456a",
								"5a7b483fe899ef0016170d15",
								"5a5f1ce64f39f90b401987bc",
								"560d657b4bdc2da74d8b4572",
								"5b3a337e5acfc4704b4a19a0",
								"57d17e212459775a1179a0f5"
							]
						}
					]
				},
				"_required": false,
				"_mergeSlotWithChildren": false,
				"_proto": "55d30c4c4bdc2db4468b457e"
			}
		],
		"CanPutIntoDuringTheRaid": true,
		"CantRemoveFromSlotsDuringRaid": [],
		"Durability": 100,
		"Accuracy": 0,
		"Recoil": 0,
		"Loudness": 0,
		"EffectiveDistance": 0,
		"Ergonomics": 5,
		"Velocity": 0,
		"RaidModdable": false,
		"ToolModdable": false,
		"BlocksFolding": false,
		"BlocksCollapsible": false,
		"IsAnimated": false,
		"HasShoulderContact": false,
		"SightingRange": 0
	}
}