{
	"_id": "55d448594bdc2d8c2f8b4569",
	"_name": "barrel_mr133_610mm",
	"_parent": "555ef6e44bdc2de9068b457e",
	"_type": "Item",
	"_props": {
		"Name": "Ствол 610мм для ружья МР-133 12к",
		"ShortName": "610мм МР-133",
		"Description": "Стандартный заводской ствол для ружья МР-133 под патрон 12-го калибра, длинной 610мм.",
		"Weight": 0,
		"BackgroundColor": "blue",
		"Width": 4,
		"Height": 1,
		"StackMaxSize": 1,
		"Rarity": "Not_exist",
		"SpawnChance": 20,
		"CreditsPrice": 4902,
		"ItemSound": "mod",
		"Prefab": {
			"path": "assets/content/items/mods/barrels/barrel_mr133_610mm.bundle",
			"rcid": ""
		},
		"UsePrefab": {
			"path": "",
			"rcid": ""
		},
		"StackObjectsCount": 1,
		"NotShownInSlot": false,
		"ExaminedByDefault": true,
		"ExamineTime": 1,
		"IsUndiscardable": false,
		"IsUnsaleable": false,
		"IsUnbuyable": false,
		"IsUngivable": false,
		"IsLockedafterEquip": false,
		"QuestItem": false,
		"LootExperience": 10,
		"ExamineExperience": 6,
		"HideEntrails": false,
		"RepairCost": 0,
		"RepairSpeed": 0,
		"ExtraSizeLeft": 2,
		"ExtraSizeRight": 0,
		"ExtraSizeUp": 0,
		"ExtraSizeDown": 0,
		"ExtraSizeForceAdd": false,
		"MergesWithChildren": true,
		"CanSellOnRagfair": true,
		"CanRequireOnRagfair": true,
		"BannedFromRagfair": false,
		"ConflictingItems": [],
		"FixedPrice": false,
		"Unlootable": false,
		"UnlootableFromSlot": "FirstPrimaryWeapon",
		"UnlootableFromSide": [],
		"ChangePriceCoef": 1,
		"AllowSpawnOnLocations": [],
		"SendToClient": false,
		"AnimationVariantsNumber": 0,
		"DiscardingBlock": false,
		"Grids": [],
		"Slots": [
			{
				"_name": "mod_muzzle",
				"_id": "56e31509d2720b4c098b4567",
				"_parent": "55d448594bdc2d8c2f8b4569",
				"_props": {
					"filters": [
						{
							"Shift": 0,
							"Filter": [
								"5c0111ab0db834001966914d",
								"560838c94bdc2d77798b4569",
								"5b363dea5acfc4771e1c5e7e"
							]
						}
					]
				},
				"_required": false,
				"_mergeSlotWithChildren": false,
				"_proto": "55d30c4c4bdc2db4468b457e"
			}
		],
		"CanPutIntoDuringTheRaid": true,
		"CantRemoveFromSlotsDuringRaid": [],
		"Durability": 100,
		"Accuracy": 0,
		"Recoil": -4,
		"Loudness": 0,
		"EffectiveDistance": 0,
		"Ergonomics": -5,
		"Velocity": 10.8,
		"RaidModdable": false,
		"ToolModdable": true,
		"BlocksFolding": false,
		"BlocksCollapsible": false,
		"IsAnimated": false,
		"HasShoulderContact": false,
		"SightingRange": 0,
		"CenterOfImpact": 1.05,
		"ShotgunDispersion": 1.7,
		"IsSilencer": false
	},
	"_proto": "55d447bb4bdc2d892f8b456f"
}