{
	"_id": "55d481904bdc2d8c2f8b456a",
	"_name": "mag_ak74_izhmash_6L26_545x39_45",
	"_parent": "5448bc234bdc2d3c308b4569",
	"_type": "Item",
	"_props": {
		"Name": "Магазин 6Л26 5.45x39 для АК-74 и совместимых на 45 патронов",
		"ShortName": "5.45x39 6Л26",
		"Description": "45-ти зарядный полимерный магазин Ижмаш 6Л26, под патрон 5.45x39 для АК-74 и совместимых.",
		"Weight": 0,
		"BackgroundColor": "yellow",
		"Width": 1,
		"Height": 3,
		"StackMaxSize": 1,
		"Rarity": "Rare",
		"SpawnChance": 7,
		"CreditsPrice": 3765,
		"ItemSound": "mag_plastic",
		"Prefab": {
			"path": "assets/content/items/mods/magazines/mag_ak74_izhmash_6l26_545x39_45.bundle",
			"rcid": ""
		},
		"UsePrefab": {
			"path": "",
			"rcid": ""
		},
		"StackObjectsCount": 1,
		"NotShownInSlot": false,
		"ExaminedByDefault": true,
		"ExamineTime": 1,
		"IsUndiscardable": false,
		"IsUnsaleable": false,
		"IsUnbuyable": false,
		"IsUngivable": false,
		"IsLockedafterEquip": false,
		"QuestItem": false,
		"LootExperience": 40,
		"ExamineExperience": 2,
		"HideEntrails": false,
		"RepairCost": 0,
		"RepairSpeed": 0,
		"ExtraSizeLeft": 0,
		"ExtraSizeRight": 0,
		"ExtraSizeUp": 0,
		"ExtraSizeDown": 2,
		"ExtraSizeForceAdd": false,
		"MergesWithChildren": true,
		"CanSellOnRagfair": true,
		"CanRequireOnRagfair": true,
		"BannedFromRagfair": false,
		"ConflictingItems": [],
		"FixedPrice": false,
		"Unlootable": false,
		"UnlootableFromSlot": "FirstPrimaryWeapon",
		"UnlootableFromSide": [],
		"ChangePriceCoef": 1,
		"AllowSpawnOnLocations": [],
		"SendToClient": false,
		"AnimationVariantsNumber": 0,
		"DiscardingBlock": false,
		"Grids": [],
		"Slots": [],
		"CanPutIntoDuringTheRaid": true,
		"CantRemoveFromSlotsDuringRaid": [],
		"Durability": 100,
		"Accuracy": 0,
		"Recoil": 0,
		"Loudness": 0,
		"EffectiveDistance": 0,
		"Ergonomics": -7,
		"Velocity": 0,
		"RaidModdable": true,
		"ToolModdable": false,
		"BlocksFolding": false,
		"BlocksCollapsible": false,
		"IsAnimated": false,
		"HasShoulderContact": false,
		"SightingRange": 0,
		"magAnimationIndex": 0,
		"Cartridges": [
			{
				"_name": "cartridges",
				"_id": "57487c0a2459771f6d7b4341",
				"_parent": "55d481904bdc2d8c2f8b456a",
				"_max_count": 45,
				"_props": {
					"filters": [
						{
							"Filter": [
								"5c0d5e4486f77478390952fe",
								"56dfef82d2720bbd668b4567",
								"56dff026d2720bb8668b4567",
								"56dff061d2720bb5668b4567",
								"56dff0bed2720bb0668b4567",
								"56dff216d2720bbd668b4568",
								"56dff2ced2720bb4668b4567",
								"56dff338d2720bbd668b4569",
								"56dff3afd2720bba668b4567",
								"56dff421d2720b5f5a8b4567",
								"56dff4a2d2720bbd668b456a",
								"56dff4ecd2720b5f5a8b4568"
							]
						}
					]
				},
				"_proto": "5748538b2459770af276a261"
			}
		],
		"CanFast": true,
		"CanHit": false,
		"CanAdmin": false,
		"LoadUnloadModifier": 0,
		"CheckTimeModifier": 15,
		"CheckOverride": 0,
		"ReloadMagType": "ExternalMagazine",
		"VisibleAmmoRangesString": "1-3"
	},
	"_proto": "55d480c04bdc2d1d4e8b456a"
}