{
	"_id": "55d5f46a4bdc2d1b198b4567",
	"_name": "sight_rear_ar15_colt_a2",
	"_parent": "55818ac54bdc2d5b648b456e",
	"_type": "Item",
	"_props": {
		"Name": "Целик Colt A2 Rearsight для AR-15 и совместимых",
		"ShortName": "CA2R",
		"Description": "Съемный целик Colt A2 Rearsight. Штатно устанавливается на M4A1.",
		"Weight": 0,
		"BackgroundColor": "blue",
		"Width": 1,
		"Height": 1,
		"StackMaxSize": 1,
		"Rarity": "Not_exist",
		"SpawnChance": 50,
		"CreditsPrice": 908,
		"ItemSound": "mod",
		"Prefab": {
			"path": "assets/content/items/mods/sights rear/sight_rear_ar15_colt_a2.bundle",
			"rcid": ""
		},
		"UsePrefab": {
			"path": "",
			"rcid": ""
		},
		"StackObjectsCount": 1,
		"NotShownInSlot": false,
		"ExaminedByDefault": true,
		"ExamineTime": 1,
		"IsUndiscardable": false,
		"IsUnsaleable": false,
		"IsUnbuyable": false,
		"IsUngivable": false,
		"IsLockedafterEquip": false,
		"QuestItem": false,
		"LootExperience": 20,
		"ExamineExperience": 2,
		"HideEntrails": false,
		"RepairCost": 0,
		"RepairSpeed": 0,
		"ExtraSizeLeft": 0,
		"ExtraSizeRight": 0,
		"ExtraSizeUp": 0,
		"ExtraSizeDown": 0,
		"ExtraSizeForceAdd": false,
		"MergesWithChildren": true,
		"CanSellOnRagfair": true,
		"CanRequireOnRagfair": true,
		"BannedFromRagfair": false,
		"ConflictingItems": [
			"57ac965c24597706be5f975c",
			"57aca93d2459771f2c7e26db",
			"544a3f024bdc2d1d388b4568",
			"544a3a774bdc2d3a388b4567",
			"57adff4f24597737f373b6e6",
			"591c4efa86f7741030027726",
			"570fd79bd2720bc7458b4583",
			"5dff772da3651922b360bf91",
			"56ea70acd2720b844b8b4594",
			"5aa66be6e5b5b0214e506e97",
			"5dfe6104585a0c3e995c7b82",
			"5d1b5e94d7ad1a2b865a96b0",
			"5b3b6dc75acfc47a8773fb1e",
			"5b2389515acfc4771e1be0c0",
			"5a37ca54c4a282000d72296a",
			"5d0a29fed7ad1a002769ad08",
			"57c69dd424597774c03b7bbc",
			"5b3b99265acfc4704b4a1afb",
			"5aa66a9be5b5b0214e506e89",
			"5aa66c72e5b5b00016327c93",
			"5c1cdd302e221602b3137250",
			"5b31163c5acfc400153b71cb",
			"5a33b652c4a28232996e407c",
			"59db7eed86f77461f8380365",
			"5a1ead28fcdbcb001912fa9f"
		],
		"FixedPrice": false,
		"Unlootable": false,
		"UnlootableFromSlot": "FirstPrimaryWeapon",
		"UnlootableFromSide": [],
		"ChangePriceCoef": 1,
		"AllowSpawnOnLocations": [],
		"SendToClient": false,
		"AnimationVariantsNumber": 0,
		"DiscardingBlock": false,
		"Grids": [],
		"Slots": [],
		"CanPutIntoDuringTheRaid": true,
		"CantRemoveFromSlotsDuringRaid": [],
		"Durability": 100,
		"Accuracy": 0,
		"Recoil": 0,
		"Loudness": 0,
		"EffectiveDistance": 0,
		"Ergonomics": 0,
		"Velocity": 0,
		"RaidModdable": true,
		"ToolModdable": false,
		"BlocksFolding": false,
		"BlocksCollapsible": false,
		"IsAnimated": false,
		"HasShoulderContact": false,
		"SightingRange": 600,
		"sightModType": "iron",
		"variableZoom": false,
		"varZoomCount": 0,
		"varZoomAdd": 0,
		"aimingSensitivity": 0.65,
		"SightModesCount": 1,
		"OpticCalibrationDistances": [
			100
		]
	},
	"_proto": "55d4af3a4bdc2d972f8b456f"
}