{
	"_id": "55f84c3c4bdc2d5f408b4576",
	"_name": "handguard_ar15_dd_ris_ii_9,5",
	"_parent": "55818a104bdc2db9688b4569",
	"_type": "Item",
	"_props": {
		"Name": "Цевье Daniel Defence RIS II 9.5 для AR-15 и совместимых",
		"ShortName": "RIS II 9.5",
		"Description": "Цевье Daniel Defence RIS II 9.5. Является частью программы SOPMOD Block II для замены штатного цевья карабина M4CQBR или Mk18 в подразделениях US SOCOM. Выполнено из легкого и прочного авиационного алюминия. Снабжено 4-мя направляющими для крепления дополнительного оборудования. Данный вариант цевья не совместим с подствольным гранатометомМ203.",
		"Weight": 0,
		"BackgroundColor": "blue",
		"Width": 2,
		"Height": 1,
		"StackMaxSize": 1,
		"Rarity": "Superrare",
		"SpawnChance": 1,
		"CreditsPrice": 14927,
		"ItemSound": "mod",
		"Prefab": {
			"path": "assets/content/items/mods/handguards/handguard_ar15_dd_ris_ii_9,5.bundle",
			"rcid": ""
		},
		"UsePrefab": {
			"path": "",
			"rcid": ""
		},
		"StackObjectsCount": 1,
		"NotShownInSlot": false,
		"ExaminedByDefault": true,
		"ExamineTime": 1,
		"IsUndiscardable": false,
		"IsUnsaleable": false,
		"IsUnbuyable": false,
		"IsUngivable": false,
		"IsLockedafterEquip": false,
		"QuestItem": false,
		"LootExperience": 20,
		"ExamineExperience": 3,
		"HideEntrails": false,
		"RepairCost": 0,
		"RepairSpeed": 0,
		"ExtraSizeLeft": 1,
		"ExtraSizeRight": 0,
		"ExtraSizeUp": 0,
		"ExtraSizeDown": 0,
		"ExtraSizeForceAdd": false,
		"MergesWithChildren": true,
		"CanSellOnRagfair": true,
		"CanRequireOnRagfair": true,
		"BannedFromRagfair": false,
		"ConflictingItems": [],
		"FixedPrice": false,
		"Unlootable": false,
		"UnlootableFromSlot": "FirstPrimaryWeapon",
		"UnlootableFromSide": [],
		"ChangePriceCoef": 1,
		"AllowSpawnOnLocations": [],
		"SendToClient": false,
		"AnimationVariantsNumber": 0,
		"DiscardingBlock": false,
		"Grids": [],
		"Slots": [
			{
				"_name": "mod_foregrip",
				"_id": "55f84f4b4bdc2d06308b45ad",
				"_parent": "55f84c3c4bdc2d5f408b4576",
				"_props": {
					"filters": [
						{
							"Shift": 0,
							"Filter": [
								"5c7fc87d2e221644f31c0298",
								"5cda9bcfd7f00c0c0b53e900",
								"59f8a37386f7747af3328f06",
								"5a7dbfc1159bd40016548fde",
								"5c87ca002e221600114cb150",
								"588226d124597767ad33f787",
								"588226dd24597767ad33f789",
								"588226e62459776e3e094af7",
								"588226ef24597767af46e39c",
								"59fc48e086f77463b1118392",
								"5cf4fb76d7f00c065703d3ac",
								"5b057b4f5acfc4771e1bd3e9",
								"5c791e872e2216001219c40a",
								"558032614bdc2de7118b4585",
								"58c157be86f77403c74b2bb6",
								"58c157c886f774032749fb06",
								"591af28e86f77414a27a9e1d",
								"5c1cd46f2e22164bef5cfedb",
								"5c1bc4812e22164bef5cfde7",
								"5c1bc5612e221602b5429350",
								"5c1bc5af2e221602b412949b",
								"5c1bc5fb2e221602b1779b32",
								"5c1bc7432e221602b412949d",
								"5c1bc7752e221602b1779b34"
							]
						}
					]
				},
				"_required": false,
				"_mergeSlotWithChildren": false,
				"_proto": "55d30c4c4bdc2db4468b457e"
			},
			{
				"_name": "mod_scope",
				"_id": "5649d7694bdc2d79388b457f",
				"_parent": "55f84c3c4bdc2d5f408b4576",
				"_props": {
					"filters": [
						{
							"Shift": 0,
							"Filter": [
								"5649a2464bdc2d91118b45a8"
							]
						}
					]
				},
				"_required": false,
				"_mergeSlotWithChildren": false,
				"_proto": "55d30c4c4bdc2db4468b457e"
			},
			{
				"_name": "mod_tactical001",
				"_id": "5649d79a4bdc2d3d1c8b4587",
				"_parent": "55f84c3c4bdc2d5f408b4576",
				"_props": {
					"filters": [
						{
							"Shift": 0,
							"Filter": [
								"5cc9c20cd7f00c001336c65d",
								"5a800961159bd4315e3a1657",
								"57fd23e32459772d0805bcf1",
								"544909bb4bdc2d6f028b4577",
								"5d10b49bd7ad1a1a560708b0",
								"5c06595c0db834001a66af6c",
								"5d2369418abbc306c62e0c80",
								"5b07dd285acfc4001754240d",
								"56def37dd2720bec348b456a",
								"5a7b483fe899ef0016170d15",
								"5a5f1ce64f39f90b401987bc",
								"560d657b4bdc2da74d8b4572",
								"5b3a337e5acfc4704b4a19a0",
								"5c5952732e2216398b5abda2",
								"57d17e212459775a1179a0f5"
							]
						}
					]
				},
				"_required": false,
				"_mergeSlotWithChildren": false,
				"_proto": "55d30c4c4bdc2db4468b457e"
			},
			{
				"_name": "mod_tactical002",
				"_id": "5649d7a74bdc2d3b4c8b457d",
				"_parent": "55f84c3c4bdc2d5f408b4576",
				"_props": {
					"filters": [
						{
							"Shift": 0,
							"Filter": [
								"5cc9c20cd7f00c001336c65d",
								"5a800961159bd4315e3a1657",
								"57fd23e32459772d0805bcf1",
								"544909bb4bdc2d6f028b4577",
								"5c06595c0db834001a66af6c",
								"5d2369418abbc306c62e0c80",
								"5b07dd285acfc4001754240d",
								"56def37dd2720bec348b456a",
								"5a7b483fe899ef0016170d15",
								"5a5f1ce64f39f90b401987bc",
								"560d657b4bdc2da74d8b4572",
								"5b3a337e5acfc4704b4a19a0",
								"5c5952732e2216398b5abda2",
								"57d17e212459775a1179a0f5"
							]
						}
					]
				},
				"_required": false,
				"_mergeSlotWithChildren": false,
				"_proto": "55d30c4c4bdc2db4468b457e"
			},
			{
				"_name": "mod_sight_front",
				"_id": "56eaab87d2720b69698b456f",
				"_parent": "55f84c3c4bdc2d5f408b4576",
				"_props": {
					"filters": [
						{
							"Shift": 0,
							"Filter": [
								"5ba26b01d4351e0085325a51",
								"5dfa3d950dee1b22f862eae0",
								"5c17804b2e2216152006c02f",
								"5bc09a30d4351e00367fb7c8",
								"5c18b90d2e2216152142466b",
								"5894a73486f77426d259076c",
								"55d4af3a4bdc2d972f8b456f"
							]
						}
					]
				},
				"_required": false,
				"_mergeSlotWithChildren": false,
				"_proto": "55d30c4c4bdc2db4468b457e"
			},
			{
				"_name": "mod_tactical",
				"_id": "56eaacd2d2720b69698b4570",
				"_parent": "55f84c3c4bdc2d5f408b4576",
				"_props": {
					"filters": [
						{
							"Shift": 0,
							"Filter": [
								"57fd23e32459772d0805bcf1",
								"544909bb4bdc2d6f028b4577",
								"5d10b49bd7ad1a1a560708b0",
								"5c06595c0db834001a66af6c",
								"5a7b483fe899ef0016170d15",
								"5c5952732e2216398b5abda2"
							]
						}
					]
				},
				"_required": false,
				"_mergeSlotWithChildren": false,
				"_proto": "55d30c4c4bdc2db4468b457e"
			}
		],
		"CanPutIntoDuringTheRaid": true,
		"CantRemoveFromSlotsDuringRaid": [],
		"Durability": 100,
		"Accuracy": 0,
		"Recoil": 0,
		"Loudness": 0,
		"EffectiveDistance": 0,
		"Ergonomics": 7,
		"Velocity": 0,
		"RaidModdable": false,
		"ToolModdable": true,
		"BlocksFolding": false,
		"BlocksCollapsible": false,
		"IsAnimated": false,
		"HasShoulderContact": false,
		"SightingRange": 0
	},
	"_proto": "55d459824bdc2d892f8b4573"
}