{
	"_id": "560837154bdc2da74d8b4568",
	"_name": "barrel_mr133_660mm_plank",
	"_parent": "555ef6e44bdc2de9068b457e",
	"_type": "Item",
	"_props": {
		"Name": "Ствол 660мм для ружья МР-133 12к с прицельной планкой",
		"ShortName": "660мм МР-133 12к",
		"Description": "Стандартный заводской ствол для ружья МР-133 длинной 660мм под патрон 12-го калибра, с широкой прицельной планкой.",
		"Weight": 0,
		"BackgroundColor": "blue",
		"Width": 4,
		"Height": 1,
		"StackMaxSize": 1,
		"Rarity": "Not_exist",
		"SpawnChance": 15,
		"CreditsPrice": 5501,
		"ItemSound": "mod",
		"Prefab": {
			"path": "assets/content/items/mods/barrels/barrel_mr133_660mm_plank.bundle",
			"rcid": ""
		},
		"UsePrefab": {
			"path": "",
			"rcid": ""
		},
		"StackObjectsCount": 1,
		"NotShownInSlot": false,
		"ExaminedByDefault": true,
		"ExamineTime": 1,
		"IsUndiscardable": false,
		"IsUnsaleable": false,
		"IsUnbuyable": false,
		"IsUngivable": false,
		"IsLockedafterEquip": false,
		"QuestItem": false,
		"LootExperience": 10,
		"ExamineExperience": 6,
		"HideEntrails": false,
		"RepairCost": 0,
		"RepairSpeed": 0,
		"ExtraSizeLeft": 2,
		"ExtraSizeRight": 0,
		"ExtraSizeUp": 0,
		"ExtraSizeDown": 0,
		"ExtraSizeForceAdd": false,
		"MergesWithChildren": true,
		"CanSellOnRagfair": true,
		"CanRequireOnRagfair": true,
		"BannedFromRagfair": false,
		"ConflictingItems": [],
		"FixedPrice": false,
		"Unlootable": false,
		"UnlootableFromSlot": "FirstPrimaryWeapon",
		"UnlootableFromSide": [],
		"ChangePriceCoef": 1,
		"AllowSpawnOnLocations": [],
		"SendToClient": false,
		"AnimationVariantsNumber": 0,
		"DiscardingBlock": false,
		"Grids": [],
		"Slots": [
			{
				"_name": "mod_muzzle",
				"_id": "56e31582d2720b42068b4569",
				"_parent": "560837154bdc2da74d8b4568",
				"_props": {
					"filters": [
						{
							"Shift": 0,
							"Filter": [
								"5c0111ab0db834001966914d",
								"560838c94bdc2d77798b4569",
								"5b363dea5acfc4771e1c5e7e"
							]
						}
					]
				},
				"_required": false,
				"_mergeSlotWithChildren": false,
				"_proto": "55d30c4c4bdc2db4468b457e"
			},
			{
				"_name": "mod_mount",
				"_id": "5dfe4057e9dc277128008b42",
				"_parent": "560837154bdc2da74d8b4568",
				"_props": {
					"filters": [
						{
							"Shift": 0,
							"Filter": [
								"5dfe14f30b92095fd441edaf"
							]
						}
					]
				},
				"_required": false,
				"_mergeSlotWithChildren": false,
				"_proto": "55d30c4c4bdc2db4468b457e"
			}
		],
		"CanPutIntoDuringTheRaid": true,
		"CantRemoveFromSlotsDuringRaid": [],
		"Durability": 100,
		"Accuracy": 0,
		"Recoil": -6,
		"Loudness": 0,
		"EffectiveDistance": 0,
		"Ergonomics": -8,
		"Velocity": 13.5,
		"RaidModdable": false,
		"ToolModdable": true,
		"BlocksFolding": false,
		"BlocksCollapsible": false,
		"IsAnimated": false,
		"HasShoulderContact": false,
		"SightingRange": 0,
		"CenterOfImpact": 0.87,
		"ShotgunDispersion": 1.6,
		"IsSilencer": false
	},
	"_proto": "55d449444bdc2d962f8b456d"
}