{
	"_id": "5648b62b4bdc2d9d488b4585",
	"_name": "launcher_ak74_izhmash_gp34",
	"_parent": "55818b014bdc2ddc698b456b",
	"_type": "Item",
	"_props": {
		"Name": "ГП-34",
		"ShortName": "ГП-34",
		"Description": "",
		"Weight": 0,
		"BackgroundColor": "blue",
		"Width": 1,
		"Height": 1,
		"StackMaxSize": 1,
		"Rarity": "Not_exist",
		"SpawnChance": 30,
		"CreditsPrice": 50900,
		"ItemSound": "mod",
		"Prefab": {
			"path": "assets/content/items/mods/launchers/gp34/launcher_ak74_izhmash_gp34.bundle",
			"rcid": ""
		},
		"UsePrefab": {
			"path": "",
			"rcid": ""
		},
		"StackObjectsCount": 1,
		"NotShownInSlot": false,
		"ExaminedByDefault": true,
		"ExamineTime": 1,
		"IsUndiscardable": false,
		"IsUnsaleable": false,
		"IsUnbuyable": false,
		"IsUngivable": false,
		"IsLockedafterEquip": false,
		"QuestItem": false,
		"LootExperience": 20,
		"ExamineExperience": 10,
		"HideEntrails": false,
		"RepairCost": 0,
		"RepairSpeed": 0,
		"ExtraSizeLeft": 0,
		"ExtraSizeRight": 0,
		"ExtraSizeUp": 0,
		"ExtraSizeDown": 0,
		"ExtraSizeForceAdd": false,
		"MergesWithChildren": true,
		"CanSellOnRagfair": true,
		"CanRequireOnRagfair": true,
		"BannedFromRagfair": false,
		"ConflictingItems": [],
		"FixedPrice": false,
		"Unlootable": false,
		"UnlootableFromSlot": "FirstPrimaryWeapon",
		"UnlootableFromSide": [],
		"ChangePriceCoef": 1,
		"AllowSpawnOnLocations": [],
		"SendToClient": false,
		"AnimationVariantsNumber": 0,
		"DiscardingBlock": false,
		"Grids": [],
		"Slots": [
			{
				"_name": "launcher_0_grenade",
				"_id": "5707ace7d2720b407b8b4567",
				"_parent": "5648b62b4bdc2d9d488b4585",
				"_props": {
					"filters": [
						{
							"Filter": [
								"5656eb674bdc2d35148b457c"
							]
						}
					]
				},
				"_required": false,
				"_mergeSlotWithChildren": false,
				"_proto": "55d4af244bdc2d962f8b4571"
			}
		],
		"CanPutIntoDuringTheRaid": true,
		"CantRemoveFromSlotsDuringRaid": [],
		"Durability": 100,
		"Accuracy": 0,
		"Recoil": -1,
		"Loudness": 0,
		"EffectiveDistance": 0,
		"Ergonomics": -2,
		"Velocity": 0,
		"RaidModdable": true,
		"ToolModdable": false,
		"BlocksFolding": true,
		"BlocksCollapsible": false,
		"IsAnimated": true,
		"HasShoulderContact": false,
		"SightingRange": 0
	}
}