{
	"_id": "5648b6ff4bdc2d3d1c8b4581",
	"_name": "mount_ak_tactica_tula_10000",
	"_parent": "55818b224bdc2dde698b456f",
	"_type": "Item",
	"_props": {
		"Name": "mount_ak_tactica_tula_10000",
		"ShortName": "mount_ak_tactica_tula_10000",
		"Description": "mount_ak_tactica_tula_10000",
		"Weight": 0,
		"BackgroundColor": "blue",
		"Width": 1,
		"Height": 1,
		"StackMaxSize": 1,
		"Rarity": "Not_exist",
		"SpawnChance": 10,
		"CreditsPrice": 9209,
		"ItemSound": "mod",
		"Prefab": {
			"path": "assets/content/items/mods/mounts/mount_ak_tactica_tula_10000.bundle",
			"rcid": ""
		},
		"UsePrefab": {
			"path": "",
			"rcid": ""
		},
		"StackObjectsCount": 1,
		"NotShownInSlot": false,
		"ExaminedByDefault": true,
		"ExamineTime": 1,
		"IsUndiscardable": false,
		"IsUnsaleable": false,
		"IsUnbuyable": false,
		"IsUngivable": false,
		"IsLockedafterEquip": false,
		"QuestItem": false,
		"LootExperience": 10,
		"ExamineExperience": 5,
		"HideEntrails": false,
		"RepairCost": 0,
		"RepairSpeed": 0,
		"ExtraSizeLeft": 0,
		"ExtraSizeRight": 0,
		"ExtraSizeUp": 0,
		"ExtraSizeDown": 0,
		"ExtraSizeForceAdd": false,
		"MergesWithChildren": true,
		"CanSellOnRagfair": true,
		"CanRequireOnRagfair": true,
		"BannedFromRagfair": false,
		"ConflictingItems": [
			"5947db3f86f77447880cf76f",
			"57486e672459770abd687134",
			"5c82342f2e221644f31c060e",
			"576fd4ec2459777f0b518431",
			"5c82343a2e221644f31c0611",
			"5cf638cbd7f00c06595bc936",
			"5a7c74b3e899ef0014332c29",
			"591ee00d86f774592f7b841e",
			"5d0a29ead7ad1a0026013f27",
			"57acb6222459771ec34b5cb0",
			"5c61a40d2e2216001403158d",
			"5c90c3622e221601da359851"
		],
		"FixedPrice": false,
		"Unlootable": false,
		"UnlootableFromSlot": "FirstPrimaryWeapon",
		"UnlootableFromSide": [],
		"ChangePriceCoef": 1,
		"AllowSpawnOnLocations": [],
		"SendToClient": false,
		"AnimationVariantsNumber": 0,
		"DiscardingBlock": false,
		"Grids": [],
		"Slots": [
			{
				"_name": "mod_scope",
				"_id": "5648b85e4bdc2d16268b4579",
				"_parent": "5648b6ff4bdc2d3d1c8b4581",
				"_props": {
					"filters": [
						{
							"Shift": 0,
							"Filter": [
								"57ac965c24597706be5f975c",
								"57aca93d2459771f2c7e26db",
								"544a3a774bdc2d3a388b4567",
								"57adff4f24597737f373b6e6",
								"5c0517910db83400232ffee5",
								"591c4efa86f7741030027726",
								"570fd79bd2720bc7458b4583",
								"570fd6c2d2720bc6458b457f",
								"558022b54bdc2dac148b458d",
								"5c07dd120db834001c39092d",
								"5c0a2cec0db834001b7ce47d",
								"58491f3324597764bc48fa02",
								"584924ec24597768f12ae244",
								"5b30b0dc5acfc400153b7124",
								"5c0505e00db834001b735073",
								"584984812459776a704a82a6",
								"59f9d81586f7744c7506ee62",
								"570fd721d2720bc5458b4596",
								"57ae0171245977343c27bfcf",
								"58d39d3d86f77445bb794ae7",
								"5c7d55f52e221644f31bff6a",
								"5b3b6dc75acfc47a8773fb1e",
								"5b2389515acfc4771e1be0c0",
								"577d128124597739d65d0e56",
								"5c86592b2e2216000e69e77c",
								"5a37ca54c4a282000d72296a",
								"5d0a29fed7ad1a002769ad08",
								"58d2664f86f7747fec5834f6",
								"57c69dd424597774c03b7bbc",
								"5b3b99265acfc4704b4a1afb",
								"5aa66a9be5b5b0214e506e89",
								"5aa66c72e5b5b00016327c93",
								"5c1cdd302e221602b3137250",
								"5b31163c5acfc400153b71cb",
								"5a33b652c4a28232996e407c",
								"5a33b2c9c4a282000c5a9511",
								"59db7eed86f77461f8380365",
								"5a1ead28fcdbcb001912fa9f"
							]
						}
					]
				},
				"_required": false,
				"_mergeSlotWithChildren": false,
				"_proto": "55d30c4c4bdc2db4468b457e"
			}
		],
		"CanPutIntoDuringTheRaid": true,
		"CantRemoveFromSlotsDuringRaid": [],
		"Durability": 100,
		"Accuracy": 0,
		"Recoil": 0,
		"Loudness": 0,
		"EffectiveDistance": 0,
		"Ergonomics": 0,
		"Velocity": 0,
		"RaidModdable": false,
		"ToolModdable": true,
		"BlocksFolding": false,
		"BlocksCollapsible": false,
		"IsAnimated": false,
		"HasShoulderContact": false,
		"SightingRange": 0
	},
	"_proto": "55f96d6f4bdc2d5f408b4578"
}