{
	"_id": "5649be884bdc2d79388b4577",
	"_name": "stock_ar15_colt_stock_tube_std",
	"_parent": "55818a594bdc2db9688b456a",
	"_type": "Item",
	"_props": {
		"Name": "Труба приклада Colt",
		"ShortName": "CST",
		"Description": "Труба для установки телескопических прикладов производства компании Colt.",
		"Weight": 0,
		"BackgroundColor": "blue",
		"Width": 2,
		"Height": 1,
		"StackMaxSize": 1,
		"Rarity": "Not_exist",
		"SpawnChance": 42,
		"CreditsPrice": 1175,
		"ItemSound": "mod",
		"Prefab": {
			"path": "assets/content/items/mods/stocks/stock_ar15_colt_stock_tube_std.bundle",
			"rcid": ""
		},
		"UsePrefab": {
			"path": "",
			"rcid": ""
		},
		"StackObjectsCount": 1,
		"NotShownInSlot": false,
		"ExaminedByDefault": true,
		"ExamineTime": 1,
		"IsUndiscardable": false,
		"IsUnsaleable": false,
		"IsUnbuyable": false,
		"IsUngivable": false,
		"IsLockedafterEquip": false,
		"QuestItem": false,
		"LootExperience": 10,
		"ExamineExperience": 5,
		"HideEntrails": false,
		"RepairCost": 0,
		"RepairSpeed": 0,
		"ExtraSizeLeft": 0,
		"ExtraSizeRight": 1,
		"ExtraSizeUp": 0,
		"ExtraSizeDown": 0,
		"ExtraSizeForceAdd": true,
		"MergesWithChildren": true,
		"CanSellOnRagfair": true,
		"CanRequireOnRagfair": true,
		"BannedFromRagfair": false,
		"ConflictingItems": [],
		"FixedPrice": false,
		"Unlootable": false,
		"UnlootableFromSlot": "FirstPrimaryWeapon",
		"UnlootableFromSide": [],
		"ChangePriceCoef": 1,
		"AllowSpawnOnLocations": [],
		"SendToClient": false,
		"AnimationVariantsNumber": 0,
		"DiscardingBlock": false,
		"Grids": [],
		"Slots": [
			{
				"_name": "mod_stock_000",
				"_id": "5649dbce4bdc2d9d198b456c",
				"_parent": "5649be884bdc2d79388b4577",
				"_props": {
					"filters": [
						{
							"Shift": 0,
							"Filter": [
								"5a9eb32da2750c00171b3f9c",
								"5bfe86df0db834001b734685",
								"55d4ae6c4bdc2d8b2f8b456e",
								"5c87a07c2e2216001219d4a2",
								"5bb20e70d4351e0035629f8f",
								"5beec8c20db834001d2c465c",
								"5ae30c9a5acfc408fb139a03",
								"5d135e83d7ad1a21b83f42d8",
								"5d135ecbd7ad1a21c176542e",
								"56eabf3bd2720b75698b4569",
								"58d2946386f774496974c37e",
								"58d2946c86f7744e271174b5",
								"58d2947686f774485c6a1ee5",
								"58d2947e86f77447aa070d53",
								"5d44069ca4b9361ebd26fc37",
								"5d4406a8a4b9361e4f6eb8b7",
								"5947c73886f7747701588af5",
								"5c793fde2e221601da358614",
								"5b39f8db5acfc40016387a1b"
							]
						}
					]
				},
				"_required": false,
				"_mergeSlotWithChildren": false,
				"_proto": "55d30c4c4bdc2db4468b457e"
			}
		],
		"CanPutIntoDuringTheRaid": true,
		"CantRemoveFromSlotsDuringRaid": [],
		"Durability": 100,
		"Accuracy": 0,
		"Recoil": -1,
		"Loudness": 0,
		"EffectiveDistance": 0,
		"Ergonomics": 0,
		"Velocity": 0,
		"RaidModdable": false,
		"ToolModdable": true,
		"BlocksFolding": false,
		"BlocksCollapsible": false,
		"IsAnimated": false,
		"HasShoulderContact": true,
		"SightingRange": 0,
		"IsShoulderContact": false,
		"Foldable": false,
		"Retractable": false,
		"SizeReduceRight": 0
	},
	"_proto": "5649b2314bdc2d79388b4576"
}