{
	"_id": "5649b2314bdc2d79388b4576",
	"_name": "stock_ak_utg_sfs_adapter",
	"_parent": "55818a594bdc2db9688b456a",
	"_type": "Item",
	"_props": {
		"Name": "stock_ak_utg_sfs_adapter",
		"ShortName": "stock_ak_utg_sfs_adapter",
		"Description": "stock_ak_utg_sfs_adapter",
		"Weight": 0,
		"BackgroundColor": "blue",
		"Width": 1,
		"Height": 1,
		"StackMaxSize": 1,
		"Rarity": "Not_exist",
		"SpawnChance": 10,
		"CreditsPrice": 5053,
		"ItemSound": "mod",
		"Prefab": {
			"path": "assets/content/items/mods/stocks/stock_ak_utg_sfs_adapter.bundle",
			"rcid": ""
		},
		"UsePrefab": {
			"path": "",
			"rcid": ""
		},
		"StackObjectsCount": 1,
		"NotShownInSlot": false,
		"ExaminedByDefault": true,
		"ExamineTime": 1,
		"IsUndiscardable": false,
		"IsUnsaleable": false,
		"IsUnbuyable": false,
		"IsUngivable": false,
		"IsLockedafterEquip": false,
		"QuestItem": false,
		"LootExperience": 10,
		"ExamineExperience": 4,
		"HideEntrails": false,
		"RepairCost": 0,
		"RepairSpeed": 0,
		"ExtraSizeLeft": 0,
		"ExtraSizeRight": 0,
		"ExtraSizeUp": 0,
		"ExtraSizeDown": 0,
		"ExtraSizeForceAdd": false,
		"MergesWithChildren": true,
		"CanSellOnRagfair": true,
		"CanRequireOnRagfair": true,
		"BannedFromRagfair": false,
		"ConflictingItems": [],
		"FixedPrice": false,
		"Unlootable": false,
		"UnlootableFromSlot": "FirstPrimaryWeapon",
		"UnlootableFromSide": [],
		"ChangePriceCoef": 1,
		"AllowSpawnOnLocations": [],
		"SendToClient": false,
		"AnimationVariantsNumber": 0,
		"DiscardingBlock": false,
		"Grids": [],
		"Slots": [
			{
				"_name": "mod_stock",
				"_id": "5649db764bdc2d363b8b4583",
				"_parent": "5649b2314bdc2d79388b4576",
				"_props": {
					"filters": [
						{
							"Shift": 0,
							"Filter": [
								"57ade1442459771557167e15",
								"5a33ca0fc4a282000d72292f",
								"5c0faeddd174af02a962601f",
								"5649be884bdc2d79388b4577",
								"5d120a10d7ad1a4e1026ba85",
								"5b0800175acfc400153aebd4",
								"5bb20e58d4351e00320205d7",
								"5947e98b86f774778f1448bc",
								"5947eab886f77475961d96c5",
								"5c793fb92e221644f31bfb64",
								"5c793fc42e221600114ca25d",
								"591aef7986f774139d495f03",
								"591af10186f774139d495f0e"
							]
						}
					]
				},
				"_required": false,
				"_mergeSlotWithChildren": false,
				"_proto": "55d30c4c4bdc2db4468b457e"
			}
		],
		"CanPutIntoDuringTheRaid": true,
		"CantRemoveFromSlotsDuringRaid": [],
		"Durability": 100,
		"Accuracy": 0,
		"Recoil": -2,
		"Loudness": 0,
		"EffectiveDistance": 0,
		"Ergonomics": -1,
		"Velocity": 0,
		"RaidModdable": false,
		"ToolModdable": true,
		"BlocksFolding": false,
		"BlocksCollapsible": false,
		"IsAnimated": false,
		"HasShoulderContact": false,
		"SightingRange": 0,
		"IsShoulderContact": false,
		"Foldable": false,
		"Retractable": false,
		"SizeReduceRight": 0
	},
	"_proto": "5649b1c04bdc2d16268b457c"
}