{
	"_id": "56742c324bdc2d150f8b456d",
	"_name": "phone",
	"_parent": "57864a66245977548f04a81f",
	"_type": "Item",
	"_props": {
		"Name": "Broken GPhone",
		"ShortName": "GPhone",
		"Description": "GPhone 9s",
		"Weight": 0,
		"BackgroundColor": "blue",
		"Width": 1,
		"Height": 1,
		"StackMaxSize": 1,
		"Rarity": "Superrare",
		"SpawnChance": 5,
		"CreditsPrice": 18682,
		"ItemSound": "generic",
		"Prefab": {
			"path": "assets/content/items/barter/phone/item_phone.bundle",
			"rcid": ""
		},
		"UsePrefab": {
			"path": "",
			"rcid": ""
		},
		"StackObjectsCount": 1,
		"NotShownInSlot": false,
		"ExaminedByDefault": true,
		"ExamineTime": 1,
		"IsUndiscardable": false,
		"IsUnsaleable": false,
		"IsUnbuyable": false,
		"IsUngivable": false,
		"IsLockedafterEquip": false,
		"QuestItem": false,
		"LootExperience": 30,
		"ExamineExperience": 10,
		"HideEntrails": false,
		"RepairCost": 0,
		"RepairSpeed": 0,
		"ExtraSizeLeft": 0,
		"ExtraSizeRight": 0,
		"ExtraSizeUp": 0,
		"ExtraSizeDown": 0,
		"ExtraSizeForceAdd": false,
		"MergesWithChildren": false,
		"CanSellOnRagfair": true,
		"CanRequireOnRagfair": true,
		"BannedFromRagfair": false,
		"ConflictingItems": [],
		"FixedPrice": false,
		"Unlootable": false,
		"UnlootableFromSlot": "FirstPrimaryWeapon",
		"UnlootableFromSide": [],
		"ChangePriceCoef": 1,
		"AllowSpawnOnLocations": [],
		"SendToClient": false,
		"AnimationVariantsNumber": 0,
		"DiscardingBlock": false,
		"MaxResource": 0,
		"Resource": 0
	}
}