{
	"_id": "569668774bdc2da2298b4568",
	"_name": "Евро",
	"_parent": "543be5dd4bdc2deb348b4569",
	"_type": "Item",
	"_props": {
		"Name": "Euros",
		"ShortName": "Euros",
		"Description": "Несколько банкнот пока еще котирующихся российских рублей",
		"Weight": 0,
		"BackgroundColor": "green",
		"Width": 1,
		"Height": 1,
		"StackMaxSize": 50000,
		"Rarity": "Superrare",
		"SpawnChance": 10,
		"CreditsPrice": 0,
		"ItemSound": "item_money",
		"Prefab": {
			"path": "assets/content/items/money/item_money_euro_small.bundle",
			"rcid": ""
		},
		"UsePrefab": {
			"path": "",
			"rcid": ""
		},
		"StackObjectsCount": 1,
		"NotShownInSlot": false,
		"ExaminedByDefault": true,
		"ExamineTime": 1,
		"IsUndiscardable": false,
		"IsUnsaleable": false,
		"IsUnbuyable": false,
		"IsUngivable": false,
		"IsLockedafterEquip": false,
		"QuestItem": false,
		"LootExperience": 0,
		"ExamineExperience": 10,
		"HideEntrails": false,
		"RepairCost": 0,
		"RepairSpeed": 0,
		"ExtraSizeLeft": 0,
		"ExtraSizeRight": 0,
		"ExtraSizeUp": 0,
		"ExtraSizeDown": 0,
		"ExtraSizeForceAdd": false,
		"MergesWithChildren": false,
		"CanSellOnRagfair": false,
		"CanRequireOnRagfair": true,
		"BannedFromRagfair": false,
		"ConflictingItems": [],
		"FixedPrice": true,
		"Unlootable": false,
		"UnlootableFromSlot": "FirstPrimaryWeapon",
		"UnlootableFromSide": [],
		"ChangePriceCoef": 1,
		"AllowSpawnOnLocations": [],
		"SendToClient": false,
		"AnimationVariantsNumber": 0,
		"DiscardingBlock": false,
		"StackMinRandom": 35,
		"StackMaxRandom": 90,
		"type": "EUR",
		"eqMin": 35,
		"eqMax": 90,
		"rate": 1
	},
	"_proto": "5696686a4bdc2da3298b456a"
}