{
	"_id": "56ea8180d2720bf2698b456a",
	"_name": "muzzle_ar15_kac_qd_compensator_556x45",
	"_parent": "550aa4bf4bdc2dd6348b456b",
	"_type": "Item",
	"_props": {
		"Name": "muzzle_ar15_kac_qd_compensator_556x45",
		"ShortName": "muzzle_ar15_kac_qd_compensator_556x45",
		"Description": "muzzle_ar15_kac_qd_compensator_556x45",
		"Weight": 0,
		"BackgroundColor": "blue",
		"Width": 1,
		"Height": 1,
		"StackMaxSize": 1,
		"Rarity": "Not_exist",
		"SpawnChance": 10,
		"CreditsPrice": 5500,
		"ItemSound": "mod",
		"Prefab": {
			"path": "assets/content/items/mods/muzzle/muzzle_ar15_kac_qd_compensator_556x45.bundle",
			"rcid": ""
		},
		"UsePrefab": {
			"path": "",
			"rcid": ""
		},
		"StackObjectsCount": 1,
		"NotShownInSlot": false,
		"ExaminedByDefault": true,
		"ExamineTime": 1,
		"IsUndiscardable": false,
		"IsUnsaleable": false,
		"IsUnbuyable": false,
		"IsUngivable": false,
		"IsLockedafterEquip": false,
		"QuestItem": false,
		"LootExperience": 20,
		"ExamineExperience": 5,
		"HideEntrails": false,
		"RepairCost": 0,
		"RepairSpeed": 0,
		"ExtraSizeLeft": 0,
		"ExtraSizeRight": 0,
		"ExtraSizeUp": 0,
		"ExtraSizeDown": 0,
		"ExtraSizeForceAdd": false,
		"MergesWithChildren": true,
		"CanSellOnRagfair": true,
		"CanRequireOnRagfair": true,
		"BannedFromRagfair": false,
		"ConflictingItems": [],
		"FixedPrice": false,
		"Unlootable": false,
		"UnlootableFromSlot": "FirstPrimaryWeapon",
		"UnlootableFromSide": [],
		"ChangePriceCoef": 1,
		"AllowSpawnOnLocations": [],
		"SendToClient": false,
		"AnimationVariantsNumber": 0,
		"DiscardingBlock": false,
		"Grids": [],
		"Slots": [
			{
				"_name": "mod_muzzle",
				"_id": "57da91d72459771cb524d22c",
				"_parent": "56ea8180d2720bf2698b456a",
				"_props": {
					"filters": [
						{
							"Shift": 0,
							"Filter": [
								"57da93632459771cb65bf83f",
								"57dbb57e2459774673234890"
							]
						}
					]
				},
				"_required": false,
				"_mergeSlotWithChildren": false,
				"_proto": "55d30c4c4bdc2db4468b457e"
			}
		],
		"CanPutIntoDuringTheRaid": true,
		"CantRemoveFromSlotsDuringRaid": [],
		"Durability": 100,
		"Accuracy": 3,
		"Recoil": -5,
		"Loudness": 0,
		"EffectiveDistance": 0,
		"Ergonomics": 0,
		"Velocity": 0.5,
		"RaidModdable": true,
		"ToolModdable": false,
		"BlocksFolding": false,
		"BlocksCollapsible": false,
		"IsAnimated": false,
		"HasShoulderContact": false,
		"SightingRange": 0,
		"muzzleModType": "conpensator"
	},
	"_proto": "544a38634bdc2d58388b4568"
}