{
	"_id": "57235b6f24597759bf5a30f1",
	"_name": "nvg_pvs_14",
	"_parent": "5a2c3a9486f774688b05e574",
	"_type": "Item",
	"_props": {
		"Name": "ПНВ",
		"ShortName": "ПНВ",
		"Description": "ПНВ",
		"Weight": 0,
		"BackgroundColor": "default",
		"Width": 1,
		"Height": 1,
		"StackMaxSize": 1,
		"Rarity": "Not_exist",
		"SpawnChance": 1,
		"CreditsPrice": 91951,
		"ItemSound": "gear_goggles",
		"Prefab": {
			"path": "assets/content/items/equipment/customizable/pvs_14/nvg_pvs_14.bundle",
			"rcid": ""
		},
		"UsePrefab": {
			"path": "",
			"rcid": ""
		},
		"StackObjectsCount": 1,
		"NotShownInSlot": false,
		"ExaminedByDefault": true,
		"ExamineTime": 1,
		"IsUndiscardable": false,
		"IsUnsaleable": false,
		"IsUnbuyable": false,
		"IsUngivable": false,
		"IsLockedafterEquip": false,
		"QuestItem": false,
		"LootExperience": 20,
		"ExamineExperience": 10,
		"HideEntrails": false,
		"RepairCost": 0,
		"RepairSpeed": 0,
		"ExtraSizeLeft": 0,
		"ExtraSizeRight": 0,
		"ExtraSizeUp": 0,
		"ExtraSizeDown": 0,
		"ExtraSizeForceAdd": false,
		"MergesWithChildren": false,
		"CanSellOnRagfair": true,
		"CanRequireOnRagfair": true,
		"BannedFromRagfair": false,
		"ConflictingItems": [],
		"FixedPrice": false,
		"Unlootable": false,
		"UnlootableFromSlot": "FirstPrimaryWeapon",
		"UnlootableFromSide": [
			"Bear",
			"Usec",
			"Savage"
		],
		"ChangePriceCoef": 1,
		"AllowSpawnOnLocations": [],
		"SendToClient": false,
		"AnimationVariantsNumber": 0,
		"DiscardingBlock": false,
		"Grids": [],
		"Slots": [],
		"CanPutIntoDuringTheRaid": true,
		"CantRemoveFromSlotsDuringRaid": [],
		"Durability": 100,
		"Accuracy": 0,
		"Recoil": 0,
		"Loudness": 0,
		"EffectiveDistance": 0,
		"Ergonomics": 0,
		"Velocity": 0,
		"RaidModdable": true,
		"ToolModdable": false,
		"BlocksFolding": false,
		"BlocksCollapsible": false,
		"IsAnimated": false,
		"HasShoulderContact": false,
		"SightingRange": 0,
		"sightModType": "iron",
		"variableZoom": false,
		"varZoomCount": 0,
		"varZoomAdd": 0,
		"aimingSensitivity": 0.2,
		"SightModesCount": 1,
		"OpticCalibrationDistances": [
			50,
			100,
			150,
			200
		],
		"Intensity": 2.27,
		"Mask": "OldMonocular",
		"MaskSize": 1.2,
		"NoiseIntensity": 0.02,
		"NoiseScale": 5,
		"Color": {
			"r": 183,
			"g": 255,
			"b": 86,
			"a": 254
		},
		"DiffuseIntensity": 0.022,
		"HasHinge": true
	},
	"_proto": "557ff21e4bdc2d89578b4586"
}