{
	"_id": "572b7d8524597762b472f9d1",
	"_name": "cap",
	"_parent": "5a341c4086f77401f2541505",
	"_type": "Item",
	"_props": {
		"Name": "Cap",
		"ShortName": "Cap",
		"Description": "Cap",
		"Weight": 0,
		"BackgroundColor": "default",
		"Width": 1,
		"Height": 1,
		"StackMaxSize": 1,
		"Rarity": "Common",
		"SpawnChance": 7,
		"CreditsPrice": 1021,
		"ItemSound": "gear_helmet",
		"Prefab": {
			"path": "assets/content/items/equipment/head_capsuperman/item_equipment_head_capsuperman.bundle",
			"rcid": ""
		},
		"UsePrefab": {
			"path": "",
			"rcid": ""
		},
		"StackObjectsCount": 1,
		"NotShownInSlot": false,
		"ExaminedByDefault": true,
		"ExamineTime": 1,
		"IsUndiscardable": false,
		"IsUnsaleable": false,
		"IsUnbuyable": false,
		"IsUngivable": false,
		"IsLockedafterEquip": false,
		"QuestItem": false,
		"LootExperience": 20,
		"ExamineExperience": 10,
		"HideEntrails": false,
		"RepairCost": 0,
		"RepairSpeed": 0,
		"ExtraSizeLeft": 0,
		"ExtraSizeRight": 0,
		"ExtraSizeUp": 0,
		"ExtraSizeDown": 0,
		"ExtraSizeForceAdd": false,
		"MergesWithChildren": false,
		"CanSellOnRagfair": true,
		"CanRequireOnRagfair": true,
		"BannedFromRagfair": false,
		"ConflictingItems": [],
		"FixedPrice": false,
		"Unlootable": false,
		"UnlootableFromSlot": "FirstPrimaryWeapon",
		"UnlootableFromSide": [],
		"ChangePriceCoef": 1,
		"AllowSpawnOnLocations": [],
		"SendToClient": false,
		"AnimationVariantsNumber": 0,
		"DiscardingBlock": false,
		"Grids": [],
		"Slots": [],
		"CanPutIntoDuringTheRaid": true,
		"CantRemoveFromSlotsDuringRaid": [],
		"BlocksEarpiece": false,
		"BlocksEyewear": false,
		"BlocksHeadwear": false,
		"BlocksFaceCover": false,
		"Durability": 100,
		"MaxDurability": 100,
		"armorClass": "0",
		"speedPenaltyPercent": 0,
		"mousePenalty": 0,
		"weaponErgonomicPenalty": 0,
		"armorZone": [],
		"Indestructibility": 0.9,
		"headSegments": [],
		"FaceShieldComponent": false,
		"FaceShieldMask": "NoMask",
		"HasHinge": false,
		"MaterialType": "BodyArmor",
		"RicochetParams": {
			"x": 0,
			"y": 0,
			"z": 80
		},
		"DeafStrength": "None",
		"BluntThroughput": 0,
		"ArmorMaterial": "UHMWPE"
	},
	"_proto": "5645bc214bdc2d363b8b4571"
}