{
	"_id": "5734773724597737fd047c14",
	"_name": "condensed_milk",
	"_parent": "5448e8d04bdc2ddf718b4569",
	"_type": "Item",
	"_props": {
		"Name": "Condensed milk",
		"ShortName": "Condensed milk",
		"Description": "Condensed milk",
		"Weight": 0,
		"BackgroundColor": "orange",
		"Width": 1,
		"Height": 1,
		"StackMaxSize": 1,
		"Rarity": "Rare",
		"SpawnChance": 17,
		"CreditsPrice": 24943,
		"ItemSound": "food_tin_can",
		"Prefab": {
			"path": "assets/content/weapons/usable_items/item_food_condensed_milk/item_food_condensed_milk_loot.bundle",
			"rcid": ""
		},
		"UsePrefab": {
			"path": "assets/content/weapons/usable_items/item_food_condensed_milk/item_food_condensed_milk_container.bundle",
			"rcid": ""
		},
		"StackObjectsCount": 1,
		"NotShownInSlot": false,
		"ExaminedByDefault": true,
		"ExamineTime": 1,
		"IsUndiscardable": false,
		"IsUnsaleable": false,
		"IsUnbuyable": false,
		"IsUngivable": false,
		"IsLockedafterEquip": false,
		"QuestItem": false,
		"LootExperience": 50,
		"ExamineExperience": 20,
		"HideEntrails": false,
		"RepairCost": 0,
		"RepairSpeed": 0,
		"ExtraSizeLeft": 0,
		"ExtraSizeRight": 0,
		"ExtraSizeUp": 0,
		"ExtraSizeDown": 0,
		"ExtraSizeForceAdd": false,
		"MergesWithChildren": false,
		"CanSellOnRagfair": true,
		"CanRequireOnRagfair": true,
		"BannedFromRagfair": false,
		"ConflictingItems": [],
		"FixedPrice": false,
		"Unlootable": false,
		"UnlootableFromSlot": "FirstPrimaryWeapon",
		"UnlootableFromSide": [],
		"ChangePriceCoef": 1,
		"AllowSpawnOnLocations": [],
		"SendToClient": false,
		"AnimationVariantsNumber": 0,
		"DiscardingBlock": false,
		"foodUseTime": 4,
		"foodEffectType": "afterUse",
		"MaxResource": 1,
		"StimulatorBuffs": "Buffs_food_condensed_milk",
		"effects_health": {
			"common": {
				"value": 0,
				"percent": false,
				"time": 0,
				"duration": 0
			},
			"head": {
				"value": 0,
				"percent": false,
				"time": 0,
				"duration": 0
			},
			"arm_left": {
				"value": 0,
				"percent": false,
				"time": 0,
				"duration": 0
			},
			"arm_right": {
				"value": 0,
				"percent": false,
				"time": 0,
				"duration": 0
			},
			"chest": {
				"value": 0,
				"percent": false,
				"time": 0,
				"duration": 0
			},
			"tummy": {
				"value": 0,
				"percent": false,
				"time": 0,
				"duration": 0
			},
			"leg_left": {
				"value": 0,
				"percent": false,
				"time": 0,
				"duration": 0
			},
			"leg_right": {
				"value": 0,
				"percent": false,
				"time": 0,
				"duration": 0
			},
			"energy": {
				"value": 75,
				"percent": false,
				"time": 0,
				"duration": 0
			},
			"hydration": {
				"value": -65,
				"percent": false,
				"time": 0,
				"duration": 0
			}
		},
		"effects_damage": {
			"bloodloss": {
				"remove": false,
				"time": 0,
				"duration": 0
			},
			"fracture": {
				"remove": false,
				"time": 0,
				"duration": 0
			},
			"pain": {
				"remove": false,
				"time": 0,
				"duration": 0
			},
			"contusion": {
				"remove": false,
				"time": 0,
				"duration": 0
			},
			"toxication": {
				"remove": false,
				"time": 0,
				"duration": 0
			},
			"radExposure": {
				"remove": false,
				"time": 0,
				"duration": 0
			}
		},
		"effects_speed": {
			"mobility": {
				"value": 0,
				"percent": false,
				"time": 0,
				"duration": 0
			},
			"recoil": {
				"value": 0,
				"percent": false,
				"time": 0,
				"duration": 0
			},
			"reloadSpeed": {
				"value": 0,
				"percent": false,
				"time": 0,
				"duration": 0
			},
			"lootSpeed": {
				"value": 0,
				"percent": false,
				"time": 0,
				"duration": 0
			},
			"unlockSpeed": {
				"value": 0,
				"percent": false,
				"time": 0,
				"duration": 0
			}
		}
	},
	"_proto": "5734770f24597738025ee254"
}