{
	"_id": "57372e4a24597768553071c2",
	"_name": "item_ammo_box_545x39_30_PRS",
	"_parent": "543be5cb4bdc2deb348b4568",
	"_type": "Item",
	"_props": {
		"Name": "ammo_box_545x39_30_PRS",
		"ShortName": "ammo_box_545x39_30_PRS",
		"Description": "ammo_box_545x39_30_PRS",
		"Weight": 0,
		"BackgroundColor": "yellow",
		"Width": 1,
		"Height": 1,
		"StackMaxSize": 1,
		"Rarity": "Rare",
		"SpawnChance": 10,
		"CreditsPrice": 1,
		"ItemSound": "ammo_pack_generic",
		"Prefab": {
			"path": "assets/content/items/ammo/boxes/item_ammo_box_545x39_30.bundle",
			"rcid": ""
		},
		"UsePrefab": {
			"path": "",
			"rcid": ""
		},
		"StackObjectsCount": 1,
		"NotShownInSlot": false,
		"ExaminedByDefault": true,
		"ExamineTime": 1,
		"IsUndiscardable": false,
		"IsUnsaleable": false,
		"IsUnbuyable": false,
		"IsUngivable": false,
		"IsLockedafterEquip": false,
		"QuestItem": false,
		"LootExperience": 0,
		"ExamineExperience": 10,
		"HideEntrails": true,
		"RepairCost": 0,
		"RepairSpeed": 0,
		"ExtraSizeLeft": 0,
		"ExtraSizeRight": 0,
		"ExtraSizeUp": 0,
		"ExtraSizeDown": 0,
		"ExtraSizeForceAdd": false,
		"MergesWithChildren": false,
		"CanSellOnRagfair": true,
		"CanRequireOnRagfair": true,
		"BannedFromRagfair": false,
		"ConflictingItems": [],
		"FixedPrice": false,
		"Unlootable": false,
		"UnlootableFromSlot": "FirstPrimaryWeapon",
		"UnlootableFromSide": [],
		"ChangePriceCoef": 1,
		"AllowSpawnOnLocations": [],
		"SendToClient": false,
		"AnimationVariantsNumber": 0,
		"DiscardingBlock": false,
		"StackMinRandom": 30,
		"StackMaxRandom": 30,
		"ammoCaliber": "Caliber9x18PM",
		"StackSlots": [
			{
				"_name": "cartridges",
				"_id": "574d540a24597745a21eb3d9",
				"_parent": "57372e4a24597768553071c2",
				"_max_count": 30,
				"_props": {
					"filters": [
						{
							"Filter": [
								"56dff338d2720bbd668b4569"
							]
						}
					]
				},
				"_proto": "5748538b2459770af276a261"
			}
		]
	},
	"_proto": "57372db0245977685d4159b2"
}