{
	"_id": "576a581d2459771e7b1bc4f1",
	"_name": "weapon_izhmeh_mp443_9x19",
	"_parent": "5447b5cf4bdc2d65278b4567",
	"_type": "Item",
	"_props": {
		"Name": "mp443",
		"ShortName": "mp443",
		"Description": "mp443",
		"Weight": 0,
		"BackgroundColor": "black",
		"Width": 2,
		"Height": 1,
		"StackMaxSize": 1,
		"Rarity": "Common",
		"SpawnChance": 2,
		"CreditsPrice": 10437,
		"ItemSound": "weap_pistol",
		"Prefab": {
			"path": "assets/content/weapons/mp443/weapon_izhmeh_mp443_9x19_container.bundle",
			"rcid": ""
		},
		"UsePrefab": {
			"path": "",
			"rcid": ""
		},
		"StackObjectsCount": 1,
		"NotShownInSlot": false,
		"ExaminedByDefault": true,
		"ExamineTime": 1,
		"IsUndiscardable": false,
		"IsUnsaleable": false,
		"IsUnbuyable": false,
		"IsUngivable": false,
		"IsLockedafterEquip": false,
		"QuestItem": false,
		"LootExperience": 20,
		"ExamineExperience": 10,
		"HideEntrails": false,
		"RepairCost": 20,
		"RepairSpeed": 3,
		"ExtraSizeLeft": 0,
		"ExtraSizeRight": 0,
		"ExtraSizeUp": 0,
		"ExtraSizeDown": 0,
		"ExtraSizeForceAdd": false,
		"MergesWithChildren": true,
		"CanSellOnRagfair": true,
		"CanRequireOnRagfair": true,
		"BannedFromRagfair": false,
		"ConflictingItems": [],
		"FixedPrice": false,
		"Unlootable": false,
		"UnlootableFromSlot": "FirstPrimaryWeapon",
		"UnlootableFromSide": [],
		"ChangePriceCoef": 1,
		"AllowSpawnOnLocations": [],
		"SendToClient": false,
		"AnimationVariantsNumber": 0,
		"DiscardingBlock": false,
		"Grids": [],
		"Slots": [
			{
				"_name": "mod_mount",
				"_id": "576a59ce2459771e7c64ef24",
				"_parent": "576a581d2459771e7b1bc4f1",
				"_props": {
					"filters": [
						{
							"Shift": 0,
							"Filter": [
								"576a7c512459771e796e0e17"
							]
						}
					]
				},
				"_required": false,
				"_mergeSlotWithChildren": false,
				"_proto": "55d30c4c4bdc2db4468b457e"
			},
			{
				"_name": "mod_magazine",
				"_id": "576a69f42459771ea02a5618",
				"_parent": "576a581d2459771e7b1bc4f1",
				"_props": {
					"filters": [
						{
							"AnimationIndex": -1,
							"Filter": [
								"576a5ed62459771e9c2096cb"
							]
						}
					]
				},
				"_required": false,
				"_mergeSlotWithChildren": false,
				"_proto": "55d30c394bdc2dae468b4577"
			},
			{
				"_name": "mod_pistol_grip",
				"_id": "576a6a012459771e9f0215d7",
				"_parent": "576a581d2459771e7b1bc4f1",
				"_props": {
					"filters": [
						{
							"Shift": 0,
							"Filter": [
								"576a63cd2459771e796e0e11"
							]
						}
					]
				},
				"_required": true,
				"_mergeSlotWithChildren": false,
				"_proto": "55d30c4c4bdc2db4468b457e"
			}
		],
		"CanPutIntoDuringTheRaid": true,
		"CantRemoveFromSlotsDuringRaid": [],
		"weapClass": "pistol",
		"weapUseType": "secondary",
		"ammoCaliber": "Caliber9x19PARA",
		"Durability": 100,
		"MaxDurability": 100,
		"OperatingResource": 12000,
		"RepairComplexity": 0,
		"durabSpawnMin": 25,
		"durabSpawnMax": 75,
		"isFastReload": true,
		"RecoilForceUp": 520,
		"RecoilForceBack": 325,
		"Convergence": 5,
		"RecoilAngle": 85,
		"weapFireType": [
			"single"
		],
		"RecolDispersion": 20,
		"bFirerate": 30,
		"Ergonomics": 75,
		"Velocity": -1.74,
		"bEffDist": 50,
		"bHearDist": 80,
		"isChamberLoad": true,
		"chamberAmmoCount": 1,
		"isBoltCatch": true,
		"defMagType": "576a5ed62459771e9c2096cb",
		"defAmmo": "56d59d3ad2720bdb418b4577",
		"shotgunDispersion": 10,
		"Chambers": [
			{
				"_name": "patron_in_weapon",
				"_id": "576a599b2459771e7b1bc4f2",
				"_parent": "576a581d2459771e7b1bc4f1",
				"_props": {
					"filters": [
						{
							"Filter": [
								"5c3df7d588a4501f290594e5",
								"58864a4f2459770fcc257101",
								"56d59d3ad2720bdb418b4577",
								"5c925fa22e221601da359b7b",
								"5a3c16fe86f77452b62de32a",
								"5c0d56a986f774449d5de529"
							]
						}
					]
				},
				"_required": false,
				"_mergeSlotWithChildren": false,
				"_proto": "55d4af244bdc2d962f8b4571"
			}
		],
		"CameraRecoil": 0.05,
		"CameraSnap": 3.5,
		"ReloadMode": "ExternalMagazine",
		"CenterOfImpact": 0.6,
		"AimPlane": 0.026,
		"DeviationCurve": 1,
		"DeviationMax": 100,
		"Foldable": false,
		"Retractable": false,
		"TacticalReloadStiffnes": {
			"x": 0.95,
			"y": 0.33,
			"z": 0.95
		},
		"TacticalReloadFixation": 0.95,
		"RecoilCenter": {
			"x": 0,
			"y": -0.44,
			"z": -0.005
		},
		"RotationCenter": {
			"x": 0,
			"y": 0,
			"z": 0
		},
		"RotationCenterNoStock": {
			"x": 0,
			"y": -0.45,
			"z": -0.05
		},
		"SizeReduceRight": 0,
		"FoldedSlot": "",
		"CompactHandling": false,
		"SightingRange": 100,
		"MinRepairDegradation": 0,
		"MaxRepairDegradation": 0.01,
		"IronSightRange": 25,
		"MustBoltBeOpennedForExternalReload": false,
		"MustBoltBeOpennedForInternalReload": false,
		"BoltAction": false,
		"HipAccuracyRestorationDelay": 0.2,
		"HipAccuracyRestorationSpeed": 7,
		"HipInnaccuracyGain": 0.16,
		"ManualBoltCatch": false
	},
	"_proto": "56d59856d2720bd8418b456a"
}