{
	"_id": "576fd4ec2459777f0b518431",
	"_name": "scope_dovetail_belomo_pso_1m2-1_4×24",
	"_parent": "55818ae44bdc2dde698b456c",
	"_type": "Item",
	"_props": {
		"Name": "scope_dovetail_belomo_pso_1m2-1_4×24",
		"ShortName": "scope_dovetail_belomo_pso_1m2-1_4×24",
		"Description": "scope_dovetail_belomo_pso_1m2-1_4×24",
		"Weight": 0,
		"BackgroundColor": "blue",
		"Width": 2,
		"Height": 1,
		"StackMaxSize": 1,
		"Rarity": "Rare",
		"SpawnChance": 3,
		"CreditsPrice": 19784,
		"ItemSound": "mod",
		"Prefab": {
			"path": "assets/content/items/mods/scopes/scope_dovetail_belomo_pso_1m2_1_4x24.bundle",
			"rcid": ""
		},
		"UsePrefab": {
			"path": "",
			"rcid": ""
		},
		"StackObjectsCount": 1,
		"NotShownInSlot": false,
		"ExaminedByDefault": true,
		"ExamineTime": 1,
		"IsUndiscardable": false,
		"IsUnsaleable": false,
		"IsUnbuyable": false,
		"IsUngivable": false,
		"IsLockedafterEquip": false,
		"QuestItem": false,
		"LootExperience": 40,
		"ExamineExperience": 8,
		"HideEntrails": false,
		"RepairCost": 0,
		"RepairSpeed": 0,
		"ExtraSizeLeft": 0,
		"ExtraSizeRight": 0,
		"ExtraSizeUp": 0,
		"ExtraSizeDown": 0,
		"ExtraSizeForceAdd": false,
		"MergesWithChildren": true,
		"CanSellOnRagfair": true,
		"CanRequireOnRagfair": true,
		"BannedFromRagfair": false,
		"ConflictingItems": [
			"5947db3f86f77447880cf76f",
			"57486e672459770abd687134",
			"591ee00d86f774592f7b841e",
			"57acb6222459771ec34b5cb0",
			"5827272a24597748c74bdeea",
			"58272b392459774b4c7b3ccd"
		],
		"FixedPrice": false,
		"Unlootable": false,
		"UnlootableFromSlot": "FirstPrimaryWeapon",
		"UnlootableFromSide": [],
		"ChangePriceCoef": 1,
		"AllowSpawnOnLocations": [],
		"SendToClient": false,
		"AnimationVariantsNumber": 0,
		"DiscardingBlock": false,
		"Grids": [],
		"Slots": [
			{
				"_name": "mod_tactical",
				"_id": "57f3a7082459772ae24f5cbf",
				"_parent": "576fd4ec2459777f0b518431",
				"_props": {
					"filters": [
						{
							"Shift": 0,
							"Filter": [
								"57f3a5ae2459772b0e0bf19e"
							]
						}
					]
				},
				"_required": false,
				"_mergeSlotWithChildren": false,
				"_proto": "55d30c4c4bdc2db4468b457e"
			}
		],
		"CanPutIntoDuringTheRaid": true,
		"CantRemoveFromSlotsDuringRaid": [],
		"Durability": 100,
		"Accuracy": 0,
		"Recoil": 0,
		"Loudness": 0,
		"EffectiveDistance": 0,
		"Ergonomics": -7,
		"Velocity": 0,
		"RaidModdable": true,
		"ToolModdable": false,
		"BlocksFolding": true,
		"BlocksCollapsible": false,
		"IsAnimated": false,
		"HasShoulderContact": false,
		"SightingRange": 600,
		"sightModType": "optic",
		"variableZoom": false,
		"varZoomCount": 0,
		"varZoomAdd": 0,
		"aimingSensitivity": 0.2,
		"SightModesCount": 2,
		"OpticCalibrationDistances": [
			50,
			75,
			100,
			125,
			150,
			200,
			250,
			300
		]
	},
	"_proto": "544a3d0a4bdc2d1b388b4567"
}