{
	"_id": "578f879c24597735401e6bc6",
	"_name": "CashRegister",
	"_parent": "566965d44bdc2d814c8b4571",
	"_type": "Item",
	"_props": {
		"Name": "Кассовый аппарат",
		"ShortName": "Касса",
		"Description": "Кассовыйаппарат",
		"Weight": 0,
		"BackgroundColor": "blue",
		"Width": 1,
		"Height": 1,
		"StackMaxSize": 1,
		"Rarity": "Not_exist",
		"SpawnChance": 50,
		"CreditsPrice": 100,
		"ItemSound": "generic",
		"Prefab": {
			"path": "",
			"rcid": ""
		},
		"UsePrefab": {
			"path": "",
			"rcid": ""
		},
		"StackObjectsCount": 1,
		"NotShownInSlot": false,
		"ExaminedByDefault": true,
		"ExamineTime": 1,
		"IsUndiscardable": false,
		"IsUnsaleable": false,
		"IsUnbuyable": false,
		"IsUngivable": false,
		"IsLockedafterEquip": false,
		"QuestItem": false,
		"LootExperience": 20,
		"ExamineExperience": 10,
		"HideEntrails": true,
		"RepairCost": 0,
		"RepairSpeed": 0,
		"ExtraSizeLeft": 0,
		"ExtraSizeRight": 0,
		"ExtraSizeUp": 0,
		"ExtraSizeDown": 0,
		"ExtraSizeForceAdd": false,
		"MergesWithChildren": false,
		"CanSellOnRagfair": true,
		"CanRequireOnRagfair": true,
		"BannedFromRagfair": false,
		"ConflictingItems": [],
		"FixedPrice": false,
		"Unlootable": false,
		"UnlootableFromSlot": "FirstPrimaryWeapon",
		"UnlootableFromSide": [],
		"ChangePriceCoef": 1,
		"AllowSpawnOnLocations": [],
		"SendToClient": false,
		"AnimationVariantsNumber": 0,
		"DiscardingBlock": false,
		"Grids": [
			{
				"_name": "main",
				"_id": "578f88f32459773546601e31",
				"_parent": "578f879c24597735401e6bc6",
				"_props": {
					"filters": [
						{
							"Filter": [
								"54009119af1c881c07000029"
							],
							"ExcludedFilter": [
								"5448bf274bdc2dfc2f8b456a"
							]
						}
					],
					"cellsH": 2,
					"cellsV": 1,
					"minCount": 0,
					"maxCount": 3,
					"maxWeight": 0
				},
				"_proto": "55d329c24bdc2d892f8b4567"
			}
		],
		"Slots": [],
		"CanPutIntoDuringTheRaid": true,
		"CantRemoveFromSlotsDuringRaid": [],
		"SearchSound": "cashregister_looting",
		"BlocksArmorVest": false,
		"SpawnFilter": [
			"5449016a4bdc2d6f028b456f"
		]
	},
	"_proto": "578f8782245977354405a1e3"
}