{
	"_id": "578f87b7245977356274f2cd",
	"_name": "Drawer",
	"_parent": "566965d44bdc2d814c8b4571",
	"_type": "Item",
	"_props": {
		"Name": "Выдвижной ящик",
		"ShortName": "Выдвижной ящик",
		"Description": "Выдвижной ящик",
		"Weight": 0,
		"BackgroundColor": "blue",
		"Width": 1,
		"Height": 1,
		"StackMaxSize": 1,
		"Rarity": "Not_exist",
		"SpawnChance": 50,
		"CreditsPrice": 100,
		"ItemSound": "generic",
		"Prefab": {
			"path": "",
			"rcid": ""
		},
		"UsePrefab": {
			"path": "",
			"rcid": ""
		},
		"StackObjectsCount": 1,
		"NotShownInSlot": false,
		"ExaminedByDefault": true,
		"ExamineTime": 1,
		"IsUndiscardable": false,
		"IsUnsaleable": false,
		"IsUnbuyable": false,
		"IsUngivable": false,
		"IsLockedafterEquip": false,
		"QuestItem": false,
		"LootExperience": 20,
		"ExamineExperience": 10,
		"HideEntrails": true,
		"RepairCost": 0,
		"RepairSpeed": 0,
		"ExtraSizeLeft": 0,
		"ExtraSizeRight": 0,
		"ExtraSizeUp": 0,
		"ExtraSizeDown": 0,
		"ExtraSizeForceAdd": false,
		"MergesWithChildren": false,
		"CanSellOnRagfair": true,
		"CanRequireOnRagfair": true,
		"BannedFromRagfair": false,
		"ConflictingItems": [],
		"FixedPrice": false,
		"Unlootable": false,
		"UnlootableFromSlot": "FirstPrimaryWeapon",
		"UnlootableFromSide": [],
		"ChangePriceCoef": 1,
		"AllowSpawnOnLocations": [],
		"SendToClient": false,
		"AnimationVariantsNumber": 0,
		"DiscardingBlock": false,
		"Grids": [
			{
				"_name": "main",
				"_id": "578f892924597735675ff17f",
				"_parent": "578f87b7245977356274f2cd",
				"_props": {
					"filters": [
						{
							"Filter": [
								"54009119af1c881c07000029"
							],
							"ExcludedFilter": [
								"5448bf274bdc2dfc2f8b456a"
							]
						}
					],
					"cellsH": 2,
					"cellsV": 2,
					"minCount": 0,
					"maxCount": 3,
					"maxWeight": 0
				},
				"_proto": "55d329c24bdc2d892f8b4567"
			}
		],
		"Slots": [],
		"CanPutIntoDuringTheRaid": true,
		"CantRemoveFromSlotsDuringRaid": [],
		"SearchSound": "drawer_metal_looting",
		"BlocksArmorVest": false,
		"SpawnFilter": [
			"5672cb124bdc2d1a0f8b4568",
			"5672cb304bdc2dc2088b456a",
			"590a358486f77429692b2790",
			"57347c1124597737fb1379e3",
			"5734795124597738002c6176",
			"5d1b392c86f77425243e98fe",
			"59e35de086f7741778269d84",
			"590a386e86f77429692b27ab",
			"59e36c6f86f774176c10a2a7",
			"590a3c0a86f774385a33c450",
			"590a3cd386f77436f20848cb",
			"590a3efd86f77437d351a25b",
			"590a3d9c86f774385926e510",
			"5672cb724bdc2dc2088b456b",
			"56742c324bdc2d150f8b456d",
			"57347cd0245977445a2d6ff1",
			"5909e99886f7740c983b9984",
			"577e1c9d2459773cd707c525",
			"573474f924597738002c6174",
			"5734758f24597738025ee253",
			"573478bc24597738002c6175",
			"59faf7ca86f7740dbe19f6c2",
			"56742c284bdc2d98058b456d",
			"57347b8b24597737dd42e192",
			"56742c2e4bdc2d95058b456d",
			"5448ecbe4bdc2d60728b4568",
			"591382d986f774465a6413a7",
			"5780d0652459777df90dcb74",
			"5938504186f7740991483f30",
			"5780cf9e2459777df90dcb73",
			"5780cfa52459777dfb276eb1",
			"5780cf722459777a5108b9a1",
			"5780cf692459777de4559321",
			"5780d0532459777a5108b9a2",
			"59148c8a86f774197930e983",
			"5c94bbff86f7747ee735c08f",
			"5696686a4bdc2da3298b456a",
			"569668774bdc2da2298b4568"
		]
	},
	"_proto": "578f87ad245977356274f2cc"
}