{
	"_id": "57ae0171245977343c27bfcf",
	"_name": "scope_all_belomo_pk_06",
	"_parent": "55818acf4bdc2dde698b456b",
	"_type": "Item",
	"_props": {
		"Name": "scope_all_belomo_pk_06",
		"ShortName": "scope_all_belomo_pk_06",
		"Description": "scope_all_belomo_pk_06",
		"Weight": 0,
		"BackgroundColor": "blue",
		"Width": 1,
		"Height": 1,
		"StackMaxSize": 1,
		"Rarity": "Superrare",
		"SpawnChance": 5,
		"CreditsPrice": 12474,
		"ItemSound": "mod",
		"Prefab": {
			"path": "assets/content/items/mods/scopes/scope_all_belomo_pk_06.bundle",
			"rcid": ""
		},
		"UsePrefab": {
			"path": "",
			"rcid": ""
		},
		"StackObjectsCount": 1,
		"NotShownInSlot": false,
		"ExaminedByDefault": true,
		"ExamineTime": 1,
		"IsUndiscardable": false,
		"IsUnsaleable": false,
		"IsUnbuyable": false,
		"IsUngivable": false,
		"IsLockedafterEquip": false,
		"QuestItem": false,
		"LootExperience": 23,
		"ExamineExperience": 2,
		"HideEntrails": false,
		"RepairCost": 0,
		"RepairSpeed": 0,
		"ExtraSizeLeft": 0,
		"ExtraSizeRight": 0,
		"ExtraSizeUp": 0,
		"ExtraSizeDown": 0,
		"ExtraSizeForceAdd": false,
		"MergesWithChildren": true,
		"CanSellOnRagfair": true,
		"CanRequireOnRagfair": true,
		"BannedFromRagfair": false,
		"ConflictingItems": [],
		"FixedPrice": false,
		"Unlootable": false,
		"UnlootableFromSlot": "FirstPrimaryWeapon",
		"UnlootableFromSide": [],
		"ChangePriceCoef": 1,
		"AllowSpawnOnLocations": [],
		"SendToClient": false,
		"AnimationVariantsNumber": 0,
		"DiscardingBlock": false,
		"Grids": [],
		"Slots": [],
		"CanPutIntoDuringTheRaid": true,
		"CantRemoveFromSlotsDuringRaid": [],
		"Durability": 100,
		"Accuracy": 0,
		"Recoil": 0,
		"Loudness": 0,
		"EffectiveDistance": 0,
		"Ergonomics": -1,
		"Velocity": 0,
		"RaidModdable": true,
		"ToolModdable": true,
		"BlocksFolding": false,
		"BlocksCollapsible": false,
		"IsAnimated": false,
		"HasShoulderContact": false,
		"SightingRange": 100,
		"sightModType": "reflex",
		"variableZoom": false,
		"varZoomCount": 0,
		"varZoomAdd": 0,
		"aimingSensitivity": 0.6,
		"SightModesCount": 3,
		"OpticCalibrationDistances": [
			25,
			50,
			100
		]
	},
	"_proto": "57655f7d2459777aa2064c85"
}