{
	"_id": "57c5ac0824597754771e88a9",
	"_name": "scope_30mm_march_tactical_3-24x42",
	"_parent": "55818ae44bdc2dde698b456c",
	"_type": "Item",
	"_props": {
		"Name": "scope_30mm_march_tactical_3-24x42",
		"ShortName": "scope_30mm_march_tactical_3-24x42",
		"Description": "scope_30mm_march_tactical_3-24x42",
		"Weight": 0,
		"BackgroundColor": "blue",
		"Width": 2,
		"Height": 1,
		"StackMaxSize": 1,
		"Rarity": "Superrare",
		"SpawnChance": 2,
		"CreditsPrice": 41616,
		"ItemSound": "mod",
		"Prefab": {
			"path": "assets/content/items/mods/scopes/scope_30mm_march_tactical_3-24x42.bundle",
			"rcid": ""
		},
		"UsePrefab": {
			"path": "",
			"rcid": ""
		},
		"StackObjectsCount": 1,
		"NotShownInSlot": false,
		"ExaminedByDefault": true,
		"ExamineTime": 1,
		"IsUndiscardable": false,
		"IsUnsaleable": false,
		"IsUnbuyable": false,
		"IsUngivable": false,
		"IsLockedafterEquip": false,
		"QuestItem": false,
		"LootExperience": 40,
		"ExamineExperience": 8,
		"HideEntrails": false,
		"RepairCost": 0,
		"RepairSpeed": 0,
		"ExtraSizeLeft": 0,
		"ExtraSizeRight": 0,
		"ExtraSizeUp": 0,
		"ExtraSizeDown": 0,
		"ExtraSizeForceAdd": false,
		"MergesWithChildren": true,
		"CanSellOnRagfair": true,
		"CanRequireOnRagfair": true,
		"BannedFromRagfair": false,
		"ConflictingItems": [
			"5894a73486f77426d259076c",
			"5894a81786f77427140b8347"
		],
		"FixedPrice": false,
		"Unlootable": false,
		"UnlootableFromSlot": "FirstPrimaryWeapon",
		"UnlootableFromSide": [],
		"ChangePriceCoef": 1,
		"AllowSpawnOnLocations": [],
		"SendToClient": false,
		"AnimationVariantsNumber": 0,
		"DiscardingBlock": false,
		"Grids": [],
		"Slots": [],
		"CanPutIntoDuringTheRaid": true,
		"CantRemoveFromSlotsDuringRaid": [],
		"Durability": 100,
		"Accuracy": 0,
		"Recoil": 0,
		"Loudness": 0,
		"EffectiveDistance": 0,
		"Ergonomics": -4,
		"Velocity": 0,
		"RaidModdable": true,
		"ToolModdable": true,
		"BlocksFolding": false,
		"BlocksCollapsible": false,
		"IsAnimated": false,
		"HasShoulderContact": false,
		"SightingRange": 1000,
		"sightModType": "optic",
		"variableZoom": false,
		"varZoomCount": 0,
		"varZoomAdd": 24,
		"aimingSensitivity": 0.03,
		"SightModesCount": 1,
		"OpticCalibrationDistances": [
			50,
			100,
			150,
			200,
			250,
			300,
			350,
			400,
			450
		]
	},
	"_proto": "56ea70acd2720b844b8b4594"
}