{
	"_id": "57ee59b42459771c7b045da5",
	"_name": "mount_pp-91_rotor_43_kedr_ris",
	"_parent": "55818b224bdc2dde698b456f",
	"_type": "Item",
	"_props": {
		"Name": "mount_pp-91_rotor_43_kedr_ris",
		"ShortName": "mount_pp-91_rotor_43_kedr_ris",
		"Description": "mount_pp-91_rotor_43_kedr_ris",
		"Weight": 0,
		"BackgroundColor": "blue",
		"Width": 1,
		"Height": 1,
		"StackMaxSize": 1,
		"Rarity": "Superrare",
		"SpawnChance": 10,
		"CreditsPrice": 3823,
		"ItemSound": "mod",
		"Prefab": {
			"path": "assets/content/items/mods/mounts/mount_pp-91_rotor_43_kedr_ris.bundle",
			"rcid": ""
		},
		"UsePrefab": {
			"path": "",
			"rcid": ""
		},
		"StackObjectsCount": 1,
		"NotShownInSlot": false,
		"ExaminedByDefault": true,
		"ExamineTime": 1,
		"IsUndiscardable": false,
		"IsUnsaleable": false,
		"IsUnbuyable": false,
		"IsUngivable": false,
		"IsLockedafterEquip": false,
		"QuestItem": false,
		"LootExperience": 10,
		"ExamineExperience": 3,
		"HideEntrails": false,
		"RepairCost": 0,
		"RepairSpeed": 0,
		"ExtraSizeLeft": 0,
		"ExtraSizeRight": 0,
		"ExtraSizeUp": 0,
		"ExtraSizeDown": 0,
		"ExtraSizeForceAdd": false,
		"MergesWithChildren": true,
		"CanSellOnRagfair": true,
		"CanRequireOnRagfair": true,
		"BannedFromRagfair": false,
		"ConflictingItems": [],
		"FixedPrice": false,
		"Unlootable": false,
		"UnlootableFromSlot": "FirstPrimaryWeapon",
		"UnlootableFromSide": [],
		"ChangePriceCoef": 1,
		"AllowSpawnOnLocations": [],
		"SendToClient": false,
		"AnimationVariantsNumber": 0,
		"DiscardingBlock": false,
		"Grids": [],
		"Slots": [
			{
				"_name": "mod_scope",
				"_id": "57ee5b312459771afb5bad87",
				"_parent": "57ee59b42459771c7b045da5",
				"_props": {
					"filters": [
						{
							"Shift": 0,
							"Filter": [
								"57ae0171245977343c27bfcf",
								"577d128124597739d65d0e56",
								"58d2664f86f7747fec5834f6",
								"5a33b2c9c4a282000c5a9511"
							]
						}
					]
				},
				"_required": false,
				"_mergeSlotWithChildren": false,
				"_proto": "55d30c4c4bdc2db4468b457e"
			},
			{
				"_name": "mod_tactical",
				"_id": "57ee5b702459771c30246a12",
				"_parent": "57ee59b42459771c7b045da5",
				"_props": {
					"filters": [
						{
							"Shift": 0,
							"Filter": [
								"5cc9c20cd7f00c001336c65d",
								"5a800961159bd4315e3a1657",
								"5d2369418abbc306c62e0c80",
								"5b07dd285acfc4001754240d",
								"56def37dd2720bec348b456a",
								"5a7b483fe899ef0016170d15",
								"5a5f1ce64f39f90b401987bc",
								"560d657b4bdc2da74d8b4572",
								"5b3a337e5acfc4704b4a19a0"
							]
						}
					]
				},
				"_required": false,
				"_mergeSlotWithChildren": false,
				"_proto": "55d30c4c4bdc2db4468b457e"
			}
		],
		"CanPutIntoDuringTheRaid": true,
		"CantRemoveFromSlotsDuringRaid": [],
		"Durability": 100,
		"Accuracy": 0,
		"Recoil": 0,
		"Loudness": 0,
		"EffectiveDistance": 0,
		"Ergonomics": -1,
		"Velocity": 0,
		"RaidModdable": true,
		"ToolModdable": true,
		"BlocksFolding": false,
		"BlocksCollapsible": false,
		"IsAnimated": false,
		"HasShoulderContact": false,
		"SightingRange": 0
	},
	"_proto": "57a3459f245977764a01f703"
}