{
	"_id": "57f3c8cc2459773ec4480328",
	"_name": "silencer_pp-91-01_zmz_kedr_b_std_9x18pm",
	"_parent": "550aa4cd4bdc2dd8348b456c",
	"_type": "Item",
	"_props": {
		"Name": "silencer_pp-91-01_zmz_kedr_b_std_9x18pm",
		"ShortName": "silencer_pp-91-01_zmz_kedr_b_std_9x18pm",
		"Description": "silencer_pp-91-01_zmz_kedr_b_std_9x18pm",
		"Weight": 0,
		"BackgroundColor": "blue",
		"Width": 2,
		"Height": 1,
		"StackMaxSize": 1,
		"Rarity": "Not_exist",
		"SpawnChance": 15,
		"CreditsPrice": 14681,
		"ItemSound": "mod",
		"Prefab": {
			"path": "assets/content/items/mods/silencers/silencer_pp-91-01_zmz_kedr_b_std_9x18pm.bundle",
			"rcid": ""
		},
		"UsePrefab": {
			"path": "",
			"rcid": ""
		},
		"StackObjectsCount": 1,
		"NotShownInSlot": false,
		"ExaminedByDefault": true,
		"ExamineTime": 1,
		"IsUndiscardable": false,
		"IsUnsaleable": false,
		"IsUnbuyable": false,
		"IsUngivable": false,
		"IsLockedafterEquip": false,
		"QuestItem": false,
		"LootExperience": 20,
		"ExamineExperience": 4,
		"HideEntrails": false,
		"RepairCost": 0,
		"RepairSpeed": 0,
		"ExtraSizeLeft": 1,
		"ExtraSizeRight": 0,
		"ExtraSizeUp": 0,
		"ExtraSizeDown": 0,
		"ExtraSizeForceAdd": true,
		"MergesWithChildren": true,
		"CanSellOnRagfair": true,
		"CanRequireOnRagfair": true,
		"BannedFromRagfair": false,
		"ConflictingItems": [],
		"FixedPrice": false,
		"Unlootable": false,
		"UnlootableFromSlot": "FirstPrimaryWeapon",
		"UnlootableFromSide": [],
		"ChangePriceCoef": 1,
		"AllowSpawnOnLocations": [],
		"SendToClient": false,
		"AnimationVariantsNumber": 0,
		"DiscardingBlock": false,
		"Grids": [],
		"Slots": [],
		"CanPutIntoDuringTheRaid": true,
		"CantRemoveFromSlotsDuringRaid": [],
		"Durability": 100,
		"Accuracy": 0,
		"Recoil": -10,
		"Loudness": 0,
		"EffectiveDistance": 0,
		"Ergonomics": -7,
		"Velocity": 0.5,
		"RaidModdable": true,
		"ToolModdable": false,
		"BlocksFolding": false,
		"BlocksCollapsible": false,
		"IsAnimated": false,
		"HasShoulderContact": false,
		"SightingRange": 0,
		"muzzleModType": "silencer"
	},
	"_proto": "56e05b06d2720bb2668b4586"
}