{
	"_id": "57ffb0062459777a045af529",
	"_name": "mount_all_zenit_b18",
	"_parent": "55818b224bdc2dde698b456f",
	"_type": "Item",
	"_props": {
		"Name": "mount_all_zenit_b18",
		"ShortName": "mount_all_zenit_b18",
		"Description": "mount_all_zenit_b18",
		"Weight": 0,
		"BackgroundColor": "blue",
		"Width": 1,
		"Height": 1,
		"StackMaxSize": 1,
		"Rarity": "Superrare",
		"SpawnChance": 10,
		"CreditsPrice": 3298,
		"ItemSound": "mod",
		"Prefab": {
			"path": "assets/content/items/mods/mounts/mount_all_zenit_b18.bundle",
			"rcid": ""
		},
		"UsePrefab": {
			"path": "",
			"rcid": ""
		},
		"StackObjectsCount": 1,
		"NotShownInSlot": false,
		"ExaminedByDefault": true,
		"ExamineTime": 1,
		"IsUndiscardable": false,
		"IsUnsaleable": false,
		"IsUnbuyable": false,
		"IsUngivable": false,
		"IsLockedafterEquip": false,
		"QuestItem": false,
		"LootExperience": 10,
		"ExamineExperience": 3,
		"HideEntrails": false,
		"RepairCost": 0,
		"RepairSpeed": 0,
		"ExtraSizeLeft": 0,
		"ExtraSizeRight": 0,
		"ExtraSizeUp": 0,
		"ExtraSizeDown": 0,
		"ExtraSizeForceAdd": false,
		"MergesWithChildren": true,
		"CanSellOnRagfair": true,
		"CanRequireOnRagfair": true,
		"BannedFromRagfair": false,
		"ConflictingItems": [],
		"FixedPrice": false,
		"Unlootable": false,
		"UnlootableFromSlot": "FirstPrimaryWeapon",
		"UnlootableFromSide": [],
		"ChangePriceCoef": 1,
		"AllowSpawnOnLocations": [],
		"SendToClient": false,
		"AnimationVariantsNumber": 0,
		"DiscardingBlock": false,
		"Grids": [],
		"Slots": [
			{
				"_name": "mod_scope",
				"_id": "57ffb08724597779f52b3a4f",
				"_parent": "57ffb0062459777a045af529",
				"_props": {
					"filters": [
						{
							"Shift": 0,
							"Filter": [
								"558022b54bdc2dac148b458d",
								"58491f3324597764bc48fa02",
								"584924ec24597768f12ae244",
								"5d2da1e948f035477b1ce2ba",
								"584984812459776a704a82a6",
								"570fd721d2720bc5458b4596",
								"57ae0171245977343c27bfcf",
								"58d39d3d86f77445bb794ae7",
								"5c7d55f52e221644f31bff6a",
								"577d128124597739d65d0e56",
								"58d2664f86f7747fec5834f6",
								"5b31163c5acfc400153b71cb",
								"5a33b2c9c4a282000c5a9511"
							]
						}
					]
				},
				"_required": false,
				"_mergeSlotWithChildren": false,
				"_proto": "55d30c4c4bdc2db4468b457e"
			}
		],
		"CanPutIntoDuringTheRaid": true,
		"CantRemoveFromSlotsDuringRaid": [],
		"Durability": 100,
		"Accuracy": 0,
		"Recoil": 0,
		"Loudness": 0,
		"EffectiveDistance": 0,
		"Ergonomics": -1,
		"Velocity": 0,
		"RaidModdable": false,
		"ToolModdable": true,
		"BlocksFolding": false,
		"BlocksCollapsible": false,
		"IsAnimated": false,
		"HasShoulderContact": false,
		"SightingRange": 0
	},
	"_proto": "57ffaea724597779f52b3a4d"
}