{
	"_id": "5827272a24597748c74bdeea",
	"_name": "handguard_saiga12_utg_pro_mtu002_long_top",
	"_parent": "55818a104bdc2db9688b4569",
	"_type": "Item",
	"_props": {
		"Name": "",
		"ShortName": "",
		"Description": "",
		"Weight": 0,
		"BackgroundColor": "blue",
		"Width": 2,
		"Height": 1,
		"StackMaxSize": 1,
		"Rarity": "Not_exist",
		"SpawnChance": 10,
		"CreditsPrice": 10246,
		"ItemSound": "mod",
		"Prefab": {
			"path": "assets/content/items/mods/handguards/handguard_saiga12_utg_pro_mtu002_long_top.bundle",
			"rcid": ""
		},
		"UsePrefab": {
			"path": "",
			"rcid": ""
		},
		"StackObjectsCount": 1,
		"NotShownInSlot": false,
		"ExaminedByDefault": true,
		"ExamineTime": 1,
		"IsUndiscardable": false,
		"IsUnsaleable": false,
		"IsUnbuyable": false,
		"IsUngivable": false,
		"IsLockedafterEquip": false,
		"QuestItem": false,
		"LootExperience": 10,
		"ExamineExperience": 3,
		"HideEntrails": false,
		"RepairCost": 0,
		"RepairSpeed": 0,
		"ExtraSizeLeft": 0,
		"ExtraSizeRight": 0,
		"ExtraSizeUp": 0,
		"ExtraSizeDown": 0,
		"ExtraSizeForceAdd": false,
		"MergesWithChildren": true,
		"CanSellOnRagfair": true,
		"CanRequireOnRagfair": true,
		"BannedFromRagfair": false,
		"ConflictingItems": [
			"57486e672459770abd687134",
			"591ee00d86f774592f7b841e",
			"57acb6222459771ec34b5cb0",
			"5c61a40d2e2216001403158d",
			"5c90c3622e221601da359851"
		],
		"FixedPrice": false,
		"Unlootable": false,
		"UnlootableFromSlot": "FirstPrimaryWeapon",
		"UnlootableFromSide": [],
		"ChangePriceCoef": 1,
		"AllowSpawnOnLocations": [],
		"SendToClient": false,
		"AnimationVariantsNumber": 0,
		"DiscardingBlock": false,
		"Grids": [],
		"Slots": [
			{
				"_name": "mod_scope",
				"_id": "5827296f2459774aba7098e9",
				"_parent": "5827272a24597748c74bdeea",
				"_props": {
					"filters": [
						{
							"Shift": 0,
							"Filter": [
								"57ac965c24597706be5f975c",
								"57aca93d2459771f2c7e26db",
								"544a3a774bdc2d3a388b4567",
								"5d2dc3e548f035404a1a4798",
								"57adff4f24597737f373b6e6",
								"5c0517910db83400232ffee5",
								"591c4efa86f7741030027726",
								"570fd79bd2720bc7458b4583",
								"570fd6c2d2720bc6458b457f",
								"558022b54bdc2dac148b458d",
								"5c07dd120db834001c39092d",
								"5c0a2cec0db834001b7ce47d",
								"58491f3324597764bc48fa02",
								"584924ec24597768f12ae244",
								"5b30b0dc5acfc400153b7124",
								"5d2da1e948f035477b1ce2ba",
								"5c0505e00db834001b735073",
								"584984812459776a704a82a6",
								"59f9d81586f7744c7506ee62",
								"570fd721d2720bc5458b4596",
								"57ae0171245977343c27bfcf",
								"5dfe6104585a0c3e995c7b82",
								"58d39d3d86f77445bb794ae7",
								"5c7d55f52e221644f31bff6a",
								"577d128124597739d65d0e56",
								"58d2664f86f7747fec5834f6",
								"5c1cdd302e221602b3137250",
								"5b31163c5acfc400153b71cb",
								"5a33b652c4a28232996e407c",
								"5a33b2c9c4a282000c5a9511",
								"59db7eed86f77461f8380365"
							]
						}
					]
				},
				"_required": false,
				"_mergeSlotWithChildren": false,
				"_proto": "55d30c4c4bdc2db4468b457e"
			},
			{
				"_name": "mod_foregrip",
				"_id": "5827298e2459774a913ef5aa",
				"_parent": "5827272a24597748c74bdeea",
				"_props": {
					"filters": [
						{
							"Shift": 0,
							"Filter": [
								"5c7fc87d2e221644f31c0298",
								"5cda9bcfd7f00c0c0b53e900",
								"59f8a37386f7747af3328f06",
								"5c87ca002e221600114cb150",
								"588226d124597767ad33f787",
								"588226dd24597767ad33f789",
								"588226e62459776e3e094af7",
								"588226ef24597767af46e39c",
								"59fc48e086f77463b1118392",
								"5cf4fb76d7f00c065703d3ac",
								"5b057b4f5acfc4771e1bd3e9",
								"5c791e872e2216001219c40a",
								"558032614bdc2de7118b4585",
								"58c157be86f77403c74b2bb6",
								"58c157c886f774032749fb06",
								"591af28e86f77414a27a9e1d",
								"5c1cd46f2e22164bef5cfedb",
								"5c1bc4812e22164bef5cfde7",
								"5c1bc5612e221602b5429350",
								"5c1bc5af2e221602b412949b",
								"5c1bc5fb2e221602b1779b32",
								"5c1bc7432e221602b412949d",
								"5c1bc7752e221602b1779b34"
							]
						}
					]
				},
				"_required": false,
				"_mergeSlotWithChildren": false,
				"_proto": "55d30c4c4bdc2db4468b457e"
			},
			{
				"_name": "mod_tactical_000",
				"_id": "582729a52459774a8d5eb0b8",
				"_parent": "5827272a24597748c74bdeea",
				"_props": {
					"filters": [
						{
							"Shift": 0,
							"Filter": [
								"57fd23e32459772d0805bcf1",
								"544909bb4bdc2d6f028b4577",
								"5d10b49bd7ad1a1a560708b0",
								"5c06595c0db834001a66af6c",
								"5a7b483fe899ef0016170d15",
								"5c5952732e2216398b5abda2"
							]
						}
					]
				},
				"_required": false,
				"_mergeSlotWithChildren": false,
				"_proto": "55d30c4c4bdc2db4468b457e"
			},
			{
				"_name": "mod_tactical_001",
				"_id": "582729b52459774abc128d33",
				"_parent": "5827272a24597748c74bdeea",
				"_props": {
					"filters": [
						{
							"Shift": 0,
							"Filter": [
								"5cc9c20cd7f00c001336c65d",
								"5a800961159bd4315e3a1657",
								"57fd23e32459772d0805bcf1",
								"544909bb4bdc2d6f028b4577",
								"5c06595c0db834001a66af6c",
								"5d2369418abbc306c62e0c80",
								"5b07dd285acfc4001754240d",
								"56def37dd2720bec348b456a",
								"5a7b483fe899ef0016170d15",
								"5a5f1ce64f39f90b401987bc",
								"560d657b4bdc2da74d8b4572",
								"5b3a337e5acfc4704b4a19a0",
								"5c5952732e2216398b5abda2",
								"57d17e212459775a1179a0f5"
							]
						}
					]
				},
				"_required": false,
				"_mergeSlotWithChildren": false,
				"_proto": "55d30c4c4bdc2db4468b457e"
			},
			{
				"_name": "mod_tactical_002",
				"_id": "582729c624597749585f70e9",
				"_parent": "5827272a24597748c74bdeea",
				"_props": {
					"filters": [
						{
							"Shift": 0,
							"Filter": [
								"5cc9c20cd7f00c001336c65d",
								"5a800961159bd4315e3a1657",
								"57fd23e32459772d0805bcf1",
								"544909bb4bdc2d6f028b4577",
								"5d10b49bd7ad1a1a560708b0",
								"5c06595c0db834001a66af6c",
								"5d2369418abbc306c62e0c80",
								"5b07dd285acfc4001754240d",
								"56def37dd2720bec348b456a",
								"5a7b483fe899ef0016170d15",
								"5a5f1ce64f39f90b401987bc",
								"560d657b4bdc2da74d8b4572",
								"5b3a337e5acfc4704b4a19a0",
								"5c5952732e2216398b5abda2",
								"57d17e212459775a1179a0f5"
							]
						}
					]
				},
				"_required": false,
				"_mergeSlotWithChildren": false,
				"_proto": "55d30c4c4bdc2db4468b457e"
			}
		],
		"CanPutIntoDuringTheRaid": true,
		"CantRemoveFromSlotsDuringRaid": [],
		"Durability": 100,
		"Accuracy": 0,
		"Recoil": -1.2,
		"Loudness": 0,
		"EffectiveDistance": 0,
		"Ergonomics": 1,
		"Velocity": 0,
		"RaidModdable": false,
		"ToolModdable": true,
		"BlocksFolding": false,
		"BlocksCollapsible": false,
		"IsAnimated": false,
		"HasShoulderContact": false,
		"SightingRange": 0
	},
	"_proto": "576169e62459773c69055191"
}