{
	"_id": "5979f8bb86f7743ec214c7a6",
	"traderId": "54cb50c76803fa8b248b4571",
	"location": "56f40101d2720b2a4d8b45d6",
	"image": "/files/quest/icon/5979f91c86f77402996bf9c2.jpg",
	"type": "Elimination",
	"isKey": false,
	"restartable": false,
	"min_level": 1,
	"canShowNotificationsInGame": true,
	"rewards": {
		"Started": [],
		"Success": [
			{
				"value": "7000",
				"id": "5c94f03586f7745516178624",
				"type": "Experience",
				"index": 0
			},
			{
				"target": "54cb50c76803fa8b248b4571",
				"value": "0.10",
				"type": "TraderStanding",
				"index": 1,
				"id": "5bcf103486f77423c25c50a4"
			},
			{
				"target": "5e0ac74b9d594972a112a88e",
				"value": "17000",
				"id": "5a2e867186f7741a95102607",
				"type": "Item",
				"index": 2,
				"items": [
					{
						"_id": "5e0ac74b9d594972a112a88e",
						"_tpl": "5449016a4bdc2d6f028b456f",
						"upd": {
							"StackObjectsCount": 17000
						}
					}
				]
			},
			{
				"target": "5e0ac74b9d594972a112a88f",
				"value": "4",
				"id": "5a2e868686f7741a943575b9",
				"type": "Item",
				"index": 3,
				"items": [
					{
						"_id": "5e0ac74b9d594972a112a88f",
						"_tpl": "5710c24ad2720bc3458b45a3",
						"upd": {
							"StackObjectsCount": 4
						}
					}
				]
			}
		],
		"Fail": []
	},
	"conditions": {
		"AvailableForStart": [],
		"AvailableForFinish": [
			{
				"_parent": "CounterCreator",
				"_props": {
					"value": "25",
					"type": "Elimination",
					"counter": {
						"id": "598f0c6386f7746c837802cb",
						"conditions": [
							{
								"_parent": "Kills",
								"_props": {
									"target": "Savage",
									"compareMethod": ">=",
									"value": "1",
									"id": "598f0c6986f77468ba349ed5"
								}
							},
							{
								"_parent": "Location",
								"_props": {
									"target": [
										"bigmap"
									],
									"id": "598f0c6e86f7746eec40ad7a"
								}
							}
						]
					},
					"index": 0,
					"parentId": "",
					"id": "5b0e766b86f7746bfa618964"
				}
			}
		],
		"Fail": []
	}
}