{
	"_id": "59c93e8e86f7742a406989c4",
	"traderId": "58330581ace78e27b8b10cee",
	"location": "any",
	"image": "/files/quest/icon/59c274ae86f77475060a9341.jpg",
	"type": "Loyalty",
	"isKey": false,
	"restartable": false,
	"min_level": 1,
	"canShowNotificationsInGame": true,
	"rewards": {
		"Started": [],
		"Success": [
			{
				"target": "58330581ace78e27b8b10cee",
				"value": "0.3",
				"type": "TraderStanding",
				"index": 0,
				"id": "5a2fbc6786f774769635db1e"
			}
		],
		"Fail": []
	},
	"conditions": {
		"AvailableForStart": [],
		"AvailableForFinish": [
			{
				"_parent": "HandoverItem",
				"_props": {
					"target": [
						"5449016a4bdc2d6f028b456f"
					],
					"value": "1000000",
					"index": 0,
					"parentId": "",
					"id": "596a10d886f7741ddf11dbf0",
					"minDurability": 0
				}
			}
		],
		"Fail": [
			{
				"_parent": "Quest",
				"_props": {
					"target": "597a0f5686f774273b74f676",
					"status": 4,
					"index": 0,
					"parentId": "",
					"id": ""
				}
			}
		]
	}
}