{
	"_id": "5a27bb8386f7741c770d2d0a",
	"traderId": "5935c25fb3acc3127c3d8cd9",
	"location": "5704e554d2720bac5b8b456e",
	"image": "/files/quest/icon/5967532b86f77461fb2f333a.jpg",
	"type": "Elimination",
	"isKey": false,
	"restartable": false,
	"min_level": 1,
	"canShowNotificationsInGame": true,
	"rewards": {
		"Started": [],
		"Success": [
			{
				"value": "13000",
				"id": "5c950b1786f77455192fa43d",
				"type": "Experience",
				"index": 0
			},
			{
				"target": "5935c25fb3acc3127c3d8cd9",
				"value": "0.09",
				"id": "5bcf1cf286f7746a49593330",
				"type": "TraderStanding",
				"index": 1
			},
			{
				"target": "5d34df2788a4504526796bd3",
				"value": "1200",
				"id": "5a28243486f7741da250b43f",
				"type": "Item",
				"index": 2,
				"items": [
					{
						"_id": "5d34df2788a4504526796bd3",
						"_tpl": "5696686a4bdc2da3298b456a",
						"upd": {
							"StackObjectsCount": 1200
						}
					}
				]
			}
		],
		"Fail": []
	},
	"conditions": {
		"AvailableForStart": [
			{
				"_parent": "Level",
				"_props": {
					"compareMethod": ">=",
					"value": "1",
					"index": 0,
					"parentId": "",
					"id": "5a3a72c786f7745a7e19f661"
				}
			}
		],
		"AvailableForFinish": [
			{
				"_parent": "CounterCreator",
				"_props": {
					"value": "10",
					"type": "Elimination",
					"counter": {
						"id": "5a281d8e86f77444dc7a2844",
						"conditions": [
							{
								"_parent": "Kills",
								"_props": {
									"target": "Savage",
									"compareMethod": ">=",
									"value": "1",
									"weapon": [
										"5447a9cd4bdc2dbd208b4567",
										"5c07c60e0db834002330051f"
									],
									"weaponModsInclusive": [
										[
											"55d614004bdc2d86028b4568"
										],
										[
											"59bffbb386f77435b379b9c2"
										],
										[
											"55d6190f4bdc2d87028b4567"
										],
										[
											"5c7955c22e221644f31bfd5e"
										],
										[
											"57da93632459771cb65bf83f"
										],
										[
											"57dbb57e2459774673234890"
										],
										[
											"5a9fbb84a2750c00137fa685"
										],
										[
											"5a34fe59c4a282000b1521a2"
										]
									],
									"id": "5a281d9686f7743fe44eac8b"
								}
							},
							{
								"_parent": "Location",
								"_props": {
									"target": [
										"Shoreline"
									],
									"id": "5a281d9f86f774418b7eff14"
								}
							}
						]
					},
					"index": 0,
					"parentId": "",
					"id": "5c9de99286f7741ced54c902"
				}
			}
		],
		"Fail": []
	}
}