{
	"_id": "5ac242ab86f77412464f68b4",
	"traderId": "5a7c2eca46aef81a7ca2145d",
	"location": "any",
	"image": "/files/quest/icon/5ac4e06086f774623122ae42.jpg",
	"type": "WeaponAssembly",
	"isKey": false,
	"restartable": false,
	"min_level": 1,
	"canShowNotificationsInGame": true,
	"rewards": {
		"Started": [],
		"Success": [
			{
				"value": "13900",
				"id": "5c950ca486f774551757f068",
				"type": "Experience",
				"index": 0
			},
			{
				"target": "5e0ac74b9d594972a112a91e",
				"value": "200000",
				"id": "5acb826b86f77456255bad89",
				"type": "Item",
				"index": 1,
				"items": [
					{
						"_id": "5e0ac74b9d594972a112a91e",
						"_tpl": "5449016a4bdc2d6f028b456f",
						"upd": {
							"StackObjectsCount": 200000
						}
					}
				]
			},
			{
				"target": "5a7c2eca46aef81a7ca2145d",
				"value": "0.06",
				"id": "5bcf274486f7746a45695b0d",
				"type": "TraderStanding",
				"index": 2
			}
		],
		"Fail": []
	},
	"conditions": {
		"AvailableForStart": [],
		"AvailableForFinish": [
			{
				"_parent": "WeaponAssembly",
				"_props": {
					"target": [
						"588892092459774ac91d4b11"
					],
					"value": "1",
					"durability": {
						"value": 60,
						"compareMethod": ">="
					},
					"ergonomics": {
						"value": 34,
						"compareMethod": ">="
					},
					"baseAccuracy": {
						"value": 0,
						"compareMethod": ">="
					},
					"recoil": {
						"value": 400,
						"compareMethod": "<="
					},
					"muzzleVelocity": {
						"value": 0,
						"compareMethod": ">="
					},
					"weight": {
						"value": 6.6,
						"compareMethod": "<="
					},
					"magazineCapacity": {
						"value": 0,
						"compareMethod": ">="
					},
					"width": {
						"value": 0,
						"compareMethod": ">="
					},
					"height": {
						"value": 0,
						"compareMethod": ">="
					},
					"effectiveDistance": {
						"value": 2000,
						"compareMethod": ">="
					},
					"emptyTacticalSlot": {
						"value": 0,
						"compareMethod": ">="
					},
					"hasItemFromCategory": [
						"55818b164bdc2ddc698b456c"
					],
					"index": 0,
					"parentId": "",
					"id": "5acce08b86f7745f8521fa64",
					"containsItems": []
				}
			}
		],
		"Fail": []
	}
}