{
	"_id": "5ae327c886f7745c7b3f2f3f",
	"traderId": "5a7c2eca46aef81a7ca2145d",
	"location": "any",
	"image": "/files/quest/icon/5ae327e086f7742a4135935e.jpg",
	"type": "WeaponAssembly",
	"isKey": false,
	"restartable": false,
	"min_level": 1,
	"canShowNotificationsInGame": true,
	"rewards": {
		"Started": [],
		"Success": [
			{
				"value": "17500",
				"id": "5c950dc486f77455192fa447",
				"type": "Experience",
				"index": 0
			},
			{
				"target": "5a7c2eca46aef81a7ca2145d",
				"value": "0.06",
				"id": "5bcf280b86f7746a464c568d",
				"type": "TraderStanding",
				"index": 1
			},
			{
				"target": "5e0ac74b9d594972a112a970",
				"value": "2",
				"id": "5ae99ad486f7742b26761566",
				"type": "Item",
				"index": 2,
				"items": [
					{
						"_id": "5e0ac74b9d594972a112a970",
						"_tpl": "5aafbde786f774389d0cbc0f",
						"upd": {
							"StackObjectsCount": 2
						}
					}
				]
			},
			{
				"target": "5e0ac74b9d594972a112a971",
				"id": "5af0aa3b86f7741768426cb2",
				"type": "AssortmentUnlock",
				"index": 3,
				"loyaltyLevel": 3,
				"traderId": "5a7c2eca46aef81a7ca2145d",
				"items": [
					{
						"_id": "5e0ac74b9d594972a112a971",
						"_tpl": "5447a9cd4bdc2dbd208b4567",
						"parentId": "hideout",
						"slotId": "hideout"
					},
					{
						"_id": "5e0ac74b9d594972a112a972",
						"_tpl": "55d4b9964bdc2d1d4e8b456e",
						"parentId": "5e0ac74b9d594972a112a971",
						"slotId": "mod_pistol_grip"
					},
					{
						"_id": "5e0ac74b9d594972a112a973",
						"_tpl": "55d4887d4bdc2d962f8b4570",
						"parentId": "5e0ac74b9d594972a112a971",
						"slotId": "mod_magazine"
					},
					{
						"_id": "5e0ac74b9d594972a112a974",
						"_tpl": "55d355e64bdc2d962f8b4569",
						"parentId": "5e0ac74b9d594972a112a971",
						"slotId": "mod_reciever"
					},
					{
						"_id": "5e0ac74b9d594972a112a975",
						"_tpl": "55d3632e4bdc2d972f8b4569",
						"parentId": "5e0ac74b9d594972a112a974",
						"slotId": "mod_barrel"
					},
					{
						"_id": "5e0ac74b9d594972a112a976",
						"_tpl": "544a38634bdc2d58388b4568",
						"parentId": "5e0ac74b9d594972a112a975",
						"slotId": "mod_muzzle"
					},
					{
						"_id": "5e0ac74b9d594972a112a977",
						"_tpl": "5ae30e795acfc408fb139a0b",
						"parentId": "5e0ac74b9d594972a112a975",
						"slotId": "mod_gas_block"
					},
					{
						"_id": "5e0ac74b9d594972a112a978",
						"_tpl": "55d459824bdc2d892f8b4573",
						"parentId": "5e0ac74b9d594972a112a974",
						"slotId": "mod_handguard"
					},
					{
						"_id": "5e0ac74b9d594972a112a979",
						"_tpl": "55d5f46a4bdc2d1b198b4567",
						"parentId": "5e0ac74b9d594972a112a974",
						"slotId": "mod_sight_rear"
					},
					{
						"_id": "5e0ac74b9d594972a112a97a",
						"_tpl": "5649be884bdc2d79388b4577",
						"parentId": "5e0ac74b9d594972a112a971",
						"slotId": "mod_stock"
					},
					{
						"_id": "5e0ac74b9d594972a112a97b",
						"_tpl": "5ae30c9a5acfc408fb139a03",
						"parentId": "5e0ac74b9d594972a112a97a",
						"slotId": "mod_stock_000"
					},
					{
						"_id": "5e0ac74b9d594972a112a97c",
						"_tpl": "55d44fd14bdc2d962f8b456e",
						"parentId": "5e0ac74b9d594972a112a971",
						"slotId": "mod_charge"
					}
				]
			}
		],
		"Fail": []
	},
	"conditions": {
		"AvailableForStart": [],
		"AvailableForFinish": [
			{
				"_parent": "WeaponAssembly",
				"_props": {
					"target": [
						"5ac66d9b5acfc4001633997a"
					],
					"value": "1",
					"durability": {
						"value": 60,
						"compareMethod": ">="
					},
					"ergonomics": {
						"value": 66,
						"compareMethod": ">="
					},
					"baseAccuracy": {
						"value": 0,
						"compareMethod": ">="
					},
					"recoil": {
						"value": 560,
						"compareMethod": "<="
					},
					"muzzleVelocity": {
						"value": 0,
						"compareMethod": ">="
					},
					"weight": {
						"value": 4.8,
						"compareMethod": "<="
					},
					"magazineCapacity": {
						"value": 60,
						"compareMethod": ">="
					},
					"width": {
						"value": 4,
						"compareMethod": ">="
					},
					"height": {
						"value": 2,
						"compareMethod": ">="
					},
					"effectiveDistance": {
						"value": 800,
						"compareMethod": ">="
					},
					"emptyTacticalSlot": {
						"value": 0,
						"compareMethod": ">="
					},
					"hasItemFromCategory": [
						"550aa4cd4bdc2dd8348b456c"
					],
					"containsItems": [],
					"index": 0,
					"parentId": "",
					"id": "5ae445f386f7744e87761331"
				}
			}
		],
		"Fail": []
	}
}