{
	"_id": "5ae3280386f7742a41359364",
	"traderId": "5a7c2eca46aef81a7ca2145d",
	"location": "any",
	"image": "/files/quest/icon/5ae3281c86f7745b3e3bf2d1.jpg",
	"type": "WeaponAssembly",
	"isKey": false,
	"restartable": false,
	"min_level": 1,
	"canShowNotificationsInGame": true,
	"rewards": {
		"Started": [],
		"Success": [
			{
				"value": "18600",
				"id": "5c950dec86f774551757f06a",
				"type": "Experience",
				"index": 0
			},
			{
				"target": "5a7c2eca46aef81a7ca2145d",
				"value": "0.06",
				"id": "5bcf282086f7746a45695b11",
				"type": "TraderStanding",
				"index": 1
			},
			{
				"target": "5e0ac74b9d594972a112a97d",
				"value": "1",
				"id": "5ae99bc386f774391242a7ac",
				"type": "Item",
				"index": 2,
				"items": [
					{
						"_id": "5e0ac74b9d594972a112a97d",
						"_tpl": "5addaffe86f77470b455f900",
						"upd": {
							"StackObjectsCount": 1
						}
					}
				]
			}
		],
		"Fail": []
	},
	"conditions": {
		"AvailableForStart": [],
		"AvailableForFinish": [
			{
				"_parent": "WeaponAssembly",
				"_props": {
					"target": [
						"57c44b372459772d2b39b8ce"
					],
					"value": "1",
					"durability": {
						"value": 60,
						"compareMethod": ">="
					},
					"ergonomics": {
						"value": 45,
						"compareMethod": ">="
					},
					"baseAccuracy": {
						"value": 0,
						"compareMethod": ">="
					},
					"recoil": {
						"value": 200,
						"compareMethod": "<="
					},
					"muzzleVelocity": {
						"value": 0,
						"compareMethod": ">="
					},
					"weight": {
						"value": 0,
						"compareMethod": ">="
					},
					"magazineCapacity": {
						"value": 30,
						"compareMethod": ">="
					},
					"width": {
						"value": 0,
						"compareMethod": ">="
					},
					"height": {
						"value": 0,
						"compareMethod": ">="
					},
					"effectiveDistance": {
						"value": 0,
						"compareMethod": ">="
					},
					"emptyTacticalSlot": {
						"value": 0,
						"compareMethod": ">="
					},
					"hasItemFromCategory": [],
					"containsItems": [
						"5a9eb32da2750c00171b3f9c",
						"544909bb4bdc2d6f028b4577",
						"5a7c74b3e899ef0014332c29"
					],
					"index": 0,
					"parentId": "",
					"id": "5ae4479686f7744f6c79b7b3"
				}
			}
		],
		"Fail": []
	}
}