{
	"_id": "5ae4493486f7744efa289417",
	"traderId": "5ac3b934156ae10c4430e83c",
	"location": "5714dbc024597771384a510d",
	"image": "/files/quest/icon/5ae4a7d286f7744748710d74.jpg",
	"type": "Exploration",
	"isKey": false,
	"restartable": false,
	"min_level": 1,
	"canShowNotificationsInGame": true,
	"rewards": {
		"Started": [],
		"Success": [
			{
				"value": "11500",
				"id": "5c9510d486f7745516178640",
				"type": "Experience",
				"index": 0
			},
			{
				"target": "5e0ac74b9d594972a112a986",
				"value": "22000",
				"id": "5ae9b53186f7742291104022",
				"type": "Item",
				"index": 1,
				"items": [
					{
						"_id": "5e0ac74b9d594972a112a986",
						"_tpl": "5449016a4bdc2d6f028b456f",
						"upd": {
							"StackObjectsCount": 22000
						}
					}
				]
			},
			{
				"target": "5ac3b934156ae10c4430e83c",
				"value": "0.07",
				"id": "5bcf0fd786f77423bf711c25",
				"type": "TraderStanding",
				"index": 2
			},
			{
				"target": "5e0ac74b9d594972a112a987",
				"value": "1",
				"id": "5ae9b54486f7745bbc72277f",
				"type": "Item",
				"index": 3,
				"items": [
					{
						"_id": "5e0ac74b9d594972a112a987",
						"_tpl": "5aa2ba71e5b5b000137b758f",
						"upd": {
							"StackObjectsCount": 1
						}
					}
				]
			}
		],
		"Fail": []
	},
	"conditions": {
		"AvailableForStart": [],
		"AvailableForFinish": [
			{
				"_parent": "FindItem",
				"_props": {
					"target": [
						"5ae9a0dd86f7742e5f454a05"
					],
					"value": "1",
					"minDurability": 0,
					"maxDurability": 0,
					"dogtagLevel": 0,
					"index": 0,
					"parentId": "",
					"id": "5ae9b32486f7745bbc72275a"
				}
			},
			{
				"_parent": "HandoverItem",
				"_props": {
					"target": [
						"5ae9a0dd86f7742e5f454a05"
					],
					"value": "1",
					"minDurability": 0,
					"maxDurability": 0,
					"dogtagLevel": 0,
					"index": 1,
					"parentId": "",
					"id": "5ae9b34686f7743129512ccf",
					"visibilityConditions": [
						{
							"_parent": "CompleteCondition",
							"_props": {
								"target": "5ae9b32486f7745bbc72275a",
								"id": "5ae9b34986f7742291103ff8"
							}
						}
					]
				}
			},
			{
				"_parent": "FindItem",
				"_props": {
					"target": [
						"5ae9a18586f7746e381e16a3"
					],
					"value": "1",
					"minDurability": 0,
					"maxDurability": 0,
					"dogtagLevel": 0,
					"index": 2,
					"parentId": "",
					"id": "5ae9b36c86f774307c29df04"
				}
			},
			{
				"_parent": "HandoverItem",
				"_props": {
					"target": [
						"5ae9a18586f7746e381e16a3"
					],
					"value": "1",
					"minDurability": 0,
					"maxDurability": 0,
					"dogtagLevel": 0,
					"index": 3,
					"parentId": "",
					"id": "5ae9b38a86f77432c81e2ce3",
					"visibilityConditions": [
						{
							"_parent": "CompleteCondition",
							"_props": {
								"target": "5ae9b36c86f774307c29df04",
								"id": "5ae9b39486f7742291103ffa"
							}
						}
					]
				}
			},
			{
				"_parent": "FindItem",
				"_props": {
					"target": [
						"5ae9a1b886f77404c8537c62"
					],
					"value": "1",
					"minDurability": 0,
					"maxDurability": 0,
					"dogtagLevel": 0,
					"index": 4,
					"parentId": "",
					"id": "5ae9b3b186f7745bbc722762"
				}
			},
			{
				"_parent": "HandoverItem",
				"_props": {
					"target": [
						"5ae9a1b886f77404c8537c62"
					],
					"value": "1",
					"minDurability": 0,
					"maxDurability": 0,
					"dogtagLevel": 0,
					"index": 5,
					"parentId": "",
					"id": "5ae9b3c986f77432c81e2ce6",
					"visibilityConditions": [
						{
							"_parent": "CompleteCondition",
							"_props": {
								"target": "5ae9b3b186f7745bbc722762",
								"id": "5ae9b3d086f774307c29df09"
							}
						}
					]
				}
			}
		],
		"Fail": []
	}
}