{
	"_id": "5ae449a586f7744bde357696",
	"traderId": "5ac3b934156ae10c4430e83c",
	"location": "any",
	"image": "/files/quest/icon/5ae4a7dd86f77448464ed2b2.jpg",
	"type": "Skill",
	"isKey": false,
	"restartable": false,
	"min_level": 1,
	"canShowNotificationsInGame": true,
	"rewards": {
		"Started": [],
		"Success": [
			{
				"value": "12900",
				"id": "5c95116686f774592a47025a",
				"type": "Experience",
				"index": 0
			},
			{
				"target": "5e0ac74b9d594972a112a992",
				"value": "32000",
				"id": "5ae9c43086f7747d4c148abe",
				"type": "Item",
				"index": 1,
				"items": [
					{
						"_id": "5e0ac74b9d594972a112a992",
						"_tpl": "5449016a4bdc2d6f028b456f",
						"upd": {
							"StackObjectsCount": 32000
						}
					}
				]
			},
			{
				"target": "5ac3b934156ae10c4430e83c",
				"value": "0.07",
				"id": "5bcf117086f77423c25c50a6",
				"type": "TraderStanding",
				"index": 2
			},
			{
				"target": "5e0ac74b9d594972a112a993",
				"value": "1",
				"id": "5ae9c44e86f7746cd451db9d",
				"type": "Item",
				"index": 3,
				"items": [
					{
						"_id": "5e0ac74b9d594972a112a993",
						"_tpl": "5aa7e276e5b5b000171d0647",
						"upd": {
							"StackObjectsCount": 1
						}
					}
				]
			}
		],
		"Fail": []
	},
	"conditions": {
		"AvailableForStart": [],
		"AvailableForFinish": [
			{
				"_parent": "TraderLoyalty",
				"_props": {
					"target": "54cb57776803fa99248b456e",
					"compareMethod": ">=",
					"value": "3",
					"index": 0,
					"parentId": "",
					"id": "5ae9c38e86f7743515398707"
				}
			}
		],
		"Fail": []
	}
}