{
	"_id": "5ae4497b86f7744cf402ed00",
	"traderId": "5ac3b934156ae10c4430e83c",
	"location": "any",
	"image": "/files/quest/icon/5ae4a7d986f7743fee0a75b2.jpg",
	"type": "PickUp",
	"isKey": false,
	"restartable": false,
	"min_level": 1,
	"canShowNotificationsInGame": true,
	"rewards": {
		"Started": [],
		"Success": [
			{
				"value": "20700",
				"id": "5c95112586f77455192fa44d",
				"type": "Experience",
				"index": 0
			},
			{
				"target": "5e0ac74b9d594972a112a98e",
				"value": "25000",
				"id": "5ae9bff086f774703201f13d",
				"type": "Item",
				"index": 1,
				"items": [
					{
						"_id": "5e0ac74b9d594972a112a98e",
						"_tpl": "5449016a4bdc2d6f028b456f",
						"upd": {
							"StackObjectsCount": 25000
						}
					}
				]
			},
			{
				"target": "5ac3b934156ae10c4430e83c",
				"value": "0.09",
				"id": "5bcf10b986f77423c13fb05c",
				"type": "TraderStanding",
				"index": 2
			},
			{
				"target": "5e0ac74b9d594972a112a98f",
				"value": "1",
				"id": "5ae9c01286f7746e0026248b",
				"type": "Item",
				"index": 3,
				"items": [
					{
						"_id": "5e0ac74b9d594972a112a98f",
						"_tpl": "5ab8dced86f774646209ec87",
						"upd": {
							"StackObjectsCount": 1
						}
					}
				]
			}
		],
		"Fail": []
	},
	"conditions": {
		"AvailableForStart": [],
		"AvailableForFinish": [
			{
				"_parent": "FindItem",
				"_props": {
					"target": [
						"59e7643b86f7742cbf2c109a"
					],
					"value": "2",
					"minDurability": 0,
					"dogtagLevel": 0,
					"index": 0,
					"parentId": "",
					"id": "5ae45d7786f774178f237745",
					"maxDurability": 0,
					"onlyFoundInRaid": true
				}
			},
			{
				"_parent": "HandoverItem",
				"_props": {
					"target": [
						"59e7643b86f7742cbf2c109a"
					],
					"value": "2",
					"minDurability": 0,
					"dogtagLevel": 0,
					"index": 1,
					"parentId": "",
					"id": "5ae45d9386f774178f23774a",
					"visibilityConditions": [],
					"maxDurability": 0,
					"onlyFoundInRaid": true
				}
			},
			{
				"_parent": "FindItem",
				"_props": {
					"target": [
						"5648a69d4bdc2ded0b8b457b"
					],
					"value": "2",
					"minDurability": 0,
					"maxDurability": 0,
					"dogtagLevel": 0,
					"index": 4,
					"parentId": "",
					"id": "5af079e486f77434693ad7f8",
					"onlyFoundInRaid": true
				}
			},
			{
				"_parent": "HandoverItem",
				"_props": {
					"target": [
						"5648a69d4bdc2ded0b8b457b"
					],
					"value": "2",
					"minDurability": 0,
					"maxDurability": 0,
					"dogtagLevel": 0,
					"index": 5,
					"parentId": "",
					"id": "5af07a0286f7747dba10d8ac",
					"visibilityConditions": [],
					"onlyFoundInRaid": true
				}
			}
		],
		"Fail": []
	}
}