{
	"_id": "5b4794cb86f774598100d5d4",
	"traderId": "58330581ace78e27b8b10cee",
	"location": "any",
	"image": "/files/quest/icon/59c274ae86f77475060a9341.jpg",
	"type": "PickUp",
	"isKey": false,
	"restartable": false,
	"min_level": 1,
	"canShowNotificationsInGame": true,
	"rewards": {
		"Started": [],
		"Success": [
			{
				"value": "20000",
				"id": "5c94ffb386f77455192fa42d",
				"type": "Experience",
				"index": 0
			},
			{
				"target": "58330581ace78e27b8b10cee",
				"value": "0.12",
				"id": "5bcf1fb086f7746a464c5670",
				"type": "TraderStanding",
				"index": 1
			},
			{
				"target": "5e0ac74b9d594972a112a9d1",
				"value": "3500",
				"id": "5b4e097e86f77416a80c5ff0",
				"type": "Item",
				"index": 2,
				"items": [
					{
						"_id": "5e0ac74b9d594972a112a9d1",
						"_tpl": "5696686a4bdc2da3298b456a",
						"upd": {
							"StackObjectsCount": 3500
						}
					}
				]
			}
		],
		"Fail": []
	},
	"conditions": {
		"AvailableForStart": [],
		"AvailableForFinish": [
			{
				"_parent": "FindItem",
				"_props": {
					"target": [
						"5af04c0b86f774138708f78e"
					],
					"value": "1",
					"minDurability": 0,
					"maxDurability": 0,
					"dogtagLevel": 0,
					"index": 0,
					"parentId": "",
					"id": "5b47952c86f774598100d5dc"
				}
			},
			{
				"_parent": "HandoverItem",
				"_props": {
					"target": [
						"5af04c0b86f774138708f78e"
					],
					"value": "1",
					"minDurability": 0,
					"maxDurability": 0,
					"dogtagLevel": 0,
					"index": 1,
					"parentId": "",
					"id": "5b4c764786f7746f3b494ee0"
				}
			},
			{
				"_parent": "FindItem",
				"_props": {
					"target": [
						"5b4c72b386f7745b453af9c0"
					],
					"value": "1",
					"minDurability": 0,
					"maxDurability": 0,
					"dogtagLevel": 0,
					"index": 2,
					"parentId": "",
					"id": "5b4c742886f7745cef1d02f5"
				}
			},
			{
				"_parent": "HandoverItem",
				"_props": {
					"target": [
						"5b4c72b386f7745b453af9c0"
					],
					"value": "1",
					"minDurability": 0,
					"maxDurability": 0,
					"dogtagLevel": 0,
					"index": 3,
					"parentId": "",
					"id": "5b4c769686f7746e535a5c0e"
				}
			},
			{
				"_parent": "FindItem",
				"_props": {
					"target": [
						"5b4c72c686f77462ac37e907"
					],
					"value": "1",
					"minDurability": 0,
					"maxDurability": 0,
					"dogtagLevel": 0,
					"index": 4,
					"parentId": "",
					"id": "5b4c75a786f7747332534b52"
				}
			},
			{
				"_parent": "HandoverItem",
				"_props": {
					"target": [
						"5b4c72c686f77462ac37e907"
					],
					"value": "1",
					"minDurability": 0,
					"maxDurability": 0,
					"dogtagLevel": 0,
					"index": 5,
					"parentId": "",
					"id": "5b4c76d886f77471d31735a3"
				}
			},
			{
				"_parent": "FindItem",
				"_props": {
					"target": [
						"5af04e0a86f7743a532b79e2"
					],
					"value": "1",
					"minDurability": 0,
					"maxDurability": 0,
					"dogtagLevel": 0,
					"index": 6,
					"parentId": "",
					"id": "5b47958e86f774598100d5e2"
				}
			},
			{
				"_parent": "HandoverItem",
				"_props": {
					"target": [
						"5af04e0a86f7743a532b79e2"
					],
					"value": "1",
					"minDurability": 0,
					"maxDurability": 0,
					"dogtagLevel": 0,
					"index": 7,
					"parentId": "",
					"id": "5b4795a586f774587a39506d"
				}
			},
			{
				"_parent": "FindItem",
				"_props": {
					"target": [
						"5b4c72fb86f7745cef1cffc5"
					],
					"value": "1",
					"minDurability": 0,
					"maxDurability": 0,
					"dogtagLevel": 0,
					"index": 8,
					"parentId": "",
					"id": "5b4c8e6586f77474396a5400"
				}
			},
			{
				"_parent": "HandoverItem",
				"_props": {
					"target": [
						"5b4c72fb86f7745cef1cffc5"
					],
					"value": "1",
					"minDurability": 0,
					"maxDurability": 0,
					"dogtagLevel": 0,
					"index": 9,
					"parentId": "",
					"id": "5b4c7aec86f77459732b4b08"
				}
			}
		],
		"Fail": []
	}
}