{
	"_id": "5b478d0f86f7744d190d91b5",
	"traderId": "5ac3b934156ae10c4430e83c",
	"location": "5714dbc024597771384a510d",
	"image": "/files/quest/icon/5b478d1b86f7744d1b23c60b.jpg",
	"type": "Completion",
	"isKey": false,
	"restartable": false,
	"min_level": 1,
	"canShowNotificationsInGame": true,
	"rewards": {
		"Started": [],
		"Success": [
			{
				"value": "16500",
				"id": "5c95121186f774551528defd",
				"type": "Experience",
				"index": 0
			},
			{
				"target": "5ac3b934156ae10c4430e83c",
				"value": "0.07",
				"id": "5bcf11fe86f7742ce2243a3d",
				"type": "TraderStanding",
				"index": 1
			},
			{
				"target": "5e0ac74b9d594972a112a9ca",
				"value": "50000",
				"id": "5b48a5c286f774036c1b7b31",
				"type": "Item",
				"index": 2,
				"items": [
					{
						"_id": "5e0ac74b9d594972a112a9ca",
						"_tpl": "5449016a4bdc2d6f028b456f",
						"upd": {
							"StackObjectsCount": 50000
						}
					}
				]
			},
			{
				"target": "5e0ac74b9d594972a112a9cb",
				"value": "1",
				"id": "5b48a5d286f77476751f0a99",
				"type": "Item",
				"index": 3,
				"items": [
					{
						"_id": "5e0ac74b9d594972a112a9cb",
						"_tpl": "5b44c6ae86f7742d1627baea",
						"upd": {
							"StackObjectsCount": 1
						}
					}
				]
			}
		],
		"Fail": []
	},
	"conditions": {
		"AvailableForStart": [],
		"AvailableForFinish": [
			{
				"_parent": "PlaceBeacon",
				"_props": {
					"target": [
						"5991b51486f77447b112d44f"
					],
					"zoneId": "place_merch_21_1",
					"value": "1",
					"plantTime": 30,
					"index": 0,
					"parentId": "",
					"id": "5b478d8986f774563c7a4809"
				}
			},
			{
				"_parent": "PlaceBeacon",
				"_props": {
					"target": [
						"5991b51486f77447b112d44f"
					],
					"zoneId": "place_merch_21_2",
					"value": "1",
					"plantTime": 30,
					"index": 1,
					"parentId": "",
					"id": "5b478daf86f7744d1c35339b"
				}
			},
			{
				"_parent": "PlaceBeacon",
				"_props": {
					"target": [
						"5991b51486f77447b112d44f"
					],
					"zoneId": "place_merch_21_3",
					"value": "1",
					"plantTime": 30,
					"index": 2,
					"parentId": "",
					"id": "5b478dca86f7744d190d91c2"
				}
			},
			{
				"_parent": "CounterCreator",
				"_props": {
					"value": "1",
					"type": "Completion",
					"counter": {
						"id": "5b478de086f7744d1c3533a0",
						"conditions": [
							{
								"_parent": "ExitStatus",
								"_props": {
									"status": [
										"Survived",
										"Runner"
									],
									"id": "5b478df086f7746807461fd2"
								}
							},
							{
								"_parent": "Location",
								"_props": {
									"target": [
										"Interchange"
									],
									"id": "5b478dfc86f7746807461fd3"
								}
							}
						]
					},
					"index": 3,
					"parentId": "",
					"id": "5b478de086f7744d1c3533a1",
					"visibilityConditions": [
						{
							"_parent": "CompleteCondition",
							"_props": {
								"target": "5b478d8986f774563c7a4809",
								"id": "5b478e0186f7744d1a393fc9"
							}
						},
						{
							"_parent": "CompleteCondition",
							"_props": {
								"target": "5b478daf86f7744d1c35339b",
								"id": "5b478e0586f774563c7a4810"
							}
						},
						{
							"_parent": "CompleteCondition",
							"_props": {
								"target": "5b478dca86f7744d190d91c2",
								"id": "5b478e0b86f7744d1a393fca"
							}
						}
					]
				}
			}
		],
		"Fail": []
	}
}