{
	"_id": "5b47926a86f7747ccc057c15",
	"traderId": "58330581ace78e27b8b10cee",
	"location": "any",
	"image": "/files/quest/icon/59c274ae86f77475060a9341.jpg",
	"type": "Completion",
	"isKey": false,
	"restartable": false,
	"min_level": 1,
	"canShowNotificationsInGame": true,
	"rewards": {
		"Started": [
			{
				"target": "5e0ac74b9d594972a112a9ce",
				"id": "5b48ea4a86f774496621e087",
				"type": "AssortmentUnlock",
				"index": 0,
				"loyaltyLevel": 1,
				"traderId": "5a7c2eca46aef81a7ca2145d",
				"items": [
					{
						"_id": "5e0ac74b9d594972a112a9ce",
						"_tpl": "5b4391a586f7745321235ab2"
					}
				]
			}
		],
		"Success": [
			{
				"value": "15900",
				"id": "5c94ff9f86f7743285178acf",
				"type": "Experience",
				"index": 0
			},
			{
				"target": "58330581ace78e27b8b10cee",
				"value": "0.10",
				"id": "5bcf1f9286f7746a464c566f",
				"type": "TraderStanding",
				"index": 1
			},
			{
				"target": "5e0ac74b9d594972a112a9cf",
				"value": "45000",
				"id": "5b4873de86f77449bc7bc99d",
				"type": "Item",
				"index": 2,
				"items": [
					{
						"_id": "5e0ac74b9d594972a112a9cf",
						"_tpl": "5449016a4bdc2d6f028b456f",
						"upd": {
							"StackObjectsCount": 45000
						}
					}
				]
			},
			{
				"target": "5e0ac74b9d594972a112a9d0",
				"value": "2",
				"id": "5b4873f686f7741cba3d59bb",
				"type": "Item",
				"index": 3,
				"items": [
					{
						"_id": "5e0ac74b9d594972a112a9d0",
						"_tpl": "5b04473a5acfc40018632f70",
						"upd": {
							"StackObjectsCount": 2
						}
					}
				]
			}
		],
		"Fail": []
	},
	"conditions": {
		"AvailableForStart": [],
		"AvailableForFinish": [
			{
				"_parent": "LeaveItemAtLocation",
				"_props": {
					"target": [
						"5b4391a586f7745321235ab2"
					],
					"zoneId": "place_skier_11_1",
					"value": "1",
					"minDurability": 0,
					"maxDurability": 0,
					"dogtagLevel": 0,
					"plantTime": 20,
					"index": 0,
					"parentId": "",
					"id": "5b47932586f7747cc908b5dd"
				}
			},
			{
				"_parent": "LeaveItemAtLocation",
				"_props": {
					"target": [
						"5b4391a586f7745321235ab2"
					],
					"zoneId": "place_skier_11_2",
					"value": "1",
					"minDurability": 0,
					"maxDurability": 0,
					"dogtagLevel": 0,
					"plantTime": 20,
					"index": 1,
					"parentId": "",
					"id": "5b47936686f77427fd044025"
				}
			},
			{
				"_parent": "LeaveItemAtLocation",
				"_props": {
					"target": [
						"5b4391a586f7745321235ab2"
					],
					"zoneId": "place_skier_11_3",
					"value": "1",
					"minDurability": 0,
					"maxDurability": 0,
					"dogtagLevel": 0,
					"plantTime": 20,
					"index": 2,
					"parentId": "",
					"id": "5b47938086f7747ccc057c22"
				}
			}
		],
		"Fail": []
	}
}