{
	"_id": "5c0bd94186f7747a727f09b2",
	"traderId": "54cb50c76803fa8b248b4571",
	"location": "any",
	"image": "/files/quest/icon/5b47867286f7744d1a393de9.jpg",
	"type": "Elimination",
	"isKey": false,
	"restartable": false,
	"min_level": 1,
	"canShowNotificationsInGame": true,
	"rewards": {
		"Started": [
			{
				"target": "5d34df2788a4504526796d9e",
				"value": "1",
				"id": "5c139cff86f774276b24ae3a",
				"type": "Item",
				"index": 0,
				"items": [
					{
						"_id": "5d34df2788a4504526796d9e",
						"_tpl": "5aafa857e5b5b00018480968",
						"upd": {
							"FireMode": {
								"FireMode": "single"
							},
							"StackObjectsCount": 1
						},
						"parentId": "hideout",
						"slotId": "hideout"
					},
					{
						"_id": "5d34df2788a4504526796d9f",
						"_tpl": "5addcce35acfc4001a5fc635",
						"parentId": "5d34df2788a4504526796d9e",
						"slotId": "mod_magazine"
					},
					{
						"_id": "5d34df2788a4504526796da0",
						"_tpl": "5addbf175acfc408fb13965b",
						"parentId": "5d34df2788a4504526796d9e",
						"slotId": "mod_stock"
					},
					{
						"_id": "5d34df2788a4504526796da1",
						"_tpl": "5addbfbb5acfc400194dbcf7",
						"parentId": "5d34df2788a4504526796da0",
						"slotId": "mod_mount"
					},
					{
						"_id": "5d34df2788a4504526796da2",
						"_tpl": "5addbac75acfc400194dbc56",
						"parentId": "5d34df2788a4504526796d9e",
						"slotId": "mod_barrel"
					},
					{
						"_id": "5d34df2788a4504526796da3",
						"_tpl": "59bffc1f86f77435b128b872",
						"parentId": "5d34df2788a4504526796da2",
						"slotId": "mod_muzzle"
					},
					{
						"_id": "5d34df2788a4504526796da4",
						"_tpl": "59bffbb386f77435b379b9c2",
						"parentId": "5d34df2788a4504526796da3",
						"slotId": "mod_muzzle"
					},
					{
						"_id": "5d34df2788a4504526796da5",
						"_tpl": "5abcbb20d8ce87001773e258",
						"parentId": "5d34df2788a4504526796d9e",
						"slotId": "mod_sight_rear"
					},
					{
						"_id": "5d34df2788a4504526796da6",
						"_tpl": "5addbfef5acfc400185c2857",
						"parentId": "5d34df2788a4504526796d9e",
						"slotId": "mod_mount"
					},
					{
						"_id": "5d34df2788a4504526796da7",
						"_tpl": "5a1ead28fcdbcb001912fa9f",
						"parentId": "5d34df2788a4504526796da6",
						"slotId": "mod_scope"
					},
					{
						"_id": "5d34df2788a4504526796da8",
						"_tpl": "5a1eaa87fcdbcb001865f75e",
						"parentId": "5d34df2788a4504526796da7",
						"slotId": "mod_scope"
					}
				]
			}
		],
		"Success": [
			{
				"value": "31000",
				"id": "5c94f3d886f774551757f047",
				"type": "Experience",
				"index": 0
			},
			{
				"target": "5d34df2788a4504526796da9",
				"value": "300000",
				"id": "5c19167386f77401b0084a46",
				"type": "Item",
				"index": 1,
				"items": [
					{
						"_id": "5d34df2788a4504526796da9",
						"_tpl": "5449016a4bdc2d6f028b456f",
						"upd": {
							"StackObjectsCount": 300000
						}
					}
				]
			},
			{
				"target": "5d34df2788a4504526796daa",
				"value": "6",
				"id": "5c1914de86f77401b374f2a4",
				"type": "Item",
				"index": 2,
				"items": [
					{
						"_id": "5d34df2788a4504526796daa",
						"_tpl": "5bed625c0db834001c062946",
						"upd": {
							"StackObjectsCount": 6
						}
					}
				]
			},
			{
				"target": "5d34df2788a4504526796dab",
				"value": "5",
				"id": "5c1914f286f77401b374f2a5",
				"type": "Item",
				"index": 3,
				"items": [
					{
						"_id": "5d34df2788a4504526796dab",
						"_tpl": "5734758f24597738025ee253",
						"upd": {
							"StackObjectsCount": 5
						}
					}
				]
			},
			{
				"target": "54cb50c76803fa8b248b4571",
				"value": "0.12",
				"id": "5c19150686f77401b0084a45",
				"type": "TraderStanding",
				"index": 4
			},
			{
				"target": "5d34df2788a4504526796dac",
				"value": "2",
				"id": "5c1d156286f7744bb018552c",
				"type": "Item",
				"index": 5,
				"items": [
					{
						"_id": "5d34df2788a4504526796dac",
						"_tpl": "5beed0f50db834001c062b12",
						"upd": {
							"Foldable": {
								"Folded": false
							},
							"FireMode": {
								"FireMode": "single"
							},
							"StackObjectsCount": 2
						},
						"parentId": "hideout",
						"slotId": "hideout"
					},
					{
						"_id": "5d34df2788a4504526796dad",
						"_tpl": "5beec8ea0db834001a6f9dbf",
						"parentId": "5d34df2788a4504526796dac",
						"slotId": "mod_pistol_grip"
					},
					{
						"_id": "5d34df2788a4504526796dae",
						"_tpl": "5beec91a0db834001961942d",
						"parentId": "5d34df2788a4504526796dac",
						"slotId": "mod_reciever"
					},
					{
						"_id": "5d34df2788a4504526796daf",
						"_tpl": "5beec9450db83400970084fd",
						"parentId": "5d34df2788a4504526796dae",
						"slotId": "mod_sight_rear"
					},
					{
						"_id": "5d34df2788a4504526796db0",
						"_tpl": "5bf3f59f0db834001a6fa060",
						"parentId": "5d34df2788a4504526796daf",
						"slotId": "mod_sight_rear"
					},
					{
						"_id": "5d34df2788a4504526796db1",
						"_tpl": "5bed625c0db834001c062946",
						"parentId": "5d34df2788a4504526796dac",
						"slotId": "mod_magazine"
					},
					{
						"_id": "5d34df2788a4504526796db2",
						"_tpl": "5beec8b20db834001961942a",
						"parentId": "5d34df2788a4504526796dac",
						"slotId": "mod_stock_001"
					},
					{
						"_id": "5d34df2788a4504526796db3",
						"_tpl": "5beec8c20db834001d2c465c",
						"parentId": "5d34df2788a4504526796db2",
						"slotId": "mod_stock"
					},
					{
						"_id": "5d34df2788a4504526796db4",
						"_tpl": "5beec3e30db8340019619424",
						"parentId": "5d34df2788a4504526796dac",
						"slotId": "mod_handguard"
					},
					{
						"_id": "5d34df2788a4504526796db5",
						"_tpl": "5beecbb80db834001d2c465e",
						"parentId": "5d34df2788a4504526796db4",
						"slotId": "mod_mount_000"
					},
					{
						"_id": "5d34df2788a4504526796db6",
						"_tpl": "5beecbb80db834001d2c465e",
						"parentId": "5d34df2788a4504526796db4",
						"slotId": "mod_mount_001"
					},
					{
						"_id": "5d34df2788a4504526796db7",
						"_tpl": "5beec1bd0db834001e6006f3",
						"parentId": "5d34df2788a4504526796dac",
						"slotId": "mod_barrel"
					},
					{
						"_id": "5d34df2788a4504526796db8",
						"_tpl": "5beec3420db834001b095429",
						"parentId": "5d34df2788a4504526796db7",
						"slotId": "mod_muzzle"
					}
				]
			}
		],
		"Fail": []
	},
	"conditions": {
		"AvailableForStart": [],
		"AvailableForFinish": [
			{
				"_parent": "CounterCreator",
				"_props": {
					"value": "20",
					"type": "Elimination",
					"counter": {
						"id": "5c0bd98986f77472be1a8762",
						"conditions": [
							{
								"_parent": "Kills",
								"_props": {
									"target": "AnyPmc",
									"compareMethod": ">=",
									"value": "1",
									"weapon": [
										"5aafa857e5b5b00018480968"
									],
									"weaponModsInclusive": [
										[
											"59bffbb386f77435b379b9c2",
											"5a1eaa87fcdbcb001865f75e"
										]
									],
									"id": "5c124b5186f77468cf6f7347"
								}
							}
						]
					},
					"index": 0,
					"parentId": "",
					"id": "5c1b765d86f77413193fa4f2"
				}
			}
		],
		"Fail": []
	}
}