{
	"_id": "5c0bc91486f7746ab41857a2",
	"traderId": "58330581ace78e27b8b10cee",
	"location": "any",
	"image": "/files/quest/icon/5ae326a086f77444fd36f5d8.jpg",
	"type": "Elimination",
	"isKey": false,
	"restartable": false,
	"min_level": 1,
	"canShowNotificationsInGame": true,
	"rewards": {
		"Started": [],
		"Success": [
			{
				"value": "12900",
				"id": "5c94ffe486f774551617862d",
				"type": "Experience",
				"index": 0
			},
			{
				"target": "5d34df2788a4504526796d80",
				"value": "100000",
				"id": "5c1fd82b86f7742b391bf154",
				"type": "Item",
				"index": 1,
				"items": [
					{
						"_id": "5d34df2788a4504526796d80",
						"_tpl": "5449016a4bdc2d6f028b456f",
						"upd": {
							"StackObjectsCount": 100000
						}
					}
				]
			},
			{
				"target": "58330581ace78e27b8b10cee",
				"value": "0.09",
				"id": "5c19148b86f77401b0084a43",
				"type": "TraderStanding",
				"index": 2
			},
			{
				"target": "5d34df2788a4504526796d81",
				"value": "1",
				"id": "5c17cf0086f77430a323d853",
				"type": "Item",
				"index": 3,
				"items": [
					{
						"_id": "5d34df2788a4504526796d81",
						"_tpl": "588892092459774ac91d4b11",
						"parentId": "hideout",
						"slotId": "hideout",
						"upd": {
							"StackObjectsCount": 1
						}
					},
					{
						"_id": "5d34df2788a4504526796d82",
						"_tpl": "5888988e24597752fe43a6fa",
						"parentId": "5d34df2788a4504526796d81",
						"slotId": "mod_magazine"
					},
					{
						"_id": "5d34df2788a4504526796d83",
						"_tpl": "5888945a2459774bf43ba385",
						"parentId": "5d34df2788a4504526796d81",
						"slotId": "mod_barrel"
					},
					{
						"_id": "5d34df2788a4504526796d84",
						"_tpl": "57c55f172459772d27602381",
						"parentId": "5d34df2788a4504526796d81",
						"slotId": "mod_pistol_grip"
					},
					{
						"_id": "5d34df2788a4504526796d85",
						"_tpl": "58889d0c2459775bc215d981",
						"parentId": "5d34df2788a4504526796d81",
						"slotId": "mod_stock"
					},
					{
						"_id": "5d34df2788a4504526796d86",
						"_tpl": "58889c7324597754281f9439",
						"parentId": "5d34df2788a4504526796d83",
						"slotId": "mod_muzzle"
					},
					{
						"_id": "5d34df2788a4504526796d87",
						"_tpl": "5888961624597754281f93f3",
						"parentId": "5d34df2788a4504526796d83",
						"slotId": "mod_bipod"
					}
				]
			}
		],
		"Fail": []
	},
	"conditions": {
		"AvailableForStart": [],
		"AvailableForFinish": [
			{
				"_parent": "CounterCreator",
				"_props": {
					"value": "20",
					"type": "Elimination",
					"counter": {
						"id": "5c0bc95086f7746e784f39eb",
						"conditions": [
							{
								"_parent": "Kills",
								"_props": {
									"target": "Savage",
									"compareMethod": ">=",
									"value": "1",
									"weapon": [
										"54491c4f4bdc2db1078b4568",
										"56dee2bdd2720bc8328b4567",
										"5a7828548dc32e5a9c28b516",
										"576165642459773c7a400233"
									],
									"weaponModsInclusive": [
										[
											"5b363dd25acfc4001a598fd2"
										],
										[
											"59c0ec5b86f77435b128bfca"
										]
									],
									"id": "5c0bc98186f7746ab41857a3"
								}
							}
						]
					},
					"index": 0,
					"parentId": "",
					"id": "5c0bc95086f7746e784f39ec"
				}
			},
			{
				"_parent": "CounterCreator",
				"_props": {
					"value": "10",
					"type": "Elimination",
					"counter": {
						"id": "5c0bcc9c86f7746fe16dbba8",
						"conditions": [
							{
								"_parent": "Kills",
								"_props": {
									"target": "AnyPmc",
									"compareMethod": ">=",
									"value": "1",
									"weapon": [
										"576165642459773c7a400233",
										"54491c4f4bdc2db1078b4568",
										"56dee2bdd2720bc8328b4567",
										"5a7828548dc32e5a9c28b516"
									],
									"weaponModsInclusive": [
										[
											"5b363dd25acfc4001a598fd2"
										],
										[
											"59c0ec5b86f77435b128bfca"
										]
									],
									"id": "5c0bce7d86f7746ab41857a7"
								}
							}
						]
					},
					"index": 1,
					"parentId": "",
					"id": "5c0bcc9c86f7746fe16dbba9"
				}
			}
		],
		"Fail": []
	}
}