{
	"_id": "5c12452c86f7744b83469073",
	"traderId": "54cb50c76803fa8b248b4571",
	"location": "any",
	"image": "/files/quest/icon/59c273da86f77459b8017e7b.jpg",
	"type": "Skill",
	"isKey": false,
	"restartable": false,
	"min_level": 1,
	"canShowNotificationsInGame": true,
	"rewards": {
		"Started": [],
		"Success": [
			{
				"value": "17200",
				"id": "5c94f37886f77455185027eb",
				"type": "Experience",
				"index": 0
			},
			{
				"target": "5e0ac74b9d594972a112aa12",
				"value": "1",
				"id": "5c2246d288a450406d58a392",
				"type": "Item",
				"index": 1,
				"items": [
					{
						"_id": "5e0ac74b9d594972a112aa12",
						"_tpl": "5b6d9ce188a4501afc1b2b25",
						"upd": {
							"StackObjectsCount": 1
						}
					}
				]
			},
			{
				"target": "54cb50c76803fa8b248b4571",
				"value": "0.9",
				"id": "5c2246fc88a45016e847fdf3",
				"type": "TraderStanding",
				"index": 2
			},
			{
				"target": "5e0ac74b9d594972a112aa13",
				"value": "55000",
				"id": "5c22472088a45016ea6b71a3",
				"type": "Item",
				"index": 3,
				"items": [
					{
						"_id": "5e0ac74b9d594972a112aa13",
						"_tpl": "5449016a4bdc2d6f028b456f",
						"upd": {
							"StackObjectsCount": 55000
						}
					}
				]
			}
		],
		"Fail": []
	},
	"conditions": {
		"AvailableForStart": [],
		"AvailableForFinish": [
			{
				"_parent": "TraderLoyalty",
				"_props": {
					"target": "5ac3b934156ae10c4430e83c",
					"compareMethod": ">=",
					"value": "4",
					"index": 0,
					"parentId": "",
					"id": "5c12470d86f77465ae27a8c0"
				}
			},
			{
				"_parent": "TraderLoyalty",
				"_props": {
					"target": "58330581ace78e27b8b10cee",
					"compareMethod": ">=",
					"value": "4",
					"index": 1,
					"parentId": "",
					"id": "5c1247f386f77452db1d2b03"
				}
			},
			{
				"_parent": "TraderLoyalty",
				"_props": {
					"target": "5a7c2eca46aef81a7ca2145d",
					"compareMethod": ">=",
					"value": "4",
					"index": 2,
					"parentId": "",
					"id": "5c12484586f7744b83469074"
				}
			},
			{
				"_parent": "TraderLoyalty",
				"_props": {
					"target": "5935c25fb3acc3127c3d8cd9",
					"compareMethod": ">=",
					"value": "4",
					"index": 3,
					"parentId": "",
					"id": "5c12487386f7742a60324299"
				}
			},
			{
				"_parent": "TraderLoyalty",
				"_props": {
					"target": "54cb50c76803fa8b248b4571",
					"compareMethod": ">=",
					"value": "4",
					"index": 4,
					"parentId": "",
					"id": "5c12489886f77452db1d2b05"
				}
			},
			{
				"_parent": "TraderLoyalty",
				"_props": {
					"target": "54cb57776803fa99248b456e",
					"compareMethod": ">=",
					"value": "4",
					"index": 5,
					"parentId": "",
					"id": "5c1248ef86f77428266184c2"
				}
			}
		],
		"Fail": []
	}
}