{
	"_id": "5c51aac186f77432ea65c552",
	"traderId": "579dc571d53a0658a154fbec",
	"location": "any",
	"image": "/files/quest/icon/5c7eb06188a4504aae56deb7.jpg",
	"type": "PickUp",
	"isKey": false,
	"restartable": false,
	"min_level": 1,
	"canShowNotificationsInGame": false,
	"rewards": {
		"Started": [],
		"Success": [
			{
				"target": "5d34df2788a4504526796dec",
				"value": "1",
				"id": "5c51c28a86f77478be4009fa",
				"type": "Item",
				"index": 0,
				"unknown": true,
				"items": [
					{
						"_id": "5d34df2788a4504526796dec",
						"_tpl": "5c093ca986f7740a1867ab12",
						"upd": {
							"StackObjectsCount": 1
						}
					}
				]
			}
		],
		"Fail": []
	},
	"conditions": {
		"AvailableForStart": [],
		"AvailableForFinish": [
			{
				"_parent": "FindItem",
				"_props": {
					"target": [
						"5bc9c377d4351e3bac12251b"
					],
					"value": "1",
					"minDurability": 0,
					"maxDurability": 0,
					"dogtagLevel": 0,
					"onlyFoundInRaid": true,
					"index": 0,
					"parentId": "",
					"id": "5cb5ddd386f7746ef72a7e73"
				}
			},
			{
				"_parent": "HandoverItem",
				"_props": {
					"target": [
						"5bc9c377d4351e3bac12251b"
					],
					"value": "1",
					"minDurability": 0,
					"maxDurability": 0,
					"dogtagLevel": 0,
					"index": 1,
					"parentId": "",
					"id": "5c52da1086f7742fbb42a814",
					"onlyFoundInRaid": true
				}
			},
			{
				"_parent": "FindItem",
				"_props": {
					"target": [
						"5bc9c1e2d4351e00367fbcf0"
					],
					"value": "1",
					"minDurability": 0,
					"maxDurability": 0,
					"dogtagLevel": 0,
					"onlyFoundInRaid": true,
					"index": 2,
					"parentId": "",
					"id": "5cb5dde786f7746ef451bd74"
				}
			},
			{
				"_parent": "HandoverItem",
				"_props": {
					"target": [
						"5bc9c1e2d4351e00367fbcf0"
					],
					"value": "1",
					"minDurability": 0,
					"maxDurability": 0,
					"dogtagLevel": 0,
					"index": 3,
					"parentId": "",
					"id": "5c52da5886f7747364267a14",
					"onlyFoundInRaid": true
				}
			},
			{
				"_parent": "FindItem",
				"_props": {
					"target": [
						"5bc9c049d4351e44f824d360"
					],
					"value": "1",
					"minDurability": 0,
					"maxDurability": 0,
					"dogtagLevel": 0,
					"onlyFoundInRaid": true,
					"index": 4,
					"parentId": "",
					"id": "5cb5de0086f7746ef82c17e4"
				}
			},
			{
				"_parent": "HandoverItem",
				"_props": {
					"target": [
						"5bc9c049d4351e44f824d360"
					],
					"value": "1",
					"minDurability": 0,
					"maxDurability": 0,
					"dogtagLevel": 0,
					"index": 5,
					"parentId": "",
					"id": "5c51bed886f77478bb033461",
					"onlyFoundInRaid": true
				}
			},
			{
				"_parent": "FindItem",
				"_props": {
					"target": [
						"5bc9b355d4351e6d1509862a"
					],
					"value": "1",
					"minDurability": 0,
					"maxDurability": 0,
					"dogtagLevel": 0,
					"onlyFoundInRaid": true,
					"index": 6,
					"parentId": "",
					"id": "5cb5de1786f7747d215eca04"
				}
			},
			{
				"_parent": "HandoverItem",
				"_props": {
					"target": [
						"5bc9b355d4351e6d1509862a"
					],
					"value": "1",
					"minDurability": 0,
					"maxDurability": 0,
					"dogtagLevel": 0,
					"index": 7,
					"parentId": "",
					"id": "5c51bf8786f77416a11e5cb2",
					"onlyFoundInRaid": true
				}
			},
			{
				"_parent": "FindItem",
				"_props": {
					"target": [
						"5bc9bc53d4351e00367fbcee"
					],
					"value": "1",
					"minDurability": 0,
					"maxDurability": 0,
					"dogtagLevel": 0,
					"onlyFoundInRaid": true,
					"index": 8,
					"parentId": "",
					"id": "5cb5de9c86f7746ef55dbc86"
				}
			},
			{
				"_parent": "HandoverItem",
				"_props": {
					"target": [
						"5bc9bc53d4351e00367fbcee"
					],
					"value": "1",
					"minDurability": 0,
					"maxDurability": 0,
					"dogtagLevel": 0,
					"index": 9,
					"parentId": "",
					"id": "5c51bf9a86f77478bf5632aa",
					"onlyFoundInRaid": true
				}
			},
			{
				"_parent": "FindItem",
				"_props": {
					"target": [
						"5bc9bdb8d4351e003562b8a1"
					],
					"value": "1",
					"minDurability": 0,
					"maxDurability": 0,
					"dogtagLevel": 0,
					"onlyFoundInRaid": true,
					"index": 10,
					"parentId": "",
					"id": "5cb5deae86f7746ef451bd76"
				}
			},
			{
				"_parent": "HandoverItem",
				"_props": {
					"target": [
						"5bc9bdb8d4351e003562b8a1"
					],
					"value": "1",
					"minDurability": 0,
					"maxDurability": 0,
					"dogtagLevel": 0,
					"index": 11,
					"parentId": "",
					"id": "5c51bfb186f77478bd516d37",
					"onlyFoundInRaid": true
				}
			},
			{
				"_parent": "FindItem",
				"_props": {
					"target": [
						"5bc9b9ecd4351e3bac122519"
					],
					"value": "1",
					"minDurability": 0,
					"maxDurability": 0,
					"dogtagLevel": 0,
					"onlyFoundInRaid": true,
					"index": 12,
					"parentId": "",
					"id": "5cb5debf86f7746ef72a7e78"
				}
			},
			{
				"_parent": "HandoverItem",
				"_props": {
					"target": [
						"5bc9b9ecd4351e3bac122519"
					],
					"value": "1",
					"minDurability": 0,
					"maxDurability": 0,
					"dogtagLevel": 0,
					"index": 13,
					"parentId": "",
					"id": "5c51bfc286f77478bc7ae1d9",
					"onlyFoundInRaid": true
				}
			},
			{
				"_parent": "FindItem",
				"_props": {
					"target": [
						"5bc9b720d4351e450201234b"
					],
					"value": "1",
					"minDurability": 0,
					"maxDurability": 0,
					"dogtagLevel": 0,
					"onlyFoundInRaid": true,
					"index": 14,
					"parentId": "",
					"id": "5cb5ded886f7746ef451bd77"
				}
			},
			{
				"_parent": "HandoverItem",
				"_props": {
					"target": [
						"5bc9b720d4351e450201234b"
					],
					"value": "1",
					"minDurability": 0,
					"maxDurability": 0,
					"dogtagLevel": 0,
					"index": 15,
					"parentId": "",
					"id": "5c51c03186f7740ada3f2c3d",
					"onlyFoundInRaid": true
				}
			},
			{
				"_parent": "FindItem",
				"_props": {
					"target": [
						"5bc9b156d4351e00367fbce9"
					],
					"value": "1",
					"minDurability": 0,
					"maxDurability": 0,
					"dogtagLevel": 0,
					"onlyFoundInRaid": true,
					"index": 16,
					"parentId": "",
					"id": "5cb5dee986f7746ef82c17e7"
				}
			},
			{
				"_parent": "HandoverItem",
				"_props": {
					"target": [
						"5bc9b156d4351e00367fbce9"
					],
					"value": "1",
					"minDurability": 0,
					"maxDurability": 0,
					"dogtagLevel": 0,
					"index": 17,
					"parentId": "",
					"id": "5c51c04286f77478be4009f5",
					"onlyFoundInRaid": true
				}
			},
			{
				"_parent": "FindItem",
				"_props": {
					"target": [
						"5bc9c29cd4351e003562b8a3"
					],
					"value": "1",
					"minDurability": 0,
					"maxDurability": 0,
					"dogtagLevel": 0,
					"onlyFoundInRaid": true,
					"index": 18,
					"parentId": "",
					"id": "5cb5df5586f7746ef82c17e8"
				}
			},
			{
				"_parent": "HandoverItem",
				"_props": {
					"target": [
						"5bc9c29cd4351e003562b8a3"
					],
					"value": "1",
					"minDurability": 0,
					"maxDurability": 0,
					"dogtagLevel": 0,
					"index": 19,
					"parentId": "",
					"id": "5c51c23a86f77478bb033466",
					"onlyFoundInRaid": true
				}
			},
			{
				"_parent": "FindItem",
				"_props": {
					"target": [
						"5bd073a586f7747e6f135799"
					],
					"value": "1",
					"minDurability": 0,
					"maxDurability": 0,
					"dogtagLevel": 0,
					"onlyFoundInRaid": true,
					"index": 20,
					"parentId": "",
					"id": "5cb5df7186f7747d215eca08"
				}
			},
			{
				"_parent": "HandoverItem",
				"_props": {
					"target": [
						"5bd073a586f7747e6f135799"
					],
					"value": "1",
					"minDurability": 0,
					"maxDurability": 0,
					"dogtagLevel": 0,
					"index": 21,
					"parentId": "",
					"id": "5c51c24c86f77416a11e5cb7",
					"onlyFoundInRaid": true
				}
			},
			{
				"_parent": "FindItem",
				"_props": {
					"target": [
						"5bd073c986f7747f627e796c"
					],
					"value": "1",
					"minDurability": 0,
					"maxDurability": 0,
					"dogtagLevel": 0,
					"onlyFoundInRaid": true,
					"index": 22,
					"parentId": "",
					"id": "5cb5df8486f7746ef82c17ea"
				}
			},
			{
				"_parent": "HandoverItem",
				"_props": {
					"target": [
						"5bd073c986f7747f627e796c"
					],
					"value": "1",
					"minDurability": 0,
					"maxDurability": 0,
					"dogtagLevel": 0,
					"index": 23,
					"parentId": "",
					"id": "5c51c25c86f77478bf5632af",
					"onlyFoundInRaid": true
				}
			}
		],
		"Fail": []
	}
}