{
	"_id": "5d25cf2686f77443e75488d4",
	"traderId": "5c0647fdd443bc2504c2d371",
	"location": "5704e3c2d2720bac5b8b4567",
	"image": "/files/quest/icon/5d67b49186f774266f0867b3.jpg",
	"type": "Completion",
	"isKey": false,
	"restartable": true,
	"min_level": 1,
	"canShowNotificationsInGame": true,
	"rewards": {
		"Started": [],
		"Success": [
			{
				"target": "5e02be602a251a0952271107",
				"value": "40000",
				"id": "5d66711886f774131e206b33",
				"type": "Item",
				"index": 0,
				"items": [
					{
						"_id": "5e02be602a251a0952271107",
						"_tpl": "5449016a4bdc2d6f028b456f",
						"upd": {
							"StackObjectsCount": 40000
						}
					}
				]
			},
			{
				"value": "12000",
				"id": "5d66712886f774368d281a91",
				"type": "Experience",
				"index": 1
			},
			{
				"target": "5e02be602a251a0952271108",
				"value": "1",
				"id": "5d66714286f774368f43a1e0",
				"type": "Item",
				"index": 2,
				"items": [
					{
						"_id": "5e02be602a251a0952271108",
						"_tpl": "5d02778e86f774203e7dedbe",
						"upd": {
							"StackObjectsCount": 1
						}
					}
				]
			},
			{
				"target": "5e02be602a251a0952271109",
				"value": "3",
				"id": "5d66716986f774266f07fc92",
				"type": "Item",
				"index": 3,
				"items": [
					{
						"_id": "5e02be602a251a0952271109",
						"_tpl": "5d1b3a5d86f774252167ba22",
						"upd": {
							"StackObjectsCount": 3
						}
					}
				]
			}
		],
		"Fail": []
	},
	"conditions": {
		"AvailableForStart": [],
		"AvailableForFinish": [
			{
				"_parent": "CounterCreator",
				"_props": {
					"value": "5",
					"type": "Elimination",
					"counter": {
						"id": "5d25d09286f77444001e284b",
						"conditions": [
							{
								"_parent": "Kills",
								"_props": {
									"target": "Savage",
									"compareMethod": ">=",
									"value": "1",
									"resetOnSessionEnd": true,
									"id": "5d25d0b186f77408251c422f"
								}
							},
							{
								"_parent": "Location",
								"_props": {
									"target": [
										"Woods"
									],
									"id": "5d3079e386f77447f00acc3d"
								}
							}
						]
					},
					"index": 0,
					"parentId": "",
					"id": "5d25d09286f77444001e284c"
				}
			}
		],
		"Fail": [
			{
				"_parent": "CounterCreator",
				"_props": {
					"value": "1",
					"type": "Completion",
					"counter": {
						"id": "5d25d0d186f7740a22515974",
						"conditions": [
							{
								"_parent": "UseItem",
								"_props": {
									"target": [
										"590c661e86f7741e566b646a",
										"590c678286f77426c9660122",
										"590c657e86f77412b013051d",
										"5755356824597772cb798962",
										"544fb45d4bdc2dee738b4568",
										"590c695186f7741e566b64a2",
										"5751a89d24597722aa0e8db0",
										"5af0548586f7743a532b7e99",
										"544fb3f34bdc2d03748b456a",
										"544fb37f4bdc2dee738b4567",
										"5755383e24597772cb798966",
										"544fb25a4bdc2dfb738b4567",
										"5751a25924597722c463c472",
										"5d02778e86f774203e7dedbe",
										"5af0454c86f7746bf20992e8",
										"544fb3364bdc2d34748b456a",
										"5af0454c86f7746bf20992e8",
										"5d02797c86f774203f38e30a",
										"5c10c8fd86f7743d7d706df3",
										"5c0e530286f7747fa1419862",
										"5c0e531286f7747fa54205c2",
										"5c0e531d86f7747fa23f4d42",
										"5c0e533786f7747fa23f4d47",
										"5c0e534186f7747fa1419867"
									],
									"compareMethod": ">=",
									"value": 1,
									"id": "5d25d14786f77409de05b575"
								}
							},
							{
								"_parent": "Location",
								"_props": {
									"target": [
										"Woods"
									],
									"id": "5de766fb020b3a0a5a187f13"
								}
							}
						]
					},
					"index": 0,
					"parentId": "",
					"id": "5d25d0d186f7740a22515975"
				}
			}
		]
	}
}