{
	"items": [
		{
			"_id": "5c6687d65e9d882c8841f0fd",
			"_tpl": "55d7217a4bdc2d86028b456d"
		},
		{
			"_id": "5c6687d65e9d882c8841f121",
			"_tpl": "557ffd194bdc2d28148b457f",
			"parentId": "5c6687d65e9d882c8841f0fd",
			"slotId": "Pockets"
		},
		{
			"_id": "5c6687d65e9d882c8841f0fc",
			"_tpl": "566abbc34bdc2d92178b4576"
		},
		{
			"_id": "5c6687d65e9d882c8841f0ff",
			"_tpl": "5963866b86f7747bfa1c4462"
		},
		{
			"_id": "5c6687d65e9d882c8841f0fe",
			"_tpl": "5963866286f7747bf429b572"
		},
		{
			"_id": "I59618245917742471pDYsvf",
			"_tpl": "5929a2a086f7744f4b234d43",
			"parentId": "5c6687d65e9d882c8841f0fd",
			"slotId": "TacticalVest"
		},
		{
			"_id": "I2100709741034368iXbIyU2",
			"_tpl": "57dc2fa62459775949412633",
			"parentId": "5c6687d65e9d882c8841f0fd",
			"slotId": "FirstPrimaryWeapon",
			"upd": {
				"Repairable": {
					"MaxDurability": 100,
					"Durability": 100
				}
			}
		},
		{
			"_id": "I2100703608732326S84LIIa",
			"_tpl": "57e3dba62459770f0c32322b",
			"parentId": "I2100709741034368iXbIyU2",
			"slotId": "mod_pistol_grip"
		},
		{
			"_id": "I2100706044414145rj3tJKt",
			"_tpl": "57dc347d245977596754e7a1",
			"parentId": "I2100709741034368iXbIyU2",
			"slotId": "mod_stock"
		},
		{
			"_id": "I59618248384001920JX1dDL",
			"_tpl": "55d4837c4bdc2d1d4e8b456c",
			"parentId": "I2100709741034368iXbIyU2",
			"slotId": "mod_magazine"
		},
		{
			"_id": "I59618249326954159E0DDSp",
			"_tpl": "56dff338d2720bbd668b4569",
			"parentId": "I59618248384001920JX1dDL",
			"slotId": "cartridges",
			"upd": {
				"StackObjectsCount": 10
			}
		},
		{
			"_id": "I2100701812762718uFJFzhx",
			"_tpl": "57dc324a24597759501edc20",
			"parentId": "I2100709741034368iXbIyU2",
			"slotId": "mod_muzzle"
		},
		{
			"_id": "I2100707104932936VdESeLc",
			"_tpl": "57dc334d245977597164366f",
			"parentId": "I2100709741034368iXbIyU2",
			"slotId": "mod_reciever"
		},
		{
			"_id": "I2100706572121697Cu6RGp6",
			"_tpl": "59d36a0086f7747e673f3946",
			"parentId": "I2100709741034368iXbIyU2",
			"slotId": "mod_gas_block"
		},
		{
			"_id": "I2100707181260028G6BYoQZ",
			"_tpl": "56dfef82d2720bbd668b4567",
			"parentId": "I2100701573893487NhxgcjR",
			"slotId": "cartridges",
			"location": 0,
			"upd": {
				"StackObjectsCount": 30
			}
		},
		{
			"_id": "I2100705434128516FhaJtBU",
			"_tpl": "57dc32dc245977596d4ef3d3",
			"parentId": "I2100706572121697Cu6RGp6",
			"slotId": "mod_handguard"
		},
		{
			"_id": "I596182488572586112vXzPE",
			"_tpl": "5857a8bc2459772bad15db29",
			"parentId": "5c6687d65e9d882c8841f0fd",
			"slotId": "SecuredContainer"
		},
		{
			"_id": "I59618245755973320IH0gxE",
			"_tpl": "56dff4ecd2720b5f5a8b4568",
			"parentId": "I596182488572586112vXzPE",
			"slotId": "main",
			"upd": {
				"StackObjectsCount": 60
			}
		},
		{
			"_id": "I59618245163395320yP19pi",
			"_tpl": "56dff4a2d2720bbd668b456a",
			"parentId": "I596182488572586112vXzPE",
			"slotId": "main",
			"upd": {
				"StackObjectsCount": 60
			}
		},
		{
			"_id": "I596182492437604357Lafsq",
			"_tpl": "56dff4a2d2720bbd668b456a",
			"parentId": "I596182488572586112vXzPE",
			"slotId": "main",
			"upd": {
				"StackObjectsCount": 60
			}
		},
		{
			"_id": "I596182418451942981Jlekv",
			"_tpl": "56dff338d2720bbd668b4569",
			"parentId": "I596182488572586112vXzPE",
			"slotId": "main",
			"upd": {
				"StackObjectsCount": 60
			}
		},
		{
			"_id": "I59618248934105724Mz59PC",
			"_tpl": "56dff338d2720bbd668b4569",
			"parentId": "I596182488572586112vXzPE",
			"slotId": "main",
			"upd": {
				"StackObjectsCount": 60
			}
		},
		{
			"_id": "I596182439468108022n7O80",
			"_tpl": "56dff4a2d2720bbd668b456a",
			"parentId": "I596182488572586112vXzPE",
			"slotId": "main",
			"upd": {
				"StackObjectsCount": 60
			}
		},
		{
			"_id": "I59618244144139674GpMUCp",
			"_tpl": "56dfef82d2720bbd668b4567",
			"parentId": "I596182488572586112vXzPE",
			"slotId": "main",
			"upd": {
				"StackObjectsCount": 60
			}
		},
		{
			"_id": "I59618246936675313Z3xDtI",
			"_tpl": "56dff216d2720bbd668b4568",
			"parentId": "I596182488572586112vXzPE",
			"slotId": "main",
			"upd": {
				"StackObjectsCount": 60
			}
		},
		{
			"_id": "I59618242849828997je0nIB",
			"_tpl": "56dff2ced2720bb4668b4567",
			"parentId": "I596182488572586112vXzPE",
			"slotId": "main",
			"upd": {
				"StackObjectsCount": 60
			}
		},
		{
			"_id": "I59618243882076276DexguL",
			"_tpl": "55d4837c4bdc2d1d4e8b456c",
			"parentId": "I59618245917742471pDYsvf",
			"slotId": "3",
			"location": {
				"x": 0,
				"y": 0,
				"r": "Horizontal"
			}
		},
		{
			"_id": "I59618249605488250eRl4qD",
			"_tpl": "56dff2ced2720bb4668b4567",
			"parentId": "I59618243882076276DexguL",
			"slotId": "cartridges",
			"upd": {
				"StackObjectsCount": 10
			}
		},
		{
			"_id": "I59618241698014704ZMc2Tl",
			"_tpl": "55d4837c4bdc2d1d4e8b456c",
			"parentId": "I59618245917742471pDYsvf",
			"slotId": "3",
			"location": {
				"x": 0,
				"y": 1,
				"r": "Horizontal"
			}
		},
		{
			"_id": "I59618248218653901oQMXzc",
			"_tpl": "56dff421d2720b5f5a8b4567",
			"parentId": "I59618241698014704ZMc2Tl",
			"slotId": "cartridges",
			"upd": {
				"StackObjectsCount": 10
			}
		},
		{
			"_id": "I59618244818782797D1Bz0E",
			"_tpl": "55d4837c4bdc2d1d4e8b456c",
			"parentId": "I59618245917742471pDYsvf",
			"slotId": "5",
			"location": {
				"x": 0,
				"y": 1,
				"r": "Horizontal"
			}
		},
		{
			"_id": "I59618242614921459dJB7fb",
			"_tpl": "56dff0bed2720bb0668b4567",
			"parentId": "I59618244818782797D1Bz0E",
			"slotId": "cartridges",
			"upd": {
				"StackObjectsCount": 10
			}
		},
		{
			"_id": "I59618241011889687qL78cw",
			"_tpl": "56dff0bed2720bb0668b4567",
			"parentId": "I59618245917742471pDYsvf",
			"slotId": "1",
			"upd": {
				"StackObjectsCount": 40
			}
		},
		{
			"_id": "I596182416927025535a6YVN",
			"_tpl": "56dfef82d2720bbd668b4567",
			"parentId": "I59618245917742471pDYsvf",
			"slotId": "8",
			"upd": {
				"StackObjectsCount": 12
			}
		},
		{
			"_id": "I59618243810152627lUPylZ",
			"_tpl": "57e26ea924597715ca604a09",
			"parentId": "5c6687d65e9d882c8841f0fd",
			"slotId": "Scabbard"
		},
		{
			"_id": "I59618248101534786tC5Cvi",
			"_tpl": "5b4327aa5acfc400175496e0",
			"parentId": "5c6687d65e9d882c8841f0fd",
			"slotId": "Headwear"
		},
		{
			"_id": "I59618241459146337B5MgGB",
			"_tpl": "5ab8ee7786f7742d8f33f0b9",
			"parentId": "5c6687d65e9d882c8841f0fd",
			"slotId": "Backpack"
		},
		{
			"_id": "I59618244019727405QNVloa",
			"_tpl": "5672cb304bdc2dc2088b456a",
			"parentId": "I59618241459146337B5MgGB",
			"slotId": "main",
			"location": {
				"x": 0,
				"y": 0,
				"r": "Horizontal"
			}
		},
		{
			"_id": "I59618248395386664Yw0lmX",
			"_tpl": "5d40412b86f7743cb332ac3a",
			"parentId": "I59618241459146337B5MgGB",
			"slotId": "main",
			"location": {
				"x": 1,
				"y": 0,
				"r": "Horizontal"
			}
		},
		{
			"_id": "I59618248578931381eFznbM",
			"_tpl": "5d1b3a5d86f774252167ba22",
			"parentId": "I59618241459146337B5MgGB",
			"slotId": "main",
			"location": {
				"x": 0,
				"y": 1,
				"r": "Horizontal"
			}
		},
		{
			"_id": "I59618241556524385tW1yg2",
			"_tpl": "57513f9324597720a7128161",
			"parentId": "I59618241459146337B5MgGB",
			"slotId": "main",
			"location": {
				"x": 2,
				"y": 0,
				"r": "Horizontal"
			}
		},
		{
			"_id": "I59618244836137187ioCygt",
			"_tpl": "5c0e5edb86f77461f55ed1f7",
			"parentId": "5c6687d65e9d882c8841f0fd",
			"slotId": "ArmorVest",
			"upd": {
				"Repairable": {
					"MaxDurability": 50,
					"Durability": 27
				}
			}
		},
		{
			"_id": "I596182494286876367ufYGO",
			"_tpl": "5914578086f774123569ffa4",
			"parentId": "5c6687d65e9d882c8841f121",
			"slotId": "pocket1",
			"location": {
				"x": 0,
				"y": 0,
				"r": "Horizontal"
			},
			"upd": {
				"SpawnedInSession": true
			}
		},
		{
			"_id": "I59618244756610922VGna91",
			"_tpl": "5b4335ba86f7744d2837a264",
			"parentId": "5c6687d65e9d882c8841f121",
			"slotId": "pocket2",
			"location": {
				"x": 0,
				"y": 0,
				"r": "Horizontal"
			},
			"upd": {
				"SpawnedInSession": true
			}
		}
	],
	"equipment": "5c6687d65e9d882c8841f0fd",
	"stash": "5c6687d65e9d882c8841f0fc",
	"questRaidItems": "5c6687d65e9d882c8841f0fe",
	"questStashItems": "5c6687d65e9d882c8841f0ff",
	"fastPanel": {}
}