{
	"items": [
		{
			"_id": "5c6687d65e9d882c8841f0fd",
			"_tpl": "55d7217a4bdc2d86028b456d"
		},
		{
			"_id": "5c6687d65e9d882c8841f121",
			"_tpl": "557ffd194bdc2d28148b457f",
			"parentId": "5c6687d65e9d882c8841f0fd",
			"slotId": "Pockets"
		},
		{
			"_id": "5c6687d65e9d882c8841f0fc",
			"_tpl": "566abbc34bdc2d92178b4576"
		},
		{
			"_id": "5c6687d65e9d882c8841f0ff",
			"_tpl": "5963866b86f7747bfa1c4462"
		},
		{
			"_id": "5c6687d65e9d882c8841f0fe",
			"_tpl": "5963866286f7747bf429b572"
		},
		{
			"_id": "I596182451836358081gGhVu",
			"_tpl": "5d5d646386f7742797261fd9",
			"parentId": "5c6687d65e9d882c8841f0fd",
			"slotId": "TacticalVest"
		},
		{
			"_id": "I331040261898090695jEtfb",
			"_tpl": "59e6687d86f77411d949b251",
			"parentId": "5c6687d65e9d882c8841f0fd",
			"slotId": "FirstPrimaryWeapon",
			"upd": {
				"Repairable": {
					"MaxDurability": 100,
					"Durability": 100
				}
			}
		},
		{
			"_id": "I331040261385690904mFi1F",
			"_tpl": "59e649f986f77411d949b246",
			"parentId": "I331040261898090695jEtfb",
			"slotId": "mod_gas_block"
		},
		{
			"_id": "I331040269768304561Btdvg",
			"_tpl": "59e8a00d86f7742ad93b569c",
			"parentId": "I331040261898090695jEtfb",
			"slotId": "mod_muzzle"
		},
		{
			"_id": "I331040263276919742kO80S",
			"_tpl": "59e6318286f77444dd62c4cc",
			"parentId": "I331040261898090695jEtfb",
			"slotId": "mod_pistol_grip"
		},
		{
			"_id": "I331040264420816365IJdCD",
			"_tpl": "59e8977386f77415a553c453",
			"parentId": "I331040261898090695jEtfb",
			"slotId": "mod_sight_rear",
			"upd": {
				"Sight": {
					"SelectedSightMode": 0
				}
			}
		},
		{
			"_id": "I331040269632460056pIv3s",
			"_tpl": "59e89d0986f77427600d226e",
			"parentId": "I331040261898090695jEtfb",
			"slotId": "mod_stock"
		},
		{
			"_id": "I59618245743899284OjShlg",
			"_tpl": "59e5d83b86f7745aed03d262",
			"parentId": "I331040261898090695jEtfb",
			"slotId": "mod_magazine"
		},
		{
			"_id": "I59618243253405721ulgn6r",
			"_tpl": "59e6542b86f77411dc52a77a",
			"parentId": "I59618245743899284OjShlg",
			"slotId": "cartridges",
			"upd": {
				"StackObjectsCount": 10
			}
		},
		{
			"_id": "I331040269337492331ctw7H",
			"_tpl": "59e898ee86f77427614bd225",
			"parentId": "I331040261385690904mFi1F",
			"slotId": "mod_handguard"
		},
		{
			"_id": "I59618244108535923QKBH0u",
			"_tpl": "5857a8bc2459772bad15db29",
			"parentId": "5c6687d65e9d882c8841f0fd",
			"slotId": "SecuredContainer"
		},
		{
			"_id": "I59618242905302801rY5vNK",
			"_tpl": "59e6542b86f77411dc52a77a",
			"parentId": "I59618244108535923QKBH0u",
			"slotId": "main",
			"upd": {
				"StackObjectsCount": 60
			}
		},
		{
			"_id": "I59618249640625193MIm5vg",
			"_tpl": "59e6658b86f77411d949b250",
			"parentId": "I59618244108535923QKBH0u",
			"slotId": "main",
			"upd": {
				"StackObjectsCount": 60
			}
		},
		{
			"_id": "I59618245847968714uHbdAy",
			"_tpl": "59e6542b86f77411dc52a77a",
			"parentId": "I59618244108535923QKBH0u",
			"slotId": "main",
			"upd": {
				"StackObjectsCount": 60
			}
		},
		{
			"_id": "I59618249473443737T75I4y",
			"_tpl": "59e6658b86f77411d949b250",
			"parentId": "I59618244108535923QKBH0u",
			"slotId": "main",
			"upd": {
				"StackObjectsCount": 60
			}
		},
		{
			"_id": "I596182490552342017fN2Wp",
			"_tpl": "59e655cb86f77411dc52a77b",
			"parentId": "I59618244108535923QKBH0u",
			"slotId": "main",
			"upd": {
				"StackObjectsCount": 60
			}
		},
		{
			"_id": "I59618242050278504IaV9r6",
			"_tpl": "59e655cb86f77411dc52a77b",
			"parentId": "I59618244108535923QKBH0u",
			"slotId": "main",
			"upd": {
				"StackObjectsCount": 60
			}
		},
		{
			"_id": "I59618249152324386U4Fg9u",
			"_tpl": "59e655cb86f77411dc52a77b",
			"parentId": "I59618244108535923QKBH0u",
			"slotId": "main",
			"upd": {
				"StackObjectsCount": 60
			}
		},
		{
			"_id": "I596182437796178134fk3TY",
			"_tpl": "59e655cb86f77411dc52a77b",
			"parentId": "I59618244108535923QKBH0u",
			"slotId": "main",
			"upd": {
				"StackObjectsCount": 60
			}
		},
		{
			"_id": "I59618248636201031xhl8da",
			"_tpl": "59e6542b86f77411dc52a77a",
			"parentId": "I59618244108535923QKBH0u",
			"slotId": "main",
			"upd": {
				"StackObjectsCount": 60
			}
		},
		{
			"_id": "I59618243368647676SEKqCa",
			"_tpl": "59e5d83b86f7745aed03d262",
			"parentId": "I596182451836358081gGhVu",
			"slotId": "3",
			"location": {
				"x": 0,
				"y": 0,
				"r": "Horizontal"
			}
		},
		{
			"_id": "I59618247312207507BABzSU",
			"_tpl": "59e655cb86f77411dc52a77b",
			"parentId": "I59618243368647676SEKqCa",
			"slotId": "cartridges",
			"upd": {
				"StackObjectsCount": 10
			}
		},
		{
			"_id": "I59618243074945508J3HFpF",
			"_tpl": "59e5d83b86f7745aed03d262",
			"parentId": "I596182451836358081gGhVu",
			"slotId": "3",
			"location": {
				"x": 0,
				"y": 1,
				"r": "Horizontal"
			}
		},
		{
			"_id": "I59618242022922239oIMfir",
			"_tpl": "59e655cb86f77411dc52a77b",
			"parentId": "I59618243074945508J3HFpF",
			"slotId": "cartridges",
			"upd": {
				"StackObjectsCount": 10
			}
		},
		{
			"_id": "I59618245509932959YVDXS3",
			"_tpl": "59e5d83b86f7745aed03d262",
			"parentId": "I596182451836358081gGhVu",
			"slotId": "5",
			"location": {
				"x": 0,
				"y": 0,
				"r": "Horizontal"
			}
		},
		{
			"_id": "I59618245114018156kAy95Q",
			"_tpl": "59e6542b86f77411dc52a77a",
			"parentId": "I59618245509932959YVDXS3",
			"slotId": "cartridges",
			"upd": {
				"StackObjectsCount": 10
			}
		},
		{
			"_id": "I596182442062494026VVKjb",
			"_tpl": "59e655cb86f77411dc52a77b",
			"parentId": "I596182451836358081gGhVu",
			"slotId": "2",
			"upd": {
				"StackObjectsCount": 24
			}
		},
		{
			"_id": "I59618242334252805X5YnR1",
			"_tpl": "58d3db5386f77426186285a0",
			"parentId": "I596182451836358081gGhVu",
			"slotId": "8"
		},
		{
			"_id": "I59618247558738290xNFl5g",
			"_tpl": "57e26fc7245977162a14b800",
			"parentId": "5c6687d65e9d882c8841f0fd",
			"slotId": "Scabbard"
		},
		{
			"_id": "I59618248156502690ecvRTD",
			"_tpl": "5b40e61f5acfc4001a599bec",
			"parentId": "5c6687d65e9d882c8841f0fd",
			"slotId": "Headwear"
		},
		{
			"_id": "I59618241219777634bSIzVt",
			"_tpl": "572b7fa524597762b747ce82",
			"parentId": "5c6687d65e9d882c8841f0fd",
			"slotId": "FaceCover"
		},
		{
			"_id": "I59618242352318849A29Soy",
			"_tpl": "5ab8f04f86f774585f4237d8",
			"parentId": "5c6687d65e9d882c8841f0fd",
			"slotId": "Backpack"
		},
		{
			"_id": "I59618245811765971XTL04q",
			"_tpl": "57347d5f245977448b40fa81",
			"parentId": "I59618242352318849A29Soy",
			"slotId": "main",
			"location": {
				"x": 0,
				"y": 0,
				"r": "Horizontal"
			}
		},
		{
			"_id": "I59618241537810112HAiR1U",
			"_tpl": "5c13cd2486f774072c757944",
			"parentId": "I59618242352318849A29Soy",
			"slotId": "main",
			"location": {
				"x": 0,
				"y": 1,
				"r": "Horizontal"
			}
		},
		{
			"_id": "I59618245622438249D5d731",
			"_tpl": "5780cfa52459777dfb276eb1",
			"parentId": "I59618242352318849A29Soy",
			"slotId": "main",
			"location": {
				"x": 1,
				"y": 0,
				"r": "Horizontal"
			}
		},
		{
			"_id": "I59618248824795499PjvwpD",
			"_tpl": "5648a7494bdc2d9d488b4583",
			"parentId": "5c6687d65e9d882c8841f0fd",
			"slotId": "ArmorVest",
			"upd": {
				"Repairable": {
					"MaxDurability": 50,
					"Durability": 42
				}
			}
		}
	],
	"equipment": "5c6687d65e9d882c8841f0fd",
	"stash": "5c6687d65e9d882c8841f0fc",
	"questRaidItems": "5c6687d65e9d882c8841f0fe",
	"questStashItems": "5c6687d65e9d882c8841f0ff",
	"fastPanel": {}
}