{
	"items": [
		{
			"_id": "5c6687d65e9d882c8841f0fd",
			"_tpl": "55d7217a4bdc2d86028b456d"
		},
		{
			"_id": "5c6687d65e9d882c8841f121",
			"_tpl": "557ffd194bdc2d28148b457f",
			"parentId": "5c6687d65e9d882c8841f0fd",
			"slotId": "Pockets"
		},
		{
			"_id": "5c6687d65e9d882c8841f0fc",
			"_tpl": "566abbc34bdc2d92178b4576"
		},
		{
			"_id": "5c6687d65e9d882c8841f0ff",
			"_tpl": "5963866b86f7747bfa1c4462"
		},
		{
			"_id": "5c6687d65e9d882c8841f0fe",
			"_tpl": "5963866286f7747bf429b572"
		},
		{
			"_id": "I59618246631944440Lap84Q",
			"_tpl": "5e4abfed86f77406a2713cf7",
			"parentId": "5c6687d65e9d882c8841f0fd",
			"slotId": "TacticalVest"
		},
		{
			"_id": "I210012363743647067MaAgh",
			"_tpl": "57838ad32459774a17445cd2",
			"parentId": "5c6687d65e9d882c8841f0fd",
			"slotId": "FirstPrimaryWeapon",
			"upd": {
				"Repairable": {
					"MaxDurability": 100,
					"Durability": 100
				}
			}
		},
		{
			"_id": "I59618244447994150M7H7OS",
			"_tpl": "57838f0b2459774a256959b2",
			"parentId": "I210012363743647067MaAgh",
			"slotId": "mod_magazine"
		},
		{
			"_id": "I596182426768348570Q6zOp",
			"_tpl": "5c0d688c86f77413ae3407b2",
			"parentId": "I59618244447994150M7H7OS",
			"slotId": "cartridges",
			"upd": {
				"StackObjectsCount": 10
			}
		},
		{
			"_id": "I210012368595680122lHqZY",
			"_tpl": "57838c962459774a1651ec63",
			"parentId": "I210012363743647067MaAgh",
			"slotId": "mod_muzzle"
		},
		{
			"_id": "I210012363934540897DpmVJ",
			"_tpl": "578395402459774a256959b5",
			"parentId": "I210012363743647067MaAgh",
			"slotId": "mod_reciever"
		},
		{
			"_id": "I2100123685022187231WnGk",
			"_tpl": "578395e82459774a0e553c7b",
			"parentId": "I210012363743647067MaAgh",
			"slotId": "mod_stock"
		},
		{
			"_id": "I210012367386767999gqdEO",
			"_tpl": "57838e1b2459774a256959b1",
			"parentId": "I210012368595680122lHqZY",
			"slotId": "mod_sight_rear",
			"upd": {
				"Sight": {
					"SelectedSightMode": 0
				}
			}
		},
		{
			"_id": "I59618243412381812Or5aub",
			"_tpl": "5857a8bc2459772bad15db29",
			"parentId": "5c6687d65e9d882c8841f0fd",
			"slotId": "SecuredContainer"
		},
		{
			"_id": "I596182473924846307IqZBY",
			"_tpl": "57a0dfb82459774d3078b56c",
			"parentId": "I59618243412381812Or5aub",
			"slotId": "main",
			"upd": {
				"StackObjectsCount": 60
			}
		},
		{
			"_id": "I596182416613243236jrb9J",
			"_tpl": "57a0e5022459774d1673f889",
			"parentId": "I59618243412381812Or5aub",
			"slotId": "main",
			"upd": {
				"StackObjectsCount": 60
			}
		},
		{
			"_id": "I59618243902835621rPhUMA",
			"_tpl": "57a0e5022459774d1673f889",
			"parentId": "I59618243412381812Or5aub",
			"slotId": "main",
			"upd": {
				"StackObjectsCount": 60
			}
		},
		{
			"_id": "I59618246455991975Uqcsr1",
			"_tpl": "57a0e5022459774d1673f889",
			"parentId": "I59618243412381812Or5aub",
			"slotId": "main",
			"upd": {
				"StackObjectsCount": 60
			}
		},
		{
			"_id": "I59618246697046665HvFlAj",
			"_tpl": "5c0d688c86f77413ae3407b2",
			"parentId": "I59618243412381812Or5aub",
			"slotId": "main",
			"upd": {
				"StackObjectsCount": 60
			}
		},
		{
			"_id": "I59618246350856245uv2jya",
			"_tpl": "57a0e5022459774d1673f889",
			"parentId": "I59618243412381812Or5aub",
			"slotId": "main",
			"upd": {
				"StackObjectsCount": 60
			}
		},
		{
			"_id": "I59618241555335358bcfzO2",
			"_tpl": "57a0dfb82459774d3078b56c",
			"parentId": "I59618243412381812Or5aub",
			"slotId": "main",
			"upd": {
				"StackObjectsCount": 60
			}
		},
		{
			"_id": "I59618245681046440CKkiob",
			"_tpl": "5c0d668f86f7747ccb7f13b2",
			"parentId": "I59618243412381812Or5aub",
			"slotId": "main",
			"upd": {
				"StackObjectsCount": 60
			}
		},
		{
			"_id": "I59618244658051556bSRmt7",
			"_tpl": "5c0d688c86f77413ae3407b2",
			"parentId": "I59618243412381812Or5aub",
			"slotId": "main",
			"upd": {
				"StackObjectsCount": 60
			}
		},
		{
			"_id": "I59618245076579124tjRhbT",
			"_tpl": "57838f0b2459774a256959b2",
			"parentId": "I59618246631944440Lap84Q",
			"slotId": "1",
			"location": {
				"x": 0,
				"y": 0,
				"r": "Horizontal"
			}
		},
		{
			"_id": "I59618243432885318FJSnsR",
			"_tpl": "5c0d668f86f7747ccb7f13b2",
			"parentId": "I59618245076579124tjRhbT",
			"slotId": "cartridges",
			"upd": {
				"StackObjectsCount": 10
			}
		},
		{
			"_id": "I59618244485009241GQ1uWN",
			"_tpl": "57838f0b2459774a256959b2",
			"parentId": "I59618246631944440Lap84Q",
			"slotId": "1",
			"location": {
				"x": 0,
				"y": 1,
				"r": "Horizontal"
			}
		},
		{
			"_id": "I59618247446413497MWq3Bn",
			"_tpl": "57a0e5022459774d1673f889",
			"parentId": "I59618244485009241GQ1uWN",
			"slotId": "cartridges",
			"upd": {
				"StackObjectsCount": 10
			}
		},
		{
			"_id": "I596182455116341586GYS5l",
			"_tpl": "57838f0b2459774a256959b2",
			"parentId": "I59618246631944440Lap84Q",
			"slotId": "3",
			"location": {
				"x": 0,
				"y": 1,
				"r": "Horizontal"
			}
		},
		{
			"_id": "I59618248632309068SMv6CQ",
			"_tpl": "57a0e5022459774d1673f889",
			"parentId": "I596182455116341586GYS5l",
			"slotId": "cartridges",
			"upd": {
				"StackObjectsCount": 10
			}
		},
		{
			"_id": "I59618243016113276IzNMc7",
			"_tpl": "5448be9a4bdc2dfd2f8b456a",
			"parentId": "I59618246631944440Lap84Q",
			"slotId": "5"
		},
		{
			"_id": "I59618246401462936hPinQD",
			"_tpl": "5c0d668f86f7747ccb7f13b2",
			"parentId": "I59618246631944440Lap84Q",
			"slotId": "7",
			"upd": {
				"StackObjectsCount": 42
			}
		},
		{
			"_id": "I59618241211360788oN9wq4",
			"_tpl": "5a0c27731526d80618476ac4",
			"parentId": "I59618246631944440Lap84Q",
			"slotId": "9"
		},
		{
			"_id": "I59618244720378033F1wpwd",
			"_tpl": "57a0e5022459774d1673f889",
			"parentId": "I59618246631944440Lap84Q",
			"slotId": "10",
			"upd": {
				"StackObjectsCount": 46
			}
		},
		{
			"_id": "I59618248902816758pi0bcE",
			"_tpl": "54491bb74bdc2d09088b4567",
			"parentId": "5c6687d65e9d882c8841f0fd",
			"slotId": "Scabbard"
		},
		{
			"_id": "I59618241422269881MLQHZQ",
			"_tpl": "59e7711e86f7746cae05fbe1",
			"parentId": "5c6687d65e9d882c8841f0fd",
			"slotId": "Headwear"
		},
		{
			"_id": "I59618242879910245MgDT78",
			"_tpl": "5ac4c50d5acfc40019262e87",
			"parentId": "I59618241422269881MLQHZQ",
			"slotId": "mod_equipment",
			"upd": {
				"Togglable": {
					"On": true
				}
			}
		},
		{
			"_id": "I59618246462907743fBcAax",
			"_tpl": "5d5fca1ea4b93635fd598c07",
			"parentId": "5c6687d65e9d882c8841f0fd",
			"slotId": "Eyewear"
		},
		{
			"_id": "I59618249065934704GGwGKC",
			"_tpl": "5c0e57ba86f7747fa141986d",
			"parentId": "5c6687d65e9d882c8841f0fd",
			"slotId": "ArmorVest",
			"upd": {
				"Repairable": {
					"MaxDurability": 55,
					"Durability": 8
				}
			}
		},
		{
			"_id": "I59618243215557450nFBQJD",
			"_tpl": "590c5bbd86f774785762df04",
			"parentId": "5c6687d65e9d882c8841f121",
			"slotId": "pocket1",
			"location": {
				"x": 0,
				"y": 0,
				"r": "Horizontal"
			},
			"upd": {
				"SpawnedInSession": true
			}
		}
	],
	"equipment": "5c6687d65e9d882c8841f0fd",
	"stash": "5c6687d65e9d882c8841f0fc",
	"questRaidItems": "5c6687d65e9d882c8841f0fe",
	"questStashItems": "5c6687d65e9d882c8841f0ff",
	"fastPanel": {}
}