{
	"items": [
		{
			"_id": "5c6687d65e9d882c8841f0fd",
			"_tpl": "55d7217a4bdc2d86028b456d"
		},
		{
			"_id": "5c6687d65e9d882c8841f121",
			"_tpl": "557ffd194bdc2d28148b457f",
			"parentId": "5c6687d65e9d882c8841f0fd",
			"slotId": "Pockets"
		},
		{
			"_id": "5c6687d65e9d882c8841f0fc",
			"_tpl": "566abbc34bdc2d92178b4576"
		},
		{
			"_id": "5c6687d65e9d882c8841f0ff",
			"_tpl": "5963866b86f7747bfa1c4462"
		},
		{
			"_id": "5c6687d65e9d882c8841f0fe",
			"_tpl": "5963866286f7747bf429b572"
		},
		{
			"_id": "I59618242194505739XroOXd",
			"_tpl": "5c0e446786f7742013381639",
			"parentId": "5c6687d65e9d882c8841f0fd",
			"slotId": "TacticalVest"
		},
		{
			"_id": "I210015102641588730FeBQk",
			"_tpl": "57f4c844245977379d5c14d1",
			"parentId": "5c6687d65e9d882c8841f0fd",
			"slotId": "FirstPrimaryWeapon",
			"upd": {
				"Repairable": {
					"MaxDurability": 100,
					"Durability": 100
				}
			}
		},
		{
			"_id": "I210015108752448856835CJ",
			"_tpl": "57d152ec245977144076ccdf",
			"parentId": "I210015102641588730FeBQk",
			"slotId": "mod_pistol_grip"
		},
		{
			"_id": "I59618241751455280uOzywd",
			"_tpl": "57d1519e24597714373db79d",
			"parentId": "I210015102641588730FeBQk",
			"slotId": "mod_magazine"
		},
		{
			"_id": "I59618243359936227GlXDr0",
			"_tpl": "5737201124597760fc4431f1",
			"parentId": "I59618241751455280uOzywd",
			"slotId": "cartridges",
			"upd": {
				"StackObjectsCount": 30
			}
		},
		{
			"_id": "I59618248602241341lyBMeN",
			"_tpl": "5857a8bc2459772bad15db29",
			"parentId": "5c6687d65e9d882c8841f0fd",
			"slotId": "SecuredContainer"
		},
		{
			"_id": "I59618242902971113lsAcll",
			"_tpl": "57371f2b24597761224311f1",
			"parentId": "I59618248602241341lyBMeN",
			"slotId": "main",
			"upd": {
				"StackObjectsCount": 60
			}
		},
		{
			"_id": "I59618244280406805muvKUi",
			"_tpl": "573718ba2459775a75491131",
			"parentId": "I59618248602241341lyBMeN",
			"slotId": "main",
			"upd": {
				"StackObjectsCount": 60
			}
		},
		{
			"_id": "I59618241436508831u6nixy",
			"_tpl": "57371b192459775a9f58a5e0",
			"parentId": "I59618248602241341lyBMeN",
			"slotId": "main",
			"upd": {
				"StackObjectsCount": 60
			}
		},
		{
			"_id": "I59618249538440880OpZA0m",
			"_tpl": "5737207f24597760ff7b25f2",
			"parentId": "I59618248602241341lyBMeN",
			"slotId": "main",
			"upd": {
				"StackObjectsCount": 60
			}
		},
		{
			"_id": "I59618247246038441YevEMV",
			"_tpl": "57372140245977611f70ee91",
			"parentId": "I59618248602241341lyBMeN",
			"slotId": "main",
			"upd": {
				"StackObjectsCount": 60
			}
		},
		{
			"_id": "I59618248055183592M10bbj",
			"_tpl": "57371aab2459775a77142f22",
			"parentId": "I59618248602241341lyBMeN",
			"slotId": "main",
			"upd": {
				"StackObjectsCount": 60
			}
		},
		{
			"_id": "I59618242050110746El7ZUM",
			"_tpl": "57371f2b24597761224311f1",
			"parentId": "I59618248602241341lyBMeN",
			"slotId": "main",
			"upd": {
				"StackObjectsCount": 60
			}
		},
		{
			"_id": "I5961824390131972410K6Ny",
			"_tpl": "5737207f24597760ff7b25f2",
			"parentId": "I59618248602241341lyBMeN",
			"slotId": "main",
			"upd": {
				"StackObjectsCount": 60
			}
		},
		{
			"_id": "I596182425773711410mmYYm",
			"_tpl": "5737201124597760fc4431f1",
			"parentId": "I59618248602241341lyBMeN",
			"slotId": "main",
			"upd": {
				"StackObjectsCount": 60
			}
		},
		{
			"_id": "I210016352266185794zd3SI",
			"_tpl": "56e0598dd2720bb5668b45a6",
			"parentId": "5c6687d65e9d882c8841f0fd",
			"slotId": "Holster",
			"upd": {
				"Repairable": {
					"MaxDurability": 100,
					"Durability": 100
				}
			}
		},
		{
			"_id": "I596182455811987663gEBVh",
			"_tpl": "57371f2b24597761224311f1",
			"parentId": "I210016359259926518drwwp",
			"slotId": "cartridges",
			"upd": {
				"StackObjectsCount": 8
			}
		},
		{
			"_id": "I210016359259926518drwwp",
			"_tpl": "5448c12b4bdc2d02308b456f",
			"parentId": "I210016352266185794zd3SI",
			"slotId": "mod_magazine"
		},
		{
			"_id": "I210016357401982149X62Eg",
			"_tpl": "56e05b06d2720bb2668b4586",
			"parentId": "I210016352266185794zd3SI",
			"slotId": "mod_muzzle"
		},
		{
			"_id": "I210016359320850162BUbDs",
			"_tpl": "56e05a6ed2720bd0748b4567",
			"parentId": "I210016352266185794zd3SI",
			"slotId": "mod_pistol_grip"
		},
		{
			"_id": "I59618247587294600ShTWj9",
			"_tpl": "57d1519e24597714373db79d",
			"parentId": "I59618242194505739XroOXd",
			"slotId": "1",
			"location": {
				"x": 0,
				"y": 0,
				"r": "Horizontal"
			}
		},
		{
			"_id": "I596182487158459926F5Qj8",
			"_tpl": "57371e4124597760ff7b25f1",
			"parentId": "I59618247587294600ShTWj9",
			"slotId": "cartridges",
			"upd": {
				"StackObjectsCount": 30
			}
		},
		{
			"_id": "I59618249994751523PK74yT",
			"_tpl": "57d1519e24597714373db79d",
			"parentId": "I59618242194505739XroOXd",
			"slotId": "3",
			"location": {
				"x": 0,
				"y": 0,
				"r": "Horizontal"
			}
		},
		{
			"_id": "I59618248477948676OpQ2j9",
			"_tpl": "57371f8d24597761006c6a81",
			"parentId": "I59618249994751523PK74yT",
			"slotId": "cartridges",
			"upd": {
				"StackObjectsCount": 30
			}
		},
		{
			"_id": "I59618244576368416FchW6n",
			"_tpl": "57371f2b24597761224311f1",
			"parentId": "I59618242194505739XroOXd",
			"slotId": "5",
			"upd": {
				"StackObjectsCount": 19
			}
		},
		{
			"_id": "I59618245411922087IdjLFW",
			"_tpl": "5448c12b4bdc2d02308b456f",
			"parentId": "I59618242194505739XroOXd",
			"slotId": "2",
			"location": {
				"x": 0,
				"y": 0,
				"r": "Horizontal"
			}
		},
		{
			"_id": "I59618244183711385WtILmz",
			"_tpl": "57371b192459775a9f58a5e0",
			"parentId": "I59618245411922087IdjLFW",
			"slotId": "cartridges",
			"upd": {
				"StackObjectsCount": 8
			}
		},
		{
			"_id": "I59618247465695940KZ03LE",
			"_tpl": "5448c12b4bdc2d02308b456f",
			"parentId": "I59618242194505739XroOXd",
			"slotId": "2",
			"location": {
				"x": 0,
				"y": 1,
				"r": "Horizontal"
			}
		},
		{
			"_id": "I59618241653036569sgWI6t",
			"_tpl": "573720e02459776143012541",
			"parentId": "I59618247465695940KZ03LE",
			"slotId": "cartridges",
			"upd": {
				"StackObjectsCount": 8
			}
		},
		{
			"_id": "I59618243145028585tzqDN8",
			"_tpl": "57e26ea924597715ca604a09",
			"parentId": "5c6687d65e9d882c8841f0fd",
			"slotId": "Scabbard"
		},
		{
			"_id": "I59618249308902219YJDYsR",
			"_tpl": "5c08f87c0db8340019124324",
			"parentId": "5c6687d65e9d882c8841f0fd",
			"slotId": "Headwear"
		},
		{
			"_id": "I59618243913437629lAK7e9",
			"_tpl": "5aa2b986e5b5b00014028f4c",
			"parentId": "5c6687d65e9d882c8841f0fd",
			"slotId": "Eyewear"
		},
		{
			"_id": "I59618249623559718H2s1jw",
			"_tpl": "5bd0716d86f774171822ef4b",
			"parentId": "5c6687d65e9d882c8841f0fd",
			"slotId": "FaceCover"
		},
		{
			"_id": "I596182494365219762vEl7C",
			"_tpl": "5c0e5edb86f77461f55ed1f7",
			"parentId": "5c6687d65e9d882c8841f0fd",
			"slotId": "ArmorVest",
			"upd": {
				"Repairable": {
					"MaxDurability": 50,
					"Durability": 38
				}
			}
		},
		{
			"_id": "I59618246757351121bh5ZrK",
			"_tpl": "544fb3f34bdc2d03748b456a",
			"parentId": "5c6687d65e9d882c8841f121",
			"slotId": "pocket1",
			"location": {
				"x": 0,
				"y": 0,
				"r": "Horizontal"
			},
			"upd": {
				"SpawnedInSession": true
			}
		},
		{
			"_id": "I59618246950086441wSPmo5",
			"_tpl": "5ad5d64486f774079b080af8",
			"parentId": "5c6687d65e9d882c8841f121",
			"slotId": "pocket2",
			"location": {
				"x": 0,
				"y": 0,
				"r": "Horizontal"
			},
			"upd": {
				"SpawnedInSession": true
			}
		}
	],
	"equipment": "5c6687d65e9d882c8841f0fd",
	"stash": "5c6687d65e9d882c8841f0fc",
	"questRaidItems": "5c6687d65e9d882c8841f0fe",
	"questStashItems": "5c6687d65e9d882c8841f0ff",
	"fastPanel": {}
}