{
	"items": [
		{
			"_id": "5c6687d65e9d882c8841f0fd",
			"_tpl": "55d7217a4bdc2d86028b456d"
		},
		{
			"_id": "5c6687d65e9d882c8841f121",
			"_tpl": "557ffd194bdc2d28148b457f",
			"parentId": "5c6687d65e9d882c8841f0fd",
			"slotId": "Pockets"
		},
		{
			"_id": "5c6687d65e9d882c8841f0fc",
			"_tpl": "566abbc34bdc2d92178b4576"
		},
		{
			"_id": "5c6687d65e9d882c8841f0ff",
			"_tpl": "5963866b86f7747bfa1c4462"
		},
		{
			"_id": "5c6687d65e9d882c8841f0fe",
			"_tpl": "5963866286f7747bf429b572"
		},
		{
			"_id": "I59618249468571077cL3NZk",
			"_tpl": "59e7643b86f7742cbf2c109a",
			"parentId": "5c6687d65e9d882c8841f0fd",
			"slotId": "TacticalVest"
		},
		{
			"_id": "I33102416494885904fWl23K",
			"_tpl": "5839a40f24597726f856b511",
			"parentId": "5c6687d65e9d882c8841f0fd",
			"slotId": "FirstPrimaryWeapon",
			"upd": {
				"Repairable": {
					"MaxDurability": 100,
					"Durability": 100
				}
			}
		},
		{
			"_id": "I33102417291738672uKSgsL",
			"_tpl": "5649ad3f4bdc2df8348b4585",
			"parentId": "I33102416494885904fWl23K",
			"slotId": "mod_pistol_grip"
		},
		{
			"_id": "I33102413976644553Krq5I6",
			"_tpl": "57dc347d245977596754e7a1",
			"parentId": "I33102416494885904fWl23K",
			"slotId": "mod_stock"
		},
		{
			"_id": "I59618244113376589ZL7WmG",
			"_tpl": "55d4837c4bdc2d1d4e8b456c",
			"parentId": "I33102416494885904fWl23K",
			"slotId": "mod_magazine"
		},
		{
			"_id": "I59618247982072511AfOl9W",
			"_tpl": "56dff338d2720bbd668b4569",
			"parentId": "I59618244113376589ZL7WmG",
			"slotId": "cartridges",
			"upd": {
				"StackObjectsCount": 10
			}
		},
		{
			"_id": "I33102411720357067FW1hss",
			"_tpl": "57ffb0e42459777d047111c5",
			"parentId": "I33102416494885904fWl23K",
			"slotId": "mod_muzzle"
		},
		{
			"_id": "I331024152413132491LdqjM",
			"_tpl": "59d36a0086f7747e673f3946",
			"parentId": "I33102416494885904fWl23K",
			"slotId": "mod_gas_block"
		},
		{
			"_id": "I331024130619810355z7bLP",
			"_tpl": "56dfef82d2720bbd668b4567",
			"parentId": "I331024115032520096m1y7j",
			"slotId": "cartridges",
			"location": 0,
			"upd": {
				"StackObjectsCount": 30
			}
		},
		{
			"_id": "I331024149795897580go4tH",
			"_tpl": "57dc32dc245977596d4ef3d3",
			"parentId": "I331024152413132491LdqjM",
			"slotId": "mod_handguard"
		},
		{
			"_id": "I596182441108996088XrxrV",
			"_tpl": "5857a8bc2459772bad15db29",
			"parentId": "5c6687d65e9d882c8841f0fd",
			"slotId": "SecuredContainer"
		},
		{
			"_id": "I59618243543531361smmvYh",
			"_tpl": "5c0d5e4486f77478390952fe",
			"parentId": "I596182441108996088XrxrV",
			"slotId": "main",
			"upd": {
				"StackObjectsCount": 60
			}
		},
		{
			"_id": "I59618249393392398R6U4lp",
			"_tpl": "56dff4a2d2720bbd668b456a",
			"parentId": "I596182441108996088XrxrV",
			"slotId": "main",
			"upd": {
				"StackObjectsCount": 60
			}
		},
		{
			"_id": "I596182425852487665YcT4n",
			"_tpl": "56dff216d2720bbd668b4568",
			"parentId": "I596182441108996088XrxrV",
			"slotId": "main",
			"upd": {
				"StackObjectsCount": 60
			}
		},
		{
			"_id": "I596182440837301804poTOY",
			"_tpl": "56dff026d2720bb8668b4567",
			"parentId": "I596182441108996088XrxrV",
			"slotId": "main",
			"upd": {
				"StackObjectsCount": 60
			}
		},
		{
			"_id": "I59618244974622729ufTYDU",
			"_tpl": "56dff4ecd2720b5f5a8b4568",
			"parentId": "I596182441108996088XrxrV",
			"slotId": "main",
			"upd": {
				"StackObjectsCount": 60
			}
		},
		{
			"_id": "I59618248248076834fXs0HJ",
			"_tpl": "56dff4a2d2720bbd668b456a",
			"parentId": "I596182441108996088XrxrV",
			"slotId": "main",
			"upd": {
				"StackObjectsCount": 60
			}
		},
		{
			"_id": "I59618244826465529gYKf92",
			"_tpl": "5c0d5e4486f77478390952fe",
			"parentId": "I596182441108996088XrxrV",
			"slotId": "main",
			"upd": {
				"StackObjectsCount": 60
			}
		},
		{
			"_id": "I59618248713585434dETQtq",
			"_tpl": "56dff2ced2720bb4668b4567",
			"parentId": "I596182441108996088XrxrV",
			"slotId": "main",
			"upd": {
				"StackObjectsCount": 60
			}
		},
		{
			"_id": "I59618248275032421iI9tTr",
			"_tpl": "56dff421d2720b5f5a8b4567",
			"parentId": "I596182441108996088XrxrV",
			"slotId": "main",
			"upd": {
				"StackObjectsCount": 60
			}
		},
		{
			"_id": "I59618247185123907AeK9aa",
			"_tpl": "55d4837c4bdc2d1d4e8b456c",
			"parentId": "I59618249468571077cL3NZk",
			"slotId": "2",
			"location": {
				"x": 0,
				"y": 0,
				"r": "Horizontal"
			}
		},
		{
			"_id": "I59618248425624649i5c0xE",
			"_tpl": "56dff2ced2720bb4668b4567",
			"parentId": "I59618247185123907AeK9aa",
			"slotId": "cartridges",
			"upd": {
				"StackObjectsCount": 10
			}
		},
		{
			"_id": "I596182411423047780yllwm",
			"_tpl": "5a0c27731526d80618476ac4",
			"parentId": "I59618249468571077cL3NZk",
			"slotId": "4"
		},
		{
			"_id": "I59618241976952403q6PVgN",
			"_tpl": "5e32f56fcb6d5863cc5e5ee4",
			"parentId": "I59618249468571077cL3NZk",
			"slotId": "5"
		},
		{
			"_id": "I59618244349626210l4mDFX",
			"_tpl": "57e26fc7245977162a14b800",
			"parentId": "5c6687d65e9d882c8841f0fd",
			"slotId": "Scabbard"
		},
		{
			"_id": "I59618245618610963m1UTLV",
			"_tpl": "59e7708286f7742cbd762753",
			"parentId": "5c6687d65e9d882c8841f0fd",
			"slotId": "Headwear"
		},
		{
			"_id": "I59618248939278004Va1bI1",
			"_tpl": "5d5fca1ea4b93635fd598c07",
			"parentId": "5c6687d65e9d882c8841f0fd",
			"slotId": "Eyewear"
		},
		{
			"_id": "I59618241967520718za1oac",
			"_tpl": "5648a7494bdc2d9d488b4583",
			"parentId": "5c6687d65e9d882c8841f0fd",
			"slotId": "ArmorVest",
			"upd": {
				"Repairable": {
					"MaxDurability": 50,
					"Durability": 33
				}
			}
		},
		{
			"_id": "I59618247620572630XEMk2E",
			"_tpl": "5672c92d4bdc2d180f8b4567",
			"parentId": "5c6687d65e9d882c8841f121",
			"slotId": "pocket1",
			"location": {
				"x": 0,
				"y": 0,
				"r": "Horizontal"
			},
			"upd": {
				"SpawnedInSession": true
			}
		},
		{
			"_id": "I59618243318199359B7ZlWv",
			"_tpl": "5751a25924597722c463c472",
			"parentId": "5c6687d65e9d882c8841f121",
			"slotId": "pocket2",
			"location": {
				"x": 0,
				"y": 0,
				"r": "Horizontal"
			},
			"upd": {
				"SpawnedInSession": true
			}
		},
		{
			"_id": "I596182420349013973DHDdL",
			"_tpl": "5d80c60f86f77440373c4ece",
			"parentId": "5c6687d65e9d882c8841f121",
			"slotId": "pocket3",
			"location": {
				"x": 0,
				"y": 0,
				"r": "Horizontal"
			},
			"upd": {
				"SpawnedInSession": true
			}
		}
	],
	"equipment": "5c6687d65e9d882c8841f0fd",
	"stash": "5c6687d65e9d882c8841f0fc",
	"questRaidItems": "5c6687d65e9d882c8841f0fe",
	"questStashItems": "5c6687d65e9d882c8841f0ff",
	"fastPanel": {}
}