{
	"items": [
		{
			"_id": "5c6687d65e9d882c8841f0fd",
			"_tpl": "55d7217a4bdc2d86028b456d"
		},
		{
			"_id": "5c6687d65e9d882c8841f121",
			"_tpl": "557ffd194bdc2d28148b457f",
			"parentId": "5c6687d65e9d882c8841f0fd",
			"slotId": "Pockets"
		},
		{
			"_id": "5c6687d65e9d882c8841f0fc",
			"_tpl": "566abbc34bdc2d92178b4576"
		},
		{
			"_id": "5c6687d65e9d882c8841f0ff",
			"_tpl": "5963866b86f7747bfa1c4462"
		},
		{
			"_id": "5c6687d65e9d882c8841f0fe",
			"_tpl": "5963866286f7747bf429b572"
		},
		{
			"_id": "I596182464057248233oElXp",
			"_tpl": "5d5d8ca986f7742798716522",
			"parentId": "5c6687d65e9d882c8841f0fd",
			"slotId": "TacticalVest"
		},
		{
			"_id": "I331017482780841435AhGt6",
			"_tpl": "5ab8e9fcd8ce870019439434",
			"parentId": "5c6687d65e9d882c8841f0fd",
			"slotId": "FirstPrimaryWeapon",
			"upd": {
				"Repairable": {
					"MaxDurability": 100,
					"Durability": 100
				}
			}
		},
		{
			"_id": "I3310174856292415005HYwu",
			"_tpl": "59c6633186f7740cf0493bb9",
			"parentId": "I331017482780841435AhGt6",
			"slotId": "mod_gas_block"
		},
		{
			"_id": "I331017485185961610JvntI",
			"_tpl": "5649aa744bdc2ded0b8b457e",
			"parentId": "I331017482780841435AhGt6",
			"slotId": "mod_muzzle"
		},
		{
			"_id": "I3310174882290139167WR2R",
			"_tpl": "57e3dba62459770f0c32322b",
			"parentId": "I331017482780841435AhGt6",
			"slotId": "mod_pistol_grip"
		},
		{
			"_id": "I331017482580523344idHJD",
			"_tpl": "5649b0544bdc2d1b2b8b458a",
			"parentId": "I331017482780841435AhGt6",
			"slotId": "mod_sight_rear",
			"upd": {
				"Sight": {
					"SelectedSightMode": 0
				}
			}
		},
		{
			"_id": "I331017484401527346Lw7Hl",
			"_tpl": "5ab626e4d8ce87272e4c6e43",
			"parentId": "I331017482780841435AhGt6",
			"slotId": "mod_stock"
		},
		{
			"_id": "I596182464171678715PttMq",
			"_tpl": "5aaa4194e5b5b055d06310a5",
			"parentId": "I331017482780841435AhGt6",
			"slotId": "mod_magazine"
		},
		{
			"_id": "I59618245100216672qmDKNk",
			"_tpl": "56dff216d2720bbd668b4568",
			"parentId": "I596182464171678715PttMq",
			"slotId": "cartridges",
			"upd": {
				"StackObjectsCount": 30
			}
		},
		{
			"_id": "I331017485538352065oHxLJ",
			"_tpl": "5648b0744bdc2d363b8b4578",
			"parentId": "I3310174856292415005HYwu",
			"slotId": "mod_handguard"
		},
		{
			"_id": "I59618244318990876CKHVyI",
			"_tpl": "5857a8bc2459772bad15db29",
			"parentId": "5c6687d65e9d882c8841f0fd",
			"slotId": "SecuredContainer"
		},
		{
			"_id": "I59618244785249883LHD1Nw",
			"_tpl": "56dff421d2720b5f5a8b4567",
			"parentId": "I59618244318990876CKHVyI",
			"slotId": "main",
			"upd": {
				"StackObjectsCount": 60
			}
		},
		{
			"_id": "I59618246773628772xRua2e",
			"_tpl": "56dff0bed2720bb0668b4567",
			"parentId": "I59618244318990876CKHVyI",
			"slotId": "main",
			"upd": {
				"StackObjectsCount": 60
			}
		},
		{
			"_id": "I59618243660264635XmOct7",
			"_tpl": "56dff216d2720bbd668b4568",
			"parentId": "I59618244318990876CKHVyI",
			"slotId": "main",
			"upd": {
				"StackObjectsCount": 60
			}
		},
		{
			"_id": "I59618244672108527wzVtiU",
			"_tpl": "56dff338d2720bbd668b4569",
			"parentId": "I59618244318990876CKHVyI",
			"slotId": "main",
			"upd": {
				"StackObjectsCount": 60
			}
		},
		{
			"_id": "I59618246498283684x64saT",
			"_tpl": "56dfef82d2720bbd668b4567",
			"parentId": "I59618244318990876CKHVyI",
			"slotId": "main",
			"upd": {
				"StackObjectsCount": 60
			}
		},
		{
			"_id": "I59618249952038756HlV4lg",
			"_tpl": "56dff061d2720bb5668b4567",
			"parentId": "I59618244318990876CKHVyI",
			"slotId": "main",
			"upd": {
				"StackObjectsCount": 60
			}
		},
		{
			"_id": "I59618245961916349uoU3UH",
			"_tpl": "56dff026d2720bb8668b4567",
			"parentId": "I59618244318990876CKHVyI",
			"slotId": "main",
			"upd": {
				"StackObjectsCount": 60
			}
		},
		{
			"_id": "I59618242339450569AZi7RP",
			"_tpl": "56dff216d2720bbd668b4568",
			"parentId": "I59618244318990876CKHVyI",
			"slotId": "main",
			"upd": {
				"StackObjectsCount": 60
			}
		},
		{
			"_id": "I59618248491268800rxV0Fk",
			"_tpl": "56dff216d2720bbd668b4568",
			"parentId": "I59618244318990876CKHVyI",
			"slotId": "main",
			"upd": {
				"StackObjectsCount": 60
			}
		},
		{
			"_id": "I59618242764419027p3rTx9",
			"_tpl": "5cbdaf89ae9215000e5b9c94",
			"parentId": "I596182464057248233oElXp",
			"slotId": "2",
			"location": {
				"x": 0,
				"y": 0,
				"r": "Horizontal"
			}
		},
		{
			"_id": "I59618248580140361aEsB6U",
			"_tpl": "56dff216d2720bbd668b4568",
			"parentId": "I59618242764419027p3rTx9",
			"slotId": "cartridges",
			"upd": {
				"StackObjectsCount": 30
			}
		},
		{
			"_id": "I596182439698854292LcdHI",
			"_tpl": "58d3db5386f77426186285a0",
			"parentId": "I596182464057248233oElXp",
			"slotId": "1"
		},
		{
			"_id": "I5961824365345160839cl6p",
			"_tpl": "5cbdaf89ae9215000e5b9c94",
			"parentId": "I596182464057248233oElXp",
			"slotId": "1",
			"location": {
				"x": 1,
				"y": 0,
				"r": "Horizontal"
			}
		},
		{
			"_id": "I59618245385105047aWtTa4",
			"_tpl": "56dff338d2720bbd668b4569",
			"parentId": "I5961824365345160839cl6p",
			"slotId": "cartridges",
			"upd": {
				"StackObjectsCount": 30
			}
		},
		{
			"_id": "I59618241727461035NxBnJp",
			"_tpl": "5bffdc370db834001d23eca8",
			"parentId": "5c6687d65e9d882c8841f0fd",
			"slotId": "Scabbard"
		},
		{
			"_id": "I59618241670289260D61d35",
			"_tpl": "5ab8f20c86f7745cdb629fb2",
			"parentId": "5c6687d65e9d882c8841f0fd",
			"slotId": "Headwear"
		},
		{
			"_id": "I59618242091870227NwBggM",
			"_tpl": "5c0e5edb86f77461f55ed1f7",
			"parentId": "5c6687d65e9d882c8841f0fd",
			"slotId": "ArmorVest",
			"upd": {
				"Repairable": {
					"MaxDurability": 50,
					"Durability": 34
				}
			}
		},
		{
			"_id": "I59618241595369089XdsnJ7",
			"_tpl": "5a1452ee86f7746f33111763",
			"parentId": "5c6687d65e9d882c8841f121",
			"slotId": "pocket1",
			"location": {
				"x": 0,
				"y": 0,
				"r": "Horizontal"
			},
			"upd": {
				"SpawnedInSession": true
			}
		}
	],
	"equipment": "5c6687d65e9d882c8841f0fd",
	"stash": "5c6687d65e9d882c8841f0fc",
	"questRaidItems": "5c6687d65e9d882c8841f0fe",
	"questStashItems": "5c6687d65e9d882c8841f0ff",
	"fastPanel": {}
}