{
	"items": [
		{
			"_id": "5c6687d65e9d882c8841f0fd",
			"_tpl": "55d7217a4bdc2d86028b456d"
		},
		{
			"_id": "5c6687d65e9d882c8841f121",
			"_tpl": "557ffd194bdc2d28148b457f",
			"parentId": "5c6687d65e9d882c8841f0fd",
			"slotId": "Pockets"
		},
		{
			"_id": "5c6687d65e9d882c8841f0fc",
			"_tpl": "566abbc34bdc2d92178b4576"
		},
		{
			"_id": "5c6687d65e9d882c8841f0ff",
			"_tpl": "5963866b86f7747bfa1c4462"
		},
		{
			"_id": "5c6687d65e9d882c8841f0fe",
			"_tpl": "5963866286f7747bf429b572"
		},
		{
			"_id": "I59618241351104018JfmZYx",
			"_tpl": "5929a2a086f7744f4b234d43",
			"parentId": "5c6687d65e9d882c8841f0fd",
			"slotId": "TacticalVest"
		},
		{
			"_id": "I331040383808603064PeLsD",
			"_tpl": "59e6687d86f77411d949b251",
			"parentId": "5c6687d65e9d882c8841f0fd",
			"slotId": "FirstPrimaryWeapon",
			"upd": {
				"Repairable": {
					"MaxDurability": 100,
					"Durability": 100
				}
			}
		},
		{
			"_id": "I331040389042886286iohjg",
			"_tpl": "59e649f986f77411d949b246",
			"parentId": "I331040383808603064PeLsD",
			"slotId": "mod_gas_block"
		},
		{
			"_id": "I331040381610056644NKXNw",
			"_tpl": "59e8a00d86f7742ad93b569c",
			"parentId": "I331040383808603064PeLsD",
			"slotId": "mod_muzzle"
		},
		{
			"_id": "I331040382843459499ckFsR",
			"_tpl": "59e6318286f77444dd62c4cc",
			"parentId": "I331040383808603064PeLsD",
			"slotId": "mod_pistol_grip"
		},
		{
			"_id": "I331040388956908351IkMfG",
			"_tpl": "59e6449086f7746c9f75e822",
			"parentId": "I331040383808603064PeLsD",
			"slotId": "mod_reciever"
		},
		{
			"_id": "I3310403821687905285fjaj",
			"_tpl": "59e8977386f77415a553c453",
			"parentId": "I331040383808603064PeLsD",
			"slotId": "mod_sight_rear",
			"upd": {
				"Sight": {
					"SelectedSightMode": 0
				}
			}
		},
		{
			"_id": "I59618242442748311kbX68J",
			"_tpl": "59e5d83b86f7745aed03d262",
			"parentId": "I331040383808603064PeLsD",
			"slotId": "mod_magazine"
		},
		{
			"_id": "I59618245203777777OJvR0i",
			"_tpl": "59e6658b86f77411d949b250",
			"parentId": "I59618242442748311kbX68J",
			"slotId": "cartridges",
			"upd": {
				"StackObjectsCount": 10
			}
		},
		{
			"_id": "I331040381112735457T04Du",
			"_tpl": "59e898ee86f77427614bd225",
			"parentId": "I331040389042886286iohjg",
			"slotId": "mod_handguard"
		},
		{
			"_id": "I596182456639470152FztH1",
			"_tpl": "5857a8bc2459772bad15db29",
			"parentId": "5c6687d65e9d882c8841f0fd",
			"slotId": "SecuredContainer"
		},
		{
			"_id": "I59618247085178021Qms9Op",
			"_tpl": "59e6542b86f77411dc52a77a",
			"parentId": "I596182456639470152FztH1",
			"slotId": "main",
			"upd": {
				"StackObjectsCount": 60
			}
		},
		{
			"_id": "I59618242843993070Hi6Nbl",
			"_tpl": "59e6542b86f77411dc52a77a",
			"parentId": "I596182456639470152FztH1",
			"slotId": "main",
			"upd": {
				"StackObjectsCount": 60
			}
		},
		{
			"_id": "I59618246813333975DTUKqh",
			"_tpl": "59e6658b86f77411d949b250",
			"parentId": "I596182456639470152FztH1",
			"slotId": "main",
			"upd": {
				"StackObjectsCount": 60
			}
		},
		{
			"_id": "I59618241842544447RVYRlN",
			"_tpl": "59e6658b86f77411d949b250",
			"parentId": "I596182456639470152FztH1",
			"slotId": "main",
			"upd": {
				"StackObjectsCount": 60
			}
		},
		{
			"_id": "I59618246468823441NAFv9i",
			"_tpl": "59e655cb86f77411dc52a77b",
			"parentId": "I596182456639470152FztH1",
			"slotId": "main",
			"upd": {
				"StackObjectsCount": 60
			}
		},
		{
			"_id": "I59618247519515890hZHRae",
			"_tpl": "59e655cb86f77411dc52a77b",
			"parentId": "I596182456639470152FztH1",
			"slotId": "main",
			"upd": {
				"StackObjectsCount": 60
			}
		},
		{
			"_id": "I59618244834076357fAs3Va",
			"_tpl": "59e6658b86f77411d949b250",
			"parentId": "I596182456639470152FztH1",
			"slotId": "main",
			"upd": {
				"StackObjectsCount": 60
			}
		},
		{
			"_id": "I59618249358588818H8413y",
			"_tpl": "59e6658b86f77411d949b250",
			"parentId": "I596182456639470152FztH1",
			"slotId": "main",
			"upd": {
				"StackObjectsCount": 60
			}
		},
		{
			"_id": "I59618246771885672VkWOe9",
			"_tpl": "59e655cb86f77411dc52a77b",
			"parentId": "I596182456639470152FztH1",
			"slotId": "main",
			"upd": {
				"StackObjectsCount": 60
			}
		},
		{
			"_id": "I59618249043400547YUiZl2",
			"_tpl": "59e5d83b86f7745aed03d262",
			"parentId": "I59618241351104018JfmZYx",
			"slotId": "3",
			"location": {
				"x": 0,
				"y": 0,
				"r": "Horizontal"
			}
		},
		{
			"_id": "I59618241019945409d7rdTT",
			"_tpl": "59e6658b86f77411d949b250",
			"parentId": "I59618249043400547YUiZl2",
			"slotId": "cartridges",
			"upd": {
				"StackObjectsCount": 10
			}
		},
		{
			"_id": "I59618244615828661VsOXmV",
			"_tpl": "59e5d83b86f7745aed03d262",
			"parentId": "I59618241351104018JfmZYx",
			"slotId": "3",
			"location": {
				"x": 0,
				"y": 1,
				"r": "Horizontal"
			}
		},
		{
			"_id": "I59618241242396333jB9Js6",
			"_tpl": "59e6542b86f77411dc52a77a",
			"parentId": "I59618244615828661VsOXmV",
			"slotId": "cartridges",
			"upd": {
				"StackObjectsCount": 10
			}
		},
		{
			"_id": "I59618246528229949WDxQGz",
			"_tpl": "59e5d83b86f7745aed03d262",
			"parentId": "I59618241351104018JfmZYx",
			"slotId": "5",
			"location": {
				"x": 0,
				"y": 0,
				"r": "Horizontal"
			}
		},
		{
			"_id": "I59618243403838157g8CRdX",
			"_tpl": "59e6542b86f77411dc52a77a",
			"parentId": "I59618246528229949WDxQGz",
			"slotId": "cartridges",
			"upd": {
				"StackObjectsCount": 10
			}
		},
		{
			"_id": "I59618244378419989uo7K5S",
			"_tpl": "59e5d83b86f7745aed03d262",
			"parentId": "I59618241351104018JfmZYx",
			"slotId": "5",
			"location": {
				"x": 0,
				"y": 1,
				"r": "Horizontal"
			}
		},
		{
			"_id": "I59618246234446988g8UpSn",
			"_tpl": "59e6542b86f77411dc52a77a",
			"parentId": "I59618244378419989uo7K5S",
			"slotId": "cartridges",
			"upd": {
				"StackObjectsCount": 10
			}
		},
		{
			"_id": "I59618246522820529HsK6Sm",
			"_tpl": "59e655cb86f77411dc52a77b",
			"parentId": "I59618241351104018JfmZYx",
			"slotId": "1",
			"upd": {
				"StackObjectsCount": 24
			}
		},
		{
			"_id": "I59618249842711048qtdeTD",
			"_tpl": "5448be9a4bdc2dfd2f8b456a",
			"parentId": "I59618241351104018JfmZYx",
			"slotId": "8"
		},
		{
			"_id": "I59618242528918134wf47Cy",
			"_tpl": "57e26fc7245977162a14b800",
			"parentId": "5c6687d65e9d882c8841f0fd",
			"slotId": "Scabbard"
		},
		{
			"_id": "I59618243274752135mPK5Pz",
			"_tpl": "59e770b986f7742cbd762754",
			"parentId": "5c6687d65e9d882c8841f0fd",
			"slotId": "Eyewear"
		}
	],
	"equipment": "5c6687d65e9d882c8841f0fd",
	"stash": "5c6687d65e9d882c8841f0fc",
	"questRaidItems": "5c6687d65e9d882c8841f0fe",
	"questStashItems": "5c6687d65e9d882c8841f0ff",
	"fastPanel": {}
}