{
	"items": [
		{
			"_id": "5c6687d65e9d882c8841f0fd",
			"_tpl": "55d7217a4bdc2d86028b456d"
		},
		{
			"_id": "5c6687d65e9d882c8841f121",
			"_tpl": "557ffd194bdc2d28148b457f",
			"parentId": "5c6687d65e9d882c8841f0fd",
			"slotId": "Pockets"
		},
		{
			"_id": "5c6687d65e9d882c8841f0fc",
			"_tpl": "566abbc34bdc2d92178b4576"
		},
		{
			"_id": "5c6687d65e9d882c8841f0ff",
			"_tpl": "5963866b86f7747bfa1c4462"
		},
		{
			"_id": "5c6687d65e9d882c8841f0fe",
			"_tpl": "5963866286f7747bf429b572"
		},
		{
			"_id": "I59618234044561209M6iK8L",
			"_tpl": "572b7adb24597762ae139821",
			"parentId": "5c6687d65e9d882c8841f0fd",
			"slotId": "TacticalVest"
		},
		{
			"_id": "I33102303730031505TZLMDy",
			"_tpl": "583990e32459771419544dd2",
			"parentId": "5c6687d65e9d882c8841f0fd",
			"slotId": "FirstPrimaryWeapon",
			"upd": {
				"Repairable": {
					"MaxDurability": 100,
					"Durability": 100
				}
			}
		},
		{
			"_id": "I33102307989103931N2Kw00",
			"_tpl": "5649ad3f4bdc2df8348b4585",
			"parentId": "I33102303730031505TZLMDy",
			"slotId": "mod_pistol_grip"
		},
		{
			"_id": "I59618238814729888acEuuk",
			"_tpl": "5bed61680db834001d2c45ab",
			"parentId": "I33102303730031505TZLMDy",
			"slotId": "mod_magazine"
		},
		{
			"_id": "I59618231376704851sBpBtK",
			"_tpl": "56dff4ecd2720b5f5a8b4568",
			"parentId": "I59618238814729888acEuuk",
			"slotId": "cartridges",
			"upd": {
				"StackObjectsCount": 30
			}
		},
		{
			"_id": "I33102308164590742qZRmUg",
			"_tpl": "57dc324a24597759501edc20",
			"parentId": "I33102303730031505TZLMDy",
			"slotId": "mod_muzzle"
		},
		{
			"_id": "I33102309203048350rvJr4i",
			"_tpl": "59d36a0086f7747e673f3946",
			"parentId": "I33102303730031505TZLMDy",
			"slotId": "mod_gas_block"
		},
		{
			"_id": "I33102302388811623UyrSOM",
			"_tpl": "56dfef82d2720bbd668b4567",
			"parentId": "I33102303015895963IGu8iz",
			"slotId": "cartridges",
			"location": 0,
			"upd": {
				"StackObjectsCount": 30
			}
		},
		{
			"_id": "I33102301697240347uAkuT7",
			"_tpl": "57dc32dc245977596d4ef3d3",
			"parentId": "I33102309203048350rvJr4i",
			"slotId": "mod_handguard"
		},
		{
			"_id": "I59618236157595366BZXIXG",
			"_tpl": "5857a8bc2459772bad15db29",
			"parentId": "5c6687d65e9d882c8841f0fd",
			"slotId": "SecuredContainer"
		},
		{
			"_id": "I59618239840763896wN1M1c",
			"_tpl": "56dff421d2720b5f5a8b4567",
			"parentId": "I59618236157595366BZXIXG",
			"slotId": "main",
			"upd": {
				"StackObjectsCount": 60
			}
		},
		{
			"_id": "I59618236465410874ZKTQm4",
			"_tpl": "56dff421d2720b5f5a8b4567",
			"parentId": "I59618236157595366BZXIXG",
			"slotId": "main",
			"upd": {
				"StackObjectsCount": 60
			}
		},
		{
			"_id": "I59618236602243700HR7Tb0",
			"_tpl": "56dff4ecd2720b5f5a8b4568",
			"parentId": "I59618236157595366BZXIXG",
			"slotId": "main",
			"upd": {
				"StackObjectsCount": 60
			}
		},
		{
			"_id": "I59618234284994677SAg9DW",
			"_tpl": "56dff216d2720bbd668b4568",
			"parentId": "I59618236157595366BZXIXG",
			"slotId": "main",
			"upd": {
				"StackObjectsCount": 60
			}
		},
		{
			"_id": "I59618239564372302Idds44",
			"_tpl": "56dfef82d2720bbd668b4567",
			"parentId": "I59618236157595366BZXIXG",
			"slotId": "main",
			"upd": {
				"StackObjectsCount": 60
			}
		},
		{
			"_id": "I59618232169676965DB86m6",
			"_tpl": "56dff026d2720bb8668b4567",
			"parentId": "I59618236157595366BZXIXG",
			"slotId": "main",
			"upd": {
				"StackObjectsCount": 60
			}
		},
		{
			"_id": "I59618236340753725ptNQZA",
			"_tpl": "56dfef82d2720bbd668b4567",
			"parentId": "I59618236157595366BZXIXG",
			"slotId": "main",
			"upd": {
				"StackObjectsCount": 60
			}
		},
		{
			"_id": "I59618236050167886BS6kE7",
			"_tpl": "56dff026d2720bb8668b4567",
			"parentId": "I59618236157595366BZXIXG",
			"slotId": "main",
			"upd": {
				"StackObjectsCount": 60
			}
		},
		{
			"_id": "I59618239799694761zec9Cg",
			"_tpl": "56dff4ecd2720b5f5a8b4568",
			"parentId": "I59618236157595366BZXIXG",
			"slotId": "main",
			"upd": {
				"StackObjectsCount": 60
			}
		},
		{
			"_id": "I596182395993749501hnOSp",
			"_tpl": "5aaa4194e5b5b055d06310a5",
			"parentId": "I59618234044561209M6iK8L",
			"slotId": "3",
			"location": {
				"x": 0,
				"y": 0,
				"r": "Horizontal"
			}
		},
		{
			"_id": "I59618236221226092yqNXxj",
			"_tpl": "56dff338d2720bbd668b4569",
			"parentId": "I596182395993749501hnOSp",
			"slotId": "cartridges",
			"upd": {
				"StackObjectsCount": 30
			}
		},
		{
			"_id": "I596182335742335477mqGPQ",
			"_tpl": "5a0c27731526d80618476ac4",
			"parentId": "I59618234044561209M6iK8L",
			"slotId": "4"
		},
		{
			"_id": "I596182396494752861lJhLL",
			"_tpl": "57e26fc7245977162a14b800",
			"parentId": "5c6687d65e9d882c8841f0fd",
			"slotId": "Scabbard"
		},
		{
			"_id": "I59618232224485098XHI02z",
			"_tpl": "5d6d2ef3a4b93618084f58bd",
			"parentId": "5c6687d65e9d882c8841f0fd",
			"slotId": "Eyewear"
		},
		{
			"_id": "I59618238236365871tCXKtc",
			"_tpl": "5c0e53c886f7747fa54205c7",
			"parentId": "5c6687d65e9d882c8841f0fd",
			"slotId": "ArmorVest",
			"upd": {
				"Repairable": {
					"MaxDurability": 47,
					"Durability": 14
				}
			}
		},
		{
			"_id": "I59618235196309529riLvMh",
			"_tpl": "5a687e7886f7740c4a5133fb",
			"parentId": "5c6687d65e9d882c8841f121",
			"slotId": "pocket1",
			"location": {
				"x": 0,
				"y": 0,
				"r": "Horizontal"
			},
			"upd": {
				"SpawnedInSession": true
			}
		},
		{
			"_id": "I596182321945593032JJjnB",
			"_tpl": "590a358486f77429692b2790",
			"parentId": "5c6687d65e9d882c8841f121",
			"slotId": "pocket2",
			"location": {
				"x": 0,
				"y": 0,
				"r": "Horizontal"
			},
			"upd": {
				"SpawnedInSession": true
			}
		}
	],
	"equipment": "5c6687d65e9d882c8841f0fd",
	"stash": "5c6687d65e9d882c8841f0fc",
	"questRaidItems": "5c6687d65e9d882c8841f0fe",
	"questStashItems": "5c6687d65e9d882c8841f0ff",
	"fastPanel": {}
}