{
	"items": [
		{
			"_id": "5c6687d65e9d882c8841f0fd",
			"_tpl": "55d7217a4bdc2d86028b456d"
		},
		{
			"_id": "5c6687d65e9d882c8841f121",
			"_tpl": "557ffd194bdc2d28148b457f",
			"parentId": "5c6687d65e9d882c8841f0fd",
			"slotId": "Pockets"
		},
		{
			"_id": "5c6687d65e9d882c8841f0fc",
			"_tpl": "566abbc34bdc2d92178b4576"
		},
		{
			"_id": "5c6687d65e9d882c8841f0ff",
			"_tpl": "5963866b86f7747bfa1c4462"
		},
		{
			"_id": "5c6687d65e9d882c8841f0fe",
			"_tpl": "5963866286f7747bf429b572"
		},
		{
			"_id": "I59618242387556557BtjZ0Q",
			"_tpl": "5648a69d4bdc2ded0b8b457b",
			"parentId": "5c6687d65e9d882c8841f0fd",
			"slotId": "TacticalVest"
		},
		{
			"_id": "I2100709741034368iXbIyU2",
			"_tpl": "57dc2fa62459775949412633",
			"parentId": "5c6687d65e9d882c8841f0fd",
			"slotId": "FirstPrimaryWeapon",
			"upd": {
				"Repairable": {
					"MaxDurability": 100,
					"Durability": 100
				}
			}
		},
		{
			"_id": "I2100703608732326S84LIIa",
			"_tpl": "57e3dba62459770f0c32322b",
			"parentId": "I2100709741034368iXbIyU2",
			"slotId": "mod_pistol_grip"
		},
		{
			"_id": "I2100706044414145rj3tJKt",
			"_tpl": "57dc347d245977596754e7a1",
			"parentId": "I2100709741034368iXbIyU2",
			"slotId": "mod_stock"
		},
		{
			"_id": "I59618246779385638QB8VhA",
			"_tpl": "55d4837c4bdc2d1d4e8b456c",
			"parentId": "I2100709741034368iXbIyU2",
			"slotId": "mod_magazine"
		},
		{
			"_id": "I59618244414214869FmUbDm",
			"_tpl": "56dff0bed2720bb0668b4567",
			"parentId": "I59618246779385638QB8VhA",
			"slotId": "cartridges",
			"upd": {
				"StackObjectsCount": 10
			}
		},
		{
			"_id": "I2100701812762718uFJFzhx",
			"_tpl": "57dc324a24597759501edc20",
			"parentId": "I2100709741034368iXbIyU2",
			"slotId": "mod_muzzle"
		},
		{
			"_id": "I2100707104932936VdESeLc",
			"_tpl": "57dc334d245977597164366f",
			"parentId": "I2100709741034368iXbIyU2",
			"slotId": "mod_reciever"
		},
		{
			"_id": "I2100706572121697Cu6RGp6",
			"_tpl": "59d36a0086f7747e673f3946",
			"parentId": "I2100709741034368iXbIyU2",
			"slotId": "mod_gas_block"
		},
		{
			"_id": "I2100707181260028G6BYoQZ",
			"_tpl": "56dfef82d2720bbd668b4567",
			"parentId": "I2100701573893487NhxgcjR",
			"slotId": "cartridges",
			"location": 0,
			"upd": {
				"StackObjectsCount": 30
			}
		},
		{
			"_id": "I2100705434128516FhaJtBU",
			"_tpl": "57dc32dc245977596d4ef3d3",
			"parentId": "I2100706572121697Cu6RGp6",
			"slotId": "mod_handguard"
		},
		{
			"_id": "I59618249433688138Dh5JzE",
			"_tpl": "5857a8bc2459772bad15db29",
			"parentId": "5c6687d65e9d882c8841f0fd",
			"slotId": "SecuredContainer"
		},
		{
			"_id": "I59618241736761734oeaOat",
			"_tpl": "56dff3afd2720bba668b4567",
			"parentId": "I59618249433688138Dh5JzE",
			"slotId": "main",
			"upd": {
				"StackObjectsCount": 60
			}
		},
		{
			"_id": "I59618244488159834q6Hc6r",
			"_tpl": "56dff061d2720bb5668b4567",
			"parentId": "I59618249433688138Dh5JzE",
			"slotId": "main",
			"upd": {
				"StackObjectsCount": 60
			}
		},
		{
			"_id": "I59618243125092718lNMtOj",
			"_tpl": "56dff216d2720bbd668b4568",
			"parentId": "I59618249433688138Dh5JzE",
			"slotId": "main",
			"upd": {
				"StackObjectsCount": 60
			}
		},
		{
			"_id": "I59618244010316258SUa09m",
			"_tpl": "56dff4a2d2720bbd668b456a",
			"parentId": "I59618249433688138Dh5JzE",
			"slotId": "main",
			"upd": {
				"StackObjectsCount": 60
			}
		},
		{
			"_id": "I59618246435772703HwFPeN",
			"_tpl": "56dff0bed2720bb0668b4567",
			"parentId": "I59618249433688138Dh5JzE",
			"slotId": "main",
			"upd": {
				"StackObjectsCount": 60
			}
		},
		{
			"_id": "I59618248265986513cy7xny",
			"_tpl": "56dff3afd2720bba668b4567",
			"parentId": "I59618249433688138Dh5JzE",
			"slotId": "main",
			"upd": {
				"StackObjectsCount": 60
			}
		},
		{
			"_id": "I59618249594219804ousmUz",
			"_tpl": "56dff0bed2720bb0668b4567",
			"parentId": "I59618249433688138Dh5JzE",
			"slotId": "main",
			"upd": {
				"StackObjectsCount": 60
			}
		},
		{
			"_id": "I5961824981180061987eCCF",
			"_tpl": "56dff0bed2720bb0668b4567",
			"parentId": "I59618249433688138Dh5JzE",
			"slotId": "main",
			"upd": {
				"StackObjectsCount": 60
			}
		},
		{
			"_id": "I59618246201017738DQ5E6R",
			"_tpl": "56dff0bed2720bb0668b4567",
			"parentId": "I59618249433688138Dh5JzE",
			"slotId": "main",
			"upd": {
				"StackObjectsCount": 60
			}
		},
		{
			"_id": "I59618243514338987J7iPIl",
			"_tpl": "55d4837c4bdc2d1d4e8b456c",
			"parentId": "I59618242387556557BtjZ0Q",
			"slotId": "1",
			"location": {
				"x": 0,
				"y": 1,
				"r": "Horizontal"
			}
		},
		{
			"_id": "I59618247867479126khnBA7",
			"_tpl": "56dff4ecd2720b5f5a8b4568",
			"parentId": "I59618243514338987J7iPIl",
			"slotId": "cartridges",
			"upd": {
				"StackObjectsCount": 10
			}
		},
		{
			"_id": "I596182462860905457fogsw",
			"_tpl": "55d4837c4bdc2d1d4e8b456c",
			"parentId": "I59618242387556557BtjZ0Q",
			"slotId": "4",
			"location": {
				"x": 0,
				"y": 0,
				"r": "Horizontal"
			}
		},
		{
			"_id": "I59618241093667509FzUvQb",
			"_tpl": "56dff2ced2720bb4668b4567",
			"parentId": "I596182462860905457fogsw",
			"slotId": "cartridges",
			"upd": {
				"StackObjectsCount": 10
			}
		},
		{
			"_id": "I59618244258923297CZbccd",
			"_tpl": "55d4837c4bdc2d1d4e8b456c",
			"parentId": "I59618242387556557BtjZ0Q",
			"slotId": "4",
			"location": {
				"x": 0,
				"y": 1,
				"r": "Horizontal"
			}
		},
		{
			"_id": "I596182438659600303mnGB1",
			"_tpl": "56dff061d2720bb5668b4567",
			"parentId": "I59618244258923297CZbccd",
			"slotId": "cartridges",
			"upd": {
				"StackObjectsCount": 10
			}
		},
		{
			"_id": "I59618242885259576M1wcYh",
			"_tpl": "55d4837c4bdc2d1d4e8b456c",
			"parentId": "I59618242387556557BtjZ0Q",
			"slotId": "11",
			"location": {
				"x": 0,
				"y": 0,
				"r": "Horizontal"
			}
		},
		{
			"_id": "I59618246853012777cGHoR8",
			"_tpl": "56dff216d2720bbd668b4568",
			"parentId": "I59618242885259576M1wcYh",
			"slotId": "cartridges",
			"upd": {
				"StackObjectsCount": 10
			}
		},
		{
			"_id": "I59618242756835332wGmxQR",
			"_tpl": "55d4837c4bdc2d1d4e8b456c",
			"parentId": "I59618242387556557BtjZ0Q",
			"slotId": "11",
			"location": {
				"x": 0,
				"y": 1,
				"r": "Horizontal"
			}
		},
		{
			"_id": "I59618243468163153oVAXW5",
			"_tpl": "5c0d5e4486f77478390952fe",
			"parentId": "I59618242756835332wGmxQR",
			"slotId": "cartridges",
			"upd": {
				"StackObjectsCount": 10
			}
		},
		{
			"_id": "I59618246006081730L2gGTH",
			"_tpl": "56dff0bed2720bb0668b4567",
			"parentId": "I59618242387556557BtjZ0Q",
			"slotId": "8",
			"upd": {
				"StackObjectsCount": 17
			}
		},
		{
			"_id": "I59618247030709520vCJQOE",
			"_tpl": "54491bb74bdc2d09088b4567",
			"parentId": "5c6687d65e9d882c8841f0fd",
			"slotId": "Scabbard"
		},
		{
			"_id": "I59618241262551960ABRpET",
			"_tpl": "572b7f1624597762ae139822",
			"parentId": "5c6687d65e9d882c8841f0fd",
			"slotId": "FaceCover"
		},
		{
			"_id": "I59618249145633733THjGa3",
			"_tpl": "590a358486f77429692b2790",
			"parentId": "5c6687d65e9d882c8841f121",
			"slotId": "pocket1",
			"location": {
				"x": 0,
				"y": 0,
				"r": "Horizontal"
			},
			"upd": {
				"SpawnedInSession": true
			}
		}
	],
	"equipment": "5c6687d65e9d882c8841f0fd",
	"stash": "5c6687d65e9d882c8841f0fc",
	"questRaidItems": "5c6687d65e9d882c8841f0fe",
	"questStashItems": "5c6687d65e9d882c8841f0ff",
	"fastPanel": {}
}