{
	"items": [
		{
			"_id": "5c6687d65e9d882c8841f0fd",
			"_tpl": "55d7217a4bdc2d86028b456d"
		},
		{
			"_id": "5c6687d65e9d882c8841f121",
			"_tpl": "557ffd194bdc2d28148b457f",
			"parentId": "5c6687d65e9d882c8841f0fd",
			"slotId": "Pockets"
		},
		{
			"_id": "5c6687d65e9d882c8841f0fc",
			"_tpl": "566abbc34bdc2d92178b4576"
		},
		{
			"_id": "5c6687d65e9d882c8841f0ff",
			"_tpl": "5963866b86f7747bfa1c4462"
		},
		{
			"_id": "5c6687d65e9d882c8841f0fe",
			"_tpl": "5963866286f7747bf429b572"
		},
		{
			"_id": "I59618245381014004fOJp2b",
			"_tpl": "5648a69d4bdc2ded0b8b457b",
			"parentId": "5c6687d65e9d882c8841f0fd",
			"slotId": "TacticalVest"
		},
		{
			"_id": "I210010546557256606sj2EO",
			"_tpl": "5ac4cd105acfc40016339859",
			"parentId": "5c6687d65e9d882c8841f0fd",
			"slotId": "FirstPrimaryWeapon",
			"upd": {
				"Repairable": {
					"MaxDurability": 100,
					"Durability": 100
				}
			}
		},
		{
			"_id": "I210010547285312952UkHah",
			"_tpl": "59c6633186f7740cf0493bb9",
			"parentId": "I210010546557256606sj2EO",
			"slotId": "mod_gas_block"
		},
		{
			"_id": "I210010544505639153CGzOF",
			"_tpl": "5ac7655e5acfc40016339a19",
			"parentId": "I210010546557256606sj2EO",
			"slotId": "mod_muzzle"
		},
		{
			"_id": "I2100105435478436433cL7o",
			"_tpl": "5649ade84bdc2d1b2b8b4587",
			"parentId": "I210010546557256606sj2EO",
			"slotId": "mod_pistol_grip"
		},
		{
			"_id": "I210010547263717576AC7yE",
			"_tpl": "5ac50da15acfc4001718d287",
			"parentId": "I210010546557256606sj2EO",
			"slotId": "mod_reciever"
		},
		{
			"_id": "I210010541282515786aEGlw",
			"_tpl": "5ac72e475acfc400180ae6fe",
			"parentId": "I210010546557256606sj2EO",
			"slotId": "mod_sight_rear",
			"upd": {
				"Sight": {
					"SelectedSightMode": 0
				}
			}
		},
		{
			"_id": "I210010549278697874bXkXm",
			"_tpl": "5ac50c185acfc400163398d4",
			"parentId": "I210010546557256606sj2EO",
			"slotId": "mod_stock"
		},
		{
			"_id": "I59618245717930832hWfQr4",
			"_tpl": "5cbdaf89ae9215000e5b9c94",
			"parentId": "I210010546557256606sj2EO",
			"slotId": "mod_magazine"
		},
		{
			"_id": "I59618245272029536IXuwxS",
			"_tpl": "56dff216d2720bbd668b4568",
			"parentId": "I59618245717930832hWfQr4",
			"slotId": "cartridges",
			"upd": {
				"StackObjectsCount": 30
			}
		},
		{
			"_id": "I210010541569392111S8KTG",
			"_tpl": "5648b1504bdc2d9d488b4584",
			"parentId": "I210010547285312952UkHah",
			"slotId": "mod_handguard"
		},
		{
			"_id": "I59618243407794835L1emUn",
			"_tpl": "5857a8bc2459772bad15db29",
			"parentId": "5c6687d65e9d882c8841f0fd",
			"slotId": "SecuredContainer"
		},
		{
			"_id": "I59618247424224579lcG5oA",
			"_tpl": "56dff0bed2720bb0668b4567",
			"parentId": "I59618243407794835L1emUn",
			"slotId": "main",
			"upd": {
				"StackObjectsCount": 60
			}
		},
		{
			"_id": "I59618248585721815cq4gjY",
			"_tpl": "56dff4a2d2720bbd668b456a",
			"parentId": "I59618243407794835L1emUn",
			"slotId": "main",
			"upd": {
				"StackObjectsCount": 60
			}
		},
		{
			"_id": "I59618249687004535YjFGcn",
			"_tpl": "56dff2ced2720bb4668b4567",
			"parentId": "I59618243407794835L1emUn",
			"slotId": "main",
			"upd": {
				"StackObjectsCount": 60
			}
		},
		{
			"_id": "I59618246039318242gJn89F",
			"_tpl": "56dfef82d2720bbd668b4567",
			"parentId": "I59618243407794835L1emUn",
			"slotId": "main",
			"upd": {
				"StackObjectsCount": 60
			}
		},
		{
			"_id": "I59618242179088167i2K8dW",
			"_tpl": "56dff4a2d2720bbd668b456a",
			"parentId": "I59618243407794835L1emUn",
			"slotId": "main",
			"upd": {
				"StackObjectsCount": 60
			}
		},
		{
			"_id": "I59618247785545860s1jOGn",
			"_tpl": "56dff3afd2720bba668b4567",
			"parentId": "I59618243407794835L1emUn",
			"slotId": "main",
			"upd": {
				"StackObjectsCount": 60
			}
		},
		{
			"_id": "I59618244331826219G24RWY",
			"_tpl": "56dff4a2d2720bbd668b456a",
			"parentId": "I59618243407794835L1emUn",
			"slotId": "main",
			"upd": {
				"StackObjectsCount": 60
			}
		},
		{
			"_id": "I596182486562019233tz6rA",
			"_tpl": "56dff4a2d2720bbd668b456a",
			"parentId": "I59618243407794835L1emUn",
			"slotId": "main",
			"upd": {
				"StackObjectsCount": 60
			}
		},
		{
			"_id": "I59618246749864364brafE4",
			"_tpl": "56dff338d2720bbd668b4569",
			"parentId": "I59618243407794835L1emUn",
			"slotId": "main",
			"upd": {
				"StackObjectsCount": 60
			}
		},
		{
			"_id": "I59618246747104073Xus3sI",
			"_tpl": "564ca99c4bdc2d16268b4589",
			"parentId": "I59618245381014004fOJp2b",
			"slotId": "1",
			"location": {
				"x": 0,
				"y": 0,
				"r": "Horizontal"
			}
		},
		{
			"_id": "I59618249301179901WCL9TP",
			"_tpl": "56dff0bed2720bb0668b4567",
			"parentId": "I59618246747104073Xus3sI",
			"slotId": "cartridges",
			"upd": {
				"StackObjectsCount": 30
			}
		},
		{
			"_id": "I59618244594892491wzNHs8",
			"_tpl": "564ca99c4bdc2d16268b4589",
			"parentId": "I59618245381014004fOJp2b",
			"slotId": "3",
			"location": {
				"x": 0,
				"y": 0,
				"r": "Horizontal"
			}
		},
		{
			"_id": "I59618245036023112KhEl0k",
			"_tpl": "56dff338d2720bbd668b4569",
			"parentId": "I59618244594892491wzNHs8",
			"slotId": "cartridges",
			"upd": {
				"StackObjectsCount": 30
			}
		},
		{
			"_id": "I596182489697582482i1kCl",
			"_tpl": "564ca99c4bdc2d16268b4589",
			"parentId": "I59618245381014004fOJp2b",
			"slotId": "11",
			"location": {
				"x": 0,
				"y": 0,
				"r": "Horizontal"
			}
		},
		{
			"_id": "I59618242894989943edWtSv",
			"_tpl": "56dff338d2720bbd668b4569",
			"parentId": "I596182489697582482i1kCl",
			"slotId": "cartridges",
			"upd": {
				"StackObjectsCount": 30
			}
		},
		{
			"_id": "I59618249499618201G0PIUf",
			"_tpl": "564ca99c4bdc2d16268b4589",
			"parentId": "I59618245381014004fOJp2b",
			"slotId": "5",
			"location": {
				"x": 0,
				"y": 0,
				"r": "Horizontal"
			}
		},
		{
			"_id": "I59618244101143811hBpdRQ",
			"_tpl": "56dff216d2720bbd668b4568",
			"parentId": "I59618249499618201G0PIUf",
			"slotId": "cartridges",
			"upd": {
				"StackObjectsCount": 30
			}
		},
		{
			"_id": "I59618248533643840HUrNdT",
			"_tpl": "564ca99c4bdc2d16268b4589",
			"parentId": "I59618245381014004fOJp2b",
			"slotId": "5",
			"location": {
				"x": 1,
				"y": 0,
				"r": "Horizontal"
			}
		},
		{
			"_id": "I596182442086981577mcUy9",
			"_tpl": "5c0d5e4486f77478390952fe",
			"parentId": "I59618248533643840HUrNdT",
			"slotId": "cartridges",
			"upd": {
				"StackObjectsCount": 30
			}
		},
		{
			"_id": "I59618244929574305cpBdNy",
			"_tpl": "56dff061d2720bb5668b4567",
			"parentId": "I59618245381014004fOJp2b",
			"slotId": "7",
			"upd": {
				"StackObjectsCount": 10
			}
		},
		{
			"_id": "I59618247060219091JAkGDR",
			"_tpl": "57e26ea924597715ca604a09",
			"parentId": "5c6687d65e9d882c8841f0fd",
			"slotId": "Scabbard"
		},
		{
			"_id": "I59618245131219472aJIJWT",
			"_tpl": "5aa2b87de5b5b00016327c25",
			"parentId": "5c6687d65e9d882c8841f0fd",
			"slotId": "Headwear"
		},
		{
			"_id": "I59618244463031312btk0yu",
			"_tpl": "5b432be65acfc433000ed01f",
			"parentId": "5c6687d65e9d882c8841f0fd",
			"slotId": "Eyewear"
		},
		{
			"_id": "I59618248805020702AeLj6q",
			"_tpl": "5bd0716d86f774171822ef4b",
			"parentId": "5c6687d65e9d882c8841f0fd",
			"slotId": "FaceCover"
		},
		{
			"_id": "I59618243746635066muLsuU",
			"_tpl": "59e3606886f77417674759a5",
			"parentId": "5c6687d65e9d882c8841f121",
			"slotId": "pocket1",
			"location": {
				"x": 0,
				"y": 0,
				"r": "Horizontal"
			},
			"upd": {
				"SpawnedInSession": true
			}
		},
		{
			"_id": "I59618248666902717uMUYvk",
			"_tpl": "5734779624597737e04bf329",
			"parentId": "5c6687d65e9d882c8841f121",
			"slotId": "pocket2",
			"location": {
				"x": 0,
				"y": 0,
				"r": "Horizontal"
			},
			"upd": {
				"SpawnedInSession": true
			}
		}
	],
	"equipment": "5c6687d65e9d882c8841f0fd",
	"stash": "5c6687d65e9d882c8841f0fc",
	"questRaidItems": "5c6687d65e9d882c8841f0fe",
	"questStashItems": "5c6687d65e9d882c8841f0ff",
	"fastPanel": {}
}