{
	"items": [
		{
			"_id": "5c6687d65e9d882c8841f0fd",
			"_tpl": "55d7217a4bdc2d86028b456d"
		},
		{
			"_id": "5c6687d65e9d882c8841f121",
			"_tpl": "557ffd194bdc2d28148b457f",
			"parentId": "5c6687d65e9d882c8841f0fd",
			"slotId": "Pockets"
		},
		{
			"_id": "5c6687d65e9d882c8841f0fc",
			"_tpl": "566abbc34bdc2d92178b4576"
		},
		{
			"_id": "5c6687d65e9d882c8841f0ff",
			"_tpl": "5963866b86f7747bfa1c4462"
		},
		{
			"_id": "5c6687d65e9d882c8841f0fe",
			"_tpl": "5963866286f7747bf429b572"
		},
		{
			"_id": "I59618248024763017AZye3V",
			"_tpl": "5929a2a086f7744f4b234d43",
			"parentId": "5c6687d65e9d882c8841f0fd",
			"slotId": "TacticalVest"
		},
		{
			"_id": "I21009598191408688ToVySh",
			"_tpl": "5ab8e9fcd8ce870019439434",
			"parentId": "5c6687d65e9d882c8841f0fd",
			"slotId": "FirstPrimaryWeapon",
			"upd": {
				"Repairable": {
					"MaxDurability": 100,
					"Durability": 100
				}
			}
		},
		{
			"_id": "I21009595571020247d5hHlX",
			"_tpl": "59c6633186f7740cf0493bb9",
			"parentId": "I21009598191408688ToVySh",
			"slotId": "mod_gas_block"
		},
		{
			"_id": "I21009596989377365ZybKpV",
			"_tpl": "5649aa744bdc2ded0b8b457e",
			"parentId": "I21009598191408688ToVySh",
			"slotId": "mod_muzzle"
		},
		{
			"_id": "I210095963379697194J4HFk",
			"_tpl": "57e3dba62459770f0c32322b",
			"parentId": "I21009598191408688ToVySh",
			"slotId": "mod_pistol_grip"
		},
		{
			"_id": "I21009598343070020HWMEJm",
			"_tpl": "5649af094bdc2df8348b4586",
			"parentId": "I21009598191408688ToVySh",
			"slotId": "mod_reciever"
		},
		{
			"_id": "I21009597900706335Ptte4Q",
			"_tpl": "5649b0544bdc2d1b2b8b458a",
			"parentId": "I21009598191408688ToVySh",
			"slotId": "mod_sight_rear",
			"upd": {
				"Sight": {
					"SelectedSightMode": 0
				}
			}
		},
		{
			"_id": "I21009596982488061jxeR22",
			"_tpl": "5ab626e4d8ce87272e4c6e43",
			"parentId": "I21009598191408688ToVySh",
			"slotId": "mod_stock"
		},
		{
			"_id": "I596182493061981594b6i1t",
			"_tpl": "55d4837c4bdc2d1d4e8b456c",
			"parentId": "I21009598191408688ToVySh",
			"slotId": "mod_magazine"
		},
		{
			"_id": "I59618248219208119ccoQAO",
			"_tpl": "56dff216d2720bbd668b4568",
			"parentId": "I596182493061981594b6i1t",
			"slotId": "cartridges",
			"upd": {
				"StackObjectsCount": 10
			}
		},
		{
			"_id": "I210095973997239818ShTz1",
			"_tpl": "5648b0744bdc2d363b8b4578",
			"parentId": "I21009595571020247d5hHlX",
			"slotId": "mod_handguard"
		},
		{
			"_id": "I59618245822134211Zu3ADX",
			"_tpl": "5857a8bc2459772bad15db29",
			"parentId": "5c6687d65e9d882c8841f0fd",
			"slotId": "SecuredContainer"
		},
		{
			"_id": "I596182489246249402ChHpR",
			"_tpl": "56dff216d2720bbd668b4568",
			"parentId": "I59618245822134211Zu3ADX",
			"slotId": "main",
			"upd": {
				"StackObjectsCount": 60
			}
		},
		{
			"_id": "I59618245805415255XFgSc3",
			"_tpl": "56dff0bed2720bb0668b4567",
			"parentId": "I59618245822134211Zu3ADX",
			"slotId": "main",
			"upd": {
				"StackObjectsCount": 60
			}
		},
		{
			"_id": "I59618242518824007ERd7BI",
			"_tpl": "56dff0bed2720bb0668b4567",
			"parentId": "I59618245822134211Zu3ADX",
			"slotId": "main",
			"upd": {
				"StackObjectsCount": 60
			}
		},
		{
			"_id": "I59618246448911253Bzj4Zu",
			"_tpl": "56dff4a2d2720bbd668b456a",
			"parentId": "I59618245822134211Zu3ADX",
			"slotId": "main",
			"upd": {
				"StackObjectsCount": 60
			}
		},
		{
			"_id": "I59618242993330035Lj3ajk",
			"_tpl": "56dff3afd2720bba668b4567",
			"parentId": "I59618245822134211Zu3ADX",
			"slotId": "main",
			"upd": {
				"StackObjectsCount": 60
			}
		},
		{
			"_id": "I596182411050881565Orsui",
			"_tpl": "56dff421d2720b5f5a8b4567",
			"parentId": "I59618245822134211Zu3ADX",
			"slotId": "main",
			"upd": {
				"StackObjectsCount": 60
			}
		},
		{
			"_id": "I59618244065765850hYC4nG",
			"_tpl": "56dff026d2720bb8668b4567",
			"parentId": "I59618245822134211Zu3ADX",
			"slotId": "main",
			"upd": {
				"StackObjectsCount": 60
			}
		},
		{
			"_id": "I59618245890238219hrcM3Y",
			"_tpl": "56dff4ecd2720b5f5a8b4568",
			"parentId": "I59618245822134211Zu3ADX",
			"slotId": "main",
			"upd": {
				"StackObjectsCount": 60
			}
		},
		{
			"_id": "I59618248675184736wXEDmW",
			"_tpl": "5c0d5e4486f77478390952fe",
			"parentId": "I59618245822134211Zu3ADX",
			"slotId": "main",
			"upd": {
				"StackObjectsCount": 60
			}
		},
		{
			"_id": "I59618248421107200BsmBjH",
			"_tpl": "55d4837c4bdc2d1d4e8b456c",
			"parentId": "I59618248024763017AZye3V",
			"slotId": "3",
			"location": {
				"x": 0,
				"y": 0,
				"r": "Horizontal"
			}
		},
		{
			"_id": "I59618247060694960rZINhZ",
			"_tpl": "56dff061d2720bb5668b4567",
			"parentId": "I59618248421107200BsmBjH",
			"slotId": "cartridges",
			"upd": {
				"StackObjectsCount": 10
			}
		},
		{
			"_id": "I5961824523420522813qfVl",
			"_tpl": "55d4837c4bdc2d1d4e8b456c",
			"parentId": "I59618248024763017AZye3V",
			"slotId": "3",
			"location": {
				"x": 0,
				"y": 1,
				"r": "Horizontal"
			}
		},
		{
			"_id": "I59618246148746288h4AUpx",
			"_tpl": "56dfef82d2720bbd668b4567",
			"parentId": "I5961824523420522813qfVl",
			"slotId": "cartridges",
			"upd": {
				"StackObjectsCount": 10
			}
		},
		{
			"_id": "I59618246366231087Esy2qs",
			"_tpl": "55d4837c4bdc2d1d4e8b456c",
			"parentId": "I59618248024763017AZye3V",
			"slotId": "5",
			"location": {
				"x": 0,
				"y": 0,
				"r": "Horizontal"
			}
		},
		{
			"_id": "I59618248353203888jNb1o8",
			"_tpl": "56dff421d2720b5f5a8b4567",
			"parentId": "I59618246366231087Esy2qs",
			"slotId": "cartridges",
			"upd": {
				"StackObjectsCount": 10
			}
		},
		{
			"_id": "I59618248391421663raX0tn",
			"_tpl": "56dff3afd2720bba668b4567",
			"parentId": "I59618248024763017AZye3V",
			"slotId": "2",
			"upd": {
				"StackObjectsCount": 17
			}
		},
		{
			"_id": "I59618243798076640znlToC",
			"_tpl": "54491bb74bdc2d09088b4567",
			"parentId": "5c6687d65e9d882c8841f0fd",
			"slotId": "Scabbard"
		},
		{
			"_id": "I596182415846414358teRK7",
			"_tpl": "572b7f1624597762ae139822",
			"parentId": "5c6687d65e9d882c8841f0fd",
			"slotId": "FaceCover"
		},
		{
			"_id": "I59618245613824185vuboFu",
			"_tpl": "5ab8f04f86f774585f4237d8",
			"parentId": "5c6687d65e9d882c8841f0fd",
			"slotId": "Backpack"
		},
		{
			"_id": "I596182447274464626mYbuR",
			"_tpl": "5a7c74b3e899ef0014332c29",
			"parentId": "I59618245613824185vuboFu",
			"slotId": "main",
			"location": {
				"x": 0,
				"y": 0,
				"r": "Horizontal"
			}
		},
		{
			"_id": "I59618241926058720UWrMS4",
			"_tpl": "5448ff904bdc2d6f028b456e",
			"parentId": "I59618245613824185vuboFu",
			"slotId": "main",
			"location": {
				"x": 0,
				"y": 1,
				"r": "Horizontal"
			}
		},
		{
			"_id": "I59618243356450394kc7PxJ",
			"_tpl": "59e361e886f774176c10a2a5",
			"parentId": "I59618245613824185vuboFu",
			"slotId": "main",
			"location": {
				"x": 1,
				"y": 1,
				"r": "Horizontal"
			}
		},
		{
			"_id": "I59618241747428695NiFXMo",
			"_tpl": "590a3b0486f7743954552bdb",
			"parentId": "5c6687d65e9d882c8841f121",
			"slotId": "pocket1",
			"location": {
				"x": 0,
				"y": 0,
				"r": "Horizontal"
			},
			"upd": {
				"SpawnedInSession": true
			}
		},
		{
			"_id": "I59618244619669264K8tsJ3",
			"_tpl": "5913611c86f77479e0084092",
			"parentId": "5c6687d65e9d882c8841f121",
			"slotId": "pocket2",
			"location": {
				"x": 0,
				"y": 0,
				"r": "Horizontal"
			},
			"upd": {
				"SpawnedInSession": true
			}
		}
	],
	"equipment": "5c6687d65e9d882c8841f0fd",
	"stash": "5c6687d65e9d882c8841f0fc",
	"questRaidItems": "5c6687d65e9d882c8841f0fe",
	"questStashItems": "5c6687d65e9d882c8841f0ff",
	"fastPanel": {}
}