{
	"items": [
		{
			"_id": "5c6687d65e9d882c8841f0fd",
			"_tpl": "55d7217a4bdc2d86028b456d"
		},
		{
			"_id": "5c6687d65e9d882c8841f121",
			"_tpl": "557ffd194bdc2d28148b457f",
			"parentId": "5c6687d65e9d882c8841f0fd",
			"slotId": "Pockets"
		},
		{
			"_id": "5c6687d65e9d882c8841f0fc",
			"_tpl": "566abbc34bdc2d92178b4576"
		},
		{
			"_id": "5c6687d65e9d882c8841f0ff",
			"_tpl": "5963866b86f7747bfa1c4462"
		},
		{
			"_id": "5c6687d65e9d882c8841f0fe",
			"_tpl": "5963866286f7747bf429b572"
		},
		{
			"_id": "I59618242491559766GsvDW9",
			"_tpl": "5648a69d4bdc2ded0b8b457b",
			"parentId": "5c6687d65e9d882c8841f0fd",
			"slotId": "TacticalVest"
		},
		{
			"_id": "I210062642740003097TktHz",
			"_tpl": "5644bd2b4bdc2d3b4c8b4572",
			"parentId": "5c6687d65e9d882c8841f0fd",
			"slotId": "FirstPrimaryWeapon",
			"upd": {
				"Repairable": {
					"MaxDurability": 100,
					"Durability": 100
				}
			}
		},
		{
			"_id": "I21006269386685156JSs1G0",
			"_tpl": "59c6633186f7740cf0493bb9",
			"parentId": "I210062642740003097TktHz",
			"slotId": "mod_gas_block"
		},
		{
			"_id": "I21006268740650417fUQTa2",
			"_tpl": "5649aa744bdc2ded0b8b457e",
			"parentId": "I210062642740003097TktHz",
			"slotId": "mod_muzzle"
		},
		{
			"_id": "I21006269104078284d5aHIt",
			"_tpl": "5649ad3f4bdc2df8348b4585",
			"parentId": "I210062642740003097TktHz",
			"slotId": "mod_pistol_grip"
		},
		{
			"_id": "I21006262577087087oM8P1n",
			"_tpl": "5649af094bdc2df8348b4586",
			"parentId": "I210062642740003097TktHz",
			"slotId": "mod_reciever"
		},
		{
			"_id": "I21006263735159263jnJ9a2",
			"_tpl": "5649b0544bdc2d1b2b8b458a",
			"parentId": "I210062642740003097TktHz",
			"slotId": "mod_sight_rear",
			"upd": {
				"Sight": {
					"SelectedSightMode": 0
				}
			}
		},
		{
			"_id": "I21006267770054830OuGHwR",
			"_tpl": "5649b1c04bdc2d16268b457c",
			"parentId": "I210062642740003097TktHz",
			"slotId": "mod_stock"
		},
		{
			"_id": "I59618247745704837FdMQNl",
			"_tpl": "55d4837c4bdc2d1d4e8b456c",
			"parentId": "I210062642740003097TktHz",
			"slotId": "mod_magazine"
		},
		{
			"_id": "I59618247518659563WP7ExZ",
			"_tpl": "56dff3afd2720bba668b4567",
			"parentId": "I59618247745704837FdMQNl",
			"slotId": "cartridges",
			"upd": {
				"StackObjectsCount": 10
			}
		},
		{
			"_id": "I21006269750146155lfICwY",
			"_tpl": "5648b0744bdc2d363b8b4578",
			"parentId": "I21006269386685156JSs1G0",
			"slotId": "mod_handguard"
		},
		{
			"_id": "I21006263245747748Yz6Bdr",
			"_tpl": "56dfef82d2720bbd668b4567",
			"parentId": "I21006269600123893yxoV3S",
			"slotId": "cartridges",
			"location": 0,
			"upd": {
				"StackObjectsCount": 30
			}
		},
		{
			"_id": "I59618244713867871uEsDpD",
			"_tpl": "5857a8bc2459772bad15db29",
			"parentId": "5c6687d65e9d882c8841f0fd",
			"slotId": "SecuredContainer"
		},
		{
			"_id": "I59618249815305634M13LjA",
			"_tpl": "56dff3afd2720bba668b4567",
			"parentId": "I59618244713867871uEsDpD",
			"slotId": "main",
			"upd": {
				"StackObjectsCount": 60
			}
		},
		{
			"_id": "I59618246710335767GyhnKj",
			"_tpl": "5c0d5e4486f77478390952fe",
			"parentId": "I59618244713867871uEsDpD",
			"slotId": "main",
			"upd": {
				"StackObjectsCount": 60
			}
		},
		{
			"_id": "I596182479440667416d3doB",
			"_tpl": "5c0d5e4486f77478390952fe",
			"parentId": "I59618244713867871uEsDpD",
			"slotId": "main",
			"upd": {
				"StackObjectsCount": 60
			}
		},
		{
			"_id": "I59618248999603737v6fVM4",
			"_tpl": "56dff4ecd2720b5f5a8b4568",
			"parentId": "I59618244713867871uEsDpD",
			"slotId": "main",
			"upd": {
				"StackObjectsCount": 60
			}
		},
		{
			"_id": "I59618245123647811WqyDFx",
			"_tpl": "56dff421d2720b5f5a8b4567",
			"parentId": "I59618244713867871uEsDpD",
			"slotId": "main",
			"upd": {
				"StackObjectsCount": 60
			}
		},
		{
			"_id": "I59618241083978170RzLFqQ",
			"_tpl": "56dff338d2720bbd668b4569",
			"parentId": "I59618244713867871uEsDpD",
			"slotId": "main",
			"upd": {
				"StackObjectsCount": 60
			}
		},
		{
			"_id": "I59618241263035363ODL9WG",
			"_tpl": "56dff4ecd2720b5f5a8b4568",
			"parentId": "I59618244713867871uEsDpD",
			"slotId": "main",
			"upd": {
				"StackObjectsCount": 60
			}
		},
		{
			"_id": "I59618249702710924rP5fvK",
			"_tpl": "56dff2ced2720bb4668b4567",
			"parentId": "I59618244713867871uEsDpD",
			"slotId": "main",
			"upd": {
				"StackObjectsCount": 60
			}
		},
		{
			"_id": "I59618241897331419mhoCKI",
			"_tpl": "56dff3afd2720bba668b4567",
			"parentId": "I59618244713867871uEsDpD",
			"slotId": "main",
			"upd": {
				"StackObjectsCount": 60
			}
		},
		{
			"_id": "I59618242808591150DmtbVN",
			"_tpl": "55d4837c4bdc2d1d4e8b456c",
			"parentId": "I59618242491559766GsvDW9",
			"slotId": "1",
			"location": {
				"x": 0,
				"y": 0,
				"r": "Horizontal"
			}
		},
		{
			"_id": "I59618248064368477eUCRWw",
			"_tpl": "56dff216d2720bbd668b4568",
			"parentId": "I59618242808591150DmtbVN",
			"slotId": "cartridges",
			"upd": {
				"StackObjectsCount": 10
			}
		},
		{
			"_id": "I59618246681352766bwGrdY",
			"_tpl": "55d4837c4bdc2d1d4e8b456c",
			"parentId": "I59618242491559766GsvDW9",
			"slotId": "1",
			"location": {
				"x": 0,
				"y": 1,
				"r": "Horizontal"
			}
		},
		{
			"_id": "I596182444432625911Xya1Y",
			"_tpl": "56dfef82d2720bbd668b4567",
			"parentId": "I59618246681352766bwGrdY",
			"slotId": "cartridges",
			"upd": {
				"StackObjectsCount": 10
			}
		},
		{
			"_id": "I59618249499767697jqy1eP",
			"_tpl": "55d4837c4bdc2d1d4e8b456c",
			"parentId": "I59618242491559766GsvDW9",
			"slotId": "3",
			"location": {
				"x": 0,
				"y": 0,
				"r": "Horizontal"
			}
		},
		{
			"_id": "I59618248269272380lRwgtN",
			"_tpl": "56dff3afd2720bba668b4567",
			"parentId": "I59618249499767697jqy1eP",
			"slotId": "cartridges",
			"upd": {
				"StackObjectsCount": 10
			}
		},
		{
			"_id": "I59618247346025369eeOCJb",
			"_tpl": "55d4837c4bdc2d1d4e8b456c",
			"parentId": "I59618242491559766GsvDW9",
			"slotId": "3",
			"location": {
				"x": 0,
				"y": 1,
				"r": "Horizontal"
			}
		},
		{
			"_id": "I59618249692328829P9qke8",
			"_tpl": "56dff0bed2720bb0668b4567",
			"parentId": "I59618247346025369eeOCJb",
			"slotId": "cartridges",
			"upd": {
				"StackObjectsCount": 10
			}
		},
		{
			"_id": "I59618242391084207RiqCdU",
			"_tpl": "55d4837c4bdc2d1d4e8b456c",
			"parentId": "I59618242491559766GsvDW9",
			"slotId": "10",
			"location": {
				"x": 0,
				"y": 0,
				"r": "Horizontal"
			}
		},
		{
			"_id": "I596182453048449646IvNXB",
			"_tpl": "56dff2ced2720bb4668b4567",
			"parentId": "I59618242391084207RiqCdU",
			"slotId": "cartridges",
			"upd": {
				"StackObjectsCount": 10
			}
		},
		{
			"_id": "I59618247997921125knnHNi",
			"_tpl": "55d4837c4bdc2d1d4e8b456c",
			"parentId": "I59618242491559766GsvDW9",
			"slotId": "10",
			"location": {
				"x": 0,
				"y": 1,
				"r": "Horizontal"
			}
		},
		{
			"_id": "I59618243145045032xvTSjU",
			"_tpl": "56dff216d2720bbd668b4568",
			"parentId": "I59618247997921125knnHNi",
			"slotId": "cartridges",
			"upd": {
				"StackObjectsCount": 10
			}
		},
		{
			"_id": "I59618246476229843l5Sp4w",
			"_tpl": "58d3db5386f77426186285a0",
			"parentId": "I59618242491559766GsvDW9",
			"slotId": "6"
		},
		{
			"_id": "I59618245010145106NIYMUA",
			"_tpl": "56dff2ced2720bb4668b4567",
			"parentId": "I59618242491559766GsvDW9",
			"slotId": "8",
			"upd": {
				"StackObjectsCount": 20
			}
		},
		{
			"_id": "I59618249683311340s6ceUk",
			"_tpl": "57e26fc7245977162a14b800",
			"parentId": "5c6687d65e9d882c8841f0fd",
			"slotId": "Scabbard"
		},
		{
			"_id": "I59618245613802139UdPMiL",
			"_tpl": "5aa2b87de5b5b00016327c25",
			"parentId": "5c6687d65e9d882c8841f0fd",
			"slotId": "Headwear"
		},
		{
			"_id": "I59618243470818673wzNlb6",
			"_tpl": "572b7fa524597762b747ce82",
			"parentId": "5c6687d65e9d882c8841f0fd",
			"slotId": "FaceCover"
		},
		{
			"_id": "I596182453834135823Rntlr",
			"_tpl": "590c2b4386f77425357b6123",
			"parentId": "5c6687d65e9d882c8841f121",
			"slotId": "pocket1",
			"location": {
				"x": 0,
				"y": 0,
				"r": "Horizontal"
			},
			"upd": {
				"SpawnedInSession": true
			}
		},
		{
			"_id": "I59618243964232425iAZQki",
			"_tpl": "5bc9b9ecd4351e3bac122519",
			"parentId": "5c6687d65e9d882c8841f121",
			"slotId": "pocket2",
			"location": {
				"x": 0,
				"y": 0,
				"r": "Horizontal"
			},
			"upd": {
				"SpawnedInSession": true
			}
		},
		{
			"_id": "I59618241357347969yEP8vT",
			"_tpl": "5734758f24597738025ee253",
			"parentId": "5c6687d65e9d882c8841f121",
			"slotId": "pocket3",
			"location": {
				"x": 0,
				"y": 0,
				"r": "Horizontal"
			},
			"upd": {
				"SpawnedInSession": true
			}
		}
	],
	"equipment": "5c6687d65e9d882c8841f0fd",
	"stash": "5c6687d65e9d882c8841f0fc",
	"questRaidItems": "5c6687d65e9d882c8841f0fe",
	"questStashItems": "5c6687d65e9d882c8841f0ff",
	"fastPanel": {}
}