{
	"items": [
		{
			"_id": "5c6687d65e9d882c8841f0fd",
			"_tpl": "55d7217a4bdc2d86028b456d"
		},
		{
			"_id": "5c6687d65e9d882c8841f121",
			"_tpl": "557ffd194bdc2d28148b457f",
			"parentId": "5c6687d65e9d882c8841f0fd",
			"slotId": "Pockets"
		},
		{
			"_id": "5c6687d65e9d882c8841f0fc",
			"_tpl": "566abbc34bdc2d92178b4576"
		},
		{
			"_id": "5c6687d65e9d882c8841f0ff",
			"_tpl": "5963866b86f7747bfa1c4462"
		},
		{
			"_id": "5c6687d65e9d882c8841f0fe",
			"_tpl": "5963866286f7747bf429b572"
		},
		{
			"_id": "I59618246309544054NnLf2w",
			"_tpl": "5648a69d4bdc2ded0b8b457b",
			"parentId": "5c6687d65e9d882c8841f0fd",
			"slotId": "TacticalVest"
		},
		{
			"_id": "I210050462655389251Li3P4",
			"_tpl": "5abcbc27d8ce8700182eceeb",
			"parentId": "5c6687d65e9d882c8841f0fd",
			"slotId": "FirstPrimaryWeapon",
			"upd": {
				"Repairable": {
					"MaxDurability": 100,
					"Durability": 100
				}
			}
		},
		{
			"_id": "I2100504652309978985nflL",
			"_tpl": "59d64ec286f774171d1e0a42",
			"parentId": "I210050462655389251Li3P4",
			"slotId": "mod_gas_block"
		},
		{
			"_id": "I210050465503382979chtCm",
			"_tpl": "59e61eb386f77440d64f5daf",
			"parentId": "I210050462655389251Li3P4",
			"slotId": "mod_muzzle"
		},
		{
			"_id": "I2100504624409006499dXI1",
			"_tpl": "5a0071d486f77404e23a12b2",
			"parentId": "I210050462655389251Li3P4",
			"slotId": "mod_pistol_grip_akms"
		},
		{
			"_id": "I210050465083456347gf88I",
			"_tpl": "59d6507c86f7741b846413a2",
			"parentId": "I210050462655389251Li3P4",
			"slotId": "mod_reciever"
		},
		{
			"_id": "I210050468317601611z0Pb6",
			"_tpl": "59d650cf86f7741b846413a4",
			"parentId": "I210050462655389251Li3P4",
			"slotId": "mod_sight_rear",
			"upd": {
				"Sight": {
					"SelectedSightMode": 0
				}
			}
		},
		{
			"_id": "I596182427816995919MYPOt",
			"_tpl": "59fafc9386f774067d462453",
			"parentId": "I210050462655389251Li3P4",
			"slotId": "mod_magazine"
		},
		{
			"_id": "I59618247417032937iB08wI",
			"_tpl": "59e0d99486f7744a32234762",
			"parentId": "I596182427816995919MYPOt",
			"slotId": "cartridges",
			"upd": {
				"StackObjectsCount": 30
			}
		},
		{
			"_id": "I210050463367259671WljyG",
			"_tpl": "59d64f2f86f77417193ef8b3",
			"parentId": "I2100504652309978985nflL",
			"slotId": "mod_handguard"
		},
		{
			"_id": "I59618247745932167GUYHqr",
			"_tpl": "5857a8bc2459772bad15db29",
			"parentId": "5c6687d65e9d882c8841f0fd",
			"slotId": "SecuredContainer"
		},
		{
			"_id": "I59618245952426246gERngT",
			"_tpl": "59e4d24686f7741776641ac7",
			"parentId": "I59618247745932167GUYHqr",
			"slotId": "main",
			"upd": {
				"StackObjectsCount": 60
			}
		},
		{
			"_id": "I596182442614965549X1kPN",
			"_tpl": "59e0d99486f7744a32234762",
			"parentId": "I59618247745932167GUYHqr",
			"slotId": "main",
			"upd": {
				"StackObjectsCount": 60
			}
		},
		{
			"_id": "I59618248564517495CV17Me",
			"_tpl": "59e4d24686f7741776641ac7",
			"parentId": "I59618247745932167GUYHqr",
			"slotId": "main",
			"upd": {
				"StackObjectsCount": 60
			}
		},
		{
			"_id": "I59618244748436997elT3hV",
			"_tpl": "5656d7c34bdc2d9d198b4587",
			"parentId": "I59618247745932167GUYHqr",
			"slotId": "main",
			"upd": {
				"StackObjectsCount": 60
			}
		},
		{
			"_id": "I59618242885787457gma7yk",
			"_tpl": "59e0d99486f7744a32234762",
			"parentId": "I59618247745932167GUYHqr",
			"slotId": "main",
			"upd": {
				"StackObjectsCount": 60
			}
		},
		{
			"_id": "I59618245931559410gexXvo",
			"_tpl": "59e4cf5286f7741778269d8a",
			"parentId": "I59618247745932167GUYHqr",
			"slotId": "main",
			"upd": {
				"StackObjectsCount": 60
			}
		},
		{
			"_id": "I59618243693498782VC1rou",
			"_tpl": "59e4d3d286f774176a36250a",
			"parentId": "I59618247745932167GUYHqr",
			"slotId": "main",
			"upd": {
				"StackObjectsCount": 60
			}
		},
		{
			"_id": "I59618249637861777a2UNV2",
			"_tpl": "59e4d24686f7741776641ac7",
			"parentId": "I59618247745932167GUYHqr",
			"slotId": "main",
			"upd": {
				"StackObjectsCount": 60
			}
		},
		{
			"_id": "I59618241577587853GBndkg",
			"_tpl": "59e0d99486f7744a32234762",
			"parentId": "I59618247745932167GUYHqr",
			"slotId": "main",
			"upd": {
				"StackObjectsCount": 60
			}
		},
		{
			"_id": "I210016225791087175zosqL",
			"_tpl": "56d59856d2720bd8418b456a",
			"parentId": "5c6687d65e9d882c8841f0fd",
			"slotId": "Holster",
			"upd": {
				"Repairable": {
					"MaxDurability": 100,
					"Durability": 100
				}
			}
		},
		{
			"_id": "I210016223363741488SOBDt",
			"_tpl": "56d5a1f7d2720bb3418b456a",
			"parentId": "I210016225791087175zosqL",
			"slotId": "mod_barrel"
		},
		{
			"_id": "I210016224874263019rNFFn",
			"_tpl": "56d5a2bbd2720bb8418b456a",
			"parentId": "I210016225791087175zosqL",
			"slotId": "mod_pistol_grip"
		},
		{
			"_id": "I210016222706866142L5kep",
			"_tpl": "56d5a407d2720bb3418b456b",
			"parentId": "I210016225791087175zosqL",
			"slotId": "mod_reciever"
		},
		{
			"_id": "I59618248726940699OMnGhp",
			"_tpl": "5c925fa22e221601da359b7b",
			"parentId": "I210016224549891509hxVB2",
			"slotId": "cartridges",
			"upd": {
				"StackObjectsCount": 15
			}
		},
		{
			"_id": "I210016224549891509hxVB2",
			"_tpl": "56d59948d2720bb7418b4582",
			"parentId": "I210016225791087175zosqL",
			"slotId": "mod_magazine"
		},
		{
			"_id": "I210016224015555621KTOuX",
			"_tpl": "56d5a77ed2720b90418b4568",
			"parentId": "I210016222706866142L5kep",
			"slotId": "mod_sight_rear",
			"upd": {
				"Sight": {
					"SelectedSightMode": 0
				}
			}
		},
		{
			"_id": "I210016226956354775U8Nj5",
			"_tpl": "56d5a661d2720bd8418b456b",
			"parentId": "I210016222706866142L5kep",
			"slotId": "mod_sight_front",
			"upd": {
				"Sight": {
					"SelectedSightMode": 0
				}
			}
		},
		{
			"_id": "I59618246027213202K4AOKg",
			"_tpl": "59d6272486f77466146386ff",
			"parentId": "I59618246309544054NnLf2w",
			"slotId": "1",
			"location": {
				"x": 0,
				"y": 0,
				"r": "Horizontal"
			}
		},
		{
			"_id": "I59618249880590568aOMFY4",
			"_tpl": "59e4d24686f7741776641ac7",
			"parentId": "I59618246027213202K4AOKg",
			"slotId": "cartridges",
			"upd": {
				"StackObjectsCount": 30
			}
		},
		{
			"_id": "I596182413311591509Xo9Dl",
			"_tpl": "544fb37f4bdc2dee738b4567",
			"parentId": "I59618246309544054NnLf2w",
			"slotId": "3"
		},
		{
			"_id": "I596182423416267181vjhGj",
			"_tpl": "544fb25a4bdc2dfb738b4567",
			"parentId": "I59618246309544054NnLf2w",
			"slotId": "4"
		},
		{
			"_id": "I59618247118122832Adq2BN",
			"_tpl": "59d6272486f77466146386ff",
			"parentId": "I59618246309544054NnLf2w",
			"slotId": "11",
			"location": {
				"x": 0,
				"y": 0,
				"r": "Horizontal"
			}
		},
		{
			"_id": "I59618246013864834xocwvU",
			"_tpl": "59e4d24686f7741776641ac7",
			"parentId": "I59618247118122832Adq2BN",
			"slotId": "cartridges",
			"upd": {
				"StackObjectsCount": 30
			}
		},
		{
			"_id": "I59618245643818252zXQ29O",
			"_tpl": "59d6272486f77466146386ff",
			"parentId": "I59618246309544054NnLf2w",
			"slotId": "5",
			"location": {
				"x": 0,
				"y": 0,
				"r": "Horizontal"
			}
		},
		{
			"_id": "I59618245972495033JDsxHU",
			"_tpl": "5656d7c34bdc2d9d198b4587",
			"parentId": "I59618245643818252zXQ29O",
			"slotId": "cartridges",
			"upd": {
				"StackObjectsCount": 30
			}
		},
		{
			"_id": "I59618247541158200pFKwn2",
			"_tpl": "59d6272486f77466146386ff",
			"parentId": "I59618246309544054NnLf2w",
			"slotId": "5",
			"location": {
				"x": 1,
				"y": 0,
				"r": "Horizontal"
			}
		},
		{
			"_id": "I59618244827405175Pb8Znd",
			"_tpl": "59e0d99486f7744a32234762",
			"parentId": "I59618247541158200pFKwn2",
			"slotId": "cartridges",
			"upd": {
				"StackObjectsCount": 30
			}
		},
		{
			"_id": "I59618247762913775rmZuqc",
			"_tpl": "59e4cf5286f7741778269d8a",
			"parentId": "I59618246309544054NnLf2w",
			"slotId": "6",
			"upd": {
				"StackObjectsCount": 45
			}
		},
		{
			"_id": "I59618241669246337HzS9I0",
			"_tpl": "59e4d24686f7741776641ac7",
			"parentId": "I59618246309544054NnLf2w",
			"slotId": "9",
			"upd": {
				"StackObjectsCount": 35
			}
		},
		{
			"_id": "I59618242871097492W9JfO5",
			"_tpl": "56d59948d2720bb7418b4582",
			"parentId": "I59618246309544054NnLf2w",
			"slotId": "2",
			"location": {
				"x": 0,
				"y": 1,
				"r": "Horizontal"
			}
		},
		{
			"_id": "I59618247456745940z6W7Yz",
			"_tpl": "5a3c16fe86f77452b62de32a",
			"parentId": "I59618242871097492W9JfO5",
			"slotId": "cartridges",
			"upd": {
				"StackObjectsCount": 15
			}
		},
		{
			"_id": "I596182450297889187xZO8p",
			"_tpl": "56d59948d2720bb7418b4582",
			"parentId": "I59618246309544054NnLf2w",
			"slotId": "4",
			"location": {
				"x": 0,
				"y": 0,
				"r": "Horizontal"
			}
		},
		{
			"_id": "I59618243675256857UzMxYJ",
			"_tpl": "58864a4f2459770fcc257101",
			"parentId": "I596182450297889187xZO8p",
			"slotId": "cartridges",
			"upd": {
				"StackObjectsCount": 15
			}
		},
		{
			"_id": "I59618244579806499WAfBXV",
			"_tpl": "56d59948d2720bb7418b4582",
			"parentId": "I59618246309544054NnLf2w",
			"slotId": "4",
			"location": {
				"x": 0,
				"y": 1,
				"r": "Horizontal"
			}
		},
		{
			"_id": "I59618246041023773t4KrhK",
			"_tpl": "5c925fa22e221601da359b7b",
			"parentId": "I59618244579806499WAfBXV",
			"slotId": "cartridges",
			"upd": {
				"StackObjectsCount": 15
			}
		},
		{
			"_id": "I59618245946322919aoSfpc",
			"_tpl": "57e26ea924597715ca604a09",
			"parentId": "5c6687d65e9d882c8841f0fd",
			"slotId": "Scabbard"
		},
		{
			"_id": "I59618242950502504YOeeBE",
			"_tpl": "5aa2b9ede5b5b000137b758b",
			"parentId": "5c6687d65e9d882c8841f0fd",
			"slotId": "Headwear"
		},
		{
			"_id": "I59618241375458219i9dC1B",
			"_tpl": "5b4326435acfc433000ed01d",
			"parentId": "5c6687d65e9d882c8841f0fd",
			"slotId": "FaceCover"
		},
		{
			"_id": "I5961824484345072657vY2m",
			"_tpl": "56e33634d2720bd8058b456b",
			"parentId": "5c6687d65e9d882c8841f0fd",
			"slotId": "Backpack"
		},
		{
			"_id": "I59618249802019972xackZ5",
			"_tpl": "5751a25924597722c463c472",
			"parentId": "5c6687d65e9d882c8841f121",
			"slotId": "pocket1",
			"location": {
				"x": 0,
				"y": 0,
				"r": "Horizontal"
			},
			"upd": {
				"SpawnedInSession": true
			}
		},
		{
			"_id": "I59618243442128539SjH1eL",
			"_tpl": "5938994586f774523a425196",
			"parentId": "5c6687d65e9d882c8841f121",
			"slotId": "pocket2",
			"location": {
				"x": 0,
				"y": 0,
				"r": "Horizontal"
			},
			"upd": {
				"SpawnedInSession": true
			}
		}
	],
	"equipment": "5c6687d65e9d882c8841f0fd",
	"stash": "5c6687d65e9d882c8841f0fc",
	"questRaidItems": "5c6687d65e9d882c8841f0fe",
	"questStashItems": "5c6687d65e9d882c8841f0ff",
	"fastPanel": {}
}