{
	"items": [
		{
			"_id": "5c6687d65e9d882c8841f0fd",
			"_tpl": "55d7217a4bdc2d86028b456d"
		},
		{
			"_id": "5c6687d65e9d882c8841f121",
			"_tpl": "557ffd194bdc2d28148b457f",
			"parentId": "5c6687d65e9d882c8841f0fd",
			"slotId": "Pockets"
		},
		{
			"_id": "5c6687d65e9d882c8841f0fc",
			"_tpl": "566abbc34bdc2d92178b4576"
		},
		{
			"_id": "5c6687d65e9d882c8841f0ff",
			"_tpl": "5963866b86f7747bfa1c4462"
		},
		{
			"_id": "5c6687d65e9d882c8841f0fe",
			"_tpl": "5963866286f7747bf429b572"
		},
		{
			"_id": "I59618244784006734fMkqIZ",
			"_tpl": "5d5d646386f7742797261fd9",
			"parentId": "5c6687d65e9d882c8841f0fd",
			"slotId": "TacticalVest"
		},
		{
			"_id": "I210053421398609716glI23",
			"_tpl": "57838ad32459774a17445cd2",
			"parentId": "5c6687d65e9d882c8841f0fd",
			"slotId": "FirstPrimaryWeapon",
			"upd": {
				"Repairable": {
					"MaxDurability": 100,
					"Durability": 100
				}
			}
		},
		{
			"_id": "I59618247260646052g9uUln",
			"_tpl": "57838f0b2459774a256959b2",
			"parentId": "I210053421398609716glI23",
			"slotId": "mod_magazine"
		},
		{
			"_id": "I59618243362770236GjpJVh",
			"_tpl": "5c0d688c86f77413ae3407b2",
			"parentId": "I59618247260646052g9uUln",
			"slotId": "cartridges",
			"upd": {
				"StackObjectsCount": 10
			}
		},
		{
			"_id": "I210053428634071086N8Zju",
			"_tpl": "57838c962459774a1651ec63",
			"parentId": "I210053421398609716glI23",
			"slotId": "mod_muzzle"
		},
		{
			"_id": "I210053422066154803RCGpD",
			"_tpl": "578395e82459774a0e553c7b",
			"parentId": "I210053421398609716glI23",
			"slotId": "mod_stock"
		},
		{
			"_id": "I210053425608849568ba9of",
			"_tpl": "57838e1b2459774a256959b1",
			"parentId": "I210053428634071086N8Zju",
			"slotId": "mod_sight_rear",
			"upd": {
				"Sight": {
					"SelectedSightMode": 0
				}
			}
		},
		{
			"_id": "I59618247775596245alQEIw",
			"_tpl": "5857a8bc2459772bad15db29",
			"parentId": "5c6687d65e9d882c8841f0fd",
			"slotId": "SecuredContainer"
		},
		{
			"_id": "I59618247370900949hWwt84",
			"_tpl": "57a0dfb82459774d3078b56c",
			"parentId": "I59618247775596245alQEIw",
			"slotId": "main",
			"upd": {
				"StackObjectsCount": 60
			}
		},
		{
			"_id": "I59618242003317697xECBFB",
			"_tpl": "5c0d688c86f77413ae3407b2",
			"parentId": "I59618247775596245alQEIw",
			"slotId": "main",
			"upd": {
				"StackObjectsCount": 60
			}
		},
		{
			"_id": "I59618244262777315XazcpM",
			"_tpl": "57a0e5022459774d1673f889",
			"parentId": "I59618247775596245alQEIw",
			"slotId": "main",
			"upd": {
				"StackObjectsCount": 60
			}
		},
		{
			"_id": "I59618242429422179mW5PGt",
			"_tpl": "5c0d688c86f77413ae3407b2",
			"parentId": "I59618247775596245alQEIw",
			"slotId": "main",
			"upd": {
				"StackObjectsCount": 60
			}
		},
		{
			"_id": "I59618243665071939y85Kjl",
			"_tpl": "5c0d668f86f7747ccb7f13b2",
			"parentId": "I59618247775596245alQEIw",
			"slotId": "main",
			"upd": {
				"StackObjectsCount": 60
			}
		},
		{
			"_id": "I59618249499985823GBzGcX",
			"_tpl": "57a0dfb82459774d3078b56c",
			"parentId": "I59618247775596245alQEIw",
			"slotId": "main",
			"upd": {
				"StackObjectsCount": 60
			}
		},
		{
			"_id": "I59618247469831611CB6sqB",
			"_tpl": "5c0d668f86f7747ccb7f13b2",
			"parentId": "I59618247775596245alQEIw",
			"slotId": "main",
			"upd": {
				"StackObjectsCount": 60
			}
		},
		{
			"_id": "I596182469340221978E24bJ",
			"_tpl": "5c0d688c86f77413ae3407b2",
			"parentId": "I59618247775596245alQEIw",
			"slotId": "main",
			"upd": {
				"StackObjectsCount": 60
			}
		},
		{
			"_id": "I596182479783830895rME6n",
			"_tpl": "57a0e5022459774d1673f889",
			"parentId": "I59618247775596245alQEIw",
			"slotId": "main",
			"upd": {
				"StackObjectsCount": 60
			}
		},
		{
			"_id": "I59618245163102562E3uLqI",
			"_tpl": "57838f0b2459774a256959b2",
			"parentId": "I59618244784006734fMkqIZ",
			"slotId": "3",
			"location": {
				"x": 0,
				"y": 0,
				"r": "Horizontal"
			}
		},
		{
			"_id": "I59618248563673070ewiH2j",
			"_tpl": "57a0dfb82459774d3078b56c",
			"parentId": "I59618245163102562E3uLqI",
			"slotId": "cartridges",
			"upd": {
				"StackObjectsCount": 10
			}
		},
		{
			"_id": "I59618244600366663bO0Mon",
			"_tpl": "57838f0b2459774a256959b2",
			"parentId": "I59618244784006734fMkqIZ",
			"slotId": "5",
			"location": {
				"x": 0,
				"y": 0,
				"r": "Horizontal"
			}
		},
		{
			"_id": "I596182432006261399K12N6",
			"_tpl": "5c0d668f86f7747ccb7f13b2",
			"parentId": "I59618244600366663bO0Mon",
			"slotId": "cartridges",
			"upd": {
				"StackObjectsCount": 10
			}
		},
		{
			"_id": "I59618245609529962mfIZJa",
			"_tpl": "57838f0b2459774a256959b2",
			"parentId": "I59618244784006734fMkqIZ",
			"slotId": "5",
			"location": {
				"x": 0,
				"y": 1,
				"r": "Horizontal"
			}
		},
		{
			"_id": "I596182455228264281YcibX",
			"_tpl": "57a0dfb82459774d3078b56c",
			"parentId": "I59618245609529962mfIZJa",
			"slotId": "cartridges",
			"upd": {
				"StackObjectsCount": 10
			}
		},
		{
			"_id": "I59618245353013047zP5Kuk",
			"_tpl": "57e26ea924597715ca604a09",
			"parentId": "5c6687d65e9d882c8841f0fd",
			"slotId": "Scabbard"
		},
		{
			"_id": "I59618247314078634YD6orC",
			"_tpl": "544a5cde4bdc2d39388b456b",
			"parentId": "5c6687d65e9d882c8841f0fd",
			"slotId": "Backpack"
		},
		{
			"_id": "I59618241896158579Bl6ekT",
			"_tpl": "5780d07a2459777de4559324",
			"parentId": "I59618247314078634YD6orC",
			"slotId": "main",
			"location": {
				"x": 0,
				"y": 0,
				"r": "Horizontal"
			}
		},
		{
			"_id": "I596182428885287541IbbBR",
			"_tpl": "5a0ea69f86f7741cd5406619",
			"parentId": "I59618247314078634YD6orC",
			"slotId": "main",
			"location": {
				"x": 0,
				"y": 1,
				"r": "Horizontal"
			}
		},
		{
			"_id": "I59618245093713768AYVW6G",
			"_tpl": "5d40412b86f7743cb332ac3a",
			"parentId": "I59618247314078634YD6orC",
			"slotId": "main",
			"location": {
				"x": 0,
				"y": 2,
				"r": "Horizontal"
			}
		},
		{
			"_id": "I596182443670282844Z7grd",
			"_tpl": "59e35ef086f7741777737012",
			"parentId": "I59618247314078634YD6orC",
			"slotId": "main",
			"location": {
				"x": 1,
				"y": 0,
				"r": "Horizontal"
			}
		},
		{
			"_id": "I59618246225531847RwLhgb",
			"_tpl": "5672c92d4bdc2d180f8b4567",
			"parentId": "I59618247314078634YD6orC",
			"slotId": "main",
			"location": {
				"x": 1,
				"y": 1,
				"r": "Horizontal"
			}
		},
		{
			"_id": "I59618244805002333nKoiOR",
			"_tpl": "577e1c9d2459773cd707c525",
			"parentId": "I59618247314078634YD6orC",
			"slotId": "main",
			"location": {
				"x": 1,
				"y": 2,
				"r": "Horizontal"
			}
		},
		{
			"_id": "I59618247889372723DrhHtJ",
			"_tpl": "573478bc24597738002c6175",
			"parentId": "I59618247314078634YD6orC",
			"slotId": "main",
			"location": {
				"x": 2,
				"y": 0,
				"r": "Horizontal"
			}
		},
		{
			"_id": "I59618243873998977PFdu4J",
			"_tpl": "5780d0652459777df90dcb74",
			"parentId": "I59618247314078634YD6orC",
			"slotId": "main",
			"location": {
				"x": 1,
				"y": 3,
				"r": "Horizontal"
			}
		},
		{
			"_id": "I59618246026503400UUphq6",
			"_tpl": "5751435d24597720a27126d1",
			"parentId": "I59618247314078634YD6orC",
			"slotId": "main",
			"location": {
				"x": 2,
				"y": 3,
				"r": "Horizontal"
			}
		},
		{
			"_id": "I5961824571495398387kQH4",
			"_tpl": "544fb6cc4bdc2d34748b456e",
			"parentId": "I59618247314078634YD6orC",
			"slotId": "main",
			"location": {
				"x": 3,
				"y": 0,
				"r": "Horizontal"
			}
		},
		{
			"_id": "I59618249055631709fKmnTi",
			"_tpl": "56742c324bdc2d150f8b456d",
			"parentId": "I59618247314078634YD6orC",
			"slotId": "main",
			"location": {
				"x": 3,
				"y": 1,
				"r": "Horizontal"
			}
		},
		{
			"_id": "I59618243599363619IEzqCn",
			"_tpl": "5d4041f086f7743cac3f22a7",
			"parentId": "I59618247314078634YD6orC",
			"slotId": "main",
			"location": {
				"x": 3,
				"y": 2,
				"r": "Horizontal"
			}
		},
		{
			"_id": "I59618249968950363p3nj3g",
			"_tpl": "5e2af2bc86f7746d3f3c33fc",
			"parentId": "I59618247314078634YD6orC",
			"slotId": "main",
			"location": {
				"x": 3,
				"y": 3,
				"r": "Horizontal"
			}
		}
	],
	"equipment": "5c6687d65e9d882c8841f0fd",
	"stash": "5c6687d65e9d882c8841f0fc",
	"questRaidItems": "5c6687d65e9d882c8841f0fe",
	"questStashItems": "5c6687d65e9d882c8841f0ff",
	"fastPanel": {}
}