{
	"items": [
		{
			"_id": "5c6687d65e9d882c8841f0fd",
			"_tpl": "55d7217a4bdc2d86028b456d"
		},
		{
			"_id": "5c6687d65e9d882c8841f121",
			"_tpl": "557ffd194bdc2d28148b457f",
			"parentId": "5c6687d65e9d882c8841f0fd",
			"slotId": "Pockets"
		},
		{
			"_id": "5c6687d65e9d882c8841f0fc",
			"_tpl": "566abbc34bdc2d92178b4576"
		},
		{
			"_id": "5c6687d65e9d882c8841f0ff",
			"_tpl": "5963866b86f7747bfa1c4462"
		},
		{
			"_id": "5c6687d65e9d882c8841f0fe",
			"_tpl": "5963866286f7747bf429b572"
		},
		{
			"_id": "I596182449034573499yTchs",
			"_tpl": "5929a2a086f7744f4b234d43",
			"parentId": "5c6687d65e9d882c8841f0fd",
			"slotId": "TacticalVest"
		},
		{
			"_id": "I331037216215836018jGtfq",
			"_tpl": "576165642459773c7a400233",
			"parentId": "5c6687d65e9d882c8841f0fd",
			"slotId": "FirstPrimaryWeapon",
			"upd": {
				"Repairable": {
					"MaxDurability": 100,
					"Durability": 100
				}
			}
		},
		{
			"_id": "I331037219561822274rTdbu",
			"_tpl": "576169e62459773c69055191",
			"parentId": "I331037216215836018jGtfq",
			"slotId": "mod_handguard"
		},
		{
			"_id": "I331037212680749283oTwUz",
			"_tpl": "576167ab2459773cad038c43",
			"parentId": "I331037216215836018jGtfq",
			"slotId": "mod_muzzle"
		},
		{
			"_id": "I331037214287133904UsXmw",
			"_tpl": "5649ade84bdc2d1b2b8b4587",
			"parentId": "I331037216215836018jGtfq",
			"slotId": "mod_pistol_grip"
		},
		{
			"_id": "I331037219819551362I4veV",
			"_tpl": "57a9b9ce2459770ee926038d",
			"parentId": "I331037216215836018jGtfq",
			"slotId": "mod_sight_rear",
			"upd": {
				"Sight": {
					"SelectedSightMode": 0
				}
			}
		},
		{
			"_id": "I59618242302103179rJGWHH",
			"_tpl": "57616a9e2459773c7a400234",
			"parentId": "I331037216215836018jGtfq",
			"slotId": "mod_magazine"
		},
		{
			"_id": "I59618248240381771RGdeex",
			"_tpl": "5d6e68c4a4b9361b93413f79",
			"parentId": "I59618242302103179rJGWHH",
			"slotId": "cartridges",
			"upd": {
				"StackObjectsCount": 5
			}
		},
		{
			"_id": "I5961824279848277720CVt8",
			"_tpl": "5857a8bc2459772bad15db29",
			"parentId": "5c6687d65e9d882c8841f0fd",
			"slotId": "SecuredContainer"
		},
		{
			"_id": "I59618242044434797cxE8aH",
			"_tpl": "5d6e6772a4b936088465b17c",
			"parentId": "I5961824279848277720CVt8",
			"slotId": "main",
			"upd": {
				"StackObjectsCount": 60
			}
		},
		{
			"_id": "I59618249330177213nRSw6H",
			"_tpl": "560d5e524bdc2d25448b4571",
			"parentId": "I5961824279848277720CVt8",
			"slotId": "main",
			"upd": {
				"StackObjectsCount": 60
			}
		},
		{
			"_id": "I59618247836185128KpwSL1",
			"_tpl": "5d6e6869a4b9361c140bcfde",
			"parentId": "I5961824279848277720CVt8",
			"slotId": "main",
			"upd": {
				"StackObjectsCount": 60
			}
		},
		{
			"_id": "I59618247435449277acXuiQ",
			"_tpl": "560d5e524bdc2d25448b4571",
			"parentId": "I5961824279848277720CVt8",
			"slotId": "main",
			"upd": {
				"StackObjectsCount": 60
			}
		},
		{
			"_id": "I59618242249517136AujmlX",
			"_tpl": "5d6fbf68a4b9362233221f6b",
			"parentId": "I5961824279848277720CVt8",
			"slotId": "main",
			"upd": {
				"StackObjectsCount": 60
			}
		},
		{
			"_id": "I59618243578949126GCdow2",
			"_tpl": "5d6e6891a4b9361bd473feea",
			"parentId": "I5961824279848277720CVt8",
			"slotId": "main",
			"upd": {
				"StackObjectsCount": 60
			}
		},
		{
			"_id": "I59618241678851321Lp1E4W",
			"_tpl": "5d6e6869a4b9361c140bcfde",
			"parentId": "I5961824279848277720CVt8",
			"slotId": "main",
			"upd": {
				"StackObjectsCount": 60
			}
		},
		{
			"_id": "I59618241054214024R9CDh0",
			"_tpl": "58820d1224597753c90aeb13",
			"parentId": "I5961824279848277720CVt8",
			"slotId": "main",
			"upd": {
				"StackObjectsCount": 60
			}
		},
		{
			"_id": "I59618248388751329XybLKS",
			"_tpl": "5d6e6911a4b9361bd5780d52",
			"parentId": "I5961824279848277720CVt8",
			"slotId": "main",
			"upd": {
				"StackObjectsCount": 60
			}
		},
		{
			"_id": "I5151213316361215i8JQV33",
			"_tpl": "5e81c3cbac2bb513793cdc75",
			"parentId": "5c6687d65e9d882c8841f0fd",
			"slotId": "Holster",
			"upd": {
				"Repairable": {
					"MaxDurability": 100,
					"Durability": 100
				}
			}
		},
		{
			"_id": "I5151214357867521w3AsdCc",
			"_tpl": "5e81c519cb2b95385c177551",
			"parentId": "I5151213316361215i8JQV33",
			"slotId": "mod_barrel"
		},
		{
			"_id": "I5151216560635440dELQC43",
			"_tpl": "5e81c6bf763d9f754677beff",
			"parentId": "I5151213316361215i8JQV33",
			"slotId": "mod_pistol_grip"
		},
		{
			"_id": "I5151219539456089qslCjAf",
			"_tpl": "5e81edc13397a21db957f6a1",
			"parentId": "I5151213316361215i8JQV33",
			"slotId": "mod_reciever"
		},
		{
			"_id": "I59618246923705970Ed1zeO",
			"_tpl": "5e81f423763d9f754677bf2e",
			"parentId": "I5151212716233647M9k8NfA",
			"slotId": "cartridges",
			"upd": {
				"StackObjectsCount": 7
			}
		},
		{
			"_id": "I5151212716233647M9k8NfA",
			"_tpl": "5e81c4ca763d9f754677befa",
			"parentId": "I5151213316361215i8JQV33",
			"slotId": "mod_magazine"
		},
		{
			"_id": "I51512171691452758cRhyqv",
			"_tpl": "5e81c6a2ac2bb513793cdc7f",
			"parentId": "I5151213316361215i8JQV33",
			"slotId": "mod_trigger"
		},
		{
			"_id": "I5151214791483785OGxHlRf",
			"_tpl": "5e81c550763d9f754677befd",
			"parentId": "I5151213316361215i8JQV33",
			"slotId": "mod_hammer"
		},
		{
			"_id": "I5151216990468548abTjKfr",
			"_tpl": "5e81c539cb2b95385c177553",
			"parentId": "I5151213316361215i8JQV33",
			"slotId": "mod_catch"
		},
		{
			"_id": "I5151211696638511stmWRAD",
			"_tpl": "5e81ee4dcb2b95385c177582",
			"parentId": "I5151219539456089qslCjAf",
			"slotId": "mod_sight_rear",
			"upd": {
				"Sight": {
					"ScopesCurrentCalibPointIndexes": [
						0
					],
					"ScopesSelectedModes": [
						0
					],
					"SelectedScope": 0
				}
			}
		},
		{
			"_id": "I5151217614552406Xn7Y8AP",
			"_tpl": "5e81ee213397a21db957f6a6",
			"parentId": "I5151219539456089qslCjAf",
			"slotId": "mod_sight_front",
			"upd": {
				"Sight": {
					"ScopesCurrentCalibPointIndexes": [
						0
					],
					"ScopesSelectedModes": [
						0
					],
					"SelectedScope": 0
				}
			}
		},
		{
			"_id": "I596182456373808361xEjU6",
			"_tpl": "5a0c27731526d80618476ac4",
			"parentId": "I596182449034573499yTchs",
			"slotId": "7"
		},
		{
			"_id": "I59618243723806322zGbch9",
			"_tpl": "5e81c4ca763d9f754677befa",
			"parentId": "I596182449034573499yTchs",
			"slotId": "3",
			"location": {
				"x": 0,
				"y": 0,
				"r": "Horizontal"
			}
		},
		{
			"_id": "I59618244864717832DbFPCE",
			"_tpl": "5ea2a8e200685063ec28c05a",
			"parentId": "I59618243723806322zGbch9",
			"slotId": "cartridges",
			"upd": {
				"StackObjectsCount": 7
			}
		},
		{
			"_id": "I59618244675241895UxJTRU",
			"_tpl": "5e81c4ca763d9f754677befa",
			"parentId": "I596182449034573499yTchs",
			"slotId": "3",
			"location": {
				"x": 0,
				"y": 1,
				"r": "Horizontal"
			}
		},
		{
			"_id": "I59618248457824000CHrx7g",
			"_tpl": "5e81f423763d9f754677bf2e",
			"parentId": "I59618244675241895UxJTRU",
			"slotId": "cartridges",
			"upd": {
				"StackObjectsCount": 7
			}
		},
		{
			"_id": "I59618247525879578abWlYS",
			"_tpl": "5e81c4ca763d9f754677befa",
			"parentId": "I596182449034573499yTchs",
			"slotId": "5",
			"location": {
				"x": 0,
				"y": 0,
				"r": "Horizontal"
			}
		},
		{
			"_id": "I59618241286891387XW3k3P",
			"_tpl": "5e81f423763d9f754677bf2e",
			"parentId": "I59618247525879578abWlYS",
			"slotId": "cartridges",
			"upd": {
				"StackObjectsCount": 7
			}
		},
		{
			"_id": "I59618247663285928MsvkMv",
			"_tpl": "5e81c4ca763d9f754677befa",
			"parentId": "I596182449034573499yTchs",
			"slotId": "5",
			"location": {
				"x": 0,
				"y": 1,
				"r": "Horizontal"
			}
		},
		{
			"_id": "I59618245221314780XZjoN8",
			"_tpl": "5ea2a8e200685063ec28c05a",
			"parentId": "I59618247663285928MsvkMv",
			"slotId": "cartridges",
			"upd": {
				"StackObjectsCount": 7
			}
		},
		{
			"_id": "I59618245755228004A3pgPW",
			"_tpl": "5bffdc370db834001d23eca8",
			"parentId": "5c6687d65e9d882c8841f0fd",
			"slotId": "Scabbard"
		},
		{
			"_id": "I596182421441926302z6zAj",
			"_tpl": "5c08f87c0db8340019124324",
			"parentId": "5c6687d65e9d882c8841f0fd",
			"slotId": "Headwear"
		},
		{
			"_id": "I59618243730613530bQ85PK",
			"_tpl": "5da743f586f7744014504f72",
			"parentId": "5c6687d65e9d882c8841f121",
			"slotId": "pocket1",
			"location": {
				"x": 0,
				"y": 0,
				"r": "Horizontal"
			},
			"upd": {
				"SpawnedInSession": true
			}
		},
		{
			"_id": "I59618244483932152pJfxvf",
			"_tpl": "5913611c86f77479e0084092",
			"parentId": "5c6687d65e9d882c8841f121",
			"slotId": "pocket2",
			"location": {
				"x": 0,
				"y": 0,
				"r": "Horizontal"
			},
			"upd": {
				"SpawnedInSession": true
			}
		},
		{
			"_id": "I59618247318473345ucy6aA",
			"_tpl": "5734795124597738002c6176",
			"parentId": "5c6687d65e9d882c8841f121",
			"slotId": "pocket3",
			"location": {
				"x": 0,
				"y": 0,
				"r": "Horizontal"
			},
			"upd": {
				"SpawnedInSession": true
			}
		}
	],
	"equipment": "5c6687d65e9d882c8841f0fd",
	"stash": "5c6687d65e9d882c8841f0fc",
	"questRaidItems": "5c6687d65e9d882c8841f0fe",
	"questStashItems": "5c6687d65e9d882c8841f0ff",
	"fastPanel": {}
}