{
	"items": [
		{
			"_id": "5c6687d65e9d882c8841f0fd",
			"_tpl": "55d7217a4bdc2d86028b456d"
		},
		{
			"_id": "5c6687d65e9d882c8841f121",
			"_tpl": "557ffd194bdc2d28148b457f",
			"parentId": "5c6687d65e9d882c8841f0fd",
			"slotId": "Pockets"
		},
		{
			"_id": "5c6687d65e9d882c8841f0fc",
			"_tpl": "566abbc34bdc2d92178b4576"
		},
		{
			"_id": "5c6687d65e9d882c8841f0ff",
			"_tpl": "5963866b86f7747bfa1c4462"
		},
		{
			"_id": "5c6687d65e9d882c8841f0fe",
			"_tpl": "5963866286f7747bf429b572"
		},
		{
			"_id": "I596182426544996264gjwMt",
			"_tpl": "5648a69d4bdc2ded0b8b457b",
			"parentId": "5c6687d65e9d882c8841f0fd",
			"slotId": "TacticalVest"
		},
		{
			"_id": "I21005559542953025dSHe9B",
			"_tpl": "5a38e6bac4a2826c6e06d79b",
			"parentId": "5c6687d65e9d882c8841f0fd",
			"slotId": "FirstPrimaryWeapon",
			"upd": {
				"Repairable": {
					"MaxDurability": 100,
					"Durability": 100
				}
			}
		},
		{
			"_id": "I59618242326508800KcVLeO",
			"_tpl": "5c6161fb2e221600113fbde5",
			"parentId": "I21005559542953025dSHe9B",
			"slotId": "mod_magazine"
		},
		{
			"_id": "I59618247016107841jogVDH",
			"_tpl": "5d6e6a05a4b93618084f58d0",
			"parentId": "I59618242326508800KcVLeO",
			"slotId": "cartridges",
			"upd": {
				"StackObjectsCount": 5
			}
		},
		{
			"_id": "I21005559534914848ofvJs5",
			"_tpl": "5adf23995acfc400185c2aeb",
			"parentId": "I21005559542953025dSHe9B",
			"slotId": "mod_stock"
		},
		{
			"_id": "I59618245688039366DcAimv",
			"_tpl": "5857a8bc2459772bad15db29",
			"parentId": "5c6687d65e9d882c8841f0fd",
			"slotId": "SecuredContainer"
		},
		{
			"_id": "I59618241812090350ZAXvU9",
			"_tpl": "5d6e6a42a4b9364f07165f52",
			"parentId": "I59618245688039366DcAimv",
			"slotId": "main",
			"upd": {
				"StackObjectsCount": 60
			}
		},
		{
			"_id": "I59618244317236109lwR6Km",
			"_tpl": "5d6e6a5fa4b93614ec501745",
			"parentId": "I59618245688039366DcAimv",
			"slotId": "main",
			"upd": {
				"StackObjectsCount": 60
			}
		},
		{
			"_id": "I59618243287670130tc7PqS",
			"_tpl": "5d6e6a42a4b9364f07165f52",
			"parentId": "I59618245688039366DcAimv",
			"slotId": "main",
			"upd": {
				"StackObjectsCount": 60
			}
		},
		{
			"_id": "I59618246419725799flPUVm",
			"_tpl": "5d6e69b9a4b9361bc8618958",
			"parentId": "I59618245688039366DcAimv",
			"slotId": "main",
			"upd": {
				"StackObjectsCount": 60
			}
		},
		{
			"_id": "I59618245514515002BQFjXg",
			"_tpl": "5d6e6a05a4b93618084f58d0",
			"parentId": "I59618245688039366DcAimv",
			"slotId": "main",
			"upd": {
				"StackObjectsCount": 60
			}
		},
		{
			"_id": "I59618249893467806M3HORT",
			"_tpl": "5d6e6a53a4b9361bd473feec",
			"parentId": "I59618245688039366DcAimv",
			"slotId": "main",
			"upd": {
				"StackObjectsCount": 60
			}
		},
		{
			"_id": "I59618244253753851L4mVCd",
			"_tpl": "5d6e69c7a4b9360b6c0d54e4",
			"parentId": "I59618245688039366DcAimv",
			"slotId": "main",
			"upd": {
				"StackObjectsCount": 60
			}
		},
		{
			"_id": "I59618247187932276eR4Xsy",
			"_tpl": "5d6e695fa4b936359b35d852",
			"parentId": "I59618245688039366DcAimv",
			"slotId": "main",
			"upd": {
				"StackObjectsCount": 60
			}
		},
		{
			"_id": "I596182489245378753pLCS1",
			"_tpl": "5d6e6a5fa4b93614ec501745",
			"parentId": "I59618245688039366DcAimv",
			"slotId": "main",
			"upd": {
				"StackObjectsCount": 60
			}
		},
		{
			"_id": "I59618247036390043PteAFa",
			"_tpl": "5a38ee51c4a282000c5a955c",
			"parentId": "I596182426544996264gjwMt",
			"slotId": "1",
			"location": {
				"x": 0,
				"y": 0,
				"r": "Horizontal"
			}
		},
		{
			"_id": "I5961824136581193771tVCR",
			"_tpl": "5d6e69c7a4b9360b6c0d54e4",
			"parentId": "I59618247036390043PteAFa",
			"slotId": "cartridges",
			"upd": {
				"StackObjectsCount": 2
			}
		},
		{
			"_id": "I59618247981693389k4QU1H",
			"_tpl": "5a38ee51c4a282000c5a955c",
			"parentId": "I596182426544996264gjwMt",
			"slotId": "1",
			"location": {
				"x": 0,
				"y": 1,
				"r": "Horizontal"
			}
		},
		{
			"_id": "I59618242175166842IQoTg6",
			"_tpl": "5d6e6a42a4b9364f07165f52",
			"parentId": "I59618247981693389k4QU1H",
			"slotId": "cartridges",
			"upd": {
				"StackObjectsCount": 2
			}
		},
		{
			"_id": "I5961824870470817116BX3N",
			"_tpl": "5a38ee51c4a282000c5a955c",
			"parentId": "I596182426544996264gjwMt",
			"slotId": "3",
			"location": {
				"x": 0,
				"y": 0,
				"r": "Horizontal"
			}
		},
		{
			"_id": "I596182413985953728yiung",
			"_tpl": "5d6e6a5fa4b93614ec501745",
			"parentId": "I5961824870470817116BX3N",
			"slotId": "cartridges",
			"upd": {
				"StackObjectsCount": 2
			}
		},
		{
			"_id": "I59618243301814638T5Dir2",
			"_tpl": "5a38ee51c4a282000c5a955c",
			"parentId": "I596182426544996264gjwMt",
			"slotId": "3",
			"location": {
				"x": 0,
				"y": 1,
				"r": "Horizontal"
			}
		},
		{
			"_id": "I59618246549612543qKj6gn",
			"_tpl": "5a38ebd9c4a282000d722a5b",
			"parentId": "I59618243301814638T5Dir2",
			"slotId": "cartridges",
			"upd": {
				"StackObjectsCount": 2
			}
		},
		{
			"_id": "I59618248712426580jV0owJ",
			"_tpl": "5a38ee51c4a282000c5a955c",
			"parentId": "I596182426544996264gjwMt",
			"slotId": "10",
			"location": {
				"x": 0,
				"y": 0,
				"r": "Horizontal"
			}
		},
		{
			"_id": "I59618249240636631krclFl",
			"_tpl": "5a38ebd9c4a282000d722a5b",
			"parentId": "I59618248712426580jV0owJ",
			"slotId": "cartridges",
			"upd": {
				"StackObjectsCount": 2
			}
		},
		{
			"_id": "I59618249887268152vC4J5y",
			"_tpl": "5a38ee51c4a282000c5a955c",
			"parentId": "I596182426544996264gjwMt",
			"slotId": "10",
			"location": {
				"x": 0,
				"y": 1,
				"r": "Horizontal"
			}
		},
		{
			"_id": "I59618249516085290vlvycn",
			"_tpl": "5d6e6a42a4b9364f07165f52",
			"parentId": "I59618249887268152vC4J5y",
			"slotId": "cartridges",
			"upd": {
				"StackObjectsCount": 2
			}
		},
		{
			"_id": "I59618245754894662ODp7q1",
			"_tpl": "5a38ebd9c4a282000d722a5b",
			"parentId": "I596182426544996264gjwMt",
			"slotId": "7",
			"upd": {
				"StackObjectsCount": 9
			}
		},
		{
			"_id": "I59618241015831819ASK85L",
			"_tpl": "5bffdc370db834001d23eca8",
			"parentId": "5c6687d65e9d882c8841f0fd",
			"slotId": "Scabbard"
		},
		{
			"_id": "I59618246194738033CSOKzF",
			"_tpl": "5aa2b89be5b5b0001569311f",
			"parentId": "5c6687d65e9d882c8841f0fd",
			"slotId": "Headwear"
		},
		{
			"_id": "I59618241337091296SviQSi",
			"_tpl": "5d6d2e22a4b9361bd5780d05",
			"parentId": "5c6687d65e9d882c8841f0fd",
			"slotId": "Eyewear"
		},
		{
			"_id": "I59618248761643791WeQkVG",
			"_tpl": "59e7715586f7742ee5789605",
			"parentId": "5c6687d65e9d882c8841f0fd",
			"slotId": "FaceCover"
		},
		{
			"_id": "I59618248799637525659rIH",
			"_tpl": "56e33634d2720bd8058b456b",
			"parentId": "5c6687d65e9d882c8841f0fd",
			"slotId": "Backpack"
		},
		{
			"_id": "I59618245629162361hTMSJ4",
			"_tpl": "57347c5b245977448d35f6e1",
			"parentId": "I59618248799637525659rIH",
			"slotId": "main",
			"location": {
				"x": 0,
				"y": 0,
				"r": "Horizontal"
			}
		},
		{
			"_id": "I59618242600344587VzHytn",
			"_tpl": "5672cb304bdc2dc2088b456a",
			"parentId": "I59618248799637525659rIH",
			"slotId": "main",
			"location": {
				"x": 0,
				"y": 1,
				"r": "Horizontal"
			}
		},
		{
			"_id": "I59618248893171851quko7c",
			"_tpl": "5914578086f774123569ffa4",
			"parentId": "5c6687d65e9d882c8841f121",
			"slotId": "pocket1",
			"location": {
				"x": 0,
				"y": 0,
				"r": "Horizontal"
			},
			"upd": {
				"SpawnedInSession": true
			}
		},
		{
			"_id": "I59618244846362400oGgVYj",
			"_tpl": "590a3cd386f77436f20848cb",
			"parentId": "5c6687d65e9d882c8841f121",
			"slotId": "pocket2",
			"location": {
				"x": 0,
				"y": 0,
				"r": "Horizontal"
			},
			"upd": {
				"SpawnedInSession": true
			}
		}
	],
	"equipment": "5c6687d65e9d882c8841f0fd",
	"stash": "5c6687d65e9d882c8841f0fc",
	"questRaidItems": "5c6687d65e9d882c8841f0fe",
	"questStashItems": "5c6687d65e9d882c8841f0ff",
	"fastPanel": {}
}