{
	"items": [
		{
			"_id": "5c6687d65e9d882c8841f0fd",
			"_tpl": "55d7217a4bdc2d86028b456d"
		},
		{
			"_id": "5c6687d65e9d882c8841f121",
			"_tpl": "557ffd194bdc2d28148b457f",
			"parentId": "5c6687d65e9d882c8841f0fd",
			"slotId": "Pockets"
		},
		{
			"_id": "5c6687d65e9d882c8841f0fc",
			"_tpl": "566abbc34bdc2d92178b4576"
		},
		{
			"_id": "5c6687d65e9d882c8841f0ff",
			"_tpl": "5963866b86f7747bfa1c4462"
		},
		{
			"_id": "5c6687d65e9d882c8841f0fe",
			"_tpl": "5963866286f7747bf429b572"
		},
		{
			"_id": "I59618245061030824qFMkYn",
			"_tpl": "5648a69d4bdc2ded0b8b457b",
			"parentId": "5c6687d65e9d882c8841f0fd",
			"slotId": "TacticalVest"
		},
		{
			"_id": "I210054153211666324Nq18W",
			"_tpl": "5c46fbd72e2216398b5a8c9c",
			"parentId": "5c6687d65e9d882c8841f0fd",
			"slotId": "FirstPrimaryWeapon",
			"upd": {
				"Repairable": {
					"MaxDurability": 100,
					"Durability": 100
				}
			}
		},
		{
			"_id": "I210054156175010314CVn0n",
			"_tpl": "5c471be12e221602b66cd9ac",
			"parentId": "I210054153211666324Nq18W",
			"slotId": "mod_pistol_grip"
		},
		{
			"_id": "I59618244735123421U8hwJI",
			"_tpl": "5c88f24b2e22160bc12c69a6",
			"parentId": "I210054153211666324Nq18W",
			"slotId": "mod_magazine"
		},
		{
			"_id": "I59618248126805098L9bocr",
			"_tpl": "5887431f2459777e1612938f",
			"parentId": "I59618244735123421U8hwJI",
			"slotId": "cartridges",
			"upd": {
				"StackObjectsCount": 20
			}
		},
		{
			"_id": "I210054152756362138kJ5fy",
			"_tpl": "5c471cb32e221602b177afaa",
			"parentId": "I210054153211666324Nq18W",
			"slotId": "mod_barrel"
		},
		{
			"_id": "I2100541578922177816lqLu",
			"_tpl": "5c471c2d2e22164bef5d077f",
			"parentId": "I210054153211666324Nq18W",
			"slotId": "mod_mount_001"
		},
		{
			"_id": "I210054152771921843w4nrq",
			"_tpl": "5c471bd12e221602b4129c3a",
			"parentId": "I210054153211666324Nq18W",
			"slotId": "mod_reciever"
		},
		{
			"_id": "I210054154350262906fTWwb",
			"_tpl": "5c471bfc2e221602b21d4e17",
			"parentId": "I210054152756362138kJ5fy",
			"slotId": "mod_muzzle"
		},
		{
			"_id": "I210054156855769832WgNiU",
			"_tpl": "5c471c842e221615214259b5",
			"parentId": "I210054152756362138kJ5fy",
			"slotId": "mod_gas_block"
		},
		{
			"_id": "I2100541556102252146P1lP",
			"_tpl": "5c471c6c2e221602b66cd9ae",
			"parentId": "I2100541578922177816lqLu",
			"slotId": "mod_handguard"
		},
		{
			"_id": "I210054151405287883T5uG9",
			"_tpl": "5c471b7e2e2216152006e46c",
			"parentId": "I2100541578922177816lqLu",
			"slotId": "mod_sight_rear",
			"upd": {
				"Sight": {
					"SelectedSightMode": 0
				}
			}
		},
		{
			"_id": "I210054156388736531vA431",
			"_tpl": "5c471ba12e221602b3137d76",
			"parentId": "I210054154350262906fTWwb",
			"slotId": "mod_sight_front",
			"upd": {
				"Sight": {
					"SelectedSightMode": 0
				}
			}
		},
		{
			"_id": "I596182424007882855AX91I",
			"_tpl": "5857a8bc2459772bad15db29",
			"parentId": "5c6687d65e9d882c8841f0fd",
			"slotId": "SecuredContainer"
		},
		{
			"_id": "I59618248149463601ZzQBfy",
			"_tpl": "560d61e84bdc2da74d8b4571",
			"parentId": "I596182424007882855AX91I",
			"slotId": "main",
			"upd": {
				"StackObjectsCount": 60
			}
		},
		{
			"_id": "I59618246049987354rFIgWa",
			"_tpl": "5e023d34e8a400319a28ed44",
			"parentId": "I596182424007882855AX91I",
			"slotId": "main",
			"upd": {
				"StackObjectsCount": 60
			}
		},
		{
			"_id": "I596182414123596712ZLOug",
			"_tpl": "5e023cf8186a883be655e54f",
			"parentId": "I596182424007882855AX91I",
			"slotId": "main",
			"upd": {
				"StackObjectsCount": 60
			}
		},
		{
			"_id": "I59618242555080781E2Dlvg",
			"_tpl": "560d61e84bdc2da74d8b4571",
			"parentId": "I596182424007882855AX91I",
			"slotId": "main",
			"upd": {
				"StackObjectsCount": 60
			}
		},
		{
			"_id": "I59618248994039849tH4F2u",
			"_tpl": "5e023d48186a883be655e551",
			"parentId": "I596182424007882855AX91I",
			"slotId": "main",
			"upd": {
				"StackObjectsCount": 60
			}
		},
		{
			"_id": "I59618248668511459sQGwoR",
			"_tpl": "59e77a2386f7742ee578960a",
			"parentId": "I596182424007882855AX91I",
			"slotId": "main",
			"upd": {
				"StackObjectsCount": 60
			}
		},
		{
			"_id": "I596182443841008910aTMEX",
			"_tpl": "59e77a2386f7742ee578960a",
			"parentId": "I596182424007882855AX91I",
			"slotId": "main",
			"upd": {
				"StackObjectsCount": 60
			}
		},
		{
			"_id": "I59618245430166798VRiD1z",
			"_tpl": "59e77a2386f7742ee578960a",
			"parentId": "I596182424007882855AX91I",
			"slotId": "main",
			"upd": {
				"StackObjectsCount": 60
			}
		},
		{
			"_id": "I59618242327361977nMkvFl",
			"_tpl": "560d61e84bdc2da74d8b4571",
			"parentId": "I596182424007882855AX91I",
			"slotId": "main",
			"upd": {
				"StackObjectsCount": 60
			}
		},
		{
			"_id": "I596182427873249098iizf3",
			"_tpl": "58d3db5386f77426186285a0",
			"parentId": "I59618245061030824qFMkYn",
			"slotId": "1"
		},
		{
			"_id": "I59618243393057597wjo3Li",
			"_tpl": "5c88f24b2e22160bc12c69a6",
			"parentId": "I59618245061030824qFMkYn",
			"slotId": "2",
			"location": {
				"x": 0,
				"y": 0,
				"r": "Horizontal"
			}
		},
		{
			"_id": "I596182424405216924ePd8f",
			"_tpl": "59e77a2386f7742ee578960a",
			"parentId": "I59618243393057597wjo3Li",
			"slotId": "cartridges",
			"upd": {
				"StackObjectsCount": 20
			}
		},
		{
			"_id": "I596182464543833425qaNV7",
			"_tpl": "5c88f24b2e22160bc12c69a6",
			"parentId": "I59618245061030824qFMkYn",
			"slotId": "4",
			"location": {
				"x": 0,
				"y": 0,
				"r": "Horizontal"
			}
		},
		{
			"_id": "I59618249266761636dX1Fbm",
			"_tpl": "560d61e84bdc2da74d8b4571",
			"parentId": "I596182464543833425qaNV7",
			"slotId": "cartridges",
			"upd": {
				"StackObjectsCount": 20
			}
		},
		{
			"_id": "I59618249657107726ohlKjn",
			"_tpl": "5c88f24b2e22160bc12c69a6",
			"parentId": "I59618245061030824qFMkYn",
			"slotId": "11",
			"location": {
				"x": 0,
				"y": 0,
				"r": "Horizontal"
			}
		},
		{
			"_id": "I59618241611302397gGLMUJ",
			"_tpl": "59e77a2386f7742ee578960a",
			"parentId": "I59618249657107726ohlKjn",
			"slotId": "cartridges",
			"upd": {
				"StackObjectsCount": 20
			}
		},
		{
			"_id": "I59618245131243269tkaAjf",
			"_tpl": "5c88f24b2e22160bc12c69a6",
			"parentId": "I59618245061030824qFMkYn",
			"slotId": "5",
			"location": {
				"x": 1,
				"y": 0,
				"r": "Horizontal"
			}
		},
		{
			"_id": "I59618249111699539yr31J2",
			"_tpl": "5e023cf8186a883be655e54f",
			"parentId": "I59618245131243269tkaAjf",
			"slotId": "cartridges",
			"upd": {
				"StackObjectsCount": 20
			}
		},
		{
			"_id": "I59618249791491966LdLCkZ",
			"_tpl": "5e32f56fcb6d5863cc5e5ee4",
			"parentId": "I59618245061030824qFMkYn",
			"slotId": "6"
		},
		{
			"_id": "I59618247995602101NpYulR",
			"_tpl": "5887431f2459777e1612938f",
			"parentId": "I59618245061030824qFMkYn",
			"slotId": "8",
			"upd": {
				"StackObjectsCount": 33
			}
		},
		{
			"_id": "I59618245338587612JtQMvl",
			"_tpl": "57e26ea924597715ca604a09",
			"parentId": "5c6687d65e9d882c8841f0fd",
			"slotId": "Scabbard"
		}
	],
	"equipment": "5c6687d65e9d882c8841f0fd",
	"stash": "5c6687d65e9d882c8841f0fc",
	"questRaidItems": "5c6687d65e9d882c8841f0fe",
	"questStashItems": "5c6687d65e9d882c8841f0ff",
	"fastPanel": {}
}