{
	"items": [
		{
			"_id": "5c6687d65e9d882c8841f0fd",
			"_tpl": "55d7217a4bdc2d86028b456d"
		},
		{
			"_id": "5c6687d65e9d882c8841f121",
			"_tpl": "557ffd194bdc2d28148b457f",
			"parentId": "5c6687d65e9d882c8841f0fd",
			"slotId": "Pockets"
		},
		{
			"_id": "5c6687d65e9d882c8841f0fc",
			"_tpl": "566abbc34bdc2d92178b4576"
		},
		{
			"_id": "5c6687d65e9d882c8841f0ff",
			"_tpl": "5963866b86f7747bfa1c4462"
		},
		{
			"_id": "5c6687d65e9d882c8841f0fe",
			"_tpl": "5963866286f7747bf429b572"
		},
		{
			"_id": "I596182472781395877xAAzI",
			"_tpl": "572b7adb24597762ae139821",
			"parentId": "5c6687d65e9d882c8841f0fd",
			"slotId": "TacticalVest"
		},
		{
			"_id": "I5150552116540059T4rYNgi",
			"_tpl": "5ea03f7400685063ec28bfa8",
			"parentId": "5c6687d65e9d882c8841f0fd",
			"slotId": "FirstPrimaryWeapon",
			"upd": {
				"Repairable": {
					"MaxDurability": 100,
					"Durability": 100
				}
			}
		},
		{
			"_id": "I5150553528310628A6nWXdz",
			"_tpl": "5ea03e9400685063ec28bfa4",
			"parentId": "I5150552116540059T4rYNgi",
			"slotId": "mod_stock"
		},
		{
			"_id": "I596182441838249437uuFGp",
			"_tpl": "5ea034eb5aad6446a939737b",
			"parentId": "I5150552116540059T4rYNgi",
			"slotId": "mod_magazine"
		},
		{
			"_id": "I59618244400800526V7upNm",
			"_tpl": "573603562459776430731618",
			"parentId": "I596182441838249437uuFGp",
			"slotId": "cartridges",
			"upd": {
				"StackObjectsCount": 35
			}
		},
		{
			"_id": "I5150559648337341tsIMDEL",
			"_tpl": "5ea03e5009aa976f2e7a514b",
			"parentId": "I5150552116540059T4rYNgi",
			"slotId": "mod_reciever"
		},
		{
			"_id": "I5150558717598210ybApxht",
			"_tpl": "5ea02bb600685063ec28bfa1",
			"parentId": "I5150552116540059T4rYNgi",
			"slotId": "mod_barrel"
		},
		{
			"_id": "I59618247931476954aeB9xF",
			"_tpl": "5857a8bc2459772bad15db29",
			"parentId": "5c6687d65e9d882c8841f0fd",
			"slotId": "SecuredContainer"
		},
		{
			"_id": "I59618247514981064jlVe9q",
			"_tpl": "573603c924597764442bd9cb",
			"parentId": "I59618247931476954aeB9xF",
			"slotId": "main",
			"upd": {
				"StackObjectsCount": 60
			}
		},
		{
			"_id": "I59618246888964727XyUIbE",
			"_tpl": "5735fdcd2459776445391d61",
			"parentId": "I59618247931476954aeB9xF",
			"slotId": "main",
			"upd": {
				"StackObjectsCount": 60
			}
		},
		{
			"_id": "I596182463235741272ymTgx",
			"_tpl": "573601b42459776410737435",
			"parentId": "I59618247931476954aeB9xF",
			"slotId": "main",
			"upd": {
				"StackObjectsCount": 60
			}
		},
		{
			"_id": "I59618249909919850Kn28cZ",
			"_tpl": "5735ff5c245977640e39ba7e",
			"parentId": "I59618247931476954aeB9xF",
			"slotId": "main",
			"upd": {
				"StackObjectsCount": 60
			}
		},
		{
			"_id": "I59618242411125756JZWLw1",
			"_tpl": "573603c924597764442bd9cb",
			"parentId": "I59618247931476954aeB9xF",
			"slotId": "main",
			"upd": {
				"StackObjectsCount": 60
			}
		},
		{
			"_id": "I596182482715882820pRnHZ",
			"_tpl": "5736026a245977644601dc61",
			"parentId": "I59618247931476954aeB9xF",
			"slotId": "main",
			"upd": {
				"StackObjectsCount": 60
			}
		},
		{
			"_id": "I596182483975272117UADxu",
			"_tpl": "573603562459776430731618",
			"parentId": "I59618247931476954aeB9xF",
			"slotId": "main",
			"upd": {
				"StackObjectsCount": 60
			}
		},
		{
			"_id": "I59618249382655778TmA5o2",
			"_tpl": "573601b42459776410737435",
			"parentId": "I59618247931476954aeB9xF",
			"slotId": "main",
			"upd": {
				"StackObjectsCount": 60
			}
		},
		{
			"_id": "I59618248372004693tLHO05",
			"_tpl": "573602322459776445391df1",
			"parentId": "I59618247931476954aeB9xF",
			"slotId": "main",
			"upd": {
				"StackObjectsCount": 60
			}
		},
		{
			"_id": "I210016225791087175zosqL",
			"_tpl": "56d59856d2720bd8418b456a",
			"parentId": "5c6687d65e9d882c8841f0fd",
			"slotId": "Holster",
			"upd": {
				"Repairable": {
					"MaxDurability": 100,
					"Durability": 100
				}
			}
		},
		{
			"_id": "I210016223363741488SOBDt",
			"_tpl": "56d5a1f7d2720bb3418b456a",
			"parentId": "I210016225791087175zosqL",
			"slotId": "mod_barrel"
		},
		{
			"_id": "I210016224874263019rNFFn",
			"_tpl": "56d5a2bbd2720bb8418b456a",
			"parentId": "I210016225791087175zosqL",
			"slotId": "mod_pistol_grip"
		},
		{
			"_id": "I210016222706866142L5kep",
			"_tpl": "56d5a407d2720bb3418b456b",
			"parentId": "I210016225791087175zosqL",
			"slotId": "mod_reciever"
		},
		{
			"_id": "I59618242037801312wKgJPo",
			"_tpl": "5c925fa22e221601da359b7b",
			"parentId": "I210016224549891509hxVB2",
			"slotId": "cartridges",
			"upd": {
				"StackObjectsCount": 15
			}
		},
		{
			"_id": "I210016224549891509hxVB2",
			"_tpl": "56d59948d2720bb7418b4582",
			"parentId": "I210016225791087175zosqL",
			"slotId": "mod_magazine"
		},
		{
			"_id": "I210016224015555621KTOuX",
			"_tpl": "56d5a77ed2720b90418b4568",
			"parentId": "I210016222706866142L5kep",
			"slotId": "mod_sight_rear",
			"upd": {
				"Sight": {
					"SelectedSightMode": 0
				}
			}
		},
		{
			"_id": "I210016226956354775U8Nj5",
			"_tpl": "56d5a661d2720bd8418b456b",
			"parentId": "I210016222706866142L5kep",
			"slotId": "mod_sight_front",
			"upd": {
				"Sight": {
					"SelectedSightMode": 0
				}
			}
		},
		{
			"_id": "I59618242993903351P4LGq9",
			"_tpl": "5e32f56fcb6d5863cc5e5ee4",
			"parentId": "I596182472781395877xAAzI",
			"slotId": "2"
		},
		{
			"_id": "I59618248854007404c7kyPc",
			"_tpl": "5c920e902e221644f31c3c99",
			"parentId": "I596182472781395877xAAzI",
			"slotId": "2",
			"location": {
				"x": 0,
				"y": 1,
				"r": "Horizontal"
			}
		},
		{
			"_id": "I59618249512714206SigCto",
			"_tpl": "5c3df7d588a4501f290594e5",
			"parentId": "I59618248854007404c7kyPc",
			"slotId": "cartridges",
			"upd": {
				"StackObjectsCount": 20
			}
		},
		{
			"_id": "I59618248264540771yjgTJL",
			"_tpl": "54491bb74bdc2d09088b4567",
			"parentId": "5c6687d65e9d882c8841f0fd",
			"slotId": "Scabbard"
		},
		{
			"_id": "I596182450526901366nhHm5",
			"_tpl": "5aa2b87de5b5b00016327c25",
			"parentId": "5c6687d65e9d882c8841f0fd",
			"slotId": "Headwear"
		},
		{
			"_id": "I59618241654433053C76HyB",
			"_tpl": "572b7fa524597762b747ce82",
			"parentId": "5c6687d65e9d882c8841f0fd",
			"slotId": "FaceCover"
		},
		{
			"_id": "I59618249558735655vAnAo5",
			"_tpl": "5ab8f04f86f774585f4237d8",
			"parentId": "5c6687d65e9d882c8841f0fd",
			"slotId": "Backpack"
		},
		{
			"_id": "I59618247043400174pwvgFw",
			"_tpl": "5c06782b86f77426df5407d2",
			"parentId": "I59618249558735655vAnAo5",
			"slotId": "main",
			"location": {
				"x": 0,
				"y": 0,
				"r": "Horizontal"
			}
		},
		{
			"_id": "I596182479550568748rPH98",
			"_tpl": "5780cf9e2459777df90dcb73",
			"parentId": "I59618249558735655vAnAo5",
			"slotId": "main",
			"location": {
				"x": 0,
				"y": 1,
				"r": "Horizontal"
			}
		},
		{
			"_id": "I59618247582221099xd5VB7",
			"_tpl": "57d17c5e2459775a5c57d17d",
			"parentId": "5c6687d65e9d882c8841f121",
			"slotId": "pocket1",
			"location": {
				"x": 0,
				"y": 0,
				"r": "Horizontal"
			},
			"upd": {
				"SpawnedInSession": true
			}
		},
		{
			"_id": "I59618245012218392wANpzJ",
			"_tpl": "5bc9c29cd4351e003562b8a3",
			"parentId": "5c6687d65e9d882c8841f121",
			"slotId": "pocket2",
			"location": {
				"x": 0,
				"y": 0,
				"r": "Horizontal"
			},
			"upd": {
				"SpawnedInSession": true
			}
		},
		{
			"_id": "I596182456979343327xpBg4",
			"_tpl": "5af04e0a86f7743a532b79e2",
			"parentId": "5c6687d65e9d882c8841f121",
			"slotId": "pocket3",
			"location": {
				"x": 0,
				"y": 0,
				"r": "Horizontal"
			},
			"upd": {
				"SpawnedInSession": true
			}
		}
	],
	"equipment": "5c6687d65e9d882c8841f0fd",
	"stash": "5c6687d65e9d882c8841f0fc",
	"questRaidItems": "5c6687d65e9d882c8841f0fe",
	"questStashItems": "5c6687d65e9d882c8841f0ff",
	"fastPanel": {}
}