{
	"items": [
		{
			"_id": "5c6687d65e9d882c8841f0fd",
			"_tpl": "55d7217a4bdc2d86028b456d"
		},
		{
			"_id": "5c6687d65e9d882c8841f121",
			"_tpl": "557ffd194bdc2d28148b457f",
			"parentId": "5c6687d65e9d882c8841f0fd",
			"slotId": "Pockets"
		},
		{
			"_id": "5c6687d65e9d882c8841f0fc",
			"_tpl": "566abbc34bdc2d92178b4576"
		},
		{
			"_id": "5c6687d65e9d882c8841f0ff",
			"_tpl": "5963866b86f7747bfa1c4462"
		},
		{
			"_id": "5c6687d65e9d882c8841f0fe",
			"_tpl": "5963866286f7747bf429b572"
		},
		{
			"_id": "I59618245878893804w8XKFW",
			"_tpl": "5929a2a086f7744f4b234d43",
			"parentId": "5c6687d65e9d882c8841f0fd",
			"slotId": "TacticalVest"
		},
		{
			"_id": "I210050576156857912OZ9L7",
			"_tpl": "5abcbc27d8ce8700182eceeb",
			"parentId": "5c6687d65e9d882c8841f0fd",
			"slotId": "FirstPrimaryWeapon",
			"upd": {
				"Repairable": {
					"MaxDurability": 100,
					"Durability": 100
				}
			}
		},
		{
			"_id": "I210050573192892438O9mP4",
			"_tpl": "59d64ec286f774171d1e0a42",
			"parentId": "I210050576156857912OZ9L7",
			"slotId": "mod_gas_block"
		},
		{
			"_id": "I210050578472391306EX0F2",
			"_tpl": "59e61eb386f77440d64f5daf",
			"parentId": "I210050576156857912OZ9L7",
			"slotId": "mod_muzzle"
		},
		{
			"_id": "I210050572763710976gsnxk",
			"_tpl": "5a0071d486f77404e23a12b2",
			"parentId": "I210050576156857912OZ9L7",
			"slotId": "mod_pistol_grip_akms"
		},
		{
			"_id": "I210050577635509251cC44m",
			"_tpl": "59d650cf86f7741b846413a4",
			"parentId": "I210050576156857912OZ9L7",
			"slotId": "mod_sight_rear",
			"upd": {
				"Sight": {
					"SelectedSightMode": 0
				}
			}
		},
		{
			"_id": "I210050575505166963PRLEC",
			"_tpl": "59ff3b6a86f77477562ff5ed",
			"parentId": "I210050576156857912OZ9L7",
			"slotId": "mod_stock_akms"
		},
		{
			"_id": "I596182474596763933cvxKQ",
			"_tpl": "5cfe8010d7ad1a59283b14c6",
			"parentId": "I210050576156857912OZ9L7",
			"slotId": "mod_magazine"
		},
		{
			"_id": "I59618247143172476eZxC4I",
			"_tpl": "5656d7c34bdc2d9d198b4587",
			"parentId": "I596182474596763933cvxKQ",
			"slotId": "cartridges",
			"upd": {
				"StackObjectsCount": 50
			}
		},
		{
			"_id": "I210050571279421349KWsNZ",
			"_tpl": "59d64f2f86f77417193ef8b3",
			"parentId": "I210050573192892438O9mP4",
			"slotId": "mod_handguard"
		},
		{
			"_id": "I59618241636103793GY5ZuO",
			"_tpl": "5857a8bc2459772bad15db29",
			"parentId": "5c6687d65e9d882c8841f0fd",
			"slotId": "SecuredContainer"
		},
		{
			"_id": "I59618242027004786Ajbu1w",
			"_tpl": "59e4d24686f7741776641ac7",
			"parentId": "I59618241636103793GY5ZuO",
			"slotId": "main",
			"upd": {
				"StackObjectsCount": 60
			}
		},
		{
			"_id": "I59618243987013476QyJXWC",
			"_tpl": "59e4cf5286f7741778269d8a",
			"parentId": "I59618241636103793GY5ZuO",
			"slotId": "main",
			"upd": {
				"StackObjectsCount": 60
			}
		},
		{
			"_id": "I596182454007152604o8cMc",
			"_tpl": "59e4cf5286f7741778269d8a",
			"parentId": "I59618241636103793GY5ZuO",
			"slotId": "main",
			"upd": {
				"StackObjectsCount": 60
			}
		},
		{
			"_id": "I596182430988327878biZJo",
			"_tpl": "59e4cf5286f7741778269d8a",
			"parentId": "I59618241636103793GY5ZuO",
			"slotId": "main",
			"upd": {
				"StackObjectsCount": 60
			}
		},
		{
			"_id": "I59618248694421660miXgVt",
			"_tpl": "59e4cf5286f7741778269d8a",
			"parentId": "I59618241636103793GY5ZuO",
			"slotId": "main",
			"upd": {
				"StackObjectsCount": 60
			}
		},
		{
			"_id": "I59618245618706987rrjjwL",
			"_tpl": "59e4d24686f7741776641ac7",
			"parentId": "I59618241636103793GY5ZuO",
			"slotId": "main",
			"upd": {
				"StackObjectsCount": 60
			}
		},
		{
			"_id": "I59618245728062236c2Q81v",
			"_tpl": "59e4cf5286f7741778269d8a",
			"parentId": "I59618241636103793GY5ZuO",
			"slotId": "main",
			"upd": {
				"StackObjectsCount": 60
			}
		},
		{
			"_id": "I59618246527043565JseF8G",
			"_tpl": "59e4cf5286f7741778269d8a",
			"parentId": "I59618241636103793GY5ZuO",
			"slotId": "main",
			"upd": {
				"StackObjectsCount": 60
			}
		},
		{
			"_id": "I59618242734933212cBX6Gz",
			"_tpl": "59e4d24686f7741776641ac7",
			"parentId": "I59618241636103793GY5ZuO",
			"slotId": "main",
			"upd": {
				"StackObjectsCount": 60
			}
		},
		{
			"_id": "I59618249772425643AGBBhg",
			"_tpl": "5b1fd4e35acfc40018633c39",
			"parentId": "I59618245878893804w8XKFW",
			"slotId": "3",
			"location": {
				"x": 0,
				"y": 0,
				"r": "Horizontal"
			}
		},
		{
			"_id": "I59618244735454975XgBsNA",
			"_tpl": "59e4cf5286f7741778269d8a",
			"parentId": "I59618249772425643AGBBhg",
			"slotId": "cartridges",
			"upd": {
				"StackObjectsCount": 10
			}
		},
		{
			"_id": "I596182481782205840VVhcT",
			"_tpl": "544fb37f4bdc2dee738b4567",
			"parentId": "I59618245878893804w8XKFW",
			"slotId": "5"
		},
		{
			"_id": "I59618248397996705djbLWr",
			"_tpl": "5b1fd4e35acfc40018633c39",
			"parentId": "I59618245878893804w8XKFW",
			"slotId": "6",
			"location": {
				"x": 0,
				"y": 0,
				"r": "Horizontal"
			}
		},
		{
			"_id": "I59618248736196975cmilJb",
			"_tpl": "59e4cf5286f7741778269d8a",
			"parentId": "I59618248397996705djbLWr",
			"slotId": "cartridges",
			"upd": {
				"StackObjectsCount": 10
			}
		},
		{
			"_id": "I59618241893072090jGvCd6",
			"_tpl": "59e0d99486f7744a32234762",
			"parentId": "I59618245878893804w8XKFW",
			"slotId": "1",
			"upd": {
				"StackObjectsCount": 43
			}
		},
		{
			"_id": "I596182431324402276XclF2",
			"_tpl": "5656d7c34bdc2d9d198b4587",
			"parentId": "I59618245878893804w8XKFW",
			"slotId": "8",
			"upd": {
				"StackObjectsCount": 24
			}
		},
		{
			"_id": "I59618246923382310dqMoqy",
			"_tpl": "5bffdc370db834001d23eca8",
			"parentId": "5c6687d65e9d882c8841f0fd",
			"slotId": "Scabbard"
		},
		{
			"_id": "I59618249130681345iMf85u",
			"_tpl": "59e7708286f7742cbd762753",
			"parentId": "5c6687d65e9d882c8841f0fd",
			"slotId": "Headwear"
		},
		{
			"_id": "I596182483466430628Cg4XX",
			"_tpl": "5b4326435acfc433000ed01d",
			"parentId": "5c6687d65e9d882c8841f0fd",
			"slotId": "FaceCover"
		},
		{
			"_id": "I59618246820891286sefW9Y",
			"_tpl": "5ab8f04f86f774585f4237d8",
			"parentId": "5c6687d65e9d882c8841f0fd",
			"slotId": "Backpack"
		},
		{
			"_id": "I59618241886719349RF95CR",
			"_tpl": "5780d0532459777a5108b9a2",
			"parentId": "I59618246820891286sefW9Y",
			"slotId": "main",
			"location": {
				"x": 0,
				"y": 0,
				"r": "Horizontal"
			}
		},
		{
			"_id": "I59618247082868769Yzv9Jq",
			"_tpl": "57513f07245977207e26a311",
			"parentId": "I59618246820891286sefW9Y",
			"slotId": "main",
			"location": {
				"x": 1,
				"y": 0,
				"r": "Horizontal"
			}
		},
		{
			"_id": "I59618243825710814vHzXYC",
			"_tpl": "590a3c0a86f774385a33c450",
			"parentId": "5c6687d65e9d882c8841f121",
			"slotId": "pocket1",
			"location": {
				"x": 0,
				"y": 0,
				"r": "Horizontal"
			},
			"upd": {
				"SpawnedInSession": true
			}
		},
		{
			"_id": "I59618246253574737HHoHTM",
			"_tpl": "590c2d8786f774245b1f03f3",
			"parentId": "5c6687d65e9d882c8841f121",
			"slotId": "pocket2",
			"location": {
				"x": 0,
				"y": 0,
				"r": "Horizontal"
			},
			"upd": {
				"SpawnedInSession": true
			}
		}
	],
	"equipment": "5c6687d65e9d882c8841f0fd",
	"stash": "5c6687d65e9d882c8841f0fc",
	"questRaidItems": "5c6687d65e9d882c8841f0fe",
	"questStashItems": "5c6687d65e9d882c8841f0ff",
	"fastPanel": {}
}