{
	"items": [
		{
			"_id": "5c6687d65e9d882c8841f0fd",
			"_tpl": "55d7217a4bdc2d86028b456d"
		},
		{
			"_id": "5c6687d65e9d882c8841f121",
			"_tpl": "557ffd194bdc2d28148b457f",
			"parentId": "5c6687d65e9d882c8841f0fd",
			"slotId": "Pockets"
		},
		{
			"_id": "5c6687d65e9d882c8841f0fc",
			"_tpl": "566abbc34bdc2d92178b4576"
		},
		{
			"_id": "5c6687d65e9d882c8841f0ff",
			"_tpl": "5963866b86f7747bfa1c4462"
		},
		{
			"_id": "5c6687d65e9d882c8841f0fe",
			"_tpl": "5963866286f7747bf429b572"
		},
		{
			"_id": "I59618247212230134vN9Cp3",
			"_tpl": "5929a2a086f7744f4b234d43",
			"parentId": "5c6687d65e9d882c8841f0fd",
			"slotId": "TacticalVest"
		},
		{
			"_id": "I21006442420799264fjzaqP",
			"_tpl": "57c44b372459772d2b39b8ce",
			"parentId": "5c6687d65e9d882c8841f0fd",
			"slotId": "FirstPrimaryWeapon",
			"upd": {
				"Repairable": {
					"MaxDurability": 100,
					"Durability": 100
				}
			}
		},
		{
			"_id": "I21006443676203686AWZCMM",
			"_tpl": "57c44dd02459772d2e0ae249",
			"parentId": "I21006442420799264fjzaqP",
			"slotId": "mod_muzzle"
		},
		{
			"_id": "I21006449791668513ioeKAe",
			"_tpl": "57c44f4f2459772d2c627113",
			"parentId": "I21006442420799264fjzaqP",
			"slotId": "mod_reciever"
		},
		{
			"_id": "I59618242286991868h1YlRI",
			"_tpl": "57838f0b2459774a256959b2",
			"parentId": "I21006442420799264fjzaqP",
			"slotId": "mod_magazine"
		},
		{
			"_id": "I59618246822728999Ljl50e",
			"_tpl": "5c0d668f86f7747ccb7f13b2",
			"parentId": "I59618242286991868h1YlRI",
			"slotId": "cartridges",
			"upd": {
				"StackObjectsCount": 10
			}
		},
		{
			"_id": "I210064493204083724NeJFH",
			"_tpl": "57c44fa82459772d2d75e415",
			"parentId": "I21006442420799264fjzaqP",
			"slotId": "mod_pistol_grip"
		},
		{
			"_id": "I21006449938217971Rju6mT",
			"_tpl": "57c450252459772d28133253",
			"parentId": "I21006442420799264fjzaqP",
			"slotId": "mod_stock"
		},
		{
			"_id": "I21006447533005487elvQPs",
			"_tpl": "57c44e7b2459772d28133248",
			"parentId": "I21006443676203686AWZCMM",
			"slotId": "mod_sight_rear",
			"upd": {
				"Sight": {
					"SelectedSightMode": 0
				}
			}
		},
		{
			"_id": "I59618241691348713ICRmEu",
			"_tpl": "5857a8bc2459772bad15db29",
			"parentId": "5c6687d65e9d882c8841f0fd",
			"slotId": "SecuredContainer"
		},
		{
			"_id": "I59618241298572464ns32tl",
			"_tpl": "57a0dfb82459774d3078b56c",
			"parentId": "I59618241691348713ICRmEu",
			"slotId": "main",
			"upd": {
				"StackObjectsCount": 60
			}
		},
		{
			"_id": "I5961824858739432500NVCu",
			"_tpl": "57a0dfb82459774d3078b56c",
			"parentId": "I59618241691348713ICRmEu",
			"slotId": "main",
			"upd": {
				"StackObjectsCount": 60
			}
		},
		{
			"_id": "I59618245437085157ojrw1S",
			"_tpl": "57a0e5022459774d1673f889",
			"parentId": "I59618241691348713ICRmEu",
			"slotId": "main",
			"upd": {
				"StackObjectsCount": 60
			}
		},
		{
			"_id": "I59618245092125369PflzEP",
			"_tpl": "57a0dfb82459774d3078b56c",
			"parentId": "I59618241691348713ICRmEu",
			"slotId": "main",
			"upd": {
				"StackObjectsCount": 60
			}
		},
		{
			"_id": "I59618249659091367umD9eB",
			"_tpl": "57a0e5022459774d1673f889",
			"parentId": "I59618241691348713ICRmEu",
			"slotId": "main",
			"upd": {
				"StackObjectsCount": 60
			}
		},
		{
			"_id": "I59618249027594315J0Ykq4",
			"_tpl": "5c0d668f86f7747ccb7f13b2",
			"parentId": "I59618241691348713ICRmEu",
			"slotId": "main",
			"upd": {
				"StackObjectsCount": 60
			}
		},
		{
			"_id": "I59618247326063479kCWlNo",
			"_tpl": "5c0d668f86f7747ccb7f13b2",
			"parentId": "I59618241691348713ICRmEu",
			"slotId": "main",
			"upd": {
				"StackObjectsCount": 60
			}
		},
		{
			"_id": "I596182426380554305Voi1d",
			"_tpl": "5c0d668f86f7747ccb7f13b2",
			"parentId": "I59618241691348713ICRmEu",
			"slotId": "main",
			"upd": {
				"StackObjectsCount": 60
			}
		},
		{
			"_id": "I59618249072761200aF09i6",
			"_tpl": "57a0dfb82459774d3078b56c",
			"parentId": "I59618241691348713ICRmEu",
			"slotId": "main",
			"upd": {
				"StackObjectsCount": 60
			}
		},
		{
			"_id": "I59618247397210369bGiIoT",
			"_tpl": "57838f0b2459774a256959b2",
			"parentId": "I59618247212230134vN9Cp3",
			"slotId": "3",
			"location": {
				"x": 0,
				"y": 0,
				"r": "Horizontal"
			}
		},
		{
			"_id": "I5961824538274513191IbfP",
			"_tpl": "57a0dfb82459774d3078b56c",
			"parentId": "I59618247397210369bGiIoT",
			"slotId": "cartridges",
			"upd": {
				"StackObjectsCount": 10
			}
		},
		{
			"_id": "I59618244447171080oZ1JUU",
			"_tpl": "57838f0b2459774a256959b2",
			"parentId": "I59618247212230134vN9Cp3",
			"slotId": "3",
			"location": {
				"x": 0,
				"y": 1,
				"r": "Horizontal"
			}
		},
		{
			"_id": "I59618247049306867J2nC1Q",
			"_tpl": "57a0dfb82459774d3078b56c",
			"parentId": "I59618244447171080oZ1JUU",
			"slotId": "cartridges",
			"upd": {
				"StackObjectsCount": 10
			}
		},
		{
			"_id": "I59618243829538074dQUOig",
			"_tpl": "57838f0b2459774a256959b2",
			"parentId": "I59618247212230134vN9Cp3",
			"slotId": "5",
			"location": {
				"x": 0,
				"y": 0,
				"r": "Horizontal"
			}
		},
		{
			"_id": "I59618241886043135TcSJv9",
			"_tpl": "5c0d688c86f77413ae3407b2",
			"parentId": "I59618243829538074dQUOig",
			"slotId": "cartridges",
			"upd": {
				"StackObjectsCount": 10
			}
		},
		{
			"_id": "I59618249409038017RRJBQw",
			"_tpl": "57838f0b2459774a256959b2",
			"parentId": "I59618247212230134vN9Cp3",
			"slotId": "5",
			"location": {
				"x": 0,
				"y": 1,
				"r": "Horizontal"
			}
		},
		{
			"_id": "I59618246798764397TMHb2l",
			"_tpl": "57a0e5022459774d1673f889",
			"parentId": "I59618249409038017RRJBQw",
			"slotId": "cartridges",
			"upd": {
				"StackObjectsCount": 10
			}
		},
		{
			"_id": "I59618249996217254r31VJw",
			"_tpl": "57a0e5022459774d1673f889",
			"parentId": "I59618247212230134vN9Cp3",
			"slotId": "2",
			"upd": {
				"StackObjectsCount": 23
			}
		},
		{
			"_id": "I59618241333078079lR7Z8D",
			"_tpl": "5c0d668f86f7747ccb7f13b2",
			"parentId": "I59618247212230134vN9Cp3",
			"slotId": "8",
			"upd": {
				"StackObjectsCount": 12
			}
		},
		{
			"_id": "I59618249375950277ONrde8",
			"_tpl": "57e26ea924597715ca604a09",
			"parentId": "5c6687d65e9d882c8841f0fd",
			"slotId": "Scabbard"
		},
		{
			"_id": "I59618246628248861P2kjwp",
			"_tpl": "5b432be65acfc433000ed01f",
			"parentId": "5c6687d65e9d882c8841f0fd",
			"slotId": "Eyewear"
		},
		{
			"_id": "I59618242495442225t3ZX0P",
			"_tpl": "5bd06f5d86f77427101ad47c",
			"parentId": "5c6687d65e9d882c8841f0fd",
			"slotId": "FaceCover"
		},
		{
			"_id": "I59618247411168240ihgWjh",
			"_tpl": "544a5cde4bdc2d39388b456b",
			"parentId": "5c6687d65e9d882c8841f0fd",
			"slotId": "Backpack"
		},
		{
			"_id": "I596182441020142858LVVY5",
			"_tpl": "59e35abd86f7741778269d82",
			"parentId": "I59618247411168240ihgWjh",
			"slotId": "main",
			"location": {
				"x": 0,
				"y": 0,
				"r": "Horizontal"
			}
		},
		{
			"_id": "I59618248410994413ct6D1R",
			"_tpl": "59faf98186f774067b6be103",
			"parentId": "I59618247411168240ihgWjh",
			"slotId": "main",
			"location": {
				"x": 0,
				"y": 1,
				"r": "Horizontal"
			}
		},
		{
			"_id": "I59618246478470486i5NNtq",
			"_tpl": "5734773724597737fd047c14",
			"parentId": "I59618247411168240ihgWjh",
			"slotId": "main",
			"location": {
				"x": 0,
				"y": 3,
				"r": "Horizontal"
			}
		},
		{
			"_id": "I59618242591624435siiWe1",
			"_tpl": "5c13cd2486f774072c757944",
			"parentId": "I59618247411168240ihgWjh",
			"slotId": "main",
			"location": {
				"x": 1,
				"y": 0,
				"r": "Horizontal"
			}
		},
		{
			"_id": "I59618244193511897OoJZP4",
			"_tpl": "5672cb124bdc2d1a0f8b4568",
			"parentId": "I59618247411168240ihgWjh",
			"slotId": "main",
			"location": {
				"x": 1,
				"y": 1,
				"r": "Horizontal"
			}
		},
		{
			"_id": "I59618245065710723jTcCzG",
			"_tpl": "59e361e886f774176c10a2a5",
			"parentId": "5c6687d65e9d882c8841f121",
			"slotId": "pocket1",
			"location": {
				"x": 0,
				"y": 0,
				"r": "Horizontal"
			},
			"upd": {
				"SpawnedInSession": true
			}
		},
		{
			"_id": "I59618246871010174nRgIz5",
			"_tpl": "5af04b6486f774195a3ebb49",
			"parentId": "5c6687d65e9d882c8841f121",
			"slotId": "pocket2",
			"location": {
				"x": 0,
				"y": 0,
				"r": "Horizontal"
			},
			"upd": {
				"SpawnedInSession": true
			}
		}
	],
	"equipment": "5c6687d65e9d882c8841f0fd",
	"stash": "5c6687d65e9d882c8841f0fc",
	"questRaidItems": "5c6687d65e9d882c8841f0fe",
	"questStashItems": "5c6687d65e9d882c8841f0ff",
	"fastPanel": {}
}