{
	"items": [
		{
			"_id": "5c6687d65e9d882c8841f0fd",
			"_tpl": "55d7217a4bdc2d86028b456d"
		},
		{
			"_id": "5c6687d65e9d882c8841f121",
			"_tpl": "557ffd194bdc2d28148b457f",
			"parentId": "5c6687d65e9d882c8841f0fd",
			"slotId": "Pockets"
		},
		{
			"_id": "5c6687d65e9d882c8841f0fc",
			"_tpl": "566abbc34bdc2d92178b4576"
		},
		{
			"_id": "5c6687d65e9d882c8841f0ff",
			"_tpl": "5963866b86f7747bfa1c4462"
		},
		{
			"_id": "5c6687d65e9d882c8841f0fe",
			"_tpl": "5963866286f7747bf429b572"
		},
		{
			"_id": "I59618241547012247YYRzFH",
			"_tpl": "5648a69d4bdc2ded0b8b457b",
			"parentId": "5c6687d65e9d882c8841f0fd",
			"slotId": "TacticalVest"
		},
		{
			"_id": "I331025136497950874p6Qtu",
			"_tpl": "59d6088586f774275f37482f",
			"parentId": "5c6687d65e9d882c8841f0fd",
			"slotId": "FirstPrimaryWeapon",
			"upd": {
				"Repairable": {
					"MaxDurability": 100,
					"Durability": 100
				}
			}
		},
		{
			"_id": "I331025131155890004PGGVu",
			"_tpl": "59d64ec286f774171d1e0a42",
			"parentId": "I331025136497950874p6Qtu",
			"slotId": "mod_gas_block"
		},
		{
			"_id": "I331025132431303768wLBut",
			"_tpl": "59d64fc686f774171b243fe2",
			"parentId": "I331025136497950874p6Qtu",
			"slotId": "mod_muzzle"
		},
		{
			"_id": "I331025135897016229pLOBe",
			"_tpl": "59e62cc886f77440d40b52a1",
			"parentId": "I331025136497950874p6Qtu",
			"slotId": "mod_pistol_grip"
		},
		{
			"_id": "I3310251389087471193nWGz",
			"_tpl": "59d6507c86f7741b846413a2",
			"parentId": "I331025136497950874p6Qtu",
			"slotId": "mod_reciever"
		},
		{
			"_id": "I331025137009763301XP9S7",
			"_tpl": "59d650cf86f7741b846413a4",
			"parentId": "I331025136497950874p6Qtu",
			"slotId": "mod_sight_rear",
			"upd": {
				"Sight": {
					"SelectedSightMode": 0
				}
			}
		},
		{
			"_id": "I596182470925325366Rb4DZ",
			"_tpl": "59fafc5086f7740dbe19f6c3",
			"parentId": "I331025136497950874p6Qtu",
			"slotId": "mod_magazine"
		},
		{
			"_id": "I59618249483044534ULp0Ic",
			"_tpl": "59e4d3d286f774176a36250a",
			"parentId": "I596182470925325366Rb4DZ",
			"slotId": "cartridges",
			"upd": {
				"StackObjectsCount": 30
			}
		},
		{
			"_id": "I331025134185248693M0cHJ",
			"_tpl": "59d64f2f86f77417193ef8b3",
			"parentId": "I331025131155890004PGGVu",
			"slotId": "mod_handguard"
		},
		{
			"_id": "I5961824973534414131vES5",
			"_tpl": "5857a8bc2459772bad15db29",
			"parentId": "5c6687d65e9d882c8841f0fd",
			"slotId": "SecuredContainer"
		},
		{
			"_id": "I596182420103469321uaGt3",
			"_tpl": "5656d7c34bdc2d9d198b4587",
			"parentId": "I5961824973534414131vES5",
			"slotId": "main",
			"upd": {
				"StackObjectsCount": 60
			}
		},
		{
			"_id": "I596182427941670361YSzYL",
			"_tpl": "59e4d3d286f774176a36250a",
			"parentId": "I5961824973534414131vES5",
			"slotId": "main",
			"upd": {
				"StackObjectsCount": 60
			}
		},
		{
			"_id": "I59618248610565213Zyc7VE",
			"_tpl": "59e0d99486f7744a32234762",
			"parentId": "I5961824973534414131vES5",
			"slotId": "main",
			"upd": {
				"StackObjectsCount": 60
			}
		},
		{
			"_id": "I59618241913839871UdJjtn",
			"_tpl": "5656d7c34bdc2d9d198b4587",
			"parentId": "I5961824973534414131vES5",
			"slotId": "main",
			"upd": {
				"StackObjectsCount": 60
			}
		},
		{
			"_id": "I59618248587259406tMCtM1",
			"_tpl": "59e0d99486f7744a32234762",
			"parentId": "I5961824973534414131vES5",
			"slotId": "main",
			"upd": {
				"StackObjectsCount": 60
			}
		},
		{
			"_id": "I59618247725408678TZr7Sr",
			"_tpl": "59e4d3d286f774176a36250a",
			"parentId": "I5961824973534414131vES5",
			"slotId": "main",
			"upd": {
				"StackObjectsCount": 60
			}
		},
		{
			"_id": "I59618243888587647Lo99OO",
			"_tpl": "59e0d99486f7744a32234762",
			"parentId": "I5961824973534414131vES5",
			"slotId": "main",
			"upd": {
				"StackObjectsCount": 60
			}
		},
		{
			"_id": "I59618244667797872RjvV1R",
			"_tpl": "59e4d3d286f774176a36250a",
			"parentId": "I5961824973534414131vES5",
			"slotId": "main",
			"upd": {
				"StackObjectsCount": 60
			}
		},
		{
			"_id": "I596182413015941058WBRv2",
			"_tpl": "59e4d3d286f774176a36250a",
			"parentId": "I5961824973534414131vES5",
			"slotId": "main",
			"upd": {
				"StackObjectsCount": 60
			}
		},
		{
			"_id": "I5961824926351059693SqEm",
			"_tpl": "5ac66bea5acfc43b321d4aec",
			"parentId": "I59618241547012247YYRzFH",
			"slotId": "1",
			"location": {
				"x": 0,
				"y": 0,
				"r": "Horizontal"
			}
		},
		{
			"_id": "I59618247757289659EioIZn",
			"_tpl": "59e0d99486f7744a32234762",
			"parentId": "I5961824926351059693SqEm",
			"slotId": "cartridges",
			"upd": {
				"StackObjectsCount": 30
			}
		},
		{
			"_id": "I59618242241598236oSM1gV",
			"_tpl": "5ac66bea5acfc43b321d4aec",
			"parentId": "I59618241547012247YYRzFH",
			"slotId": "10",
			"location": {
				"x": 0,
				"y": 0,
				"r": "Horizontal"
			}
		},
		{
			"_id": "I59618241741560805vMPZIH",
			"_tpl": "5656d7c34bdc2d9d198b4587",
			"parentId": "I59618242241598236oSM1gV",
			"slotId": "cartridges",
			"upd": {
				"StackObjectsCount": 30
			}
		},
		{
			"_id": "I59618249614037269BxwAwJ",
			"_tpl": "5ac66bea5acfc43b321d4aec",
			"parentId": "I59618241547012247YYRzFH",
			"slotId": "5",
			"location": {
				"x": 1,
				"y": 0,
				"r": "Horizontal"
			}
		},
		{
			"_id": "I59618247961205886gdxijP",
			"_tpl": "59e4d3d286f774176a36250a",
			"parentId": "I59618249614037269BxwAwJ",
			"slotId": "cartridges",
			"upd": {
				"StackObjectsCount": 30
			}
		},
		{
			"_id": "I59618247452986350es5hSu",
			"_tpl": "59e4d3d286f774176a36250a",
			"parentId": "I59618241547012247YYRzFH",
			"slotId": "6",
			"upd": {
				"StackObjectsCount": 43
			}
		},
		{
			"_id": "I59618241585404477BTf9bu",
			"_tpl": "59e0d99486f7744a32234762",
			"parentId": "I59618241547012247YYRzFH",
			"slotId": "8",
			"upd": {
				"StackObjectsCount": 41
			}
		},
		{
			"_id": "I59618244369214598PIRTtO",
			"_tpl": "57e26fc7245977162a14b800",
			"parentId": "5c6687d65e9d882c8841f0fd",
			"slotId": "Scabbard"
		},
		{
			"_id": "I59618241848889364zEc8Qm",
			"_tpl": "572b7d8524597762b472f9d1",
			"parentId": "5c6687d65e9d882c8841f0fd",
			"slotId": "Headwear"
		},
		{
			"_id": "I59618243744052221yjOayo",
			"_tpl": "5aa2b9aee5b5b00015693121",
			"parentId": "5c6687d65e9d882c8841f0fd",
			"slotId": "Eyewear"
		},
		{
			"_id": "I59618243047818397ewFdaF",
			"_tpl": "5bd0716d86f774171822ef4b",
			"parentId": "5c6687d65e9d882c8841f0fd",
			"slotId": "FaceCover"
		},
		{
			"_id": "I596182432534584789ODRNQ",
			"_tpl": "56e33680d2720be2748b4576",
			"parentId": "5c6687d65e9d882c8841f0fd",
			"slotId": "Backpack"
		},
		{
			"_id": "I59618249515498596cr1xVB",
			"_tpl": "5780cf9e2459777df90dcb73",
			"parentId": "I596182432534584789ODRNQ",
			"slotId": "main",
			"location": {
				"x": 0,
				"y": 0,
				"r": "Horizontal"
			}
		},
		{
			"_id": "I59618246946969259eTmMtV",
			"_tpl": "5d63d33b86f7746ea9275524",
			"parentId": "I596182432534584789ODRNQ",
			"slotId": "main",
			"location": {
				"x": 0,
				"y": 1,
				"r": "Horizontal"
			}
		},
		{
			"_id": "I59618241552904661ZBjAXx",
			"_tpl": "5672cb124bdc2d1a0f8b4568",
			"parentId": "I596182432534584789ODRNQ",
			"slotId": "main",
			"location": {
				"x": 0,
				"y": 2,
				"r": "Horizontal"
			}
		},
		{
			"_id": "I59618245784807483jJobZg",
			"_tpl": "590a373286f774287540368b",
			"parentId": "I596182432534584789ODRNQ",
			"slotId": "main",
			"location": {
				"x": 1,
				"y": 0,
				"r": "Horizontal"
			}
		},
		{
			"_id": "I59618242404618131rk59Sn",
			"_tpl": "59e7635f86f7742cbf2c1095",
			"parentId": "5c6687d65e9d882c8841f0fd",
			"slotId": "ArmorVest",
			"upd": {
				"Repairable": {
					"MaxDurability": 40,
					"Durability": 30
				}
			}
		},
		{
			"_id": "I596182493671279851xxoiZ",
			"_tpl": "573477e124597737dd42e191",
			"parentId": "5c6687d65e9d882c8841f121",
			"slotId": "pocket1",
			"location": {
				"x": 0,
				"y": 0,
				"r": "Horizontal"
			},
			"upd": {
				"SpawnedInSession": true
			}
		}
	],
	"equipment": "5c6687d65e9d882c8841f0fd",
	"stash": "5c6687d65e9d882c8841f0fc",
	"questRaidItems": "5c6687d65e9d882c8841f0fe",
	"questStashItems": "5c6687d65e9d882c8841f0ff",
	"fastPanel": {}
}