{
	"items": [
		{
			"_id": "5c6687d65e9d882c8841f0fd",
			"_tpl": "55d7217a4bdc2d86028b456d"
		},
		{
			"_id": "5c6687d65e9d882c8841f121",
			"_tpl": "557ffd194bdc2d28148b457f",
			"parentId": "5c6687d65e9d882c8841f0fd",
			"slotId": "Pockets"
		},
		{
			"_id": "5c6687d65e9d882c8841f0fc",
			"_tpl": "566abbc34bdc2d92178b4576"
		},
		{
			"_id": "5c6687d65e9d882c8841f0ff",
			"_tpl": "5963866b86f7747bfa1c4462"
		},
		{
			"_id": "5c6687d65e9d882c8841f0fe",
			"_tpl": "5963866286f7747bf429b572"
		},
		{
			"_id": "I59618243314898505sVOQUM",
			"_tpl": "5d5d8ca986f7742798716522",
			"parentId": "5c6687d65e9d882c8841f0fd",
			"slotId": "TacticalVest"
		},
		{
			"_id": "I3310355096178781149ZRwr",
			"_tpl": "59f9cabd86f7743a10721f46",
			"parentId": "5c6687d65e9d882c8841f0fd",
			"slotId": "FirstPrimaryWeapon",
			"upd": {
				"Repairable": {
					"MaxDurability": 100,
					"Durability": 100
				}
			}
		},
		{
			"_id": "I331035508611683930fmOFD",
			"_tpl": "5998517986f7746017232f7e",
			"parentId": "I3310355096178781149ZRwr",
			"slotId": "mod_pistol_grip"
		},
		{
			"_id": "I331035509380226219vDx1H",
			"_tpl": "599851db86f77467372f0a18",
			"parentId": "I3310355096178781149ZRwr",
			"slotId": "mod_stock"
		},
		{
			"_id": "I59618242580772098F7UljP",
			"_tpl": "599860ac86f77436b225ed1a",
			"parentId": "I3310355096178781149ZRwr",
			"slotId": "mod_magazine"
		},
		{
			"_id": "I59618248810182864CLCNXE",
			"_tpl": "5c3df7d588a4501f290594e5",
			"parentId": "I59618242580772098F7UljP",
			"slotId": "cartridges",
			"upd": {
				"StackObjectsCount": 30
			}
		},
		{
			"_id": "I331035507428459375s690Q",
			"_tpl": "5998598e86f7740b3f498a86",
			"parentId": "I3310355096178781149ZRwr",
			"slotId": "mod_muzzle"
		},
		{
			"_id": "I331035507865670097PK7Ub",
			"_tpl": "599860e986f7743bb57573a6",
			"parentId": "I3310355096178781149ZRwr",
			"slotId": "mod_sight_rear",
			"upd": {
				"Sight": {
					"SelectedSightMode": 0
				}
			}
		},
		{
			"_id": "I331035501494160705U2j5a",
			"_tpl": "59ccd11386f77428f24a488f",
			"parentId": "I3310355096178781149ZRwr",
			"slotId": "mod_gas_block"
		},
		{
			"_id": "I331035502762426642iw0GQ",
			"_tpl": "5648b1504bdc2d9d488b4584",
			"parentId": "I331035501494160705U2j5a",
			"slotId": "mod_handguard"
		},
		{
			"_id": "I59618246682130599zqOTT5",
			"_tpl": "5857a8bc2459772bad15db29",
			"parentId": "5c6687d65e9d882c8841f0fd",
			"slotId": "SecuredContainer"
		},
		{
			"_id": "I59618244980363879XgzvXS",
			"_tpl": "5c925fa22e221601da359b7b",
			"parentId": "I59618246682130599zqOTT5",
			"slotId": "main",
			"upd": {
				"StackObjectsCount": 60
			}
		},
		{
			"_id": "I59618246210761346Z1SdpZ",
			"_tpl": "58864a4f2459770fcc257101",
			"parentId": "I59618246682130599zqOTT5",
			"slotId": "main",
			"upd": {
				"StackObjectsCount": 60
			}
		},
		{
			"_id": "I596182461460224632fEMDD",
			"_tpl": "56d59d3ad2720bdb418b4577",
			"parentId": "I59618246682130599zqOTT5",
			"slotId": "main",
			"upd": {
				"StackObjectsCount": 60
			}
		},
		{
			"_id": "I59618249642218857L8ebMo",
			"_tpl": "58864a4f2459770fcc257101",
			"parentId": "I59618246682130599zqOTT5",
			"slotId": "main",
			"upd": {
				"StackObjectsCount": 60
			}
		},
		{
			"_id": "I596182489017344571mOGIz",
			"_tpl": "5c3df7d588a4501f290594e5",
			"parentId": "I59618246682130599zqOTT5",
			"slotId": "main",
			"upd": {
				"StackObjectsCount": 60
			}
		},
		{
			"_id": "I59618245232322185ohJZ62",
			"_tpl": "5c925fa22e221601da359b7b",
			"parentId": "I59618246682130599zqOTT5",
			"slotId": "main",
			"upd": {
				"StackObjectsCount": 60
			}
		},
		{
			"_id": "I59618242913706562Iy7iIZ",
			"_tpl": "5c3df7d588a4501f290594e5",
			"parentId": "I59618246682130599zqOTT5",
			"slotId": "main",
			"upd": {
				"StackObjectsCount": 60
			}
		},
		{
			"_id": "I59618243175537082mKJU7N",
			"_tpl": "5a3c16fe86f77452b62de32a",
			"parentId": "I59618246682130599zqOTT5",
			"slotId": "main",
			"upd": {
				"StackObjectsCount": 60
			}
		},
		{
			"_id": "I59618244705547602zWdJg2",
			"_tpl": "5c0d56a986f774449d5de529",
			"parentId": "I59618246682130599zqOTT5",
			"slotId": "main",
			"upd": {
				"StackObjectsCount": 60
			}
		},
		{
			"_id": "I59618248472586567ybZRos",
			"_tpl": "5c0673fb0db8340023300271",
			"parentId": "I59618243314898505sVOQUM",
			"slotId": "2",
			"location": {
				"x": 0,
				"y": 0,
				"r": "Horizontal"
			}
		},
		{
			"_id": "I59618248763595796XpsKVV",
			"_tpl": "5c0d56a986f774449d5de529",
			"parentId": "I59618248472586567ybZRos",
			"slotId": "cartridges",
			"upd": {
				"StackObjectsCount": 20
			}
		},
		{
			"_id": "I596182435778877872GZmOe",
			"_tpl": "5c0673fb0db8340023300271",
			"parentId": "I59618243314898505sVOQUM",
			"slotId": "1",
			"location": {
				"x": 0,
				"y": 0,
				"r": "Horizontal"
			}
		},
		{
			"_id": "I59618249616963076GYrCgV",
			"_tpl": "5a3c16fe86f77452b62de32a",
			"parentId": "I596182435778877872GZmOe",
			"slotId": "cartridges",
			"upd": {
				"StackObjectsCount": 20
			}
		},
		{
			"_id": "I59618245455413623UMf6yB",
			"_tpl": "57e26ea924597715ca604a09",
			"parentId": "5c6687d65e9d882c8841f0fd",
			"slotId": "Scabbard"
		},
		{
			"_id": "I59618247694355204FG3VSG",
			"_tpl": "5aa2a7e8e5b5b00016327c16",
			"parentId": "5c6687d65e9d882c8841f0fd",
			"slotId": "Headwear"
		},
		{
			"_id": "I5961824749313962882uYkj",
			"_tpl": "59e366c186f7741778269d85",
			"parentId": "5c6687d65e9d882c8841f121",
			"slotId": "pocket1",
			"location": {
				"x": 0,
				"y": 0,
				"r": "Horizontal"
			},
			"upd": {
				"SpawnedInSession": true
			}
		}
	],
	"equipment": "5c6687d65e9d882c8841f0fd",
	"stash": "5c6687d65e9d882c8841f0fc",
	"questRaidItems": "5c6687d65e9d882c8841f0fe",
	"questStashItems": "5c6687d65e9d882c8841f0ff",
	"fastPanel": {}
}