{
	"items": [
		{
			"_id": "5c6687d65e9d882c8841f0fd",
			"_tpl": "55d7217a4bdc2d86028b456d"
		},
		{
			"_id": "5c6687d65e9d882c8841f121",
			"_tpl": "557ffd194bdc2d28148b457f",
			"parentId": "5c6687d65e9d882c8841f0fd",
			"slotId": "Pockets"
		},
		{
			"_id": "5c6687d65e9d882c8841f0fc",
			"_tpl": "566abbc34bdc2d92178b4576"
		},
		{
			"_id": "5c6687d65e9d882c8841f0ff",
			"_tpl": "5963866b86f7747bfa1c4462"
		},
		{
			"_id": "5c6687d65e9d882c8841f0fe",
			"_tpl": "5963866286f7747bf429b572"
		},
		{
			"_id": "I59618243808442115yg3AnO",
			"_tpl": "5648a69d4bdc2ded0b8b457b",
			"parentId": "5c6687d65e9d882c8841f0fd",
			"slotId": "TacticalVest"
		},
		{
			"_id": "I21005151967199490JSvBCm",
			"_tpl": "59e6687d86f77411d949b251",
			"parentId": "5c6687d65e9d882c8841f0fd",
			"slotId": "FirstPrimaryWeapon",
			"upd": {
				"Repairable": {
					"MaxDurability": 100,
					"Durability": 100
				}
			}
		},
		{
			"_id": "I21005153516478352Ihye2k",
			"_tpl": "59e649f986f77411d949b246",
			"parentId": "I21005151967199490JSvBCm",
			"slotId": "mod_gas_block"
		},
		{
			"_id": "I21005154236994071r1p45D",
			"_tpl": "59e8a00d86f7742ad93b569c",
			"parentId": "I21005151967199490JSvBCm",
			"slotId": "mod_muzzle"
		},
		{
			"_id": "I21005151920446131av6Lrx",
			"_tpl": "59e6318286f77444dd62c4cc",
			"parentId": "I21005151967199490JSvBCm",
			"slotId": "mod_pistol_grip"
		},
		{
			"_id": "I21005152475577928328yUb",
			"_tpl": "59e6449086f7746c9f75e822",
			"parentId": "I21005151967199490JSvBCm",
			"slotId": "mod_reciever"
		},
		{
			"_id": "I21005154864426870IkrnR5",
			"_tpl": "59e8977386f77415a553c453",
			"parentId": "I21005151967199490JSvBCm",
			"slotId": "mod_sight_rear",
			"upd": {
				"Sight": {
					"SelectedSightMode": 0
				}
			}
		},
		{
			"_id": "I21005152582447032WNy9hG",
			"_tpl": "59e89d0986f77427600d226e",
			"parentId": "I21005151967199490JSvBCm",
			"slotId": "mod_stock"
		},
		{
			"_id": "I59618245371055420R64QNL",
			"_tpl": "59e5d83b86f7745aed03d262",
			"parentId": "I21005151967199490JSvBCm",
			"slotId": "mod_magazine"
		},
		{
			"_id": "I59618243108316277Xv49iG",
			"_tpl": "59e655cb86f77411dc52a77b",
			"parentId": "I59618245371055420R64QNL",
			"slotId": "cartridges",
			"upd": {
				"StackObjectsCount": 10
			}
		},
		{
			"_id": "I21005159447480616c29Fc2",
			"_tpl": "59e898ee86f77427614bd225",
			"parentId": "I21005153516478352Ihye2k",
			"slotId": "mod_handguard"
		},
		{
			"_id": "I59618241063673803cfHvyG",
			"_tpl": "5857a8bc2459772bad15db29",
			"parentId": "5c6687d65e9d882c8841f0fd",
			"slotId": "SecuredContainer"
		},
		{
			"_id": "I596182458670849084Z6tPL",
			"_tpl": "59e6542b86f77411dc52a77a",
			"parentId": "I59618241063673803cfHvyG",
			"slotId": "main",
			"upd": {
				"StackObjectsCount": 60
			}
		},
		{
			"_id": "I59618246562086059lVNCo0",
			"_tpl": "59e655cb86f77411dc52a77b",
			"parentId": "I59618241063673803cfHvyG",
			"slotId": "main",
			"upd": {
				"StackObjectsCount": 60
			}
		},
		{
			"_id": "I596182435491412230RmXO2",
			"_tpl": "59e655cb86f77411dc52a77b",
			"parentId": "I59618241063673803cfHvyG",
			"slotId": "main",
			"upd": {
				"StackObjectsCount": 60
			}
		},
		{
			"_id": "I59618246628410545Y4AqjC",
			"_tpl": "59e6542b86f77411dc52a77a",
			"parentId": "I59618241063673803cfHvyG",
			"slotId": "main",
			"upd": {
				"StackObjectsCount": 60
			}
		},
		{
			"_id": "I59618243853160982RvwVrH",
			"_tpl": "59e6542b86f77411dc52a77a",
			"parentId": "I59618241063673803cfHvyG",
			"slotId": "main",
			"upd": {
				"StackObjectsCount": 60
			}
		},
		{
			"_id": "I59618247341772154uhDXbE",
			"_tpl": "59e6658b86f77411d949b250",
			"parentId": "I59618241063673803cfHvyG",
			"slotId": "main",
			"upd": {
				"StackObjectsCount": 60
			}
		},
		{
			"_id": "I59618242251188370dQHmr2",
			"_tpl": "59e655cb86f77411dc52a77b",
			"parentId": "I59618241063673803cfHvyG",
			"slotId": "main",
			"upd": {
				"StackObjectsCount": 60
			}
		},
		{
			"_id": "I59618249255262751Kpp58n",
			"_tpl": "59e6542b86f77411dc52a77a",
			"parentId": "I59618241063673803cfHvyG",
			"slotId": "main",
			"upd": {
				"StackObjectsCount": 60
			}
		},
		{
			"_id": "I59618241859223409LeMwd2",
			"_tpl": "59e6658b86f77411d949b250",
			"parentId": "I59618241063673803cfHvyG",
			"slotId": "main",
			"upd": {
				"StackObjectsCount": 60
			}
		},
		{
			"_id": "I59618249358026780amwv8p",
			"_tpl": "59e5d83b86f7745aed03d262",
			"parentId": "I59618243808442115yg3AnO",
			"slotId": "1",
			"location": {
				"x": 0,
				"y": 0,
				"r": "Horizontal"
			}
		},
		{
			"_id": "I59618243664543033aVbLpO",
			"_tpl": "59e6542b86f77411dc52a77a",
			"parentId": "I59618249358026780amwv8p",
			"slotId": "cartridges",
			"upd": {
				"StackObjectsCount": 10
			}
		},
		{
			"_id": "I59618247033256582xdUHjR",
			"_tpl": "59e5d83b86f7745aed03d262",
			"parentId": "I59618243808442115yg3AnO",
			"slotId": "1",
			"location": {
				"x": 0,
				"y": 1,
				"r": "Horizontal"
			}
		},
		{
			"_id": "I59618244828617039DEJtoJ",
			"_tpl": "59e655cb86f77411dc52a77b",
			"parentId": "I59618247033256582xdUHjR",
			"slotId": "cartridges",
			"upd": {
				"StackObjectsCount": 10
			}
		},
		{
			"_id": "I59618247938253720HOIBK0",
			"_tpl": "59e5d83b86f7745aed03d262",
			"parentId": "I59618243808442115yg3AnO",
			"slotId": "4",
			"location": {
				"x": 0,
				"y": 0,
				"r": "Horizontal"
			}
		},
		{
			"_id": "I59618249809833544fL2dTa",
			"_tpl": "59e6542b86f77411dc52a77a",
			"parentId": "I59618247938253720HOIBK0",
			"slotId": "cartridges",
			"upd": {
				"StackObjectsCount": 10
			}
		},
		{
			"_id": "I59618241208255388VifepY",
			"_tpl": "59e5d83b86f7745aed03d262",
			"parentId": "I59618243808442115yg3AnO",
			"slotId": "4",
			"location": {
				"x": 0,
				"y": 1,
				"r": "Horizontal"
			}
		},
		{
			"_id": "I59618248722971403bx7vga",
			"_tpl": "59e6658b86f77411d949b250",
			"parentId": "I59618241208255388VifepY",
			"slotId": "cartridges",
			"upd": {
				"StackObjectsCount": 10
			}
		},
		{
			"_id": "I59618246630797685gTrXd1",
			"_tpl": "59e5d83b86f7745aed03d262",
			"parentId": "I59618243808442115yg3AnO",
			"slotId": "11",
			"location": {
				"x": 0,
				"y": 0,
				"r": "Horizontal"
			}
		},
		{
			"_id": "I59618242001074140xoRcbZ",
			"_tpl": "59e655cb86f77411dc52a77b",
			"parentId": "I59618246630797685gTrXd1",
			"slotId": "cartridges",
			"upd": {
				"StackObjectsCount": 10
			}
		},
		{
			"_id": "I59618248100863491l9unDa",
			"_tpl": "59e5d83b86f7745aed03d262",
			"parentId": "I59618243808442115yg3AnO",
			"slotId": "11",
			"location": {
				"x": 0,
				"y": 1,
				"r": "Horizontal"
			}
		},
		{
			"_id": "I59618243229431061WNCgS8",
			"_tpl": "59e6658b86f77411d949b250",
			"parentId": "I59618248100863491l9unDa",
			"slotId": "cartridges",
			"upd": {
				"StackObjectsCount": 10
			}
		},
		{
			"_id": "I59618246824355477Akrwuc",
			"_tpl": "59e6542b86f77411dc52a77a",
			"parentId": "I59618243808442115yg3AnO",
			"slotId": "6",
			"upd": {
				"StackObjectsCount": 26
			}
		},
		{
			"_id": "I59618245087178666GyUBpJ",
			"_tpl": "57e26ea924597715ca604a09",
			"parentId": "5c6687d65e9d882c8841f0fd",
			"slotId": "Scabbard"
		},
		{
			"_id": "I59618247223335379VOrBNB",
			"_tpl": "5b43271c5acfc432ff4dce65",
			"parentId": "5c6687d65e9d882c8841f0fd",
			"slotId": "Headwear"
		},
		{
			"_id": "I59618246706934203x3YaG2",
			"_tpl": "5d6d2e22a4b9361bd5780d05",
			"parentId": "5c6687d65e9d882c8841f0fd",
			"slotId": "Eyewear"
		},
		{
			"_id": "I59618245461214927Mx8WFN",
			"_tpl": "5ab8e79e86f7742d8b372e78",
			"parentId": "5c6687d65e9d882c8841f0fd",
			"slotId": "ArmorVest",
			"upd": {
				"Repairable": {
					"MaxDurability": 65,
					"Durability": 29
				}
			}
		},
		{
			"_id": "I59618247483393582TiCPVE",
			"_tpl": "590a3b0486f7743954552bdb",
			"parentId": "5c6687d65e9d882c8841f121",
			"slotId": "pocket1",
			"location": {
				"x": 0,
				"y": 0,
				"r": "Horizontal"
			},
			"upd": {
				"SpawnedInSession": true
			}
		},
		{
			"_id": "I59618248611580961C490wV",
			"_tpl": "5a0eebed86f77461230ddb3d",
			"parentId": "5c6687d65e9d882c8841f121",
			"slotId": "pocket2",
			"location": {
				"x": 0,
				"y": 0,
				"r": "Horizontal"
			},
			"upd": {
				"SpawnedInSession": true
			}
		}
	],
	"equipment": "5c6687d65e9d882c8841f0fd",
	"stash": "5c6687d65e9d882c8841f0fc",
	"questRaidItems": "5c6687d65e9d882c8841f0fe",
	"questStashItems": "5c6687d65e9d882c8841f0ff",
	"fastPanel": {}
}