{
	"items": [
		{
			"_id": "5c6687d65e9d882c8841f0fd",
			"_tpl": "55d7217a4bdc2d86028b456d"
		},
		{
			"_id": "5c6687d65e9d882c8841f121",
			"_tpl": "557ffd194bdc2d28148b457f",
			"parentId": "5c6687d65e9d882c8841f0fd",
			"slotId": "Pockets"
		},
		{
			"_id": "5c6687d65e9d882c8841f0fc",
			"_tpl": "566abbc34bdc2d92178b4576"
		},
		{
			"_id": "5c6687d65e9d882c8841f0ff",
			"_tpl": "5963866b86f7747bfa1c4462"
		},
		{
			"_id": "5c6687d65e9d882c8841f0fe",
			"_tpl": "5963866286f7747bf429b572"
		},
		{
			"_id": "I59618243557020400IuCtUh",
			"_tpl": "5df8a42886f77412640e2e75",
			"parentId": "5c6687d65e9d882c8841f0fd",
			"slotId": "TacticalVest"
		},
		{
			"_id": "I210010546557256606sj2EO",
			"_tpl": "5ac4cd105acfc40016339859",
			"parentId": "5c6687d65e9d882c8841f0fd",
			"slotId": "FirstPrimaryWeapon",
			"upd": {
				"Repairable": {
					"MaxDurability": 100,
					"Durability": 100
				}
			}
		},
		{
			"_id": "I210010547285312952UkHah",
			"_tpl": "59c6633186f7740cf0493bb9",
			"parentId": "I210010546557256606sj2EO",
			"slotId": "mod_gas_block"
		},
		{
			"_id": "I210010544505639153CGzOF",
			"_tpl": "5ac7655e5acfc40016339a19",
			"parentId": "I210010546557256606sj2EO",
			"slotId": "mod_muzzle"
		},
		{
			"_id": "I2100105435478436433cL7o",
			"_tpl": "5649ade84bdc2d1b2b8b4587",
			"parentId": "I210010546557256606sj2EO",
			"slotId": "mod_pistol_grip"
		},
		{
			"_id": "I210010547263717576AC7yE",
			"_tpl": "5ac50da15acfc4001718d287",
			"parentId": "I210010546557256606sj2EO",
			"slotId": "mod_reciever"
		},
		{
			"_id": "I210010541282515786aEGlw",
			"_tpl": "5ac72e475acfc400180ae6fe",
			"parentId": "I210010546557256606sj2EO",
			"slotId": "mod_sight_rear",
			"upd": {
				"Sight": {
					"SelectedSightMode": 0
				}
			}
		},
		{
			"_id": "I210010549278697874bXkXm",
			"_tpl": "5ac50c185acfc400163398d4",
			"parentId": "I210010546557256606sj2EO",
			"slotId": "mod_stock"
		},
		{
			"_id": "I59618244790817764OkZDE5",
			"_tpl": "55d4837c4bdc2d1d4e8b456c",
			"parentId": "I210010546557256606sj2EO",
			"slotId": "mod_magazine"
		},
		{
			"_id": "I59618249804077522hw7hZx",
			"_tpl": "56dfef82d2720bbd668b4567",
			"parentId": "I59618244790817764OkZDE5",
			"slotId": "cartridges",
			"upd": {
				"StackObjectsCount": 10
			}
		},
		{
			"_id": "I210010541569392111S8KTG",
			"_tpl": "5648b1504bdc2d9d488b4584",
			"parentId": "I210010547285312952UkHah",
			"slotId": "mod_handguard"
		},
		{
			"_id": "I59618247658294227vEMGVK",
			"_tpl": "5857a8bc2459772bad15db29",
			"parentId": "5c6687d65e9d882c8841f0fd",
			"slotId": "SecuredContainer"
		},
		{
			"_id": "I59618245058398194iieUZi",
			"_tpl": "5c0d5e4486f77478390952fe",
			"parentId": "I59618247658294227vEMGVK",
			"slotId": "main",
			"upd": {
				"StackObjectsCount": 60
			}
		},
		{
			"_id": "I59618244249717816BnEwxK",
			"_tpl": "56dff0bed2720bb0668b4567",
			"parentId": "I59618247658294227vEMGVK",
			"slotId": "main",
			"upd": {
				"StackObjectsCount": 60
			}
		},
		{
			"_id": "I59618242030526052vTZExS",
			"_tpl": "56dff4a2d2720bbd668b456a",
			"parentId": "I59618247658294227vEMGVK",
			"slotId": "main",
			"upd": {
				"StackObjectsCount": 60
			}
		},
		{
			"_id": "I59618248072951115wiEL8d",
			"_tpl": "56dff421d2720b5f5a8b4567",
			"parentId": "I59618247658294227vEMGVK",
			"slotId": "main",
			"upd": {
				"StackObjectsCount": 60
			}
		},
		{
			"_id": "I59618243134444459bbbMBy",
			"_tpl": "56dfef82d2720bbd668b4567",
			"parentId": "I59618247658294227vEMGVK",
			"slotId": "main",
			"upd": {
				"StackObjectsCount": 60
			}
		},
		{
			"_id": "I59618249908493877ZYg24J",
			"_tpl": "56dff026d2720bb8668b4567",
			"parentId": "I59618247658294227vEMGVK",
			"slotId": "main",
			"upd": {
				"StackObjectsCount": 60
			}
		},
		{
			"_id": "I59618246513884747rt9fHX",
			"_tpl": "56dff338d2720bbd668b4569",
			"parentId": "I59618247658294227vEMGVK",
			"slotId": "main",
			"upd": {
				"StackObjectsCount": 60
			}
		},
		{
			"_id": "I59618245204926108aCnhDS",
			"_tpl": "56dfef82d2720bbd668b4567",
			"parentId": "I59618247658294227vEMGVK",
			"slotId": "main",
			"upd": {
				"StackObjectsCount": 60
			}
		},
		{
			"_id": "I59618248470636236i40b6S",
			"_tpl": "56dff026d2720bb8668b4567",
			"parentId": "I59618247658294227vEMGVK",
			"slotId": "main",
			"upd": {
				"StackObjectsCount": 60
			}
		},
		{
			"_id": "I59618242543500683ZjUKcE",
			"_tpl": "55d4837c4bdc2d1d4e8b456c",
			"parentId": "I59618243557020400IuCtUh",
			"slotId": "1",
			"location": {
				"x": 0,
				"y": 0,
				"r": "Horizontal"
			}
		},
		{
			"_id": "I59618241416521766jcFoqi",
			"_tpl": "56dff2ced2720bb4668b4567",
			"parentId": "I59618242543500683ZjUKcE",
			"slotId": "cartridges",
			"upd": {
				"StackObjectsCount": 10
			}
		},
		{
			"_id": "I59618243508722942MV2Uq0",
			"_tpl": "55d4837c4bdc2d1d4e8b456c",
			"parentId": "I59618243557020400IuCtUh",
			"slotId": "1",
			"location": {
				"x": 0,
				"y": 1,
				"r": "Horizontal"
			}
		},
		{
			"_id": "I59618244099522377kYTwSU",
			"_tpl": "56dff026d2720bb8668b4567",
			"parentId": "I59618243508722942MV2Uq0",
			"slotId": "cartridges",
			"upd": {
				"StackObjectsCount": 10
			}
		},
		{
			"_id": "I59618244816604083Z86aIt",
			"_tpl": "55d4837c4bdc2d1d4e8b456c",
			"parentId": "I59618243557020400IuCtUh",
			"slotId": "3",
			"location": {
				"x": 0,
				"y": 0,
				"r": "Horizontal"
			}
		},
		{
			"_id": "I59618245251413822d1I1IT",
			"_tpl": "56dff3afd2720bba668b4567",
			"parentId": "I59618244816604083Z86aIt",
			"slotId": "cartridges",
			"upd": {
				"StackObjectsCount": 10
			}
		},
		{
			"_id": "I59618243098083505PGFV2G",
			"_tpl": "55d4837c4bdc2d1d4e8b456c",
			"parentId": "I59618243557020400IuCtUh",
			"slotId": "3",
			"location": {
				"x": 0,
				"y": 1,
				"r": "Horizontal"
			}
		},
		{
			"_id": "I596182496235691919x4eyk",
			"_tpl": "56dff3afd2720bba668b4567",
			"parentId": "I59618243098083505PGFV2G",
			"slotId": "cartridges",
			"upd": {
				"StackObjectsCount": 10
			}
		},
		{
			"_id": "I59618247649777203YfNc21",
			"_tpl": "55d4837c4bdc2d1d4e8b456c",
			"parentId": "I59618243557020400IuCtUh",
			"slotId": "5",
			"location": {
				"x": 0,
				"y": 0,
				"r": "Horizontal"
			}
		},
		{
			"_id": "I59618246783008513Pr0qGb",
			"_tpl": "5c0d5e4486f77478390952fe",
			"parentId": "I59618247649777203YfNc21",
			"slotId": "cartridges",
			"upd": {
				"StackObjectsCount": 10
			}
		},
		{
			"_id": "I59618244171646570Azov4D",
			"_tpl": "55d4837c4bdc2d1d4e8b456c",
			"parentId": "I59618243557020400IuCtUh",
			"slotId": "5",
			"location": {
				"x": 0,
				"y": 1,
				"r": "Horizontal"
			}
		},
		{
			"_id": "I59618249147964136khpN74",
			"_tpl": "56dff2ced2720bb4668b4567",
			"parentId": "I59618244171646570Azov4D",
			"slotId": "cartridges",
			"upd": {
				"StackObjectsCount": 10
			}
		},
		{
			"_id": "I59618243865378851wt5CNw",
			"_tpl": "55d4837c4bdc2d1d4e8b456c",
			"parentId": "I59618243557020400IuCtUh",
			"slotId": "7",
			"location": {
				"x": 0,
				"y": 1,
				"r": "Horizontal"
			}
		},
		{
			"_id": "I59618243528945153HMHvhX",
			"_tpl": "56dff026d2720bb8668b4567",
			"parentId": "I59618243865378851wt5CNw",
			"slotId": "cartridges",
			"upd": {
				"StackObjectsCount": 10
			}
		},
		{
			"_id": "I596182446439824045FCfQk",
			"_tpl": "55d4837c4bdc2d1d4e8b456c",
			"parentId": "I59618243557020400IuCtUh",
			"slotId": "11",
			"location": {
				"x": 0,
				"y": 0,
				"r": "Horizontal"
			}
		},
		{
			"_id": "I596182428564082401l4Uxd",
			"_tpl": "56dff338d2720bbd668b4569",
			"parentId": "I596182446439824045FCfQk",
			"slotId": "cartridges",
			"upd": {
				"StackObjectsCount": 10
			}
		},
		{
			"_id": "I59618249448823287I2cg6Q",
			"_tpl": "56dff4a2d2720bbd668b456a",
			"parentId": "I59618243557020400IuCtUh",
			"slotId": "14",
			"upd": {
				"StackObjectsCount": 41
			}
		},
		{
			"_id": "I59618248174318383nBser5",
			"_tpl": "57e26ea924597715ca604a09",
			"parentId": "5c6687d65e9d882c8841f0fd",
			"slotId": "Scabbard"
		},
		{
			"_id": "I59618245519701655DBT2Cx",
			"_tpl": "5aa2b8d7e5b5b00014028f4a",
			"parentId": "5c6687d65e9d882c8841f0fd",
			"slotId": "Headwear"
		},
		{
			"_id": "I59618241191392436bBdh81",
			"_tpl": "56742c2e4bdc2d95058b456d",
			"parentId": "5c6687d65e9d882c8841f121",
			"slotId": "pocket1",
			"location": {
				"x": 0,
				"y": 0,
				"r": "Horizontal"
			},
			"upd": {
				"SpawnedInSession": true
			}
		},
		{
			"_id": "I59618243395060037ezK7df",
			"_tpl": "5b4335ba86f7744d2837a264",
			"parentId": "5c6687d65e9d882c8841f121",
			"slotId": "pocket2",
			"location": {
				"x": 0,
				"y": 0,
				"r": "Horizontal"
			},
			"upd": {
				"SpawnedInSession": true
			}
		}
	],
	"equipment": "5c6687d65e9d882c8841f0fd",
	"stash": "5c6687d65e9d882c8841f0fc",
	"questRaidItems": "5c6687d65e9d882c8841f0fe",
	"questStashItems": "5c6687d65e9d882c8841f0ff",
	"fastPanel": {}
}