{
	"items": [
		{
			"_id": "5c6687d65e9d882c8841f0fd",
			"_tpl": "55d7217a4bdc2d86028b456d"
		},
		{
			"_id": "5c6687d65e9d882c8841f121",
			"_tpl": "557ffd194bdc2d28148b457f",
			"parentId": "5c6687d65e9d882c8841f0fd",
			"slotId": "Pockets"
		},
		{
			"_id": "5c6687d65e9d882c8841f0fc",
			"_tpl": "566abbc34bdc2d92178b4576"
		},
		{
			"_id": "5c6687d65e9d882c8841f0ff",
			"_tpl": "5963866b86f7747bfa1c4462"
		},
		{
			"_id": "5c6687d65e9d882c8841f0fe",
			"_tpl": "5963866286f7747bf429b572"
		},
		{
			"_id": "I59618248545917231e4fDQc",
			"_tpl": "572b7adb24597762ae139821",
			"parentId": "5c6687d65e9d882c8841f0fd",
			"slotId": "TacticalVest"
		},
		{
			"_id": "I331037216215836018jGtfq",
			"_tpl": "576165642459773c7a400233",
			"parentId": "5c6687d65e9d882c8841f0fd",
			"slotId": "FirstPrimaryWeapon",
			"upd": {
				"Repairable": {
					"MaxDurability": 100,
					"Durability": 100
				}
			}
		},
		{
			"_id": "I331037219561822274rTdbu",
			"_tpl": "576169e62459773c69055191",
			"parentId": "I331037216215836018jGtfq",
			"slotId": "mod_handguard"
		},
		{
			"_id": "I331037212680749283oTwUz",
			"_tpl": "576167ab2459773cad038c43",
			"parentId": "I331037216215836018jGtfq",
			"slotId": "mod_muzzle"
		},
		{
			"_id": "I331037214287133904UsXmw",
			"_tpl": "5649ade84bdc2d1b2b8b4587",
			"parentId": "I331037216215836018jGtfq",
			"slotId": "mod_pistol_grip"
		},
		{
			"_id": "I331037219819551362I4veV",
			"_tpl": "57a9b9ce2459770ee926038d",
			"parentId": "I331037216215836018jGtfq",
			"slotId": "mod_sight_rear",
			"upd": {
				"Sight": {
					"SelectedSightMode": 0
				}
			}
		},
		{
			"_id": "I59618241678325462e7H3cA",
			"_tpl": "57616a9e2459773c7a400234",
			"parentId": "I331037216215836018jGtfq",
			"slotId": "mod_magazine"
		},
		{
			"_id": "I59618248661388535giYpGE",
			"_tpl": "5d6e68d1a4b93622fe60e845",
			"parentId": "I59618241678325462e7H3cA",
			"slotId": "cartridges",
			"upd": {
				"StackObjectsCount": 5
			}
		},
		{
			"_id": "I596182441225104837TPuHd",
			"_tpl": "5857a8bc2459772bad15db29",
			"parentId": "5c6687d65e9d882c8841f0fd",
			"slotId": "SecuredContainer"
		},
		{
			"_id": "I59618241626369736zWcBS9",
			"_tpl": "58820d1224597753c90aeb13",
			"parentId": "I596182441225104837TPuHd",
			"slotId": "main",
			"upd": {
				"StackObjectsCount": 60
			}
		},
		{
			"_id": "I59618248134839438UpWEqe",
			"_tpl": "5c0d591486f7744c505b416f",
			"parentId": "I596182441225104837TPuHd",
			"slotId": "main",
			"upd": {
				"StackObjectsCount": 60
			}
		},
		{
			"_id": "I59618246650292412Onis6y",
			"_tpl": "5d6e6891a4b9361bd473feea",
			"parentId": "I596182441225104837TPuHd",
			"slotId": "main",
			"upd": {
				"StackObjectsCount": 60
			}
		},
		{
			"_id": "I59618247381144638l6Hn75",
			"_tpl": "5d6e68c4a4b9361b93413f79",
			"parentId": "I596182441225104837TPuHd",
			"slotId": "main",
			"upd": {
				"StackObjectsCount": 60
			}
		},
		{
			"_id": "I59618246855267315M6on0t",
			"_tpl": "5d6e68d1a4b93622fe60e845",
			"parentId": "I596182441225104837TPuHd",
			"slotId": "main",
			"upd": {
				"StackObjectsCount": 60
			}
		},
		{
			"_id": "I59618249412389935uumalv",
			"_tpl": "5d6e689ca4b9361bc8618956",
			"parentId": "I596182441225104837TPuHd",
			"slotId": "main",
			"upd": {
				"StackObjectsCount": 60
			}
		},
		{
			"_id": "I59618245040676038MENcEm",
			"_tpl": "5d6e6869a4b9361c140bcfde",
			"parentId": "I596182441225104837TPuHd",
			"slotId": "main",
			"upd": {
				"StackObjectsCount": 60
			}
		},
		{
			"_id": "I59618245627558826EKUHhE",
			"_tpl": "5c0d591486f7744c505b416f",
			"parentId": "I596182441225104837TPuHd",
			"slotId": "main",
			"upd": {
				"StackObjectsCount": 60
			}
		},
		{
			"_id": "I59618246950249930NOZ2rP",
			"_tpl": "5d6e68dea4b9361bcc29e659",
			"parentId": "I596182441225104837TPuHd",
			"slotId": "main",
			"upd": {
				"StackObjectsCount": 60
			}
		},
		{
			"_id": "I596182410749769895XFbr8",
			"_tpl": "57616a9e2459773c7a400234",
			"parentId": "I59618248545917231e4fDQc",
			"slotId": "2",
			"location": {
				"x": 0,
				"y": 0,
				"r": "Horizontal"
			}
		},
		{
			"_id": "I59618243879394422MJ7XV7",
			"_tpl": "58820d1224597753c90aeb13",
			"parentId": "I596182410749769895XFbr8",
			"slotId": "cartridges",
			"upd": {
				"StackObjectsCount": 5
			}
		},
		{
			"_id": "I59618242538407196WVDowC",
			"_tpl": "57e26fc7245977162a14b800",
			"parentId": "5c6687d65e9d882c8841f0fd",
			"slotId": "Scabbard"
		},
		{
			"_id": "I59618244703121462XkVXL6",
			"_tpl": "5aa2ba46e5b5b000137b758d",
			"parentId": "5c6687d65e9d882c8841f0fd",
			"slotId": "Headwear"
		},
		{
			"_id": "I596182413864977843Z0lGD",
			"_tpl": "56e33634d2720bd8058b456b",
			"parentId": "5c6687d65e9d882c8841f0fd",
			"slotId": "Backpack"
		},
		{
			"_id": "I59618244611037319Y3Ap5w",
			"_tpl": "57a349b2245977762b199ec7",
			"parentId": "I596182413864977843Z0lGD",
			"slotId": "main",
			"location": {
				"x": 0,
				"y": 0,
				"r": "Horizontal"
			}
		},
		{
			"_id": "I59618246263755429T1IcKX",
			"_tpl": "590c31c586f774245e3141b2",
			"parentId": "I596182413864977843Z0lGD",
			"slotId": "main",
			"location": {
				"x": 0,
				"y": 1,
				"r": "Horizontal"
			}
		},
		{
			"_id": "I59618244861813348O8oJ08",
			"_tpl": "59e7635f86f7742cbf2c1095",
			"parentId": "5c6687d65e9d882c8841f0fd",
			"slotId": "ArmorVest",
			"upd": {
				"Repairable": {
					"MaxDurability": 40,
					"Durability": 18
				}
			}
		},
		{
			"_id": "I59618241818087171WWcgJA",
			"_tpl": "5672c92d4bdc2d180f8b4567",
			"parentId": "5c6687d65e9d882c8841f121",
			"slotId": "pocket1",
			"location": {
				"x": 0,
				"y": 0,
				"r": "Horizontal"
			},
			"upd": {
				"SpawnedInSession": true
			}
		},
		{
			"_id": "I59618246834918480Y3vxlc",
			"_tpl": "544fb3f34bdc2d03748b456a",
			"parentId": "5c6687d65e9d882c8841f121",
			"slotId": "pocket2",
			"location": {
				"x": 0,
				"y": 0,
				"r": "Horizontal"
			},
			"upd": {
				"SpawnedInSession": true
			}
		}
	],
	"equipment": "5c6687d65e9d882c8841f0fd",
	"stash": "5c6687d65e9d882c8841f0fc",
	"questRaidItems": "5c6687d65e9d882c8841f0fe",
	"questStashItems": "5c6687d65e9d882c8841f0ff",
	"fastPanel": {}
}