{
	"items": [
		{
			"_id": "5c6687d65e9d882c8841f0fd",
			"_tpl": "55d7217a4bdc2d86028b456d"
		},
		{
			"_id": "5c6687d65e9d882c8841f121",
			"_tpl": "557ffd194bdc2d28148b457f",
			"parentId": "5c6687d65e9d882c8841f0fd",
			"slotId": "Pockets"
		},
		{
			"_id": "5c6687d65e9d882c8841f0fc",
			"_tpl": "566abbc34bdc2d92178b4576"
		},
		{
			"_id": "5c6687d65e9d882c8841f0ff",
			"_tpl": "5963866b86f7747bfa1c4462"
		},
		{
			"_id": "5c6687d65e9d882c8841f0fe",
			"_tpl": "5963866286f7747bf429b572"
		},
		{
			"_id": "I59618243251863763BkNhlQ",
			"_tpl": "5648a69d4bdc2ded0b8b457b",
			"parentId": "5c6687d65e9d882c8841f0fd",
			"slotId": "TacticalVest"
		},
		{
			"_id": "I21320115716134274988nc2",
			"_tpl": "57dc2fa62459775949412633",
			"parentId": "5c6687d65e9d882c8841f0fd",
			"slotId": "FirstPrimaryWeapon",
			"upd": {
				"Repairable": {
					"MaxDurability": 100,
					"Durability": 100
				}
			}
		},
		{
			"_id": "I2132011578597074116PqhJ",
			"_tpl": "57e3dba62459770f0c32322b",
			"parentId": "I21320115716134274988nc2",
			"slotId": "mod_pistol_grip"
		},
		{
			"_id": "I2132011572783048457joUJ",
			"_tpl": "57dc347d245977596754e7a1",
			"parentId": "I21320115716134274988nc2",
			"slotId": "mod_stock"
		},
		{
			"_id": "I59618249986710546rzS42A",
			"_tpl": "55d4837c4bdc2d1d4e8b456c",
			"parentId": "I21320115716134274988nc2",
			"slotId": "mod_magazine"
		},
		{
			"_id": "I59618248442473624kgazLC",
			"_tpl": "56dff0bed2720bb0668b4567",
			"parentId": "I59618249986710546rzS42A",
			"slotId": "cartridges",
			"upd": {
				"StackObjectsCount": 10
			}
		},
		{
			"_id": "I21320115794237366644l2B",
			"_tpl": "57dc324a24597759501edc20",
			"parentId": "I21320115716134274988nc2",
			"slotId": "mod_muzzle"
		},
		{
			"_id": "I2132011576692510423qpoz",
			"_tpl": "57dc334d245977597164366f",
			"parentId": "I21320115716134274988nc2",
			"slotId": "mod_reciever"
		},
		{
			"_id": "I21320115789769698898ipD",
			"_tpl": "59d36a0086f7747e673f3946",
			"parentId": "I21320115716134274988nc2",
			"slotId": "mod_gas_block"
		},
		{
			"_id": "I2132011579196747376UXku",
			"_tpl": "56dfef82d2720bbd668b4567",
			"parentId": "I2132011575967327700JqHU",
			"slotId": "cartridges",
			"location": 0,
			"upd": {
				"StackObjectsCount": 30
			}
		},
		{
			"_id": "I2132011574203943141gmY8",
			"_tpl": "57ffb0062459777a045af529",
			"parentId": "I2132011576692510423qpoz",
			"slotId": "mod_mount_000"
		},
		{
			"_id": "I213201157620161223601xR",
			"_tpl": "57ffa9f4245977728561e844",
			"parentId": "I21320115789769698898ipD",
			"slotId": "mod_handguard"
		},
		{
			"_id": "I21320115759223288624HEJ",
			"_tpl": "56def37dd2720bec348b456a",
			"parentId": "I213201157620161223601xR",
			"slotId": "mod_tactical_000",
			"upd": {
				"Light": {
					"IsActive": true,
					"SelectedMode": 0
				}
			}
		},
		{
			"_id": "I59618248286240834XKb18g",
			"_tpl": "5857a8bc2459772bad15db29",
			"parentId": "5c6687d65e9d882c8841f0fd",
			"slotId": "SecuredContainer"
		},
		{
			"_id": "I59618247780452102SnnI1m",
			"_tpl": "56dff026d2720bb8668b4567",
			"parentId": "I59618248286240834XKb18g",
			"slotId": "main",
			"upd": {
				"StackObjectsCount": 60
			}
		},
		{
			"_id": "I59618244137125744KKHQFV",
			"_tpl": "56dff4a2d2720bbd668b456a",
			"parentId": "I59618248286240834XKb18g",
			"slotId": "main",
			"upd": {
				"StackObjectsCount": 60
			}
		},
		{
			"_id": "I59618243589069806DpmzOa",
			"_tpl": "56dff4a2d2720bbd668b456a",
			"parentId": "I59618248286240834XKb18g",
			"slotId": "main",
			"upd": {
				"StackObjectsCount": 60
			}
		},
		{
			"_id": "I59618241684454926AafmPY",
			"_tpl": "56dff061d2720bb5668b4567",
			"parentId": "I59618248286240834XKb18g",
			"slotId": "main",
			"upd": {
				"StackObjectsCount": 60
			}
		},
		{
			"_id": "I59618249093712500JcSTM0",
			"_tpl": "56dff061d2720bb5668b4567",
			"parentId": "I59618248286240834XKb18g",
			"slotId": "main",
			"upd": {
				"StackObjectsCount": 60
			}
		},
		{
			"_id": "I59618245827160245gARyVP",
			"_tpl": "56dfef82d2720bbd668b4567",
			"parentId": "I59618248286240834XKb18g",
			"slotId": "main",
			"upd": {
				"StackObjectsCount": 60
			}
		},
		{
			"_id": "I59618246048827269fqdB8Z",
			"_tpl": "56dff338d2720bbd668b4569",
			"parentId": "I59618248286240834XKb18g",
			"slotId": "main",
			"upd": {
				"StackObjectsCount": 60
			}
		},
		{
			"_id": "I59618241045762495fAIwWU",
			"_tpl": "56dff4a2d2720bbd668b456a",
			"parentId": "I59618248286240834XKb18g",
			"slotId": "main",
			"upd": {
				"StackObjectsCount": 60
			}
		},
		{
			"_id": "I59618244648459687lP7ISm",
			"_tpl": "56dff4a2d2720bbd668b456a",
			"parentId": "I59618248286240834XKb18g",
			"slotId": "main",
			"upd": {
				"StackObjectsCount": 60
			}
		},
		{
			"_id": "I596182453412131753WUMML",
			"_tpl": "55d4837c4bdc2d1d4e8b456c",
			"parentId": "I59618243251863763BkNhlQ",
			"slotId": "2",
			"location": {
				"x": 0,
				"y": 1,
				"r": "Horizontal"
			}
		},
		{
			"_id": "I59618248771243405GpNyrO",
			"_tpl": "5c0d5e4486f77478390952fe",
			"parentId": "I596182453412131753WUMML",
			"slotId": "cartridges",
			"upd": {
				"StackObjectsCount": 10
			}
		},
		{
			"_id": "I5961824601526148306svQq",
			"_tpl": "55d4837c4bdc2d1d4e8b456c",
			"parentId": "I59618243251863763BkNhlQ",
			"slotId": "4",
			"location": {
				"x": 0,
				"y": 0,
				"r": "Horizontal"
			}
		},
		{
			"_id": "I596182492690144664kHlwd",
			"_tpl": "56dff061d2720bb5668b4567",
			"parentId": "I5961824601526148306svQq",
			"slotId": "cartridges",
			"upd": {
				"StackObjectsCount": 10
			}
		},
		{
			"_id": "I59618248520560272MjNsYz",
			"_tpl": "55d4837c4bdc2d1d4e8b456c",
			"parentId": "I59618243251863763BkNhlQ",
			"slotId": "4",
			"location": {
				"x": 0,
				"y": 1,
				"r": "Horizontal"
			}
		},
		{
			"_id": "I59618247458418161knMQFN",
			"_tpl": "56dff2ced2720bb4668b4567",
			"parentId": "I59618248520560272MjNsYz",
			"slotId": "cartridges",
			"upd": {
				"StackObjectsCount": 10
			}
		},
		{
			"_id": "I59618249780648002vtTB8n",
			"_tpl": "55d4837c4bdc2d1d4e8b456c",
			"parentId": "I59618243251863763BkNhlQ",
			"slotId": "11",
			"location": {
				"x": 0,
				"y": 1,
				"r": "Horizontal"
			}
		},
		{
			"_id": "I596182463168000211XnHnR",
			"_tpl": "56dff421d2720b5f5a8b4567",
			"parentId": "I59618249780648002vtTB8n",
			"slotId": "cartridges",
			"upd": {
				"StackObjectsCount": 10
			}
		},
		{
			"_id": "I59618242592210581tOkQJa",
			"_tpl": "5e32f56fcb6d5863cc5e5ee4",
			"parentId": "I59618243251863763BkNhlQ",
			"slotId": "6"
		},
		{
			"_id": "I59618245497086689zw1jhn",
			"_tpl": "56dff061d2720bb5668b4567",
			"parentId": "I59618243251863763BkNhlQ",
			"slotId": "9",
			"upd": {
				"StackObjectsCount": 54
			}
		},
		{
			"_id": "I59618247323019198TpERIV",
			"_tpl": "54491bb74bdc2d09088b4567",
			"parentId": "5c6687d65e9d882c8841f0fd",
			"slotId": "Scabbard"
		},
		{
			"_id": "I59618244767740643m377ac",
			"_tpl": "5e01ef6886f77445f643baa4",
			"parentId": "5c6687d65e9d882c8841f0fd",
			"slotId": "Headwear"
		},
		{
			"_id": "I59618242599851055S1aaMc",
			"_tpl": "5e00cfa786f77469dc6e5685",
			"parentId": "I59618244767740643m377ac",
			"slotId": "mod_equipment_000",
			"upd": {
				"Togglable": {
					"On": true
				}
			}
		},
		{
			"_id": "I59618244475105969xcrcPt",
			"_tpl": "5c0d32fcd174af02a1659c75",
			"parentId": "5c6687d65e9d882c8841f0fd",
			"slotId": "Eyewear"
		},
		{
			"_id": "I59618245527918311Xplmw8",
			"_tpl": "544a5cde4bdc2d39388b456b",
			"parentId": "5c6687d65e9d882c8841f0fd",
			"slotId": "Backpack"
		},
		{
			"_id": "I59618247205424232VxI84X",
			"_tpl": "573477e124597737dd42e191",
			"parentId": "I59618245527918311Xplmw8",
			"slotId": "main",
			"location": {
				"x": 0,
				"y": 0,
				"r": "Horizontal"
			}
		},
		{
			"_id": "I59618241876278660iDZAbn",
			"_tpl": "57514643245977207f2c2d09",
			"parentId": "I59618245527918311Xplmw8",
			"slotId": "main",
			"location": {
				"x": 0,
				"y": 1,
				"r": "Horizontal"
			}
		},
		{
			"_id": "I59618243357556804HCZCiD",
			"_tpl": "544fb37f4bdc2dee738b4567",
			"parentId": "I59618245527918311Xplmw8",
			"slotId": "main",
			"location": {
				"x": 0,
				"y": 2,
				"r": "Horizontal"
			}
		},
		{
			"_id": "I59618248786163791vzUcbL",
			"_tpl": "5780cf9e2459777df90dcb73",
			"parentId": "I59618245527918311Xplmw8",
			"slotId": "main",
			"location": {
				"x": 0,
				"y": 3,
				"r": "Horizontal"
			}
		},
		{
			"_id": "I59618248136894524e5ijrp",
			"_tpl": "5780cf9e2459777df90dcb73",
			"parentId": "I59618245527918311Xplmw8",
			"slotId": "main",
			"location": {
				"x": 1,
				"y": 0,
				"r": "Horizontal"
			}
		},
		{
			"_id": "I59618243215888017DKjN4E",
			"_tpl": "577e1c9d2459773cd707c525",
			"parentId": "I59618245527918311Xplmw8",
			"slotId": "main",
			"location": {
				"x": 1,
				"y": 1,
				"r": "Horizontal"
			}
		},
		{
			"_id": "I59618242564431865CSkT7g",
			"_tpl": "57347c1124597737fb1379e3",
			"parentId": "I59618245527918311Xplmw8",
			"slotId": "main",
			"location": {
				"x": 1,
				"y": 2,
				"r": "Horizontal"
			}
		},
		{
			"_id": "I59618246780388891WOilo7",
			"_tpl": "5938994586f774523a425196",
			"parentId": "5c6687d65e9d882c8841f121",
			"slotId": "pocket1",
			"location": {
				"x": 0,
				"y": 0,
				"r": "Horizontal"
			},
			"upd": {
				"SpawnedInSession": true
			}
		}
	],
	"equipment": "5c6687d65e9d882c8841f0fd",
	"stash": "5c6687d65e9d882c8841f0fc",
	"questRaidItems": "5c6687d65e9d882c8841f0fe",
	"questStashItems": "5c6687d65e9d882c8841f0ff",
	"fastPanel": {}
}