{
	"items": [
		{
			"_id": "5c6687d65e9d882c8841f0fd",
			"_tpl": "55d7217a4bdc2d86028b456d"
		},
		{
			"_id": "5c6687d65e9d882c8841f121",
			"_tpl": "557ffd194bdc2d28148b457f",
			"parentId": "5c6687d65e9d882c8841f0fd",
			"slotId": "Pockets"
		},
		{
			"_id": "5c6687d65e9d882c8841f0fc",
			"_tpl": "566abbc34bdc2d92178b4576"
		},
		{
			"_id": "5c6687d65e9d882c8841f0ff",
			"_tpl": "5963866b86f7747bfa1c4462"
		},
		{
			"_id": "5c6687d65e9d882c8841f0fe",
			"_tpl": "5963866286f7747bf429b572"
		},
		{
			"_id": "I596182387416842349wQ8YZ",
			"_tpl": "5648a69d4bdc2ded0b8b457b",
			"parentId": "5c6687d65e9d882c8841f0fd",
			"slotId": "TacticalVest"
		},
		{
			"_id": "I331017482780841435AhGt6",
			"_tpl": "5ab8e9fcd8ce870019439434",
			"parentId": "5c6687d65e9d882c8841f0fd",
			"slotId": "FirstPrimaryWeapon",
			"upd": {
				"Repairable": {
					"MaxDurability": 100,
					"Durability": 100
				}
			}
		},
		{
			"_id": "I3310174856292415005HYwu",
			"_tpl": "59c6633186f7740cf0493bb9",
			"parentId": "I331017482780841435AhGt6",
			"slotId": "mod_gas_block"
		},
		{
			"_id": "I331017485185961610JvntI",
			"_tpl": "5649aa744bdc2ded0b8b457e",
			"parentId": "I331017482780841435AhGt6",
			"slotId": "mod_muzzle"
		},
		{
			"_id": "I3310174882290139167WR2R",
			"_tpl": "57e3dba62459770f0c32322b",
			"parentId": "I331017482780841435AhGt6",
			"slotId": "mod_pistol_grip"
		},
		{
			"_id": "I331017482580523344idHJD",
			"_tpl": "5649b0544bdc2d1b2b8b458a",
			"parentId": "I331017482780841435AhGt6",
			"slotId": "mod_sight_rear",
			"upd": {
				"Sight": {
					"SelectedSightMode": 0
				}
			}
		},
		{
			"_id": "I331017484401527346Lw7Hl",
			"_tpl": "5ab626e4d8ce87272e4c6e43",
			"parentId": "I331017482780841435AhGt6",
			"slotId": "mod_stock"
		},
		{
			"_id": "I59618236577059204iIeriG",
			"_tpl": "564ca99c4bdc2d16268b4589",
			"parentId": "I331017482780841435AhGt6",
			"slotId": "mod_magazine"
		},
		{
			"_id": "I59618234315996556AQzpmo",
			"_tpl": "56dff0bed2720bb0668b4567",
			"parentId": "I59618236577059204iIeriG",
			"slotId": "cartridges",
			"upd": {
				"StackObjectsCount": 30
			}
		},
		{
			"_id": "I331017485538352065oHxLJ",
			"_tpl": "5648b0744bdc2d363b8b4578",
			"parentId": "I3310174856292415005HYwu",
			"slotId": "mod_handguard"
		},
		{
			"_id": "I596182325690234214UZxAU",
			"_tpl": "5857a8bc2459772bad15db29",
			"parentId": "5c6687d65e9d882c8841f0fd",
			"slotId": "SecuredContainer"
		},
		{
			"_id": "I5961823485667727406RPNF",
			"_tpl": "56dff4ecd2720b5f5a8b4568",
			"parentId": "I596182325690234214UZxAU",
			"slotId": "main",
			"upd": {
				"StackObjectsCount": 60
			}
		},
		{
			"_id": "I59618234265340283MHEteh",
			"_tpl": "56dff4ecd2720b5f5a8b4568",
			"parentId": "I596182325690234214UZxAU",
			"slotId": "main",
			"upd": {
				"StackObjectsCount": 60
			}
		},
		{
			"_id": "I596182339790910895lC9Jr",
			"_tpl": "56dff4ecd2720b5f5a8b4568",
			"parentId": "I596182325690234214UZxAU",
			"slotId": "main",
			"upd": {
				"StackObjectsCount": 60
			}
		},
		{
			"_id": "I59618239025232608tzfalk",
			"_tpl": "56dff338d2720bbd668b4569",
			"parentId": "I596182325690234214UZxAU",
			"slotId": "main",
			"upd": {
				"StackObjectsCount": 60
			}
		},
		{
			"_id": "I59618236686258948cacrxL",
			"_tpl": "56dff061d2720bb5668b4567",
			"parentId": "I596182325690234214UZxAU",
			"slotId": "main",
			"upd": {
				"StackObjectsCount": 60
			}
		},
		{
			"_id": "I59618239089294334Cvi0Lf",
			"_tpl": "5c0d5e4486f77478390952fe",
			"parentId": "I596182325690234214UZxAU",
			"slotId": "main",
			"upd": {
				"StackObjectsCount": 60
			}
		},
		{
			"_id": "I596182371451515248BouLN",
			"_tpl": "56dff216d2720bbd668b4568",
			"parentId": "I596182325690234214UZxAU",
			"slotId": "main",
			"upd": {
				"StackObjectsCount": 60
			}
		},
		{
			"_id": "I59618239535030878B8xAu6",
			"_tpl": "56dff338d2720bbd668b4569",
			"parentId": "I596182325690234214UZxAU",
			"slotId": "main",
			"upd": {
				"StackObjectsCount": 60
			}
		},
		{
			"_id": "I59618232890384960eRWX8S",
			"_tpl": "56dff338d2720bbd668b4569",
			"parentId": "I596182325690234214UZxAU",
			"slotId": "main",
			"upd": {
				"StackObjectsCount": 60
			}
		},
		{
			"_id": "I59618233464552241BLM3KN",
			"_tpl": "5bed61680db834001d2c45ab",
			"parentId": "I596182387416842349wQ8YZ",
			"slotId": "1",
			"location": {
				"x": 0,
				"y": 0,
				"r": "Horizontal"
			}
		},
		{
			"_id": "I59618235898314006o4oUE3",
			"_tpl": "56dff2ced2720bb4668b4567",
			"parentId": "I59618233464552241BLM3KN",
			"slotId": "cartridges",
			"upd": {
				"StackObjectsCount": 30
			}
		},
		{
			"_id": "I59618232644195138xSl8La",
			"_tpl": "5bed61680db834001d2c45ab",
			"parentId": "I596182387416842349wQ8YZ",
			"slotId": "3",
			"location": {
				"x": 0,
				"y": 0,
				"r": "Horizontal"
			}
		},
		{
			"_id": "I59618238141960422rE7ZuQ",
			"_tpl": "56dff0bed2720bb0668b4567",
			"parentId": "I59618232644195138xSl8La",
			"slotId": "cartridges",
			"upd": {
				"StackObjectsCount": 30
			}
		},
		{
			"_id": "I59618238292474134bMfzEl",
			"_tpl": "5bed61680db834001d2c45ab",
			"parentId": "I596182387416842349wQ8YZ",
			"slotId": "10",
			"location": {
				"x": 0,
				"y": 0,
				"r": "Horizontal"
			}
		},
		{
			"_id": "I596182318246597559SohfE",
			"_tpl": "56dff0bed2720bb0668b4567",
			"parentId": "I59618238292474134bMfzEl",
			"slotId": "cartridges",
			"upd": {
				"StackObjectsCount": 30
			}
		},
		{
			"_id": "I59618238357338660syvilB",
			"_tpl": "544fb25a4bdc2dfb738b4567",
			"parentId": "I596182387416842349wQ8YZ",
			"slotId": "5"
		},
		{
			"_id": "I596182382307501273VaoMS",
			"_tpl": "5a0c27731526d80618476ac4",
			"parentId": "I596182387416842349wQ8YZ",
			"slotId": "7"
		},
		{
			"_id": "I59618233131898794n9gXN8",
			"_tpl": "5448be9a4bdc2dfd2f8b456a",
			"parentId": "I596182387416842349wQ8YZ",
			"slotId": "8"
		},
		{
			"_id": "I59618238868866492T9PNAv",
			"_tpl": "56dff216d2720bbd668b4568",
			"parentId": "I596182387416842349wQ8YZ",
			"slotId": "9",
			"upd": {
				"StackObjectsCount": 17
			}
		},
		{
			"_id": "I596182399572317345kJxTB",
			"_tpl": "57e26ea924597715ca604a09",
			"parentId": "5c6687d65e9d882c8841f0fd",
			"slotId": "Scabbard"
		},
		{
			"_id": "I59618235444992901xVotdf",
			"_tpl": "5ab8f04f86f774585f4237d8",
			"parentId": "5c6687d65e9d882c8841f0fd",
			"slotId": "Backpack"
		},
		{
			"_id": "I59618239359018288ycmoP7",
			"_tpl": "5751496424597720a27126da",
			"parentId": "I59618235444992901xVotdf",
			"slotId": "main",
			"location": {
				"x": 0,
				"y": 0,
				"r": "Horizontal"
			}
		},
		{
			"_id": "I59618232497292837H8cUCb",
			"_tpl": "5780cf722459777a5108b9a1",
			"parentId": "I59618235444992901xVotdf",
			"slotId": "main",
			"location": {
				"x": 0,
				"y": 1,
				"r": "Horizontal"
			}
		},
		{
			"_id": "I59618238853438203TRYjoJ",
			"_tpl": "57347d8724597744596b4e76",
			"parentId": "I59618235444992901xVotdf",
			"slotId": "main",
			"location": {
				"x": 1,
				"y": 0,
				"r": "Horizontal"
			}
		},
		{
			"_id": "I59618238086273936xK2XfZ",
			"_tpl": "57347c93245977448d35f6e3",
			"parentId": "I59618235444992901xVotdf",
			"slotId": "main",
			"location": {
				"x": 1,
				"y": 1,
				"r": "Horizontal"
			}
		},
		{
			"_id": "I59618239211473596Fh7YFT",
			"_tpl": "5734773724597737fd047c14",
			"parentId": "5c6687d65e9d882c8841f121",
			"slotId": "pocket1",
			"location": {
				"x": 0,
				"y": 0,
				"r": "Horizontal"
			},
			"upd": {
				"SpawnedInSession": true
			}
		},
		{
			"_id": "I59618232822366702FHzGub",
			"_tpl": "5783c43d2459774bbe137486",
			"parentId": "5c6687d65e9d882c8841f121",
			"slotId": "pocket2",
			"location": {
				"x": 0,
				"y": 0,
				"r": "Horizontal"
			},
			"upd": {
				"SpawnedInSession": true
			}
		}
	],
	"equipment": "5c6687d65e9d882c8841f0fd",
	"stash": "5c6687d65e9d882c8841f0fc",
	"questRaidItems": "5c6687d65e9d882c8841f0fe",
	"questStashItems": "5c6687d65e9d882c8841f0ff",
	"fastPanel": {}
}