{
	"items": [
		{
			"_id": "5c6687d65e9d882c8841f0fd",
			"_tpl": "55d7217a4bdc2d86028b456d"
		},
		{
			"_id": "5c6687d65e9d882c8841f121",
			"_tpl": "557ffd194bdc2d28148b457f",
			"parentId": "5c6687d65e9d882c8841f0fd",
			"slotId": "Pockets"
		},
		{
			"_id": "5c6687d65e9d882c8841f0fc",
			"_tpl": "566abbc34bdc2d92178b4576"
		},
		{
			"_id": "5c6687d65e9d882c8841f0ff",
			"_tpl": "5963866b86f7747bfa1c4462"
		},
		{
			"_id": "5c6687d65e9d882c8841f0fe",
			"_tpl": "5963866286f7747bf429b572"
		},
		{
			"_id": "I596182452053759138qesa0",
			"_tpl": "5c0e446786f7742013381639",
			"parentId": "5c6687d65e9d882c8841f0fd",
			"slotId": "TacticalVest"
		},
		{
			"_id": "I21320115716134274988nc2",
			"_tpl": "57dc2fa62459775949412633",
			"parentId": "5c6687d65e9d882c8841f0fd",
			"slotId": "FirstPrimaryWeapon",
			"upd": {
				"Repairable": {
					"MaxDurability": 100,
					"Durability": 100
				}
			}
		},
		{
			"_id": "I2132011578597074116PqhJ",
			"_tpl": "57e3dba62459770f0c32322b",
			"parentId": "I21320115716134274988nc2",
			"slotId": "mod_pistol_grip"
		},
		{
			"_id": "I2132011572783048457joUJ",
			"_tpl": "57dc347d245977596754e7a1",
			"parentId": "I21320115716134274988nc2",
			"slotId": "mod_stock"
		},
		{
			"_id": "I59618243364432880fosDXU",
			"_tpl": "55d482194bdc2d1d4e8b456b",
			"parentId": "I21320115716134274988nc2",
			"slotId": "mod_magazine"
		},
		{
			"_id": "I59618248983758012wJRPUr",
			"_tpl": "56dff338d2720bbd668b4569",
			"parentId": "I59618243364432880fosDXU",
			"slotId": "cartridges",
			"upd": {
				"StackObjectsCount": 60
			}
		},
		{
			"_id": "I21320115794237366644l2B",
			"_tpl": "57dc324a24597759501edc20",
			"parentId": "I21320115716134274988nc2",
			"slotId": "mod_muzzle"
		},
		{
			"_id": "I2132011576692510423qpoz",
			"_tpl": "57dc334d245977597164366f",
			"parentId": "I21320115716134274988nc2",
			"slotId": "mod_reciever"
		},
		{
			"_id": "I21320115789769698898ipD",
			"_tpl": "59d36a0086f7747e673f3946",
			"parentId": "I21320115716134274988nc2",
			"slotId": "mod_gas_block"
		},
		{
			"_id": "I2132011579196747376UXku",
			"_tpl": "56dfef82d2720bbd668b4567",
			"parentId": "I2132011575967327700JqHU",
			"slotId": "cartridges",
			"location": 0,
			"upd": {
				"StackObjectsCount": 30
			}
		},
		{
			"_id": "I2132011574203943141gmY8",
			"_tpl": "57ffb0062459777a045af529",
			"parentId": "I2132011576692510423qpoz",
			"slotId": "mod_mount_000"
		},
		{
			"_id": "I213201157620161223601xR",
			"_tpl": "57ffa9f4245977728561e844",
			"parentId": "I21320115789769698898ipD",
			"slotId": "mod_handguard"
		},
		{
			"_id": "I21320115759223288624HEJ",
			"_tpl": "56def37dd2720bec348b456a",
			"parentId": "I213201157620161223601xR",
			"slotId": "mod_tactical_000",
			"upd": {
				"Light": {
					"IsActive": true,
					"SelectedMode": 0
				}
			}
		},
		{
			"_id": "I59618241539882651KDxh6U",
			"_tpl": "5857a8bc2459772bad15db29",
			"parentId": "5c6687d65e9d882c8841f0fd",
			"slotId": "SecuredContainer"
		},
		{
			"_id": "I596182427458129105A6N4H",
			"_tpl": "56dff4ecd2720b5f5a8b4568",
			"parentId": "I59618241539882651KDxh6U",
			"slotId": "main",
			"upd": {
				"StackObjectsCount": 60
			}
		},
		{
			"_id": "I59618242267103391r112Cl",
			"_tpl": "56dff421d2720b5f5a8b4567",
			"parentId": "I59618241539882651KDxh6U",
			"slotId": "main",
			"upd": {
				"StackObjectsCount": 60
			}
		},
		{
			"_id": "I59618245782518478zdnwsb",
			"_tpl": "56dff0bed2720bb0668b4567",
			"parentId": "I59618241539882651KDxh6U",
			"slotId": "main",
			"upd": {
				"StackObjectsCount": 60
			}
		},
		{
			"_id": "I596182450033775858TBprr",
			"_tpl": "56dff0bed2720bb0668b4567",
			"parentId": "I59618241539882651KDxh6U",
			"slotId": "main",
			"upd": {
				"StackObjectsCount": 60
			}
		},
		{
			"_id": "I59618246144398137OUjUtO",
			"_tpl": "56dff3afd2720bba668b4567",
			"parentId": "I59618241539882651KDxh6U",
			"slotId": "main",
			"upd": {
				"StackObjectsCount": 60
			}
		},
		{
			"_id": "I59618245346814327QCOOoM",
			"_tpl": "56dff4a2d2720bbd668b456a",
			"parentId": "I59618241539882651KDxh6U",
			"slotId": "main",
			"upd": {
				"StackObjectsCount": 60
			}
		},
		{
			"_id": "I59618243108718495WvmB8M",
			"_tpl": "56dfef82d2720bbd668b4567",
			"parentId": "I59618241539882651KDxh6U",
			"slotId": "main",
			"upd": {
				"StackObjectsCount": 60
			}
		},
		{
			"_id": "I59618246452061049QocQtg",
			"_tpl": "56dff338d2720bbd668b4569",
			"parentId": "I59618241539882651KDxh6U",
			"slotId": "main",
			"upd": {
				"StackObjectsCount": 60
			}
		},
		{
			"_id": "I59618248699487274TEIkBJ",
			"_tpl": "5c0d5e4486f77478390952fe",
			"parentId": "I59618241539882651KDxh6U",
			"slotId": "main",
			"upd": {
				"StackObjectsCount": 60
			}
		},
		{
			"_id": "I5151213316361215i8JQV33",
			"_tpl": "5e81c3cbac2bb513793cdc75",
			"parentId": "5c6687d65e9d882c8841f0fd",
			"slotId": "Holster",
			"upd": {
				"Repairable": {
					"MaxDurability": 100,
					"Durability": 100
				}
			}
		},
		{
			"_id": "I5151214357867521w3AsdCc",
			"_tpl": "5e81c519cb2b95385c177551",
			"parentId": "I5151213316361215i8JQV33",
			"slotId": "mod_barrel"
		},
		{
			"_id": "I5151216560635440dELQC43",
			"_tpl": "5e81c6bf763d9f754677beff",
			"parentId": "I5151213316361215i8JQV33",
			"slotId": "mod_pistol_grip"
		},
		{
			"_id": "I5151219539456089qslCjAf",
			"_tpl": "5e81edc13397a21db957f6a1",
			"parentId": "I5151213316361215i8JQV33",
			"slotId": "mod_reciever"
		},
		{
			"_id": "I59618244031782635F37KXb",
			"_tpl": "5e81f423763d9f754677bf2e",
			"parentId": "I5151212716233647M9k8NfA",
			"slotId": "cartridges",
			"upd": {
				"StackObjectsCount": 7
			}
		},
		{
			"_id": "I5151212716233647M9k8NfA",
			"_tpl": "5e81c4ca763d9f754677befa",
			"parentId": "I5151213316361215i8JQV33",
			"slotId": "mod_magazine"
		},
		{
			"_id": "I51512171691452758cRhyqv",
			"_tpl": "5e81c6a2ac2bb513793cdc7f",
			"parentId": "I5151213316361215i8JQV33",
			"slotId": "mod_trigger"
		},
		{
			"_id": "I5151214791483785OGxHlRf",
			"_tpl": "5e81c550763d9f754677befd",
			"parentId": "I5151213316361215i8JQV33",
			"slotId": "mod_hammer"
		},
		{
			"_id": "I5151216990468548abTjKfr",
			"_tpl": "5e81c539cb2b95385c177553",
			"parentId": "I5151213316361215i8JQV33",
			"slotId": "mod_catch"
		},
		{
			"_id": "I5151211696638511stmWRAD",
			"_tpl": "5e81ee4dcb2b95385c177582",
			"parentId": "I5151219539456089qslCjAf",
			"slotId": "mod_sight_rear",
			"upd": {
				"Sight": {
					"ScopesCurrentCalibPointIndexes": [
						0
					],
					"ScopesSelectedModes": [
						0
					],
					"SelectedScope": 0
				}
			}
		},
		{
			"_id": "I5151217614552406Xn7Y8AP",
			"_tpl": "5e81ee213397a21db957f6a6",
			"parentId": "I5151219539456089qslCjAf",
			"slotId": "mod_sight_front",
			"upd": {
				"Sight": {
					"ScopesCurrentCalibPointIndexes": [
						0
					],
					"ScopesSelectedModes": [
						0
					],
					"SelectedScope": 0
				}
			}
		},
		{
			"_id": "I59618245461681199RjYisH",
			"_tpl": "5bed61680db834001d2c45ab",
			"parentId": "I596182452053759138qesa0",
			"slotId": "1",
			"location": {
				"x": 0,
				"y": 0,
				"r": "Horizontal"
			}
		},
		{
			"_id": "I59618241072905278l6YcSw",
			"_tpl": "5c0d5e4486f77478390952fe",
			"parentId": "I59618245461681199RjYisH",
			"slotId": "cartridges",
			"upd": {
				"StackObjectsCount": 30
			}
		},
		{
			"_id": "I59618246527045418aMril6",
			"_tpl": "5bed61680db834001d2c45ab",
			"parentId": "I596182452053759138qesa0",
			"slotId": "3",
			"location": {
				"x": 0,
				"y": 0,
				"r": "Horizontal"
			}
		},
		{
			"_id": "I59618241423850684V1LZMG",
			"_tpl": "56dff0bed2720bb0668b4567",
			"parentId": "I59618246527045418aMril6",
			"slotId": "cartridges",
			"upd": {
				"StackObjectsCount": 30
			}
		},
		{
			"_id": "I59618243560887478vDDiDP",
			"_tpl": "5e81c4ca763d9f754677befa",
			"parentId": "I596182452053759138qesa0",
			"slotId": "2",
			"location": {
				"x": 0,
				"y": 0,
				"r": "Horizontal"
			}
		},
		{
			"_id": "I59618247129912853fLXEWf",
			"_tpl": "5ea2a8e200685063ec28c05a",
			"parentId": "I59618243560887478vDDiDP",
			"slotId": "cartridges",
			"upd": {
				"StackObjectsCount": 7
			}
		},
		{
			"_id": "I596182458949234704nn83c",
			"_tpl": "5e81c4ca763d9f754677befa",
			"parentId": "I596182452053759138qesa0",
			"slotId": "2",
			"location": {
				"x": 0,
				"y": 1,
				"r": "Horizontal"
			}
		},
		{
			"_id": "I59618245484351892Soqvv9",
			"_tpl": "5ea2a8e200685063ec28c05a",
			"parentId": "I596182458949234704nn83c",
			"slotId": "cartridges",
			"upd": {
				"StackObjectsCount": 7
			}
		},
		{
			"_id": "I59618243509899006TS1Nru",
			"_tpl": "57e26fc7245977162a14b800",
			"parentId": "5c6687d65e9d882c8841f0fd",
			"slotId": "Scabbard"
		},
		{
			"_id": "I59618243047379394GQ1P97",
			"_tpl": "5a43943586f77416ad2f06e2",
			"parentId": "5c6687d65e9d882c8841f0fd",
			"slotId": "Headwear"
		},
		{
			"_id": "I59618249802950179VrU2Zj",
			"_tpl": "5d6d2ef3a4b93618084f58bd",
			"parentId": "5c6687d65e9d882c8841f0fd",
			"slotId": "Eyewear"
		},
		{
			"_id": "I59618247767958974hwvyh4",
			"_tpl": "5b4326435acfc433000ed01d",
			"parentId": "5c6687d65e9d882c8841f0fd",
			"slotId": "FaceCover"
		},
		{
			"_id": "I59618247392057686GsuyCc",
			"_tpl": "5909e99886f7740c983b9984",
			"parentId": "5c6687d65e9d882c8841f121",
			"slotId": "pocket1",
			"location": {
				"x": 0,
				"y": 0,
				"r": "Horizontal"
			},
			"upd": {
				"SpawnedInSession": true
			}
		},
		{
			"_id": "I59618248735708348vl1mGA",
			"_tpl": "5734795124597738002c6176",
			"parentId": "5c6687d65e9d882c8841f121",
			"slotId": "pocket2",
			"location": {
				"x": 0,
				"y": 0,
				"r": "Horizontal"
			},
			"upd": {
				"SpawnedInSession": true
			}
		},
		{
			"_id": "I59618244856264238HdSrJf",
			"_tpl": "5751a25924597722c463c472",
			"parentId": "5c6687d65e9d882c8841f121",
			"slotId": "pocket3",
			"location": {
				"x": 0,
				"y": 0,
				"r": "Horizontal"
			},
			"upd": {
				"SpawnedInSession": true
			}
		}
	],
	"equipment": "5c6687d65e9d882c8841f0fd",
	"stash": "5c6687d65e9d882c8841f0fc",
	"questRaidItems": "5c6687d65e9d882c8841f0fe",
	"questStashItems": "5c6687d65e9d882c8841f0ff",
	"fastPanel": {}
}