{
	"items": [
		{
			"_id": "5c6687d65e9d882c8841f0fd",
			"_tpl": "55d7217a4bdc2d86028b456d"
		},
		{
			"_id": "5c6687d65e9d882c8841f121",
			"_tpl": "557ffd194bdc2d28148b457f",
			"parentId": "5c6687d65e9d882c8841f0fd",
			"slotId": "Pockets"
		},
		{
			"_id": "5c6687d65e9d882c8841f0fc",
			"_tpl": "566abbc34bdc2d92178b4576"
		},
		{
			"_id": "5c6687d65e9d882c8841f0ff",
			"_tpl": "5963866b86f7747bfa1c4462"
		},
		{
			"_id": "5c6687d65e9d882c8841f0fe",
			"_tpl": "5963866286f7747bf429b572"
		},
		{
			"_id": "I59618249114771634fzL0Xx",
			"_tpl": "5648a69d4bdc2ded0b8b457b",
			"parentId": "5c6687d65e9d882c8841f0fd",
			"slotId": "TacticalVest"
		},
		{
			"_id": "I210013969236893334BIWGt",
			"_tpl": "55801eed4bdc2d89578b4588",
			"parentId": "5c6687d65e9d882c8841f0fd",
			"slotId": "FirstPrimaryWeapon",
			"upd": {
				"Repairable": {
					"MaxDurability": 100,
					"Durability": 100
				}
			}
		},
		{
			"_id": "I59618245521854423RPdVNs",
			"_tpl": "559ba5b34bdc2d1f1a8b4582",
			"parentId": "I210013969236893334BIWGt",
			"slotId": "mod_magazine"
		},
		{
			"_id": "I5961824607190819112HtEZ",
			"_tpl": "560d61e84bdc2da74d8b4571",
			"parentId": "I59618245521854423RPdVNs",
			"slotId": "cartridges",
			"upd": {
				"StackObjectsCount": 10
			}
		},
		{
			"_id": "I21001392860003322e8k73X",
			"_tpl": "56083e1b4bdc2dc8488b4572",
			"parentId": "I210013969236893334BIWGt",
			"slotId": "mod_sight_rear",
			"upd": {
				"Sight": {
					"SelectedSightMode": 0
				}
			}
		},
		{
			"_id": "I210013935725933644d029r",
			"_tpl": "56083eab4bdc2d26448b456a",
			"parentId": "I210013969236893334BIWGt",
			"slotId": "mod_tactical"
		},
		{
			"_id": "I21001391967810040ngWZH6",
			"_tpl": "560e620e4bdc2d724b8b456b",
			"parentId": "I210013969236893334BIWGt",
			"slotId": "mod_muzzle"
		},
		{
			"_id": "I21001395431951899EQewzv",
			"_tpl": "56ea8222d2720b69698b4567",
			"parentId": "I210013969236893334BIWGt",
			"slotId": "mod_bipod"
		},
		{
			"_id": "I59618248720704748u07WwB",
			"_tpl": "5857a8bc2459772bad15db29",
			"parentId": "5c6687d65e9d882c8841f0fd",
			"slotId": "SecuredContainer"
		},
		{
			"_id": "I59618249808027305ZDo2qN",
			"_tpl": "59e77a2386f7742ee578960a",
			"parentId": "I59618248720704748u07WwB",
			"slotId": "main",
			"upd": {
				"StackObjectsCount": 60
			}
		},
		{
			"_id": "I59618249357813893zSaO2Q",
			"_tpl": "560d61e84bdc2da74d8b4571",
			"parentId": "I59618248720704748u07WwB",
			"slotId": "main",
			"upd": {
				"StackObjectsCount": 60
			}
		},
		{
			"_id": "I59618241564422229JLwm2Y",
			"_tpl": "560d61e84bdc2da74d8b4571",
			"parentId": "I59618248720704748u07WwB",
			"slotId": "main",
			"upd": {
				"StackObjectsCount": 60
			}
		},
		{
			"_id": "I59618247709200189zsO8xQ",
			"_tpl": "5e023d34e8a400319a28ed44",
			"parentId": "I59618248720704748u07WwB",
			"slotId": "main",
			"upd": {
				"StackObjectsCount": 60
			}
		},
		{
			"_id": "I59618244658805402Wo1TlD",
			"_tpl": "560d61e84bdc2da74d8b4571",
			"parentId": "I59618248720704748u07WwB",
			"slotId": "main",
			"upd": {
				"StackObjectsCount": 60
			}
		},
		{
			"_id": "I59618247403520014F2huQX",
			"_tpl": "59e77a2386f7742ee578960a",
			"parentId": "I59618248720704748u07WwB",
			"slotId": "main",
			"upd": {
				"StackObjectsCount": 60
			}
		},
		{
			"_id": "I59618247451288860CmZfD9",
			"_tpl": "560d61e84bdc2da74d8b4571",
			"parentId": "I59618248720704748u07WwB",
			"slotId": "main",
			"upd": {
				"StackObjectsCount": 60
			}
		},
		{
			"_id": "I59618244573035116nLqhTE",
			"_tpl": "59e77a2386f7742ee578960a",
			"parentId": "I59618248720704748u07WwB",
			"slotId": "main",
			"upd": {
				"StackObjectsCount": 60
			}
		},
		{
			"_id": "I59618244295364031usxCAM",
			"_tpl": "59e77a2386f7742ee578960a",
			"parentId": "I59618248720704748u07WwB",
			"slotId": "main",
			"upd": {
				"StackObjectsCount": 60
			}
		},
		{
			"_id": "I59618245871676392ayxep2",
			"_tpl": "559ba5b34bdc2d1f1a8b4582",
			"parentId": "I59618249114771634fzL0Xx",
			"slotId": "1",
			"location": {
				"x": 0,
				"y": 0,
				"r": "Horizontal"
			}
		},
		{
			"_id": "I59618241054575749rPsO1e",
			"_tpl": "560d61e84bdc2da74d8b4571",
			"parentId": "I59618245871676392ayxep2",
			"slotId": "cartridges",
			"upd": {
				"StackObjectsCount": 10
			}
		},
		{
			"_id": "I59618245588388528tSMQc4",
			"_tpl": "559ba5b34bdc2d1f1a8b4582",
			"parentId": "I59618249114771634fzL0Xx",
			"slotId": "1",
			"location": {
				"x": 0,
				"y": 1,
				"r": "Horizontal"
			}
		},
		{
			"_id": "I59618246900327910OLazNW",
			"_tpl": "59e77a2386f7742ee578960a",
			"parentId": "I59618245588388528tSMQc4",
			"slotId": "cartridges",
			"upd": {
				"StackObjectsCount": 10
			}
		},
		{
			"_id": "I59618242782077840obet2m",
			"_tpl": "559ba5b34bdc2d1f1a8b4582",
			"parentId": "I59618249114771634fzL0Xx",
			"slotId": "3",
			"location": {
				"x": 0,
				"y": 0,
				"r": "Horizontal"
			}
		},
		{
			"_id": "I59618244705924596JgLUMj",
			"_tpl": "5e023d48186a883be655e551",
			"parentId": "I59618242782077840obet2m",
			"slotId": "cartridges",
			"upd": {
				"StackObjectsCount": 10
			}
		},
		{
			"_id": "I59618246224416550qXLDXw",
			"_tpl": "559ba5b34bdc2d1f1a8b4582",
			"parentId": "I59618249114771634fzL0Xx",
			"slotId": "3",
			"location": {
				"x": 0,
				"y": 1,
				"r": "Horizontal"
			}
		},
		{
			"_id": "I59618242252469858f3Emga",
			"_tpl": "560d61e84bdc2da74d8b4571",
			"parentId": "I59618246224416550qXLDXw",
			"slotId": "cartridges",
			"upd": {
				"StackObjectsCount": 10
			}
		},
		{
			"_id": "I596182411617177870egcst",
			"_tpl": "559ba5b34bdc2d1f1a8b4582",
			"parentId": "I59618249114771634fzL0Xx",
			"slotId": "10",
			"location": {
				"x": 0,
				"y": 0,
				"r": "Horizontal"
			}
		},
		{
			"_id": "I59618247390870147qKPIkQ",
			"_tpl": "59e77a2386f7742ee578960a",
			"parentId": "I596182411617177870egcst",
			"slotId": "cartridges",
			"upd": {
				"StackObjectsCount": 10
			}
		},
		{
			"_id": "I59618243750234467OicxJ9",
			"_tpl": "559ba5b34bdc2d1f1a8b4582",
			"parentId": "I59618249114771634fzL0Xx",
			"slotId": "10",
			"location": {
				"x": 0,
				"y": 1,
				"r": "Horizontal"
			}
		},
		{
			"_id": "I59618243867507325BwkB27",
			"_tpl": "5e023cf8186a883be655e54f",
			"parentId": "I59618243750234467OicxJ9",
			"slotId": "cartridges",
			"upd": {
				"StackObjectsCount": 10
			}
		},
		{
			"_id": "I59618241675944995ialJGh",
			"_tpl": "58d3db5386f77426186285a0",
			"parentId": "I59618249114771634fzL0Xx",
			"slotId": "7"
		},
		{
			"_id": "I59618246483516238S6JyNx",
			"_tpl": "57e26fc7245977162a14b800",
			"parentId": "5c6687d65e9d882c8841f0fd",
			"slotId": "Scabbard"
		},
		{
			"_id": "I59618246957952617ecj0jV",
			"_tpl": "5b4329075acfc400153b78ff",
			"parentId": "5c6687d65e9d882c8841f0fd",
			"slotId": "Headwear"
		},
		{
			"_id": "I59618249230123274Y7PpTn",
			"_tpl": "5b432be65acfc433000ed01f",
			"parentId": "5c6687d65e9d882c8841f0fd",
			"slotId": "Eyewear"
		},
		{
			"_id": "I59618241387182611YaPe67",
			"_tpl": "5b4326435acfc433000ed01d",
			"parentId": "5c6687d65e9d882c8841f0fd",
			"slotId": "FaceCover"
		},
		{
			"_id": "I59618247916801547Nw35l9",
			"_tpl": "5e2af22086f7746d3f3c33fa",
			"parentId": "5c6687d65e9d882c8841f121",
			"slotId": "pocket1",
			"location": {
				"x": 0,
				"y": 0,
				"r": "Horizontal"
			},
			"upd": {
				"SpawnedInSession": true
			}
		}
	],
	"equipment": "5c6687d65e9d882c8841f0fd",
	"stash": "5c6687d65e9d882c8841f0fc",
	"questRaidItems": "5c6687d65e9d882c8841f0fe",
	"questStashItems": "5c6687d65e9d882c8841f0ff",
	"fastPanel": {}
}