{
	"items": [
		{
			"_id": "5c6687d65e9d882c8841f0fd",
			"_tpl": "55d7217a4bdc2d86028b456d"
		},
		{
			"_id": "5c6687d65e9d882c8841f121",
			"_tpl": "557ffd194bdc2d28148b457f",
			"parentId": "5c6687d65e9d882c8841f0fd",
			"slotId": "Pockets"
		},
		{
			"_id": "5c6687d65e9d882c8841f0fc",
			"_tpl": "566abbc34bdc2d92178b4576"
		},
		{
			"_id": "5c6687d65e9d882c8841f0ff",
			"_tpl": "5963866b86f7747bfa1c4462"
		},
		{
			"_id": "5c6687d65e9d882c8841f0fe",
			"_tpl": "5963866286f7747bf429b572"
		},
		{
			"_id": "I59618234325196671nOZiOL",
			"_tpl": "572b7adb24597762ae139821",
			"parentId": "5c6687d65e9d882c8841f0fd",
			"slotId": "TacticalVest"
		},
		{
			"_id": "I21004266062619053rUPu0w",
			"_tpl": "587e02ff24597743df3deaeb",
			"parentId": "5c6687d65e9d882c8841f0fd",
			"slotId": "FirstPrimaryWeapon",
			"upd": {
				"Repairable": {
					"MaxDurability": 100,
					"Durability": 100
				}
			}
		},
		{
			"_id": "I210042629579977294mSOx4",
			"_tpl": "587e0531245977466077a0f7",
			"parentId": "I21004266062619053rUPu0w",
			"slotId": "mod_stock"
		},
		{
			"_id": "I21004265607783668HnQrjp",
			"_tpl": "574db213245977459a2f3f5d",
			"parentId": "I21004266062619053rUPu0w",
			"slotId": "mod_sight_rear",
			"upd": {
				"Sight": {
					"SelectedSightMode": 0
				}
			}
		},
		{
			"_id": "I59618235952088602upZcWr",
			"_tpl": "587df3a12459772c28142567",
			"parentId": "I21004266062619053rUPu0w",
			"slotId": "mod_magazine"
		},
		{
			"_id": "I59618231672616456S1N7Z6",
			"_tpl": "5656d7c34bdc2d9d198b4587",
			"parentId": "I59618235952088602upZcWr",
			"slotId": "cartridges",
			"upd": {
				"StackObjectsCount": 10
			}
		},
		{
			"_id": "I21004262280997617l5swJY",
			"_tpl": "587e08ee245977446b4410cf",
			"parentId": "I21004266062619053rUPu0w",
			"slotId": "mod_mount"
		},
		{
			"_id": "I59618234067092868wrgNLL",
			"_tpl": "5857a8bc2459772bad15db29",
			"parentId": "5c6687d65e9d882c8841f0fd",
			"slotId": "SecuredContainer"
		},
		{
			"_id": "I59618231520377784TcCIAc",
			"_tpl": "59e0d99486f7744a32234762",
			"parentId": "I59618234067092868wrgNLL",
			"slotId": "main",
			"upd": {
				"StackObjectsCount": 60
			}
		},
		{
			"_id": "I59618236105245309r7ry8Y",
			"_tpl": "59e4d3d286f774176a36250a",
			"parentId": "I59618234067092868wrgNLL",
			"slotId": "main",
			"upd": {
				"StackObjectsCount": 60
			}
		},
		{
			"_id": "I59618236942715102iR6h8C",
			"_tpl": "59e4d3d286f774176a36250a",
			"parentId": "I59618234067092868wrgNLL",
			"slotId": "main",
			"upd": {
				"StackObjectsCount": 60
			}
		},
		{
			"_id": "I59618235880710014EFqFCr",
			"_tpl": "59e4d24686f7741776641ac7",
			"parentId": "I59618234067092868wrgNLL",
			"slotId": "main",
			"upd": {
				"StackObjectsCount": 60
			}
		},
		{
			"_id": "I59618236360709804oaVTcd",
			"_tpl": "5656d7c34bdc2d9d198b4587",
			"parentId": "I59618234067092868wrgNLL",
			"slotId": "main",
			"upd": {
				"StackObjectsCount": 60
			}
		},
		{
			"_id": "I59618238413633929L8BQWm",
			"_tpl": "59e0d99486f7744a32234762",
			"parentId": "I59618234067092868wrgNLL",
			"slotId": "main",
			"upd": {
				"StackObjectsCount": 60
			}
		},
		{
			"_id": "I5961823359337377343fLMf",
			"_tpl": "59e4d3d286f774176a36250a",
			"parentId": "I59618234067092868wrgNLL",
			"slotId": "main",
			"upd": {
				"StackObjectsCount": 60
			}
		},
		{
			"_id": "I596182316480534972gfZaN",
			"_tpl": "59e0d99486f7744a32234762",
			"parentId": "I59618234067092868wrgNLL",
			"slotId": "main",
			"upd": {
				"StackObjectsCount": 60
			}
		},
		{
			"_id": "I59618233477194571xwDSR6",
			"_tpl": "59e4d24686f7741776641ac7",
			"parentId": "I59618234067092868wrgNLL",
			"slotId": "main",
			"upd": {
				"StackObjectsCount": 60
			}
		},
		{
			"_id": "I59618233156518954oyxdKC",
			"_tpl": "587df3a12459772c28142567",
			"parentId": "I59618234325196671nOZiOL",
			"slotId": "2",
			"location": {
				"x": 0,
				"y": 1,
				"r": "Horizontal"
			}
		},
		{
			"_id": "I59618234384821450iHSDgw",
			"_tpl": "59e4d3d286f774176a36250a",
			"parentId": "I59618233156518954oyxdKC",
			"slotId": "cartridges",
			"upd": {
				"StackObjectsCount": 10
			}
		},
		{
			"_id": "I59618237856995434cH27bN",
			"_tpl": "5bffdc370db834001d23eca8",
			"parentId": "5c6687d65e9d882c8841f0fd",
			"slotId": "Scabbard"
		},
		{
			"_id": "I5961823330279379559DANa",
			"_tpl": "572b7f1624597762ae139822",
			"parentId": "5c6687d65e9d882c8841f0fd",
			"slotId": "FaceCover"
		},
		{
			"_id": "I59618234473394092iHMX0E",
			"_tpl": "5c1f79a086f7746ed066fb8f",
			"parentId": "5c6687d65e9d882c8841f121",
			"slotId": "pocket1",
			"location": {
				"x": 0,
				"y": 0,
				"r": "Horizontal"
			},
			"upd": {
				"SpawnedInSession": true
			}
		},
		{
			"_id": "I596182388416230186Zfbpn",
			"_tpl": "5734795124597738002c6176",
			"parentId": "5c6687d65e9d882c8841f121",
			"slotId": "pocket2",
			"location": {
				"x": 0,
				"y": 0,
				"r": "Horizontal"
			},
			"upd": {
				"SpawnedInSession": true
			}
		},
		{
			"_id": "I59618231530784228CeY2Io",
			"_tpl": "5d1b313086f77425227d1678",
			"parentId": "5c6687d65e9d882c8841f121",
			"slotId": "pocket3",
			"location": {
				"x": 0,
				"y": 0,
				"r": "Horizontal"
			},
			"upd": {
				"SpawnedInSession": true
			}
		}
	],
	"equipment": "5c6687d65e9d882c8841f0fd",
	"stash": "5c6687d65e9d882c8841f0fc",
	"questRaidItems": "5c6687d65e9d882c8841f0fe",
	"questStashItems": "5c6687d65e9d882c8841f0ff",
	"fastPanel": {}
}