{
	"items": [
		{
			"_id": "5c6687d65e9d882c8841f0fd",
			"_tpl": "55d7217a4bdc2d86028b456d"
		},
		{
			"_id": "5c6687d65e9d882c8841f121",
			"_tpl": "557ffd194bdc2d28148b457f",
			"parentId": "5c6687d65e9d882c8841f0fd",
			"slotId": "Pockets"
		},
		{
			"_id": "5c6687d65e9d882c8841f0fc",
			"_tpl": "566abbc34bdc2d92178b4576"
		},
		{
			"_id": "5c6687d65e9d882c8841f0ff",
			"_tpl": "5963866b86f7747bfa1c4462"
		},
		{
			"_id": "5c6687d65e9d882c8841f0fe",
			"_tpl": "5963866286f7747bf429b572"
		},
		{
			"_id": "I59618242817481134B9bO1u",
			"_tpl": "5d5d8ca986f7742798716522",
			"parentId": "5c6687d65e9d882c8841f0fd",
			"slotId": "TacticalVest"
		},
		{
			"_id": "I5150552116540059T4rYNgi",
			"_tpl": "5ea03f7400685063ec28bfa8",
			"parentId": "5c6687d65e9d882c8841f0fd",
			"slotId": "FirstPrimaryWeapon",
			"upd": {
				"Repairable": {
					"MaxDurability": 100,
					"Durability": 100
				}
			}
		},
		{
			"_id": "I5150553528310628A6nWXdz",
			"_tpl": "5ea03e9400685063ec28bfa4",
			"parentId": "I5150552116540059T4rYNgi",
			"slotId": "mod_stock"
		},
		{
			"_id": "I59618245873437945BLBjyb",
			"_tpl": "5ea034eb5aad6446a939737b",
			"parentId": "I5150552116540059T4rYNgi",
			"slotId": "mod_magazine"
		},
		{
			"_id": "I596182447155909695GVzIe",
			"_tpl": "5735ff5c245977640e39ba7e",
			"parentId": "I59618245873437945BLBjyb",
			"slotId": "cartridges",
			"upd": {
				"StackObjectsCount": 35
			}
		},
		{
			"_id": "I5150559648337341tsIMDEL",
			"_tpl": "5ea03e5009aa976f2e7a514b",
			"parentId": "I5150552116540059T4rYNgi",
			"slotId": "mod_reciever"
		},
		{
			"_id": "I5150558717598210ybApxht",
			"_tpl": "5ea02bb600685063ec28bfa1",
			"parentId": "I5150552116540059T4rYNgi",
			"slotId": "mod_barrel"
		},
		{
			"_id": "I59618242476214147A3pKlQ",
			"_tpl": "5857a8bc2459772bad15db29",
			"parentId": "5c6687d65e9d882c8841f0fd",
			"slotId": "SecuredContainer"
		},
		{
			"_id": "I59618242370211946HOe65r",
			"_tpl": "5736026a245977644601dc61",
			"parentId": "I59618242476214147A3pKlQ",
			"slotId": "main",
			"upd": {
				"StackObjectsCount": 60
			}
		},
		{
			"_id": "I59618246470765469xRK7JQ",
			"_tpl": "573603c924597764442bd9cb",
			"parentId": "I59618242476214147A3pKlQ",
			"slotId": "main",
			"upd": {
				"StackObjectsCount": 60
			}
		},
		{
			"_id": "I596182448414334805JxkFl",
			"_tpl": "573603562459776430731618",
			"parentId": "I59618242476214147A3pKlQ",
			"slotId": "main",
			"upd": {
				"StackObjectsCount": 60
			}
		},
		{
			"_id": "I5961824658659572419IDE0",
			"_tpl": "573603562459776430731618",
			"parentId": "I59618242476214147A3pKlQ",
			"slotId": "main",
			"upd": {
				"StackObjectsCount": 60
			}
		},
		{
			"_id": "I59618244911767093kNIbM3",
			"_tpl": "5736026a245977644601dc61",
			"parentId": "I59618242476214147A3pKlQ",
			"slotId": "main",
			"upd": {
				"StackObjectsCount": 60
			}
		},
		{
			"_id": "I59618246143656919GzJ2yo",
			"_tpl": "573603c924597764442bd9cb",
			"parentId": "I59618242476214147A3pKlQ",
			"slotId": "main",
			"upd": {
				"StackObjectsCount": 60
			}
		},
		{
			"_id": "I59618244563599940N7hcij",
			"_tpl": "5735ff5c245977640e39ba7e",
			"parentId": "I59618242476214147A3pKlQ",
			"slotId": "main",
			"upd": {
				"StackObjectsCount": 60
			}
		},
		{
			"_id": "I59618245502632162QkndXv",
			"_tpl": "573601b42459776410737435",
			"parentId": "I59618242476214147A3pKlQ",
			"slotId": "main",
			"upd": {
				"StackObjectsCount": 60
			}
		},
		{
			"_id": "I59618246961508213lmLok8",
			"_tpl": "5735ff5c245977640e39ba7e",
			"parentId": "I59618242476214147A3pKlQ",
			"slotId": "main",
			"upd": {
				"StackObjectsCount": 60
			}
		},
		{
			"_id": "I59618248475743410znq7sZ",
			"_tpl": "544fb25a4bdc2dfb738b4567",
			"parentId": "I59618242817481134B9bO1u",
			"slotId": "2"
		},
		{
			"_id": "I59618247241964728MDp1nZ",
			"_tpl": "5ea034eb5aad6446a939737b",
			"parentId": "I59618242817481134B9bO1u",
			"slotId": "3",
			"location": {
				"x": 0,
				"y": 0,
				"r": "Horizontal"
			}
		},
		{
			"_id": "I59618245242386363IHpJQy",
			"_tpl": "573601b42459776410737435",
			"parentId": "I59618247241964728MDp1nZ",
			"slotId": "cartridges",
			"upd": {
				"StackObjectsCount": 35
			}
		},
		{
			"_id": "I59618243136209330qZZGSK",
			"_tpl": "5ea034eb5aad6446a939737b",
			"parentId": "I59618242817481134B9bO1u",
			"slotId": "1",
			"location": {
				"x": 0,
				"y": 0,
				"r": "Horizontal"
			}
		},
		{
			"_id": "I5961824150121628358RAKp",
			"_tpl": "573603562459776430731618",
			"parentId": "I59618243136209330qZZGSK",
			"slotId": "cartridges",
			"upd": {
				"StackObjectsCount": 35
			}
		},
		{
			"_id": "I59618247412734056Tyz5f6",
			"_tpl": "5ea034eb5aad6446a939737b",
			"parentId": "I59618242817481134B9bO1u",
			"slotId": "1",
			"location": {
				"x": 1,
				"y": 0,
				"r": "Horizontal"
			}
		},
		{
			"_id": "I59618243159235441cqHtzg",
			"_tpl": "5736026a245977644601dc61",
			"parentId": "I59618247412734056Tyz5f6",
			"slotId": "cartridges",
			"upd": {
				"StackObjectsCount": 35
			}
		},
		{
			"_id": "I59618247677014666zpFpDz",
			"_tpl": "5bffdc370db834001d23eca8",
			"parentId": "5c6687d65e9d882c8841f0fd",
			"slotId": "Scabbard"
		},
		{
			"_id": "I59618248959640143uTeoqa",
			"_tpl": "5b4329075acfc400153b78ff",
			"parentId": "5c6687d65e9d882c8841f0fd",
			"slotId": "Headwear"
		},
		{
			"_id": "I59618242252016449lqoGO7",
			"_tpl": "572b7f1624597762ae139822",
			"parentId": "5c6687d65e9d882c8841f0fd",
			"slotId": "FaceCover"
		}
	],
	"equipment": "5c6687d65e9d882c8841f0fd",
	"stash": "5c6687d65e9d882c8841f0fc",
	"questRaidItems": "5c6687d65e9d882c8841f0fe",
	"questStashItems": "5c6687d65e9d882c8841f0ff",
	"fastPanel": {}
}