{
	"items": [
		{
			"_id": "5c6687d65e9d882c8841f0fd",
			"_tpl": "55d7217a4bdc2d86028b456d"
		},
		{
			"_id": "5c6687d65e9d882c8841f121",
			"_tpl": "557ffd194bdc2d28148b457f",
			"parentId": "5c6687d65e9d882c8841f0fd",
			"slotId": "Pockets"
		},
		{
			"_id": "5c6687d65e9d882c8841f0fc",
			"_tpl": "566abbc34bdc2d92178b4576"
		},
		{
			"_id": "5c6687d65e9d882c8841f0ff",
			"_tpl": "5963866b86f7747bfa1c4462"
		},
		{
			"_id": "5c6687d65e9d882c8841f0fe",
			"_tpl": "5963866286f7747bf429b572"
		},
		{
			"_id": "I59618246596841490y9anHl",
			"_tpl": "5ca20abf86f77418567a43f2",
			"parentId": "5c6687d65e9d882c8841f0fd",
			"slotId": "TacticalVest"
		},
		{
			"_id": "I2100503357734355865zrLD",
			"_tpl": "5abcbc27d8ce8700182eceeb",
			"parentId": "5c6687d65e9d882c8841f0fd",
			"slotId": "FirstPrimaryWeapon",
			"upd": {
				"Repairable": {
					"MaxDurability": 100,
					"Durability": 100
				}
			}
		},
		{
			"_id": "I210050334603785294C46TS",
			"_tpl": "59d64ec286f774171d1e0a42",
			"parentId": "I2100503357734355865zrLD",
			"slotId": "mod_gas_block"
		},
		{
			"_id": "I210050338601552827l77uI",
			"_tpl": "59e61eb386f77440d64f5daf",
			"parentId": "I2100503357734355865zrLD",
			"slotId": "mod_muzzle"
		},
		{
			"_id": "I210050331845165111n3Mvv",
			"_tpl": "5a0071d486f77404e23a12b2",
			"parentId": "I2100503357734355865zrLD",
			"slotId": "mod_pistol_grip_akms"
		},
		{
			"_id": "I210050331178298252put3r",
			"_tpl": "59d650cf86f7741b846413a4",
			"parentId": "I2100503357734355865zrLD",
			"slotId": "mod_sight_rear",
			"upd": {
				"Sight": {
					"SelectedSightMode": 0
				}
			}
		},
		{
			"_id": "I59618243218090174haEcEv",
			"_tpl": "5e21a3c67e40bd02257a008a",
			"parentId": "I2100503357734355865zrLD",
			"slotId": "mod_magazine"
		},
		{
			"_id": "I59618248967028951SPOVxF",
			"_tpl": "59e4d24686f7741776641ac7",
			"parentId": "I59618243218090174haEcEv",
			"slotId": "cartridges",
			"upd": {
				"StackObjectsCount": 30
			}
		},
		{
			"_id": "I210050335805439933Twowk",
			"_tpl": "59d64f2f86f77417193ef8b3",
			"parentId": "I210050334603785294C46TS",
			"slotId": "mod_handguard"
		},
		{
			"_id": "I59618243336940595IVvgGO",
			"_tpl": "5857a8bc2459772bad15db29",
			"parentId": "5c6687d65e9d882c8841f0fd",
			"slotId": "SecuredContainer"
		},
		{
			"_id": "I59618242239464970QX61pz",
			"_tpl": "59e0d99486f7744a32234762",
			"parentId": "I59618243336940595IVvgGO",
			"slotId": "main",
			"upd": {
				"StackObjectsCount": 60
			}
		},
		{
			"_id": "I596182492044397417u8moq",
			"_tpl": "59e0d99486f7744a32234762",
			"parentId": "I59618243336940595IVvgGO",
			"slotId": "main",
			"upd": {
				"StackObjectsCount": 60
			}
		},
		{
			"_id": "I59618243597465845ikDh2j",
			"_tpl": "59e4d3d286f774176a36250a",
			"parentId": "I59618243336940595IVvgGO",
			"slotId": "main",
			"upd": {
				"StackObjectsCount": 60
			}
		},
		{
			"_id": "I59618243329377323ozRDTB",
			"_tpl": "59e4d24686f7741776641ac7",
			"parentId": "I59618243336940595IVvgGO",
			"slotId": "main",
			"upd": {
				"StackObjectsCount": 60
			}
		},
		{
			"_id": "I596182451633627474vKuxs",
			"_tpl": "59e0d99486f7744a32234762",
			"parentId": "I59618243336940595IVvgGO",
			"slotId": "main",
			"upd": {
				"StackObjectsCount": 60
			}
		},
		{
			"_id": "I59618244086864750efTti1",
			"_tpl": "5656d7c34bdc2d9d198b4587",
			"parentId": "I59618243336940595IVvgGO",
			"slotId": "main",
			"upd": {
				"StackObjectsCount": 60
			}
		},
		{
			"_id": "I59618245540683723Z5dXv7",
			"_tpl": "59e4cf5286f7741778269d8a",
			"parentId": "I59618243336940595IVvgGO",
			"slotId": "main",
			"upd": {
				"StackObjectsCount": 60
			}
		},
		{
			"_id": "I596182483235545887JRccq",
			"_tpl": "59e4cf5286f7741778269d8a",
			"parentId": "I59618243336940595IVvgGO",
			"slotId": "main",
			"upd": {
				"StackObjectsCount": 60
			}
		},
		{
			"_id": "I59618245333394944TxLpSd",
			"_tpl": "59e0d99486f7744a32234762",
			"parentId": "I59618243336940595IVvgGO",
			"slotId": "main",
			"upd": {
				"StackObjectsCount": 60
			}
		},
		{
			"_id": "I596182450450420847YUdUZ",
			"_tpl": "5a0060fc86f7745793204432",
			"parentId": "I59618246596841490y9anHl",
			"slotId": "1",
			"location": {
				"x": 0,
				"y": 0,
				"r": "Horizontal"
			}
		},
		{
			"_id": "I59618247026947893N6Ka5x",
			"_tpl": "59e4d3d286f774176a36250a",
			"parentId": "I596182450450420847YUdUZ",
			"slotId": "cartridges",
			"upd": {
				"StackObjectsCount": 30
			}
		},
		{
			"_id": "I59618247794602774QpvyTS",
			"_tpl": "5a0060fc86f7745793204432",
			"parentId": "I59618246596841490y9anHl",
			"slotId": "3",
			"location": {
				"x": 0,
				"y": 0,
				"r": "Horizontal"
			}
		},
		{
			"_id": "I59618242957784282Mtbwzj",
			"_tpl": "59e4cf5286f7741778269d8a",
			"parentId": "I59618247794602774QpvyTS",
			"slotId": "cartridges",
			"upd": {
				"StackObjectsCount": 30
			}
		},
		{
			"_id": "I59618245630558348OK3jeW",
			"_tpl": "5a0060fc86f7745793204432",
			"parentId": "I59618246596841490y9anHl",
			"slotId": "5",
			"location": {
				"x": 0,
				"y": 0,
				"r": "Horizontal"
			}
		},
		{
			"_id": "I59618243744192091Ta5ioW",
			"_tpl": "59e0d99486f7744a32234762",
			"parentId": "I59618245630558348OK3jeW",
			"slotId": "cartridges",
			"upd": {
				"StackObjectsCount": 30
			}
		},
		{
			"_id": "I59618247389286696UKzeNd",
			"_tpl": "544fb37f4bdc2dee738b4567",
			"parentId": "I59618246596841490y9anHl",
			"slotId": "7"
		},
		{
			"_id": "I59618243326743299joZ3dy",
			"_tpl": "54491bb74bdc2d09088b4567",
			"parentId": "5c6687d65e9d882c8841f0fd",
			"slotId": "Scabbard"
		},
		{
			"_id": "I59618245494044759g7m6mn",
			"_tpl": "5df8a58286f77412631087ed",
			"parentId": "5c6687d65e9d882c8841f0fd",
			"slotId": "Headwear"
		},
		{
			"_id": "I59618249718655078sIhtIS",
			"_tpl": "5aa2b986e5b5b00014028f4c",
			"parentId": "5c6687d65e9d882c8841f0fd",
			"slotId": "Eyewear"
		},
		{
			"_id": "I59618241283057709jt86iz",
			"_tpl": "59e7715586f7742ee5789605",
			"parentId": "5c6687d65e9d882c8841f0fd",
			"slotId": "FaceCover"
		},
		{
			"_id": "I59618242112115408DrfPg4",
			"_tpl": "56e33634d2720bd8058b456b",
			"parentId": "5c6687d65e9d882c8841f0fd",
			"slotId": "Backpack"
		},
		{
			"_id": "I59618247376403721Kw7jfe",
			"_tpl": "5c052e6986f7746b207bc3c9",
			"parentId": "I59618242112115408DrfPg4",
			"slotId": "main",
			"location": {
				"x": 0,
				"y": 0,
				"r": "Horizontal"
			}
		},
		{
			"_id": "I59618241678530851Gn3vIF",
			"_tpl": "59e3577886f774176a362503",
			"parentId": "I59618242112115408DrfPg4",
			"slotId": "main",
			"location": {
				"x": 0,
				"y": 1,
				"r": "Horizontal"
			}
		},
		{
			"_id": "I59618249515677059l0NbMR",
			"_tpl": "5909e99886f7740c983b9984",
			"parentId": "5c6687d65e9d882c8841f121",
			"slotId": "pocket1",
			"location": {
				"x": 0,
				"y": 0,
				"r": "Horizontal"
			},
			"upd": {
				"SpawnedInSession": true
			}
		}
	],
	"equipment": "5c6687d65e9d882c8841f0fd",
	"stash": "5c6687d65e9d882c8841f0fc",
	"questRaidItems": "5c6687d65e9d882c8841f0fe",
	"questStashItems": "5c6687d65e9d882c8841f0ff",
	"fastPanel": {}
}