{
	"items": [
		{
			"_id": "5c6687d65e9d882c8841f0fd",
			"_tpl": "55d7217a4bdc2d86028b456d"
		},
		{
			"_id": "5c6687d65e9d882c8841f121",
			"_tpl": "557ffd194bdc2d28148b457f",
			"parentId": "5c6687d65e9d882c8841f0fd",
			"slotId": "Pockets"
		},
		{
			"_id": "5c6687d65e9d882c8841f0fc",
			"_tpl": "566abbc34bdc2d92178b4576"
		},
		{
			"_id": "5c6687d65e9d882c8841f0ff",
			"_tpl": "5963866b86f7747bfa1c4462"
		},
		{
			"_id": "5c6687d65e9d882c8841f0fe",
			"_tpl": "5963866286f7747bf429b572"
		},
		{
			"_id": "I59618241966164450YmLnQ9",
			"_tpl": "5929a2a086f7744f4b234d43",
			"parentId": "5c6687d65e9d882c8841f0fd",
			"slotId": "TacticalVest"
		},
		{
			"_id": "I210013502705308923ayhp4",
			"_tpl": "5de652c31b7e3716273428be",
			"parentId": "5c6687d65e9d882c8841f0fd",
			"slotId": "FirstPrimaryWeapon",
			"upd": {
				"Repairable": {
					"MaxDurability": 100,
					"Durability": 100
				}
			}
		},
		{
			"_id": "I59618246235001547Wl9tg9",
			"_tpl": "5de653abf76fdc1ce94a5a2a",
			"parentId": "I210013502705308923ayhp4",
			"slotId": "mod_magazine"
		},
		{
			"_id": "I59618249192578454w7S1ZJ",
			"_tpl": "59e6658b86f77411d949b250",
			"parentId": "I59618246235001547Wl9tg9",
			"slotId": "cartridges",
			"upd": {
				"StackObjectsCount": 4
			}
		},
		{
			"_id": "I210013504198138994tT6uc",
			"_tpl": "5de655be4a9f347bc92edb88",
			"parentId": "I210013502705308923ayhp4",
			"slotId": "mod_stock"
		},
		{
			"_id": "I210013503604083775dsBDL",
			"_tpl": "5de65547883dde217541644b",
			"parentId": "I210013502705308923ayhp4",
			"slotId": "mod_barrel"
		},
		{
			"_id": "I210013508671591970MRz52",
			"_tpl": "5de6558e9f98ac2bc65950fc",
			"parentId": "I210013502705308923ayhp4",
			"slotId": "mod_mount"
		},
		{
			"_id": "I2100135084853553903uGeQ",
			"_tpl": "5de6556a205ddc616a6bc4f7",
			"parentId": "I210013503604083775dsBDL",
			"slotId": "mod_muzzle"
		},
		{
			"_id": "I596182430996406849kHjXK",
			"_tpl": "5857a8bc2459772bad15db29",
			"parentId": "5c6687d65e9d882c8841f0fd",
			"slotId": "SecuredContainer"
		},
		{
			"_id": "I59618249013922895ABauSM",
			"_tpl": "59e655cb86f77411dc52a77b",
			"parentId": "I596182430996406849kHjXK",
			"slotId": "main",
			"upd": {
				"StackObjectsCount": 60
			}
		},
		{
			"_id": "I59618247598279339Y2k9of",
			"_tpl": "59e6542b86f77411dc52a77a",
			"parentId": "I596182430996406849kHjXK",
			"slotId": "main",
			"upd": {
				"StackObjectsCount": 60
			}
		},
		{
			"_id": "I59618247014562081BJYnYK",
			"_tpl": "59e655cb86f77411dc52a77b",
			"parentId": "I596182430996406849kHjXK",
			"slotId": "main",
			"upd": {
				"StackObjectsCount": 60
			}
		},
		{
			"_id": "I59618241123073275dfSBlK",
			"_tpl": "59e6658b86f77411d949b250",
			"parentId": "I596182430996406849kHjXK",
			"slotId": "main",
			"upd": {
				"StackObjectsCount": 60
			}
		},
		{
			"_id": "I59618249802277296FqEwiK",
			"_tpl": "59e6658b86f77411d949b250",
			"parentId": "I596182430996406849kHjXK",
			"slotId": "main",
			"upd": {
				"StackObjectsCount": 60
			}
		},
		{
			"_id": "I59618249246582189JhFpgf",
			"_tpl": "59e6542b86f77411dc52a77a",
			"parentId": "I596182430996406849kHjXK",
			"slotId": "main",
			"upd": {
				"StackObjectsCount": 60
			}
		},
		{
			"_id": "I59618246619705863Rx0qwN",
			"_tpl": "59e6542b86f77411dc52a77a",
			"parentId": "I596182430996406849kHjXK",
			"slotId": "main",
			"upd": {
				"StackObjectsCount": 60
			}
		},
		{
			"_id": "I59618242628738583rN1Ys1",
			"_tpl": "59e6542b86f77411dc52a77a",
			"parentId": "I596182430996406849kHjXK",
			"slotId": "main",
			"upd": {
				"StackObjectsCount": 60
			}
		},
		{
			"_id": "I59618249377835522tgOjYp",
			"_tpl": "59e6542b86f77411dc52a77a",
			"parentId": "I596182430996406849kHjXK",
			"slotId": "main",
			"upd": {
				"StackObjectsCount": 60
			}
		},
		{
			"_id": "I59618248040969248wXzPk9",
			"_tpl": "5de653abf76fdc1ce94a5a2a",
			"parentId": "I59618241966164450YmLnQ9",
			"slotId": "3",
			"location": {
				"x": 0,
				"y": 0,
				"r": "Horizontal"
			}
		},
		{
			"_id": "I59618242003532907e0dAdu",
			"_tpl": "59e6542b86f77411dc52a77a",
			"parentId": "I59618248040969248wXzPk9",
			"slotId": "cartridges",
			"upd": {
				"StackObjectsCount": 4
			}
		},
		{
			"_id": "I596182455222742139QzeqG",
			"_tpl": "5de653abf76fdc1ce94a5a2a",
			"parentId": "I59618241966164450YmLnQ9",
			"slotId": "5",
			"location": {
				"x": 0,
				"y": 0,
				"r": "Horizontal"
			}
		},
		{
			"_id": "I59618249503138228pbAC51",
			"_tpl": "59e655cb86f77411dc52a77b",
			"parentId": "I596182455222742139QzeqG",
			"slotId": "cartridges",
			"upd": {
				"StackObjectsCount": 4
			}
		},
		{
			"_id": "I59618243906497952uuiwTy",
			"_tpl": "5de653abf76fdc1ce94a5a2a",
			"parentId": "I59618241966164450YmLnQ9",
			"slotId": "5",
			"location": {
				"x": 0,
				"y": 1,
				"r": "Horizontal"
			}
		},
		{
			"_id": "I59618242691549813H6N8J0",
			"_tpl": "59e6658b86f77411d949b250",
			"parentId": "I59618243906497952uuiwTy",
			"slotId": "cartridges",
			"upd": {
				"StackObjectsCount": 4
			}
		},
		{
			"_id": "I596182417963953801W288D",
			"_tpl": "5a0c27731526d80618476ac4",
			"parentId": "I59618241966164450YmLnQ9",
			"slotId": "8"
		},
		{
			"_id": "I596182440809614265UtHCx",
			"_tpl": "57e26ea924597715ca604a09",
			"parentId": "5c6687d65e9d882c8841f0fd",
			"slotId": "Scabbard"
		},
		{
			"_id": "I59618241630518928xv1qbN",
			"_tpl": "5df8a58286f77412631087ed",
			"parentId": "5c6687d65e9d882c8841f0fd",
			"slotId": "Headwear"
		},
		{
			"_id": "I59618249613793206vkPYwO",
			"_tpl": "5d6d2ef3a4b93618084f58bd",
			"parentId": "5c6687d65e9d882c8841f0fd",
			"slotId": "Eyewear"
		},
		{
			"_id": "I59618243009855500YUBIEx",
			"_tpl": "5b4326435acfc433000ed01d",
			"parentId": "5c6687d65e9d882c8841f0fd",
			"slotId": "FaceCover"
		},
		{
			"_id": "I59618245687497145kiY9A2",
			"_tpl": "5b44d22286f774172b0c9de8",
			"parentId": "5c6687d65e9d882c8841f0fd",
			"slotId": "ArmorVest",
			"upd": {
				"Repairable": {
					"MaxDurability": 70,
					"Durability": 28
				}
			}
		},
		{
			"_id": "I59618246235237142YqCODL",
			"_tpl": "5d80c88d86f77440556dbf07",
			"parentId": "5c6687d65e9d882c8841f121",
			"slotId": "pocket1",
			"location": {
				"x": 0,
				"y": 0,
				"r": "Horizontal"
			},
			"upd": {
				"SpawnedInSession": true
			}
		}
	],
	"equipment": "5c6687d65e9d882c8841f0fd",
	"stash": "5c6687d65e9d882c8841f0fc",
	"questRaidItems": "5c6687d65e9d882c8841f0fe",
	"questStashItems": "5c6687d65e9d882c8841f0ff",
	"fastPanel": {}
}