{
	"items": [
		{
			"_id": "5c6687d65e9d882c8841f0fd",
			"_tpl": "55d7217a4bdc2d86028b456d"
		},
		{
			"_id": "5c6687d65e9d882c8841f121",
			"_tpl": "557ffd194bdc2d28148b457f",
			"parentId": "5c6687d65e9d882c8841f0fd",
			"slotId": "Pockets"
		},
		{
			"_id": "5c6687d65e9d882c8841f0fc",
			"_tpl": "566abbc34bdc2d92178b4576"
		},
		{
			"_id": "5c6687d65e9d882c8841f0ff",
			"_tpl": "5963866b86f7747bfa1c4462"
		},
		{
			"_id": "5c6687d65e9d882c8841f0fe",
			"_tpl": "5963866286f7747bf429b572"
		},
		{
			"_id": "I59618248179396399uxt3F1",
			"_tpl": "5929a2a086f7744f4b234d43",
			"parentId": "5c6687d65e9d882c8841f0fd",
			"slotId": "TacticalVest"
		},
		{
			"_id": "I331017482780841435AhGt6",
			"_tpl": "5ab8e9fcd8ce870019439434",
			"parentId": "5c6687d65e9d882c8841f0fd",
			"slotId": "FirstPrimaryWeapon",
			"upd": {
				"Repairable": {
					"MaxDurability": 100,
					"Durability": 100
				}
			}
		},
		{
			"_id": "I3310174856292415005HYwu",
			"_tpl": "59c6633186f7740cf0493bb9",
			"parentId": "I331017482780841435AhGt6",
			"slotId": "mod_gas_block"
		},
		{
			"_id": "I331017485185961610JvntI",
			"_tpl": "5649aa744bdc2ded0b8b457e",
			"parentId": "I331017482780841435AhGt6",
			"slotId": "mod_muzzle"
		},
		{
			"_id": "I3310174882290139167WR2R",
			"_tpl": "57e3dba62459770f0c32322b",
			"parentId": "I331017482780841435AhGt6",
			"slotId": "mod_pistol_grip"
		},
		{
			"_id": "I331017482580523344idHJD",
			"_tpl": "5649b0544bdc2d1b2b8b458a",
			"parentId": "I331017482780841435AhGt6",
			"slotId": "mod_sight_rear",
			"upd": {
				"Sight": {
					"SelectedSightMode": 0
				}
			}
		},
		{
			"_id": "I331017484401527346Lw7Hl",
			"_tpl": "5ab626e4d8ce87272e4c6e43",
			"parentId": "I331017482780841435AhGt6",
			"slotId": "mod_stock"
		},
		{
			"_id": "I59618248599983677cmmP4D",
			"_tpl": "5cbdaf89ae9215000e5b9c94",
			"parentId": "I331017482780841435AhGt6",
			"slotId": "mod_magazine"
		},
		{
			"_id": "I59618249967396175mXCwKm",
			"_tpl": "56dff2ced2720bb4668b4567",
			"parentId": "I59618248599983677cmmP4D",
			"slotId": "cartridges",
			"upd": {
				"StackObjectsCount": 30
			}
		},
		{
			"_id": "I331017485538352065oHxLJ",
			"_tpl": "5648b0744bdc2d363b8b4578",
			"parentId": "I3310174856292415005HYwu",
			"slotId": "mod_handguard"
		},
		{
			"_id": "I59618248234231989PM6rN6",
			"_tpl": "5857a8bc2459772bad15db29",
			"parentId": "5c6687d65e9d882c8841f0fd",
			"slotId": "SecuredContainer"
		},
		{
			"_id": "I59618241546947172wVAExV",
			"_tpl": "56dff061d2720bb5668b4567",
			"parentId": "I59618248234231989PM6rN6",
			"slotId": "main",
			"upd": {
				"StackObjectsCount": 60
			}
		},
		{
			"_id": "I59618244027472827tFqPFa",
			"_tpl": "56dff026d2720bb8668b4567",
			"parentId": "I59618248234231989PM6rN6",
			"slotId": "main",
			"upd": {
				"StackObjectsCount": 60
			}
		},
		{
			"_id": "I59618244913411874D4KMJo",
			"_tpl": "56dff4a2d2720bbd668b456a",
			"parentId": "I59618248234231989PM6rN6",
			"slotId": "main",
			"upd": {
				"StackObjectsCount": 60
			}
		},
		{
			"_id": "I59618249190689547hxXD4x",
			"_tpl": "56dff3afd2720bba668b4567",
			"parentId": "I59618248234231989PM6rN6",
			"slotId": "main",
			"upd": {
				"StackObjectsCount": 60
			}
		},
		{
			"_id": "I59618244820770586VnaoFe",
			"_tpl": "56dff4a2d2720bbd668b456a",
			"parentId": "I59618248234231989PM6rN6",
			"slotId": "main",
			"upd": {
				"StackObjectsCount": 60
			}
		},
		{
			"_id": "I59618244549558693MZI5Xv",
			"_tpl": "56dff0bed2720bb0668b4567",
			"parentId": "I59618248234231989PM6rN6",
			"slotId": "main",
			"upd": {
				"StackObjectsCount": 60
			}
		},
		{
			"_id": "I59618248173927850lfgU9T",
			"_tpl": "56dff216d2720bbd668b4568",
			"parentId": "I59618248234231989PM6rN6",
			"slotId": "main",
			"upd": {
				"StackObjectsCount": 60
			}
		},
		{
			"_id": "I59618242258174698X13ti7",
			"_tpl": "56dff338d2720bbd668b4569",
			"parentId": "I59618248234231989PM6rN6",
			"slotId": "main",
			"upd": {
				"StackObjectsCount": 60
			}
		},
		{
			"_id": "I596182489130623878tM8vj",
			"_tpl": "56dff338d2720bbd668b4569",
			"parentId": "I59618248234231989PM6rN6",
			"slotId": "main",
			"upd": {
				"StackObjectsCount": 60
			}
		},
		{
			"_id": "I59618245324989573EPrCWj",
			"_tpl": "564ca99c4bdc2d16268b4589",
			"parentId": "I59618248179396399uxt3F1",
			"slotId": "3",
			"location": {
				"x": 0,
				"y": 0,
				"r": "Horizontal"
			}
		},
		{
			"_id": "I59618247953995989nW2m9Z",
			"_tpl": "56dff026d2720bb8668b4567",
			"parentId": "I59618245324989573EPrCWj",
			"slotId": "cartridges",
			"upd": {
				"StackObjectsCount": 30
			}
		},
		{
			"_id": "I59618245475333295FqBQnW",
			"_tpl": "5448be9a4bdc2dfd2f8b456a",
			"parentId": "I59618248179396399uxt3F1",
			"slotId": "5"
		},
		{
			"_id": "I59618249949005720WD95rq",
			"_tpl": "564ca99c4bdc2d16268b4589",
			"parentId": "I59618248179396399uxt3F1",
			"slotId": "6",
			"location": {
				"x": 0,
				"y": 0,
				"r": "Horizontal"
			}
		},
		{
			"_id": "I59618246370882712Ndo0dB",
			"_tpl": "56dff061d2720bb5668b4567",
			"parentId": "I59618249949005720WD95rq",
			"slotId": "cartridges",
			"upd": {
				"StackObjectsCount": 30
			}
		},
		{
			"_id": "I59618245552117697Ui1X6q",
			"_tpl": "54491bb74bdc2d09088b4567",
			"parentId": "5c6687d65e9d882c8841f0fd",
			"slotId": "Scabbard"
		},
		{
			"_id": "I59618248524318004GCWqw9",
			"_tpl": "5aa2a7e8e5b5b00016327c16",
			"parentId": "5c6687d65e9d882c8841f0fd",
			"slotId": "Headwear"
		},
		{
			"_id": "I596182458415774075ekvRL",
			"_tpl": "5d6d2ef3a4b93618084f58bd",
			"parentId": "5c6687d65e9d882c8841f0fd",
			"slotId": "Eyewear"
		},
		{
			"_id": "I59618246179421468XVLnxP",
			"_tpl": "5bd06f5d86f77427101ad47c",
			"parentId": "5c6687d65e9d882c8841f0fd",
			"slotId": "FaceCover"
		},
		{
			"_id": "I59618246487231906GFEv1b",
			"_tpl": "5c0e5edb86f77461f55ed1f7",
			"parentId": "5c6687d65e9d882c8841f0fd",
			"slotId": "ArmorVest",
			"upd": {
				"Repairable": {
					"MaxDurability": 50,
					"Durability": 10
				}
			}
		},
		{
			"_id": "I596182498470727216uIXW6",
			"_tpl": "59e3577886f774176a362503",
			"parentId": "5c6687d65e9d882c8841f121",
			"slotId": "pocket1",
			"location": {
				"x": 0,
				"y": 0,
				"r": "Horizontal"
			},
			"upd": {
				"SpawnedInSession": true
			}
		}
	],
	"equipment": "5c6687d65e9d882c8841f0fd",
	"stash": "5c6687d65e9d882c8841f0fc",
	"questRaidItems": "5c6687d65e9d882c8841f0fe",
	"questStashItems": "5c6687d65e9d882c8841f0ff",
	"fastPanel": {}
}