{
	"items": [
		{
			"_id": "5c6687d65e9d882c8841f0fd",
			"_tpl": "55d7217a4bdc2d86028b456d"
		},
		{
			"_id": "5c6687d65e9d882c8841f121",
			"_tpl": "557ffd194bdc2d28148b457f",
			"parentId": "5c6687d65e9d882c8841f0fd",
			"slotId": "Pockets"
		},
		{
			"_id": "5c6687d65e9d882c8841f0fc",
			"_tpl": "566abbc34bdc2d92178b4576"
		},
		{
			"_id": "5c6687d65e9d882c8841f0ff",
			"_tpl": "5963866b86f7747bfa1c4462"
		},
		{
			"_id": "5c6687d65e9d882c8841f0fe",
			"_tpl": "5963866286f7747bf429b572"
		},
		{
			"_id": "I59618246963275869JWgLn0",
			"_tpl": "5e4abfed86f77406a2713cf7",
			"parentId": "5c6687d65e9d882c8841f0fd",
			"slotId": "TacticalVest"
		},
		{
			"_id": "I33101887645250965KCwVnl",
			"_tpl": "5ab8e9fcd8ce870019439434",
			"parentId": "5c6687d65e9d882c8841f0fd",
			"slotId": "FirstPrimaryWeapon",
			"upd": {
				"Repairable": {
					"MaxDurability": 100,
					"Durability": 100
				}
			}
		},
		{
			"_id": "I33101888405174515fzrui3",
			"_tpl": "59c6633186f7740cf0493bb9",
			"parentId": "I33101887645250965KCwVnl",
			"slotId": "mod_gas_block"
		},
		{
			"_id": "I33101884222576657h9CNxs",
			"_tpl": "5649aa744bdc2ded0b8b457e",
			"parentId": "I33101887645250965KCwVnl",
			"slotId": "mod_muzzle"
		},
		{
			"_id": "I33101889162831726uW6ZB3",
			"_tpl": "57e3dba62459770f0c32322b",
			"parentId": "I33101887645250965KCwVnl",
			"slotId": "mod_pistol_grip"
		},
		{
			"_id": "I33101881766608554X2FeqM",
			"_tpl": "5649af094bdc2df8348b4586",
			"parentId": "I33101887645250965KCwVnl",
			"slotId": "mod_reciever"
		},
		{
			"_id": "I33101884028660079Ty0o4S",
			"_tpl": "5649b0544bdc2d1b2b8b458a",
			"parentId": "I33101887645250965KCwVnl",
			"slotId": "mod_sight_rear",
			"upd": {
				"Sight": {
					"SelectedSightMode": 0
				}
			}
		},
		{
			"_id": "I59618241678494207DaFXMv",
			"_tpl": "55d4837c4bdc2d1d4e8b456c",
			"parentId": "I33101887645250965KCwVnl",
			"slotId": "mod_magazine"
		},
		{
			"_id": "I5961824148050913959ZuOp",
			"_tpl": "56dff216d2720bbd668b4568",
			"parentId": "I59618241678494207DaFXMv",
			"slotId": "cartridges",
			"upd": {
				"StackObjectsCount": 10
			}
		},
		{
			"_id": "I331018832031491834ZuBl7",
			"_tpl": "5648b0744bdc2d363b8b4578",
			"parentId": "I33101888405174515fzrui3",
			"slotId": "mod_handguard"
		},
		{
			"_id": "I59618246590951241GqxKVn",
			"_tpl": "5857a8bc2459772bad15db29",
			"parentId": "5c6687d65e9d882c8841f0fd",
			"slotId": "SecuredContainer"
		},
		{
			"_id": "I59618241350792647inSaGI",
			"_tpl": "56dff4a2d2720bbd668b456a",
			"parentId": "I59618246590951241GqxKVn",
			"slotId": "main",
			"upd": {
				"StackObjectsCount": 60
			}
		},
		{
			"_id": "I59618246346453772nezzKr",
			"_tpl": "56dff338d2720bbd668b4569",
			"parentId": "I59618246590951241GqxKVn",
			"slotId": "main",
			"upd": {
				"StackObjectsCount": 60
			}
		},
		{
			"_id": "I59618248932197766eDtrmf",
			"_tpl": "56dff216d2720bbd668b4568",
			"parentId": "I59618246590951241GqxKVn",
			"slotId": "main",
			"upd": {
				"StackObjectsCount": 60
			}
		},
		{
			"_id": "I596182466049616653jJ2tJ",
			"_tpl": "56dff4ecd2720b5f5a8b4568",
			"parentId": "I59618246590951241GqxKVn",
			"slotId": "main",
			"upd": {
				"StackObjectsCount": 60
			}
		},
		{
			"_id": "I59618241583429113I64rxn",
			"_tpl": "56dff216d2720bbd668b4568",
			"parentId": "I59618246590951241GqxKVn",
			"slotId": "main",
			"upd": {
				"StackObjectsCount": 60
			}
		},
		{
			"_id": "I59618243505126524WInhBP",
			"_tpl": "56dff421d2720b5f5a8b4567",
			"parentId": "I59618246590951241GqxKVn",
			"slotId": "main",
			"upd": {
				"StackObjectsCount": 60
			}
		},
		{
			"_id": "I59618245268051996KFvwX3",
			"_tpl": "56dff2ced2720bb4668b4567",
			"parentId": "I59618246590951241GqxKVn",
			"slotId": "main",
			"upd": {
				"StackObjectsCount": 60
			}
		},
		{
			"_id": "I59618248460647499dZTVpT",
			"_tpl": "56dff061d2720bb5668b4567",
			"parentId": "I59618246590951241GqxKVn",
			"slotId": "main",
			"upd": {
				"StackObjectsCount": 60
			}
		},
		{
			"_id": "I59618241503431380yKzaYi",
			"_tpl": "56dff061d2720bb5668b4567",
			"parentId": "I59618246590951241GqxKVn",
			"slotId": "main",
			"upd": {
				"StackObjectsCount": 60
			}
		},
		{
			"_id": "I59618248939337670OhFrWo",
			"_tpl": "55d4837c4bdc2d1d4e8b456c",
			"parentId": "I59618246963275869JWgLn0",
			"slotId": "1",
			"location": {
				"x": 0,
				"y": 0,
				"r": "Horizontal"
			}
		},
		{
			"_id": "I59618249803077585om8q0e",
			"_tpl": "56dff2ced2720bb4668b4567",
			"parentId": "I59618248939337670OhFrWo",
			"slotId": "cartridges",
			"upd": {
				"StackObjectsCount": 10
			}
		},
		{
			"_id": "I5961824226141807243Gfuz",
			"_tpl": "55d4837c4bdc2d1d4e8b456c",
			"parentId": "I59618246963275869JWgLn0",
			"slotId": "3",
			"location": {
				"x": 0,
				"y": 1,
				"r": "Horizontal"
			}
		},
		{
			"_id": "I596182486281634867BHccS",
			"_tpl": "56dff421d2720b5f5a8b4567",
			"parentId": "I5961824226141807243Gfuz",
			"slotId": "cartridges",
			"upd": {
				"StackObjectsCount": 10
			}
		},
		{
			"_id": "I59618243419722663JMSKUT",
			"_tpl": "5a0c27731526d80618476ac4",
			"parentId": "I59618246963275869JWgLn0",
			"slotId": "5"
		},
		{
			"_id": "I59618244728706924PjmOUX",
			"_tpl": "56dff3afd2720bba668b4567",
			"parentId": "I59618246963275869JWgLn0",
			"slotId": "9",
			"upd": {
				"StackObjectsCount": 33
			}
		},
		{
			"_id": "I59618241282079426aCRpMW",
			"_tpl": "57e26fc7245977162a14b800",
			"parentId": "5c6687d65e9d882c8841f0fd",
			"slotId": "Scabbard"
		},
		{
			"_id": "I59618245704667087wY4WM6",
			"_tpl": "5a43943586f77416ad2f06e2",
			"parentId": "5c6687d65e9d882c8841f0fd",
			"slotId": "Headwear"
		},
		{
			"_id": "I59618247342276886pa9DC0",
			"_tpl": "5aa2b986e5b5b00014028f4c",
			"parentId": "5c6687d65e9d882c8841f0fd",
			"slotId": "Eyewear"
		},
		{
			"_id": "I596182499498019684iJCgQ",
			"_tpl": "5ca20d5986f774331e7c9602",
			"parentId": "5c6687d65e9d882c8841f0fd",
			"slotId": "Backpack"
		},
		{
			"_id": "I59618244286233999d8YRHL",
			"_tpl": "5780cfa52459777dfb276eb1",
			"parentId": "I596182499498019684iJCgQ",
			"slotId": "main",
			"location": {
				"x": 0,
				"y": 0,
				"r": "Horizontal"
			}
		},
		{
			"_id": "I59618249152677770kTXkXW",
			"_tpl": "57513fcc24597720a31c09a6",
			"parentId": "I596182499498019684iJCgQ",
			"slotId": "main",
			"location": {
				"x": 0,
				"y": 1,
				"r": "Horizontal"
			}
		},
		{
			"_id": "I596182473265909148CvIHy",
			"_tpl": "575062b524597720a31c09a1",
			"parentId": "I596182499498019684iJCgQ",
			"slotId": "main",
			"location": {
				"x": 0,
				"y": 3,
				"r": "Horizontal"
			}
		},
		{
			"_id": "I59618243336877426djyCYX",
			"_tpl": "57347c93245977448d35f6e3",
			"parentId": "I596182499498019684iJCgQ",
			"slotId": "main",
			"location": {
				"x": 0,
				"y": 4,
				"r": "Horizontal"
			}
		},
		{
			"_id": "I59618247908694381VjPVnK",
			"_tpl": "5755356824597772cb798962",
			"parentId": "I596182499498019684iJCgQ",
			"slotId": "main",
			"location": {
				"x": 1,
				"y": 0,
				"r": "Horizontal"
			}
		},
		{
			"_id": "I59618249093591625piv9ai",
			"_tpl": "5d4041f086f7743cac3f22a7",
			"parentId": "I596182499498019684iJCgQ",
			"slotId": "main",
			"location": {
				"x": 1,
				"y": 1,
				"r": "Horizontal"
			}
		},
		{
			"_id": "I59618249184026448lynv34",
			"_tpl": "575062b524597720a31c09a1",
			"parentId": "I596182499498019684iJCgQ",
			"slotId": "main",
			"location": {
				"x": 1,
				"y": 2,
				"r": "Horizontal"
			}
		},
		{
			"_id": "I59618248161207958ol6KMQ",
			"_tpl": "5d63d33b86f7746ea9275524",
			"parentId": "I596182499498019684iJCgQ",
			"slotId": "main",
			"location": {
				"x": 1,
				"y": 3,
				"r": "Horizontal"
			}
		},
		{
			"_id": "I59618245628507267N0BwJK",
			"_tpl": "57347d7224597744596b4e72",
			"parentId": "I596182499498019684iJCgQ",
			"slotId": "main",
			"location": {
				"x": 1,
				"y": 4,
				"r": "Horizontal"
			}
		},
		{
			"_id": "I59618247118759142WiJjL4",
			"_tpl": "577e1c9d2459773cd707c525",
			"parentId": "I596182499498019684iJCgQ",
			"slotId": "main",
			"location": {
				"x": 2,
				"y": 0,
				"r": "Horizontal"
			}
		},
		{
			"_id": "I596182446929611315sibng",
			"_tpl": "5c0e5edb86f77461f55ed1f7",
			"parentId": "5c6687d65e9d882c8841f0fd",
			"slotId": "ArmorVest",
			"upd": {
				"Repairable": {
					"MaxDurability": 50,
					"Durability": 43
				}
			}
		},
		{
			"_id": "I59618245222127486uljBZ8",
			"_tpl": "59e3577886f774176a362503",
			"parentId": "5c6687d65e9d882c8841f121",
			"slotId": "pocket1",
			"location": {
				"x": 0,
				"y": 0,
				"r": "Horizontal"
			},
			"upd": {
				"SpawnedInSession": true
			}
		},
		{
			"_id": "I59618241579091547LD4ix9",
			"_tpl": "5d95d6be86f77424444eb3a7",
			"parentId": "5c6687d65e9d882c8841f121",
			"slotId": "pocket2",
			"location": {
				"x": 0,
				"y": 0,
				"r": "Horizontal"
			},
			"upd": {
				"SpawnedInSession": true
			}
		},
		{
			"_id": "I59618246500692328ZLFURo",
			"_tpl": "5d1b39a386f774252339976f",
			"parentId": "5c6687d65e9d882c8841f121",
			"slotId": "pocket3",
			"location": {
				"x": 0,
				"y": 0,
				"r": "Horizontal"
			},
			"upd": {
				"SpawnedInSession": true
			}
		}
	],
	"equipment": "5c6687d65e9d882c8841f0fd",
	"stash": "5c6687d65e9d882c8841f0fc",
	"questRaidItems": "5c6687d65e9d882c8841f0fe",
	"questStashItems": "5c6687d65e9d882c8841f0ff",
	"fastPanel": {}
}