{
	"items": [
		{
			"_id": "5c6687d65e9d882c8841f0fd",
			"_tpl": "55d7217a4bdc2d86028b456d"
		},
		{
			"_id": "5c6687d65e9d882c8841f121",
			"_tpl": "557ffd194bdc2d28148b457f",
			"parentId": "5c6687d65e9d882c8841f0fd",
			"slotId": "Pockets"
		},
		{
			"_id": "5c6687d65e9d882c8841f0fc",
			"_tpl": "566abbc34bdc2d92178b4576"
		},
		{
			"_id": "5c6687d65e9d882c8841f0ff",
			"_tpl": "5963866b86f7747bfa1c4462"
		},
		{
			"_id": "5c6687d65e9d882c8841f0fe",
			"_tpl": "5963866286f7747bf429b572"
		},
		{
			"_id": "I596182422277908128FKCKT",
			"_tpl": "5929a2a086f7744f4b234d43",
			"parentId": "5c6687d65e9d882c8841f0fd",
			"slotId": "TacticalVest"
		},
		{
			"_id": "I210051564524937437QQu9A",
			"_tpl": "5b0bbe4e5acfc40dc528a72d",
			"parentId": "5c6687d65e9d882c8841f0fd",
			"slotId": "FirstPrimaryWeapon",
			"upd": {
				"Repairable": {
					"MaxDurability": 100,
					"Durability": 100
				}
			}
		},
		{
			"_id": "I2100515656213865747DIaP",
			"_tpl": "5b099b965acfc400186331e6",
			"parentId": "I210051564524937437QQu9A",
			"slotId": "mod_pistol_grip"
		},
		{
			"_id": "I59618244414315696TB5Xbq",
			"_tpl": "5b099ac65acfc400186331e1",
			"parentId": "I210051564524937437QQu9A",
			"slotId": "mod_magazine"
		},
		{
			"_id": "I59618247214959848wlUtZE",
			"_tpl": "5e023e53d4353e3302577c4c",
			"parentId": "I59618244414315696TB5Xbq",
			"slotId": "cartridges",
			"upd": {
				"StackObjectsCount": 20
			}
		},
		{
			"_id": "I2100515640686292192Nkgj",
			"_tpl": "5b099a9d5acfc47a8607efe7",
			"parentId": "I210051564524937437QQu9A",
			"slotId": "mod_handguard"
		},
		{
			"_id": "I210051563936009593yb5AZ",
			"_tpl": "5b099a765acfc47a8607efe3",
			"parentId": "I210051564524937437QQu9A",
			"slotId": "mod_barrel"
		},
		{
			"_id": "I210051566950898922eA2hw",
			"_tpl": "5b0bc22d5acfc47a8607f085",
			"parentId": "I210051564524937437QQu9A",
			"slotId": "mod_sight_rear",
			"upd": {
				"Sight": {
					"SelectedSightMode": 0
				}
			}
		},
		{
			"_id": "I2100515665942252723PnBm",
			"_tpl": "5b7d6c105acfc40015109a5f",
			"parentId": "I210051564524937437QQu9A",
			"slotId": "mod_reciever"
		},
		{
			"_id": "I210051561250280750t0nAA",
			"_tpl": "5b099b7d5acfc400186331e4",
			"parentId": "I210051563936009593yb5AZ",
			"slotId": "mod_muzzle"
		},
		{
			"_id": "I59618243519395464qXwKVo",
			"_tpl": "5857a8bc2459772bad15db29",
			"parentId": "5c6687d65e9d882c8841f0fd",
			"slotId": "SecuredContainer"
		},
		{
			"_id": "I59618246272377917juDY0y",
			"_tpl": "58dd3ad986f77403051cba8f",
			"parentId": "I59618243519395464qXwKVo",
			"slotId": "main",
			"upd": {
				"StackObjectsCount": 60
			}
		},
		{
			"_id": "I59618247450272011zTDldZ",
			"_tpl": "5e023e88277cce2b522ff2b1",
			"parentId": "I59618243519395464qXwKVo",
			"slotId": "main",
			"upd": {
				"StackObjectsCount": 60
			}
		},
		{
			"_id": "I59618248842977621PWSpDe",
			"_tpl": "5a608bf24f39f98ffc77720e",
			"parentId": "I59618243519395464qXwKVo",
			"slotId": "main",
			"upd": {
				"StackObjectsCount": 60
			}
		},
		{
			"_id": "I59618243462996959An43es",
			"_tpl": "5e023e6e34d52a55c3304f71",
			"parentId": "I59618243519395464qXwKVo",
			"slotId": "main",
			"upd": {
				"StackObjectsCount": 60
			}
		},
		{
			"_id": "I59618243182401909woOTkl",
			"_tpl": "5e023e53d4353e3302577c4c",
			"parentId": "I59618243519395464qXwKVo",
			"slotId": "main",
			"upd": {
				"StackObjectsCount": 60
			}
		},
		{
			"_id": "I59618241310442254LdYxxx",
			"_tpl": "5e023e6e34d52a55c3304f71",
			"parentId": "I59618243519395464qXwKVo",
			"slotId": "main",
			"upd": {
				"StackObjectsCount": 60
			}
		},
		{
			"_id": "I59618241584837313KJsLbP",
			"_tpl": "5a608bf24f39f98ffc77720e",
			"parentId": "I59618243519395464qXwKVo",
			"slotId": "main",
			"upd": {
				"StackObjectsCount": 60
			}
		},
		{
			"_id": "I596182465079913032316G2",
			"_tpl": "5a6086ea4f39f99cd479502f",
			"parentId": "I59618243519395464qXwKVo",
			"slotId": "main",
			"upd": {
				"StackObjectsCount": 60
			}
		},
		{
			"_id": "I59618242000148314nyIdGp",
			"_tpl": "5a608bf24f39f98ffc77720e",
			"parentId": "I59618243519395464qXwKVo",
			"slotId": "main",
			"upd": {
				"StackObjectsCount": 60
			}
		},
		{
			"_id": "I59618243816386861ZHrOAn",
			"_tpl": "5b7c2d1d5acfc43d1028532a",
			"parentId": "I596182422277908128FKCKT",
			"slotId": "3",
			"location": {
				"x": 0,
				"y": 0,
				"r": "Horizontal"
			}
		},
		{
			"_id": "I596182481539776242mEWcs",
			"_tpl": "5e023e88277cce2b522ff2b1",
			"parentId": "I59618243816386861ZHrOAn",
			"slotId": "cartridges",
			"upd": {
				"StackObjectsCount": 20
			}
		},
		{
			"_id": "I59618249517582881DsbARq",
			"_tpl": "544fb25a4bdc2dfb738b4567",
			"parentId": "I596182422277908128FKCKT",
			"slotId": "6"
		},
		{
			"_id": "I596182417672629397lm39C",
			"_tpl": "58dd3ad986f77403051cba8f",
			"parentId": "I596182422277908128FKCKT",
			"slotId": "2",
			"upd": {
				"StackObjectsCount": 24
			}
		},
		{
			"_id": "I59618249109221032UVj4GC",
			"_tpl": "5a6086ea4f39f99cd479502f",
			"parentId": "I596182422277908128FKCKT",
			"slotId": "8",
			"upd": {
				"StackObjectsCount": 24
			}
		},
		{
			"_id": "I59618241365805275RdkYnm",
			"_tpl": "54491bb74bdc2d09088b4567",
			"parentId": "5c6687d65e9d882c8841f0fd",
			"slotId": "Scabbard"
		},
		{
			"_id": "I59618247762451210byK2C9",
			"_tpl": "5c1a1cc52e221602b3136e3d",
			"parentId": "5c6687d65e9d882c8841f0fd",
			"slotId": "Eyewear"
		},
		{
			"_id": "I59618247043008588df5nKw",
			"_tpl": "572b7fa524597762b747ce82",
			"parentId": "5c6687d65e9d882c8841f0fd",
			"slotId": "FaceCover"
		},
		{
			"_id": "I59618243095879345Q24Opz",
			"_tpl": "5ab8f04f86f774585f4237d8",
			"parentId": "5c6687d65e9d882c8841f0fd",
			"slotId": "Backpack"
		}
	],
	"equipment": "5c6687d65e9d882c8841f0fd",
	"stash": "5c6687d65e9d882c8841f0fc",
	"questRaidItems": "5c6687d65e9d882c8841f0fe",
	"questStashItems": "5c6687d65e9d882c8841f0ff",
	"fastPanel": {}
}