{
	"items": [
		{
			"_id": "5c6687d65e9d882c8841f0fd",
			"_tpl": "55d7217a4bdc2d86028b456d"
		},
		{
			"_id": "5c6687d65e9d882c8841f121",
			"_tpl": "557ffd194bdc2d28148b457f",
			"parentId": "5c6687d65e9d882c8841f0fd",
			"slotId": "Pockets"
		},
		{
			"_id": "5c6687d65e9d882c8841f0fc",
			"_tpl": "566abbc34bdc2d92178b4576"
		},
		{
			"_id": "5c6687d65e9d882c8841f0ff",
			"_tpl": "5963866b86f7747bfa1c4462"
		},
		{
			"_id": "5c6687d65e9d882c8841f0fe",
			"_tpl": "5963866286f7747bf429b572"
		},
		{
			"_id": "I59618245545194774KSDdbx",
			"_tpl": "5929a2a086f7744f4b234d43",
			"parentId": "5c6687d65e9d882c8841f0fd",
			"slotId": "TacticalVest"
		},
		{
			"_id": "I33102843767448960X8i2ya",
			"_tpl": "5a0ec13bfcdbcb00165aa685",
			"parentId": "5c6687d65e9d882c8841f0fd",
			"slotId": "FirstPrimaryWeapon",
			"upd": {
				"Repairable": {
					"MaxDurability": 100,
					"Durability": 100
				}
			}
		},
		{
			"_id": "I33102843499398214GhHaAl",
			"_tpl": "59d64ec286f774171d1e0a42",
			"parentId": "I33102843767448960X8i2ya",
			"slotId": "mod_gas_block"
		},
		{
			"_id": "I33102843315863101ltmsb1",
			"_tpl": "59d64fc686f774171b243fe2",
			"parentId": "I33102843767448960X8i2ya",
			"slotId": "mod_muzzle"
		},
		{
			"_id": "I33102845871806896TxwVIz",
			"_tpl": "59e62cc886f77440d40b52a1",
			"parentId": "I33102843767448960X8i2ya",
			"slotId": "mod_pistol_grip"
		},
		{
			"_id": "I33102848653184728b657Q2",
			"_tpl": "59d650cf86f7741b846413a4",
			"parentId": "I33102843767448960X8i2ya",
			"slotId": "mod_sight_rear",
			"upd": {
				"Sight": {
					"SelectedSightMode": 0
				}
			}
		},
		{
			"_id": "I33102847115296058y25fL2",
			"_tpl": "59d6514b86f774171a068a08",
			"parentId": "I33102843767448960X8i2ya",
			"slotId": "mod_stock"
		},
		{
			"_id": "I59618242934124246qtnz3c",
			"_tpl": "5a0060fc86f7745793204432",
			"parentId": "I33102843767448960X8i2ya",
			"slotId": "mod_magazine"
		},
		{
			"_id": "I5961824307380320724wYB7",
			"_tpl": "5656d7c34bdc2d9d198b4587",
			"parentId": "I59618242934124246qtnz3c",
			"slotId": "cartridges",
			"upd": {
				"StackObjectsCount": 30
			}
		},
		{
			"_id": "I331028471714047378jNVU7",
			"_tpl": "59d64f2f86f77417193ef8b3",
			"parentId": "I33102843499398214GhHaAl",
			"slotId": "mod_handguard"
		},
		{
			"_id": "I59618243182942941XR7ZAm",
			"_tpl": "5857a8bc2459772bad15db29",
			"parentId": "5c6687d65e9d882c8841f0fd",
			"slotId": "SecuredContainer"
		},
		{
			"_id": "I596182416904802447NItvx",
			"_tpl": "59e4cf5286f7741778269d8a",
			"parentId": "I59618243182942941XR7ZAm",
			"slotId": "main",
			"upd": {
				"StackObjectsCount": 60
			}
		},
		{
			"_id": "I596182414040263310GOuOo",
			"_tpl": "59e0d99486f7744a32234762",
			"parentId": "I59618243182942941XR7ZAm",
			"slotId": "main",
			"upd": {
				"StackObjectsCount": 60
			}
		},
		{
			"_id": "I59618244903349837enR1fu",
			"_tpl": "5656d7c34bdc2d9d198b4587",
			"parentId": "I59618243182942941XR7ZAm",
			"slotId": "main",
			"upd": {
				"StackObjectsCount": 60
			}
		},
		{
			"_id": "I59618244726522933lSS7NL",
			"_tpl": "59e4cf5286f7741778269d8a",
			"parentId": "I59618243182942941XR7ZAm",
			"slotId": "main",
			"upd": {
				"StackObjectsCount": 60
			}
		},
		{
			"_id": "I59618241158707686rdGEuP",
			"_tpl": "59e4d3d286f774176a36250a",
			"parentId": "I59618243182942941XR7ZAm",
			"slotId": "main",
			"upd": {
				"StackObjectsCount": 60
			}
		},
		{
			"_id": "I59618242660201189RJiBEV",
			"_tpl": "59e4cf5286f7741778269d8a",
			"parentId": "I59618243182942941XR7ZAm",
			"slotId": "main",
			"upd": {
				"StackObjectsCount": 60
			}
		},
		{
			"_id": "I596182420624265245loAvD",
			"_tpl": "59e0d99486f7744a32234762",
			"parentId": "I59618243182942941XR7ZAm",
			"slotId": "main",
			"upd": {
				"StackObjectsCount": 60
			}
		},
		{
			"_id": "I59618249031009668K0JilJ",
			"_tpl": "59e4d3d286f774176a36250a",
			"parentId": "I59618243182942941XR7ZAm",
			"slotId": "main",
			"upd": {
				"StackObjectsCount": 60
			}
		},
		{
			"_id": "I59618245411364924OHJbZ8",
			"_tpl": "59e4d3d286f774176a36250a",
			"parentId": "I59618243182942941XR7ZAm",
			"slotId": "main",
			"upd": {
				"StackObjectsCount": 60
			}
		},
		{
			"_id": "I59618244719508022rAkaPP",
			"_tpl": "5a01c29586f77474660c694c",
			"parentId": "I59618245545194774KSDdbx",
			"slotId": "3",
			"location": {
				"x": 0,
				"y": 0,
				"r": "Horizontal"
			}
		},
		{
			"_id": "I59618244655126795rE2Fwm",
			"_tpl": "59e0d99486f7744a32234762",
			"parentId": "I59618244719508022rAkaPP",
			"slotId": "cartridges",
			"upd": {
				"StackObjectsCount": 30
			}
		},
		{
			"_id": "I596182439222215937in1Ei",
			"_tpl": "5448be9a4bdc2dfd2f8b456a",
			"parentId": "I59618245545194774KSDdbx",
			"slotId": "5"
		},
		{
			"_id": "I59618249237398999dtFWD4",
			"_tpl": "5a0c27731526d80618476ac4",
			"parentId": "I59618245545194774KSDdbx",
			"slotId": "7"
		},
		{
			"_id": "I59618249563277454dJo9jc",
			"_tpl": "58d3db5386f77426186285a0",
			"parentId": "I59618245545194774KSDdbx",
			"slotId": "8"
		},
		{
			"_id": "I59618246083964360bKH45H",
			"_tpl": "54491bb74bdc2d09088b4567",
			"parentId": "5c6687d65e9d882c8841f0fd",
			"slotId": "Scabbard"
		},
		{
			"_id": "I59618249294176255Q8J4hF",
			"_tpl": "5734758f24597738025ee253",
			"parentId": "5c6687d65e9d882c8841f121",
			"slotId": "pocket1",
			"location": {
				"x": 0,
				"y": 0,
				"r": "Horizontal"
			},
			"upd": {
				"SpawnedInSession": true
			}
		}
	],
	"equipment": "5c6687d65e9d882c8841f0fd",
	"stash": "5c6687d65e9d882c8841f0fc",
	"questRaidItems": "5c6687d65e9d882c8841f0fe",
	"questStashItems": "5c6687d65e9d882c8841f0ff",
	"fastPanel": {}
}