{
	"items": [
		{
			"_id": "5c6687d65e9d882c8841f0fd",
			"_tpl": "55d7217a4bdc2d86028b456d"
		},
		{
			"_id": "5c6687d65e9d882c8841f121",
			"_tpl": "557ffd194bdc2d28148b457f",
			"parentId": "5c6687d65e9d882c8841f0fd",
			"slotId": "Pockets"
		},
		{
			"_id": "5c6687d65e9d882c8841f0fc",
			"_tpl": "566abbc34bdc2d92178b4576"
		},
		{
			"_id": "5c6687d65e9d882c8841f0ff",
			"_tpl": "5963866b86f7747bfa1c4462"
		},
		{
			"_id": "5c6687d65e9d882c8841f0fe",
			"_tpl": "5963866286f7747bf429b572"
		},
		{
			"_id": "I59618247614700089Gd71QK",
			"_tpl": "572b7adb24597762ae139821",
			"parentId": "5c6687d65e9d882c8841f0fd",
			"slotId": "TacticalVest"
		},
		{
			"_id": "I210062642740003097TktHz",
			"_tpl": "5644bd2b4bdc2d3b4c8b4572",
			"parentId": "5c6687d65e9d882c8841f0fd",
			"slotId": "FirstPrimaryWeapon",
			"upd": {
				"Repairable": {
					"MaxDurability": 100,
					"Durability": 100
				}
			}
		},
		{
			"_id": "I21006269386685156JSs1G0",
			"_tpl": "59c6633186f7740cf0493bb9",
			"parentId": "I210062642740003097TktHz",
			"slotId": "mod_gas_block"
		},
		{
			"_id": "I21006268740650417fUQTa2",
			"_tpl": "5649aa744bdc2ded0b8b457e",
			"parentId": "I210062642740003097TktHz",
			"slotId": "mod_muzzle"
		},
		{
			"_id": "I21006269104078284d5aHIt",
			"_tpl": "5649ad3f4bdc2df8348b4585",
			"parentId": "I210062642740003097TktHz",
			"slotId": "mod_pistol_grip"
		},
		{
			"_id": "I21006262577087087oM8P1n",
			"_tpl": "5649af094bdc2df8348b4586",
			"parentId": "I210062642740003097TktHz",
			"slotId": "mod_reciever"
		},
		{
			"_id": "I21006263735159263jnJ9a2",
			"_tpl": "5649b0544bdc2d1b2b8b458a",
			"parentId": "I210062642740003097TktHz",
			"slotId": "mod_sight_rear",
			"upd": {
				"Sight": {
					"SelectedSightMode": 0
				}
			}
		},
		{
			"_id": "I21006267770054830OuGHwR",
			"_tpl": "5649b1c04bdc2d16268b457c",
			"parentId": "I210062642740003097TktHz",
			"slotId": "mod_stock"
		},
		{
			"_id": "I59618247163294105fMGJPz",
			"_tpl": "55d480c04bdc2d1d4e8b456a",
			"parentId": "I210062642740003097TktHz",
			"slotId": "mod_magazine"
		},
		{
			"_id": "I596182419023117876vFZUH",
			"_tpl": "5c0d5e4486f77478390952fe",
			"parentId": "I59618247163294105fMGJPz",
			"slotId": "cartridges",
			"upd": {
				"StackObjectsCount": 30
			}
		},
		{
			"_id": "I21006269750146155lfICwY",
			"_tpl": "5648b0744bdc2d363b8b4578",
			"parentId": "I21006269386685156JSs1G0",
			"slotId": "mod_handguard"
		},
		{
			"_id": "I21006263245747748Yz6Bdr",
			"_tpl": "56dfef82d2720bbd668b4567",
			"parentId": "I21006269600123893yxoV3S",
			"slotId": "cartridges",
			"location": 0,
			"upd": {
				"StackObjectsCount": 30
			}
		},
		{
			"_id": "I59618248244121725gjrizr",
			"_tpl": "5857a8bc2459772bad15db29",
			"parentId": "5c6687d65e9d882c8841f0fd",
			"slotId": "SecuredContainer"
		},
		{
			"_id": "I59618248636298457bG21km",
			"_tpl": "56dff0bed2720bb0668b4567",
			"parentId": "I59618248244121725gjrizr",
			"slotId": "main",
			"upd": {
				"StackObjectsCount": 60
			}
		},
		{
			"_id": "I59618246928505490gkb5Fd",
			"_tpl": "56dff338d2720bbd668b4569",
			"parentId": "I59618248244121725gjrizr",
			"slotId": "main",
			"upd": {
				"StackObjectsCount": 60
			}
		},
		{
			"_id": "I596182457021740831jMUzF",
			"_tpl": "56dfef82d2720bbd668b4567",
			"parentId": "I59618248244121725gjrizr",
			"slotId": "main",
			"upd": {
				"StackObjectsCount": 60
			}
		},
		{
			"_id": "I59618241572859903Py0SZc",
			"_tpl": "56dfef82d2720bbd668b4567",
			"parentId": "I59618248244121725gjrizr",
			"slotId": "main",
			"upd": {
				"StackObjectsCount": 60
			}
		},
		{
			"_id": "I59618247890835272mLqDhd",
			"_tpl": "56dff061d2720bb5668b4567",
			"parentId": "I59618248244121725gjrizr",
			"slotId": "main",
			"upd": {
				"StackObjectsCount": 60
			}
		},
		{
			"_id": "I5961824949825458859cy4T",
			"_tpl": "56dff4ecd2720b5f5a8b4568",
			"parentId": "I59618248244121725gjrizr",
			"slotId": "main",
			"upd": {
				"StackObjectsCount": 60
			}
		},
		{
			"_id": "I59618248253056650aIc49W",
			"_tpl": "56dff061d2720bb5668b4567",
			"parentId": "I59618248244121725gjrizr",
			"slotId": "main",
			"upd": {
				"StackObjectsCount": 60
			}
		},
		{
			"_id": "I59618247263576400hDUSQK",
			"_tpl": "56dff3afd2720bba668b4567",
			"parentId": "I59618248244121725gjrizr",
			"slotId": "main",
			"upd": {
				"StackObjectsCount": 60
			}
		},
		{
			"_id": "I59618242415438514IPTG06",
			"_tpl": "56dff061d2720bb5668b4567",
			"parentId": "I59618248244121725gjrizr",
			"slotId": "main",
			"upd": {
				"StackObjectsCount": 60
			}
		},
		{
			"_id": "I59618249257933132AjirQn",
			"_tpl": "544fb25a4bdc2dfb738b4567",
			"parentId": "I59618247614700089Gd71QK",
			"slotId": "2"
		},
		{
			"_id": "I59618248271242735Tib3eI",
			"_tpl": "55d480c04bdc2d1d4e8b456a",
			"parentId": "I59618247614700089Gd71QK",
			"slotId": "3",
			"location": {
				"x": 0,
				"y": 0,
				"r": "Horizontal"
			}
		},
		{
			"_id": "I596182459704839506Ulwvl",
			"_tpl": "56dff4ecd2720b5f5a8b4568",
			"parentId": "I59618248271242735Tib3eI",
			"slotId": "cartridges",
			"upd": {
				"StackObjectsCount": 30
			}
		},
		{
			"_id": "I59618249604157414FVHGk6",
			"_tpl": "54491bb74bdc2d09088b4567",
			"parentId": "5c6687d65e9d882c8841f0fd",
			"slotId": "Scabbard"
		},
		{
			"_id": "I59618243462241570QYnJUQ",
			"_tpl": "5b4327aa5acfc400175496e0",
			"parentId": "5c6687d65e9d882c8841f0fd",
			"slotId": "Headwear"
		},
		{
			"_id": "I596182486864308917w3UzZ",
			"_tpl": "5b4326435acfc433000ed01d",
			"parentId": "5c6687d65e9d882c8841f0fd",
			"slotId": "FaceCover"
		},
		{
			"_id": "I59618246578875302adhlPO",
			"_tpl": "544a5cde4bdc2d39388b456b",
			"parentId": "5c6687d65e9d882c8841f0fd",
			"slotId": "Backpack"
		},
		{
			"_id": "I596182469215666002UuZKM",
			"_tpl": "5734773724597737fd047c14",
			"parentId": "5c6687d65e9d882c8841f121",
			"slotId": "pocket1",
			"location": {
				"x": 0,
				"y": 0,
				"r": "Horizontal"
			},
			"upd": {
				"SpawnedInSession": true
			}
		},
		{
			"_id": "I59618243001428692WpmhZ3",
			"_tpl": "5d80cb8786f774405611c7d9",
			"parentId": "5c6687d65e9d882c8841f121",
			"slotId": "pocket2",
			"location": {
				"x": 0,
				"y": 0,
				"r": "Horizontal"
			},
			"upd": {
				"SpawnedInSession": true
			}
		},
		{
			"_id": "I59618248787353606J0BIFF",
			"_tpl": "5d1b313086f77425227d1678",
			"parentId": "5c6687d65e9d882c8841f121",
			"slotId": "pocket3",
			"location": {
				"x": 0,
				"y": 0,
				"r": "Horizontal"
			},
			"upd": {
				"SpawnedInSession": true
			}
		}
	],
	"equipment": "5c6687d65e9d882c8841f0fd",
	"stash": "5c6687d65e9d882c8841f0fc",
	"questRaidItems": "5c6687d65e9d882c8841f0fe",
	"questStashItems": "5c6687d65e9d882c8841f0ff",
	"fastPanel": {}
}