{
	"items": [
		{
			"_id": "5c6687d65e9d882c8841f0fd",
			"_tpl": "55d7217a4bdc2d86028b456d"
		},
		{
			"_id": "5c6687d65e9d882c8841f121",
			"_tpl": "557ffd194bdc2d28148b457f",
			"parentId": "5c6687d65e9d882c8841f0fd",
			"slotId": "Pockets"
		},
		{
			"_id": "5c6687d65e9d882c8841f0fc",
			"_tpl": "566abbc34bdc2d92178b4576"
		},
		{
			"_id": "5c6687d65e9d882c8841f0ff",
			"_tpl": "5963866b86f7747bfa1c4462"
		},
		{
			"_id": "5c6687d65e9d882c8841f0fe",
			"_tpl": "5963866286f7747bf429b572"
		},
		{
			"_id": "I59618249551582728XErhv0",
			"_tpl": "5d5d8ca986f7742798716522",
			"parentId": "5c6687d65e9d882c8841f0fd",
			"slotId": "TacticalVest"
		},
		{
			"_id": "I331035563528845356iTn2n",
			"_tpl": "59f9cabd86f7743a10721f46",
			"parentId": "5c6687d65e9d882c8841f0fd",
			"slotId": "FirstPrimaryWeapon",
			"upd": {
				"Repairable": {
					"MaxDurability": 100,
					"Durability": 100
				}
			}
		},
		{
			"_id": "I331035566810636633QAhDX",
			"_tpl": "5998517986f7746017232f7e",
			"parentId": "I331035563528845356iTn2n",
			"slotId": "mod_pistol_grip"
		},
		{
			"_id": "I596182493679518203F9b7l",
			"_tpl": "5c0672ed0db834001b7353f3",
			"parentId": "I331035563528845356iTn2n",
			"slotId": "mod_magazine"
		},
		{
			"_id": "I59618248263707028nrqFPF",
			"_tpl": "5c3df7d588a4501f290594e5",
			"parentId": "I596182493679518203F9b7l",
			"slotId": "cartridges",
			"upd": {
				"StackObjectsCount": 30
			}
		},
		{
			"_id": "I331035568746373038oknvF",
			"_tpl": "5998598e86f7740b3f498a86",
			"parentId": "I331035563528845356iTn2n",
			"slotId": "mod_muzzle"
		},
		{
			"_id": "I331035567253140510LHQgu",
			"_tpl": "599860e986f7743bb57573a6",
			"parentId": "I331035563528845356iTn2n",
			"slotId": "mod_sight_rear",
			"upd": {
				"Sight": {
					"SelectedSightMode": 0
				}
			}
		},
		{
			"_id": "I331035562264819377Z7hyQ",
			"_tpl": "59ccd11386f77428f24a488f",
			"parentId": "I331035563528845356iTn2n",
			"slotId": "mod_gas_block"
		},
		{
			"_id": "I331035566113162755scrAf",
			"_tpl": "5648b1504bdc2d9d488b4584",
			"parentId": "I331035562264819377Z7hyQ",
			"slotId": "mod_handguard"
		},
		{
			"_id": "I596182489080576244t9EaS",
			"_tpl": "5857a8bc2459772bad15db29",
			"parentId": "5c6687d65e9d882c8841f0fd",
			"slotId": "SecuredContainer"
		},
		{
			"_id": "I596182497562650108bgvoP",
			"_tpl": "58864a4f2459770fcc257101",
			"parentId": "I596182489080576244t9EaS",
			"slotId": "main",
			"upd": {
				"StackObjectsCount": 60
			}
		},
		{
			"_id": "I59618241535269642IVAzed",
			"_tpl": "58864a4f2459770fcc257101",
			"parentId": "I596182489080576244t9EaS",
			"slotId": "main",
			"upd": {
				"StackObjectsCount": 60
			}
		},
		{
			"_id": "I59618242801233230KVWlnE",
			"_tpl": "58864a4f2459770fcc257101",
			"parentId": "I596182489080576244t9EaS",
			"slotId": "main",
			"upd": {
				"StackObjectsCount": 60
			}
		},
		{
			"_id": "I59618244984990652KJWAiV",
			"_tpl": "5c3df7d588a4501f290594e5",
			"parentId": "I596182489080576244t9EaS",
			"slotId": "main",
			"upd": {
				"StackObjectsCount": 60
			}
		},
		{
			"_id": "I59618248257882244ItPDQj",
			"_tpl": "5c3df7d588a4501f290594e5",
			"parentId": "I596182489080576244t9EaS",
			"slotId": "main",
			"upd": {
				"StackObjectsCount": 60
			}
		},
		{
			"_id": "I59618244082500632pUj4PR",
			"_tpl": "5c3df7d588a4501f290594e5",
			"parentId": "I596182489080576244t9EaS",
			"slotId": "main",
			"upd": {
				"StackObjectsCount": 60
			}
		},
		{
			"_id": "I59618244871579309UM0yTm",
			"_tpl": "56d59d3ad2720bdb418b4577",
			"parentId": "I596182489080576244t9EaS",
			"slotId": "main",
			"upd": {
				"StackObjectsCount": 60
			}
		},
		{
			"_id": "I596182463593953263VAjut",
			"_tpl": "5c925fa22e221601da359b7b",
			"parentId": "I596182489080576244t9EaS",
			"slotId": "main",
			"upd": {
				"StackObjectsCount": 60
			}
		},
		{
			"_id": "I59618242124745976NeabRb",
			"_tpl": "5c925fa22e221601da359b7b",
			"parentId": "I596182489080576244t9EaS",
			"slotId": "main",
			"upd": {
				"StackObjectsCount": 60
			}
		},
		{
			"_id": "I59618249823377681BNQjn1",
			"_tpl": "544fb25a4bdc2dfb738b4567",
			"parentId": "I59618249551582728XErhv0",
			"slotId": "2"
		},
		{
			"_id": "I59618241809075405Q097pR",
			"_tpl": "544fb37f4bdc2dee738b4567",
			"parentId": "I59618249551582728XErhv0",
			"slotId": "3"
		},
		{
			"_id": "I59618243430100110TFzH9d",
			"_tpl": "599860ac86f77436b225ed1a",
			"parentId": "I59618249551582728XErhv0",
			"slotId": "1",
			"location": {
				"x": 0,
				"y": 0,
				"r": "Horizontal"
			}
		},
		{
			"_id": "I59618249404509274xMhale",
			"_tpl": "5c925fa22e221601da359b7b",
			"parentId": "I59618243430100110TFzH9d",
			"slotId": "cartridges",
			"upd": {
				"StackObjectsCount": 30
			}
		},
		{
			"_id": "I59618243479721268reXc07",
			"_tpl": "599860ac86f77436b225ed1a",
			"parentId": "I59618249551582728XErhv0",
			"slotId": "1",
			"location": {
				"x": 1,
				"y": 0,
				"r": "Horizontal"
			}
		},
		{
			"_id": "I59618242162903959iyjuuo",
			"_tpl": "5a3c16fe86f77452b62de32a",
			"parentId": "I59618243479721268reXc07",
			"slotId": "cartridges",
			"upd": {
				"StackObjectsCount": 30
			}
		},
		{
			"_id": "I59618242731294709P0CqV5",
			"_tpl": "57e26ea924597715ca604a09",
			"parentId": "5c6687d65e9d882c8841f0fd",
			"slotId": "Scabbard"
		},
		{
			"_id": "I59618245690893021goYwHI",
			"_tpl": "5aa2b87de5b5b00016327c25",
			"parentId": "5c6687d65e9d882c8841f0fd",
			"slotId": "Headwear"
		},
		{
			"_id": "I596182423801185512MBp3v",
			"_tpl": "544a5cde4bdc2d39388b456b",
			"parentId": "5c6687d65e9d882c8841f0fd",
			"slotId": "Backpack"
		},
		{
			"_id": "I59618246329363724RXiCd7",
			"_tpl": "5d40412b86f7743cb332ac3a",
			"parentId": "I596182423801185512MBp3v",
			"slotId": "main",
			"location": {
				"x": 0,
				"y": 0,
				"r": "Horizontal"
			}
		},
		{
			"_id": "I59618241311203920OOF9o3",
			"_tpl": "5751435d24597720a27126d1",
			"parentId": "I596182423801185512MBp3v",
			"slotId": "main",
			"location": {
				"x": 0,
				"y": 2,
				"r": "Horizontal"
			}
		},
		{
			"_id": "I59618242883693392tq6S5K",
			"_tpl": "5d1b3f2d86f774253763b735",
			"parentId": "I596182423801185512MBp3v",
			"slotId": "main",
			"location": {
				"x": 0,
				"y": 3,
				"r": "Horizontal"
			}
		},
		{
			"_id": "I59618248933020732Hzh5is",
			"_tpl": "5672cb304bdc2dc2088b456a",
			"parentId": "I596182423801185512MBp3v",
			"slotId": "main",
			"location": {
				"x": 1,
				"y": 0,
				"r": "Horizontal"
			}
		},
		{
			"_id": "I59618242016187862s0CN2M",
			"_tpl": "59e7635f86f7742cbf2c1095",
			"parentId": "5c6687d65e9d882c8841f0fd",
			"slotId": "ArmorVest",
			"upd": {
				"Repairable": {
					"MaxDurability": 40,
					"Durability": 3
				}
			}
		},
		{
			"_id": "I59618246923671016XpgCYN",
			"_tpl": "5a13ee1986f774794d4c14cd",
			"parentId": "5c6687d65e9d882c8841f121",
			"slotId": "pocket1",
			"location": {
				"x": 0,
				"y": 0,
				"r": "Horizontal"
			},
			"upd": {
				"SpawnedInSession": true
			}
		},
		{
			"_id": "I59618242028572481ir6oDQ",
			"_tpl": "5d1b31ce86f7742523398394",
			"parentId": "5c6687d65e9d882c8841f121",
			"slotId": "pocket2",
			"location": {
				"x": 0,
				"y": 0,
				"r": "Horizontal"
			},
			"upd": {
				"SpawnedInSession": true
			}
		}
	],
	"equipment": "5c6687d65e9d882c8841f0fd",
	"stash": "5c6687d65e9d882c8841f0fc",
	"questRaidItems": "5c6687d65e9d882c8841f0fe",
	"questStashItems": "5c6687d65e9d882c8841f0ff",
	"fastPanel": {}
}