{
	"items": [
		{
			"_id": "5c6687d65e9d882c8841f0fd",
			"_tpl": "55d7217a4bdc2d86028b456d"
		},
		{
			"_id": "5c6687d65e9d882c8841f121",
			"_tpl": "557ffd194bdc2d28148b457f",
			"parentId": "5c6687d65e9d882c8841f0fd",
			"slotId": "Pockets"
		},
		{
			"_id": "5c6687d65e9d882c8841f0fc",
			"_tpl": "566abbc34bdc2d92178b4576"
		},
		{
			"_id": "5c6687d65e9d882c8841f0ff",
			"_tpl": "5963866b86f7747bfa1c4462"
		},
		{
			"_id": "5c6687d65e9d882c8841f0fe",
			"_tpl": "5963866286f7747bf429b572"
		},
		{
			"_id": "I596182414985928217X6R2C",
			"_tpl": "5648a69d4bdc2ded0b8b457b",
			"parentId": "5c6687d65e9d882c8841f0fd",
			"slotId": "TacticalVest"
		},
		{
			"_id": "I21320115716134274988nc2",
			"_tpl": "57dc2fa62459775949412633",
			"parentId": "5c6687d65e9d882c8841f0fd",
			"slotId": "FirstPrimaryWeapon",
			"upd": {
				"Repairable": {
					"MaxDurability": 100,
					"Durability": 100
				}
			}
		},
		{
			"_id": "I2132011578597074116PqhJ",
			"_tpl": "57e3dba62459770f0c32322b",
			"parentId": "I21320115716134274988nc2",
			"slotId": "mod_pistol_grip"
		},
		{
			"_id": "I2132011572783048457joUJ",
			"_tpl": "57dc347d245977596754e7a1",
			"parentId": "I21320115716134274988nc2",
			"slotId": "mod_stock"
		},
		{
			"_id": "I59618247689262857q8mCJv",
			"_tpl": "5aaa4194e5b5b055d06310a5",
			"parentId": "I21320115716134274988nc2",
			"slotId": "mod_magazine"
		},
		{
			"_id": "I59618244195908608WXTGuW",
			"_tpl": "56dff2ced2720bb4668b4567",
			"parentId": "I59618247689262857q8mCJv",
			"slotId": "cartridges",
			"upd": {
				"StackObjectsCount": 30
			}
		},
		{
			"_id": "I21320115794237366644l2B",
			"_tpl": "57dc324a24597759501edc20",
			"parentId": "I21320115716134274988nc2",
			"slotId": "mod_muzzle"
		},
		{
			"_id": "I2132011576692510423qpoz",
			"_tpl": "57dc334d245977597164366f",
			"parentId": "I21320115716134274988nc2",
			"slotId": "mod_reciever"
		},
		{
			"_id": "I21320115789769698898ipD",
			"_tpl": "59d36a0086f7747e673f3946",
			"parentId": "I21320115716134274988nc2",
			"slotId": "mod_gas_block"
		},
		{
			"_id": "I2132011579196747376UXku",
			"_tpl": "56dfef82d2720bbd668b4567",
			"parentId": "I2132011575967327700JqHU",
			"slotId": "cartridges",
			"location": 0,
			"upd": {
				"StackObjectsCount": 30
			}
		},
		{
			"_id": "I2132011574203943141gmY8",
			"_tpl": "57ffb0062459777a045af529",
			"parentId": "I2132011576692510423qpoz",
			"slotId": "mod_mount_000"
		},
		{
			"_id": "I213201157620161223601xR",
			"_tpl": "57ffa9f4245977728561e844",
			"parentId": "I21320115789769698898ipD",
			"slotId": "mod_handguard"
		},
		{
			"_id": "I21320115759223288624HEJ",
			"_tpl": "56def37dd2720bec348b456a",
			"parentId": "I213201157620161223601xR",
			"slotId": "mod_tactical_000",
			"upd": {
				"Light": {
					"IsActive": true,
					"SelectedMode": 0
				}
			}
		},
		{
			"_id": "I59618246967238579bMMMZp",
			"_tpl": "5857a8bc2459772bad15db29",
			"parentId": "5c6687d65e9d882c8841f0fd",
			"slotId": "SecuredContainer"
		},
		{
			"_id": "I596182462127012347zHT4N",
			"_tpl": "56dff2ced2720bb4668b4567",
			"parentId": "I59618246967238579bMMMZp",
			"slotId": "main",
			"upd": {
				"StackObjectsCount": 60
			}
		},
		{
			"_id": "I59618248256641685YVuVIQ",
			"_tpl": "56dff3afd2720bba668b4567",
			"parentId": "I59618246967238579bMMMZp",
			"slotId": "main",
			"upd": {
				"StackObjectsCount": 60
			}
		},
		{
			"_id": "I596182489851033675jBuKK",
			"_tpl": "56dff0bed2720bb0668b4567",
			"parentId": "I59618246967238579bMMMZp",
			"slotId": "main",
			"upd": {
				"StackObjectsCount": 60
			}
		},
		{
			"_id": "I59618247142804757fb9mWJ",
			"_tpl": "56dff2ced2720bb4668b4567",
			"parentId": "I59618246967238579bMMMZp",
			"slotId": "main",
			"upd": {
				"StackObjectsCount": 60
			}
		},
		{
			"_id": "I59618244840161200GmL6yI",
			"_tpl": "56dff4a2d2720bbd668b456a",
			"parentId": "I59618246967238579bMMMZp",
			"slotId": "main",
			"upd": {
				"StackObjectsCount": 60
			}
		},
		{
			"_id": "I596182496805888894r0aVu",
			"_tpl": "56dff338d2720bbd668b4569",
			"parentId": "I59618246967238579bMMMZp",
			"slotId": "main",
			"upd": {
				"StackObjectsCount": 60
			}
		},
		{
			"_id": "I59618247959290504RDFzed",
			"_tpl": "56dff338d2720bbd668b4569",
			"parentId": "I59618246967238579bMMMZp",
			"slotId": "main",
			"upd": {
				"StackObjectsCount": 60
			}
		},
		{
			"_id": "I59618245761683988uUJ9f7",
			"_tpl": "56dff4a2d2720bbd668b456a",
			"parentId": "I59618246967238579bMMMZp",
			"slotId": "main",
			"upd": {
				"StackObjectsCount": 60
			}
		},
		{
			"_id": "I596182432937988425rDkDH",
			"_tpl": "56dff421d2720b5f5a8b4567",
			"parentId": "I59618246967238579bMMMZp",
			"slotId": "main",
			"upd": {
				"StackObjectsCount": 60
			}
		},
		{
			"_id": "I59618241064690827DcIfJW",
			"_tpl": "55d480c04bdc2d1d4e8b456a",
			"parentId": "I596182414985928217X6R2C",
			"slotId": "1",
			"location": {
				"x": 0,
				"y": 0,
				"r": "Horizontal"
			}
		},
		{
			"_id": "I596182473685886038DeJal",
			"_tpl": "56dfef82d2720bbd668b4567",
			"parentId": "I59618241064690827DcIfJW",
			"slotId": "cartridges",
			"upd": {
				"StackObjectsCount": 30
			}
		},
		{
			"_id": "I59618248197446996NhwBds",
			"_tpl": "55d480c04bdc2d1d4e8b456a",
			"parentId": "I596182414985928217X6R2C",
			"slotId": "3",
			"location": {
				"x": 0,
				"y": 0,
				"r": "Horizontal"
			}
		},
		{
			"_id": "I59618244802663943D0OC33",
			"_tpl": "56dff338d2720bbd668b4569",
			"parentId": "I59618248197446996NhwBds",
			"slotId": "cartridges",
			"upd": {
				"StackObjectsCount": 30
			}
		},
		{
			"_id": "I59618246238853986lMTZWB",
			"_tpl": "544fb37f4bdc2dee738b4567",
			"parentId": "I596182414985928217X6R2C",
			"slotId": "10"
		},
		{
			"_id": "I59618249925761911ZfkSpm",
			"_tpl": "55d480c04bdc2d1d4e8b456a",
			"parentId": "I596182414985928217X6R2C",
			"slotId": "11",
			"location": {
				"x": 0,
				"y": 0,
				"r": "Horizontal"
			}
		},
		{
			"_id": "I59618241875582529AH8G4L",
			"_tpl": "56dff421d2720b5f5a8b4567",
			"parentId": "I59618249925761911ZfkSpm",
			"slotId": "cartridges",
			"upd": {
				"StackObjectsCount": 30
			}
		},
		{
			"_id": "I59618246685983947Owa2Nh",
			"_tpl": "55d480c04bdc2d1d4e8b456a",
			"parentId": "I596182414985928217X6R2C",
			"slotId": "5",
			"location": {
				"x": 0,
				"y": 0,
				"r": "Horizontal"
			}
		},
		{
			"_id": "I59618243781075232fdMqpj",
			"_tpl": "56dff2ced2720bb4668b4567",
			"parentId": "I59618246685983947Owa2Nh",
			"slotId": "cartridges",
			"upd": {
				"StackObjectsCount": 30
			}
		},
		{
			"_id": "I596182490317377919JCr1A",
			"_tpl": "55d480c04bdc2d1d4e8b456a",
			"parentId": "I596182414985928217X6R2C",
			"slotId": "5",
			"location": {
				"x": 1,
				"y": 0,
				"r": "Horizontal"
			}
		},
		{
			"_id": "I59618247100294355Rx7ByP",
			"_tpl": "56dff061d2720bb5668b4567",
			"parentId": "I596182490317377919JCr1A",
			"slotId": "cartridges",
			"upd": {
				"StackObjectsCount": 30
			}
		},
		{
			"_id": "I596182419143331721aPiAU",
			"_tpl": "5e32f56fcb6d5863cc5e5ee4",
			"parentId": "I596182414985928217X6R2C",
			"slotId": "7"
		},
		{
			"_id": "I596182496661500240BQyi4",
			"_tpl": "56dff0bed2720bb0668b4567",
			"parentId": "I596182414985928217X6R2C",
			"slotId": "8",
			"upd": {
				"StackObjectsCount": 32
			}
		},
		{
			"_id": "I59618243521485158MeHKVl",
			"_tpl": "5bffdc370db834001d23eca8",
			"parentId": "5c6687d65e9d882c8841f0fd",
			"slotId": "Scabbard"
		},
		{
			"_id": "I59618247094528914znCDTf",
			"_tpl": "572b7d8524597762b472f9d1",
			"parentId": "5c6687d65e9d882c8841f0fd",
			"slotId": "Headwear"
		},
		{
			"_id": "I59618242671364799LkOC41",
			"_tpl": "5b432be65acfc433000ed01f",
			"parentId": "5c6687d65e9d882c8841f0fd",
			"slotId": "Eyewear"
		},
		{
			"_id": "I596182477655802038gfTog",
			"_tpl": "544a5cde4bdc2d39388b456b",
			"parentId": "5c6687d65e9d882c8841f0fd",
			"slotId": "Backpack"
		},
		{
			"_id": "I59618245977323880yLEZwd",
			"_tpl": "5780d07a2459777de4559324",
			"parentId": "I596182477655802038gfTog",
			"slotId": "main",
			"location": {
				"x": 0,
				"y": 0,
				"r": "Horizontal"
			}
		},
		{
			"_id": "I59618249375629911zRuBeX",
			"_tpl": "5d1b3f2d86f774253763b735",
			"parentId": "I596182477655802038gfTog",
			"slotId": "main",
			"location": {
				"x": 0,
				"y": 1,
				"r": "Horizontal"
			}
		},
		{
			"_id": "I5961824120329697974Uewy",
			"_tpl": "544fb37f4bdc2dee738b4567",
			"parentId": "I596182477655802038gfTog",
			"slotId": "main",
			"location": {
				"x": 0,
				"y": 2,
				"r": "Horizontal"
			}
		},
		{
			"_id": "I59618248492773237RRNPMV",
			"_tpl": "590c31c586f774245e3141b2",
			"parentId": "I596182477655802038gfTog",
			"slotId": "main",
			"location": {
				"x": 0,
				"y": 3,
				"r": "Horizontal"
			}
		},
		{
			"_id": "I59618244152927750eBySHZ",
			"_tpl": "5c0e53c886f7747fa54205c7",
			"parentId": "5c6687d65e9d882c8841f0fd",
			"slotId": "ArmorVest",
			"upd": {
				"Repairable": {
					"MaxDurability": 47,
					"Durability": 19
				}
			}
		}
	],
	"equipment": "5c6687d65e9d882c8841f0fd",
	"stash": "5c6687d65e9d882c8841f0fc",
	"questRaidItems": "5c6687d65e9d882c8841f0fe",
	"questStashItems": "5c6687d65e9d882c8841f0ff",
	"fastPanel": {}
}