{
	"items": [
		{
			"_id": "5c6687d65e9d882c8841f0fd",
			"_tpl": "55d7217a4bdc2d86028b456d"
		},
		{
			"_id": "5c6687d65e9d882c8841f121",
			"_tpl": "557ffd194bdc2d28148b457f",
			"parentId": "5c6687d65e9d882c8841f0fd",
			"slotId": "Pockets"
		},
		{
			"_id": "5c6687d65e9d882c8841f0fc",
			"_tpl": "566abbc34bdc2d92178b4576"
		},
		{
			"_id": "5c6687d65e9d882c8841f0ff",
			"_tpl": "5963866b86f7747bfa1c4462"
		},
		{
			"_id": "5c6687d65e9d882c8841f0fe",
			"_tpl": "5963866286f7747bf429b572"
		},
		{
			"_id": "I59618246208970083SmSYY5",
			"_tpl": "5929a2a086f7744f4b234d43",
			"parentId": "5c6687d65e9d882c8841f0fd",
			"slotId": "TacticalVest"
		},
		{
			"_id": "I33102199244347225huwq4b",
			"_tpl": "57dc2fa62459775949412633",
			"parentId": "5c6687d65e9d882c8841f0fd",
			"slotId": "FirstPrimaryWeapon",
			"upd": {
				"Repairable": {
					"MaxDurability": 100,
					"Durability": 100
				}
			}
		},
		{
			"_id": "I33102198208220368mkoBPf",
			"_tpl": "57e3dba62459770f0c32322b",
			"parentId": "I33102199244347225huwq4b",
			"slotId": "mod_pistol_grip"
		},
		{
			"_id": "I33102191015356994tky48q",
			"_tpl": "57dc347d245977596754e7a1",
			"parentId": "I33102199244347225huwq4b",
			"slotId": "mod_stock"
		},
		{
			"_id": "I59618241295075168h45CKO",
			"_tpl": "55d4837c4bdc2d1d4e8b456c",
			"parentId": "I33102199244347225huwq4b",
			"slotId": "mod_magazine"
		},
		{
			"_id": "I59618247412841636alqVw9",
			"_tpl": "56dff3afd2720bba668b4567",
			"parentId": "I59618241295075168h45CKO",
			"slotId": "cartridges",
			"upd": {
				"StackObjectsCount": 10
			}
		},
		{
			"_id": "I331021979274565986ipDm6",
			"_tpl": "57dc324a24597759501edc20",
			"parentId": "I33102199244347225huwq4b",
			"slotId": "mod_muzzle"
		},
		{
			"_id": "I33102196100545524E0zoJV",
			"_tpl": "59d36a0086f7747e673f3946",
			"parentId": "I33102199244347225huwq4b",
			"slotId": "mod_gas_block"
		},
		{
			"_id": "I331021985013893897JE7Au",
			"_tpl": "56dfef82d2720bbd668b4567",
			"parentId": "I33102195248896084yCBI6t",
			"slotId": "cartridges",
			"location": 0,
			"upd": {
				"StackObjectsCount": 30
			}
		},
		{
			"_id": "I33102195902080607QLDgOL",
			"_tpl": "57dc32dc245977596d4ef3d3",
			"parentId": "I33102196100545524E0zoJV",
			"slotId": "mod_handguard"
		},
		{
			"_id": "I59618248281481450I9cdxF",
			"_tpl": "5857a8bc2459772bad15db29",
			"parentId": "5c6687d65e9d882c8841f0fd",
			"slotId": "SecuredContainer"
		},
		{
			"_id": "I59618241873765931yej4Kk",
			"_tpl": "56dff4a2d2720bbd668b456a",
			"parentId": "I59618248281481450I9cdxF",
			"slotId": "main",
			"upd": {
				"StackObjectsCount": 60
			}
		},
		{
			"_id": "I59618249928153896bEWCxG",
			"_tpl": "56dff4ecd2720b5f5a8b4568",
			"parentId": "I59618248281481450I9cdxF",
			"slotId": "main",
			"upd": {
				"StackObjectsCount": 60
			}
		},
		{
			"_id": "I59618246835505154YFevwK",
			"_tpl": "56dff3afd2720bba668b4567",
			"parentId": "I59618248281481450I9cdxF",
			"slotId": "main",
			"upd": {
				"StackObjectsCount": 60
			}
		},
		{
			"_id": "I59618242019009243WSnWsE",
			"_tpl": "56dff061d2720bb5668b4567",
			"parentId": "I59618248281481450I9cdxF",
			"slotId": "main",
			"upd": {
				"StackObjectsCount": 60
			}
		},
		{
			"_id": "I59618248022632813ywE6FR",
			"_tpl": "56dff4a2d2720bbd668b456a",
			"parentId": "I59618248281481450I9cdxF",
			"slotId": "main",
			"upd": {
				"StackObjectsCount": 60
			}
		},
		{
			"_id": "I596182433818861868zIqR5",
			"_tpl": "56dff4a2d2720bbd668b456a",
			"parentId": "I59618248281481450I9cdxF",
			"slotId": "main",
			"upd": {
				"StackObjectsCount": 60
			}
		},
		{
			"_id": "I59618249209676622WXRPZJ",
			"_tpl": "56dff026d2720bb8668b4567",
			"parentId": "I59618248281481450I9cdxF",
			"slotId": "main",
			"upd": {
				"StackObjectsCount": 60
			}
		},
		{
			"_id": "I59618248856437197fNDnUU",
			"_tpl": "56dff421d2720b5f5a8b4567",
			"parentId": "I59618248281481450I9cdxF",
			"slotId": "main",
			"upd": {
				"StackObjectsCount": 60
			}
		},
		{
			"_id": "I59618243744762213EhVsJR",
			"_tpl": "56dff421d2720b5f5a8b4567",
			"parentId": "I59618248281481450I9cdxF",
			"slotId": "main",
			"upd": {
				"StackObjectsCount": 60
			}
		},
		{
			"_id": "I59618244903406436hBgBEw",
			"_tpl": "55d4837c4bdc2d1d4e8b456c",
			"parentId": "I59618246208970083SmSYY5",
			"slotId": "3",
			"location": {
				"x": 0,
				"y": 0,
				"r": "Horizontal"
			}
		},
		{
			"_id": "I59618249633679098oEKDtw",
			"_tpl": "56dff2ced2720bb4668b4567",
			"parentId": "I59618244903406436hBgBEw",
			"slotId": "cartridges",
			"upd": {
				"StackObjectsCount": 10
			}
		},
		{
			"_id": "I59618245514520884dEwuyD",
			"_tpl": "55d4837c4bdc2d1d4e8b456c",
			"parentId": "I59618246208970083SmSYY5",
			"slotId": "5",
			"location": {
				"x": 0,
				"y": 0,
				"r": "Horizontal"
			}
		},
		{
			"_id": "I59618246828688452gHnf55",
			"_tpl": "56dff2ced2720bb4668b4567",
			"parentId": "I59618245514520884dEwuyD",
			"slotId": "cartridges",
			"upd": {
				"StackObjectsCount": 10
			}
		},
		{
			"_id": "I59618246020782200ldoxqV",
			"_tpl": "55d4837c4bdc2d1d4e8b456c",
			"parentId": "I59618246208970083SmSYY5",
			"slotId": "5",
			"location": {
				"x": 0,
				"y": 1,
				"r": "Horizontal"
			}
		},
		{
			"_id": "I59618242084599401HOgwHq",
			"_tpl": "56dff2ced2720bb4668b4567",
			"parentId": "I59618246020782200ldoxqV",
			"slotId": "cartridges",
			"upd": {
				"StackObjectsCount": 10
			}
		},
		{
			"_id": "I59618244266975900gtwZ9L",
			"_tpl": "56dff3afd2720bba668b4567",
			"parentId": "I59618246208970083SmSYY5",
			"slotId": "2",
			"upd": {
				"StackObjectsCount": 29
			}
		},
		{
			"_id": "I59618244447017112fwVttl",
			"_tpl": "56dff2ced2720bb4668b4567",
			"parentId": "I59618246208970083SmSYY5",
			"slotId": "8",
			"upd": {
				"StackObjectsCount": 51
			}
		},
		{
			"_id": "I59618248855009782j9qAdX",
			"_tpl": "54491bb74bdc2d09088b4567",
			"parentId": "5c6687d65e9d882c8841f0fd",
			"slotId": "Scabbard"
		},
		{
			"_id": "I59618247286113689IhCB8l",
			"_tpl": "5aa2b89be5b5b0001569311f",
			"parentId": "5c6687d65e9d882c8841f0fd",
			"slotId": "Headwear"
		},
		{
			"_id": "I59618245694494543yUyw8X",
			"_tpl": "5d5fca1ea4b93635fd598c07",
			"parentId": "5c6687d65e9d882c8841f0fd",
			"slotId": "Eyewear"
		},
		{
			"_id": "I59618243628798196YcTzrT",
			"_tpl": "56e33634d2720bd8058b456b",
			"parentId": "5c6687d65e9d882c8841f0fd",
			"slotId": "Backpack"
		},
		{
			"_id": "I59618242522499110YosQcp",
			"_tpl": "5ab8e79e86f7742d8b372e78",
			"parentId": "5c6687d65e9d882c8841f0fd",
			"slotId": "ArmorVest",
			"upd": {
				"Repairable": {
					"MaxDurability": 65,
					"Durability": 32
				}
			}
		},
		{
			"_id": "I59618246110410683914dTm",
			"_tpl": "5a0ea79b86f7741d4a35298e",
			"parentId": "5c6687d65e9d882c8841f121",
			"slotId": "pocket1",
			"location": {
				"x": 0,
				"y": 0,
				"r": "Horizontal"
			},
			"upd": {
				"SpawnedInSession": true
			}
		}
	],
	"equipment": "5c6687d65e9d882c8841f0fd",
	"stash": "5c6687d65e9d882c8841f0fc",
	"questRaidItems": "5c6687d65e9d882c8841f0fe",
	"questStashItems": "5c6687d65e9d882c8841f0ff",
	"fastPanel": {}
}