{
	"items": [
		{
			"_id": "5c6687d65e9d882c8841f0fd",
			"_tpl": "55d7217a4bdc2d86028b456d"
		},
		{
			"_id": "5c6687d65e9d882c8841f121",
			"_tpl": "557ffd194bdc2d28148b457f",
			"parentId": "5c6687d65e9d882c8841f0fd",
			"slotId": "Pockets"
		},
		{
			"_id": "5c6687d65e9d882c8841f0fc",
			"_tpl": "566abbc34bdc2d92178b4576"
		},
		{
			"_id": "5c6687d65e9d882c8841f0ff",
			"_tpl": "5963866b86f7747bfa1c4462"
		},
		{
			"_id": "5c6687d65e9d882c8841f0fe",
			"_tpl": "5963866286f7747bf429b572"
		},
		{
			"_id": "I59618249048690713RXQGgT",
			"_tpl": "5e4abfed86f77406a2713cf7",
			"parentId": "5c6687d65e9d882c8841f0fd",
			"slotId": "TacticalVest"
		},
		{
			"_id": "I21005274461938734znOLW3",
			"_tpl": "5b0bbe4e5acfc40dc528a72d",
			"parentId": "5c6687d65e9d882c8841f0fd",
			"slotId": "FirstPrimaryWeapon",
			"upd": {
				"Repairable": {
					"MaxDurability": 100,
					"Durability": 100
				}
			}
		},
		{
			"_id": "I21005278821303683xvK7Dy",
			"_tpl": "5b099b965acfc400186331e6",
			"parentId": "I21005274461938734znOLW3",
			"slotId": "mod_pistol_grip"
		},
		{
			"_id": "I59618245768917054UkXGDz",
			"_tpl": "5b7bef1e5acfc43d82528402",
			"parentId": "I21005274461938734znOLW3",
			"slotId": "mod_magazine"
		},
		{
			"_id": "I59618249552458583soSZ4n",
			"_tpl": "5e023e88277cce2b522ff2b1",
			"parentId": "I59618245768917054UkXGDz",
			"slotId": "cartridges",
			"upd": {
				"StackObjectsCount": 10
			}
		},
		{
			"_id": "I210052717339992548pa5z0",
			"_tpl": "5b099a9d5acfc47a8607efe7",
			"parentId": "I21005274461938734znOLW3",
			"slotId": "mod_handguard"
		},
		{
			"_id": "I21005277344600972okJxxH",
			"_tpl": "5b099a765acfc47a8607efe3",
			"parentId": "I21005274461938734znOLW3",
			"slotId": "mod_barrel"
		},
		{
			"_id": "I210052737448575230C6461",
			"_tpl": "5b0bc22d5acfc47a8607f085",
			"parentId": "I21005274461938734znOLW3",
			"slotId": "mod_sight_rear",
			"upd": {
				"Sight": {
					"SelectedSightMode": 0
				}
			}
		},
		{
			"_id": "I21005278451412674OC482D",
			"_tpl": "5b7d63cf5acfc4001876c8df",
			"parentId": "I21005274461938734znOLW3",
			"slotId": "mod_stock"
		},
		{
			"_id": "I21005279695471751vzzkvq",
			"_tpl": "5b099b7d5acfc400186331e4",
			"parentId": "I21005277344600972okJxxH",
			"slotId": "mod_muzzle"
		},
		{
			"_id": "I59618247285291107jYf3fB",
			"_tpl": "5857a8bc2459772bad15db29",
			"parentId": "5c6687d65e9d882c8841f0fd",
			"slotId": "SecuredContainer"
		},
		{
			"_id": "I59618243901760290qJDqEN",
			"_tpl": "5e023e6e34d52a55c3304f71",
			"parentId": "I59618247285291107jYf3fB",
			"slotId": "main",
			"upd": {
				"StackObjectsCount": 60
			}
		},
		{
			"_id": "I59618245319134063yQIkca",
			"_tpl": "5e023e88277cce2b522ff2b1",
			"parentId": "I59618247285291107jYf3fB",
			"slotId": "main",
			"upd": {
				"StackObjectsCount": 60
			}
		},
		{
			"_id": "I59618241538091740kV8jXz",
			"_tpl": "5e023e6e34d52a55c3304f71",
			"parentId": "I59618247285291107jYf3fB",
			"slotId": "main",
			"upd": {
				"StackObjectsCount": 60
			}
		},
		{
			"_id": "I596182494390374854uuDE5",
			"_tpl": "5a608bf24f39f98ffc77720e",
			"parentId": "I59618247285291107jYf3fB",
			"slotId": "main",
			"upd": {
				"StackObjectsCount": 60
			}
		},
		{
			"_id": "I59618244686590327WXuKWT",
			"_tpl": "5e023e6e34d52a55c3304f71",
			"parentId": "I59618247285291107jYf3fB",
			"slotId": "main",
			"upd": {
				"StackObjectsCount": 60
			}
		},
		{
			"_id": "I59618249672934125hxNDqb",
			"_tpl": "5a6086ea4f39f99cd479502f",
			"parentId": "I59618247285291107jYf3fB",
			"slotId": "main",
			"upd": {
				"StackObjectsCount": 60
			}
		},
		{
			"_id": "I59618248407304660DHr3f9",
			"_tpl": "5e023e88277cce2b522ff2b1",
			"parentId": "I59618247285291107jYf3fB",
			"slotId": "main",
			"upd": {
				"StackObjectsCount": 60
			}
		},
		{
			"_id": "I59618248982777340L4kPph",
			"_tpl": "5e023e88277cce2b522ff2b1",
			"parentId": "I59618247285291107jYf3fB",
			"slotId": "main",
			"upd": {
				"StackObjectsCount": 60
			}
		},
		{
			"_id": "I59618241646254013rOBo1e",
			"_tpl": "5e023e88277cce2b522ff2b1",
			"parentId": "I59618247285291107jYf3fB",
			"slotId": "main",
			"upd": {
				"StackObjectsCount": 60
			}
		},
		{
			"_id": "I59618249283271990xkhFl6",
			"_tpl": "5b7bef1e5acfc43d82528402",
			"parentId": "I59618249048690713RXQGgT",
			"slotId": "1",
			"location": {
				"x": 0,
				"y": 0,
				"r": "Horizontal"
			}
		},
		{
			"_id": "I59618243301626256Yct9Fa",
			"_tpl": "5a608bf24f39f98ffc77720e",
			"parentId": "I59618249283271990xkhFl6",
			"slotId": "cartridges",
			"upd": {
				"StackObjectsCount": 10
			}
		},
		{
			"_id": "I596182497551248689Ltedb",
			"_tpl": "5b7bef1e5acfc43d82528402",
			"parentId": "I59618249048690713RXQGgT",
			"slotId": "1",
			"location": {
				"x": 0,
				"y": 1,
				"r": "Horizontal"
			}
		},
		{
			"_id": "I59618247884469646LAywBX",
			"_tpl": "5e023e53d4353e3302577c4c",
			"parentId": "I596182497551248689Ltedb",
			"slotId": "cartridges",
			"upd": {
				"StackObjectsCount": 10
			}
		},
		{
			"_id": "I596182427609443232B2fw5",
			"_tpl": "5b7bef1e5acfc43d82528402",
			"parentId": "I59618249048690713RXQGgT",
			"slotId": "3",
			"location": {
				"x": 0,
				"y": 0,
				"r": "Horizontal"
			}
		},
		{
			"_id": "I59618246740107039RiFEzb",
			"_tpl": "58dd3ad986f77403051cba8f",
			"parentId": "I596182427609443232B2fw5",
			"slotId": "cartridges",
			"upd": {
				"StackObjectsCount": 10
			}
		},
		{
			"_id": "I59618242374572074UEpmW0",
			"_tpl": "5b7bef1e5acfc43d82528402",
			"parentId": "I59618249048690713RXQGgT",
			"slotId": "3",
			"location": {
				"x": 0,
				"y": 1,
				"r": "Horizontal"
			}
		},
		{
			"_id": "I59618244962637650AJ2vsc",
			"_tpl": "5e023e53d4353e3302577c4c",
			"parentId": "I59618242374572074UEpmW0",
			"slotId": "cartridges",
			"upd": {
				"StackObjectsCount": 10
			}
		},
		{
			"_id": "I59618246041995765evQjit",
			"_tpl": "5a608bf24f39f98ffc77720e",
			"parentId": "I59618249048690713RXQGgT",
			"slotId": "5",
			"upd": {
				"StackObjectsCount": 9
			}
		},
		{
			"_id": "I59618241542103826vgREkr",
			"_tpl": "5a608bf24f39f98ffc77720e",
			"parentId": "I59618249048690713RXQGgT",
			"slotId": "7",
			"upd": {
				"StackObjectsCount": 28
			}
		},
		{
			"_id": "I59618249451554507t1uLbl",
			"_tpl": "5e023e53d4353e3302577c4c",
			"parentId": "I59618249048690713RXQGgT",
			"slotId": "10",
			"upd": {
				"StackObjectsCount": 17
			}
		},
		{
			"_id": "I59618248213618503iIPfJ8",
			"_tpl": "57e26ea924597715ca604a09",
			"parentId": "5c6687d65e9d882c8841f0fd",
			"slotId": "Scabbard"
		},
		{
			"_id": "I59618246253025899kRtPvA",
			"_tpl": "5b43271c5acfc432ff4dce65",
			"parentId": "5c6687d65e9d882c8841f0fd",
			"slotId": "Headwear"
		},
		{
			"_id": "I59618248730599838OqfKrs",
			"_tpl": "59e7715586f7742ee5789605",
			"parentId": "5c6687d65e9d882c8841f0fd",
			"slotId": "FaceCover"
		},
		{
			"_id": "I59618249467051213C04xVL",
			"_tpl": "56e33634d2720bd8058b456b",
			"parentId": "5c6687d65e9d882c8841f0fd",
			"slotId": "Backpack"
		},
		{
			"_id": "I59618245788742100RElTDu",
			"_tpl": "5d40412b86f7743cb332ac3a",
			"parentId": "I59618249467051213C04xVL",
			"slotId": "main",
			"location": {
				"x": 0,
				"y": 0,
				"r": "Horizontal"
			}
		},
		{
			"_id": "I59618241432855459sYnnqZ",
			"_tpl": "5c0e541586f7747fa54205c9",
			"parentId": "5c6687d65e9d882c8841f0fd",
			"slotId": "ArmorVest",
			"upd": {
				"Repairable": {
					"MaxDurability": 60,
					"Durability": 36
				}
			}
		},
		{
			"_id": "I59618246407592443qTE0kh",
			"_tpl": "59e366c186f7741778269d85",
			"parentId": "5c6687d65e9d882c8841f121",
			"slotId": "pocket1",
			"location": {
				"x": 0,
				"y": 0,
				"r": "Horizontal"
			},
			"upd": {
				"SpawnedInSession": true
			}
		},
		{
			"_id": "I59618242608120280vEMtwZ",
			"_tpl": "5937fd0086f7742bf33fc198",
			"parentId": "5c6687d65e9d882c8841f121",
			"slotId": "pocket2",
			"location": {
				"x": 0,
				"y": 0,
				"r": "Horizontal"
			},
			"upd": {
				"SpawnedInSession": true
			}
		}
	],
	"equipment": "5c6687d65e9d882c8841f0fd",
	"stash": "5c6687d65e9d882c8841f0fc",
	"questRaidItems": "5c6687d65e9d882c8841f0fe",
	"questStashItems": "5c6687d65e9d882c8841f0ff",
	"fastPanel": {}
}