{
	"items": [
		{
			"_id": "5c6687d65e9d882c8841f0fd",
			"_tpl": "55d7217a4bdc2d86028b456d"
		},
		{
			"_id": "5c6687d65e9d882c8841f121",
			"_tpl": "557ffd194bdc2d28148b457f",
			"parentId": "5c6687d65e9d882c8841f0fd",
			"slotId": "Pockets"
		},
		{
			"_id": "5c6687d65e9d882c8841f0fc",
			"_tpl": "566abbc34bdc2d92178b4576"
		},
		{
			"_id": "5c6687d65e9d882c8841f0ff",
			"_tpl": "5963866b86f7747bfa1c4462"
		},
		{
			"_id": "5c6687d65e9d882c8841f0fe",
			"_tpl": "5963866286f7747bf429b572"
		},
		{
			"_id": "I59618248197500644DAbC0A",
			"_tpl": "59e7643b86f7742cbf2c109a",
			"parentId": "5c6687d65e9d882c8841f0fd",
			"slotId": "TacticalVest"
		},
		{
			"_id": "I21003545137051978N1mi6I",
			"_tpl": "574d967124597745970e7c94",
			"parentId": "5c6687d65e9d882c8841f0fd",
			"slotId": "FirstPrimaryWeapon",
			"upd": {
				"Repairable": {
					"MaxDurability": 100,
					"Durability": 100
				}
			}
		},
		{
			"_id": "I21003549029092053IZhoh0",
			"_tpl": "574dad8024597745964bf05c",
			"parentId": "I21003545137051978N1mi6I",
			"slotId": "mod_stock"
		},
		{
			"_id": "I210035469247282386eNw4Y",
			"_tpl": "574db213245977459a2f3f5d",
			"parentId": "I21003545137051978N1mi6I",
			"slotId": "mod_sight_rear",
			"upd": {
				"Sight": {
					"SelectedSightMode": 0
				}
			}
		},
		{
			"_id": "I59618249151956695apQ0oF",
			"_tpl": "587df583245977373c4f1129",
			"parentId": "I21003545137051978N1mi6I",
			"slotId": "mod_magazine"
		},
		{
			"_id": "I59618242115792166YUctyT",
			"_tpl": "59e4d24686f7741776641ac7",
			"parentId": "I59618249151956695apQ0oF",
			"slotId": "cartridges",
			"upd": {
				"StackObjectsCount": 20
			}
		},
		{
			"_id": "I59618244928569098R3RGXf",
			"_tpl": "5857a8bc2459772bad15db29",
			"parentId": "5c6687d65e9d882c8841f0fd",
			"slotId": "SecuredContainer"
		},
		{
			"_id": "I59618242132492051KIJYxS",
			"_tpl": "59e4cf5286f7741778269d8a",
			"parentId": "I59618244928569098R3RGXf",
			"slotId": "main",
			"upd": {
				"StackObjectsCount": 60
			}
		},
		{
			"_id": "I59618243763012278kV8cuA",
			"_tpl": "59e0d99486f7744a32234762",
			"parentId": "I59618244928569098R3RGXf",
			"slotId": "main",
			"upd": {
				"StackObjectsCount": 60
			}
		},
		{
			"_id": "I59618246644535508UkynD2",
			"_tpl": "59e4cf5286f7741778269d8a",
			"parentId": "I59618244928569098R3RGXf",
			"slotId": "main",
			"upd": {
				"StackObjectsCount": 60
			}
		},
		{
			"_id": "I59618245092693617lvdDcp",
			"_tpl": "5656d7c34bdc2d9d198b4587",
			"parentId": "I59618244928569098R3RGXf",
			"slotId": "main",
			"upd": {
				"StackObjectsCount": 60
			}
		},
		{
			"_id": "I59618241690793273msLbLZ",
			"_tpl": "59e4d3d286f774176a36250a",
			"parentId": "I59618244928569098R3RGXf",
			"slotId": "main",
			"upd": {
				"StackObjectsCount": 60
			}
		},
		{
			"_id": "I59618247490506868yUl6gz",
			"_tpl": "59e0d99486f7744a32234762",
			"parentId": "I59618244928569098R3RGXf",
			"slotId": "main",
			"upd": {
				"StackObjectsCount": 60
			}
		},
		{
			"_id": "I59618242474449768l5HNOu",
			"_tpl": "59e4d3d286f774176a36250a",
			"parentId": "I59618244928569098R3RGXf",
			"slotId": "main",
			"upd": {
				"StackObjectsCount": 60
			}
		},
		{
			"_id": "I59618244852291958eSJfLa",
			"_tpl": "59e4d3d286f774176a36250a",
			"parentId": "I59618244928569098R3RGXf",
			"slotId": "main",
			"upd": {
				"StackObjectsCount": 60
			}
		},
		{
			"_id": "I59618243960356007l6yg5M",
			"_tpl": "59e4d24686f7741776641ac7",
			"parentId": "I59618244928569098R3RGXf",
			"slotId": "main",
			"upd": {
				"StackObjectsCount": 60
			}
		},
		{
			"_id": "I210016101782840201FfSza",
			"_tpl": "5448bd6b4bdc2dfc2f8b4569",
			"parentId": "5c6687d65e9d882c8841f0fd",
			"slotId": "Holster",
			"upd": {
				"Repairable": {
					"MaxDurability": 100,
					"Durability": 100
				}
			}
		},
		{
			"_id": "I59618249798638401mTarga",
			"_tpl": "57372140245977611f70ee91",
			"parentId": "I210016108228972218lshfS",
			"slotId": "cartridges",
			"upd": {
				"StackObjectsCount": 8
			}
		},
		{
			"_id": "I210016108228972218lshfS",
			"_tpl": "5448c12b4bdc2d02308b456f",
			"parentId": "I210016101782840201FfSza",
			"slotId": "mod_magazine"
		},
		{
			"_id": "I59618244093909530hVJnLy",
			"_tpl": "5c5970672e221602b21d7855",
			"parentId": "I59618248197500644DAbC0A",
			"slotId": "2",
			"location": {
				"x": 0,
				"y": 0,
				"r": "Horizontal"
			}
		},
		{
			"_id": "I59618248541741126VehPPI",
			"_tpl": "59e4d3d286f774176a36250a",
			"parentId": "I59618244093909530hVJnLy",
			"slotId": "cartridges",
			"upd": {
				"StackObjectsCount": 35
			}
		},
		{
			"_id": "I59618249806489946Cs0uRu",
			"_tpl": "5c5970672e221602b21d7855",
			"parentId": "I59618248197500644DAbC0A",
			"slotId": "1",
			"location": {
				"x": 0,
				"y": 0,
				"r": "Horizontal"
			}
		},
		{
			"_id": "I59618244166559826IAtYoW",
			"_tpl": "59e4d3d286f774176a36250a",
			"parentId": "I59618249806489946Cs0uRu",
			"slotId": "cartridges",
			"upd": {
				"StackObjectsCount": 35
			}
		},
		{
			"_id": "I59618244769816114BOoRlr",
			"_tpl": "5c5970672e221602b21d7855",
			"parentId": "I59618248197500644DAbC0A",
			"slotId": "1",
			"location": {
				"x": 1,
				"y": 0,
				"r": "Horizontal"
			}
		},
		{
			"_id": "I5961824777018942986GDkU",
			"_tpl": "59e4d3d286f774176a36250a",
			"parentId": "I59618244769816114BOoRlr",
			"slotId": "cartridges",
			"upd": {
				"StackObjectsCount": 35
			}
		},
		{
			"_id": "I59618249767458224gCX6Wp",
			"_tpl": "5a0c27731526d80618476ac4",
			"parentId": "I59618248197500644DAbC0A",
			"slotId": "4"
		},
		{
			"_id": "I59618246218517899UKEsBc",
			"_tpl": "5448c12b4bdc2d02308b456f",
			"parentId": "I59618248197500644DAbC0A",
			"slotId": "3",
			"location": {
				"x": 0,
				"y": 0,
				"r": "Horizontal"
			}
		},
		{
			"_id": "I59618244845355514GIl3JD",
			"_tpl": "57372140245977611f70ee91",
			"parentId": "I59618246218517899UKEsBc",
			"slotId": "cartridges",
			"upd": {
				"StackObjectsCount": 8
			}
		},
		{
			"_id": "I59618244578163255I2tVUD",
			"_tpl": "5448c12b4bdc2d02308b456f",
			"parentId": "I59618248197500644DAbC0A",
			"slotId": "3",
			"location": {
				"x": 0,
				"y": 1,
				"r": "Horizontal"
			}
		},
		{
			"_id": "I5961824242996335984QMeu",
			"_tpl": "5737218f245977612125ba51",
			"parentId": "I59618244578163255I2tVUD",
			"slotId": "cartridges",
			"upd": {
				"StackObjectsCount": 8
			}
		},
		{
			"_id": "I59618246681415138hxhpE9",
			"_tpl": "5bffdc370db834001d23eca8",
			"parentId": "5c6687d65e9d882c8841f0fd",
			"slotId": "Scabbard"
		},
		{
			"_id": "I596182466492807121Rwyyp",
			"_tpl": "59e7708286f7742cbd762753",
			"parentId": "5c6687d65e9d882c8841f0fd",
			"slotId": "Headwear"
		},
		{
			"_id": "I596182473511339541zKNtR",
			"_tpl": "5c0d32fcd174af02a1659c75",
			"parentId": "5c6687d65e9d882c8841f0fd",
			"slotId": "Eyewear"
		},
		{
			"_id": "I59618243971694137FRURHY",
			"_tpl": "5b4335ba86f7744d2837a264",
			"parentId": "5c6687d65e9d882c8841f121",
			"slotId": "pocket1",
			"location": {
				"x": 0,
				"y": 0,
				"r": "Horizontal"
			},
			"upd": {
				"SpawnedInSession": true
			}
		},
		{
			"_id": "I59618245696231415uPZ6ej",
			"_tpl": "590c2c9c86f774245b1f03f2",
			"parentId": "5c6687d65e9d882c8841f121",
			"slotId": "pocket2",
			"location": {
				"x": 0,
				"y": 0,
				"r": "Horizontal"
			},
			"upd": {
				"SpawnedInSession": true
			}
		}
	],
	"equipment": "5c6687d65e9d882c8841f0fd",
	"stash": "5c6687d65e9d882c8841f0fc",
	"questRaidItems": "5c6687d65e9d882c8841f0fe",
	"questStashItems": "5c6687d65e9d882c8841f0ff",
	"fastPanel": {}
}