{
	"items": [
		{
			"_id": "5c6687d65e9d882c8841f0fd",
			"_tpl": "55d7217a4bdc2d86028b456d"
		},
		{
			"_id": "5c6687d65e9d882c8841f121",
			"_tpl": "557ffd194bdc2d28148b457f",
			"parentId": "5c6687d65e9d882c8841f0fd",
			"slotId": "Pockets"
		},
		{
			"_id": "5c6687d65e9d882c8841f0fc",
			"_tpl": "566abbc34bdc2d92178b4576"
		},
		{
			"_id": "5c6687d65e9d882c8841f0ff",
			"_tpl": "5963866b86f7747bfa1c4462"
		},
		{
			"_id": "5c6687d65e9d882c8841f0fe",
			"_tpl": "5963866286f7747bf429b572"
		},
		{
			"_id": "I59618231890019550PCicc9",
			"_tpl": "5c0e3eb886f7742015526062",
			"parentId": "5c6687d65e9d882c8841f0fd",
			"slotId": "TacticalVest"
		},
		{
			"_id": "I21005274461938734znOLW3",
			"_tpl": "5b0bbe4e5acfc40dc528a72d",
			"parentId": "5c6687d65e9d882c8841f0fd",
			"slotId": "FirstPrimaryWeapon",
			"upd": {
				"Repairable": {
					"MaxDurability": 100,
					"Durability": 100
				}
			}
		},
		{
			"_id": "I21005278821303683xvK7Dy",
			"_tpl": "5b099b965acfc400186331e6",
			"parentId": "I21005274461938734znOLW3",
			"slotId": "mod_pistol_grip"
		},
		{
			"_id": "I59618233437990251okwggB",
			"_tpl": "5b7bef5d5acfc43bca7067a3",
			"parentId": "I21005274461938734znOLW3",
			"slotId": "mod_magazine"
		},
		{
			"_id": "I59618235050138822dIhOXX",
			"_tpl": "5a6086ea4f39f99cd479502f",
			"parentId": "I59618233437990251okwggB",
			"slotId": "cartridges",
			"upd": {
				"StackObjectsCount": 30
			}
		},
		{
			"_id": "I210052717339992548pa5z0",
			"_tpl": "5b099a9d5acfc47a8607efe7",
			"parentId": "I21005274461938734znOLW3",
			"slotId": "mod_handguard"
		},
		{
			"_id": "I21005277344600972okJxxH",
			"_tpl": "5b099a765acfc47a8607efe3",
			"parentId": "I21005274461938734znOLW3",
			"slotId": "mod_barrel"
		},
		{
			"_id": "I210052737448575230C6461",
			"_tpl": "5b0bc22d5acfc47a8607f085",
			"parentId": "I21005274461938734znOLW3",
			"slotId": "mod_sight_rear",
			"upd": {
				"Sight": {
					"SelectedSightMode": 0
				}
			}
		},
		{
			"_id": "I21005278451412674OC482D",
			"_tpl": "5b7d63cf5acfc4001876c8df",
			"parentId": "I21005274461938734znOLW3",
			"slotId": "mod_stock"
		},
		{
			"_id": "I21005279695471751vzzkvq",
			"_tpl": "5b099b7d5acfc400186331e4",
			"parentId": "I21005277344600972okJxxH",
			"slotId": "mod_muzzle"
		},
		{
			"_id": "I59618231604203466PzeuJb",
			"_tpl": "5857a8bc2459772bad15db29",
			"parentId": "5c6687d65e9d882c8841f0fd",
			"slotId": "SecuredContainer"
		},
		{
			"_id": "I59618238789550220ukigLg",
			"_tpl": "5e023e53d4353e3302577c4c",
			"parentId": "I59618231604203466PzeuJb",
			"slotId": "main",
			"upd": {
				"StackObjectsCount": 60
			}
		},
		{
			"_id": "I59618231630115833x5n0uq",
			"_tpl": "5a6086ea4f39f99cd479502f",
			"parentId": "I59618231604203466PzeuJb",
			"slotId": "main",
			"upd": {
				"StackObjectsCount": 60
			}
		},
		{
			"_id": "I596182384880764758eQxes",
			"_tpl": "5a608bf24f39f98ffc77720e",
			"parentId": "I59618231604203466PzeuJb",
			"slotId": "main",
			"upd": {
				"StackObjectsCount": 60
			}
		},
		{
			"_id": "I59618236776976041Eqbqwe",
			"_tpl": "5e023e88277cce2b522ff2b1",
			"parentId": "I59618231604203466PzeuJb",
			"slotId": "main",
			"upd": {
				"StackObjectsCount": 60
			}
		},
		{
			"_id": "I59618236441704580ehkKb6",
			"_tpl": "5e023e6e34d52a55c3304f71",
			"parentId": "I59618231604203466PzeuJb",
			"slotId": "main",
			"upd": {
				"StackObjectsCount": 60
			}
		},
		{
			"_id": "I59618239047651852lGjHOz",
			"_tpl": "5a6086ea4f39f99cd479502f",
			"parentId": "I59618231604203466PzeuJb",
			"slotId": "main",
			"upd": {
				"StackObjectsCount": 60
			}
		},
		{
			"_id": "I59618232822546957Ps7rax",
			"_tpl": "5a6086ea4f39f99cd479502f",
			"parentId": "I59618231604203466PzeuJb",
			"slotId": "main",
			"upd": {
				"StackObjectsCount": 60
			}
		},
		{
			"_id": "I59618233885482414CFJTcI",
			"_tpl": "5a6086ea4f39f99cd479502f",
			"parentId": "I59618231604203466PzeuJb",
			"slotId": "main",
			"upd": {
				"StackObjectsCount": 60
			}
		},
		{
			"_id": "I59618239752807941irnoPy",
			"_tpl": "5e023e53d4353e3302577c4c",
			"parentId": "I59618231604203466PzeuJb",
			"slotId": "main",
			"upd": {
				"StackObjectsCount": 60
			}
		},
		{
			"_id": "I210016101782840201FfSza",
			"_tpl": "5448bd6b4bdc2dfc2f8b4569",
			"parentId": "5c6687d65e9d882c8841f0fd",
			"slotId": "Holster",
			"upd": {
				"Repairable": {
					"MaxDurability": 100,
					"Durability": 100
				}
			}
		},
		{
			"_id": "I596182358086956966Cvnqj",
			"_tpl": "57371f2b24597761224311f1",
			"parentId": "I210016108228972218lshfS",
			"slotId": "cartridges",
			"upd": {
				"StackObjectsCount": 8
			}
		},
		{
			"_id": "I210016108228972218lshfS",
			"_tpl": "5448c12b4bdc2d02308b456f",
			"parentId": "I210016101782840201FfSza",
			"slotId": "mod_magazine"
		},
		{
			"_id": "I59618236227044549TubTNS",
			"_tpl": "544fb37f4bdc2dee738b4567",
			"parentId": "I59618231890019550PCicc9",
			"slotId": "1"
		},
		{
			"_id": "I59618232079431773DEO5wX",
			"_tpl": "5b099ac65acfc400186331e1",
			"parentId": "I59618231890019550PCicc9",
			"slotId": "2",
			"location": {
				"x": 0,
				"y": 0,
				"r": "Horizontal"
			}
		},
		{
			"_id": "I59618232004858186GWO76I",
			"_tpl": "5e023e6e34d52a55c3304f71",
			"parentId": "I59618232079431773DEO5wX",
			"slotId": "cartridges",
			"upd": {
				"StackObjectsCount": 20
			}
		},
		{
			"_id": "I59618236752697822OXInTB",
			"_tpl": "5b099ac65acfc400186331e1",
			"parentId": "I59618231890019550PCicc9",
			"slotId": "4",
			"location": {
				"x": 0,
				"y": 0,
				"r": "Horizontal"
			}
		},
		{
			"_id": "I59618231378356977xHbSi4",
			"_tpl": "58dd3ad986f77403051cba8f",
			"parentId": "I59618236752697822OXInTB",
			"slotId": "cartridges",
			"upd": {
				"StackObjectsCount": 20
			}
		},
		{
			"_id": "I59618231201025946lOFtCM",
			"_tpl": "5e023e53d4353e3302577c4c",
			"parentId": "I59618231890019550PCicc9",
			"slotId": "6",
			"upd": {
				"StackObjectsCount": 16
			}
		},
		{
			"_id": "I59618237596988336tNHTJo",
			"_tpl": "5448c12b4bdc2d02308b456f",
			"parentId": "I59618231890019550PCicc9",
			"slotId": "1",
			"location": {
				"x": 0,
				"y": 0,
				"r": "Horizontal"
			}
		},
		{
			"_id": "I59618233208866439VmoMdr",
			"_tpl": "573718ba2459775a75491131",
			"parentId": "I59618237596988336tNHTJo",
			"slotId": "cartridges",
			"upd": {
				"StackObjectsCount": 8
			}
		},
		{
			"_id": "I596182394793722753BwXWW",
			"_tpl": "5448c12b4bdc2d02308b456f",
			"parentId": "I59618231890019550PCicc9",
			"slotId": "1",
			"location": {
				"x": 0,
				"y": 1,
				"r": "Horizontal"
			}
		},
		{
			"_id": "I59618239773389810k3HOox",
			"_tpl": "5737201124597760fc4431f1",
			"parentId": "I596182394793722753BwXWW",
			"slotId": "cartridges",
			"upd": {
				"StackObjectsCount": 8
			}
		},
		{
			"_id": "I59618236023503999PhBoxT",
			"_tpl": "54491bb74bdc2d09088b4567",
			"parentId": "5c6687d65e9d882c8841f0fd",
			"slotId": "Scabbard"
		},
		{
			"_id": "I59618234449356227g08W2D",
			"_tpl": "5b40e61f5acfc4001a599bec",
			"parentId": "5c6687d65e9d882c8841f0fd",
			"slotId": "Headwear"
		},
		{
			"_id": "I59618236913042844MnwhAf",
			"_tpl": "59e7715586f7742ee5789605",
			"parentId": "5c6687d65e9d882c8841f0fd",
			"slotId": "FaceCover"
		},
		{
			"_id": "I59618231590317978HmuusD",
			"_tpl": "56e33680d2720be2748b4576",
			"parentId": "5c6687d65e9d882c8841f0fd",
			"slotId": "Backpack"
		},
		{
			"_id": "I596182343332833122V9sAz",
			"_tpl": "5df8a2ca86f7740bfe6df777",
			"parentId": "5c6687d65e9d882c8841f0fd",
			"slotId": "ArmorVest",
			"upd": {
				"Repairable": {
					"MaxDurability": 80,
					"Durability": 66
				}
			}
		}
	],
	"equipment": "5c6687d65e9d882c8841f0fd",
	"stash": "5c6687d65e9d882c8841f0fc",
	"questRaidItems": "5c6687d65e9d882c8841f0fe",
	"questStashItems": "5c6687d65e9d882c8841f0ff",
	"fastPanel": {}
}