{
	"items": [
		{
			"_id": "5c6687d65e9d882c8841f0fd",
			"_tpl": "55d7217a4bdc2d86028b456d"
		},
		{
			"_id": "5c6687d65e9d882c8841f121",
			"_tpl": "557ffd194bdc2d28148b457f",
			"parentId": "5c6687d65e9d882c8841f0fd",
			"slotId": "Pockets"
		},
		{
			"_id": "5c6687d65e9d882c8841f0fc",
			"_tpl": "566abbc34bdc2d92178b4576"
		},
		{
			"_id": "5c6687d65e9d882c8841f0ff",
			"_tpl": "5963866b86f7747bfa1c4462"
		},
		{
			"_id": "5c6687d65e9d882c8841f0fe",
			"_tpl": "5963866286f7747bf429b572"
		},
		{
			"_id": "I59618245600280880afXSeR",
			"_tpl": "544a5caa4bdc2d1a388b4568",
			"parentId": "5c6687d65e9d882c8841f0fd",
			"slotId": "TacticalVest"
		},
		{
			"_id": "I2100831885996599QQYhjJu",
			"_tpl": "59d6088586f774275f37482f",
			"parentId": "5c6687d65e9d882c8841f0fd",
			"slotId": "FirstPrimaryWeapon",
			"upd": {
				"Repairable": {
					"MaxDurability": 100,
					"Durability": 100
				}
			}
		},
		{
			"_id": "I2100839244070902GXKgrQB",
			"_tpl": "59d64ec286f774171d1e0a42",
			"parentId": "I2100831885996599QQYhjJu",
			"slotId": "mod_gas_block"
		},
		{
			"_id": "I2100833337038757GMryd1i",
			"_tpl": "59d64fc686f774171b243fe2",
			"parentId": "I2100831885996599QQYhjJu",
			"slotId": "mod_muzzle"
		},
		{
			"_id": "I2100839525132751ViQ5vw9",
			"_tpl": "59e62cc886f77440d40b52a1",
			"parentId": "I2100831885996599QQYhjJu",
			"slotId": "mod_pistol_grip"
		},
		{
			"_id": "I21008346648999282Ri1F3U",
			"_tpl": "59d6507c86f7741b846413a2",
			"parentId": "I2100831885996599QQYhjJu",
			"slotId": "mod_reciever"
		},
		{
			"_id": "I21008355203657065mkiXII",
			"_tpl": "59d650cf86f7741b846413a4",
			"parentId": "I2100831885996599QQYhjJu",
			"slotId": "mod_sight_rear",
			"upd": {
				"Sight": {
					"SelectedSightMode": 0
				}
			}
		},
		{
			"_id": "I2100834618895836883brrJ",
			"_tpl": "59d6514b86f774171a068a08",
			"parentId": "I2100831885996599QQYhjJu",
			"slotId": "mod_stock"
		},
		{
			"_id": "I59618242972137420IswZtB",
			"_tpl": "59d625f086f774661516605d",
			"parentId": "I2100831885996599QQYhjJu",
			"slotId": "mod_magazine"
		},
		{
			"_id": "I59618248321151126cMpAca",
			"_tpl": "59e0d99486f7744a32234762",
			"parentId": "I59618242972137420IswZtB",
			"slotId": "cartridges",
			"upd": {
				"StackObjectsCount": 30
			}
		},
		{
			"_id": "I21008313563024407sFthFB",
			"_tpl": "59d64f2f86f77417193ef8b3",
			"parentId": "I2100839244070902GXKgrQB",
			"slotId": "mod_handguard"
		},
		{
			"_id": "I59618246652479755LaGWQJ",
			"_tpl": "5857a8bc2459772bad15db29",
			"parentId": "5c6687d65e9d882c8841f0fd",
			"slotId": "SecuredContainer"
		},
		{
			"_id": "I59618247816753100hSVEAT",
			"_tpl": "5656d7c34bdc2d9d198b4587",
			"parentId": "I59618246652479755LaGWQJ",
			"slotId": "main",
			"upd": {
				"StackObjectsCount": 60
			}
		},
		{
			"_id": "I59618241681552929rT3oYM",
			"_tpl": "59e0d99486f7744a32234762",
			"parentId": "I59618246652479755LaGWQJ",
			"slotId": "main",
			"upd": {
				"StackObjectsCount": 60
			}
		},
		{
			"_id": "I59618247561750056YoT4H4",
			"_tpl": "59e4cf5286f7741778269d8a",
			"parentId": "I59618246652479755LaGWQJ",
			"slotId": "main",
			"upd": {
				"StackObjectsCount": 60
			}
		},
		{
			"_id": "I596182487769641494ZzCdL",
			"_tpl": "59e4cf5286f7741778269d8a",
			"parentId": "I59618246652479755LaGWQJ",
			"slotId": "main",
			"upd": {
				"StackObjectsCount": 60
			}
		},
		{
			"_id": "I59618244869355601poY1hd",
			"_tpl": "5656d7c34bdc2d9d198b4587",
			"parentId": "I59618246652479755LaGWQJ",
			"slotId": "main",
			"upd": {
				"StackObjectsCount": 60
			}
		},
		{
			"_id": "I59618243633438006HY22AR",
			"_tpl": "59e0d99486f7744a32234762",
			"parentId": "I59618246652479755LaGWQJ",
			"slotId": "main",
			"upd": {
				"StackObjectsCount": 60
			}
		},
		{
			"_id": "I59618247884664047bdYSxU",
			"_tpl": "5656d7c34bdc2d9d198b4587",
			"parentId": "I59618246652479755LaGWQJ",
			"slotId": "main",
			"upd": {
				"StackObjectsCount": 60
			}
		},
		{
			"_id": "I59618245871726289lNy7j7",
			"_tpl": "59e4d24686f7741776641ac7",
			"parentId": "I59618246652479755LaGWQJ",
			"slotId": "main",
			"upd": {
				"StackObjectsCount": 60
			}
		},
		{
			"_id": "I59618241555045460ATf5pa",
			"_tpl": "59e0d99486f7744a32234762",
			"parentId": "I59618246652479755LaGWQJ",
			"slotId": "main",
			"upd": {
				"StackObjectsCount": 60
			}
		},
		{
			"_id": "I59618244550974389qWGqNA",
			"_tpl": "59d625f086f774661516605d",
			"parentId": "I59618245600280880afXSeR",
			"slotId": "1",
			"location": {
				"x": 0,
				"y": 0,
				"r": "Horizontal"
			}
		},
		{
			"_id": "I596182441915904450ppIEF",
			"_tpl": "59e4cf5286f7741778269d8a",
			"parentId": "I59618244550974389qWGqNA",
			"slotId": "cartridges",
			"upd": {
				"StackObjectsCount": 30
			}
		},
		{
			"_id": "I596182439986359866mTJsm",
			"_tpl": "59d625f086f774661516605d",
			"parentId": "I59618245600280880afXSeR",
			"slotId": "3",
			"location": {
				"x": 0,
				"y": 0,
				"r": "Horizontal"
			}
		},
		{
			"_id": "I59618242675594236pmIFEY",
			"_tpl": "59e4d24686f7741776641ac7",
			"parentId": "I596182439986359866mTJsm",
			"slotId": "cartridges",
			"upd": {
				"StackObjectsCount": 30
			}
		},
		{
			"_id": "I59618242459348808a8HCkP",
			"_tpl": "59d625f086f774661516605d",
			"parentId": "I59618245600280880afXSeR",
			"slotId": "11",
			"location": {
				"x": 0,
				"y": 0,
				"r": "Horizontal"
			}
		},
		{
			"_id": "I59618241302086081sGE8iD",
			"_tpl": "59e4d3d286f774176a36250a",
			"parentId": "I59618242459348808a8HCkP",
			"slotId": "cartridges",
			"upd": {
				"StackObjectsCount": 30
			}
		},
		{
			"_id": "I59618241210903207PVjbGm",
			"_tpl": "59d625f086f774661516605d",
			"parentId": "I59618245600280880afXSeR",
			"slotId": "5",
			"location": {
				"x": 0,
				"y": 0,
				"r": "Horizontal"
			}
		},
		{
			"_id": "I596182469067126095vB2GG",
			"_tpl": "59e0d99486f7744a32234762",
			"parentId": "I59618241210903207PVjbGm",
			"slotId": "cartridges",
			"upd": {
				"StackObjectsCount": 30
			}
		},
		{
			"_id": "I59618243795003207MwUbbr",
			"_tpl": "59e0d99486f7744a32234762",
			"parentId": "I59618245600280880afXSeR",
			"slotId": "7",
			"upd": {
				"StackObjectsCount": 18
			}
		},
		{
			"_id": "I59618249336075396Ve0S7S",
			"_tpl": "59e0d99486f7744a32234762",
			"parentId": "I59618245600280880afXSeR",
			"slotId": "10",
			"upd": {
				"StackObjectsCount": 6
			}
		},
		{
			"_id": "I59618244564299308Zkftfq",
			"_tpl": "5bffdc370db834001d23eca8",
			"parentId": "5c6687d65e9d882c8841f0fd",
			"slotId": "Scabbard"
		},
		{
			"_id": "I5961824291456403582JR70",
			"_tpl": "5a43943586f77416ad2f06e2",
			"parentId": "5c6687d65e9d882c8841f0fd",
			"slotId": "Headwear"
		},
		{
			"_id": "I59618243495957068hfB404",
			"_tpl": "56e33634d2720bd8058b456b",
			"parentId": "5c6687d65e9d882c8841f0fd",
			"slotId": "Backpack"
		},
		{
			"_id": "I59618245671109914AvmCXL",
			"_tpl": "5672cb304bdc2dc2088b456a",
			"parentId": "I59618243495957068hfB404",
			"slotId": "main",
			"location": {
				"x": 0,
				"y": 0,
				"r": "Horizontal"
			}
		},
		{
			"_id": "I59618248708494455HkWfMS",
			"_tpl": "590a386e86f77429692b27ab",
			"parentId": "I59618243495957068hfB404",
			"slotId": "main",
			"location": {
				"x": 0,
				"y": 1,
				"r": "Horizontal"
			}
		},
		{
			"_id": "I59618241160676484sk6j0O",
			"_tpl": "57347c1124597737fb1379e3",
			"parentId": "I59618243495957068hfB404",
			"slotId": "main",
			"location": {
				"x": 0,
				"y": 2,
				"r": "Horizontal"
			}
		},
		{
			"_id": "I59618245150050471IqPsKW",
			"_tpl": "59148c8a86f774197930e983",
			"parentId": "I59618243495957068hfB404",
			"slotId": "main",
			"location": {
				"x": 1,
				"y": 0,
				"r": "Horizontal"
			}
		},
		{
			"_id": "I59618247212850318ysCccM",
			"_tpl": "59e7635f86f7742cbf2c1095",
			"parentId": "5c6687d65e9d882c8841f0fd",
			"slotId": "ArmorVest",
			"upd": {
				"Repairable": {
					"MaxDurability": 40,
					"Durability": 10
				}
			}
		},
		{
			"_id": "I59618243435102003vWUIis",
			"_tpl": "5751a25924597722c463c472",
			"parentId": "5c6687d65e9d882c8841f121",
			"slotId": "pocket1",
			"location": {
				"x": 0,
				"y": 0,
				"r": "Horizontal"
			},
			"upd": {
				"SpawnedInSession": true
			}
		},
		{
			"_id": "I59618242212290334tBAl8j",
			"_tpl": "5913651986f774432f15d132",
			"parentId": "5c6687d65e9d882c8841f121",
			"slotId": "pocket2",
			"location": {
				"x": 0,
				"y": 0,
				"r": "Horizontal"
			},
			"upd": {
				"SpawnedInSession": true
			}
		}
	],
	"equipment": "5c6687d65e9d882c8841f0fd",
	"stash": "5c6687d65e9d882c8841f0fc",
	"questRaidItems": "5c6687d65e9d882c8841f0fe",
	"questStashItems": "5c6687d65e9d882c8841f0ff",
	"fastPanel": {}
}