{
	"items": [
		{
			"_id": "5c6687d65e9d882c8841f0fd",
			"_tpl": "55d7217a4bdc2d86028b456d"
		},
		{
			"_id": "5c6687d65e9d882c8841f121",
			"_tpl": "557ffd194bdc2d28148b457f",
			"parentId": "5c6687d65e9d882c8841f0fd",
			"slotId": "Pockets"
		},
		{
			"_id": "5c6687d65e9d882c8841f0fc",
			"_tpl": "566abbc34bdc2d92178b4576"
		},
		{
			"_id": "5c6687d65e9d882c8841f0ff",
			"_tpl": "5963866b86f7747bfa1c4462"
		},
		{
			"_id": "5c6687d65e9d882c8841f0fe",
			"_tpl": "5963866286f7747bf429b572"
		},
		{
			"_id": "I59618246889742161FGOBZn",
			"_tpl": "59e7643b86f7742cbf2c109a",
			"parentId": "5c6687d65e9d882c8841f0fd",
			"slotId": "TacticalVest"
		},
		{
			"_id": "I3310435324897729316Lm6V",
			"_tpl": "5c07c60e0db834002330051f",
			"parentId": "5c6687d65e9d882c8841f0fd",
			"slotId": "FirstPrimaryWeapon",
			"upd": {
				"Repairable": {
					"MaxDurability": 100,
					"Durability": 100
				}
			}
		},
		{
			"_id": "I331043535597122964UsXFv",
			"_tpl": "5c0e2ff6d174af02a1659d4a",
			"parentId": "I3310435324897729316Lm6V",
			"slotId": "mod_pistol_grip"
		},
		{
			"_id": "I59618247439446486u3K1Nw",
			"_tpl": "544a37c44bdc2d25388b4567",
			"parentId": "I3310435324897729316Lm6V",
			"slotId": "mod_magazine"
		},
		{
			"_id": "I59618247426090317C6aVmA",
			"_tpl": "54527ac44bdc2d36668b4567",
			"parentId": "I59618247439446486u3K1Nw",
			"slotId": "cartridges",
			"upd": {
				"StackObjectsCount": 60
			}
		},
		{
			"_id": "I331043535567692647mjekD",
			"_tpl": "5c0e2f26d174af02a9625114",
			"parentId": "I3310435324897729316Lm6V",
			"slotId": "mod_reciever"
		},
		{
			"_id": "I331043531679666971Dtt7U",
			"_tpl": "5649be884bdc2d79388b4577",
			"parentId": "I3310435324897729316Lm6V",
			"slotId": "mod_stock"
		},
		{
			"_id": "I3310435360514001462ajg1",
			"_tpl": "5c0faf68d174af02a96260b8",
			"parentId": "I3310435324897729316Lm6V",
			"slotId": "mod_charge"
		},
		{
			"_id": "I331043531394635896GJfYh",
			"_tpl": "584984812459776a704a82a6",
			"parentId": "I331043535567692647mjekD",
			"slotId": "mod_scope",
			"upd": {
				"Sight": {
					"SelectedSightMode": 0
				}
			}
		},
		{
			"_id": "I331043532874194583znWf7",
			"_tpl": "5c0e2f94d174af029f650d56",
			"parentId": "I331043535567692647mjekD",
			"slotId": "mod_barrel"
		},
		{
			"_id": "I331043532153226863sOo06",
			"_tpl": "5c0e2f5cd174af02a012cfc9",
			"parentId": "I331043535567692647mjekD",
			"slotId": "mod_handguard"
		},
		{
			"_id": "I331043534841265847CgUD7",
			"_tpl": "5c0fafb6d174af02a96260ba",
			"parentId": "I331043532874194583znWf7",
			"slotId": "mod_muzzle"
		},
		{
			"_id": "I331043533723833369dY3GS",
			"_tpl": "5ae30e795acfc408fb139a0b",
			"parentId": "I331043532874194583znWf7",
			"slotId": "mod_gas_block"
		},
		{
			"_id": "I59618246221346620E6hcO8",
			"_tpl": "5857a8bc2459772bad15db29",
			"parentId": "5c6687d65e9d882c8841f0fd",
			"slotId": "SecuredContainer"
		},
		{
			"_id": "I59618249525291534PHgkpD",
			"_tpl": "59e690b686f7746c9f75e848",
			"parentId": "I59618246221346620E6hcO8",
			"slotId": "main",
			"upd": {
				"StackObjectsCount": 60
			}
		},
		{
			"_id": "I59618241935677161BaEqA2",
			"_tpl": "54527a984bdc2d4e668b4567",
			"parentId": "I59618246221346620E6hcO8",
			"slotId": "main",
			"upd": {
				"StackObjectsCount": 60
			}
		},
		{
			"_id": "I59618247674934928JHoVcq",
			"_tpl": "59e6920f86f77411d82aa167",
			"parentId": "I59618246221346620E6hcO8",
			"slotId": "main",
			"upd": {
				"StackObjectsCount": 60
			}
		},
		{
			"_id": "I596182466325282926PJtb5",
			"_tpl": "5c0d5ae286f7741e46554302",
			"parentId": "I59618246221346620E6hcO8",
			"slotId": "main",
			"upd": {
				"StackObjectsCount": 60
			}
		},
		{
			"_id": "I596182496596459001FJHOZ",
			"_tpl": "5c0d5ae286f7741e46554302",
			"parentId": "I59618246221346620E6hcO8",
			"slotId": "main",
			"upd": {
				"StackObjectsCount": 60
			}
		},
		{
			"_id": "I59618242513031870aYaa3X",
			"_tpl": "59e6906286f7746c9f75e847",
			"parentId": "I59618246221346620E6hcO8",
			"slotId": "main",
			"upd": {
				"StackObjectsCount": 60
			}
		},
		{
			"_id": "I59618246050347938n3vT0B",
			"_tpl": "59e6906286f7746c9f75e847",
			"parentId": "I59618246221346620E6hcO8",
			"slotId": "main",
			"upd": {
				"StackObjectsCount": 60
			}
		},
		{
			"_id": "I59618244093236867Rc1dBW",
			"_tpl": "5c0d5ae286f7741e46554302",
			"parentId": "I59618246221346620E6hcO8",
			"slotId": "main",
			"upd": {
				"StackObjectsCount": 60
			}
		},
		{
			"_id": "I59618243008863004JMzD9i",
			"_tpl": "54527ac44bdc2d36668b4567",
			"parentId": "I59618246221346620E6hcO8",
			"slotId": "main",
			"upd": {
				"StackObjectsCount": 60
			}
		},
		{
			"_id": "I5961824113949757630OrWA",
			"_tpl": "544a37c44bdc2d25388b4567",
			"parentId": "I59618246889742161FGOBZn",
			"slotId": "3",
			"location": {
				"x": 0,
				"y": 0,
				"r": "Horizontal"
			}
		},
		{
			"_id": "I59618245738931011nsthhO",
			"_tpl": "59e6920f86f77411d82aa167",
			"parentId": "I5961824113949757630OrWA",
			"slotId": "cartridges",
			"upd": {
				"StackObjectsCount": 60
			}
		},
		{
			"_id": "I596182413907574120DCgD9",
			"_tpl": "544a37c44bdc2d25388b4567",
			"parentId": "I59618246889742161FGOBZn",
			"slotId": "1",
			"location": {
				"x": 0,
				"y": 0,
				"r": "Horizontal"
			}
		},
		{
			"_id": "I59618247497624818sPKIKq",
			"_tpl": "59e6927d86f77411da468256",
			"parentId": "I596182413907574120DCgD9",
			"slotId": "cartridges",
			"upd": {
				"StackObjectsCount": 60
			}
		},
		{
			"_id": "I59618248488886842DuTBB3",
			"_tpl": "544a37c44bdc2d25388b4567",
			"parentId": "I59618246889742161FGOBZn",
			"slotId": "1",
			"location": {
				"x": 1,
				"y": 0,
				"r": "Horizontal"
			}
		},
		{
			"_id": "I59618247585397523UFqrIc",
			"_tpl": "59e6906286f7746c9f75e847",
			"parentId": "I59618248488886842DuTBB3",
			"slotId": "cartridges",
			"upd": {
				"StackObjectsCount": 60
			}
		},
		{
			"_id": "I59618241294442162URHOkJ",
			"_tpl": "57e26fc7245977162a14b800",
			"parentId": "5c6687d65e9d882c8841f0fd",
			"slotId": "Scabbard"
		},
		{
			"_id": "I59618243369846528NjH7jw",
			"_tpl": "5aa2b89be5b5b0001569311f",
			"parentId": "5c6687d65e9d882c8841f0fd",
			"slotId": "Headwear"
		},
		{
			"_id": "I59618248365250552PuKAXz",
			"_tpl": "572b7fa524597762b747ce82",
			"parentId": "5c6687d65e9d882c8841f0fd",
			"slotId": "FaceCover"
		},
		{
			"_id": "I59618249580883945K5hZTE",
			"_tpl": "5ab8f04f86f774585f4237d8",
			"parentId": "5c6687d65e9d882c8841f0fd",
			"slotId": "Backpack"
		},
		{
			"_id": "I59618244009779469ZfazMC",
			"_tpl": "5d63d33b86f7746ea9275524",
			"parentId": "I59618249580883945K5hZTE",
			"slotId": "main",
			"location": {
				"x": 0,
				"y": 0,
				"r": "Horizontal"
			}
		},
		{
			"_id": "I59618248857072316SenuqT",
			"_tpl": "5648a7494bdc2d9d488b4583",
			"parentId": "5c6687d65e9d882c8841f0fd",
			"slotId": "ArmorVest",
			"upd": {
				"Repairable": {
					"MaxDurability": 50,
					"Durability": 17
				}
			}
		},
		{
			"_id": "I59618245732806449JSr3jd",
			"_tpl": "5d80cb8786f774405611c7d9",
			"parentId": "5c6687d65e9d882c8841f121",
			"slotId": "pocket1",
			"location": {
				"x": 0,
				"y": 0,
				"r": "Horizontal"
			},
			"upd": {
				"SpawnedInSession": true
			}
		},
		{
			"_id": "I59618245131895007ESfGBe",
			"_tpl": "590c2b4386f77425357b6123",
			"parentId": "5c6687d65e9d882c8841f121",
			"slotId": "pocket2",
			"location": {
				"x": 0,
				"y": 0,
				"r": "Horizontal"
			},
			"upd": {
				"SpawnedInSession": true
			}
		},
		{
			"_id": "I59618245900495289UHKQhH",
			"_tpl": "590a358486f77429692b2790",
			"parentId": "5c6687d65e9d882c8841f121",
			"slotId": "pocket3",
			"location": {
				"x": 0,
				"y": 0,
				"r": "Horizontal"
			},
			"upd": {
				"SpawnedInSession": true
			}
		}
	],
	"equipment": "5c6687d65e9d882c8841f0fd",
	"stash": "5c6687d65e9d882c8841f0fc",
	"questRaidItems": "5c6687d65e9d882c8841f0fe",
	"questStashItems": "5c6687d65e9d882c8841f0ff",
	"fastPanel": {}
}