{
	"items": [
		{
			"_id": "5c6687d65e9d882c8841f0fd",
			"_tpl": "55d7217a4bdc2d86028b456d"
		},
		{
			"_id": "5c6687d65e9d882c8841f121",
			"_tpl": "557ffd194bdc2d28148b457f",
			"parentId": "5c6687d65e9d882c8841f0fd",
			"slotId": "Pockets"
		},
		{
			"_id": "5c6687d65e9d882c8841f0fc",
			"_tpl": "566abbc34bdc2d92178b4576"
		},
		{
			"_id": "5c6687d65e9d882c8841f0ff",
			"_tpl": "5963866b86f7747bfa1c4462"
		},
		{
			"_id": "5c6687d65e9d882c8841f0fe",
			"_tpl": "5963866286f7747bf429b572"
		},
		{
			"_id": "I59618243864103447lo7deW",
			"_tpl": "5e4abfed86f77406a2713cf7",
			"parentId": "5c6687d65e9d882c8841f0fd",
			"slotId": "TacticalVest"
		},
		{
			"_id": "I33101887645250965KCwVnl",
			"_tpl": "5ab8e9fcd8ce870019439434",
			"parentId": "5c6687d65e9d882c8841f0fd",
			"slotId": "FirstPrimaryWeapon",
			"upd": {
				"Repairable": {
					"MaxDurability": 100,
					"Durability": 100
				}
			}
		},
		{
			"_id": "I33101888405174515fzrui3",
			"_tpl": "59c6633186f7740cf0493bb9",
			"parentId": "I33101887645250965KCwVnl",
			"slotId": "mod_gas_block"
		},
		{
			"_id": "I33101884222576657h9CNxs",
			"_tpl": "5649aa744bdc2ded0b8b457e",
			"parentId": "I33101887645250965KCwVnl",
			"slotId": "mod_muzzle"
		},
		{
			"_id": "I33101889162831726uW6ZB3",
			"_tpl": "57e3dba62459770f0c32322b",
			"parentId": "I33101887645250965KCwVnl",
			"slotId": "mod_pistol_grip"
		},
		{
			"_id": "I33101881766608554X2FeqM",
			"_tpl": "5649af094bdc2df8348b4586",
			"parentId": "I33101887645250965KCwVnl",
			"slotId": "mod_reciever"
		},
		{
			"_id": "I33101884028660079Ty0o4S",
			"_tpl": "5649b0544bdc2d1b2b8b458a",
			"parentId": "I33101887645250965KCwVnl",
			"slotId": "mod_sight_rear",
			"upd": {
				"Sight": {
					"SelectedSightMode": 0
				}
			}
		},
		{
			"_id": "I59618244531960559VbUGSt",
			"_tpl": "564ca99c4bdc2d16268b4589",
			"parentId": "I33101887645250965KCwVnl",
			"slotId": "mod_magazine"
		},
		{
			"_id": "I59618243179335371EzLm5h",
			"_tpl": "56dff216d2720bbd668b4568",
			"parentId": "I59618244531960559VbUGSt",
			"slotId": "cartridges",
			"upd": {
				"StackObjectsCount": 30
			}
		},
		{
			"_id": "I331018832031491834ZuBl7",
			"_tpl": "5648b0744bdc2d363b8b4578",
			"parentId": "I33101888405174515fzrui3",
			"slotId": "mod_handguard"
		},
		{
			"_id": "I59618243294768914k81IF9",
			"_tpl": "5857a8bc2459772bad15db29",
			"parentId": "5c6687d65e9d882c8841f0fd",
			"slotId": "SecuredContainer"
		},
		{
			"_id": "I59618247143086010y9tupU",
			"_tpl": "56dff216d2720bbd668b4568",
			"parentId": "I59618243294768914k81IF9",
			"slotId": "main",
			"upd": {
				"StackObjectsCount": 60
			}
		},
		{
			"_id": "I59618241717304559PFBJkC",
			"_tpl": "5c0d5e4486f77478390952fe",
			"parentId": "I59618243294768914k81IF9",
			"slotId": "main",
			"upd": {
				"StackObjectsCount": 60
			}
		},
		{
			"_id": "I596182474050345326H7nLe",
			"_tpl": "56dff0bed2720bb0668b4567",
			"parentId": "I59618243294768914k81IF9",
			"slotId": "main",
			"upd": {
				"StackObjectsCount": 60
			}
		},
		{
			"_id": "I596182418393959081kUetC",
			"_tpl": "56dff4a2d2720bbd668b456a",
			"parentId": "I59618243294768914k81IF9",
			"slotId": "main",
			"upd": {
				"StackObjectsCount": 60
			}
		},
		{
			"_id": "I59618245922232291mjNmyO",
			"_tpl": "56dff2ced2720bb4668b4567",
			"parentId": "I59618243294768914k81IF9",
			"slotId": "main",
			"upd": {
				"StackObjectsCount": 60
			}
		},
		{
			"_id": "I59618248862606863JNbnLC",
			"_tpl": "56dfef82d2720bbd668b4567",
			"parentId": "I59618243294768914k81IF9",
			"slotId": "main",
			"upd": {
				"StackObjectsCount": 60
			}
		},
		{
			"_id": "I596182461891667001oAB9W",
			"_tpl": "56dff216d2720bbd668b4568",
			"parentId": "I59618243294768914k81IF9",
			"slotId": "main",
			"upd": {
				"StackObjectsCount": 60
			}
		},
		{
			"_id": "I596182496648797852ZYsIo",
			"_tpl": "56dff4ecd2720b5f5a8b4568",
			"parentId": "I59618243294768914k81IF9",
			"slotId": "main",
			"upd": {
				"StackObjectsCount": 60
			}
		},
		{
			"_id": "I59618244990194294WlDhb1",
			"_tpl": "56dff216d2720bbd668b4568",
			"parentId": "I59618243294768914k81IF9",
			"slotId": "main",
			"upd": {
				"StackObjectsCount": 60
			}
		},
		{
			"_id": "I59618249597744017XmaVvc",
			"_tpl": "5aaa4194e5b5b055d06310a5",
			"parentId": "I59618243864103447lo7deW",
			"slotId": "1",
			"location": {
				"x": 0,
				"y": 0,
				"r": "Horizontal"
			}
		},
		{
			"_id": "I59618246033164409cYJerU",
			"_tpl": "56dff216d2720bbd668b4568",
			"parentId": "I59618249597744017XmaVvc",
			"slotId": "cartridges",
			"upd": {
				"StackObjectsCount": 30
			}
		},
		{
			"_id": "I59618245308971925CDvymD",
			"_tpl": "544fb37f4bdc2dee738b4567",
			"parentId": "I59618243864103447lo7deW",
			"slotId": "3"
		},
		{
			"_id": "I59618243051137239LTXtAE",
			"_tpl": "5aaa4194e5b5b055d06310a5",
			"parentId": "I59618243864103447lo7deW",
			"slotId": "4",
			"location": {
				"x": 0,
				"y": 0,
				"r": "Horizontal"
			}
		},
		{
			"_id": "I596182482308038357QxJhK",
			"_tpl": "56dfef82d2720bbd668b4567",
			"parentId": "I59618243051137239LTXtAE",
			"slotId": "cartridges",
			"upd": {
				"StackObjectsCount": 30
			}
		},
		{
			"_id": "I59618242371416068OaZg8m",
			"_tpl": "5e32f56fcb6d5863cc5e5ee4",
			"parentId": "I59618243864103447lo7deW",
			"slotId": "5"
		},
		{
			"_id": "I59618246010076217oS9JtV",
			"_tpl": "56dff0bed2720bb0668b4567",
			"parentId": "I59618243864103447lo7deW",
			"slotId": "6",
			"upd": {
				"StackObjectsCount": 31
			}
		},
		{
			"_id": "I59618249410065949OesCbQ",
			"_tpl": "56dff4ecd2720b5f5a8b4568",
			"parentId": "I59618243864103447lo7deW",
			"slotId": "8",
			"upd": {
				"StackObjectsCount": 45
			}
		},
		{
			"_id": "I59618245683229229nBWlpr",
			"_tpl": "5c0d5e4486f77478390952fe",
			"parentId": "I59618243864103447lo7deW",
			"slotId": "10",
			"upd": {
				"StackObjectsCount": 34
			}
		},
		{
			"_id": "I59618241021079194Zm9lbq",
			"_tpl": "5bffdc370db834001d23eca8",
			"parentId": "5c6687d65e9d882c8841f0fd",
			"slotId": "Scabbard"
		},
		{
			"_id": "I59618243938238262qWVXMh",
			"_tpl": "59e7708286f7742cbd762753",
			"parentId": "5c6687d65e9d882c8841f0fd",
			"slotId": "Headwear"
		},
		{
			"_id": "I59618246811215603IiwY1C",
			"_tpl": "5aa2b9aee5b5b00015693121",
			"parentId": "5c6687d65e9d882c8841f0fd",
			"slotId": "Eyewear"
		},
		{
			"_id": "I596182454388031811JDdrH",
			"_tpl": "5b432c305acfc40019478128",
			"parentId": "5c6687d65e9d882c8841f0fd",
			"slotId": "FaceCover"
		},
		{
			"_id": "I59618246560207737GAu3Ux",
			"_tpl": "56e33634d2720bd8058b456b",
			"parentId": "5c6687d65e9d882c8841f0fd",
			"slotId": "Backpack"
		},
		{
			"_id": "I596182430158697459Ac1VU",
			"_tpl": "59148c8a86f774197930e983",
			"parentId": "I59618246560207737GAu3Ux",
			"slotId": "main",
			"location": {
				"x": 0,
				"y": 0,
				"r": "Horizontal"
			}
		},
		{
			"_id": "I59618245650712739Qe7VvY",
			"_tpl": "5a13ef0686f7746e5a411744",
			"parentId": "5c6687d65e9d882c8841f121",
			"slotId": "pocket1",
			"location": {
				"x": 0,
				"y": 0,
				"r": "Horizontal"
			},
			"upd": {
				"SpawnedInSession": true
			}
		},
		{
			"_id": "I59618248043946580ZaWSBo",
			"_tpl": "5672c92d4bdc2d180f8b4567",
			"parentId": "5c6687d65e9d882c8841f121",
			"slotId": "pocket2",
			"location": {
				"x": 0,
				"y": 0,
				"r": "Horizontal"
			},
			"upd": {
				"SpawnedInSession": true
			}
		}
	],
	"equipment": "5c6687d65e9d882c8841f0fd",
	"stash": "5c6687d65e9d882c8841f0fc",
	"questRaidItems": "5c6687d65e9d882c8841f0fe",
	"questStashItems": "5c6687d65e9d882c8841f0ff",
	"fastPanel": {}
}