{
	"items": [
		{
			"_id": "5c6687d65e9d882c8841f0fd",
			"_tpl": "55d7217a4bdc2d86028b456d"
		},
		{
			"_id": "5c6687d65e9d882c8841f121",
			"_tpl": "557ffd194bdc2d28148b457f",
			"parentId": "5c6687d65e9d882c8841f0fd",
			"slotId": "Pockets"
		},
		{
			"_id": "5c6687d65e9d882c8841f0fc",
			"_tpl": "566abbc34bdc2d92178b4576"
		},
		{
			"_id": "5c6687d65e9d882c8841f0ff",
			"_tpl": "5963866b86f7747bfa1c4462"
		},
		{
			"_id": "5c6687d65e9d882c8841f0fe",
			"_tpl": "5963866286f7747bf429b572"
		},
		{
			"_id": "I59618232185853691hiXQjo",
			"_tpl": "5929a2a086f7744f4b234d43",
			"parentId": "5c6687d65e9d882c8841f0fd",
			"slotId": "TacticalVest"
		},
		{
			"_id": "I210050462655389251Li3P4",
			"_tpl": "5abcbc27d8ce8700182eceeb",
			"parentId": "5c6687d65e9d882c8841f0fd",
			"slotId": "FirstPrimaryWeapon",
			"upd": {
				"Repairable": {
					"MaxDurability": 100,
					"Durability": 100
				}
			}
		},
		{
			"_id": "I2100504652309978985nflL",
			"_tpl": "59d64ec286f774171d1e0a42",
			"parentId": "I210050462655389251Li3P4",
			"slotId": "mod_gas_block"
		},
		{
			"_id": "I210050465503382979chtCm",
			"_tpl": "59e61eb386f77440d64f5daf",
			"parentId": "I210050462655389251Li3P4",
			"slotId": "mod_muzzle"
		},
		{
			"_id": "I2100504624409006499dXI1",
			"_tpl": "5a0071d486f77404e23a12b2",
			"parentId": "I210050462655389251Li3P4",
			"slotId": "mod_pistol_grip_akms"
		},
		{
			"_id": "I210050465083456347gf88I",
			"_tpl": "59d6507c86f7741b846413a2",
			"parentId": "I210050462655389251Li3P4",
			"slotId": "mod_reciever"
		},
		{
			"_id": "I210050468317601611z0Pb6",
			"_tpl": "59d650cf86f7741b846413a4",
			"parentId": "I210050462655389251Li3P4",
			"slotId": "mod_sight_rear",
			"upd": {
				"Sight": {
					"SelectedSightMode": 0
				}
			}
		},
		{
			"_id": "I59618232216284127YsyotY",
			"_tpl": "59e5d83b86f7745aed03d262",
			"parentId": "I210050462655389251Li3P4",
			"slotId": "mod_magazine"
		},
		{
			"_id": "I59618231985844592tbLhuP",
			"_tpl": "59e4cf5286f7741778269d8a",
			"parentId": "I59618232216284127YsyotY",
			"slotId": "cartridges",
			"upd": {
				"StackObjectsCount": 10
			}
		},
		{
			"_id": "I210050463367259671WljyG",
			"_tpl": "59d64f2f86f77417193ef8b3",
			"parentId": "I2100504652309978985nflL",
			"slotId": "mod_handguard"
		},
		{
			"_id": "I596182382534368660DKIWS",
			"_tpl": "5857a8bc2459772bad15db29",
			"parentId": "5c6687d65e9d882c8841f0fd",
			"slotId": "SecuredContainer"
		},
		{
			"_id": "I59618231288640088OpbheA",
			"_tpl": "59e4d3d286f774176a36250a",
			"parentId": "I596182382534368660DKIWS",
			"slotId": "main",
			"upd": {
				"StackObjectsCount": 60
			}
		},
		{
			"_id": "I59618231506247292cn74vF",
			"_tpl": "59e4cf5286f7741778269d8a",
			"parentId": "I596182382534368660DKIWS",
			"slotId": "main",
			"upd": {
				"StackObjectsCount": 60
			}
		},
		{
			"_id": "I596182383509116036RA8on",
			"_tpl": "59e4d24686f7741776641ac7",
			"parentId": "I596182382534368660DKIWS",
			"slotId": "main",
			"upd": {
				"StackObjectsCount": 60
			}
		},
		{
			"_id": "I59618231283230781pXvM27",
			"_tpl": "5656d7c34bdc2d9d198b4587",
			"parentId": "I596182382534368660DKIWS",
			"slotId": "main",
			"upd": {
				"StackObjectsCount": 60
			}
		},
		{
			"_id": "I59618239805463619KItFn7",
			"_tpl": "59e4d24686f7741776641ac7",
			"parentId": "I596182382534368660DKIWS",
			"slotId": "main",
			"upd": {
				"StackObjectsCount": 60
			}
		},
		{
			"_id": "I59618233040945708Uv2TJT",
			"_tpl": "5656d7c34bdc2d9d198b4587",
			"parentId": "I596182382534368660DKIWS",
			"slotId": "main",
			"upd": {
				"StackObjectsCount": 60
			}
		},
		{
			"_id": "I59618236956379223hF6Vo8",
			"_tpl": "59e0d99486f7744a32234762",
			"parentId": "I596182382534368660DKIWS",
			"slotId": "main",
			"upd": {
				"StackObjectsCount": 60
			}
		},
		{
			"_id": "I59618232568912006FdFg32",
			"_tpl": "59e0d99486f7744a32234762",
			"parentId": "I596182382534368660DKIWS",
			"slotId": "main",
			"upd": {
				"StackObjectsCount": 60
			}
		},
		{
			"_id": "I59618232790177374aMGgs5",
			"_tpl": "59e4d24686f7741776641ac7",
			"parentId": "I596182382534368660DKIWS",
			"slotId": "main",
			"upd": {
				"StackObjectsCount": 60
			}
		},
		{
			"_id": "I59618232372630434kN5fYz",
			"_tpl": "59e5d83b86f7745aed03d262",
			"parentId": "I59618232185853691hiXQjo",
			"slotId": "3",
			"location": {
				"x": 0,
				"y": 1,
				"r": "Horizontal"
			}
		},
		{
			"_id": "I59618232557298720linXwb",
			"_tpl": "59e4cf5286f7741778269d8a",
			"parentId": "I59618232372630434kN5fYz",
			"slotId": "cartridges",
			"upd": {
				"StackObjectsCount": 10
			}
		},
		{
			"_id": "I59618233605327076QqSoJR",
			"_tpl": "59e5d83b86f7745aed03d262",
			"parentId": "I59618232185853691hiXQjo",
			"slotId": "5",
			"location": {
				"x": 0,
				"y": 0,
				"r": "Horizontal"
			}
		},
		{
			"_id": "I59618236363013593pSVsfm",
			"_tpl": "5656d7c34bdc2d9d198b4587",
			"parentId": "I59618233605327076QqSoJR",
			"slotId": "cartridges",
			"upd": {
				"StackObjectsCount": 10
			}
		},
		{
			"_id": "I59618236914839186jiXvkn",
			"_tpl": "59e5d83b86f7745aed03d262",
			"parentId": "I59618232185853691hiXQjo",
			"slotId": "5",
			"location": {
				"x": 0,
				"y": 1,
				"r": "Horizontal"
			}
		},
		{
			"_id": "I59618232685058197Bk23fB",
			"_tpl": "5656d7c34bdc2d9d198b4587",
			"parentId": "I59618236914839186jiXvkn",
			"slotId": "cartridges",
			"upd": {
				"StackObjectsCount": 10
			}
		},
		{
			"_id": "I59618235552284988E2JC6k",
			"_tpl": "5656d7c34bdc2d9d198b4587",
			"parentId": "I59618232185853691hiXQjo",
			"slotId": "1",
			"upd": {
				"StackObjectsCount": 9
			}
		},
		{
			"_id": "I59618237202193329RARdhy",
			"_tpl": "59e4cf5286f7741778269d8a",
			"parentId": "I59618232185853691hiXQjo",
			"slotId": "7",
			"upd": {
				"StackObjectsCount": 51
			}
		},
		{
			"_id": "I59618238282332498zHI5VY",
			"_tpl": "5bffdc370db834001d23eca8",
			"parentId": "5c6687d65e9d882c8841f0fd",
			"slotId": "Scabbard"
		},
		{
			"_id": "I59618238873866542aSCbqq",
			"_tpl": "59e770b986f7742cbd762754",
			"parentId": "5c6687d65e9d882c8841f0fd",
			"slotId": "Eyewear"
		},
		{
			"_id": "I59618232959138083QZGPHL",
			"_tpl": "5b4325355acfc40019478126",
			"parentId": "5c6687d65e9d882c8841f0fd",
			"slotId": "FaceCover"
		},
		{
			"_id": "I59618237271652712Es1szu",
			"_tpl": "5ab8e4ed86f7742d8e50c7fa",
			"parentId": "5c6687d65e9d882c8841f0fd",
			"slotId": "ArmorVest",
			"upd": {
				"Repairable": {
					"MaxDurability": 50,
					"Durability": 39
				}
			}
		}
	],
	"equipment": "5c6687d65e9d882c8841f0fd",
	"stash": "5c6687d65e9d882c8841f0fc",
	"questRaidItems": "5c6687d65e9d882c8841f0fe",
	"questStashItems": "5c6687d65e9d882c8841f0ff",
	"fastPanel": {}
}