{
	"items": [
		{
			"_id": "5c6687d65e9d882c8841f0fd",
			"_tpl": "55d7217a4bdc2d86028b456d"
		},
		{
			"_id": "5c6687d65e9d882c8841f121",
			"_tpl": "557ffd194bdc2d28148b457f",
			"parentId": "5c6687d65e9d882c8841f0fd",
			"slotId": "Pockets"
		},
		{
			"_id": "5c6687d65e9d882c8841f0fc",
			"_tpl": "566abbc34bdc2d92178b4576"
		},
		{
			"_id": "5c6687d65e9d882c8841f0ff",
			"_tpl": "5963866b86f7747bfa1c4462"
		},
		{
			"_id": "5c6687d65e9d882c8841f0fe",
			"_tpl": "5963866286f7747bf429b572"
		},
		{
			"_id": "I59618243429621966sfLMNj",
			"_tpl": "572b7adb24597762ae139821",
			"parentId": "5c6687d65e9d882c8841f0fd",
			"slotId": "TacticalVest"
		},
		{
			"_id": "I2100503357734355865zrLD",
			"_tpl": "5abcbc27d8ce8700182eceeb",
			"parentId": "5c6687d65e9d882c8841f0fd",
			"slotId": "FirstPrimaryWeapon",
			"upd": {
				"Repairable": {
					"MaxDurability": 100,
					"Durability": 100
				}
			}
		},
		{
			"_id": "I210050334603785294C46TS",
			"_tpl": "59d64ec286f774171d1e0a42",
			"parentId": "I2100503357734355865zrLD",
			"slotId": "mod_gas_block"
		},
		{
			"_id": "I210050338601552827l77uI",
			"_tpl": "59e61eb386f77440d64f5daf",
			"parentId": "I2100503357734355865zrLD",
			"slotId": "mod_muzzle"
		},
		{
			"_id": "I210050331845165111n3Mvv",
			"_tpl": "5a0071d486f77404e23a12b2",
			"parentId": "I2100503357734355865zrLD",
			"slotId": "mod_pistol_grip_akms"
		},
		{
			"_id": "I210050331178298252put3r",
			"_tpl": "59d650cf86f7741b846413a4",
			"parentId": "I2100503357734355865zrLD",
			"slotId": "mod_sight_rear",
			"upd": {
				"Sight": {
					"SelectedSightMode": 0
				}
			}
		},
		{
			"_id": "I596182484207905130OyqWl",
			"_tpl": "5e21a3c67e40bd02257a008a",
			"parentId": "I2100503357734355865zrLD",
			"slotId": "mod_magazine"
		},
		{
			"_id": "I59618243781185247pLRUqd",
			"_tpl": "59e4d24686f7741776641ac7",
			"parentId": "I596182484207905130OyqWl",
			"slotId": "cartridges",
			"upd": {
				"StackObjectsCount": 30
			}
		},
		{
			"_id": "I210050335805439933Twowk",
			"_tpl": "59d64f2f86f77417193ef8b3",
			"parentId": "I210050334603785294C46TS",
			"slotId": "mod_handguard"
		},
		{
			"_id": "I59618243532153295RqpXLX",
			"_tpl": "5857a8bc2459772bad15db29",
			"parentId": "5c6687d65e9d882c8841f0fd",
			"slotId": "SecuredContainer"
		},
		{
			"_id": "I596182450638891102aD0UE",
			"_tpl": "59e0d99486f7744a32234762",
			"parentId": "I59618243532153295RqpXLX",
			"slotId": "main",
			"upd": {
				"StackObjectsCount": 60
			}
		},
		{
			"_id": "I596182481733227459WuFC2",
			"_tpl": "59e4cf5286f7741778269d8a",
			"parentId": "I59618243532153295RqpXLX",
			"slotId": "main",
			"upd": {
				"StackObjectsCount": 60
			}
		},
		{
			"_id": "I59618245230947995ZWag7J",
			"_tpl": "59e4cf5286f7741778269d8a",
			"parentId": "I59618243532153295RqpXLX",
			"slotId": "main",
			"upd": {
				"StackObjectsCount": 60
			}
		},
		{
			"_id": "I59618249218311907QxQw9C",
			"_tpl": "59e0d99486f7744a32234762",
			"parentId": "I59618243532153295RqpXLX",
			"slotId": "main",
			"upd": {
				"StackObjectsCount": 60
			}
		},
		{
			"_id": "I59618241821556689hKueiy",
			"_tpl": "59e4d3d286f774176a36250a",
			"parentId": "I59618243532153295RqpXLX",
			"slotId": "main",
			"upd": {
				"StackObjectsCount": 60
			}
		},
		{
			"_id": "I59618249827165383MUF7si",
			"_tpl": "59e4d3d286f774176a36250a",
			"parentId": "I59618243532153295RqpXLX",
			"slotId": "main",
			"upd": {
				"StackObjectsCount": 60
			}
		},
		{
			"_id": "I59618246889249178NdbuuJ",
			"_tpl": "59e4d3d286f774176a36250a",
			"parentId": "I59618243532153295RqpXLX",
			"slotId": "main",
			"upd": {
				"StackObjectsCount": 60
			}
		},
		{
			"_id": "I596182414125325662J7if2",
			"_tpl": "59e0d99486f7744a32234762",
			"parentId": "I59618243532153295RqpXLX",
			"slotId": "main",
			"upd": {
				"StackObjectsCount": 60
			}
		},
		{
			"_id": "I59618244980658086s7aDAS",
			"_tpl": "59e4d24686f7741776641ac7",
			"parentId": "I59618243532153295RqpXLX",
			"slotId": "main",
			"upd": {
				"StackObjectsCount": 60
			}
		},
		{
			"_id": "I59618243872396792V7wwyB",
			"_tpl": "58d3db5386f77426186285a0",
			"parentId": "I59618243429621966sfLMNj",
			"slotId": "2"
		},
		{
			"_id": "I59618245863259951JkYdMX",
			"_tpl": "59d625f086f774661516605d",
			"parentId": "I59618243429621966sfLMNj",
			"slotId": "3",
			"location": {
				"x": 0,
				"y": 0,
				"r": "Horizontal"
			}
		},
		{
			"_id": "I59618249230141370JyzGWr",
			"_tpl": "59e4cf5286f7741778269d8a",
			"parentId": "I59618245863259951JkYdMX",
			"slotId": "cartridges",
			"upd": {
				"StackObjectsCount": 30
			}
		},
		{
			"_id": "I59618242273494804wKGrKM",
			"_tpl": "59e4cf5286f7741778269d8a",
			"parentId": "I59618243429621966sfLMNj",
			"slotId": "1",
			"upd": {
				"StackObjectsCount": 55
			}
		},
		{
			"_id": "I596182465524974878Fkxj8",
			"_tpl": "57e26ea924597715ca604a09",
			"parentId": "5c6687d65e9d882c8841f0fd",
			"slotId": "Scabbard"
		},
		{
			"_id": "I59618247862412205Qq7OEs",
			"_tpl": "59e7711e86f7746cae05fbe1",
			"parentId": "5c6687d65e9d882c8841f0fd",
			"slotId": "Headwear"
		},
		{
			"_id": "I59618246087940328tuO2I5",
			"_tpl": "5ac4c50d5acfc40019262e87",
			"parentId": "I59618247862412205Qq7OEs",
			"slotId": "mod_equipment",
			"upd": {
				"Togglable": {
					"On": true
				}
			}
		},
		{
			"_id": "I59618241833257672FFqrkL",
			"_tpl": "5df8a2ca86f7740bfe6df777",
			"parentId": "5c6687d65e9d882c8841f0fd",
			"slotId": "ArmorVest",
			"upd": {
				"Repairable": {
					"MaxDurability": 80,
					"Durability": 27
				}
			}
		},
		{
			"_id": "I59618246214801937U9T3gz",
			"_tpl": "5d1b3a5d86f774252167ba22",
			"parentId": "5c6687d65e9d882c8841f121",
			"slotId": "pocket1",
			"location": {
				"x": 0,
				"y": 0,
				"r": "Horizontal"
			},
			"upd": {
				"SpawnedInSession": true
			}
		},
		{
			"_id": "I59618243959436474W0vs7V",
			"_tpl": "5bc9c29cd4351e003562b8a3",
			"parentId": "5c6687d65e9d882c8841f121",
			"slotId": "pocket2",
			"location": {
				"x": 0,
				"y": 0,
				"r": "Horizontal"
			},
			"upd": {
				"SpawnedInSession": true
			}
		},
		{
			"_id": "I59618244887315999qeeo94",
			"_tpl": "57347baf24597738002c6178",
			"parentId": "5c6687d65e9d882c8841f121",
			"slotId": "pocket3",
			"location": {
				"x": 0,
				"y": 0,
				"r": "Horizontal"
			},
			"upd": {
				"SpawnedInSession": true
			}
		}
	],
	"equipment": "5c6687d65e9d882c8841f0fd",
	"stash": "5c6687d65e9d882c8841f0fc",
	"questRaidItems": "5c6687d65e9d882c8841f0fe",
	"questStashItems": "5c6687d65e9d882c8841f0ff",
	"fastPanel": {}
}