{
	"items": [
		{
			"_id": "5c6687d65e9d882c8841f0fd",
			"_tpl": "55d7217a4bdc2d86028b456d"
		},
		{
			"_id": "5c6687d65e9d882c8841f121",
			"_tpl": "557ffd194bdc2d28148b457f",
			"parentId": "5c6687d65e9d882c8841f0fd",
			"slotId": "Pockets"
		},
		{
			"_id": "5c6687d65e9d882c8841f0fc",
			"_tpl": "566abbc34bdc2d92178b4576"
		},
		{
			"_id": "5c6687d65e9d882c8841f0ff",
			"_tpl": "5963866b86f7747bfa1c4462"
		},
		{
			"_id": "5c6687d65e9d882c8841f0fe",
			"_tpl": "5963866286f7747bf429b572"
		},
		{
			"_id": "I59618248893901904hgpX4w",
			"_tpl": "5b44c8ea86f7742d1627baf1",
			"parentId": "5c6687d65e9d882c8841f0fd",
			"slotId": "TacticalVest"
		},
		{
			"_id": "I21005559542953025dSHe9B",
			"_tpl": "5a38e6bac4a2826c6e06d79b",
			"parentId": "5c6687d65e9d882c8841f0fd",
			"slotId": "FirstPrimaryWeapon",
			"upd": {
				"Repairable": {
					"MaxDurability": 100,
					"Durability": 100
				}
			}
		},
		{
			"_id": "I59618243673559314gsqj9a",
			"_tpl": "5c6161fb2e221600113fbde5",
			"parentId": "I21005559542953025dSHe9B",
			"slotId": "mod_magazine"
		},
		{
			"_id": "I596182487431128892P0BGv",
			"_tpl": "5d6e69b9a4b9361bc8618958",
			"parentId": "I59618243673559314gsqj9a",
			"slotId": "cartridges",
			"upd": {
				"StackObjectsCount": 5
			}
		},
		{
			"_id": "I21005559534914848ofvJs5",
			"_tpl": "5adf23995acfc400185c2aeb",
			"parentId": "I21005559542953025dSHe9B",
			"slotId": "mod_stock"
		},
		{
			"_id": "I59618248788286637LAF4N9",
			"_tpl": "5857a8bc2459772bad15db29",
			"parentId": "5c6687d65e9d882c8841f0fd",
			"slotId": "SecuredContainer"
		},
		{
			"_id": "I596182450315401090gznE7",
			"_tpl": "5d6e695fa4b936359b35d852",
			"parentId": "I59618248788286637LAF4N9",
			"slotId": "main",
			"upd": {
				"StackObjectsCount": 60
			}
		},
		{
			"_id": "I59618249051867084GQ40Zc",
			"_tpl": "5a38ebd9c4a282000d722a5b",
			"parentId": "I59618248788286637LAF4N9",
			"slotId": "main",
			"upd": {
				"StackObjectsCount": 60
			}
		},
		{
			"_id": "I596182412194529164EORSL",
			"_tpl": "5d6e6a42a4b9364f07165f52",
			"parentId": "I59618248788286637LAF4N9",
			"slotId": "main",
			"upd": {
				"StackObjectsCount": 60
			}
		},
		{
			"_id": "I59618245859456908RBH56X",
			"_tpl": "5d6e6a53a4b9361bd473feec",
			"parentId": "I59618248788286637LAF4N9",
			"slotId": "main",
			"upd": {
				"StackObjectsCount": 60
			}
		},
		{
			"_id": "I59618242448705363lPiuxr",
			"_tpl": "5d6e695fa4b936359b35d852",
			"parentId": "I59618248788286637LAF4N9",
			"slotId": "main",
			"upd": {
				"StackObjectsCount": 60
			}
		},
		{
			"_id": "I59618249563259672nt7CLm",
			"_tpl": "5d6e6a42a4b9364f07165f52",
			"parentId": "I59618248788286637LAF4N9",
			"slotId": "main",
			"upd": {
				"StackObjectsCount": 60
			}
		},
		{
			"_id": "I59618246546369099YHnEqD",
			"_tpl": "5d6e6a53a4b9361bd473feec",
			"parentId": "I59618248788286637LAF4N9",
			"slotId": "main",
			"upd": {
				"StackObjectsCount": 60
			}
		},
		{
			"_id": "I59618245321745386M3guub",
			"_tpl": "5d6e6a42a4b9364f07165f52",
			"parentId": "I59618248788286637LAF4N9",
			"slotId": "main",
			"upd": {
				"StackObjectsCount": 60
			}
		},
		{
			"_id": "I59618249625739918mLsas3",
			"_tpl": "5d6e6a42a4b9364f07165f52",
			"parentId": "I59618248788286637LAF4N9",
			"slotId": "main",
			"upd": {
				"StackObjectsCount": 60
			}
		},
		{
			"_id": "I59618241491084428HdNzXa",
			"_tpl": "5c6161fb2e221600113fbde5",
			"parentId": "I59618248893901904hgpX4w",
			"slotId": "2",
			"location": {
				"x": 0,
				"y": 0,
				"r": "Horizontal"
			}
		},
		{
			"_id": "I59618245315436611ulN2cH",
			"_tpl": "5d6e6a42a4b9364f07165f52",
			"parentId": "I59618241491084428HdNzXa",
			"slotId": "cartridges",
			"upd": {
				"StackObjectsCount": 5
			}
		},
		{
			"_id": "I59618242387079331RT9Gif",
			"_tpl": "5c6161fb2e221600113fbde5",
			"parentId": "I59618248893901904hgpX4w",
			"slotId": "2",
			"location": {
				"x": 0,
				"y": 1,
				"r": "Horizontal"
			}
		},
		{
			"_id": "I59618241392135766XltxFx",
			"_tpl": "5d6e6a42a4b9364f07165f52",
			"parentId": "I59618242387079331RT9Gif",
			"slotId": "cartridges",
			"upd": {
				"StackObjectsCount": 5
			}
		},
		{
			"_id": "I59618243090390205IlW0c8",
			"_tpl": "5c6161fb2e221600113fbde5",
			"parentId": "I59618248893901904hgpX4w",
			"slotId": "5",
			"location": {
				"x": 0,
				"y": 0,
				"r": "Horizontal"
			}
		},
		{
			"_id": "I59618247919581364gOiu5p",
			"_tpl": "5a38ebd9c4a282000d722a5b",
			"parentId": "I59618243090390205IlW0c8",
			"slotId": "cartridges",
			"upd": {
				"StackObjectsCount": 5
			}
		},
		{
			"_id": "I59618247989176824tZBFrA",
			"_tpl": "5c6161fb2e221600113fbde5",
			"parentId": "I59618248893901904hgpX4w",
			"slotId": "5",
			"location": {
				"x": 0,
				"y": 1,
				"r": "Horizontal"
			}
		},
		{
			"_id": "I59618248621366468hESADB",
			"_tpl": "5d6e69b9a4b9361bc8618958",
			"parentId": "I59618247989176824tZBFrA",
			"slotId": "cartridges",
			"upd": {
				"StackObjectsCount": 5
			}
		},
		{
			"_id": "I59618246972805051WJPNlo",
			"_tpl": "5c6161fb2e221600113fbde5",
			"parentId": "I59618248893901904hgpX4w",
			"slotId": "7",
			"location": {
				"x": 0,
				"y": 0,
				"r": "Horizontal"
			}
		},
		{
			"_id": "I59618243415758879cdUsmR",
			"_tpl": "5d6e69c7a4b9360b6c0d54e4",
			"parentId": "I59618246972805051WJPNlo",
			"slotId": "cartridges",
			"upd": {
				"StackObjectsCount": 5
			}
		},
		{
			"_id": "I59618243316418229B0elPs",
			"_tpl": "5c6161fb2e221600113fbde5",
			"parentId": "I59618248893901904hgpX4w",
			"slotId": "7",
			"location": {
				"x": 0,
				"y": 1,
				"r": "Horizontal"
			}
		},
		{
			"_id": "I59618242258444037wkIC0I",
			"_tpl": "5d6e695fa4b936359b35d852",
			"parentId": "I59618243316418229B0elPs",
			"slotId": "cartridges",
			"upd": {
				"StackObjectsCount": 5
			}
		},
		{
			"_id": "I59618246354966634Tty8iD",
			"_tpl": "57e26fc7245977162a14b800",
			"parentId": "5c6687d65e9d882c8841f0fd",
			"slotId": "Scabbard"
		},
		{
			"_id": "I59618246332991370nd1t24",
			"_tpl": "59e770f986f7742cbe3164ef",
			"parentId": "5c6687d65e9d882c8841f0fd",
			"slotId": "Headwear"
		},
		{
			"_id": "I596182470641334665gWQ5w",
			"_tpl": "5aa2b9aee5b5b00015693121",
			"parentId": "5c6687d65e9d882c8841f0fd",
			"slotId": "Eyewear"
		},
		{
			"_id": "I596182427459173412fr89y",
			"_tpl": "572b7f1624597762ae139822",
			"parentId": "5c6687d65e9d882c8841f0fd",
			"slotId": "FaceCover"
		},
		{
			"_id": "I59618247071269708r18rYJ",
			"_tpl": "5ca20d5986f774331e7c9602",
			"parentId": "5c6687d65e9d882c8841f0fd",
			"slotId": "Backpack"
		},
		{
			"_id": "I59618244095946029GjGdhi",
			"_tpl": "5a0ee34586f774023b6ee092",
			"parentId": "5c6687d65e9d882c8841f121",
			"slotId": "pocket1",
			"location": {
				"x": 0,
				"y": 0,
				"r": "Horizontal"
			},
			"upd": {
				"SpawnedInSession": true
			}
		},
		{
			"_id": "I59618248051459448cQt3eB",
			"_tpl": "573474f924597738002c6174",
			"parentId": "5c6687d65e9d882c8841f121",
			"slotId": "pocket2",
			"location": {
				"x": 0,
				"y": 0,
				"r": "Horizontal"
			},
			"upd": {
				"SpawnedInSession": true
			}
		}
	],
	"equipment": "5c6687d65e9d882c8841f0fd",
	"stash": "5c6687d65e9d882c8841f0fc",
	"questRaidItems": "5c6687d65e9d882c8841f0fe",
	"questStashItems": "5c6687d65e9d882c8841f0ff",
	"fastPanel": {}
}