{
	"items": [
		{
			"_id": "5c6687d65e9d882c8841f0fd",
			"_tpl": "55d7217a4bdc2d86028b456d"
		},
		{
			"_id": "5c6687d65e9d882c8841f121",
			"_tpl": "557ffd194bdc2d28148b457f",
			"parentId": "5c6687d65e9d882c8841f0fd",
			"slotId": "Pockets"
		},
		{
			"_id": "5c6687d65e9d882c8841f0fc",
			"_tpl": "566abbc34bdc2d92178b4576"
		},
		{
			"_id": "5c6687d65e9d882c8841f0ff",
			"_tpl": "5963866b86f7747bfa1c4462"
		},
		{
			"_id": "5c6687d65e9d882c8841f0fe",
			"_tpl": "5963866286f7747bf429b572"
		},
		{
			"_id": "I59618245626026559hC3YlK",
			"_tpl": "5d5d8ca986f7742798716522",
			"parentId": "5c6687d65e9d882c8841f0fd",
			"slotId": "TacticalVest"
		},
		{
			"_id": "I2100709741034368iXbIyU2",
			"_tpl": "57dc2fa62459775949412633",
			"parentId": "5c6687d65e9d882c8841f0fd",
			"slotId": "FirstPrimaryWeapon",
			"upd": {
				"Repairable": {
					"MaxDurability": 100,
					"Durability": 100
				}
			}
		},
		{
			"_id": "I2100703608732326S84LIIa",
			"_tpl": "57e3dba62459770f0c32322b",
			"parentId": "I2100709741034368iXbIyU2",
			"slotId": "mod_pistol_grip"
		},
		{
			"_id": "I2100706044414145rj3tJKt",
			"_tpl": "57dc347d245977596754e7a1",
			"parentId": "I2100709741034368iXbIyU2",
			"slotId": "mod_stock"
		},
		{
			"_id": "I59618244499175458AcAq7p",
			"_tpl": "5bed61680db834001d2c45ab",
			"parentId": "I2100709741034368iXbIyU2",
			"slotId": "mod_magazine"
		},
		{
			"_id": "I596182414833537325SnIrH",
			"_tpl": "56dff216d2720bbd668b4568",
			"parentId": "I59618244499175458AcAq7p",
			"slotId": "cartridges",
			"upd": {
				"StackObjectsCount": 30
			}
		},
		{
			"_id": "I2100701812762718uFJFzhx",
			"_tpl": "57dc324a24597759501edc20",
			"parentId": "I2100709741034368iXbIyU2",
			"slotId": "mod_muzzle"
		},
		{
			"_id": "I2100707104932936VdESeLc",
			"_tpl": "57dc334d245977597164366f",
			"parentId": "I2100709741034368iXbIyU2",
			"slotId": "mod_reciever"
		},
		{
			"_id": "I2100706572121697Cu6RGp6",
			"_tpl": "59d36a0086f7747e673f3946",
			"parentId": "I2100709741034368iXbIyU2",
			"slotId": "mod_gas_block"
		},
		{
			"_id": "I2100707181260028G6BYoQZ",
			"_tpl": "56dfef82d2720bbd668b4567",
			"parentId": "I2100701573893487NhxgcjR",
			"slotId": "cartridges",
			"location": 0,
			"upd": {
				"StackObjectsCount": 30
			}
		},
		{
			"_id": "I2100705434128516FhaJtBU",
			"_tpl": "57dc32dc245977596d4ef3d3",
			"parentId": "I2100706572121697Cu6RGp6",
			"slotId": "mod_handguard"
		},
		{
			"_id": "I59618247463362960xYRl8v",
			"_tpl": "5857a8bc2459772bad15db29",
			"parentId": "5c6687d65e9d882c8841f0fd",
			"slotId": "SecuredContainer"
		},
		{
			"_id": "I59618249418784143T5T7MI",
			"_tpl": "56dff338d2720bbd668b4569",
			"parentId": "I59618247463362960xYRl8v",
			"slotId": "main",
			"upd": {
				"StackObjectsCount": 60
			}
		},
		{
			"_id": "I59618248543964358EHCjqb",
			"_tpl": "56dff338d2720bbd668b4569",
			"parentId": "I59618247463362960xYRl8v",
			"slotId": "main",
			"upd": {
				"StackObjectsCount": 60
			}
		},
		{
			"_id": "I59618241481263375GjPyUl",
			"_tpl": "56dff2ced2720bb4668b4567",
			"parentId": "I59618247463362960xYRl8v",
			"slotId": "main",
			"upd": {
				"StackObjectsCount": 60
			}
		},
		{
			"_id": "I59618247318775187pkSpvg",
			"_tpl": "56dff216d2720bbd668b4568",
			"parentId": "I59618247463362960xYRl8v",
			"slotId": "main",
			"upd": {
				"StackObjectsCount": 60
			}
		},
		{
			"_id": "I596182417962407766R1sUN",
			"_tpl": "56dff338d2720bbd668b4569",
			"parentId": "I59618247463362960xYRl8v",
			"slotId": "main",
			"upd": {
				"StackObjectsCount": 60
			}
		},
		{
			"_id": "I59618248675083004iuGFRP",
			"_tpl": "56dff026d2720bb8668b4567",
			"parentId": "I59618247463362960xYRl8v",
			"slotId": "main",
			"upd": {
				"StackObjectsCount": 60
			}
		},
		{
			"_id": "I59618241521878508cZkX2K",
			"_tpl": "56dff026d2720bb8668b4567",
			"parentId": "I59618247463362960xYRl8v",
			"slotId": "main",
			"upd": {
				"StackObjectsCount": 60
			}
		},
		{
			"_id": "I59618244310993154xZrtYc",
			"_tpl": "56dff026d2720bb8668b4567",
			"parentId": "I59618247463362960xYRl8v",
			"slotId": "main",
			"upd": {
				"StackObjectsCount": 60
			}
		},
		{
			"_id": "I59618241365872700ojlkLf",
			"_tpl": "56dff216d2720bbd668b4568",
			"parentId": "I59618247463362960xYRl8v",
			"slotId": "main",
			"upd": {
				"StackObjectsCount": 60
			}
		},
		{
			"_id": "I59618241782330714WWr2Qg",
			"_tpl": "5cbdaf89ae9215000e5b9c94",
			"parentId": "I59618245626026559hC3YlK",
			"slotId": "2",
			"location": {
				"x": 0,
				"y": 0,
				"r": "Horizontal"
			}
		},
		{
			"_id": "I59618246168293126wtAxCG",
			"_tpl": "56dff026d2720bb8668b4567",
			"parentId": "I59618241782330714WWr2Qg",
			"slotId": "cartridges",
			"upd": {
				"StackObjectsCount": 30
			}
		},
		{
			"_id": "I59618241859599957u7mFh3",
			"_tpl": "5cbdaf89ae9215000e5b9c94",
			"parentId": "I59618245626026559hC3YlK",
			"slotId": "1",
			"location": {
				"x": 0,
				"y": 0,
				"r": "Horizontal"
			}
		},
		{
			"_id": "I59618242455050399MtgvsV",
			"_tpl": "56dfef82d2720bbd668b4567",
			"parentId": "I59618241859599957u7mFh3",
			"slotId": "cartridges",
			"upd": {
				"StackObjectsCount": 30
			}
		},
		{
			"_id": "I59618243384874331O883xg",
			"_tpl": "5cbdaf89ae9215000e5b9c94",
			"parentId": "I59618245626026559hC3YlK",
			"slotId": "1",
			"location": {
				"x": 1,
				"y": 0,
				"r": "Horizontal"
			}
		},
		{
			"_id": "I59618243705490617giHsu9",
			"_tpl": "56dff338d2720bbd668b4569",
			"parentId": "I59618243384874331O883xg",
			"slotId": "cartridges",
			"upd": {
				"StackObjectsCount": 30
			}
		},
		{
			"_id": "I59618247097616168xml6UN",
			"_tpl": "57e26ea924597715ca604a09",
			"parentId": "5c6687d65e9d882c8841f0fd",
			"slotId": "Scabbard"
		},
		{
			"_id": "I59618247287884694pB125c",
			"_tpl": "5e00c1ad86f774747333222c",
			"parentId": "5c6687d65e9d882c8841f0fd",
			"slotId": "Headwear"
		},
		{
			"_id": "I59618246577561609aUSgeY",
			"_tpl": "59e7715586f7742ee5789605",
			"parentId": "5c6687d65e9d882c8841f0fd",
			"slotId": "FaceCover"
		},
		{
			"_id": "I59618245894448696MsbRlh",
			"_tpl": "5bc9c29cd4351e003562b8a3",
			"parentId": "5c6687d65e9d882c8841f121",
			"slotId": "pocket1",
			"location": {
				"x": 0,
				"y": 0,
				"r": "Horizontal"
			},
			"upd": {
				"SpawnedInSession": true
			}
		},
		{
			"_id": "I59618246466500289cbH5jf",
			"_tpl": "590a358486f77429692b2790",
			"parentId": "5c6687d65e9d882c8841f121",
			"slotId": "pocket2",
			"location": {
				"x": 0,
				"y": 0,
				"r": "Horizontal"
			},
			"upd": {
				"SpawnedInSession": true
			}
		}
	],
	"equipment": "5c6687d65e9d882c8841f0fd",
	"stash": "5c6687d65e9d882c8841f0fc",
	"questRaidItems": "5c6687d65e9d882c8841f0fe",
	"questStashItems": "5c6687d65e9d882c8841f0ff",
	"fastPanel": {}
}