{
	"items": [
		{
			"_id": "5c6687d65e9d882c8841f0fd",
			"_tpl": "55d7217a4bdc2d86028b456d"
		},
		{
			"_id": "5c6687d65e9d882c8841f121",
			"_tpl": "557ffd194bdc2d28148b457f",
			"parentId": "5c6687d65e9d882c8841f0fd",
			"slotId": "Pockets"
		},
		{
			"_id": "5c6687d65e9d882c8841f0fc",
			"_tpl": "566abbc34bdc2d92178b4576"
		},
		{
			"_id": "5c6687d65e9d882c8841f0ff",
			"_tpl": "5963866b86f7747bfa1c4462"
		},
		{
			"_id": "5c6687d65e9d882c8841f0fe",
			"_tpl": "5963866286f7747bf429b572"
		},
		{
			"_id": "I59618241618306488pC0RDl",
			"_tpl": "5648a69d4bdc2ded0b8b457b",
			"parentId": "5c6687d65e9d882c8841f0fd",
			"slotId": "TacticalVest"
		},
		{
			"_id": "I210051403484529800nw29F",
			"_tpl": "5b0bbe4e5acfc40dc528a72d",
			"parentId": "5c6687d65e9d882c8841f0fd",
			"slotId": "FirstPrimaryWeapon",
			"upd": {
				"Repairable": {
					"MaxDurability": 100,
					"Durability": 100
				}
			}
		},
		{
			"_id": "I210051405996909685vFIbo",
			"_tpl": "5b099b965acfc400186331e6",
			"parentId": "I210051403484529800nw29F",
			"slotId": "mod_pistol_grip"
		},
		{
			"_id": "I59618242455207027pDvut2",
			"_tpl": "5b7bef9c5acfc43d102852ec",
			"parentId": "I210051403484529800nw29F",
			"slotId": "mod_magazine"
		},
		{
			"_id": "I59618242512047525RUUrkO",
			"_tpl": "5a608bf24f39f98ffc77720e",
			"parentId": "I59618242455207027pDvut2",
			"slotId": "cartridges",
			"upd": {
				"StackObjectsCount": 50
			}
		},
		{
			"_id": "I210051405216472113YjNeL",
			"_tpl": "5b099a9d5acfc47a8607efe7",
			"parentId": "I210051403484529800nw29F",
			"slotId": "mod_handguard"
		},
		{
			"_id": "I2100514049037118355OYUz",
			"_tpl": "5b099a765acfc47a8607efe3",
			"parentId": "I210051403484529800nw29F",
			"slotId": "mod_barrel"
		},
		{
			"_id": "I2100514075276815925qiFw",
			"_tpl": "5b0bc22d5acfc47a8607f085",
			"parentId": "I210051403484529800nw29F",
			"slotId": "mod_sight_rear",
			"upd": {
				"Sight": {
					"SelectedSightMode": 0
				}
			}
		},
		{
			"_id": "I21005140392907797484gna",
			"_tpl": "5b099b7d5acfc400186331e4",
			"parentId": "I2100514049037118355OYUz",
			"slotId": "mod_muzzle"
		},
		{
			"_id": "I596182449768598390ek0RT",
			"_tpl": "5857a8bc2459772bad15db29",
			"parentId": "5c6687d65e9d882c8841f0fd",
			"slotId": "SecuredContainer"
		},
		{
			"_id": "I59618249198582667Ey9Gy4",
			"_tpl": "58dd3ad986f77403051cba8f",
			"parentId": "I596182449768598390ek0RT",
			"slotId": "main",
			"upd": {
				"StackObjectsCount": 60
			}
		},
		{
			"_id": "I59618241217413582GBdtNA",
			"_tpl": "5e023e6e34d52a55c3304f71",
			"parentId": "I596182449768598390ek0RT",
			"slotId": "main",
			"upd": {
				"StackObjectsCount": 60
			}
		},
		{
			"_id": "I59618244331712529QAK1jG",
			"_tpl": "58dd3ad986f77403051cba8f",
			"parentId": "I596182449768598390ek0RT",
			"slotId": "main",
			"upd": {
				"StackObjectsCount": 60
			}
		},
		{
			"_id": "I59618245524555862dSZvuZ",
			"_tpl": "5a6086ea4f39f99cd479502f",
			"parentId": "I596182449768598390ek0RT",
			"slotId": "main",
			"upd": {
				"StackObjectsCount": 60
			}
		},
		{
			"_id": "I59618248597659726xZq8px",
			"_tpl": "5e023e53d4353e3302577c4c",
			"parentId": "I596182449768598390ek0RT",
			"slotId": "main",
			"upd": {
				"StackObjectsCount": 60
			}
		},
		{
			"_id": "I59618243134523411QOdWkS",
			"_tpl": "5e023e88277cce2b522ff2b1",
			"parentId": "I596182449768598390ek0RT",
			"slotId": "main",
			"upd": {
				"StackObjectsCount": 60
			}
		},
		{
			"_id": "I59618246368945300nKLLPE",
			"_tpl": "58dd3ad986f77403051cba8f",
			"parentId": "I596182449768598390ek0RT",
			"slotId": "main",
			"upd": {
				"StackObjectsCount": 60
			}
		},
		{
			"_id": "I59618245054883462S29hde",
			"_tpl": "5a608bf24f39f98ffc77720e",
			"parentId": "I596182449768598390ek0RT",
			"slotId": "main",
			"upd": {
				"StackObjectsCount": 60
			}
		},
		{
			"_id": "I59618241305159632bLAXUH",
			"_tpl": "5a6086ea4f39f99cd479502f",
			"parentId": "I596182449768598390ek0RT",
			"slotId": "main",
			"upd": {
				"StackObjectsCount": 60
			}
		},
		{
			"_id": "I59618241119894020X40Ii8",
			"_tpl": "5b7c2d1d5acfc43d1028532a",
			"parentId": "I59618241618306488pC0RDl",
			"slotId": "1",
			"location": {
				"x": 0,
				"y": 0,
				"r": "Horizontal"
			}
		},
		{
			"_id": "I596182459452101998C26dd",
			"_tpl": "58dd3ad986f77403051cba8f",
			"parentId": "I59618241119894020X40Ii8",
			"slotId": "cartridges",
			"upd": {
				"StackObjectsCount": 20
			}
		},
		{
			"_id": "I59618248589532028742PXL",
			"_tpl": "5b7c2d1d5acfc43d1028532a",
			"parentId": "I59618241618306488pC0RDl",
			"slotId": "3",
			"location": {
				"x": 0,
				"y": 0,
				"r": "Horizontal"
			}
		},
		{
			"_id": "I59618246686707890EDBeno",
			"_tpl": "5a608bf24f39f98ffc77720e",
			"parentId": "I59618248589532028742PXL",
			"slotId": "cartridges",
			"upd": {
				"StackObjectsCount": 20
			}
		},
		{
			"_id": "I59618243373661259Jx4FoA",
			"_tpl": "5b7c2d1d5acfc43d1028532a",
			"parentId": "I59618241618306488pC0RDl",
			"slotId": "10",
			"location": {
				"x": 0,
				"y": 0,
				"r": "Horizontal"
			}
		},
		{
			"_id": "I59618243477009216QPtQVw",
			"_tpl": "5a608bf24f39f98ffc77720e",
			"parentId": "I59618243373661259Jx4FoA",
			"slotId": "cartridges",
			"upd": {
				"StackObjectsCount": 20
			}
		},
		{
			"_id": "I59618248292975238zTDZ1B",
			"_tpl": "5b7c2d1d5acfc43d1028532a",
			"parentId": "I59618241618306488pC0RDl",
			"slotId": "5",
			"location": {
				"x": 0,
				"y": 0,
				"r": "Horizontal"
			}
		},
		{
			"_id": "I59618242508942060RrAf9B",
			"_tpl": "5e023e53d4353e3302577c4c",
			"parentId": "I59618248292975238zTDZ1B",
			"slotId": "cartridges",
			"upd": {
				"StackObjectsCount": 20
			}
		},
		{
			"_id": "I59618249827601428YpHS2j",
			"_tpl": "5b7c2d1d5acfc43d1028532a",
			"parentId": "I59618241618306488pC0RDl",
			"slotId": "5",
			"location": {
				"x": 1,
				"y": 0,
				"r": "Horizontal"
			}
		},
		{
			"_id": "I59618245307845516cSnVC0",
			"_tpl": "58dd3ad986f77403051cba8f",
			"parentId": "I59618249827601428YpHS2j",
			"slotId": "cartridges",
			"upd": {
				"StackObjectsCount": 20
			}
		},
		{
			"_id": "I5961824416115553799Q5HW",
			"_tpl": "54491bb74bdc2d09088b4567",
			"parentId": "5c6687d65e9d882c8841f0fd",
			"slotId": "Scabbard"
		},
		{
			"_id": "I59618242957111609E9S8GS",
			"_tpl": "5aa2b89be5b5b0001569311f",
			"parentId": "5c6687d65e9d882c8841f0fd",
			"slotId": "Headwear"
		},
		{
			"_id": "I596182443678293422fazwI",
			"_tpl": "5d6d2e22a4b9361bd5780d05",
			"parentId": "5c6687d65e9d882c8841f0fd",
			"slotId": "Eyewear"
		},
		{
			"_id": "I59618244159317969yMdVyv",
			"_tpl": "572b7fa524597762b747ce82",
			"parentId": "5c6687d65e9d882c8841f0fd",
			"slotId": "FaceCover"
		},
		{
			"_id": "I59618242601426053c0psDB",
			"_tpl": "59e366c186f7741778269d85",
			"parentId": "5c6687d65e9d882c8841f121",
			"slotId": "pocket1",
			"location": {
				"x": 0,
				"y": 0,
				"r": "Horizontal"
			},
			"upd": {
				"SpawnedInSession": true
			}
		},
		{
			"_id": "I5961824556833684949FTOr",
			"_tpl": "57347cd0245977445a2d6ff1",
			"parentId": "5c6687d65e9d882c8841f121",
			"slotId": "pocket2",
			"location": {
				"x": 0,
				"y": 0,
				"r": "Horizontal"
			},
			"upd": {
				"SpawnedInSession": true
			}
		},
		{
			"_id": "I59618241509328000jylhsI",
			"_tpl": "590a3cd386f77436f20848cb",
			"parentId": "5c6687d65e9d882c8841f121",
			"slotId": "pocket3",
			"location": {
				"x": 0,
				"y": 0,
				"r": "Horizontal"
			},
			"upd": {
				"SpawnedInSession": true
			}
		}
	],
	"equipment": "5c6687d65e9d882c8841f0fd",
	"stash": "5c6687d65e9d882c8841f0fc",
	"questRaidItems": "5c6687d65e9d882c8841f0fe",
	"questStashItems": "5c6687d65e9d882c8841f0ff",
	"fastPanel": {}
}