{
	"items": [
		{
			"_id": "5c6687d65e9d882c8841f0fd",
			"_tpl": "55d7217a4bdc2d86028b456d"
		},
		{
			"_id": "5c6687d65e9d882c8841f121",
			"_tpl": "557ffd194bdc2d28148b457f",
			"parentId": "5c6687d65e9d882c8841f0fd",
			"slotId": "Pockets"
		},
		{
			"_id": "5c6687d65e9d882c8841f0fc",
			"_tpl": "566abbc34bdc2d92178b4576"
		},
		{
			"_id": "5c6687d65e9d882c8841f0ff",
			"_tpl": "5963866b86f7747bfa1c4462"
		},
		{
			"_id": "5c6687d65e9d882c8841f0fe",
			"_tpl": "5963866286f7747bf429b572"
		},
		{
			"_id": "I596182329623449074cr0VD",
			"_tpl": "5c0e3eb886f7742015526062",
			"parentId": "5c6687d65e9d882c8841f0fd",
			"slotId": "TacticalVest"
		},
		{
			"_id": "I21009458619073185COPcOF",
			"_tpl": "5a0ec13bfcdbcb00165aa685",
			"parentId": "5c6687d65e9d882c8841f0fd",
			"slotId": "FirstPrimaryWeapon",
			"upd": {
				"Repairable": {
					"MaxDurability": 100,
					"Durability": 100
				}
			}
		},
		{
			"_id": "I210094576412274034PHXSS",
			"_tpl": "59d64ec286f774171d1e0a42",
			"parentId": "I21009458619073185COPcOF",
			"slotId": "mod_gas_block"
		},
		{
			"_id": "I21009457143300570DwMdvA",
			"_tpl": "59d64fc686f774171b243fe2",
			"parentId": "I21009458619073185COPcOF",
			"slotId": "mod_muzzle"
		},
		{
			"_id": "I21009457257801180pgRVSi",
			"_tpl": "59e62cc886f77440d40b52a1",
			"parentId": "I21009458619073185COPcOF",
			"slotId": "mod_pistol_grip"
		},
		{
			"_id": "I21009458538347457dOvnBx",
			"_tpl": "59d6507c86f7741b846413a2",
			"parentId": "I21009458619073185COPcOF",
			"slotId": "mod_reciever"
		},
		{
			"_id": "I210094555920558690rHh6Z",
			"_tpl": "59d650cf86f7741b846413a4",
			"parentId": "I21009458619073185COPcOF",
			"slotId": "mod_sight_rear",
			"upd": {
				"Sight": {
					"SelectedSightMode": 0
				}
			}
		},
		{
			"_id": "I21009453906192544MnI1Gg",
			"_tpl": "59d6514b86f774171a068a08",
			"parentId": "I21009458619073185COPcOF",
			"slotId": "mod_stock"
		},
		{
			"_id": "I59618239319956695JTCkIq",
			"_tpl": "59e5d83b86f7745aed03d262",
			"parentId": "I21009458619073185COPcOF",
			"slotId": "mod_magazine"
		},
		{
			"_id": "I59618234794916873wX3ZQH",
			"_tpl": "59e4cf5286f7741778269d8a",
			"parentId": "I59618239319956695JTCkIq",
			"slotId": "cartridges",
			"upd": {
				"StackObjectsCount": 10
			}
		},
		{
			"_id": "I21009457709398691877EKR",
			"_tpl": "59d64f2f86f77417193ef8b3",
			"parentId": "I210094576412274034PHXSS",
			"slotId": "mod_handguard"
		},
		{
			"_id": "I59618237926442629X3mG7Y",
			"_tpl": "5857a8bc2459772bad15db29",
			"parentId": "5c6687d65e9d882c8841f0fd",
			"slotId": "SecuredContainer"
		},
		{
			"_id": "I59618235792015032Sy0SkW",
			"_tpl": "59e4d3d286f774176a36250a",
			"parentId": "I59618237926442629X3mG7Y",
			"slotId": "main",
			"upd": {
				"StackObjectsCount": 60
			}
		},
		{
			"_id": "I596182335306615506eoY5k",
			"_tpl": "59e4cf5286f7741778269d8a",
			"parentId": "I59618237926442629X3mG7Y",
			"slotId": "main",
			"upd": {
				"StackObjectsCount": 60
			}
		},
		{
			"_id": "I59618235156715324U7azaG",
			"_tpl": "59e4cf5286f7741778269d8a",
			"parentId": "I59618237926442629X3mG7Y",
			"slotId": "main",
			"upd": {
				"StackObjectsCount": 60
			}
		},
		{
			"_id": "I59618233499407778Ay55fF",
			"_tpl": "59e4cf5286f7741778269d8a",
			"parentId": "I59618237926442629X3mG7Y",
			"slotId": "main",
			"upd": {
				"StackObjectsCount": 60
			}
		},
		{
			"_id": "I59618239644263679Xg5lSa",
			"_tpl": "59e4d3d286f774176a36250a",
			"parentId": "I59618237926442629X3mG7Y",
			"slotId": "main",
			"upd": {
				"StackObjectsCount": 60
			}
		},
		{
			"_id": "I59618234676977568DXj1UE",
			"_tpl": "5656d7c34bdc2d9d198b4587",
			"parentId": "I59618237926442629X3mG7Y",
			"slotId": "main",
			"upd": {
				"StackObjectsCount": 60
			}
		},
		{
			"_id": "I59618231049048947faqEqJ",
			"_tpl": "59e4d24686f7741776641ac7",
			"parentId": "I59618237926442629X3mG7Y",
			"slotId": "main",
			"upd": {
				"StackObjectsCount": 60
			}
		},
		{
			"_id": "I59618231028518604Eq2uEs",
			"_tpl": "59e4d3d286f774176a36250a",
			"parentId": "I59618237926442629X3mG7Y",
			"slotId": "main",
			"upd": {
				"StackObjectsCount": 60
			}
		},
		{
			"_id": "I59618231611498658efI1v4",
			"_tpl": "59e4cf5286f7741778269d8a",
			"parentId": "I59618237926442629X3mG7Y",
			"slotId": "main",
			"upd": {
				"StackObjectsCount": 60
			}
		},
		{
			"_id": "I59618235278689042x18KrX",
			"_tpl": "59e5d83b86f7745aed03d262",
			"parentId": "I596182329623449074cr0VD",
			"slotId": "1",
			"location": {
				"x": 0,
				"y": 0,
				"r": "Horizontal"
			}
		},
		{
			"_id": "I59618236819138718fUGmQ4",
			"_tpl": "59e4cf5286f7741778269d8a",
			"parentId": "I59618235278689042x18KrX",
			"slotId": "cartridges",
			"upd": {
				"StackObjectsCount": 10
			}
		},
		{
			"_id": "I59618237951439925Z2nkzY",
			"_tpl": "59e5d83b86f7745aed03d262",
			"parentId": "I596182329623449074cr0VD",
			"slotId": "1",
			"location": {
				"x": 0,
				"y": 1,
				"r": "Horizontal"
			}
		},
		{
			"_id": "I59618237063425413SD4b63",
			"_tpl": "59e4d3d286f774176a36250a",
			"parentId": "I59618237951439925Z2nkzY",
			"slotId": "cartridges",
			"upd": {
				"StackObjectsCount": 10
			}
		},
		{
			"_id": "I59618234021258642hnYyZD",
			"_tpl": "59e5d83b86f7745aed03d262",
			"parentId": "I596182329623449074cr0VD",
			"slotId": "3",
			"location": {
				"x": 0,
				"y": 1,
				"r": "Horizontal"
			}
		},
		{
			"_id": "I59618235180700266QvbDco",
			"_tpl": "59e4d24686f7741776641ac7",
			"parentId": "I59618234021258642hnYyZD",
			"slotId": "cartridges",
			"upd": {
				"StackObjectsCount": 10
			}
		},
		{
			"_id": "I59618231763051603WLBypf",
			"_tpl": "5656d7c34bdc2d9d198b4587",
			"parentId": "I596182329623449074cr0VD",
			"slotId": "6",
			"upd": {
				"StackObjectsCount": 17
			}
		},
		{
			"_id": "I59618237652091572empGgP",
			"_tpl": "57e26ea924597715ca604a09",
			"parentId": "5c6687d65e9d882c8841f0fd",
			"slotId": "Scabbard"
		},
		{
			"_id": "I59618232947614366U6v3cA",
			"_tpl": "5d6d2e22a4b9361bd5780d05",
			"parentId": "5c6687d65e9d882c8841f0fd",
			"slotId": "Eyewear"
		},
		{
			"_id": "I596182369646079315Xk9NQ",
			"_tpl": "56e33634d2720bd8058b456b",
			"parentId": "5c6687d65e9d882c8841f0fd",
			"slotId": "Backpack"
		}
	],
	"equipment": "5c6687d65e9d882c8841f0fd",
	"stash": "5c6687d65e9d882c8841f0fc",
	"questRaidItems": "5c6687d65e9d882c8841f0fe",
	"questStashItems": "5c6687d65e9d882c8841f0ff",
	"fastPanel": {}
}