{
	"items": [
		{
			"_id": "5c6687d65e9d882c8841f0fd",
			"_tpl": "55d7217a4bdc2d86028b456d"
		},
		{
			"_id": "5c6687d65e9d882c8841f121",
			"_tpl": "557ffd194bdc2d28148b457f",
			"parentId": "5c6687d65e9d882c8841f0fd",
			"slotId": "Pockets"
		},
		{
			"_id": "5c6687d65e9d882c8841f0fc",
			"_tpl": "566abbc34bdc2d92178b4576"
		},
		{
			"_id": "5c6687d65e9d882c8841f0ff",
			"_tpl": "5963866b86f7747bfa1c4462"
		},
		{
			"_id": "5c6687d65e9d882c8841f0fe",
			"_tpl": "5963866286f7747bf429b572"
		},
		{
			"_id": "I59618241903240073Okpmg0",
			"_tpl": "5929a2a086f7744f4b234d43",
			"parentId": "5c6687d65e9d882c8841f0fd",
			"slotId": "TacticalVest"
		},
		{
			"_id": "I331028164908487420LFKAv",
			"_tpl": "5a0ec13bfcdbcb00165aa685",
			"parentId": "5c6687d65e9d882c8841f0fd",
			"slotId": "FirstPrimaryWeapon",
			"upd": {
				"Repairable": {
					"MaxDurability": 100,
					"Durability": 100
				}
			}
		},
		{
			"_id": "I331028164884862905a5jJA",
			"_tpl": "59d64ec286f774171d1e0a42",
			"parentId": "I331028164908487420LFKAv",
			"slotId": "mod_gas_block"
		},
		{
			"_id": "I331028164998499182YU3BW",
			"_tpl": "59d64fc686f774171b243fe2",
			"parentId": "I331028164908487420LFKAv",
			"slotId": "mod_muzzle"
		},
		{
			"_id": "I331028166560667505C4Ona",
			"_tpl": "59e62cc886f77440d40b52a1",
			"parentId": "I331028164908487420LFKAv",
			"slotId": "mod_pistol_grip"
		},
		{
			"_id": "I331028169921985473EB8rc",
			"_tpl": "59d6507c86f7741b846413a2",
			"parentId": "I331028164908487420LFKAv",
			"slotId": "mod_reciever"
		},
		{
			"_id": "I3310281615848372587Zw3o",
			"_tpl": "59d650cf86f7741b846413a4",
			"parentId": "I331028164908487420LFKAv",
			"slotId": "mod_sight_rear",
			"upd": {
				"Sight": {
					"SelectedSightMode": 0
				}
			}
		},
		{
			"_id": "I59618243123518404Wxm1qG",
			"_tpl": "59e5d83b86f7745aed03d262",
			"parentId": "I331028164908487420LFKAv",
			"slotId": "mod_magazine"
		},
		{
			"_id": "I59618245181030384FSTW6s",
			"_tpl": "59e4d3d286f774176a36250a",
			"parentId": "I59618243123518404Wxm1qG",
			"slotId": "cartridges",
			"upd": {
				"StackObjectsCount": 10
			}
		},
		{
			"_id": "I331028168243301953DwXlM",
			"_tpl": "59d64f2f86f77417193ef8b3",
			"parentId": "I331028164884862905a5jJA",
			"slotId": "mod_handguard"
		},
		{
			"_id": "I59618249709961087U7ks6L",
			"_tpl": "5857a8bc2459772bad15db29",
			"parentId": "5c6687d65e9d882c8841f0fd",
			"slotId": "SecuredContainer"
		},
		{
			"_id": "I59618249532708597C6Ux75",
			"_tpl": "59e0d99486f7744a32234762",
			"parentId": "I59618249709961087U7ks6L",
			"slotId": "main",
			"upd": {
				"StackObjectsCount": 60
			}
		},
		{
			"_id": "I59618242179734791PKICXJ",
			"_tpl": "59e4d3d286f774176a36250a",
			"parentId": "I59618249709961087U7ks6L",
			"slotId": "main",
			"upd": {
				"StackObjectsCount": 60
			}
		},
		{
			"_id": "I59618244481830080SyUtKG",
			"_tpl": "5656d7c34bdc2d9d198b4587",
			"parentId": "I59618249709961087U7ks6L",
			"slotId": "main",
			"upd": {
				"StackObjectsCount": 60
			}
		},
		{
			"_id": "I59618245033759449IyxloD",
			"_tpl": "59e0d99486f7744a32234762",
			"parentId": "I59618249709961087U7ks6L",
			"slotId": "main",
			"upd": {
				"StackObjectsCount": 60
			}
		},
		{
			"_id": "I59618245582938553RZgDIS",
			"_tpl": "59e4d24686f7741776641ac7",
			"parentId": "I59618249709961087U7ks6L",
			"slotId": "main",
			"upd": {
				"StackObjectsCount": 60
			}
		},
		{
			"_id": "I596182435094723133zuk6W",
			"_tpl": "59e4cf5286f7741778269d8a",
			"parentId": "I59618249709961087U7ks6L",
			"slotId": "main",
			"upd": {
				"StackObjectsCount": 60
			}
		},
		{
			"_id": "I596182430854140041yztHV",
			"_tpl": "59e4d24686f7741776641ac7",
			"parentId": "I59618249709961087U7ks6L",
			"slotId": "main",
			"upd": {
				"StackObjectsCount": 60
			}
		},
		{
			"_id": "I596182492487291401f0RnC",
			"_tpl": "5656d7c34bdc2d9d198b4587",
			"parentId": "I59618249709961087U7ks6L",
			"slotId": "main",
			"upd": {
				"StackObjectsCount": 60
			}
		},
		{
			"_id": "I59618243139641562T3scIB",
			"_tpl": "59e4d3d286f774176a36250a",
			"parentId": "I59618249709961087U7ks6L",
			"slotId": "main",
			"upd": {
				"StackObjectsCount": 60
			}
		},
		{
			"_id": "I59618247366993419P7wDWs",
			"_tpl": "59e5d83b86f7745aed03d262",
			"parentId": "I59618241903240073Okpmg0",
			"slotId": "3",
			"location": {
				"x": 0,
				"y": 0,
				"r": "Horizontal"
			}
		},
		{
			"_id": "I59618247953875975A8AVoS",
			"_tpl": "5656d7c34bdc2d9d198b4587",
			"parentId": "I59618247366993419P7wDWs",
			"slotId": "cartridges",
			"upd": {
				"StackObjectsCount": 10
			}
		},
		{
			"_id": "I59618248124932041RMGkDr",
			"_tpl": "59e5d83b86f7745aed03d262",
			"parentId": "I59618241903240073Okpmg0",
			"slotId": "3",
			"location": {
				"x": 0,
				"y": 1,
				"r": "Horizontal"
			}
		},
		{
			"_id": "I596182485677051294vG839",
			"_tpl": "59e4d24686f7741776641ac7",
			"parentId": "I59618248124932041RMGkDr",
			"slotId": "cartridges",
			"upd": {
				"StackObjectsCount": 10
			}
		},
		{
			"_id": "I59618242046760347jnFJ9d",
			"_tpl": "59e5d83b86f7745aed03d262",
			"parentId": "I59618241903240073Okpmg0",
			"slotId": "5",
			"location": {
				"x": 0,
				"y": 0,
				"r": "Horizontal"
			}
		},
		{
			"_id": "I59618249119617865VoITP9",
			"_tpl": "59e4d3d286f774176a36250a",
			"parentId": "I59618242046760347jnFJ9d",
			"slotId": "cartridges",
			"upd": {
				"StackObjectsCount": 10
			}
		},
		{
			"_id": "I59618247787011422Mc76Kt",
			"_tpl": "59e5d83b86f7745aed03d262",
			"parentId": "I59618241903240073Okpmg0",
			"slotId": "5",
			"location": {
				"x": 0,
				"y": 1,
				"r": "Horizontal"
			}
		},
		{
			"_id": "I59618248088869613qMK3Bn",
			"_tpl": "59e0d99486f7744a32234762",
			"parentId": "I59618247787011422Mc76Kt",
			"slotId": "cartridges",
			"upd": {
				"StackObjectsCount": 10
			}
		},
		{
			"_id": "I59618249273987398RccoJg",
			"_tpl": "59e4d24686f7741776641ac7",
			"parentId": "I59618241903240073Okpmg0",
			"slotId": "2",
			"upd": {
				"StackObjectsCount": 36
			}
		},
		{
			"_id": "I59618247651340100Pl3vYl",
			"_tpl": "59e4cf5286f7741778269d8a",
			"parentId": "I59618241903240073Okpmg0",
			"slotId": "8",
			"upd": {
				"StackObjectsCount": 51
			}
		},
		{
			"_id": "I59618248978189678hKfTi0",
			"_tpl": "54491bb74bdc2d09088b4567",
			"parentId": "5c6687d65e9d882c8841f0fd",
			"slotId": "Scabbard"
		},
		{
			"_id": "I59618244551846847eEVu9y",
			"_tpl": "56e33634d2720bd8058b456b",
			"parentId": "5c6687d65e9d882c8841f0fd",
			"slotId": "Backpack"
		},
		{
			"_id": "I59618243828912591qU6uyA",
			"_tpl": "5448ba0b4bdc2d02308b456c",
			"parentId": "I59618244551846847eEVu9y",
			"slotId": "main",
			"location": {
				"x": 0,
				"y": 0,
				"r": "Horizontal"
			}
		},
		{
			"_id": "I59618247525159902IE9Y8z",
			"_tpl": "5780d0652459777df90dcb74",
			"parentId": "I59618244551846847eEVu9y",
			"slotId": "main",
			"location": {
				"x": 0,
				"y": 1,
				"r": "Horizontal"
			}
		},
		{
			"_id": "I596182450840160773gZPS2",
			"_tpl": "5734758f24597738025ee253",
			"parentId": "5c6687d65e9d882c8841f121",
			"slotId": "pocket1",
			"location": {
				"x": 0,
				"y": 0,
				"r": "Horizontal"
			},
			"upd": {
				"SpawnedInSession": true
			}
		},
		{
			"_id": "I59618246850384275GAj22z",
			"_tpl": "5751a25924597722c463c472",
			"parentId": "5c6687d65e9d882c8841f121",
			"slotId": "pocket2",
			"location": {
				"x": 0,
				"y": 0,
				"r": "Horizontal"
			},
			"upd": {
				"SpawnedInSession": true
			}
		},
		{
			"_id": "I59618241009619533qBZEE0",
			"_tpl": "590a3b0486f7743954552bdb",
			"parentId": "5c6687d65e9d882c8841f121",
			"slotId": "pocket3",
			"location": {
				"x": 0,
				"y": 0,
				"r": "Horizontal"
			},
			"upd": {
				"SpawnedInSession": true
			}
		}
	],
	"equipment": "5c6687d65e9d882c8841f0fd",
	"stash": "5c6687d65e9d882c8841f0fc",
	"questRaidItems": "5c6687d65e9d882c8841f0fe",
	"questStashItems": "5c6687d65e9d882c8841f0ff",
	"fastPanel": {}
}