{
	"items": [
		{
			"_id": "5c6687d65e9d882c8841f0fd",
			"_tpl": "55d7217a4bdc2d86028b456d"
		},
		{
			"_id": "5c6687d65e9d882c8841f121",
			"_tpl": "557ffd194bdc2d28148b457f",
			"parentId": "5c6687d65e9d882c8841f0fd",
			"slotId": "Pockets"
		},
		{
			"_id": "5c6687d65e9d882c8841f0fc",
			"_tpl": "566abbc34bdc2d92178b4576"
		},
		{
			"_id": "5c6687d65e9d882c8841f0ff",
			"_tpl": "5963866b86f7747bfa1c4462"
		},
		{
			"_id": "5c6687d65e9d882c8841f0fe",
			"_tpl": "5963866286f7747bf429b572"
		},
		{
			"_id": "I59618247861653351fx36HP",
			"_tpl": "5d5d8ca986f7742798716522",
			"parentId": "5c6687d65e9d882c8841f0fd",
			"slotId": "TacticalVest"
		},
		{
			"_id": "I210013969236893334BIWGt",
			"_tpl": "55801eed4bdc2d89578b4588",
			"parentId": "5c6687d65e9d882c8841f0fd",
			"slotId": "FirstPrimaryWeapon",
			"upd": {
				"Repairable": {
					"MaxDurability": 100,
					"Durability": 100
				}
			}
		},
		{
			"_id": "I596182410163960046Gx2ye",
			"_tpl": "559ba5b34bdc2d1f1a8b4582",
			"parentId": "I210013969236893334BIWGt",
			"slotId": "mod_magazine"
		},
		{
			"_id": "I596182458543628812hcNwy",
			"_tpl": "5e023cf8186a883be655e54f",
			"parentId": "I596182410163960046Gx2ye",
			"slotId": "cartridges",
			"upd": {
				"StackObjectsCount": 10
			}
		},
		{
			"_id": "I21001392860003322e8k73X",
			"_tpl": "56083e1b4bdc2dc8488b4572",
			"parentId": "I210013969236893334BIWGt",
			"slotId": "mod_sight_rear",
			"upd": {
				"Sight": {
					"SelectedSightMode": 0
				}
			}
		},
		{
			"_id": "I210013935725933644d029r",
			"_tpl": "56083eab4bdc2d26448b456a",
			"parentId": "I210013969236893334BIWGt",
			"slotId": "mod_tactical"
		},
		{
			"_id": "I21001391967810040ngWZH6",
			"_tpl": "560e620e4bdc2d724b8b456b",
			"parentId": "I210013969236893334BIWGt",
			"slotId": "mod_muzzle"
		},
		{
			"_id": "I21001395431951899EQewzv",
			"_tpl": "56ea8222d2720b69698b4567",
			"parentId": "I210013969236893334BIWGt",
			"slotId": "mod_bipod"
		},
		{
			"_id": "I59618242230407120VK9xI2",
			"_tpl": "5857a8bc2459772bad15db29",
			"parentId": "5c6687d65e9d882c8841f0fd",
			"slotId": "SecuredContainer"
		},
		{
			"_id": "I59618242827031170lULE4h",
			"_tpl": "5887431f2459777e1612938f",
			"parentId": "I59618242230407120VK9xI2",
			"slotId": "main",
			"upd": {
				"StackObjectsCount": 60
			}
		},
		{
			"_id": "I59618245248673820sWda27",
			"_tpl": "560d61e84bdc2da74d8b4571",
			"parentId": "I59618242230407120VK9xI2",
			"slotId": "main",
			"upd": {
				"StackObjectsCount": 60
			}
		},
		{
			"_id": "I59618247032945245q1fB5o",
			"_tpl": "59e77a2386f7742ee578960a",
			"parentId": "I59618242230407120VK9xI2",
			"slotId": "main",
			"upd": {
				"StackObjectsCount": 60
			}
		},
		{
			"_id": "I59618248515417846REPXz6",
			"_tpl": "5e023cf8186a883be655e54f",
			"parentId": "I59618242230407120VK9xI2",
			"slotId": "main",
			"upd": {
				"StackObjectsCount": 60
			}
		},
		{
			"_id": "I596182475702889310AYaeg",
			"_tpl": "5e023cf8186a883be655e54f",
			"parentId": "I59618242230407120VK9xI2",
			"slotId": "main",
			"upd": {
				"StackObjectsCount": 60
			}
		},
		{
			"_id": "I59618247850116268YPvXEt",
			"_tpl": "5e023cf8186a883be655e54f",
			"parentId": "I59618242230407120VK9xI2",
			"slotId": "main",
			"upd": {
				"StackObjectsCount": 60
			}
		},
		{
			"_id": "I59618242122200815YW8SDV",
			"_tpl": "5e023cf8186a883be655e54f",
			"parentId": "I59618242230407120VK9xI2",
			"slotId": "main",
			"upd": {
				"StackObjectsCount": 60
			}
		},
		{
			"_id": "I59618242883419478wzzPZg",
			"_tpl": "5e023cf8186a883be655e54f",
			"parentId": "I59618242230407120VK9xI2",
			"slotId": "main",
			"upd": {
				"StackObjectsCount": 60
			}
		},
		{
			"_id": "I59618241674488978rtWEvI",
			"_tpl": "560d61e84bdc2da74d8b4571",
			"parentId": "I59618242230407120VK9xI2",
			"slotId": "main",
			"upd": {
				"StackObjectsCount": 60
			}
		},
		{
			"_id": "I210016101782840201FfSza",
			"_tpl": "5448bd6b4bdc2dfc2f8b4569",
			"parentId": "5c6687d65e9d882c8841f0fd",
			"slotId": "Holster",
			"upd": {
				"Repairable": {
					"MaxDurability": 100,
					"Durability": 100
				}
			}
		},
		{
			"_id": "I596182483570141930ErcwY",
			"_tpl": "573719df2459775a626ccbc2",
			"parentId": "I210016108228972218lshfS",
			"slotId": "cartridges",
			"upd": {
				"StackObjectsCount": 8
			}
		},
		{
			"_id": "I210016108228972218lshfS",
			"_tpl": "5448c12b4bdc2d02308b456f",
			"parentId": "I210016101782840201FfSza",
			"slotId": "mod_magazine"
		},
		{
			"_id": "I59618246380390099eCWsta",
			"_tpl": "559ba5b34bdc2d1f1a8b4582",
			"parentId": "I59618247861653351fx36HP",
			"slotId": "2",
			"location": {
				"x": 0,
				"y": 0,
				"r": "Horizontal"
			}
		},
		{
			"_id": "I59618245905098688BhZ9FL",
			"_tpl": "5e023d34e8a400319a28ed44",
			"parentId": "I59618246380390099eCWsta",
			"slotId": "cartridges",
			"upd": {
				"StackObjectsCount": 10
			}
		},
		{
			"_id": "I59618248312737107S2QdHL",
			"_tpl": "559ba5b34bdc2d1f1a8b4582",
			"parentId": "I59618247861653351fx36HP",
			"slotId": "2",
			"location": {
				"x": 0,
				"y": 1,
				"r": "Horizontal"
			}
		},
		{
			"_id": "I59618242638279326373E6x",
			"_tpl": "5e023d48186a883be655e551",
			"parentId": "I59618248312737107S2QdHL",
			"slotId": "cartridges",
			"upd": {
				"StackObjectsCount": 10
			}
		},
		{
			"_id": "I59618247176037817BTi9Rw",
			"_tpl": "5448c12b4bdc2d02308b456f",
			"parentId": "I59618247861653351fx36HP",
			"slotId": "3",
			"location": {
				"x": 0,
				"y": 0,
				"r": "Horizontal"
			}
		},
		{
			"_id": "I59618244435213327oBOYvA",
			"_tpl": "57371b192459775a9f58a5e0",
			"parentId": "I59618247176037817BTi9Rw",
			"slotId": "cartridges",
			"upd": {
				"StackObjectsCount": 8
			}
		},
		{
			"_id": "I59618248282650279kNyoao",
			"_tpl": "54491bb74bdc2d09088b4567",
			"parentId": "5c6687d65e9d882c8841f0fd",
			"slotId": "Scabbard"
		},
		{
			"_id": "I59618245378792964o1Af5u",
			"_tpl": "5b4329075acfc400153b78ff",
			"parentId": "5c6687d65e9d882c8841f0fd",
			"slotId": "Headwear"
		},
		{
			"_id": "I59618242752257354vKB5Hw",
			"_tpl": "5ab8e4ed86f7742d8e50c7fa",
			"parentId": "5c6687d65e9d882c8841f0fd",
			"slotId": "ArmorVest",
			"upd": {
				"Repairable": {
					"MaxDurability": 50,
					"Durability": 10
				}
			}
		},
		{
			"_id": "I59618241521762937hIyLad",
			"_tpl": "590a358486f77429692b2790",
			"parentId": "5c6687d65e9d882c8841f121",
			"slotId": "pocket1",
			"location": {
				"x": 0,
				"y": 0,
				"r": "Horizontal"
			},
			"upd": {
				"SpawnedInSession": true
			}
		}
	],
	"equipment": "5c6687d65e9d882c8841f0fd",
	"stash": "5c6687d65e9d882c8841f0fc",
	"questRaidItems": "5c6687d65e9d882c8841f0fe",
	"questStashItems": "5c6687d65e9d882c8841f0ff",
	"fastPanel": {}
}