{
	"items": [
		{
			"_id": "5c6687d65e9d882c8841f0fd",
			"_tpl": "55d7217a4bdc2d86028b456d"
		},
		{
			"_id": "5c6687d65e9d882c8841f121",
			"_tpl": "557ffd194bdc2d28148b457f",
			"parentId": "5c6687d65e9d882c8841f0fd",
			"slotId": "Pockets"
		},
		{
			"_id": "5c6687d65e9d882c8841f0fc",
			"_tpl": "566abbc34bdc2d92178b4576"
		},
		{
			"_id": "5c6687d65e9d882c8841f0ff",
			"_tpl": "5963866b86f7747bfa1c4462"
		},
		{
			"_id": "5c6687d65e9d882c8841f0fe",
			"_tpl": "5963866286f7747bf429b572"
		},
		{
			"_id": "I59618242242081036qa1rmS",
			"_tpl": "5d5d8ca986f7742798716522",
			"parentId": "5c6687d65e9d882c8841f0fd",
			"slotId": "TacticalVest"
		},
		{
			"_id": "I33102843767448960X8i2ya",
			"_tpl": "5a0ec13bfcdbcb00165aa685",
			"parentId": "5c6687d65e9d882c8841f0fd",
			"slotId": "FirstPrimaryWeapon",
			"upd": {
				"Repairable": {
					"MaxDurability": 100,
					"Durability": 100
				}
			}
		},
		{
			"_id": "I33102843499398214GhHaAl",
			"_tpl": "59d64ec286f774171d1e0a42",
			"parentId": "I33102843767448960X8i2ya",
			"slotId": "mod_gas_block"
		},
		{
			"_id": "I33102843315863101ltmsb1",
			"_tpl": "59d64fc686f774171b243fe2",
			"parentId": "I33102843767448960X8i2ya",
			"slotId": "mod_muzzle"
		},
		{
			"_id": "I33102845871806896TxwVIz",
			"_tpl": "59e62cc886f77440d40b52a1",
			"parentId": "I33102843767448960X8i2ya",
			"slotId": "mod_pistol_grip"
		},
		{
			"_id": "I33102848653184728b657Q2",
			"_tpl": "59d650cf86f7741b846413a4",
			"parentId": "I33102843767448960X8i2ya",
			"slotId": "mod_sight_rear",
			"upd": {
				"Sight": {
					"SelectedSightMode": 0
				}
			}
		},
		{
			"_id": "I33102847115296058y25fL2",
			"_tpl": "59d6514b86f774171a068a08",
			"parentId": "I33102843767448960X8i2ya",
			"slotId": "mod_stock"
		},
		{
			"_id": "I59618248574462970lHDucM",
			"_tpl": "5ac66bea5acfc43b321d4aec",
			"parentId": "I33102843767448960X8i2ya",
			"slotId": "mod_magazine"
		},
		{
			"_id": "I59618242041659876T7K8kb",
			"_tpl": "59e4cf5286f7741778269d8a",
			"parentId": "I59618248574462970lHDucM",
			"slotId": "cartridges",
			"upd": {
				"StackObjectsCount": 30
			}
		},
		{
			"_id": "I331028471714047378jNVU7",
			"_tpl": "59d64f2f86f77417193ef8b3",
			"parentId": "I33102843499398214GhHaAl",
			"slotId": "mod_handguard"
		},
		{
			"_id": "I59618244224221840hs0mCs",
			"_tpl": "5857a8bc2459772bad15db29",
			"parentId": "5c6687d65e9d882c8841f0fd",
			"slotId": "SecuredContainer"
		},
		{
			"_id": "I59618246434496060yJdB7m",
			"_tpl": "59e4d3d286f774176a36250a",
			"parentId": "I59618244224221840hs0mCs",
			"slotId": "main",
			"upd": {
				"StackObjectsCount": 60
			}
		},
		{
			"_id": "I59618249446083052g84xue",
			"_tpl": "5656d7c34bdc2d9d198b4587",
			"parentId": "I59618244224221840hs0mCs",
			"slotId": "main",
			"upd": {
				"StackObjectsCount": 60
			}
		},
		{
			"_id": "I59618244869647334r2Gc2q",
			"_tpl": "59e4cf5286f7741778269d8a",
			"parentId": "I59618244224221840hs0mCs",
			"slotId": "main",
			"upd": {
				"StackObjectsCount": 60
			}
		},
		{
			"_id": "I59618242623611879yPriWS",
			"_tpl": "5656d7c34bdc2d9d198b4587",
			"parentId": "I59618244224221840hs0mCs",
			"slotId": "main",
			"upd": {
				"StackObjectsCount": 60
			}
		},
		{
			"_id": "I59618242175654367yOWXmB",
			"_tpl": "59e0d99486f7744a32234762",
			"parentId": "I59618244224221840hs0mCs",
			"slotId": "main",
			"upd": {
				"StackObjectsCount": 60
			}
		},
		{
			"_id": "I59618243495403509EHIwSg",
			"_tpl": "59e4d24686f7741776641ac7",
			"parentId": "I59618244224221840hs0mCs",
			"slotId": "main",
			"upd": {
				"StackObjectsCount": 60
			}
		},
		{
			"_id": "I59618241063126124gVfaYc",
			"_tpl": "59e4d3d286f774176a36250a",
			"parentId": "I59618244224221840hs0mCs",
			"slotId": "main",
			"upd": {
				"StackObjectsCount": 60
			}
		},
		{
			"_id": "I596182478066777632sxcNd",
			"_tpl": "59e4d3d286f774176a36250a",
			"parentId": "I59618244224221840hs0mCs",
			"slotId": "main",
			"upd": {
				"StackObjectsCount": 60
			}
		},
		{
			"_id": "I59618242575252160QsCitL",
			"_tpl": "59e4d3d286f774176a36250a",
			"parentId": "I59618244224221840hs0mCs",
			"slotId": "main",
			"upd": {
				"StackObjectsCount": 60
			}
		},
		{
			"_id": "I59618246297118077vo9uhq",
			"_tpl": "5e21a3c67e40bd02257a008a",
			"parentId": "I59618242242081036qa1rmS",
			"slotId": "2",
			"location": {
				"x": 0,
				"y": 0,
				"r": "Horizontal"
			}
		},
		{
			"_id": "I596182468785412918ZEeXv",
			"_tpl": "5656d7c34bdc2d9d198b4587",
			"parentId": "I59618246297118077vo9uhq",
			"slotId": "cartridges",
			"upd": {
				"StackObjectsCount": 30
			}
		},
		{
			"_id": "I59618247801003444D5YKV8",
			"_tpl": "5e21a3c67e40bd02257a008a",
			"parentId": "I59618242242081036qa1rmS",
			"slotId": "1",
			"location": {
				"x": 0,
				"y": 0,
				"r": "Horizontal"
			}
		},
		{
			"_id": "I59618247316499350RaL6ex",
			"_tpl": "59e4d24686f7741776641ac7",
			"parentId": "I59618247801003444D5YKV8",
			"slotId": "cartridges",
			"upd": {
				"StackObjectsCount": 30
			}
		},
		{
			"_id": "I59618243796324002IAfmph",
			"_tpl": "5e21a3c67e40bd02257a008a",
			"parentId": "I59618242242081036qa1rmS",
			"slotId": "1",
			"location": {
				"x": 1,
				"y": 0,
				"r": "Horizontal"
			}
		},
		{
			"_id": "I596182437945661367wij9W",
			"_tpl": "59e4d24686f7741776641ac7",
			"parentId": "I59618243796324002IAfmph",
			"slotId": "cartridges",
			"upd": {
				"StackObjectsCount": 30
			}
		},
		{
			"_id": "I59618241152212732j8PZ27",
			"_tpl": "57e26ea924597715ca604a09",
			"parentId": "5c6687d65e9d882c8841f0fd",
			"slotId": "Scabbard"
		},
		{
			"_id": "I59618244954231301X3hKL9",
			"_tpl": "5bd0716d86f774171822ef4b",
			"parentId": "5c6687d65e9d882c8841f0fd",
			"slotId": "FaceCover"
		},
		{
			"_id": "I596182488419438344c5gDQ",
			"_tpl": "5ab8ee7786f7742d8f33f0b9",
			"parentId": "5c6687d65e9d882c8841f0fd",
			"slotId": "Backpack"
		},
		{
			"_id": "I59618249201047961rgjAUw",
			"_tpl": "59e7635f86f7742cbf2c1095",
			"parentId": "5c6687d65e9d882c8841f0fd",
			"slotId": "ArmorVest",
			"upd": {
				"Repairable": {
					"MaxDurability": 40,
					"Durability": 7
				}
			}
		}
	],
	"equipment": "5c6687d65e9d882c8841f0fd",
	"stash": "5c6687d65e9d882c8841f0fc",
	"questRaidItems": "5c6687d65e9d882c8841f0fe",
	"questStashItems": "5c6687d65e9d882c8841f0ff",
	"fastPanel": {}
}