{
	"items": [
		{
			"_id": "5c6687d65e9d882c8841f0fd",
			"_tpl": "55d7217a4bdc2d86028b456d"
		},
		{
			"_id": "5c6687d65e9d882c8841f121",
			"_tpl": "557ffd194bdc2d28148b457f",
			"parentId": "5c6687d65e9d882c8841f0fd",
			"slotId": "Pockets"
		},
		{
			"_id": "5c6687d65e9d882c8841f0fc",
			"_tpl": "566abbc34bdc2d92178b4576"
		},
		{
			"_id": "5c6687d65e9d882c8841f0ff",
			"_tpl": "5963866b86f7747bfa1c4462"
		},
		{
			"_id": "5c6687d65e9d882c8841f0fe",
			"_tpl": "5963866286f7747bf429b572"
		},
		{
			"_id": "I59618241848803465WBI7L8",
			"_tpl": "544a5caa4bdc2d1a388b4568",
			"parentId": "5c6687d65e9d882c8841f0fd",
			"slotId": "TacticalVest"
		},
		{
			"_id": "I210013408127790895aIQlX",
			"_tpl": "5bfea6e90db834001b7347f3",
			"parentId": "5c6687d65e9d882c8841f0fd",
			"slotId": "FirstPrimaryWeapon",
			"upd": {
				"Repairable": {
					"MaxDurability": 100,
					"Durability": 100
				}
			}
		},
		{
			"_id": "I596182494782196776N1i3N",
			"_tpl": "5d25a7b88abbc3054f3e60bc",
			"parentId": "I210013408127790895aIQlX",
			"slotId": "mod_magazine"
		},
		{
			"_id": "I596182476318319926FUDBc",
			"_tpl": "5e023e88277cce2b522ff2b1",
			"parentId": "I596182494782196776N1i3N",
			"slotId": "cartridges",
			"upd": {
				"StackObjectsCount": 10
			}
		},
		{
			"_id": "I210013402784102846OF3LC",
			"_tpl": "5bfeb32b0db834001a6694d9",
			"parentId": "I210013408127790895aIQlX",
			"slotId": "mod_stock"
		},
		{
			"_id": "I210013407544258067pRHdV",
			"_tpl": "5bfebc320db8340019668d79",
			"parentId": "I210013408127790895aIQlX",
			"slotId": "mod_barrel"
		},
		{
			"_id": "I5961824706815800734Ttro",
			"_tpl": "5857a8bc2459772bad15db29",
			"parentId": "5c6687d65e9d882c8841f0fd",
			"slotId": "SecuredContainer"
		},
		{
			"_id": "I59618242081527007zehJnU",
			"_tpl": "5e023e53d4353e3302577c4c",
			"parentId": "I5961824706815800734Ttro",
			"slotId": "main",
			"upd": {
				"StackObjectsCount": 60
			}
		},
		{
			"_id": "I59618242379957449farP0t",
			"_tpl": "5e023e88277cce2b522ff2b1",
			"parentId": "I5961824706815800734Ttro",
			"slotId": "main",
			"upd": {
				"StackObjectsCount": 60
			}
		},
		{
			"_id": "I59618242427656956ry0lXK",
			"_tpl": "5a608bf24f39f98ffc77720e",
			"parentId": "I5961824706815800734Ttro",
			"slotId": "main",
			"upd": {
				"StackObjectsCount": 60
			}
		},
		{
			"_id": "I59618241403546429Xx7pbW",
			"_tpl": "5e023e6e34d52a55c3304f71",
			"parentId": "I5961824706815800734Ttro",
			"slotId": "main",
			"upd": {
				"StackObjectsCount": 60
			}
		},
		{
			"_id": "I59618245972775204HhlBSR",
			"_tpl": "5e023e6e34d52a55c3304f71",
			"parentId": "I5961824706815800734Ttro",
			"slotId": "main",
			"upd": {
				"StackObjectsCount": 60
			}
		},
		{
			"_id": "I59618248077716271nlsPLf",
			"_tpl": "5a608bf24f39f98ffc77720e",
			"parentId": "I5961824706815800734Ttro",
			"slotId": "main",
			"upd": {
				"StackObjectsCount": 60
			}
		},
		{
			"_id": "I59618243289808463j0UX7e",
			"_tpl": "5e023e88277cce2b522ff2b1",
			"parentId": "I5961824706815800734Ttro",
			"slotId": "main",
			"upd": {
				"StackObjectsCount": 60
			}
		},
		{
			"_id": "I59618244883772439grkbYe",
			"_tpl": "58dd3ad986f77403051cba8f",
			"parentId": "I5961824706815800734Ttro",
			"slotId": "main",
			"upd": {
				"StackObjectsCount": 60
			}
		},
		{
			"_id": "I59618247378958242QkFSXk",
			"_tpl": "5e023e6e34d52a55c3304f71",
			"parentId": "I5961824706815800734Ttro",
			"slotId": "main",
			"upd": {
				"StackObjectsCount": 60
			}
		},
		{
			"_id": "I59618241135461095LFpqpr",
			"_tpl": "5cf12a15d7f00c05464b293f",
			"parentId": "I59618241848803465WBI7L8",
			"slotId": "1",
			"location": {
				"x": 0,
				"y": 0,
				"r": "Horizontal"
			}
		},
		{
			"_id": "I59618247256940980VjqaDl",
			"_tpl": "5a6086ea4f39f99cd479502f",
			"parentId": "I59618241135461095LFpqpr",
			"slotId": "cartridges",
			"upd": {
				"StackObjectsCount": 20
			}
		},
		{
			"_id": "I59618243987000696XYkl9o",
			"_tpl": "5cf12a15d7f00c05464b293f",
			"parentId": "I59618241848803465WBI7L8",
			"slotId": "3",
			"location": {
				"x": 0,
				"y": 0,
				"r": "Horizontal"
			}
		},
		{
			"_id": "I59618248000086567gFE4hh",
			"_tpl": "5a6086ea4f39f99cd479502f",
			"parentId": "I59618243987000696XYkl9o",
			"slotId": "cartridges",
			"upd": {
				"StackObjectsCount": 20
			}
		},
		{
			"_id": "I59618245506666468TbTxVr",
			"_tpl": "544fb25a4bdc2dfb738b4567",
			"parentId": "I59618241848803465WBI7L8",
			"slotId": "11"
		},
		{
			"_id": "I59618248384296310m285Hb",
			"_tpl": "5cf12a15d7f00c05464b293f",
			"parentId": "I59618241848803465WBI7L8",
			"slotId": "5",
			"location": {
				"x": 0,
				"y": 0,
				"r": "Horizontal"
			}
		},
		{
			"_id": "I59618245602510742EktKad",
			"_tpl": "5a608bf24f39f98ffc77720e",
			"parentId": "I59618248384296310m285Hb",
			"slotId": "cartridges",
			"upd": {
				"StackObjectsCount": 20
			}
		},
		{
			"_id": "I59618245415796036esHtsu",
			"_tpl": "5cf12a15d7f00c05464b293f",
			"parentId": "I59618241848803465WBI7L8",
			"slotId": "5",
			"location": {
				"x": 1,
				"y": 0,
				"r": "Horizontal"
			}
		},
		{
			"_id": "I59618245530294987dtyr3v",
			"_tpl": "5a6086ea4f39f99cd479502f",
			"parentId": "I59618245415796036esHtsu",
			"slotId": "cartridges",
			"upd": {
				"StackObjectsCount": 20
			}
		},
		{
			"_id": "I59618248610201648lO7rTS",
			"_tpl": "5a608bf24f39f98ffc77720e",
			"parentId": "I59618241848803465WBI7L8",
			"slotId": "7",
			"upd": {
				"StackObjectsCount": 26
			}
		},
		{
			"_id": "I59618248126468447dNDyzJ",
			"_tpl": "5e32f56fcb6d5863cc5e5ee4",
			"parentId": "I59618241848803465WBI7L8",
			"slotId": "12"
		},
		{
			"_id": "I59618244952809126nt1Omf",
			"_tpl": "5bffdc370db834001d23eca8",
			"parentId": "5c6687d65e9d882c8841f0fd",
			"slotId": "Scabbard"
		},
		{
			"_id": "I59618246518872737AhyArI",
			"_tpl": "5aa2b87de5b5b00016327c25",
			"parentId": "5c6687d65e9d882c8841f0fd",
			"slotId": "Headwear"
		},
		{
			"_id": "I59618245614729983ksnblu",
			"_tpl": "5d6d2ef3a4b93618084f58bd",
			"parentId": "5c6687d65e9d882c8841f0fd",
			"slotId": "Eyewear"
		},
		{
			"_id": "I59618242542960665K6c5yD",
			"_tpl": "5c0e5edb86f77461f55ed1f7",
			"parentId": "5c6687d65e9d882c8841f0fd",
			"slotId": "ArmorVest",
			"upd": {
				"Repairable": {
					"MaxDurability": 50,
					"Durability": 46
				}
			}
		},
		{
			"_id": "I59618246407798044a6pHRq",
			"_tpl": "5913611c86f77479e0084092",
			"parentId": "5c6687d65e9d882c8841f121",
			"slotId": "pocket1",
			"location": {
				"x": 0,
				"y": 0,
				"r": "Horizontal"
			},
			"upd": {
				"SpawnedInSession": true
			}
		},
		{
			"_id": "I59618244347690931SrRwFp",
			"_tpl": "5bc9c29cd4351e003562b8a3",
			"parentId": "5c6687d65e9d882c8841f121",
			"slotId": "pocket2",
			"location": {
				"x": 0,
				"y": 0,
				"r": "Horizontal"
			},
			"upd": {
				"SpawnedInSession": true
			}
		}
	],
	"equipment": "5c6687d65e9d882c8841f0fd",
	"stash": "5c6687d65e9d882c8841f0fc",
	"questRaidItems": "5c6687d65e9d882c8841f0fe",
	"questStashItems": "5c6687d65e9d882c8841f0ff",
	"fastPanel": {}
}