{
	"items": [
		{
			"_id": "5c6687d65e9d882c8841f0fd",
			"_tpl": "55d7217a4bdc2d86028b456d"
		},
		{
			"_id": "5c6687d65e9d882c8841f121",
			"_tpl": "557ffd194bdc2d28148b457f",
			"parentId": "5c6687d65e9d882c8841f0fd",
			"slotId": "Pockets"
		},
		{
			"_id": "5c6687d65e9d882c8841f0fc",
			"_tpl": "566abbc34bdc2d92178b4576"
		},
		{
			"_id": "5c6687d65e9d882c8841f0ff",
			"_tpl": "5963866b86f7747bfa1c4462"
		},
		{
			"_id": "5c6687d65e9d882c8841f0fe",
			"_tpl": "5963866286f7747bf429b572"
		},
		{
			"_id": "I59618246630039093tAcpid",
			"_tpl": "5e4abfed86f77406a2713cf7",
			"parentId": "5c6687d65e9d882c8841f0fd",
			"slotId": "TacticalVest"
		},
		{
			"_id": "I331017482780841435AhGt6",
			"_tpl": "5ab8e9fcd8ce870019439434",
			"parentId": "5c6687d65e9d882c8841f0fd",
			"slotId": "FirstPrimaryWeapon",
			"upd": {
				"Repairable": {
					"MaxDurability": 100,
					"Durability": 100
				}
			}
		},
		{
			"_id": "I3310174856292415005HYwu",
			"_tpl": "59c6633186f7740cf0493bb9",
			"parentId": "I331017482780841435AhGt6",
			"slotId": "mod_gas_block"
		},
		{
			"_id": "I331017485185961610JvntI",
			"_tpl": "5649aa744bdc2ded0b8b457e",
			"parentId": "I331017482780841435AhGt6",
			"slotId": "mod_muzzle"
		},
		{
			"_id": "I3310174882290139167WR2R",
			"_tpl": "57e3dba62459770f0c32322b",
			"parentId": "I331017482780841435AhGt6",
			"slotId": "mod_pistol_grip"
		},
		{
			"_id": "I331017482580523344idHJD",
			"_tpl": "5649b0544bdc2d1b2b8b458a",
			"parentId": "I331017482780841435AhGt6",
			"slotId": "mod_sight_rear",
			"upd": {
				"Sight": {
					"SelectedSightMode": 0
				}
			}
		},
		{
			"_id": "I331017484401527346Lw7Hl",
			"_tpl": "5ab626e4d8ce87272e4c6e43",
			"parentId": "I331017482780841435AhGt6",
			"slotId": "mod_stock"
		},
		{
			"_id": "I59618248502389876QijgGA",
			"_tpl": "55d4837c4bdc2d1d4e8b456c",
			"parentId": "I331017482780841435AhGt6",
			"slotId": "mod_magazine"
		},
		{
			"_id": "I596182496920844732hQPKJ",
			"_tpl": "56dff0bed2720bb0668b4567",
			"parentId": "I59618248502389876QijgGA",
			"slotId": "cartridges",
			"upd": {
				"StackObjectsCount": 10
			}
		},
		{
			"_id": "I331017485538352065oHxLJ",
			"_tpl": "5648b0744bdc2d363b8b4578",
			"parentId": "I3310174856292415005HYwu",
			"slotId": "mod_handguard"
		},
		{
			"_id": "I59618243605816500rHMvGT",
			"_tpl": "5857a8bc2459772bad15db29",
			"parentId": "5c6687d65e9d882c8841f0fd",
			"slotId": "SecuredContainer"
		},
		{
			"_id": "I59618247760455032gr7JCi",
			"_tpl": "56dff061d2720bb5668b4567",
			"parentId": "I59618243605816500rHMvGT",
			"slotId": "main",
			"upd": {
				"StackObjectsCount": 60
			}
		},
		{
			"_id": "I5961824308007155086NKZ5",
			"_tpl": "56dff338d2720bbd668b4569",
			"parentId": "I59618243605816500rHMvGT",
			"slotId": "main",
			"upd": {
				"StackObjectsCount": 60
			}
		},
		{
			"_id": "I59618244335338130bHpbL6",
			"_tpl": "56dff421d2720b5f5a8b4567",
			"parentId": "I59618243605816500rHMvGT",
			"slotId": "main",
			"upd": {
				"StackObjectsCount": 60
			}
		},
		{
			"_id": "I59618242266256541ny86tX",
			"_tpl": "56dff216d2720bbd668b4568",
			"parentId": "I59618243605816500rHMvGT",
			"slotId": "main",
			"upd": {
				"StackObjectsCount": 60
			}
		},
		{
			"_id": "I59618242388355789FNQJlM",
			"_tpl": "56dfef82d2720bbd668b4567",
			"parentId": "I59618243605816500rHMvGT",
			"slotId": "main",
			"upd": {
				"StackObjectsCount": 60
			}
		},
		{
			"_id": "I59618244559364111vsqeBC",
			"_tpl": "56dff338d2720bbd668b4569",
			"parentId": "I59618243605816500rHMvGT",
			"slotId": "main",
			"upd": {
				"StackObjectsCount": 60
			}
		},
		{
			"_id": "I59618241023282360JlnKoX",
			"_tpl": "56dff3afd2720bba668b4567",
			"parentId": "I59618243605816500rHMvGT",
			"slotId": "main",
			"upd": {
				"StackObjectsCount": 60
			}
		},
		{
			"_id": "I59618243766289816tHSZu9",
			"_tpl": "56dff421d2720b5f5a8b4567",
			"parentId": "I59618243605816500rHMvGT",
			"slotId": "main",
			"upd": {
				"StackObjectsCount": 60
			}
		},
		{
			"_id": "I59618241596885499cVNl0A",
			"_tpl": "56dff216d2720bbd668b4568",
			"parentId": "I59618243605816500rHMvGT",
			"slotId": "main",
			"upd": {
				"StackObjectsCount": 60
			}
		},
		{
			"_id": "I59618249626192673XBQPt8",
			"_tpl": "55d4837c4bdc2d1d4e8b456c",
			"parentId": "I59618246630039093tAcpid",
			"slotId": "1",
			"location": {
				"x": 0,
				"y": 0,
				"r": "Horizontal"
			}
		},
		{
			"_id": "I59618242647402502AMg5sv",
			"_tpl": "56dff421d2720b5f5a8b4567",
			"parentId": "I59618249626192673XBQPt8",
			"slotId": "cartridges",
			"upd": {
				"StackObjectsCount": 10
			}
		},
		{
			"_id": "I59618249632984420uQki0V",
			"_tpl": "55d4837c4bdc2d1d4e8b456c",
			"parentId": "I59618246630039093tAcpid",
			"slotId": "1",
			"location": {
				"x": 0,
				"y": 1,
				"r": "Horizontal"
			}
		},
		{
			"_id": "I596182427692995886M8QlQ",
			"_tpl": "56dff4ecd2720b5f5a8b4568",
			"parentId": "I59618249632984420uQki0V",
			"slotId": "cartridges",
			"upd": {
				"StackObjectsCount": 10
			}
		},
		{
			"_id": "I59618247852273886CsXvkX",
			"_tpl": "55d4837c4bdc2d1d4e8b456c",
			"parentId": "I59618246630039093tAcpid",
			"slotId": "3",
			"location": {
				"x": 0,
				"y": 1,
				"r": "Horizontal"
			}
		},
		{
			"_id": "I59618247192194167FtkBxc",
			"_tpl": "56dff3afd2720bba668b4567",
			"parentId": "I59618247852273886CsXvkX",
			"slotId": "cartridges",
			"upd": {
				"StackObjectsCount": 10
			}
		},
		{
			"_id": "I59618243800871052ouc6eP",
			"_tpl": "56dfef82d2720bbd668b4567",
			"parentId": "I59618246630039093tAcpid",
			"slotId": "5",
			"upd": {
				"StackObjectsCount": 15
			}
		},
		{
			"_id": "I59618246406529684m3gCJW",
			"_tpl": "56dff3afd2720bba668b4567",
			"parentId": "I59618246630039093tAcpid",
			"slotId": "8",
			"upd": {
				"StackObjectsCount": 22
			}
		},
		{
			"_id": "I59618247882929738wUPN6o",
			"_tpl": "5e32f56fcb6d5863cc5e5ee4",
			"parentId": "I59618246630039093tAcpid",
			"slotId": "10"
		},
		{
			"_id": "I59618245735829245JPaQnQ",
			"_tpl": "57e26fc7245977162a14b800",
			"parentId": "5c6687d65e9d882c8841f0fd",
			"slotId": "Scabbard"
		},
		{
			"_id": "I596182479633592773Az1N8",
			"_tpl": "5b4329075acfc400153b78ff",
			"parentId": "5c6687d65e9d882c8841f0fd",
			"slotId": "Headwear"
		},
		{
			"_id": "I59618249376511329ADPwYZ",
			"_tpl": "56e33680d2720be2748b4576",
			"parentId": "5c6687d65e9d882c8841f0fd",
			"slotId": "Backpack"
		},
		{
			"_id": "I59618242086114735tHH960",
			"_tpl": "5780cf9e2459777df90dcb73",
			"parentId": "I59618249376511329ADPwYZ",
			"slotId": "main",
			"location": {
				"x": 0,
				"y": 0,
				"r": "Horizontal"
			}
		},
		{
			"_id": "I59618247902580463k1dYx4",
			"_tpl": "5751a25924597722c463c472",
			"parentId": "5c6687d65e9d882c8841f121",
			"slotId": "pocket1",
			"location": {
				"x": 0,
				"y": 0,
				"r": "Horizontal"
			},
			"upd": {
				"SpawnedInSession": true
			}
		},
		{
			"_id": "I59618248621991084B5IGDS",
			"_tpl": "57347baf24597738002c6178",
			"parentId": "5c6687d65e9d882c8841f121",
			"slotId": "pocket2",
			"location": {
				"x": 0,
				"y": 0,
				"r": "Horizontal"
			},
			"upd": {
				"SpawnedInSession": true
			}
		}
	],
	"equipment": "5c6687d65e9d882c8841f0fd",
	"stash": "5c6687d65e9d882c8841f0fc",
	"questRaidItems": "5c6687d65e9d882c8841f0fe",
	"questStashItems": "5c6687d65e9d882c8841f0ff",
	"fastPanel": {}
}