{
	"items": [
		{
			"_id": "5c6687d65e9d882c8841f0fd",
			"_tpl": "55d7217a4bdc2d86028b456d"
		},
		{
			"_id": "5c6687d65e9d882c8841f121",
			"_tpl": "557ffd194bdc2d28148b457f",
			"parentId": "5c6687d65e9d882c8841f0fd",
			"slotId": "Pockets"
		},
		{
			"_id": "5c6687d65e9d882c8841f0fc",
			"_tpl": "566abbc34bdc2d92178b4576"
		},
		{
			"_id": "5c6687d65e9d882c8841f0ff",
			"_tpl": "5963866b86f7747bfa1c4462"
		},
		{
			"_id": "5c6687d65e9d882c8841f0fe",
			"_tpl": "5963866286f7747bf429b572"
		},
		{
			"_id": "I59618249538891959NgqIYd",
			"_tpl": "5648a69d4bdc2ded0b8b457b",
			"parentId": "5c6687d65e9d882c8841f0fd",
			"slotId": "TacticalVest"
		},
		{
			"_id": "I331028164908487420LFKAv",
			"_tpl": "5a0ec13bfcdbcb00165aa685",
			"parentId": "5c6687d65e9d882c8841f0fd",
			"slotId": "FirstPrimaryWeapon",
			"upd": {
				"Repairable": {
					"MaxDurability": 100,
					"Durability": 100
				}
			}
		},
		{
			"_id": "I331028164884862905a5jJA",
			"_tpl": "59d64ec286f774171d1e0a42",
			"parentId": "I331028164908487420LFKAv",
			"slotId": "mod_gas_block"
		},
		{
			"_id": "I331028164998499182YU3BW",
			"_tpl": "59d64fc686f774171b243fe2",
			"parentId": "I331028164908487420LFKAv",
			"slotId": "mod_muzzle"
		},
		{
			"_id": "I331028166560667505C4Ona",
			"_tpl": "59e62cc886f77440d40b52a1",
			"parentId": "I331028164908487420LFKAv",
			"slotId": "mod_pistol_grip"
		},
		{
			"_id": "I331028169921985473EB8rc",
			"_tpl": "59d6507c86f7741b846413a2",
			"parentId": "I331028164908487420LFKAv",
			"slotId": "mod_reciever"
		},
		{
			"_id": "I3310281615848372587Zw3o",
			"_tpl": "59d650cf86f7741b846413a4",
			"parentId": "I331028164908487420LFKAv",
			"slotId": "mod_sight_rear",
			"upd": {
				"Sight": {
					"SelectedSightMode": 0
				}
			}
		},
		{
			"_id": "I59618247437389548Lce59t",
			"_tpl": "59d6272486f77466146386ff",
			"parentId": "I331028164908487420LFKAv",
			"slotId": "mod_magazine"
		},
		{
			"_id": "I59618243725511708X4puN1",
			"_tpl": "5656d7c34bdc2d9d198b4587",
			"parentId": "I59618247437389548Lce59t",
			"slotId": "cartridges",
			"upd": {
				"StackObjectsCount": 30
			}
		},
		{
			"_id": "I331028168243301953DwXlM",
			"_tpl": "59d64f2f86f77417193ef8b3",
			"parentId": "I331028164884862905a5jJA",
			"slotId": "mod_handguard"
		},
		{
			"_id": "I59618242125313785O0ziWt",
			"_tpl": "5857a8bc2459772bad15db29",
			"parentId": "5c6687d65e9d882c8841f0fd",
			"slotId": "SecuredContainer"
		},
		{
			"_id": "I5961824234116899231LPE8",
			"_tpl": "5656d7c34bdc2d9d198b4587",
			"parentId": "I59618242125313785O0ziWt",
			"slotId": "main",
			"upd": {
				"StackObjectsCount": 60
			}
		},
		{
			"_id": "I59618245596453920MxgP2l",
			"_tpl": "59e4d24686f7741776641ac7",
			"parentId": "I59618242125313785O0ziWt",
			"slotId": "main",
			"upd": {
				"StackObjectsCount": 60
			}
		},
		{
			"_id": "I59618241731131262QBuDzA",
			"_tpl": "59e4d3d286f774176a36250a",
			"parentId": "I59618242125313785O0ziWt",
			"slotId": "main",
			"upd": {
				"StackObjectsCount": 60
			}
		},
		{
			"_id": "I596182497815369141PLWhk",
			"_tpl": "59e4d3d286f774176a36250a",
			"parentId": "I59618242125313785O0ziWt",
			"slotId": "main",
			"upd": {
				"StackObjectsCount": 60
			}
		},
		{
			"_id": "I59618249589141637bNScqr",
			"_tpl": "59e0d99486f7744a32234762",
			"parentId": "I59618242125313785O0ziWt",
			"slotId": "main",
			"upd": {
				"StackObjectsCount": 60
			}
		},
		{
			"_id": "I596182467908847651fQLTy",
			"_tpl": "59e4d24686f7741776641ac7",
			"parentId": "I59618242125313785O0ziWt",
			"slotId": "main",
			"upd": {
				"StackObjectsCount": 60
			}
		},
		{
			"_id": "I59618246579915695weSNum",
			"_tpl": "59e0d99486f7744a32234762",
			"parentId": "I59618242125313785O0ziWt",
			"slotId": "main",
			"upd": {
				"StackObjectsCount": 60
			}
		},
		{
			"_id": "I59618245096487859W3PjjQ",
			"_tpl": "5656d7c34bdc2d9d198b4587",
			"parentId": "I59618242125313785O0ziWt",
			"slotId": "main",
			"upd": {
				"StackObjectsCount": 60
			}
		},
		{
			"_id": "I59618248153979482K8GEtU",
			"_tpl": "59e4cf5286f7741778269d8a",
			"parentId": "I59618242125313785O0ziWt",
			"slotId": "main",
			"upd": {
				"StackObjectsCount": 60
			}
		},
		{
			"_id": "I59618243596446506bYG5J6",
			"_tpl": "59fafc5086f7740dbe19f6c3",
			"parentId": "I59618249538891959NgqIYd",
			"slotId": "1",
			"location": {
				"x": 0,
				"y": 0,
				"r": "Horizontal"
			}
		},
		{
			"_id": "I596182458569036545uYktp",
			"_tpl": "5656d7c34bdc2d9d198b4587",
			"parentId": "I59618243596446506bYG5J6",
			"slotId": "cartridges",
			"upd": {
				"StackObjectsCount": 30
			}
		},
		{
			"_id": "I59618242184002202DKk0Uw",
			"_tpl": "59fafc5086f7740dbe19f6c3",
			"parentId": "I59618249538891959NgqIYd",
			"slotId": "3",
			"location": {
				"x": 0,
				"y": 0,
				"r": "Horizontal"
			}
		},
		{
			"_id": "I59618244784910168UY8BxO",
			"_tpl": "59e4cf5286f7741778269d8a",
			"parentId": "I59618242184002202DKk0Uw",
			"slotId": "cartridges",
			"upd": {
				"StackObjectsCount": 30
			}
		},
		{
			"_id": "I596182435081253279SgclM",
			"_tpl": "59fafc5086f7740dbe19f6c3",
			"parentId": "I59618249538891959NgqIYd",
			"slotId": "10",
			"location": {
				"x": 0,
				"y": 0,
				"r": "Horizontal"
			}
		},
		{
			"_id": "I59618245796545169oZi5XZ",
			"_tpl": "59e4d24686f7741776641ac7",
			"parentId": "I596182435081253279SgclM",
			"slotId": "cartridges",
			"upd": {
				"StackObjectsCount": 30
			}
		},
		{
			"_id": "I59618241170868398feeWGt",
			"_tpl": "59fafc5086f7740dbe19f6c3",
			"parentId": "I59618249538891959NgqIYd",
			"slotId": "5",
			"location": {
				"x": 0,
				"y": 0,
				"r": "Horizontal"
			}
		},
		{
			"_id": "I59618242513380159TotlH3",
			"_tpl": "59e4d3d286f774176a36250a",
			"parentId": "I59618241170868398feeWGt",
			"slotId": "cartridges",
			"upd": {
				"StackObjectsCount": 30
			}
		},
		{
			"_id": "I59618247043851178sVKACR",
			"_tpl": "544fb25a4bdc2dfb738b4567",
			"parentId": "I59618249538891959NgqIYd",
			"slotId": "5"
		},
		{
			"_id": "I59618243092682750OvNTfI",
			"_tpl": "58d3db5386f77426186285a0",
			"parentId": "I59618249538891959NgqIYd",
			"slotId": "6"
		},
		{
			"_id": "I59618247719737221pjhzYX",
			"_tpl": "59e4d24686f7741776641ac7",
			"parentId": "I59618249538891959NgqIYd",
			"slotId": "7",
			"upd": {
				"StackObjectsCount": 30
			}
		},
		{
			"_id": "I59618247020503367cQZbhn",
			"_tpl": "5bffdc370db834001d23eca8",
			"parentId": "5c6687d65e9d882c8841f0fd",
			"slotId": "Scabbard"
		},
		{
			"_id": "I59618242501827447ULN18J",
			"_tpl": "5c1a1cc52e221602b3136e3d",
			"parentId": "5c6687d65e9d882c8841f0fd",
			"slotId": "Eyewear"
		},
		{
			"_id": "I59618246861302821d6Cl7y",
			"_tpl": "544a5cde4bdc2d39388b456b",
			"parentId": "5c6687d65e9d882c8841f0fd",
			"slotId": "Backpack"
		},
		{
			"_id": "I59618248894686578otvnHA",
			"_tpl": "57514643245977207f2c2d09",
			"parentId": "I59618246861302821d6Cl7y",
			"slotId": "main",
			"location": {
				"x": 0,
				"y": 0,
				"r": "Horizontal"
			}
		},
		{
			"_id": "I59618244690731664WAFK6T",
			"_tpl": "544fb3364bdc2d34748b456a",
			"parentId": "I59618246861302821d6Cl7y",
			"slotId": "main",
			"location": {
				"x": 0,
				"y": 1,
				"r": "Horizontal"
			}
		},
		{
			"_id": "I5961824451273854672VQwX",
			"_tpl": "5780d07a2459777de4559324",
			"parentId": "I59618246861302821d6Cl7y",
			"slotId": "main",
			"location": {
				"x": 0,
				"y": 2,
				"r": "Horizontal"
			}
		},
		{
			"_id": "I59618246529922337kQNEBg",
			"_tpl": "544fb37f4bdc2dee738b4567",
			"parentId": "I59618246861302821d6Cl7y",
			"slotId": "main",
			"location": {
				"x": 0,
				"y": 3,
				"r": "Horizontal"
			}
		}
	],
	"equipment": "5c6687d65e9d882c8841f0fd",
	"stash": "5c6687d65e9d882c8841f0fc",
	"questRaidItems": "5c6687d65e9d882c8841f0fe",
	"questStashItems": "5c6687d65e9d882c8841f0ff",
	"fastPanel": {}
}