{
	"items": [
		{
			"_id": "5c6687d65e9d882c8841f0fd",
			"_tpl": "55d7217a4bdc2d86028b456d"
		},
		{
			"_id": "5c6687d65e9d882c8841f121",
			"_tpl": "557ffd194bdc2d28148b457f",
			"parentId": "5c6687d65e9d882c8841f0fd",
			"slotId": "Pockets"
		},
		{
			"_id": "5c6687d65e9d882c8841f0fc",
			"_tpl": "566abbc34bdc2d92178b4576"
		},
		{
			"_id": "5c6687d65e9d882c8841f0ff",
			"_tpl": "5963866b86f7747bfa1c4462"
		},
		{
			"_id": "5c6687d65e9d882c8841f0fe",
			"_tpl": "5963866286f7747bf429b572"
		},
		{
			"_id": "I59618249869925391lrsn4I",
			"_tpl": "5ca20abf86f77418567a43f2",
			"parentId": "5c6687d65e9d882c8841f0fd",
			"slotId": "TacticalVest"
		},
		{
			"_id": "I331037163568947561Z5pKB",
			"_tpl": "576165642459773c7a400233",
			"parentId": "5c6687d65e9d882c8841f0fd",
			"slotId": "FirstPrimaryWeapon",
			"upd": {
				"Repairable": {
					"MaxDurability": 100,
					"Durability": 100
				}
			}
		},
		{
			"_id": "I331037162091689334L8G55",
			"_tpl": "576169e62459773c69055191",
			"parentId": "I331037163568947561Z5pKB",
			"slotId": "mod_handguard"
		},
		{
			"_id": "I331037165052224995liavV",
			"_tpl": "576167ab2459773cad038c43",
			"parentId": "I331037163568947561Z5pKB",
			"slotId": "mod_muzzle"
		},
		{
			"_id": "I331037164580977493gNxor",
			"_tpl": "5649ade84bdc2d1b2b8b4587",
			"parentId": "I331037163568947561Z5pKB",
			"slotId": "mod_pistol_grip"
		},
		{
			"_id": "I331037167619856716yRLcU",
			"_tpl": "57616c112459773cce774d66",
			"parentId": "I331037163568947561Z5pKB",
			"slotId": "mod_reciever"
		},
		{
			"_id": "I331037163584289525Fno7G",
			"_tpl": "57a9b9ce2459770ee926038d",
			"parentId": "I331037163568947561Z5pKB",
			"slotId": "mod_sight_rear",
			"upd": {
				"Sight": {
					"SelectedSightMode": 0
				}
			}
		},
		{
			"_id": "I59618241044902512AijGSE",
			"_tpl": "57616a9e2459773c7a400234",
			"parentId": "I331037163568947561Z5pKB",
			"slotId": "mod_magazine"
		},
		{
			"_id": "I59618245042580557cAbuGy",
			"_tpl": "5d6fbf68a4b9362233221f6b",
			"parentId": "I59618241044902512AijGSE",
			"slotId": "cartridges",
			"upd": {
				"StackObjectsCount": 5
			}
		},
		{
			"_id": "I59618242251429615EMrIg4",
			"_tpl": "5857a8bc2459772bad15db29",
			"parentId": "5c6687d65e9d882c8841f0fd",
			"slotId": "SecuredContainer"
		},
		{
			"_id": "I59618249452798598AzYssq",
			"_tpl": "5d6e68dea4b9361bcc29e659",
			"parentId": "I59618242251429615EMrIg4",
			"slotId": "main",
			"upd": {
				"StackObjectsCount": 60
			}
		},
		{
			"_id": "I59618248369908583gLAgi4",
			"_tpl": "5d6e68b3a4b9361bca7e50b5",
			"parentId": "I59618242251429615EMrIg4",
			"slotId": "main",
			"upd": {
				"StackObjectsCount": 60
			}
		},
		{
			"_id": "I59618248492974614eezMLK",
			"_tpl": "5d6e6869a4b9361c140bcfde",
			"parentId": "I59618242251429615EMrIg4",
			"slotId": "main",
			"upd": {
				"StackObjectsCount": 60
			}
		},
		{
			"_id": "I59618247519047479PWMgY3",
			"_tpl": "5d6e67fba4b9361bc73bc779",
			"parentId": "I59618242251429615EMrIg4",
			"slotId": "main",
			"upd": {
				"StackObjectsCount": 60
			}
		},
		{
			"_id": "I59618247583805383Rk8Nas",
			"_tpl": "5d6e67fba4b9361bc73bc779",
			"parentId": "I59618242251429615EMrIg4",
			"slotId": "main",
			"upd": {
				"StackObjectsCount": 60
			}
		},
		{
			"_id": "I59618241834103985xzfVsL",
			"_tpl": "5d6e689ca4b9361bc8618956",
			"parentId": "I59618242251429615EMrIg4",
			"slotId": "main",
			"upd": {
				"StackObjectsCount": 60
			}
		},
		{
			"_id": "I59618248004431977O9xFbf",
			"_tpl": "5d6e67fba4b9361bc73bc779",
			"parentId": "I59618242251429615EMrIg4",
			"slotId": "main",
			"upd": {
				"StackObjectsCount": 60
			}
		},
		{
			"_id": "I59618246425329283cfnDor",
			"_tpl": "58820d1224597753c90aeb13",
			"parentId": "I59618242251429615EMrIg4",
			"slotId": "main",
			"upd": {
				"StackObjectsCount": 60
			}
		},
		{
			"_id": "I59618247162813428aaPS9x",
			"_tpl": "5c0d591486f7744c505b416f",
			"parentId": "I59618242251429615EMrIg4",
			"slotId": "main",
			"upd": {
				"StackObjectsCount": 60
			}
		},
		{
			"_id": "I5961824163435586695OUKT",
			"_tpl": "57616a9e2459773c7a400234",
			"parentId": "I59618249869925391lrsn4I",
			"slotId": "1",
			"location": {
				"x": 0,
				"y": 0,
				"r": "Horizontal"
			}
		},
		{
			"_id": "I59618246317690653vyw0og",
			"_tpl": "5d6e67fba4b9361bc73bc779",
			"parentId": "I5961824163435586695OUKT",
			"slotId": "cartridges",
			"upd": {
				"StackObjectsCount": 5
			}
		},
		{
			"_id": "I59618246581105364XFflhL",
			"_tpl": "57616a9e2459773c7a400234",
			"parentId": "I59618249869925391lrsn4I",
			"slotId": "4",
			"location": {
				"x": 0,
				"y": 0,
				"r": "Horizontal"
			}
		},
		{
			"_id": "I59618247294626389Oyr1iZ",
			"_tpl": "58820d1224597753c90aeb13",
			"parentId": "I59618246581105364XFflhL",
			"slotId": "cartridges",
			"upd": {
				"StackObjectsCount": 5
			}
		},
		{
			"_id": "I59618245971946186w79jRD",
			"_tpl": "57616a9e2459773c7a400234",
			"parentId": "I59618249869925391lrsn4I",
			"slotId": "6",
			"location": {
				"x": 0,
				"y": 0,
				"r": "Horizontal"
			}
		},
		{
			"_id": "I59618245545552246nzHNQu",
			"_tpl": "58820d1224597753c90aeb13",
			"parentId": "I59618245971946186w79jRD",
			"slotId": "cartridges",
			"upd": {
				"StackObjectsCount": 5
			}
		},
		{
			"_id": "I59618245833396404np5kp1",
			"_tpl": "57616a9e2459773c7a400234",
			"parentId": "I59618249869925391lrsn4I",
			"slotId": "8",
			"location": {
				"x": 0,
				"y": 0,
				"r": "Horizontal"
			}
		},
		{
			"_id": "I59618248351460305uP0bbJ",
			"_tpl": "5d6fbf68a4b9362233221f6b",
			"parentId": "I59618245833396404np5kp1",
			"slotId": "cartridges",
			"upd": {
				"StackObjectsCount": 5
			}
		},
		{
			"_id": "I596182476619465897aEBQ3",
			"_tpl": "57e26ea924597715ca604a09",
			"parentId": "5c6687d65e9d882c8841f0fd",
			"slotId": "Scabbard"
		},
		{
			"_id": "I59618247940723968UjYjjR",
			"_tpl": "5d6d2ef3a4b93618084f58bd",
			"parentId": "5c6687d65e9d882c8841f0fd",
			"slotId": "Eyewear"
		},
		{
			"_id": "I596182427150729515fUj9R",
			"_tpl": "590c311186f77424d1667482",
			"parentId": "5c6687d65e9d882c8841f121",
			"slotId": "pocket1",
			"location": {
				"x": 0,
				"y": 0,
				"r": "Horizontal"
			},
			"upd": {
				"SpawnedInSession": true
			}
		},
		{
			"_id": "I59618244197975616eQGHkE",
			"_tpl": "590a373286f774287540368b",
			"parentId": "5c6687d65e9d882c8841f121",
			"slotId": "pocket2",
			"location": {
				"x": 0,
				"y": 0,
				"r": "Horizontal"
			},
			"upd": {
				"SpawnedInSession": true
			}
		}
	],
	"equipment": "5c6687d65e9d882c8841f0fd",
	"stash": "5c6687d65e9d882c8841f0fc",
	"questRaidItems": "5c6687d65e9d882c8841f0fe",
	"questStashItems": "5c6687d65e9d882c8841f0ff",
	"fastPanel": {}
}