{
	"items": [
		{
			"_id": "5c6687d65e9d882c8841f0fd",
			"_tpl": "55d7217a4bdc2d86028b456d"
		},
		{
			"_id": "5c6687d65e9d882c8841f121",
			"_tpl": "557ffd194bdc2d28148b457f",
			"parentId": "5c6687d65e9d882c8841f0fd",
			"slotId": "Pockets"
		},
		{
			"_id": "5c6687d65e9d882c8841f0fc",
			"_tpl": "566abbc34bdc2d92178b4576"
		},
		{
			"_id": "5c6687d65e9d882c8841f0ff",
			"_tpl": "5963866b86f7747bfa1c4462"
		},
		{
			"_id": "5c6687d65e9d882c8841f0fe",
			"_tpl": "5963866286f7747bf429b572"
		},
		{
			"_id": "I59618243838711296muWEKj",
			"_tpl": "5c0e3eb886f7742015526062",
			"parentId": "5c6687d65e9d882c8841f0fd",
			"slotId": "TacticalVest"
		},
		{
			"_id": "I331028164908487420LFKAv",
			"_tpl": "5a0ec13bfcdbcb00165aa685",
			"parentId": "5c6687d65e9d882c8841f0fd",
			"slotId": "FirstPrimaryWeapon",
			"upd": {
				"Repairable": {
					"MaxDurability": 100,
					"Durability": 100
				}
			}
		},
		{
			"_id": "I331028164884862905a5jJA",
			"_tpl": "59d64ec286f774171d1e0a42",
			"parentId": "I331028164908487420LFKAv",
			"slotId": "mod_gas_block"
		},
		{
			"_id": "I331028164998499182YU3BW",
			"_tpl": "59d64fc686f774171b243fe2",
			"parentId": "I331028164908487420LFKAv",
			"slotId": "mod_muzzle"
		},
		{
			"_id": "I331028166560667505C4Ona",
			"_tpl": "59e62cc886f77440d40b52a1",
			"parentId": "I331028164908487420LFKAv",
			"slotId": "mod_pistol_grip"
		},
		{
			"_id": "I331028169921985473EB8rc",
			"_tpl": "59d6507c86f7741b846413a2",
			"parentId": "I331028164908487420LFKAv",
			"slotId": "mod_reciever"
		},
		{
			"_id": "I3310281615848372587Zw3o",
			"_tpl": "59d650cf86f7741b846413a4",
			"parentId": "I331028164908487420LFKAv",
			"slotId": "mod_sight_rear",
			"upd": {
				"Sight": {
					"SelectedSightMode": 0
				}
			}
		},
		{
			"_id": "I596182475370595754yqg2I",
			"_tpl": "59e5d83b86f7745aed03d262",
			"parentId": "I331028164908487420LFKAv",
			"slotId": "mod_magazine"
		},
		{
			"_id": "I596182472890489089C73w6",
			"_tpl": "59e0d99486f7744a32234762",
			"parentId": "I596182475370595754yqg2I",
			"slotId": "cartridges",
			"upd": {
				"StackObjectsCount": 10
			}
		},
		{
			"_id": "I331028168243301953DwXlM",
			"_tpl": "59d64f2f86f77417193ef8b3",
			"parentId": "I331028164884862905a5jJA",
			"slotId": "mod_handguard"
		},
		{
			"_id": "I596182432696387250i1lgv",
			"_tpl": "5857a8bc2459772bad15db29",
			"parentId": "5c6687d65e9d882c8841f0fd",
			"slotId": "SecuredContainer"
		},
		{
			"_id": "I59618242561164529OUE8pW",
			"_tpl": "59e0d99486f7744a32234762",
			"parentId": "I596182432696387250i1lgv",
			"slotId": "main",
			"upd": {
				"StackObjectsCount": 60
			}
		},
		{
			"_id": "I59618246172783062BH9Zz0",
			"_tpl": "5656d7c34bdc2d9d198b4587",
			"parentId": "I596182432696387250i1lgv",
			"slotId": "main",
			"upd": {
				"StackObjectsCount": 60
			}
		},
		{
			"_id": "I59618243496892400z9iwTI",
			"_tpl": "59e4d24686f7741776641ac7",
			"parentId": "I596182432696387250i1lgv",
			"slotId": "main",
			"upd": {
				"StackObjectsCount": 60
			}
		},
		{
			"_id": "I59618244663681395F7KOlc",
			"_tpl": "59e4cf5286f7741778269d8a",
			"parentId": "I596182432696387250i1lgv",
			"slotId": "main",
			"upd": {
				"StackObjectsCount": 60
			}
		},
		{
			"_id": "I59618246931535554XnCh7j",
			"_tpl": "59e0d99486f7744a32234762",
			"parentId": "I596182432696387250i1lgv",
			"slotId": "main",
			"upd": {
				"StackObjectsCount": 60
			}
		},
		{
			"_id": "I59618248723369603FShNsW",
			"_tpl": "5656d7c34bdc2d9d198b4587",
			"parentId": "I596182432696387250i1lgv",
			"slotId": "main",
			"upd": {
				"StackObjectsCount": 60
			}
		},
		{
			"_id": "I59618241475785273NGZE7Z",
			"_tpl": "59e4d3d286f774176a36250a",
			"parentId": "I596182432696387250i1lgv",
			"slotId": "main",
			"upd": {
				"StackObjectsCount": 60
			}
		},
		{
			"_id": "I59618242587074205FDzPS9",
			"_tpl": "59e0d99486f7744a32234762",
			"parentId": "I596182432696387250i1lgv",
			"slotId": "main",
			"upd": {
				"StackObjectsCount": 60
			}
		},
		{
			"_id": "I59618245067956521hVrrtw",
			"_tpl": "59e4cf5286f7741778269d8a",
			"parentId": "I596182432696387250i1lgv",
			"slotId": "main",
			"upd": {
				"StackObjectsCount": 60
			}
		},
		{
			"_id": "I59618242709682186DUjyha",
			"_tpl": "59e5d83b86f7745aed03d262",
			"parentId": "I59618243838711296muWEKj",
			"slotId": "1",
			"location": {
				"x": 0,
				"y": 0,
				"r": "Horizontal"
			}
		},
		{
			"_id": "I59618245032925036HDQaSG",
			"_tpl": "59e4d3d286f774176a36250a",
			"parentId": "I59618242709682186DUjyha",
			"slotId": "cartridges",
			"upd": {
				"StackObjectsCount": 10
			}
		},
		{
			"_id": "I59618249749022071lOow4P",
			"_tpl": "59e5d83b86f7745aed03d262",
			"parentId": "I59618243838711296muWEKj",
			"slotId": "3",
			"location": {
				"x": 0,
				"y": 0,
				"r": "Horizontal"
			}
		},
		{
			"_id": "I59618244816308978BYY13Y",
			"_tpl": "59e4d24686f7741776641ac7",
			"parentId": "I59618249749022071lOow4P",
			"slotId": "cartridges",
			"upd": {
				"StackObjectsCount": 10
			}
		},
		{
			"_id": "I596182463337022608OVCld",
			"_tpl": "59e4cf5286f7741778269d8a",
			"parentId": "I59618243838711296muWEKj",
			"slotId": "6",
			"upd": {
				"StackObjectsCount": 17
			}
		},
		{
			"_id": "I59618246342083061mV2Nqh",
			"_tpl": "54491bb74bdc2d09088b4567",
			"parentId": "5c6687d65e9d882c8841f0fd",
			"slotId": "Scabbard"
		},
		{
			"_id": "I59618244805596681RCixpP",
			"_tpl": "5ab8f04f86f774585f4237d8",
			"parentId": "5c6687d65e9d882c8841f0fd",
			"slotId": "Backpack"
		},
		{
			"_id": "I59618244442369296xmEfvd",
			"_tpl": "59e7635f86f7742cbf2c1095",
			"parentId": "5c6687d65e9d882c8841f0fd",
			"slotId": "ArmorVest",
			"upd": {
				"Repairable": {
					"MaxDurability": 40,
					"Durability": 3
				}
			}
		},
		{
			"_id": "I596182478250781266iswuK",
			"_tpl": "5d40425986f7743185265461",
			"parentId": "5c6687d65e9d882c8841f121",
			"slotId": "pocket1",
			"location": {
				"x": 0,
				"y": 0,
				"r": "Horizontal"
			},
			"upd": {
				"SpawnedInSession": true
			}
		},
		{
			"_id": "I59618246245184144Ifld7Q",
			"_tpl": "5e2af29386f7746d4159f077",
			"parentId": "5c6687d65e9d882c8841f121",
			"slotId": "pocket2",
			"location": {
				"x": 0,
				"y": 0,
				"r": "Horizontal"
			},
			"upd": {
				"SpawnedInSession": true
			}
		},
		{
			"_id": "I59618245217767758pQawAv",
			"_tpl": "5d1b3a5d86f774252167ba22",
			"parentId": "5c6687d65e9d882c8841f121",
			"slotId": "pocket3",
			"location": {
				"x": 0,
				"y": 0,
				"r": "Horizontal"
			},
			"upd": {
				"SpawnedInSession": true
			}
		}
	],
	"equipment": "5c6687d65e9d882c8841f0fd",
	"stash": "5c6687d65e9d882c8841f0fc",
	"questRaidItems": "5c6687d65e9d882c8841f0fe",
	"questStashItems": "5c6687d65e9d882c8841f0ff",
	"fastPanel": {}
}