{
	"items": [
		{
			"_id": "5c6687d65e9d882c8841f0fd",
			"_tpl": "55d7217a4bdc2d86028b456d"
		},
		{
			"_id": "5c6687d65e9d882c8841f121",
			"_tpl": "557ffd194bdc2d28148b457f",
			"parentId": "5c6687d65e9d882c8841f0fd",
			"slotId": "Pockets"
		},
		{
			"_id": "5c6687d65e9d882c8841f0fc",
			"_tpl": "566abbc34bdc2d92178b4576"
		},
		{
			"_id": "5c6687d65e9d882c8841f0ff",
			"_tpl": "5963866b86f7747bfa1c4462"
		},
		{
			"_id": "5c6687d65e9d882c8841f0fe",
			"_tpl": "5963866286f7747bf429b572"
		},
		{
			"_id": "I59618233616539876psVrAG",
			"_tpl": "5c0e446786f7742013381639",
			"parentId": "5c6687d65e9d882c8841f0fd",
			"slotId": "TacticalVest"
		},
		{
			"_id": "I210050462655389251Li3P4",
			"_tpl": "5abcbc27d8ce8700182eceeb",
			"parentId": "5c6687d65e9d882c8841f0fd",
			"slotId": "FirstPrimaryWeapon",
			"upd": {
				"Repairable": {
					"MaxDurability": 100,
					"Durability": 100
				}
			}
		},
		{
			"_id": "I2100504652309978985nflL",
			"_tpl": "59d64ec286f774171d1e0a42",
			"parentId": "I210050462655389251Li3P4",
			"slotId": "mod_gas_block"
		},
		{
			"_id": "I210050465503382979chtCm",
			"_tpl": "59e61eb386f77440d64f5daf",
			"parentId": "I210050462655389251Li3P4",
			"slotId": "mod_muzzle"
		},
		{
			"_id": "I2100504624409006499dXI1",
			"_tpl": "5a0071d486f77404e23a12b2",
			"parentId": "I210050462655389251Li3P4",
			"slotId": "mod_pistol_grip_akms"
		},
		{
			"_id": "I210050465083456347gf88I",
			"_tpl": "59d6507c86f7741b846413a2",
			"parentId": "I210050462655389251Li3P4",
			"slotId": "mod_reciever"
		},
		{
			"_id": "I210050468317601611z0Pb6",
			"_tpl": "59d650cf86f7741b846413a4",
			"parentId": "I210050462655389251Li3P4",
			"slotId": "mod_sight_rear",
			"upd": {
				"Sight": {
					"SelectedSightMode": 0
				}
			}
		},
		{
			"_id": "I59618233344382948KgdbY8",
			"_tpl": "59e5d83b86f7745aed03d262",
			"parentId": "I210050462655389251Li3P4",
			"slotId": "mod_magazine"
		},
		{
			"_id": "I59618235425260659aeHxCz",
			"_tpl": "5656d7c34bdc2d9d198b4587",
			"parentId": "I59618233344382948KgdbY8",
			"slotId": "cartridges",
			"upd": {
				"StackObjectsCount": 10
			}
		},
		{
			"_id": "I210050463367259671WljyG",
			"_tpl": "59d64f2f86f77417193ef8b3",
			"parentId": "I2100504652309978985nflL",
			"slotId": "mod_handguard"
		},
		{
			"_id": "I596182355604996585JYVv0",
			"_tpl": "5857a8bc2459772bad15db29",
			"parentId": "5c6687d65e9d882c8841f0fd",
			"slotId": "SecuredContainer"
		},
		{
			"_id": "I59618234776432270EHQ9qR",
			"_tpl": "59e4d3d286f774176a36250a",
			"parentId": "I596182355604996585JYVv0",
			"slotId": "main",
			"upd": {
				"StackObjectsCount": 60
			}
		},
		{
			"_id": "I59618232944860503FhCaMl",
			"_tpl": "59e4cf5286f7741778269d8a",
			"parentId": "I596182355604996585JYVv0",
			"slotId": "main",
			"upd": {
				"StackObjectsCount": 60
			}
		},
		{
			"_id": "I59618238476440838jWJOnc",
			"_tpl": "59e4cf5286f7741778269d8a",
			"parentId": "I596182355604996585JYVv0",
			"slotId": "main",
			"upd": {
				"StackObjectsCount": 60
			}
		},
		{
			"_id": "I59618232100192693rGAFhn",
			"_tpl": "5656d7c34bdc2d9d198b4587",
			"parentId": "I596182355604996585JYVv0",
			"slotId": "main",
			"upd": {
				"StackObjectsCount": 60
			}
		},
		{
			"_id": "I596182339993334663fmw2N",
			"_tpl": "59e4cf5286f7741778269d8a",
			"parentId": "I596182355604996585JYVv0",
			"slotId": "main",
			"upd": {
				"StackObjectsCount": 60
			}
		},
		{
			"_id": "I59618232372666737GkRsf2",
			"_tpl": "59e0d99486f7744a32234762",
			"parentId": "I596182355604996585JYVv0",
			"slotId": "main",
			"upd": {
				"StackObjectsCount": 60
			}
		},
		{
			"_id": "I59618233140852766XiE4aA",
			"_tpl": "59e4cf5286f7741778269d8a",
			"parentId": "I596182355604996585JYVv0",
			"slotId": "main",
			"upd": {
				"StackObjectsCount": 60
			}
		},
		{
			"_id": "I59618235937182900V7hBkW",
			"_tpl": "5656d7c34bdc2d9d198b4587",
			"parentId": "I596182355604996585JYVv0",
			"slotId": "main",
			"upd": {
				"StackObjectsCount": 60
			}
		},
		{
			"_id": "I59618237806445309Gg6FSv",
			"_tpl": "59e4d3d286f774176a36250a",
			"parentId": "I596182355604996585JYVv0",
			"slotId": "main",
			"upd": {
				"StackObjectsCount": 60
			}
		},
		{
			"_id": "I59618238159720519mXLNIK",
			"_tpl": "59e5d83b86f7745aed03d262",
			"parentId": "I59618233616539876psVrAG",
			"slotId": "1",
			"location": {
				"x": 0,
				"y": 1,
				"r": "Horizontal"
			}
		},
		{
			"_id": "I59618238209856976yhWvHU",
			"_tpl": "59e4d24686f7741776641ac7",
			"parentId": "I59618238159720519mXLNIK",
			"slotId": "cartridges",
			"upd": {
				"StackObjectsCount": 10
			}
		},
		{
			"_id": "I59618238284834805buwtky",
			"_tpl": "59e5d83b86f7745aed03d262",
			"parentId": "I59618233616539876psVrAG",
			"slotId": "3",
			"location": {
				"x": 0,
				"y": 0,
				"r": "Horizontal"
			}
		},
		{
			"_id": "I59618236047386065GbUgcU",
			"_tpl": "59e4d3d286f774176a36250a",
			"parentId": "I59618238284834805buwtky",
			"slotId": "cartridges",
			"upd": {
				"StackObjectsCount": 10
			}
		},
		{
			"_id": "I59618232168980959BwpBaN",
			"_tpl": "59e5d83b86f7745aed03d262",
			"parentId": "I59618233616539876psVrAG",
			"slotId": "3",
			"location": {
				"x": 0,
				"y": 1,
				"r": "Horizontal"
			}
		},
		{
			"_id": "I59618238320705965ubpKWM",
			"_tpl": "5656d7c34bdc2d9d198b4587",
			"parentId": "I59618232168980959BwpBaN",
			"slotId": "cartridges",
			"upd": {
				"StackObjectsCount": 10
			}
		},
		{
			"_id": "I59618235731627040b8pD88",
			"_tpl": "5656d7c34bdc2d9d198b4587",
			"parentId": "I59618233616539876psVrAG",
			"slotId": "6",
			"upd": {
				"StackObjectsCount": 22
			}
		},
		{
			"_id": "I59618236116070537jZEqEs",
			"_tpl": "54491bb74bdc2d09088b4567",
			"parentId": "5c6687d65e9d882c8841f0fd",
			"slotId": "Scabbard"
		},
		{
			"_id": "I59618235268979882G2JrUM",
			"_tpl": "5aa2a7e8e5b5b00016327c16",
			"parentId": "5c6687d65e9d882c8841f0fd",
			"slotId": "Headwear"
		},
		{
			"_id": "I59618236469710169uIYq9K",
			"_tpl": "5d5fca1ea4b93635fd598c07",
			"parentId": "5c6687d65e9d882c8841f0fd",
			"slotId": "Eyewear"
		},
		{
			"_id": "I59618232154138109caj7Wt",
			"_tpl": "572b7fa524597762b747ce82",
			"parentId": "5c6687d65e9d882c8841f0fd",
			"slotId": "FaceCover"
		},
		{
			"_id": "I59618238788129730sJb6Ch",
			"_tpl": "5ab8ee7786f7742d8f33f0b9",
			"parentId": "5c6687d65e9d882c8841f0fd",
			"slotId": "Backpack"
		},
		{
			"_id": "I59618232188371894jhxwz5",
			"_tpl": "5ab8e79e86f7742d8b372e78",
			"parentId": "5c6687d65e9d882c8841f0fd",
			"slotId": "ArmorVest",
			"upd": {
				"Repairable": {
					"MaxDurability": 65,
					"Durability": 11
				}
			}
		},
		{
			"_id": "I59618232813184022syUKSf",
			"_tpl": "590a373286f774287540368b",
			"parentId": "5c6687d65e9d882c8841f121",
			"slotId": "pocket1",
			"location": {
				"x": 0,
				"y": 0,
				"r": "Horizontal"
			},
			"upd": {
				"SpawnedInSession": true
			}
		}
	],
	"equipment": "5c6687d65e9d882c8841f0fd",
	"stash": "5c6687d65e9d882c8841f0fc",
	"questRaidItems": "5c6687d65e9d882c8841f0fe",
	"questStashItems": "5c6687d65e9d882c8841f0ff",
	"fastPanel": {}
}