{
	"items": [
		{
			"_id": "5c6687d65e9d882c8841f0fd",
			"_tpl": "55d7217a4bdc2d86028b456d"
		},
		{
			"_id": "5c6687d65e9d882c8841f121",
			"_tpl": "557ffd194bdc2d28148b457f",
			"parentId": "5c6687d65e9d882c8841f0fd",
			"slotId": "Pockets"
		},
		{
			"_id": "5c6687d65e9d882c8841f0fc",
			"_tpl": "566abbc34bdc2d92178b4576"
		},
		{
			"_id": "5c6687d65e9d882c8841f0ff",
			"_tpl": "5963866b86f7747bfa1c4462"
		},
		{
			"_id": "5c6687d65e9d882c8841f0fe",
			"_tpl": "5963866286f7747bf429b572"
		},
		{
			"_id": "I59618245988883003ipm8NG",
			"_tpl": "5c0e9f2c86f77432297fe0a3",
			"parentId": "5c6687d65e9d882c8841f0fd",
			"slotId": "TacticalVest"
		},
		{
			"_id": "I2100831885996599QQYhjJu",
			"_tpl": "59d6088586f774275f37482f",
			"parentId": "5c6687d65e9d882c8841f0fd",
			"slotId": "FirstPrimaryWeapon",
			"upd": {
				"Repairable": {
					"MaxDurability": 100,
					"Durability": 100
				}
			}
		},
		{
			"_id": "I2100839244070902GXKgrQB",
			"_tpl": "59d64ec286f774171d1e0a42",
			"parentId": "I2100831885996599QQYhjJu",
			"slotId": "mod_gas_block"
		},
		{
			"_id": "I2100833337038757GMryd1i",
			"_tpl": "59d64fc686f774171b243fe2",
			"parentId": "I2100831885996599QQYhjJu",
			"slotId": "mod_muzzle"
		},
		{
			"_id": "I2100839525132751ViQ5vw9",
			"_tpl": "59e62cc886f77440d40b52a1",
			"parentId": "I2100831885996599QQYhjJu",
			"slotId": "mod_pistol_grip"
		},
		{
			"_id": "I21008346648999282Ri1F3U",
			"_tpl": "59d6507c86f7741b846413a2",
			"parentId": "I2100831885996599QQYhjJu",
			"slotId": "mod_reciever"
		},
		{
			"_id": "I21008355203657065mkiXII",
			"_tpl": "59d650cf86f7741b846413a4",
			"parentId": "I2100831885996599QQYhjJu",
			"slotId": "mod_sight_rear",
			"upd": {
				"Sight": {
					"SelectedSightMode": 0
				}
			}
		},
		{
			"_id": "I2100834618895836883brrJ",
			"_tpl": "59d6514b86f774171a068a08",
			"parentId": "I2100831885996599QQYhjJu",
			"slotId": "mod_stock"
		},
		{
			"_id": "I59618241598451939KjV6cz",
			"_tpl": "59fafc5086f7740dbe19f6c3",
			"parentId": "I2100831885996599QQYhjJu",
			"slotId": "mod_magazine"
		},
		{
			"_id": "I59618245781775895LeWuxq",
			"_tpl": "59e4cf5286f7741778269d8a",
			"parentId": "I59618241598451939KjV6cz",
			"slotId": "cartridges",
			"upd": {
				"StackObjectsCount": 30
			}
		},
		{
			"_id": "I21008313563024407sFthFB",
			"_tpl": "59d64f2f86f77417193ef8b3",
			"parentId": "I2100839244070902GXKgrQB",
			"slotId": "mod_handguard"
		},
		{
			"_id": "I59618245503022911ulSo7F",
			"_tpl": "5857a8bc2459772bad15db29",
			"parentId": "5c6687d65e9d882c8841f0fd",
			"slotId": "SecuredContainer"
		},
		{
			"_id": "I59618243658692935ehwiHk",
			"_tpl": "59e0d99486f7744a32234762",
			"parentId": "I59618245503022911ulSo7F",
			"slotId": "main",
			"upd": {
				"StackObjectsCount": 60
			}
		},
		{
			"_id": "I596182432525353234BZFYg",
			"_tpl": "59e4d24686f7741776641ac7",
			"parentId": "I59618245503022911ulSo7F",
			"slotId": "main",
			"upd": {
				"StackObjectsCount": 60
			}
		},
		{
			"_id": "I59618246878131927NBAlHT",
			"_tpl": "59e4d24686f7741776641ac7",
			"parentId": "I59618245503022911ulSo7F",
			"slotId": "main",
			"upd": {
				"StackObjectsCount": 60
			}
		},
		{
			"_id": "I59618248745640822Lb4Jdg",
			"_tpl": "59e0d99486f7744a32234762",
			"parentId": "I59618245503022911ulSo7F",
			"slotId": "main",
			"upd": {
				"StackObjectsCount": 60
			}
		},
		{
			"_id": "I59618246304139655E3Ux8o",
			"_tpl": "5656d7c34bdc2d9d198b4587",
			"parentId": "I59618245503022911ulSo7F",
			"slotId": "main",
			"upd": {
				"StackObjectsCount": 60
			}
		},
		{
			"_id": "I59618249285880581h3QEdU",
			"_tpl": "59e4d3d286f774176a36250a",
			"parentId": "I59618245503022911ulSo7F",
			"slotId": "main",
			"upd": {
				"StackObjectsCount": 60
			}
		},
		{
			"_id": "I59618249650013914JO9UpG",
			"_tpl": "59e4d24686f7741776641ac7",
			"parentId": "I59618245503022911ulSo7F",
			"slotId": "main",
			"upd": {
				"StackObjectsCount": 60
			}
		},
		{
			"_id": "I59618245313593504jZpmwy",
			"_tpl": "59e4d24686f7741776641ac7",
			"parentId": "I59618245503022911ulSo7F",
			"slotId": "main",
			"upd": {
				"StackObjectsCount": 60
			}
		},
		{
			"_id": "I59618244189376663GBdg16",
			"_tpl": "59e0d99486f7744a32234762",
			"parentId": "I59618245503022911ulSo7F",
			"slotId": "main",
			"upd": {
				"StackObjectsCount": 60
			}
		},
		{
			"_id": "I210016352266185794zd3SI",
			"_tpl": "56e0598dd2720bb5668b45a6",
			"parentId": "5c6687d65e9d882c8841f0fd",
			"slotId": "Holster",
			"upd": {
				"Repairable": {
					"MaxDurability": 100,
					"Durability": 100
				}
			}
		},
		{
			"_id": "I596182425940400140K5zVx",
			"_tpl": "573719df2459775a626ccbc2",
			"parentId": "I210016359259926518drwwp",
			"slotId": "cartridges",
			"upd": {
				"StackObjectsCount": 8
			}
		},
		{
			"_id": "I210016359259926518drwwp",
			"_tpl": "5448c12b4bdc2d02308b456f",
			"parentId": "I210016352266185794zd3SI",
			"slotId": "mod_magazine"
		},
		{
			"_id": "I210016357401982149X62Eg",
			"_tpl": "56e05b06d2720bb2668b4586",
			"parentId": "I210016352266185794zd3SI",
			"slotId": "mod_muzzle"
		},
		{
			"_id": "I210016359320850162BUbDs",
			"_tpl": "56e05a6ed2720bd0748b4567",
			"parentId": "I210016352266185794zd3SI",
			"slotId": "mod_pistol_grip"
		},
		{
			"_id": "I59618243005844200Iss9nI",
			"_tpl": "59d625f086f774661516605d",
			"parentId": "I59618245988883003ipm8NG",
			"slotId": "1",
			"location": {
				"x": 0,
				"y": 0,
				"r": "Horizontal"
			}
		},
		{
			"_id": "I59618249075738012uRYvzi",
			"_tpl": "59e4d3d286f774176a36250a",
			"parentId": "I59618243005844200Iss9nI",
			"slotId": "cartridges",
			"upd": {
				"StackObjectsCount": 30
			}
		},
		{
			"_id": "I59618242965818592eGPMY0",
			"_tpl": "59d625f086f774661516605d",
			"parentId": "I59618245988883003ipm8NG",
			"slotId": "3",
			"location": {
				"x": 0,
				"y": 0,
				"r": "Horizontal"
			}
		},
		{
			"_id": "I59618246847187857woqMEb",
			"_tpl": "59e0d99486f7744a32234762",
			"parentId": "I59618242965818592eGPMY0",
			"slotId": "cartridges",
			"upd": {
				"StackObjectsCount": 30
			}
		},
		{
			"_id": "I59618243456145332zJsZ7H",
			"_tpl": "544fb37f4bdc2dee738b4567",
			"parentId": "I59618245988883003ipm8NG",
			"slotId": "5"
		},
		{
			"_id": "I59618248572131868TWQGTD",
			"_tpl": "59d625f086f774661516605d",
			"parentId": "I59618245988883003ipm8NG",
			"slotId": "7",
			"location": {
				"x": 0,
				"y": 0,
				"r": "Horizontal"
			}
		},
		{
			"_id": "I59618248342037083R7gi66",
			"_tpl": "59e4d3d286f774176a36250a",
			"parentId": "I59618248572131868TWQGTD",
			"slotId": "cartridges",
			"upd": {
				"StackObjectsCount": 30
			}
		},
		{
			"_id": "I59618247947591820jCp0h4",
			"_tpl": "5448c12b4bdc2d02308b456f",
			"parentId": "I59618245988883003ipm8NG",
			"slotId": "2",
			"location": {
				"x": 0,
				"y": 0,
				"r": "Horizontal"
			}
		},
		{
			"_id": "I596182477901844625PGf5y",
			"_tpl": "57371b192459775a9f58a5e0",
			"parentId": "I59618247947591820jCp0h4",
			"slotId": "cartridges",
			"upd": {
				"StackObjectsCount": 8
			}
		},
		{
			"_id": "I59618243375157129srkCXh",
			"_tpl": "5448c12b4bdc2d02308b456f",
			"parentId": "I59618245988883003ipm8NG",
			"slotId": "2",
			"location": {
				"x": 0,
				"y": 1,
				"r": "Horizontal"
			}
		},
		{
			"_id": "I59618243311077754V7u53J",
			"_tpl": "5737201124597760fc4431f1",
			"parentId": "I59618243375157129srkCXh",
			"slotId": "cartridges",
			"upd": {
				"StackObjectsCount": 8
			}
		},
		{
			"_id": "I59618244850455278hfjzkX",
			"_tpl": "5448c12b4bdc2d02308b456f",
			"parentId": "I59618245988883003ipm8NG",
			"slotId": "5",
			"location": {
				"x": 0,
				"y": 0,
				"r": "Horizontal"
			}
		},
		{
			"_id": "I59618249778996772C2zxn4",
			"_tpl": "573720e02459776143012541",
			"parentId": "I59618244850455278hfjzkX",
			"slotId": "cartridges",
			"upd": {
				"StackObjectsCount": 8
			}
		},
		{
			"_id": "I59618248224599013PqWSXM",
			"_tpl": "5448c12b4bdc2d02308b456f",
			"parentId": "I59618245988883003ipm8NG",
			"slotId": "5",
			"location": {
				"x": 0,
				"y": 1,
				"r": "Horizontal"
			}
		},
		{
			"_id": "I59618245886686458DRTM0W",
			"_tpl": "5737207f24597760ff7b25f2",
			"parentId": "I59618248224599013PqWSXM",
			"slotId": "cartridges",
			"upd": {
				"StackObjectsCount": 8
			}
		},
		{
			"_id": "I59618249430531968PxtuHO",
			"_tpl": "5448c12b4bdc2d02308b456f",
			"parentId": "I59618245988883003ipm8NG",
			"slotId": "8",
			"location": {
				"x": 0,
				"y": 0,
				"r": "Horizontal"
			}
		},
		{
			"_id": "I59618249199976218YFK6zz",
			"_tpl": "57371f2b24597761224311f1",
			"parentId": "I59618249430531968PxtuHO",
			"slotId": "cartridges",
			"upd": {
				"StackObjectsCount": 8
			}
		},
		{
			"_id": "I59618248549994968oK8VLB",
			"_tpl": "5448c12b4bdc2d02308b456f",
			"parentId": "I59618245988883003ipm8NG",
			"slotId": "8",
			"location": {
				"x": 0,
				"y": 1,
				"r": "Horizontal"
			}
		},
		{
			"_id": "I59618243154076739nyxmaC",
			"_tpl": "573718ba2459775a75491131",
			"parentId": "I59618248549994968oK8VLB",
			"slotId": "cartridges",
			"upd": {
				"StackObjectsCount": 8
			}
		},
		{
			"_id": "I59618247343598309bmUPIY",
			"_tpl": "5bffdc370db834001d23eca8",
			"parentId": "5c6687d65e9d882c8841f0fd",
			"slotId": "Scabbard"
		},
		{
			"_id": "I59618247921530455tGra12",
			"_tpl": "5aa2b8d7e5b5b00014028f4a",
			"parentId": "5c6687d65e9d882c8841f0fd",
			"slotId": "Headwear"
		},
		{
			"_id": "I5961824710655320003Pzeb",
			"_tpl": "56e33634d2720bd8058b456b",
			"parentId": "5c6687d65e9d882c8841f0fd",
			"slotId": "Backpack"
		},
		{
			"_id": "I59618247344610782j3qfMg",
			"_tpl": "5672cb124bdc2d1a0f8b4568",
			"parentId": "I5961824710655320003Pzeb",
			"slotId": "main",
			"location": {
				"x": 0,
				"y": 0,
				"r": "Horizontal"
			}
		},
		{
			"_id": "I59618249472350684qjGX3O",
			"_tpl": "5780d0652459777df90dcb74",
			"parentId": "I5961824710655320003Pzeb",
			"slotId": "main",
			"location": {
				"x": 0,
				"y": 1,
				"r": "Horizontal"
			}
		},
		{
			"_id": "I59618247772252188QROzr5",
			"_tpl": "590c2d8786f774245b1f03f3",
			"parentId": "I5961824710655320003Pzeb",
			"slotId": "main",
			"location": {
				"x": 0,
				"y": 2,
				"r": "Horizontal"
			}
		},
		{
			"_id": "I59618245850220450QG6Uax",
			"_tpl": "57347d8724597744596b4e76",
			"parentId": "I5961824710655320003Pzeb",
			"slotId": "main",
			"location": {
				"x": 1,
				"y": 0,
				"r": "Horizontal"
			}
		},
		{
			"_id": "I59618241089204430z4K31a",
			"_tpl": "59e35ef086f7741777737012",
			"parentId": "I5961824710655320003Pzeb",
			"slotId": "main",
			"location": {
				"x": 1,
				"y": 1,
				"r": "Horizontal"
			}
		},
		{
			"_id": "I59618245481078679STDiM4",
			"_tpl": "5e2aedd986f7746d404f3aa4",
			"parentId": "5c6687d65e9d882c8841f121",
			"slotId": "pocket1",
			"location": {
				"x": 0,
				"y": 0,
				"r": "Horizontal"
			},
			"upd": {
				"SpawnedInSession": true
			}
		},
		{
			"_id": "I59618245681571634KNW7hd",
			"_tpl": "590c2d8786f774245b1f03f3",
			"parentId": "5c6687d65e9d882c8841f121",
			"slotId": "pocket2",
			"location": {
				"x": 0,
				"y": 0,
				"r": "Horizontal"
			},
			"upd": {
				"SpawnedInSession": true
			}
		}
	],
	"equipment": "5c6687d65e9d882c8841f0fd",
	"stash": "5c6687d65e9d882c8841f0fc",
	"questRaidItems": "5c6687d65e9d882c8841f0fe",
	"questStashItems": "5c6687d65e9d882c8841f0ff",
	"fastPanel": {}
}