{
	"items": [
		{
			"_id": "5c6687d65e9d882c8841f0fd",
			"_tpl": "55d7217a4bdc2d86028b456d"
		},
		{
			"_id": "5c6687d65e9d882c8841f121",
			"_tpl": "557ffd194bdc2d28148b457f",
			"parentId": "5c6687d65e9d882c8841f0fd",
			"slotId": "Pockets"
		},
		{
			"_id": "5c6687d65e9d882c8841f0fc",
			"_tpl": "566abbc34bdc2d92178b4576"
		},
		{
			"_id": "5c6687d65e9d882c8841f0ff",
			"_tpl": "5963866b86f7747bfa1c4462"
		},
		{
			"_id": "5c6687d65e9d882c8841f0fe",
			"_tpl": "5963866286f7747bf429b572"
		},
		{
			"_id": "I59618248340316537ZwImhK",
			"_tpl": "5d5d8ca986f7742798716522",
			"parentId": "5c6687d65e9d882c8841f0fd",
			"slotId": "TacticalVest"
		},
		{
			"_id": "I331036255792197915oMwTa",
			"_tpl": "59f9cabd86f7743a10721f46",
			"parentId": "5c6687d65e9d882c8841f0fd",
			"slotId": "FirstPrimaryWeapon",
			"upd": {
				"Repairable": {
					"MaxDurability": 100,
					"Durability": 100
				}
			}
		},
		{
			"_id": "I33103627174161435JEgCDb",
			"_tpl": "5998517986f7746017232f7e",
			"parentId": "I331036255792197915oMwTa",
			"slotId": "mod_pistol_grip"
		},
		{
			"_id": "I59618241452061959WETlB0",
			"_tpl": "599860ac86f77436b225ed1a",
			"parentId": "I331036255792197915oMwTa",
			"slotId": "mod_magazine"
		},
		{
			"_id": "I596182421875469154qqg7L",
			"_tpl": "5c3df7d588a4501f290594e5",
			"parentId": "I59618241452061959WETlB0",
			"slotId": "cartridges",
			"upd": {
				"StackObjectsCount": 30
			}
		},
		{
			"_id": "I33103629372271550kdxFRH",
			"_tpl": "5998598e86f7740b3f498a86",
			"parentId": "I331036255792197915oMwTa",
			"slotId": "mod_muzzle"
		},
		{
			"_id": "I33103621995555808ha4dJT",
			"_tpl": "59985a8086f77414ec448d1a",
			"parentId": "I331036255792197915oMwTa",
			"slotId": "mod_reciever"
		},
		{
			"_id": "I33103623367074381PupKPH",
			"_tpl": "599860e986f7743bb57573a6",
			"parentId": "I331036255792197915oMwTa",
			"slotId": "mod_sight_rear",
			"upd": {
				"Sight": {
					"SelectedSightMode": 0
				}
			}
		},
		{
			"_id": "I33103628123696719ief5CG",
			"_tpl": "59ccd11386f77428f24a488f",
			"parentId": "I331036255792197915oMwTa",
			"slotId": "mod_gas_block"
		},
		{
			"_id": "I33103624958032192nHCcd6",
			"_tpl": "5648b1504bdc2d9d488b4584",
			"parentId": "I33103628123696719ief5CG",
			"slotId": "mod_handguard"
		},
		{
			"_id": "I59618247235356551iuEsLd",
			"_tpl": "5857a8bc2459772bad15db29",
			"parentId": "5c6687d65e9d882c8841f0fd",
			"slotId": "SecuredContainer"
		},
		{
			"_id": "I59618242987124082oDTdPG",
			"_tpl": "5c925fa22e221601da359b7b",
			"parentId": "I59618247235356551iuEsLd",
			"slotId": "main",
			"upd": {
				"StackObjectsCount": 60
			}
		},
		{
			"_id": "I59618241667647361PQtoFW",
			"_tpl": "56d59d3ad2720bdb418b4577",
			"parentId": "I59618247235356551iuEsLd",
			"slotId": "main",
			"upd": {
				"StackObjectsCount": 60
			}
		},
		{
			"_id": "I59618241787952542IoFVlr",
			"_tpl": "58864a4f2459770fcc257101",
			"parentId": "I59618247235356551iuEsLd",
			"slotId": "main",
			"upd": {
				"StackObjectsCount": 60
			}
		},
		{
			"_id": "I59618249749800330w0Qifs",
			"_tpl": "58864a4f2459770fcc257101",
			"parentId": "I59618247235356551iuEsLd",
			"slotId": "main",
			"upd": {
				"StackObjectsCount": 60
			}
		},
		{
			"_id": "I59618247129304244aiwWq1",
			"_tpl": "5c925fa22e221601da359b7b",
			"parentId": "I59618247235356551iuEsLd",
			"slotId": "main",
			"upd": {
				"StackObjectsCount": 60
			}
		},
		{
			"_id": "I59618249567691361kVODjc",
			"_tpl": "5c3df7d588a4501f290594e5",
			"parentId": "I59618247235356551iuEsLd",
			"slotId": "main",
			"upd": {
				"StackObjectsCount": 60
			}
		},
		{
			"_id": "I59618241738422842YH756X",
			"_tpl": "5c925fa22e221601da359b7b",
			"parentId": "I59618247235356551iuEsLd",
			"slotId": "main",
			"upd": {
				"StackObjectsCount": 60
			}
		},
		{
			"_id": "I59618248391798652N0WKDv",
			"_tpl": "5c3df7d588a4501f290594e5",
			"parentId": "I59618247235356551iuEsLd",
			"slotId": "main",
			"upd": {
				"StackObjectsCount": 60
			}
		},
		{
			"_id": "I59618243738167638yhnGhX",
			"_tpl": "5a3c16fe86f77452b62de32a",
			"parentId": "I59618247235356551iuEsLd",
			"slotId": "main",
			"upd": {
				"StackObjectsCount": 60
			}
		},
		{
			"_id": "I59618244961731445QIMmhe",
			"_tpl": "5c0673fb0db8340023300271",
			"parentId": "I59618248340316537ZwImhK",
			"slotId": "2",
			"location": {
				"x": 0,
				"y": 0,
				"r": "Horizontal"
			}
		},
		{
			"_id": "I59618246943309942Nvbz4l",
			"_tpl": "5a3c16fe86f77452b62de32a",
			"parentId": "I59618244961731445QIMmhe",
			"slotId": "cartridges",
			"upd": {
				"StackObjectsCount": 20
			}
		},
		{
			"_id": "I59618247316642847c6Rgkd",
			"_tpl": "5c0673fb0db8340023300271",
			"parentId": "I59618248340316537ZwImhK",
			"slotId": "1",
			"location": {
				"x": 0,
				"y": 0,
				"r": "Horizontal"
			}
		},
		{
			"_id": "I59618248906815355IczVS0",
			"_tpl": "56d59d3ad2720bdb418b4577",
			"parentId": "I59618247316642847c6Rgkd",
			"slotId": "cartridges",
			"upd": {
				"StackObjectsCount": 20
			}
		},
		{
			"_id": "I59618245306065611LRgQbB",
			"_tpl": "5c0673fb0db8340023300271",
			"parentId": "I59618248340316537ZwImhK",
			"slotId": "1",
			"location": {
				"x": 1,
				"y": 0,
				"r": "Horizontal"
			}
		},
		{
			"_id": "I59618248853897096acetD0",
			"_tpl": "58864a4f2459770fcc257101",
			"parentId": "I59618245306065611LRgQbB",
			"slotId": "cartridges",
			"upd": {
				"StackObjectsCount": 20
			}
		},
		{
			"_id": "I59618244890840980ZRhELp",
			"_tpl": "54491bb74bdc2d09088b4567",
			"parentId": "5c6687d65e9d882c8841f0fd",
			"slotId": "Scabbard"
		},
		{
			"_id": "I59618241842190713utTYd2",
			"_tpl": "5df8a58286f77412631087ed",
			"parentId": "5c6687d65e9d882c8841f0fd",
			"slotId": "Headwear"
		},
		{
			"_id": "I59618247986864194VlHD9V",
			"_tpl": "5aa2b9aee5b5b00015693121",
			"parentId": "5c6687d65e9d882c8841f0fd",
			"slotId": "Eyewear"
		},
		{
			"_id": "I596182444890812392yUE6c",
			"_tpl": "56e33634d2720bd8058b456b",
			"parentId": "5c6687d65e9d882c8841f0fd",
			"slotId": "Backpack"
		},
		{
			"_id": "I59618241315589595WBrxmj",
			"_tpl": "5c0e5bab86f77461f55ed1f3",
			"parentId": "5c6687d65e9d882c8841f0fd",
			"slotId": "ArmorVest",
			"upd": {
				"Repairable": {
					"MaxDurability": 60,
					"Durability": 36
				}
			}
		},
		{
			"_id": "I59618245773431693gYqKyj",
			"_tpl": "5751a89d24597722aa0e8db0",
			"parentId": "5c6687d65e9d882c8841f121",
			"slotId": "pocket1",
			"location": {
				"x": 0,
				"y": 0,
				"r": "Horizontal"
			},
			"upd": {
				"SpawnedInSession": true
			}
		},
		{
			"_id": "I59618248127914879LqOhMc",
			"_tpl": "573474f924597738002c6174",
			"parentId": "5c6687d65e9d882c8841f121",
			"slotId": "pocket2",
			"location": {
				"x": 0,
				"y": 0,
				"r": "Horizontal"
			},
			"upd": {
				"SpawnedInSession": true
			}
		}
	],
	"equipment": "5c6687d65e9d882c8841f0fd",
	"stash": "5c6687d65e9d882c8841f0fc",
	"questRaidItems": "5c6687d65e9d882c8841f0fe",
	"questStashItems": "5c6687d65e9d882c8841f0ff",
	"fastPanel": {}
}