{
	"items": [
		{
			"_id": "5c6687d65e9d882c8841f0fd",
			"_tpl": "55d7217a4bdc2d86028b456d"
		},
		{
			"_id": "5c6687d65e9d882c8841f121",
			"_tpl": "557ffd194bdc2d28148b457f",
			"parentId": "5c6687d65e9d882c8841f0fd",
			"slotId": "Pockets"
		},
		{
			"_id": "5c6687d65e9d882c8841f0fc",
			"_tpl": "566abbc34bdc2d92178b4576"
		},
		{
			"_id": "5c6687d65e9d882c8841f0ff",
			"_tpl": "5963866b86f7747bfa1c4462"
		},
		{
			"_id": "5c6687d65e9d882c8841f0fe",
			"_tpl": "5963866286f7747bf429b572"
		},
		{
			"_id": "I596182438661246342V5O1O",
			"_tpl": "5929a2a086f7744f4b234d43",
			"parentId": "5c6687d65e9d882c8841f0fd",
			"slotId": "TacticalVest"
		},
		{
			"_id": "I331022513615285391v8jev",
			"_tpl": "583990e32459771419544dd2",
			"parentId": "5c6687d65e9d882c8841f0fd",
			"slotId": "FirstPrimaryWeapon",
			"upd": {
				"Repairable": {
					"MaxDurability": 100,
					"Durability": 100
				}
			}
		},
		{
			"_id": "I331022513513120381mPklm",
			"_tpl": "5649ad3f4bdc2df8348b4585",
			"parentId": "I331022513615285391v8jev",
			"slotId": "mod_pistol_grip"
		},
		{
			"_id": "I3310225123475816610QvyT",
			"_tpl": "57dc347d245977596754e7a1",
			"parentId": "I331022513615285391v8jev",
			"slotId": "mod_stock"
		},
		{
			"_id": "I59618244565909666dPzH99",
			"_tpl": "55d4837c4bdc2d1d4e8b456c",
			"parentId": "I331022513615285391v8jev",
			"slotId": "mod_magazine"
		},
		{
			"_id": "I59618243001612675O8jtgx",
			"_tpl": "56dff061d2720bb5668b4567",
			"parentId": "I59618244565909666dPzH99",
			"slotId": "cartridges",
			"upd": {
				"StackObjectsCount": 10
			}
		},
		{
			"_id": "I3310225147058858019k3a8",
			"_tpl": "57dc324a24597759501edc20",
			"parentId": "I331022513615285391v8jev",
			"slotId": "mod_muzzle"
		},
		{
			"_id": "I331022519924121824JaJpl",
			"_tpl": "59d36a0086f7747e673f3946",
			"parentId": "I331022513615285391v8jev",
			"slotId": "mod_gas_block"
		},
		{
			"_id": "I3310225117910297229F7hz",
			"_tpl": "56dfef82d2720bbd668b4567",
			"parentId": "I331022518740798636S0FY3",
			"slotId": "cartridges",
			"location": 0,
			"upd": {
				"StackObjectsCount": 30
			}
		},
		{
			"_id": "I3310225161860541350eHyK",
			"_tpl": "57dc32dc245977596d4ef3d3",
			"parentId": "I331022519924121824JaJpl",
			"slotId": "mod_handguard"
		},
		{
			"_id": "I596182437763725266YNFRR",
			"_tpl": "5857a8bc2459772bad15db29",
			"parentId": "5c6687d65e9d882c8841f0fd",
			"slotId": "SecuredContainer"
		},
		{
			"_id": "I596182465276033446q1EOT",
			"_tpl": "56dff0bed2720bb0668b4567",
			"parentId": "I596182437763725266YNFRR",
			"slotId": "main",
			"upd": {
				"StackObjectsCount": 60
			}
		},
		{
			"_id": "I59618247827767290q7qh8j",
			"_tpl": "56dff421d2720b5f5a8b4567",
			"parentId": "I596182437763725266YNFRR",
			"slotId": "main",
			"upd": {
				"StackObjectsCount": 60
			}
		},
		{
			"_id": "I596182495197683845a7V3K",
			"_tpl": "56dff421d2720b5f5a8b4567",
			"parentId": "I596182437763725266YNFRR",
			"slotId": "main",
			"upd": {
				"StackObjectsCount": 60
			}
		},
		{
			"_id": "I59618243965853641l0GVYx",
			"_tpl": "56dff2ced2720bb4668b4567",
			"parentId": "I596182437763725266YNFRR",
			"slotId": "main",
			"upd": {
				"StackObjectsCount": 60
			}
		},
		{
			"_id": "I59618242134691154spj8ZR",
			"_tpl": "56dfef82d2720bbd668b4567",
			"parentId": "I596182437763725266YNFRR",
			"slotId": "main",
			"upd": {
				"StackObjectsCount": 60
			}
		},
		{
			"_id": "I59618243649357307RQsEC3",
			"_tpl": "56dff4ecd2720b5f5a8b4568",
			"parentId": "I596182437763725266YNFRR",
			"slotId": "main",
			"upd": {
				"StackObjectsCount": 60
			}
		},
		{
			"_id": "I59618248671421888swWI6i",
			"_tpl": "56dff061d2720bb5668b4567",
			"parentId": "I596182437763725266YNFRR",
			"slotId": "main",
			"upd": {
				"StackObjectsCount": 60
			}
		},
		{
			"_id": "I59618247136320781BKme7q",
			"_tpl": "56dff338d2720bbd668b4569",
			"parentId": "I596182437763725266YNFRR",
			"slotId": "main",
			"upd": {
				"StackObjectsCount": 60
			}
		},
		{
			"_id": "I59618246961288674ajX7oE",
			"_tpl": "56dff421d2720b5f5a8b4567",
			"parentId": "I596182437763725266YNFRR",
			"slotId": "main",
			"upd": {
				"StackObjectsCount": 60
			}
		},
		{
			"_id": "I59618244823117163W86SP7",
			"_tpl": "55d4837c4bdc2d1d4e8b456c",
			"parentId": "I596182438661246342V5O1O",
			"slotId": "3",
			"location": {
				"x": 0,
				"y": 0,
				"r": "Horizontal"
			}
		},
		{
			"_id": "I59618247517554874pnfLCW",
			"_tpl": "56dff421d2720b5f5a8b4567",
			"parentId": "I59618244823117163W86SP7",
			"slotId": "cartridges",
			"upd": {
				"StackObjectsCount": 10
			}
		},
		{
			"_id": "I59618244391171441eyaRvq",
			"_tpl": "55d4837c4bdc2d1d4e8b456c",
			"parentId": "I596182438661246342V5O1O",
			"slotId": "3",
			"location": {
				"x": 0,
				"y": 1,
				"r": "Horizontal"
			}
		},
		{
			"_id": "I59618245264717753t1KM2C",
			"_tpl": "56dfef82d2720bbd668b4567",
			"parentId": "I59618244391171441eyaRvq",
			"slotId": "cartridges",
			"upd": {
				"StackObjectsCount": 10
			}
		},
		{
			"_id": "I59618245400077443y0naau",
			"_tpl": "55d4837c4bdc2d1d4e8b456c",
			"parentId": "I596182438661246342V5O1O",
			"slotId": "5",
			"location": {
				"x": 0,
				"y": 0,
				"r": "Horizontal"
			}
		},
		{
			"_id": "I59618243174035466QGW7Ku",
			"_tpl": "56dff0bed2720bb0668b4567",
			"parentId": "I59618245400077443y0naau",
			"slotId": "cartridges",
			"upd": {
				"StackObjectsCount": 10
			}
		},
		{
			"_id": "I59618248069244783EUqep5",
			"_tpl": "55d4837c4bdc2d1d4e8b456c",
			"parentId": "I596182438661246342V5O1O",
			"slotId": "5",
			"location": {
				"x": 0,
				"y": 1,
				"r": "Horizontal"
			}
		},
		{
			"_id": "I59618241007221879HBz7yq",
			"_tpl": "56dff061d2720bb5668b4567",
			"parentId": "I59618248069244783EUqep5",
			"slotId": "cartridges",
			"upd": {
				"StackObjectsCount": 10
			}
		},
		{
			"_id": "I59618241536941098vW3nbS",
			"_tpl": "5448be9a4bdc2dfd2f8b456a",
			"parentId": "I596182438661246342V5O1O",
			"slotId": "1"
		},
		{
			"_id": "I59618245427118735GHZGB9",
			"_tpl": "56dff421d2720b5f5a8b4567",
			"parentId": "I596182438661246342V5O1O",
			"slotId": "2",
			"upd": {
				"StackObjectsCount": 17
			}
		},
		{
			"_id": "I59618244570350104Q3MbqQ",
			"_tpl": "54491bb74bdc2d09088b4567",
			"parentId": "5c6687d65e9d882c8841f0fd",
			"slotId": "Scabbard"
		},
		{
			"_id": "I59618245577072234wYt3GR",
			"_tpl": "5b4326435acfc433000ed01d",
			"parentId": "5c6687d65e9d882c8841f0fd",
			"slotId": "FaceCover"
		},
		{
			"_id": "I59618243669282046ghGziu",
			"_tpl": "5751496424597720a27126da",
			"parentId": "5c6687d65e9d882c8841f121",
			"slotId": "pocket1",
			"location": {
				"x": 0,
				"y": 0,
				"r": "Horizontal"
			},
			"upd": {
				"SpawnedInSession": true
			}
		},
		{
			"_id": "I59618248160446625JXKvmJ",
			"_tpl": "5751496424597720a27126da",
			"parentId": "5c6687d65e9d882c8841f121",
			"slotId": "pocket2",
			"location": {
				"x": 0,
				"y": 0,
				"r": "Horizontal"
			},
			"upd": {
				"SpawnedInSession": true
			}
		}
	],
	"equipment": "5c6687d65e9d882c8841f0fd",
	"stash": "5c6687d65e9d882c8841f0fc",
	"questRaidItems": "5c6687d65e9d882c8841f0fe",
	"questStashItems": "5c6687d65e9d882c8841f0ff",
	"fastPanel": {}
}