{
	"items": [
		{
			"_id": "5c6687d65e9d882c8841f0fd",
			"_tpl": "55d7217a4bdc2d86028b456d"
		},
		{
			"_id": "5c6687d65e9d882c8841f121",
			"_tpl": "557ffd194bdc2d28148b457f",
			"parentId": "5c6687d65e9d882c8841f0fd",
			"slotId": "Pockets"
		},
		{
			"_id": "5c6687d65e9d882c8841f0fc",
			"_tpl": "566abbc34bdc2d92178b4576"
		},
		{
			"_id": "5c6687d65e9d882c8841f0ff",
			"_tpl": "5963866b86f7747bfa1c4462"
		},
		{
			"_id": "5c6687d65e9d882c8841f0fe",
			"_tpl": "5963866286f7747bf429b572"
		},
		{
			"_id": "I59618241665224127sMoHIj",
			"_tpl": "5b44c8ea86f7742d1627baf1",
			"parentId": "5c6687d65e9d882c8841f0fd",
			"slotId": "TacticalVest"
		},
		{
			"_id": "I21320115716134274988nc2",
			"_tpl": "57dc2fa62459775949412633",
			"parentId": "5c6687d65e9d882c8841f0fd",
			"slotId": "FirstPrimaryWeapon",
			"upd": {
				"Repairable": {
					"MaxDurability": 100,
					"Durability": 100
				}
			}
		},
		{
			"_id": "I2132011578597074116PqhJ",
			"_tpl": "57e3dba62459770f0c32322b",
			"parentId": "I21320115716134274988nc2",
			"slotId": "mod_pistol_grip"
		},
		{
			"_id": "I2132011572783048457joUJ",
			"_tpl": "57dc347d245977596754e7a1",
			"parentId": "I21320115716134274988nc2",
			"slotId": "mod_stock"
		},
		{
			"_id": "I596182452814072286qmnsk",
			"_tpl": "55d480c04bdc2d1d4e8b456a",
			"parentId": "I21320115716134274988nc2",
			"slotId": "mod_magazine"
		},
		{
			"_id": "I59618246975347485016PW2",
			"_tpl": "5c0d5e4486f77478390952fe",
			"parentId": "I596182452814072286qmnsk",
			"slotId": "cartridges",
			"upd": {
				"StackObjectsCount": 30
			}
		},
		{
			"_id": "I21320115794237366644l2B",
			"_tpl": "57dc324a24597759501edc20",
			"parentId": "I21320115716134274988nc2",
			"slotId": "mod_muzzle"
		},
		{
			"_id": "I2132011576692510423qpoz",
			"_tpl": "57dc334d245977597164366f",
			"parentId": "I21320115716134274988nc2",
			"slotId": "mod_reciever"
		},
		{
			"_id": "I21320115789769698898ipD",
			"_tpl": "59d36a0086f7747e673f3946",
			"parentId": "I21320115716134274988nc2",
			"slotId": "mod_gas_block"
		},
		{
			"_id": "I2132011579196747376UXku",
			"_tpl": "56dfef82d2720bbd668b4567",
			"parentId": "I2132011575967327700JqHU",
			"slotId": "cartridges",
			"location": 0,
			"upd": {
				"StackObjectsCount": 30
			}
		},
		{
			"_id": "I2132011574203943141gmY8",
			"_tpl": "57ffb0062459777a045af529",
			"parentId": "I2132011576692510423qpoz",
			"slotId": "mod_mount_000"
		},
		{
			"_id": "I213201157620161223601xR",
			"_tpl": "57ffa9f4245977728561e844",
			"parentId": "I21320115789769698898ipD",
			"slotId": "mod_handguard"
		},
		{
			"_id": "I21320115759223288624HEJ",
			"_tpl": "56def37dd2720bec348b456a",
			"parentId": "I213201157620161223601xR",
			"slotId": "mod_tactical_000",
			"upd": {
				"Light": {
					"IsActive": true,
					"SelectedMode": 0
				}
			}
		},
		{
			"_id": "I59618247348328939yvqUaN",
			"_tpl": "5857a8bc2459772bad15db29",
			"parentId": "5c6687d65e9d882c8841f0fd",
			"slotId": "SecuredContainer"
		},
		{
			"_id": "I59618242929024209uKDk0j",
			"_tpl": "56dff4a2d2720bbd668b456a",
			"parentId": "I59618247348328939yvqUaN",
			"slotId": "main",
			"upd": {
				"StackObjectsCount": 60
			}
		},
		{
			"_id": "I59618245490377319ldWTEh",
			"_tpl": "56dff4ecd2720b5f5a8b4568",
			"parentId": "I59618247348328939yvqUaN",
			"slotId": "main",
			"upd": {
				"StackObjectsCount": 60
			}
		},
		{
			"_id": "I59618242231543981lxqK6s",
			"_tpl": "56dff338d2720bbd668b4569",
			"parentId": "I59618247348328939yvqUaN",
			"slotId": "main",
			"upd": {
				"StackObjectsCount": 60
			}
		},
		{
			"_id": "I59618241538859063khzeti",
			"_tpl": "56dff3afd2720bba668b4567",
			"parentId": "I59618247348328939yvqUaN",
			"slotId": "main",
			"upd": {
				"StackObjectsCount": 60
			}
		},
		{
			"_id": "I59618245524525198Y8L54S",
			"_tpl": "56dff026d2720bb8668b4567",
			"parentId": "I59618247348328939yvqUaN",
			"slotId": "main",
			"upd": {
				"StackObjectsCount": 60
			}
		},
		{
			"_id": "I59618247982981543iGq6qy",
			"_tpl": "5c0d5e4486f77478390952fe",
			"parentId": "I59618247348328939yvqUaN",
			"slotId": "main",
			"upd": {
				"StackObjectsCount": 60
			}
		},
		{
			"_id": "I59618244976858189vLQ23j",
			"_tpl": "56dff4a2d2720bbd668b456a",
			"parentId": "I59618247348328939yvqUaN",
			"slotId": "main",
			"upd": {
				"StackObjectsCount": 60
			}
		},
		{
			"_id": "I59618248741270051zfUVpr",
			"_tpl": "56dff4a2d2720bbd668b456a",
			"parentId": "I59618247348328939yvqUaN",
			"slotId": "main",
			"upd": {
				"StackObjectsCount": 60
			}
		},
		{
			"_id": "I59618241994142238tASUBH",
			"_tpl": "5c0d5e4486f77478390952fe",
			"parentId": "I59618247348328939yvqUaN",
			"slotId": "main",
			"upd": {
				"StackObjectsCount": 60
			}
		},
		{
			"_id": "I59618245384959923OuarMe",
			"_tpl": "544fb25a4bdc2dfb738b4567",
			"parentId": "I59618241665224127sMoHIj",
			"slotId": "1"
		},
		{
			"_id": "I59618243803804076Zfo7xI",
			"_tpl": "55d480c04bdc2d1d4e8b456a",
			"parentId": "I59618241665224127sMoHIj",
			"slotId": "2",
			"location": {
				"x": 0,
				"y": 0,
				"r": "Horizontal"
			}
		},
		{
			"_id": "I59618249958093234oTRDQQ",
			"_tpl": "56dff3afd2720bba668b4567",
			"parentId": "I59618243803804076Zfo7xI",
			"slotId": "cartridges",
			"upd": {
				"StackObjectsCount": 30
			}
		},
		{
			"_id": "I59618248799903802x1PRvL",
			"_tpl": "55d480c04bdc2d1d4e8b456a",
			"parentId": "I59618241665224127sMoHIj",
			"slotId": "4",
			"location": {
				"x": 0,
				"y": 0,
				"r": "Horizontal"
			}
		},
		{
			"_id": "I59618241705273971B7W65v",
			"_tpl": "56dff061d2720bb5668b4567",
			"parentId": "I59618248799903802x1PRvL",
			"slotId": "cartridges",
			"upd": {
				"StackObjectsCount": 30
			}
		},
		{
			"_id": "I596182415574200437hJqBp",
			"_tpl": "55d480c04bdc2d1d4e8b456a",
			"parentId": "I59618241665224127sMoHIj",
			"slotId": "6",
			"location": {
				"x": 0,
				"y": 0,
				"r": "Horizontal"
			}
		},
		{
			"_id": "I59618241395287052YMG7MO",
			"_tpl": "56dff3afd2720bba668b4567",
			"parentId": "I596182415574200437hJqBp",
			"slotId": "cartridges",
			"upd": {
				"StackObjectsCount": 30
			}
		},
		{
			"_id": "I59618249857311085WMrnaU",
			"_tpl": "54491bb74bdc2d09088b4567",
			"parentId": "5c6687d65e9d882c8841f0fd",
			"slotId": "Scabbard"
		},
		{
			"_id": "I596182488217689224XajTP",
			"_tpl": "5d6d2e22a4b9361bd5780d05",
			"parentId": "5c6687d65e9d882c8841f0fd",
			"slotId": "Eyewear"
		},
		{
			"_id": "I59618241576508954JBxSoK",
			"_tpl": "5d1b31ce86f7742523398394",
			"parentId": "5c6687d65e9d882c8841f121",
			"slotId": "pocket1",
			"location": {
				"x": 0,
				"y": 0,
				"r": "Horizontal"
			},
			"upd": {
				"SpawnedInSession": true
			}
		},
		{
			"_id": "I59618248672300793PejndK",
			"_tpl": "590c2b4386f77425357b6123",
			"parentId": "5c6687d65e9d882c8841f121",
			"slotId": "pocket2",
			"location": {
				"x": 0,
				"y": 0,
				"r": "Horizontal"
			},
			"upd": {
				"SpawnedInSession": true
			}
		}
	],
	"equipment": "5c6687d65e9d882c8841f0fd",
	"stash": "5c6687d65e9d882c8841f0fc",
	"questRaidItems": "5c6687d65e9d882c8841f0fe",
	"questStashItems": "5c6687d65e9d882c8841f0ff",
	"fastPanel": {}
}