{
	"items": [
		{
			"_id": "5c6687d65e9d882c8841f0fd",
			"_tpl": "55d7217a4bdc2d86028b456d"
		},
		{
			"_id": "5c6687d65e9d882c8841f121",
			"_tpl": "557ffd194bdc2d28148b457f",
			"parentId": "5c6687d65e9d882c8841f0fd",
			"slotId": "Pockets"
		},
		{
			"_id": "5c6687d65e9d882c8841f0fc",
			"_tpl": "566abbc34bdc2d92178b4576"
		},
		{
			"_id": "5c6687d65e9d882c8841f0ff",
			"_tpl": "5963866b86f7747bfa1c4462"
		},
		{
			"_id": "5c6687d65e9d882c8841f0fe",
			"_tpl": "5963866286f7747bf429b572"
		},
		{
			"_id": "I59618248011286610fHRdaq",
			"_tpl": "572b7adb24597762ae139821",
			"parentId": "5c6687d65e9d882c8841f0fd",
			"slotId": "TacticalVest"
		},
		{
			"_id": "I21006442420799264fjzaqP",
			"_tpl": "57c44b372459772d2b39b8ce",
			"parentId": "5c6687d65e9d882c8841f0fd",
			"slotId": "FirstPrimaryWeapon",
			"upd": {
				"Repairable": {
					"MaxDurability": 100,
					"Durability": 100
				}
			}
		},
		{
			"_id": "I21006443676203686AWZCMM",
			"_tpl": "57c44dd02459772d2e0ae249",
			"parentId": "I21006442420799264fjzaqP",
			"slotId": "mod_muzzle"
		},
		{
			"_id": "I21006449791668513ioeKAe",
			"_tpl": "57c44f4f2459772d2c627113",
			"parentId": "I21006442420799264fjzaqP",
			"slotId": "mod_reciever"
		},
		{
			"_id": "I59618243275468869C0h9pM",
			"_tpl": "57838f9f2459774a150289a0",
			"parentId": "I21006442420799264fjzaqP",
			"slotId": "mod_magazine"
		},
		{
			"_id": "I59618246261187365mTB1qO",
			"_tpl": "57a0dfb82459774d3078b56c",
			"parentId": "I59618243275468869C0h9pM",
			"slotId": "cartridges",
			"upd": {
				"StackObjectsCount": 20
			}
		},
		{
			"_id": "I210064493204083724NeJFH",
			"_tpl": "57c44fa82459772d2d75e415",
			"parentId": "I21006442420799264fjzaqP",
			"slotId": "mod_pistol_grip"
		},
		{
			"_id": "I21006449938217971Rju6mT",
			"_tpl": "57c450252459772d28133253",
			"parentId": "I21006442420799264fjzaqP",
			"slotId": "mod_stock"
		},
		{
			"_id": "I21006447533005487elvQPs",
			"_tpl": "57c44e7b2459772d28133248",
			"parentId": "I21006443676203686AWZCMM",
			"slotId": "mod_sight_rear",
			"upd": {
				"Sight": {
					"SelectedSightMode": 0
				}
			}
		},
		{
			"_id": "I59618247843808171a9TtNj",
			"_tpl": "5857a8bc2459772bad15db29",
			"parentId": "5c6687d65e9d882c8841f0fd",
			"slotId": "SecuredContainer"
		},
		{
			"_id": "I59618248777808623rgwda9",
			"_tpl": "57a0dfb82459774d3078b56c",
			"parentId": "I59618247843808171a9TtNj",
			"slotId": "main",
			"upd": {
				"StackObjectsCount": 60
			}
		},
		{
			"_id": "I59618242398807716vJLlTQ",
			"_tpl": "57a0e5022459774d1673f889",
			"parentId": "I59618247843808171a9TtNj",
			"slotId": "main",
			"upd": {
				"StackObjectsCount": 60
			}
		},
		{
			"_id": "I59618241532755926D2nP2R",
			"_tpl": "5c0d668f86f7747ccb7f13b2",
			"parentId": "I59618247843808171a9TtNj",
			"slotId": "main",
			"upd": {
				"StackObjectsCount": 60
			}
		},
		{
			"_id": "I59618246196655349AM88N6",
			"_tpl": "5c0d688c86f77413ae3407b2",
			"parentId": "I59618247843808171a9TtNj",
			"slotId": "main",
			"upd": {
				"StackObjectsCount": 60
			}
		},
		{
			"_id": "I59618244257472748qPzjy9",
			"_tpl": "5c0d688c86f77413ae3407b2",
			"parentId": "I59618247843808171a9TtNj",
			"slotId": "main",
			"upd": {
				"StackObjectsCount": 60
			}
		},
		{
			"_id": "I59618242316760954WVKbUQ",
			"_tpl": "5c0d668f86f7747ccb7f13b2",
			"parentId": "I59618247843808171a9TtNj",
			"slotId": "main",
			"upd": {
				"StackObjectsCount": 60
			}
		},
		{
			"_id": "I59618247682077134Y97pQZ",
			"_tpl": "57a0e5022459774d1673f889",
			"parentId": "I59618247843808171a9TtNj",
			"slotId": "main",
			"upd": {
				"StackObjectsCount": 60
			}
		},
		{
			"_id": "I59618245405284428gEKq0d",
			"_tpl": "57a0e5022459774d1673f889",
			"parentId": "I59618247843808171a9TtNj",
			"slotId": "main",
			"upd": {
				"StackObjectsCount": 60
			}
		},
		{
			"_id": "I59618244065072874vqRyan",
			"_tpl": "5c0d668f86f7747ccb7f13b2",
			"parentId": "I59618247843808171a9TtNj",
			"slotId": "main",
			"upd": {
				"StackObjectsCount": 60
			}
		},
		{
			"_id": "I596182477776526165hbcM9",
			"_tpl": "5a9e81fba2750c00164f6b11",
			"parentId": "I59618248011286610fHRdaq",
			"slotId": "2",
			"location": {
				"x": 0,
				"y": 0,
				"r": "Horizontal"
			}
		},
		{
			"_id": "I59618244548698439GfFwGy",
			"_tpl": "5c0d688c86f77413ae3407b2",
			"parentId": "I596182477776526165hbcM9",
			"slotId": "cartridges",
			"upd": {
				"StackObjectsCount": 30
			}
		},
		{
			"_id": "I59618245653965317gFppfK",
			"_tpl": "5a0c27731526d80618476ac4",
			"parentId": "I59618248011286610fHRdaq",
			"slotId": "1"
		},
		{
			"_id": "I59618241553829091K29cxh",
			"_tpl": "57a0e5022459774d1673f889",
			"parentId": "I59618248011286610fHRdaq",
			"slotId": "4",
			"upd": {
				"StackObjectsCount": 9
			}
		},
		{
			"_id": "I59618242068998952nZiaUq",
			"_tpl": "54491bb74bdc2d09088b4567",
			"parentId": "5c6687d65e9d882c8841f0fd",
			"slotId": "Scabbard"
		},
		{
			"_id": "I596182484912619117MOJTi",
			"_tpl": "5e00c1ad86f774747333222c",
			"parentId": "5c6687d65e9d882c8841f0fd",
			"slotId": "Headwear"
		},
		{
			"_id": "I59618245424990219Q1asx9",
			"_tpl": "5e00cfa786f77469dc6e5685",
			"parentId": "I596182484912619117MOJTi",
			"slotId": "mod_equipment_000",
			"upd": {
				"Togglable": {
					"On": true
				}
			}
		},
		{
			"_id": "I59618241233428214MzRcZc",
			"_tpl": "59e7715586f7742ee5789605",
			"parentId": "5c6687d65e9d882c8841f0fd",
			"slotId": "FaceCover"
		},
		{
			"_id": "I59618242034523670Ovh3ma",
			"_tpl": "56e33634d2720bd8058b456b",
			"parentId": "5c6687d65e9d882c8841f0fd",
			"slotId": "Backpack"
		},
		{
			"_id": "I59618248410266022xMDCao",
			"_tpl": "57347b8b24597737dd42e192",
			"parentId": "I59618242034523670Ovh3ma",
			"slotId": "main",
			"location": {
				"x": 0,
				"y": 0,
				"r": "Horizontal"
			}
		},
		{
			"_id": "I59618244551794999tk00Qr",
			"_tpl": "5d63d33b86f7746ea9275524",
			"parentId": "I59618242034523670Ovh3ma",
			"slotId": "main",
			"location": {
				"x": 0,
				"y": 1,
				"r": "Horizontal"
			}
		},
		{
			"_id": "I59618247265063221KPdaw4",
			"_tpl": "5938994586f774523a425196",
			"parentId": "I59618242034523670Ovh3ma",
			"slotId": "main",
			"location": {
				"x": 0,
				"y": 2,
				"r": "Horizontal"
			}
		},
		{
			"_id": "I59618246738922321aCwmCY",
			"_tpl": "57347d5f245977448b40fa81",
			"parentId": "I59618242034523670Ovh3ma",
			"slotId": "main",
			"location": {
				"x": 1,
				"y": 0,
				"r": "Horizontal"
			}
		},
		{
			"_id": "I596182441051877764Hwsm6",
			"_tpl": "544fb25a4bdc2dfb738b4567",
			"parentId": "I59618242034523670Ovh3ma",
			"slotId": "main",
			"location": {
				"x": 1,
				"y": 1,
				"r": "Horizontal"
			}
		},
		{
			"_id": "I59618244394049641uHgnou",
			"_tpl": "59e7635f86f7742cbf2c1095",
			"parentId": "5c6687d65e9d882c8841f0fd",
			"slotId": "ArmorVest",
			"upd": {
				"Repairable": {
					"MaxDurability": 40,
					"Durability": 37
				}
			}
		},
		{
			"_id": "I59618246442586975756Mrt",
			"_tpl": "5bc9c29cd4351e003562b8a3",
			"parentId": "5c6687d65e9d882c8841f121",
			"slotId": "pocket1",
			"location": {
				"x": 0,
				"y": 0,
				"r": "Horizontal"
			},
			"upd": {
				"SpawnedInSession": true
			}
		},
		{
			"_id": "I596182436081409413WGvj4",
			"_tpl": "5c093e3486f77430cb02e593",
			"parentId": "5c6687d65e9d882c8841f121",
			"slotId": "pocket2",
			"location": {
				"x": 0,
				"y": 0,
				"r": "Horizontal"
			},
			"upd": {
				"SpawnedInSession": true
			}
		},
		{
			"_id": "I596182425400638845UeZYw",
			"_tpl": "5bc9b355d4351e6d1509862a",
			"parentId": "5c6687d65e9d882c8841f121",
			"slotId": "pocket3",
			"location": {
				"x": 0,
				"y": 0,
				"r": "Horizontal"
			},
			"upd": {
				"SpawnedInSession": true
			}
		}
	],
	"equipment": "5c6687d65e9d882c8841f0fd",
	"stash": "5c6687d65e9d882c8841f0fc",
	"questRaidItems": "5c6687d65e9d882c8841f0fe",
	"questStashItems": "5c6687d65e9d882c8841f0ff",
	"fastPanel": {}
}