{
	"items": [
		{
			"_id": "5c6687d65e9d882c8841f0fd",
			"_tpl": "55d7217a4bdc2d86028b456d"
		},
		{
			"_id": "5c6687d65e9d882c8841f121",
			"_tpl": "557ffd194bdc2d28148b457f",
			"parentId": "5c6687d65e9d882c8841f0fd",
			"slotId": "Pockets"
		},
		{
			"_id": "5c6687d65e9d882c8841f0fc",
			"_tpl": "566abbc34bdc2d92178b4576"
		},
		{
			"_id": "5c6687d65e9d882c8841f0ff",
			"_tpl": "5963866b86f7747bfa1c4462"
		},
		{
			"_id": "5c6687d65e9d882c8841f0fe",
			"_tpl": "5963866286f7747bf429b572"
		},
		{
			"_id": "I59618249002916967MuDcRX",
			"_tpl": "572b7adb24597762ae139821",
			"parentId": "5c6687d65e9d882c8841f0fd",
			"slotId": "TacticalVest"
		},
		{
			"_id": "I331036255792197915oMwTa",
			"_tpl": "59f9cabd86f7743a10721f46",
			"parentId": "5c6687d65e9d882c8841f0fd",
			"slotId": "FirstPrimaryWeapon",
			"upd": {
				"Repairable": {
					"MaxDurability": 100,
					"Durability": 100
				}
			}
		},
		{
			"_id": "I33103627174161435JEgCDb",
			"_tpl": "5998517986f7746017232f7e",
			"parentId": "I331036255792197915oMwTa",
			"slotId": "mod_pistol_grip"
		},
		{
			"_id": "I59618243684301530G2dtJX",
			"_tpl": "5998529a86f774647f44f421",
			"parentId": "I331036255792197915oMwTa",
			"slotId": "mod_magazine"
		},
		{
			"_id": "I596182410083151426HPMOj",
			"_tpl": "58864a4f2459770fcc257101",
			"parentId": "I59618243684301530G2dtJX",
			"slotId": "cartridges",
			"upd": {
				"StackObjectsCount": 10
			}
		},
		{
			"_id": "I33103629372271550kdxFRH",
			"_tpl": "5998598e86f7740b3f498a86",
			"parentId": "I331036255792197915oMwTa",
			"slotId": "mod_muzzle"
		},
		{
			"_id": "I33103621995555808ha4dJT",
			"_tpl": "59985a8086f77414ec448d1a",
			"parentId": "I331036255792197915oMwTa",
			"slotId": "mod_reciever"
		},
		{
			"_id": "I33103623367074381PupKPH",
			"_tpl": "599860e986f7743bb57573a6",
			"parentId": "I331036255792197915oMwTa",
			"slotId": "mod_sight_rear",
			"upd": {
				"Sight": {
					"SelectedSightMode": 0
				}
			}
		},
		{
			"_id": "I33103628123696719ief5CG",
			"_tpl": "59ccd11386f77428f24a488f",
			"parentId": "I331036255792197915oMwTa",
			"slotId": "mod_gas_block"
		},
		{
			"_id": "I33103624958032192nHCcd6",
			"_tpl": "5648b1504bdc2d9d488b4584",
			"parentId": "I33103628123696719ief5CG",
			"slotId": "mod_handguard"
		},
		{
			"_id": "I59618242801757341zQiEzs",
			"_tpl": "5857a8bc2459772bad15db29",
			"parentId": "5c6687d65e9d882c8841f0fd",
			"slotId": "SecuredContainer"
		},
		{
			"_id": "I59618249596714926wX9r1D",
			"_tpl": "58864a4f2459770fcc257101",
			"parentId": "I59618242801757341zQiEzs",
			"slotId": "main",
			"upd": {
				"StackObjectsCount": 60
			}
		},
		{
			"_id": "I596182439266330007tjMoc",
			"_tpl": "5c0d56a986f774449d5de529",
			"parentId": "I59618242801757341zQiEzs",
			"slotId": "main",
			"upd": {
				"StackObjectsCount": 60
			}
		},
		{
			"_id": "I59618243957071351AwtKt8",
			"_tpl": "56d59d3ad2720bdb418b4577",
			"parentId": "I59618242801757341zQiEzs",
			"slotId": "main",
			"upd": {
				"StackObjectsCount": 60
			}
		},
		{
			"_id": "I59618248211376573hjjkg8",
			"_tpl": "5c3df7d588a4501f290594e5",
			"parentId": "I59618242801757341zQiEzs",
			"slotId": "main",
			"upd": {
				"StackObjectsCount": 60
			}
		},
		{
			"_id": "I59618245886838437LhlMHk",
			"_tpl": "5c0d56a986f774449d5de529",
			"parentId": "I59618242801757341zQiEzs",
			"slotId": "main",
			"upd": {
				"StackObjectsCount": 60
			}
		},
		{
			"_id": "I59618245119742849pUyTzm",
			"_tpl": "58864a4f2459770fcc257101",
			"parentId": "I59618242801757341zQiEzs",
			"slotId": "main",
			"upd": {
				"StackObjectsCount": 60
			}
		},
		{
			"_id": "I59618243057338535pj3cbz",
			"_tpl": "5c0d56a986f774449d5de529",
			"parentId": "I59618242801757341zQiEzs",
			"slotId": "main",
			"upd": {
				"StackObjectsCount": 60
			}
		},
		{
			"_id": "I59618244547656614XtoWRH",
			"_tpl": "5c3df7d588a4501f290594e5",
			"parentId": "I59618242801757341zQiEzs",
			"slotId": "main",
			"upd": {
				"StackObjectsCount": 60
			}
		},
		{
			"_id": "I59618243392141012YsFLW6",
			"_tpl": "56d59d3ad2720bdb418b4577",
			"parentId": "I59618242801757341zQiEzs",
			"slotId": "main",
			"upd": {
				"StackObjectsCount": 60
			}
		},
		{
			"_id": "I59618243799856165W06qz1",
			"_tpl": "5c0673fb0db8340023300271",
			"parentId": "I59618249002916967MuDcRX",
			"slotId": "2",
			"location": {
				"x": 0,
				"y": 0,
				"r": "Horizontal"
			}
		},
		{
			"_id": "I59618246227928585cSw3zG",
			"_tpl": "5c3df7d588a4501f290594e5",
			"parentId": "I59618243799856165W06qz1",
			"slotId": "cartridges",
			"upd": {
				"StackObjectsCount": 20
			}
		},
		{
			"_id": "I59618248558582398xUtVUz",
			"_tpl": "5a3c16fe86f77452b62de32a",
			"parentId": "I59618249002916967MuDcRX",
			"slotId": "1",
			"upd": {
				"StackObjectsCount": 6
			}
		},
		{
			"_id": "I59618241662842973hbKALG",
			"_tpl": "5bffdc370db834001d23eca8",
			"parentId": "5c6687d65e9d882c8841f0fd",
			"slotId": "Scabbard"
		},
		{
			"_id": "I59618243153057221O0u1XI",
			"_tpl": "5d5fca1ea4b93635fd598c07",
			"parentId": "5c6687d65e9d882c8841f0fd",
			"slotId": "Eyewear"
		},
		{
			"_id": "I59618249858356968UOC1zH",
			"_tpl": "59e7635f86f7742cbf2c1095",
			"parentId": "5c6687d65e9d882c8841f0fd",
			"slotId": "ArmorVest",
			"upd": {
				"Repairable": {
					"MaxDurability": 40,
					"Durability": 1
				}
			}
		}
	],
	"equipment": "5c6687d65e9d882c8841f0fd",
	"stash": "5c6687d65e9d882c8841f0fc",
	"questRaidItems": "5c6687d65e9d882c8841f0fe",
	"questStashItems": "5c6687d65e9d882c8841f0ff",
	"fastPanel": {}
}