{
	"items": [
		{
			"_id": "5c6687d65e9d882c8841f0fd",
			"_tpl": "55d7217a4bdc2d86028b456d"
		},
		{
			"_id": "5c6687d65e9d882c8841f121",
			"_tpl": "557ffd194bdc2d28148b457f",
			"parentId": "5c6687d65e9d882c8841f0fd",
			"slotId": "Pockets"
		},
		{
			"_id": "5c6687d65e9d882c8841f0fc",
			"_tpl": "566abbc34bdc2d92178b4576"
		},
		{
			"_id": "5c6687d65e9d882c8841f0ff",
			"_tpl": "5963866b86f7747bfa1c4462"
		},
		{
			"_id": "5c6687d65e9d882c8841f0fe",
			"_tpl": "5963866286f7747bf429b572"
		},
		{
			"_id": "I59618247360159857w9wSUm",
			"_tpl": "572b7adb24597762ae139821",
			"parentId": "5c6687d65e9d882c8841f0fd",
			"slotId": "TacticalVest"
		},
		{
			"_id": "I21004568990068539X4py03",
			"_tpl": "59e6152586f77473dc057aa1",
			"parentId": "5c6687d65e9d882c8841f0fd",
			"slotId": "FirstPrimaryWeapon",
			"upd": {
				"Repairable": {
					"MaxDurability": 100,
					"Durability": 100
				}
			}
		},
		{
			"_id": "I21004565535012213q1vPJy",
			"_tpl": "59e649f986f77411d949b246",
			"parentId": "I21004568990068539X4py03",
			"slotId": "mod_gas_block"
		},
		{
			"_id": "I21004561581886902bdDXxQ",
			"_tpl": "59e61eb386f77440d64f5daf",
			"parentId": "I21004568990068539X4py03",
			"slotId": "mod_muzzle"
		},
		{
			"_id": "I21004564862018236cOC1kG",
			"_tpl": "59e6318286f77444dd62c4cc",
			"parentId": "I21004568990068539X4py03",
			"slotId": "mod_pistol_grip"
		},
		{
			"_id": "I210045693600940218V2zna",
			"_tpl": "59e6449086f7746c9f75e822",
			"parentId": "I21004568990068539X4py03",
			"slotId": "mod_reciever"
		},
		{
			"_id": "I21004565547401397KcUSau",
			"_tpl": "59d650cf86f7741b846413a4",
			"parentId": "I21004568990068539X4py03",
			"slotId": "mod_sight_rear",
			"upd": {
				"Sight": {
					"SelectedSightMode": 0
				}
			}
		},
		{
			"_id": "I21004568116809123jkDH2Q",
			"_tpl": "59e6227d86f77440d64f5dc2",
			"parentId": "I21004568990068539X4py03",
			"slotId": "mod_stock"
		},
		{
			"_id": "I59618242511453197RfGgyU",
			"_tpl": "5e21a3c67e40bd02257a008a",
			"parentId": "I21004568990068539X4py03",
			"slotId": "mod_magazine"
		},
		{
			"_id": "I59618246100409345x42mkZ",
			"_tpl": "59e4cf5286f7741778269d8a",
			"parentId": "I59618242511453197RfGgyU",
			"slotId": "cartridges",
			"upd": {
				"StackObjectsCount": 30
			}
		},
		{
			"_id": "I21004566382817988WX2JgX",
			"_tpl": "59e6284f86f77440d569536f",
			"parentId": "I21004565535012213q1vPJy",
			"slotId": "mod_handguard"
		},
		{
			"_id": "I59618245582804386oaXrou",
			"_tpl": "5857a8bc2459772bad15db29",
			"parentId": "5c6687d65e9d882c8841f0fd",
			"slotId": "SecuredContainer"
		},
		{
			"_id": "I596182483167298525MzI8Z",
			"_tpl": "5656d7c34bdc2d9d198b4587",
			"parentId": "I59618245582804386oaXrou",
			"slotId": "main",
			"upd": {
				"StackObjectsCount": 60
			}
		},
		{
			"_id": "I59618244317426974MnLHMC",
			"_tpl": "59e4d3d286f774176a36250a",
			"parentId": "I59618245582804386oaXrou",
			"slotId": "main",
			"upd": {
				"StackObjectsCount": 60
			}
		},
		{
			"_id": "I596182478054891332kaL5N",
			"_tpl": "59e4d3d286f774176a36250a",
			"parentId": "I59618245582804386oaXrou",
			"slotId": "main",
			"upd": {
				"StackObjectsCount": 60
			}
		},
		{
			"_id": "I59618246433283782ecHza2",
			"_tpl": "59e0d99486f7744a32234762",
			"parentId": "I59618245582804386oaXrou",
			"slotId": "main",
			"upd": {
				"StackObjectsCount": 60
			}
		},
		{
			"_id": "I59618245048984795lyYGQJ",
			"_tpl": "59e4d24686f7741776641ac7",
			"parentId": "I59618245582804386oaXrou",
			"slotId": "main",
			"upd": {
				"StackObjectsCount": 60
			}
		},
		{
			"_id": "I59618246282420531Y3cI5m",
			"_tpl": "5656d7c34bdc2d9d198b4587",
			"parentId": "I59618245582804386oaXrou",
			"slotId": "main",
			"upd": {
				"StackObjectsCount": 60
			}
		},
		{
			"_id": "I596182444099808134jqZnD",
			"_tpl": "5656d7c34bdc2d9d198b4587",
			"parentId": "I59618245582804386oaXrou",
			"slotId": "main",
			"upd": {
				"StackObjectsCount": 60
			}
		},
		{
			"_id": "I59618246593075737goO1lI",
			"_tpl": "59e4d24686f7741776641ac7",
			"parentId": "I59618245582804386oaXrou",
			"slotId": "main",
			"upd": {
				"StackObjectsCount": 60
			}
		},
		{
			"_id": "I59618242766545819z3Bp0x",
			"_tpl": "59e0d99486f7744a32234762",
			"parentId": "I59618245582804386oaXrou",
			"slotId": "main",
			"upd": {
				"StackObjectsCount": 60
			}
		},
		{
			"_id": "I59618244262458897b74Hxj",
			"_tpl": "544fb25a4bdc2dfb738b4567",
			"parentId": "I59618247360159857w9wSUm",
			"slotId": "2"
		},
		{
			"_id": "I59618247524788157pneG7h",
			"_tpl": "5a01c29586f77474660c694c",
			"parentId": "I59618247360159857w9wSUm",
			"slotId": "3",
			"location": {
				"x": 0,
				"y": 0,
				"r": "Horizontal"
			}
		},
		{
			"_id": "I59618243633977765By9XfO",
			"_tpl": "59e4d3d286f774176a36250a",
			"parentId": "I59618247524788157pneG7h",
			"slotId": "cartridges",
			"upd": {
				"StackObjectsCount": 30
			}
		},
		{
			"_id": "I59618242603991960HWqCAQ",
			"_tpl": "59e4cf5286f7741778269d8a",
			"parentId": "I59618247360159857w9wSUm",
			"slotId": "1",
			"upd": {
				"StackObjectsCount": 55
			}
		},
		{
			"_id": "I596182496533966899eBdOD",
			"_tpl": "54491bb74bdc2d09088b4567",
			"parentId": "5c6687d65e9d882c8841f0fd",
			"slotId": "Scabbard"
		},
		{
			"_id": "I59618243451304647vIE8zE",
			"_tpl": "5ca20d5986f774331e7c9602",
			"parentId": "5c6687d65e9d882c8841f0fd",
			"slotId": "Backpack"
		},
		{
			"_id": "I59618241708670703dRw3iN",
			"_tpl": "5b44d22286f774172b0c9de8",
			"parentId": "5c6687d65e9d882c8841f0fd",
			"slotId": "ArmorVest",
			"upd": {
				"Repairable": {
					"MaxDurability": 70,
					"Durability": 12
				}
			}
		},
		{
			"_id": "I59618241386727667FG4gId",
			"_tpl": "59e361e886f774176c10a2a5",
			"parentId": "5c6687d65e9d882c8841f121",
			"slotId": "pocket1",
			"location": {
				"x": 0,
				"y": 0,
				"r": "Horizontal"
			},
			"upd": {
				"SpawnedInSession": true
			}
		},
		{
			"_id": "I596182461185777674q6Jyr",
			"_tpl": "5938994586f774523a425196",
			"parentId": "5c6687d65e9d882c8841f121",
			"slotId": "pocket2",
			"location": {
				"x": 0,
				"y": 0,
				"r": "Horizontal"
			},
			"upd": {
				"SpawnedInSession": true
			}
		}
	],
	"equipment": "5c6687d65e9d882c8841f0fd",
	"stash": "5c6687d65e9d882c8841f0fc",
	"questRaidItems": "5c6687d65e9d882c8841f0fe",
	"questStashItems": "5c6687d65e9d882c8841f0ff",
	"fastPanel": {}
}