{
	"items": [
		{
			"_id": "5c6687d65e9d882c8841f0fd",
			"_tpl": "55d7217a4bdc2d86028b456d"
		},
		{
			"_id": "5c6687d65e9d882c8841f121",
			"_tpl": "557ffd194bdc2d28148b457f",
			"parentId": "5c6687d65e9d882c8841f0fd",
			"slotId": "Pockets"
		},
		{
			"_id": "5c6687d65e9d882c8841f0fc",
			"_tpl": "566abbc34bdc2d92178b4576"
		},
		{
			"_id": "5c6687d65e9d882c8841f0ff",
			"_tpl": "5963866b86f7747bfa1c4462"
		},
		{
			"_id": "5c6687d65e9d882c8841f0fe",
			"_tpl": "5963866286f7747bf429b572"
		},
		{
			"_id": "I59618249622518797tI2RXH",
			"_tpl": "5c0e446786f7742013381639",
			"parentId": "5c6687d65e9d882c8841f0fd",
			"slotId": "TacticalVest"
		},
		{
			"_id": "I331017482780841435AhGt6",
			"_tpl": "5ab8e9fcd8ce870019439434",
			"parentId": "5c6687d65e9d882c8841f0fd",
			"slotId": "FirstPrimaryWeapon",
			"upd": {
				"Repairable": {
					"MaxDurability": 100,
					"Durability": 100
				}
			}
		},
		{
			"_id": "I3310174856292415005HYwu",
			"_tpl": "59c6633186f7740cf0493bb9",
			"parentId": "I331017482780841435AhGt6",
			"slotId": "mod_gas_block"
		},
		{
			"_id": "I331017485185961610JvntI",
			"_tpl": "5649aa744bdc2ded0b8b457e",
			"parentId": "I331017482780841435AhGt6",
			"slotId": "mod_muzzle"
		},
		{
			"_id": "I3310174882290139167WR2R",
			"_tpl": "57e3dba62459770f0c32322b",
			"parentId": "I331017482780841435AhGt6",
			"slotId": "mod_pistol_grip"
		},
		{
			"_id": "I331017482580523344idHJD",
			"_tpl": "5649b0544bdc2d1b2b8b458a",
			"parentId": "I331017482780841435AhGt6",
			"slotId": "mod_sight_rear",
			"upd": {
				"Sight": {
					"SelectedSightMode": 0
				}
			}
		},
		{
			"_id": "I331017484401527346Lw7Hl",
			"_tpl": "5ab626e4d8ce87272e4c6e43",
			"parentId": "I331017482780841435AhGt6",
			"slotId": "mod_stock"
		},
		{
			"_id": "I59618241030438408WoJ3Yx",
			"_tpl": "55d4837c4bdc2d1d4e8b456c",
			"parentId": "I331017482780841435AhGt6",
			"slotId": "mod_magazine"
		},
		{
			"_id": "I59618246901389900N1FrG5",
			"_tpl": "56dff0bed2720bb0668b4567",
			"parentId": "I59618241030438408WoJ3Yx",
			"slotId": "cartridges",
			"upd": {
				"StackObjectsCount": 10
			}
		},
		{
			"_id": "I331017485538352065oHxLJ",
			"_tpl": "5648b0744bdc2d363b8b4578",
			"parentId": "I3310174856292415005HYwu",
			"slotId": "mod_handguard"
		},
		{
			"_id": "I59618242276781459ogu0dw",
			"_tpl": "5857a8bc2459772bad15db29",
			"parentId": "5c6687d65e9d882c8841f0fd",
			"slotId": "SecuredContainer"
		},
		{
			"_id": "I596182490237312648MdNJG",
			"_tpl": "56dff3afd2720bba668b4567",
			"parentId": "I59618242276781459ogu0dw",
			"slotId": "main",
			"upd": {
				"StackObjectsCount": 60
			}
		},
		{
			"_id": "I59618247692499927zLOyMQ",
			"_tpl": "56dff3afd2720bba668b4567",
			"parentId": "I59618242276781459ogu0dw",
			"slotId": "main",
			"upd": {
				"StackObjectsCount": 60
			}
		},
		{
			"_id": "I59618241919643632ZcCUDn",
			"_tpl": "56dff338d2720bbd668b4569",
			"parentId": "I59618242276781459ogu0dw",
			"slotId": "main",
			"upd": {
				"StackObjectsCount": 60
			}
		},
		{
			"_id": "I59618245775341327EemdYr",
			"_tpl": "56dff2ced2720bb4668b4567",
			"parentId": "I59618242276781459ogu0dw",
			"slotId": "main",
			"upd": {
				"StackObjectsCount": 60
			}
		},
		{
			"_id": "I5961824479286202835rosa",
			"_tpl": "56dff216d2720bbd668b4568",
			"parentId": "I59618242276781459ogu0dw",
			"slotId": "main",
			"upd": {
				"StackObjectsCount": 60
			}
		},
		{
			"_id": "I59618246831046671OYjGQp",
			"_tpl": "56dff338d2720bbd668b4569",
			"parentId": "I59618242276781459ogu0dw",
			"slotId": "main",
			"upd": {
				"StackObjectsCount": 60
			}
		},
		{
			"_id": "I596182499509328490sTYCo",
			"_tpl": "56dff061d2720bb5668b4567",
			"parentId": "I59618242276781459ogu0dw",
			"slotId": "main",
			"upd": {
				"StackObjectsCount": 60
			}
		},
		{
			"_id": "I59618248439819323b5V4vg",
			"_tpl": "56dff061d2720bb5668b4567",
			"parentId": "I59618242276781459ogu0dw",
			"slotId": "main",
			"upd": {
				"StackObjectsCount": 60
			}
		},
		{
			"_id": "I596182442648637042h3sUs",
			"_tpl": "56dff061d2720bb5668b4567",
			"parentId": "I59618242276781459ogu0dw",
			"slotId": "main",
			"upd": {
				"StackObjectsCount": 60
			}
		},
		{
			"_id": "I59618244801891726MHuEtl",
			"_tpl": "55d4837c4bdc2d1d4e8b456c",
			"parentId": "I59618249622518797tI2RXH",
			"slotId": "1",
			"location": {
				"x": 0,
				"y": 0,
				"r": "Horizontal"
			}
		},
		{
			"_id": "I596182490291259237mPaoS",
			"_tpl": "56dff061d2720bb5668b4567",
			"parentId": "I59618244801891726MHuEtl",
			"slotId": "cartridges",
			"upd": {
				"StackObjectsCount": 10
			}
		},
		{
			"_id": "I59618242304131925Q5TxmO",
			"_tpl": "55d4837c4bdc2d1d4e8b456c",
			"parentId": "I59618249622518797tI2RXH",
			"slotId": "1",
			"location": {
				"x": 0,
				"y": 1,
				"r": "Horizontal"
			}
		},
		{
			"_id": "I59618249387312067AaRFvS",
			"_tpl": "56dfef82d2720bbd668b4567",
			"parentId": "I59618242304131925Q5TxmO",
			"slotId": "cartridges",
			"upd": {
				"StackObjectsCount": 10
			}
		},
		{
			"_id": "I59618242929999998JxzV3X",
			"_tpl": "55d4837c4bdc2d1d4e8b456c",
			"parentId": "I59618249622518797tI2RXH",
			"slotId": "3",
			"location": {
				"x": 0,
				"y": 0,
				"r": "Horizontal"
			}
		},
		{
			"_id": "I596182460442953593Xtcj7",
			"_tpl": "56dff0bed2720bb0668b4567",
			"parentId": "I59618242929999998JxzV3X",
			"slotId": "cartridges",
			"upd": {
				"StackObjectsCount": 10
			}
		},
		{
			"_id": "I59618249007644961Pm1rgy",
			"_tpl": "55d4837c4bdc2d1d4e8b456c",
			"parentId": "I59618249622518797tI2RXH",
			"slotId": "3",
			"location": {
				"x": 0,
				"y": 1,
				"r": "Horizontal"
			}
		},
		{
			"_id": "I59618245593775172vsBwY4",
			"_tpl": "56dfef82d2720bbd668b4567",
			"parentId": "I59618249007644961Pm1rgy",
			"slotId": "cartridges",
			"upd": {
				"StackObjectsCount": 10
			}
		},
		{
			"_id": "I59618247501132790Gm4Akf",
			"_tpl": "57e26ea924597715ca604a09",
			"parentId": "5c6687d65e9d882c8841f0fd",
			"slotId": "Scabbard"
		},
		{
			"_id": "I59618249575295711UtgRD3",
			"_tpl": "5d6d2ef3a4b93618084f58bd",
			"parentId": "5c6687d65e9d882c8841f0fd",
			"slotId": "Eyewear"
		},
		{
			"_id": "I59618244509802651cMHxCR",
			"_tpl": "56e335e4d2720b6c058b456d",
			"parentId": "5c6687d65e9d882c8841f0fd",
			"slotId": "Backpack"
		},
		{
			"_id": "I59618246967413584RKYSh4",
			"_tpl": "5d1b36a186f7742523398433",
			"parentId": "I59618244509802651cMHxCR",
			"slotId": "main",
			"location": {
				"x": 0,
				"y": 0,
				"r": "Horizontal"
			}
		},
		{
			"_id": "I59618249353597466ElPapz",
			"_tpl": "5673de654bdc2d180f8b456d",
			"parentId": "I59618244509802651cMHxCR",
			"slotId": "main",
			"location": {
				"x": 0,
				"y": 3,
				"r": "Horizontal"
			}
		},
		{
			"_id": "I59618244300387775aRl3ua",
			"_tpl": "544fb45d4bdc2dee738b4568",
			"parentId": "I59618244509802651cMHxCR",
			"slotId": "main",
			"location": {
				"x": 1,
				"y": 3,
				"r": "Horizontal"
			}
		},
		{
			"_id": "I59618246878525744EZ9Ps6",
			"_tpl": "59e3596386f774176c10a2a2",
			"parentId": "I59618244509802651cMHxCR",
			"slotId": "main",
			"location": {
				"x": 2,
				"y": 0,
				"r": "Horizontal"
			}
		},
		{
			"_id": "I59618248364320887cIM5qE",
			"_tpl": "5751435d24597720a27126d1",
			"parentId": "I59618244509802651cMHxCR",
			"slotId": "main",
			"location": {
				"x": 0,
				"y": 4,
				"r": "Horizontal"
			}
		},
		{
			"_id": "I59618245529457059y5Sk1Z",
			"_tpl": "577e1c9d2459773cd707c525",
			"parentId": "I59618244509802651cMHxCR",
			"slotId": "main",
			"location": {
				"x": 2,
				"y": 2,
				"r": "Horizontal"
			}
		},
		{
			"_id": "I59618245231875063SiXvfx",
			"_tpl": "57347da92459774491567cf5",
			"parentId": "I59618244509802651cMHxCR",
			"slotId": "main",
			"location": {
				"x": 2,
				"y": 3,
				"r": "Horizontal"
			}
		},
		{
			"_id": "I59618249120458678PMYI49",
			"_tpl": "57347c77245977448d35f6e2",
			"parentId": "I59618244509802651cMHxCR",
			"slotId": "main",
			"location": {
				"x": 2,
				"y": 4,
				"r": "Horizontal"
			}
		},
		{
			"_id": "I59618248678448918zmAHWK",
			"_tpl": "5780cfa52459777dfb276eb1",
			"parentId": "I59618244509802651cMHxCR",
			"slotId": "main",
			"location": {
				"x": 3,
				"y": 0,
				"r": "Horizontal"
			}
		},
		{
			"_id": "I59618244055350559l2fVtE",
			"_tpl": "5d40412b86f7743cb332ac3a",
			"parentId": "I59618244509802651cMHxCR",
			"slotId": "main",
			"location": {
				"x": 3,
				"y": 3,
				"r": "Horizontal"
			}
		},
		{
			"_id": "I59618244994817811wxZJWk",
			"_tpl": "5780cda02459777b272ede61",
			"parentId": "I59618244509802651cMHxCR",
			"slotId": "main",
			"location": {
				"x": 3,
				"y": 1,
				"r": "Horizontal"
			}
		},
		{
			"_id": "I59618246681925301nOO99t",
			"_tpl": "5c0e5edb86f77461f55ed1f7",
			"parentId": "5c6687d65e9d882c8841f0fd",
			"slotId": "ArmorVest",
			"upd": {
				"Repairable": {
					"MaxDurability": 50,
					"Durability": 46
				}
			}
		},
		{
			"_id": "I59618248721475437I9qQVQ",
			"_tpl": "5d80cb8786f774405611c7d9",
			"parentId": "5c6687d65e9d882c8841f121",
			"slotId": "pocket1",
			"location": {
				"x": 0,
				"y": 0,
				"r": "Horizontal"
			},
			"upd": {
				"SpawnedInSession": true
			}
		},
		{
			"_id": "I59618249872782327t1qJqF",
			"_tpl": "5783c43d2459774bbe137486",
			"parentId": "5c6687d65e9d882c8841f121",
			"slotId": "pocket2",
			"location": {
				"x": 0,
				"y": 0,
				"r": "Horizontal"
			},
			"upd": {
				"SpawnedInSession": true
			}
		},
		{
			"_id": "I59618243833788894KVmFrz",
			"_tpl": "5bc9c29cd4351e003562b8a3",
			"parentId": "5c6687d65e9d882c8841f121",
			"slotId": "pocket3",
			"location": {
				"x": 0,
				"y": 0,
				"r": "Horizontal"
			},
			"upd": {
				"SpawnedInSession": true
			}
		}
	],
	"equipment": "5c6687d65e9d882c8841f0fd",
	"stash": "5c6687d65e9d882c8841f0fc",
	"questRaidItems": "5c6687d65e9d882c8841f0fe",
	"questStashItems": "5c6687d65e9d882c8841f0ff",
	"fastPanel": {}
}