{
	"items": [
		{
			"_id": "5c6687d65e9d882c8841f0fd",
			"_tpl": "55d7217a4bdc2d86028b456d"
		},
		{
			"_id": "5c6687d65e9d882c8841f121",
			"_tpl": "557ffd194bdc2d28148b457f",
			"parentId": "5c6687d65e9d882c8841f0fd",
			"slotId": "Pockets"
		},
		{
			"_id": "5c6687d65e9d882c8841f0fc",
			"_tpl": "566abbc34bdc2d92178b4576"
		},
		{
			"_id": "5c6687d65e9d882c8841f0ff",
			"_tpl": "5963866b86f7747bfa1c4462"
		},
		{
			"_id": "5c6687d65e9d882c8841f0fe",
			"_tpl": "5963866286f7747bf429b572"
		},
		{
			"_id": "I59618245368868372FX2T2z",
			"_tpl": "5d5d85c586f774279a21cbdb",
			"parentId": "5c6687d65e9d882c8841f0fd",
			"slotId": "TacticalVest"
		},
		{
			"_id": "I331039179860646814DlpwL",
			"_tpl": "59e6152586f77473dc057aa1",
			"parentId": "5c6687d65e9d882c8841f0fd",
			"slotId": "FirstPrimaryWeapon",
			"upd": {
				"Repairable": {
					"MaxDurability": 100,
					"Durability": 100
				}
			}
		},
		{
			"_id": "I331039174411152447ZbjJ3",
			"_tpl": "59e649f986f77411d949b246",
			"parentId": "I331039179860646814DlpwL",
			"slotId": "mod_gas_block"
		},
		{
			"_id": "I331039178642659654y2W2Q",
			"_tpl": "59e61eb386f77440d64f5daf",
			"parentId": "I331039179860646814DlpwL",
			"slotId": "mod_muzzle"
		},
		{
			"_id": "I3310391781899063462DgCY",
			"_tpl": "59e6318286f77444dd62c4cc",
			"parentId": "I331039179860646814DlpwL",
			"slotId": "mod_pistol_grip"
		},
		{
			"_id": "I3310391752734306735x2aE",
			"_tpl": "59d650cf86f7741b846413a4",
			"parentId": "I331039179860646814DlpwL",
			"slotId": "mod_sight_rear",
			"upd": {
				"Sight": {
					"SelectedSightMode": 0
				}
			}
		},
		{
			"_id": "I59618245175523486KWwjQe",
			"_tpl": "5a01c29586f77474660c694c",
			"parentId": "I331039179860646814DlpwL",
			"slotId": "mod_magazine"
		},
		{
			"_id": "I59618247085487640mcahzn",
			"_tpl": "59e0d99486f7744a32234762",
			"parentId": "I59618245175523486KWwjQe",
			"slotId": "cartridges",
			"upd": {
				"StackObjectsCount": 30
			}
		},
		{
			"_id": "I331039175782544829KijoY",
			"_tpl": "59e6284f86f77440d569536f",
			"parentId": "I331039174411152447ZbjJ3",
			"slotId": "mod_handguard"
		},
		{
			"_id": "I59618241638297725Pu254i",
			"_tpl": "5857a8bc2459772bad15db29",
			"parentId": "5c6687d65e9d882c8841f0fd",
			"slotId": "SecuredContainer"
		},
		{
			"_id": "I5961824100600432117hsP2",
			"_tpl": "59e4d24686f7741776641ac7",
			"parentId": "I59618241638297725Pu254i",
			"slotId": "main",
			"upd": {
				"StackObjectsCount": 60
			}
		},
		{
			"_id": "I596182480581050306Dqn6k",
			"_tpl": "59e4cf5286f7741778269d8a",
			"parentId": "I59618241638297725Pu254i",
			"slotId": "main",
			"upd": {
				"StackObjectsCount": 60
			}
		},
		{
			"_id": "I59618244699486017AOtjVz",
			"_tpl": "59e0d99486f7744a32234762",
			"parentId": "I59618241638297725Pu254i",
			"slotId": "main",
			"upd": {
				"StackObjectsCount": 60
			}
		},
		{
			"_id": "I59618244894755772gEGaDD",
			"_tpl": "59e4d24686f7741776641ac7",
			"parentId": "I59618241638297725Pu254i",
			"slotId": "main",
			"upd": {
				"StackObjectsCount": 60
			}
		},
		{
			"_id": "I59618243449448815O8CeBw",
			"_tpl": "5656d7c34bdc2d9d198b4587",
			"parentId": "I59618241638297725Pu254i",
			"slotId": "main",
			"upd": {
				"StackObjectsCount": 60
			}
		},
		{
			"_id": "I59618243000933961ODG3kQ",
			"_tpl": "59e4d3d286f774176a36250a",
			"parentId": "I59618241638297725Pu254i",
			"slotId": "main",
			"upd": {
				"StackObjectsCount": 60
			}
		},
		{
			"_id": "I596182447026732392FKcnL",
			"_tpl": "59e4cf5286f7741778269d8a",
			"parentId": "I59618241638297725Pu254i",
			"slotId": "main",
			"upd": {
				"StackObjectsCount": 60
			}
		},
		{
			"_id": "I59618244353337992ThT6ER",
			"_tpl": "59e4d24686f7741776641ac7",
			"parentId": "I59618241638297725Pu254i",
			"slotId": "main",
			"upd": {
				"StackObjectsCount": 60
			}
		},
		{
			"_id": "I59618245893461312MRlOa5",
			"_tpl": "59e4d3d286f774176a36250a",
			"parentId": "I59618241638297725Pu254i",
			"slotId": "main",
			"upd": {
				"StackObjectsCount": 60
			}
		},
		{
			"_id": "I59618242772760746x7QtvQ",
			"_tpl": "59d6272486f77466146386ff",
			"parentId": "I59618245368868372FX2T2z",
			"slotId": "1",
			"location": {
				"x": 0,
				"y": 0,
				"r": "Horizontal"
			}
		},
		{
			"_id": "I59618246589748395FLo0vf",
			"_tpl": "59e4d3d286f774176a36250a",
			"parentId": "I59618242772760746x7QtvQ",
			"slotId": "cartridges",
			"upd": {
				"StackObjectsCount": 30
			}
		},
		{
			"_id": "I59618246399912267S1lx3Q",
			"_tpl": "59d6272486f77466146386ff",
			"parentId": "I59618245368868372FX2T2z",
			"slotId": "3",
			"location": {
				"x": 0,
				"y": 0,
				"r": "Horizontal"
			}
		},
		{
			"_id": "I59618246853560717vWq4JZ",
			"_tpl": "59e4d3d286f774176a36250a",
			"parentId": "I59618246399912267S1lx3Q",
			"slotId": "cartridges",
			"upd": {
				"StackObjectsCount": 30
			}
		},
		{
			"_id": "I59618246321281234KuGeaB",
			"_tpl": "59d6272486f77466146386ff",
			"parentId": "I59618245368868372FX2T2z",
			"slotId": "5",
			"location": {
				"x": 0,
				"y": 0,
				"r": "Horizontal"
			}
		},
		{
			"_id": "I596182425690829079rcLQ7",
			"_tpl": "59e0d99486f7744a32234762",
			"parentId": "I59618246321281234KuGeaB",
			"slotId": "cartridges",
			"upd": {
				"StackObjectsCount": 30
			}
		},
		{
			"_id": "I596182454160102333HY98Z",
			"_tpl": "59e4cf5286f7741778269d8a",
			"parentId": "I59618245368868372FX2T2z",
			"slotId": "8",
			"upd": {
				"StackObjectsCount": 53
			}
		},
		{
			"_id": "I59618245167260193zQ7hN0",
			"_tpl": "5bffdc370db834001d23eca8",
			"parentId": "5c6687d65e9d882c8841f0fd",
			"slotId": "Scabbard"
		},
		{
			"_id": "I596182442675907839ePLtW",
			"_tpl": "5d5fca1ea4b93635fd598c07",
			"parentId": "5c6687d65e9d882c8841f0fd",
			"slotId": "Eyewear"
		},
		{
			"_id": "I59618243499644563fIUiOH",
			"_tpl": "5ab8f04f86f774585f4237d8",
			"parentId": "5c6687d65e9d882c8841f0fd",
			"slotId": "Backpack"
		},
		{
			"_id": "I596182491709414601uigoO",
			"_tpl": "5c0e541586f7747fa54205c9",
			"parentId": "5c6687d65e9d882c8841f0fd",
			"slotId": "ArmorVest",
			"upd": {
				"Repairable": {
					"MaxDurability": 60,
					"Durability": 14
				}
			}
		},
		{
			"_id": "I59618245595427892GsyaHK",
			"_tpl": "56742c324bdc2d150f8b456d",
			"parentId": "5c6687d65e9d882c8841f121",
			"slotId": "pocket1",
			"location": {
				"x": 0,
				"y": 0,
				"r": "Horizontal"
			},
			"upd": {
				"SpawnedInSession": true
			}
		}
	],
	"equipment": "5c6687d65e9d882c8841f0fd",
	"stash": "5c6687d65e9d882c8841f0fc",
	"questRaidItems": "5c6687d65e9d882c8841f0fe",
	"questStashItems": "5c6687d65e9d882c8841f0ff",
	"fastPanel": {}
}