{
	"items": [
		{
			"_id": "5c6687d65e9d882c8841f0fd",
			"_tpl": "55d7217a4bdc2d86028b456d"
		},
		{
			"_id": "5c6687d65e9d882c8841f121",
			"_tpl": "557ffd194bdc2d28148b457f",
			"parentId": "5c6687d65e9d882c8841f0fd",
			"slotId": "Pockets"
		},
		{
			"_id": "5c6687d65e9d882c8841f0fc",
			"_tpl": "566abbc34bdc2d92178b4576"
		},
		{
			"_id": "5c6687d65e9d882c8841f0ff",
			"_tpl": "5963866b86f7747bfa1c4462"
		},
		{
			"_id": "5c6687d65e9d882c8841f0fe",
			"_tpl": "5963866286f7747bf429b572"
		},
		{
			"_id": "I596182463845888873MRkau",
			"_tpl": "5b44c8ea86f7742d1627baf1",
			"parentId": "5c6687d65e9d882c8841f0fd",
			"slotId": "TacticalVest"
		},
		{
			"_id": "I21006442420799264fjzaqP",
			"_tpl": "57c44b372459772d2b39b8ce",
			"parentId": "5c6687d65e9d882c8841f0fd",
			"slotId": "FirstPrimaryWeapon",
			"upd": {
				"Repairable": {
					"MaxDurability": 100,
					"Durability": 100
				}
			}
		},
		{
			"_id": "I21006443676203686AWZCMM",
			"_tpl": "57c44dd02459772d2e0ae249",
			"parentId": "I21006442420799264fjzaqP",
			"slotId": "mod_muzzle"
		},
		{
			"_id": "I21006449791668513ioeKAe",
			"_tpl": "57c44f4f2459772d2c627113",
			"parentId": "I21006442420799264fjzaqP",
			"slotId": "mod_reciever"
		},
		{
			"_id": "I59618246291812621R2x1ex",
			"_tpl": "5a9e81fba2750c00164f6b11",
			"parentId": "I21006442420799264fjzaqP",
			"slotId": "mod_magazine"
		},
		{
			"_id": "I59618248684997050H3OcXZ",
			"_tpl": "57a0dfb82459774d3078b56c",
			"parentId": "I59618246291812621R2x1ex",
			"slotId": "cartridges",
			"upd": {
				"StackObjectsCount": 30
			}
		},
		{
			"_id": "I210064493204083724NeJFH",
			"_tpl": "57c44fa82459772d2d75e415",
			"parentId": "I21006442420799264fjzaqP",
			"slotId": "mod_pistol_grip"
		},
		{
			"_id": "I21006449938217971Rju6mT",
			"_tpl": "57c450252459772d28133253",
			"parentId": "I21006442420799264fjzaqP",
			"slotId": "mod_stock"
		},
		{
			"_id": "I21006447533005487elvQPs",
			"_tpl": "57c44e7b2459772d28133248",
			"parentId": "I21006443676203686AWZCMM",
			"slotId": "mod_sight_rear",
			"upd": {
				"Sight": {
					"SelectedSightMode": 0
				}
			}
		},
		{
			"_id": "I59618249505212621OoDi3N",
			"_tpl": "5857a8bc2459772bad15db29",
			"parentId": "5c6687d65e9d882c8841f0fd",
			"slotId": "SecuredContainer"
		},
		{
			"_id": "I59618242062950814qR6P4H",
			"_tpl": "5c0d668f86f7747ccb7f13b2",
			"parentId": "I59618249505212621OoDi3N",
			"slotId": "main",
			"upd": {
				"StackObjectsCount": 60
			}
		},
		{
			"_id": "I59618246682020015S6X4GA",
			"_tpl": "5c0d688c86f77413ae3407b2",
			"parentId": "I59618249505212621OoDi3N",
			"slotId": "main",
			"upd": {
				"StackObjectsCount": 60
			}
		},
		{
			"_id": "I59618243782579626QsIMmB",
			"_tpl": "57a0dfb82459774d3078b56c",
			"parentId": "I59618249505212621OoDi3N",
			"slotId": "main",
			"upd": {
				"StackObjectsCount": 60
			}
		},
		{
			"_id": "I59618243630431396DC9vTv",
			"_tpl": "57a0e5022459774d1673f889",
			"parentId": "I59618249505212621OoDi3N",
			"slotId": "main",
			"upd": {
				"StackObjectsCount": 60
			}
		},
		{
			"_id": "I596182438927604174JxaB3",
			"_tpl": "57a0e5022459774d1673f889",
			"parentId": "I59618249505212621OoDi3N",
			"slotId": "main",
			"upd": {
				"StackObjectsCount": 60
			}
		},
		{
			"_id": "I59618245093866298mUNqpe",
			"_tpl": "57a0dfb82459774d3078b56c",
			"parentId": "I59618249505212621OoDi3N",
			"slotId": "main",
			"upd": {
				"StackObjectsCount": 60
			}
		},
		{
			"_id": "I59618246332054173IoHVMn",
			"_tpl": "57a0dfb82459774d3078b56c",
			"parentId": "I59618249505212621OoDi3N",
			"slotId": "main",
			"upd": {
				"StackObjectsCount": 60
			}
		},
		{
			"_id": "I59618244736097502jBzc1s",
			"_tpl": "57a0dfb82459774d3078b56c",
			"parentId": "I59618249505212621OoDi3N",
			"slotId": "main",
			"upd": {
				"StackObjectsCount": 60
			}
		},
		{
			"_id": "I59618247985896120k4Gmdv",
			"_tpl": "57a0dfb82459774d3078b56c",
			"parentId": "I59618249505212621OoDi3N",
			"slotId": "main",
			"upd": {
				"StackObjectsCount": 60
			}
		},
		{
			"_id": "I5151213316361215i8JQV33",
			"_tpl": "5e81c3cbac2bb513793cdc75",
			"parentId": "5c6687d65e9d882c8841f0fd",
			"slotId": "Holster",
			"upd": {
				"Repairable": {
					"MaxDurability": 100,
					"Durability": 100
				}
			}
		},
		{
			"_id": "I5151214357867521w3AsdCc",
			"_tpl": "5e81c519cb2b95385c177551",
			"parentId": "I5151213316361215i8JQV33",
			"slotId": "mod_barrel"
		},
		{
			"_id": "I5151216560635440dELQC43",
			"_tpl": "5e81c6bf763d9f754677beff",
			"parentId": "I5151213316361215i8JQV33",
			"slotId": "mod_pistol_grip"
		},
		{
			"_id": "I5151219539456089qslCjAf",
			"_tpl": "5e81edc13397a21db957f6a1",
			"parentId": "I5151213316361215i8JQV33",
			"slotId": "mod_reciever"
		},
		{
			"_id": "I59618243915487076bnX7kH",
			"_tpl": "5e81f423763d9f754677bf2e",
			"parentId": "I5151212716233647M9k8NfA",
			"slotId": "cartridges",
			"upd": {
				"StackObjectsCount": 7
			}
		},
		{
			"_id": "I5151212716233647M9k8NfA",
			"_tpl": "5e81c4ca763d9f754677befa",
			"parentId": "I5151213316361215i8JQV33",
			"slotId": "mod_magazine"
		},
		{
			"_id": "I51512171691452758cRhyqv",
			"_tpl": "5e81c6a2ac2bb513793cdc7f",
			"parentId": "I5151213316361215i8JQV33",
			"slotId": "mod_trigger"
		},
		{
			"_id": "I5151214791483785OGxHlRf",
			"_tpl": "5e81c550763d9f754677befd",
			"parentId": "I5151213316361215i8JQV33",
			"slotId": "mod_hammer"
		},
		{
			"_id": "I5151216990468548abTjKfr",
			"_tpl": "5e81c539cb2b95385c177553",
			"parentId": "I5151213316361215i8JQV33",
			"slotId": "mod_catch"
		},
		{
			"_id": "I5151211696638511stmWRAD",
			"_tpl": "5e81ee4dcb2b95385c177582",
			"parentId": "I5151219539456089qslCjAf",
			"slotId": "mod_sight_rear",
			"upd": {
				"Sight": {
					"ScopesCurrentCalibPointIndexes": [
						0
					],
					"ScopesSelectedModes": [
						0
					],
					"SelectedScope": 0
				}
			}
		},
		{
			"_id": "I5151217614552406Xn7Y8AP",
			"_tpl": "5e81ee213397a21db957f6a6",
			"parentId": "I5151219539456089qslCjAf",
			"slotId": "mod_sight_front",
			"upd": {
				"Sight": {
					"ScopesCurrentCalibPointIndexes": [
						0
					],
					"ScopesSelectedModes": [
						0
					],
					"SelectedScope": 0
				}
			}
		},
		{
			"_id": "I59618245150889979TsHLsn",
			"_tpl": "57838f9f2459774a150289a0",
			"parentId": "I596182463845888873MRkau",
			"slotId": "1",
			"location": {
				"x": 0,
				"y": 0,
				"r": "Horizontal"
			}
		},
		{
			"_id": "I59618245091937706xjeENz",
			"_tpl": "57a0e5022459774d1673f889",
			"parentId": "I59618245150889979TsHLsn",
			"slotId": "cartridges",
			"upd": {
				"StackObjectsCount": 20
			}
		},
		{
			"_id": "I59618243513652318XIUhjq",
			"_tpl": "57838f9f2459774a150289a0",
			"parentId": "I596182463845888873MRkau",
			"slotId": "3",
			"location": {
				"x": 0,
				"y": 0,
				"r": "Horizontal"
			}
		},
		{
			"_id": "I59618243266953146zcKXlh",
			"_tpl": "5c0d688c86f77413ae3407b2",
			"parentId": "I59618243513652318XIUhjq",
			"slotId": "cartridges",
			"upd": {
				"StackObjectsCount": 20
			}
		},
		{
			"_id": "I59618243734419597RHXka9",
			"_tpl": "57838f9f2459774a150289a0",
			"parentId": "I596182463845888873MRkau",
			"slotId": "6",
			"location": {
				"x": 0,
				"y": 0,
				"r": "Horizontal"
			}
		},
		{
			"_id": "I59618245283843893FJzioL",
			"_tpl": "57a0dfb82459774d3078b56c",
			"parentId": "I59618243734419597RHXka9",
			"slotId": "cartridges",
			"upd": {
				"StackObjectsCount": 20
			}
		},
		{
			"_id": "I59618243195604938Zx1EJ4",
			"_tpl": "57838f9f2459774a150289a0",
			"parentId": "I596182463845888873MRkau",
			"slotId": "8",
			"location": {
				"x": 0,
				"y": 0,
				"r": "Horizontal"
			}
		},
		{
			"_id": "I59618248381485460AO5j7a",
			"_tpl": "5c0d688c86f77413ae3407b2",
			"parentId": "I59618243195604938Zx1EJ4",
			"slotId": "cartridges",
			"upd": {
				"StackObjectsCount": 20
			}
		},
		{
			"_id": "I59618245850820999sOYFXj",
			"_tpl": "5e81c4ca763d9f754677befa",
			"parentId": "I596182463845888873MRkau",
			"slotId": "2",
			"location": {
				"x": 0,
				"y": 0,
				"r": "Horizontal"
			}
		},
		{
			"_id": "I59618244859946189fTy6co",
			"_tpl": "5e81f423763d9f754677bf2e",
			"parentId": "I59618245850820999sOYFXj",
			"slotId": "cartridges",
			"upd": {
				"StackObjectsCount": 7
			}
		},
		{
			"_id": "I59618242701843496olhbAW",
			"_tpl": "5e81c4ca763d9f754677befa",
			"parentId": "I596182463845888873MRkau",
			"slotId": "2",
			"location": {
				"x": 0,
				"y": 1,
				"r": "Horizontal"
			}
		},
		{
			"_id": "I59618242264332709KJiKGY",
			"_tpl": "5ea2a8e200685063ec28c05a",
			"parentId": "I59618242701843496olhbAW",
			"slotId": "cartridges",
			"upd": {
				"StackObjectsCount": 7
			}
		},
		{
			"_id": "I59618244720005804gsowDl",
			"_tpl": "5e81c4ca763d9f754677befa",
			"parentId": "I596182463845888873MRkau",
			"slotId": "7",
			"location": {
				"x": 0,
				"y": 0,
				"r": "Horizontal"
			}
		},
		{
			"_id": "I59618243462602434VBQDPa",
			"_tpl": "5ea2a8e200685063ec28c05a",
			"parentId": "I59618244720005804gsowDl",
			"slotId": "cartridges",
			"upd": {
				"StackObjectsCount": 7
			}
		},
		{
			"_id": "I59618242461183731r4Jbc0",
			"_tpl": "5e81c4ca763d9f754677befa",
			"parentId": "I596182463845888873MRkau",
			"slotId": "7",
			"location": {
				"x": 0,
				"y": 1,
				"r": "Horizontal"
			}
		},
		{
			"_id": "I59618242560539839ou4ZO2",
			"_tpl": "5e81f423763d9f754677bf2e",
			"parentId": "I59618242461183731r4Jbc0",
			"slotId": "cartridges",
			"upd": {
				"StackObjectsCount": 7
			}
		},
		{
			"_id": "I59618243229616785KShLs3",
			"_tpl": "57e26ea924597715ca604a09",
			"parentId": "5c6687d65e9d882c8841f0fd",
			"slotId": "Scabbard"
		},
		{
			"_id": "I596182441083276529tpNrI",
			"_tpl": "5aa2ba46e5b5b000137b758d",
			"parentId": "5c6687d65e9d882c8841f0fd",
			"slotId": "Headwear"
		},
		{
			"_id": "I59618248406821509cPnt00",
			"_tpl": "5aa2b986e5b5b00014028f4c",
			"parentId": "5c6687d65e9d882c8841f0fd",
			"slotId": "Eyewear"
		},
		{
			"_id": "I59618241583845999SxRI3j",
			"_tpl": "59e7715586f7742ee5789605",
			"parentId": "5c6687d65e9d882c8841f0fd",
			"slotId": "FaceCover"
		},
		{
			"_id": "I59618242723328686H4PPI1",
			"_tpl": "5ab8e4ed86f7742d8e50c7fa",
			"parentId": "5c6687d65e9d882c8841f0fd",
			"slotId": "ArmorVest",
			"upd": {
				"Repairable": {
					"MaxDurability": 50,
					"Durability": 49
				}
			}
		},
		{
			"_id": "I596182418502992197YfpWH",
			"_tpl": "5da743f586f7744014504f72",
			"parentId": "5c6687d65e9d882c8841f121",
			"slotId": "pocket1",
			"location": {
				"x": 0,
				"y": 0,
				"r": "Horizontal"
			},
			"upd": {
				"SpawnedInSession": true
			}
		},
		{
			"_id": "I59618246695640174tzHWwW",
			"_tpl": "590c2d8786f774245b1f03f3",
			"parentId": "5c6687d65e9d882c8841f121",
			"slotId": "pocket2",
			"location": {
				"x": 0,
				"y": 0,
				"r": "Horizontal"
			},
			"upd": {
				"SpawnedInSession": true
			}
		}
	],
	"equipment": "5c6687d65e9d882c8841f0fd",
	"stash": "5c6687d65e9d882c8841f0fc",
	"questRaidItems": "5c6687d65e9d882c8841f0fe",
	"questStashItems": "5c6687d65e9d882c8841f0ff",
	"fastPanel": {}
}