{
	"items": [
		{
			"_id": "5c6687d65e9d882c8841f0fd",
			"_tpl": "55d7217a4bdc2d86028b456d"
		},
		{
			"_id": "5c6687d65e9d882c8841f121",
			"_tpl": "557ffd194bdc2d28148b457f",
			"parentId": "5c6687d65e9d882c8841f0fd",
			"slotId": "Pockets"
		},
		{
			"_id": "5c6687d65e9d882c8841f0fc",
			"_tpl": "566abbc34bdc2d92178b4576"
		},
		{
			"_id": "5c6687d65e9d882c8841f0ff",
			"_tpl": "5963866b86f7747bfa1c4462"
		},
		{
			"_id": "5c6687d65e9d882c8841f0fe",
			"_tpl": "5963866286f7747bf429b572"
		},
		{
			"_id": "I59618244537687886CgxABg",
			"_tpl": "544a5caa4bdc2d1a388b4568",
			"parentId": "5c6687d65e9d882c8841f0fd",
			"slotId": "TacticalVest"
		},
		{
			"_id": "I21003545137051978N1mi6I",
			"_tpl": "574d967124597745970e7c94",
			"parentId": "5c6687d65e9d882c8841f0fd",
			"slotId": "FirstPrimaryWeapon",
			"upd": {
				"Repairable": {
					"MaxDurability": 100,
					"Durability": 100
				}
			}
		},
		{
			"_id": "I21003549029092053IZhoh0",
			"_tpl": "574dad8024597745964bf05c",
			"parentId": "I21003545137051978N1mi6I",
			"slotId": "mod_stock"
		},
		{
			"_id": "I210035469247282386eNw4Y",
			"_tpl": "574db213245977459a2f3f5d",
			"parentId": "I21003545137051978N1mi6I",
			"slotId": "mod_sight_rear",
			"upd": {
				"Sight": {
					"SelectedSightMode": 0
				}
			}
		},
		{
			"_id": "I59618249159654376YvD2Xc",
			"_tpl": "587df3a12459772c28142567",
			"parentId": "I21003545137051978N1mi6I",
			"slotId": "mod_magazine"
		},
		{
			"_id": "I59618247915430956DlFTnr",
			"_tpl": "59e4cf5286f7741778269d8a",
			"parentId": "I59618249159654376YvD2Xc",
			"slotId": "cartridges",
			"upd": {
				"StackObjectsCount": 10
			}
		},
		{
			"_id": "I59618246890423547AzMaYM",
			"_tpl": "5857a8bc2459772bad15db29",
			"parentId": "5c6687d65e9d882c8841f0fd",
			"slotId": "SecuredContainer"
		},
		{
			"_id": "I59618248853788683mhVH6Z",
			"_tpl": "5656d7c34bdc2d9d198b4587",
			"parentId": "I59618246890423547AzMaYM",
			"slotId": "main",
			"upd": {
				"StackObjectsCount": 60
			}
		},
		{
			"_id": "I59618249923865563EU5XRG",
			"_tpl": "59e0d99486f7744a32234762",
			"parentId": "I59618246890423547AzMaYM",
			"slotId": "main",
			"upd": {
				"StackObjectsCount": 60
			}
		},
		{
			"_id": "I59618244729375420a4D6Ul",
			"_tpl": "59e4cf5286f7741778269d8a",
			"parentId": "I59618246890423547AzMaYM",
			"slotId": "main",
			"upd": {
				"StackObjectsCount": 60
			}
		},
		{
			"_id": "I59618248914589624SGH1hq",
			"_tpl": "59e4d3d286f774176a36250a",
			"parentId": "I59618246890423547AzMaYM",
			"slotId": "main",
			"upd": {
				"StackObjectsCount": 60
			}
		},
		{
			"_id": "I59618249962564847ldk4o9",
			"_tpl": "59e4cf5286f7741778269d8a",
			"parentId": "I59618246890423547AzMaYM",
			"slotId": "main",
			"upd": {
				"StackObjectsCount": 60
			}
		},
		{
			"_id": "I59618246419582109N4v5w5",
			"_tpl": "5656d7c34bdc2d9d198b4587",
			"parentId": "I59618246890423547AzMaYM",
			"slotId": "main",
			"upd": {
				"StackObjectsCount": 60
			}
		},
		{
			"_id": "I59618242791831938lLPds3",
			"_tpl": "59e4cf5286f7741778269d8a",
			"parentId": "I59618246890423547AzMaYM",
			"slotId": "main",
			"upd": {
				"StackObjectsCount": 60
			}
		},
		{
			"_id": "I596182491850763319albdD",
			"_tpl": "59e0d99486f7744a32234762",
			"parentId": "I59618246890423547AzMaYM",
			"slotId": "main",
			"upd": {
				"StackObjectsCount": 60
			}
		},
		{
			"_id": "I59618242241758754GSg4GG",
			"_tpl": "59e0d99486f7744a32234762",
			"parentId": "I59618246890423547AzMaYM",
			"slotId": "main",
			"upd": {
				"StackObjectsCount": 60
			}
		},
		{
			"_id": "I596182431347840199lv7EB",
			"_tpl": "587df3a12459772c28142567",
			"parentId": "I59618244537687886CgxABg",
			"slotId": "1",
			"location": {
				"x": 0,
				"y": 1,
				"r": "Horizontal"
			}
		},
		{
			"_id": "I59618243169054320avyJsx",
			"_tpl": "59e4cf5286f7741778269d8a",
			"parentId": "I596182431347840199lv7EB",
			"slotId": "cartridges",
			"upd": {
				"StackObjectsCount": 10
			}
		},
		{
			"_id": "I59618248662881070MM1kxP",
			"_tpl": "587df3a12459772c28142567",
			"parentId": "I59618244537687886CgxABg",
			"slotId": "3",
			"location": {
				"x": 0,
				"y": 0,
				"r": "Horizontal"
			}
		},
		{
			"_id": "I596182458265235754ypdcN",
			"_tpl": "59e4d3d286f774176a36250a",
			"parentId": "I59618248662881070MM1kxP",
			"slotId": "cartridges",
			"upd": {
				"StackObjectsCount": 10
			}
		},
		{
			"_id": "I59618245152251125ekzIay",
			"_tpl": "587df3a12459772c28142567",
			"parentId": "I59618244537687886CgxABg",
			"slotId": "3",
			"location": {
				"x": 0,
				"y": 1,
				"r": "Horizontal"
			}
		},
		{
			"_id": "I59618248738630462mib7Oi",
			"_tpl": "5656d7c34bdc2d9d198b4587",
			"parentId": "I59618245152251125ekzIay",
			"slotId": "cartridges",
			"upd": {
				"StackObjectsCount": 10
			}
		},
		{
			"_id": "I59618244393739312oCB7Cm",
			"_tpl": "587df3a12459772c28142567",
			"parentId": "I59618244537687886CgxABg",
			"slotId": "11",
			"location": {
				"x": 0,
				"y": 0,
				"r": "Horizontal"
			}
		},
		{
			"_id": "I59618248838773324omxnlH",
			"_tpl": "5656d7c34bdc2d9d198b4587",
			"parentId": "I59618244393739312oCB7Cm",
			"slotId": "cartridges",
			"upd": {
				"StackObjectsCount": 10
			}
		},
		{
			"_id": "I59618246359392142fPyP8L",
			"_tpl": "587df3a12459772c28142567",
			"parentId": "I59618244537687886CgxABg",
			"slotId": "11",
			"location": {
				"x": 0,
				"y": 1,
				"r": "Horizontal"
			}
		},
		{
			"_id": "I59618243738126132i1WPr8",
			"_tpl": "59e0d99486f7744a32234762",
			"parentId": "I59618246359392142fPyP8L",
			"slotId": "cartridges",
			"upd": {
				"StackObjectsCount": 10
			}
		},
		{
			"_id": "I59618246725041891051iYt",
			"_tpl": "5e32f56fcb6d5863cc5e5ee4",
			"parentId": "I59618244537687886CgxABg",
			"slotId": "7"
		},
		{
			"_id": "I59618244077809525e9XjX4",
			"_tpl": "59e4d24686f7741776641ac7",
			"parentId": "I59618244537687886CgxABg",
			"slotId": "8",
			"upd": {
				"StackObjectsCount": 18
			}
		},
		{
			"_id": "I59618242707863389CCt8zY",
			"_tpl": "59e0d99486f7744a32234762",
			"parentId": "I59618244537687886CgxABg",
			"slotId": "10",
			"upd": {
				"StackObjectsCount": 37
			}
		},
		{
			"_id": "I59618249741062357DVvLf0",
			"_tpl": "57e26ea924597715ca604a09",
			"parentId": "5c6687d65e9d882c8841f0fd",
			"slotId": "Scabbard"
		},
		{
			"_id": "I59618245610062819pYqeBq",
			"_tpl": "5c0d32fcd174af02a1659c75",
			"parentId": "5c6687d65e9d882c8841f0fd",
			"slotId": "Eyewear"
		},
		{
			"_id": "I59618243360784799pEpLkM",
			"_tpl": "59e7715586f7742ee5789605",
			"parentId": "5c6687d65e9d882c8841f0fd",
			"slotId": "FaceCover"
		},
		{
			"_id": "I59618245742368708UrE8Og",
			"_tpl": "56e33634d2720bd8058b456b",
			"parentId": "5c6687d65e9d882c8841f0fd",
			"slotId": "Backpack"
		},
		{
			"_id": "I59618242270738840RU3wzo",
			"_tpl": "5d1b3f2d86f774253763b735",
			"parentId": "I59618245742368708UrE8Og",
			"slotId": "main",
			"location": {
				"x": 0,
				"y": 0,
				"r": "Horizontal"
			}
		},
		{
			"_id": "I596182451906336440xTpTG",
			"_tpl": "5755356824597772cb798962",
			"parentId": "I59618245742368708UrE8Og",
			"slotId": "main",
			"location": {
				"x": 0,
				"y": 1,
				"r": "Horizontal"
			}
		},
		{
			"_id": "I59618243735254559SFYqBL",
			"_tpl": "590a3c0a86f774385a33c450",
			"parentId": "I59618245742368708UrE8Og",
			"slotId": "main",
			"location": {
				"x": 0,
				"y": 2,
				"r": "Horizontal"
			}
		},
		{
			"_id": "I59618248433207870QLoHO7",
			"_tpl": "57347d7224597744596b4e72",
			"parentId": "I59618245742368708UrE8Og",
			"slotId": "main",
			"location": {
				"x": 1,
				"y": 0,
				"r": "Horizontal"
			}
		},
		{
			"_id": "I59618245523137873DU4fnp",
			"_tpl": "544fb37f4bdc2dee738b4567",
			"parentId": "I59618245742368708UrE8Og",
			"slotId": "main",
			"location": {
				"x": 1,
				"y": 1,
				"r": "Horizontal"
			}
		},
		{
			"_id": "I59618244237334333mCDEQM",
			"_tpl": "5d4041f086f7743cac3f22a7",
			"parentId": "I59618245742368708UrE8Og",
			"slotId": "main",
			"location": {
				"x": 1,
				"y": 2,
				"r": "Horizontal"
			}
		},
		{
			"_id": "I59618249420044675K8sw8a",
			"_tpl": "57514643245977207f2c2d09",
			"parentId": "I59618245742368708UrE8Og",
			"slotId": "main",
			"location": {
				"x": 2,
				"y": 0,
				"r": "Horizontal"
			}
		},
		{
			"_id": "I596182450050360342fa3VY",
			"_tpl": "5d63d33b86f7746ea9275524",
			"parentId": "I59618245742368708UrE8Og",
			"slotId": "main",
			"location": {
				"x": 2,
				"y": 1,
				"r": "Horizontal"
			}
		},
		{
			"_id": "I59618248368070909oBQVbm",
			"_tpl": "577e1c9d2459773cd707c525",
			"parentId": "I59618245742368708UrE8Og",
			"slotId": "main",
			"location": {
				"x": 2,
				"y": 2,
				"r": "Horizontal"
			}
		},
		{
			"_id": "I59618249652105287v1dITu",
			"_tpl": "5448ba0b4bdc2d02308b456c",
			"parentId": "I59618245742368708UrE8Og",
			"slotId": "main",
			"location": {
				"x": 3,
				"y": 0,
				"r": "Horizontal"
			}
		},
		{
			"_id": "I59618245812739617gh9Ulr",
			"_tpl": "5672c92d4bdc2d180f8b4567",
			"parentId": "5c6687d65e9d882c8841f121",
			"slotId": "pocket1",
			"location": {
				"x": 0,
				"y": 0,
				"r": "Horizontal"
			},
			"upd": {
				"SpawnedInSession": true
			}
		},
		{
			"_id": "I59618243858392500CaSf3E",
			"_tpl": "5d1b31ce86f7742523398394",
			"parentId": "5c6687d65e9d882c8841f121",
			"slotId": "pocket2",
			"location": {
				"x": 0,
				"y": 0,
				"r": "Horizontal"
			},
			"upd": {
				"SpawnedInSession": true
			}
		},
		{
			"_id": "I59618245152438055pwQvyD",
			"_tpl": "590c5bbd86f774785762df04",
			"parentId": "5c6687d65e9d882c8841f121",
			"slotId": "pocket3",
			"location": {
				"x": 0,
				"y": 0,
				"r": "Horizontal"
			},
			"upd": {
				"SpawnedInSession": true
			}
		}
	],
	"equipment": "5c6687d65e9d882c8841f0fd",
	"stash": "5c6687d65e9d882c8841f0fc",
	"questRaidItems": "5c6687d65e9d882c8841f0fe",
	"questStashItems": "5c6687d65e9d882c8841f0ff",
	"fastPanel": {}
}