{
	"items": [
		{
			"_id": "5c6687d65e9d882c8841f0fd",
			"_tpl": "55d7217a4bdc2d86028b456d"
		},
		{
			"_id": "5c6687d65e9d882c8841f121",
			"_tpl": "557ffd194bdc2d28148b457f",
			"parentId": "5c6687d65e9d882c8841f0fd",
			"slotId": "Pockets"
		},
		{
			"_id": "5c6687d65e9d882c8841f0fc",
			"_tpl": "566abbc34bdc2d92178b4576"
		},
		{
			"_id": "5c6687d65e9d882c8841f0ff",
			"_tpl": "5963866b86f7747bfa1c4462"
		},
		{
			"_id": "5c6687d65e9d882c8841f0fe",
			"_tpl": "5963866286f7747bf429b572"
		},
		{
			"_id": "I59618249513215681iHLTCy",
			"_tpl": "5648a69d4bdc2ded0b8b457b",
			"parentId": "5c6687d65e9d882c8841f0fd",
			"slotId": "TacticalVest"
		},
		{
			"_id": "I210012123221022802F7QT2",
			"_tpl": "5b0bbe4e5acfc40dc528a72d",
			"parentId": "5c6687d65e9d882c8841f0fd",
			"slotId": "FirstPrimaryWeapon",
			"upd": {
				"Repairable": {
					"MaxDurability": 100,
					"Durability": 100
				}
			}
		},
		{
			"_id": "I210012129842450629TFA7q",
			"_tpl": "5b099b965acfc400186331e6",
			"parentId": "I210012123221022802F7QT2",
			"slotId": "mod_pistol_grip"
		},
		{
			"_id": "I59618249606408158tJm1vF",
			"_tpl": "5b7bef1e5acfc43d82528402",
			"parentId": "I210012123221022802F7QT2",
			"slotId": "mod_magazine"
		},
		{
			"_id": "I59618245804452574dEB8Wg",
			"_tpl": "5e023e6e34d52a55c3304f71",
			"parentId": "I59618249606408158tJm1vF",
			"slotId": "cartridges",
			"upd": {
				"StackObjectsCount": 10
			}
		},
		{
			"_id": "I210012125311869010REOrE",
			"_tpl": "5b099a9d5acfc47a8607efe7",
			"parentId": "I210012123221022802F7QT2",
			"slotId": "mod_handguard"
		},
		{
			"_id": "I210012126461383353sq5y6",
			"_tpl": "5b099a765acfc47a8607efe3",
			"parentId": "I210012123221022802F7QT2",
			"slotId": "mod_barrel"
		},
		{
			"_id": "I210012128524422314XLqo5",
			"_tpl": "5b0bc22d5acfc47a8607f085",
			"parentId": "I210012123221022802F7QT2",
			"slotId": "mod_sight_rear",
			"upd": {
				"Sight": {
					"SelectedSightMode": 0
				}
			}
		},
		{
			"_id": "I210012128136342704DP5cV",
			"_tpl": "5b099bb25acfc400186331e8",
			"parentId": "I210012123221022802F7QT2",
			"slotId": "mod_reciever"
		},
		{
			"_id": "I210012125591682927D374Z",
			"_tpl": "5b099bf25acfc4001637e683",
			"parentId": "I210012123221022802F7QT2",
			"slotId": "mod_stock"
		},
		{
			"_id": "I210012127335910065M7VPp",
			"_tpl": "5b099b7d5acfc400186331e4",
			"parentId": "I210012126461383353sq5y6",
			"slotId": "mod_muzzle"
		},
		{
			"_id": "I2100121287725603027iN5R",
			"_tpl": "5649be884bdc2d79388b4577",
			"parentId": "I210012125591682927D374Z",
			"slotId": "mod_stock_000"
		},
		{
			"_id": "I210012126169698459Cnsow",
			"_tpl": "56eabf3bd2720b75698b4569",
			"parentId": "I2100121287725603027iN5R",
			"slotId": "mod_stock_000"
		},
		{
			"_id": "I2100121225703768411CYuZ",
			"_tpl": "58d2912286f7744e27117493",
			"parentId": "I210012126169698459Cnsow",
			"slotId": "mod_stock"
		},
		{
			"_id": "I596182445210691935nkqTZ",
			"_tpl": "5857a8bc2459772bad15db29",
			"parentId": "5c6687d65e9d882c8841f0fd",
			"slotId": "SecuredContainer"
		},
		{
			"_id": "I59618249194298075W1uUBj",
			"_tpl": "5e023e88277cce2b522ff2b1",
			"parentId": "I596182445210691935nkqTZ",
			"slotId": "main",
			"upd": {
				"StackObjectsCount": 60
			}
		},
		{
			"_id": "I59618245894694640NE2Qpq",
			"_tpl": "5a6086ea4f39f99cd479502f",
			"parentId": "I596182445210691935nkqTZ",
			"slotId": "main",
			"upd": {
				"StackObjectsCount": 60
			}
		},
		{
			"_id": "I59618244402842241R7X8iN",
			"_tpl": "5a6086ea4f39f99cd479502f",
			"parentId": "I596182445210691935nkqTZ",
			"slotId": "main",
			"upd": {
				"StackObjectsCount": 60
			}
		},
		{
			"_id": "I596182425158571022iM5HT",
			"_tpl": "5a6086ea4f39f99cd479502f",
			"parentId": "I596182445210691935nkqTZ",
			"slotId": "main",
			"upd": {
				"StackObjectsCount": 60
			}
		},
		{
			"_id": "I59618244445508812nFP33Y",
			"_tpl": "5e023e6e34d52a55c3304f71",
			"parentId": "I596182445210691935nkqTZ",
			"slotId": "main",
			"upd": {
				"StackObjectsCount": 60
			}
		},
		{
			"_id": "I59618246775747087L14rF2",
			"_tpl": "5e023e6e34d52a55c3304f71",
			"parentId": "I596182445210691935nkqTZ",
			"slotId": "main",
			"upd": {
				"StackObjectsCount": 60
			}
		},
		{
			"_id": "I59618242305591697jeDJy1",
			"_tpl": "5a608bf24f39f98ffc77720e",
			"parentId": "I596182445210691935nkqTZ",
			"slotId": "main",
			"upd": {
				"StackObjectsCount": 60
			}
		},
		{
			"_id": "I59618247477145082zI1rYS",
			"_tpl": "5e023e6e34d52a55c3304f71",
			"parentId": "I596182445210691935nkqTZ",
			"slotId": "main",
			"upd": {
				"StackObjectsCount": 60
			}
		},
		{
			"_id": "I59618241489326160uovQFz",
			"_tpl": "5a608bf24f39f98ffc77720e",
			"parentId": "I596182445210691935nkqTZ",
			"slotId": "main",
			"upd": {
				"StackObjectsCount": 60
			}
		},
		{
			"_id": "I59618247369296266YtXEXw",
			"_tpl": "5b7bef1e5acfc43d82528402",
			"parentId": "I59618249513215681iHLTCy",
			"slotId": "1",
			"location": {
				"x": 0,
				"y": 1,
				"r": "Horizontal"
			}
		},
		{
			"_id": "I59618241101603870hqJqd8",
			"_tpl": "58dd3ad986f77403051cba8f",
			"parentId": "I59618247369296266YtXEXw",
			"slotId": "cartridges",
			"upd": {
				"StackObjectsCount": 10
			}
		},
		{
			"_id": "I59618243043884829sDGPTv",
			"_tpl": "5b7bef1e5acfc43d82528402",
			"parentId": "I59618249513215681iHLTCy",
			"slotId": "3",
			"location": {
				"x": 0,
				"y": 1,
				"r": "Horizontal"
			}
		},
		{
			"_id": "I59618245166240813pnEbtt",
			"_tpl": "5e023e6e34d52a55c3304f71",
			"parentId": "I59618243043884829sDGPTv",
			"slotId": "cartridges",
			"upd": {
				"StackObjectsCount": 10
			}
		},
		{
			"_id": "I59618248677549421rtZ8J9",
			"_tpl": "5b7bef1e5acfc43d82528402",
			"parentId": "I59618249513215681iHLTCy",
			"slotId": "10",
			"location": {
				"x": 0,
				"y": 1,
				"r": "Horizontal"
			}
		},
		{
			"_id": "I59618241497456276dybCnx",
			"_tpl": "5e023e88277cce2b522ff2b1",
			"parentId": "I59618248677549421rtZ8J9",
			"slotId": "cartridges",
			"upd": {
				"StackObjectsCount": 10
			}
		},
		{
			"_id": "I596182471282495133RNPpF",
			"_tpl": "5a608bf24f39f98ffc77720e",
			"parentId": "I59618249513215681iHLTCy",
			"slotId": "6",
			"upd": {
				"StackObjectsCount": 23
			}
		},
		{
			"_id": "I59618247425882781uhbuYN",
			"_tpl": "5e023e53d4353e3302577c4c",
			"parentId": "I59618249513215681iHLTCy",
			"slotId": "9",
			"upd": {
				"StackObjectsCount": 20
			}
		},
		{
			"_id": "I59618243669423133PXjrGD",
			"_tpl": "57e26ea924597715ca604a09",
			"parentId": "5c6687d65e9d882c8841f0fd",
			"slotId": "Scabbard"
		},
		{
			"_id": "I59618244336747322FZ0UM0",
			"_tpl": "5aa2b8d7e5b5b00014028f4a",
			"parentId": "5c6687d65e9d882c8841f0fd",
			"slotId": "Headwear"
		},
		{
			"_id": "I596182414759651301tHaLP",
			"_tpl": "5c1a1cc52e221602b3136e3d",
			"parentId": "5c6687d65e9d882c8841f0fd",
			"slotId": "Eyewear"
		},
		{
			"_id": "I59618248733887226ITNNvV",
			"_tpl": "573477e124597737dd42e191",
			"parentId": "5c6687d65e9d882c8841f121",
			"slotId": "pocket1",
			"location": {
				"x": 0,
				"y": 0,
				"r": "Horizontal"
			},
			"upd": {
				"SpawnedInSession": true
			}
		}
	],
	"equipment": "5c6687d65e9d882c8841f0fd",
	"stash": "5c6687d65e9d882c8841f0fc",
	"questRaidItems": "5c6687d65e9d882c8841f0fe",
	"questStashItems": "5c6687d65e9d882c8841f0ff",
	"fastPanel": {}
}