{
	"items": [
		{
			"_id": "5c6687d65e9d882c8841f0fd",
			"_tpl": "55d7217a4bdc2d86028b456d"
		},
		{
			"_id": "5c6687d65e9d882c8841f121",
			"_tpl": "557ffd194bdc2d28148b457f",
			"parentId": "5c6687d65e9d882c8841f0fd",
			"slotId": "Pockets"
		},
		{
			"_id": "5c6687d65e9d882c8841f0fc",
			"_tpl": "566abbc34bdc2d92178b4576"
		},
		{
			"_id": "5c6687d65e9d882c8841f0ff",
			"_tpl": "5963866b86f7747bfa1c4462"
		},
		{
			"_id": "5c6687d65e9d882c8841f0fe",
			"_tpl": "5963866286f7747bf429b572"
		},
		{
			"_id": "I59618237089744611HMLSoD",
			"_tpl": "5648a69d4bdc2ded0b8b457b",
			"parentId": "5c6687d65e9d882c8841f0fd",
			"slotId": "TacticalVest"
		},
		{
			"_id": "I21008468711264187Xszlcc",
			"_tpl": "59ff346386f77477562ff5e2",
			"parentId": "5c6687d65e9d882c8841f0fd",
			"slotId": "FirstPrimaryWeapon",
			"upd": {
				"Repairable": {
					"MaxDurability": 100,
					"Durability": 100
				}
			}
		},
		{
			"_id": "I21008464390411316KBLmDV",
			"_tpl": "59d64ec286f774171d1e0a42",
			"parentId": "I21008468711264187Xszlcc",
			"slotId": "mod_gas_block"
		},
		{
			"_id": "I21008461400862966Q6nOXb",
			"_tpl": "59d64fc686f774171b243fe2",
			"parentId": "I21008468711264187Xszlcc",
			"slotId": "mod_muzzle"
		},
		{
			"_id": "I21008469433656671RLtMTF",
			"_tpl": "5a0071d486f77404e23a12b2",
			"parentId": "I21008468711264187Xszlcc",
			"slotId": "mod_pistol_grip_akms"
		},
		{
			"_id": "I21008466511616434FMgVb5",
			"_tpl": "59d6507c86f7741b846413a2",
			"parentId": "I21008468711264187Xszlcc",
			"slotId": "mod_reciever"
		},
		{
			"_id": "I21008461308245459wvIgpy",
			"_tpl": "59d650cf86f7741b846413a4",
			"parentId": "I21008468711264187Xszlcc",
			"slotId": "mod_sight_rear",
			"upd": {
				"Sight": {
					"SelectedSightMode": 0
				}
			}
		},
		{
			"_id": "I21008461878208219ZloFqc",
			"_tpl": "59ff3b6a86f77477562ff5ed",
			"parentId": "I21008468711264187Xszlcc",
			"slotId": "mod_stock_akms"
		},
		{
			"_id": "I59618238581031125XLD4VX",
			"_tpl": "5ac66bea5acfc43b321d4aec",
			"parentId": "I21008468711264187Xszlcc",
			"slotId": "mod_magazine"
		},
		{
			"_id": "I59618235313024562SiQAys",
			"_tpl": "59e4d3d286f774176a36250a",
			"parentId": "I59618238581031125XLD4VX",
			"slotId": "cartridges",
			"upd": {
				"StackObjectsCount": 30
			}
		},
		{
			"_id": "I21008468053966479eEQg2S",
			"_tpl": "59d64f2f86f77417193ef8b3",
			"parentId": "I21008464390411316KBLmDV",
			"slotId": "mod_handguard"
		},
		{
			"_id": "I59618232835902040RzqmUV",
			"_tpl": "5857a8bc2459772bad15db29",
			"parentId": "5c6687d65e9d882c8841f0fd",
			"slotId": "SecuredContainer"
		},
		{
			"_id": "I59618239716373520yNKxlF",
			"_tpl": "59e4d3d286f774176a36250a",
			"parentId": "I59618232835902040RzqmUV",
			"slotId": "main",
			"upd": {
				"StackObjectsCount": 60
			}
		},
		{
			"_id": "I59618239598883280mVNJTv",
			"_tpl": "59e4d24686f7741776641ac7",
			"parentId": "I59618232835902040RzqmUV",
			"slotId": "main",
			"upd": {
				"StackObjectsCount": 60
			}
		},
		{
			"_id": "I59618235353075718Id4Unx",
			"_tpl": "59e0d99486f7744a32234762",
			"parentId": "I59618232835902040RzqmUV",
			"slotId": "main",
			"upd": {
				"StackObjectsCount": 60
			}
		},
		{
			"_id": "I59618231602498177cfxt0l",
			"_tpl": "59e4d24686f7741776641ac7",
			"parentId": "I59618232835902040RzqmUV",
			"slotId": "main",
			"upd": {
				"StackObjectsCount": 60
			}
		},
		{
			"_id": "I59618232076064786eNAwpZ",
			"_tpl": "5656d7c34bdc2d9d198b4587",
			"parentId": "I59618232835902040RzqmUV",
			"slotId": "main",
			"upd": {
				"StackObjectsCount": 60
			}
		},
		{
			"_id": "I59618239223627411fkr8sD",
			"_tpl": "59e4cf5286f7741778269d8a",
			"parentId": "I59618232835902040RzqmUV",
			"slotId": "main",
			"upd": {
				"StackObjectsCount": 60
			}
		},
		{
			"_id": "I59618231962145119dw476y",
			"_tpl": "59e0d99486f7744a32234762",
			"parentId": "I59618232835902040RzqmUV",
			"slotId": "main",
			"upd": {
				"StackObjectsCount": 60
			}
		},
		{
			"_id": "I59618238478997306hrMVAu",
			"_tpl": "59e4cf5286f7741778269d8a",
			"parentId": "I59618232835902040RzqmUV",
			"slotId": "main",
			"upd": {
				"StackObjectsCount": 60
			}
		},
		{
			"_id": "I59618235696735552wapu0Y",
			"_tpl": "5656d7c34bdc2d9d198b4587",
			"parentId": "I59618232835902040RzqmUV",
			"slotId": "main",
			"upd": {
				"StackObjectsCount": 60
			}
		},
		{
			"_id": "I5961823581709202442JmSQ",
			"_tpl": "544fb25a4bdc2dfb738b4567",
			"parentId": "I59618237089744611HMLSoD",
			"slotId": "1"
		},
		{
			"_id": "I59618238424500204v1PLPp",
			"_tpl": "5cfe8010d7ad1a59283b14c6",
			"parentId": "I59618237089744611HMLSoD",
			"slotId": "2",
			"location": {
				"x": 0,
				"y": 0,
				"r": "Horizontal"
			}
		},
		{
			"_id": "I59618235402797357gAoC6h",
			"_tpl": "59e4d3d286f774176a36250a",
			"parentId": "I59618238424500204v1PLPp",
			"slotId": "cartridges",
			"upd": {
				"StackObjectsCount": 50
			}
		},
		{
			"_id": "I596182318038774366h7pRk",
			"_tpl": "544fb37f4bdc2dee738b4567",
			"parentId": "I59618237089744611HMLSoD",
			"slotId": "4"
		},
		{
			"_id": "I59618234886957426Rt7g6m",
			"_tpl": "544fb25a4bdc2dfb738b4567",
			"parentId": "I59618237089744611HMLSoD",
			"slotId": "10"
		},
		{
			"_id": "I596182392026966615zH3ii",
			"_tpl": "5cfe8010d7ad1a59283b14c6",
			"parentId": "I59618237089744611HMLSoD",
			"slotId": "11",
			"location": {
				"x": 0,
				"y": 0,
				"r": "Horizontal"
			}
		},
		{
			"_id": "I596182386847528979MA7kl",
			"_tpl": "59e4d3d286f774176a36250a",
			"parentId": "I596182392026966615zH3ii",
			"slotId": "cartridges",
			"upd": {
				"StackObjectsCount": 50
			}
		},
		{
			"_id": "I59618233806976369IB6U7u",
			"_tpl": "5cfe8010d7ad1a59283b14c6",
			"parentId": "I59618237089744611HMLSoD",
			"slotId": "5",
			"location": {
				"x": 0,
				"y": 0,
				"r": "Horizontal"
			}
		},
		{
			"_id": "I59618239227973196OiYPuk",
			"_tpl": "5656d7c34bdc2d9d198b4587",
			"parentId": "I59618233806976369IB6U7u",
			"slotId": "cartridges",
			"upd": {
				"StackObjectsCount": 50
			}
		},
		{
			"_id": "I59618236715603512yxKkdS",
			"_tpl": "5cfe8010d7ad1a59283b14c6",
			"parentId": "I59618237089744611HMLSoD",
			"slotId": "5",
			"location": {
				"x": 1,
				"y": 0,
				"r": "Horizontal"
			}
		},
		{
			"_id": "I59618236061483692ysIwkv",
			"_tpl": "59e4d24686f7741776641ac7",
			"parentId": "I59618236715603512yxKkdS",
			"slotId": "cartridges",
			"upd": {
				"StackObjectsCount": 50
			}
		},
		{
			"_id": "I59618238656221258AODAmB",
			"_tpl": "5448be9a4bdc2dfd2f8b456a",
			"parentId": "I59618237089744611HMLSoD",
			"slotId": "6"
		},
		{
			"_id": "I59618235450487424xeBMgK",
			"_tpl": "59e4d3d286f774176a36250a",
			"parentId": "I59618237089744611HMLSoD",
			"slotId": "7",
			"upd": {
				"StackObjectsCount": 46
			}
		},
		{
			"_id": "I59618233441335649cEQbAe",
			"_tpl": "54491bb74bdc2d09088b4567",
			"parentId": "5c6687d65e9d882c8841f0fd",
			"slotId": "Scabbard"
		},
		{
			"_id": "I59618234581348218iyeDiy",
			"_tpl": "5aa2a7e8e5b5b00016327c16",
			"parentId": "5c6687d65e9d882c8841f0fd",
			"slotId": "Headwear"
		},
		{
			"_id": "I59618235965084787Ob1seZ",
			"_tpl": "59e770b986f7742cbd762754",
			"parentId": "5c6687d65e9d882c8841f0fd",
			"slotId": "Eyewear"
		},
		{
			"_id": "I5961823772731312496CWdd",
			"_tpl": "5e54f76986f7740366043752",
			"parentId": "5c6687d65e9d882c8841f0fd",
			"slotId": "FaceCover"
		},
		{
			"_id": "I59618236216744250TqGr0g",
			"_tpl": "5ab8ee7786f7742d8f33f0b9",
			"parentId": "5c6687d65e9d882c8841f0fd",
			"slotId": "Backpack"
		},
		{
			"_id": "I59618235985113394oaxiYK",
			"_tpl": "57514643245977207f2c2d09",
			"parentId": "I59618236216744250TqGr0g",
			"slotId": "main",
			"location": {
				"x": 0,
				"y": 0,
				"r": "Horizontal"
			}
		},
		{
			"_id": "I59618237513073232yRP40n",
			"_tpl": "59387a4986f77401cc236e62",
			"parentId": "I59618236216744250TqGr0g",
			"slotId": "main",
			"location": {
				"x": 0,
				"y": 1,
				"r": "Horizontal"
			}
		},
		{
			"_id": "I596182329108582518bSwVR",
			"_tpl": "5448ff904bdc2d6f028b456e",
			"parentId": "I59618236216744250TqGr0g",
			"slotId": "main",
			"location": {
				"x": 1,
				"y": 0,
				"r": "Horizontal"
			}
		},
		{
			"_id": "I59618239813106787nJN4Wl",
			"_tpl": "5af04b6486f774195a3ebb49",
			"parentId": "5c6687d65e9d882c8841f121",
			"slotId": "pocket1",
			"location": {
				"x": 0,
				"y": 0,
				"r": "Horizontal"
			},
			"upd": {
				"SpawnedInSession": true
			}
		},
		{
			"_id": "I596182370390791603F4g66",
			"_tpl": "5bc9c29cd4351e003562b8a3",
			"parentId": "5c6687d65e9d882c8841f121",
			"slotId": "pocket2",
			"location": {
				"x": 0,
				"y": 0,
				"r": "Horizontal"
			},
			"upd": {
				"SpawnedInSession": true
			}
		},
		{
			"_id": "I59618232644679599kJoC3j",
			"_tpl": "544fb3f34bdc2d03748b456a",
			"parentId": "5c6687d65e9d882c8841f121",
			"slotId": "pocket3",
			"location": {
				"x": 0,
				"y": 0,
				"r": "Horizontal"
			},
			"upd": {
				"SpawnedInSession": true
			}
		}
	],
	"equipment": "5c6687d65e9d882c8841f0fd",
	"stash": "5c6687d65e9d882c8841f0fc",
	"questRaidItems": "5c6687d65e9d882c8841f0fe",
	"questStashItems": "5c6687d65e9d882c8841f0ff",
	"fastPanel": {}
}