{
	"items": [
		{
			"_id": "5c6687d65e9d882c8841f0fd",
			"_tpl": "55d7217a4bdc2d86028b456d"
		},
		{
			"_id": "5c6687d65e9d882c8841f121",
			"_tpl": "557ffd194bdc2d28148b457f",
			"parentId": "5c6687d65e9d882c8841f0fd",
			"slotId": "Pockets"
		},
		{
			"_id": "5c6687d65e9d882c8841f0fc",
			"_tpl": "566abbc34bdc2d92178b4576"
		},
		{
			"_id": "5c6687d65e9d882c8841f0ff",
			"_tpl": "5963866b86f7747bfa1c4462"
		},
		{
			"_id": "5c6687d65e9d882c8841f0fe",
			"_tpl": "5963866286f7747bf429b572"
		},
		{
			"_id": "I596182432764891771w6ked",
			"_tpl": "5d5d8ca986f7742798716522",
			"parentId": "5c6687d65e9d882c8841f0fd",
			"slotId": "TacticalVest"
		},
		{
			"_id": "I210013502705308923ayhp4",
			"_tpl": "5de652c31b7e3716273428be",
			"parentId": "5c6687d65e9d882c8841f0fd",
			"slotId": "FirstPrimaryWeapon",
			"upd": {
				"Repairable": {
					"MaxDurability": 100,
					"Durability": 100
				}
			}
		},
		{
			"_id": "I596182474243765754PPj2y",
			"_tpl": "5de653abf76fdc1ce94a5a2a",
			"parentId": "I210013502705308923ayhp4",
			"slotId": "mod_magazine"
		},
		{
			"_id": "I59618247357355287jQkLT4",
			"_tpl": "59e6658b86f77411d949b250",
			"parentId": "I596182474243765754PPj2y",
			"slotId": "cartridges",
			"upd": {
				"StackObjectsCount": 4
			}
		},
		{
			"_id": "I210013504198138994tT6uc",
			"_tpl": "5de655be4a9f347bc92edb88",
			"parentId": "I210013502705308923ayhp4",
			"slotId": "mod_stock"
		},
		{
			"_id": "I210013503604083775dsBDL",
			"_tpl": "5de65547883dde217541644b",
			"parentId": "I210013502705308923ayhp4",
			"slotId": "mod_barrel"
		},
		{
			"_id": "I210013508671591970MRz52",
			"_tpl": "5de6558e9f98ac2bc65950fc",
			"parentId": "I210013502705308923ayhp4",
			"slotId": "mod_mount"
		},
		{
			"_id": "I2100135084853553903uGeQ",
			"_tpl": "5de6556a205ddc616a6bc4f7",
			"parentId": "I210013503604083775dsBDL",
			"slotId": "mod_muzzle"
		},
		{
			"_id": "I59618245936834078F5TCeK",
			"_tpl": "5857a8bc2459772bad15db29",
			"parentId": "5c6687d65e9d882c8841f0fd",
			"slotId": "SecuredContainer"
		},
		{
			"_id": "I59618248491981850Ic9pIQ",
			"_tpl": "59e6658b86f77411d949b250",
			"parentId": "I59618245936834078F5TCeK",
			"slotId": "main",
			"upd": {
				"StackObjectsCount": 60
			}
		},
		{
			"_id": "I59618242276904823Je0CIP",
			"_tpl": "59e6658b86f77411d949b250",
			"parentId": "I59618245936834078F5TCeK",
			"slotId": "main",
			"upd": {
				"StackObjectsCount": 60
			}
		},
		{
			"_id": "I59618243098545969QlBFOU",
			"_tpl": "59e6658b86f77411d949b250",
			"parentId": "I59618245936834078F5TCeK",
			"slotId": "main",
			"upd": {
				"StackObjectsCount": 60
			}
		},
		{
			"_id": "I59618249050850629A9uHjW",
			"_tpl": "59e655cb86f77411dc52a77b",
			"parentId": "I59618245936834078F5TCeK",
			"slotId": "main",
			"upd": {
				"StackObjectsCount": 60
			}
		},
		{
			"_id": "I59618247438699891t7HUN8",
			"_tpl": "59e6542b86f77411dc52a77a",
			"parentId": "I59618245936834078F5TCeK",
			"slotId": "main",
			"upd": {
				"StackObjectsCount": 60
			}
		},
		{
			"_id": "I59618245620560885djKBPj",
			"_tpl": "59e6542b86f77411dc52a77a",
			"parentId": "I59618245936834078F5TCeK",
			"slotId": "main",
			"upd": {
				"StackObjectsCount": 60
			}
		},
		{
			"_id": "I59618249265498309HUd19n",
			"_tpl": "59e6658b86f77411d949b250",
			"parentId": "I59618245936834078F5TCeK",
			"slotId": "main",
			"upd": {
				"StackObjectsCount": 60
			}
		},
		{
			"_id": "I59618249224228110QPVJSG",
			"_tpl": "59e6542b86f77411dc52a77a",
			"parentId": "I59618245936834078F5TCeK",
			"slotId": "main",
			"upd": {
				"StackObjectsCount": 60
			}
		},
		{
			"_id": "I59618248111203635uZ5IR5",
			"_tpl": "59e6658b86f77411d949b250",
			"parentId": "I59618245936834078F5TCeK",
			"slotId": "main",
			"upd": {
				"StackObjectsCount": 60
			}
		},
		{
			"_id": "I59618248116600077kpWT5P",
			"_tpl": "5de653abf76fdc1ce94a5a2a",
			"parentId": "I596182432764891771w6ked",
			"slotId": "2",
			"location": {
				"x": 0,
				"y": 0,
				"r": "Horizontal"
			}
		},
		{
			"_id": "I59618241325419388s18jhb",
			"_tpl": "59e6542b86f77411dc52a77a",
			"parentId": "I59618248116600077kpWT5P",
			"slotId": "cartridges",
			"upd": {
				"StackObjectsCount": 4
			}
		},
		{
			"_id": "I596182499413490833xkJfQ",
			"_tpl": "5de653abf76fdc1ce94a5a2a",
			"parentId": "I596182432764891771w6ked",
			"slotId": "2",
			"location": {
				"x": 0,
				"y": 1,
				"r": "Horizontal"
			}
		},
		{
			"_id": "I59618242280283699C3FP5d",
			"_tpl": "59e6658b86f77411d949b250",
			"parentId": "I596182499413490833xkJfQ",
			"slotId": "cartridges",
			"upd": {
				"StackObjectsCount": 4
			}
		},
		{
			"_id": "I59618246908218452TrFDqF",
			"_tpl": "5bffdc370db834001d23eca8",
			"parentId": "5c6687d65e9d882c8841f0fd",
			"slotId": "Scabbard"
		},
		{
			"_id": "I59618247713868614gTmanw",
			"_tpl": "5b43271c5acfc432ff4dce65",
			"parentId": "5c6687d65e9d882c8841f0fd",
			"slotId": "Headwear"
		},
		{
			"_id": "I59618243691494702WbMUip",
			"_tpl": "59e770b986f7742cbd762754",
			"parentId": "5c6687d65e9d882c8841f0fd",
			"slotId": "Eyewear"
		},
		{
			"_id": "I59618247105398841HAcp6r",
			"_tpl": "59e7715586f7742ee5789605",
			"parentId": "5c6687d65e9d882c8841f0fd",
			"slotId": "FaceCover"
		},
		{
			"_id": "I59618246977347777nqivxM",
			"_tpl": "59e7635f86f7742cbf2c1095",
			"parentId": "5c6687d65e9d882c8841f0fd",
			"slotId": "ArmorVest",
			"upd": {
				"Repairable": {
					"MaxDurability": 40,
					"Durability": 39
				}
			}
		}
	],
	"equipment": "5c6687d65e9d882c8841f0fd",
	"stash": "5c6687d65e9d882c8841f0fc",
	"questRaidItems": "5c6687d65e9d882c8841f0fe",
	"questStashItems": "5c6687d65e9d882c8841f0ff",
	"fastPanel": {}
}