{
	"items": [
		{
			"_id": "5c6687d65e9d882c8841f0fd",
			"_tpl": "55d7217a4bdc2d86028b456d"
		},
		{
			"_id": "5c6687d65e9d882c8841f121",
			"_tpl": "557ffd194bdc2d28148b457f",
			"parentId": "5c6687d65e9d882c8841f0fd",
			"slotId": "Pockets"
		},
		{
			"_id": "5c6687d65e9d882c8841f0fc",
			"_tpl": "566abbc34bdc2d92178b4576"
		},
		{
			"_id": "5c6687d65e9d882c8841f0ff",
			"_tpl": "5963866b86f7747bfa1c4462"
		},
		{
			"_id": "5c6687d65e9d882c8841f0fe",
			"_tpl": "5963866286f7747bf429b572"
		},
		{
			"_id": "I596182461072618282MkH5R",
			"_tpl": "5648a69d4bdc2ded0b8b457b",
			"parentId": "5c6687d65e9d882c8841f0fd",
			"slotId": "TacticalVest"
		},
		{
			"_id": "I210054153211666324Nq18W",
			"_tpl": "5c46fbd72e2216398b5a8c9c",
			"parentId": "5c6687d65e9d882c8841f0fd",
			"slotId": "FirstPrimaryWeapon",
			"upd": {
				"Repairable": {
					"MaxDurability": 100,
					"Durability": 100
				}
			}
		},
		{
			"_id": "I210054156175010314CVn0n",
			"_tpl": "5c471be12e221602b66cd9ac",
			"parentId": "I210054153211666324Nq18W",
			"slotId": "mod_pistol_grip"
		},
		{
			"_id": "I59618249599349862aSqikC",
			"_tpl": "5c88f24b2e22160bc12c69a6",
			"parentId": "I210054153211666324Nq18W",
			"slotId": "mod_magazine"
		},
		{
			"_id": "I59618243803826660RhgCzg",
			"_tpl": "5e023cf8186a883be655e54f",
			"parentId": "I59618249599349862aSqikC",
			"slotId": "cartridges",
			"upd": {
				"StackObjectsCount": 20
			}
		},
		{
			"_id": "I210054152756362138kJ5fy",
			"_tpl": "5c471cb32e221602b177afaa",
			"parentId": "I210054153211666324Nq18W",
			"slotId": "mod_barrel"
		},
		{
			"_id": "I2100541578922177816lqLu",
			"_tpl": "5c471c2d2e22164bef5d077f",
			"parentId": "I210054153211666324Nq18W",
			"slotId": "mod_mount_001"
		},
		{
			"_id": "I210054152771921843w4nrq",
			"_tpl": "5c471bd12e221602b4129c3a",
			"parentId": "I210054153211666324Nq18W",
			"slotId": "mod_reciever"
		},
		{
			"_id": "I210054154350262906fTWwb",
			"_tpl": "5c471bfc2e221602b21d4e17",
			"parentId": "I210054152756362138kJ5fy",
			"slotId": "mod_muzzle"
		},
		{
			"_id": "I210054156855769832WgNiU",
			"_tpl": "5c471c842e221615214259b5",
			"parentId": "I210054152756362138kJ5fy",
			"slotId": "mod_gas_block"
		},
		{
			"_id": "I2100541556102252146P1lP",
			"_tpl": "5c471c6c2e221602b66cd9ae",
			"parentId": "I2100541578922177816lqLu",
			"slotId": "mod_handguard"
		},
		{
			"_id": "I210054151405287883T5uG9",
			"_tpl": "5c471b7e2e2216152006e46c",
			"parentId": "I2100541578922177816lqLu",
			"slotId": "mod_sight_rear",
			"upd": {
				"Sight": {
					"SelectedSightMode": 0
				}
			}
		},
		{
			"_id": "I210054156388736531vA431",
			"_tpl": "5c471ba12e221602b3137d76",
			"parentId": "I210054154350262906fTWwb",
			"slotId": "mod_sight_front",
			"upd": {
				"Sight": {
					"SelectedSightMode": 0
				}
			}
		},
		{
			"_id": "I59618242881155397a7V3N7",
			"_tpl": "5857a8bc2459772bad15db29",
			"parentId": "5c6687d65e9d882c8841f0fd",
			"slotId": "SecuredContainer"
		},
		{
			"_id": "I59618248007144422LgBlbo",
			"_tpl": "5887431f2459777e1612938f",
			"parentId": "I59618242881155397a7V3N7",
			"slotId": "main",
			"upd": {
				"StackObjectsCount": 60
			}
		},
		{
			"_id": "I59618242279971579GDNcf7",
			"_tpl": "5e023cf8186a883be655e54f",
			"parentId": "I59618242881155397a7V3N7",
			"slotId": "main",
			"upd": {
				"StackObjectsCount": 60
			}
		},
		{
			"_id": "I59618249818903467jEELnZ",
			"_tpl": "5887431f2459777e1612938f",
			"parentId": "I59618242881155397a7V3N7",
			"slotId": "main",
			"upd": {
				"StackObjectsCount": 60
			}
		},
		{
			"_id": "I596182411625332684vtzPB",
			"_tpl": "59e77a2386f7742ee578960a",
			"parentId": "I59618242881155397a7V3N7",
			"slotId": "main",
			"upd": {
				"StackObjectsCount": 60
			}
		},
		{
			"_id": "I59618243701012323Nn8IIc",
			"_tpl": "5887431f2459777e1612938f",
			"parentId": "I59618242881155397a7V3N7",
			"slotId": "main",
			"upd": {
				"StackObjectsCount": 60
			}
		},
		{
			"_id": "I59618242538674755qoTPTw",
			"_tpl": "59e77a2386f7742ee578960a",
			"parentId": "I59618242881155397a7V3N7",
			"slotId": "main",
			"upd": {
				"StackObjectsCount": 60
			}
		},
		{
			"_id": "I59618248326200212LFF8ci",
			"_tpl": "59e77a2386f7742ee578960a",
			"parentId": "I59618242881155397a7V3N7",
			"slotId": "main",
			"upd": {
				"StackObjectsCount": 60
			}
		},
		{
			"_id": "I596182493380755179amKZh",
			"_tpl": "5887431f2459777e1612938f",
			"parentId": "I59618242881155397a7V3N7",
			"slotId": "main",
			"upd": {
				"StackObjectsCount": 60
			}
		},
		{
			"_id": "I59618248214512877ck2D7j",
			"_tpl": "5e023d34e8a400319a28ed44",
			"parentId": "I59618242881155397a7V3N7",
			"slotId": "main",
			"upd": {
				"StackObjectsCount": 60
			}
		},
		{
			"_id": "I59618248649754356xEIRGn",
			"_tpl": "5c88f24b2e22160bc12c69a6",
			"parentId": "I596182461072618282MkH5R",
			"slotId": "1",
			"location": {
				"x": 0,
				"y": 0,
				"r": "Horizontal"
			}
		},
		{
			"_id": "I59618242455320037c4gXbf",
			"_tpl": "5e023cf8186a883be655e54f",
			"parentId": "I59618248649754356xEIRGn",
			"slotId": "cartridges",
			"upd": {
				"StackObjectsCount": 20
			}
		},
		{
			"_id": "I596182431821095310rBNcn",
			"_tpl": "5c88f24b2e22160bc12c69a6",
			"parentId": "I596182461072618282MkH5R",
			"slotId": "3",
			"location": {
				"x": 0,
				"y": 0,
				"r": "Horizontal"
			}
		},
		{
			"_id": "I596182437462908467Yz0z0",
			"_tpl": "560d61e84bdc2da74d8b4571",
			"parentId": "I596182431821095310rBNcn",
			"slotId": "cartridges",
			"upd": {
				"StackObjectsCount": 20
			}
		},
		{
			"_id": "I59618249564456877xVuCga",
			"_tpl": "5c88f24b2e22160bc12c69a6",
			"parentId": "I596182461072618282MkH5R",
			"slotId": "11",
			"location": {
				"x": 0,
				"y": 0,
				"r": "Horizontal"
			}
		},
		{
			"_id": "I59618242528973674qv5aF4",
			"_tpl": "560d61e84bdc2da74d8b4571",
			"parentId": "I59618249564456877xVuCga",
			"slotId": "cartridges",
			"upd": {
				"StackObjectsCount": 20
			}
		},
		{
			"_id": "I59618247195266382IGWcwf",
			"_tpl": "5c88f24b2e22160bc12c69a6",
			"parentId": "I596182461072618282MkH5R",
			"slotId": "5",
			"location": {
				"x": 1,
				"y": 0,
				"r": "Horizontal"
			}
		},
		{
			"_id": "I59618247892622180V8e8gg",
			"_tpl": "59e77a2386f7742ee578960a",
			"parentId": "I59618247195266382IGWcwf",
			"slotId": "cartridges",
			"upd": {
				"StackObjectsCount": 20
			}
		},
		{
			"_id": "I59618244304602746es5VDm",
			"_tpl": "5e023cf8186a883be655e54f",
			"parentId": "I596182461072618282MkH5R",
			"slotId": "8",
			"upd": {
				"StackObjectsCount": 22
			}
		},
		{
			"_id": "I59618245604836110qAMMDv",
			"_tpl": "57e26fc7245977162a14b800",
			"parentId": "5c6687d65e9d882c8841f0fd",
			"slotId": "Scabbard"
		},
		{
			"_id": "I59618246267769184zFoH6R",
			"_tpl": "572b7d8524597762b472f9d1",
			"parentId": "5c6687d65e9d882c8841f0fd",
			"slotId": "Headwear"
		},
		{
			"_id": "I59618247688105882sol6Zu",
			"_tpl": "59e7715586f7742ee5789605",
			"parentId": "5c6687d65e9d882c8841f0fd",
			"slotId": "FaceCover"
		},
		{
			"_id": "I59618243429622182W9jWy5",
			"_tpl": "5b44d22286f774172b0c9de8",
			"parentId": "5c6687d65e9d882c8841f0fd",
			"slotId": "ArmorVest",
			"upd": {
				"Repairable": {
					"MaxDurability": 70,
					"Durability": 41
				}
			}
		},
		{
			"_id": "I596182416481882191P3EoD",
			"_tpl": "5751a25924597722c463c472",
			"parentId": "5c6687d65e9d882c8841f121",
			"slotId": "pocket1",
			"location": {
				"x": 0,
				"y": 0,
				"r": "Horizontal"
			},
			"upd": {
				"SpawnedInSession": true
			}
		}
	],
	"equipment": "5c6687d65e9d882c8841f0fd",
	"stash": "5c6687d65e9d882c8841f0fc",
	"questRaidItems": "5c6687d65e9d882c8841f0fe",
	"questStashItems": "5c6687d65e9d882c8841f0ff",
	"fastPanel": {}
}