{
	"items": [
		{
			"_id": "5c6687d65e9d882c8841f0fd",
			"_tpl": "55d7217a4bdc2d86028b456d"
		},
		{
			"_id": "5c6687d65e9d882c8841f121",
			"_tpl": "557ffd194bdc2d28148b457f",
			"parentId": "5c6687d65e9d882c8841f0fd",
			"slotId": "Pockets"
		},
		{
			"_id": "5c6687d65e9d882c8841f0fc",
			"_tpl": "566abbc34bdc2d92178b4576"
		},
		{
			"_id": "5c6687d65e9d882c8841f0ff",
			"_tpl": "5963866b86f7747bfa1c4462"
		},
		{
			"_id": "5c6687d65e9d882c8841f0fe",
			"_tpl": "5963866286f7747bf429b572"
		},
		{
			"_id": "I59618247163166706jMIdKG",
			"_tpl": "5648a69d4bdc2ded0b8b457b",
			"parentId": "5c6687d65e9d882c8841f0fd",
			"slotId": "TacticalVest"
		},
		{
			"_id": "I33102199244347225huwq4b",
			"_tpl": "57dc2fa62459775949412633",
			"parentId": "5c6687d65e9d882c8841f0fd",
			"slotId": "FirstPrimaryWeapon",
			"upd": {
				"Repairable": {
					"MaxDurability": 100,
					"Durability": 100
				}
			}
		},
		{
			"_id": "I33102198208220368mkoBPf",
			"_tpl": "57e3dba62459770f0c32322b",
			"parentId": "I33102199244347225huwq4b",
			"slotId": "mod_pistol_grip"
		},
		{
			"_id": "I33102191015356994tky48q",
			"_tpl": "57dc347d245977596754e7a1",
			"parentId": "I33102199244347225huwq4b",
			"slotId": "mod_stock"
		},
		{
			"_id": "I59618242153996180Zbt9rb",
			"_tpl": "55d480c04bdc2d1d4e8b456a",
			"parentId": "I33102199244347225huwq4b",
			"slotId": "mod_magazine"
		},
		{
			"_id": "I59618243734086745wNizhm",
			"_tpl": "56dfef82d2720bbd668b4567",
			"parentId": "I59618242153996180Zbt9rb",
			"slotId": "cartridges",
			"upd": {
				"StackObjectsCount": 30
			}
		},
		{
			"_id": "I331021979274565986ipDm6",
			"_tpl": "57dc324a24597759501edc20",
			"parentId": "I33102199244347225huwq4b",
			"slotId": "mod_muzzle"
		},
		{
			"_id": "I33102196100545524E0zoJV",
			"_tpl": "59d36a0086f7747e673f3946",
			"parentId": "I33102199244347225huwq4b",
			"slotId": "mod_gas_block"
		},
		{
			"_id": "I331021985013893897JE7Au",
			"_tpl": "56dfef82d2720bbd668b4567",
			"parentId": "I33102195248896084yCBI6t",
			"slotId": "cartridges",
			"location": 0,
			"upd": {
				"StackObjectsCount": 30
			}
		},
		{
			"_id": "I33102195902080607QLDgOL",
			"_tpl": "57dc32dc245977596d4ef3d3",
			"parentId": "I33102196100545524E0zoJV",
			"slotId": "mod_handguard"
		},
		{
			"_id": "I59618248979002533POTMe3",
			"_tpl": "5857a8bc2459772bad15db29",
			"parentId": "5c6687d65e9d882c8841f0fd",
			"slotId": "SecuredContainer"
		},
		{
			"_id": "I59618249703655783knRkVZ",
			"_tpl": "56dff026d2720bb8668b4567",
			"parentId": "I59618248979002533POTMe3",
			"slotId": "main",
			"upd": {
				"StackObjectsCount": 60
			}
		},
		{
			"_id": "I596182456418077329DwFCu",
			"_tpl": "56dff2ced2720bb4668b4567",
			"parentId": "I59618248979002533POTMe3",
			"slotId": "main",
			"upd": {
				"StackObjectsCount": 60
			}
		},
		{
			"_id": "I59618248678101014fTE4IL",
			"_tpl": "56dff421d2720b5f5a8b4567",
			"parentId": "I59618248979002533POTMe3",
			"slotId": "main",
			"upd": {
				"StackObjectsCount": 60
			}
		},
		{
			"_id": "I59618243441079488QmlxZQ",
			"_tpl": "56dff2ced2720bb4668b4567",
			"parentId": "I59618248979002533POTMe3",
			"slotId": "main",
			"upd": {
				"StackObjectsCount": 60
			}
		},
		{
			"_id": "I596182497768561016N1Npo",
			"_tpl": "56dff216d2720bbd668b4568",
			"parentId": "I59618248979002533POTMe3",
			"slotId": "main",
			"upd": {
				"StackObjectsCount": 60
			}
		},
		{
			"_id": "I59618243578484357w5uMpU",
			"_tpl": "56dff216d2720bbd668b4568",
			"parentId": "I59618248979002533POTMe3",
			"slotId": "main",
			"upd": {
				"StackObjectsCount": 60
			}
		},
		{
			"_id": "I59618249244726729gz8M97",
			"_tpl": "56dff4ecd2720b5f5a8b4568",
			"parentId": "I59618248979002533POTMe3",
			"slotId": "main",
			"upd": {
				"StackObjectsCount": 60
			}
		},
		{
			"_id": "I59618242194164429O1Scuc",
			"_tpl": "56dff026d2720bb8668b4567",
			"parentId": "I59618248979002533POTMe3",
			"slotId": "main",
			"upd": {
				"StackObjectsCount": 60
			}
		},
		{
			"_id": "I59618242068698894mXmtwF",
			"_tpl": "56dff4ecd2720b5f5a8b4568",
			"parentId": "I59618248979002533POTMe3",
			"slotId": "main",
			"upd": {
				"StackObjectsCount": 60
			}
		},
		{
			"_id": "I210016101782840201FfSza",
			"_tpl": "5448bd6b4bdc2dfc2f8b4569",
			"parentId": "5c6687d65e9d882c8841f0fd",
			"slotId": "Holster",
			"upd": {
				"Repairable": {
					"MaxDurability": 100,
					"Durability": 100
				}
			}
		},
		{
			"_id": "I596182447436473108miStY",
			"_tpl": "57372140245977611f70ee91",
			"parentId": "I210016108228972218lshfS",
			"slotId": "cartridges",
			"upd": {
				"StackObjectsCount": 8
			}
		},
		{
			"_id": "I210016108228972218lshfS",
			"_tpl": "5448c12b4bdc2d02308b456f",
			"parentId": "I210016101782840201FfSza",
			"slotId": "mod_magazine"
		},
		{
			"_id": "I59618241489863162Houc3b",
			"_tpl": "55d482194bdc2d1d4e8b456b",
			"parentId": "I59618247163166706jMIdKG",
			"slotId": "1",
			"location": {
				"x": 0,
				"y": 0,
				"r": "Horizontal"
			}
		},
		{
			"_id": "I59618248175907191FuUTdH",
			"_tpl": "56dff4a2d2720bbd668b456a",
			"parentId": "I59618241489863162Houc3b",
			"slotId": "cartridges",
			"upd": {
				"StackObjectsCount": 60
			}
		},
		{
			"_id": "I59618246021348936ZSdjgO",
			"_tpl": "55d482194bdc2d1d4e8b456b",
			"parentId": "I59618247163166706jMIdKG",
			"slotId": "3",
			"location": {
				"x": 0,
				"y": 0,
				"r": "Horizontal"
			}
		},
		{
			"_id": "I59618242775975935K3VXu4",
			"_tpl": "56dff061d2720bb5668b4567",
			"parentId": "I59618246021348936ZSdjgO",
			"slotId": "cartridges",
			"upd": {
				"StackObjectsCount": 60
			}
		},
		{
			"_id": "I59618243480808006YtkEKc",
			"_tpl": "55d482194bdc2d1d4e8b456b",
			"parentId": "I59618247163166706jMIdKG",
			"slotId": "11",
			"location": {
				"x": 0,
				"y": 0,
				"r": "Horizontal"
			}
		},
		{
			"_id": "I59618243058502490TMQb61",
			"_tpl": "56dff216d2720bbd668b4568",
			"parentId": "I59618243480808006YtkEKc",
			"slotId": "cartridges",
			"upd": {
				"StackObjectsCount": 60
			}
		},
		{
			"_id": "I59618247072604743dmHqrL",
			"_tpl": "55d482194bdc2d1d4e8b456b",
			"parentId": "I59618247163166706jMIdKG",
			"slotId": "5",
			"location": {
				"x": 0,
				"y": 0,
				"r": "Horizontal"
			}
		},
		{
			"_id": "I5961824719776982461lW5a",
			"_tpl": "56dff026d2720bb8668b4567",
			"parentId": "I59618247072604743dmHqrL",
			"slotId": "cartridges",
			"upd": {
				"StackObjectsCount": 60
			}
		},
		{
			"_id": "I59618244871666159vzR4Ny",
			"_tpl": "55d482194bdc2d1d4e8b456b",
			"parentId": "I59618247163166706jMIdKG",
			"slotId": "5",
			"location": {
				"x": 1,
				"y": 0,
				"r": "Horizontal"
			}
		},
		{
			"_id": "I59618241720975581LRThGh",
			"_tpl": "56dff026d2720bb8668b4567",
			"parentId": "I59618244871666159vzR4Ny",
			"slotId": "cartridges",
			"upd": {
				"StackObjectsCount": 60
			}
		},
		{
			"_id": "I59618244476937852Pu4uNP",
			"_tpl": "58d3db5386f77426186285a0",
			"parentId": "I59618247163166706jMIdKG",
			"slotId": "6"
		},
		{
			"_id": "I59618249628045533tT9sUV",
			"_tpl": "5c0d5e4486f77478390952fe",
			"parentId": "I59618247163166706jMIdKG",
			"slotId": "9",
			"upd": {
				"StackObjectsCount": 46
			}
		},
		{
			"_id": "I59618249783076910BVwNuf",
			"_tpl": "5448c12b4bdc2d02308b456f",
			"parentId": "I59618247163166706jMIdKG",
			"slotId": "2",
			"location": {
				"x": 0,
				"y": 0,
				"r": "Horizontal"
			}
		},
		{
			"_id": "I59618243276678857vveiuK",
			"_tpl": "5737218f245977612125ba51",
			"parentId": "I59618249783076910BVwNuf",
			"slotId": "cartridges",
			"upd": {
				"StackObjectsCount": 8
			}
		},
		{
			"_id": "I59618245043164631HxQ6Ey",
			"_tpl": "5448c12b4bdc2d02308b456f",
			"parentId": "I59618247163166706jMIdKG",
			"slotId": "10",
			"location": {
				"x": 0,
				"y": 0,
				"r": "Horizontal"
			}
		},
		{
			"_id": "I59618247010327669eNxKdl",
			"_tpl": "57371e4124597760ff7b25f1",
			"parentId": "I59618245043164631HxQ6Ey",
			"slotId": "cartridges",
			"upd": {
				"StackObjectsCount": 8
			}
		},
		{
			"_id": "I59618243718994610x4jBt5",
			"_tpl": "5448c12b4bdc2d02308b456f",
			"parentId": "I59618247163166706jMIdKG",
			"slotId": "10",
			"location": {
				"x": 0,
				"y": 1,
				"r": "Horizontal"
			}
		},
		{
			"_id": "I59618245405686199HPG7px",
			"_tpl": "57371f2b24597761224311f1",
			"parentId": "I59618243718994610x4jBt5",
			"slotId": "cartridges",
			"upd": {
				"StackObjectsCount": 8
			}
		},
		{
			"_id": "I59618245006620843CQl8nr",
			"_tpl": "54491bb74bdc2d09088b4567",
			"parentId": "5c6687d65e9d882c8841f0fd",
			"slotId": "Scabbard"
		},
		{
			"_id": "I59618246218643988NTD4Cp",
			"_tpl": "5d6d2ef3a4b93618084f58bd",
			"parentId": "5c6687d65e9d882c8841f0fd",
			"slotId": "Eyewear"
		},
		{
			"_id": "I59618246946418750QIpsde",
			"_tpl": "56e33634d2720bd8058b456b",
			"parentId": "5c6687d65e9d882c8841f0fd",
			"slotId": "Backpack"
		},
		{
			"_id": "I59618243262333394eJuQMj",
			"_tpl": "5672cb304bdc2dc2088b456a",
			"parentId": "I59618246946418750QIpsde",
			"slotId": "main",
			"location": {
				"x": 0,
				"y": 0,
				"r": "Horizontal"
			}
		},
		{
			"_id": "I59618243744487201vsXR8C",
			"_tpl": "57347da92459774491567cf5",
			"parentId": "I59618246946418750QIpsde",
			"slotId": "main",
			"location": {
				"x": 0,
				"y": 1,
				"r": "Horizontal"
			}
		},
		{
			"_id": "I59618244870428063Frm7EB",
			"_tpl": "56742c2e4bdc2d95058b456d",
			"parentId": "I59618246946418750QIpsde",
			"slotId": "main",
			"location": {
				"x": 0,
				"y": 2,
				"r": "Horizontal"
			}
		},
		{
			"_id": "I59618246202401991fC113y",
			"_tpl": "5e2af2bc86f7746d3f3c33fc",
			"parentId": "I59618246946418750QIpsde",
			"slotId": "main",
			"location": {
				"x": 1,
				"y": 0,
				"r": "Horizontal"
			}
		},
		{
			"_id": "I59618249926238747gg2EDl",
			"_tpl": "590a3c0a86f774385a33c450",
			"parentId": "I59618246946418750QIpsde",
			"slotId": "main",
			"location": {
				"x": 1,
				"y": 1,
				"r": "Horizontal"
			}
		},
		{
			"_id": "I596182485158663094zmIgt",
			"_tpl": "575062b524597720a31c09a1",
			"parentId": "I59618246946418750QIpsde",
			"slotId": "main",
			"location": {
				"x": 1,
				"y": 2,
				"r": "Horizontal"
			}
		},
		{
			"_id": "I59618242479315155JjsQ7E",
			"_tpl": "5ab8e79e86f7742d8b372e78",
			"parentId": "5c6687d65e9d882c8841f0fd",
			"slotId": "ArmorVest",
			"upd": {
				"Repairable": {
					"MaxDurability": 65,
					"Durability": 26
				}
			}
		}
	],
	"equipment": "5c6687d65e9d882c8841f0fd",
	"stash": "5c6687d65e9d882c8841f0fc",
	"questRaidItems": "5c6687d65e9d882c8841f0fe",
	"questStashItems": "5c6687d65e9d882c8841f0ff",
	"fastPanel": {}
}