{
	"items": [
		{
			"_id": "5c6687d65e9d882c8841f0fd",
			"_tpl": "55d7217a4bdc2d86028b456d"
		},
		{
			"_id": "5c6687d65e9d882c8841f121",
			"_tpl": "557ffd194bdc2d28148b457f",
			"parentId": "5c6687d65e9d882c8841f0fd",
			"slotId": "Pockets"
		},
		{
			"_id": "5c6687d65e9d882c8841f0fc",
			"_tpl": "566abbc34bdc2d92178b4576"
		},
		{
			"_id": "5c6687d65e9d882c8841f0ff",
			"_tpl": "5963866b86f7747bfa1c4462"
		},
		{
			"_id": "5c6687d65e9d882c8841f0fe",
			"_tpl": "5963866286f7747bf429b572"
		},
		{
			"_id": "I596182416797381125ZgULg",
			"_tpl": "5d5d646386f7742797261fd9",
			"parentId": "5c6687d65e9d882c8841f0fd",
			"slotId": "TacticalVest"
		},
		{
			"_id": "I331025136497950874p6Qtu",
			"_tpl": "59d6088586f774275f37482f",
			"parentId": "5c6687d65e9d882c8841f0fd",
			"slotId": "FirstPrimaryWeapon",
			"upd": {
				"Repairable": {
					"MaxDurability": 100,
					"Durability": 100
				}
			}
		},
		{
			"_id": "I331025131155890004PGGVu",
			"_tpl": "59d64ec286f774171d1e0a42",
			"parentId": "I331025136497950874p6Qtu",
			"slotId": "mod_gas_block"
		},
		{
			"_id": "I331025132431303768wLBut",
			"_tpl": "59d64fc686f774171b243fe2",
			"parentId": "I331025136497950874p6Qtu",
			"slotId": "mod_muzzle"
		},
		{
			"_id": "I331025135897016229pLOBe",
			"_tpl": "59e62cc886f77440d40b52a1",
			"parentId": "I331025136497950874p6Qtu",
			"slotId": "mod_pistol_grip"
		},
		{
			"_id": "I3310251389087471193nWGz",
			"_tpl": "59d6507c86f7741b846413a2",
			"parentId": "I331025136497950874p6Qtu",
			"slotId": "mod_reciever"
		},
		{
			"_id": "I331025137009763301XP9S7",
			"_tpl": "59d650cf86f7741b846413a4",
			"parentId": "I331025136497950874p6Qtu",
			"slotId": "mod_sight_rear",
			"upd": {
				"Sight": {
					"SelectedSightMode": 0
				}
			}
		},
		{
			"_id": "I59618248164106262zXYPXU",
			"_tpl": "5a01c29586f77474660c694c",
			"parentId": "I331025136497950874p6Qtu",
			"slotId": "mod_magazine"
		},
		{
			"_id": "I59618247794285194BX7wFA",
			"_tpl": "59e4d3d286f774176a36250a",
			"parentId": "I59618248164106262zXYPXU",
			"slotId": "cartridges",
			"upd": {
				"StackObjectsCount": 30
			}
		},
		{
			"_id": "I331025134185248693M0cHJ",
			"_tpl": "59d64f2f86f77417193ef8b3",
			"parentId": "I331025131155890004PGGVu",
			"slotId": "mod_handguard"
		},
		{
			"_id": "I59618244804073170wCntTc",
			"_tpl": "5857a8bc2459772bad15db29",
			"parentId": "5c6687d65e9d882c8841f0fd",
			"slotId": "SecuredContainer"
		},
		{
			"_id": "I59618244487234060YekDMg",
			"_tpl": "59e4cf5286f7741778269d8a",
			"parentId": "I59618244804073170wCntTc",
			"slotId": "main",
			"upd": {
				"StackObjectsCount": 60
			}
		},
		{
			"_id": "I59618247998789962A8zbJs",
			"_tpl": "59e4d3d286f774176a36250a",
			"parentId": "I59618244804073170wCntTc",
			"slotId": "main",
			"upd": {
				"StackObjectsCount": 60
			}
		},
		{
			"_id": "I59618249085476763qG9nBL",
			"_tpl": "59e4cf5286f7741778269d8a",
			"parentId": "I59618244804073170wCntTc",
			"slotId": "main",
			"upd": {
				"StackObjectsCount": 60
			}
		},
		{
			"_id": "I596182433161451559iAMng",
			"_tpl": "59e4cf5286f7741778269d8a",
			"parentId": "I59618244804073170wCntTc",
			"slotId": "main",
			"upd": {
				"StackObjectsCount": 60
			}
		},
		{
			"_id": "I59618244103333072OB5ApA",
			"_tpl": "59e4d24686f7741776641ac7",
			"parentId": "I59618244804073170wCntTc",
			"slotId": "main",
			"upd": {
				"StackObjectsCount": 60
			}
		},
		{
			"_id": "I59618245212654823vqocwU",
			"_tpl": "5656d7c34bdc2d9d198b4587",
			"parentId": "I59618244804073170wCntTc",
			"slotId": "main",
			"upd": {
				"StackObjectsCount": 60
			}
		},
		{
			"_id": "I596182458939825045okNAb",
			"_tpl": "5656d7c34bdc2d9d198b4587",
			"parentId": "I59618244804073170wCntTc",
			"slotId": "main",
			"upd": {
				"StackObjectsCount": 60
			}
		},
		{
			"_id": "I59618246072550797TNj4oe",
			"_tpl": "59e4d24686f7741776641ac7",
			"parentId": "I59618244804073170wCntTc",
			"slotId": "main",
			"upd": {
				"StackObjectsCount": 60
			}
		},
		{
			"_id": "I59618242327334078DN0FKs",
			"_tpl": "59e4d3d286f774176a36250a",
			"parentId": "I59618244804073170wCntTc",
			"slotId": "main",
			"upd": {
				"StackObjectsCount": 60
			}
		},
		{
			"_id": "I59618248184043735TGU9bv",
			"_tpl": "5a01c29586f77474660c694c",
			"parentId": "I596182416797381125ZgULg",
			"slotId": "3",
			"location": {
				"x": 0,
				"y": 0,
				"r": "Horizontal"
			}
		},
		{
			"_id": "I59618247305754336Imdmlh",
			"_tpl": "59e4d3d286f774176a36250a",
			"parentId": "I59618248184043735TGU9bv",
			"slotId": "cartridges",
			"upd": {
				"StackObjectsCount": 30
			}
		},
		{
			"_id": "I59618241469633466dw7gPk",
			"_tpl": "5bffdc370db834001d23eca8",
			"parentId": "5c6687d65e9d882c8841f0fd",
			"slotId": "Scabbard"
		},
		{
			"_id": "I59618243209958796rQnMFu",
			"_tpl": "59e7708286f7742cbd762753",
			"parentId": "5c6687d65e9d882c8841f0fd",
			"slotId": "Headwear"
		},
		{
			"_id": "I59618243283880670BT4StW",
			"_tpl": "544a5cde4bdc2d39388b456b",
			"parentId": "5c6687d65e9d882c8841f0fd",
			"slotId": "Backpack"
		},
		{
			"_id": "I596182454385921428xylUh",
			"_tpl": "5780cda02459777b272ede61",
			"parentId": "I59618243283880670BT4StW",
			"slotId": "main",
			"location": {
				"x": 0,
				"y": 0,
				"r": "Horizontal"
			}
		},
		{
			"_id": "I596182426881811464lowUL",
			"_tpl": "590c2d8786f774245b1f03f3",
			"parentId": "5c6687d65e9d882c8841f121",
			"slotId": "pocket1",
			"location": {
				"x": 0,
				"y": 0,
				"r": "Horizontal"
			},
			"upd": {
				"SpawnedInSession": true
			}
		},
		{
			"_id": "I59618245888292214EmTT2o",
			"_tpl": "5d40425986f7743185265461",
			"parentId": "5c6687d65e9d882c8841f121",
			"slotId": "pocket2",
			"location": {
				"x": 0,
				"y": 0,
				"r": "Horizontal"
			},
			"upd": {
				"SpawnedInSession": true
			}
		},
		{
			"_id": "I59618247399050887uHBG01",
			"_tpl": "5d40425986f7743185265461",
			"parentId": "5c6687d65e9d882c8841f121",
			"slotId": "pocket3",
			"location": {
				"x": 0,
				"y": 0,
				"r": "Horizontal"
			},
			"upd": {
				"SpawnedInSession": true
			}
		}
	],
	"equipment": "5c6687d65e9d882c8841f0fd",
	"stash": "5c6687d65e9d882c8841f0fc",
	"questRaidItems": "5c6687d65e9d882c8841f0fe",
	"questStashItems": "5c6687d65e9d882c8841f0ff",
	"fastPanel": {}
}