{
	"items": [
		{
			"_id": "5c6687d65e9d882c8841f0fd",
			"_tpl": "55d7217a4bdc2d86028b456d"
		},
		{
			"_id": "5c6687d65e9d882c8841f121",
			"_tpl": "557ffd194bdc2d28148b457f",
			"parentId": "5c6687d65e9d882c8841f0fd",
			"slotId": "Pockets"
		},
		{
			"_id": "5c6687d65e9d882c8841f0fc",
			"_tpl": "566abbc34bdc2d92178b4576"
		},
		{
			"_id": "5c6687d65e9d882c8841f0ff",
			"_tpl": "5963866b86f7747bfa1c4462"
		},
		{
			"_id": "5c6687d65e9d882c8841f0fe",
			"_tpl": "5963866286f7747bf429b572"
		},
		{
			"_id": "I59618246579893365AAKyiD",
			"_tpl": "5e4abfed86f77406a2713cf7",
			"parentId": "5c6687d65e9d882c8841f0fd",
			"slotId": "TacticalVest"
		},
		{
			"_id": "I21004568990068539X4py03",
			"_tpl": "59e6152586f77473dc057aa1",
			"parentId": "5c6687d65e9d882c8841f0fd",
			"slotId": "FirstPrimaryWeapon",
			"upd": {
				"Repairable": {
					"MaxDurability": 100,
					"Durability": 100
				}
			}
		},
		{
			"_id": "I21004565535012213q1vPJy",
			"_tpl": "59e649f986f77411d949b246",
			"parentId": "I21004568990068539X4py03",
			"slotId": "mod_gas_block"
		},
		{
			"_id": "I21004561581886902bdDXxQ",
			"_tpl": "59e61eb386f77440d64f5daf",
			"parentId": "I21004568990068539X4py03",
			"slotId": "mod_muzzle"
		},
		{
			"_id": "I21004564862018236cOC1kG",
			"_tpl": "59e6318286f77444dd62c4cc",
			"parentId": "I21004568990068539X4py03",
			"slotId": "mod_pistol_grip"
		},
		{
			"_id": "I210045693600940218V2zna",
			"_tpl": "59e6449086f7746c9f75e822",
			"parentId": "I21004568990068539X4py03",
			"slotId": "mod_reciever"
		},
		{
			"_id": "I21004565547401397KcUSau",
			"_tpl": "59d650cf86f7741b846413a4",
			"parentId": "I21004568990068539X4py03",
			"slotId": "mod_sight_rear",
			"upd": {
				"Sight": {
					"SelectedSightMode": 0
				}
			}
		},
		{
			"_id": "I21004568116809123jkDH2Q",
			"_tpl": "59e6227d86f77440d64f5dc2",
			"parentId": "I21004568990068539X4py03",
			"slotId": "mod_stock"
		},
		{
			"_id": "I59618249595570537zXV9IZ",
			"_tpl": "5e21a3c67e40bd02257a008a",
			"parentId": "I21004568990068539X4py03",
			"slotId": "mod_magazine"
		},
		{
			"_id": "I596182454566707470bMS1E",
			"_tpl": "59e0d99486f7744a32234762",
			"parentId": "I59618249595570537zXV9IZ",
			"slotId": "cartridges",
			"upd": {
				"StackObjectsCount": 30
			}
		},
		{
			"_id": "I21004566382817988WX2JgX",
			"_tpl": "59e6284f86f77440d569536f",
			"parentId": "I21004565535012213q1vPJy",
			"slotId": "mod_handguard"
		},
		{
			"_id": "I596182495636024012IA1Wa",
			"_tpl": "5857a8bc2459772bad15db29",
			"parentId": "5c6687d65e9d882c8841f0fd",
			"slotId": "SecuredContainer"
		},
		{
			"_id": "I596182447413589252TB17b",
			"_tpl": "59e4d3d286f774176a36250a",
			"parentId": "I596182495636024012IA1Wa",
			"slotId": "main",
			"upd": {
				"StackObjectsCount": 60
			}
		},
		{
			"_id": "I59618247087020780hGm7hf",
			"_tpl": "59e4d3d286f774176a36250a",
			"parentId": "I596182495636024012IA1Wa",
			"slotId": "main",
			"upd": {
				"StackObjectsCount": 60
			}
		},
		{
			"_id": "I596182412902759891rSZX9",
			"_tpl": "59e4d3d286f774176a36250a",
			"parentId": "I596182495636024012IA1Wa",
			"slotId": "main",
			"upd": {
				"StackObjectsCount": 60
			}
		},
		{
			"_id": "I59618243565927853xG9nJy",
			"_tpl": "59e4cf5286f7741778269d8a",
			"parentId": "I596182495636024012IA1Wa",
			"slotId": "main",
			"upd": {
				"StackObjectsCount": 60
			}
		},
		{
			"_id": "I59618244925333940ZBrsQ7",
			"_tpl": "59e4d24686f7741776641ac7",
			"parentId": "I596182495636024012IA1Wa",
			"slotId": "main",
			"upd": {
				"StackObjectsCount": 60
			}
		},
		{
			"_id": "I59618244468844093JUAOwo",
			"_tpl": "59e4cf5286f7741778269d8a",
			"parentId": "I596182495636024012IA1Wa",
			"slotId": "main",
			"upd": {
				"StackObjectsCount": 60
			}
		},
		{
			"_id": "I59618248106956612QOQ64h",
			"_tpl": "59e4d24686f7741776641ac7",
			"parentId": "I596182495636024012IA1Wa",
			"slotId": "main",
			"upd": {
				"StackObjectsCount": 60
			}
		},
		{
			"_id": "I5961824624794864765DFI4",
			"_tpl": "59e4cf5286f7741778269d8a",
			"parentId": "I596182495636024012IA1Wa",
			"slotId": "main",
			"upd": {
				"StackObjectsCount": 60
			}
		},
		{
			"_id": "I59618249809632644NzRqgQ",
			"_tpl": "59e4d24686f7741776641ac7",
			"parentId": "I596182495636024012IA1Wa",
			"slotId": "main",
			"upd": {
				"StackObjectsCount": 60
			}
		},
		{
			"_id": "I59618247286487288JUwAlh",
			"_tpl": "5a0060fc86f7745793204432",
			"parentId": "I59618246579893365AAKyiD",
			"slotId": "1",
			"location": {
				"x": 0,
				"y": 0,
				"r": "Horizontal"
			}
		},
		{
			"_id": "I59618243572984500SvJF9A",
			"_tpl": "59e4cf5286f7741778269d8a",
			"parentId": "I59618247286487288JUwAlh",
			"slotId": "cartridges",
			"upd": {
				"StackObjectsCount": 30
			}
		},
		{
			"_id": "I596182491111139845DqJug",
			"_tpl": "544fb25a4bdc2dfb738b4567",
			"parentId": "I59618246579893365AAKyiD",
			"slotId": "3"
		},
		{
			"_id": "I59618241327556319kTx3at",
			"_tpl": "544fb25a4bdc2dfb738b4567",
			"parentId": "I59618246579893365AAKyiD",
			"slotId": "4"
		},
		{
			"_id": "I59618249595695084PBKgJE",
			"_tpl": "58d3db5386f77426186285a0",
			"parentId": "I59618246579893365AAKyiD",
			"slotId": "5"
		},
		{
			"_id": "I59618241029463278vCgmCW",
			"_tpl": "5656d7c34bdc2d9d198b4587",
			"parentId": "I59618246579893365AAKyiD",
			"slotId": "6",
			"upd": {
				"StackObjectsCount": 21
			}
		},
		{
			"_id": "I596182443998392517GACst",
			"_tpl": "58d3db5386f77426186285a0",
			"parentId": "I59618246579893365AAKyiD",
			"slotId": "9"
		},
		{
			"_id": "I59618245701379195xmzmrl",
			"_tpl": "5bffdc370db834001d23eca8",
			"parentId": "5c6687d65e9d882c8841f0fd",
			"slotId": "Scabbard"
		},
		{
			"_id": "I59618245400190755VD72YH",
			"_tpl": "5aa2b89be5b5b0001569311f",
			"parentId": "5c6687d65e9d882c8841f0fd",
			"slotId": "Headwear"
		},
		{
			"_id": "I59618245845896458DeoYvk",
			"_tpl": "5e54f76986f7740366043752",
			"parentId": "5c6687d65e9d882c8841f0fd",
			"slotId": "FaceCover"
		},
		{
			"_id": "I59618244245855478xawSdN",
			"_tpl": "56e33634d2720bd8058b456b",
			"parentId": "5c6687d65e9d882c8841f0fd",
			"slotId": "Backpack"
		},
		{
			"_id": "I59618242814577318hUtu5x",
			"_tpl": "59e3606886f77417674759a5",
			"parentId": "I59618244245855478xawSdN",
			"slotId": "main",
			"location": {
				"x": 0,
				"y": 0,
				"r": "Horizontal"
			}
		},
		{
			"_id": "I59618242467045625MDR3Up",
			"_tpl": "5c13cd2486f774072c757944",
			"parentId": "I59618244245855478xawSdN",
			"slotId": "main",
			"location": {
				"x": 0,
				"y": 1,
				"r": "Horizontal"
			}
		},
		{
			"_id": "I59618249491012227KdIjox",
			"_tpl": "5e2af22086f7746d3f3c33fa",
			"parentId": "I59618244245855478xawSdN",
			"slotId": "main",
			"location": {
				"x": 0,
				"y": 2,
				"r": "Horizontal"
			}
		},
		{
			"_id": "I59618244263696887xgmV1K",
			"_tpl": "59e366c186f7741778269d85",
			"parentId": "5c6687d65e9d882c8841f121",
			"slotId": "pocket1",
			"location": {
				"x": 0,
				"y": 0,
				"r": "Horizontal"
			},
			"upd": {
				"SpawnedInSession": true
			}
		},
		{
			"_id": "I59618243337578271DXXu7c",
			"_tpl": "5df8a72c86f77412640e2e83",
			"parentId": "5c6687d65e9d882c8841f121",
			"slotId": "pocket2",
			"location": {
				"x": 0,
				"y": 0,
				"r": "Horizontal"
			},
			"upd": {
				"SpawnedInSession": true
			}
		},
		{
			"_id": "I59618248263943358r3tEHx",
			"_tpl": "5c13cef886f774072e618e82",
			"parentId": "5c6687d65e9d882c8841f121",
			"slotId": "pocket3",
			"location": {
				"x": 0,
				"y": 0,
				"r": "Horizontal"
			},
			"upd": {
				"SpawnedInSession": true
			}
		}
	],
	"equipment": "5c6687d65e9d882c8841f0fd",
	"stash": "5c6687d65e9d882c8841f0fc",
	"questRaidItems": "5c6687d65e9d882c8841f0fe",
	"questStashItems": "5c6687d65e9d882c8841f0ff",
	"fastPanel": {}
}