{
	"items": [
		{
			"_id": "5c6687d65e9d882c8841f0fd",
			"_tpl": "55d7217a4bdc2d86028b456d"
		},
		{
			"_id": "5c6687d65e9d882c8841f121",
			"_tpl": "557ffd194bdc2d28148b457f",
			"parentId": "5c6687d65e9d882c8841f0fd",
			"slotId": "Pockets"
		},
		{
			"_id": "5c6687d65e9d882c8841f0fc",
			"_tpl": "566abbc34bdc2d92178b4576"
		},
		{
			"_id": "5c6687d65e9d882c8841f0ff",
			"_tpl": "5963866b86f7747bfa1c4462"
		},
		{
			"_id": "5c6687d65e9d882c8841f0fe",
			"_tpl": "5963866286f7747bf429b572"
		},
		{
			"_id": "I59618249106840373vOXs80",
			"_tpl": "5648a69d4bdc2ded0b8b457b",
			"parentId": "5c6687d65e9d882c8841f0fd",
			"slotId": "TacticalVest"
		},
		{
			"_id": "I210012363743647067MaAgh",
			"_tpl": "57838ad32459774a17445cd2",
			"parentId": "5c6687d65e9d882c8841f0fd",
			"slotId": "FirstPrimaryWeapon",
			"upd": {
				"Repairable": {
					"MaxDurability": 100,
					"Durability": 100
				}
			}
		},
		{
			"_id": "I596182477624461484Neca5",
			"_tpl": "57838f0b2459774a256959b2",
			"parentId": "I210012363743647067MaAgh",
			"slotId": "mod_magazine"
		},
		{
			"_id": "I59618248354559532jc8WF0",
			"_tpl": "5c0d688c86f77413ae3407b2",
			"parentId": "I596182477624461484Neca5",
			"slotId": "cartridges",
			"upd": {
				"StackObjectsCount": 10
			}
		},
		{
			"_id": "I210012368595680122lHqZY",
			"_tpl": "57838c962459774a1651ec63",
			"parentId": "I210012363743647067MaAgh",
			"slotId": "mod_muzzle"
		},
		{
			"_id": "I210012363934540897DpmVJ",
			"_tpl": "578395402459774a256959b5",
			"parentId": "I210012363743647067MaAgh",
			"slotId": "mod_reciever"
		},
		{
			"_id": "I2100123685022187231WnGk",
			"_tpl": "578395e82459774a0e553c7b",
			"parentId": "I210012363743647067MaAgh",
			"slotId": "mod_stock"
		},
		{
			"_id": "I210012367386767999gqdEO",
			"_tpl": "57838e1b2459774a256959b1",
			"parentId": "I210012368595680122lHqZY",
			"slotId": "mod_sight_rear",
			"upd": {
				"Sight": {
					"SelectedSightMode": 0
				}
			}
		},
		{
			"_id": "I59618248203143287zvEVvl",
			"_tpl": "5857a8bc2459772bad15db29",
			"parentId": "5c6687d65e9d882c8841f0fd",
			"slotId": "SecuredContainer"
		},
		{
			"_id": "I59618243417540407avX6wr",
			"_tpl": "5c0d688c86f77413ae3407b2",
			"parentId": "I59618248203143287zvEVvl",
			"slotId": "main",
			"upd": {
				"StackObjectsCount": 60
			}
		},
		{
			"_id": "I59618246565340245xHFJdm",
			"_tpl": "5c0d688c86f77413ae3407b2",
			"parentId": "I59618248203143287zvEVvl",
			"slotId": "main",
			"upd": {
				"StackObjectsCount": 60
			}
		},
		{
			"_id": "I59618245301984954wHTJ79",
			"_tpl": "57a0dfb82459774d3078b56c",
			"parentId": "I59618248203143287zvEVvl",
			"slotId": "main",
			"upd": {
				"StackObjectsCount": 60
			}
		},
		{
			"_id": "I59618247384255784hX9Gsp",
			"_tpl": "5c0d668f86f7747ccb7f13b2",
			"parentId": "I59618248203143287zvEVvl",
			"slotId": "main",
			"upd": {
				"StackObjectsCount": 60
			}
		},
		{
			"_id": "I59618245230834672z8vC7V",
			"_tpl": "57a0dfb82459774d3078b56c",
			"parentId": "I59618248203143287zvEVvl",
			"slotId": "main",
			"upd": {
				"StackObjectsCount": 60
			}
		},
		{
			"_id": "I59618246854783710an1ErV",
			"_tpl": "5c0d688c86f77413ae3407b2",
			"parentId": "I59618248203143287zvEVvl",
			"slotId": "main",
			"upd": {
				"StackObjectsCount": 60
			}
		},
		{
			"_id": "I59618249997957319jk2UDc",
			"_tpl": "57a0e5022459774d1673f889",
			"parentId": "I59618248203143287zvEVvl",
			"slotId": "main",
			"upd": {
				"StackObjectsCount": 60
			}
		},
		{
			"_id": "I59618244517236598kQBYz8",
			"_tpl": "5c0d688c86f77413ae3407b2",
			"parentId": "I59618248203143287zvEVvl",
			"slotId": "main",
			"upd": {
				"StackObjectsCount": 60
			}
		},
		{
			"_id": "I59618241741095134HRKJqE",
			"_tpl": "57a0dfb82459774d3078b56c",
			"parentId": "I59618248203143287zvEVvl",
			"slotId": "main",
			"upd": {
				"StackObjectsCount": 60
			}
		},
		{
			"_id": "I59618245441702612H7NExt",
			"_tpl": "57838f0b2459774a256959b2",
			"parentId": "I59618249106840373vOXs80",
			"slotId": "1",
			"location": {
				"x": 0,
				"y": 0,
				"r": "Horizontal"
			}
		},
		{
			"_id": "I59618246026218263qMpQQN",
			"_tpl": "57a0dfb82459774d3078b56c",
			"parentId": "I59618245441702612H7NExt",
			"slotId": "cartridges",
			"upd": {
				"StackObjectsCount": 10
			}
		},
		{
			"_id": "I59618242806216827XaYMit",
			"_tpl": "57838f0b2459774a256959b2",
			"parentId": "I59618249106840373vOXs80",
			"slotId": "1",
			"location": {
				"x": 0,
				"y": 1,
				"r": "Horizontal"
			}
		},
		{
			"_id": "I59618245791068758CQPh21",
			"_tpl": "57a0e5022459774d1673f889",
			"parentId": "I59618242806216827XaYMit",
			"slotId": "cartridges",
			"upd": {
				"StackObjectsCount": 10
			}
		},
		{
			"_id": "I59618243709432334NyI3T7",
			"_tpl": "57838f0b2459774a256959b2",
			"parentId": "I59618249106840373vOXs80",
			"slotId": "3",
			"location": {
				"x": 0,
				"y": 0,
				"r": "Horizontal"
			}
		},
		{
			"_id": "I59618245099714421rmAhb4",
			"_tpl": "5c0d668f86f7747ccb7f13b2",
			"parentId": "I59618243709432334NyI3T7",
			"slotId": "cartridges",
			"upd": {
				"StackObjectsCount": 10
			}
		},
		{
			"_id": "I59618244694113855z5rJ3R",
			"_tpl": "57838f0b2459774a256959b2",
			"parentId": "I59618249106840373vOXs80",
			"slotId": "10",
			"location": {
				"x": 0,
				"y": 0,
				"r": "Horizontal"
			}
		},
		{
			"_id": "I59618249562116847P87Tad",
			"_tpl": "5c0d688c86f77413ae3407b2",
			"parentId": "I59618244694113855z5rJ3R",
			"slotId": "cartridges",
			"upd": {
				"StackObjectsCount": 10
			}
		},
		{
			"_id": "I59618242916095400S0MAaR",
			"_tpl": "57838f0b2459774a256959b2",
			"parentId": "I59618249106840373vOXs80",
			"slotId": "10",
			"location": {
				"x": 0,
				"y": 1,
				"r": "Horizontal"
			}
		},
		{
			"_id": "I59618249977414551V16thQ",
			"_tpl": "5c0d688c86f77413ae3407b2",
			"parentId": "I59618242916095400S0MAaR",
			"slotId": "cartridges",
			"upd": {
				"StackObjectsCount": 10
			}
		},
		{
			"_id": "I59618249710523930MWHzQr",
			"_tpl": "5c0d688c86f77413ae3407b2",
			"parentId": "I59618249106840373vOXs80",
			"slotId": "6",
			"upd": {
				"StackObjectsCount": 41
			}
		},
		{
			"_id": "I596182498900216993Cp7uQ",
			"_tpl": "57a0dfb82459774d3078b56c",
			"parentId": "I59618249106840373vOXs80",
			"slotId": "8",
			"upd": {
				"StackObjectsCount": 12
			}
		},
		{
			"_id": "I5961824251051820163o3Jb",
			"_tpl": "57e26fc7245977162a14b800",
			"parentId": "5c6687d65e9d882c8841f0fd",
			"slotId": "Scabbard"
		},
		{
			"_id": "I596182471033406464DSoea",
			"_tpl": "5b40e61f5acfc4001a599bec",
			"parentId": "5c6687d65e9d882c8841f0fd",
			"slotId": "Headwear"
		},
		{
			"_id": "I59618244863156043DUbSRX",
			"_tpl": "5aa2b9aee5b5b00015693121",
			"parentId": "5c6687d65e9d882c8841f0fd",
			"slotId": "Eyewear"
		},
		{
			"_id": "I59618245373559608PMYVFv",
			"_tpl": "59e7715586f7742ee5789605",
			"parentId": "5c6687d65e9d882c8841f0fd",
			"slotId": "FaceCover"
		},
		{
			"_id": "I59618246316837120stCw83",
			"_tpl": "5ab8f04f86f774585f4237d8",
			"parentId": "5c6687d65e9d882c8841f0fd",
			"slotId": "Backpack"
		},
		{
			"_id": "I59618244797395941w5vzeM",
			"_tpl": "57505f6224597709a92585a9",
			"parentId": "I59618246316837120stCw83",
			"slotId": "main",
			"location": {
				"x": 0,
				"y": 0,
				"r": "Horizontal"
			}
		},
		{
			"_id": "I59618248020742791guSvtv",
			"_tpl": "590a3c0a86f774385a33c450",
			"parentId": "5c6687d65e9d882c8841f121",
			"slotId": "pocket1",
			"location": {
				"x": 0,
				"y": 0,
				"r": "Horizontal"
			},
			"upd": {
				"SpawnedInSession": true
			}
		},
		{
			"_id": "I59618248016992532IALHZQ",
			"_tpl": "5bc9c29cd4351e003562b8a3",
			"parentId": "5c6687d65e9d882c8841f121",
			"slotId": "pocket2",
			"location": {
				"x": 0,
				"y": 0,
				"r": "Horizontal"
			},
			"upd": {
				"SpawnedInSession": true
			}
		}
	],
	"equipment": "5c6687d65e9d882c8841f0fd",
	"stash": "5c6687d65e9d882c8841f0fc",
	"questRaidItems": "5c6687d65e9d882c8841f0fe",
	"questStashItems": "5c6687d65e9d882c8841f0ff",
	"fastPanel": {}
}