{
	"items": [
		{
			"_id": "5c6687d65e9d882c8841f0fd",
			"_tpl": "55d7217a4bdc2d86028b456d"
		},
		{
			"_id": "5c6687d65e9d882c8841f121",
			"_tpl": "557ffd194bdc2d28148b457f",
			"parentId": "5c6687d65e9d882c8841f0fd",
			"slotId": "Pockets"
		},
		{
			"_id": "5c6687d65e9d882c8841f0fc",
			"_tpl": "566abbc34bdc2d92178b4576"
		},
		{
			"_id": "5c6687d65e9d882c8841f0ff",
			"_tpl": "5963866b86f7747bfa1c4462"
		},
		{
			"_id": "5c6687d65e9d882c8841f0fe",
			"_tpl": "5963866286f7747bf429b572"
		},
		{
			"_id": "I59618241723239736tH0N2J",
			"_tpl": "5d5d8ca986f7742798716522",
			"parentId": "5c6687d65e9d882c8841f0fd",
			"slotId": "TacticalVest"
		},
		{
			"_id": "I331025275770010755lreVX",
			"_tpl": "59d6088586f774275f37482f",
			"parentId": "5c6687d65e9d882c8841f0fd",
			"slotId": "FirstPrimaryWeapon",
			"upd": {
				"Repairable": {
					"MaxDurability": 100,
					"Durability": 100
				}
			}
		},
		{
			"_id": "I331025291597571180a4Zw1",
			"_tpl": "59d64ec286f774171d1e0a42",
			"parentId": "I331025275770010755lreVX",
			"slotId": "mod_gas_block"
		},
		{
			"_id": "I33102525762981555A1ae4S",
			"_tpl": "59d64fc686f774171b243fe2",
			"parentId": "I331025275770010755lreVX",
			"slotId": "mod_muzzle"
		},
		{
			"_id": "I33102525162415899Mj4O8y",
			"_tpl": "59e62cc886f77440d40b52a1",
			"parentId": "I331025275770010755lreVX",
			"slotId": "mod_pistol_grip"
		},
		{
			"_id": "I33102527361288487Mcmw19",
			"_tpl": "59d650cf86f7741b846413a4",
			"parentId": "I331025275770010755lreVX",
			"slotId": "mod_sight_rear",
			"upd": {
				"Sight": {
					"SelectedSightMode": 0
				}
			}
		},
		{
			"_id": "I33102524935585206ziatN2",
			"_tpl": "59d6514b86f774171a068a08",
			"parentId": "I331025275770010755lreVX",
			"slotId": "mod_stock"
		},
		{
			"_id": "I596182496418959027Wizxf",
			"_tpl": "59d6272486f77466146386ff",
			"parentId": "I331025275770010755lreVX",
			"slotId": "mod_magazine"
		},
		{
			"_id": "I59618246156569220ZNJKsT",
			"_tpl": "59e4d24686f7741776641ac7",
			"parentId": "I596182496418959027Wizxf",
			"slotId": "cartridges",
			"upd": {
				"StackObjectsCount": 30
			}
		},
		{
			"_id": "I33102524138867073l5KRUM",
			"_tpl": "59d64f2f86f77417193ef8b3",
			"parentId": "I331025291597571180a4Zw1",
			"slotId": "mod_handguard"
		},
		{
			"_id": "I59618245407092418qTkIYk",
			"_tpl": "5857a8bc2459772bad15db29",
			"parentId": "5c6687d65e9d882c8841f0fd",
			"slotId": "SecuredContainer"
		},
		{
			"_id": "I596182496137887686nhor6",
			"_tpl": "5656d7c34bdc2d9d198b4587",
			"parentId": "I59618245407092418qTkIYk",
			"slotId": "main",
			"upd": {
				"StackObjectsCount": 60
			}
		},
		{
			"_id": "I59618244495863347ZSGobf",
			"_tpl": "59e4d3d286f774176a36250a",
			"parentId": "I59618245407092418qTkIYk",
			"slotId": "main",
			"upd": {
				"StackObjectsCount": 60
			}
		},
		{
			"_id": "I59618245293374889anFtFM",
			"_tpl": "5656d7c34bdc2d9d198b4587",
			"parentId": "I59618245407092418qTkIYk",
			"slotId": "main",
			"upd": {
				"StackObjectsCount": 60
			}
		},
		{
			"_id": "I59618246428550675oPmqmR",
			"_tpl": "59e4d3d286f774176a36250a",
			"parentId": "I59618245407092418qTkIYk",
			"slotId": "main",
			"upd": {
				"StackObjectsCount": 60
			}
		},
		{
			"_id": "I59618241311614229HSmTr2",
			"_tpl": "59e4d24686f7741776641ac7",
			"parentId": "I59618245407092418qTkIYk",
			"slotId": "main",
			"upd": {
				"StackObjectsCount": 60
			}
		},
		{
			"_id": "I59618245966646235N7qmIf",
			"_tpl": "59e4cf5286f7741778269d8a",
			"parentId": "I59618245407092418qTkIYk",
			"slotId": "main",
			"upd": {
				"StackObjectsCount": 60
			}
		},
		{
			"_id": "I59618248011929597ZeJ4Gz",
			"_tpl": "59e4d3d286f774176a36250a",
			"parentId": "I59618245407092418qTkIYk",
			"slotId": "main",
			"upd": {
				"StackObjectsCount": 60
			}
		},
		{
			"_id": "I596182482455790290ADjXH",
			"_tpl": "59e4d3d286f774176a36250a",
			"parentId": "I59618245407092418qTkIYk",
			"slotId": "main",
			"upd": {
				"StackObjectsCount": 60
			}
		},
		{
			"_id": "I59618245434453993kZLVIn",
			"_tpl": "59e4d24686f7741776641ac7",
			"parentId": "I59618245407092418qTkIYk",
			"slotId": "main",
			"upd": {
				"StackObjectsCount": 60
			}
		},
		{
			"_id": "I596182489490776079O2krg",
			"_tpl": "59d625f086f774661516605d",
			"parentId": "I59618241723239736tH0N2J",
			"slotId": "2",
			"location": {
				"x": 0,
				"y": 0,
				"r": "Horizontal"
			}
		},
		{
			"_id": "I59618247540595157CAyMZ1",
			"_tpl": "59e0d99486f7744a32234762",
			"parentId": "I596182489490776079O2krg",
			"slotId": "cartridges",
			"upd": {
				"StackObjectsCount": 30
			}
		},
		{
			"_id": "I59618245467806182liwJMO",
			"_tpl": "59d625f086f774661516605d",
			"parentId": "I59618241723239736tH0N2J",
			"slotId": "1",
			"location": {
				"x": 1,
				"y": 0,
				"r": "Horizontal"
			}
		},
		{
			"_id": "I59618244794762927uVeijZ",
			"_tpl": "59e4cf5286f7741778269d8a",
			"parentId": "I59618245467806182liwJMO",
			"slotId": "cartridges",
			"upd": {
				"StackObjectsCount": 30
			}
		},
		{
			"_id": "I59618249846318067zTOvgo",
			"_tpl": "5bffdc370db834001d23eca8",
			"parentId": "5c6687d65e9d882c8841f0fd",
			"slotId": "Scabbard"
		},
		{
			"_id": "I596182478025785085Kwt7H",
			"_tpl": "5df8a58286f77412631087ed",
			"parentId": "5c6687d65e9d882c8841f0fd",
			"slotId": "Headwear"
		},
		{
			"_id": "I59618249217473534IdrHvy",
			"_tpl": "59e770b986f7742cbd762754",
			"parentId": "5c6687d65e9d882c8841f0fd",
			"slotId": "Eyewear"
		},
		{
			"_id": "I59618249140357748RA0o16",
			"_tpl": "544a5cde4bdc2d39388b456b",
			"parentId": "5c6687d65e9d882c8841f0fd",
			"slotId": "Backpack"
		},
		{
			"_id": "I59618245805115024CMTpbR",
			"_tpl": "5d4041f086f7743cac3f22a7",
			"parentId": "I59618249140357748RA0o16",
			"slotId": "main",
			"location": {
				"x": 0,
				"y": 0,
				"r": "Horizontal"
			}
		},
		{
			"_id": "I596182470934005521PIOQU",
			"_tpl": "590c5d4b86f774784e1b9c45",
			"parentId": "I59618249140357748RA0o16",
			"slotId": "main",
			"location": {
				"x": 0,
				"y": 1,
				"r": "Horizontal"
			}
		},
		{
			"_id": "I59618246301210437gf0zMG",
			"_tpl": "544fb6cc4bdc2d34748b456e",
			"parentId": "I59618249140357748RA0o16",
			"slotId": "main",
			"location": {
				"x": 0,
				"y": 3,
				"r": "Horizontal"
			}
		},
		{
			"_id": "I59618247186876175dnPc5k",
			"_tpl": "57347c93245977448d35f6e3",
			"parentId": "I59618249140357748RA0o16",
			"slotId": "main",
			"location": {
				"x": 1,
				"y": 0,
				"r": "Horizontal"
			}
		},
		{
			"_id": "I59618241526844273MNa1KX",
			"_tpl": "5780cf722459777a5108b9a1",
			"parentId": "I59618249140357748RA0o16",
			"slotId": "main",
			"location": {
				"x": 1,
				"y": 1,
				"r": "Horizontal"
			}
		},
		{
			"_id": "I596182436915418093zKSk1",
			"_tpl": "5d1b392c86f77425243e98fe",
			"parentId": "I59618249140357748RA0o16",
			"slotId": "main",
			"location": {
				"x": 1,
				"y": 2,
				"r": "Horizontal"
			}
		},
		{
			"_id": "I59618247909835155mqQlkS",
			"_tpl": "577e1c9d2459773cd707c525",
			"parentId": "I59618249140357748RA0o16",
			"slotId": "main",
			"location": {
				"x": 1,
				"y": 3,
				"r": "Horizontal"
			}
		},
		{
			"_id": "I59618244347272029cE6GKY",
			"_tpl": "57347da92459774491567cf5",
			"parentId": "I59618249140357748RA0o16",
			"slotId": "main",
			"location": {
				"x": 2,
				"y": 0,
				"r": "Horizontal"
			}
		},
		{
			"_id": "I59618243531848009IDL9r7",
			"_tpl": "5780cf692459777de4559321",
			"parentId": "I59618249140357748RA0o16",
			"slotId": "main",
			"location": {
				"x": 2,
				"y": 1,
				"r": "Horizontal"
			}
		},
		{
			"_id": "I59618247142456851TzL1Tb",
			"_tpl": "575062b524597720a31c09a1",
			"parentId": "I59618249140357748RA0o16",
			"slotId": "main",
			"location": {
				"x": 2,
				"y": 2,
				"r": "Horizontal"
			}
		},
		{
			"_id": "I59618242995900265FbS9VD",
			"_tpl": "57347c77245977448d35f6e2",
			"parentId": "I59618249140357748RA0o16",
			"slotId": "main",
			"location": {
				"x": 3,
				"y": 0,
				"r": "Horizontal"
			}
		},
		{
			"_id": "I59618245625961844TAqjSK",
			"_tpl": "590a373286f774287540368b",
			"parentId": "I59618249140357748RA0o16",
			"slotId": "main",
			"location": {
				"x": 3,
				"y": 1,
				"r": "Horizontal"
			}
		},
		{
			"_id": "I59618241066223008I1JI9C",
			"_tpl": "5c0e5edb86f77461f55ed1f7",
			"parentId": "5c6687d65e9d882c8841f0fd",
			"slotId": "ArmorVest",
			"upd": {
				"Repairable": {
					"MaxDurability": 50,
					"Durability": 17
				}
			}
		},
		{
			"_id": "I59618244723437388nuvr5D",
			"_tpl": "5ad5d64486f774079b080af8",
			"parentId": "5c6687d65e9d882c8841f121",
			"slotId": "pocket1",
			"location": {
				"x": 0,
				"y": 0,
				"r": "Horizontal"
			},
			"upd": {
				"SpawnedInSession": true
			}
		},
		{
			"_id": "I59618246016270836h8cjdG",
			"_tpl": "59e366c186f7741778269d85",
			"parentId": "5c6687d65e9d882c8841f121",
			"slotId": "pocket2",
			"location": {
				"x": 0,
				"y": 0,
				"r": "Horizontal"
			},
			"upd": {
				"SpawnedInSession": true
			}
		},
		{
			"_id": "I596182496974366344fJrnq",
			"_tpl": "5672c92d4bdc2d180f8b4567",
			"parentId": "5c6687d65e9d882c8841f121",
			"slotId": "pocket3",
			"location": {
				"x": 0,
				"y": 0,
				"r": "Horizontal"
			},
			"upd": {
				"SpawnedInSession": true
			}
		}
	],
	"equipment": "5c6687d65e9d882c8841f0fd",
	"stash": "5c6687d65e9d882c8841f0fc",
	"questRaidItems": "5c6687d65e9d882c8841f0fe",
	"questStashItems": "5c6687d65e9d882c8841f0ff",
	"fastPanel": {}
}