{
	"items": [
		{
			"_id": "5c6687d65e9d882c8841f0fd",
			"_tpl": "55d7217a4bdc2d86028b456d"
		},
		{
			"_id": "5c6687d65e9d882c8841f121",
			"_tpl": "557ffd194bdc2d28148b457f",
			"parentId": "5c6687d65e9d882c8841f0fd",
			"slotId": "Pockets"
		},
		{
			"_id": "5c6687d65e9d882c8841f0fc",
			"_tpl": "566abbc34bdc2d92178b4576"
		},
		{
			"_id": "5c6687d65e9d882c8841f0ff",
			"_tpl": "5963866b86f7747bfa1c4462"
		},
		{
			"_id": "5c6687d65e9d882c8841f0fe",
			"_tpl": "5963866286f7747bf429b572"
		},
		{
			"_id": "I59618241135560988i8th08",
			"_tpl": "5648a69d4bdc2ded0b8b457b",
			"parentId": "5c6687d65e9d882c8841f0fd",
			"slotId": "TacticalVest"
		},
		{
			"_id": "I210052368901397744h44Cu",
			"_tpl": "5b0bbe4e5acfc40dc528a72d",
			"parentId": "5c6687d65e9d882c8841f0fd",
			"slotId": "FirstPrimaryWeapon",
			"upd": {
				"Repairable": {
					"MaxDurability": 100,
					"Durability": 100
				}
			}
		},
		{
			"_id": "I210052365623104212H4iai",
			"_tpl": "5b099b965acfc400186331e6",
			"parentId": "I210052368901397744h44Cu",
			"slotId": "mod_pistol_grip"
		},
		{
			"_id": "I59618244573532781dmo2aF",
			"_tpl": "5b7bef1e5acfc43d82528402",
			"parentId": "I210052368901397744h44Cu",
			"slotId": "mod_magazine"
		},
		{
			"_id": "I59618245711855452Xq1AhP",
			"_tpl": "5a6086ea4f39f99cd479502f",
			"parentId": "I59618244573532781dmo2aF",
			"slotId": "cartridges",
			"upd": {
				"StackObjectsCount": 10
			}
		},
		{
			"_id": "I2100523626113840906ZKW4",
			"_tpl": "5b7bed205acfc400161d08cc",
			"parentId": "I210052368901397744h44Cu",
			"slotId": "mod_handguard"
		},
		{
			"_id": "I210052364622688952JEktG",
			"_tpl": "5b7be1265acfc400161d0798",
			"parentId": "I210052368901397744h44Cu",
			"slotId": "mod_barrel"
		},
		{
			"_id": "I210052368686631120p1sRz",
			"_tpl": "5b0bc22d5acfc47a8607f085",
			"parentId": "I210052368901397744h44Cu",
			"slotId": "mod_sight_rear",
			"upd": {
				"Sight": {
					"SelectedSightMode": 0
				}
			}
		},
		{
			"_id": "I210052368761698429p0sEM",
			"_tpl": "5b7d63cf5acfc4001876c8df",
			"parentId": "I210052368901397744h44Cu",
			"slotId": "mod_stock"
		},
		{
			"_id": "I59618242783828237ZiaVcq",
			"_tpl": "5857a8bc2459772bad15db29",
			"parentId": "5c6687d65e9d882c8841f0fd",
			"slotId": "SecuredContainer"
		},
		{
			"_id": "I59618245497524723uLKK0o",
			"_tpl": "5a6086ea4f39f99cd479502f",
			"parentId": "I59618242783828237ZiaVcq",
			"slotId": "main",
			"upd": {
				"StackObjectsCount": 60
			}
		},
		{
			"_id": "I59618249567085537cmRQnx",
			"_tpl": "5a608bf24f39f98ffc77720e",
			"parentId": "I59618242783828237ZiaVcq",
			"slotId": "main",
			"upd": {
				"StackObjectsCount": 60
			}
		},
		{
			"_id": "I59618242259826141IIeEP1",
			"_tpl": "5e023e88277cce2b522ff2b1",
			"parentId": "I59618242783828237ZiaVcq",
			"slotId": "main",
			"upd": {
				"StackObjectsCount": 60
			}
		},
		{
			"_id": "I59618246203091493Yf3mjJ",
			"_tpl": "5e023e53d4353e3302577c4c",
			"parentId": "I59618242783828237ZiaVcq",
			"slotId": "main",
			"upd": {
				"StackObjectsCount": 60
			}
		},
		{
			"_id": "I59618244352434596aQ9s9E",
			"_tpl": "5e023e88277cce2b522ff2b1",
			"parentId": "I59618242783828237ZiaVcq",
			"slotId": "main",
			"upd": {
				"StackObjectsCount": 60
			}
		},
		{
			"_id": "I59618246242692194TC7oz0",
			"_tpl": "5e023e6e34d52a55c3304f71",
			"parentId": "I59618242783828237ZiaVcq",
			"slotId": "main",
			"upd": {
				"StackObjectsCount": 60
			}
		},
		{
			"_id": "I59618242400539977XW5Blo",
			"_tpl": "5e023e88277cce2b522ff2b1",
			"parentId": "I59618242783828237ZiaVcq",
			"slotId": "main",
			"upd": {
				"StackObjectsCount": 60
			}
		},
		{
			"_id": "I59618247660573157KxmZIh",
			"_tpl": "5a608bf24f39f98ffc77720e",
			"parentId": "I59618242783828237ZiaVcq",
			"slotId": "main",
			"upd": {
				"StackObjectsCount": 60
			}
		},
		{
			"_id": "I596182428333030736Nvj68",
			"_tpl": "5e023e88277cce2b522ff2b1",
			"parentId": "I59618242783828237ZiaVcq",
			"slotId": "main",
			"upd": {
				"StackObjectsCount": 60
			}
		},
		{
			"_id": "I59618242076164293y5IehU",
			"_tpl": "5b7bef1e5acfc43d82528402",
			"parentId": "I59618241135560988i8th08",
			"slotId": "1",
			"location": {
				"x": 0,
				"y": 1,
				"r": "Horizontal"
			}
		},
		{
			"_id": "I59618241384588882hlgnQn",
			"_tpl": "5a6086ea4f39f99cd479502f",
			"parentId": "I59618242076164293y5IehU",
			"slotId": "cartridges",
			"upd": {
				"StackObjectsCount": 10
			}
		},
		{
			"_id": "I59618241957045105omTKzG",
			"_tpl": "5b7bef1e5acfc43d82528402",
			"parentId": "I59618241135560988i8th08",
			"slotId": "3",
			"location": {
				"x": 0,
				"y": 0,
				"r": "Horizontal"
			}
		},
		{
			"_id": "I59618244414306876M1Mue9",
			"_tpl": "5a608bf24f39f98ffc77720e",
			"parentId": "I59618241957045105omTKzG",
			"slotId": "cartridges",
			"upd": {
				"StackObjectsCount": 10
			}
		},
		{
			"_id": "I596182433896971478apCH6",
			"_tpl": "5b7bef1e5acfc43d82528402",
			"parentId": "I59618241135560988i8th08",
			"slotId": "10",
			"location": {
				"x": 0,
				"y": 0,
				"r": "Horizontal"
			}
		},
		{
			"_id": "I59618242433685531I06Hyt",
			"_tpl": "58dd3ad986f77403051cba8f",
			"parentId": "I596182433896971478apCH6",
			"slotId": "cartridges",
			"upd": {
				"StackObjectsCount": 10
			}
		},
		{
			"_id": "I59618249496301811xgDTbE",
			"_tpl": "5e023e88277cce2b522ff2b1",
			"parentId": "I59618241135560988i8th08",
			"slotId": "6",
			"upd": {
				"StackObjectsCount": 28
			}
		},
		{
			"_id": "I59618243041709174gYmeME",
			"_tpl": "5e32f56fcb6d5863cc5e5ee4",
			"parentId": "I59618241135560988i8th08",
			"slotId": "8"
		},
		{
			"_id": "I59618246884943498R0sf1B",
			"_tpl": "5bffdc370db834001d23eca8",
			"parentId": "5c6687d65e9d882c8841f0fd",
			"slotId": "Scabbard"
		},
		{
			"_id": "I59618243742244263QEf96C",
			"_tpl": "5b40e5e25acfc4001a599bea",
			"parentId": "5c6687d65e9d882c8841f0fd",
			"slotId": "Headwear"
		},
		{
			"_id": "I59618245879986247cRY25L",
			"_tpl": "5df8a2ca86f7740bfe6df777",
			"parentId": "5c6687d65e9d882c8841f0fd",
			"slotId": "ArmorVest",
			"upd": {
				"Repairable": {
					"MaxDurability": 80,
					"Durability": 48
				}
			}
		},
		{
			"_id": "I59618241921525108CjQoia",
			"_tpl": "5bc9c29cd4351e003562b8a3",
			"parentId": "5c6687d65e9d882c8841f121",
			"slotId": "pocket1",
			"location": {
				"x": 0,
				"y": 0,
				"r": "Horizontal"
			},
			"upd": {
				"SpawnedInSession": true
			}
		},
		{
			"_id": "I59618249250257373f9z7EO",
			"_tpl": "5d1c774f86f7746d6620f8db",
			"parentId": "5c6687d65e9d882c8841f121",
			"slotId": "pocket2",
			"location": {
				"x": 0,
				"y": 0,
				"r": "Horizontal"
			},
			"upd": {
				"SpawnedInSession": true
			}
		}
	],
	"equipment": "5c6687d65e9d882c8841f0fd",
	"stash": "5c6687d65e9d882c8841f0fc",
	"questRaidItems": "5c6687d65e9d882c8841f0fe",
	"questStashItems": "5c6687d65e9d882c8841f0ff",
	"fastPanel": {}
}