{
	"items": [
		{
			"_id": "5c6687d65e9d882c8841f0fd",
			"_tpl": "55d7217a4bdc2d86028b456d"
		},
		{
			"_id": "5c6687d65e9d882c8841f121",
			"_tpl": "557ffd194bdc2d28148b457f",
			"parentId": "5c6687d65e9d882c8841f0fd",
			"slotId": "Pockets"
		},
		{
			"_id": "5c6687d65e9d882c8841f0fc",
			"_tpl": "566abbc34bdc2d92178b4576"
		},
		{
			"_id": "5c6687d65e9d882c8841f0ff",
			"_tpl": "5963866b86f7747bfa1c4462"
		},
		{
			"_id": "5c6687d65e9d882c8841f0fe",
			"_tpl": "5963866286f7747bf429b572"
		},
		{
			"_id": "I59618243531770261wRaqxd",
			"_tpl": "572b7adb24597762ae139821",
			"parentId": "5c6687d65e9d882c8841f0fd",
			"slotId": "TacticalVest"
		},
		{
			"_id": "I210012489142044917LZKf8",
			"_tpl": "5c46fbd72e2216398b5a8c9c",
			"parentId": "5c6687d65e9d882c8841f0fd",
			"slotId": "FirstPrimaryWeapon",
			"upd": {
				"Repairable": {
					"MaxDurability": 100,
					"Durability": 100
				}
			}
		},
		{
			"_id": "I210012485846391148VV2AU",
			"_tpl": "5c471be12e221602b66cd9ac",
			"parentId": "I210012489142044917LZKf8",
			"slotId": "mod_pistol_grip"
		},
		{
			"_id": "I59618243042606956n6Ki1K",
			"_tpl": "5c471c442e221602b542a6f8",
			"parentId": "I210012489142044917LZKf8",
			"slotId": "mod_magazine"
		},
		{
			"_id": "I596182448099025948YMfTk",
			"_tpl": "5e023cf8186a883be655e54f",
			"parentId": "I59618243042606956n6Ki1K",
			"slotId": "cartridges",
			"upd": {
				"StackObjectsCount": 10
			}
		},
		{
			"_id": "I210012483427956684eRPqv",
			"_tpl": "5c471b5d2e221602b21d4e14",
			"parentId": "I210012489142044917LZKf8",
			"slotId": "mod_stock"
		},
		{
			"_id": "I2100124849072296905iXSa",
			"_tpl": "5c471cb32e221602b177afaa",
			"parentId": "I210012489142044917LZKf8",
			"slotId": "mod_barrel"
		},
		{
			"_id": "I210012488006262411wvHMV",
			"_tpl": "5c471c2d2e22164bef5d077f",
			"parentId": "I210012489142044917LZKf8",
			"slotId": "mod_mount_001"
		},
		{
			"_id": "I210012487401403888mKyVc",
			"_tpl": "5c471bd12e221602b4129c3a",
			"parentId": "I210012489142044917LZKf8",
			"slotId": "mod_reciever"
		},
		{
			"_id": "I210012487949708602ImTzH",
			"_tpl": "5c471bfc2e221602b21d4e17",
			"parentId": "I2100124849072296905iXSa",
			"slotId": "mod_muzzle"
		},
		{
			"_id": "I210012482020952631a37vN",
			"_tpl": "5c471c842e221615214259b5",
			"parentId": "I2100124849072296905iXSa",
			"slotId": "mod_gas_block"
		},
		{
			"_id": "I210012489020313610a51fp",
			"_tpl": "5c471c6c2e221602b66cd9ae",
			"parentId": "I210012488006262411wvHMV",
			"slotId": "mod_handguard"
		},
		{
			"_id": "I210012481313554660DjPCF",
			"_tpl": "5c471b7e2e2216152006e46c",
			"parentId": "I210012488006262411wvHMV",
			"slotId": "mod_sight_rear",
			"upd": {
				"Sight": {
					"SelectedSightMode": 0
				}
			}
		},
		{
			"_id": "I210012485847750105eKuEN",
			"_tpl": "5c471ba12e221602b3137d76",
			"parentId": "I210012487949708602ImTzH",
			"slotId": "mod_sight_front",
			"upd": {
				"Sight": {
					"SelectedSightMode": 0
				}
			}
		},
		{
			"_id": "I59618245801357333j7w0Sg",
			"_tpl": "5857a8bc2459772bad15db29",
			"parentId": "5c6687d65e9d882c8841f0fd",
			"slotId": "SecuredContainer"
		},
		{
			"_id": "I59618245228192292BbaMOK",
			"_tpl": "5e023d48186a883be655e551",
			"parentId": "I59618245801357333j7w0Sg",
			"slotId": "main",
			"upd": {
				"StackObjectsCount": 60
			}
		},
		{
			"_id": "I59618249985415414f1ZxQ1",
			"_tpl": "560d61e84bdc2da74d8b4571",
			"parentId": "I59618245801357333j7w0Sg",
			"slotId": "main",
			"upd": {
				"StackObjectsCount": 60
			}
		},
		{
			"_id": "I59618248673888019jL3HDQ",
			"_tpl": "5e023d34e8a400319a28ed44",
			"parentId": "I59618245801357333j7w0Sg",
			"slotId": "main",
			"upd": {
				"StackObjectsCount": 60
			}
		},
		{
			"_id": "I59618242978207140tS1luk",
			"_tpl": "5887431f2459777e1612938f",
			"parentId": "I59618245801357333j7w0Sg",
			"slotId": "main",
			"upd": {
				"StackObjectsCount": 60
			}
		},
		{
			"_id": "I59618246578839207BypTfw",
			"_tpl": "5e023d34e8a400319a28ed44",
			"parentId": "I59618245801357333j7w0Sg",
			"slotId": "main",
			"upd": {
				"StackObjectsCount": 60
			}
		},
		{
			"_id": "I59618242702000704VDsn5e",
			"_tpl": "5e023cf8186a883be655e54f",
			"parentId": "I59618245801357333j7w0Sg",
			"slotId": "main",
			"upd": {
				"StackObjectsCount": 60
			}
		},
		{
			"_id": "I59618247985400873DRsJLa",
			"_tpl": "5e023d48186a883be655e551",
			"parentId": "I59618245801357333j7w0Sg",
			"slotId": "main",
			"upd": {
				"StackObjectsCount": 60
			}
		},
		{
			"_id": "I59618241460250056elz4ff",
			"_tpl": "5e023d48186a883be655e551",
			"parentId": "I59618245801357333j7w0Sg",
			"slotId": "main",
			"upd": {
				"StackObjectsCount": 60
			}
		},
		{
			"_id": "I59618247856738818E47Ibq",
			"_tpl": "59e77a2386f7742ee578960a",
			"parentId": "I59618245801357333j7w0Sg",
			"slotId": "main",
			"upd": {
				"StackObjectsCount": 60
			}
		},
		{
			"_id": "I59618249330476105uiuwF1",
			"_tpl": "5c471c442e221602b542a6f8",
			"parentId": "I59618243531770261wRaqxd",
			"slotId": "2",
			"location": {
				"x": 0,
				"y": 0,
				"r": "Horizontal"
			}
		},
		{
			"_id": "I59618244682084650QlXrCH",
			"_tpl": "59e77a2386f7742ee578960a",
			"parentId": "I59618249330476105uiuwF1",
			"slotId": "cartridges",
			"upd": {
				"StackObjectsCount": 10
			}
		},
		{
			"_id": "I59618241632543155ebQHU4",
			"_tpl": "5c471c442e221602b542a6f8",
			"parentId": "I59618243531770261wRaqxd",
			"slotId": "2",
			"location": {
				"x": 0,
				"y": 1,
				"r": "Horizontal"
			}
		},
		{
			"_id": "I59618249765467956hfV5KZ",
			"_tpl": "5e023d34e8a400319a28ed44",
			"parentId": "I59618241632543155ebQHU4",
			"slotId": "cartridges",
			"upd": {
				"StackObjectsCount": 10
			}
		},
		{
			"_id": "I59618246800169689PatuEG",
			"_tpl": "5e023d34e8a400319a28ed44",
			"parentId": "I59618243531770261wRaqxd",
			"slotId": "4",
			"upd": {
				"StackObjectsCount": 37
			}
		},
		{
			"_id": "I59618241405962648bAaNWy",
			"_tpl": "54491bb74bdc2d09088b4567",
			"parentId": "5c6687d65e9d882c8841f0fd",
			"slotId": "Scabbard"
		},
		{
			"_id": "I59618249380397073rC8ocA",
			"_tpl": "5ab8e79e86f7742d8b372e78",
			"parentId": "5c6687d65e9d882c8841f0fd",
			"slotId": "ArmorVest",
			"upd": {
				"Repairable": {
					"MaxDurability": 65,
					"Durability": 55
				}
			}
		},
		{
			"_id": "I59618249429890830AA3fe5",
			"_tpl": "5937fd0086f7742bf33fc198",
			"parentId": "5c6687d65e9d882c8841f121",
			"slotId": "pocket1",
			"location": {
				"x": 0,
				"y": 0,
				"r": "Horizontal"
			},
			"upd": {
				"SpawnedInSession": true
			}
		},
		{
			"_id": "I59618244440247451rNefIh",
			"_tpl": "590c2b4386f77425357b6123",
			"parentId": "5c6687d65e9d882c8841f121",
			"slotId": "pocket2",
			"location": {
				"x": 0,
				"y": 0,
				"r": "Horizontal"
			},
			"upd": {
				"SpawnedInSession": true
			}
		},
		{
			"_id": "I596182468675139049MaDvn",
			"_tpl": "59e361e886f774176c10a2a5",
			"parentId": "5c6687d65e9d882c8841f121",
			"slotId": "pocket3",
			"location": {
				"x": 0,
				"y": 0,
				"r": "Horizontal"
			},
			"upd": {
				"SpawnedInSession": true
			}
		}
	],
	"equipment": "5c6687d65e9d882c8841f0fd",
	"stash": "5c6687d65e9d882c8841f0fc",
	"questRaidItems": "5c6687d65e9d882c8841f0fe",
	"questStashItems": "5c6687d65e9d882c8841f0ff",
	"fastPanel": {}
}