{
	"items": [
		{
			"_id": "5c6687d65e9d882c8841f0fd",
			"_tpl": "55d7217a4bdc2d86028b456d"
		},
		{
			"_id": "5c6687d65e9d882c8841f121",
			"_tpl": "557ffd194bdc2d28148b457f",
			"parentId": "5c6687d65e9d882c8841f0fd",
			"slotId": "Pockets"
		},
		{
			"_id": "5c6687d65e9d882c8841f0fc",
			"_tpl": "566abbc34bdc2d92178b4576"
		},
		{
			"_id": "5c6687d65e9d882c8841f0ff",
			"_tpl": "5963866b86f7747bfa1c4462"
		},
		{
			"_id": "5c6687d65e9d882c8841f0fe",
			"_tpl": "5963866286f7747bf429b572"
		},
		{
			"_id": "I59618249702728220SfzU9p",
			"_tpl": "5c0e3eb886f7742015526062",
			"parentId": "5c6687d65e9d882c8841f0fd",
			"slotId": "TacticalVest"
		},
		{
			"_id": "I331021328994053711isLrj",
			"_tpl": "57dc2fa62459775949412633",
			"parentId": "5c6687d65e9d882c8841f0fd",
			"slotId": "FirstPrimaryWeapon",
			"upd": {
				"Repairable": {
					"MaxDurability": 100,
					"Durability": 100
				}
			}
		},
		{
			"_id": "I331021328877775295QjES9",
			"_tpl": "57e3dba62459770f0c32322b",
			"parentId": "I331021328994053711isLrj",
			"slotId": "mod_pistol_grip"
		},
		{
			"_id": "I59618246627406974HJTIOA",
			"_tpl": "55d4837c4bdc2d1d4e8b456c",
			"parentId": "I331021328994053711isLrj",
			"slotId": "mod_magazine"
		},
		{
			"_id": "I59618247142695927yXZgyz",
			"_tpl": "56dff0bed2720bb0668b4567",
			"parentId": "I59618246627406974HJTIOA",
			"slotId": "cartridges",
			"upd": {
				"StackObjectsCount": 10
			}
		},
		{
			"_id": "I331021322323260202OiO9r",
			"_tpl": "57dc324a24597759501edc20",
			"parentId": "I331021328994053711isLrj",
			"slotId": "mod_muzzle"
		},
		{
			"_id": "I331021328201500019YTmI9",
			"_tpl": "57dc334d245977597164366f",
			"parentId": "I331021328994053711isLrj",
			"slotId": "mod_reciever"
		},
		{
			"_id": "I331021324311982581eFAlM",
			"_tpl": "59d36a0086f7747e673f3946",
			"parentId": "I331021328994053711isLrj",
			"slotId": "mod_gas_block"
		},
		{
			"_id": "I331021324542751586KsXfB",
			"_tpl": "56dfef82d2720bbd668b4567",
			"parentId": "I331021326803206040JFF8O",
			"slotId": "cartridges",
			"location": 0,
			"upd": {
				"StackObjectsCount": 30
			}
		},
		{
			"_id": "I331021322949298299qlpvk",
			"_tpl": "57dc32dc245977596d4ef3d3",
			"parentId": "I331021324311982581eFAlM",
			"slotId": "mod_handguard"
		},
		{
			"_id": "I59618248903276295Z6nE63",
			"_tpl": "5857a8bc2459772bad15db29",
			"parentId": "5c6687d65e9d882c8841f0fd",
			"slotId": "SecuredContainer"
		},
		{
			"_id": "I59618246305701746x9L8XU",
			"_tpl": "5c0d5e4486f77478390952fe",
			"parentId": "I59618248903276295Z6nE63",
			"slotId": "main",
			"upd": {
				"StackObjectsCount": 60
			}
		},
		{
			"_id": "I59618248944652660aqD2pv",
			"_tpl": "56dff061d2720bb5668b4567",
			"parentId": "I59618248903276295Z6nE63",
			"slotId": "main",
			"upd": {
				"StackObjectsCount": 60
			}
		},
		{
			"_id": "I59618244790717007Xj27L0",
			"_tpl": "56dff4ecd2720b5f5a8b4568",
			"parentId": "I59618248903276295Z6nE63",
			"slotId": "main",
			"upd": {
				"StackObjectsCount": 60
			}
		},
		{
			"_id": "I59618245899347086h8t2pt",
			"_tpl": "56dfef82d2720bbd668b4567",
			"parentId": "I59618248903276295Z6nE63",
			"slotId": "main",
			"upd": {
				"StackObjectsCount": 60
			}
		},
		{
			"_id": "I59618249113380240xmsD3K",
			"_tpl": "56dfef82d2720bbd668b4567",
			"parentId": "I59618248903276295Z6nE63",
			"slotId": "main",
			"upd": {
				"StackObjectsCount": 60
			}
		},
		{
			"_id": "I59618242933358502GKNZr4",
			"_tpl": "56dff061d2720bb5668b4567",
			"parentId": "I59618248903276295Z6nE63",
			"slotId": "main",
			"upd": {
				"StackObjectsCount": 60
			}
		},
		{
			"_id": "I59618241840530345qYdJVn",
			"_tpl": "56dff4ecd2720b5f5a8b4568",
			"parentId": "I59618248903276295Z6nE63",
			"slotId": "main",
			"upd": {
				"StackObjectsCount": 60
			}
		},
		{
			"_id": "I59618249613409371wQUK94",
			"_tpl": "56dff026d2720bb8668b4567",
			"parentId": "I59618248903276295Z6nE63",
			"slotId": "main",
			"upd": {
				"StackObjectsCount": 60
			}
		},
		{
			"_id": "I59618244934880329yScQbn",
			"_tpl": "56dff421d2720b5f5a8b4567",
			"parentId": "I59618248903276295Z6nE63",
			"slotId": "main",
			"upd": {
				"StackObjectsCount": 60
			}
		},
		{
			"_id": "I59618242820735633cKhFEb",
			"_tpl": "55d4837c4bdc2d1d4e8b456c",
			"parentId": "I59618249702728220SfzU9p",
			"slotId": "1",
			"location": {
				"x": 0,
				"y": 0,
				"r": "Horizontal"
			}
		},
		{
			"_id": "I59618247187631778MnhezO",
			"_tpl": "56dff338d2720bbd668b4569",
			"parentId": "I59618242820735633cKhFEb",
			"slotId": "cartridges",
			"upd": {
				"StackObjectsCount": 10
			}
		},
		{
			"_id": "I59618244647901605mvOQ4I",
			"_tpl": "55d4837c4bdc2d1d4e8b456c",
			"parentId": "I59618249702728220SfzU9p",
			"slotId": "1",
			"location": {
				"x": 0,
				"y": 1,
				"r": "Horizontal"
			}
		},
		{
			"_id": "I59618245272560152tK7wOz",
			"_tpl": "56dff4ecd2720b5f5a8b4568",
			"parentId": "I59618244647901605mvOQ4I",
			"slotId": "cartridges",
			"upd": {
				"StackObjectsCount": 10
			}
		},
		{
			"_id": "I596182499654185008GK8cA",
			"_tpl": "55d4837c4bdc2d1d4e8b456c",
			"parentId": "I59618249702728220SfzU9p",
			"slotId": "3",
			"location": {
				"x": 0,
				"y": 1,
				"r": "Horizontal"
			}
		},
		{
			"_id": "I59618243234173132HbjMk9",
			"_tpl": "56dff4a2d2720bbd668b456a",
			"parentId": "I596182499654185008GK8cA",
			"slotId": "cartridges",
			"upd": {
				"StackObjectsCount": 10
			}
		},
		{
			"_id": "I59618241420332684NfRh7D",
			"_tpl": "56dff2ced2720bb4668b4567",
			"parentId": "I59618249702728220SfzU9p",
			"slotId": "5",
			"upd": {
				"StackObjectsCount": 45
			}
		},
		{
			"_id": "I59618244577000911bGAy1a",
			"_tpl": "5bffdc370db834001d23eca8",
			"parentId": "5c6687d65e9d882c8841f0fd",
			"slotId": "Scabbard"
		},
		{
			"_id": "I59618246741273043Jot4Bx",
			"_tpl": "5b40e5e25acfc4001a599bea",
			"parentId": "5c6687d65e9d882c8841f0fd",
			"slotId": "Headwear"
		},
		{
			"_id": "I59618247242465248FxHpsG",
			"_tpl": "5e54f76986f7740366043752",
			"parentId": "5c6687d65e9d882c8841f0fd",
			"slotId": "FaceCover"
		},
		{
			"_id": "I59618246413151962ktO1se",
			"_tpl": "56e33680d2720be2748b4576",
			"parentId": "5c6687d65e9d882c8841f0fd",
			"slotId": "Backpack"
		},
		{
			"_id": "I596182496744472310UPRgu",
			"_tpl": "5780d07a2459777de4559324",
			"parentId": "I59618246413151962ktO1se",
			"slotId": "main",
			"location": {
				"x": 0,
				"y": 0,
				"r": "Horizontal"
			}
		},
		{
			"_id": "I59618245933028556CHwiaq",
			"_tpl": "590a386e86f77429692b27ab",
			"parentId": "I59618246413151962ktO1se",
			"slotId": "main",
			"location": {
				"x": 0,
				"y": 1,
				"r": "Horizontal"
			}
		},
		{
			"_id": "I59618245186073734y1FclV",
			"_tpl": "5d1b304286f774253763a528",
			"parentId": "I59618246413151962ktO1se",
			"slotId": "main",
			"location": {
				"x": 2,
				"y": 0,
				"r": "Horizontal"
			}
		},
		{
			"_id": "I59618242366182738YWz1cg",
			"_tpl": "591382d986f774465a6413a7",
			"parentId": "5c6687d65e9d882c8841f121",
			"slotId": "pocket1",
			"location": {
				"x": 0,
				"y": 0,
				"r": "Horizontal"
			},
			"upd": {
				"SpawnedInSession": true
			}
		},
		{
			"_id": "I59618248766048358PhfzIC",
			"_tpl": "5938504186f7740991483f30",
			"parentId": "5c6687d65e9d882c8841f121",
			"slotId": "pocket2",
			"location": {
				"x": 0,
				"y": 0,
				"r": "Horizontal"
			},
			"upd": {
				"SpawnedInSession": true
			}
		},
		{
			"_id": "I59618244935687650OWCS3P",
			"_tpl": "5d95d6be86f77424444eb3a7",
			"parentId": "5c6687d65e9d882c8841f121",
			"slotId": "pocket3",
			"location": {
				"x": 0,
				"y": 0,
				"r": "Horizontal"
			},
			"upd": {
				"SpawnedInSession": true
			}
		}
	],
	"equipment": "5c6687d65e9d882c8841f0fd",
	"stash": "5c6687d65e9d882c8841f0fc",
	"questRaidItems": "5c6687d65e9d882c8841f0fe",
	"questStashItems": "5c6687d65e9d882c8841f0ff",
	"fastPanel": {}
}