{
	"items": [
		{
			"_id": "5c6687d65e9d882c8841f0fd",
			"_tpl": "55d7217a4bdc2d86028b456d"
		},
		{
			"_id": "5c6687d65e9d882c8841f121",
			"_tpl": "557ffd194bdc2d28148b457f",
			"parentId": "5c6687d65e9d882c8841f0fd",
			"slotId": "Pockets"
		},
		{
			"_id": "5c6687d65e9d882c8841f0fc",
			"_tpl": "566abbc34bdc2d92178b4576"
		},
		{
			"_id": "5c6687d65e9d882c8841f0ff",
			"_tpl": "5963866b86f7747bfa1c4462"
		},
		{
			"_id": "5c6687d65e9d882c8841f0fe",
			"_tpl": "5963866286f7747bf429b572"
		},
		{
			"_id": "I59618248181218545qH2OYO",
			"_tpl": "5929a2a086f7744f4b234d43",
			"parentId": "5c6687d65e9d882c8841f0fd",
			"slotId": "TacticalVest"
		},
		{
			"_id": "I21005403094897232Py9jYD",
			"_tpl": "5c07c60e0db834002330051f",
			"parentId": "5c6687d65e9d882c8841f0fd",
			"slotId": "FirstPrimaryWeapon",
			"upd": {
				"Repairable": {
					"MaxDurability": 100,
					"Durability": 100
				}
			}
		},
		{
			"_id": "I21005405818967096KohpFj",
			"_tpl": "5c0e2ff6d174af02a1659d4a",
			"parentId": "I21005403094897232Py9jYD",
			"slotId": "mod_pistol_grip"
		},
		{
			"_id": "I59618244142208766zT4cQn",
			"_tpl": "5448c1d04bdc2dff2f8b4569",
			"parentId": "I21005403094897232Py9jYD",
			"slotId": "mod_magazine"
		},
		{
			"_id": "I596182444878324893Vclwt",
			"_tpl": "59e6906286f7746c9f75e847",
			"parentId": "I59618244142208766zT4cQn",
			"slotId": "cartridges",
			"upd": {
				"StackObjectsCount": 20
			}
		},
		{
			"_id": "I21005401928206507pFRuoU",
			"_tpl": "5c0e2f26d174af02a9625114",
			"parentId": "I21005403094897232Py9jYD",
			"slotId": "mod_reciever"
		},
		{
			"_id": "I21005406262118984fJaeo1",
			"_tpl": "5649be884bdc2d79388b4577",
			"parentId": "I21005403094897232Py9jYD",
			"slotId": "mod_stock"
		},
		{
			"_id": "I210054055083223434wjimT",
			"_tpl": "5c0faf68d174af02a96260b8",
			"parentId": "I21005403094897232Py9jYD",
			"slotId": "mod_charge"
		},
		{
			"_id": "I210054071998557395KBhKH",
			"_tpl": "5c0e2f94d174af029f650d56",
			"parentId": "I21005401928206507pFRuoU",
			"slotId": "mod_barrel"
		},
		{
			"_id": "I210054060069412809hRYX4",
			"_tpl": "5c0e2f5cd174af02a012cfc9",
			"parentId": "I21005401928206507pFRuoU",
			"slotId": "mod_handguard"
		},
		{
			"_id": "I21005403309928902TxrDcW",
			"_tpl": "5c0fafb6d174af02a96260ba",
			"parentId": "I210054071998557395KBhKH",
			"slotId": "mod_muzzle"
		},
		{
			"_id": "I21005407055230098mmGFrM",
			"_tpl": "5ae30e795acfc408fb139a0b",
			"parentId": "I210054071998557395KBhKH",
			"slotId": "mod_gas_block"
		},
		{
			"_id": "I59618245459002275kj4v7D",
			"_tpl": "5857a8bc2459772bad15db29",
			"parentId": "5c6687d65e9d882c8841f0fd",
			"slotId": "SecuredContainer"
		},
		{
			"_id": "I59618243414647396uzyoQL",
			"_tpl": "59e6927d86f77411da468256",
			"parentId": "I59618245459002275kj4v7D",
			"slotId": "main",
			"upd": {
				"StackObjectsCount": 60
			}
		},
		{
			"_id": "I59618248993718325CWGYNC",
			"_tpl": "59e690b686f7746c9f75e848",
			"parentId": "I59618245459002275kj4v7D",
			"slotId": "main",
			"upd": {
				"StackObjectsCount": 60
			}
		},
		{
			"_id": "I59618248393378061wOMF9L",
			"_tpl": "59e6920f86f77411d82aa167",
			"parentId": "I59618245459002275kj4v7D",
			"slotId": "main",
			"upd": {
				"StackObjectsCount": 60
			}
		},
		{
			"_id": "I59618243722792303BYRA89",
			"_tpl": "54527a984bdc2d4e668b4567",
			"parentId": "I59618245459002275kj4v7D",
			"slotId": "main",
			"upd": {
				"StackObjectsCount": 60
			}
		},
		{
			"_id": "I59618247954456208UGvezH",
			"_tpl": "59e690b686f7746c9f75e848",
			"parentId": "I59618245459002275kj4v7D",
			"slotId": "main",
			"upd": {
				"StackObjectsCount": 60
			}
		},
		{
			"_id": "I59618246735047106jZKTzr",
			"_tpl": "5c0d5ae286f7741e46554302",
			"parentId": "I59618245459002275kj4v7D",
			"slotId": "main",
			"upd": {
				"StackObjectsCount": 60
			}
		},
		{
			"_id": "I596182422607211630CMmVG",
			"_tpl": "59e6918f86f7746c9f75e849",
			"parentId": "I59618245459002275kj4v7D",
			"slotId": "main",
			"upd": {
				"StackObjectsCount": 60
			}
		},
		{
			"_id": "I596182455858678961P08Y8",
			"_tpl": "59e6927d86f77411da468256",
			"parentId": "I59618245459002275kj4v7D",
			"slotId": "main",
			"upd": {
				"StackObjectsCount": 60
			}
		},
		{
			"_id": "I596182422332055857l5RvP",
			"_tpl": "59e6927d86f77411da468256",
			"parentId": "I59618245459002275kj4v7D",
			"slotId": "main",
			"upd": {
				"StackObjectsCount": 60
			}
		},
		{
			"_id": "I596182414385768872M1gtN",
			"_tpl": "5448c1d04bdc2dff2f8b4569",
			"parentId": "I59618248181218545qH2OYO",
			"slotId": "3",
			"location": {
				"x": 0,
				"y": 0,
				"r": "Horizontal"
			}
		},
		{
			"_id": "I59618243616523607BkA3P3",
			"_tpl": "59e68f6f86f7746c9f75e846",
			"parentId": "I596182414385768872M1gtN",
			"slotId": "cartridges",
			"upd": {
				"StackObjectsCount": 20
			}
		},
		{
			"_id": "I59618247785189452NHSHXw",
			"_tpl": "5448c1d04bdc2dff2f8b4569",
			"parentId": "I59618248181218545qH2OYO",
			"slotId": "3",
			"location": {
				"x": 0,
				"y": 1,
				"r": "Horizontal"
			}
		},
		{
			"_id": "I59618249927207376WHTrqH",
			"_tpl": "5c0d5ae286f7741e46554302",
			"parentId": "I59618247785189452NHSHXw",
			"slotId": "cartridges",
			"upd": {
				"StackObjectsCount": 20
			}
		},
		{
			"_id": "I59618243481433513xN6Yqq",
			"_tpl": "5448c1d04bdc2dff2f8b4569",
			"parentId": "I59618248181218545qH2OYO",
			"slotId": "5",
			"location": {
				"x": 0,
				"y": 1,
				"r": "Horizontal"
			}
		},
		{
			"_id": "I59618242617417313r1Zpjo",
			"_tpl": "59e68f6f86f7746c9f75e846",
			"parentId": "I59618243481433513xN6Yqq",
			"slotId": "cartridges",
			"upd": {
				"StackObjectsCount": 20
			}
		},
		{
			"_id": "I59618242914241043iPRinF",
			"_tpl": "5e32f56fcb6d5863cc5e5ee4",
			"parentId": "I59618248181218545qH2OYO",
			"slotId": "1"
		},
		{
			"_id": "I59618246063196245SJTJY9",
			"_tpl": "59e6920f86f77411d82aa167",
			"parentId": "I59618248181218545qH2OYO",
			"slotId": "2",
			"upd": {
				"StackObjectsCount": 22
			}
		},
		{
			"_id": "I59618249195976372sjvl0X",
			"_tpl": "5c0d5ae286f7741e46554302",
			"parentId": "I59618248181218545qH2OYO",
			"slotId": "8",
			"upd": {
				"StackObjectsCount": 7
			}
		},
		{
			"_id": "I596182488732806969G4oYq",
			"_tpl": "54491bb74bdc2d09088b4567",
			"parentId": "5c6687d65e9d882c8841f0fd",
			"slotId": "Scabbard"
		},
		{
			"_id": "I59618245680977985UD5LQE",
			"_tpl": "5aa2ba46e5b5b000137b758d",
			"parentId": "5c6687d65e9d882c8841f0fd",
			"slotId": "Headwear"
		},
		{
			"_id": "I59618244585813302GU3Ma1",
			"_tpl": "5b4326435acfc433000ed01d",
			"parentId": "5c6687d65e9d882c8841f0fd",
			"slotId": "FaceCover"
		},
		{
			"_id": "I59618248768120402Qw8ijH",
			"_tpl": "5ab8e79e86f7742d8b372e78",
			"parentId": "5c6687d65e9d882c8841f0fd",
			"slotId": "ArmorVest",
			"upd": {
				"Repairable": {
					"MaxDurability": 65,
					"Durability": 21
				}
			}
		},
		{
			"_id": "I59618243036139086M7gRc8",
			"_tpl": "5d1c774f86f7746d6620f8db",
			"parentId": "5c6687d65e9d882c8841f121",
			"slotId": "pocket1",
			"location": {
				"x": 0,
				"y": 0,
				"r": "Horizontal"
			},
			"upd": {
				"SpawnedInSession": true
			}
		}
	],
	"equipment": "5c6687d65e9d882c8841f0fd",
	"stash": "5c6687d65e9d882c8841f0fc",
	"questRaidItems": "5c6687d65e9d882c8841f0fe",
	"questStashItems": "5c6687d65e9d882c8841f0ff",
	"fastPanel": {}
}