{
	"items": [
		{
			"_id": "5c6687d65e9d882c8841f0fd",
			"_tpl": "55d7217a4bdc2d86028b456d"
		},
		{
			"_id": "5c6687d65e9d882c8841f121",
			"_tpl": "557ffd194bdc2d28148b457f",
			"parentId": "5c6687d65e9d882c8841f0fd",
			"slotId": "Pockets"
		},
		{
			"_id": "5c6687d65e9d882c8841f0fc",
			"_tpl": "566abbc34bdc2d92178b4576"
		},
		{
			"_id": "5c6687d65e9d882c8841f0ff",
			"_tpl": "5963866b86f7747bfa1c4462"
		},
		{
			"_id": "5c6687d65e9d882c8841f0fe",
			"_tpl": "5963866286f7747bf429b572"
		},
		{
			"_id": "I59618245069884733zs74sY",
			"_tpl": "5d5d8ca986f7742798716522",
			"parentId": "5c6687d65e9d882c8841f0fd",
			"slotId": "TacticalVest"
		},
		{
			"_id": "I331017482780841435AhGt6",
			"_tpl": "5ab8e9fcd8ce870019439434",
			"parentId": "5c6687d65e9d882c8841f0fd",
			"slotId": "FirstPrimaryWeapon",
			"upd": {
				"Repairable": {
					"MaxDurability": 100,
					"Durability": 100
				}
			}
		},
		{
			"_id": "I3310174856292415005HYwu",
			"_tpl": "59c6633186f7740cf0493bb9",
			"parentId": "I331017482780841435AhGt6",
			"slotId": "mod_gas_block"
		},
		{
			"_id": "I331017485185961610JvntI",
			"_tpl": "5649aa744bdc2ded0b8b457e",
			"parentId": "I331017482780841435AhGt6",
			"slotId": "mod_muzzle"
		},
		{
			"_id": "I3310174882290139167WR2R",
			"_tpl": "57e3dba62459770f0c32322b",
			"parentId": "I331017482780841435AhGt6",
			"slotId": "mod_pistol_grip"
		},
		{
			"_id": "I331017482580523344idHJD",
			"_tpl": "5649b0544bdc2d1b2b8b458a",
			"parentId": "I331017482780841435AhGt6",
			"slotId": "mod_sight_rear",
			"upd": {
				"Sight": {
					"SelectedSightMode": 0
				}
			}
		},
		{
			"_id": "I331017484401527346Lw7Hl",
			"_tpl": "5ab626e4d8ce87272e4c6e43",
			"parentId": "I331017482780841435AhGt6",
			"slotId": "mod_stock"
		},
		{
			"_id": "I59618246044266063RCvxG5",
			"_tpl": "55d482194bdc2d1d4e8b456b",
			"parentId": "I331017482780841435AhGt6",
			"slotId": "mod_magazine"
		},
		{
			"_id": "I59618249094537803Flg1rL",
			"_tpl": "56dff338d2720bbd668b4569",
			"parentId": "I59618246044266063RCvxG5",
			"slotId": "cartridges",
			"upd": {
				"StackObjectsCount": 60
			}
		},
		{
			"_id": "I331017485538352065oHxLJ",
			"_tpl": "5648b0744bdc2d363b8b4578",
			"parentId": "I3310174856292415005HYwu",
			"slotId": "mod_handguard"
		},
		{
			"_id": "I59618249040601008r8Cke6",
			"_tpl": "5857a8bc2459772bad15db29",
			"parentId": "5c6687d65e9d882c8841f0fd",
			"slotId": "SecuredContainer"
		},
		{
			"_id": "I59618249933893425nIkNI7",
			"_tpl": "56dff026d2720bb8668b4567",
			"parentId": "I59618249040601008r8Cke6",
			"slotId": "main",
			"upd": {
				"StackObjectsCount": 60
			}
		},
		{
			"_id": "I59618242061261510r8R3mi",
			"_tpl": "56dff2ced2720bb4668b4567",
			"parentId": "I59618249040601008r8Cke6",
			"slotId": "main",
			"upd": {
				"StackObjectsCount": 60
			}
		},
		{
			"_id": "I59618241071468327KfgxJK",
			"_tpl": "56dff421d2720b5f5a8b4567",
			"parentId": "I59618249040601008r8Cke6",
			"slotId": "main",
			"upd": {
				"StackObjectsCount": 60
			}
		},
		{
			"_id": "I59618244446236045V381kU",
			"_tpl": "56dff2ced2720bb4668b4567",
			"parentId": "I59618249040601008r8Cke6",
			"slotId": "main",
			"upd": {
				"StackObjectsCount": 60
			}
		},
		{
			"_id": "I59618244331461978MTVFUr",
			"_tpl": "56dff338d2720bbd668b4569",
			"parentId": "I59618249040601008r8Cke6",
			"slotId": "main",
			"upd": {
				"StackObjectsCount": 60
			}
		},
		{
			"_id": "I59618247690826642dg8p1u",
			"_tpl": "56dff0bed2720bb0668b4567",
			"parentId": "I59618249040601008r8Cke6",
			"slotId": "main",
			"upd": {
				"StackObjectsCount": 60
			}
		},
		{
			"_id": "I59618246080164234xvm7z4",
			"_tpl": "56dff216d2720bbd668b4568",
			"parentId": "I59618249040601008r8Cke6",
			"slotId": "main",
			"upd": {
				"StackObjectsCount": 60
			}
		},
		{
			"_id": "I59618242131858438Xsaoth",
			"_tpl": "56dff061d2720bb5668b4567",
			"parentId": "I59618249040601008r8Cke6",
			"slotId": "main",
			"upd": {
				"StackObjectsCount": 60
			}
		},
		{
			"_id": "I59618244407403677hlBvGI",
			"_tpl": "56dff2ced2720bb4668b4567",
			"parentId": "I59618249040601008r8Cke6",
			"slotId": "main",
			"upd": {
				"StackObjectsCount": 60
			}
		},
		{
			"_id": "I59618243813531505sfr1PW",
			"_tpl": "544fb37f4bdc2dee738b4567",
			"parentId": "I59618245069884733zs74sY",
			"slotId": "2"
		},
		{
			"_id": "I59618244734072533QTUDSJ",
			"_tpl": "5aaa4194e5b5b055d06310a5",
			"parentId": "I59618245069884733zs74sY",
			"slotId": "3",
			"location": {
				"x": 0,
				"y": 0,
				"r": "Horizontal"
			}
		},
		{
			"_id": "I59618249455146296MRazaE",
			"_tpl": "56dff338d2720bbd668b4569",
			"parentId": "I59618244734072533QTUDSJ",
			"slotId": "cartridges",
			"upd": {
				"StackObjectsCount": 30
			}
		},
		{
			"_id": "I59618248080859549BfTUyp",
			"_tpl": "5aaa4194e5b5b055d06310a5",
			"parentId": "I59618245069884733zs74sY",
			"slotId": "1",
			"location": {
				"x": 0,
				"y": 0,
				"r": "Horizontal"
			}
		},
		{
			"_id": "I59618242810062294JUODoL",
			"_tpl": "56dff4ecd2720b5f5a8b4568",
			"parentId": "I59618248080859549BfTUyp",
			"slotId": "cartridges",
			"upd": {
				"StackObjectsCount": 30
			}
		},
		{
			"_id": "I5961824150779943875ALUl",
			"_tpl": "5aaa4194e5b5b055d06310a5",
			"parentId": "I59618245069884733zs74sY",
			"slotId": "1",
			"location": {
				"x": 1,
				"y": 0,
				"r": "Horizontal"
			}
		},
		{
			"_id": "I59618246229735038j1VQ54",
			"_tpl": "56dff4ecd2720b5f5a8b4568",
			"parentId": "I5961824150779943875ALUl",
			"slotId": "cartridges",
			"upd": {
				"StackObjectsCount": 30
			}
		},
		{
			"_id": "I59618247660081310SmpTK6",
			"_tpl": "57e26ea924597715ca604a09",
			"parentId": "5c6687d65e9d882c8841f0fd",
			"slotId": "Scabbard"
		},
		{
			"_id": "I59618249541577045lF8Txm",
			"_tpl": "5b40e61f5acfc4001a599bec",
			"parentId": "5c6687d65e9d882c8841f0fd",
			"slotId": "Headwear"
		},
		{
			"_id": "I59618247433907299DM2LCK",
			"_tpl": "5bd0716d86f774171822ef4b",
			"parentId": "5c6687d65e9d882c8841f0fd",
			"slotId": "FaceCover"
		},
		{
			"_id": "I59618245086105982cBAZOa",
			"_tpl": "5ab8f04f86f774585f4237d8",
			"parentId": "5c6687d65e9d882c8841f0fd",
			"slotId": "Backpack"
		},
		{
			"_id": "I59618242550155689dRz7l5",
			"_tpl": "59148c8a86f774197930e983",
			"parentId": "I59618245086105982cBAZOa",
			"slotId": "main",
			"location": {
				"x": 0,
				"y": 0,
				"r": "Horizontal"
			}
		},
		{
			"_id": "I596182457234247639HPTIP",
			"_tpl": "544fb25a4bdc2dfb738b4567",
			"parentId": "I59618245086105982cBAZOa",
			"slotId": "main",
			"location": {
				"x": 0,
				"y": 1,
				"r": "Horizontal"
			}
		},
		{
			"_id": "I59618245405665299OSM18V",
			"_tpl": "5d1b309586f77425227d1676",
			"parentId": "I59618245086105982cBAZOa",
			"slotId": "main",
			"location": {
				"x": 1,
				"y": 0,
				"r": "Horizontal"
			}
		},
		{
			"_id": "I596182445262083552T6B5M",
			"_tpl": "5d63d33b86f7746ea9275524",
			"parentId": "I59618245086105982cBAZOa",
			"slotId": "main",
			"location": {
				"x": 2,
				"y": 0,
				"r": "Horizontal"
			}
		},
		{
			"_id": "I59618249325427563R2ifJ2",
			"_tpl": "5ab8e79e86f7742d8b372e78",
			"parentId": "5c6687d65e9d882c8841f0fd",
			"slotId": "ArmorVest",
			"upd": {
				"Repairable": {
					"MaxDurability": 65,
					"Durability": 23
				}
			}
		}
	],
	"equipment": "5c6687d65e9d882c8841f0fd",
	"stash": "5c6687d65e9d882c8841f0fc",
	"questRaidItems": "5c6687d65e9d882c8841f0fe",
	"questStashItems": "5c6687d65e9d882c8841f0ff",
	"fastPanel": {}
}