{
	"items": [
		{
			"_id": "5c6687d65e9d882c8841f0fd",
			"_tpl": "55d7217a4bdc2d86028b456d"
		},
		{
			"_id": "5c6687d65e9d882c8841f121",
			"_tpl": "557ffd194bdc2d28148b457f",
			"parentId": "5c6687d65e9d882c8841f0fd",
			"slotId": "Pockets"
		},
		{
			"_id": "5c6687d65e9d882c8841f0fc",
			"_tpl": "566abbc34bdc2d92178b4576"
		},
		{
			"_id": "5c6687d65e9d882c8841f0ff",
			"_tpl": "5963866b86f7747bfa1c4462"
		},
		{
			"_id": "5c6687d65e9d882c8841f0fe",
			"_tpl": "5963866286f7747bf429b572"
		},
		{
			"_id": "I59618245213005752jlXn1J",
			"_tpl": "5648a69d4bdc2ded0b8b457b",
			"parentId": "5c6687d65e9d882c8841f0fd",
			"slotId": "TacticalVest"
		},
		{
			"_id": "I210052368901397744h44Cu",
			"_tpl": "5b0bbe4e5acfc40dc528a72d",
			"parentId": "5c6687d65e9d882c8841f0fd",
			"slotId": "FirstPrimaryWeapon",
			"upd": {
				"Repairable": {
					"MaxDurability": 100,
					"Durability": 100
				}
			}
		},
		{
			"_id": "I210052365623104212H4iai",
			"_tpl": "5b099b965acfc400186331e6",
			"parentId": "I210052368901397744h44Cu",
			"slotId": "mod_pistol_grip"
		},
		{
			"_id": "I59618242907936521NZHoIV",
			"_tpl": "5b7d37845acfc400170e2f87",
			"parentId": "I210052368901397744h44Cu",
			"slotId": "mod_magazine"
		},
		{
			"_id": "I59618248770280856Wj1voy",
			"_tpl": "5e023e88277cce2b522ff2b1",
			"parentId": "I59618242907936521NZHoIV",
			"slotId": "cartridges",
			"upd": {
				"StackObjectsCount": 30
			}
		},
		{
			"_id": "I2100523626113840906ZKW4",
			"_tpl": "5b7bed205acfc400161d08cc",
			"parentId": "I210052368901397744h44Cu",
			"slotId": "mod_handguard"
		},
		{
			"_id": "I210052364622688952JEktG",
			"_tpl": "5b7be1265acfc400161d0798",
			"parentId": "I210052368901397744h44Cu",
			"slotId": "mod_barrel"
		},
		{
			"_id": "I210052368686631120p1sRz",
			"_tpl": "5b0bc22d5acfc47a8607f085",
			"parentId": "I210052368901397744h44Cu",
			"slotId": "mod_sight_rear",
			"upd": {
				"Sight": {
					"SelectedSightMode": 0
				}
			}
		},
		{
			"_id": "I210052368761698429p0sEM",
			"_tpl": "5b7d63cf5acfc4001876c8df",
			"parentId": "I210052368901397744h44Cu",
			"slotId": "mod_stock"
		},
		{
			"_id": "I59618246354616837D55mWf",
			"_tpl": "5857a8bc2459772bad15db29",
			"parentId": "5c6687d65e9d882c8841f0fd",
			"slotId": "SecuredContainer"
		},
		{
			"_id": "I59618245639670089rnbSv2",
			"_tpl": "5e023e88277cce2b522ff2b1",
			"parentId": "I59618246354616837D55mWf",
			"slotId": "main",
			"upd": {
				"StackObjectsCount": 60
			}
		},
		{
			"_id": "I59618249963679089pxoayS",
			"_tpl": "58dd3ad986f77403051cba8f",
			"parentId": "I59618246354616837D55mWf",
			"slotId": "main",
			"upd": {
				"StackObjectsCount": 60
			}
		},
		{
			"_id": "I596182435129751302Wc7AB",
			"_tpl": "5e023e53d4353e3302577c4c",
			"parentId": "I59618246354616837D55mWf",
			"slotId": "main",
			"upd": {
				"StackObjectsCount": 60
			}
		},
		{
			"_id": "I59618247490416618slxQ7a",
			"_tpl": "58dd3ad986f77403051cba8f",
			"parentId": "I59618246354616837D55mWf",
			"slotId": "main",
			"upd": {
				"StackObjectsCount": 60
			}
		},
		{
			"_id": "I59618243400473960zPh3TZ",
			"_tpl": "5e023e6e34d52a55c3304f71",
			"parentId": "I59618246354616837D55mWf",
			"slotId": "main",
			"upd": {
				"StackObjectsCount": 60
			}
		},
		{
			"_id": "I59618247608465725rvVfbt",
			"_tpl": "5e023e6e34d52a55c3304f71",
			"parentId": "I59618246354616837D55mWf",
			"slotId": "main",
			"upd": {
				"StackObjectsCount": 60
			}
		},
		{
			"_id": "I59618241057067464B0XymE",
			"_tpl": "5a6086ea4f39f99cd479502f",
			"parentId": "I59618246354616837D55mWf",
			"slotId": "main",
			"upd": {
				"StackObjectsCount": 60
			}
		},
		{
			"_id": "I59618242826496115dOyD7P",
			"_tpl": "5e023e88277cce2b522ff2b1",
			"parentId": "I59618246354616837D55mWf",
			"slotId": "main",
			"upd": {
				"StackObjectsCount": 60
			}
		},
		{
			"_id": "I59618249090421627FA4JBb",
			"_tpl": "5a6086ea4f39f99cd479502f",
			"parentId": "I59618246354616837D55mWf",
			"slotId": "main",
			"upd": {
				"StackObjectsCount": 60
			}
		},
		{
			"_id": "I59618244876071095XtV7Mf",
			"_tpl": "5b7c2d1d5acfc43d1028532a",
			"parentId": "I59618245213005752jlXn1J",
			"slotId": "1",
			"location": {
				"x": 0,
				"y": 0,
				"r": "Horizontal"
			}
		},
		{
			"_id": "I59618249711649947PtPGio",
			"_tpl": "5e023e6e34d52a55c3304f71",
			"parentId": "I59618244876071095XtV7Mf",
			"slotId": "cartridges",
			"upd": {
				"StackObjectsCount": 20
			}
		},
		{
			"_id": "I59618246150409751GRAJ7Z",
			"_tpl": "5b7c2d1d5acfc43d1028532a",
			"parentId": "I59618245213005752jlXn1J",
			"slotId": "3",
			"location": {
				"x": 0,
				"y": 0,
				"r": "Horizontal"
			}
		},
		{
			"_id": "I59618244054209703J6k1q1",
			"_tpl": "5e023e6e34d52a55c3304f71",
			"parentId": "I59618246150409751GRAJ7Z",
			"slotId": "cartridges",
			"upd": {
				"StackObjectsCount": 20
			}
		},
		{
			"_id": "I59618241785456364cwmZxp",
			"_tpl": "5b7c2d1d5acfc43d1028532a",
			"parentId": "I59618245213005752jlXn1J",
			"slotId": "10",
			"location": {
				"x": 0,
				"y": 0,
				"r": "Horizontal"
			}
		},
		{
			"_id": "I59618242000581423jtcoen",
			"_tpl": "58dd3ad986f77403051cba8f",
			"parentId": "I59618241785456364cwmZxp",
			"slotId": "cartridges",
			"upd": {
				"StackObjectsCount": 20
			}
		},
		{
			"_id": "I59618249478469520dhkWtq",
			"_tpl": "5b7c2d1d5acfc43d1028532a",
			"parentId": "I59618245213005752jlXn1J",
			"slotId": "5",
			"location": {
				"x": 1,
				"y": 0,
				"r": "Horizontal"
			}
		},
		{
			"_id": "I59618244782022404H07MfP",
			"_tpl": "5e023e6e34d52a55c3304f71",
			"parentId": "I59618249478469520dhkWtq",
			"slotId": "cartridges",
			"upd": {
				"StackObjectsCount": 20
			}
		},
		{
			"_id": "I59618242774094520Fhjs2Z",
			"_tpl": "5a6086ea4f39f99cd479502f",
			"parentId": "I59618245213005752jlXn1J",
			"slotId": "9",
			"upd": {
				"StackObjectsCount": 38
			}
		},
		{
			"_id": "I59618243157195131eXiyof",
			"_tpl": "5bffdc370db834001d23eca8",
			"parentId": "5c6687d65e9d882c8841f0fd",
			"slotId": "Scabbard"
		},
		{
			"_id": "I59618245764394495W4m36Q",
			"_tpl": "5aa2b8d7e5b5b00014028f4a",
			"parentId": "5c6687d65e9d882c8841f0fd",
			"slotId": "Headwear"
		},
		{
			"_id": "I59618247994098773RxMbQk",
			"_tpl": "59e770b986f7742cbd762754",
			"parentId": "5c6687d65e9d882c8841f0fd",
			"slotId": "Eyewear"
		},
		{
			"_id": "I59618244420639665M0JLwT",
			"_tpl": "59e7715586f7742ee5789605",
			"parentId": "5c6687d65e9d882c8841f0fd",
			"slotId": "FaceCover"
		},
		{
			"_id": "I59618241660473522jYjTQx",
			"_tpl": "56e33634d2720bd8058b456b",
			"parentId": "5c6687d65e9d882c8841f0fd",
			"slotId": "Backpack"
		},
		{
			"_id": "I59618243623489707jtutk4",
			"_tpl": "544fb3364bdc2d34748b456a",
			"parentId": "I59618241660473522jYjTQx",
			"slotId": "main",
			"location": {
				"x": 0,
				"y": 0,
				"r": "Horizontal"
			}
		},
		{
			"_id": "I59618246471928846h3ZnYJ",
			"_tpl": "57505f6224597709a92585a9",
			"parentId": "I59618241660473522jYjTQx",
			"slotId": "main",
			"location": {
				"x": 0,
				"y": 1,
				"r": "Horizontal"
			}
		},
		{
			"_id": "I59618249321348169lehg8C",
			"_tpl": "57513fcc24597720a31c09a6",
			"parentId": "I59618241660473522jYjTQx",
			"slotId": "main",
			"location": {
				"x": 1,
				"y": 0,
				"r": "Horizontal"
			}
		},
		{
			"_id": "I596182455315641562zu4iA",
			"_tpl": "5780cf722459777a5108b9a1",
			"parentId": "I59618241660473522jYjTQx",
			"slotId": "main",
			"location": {
				"x": 0,
				"y": 2,
				"r": "Horizontal"
			}
		},
		{
			"_id": "I59618242761186336dZQBTA",
			"_tpl": "59e3577886f774176a362503",
			"parentId": "I59618241660473522jYjTQx",
			"slotId": "main",
			"location": {
				"x": 1,
				"y": 2,
				"r": "Horizontal"
			}
		},
		{
			"_id": "I59618249864274252JxNGrV",
			"_tpl": "5938994586f774523a425196",
			"parentId": "I59618241660473522jYjTQx",
			"slotId": "main",
			"location": {
				"x": 2,
				"y": 0,
				"r": "Horizontal"
			}
		},
		{
			"_id": "I596182480829141093obBqO",
			"_tpl": "5780cda02459777b272ede61",
			"parentId": "I59618241660473522jYjTQx",
			"slotId": "main",
			"location": {
				"x": 2,
				"y": 1,
				"r": "Horizontal"
			}
		},
		{
			"_id": "I59618241772304011hZTWiX",
			"_tpl": "5672cb304bdc2dc2088b456a",
			"parentId": "I59618241660473522jYjTQx",
			"slotId": "main",
			"location": {
				"x": 2,
				"y": 2,
				"r": "Horizontal"
			}
		},
		{
			"_id": "I59618243130352835wAZxQL",
			"_tpl": "5780cf9e2459777df90dcb73",
			"parentId": "I59618241660473522jYjTQx",
			"slotId": "main",
			"location": {
				"x": 3,
				"y": 0,
				"r": "Horizontal"
			}
		},
		{
			"_id": "I596182497612596520ddiYN",
			"_tpl": "5751487e245977207e26a315",
			"parentId": "I59618241660473522jYjTQx",
			"slotId": "main",
			"location": {
				"x": 3,
				"y": 1,
				"r": "Horizontal"
			}
		},
		{
			"_id": "I59618248130428904vP9KoU",
			"_tpl": "59e7635f86f7742cbf2c1095",
			"parentId": "5c6687d65e9d882c8841f0fd",
			"slotId": "ArmorVest",
			"upd": {
				"Repairable": {
					"MaxDurability": 40,
					"Durability": 33
				}
			}
		}
	],
	"equipment": "5c6687d65e9d882c8841f0fd",
	"stash": "5c6687d65e9d882c8841f0fc",
	"questRaidItems": "5c6687d65e9d882c8841f0fe",
	"questStashItems": "5c6687d65e9d882c8841f0ff",
	"fastPanel": {}
}