{
	"items": [
		{
			"_id": "5c6687d65e9d882c8841f0fd",
			"_tpl": "55d7217a4bdc2d86028b456d"
		},
		{
			"_id": "5c6687d65e9d882c8841f121",
			"_tpl": "557ffd194bdc2d28148b457f",
			"parentId": "5c6687d65e9d882c8841f0fd",
			"slotId": "Pockets"
		},
		{
			"_id": "5c6687d65e9d882c8841f0fc",
			"_tpl": "566abbc34bdc2d92178b4576"
		},
		{
			"_id": "5c6687d65e9d882c8841f0ff",
			"_tpl": "5963866b86f7747bfa1c4462"
		},
		{
			"_id": "5c6687d65e9d882c8841f0fe",
			"_tpl": "5963866286f7747bf429b572"
		},
		{
			"_id": "I59618249834512574A4PB58",
			"_tpl": "5648a69d4bdc2ded0b8b457b",
			"parentId": "5c6687d65e9d882c8841f0fd",
			"slotId": "TacticalVest"
		},
		{
			"_id": "I33102199244347225huwq4b",
			"_tpl": "57dc2fa62459775949412633",
			"parentId": "5c6687d65e9d882c8841f0fd",
			"slotId": "FirstPrimaryWeapon",
			"upd": {
				"Repairable": {
					"MaxDurability": 100,
					"Durability": 100
				}
			}
		},
		{
			"_id": "I33102198208220368mkoBPf",
			"_tpl": "57e3dba62459770f0c32322b",
			"parentId": "I33102199244347225huwq4b",
			"slotId": "mod_pistol_grip"
		},
		{
			"_id": "I33102191015356994tky48q",
			"_tpl": "57dc347d245977596754e7a1",
			"parentId": "I33102199244347225huwq4b",
			"slotId": "mod_stock"
		},
		{
			"_id": "I59618247983737652u5Myfb",
			"_tpl": "5cbdaf89ae9215000e5b9c94",
			"parentId": "I33102199244347225huwq4b",
			"slotId": "mod_magazine"
		},
		{
			"_id": "I59618241683972951TkGuQZ",
			"_tpl": "5c0d5e4486f77478390952fe",
			"parentId": "I59618247983737652u5Myfb",
			"slotId": "cartridges",
			"upd": {
				"StackObjectsCount": 30
			}
		},
		{
			"_id": "I331021979274565986ipDm6",
			"_tpl": "57dc324a24597759501edc20",
			"parentId": "I33102199244347225huwq4b",
			"slotId": "mod_muzzle"
		},
		{
			"_id": "I33102196100545524E0zoJV",
			"_tpl": "59d36a0086f7747e673f3946",
			"parentId": "I33102199244347225huwq4b",
			"slotId": "mod_gas_block"
		},
		{
			"_id": "I331021985013893897JE7Au",
			"_tpl": "56dfef82d2720bbd668b4567",
			"parentId": "I33102195248896084yCBI6t",
			"slotId": "cartridges",
			"location": 0,
			"upd": {
				"StackObjectsCount": 30
			}
		},
		{
			"_id": "I33102195902080607QLDgOL",
			"_tpl": "57dc32dc245977596d4ef3d3",
			"parentId": "I33102196100545524E0zoJV",
			"slotId": "mod_handguard"
		},
		{
			"_id": "I59618243151633010z1NZXT",
			"_tpl": "5857a8bc2459772bad15db29",
			"parentId": "5c6687d65e9d882c8841f0fd",
			"slotId": "SecuredContainer"
		},
		{
			"_id": "I59618244458317976TmRDc5",
			"_tpl": "56dff421d2720b5f5a8b4567",
			"parentId": "I59618243151633010z1NZXT",
			"slotId": "main",
			"upd": {
				"StackObjectsCount": 60
			}
		},
		{
			"_id": "I59618246333934155H3xD7U",
			"_tpl": "56dff2ced2720bb4668b4567",
			"parentId": "I59618243151633010z1NZXT",
			"slotId": "main",
			"upd": {
				"StackObjectsCount": 60
			}
		},
		{
			"_id": "I596182474959705968ckAiT",
			"_tpl": "5c0d5e4486f77478390952fe",
			"parentId": "I59618243151633010z1NZXT",
			"slotId": "main",
			"upd": {
				"StackObjectsCount": 60
			}
		},
		{
			"_id": "I59618245152472507m861Sv",
			"_tpl": "56dff4a2d2720bbd668b456a",
			"parentId": "I59618243151633010z1NZXT",
			"slotId": "main",
			"upd": {
				"StackObjectsCount": 60
			}
		},
		{
			"_id": "I59618245299358018s5wU3V",
			"_tpl": "56dff338d2720bbd668b4569",
			"parentId": "I59618243151633010z1NZXT",
			"slotId": "main",
			"upd": {
				"StackObjectsCount": 60
			}
		},
		{
			"_id": "I59618241322611644SWpkWf",
			"_tpl": "56dff2ced2720bb4668b4567",
			"parentId": "I59618243151633010z1NZXT",
			"slotId": "main",
			"upd": {
				"StackObjectsCount": 60
			}
		},
		{
			"_id": "I59618244864195367FsaXdx",
			"_tpl": "56dff421d2720b5f5a8b4567",
			"parentId": "I59618243151633010z1NZXT",
			"slotId": "main",
			"upd": {
				"StackObjectsCount": 60
			}
		},
		{
			"_id": "I59618249365691735nnqShF",
			"_tpl": "56dff4ecd2720b5f5a8b4568",
			"parentId": "I59618243151633010z1NZXT",
			"slotId": "main",
			"upd": {
				"StackObjectsCount": 60
			}
		},
		{
			"_id": "I59618248860079824H7JPBK",
			"_tpl": "56dff338d2720bbd668b4569",
			"parentId": "I59618243151633010z1NZXT",
			"slotId": "main",
			"upd": {
				"StackObjectsCount": 60
			}
		},
		{
			"_id": "I59618247350435845ZRXzeT",
			"_tpl": "55d480c04bdc2d1d4e8b456a",
			"parentId": "I59618249834512574A4PB58",
			"slotId": "2",
			"location": {
				"x": 0,
				"y": 0,
				"r": "Horizontal"
			}
		},
		{
			"_id": "I59618243165373986NpPLUh",
			"_tpl": "56dff421d2720b5f5a8b4567",
			"parentId": "I59618247350435845ZRXzeT",
			"slotId": "cartridges",
			"upd": {
				"StackObjectsCount": 30
			}
		},
		{
			"_id": "I59618248815478947kVKoUW",
			"_tpl": "55d480c04bdc2d1d4e8b456a",
			"parentId": "I59618249834512574A4PB58",
			"slotId": "4",
			"location": {
				"x": 0,
				"y": 0,
				"r": "Horizontal"
			}
		},
		{
			"_id": "I59618244730301919YANFfY",
			"_tpl": "56dff216d2720bbd668b4568",
			"parentId": "I59618248815478947kVKoUW",
			"slotId": "cartridges",
			"upd": {
				"StackObjectsCount": 30
			}
		},
		{
			"_id": "I59618245942767025AcZdai",
			"_tpl": "55d480c04bdc2d1d4e8b456a",
			"parentId": "I59618249834512574A4PB58",
			"slotId": "11",
			"location": {
				"x": 0,
				"y": 0,
				"r": "Horizontal"
			}
		},
		{
			"_id": "I59618244852278239mCxDam",
			"_tpl": "56dff3afd2720bba668b4567",
			"parentId": "I59618245942767025AcZdai",
			"slotId": "cartridges",
			"upd": {
				"StackObjectsCount": 30
			}
		},
		{
			"_id": "I59618244967586543jJPR8x",
			"_tpl": "55d480c04bdc2d1d4e8b456a",
			"parentId": "I59618249834512574A4PB58",
			"slotId": "5",
			"location": {
				"x": 0,
				"y": 0,
				"r": "Horizontal"
			}
		},
		{
			"_id": "I596182417843746195cbb3y",
			"_tpl": "56dff216d2720bbd668b4568",
			"parentId": "I59618244967586543jJPR8x",
			"slotId": "cartridges",
			"upd": {
				"StackObjectsCount": 30
			}
		},
		{
			"_id": "I596182488991658016QPO50",
			"_tpl": "55d480c04bdc2d1d4e8b456a",
			"parentId": "I59618249834512574A4PB58",
			"slotId": "5",
			"location": {
				"x": 1,
				"y": 0,
				"r": "Horizontal"
			}
		},
		{
			"_id": "I59618246761758964ClhuKR",
			"_tpl": "56dff2ced2720bb4668b4567",
			"parentId": "I596182488991658016QPO50",
			"slotId": "cartridges",
			"upd": {
				"StackObjectsCount": 30
			}
		},
		{
			"_id": "I59618247060753065AR26pI",
			"_tpl": "56dff3afd2720bba668b4567",
			"parentId": "I59618249834512574A4PB58",
			"slotId": "7",
			"upd": {
				"StackObjectsCount": 38
			}
		},
		{
			"_id": "I59618241118981493vsP3gS",
			"_tpl": "56dfef82d2720bbd668b4567",
			"parentId": "I59618249834512574A4PB58",
			"slotId": "9",
			"upd": {
				"StackObjectsCount": 31
			}
		},
		{
			"_id": "I59618248843923893hSqTt0",
			"_tpl": "57e26fc7245977162a14b800",
			"parentId": "5c6687d65e9d882c8841f0fd",
			"slotId": "Scabbard"
		},
		{
			"_id": "I59618247255941954nOyp88",
			"_tpl": "5b40e61f5acfc4001a599bec",
			"parentId": "5c6687d65e9d882c8841f0fd",
			"slotId": "Headwear"
		},
		{
			"_id": "I59618242079198831dAaJ6s",
			"_tpl": "5b4326435acfc433000ed01d",
			"parentId": "5c6687d65e9d882c8841f0fd",
			"slotId": "FaceCover"
		},
		{
			"_id": "I59618241369341918JSEGYw",
			"_tpl": "56e33634d2720bd8058b456b",
			"parentId": "5c6687d65e9d882c8841f0fd",
			"slotId": "Backpack"
		},
		{
			"_id": "I59618247197911302hg3fZo",
			"_tpl": "5ab8e79e86f7742d8b372e78",
			"parentId": "5c6687d65e9d882c8841f0fd",
			"slotId": "ArmorVest",
			"upd": {
				"Repairable": {
					"MaxDurability": 65,
					"Durability": 19
				}
			}
		},
		{
			"_id": "I59618246903474570qTYTGC",
			"_tpl": "5af04b6486f774195a3ebb49",
			"parentId": "5c6687d65e9d882c8841f121",
			"slotId": "pocket1",
			"location": {
				"x": 0,
				"y": 0,
				"r": "Horizontal"
			},
			"upd": {
				"SpawnedInSession": true
			}
		}
	],
	"equipment": "5c6687d65e9d882c8841f0fd",
	"stash": "5c6687d65e9d882c8841f0fc",
	"questRaidItems": "5c6687d65e9d882c8841f0fe",
	"questStashItems": "5c6687d65e9d882c8841f0ff",
	"fastPanel": {}
}