{
	"items": [
		{
			"_id": "5c6687d65e9d882c8841f0fd",
			"_tpl": "55d7217a4bdc2d86028b456d"
		},
		{
			"_id": "5c6687d65e9d882c8841f121",
			"_tpl": "557ffd194bdc2d28148b457f",
			"parentId": "5c6687d65e9d882c8841f0fd",
			"slotId": "Pockets"
		},
		{
			"_id": "5c6687d65e9d882c8841f0fc",
			"_tpl": "566abbc34bdc2d92178b4576"
		},
		{
			"_id": "5c6687d65e9d882c8841f0ff",
			"_tpl": "5963866b86f7747bfa1c4462"
		},
		{
			"_id": "5c6687d65e9d882c8841f0fe",
			"_tpl": "5963866286f7747bf429b572"
		},
		{
			"_id": "I59618246653293807MFGyNv",
			"_tpl": "5929a2a086f7744f4b234d43",
			"parentId": "5c6687d65e9d882c8841f0fd",
			"slotId": "TacticalVest"
		},
		{
			"_id": "I210052368901397744h44Cu",
			"_tpl": "5b0bbe4e5acfc40dc528a72d",
			"parentId": "5c6687d65e9d882c8841f0fd",
			"slotId": "FirstPrimaryWeapon",
			"upd": {
				"Repairable": {
					"MaxDurability": 100,
					"Durability": 100
				}
			}
		},
		{
			"_id": "I210052365623104212H4iai",
			"_tpl": "5b099b965acfc400186331e6",
			"parentId": "I210052368901397744h44Cu",
			"slotId": "mod_pistol_grip"
		},
		{
			"_id": "I596182442389678584bOjtK",
			"_tpl": "5b099ac65acfc400186331e1",
			"parentId": "I210052368901397744h44Cu",
			"slotId": "mod_magazine"
		},
		{
			"_id": "I59618246943876266HCOFG5",
			"_tpl": "5a6086ea4f39f99cd479502f",
			"parentId": "I596182442389678584bOjtK",
			"slotId": "cartridges",
			"upd": {
				"StackObjectsCount": 20
			}
		},
		{
			"_id": "I2100523626113840906ZKW4",
			"_tpl": "5b7bed205acfc400161d08cc",
			"parentId": "I210052368901397744h44Cu",
			"slotId": "mod_handguard"
		},
		{
			"_id": "I210052364622688952JEktG",
			"_tpl": "5b7be1265acfc400161d0798",
			"parentId": "I210052368901397744h44Cu",
			"slotId": "mod_barrel"
		},
		{
			"_id": "I210052368686631120p1sRz",
			"_tpl": "5b0bc22d5acfc47a8607f085",
			"parentId": "I210052368901397744h44Cu",
			"slotId": "mod_sight_rear",
			"upd": {
				"Sight": {
					"SelectedSightMode": 0
				}
			}
		},
		{
			"_id": "I210052368761698429p0sEM",
			"_tpl": "5b7d63cf5acfc4001876c8df",
			"parentId": "I210052368901397744h44Cu",
			"slotId": "mod_stock"
		},
		{
			"_id": "I59618245429058349RbdlLk",
			"_tpl": "5857a8bc2459772bad15db29",
			"parentId": "5c6687d65e9d882c8841f0fd",
			"slotId": "SecuredContainer"
		},
		{
			"_id": "I59618243134121582AfDK1g",
			"_tpl": "5e023e6e34d52a55c3304f71",
			"parentId": "I59618245429058349RbdlLk",
			"slotId": "main",
			"upd": {
				"StackObjectsCount": 60
			}
		},
		{
			"_id": "I5961824103046761056UJq5",
			"_tpl": "58dd3ad986f77403051cba8f",
			"parentId": "I59618245429058349RbdlLk",
			"slotId": "main",
			"upd": {
				"StackObjectsCount": 60
			}
		},
		{
			"_id": "I59618241781045629PBioaq",
			"_tpl": "5e023e6e34d52a55c3304f71",
			"parentId": "I59618245429058349RbdlLk",
			"slotId": "main",
			"upd": {
				"StackObjectsCount": 60
			}
		},
		{
			"_id": "I59618245186221184YsH89Y",
			"_tpl": "5a608bf24f39f98ffc77720e",
			"parentId": "I59618245429058349RbdlLk",
			"slotId": "main",
			"upd": {
				"StackObjectsCount": 60
			}
		},
		{
			"_id": "I59618244541664382P8eSF7",
			"_tpl": "58dd3ad986f77403051cba8f",
			"parentId": "I59618245429058349RbdlLk",
			"slotId": "main",
			"upd": {
				"StackObjectsCount": 60
			}
		},
		{
			"_id": "I59618242249988480dvMh2f",
			"_tpl": "58dd3ad986f77403051cba8f",
			"parentId": "I59618245429058349RbdlLk",
			"slotId": "main",
			"upd": {
				"StackObjectsCount": 60
			}
		},
		{
			"_id": "I59618242955775225G75cTJ",
			"_tpl": "5a6086ea4f39f99cd479502f",
			"parentId": "I59618245429058349RbdlLk",
			"slotId": "main",
			"upd": {
				"StackObjectsCount": 60
			}
		},
		{
			"_id": "I59618248062989032hWlVQF",
			"_tpl": "5a6086ea4f39f99cd479502f",
			"parentId": "I59618245429058349RbdlLk",
			"slotId": "main",
			"upd": {
				"StackObjectsCount": 60
			}
		},
		{
			"_id": "I596182468143775618U8HbH",
			"_tpl": "5a6086ea4f39f99cd479502f",
			"parentId": "I59618245429058349RbdlLk",
			"slotId": "main",
			"upd": {
				"StackObjectsCount": 60
			}
		},
		{
			"_id": "I596182481199676872Ggkvv",
			"_tpl": "5b7bef5d5acfc43bca7067a3",
			"parentId": "I59618246653293807MFGyNv",
			"slotId": "3",
			"location": {
				"x": 0,
				"y": 0,
				"r": "Horizontal"
			}
		},
		{
			"_id": "I59618246144893793xoiILQ",
			"_tpl": "5e023e53d4353e3302577c4c",
			"parentId": "I596182481199676872Ggkvv",
			"slotId": "cartridges",
			"upd": {
				"StackObjectsCount": 30
			}
		},
		{
			"_id": "I596182473332237948I6qEb",
			"_tpl": "5b7bef5d5acfc43bca7067a3",
			"parentId": "I59618246653293807MFGyNv",
			"slotId": "6",
			"location": {
				"x": 0,
				"y": 0,
				"r": "Horizontal"
			}
		},
		{
			"_id": "I59618241208413438uQc715",
			"_tpl": "5e023e53d4353e3302577c4c",
			"parentId": "I596182473332237948I6qEb",
			"slotId": "cartridges",
			"upd": {
				"StackObjectsCount": 30
			}
		},
		{
			"_id": "I59618241898027926PVGng7",
			"_tpl": "5a0c27731526d80618476ac4",
			"parentId": "I59618246653293807MFGyNv",
			"slotId": "1"
		},
		{
			"_id": "I59618241949471855I3ZFFJ",
			"_tpl": "58d3db5386f77426186285a0",
			"parentId": "I59618246653293807MFGyNv",
			"slotId": "8"
		},
		{
			"_id": "I59618246079484253i7SGx1",
			"_tpl": "5bffdc370db834001d23eca8",
			"parentId": "5c6687d65e9d882c8841f0fd",
			"slotId": "Scabbard"
		},
		{
			"_id": "I59618249057896203DgBLbY",
			"_tpl": "5b40e61f5acfc4001a599bec",
			"parentId": "5c6687d65e9d882c8841f0fd",
			"slotId": "Headwear"
		},
		{
			"_id": "I59618248137958949cPOl31",
			"_tpl": "5ab8e4ed86f7742d8e50c7fa",
			"parentId": "5c6687d65e9d882c8841f0fd",
			"slotId": "ArmorVest",
			"upd": {
				"Repairable": {
					"MaxDurability": 50,
					"Durability": 37
				}
			}
		}
	],
	"equipment": "5c6687d65e9d882c8841f0fd",
	"stash": "5c6687d65e9d882c8841f0fc",
	"questRaidItems": "5c6687d65e9d882c8841f0fe",
	"questStashItems": "5c6687d65e9d882c8841f0ff",
	"fastPanel": {}
}