{
	"items": [
		{
			"_id": "5c6687d65e9d882c8841f0fd",
			"_tpl": "55d7217a4bdc2d86028b456d"
		},
		{
			"_id": "5c6687d65e9d882c8841f121",
			"_tpl": "557ffd194bdc2d28148b457f",
			"parentId": "5c6687d65e9d882c8841f0fd",
			"slotId": "Pockets"
		},
		{
			"_id": "5c6687d65e9d882c8841f0fc",
			"_tpl": "566abbc34bdc2d92178b4576"
		},
		{
			"_id": "5c6687d65e9d882c8841f0ff",
			"_tpl": "5963866b86f7747bfa1c4462"
		},
		{
			"_id": "5c6687d65e9d882c8841f0fe",
			"_tpl": "5963866286f7747bf429b572"
		},
		{
			"_id": "I59618243199010074PvwV1i",
			"_tpl": "5e4abfed86f77406a2713cf7",
			"parentId": "5c6687d65e9d882c8841f0fd",
			"slotId": "TacticalVest"
		},
		{
			"_id": "I21009458619073185COPcOF",
			"_tpl": "5a0ec13bfcdbcb00165aa685",
			"parentId": "5c6687d65e9d882c8841f0fd",
			"slotId": "FirstPrimaryWeapon",
			"upd": {
				"Repairable": {
					"MaxDurability": 100,
					"Durability": 100
				}
			}
		},
		{
			"_id": "I210094576412274034PHXSS",
			"_tpl": "59d64ec286f774171d1e0a42",
			"parentId": "I21009458619073185COPcOF",
			"slotId": "mod_gas_block"
		},
		{
			"_id": "I21009457143300570DwMdvA",
			"_tpl": "59d64fc686f774171b243fe2",
			"parentId": "I21009458619073185COPcOF",
			"slotId": "mod_muzzle"
		},
		{
			"_id": "I21009457257801180pgRVSi",
			"_tpl": "59e62cc886f77440d40b52a1",
			"parentId": "I21009458619073185COPcOF",
			"slotId": "mod_pistol_grip"
		},
		{
			"_id": "I21009458538347457dOvnBx",
			"_tpl": "59d6507c86f7741b846413a2",
			"parentId": "I21009458619073185COPcOF",
			"slotId": "mod_reciever"
		},
		{
			"_id": "I210094555920558690rHh6Z",
			"_tpl": "59d650cf86f7741b846413a4",
			"parentId": "I21009458619073185COPcOF",
			"slotId": "mod_sight_rear",
			"upd": {
				"Sight": {
					"SelectedSightMode": 0
				}
			}
		},
		{
			"_id": "I21009453906192544MnI1Gg",
			"_tpl": "59d6514b86f774171a068a08",
			"parentId": "I21009458619073185COPcOF",
			"slotId": "mod_stock"
		},
		{
			"_id": "I59618244215244384hKSltP",
			"_tpl": "59e5d83b86f7745aed03d262",
			"parentId": "I21009458619073185COPcOF",
			"slotId": "mod_magazine"
		},
		{
			"_id": "I596182456221306401QDFzb",
			"_tpl": "59e4d24686f7741776641ac7",
			"parentId": "I59618244215244384hKSltP",
			"slotId": "cartridges",
			"upd": {
				"StackObjectsCount": 10
			}
		},
		{
			"_id": "I21009457709398691877EKR",
			"_tpl": "59d64f2f86f77417193ef8b3",
			"parentId": "I210094576412274034PHXSS",
			"slotId": "mod_handguard"
		},
		{
			"_id": "I59618247299705529uQr0Zi",
			"_tpl": "5857a8bc2459772bad15db29",
			"parentId": "5c6687d65e9d882c8841f0fd",
			"slotId": "SecuredContainer"
		},
		{
			"_id": "I59618242005886402w7GZdX",
			"_tpl": "5656d7c34bdc2d9d198b4587",
			"parentId": "I59618247299705529uQr0Zi",
			"slotId": "main",
			"upd": {
				"StackObjectsCount": 60
			}
		},
		{
			"_id": "I59618247923916665a1vvXB",
			"_tpl": "59e4cf5286f7741778269d8a",
			"parentId": "I59618247299705529uQr0Zi",
			"slotId": "main",
			"upd": {
				"StackObjectsCount": 60
			}
		},
		{
			"_id": "I59618243231374139El5XDX",
			"_tpl": "59e4d3d286f774176a36250a",
			"parentId": "I59618247299705529uQr0Zi",
			"slotId": "main",
			"upd": {
				"StackObjectsCount": 60
			}
		},
		{
			"_id": "I59618247908066726TbcyiK",
			"_tpl": "59e4d3d286f774176a36250a",
			"parentId": "I59618247299705529uQr0Zi",
			"slotId": "main",
			"upd": {
				"StackObjectsCount": 60
			}
		},
		{
			"_id": "I59618241811708233W5wvDa",
			"_tpl": "59e4d24686f7741776641ac7",
			"parentId": "I59618247299705529uQr0Zi",
			"slotId": "main",
			"upd": {
				"StackObjectsCount": 60
			}
		},
		{
			"_id": "I59618247979100761Gag6ja",
			"_tpl": "59e4cf5286f7741778269d8a",
			"parentId": "I59618247299705529uQr0Zi",
			"slotId": "main",
			"upd": {
				"StackObjectsCount": 60
			}
		},
		{
			"_id": "I59618241372360648yPVZFl",
			"_tpl": "59e0d99486f7744a32234762",
			"parentId": "I59618247299705529uQr0Zi",
			"slotId": "main",
			"upd": {
				"StackObjectsCount": 60
			}
		},
		{
			"_id": "I59618241732852322p50LrA",
			"_tpl": "59e4d3d286f774176a36250a",
			"parentId": "I59618247299705529uQr0Zi",
			"slotId": "main",
			"upd": {
				"StackObjectsCount": 60
			}
		},
		{
			"_id": "I59618243366355366TsjMow",
			"_tpl": "59e4d3d286f774176a36250a",
			"parentId": "I59618247299705529uQr0Zi",
			"slotId": "main",
			"upd": {
				"StackObjectsCount": 60
			}
		},
		{
			"_id": "I59618249225816073Cm9K2N",
			"_tpl": "59e5d83b86f7745aed03d262",
			"parentId": "I59618243199010074PvwV1i",
			"slotId": "1",
			"location": {
				"x": 0,
				"y": 0,
				"r": "Horizontal"
			}
		},
		{
			"_id": "I59618242778371010NpNO7S",
			"_tpl": "59e4d24686f7741776641ac7",
			"parentId": "I59618249225816073Cm9K2N",
			"slotId": "cartridges",
			"upd": {
				"StackObjectsCount": 10
			}
		},
		{
			"_id": "I59618243845842041JsmG4c",
			"_tpl": "59e5d83b86f7745aed03d262",
			"parentId": "I59618243199010074PvwV1i",
			"slotId": "3",
			"location": {
				"x": 0,
				"y": 0,
				"r": "Horizontal"
			}
		},
		{
			"_id": "I596182431906337919PARQV",
			"_tpl": "59e0d99486f7744a32234762",
			"parentId": "I59618243845842041JsmG4c",
			"slotId": "cartridges",
			"upd": {
				"StackObjectsCount": 10
			}
		},
		{
			"_id": "I59618249863004839cK1Gyp",
			"_tpl": "59e5d83b86f7745aed03d262",
			"parentId": "I59618243199010074PvwV1i",
			"slotId": "3",
			"location": {
				"x": 0,
				"y": 1,
				"r": "Horizontal"
			}
		},
		{
			"_id": "I596182440414031240ZV5ET",
			"_tpl": "59e0d99486f7744a32234762",
			"parentId": "I59618249863004839cK1Gyp",
			"slotId": "cartridges",
			"upd": {
				"StackObjectsCount": 10
			}
		},
		{
			"_id": "I59618247357042337FUknMV",
			"_tpl": "59e4d3d286f774176a36250a",
			"parentId": "I59618243199010074PvwV1i",
			"slotId": "6",
			"upd": {
				"StackObjectsCount": 27
			}
		},
		{
			"_id": "I59618245537758063KDTzQr",
			"_tpl": "59e4d3d286f774176a36250a",
			"parentId": "I59618243199010074PvwV1i",
			"slotId": "9",
			"upd": {
				"StackObjectsCount": 49
			}
		},
		{
			"_id": "I5961824482727066357lKg9",
			"_tpl": "5bffdc370db834001d23eca8",
			"parentId": "5c6687d65e9d882c8841f0fd",
			"slotId": "Scabbard"
		},
		{
			"_id": "I59618243357559790eUd55U",
			"_tpl": "5aa2b87de5b5b00016327c25",
			"parentId": "5c6687d65e9d882c8841f0fd",
			"slotId": "Headwear"
		},
		{
			"_id": "I59618243931718101Bv1QG9",
			"_tpl": "5d5fca1ea4b93635fd598c07",
			"parentId": "5c6687d65e9d882c8841f0fd",
			"slotId": "Eyewear"
		},
		{
			"_id": "I59618247578393806AxdXuH",
			"_tpl": "5c1a1e3f2e221602b66cc4c2",
			"parentId": "5c6687d65e9d882c8841f0fd",
			"slotId": "FaceCover"
		},
		{
			"_id": "I59618249064827499kozlo1",
			"_tpl": "544fb3f34bdc2d03748b456a",
			"parentId": "5c6687d65e9d882c8841f121",
			"slotId": "pocket1",
			"location": {
				"x": 0,
				"y": 0,
				"r": "Horizontal"
			},
			"upd": {
				"SpawnedInSession": true
			}
		}
	],
	"equipment": "5c6687d65e9d882c8841f0fd",
	"stash": "5c6687d65e9d882c8841f0fc",
	"questRaidItems": "5c6687d65e9d882c8841f0fe",
	"questStashItems": "5c6687d65e9d882c8841f0ff",
	"fastPanel": {}
}