{
	"items": [
		{
			"_id": "5c6687d65e9d882c8841f0fd",
			"_tpl": "55d7217a4bdc2d86028b456d"
		},
		{
			"_id": "5c6687d65e9d882c8841f121",
			"_tpl": "557ffd194bdc2d28148b457f",
			"parentId": "5c6687d65e9d882c8841f0fd",
			"slotId": "Pockets"
		},
		{
			"_id": "5c6687d65e9d882c8841f0fc",
			"_tpl": "566abbc34bdc2d92178b4576"
		},
		{
			"_id": "5c6687d65e9d882c8841f0ff",
			"_tpl": "5963866b86f7747bfa1c4462"
		},
		{
			"_id": "5c6687d65e9d882c8841f0fe",
			"_tpl": "5963866286f7747bf429b572"
		},
		{
			"_id": "I5961824436012897695JOt8",
			"_tpl": "5929a2a086f7744f4b234d43",
			"parentId": "5c6687d65e9d882c8841f0fd",
			"slotId": "TacticalVest"
		},
		{
			"_id": "I21009458619073185COPcOF",
			"_tpl": "5a0ec13bfcdbcb00165aa685",
			"parentId": "5c6687d65e9d882c8841f0fd",
			"slotId": "FirstPrimaryWeapon",
			"upd": {
				"Repairable": {
					"MaxDurability": 100,
					"Durability": 100
				}
			}
		},
		{
			"_id": "I210094576412274034PHXSS",
			"_tpl": "59d64ec286f774171d1e0a42",
			"parentId": "I21009458619073185COPcOF",
			"slotId": "mod_gas_block"
		},
		{
			"_id": "I21009457143300570DwMdvA",
			"_tpl": "59d64fc686f774171b243fe2",
			"parentId": "I21009458619073185COPcOF",
			"slotId": "mod_muzzle"
		},
		{
			"_id": "I21009457257801180pgRVSi",
			"_tpl": "59e62cc886f77440d40b52a1",
			"parentId": "I21009458619073185COPcOF",
			"slotId": "mod_pistol_grip"
		},
		{
			"_id": "I21009458538347457dOvnBx",
			"_tpl": "59d6507c86f7741b846413a2",
			"parentId": "I21009458619073185COPcOF",
			"slotId": "mod_reciever"
		},
		{
			"_id": "I210094555920558690rHh6Z",
			"_tpl": "59d650cf86f7741b846413a4",
			"parentId": "I21009458619073185COPcOF",
			"slotId": "mod_sight_rear",
			"upd": {
				"Sight": {
					"SelectedSightMode": 0
				}
			}
		},
		{
			"_id": "I21009453906192544MnI1Gg",
			"_tpl": "59d6514b86f774171a068a08",
			"parentId": "I21009458619073185COPcOF",
			"slotId": "mod_stock"
		},
		{
			"_id": "I59618243136485319dNW4hf",
			"_tpl": "5b1fd4e35acfc40018633c39",
			"parentId": "I21009458619073185COPcOF",
			"slotId": "mod_magazine"
		},
		{
			"_id": "I59618245059043209CuZWhM",
			"_tpl": "59e4cf5286f7741778269d8a",
			"parentId": "I59618243136485319dNW4hf",
			"slotId": "cartridges",
			"upd": {
				"StackObjectsCount": 10
			}
		},
		{
			"_id": "I21009457709398691877EKR",
			"_tpl": "59d64f2f86f77417193ef8b3",
			"parentId": "I210094576412274034PHXSS",
			"slotId": "mod_handguard"
		},
		{
			"_id": "I59618241806911343VyAdSo",
			"_tpl": "5857a8bc2459772bad15db29",
			"parentId": "5c6687d65e9d882c8841f0fd",
			"slotId": "SecuredContainer"
		},
		{
			"_id": "I59618247235859189J9V5In",
			"_tpl": "59e0d99486f7744a32234762",
			"parentId": "I59618241806911343VyAdSo",
			"slotId": "main",
			"upd": {
				"StackObjectsCount": 60
			}
		},
		{
			"_id": "I59618241510580635eWVs8N",
			"_tpl": "59e0d99486f7744a32234762",
			"parentId": "I59618241806911343VyAdSo",
			"slotId": "main",
			"upd": {
				"StackObjectsCount": 60
			}
		},
		{
			"_id": "I59618248610373222mWWoF2",
			"_tpl": "59e0d99486f7744a32234762",
			"parentId": "I59618241806911343VyAdSo",
			"slotId": "main",
			"upd": {
				"StackObjectsCount": 60
			}
		},
		{
			"_id": "I59618244634238627d2WJtY",
			"_tpl": "5656d7c34bdc2d9d198b4587",
			"parentId": "I59618241806911343VyAdSo",
			"slotId": "main",
			"upd": {
				"StackObjectsCount": 60
			}
		},
		{
			"_id": "I59618249715071609HdlzFc",
			"_tpl": "59e4d24686f7741776641ac7",
			"parentId": "I59618241806911343VyAdSo",
			"slotId": "main",
			"upd": {
				"StackObjectsCount": 60
			}
		},
		{
			"_id": "I59618244834475078OBID4W",
			"_tpl": "59e4cf5286f7741778269d8a",
			"parentId": "I59618241806911343VyAdSo",
			"slotId": "main",
			"upd": {
				"StackObjectsCount": 60
			}
		},
		{
			"_id": "I59618241314095285dQXp3K",
			"_tpl": "59e4d3d286f774176a36250a",
			"parentId": "I59618241806911343VyAdSo",
			"slotId": "main",
			"upd": {
				"StackObjectsCount": 60
			}
		},
		{
			"_id": "I59618246173923491ojWg52",
			"_tpl": "5656d7c34bdc2d9d198b4587",
			"parentId": "I59618241806911343VyAdSo",
			"slotId": "main",
			"upd": {
				"StackObjectsCount": 60
			}
		},
		{
			"_id": "I59618241542541154Ab83cA",
			"_tpl": "59e4d24686f7741776641ac7",
			"parentId": "I59618241806911343VyAdSo",
			"slotId": "main",
			"upd": {
				"StackObjectsCount": 60
			}
		},
		{
			"_id": "I596182410531625196Xpidj",
			"_tpl": "5b1fd4e35acfc40018633c39",
			"parentId": "I5961824436012897695JOt8",
			"slotId": "3",
			"location": {
				"x": 0,
				"y": 0,
				"r": "Horizontal"
			}
		},
		{
			"_id": "I59618246998656666zTYQuK",
			"_tpl": "59e0d99486f7744a32234762",
			"parentId": "I596182410531625196Xpidj",
			"slotId": "cartridges",
			"upd": {
				"StackObjectsCount": 10
			}
		},
		{
			"_id": "I59618246684678492w0TsoM",
			"_tpl": "544fb37f4bdc2dee738b4567",
			"parentId": "I5961824436012897695JOt8",
			"slotId": "5"
		},
		{
			"_id": "I5961824103865587736irnW",
			"_tpl": "5b1fd4e35acfc40018633c39",
			"parentId": "I5961824436012897695JOt8",
			"slotId": "6",
			"location": {
				"x": 0,
				"y": 0,
				"r": "Horizontal"
			}
		},
		{
			"_id": "I59618246069696299qseSIo",
			"_tpl": "59e4d24686f7741776641ac7",
			"parentId": "I5961824103865587736irnW",
			"slotId": "cartridges",
			"upd": {
				"StackObjectsCount": 10
			}
		},
		{
			"_id": "I59618245238076549iBs5YO",
			"_tpl": "59e0d99486f7744a32234762",
			"parentId": "I5961824436012897695JOt8",
			"slotId": "7",
			"upd": {
				"StackObjectsCount": 6
			}
		},
		{
			"_id": "I596182413854534830NU5JZ",
			"_tpl": "57e26fc7245977162a14b800",
			"parentId": "5c6687d65e9d882c8841f0fd",
			"slotId": "Scabbard"
		},
		{
			"_id": "I59618246284482193T7BubB",
			"_tpl": "5d6d2e22a4b9361bd5780d05",
			"parentId": "5c6687d65e9d882c8841f0fd",
			"slotId": "Eyewear"
		},
		{
			"_id": "I59618246605223549VvC13f",
			"_tpl": "572b7fa524597762b747ce82",
			"parentId": "5c6687d65e9d882c8841f0fd",
			"slotId": "FaceCover"
		},
		{
			"_id": "I59618246612113843hJHZWx",
			"_tpl": "5c0e51be86f774598e797894",
			"parentId": "5c6687d65e9d882c8841f0fd",
			"slotId": "ArmorVest",
			"upd": {
				"Repairable": {
					"MaxDurability": 47,
					"Durability": 4
				}
			}
		},
		{
			"_id": "I59618246382704927Xxt66G",
			"_tpl": "5bc9c29cd4351e003562b8a3",
			"parentId": "5c6687d65e9d882c8841f121",
			"slotId": "pocket1",
			"location": {
				"x": 0,
				"y": 0,
				"r": "Horizontal"
			},
			"upd": {
				"SpawnedInSession": true
			}
		},
		{
			"_id": "I59618244869362117kDcNZD",
			"_tpl": "5df8a6a186f77412640e2e80",
			"parentId": "5c6687d65e9d882c8841f121",
			"slotId": "pocket2",
			"location": {
				"x": 0,
				"y": 0,
				"r": "Horizontal"
			},
			"upd": {
				"SpawnedInSession": true
			}
		},
		{
			"_id": "I59618246460301279NGP5bD",
			"_tpl": "590a3c0a86f774385a33c450",
			"parentId": "5c6687d65e9d882c8841f121",
			"slotId": "pocket3",
			"location": {
				"x": 0,
				"y": 0,
				"r": "Horizontal"
			},
			"upd": {
				"SpawnedInSession": true
			}
		}
	],
	"equipment": "5c6687d65e9d882c8841f0fd",
	"stash": "5c6687d65e9d882c8841f0fc",
	"questRaidItems": "5c6687d65e9d882c8841f0fe",
	"questStashItems": "5c6687d65e9d882c8841f0ff",
	"fastPanel": {}
}