{
	"items": [
		{
			"_id": "5c6687d65e9d882c8841f0fd",
			"_tpl": "55d7217a4bdc2d86028b456d"
		},
		{
			"_id": "5c6687d65e9d882c8841f121",
			"_tpl": "557ffd194bdc2d28148b457f",
			"parentId": "5c6687d65e9d882c8841f0fd",
			"slotId": "Pockets"
		},
		{
			"_id": "5c6687d65e9d882c8841f0fc",
			"_tpl": "566abbc34bdc2d92178b4576"
		},
		{
			"_id": "5c6687d65e9d882c8841f0ff",
			"_tpl": "5963866b86f7747bfa1c4462"
		},
		{
			"_id": "5c6687d65e9d882c8841f0fe",
			"_tpl": "5963866286f7747bf429b572"
		},
		{
			"_id": "I59618245844824048ktqTre",
			"_tpl": "5d5d646386f7742797261fd9",
			"parentId": "5c6687d65e9d882c8841f0fd",
			"slotId": "TacticalVest"
		},
		{
			"_id": "I210013969236893334BIWGt",
			"_tpl": "55801eed4bdc2d89578b4588",
			"parentId": "5c6687d65e9d882c8841f0fd",
			"slotId": "FirstPrimaryWeapon",
			"upd": {
				"Repairable": {
					"MaxDurability": 100,
					"Durability": 100
				}
			}
		},
		{
			"_id": "I59618246908992285jNMzlL",
			"_tpl": "559ba5b34bdc2d1f1a8b4582",
			"parentId": "I210013969236893334BIWGt",
			"slotId": "mod_magazine"
		},
		{
			"_id": "I59618243073294512YI3wln",
			"_tpl": "5e023d34e8a400319a28ed44",
			"parentId": "I59618246908992285jNMzlL",
			"slotId": "cartridges",
			"upd": {
				"StackObjectsCount": 10
			}
		},
		{
			"_id": "I21001392860003322e8k73X",
			"_tpl": "56083e1b4bdc2dc8488b4572",
			"parentId": "I210013969236893334BIWGt",
			"slotId": "mod_sight_rear",
			"upd": {
				"Sight": {
					"SelectedSightMode": 0
				}
			}
		},
		{
			"_id": "I210013935725933644d029r",
			"_tpl": "56083eab4bdc2d26448b456a",
			"parentId": "I210013969236893334BIWGt",
			"slotId": "mod_tactical"
		},
		{
			"_id": "I21001391967810040ngWZH6",
			"_tpl": "560e620e4bdc2d724b8b456b",
			"parentId": "I210013969236893334BIWGt",
			"slotId": "mod_muzzle"
		},
		{
			"_id": "I21001395431951899EQewzv",
			"_tpl": "56ea8222d2720b69698b4567",
			"parentId": "I210013969236893334BIWGt",
			"slotId": "mod_bipod"
		},
		{
			"_id": "I596182447323591629zf3QO",
			"_tpl": "5857a8bc2459772bad15db29",
			"parentId": "5c6687d65e9d882c8841f0fd",
			"slotId": "SecuredContainer"
		},
		{
			"_id": "I59618246137899447WP8cb0",
			"_tpl": "5887431f2459777e1612938f",
			"parentId": "I596182447323591629zf3QO",
			"slotId": "main",
			"upd": {
				"StackObjectsCount": 60
			}
		},
		{
			"_id": "I59618248977145432pjxk9F",
			"_tpl": "5e023d48186a883be655e551",
			"parentId": "I596182447323591629zf3QO",
			"slotId": "main",
			"upd": {
				"StackObjectsCount": 60
			}
		},
		{
			"_id": "I59618242864777801c223qI",
			"_tpl": "5887431f2459777e1612938f",
			"parentId": "I596182447323591629zf3QO",
			"slotId": "main",
			"upd": {
				"StackObjectsCount": 60
			}
		},
		{
			"_id": "I59618241437803834icaVAW",
			"_tpl": "560d61e84bdc2da74d8b4571",
			"parentId": "I596182447323591629zf3QO",
			"slotId": "main",
			"upd": {
				"StackObjectsCount": 60
			}
		},
		{
			"_id": "I59618246855328730F7iVLD",
			"_tpl": "5e023d34e8a400319a28ed44",
			"parentId": "I596182447323591629zf3QO",
			"slotId": "main",
			"upd": {
				"StackObjectsCount": 60
			}
		},
		{
			"_id": "I59618242701394261sTHNjH",
			"_tpl": "5e023cf8186a883be655e54f",
			"parentId": "I596182447323591629zf3QO",
			"slotId": "main",
			"upd": {
				"StackObjectsCount": 60
			}
		},
		{
			"_id": "I59618245943465958Oc2hKl",
			"_tpl": "59e77a2386f7742ee578960a",
			"parentId": "I596182447323591629zf3QO",
			"slotId": "main",
			"upd": {
				"StackObjectsCount": 60
			}
		},
		{
			"_id": "I59618247280420556VL7MyK",
			"_tpl": "5e023d34e8a400319a28ed44",
			"parentId": "I596182447323591629zf3QO",
			"slotId": "main",
			"upd": {
				"StackObjectsCount": 60
			}
		},
		{
			"_id": "I59618245882873131IM7mLy",
			"_tpl": "5e023d48186a883be655e551",
			"parentId": "I596182447323591629zf3QO",
			"slotId": "main",
			"upd": {
				"StackObjectsCount": 60
			}
		},
		{
			"_id": "I5961824486262543109QPTK",
			"_tpl": "559ba5b34bdc2d1f1a8b4582",
			"parentId": "I59618245844824048ktqTre",
			"slotId": "3",
			"location": {
				"x": 0,
				"y": 0,
				"r": "Horizontal"
			}
		},
		{
			"_id": "I5961824844488062234DamH",
			"_tpl": "5887431f2459777e1612938f",
			"parentId": "I5961824486262543109QPTK",
			"slotId": "cartridges",
			"upd": {
				"StackObjectsCount": 10
			}
		},
		{
			"_id": "I59618244064356796rMPW6j",
			"_tpl": "559ba5b34bdc2d1f1a8b4582",
			"parentId": "I59618245844824048ktqTre",
			"slotId": "3",
			"location": {
				"x": 0,
				"y": 1,
				"r": "Horizontal"
			}
		},
		{
			"_id": "I59618249904341279p9wJru",
			"_tpl": "5887431f2459777e1612938f",
			"parentId": "I59618244064356796rMPW6j",
			"slotId": "cartridges",
			"upd": {
				"StackObjectsCount": 10
			}
		},
		{
			"_id": "I59618247213572667MMslPw",
			"_tpl": "559ba5b34bdc2d1f1a8b4582",
			"parentId": "I59618245844824048ktqTre",
			"slotId": "5",
			"location": {
				"x": 0,
				"y": 1,
				"r": "Horizontal"
			}
		},
		{
			"_id": "I59618243845797841hk5cQ0",
			"_tpl": "5e023d34e8a400319a28ed44",
			"parentId": "I59618247213572667MMslPw",
			"slotId": "cartridges",
			"upd": {
				"StackObjectsCount": 10
			}
		},
		{
			"_id": "I59618249400627224rrfEA9",
			"_tpl": "5e023d34e8a400319a28ed44",
			"parentId": "I59618245844824048ktqTre",
			"slotId": "8",
			"upd": {
				"StackObjectsCount": 23
			}
		},
		{
			"_id": "I596182445316245668J98Id",
			"_tpl": "57e26fc7245977162a14b800",
			"parentId": "5c6687d65e9d882c8841f0fd",
			"slotId": "Scabbard"
		},
		{
			"_id": "I596182417094145722mq05s",
			"_tpl": "5ab8ee7786f7742d8f33f0b9",
			"parentId": "5c6687d65e9d882c8841f0fd",
			"slotId": "Backpack"
		},
		{
			"_id": "I5961824756785596514EoQW",
			"_tpl": "573477e124597737dd42e191",
			"parentId": "5c6687d65e9d882c8841f121",
			"slotId": "pocket1",
			"location": {
				"x": 0,
				"y": 0,
				"r": "Horizontal"
			},
			"upd": {
				"SpawnedInSession": true
			}
		},
		{
			"_id": "I59618246760292133Zbzrjw",
			"_tpl": "5d1b31ce86f7742523398394",
			"parentId": "5c6687d65e9d882c8841f121",
			"slotId": "pocket2",
			"location": {
				"x": 0,
				"y": 0,
				"r": "Horizontal"
			},
			"upd": {
				"SpawnedInSession": true
			}
		}
	],
	"equipment": "5c6687d65e9d882c8841f0fd",
	"stash": "5c6687d65e9d882c8841f0fc",
	"questRaidItems": "5c6687d65e9d882c8841f0fe",
	"questStashItems": "5c6687d65e9d882c8841f0ff",
	"fastPanel": {}
}