{
	"items": [
		{
			"_id": "5c6687d65e9d882c8841f0fd",
			"_tpl": "55d7217a4bdc2d86028b456d"
		},
		{
			"_id": "5c6687d65e9d882c8841f121",
			"_tpl": "557ffd194bdc2d28148b457f",
			"parentId": "5c6687d65e9d882c8841f0fd",
			"slotId": "Pockets"
		},
		{
			"_id": "5c6687d65e9d882c8841f0fc",
			"_tpl": "566abbc34bdc2d92178b4576"
		},
		{
			"_id": "5c6687d65e9d882c8841f0ff",
			"_tpl": "5963866b86f7747bfa1c4462"
		},
		{
			"_id": "5c6687d65e9d882c8841f0fe",
			"_tpl": "5963866286f7747bf429b572"
		},
		{
			"_id": "I59618245934191073tQTVC0",
			"_tpl": "5e4abfed86f77406a2713cf7",
			"parentId": "5c6687d65e9d882c8841f0fd",
			"slotId": "TacticalVest"
		},
		{
			"_id": "I33101887645250965KCwVnl",
			"_tpl": "5ab8e9fcd8ce870019439434",
			"parentId": "5c6687d65e9d882c8841f0fd",
			"slotId": "FirstPrimaryWeapon",
			"upd": {
				"Repairable": {
					"MaxDurability": 100,
					"Durability": 100
				}
			}
		},
		{
			"_id": "I33101888405174515fzrui3",
			"_tpl": "59c6633186f7740cf0493bb9",
			"parentId": "I33101887645250965KCwVnl",
			"slotId": "mod_gas_block"
		},
		{
			"_id": "I33101884222576657h9CNxs",
			"_tpl": "5649aa744bdc2ded0b8b457e",
			"parentId": "I33101887645250965KCwVnl",
			"slotId": "mod_muzzle"
		},
		{
			"_id": "I33101889162831726uW6ZB3",
			"_tpl": "57e3dba62459770f0c32322b",
			"parentId": "I33101887645250965KCwVnl",
			"slotId": "mod_pistol_grip"
		},
		{
			"_id": "I33101881766608554X2FeqM",
			"_tpl": "5649af094bdc2df8348b4586",
			"parentId": "I33101887645250965KCwVnl",
			"slotId": "mod_reciever"
		},
		{
			"_id": "I33101884028660079Ty0o4S",
			"_tpl": "5649b0544bdc2d1b2b8b458a",
			"parentId": "I33101887645250965KCwVnl",
			"slotId": "mod_sight_rear",
			"upd": {
				"Sight": {
					"SelectedSightMode": 0
				}
			}
		},
		{
			"_id": "I59618248519099677nv2s9K",
			"_tpl": "55d4837c4bdc2d1d4e8b456c",
			"parentId": "I33101887645250965KCwVnl",
			"slotId": "mod_magazine"
		},
		{
			"_id": "I59618249849538992UMydHp",
			"_tpl": "56dff061d2720bb5668b4567",
			"parentId": "I59618248519099677nv2s9K",
			"slotId": "cartridges",
			"upd": {
				"StackObjectsCount": 10
			}
		},
		{
			"_id": "I331018832031491834ZuBl7",
			"_tpl": "5648b0744bdc2d363b8b4578",
			"parentId": "I33101888405174515fzrui3",
			"slotId": "mod_handguard"
		},
		{
			"_id": "I59618241645225753kVxiUT",
			"_tpl": "5857a8bc2459772bad15db29",
			"parentId": "5c6687d65e9d882c8841f0fd",
			"slotId": "SecuredContainer"
		},
		{
			"_id": "I596182488093198557gSQRk",
			"_tpl": "56dff026d2720bb8668b4567",
			"parentId": "I59618241645225753kVxiUT",
			"slotId": "main",
			"upd": {
				"StackObjectsCount": 60
			}
		},
		{
			"_id": "I5961824535540751411GXua",
			"_tpl": "56dff4ecd2720b5f5a8b4568",
			"parentId": "I59618241645225753kVxiUT",
			"slotId": "main",
			"upd": {
				"StackObjectsCount": 60
			}
		},
		{
			"_id": "I59618247151098642W2F75q",
			"_tpl": "56dff3afd2720bba668b4567",
			"parentId": "I59618241645225753kVxiUT",
			"slotId": "main",
			"upd": {
				"StackObjectsCount": 60
			}
		},
		{
			"_id": "I59618246905466438rglmzM",
			"_tpl": "56dff4a2d2720bbd668b456a",
			"parentId": "I59618241645225753kVxiUT",
			"slotId": "main",
			"upd": {
				"StackObjectsCount": 60
			}
		},
		{
			"_id": "I59618244784087678YeOoQt",
			"_tpl": "5c0d5e4486f77478390952fe",
			"parentId": "I59618241645225753kVxiUT",
			"slotId": "main",
			"upd": {
				"StackObjectsCount": 60
			}
		},
		{
			"_id": "I59618242090263345Fo8zGQ",
			"_tpl": "56dff3afd2720bba668b4567",
			"parentId": "I59618241645225753kVxiUT",
			"slotId": "main",
			"upd": {
				"StackObjectsCount": 60
			}
		},
		{
			"_id": "I59618249707207900JZt9MC",
			"_tpl": "56dff061d2720bb5668b4567",
			"parentId": "I59618241645225753kVxiUT",
			"slotId": "main",
			"upd": {
				"StackObjectsCount": 60
			}
		},
		{
			"_id": "I59618245050724855GJeZb4",
			"_tpl": "56dff061d2720bb5668b4567",
			"parentId": "I59618241645225753kVxiUT",
			"slotId": "main",
			"upd": {
				"StackObjectsCount": 60
			}
		},
		{
			"_id": "I59618243334650412CHmTJI",
			"_tpl": "56dff061d2720bb5668b4567",
			"parentId": "I59618241645225753kVxiUT",
			"slotId": "main",
			"upd": {
				"StackObjectsCount": 60
			}
		},
		{
			"_id": "I59618244199682637gTaEcQ",
			"_tpl": "55d4837c4bdc2d1d4e8b456c",
			"parentId": "I59618245934191073tQTVC0",
			"slotId": "1",
			"location": {
				"x": 0,
				"y": 0,
				"r": "Horizontal"
			}
		},
		{
			"_id": "I59618241515503647ULpvyF",
			"_tpl": "56dff3afd2720bba668b4567",
			"parentId": "I59618244199682637gTaEcQ",
			"slotId": "cartridges",
			"upd": {
				"StackObjectsCount": 10
			}
		},
		{
			"_id": "I59618241487778916kJ30Wv",
			"_tpl": "55d4837c4bdc2d1d4e8b456c",
			"parentId": "I59618245934191073tQTVC0",
			"slotId": "1",
			"location": {
				"x": 0,
				"y": 1,
				"r": "Horizontal"
			}
		},
		{
			"_id": "I596182491806017334hWJNT",
			"_tpl": "5c0d5e4486f77478390952fe",
			"parentId": "I59618241487778916kJ30Wv",
			"slotId": "cartridges",
			"upd": {
				"StackObjectsCount": 10
			}
		},
		{
			"_id": "I59618247503397573GTIDnW",
			"_tpl": "55d4837c4bdc2d1d4e8b456c",
			"parentId": "I59618245934191073tQTVC0",
			"slotId": "3",
			"location": {
				"x": 0,
				"y": 0,
				"r": "Horizontal"
			}
		},
		{
			"_id": "I59618247180680024d9Z66F",
			"_tpl": "56dff0bed2720bb0668b4567",
			"parentId": "I59618247503397573GTIDnW",
			"slotId": "cartridges",
			"upd": {
				"StackObjectsCount": 10
			}
		},
		{
			"_id": "I596182472669562067KBCq7",
			"_tpl": "55d4837c4bdc2d1d4e8b456c",
			"parentId": "I59618245934191073tQTVC0",
			"slotId": "3",
			"location": {
				"x": 0,
				"y": 1,
				"r": "Horizontal"
			}
		},
		{
			"_id": "I59618249889354286dmhvwd",
			"_tpl": "56dff4ecd2720b5f5a8b4568",
			"parentId": "I596182472669562067KBCq7",
			"slotId": "cartridges",
			"upd": {
				"StackObjectsCount": 10
			}
		},
		{
			"_id": "I59618245742563414ilkcke",
			"_tpl": "56dff3afd2720bba668b4567",
			"parentId": "I59618245934191073tQTVC0",
			"slotId": "7",
			"upd": {
				"StackObjectsCount": 58
			}
		},
		{
			"_id": "I59618245709623603GXWXmD",
			"_tpl": "58d3db5386f77426186285a0",
			"parentId": "I59618245934191073tQTVC0",
			"slotId": "10"
		},
		{
			"_id": "I59618241158419325TLkIvr",
			"_tpl": "57e26fc7245977162a14b800",
			"parentId": "5c6687d65e9d882c8841f0fd",
			"slotId": "Scabbard"
		},
		{
			"_id": "I59618243289447621uEWnV3",
			"_tpl": "5ab8f20c86f7745cdb629fb2",
			"parentId": "5c6687d65e9d882c8841f0fd",
			"slotId": "Headwear"
		},
		{
			"_id": "I59618244540216451pEj7qE",
			"_tpl": "5aa2b986e5b5b00014028f4c",
			"parentId": "5c6687d65e9d882c8841f0fd",
			"slotId": "Eyewear"
		},
		{
			"_id": "I59618248793039678h4gWDf",
			"_tpl": "5c0e5edb86f77461f55ed1f7",
			"parentId": "5c6687d65e9d882c8841f0fd",
			"slotId": "ArmorVest",
			"upd": {
				"Repairable": {
					"MaxDurability": 50,
					"Durability": 45
				}
			}
		},
		{
			"_id": "I59618247389001281WC9CHB",
			"_tpl": "573474f924597738002c6174",
			"parentId": "5c6687d65e9d882c8841f121",
			"slotId": "pocket1",
			"location": {
				"x": 0,
				"y": 0,
				"r": "Horizontal"
			},
			"upd": {
				"SpawnedInSession": true
			}
		},
		{
			"_id": "I59618248173940846MAqTI8",
			"_tpl": "5672c92d4bdc2d180f8b4567",
			"parentId": "5c6687d65e9d882c8841f121",
			"slotId": "pocket2",
			"location": {
				"x": 0,
				"y": 0,
				"r": "Horizontal"
			},
			"upd": {
				"SpawnedInSession": true
			}
		},
		{
			"_id": "I596182414315557080UCnNH",
			"_tpl": "5c1e495a86f7743109743dfb",
			"parentId": "5c6687d65e9d882c8841f121",
			"slotId": "pocket3",
			"location": {
				"x": 0,
				"y": 0,
				"r": "Horizontal"
			},
			"upd": {
				"SpawnedInSession": true
			}
		}
	],
	"equipment": "5c6687d65e9d882c8841f0fd",
	"stash": "5c6687d65e9d882c8841f0fc",
	"questRaidItems": "5c6687d65e9d882c8841f0fe",
	"questStashItems": "5c6687d65e9d882c8841f0ff",
	"fastPanel": {}
}