{
	"items": [
		{
			"_id": "5c6687d65e9d882c8841f0fd",
			"_tpl": "55d7217a4bdc2d86028b456d"
		},
		{
			"_id": "5c6687d65e9d882c8841f121",
			"_tpl": "557ffd194bdc2d28148b457f",
			"parentId": "5c6687d65e9d882c8841f0fd",
			"slotId": "Pockets"
		},
		{
			"_id": "5c6687d65e9d882c8841f0fc",
			"_tpl": "566abbc34bdc2d92178b4576"
		},
		{
			"_id": "5c6687d65e9d882c8841f0ff",
			"_tpl": "5963866b86f7747bfa1c4462"
		},
		{
			"_id": "5c6687d65e9d882c8841f0fe",
			"_tpl": "5963866286f7747bf429b572"
		},
		{
			"_id": "I59618246449204876Zv5Ow2",
			"_tpl": "5648a69d4bdc2ded0b8b457b",
			"parentId": "5c6687d65e9d882c8841f0fd",
			"slotId": "TacticalVest"
		},
		{
			"_id": "I21008468711264187Xszlcc",
			"_tpl": "59ff346386f77477562ff5e2",
			"parentId": "5c6687d65e9d882c8841f0fd",
			"slotId": "FirstPrimaryWeapon",
			"upd": {
				"Repairable": {
					"MaxDurability": 100,
					"Durability": 100
				}
			}
		},
		{
			"_id": "I21008464390411316KBLmDV",
			"_tpl": "59d64ec286f774171d1e0a42",
			"parentId": "I21008468711264187Xszlcc",
			"slotId": "mod_gas_block"
		},
		{
			"_id": "I21008461400862966Q6nOXb",
			"_tpl": "59d64fc686f774171b243fe2",
			"parentId": "I21008468711264187Xszlcc",
			"slotId": "mod_muzzle"
		},
		{
			"_id": "I21008469433656671RLtMTF",
			"_tpl": "5a0071d486f77404e23a12b2",
			"parentId": "I21008468711264187Xszlcc",
			"slotId": "mod_pistol_grip_akms"
		},
		{
			"_id": "I21008466511616434FMgVb5",
			"_tpl": "59d6507c86f7741b846413a2",
			"parentId": "I21008468711264187Xszlcc",
			"slotId": "mod_reciever"
		},
		{
			"_id": "I21008461308245459wvIgpy",
			"_tpl": "59d650cf86f7741b846413a4",
			"parentId": "I21008468711264187Xszlcc",
			"slotId": "mod_sight_rear",
			"upd": {
				"Sight": {
					"SelectedSightMode": 0
				}
			}
		},
		{
			"_id": "I21008461878208219ZloFqc",
			"_tpl": "59ff3b6a86f77477562ff5ed",
			"parentId": "I21008468711264187Xszlcc",
			"slotId": "mod_stock_akms"
		},
		{
			"_id": "I59618243680405870zM15ti",
			"_tpl": "5a0060fc86f7745793204432",
			"parentId": "I21008468711264187Xszlcc",
			"slotId": "mod_magazine"
		},
		{
			"_id": "I59618242653962849uyRRZx",
			"_tpl": "59e4cf5286f7741778269d8a",
			"parentId": "I59618243680405870zM15ti",
			"slotId": "cartridges",
			"upd": {
				"StackObjectsCount": 30
			}
		},
		{
			"_id": "I21008468053966479eEQg2S",
			"_tpl": "59d64f2f86f77417193ef8b3",
			"parentId": "I21008464390411316KBLmDV",
			"slotId": "mod_handguard"
		},
		{
			"_id": "I59618243031112705UvAmgQ",
			"_tpl": "5857a8bc2459772bad15db29",
			"parentId": "5c6687d65e9d882c8841f0fd",
			"slotId": "SecuredContainer"
		},
		{
			"_id": "I59618249751688203mpcafK",
			"_tpl": "59e0d99486f7744a32234762",
			"parentId": "I59618243031112705UvAmgQ",
			"slotId": "main",
			"upd": {
				"StackObjectsCount": 60
			}
		},
		{
			"_id": "I596182463266272899g54CT",
			"_tpl": "59e4cf5286f7741778269d8a",
			"parentId": "I59618243031112705UvAmgQ",
			"slotId": "main",
			"upd": {
				"StackObjectsCount": 60
			}
		},
		{
			"_id": "I59618242597246824BQheAk",
			"_tpl": "5656d7c34bdc2d9d198b4587",
			"parentId": "I59618243031112705UvAmgQ",
			"slotId": "main",
			"upd": {
				"StackObjectsCount": 60
			}
		},
		{
			"_id": "I596182465615387056jP97Q",
			"_tpl": "59e4d24686f7741776641ac7",
			"parentId": "I59618243031112705UvAmgQ",
			"slotId": "main",
			"upd": {
				"StackObjectsCount": 60
			}
		},
		{
			"_id": "I59618244133679831ZPLNBe",
			"_tpl": "59e4d3d286f774176a36250a",
			"parentId": "I59618243031112705UvAmgQ",
			"slotId": "main",
			"upd": {
				"StackObjectsCount": 60
			}
		},
		{
			"_id": "I59618247252955817YYGLyY",
			"_tpl": "59e4d24686f7741776641ac7",
			"parentId": "I59618243031112705UvAmgQ",
			"slotId": "main",
			"upd": {
				"StackObjectsCount": 60
			}
		},
		{
			"_id": "I59618248458082750xfEGAm",
			"_tpl": "59e4d3d286f774176a36250a",
			"parentId": "I59618243031112705UvAmgQ",
			"slotId": "main",
			"upd": {
				"StackObjectsCount": 60
			}
		},
		{
			"_id": "I59618241617798530DGVNO8",
			"_tpl": "5656d7c34bdc2d9d198b4587",
			"parentId": "I59618243031112705UvAmgQ",
			"slotId": "main",
			"upd": {
				"StackObjectsCount": 60
			}
		},
		{
			"_id": "I596182426066543055H0XW1",
			"_tpl": "5656d7c34bdc2d9d198b4587",
			"parentId": "I59618243031112705UvAmgQ",
			"slotId": "main",
			"upd": {
				"StackObjectsCount": 60
			}
		},
		{
			"_id": "I59618245634349178Oq0uRZ",
			"_tpl": "544fb37f4bdc2dee738b4567",
			"parentId": "I59618246449204876Zv5Ow2",
			"slotId": "1"
		},
		{
			"_id": "I59618241657687796WnjY6L",
			"_tpl": "5cfe8010d7ad1a59283b14c6",
			"parentId": "I59618246449204876Zv5Ow2",
			"slotId": "2",
			"location": {
				"x": 0,
				"y": 0,
				"r": "Horizontal"
			}
		},
		{
			"_id": "I59618242824790398g4h9NC",
			"_tpl": "59e4cf5286f7741778269d8a",
			"parentId": "I59618241657687796WnjY6L",
			"slotId": "cartridges",
			"upd": {
				"StackObjectsCount": 50
			}
		},
		{
			"_id": "I596182440178116814dyXWn",
			"_tpl": "5cfe8010d7ad1a59283b14c6",
			"parentId": "I59618246449204876Zv5Ow2",
			"slotId": "4",
			"location": {
				"x": 0,
				"y": 0,
				"r": "Horizontal"
			}
		},
		{
			"_id": "I59618243587371149f87Da0",
			"_tpl": "59e4d24686f7741776641ac7",
			"parentId": "I596182440178116814dyXWn",
			"slotId": "cartridges",
			"upd": {
				"StackObjectsCount": 50
			}
		},
		{
			"_id": "I59618246004081570F2Qyq6",
			"_tpl": "5cfe8010d7ad1a59283b14c6",
			"parentId": "I59618246449204876Zv5Ow2",
			"slotId": "11",
			"location": {
				"x": 0,
				"y": 0,
				"r": "Horizontal"
			}
		},
		{
			"_id": "I59618243085998456w9Oe5H",
			"_tpl": "59e4d3d286f774176a36250a",
			"parentId": "I59618246004081570F2Qyq6",
			"slotId": "cartridges",
			"upd": {
				"StackObjectsCount": 50
			}
		},
		{
			"_id": "I59618246409823226cVqVE7",
			"_tpl": "5cfe8010d7ad1a59283b14c6",
			"parentId": "I59618246449204876Zv5Ow2",
			"slotId": "5",
			"location": {
				"x": 0,
				"y": 0,
				"r": "Horizontal"
			}
		},
		{
			"_id": "I59618245453151038WZcwZL",
			"_tpl": "59e4cf5286f7741778269d8a",
			"parentId": "I59618246409823226cVqVE7",
			"slotId": "cartridges",
			"upd": {
				"StackObjectsCount": 50
			}
		},
		{
			"_id": "I596182424714347656xyfb1",
			"_tpl": "5cfe8010d7ad1a59283b14c6",
			"parentId": "I59618246449204876Zv5Ow2",
			"slotId": "5",
			"location": {
				"x": 1,
				"y": 0,
				"r": "Horizontal"
			}
		},
		{
			"_id": "I59618249275414401pKmt4Z",
			"_tpl": "59e0d99486f7744a32234762",
			"parentId": "I596182424714347656xyfb1",
			"slotId": "cartridges",
			"upd": {
				"StackObjectsCount": 50
			}
		},
		{
			"_id": "I596182433593729783SKbqy",
			"_tpl": "58d3db5386f77426186285a0",
			"parentId": "I59618246449204876Zv5Ow2",
			"slotId": "7"
		},
		{
			"_id": "I59618242259085113C4ucK1",
			"_tpl": "5448be9a4bdc2dfd2f8b456a",
			"parentId": "I59618246449204876Zv5Ow2",
			"slotId": "9"
		},
		{
			"_id": "I59618244946653749jsncZA",
			"_tpl": "57e26fc7245977162a14b800",
			"parentId": "5c6687d65e9d882c8841f0fd",
			"slotId": "Scabbard"
		},
		{
			"_id": "I59618247176793156w0ChSb",
			"_tpl": "5b43271c5acfc432ff4dce65",
			"parentId": "5c6687d65e9d882c8841f0fd",
			"slotId": "Headwear"
		},
		{
			"_id": "I59618248571905624ADgOEf",
			"_tpl": "5c0d32fcd174af02a1659c75",
			"parentId": "5c6687d65e9d882c8841f0fd",
			"slotId": "Eyewear"
		}
	],
	"equipment": "5c6687d65e9d882c8841f0fd",
	"stash": "5c6687d65e9d882c8841f0fc",
	"questRaidItems": "5c6687d65e9d882c8841f0fe",
	"questStashItems": "5c6687d65e9d882c8841f0ff",
	"fastPanel": {}
}