{
	"items": [
		{
			"_id": "5c6687d65e9d882c8841f0fd",
			"_tpl": "55d7217a4bdc2d86028b456d"
		},
		{
			"_id": "5c6687d65e9d882c8841f121",
			"_tpl": "557ffd194bdc2d28148b457f",
			"parentId": "5c6687d65e9d882c8841f0fd",
			"slotId": "Pockets"
		},
		{
			"_id": "5c6687d65e9d882c8841f0fc",
			"_tpl": "566abbc34bdc2d92178b4576"
		},
		{
			"_id": "5c6687d65e9d882c8841f0ff",
			"_tpl": "5963866b86f7747bfa1c4462"
		},
		{
			"_id": "5c6687d65e9d882c8841f0fe",
			"_tpl": "5963866286f7747bf429b572"
		},
		{
			"_id": "I59618231050332584AtGBah",
			"_tpl": "5d5d8ca986f7742798716522",
			"parentId": "5c6687d65e9d882c8841f0fd",
			"slotId": "TacticalVest"
		},
		{
			"_id": "I2100831885996599QQYhjJu",
			"_tpl": "59d6088586f774275f37482f",
			"parentId": "5c6687d65e9d882c8841f0fd",
			"slotId": "FirstPrimaryWeapon",
			"upd": {
				"Repairable": {
					"MaxDurability": 100,
					"Durability": 100
				}
			}
		},
		{
			"_id": "I2100839244070902GXKgrQB",
			"_tpl": "59d64ec286f774171d1e0a42",
			"parentId": "I2100831885996599QQYhjJu",
			"slotId": "mod_gas_block"
		},
		{
			"_id": "I2100833337038757GMryd1i",
			"_tpl": "59d64fc686f774171b243fe2",
			"parentId": "I2100831885996599QQYhjJu",
			"slotId": "mod_muzzle"
		},
		{
			"_id": "I2100839525132751ViQ5vw9",
			"_tpl": "59e62cc886f77440d40b52a1",
			"parentId": "I2100831885996599QQYhjJu",
			"slotId": "mod_pistol_grip"
		},
		{
			"_id": "I21008346648999282Ri1F3U",
			"_tpl": "59d6507c86f7741b846413a2",
			"parentId": "I2100831885996599QQYhjJu",
			"slotId": "mod_reciever"
		},
		{
			"_id": "I21008355203657065mkiXII",
			"_tpl": "59d650cf86f7741b846413a4",
			"parentId": "I2100831885996599QQYhjJu",
			"slotId": "mod_sight_rear",
			"upd": {
				"Sight": {
					"SelectedSightMode": 0
				}
			}
		},
		{
			"_id": "I2100834618895836883brrJ",
			"_tpl": "59d6514b86f774171a068a08",
			"parentId": "I2100831885996599QQYhjJu",
			"slotId": "mod_stock"
		},
		{
			"_id": "I59618231351649752szHDac",
			"_tpl": "59d625f086f774661516605d",
			"parentId": "I2100831885996599QQYhjJu",
			"slotId": "mod_magazine"
		},
		{
			"_id": "I59618234601779161PEe1WK",
			"_tpl": "59e0d99486f7744a32234762",
			"parentId": "I59618231351649752szHDac",
			"slotId": "cartridges",
			"upd": {
				"StackObjectsCount": 30
			}
		},
		{
			"_id": "I21008313563024407sFthFB",
			"_tpl": "59d64f2f86f77417193ef8b3",
			"parentId": "I2100839244070902GXKgrQB",
			"slotId": "mod_handguard"
		},
		{
			"_id": "I59618235243559832M4iWDw",
			"_tpl": "5857a8bc2459772bad15db29",
			"parentId": "5c6687d65e9d882c8841f0fd",
			"slotId": "SecuredContainer"
		},
		{
			"_id": "I59618237431872740F5vZ3f",
			"_tpl": "5656d7c34bdc2d9d198b4587",
			"parentId": "I59618235243559832M4iWDw",
			"slotId": "main",
			"upd": {
				"StackObjectsCount": 60
			}
		},
		{
			"_id": "I59618234580409347GHH4rS",
			"_tpl": "5656d7c34bdc2d9d198b4587",
			"parentId": "I59618235243559832M4iWDw",
			"slotId": "main",
			"upd": {
				"StackObjectsCount": 60
			}
		},
		{
			"_id": "I59618233280722862Fy9CIf",
			"_tpl": "59e4cf5286f7741778269d8a",
			"parentId": "I59618235243559832M4iWDw",
			"slotId": "main",
			"upd": {
				"StackObjectsCount": 60
			}
		},
		{
			"_id": "I59618237406410760eFlR4E",
			"_tpl": "59e4cf5286f7741778269d8a",
			"parentId": "I59618235243559832M4iWDw",
			"slotId": "main",
			"upd": {
				"StackObjectsCount": 60
			}
		},
		{
			"_id": "I59618233133637776YYmV3S",
			"_tpl": "59e4cf5286f7741778269d8a",
			"parentId": "I59618235243559832M4iWDw",
			"slotId": "main",
			"upd": {
				"StackObjectsCount": 60
			}
		},
		{
			"_id": "I59618239394111308GWJ7Rm",
			"_tpl": "5656d7c34bdc2d9d198b4587",
			"parentId": "I59618235243559832M4iWDw",
			"slotId": "main",
			"upd": {
				"StackObjectsCount": 60
			}
		},
		{
			"_id": "I59618236225874442XUHXyv",
			"_tpl": "59e0d99486f7744a32234762",
			"parentId": "I59618235243559832M4iWDw",
			"slotId": "main",
			"upd": {
				"StackObjectsCount": 60
			}
		},
		{
			"_id": "I59618233899535850kg8HGI",
			"_tpl": "59e4d24686f7741776641ac7",
			"parentId": "I59618235243559832M4iWDw",
			"slotId": "main",
			"upd": {
				"StackObjectsCount": 60
			}
		},
		{
			"_id": "I59618238955418552UIsPy6",
			"_tpl": "59e4d3d286f774176a36250a",
			"parentId": "I59618235243559832M4iWDw",
			"slotId": "main",
			"upd": {
				"StackObjectsCount": 60
			}
		},
		{
			"_id": "I210016225791087175zosqL",
			"_tpl": "56d59856d2720bd8418b456a",
			"parentId": "5c6687d65e9d882c8841f0fd",
			"slotId": "Holster",
			"upd": {
				"Repairable": {
					"MaxDurability": 100,
					"Durability": 100
				}
			}
		},
		{
			"_id": "I210016223363741488SOBDt",
			"_tpl": "56d5a1f7d2720bb3418b456a",
			"parentId": "I210016225791087175zosqL",
			"slotId": "mod_barrel"
		},
		{
			"_id": "I210016224874263019rNFFn",
			"_tpl": "56d5a2bbd2720bb8418b456a",
			"parentId": "I210016225791087175zosqL",
			"slotId": "mod_pistol_grip"
		},
		{
			"_id": "I210016222706866142L5kep",
			"_tpl": "56d5a407d2720bb3418b456b",
			"parentId": "I210016225791087175zosqL",
			"slotId": "mod_reciever"
		},
		{
			"_id": "I59618232530564875BlyAnm",
			"_tpl": "5c0d56a986f774449d5de529",
			"parentId": "I210016224549891509hxVB2",
			"slotId": "cartridges",
			"upd": {
				"StackObjectsCount": 15
			}
		},
		{
			"_id": "I210016224549891509hxVB2",
			"_tpl": "56d59948d2720bb7418b4582",
			"parentId": "I210016225791087175zosqL",
			"slotId": "mod_magazine"
		},
		{
			"_id": "I210016224015555621KTOuX",
			"_tpl": "56d5a77ed2720b90418b4568",
			"parentId": "I210016222706866142L5kep",
			"slotId": "mod_sight_rear",
			"upd": {
				"Sight": {
					"SelectedSightMode": 0
				}
			}
		},
		{
			"_id": "I210016226956354775U8Nj5",
			"_tpl": "56d5a661d2720bd8418b456b",
			"parentId": "I210016222706866142L5kep",
			"slotId": "mod_sight_front",
			"upd": {
				"Sight": {
					"SelectedSightMode": 0
				}
			}
		},
		{
			"_id": "I59618234022052014aShD0C",
			"_tpl": "59fafc5086f7740dbe19f6c3",
			"parentId": "I59618231050332584AtGBah",
			"slotId": "2",
			"location": {
				"x": 0,
				"y": 0,
				"r": "Horizontal"
			}
		},
		{
			"_id": "I59618237126802090wXE75x",
			"_tpl": "59e0d99486f7744a32234762",
			"parentId": "I59618234022052014aShD0C",
			"slotId": "cartridges",
			"upd": {
				"StackObjectsCount": 30
			}
		},
		{
			"_id": "I59618239920394493NC7K8M",
			"_tpl": "59fafc5086f7740dbe19f6c3",
			"parentId": "I59618231050332584AtGBah",
			"slotId": "1",
			"location": {
				"x": 0,
				"y": 0,
				"r": "Horizontal"
			}
		},
		{
			"_id": "I59618232348962195S1l6L2",
			"_tpl": "59e4d3d286f774176a36250a",
			"parentId": "I59618239920394493NC7K8M",
			"slotId": "cartridges",
			"upd": {
				"StackObjectsCount": 30
			}
		},
		{
			"_id": "I59618234327155846GFvbOL",
			"_tpl": "56d59948d2720bb7418b4582",
			"parentId": "I59618231050332584AtGBah",
			"slotId": "3",
			"location": {
				"x": 0,
				"y": 0,
				"r": "Horizontal"
			}
		},
		{
			"_id": "I59618232690180112QxPgdx",
			"_tpl": "5a3c16fe86f77452b62de32a",
			"parentId": "I59618234327155846GFvbOL",
			"slotId": "cartridges",
			"upd": {
				"StackObjectsCount": 15
			}
		},
		{
			"_id": "I59618238105158904xFFwr8",
			"_tpl": "56d59948d2720bb7418b4582",
			"parentId": "I59618231050332584AtGBah",
			"slotId": "3",
			"location": {
				"x": 0,
				"y": 1,
				"r": "Horizontal"
			}
		},
		{
			"_id": "I59618238712071438Si3fh5",
			"_tpl": "5a3c16fe86f77452b62de32a",
			"parentId": "I59618238105158904xFFwr8",
			"slotId": "cartridges",
			"upd": {
				"StackObjectsCount": 15
			}
		},
		{
			"_id": "I59618239806054579aPiOqR",
			"_tpl": "5bffdc370db834001d23eca8",
			"parentId": "5c6687d65e9d882c8841f0fd",
			"slotId": "Scabbard"
		},
		{
			"_id": "I59618236349250017s3YNWx",
			"_tpl": "5b4329075acfc400153b78ff",
			"parentId": "5c6687d65e9d882c8841f0fd",
			"slotId": "Headwear"
		},
		{
			"_id": "I59618236952839914lnn74B",
			"_tpl": "5b4326435acfc433000ed01d",
			"parentId": "5c6687d65e9d882c8841f0fd",
			"slotId": "FaceCover"
		},
		{
			"_id": "I59618236647553991h0XhAH",
			"_tpl": "5c0e541586f7747fa54205c9",
			"parentId": "5c6687d65e9d882c8841f0fd",
			"slotId": "ArmorVest",
			"upd": {
				"Repairable": {
					"MaxDurability": 60,
					"Durability": 36
				}
			}
		},
		{
			"_id": "I59618239949267964cjMvvg",
			"_tpl": "5a0eebed86f77461230ddb3d",
			"parentId": "5c6687d65e9d882c8841f121",
			"slotId": "pocket1",
			"location": {
				"x": 0,
				"y": 0,
				"r": "Horizontal"
			},
			"upd": {
				"SpawnedInSession": true
			}
		},
		{
			"_id": "I59618234369238442Ulw1yH",
			"_tpl": "5a0dc95c86f77452440fc675",
			"parentId": "5c6687d65e9d882c8841f121",
			"slotId": "pocket2",
			"location": {
				"x": 0,
				"y": 0,
				"r": "Horizontal"
			},
			"upd": {
				"SpawnedInSession": true
			}
		},
		{
			"_id": "I596182383107455839F4Nxf",
			"_tpl": "5bc9c29cd4351e003562b8a3",
			"parentId": "5c6687d65e9d882c8841f121",
			"slotId": "pocket3",
			"location": {
				"x": 0,
				"y": 0,
				"r": "Horizontal"
			},
			"upd": {
				"SpawnedInSession": true
			}
		}
	],
	"equipment": "5c6687d65e9d882c8841f0fd",
	"stash": "5c6687d65e9d882c8841f0fc",
	"questRaidItems": "5c6687d65e9d882c8841f0fe",
	"questStashItems": "5c6687d65e9d882c8841f0ff",
	"fastPanel": {}
}