{
	"items": [
		{
			"_id": "5c6687d65e9d882c8841f0fd",
			"_tpl": "55d7217a4bdc2d86028b456d"
		},
		{
			"_id": "5c6687d65e9d882c8841f121",
			"_tpl": "557ffd194bdc2d28148b457f",
			"parentId": "5c6687d65e9d882c8841f0fd",
			"slotId": "Pockets"
		},
		{
			"_id": "5c6687d65e9d882c8841f0fc",
			"_tpl": "566abbc34bdc2d92178b4576"
		},
		{
			"_id": "5c6687d65e9d882c8841f0ff",
			"_tpl": "5963866b86f7747bfa1c4462"
		},
		{
			"_id": "5c6687d65e9d882c8841f0fe",
			"_tpl": "5963866286f7747bf429b572"
		},
		{
			"_id": "I59618242906077034ZPfLeo",
			"_tpl": "5d5d8ca986f7742798716522",
			"parentId": "5c6687d65e9d882c8841f0fd",
			"slotId": "TacticalVest"
		},
		{
			"_id": "I21005151967199490JSvBCm",
			"_tpl": "59e6687d86f77411d949b251",
			"parentId": "5c6687d65e9d882c8841f0fd",
			"slotId": "FirstPrimaryWeapon",
			"upd": {
				"Repairable": {
					"MaxDurability": 100,
					"Durability": 100
				}
			}
		},
		{
			"_id": "I21005153516478352Ihye2k",
			"_tpl": "59e649f986f77411d949b246",
			"parentId": "I21005151967199490JSvBCm",
			"slotId": "mod_gas_block"
		},
		{
			"_id": "I21005154236994071r1p45D",
			"_tpl": "59e8a00d86f7742ad93b569c",
			"parentId": "I21005151967199490JSvBCm",
			"slotId": "mod_muzzle"
		},
		{
			"_id": "I21005151920446131av6Lrx",
			"_tpl": "59e6318286f77444dd62c4cc",
			"parentId": "I21005151967199490JSvBCm",
			"slotId": "mod_pistol_grip"
		},
		{
			"_id": "I21005152475577928328yUb",
			"_tpl": "59e6449086f7746c9f75e822",
			"parentId": "I21005151967199490JSvBCm",
			"slotId": "mod_reciever"
		},
		{
			"_id": "I21005154864426870IkrnR5",
			"_tpl": "59e8977386f77415a553c453",
			"parentId": "I21005151967199490JSvBCm",
			"slotId": "mod_sight_rear",
			"upd": {
				"Sight": {
					"SelectedSightMode": 0
				}
			}
		},
		{
			"_id": "I21005152582447032WNy9hG",
			"_tpl": "59e89d0986f77427600d226e",
			"parentId": "I21005151967199490JSvBCm",
			"slotId": "mod_stock"
		},
		{
			"_id": "I59618242035557975ZzQm6s",
			"_tpl": "59d625f086f774661516605d",
			"parentId": "I21005151967199490JSvBCm",
			"slotId": "mod_magazine"
		},
		{
			"_id": "I596182499027181328B2UY7",
			"_tpl": "59e6658b86f77411d949b250",
			"parentId": "I59618242035557975ZzQm6s",
			"slotId": "cartridges",
			"upd": {
				"StackObjectsCount": 30
			}
		},
		{
			"_id": "I21005159447480616c29Fc2",
			"_tpl": "59e898ee86f77427614bd225",
			"parentId": "I21005153516478352Ihye2k",
			"slotId": "mod_handguard"
		},
		{
			"_id": "I59618247086314949yokXkN",
			"_tpl": "5857a8bc2459772bad15db29",
			"parentId": "5c6687d65e9d882c8841f0fd",
			"slotId": "SecuredContainer"
		},
		{
			"_id": "I59618246204546024anaGKw",
			"_tpl": "59e6658b86f77411d949b250",
			"parentId": "I59618247086314949yokXkN",
			"slotId": "main",
			"upd": {
				"StackObjectsCount": 60
			}
		},
		{
			"_id": "I59618241786332350ankicP",
			"_tpl": "59e6542b86f77411dc52a77a",
			"parentId": "I59618247086314949yokXkN",
			"slotId": "main",
			"upd": {
				"StackObjectsCount": 60
			}
		},
		{
			"_id": "I59618245473066853co00uM",
			"_tpl": "59e655cb86f77411dc52a77b",
			"parentId": "I59618247086314949yokXkN",
			"slotId": "main",
			"upd": {
				"StackObjectsCount": 60
			}
		},
		{
			"_id": "I59618242896042100j7mXvy",
			"_tpl": "59e6542b86f77411dc52a77a",
			"parentId": "I59618247086314949yokXkN",
			"slotId": "main",
			"upd": {
				"StackObjectsCount": 60
			}
		},
		{
			"_id": "I596182463028248108XlQ6F",
			"_tpl": "59e6658b86f77411d949b250",
			"parentId": "I59618247086314949yokXkN",
			"slotId": "main",
			"upd": {
				"StackObjectsCount": 60
			}
		},
		{
			"_id": "I59618242792704677wqhnzw",
			"_tpl": "59e6658b86f77411d949b250",
			"parentId": "I59618247086314949yokXkN",
			"slotId": "main",
			"upd": {
				"StackObjectsCount": 60
			}
		},
		{
			"_id": "I59618243770895841DvLYbT",
			"_tpl": "59e6542b86f77411dc52a77a",
			"parentId": "I59618247086314949yokXkN",
			"slotId": "main",
			"upd": {
				"StackObjectsCount": 60
			}
		},
		{
			"_id": "I59618244574601058GqsYom",
			"_tpl": "59e6542b86f77411dc52a77a",
			"parentId": "I59618247086314949yokXkN",
			"slotId": "main",
			"upd": {
				"StackObjectsCount": 60
			}
		},
		{
			"_id": "I59618245643849063TRmEKc",
			"_tpl": "59e655cb86f77411dc52a77b",
			"parentId": "I59618247086314949yokXkN",
			"slotId": "main",
			"upd": {
				"StackObjectsCount": 60
			}
		},
		{
			"_id": "I59618243592655597s4cvav",
			"_tpl": "5cfe8010d7ad1a59283b14c6",
			"parentId": "I59618242906077034ZPfLeo",
			"slotId": "2",
			"location": {
				"x": 0,
				"y": 0,
				"r": "Horizontal"
			}
		},
		{
			"_id": "I5961824884413255796SZPd",
			"_tpl": "59e6658b86f77411d949b250",
			"parentId": "I59618243592655597s4cvav",
			"slotId": "cartridges",
			"upd": {
				"StackObjectsCount": 50
			}
		},
		{
			"_id": "I59618241862660467ajKNWp",
			"_tpl": "5cfe8010d7ad1a59283b14c6",
			"parentId": "I59618242906077034ZPfLeo",
			"slotId": "1",
			"location": {
				"x": 0,
				"y": 0,
				"r": "Horizontal"
			}
		},
		{
			"_id": "I59618244997910328GPJQlC",
			"_tpl": "59e655cb86f77411dc52a77b",
			"parentId": "I59618241862660467ajKNWp",
			"slotId": "cartridges",
			"upd": {
				"StackObjectsCount": 50
			}
		},
		{
			"_id": "I59618246160229600K3SCTu",
			"_tpl": "5cfe8010d7ad1a59283b14c6",
			"parentId": "I59618242906077034ZPfLeo",
			"slotId": "1",
			"location": {
				"x": 1,
				"y": 0,
				"r": "Horizontal"
			}
		},
		{
			"_id": "I59618243697856766sWspFZ",
			"_tpl": "59e655cb86f77411dc52a77b",
			"parentId": "I59618246160229600K3SCTu",
			"slotId": "cartridges",
			"upd": {
				"StackObjectsCount": 50
			}
		},
		{
			"_id": "I59618247240770646FjCII5",
			"_tpl": "57e26ea924597715ca604a09",
			"parentId": "5c6687d65e9d882c8841f0fd",
			"slotId": "Scabbard"
		},
		{
			"_id": "I59618243732944159ahDXEs",
			"_tpl": "5a43943586f77416ad2f06e2",
			"parentId": "5c6687d65e9d882c8841f0fd",
			"slotId": "Headwear"
		},
		{
			"_id": "I59618246797276850FlprDK",
			"_tpl": "5c1a1cc52e221602b3136e3d",
			"parentId": "5c6687d65e9d882c8841f0fd",
			"slotId": "Eyewear"
		},
		{
			"_id": "I596182474102208710G9kBh",
			"_tpl": "5d1b313086f77425227d1678",
			"parentId": "5c6687d65e9d882c8841f121",
			"slotId": "pocket1",
			"location": {
				"x": 0,
				"y": 0,
				"r": "Horizontal"
			},
			"upd": {
				"SpawnedInSession": true
			}
		},
		{
			"_id": "I59618241069816381h1XDKI",
			"_tpl": "5672c92d4bdc2d180f8b4567",
			"parentId": "5c6687d65e9d882c8841f121",
			"slotId": "pocket2",
			"location": {
				"x": 0,
				"y": 0,
				"r": "Horizontal"
			},
			"upd": {
				"SpawnedInSession": true
			}
		},
		{
			"_id": "I59618246250076014DTs7mS",
			"_tpl": "5c0e531286f7747fa54205c2",
			"parentId": "5c6687d65e9d882c8841f121",
			"slotId": "pocket3",
			"location": {
				"x": 0,
				"y": 0,
				"r": "Horizontal"
			},
			"upd": {
				"SpawnedInSession": true
			}
		}
	],
	"equipment": "5c6687d65e9d882c8841f0fd",
	"stash": "5c6687d65e9d882c8841f0fc",
	"questRaidItems": "5c6687d65e9d882c8841f0fe",
	"questStashItems": "5c6687d65e9d882c8841f0ff",
	"fastPanel": {}
}