{
	"items": [
		{
			"_id": "5c6687d65e9d882c8841f0fd",
			"_tpl": "55d7217a4bdc2d86028b456d"
		},
		{
			"_id": "5c6687d65e9d882c8841f121",
			"_tpl": "557ffd194bdc2d28148b457f",
			"parentId": "5c6687d65e9d882c8841f0fd",
			"slotId": "Pockets"
		},
		{
			"_id": "5c6687d65e9d882c8841f0fc",
			"_tpl": "566abbc34bdc2d92178b4576"
		},
		{
			"_id": "5c6687d65e9d882c8841f0ff",
			"_tpl": "5963866b86f7747bfa1c4462"
		},
		{
			"_id": "5c6687d65e9d882c8841f0fe",
			"_tpl": "5963866286f7747bf429b572"
		},
		{
			"_id": "I59618244381306863O4Wl98",
			"_tpl": "5648a69d4bdc2ded0b8b457b",
			"parentId": "5c6687d65e9d882c8841f0fd",
			"slotId": "TacticalVest"
		},
		{
			"_id": "I210051403484529800nw29F",
			"_tpl": "5b0bbe4e5acfc40dc528a72d",
			"parentId": "5c6687d65e9d882c8841f0fd",
			"slotId": "FirstPrimaryWeapon",
			"upd": {
				"Repairable": {
					"MaxDurability": 100,
					"Durability": 100
				}
			}
		},
		{
			"_id": "I210051405996909685vFIbo",
			"_tpl": "5b099b965acfc400186331e6",
			"parentId": "I210051403484529800nw29F",
			"slotId": "mod_pistol_grip"
		},
		{
			"_id": "I59618245198566520m8bGk9",
			"_tpl": "5b099ac65acfc400186331e1",
			"parentId": "I210051403484529800nw29F",
			"slotId": "mod_magazine"
		},
		{
			"_id": "I596182481262073108jvmlH",
			"_tpl": "5e023e6e34d52a55c3304f71",
			"parentId": "I59618245198566520m8bGk9",
			"slotId": "cartridges",
			"upd": {
				"StackObjectsCount": 20
			}
		},
		{
			"_id": "I210051405216472113YjNeL",
			"_tpl": "5b099a9d5acfc47a8607efe7",
			"parentId": "I210051403484529800nw29F",
			"slotId": "mod_handguard"
		},
		{
			"_id": "I2100514049037118355OYUz",
			"_tpl": "5b099a765acfc47a8607efe3",
			"parentId": "I210051403484529800nw29F",
			"slotId": "mod_barrel"
		},
		{
			"_id": "I2100514075276815925qiFw",
			"_tpl": "5b0bc22d5acfc47a8607f085",
			"parentId": "I210051403484529800nw29F",
			"slotId": "mod_sight_rear",
			"upd": {
				"Sight": {
					"SelectedSightMode": 0
				}
			}
		},
		{
			"_id": "I21005140392907797484gna",
			"_tpl": "5b099b7d5acfc400186331e4",
			"parentId": "I2100514049037118355OYUz",
			"slotId": "mod_muzzle"
		},
		{
			"_id": "I59618242937154541dq54Nh",
			"_tpl": "5857a8bc2459772bad15db29",
			"parentId": "5c6687d65e9d882c8841f0fd",
			"slotId": "SecuredContainer"
		},
		{
			"_id": "I59618249583580983OFqsTZ",
			"_tpl": "5a6086ea4f39f99cd479502f",
			"parentId": "I59618242937154541dq54Nh",
			"slotId": "main",
			"upd": {
				"StackObjectsCount": 60
			}
		},
		{
			"_id": "I59618246368222444YwGRD2",
			"_tpl": "5a6086ea4f39f99cd479502f",
			"parentId": "I59618242937154541dq54Nh",
			"slotId": "main",
			"upd": {
				"StackObjectsCount": 60
			}
		},
		{
			"_id": "I59618243041391825nCOipK",
			"_tpl": "5e023e6e34d52a55c3304f71",
			"parentId": "I59618242937154541dq54Nh",
			"slotId": "main",
			"upd": {
				"StackObjectsCount": 60
			}
		},
		{
			"_id": "I59618246205995955KSbUsQ",
			"_tpl": "5a608bf24f39f98ffc77720e",
			"parentId": "I59618242937154541dq54Nh",
			"slotId": "main",
			"upd": {
				"StackObjectsCount": 60
			}
		},
		{
			"_id": "I59618249777524309OLaPs0",
			"_tpl": "5a6086ea4f39f99cd479502f",
			"parentId": "I59618242937154541dq54Nh",
			"slotId": "main",
			"upd": {
				"StackObjectsCount": 60
			}
		},
		{
			"_id": "I59618246836684952OzqVVk",
			"_tpl": "5e023e6e34d52a55c3304f71",
			"parentId": "I59618242937154541dq54Nh",
			"slotId": "main",
			"upd": {
				"StackObjectsCount": 60
			}
		},
		{
			"_id": "I5961824951467844417fv7I",
			"_tpl": "5e023e88277cce2b522ff2b1",
			"parentId": "I59618242937154541dq54Nh",
			"slotId": "main",
			"upd": {
				"StackObjectsCount": 60
			}
		},
		{
			"_id": "I59618241497927442kOxP7S",
			"_tpl": "5a6086ea4f39f99cd479502f",
			"parentId": "I59618242937154541dq54Nh",
			"slotId": "main",
			"upd": {
				"StackObjectsCount": 60
			}
		},
		{
			"_id": "I596182466274510308T64QZ",
			"_tpl": "58dd3ad986f77403051cba8f",
			"parentId": "I59618242937154541dq54Nh",
			"slotId": "main",
			"upd": {
				"StackObjectsCount": 60
			}
		},
		{
			"_id": "I59618248098936041lArO8F",
			"_tpl": "5b7bef9c5acfc43d102852ec",
			"parentId": "I59618244381306863O4Wl98",
			"slotId": "2",
			"location": {
				"x": 0,
				"y": 0,
				"r": "Horizontal"
			}
		},
		{
			"_id": "I596182443069402239K2Gsp",
			"_tpl": "5a6086ea4f39f99cd479502f",
			"parentId": "I59618248098936041lArO8F",
			"slotId": "cartridges",
			"upd": {
				"StackObjectsCount": 50
			}
		},
		{
			"_id": "I596182425201027043Jc5UL",
			"_tpl": "5b7bef9c5acfc43d102852ec",
			"parentId": "I59618244381306863O4Wl98",
			"slotId": "4",
			"location": {
				"x": 0,
				"y": 0,
				"r": "Horizontal"
			}
		},
		{
			"_id": "I59618244600774523IGIZyG",
			"_tpl": "5e023e88277cce2b522ff2b1",
			"parentId": "I596182425201027043Jc5UL",
			"slotId": "cartridges",
			"upd": {
				"StackObjectsCount": 50
			}
		},
		{
			"_id": "I59618241662453391MjoZmW",
			"_tpl": "5b7bef9c5acfc43d102852ec",
			"parentId": "I59618244381306863O4Wl98",
			"slotId": "5",
			"location": {
				"x": 0,
				"y": 0,
				"r": "Horizontal"
			}
		},
		{
			"_id": "I596182466892125021Xpjha",
			"_tpl": "5a6086ea4f39f99cd479502f",
			"parentId": "I59618241662453391MjoZmW",
			"slotId": "cartridges",
			"upd": {
				"StackObjectsCount": 50
			}
		},
		{
			"_id": "I59618246148523266QdZVkD",
			"_tpl": "5b7bef9c5acfc43d102852ec",
			"parentId": "I59618244381306863O4Wl98",
			"slotId": "5",
			"location": {
				"x": 1,
				"y": 0,
				"r": "Horizontal"
			}
		},
		{
			"_id": "I59618244448421603itbxxS",
			"_tpl": "5a608bf24f39f98ffc77720e",
			"parentId": "I59618246148523266QdZVkD",
			"slotId": "cartridges",
			"upd": {
				"StackObjectsCount": 50
			}
		},
		{
			"_id": "I59618249921776204iiofgR",
			"_tpl": "5e023e88277cce2b522ff2b1",
			"parentId": "I59618244381306863O4Wl98",
			"slotId": "8",
			"upd": {
				"StackObjectsCount": 29
			}
		},
		{
			"_id": "I59618244253638056SexD0B",
			"_tpl": "57e26ea924597715ca604a09",
			"parentId": "5c6687d65e9d882c8841f0fd",
			"slotId": "Scabbard"
		},
		{
			"_id": "I59618244201512646BZdnAh",
			"_tpl": "5d5fca1ea4b93635fd598c07",
			"parentId": "5c6687d65e9d882c8841f0fd",
			"slotId": "Eyewear"
		},
		{
			"_id": "I59618247056892757PPfcQ3",
			"_tpl": "572b7fa524597762b747ce82",
			"parentId": "5c6687d65e9d882c8841f0fd",
			"slotId": "FaceCover"
		},
		{
			"_id": "I59618242451250849sUEIgK",
			"_tpl": "56e33680d2720be2748b4576",
			"parentId": "5c6687d65e9d882c8841f0fd",
			"slotId": "Backpack"
		},
		{
			"_id": "I59618249843990804YnT0Sa",
			"_tpl": "59136f6f86f774447a1ed173",
			"parentId": "I59618242451250849sUEIgK",
			"slotId": "main",
			"location": {
				"x": 0,
				"y": 0,
				"r": "Horizontal"
			}
		},
		{
			"_id": "I59618247176562467KMlbL0",
			"_tpl": "5648a7494bdc2d9d488b4583",
			"parentId": "5c6687d65e9d882c8841f0fd",
			"slotId": "ArmorVest",
			"upd": {
				"Repairable": {
					"MaxDurability": 50,
					"Durability": 28
				}
			}
		},
		{
			"_id": "I59618249524820034bIwlLE",
			"_tpl": "5672c92d4bdc2d180f8b4567",
			"parentId": "5c6687d65e9d882c8841f121",
			"slotId": "pocket1",
			"location": {
				"x": 0,
				"y": 0,
				"r": "Horizontal"
			},
			"upd": {
				"SpawnedInSession": true
			}
		}
	],
	"equipment": "5c6687d65e9d882c8841f0fd",
	"stash": "5c6687d65e9d882c8841f0fc",
	"questRaidItems": "5c6687d65e9d882c8841f0fe",
	"questStashItems": "5c6687d65e9d882c8841f0ff",
	"fastPanel": {}
}