{
	"items": [
		{
			"_id": "5c6687d65e9d882c8841f0fd",
			"_tpl": "55d7217a4bdc2d86028b456d"
		},
		{
			"_id": "5c6687d65e9d882c8841f121",
			"_tpl": "557ffd194bdc2d28148b457f",
			"parentId": "5c6687d65e9d882c8841f0fd",
			"slotId": "Pockets"
		},
		{
			"_id": "5c6687d65e9d882c8841f0fc",
			"_tpl": "566abbc34bdc2d92178b4576"
		},
		{
			"_id": "5c6687d65e9d882c8841f0ff",
			"_tpl": "5963866b86f7747bfa1c4462"
		},
		{
			"_id": "5c6687d65e9d882c8841f0fe",
			"_tpl": "5963866286f7747bf429b572"
		},
		{
			"_id": "I596182457444970930GfGdN",
			"_tpl": "5929a2a086f7744f4b234d43",
			"parentId": "5c6687d65e9d882c8841f0fd",
			"slotId": "TacticalVest"
		},
		{
			"_id": "I331017566325493301LxC5I",
			"_tpl": "5ab8e9fcd8ce870019439434",
			"parentId": "5c6687d65e9d882c8841f0fd",
			"slotId": "FirstPrimaryWeapon",
			"upd": {
				"Repairable": {
					"MaxDurability": 100,
					"Durability": 100
				}
			}
		},
		{
			"_id": "I331017562656159893BehIm",
			"_tpl": "59c6633186f7740cf0493bb9",
			"parentId": "I331017566325493301LxC5I",
			"slotId": "mod_gas_block"
		},
		{
			"_id": "I331017563912843506j3dZ5",
			"_tpl": "5649aa744bdc2ded0b8b457e",
			"parentId": "I331017566325493301LxC5I",
			"slotId": "mod_muzzle"
		},
		{
			"_id": "I331017568861032510ZaHn6",
			"_tpl": "57e3dba62459770f0c32322b",
			"parentId": "I331017566325493301LxC5I",
			"slotId": "mod_pistol_grip"
		},
		{
			"_id": "I331017565786653863i8rvV",
			"_tpl": "5649b0544bdc2d1b2b8b458a",
			"parentId": "I331017566325493301LxC5I",
			"slotId": "mod_sight_rear",
			"upd": {
				"Sight": {
					"SelectedSightMode": 0
				}
			}
		},
		{
			"_id": "I59618249345225478jKJiUE",
			"_tpl": "55d482194bdc2d1d4e8b456b",
			"parentId": "I331017566325493301LxC5I",
			"slotId": "mod_magazine"
		},
		{
			"_id": "I59618247069386168zmw1Y2",
			"_tpl": "56dff338d2720bbd668b4569",
			"parentId": "I59618249345225478jKJiUE",
			"slotId": "cartridges",
			"upd": {
				"StackObjectsCount": 60
			}
		},
		{
			"_id": "I331017568563706759oc4F8",
			"_tpl": "5648b0744bdc2d363b8b4578",
			"parentId": "I331017562656159893BehIm",
			"slotId": "mod_handguard"
		},
		{
			"_id": "I59618245931448124al00Wt",
			"_tpl": "5857a8bc2459772bad15db29",
			"parentId": "5c6687d65e9d882c8841f0fd",
			"slotId": "SecuredContainer"
		},
		{
			"_id": "I59618245783670634inYBe1",
			"_tpl": "5c0d5e4486f77478390952fe",
			"parentId": "I59618245931448124al00Wt",
			"slotId": "main",
			"upd": {
				"StackObjectsCount": 60
			}
		},
		{
			"_id": "I59618243726078943DMbQbB",
			"_tpl": "56dff026d2720bb8668b4567",
			"parentId": "I59618245931448124al00Wt",
			"slotId": "main",
			"upd": {
				"StackObjectsCount": 60
			}
		},
		{
			"_id": "I59618241882537857nRToft",
			"_tpl": "56dff4ecd2720b5f5a8b4568",
			"parentId": "I59618245931448124al00Wt",
			"slotId": "main",
			"upd": {
				"StackObjectsCount": 60
			}
		},
		{
			"_id": "I59618246304376298tMY9iT",
			"_tpl": "56dfef82d2720bbd668b4567",
			"parentId": "I59618245931448124al00Wt",
			"slotId": "main",
			"upd": {
				"StackObjectsCount": 60
			}
		},
		{
			"_id": "I59618248183538280hh1qMl",
			"_tpl": "56dff216d2720bbd668b4568",
			"parentId": "I59618245931448124al00Wt",
			"slotId": "main",
			"upd": {
				"StackObjectsCount": 60
			}
		},
		{
			"_id": "I59618241026838596v9tFi1",
			"_tpl": "56dff4ecd2720b5f5a8b4568",
			"parentId": "I59618245931448124al00Wt",
			"slotId": "main",
			"upd": {
				"StackObjectsCount": 60
			}
		},
		{
			"_id": "I59618241677110602lEMe30",
			"_tpl": "56dfef82d2720bbd668b4567",
			"parentId": "I59618245931448124al00Wt",
			"slotId": "main",
			"upd": {
				"StackObjectsCount": 60
			}
		},
		{
			"_id": "I59618248405535963qeOpIC",
			"_tpl": "56dff421d2720b5f5a8b4567",
			"parentId": "I59618245931448124al00Wt",
			"slotId": "main",
			"upd": {
				"StackObjectsCount": 60
			}
		},
		{
			"_id": "I59618248769093408wUdWbR",
			"_tpl": "56dff026d2720bb8668b4567",
			"parentId": "I59618245931448124al00Wt",
			"slotId": "main",
			"upd": {
				"StackObjectsCount": 60
			}
		},
		{
			"_id": "I59618243598309768yfmTPE",
			"_tpl": "5aaa4194e5b5b055d06310a5",
			"parentId": "I596182457444970930GfGdN",
			"slotId": "3",
			"location": {
				"x": 0,
				"y": 0,
				"r": "Horizontal"
			}
		},
		{
			"_id": "I59618245385299431kMdER3",
			"_tpl": "56dff216d2720bbd668b4568",
			"parentId": "I59618243598309768yfmTPE",
			"slotId": "cartridges",
			"upd": {
				"StackObjectsCount": 30
			}
		},
		{
			"_id": "I5961824457690970920mQ7J",
			"_tpl": "544fb25a4bdc2dfb738b4567",
			"parentId": "I596182457444970930GfGdN",
			"slotId": "5"
		},
		{
			"_id": "I596182417376813993osnTO",
			"_tpl": "5e32f56fcb6d5863cc5e5ee4",
			"parentId": "I596182457444970930GfGdN",
			"slotId": "7"
		},
		{
			"_id": "I59618242342314926ZduWTh",
			"_tpl": "57e26ea924597715ca604a09",
			"parentId": "5c6687d65e9d882c8841f0fd",
			"slotId": "Scabbard"
		},
		{
			"_id": "I59618242933973527ADdGed",
			"_tpl": "5a0dc95c86f77452440fc675",
			"parentId": "5c6687d65e9d882c8841f121",
			"slotId": "pocket1",
			"location": {
				"x": 0,
				"y": 0,
				"r": "Horizontal"
			},
			"upd": {
				"SpawnedInSession": true
			}
		}
	],
	"equipment": "5c6687d65e9d882c8841f0fd",
	"stash": "5c6687d65e9d882c8841f0fc",
	"questRaidItems": "5c6687d65e9d882c8841f0fe",
	"questStashItems": "5c6687d65e9d882c8841f0ff",
	"fastPanel": {}
}