{
	"items": [
		{
			"_id": "5c6687d65e9d882c8841f0fd",
			"_tpl": "55d7217a4bdc2d86028b456d"
		},
		{
			"_id": "5c6687d65e9d882c8841f121",
			"_tpl": "557ffd194bdc2d28148b457f",
			"parentId": "5c6687d65e9d882c8841f0fd",
			"slotId": "Pockets"
		},
		{
			"_id": "5c6687d65e9d882c8841f0fc",
			"_tpl": "566abbc34bdc2d92178b4576"
		},
		{
			"_id": "5c6687d65e9d882c8841f0ff",
			"_tpl": "5963866b86f7747bfa1c4462"
		},
		{
			"_id": "5c6687d65e9d882c8841f0fe",
			"_tpl": "5963866286f7747bf429b572"
		},
		{
			"_id": "I596182418576283153hBsLM",
			"_tpl": "5b44c8ea86f7742d1627baf1",
			"parentId": "5c6687d65e9d882c8841f0fd",
			"slotId": "TacticalVest"
		},
		{
			"_id": "I33102416494885904fWl23K",
			"_tpl": "5839a40f24597726f856b511",
			"parentId": "5c6687d65e9d882c8841f0fd",
			"slotId": "FirstPrimaryWeapon",
			"upd": {
				"Repairable": {
					"MaxDurability": 100,
					"Durability": 100
				}
			}
		},
		{
			"_id": "I33102417291738672uKSgsL",
			"_tpl": "5649ad3f4bdc2df8348b4585",
			"parentId": "I33102416494885904fWl23K",
			"slotId": "mod_pistol_grip"
		},
		{
			"_id": "I33102413976644553Krq5I6",
			"_tpl": "57dc347d245977596754e7a1",
			"parentId": "I33102416494885904fWl23K",
			"slotId": "mod_stock"
		},
		{
			"_id": "I59618242344222806cul20n",
			"_tpl": "5aaa4194e5b5b055d06310a5",
			"parentId": "I33102416494885904fWl23K",
			"slotId": "mod_magazine"
		},
		{
			"_id": "I596182494589979532FNP9H",
			"_tpl": "56dff4ecd2720b5f5a8b4568",
			"parentId": "I59618242344222806cul20n",
			"slotId": "cartridges",
			"upd": {
				"StackObjectsCount": 30
			}
		},
		{
			"_id": "I33102411720357067FW1hss",
			"_tpl": "57ffb0e42459777d047111c5",
			"parentId": "I33102416494885904fWl23K",
			"slotId": "mod_muzzle"
		},
		{
			"_id": "I331024152413132491LdqjM",
			"_tpl": "59d36a0086f7747e673f3946",
			"parentId": "I33102416494885904fWl23K",
			"slotId": "mod_gas_block"
		},
		{
			"_id": "I331024130619810355z7bLP",
			"_tpl": "56dfef82d2720bbd668b4567",
			"parentId": "I331024115032520096m1y7j",
			"slotId": "cartridges",
			"location": 0,
			"upd": {
				"StackObjectsCount": 30
			}
		},
		{
			"_id": "I331024149795897580go4tH",
			"_tpl": "57dc32dc245977596d4ef3d3",
			"parentId": "I331024152413132491LdqjM",
			"slotId": "mod_handguard"
		},
		{
			"_id": "I59618247148357189ljpZCl",
			"_tpl": "5857a8bc2459772bad15db29",
			"parentId": "5c6687d65e9d882c8841f0fd",
			"slotId": "SecuredContainer"
		},
		{
			"_id": "I59618243855508087e1vjVE",
			"_tpl": "56dff3afd2720bba668b4567",
			"parentId": "I59618247148357189ljpZCl",
			"slotId": "main",
			"upd": {
				"StackObjectsCount": 60
			}
		},
		{
			"_id": "I596182492284464601iMDQ7",
			"_tpl": "5c0d5e4486f77478390952fe",
			"parentId": "I59618247148357189ljpZCl",
			"slotId": "main",
			"upd": {
				"StackObjectsCount": 60
			}
		},
		{
			"_id": "I59618243224600096BxbBxj",
			"_tpl": "56dff0bed2720bb0668b4567",
			"parentId": "I59618247148357189ljpZCl",
			"slotId": "main",
			"upd": {
				"StackObjectsCount": 60
			}
		},
		{
			"_id": "I59618244656842753STklnb",
			"_tpl": "56dff2ced2720bb4668b4567",
			"parentId": "I59618247148357189ljpZCl",
			"slotId": "main",
			"upd": {
				"StackObjectsCount": 60
			}
		},
		{
			"_id": "I596182419118480484VW3v8",
			"_tpl": "56dff2ced2720bb4668b4567",
			"parentId": "I59618247148357189ljpZCl",
			"slotId": "main",
			"upd": {
				"StackObjectsCount": 60
			}
		},
		{
			"_id": "I596182445916132003W8hap",
			"_tpl": "56dff3afd2720bba668b4567",
			"parentId": "I59618247148357189ljpZCl",
			"slotId": "main",
			"upd": {
				"StackObjectsCount": 60
			}
		},
		{
			"_id": "I59618247816290227QmHn8Q",
			"_tpl": "56dff2ced2720bb4668b4567",
			"parentId": "I59618247148357189ljpZCl",
			"slotId": "main",
			"upd": {
				"StackObjectsCount": 60
			}
		},
		{
			"_id": "I59618246459007750G7mW4c",
			"_tpl": "56dff4a2d2720bbd668b456a",
			"parentId": "I59618247148357189ljpZCl",
			"slotId": "main",
			"upd": {
				"StackObjectsCount": 60
			}
		},
		{
			"_id": "I5961824499348763438L9nP",
			"_tpl": "56dff061d2720bb5668b4567",
			"parentId": "I59618247148357189ljpZCl",
			"slotId": "main",
			"upd": {
				"StackObjectsCount": 60
			}
		},
		{
			"_id": "I59618249026968664Z5miF1",
			"_tpl": "55d480c04bdc2d1d4e8b456a",
			"parentId": "I596182418576283153hBsLM",
			"slotId": "1",
			"location": {
				"x": 0,
				"y": 0,
				"r": "Horizontal"
			}
		},
		{
			"_id": "I59618245709960423bsz5k8",
			"_tpl": "56dff4ecd2720b5f5a8b4568",
			"parentId": "I59618249026968664Z5miF1",
			"slotId": "cartridges",
			"upd": {
				"StackObjectsCount": 30
			}
		},
		{
			"_id": "I59618245935746600dFkA3F",
			"_tpl": "55d480c04bdc2d1d4e8b456a",
			"parentId": "I596182418576283153hBsLM",
			"slotId": "3",
			"location": {
				"x": 0,
				"y": 0,
				"r": "Horizontal"
			}
		},
		{
			"_id": "I59618246155536580lZ2Ofd",
			"_tpl": "5c0d5e4486f77478390952fe",
			"parentId": "I59618245935746600dFkA3F",
			"slotId": "cartridges",
			"upd": {
				"StackObjectsCount": 30
			}
		},
		{
			"_id": "I59618242181773905pgSx64",
			"_tpl": "55d480c04bdc2d1d4e8b456a",
			"parentId": "I596182418576283153hBsLM",
			"slotId": "5",
			"location": {
				"x": 0,
				"y": 0,
				"r": "Horizontal"
			}
		},
		{
			"_id": "I59618248239757249cjQ4F2",
			"_tpl": "56dff4a2d2720bbd668b456a",
			"parentId": "I59618242181773905pgSx64",
			"slotId": "cartridges",
			"upd": {
				"StackObjectsCount": 30
			}
		},
		{
			"_id": "I59618243764568978A2x1eQ",
			"_tpl": "55d480c04bdc2d1d4e8b456a",
			"parentId": "I596182418576283153hBsLM",
			"slotId": "7",
			"location": {
				"x": 0,
				"y": 0,
				"r": "Horizontal"
			}
		},
		{
			"_id": "I59618243548641940HvFK6D",
			"_tpl": "56dff2ced2720bb4668b4567",
			"parentId": "I59618243764568978A2x1eQ",
			"slotId": "cartridges",
			"upd": {
				"StackObjectsCount": 30
			}
		},
		{
			"_id": "I59618248490224806IXmg5m",
			"_tpl": "5bffdc370db834001d23eca8",
			"parentId": "5c6687d65e9d882c8841f0fd",
			"slotId": "Scabbard"
		},
		{
			"_id": "I59618248787236085vbJ12V",
			"_tpl": "5b40e5e25acfc4001a599bea",
			"parentId": "5c6687d65e9d882c8841f0fd",
			"slotId": "Headwear"
		},
		{
			"_id": "I59618247191462944ikT9sm",
			"_tpl": "572b7f1624597762ae139822",
			"parentId": "5c6687d65e9d882c8841f0fd",
			"slotId": "FaceCover"
		},
		{
			"_id": "I59618249089885689bogklh",
			"_tpl": "5ab8e4ed86f7742d8e50c7fa",
			"parentId": "5c6687d65e9d882c8841f0fd",
			"slotId": "ArmorVest",
			"upd": {
				"Repairable": {
					"MaxDurability": 50,
					"Durability": 9
				}
			}
		}
	],
	"equipment": "5c6687d65e9d882c8841f0fd",
	"stash": "5c6687d65e9d882c8841f0fc",
	"questRaidItems": "5c6687d65e9d882c8841f0fe",
	"questStashItems": "5c6687d65e9d882c8841f0ff",
	"fastPanel": {}
}