{
	"items": [
		{
			"_id": "5c6687d65e9d882c8841f0fd",
			"_tpl": "55d7217a4bdc2d86028b456d"
		},
		{
			"_id": "5c6687d65e9d882c8841f121",
			"_tpl": "557ffd194bdc2d28148b457f",
			"parentId": "5c6687d65e9d882c8841f0fd",
			"slotId": "Pockets"
		},
		{
			"_id": "5c6687d65e9d882c8841f0fc",
			"_tpl": "566abbc34bdc2d92178b4576"
		},
		{
			"_id": "5c6687d65e9d882c8841f0ff",
			"_tpl": "5963866b86f7747bfa1c4462"
		},
		{
			"_id": "5c6687d65e9d882c8841f0fe",
			"_tpl": "5963866286f7747bf429b572"
		},
		{
			"_id": "I59618248949420222jzpfhy",
			"_tpl": "5929a2a086f7744f4b234d43",
			"parentId": "5c6687d65e9d882c8841f0fd",
			"slotId": "TacticalVest"
		},
		{
			"_id": "I331026169324894193hVST9",
			"_tpl": "59ff346386f77477562ff5e2",
			"parentId": "5c6687d65e9d882c8841f0fd",
			"slotId": "FirstPrimaryWeapon",
			"upd": {
				"Repairable": {
					"MaxDurability": 100,
					"Durability": 100
				}
			}
		},
		{
			"_id": "I331026168753143430sqW9i",
			"_tpl": "59d64ec286f774171d1e0a42",
			"parentId": "I331026169324894193hVST9",
			"slotId": "mod_gas_block"
		},
		{
			"_id": "I3310261683777674139F0RI",
			"_tpl": "59d64fc686f774171b243fe2",
			"parentId": "I331026169324894193hVST9",
			"slotId": "mod_muzzle"
		},
		{
			"_id": "I331026161738345055NgLoy",
			"_tpl": "5a0071d486f77404e23a12b2",
			"parentId": "I331026169324894193hVST9",
			"slotId": "mod_pistol_grip_akms"
		},
		{
			"_id": "I3310261687205762459cl4d",
			"_tpl": "59d6507c86f7741b846413a2",
			"parentId": "I331026169324894193hVST9",
			"slotId": "mod_reciever"
		},
		{
			"_id": "I331026167969922190AWPkj",
			"_tpl": "59d650cf86f7741b846413a4",
			"parentId": "I331026169324894193hVST9",
			"slotId": "mod_sight_rear",
			"upd": {
				"Sight": {
					"SelectedSightMode": 0
				}
			}
		},
		{
			"_id": "I596182464905431175XCKfr",
			"_tpl": "59e5d83b86f7745aed03d262",
			"parentId": "I331026169324894193hVST9",
			"slotId": "mod_magazine"
		},
		{
			"_id": "I59618245066015656wFCiBn",
			"_tpl": "59e4cf5286f7741778269d8a",
			"parentId": "I596182464905431175XCKfr",
			"slotId": "cartridges",
			"upd": {
				"StackObjectsCount": 10
			}
		},
		{
			"_id": "I331026164823259811pEEIR",
			"_tpl": "59d64f2f86f77417193ef8b3",
			"parentId": "I331026168753143430sqW9i",
			"slotId": "mod_handguard"
		},
		{
			"_id": "I59618246473150099uCs2Ff",
			"_tpl": "5857a8bc2459772bad15db29",
			"parentId": "5c6687d65e9d882c8841f0fd",
			"slotId": "SecuredContainer"
		},
		{
			"_id": "I59618247419026079tW1kNM",
			"_tpl": "59e4cf5286f7741778269d8a",
			"parentId": "I59618246473150099uCs2Ff",
			"slotId": "main",
			"upd": {
				"StackObjectsCount": 60
			}
		},
		{
			"_id": "I596182432387008799VVch6",
			"_tpl": "5656d7c34bdc2d9d198b4587",
			"parentId": "I59618246473150099uCs2Ff",
			"slotId": "main",
			"upd": {
				"StackObjectsCount": 60
			}
		},
		{
			"_id": "I59618246936049971eBrP5K",
			"_tpl": "59e4d24686f7741776641ac7",
			"parentId": "I59618246473150099uCs2Ff",
			"slotId": "main",
			"upd": {
				"StackObjectsCount": 60
			}
		},
		{
			"_id": "I59618248960741828OQtpAZ",
			"_tpl": "59e4d24686f7741776641ac7",
			"parentId": "I59618246473150099uCs2Ff",
			"slotId": "main",
			"upd": {
				"StackObjectsCount": 60
			}
		},
		{
			"_id": "I59618249194910087NHWtPV",
			"_tpl": "59e4d3d286f774176a36250a",
			"parentId": "I59618246473150099uCs2Ff",
			"slotId": "main",
			"upd": {
				"StackObjectsCount": 60
			}
		},
		{
			"_id": "I59618242482861172ovp4cO",
			"_tpl": "59e4cf5286f7741778269d8a",
			"parentId": "I59618246473150099uCs2Ff",
			"slotId": "main",
			"upd": {
				"StackObjectsCount": 60
			}
		},
		{
			"_id": "I59618243209170415PFWLdd",
			"_tpl": "59e0d99486f7744a32234762",
			"parentId": "I59618246473150099uCs2Ff",
			"slotId": "main",
			"upd": {
				"StackObjectsCount": 60
			}
		},
		{
			"_id": "I59618249467212801TNDffC",
			"_tpl": "59e4d24686f7741776641ac7",
			"parentId": "I59618246473150099uCs2Ff",
			"slotId": "main",
			"upd": {
				"StackObjectsCount": 60
			}
		},
		{
			"_id": "I596182495988790869lWMiI",
			"_tpl": "59e4cf5286f7741778269d8a",
			"parentId": "I59618246473150099uCs2Ff",
			"slotId": "main",
			"upd": {
				"StackObjectsCount": 60
			}
		},
		{
			"_id": "I596182416106522402QGhN3",
			"_tpl": "59e5d83b86f7745aed03d262",
			"parentId": "I59618248949420222jzpfhy",
			"slotId": "3",
			"location": {
				"x": 0,
				"y": 0,
				"r": "Horizontal"
			}
		},
		{
			"_id": "I596182494166884176DhtMF",
			"_tpl": "59e4d24686f7741776641ac7",
			"parentId": "I596182416106522402QGhN3",
			"slotId": "cartridges",
			"upd": {
				"StackObjectsCount": 10
			}
		},
		{
			"_id": "I59618247542017539IWIGF0",
			"_tpl": "59e5d83b86f7745aed03d262",
			"parentId": "I59618248949420222jzpfhy",
			"slotId": "3",
			"location": {
				"x": 0,
				"y": 1,
				"r": "Horizontal"
			}
		},
		{
			"_id": "I5961824897875871612j4xq",
			"_tpl": "59e4d24686f7741776641ac7",
			"parentId": "I59618247542017539IWIGF0",
			"slotId": "cartridges",
			"upd": {
				"StackObjectsCount": 10
			}
		},
		{
			"_id": "I59618248851169556xx8bTi",
			"_tpl": "59e5d83b86f7745aed03d262",
			"parentId": "I59618248949420222jzpfhy",
			"slotId": "5",
			"location": {
				"x": 0,
				"y": 0,
				"r": "Horizontal"
			}
		},
		{
			"_id": "I59618245008278882LbczBs",
			"_tpl": "59e0d99486f7744a32234762",
			"parentId": "I59618248851169556xx8bTi",
			"slotId": "cartridges",
			"upd": {
				"StackObjectsCount": 10
			}
		},
		{
			"_id": "I59618241247411284P3dbKI",
			"_tpl": "59e5d83b86f7745aed03d262",
			"parentId": "I59618248949420222jzpfhy",
			"slotId": "5",
			"location": {
				"x": 0,
				"y": 1,
				"r": "Horizontal"
			}
		},
		{
			"_id": "I59618241035012521hHISgN",
			"_tpl": "5656d7c34bdc2d9d198b4587",
			"parentId": "I59618241247411284P3dbKI",
			"slotId": "cartridges",
			"upd": {
				"StackObjectsCount": 10
			}
		},
		{
			"_id": "I59618242335050769mpA4ol",
			"_tpl": "5e32f56fcb6d5863cc5e5ee4",
			"parentId": "I59618248949420222jzpfhy",
			"slotId": "2"
		},
		{
			"_id": "I59618245935110853IAywsr",
			"_tpl": "59e4cf5286f7741778269d8a",
			"parentId": "I59618248949420222jzpfhy",
			"slotId": "7",
			"upd": {
				"StackObjectsCount": 52
			}
		},
		{
			"_id": "I596182446473085469xyjVp",
			"_tpl": "57e26fc7245977162a14b800",
			"parentId": "5c6687d65e9d882c8841f0fd",
			"slotId": "Scabbard"
		},
		{
			"_id": "I59618248231016049w1UTY7",
			"_tpl": "5c0d2727d174af02a012cf58",
			"parentId": "5c6687d65e9d882c8841f0fd",
			"slotId": "Headwear"
		},
		{
			"_id": "I59618249744191359jH8I9A",
			"_tpl": "5b432be65acfc433000ed01f",
			"parentId": "5c6687d65e9d882c8841f0fd",
			"slotId": "Eyewear"
		},
		{
			"_id": "I596182437028694598I6qns",
			"_tpl": "5c0e541586f7747fa54205c9",
			"parentId": "5c6687d65e9d882c8841f0fd",
			"slotId": "ArmorVest",
			"upd": {
				"Repairable": {
					"MaxDurability": 60,
					"Durability": 12
				}
			}
		},
		{
			"_id": "I59618242923026900hYi2o5",
			"_tpl": "59e3577886f774176a362503",
			"parentId": "5c6687d65e9d882c8841f121",
			"slotId": "pocket1",
			"location": {
				"x": 0,
				"y": 0,
				"r": "Horizontal"
			},
			"upd": {
				"SpawnedInSession": true
			}
		}
	],
	"equipment": "5c6687d65e9d882c8841f0fd",
	"stash": "5c6687d65e9d882c8841f0fc",
	"questRaidItems": "5c6687d65e9d882c8841f0fe",
	"questStashItems": "5c6687d65e9d882c8841f0ff",
	"fastPanel": {}
}