{
	"items": [
		{
			"_id": "5c6687d65e9d882c8841f0fd",
			"_tpl": "55d7217a4bdc2d86028b456d"
		},
		{
			"_id": "5c6687d65e9d882c8841f121",
			"_tpl": "557ffd194bdc2d28148b457f",
			"parentId": "5c6687d65e9d882c8841f0fd",
			"slotId": "Pockets"
		},
		{
			"_id": "5c6687d65e9d882c8841f0fc",
			"_tpl": "566abbc34bdc2d92178b4576"
		},
		{
			"_id": "5c6687d65e9d882c8841f0ff",
			"_tpl": "5963866b86f7747bfa1c4462"
		},
		{
			"_id": "5c6687d65e9d882c8841f0fe",
			"_tpl": "5963866286f7747bf429b572"
		},
		{
			"_id": "I59618244727829844kT9Hr6",
			"_tpl": "5d5d8ca986f7742798716522",
			"parentId": "5c6687d65e9d882c8841f0fd",
			"slotId": "TacticalVest"
		},
		{
			"_id": "I210014584987746708nHAJC",
			"_tpl": "57f3c6bd24597738e730fa2f",
			"parentId": "5c6687d65e9d882c8841f0fd",
			"slotId": "FirstPrimaryWeapon",
			"upd": {
				"Repairable": {
					"MaxDurability": 100,
					"Durability": 100
				}
			}
		},
		{
			"_id": "I210014585288802137x8dey",
			"_tpl": "57d152ec245977144076ccdf",
			"parentId": "I210014584987746708nHAJC",
			"slotId": "mod_pistol_grip"
		},
		{
			"_id": "I210014586406510702nRiZR",
			"_tpl": "57f3c7e024597738ea4ba286",
			"parentId": "I210014584987746708nHAJC",
			"slotId": "mod_muzzle"
		},
		{
			"_id": "I59618241784653512UUP1yo",
			"_tpl": "57d1519e24597714373db79d",
			"parentId": "I210014584987746708nHAJC",
			"slotId": "mod_magazine"
		},
		{
			"_id": "I59618246459732933gkQ7k0",
			"_tpl": "5737218f245977612125ba51",
			"parentId": "I59618241784653512UUP1yo",
			"slotId": "cartridges",
			"upd": {
				"StackObjectsCount": 30
			}
		},
		{
			"_id": "I210014586690141174z4QTG",
			"_tpl": "57f3c8cc2459773ec4480328",
			"parentId": "I210014586406510702nRiZR",
			"slotId": "mod_muzzle"
		},
		{
			"_id": "I59618246565218635TJLvNf",
			"_tpl": "5857a8bc2459772bad15db29",
			"parentId": "5c6687d65e9d882c8841f0fd",
			"slotId": "SecuredContainer"
		},
		{
			"_id": "I596182436570166362fBuZz",
			"_tpl": "573720e02459776143012541",
			"parentId": "I59618246565218635TJLvNf",
			"slotId": "main",
			"upd": {
				"StackObjectsCount": 60
			}
		},
		{
			"_id": "I59618249793245131uNhAkf",
			"_tpl": "57371eb62459776125652ac1",
			"parentId": "I59618246565218635TJLvNf",
			"slotId": "main",
			"upd": {
				"StackObjectsCount": 60
			}
		},
		{
			"_id": "I59618246066363765XEagFl",
			"_tpl": "57371eb62459776125652ac1",
			"parentId": "I59618246565218635TJLvNf",
			"slotId": "main",
			"upd": {
				"StackObjectsCount": 60
			}
		},
		{
			"_id": "I59618246656482180AIU2AL",
			"_tpl": "573719762459775a626ccbc1",
			"parentId": "I59618246565218635TJLvNf",
			"slotId": "main",
			"upd": {
				"StackObjectsCount": 60
			}
		},
		{
			"_id": "I59618242990438323EeTrcZ",
			"_tpl": "5737218f245977612125ba51",
			"parentId": "I59618246565218635TJLvNf",
			"slotId": "main",
			"upd": {
				"StackObjectsCount": 60
			}
		},
		{
			"_id": "I59618242481448155ifZz1b",
			"_tpl": "5737201124597760fc4431f1",
			"parentId": "I59618246565218635TJLvNf",
			"slotId": "main",
			"upd": {
				"StackObjectsCount": 60
			}
		},
		{
			"_id": "I596182442862043961jEmux",
			"_tpl": "57371eb62459776125652ac1",
			"parentId": "I59618246565218635TJLvNf",
			"slotId": "main",
			"upd": {
				"StackObjectsCount": 60
			}
		},
		{
			"_id": "I59618245651419581UBlNeR",
			"_tpl": "573718ba2459775a75491131",
			"parentId": "I59618246565218635TJLvNf",
			"slotId": "main",
			"upd": {
				"StackObjectsCount": 60
			}
		},
		{
			"_id": "I59618247144448480UzhfAU",
			"_tpl": "5737218f245977612125ba51",
			"parentId": "I59618246565218635TJLvNf",
			"slotId": "main",
			"upd": {
				"StackObjectsCount": 60
			}
		},
		{
			"_id": "I59618241572909552F7gxew",
			"_tpl": "57d1519e24597714373db79d",
			"parentId": "I59618244727829844kT9Hr6",
			"slotId": "2",
			"location": {
				"x": 0,
				"y": 0,
				"r": "Horizontal"
			}
		},
		{
			"_id": "I59618244508062089F8HV9W",
			"_tpl": "57371b192459775a9f58a5e0",
			"parentId": "I59618241572909552F7gxew",
			"slotId": "cartridges",
			"upd": {
				"StackObjectsCount": 30
			}
		},
		{
			"_id": "I59618244832754755JefsdC",
			"_tpl": "57d1519e24597714373db79d",
			"parentId": "I59618244727829844kT9Hr6",
			"slotId": "1",
			"location": {
				"x": 0,
				"y": 0,
				"r": "Horizontal"
			}
		},
		{
			"_id": "I59618245526933607iA7xNa",
			"_tpl": "57371e4124597760ff7b25f1",
			"parentId": "I59618244832754755JefsdC",
			"slotId": "cartridges",
			"upd": {
				"StackObjectsCount": 30
			}
		},
		{
			"_id": "I59618246195648609OAo2L9",
			"_tpl": "57d1519e24597714373db79d",
			"parentId": "I59618244727829844kT9Hr6",
			"slotId": "1",
			"location": {
				"x": 1,
				"y": 0,
				"r": "Horizontal"
			}
		},
		{
			"_id": "I59618243026885229gJxigW",
			"_tpl": "573719df2459775a626ccbc2",
			"parentId": "I59618246195648609OAo2L9",
			"slotId": "cartridges",
			"upd": {
				"StackObjectsCount": 30
			}
		},
		{
			"_id": "I59618245580522818NctUFA",
			"_tpl": "54491bb74bdc2d09088b4567",
			"parentId": "5c6687d65e9d882c8841f0fd",
			"slotId": "Scabbard"
		},
		{
			"_id": "I59618242142607727tWGf8v",
			"_tpl": "56e33634d2720bd8058b456b",
			"parentId": "5c6687d65e9d882c8841f0fd",
			"slotId": "Backpack"
		},
		{
			"_id": "I59618249455166214UcufIG",
			"_tpl": "5751496424597720a27126da",
			"parentId": "5c6687d65e9d882c8841f121",
			"slotId": "pocket1",
			"location": {
				"x": 0,
				"y": 0,
				"r": "Horizontal"
			},
			"upd": {
				"SpawnedInSession": true
			}
		}
	],
	"equipment": "5c6687d65e9d882c8841f0fd",
	"stash": "5c6687d65e9d882c8841f0fc",
	"questRaidItems": "5c6687d65e9d882c8841f0fe",
	"questStashItems": "5c6687d65e9d882c8841f0ff",
	"fastPanel": {}
}