{
	"items": [
		{
			"_id": "5c6687d65e9d882c8841f0fd",
			"_tpl": "55d7217a4bdc2d86028b456d"
		},
		{
			"_id": "5c6687d65e9d882c8841f121",
			"_tpl": "557ffd194bdc2d28148b457f",
			"parentId": "5c6687d65e9d882c8841f0fd",
			"slotId": "Pockets"
		},
		{
			"_id": "5c6687d65e9d882c8841f0fc",
			"_tpl": "566abbc34bdc2d92178b4576"
		},
		{
			"_id": "5c6687d65e9d882c8841f0ff",
			"_tpl": "5963866b86f7747bfa1c4462"
		},
		{
			"_id": "5c6687d65e9d882c8841f0fe",
			"_tpl": "5963866286f7747bf429b572"
		},
		{
			"_id": "I59618248586431822pG6lDW",
			"_tpl": "5d5d85c586f774279a21cbdb",
			"parentId": "5c6687d65e9d882c8841f0fd",
			"slotId": "TacticalVest"
		},
		{
			"_id": "I21006442420799264fjzaqP",
			"_tpl": "57c44b372459772d2b39b8ce",
			"parentId": "5c6687d65e9d882c8841f0fd",
			"slotId": "FirstPrimaryWeapon",
			"upd": {
				"Repairable": {
					"MaxDurability": 100,
					"Durability": 100
				}
			}
		},
		{
			"_id": "I21006443676203686AWZCMM",
			"_tpl": "57c44dd02459772d2e0ae249",
			"parentId": "I21006442420799264fjzaqP",
			"slotId": "mod_muzzle"
		},
		{
			"_id": "I21006449791668513ioeKAe",
			"_tpl": "57c44f4f2459772d2c627113",
			"parentId": "I21006442420799264fjzaqP",
			"slotId": "mod_reciever"
		},
		{
			"_id": "I59618249169626482pIDNa4",
			"_tpl": "57838f9f2459774a150289a0",
			"parentId": "I21006442420799264fjzaqP",
			"slotId": "mod_magazine"
		},
		{
			"_id": "I59618241926827201hloA13",
			"_tpl": "57a0dfb82459774d3078b56c",
			"parentId": "I59618249169626482pIDNa4",
			"slotId": "cartridges",
			"upd": {
				"StackObjectsCount": 20
			}
		},
		{
			"_id": "I210064493204083724NeJFH",
			"_tpl": "57c44fa82459772d2d75e415",
			"parentId": "I21006442420799264fjzaqP",
			"slotId": "mod_pistol_grip"
		},
		{
			"_id": "I21006449938217971Rju6mT",
			"_tpl": "57c450252459772d28133253",
			"parentId": "I21006442420799264fjzaqP",
			"slotId": "mod_stock"
		},
		{
			"_id": "I21006447533005487elvQPs",
			"_tpl": "57c44e7b2459772d28133248",
			"parentId": "I21006443676203686AWZCMM",
			"slotId": "mod_sight_rear",
			"upd": {
				"Sight": {
					"SelectedSightMode": 0
				}
			}
		},
		{
			"_id": "I59618241048470430ItcKHS",
			"_tpl": "5857a8bc2459772bad15db29",
			"parentId": "5c6687d65e9d882c8841f0fd",
			"slotId": "SecuredContainer"
		},
		{
			"_id": "I59618244943835584zfLGiq",
			"_tpl": "5c0d688c86f77413ae3407b2",
			"parentId": "I59618241048470430ItcKHS",
			"slotId": "main",
			"upd": {
				"StackObjectsCount": 60
			}
		},
		{
			"_id": "I59618241195696588mI7fT5",
			"_tpl": "5c0d668f86f7747ccb7f13b2",
			"parentId": "I59618241048470430ItcKHS",
			"slotId": "main",
			"upd": {
				"StackObjectsCount": 60
			}
		},
		{
			"_id": "I59618248286390001MHCtLO",
			"_tpl": "57a0e5022459774d1673f889",
			"parentId": "I59618241048470430ItcKHS",
			"slotId": "main",
			"upd": {
				"StackObjectsCount": 60
			}
		},
		{
			"_id": "I59618241478047695y8JiA7",
			"_tpl": "57a0e5022459774d1673f889",
			"parentId": "I59618241048470430ItcKHS",
			"slotId": "main",
			"upd": {
				"StackObjectsCount": 60
			}
		},
		{
			"_id": "I596182415524775670piSVf",
			"_tpl": "57a0e5022459774d1673f889",
			"parentId": "I59618241048470430ItcKHS",
			"slotId": "main",
			"upd": {
				"StackObjectsCount": 60
			}
		},
		{
			"_id": "I59618249434398332pLguRY",
			"_tpl": "57a0dfb82459774d3078b56c",
			"parentId": "I59618241048470430ItcKHS",
			"slotId": "main",
			"upd": {
				"StackObjectsCount": 60
			}
		},
		{
			"_id": "I59618244536105298x6ftHQ",
			"_tpl": "5c0d688c86f77413ae3407b2",
			"parentId": "I59618241048470430ItcKHS",
			"slotId": "main",
			"upd": {
				"StackObjectsCount": 60
			}
		},
		{
			"_id": "I59618242430864650iuR07x",
			"_tpl": "5c0d668f86f7747ccb7f13b2",
			"parentId": "I59618241048470430ItcKHS",
			"slotId": "main",
			"upd": {
				"StackObjectsCount": 60
			}
		},
		{
			"_id": "I59618241344484635fyCzEQ",
			"_tpl": "5c0d688c86f77413ae3407b2",
			"parentId": "I59618241048470430ItcKHS",
			"slotId": "main",
			"upd": {
				"StackObjectsCount": 60
			}
		},
		{
			"_id": "I59618249968973135lmA5Si",
			"_tpl": "57838f9f2459774a150289a0",
			"parentId": "I59618248586431822pG6lDW",
			"slotId": "1",
			"location": {
				"x": 0,
				"y": 0,
				"r": "Horizontal"
			}
		},
		{
			"_id": "I59618241396251118H0cRqx",
			"_tpl": "57a0e5022459774d1673f889",
			"parentId": "I59618249968973135lmA5Si",
			"slotId": "cartridges",
			"upd": {
				"StackObjectsCount": 20
			}
		},
		{
			"_id": "I59618243482893679wFcd5b",
			"_tpl": "57838f9f2459774a150289a0",
			"parentId": "I59618248586431822pG6lDW",
			"slotId": "4",
			"location": {
				"x": 0,
				"y": 0,
				"r": "Horizontal"
			}
		},
		{
			"_id": "I5961824649124039552teUF",
			"_tpl": "5c0d688c86f77413ae3407b2",
			"parentId": "I59618243482893679wFcd5b",
			"slotId": "cartridges",
			"upd": {
				"StackObjectsCount": 20
			}
		},
		{
			"_id": "I59618242343365782hftl3A",
			"_tpl": "57838f9f2459774a150289a0",
			"parentId": "I59618248586431822pG6lDW",
			"slotId": "6",
			"location": {
				"x": 0,
				"y": 0,
				"r": "Horizontal"
			}
		},
		{
			"_id": "I59618242026297911qh3cDg",
			"_tpl": "57a0e5022459774d1673f889",
			"parentId": "I59618242343365782hftl3A",
			"slotId": "cartridges",
			"upd": {
				"StackObjectsCount": 20
			}
		},
		{
			"_id": "I59618243235096930f063Jb",
			"_tpl": "5e32f56fcb6d5863cc5e5ee4",
			"parentId": "I59618248586431822pG6lDW",
			"slotId": "8"
		},
		{
			"_id": "I59618246988744976FUyyEi",
			"_tpl": "57e26ea924597715ca604a09",
			"parentId": "5c6687d65e9d882c8841f0fd",
			"slotId": "Scabbard"
		},
		{
			"_id": "I59618247816331127pHJiy5",
			"_tpl": "59e7715586f7742ee5789605",
			"parentId": "5c6687d65e9d882c8841f0fd",
			"slotId": "FaceCover"
		},
		{
			"_id": "I59618246724039120csdWWN",
			"_tpl": "5c0e5edb86f77461f55ed1f7",
			"parentId": "5c6687d65e9d882c8841f0fd",
			"slotId": "ArmorVest",
			"upd": {
				"Repairable": {
					"MaxDurability": 50,
					"Durability": 45
				}
			}
		}
	],
	"equipment": "5c6687d65e9d882c8841f0fd",
	"stash": "5c6687d65e9d882c8841f0fc",
	"questRaidItems": "5c6687d65e9d882c8841f0fe",
	"questStashItems": "5c6687d65e9d882c8841f0ff",
	"fastPanel": {}
}