{
	"items": [
		{
			"_id": "5c6687d65e9d882c8841f0fd",
			"_tpl": "55d7217a4bdc2d86028b456d"
		},
		{
			"_id": "5c6687d65e9d882c8841f121",
			"_tpl": "557ffd194bdc2d28148b457f",
			"parentId": "5c6687d65e9d882c8841f0fd",
			"slotId": "Pockets"
		},
		{
			"_id": "5c6687d65e9d882c8841f0fc",
			"_tpl": "566abbc34bdc2d92178b4576"
		},
		{
			"_id": "5c6687d65e9d882c8841f0ff",
			"_tpl": "5963866b86f7747bfa1c4462"
		},
		{
			"_id": "5c6687d65e9d882c8841f0fe",
			"_tpl": "5963866286f7747bf429b572"
		},
		{
			"_id": "I59618244638341499S2jV1Z",
			"_tpl": "5d5d8ca986f7742798716522",
			"parentId": "5c6687d65e9d882c8841f0fd",
			"slotId": "TacticalVest"
		},
		{
			"_id": "I21004266062619053rUPu0w",
			"_tpl": "587e02ff24597743df3deaeb",
			"parentId": "5c6687d65e9d882c8841f0fd",
			"slotId": "FirstPrimaryWeapon",
			"upd": {
				"Repairable": {
					"MaxDurability": 100,
					"Durability": 100
				}
			}
		},
		{
			"_id": "I210042629579977294mSOx4",
			"_tpl": "587e0531245977466077a0f7",
			"parentId": "I21004266062619053rUPu0w",
			"slotId": "mod_stock"
		},
		{
			"_id": "I21004265607783668HnQrjp",
			"_tpl": "574db213245977459a2f3f5d",
			"parentId": "I21004266062619053rUPu0w",
			"slotId": "mod_sight_rear",
			"upd": {
				"Sight": {
					"SelectedSightMode": 0
				}
			}
		},
		{
			"_id": "I59618247668891269LagBgO",
			"_tpl": "5c5970672e221602b21d7855",
			"parentId": "I21004266062619053rUPu0w",
			"slotId": "mod_magazine"
		},
		{
			"_id": "I59618247624057421jErFTC",
			"_tpl": "59e0d99486f7744a32234762",
			"parentId": "I59618247668891269LagBgO",
			"slotId": "cartridges",
			"upd": {
				"StackObjectsCount": 35
			}
		},
		{
			"_id": "I21004262280997617l5swJY",
			"_tpl": "587e08ee245977446b4410cf",
			"parentId": "I21004266062619053rUPu0w",
			"slotId": "mod_mount"
		},
		{
			"_id": "I59618242339967275etH9pR",
			"_tpl": "5857a8bc2459772bad15db29",
			"parentId": "5c6687d65e9d882c8841f0fd",
			"slotId": "SecuredContainer"
		},
		{
			"_id": "I59618245405157585ojWtAt",
			"_tpl": "59e4d3d286f774176a36250a",
			"parentId": "I59618242339967275etH9pR",
			"slotId": "main",
			"upd": {
				"StackObjectsCount": 60
			}
		},
		{
			"_id": "I59618249563955130PcYdTF",
			"_tpl": "59e4d24686f7741776641ac7",
			"parentId": "I59618242339967275etH9pR",
			"slotId": "main",
			"upd": {
				"StackObjectsCount": 60
			}
		},
		{
			"_id": "I5961824867691169839Ol80",
			"_tpl": "59e4cf5286f7741778269d8a",
			"parentId": "I59618242339967275etH9pR",
			"slotId": "main",
			"upd": {
				"StackObjectsCount": 60
			}
		},
		{
			"_id": "I59618244810348922ycPPou",
			"_tpl": "59e0d99486f7744a32234762",
			"parentId": "I59618242339967275etH9pR",
			"slotId": "main",
			"upd": {
				"StackObjectsCount": 60
			}
		},
		{
			"_id": "I59618243846492744TmgsIC",
			"_tpl": "59e0d99486f7744a32234762",
			"parentId": "I59618242339967275etH9pR",
			"slotId": "main",
			"upd": {
				"StackObjectsCount": 60
			}
		},
		{
			"_id": "I59618245255550877F6MWtq",
			"_tpl": "5656d7c34bdc2d9d198b4587",
			"parentId": "I59618242339967275etH9pR",
			"slotId": "main",
			"upd": {
				"StackObjectsCount": 60
			}
		},
		{
			"_id": "I59618244211060400SjS4Lo",
			"_tpl": "59e4cf5286f7741778269d8a",
			"parentId": "I59618242339967275etH9pR",
			"slotId": "main",
			"upd": {
				"StackObjectsCount": 60
			}
		},
		{
			"_id": "I59618244217789681JWIwZE",
			"_tpl": "59e4cf5286f7741778269d8a",
			"parentId": "I59618242339967275etH9pR",
			"slotId": "main",
			"upd": {
				"StackObjectsCount": 60
			}
		},
		{
			"_id": "I59618246457192425Iw6ibU",
			"_tpl": "5656d7c34bdc2d9d198b4587",
			"parentId": "I59618242339967275etH9pR",
			"slotId": "main",
			"upd": {
				"StackObjectsCount": 60
			}
		},
		{
			"_id": "I5961824159257548452Vb1Y",
			"_tpl": "587df583245977373c4f1129",
			"parentId": "I59618244638341499S2jV1Z",
			"slotId": "2",
			"location": {
				"x": 0,
				"y": 0,
				"r": "Horizontal"
			}
		},
		{
			"_id": "I59618242700801117QiNrrl",
			"_tpl": "59e4cf5286f7741778269d8a",
			"parentId": "I5961824159257548452Vb1Y",
			"slotId": "cartridges",
			"upd": {
				"StackObjectsCount": 20
			}
		},
		{
			"_id": "I59618244874121148QPmajU",
			"_tpl": "587df583245977373c4f1129",
			"parentId": "I59618244638341499S2jV1Z",
			"slotId": "1",
			"location": {
				"x": 0,
				"y": 0,
				"r": "Horizontal"
			}
		},
		{
			"_id": "I59618243436643680XqLnOt",
			"_tpl": "59e4d24686f7741776641ac7",
			"parentId": "I59618244874121148QPmajU",
			"slotId": "cartridges",
			"upd": {
				"StackObjectsCount": 20
			}
		},
		{
			"_id": "I596182490579882254YTVhC",
			"_tpl": "587df583245977373c4f1129",
			"parentId": "I59618244638341499S2jV1Z",
			"slotId": "1",
			"location": {
				"x": 1,
				"y": 0,
				"r": "Horizontal"
			}
		},
		{
			"_id": "I59618242722750278ITYgRK",
			"_tpl": "59e0d99486f7744a32234762",
			"parentId": "I596182490579882254YTVhC",
			"slotId": "cartridges",
			"upd": {
				"StackObjectsCount": 20
			}
		},
		{
			"_id": "I59618244739845720r9pUH9",
			"_tpl": "57e26fc7245977162a14b800",
			"parentId": "5c6687d65e9d882c8841f0fd",
			"slotId": "Scabbard"
		},
		{
			"_id": "I59618247715355332RCN9BH",
			"_tpl": "5a43957686f7742a2c2f11b0",
			"parentId": "5c6687d65e9d882c8841f0fd",
			"slotId": "Headwear"
		},
		{
			"_id": "I59618245473182702ykG8HZ",
			"_tpl": "5b4326435acfc433000ed01d",
			"parentId": "5c6687d65e9d882c8841f0fd",
			"slotId": "FaceCover"
		},
		{
			"_id": "I59618242155414877f6rrU7",
			"_tpl": "57347baf24597738002c6178",
			"parentId": "5c6687d65e9d882c8841f121",
			"slotId": "pocket1",
			"location": {
				"x": 0,
				"y": 0,
				"r": "Horizontal"
			},
			"upd": {
				"SpawnedInSession": true
			}
		},
		{
			"_id": "I59618242811395123AdU3wt",
			"_tpl": "5751a25924597722c463c472",
			"parentId": "5c6687d65e9d882c8841f121",
			"slotId": "pocket2",
			"location": {
				"x": 0,
				"y": 0,
				"r": "Horizontal"
			},
			"upd": {
				"SpawnedInSession": true
			}
		},
		{
			"_id": "I59618247334603178hMawPY",
			"_tpl": "5c1265fc86f7743f896a21c2",
			"parentId": "5c6687d65e9d882c8841f121",
			"slotId": "pocket3",
			"location": {
				"x": 0,
				"y": 0,
				"r": "Horizontal"
			},
			"upd": {
				"SpawnedInSession": true
			}
		}
	],
	"equipment": "5c6687d65e9d882c8841f0fd",
	"stash": "5c6687d65e9d882c8841f0fc",
	"questRaidItems": "5c6687d65e9d882c8841f0fe",
	"questStashItems": "5c6687d65e9d882c8841f0ff",
	"fastPanel": {}
}