{
	"items": [
		{
			"_id": "5c6687d65e9d882c8841f0fd",
			"_tpl": "55d7217a4bdc2d86028b456d"
		},
		{
			"_id": "5c6687d65e9d882c8841f121",
			"_tpl": "557ffd194bdc2d28148b457f",
			"parentId": "5c6687d65e9d882c8841f0fd",
			"slotId": "Pockets"
		},
		{
			"_id": "5c6687d65e9d882c8841f0fc",
			"_tpl": "566abbc34bdc2d92178b4576"
		},
		{
			"_id": "5c6687d65e9d882c8841f0ff",
			"_tpl": "5963866b86f7747bfa1c4462"
		},
		{
			"_id": "5c6687d65e9d882c8841f0fe",
			"_tpl": "5963866286f7747bf429b572"
		},
		{
			"_id": "I59618249634942785dWn1PR",
			"_tpl": "5e4abfed86f77406a2713cf7",
			"parentId": "5c6687d65e9d882c8841f0fd",
			"slotId": "TacticalVest"
		},
		{
			"_id": "I331025275770010755lreVX",
			"_tpl": "59d6088586f774275f37482f",
			"parentId": "5c6687d65e9d882c8841f0fd",
			"slotId": "FirstPrimaryWeapon",
			"upd": {
				"Repairable": {
					"MaxDurability": 100,
					"Durability": 100
				}
			}
		},
		{
			"_id": "I331025291597571180a4Zw1",
			"_tpl": "59d64ec286f774171d1e0a42",
			"parentId": "I331025275770010755lreVX",
			"slotId": "mod_gas_block"
		},
		{
			"_id": "I33102525762981555A1ae4S",
			"_tpl": "59d64fc686f774171b243fe2",
			"parentId": "I331025275770010755lreVX",
			"slotId": "mod_muzzle"
		},
		{
			"_id": "I33102525162415899Mj4O8y",
			"_tpl": "59e62cc886f77440d40b52a1",
			"parentId": "I331025275770010755lreVX",
			"slotId": "mod_pistol_grip"
		},
		{
			"_id": "I33102527361288487Mcmw19",
			"_tpl": "59d650cf86f7741b846413a4",
			"parentId": "I331025275770010755lreVX",
			"slotId": "mod_sight_rear",
			"upd": {
				"Sight": {
					"SelectedSightMode": 0
				}
			}
		},
		{
			"_id": "I33102524935585206ziatN2",
			"_tpl": "59d6514b86f774171a068a08",
			"parentId": "I331025275770010755lreVX",
			"slotId": "mod_stock"
		},
		{
			"_id": "I59618247854593543fR37wh",
			"_tpl": "5ac66bea5acfc43b321d4aec",
			"parentId": "I331025275770010755lreVX",
			"slotId": "mod_magazine"
		},
		{
			"_id": "I59618243079308996WQTcg6",
			"_tpl": "59e4d3d286f774176a36250a",
			"parentId": "I59618247854593543fR37wh",
			"slotId": "cartridges",
			"upd": {
				"StackObjectsCount": 30
			}
		},
		{
			"_id": "I33102524138867073l5KRUM",
			"_tpl": "59d64f2f86f77417193ef8b3",
			"parentId": "I331025291597571180a4Zw1",
			"slotId": "mod_handguard"
		},
		{
			"_id": "I59618241927269904LnVMQZ",
			"_tpl": "5857a8bc2459772bad15db29",
			"parentId": "5c6687d65e9d882c8841f0fd",
			"slotId": "SecuredContainer"
		},
		{
			"_id": "I59618249271366394gnt2gd",
			"_tpl": "59e4cf5286f7741778269d8a",
			"parentId": "I59618241927269904LnVMQZ",
			"slotId": "main",
			"upd": {
				"StackObjectsCount": 60
			}
		},
		{
			"_id": "I59618247394118749SPCXr5",
			"_tpl": "5656d7c34bdc2d9d198b4587",
			"parentId": "I59618241927269904LnVMQZ",
			"slotId": "main",
			"upd": {
				"StackObjectsCount": 60
			}
		},
		{
			"_id": "I59618242325642157HmIz5D",
			"_tpl": "59e4cf5286f7741778269d8a",
			"parentId": "I59618241927269904LnVMQZ",
			"slotId": "main",
			"upd": {
				"StackObjectsCount": 60
			}
		},
		{
			"_id": "I59618245013244809tHsqNo",
			"_tpl": "59e4d3d286f774176a36250a",
			"parentId": "I59618241927269904LnVMQZ",
			"slotId": "main",
			"upd": {
				"StackObjectsCount": 60
			}
		},
		{
			"_id": "I59618242132495463LMfww8",
			"_tpl": "59e4d24686f7741776641ac7",
			"parentId": "I59618241927269904LnVMQZ",
			"slotId": "main",
			"upd": {
				"StackObjectsCount": 60
			}
		},
		{
			"_id": "I59618242507365488wcvYqh",
			"_tpl": "59e4cf5286f7741778269d8a",
			"parentId": "I59618241927269904LnVMQZ",
			"slotId": "main",
			"upd": {
				"StackObjectsCount": 60
			}
		},
		{
			"_id": "I59618241642102541xmNbbk",
			"_tpl": "5656d7c34bdc2d9d198b4587",
			"parentId": "I59618241927269904LnVMQZ",
			"slotId": "main",
			"upd": {
				"StackObjectsCount": 60
			}
		},
		{
			"_id": "I596182484145998298LoKyI",
			"_tpl": "59e4cf5286f7741778269d8a",
			"parentId": "I59618241927269904LnVMQZ",
			"slotId": "main",
			"upd": {
				"StackObjectsCount": 60
			}
		},
		{
			"_id": "I59618247482732311CSpBOZ",
			"_tpl": "59e4d24686f7741776641ac7",
			"parentId": "I59618241927269904LnVMQZ",
			"slotId": "main",
			"upd": {
				"StackObjectsCount": 60
			}
		},
		{
			"_id": "I59618248760008071AITpEW",
			"_tpl": "59d6272486f77466146386ff",
			"parentId": "I59618249634942785dWn1PR",
			"slotId": "1",
			"location": {
				"x": 0,
				"y": 0,
				"r": "Horizontal"
			}
		},
		{
			"_id": "I596182423929252329EhcHW",
			"_tpl": "59e4d3d286f774176a36250a",
			"parentId": "I59618248760008071AITpEW",
			"slotId": "cartridges",
			"upd": {
				"StackObjectsCount": 30
			}
		},
		{
			"_id": "I59618247542944175B5icGe",
			"_tpl": "59d6272486f77466146386ff",
			"parentId": "I59618249634942785dWn1PR",
			"slotId": "3",
			"location": {
				"x": 0,
				"y": 0,
				"r": "Horizontal"
			}
		},
		{
			"_id": "I596182411273860493v9z2W",
			"_tpl": "59e4d3d286f774176a36250a",
			"parentId": "I59618247542944175B5icGe",
			"slotId": "cartridges",
			"upd": {
				"StackObjectsCount": 30
			}
		},
		{
			"_id": "I59618248596783469dyusQm",
			"_tpl": "5448be9a4bdc2dfd2f8b456a",
			"parentId": "I59618249634942785dWn1PR",
			"slotId": "7"
		},
		{
			"_id": "I596182471105635755Nn2uy",
			"_tpl": "59e0d99486f7744a32234762",
			"parentId": "I59618249634942785dWn1PR",
			"slotId": "8",
			"upd": {
				"StackObjectsCount": 11
			}
		},
		{
			"_id": "I59618245535737168aT0toW",
			"_tpl": "59e4cf5286f7741778269d8a",
			"parentId": "I59618249634942785dWn1PR",
			"slotId": "10",
			"upd": {
				"StackObjectsCount": 28
			}
		},
		{
			"_id": "I596182424895369033ofNPR",
			"_tpl": "57e26ea924597715ca604a09",
			"parentId": "5c6687d65e9d882c8841f0fd",
			"slotId": "Scabbard"
		},
		{
			"_id": "I59618249409645922TaxHxg",
			"_tpl": "572b7f1624597762ae139822",
			"parentId": "5c6687d65e9d882c8841f0fd",
			"slotId": "FaceCover"
		},
		{
			"_id": "I59618248231832776mvf1vD",
			"_tpl": "5ab8ee7786f7742d8f33f0b9",
			"parentId": "5c6687d65e9d882c8841f0fd",
			"slotId": "Backpack"
		}
	],
	"equipment": "5c6687d65e9d882c8841f0fd",
	"stash": "5c6687d65e9d882c8841f0fc",
	"questRaidItems": "5c6687d65e9d882c8841f0fe",
	"questStashItems": "5c6687d65e9d882c8841f0ff",
	"fastPanel": {}
}