{
	"items": [
		{
			"_id": "5c6687d65e9d882c8841f0fd",
			"_tpl": "55d7217a4bdc2d86028b456d"
		},
		{
			"_id": "5c6687d65e9d882c8841f121",
			"_tpl": "557ffd194bdc2d28148b457f",
			"parentId": "5c6687d65e9d882c8841f0fd",
			"slotId": "Pockets"
		},
		{
			"_id": "5c6687d65e9d882c8841f0fc",
			"_tpl": "566abbc34bdc2d92178b4576"
		},
		{
			"_id": "5c6687d65e9d882c8841f0ff",
			"_tpl": "5963866b86f7747bfa1c4462"
		},
		{
			"_id": "5c6687d65e9d882c8841f0fe",
			"_tpl": "5963866286f7747bf429b572"
		},
		{
			"_id": "I59618247370633962lXUkDg",
			"_tpl": "572b7adb24597762ae139821",
			"parentId": "5c6687d65e9d882c8841f0fd",
			"slotId": "TacticalVest"
		},
		{
			"_id": "I331034114777799755IvFPN",
			"_tpl": "5b0bbe4e5acfc40dc528a72d",
			"parentId": "5c6687d65e9d882c8841f0fd",
			"slotId": "FirstPrimaryWeapon",
			"upd": {
				"Repairable": {
					"MaxDurability": 100,
					"Durability": 100
				}
			}
		},
		{
			"_id": "I331034119523901417zl93c",
			"_tpl": "5b099b965acfc400186331e6",
			"parentId": "I331034114777799755IvFPN",
			"slotId": "mod_pistol_grip"
		},
		{
			"_id": "I59618242228539350CYGRMv",
			"_tpl": "5b7bef1e5acfc43d82528402",
			"parentId": "I331034114777799755IvFPN",
			"slotId": "mod_magazine"
		},
		{
			"_id": "I59618249218590005WG9JN4",
			"_tpl": "58dd3ad986f77403051cba8f",
			"parentId": "I59618242228539350CYGRMv",
			"slotId": "cartridges",
			"upd": {
				"StackObjectsCount": 10
			}
		},
		{
			"_id": "I331034113877413496L1WCg",
			"_tpl": "5b7bed205acfc400161d08cc",
			"parentId": "I331034114777799755IvFPN",
			"slotId": "mod_handguard"
		},
		{
			"_id": "I3310341189943394442xK9R",
			"_tpl": "5b7be1265acfc400161d0798",
			"parentId": "I331034114777799755IvFPN",
			"slotId": "mod_barrel"
		},
		{
			"_id": "I331034119990686594Kxwa6",
			"_tpl": "5b0bc22d5acfc47a8607f085",
			"parentId": "I331034114777799755IvFPN",
			"slotId": "mod_sight_rear",
			"upd": {
				"Sight": {
					"SelectedSightMode": 0
				}
			}
		},
		{
			"_id": "I331034111238426489uWtDH",
			"_tpl": "5b7d645e5acfc400170e2f90",
			"parentId": "I331034114777799755IvFPN",
			"slotId": "mod_stock"
		},
		{
			"_id": "I59618247239430935yKZZpD",
			"_tpl": "5857a8bc2459772bad15db29",
			"parentId": "5c6687d65e9d882c8841f0fd",
			"slotId": "SecuredContainer"
		},
		{
			"_id": "I59618246758305401rggnjQ",
			"_tpl": "5a6086ea4f39f99cd479502f",
			"parentId": "I59618247239430935yKZZpD",
			"slotId": "main",
			"upd": {
				"StackObjectsCount": 60
			}
		},
		{
			"_id": "I59618241468977361q2m9ae",
			"_tpl": "5e023e88277cce2b522ff2b1",
			"parentId": "I59618247239430935yKZZpD",
			"slotId": "main",
			"upd": {
				"StackObjectsCount": 60
			}
		},
		{
			"_id": "I596182435861775536iwI8n",
			"_tpl": "5a6086ea4f39f99cd479502f",
			"parentId": "I59618247239430935yKZZpD",
			"slotId": "main",
			"upd": {
				"StackObjectsCount": 60
			}
		},
		{
			"_id": "I59618241097061395r3ffeG",
			"_tpl": "58dd3ad986f77403051cba8f",
			"parentId": "I59618247239430935yKZZpD",
			"slotId": "main",
			"upd": {
				"StackObjectsCount": 60
			}
		},
		{
			"_id": "I59618247403863153958LzI",
			"_tpl": "5e023e6e34d52a55c3304f71",
			"parentId": "I59618247239430935yKZZpD",
			"slotId": "main",
			"upd": {
				"StackObjectsCount": 60
			}
		},
		{
			"_id": "I59618247874053989hRmXtB",
			"_tpl": "5a608bf24f39f98ffc77720e",
			"parentId": "I59618247239430935yKZZpD",
			"slotId": "main",
			"upd": {
				"StackObjectsCount": 60
			}
		},
		{
			"_id": "I59618243931848557Cp4VTF",
			"_tpl": "5e023e6e34d52a55c3304f71",
			"parentId": "I59618247239430935yKZZpD",
			"slotId": "main",
			"upd": {
				"StackObjectsCount": 60
			}
		},
		{
			"_id": "I59618241758637137gppInG",
			"_tpl": "5a6086ea4f39f99cd479502f",
			"parentId": "I59618247239430935yKZZpD",
			"slotId": "main",
			"upd": {
				"StackObjectsCount": 60
			}
		},
		{
			"_id": "I59618244096235509YONjAm",
			"_tpl": "5e023e88277cce2b522ff2b1",
			"parentId": "I59618247239430935yKZZpD",
			"slotId": "main",
			"upd": {
				"StackObjectsCount": 60
			}
		},
		{
			"_id": "I59618248549589004hAQbqI",
			"_tpl": "5b7bef1e5acfc43d82528402",
			"parentId": "I59618247370633962lXUkDg",
			"slotId": "2",
			"location": {
				"x": 0,
				"y": 0,
				"r": "Horizontal"
			}
		},
		{
			"_id": "I59618245472810903FVyD4E",
			"_tpl": "5a6086ea4f39f99cd479502f",
			"parentId": "I59618248549589004hAQbqI",
			"slotId": "cartridges",
			"upd": {
				"StackObjectsCount": 10
			}
		},
		{
			"_id": "I59618244620565964c3MoGm",
			"_tpl": "5b7bef1e5acfc43d82528402",
			"parentId": "I59618247370633962lXUkDg",
			"slotId": "2",
			"location": {
				"x": 0,
				"y": 1,
				"r": "Horizontal"
			}
		},
		{
			"_id": "I59618246147262166yHLOyf",
			"_tpl": "5a608bf24f39f98ffc77720e",
			"parentId": "I59618244620565964c3MoGm",
			"slotId": "cartridges",
			"upd": {
				"StackObjectsCount": 10
			}
		},
		{
			"_id": "I596182429635853986Taj0W",
			"_tpl": "54491bb74bdc2d09088b4567",
			"parentId": "5c6687d65e9d882c8841f0fd",
			"slotId": "Scabbard"
		},
		{
			"_id": "I59618241654037595pJoJuD",
			"_tpl": "5c08f87c0db8340019124324",
			"parentId": "5c6687d65e9d882c8841f0fd",
			"slotId": "Headwear"
		},
		{
			"_id": "I59618249728040873ScOVcA",
			"_tpl": "5bd06f5d86f77427101ad47c",
			"parentId": "5c6687d65e9d882c8841f0fd",
			"slotId": "FaceCover"
		},
		{
			"_id": "I5961824487831194506qzG8",
			"_tpl": "544a5cde4bdc2d39388b456b",
			"parentId": "5c6687d65e9d882c8841f0fd",
			"slotId": "Backpack"
		},
		{
			"_id": "I59618244904797913CAXguh",
			"_tpl": "590c31c586f774245e3141b2",
			"parentId": "I5961824487831194506qzG8",
			"slotId": "main",
			"location": {
				"x": 0,
				"y": 0,
				"r": "Horizontal"
			}
		},
		{
			"_id": "I59618249699326516bqelaa",
			"_tpl": "5780d07a2459777de4559324",
			"parentId": "I5961824487831194506qzG8",
			"slotId": "main",
			"location": {
				"x": 0,
				"y": 1,
				"r": "Horizontal"
			}
		},
		{
			"_id": "I5961824537527809112itut",
			"_tpl": "5755356824597772cb798962",
			"parentId": "I5961824487831194506qzG8",
			"slotId": "main",
			"location": {
				"x": 0,
				"y": 2,
				"r": "Horizontal"
			}
		},
		{
			"_id": "I59618248494397115PRori1",
			"_tpl": "5a7c74b3e899ef0014332c29",
			"parentId": "I5961824487831194506qzG8",
			"slotId": "main",
			"location": {
				"x": 0,
				"y": 3,
				"r": "Horizontal"
			}
		},
		{
			"_id": "I59618247572562637bARE4J",
			"_tpl": "57347d8724597744596b4e76",
			"parentId": "I5961824487831194506qzG8",
			"slotId": "main",
			"location": {
				"x": 1,
				"y": 0,
				"r": "Horizontal"
			}
		},
		{
			"_id": "I596182437145652439IAO1j",
			"_tpl": "5e2af2bc86f7746d3f3c33fc",
			"parentId": "I5961824487831194506qzG8",
			"slotId": "main",
			"location": {
				"x": 1,
				"y": 1,
				"r": "Horizontal"
			}
		},
		{
			"_id": "I59618244464598278Sgz1hX",
			"_tpl": "59e7635f86f7742cbf2c1095",
			"parentId": "5c6687d65e9d882c8841f0fd",
			"slotId": "ArmorVest",
			"upd": {
				"Repairable": {
					"MaxDurability": 40,
					"Durability": 29
				}
			}
		},
		{
			"_id": "I59618247520591484brgJVJ",
			"_tpl": "5914578086f774123569ffa4",
			"parentId": "5c6687d65e9d882c8841f121",
			"slotId": "pocket1",
			"location": {
				"x": 0,
				"y": 0,
				"r": "Horizontal"
			},
			"upd": {
				"SpawnedInSession": true
			}
		}
	],
	"equipment": "5c6687d65e9d882c8841f0fd",
	"stash": "5c6687d65e9d882c8841f0fc",
	"questRaidItems": "5c6687d65e9d882c8841f0fe",
	"questStashItems": "5c6687d65e9d882c8841f0ff",
	"fastPanel": {}
}