{
	"items": [
		{
			"_id": "5c6687d65e9d882c8841f0fd",
			"_tpl": "55d7217a4bdc2d86028b456d"
		},
		{
			"_id": "5c6687d65e9d882c8841f121",
			"_tpl": "557ffd194bdc2d28148b457f",
			"parentId": "5c6687d65e9d882c8841f0fd",
			"slotId": "Pockets"
		},
		{
			"_id": "5c6687d65e9d882c8841f0fc",
			"_tpl": "566abbc34bdc2d92178b4576"
		},
		{
			"_id": "5c6687d65e9d882c8841f0ff",
			"_tpl": "5963866b86f7747bfa1c4462"
		},
		{
			"_id": "5c6687d65e9d882c8841f0fe",
			"_tpl": "5963866286f7747bf429b572"
		},
		{
			"_id": "I59618249898962977vwChVq",
			"_tpl": "5648a69d4bdc2ded0b8b457b",
			"parentId": "5c6687d65e9d882c8841f0fd",
			"slotId": "TacticalVest"
		},
		{
			"_id": "I331046127773593669uVtsF",
			"_tpl": "5644bd2b4bdc2d3b4c8b4572",
			"parentId": "5c6687d65e9d882c8841f0fd",
			"slotId": "FirstPrimaryWeapon",
			"upd": {
				"Repairable": {
					"MaxDurability": 100,
					"Durability": 100
				}
			}
		},
		{
			"_id": "I331046127771444184gnvsM",
			"_tpl": "59c6633186f7740cf0493bb9",
			"parentId": "I331046127773593669uVtsF",
			"slotId": "mod_gas_block"
		},
		{
			"_id": "I3310461232797883875p2bj",
			"_tpl": "5649aa744bdc2ded0b8b457e",
			"parentId": "I331046127773593669uVtsF",
			"slotId": "mod_muzzle"
		},
		{
			"_id": "I331046124161133240AcIgM",
			"_tpl": "5649ad3f4bdc2df8348b4585",
			"parentId": "I331046127773593669uVtsF",
			"slotId": "mod_pistol_grip"
		},
		{
			"_id": "I331046127584523856SzisX",
			"_tpl": "5649af094bdc2df8348b4586",
			"parentId": "I331046127773593669uVtsF",
			"slotId": "mod_reciever"
		},
		{
			"_id": "I331046127637814350xNMrd",
			"_tpl": "5649b0544bdc2d1b2b8b458a",
			"parentId": "I331046127773593669uVtsF",
			"slotId": "mod_sight_rear",
			"upd": {
				"Sight": {
					"SelectedSightMode": 0
				}
			}
		},
		{
			"_id": "I331046125755512910n5ptt",
			"_tpl": "5649b1c04bdc2d16268b457c",
			"parentId": "I331046127773593669uVtsF",
			"slotId": "mod_stock"
		},
		{
			"_id": "I59618245734369436TAgHdk",
			"_tpl": "55d480c04bdc2d1d4e8b456a",
			"parentId": "I331046127773593669uVtsF",
			"slotId": "mod_magazine"
		},
		{
			"_id": "I59618245856692380TPYTmR",
			"_tpl": "56dff026d2720bb8668b4567",
			"parentId": "I59618245734369436TAgHdk",
			"slotId": "cartridges",
			"upd": {
				"StackObjectsCount": 30
			}
		},
		{
			"_id": "I3310461278782270134nnCe",
			"_tpl": "57acb6222459771ec34b5cb0",
			"parentId": "I331046127773593669uVtsF",
			"slotId": "mod_mount_000"
		},
		{
			"_id": "I331046121407077243Ljhw6",
			"_tpl": "5648b4534bdc2d3d1c8b4580",
			"parentId": "I331046127771444184gnvsM",
			"slotId": "mod_handguard"
		},
		{
			"_id": "I331046125854884947RZrUx",
			"_tpl": "570fd721d2720bc5458b4596",
			"parentId": "I3310461278782270134nnCe",
			"slotId": "mod_scope",
			"upd": {
				"Sight": {
					"SelectedSightMode": 0
				}
			}
		},
		{
			"_id": "I331046129518444139PcKmL",
			"_tpl": "56def37dd2720bec348b456a",
			"parentId": "I331046121407077243Ljhw6",
			"slotId": "mod_tactical_001",
			"upd": {
				"Light": {
					"IsActive": true,
					"SelectedMode": 0
				}
			}
		},
		{
			"_id": "I59618241172471900l7UgoW",
			"_tpl": "5857a8bc2459772bad15db29",
			"parentId": "5c6687d65e9d882c8841f0fd",
			"slotId": "SecuredContainer"
		},
		{
			"_id": "I59618245871616179LM0qcS",
			"_tpl": "56dff3afd2720bba668b4567",
			"parentId": "I59618241172471900l7UgoW",
			"slotId": "main",
			"upd": {
				"StackObjectsCount": 60
			}
		},
		{
			"_id": "I59618243761613315JGYYzG",
			"_tpl": "56dfef82d2720bbd668b4567",
			"parentId": "I59618241172471900l7UgoW",
			"slotId": "main",
			"upd": {
				"StackObjectsCount": 60
			}
		},
		{
			"_id": "I59618242857249390CVedrf",
			"_tpl": "56dff421d2720b5f5a8b4567",
			"parentId": "I59618241172471900l7UgoW",
			"slotId": "main",
			"upd": {
				"StackObjectsCount": 60
			}
		},
		{
			"_id": "I59618244364068227VDQ0Sq",
			"_tpl": "5c0d5e4486f77478390952fe",
			"parentId": "I59618241172471900l7UgoW",
			"slotId": "main",
			"upd": {
				"StackObjectsCount": 60
			}
		},
		{
			"_id": "I596182488848278756erzzW",
			"_tpl": "56dff216d2720bbd668b4568",
			"parentId": "I59618241172471900l7UgoW",
			"slotId": "main",
			"upd": {
				"StackObjectsCount": 60
			}
		},
		{
			"_id": "I59618248681364190UhRsEA",
			"_tpl": "56dff4a2d2720bbd668b456a",
			"parentId": "I59618241172471900l7UgoW",
			"slotId": "main",
			"upd": {
				"StackObjectsCount": 60
			}
		},
		{
			"_id": "I59618249153340929n1x3yN",
			"_tpl": "56dff216d2720bbd668b4568",
			"parentId": "I59618241172471900l7UgoW",
			"slotId": "main",
			"upd": {
				"StackObjectsCount": 60
			}
		},
		{
			"_id": "I59618242445583049O48F2g",
			"_tpl": "56dfef82d2720bbd668b4567",
			"parentId": "I59618241172471900l7UgoW",
			"slotId": "main",
			"upd": {
				"StackObjectsCount": 60
			}
		},
		{
			"_id": "I59618243225713416fq4jyP",
			"_tpl": "56dff4ecd2720b5f5a8b4568",
			"parentId": "I59618241172471900l7UgoW",
			"slotId": "main",
			"upd": {
				"StackObjectsCount": 60
			}
		},
		{
			"_id": "I596182466522527457c4L8V",
			"_tpl": "544fb25a4bdc2dfb738b4567",
			"parentId": "I59618249898962977vwChVq",
			"slotId": "1"
		},
		{
			"_id": "I59618241028535035wT3JDZ",
			"_tpl": "5bed61680db834001d2c45ab",
			"parentId": "I59618249898962977vwChVq",
			"slotId": "2",
			"location": {
				"x": 0,
				"y": 0,
				"r": "Horizontal"
			}
		},
		{
			"_id": "I596182431662220270TLgNc",
			"_tpl": "56dff216d2720bbd668b4568",
			"parentId": "I59618241028535035wT3JDZ",
			"slotId": "cartridges",
			"upd": {
				"StackObjectsCount": 30
			}
		},
		{
			"_id": "I59618247855476003lUan9X",
			"_tpl": "5bed61680db834001d2c45ab",
			"parentId": "I59618249898962977vwChVq",
			"slotId": "4",
			"location": {
				"x": 0,
				"y": 0,
				"r": "Horizontal"
			}
		},
		{
			"_id": "I596182492636427433lobDo",
			"_tpl": "56dff061d2720bb5668b4567",
			"parentId": "I59618247855476003lUan9X",
			"slotId": "cartridges",
			"upd": {
				"StackObjectsCount": 30
			}
		},
		{
			"_id": "I59618242352427665t6Eu9E",
			"_tpl": "5bed61680db834001d2c45ab",
			"parentId": "I59618249898962977vwChVq",
			"slotId": "11",
			"location": {
				"x": 0,
				"y": 0,
				"r": "Horizontal"
			}
		},
		{
			"_id": "I59618241313108088ttkIZS",
			"_tpl": "56dff3afd2720bba668b4567",
			"parentId": "I59618242352427665t6Eu9E",
			"slotId": "cartridges",
			"upd": {
				"StackObjectsCount": 30
			}
		},
		{
			"_id": "I59618249691239371DwaCWp",
			"_tpl": "5448be9a4bdc2dfd2f8b456a",
			"parentId": "I59618249898962977vwChVq",
			"slotId": "6"
		},
		{
			"_id": "I59618242139605977hMLQHv",
			"_tpl": "5bffdc370db834001d23eca8",
			"parentId": "5c6687d65e9d882c8841f0fd",
			"slotId": "Scabbard"
		},
		{
			"_id": "I59618242172242343afdbKq",
			"_tpl": "5b40e61f5acfc4001a599bec",
			"parentId": "5c6687d65e9d882c8841f0fd",
			"slotId": "Headwear"
		},
		{
			"_id": "I59618242123766358N2TtLc",
			"_tpl": "590c5bbd86f774785762df04",
			"parentId": "5c6687d65e9d882c8841f121",
			"slotId": "pocket1",
			"location": {
				"x": 0,
				"y": 0,
				"r": "Horizontal"
			},
			"upd": {
				"SpawnedInSession": true
			}
		},
		{
			"_id": "I59618245880260608Dx7q5L",
			"_tpl": "5783c43d2459774bbe137486",
			"parentId": "5c6687d65e9d882c8841f121",
			"slotId": "pocket2",
			"location": {
				"x": 0,
				"y": 0,
				"r": "Horizontal"
			},
			"upd": {
				"SpawnedInSession": true
			}
		},
		{
			"_id": "I59618249132251509VDQ9I8",
			"_tpl": "590c2c9c86f774245b1f03f2",
			"parentId": "5c6687d65e9d882c8841f121",
			"slotId": "pocket3",
			"location": {
				"x": 0,
				"y": 0,
				"r": "Horizontal"
			},
			"upd": {
				"SpawnedInSession": true
			}
		}
	],
	"equipment": "5c6687d65e9d882c8841f0fd",
	"stash": "5c6687d65e9d882c8841f0fc",
	"questRaidItems": "5c6687d65e9d882c8841f0fe",
	"questStashItems": "5c6687d65e9d882c8841f0ff",
	"fastPanel": {}
}