{
	"items": [
		{
			"_id": "5c6687d65e9d882c8841f0fd",
			"_tpl": "55d7217a4bdc2d86028b456d"
		},
		{
			"_id": "5c6687d65e9d882c8841f121",
			"_tpl": "557ffd194bdc2d28148b457f",
			"parentId": "5c6687d65e9d882c8841f0fd",
			"slotId": "Pockets"
		},
		{
			"_id": "5c6687d65e9d882c8841f0fc",
			"_tpl": "566abbc34bdc2d92178b4576"
		},
		{
			"_id": "5c6687d65e9d882c8841f0ff",
			"_tpl": "5963866b86f7747bfa1c4462"
		},
		{
			"_id": "5c6687d65e9d882c8841f0fe",
			"_tpl": "5963866286f7747bf429b572"
		},
		{
			"_id": "I59618244020663422EMZM2Y",
			"_tpl": "5e4abfed86f77406a2713cf7",
			"parentId": "5c6687d65e9d882c8841f0fd",
			"slotId": "TacticalVest"
		},
		{
			"_id": "I331022513615285391v8jev",
			"_tpl": "583990e32459771419544dd2",
			"parentId": "5c6687d65e9d882c8841f0fd",
			"slotId": "FirstPrimaryWeapon",
			"upd": {
				"Repairable": {
					"MaxDurability": 100,
					"Durability": 100
				}
			}
		},
		{
			"_id": "I331022513513120381mPklm",
			"_tpl": "5649ad3f4bdc2df8348b4585",
			"parentId": "I331022513615285391v8jev",
			"slotId": "mod_pistol_grip"
		},
		{
			"_id": "I3310225123475816610QvyT",
			"_tpl": "57dc347d245977596754e7a1",
			"parentId": "I331022513615285391v8jev",
			"slotId": "mod_stock"
		},
		{
			"_id": "I59618243069550613LwU1Ey",
			"_tpl": "55d4837c4bdc2d1d4e8b456c",
			"parentId": "I331022513615285391v8jev",
			"slotId": "mod_magazine"
		},
		{
			"_id": "I59618246427910508QC2B2K",
			"_tpl": "56dff216d2720bbd668b4568",
			"parentId": "I59618243069550613LwU1Ey",
			"slotId": "cartridges",
			"upd": {
				"StackObjectsCount": 10
			}
		},
		{
			"_id": "I3310225147058858019k3a8",
			"_tpl": "57dc324a24597759501edc20",
			"parentId": "I331022513615285391v8jev",
			"slotId": "mod_muzzle"
		},
		{
			"_id": "I331022519924121824JaJpl",
			"_tpl": "59d36a0086f7747e673f3946",
			"parentId": "I331022513615285391v8jev",
			"slotId": "mod_gas_block"
		},
		{
			"_id": "I3310225117910297229F7hz",
			"_tpl": "56dfef82d2720bbd668b4567",
			"parentId": "I331022518740798636S0FY3",
			"slotId": "cartridges",
			"location": 0,
			"upd": {
				"StackObjectsCount": 30
			}
		},
		{
			"_id": "I3310225161860541350eHyK",
			"_tpl": "57dc32dc245977596d4ef3d3",
			"parentId": "I331022519924121824JaJpl",
			"slotId": "mod_handguard"
		},
		{
			"_id": "I59618248448055136PmJ39f",
			"_tpl": "5857a8bc2459772bad15db29",
			"parentId": "5c6687d65e9d882c8841f0fd",
			"slotId": "SecuredContainer"
		},
		{
			"_id": "I59618243653138250me4bRR",
			"_tpl": "56dff4a2d2720bbd668b456a",
			"parentId": "I59618248448055136PmJ39f",
			"slotId": "main",
			"upd": {
				"StackObjectsCount": 60
			}
		},
		{
			"_id": "I59618245180763264h84ZJC",
			"_tpl": "56dff4ecd2720b5f5a8b4568",
			"parentId": "I59618248448055136PmJ39f",
			"slotId": "main",
			"upd": {
				"StackObjectsCount": 60
			}
		},
		{
			"_id": "I59618248426354256qsxsXE",
			"_tpl": "5c0d5e4486f77478390952fe",
			"parentId": "I59618248448055136PmJ39f",
			"slotId": "main",
			"upd": {
				"StackObjectsCount": 60
			}
		},
		{
			"_id": "I59618247866834864r4CVlF",
			"_tpl": "56dff026d2720bb8668b4567",
			"parentId": "I59618248448055136PmJ39f",
			"slotId": "main",
			"upd": {
				"StackObjectsCount": 60
			}
		},
		{
			"_id": "I59618243382794616dZNSL8",
			"_tpl": "56dff4a2d2720bbd668b456a",
			"parentId": "I59618248448055136PmJ39f",
			"slotId": "main",
			"upd": {
				"StackObjectsCount": 60
			}
		},
		{
			"_id": "I59618247194721631yJKgYc",
			"_tpl": "56dff061d2720bb5668b4567",
			"parentId": "I59618248448055136PmJ39f",
			"slotId": "main",
			"upd": {
				"StackObjectsCount": 60
			}
		},
		{
			"_id": "I59618247999053433Xy240H",
			"_tpl": "56dff026d2720bb8668b4567",
			"parentId": "I59618248448055136PmJ39f",
			"slotId": "main",
			"upd": {
				"StackObjectsCount": 60
			}
		},
		{
			"_id": "I59618244785689328VLAsgY",
			"_tpl": "56dff061d2720bb5668b4567",
			"parentId": "I59618248448055136PmJ39f",
			"slotId": "main",
			"upd": {
				"StackObjectsCount": 60
			}
		},
		{
			"_id": "I59618242476854138AB1zcZ",
			"_tpl": "56dff338d2720bbd668b4569",
			"parentId": "I59618248448055136PmJ39f",
			"slotId": "main",
			"upd": {
				"StackObjectsCount": 60
			}
		},
		{
			"_id": "I59618243266182706hVudAq",
			"_tpl": "55d4837c4bdc2d1d4e8b456c",
			"parentId": "I59618244020663422EMZM2Y",
			"slotId": "1",
			"location": {
				"x": 0,
				"y": 0,
				"r": "Horizontal"
			}
		},
		{
			"_id": "I59618246356557179px34jr",
			"_tpl": "5c0d5e4486f77478390952fe",
			"parentId": "I59618243266182706hVudAq",
			"slotId": "cartridges",
			"upd": {
				"StackObjectsCount": 10
			}
		},
		{
			"_id": "I59618249494404416T0kR4z",
			"_tpl": "55d4837c4bdc2d1d4e8b456c",
			"parentId": "I59618244020663422EMZM2Y",
			"slotId": "1",
			"location": {
				"x": 0,
				"y": 1,
				"r": "Horizontal"
			}
		},
		{
			"_id": "I596182427043936788vgCr9",
			"_tpl": "56dff2ced2720bb4668b4567",
			"parentId": "I59618249494404416T0kR4z",
			"slotId": "cartridges",
			"upd": {
				"StackObjectsCount": 10
			}
		},
		{
			"_id": "I59618248310175193LNEP63",
			"_tpl": "55d4837c4bdc2d1d4e8b456c",
			"parentId": "I59618244020663422EMZM2Y",
			"slotId": "3",
			"location": {
				"x": 0,
				"y": 0,
				"r": "Horizontal"
			}
		},
		{
			"_id": "I59618245190527137OLSuc3",
			"_tpl": "56dff3afd2720bba668b4567",
			"parentId": "I59618248310175193LNEP63",
			"slotId": "cartridges",
			"upd": {
				"StackObjectsCount": 10
			}
		},
		{
			"_id": "I596182416818177803GCBTe",
			"_tpl": "55d4837c4bdc2d1d4e8b456c",
			"parentId": "I59618244020663422EMZM2Y",
			"slotId": "3",
			"location": {
				"x": 0,
				"y": 1,
				"r": "Horizontal"
			}
		},
		{
			"_id": "I5961824837009881304YpSm",
			"_tpl": "56dff4a2d2720bbd668b456a",
			"parentId": "I596182416818177803GCBTe",
			"slotId": "cartridges",
			"upd": {
				"StackObjectsCount": 10
			}
		},
		{
			"_id": "I59618247734763257kuFaB3",
			"_tpl": "56dff2ced2720bb4668b4567",
			"parentId": "I59618244020663422EMZM2Y",
			"slotId": "6",
			"upd": {
				"StackObjectsCount": 11
			}
		},
		{
			"_id": "I59618246584765641W64m7v",
			"_tpl": "56dfef82d2720bbd668b4567",
			"parentId": "I59618244020663422EMZM2Y",
			"slotId": "8",
			"upd": {
				"StackObjectsCount": 35
			}
		},
		{
			"_id": "I596182438051226988kmnBl",
			"_tpl": "5bffdc370db834001d23eca8",
			"parentId": "5c6687d65e9d882c8841f0fd",
			"slotId": "Scabbard"
		},
		{
			"_id": "I59618246528511981CqtvxG",
			"_tpl": "5aa2b89be5b5b0001569311f",
			"parentId": "5c6687d65e9d882c8841f0fd",
			"slotId": "Headwear"
		},
		{
			"_id": "I59618245097313933xXOK2l",
			"_tpl": "5bd06f5d86f77427101ad47c",
			"parentId": "5c6687d65e9d882c8841f0fd",
			"slotId": "FaceCover"
		},
		{
			"_id": "I59618249406022859waSB9Q",
			"_tpl": "56e33634d2720bd8058b456b",
			"parentId": "5c6687d65e9d882c8841f0fd",
			"slotId": "Backpack"
		},
		{
			"_id": "I596182471261332307RZOsM",
			"_tpl": "5ab8e79e86f7742d8b372e78",
			"parentId": "5c6687d65e9d882c8841f0fd",
			"slotId": "ArmorVest",
			"upd": {
				"Repairable": {
					"MaxDurability": 65,
					"Durability": 37
				}
			}
		},
		{
			"_id": "I59618241521961528GywxqA",
			"_tpl": "5af04b6486f774195a3ebb49",
			"parentId": "5c6687d65e9d882c8841f121",
			"slotId": "pocket1",
			"location": {
				"x": 0,
				"y": 0,
				"r": "Horizontal"
			},
			"upd": {
				"SpawnedInSession": true
			}
		}
	],
	"equipment": "5c6687d65e9d882c8841f0fd",
	"stash": "5c6687d65e9d882c8841f0fc",
	"questRaidItems": "5c6687d65e9d882c8841f0fe",
	"questStashItems": "5c6687d65e9d882c8841f0ff",
	"fastPanel": {}
}