{
	"items": [
		{
			"_id": "5c6687d65e9d882c8841f0fd",
			"_tpl": "55d7217a4bdc2d86028b456d"
		},
		{
			"_id": "5c6687d65e9d882c8841f121",
			"_tpl": "557ffd194bdc2d28148b457f",
			"parentId": "5c6687d65e9d882c8841f0fd",
			"slotId": "Pockets"
		},
		{
			"_id": "5c6687d65e9d882c8841f0fc",
			"_tpl": "566abbc34bdc2d92178b4576"
		},
		{
			"_id": "5c6687d65e9d882c8841f0ff",
			"_tpl": "5963866b86f7747bfa1c4462"
		},
		{
			"_id": "5c6687d65e9d882c8841f0fe",
			"_tpl": "5963866286f7747bf429b572"
		},
		{
			"_id": "I59618246328588889tjzBcp",
			"_tpl": "5648a69d4bdc2ded0b8b457b",
			"parentId": "5c6687d65e9d882c8841f0fd",
			"slotId": "TacticalVest"
		},
		{
			"_id": "I210051403484529800nw29F",
			"_tpl": "5b0bbe4e5acfc40dc528a72d",
			"parentId": "5c6687d65e9d882c8841f0fd",
			"slotId": "FirstPrimaryWeapon",
			"upd": {
				"Repairable": {
					"MaxDurability": 100,
					"Durability": 100
				}
			}
		},
		{
			"_id": "I210051405996909685vFIbo",
			"_tpl": "5b099b965acfc400186331e6",
			"parentId": "I210051403484529800nw29F",
			"slotId": "mod_pistol_grip"
		},
		{
			"_id": "I59618242459975922y4yaSe",
			"_tpl": "5b7bef1e5acfc43d82528402",
			"parentId": "I210051403484529800nw29F",
			"slotId": "mod_magazine"
		},
		{
			"_id": "I59618244336152418KKSfwp",
			"_tpl": "5e023e88277cce2b522ff2b1",
			"parentId": "I59618242459975922y4yaSe",
			"slotId": "cartridges",
			"upd": {
				"StackObjectsCount": 10
			}
		},
		{
			"_id": "I210051405216472113YjNeL",
			"_tpl": "5b099a9d5acfc47a8607efe7",
			"parentId": "I210051403484529800nw29F",
			"slotId": "mod_handguard"
		},
		{
			"_id": "I2100514049037118355OYUz",
			"_tpl": "5b099a765acfc47a8607efe3",
			"parentId": "I210051403484529800nw29F",
			"slotId": "mod_barrel"
		},
		{
			"_id": "I2100514075276815925qiFw",
			"_tpl": "5b0bc22d5acfc47a8607f085",
			"parentId": "I210051403484529800nw29F",
			"slotId": "mod_sight_rear",
			"upd": {
				"Sight": {
					"SelectedSightMode": 0
				}
			}
		},
		{
			"_id": "I21005140392907797484gna",
			"_tpl": "5b099b7d5acfc400186331e4",
			"parentId": "I2100514049037118355OYUz",
			"slotId": "mod_muzzle"
		},
		{
			"_id": "I59618248505792366kzvUuR",
			"_tpl": "5857a8bc2459772bad15db29",
			"parentId": "5c6687d65e9d882c8841f0fd",
			"slotId": "SecuredContainer"
		},
		{
			"_id": "I59618244270267108Cmgu0C",
			"_tpl": "5e023e6e34d52a55c3304f71",
			"parentId": "I59618248505792366kzvUuR",
			"slotId": "main",
			"upd": {
				"StackObjectsCount": 60
			}
		},
		{
			"_id": "I59618243168538911kOo6d3",
			"_tpl": "5e023e88277cce2b522ff2b1",
			"parentId": "I59618248505792366kzvUuR",
			"slotId": "main",
			"upd": {
				"StackObjectsCount": 60
			}
		},
		{
			"_id": "I59618245797723111AxGNXq",
			"_tpl": "58dd3ad986f77403051cba8f",
			"parentId": "I59618248505792366kzvUuR",
			"slotId": "main",
			"upd": {
				"StackObjectsCount": 60
			}
		},
		{
			"_id": "I59618249435743570IeVOit",
			"_tpl": "5e023e53d4353e3302577c4c",
			"parentId": "I59618248505792366kzvUuR",
			"slotId": "main",
			"upd": {
				"StackObjectsCount": 60
			}
		},
		{
			"_id": "I59618246160142811thTyW0",
			"_tpl": "5e023e53d4353e3302577c4c",
			"parentId": "I59618248505792366kzvUuR",
			"slotId": "main",
			"upd": {
				"StackObjectsCount": 60
			}
		},
		{
			"_id": "I596182468086948626RtbUD",
			"_tpl": "58dd3ad986f77403051cba8f",
			"parentId": "I59618248505792366kzvUuR",
			"slotId": "main",
			"upd": {
				"StackObjectsCount": 60
			}
		},
		{
			"_id": "I59618245851186083yxlFJx",
			"_tpl": "5e023e53d4353e3302577c4c",
			"parentId": "I59618248505792366kzvUuR",
			"slotId": "main",
			"upd": {
				"StackObjectsCount": 60
			}
		},
		{
			"_id": "I59618244333444474wQ6Hk6",
			"_tpl": "5e023e88277cce2b522ff2b1",
			"parentId": "I59618248505792366kzvUuR",
			"slotId": "main",
			"upd": {
				"StackObjectsCount": 60
			}
		},
		{
			"_id": "I5961824504891500906NsUq",
			"_tpl": "5e023e6e34d52a55c3304f71",
			"parentId": "I59618248505792366kzvUuR",
			"slotId": "main",
			"upd": {
				"StackObjectsCount": 60
			}
		},
		{
			"_id": "I59618246534057099uq82xw",
			"_tpl": "5b7bef1e5acfc43d82528402",
			"parentId": "I59618246328588889tjzBcp",
			"slotId": "1",
			"location": {
				"x": 0,
				"y": 1,
				"r": "Horizontal"
			}
		},
		{
			"_id": "I596182483215560358HbOK5",
			"_tpl": "5e023e53d4353e3302577c4c",
			"parentId": "I59618246534057099uq82xw",
			"slotId": "cartridges",
			"upd": {
				"StackObjectsCount": 10
			}
		},
		{
			"_id": "I59618244300929179cWyhlm",
			"_tpl": "5b7bef1e5acfc43d82528402",
			"parentId": "I59618246328588889tjzBcp",
			"slotId": "3",
			"location": {
				"x": 0,
				"y": 0,
				"r": "Horizontal"
			}
		},
		{
			"_id": "I59618244938290128QtH4fo",
			"_tpl": "5a6086ea4f39f99cd479502f",
			"parentId": "I59618244300929179cWyhlm",
			"slotId": "cartridges",
			"upd": {
				"StackObjectsCount": 10
			}
		},
		{
			"_id": "I59618249258265768x9RG58",
			"_tpl": "5b7bef1e5acfc43d82528402",
			"parentId": "I59618246328588889tjzBcp",
			"slotId": "10",
			"location": {
				"x": 0,
				"y": 0,
				"r": "Horizontal"
			}
		},
		{
			"_id": "I59618246995622008jwWk0I",
			"_tpl": "5a6086ea4f39f99cd479502f",
			"parentId": "I59618249258265768x9RG58",
			"slotId": "cartridges",
			"upd": {
				"StackObjectsCount": 10
			}
		},
		{
			"_id": "I59618241639794376Pz75Ro",
			"_tpl": "5b7bef1e5acfc43d82528402",
			"parentId": "I59618246328588889tjzBcp",
			"slotId": "10",
			"location": {
				"x": 0,
				"y": 1,
				"r": "Horizontal"
			}
		},
		{
			"_id": "I59618242376746544Wg5dnd",
			"_tpl": "58dd3ad986f77403051cba8f",
			"parentId": "I59618241639794376Pz75Ro",
			"slotId": "cartridges",
			"upd": {
				"StackObjectsCount": 10
			}
		},
		{
			"_id": "I59618244949521918txghn0",
			"_tpl": "5a608bf24f39f98ffc77720e",
			"parentId": "I59618246328588889tjzBcp",
			"slotId": "6",
			"upd": {
				"StackObjectsCount": 23
			}
		},
		{
			"_id": "I59618247962211559Rvk9Iu",
			"_tpl": "5e023e53d4353e3302577c4c",
			"parentId": "I59618246328588889tjzBcp",
			"slotId": "8",
			"upd": {
				"StackObjectsCount": 32
			}
		},
		{
			"_id": "I59618245698655453R0v2ty",
			"_tpl": "57e26fc7245977162a14b800",
			"parentId": "5c6687d65e9d882c8841f0fd",
			"slotId": "Scabbard"
		},
		{
			"_id": "I596182430412488154ViYqG",
			"_tpl": "5c0d32fcd174af02a1659c75",
			"parentId": "5c6687d65e9d882c8841f0fd",
			"slotId": "Eyewear"
		},
		{
			"_id": "I59618248067698973KgpctC",
			"_tpl": "56e33680d2720be2748b4576",
			"parentId": "5c6687d65e9d882c8841f0fd",
			"slotId": "Backpack"
		},
		{
			"_id": "I59618244513371808OA9gjs",
			"_tpl": "575062b524597720a31c09a1",
			"parentId": "I59618248067698973KgpctC",
			"slotId": "main",
			"location": {
				"x": 0,
				"y": 0,
				"r": "Horizontal"
			}
		},
		{
			"_id": "I59618249540935955my619W",
			"_tpl": "57347d3d245977448f7b7f61",
			"parentId": "I59618248067698973KgpctC",
			"slotId": "main",
			"location": {
				"x": 0,
				"y": 1,
				"r": "Horizontal"
			}
		},
		{
			"_id": "I59618249985927474Y9Yge2",
			"_tpl": "5448fee04bdc2dbc018b4567",
			"parentId": "I59618248067698973KgpctC",
			"slotId": "main",
			"location": {
				"x": 1,
				"y": 0,
				"r": "Horizontal"
			}
		},
		{
			"_id": "I59618246934082542nHxyQY",
			"_tpl": "57347d8724597744596b4e76",
			"parentId": "I59618248067698973KgpctC",
			"slotId": "main",
			"location": {
				"x": 0,
				"y": 2,
				"r": "Horizontal"
			}
		},
		{
			"_id": "I59618243541455307O3irKN",
			"_tpl": "590c311186f77424d1667482",
			"parentId": "I59618248067698973KgpctC",
			"slotId": "main",
			"location": {
				"x": 1,
				"y": 2,
				"r": "Horizontal"
			}
		},
		{
			"_id": "I596182474860870677Zglyy",
			"_tpl": "59e35ef086f7741777737012",
			"parentId": "I59618248067698973KgpctC",
			"slotId": "main",
			"location": {
				"x": 2,
				"y": 0,
				"r": "Horizontal"
			}
		},
		{
			"_id": "I59618242252183011hdjsr7",
			"_tpl": "5e2aedd986f7746d404f3aa4",
			"parentId": "5c6687d65e9d882c8841f121",
			"slotId": "pocket1",
			"location": {
				"x": 0,
				"y": 0,
				"r": "Horizontal"
			},
			"upd": {
				"SpawnedInSession": true
			}
		},
		{
			"_id": "I59618247204527418yatD86",
			"_tpl": "590c2d8786f774245b1f03f3",
			"parentId": "5c6687d65e9d882c8841f121",
			"slotId": "pocket2",
			"location": {
				"x": 0,
				"y": 0,
				"r": "Horizontal"
			},
			"upd": {
				"SpawnedInSession": true
			}
		},
		{
			"_id": "I59618249300494703fUI7Og",
			"_tpl": "5e2af22086f7746d3f3c33fa",
			"parentId": "5c6687d65e9d882c8841f121",
			"slotId": "pocket3",
			"location": {
				"x": 0,
				"y": 0,
				"r": "Horizontal"
			},
			"upd": {
				"SpawnedInSession": true
			}
		}
	],
	"equipment": "5c6687d65e9d882c8841f0fd",
	"stash": "5c6687d65e9d882c8841f0fc",
	"questRaidItems": "5c6687d65e9d882c8841f0fe",
	"questStashItems": "5c6687d65e9d882c8841f0ff",
	"fastPanel": {}
}