{
	"items": [
		{
			"_id": "5c6687d65e9d882c8841f0fd",
			"_tpl": "55d7217a4bdc2d86028b456d"
		},
		{
			"_id": "5c6687d65e9d882c8841f121",
			"_tpl": "557ffd194bdc2d28148b457f",
			"parentId": "5c6687d65e9d882c8841f0fd",
			"slotId": "Pockets"
		},
		{
			"_id": "5c6687d65e9d882c8841f0fc",
			"_tpl": "566abbc34bdc2d92178b4576"
		},
		{
			"_id": "5c6687d65e9d882c8841f0ff",
			"_tpl": "5963866b86f7747bfa1c4462"
		},
		{
			"_id": "5c6687d65e9d882c8841f0fe",
			"_tpl": "5963866286f7747bf429b572"
		},
		{
			"_id": "I59618242083232665goghXW",
			"_tpl": "572b7adb24597762ae139821",
			"parentId": "5c6687d65e9d882c8841f0fd",
			"slotId": "TacticalVest"
		},
		{
			"_id": "I21007219422797693LVXFMe",
			"_tpl": "583990e32459771419544dd2",
			"parentId": "5c6687d65e9d882c8841f0fd",
			"slotId": "FirstPrimaryWeapon",
			"upd": {
				"Repairable": {
					"MaxDurability": 100,
					"Durability": 100
				}
			}
		},
		{
			"_id": "I210072131582560693Ipu7L",
			"_tpl": "5649ad3f4bdc2df8348b4585",
			"parentId": "I21007219422797693LVXFMe",
			"slotId": "mod_pistol_grip"
		},
		{
			"_id": "I21007214617119510LSCUKg",
			"_tpl": "57dc347d245977596754e7a1",
			"parentId": "I21007219422797693LVXFMe",
			"slotId": "mod_stock"
		},
		{
			"_id": "I59618247094180144scJuT4",
			"_tpl": "5bed61680db834001d2c45ab",
			"parentId": "I21007219422797693LVXFMe",
			"slotId": "mod_magazine"
		},
		{
			"_id": "I59618246946010069JohblN",
			"_tpl": "56dff421d2720b5f5a8b4567",
			"parentId": "I59618247094180144scJuT4",
			"slotId": "cartridges",
			"upd": {
				"StackObjectsCount": 30
			}
		},
		{
			"_id": "I210072145191265578FMLPB",
			"_tpl": "57dc324a24597759501edc20",
			"parentId": "I21007219422797693LVXFMe",
			"slotId": "mod_muzzle"
		},
		{
			"_id": "I21007214647949498aOt20D",
			"_tpl": "57dc334d245977597164366f",
			"parentId": "I21007219422797693LVXFMe",
			"slotId": "mod_reciever"
		},
		{
			"_id": "I21007215360212556S2RvyG",
			"_tpl": "59d36a0086f7747e673f3946",
			"parentId": "I21007219422797693LVXFMe",
			"slotId": "mod_gas_block"
		},
		{
			"_id": "I210072166375059758aOdfm",
			"_tpl": "56dfef82d2720bbd668b4567",
			"parentId": "I210072161733312651r0JD0",
			"slotId": "cartridges",
			"location": 0,
			"upd": {
				"StackObjectsCount": 30
			}
		},
		{
			"_id": "I21007217038488842AGmbED",
			"_tpl": "57dc32dc245977596d4ef3d3",
			"parentId": "I21007215360212556S2RvyG",
			"slotId": "mod_handguard"
		},
		{
			"_id": "I59618243436845533pXCRb5",
			"_tpl": "5857a8bc2459772bad15db29",
			"parentId": "5c6687d65e9d882c8841f0fd",
			"slotId": "SecuredContainer"
		},
		{
			"_id": "I59618241799378097MceSEL",
			"_tpl": "56dff338d2720bbd668b4569",
			"parentId": "I59618243436845533pXCRb5",
			"slotId": "main",
			"upd": {
				"StackObjectsCount": 60
			}
		},
		{
			"_id": "I59618243384125918GAFGbp",
			"_tpl": "5c0d5e4486f77478390952fe",
			"parentId": "I59618243436845533pXCRb5",
			"slotId": "main",
			"upd": {
				"StackObjectsCount": 60
			}
		},
		{
			"_id": "I59618243239566312oQxmvO",
			"_tpl": "56dff2ced2720bb4668b4567",
			"parentId": "I59618243436845533pXCRb5",
			"slotId": "main",
			"upd": {
				"StackObjectsCount": 60
			}
		},
		{
			"_id": "I59618242941260944kBvqx4",
			"_tpl": "56dff0bed2720bb0668b4567",
			"parentId": "I59618243436845533pXCRb5",
			"slotId": "main",
			"upd": {
				"StackObjectsCount": 60
			}
		},
		{
			"_id": "I59618248104810358aTqa6Z",
			"_tpl": "56dfef82d2720bbd668b4567",
			"parentId": "I59618243436845533pXCRb5",
			"slotId": "main",
			"upd": {
				"StackObjectsCount": 60
			}
		},
		{
			"_id": "I59618243608453658CLSNiv",
			"_tpl": "56dfef82d2720bbd668b4567",
			"parentId": "I59618243436845533pXCRb5",
			"slotId": "main",
			"upd": {
				"StackObjectsCount": 60
			}
		},
		{
			"_id": "I59618246099413844vuUmc0",
			"_tpl": "56dff0bed2720bb0668b4567",
			"parentId": "I59618243436845533pXCRb5",
			"slotId": "main",
			"upd": {
				"StackObjectsCount": 60
			}
		},
		{
			"_id": "I59618248245066292rBrsEX",
			"_tpl": "56dfef82d2720bbd668b4567",
			"parentId": "I59618243436845533pXCRb5",
			"slotId": "main",
			"upd": {
				"StackObjectsCount": 60
			}
		},
		{
			"_id": "I59618243876614065fHB5to",
			"_tpl": "56dff2ced2720bb4668b4567",
			"parentId": "I59618243436845533pXCRb5",
			"slotId": "main",
			"upd": {
				"StackObjectsCount": 60
			}
		},
		{
			"_id": "I59618241167306382giRtue",
			"_tpl": "5448be9a4bdc2dfd2f8b456a",
			"parentId": "I59618242083232665goghXW",
			"slotId": "2"
		},
		{
			"_id": "I59618245979106366vQdG69",
			"_tpl": "56dfef82d2720bbd668b4567",
			"parentId": "I59618242083232665goghXW",
			"slotId": "4",
			"upd": {
				"StackObjectsCount": 26
			}
		},
		{
			"_id": "I596182420967019093BZNRd",
			"_tpl": "57e26ea924597715ca604a09",
			"parentId": "5c6687d65e9d882c8841f0fd",
			"slotId": "Scabbard"
		},
		{
			"_id": "I59618245512949768gBIqvH",
			"_tpl": "59e770f986f7742cbe3164ef",
			"parentId": "5c6687d65e9d882c8841f0fd",
			"slotId": "Headwear"
		},
		{
			"_id": "I596182423857774303mL8aO",
			"_tpl": "56e33634d2720bd8058b456b",
			"parentId": "5c6687d65e9d882c8841f0fd",
			"slotId": "Backpack"
		},
		{
			"_id": "I596182472623817454rPNPw",
			"_tpl": "5780d0652459777df90dcb74",
			"parentId": "I596182423857774303mL8aO",
			"slotId": "main",
			"location": {
				"x": 0,
				"y": 0,
				"r": "Horizontal"
			}
		},
		{
			"_id": "I5961824994650891890dKYG",
			"_tpl": "5672c92d4bdc2d180f8b4567",
			"parentId": "5c6687d65e9d882c8841f121",
			"slotId": "pocket1",
			"location": {
				"x": 0,
				"y": 0,
				"r": "Horizontal"
			},
			"upd": {
				"SpawnedInSession": true
			}
		},
		{
			"_id": "I59618246433503120E9Q75A",
			"_tpl": "5672c92d4bdc2d180f8b4567",
			"parentId": "5c6687d65e9d882c8841f121",
			"slotId": "pocket2",
			"location": {
				"x": 0,
				"y": 0,
				"r": "Horizontal"
			},
			"upd": {
				"SpawnedInSession": true
			}
		}
	],
	"equipment": "5c6687d65e9d882c8841f0fd",
	"stash": "5c6687d65e9d882c8841f0fc",
	"questRaidItems": "5c6687d65e9d882c8841f0fe",
	"questStashItems": "5c6687d65e9d882c8841f0ff",
	"fastPanel": {}
}