{
	"items": [
		{
			"_id": "5c6687d65e9d882c8841f0fd",
			"_tpl": "55d7217a4bdc2d86028b456d"
		},
		{
			"_id": "5c6687d65e9d882c8841f121",
			"_tpl": "557ffd194bdc2d28148b457f",
			"parentId": "5c6687d65e9d882c8841f0fd",
			"slotId": "Pockets"
		},
		{
			"_id": "5c6687d65e9d882c8841f0fc",
			"_tpl": "566abbc34bdc2d92178b4576"
		},
		{
			"_id": "5c6687d65e9d882c8841f0ff",
			"_tpl": "5963866b86f7747bfa1c4462"
		},
		{
			"_id": "5c6687d65e9d882c8841f0fe",
			"_tpl": "5963866286f7747bf429b572"
		},
		{
			"_id": "I596182452822266517bHhVw",
			"_tpl": "5d5d8ca986f7742798716522",
			"parentId": "5c6687d65e9d882c8841f0fd",
			"slotId": "TacticalVest"
		},
		{
			"_id": "I2132011484628386723Xxqt",
			"_tpl": "57dc2fa62459775949412633",
			"parentId": "5c6687d65e9d882c8841f0fd",
			"slotId": "FirstPrimaryWeapon",
			"upd": {
				"Repairable": {
					"MaxDurability": 100,
					"Durability": 100
				}
			}
		},
		{
			"_id": "I2132011486864605687iFIR",
			"_tpl": "57e3dba62459770f0c32322b",
			"parentId": "I2132011484628386723Xxqt",
			"slotId": "mod_pistol_grip"
		},
		{
			"_id": "I2132011488559887366OEuQ",
			"_tpl": "57dc347d245977596754e7a1",
			"parentId": "I2132011484628386723Xxqt",
			"slotId": "mod_stock"
		},
		{
			"_id": "I596182418848782588VBg3C",
			"_tpl": "5cbdaf89ae9215000e5b9c94",
			"parentId": "I2132011484628386723Xxqt",
			"slotId": "mod_magazine"
		},
		{
			"_id": "I59618244063448256AyjjGW",
			"_tpl": "56dff0bed2720bb0668b4567",
			"parentId": "I596182418848782588VBg3C",
			"slotId": "cartridges",
			"upd": {
				"StackObjectsCount": 30
			}
		},
		{
			"_id": "I21320114882426501793CFN",
			"_tpl": "57dc324a24597759501edc20",
			"parentId": "I2132011484628386723Xxqt",
			"slotId": "mod_muzzle"
		},
		{
			"_id": "I2132011483837161774rL8p",
			"_tpl": "57dc334d245977597164366f",
			"parentId": "I2132011484628386723Xxqt",
			"slotId": "mod_reciever"
		},
		{
			"_id": "I2132011481401321093pAuB",
			"_tpl": "59d36a0086f7747e673f3946",
			"parentId": "I2132011484628386723Xxqt",
			"slotId": "mod_gas_block"
		},
		{
			"_id": "I21320114892014872502T7q",
			"_tpl": "56dfef82d2720bbd668b4567",
			"parentId": "I2132011481919306319MrIy",
			"slotId": "cartridges",
			"location": 0,
			"upd": {
				"StackObjectsCount": 30
			}
		},
		{
			"_id": "I2132011481183507353RN8J",
			"_tpl": "57ffb0062459777a045af529",
			"parentId": "I2132011483837161774rL8p",
			"slotId": "mod_mount_000"
		},
		{
			"_id": "I2132011489765738179XMTZ",
			"_tpl": "57ffa9f4245977728561e844",
			"parentId": "I2132011481401321093pAuB",
			"slotId": "mod_handguard"
		},
		{
			"_id": "I21320114820335518549bT4",
			"_tpl": "570fd721d2720bc5458b4596",
			"parentId": "I2132011481183507353RN8J",
			"slotId": "mod_scope",
			"upd": {
				"Sight": {
					"SelectedSightMode": 0
				}
			}
		},
		{
			"_id": "I2132011485708308115YJoA",
			"_tpl": "56def37dd2720bec348b456a",
			"parentId": "I2132011489765738179XMTZ",
			"slotId": "mod_tactical_000",
			"upd": {
				"Light": {
					"IsActive": true,
					"SelectedMode": 0
				}
			}
		},
		{
			"_id": "I59618245011640854jY3TC5",
			"_tpl": "5857a8bc2459772bad15db29",
			"parentId": "5c6687d65e9d882c8841f0fd",
			"slotId": "SecuredContainer"
		},
		{
			"_id": "I59618241668160275aL3H5B",
			"_tpl": "56dff216d2720bbd668b4568",
			"parentId": "I59618245011640854jY3TC5",
			"slotId": "main",
			"upd": {
				"StackObjectsCount": 60
			}
		},
		{
			"_id": "I59618241194747143oKueWm",
			"_tpl": "56dff216d2720bbd668b4568",
			"parentId": "I59618245011640854jY3TC5",
			"slotId": "main",
			"upd": {
				"StackObjectsCount": 60
			}
		},
		{
			"_id": "I596182419238485997tVoiQ",
			"_tpl": "56dff421d2720b5f5a8b4567",
			"parentId": "I59618245011640854jY3TC5",
			"slotId": "main",
			"upd": {
				"StackObjectsCount": 60
			}
		},
		{
			"_id": "I59618245749878096VgWEf4",
			"_tpl": "56dff2ced2720bb4668b4567",
			"parentId": "I59618245011640854jY3TC5",
			"slotId": "main",
			"upd": {
				"StackObjectsCount": 60
			}
		},
		{
			"_id": "I59618244516549486U9Lu7J",
			"_tpl": "56dfef82d2720bbd668b4567",
			"parentId": "I59618245011640854jY3TC5",
			"slotId": "main",
			"upd": {
				"StackObjectsCount": 60
			}
		},
		{
			"_id": "I59618241016712928ZBmAWk",
			"_tpl": "56dff3afd2720bba668b4567",
			"parentId": "I59618245011640854jY3TC5",
			"slotId": "main",
			"upd": {
				"StackObjectsCount": 60
			}
		},
		{
			"_id": "I59618244036384343wtS1Te",
			"_tpl": "56dff338d2720bbd668b4569",
			"parentId": "I59618245011640854jY3TC5",
			"slotId": "main",
			"upd": {
				"StackObjectsCount": 60
			}
		},
		{
			"_id": "I59618246622650540dsuaVM",
			"_tpl": "56dff421d2720b5f5a8b4567",
			"parentId": "I59618245011640854jY3TC5",
			"slotId": "main",
			"upd": {
				"StackObjectsCount": 60
			}
		},
		{
			"_id": "I59618243441886809WkbR0Z",
			"_tpl": "5c0d5e4486f77478390952fe",
			"parentId": "I59618245011640854jY3TC5",
			"slotId": "main",
			"upd": {
				"StackObjectsCount": 60
			}
		},
		{
			"_id": "I59618241549009451RBqUnM",
			"_tpl": "564ca99c4bdc2d16268b4589",
			"parentId": "I596182452822266517bHhVw",
			"slotId": "2",
			"location": {
				"x": 0,
				"y": 0,
				"r": "Horizontal"
			}
		},
		{
			"_id": "I59618244438705621qbXv6B",
			"_tpl": "5c0d5e4486f77478390952fe",
			"parentId": "I59618241549009451RBqUnM",
			"slotId": "cartridges",
			"upd": {
				"StackObjectsCount": 30
			}
		},
		{
			"_id": "I596182440413351471AUX0l",
			"_tpl": "564ca99c4bdc2d16268b4589",
			"parentId": "I596182452822266517bHhVw",
			"slotId": "1",
			"location": {
				"x": 0,
				"y": 0,
				"r": "Horizontal"
			}
		},
		{
			"_id": "I59618247605596240FUSMHf",
			"_tpl": "56dff0bed2720bb0668b4567",
			"parentId": "I596182440413351471AUX0l",
			"slotId": "cartridges",
			"upd": {
				"StackObjectsCount": 30
			}
		},
		{
			"_id": "I59618241437303747admA9M",
			"_tpl": "57e26fc7245977162a14b800",
			"parentId": "5c6687d65e9d882c8841f0fd",
			"slotId": "Scabbard"
		},
		{
			"_id": "I59618247273464884BjqSID",
			"_tpl": "5aa2b8d7e5b5b00014028f4a",
			"parentId": "5c6687d65e9d882c8841f0fd",
			"slotId": "Headwear"
		},
		{
			"_id": "I59618244843342797j6ZYA8",
			"_tpl": "59e7715586f7742ee5789605",
			"parentId": "5c6687d65e9d882c8841f0fd",
			"slotId": "FaceCover"
		},
		{
			"_id": "I59618248313807345kuvl2d",
			"_tpl": "56e33634d2720bd8058b456b",
			"parentId": "5c6687d65e9d882c8841f0fd",
			"slotId": "Backpack"
		},
		{
			"_id": "I59618248130362091kfo3dI",
			"_tpl": "59e7635f86f7742cbf2c1095",
			"parentId": "5c6687d65e9d882c8841f0fd",
			"slotId": "ArmorVest",
			"upd": {
				"Repairable": {
					"MaxDurability": 40,
					"Durability": 30
				}
			}
		},
		{
			"_id": "I59618243083910449oGC93t",
			"_tpl": "573477e124597737dd42e191",
			"parentId": "5c6687d65e9d882c8841f121",
			"slotId": "pocket1",
			"location": {
				"x": 0,
				"y": 0,
				"r": "Horizontal"
			},
			"upd": {
				"SpawnedInSession": true
			}
		},
		{
			"_id": "I59618243684804601ynBPHA",
			"_tpl": "573474f924597738002c6174",
			"parentId": "5c6687d65e9d882c8841f121",
			"slotId": "pocket2",
			"location": {
				"x": 0,
				"y": 0,
				"r": "Horizontal"
			},
			"upd": {
				"SpawnedInSession": true
			}
		},
		{
			"_id": "I596182424975067178B0lQ0",
			"_tpl": "5d0377ce86f774186372f689",
			"parentId": "5c6687d65e9d882c8841f121",
			"slotId": "pocket3",
			"location": {
				"x": 0,
				"y": 0,
				"r": "Horizontal"
			},
			"upd": {
				"SpawnedInSession": true
			}
		}
	],
	"equipment": "5c6687d65e9d882c8841f0fd",
	"stash": "5c6687d65e9d882c8841f0fc",
	"questRaidItems": "5c6687d65e9d882c8841f0fe",
	"questStashItems": "5c6687d65e9d882c8841f0ff",
	"fastPanel": {}
}