{
	"items": [
		{
			"_id": "5c6687d65e9d882c8841f0fd",
			"_tpl": "55d7217a4bdc2d86028b456d"
		},
		{
			"_id": "5c6687d65e9d882c8841f121",
			"_tpl": "557ffd194bdc2d28148b457f",
			"parentId": "5c6687d65e9d882c8841f0fd",
			"slotId": "Pockets"
		},
		{
			"_id": "5c6687d65e9d882c8841f0fc",
			"_tpl": "566abbc34bdc2d92178b4576"
		},
		{
			"_id": "5c6687d65e9d882c8841f0ff",
			"_tpl": "5963866b86f7747bfa1c4462"
		},
		{
			"_id": "5c6687d65e9d882c8841f0fe",
			"_tpl": "5963866286f7747bf429b572"
		},
		{
			"_id": "I596182450038017430YywgH",
			"_tpl": "59e7643b86f7742cbf2c109a",
			"parentId": "5c6687d65e9d882c8841f0fd",
			"slotId": "TacticalVest"
		},
		{
			"_id": "I21005559542953025dSHe9B",
			"_tpl": "5a38e6bac4a2826c6e06d79b",
			"parentId": "5c6687d65e9d882c8841f0fd",
			"slotId": "FirstPrimaryWeapon",
			"upd": {
				"Repairable": {
					"MaxDurability": 100,
					"Durability": 100
				}
			}
		},
		{
			"_id": "I59618245795642745P5Zn7H",
			"_tpl": "5a38ed75c4a28232996e40c6",
			"parentId": "I21005559542953025dSHe9B",
			"slotId": "mod_magazine"
		},
		{
			"_id": "I59618241289170974C2VkZ1",
			"_tpl": "5d6e69c7a4b9360b6c0d54e4",
			"parentId": "I59618245795642745P5Zn7H",
			"slotId": "cartridges",
			"upd": {
				"StackObjectsCount": 4
			}
		},
		{
			"_id": "I21005559534914848ofvJs5",
			"_tpl": "5adf23995acfc400185c2aeb",
			"parentId": "I21005559542953025dSHe9B",
			"slotId": "mod_stock"
		},
		{
			"_id": "I59618249414411832Rygyo4",
			"_tpl": "5857a8bc2459772bad15db29",
			"parentId": "5c6687d65e9d882c8841f0fd",
			"slotId": "SecuredContainer"
		},
		{
			"_id": "I59618245602551676TGULOn",
			"_tpl": "5d6e69c7a4b9360b6c0d54e4",
			"parentId": "I59618249414411832Rygyo4",
			"slotId": "main",
			"upd": {
				"StackObjectsCount": 60
			}
		},
		{
			"_id": "I59618242166195232EKN6Yg",
			"_tpl": "5d6e695fa4b936359b35d852",
			"parentId": "I59618249414411832Rygyo4",
			"slotId": "main",
			"upd": {
				"StackObjectsCount": 60
			}
		},
		{
			"_id": "I59618243838111365psMtba",
			"_tpl": "5d6e69b9a4b9361bc8618958",
			"parentId": "I59618249414411832Rygyo4",
			"slotId": "main",
			"upd": {
				"StackObjectsCount": 60
			}
		},
		{
			"_id": "I59618247157012754QiOIPm",
			"_tpl": "5a38ebd9c4a282000d722a5b",
			"parentId": "I59618249414411832Rygyo4",
			"slotId": "main",
			"upd": {
				"StackObjectsCount": 60
			}
		},
		{
			"_id": "I59618241321913957P68XOg",
			"_tpl": "5a38ebd9c4a282000d722a5b",
			"parentId": "I59618249414411832Rygyo4",
			"slotId": "main",
			"upd": {
				"StackObjectsCount": 60
			}
		},
		{
			"_id": "I59618246157847611Y9oXH5",
			"_tpl": "5d6e69c7a4b9360b6c0d54e4",
			"parentId": "I59618249414411832Rygyo4",
			"slotId": "main",
			"upd": {
				"StackObjectsCount": 60
			}
		},
		{
			"_id": "I59618248047363805RuK4W6",
			"_tpl": "5a38ebd9c4a282000d722a5b",
			"parentId": "I59618249414411832Rygyo4",
			"slotId": "main",
			"upd": {
				"StackObjectsCount": 60
			}
		},
		{
			"_id": "I59618249353871208d7CMTg",
			"_tpl": "5d6e69b9a4b9361bc8618958",
			"parentId": "I59618249414411832Rygyo4",
			"slotId": "main",
			"upd": {
				"StackObjectsCount": 60
			}
		},
		{
			"_id": "I596182447689588581A9VWF",
			"_tpl": "5d6e6a53a4b9361bd473feec",
			"parentId": "I59618249414411832Rygyo4",
			"slotId": "main",
			"upd": {
				"StackObjectsCount": 60
			}
		},
		{
			"_id": "I210016569131659520n9LxH",
			"_tpl": "576a581d2459771e7b1bc4f1",
			"parentId": "5c6687d65e9d882c8841f0fd",
			"slotId": "Holster",
			"upd": {
				"Repairable": {
					"MaxDurability": 100,
					"Durability": 100
				}
			}
		},
		{
			"_id": "I59618243752383001pPMWu8",
			"_tpl": "5c0d56a986f774449d5de529",
			"parentId": "I2100165644840754536SMMb",
			"slotId": "cartridges",
			"upd": {
				"StackObjectsCount": 18
			}
		},
		{
			"_id": "I2100165644840754536SMMb",
			"_tpl": "576a5ed62459771e9c2096cb",
			"parentId": "I210016569131659520n9LxH",
			"slotId": "mod_magazine"
		},
		{
			"_id": "I210016562931727377Quekg",
			"_tpl": "576a63cd2459771e796e0e11",
			"parentId": "I210016569131659520n9LxH",
			"slotId": "mod_pistol_grip"
		},
		{
			"_id": "I59618248507030513aTEIWX",
			"_tpl": "5c6161fb2e221600113fbde5",
			"parentId": "I596182450038017430YywgH",
			"slotId": "2",
			"location": {
				"x": 0,
				"y": 0,
				"r": "Horizontal"
			}
		},
		{
			"_id": "I596182432958834672xNbiO",
			"_tpl": "5d6e6a5fa4b93614ec501745",
			"parentId": "I59618248507030513aTEIWX",
			"slotId": "cartridges",
			"upd": {
				"StackObjectsCount": 5
			}
		},
		{
			"_id": "I596182437716958926zdBIY",
			"_tpl": "5c6161fb2e221600113fbde5",
			"parentId": "I596182450038017430YywgH",
			"slotId": "2",
			"location": {
				"x": 0,
				"y": 1,
				"r": "Horizontal"
			}
		},
		{
			"_id": "I59618249073292114ud4cP7",
			"_tpl": "5d6e6a05a4b93618084f58d0",
			"parentId": "I596182437716958926zdBIY",
			"slotId": "cartridges",
			"upd": {
				"StackObjectsCount": 5
			}
		},
		{
			"_id": "I59618241487822062OObYJu",
			"_tpl": "576a5ed62459771e9c2096cb",
			"parentId": "I596182450038017430YywgH",
			"slotId": "3",
			"location": {
				"x": 0,
				"y": 0,
				"r": "Horizontal"
			}
		},
		{
			"_id": "I59618245154718028jD8TZS",
			"_tpl": "58864a4f2459770fcc257101",
			"parentId": "I59618241487822062OObYJu",
			"slotId": "cartridges",
			"upd": {
				"StackObjectsCount": 18
			}
		},
		{
			"_id": "I59618247175268821MMvndt",
			"_tpl": "576a5ed62459771e9c2096cb",
			"parentId": "I596182450038017430YywgH",
			"slotId": "3",
			"location": {
				"x": 0,
				"y": 1,
				"r": "Horizontal"
			}
		},
		{
			"_id": "I59618249383515910Okla22",
			"_tpl": "5c0d56a986f774449d5de529",
			"parentId": "I59618247175268821MMvndt",
			"slotId": "cartridges",
			"upd": {
				"StackObjectsCount": 18
			}
		},
		{
			"_id": "I59618247365484750wQS2ez",
			"_tpl": "5bffdc370db834001d23eca8",
			"parentId": "5c6687d65e9d882c8841f0fd",
			"slotId": "Scabbard"
		},
		{
			"_id": "I59618246629647133Kcbp3s",
			"_tpl": "59e7708286f7742cbd762753",
			"parentId": "5c6687d65e9d882c8841f0fd",
			"slotId": "Headwear"
		},
		{
			"_id": "I59618241200824357SSWq6C",
			"_tpl": "572b7fa524597762b747ce82",
			"parentId": "5c6687d65e9d882c8841f0fd",
			"slotId": "FaceCover"
		},
		{
			"_id": "I59618249533105369pS2oVz",
			"_tpl": "5ab8ee7786f7742d8f33f0b9",
			"parentId": "5c6687d65e9d882c8841f0fd",
			"slotId": "Backpack"
		},
		{
			"_id": "I59618247021313739hqj5G2",
			"_tpl": "5d63d33b86f7746ea9275524",
			"parentId": "I59618249533105369pS2oVz",
			"slotId": "main",
			"location": {
				"x": 0,
				"y": 0,
				"r": "Horizontal"
			}
		},
		{
			"_id": "I59618245420244700yFuRHP",
			"_tpl": "5ab8e79e86f7742d8b372e78",
			"parentId": "5c6687d65e9d882c8841f0fd",
			"slotId": "ArmorVest",
			"upd": {
				"Repairable": {
					"MaxDurability": 65,
					"Durability": 50
				}
			}
		},
		{
			"_id": "I59618248928853116FVO2s5",
			"_tpl": "5734758f24597738025ee253",
			"parentId": "5c6687d65e9d882c8841f121",
			"slotId": "pocket1",
			"location": {
				"x": 0,
				"y": 0,
				"r": "Horizontal"
			},
			"upd": {
				"SpawnedInSession": true
			}
		}
	],
	"equipment": "5c6687d65e9d882c8841f0fd",
	"stash": "5c6687d65e9d882c8841f0fc",
	"questRaidItems": "5c6687d65e9d882c8841f0fe",
	"questStashItems": "5c6687d65e9d882c8841f0ff",
	"fastPanel": {}
}