{
	"items": [
		{
			"_id": "5c6687d65e9d882c8841f0fd",
			"_tpl": "55d7217a4bdc2d86028b456d"
		},
		{
			"_id": "5c6687d65e9d882c8841f121",
			"_tpl": "557ffd194bdc2d28148b457f",
			"parentId": "5c6687d65e9d882c8841f0fd",
			"slotId": "Pockets"
		},
		{
			"_id": "5c6687d65e9d882c8841f0fc",
			"_tpl": "566abbc34bdc2d92178b4576"
		},
		{
			"_id": "5c6687d65e9d882c8841f0ff",
			"_tpl": "5963866b86f7747bfa1c4462"
		},
		{
			"_id": "5c6687d65e9d882c8841f0fe",
			"_tpl": "5963866286f7747bf429b572"
		},
		{
			"_id": "I59618245988658400t8jfxe",
			"_tpl": "5648a69d4bdc2ded0b8b457b",
			"parentId": "5c6687d65e9d882c8841f0fd",
			"slotId": "TacticalVest"
		},
		{
			"_id": "I2100503357734355865zrLD",
			"_tpl": "5abcbc27d8ce8700182eceeb",
			"parentId": "5c6687d65e9d882c8841f0fd",
			"slotId": "FirstPrimaryWeapon",
			"upd": {
				"Repairable": {
					"MaxDurability": 100,
					"Durability": 100
				}
			}
		},
		{
			"_id": "I210050334603785294C46TS",
			"_tpl": "59d64ec286f774171d1e0a42",
			"parentId": "I2100503357734355865zrLD",
			"slotId": "mod_gas_block"
		},
		{
			"_id": "I210050338601552827l77uI",
			"_tpl": "59e61eb386f77440d64f5daf",
			"parentId": "I2100503357734355865zrLD",
			"slotId": "mod_muzzle"
		},
		{
			"_id": "I210050331845165111n3Mvv",
			"_tpl": "5a0071d486f77404e23a12b2",
			"parentId": "I2100503357734355865zrLD",
			"slotId": "mod_pistol_grip_akms"
		},
		{
			"_id": "I210050331178298252put3r",
			"_tpl": "59d650cf86f7741b846413a4",
			"parentId": "I2100503357734355865zrLD",
			"slotId": "mod_sight_rear",
			"upd": {
				"Sight": {
					"SelectedSightMode": 0
				}
			}
		},
		{
			"_id": "I596182418636936422GVTBW",
			"_tpl": "59e5d83b86f7745aed03d262",
			"parentId": "I2100503357734355865zrLD",
			"slotId": "mod_magazine"
		},
		{
			"_id": "I59618241974103496svoAlq",
			"_tpl": "59e0d99486f7744a32234762",
			"parentId": "I596182418636936422GVTBW",
			"slotId": "cartridges",
			"upd": {
				"StackObjectsCount": 10
			}
		},
		{
			"_id": "I210050335805439933Twowk",
			"_tpl": "59d64f2f86f77417193ef8b3",
			"parentId": "I210050334603785294C46TS",
			"slotId": "mod_handguard"
		},
		{
			"_id": "I596182457631269555ibbRT",
			"_tpl": "5857a8bc2459772bad15db29",
			"parentId": "5c6687d65e9d882c8841f0fd",
			"slotId": "SecuredContainer"
		},
		{
			"_id": "I59618244888623926utG3Ym",
			"_tpl": "59e0d99486f7744a32234762",
			"parentId": "I596182457631269555ibbRT",
			"slotId": "main",
			"upd": {
				"StackObjectsCount": 60
			}
		},
		{
			"_id": "I59618243137434128fFi5HC",
			"_tpl": "59e4cf5286f7741778269d8a",
			"parentId": "I596182457631269555ibbRT",
			"slotId": "main",
			"upd": {
				"StackObjectsCount": 60
			}
		},
		{
			"_id": "I59618241393674326CI9T4y",
			"_tpl": "59e0d99486f7744a32234762",
			"parentId": "I596182457631269555ibbRT",
			"slotId": "main",
			"upd": {
				"StackObjectsCount": 60
			}
		},
		{
			"_id": "I596182435438330099YEcSc",
			"_tpl": "59e4cf5286f7741778269d8a",
			"parentId": "I596182457631269555ibbRT",
			"slotId": "main",
			"upd": {
				"StackObjectsCount": 60
			}
		},
		{
			"_id": "I59618246760410086yacpEM",
			"_tpl": "5656d7c34bdc2d9d198b4587",
			"parentId": "I596182457631269555ibbRT",
			"slotId": "main",
			"upd": {
				"StackObjectsCount": 60
			}
		},
		{
			"_id": "I59618245345140112npJHPu",
			"_tpl": "59e4d3d286f774176a36250a",
			"parentId": "I596182457631269555ibbRT",
			"slotId": "main",
			"upd": {
				"StackObjectsCount": 60
			}
		},
		{
			"_id": "I596182472591567647dWYca",
			"_tpl": "59e4d24686f7741776641ac7",
			"parentId": "I596182457631269555ibbRT",
			"slotId": "main",
			"upd": {
				"StackObjectsCount": 60
			}
		},
		{
			"_id": "I59618246592500764Pi2HZK",
			"_tpl": "5656d7c34bdc2d9d198b4587",
			"parentId": "I596182457631269555ibbRT",
			"slotId": "main",
			"upd": {
				"StackObjectsCount": 60
			}
		},
		{
			"_id": "I59618243646905614mN0Sgj",
			"_tpl": "59e4cf5286f7741778269d8a",
			"parentId": "I596182457631269555ibbRT",
			"slotId": "main",
			"upd": {
				"StackObjectsCount": 60
			}
		},
		{
			"_id": "I59618245134103675VoAqCc",
			"_tpl": "59e5d83b86f7745aed03d262",
			"parentId": "I59618245988658400t8jfxe",
			"slotId": "1",
			"location": {
				"x": 0,
				"y": 0,
				"r": "Horizontal"
			}
		},
		{
			"_id": "I596182480265225870CFEAJ",
			"_tpl": "59e4d24686f7741776641ac7",
			"parentId": "I59618245134103675VoAqCc",
			"slotId": "cartridges",
			"upd": {
				"StackObjectsCount": 10
			}
		},
		{
			"_id": "I59618242499113223emxhP2",
			"_tpl": "59e5d83b86f7745aed03d262",
			"parentId": "I59618245988658400t8jfxe",
			"slotId": "1",
			"location": {
				"x": 0,
				"y": 1,
				"r": "Horizontal"
			}
		},
		{
			"_id": "I59618246133167949eSJMme",
			"_tpl": "59e0d99486f7744a32234762",
			"parentId": "I59618242499113223emxhP2",
			"slotId": "cartridges",
			"upd": {
				"StackObjectsCount": 10
			}
		},
		{
			"_id": "I59618244721364663PcIJpR",
			"_tpl": "59e5d83b86f7745aed03d262",
			"parentId": "I59618245988658400t8jfxe",
			"slotId": "3",
			"location": {
				"x": 0,
				"y": 0,
				"r": "Horizontal"
			}
		},
		{
			"_id": "I59618246240042349ddeXoE",
			"_tpl": "5656d7c34bdc2d9d198b4587",
			"parentId": "I59618244721364663PcIJpR",
			"slotId": "cartridges",
			"upd": {
				"StackObjectsCount": 10
			}
		},
		{
			"_id": "I59618242690354531qlmdJa",
			"_tpl": "59e5d83b86f7745aed03d262",
			"parentId": "I59618245988658400t8jfxe",
			"slotId": "3",
			"location": {
				"x": 0,
				"y": 1,
				"r": "Horizontal"
			}
		},
		{
			"_id": "I59618242174641708yhZ5hz",
			"_tpl": "59e4d3d286f774176a36250a",
			"parentId": "I59618242690354531qlmdJa",
			"slotId": "cartridges",
			"upd": {
				"StackObjectsCount": 10
			}
		},
		{
			"_id": "I59618244382207008DWYUxb",
			"_tpl": "59e5d83b86f7745aed03d262",
			"parentId": "I59618245988658400t8jfxe",
			"slotId": "10",
			"location": {
				"x": 0,
				"y": 0,
				"r": "Horizontal"
			}
		},
		{
			"_id": "I596182440219654242iMT47",
			"_tpl": "59e4cf5286f7741778269d8a",
			"parentId": "I59618244382207008DWYUxb",
			"slotId": "cartridges",
			"upd": {
				"StackObjectsCount": 10
			}
		},
		{
			"_id": "I59618249216687942TWNmBm",
			"_tpl": "59e0d99486f7744a32234762",
			"parentId": "I59618245988658400t8jfxe",
			"slotId": "7",
			"upd": {
				"StackObjectsCount": 58
			}
		},
		{
			"_id": "I59618249041585916t63lyB",
			"_tpl": "57e26ea924597715ca604a09",
			"parentId": "5c6687d65e9d882c8841f0fd",
			"slotId": "Scabbard"
		},
		{
			"_id": "I59618246890364497Y5Sj5c",
			"_tpl": "5b40e61f5acfc4001a599bec",
			"parentId": "5c6687d65e9d882c8841f0fd",
			"slotId": "Headwear"
		},
		{
			"_id": "I59618248786180823chiCqB",
			"_tpl": "5d5fca1ea4b93635fd598c07",
			"parentId": "5c6687d65e9d882c8841f0fd",
			"slotId": "Eyewear"
		},
		{
			"_id": "I59618249391018325Nlp7FZ",
			"_tpl": "572b7f1624597762ae139822",
			"parentId": "5c6687d65e9d882c8841f0fd",
			"slotId": "FaceCover"
		},
		{
			"_id": "I59618249238998595oR7lm9",
			"_tpl": "5c0e57ba86f7747fa141986d",
			"parentId": "5c6687d65e9d882c8841f0fd",
			"slotId": "ArmorVest",
			"upd": {
				"Repairable": {
					"MaxDurability": 55,
					"Durability": 38
				}
			}
		},
		{
			"_id": "I59618248327260685S9HOdT",
			"_tpl": "5e2af22086f7746d3f3c33fa",
			"parentId": "5c6687d65e9d882c8841f121",
			"slotId": "pocket1",
			"location": {
				"x": 0,
				"y": 0,
				"r": "Horizontal"
			},
			"upd": {
				"SpawnedInSession": true
			}
		}
	],
	"equipment": "5c6687d65e9d882c8841f0fd",
	"stash": "5c6687d65e9d882c8841f0fc",
	"questRaidItems": "5c6687d65e9d882c8841f0fe",
	"questStashItems": "5c6687d65e9d882c8841f0ff",
	"fastPanel": {}
}