{
	"items": [
		{
			"_id": "5c6687d65e9d882c8841f0fd",
			"_tpl": "55d7217a4bdc2d86028b456d"
		},
		{
			"_id": "5c6687d65e9d882c8841f121",
			"_tpl": "557ffd194bdc2d28148b457f",
			"parentId": "5c6687d65e9d882c8841f0fd",
			"slotId": "Pockets"
		},
		{
			"_id": "5c6687d65e9d882c8841f0fc",
			"_tpl": "566abbc34bdc2d92178b4576"
		},
		{
			"_id": "5c6687d65e9d882c8841f0ff",
			"_tpl": "5963866b86f7747bfa1c4462"
		},
		{
			"_id": "5c6687d65e9d882c8841f0fe",
			"_tpl": "5963866286f7747bf429b572"
		},
		{
			"_id": "I59618243550726638x7DYYZ",
			"_tpl": "5b44c8ea86f7742d1627baf1",
			"parentId": "5c6687d65e9d882c8841f0fd",
			"slotId": "TacticalVest"
		},
		{
			"_id": "I21005559542953025dSHe9B",
			"_tpl": "5a38e6bac4a2826c6e06d79b",
			"parentId": "5c6687d65e9d882c8841f0fd",
			"slotId": "FirstPrimaryWeapon",
			"upd": {
				"Repairable": {
					"MaxDurability": 100,
					"Durability": 100
				}
			}
		},
		{
			"_id": "I596182479841937385Dth0W",
			"_tpl": "5a38ee51c4a282000c5a955c",
			"parentId": "I21005559542953025dSHe9B",
			"slotId": "mod_magazine"
		},
		{
			"_id": "I59618249996152072jB1hfR",
			"_tpl": "5d6e69b9a4b9361bc8618958",
			"parentId": "I596182479841937385Dth0W",
			"slotId": "cartridges",
			"upd": {
				"StackObjectsCount": 2
			}
		},
		{
			"_id": "I21005559534914848ofvJs5",
			"_tpl": "5adf23995acfc400185c2aeb",
			"parentId": "I21005559542953025dSHe9B",
			"slotId": "mod_stock"
		},
		{
			"_id": "I59618249132800956z3KFDN",
			"_tpl": "5857a8bc2459772bad15db29",
			"parentId": "5c6687d65e9d882c8841f0fd",
			"slotId": "SecuredContainer"
		},
		{
			"_id": "I59618241431492352McEjRy",
			"_tpl": "5d6e695fa4b936359b35d852",
			"parentId": "I59618249132800956z3KFDN",
			"slotId": "main",
			"upd": {
				"StackObjectsCount": 60
			}
		},
		{
			"_id": "I596182438162727631utmXC",
			"_tpl": "5d6e6a05a4b93618084f58d0",
			"parentId": "I59618249132800956z3KFDN",
			"slotId": "main",
			"upd": {
				"StackObjectsCount": 60
			}
		},
		{
			"_id": "I59618242883346118mc5Bf9",
			"_tpl": "5d6e6a05a4b93618084f58d0",
			"parentId": "I59618249132800956z3KFDN",
			"slotId": "main",
			"upd": {
				"StackObjectsCount": 60
			}
		},
		{
			"_id": "I596182473508223969cGhm6",
			"_tpl": "5d6e6a42a4b9364f07165f52",
			"parentId": "I59618249132800956z3KFDN",
			"slotId": "main",
			"upd": {
				"StackObjectsCount": 60
			}
		},
		{
			"_id": "I59618249275096684wwkPSJ",
			"_tpl": "5d6e695fa4b936359b35d852",
			"parentId": "I59618249132800956z3KFDN",
			"slotId": "main",
			"upd": {
				"StackObjectsCount": 60
			}
		},
		{
			"_id": "I59618244168046750qVSVJU",
			"_tpl": "5d6e6a05a4b93618084f58d0",
			"parentId": "I59618249132800956z3KFDN",
			"slotId": "main",
			"upd": {
				"StackObjectsCount": 60
			}
		},
		{
			"_id": "I59618246597985759QFdNpt",
			"_tpl": "5d6e695fa4b936359b35d852",
			"parentId": "I59618249132800956z3KFDN",
			"slotId": "main",
			"upd": {
				"StackObjectsCount": 60
			}
		},
		{
			"_id": "I59618249898283210i98dyt",
			"_tpl": "5d6e69b9a4b9361bc8618958",
			"parentId": "I59618249132800956z3KFDN",
			"slotId": "main",
			"upd": {
				"StackObjectsCount": 60
			}
		},
		{
			"_id": "I59618241352828839Aeizwy",
			"_tpl": "5d6e6a05a4b93618084f58d0",
			"parentId": "I59618249132800956z3KFDN",
			"slotId": "main",
			"upd": {
				"StackObjectsCount": 60
			}
		},
		{
			"_id": "I210016569131659520n9LxH",
			"_tpl": "576a581d2459771e7b1bc4f1",
			"parentId": "5c6687d65e9d882c8841f0fd",
			"slotId": "Holster",
			"upd": {
				"Repairable": {
					"MaxDurability": 100,
					"Durability": 100
				}
			}
		},
		{
			"_id": "I59618247919977118czPItu",
			"_tpl": "56d59d3ad2720bdb418b4577",
			"parentId": "I2100165644840754536SMMb",
			"slotId": "cartridges",
			"upd": {
				"StackObjectsCount": 18
			}
		},
		{
			"_id": "I2100165644840754536SMMb",
			"_tpl": "576a5ed62459771e9c2096cb",
			"parentId": "I210016569131659520n9LxH",
			"slotId": "mod_magazine"
		},
		{
			"_id": "I210016562931727377Quekg",
			"_tpl": "576a63cd2459771e796e0e11",
			"parentId": "I210016569131659520n9LxH",
			"slotId": "mod_pistol_grip"
		},
		{
			"_id": "I59618245036476320BzrCey",
			"_tpl": "5a38ed75c4a28232996e40c6",
			"parentId": "I59618243550726638x7DYYZ",
			"slotId": "1",
			"location": {
				"x": 0,
				"y": 0,
				"r": "Horizontal"
			}
		},
		{
			"_id": "I59618241810225231lXiZMy",
			"_tpl": "5d6e69c7a4b9360b6c0d54e4",
			"parentId": "I59618245036476320BzrCey",
			"slotId": "cartridges",
			"upd": {
				"StackObjectsCount": 4
			}
		},
		{
			"_id": "I59618246854420792lh9kEX",
			"_tpl": "5a38ed75c4a28232996e40c6",
			"parentId": "I59618243550726638x7DYYZ",
			"slotId": "1",
			"location": {
				"x": 0,
				"y": 1,
				"r": "Horizontal"
			}
		},
		{
			"_id": "I59618244382539231ziBaoG",
			"_tpl": "5d6e69b9a4b9361bc8618958",
			"parentId": "I59618246854420792lh9kEX",
			"slotId": "cartridges",
			"upd": {
				"StackObjectsCount": 4
			}
		},
		{
			"_id": "I59618248715184891k4rPLG",
			"_tpl": "5a38ed75c4a28232996e40c6",
			"parentId": "I59618243550726638x7DYYZ",
			"slotId": "3",
			"location": {
				"x": 0,
				"y": 0,
				"r": "Horizontal"
			}
		},
		{
			"_id": "I596182423392645783gEq9m",
			"_tpl": "5d6e6a5fa4b93614ec501745",
			"parentId": "I59618248715184891k4rPLG",
			"slotId": "cartridges",
			"upd": {
				"StackObjectsCount": 4
			}
		},
		{
			"_id": "I59618245235134140u0H7Fh",
			"_tpl": "5a38ed75c4a28232996e40c6",
			"parentId": "I59618243550726638x7DYYZ",
			"slotId": "3",
			"location": {
				"x": 0,
				"y": 1,
				"r": "Horizontal"
			}
		},
		{
			"_id": "I59618246977227918Q3KZrn",
			"_tpl": "5a38ebd9c4a282000d722a5b",
			"parentId": "I59618245235134140u0H7Fh",
			"slotId": "cartridges",
			"upd": {
				"StackObjectsCount": 4
			}
		},
		{
			"_id": "I59618241003052557qZWlq8",
			"_tpl": "5a38ed75c4a28232996e40c6",
			"parentId": "I59618243550726638x7DYYZ",
			"slotId": "5",
			"location": {
				"x": 0,
				"y": 1,
				"r": "Horizontal"
			}
		},
		{
			"_id": "I59618246617263203v8mnSt",
			"_tpl": "5d6e6a5fa4b93614ec501745",
			"parentId": "I59618241003052557qZWlq8",
			"slotId": "cartridges",
			"upd": {
				"StackObjectsCount": 4
			}
		},
		{
			"_id": "I596182490598676902fKWrx",
			"_tpl": "5a38ed75c4a28232996e40c6",
			"parentId": "I59618243550726638x7DYYZ",
			"slotId": "7",
			"location": {
				"x": 0,
				"y": 0,
				"r": "Horizontal"
			}
		},
		{
			"_id": "I59618247100362343m1ur4x",
			"_tpl": "5a38ebd9c4a282000d722a5b",
			"parentId": "I596182490598676902fKWrx",
			"slotId": "cartridges",
			"upd": {
				"StackObjectsCount": 4
			}
		},
		{
			"_id": "I59618243711465282RvM6wx",
			"_tpl": "5a38ed75c4a28232996e40c6",
			"parentId": "I59618243550726638x7DYYZ",
			"slotId": "7",
			"location": {
				"x": 0,
				"y": 1,
				"r": "Horizontal"
			}
		},
		{
			"_id": "I59618243123020173p6bBBp",
			"_tpl": "5d6e69b9a4b9361bc8618958",
			"parentId": "I59618243711465282RvM6wx",
			"slotId": "cartridges",
			"upd": {
				"StackObjectsCount": 4
			}
		},
		{
			"_id": "I596182463655719577wQnEh",
			"_tpl": "576a5ed62459771e9c2096cb",
			"parentId": "I59618243550726638x7DYYZ",
			"slotId": "2",
			"location": {
				"x": 0,
				"y": 0,
				"r": "Horizontal"
			}
		},
		{
			"_id": "I59618241738606932idYVEQ",
			"_tpl": "5c3df7d588a4501f290594e5",
			"parentId": "I596182463655719577wQnEh",
			"slotId": "cartridges",
			"upd": {
				"StackObjectsCount": 18
			}
		},
		{
			"_id": "I596182424089495020wfs0x",
			"_tpl": "576a5ed62459771e9c2096cb",
			"parentId": "I59618243550726638x7DYYZ",
			"slotId": "2",
			"location": {
				"x": 0,
				"y": 1,
				"r": "Horizontal"
			}
		},
		{
			"_id": "I59618247191001521ePRKCg",
			"_tpl": "5c925fa22e221601da359b7b",
			"parentId": "I596182424089495020wfs0x",
			"slotId": "cartridges",
			"upd": {
				"StackObjectsCount": 18
			}
		},
		{
			"_id": "I59618243398856312gbexKP",
			"_tpl": "576a5ed62459771e9c2096cb",
			"parentId": "I59618243550726638x7DYYZ",
			"slotId": "6",
			"location": {
				"x": 0,
				"y": 1,
				"r": "Horizontal"
			}
		},
		{
			"_id": "I59618245061248946X7nVMq",
			"_tpl": "5c925fa22e221601da359b7b",
			"parentId": "I59618243398856312gbexKP",
			"slotId": "cartridges",
			"upd": {
				"StackObjectsCount": 18
			}
		},
		{
			"_id": "I596182426114353539Vmkxq",
			"_tpl": "57e26ea924597715ca604a09",
			"parentId": "5c6687d65e9d882c8841f0fd",
			"slotId": "Scabbard"
		},
		{
			"_id": "I59618249566074586axE7Rz",
			"_tpl": "557ff21e4bdc2d89578b4586",
			"parentId": "5c6687d65e9d882c8841f0fd",
			"slotId": "Eyewear"
		},
		{
			"_id": "I59618249364708269zf6nNV",
			"_tpl": "56e33634d2720bd8058b456b",
			"parentId": "5c6687d65e9d882c8841f0fd",
			"slotId": "Backpack"
		},
		{
			"_id": "I59618245169018356RoKYXQ",
			"_tpl": "5780cf9e2459777df90dcb73",
			"parentId": "I59618249364708269zf6nNV",
			"slotId": "main",
			"location": {
				"x": 0,
				"y": 0,
				"r": "Horizontal"
			}
		},
		{
			"_id": "I59618244461180240uAn1PM",
			"_tpl": "575062b524597720a31c09a1",
			"parentId": "I59618249364708269zf6nNV",
			"slotId": "main",
			"location": {
				"x": 0,
				"y": 1,
				"r": "Horizontal"
			}
		},
		{
			"_id": "I596182440367067207wm5v2",
			"_tpl": "57347c77245977448d35f6e2",
			"parentId": "I59618249364708269zf6nNV",
			"slotId": "main",
			"location": {
				"x": 0,
				"y": 2,
				"r": "Horizontal"
			}
		},
		{
			"_id": "I59618248974357581JPLCvk",
			"_tpl": "5780d0652459777df90dcb74",
			"parentId": "I59618249364708269zf6nNV",
			"slotId": "main",
			"location": {
				"x": 1,
				"y": 0,
				"r": "Horizontal"
			}
		},
		{
			"_id": "I59618249084336574tPvyj1",
			"_tpl": "590c5d4b86f774784e1b9c45",
			"parentId": "I59618249364708269zf6nNV",
			"slotId": "main",
			"location": {
				"x": 1,
				"y": 1,
				"r": "Horizontal"
			}
		},
		{
			"_id": "I59618249691115733KBqS8O",
			"_tpl": "5df8a2ca86f7740bfe6df777",
			"parentId": "5c6687d65e9d882c8841f0fd",
			"slotId": "ArmorVest",
			"upd": {
				"Repairable": {
					"MaxDurability": 80,
					"Durability": 38
				}
			}
		},
		{
			"_id": "I59618247759489849yRFgsS",
			"_tpl": "57347cd0245977445a2d6ff1",
			"parentId": "5c6687d65e9d882c8841f121",
			"slotId": "pocket1",
			"location": {
				"x": 0,
				"y": 0,
				"r": "Horizontal"
			},
			"upd": {
				"SpawnedInSession": true
			}
		}
	],
	"equipment": "5c6687d65e9d882c8841f0fd",
	"stash": "5c6687d65e9d882c8841f0fc",
	"questRaidItems": "5c6687d65e9d882c8841f0fe",
	"questStashItems": "5c6687d65e9d882c8841f0ff",
	"fastPanel": {}
}