{
	"items": [
		{
			"_id": "5c6687d65e9d882c8841f0fd",
			"_tpl": "55d7217a4bdc2d86028b456d"
		},
		{
			"_id": "5c6687d65e9d882c8841f121",
			"_tpl": "557ffd194bdc2d28148b457f",
			"parentId": "5c6687d65e9d882c8841f0fd",
			"slotId": "Pockets"
		},
		{
			"_id": "5c6687d65e9d882c8841f0fc",
			"_tpl": "566abbc34bdc2d92178b4576"
		},
		{
			"_id": "5c6687d65e9d882c8841f0ff",
			"_tpl": "5963866b86f7747bfa1c4462"
		},
		{
			"_id": "5c6687d65e9d882c8841f0fe",
			"_tpl": "5963866286f7747bf429b572"
		},
		{
			"_id": "I59618244037013851l2VfNQ",
			"_tpl": "5e4abfed86f77406a2713cf7",
			"parentId": "5c6687d65e9d882c8841f0fd",
			"slotId": "TacticalVest"
		},
		{
			"_id": "I331017566325493301LxC5I",
			"_tpl": "5ab8e9fcd8ce870019439434",
			"parentId": "5c6687d65e9d882c8841f0fd",
			"slotId": "FirstPrimaryWeapon",
			"upd": {
				"Repairable": {
					"MaxDurability": 100,
					"Durability": 100
				}
			}
		},
		{
			"_id": "I331017562656159893BehIm",
			"_tpl": "59c6633186f7740cf0493bb9",
			"parentId": "I331017566325493301LxC5I",
			"slotId": "mod_gas_block"
		},
		{
			"_id": "I331017563912843506j3dZ5",
			"_tpl": "5649aa744bdc2ded0b8b457e",
			"parentId": "I331017566325493301LxC5I",
			"slotId": "mod_muzzle"
		},
		{
			"_id": "I331017568861032510ZaHn6",
			"_tpl": "57e3dba62459770f0c32322b",
			"parentId": "I331017566325493301LxC5I",
			"slotId": "mod_pistol_grip"
		},
		{
			"_id": "I331017565786653863i8rvV",
			"_tpl": "5649b0544bdc2d1b2b8b458a",
			"parentId": "I331017566325493301LxC5I",
			"slotId": "mod_sight_rear",
			"upd": {
				"Sight": {
					"SelectedSightMode": 0
				}
			}
		},
		{
			"_id": "I59618249347847525KlHrRt",
			"_tpl": "5bed61680db834001d2c45ab",
			"parentId": "I331017566325493301LxC5I",
			"slotId": "mod_magazine"
		},
		{
			"_id": "I59618243683702140vKSJ8h",
			"_tpl": "56dff2ced2720bb4668b4567",
			"parentId": "I59618249347847525KlHrRt",
			"slotId": "cartridges",
			"upd": {
				"StackObjectsCount": 30
			}
		},
		{
			"_id": "I331017568563706759oc4F8",
			"_tpl": "5648b0744bdc2d363b8b4578",
			"parentId": "I331017562656159893BehIm",
			"slotId": "mod_handguard"
		},
		{
			"_id": "I59618249066399129SuGiMf",
			"_tpl": "5857a8bc2459772bad15db29",
			"parentId": "5c6687d65e9d882c8841f0fd",
			"slotId": "SecuredContainer"
		},
		{
			"_id": "I5961824592702803185wWqR",
			"_tpl": "56dff4ecd2720b5f5a8b4568",
			"parentId": "I59618249066399129SuGiMf",
			"slotId": "main",
			"upd": {
				"StackObjectsCount": 60
			}
		},
		{
			"_id": "I59618246978181972Z3mxVs",
			"_tpl": "56dff338d2720bbd668b4569",
			"parentId": "I59618249066399129SuGiMf",
			"slotId": "main",
			"upd": {
				"StackObjectsCount": 60
			}
		},
		{
			"_id": "I59618249325217544fWv0PK",
			"_tpl": "56dff216d2720bbd668b4568",
			"parentId": "I59618249066399129SuGiMf",
			"slotId": "main",
			"upd": {
				"StackObjectsCount": 60
			}
		},
		{
			"_id": "I59618248966291185B1gQPc",
			"_tpl": "56dff061d2720bb5668b4567",
			"parentId": "I59618249066399129SuGiMf",
			"slotId": "main",
			"upd": {
				"StackObjectsCount": 60
			}
		},
		{
			"_id": "I59618243387330897HC5pYl",
			"_tpl": "56dff338d2720bbd668b4569",
			"parentId": "I59618249066399129SuGiMf",
			"slotId": "main",
			"upd": {
				"StackObjectsCount": 60
			}
		},
		{
			"_id": "I596182433374463613egiUg",
			"_tpl": "56dff026d2720bb8668b4567",
			"parentId": "I59618249066399129SuGiMf",
			"slotId": "main",
			"upd": {
				"StackObjectsCount": 60
			}
		},
		{
			"_id": "I596182437253543785nFqjB",
			"_tpl": "56dff3afd2720bba668b4567",
			"parentId": "I59618249066399129SuGiMf",
			"slotId": "main",
			"upd": {
				"StackObjectsCount": 60
			}
		},
		{
			"_id": "I59618243257975698ECJj8L",
			"_tpl": "56dff338d2720bbd668b4569",
			"parentId": "I59618249066399129SuGiMf",
			"slotId": "main",
			"upd": {
				"StackObjectsCount": 60
			}
		},
		{
			"_id": "I59618242673009153iS92YM",
			"_tpl": "56dff2ced2720bb4668b4567",
			"parentId": "I59618249066399129SuGiMf",
			"slotId": "main",
			"upd": {
				"StackObjectsCount": 60
			}
		},
		{
			"_id": "I59618244262194945xIGobS",
			"_tpl": "5cbdaf89ae9215000e5b9c94",
			"parentId": "I59618244037013851l2VfNQ",
			"slotId": "1",
			"location": {
				"x": 0,
				"y": 0,
				"r": "Horizontal"
			}
		},
		{
			"_id": "I59618249076148370J3E1vZ",
			"_tpl": "56dff216d2720bbd668b4568",
			"parentId": "I59618244262194945xIGobS",
			"slotId": "cartridges",
			"upd": {
				"StackObjectsCount": 30
			}
		},
		{
			"_id": "I596182451548336297yP4Cc",
			"_tpl": "544fb25a4bdc2dfb738b4567",
			"parentId": "I59618244037013851l2VfNQ",
			"slotId": "3"
		},
		{
			"_id": "I59618246729179918ZHpSVX",
			"_tpl": "5cbdaf89ae9215000e5b9c94",
			"parentId": "I59618244037013851l2VfNQ",
			"slotId": "4",
			"location": {
				"x": 0,
				"y": 0,
				"r": "Horizontal"
			}
		},
		{
			"_id": "I59618248629416859pttbsp",
			"_tpl": "56dff4ecd2720b5f5a8b4568",
			"parentId": "I59618246729179918ZHpSVX",
			"slotId": "cartridges",
			"upd": {
				"StackObjectsCount": 30
			}
		},
		{
			"_id": "I59618249610955484hea6AG",
			"_tpl": "56dff2ced2720bb4668b4567",
			"parentId": "I59618244037013851l2VfNQ",
			"slotId": "5",
			"upd": {
				"StackObjectsCount": 59
			}
		},
		{
			"_id": "I59618249922883610Ag7AI8",
			"_tpl": "56dff2ced2720bb4668b4567",
			"parentId": "I59618244037013851l2VfNQ",
			"slotId": "9",
			"upd": {
				"StackObjectsCount": 14
			}
		},
		{
			"_id": "I59618244948385391vjSd4l",
			"_tpl": "54491bb74bdc2d09088b4567",
			"parentId": "5c6687d65e9d882c8841f0fd",
			"slotId": "Scabbard"
		},
		{
			"_id": "I59618246225059476oZTnV2",
			"_tpl": "5aa2a7e8e5b5b00016327c16",
			"parentId": "5c6687d65e9d882c8841f0fd",
			"slotId": "Headwear"
		},
		{
			"_id": "I59618242552009943tCfhAy",
			"_tpl": "5d6d2ef3a4b93618084f58bd",
			"parentId": "5c6687d65e9d882c8841f0fd",
			"slotId": "Eyewear"
		},
		{
			"_id": "I59618246105550949qcHWh0",
			"_tpl": "5a0ee30786f774023b6ee08f",
			"parentId": "5c6687d65e9d882c8841f121",
			"slotId": "pocket1",
			"location": {
				"x": 0,
				"y": 0,
				"r": "Horizontal"
			},
			"upd": {
				"SpawnedInSession": true
			}
		},
		{
			"_id": "I59618245495101681U5hb3E",
			"_tpl": "5b4335ba86f7744d2837a264",
			"parentId": "5c6687d65e9d882c8841f121",
			"slotId": "pocket2",
			"location": {
				"x": 0,
				"y": 0,
				"r": "Horizontal"
			},
			"upd": {
				"SpawnedInSession": true
			}
		}
	],
	"equipment": "5c6687d65e9d882c8841f0fd",
	"stash": "5c6687d65e9d882c8841f0fc",
	"questRaidItems": "5c6687d65e9d882c8841f0fe",
	"questStashItems": "5c6687d65e9d882c8841f0ff",
	"fastPanel": {}
}