{
	"items": [
		{
			"_id": "5c6687d65e9d882c8841f0fd",
			"_tpl": "55d7217a4bdc2d86028b456d"
		},
		{
			"_id": "5c6687d65e9d882c8841f121",
			"_tpl": "557ffd194bdc2d28148b457f",
			"parentId": "5c6687d65e9d882c8841f0fd",
			"slotId": "Pockets"
		},
		{
			"_id": "5c6687d65e9d882c8841f0fc",
			"_tpl": "566abbc34bdc2d92178b4576"
		},
		{
			"_id": "5c6687d65e9d882c8841f0ff",
			"_tpl": "5963866b86f7747bfa1c4462"
		},
		{
			"_id": "5c6687d65e9d882c8841f0fe",
			"_tpl": "5963866286f7747bf429b572"
		},
		{
			"_id": "I5961824888029969419AT3U",
			"_tpl": "5929a2a086f7744f4b234d43",
			"parentId": "5c6687d65e9d882c8841f0fd",
			"slotId": "TacticalVest"
		},
		{
			"_id": "I210051403484529800nw29F",
			"_tpl": "5b0bbe4e5acfc40dc528a72d",
			"parentId": "5c6687d65e9d882c8841f0fd",
			"slotId": "FirstPrimaryWeapon",
			"upd": {
				"Repairable": {
					"MaxDurability": 100,
					"Durability": 100
				}
			}
		},
		{
			"_id": "I210051405996909685vFIbo",
			"_tpl": "5b099b965acfc400186331e6",
			"parentId": "I210051403484529800nw29F",
			"slotId": "mod_pistol_grip"
		},
		{
			"_id": "I59618249542135400kHjuYA",
			"_tpl": "5b7bef1e5acfc43d82528402",
			"parentId": "I210051403484529800nw29F",
			"slotId": "mod_magazine"
		},
		{
			"_id": "I596182492185379174fEz6g",
			"_tpl": "5e023e88277cce2b522ff2b1",
			"parentId": "I59618249542135400kHjuYA",
			"slotId": "cartridges",
			"upd": {
				"StackObjectsCount": 10
			}
		},
		{
			"_id": "I210051405216472113YjNeL",
			"_tpl": "5b099a9d5acfc47a8607efe7",
			"parentId": "I210051403484529800nw29F",
			"slotId": "mod_handguard"
		},
		{
			"_id": "I2100514049037118355OYUz",
			"_tpl": "5b099a765acfc47a8607efe3",
			"parentId": "I210051403484529800nw29F",
			"slotId": "mod_barrel"
		},
		{
			"_id": "I2100514075276815925qiFw",
			"_tpl": "5b0bc22d5acfc47a8607f085",
			"parentId": "I210051403484529800nw29F",
			"slotId": "mod_sight_rear",
			"upd": {
				"Sight": {
					"SelectedSightMode": 0
				}
			}
		},
		{
			"_id": "I21005140392907797484gna",
			"_tpl": "5b099b7d5acfc400186331e4",
			"parentId": "I2100514049037118355OYUz",
			"slotId": "mod_muzzle"
		},
		{
			"_id": "I59618244429485570iH3X5p",
			"_tpl": "5857a8bc2459772bad15db29",
			"parentId": "5c6687d65e9d882c8841f0fd",
			"slotId": "SecuredContainer"
		},
		{
			"_id": "I59618247880009806TYvneG",
			"_tpl": "5e023e53d4353e3302577c4c",
			"parentId": "I59618244429485570iH3X5p",
			"slotId": "main",
			"upd": {
				"StackObjectsCount": 60
			}
		},
		{
			"_id": "I59618245090779183Tc56u5",
			"_tpl": "5e023e88277cce2b522ff2b1",
			"parentId": "I59618244429485570iH3X5p",
			"slotId": "main",
			"upd": {
				"StackObjectsCount": 60
			}
		},
		{
			"_id": "I596182426966610022CSzNj",
			"_tpl": "58dd3ad986f77403051cba8f",
			"parentId": "I59618244429485570iH3X5p",
			"slotId": "main",
			"upd": {
				"StackObjectsCount": 60
			}
		},
		{
			"_id": "I59618249721263422r2Mwba",
			"_tpl": "5e023e6e34d52a55c3304f71",
			"parentId": "I59618244429485570iH3X5p",
			"slotId": "main",
			"upd": {
				"StackObjectsCount": 60
			}
		},
		{
			"_id": "I59618241357818649q4rp3i",
			"_tpl": "5a608bf24f39f98ffc77720e",
			"parentId": "I59618244429485570iH3X5p",
			"slotId": "main",
			"upd": {
				"StackObjectsCount": 60
			}
		},
		{
			"_id": "I59618248152913077JFrIL8",
			"_tpl": "58dd3ad986f77403051cba8f",
			"parentId": "I59618244429485570iH3X5p",
			"slotId": "main",
			"upd": {
				"StackObjectsCount": 60
			}
		},
		{
			"_id": "I59618249028460413eWwUTV",
			"_tpl": "58dd3ad986f77403051cba8f",
			"parentId": "I59618244429485570iH3X5p",
			"slotId": "main",
			"upd": {
				"StackObjectsCount": 60
			}
		},
		{
			"_id": "I59618242581577218vO8SIn",
			"_tpl": "5e023e6e34d52a55c3304f71",
			"parentId": "I59618244429485570iH3X5p",
			"slotId": "main",
			"upd": {
				"StackObjectsCount": 60
			}
		},
		{
			"_id": "I59618249729728301dnVzZs",
			"_tpl": "5e023e88277cce2b522ff2b1",
			"parentId": "I59618244429485570iH3X5p",
			"slotId": "main",
			"upd": {
				"StackObjectsCount": 60
			}
		},
		{
			"_id": "I210016352266185794zd3SI",
			"_tpl": "56e0598dd2720bb5668b45a6",
			"parentId": "5c6687d65e9d882c8841f0fd",
			"slotId": "Holster",
			"upd": {
				"Repairable": {
					"MaxDurability": 100,
					"Durability": 100
				}
			}
		},
		{
			"_id": "I59618246354597987rDsUXT",
			"_tpl": "57371e4124597760ff7b25f1",
			"parentId": "I210016359259926518drwwp",
			"slotId": "cartridges",
			"upd": {
				"StackObjectsCount": 8
			}
		},
		{
			"_id": "I210016359259926518drwwp",
			"_tpl": "5448c12b4bdc2d02308b456f",
			"parentId": "I210016352266185794zd3SI",
			"slotId": "mod_magazine"
		},
		{
			"_id": "I210016357401982149X62Eg",
			"_tpl": "56e05b06d2720bb2668b4586",
			"parentId": "I210016352266185794zd3SI",
			"slotId": "mod_muzzle"
		},
		{
			"_id": "I210016359320850162BUbDs",
			"_tpl": "56e05a6ed2720bd0748b4567",
			"parentId": "I210016352266185794zd3SI",
			"slotId": "mod_pistol_grip"
		},
		{
			"_id": "I59618243318571247Z5xoaW",
			"_tpl": "5b7bef1e5acfc43d82528402",
			"parentId": "I5961824888029969419AT3U",
			"slotId": "3",
			"location": {
				"x": 0,
				"y": 0,
				"r": "Horizontal"
			}
		},
		{
			"_id": "I59618242709243084Ifap2Y",
			"_tpl": "5e023e88277cce2b522ff2b1",
			"parentId": "I59618243318571247Z5xoaW",
			"slotId": "cartridges",
			"upd": {
				"StackObjectsCount": 10
			}
		},
		{
			"_id": "I59618241959536206a4SIeb",
			"_tpl": "5b7bef1e5acfc43d82528402",
			"parentId": "I5961824888029969419AT3U",
			"slotId": "5",
			"location": {
				"x": 0,
				"y": 0,
				"r": "Horizontal"
			}
		},
		{
			"_id": "I59618241585745226NgLKLA",
			"_tpl": "5e023e6e34d52a55c3304f71",
			"parentId": "I59618241959536206a4SIeb",
			"slotId": "cartridges",
			"upd": {
				"StackObjectsCount": 10
			}
		},
		{
			"_id": "I59618241860329878wGjyu7",
			"_tpl": "5a0c27731526d80618476ac4",
			"parentId": "I5961824888029969419AT3U",
			"slotId": "1"
		},
		{
			"_id": "I59618243118652973FHNSl8",
			"_tpl": "5a608bf24f39f98ffc77720e",
			"parentId": "I5961824888029969419AT3U",
			"slotId": "2",
			"upd": {
				"StackObjectsCount": 26
			}
		},
		{
			"_id": "I596182413254659558SSkq2",
			"_tpl": "5448c12b4bdc2d02308b456f",
			"parentId": "I5961824888029969419AT3U",
			"slotId": "4",
			"location": {
				"x": 0,
				"y": 0,
				"r": "Horizontal"
			}
		},
		{
			"_id": "I596182467449880107HEsXt",
			"_tpl": "57371e4124597760ff7b25f1",
			"parentId": "I596182413254659558SSkq2",
			"slotId": "cartridges",
			"upd": {
				"StackObjectsCount": 8
			}
		},
		{
			"_id": "I59618246102208368IaEzqn",
			"_tpl": "54491bb74bdc2d09088b4567",
			"parentId": "5c6687d65e9d882c8841f0fd",
			"slotId": "Scabbard"
		},
		{
			"_id": "I59618247025822594ZCdJyn",
			"_tpl": "5ab8ee7786f7742d8f33f0b9",
			"parentId": "5c6687d65e9d882c8841f0fd",
			"slotId": "Backpack"
		},
		{
			"_id": "I59618248844501781i65Jzn",
			"_tpl": "5ab8e4ed86f7742d8e50c7fa",
			"parentId": "5c6687d65e9d882c8841f0fd",
			"slotId": "ArmorVest",
			"upd": {
				"Repairable": {
					"MaxDurability": 50,
					"Durability": 11
				}
			}
		},
		{
			"_id": "I59618248808479693zkqdee",
			"_tpl": "590c311186f77424d1667482",
			"parentId": "5c6687d65e9d882c8841f121",
			"slotId": "pocket1",
			"location": {
				"x": 0,
				"y": 0,
				"r": "Horizontal"
			},
			"upd": {
				"SpawnedInSession": true
			}
		}
	],
	"equipment": "5c6687d65e9d882c8841f0fd",
	"stash": "5c6687d65e9d882c8841f0fc",
	"questRaidItems": "5c6687d65e9d882c8841f0fe",
	"questStashItems": "5c6687d65e9d882c8841f0ff",
	"fastPanel": {}
}