{
	"items": [
		{
			"_id": "5c6687d65e9d882c8841f0fd",
			"_tpl": "55d7217a4bdc2d86028b456d"
		},
		{
			"_id": "5c6687d65e9d882c8841f121",
			"_tpl": "557ffd194bdc2d28148b457f",
			"parentId": "5c6687d65e9d882c8841f0fd",
			"slotId": "Pockets"
		},
		{
			"_id": "5c6687d65e9d882c8841f0fc",
			"_tpl": "566abbc34bdc2d92178b4576"
		},
		{
			"_id": "5c6687d65e9d882c8841f0ff",
			"_tpl": "5963866b86f7747bfa1c4462"
		},
		{
			"_id": "5c6687d65e9d882c8841f0fe",
			"_tpl": "5963866286f7747bf429b572"
		},
		{
			"_id": "I59618245774272731T5jp5m",
			"_tpl": "5648a69d4bdc2ded0b8b457b",
			"parentId": "5c6687d65e9d882c8841f0fd",
			"slotId": "TacticalVest"
		},
		{
			"_id": "I210014584987746708nHAJC",
			"_tpl": "57f3c6bd24597738e730fa2f",
			"parentId": "5c6687d65e9d882c8841f0fd",
			"slotId": "FirstPrimaryWeapon",
			"upd": {
				"Repairable": {
					"MaxDurability": 100,
					"Durability": 100
				}
			}
		},
		{
			"_id": "I210014585288802137x8dey",
			"_tpl": "57d152ec245977144076ccdf",
			"parentId": "I210014584987746708nHAJC",
			"slotId": "mod_pistol_grip"
		},
		{
			"_id": "I210014586406510702nRiZR",
			"_tpl": "57f3c7e024597738ea4ba286",
			"parentId": "I210014584987746708nHAJC",
			"slotId": "mod_muzzle"
		},
		{
			"_id": "I59618246185335227CNXf3t",
			"_tpl": "57d14e1724597714010c3f4b",
			"parentId": "I210014584987746708nHAJC",
			"slotId": "mod_magazine"
		},
		{
			"_id": "I596182476535787611qZj5Z",
			"_tpl": "573719df2459775a626ccbc2",
			"parentId": "I59618246185335227CNXf3t",
			"slotId": "cartridges",
			"upd": {
				"StackObjectsCount": 20
			}
		},
		{
			"_id": "I210014586690141174z4QTG",
			"_tpl": "57f3c8cc2459773ec4480328",
			"parentId": "I210014586406510702nRiZR",
			"slotId": "mod_muzzle"
		},
		{
			"_id": "I596182490942518909ChkWE",
			"_tpl": "5857a8bc2459772bad15db29",
			"parentId": "5c6687d65e9d882c8841f0fd",
			"slotId": "SecuredContainer"
		},
		{
			"_id": "I5961824483711024027KmdV",
			"_tpl": "5737207f24597760ff7b25f2",
			"parentId": "I596182490942518909ChkWE",
			"slotId": "main",
			"upd": {
				"StackObjectsCount": 60
			}
		},
		{
			"_id": "I596182435890666755JRwG7",
			"_tpl": "573719df2459775a626ccbc2",
			"parentId": "I596182490942518909ChkWE",
			"slotId": "main",
			"upd": {
				"StackObjectsCount": 60
			}
		},
		{
			"_id": "I59618242982597975zfK1BD",
			"_tpl": "5737218f245977612125ba51",
			"parentId": "I596182490942518909ChkWE",
			"slotId": "main",
			"upd": {
				"StackObjectsCount": 60
			}
		},
		{
			"_id": "I59618241285286062uOm3cs",
			"_tpl": "57372140245977611f70ee91",
			"parentId": "I596182490942518909ChkWE",
			"slotId": "main",
			"upd": {
				"StackObjectsCount": 60
			}
		},
		{
			"_id": "I59618244859229991NgSHzU",
			"_tpl": "573720e02459776143012541",
			"parentId": "I596182490942518909ChkWE",
			"slotId": "main",
			"upd": {
				"StackObjectsCount": 60
			}
		},
		{
			"_id": "I596182477471415236zsk0u",
			"_tpl": "57371eb62459776125652ac1",
			"parentId": "I596182490942518909ChkWE",
			"slotId": "main",
			"upd": {
				"StackObjectsCount": 60
			}
		},
		{
			"_id": "I59618244294856519hUJJR8",
			"_tpl": "57371e4124597760ff7b25f1",
			"parentId": "I596182490942518909ChkWE",
			"slotId": "main",
			"upd": {
				"StackObjectsCount": 60
			}
		},
		{
			"_id": "I59618248112702083Y0IYz9",
			"_tpl": "57372140245977611f70ee91",
			"parentId": "I596182490942518909ChkWE",
			"slotId": "main",
			"upd": {
				"StackObjectsCount": 60
			}
		},
		{
			"_id": "I59618248545243794kzkcG0",
			"_tpl": "57372140245977611f70ee91",
			"parentId": "I596182490942518909ChkWE",
			"slotId": "main",
			"upd": {
				"StackObjectsCount": 60
			}
		},
		{
			"_id": "I59618248194289988ttIuAm",
			"_tpl": "57d14e1724597714010c3f4b",
			"parentId": "I59618245774272731T5jp5m",
			"slotId": "1",
			"location": {
				"x": 0,
				"y": 0,
				"r": "Horizontal"
			}
		},
		{
			"_id": "I59618243373596056CPtJPB",
			"_tpl": "57371f2b24597761224311f1",
			"parentId": "I59618248194289988ttIuAm",
			"slotId": "cartridges",
			"upd": {
				"StackObjectsCount": 20
			}
		},
		{
			"_id": "I596182444169643437nlpbG",
			"_tpl": "57d14e1724597714010c3f4b",
			"parentId": "I59618245774272731T5jp5m",
			"slotId": "1",
			"location": {
				"x": 0,
				"y": 1,
				"r": "Horizontal"
			}
		},
		{
			"_id": "I596182464053774416wR89C",
			"_tpl": "57371f2b24597761224311f1",
			"parentId": "I596182444169643437nlpbG",
			"slotId": "cartridges",
			"upd": {
				"StackObjectsCount": 20
			}
		},
		{
			"_id": "I59618248894069750OZADng",
			"_tpl": "57d14e1724597714010c3f4b",
			"parentId": "I59618245774272731T5jp5m",
			"slotId": "3",
			"location": {
				"x": 0,
				"y": 0,
				"r": "Horizontal"
			}
		},
		{
			"_id": "I59618247439406178ApenAH",
			"_tpl": "57371b192459775a9f58a5e0",
			"parentId": "I59618248894069750OZADng",
			"slotId": "cartridges",
			"upd": {
				"StackObjectsCount": 20
			}
		},
		{
			"_id": "I59618242343045121x0AiEr",
			"_tpl": "57d14e1724597714010c3f4b",
			"parentId": "I59618245774272731T5jp5m",
			"slotId": "10",
			"location": {
				"x": 0,
				"y": 1,
				"r": "Horizontal"
			}
		},
		{
			"_id": "I59618247077341736aUlCy9",
			"_tpl": "57371b192459775a9f58a5e0",
			"parentId": "I59618242343045121x0AiEr",
			"slotId": "cartridges",
			"upd": {
				"StackObjectsCount": 20
			}
		},
		{
			"_id": "I59618244148323368BYTayz",
			"_tpl": "5737201124597760fc4431f1",
			"parentId": "I59618245774272731T5jp5m",
			"slotId": "7",
			"upd": {
				"StackObjectsCount": 19
			}
		},
		{
			"_id": "I59618245097993179bALknz",
			"_tpl": "57372140245977611f70ee91",
			"parentId": "I59618245774272731T5jp5m",
			"slotId": "9",
			"upd": {
				"StackObjectsCount": 48
			}
		},
		{
			"_id": "I59618244231899825x3BOen",
			"_tpl": "57e26ea924597715ca604a09",
			"parentId": "5c6687d65e9d882c8841f0fd",
			"slotId": "Scabbard"
		},
		{
			"_id": "I59618243429564038CYiSRS",
			"_tpl": "59e770b986f7742cbd762754",
			"parentId": "5c6687d65e9d882c8841f0fd",
			"slotId": "Eyewear"
		},
		{
			"_id": "I59618245475618107XsbLV4",
			"_tpl": "5bd06f5d86f77427101ad47c",
			"parentId": "5c6687d65e9d882c8841f0fd",
			"slotId": "FaceCover"
		},
		{
			"_id": "I59618245543647124NMNfMN",
			"_tpl": "590a358486f77429692b2790",
			"parentId": "5c6687d65e9d882c8841f121",
			"slotId": "pocket1",
			"location": {
				"x": 0,
				"y": 0,
				"r": "Horizontal"
			},
			"upd": {
				"SpawnedInSession": true
			}
		},
		{
			"_id": "I59618248663982889RAOEfb",
			"_tpl": "59136a4486f774447a1ed172",
			"parentId": "5c6687d65e9d882c8841f121",
			"slotId": "pocket2",
			"location": {
				"x": 0,
				"y": 0,
				"r": "Horizontal"
			},
			"upd": {
				"SpawnedInSession": true
			}
		},
		{
			"_id": "I59618247506690487D2sFe3",
			"_tpl": "590c5bbd86f774785762df04",
			"parentId": "5c6687d65e9d882c8841f121",
			"slotId": "pocket3",
			"location": {
				"x": 0,
				"y": 0,
				"r": "Horizontal"
			},
			"upd": {
				"SpawnedInSession": true
			}
		}
	],
	"equipment": "5c6687d65e9d882c8841f0fd",
	"stash": "5c6687d65e9d882c8841f0fc",
	"questRaidItems": "5c6687d65e9d882c8841f0fe",
	"questStashItems": "5c6687d65e9d882c8841f0ff",
	"fastPanel": {}
}