{
	"items": [
		{
			"_id": "5c6687d65e9d882c8841f0fd",
			"_tpl": "55d7217a4bdc2d86028b456d"
		},
		{
			"_id": "5c6687d65e9d882c8841f121",
			"_tpl": "557ffd194bdc2d28148b457f",
			"parentId": "5c6687d65e9d882c8841f0fd",
			"slotId": "Pockets"
		},
		{
			"_id": "5c6687d65e9d882c8841f0fc",
			"_tpl": "566abbc34bdc2d92178b4576"
		},
		{
			"_id": "5c6687d65e9d882c8841f0ff",
			"_tpl": "5963866b86f7747bfa1c4462"
		},
		{
			"_id": "5c6687d65e9d882c8841f0fe",
			"_tpl": "5963866286f7747bf429b572"
		},
		{
			"_id": "I596182467053963528kRUyP",
			"_tpl": "5648a69d4bdc2ded0b8b457b",
			"parentId": "5c6687d65e9d882c8841f0fd",
			"slotId": "TacticalVest"
		},
		{
			"_id": "I2100503357734355865zrLD",
			"_tpl": "5abcbc27d8ce8700182eceeb",
			"parentId": "5c6687d65e9d882c8841f0fd",
			"slotId": "FirstPrimaryWeapon",
			"upd": {
				"Repairable": {
					"MaxDurability": 100,
					"Durability": 100
				}
			}
		},
		{
			"_id": "I210050334603785294C46TS",
			"_tpl": "59d64ec286f774171d1e0a42",
			"parentId": "I2100503357734355865zrLD",
			"slotId": "mod_gas_block"
		},
		{
			"_id": "I210050338601552827l77uI",
			"_tpl": "59e61eb386f77440d64f5daf",
			"parentId": "I2100503357734355865zrLD",
			"slotId": "mod_muzzle"
		},
		{
			"_id": "I210050331845165111n3Mvv",
			"_tpl": "5a0071d486f77404e23a12b2",
			"parentId": "I2100503357734355865zrLD",
			"slotId": "mod_pistol_grip_akms"
		},
		{
			"_id": "I210050331178298252put3r",
			"_tpl": "59d650cf86f7741b846413a4",
			"parentId": "I2100503357734355865zrLD",
			"slotId": "mod_sight_rear",
			"upd": {
				"Sight": {
					"SelectedSightMode": 0
				}
			}
		},
		{
			"_id": "I59618248295945127J8j3VP",
			"_tpl": "5b1fd4e35acfc40018633c39",
			"parentId": "I2100503357734355865zrLD",
			"slotId": "mod_magazine"
		},
		{
			"_id": "I59618243436950116aF3sQX",
			"_tpl": "59e4d24686f7741776641ac7",
			"parentId": "I59618248295945127J8j3VP",
			"slotId": "cartridges",
			"upd": {
				"StackObjectsCount": 10
			}
		},
		{
			"_id": "I210050335805439933Twowk",
			"_tpl": "59d64f2f86f77417193ef8b3",
			"parentId": "I210050334603785294C46TS",
			"slotId": "mod_handguard"
		},
		{
			"_id": "I59618247319671793IzgsSH",
			"_tpl": "5857a8bc2459772bad15db29",
			"parentId": "5c6687d65e9d882c8841f0fd",
			"slotId": "SecuredContainer"
		},
		{
			"_id": "I59618246791134533UVR7dn",
			"_tpl": "59e0d99486f7744a32234762",
			"parentId": "I59618247319671793IzgsSH",
			"slotId": "main",
			"upd": {
				"StackObjectsCount": 60
			}
		},
		{
			"_id": "I596182458712810954NAAj9",
			"_tpl": "59e4d3d286f774176a36250a",
			"parentId": "I59618247319671793IzgsSH",
			"slotId": "main",
			"upd": {
				"StackObjectsCount": 60
			}
		},
		{
			"_id": "I596182456403289652EguyD",
			"_tpl": "5656d7c34bdc2d9d198b4587",
			"parentId": "I59618247319671793IzgsSH",
			"slotId": "main",
			"upd": {
				"StackObjectsCount": 60
			}
		},
		{
			"_id": "I596182457025186582UFLHA",
			"_tpl": "59e4cf5286f7741778269d8a",
			"parentId": "I59618247319671793IzgsSH",
			"slotId": "main",
			"upd": {
				"StackObjectsCount": 60
			}
		},
		{
			"_id": "I59618247238328983OXHyVt",
			"_tpl": "59e4cf5286f7741778269d8a",
			"parentId": "I59618247319671793IzgsSH",
			"slotId": "main",
			"upd": {
				"StackObjectsCount": 60
			}
		},
		{
			"_id": "I59618242256218889Mq2Tcv",
			"_tpl": "59e4d3d286f774176a36250a",
			"parentId": "I59618247319671793IzgsSH",
			"slotId": "main",
			"upd": {
				"StackObjectsCount": 60
			}
		},
		{
			"_id": "I59618249142853772Yw8SQu",
			"_tpl": "59e4d24686f7741776641ac7",
			"parentId": "I59618247319671793IzgsSH",
			"slotId": "main",
			"upd": {
				"StackObjectsCount": 60
			}
		},
		{
			"_id": "I59618246216652986PtQRcj",
			"_tpl": "59e4cf5286f7741778269d8a",
			"parentId": "I59618247319671793IzgsSH",
			"slotId": "main",
			"upd": {
				"StackObjectsCount": 60
			}
		},
		{
			"_id": "I59618241909942538nNHRwD",
			"_tpl": "59e4d3d286f774176a36250a",
			"parentId": "I59618247319671793IzgsSH",
			"slotId": "main",
			"upd": {
				"StackObjectsCount": 60
			}
		},
		{
			"_id": "I59618246264437630rhvQfH",
			"_tpl": "5a0060fc86f7745793204432",
			"parentId": "I596182467053963528kRUyP",
			"slotId": "1",
			"location": {
				"x": 0,
				"y": 0,
				"r": "Horizontal"
			}
		},
		{
			"_id": "I59618243079563485GeaMaW",
			"_tpl": "5656d7c34bdc2d9d198b4587",
			"parentId": "I59618246264437630rhvQfH",
			"slotId": "cartridges",
			"upd": {
				"StackObjectsCount": 30
			}
		},
		{
			"_id": "I59618247290352901yQ1GHm",
			"_tpl": "544fb37f4bdc2dee738b4567",
			"parentId": "I596182467053963528kRUyP",
			"slotId": "3"
		},
		{
			"_id": "I596182422954627894kLv6Y",
			"_tpl": "544fb25a4bdc2dfb738b4567",
			"parentId": "I596182467053963528kRUyP",
			"slotId": "11"
		},
		{
			"_id": "I59618247642854862B49wxe",
			"_tpl": "5a0060fc86f7745793204432",
			"parentId": "I596182467053963528kRUyP",
			"slotId": "5",
			"location": {
				"x": 0,
				"y": 0,
				"r": "Horizontal"
			}
		},
		{
			"_id": "I59618248449190067gEHWoI",
			"_tpl": "59e4cf5286f7741778269d8a",
			"parentId": "I59618247642854862B49wxe",
			"slotId": "cartridges",
			"upd": {
				"StackObjectsCount": 30
			}
		},
		{
			"_id": "I59618241464957921eixVF8",
			"_tpl": "5a0060fc86f7745793204432",
			"parentId": "I596182467053963528kRUyP",
			"slotId": "5",
			"location": {
				"x": 1,
				"y": 0,
				"r": "Horizontal"
			}
		},
		{
			"_id": "I59618248093516040remgmj",
			"_tpl": "59e4cf5286f7741778269d8a",
			"parentId": "I59618241464957921eixVF8",
			"slotId": "cartridges",
			"upd": {
				"StackObjectsCount": 30
			}
		},
		{
			"_id": "I59618241006494210Y7SsWK",
			"_tpl": "59e4d24686f7741776641ac7",
			"parentId": "I596182467053963528kRUyP",
			"slotId": "7",
			"upd": {
				"StackObjectsCount": 41
			}
		},
		{
			"_id": "I596182456752506732FWTaO",
			"_tpl": "57e26fc7245977162a14b800",
			"parentId": "5c6687d65e9d882c8841f0fd",
			"slotId": "Scabbard"
		},
		{
			"_id": "I59618244846567579TEkGjU",
			"_tpl": "5b4329075acfc400153b78ff",
			"parentId": "5c6687d65e9d882c8841f0fd",
			"slotId": "Headwear"
		},
		{
			"_id": "I59618247920533645vMkxdt",
			"_tpl": "5af0561e86f7745f5f3ad6ac",
			"parentId": "5c6687d65e9d882c8841f121",
			"slotId": "pocket1",
			"location": {
				"x": 0,
				"y": 0,
				"r": "Horizontal"
			},
			"upd": {
				"SpawnedInSession": true
			}
		},
		{
			"_id": "I59618249041781529qEHM47",
			"_tpl": "5d1b31ce86f7742523398394",
			"parentId": "5c6687d65e9d882c8841f121",
			"slotId": "pocket2",
			"location": {
				"x": 0,
				"y": 0,
				"r": "Horizontal"
			},
			"upd": {
				"SpawnedInSession": true
			}
		}
	],
	"equipment": "5c6687d65e9d882c8841f0fd",
	"stash": "5c6687d65e9d882c8841f0fc",
	"questRaidItems": "5c6687d65e9d882c8841f0fe",
	"questStashItems": "5c6687d65e9d882c8841f0ff",
	"fastPanel": {}
}