{
	"items": [
		{
			"_id": "5c6687d65e9d882c8841f0fd",
			"_tpl": "55d7217a4bdc2d86028b456d"
		},
		{
			"_id": "5c6687d65e9d882c8841f121",
			"_tpl": "557ffd194bdc2d28148b457f",
			"parentId": "5c6687d65e9d882c8841f0fd",
			"slotId": "Pockets"
		},
		{
			"_id": "5c6687d65e9d882c8841f0fc",
			"_tpl": "566abbc34bdc2d92178b4576"
		},
		{
			"_id": "5c6687d65e9d882c8841f0ff",
			"_tpl": "5963866b86f7747bfa1c4462"
		},
		{
			"_id": "5c6687d65e9d882c8841f0fe",
			"_tpl": "5963866286f7747bf429b572"
		},
		{
			"_id": "I59618248409525197CzroxE",
			"_tpl": "5648a69d4bdc2ded0b8b457b",
			"parentId": "5c6687d65e9d882c8841f0fd",
			"slotId": "TacticalVest"
		},
		{
			"_id": "I210018144519737213jGmrr",
			"_tpl": "576165642459773c7a400233",
			"parentId": "5c6687d65e9d882c8841f0fd",
			"slotId": "FirstPrimaryWeapon",
			"upd": {
				"Repairable": {
					"MaxDurability": 100,
					"Durability": 100
				}
			}
		},
		{
			"_id": "I2100181467409493707kVVO",
			"_tpl": "576169e62459773c69055191",
			"parentId": "I210018144519737213jGmrr",
			"slotId": "mod_handguard"
		},
		{
			"_id": "I210018148314052151tHyi6",
			"_tpl": "576167ab2459773cad038c43",
			"parentId": "I210018144519737213jGmrr",
			"slotId": "mod_muzzle"
		},
		{
			"_id": "I210018143827109655PHMj1",
			"_tpl": "5649ade84bdc2d1b2b8b4587",
			"parentId": "I210018144519737213jGmrr",
			"slotId": "mod_pistol_grip"
		},
		{
			"_id": "I210018141975463988Sah2E",
			"_tpl": "57616c112459773cce774d66",
			"parentId": "I210018144519737213jGmrr",
			"slotId": "mod_reciever"
		},
		{
			"_id": "I210018148028521873klCzc",
			"_tpl": "57a9b9ce2459770ee926038d",
			"parentId": "I210018144519737213jGmrr",
			"slotId": "mod_sight_rear",
			"upd": {
				"Sight": {
					"SelectedSightMode": 0
				}
			}
		},
		{
			"_id": "I210018147302869413n68oc",
			"_tpl": "57616ca52459773c69055192",
			"parentId": "I210018144519737213jGmrr",
			"slotId": "mod_stock"
		},
		{
			"_id": "I59618241501661200cZCQU4",
			"_tpl": "57616a9e2459773c7a400234",
			"parentId": "I210018144519737213jGmrr",
			"slotId": "mod_magazine"
		},
		{
			"_id": "I59618249928994686759Mjz",
			"_tpl": "5d6e68b3a4b9361bca7e50b5",
			"parentId": "I59618241501661200cZCQU4",
			"slotId": "cartridges",
			"upd": {
				"StackObjectsCount": 5
			}
		},
		{
			"_id": "I59618249279809648Mjk1Bt",
			"_tpl": "5857a8bc2459772bad15db29",
			"parentId": "5c6687d65e9d882c8841f0fd",
			"slotId": "SecuredContainer"
		},
		{
			"_id": "I59618244128767282ysNIUg",
			"_tpl": "5d6e68a8a4b9360b6c0d54e2",
			"parentId": "I59618249279809648Mjk1Bt",
			"slotId": "main",
			"upd": {
				"StackObjectsCount": 60
			}
		},
		{
			"_id": "I59618242821141033XKBZZq",
			"_tpl": "5d6e68b3a4b9361bca7e50b5",
			"parentId": "I59618249279809648Mjk1Bt",
			"slotId": "main",
			"upd": {
				"StackObjectsCount": 60
			}
		},
		{
			"_id": "I59618243942571354kYz1s4",
			"_tpl": "5d6e6869a4b9361c140bcfde",
			"parentId": "I59618249279809648Mjk1Bt",
			"slotId": "main",
			"upd": {
				"StackObjectsCount": 60
			}
		},
		{
			"_id": "I59618247985763577PVfZDg",
			"_tpl": "5d6e6869a4b9361c140bcfde",
			"parentId": "I59618249279809648Mjk1Bt",
			"slotId": "main",
			"upd": {
				"StackObjectsCount": 60
			}
		},
		{
			"_id": "I59618249687797771CHfLD9",
			"_tpl": "560d5e524bdc2d25448b4571",
			"parentId": "I59618249279809648Mjk1Bt",
			"slotId": "main",
			"upd": {
				"StackObjectsCount": 60
			}
		},
		{
			"_id": "I5961824703190239630nXGH",
			"_tpl": "5d6e68b3a4b9361bca7e50b5",
			"parentId": "I59618249279809648Mjk1Bt",
			"slotId": "main",
			"upd": {
				"StackObjectsCount": 60
			}
		},
		{
			"_id": "I59618241556303024NZVevX",
			"_tpl": "5d6e689ca4b9361bc8618956",
			"parentId": "I59618249279809648Mjk1Bt",
			"slotId": "main",
			"upd": {
				"StackObjectsCount": 60
			}
		},
		{
			"_id": "I59618247172550589EUbd4F",
			"_tpl": "5d6e6891a4b9361bd473feea",
			"parentId": "I59618249279809648Mjk1Bt",
			"slotId": "main",
			"upd": {
				"StackObjectsCount": 60
			}
		},
		{
			"_id": "I59618243987195393TTl6f8",
			"_tpl": "5d6e68e6a4b9361c140bcfe0",
			"parentId": "I59618249279809648Mjk1Bt",
			"slotId": "main",
			"upd": {
				"StackObjectsCount": 60
			}
		},
		{
			"_id": "I59618246475448200t9mEtb",
			"_tpl": "544fb25a4bdc2dfb738b4567",
			"parentId": "I59618248409525197CzroxE",
			"slotId": "1"
		},
		{
			"_id": "I59618247627305101tdiYtN",
			"_tpl": "544fb25a4bdc2dfb738b4567",
			"parentId": "I59618248409525197CzroxE",
			"slotId": "2"
		},
		{
			"_id": "I59618247925860867h2pRZ0",
			"_tpl": "57616a9e2459773c7a400234",
			"parentId": "I59618248409525197CzroxE",
			"slotId": "3",
			"location": {
				"x": 0,
				"y": 0,
				"r": "Horizontal"
			}
		},
		{
			"_id": "I5961824561164019337W58G",
			"_tpl": "5d6e6772a4b936088465b17c",
			"parentId": "I59618247925860867h2pRZ0",
			"slotId": "cartridges",
			"upd": {
				"StackObjectsCount": 5
			}
		},
		{
			"_id": "I59618245492162385q0k6Km",
			"_tpl": "57616a9e2459773c7a400234",
			"parentId": "I59618248409525197CzroxE",
			"slotId": "11",
			"location": {
				"x": 0,
				"y": 0,
				"r": "Horizontal"
			}
		},
		{
			"_id": "I59618249485555815fWDRoO",
			"_tpl": "560d5e524bdc2d25448b4571",
			"parentId": "I59618245492162385q0k6Km",
			"slotId": "cartridges",
			"upd": {
				"StackObjectsCount": 5
			}
		},
		{
			"_id": "I59618241738751592ZocI3C",
			"_tpl": "57616a9e2459773c7a400234",
			"parentId": "I59618248409525197CzroxE",
			"slotId": "5",
			"location": {
				"x": 0,
				"y": 0,
				"r": "Horizontal"
			}
		},
		{
			"_id": "I59618242657655330OU77z0",
			"_tpl": "5d6e68c4a4b9361b93413f79",
			"parentId": "I59618241738751592ZocI3C",
			"slotId": "cartridges",
			"upd": {
				"StackObjectsCount": 5
			}
		},
		{
			"_id": "I59618243629920908ErQUBJ",
			"_tpl": "57616a9e2459773c7a400234",
			"parentId": "I59618248409525197CzroxE",
			"slotId": "5",
			"location": {
				"x": 1,
				"y": 0,
				"r": "Horizontal"
			}
		},
		{
			"_id": "I59618246042555768th6iKO",
			"_tpl": "5d6fbf68a4b9362233221f6b",
			"parentId": "I59618243629920908ErQUBJ",
			"slotId": "cartridges",
			"upd": {
				"StackObjectsCount": 5
			}
		},
		{
			"_id": "I59618249632714423q24xMT",
			"_tpl": "5e32f56fcb6d5863cc5e5ee4",
			"parentId": "I59618248409525197CzroxE",
			"slotId": "6"
		},
		{
			"_id": "I59618241433514100OfYWV9",
			"_tpl": "57e26ea924597715ca604a09",
			"parentId": "5c6687d65e9d882c8841f0fd",
			"slotId": "Scabbard"
		},
		{
			"_id": "I596182427383544383iBR6b",
			"_tpl": "5c08f87c0db8340019124324",
			"parentId": "5c6687d65e9d882c8841f0fd",
			"slotId": "Headwear"
		},
		{
			"_id": "I59618247302122727DuKZQu",
			"_tpl": "590a3d9c86f774385926e510",
			"parentId": "5c6687d65e9d882c8841f121",
			"slotId": "pocket1",
			"location": {
				"x": 0,
				"y": 0,
				"r": "Horizontal"
			},
			"upd": {
				"SpawnedInSession": true
			}
		}
	],
	"equipment": "5c6687d65e9d882c8841f0fd",
	"stash": "5c6687d65e9d882c8841f0fc",
	"questRaidItems": "5c6687d65e9d882c8841f0fe",
	"questStashItems": "5c6687d65e9d882c8841f0ff",
	"fastPanel": {}
}