{
	"items": [
		{
			"_id": "5c6687d65e9d882c8841f0fd",
			"_tpl": "55d7217a4bdc2d86028b456d"
		},
		{
			"_id": "5c6687d65e9d882c8841f121",
			"_tpl": "557ffd194bdc2d28148b457f",
			"parentId": "5c6687d65e9d882c8841f0fd",
			"slotId": "Pockets"
		},
		{
			"_id": "5c6687d65e9d882c8841f0fc",
			"_tpl": "566abbc34bdc2d92178b4576"
		},
		{
			"_id": "5c6687d65e9d882c8841f0ff",
			"_tpl": "5963866b86f7747bfa1c4462"
		},
		{
			"_id": "5c6687d65e9d882c8841f0fe",
			"_tpl": "5963866286f7747bf429b572"
		},
		{
			"_id": "I596182474545923457ND3Nt",
			"_tpl": "5d5d8ca986f7742798716522",
			"parentId": "5c6687d65e9d882c8841f0fd",
			"slotId": "TacticalVest"
		},
		{
			"_id": "I2100709741034368iXbIyU2",
			"_tpl": "57dc2fa62459775949412633",
			"parentId": "5c6687d65e9d882c8841f0fd",
			"slotId": "FirstPrimaryWeapon",
			"upd": {
				"Repairable": {
					"MaxDurability": 100,
					"Durability": 100
				}
			}
		},
		{
			"_id": "I2100703608732326S84LIIa",
			"_tpl": "57e3dba62459770f0c32322b",
			"parentId": "I2100709741034368iXbIyU2",
			"slotId": "mod_pistol_grip"
		},
		{
			"_id": "I2100706044414145rj3tJKt",
			"_tpl": "57dc347d245977596754e7a1",
			"parentId": "I2100709741034368iXbIyU2",
			"slotId": "mod_stock"
		},
		{
			"_id": "I59618247735313411ek5Cu2",
			"_tpl": "55d480c04bdc2d1d4e8b456a",
			"parentId": "I2100709741034368iXbIyU2",
			"slotId": "mod_magazine"
		},
		{
			"_id": "I59618244218054812uzec1i",
			"_tpl": "56dff4ecd2720b5f5a8b4568",
			"parentId": "I59618247735313411ek5Cu2",
			"slotId": "cartridges",
			"upd": {
				"StackObjectsCount": 30
			}
		},
		{
			"_id": "I2100701812762718uFJFzhx",
			"_tpl": "57dc324a24597759501edc20",
			"parentId": "I2100709741034368iXbIyU2",
			"slotId": "mod_muzzle"
		},
		{
			"_id": "I2100707104932936VdESeLc",
			"_tpl": "57dc334d245977597164366f",
			"parentId": "I2100709741034368iXbIyU2",
			"slotId": "mod_reciever"
		},
		{
			"_id": "I2100706572121697Cu6RGp6",
			"_tpl": "59d36a0086f7747e673f3946",
			"parentId": "I2100709741034368iXbIyU2",
			"slotId": "mod_gas_block"
		},
		{
			"_id": "I2100707181260028G6BYoQZ",
			"_tpl": "56dfef82d2720bbd668b4567",
			"parentId": "I2100701573893487NhxgcjR",
			"slotId": "cartridges",
			"location": 0,
			"upd": {
				"StackObjectsCount": 30
			}
		},
		{
			"_id": "I2100705434128516FhaJtBU",
			"_tpl": "57dc32dc245977596d4ef3d3",
			"parentId": "I2100706572121697Cu6RGp6",
			"slotId": "mod_handguard"
		},
		{
			"_id": "I59618244798306243atzU7V",
			"_tpl": "5857a8bc2459772bad15db29",
			"parentId": "5c6687d65e9d882c8841f0fd",
			"slotId": "SecuredContainer"
		},
		{
			"_id": "I59618247673704440K3umzX",
			"_tpl": "56dff2ced2720bb4668b4567",
			"parentId": "I59618244798306243atzU7V",
			"slotId": "main",
			"upd": {
				"StackObjectsCount": 60
			}
		},
		{
			"_id": "I59618246889170959VMmMP6",
			"_tpl": "56dff4ecd2720b5f5a8b4568",
			"parentId": "I59618244798306243atzU7V",
			"slotId": "main",
			"upd": {
				"StackObjectsCount": 60
			}
		},
		{
			"_id": "I596182490298643262mJ3rP",
			"_tpl": "56dfef82d2720bbd668b4567",
			"parentId": "I59618244798306243atzU7V",
			"slotId": "main",
			"upd": {
				"StackObjectsCount": 60
			}
		},
		{
			"_id": "I59618243817939815zl98CA",
			"_tpl": "56dfef82d2720bbd668b4567",
			"parentId": "I59618244798306243atzU7V",
			"slotId": "main",
			"upd": {
				"StackObjectsCount": 60
			}
		},
		{
			"_id": "I596182477449440782ZwrGU",
			"_tpl": "56dff026d2720bb8668b4567",
			"parentId": "I59618244798306243atzU7V",
			"slotId": "main",
			"upd": {
				"StackObjectsCount": 60
			}
		},
		{
			"_id": "I59618241529417720kbWxLR",
			"_tpl": "56dff061d2720bb5668b4567",
			"parentId": "I59618244798306243atzU7V",
			"slotId": "main",
			"upd": {
				"StackObjectsCount": 60
			}
		},
		{
			"_id": "I59618241045737561nNodYi",
			"_tpl": "56dff026d2720bb8668b4567",
			"parentId": "I59618244798306243atzU7V",
			"slotId": "main",
			"upd": {
				"StackObjectsCount": 60
			}
		},
		{
			"_id": "I59618245627735335lnC7a6",
			"_tpl": "56dff4ecd2720b5f5a8b4568",
			"parentId": "I59618244798306243atzU7V",
			"slotId": "main",
			"upd": {
				"StackObjectsCount": 60
			}
		},
		{
			"_id": "I59618248254872154b5eToI",
			"_tpl": "56dff421d2720b5f5a8b4567",
			"parentId": "I59618244798306243atzU7V",
			"slotId": "main",
			"upd": {
				"StackObjectsCount": 60
			}
		},
		{
			"_id": "I59618243292485464RaMfSC",
			"_tpl": "5cbdaf89ae9215000e5b9c94",
			"parentId": "I596182474545923457ND3Nt",
			"slotId": "2",
			"location": {
				"x": 0,
				"y": 0,
				"r": "Horizontal"
			}
		},
		{
			"_id": "I59618247347509794tnI4WU",
			"_tpl": "56dfef82d2720bbd668b4567",
			"parentId": "I59618243292485464RaMfSC",
			"slotId": "cartridges",
			"upd": {
				"StackObjectsCount": 30
			}
		},
		{
			"_id": "I59618247424262629aNn0L5",
			"_tpl": "5cbdaf89ae9215000e5b9c94",
			"parentId": "I596182474545923457ND3Nt",
			"slotId": "1",
			"location": {
				"x": 0,
				"y": 0,
				"r": "Horizontal"
			}
		},
		{
			"_id": "I59618242825943774q5WhTU",
			"_tpl": "56dff2ced2720bb4668b4567",
			"parentId": "I59618247424262629aNn0L5",
			"slotId": "cartridges",
			"upd": {
				"StackObjectsCount": 30
			}
		},
		{
			"_id": "I59618248171251961KC8JE9",
			"_tpl": "5cbdaf89ae9215000e5b9c94",
			"parentId": "I596182474545923457ND3Nt",
			"slotId": "1",
			"location": {
				"x": 1,
				"y": 0,
				"r": "Horizontal"
			}
		},
		{
			"_id": "I59618249215301546daCtXr",
			"_tpl": "56dff421d2720b5f5a8b4567",
			"parentId": "I59618248171251961KC8JE9",
			"slotId": "cartridges",
			"upd": {
				"StackObjectsCount": 30
			}
		},
		{
			"_id": "I596182490802656886Wgv0j",
			"_tpl": "57e26fc7245977162a14b800",
			"parentId": "5c6687d65e9d882c8841f0fd",
			"slotId": "Scabbard"
		},
		{
			"_id": "I59618249589707098Auja4B",
			"_tpl": "5b4329075acfc400153b78ff",
			"parentId": "5c6687d65e9d882c8841f0fd",
			"slotId": "Headwear"
		},
		{
			"_id": "I59618249761727512XaHNBp",
			"_tpl": "572b7f1624597762ae139822",
			"parentId": "5c6687d65e9d882c8841f0fd",
			"slotId": "FaceCover"
		},
		{
			"_id": "I596182477963491036dvjm2",
			"_tpl": "5ab8e79e86f7742d8b372e78",
			"parentId": "5c6687d65e9d882c8841f0fd",
			"slotId": "ArmorVest",
			"upd": {
				"Repairable": {
					"MaxDurability": 65,
					"Durability": 51
				}
			}
		},
		{
			"_id": "I59618247106801461jAcLDp",
			"_tpl": "5783c43d2459774bbe137486",
			"parentId": "5c6687d65e9d882c8841f121",
			"slotId": "pocket1",
			"location": {
				"x": 0,
				"y": 0,
				"r": "Horizontal"
			},
			"upd": {
				"SpawnedInSession": true
			}
		},
		{
			"_id": "I59618245469600498nPCRKp",
			"_tpl": "590a358486f77429692b2790",
			"parentId": "5c6687d65e9d882c8841f121",
			"slotId": "pocket2",
			"location": {
				"x": 0,
				"y": 0,
				"r": "Horizontal"
			},
			"upd": {
				"SpawnedInSession": true
			}
		}
	],
	"equipment": "5c6687d65e9d882c8841f0fd",
	"stash": "5c6687d65e9d882c8841f0fc",
	"questRaidItems": "5c6687d65e9d882c8841f0fe",
	"questStashItems": "5c6687d65e9d882c8841f0ff",
	"fastPanel": {}
}