{
	"items": [
		{
			"_id": "5c6687d65e9d882c8841f0fd",
			"_tpl": "55d7217a4bdc2d86028b456d"
		},
		{
			"_id": "5c6687d65e9d882c8841f121",
			"_tpl": "557ffd194bdc2d28148b457f",
			"parentId": "5c6687d65e9d882c8841f0fd",
			"slotId": "Pockets"
		},
		{
			"_id": "5c6687d65e9d882c8841f0fc",
			"_tpl": "566abbc34bdc2d92178b4576"
		},
		{
			"_id": "5c6687d65e9d882c8841f0ff",
			"_tpl": "5963866b86f7747bfa1c4462"
		},
		{
			"_id": "5c6687d65e9d882c8841f0fe",
			"_tpl": "5963866286f7747bf429b572"
		},
		{
			"_id": "I59618248250535921jtCd9t",
			"_tpl": "5929a2a086f7744f4b234d43",
			"parentId": "5c6687d65e9d882c8841f0fd",
			"slotId": "TacticalVest"
		},
		{
			"_id": "I21007377679498034n79kNv",
			"_tpl": "5839a40f24597726f856b511",
			"parentId": "5c6687d65e9d882c8841f0fd",
			"slotId": "FirstPrimaryWeapon",
			"upd": {
				"Repairable": {
					"MaxDurability": 100,
					"Durability": 100
				}
			}
		},
		{
			"_id": "I21007374758655233HjhvBo",
			"_tpl": "5649ad3f4bdc2df8348b4585",
			"parentId": "I21007377679498034n79kNv",
			"slotId": "mod_pistol_grip"
		},
		{
			"_id": "I21007377301046558Ji3FUj",
			"_tpl": "57dc347d245977596754e7a1",
			"parentId": "I21007377679498034n79kNv",
			"slotId": "mod_stock"
		},
		{
			"_id": "I59618242317594878GX3mYL",
			"_tpl": "55d4837c4bdc2d1d4e8b456c",
			"parentId": "I21007377679498034n79kNv",
			"slotId": "mod_magazine"
		},
		{
			"_id": "I59618244747365981DO8lZH",
			"_tpl": "56dff4a2d2720bbd668b456a",
			"parentId": "I59618242317594878GX3mYL",
			"slotId": "cartridges",
			"upd": {
				"StackObjectsCount": 10
			}
		},
		{
			"_id": "I21007373196457413QW9rE6",
			"_tpl": "57ffb0e42459777d047111c5",
			"parentId": "I21007377679498034n79kNv",
			"slotId": "mod_muzzle"
		},
		{
			"_id": "I21007377542042286lGQ2TW",
			"_tpl": "5839a7742459773cf9693481",
			"parentId": "I21007377679498034n79kNv",
			"slotId": "mod_reciever"
		},
		{
			"_id": "I21007375819551855lMybX7",
			"_tpl": "59d36a0086f7747e673f3946",
			"parentId": "I21007377679498034n79kNv",
			"slotId": "mod_gas_block"
		},
		{
			"_id": "I21007375105939377PEkBo6",
			"_tpl": "56dfef82d2720bbd668b4567",
			"parentId": "I21007372692259249syNkBg",
			"slotId": "cartridges",
			"location": 0,
			"upd": {
				"StackObjectsCount": 30
			}
		},
		{
			"_id": "I210073798393159771k4CTD",
			"_tpl": "57dc32dc245977596d4ef3d3",
			"parentId": "I21007375819551855lMybX7",
			"slotId": "mod_handguard"
		},
		{
			"_id": "I59618241799324913d6LVkL",
			"_tpl": "5857a8bc2459772bad15db29",
			"parentId": "5c6687d65e9d882c8841f0fd",
			"slotId": "SecuredContainer"
		},
		{
			"_id": "I59618243617495652IMsxgE",
			"_tpl": "56dff338d2720bbd668b4569",
			"parentId": "I59618241799324913d6LVkL",
			"slotId": "main",
			"upd": {
				"StackObjectsCount": 60
			}
		},
		{
			"_id": "I596182486462211448X4M6p",
			"_tpl": "56dff216d2720bbd668b4568",
			"parentId": "I59618241799324913d6LVkL",
			"slotId": "main",
			"upd": {
				"StackObjectsCount": 60
			}
		},
		{
			"_id": "I59618246798997739tGDsE5",
			"_tpl": "56dff3afd2720bba668b4567",
			"parentId": "I59618241799324913d6LVkL",
			"slotId": "main",
			"upd": {
				"StackObjectsCount": 60
			}
		},
		{
			"_id": "I59618243152592915Sw27Lf",
			"_tpl": "56dff421d2720b5f5a8b4567",
			"parentId": "I59618241799324913d6LVkL",
			"slotId": "main",
			"upd": {
				"StackObjectsCount": 60
			}
		},
		{
			"_id": "I596182433584988180TrH41",
			"_tpl": "56dff4ecd2720b5f5a8b4568",
			"parentId": "I59618241799324913d6LVkL",
			"slotId": "main",
			"upd": {
				"StackObjectsCount": 60
			}
		},
		{
			"_id": "I596182423766993645DDwIk",
			"_tpl": "56dff026d2720bb8668b4567",
			"parentId": "I59618241799324913d6LVkL",
			"slotId": "main",
			"upd": {
				"StackObjectsCount": 60
			}
		},
		{
			"_id": "I59618248965177746lAF43a",
			"_tpl": "56dff3afd2720bba668b4567",
			"parentId": "I59618241799324913d6LVkL",
			"slotId": "main",
			"upd": {
				"StackObjectsCount": 60
			}
		},
		{
			"_id": "I59618249892100157o2hTLF",
			"_tpl": "56dff338d2720bbd668b4569",
			"parentId": "I59618241799324913d6LVkL",
			"slotId": "main",
			"upd": {
				"StackObjectsCount": 60
			}
		},
		{
			"_id": "I59618246833872756aQEddw",
			"_tpl": "56dff026d2720bb8668b4567",
			"parentId": "I59618241799324913d6LVkL",
			"slotId": "main",
			"upd": {
				"StackObjectsCount": 60
			}
		},
		{
			"_id": "I59618241615660262oU1wZg",
			"_tpl": "55d4837c4bdc2d1d4e8b456c",
			"parentId": "I59618248250535921jtCd9t",
			"slotId": "3",
			"location": {
				"x": 0,
				"y": 0,
				"r": "Horizontal"
			}
		},
		{
			"_id": "I596182454022437482N418I",
			"_tpl": "56dff338d2720bbd668b4569",
			"parentId": "I59618241615660262oU1wZg",
			"slotId": "cartridges",
			"upd": {
				"StackObjectsCount": 10
			}
		},
		{
			"_id": "I59618246848739587cqyLn8",
			"_tpl": "55d4837c4bdc2d1d4e8b456c",
			"parentId": "I59618248250535921jtCd9t",
			"slotId": "5",
			"location": {
				"x": 0,
				"y": 1,
				"r": "Horizontal"
			}
		},
		{
			"_id": "I59618249439789169EGIXqU",
			"_tpl": "56dff026d2720bb8668b4567",
			"parentId": "I59618246848739587cqyLn8",
			"slotId": "cartridges",
			"upd": {
				"StackObjectsCount": 10
			}
		},
		{
			"_id": "I59618241508663791Rd1N1d",
			"_tpl": "56dff338d2720bbd668b4569",
			"parentId": "I59618248250535921jtCd9t",
			"slotId": "1",
			"upd": {
				"StackObjectsCount": 10
			}
		},
		{
			"_id": "I59618242567117324dM74Pt",
			"_tpl": "57e26ea924597715ca604a09",
			"parentId": "5c6687d65e9d882c8841f0fd",
			"slotId": "Scabbard"
		},
		{
			"_id": "I59618242933769218BTDADh",
			"_tpl": "5aa2b8d7e5b5b00014028f4a",
			"parentId": "5c6687d65e9d882c8841f0fd",
			"slotId": "Headwear"
		},
		{
			"_id": "I59618243210400488fRYfk1",
			"_tpl": "5d6d2ef3a4b93618084f58bd",
			"parentId": "5c6687d65e9d882c8841f0fd",
			"slotId": "Eyewear"
		},
		{
			"_id": "I59618249137283703YRSKpT",
			"_tpl": "572b7f1624597762ae139822",
			"parentId": "5c6687d65e9d882c8841f0fd",
			"slotId": "FaceCover"
		},
		{
			"_id": "I59618241569517975UfdwOe",
			"_tpl": "5b44d22286f774172b0c9de8",
			"parentId": "5c6687d65e9d882c8841f0fd",
			"slotId": "ArmorVest",
			"upd": {
				"Repairable": {
					"MaxDurability": 70,
					"Durability": 11
				}
			}
		},
		{
			"_id": "I59618247971401882GtqjkC",
			"_tpl": "5c0e531286f7747fa54205c2",
			"parentId": "5c6687d65e9d882c8841f121",
			"slotId": "pocket1",
			"location": {
				"x": 0,
				"y": 0,
				"r": "Horizontal"
			},
			"upd": {
				"SpawnedInSession": true
			}
		}
	],
	"equipment": "5c6687d65e9d882c8841f0fd",
	"stash": "5c6687d65e9d882c8841f0fc",
	"questRaidItems": "5c6687d65e9d882c8841f0fe",
	"questStashItems": "5c6687d65e9d882c8841f0ff",
	"fastPanel": {}
}