{
	"_id": "5a27bbf886f774333a418eeb",
	"traderId": "5935c25fb3acc3127c3d8cd9",
	"location": "5704e554d2720bac5b8b456e",
	"image": "/files/quest/icon/5967532b86f77461fb2f333a.jpg",
	"type": "Exploration",
	"isKey": false,
	"restartable": false,
	"min_level": 1,
	"canShowNotificationsInGame": true,
	"rewards": {
		"Started": [],
		"Success": [
			{
				"value": "11700",
				"id": "5c950b2886f7743285178ad8",
				"type": "Experience",
				"index": 0
			},
			{
				"target": "5935c25fb3acc3127c3d8cd9",
				"value": "0.07",
				"id": "5bcf1d0c86f7746a464c566d",
				"type": "TraderStanding",
				"index": 1
			},
			{
				"target": "5d34df2788a4504526796bee",
				"value": "1300",
				"id": "5a28244986f7741d5b719649",
				"type": "Item",
				"index": 2,
				"items": [
					{
						"_id": "5d34df2788a4504526796bee",
						"_tpl": "5696686a4bdc2da3298b456a",
						"upd": {
							"StackObjectsCount": 1300
						}
					}
				]
			},
			{
				"target": "5d34df2788a4504526796bef",
				"id": "5ac66eb986f77403de1f5d09",
				"type": "AssortmentUnlock",
				"index": 3,
				"loyaltyLevel": 3,
				"traderId": "5935c25fb3acc3127c3d8cd9",
				"items": [
					{
						"_id": "5d34df2788a4504526796bef",
						"_tpl": "59c1383d86f774290a37e0ca"
					}
				]
			}
		],
		"Fail": []
	},
	"conditions": {
		"AvailableForStart": [
			{
				"_parent": "Level",
				"_props": {
					"compareMethod": ">=",
					"value": "1",
					"index": 0,
					"parentId": "",
					"id": "5a3a72d786f7745a9e0647ef"
				}
			}
		],
		"AvailableForFinish": [
			{
				"_parent": "CounterCreator",
				"_props": {
					"value": "1",
					"type": "Exploration",
					"counter": {
						"id": "5a3ba97386f77459df27d10d",
						"conditions": [
							{
								"_parent": "VisitPlace",
								"_props": {
									"target": "place_peacemaker_010_2",
									"value": "1",
									"id": "5a3ba97d86f77459df27d111"
								}
							}
						]
					},
					"index": 1,
					"parentId": "",
					"id": "5a3ba97386f77459df27d10e"
				}
			},
			{
				"_parent": "PlaceBeacon",
				"_props": {
					"target": [
						"5991b51486f77447b112d44f"
					],
					"zoneId": "place_peacemaker_010_2",
					"value": "1",
					"index": 2,
					"parentId": "",
					"id": "5a281efe86f7745bc42005cc",
					"plantTime": 30
				}
			},
			{
				"_parent": "CounterCreator",
				"_props": {
					"value": "1",
					"type": "Completion",
					"counter": {
						"id": "5a37dc0c86f77469da071ef1",
						"conditions": [
							{
								"_parent": "Location",
								"_props": {
									"target": [
										"Shoreline"
									],
									"id": "5a37dc1686f7745cdd0f7a99"
								}
							},
							{
								"_parent": "ExitStatus",
								"_props": {
									"status": [
										"Survived",
										"Runner"
									],
									"id": "5a37dc1d86f7745b8f4bec7f"
								}
							}
						]
					},
					"index": 3,
					"parentId": "",
					"id": "5a37dc0c86f77469da071ef2",
					"visibilityConditions": [
						{
							"_parent": "CompleteCondition",
							"_props": {
								"target": "5a281efe86f7745bc42005cc",
								"id": "5a60a8ba86f77455b416fb7a"
							}
						}
					]
				}
			}
		],
		"Fail": []
	}
}