{
	"_id": "5783c43d2459774bbe137486",
	"_name": "wallet",
	"_parent": "5795f317245977243854e041",
	"_type": "Item",
	"_props": {
		"Name": "Empty Wallet",
		"ShortName": "Wallet",
		"Description": "Empty Wallet",
		"Weight": 0.23,
		"BackgroundColor": "blue",
		"Width": 1,
		"Height": 1,
		"StackMaxSize": 1,
		"Rarity": "Rare",
		"SpawnChance": 7,
		"CreditsPrice": 10542,
		"ItemSound": "generic",
		"Prefab": {
			"path": "assets/content/items/barter/wallet/item_wallet.bundle",
			"rcid": ""
		},
		"UsePrefab": {
			"path": "",
			"rcid": ""
		},
		"StackObjectsCount": 1,
		"NotShownInSlot": false,
		"ExaminedByDefault": false,
		"ExamineTime": 0.1,
		"IsUndiscardable": false,
		"IsUnsaleable": false,
		"IsUnbuyable": false,
		"IsUngivable": false,
		"IsLockedafterEquip": false,
		"QuestItem": false,
		"LootExperience": 20,
		"ExamineExperience": 2,
		"HideEntrails": true,
		"RepairCost": 0,
		"RepairSpeed": 0,
		"ExtraSizeLeft": 0,
		"ExtraSizeRight": 0,
		"ExtraSizeUp": 0,
		"ExtraSizeDown": 0,
		"ExtraSizeForceAdd": false,
		"MergesWithChildren": false,
		"CanSellOnRagfair": true,
		"CanRequireOnRagfair": true,
		"BannedFromRagfair": false,
		"ConflictingItems": [],
		"FixedPrice": false,
		"Unlootable": false,
		"UnlootableFromSlot": "FirstPrimaryWeapon",
		"UnlootableFromSide": [],
		"ChangePriceCoef": 1,
		"AllowSpawnOnLocations": [],
		"SendToClient": false,
		"AnimationVariantsNumber": 0,
		"DiscardingBlock": false,
		"Grids": [
			{
				"_name": "main",
				"_id": "579604ac2459772e2a2a3d91",
				"_parent": "5783c43d2459774bbe137486",
				"_props": {
					"filters": [
						{
							"Filter": [
								"5c1d0c5f86f7744bb2683cf0",
								"5c1d0d6d86f7744bb2683e1f",
								"5c1d0dc586f7744baf2e7b79",
								"5c1d0efb86f7744baf2e7b7b",
								"5c1d0f4986f7744bb01837fa",
								"5c1e495a86f7743109743dfb",
								"5c94bbff86f7747ee735c08f",
								"5e42c81886f7742a01529f57",
								"5e42c83786f7742a021fdf3c",
								"5449016a4bdc2d6f028b456f",
								"569668774bdc2da2298b4568",
								"5696686a4bdc2da3298b456a"
							],
							"ExcludedFilter": []
						}
					],
					"cellsH": 6,
					"cellsV": 2,
					"minCount": 0,
					"maxCount": 0,
					"maxWeight": 0
				},
				"_proto": "55d329c24bdc2d892f8b4567"
			}
		],
		"Slots": [],
		"CanPutIntoDuringTheRaid": true,
		"CantRemoveFromSlotsDuringRaid": [],
		"TagColor": 0,
		"TagName": ""
	},
	"_proto": "577e1c9d2459773cd707c525"
}