{
	"_id": "59fafd4b86f7745ca07e1232",
	"_name": "item_container_keybar",
	"_parent": "5795f317245977243854e041",
	"_type": "Item",
	"_props": {
		"Name": "Key-tool",
		"ShortName": "Key-tool",
		"Description": "Key-tool",
		"Weight": 0.5,
		"BackgroundColor": "blue",
		"Width": 1,
		"Height": 1,
		"StackMaxSize": 1,
		"Rarity": "Superrare",
		"SpawnChance": 1,
		"CreditsPrice": 919540,
		"ItemSound": "keys",
		"Prefab": {
			"path": "assets/content/items/barter/item_container_keybar/item_container_keybar.bundle",
			"rcid": ""
		},
		"UsePrefab": {
			"path": "",
			"rcid": ""
		},
		"StackObjectsCount": 1,
		"NotShownInSlot": false,
		"ExaminedByDefault": false,
		"ExamineTime": 0.1,
		"IsUndiscardable": false,
		"IsUnsaleable": false,
		"IsUnbuyable": false,
		"IsUngivable": false,
		"IsLockedafterEquip": false,
		"QuestItem": false,
		"LootExperience": 20,
		"ExamineExperience": 2,
		"HideEntrails": true,
		"RepairCost": 0,
		"RepairSpeed": 0,
		"ExtraSizeLeft": 0,
		"ExtraSizeRight": 0,
		"ExtraSizeUp": 0,
		"ExtraSizeDown": 0,
		"ExtraSizeForceAdd": false,
		"MergesWithChildren": false,
		"CanSellOnRagfair": true,
		"CanRequireOnRagfair": true,
		"BannedFromRagfair": false,
		"ConflictingItems": [],
		"FixedPrice": false,
		"Unlootable": false,
		"UnlootableFromSlot": "FirstPrimaryWeapon",
		"UnlootableFromSide": [],
		"ChangePriceCoef": 1,
		"AllowSpawnOnLocations": [],
		"SendToClient": false,
		"AnimationVariantsNumber": 0,
		"DiscardingBlock": false,
		"Grids": [
			{
				"_name": "main",
				"_id": "59fafd4b86f7745ca07e1233",
				"_parent": "59fafd4b86f7745ca07e1232",
				"_props": {
					"filters": [
						{
							"Filter": [
								"5c99f98d86f7745c314214b3"
							],
							"ExcludedFilter": []
						}
					],
					"cellsH": 16,
					"cellsV": 16,
					"minCount": 0,
					"maxCount": 0,
					"maxWeight": 0
				},
				"_proto": "55d329c24bdc2d892f8b4567"
			}
		],
		"Slots": [],
		"CanPutIntoDuringTheRaid": true,
		"CantRemoveFromSlotsDuringRaid": [],
		"TagColor": 0,
		"TagName": ""
	},
	"_proto": "577e1c9d2459773cd707c525"
}