{
	"_id": "59fb023c86f7746d0d4b423c",
	"_name": "item_container_weaponcase",
	"_parent": "5795f317245977243854e041",
	"_type": "Item",
	"_props": {
		"Name": "Weaponcase",
		"ShortName": "Weaponcase",
		"Description": "Weaponcase",
		"Weight": 5,
		"BackgroundColor": "blue",
		"Width": 5,
		"Height": 2,
		"StackMaxSize": 1,
		"Rarity": "Not_exist",
		"SpawnChance": 0.05,
		"CreditsPrice": 3188798,
		"ItemSound": "container_plastic",
		"Prefab": {
			"path": "assets/content/items/containers/item_container_weaponcase/item_container_weaponcase.bundle",
			"rcid": ""
		},
		"UsePrefab": {
			"path": "",
			"rcid": ""
		},
		"StackObjectsCount": 1,
		"NotShownInSlot": false,
		"ExaminedByDefault": false,
		"ExamineTime": 0.1,
		"IsUndiscardable": false,
		"IsUnsaleable": false,
		"IsUnbuyable": false,
		"IsUngivable": false,
		"IsLockedafterEquip": false,
		"QuestItem": false,
		"LootExperience": 30,
		"ExamineExperience": 10,
		"HideEntrails": true,
		"RepairCost": 0,
		"RepairSpeed": 0,
		"ExtraSizeLeft": 0,
		"ExtraSizeRight": 0,
		"ExtraSizeUp": 0,
		"ExtraSizeDown": 0,
		"ExtraSizeForceAdd": false,
		"MergesWithChildren": false,
		"CanSellOnRagfair": true,
		"CanRequireOnRagfair": true,
		"BannedFromRagfair": false,
		"ConflictingItems": [],
		"FixedPrice": false,
		"Unlootable": false,
		"UnlootableFromSlot": "FirstPrimaryWeapon",
		"UnlootableFromSide": [],
		"ChangePriceCoef": 1,
		"AllowSpawnOnLocations": [],
		"SendToClient": false,
		"AnimationVariantsNumber": 0,
		"DiscardingBlock": false,
		"Grids": [
			{
				"_name": "main",
				"_id": "59fb023c86f7746d0d4b423d",
				"_parent": "59fb023c86f7746d0d4b423c",
				"_props": {
					"filters": [
						{
							"Filter": [
								"5448fe124bdc2da5018b4567",
								"5422acb9af1c889c16000029",
								"5485a8684bdc2da71d8b4567",
								"543be5cb4bdc2deb348b4568"
							],
							"ExcludedFilter": []
						}
					],
					"cellsH": 7,
					"cellsV": 12,
					"minCount": 0,
					"maxCount": 0,
					"maxWeight": 0
				},
				"_proto": "55d329c24bdc2d892f8b4567"
			}
		],
		"Slots": [],
		"CanPutIntoDuringTheRaid": true,
		"CantRemoveFromSlotsDuringRaid": [],
		"TagColor": 0,
		"TagName": ""
	},
	"_proto": "577e1c9d2459773cd707c525"
}