{
	"_id": "5d484fd6654e76051d3cc791",
	"type": 9,
	"enabled": true,
	"needsFuel": true,
	"takeFromSlotLocked": false,
	"stages": {
		"0": {
			"requirements": [],
			"bonuses": [],
			"slots": 0,
			"constructionTime": 0,
			"description": ""
		},
		"1": {
			"requirements": [
				{
					"areaType": 0,
					"requiredLevel": 1,
					"type": "Area"
				},
				{
					"templateId": "5449016a4bdc2d6f028b456f",
					"count": 10000,
					"isFunctional": false,
					"type": "Item"
				}
			],
			"bonuses": [
				{
					"value": -10,
					"passive": true,
					"production": false,
					"visible": true,
					"type": "DebuffEndDelay"
				}
			],
			"slots": 0,
			"constructionTime": 0,
			"description": ""
		},
		"2": {
			"requirements": [
				{
					"areaType": 4,
					"requiredLevel": 2,
					"type": "Area"
				},
				{
					"areaType": 5,
					"requiredLevel": 2,
					"type": "Area"
				},
				{
					"templateId": "5449016a4bdc2d6f028b456f",
					"count": 35000,
					"isFunctional": false,
					"type": "Item"
				},
				{
					"traderId": "5ac3b934156ae10c4430e83c",
					"loyaltyLevel": 2,
					"type": "TraderLoyalty"
				},
				{
					"areaType": 9,
					"requiredLevel": 1,
					"type": "Area"
				}
			],
			"bonuses": [
				{
					"value": 5,
					"passive": true,
					"production": false,
					"visible": true,
					"type": "EnergyRegeneration"
				},
				{
					"value": 5,
					"passive": true,
					"production": false,
					"visible": true,
					"type": "HealthRegeneration"
				}
			],
			"slots": 0,
			"constructionTime": 0,
			"description": ""
		},
		"3": {
			"requirements": [
				{
					"areaType": 4,
					"requiredLevel": 3,
					"type": "Area"
				},
				{
					"areaType": 5,
					"requiredLevel": 3,
					"type": "Area"
				},
				{
					"templateId": "59e36c6f86f774176c10a2a7",
					"count": 4,
					"isFunctional": false,
					"type": "Item"
				},
				{
					"templateId": "5c06782b86f77426df5407d2",
					"count": 5,
					"isFunctional": false,
					"type": "Item"
				},
				{
					"templateId": "5c06779c86f77426e00dd782",
					"count": 7,
					"isFunctional": false,
					"type": "Item"
				},
				{
					"templateId": "5696686a4bdc2da3298b456a",
					"count": 3000,
					"isFunctional": false,
					"type": "Item"
				},
				{
					"traderId": "58330581ace78e27b8b10cee",
					"loyaltyLevel": 3,
					"type": "TraderLoyalty"
				},
				{
					"areaType": 9,
					"requiredLevel": 2,
					"type": "Area"
				}
			],
			"bonuses": [
				{
					"value": 10,
					"passive": true,
					"production": false,
					"visible": true,
					"type": "HealthRegeneration"
				},
				{
					"value": 10,
					"passive": true,
					"production": false,
					"visible": true,
					"type": "MaximumEnergyReserve"
				}
			],
			"slots": 0,
			"constructionTime": 0,
			"description": ""
		}
	}
}