{
	"name": "AVDS",
	"author": "MacrossMX",
	"version": "1.0.0",
	"license": "None",
	"dependencies": {},
	"db": {
		"items": {
			"AVDS":      "db/items/AVDS.json",
			"5c46fbd72e2216398b5a8c9c": "db/items/5c46fbd72e2216398b5a8c9c.json"
		},
		"templates": {
			"items": {
				"AVDS":      "db/templates/items/AVDS.json",
				"5c46fbd72e2216398b5a8c9c": "db/templates/items/5c46fbd72e2216398b5a8c9c.json"
			}
		},
		"assort": {
			"ragfair": {
				"items": {
					"AVDS":      "db/assort/ragfair/items/AVDS.json",
					"5c46fbd72e2216398b5a8c9c": "db/assort/ragfair/items/5c46fbd72e2216398b5a8c9c.json"
				}
			}
		}
	}
}