{
	"_id": "5c0d0d5086f774363760aef2",
	"traderId": "54cb57776803fa99248b456e",
	"location": "any",
	"image": "/files/quest/icon/59c2742286f77475ec568d92.jpg",
	"type": "Skill",
	"isKey": false,
	"restartable": false,
	"min_level": 1,
	"canShowNotificationsInGame": true,
	"rewards": {
		"Started": [],
		"Success": [
			{
				"value": "19600",
				"id": "5c9507c386f7743285178ad6",
				"type": "Experience",
				"index": 0
			},
			{
				"target": "5d34df2788a4504526796d88",
				"value": "110000",
				"id": "5c1929a186f77401b1301f47",
				"type": "Item",
				"index": 1,
				"items": [
					{
						"_id": "5d34df2788a4504526796d88",
						"_tpl": "5449016a4bdc2d6f028b456f",
						"upd": {
							"StackObjectsCount": 110000
						}
					}
				]
			},
			{
				"target": "5d34df2788a4504526796d89",
				"value": "3",
				"id": "5c1b782486f77423947f90b0",
				"type": "Item",
				"index": 2,
				"items": [
					{
						"_id": "5d34df2788a4504526796d89",
						"_tpl": "5c0e533786f7747fa23f4d47",
						"upd": {
							"StackObjectsCount": 3
						}
					}
				]
			},
			{
				"target": "5d34df2788a4504526796d8a",
				"value": "3",
				"id": "5c1b782786f77413193fa4f8",
				"type": "Item",
				"index": 3,
				"items": [
					{
						"_id": "5d34df2788a4504526796d8a",
						"_tpl": "5c10c8fd86f7743d7d706df3",
						"upd": {
							"StackObjectsCount": 3
						}
					}
				]
			},
			{
				"target": "54cb57776803fa99248b456e",
				"value": "0.11",
				"id": "5c1929e886f77401b46e25a5",
				"type": "TraderStanding",
				"index": 4
			},
			{
				"target": "5d34df2788a4504526796d8b",
				"id": "5c192a1e86f7742c8b74f785",
				"type": "AssortmentUnlock",
				"index": 5,
				"loyaltyLevel": 4,
				"traderId": "54cb57776803fa99248b456e",
				"items": [
					{
						"_id": "5d34df2788a4504526796d8b",
						"_tpl": "5c10c8fd86f7743d7d706df3"
					}
				]
			}
		],
		"Fail": []
	},
	"conditions": {
		"AvailableForStart": [],
		"AvailableForFinish": [
			{
				"_parent": "Skill",
				"_props": {
					"target": "Health",
					"compareMethod": ">=",
					"value": "10",
					"index": 1,
					"parentId": "",
					"id": "5c0d0dfd86f7747f482a89a5"
				}
			}
		],
		"Fail": []
	}
}