{
	"Id": "loot_case_feld5534026",
	"IsStatic": false,
	"useGravity": false,
	"randomRotation": false,
	"Position": {
		"x": 239.183,
		"y": 0.713,
		"z": 160.595
	},
	"Rotation": {
		"x": 88.61195,
		"y": 270.000122,
		"z": 0.00007048267
	},
	"IsGroupPosition": false,
	"GroupPositions": [],
	"Root": "5db5d0240a788867717b6ed8",
	"Items": [
		{
			"_id": "5db5d0240a788867717b6ed8",
			"_tpl": "5910922b86f7747d96753483"
		},
		{
			"_id": "5db5d0240a788867717b6ed9",
			"_tpl": "5696686a4bdc2da3298b456a",
			"parentId": "5db5d0240a788867717b6ed8",
			"slotId": "main",
			"location": {
				"x": 0,
				"y": 0,
				"r": 0
			},
			"upd": {
				"StackObjectsCount": 87
			}
		},
		{
			"_id": "5db5d0240a788867717b6eda",
			"_tpl": "5449016a4bdc2d6f028b456f",
			"parentId": "5db5d0240a788867717b6ed8",
			"slotId": "main",
			"location": {
				"x": 1,
				"y": 0,
				"r": 0
			},
			"upd": {
				"StackObjectsCount": 830
			}
		},
		{
			"_id": "5db5d0240a788867717b6edb",
			"_tpl": "5449016a4bdc2d6f028b456f",
			"parentId": "5db5d0240a788867717b6ed8",
			"slotId": "main",
			"location": {
				"x": 2,
				"y": 0,
				"r": 0
			},
			"upd": {
				"StackObjectsCount": 698
			}
		},
		{
			"_id": "5db5d0240a788867717b6edc",
			"_tpl": "5449016a4bdc2d6f028b456f",
			"parentId": "5db5d0240a788867717b6ed8",
			"slotId": "main",
			"location": {
				"x": 3,
				"y": 0,
				"r": 0
			},
			"upd": {
				"StackObjectsCount": 886
			}
		},
		{
			"_id": "5db5d0240a788867717b6edd",
			"_tpl": "5449016a4bdc2d6f028b456f",
			"parentId": "5db5d0240a788867717b6ed8",
			"slotId": "main",
			"location": {
				"x": 0,
				"y": 1,
				"r": 0
			},
			"upd": {
				"StackObjectsCount": 1081
			}
		}
	]
}