{
	"Enabled": true,
	"Locked": false,
	"Insurance": false,
	"SafeLocation": false,
	"Name": "Laboratory",
	"Description": "Laboratory description",
	"Scene": {
		"path": "maps/laboratory_preset.bundle",
		"rcid": "laboratory.ScenesPreset.asset"
	},
	"Area": 0,
	"RequiredPlayerLevel": 1,
	"surv_gather_minutes": 1,
	"MinPlayers": 6,
	"MaxPlayers": 10,
	"sav_gather_minutes": 1,
	"exit_count": 1,
	"exit_access_time": 60,
	"exit_time": 1,
	"Preview": {
		"path": "",
		"rcid": ""
	},
	"IconX": 288,
	"IconY": 611,
	"filter_ex": [],
	"waves": [],
	"limits": [],
	"AveragePlayTime": 30,
	"AveragePlayerLevel": 45,
	"escape_time_limit": 40,
	"Rules": "Normal",
	"IsSecret": true,
	"doors": [],
	"tmp_location_field_remove_me": 111,
	"MinDistToExitPoint": 30,
	"MaxDistToFreePoint": 900,
	"MinDistToFreePoint": 10,
	"MaxBotPerZone": 0,
	"OpenZones": "BotZoneMain",
	"OcculsionCullingEnabled": true,
	"GlobalLootChanceModifier": 1,
	"OldSpawn": true,
	"NewSpawn": false,
	"BotMax": 0,
	"BotStart": 0,
	"BotStop": 0,
	"BotMaxTimePlayer": 0,
	"BotSpawnTimeOnMin": 0,
	"BotSpawnTimeOnMax": 0,
	"BotSpawnTimeOffMin": 0,
	"BotSpawnTimeOffMax": 0,
	"BotMaxPlayer": 0,
	"BotEasy": 0,
	"BotNormal": 0,
	"BotHard": 0,
	"BotImpossible": 0,
	"BotAssault": 0,
	"BotMarksman": 0,
	"DisabledScavExits": "",
	"AccessKeys": [
		"5c94bbff86f7747ee735c08f"
	],
	"MinMaxBots": [],
	"BotLocationModifier": {
		"AccuracySpeed": 1,
		"Scattering": 1,
		"GainSight": 1,
		"MarksmanAccuratyCoef": 1,
		"VisibleDistance": 1,
		"DistToSleep": 160,
		"DistToActivate": 140,
		"MagnetPower": 10,
		"DistToPersueAxemanCoef": 0.7
	},
	"exits": [],
	"DisabledForScav": false,
	"BossLocationSpawn": [],
	"Id": "laboratory",
	"_Id": "5b0fc42d86f7744a585f9105",
	"Loot": [],
	"SpawnAreas": [],
	"Banners": [
		{
			"id": "5805f617245977100b2c1f41",
			"pic": {
				"path": "CONTENT/banners/tglabs.jpg",
				"rcid": ""
			}
		},
		{
			"id": "5807be8924597742c603fa19",
			"pic": {
				"path": "CONTENT/banners/banner_tarkov.jpg",
				"rcid": ""
			}
		},
		{
			"id": "5c1b857086f77465f465faa4",
			"pic": {
				"path": "CONTENT/banners/banner_scavraider.jpg",
				"rcid": ""
			}
		}
	]
}