{
	"name": "Olympus",
	"author": "AssAssIn",
	"version": "124r2.1.2",
	"license": "MIT",
	"dependencies": {},
	
	"db": {
		"items": {
			"apollosCMS":      			"db/items/apollosCMS.json",
			"apollosPropital": 			"db/items/apollosPropital.json",
			"atlasSatchel":    			"db/items/atlasSatchel.json",
			"armorOfAthena":			"db/items/armorOfAthena.json",
			"helmetOfHermes":			"db/items/helmetOfHermes.json",
			"hercRig":				    "db/items/hercRig.json",

			"ares12ga":                 "db/items/ares12ga.json",
			"54491c4f4bdc2db1078b4568": "db/items/54491c4f4bdc2db1078b4568.json",
			"56dee2bdd2720bc8328b4567": "db/items/56dee2bdd2720bc8328b4567.json",
			"5a7828548dc32e5a9c28b516": "db/items/5a7828548dc32e5a9c28b516.json",

			"ares12gaSaiga":            "db/items/ares12gaSaiga.json",
			"576165642459773c7a400233": "db/items/576165642459773c7a400233.json",

			"ares20ga":                 "db/items/ares20ga.json",
			"5a38e6bac4a2826c6e06d79b": "db/items/5a38e6bac4a2826c6e06d79b.json",

			"ares545":                  "db/items/ares545.json",
			"5bf3e0490db83400196199af": "db/items/5bf3e0490db83400196199af.json",
			"5bf3e03b0db834001d2c4a9c": "db/items/5bf3e03b0db834001d2c4a9c.json",
			"5beed0f50db834001c062b12": "db/items/5beed0f50db834001c062b12.json",
			"5ac66d9b5acfc4001633997a": "db/items/5ac66d9b5acfc4001633997a.json",
			"5ac4cd105acfc40016339859": "db/items/5ac4cd105acfc40016339859.json",
			"5ab8e9fcd8ce870019439434": "db/items/5ab8e9fcd8ce870019439434.json",
			"5839a40f24597726f856b511": "db/items/5839a40f24597726f856b511.json",
			"583990e32459771419544dd2": "db/items/583990e32459771419544dd2.json",
			"57dc2fa62459775949412633": "db/items/57dc2fa62459775949412633.json",
			"5644bd2b4bdc2d3b4c8b4572": "db/items/5644bd2b4bdc2d3b4c8b4572.json",

			"ares556":                  "db/items/ares556.json",
			"5bb2475ed4351e00853264e3": "db/items/5bb2475ed4351e00853264e3.json",
			"5c07c60e0db834002330051f": "db/items/5c07c60e0db834002330051f.json",
			"5c488a752e221602b412af63": "db/items/5c488a752e221602b412af63.json",
			"5d43021ca4b9362eab4b5e25": "db/items/5d43021ca4b9362eab4b5e25.json",
			"5447a9cd4bdc2dbd208b4567": "db/items/5447a9cd4bdc2dbd208b4567.json",
			"5ac66d015acfc400180ae6e4": "db/items/5ac66d015acfc400180ae6e4.json",
			"5ac66cb05acfc40198510a10": "db/items/5ac66cb05acfc40198510a10.json",

			"ares918":                  "db/items/ares918.json",
			"57d14d2524597714373db789": "db/items/57d14d2524597714373db789.json",
			"57f3c6bd24597738e730fa2f": "db/items/57f3c6bd24597738e730fa2f.json",
			"57f4c844245977379d5c14d1": "db/items/57f4c844245977379d5c14d1.json",
			
			"aresPM":                   "db/items/aresPM.json",
			"5448bd6b4bdc2dfc2f8b4569": "db/items/5448bd6b4bdc2dfc2f8b4569.json",
			"56e0598dd2720bb5668b45a6": "db/items/56e0598dd2720bb5668b45a6.json",
			"579204f224597773d619e051": "db/items/579204f224597773d619e051.json",

			"aresAPS":                  "db/items/aresAPS.json",
			"5a17f98cfcdbcb0980087290": "db/items/5a17f98cfcdbcb0980087290.json",
			"5abccb7dd8ce87001773e277": "db/items/5abccb7dd8ce87001773e277.json",

			"aresMP9":                  "db/items/aresMP9.json",
			"5de7bd7bfd6b4e6e2276dc25": "db/items/5de7bd7bfd6b4e6e2276dc25.json",
			"5e00903ae9dc277128008b87": "db/items/5e00903ae9dc277128008b87.json",

			"aresMPX":                  "db/items/aresMPX.json",
			"58948c8e86f77409493f7266": "db/items/58948c8e86f77409493f7266.json",

			"aresPP19":                 "db/items/aresPP19.json",
			"59984ab886f7743e98271174": "db/items/59984ab886f7743e98271174.json",
			"59f9cabd86f7743a10721f46": "db/items/59f9cabd86f7743a10721f46.json",

			"aresP226r":                "db/items/aresP226r.json",
			"56d59856d2720bd8418b456a": "db/items/56d59856d2720bd8418b456a.json",

			"aresGratch":               "db/items/aresGratch.json",
			"576a581d2459771e7b1bc4f1": "db/items/576a581d2459771e7b1bc4f1.json",

			"aresGlock":                "db/items/aresGlock.json",
			"5a7ae0c351dfba0017554310": "db/items/5a7ae0c351dfba0017554310.json",
			"5b1fa9b25acfc40018633c01": "db/items/5b1fa9b25acfc40018633c01.json",

			"aresM9A3":                 "db/items/aresM9A3.json",
			"5cadc190ae921500103bb3b6": "db/items/5cadc190ae921500103bb3b6.json",

			"ares921":                  "db/items/ares921.json",
			"59f98b4986f7746f546d2cef": "db/items/59f98b4986f7746f546d2cef.json",

			"ares939":                  "db/items/ares939.json",
			"57c44b372459772d2b39b8ce": "db/items/57c44b372459772d2b39b8ce.json",
			"57838ad32459774a17445cd2": "db/items/57838ad32459774a17445cd2.json",

			"ares4630":                 "db/items/ares4630.json",
			"5ba26383d4351e00334c93d9": "db/items/5ba26383d4351e00334c93d9.json",
			"5bd70322209c4d00d7167b8f": "db/items/5bd70322209c4d00d7167b8f.json",

			"ares5728":                 "db/items/ares5728.json",
			"5d3eb3b0a4b93615055e84d2": "db/items/5d3eb3b0a4b93615055e84d2.json",
			"5d67abc1a4b93614ec50137f": "db/items/5d67abc1a4b93614ec50137f.json",

			"ares76225":                "db/items/ares76225.json",
			"571a12c42459771f627b58a0": "db/items/571a12c42459771f627b58a0.json",
			"5b3b713c5acfc4330140bd8d": "db/items/5b3b713c5acfc4330140bd8d.json",

			"ares76239":                "db/items/ares76239.json",
			"5ac66d725acfc43b321d4b60": "db/items/5ac66d725acfc43b321d4b60.json",
			"5ac66d2e5acfc43b321d4b53": "db/items/5ac66d2e5acfc43b321d4b53.json",
			"5abcbc27d8ce8700182eceeb": "db/items/5abcbc27d8ce8700182eceeb.json",
			"5a0ec13bfcdbcb00165aa685": "db/items/5a0ec13bfcdbcb00165aa685.json",
			"59ff346386f77477562ff5e2": "db/items/59ff346386f77477562ff5e2.json",
			"59d6088586f774275f37482f": "db/items/59d6088586f774275f37482f.json",
			"59e6152586f77473dc057aa1": "db/items/59e6152586f77473dc057aa1.json",
			"59e6687d86f77411d949b251": "db/items/59e6687d86f77411d949b251.json",
			"574d967124597745970e7c94": "db/items/574d967124597745970e7c94.json",
			"587e02ff24597743df3deaeb": "db/items/587e02ff24597743df3deaeb.json",

			"ares76251":                "db/items/ares76251.json",
			"5c501a4d2e221602b412b540": "db/items/5c501a4d2e221602b412b540.json",

			"aresDVL":                  "db/items/aresDVL.json",
			"588892092459774ac91d4b11": "db/items/588892092459774ac91d4b11.json",

			"aresM1A":                  "db/items/aresM1A.json",
			"5aafa857e5b5b00018480968": "db/items/5aafa857e5b5b00018480968.json",

			"aresM700":                 "db/items/aresM700.json",
			"5bfea6e90db834001b7347f3": "db/items/5bfea6e90db834001b7347f3.json",

			"aresSA58":                 "db/items/aresSA58.json",
			"5b0bbe4e5acfc40dc528a72d": "db/items/5b0bbe4e5acfc40dc528a72d.json",

			"aresSR25":                 "db/items/aresSR25.json",
			"5df8ce05b11454561e39243b": "db/items/5df8ce05b11454561e39243b.json",
			"5a367e5dc4a282000e49738f": "db/items/5a367e5dc4a282000e49738f.json",
			"5dcbd56fdbd3d91b3e5468d5": "db/items/5dcbd56fdbd3d91b3e5468d5.json",

			"aresT5000":                "db/items/aresT5000.json",
			"5df24cf80dee1b22f862e9bc": "db/items/5df24cf80dee1b22f862e9bc.json",

			"ares76254":                "db/items/ares76254.json",
			"5c46fbd72e2216398b5a8c9c": "db/items/5c46fbd72e2216398b5a8c9c.json",
			"55801eed4bdc2d89578b4588": "db/items/55801eed4bdc2d89578b4588.json",

			"aresAsh12":                "db/items/aresAsh12.json",
			"5cadfbf7ae92152ac412eeef": "db/items/5cadfbf7ae92152ac412eeef.json",

			"aresMosin":                "db/items/aresMosin.json",
			"aresMosinAngel":           "db/items/aresMosinAngel.json",
			"5ae08f0a5acfc408fb1398a1": "db/items/5ae08f0a5acfc408fb1398a1.json",
			"5bfd297f0db834001a669119": "db/items/5bfd297f0db834001a669119.json",

			"aresMP5":                  "db/items/aresMP5.json",
			"5926bb2186f7744b1c6c6e60": "db/items/5926bb2186f7744b1c6c6e60.json",
			"5d2f0d8048f0356c925bc3b0": "db/items/5d2f0d8048f0356c925bc3b0.json",

			"aresP90":                  "db/items/aresP90.json",
			"5cc82d76e24e8d00134b4b83": "db/items/5cc82d76e24e8d00134b4b83.json",

			"aresVPO":                  "db/items/aresVPO.json",
			"5de652c31b7e3716273428be": "db/items/5de652c31b7e3716273428be.json",



			"55d7217a4bdc2d86028b456d": "db/items/55d7217a4bdc2d86028b456d.json",
			"59fb016586f7746d0d4b423a": "db/items/59fb016586f7746d0d4b423a.json",
			"59fafd4b86f7745ca07e1232": "db/items/59fafd4b86f7745ca07e1232.json",
			"5d235bb686f77443f4331278": "db/items/5d235bb686f77443f4331278.json",



			"5751a25924597722c463c472": "db/items/5751a25924597722c463c472.json",
			"54527a984bdc2d4e668b4567": "db/items/54527a984bdc2d4e668b4567.json",
			"54527ac44bdc2d36668b4567": "db/items/54527ac44bdc2d36668b4567.json",
			"560d5e524bdc2d25448b4571": "db/items/560d5e524bdc2d25448b4571.json",
			"560d61e84bdc2da74d8b4571": "db/items/560d61e84bdc2da74d8b4571.json",
			"5656d7c34bdc2d9d198b4587": "db/items/5656d7c34bdc2d9d198b4587.json",
			"5656eb674bdc2d35148b457c": "db/items/5656eb674bdc2d35148b457c.json",
			"56d59d3ad2720bdb418b4577": "db/items/56d59d3ad2720bdb418b4577.json",
			"56dfef82d2720bbd668b4567": "db/items/56dfef82d2720bbd668b4567.json",
			"56dff026d2720bb8668b4567": "db/items/56dff026d2720bb8668b4567.json",
			"56dff061d2720bb5668b4567": "db/items/56dff061d2720bb5668b4567.json",
			"56dff0bed2720bb0668b4567": "db/items/56dff0bed2720bb0668b4567.json",
			"56dff216d2720bbd668b4568": "db/items/56dff216d2720bbd668b4568.json",
			"56dff2ced2720bb4668b4567": "db/items/56dff2ced2720bb4668b4567.json",
			"56dff338d2720bbd668b4569": "db/items/56dff338d2720bbd668b4569.json",
			"56dff3afd2720bba668b4567": "db/items/56dff3afd2720bba668b4567.json",
			"56dff421d2720b5f5a8b4567": "db/items/56dff421d2720b5f5a8b4567.json",
			"56dff4a2d2720bbd668b456a": "db/items/56dff4a2d2720bbd668b456a.json",
			"56dff4ecd2720b5f5a8b4568": "db/items/56dff4ecd2720b5f5a8b4568.json",
			"5735fdcd2459776445391d61": "db/items/5735fdcd2459776445391d61.json",
			"5735ff5c245977640e39ba7e": "db/items/5735ff5c245977640e39ba7e.json",
			"573601b42459776410737435": "db/items/573601b42459776410737435.json",
			"573602322459776445391df1": "db/items/573602322459776445391df1.json",
			"5736026a245977644601dc61": "db/items/5736026a245977644601dc61.json",
			"573603562459776430731618": "db/items/573603562459776430731618.json",
			"573603c924597764442bd9cb": "db/items/573603c924597764442bd9cb.json",
			"573718ba2459775a75491131": "db/items/573718ba2459775a75491131.json",
			"573719762459775a626ccbc1": "db/items/573719762459775a626ccbc1.json",
			"573719df2459775a626ccbc2": "db/items/573719df2459775a626ccbc2.json",
			"57371aab2459775a77142f22": "db/items/57371aab2459775a77142f22.json",
			"57371b192459775a9f58a5e0": "db/items/57371b192459775a9f58a5e0.json",
			"57371e4124597760ff7b25f1": "db/items/57371e4124597760ff7b25f1.json",
			"57371eb62459776125652ac1": "db/items/57371eb62459776125652ac1.json",
			"57371f2b24597761224311f1": "db/items/57371f2b24597761224311f1.json",
			"57371f8d24597761006c6a81": "db/items/57371f8d24597761006c6a81.json",
			"5737201124597760fc4431f1": "db/items/5737201124597760fc4431f1.json",
			"5737207f24597760ff7b25f2": "db/items/5737207f24597760ff7b25f2.json",
			"573720e02459776143012541": "db/items/573720e02459776143012541.json",
			"57372140245977611f70ee91": "db/items/57372140245977611f70ee91.json",
			"5737218f245977612125ba51": "db/items/5737218f245977612125ba51.json",
			"57a0dfb82459774d3078b56c": "db/items/57a0dfb82459774d3078b56c.json",
			"57a0e5022459774d1673f889": "db/items/57a0e5022459774d1673f889.json",
			"58820d1224597753c90aeb13": "db/items/58820d1224597753c90aeb13.json",
			"58864a4f2459770fcc257101": "db/items/58864a4f2459770fcc257101.json",
			"5887431f2459777e1612938f": "db/items/5887431f2459777e1612938f.json",
			"58dd3ad986f77403051cba8f": "db/items/58dd3ad986f77403051cba8f.json",
			"59e0d99486f7744a32234762": "db/items/59e0d99486f7744a32234762.json",
			"59e4cf5286f7741778269d8a": "db/items/59e4cf5286f7741778269d8a.json",
			"59e4d24686f7741776641ac7": "db/items/59e4d24686f7741776641ac7.json",
			"59e4d3d286f774176a36250a": "db/items/59e4d3d286f774176a36250a.json",
			"59e6542b86f77411dc52a77a": "db/items/59e6542b86f77411dc52a77a.json",
			"59e655cb86f77411dc52a77b": "db/items/59e655cb86f77411dc52a77b.json",
			"59e6658b86f77411d949b250": "db/items/59e6658b86f77411d949b250.json",
			"59e68f6f86f7746c9f75e846": "db/items/59e68f6f86f7746c9f75e846.json",
			"59e6906286f7746c9f75e847": "db/items/59e6906286f7746c9f75e847.json",
			"59e690b686f7746c9f75e848": "db/items/59e690b686f7746c9f75e848.json",
			"59e6918f86f7746c9f75e849": "db/items/59e6918f86f7746c9f75e849.json",
			"59e6920f86f77411d82aa167": "db/items/59e6920f86f77411d82aa167.json",
			"59e6927d86f77411da468256": "db/items/59e6927d86f77411da468256.json",
			"59e77a2386f7742ee578960a": "db/items/59e77a2386f7742ee578960a.json",
			"5a269f97c4a282000b151807": "db/items/5a269f97c4a282000b151807.json",
			"5a26abfac4a28232980eabff": "db/items/5a26abfac4a28232980eabff.json",
			"5a26ac06c4a282000c5a90a8": "db/items/5a26ac06c4a282000c5a90a8.json",
			"5a26ac0ec4a28200741e1e18": "db/items/5a26ac0ec4a28200741e1e18.json",
			"5a38ebd9c4a282000d722a5b": "db/items/5a38ebd9c4a282000d722a5b.json",
			"5a3c16fe86f77452b62de32a": "db/items/5a3c16fe86f77452b62de32a.json",
			"5a6086ea4f39f99cd479502f": "db/items/5a6086ea4f39f99cd479502f.json",
			"5a608bf24f39f98ffc77720e": "db/items/5a608bf24f39f98ffc77720e.json",
			"5ba2678ad4351e44f824b344": "db/items/5ba2678ad4351e44f824b344.json",
			"5ba26812d4351e003201fef1": "db/items/5ba26812d4351e003201fef1.json",
			"5ba26835d4351e0035628ff5": "db/items/5ba26835d4351e0035628ff5.json",
			"5ba26844d4351e00334c9475": "db/items/5ba26844d4351e00334c9475.json",
			"5c0d56a986f774449d5de529": "db/items/5c0d56a986f774449d5de529.json",
			"5c0d591486f7744c505b416f": "db/items/5c0d591486f7744c505b416f.json",
			"5c0d5ae286f7741e46554302": "db/items/5c0d5ae286f7741e46554302.json",
			"5c0d5e4486f77478390952fe": "db/items/5c0d5e4486f77478390952fe.json",
			"5c0d668f86f7747ccb7f13b2": "db/items/5c0d668f86f7747ccb7f13b2.json",
			"5c0d688c86f77413ae3407b2": "db/items/5c0d688c86f77413ae3407b2.json",
			"5c3df7d588a4501f290594e5": "db/items/5c3df7d588a4501f290594e5.json",
			"5c925fa22e221601da359b7b": "db/items/5c925fa22e221601da359b7b.json",
			"5cadf6ddae9215051e1c23b2": "db/items/5cadf6ddae9215051e1c23b2.json",
			"5cadf6e5ae921500113bb973": "db/items/5cadf6e5ae921500113bb973.json",
			"5cadf6eeae921500134b2799": "db/items/5cadf6eeae921500134b2799.json",
			"5cc80f38e4a949001152b560": "db/items/5cc80f38e4a949001152b560.json",
			"5cc80f53e4a949000e1ea4f8": "db/items/5cc80f53e4a949000e1ea4f8.json",
			"5cc80f67e4a949035e43bbba": "db/items/5cc80f67e4a949035e43bbba.json",
			"5cc80f79e4a949033c7343b2": "db/items/5cc80f79e4a949033c7343b2.json",
			"5cc80f8fe4a949033b0224a2": "db/items/5cc80f8fe4a949033b0224a2.json",
			"5cc86832d7f00c000d3a6e6c": "db/items/5cc86832d7f00c000d3a6e6c.json",
			"5cc86840d7f00c002412c56c": "db/items/5cc86840d7f00c002412c56c.json",
			"5cde8864d7f00c0010373be1": "db/items/5cde8864d7f00c0010373be1.json",
			"5d2f2ab648f03550091993ca": "db/items/5d2f2ab648f03550091993ca.json",
			"5d6e6772a4b936088465b17c": "db/items/5d6e6772a4b936088465b17c.json",
			"5d6e67fba4b9361bc73bc779": "db/items/5d6e67fba4b9361bc73bc779.json",
			"5d6e6806a4b936088465b17e": "db/items/5d6e6806a4b936088465b17e.json",
			"5d6e6869a4b9361c140bcfde": "db/items/5d6e6869a4b9361c140bcfde.json",
			"5d6e6891a4b9361bd473feea": "db/items/5d6e6891a4b9361bd473feea.json",
			"5d6e689ca4b9361bc8618956": "db/items/5d6e689ca4b9361bc8618956.json",
			"5d6e68a8a4b9360b6c0d54e2": "db/items/5d6e68a8a4b9360b6c0d54e2.json",
			"5d6e68b3a4b9361bca7e50b5": "db/items/5d6e68b3a4b9361bca7e50b5.json",
			"5d6e68c4a4b9361b93413f79": "db/items/5d6e68c4a4b9361b93413f79.json",
			"5d6e68d1a4b93622fe60e845": "db/items/5d6e68d1a4b93622fe60e845.json",
			"5d6e68dea4b9361bcc29e659": "db/items/5d6e68dea4b9361bcc29e659.json",
			"5d6e68e6a4b9361c140bcfe0": "db/items/5d6e68e6a4b9361c140bcfe0.json",
			"5d6e6911a4b9361bd5780d52": "db/items/5d6e6911a4b9361bd5780d52.json",
			"5d6e695fa4b936359b35d852": "db/items/5d6e695fa4b936359b35d852.json",
			"5d6e69b9a4b9361bc8618958": "db/items/5d6e69b9a4b9361bc8618958.json",
			"5d6e69c7a4b9360b6c0d54e4": "db/items/5d6e69c7a4b9360b6c0d54e4.json",
			"5d6e6a05a4b93618084f58d0": "db/items/5d6e6a05a4b93618084f58d0.json",
			"5d6e6a42a4b9364f07165f52": "db/items/5d6e6a42a4b9364f07165f52.json",
			"5d6e6a53a4b9361bd473feec": "db/items/5d6e6a53a4b9361bd473feec.json",
			"5d6e6a5fa4b93614ec501745": "db/items/5d6e6a5fa4b93614ec501745.json",
			"5d70e500a4b9364de70d38ce": "db/items/5d70e500a4b9364de70d38ce.json",
			"5e023cf8186a883be655e54f": "db/items/5e023cf8186a883be655e54f.json",
			"5e023d34e8a400319a28ed44": "db/items/5e023d34e8a400319a28ed44.json",
			"5e023d48186a883be655e551": "db/items/5e023d48186a883be655e551.json",
			"5e023e53d4353e3302577c4c": "db/items/5e023e53d4353e3302577c4c.json",
			"5e023e6e34d52a55c3304f71": "db/items/5e023e6e34d52a55c3304f71.json",
			"5e023e88277cce2b522ff2b1": "db/items/5e023e88277cce2b522ff2b1.json"
		},
		"templates": {
			"items": {
				"apollosCMS":      "db/templates/items/apollosCMS.json",
				"apollosPropital": "db/templates/items/apollosPropital.json",
				"atlasSatchel":    "db/templates/items/atlasSatchel.json",
				"armorOfAthena":   "db/templates/items/armorOfAthena.json",
				"helmetOfHermes":  "db/templates/items/helmetOfHermes.json",
				"hercRig":         "db/templates/items/hercRig.json",

				"ares12ga":        "db/templates/items/ares12ga.json",
				"ares12gaSaiga":   "db/templates/items/ares12gaSaiga.json",
				"ares20ga":        "db/templates/items/ares20ga.json",
				"ares545":         "db/templates/items/ares545.json",
				"ares556":         "db/templates/items/ares556.json",
				"ares918":         "db/templates/items/ares918.json",
				"aresPM":          "db/templates/items/aresPM.json",
				"aresAPS":         "db/templates/items/aresAPS.json",
				"aresMP9":         "db/templates/items/aresMP9.json",
				"aresMPX":         "db/templates/items/aresMPX.json",
				"aresPP19":        "db/templates/items/aresPP19.json",
				"aresP226r":       "db/templates/items/aresP226r.json",
				"aresGratch":      "db/templates/items/aresGratch.json",
				"aresGlock":       "db/templates/items/aresGlock.json",
				"aresM9A3":        "db/templates/items/aresM9A3.json",
				"ares921":         "db/templates/items/ares921.json",
				"ares939":         "db/templates/items/ares939.json",
				"ares4630":        "db/templates/items/ares4630.json",
				"ares5728":        "db/templates/items/ares5728.json",
				"ares76225":       "db/templates/items/ares76225.json",
				"ares76239":       "db/templates/items/ares76239.json",
				"aresSA58":        "db/templates/items/aresSA58.json",
				"aresDVL":         "db/templates/items/aresDVL.json",
				"aresM700":        "db/templates/items/aresM700.json",
				"aresT5000":       "db/templates/items/aresT5000.json",
				"aresM1A":         "db/templates/items/aresM1A.json",
				"aresSR25":        "db/templates/items/aresSR25.json",
				"ares76251":       "db/templates/items/ares76251.json",
				"ares76254":       "db/templates/items/ares76254.json",
				"aresAsh12":       "db/templates/items/aresAsh12.json",
				"aresMosin":       "db/templates/items/aresMosin.json",
				"aresMosinAngel":  "db/templates/items/aresMosinAngel.json",
				"aresMP5":         "db/templates/items/aresMP5.json",
				"aresP90":         "db/templates/items/aresP90.json",
				"aresVPO":         "db/templates/items/aresVPO.json"
			}
		},
		"locales": {
			"en": {
				"templates": {
					"apollosCMS":      "db/locales/en/templates/apollosCMS.json",
					"apollosPropital": "db/locales/en/templates/apollosPropital.json",
					"atlasSatchel":    "db/locales/en/templates/atlasSatchel.json",
					"armorOfAthena":   "db/locales/en/templates/armorOfAthena.json",
					"helmetOfHermes":  "db/locales/en/templates/helmetOfHermes.json",
					"hercRig":         "db/locales/en/templates/hercRig.json",

					"ares12ga":        "db/locales/en/templates/ares12ga.json",
					"ares12gaSaiga":   "db/locales/en/templates/ares12gaSaiga.json",
					"ares20ga":        "db/locales/en/templates/ares20ga.json",
					"ares545":         "db/locales/en/templates/ares545.json",
					"ares556":         "db/locales/en/templates/ares556.json",
					"ares918":         "db/locales/en/templates/ares918.json",
					"aresPM":          "db/locales/en/templates/aresPM.json",
					"aresAPS":         "db/locales/en/templates/aresAPS.json",
					"aresMP9":         "db/locales/en/templates/aresMP9.json",
					"aresMPX":         "db/locales/en/templates/aresMPX.json",
					"aresPP19":        "db/locales/en/templates/aresPP19.json",
					"aresP226r":       "db/locales/en/templates/aresP226r.json",
					"aresGratch":      "db/locales/en/templates/aresGratch.json",
					"aresGlock":       "db/locales/en/templates/aresGlock.json",
					"aresM9A3":        "db/locales/en/templates/aresM9A3.json",
					"ares921":         "db/locales/en/templates/ares921.json",
					"ares939":         "db/locales/en/templates/ares939.json",
					"ares4630":        "db/locales/en/templates/ares4630.json",
					"ares5728":        "db/locales/en/templates/ares5728.json",
					"ares76225":       "db/locales/en/templates/ares76225.json",
					"ares76239":       "db/locales/en/templates/ares76239.json",
					"aresSA58":        "db/locales/en/templates/aresSA58.json",
					"aresDVL":         "db/locales/en/templates/aresDVL.json",
					"aresM700":        "db/locales/en/templates/aresM700.json",
					"aresT5000":       "db/locales/en/templates/aresT5000.json",
					"aresM1A":         "db/locales/en/templates/aresM1A.json",
					"aresSR25":        "db/locales/en/templates/aresSR25.json",
					"ares76251":       "db/locales/en/templates/ares76251.json",
					"ares76254":       "db/locales/en/templates/ares76254.json",
					"aresAsh12":       "db/locales/en/templates/aresAsh12.json",
					"aresMosin":       "db/locales/en/templates/aresMosin.json",
					"aresMosinAngel":  "db/locales/en/templates/aresMosinAngel.json",
					"aresMP5":         "db/locales/en/templates/aresMP5.json",
					"aresP90":         "db/locales/en/templates/aresP90.json",
					"aresVPO":         "db/locales/en/templates/aresVPO.json"
				}
			}
		},
		"assort": {
			"ragfair": {
				"items": {
					"apollosCMS":      "db/assort/ragfair/items/apollosCMS.json",
					"apollosPropital": "db/assort/ragfair/items/apollosPropital.json",
					"atlasSatchel":    "db/assort/ragfair/items/atlasSatchel.json",
					"armorOfAthena":   "db/assort/ragfair/items/armorOfAthena.json",
					"helmetOfHermes":  "db/assort/ragfair/items/helmetOfHermes.json",
					"hercRig":		   "db/assort/ragfair/items/hercRig.json",

					"ares12ga":        "db/assort/ragfair/items/ares12ga.json",
					"ares12gaSaiga":   "db/assort/ragfair/items/ares12gaSaiga.json",
					"ares20ga":        "db/assort/ragfair/items/ares20ga.json",
					"ares545":         "db/assort/ragfair/items/ares545.json",
					"ares556":         "db/assort/ragfair/items/ares556.json",
					"ares918":         "db/assort/ragfair/items/ares918.json",
					"aresPM":          "db/assort/ragfair/items/aresPM.json",
					"aresAPS":         "db/assort/ragfair/items/aresAPS.json",
					"aresMP9":         "db/assort/ragfair/items/aresMP9.json",
					"aresMPX":         "db/assort/ragfair/items/aresMPX.json",
					"aresPP19":        "db/assort/ragfair/items/aresPP19.json",
					"aresP226r":       "db/assort/ragfair/items/aresP226r.json",
					"aresGratch":      "db/assort/ragfair/items/aresGratch.json",
					"aresGlock":       "db/assort/ragfair/items/aresGlock.json",
					"aresM9A3":        "db/assort/ragfair/items/aresM9A3.json",
					"ares921":         "db/assort/ragfair/items/ares921.json",
					"ares939":         "db/assort/ragfair/items/ares939.json",
					"ares4630":        "db/assort/ragfair/items/ares4630.json",
					"ares5728":        "db/assort/ragfair/items/ares5728.json",
					"ares76225":       "db/assort/ragfair/items/ares76225.json",
					"ares76239":       "db/assort/ragfair/items/ares76239.json",
					"aresSA58":        "db/assort/ragfair/items/aresSA58.json",
					"aresDVL":         "db/assort/ragfair/items/aresDVL.json",
					"aresM700":        "db/assort/ragfair/items/aresM700.json",
					"aresT5000":       "db/assort/ragfair/items/aresT5000.json",
					"aresM1A":         "db/assort/ragfair/items/aresM1A.json",
					"aresSR25":        "db/assort/ragfair/items/aresSR25.json",
					"ares76251":       "db/assort/ragfair/items/ares76251.json",
					"ares76254":       "db/assort/ragfair/items/ares76254.json",
					"aresAsh12":       "db/assort/ragfair/items/aresAsh12.json",
					"aresMosin":       "db/assort/ragfair/items/aresMosin.json",
					"aresMosinAngel":  "db/assort/ragfair/items/aresMosinAngel.json",
					"aresMP5":         "db/assort/ragfair/items/aresMP5.json",
					"aresP90":         "db/assort/ragfair/items/aresP90.json",
					"aresVPO":         "db/assort/ragfair/items/aresVPO.json"
				}
			}
		}
	}
}