{
	"_id": "suicide_grenade_m67",
	"_name": "suicide_grenade_m67",
	"_parent": "543be6564bdc2df4348b4568",
	"_type": "Item",
	"_props": {
		"Name": "weapon_grenade_m67",
		"ShortName": "weapon_grenade_m67",
		"Description": "weapon_grenade_m67",
		"Weight": 0.001,
		"BackgroundColor": "violet",
		"Width": 1,
		"Height": 1,
		"StackMaxSize": 1,
		"Rarity": "Rare",
		"SpawnChance": 4,
		"CreditsPrice": 666,
		"ItemSound": "grenade",
		"Prefab": {
			"path": "assets/content/weapons/m67/weapon_grenade_m67_container.bundle",
			"rcid": ""
		},
		"UsePrefab": {
			"path": "",
			"rcid": ""
		},
		"StackObjectsCount": 1,
		"NotShownInSlot": false,
		"ExaminedByDefault": true,
		"ExamineTime": 1,
		"IsUndiscardable": false,
		"IsUnsaleable": false,
		"IsUnbuyable": false,
		"IsUngivable": false,
		"IsLockedafterEquip": false,
		"QuestItem": false,
		"LootExperience": 20,
		"ExamineExperience": 4,
		"HideEntrails": false,
		"RepairCost": 0,
		"RepairSpeed": 0,
		"ExtraSizeLeft": 0,
		"ExtraSizeRight": 0,
		"ExtraSizeUp": 0,
		"ExtraSizeDown": 0,
		"ExtraSizeForceAdd": false,
		"MergesWithChildren": false,
		"CanSellOnRagfair": true,
		"CanRequireOnRagfair": true,
		"BannedFromRagfair": false,
		"ConflictingItems": [],
		"FixedPrice": false,
		"Unlootable": false,
		"UnlootableFromSlot": "FirstPrimaryWeapon",
		"UnlootableFromSide": [],
		"ChangePriceCoef": 1,
		"AllowSpawnOnLocations": [],
		"SendToClient": false,
		"AnimationVariantsNumber": 0,
		"DiscardingBlock": false,
		"ThrowType": "frag_grenade",
		"ExplDelay": 0,
		"MinExplosionDistance": 3,
		"MaxExplosionDistance": 9,
		"FragmentsCount": 100,
		"FragmentType": "5996f6fc86f7745e585b4de3",
		"Strength": 115,
		"ContusionDistance": 0,
		"throwDamMax": 0,
		"explDelay": 0,
		"Blindness": {
			"x": 1.5,
			"y": 4,
			"z": 12
		},
		"Contusion": {
			"x": 1.5,
			"y": 4,
			"z": 12
		},
		"EmitTime": 0,
		"CanBeHiddenDuringThrow": true
	},
	"_proto": "5448be9a4bdc2dfd2f8b456a"
}