{
	"Id": "Loot 135 (10)505540",
	"IsStatic": false,
	"useGravity": true,
	"randomRotation": true,
	"Position": {
		"x": 184.088,
		"y": 6.351,
		"z": 182.923
	},
	"Rotation": {
		"x": 0.00000170754731,
		"y": 134.652985,
		"z": 0
	},
	"IsGroupPosition": false,
	"GroupPositions": [],
	"Root": "5ec3f47521ff7644ae6a3233",
	"Items": [
		{
			"_id": "5ec3f47521ff7644ae6a3233",
			"_tpl": "59fb016586f7746d0d4b423a"
		},
		{
			"_id": "5ec3f47521ff7644ae6a3234",
			"_tpl": "5696686a4bdc2da3298b456a",
			"parentId": "5ec3f47521ff7644ae6a3233",
			"slotId": "main",
			"location": {
				"x": 0,
				"y": 0,
				"r": 0
			},
			"upd": {
				"StackObjectsCount": 54
			}
		}
	]
}