{
	"Id": "Loot 135 (10)505540",
	"IsStatic": false,
	"useGravity": true,
	"randomRotation": true,
	"Position": {
		"x": 184.088,
		"y": 6.351,
		"z": 182.923
	},
	"Rotation": {
		"x": 0.00000170754731,
		"y": 134.652985,
		"z": 0
	},
	"IsGroupPosition": false,
	"GroupPositions": [],
	"Root": "5ec3f44ff1794b250e7954b5",
	"Items": [
		{
			"_id": "5ec3f44ff1794b250e7954b5",
			"_tpl": "5b0bbe4e5acfc40dc528a72d"
		},
		{
			"_id": "5ec3f44ff1794b250e7954b6",
			"_tpl": "5b099b965acfc400186331e6",
			"parentId": "5ec3f44ff1794b250e7954b5",
			"slotId": "mod_pistol_grip"
		},
		{
			"_id": "5ec3f44ff1794b250e7954b7",
			"_tpl": "5b099ac65acfc400186331e1",
			"parentId": "5ec3f44ff1794b250e7954b5",
			"slotId": "mod_magazine"
		},
		{
			"_id": "5ec3f44ff1794b250e7954c1",
			"_tpl": "58dd3ad986f77403051cba8f",
			"parentId": "5ec3f44ff1794b250e7954b7",
			"slotId": "cartridges",
			"upd": {
				"StackObjectsCount": 14
			}
		},
		{
			"_id": "5ec3f44ff1794b250e7954b8",
			"_tpl": "5b099a9d5acfc47a8607efe7",
			"parentId": "5ec3f44ff1794b250e7954b5",
			"slotId": "mod_handguard"
		},
		{
			"_id": "5ec3f44ff1794b250e7954b9",
			"_tpl": "5b099a765acfc47a8607efe3",
			"parentId": "5ec3f44ff1794b250e7954b5",
			"slotId": "mod_barrel"
		},
		{
			"_id": "5ec3f44ff1794b250e7954ba",
			"_tpl": "5b099b7d5acfc400186331e4",
			"parentId": "5ec3f44ff1794b250e7954b9",
			"slotId": "mod_muzzle"
		},
		{
			"_id": "5ec3f44ff1794b250e7954bb",
			"_tpl": "5b0bc22d5acfc47a8607f085",
			"parentId": "5ec3f44ff1794b250e7954b5",
			"slotId": "mod_sight_rear"
		},
		{
			"_id": "5ec3f44ff1794b250e7954bc",
			"_tpl": "5b099bb25acfc400186331e8",
			"parentId": "5ec3f44ff1794b250e7954b5",
			"slotId": "mod_reciever"
		},
		{
			"_id": "5ec3f44ff1794b250e7954bd",
			"_tpl": "5b099bf25acfc4001637e683",
			"parentId": "5ec3f44ff1794b250e7954b5",
			"slotId": "mod_stock"
		},
		{
			"_id": "5ec3f44ff1794b250e7954be",
			"_tpl": "5649be884bdc2d79388b4577",
			"parentId": "5ec3f44ff1794b250e7954bd",
			"slotId": "mod_stock_000"
		},
		{
			"_id": "5ec3f44ff1794b250e7954bf",
			"_tpl": "56eabf3bd2720b75698b4569",
			"parentId": "5ec3f44ff1794b250e7954be",
			"slotId": "mod_stock_000"
		},
		{
			"_id": "5ec3f44ff1794b250e7954c0",
			"_tpl": "58d2912286f7744e27117493",
			"parentId": "5ec3f44ff1794b250e7954bf",
			"slotId": "mod_stock"
		}
	]
}