{
	"Id": "Loot 135 (10)505540",
	"IsStatic": false,
	"useGravity": true,
	"randomRotation": true,
	"Position": {
		"x": 184.088,
		"y": 6.351,
		"z": 182.923
	},
	"Rotation": {
		"x": 0.00000170754731,
		"y": 134.652985,
		"z": 0
	},
	"IsGroupPosition": false,
	"GroupPositions": [],
	"Root": "5ec3f43b21ff7644ae6a1e8f",
	"Items": [
		{
			"_id": "5ec3f43b21ff7644ae6a1e8f",
			"_tpl": "5c093db286f7740a1b2617e3"
		},
		{
			"_id": "5ec3f43c21ff7644ae6a20e2",
			"_tpl": "590c5d4b86f774784e1b9c45",
			"parentId": "5ec3f43b21ff7644ae6a1e8f",
			"slotId": "main",
			"location": {
				"x": 0,
				"y": 0,
				"r": 0
			}
		},
		{
			"_id": "5ec3f43c21ff7644ae6a20e3",
			"_tpl": "57347d9c245977448b40fa85",
			"parentId": "5ec3f43b21ff7644ae6a1e8f",
			"slotId": "main",
			"location": {
				"x": 1,
				"y": 0,
				"r": 0
			}
		}
	]
}