{
	"Id": "Loot 135 (10)505540",
	"IsStatic": false,
	"useGravity": true,
	"randomRotation": true,
	"Position": {
		"x": 184.088,
		"y": 6.351,
		"z": 182.923
	},
	"Rotation": {
		"x": 0.00000170754731,
		"y": 134.652985,
		"z": 0
	},
	"IsGroupPosition": false,
	"GroupPositions": [],
	"Root": "5ec3f4454782e749ea3f76fb",
	"Items": [
		{
			"_id": "5ec3f4454782e749ea3f76fb",
			"_tpl": "5b1fa9b25acfc40018633c01"
		},
		{
			"_id": "5ec3f4454782e749ea3f76fc",
			"_tpl": "5b1fa9ea5acfc40018633c0a",
			"parentId": "5ec3f4454782e749ea3f76fb",
			"slotId": "mod_barrel"
		},
		{
			"_id": "5ec3f4454782e749ea3f76fd",
			"_tpl": "5b1faa0f5acfc40dc528aeb5",
			"parentId": "5ec3f4454782e749ea3f76fb",
			"slotId": "mod_reciever"
		},
		{
			"_id": "5ec3f4454782e749ea3f76fe",
			"_tpl": "5a6f5d528dc32e00094b97d9",
			"parentId": "5ec3f4454782e749ea3f76fd",
			"slotId": "mod_sight_rear"
		},
		{
			"_id": "5ec3f4454782e749ea3f76ff",
			"_tpl": "5a6f58f68dc32e000a311390",
			"parentId": "5ec3f4454782e749ea3f76fd",
			"slotId": "mod_sight_front"
		},
		{
			"_id": "5ec3f4454782e749ea3f7700",
			"_tpl": "5a718b548dc32e000d46d262",
			"parentId": "5ec3f4454782e749ea3f76fb",
			"slotId": "mod_magazine"
		},
		{
			"_id": "5ec3f4454782e749ea3f7701",
			"_tpl": "56d59d3ad2720bdb418b4577",
			"parentId": "5ec3f4454782e749ea3f7700",
			"slotId": "cartridges",
			"upd": {
				"StackObjectsCount": 5
			}
		}
	]
}