{
	"items": [
		{
			"_id": "5c6687d65e9d882c8841f0fd",
			"_tpl": "55d7217a4bdc2d86028b456d"
		},
		{
			"_id": "5c6687d65e9d882c8841f121",
			"_tpl": "557ffd194bdc2d28148b457f",
			"parentId": "5c6687d65e9d882c8841f0fd",
			"slotId": "Pockets"
		},
		{
			"_id": "5c6687d65e9d882c8841f0fc",
			"_tpl": "566abbc34bdc2d92178b4576"
		},
		{
			"_id": "5c6687d65e9d882c8841f0ff",
			"_tpl": "5963866b86f7747bfa1c4462"
		},
		{
			"_id": "5c6687d65e9d882c8841f0fe",
			"_tpl": "5963866286f7747bf429b572"
		},
		{
			"_id": "I59618235370901494owBdK0",
			"_tpl": "5648a69d4bdc2ded0b8b457b",
			"parentId": "5c6687d65e9d882c8841f0fd",
			"slotId": "TacticalVest"
		},
		{
			"_id": "I33102303730031505TZLMDy",
			"_tpl": "583990e32459771419544dd2",
			"parentId": "5c6687d65e9d882c8841f0fd",
			"slotId": "FirstPrimaryWeapon",
			"upd": {
				"Repairable": {
					"MaxDurability": 100,
					"Durability": 12
				}
			}
		},
		{
			"_id": "I33102307989103931N2Kw00",
			"_tpl": "5649ad3f4bdc2df8348b4585",
			"parentId": "I33102303730031505TZLMDy",
			"slotId": "mod_pistol_grip"
		},
		{
			"_id": "I59618238899381031njUruC",
			"_tpl": "55d4837c4bdc2d1d4e8b456c",
			"parentId": "I33102303730031505TZLMDy",
			"slotId": "mod_magazine"
		},
		{
			"_id": "I59618236527796939wucKin",
			"_tpl": "56dff216d2720bbd668b4568",
			"parentId": "I59618238899381031njUruC",
			"slotId": "cartridges",
			"upd": {
				"StackObjectsCount": 10
			}
		},
		{
			"_id": "I33102308164590742qZRmUg",
			"_tpl": "57dc324a24597759501edc20",
			"parentId": "I33102303730031505TZLMDy",
			"slotId": "mod_muzzle"
		},
		{
			"_id": "I33102309203048350rvJr4i",
			"_tpl": "59d36a0086f7747e673f3946",
			"parentId": "I33102303730031505TZLMDy",
			"slotId": "mod_gas_block"
		},
		{
			"_id": "I33102302388811623UyrSOM",
			"_tpl": "56dfef82d2720bbd668b4567",
			"parentId": "I33102303015895963IGu8iz",
			"slotId": "cartridges",
			"location": 0,
			"upd": {
				"StackObjectsCount": 30
			}
		},
		{
			"_id": "I33102301697240347uAkuT7",
			"_tpl": "57dc32dc245977596d4ef3d3",
			"parentId": "I33102309203048350rvJr4i",
			"slotId": "mod_handguard"
		},
		{
			"_id": "I59618237757080067lx5HjT",
			"_tpl": "5857a8bc2459772bad15db29",
			"parentId": "5c6687d65e9d882c8841f0fd",
			"slotId": "SecuredContainer"
		},
		{
			"_id": "I59618235261398682I1CQtu",
			"_tpl": "56dff061d2720bb5668b4567",
			"parentId": "I59618237757080067lx5HjT",
			"slotId": "main",
			"upd": {
				"StackObjectsCount": 60
			}
		},
		{
			"_id": "I596182354993695281tnwgh",
			"_tpl": "56dff338d2720bbd668b4569",
			"parentId": "I59618237757080067lx5HjT",
			"slotId": "main",
			"upd": {
				"StackObjectsCount": 60
			}
		},
		{
			"_id": "I59618231057078675AoGENP",
			"_tpl": "56dff338d2720bbd668b4569",
			"parentId": "I59618237757080067lx5HjT",
			"slotId": "main",
			"upd": {
				"StackObjectsCount": 60
			}
		},
		{
			"_id": "I59618239147783736ffFVxY",
			"_tpl": "5c0d5e4486f77478390952fe",
			"parentId": "I59618237757080067lx5HjT",
			"slotId": "main",
			"upd": {
				"StackObjectsCount": 60
			}
		},
		{
			"_id": "I59618238508911113nHat8A",
			"_tpl": "56dff4a2d2720bbd668b456a",
			"parentId": "I59618237757080067lx5HjT",
			"slotId": "main",
			"upd": {
				"StackObjectsCount": 60
			}
		},
		{
			"_id": "I59618233461039432Z6oE1I",
			"_tpl": "56dff061d2720bb5668b4567",
			"parentId": "I59618237757080067lx5HjT",
			"slotId": "main",
			"upd": {
				"StackObjectsCount": 60
			}
		},
		{
			"_id": "I596182372257564544ac1VT",
			"_tpl": "5c0d5e4486f77478390952fe",
			"parentId": "I59618237757080067lx5HjT",
			"slotId": "main",
			"upd": {
				"StackObjectsCount": 60
			}
		},
		{
			"_id": "I59618237395459723Z85NMa",
			"_tpl": "56dff0bed2720bb0668b4567",
			"parentId": "I59618237757080067lx5HjT",
			"slotId": "main",
			"upd": {
				"StackObjectsCount": 60
			}
		},
		{
			"_id": "I59618234236060409kzrEes",
			"_tpl": "56dff4a2d2720bbd668b456a",
			"parentId": "I59618237757080067lx5HjT",
			"slotId": "main",
			"upd": {
				"StackObjectsCount": 60
			}
		},
		{
			"_id": "I59618239197786673r31jUh",
			"_tpl": "55d4837c4bdc2d1d4e8b456c",
			"parentId": "I59618235370901494owBdK0",
			"slotId": "1",
			"location": {
				"x": 0,
				"y": 0,
				"r": "Horizontal"
			}
		},
		{
			"_id": "I59618239624740893fa2RdA",
			"_tpl": "56dff4a2d2720bbd668b456a",
			"parentId": "I59618239197786673r31jUh",
			"slotId": "cartridges",
			"upd": {
				"StackObjectsCount": 10
			}
		},
		{
			"_id": "I59618237612274871VJ1mW7",
			"_tpl": "55d4837c4bdc2d1d4e8b456c",
			"parentId": "I59618235370901494owBdK0",
			"slotId": "1",
			"location": {
				"x": 0,
				"y": 1,
				"r": "Horizontal"
			}
		},
		{
			"_id": "I59618235406400364WpW4Ci",
			"_tpl": "56dff2ced2720bb4668b4567",
			"parentId": "I59618237612274871VJ1mW7",
			"slotId": "cartridges",
			"upd": {
				"StackObjectsCount": 10
			}
		},
		{
			"_id": "I596182376130209475BQU4g",
			"_tpl": "55d4837c4bdc2d1d4e8b456c",
			"parentId": "I59618235370901494owBdK0",
			"slotId": "3",
			"location": {
				"x": 0,
				"y": 1,
				"r": "Horizontal"
			}
		},
		{
			"_id": "I59618239806089813XbBJDU",
			"_tpl": "5c0d5e4486f77478390952fe",
			"parentId": "I596182376130209475BQU4g",
			"slotId": "cartridges",
			"upd": {
				"StackObjectsCount": 10
			}
		},
		{
			"_id": "I59618233054538749qab5pm",
			"_tpl": "55d4837c4bdc2d1d4e8b456c",
			"parentId": "I59618235370901494owBdK0",
			"slotId": "10",
			"location": {
				"x": 0,
				"y": 1,
				"r": "Horizontal"
			}
		},
		{
			"_id": "I59618234373074630BIb8Lq",
			"_tpl": "56dff4a2d2720bbd668b456a",
			"parentId": "I59618233054538749qab5pm",
			"slotId": "cartridges",
			"upd": {
				"StackObjectsCount": 10
			}
		},
		{
			"_id": "I59618237844875115nyfu49",
			"_tpl": "56dff3afd2720bba668b4567",
			"parentId": "I59618235370901494owBdK0",
			"slotId": "6",
			"upd": {
				"StackObjectsCount": 36
			}
		},
		{
			"_id": "I59618237695016844FDXSpY",
			"_tpl": "57e26fc7245977162a14b800",
			"parentId": "5c6687d65e9d882c8841f0fd",
			"slotId": "Scabbard"
		},
		{
			"_id": "I59618233511819216bT7JLD",
			"_tpl": "5aa2ba46e5b5b000137b758d",
			"parentId": "5c6687d65e9d882c8841f0fd",
			"slotId": "Headwear"
		},
		{
			"_id": "I59618234817539615MEYrR9",
			"_tpl": "59e7715586f7742ee5789605",
			"parentId": "5c6687d65e9d882c8841f0fd",
			"slotId": "FaceCover"
		},
		{
			"_id": "I59618235391468612d3JWCb",
			"_tpl": "5ab8ee7786f7742d8f33f0b9",
			"parentId": "5c6687d65e9d882c8841f0fd",
			"slotId": "Backpack"
		},
		{
			"_id": "I59618231024369887apjQZn",
			"_tpl": "5b44d22286f774172b0c9de8",
			"parentId": "5c6687d65e9d882c8841f0fd",
			"slotId": "ArmorVest",
			"upd": {
				"Repairable": {
					"MaxDurability": 70,
					"Durability": 28
				}
			}
		},
		{
			"_id": "I59618235154330800jPy0mx",
			"_tpl": "590c311186f77424d1667482",
			"parentId": "5c6687d65e9d882c8841f121",
			"slotId": "pocket1",
			"location": {
				"x": 0,
				"y": 0,
				"r": "Horizontal"
			},
			"upd": {
				"SpawnedInSession": true
			}
		},
		{
			"_id": "I59618236512689269EbKAai",
			"_tpl": "5734779624597737e04bf329",
			"parentId": "5c6687d65e9d882c8841f121",
			"slotId": "pocket2",
			"location": {
				"x": 0,
				"y": 0,
				"r": "Horizontal"
			},
			"upd": {
				"SpawnedInSession": true
			}
		}
	],
	"equipment": "5c6687d65e9d882c8841f0fd",
	"stash": "5c6687d65e9d882c8841f0fc",
	"questRaidItems": "5c6687d65e9d882c8841f0fe",
	"questStashItems": "5c6687d65e9d882c8841f0ff",
	"fastPanel": {}
}