{
	"items": [
		{
			"_id": "5c6687d65e9d882c8841f0fd",
			"_tpl": "55d7217a4bdc2d86028b456d"
		},
		{
			"_id": "5c6687d65e9d882c8841f121",
			"_tpl": "557ffd194bdc2d28148b457f",
			"parentId": "5c6687d65e9d882c8841f0fd",
			"slotId": "Pockets"
		},
		{
			"_id": "5c6687d65e9d882c8841f0fc",
			"_tpl": "566abbc34bdc2d92178b4576"
		},
		{
			"_id": "5c6687d65e9d882c8841f0ff",
			"_tpl": "5963866b86f7747bfa1c4462"
		},
		{
			"_id": "5c6687d65e9d882c8841f0fe",
			"_tpl": "5963866286f7747bf429b572"
		},
		{
			"_id": "I59618248358424328DQWGzG",
			"_tpl": "5648a69d4bdc2ded0b8b457b",
			"parentId": "5c6687d65e9d882c8841f0fd",
			"slotId": "TacticalVest"
		},
		{
			"_id": "I210051403484529800nw29F",
			"_tpl": "5b0bbe4e5acfc40dc528a72d",
			"parentId": "5c6687d65e9d882c8841f0fd",
			"slotId": "FirstPrimaryWeapon",
			"upd": {
				"Repairable": {
					"MaxDurability": 100,
					"Durability": 31
				}
			}
		},
		{
			"_id": "I210051405996909685vFIbo",
			"_tpl": "5b099b965acfc400186331e6",
			"parentId": "I210051403484529800nw29F",
			"slotId": "mod_pistol_grip"
		},
		{
			"_id": "I59618244194155064YKzbqz",
			"_tpl": "5b7bef5d5acfc43bca7067a3",
			"parentId": "I210051403484529800nw29F",
			"slotId": "mod_magazine"
		},
		{
			"_id": "I59618244390664115DZFcb5",
			"_tpl": "5e023e88277cce2b522ff2b1",
			"parentId": "I59618244194155064YKzbqz",
			"slotId": "cartridges",
			"upd": {
				"StackObjectsCount": 30
			}
		},
		{
			"_id": "I210051405216472113YjNeL",
			"_tpl": "5b099a9d5acfc47a8607efe7",
			"parentId": "I210051403484529800nw29F",
			"slotId": "mod_handguard"
		},
		{
			"_id": "I2100514049037118355OYUz",
			"_tpl": "5b099a765acfc47a8607efe3",
			"parentId": "I210051403484529800nw29F",
			"slotId": "mod_barrel"
		},
		{
			"_id": "I2100514075276815925qiFw",
			"_tpl": "5b0bc22d5acfc47a8607f085",
			"parentId": "I210051403484529800nw29F",
			"slotId": "mod_sight_rear",
			"upd": {
				"Sight": {
					"SelectedSightMode": 0
				}
			}
		},
		{
			"_id": "I21005140392907797484gna",
			"_tpl": "5b099b7d5acfc400186331e4",
			"parentId": "I2100514049037118355OYUz",
			"slotId": "mod_muzzle"
		},
		{
			"_id": "I59618243128068061wn9rQC",
			"_tpl": "5857a8bc2459772bad15db29",
			"parentId": "5c6687d65e9d882c8841f0fd",
			"slotId": "SecuredContainer"
		},
		{
			"_id": "I596182491080678902Wf1JK",
			"_tpl": "5e023e6e34d52a55c3304f71",
			"parentId": "I59618243128068061wn9rQC",
			"slotId": "main",
			"upd": {
				"StackObjectsCount": 60
			}
		},
		{
			"_id": "I59618242826745459wIFdHl",
			"_tpl": "5a608bf24f39f98ffc77720e",
			"parentId": "I59618243128068061wn9rQC",
			"slotId": "main",
			"upd": {
				"StackObjectsCount": 60
			}
		},
		{
			"_id": "I59618249733331408JSzZ9G",
			"_tpl": "5e023e6e34d52a55c3304f71",
			"parentId": "I59618243128068061wn9rQC",
			"slotId": "main",
			"upd": {
				"StackObjectsCount": 60
			}
		},
		{
			"_id": "I59618242881394588GBjchc",
			"_tpl": "5e023e88277cce2b522ff2b1",
			"parentId": "I59618243128068061wn9rQC",
			"slotId": "main",
			"upd": {
				"StackObjectsCount": 60
			}
		},
		{
			"_id": "I59618243938326411xBe3x1",
			"_tpl": "5e023e53d4353e3302577c4c",
			"parentId": "I59618243128068061wn9rQC",
			"slotId": "main",
			"upd": {
				"StackObjectsCount": 60
			}
		},
		{
			"_id": "I59618243047024473RMYauq",
			"_tpl": "5e023e88277cce2b522ff2b1",
			"parentId": "I59618243128068061wn9rQC",
			"slotId": "main",
			"upd": {
				"StackObjectsCount": 60
			}
		},
		{
			"_id": "I59618247476077834DYIm7N",
			"_tpl": "5a6086ea4f39f99cd479502f",
			"parentId": "I59618243128068061wn9rQC",
			"slotId": "main",
			"upd": {
				"StackObjectsCount": 60
			}
		},
		{
			"_id": "I59618242137607898uvUb6H",
			"_tpl": "58dd3ad986f77403051cba8f",
			"parentId": "I59618243128068061wn9rQC",
			"slotId": "main",
			"upd": {
				"StackObjectsCount": 60
			}
		},
		{
			"_id": "I59618249611559763vIdLvR",
			"_tpl": "5a608bf24f39f98ffc77720e",
			"parentId": "I59618243128068061wn9rQC",
			"slotId": "main",
			"upd": {
				"StackObjectsCount": 60
			}
		},
		{
			"_id": "I59618249290943839qCYRcf",
			"_tpl": "5b7c2d1d5acfc43d1028532a",
			"parentId": "I59618248358424328DQWGzG",
			"slotId": "1",
			"location": {
				"x": 0,
				"y": 0,
				"r": "Horizontal"
			}
		},
		{
			"_id": "I59618243994493940xbRCjU",
			"_tpl": "5e023e88277cce2b522ff2b1",
			"parentId": "I59618249290943839qCYRcf",
			"slotId": "cartridges",
			"upd": {
				"StackObjectsCount": 20
			}
		},
		{
			"_id": "I59618242885442544U6sKPW",
			"_tpl": "5b7c2d1d5acfc43d1028532a",
			"parentId": "I59618248358424328DQWGzG",
			"slotId": "3",
			"location": {
				"x": 0,
				"y": 0,
				"r": "Horizontal"
			}
		},
		{
			"_id": "I596182479373274662deu5m",
			"_tpl": "5e023e88277cce2b522ff2b1",
			"parentId": "I59618242885442544U6sKPW",
			"slotId": "cartridges",
			"upd": {
				"StackObjectsCount": 20
			}
		},
		{
			"_id": "I59618248746349910dYbIcT",
			"_tpl": "5b7c2d1d5acfc43d1028532a",
			"parentId": "I59618248358424328DQWGzG",
			"slotId": "10",
			"location": {
				"x": 0,
				"y": 0,
				"r": "Horizontal"
			}
		},
		{
			"_id": "I59618245766594136TIwlxQ",
			"_tpl": "5a6086ea4f39f99cd479502f",
			"parentId": "I59618248746349910dYbIcT",
			"slotId": "cartridges",
			"upd": {
				"StackObjectsCount": 20
			}
		},
		{
			"_id": "I59618249519540654Nq7UsG",
			"_tpl": "5b7c2d1d5acfc43d1028532a",
			"parentId": "I59618248358424328DQWGzG",
			"slotId": "5",
			"location": {
				"x": 0,
				"y": 0,
				"r": "Horizontal"
			}
		},
		{
			"_id": "I59618249839597849BJMu5I",
			"_tpl": "58dd3ad986f77403051cba8f",
			"parentId": "I59618249519540654Nq7UsG",
			"slotId": "cartridges",
			"upd": {
				"StackObjectsCount": 20
			}
		},
		{
			"_id": "I59618245765379119cZNLX3",
			"_tpl": "5b7c2d1d5acfc43d1028532a",
			"parentId": "I59618248358424328DQWGzG",
			"slotId": "5",
			"location": {
				"x": 1,
				"y": 0,
				"r": "Horizontal"
			}
		},
		{
			"_id": "I59618244817453882ODe1FU",
			"_tpl": "58dd3ad986f77403051cba8f",
			"parentId": "I59618245765379119cZNLX3",
			"slotId": "cartridges",
			"upd": {
				"StackObjectsCount": 20
			}
		},
		{
			"_id": "I596182451136113090dikqV",
			"_tpl": "58dd3ad986f77403051cba8f",
			"parentId": "I59618248358424328DQWGzG",
			"slotId": "6",
			"upd": {
				"StackObjectsCount": 7
			}
		},
		{
			"_id": "I59618249348049176uDfthC",
			"_tpl": "5bffdc370db834001d23eca8",
			"parentId": "5c6687d65e9d882c8841f0fd",
			"slotId": "Scabbard"
		},
		{
			"_id": "I59618244862997413UZ8Bhy",
			"_tpl": "59e7715586f7742ee5789605",
			"parentId": "5c6687d65e9d882c8841f0fd",
			"slotId": "FaceCover"
		},
		{
			"_id": "I59618246825459915VHhw0e",
			"_tpl": "56e33634d2720bd8058b456b",
			"parentId": "5c6687d65e9d882c8841f0fd",
			"slotId": "Backpack"
		},
		{
			"_id": "I59618249821172835x4IAqd",
			"_tpl": "5448ff904bdc2d6f028b456e",
			"parentId": "I59618246825459915VHhw0e",
			"slotId": "main",
			"location": {
				"x": 0,
				"y": 0,
				"r": "Horizontal"
			}
		},
		{
			"_id": "I59618244815330696yg2cMi",
			"_tpl": "5ab8e4ed86f7742d8e50c7fa",
			"parentId": "5c6687d65e9d882c8841f0fd",
			"slotId": "ArmorVest",
			"upd": {
				"Repairable": {
					"MaxDurability": 50,
					"Durability": 33
				}
			}
		},
		{
			"_id": "I59618246724584723qEGK8q",
			"_tpl": "57347baf24597738002c6178",
			"parentId": "5c6687d65e9d882c8841f121",
			"slotId": "pocket1",
			"location": {
				"x": 0,
				"y": 0,
				"r": "Horizontal"
			},
			"upd": {
				"SpawnedInSession": true
			}
		},
		{
			"_id": "I5961824110072339562C6H1",
			"_tpl": "59e361e886f774176c10a2a5",
			"parentId": "5c6687d65e9d882c8841f121",
			"slotId": "pocket2",
			"location": {
				"x": 0,
				"y": 0,
				"r": "Horizontal"
			},
			"upd": {
				"SpawnedInSession": true
			}
		},
		{
			"_id": "I59618244409634342S3NcFL",
			"_tpl": "5909e99886f7740c983b9984",
			"parentId": "5c6687d65e9d882c8841f121",
			"slotId": "pocket3",
			"location": {
				"x": 0,
				"y": 0,
				"r": "Horizontal"
			},
			"upd": {
				"SpawnedInSession": true
			}
		}
	],
	"equipment": "5c6687d65e9d882c8841f0fd",
	"stash": "5c6687d65e9d882c8841f0fc",
	"questRaidItems": "5c6687d65e9d882c8841f0fe",
	"questStashItems": "5c6687d65e9d882c8841f0ff",
	"fastPanel": {}
}