{
	"items": [
		{
			"_id": "5c6687d65e9d882c8841f0fd",
			"_tpl": "55d7217a4bdc2d86028b456d"
		},
		{
			"_id": "5c6687d65e9d882c8841f121",
			"_tpl": "557ffd194bdc2d28148b457f",
			"parentId": "5c6687d65e9d882c8841f0fd",
			"slotId": "Pockets"
		},
		{
			"_id": "5c6687d65e9d882c8841f0fc",
			"_tpl": "566abbc34bdc2d92178b4576"
		},
		{
			"_id": "5c6687d65e9d882c8841f0ff",
			"_tpl": "5963866b86f7747bfa1c4462"
		},
		{
			"_id": "5c6687d65e9d882c8841f0fe",
			"_tpl": "5963866286f7747bf429b572"
		},
		{
			"_id": "I59618246114783981VZGCFh",
			"_tpl": "5b44c8ea86f7742d1627baf1",
			"parentId": "5c6687d65e9d882c8841f0fd",
			"slotId": "TacticalVest"
		},
		{
			"_id": "I2132010136923416691oSrU",
			"_tpl": "5644bd2b4bdc2d3b4c8b4572",
			"parentId": "5c6687d65e9d882c8841f0fd",
			"slotId": "FirstPrimaryWeapon",
			"upd": {
				"Repairable": {
					"MaxDurability": 100,
					"Durability": 16
				}
			}
		},
		{
			"_id": "I2132010135566419415G3zH",
			"_tpl": "59c6633186f7740cf0493bb9",
			"parentId": "I2132010136923416691oSrU",
			"slotId": "mod_gas_block"
		},
		{
			"_id": "I2132010135701960084k2AX",
			"_tpl": "5649aa744bdc2ded0b8b457e",
			"parentId": "I2132010136923416691oSrU",
			"slotId": "mod_muzzle"
		},
		{
			"_id": "I2132010138878537844jWje",
			"_tpl": "5649ad3f4bdc2df8348b4585",
			"parentId": "I2132010136923416691oSrU",
			"slotId": "mod_pistol_grip"
		},
		{
			"_id": "I2132010135298279198WDKk",
			"_tpl": "5649af094bdc2df8348b4586",
			"parentId": "I2132010136923416691oSrU",
			"slotId": "mod_reciever"
		},
		{
			"_id": "I2132010133246176791RmJM",
			"_tpl": "5649b0544bdc2d1b2b8b458a",
			"parentId": "I2132010136923416691oSrU",
			"slotId": "mod_sight_rear",
			"upd": {
				"Sight": {
					"SelectedSightMode": 0
				}
			}
		},
		{
			"_id": "I2132010136825121434V4CS",
			"_tpl": "5649b1c04bdc2d16268b457c",
			"parentId": "I2132010136923416691oSrU",
			"slotId": "mod_stock"
		},
		{
			"_id": "I59618243235368696jgWobu",
			"_tpl": "5aaa4194e5b5b055d06310a5",
			"parentId": "I2132010136923416691oSrU",
			"slotId": "mod_magazine"
		},
		{
			"_id": "I59618244564911835rNOjAZ",
			"_tpl": "56dfef82d2720bbd668b4567",
			"parentId": "I59618243235368696jgWobu",
			"slotId": "cartridges",
			"upd": {
				"StackObjectsCount": 30
			}
		},
		{
			"_id": "I2132010138688584347Fzlj",
			"_tpl": "5648b4534bdc2d3d1c8b4580",
			"parentId": "I2132010135566419415G3zH",
			"slotId": "mod_handguard"
		},
		{
			"_id": "I2132010135896942817wFUy",
			"_tpl": "56dfef82d2720bbd668b4567",
			"parentId": "I2132010131886204393YSco",
			"slotId": "cartridges",
			"location": 0,
			"upd": {
				"StackObjectsCount": 30
			}
		},
		{
			"_id": "I2132010131750323892NX4u",
			"_tpl": "56def37dd2720bec348b456a",
			"parentId": "I2132010138688584347Fzlj",
			"slotId": "mod_tactical_001",
			"upd": {
				"Light": {
					"IsActive": true,
					"SelectedMode": 0
				}
			}
		},
		{
			"_id": "I59618242405647508Kyv3p4",
			"_tpl": "5857a8bc2459772bad15db29",
			"parentId": "5c6687d65e9d882c8841f0fd",
			"slotId": "SecuredContainer"
		},
		{
			"_id": "I59618241368646862Z2sip7",
			"_tpl": "56dfef82d2720bbd668b4567",
			"parentId": "I59618242405647508Kyv3p4",
			"slotId": "main",
			"upd": {
				"StackObjectsCount": 60
			}
		},
		{
			"_id": "I59618244603127538nG1wZb",
			"_tpl": "56dff4a2d2720bbd668b456a",
			"parentId": "I59618242405647508Kyv3p4",
			"slotId": "main",
			"upd": {
				"StackObjectsCount": 60
			}
		},
		{
			"_id": "I59618247684390928tR3ohg",
			"_tpl": "56dfef82d2720bbd668b4567",
			"parentId": "I59618242405647508Kyv3p4",
			"slotId": "main",
			"upd": {
				"StackObjectsCount": 60
			}
		},
		{
			"_id": "I59618247828380889ts97nV",
			"_tpl": "5c0d5e4486f77478390952fe",
			"parentId": "I59618242405647508Kyv3p4",
			"slotId": "main",
			"upd": {
				"StackObjectsCount": 60
			}
		},
		{
			"_id": "I59618246873853225aCGt4I",
			"_tpl": "56dff4ecd2720b5f5a8b4568",
			"parentId": "I59618242405647508Kyv3p4",
			"slotId": "main",
			"upd": {
				"StackObjectsCount": 60
			}
		},
		{
			"_id": "I59618245240580495iDYkR2",
			"_tpl": "56dfef82d2720bbd668b4567",
			"parentId": "I59618242405647508Kyv3p4",
			"slotId": "main",
			"upd": {
				"StackObjectsCount": 60
			}
		},
		{
			"_id": "I59618245660546647W1kU8K",
			"_tpl": "56dff026d2720bb8668b4567",
			"parentId": "I59618242405647508Kyv3p4",
			"slotId": "main",
			"upd": {
				"StackObjectsCount": 60
			}
		},
		{
			"_id": "I596182438525865123gUsMn",
			"_tpl": "56dff026d2720bb8668b4567",
			"parentId": "I59618242405647508Kyv3p4",
			"slotId": "main",
			"upd": {
				"StackObjectsCount": 60
			}
		},
		{
			"_id": "I59618248652990291Aorwa4",
			"_tpl": "56dff2ced2720bb4668b4567",
			"parentId": "I59618242405647508Kyv3p4",
			"slotId": "main",
			"upd": {
				"StackObjectsCount": 60
			}
		},
		{
			"_id": "I59618245858473792Z7eGOT",
			"_tpl": "564ca99c4bdc2d16268b4589",
			"parentId": "I59618246114783981VZGCFh",
			"slotId": "1",
			"location": {
				"x": 0,
				"y": 0,
				"r": "Horizontal"
			}
		},
		{
			"_id": "I59618245959660779EX0wOo",
			"_tpl": "56dff338d2720bbd668b4569",
			"parentId": "I59618245858473792Z7eGOT",
			"slotId": "cartridges",
			"upd": {
				"StackObjectsCount": 30
			}
		},
		{
			"_id": "I59618246995404516L9m1FH",
			"_tpl": "564ca99c4bdc2d16268b4589",
			"parentId": "I59618246114783981VZGCFh",
			"slotId": "3",
			"location": {
				"x": 0,
				"y": 0,
				"r": "Horizontal"
			}
		},
		{
			"_id": "I59618249889558386lAwPQB",
			"_tpl": "56dff421d2720b5f5a8b4567",
			"parentId": "I59618246995404516L9m1FH",
			"slotId": "cartridges",
			"upd": {
				"StackObjectsCount": 30
			}
		},
		{
			"_id": "I59618247468815841wEN3IK",
			"_tpl": "5448be9a4bdc2dfd2f8b456a",
			"parentId": "I59618246114783981VZGCFh",
			"slotId": "5"
		},
		{
			"_id": "I59618242359284796ECnZCo",
			"_tpl": "544fb37f4bdc2dee738b4567",
			"parentId": "I59618246114783981VZGCFh",
			"slotId": "6"
		},
		{
			"_id": "I59618247041777778o8XNfV",
			"_tpl": "544fb25a4bdc2dfb738b4567",
			"parentId": "I59618246114783981VZGCFh",
			"slotId": "8"
		},
		{
			"_id": "I59618247567317830smtc0m",
			"_tpl": "5bffdc370db834001d23eca8",
			"parentId": "5c6687d65e9d882c8841f0fd",
			"slotId": "Scabbard"
		},
		{
			"_id": "I59618246471911839pnxJqg",
			"_tpl": "5c0d2727d174af02a012cf58",
			"parentId": "5c6687d65e9d882c8841f0fd",
			"slotId": "Headwear"
		},
		{
			"_id": "I59618242016267886y6ZepB",
			"_tpl": "56e33634d2720bd8058b456b",
			"parentId": "5c6687d65e9d882c8841f0fd",
			"slotId": "Backpack"
		},
		{
			"_id": "I59618241023361177xNwfaM",
			"_tpl": "57505f6224597709a92585a9",
			"parentId": "I59618242016267886y6ZepB",
			"slotId": "main",
			"location": {
				"x": 0,
				"y": 0,
				"r": "Horizontal"
			}
		},
		{
			"_id": "I59618245281311633mPj30d",
			"_tpl": "57513fcc24597720a31c09a6",
			"parentId": "I59618242016267886y6ZepB",
			"slotId": "main",
			"location": {
				"x": 0,
				"y": 1,
				"r": "Horizontal"
			}
		},
		{
			"_id": "I596182470492172015HDPkk",
			"_tpl": "5d40412b86f7743cb332ac3a",
			"parentId": "I59618242016267886y6ZepB",
			"slotId": "main",
			"location": {
				"x": 1,
				"y": 0,
				"r": "Horizontal"
			}
		},
		{
			"_id": "I59618241564932203kzu2nj",
			"_tpl": "590c661e86f7741e566b646a",
			"parentId": "I59618242016267886y6ZepB",
			"slotId": "main",
			"location": {
				"x": 1,
				"y": 2,
				"r": "Horizontal"
			}
		},
		{
			"_id": "I59618246272648322AmPinJ",
			"_tpl": "590c661e86f7741e566b646a",
			"parentId": "I59618242016267886y6ZepB",
			"slotId": "main",
			"location": {
				"x": 2,
				"y": 0,
				"r": "Horizontal"
			}
		},
		{
			"_id": "I59618247065410835mMhuz3",
			"_tpl": "5d1b392c86f77425243e98fe",
			"parentId": "I59618242016267886y6ZepB",
			"slotId": "main",
			"location": {
				"x": 2,
				"y": 1,
				"r": "Horizontal"
			}
		},
		{
			"_id": "I59618242703047793778SLz",
			"_tpl": "5ab8e79e86f7742d8b372e78",
			"parentId": "5c6687d65e9d882c8841f0fd",
			"slotId": "ArmorVest",
			"upd": {
				"Repairable": {
					"MaxDurability": 65,
					"Durability": 52
				}
			}
		},
		{
			"_id": "I59618246327954970SX1ZyK",
			"_tpl": "573477e124597737dd42e191",
			"parentId": "5c6687d65e9d882c8841f121",
			"slotId": "pocket1",
			"location": {
				"x": 0,
				"y": 0,
				"r": "Horizontal"
			},
			"upd": {
				"SpawnedInSession": true
			}
		}
	],
	"equipment": "5c6687d65e9d882c8841f0fd",
	"stash": "5c6687d65e9d882c8841f0fc",
	"questRaidItems": "5c6687d65e9d882c8841f0fe",
	"questStashItems": "5c6687d65e9d882c8841f0ff",
	"fastPanel": {}
}