{
	"items": [
		{
			"_id": "5c6687d65e9d882c8841f0fd",
			"_tpl": "55d7217a4bdc2d86028b456d"
		},
		{
			"_id": "5c6687d65e9d882c8841f121",
			"_tpl": "557ffd194bdc2d28148b457f",
			"parentId": "5c6687d65e9d882c8841f0fd",
			"slotId": "Pockets"
		},
		{
			"_id": "5c6687d65e9d882c8841f0fc",
			"_tpl": "566abbc34bdc2d92178b4576"
		},
		{
			"_id": "5c6687d65e9d882c8841f0ff",
			"_tpl": "5963866b86f7747bfa1c4462"
		},
		{
			"_id": "5c6687d65e9d882c8841f0fe",
			"_tpl": "5963866286f7747bf429b572"
		},
		{
			"_id": "I59618241213394825OpQd2j",
			"_tpl": "5929a2a086f7744f4b234d43",
			"parentId": "5c6687d65e9d882c8841f0fd",
			"slotId": "TacticalVest"
		},
		{
			"_id": "I21006442420799264fjzaqP",
			"_tpl": "57c44b372459772d2b39b8ce",
			"parentId": "5c6687d65e9d882c8841f0fd",
			"slotId": "FirstPrimaryWeapon",
			"upd": {
				"Repairable": {
					"MaxDurability": 100,
					"Durability": 25
				}
			}
		},
		{
			"_id": "I21006443676203686AWZCMM",
			"_tpl": "57c44dd02459772d2e0ae249",
			"parentId": "I21006442420799264fjzaqP",
			"slotId": "mod_muzzle"
		},
		{
			"_id": "I21006449791668513ioeKAe",
			"_tpl": "57c44f4f2459772d2c627113",
			"parentId": "I21006442420799264fjzaqP",
			"slotId": "mod_reciever"
		},
		{
			"_id": "I59618244487115662lsay0G",
			"_tpl": "57838f0b2459774a256959b2",
			"parentId": "I21006442420799264fjzaqP",
			"slotId": "mod_magazine"
		},
		{
			"_id": "I59618247548571975g7Je7f",
			"_tpl": "5c0d688c86f77413ae3407b2",
			"parentId": "I59618244487115662lsay0G",
			"slotId": "cartridges",
			"upd": {
				"StackObjectsCount": 10
			}
		},
		{
			"_id": "I210064493204083724NeJFH",
			"_tpl": "57c44fa82459772d2d75e415",
			"parentId": "I21006442420799264fjzaqP",
			"slotId": "mod_pistol_grip"
		},
		{
			"_id": "I21006449938217971Rju6mT",
			"_tpl": "57c450252459772d28133253",
			"parentId": "I21006442420799264fjzaqP",
			"slotId": "mod_stock"
		},
		{
			"_id": "I21006447533005487elvQPs",
			"_tpl": "57c44e7b2459772d28133248",
			"parentId": "I21006443676203686AWZCMM",
			"slotId": "mod_sight_rear",
			"upd": {
				"Sight": {
					"SelectedSightMode": 0
				}
			}
		},
		{
			"_id": "I59618246905047384WcRisa",
			"_tpl": "5857a8bc2459772bad15db29",
			"parentId": "5c6687d65e9d882c8841f0fd",
			"slotId": "SecuredContainer"
		},
		{
			"_id": "I596182478886556921TIuJD",
			"_tpl": "5c0d668f86f7747ccb7f13b2",
			"parentId": "I59618246905047384WcRisa",
			"slotId": "main",
			"upd": {
				"StackObjectsCount": 60
			}
		},
		{
			"_id": "I596182439210649610JUsFu",
			"_tpl": "57a0e5022459774d1673f889",
			"parentId": "I59618246905047384WcRisa",
			"slotId": "main",
			"upd": {
				"StackObjectsCount": 60
			}
		},
		{
			"_id": "I59618246816581078rQkIVb",
			"_tpl": "5c0d668f86f7747ccb7f13b2",
			"parentId": "I59618246905047384WcRisa",
			"slotId": "main",
			"upd": {
				"StackObjectsCount": 60
			}
		},
		{
			"_id": "I59618246409760757v2ItX4",
			"_tpl": "57a0e5022459774d1673f889",
			"parentId": "I59618246905047384WcRisa",
			"slotId": "main",
			"upd": {
				"StackObjectsCount": 60
			}
		},
		{
			"_id": "I59618242740248531HGm1is",
			"_tpl": "5c0d668f86f7747ccb7f13b2",
			"parentId": "I59618246905047384WcRisa",
			"slotId": "main",
			"upd": {
				"StackObjectsCount": 60
			}
		},
		{
			"_id": "I59618243770232525x6VZnl",
			"_tpl": "5c0d688c86f77413ae3407b2",
			"parentId": "I59618246905047384WcRisa",
			"slotId": "main",
			"upd": {
				"StackObjectsCount": 60
			}
		},
		{
			"_id": "I59618243282992444F1WHO9",
			"_tpl": "5c0d668f86f7747ccb7f13b2",
			"parentId": "I59618246905047384WcRisa",
			"slotId": "main",
			"upd": {
				"StackObjectsCount": 60
			}
		},
		{
			"_id": "I596182490858748166Aexnl",
			"_tpl": "57a0e5022459774d1673f889",
			"parentId": "I59618246905047384WcRisa",
			"slotId": "main",
			"upd": {
				"StackObjectsCount": 60
			}
		},
		{
			"_id": "I59618246923533011vRbkKT",
			"_tpl": "5c0d668f86f7747ccb7f13b2",
			"parentId": "I59618246905047384WcRisa",
			"slotId": "main",
			"upd": {
				"StackObjectsCount": 60
			}
		},
		{
			"_id": "I59618245246188384y19jzm",
			"_tpl": "57838f0b2459774a256959b2",
			"parentId": "I59618241213394825OpQd2j",
			"slotId": "3",
			"location": {
				"x": 0,
				"y": 0,
				"r": "Horizontal"
			}
		},
		{
			"_id": "I59618245705067544nxBcyw",
			"_tpl": "5c0d668f86f7747ccb7f13b2",
			"parentId": "I59618245246188384y19jzm",
			"slotId": "cartridges",
			"upd": {
				"StackObjectsCount": 10
			}
		},
		{
			"_id": "I59618246817678987xDVZ2J",
			"_tpl": "57838f0b2459774a256959b2",
			"parentId": "I59618241213394825OpQd2j",
			"slotId": "3",
			"location": {
				"x": 0,
				"y": 1,
				"r": "Horizontal"
			}
		},
		{
			"_id": "I59618242001607499Xr6qnX",
			"_tpl": "57a0e5022459774d1673f889",
			"parentId": "I59618246817678987xDVZ2J",
			"slotId": "cartridges",
			"upd": {
				"StackObjectsCount": 10
			}
		},
		{
			"_id": "I59618241196934379j5lcUv",
			"_tpl": "57838f0b2459774a256959b2",
			"parentId": "I59618241213394825OpQd2j",
			"slotId": "5",
			"location": {
				"x": 0,
				"y": 0,
				"r": "Horizontal"
			}
		},
		{
			"_id": "I59618242289310732luKFOr",
			"_tpl": "57a0e5022459774d1673f889",
			"parentId": "I59618241196934379j5lcUv",
			"slotId": "cartridges",
			"upd": {
				"StackObjectsCount": 10
			}
		},
		{
			"_id": "I59618241685229136LXeQ0S",
			"_tpl": "57838f0b2459774a256959b2",
			"parentId": "I59618241213394825OpQd2j",
			"slotId": "5",
			"location": {
				"x": 0,
				"y": 1,
				"r": "Horizontal"
			}
		},
		{
			"_id": "I59618249209029961C64N7i",
			"_tpl": "57a0e5022459774d1673f889",
			"parentId": "I59618241685229136LXeQ0S",
			"slotId": "cartridges",
			"upd": {
				"StackObjectsCount": 10
			}
		},
		{
			"_id": "I59618249097381786f4SZGP",
			"_tpl": "5c0d688c86f77413ae3407b2",
			"parentId": "I59618241213394825OpQd2j",
			"slotId": "1",
			"upd": {
				"StackObjectsCount": 38
			}
		},
		{
			"_id": "I59618244371217735Yqc3O9",
			"_tpl": "58d3db5386f77426186285a0",
			"parentId": "I59618241213394825OpQd2j",
			"slotId": "7"
		},
		{
			"_id": "I59618241030452867rpMZm0",
			"_tpl": "5bffdc370db834001d23eca8",
			"parentId": "5c6687d65e9d882c8841f0fd",
			"slotId": "Scabbard"
		},
		{
			"_id": "I59618244845394176dpbBSV",
			"_tpl": "5df8a58286f77412631087ed",
			"parentId": "5c6687d65e9d882c8841f0fd",
			"slotId": "Headwear"
		},
		{
			"_id": "I59618247306616243trqCWf",
			"_tpl": "5bd0716d86f774171822ef4b",
			"parentId": "5c6687d65e9d882c8841f0fd",
			"slotId": "FaceCover"
		},
		{
			"_id": "I59618241163724851Lk0VBt",
			"_tpl": "56e33634d2720bd8058b456b",
			"parentId": "5c6687d65e9d882c8841f0fd",
			"slotId": "Backpack"
		},
		{
			"_id": "I59618246709001887HEM9mQ",
			"_tpl": "5751435d24597720a27126d1",
			"parentId": "I59618241163724851Lk0VBt",
			"slotId": "main",
			"location": {
				"x": 0,
				"y": 0,
				"r": "Horizontal"
			}
		},
		{
			"_id": "I59618247535956507Iipnal",
			"_tpl": "5d1b3f2d86f774253763b735",
			"parentId": "I59618241163724851Lk0VBt",
			"slotId": "main",
			"location": {
				"x": 0,
				"y": 1,
				"r": "Horizontal"
			}
		},
		{
			"_id": "I59618247925623358Bt2OfS",
			"_tpl": "56742c2e4bdc2d95058b456d",
			"parentId": "I59618241163724851Lk0VBt",
			"slotId": "main",
			"location": {
				"x": 0,
				"y": 2,
				"r": "Horizontal"
			}
		},
		{
			"_id": "I596182436590787449A3tOR",
			"_tpl": "57347c5b245977448d35f6e1",
			"parentId": "I59618241163724851Lk0VBt",
			"slotId": "main",
			"location": {
				"x": 1,
				"y": 0,
				"r": "Horizontal"
			}
		},
		{
			"_id": "I59618241043780237bfyzor",
			"_tpl": "56742c2e4bdc2d95058b456d",
			"parentId": "I59618241163724851Lk0VBt",
			"slotId": "main",
			"location": {
				"x": 1,
				"y": 1,
				"r": "Horizontal"
			}
		},
		{
			"_id": "I59618248518343384EQrwfk",
			"_tpl": "5df8a2ca86f7740bfe6df777",
			"parentId": "5c6687d65e9d882c8841f0fd",
			"slotId": "ArmorVest",
			"upd": {
				"Repairable": {
					"MaxDurability": 80,
					"Durability": 58
				}
			}
		},
		{
			"_id": "I59618243945214840EDYSlu",
			"_tpl": "57347baf24597738002c6178",
			"parentId": "5c6687d65e9d882c8841f121",
			"slotId": "pocket1",
			"location": {
				"x": 0,
				"y": 0,
				"r": "Horizontal"
			},
			"upd": {
				"SpawnedInSession": true
			}
		}
	],
	"equipment": "5c6687d65e9d882c8841f0fd",
	"stash": "5c6687d65e9d882c8841f0fc",
	"questRaidItems": "5c6687d65e9d882c8841f0fe",
	"questStashItems": "5c6687d65e9d882c8841f0ff",
	"fastPanel": {}
}