{
	"items": [
		{
			"_id": "5c6687d65e9d882c8841f0fd",
			"_tpl": "55d7217a4bdc2d86028b456d"
		},
		{
			"_id": "5c6687d65e9d882c8841f121",
			"_tpl": "557ffd194bdc2d28148b457f",
			"parentId": "5c6687d65e9d882c8841f0fd",
			"slotId": "Pockets"
		},
		{
			"_id": "5c6687d65e9d882c8841f0fc",
			"_tpl": "566abbc34bdc2d92178b4576"
		},
		{
			"_id": "5c6687d65e9d882c8841f0ff",
			"_tpl": "5963866b86f7747bfa1c4462"
		},
		{
			"_id": "5c6687d65e9d882c8841f0fe",
			"_tpl": "5963866286f7747bf429b572"
		},
		{
			"_id": "I59618239987871046EIZLmO",
			"_tpl": "5648a69d4bdc2ded0b8b457b",
			"parentId": "5c6687d65e9d882c8841f0fd",
			"slotId": "TacticalVest"
		},
		{
			"_id": "I331026107361434876XJXtQ",
			"_tpl": "59ff346386f77477562ff5e2",
			"parentId": "5c6687d65e9d882c8841f0fd",
			"slotId": "FirstPrimaryWeapon",
			"upd": {
				"Repairable": {
					"MaxDurability": 100,
					"Durability": 13
				}
			}
		},
		{
			"_id": "I33102610799706816946tSZ",
			"_tpl": "59d64ec286f774171d1e0a42",
			"parentId": "I331026107361434876XJXtQ",
			"slotId": "mod_gas_block"
		},
		{
			"_id": "I3310261050567921340W4CH",
			"_tpl": "59d64fc686f774171b243fe2",
			"parentId": "I331026107361434876XJXtQ",
			"slotId": "mod_muzzle"
		},
		{
			"_id": "I331026106732724709SyuoK",
			"_tpl": "5a0071d486f77404e23a12b2",
			"parentId": "I331026107361434876XJXtQ",
			"slotId": "mod_pistol_grip_akms"
		},
		{
			"_id": "I3310261022317483080elGI",
			"_tpl": "59d650cf86f7741b846413a4",
			"parentId": "I331026107361434876XJXtQ",
			"slotId": "mod_sight_rear",
			"upd": {
				"Sight": {
					"SelectedSightMode": 0
				}
			}
		},
		{
			"_id": "I59618239816276927PDO56R",
			"_tpl": "59e5d83b86f7745aed03d262",
			"parentId": "I331026107361434876XJXtQ",
			"slotId": "mod_magazine"
		},
		{
			"_id": "I59618234973768589OfPnRS",
			"_tpl": "59e4cf5286f7741778269d8a",
			"parentId": "I59618239816276927PDO56R",
			"slotId": "cartridges",
			"upd": {
				"StackObjectsCount": 10
			}
		},
		{
			"_id": "I331026109208390070agzT7",
			"_tpl": "59d64f2f86f77417193ef8b3",
			"parentId": "I33102610799706816946tSZ",
			"slotId": "mod_handguard"
		},
		{
			"_id": "I596182337001290544FfvIV",
			"_tpl": "5857a8bc2459772bad15db29",
			"parentId": "5c6687d65e9d882c8841f0fd",
			"slotId": "SecuredContainer"
		},
		{
			"_id": "I59618238155782575twv9Z2",
			"_tpl": "59e4d3d286f774176a36250a",
			"parentId": "I596182337001290544FfvIV",
			"slotId": "main",
			"upd": {
				"StackObjectsCount": 60
			}
		},
		{
			"_id": "I59618237805011889tj69HH",
			"_tpl": "59e4d24686f7741776641ac7",
			"parentId": "I596182337001290544FfvIV",
			"slotId": "main",
			"upd": {
				"StackObjectsCount": 60
			}
		},
		{
			"_id": "I59618236176845918nwYNEo",
			"_tpl": "5656d7c34bdc2d9d198b4587",
			"parentId": "I596182337001290544FfvIV",
			"slotId": "main",
			"upd": {
				"StackObjectsCount": 60
			}
		},
		{
			"_id": "I596182384081727081h9vBG",
			"_tpl": "59e0d99486f7744a32234762",
			"parentId": "I596182337001290544FfvIV",
			"slotId": "main",
			"upd": {
				"StackObjectsCount": 60
			}
		},
		{
			"_id": "I59618236206847462GfCdQo",
			"_tpl": "59e0d99486f7744a32234762",
			"parentId": "I596182337001290544FfvIV",
			"slotId": "main",
			"upd": {
				"StackObjectsCount": 60
			}
		},
		{
			"_id": "I59618233273574563Dm6fON",
			"_tpl": "59e4d24686f7741776641ac7",
			"parentId": "I596182337001290544FfvIV",
			"slotId": "main",
			"upd": {
				"StackObjectsCount": 60
			}
		},
		{
			"_id": "I59618231791146579ODRHxq",
			"_tpl": "59e0d99486f7744a32234762",
			"parentId": "I596182337001290544FfvIV",
			"slotId": "main",
			"upd": {
				"StackObjectsCount": 60
			}
		},
		{
			"_id": "I596182376739197760zpuQv",
			"_tpl": "59e0d99486f7744a32234762",
			"parentId": "I596182337001290544FfvIV",
			"slotId": "main",
			"upd": {
				"StackObjectsCount": 60
			}
		},
		{
			"_id": "I59618232040702083QfouHq",
			"_tpl": "5656d7c34bdc2d9d198b4587",
			"parentId": "I596182337001290544FfvIV",
			"slotId": "main",
			"upd": {
				"StackObjectsCount": 60
			}
		},
		{
			"_id": "I59618231810429332rzTyTG",
			"_tpl": "59e5d83b86f7745aed03d262",
			"parentId": "I59618239987871046EIZLmO",
			"slotId": "2",
			"location": {
				"x": 0,
				"y": 0,
				"r": "Horizontal"
			}
		},
		{
			"_id": "I59618232104937386D0WcvM",
			"_tpl": "59e4d3d286f774176a36250a",
			"parentId": "I59618231810429332rzTyTG",
			"slotId": "cartridges",
			"upd": {
				"StackObjectsCount": 10
			}
		},
		{
			"_id": "I596182384834553362RJKvM",
			"_tpl": "59e5d83b86f7745aed03d262",
			"parentId": "I59618239987871046EIZLmO",
			"slotId": "4",
			"location": {
				"x": 0,
				"y": 0,
				"r": "Horizontal"
			}
		},
		{
			"_id": "I596182315656681171VR2gq",
			"_tpl": "59e4cf5286f7741778269d8a",
			"parentId": "I596182384834553362RJKvM",
			"slotId": "cartridges",
			"upd": {
				"StackObjectsCount": 10
			}
		},
		{
			"_id": "I59618239897511018mcR7BK",
			"_tpl": "59e5d83b86f7745aed03d262",
			"parentId": "I59618239987871046EIZLmO",
			"slotId": "4",
			"location": {
				"x": 0,
				"y": 1,
				"r": "Horizontal"
			}
		},
		{
			"_id": "I59618233449336865G7qR20",
			"_tpl": "5656d7c34bdc2d9d198b4587",
			"parentId": "I59618239897511018mcR7BK",
			"slotId": "cartridges",
			"upd": {
				"StackObjectsCount": 10
			}
		},
		{
			"_id": "I59618236917782315zGBkzh",
			"_tpl": "59e5d83b86f7745aed03d262",
			"parentId": "I59618239987871046EIZLmO",
			"slotId": "11",
			"location": {
				"x": 0,
				"y": 0,
				"r": "Horizontal"
			}
		},
		{
			"_id": "I59618237211876909HpevdB",
			"_tpl": "5656d7c34bdc2d9d198b4587",
			"parentId": "I59618236917782315zGBkzh",
			"slotId": "cartridges",
			"upd": {
				"StackObjectsCount": 10
			}
		},
		{
			"_id": "I59618238135038201MdqPYb",
			"_tpl": "59e5d83b86f7745aed03d262",
			"parentId": "I59618239987871046EIZLmO",
			"slotId": "11",
			"location": {
				"x": 0,
				"y": 1,
				"r": "Horizontal"
			}
		},
		{
			"_id": "I59618238656847151gDssXm",
			"_tpl": "59e4d24686f7741776641ac7",
			"parentId": "I59618238135038201MdqPYb",
			"slotId": "cartridges",
			"upd": {
				"StackObjectsCount": 10
			}
		},
		{
			"_id": "I59618235968741041t2ZgrT",
			"_tpl": "59e4d3d286f774176a36250a",
			"parentId": "I59618239987871046EIZLmO",
			"slotId": "6",
			"upd": {
				"StackObjectsCount": 44
			}
		},
		{
			"_id": "I59618233845895832ICZBqA",
			"_tpl": "57e26ea924597715ca604a09",
			"parentId": "5c6687d65e9d882c8841f0fd",
			"slotId": "Scabbard"
		},
		{
			"_id": "I59618237589434235Hm4ot8",
			"_tpl": "5ab8ee7786f7742d8f33f0b9",
			"parentId": "5c6687d65e9d882c8841f0fd",
			"slotId": "Backpack"
		},
		{
			"_id": "I59618236678495642nbBErY",
			"_tpl": "590c661e86f7741e566b646a",
			"parentId": "I59618237589434235Hm4ot8",
			"slotId": "main",
			"location": {
				"x": 0,
				"y": 0,
				"r": "Horizontal"
			}
		},
		{
			"_id": "I59618234550902648uAvYZk",
			"_tpl": "5d63d33b86f7746ea9275524",
			"parentId": "I59618237589434235Hm4ot8",
			"slotId": "main",
			"location": {
				"x": 0,
				"y": 1,
				"r": "Horizontal"
			}
		},
		{
			"_id": "I59618239022068688ikEbEt",
			"_tpl": "56742c2e4bdc2d95058b456d",
			"parentId": "I59618237589434235Hm4ot8",
			"slotId": "main",
			"location": {
				"x": 1,
				"y": 1,
				"r": "Horizontal"
			}
		},
		{
			"_id": "I59618232365401494O0bx36",
			"_tpl": "57513f9324597720a7128161",
			"parentId": "I59618237589434235Hm4ot8",
			"slotId": "main",
			"location": {
				"x": 2,
				"y": 0,
				"r": "Horizontal"
			}
		},
		{
			"_id": "I59618233989696749QaBJU5",
			"_tpl": "59387a4986f77401cc236e62",
			"parentId": "I59618237589434235Hm4ot8",
			"slotId": "main",
			"location": {
				"x": 3,
				"y": 0,
				"r": "Horizontal"
			}
		},
		{
			"_id": "I59618235478067191TDPfZi",
			"_tpl": "5c13cef886f774072e618e82",
			"parentId": "5c6687d65e9d882c8841f121",
			"slotId": "pocket1",
			"location": {
				"x": 0,
				"y": 0,
				"r": "Horizontal"
			},
			"upd": {
				"SpawnedInSession": true
			}
		},
		{
			"_id": "I596182380034598959KrTiv",
			"_tpl": "5d1c774f86f7746d6620f8db",
			"parentId": "5c6687d65e9d882c8841f121",
			"slotId": "pocket2",
			"location": {
				"x": 0,
				"y": 0,
				"r": "Horizontal"
			},
			"upd": {
				"SpawnedInSession": true
			}
		},
		{
			"_id": "I596182319693977292R6ljV",
			"_tpl": "590a3c0a86f774385a33c450",
			"parentId": "5c6687d65e9d882c8841f121",
			"slotId": "pocket3",
			"location": {
				"x": 0,
				"y": 0,
				"r": "Horizontal"
			},
			"upd": {
				"SpawnedInSession": true
			}
		}
	],
	"equipment": "5c6687d65e9d882c8841f0fd",
	"stash": "5c6687d65e9d882c8841f0fc",
	"questRaidItems": "5c6687d65e9d882c8841f0fe",
	"questStashItems": "5c6687d65e9d882c8841f0ff",
	"fastPanel": {}
}