{
	"items": [
		{
			"_id": "5c6687d65e9d882c8841f0fd",
			"_tpl": "55d7217a4bdc2d86028b456d"
		},
		{
			"_id": "5c6687d65e9d882c8841f121",
			"_tpl": "557ffd194bdc2d28148b457f",
			"parentId": "5c6687d65e9d882c8841f0fd",
			"slotId": "Pockets"
		},
		{
			"_id": "5c6687d65e9d882c8841f0fc",
			"_tpl": "566abbc34bdc2d92178b4576"
		},
		{
			"_id": "5c6687d65e9d882c8841f0ff",
			"_tpl": "5963866b86f7747bfa1c4462"
		},
		{
			"_id": "5c6687d65e9d882c8841f0fe",
			"_tpl": "5963866286f7747bf429b572"
		},
		{
			"_id": "I59618247767595487cD2pmV",
			"_tpl": "544a5caa4bdc2d1a388b4568",
			"parentId": "5c6687d65e9d882c8841f0fd",
			"slotId": "TacticalVest"
		},
		{
			"_id": "I331028164908487420LFKAv",
			"_tpl": "5a0ec13bfcdbcb00165aa685",
			"parentId": "5c6687d65e9d882c8841f0fd",
			"slotId": "FirstPrimaryWeapon",
			"upd": {
				"Repairable": {
					"MaxDurability": 100,
					"Durability": 51
				}
			}
		},
		{
			"_id": "I331028164884862905a5jJA",
			"_tpl": "59d64ec286f774171d1e0a42",
			"parentId": "I331028164908487420LFKAv",
			"slotId": "mod_gas_block"
		},
		{
			"_id": "I331028164998499182YU3BW",
			"_tpl": "59d64fc686f774171b243fe2",
			"parentId": "I331028164908487420LFKAv",
			"slotId": "mod_muzzle"
		},
		{
			"_id": "I331028166560667505C4Ona",
			"_tpl": "59e62cc886f77440d40b52a1",
			"parentId": "I331028164908487420LFKAv",
			"slotId": "mod_pistol_grip"
		},
		{
			"_id": "I331028169921985473EB8rc",
			"_tpl": "59d6507c86f7741b846413a2",
			"parentId": "I331028164908487420LFKAv",
			"slotId": "mod_reciever"
		},
		{
			"_id": "I3310281615848372587Zw3o",
			"_tpl": "59d650cf86f7741b846413a4",
			"parentId": "I331028164908487420LFKAv",
			"slotId": "mod_sight_rear",
			"upd": {
				"Sight": {
					"SelectedSightMode": 0
				}
			}
		},
		{
			"_id": "I59618249203256243gPj3Oq",
			"_tpl": "59fafc5086f7740dbe19f6c3",
			"parentId": "I331028164908487420LFKAv",
			"slotId": "mod_magazine"
		},
		{
			"_id": "I59618241466099905fEBr5d",
			"_tpl": "5656d7c34bdc2d9d198b4587",
			"parentId": "I59618249203256243gPj3Oq",
			"slotId": "cartridges",
			"upd": {
				"StackObjectsCount": 30
			}
		},
		{
			"_id": "I331028168243301953DwXlM",
			"_tpl": "59d64f2f86f77417193ef8b3",
			"parentId": "I331028164884862905a5jJA",
			"slotId": "mod_handguard"
		},
		{
			"_id": "I59618245409558547zfeLzB",
			"_tpl": "5857a8bc2459772bad15db29",
			"parentId": "5c6687d65e9d882c8841f0fd",
			"slotId": "SecuredContainer"
		},
		{
			"_id": "I59618247556929602oOCybr",
			"_tpl": "59e4d24686f7741776641ac7",
			"parentId": "I59618245409558547zfeLzB",
			"slotId": "main",
			"upd": {
				"StackObjectsCount": 60
			}
		},
		{
			"_id": "I59618241757151242CucGju",
			"_tpl": "59e4cf5286f7741778269d8a",
			"parentId": "I59618245409558547zfeLzB",
			"slotId": "main",
			"upd": {
				"StackObjectsCount": 60
			}
		},
		{
			"_id": "I59618247290052222F4nzkT",
			"_tpl": "59e4d24686f7741776641ac7",
			"parentId": "I59618245409558547zfeLzB",
			"slotId": "main",
			"upd": {
				"StackObjectsCount": 60
			}
		},
		{
			"_id": "I596182491105830922q31wi",
			"_tpl": "59e4d24686f7741776641ac7",
			"parentId": "I59618245409558547zfeLzB",
			"slotId": "main",
			"upd": {
				"StackObjectsCount": 60
			}
		},
		{
			"_id": "I59618242768135696YzVnXV",
			"_tpl": "59e4d3d286f774176a36250a",
			"parentId": "I59618245409558547zfeLzB",
			"slotId": "main",
			"upd": {
				"StackObjectsCount": 60
			}
		},
		{
			"_id": "I59618247035616179ru00Gp",
			"_tpl": "59e4d24686f7741776641ac7",
			"parentId": "I59618245409558547zfeLzB",
			"slotId": "main",
			"upd": {
				"StackObjectsCount": 60
			}
		},
		{
			"_id": "I596182476176344575sTscK",
			"_tpl": "59e4d3d286f774176a36250a",
			"parentId": "I59618245409558547zfeLzB",
			"slotId": "main",
			"upd": {
				"StackObjectsCount": 60
			}
		},
		{
			"_id": "I59618241534568097TbN58i",
			"_tpl": "59e4cf5286f7741778269d8a",
			"parentId": "I59618245409558547zfeLzB",
			"slotId": "main",
			"upd": {
				"StackObjectsCount": 60
			}
		},
		{
			"_id": "I59618246039231031qXHf4q",
			"_tpl": "59e4cf5286f7741778269d8a",
			"parentId": "I59618245409558547zfeLzB",
			"slotId": "main",
			"upd": {
				"StackObjectsCount": 60
			}
		},
		{
			"_id": "I59618245386572177Wdaa2o",
			"_tpl": "544fb25a4bdc2dfb738b4567",
			"parentId": "I59618247767595487cD2pmV",
			"slotId": "2"
		},
		{
			"_id": "I59618248928436105zj57ka",
			"_tpl": "59fafc5086f7740dbe19f6c3",
			"parentId": "I59618247767595487cD2pmV",
			"slotId": "3",
			"location": {
				"x": 0,
				"y": 0,
				"r": "Horizontal"
			}
		},
		{
			"_id": "I59618248967728358dSFqMc",
			"_tpl": "5656d7c34bdc2d9d198b4587",
			"parentId": "I59618248928436105zj57ka",
			"slotId": "cartridges",
			"upd": {
				"StackObjectsCount": 30
			}
		},
		{
			"_id": "I59618248123818659r1fEZb",
			"_tpl": "544fb37f4bdc2dee738b4567",
			"parentId": "I59618247767595487cD2pmV",
			"slotId": "11"
		},
		{
			"_id": "I59618247119399700dds7Y7",
			"_tpl": "59fafc5086f7740dbe19f6c3",
			"parentId": "I59618247767595487cD2pmV",
			"slotId": "5",
			"location": {
				"x": 0,
				"y": 0,
				"r": "Horizontal"
			}
		},
		{
			"_id": "I59618244259723814thvcxp",
			"_tpl": "59e4cf5286f7741778269d8a",
			"parentId": "I59618247119399700dds7Y7",
			"slotId": "cartridges",
			"upd": {
				"StackObjectsCount": 30
			}
		},
		{
			"_id": "I59618241036012151VENBqu",
			"_tpl": "59fafc5086f7740dbe19f6c3",
			"parentId": "I59618247767595487cD2pmV",
			"slotId": "5",
			"location": {
				"x": 1,
				"y": 0,
				"r": "Horizontal"
			}
		},
		{
			"_id": "I59618244436864026pPkN2G",
			"_tpl": "59e0d99486f7744a32234762",
			"parentId": "I59618241036012151VENBqu",
			"slotId": "cartridges",
			"upd": {
				"StackObjectsCount": 30
			}
		},
		{
			"_id": "I596182455649318733slg2J",
			"_tpl": "59e4d24686f7741776641ac7",
			"parentId": "I59618247767595487cD2pmV",
			"slotId": "7",
			"upd": {
				"StackObjectsCount": 50
			}
		},
		{
			"_id": "I59618247763232776frlDtB",
			"_tpl": "59e4d3d286f774176a36250a",
			"parentId": "I59618247767595487cD2pmV",
			"slotId": "9",
			"upd": {
				"StackObjectsCount": 39
			}
		},
		{
			"_id": "I59618242944455923yVjudt",
			"_tpl": "57e26ea924597715ca604a09",
			"parentId": "5c6687d65e9d882c8841f0fd",
			"slotId": "Scabbard"
		},
		{
			"_id": "I59618249380181096kXwOGd",
			"_tpl": "59e7711e86f7746cae05fbe1",
			"parentId": "5c6687d65e9d882c8841f0fd",
			"slotId": "Headwear"
		},
		{
			"_id": "I59618247486144514Aiwo6v",
			"_tpl": "5b4326435acfc433000ed01d",
			"parentId": "5c6687d65e9d882c8841f0fd",
			"slotId": "FaceCover"
		},
		{
			"_id": "I59618247951283054cGBivk",
			"_tpl": "544a5cde4bdc2d39388b456b",
			"parentId": "5c6687d65e9d882c8841f0fd",
			"slotId": "Backpack"
		},
		{
			"_id": "I59618246331357330EA0Hmq",
			"_tpl": "5673de654bdc2d180f8b456d",
			"parentId": "I59618247951283054cGBivk",
			"slotId": "main",
			"location": {
				"x": 0,
				"y": 0,
				"r": "Horizontal"
			}
		},
		{
			"_id": "I59618249120859620nTURrz",
			"_tpl": "5d1b3f2d86f774253763b735",
			"parentId": "I59618247951283054cGBivk",
			"slotId": "main",
			"location": {
				"x": 0,
				"y": 1,
				"r": "Horizontal"
			}
		},
		{
			"_id": "I59618249237074216lpI5xG",
			"_tpl": "575146b724597720a27126d5",
			"parentId": "I59618247951283054cGBivk",
			"slotId": "main",
			"location": {
				"x": 0,
				"y": 2,
				"r": "Horizontal"
			}
		},
		{
			"_id": "I59618248963774501j5WmIB",
			"_tpl": "5780d0532459777a5108b9a2",
			"parentId": "I59618247951283054cGBivk",
			"slotId": "main",
			"location": {
				"x": 1,
				"y": 0,
				"r": "Horizontal"
			}
		},
		{
			"_id": "I59618249049757402mAGBWW",
			"_tpl": "5c0e53c886f7747fa54205c7",
			"parentId": "5c6687d65e9d882c8841f0fd",
			"slotId": "ArmorVest",
			"upd": {
				"Repairable": {
					"MaxDurability": 47,
					"Durability": 32
				}
			}
		},
		{
			"_id": "I59618249118342327f5Pvdg",
			"_tpl": "5bc9c29cd4351e003562b8a3",
			"parentId": "5c6687d65e9d882c8841f121",
			"slotId": "pocket1",
			"location": {
				"x": 0,
				"y": 0,
				"r": "Horizontal"
			},
			"upd": {
				"SpawnedInSession": true
			}
		}
	],
	"equipment": "5c6687d65e9d882c8841f0fd",
	"stash": "5c6687d65e9d882c8841f0fc",
	"questRaidItems": "5c6687d65e9d882c8841f0fe",
	"questStashItems": "5c6687d65e9d882c8841f0ff",
	"fastPanel": {}
}