{
	"items": [
		{
			"_id": "5c6687d65e9d882c8841f0fd",
			"_tpl": "55d7217a4bdc2d86028b456d"
		},
		{
			"_id": "5c6687d65e9d882c8841f121",
			"_tpl": "557ffd194bdc2d28148b457f",
			"parentId": "5c6687d65e9d882c8841f0fd",
			"slotId": "Pockets"
		},
		{
			"_id": "5c6687d65e9d882c8841f0fc",
			"_tpl": "566abbc34bdc2d92178b4576"
		},
		{
			"_id": "5c6687d65e9d882c8841f0ff",
			"_tpl": "5963866b86f7747bfa1c4462"
		},
		{
			"_id": "5c6687d65e9d882c8841f0fe",
			"_tpl": "5963866286f7747bf429b572"
		},
		{
			"_id": "I59618244203425560PiONFF",
			"_tpl": "5929a2a086f7744f4b234d43",
			"parentId": "5c6687d65e9d882c8841f0fd",
			"slotId": "TacticalVest"
		},
		{
			"_id": "I210010546557256606sj2EO",
			"_tpl": "5ac4cd105acfc40016339859",
			"parentId": "5c6687d65e9d882c8841f0fd",
			"slotId": "FirstPrimaryWeapon",
			"upd": {
				"Repairable": {
					"MaxDurability": 100,
					"Durability": 48
				}
			}
		},
		{
			"_id": "I210010547285312952UkHah",
			"_tpl": "59c6633186f7740cf0493bb9",
			"parentId": "I210010546557256606sj2EO",
			"slotId": "mod_gas_block"
		},
		{
			"_id": "I210010544505639153CGzOF",
			"_tpl": "5ac7655e5acfc40016339a19",
			"parentId": "I210010546557256606sj2EO",
			"slotId": "mod_muzzle"
		},
		{
			"_id": "I2100105435478436433cL7o",
			"_tpl": "5649ade84bdc2d1b2b8b4587",
			"parentId": "I210010546557256606sj2EO",
			"slotId": "mod_pistol_grip"
		},
		{
			"_id": "I210010547263717576AC7yE",
			"_tpl": "5ac50da15acfc4001718d287",
			"parentId": "I210010546557256606sj2EO",
			"slotId": "mod_reciever"
		},
		{
			"_id": "I210010541282515786aEGlw",
			"_tpl": "5ac72e475acfc400180ae6fe",
			"parentId": "I210010546557256606sj2EO",
			"slotId": "mod_sight_rear",
			"upd": {
				"Sight": {
					"SelectedSightMode": 0
				}
			}
		},
		{
			"_id": "I210010549278697874bXkXm",
			"_tpl": "5ac50c185acfc400163398d4",
			"parentId": "I210010546557256606sj2EO",
			"slotId": "mod_stock"
		},
		{
			"_id": "I59618244034855425ETKSzC",
			"_tpl": "55d482194bdc2d1d4e8b456b",
			"parentId": "I210010546557256606sj2EO",
			"slotId": "mod_magazine"
		},
		{
			"_id": "I59618247683572830N1ZYAg",
			"_tpl": "56dff2ced2720bb4668b4567",
			"parentId": "I59618244034855425ETKSzC",
			"slotId": "cartridges",
			"upd": {
				"StackObjectsCount": 60
			}
		},
		{
			"_id": "I210010541569392111S8KTG",
			"_tpl": "5648b1504bdc2d9d488b4584",
			"parentId": "I210010547285312952UkHah",
			"slotId": "mod_handguard"
		},
		{
			"_id": "I59618241049792562xHxzwM",
			"_tpl": "5857a8bc2459772bad15db29",
			"parentId": "5c6687d65e9d882c8841f0fd",
			"slotId": "SecuredContainer"
		},
		{
			"_id": "I596182478972831028ioyeW",
			"_tpl": "56dff026d2720bb8668b4567",
			"parentId": "I59618241049792562xHxzwM",
			"slotId": "main",
			"upd": {
				"StackObjectsCount": 60
			}
		},
		{
			"_id": "I59618247898663651hNkJIw",
			"_tpl": "5c0d5e4486f77478390952fe",
			"parentId": "I59618241049792562xHxzwM",
			"slotId": "main",
			"upd": {
				"StackObjectsCount": 60
			}
		},
		{
			"_id": "I596182452375930630cQ5wM",
			"_tpl": "56dff0bed2720bb0668b4567",
			"parentId": "I59618241049792562xHxzwM",
			"slotId": "main",
			"upd": {
				"StackObjectsCount": 60
			}
		},
		{
			"_id": "I596182495044106687gLmF6",
			"_tpl": "56dff2ced2720bb4668b4567",
			"parentId": "I59618241049792562xHxzwM",
			"slotId": "main",
			"upd": {
				"StackObjectsCount": 60
			}
		},
		{
			"_id": "I59618245208619314JPDa0n",
			"_tpl": "5c0d5e4486f77478390952fe",
			"parentId": "I59618241049792562xHxzwM",
			"slotId": "main",
			"upd": {
				"StackObjectsCount": 60
			}
		},
		{
			"_id": "I596182476633838832wKlxF",
			"_tpl": "56dff4ecd2720b5f5a8b4568",
			"parentId": "I59618241049792562xHxzwM",
			"slotId": "main",
			"upd": {
				"StackObjectsCount": 60
			}
		},
		{
			"_id": "I59618247227138231KO3WjY",
			"_tpl": "56dfef82d2720bbd668b4567",
			"parentId": "I59618241049792562xHxzwM",
			"slotId": "main",
			"upd": {
				"StackObjectsCount": 60
			}
		},
		{
			"_id": "I59618248717902120l7bS2L",
			"_tpl": "56dff338d2720bbd668b4569",
			"parentId": "I59618241049792562xHxzwM",
			"slotId": "main",
			"upd": {
				"StackObjectsCount": 60
			}
		},
		{
			"_id": "I59618246023689842eVnK0b",
			"_tpl": "56dff4ecd2720b5f5a8b4568",
			"parentId": "I59618241049792562xHxzwM",
			"slotId": "main",
			"upd": {
				"StackObjectsCount": 60
			}
		},
		{
			"_id": "I59618247967139864ye1Jsl",
			"_tpl": "5cbdaf89ae9215000e5b9c94",
			"parentId": "I59618244203425560PiONFF",
			"slotId": "4",
			"location": {
				"x": 0,
				"y": 0,
				"r": "Horizontal"
			}
		},
		{
			"_id": "I59618248902509606vSgpnT",
			"_tpl": "56dff338d2720bbd668b4569",
			"parentId": "I59618247967139864ye1Jsl",
			"slotId": "cartridges",
			"upd": {
				"StackObjectsCount": 30
			}
		},
		{
			"_id": "I59618248192972315k28OQ6",
			"_tpl": "5cbdaf89ae9215000e5b9c94",
			"parentId": "I59618244203425560PiONFF",
			"slotId": "6",
			"location": {
				"x": 0,
				"y": 0,
				"r": "Horizontal"
			}
		},
		{
			"_id": "I596182480271681246IfQNv",
			"_tpl": "56dff421d2720b5f5a8b4567",
			"parentId": "I59618248192972315k28OQ6",
			"slotId": "cartridges",
			"upd": {
				"StackObjectsCount": 30
			}
		},
		{
			"_id": "I59618247973360674w40pHL",
			"_tpl": "5448be9a4bdc2dfd2f8b456a",
			"parentId": "I59618244203425560PiONFF",
			"slotId": "1"
		},
		{
			"_id": "I59618247039889698shcnjJ",
			"_tpl": "5448be9a4bdc2dfd2f8b456a",
			"parentId": "I59618244203425560PiONFF",
			"slotId": "7"
		},
		{
			"_id": "I59618241962786727VDeHil",
			"_tpl": "54491bb74bdc2d09088b4567",
			"parentId": "5c6687d65e9d882c8841f0fd",
			"slotId": "Scabbard"
		},
		{
			"_id": "I59618243860808199CuNCV3",
			"_tpl": "59e770f986f7742cbe3164ef",
			"parentId": "5c6687d65e9d882c8841f0fd",
			"slotId": "Headwear"
		},
		{
			"_id": "I59618247189755357CNjBzt",
			"_tpl": "572b7f1624597762ae139822",
			"parentId": "5c6687d65e9d882c8841f0fd",
			"slotId": "FaceCover"
		},
		{
			"_id": "I59618245341313115nNYugj",
			"_tpl": "59e7635f86f7742cbf2c1095",
			"parentId": "5c6687d65e9d882c8841f0fd",
			"slotId": "ArmorVest",
			"upd": {
				"Repairable": {
					"MaxDurability": 40,
					"Durability": 3
				}
			}
		},
		{
			"_id": "I59618246516852690TuF9um",
			"_tpl": "5913651986f774432f15d132",
			"parentId": "5c6687d65e9d882c8841f121",
			"slotId": "pocket1",
			"location": {
				"x": 0,
				"y": 0,
				"r": "Horizontal"
			},
			"upd": {
				"SpawnedInSession": true
			}
		},
		{
			"_id": "I59618247835772646XrPr2G",
			"_tpl": "590c5bbd86f774785762df04",
			"parentId": "5c6687d65e9d882c8841f121",
			"slotId": "pocket2",
			"location": {
				"x": 0,
				"y": 0,
				"r": "Horizontal"
			},
			"upd": {
				"SpawnedInSession": true
			}
		},
		{
			"_id": "I59618244128010114RN7DaS",
			"_tpl": "590a3c0a86f774385a33c450",
			"parentId": "5c6687d65e9d882c8841f121",
			"slotId": "pocket3",
			"location": {
				"x": 0,
				"y": 0,
				"r": "Horizontal"
			},
			"upd": {
				"SpawnedInSession": true
			}
		}
	],
	"equipment": "5c6687d65e9d882c8841f0fd",
	"stash": "5c6687d65e9d882c8841f0fc",
	"questRaidItems": "5c6687d65e9d882c8841f0fe",
	"questStashItems": "5c6687d65e9d882c8841f0ff",
	"fastPanel": {}
}