{
	"items": [
		{
			"_id": "5c6687d65e9d882c8841f0fd",
			"_tpl": "55d7217a4bdc2d86028b456d"
		},
		{
			"_id": "5c6687d65e9d882c8841f121",
			"_tpl": "557ffd194bdc2d28148b457f",
			"parentId": "5c6687d65e9d882c8841f0fd",
			"slotId": "Pockets"
		},
		{
			"_id": "5c6687d65e9d882c8841f0fc",
			"_tpl": "566abbc34bdc2d92178b4576"
		},
		{
			"_id": "5c6687d65e9d882c8841f0ff",
			"_tpl": "5963866b86f7747bfa1c4462"
		},
		{
			"_id": "5c6687d65e9d882c8841f0fe",
			"_tpl": "5963866286f7747bf429b572"
		},
		{
			"_id": "I59618245678449189BdV80y",
			"_tpl": "5c0e3eb886f7742015526062",
			"parentId": "5c6687d65e9d882c8841f0fd",
			"slotId": "TacticalVest"
		},
		{
			"_id": "I21006442420799264fjzaqP",
			"_tpl": "57c44b372459772d2b39b8ce",
			"parentId": "5c6687d65e9d882c8841f0fd",
			"slotId": "FirstPrimaryWeapon",
			"upd": {
				"Repairable": {
					"MaxDurability": 100,
					"Durability": 32
				}
			}
		},
		{
			"_id": "I21006443676203686AWZCMM",
			"_tpl": "57c44dd02459772d2e0ae249",
			"parentId": "I21006442420799264fjzaqP",
			"slotId": "mod_muzzle"
		},
		{
			"_id": "I21006449791668513ioeKAe",
			"_tpl": "57c44f4f2459772d2c627113",
			"parentId": "I21006442420799264fjzaqP",
			"slotId": "mod_reciever"
		},
		{
			"_id": "I596182495441791444KQWZe",
			"_tpl": "5a9e81fba2750c00164f6b11",
			"parentId": "I21006442420799264fjzaqP",
			"slotId": "mod_magazine"
		},
		{
			"_id": "I59618247970532107PnQub3",
			"_tpl": "57a0dfb82459774d3078b56c",
			"parentId": "I596182495441791444KQWZe",
			"slotId": "cartridges",
			"upd": {
				"StackObjectsCount": 30
			}
		},
		{
			"_id": "I210064493204083724NeJFH",
			"_tpl": "57c44fa82459772d2d75e415",
			"parentId": "I21006442420799264fjzaqP",
			"slotId": "mod_pistol_grip"
		},
		{
			"_id": "I21006449938217971Rju6mT",
			"_tpl": "57c450252459772d28133253",
			"parentId": "I21006442420799264fjzaqP",
			"slotId": "mod_stock"
		},
		{
			"_id": "I21006447533005487elvQPs",
			"_tpl": "57c44e7b2459772d28133248",
			"parentId": "I21006443676203686AWZCMM",
			"slotId": "mod_sight_rear",
			"upd": {
				"Sight": {
					"SelectedSightMode": 0
				}
			}
		},
		{
			"_id": "I59618243605714460y3D4EJ",
			"_tpl": "5857a8bc2459772bad15db29",
			"parentId": "5c6687d65e9d882c8841f0fd",
			"slotId": "SecuredContainer"
		},
		{
			"_id": "I59618242556507972BoW3Jb",
			"_tpl": "57a0e5022459774d1673f889",
			"parentId": "I59618243605714460y3D4EJ",
			"slotId": "main",
			"upd": {
				"StackObjectsCount": 60
			}
		},
		{
			"_id": "I59618245594323401rrOCja",
			"_tpl": "5c0d688c86f77413ae3407b2",
			"parentId": "I59618243605714460y3D4EJ",
			"slotId": "main",
			"upd": {
				"StackObjectsCount": 60
			}
		},
		{
			"_id": "I59618245067829884RlSJcT",
			"_tpl": "57a0dfb82459774d3078b56c",
			"parentId": "I59618243605714460y3D4EJ",
			"slotId": "main",
			"upd": {
				"StackObjectsCount": 60
			}
		},
		{
			"_id": "I59618247351905275IyVBxu",
			"_tpl": "5c0d688c86f77413ae3407b2",
			"parentId": "I59618243605714460y3D4EJ",
			"slotId": "main",
			"upd": {
				"StackObjectsCount": 60
			}
		},
		{
			"_id": "I59618243215941761kgYrha",
			"_tpl": "57a0e5022459774d1673f889",
			"parentId": "I59618243605714460y3D4EJ",
			"slotId": "main",
			"upd": {
				"StackObjectsCount": 60
			}
		},
		{
			"_id": "I59618249485000308iHwO7s",
			"_tpl": "5c0d668f86f7747ccb7f13b2",
			"parentId": "I59618243605714460y3D4EJ",
			"slotId": "main",
			"upd": {
				"StackObjectsCount": 60
			}
		},
		{
			"_id": "I59618241087905844T6hRbk",
			"_tpl": "57a0e5022459774d1673f889",
			"parentId": "I59618243605714460y3D4EJ",
			"slotId": "main",
			"upd": {
				"StackObjectsCount": 60
			}
		},
		{
			"_id": "I59618248839876233mQY6Ui",
			"_tpl": "5c0d688c86f77413ae3407b2",
			"parentId": "I59618243605714460y3D4EJ",
			"slotId": "main",
			"upd": {
				"StackObjectsCount": 60
			}
		},
		{
			"_id": "I59618246300763619eRQDnw",
			"_tpl": "5c0d668f86f7747ccb7f13b2",
			"parentId": "I59618243605714460y3D4EJ",
			"slotId": "main",
			"upd": {
				"StackObjectsCount": 60
			}
		},
		{
			"_id": "I59618246963921791lGWLOD",
			"_tpl": "57838f9f2459774a150289a0",
			"parentId": "I59618245678449189BdV80y",
			"slotId": "1",
			"location": {
				"x": 0,
				"y": 0,
				"r": "Horizontal"
			}
		},
		{
			"_id": "I59618244815433050AaE0QT",
			"_tpl": "57a0e5022459774d1673f889",
			"parentId": "I59618246963921791lGWLOD",
			"slotId": "cartridges",
			"upd": {
				"StackObjectsCount": 20
			}
		},
		{
			"_id": "I59618245415947473emC8xq",
			"_tpl": "57838f9f2459774a150289a0",
			"parentId": "I59618245678449189BdV80y",
			"slotId": "3",
			"location": {
				"x": 0,
				"y": 0,
				"r": "Horizontal"
			}
		},
		{
			"_id": "I59618245621377442TMqn5g",
			"_tpl": "5c0d688c86f77413ae3407b2",
			"parentId": "I59618245415947473emC8xq",
			"slotId": "cartridges",
			"upd": {
				"StackObjectsCount": 20
			}
		},
		{
			"_id": "I59618246603822313iLCREC",
			"_tpl": "5e32f56fcb6d5863cc5e5ee4",
			"parentId": "I59618245678449189BdV80y",
			"slotId": "5"
		},
		{
			"_id": "I59618241315752014mEyCAZ",
			"_tpl": "57a0e5022459774d1673f889",
			"parentId": "I59618245678449189BdV80y",
			"slotId": "6",
			"upd": {
				"StackObjectsCount": 47
			}
		},
		{
			"_id": "I59618242193278221l0gCz1",
			"_tpl": "54491bb74bdc2d09088b4567",
			"parentId": "5c6687d65e9d882c8841f0fd",
			"slotId": "Scabbard"
		},
		{
			"_id": "I59618246067763514zCM9TR",
			"_tpl": "5d5fca1ea4b93635fd598c07",
			"parentId": "5c6687d65e9d882c8841f0fd",
			"slotId": "Eyewear"
		},
		{
			"_id": "I596182442703475882QMuQh",
			"_tpl": "572b7fa524597762b747ce82",
			"parentId": "5c6687d65e9d882c8841f0fd",
			"slotId": "FaceCover"
		},
		{
			"_id": "I59618241616414948Q3d9gl",
			"_tpl": "56e33634d2720bd8058b456b",
			"parentId": "5c6687d65e9d882c8841f0fd",
			"slotId": "Backpack"
		}
	],
	"equipment": "5c6687d65e9d882c8841f0fd",
	"stash": "5c6687d65e9d882c8841f0fc",
	"questRaidItems": "5c6687d65e9d882c8841f0fe",
	"questStashItems": "5c6687d65e9d882c8841f0ff",
	"fastPanel": {}
}