{
	"items": [
		{
			"_id": "5c6687d65e9d882c8841f0fd",
			"_tpl": "55d7217a4bdc2d86028b456d"
		},
		{
			"_id": "5c6687d65e9d882c8841f121",
			"_tpl": "557ffd194bdc2d28148b457f",
			"parentId": "5c6687d65e9d882c8841f0fd",
			"slotId": "Pockets"
		},
		{
			"_id": "5c6687d65e9d882c8841f0fc",
			"_tpl": "566abbc34bdc2d92178b4576"
		},
		{
			"_id": "5c6687d65e9d882c8841f0ff",
			"_tpl": "5963866b86f7747bfa1c4462"
		},
		{
			"_id": "5c6687d65e9d882c8841f0fe",
			"_tpl": "5963866286f7747bf429b572"
		},
		{
			"_id": "I59618246286040023JHva4p",
			"_tpl": "5d5d8ca986f7742798716522",
			"parentId": "5c6687d65e9d882c8841f0fd",
			"slotId": "TacticalVest"
		},
		{
			"_id": "I33102199244347225huwq4b",
			"_tpl": "57dc2fa62459775949412633",
			"parentId": "5c6687d65e9d882c8841f0fd",
			"slotId": "FirstPrimaryWeapon",
			"upd": {
				"Repairable": {
					"MaxDurability": 100,
					"Durability": 40
				}
			}
		},
		{
			"_id": "I33102198208220368mkoBPf",
			"_tpl": "57e3dba62459770f0c32322b",
			"parentId": "I33102199244347225huwq4b",
			"slotId": "mod_pistol_grip"
		},
		{
			"_id": "I33102191015356994tky48q",
			"_tpl": "57dc347d245977596754e7a1",
			"parentId": "I33102199244347225huwq4b",
			"slotId": "mod_stock"
		},
		{
			"_id": "I59618246631801831MqI7T7",
			"_tpl": "564ca99c4bdc2d16268b4589",
			"parentId": "I33102199244347225huwq4b",
			"slotId": "mod_magazine"
		},
		{
			"_id": "I59618243463633646gXdX96",
			"_tpl": "56dff338d2720bbd668b4569",
			"parentId": "I59618246631801831MqI7T7",
			"slotId": "cartridges",
			"upd": {
				"StackObjectsCount": 30
			}
		},
		{
			"_id": "I331021979274565986ipDm6",
			"_tpl": "57dc324a24597759501edc20",
			"parentId": "I33102199244347225huwq4b",
			"slotId": "mod_muzzle"
		},
		{
			"_id": "I33102196100545524E0zoJV",
			"_tpl": "59d36a0086f7747e673f3946",
			"parentId": "I33102199244347225huwq4b",
			"slotId": "mod_gas_block"
		},
		{
			"_id": "I331021985013893897JE7Au",
			"_tpl": "56dfef82d2720bbd668b4567",
			"parentId": "I33102195248896084yCBI6t",
			"slotId": "cartridges",
			"location": 0,
			"upd": {
				"StackObjectsCount": 30
			}
		},
		{
			"_id": "I33102195902080607QLDgOL",
			"_tpl": "57dc32dc245977596d4ef3d3",
			"parentId": "I33102196100545524E0zoJV",
			"slotId": "mod_handguard"
		},
		{
			"_id": "I59618242127666617bo2Jjf",
			"_tpl": "5857a8bc2459772bad15db29",
			"parentId": "5c6687d65e9d882c8841f0fd",
			"slotId": "SecuredContainer"
		},
		{
			"_id": "I59618241772821494T6KdNi",
			"_tpl": "56dff061d2720bb5668b4567",
			"parentId": "I59618242127666617bo2Jjf",
			"slotId": "main",
			"upd": {
				"StackObjectsCount": 60
			}
		},
		{
			"_id": "I59618246667289627e2LYDG",
			"_tpl": "56dff4a2d2720bbd668b456a",
			"parentId": "I59618242127666617bo2Jjf",
			"slotId": "main",
			"upd": {
				"StackObjectsCount": 60
			}
		},
		{
			"_id": "I59618241718098297iYQK6Q",
			"_tpl": "56dfef82d2720bbd668b4567",
			"parentId": "I59618242127666617bo2Jjf",
			"slotId": "main",
			"upd": {
				"StackObjectsCount": 60
			}
		},
		{
			"_id": "I5961824770636300984VgKx",
			"_tpl": "56dff338d2720bbd668b4569",
			"parentId": "I59618242127666617bo2Jjf",
			"slotId": "main",
			"upd": {
				"StackObjectsCount": 60
			}
		},
		{
			"_id": "I59618242153503379d4DT7b",
			"_tpl": "56dff4ecd2720b5f5a8b4568",
			"parentId": "I59618242127666617bo2Jjf",
			"slotId": "main",
			"upd": {
				"StackObjectsCount": 60
			}
		},
		{
			"_id": "I59618248158294373E3VAHl",
			"_tpl": "56dff061d2720bb5668b4567",
			"parentId": "I59618242127666617bo2Jjf",
			"slotId": "main",
			"upd": {
				"StackObjectsCount": 60
			}
		},
		{
			"_id": "I59618241462510394u0fmJa",
			"_tpl": "56dff216d2720bbd668b4568",
			"parentId": "I59618242127666617bo2Jjf",
			"slotId": "main",
			"upd": {
				"StackObjectsCount": 60
			}
		},
		{
			"_id": "I596182436237318884e8vWZ",
			"_tpl": "56dff216d2720bbd668b4568",
			"parentId": "I59618242127666617bo2Jjf",
			"slotId": "main",
			"upd": {
				"StackObjectsCount": 60
			}
		},
		{
			"_id": "I59618247876835016UmYUQt",
			"_tpl": "56dff0bed2720bb0668b4567",
			"parentId": "I59618242127666617bo2Jjf",
			"slotId": "main",
			"upd": {
				"StackObjectsCount": 60
			}
		},
		{
			"_id": "I596182461835170938YTttY",
			"_tpl": "5aaa4194e5b5b055d06310a5",
			"parentId": "I59618246286040023JHva4p",
			"slotId": "2",
			"location": {
				"x": 0,
				"y": 0,
				"r": "Horizontal"
			}
		},
		{
			"_id": "I59618248293903807CIvTMw",
			"_tpl": "56dff4a2d2720bbd668b456a",
			"parentId": "I596182461835170938YTttY",
			"slotId": "cartridges",
			"upd": {
				"StackObjectsCount": 30
			}
		},
		{
			"_id": "I59618245568027608sbSmpN",
			"_tpl": "5bffdc370db834001d23eca8",
			"parentId": "5c6687d65e9d882c8841f0fd",
			"slotId": "Scabbard"
		},
		{
			"_id": "I59618243652370579amkPCV",
			"_tpl": "5c06c6a80db834001b735491",
			"parentId": "5c6687d65e9d882c8841f0fd",
			"slotId": "Headwear"
		},
		{
			"_id": "I596182480215537145FwR5F",
			"_tpl": "5bd0716d86f774171822ef4b",
			"parentId": "5c6687d65e9d882c8841f0fd",
			"slotId": "FaceCover"
		},
		{
			"_id": "I59618248007512322ZFBIsb",
			"_tpl": "56e33680d2720be2748b4576",
			"parentId": "5c6687d65e9d882c8841f0fd",
			"slotId": "Backpack"
		},
		{
			"_id": "I59618241617915097tbd2HG",
			"_tpl": "5938994586f774523a425196",
			"parentId": "5c6687d65e9d882c8841f121",
			"slotId": "pocket1",
			"location": {
				"x": 0,
				"y": 0,
				"r": "Horizontal"
			},
			"upd": {
				"SpawnedInSession": true
			}
		},
		{
			"_id": "I59618243293269428t4KKkB",
			"_tpl": "590a3cd386f77436f20848cb",
			"parentId": "5c6687d65e9d882c8841f121",
			"slotId": "pocket2",
			"location": {
				"x": 0,
				"y": 0,
				"r": "Horizontal"
			},
			"upd": {
				"SpawnedInSession": true
			}
		}
	],
	"equipment": "5c6687d65e9d882c8841f0fd",
	"stash": "5c6687d65e9d882c8841f0fc",
	"questRaidItems": "5c6687d65e9d882c8841f0fe",
	"questStashItems": "5c6687d65e9d882c8841f0ff",
	"fastPanel": {}
}