{
	"items": [
		{
			"_id": "5c6687d65e9d882c8841f0fd",
			"_tpl": "55d7217a4bdc2d86028b456d"
		},
		{
			"_id": "5c6687d65e9d882c8841f121",
			"_tpl": "557ffd194bdc2d28148b457f",
			"parentId": "5c6687d65e9d882c8841f0fd",
			"slotId": "Pockets"
		},
		{
			"_id": "5c6687d65e9d882c8841f0fc",
			"_tpl": "566abbc34bdc2d92178b4576"
		},
		{
			"_id": "5c6687d65e9d882c8841f0ff",
			"_tpl": "5963866b86f7747bfa1c4462"
		},
		{
			"_id": "5c6687d65e9d882c8841f0fe",
			"_tpl": "5963866286f7747bf429b572"
		},
		{
			"_id": "I59618249402422617nNaJPz",
			"_tpl": "5d5d8ca986f7742798716522",
			"parentId": "5c6687d65e9d882c8841f0fd",
			"slotId": "TacticalVest"
		},
		{
			"_id": "I5150552116540059T4rYNgi",
			"_tpl": "5ea03f7400685063ec28bfa8",
			"parentId": "5c6687d65e9d882c8841f0fd",
			"slotId": "FirstPrimaryWeapon",
			"upd": {
				"Repairable": {
					"MaxDurability": 100,
					"Durability": 46
				}
			}
		},
		{
			"_id": "I5150553528310628A6nWXdz",
			"_tpl": "5ea03e9400685063ec28bfa4",
			"parentId": "I5150552116540059T4rYNgi",
			"slotId": "mod_stock"
		},
		{
			"_id": "I59618247005880499sttiML",
			"_tpl": "5ea034eb5aad6446a939737b",
			"parentId": "I5150552116540059T4rYNgi",
			"slotId": "mod_magazine"
		},
		{
			"_id": "I59618244896226623vw6Akw",
			"_tpl": "5736026a245977644601dc61",
			"parentId": "I59618247005880499sttiML",
			"slotId": "cartridges",
			"upd": {
				"StackObjectsCount": 35
			}
		},
		{
			"_id": "I5150559648337341tsIMDEL",
			"_tpl": "5ea03e5009aa976f2e7a514b",
			"parentId": "I5150552116540059T4rYNgi",
			"slotId": "mod_reciever"
		},
		{
			"_id": "I5150558717598210ybApxht",
			"_tpl": "5ea02bb600685063ec28bfa1",
			"parentId": "I5150552116540059T4rYNgi",
			"slotId": "mod_barrel"
		},
		{
			"_id": "I59618247155180370LNhrza",
			"_tpl": "5857a8bc2459772bad15db29",
			"parentId": "5c6687d65e9d882c8841f0fd",
			"slotId": "SecuredContainer"
		},
		{
			"_id": "I59618241746783679eTgswb",
			"_tpl": "573603562459776430731618",
			"parentId": "I59618247155180370LNhrza",
			"slotId": "main",
			"upd": {
				"StackObjectsCount": 60
			}
		},
		{
			"_id": "I59618245562223211AmXaqB",
			"_tpl": "573603c924597764442bd9cb",
			"parentId": "I59618247155180370LNhrza",
			"slotId": "main",
			"upd": {
				"StackObjectsCount": 60
			}
		},
		{
			"_id": "I59618249770059940ir6NTk",
			"_tpl": "573603562459776430731618",
			"parentId": "I59618247155180370LNhrza",
			"slotId": "main",
			"upd": {
				"StackObjectsCount": 60
			}
		},
		{
			"_id": "I59618247118260551EZvwp3",
			"_tpl": "5735ff5c245977640e39ba7e",
			"parentId": "I59618247155180370LNhrza",
			"slotId": "main",
			"upd": {
				"StackObjectsCount": 60
			}
		},
		{
			"_id": "I59618246263830132qipflY",
			"_tpl": "573601b42459776410737435",
			"parentId": "I59618247155180370LNhrza",
			"slotId": "main",
			"upd": {
				"StackObjectsCount": 60
			}
		},
		{
			"_id": "I59618242144288484zll4AZ",
			"_tpl": "5736026a245977644601dc61",
			"parentId": "I59618247155180370LNhrza",
			"slotId": "main",
			"upd": {
				"StackObjectsCount": 60
			}
		},
		{
			"_id": "I59618244553067053OqHdx9",
			"_tpl": "5736026a245977644601dc61",
			"parentId": "I59618247155180370LNhrza",
			"slotId": "main",
			"upd": {
				"StackObjectsCount": 60
			}
		},
		{
			"_id": "I59618241687918587MxPfB3",
			"_tpl": "5736026a245977644601dc61",
			"parentId": "I59618247155180370LNhrza",
			"slotId": "main",
			"upd": {
				"StackObjectsCount": 60
			}
		},
		{
			"_id": "I59618245079594750oC1Kro",
			"_tpl": "5736026a245977644601dc61",
			"parentId": "I59618247155180370LNhrza",
			"slotId": "main",
			"upd": {
				"StackObjectsCount": 60
			}
		},
		{
			"_id": "I596182419028417542jkU0e",
			"_tpl": "5ea034eb5aad6446a939737b",
			"parentId": "I59618249402422617nNaJPz",
			"slotId": "2",
			"location": {
				"x": 0,
				"y": 0,
				"r": "Horizontal"
			}
		},
		{
			"_id": "I59618249912728805U01Nxf",
			"_tpl": "573602322459776445391df1",
			"parentId": "I596182419028417542jkU0e",
			"slotId": "cartridges",
			"upd": {
				"StackObjectsCount": 35
			}
		},
		{
			"_id": "I59618249723260067ejGjeF",
			"_tpl": "5ea034eb5aad6446a939737b",
			"parentId": "I59618249402422617nNaJPz",
			"slotId": "1",
			"location": {
				"x": 0,
				"y": 0,
				"r": "Horizontal"
			}
		},
		{
			"_id": "I59618245740322580rt8eG9",
			"_tpl": "573601b42459776410737435",
			"parentId": "I59618249723260067ejGjeF",
			"slotId": "cartridges",
			"upd": {
				"StackObjectsCount": 35
			}
		},
		{
			"_id": "I596182465008372767rZ5c1",
			"_tpl": "57e26ea924597715ca604a09",
			"parentId": "5c6687d65e9d882c8841f0fd",
			"slotId": "Scabbard"
		},
		{
			"_id": "I59618242112433211w9Z3nK",
			"_tpl": "5c0d32fcd174af02a1659c75",
			"parentId": "5c6687d65e9d882c8841f0fd",
			"slotId": "Eyewear"
		},
		{
			"_id": "I59618242936053198d2upHY",
			"_tpl": "56e33680d2720be2748b4576",
			"parentId": "5c6687d65e9d882c8841f0fd",
			"slotId": "Backpack"
		},
		{
			"_id": "I59618247995435141vy9JK5",
			"_tpl": "5755356824597772cb798962",
			"parentId": "I59618242936053198d2upHY",
			"slotId": "main",
			"location": {
				"x": 0,
				"y": 0,
				"r": "Horizontal"
			}
		},
		{
			"_id": "I59618244415365194EdRL19",
			"_tpl": "5c13cd2486f774072c757944",
			"parentId": "I59618242936053198d2upHY",
			"slotId": "main",
			"location": {
				"x": 0,
				"y": 1,
				"r": "Horizontal"
			}
		},
		{
			"_id": "I59618247539440144L2Fd2H",
			"_tpl": "5751a25924597722c463c472",
			"parentId": "I59618242936053198d2upHY",
			"slotId": "main",
			"location": {
				"x": 0,
				"y": 2,
				"r": "Horizontal"
			}
		},
		{
			"_id": "I59618245551658771QueXFQ",
			"_tpl": "590c5d4b86f774784e1b9c45",
			"parentId": "I59618242936053198d2upHY",
			"slotId": "main",
			"location": {
				"x": 1,
				"y": 0,
				"r": "Horizontal"
			}
		},
		{
			"_id": "I59618245575019624Axp1KN",
			"_tpl": "590c5d4b86f774784e1b9c45",
			"parentId": "I59618242936053198d2upHY",
			"slotId": "main",
			"location": {
				"x": 2,
				"y": 0,
				"r": "Horizontal"
			}
		},
		{
			"_id": "I59618244440438785OcEziP",
			"_tpl": "5c0e5bab86f77461f55ed1f3",
			"parentId": "5c6687d65e9d882c8841f0fd",
			"slotId": "ArmorVest",
			"upd": {
				"Repairable": {
					"MaxDurability": 60,
					"Durability": 52
				}
			}
		},
		{
			"_id": "I596182447040913181MPDUW",
			"_tpl": "5b4335ba86f7744d2837a264",
			"parentId": "5c6687d65e9d882c8841f121",
			"slotId": "pocket1",
			"location": {
				"x": 0,
				"y": 0,
				"r": "Horizontal"
			},
			"upd": {
				"SpawnedInSession": true
			}
		}
	],
	"equipment": "5c6687d65e9d882c8841f0fd",
	"stash": "5c6687d65e9d882c8841f0fc",
	"questRaidItems": "5c6687d65e9d882c8841f0fe",
	"questStashItems": "5c6687d65e9d882c8841f0ff",
	"fastPanel": {}
}