{
	"items": [
		{
			"_id": "5c6687d65e9d882c8841f0fd",
			"_tpl": "55d7217a4bdc2d86028b456d"
		},
		{
			"_id": "5c6687d65e9d882c8841f121",
			"_tpl": "557ffd194bdc2d28148b457f",
			"parentId": "5c6687d65e9d882c8841f0fd",
			"slotId": "Pockets"
		},
		{
			"_id": "5c6687d65e9d882c8841f0fc",
			"_tpl": "566abbc34bdc2d92178b4576"
		},
		{
			"_id": "5c6687d65e9d882c8841f0ff",
			"_tpl": "5963866b86f7747bfa1c4462"
		},
		{
			"_id": "5c6687d65e9d882c8841f0fe",
			"_tpl": "5963866286f7747bf429b572"
		},
		{
			"_id": "I59618249335179671ErVPJK",
			"_tpl": "5e4abfed86f77406a2713cf7",
			"parentId": "5c6687d65e9d882c8841f0fd",
			"slotId": "TacticalVest"
		},
		{
			"_id": "I210013502705308923ayhp4",
			"_tpl": "5de652c31b7e3716273428be",
			"parentId": "5c6687d65e9d882c8841f0fd",
			"slotId": "FirstPrimaryWeapon",
			"upd": {
				"Repairable": {
					"MaxDurability": 100,
					"Durability": 34
				}
			}
		},
		{
			"_id": "I59618247327709081TkwHjW",
			"_tpl": "5de653abf76fdc1ce94a5a2a",
			"parentId": "I210013502705308923ayhp4",
			"slotId": "mod_magazine"
		},
		{
			"_id": "I59618244866885650WUv8yb",
			"_tpl": "59e6542b86f77411dc52a77a",
			"parentId": "I59618247327709081TkwHjW",
			"slotId": "cartridges",
			"upd": {
				"StackObjectsCount": 4
			}
		},
		{
			"_id": "I210013504198138994tT6uc",
			"_tpl": "5de655be4a9f347bc92edb88",
			"parentId": "I210013502705308923ayhp4",
			"slotId": "mod_stock"
		},
		{
			"_id": "I210013503604083775dsBDL",
			"_tpl": "5de65547883dde217541644b",
			"parentId": "I210013502705308923ayhp4",
			"slotId": "mod_barrel"
		},
		{
			"_id": "I210013508671591970MRz52",
			"_tpl": "5de6558e9f98ac2bc65950fc",
			"parentId": "I210013502705308923ayhp4",
			"slotId": "mod_mount"
		},
		{
			"_id": "I2100135084853553903uGeQ",
			"_tpl": "5de6556a205ddc616a6bc4f7",
			"parentId": "I210013503604083775dsBDL",
			"slotId": "mod_muzzle"
		},
		{
			"_id": "I59618247243140400uRb6jc",
			"_tpl": "5857a8bc2459772bad15db29",
			"parentId": "5c6687d65e9d882c8841f0fd",
			"slotId": "SecuredContainer"
		},
		{
			"_id": "I59618245194341737pyliPi",
			"_tpl": "59e6658b86f77411d949b250",
			"parentId": "I59618247243140400uRb6jc",
			"slotId": "main",
			"upd": {
				"StackObjectsCount": 60
			}
		},
		{
			"_id": "I59618247859761009lvFQoX",
			"_tpl": "59e6658b86f77411d949b250",
			"parentId": "I59618247243140400uRb6jc",
			"slotId": "main",
			"upd": {
				"StackObjectsCount": 60
			}
		},
		{
			"_id": "I596182473726875127fUIvX",
			"_tpl": "59e6542b86f77411dc52a77a",
			"parentId": "I59618247243140400uRb6jc",
			"slotId": "main",
			"upd": {
				"StackObjectsCount": 60
			}
		},
		{
			"_id": "I59618241645566383c17SMs",
			"_tpl": "59e655cb86f77411dc52a77b",
			"parentId": "I59618247243140400uRb6jc",
			"slotId": "main",
			"upd": {
				"StackObjectsCount": 60
			}
		},
		{
			"_id": "I59618242436446027G3UgPM",
			"_tpl": "59e655cb86f77411dc52a77b",
			"parentId": "I59618247243140400uRb6jc",
			"slotId": "main",
			"upd": {
				"StackObjectsCount": 60
			}
		},
		{
			"_id": "I59618241965044844TuQsLY",
			"_tpl": "59e6658b86f77411d949b250",
			"parentId": "I59618247243140400uRb6jc",
			"slotId": "main",
			"upd": {
				"StackObjectsCount": 60
			}
		},
		{
			"_id": "I59618247204718927TUZOPF",
			"_tpl": "59e6658b86f77411d949b250",
			"parentId": "I59618247243140400uRb6jc",
			"slotId": "main",
			"upd": {
				"StackObjectsCount": 60
			}
		},
		{
			"_id": "I59618245875584869bFzejG",
			"_tpl": "59e6658b86f77411d949b250",
			"parentId": "I59618247243140400uRb6jc",
			"slotId": "main",
			"upd": {
				"StackObjectsCount": 60
			}
		},
		{
			"_id": "I59618244941143382E6PpTB",
			"_tpl": "59e6542b86f77411dc52a77a",
			"parentId": "I59618247243140400uRb6jc",
			"slotId": "main",
			"upd": {
				"StackObjectsCount": 60
			}
		},
		{
			"_id": "I59618241147959338bEy8lz",
			"_tpl": "5de653abf76fdc1ce94a5a2a",
			"parentId": "I59618249335179671ErVPJK",
			"slotId": "1",
			"location": {
				"x": 0,
				"y": 0,
				"r": "Horizontal"
			}
		},
		{
			"_id": "I596182464246023250yEvCQ",
			"_tpl": "59e655cb86f77411dc52a77b",
			"parentId": "I59618241147959338bEy8lz",
			"slotId": "cartridges",
			"upd": {
				"StackObjectsCount": 4
			}
		},
		{
			"_id": "I59618242458537124oZHHsL",
			"_tpl": "5de653abf76fdc1ce94a5a2a",
			"parentId": "I59618249335179671ErVPJK",
			"slotId": "1",
			"location": {
				"x": 0,
				"y": 1,
				"r": "Horizontal"
			}
		},
		{
			"_id": "I59618247304911197KzmrIV",
			"_tpl": "59e655cb86f77411dc52a77b",
			"parentId": "I59618242458537124oZHHsL",
			"slotId": "cartridges",
			"upd": {
				"StackObjectsCount": 4
			}
		},
		{
			"_id": "I59618249526338266wxz54L",
			"_tpl": "5de653abf76fdc1ce94a5a2a",
			"parentId": "I59618249335179671ErVPJK",
			"slotId": "3",
			"location": {
				"x": 0,
				"y": 1,
				"r": "Horizontal"
			}
		},
		{
			"_id": "I596182410636442879WRHvk",
			"_tpl": "59e6542b86f77411dc52a77a",
			"parentId": "I59618249526338266wxz54L",
			"slotId": "cartridges",
			"upd": {
				"StackObjectsCount": 4
			}
		},
		{
			"_id": "I59618248795474767EmaIjH",
			"_tpl": "5448be9a4bdc2dfd2f8b456a",
			"parentId": "I59618249335179671ErVPJK",
			"slotId": "5"
		},
		{
			"_id": "I59618245778667886wbiVR7",
			"_tpl": "59e6658b86f77411d949b250",
			"parentId": "I59618249335179671ErVPJK",
			"slotId": "8",
			"upd": {
				"StackObjectsCount": 26
			}
		},
		{
			"_id": "I59618248625161034QrQdvx",
			"_tpl": "58d3db5386f77426186285a0",
			"parentId": "I59618249335179671ErVPJK",
			"slotId": "10"
		},
		{
			"_id": "I59618248184314744QuEx5t",
			"_tpl": "54491bb74bdc2d09088b4567",
			"parentId": "5c6687d65e9d882c8841f0fd",
			"slotId": "Scabbard"
		},
		{
			"_id": "I59618243629143222aUV0kW",
			"_tpl": "5aa2b89be5b5b0001569311f",
			"parentId": "5c6687d65e9d882c8841f0fd",
			"slotId": "Headwear"
		},
		{
			"_id": "I59618243261911839c23b7v",
			"_tpl": "544a5cde4bdc2d39388b456b",
			"parentId": "5c6687d65e9d882c8841f0fd",
			"slotId": "Backpack"
		},
		{
			"_id": "I59618247269841632oDZmU1",
			"_tpl": "59387a4986f77401cc236e62",
			"parentId": "I59618243261911839c23b7v",
			"slotId": "main",
			"location": {
				"x": 0,
				"y": 0,
				"r": "Horizontal"
			}
		},
		{
			"_id": "I59618243488684533wha97M",
			"_tpl": "5780cda02459777b272ede61",
			"parentId": "I59618243261911839c23b7v",
			"slotId": "main",
			"location": {
				"x": 0,
				"y": 1,
				"r": "Horizontal"
			}
		},
		{
			"_id": "I59618243109307404rFlRGS",
			"_tpl": "5d40419286f774318526545f",
			"parentId": "I59618243261911839c23b7v",
			"slotId": "main",
			"location": {
				"x": 0,
				"y": 2,
				"r": "Horizontal"
			}
		},
		{
			"_id": "I59618242167618546Q5OYVv",
			"_tpl": "590c2d8786f774245b1f03f3",
			"parentId": "I59618243261911839c23b7v",
			"slotId": "main",
			"location": {
				"x": 1,
				"y": 0,
				"r": "Horizontal"
			}
		},
		{
			"_id": "I59618241871298788NjzuS7",
			"_tpl": "5c0e541586f7747fa54205c9",
			"parentId": "5c6687d65e9d882c8841f0fd",
			"slotId": "ArmorVest",
			"upd": {
				"Repairable": {
					"MaxDurability": 60,
					"Durability": 26
				}
			}
		}
	],
	"equipment": "5c6687d65e9d882c8841f0fd",
	"stash": "5c6687d65e9d882c8841f0fc",
	"questRaidItems": "5c6687d65e9d882c8841f0fe",
	"questStashItems": "5c6687d65e9d882c8841f0ff",
	"fastPanel": {}
}