{
	"items": [
		{
			"_id": "5c6687d65e9d882c8841f0fd",
			"_tpl": "55d7217a4bdc2d86028b456d"
		},
		{
			"_id": "5c6687d65e9d882c8841f121",
			"_tpl": "557ffd194bdc2d28148b457f",
			"parentId": "5c6687d65e9d882c8841f0fd",
			"slotId": "Pockets"
		},
		{
			"_id": "5c6687d65e9d882c8841f0fc",
			"_tpl": "566abbc34bdc2d92178b4576"
		},
		{
			"_id": "5c6687d65e9d882c8841f0ff",
			"_tpl": "5963866b86f7747bfa1c4462"
		},
		{
			"_id": "5c6687d65e9d882c8841f0fe",
			"_tpl": "5963866286f7747bf429b572"
		},
		{
			"_id": "I596182435045642554KChPk",
			"_tpl": "5e4abfed86f77406a2713cf7",
			"parentId": "5c6687d65e9d882c8841f0fd",
			"slotId": "TacticalVest"
		},
		{
			"_id": "I33102303730031505TZLMDy",
			"_tpl": "583990e32459771419544dd2",
			"parentId": "5c6687d65e9d882c8841f0fd",
			"slotId": "FirstPrimaryWeapon",
			"upd": {
				"Repairable": {
					"MaxDurability": 100,
					"Durability": 25
				}
			}
		},
		{
			"_id": "I33102307989103931N2Kw00",
			"_tpl": "5649ad3f4bdc2df8348b4585",
			"parentId": "I33102303730031505TZLMDy",
			"slotId": "mod_pistol_grip"
		},
		{
			"_id": "I59618242322867633uLLi6T",
			"_tpl": "5cbdaf89ae9215000e5b9c94",
			"parentId": "I33102303730031505TZLMDy",
			"slotId": "mod_magazine"
		},
		{
			"_id": "I59618248099069570to2Vwg",
			"_tpl": "56dff0bed2720bb0668b4567",
			"parentId": "I59618242322867633uLLi6T",
			"slotId": "cartridges",
			"upd": {
				"StackObjectsCount": 30
			}
		},
		{
			"_id": "I33102308164590742qZRmUg",
			"_tpl": "57dc324a24597759501edc20",
			"parentId": "I33102303730031505TZLMDy",
			"slotId": "mod_muzzle"
		},
		{
			"_id": "I33102309203048350rvJr4i",
			"_tpl": "59d36a0086f7747e673f3946",
			"parentId": "I33102303730031505TZLMDy",
			"slotId": "mod_gas_block"
		},
		{
			"_id": "I33102302388811623UyrSOM",
			"_tpl": "56dfef82d2720bbd668b4567",
			"parentId": "I33102303015895963IGu8iz",
			"slotId": "cartridges",
			"location": 0,
			"upd": {
				"StackObjectsCount": 30
			}
		},
		{
			"_id": "I33102301697240347uAkuT7",
			"_tpl": "57dc32dc245977596d4ef3d3",
			"parentId": "I33102309203048350rvJr4i",
			"slotId": "mod_handguard"
		},
		{
			"_id": "I59618248687238108cDpYVO",
			"_tpl": "5857a8bc2459772bad15db29",
			"parentId": "5c6687d65e9d882c8841f0fd",
			"slotId": "SecuredContainer"
		},
		{
			"_id": "I59618243523927311ygtLTr",
			"_tpl": "56dff3afd2720bba668b4567",
			"parentId": "I59618248687238108cDpYVO",
			"slotId": "main",
			"upd": {
				"StackObjectsCount": 60
			}
		},
		{
			"_id": "I59618244244882349cyCEI2",
			"_tpl": "56dff0bed2720bb0668b4567",
			"parentId": "I59618248687238108cDpYVO",
			"slotId": "main",
			"upd": {
				"StackObjectsCount": 60
			}
		},
		{
			"_id": "I59618242974578894FxsRxN",
			"_tpl": "5c0d5e4486f77478390952fe",
			"parentId": "I59618248687238108cDpYVO",
			"slotId": "main",
			"upd": {
				"StackObjectsCount": 60
			}
		},
		{
			"_id": "I5961824315268761200ZhDD",
			"_tpl": "56dff061d2720bb5668b4567",
			"parentId": "I59618248687238108cDpYVO",
			"slotId": "main",
			"upd": {
				"StackObjectsCount": 60
			}
		},
		{
			"_id": "I59618241140823474poW4D5",
			"_tpl": "56dff4ecd2720b5f5a8b4568",
			"parentId": "I59618248687238108cDpYVO",
			"slotId": "main",
			"upd": {
				"StackObjectsCount": 60
			}
		},
		{
			"_id": "I59618248670351352EuIk65",
			"_tpl": "56dff338d2720bbd668b4569",
			"parentId": "I59618248687238108cDpYVO",
			"slotId": "main",
			"upd": {
				"StackObjectsCount": 60
			}
		},
		{
			"_id": "I59618242509417449vKALuM",
			"_tpl": "56dff421d2720b5f5a8b4567",
			"parentId": "I59618248687238108cDpYVO",
			"slotId": "main",
			"upd": {
				"StackObjectsCount": 60
			}
		},
		{
			"_id": "I59618241141244618Dd2xYT",
			"_tpl": "56dff3afd2720bba668b4567",
			"parentId": "I59618248687238108cDpYVO",
			"slotId": "main",
			"upd": {
				"StackObjectsCount": 60
			}
		},
		{
			"_id": "I596182482594124545swOjH",
			"_tpl": "56dff061d2720bb5668b4567",
			"parentId": "I59618248687238108cDpYVO",
			"slotId": "main",
			"upd": {
				"StackObjectsCount": 60
			}
		},
		{
			"_id": "I59618244960849506B2TaDz",
			"_tpl": "564ca99c4bdc2d16268b4589",
			"parentId": "I596182435045642554KChPk",
			"slotId": "1",
			"location": {
				"x": 0,
				"y": 0,
				"r": "Horizontal"
			}
		},
		{
			"_id": "I59618242228317591omGJTK",
			"_tpl": "56dff026d2720bb8668b4567",
			"parentId": "I59618244960849506B2TaDz",
			"slotId": "cartridges",
			"upd": {
				"StackObjectsCount": 30
			}
		},
		{
			"_id": "I59618249895277340MnuCKL",
			"_tpl": "564ca99c4bdc2d16268b4589",
			"parentId": "I596182435045642554KChPk",
			"slotId": "4",
			"location": {
				"x": 0,
				"y": 0,
				"r": "Horizontal"
			}
		},
		{
			"_id": "I59618247456029572skLjgf",
			"_tpl": "56dff026d2720bb8668b4567",
			"parentId": "I59618249895277340MnuCKL",
			"slotId": "cartridges",
			"upd": {
				"StackObjectsCount": 30
			}
		},
		{
			"_id": "I59618247837683238zj6aKN",
			"_tpl": "5e32f56fcb6d5863cc5e5ee4",
			"parentId": "I596182435045642554KChPk",
			"slotId": "7"
		},
		{
			"_id": "I59618241440641100x0mXh4",
			"_tpl": "56dff338d2720bbd668b4569",
			"parentId": "I596182435045642554KChPk",
			"slotId": "10",
			"upd": {
				"StackObjectsCount": 16
			}
		},
		{
			"_id": "I59618242003120006O3ktDz",
			"_tpl": "57e26ea924597715ca604a09",
			"parentId": "5c6687d65e9d882c8841f0fd",
			"slotId": "Scabbard"
		},
		{
			"_id": "I59618246194905955wgi2Ft",
			"_tpl": "5aa2a7e8e5b5b00016327c16",
			"parentId": "5c6687d65e9d882c8841f0fd",
			"slotId": "Headwear"
		},
		{
			"_id": "I59618244243059272F2jbtd",
			"_tpl": "5bd0716d86f774171822ef4b",
			"parentId": "5c6687d65e9d882c8841f0fd",
			"slotId": "FaceCover"
		},
		{
			"_id": "I59618248051350528znSCrj",
			"_tpl": "5c0e541586f7747fa54205c9",
			"parentId": "5c6687d65e9d882c8841f0fd",
			"slotId": "ArmorVest",
			"upd": {
				"Repairable": {
					"MaxDurability": 60,
					"Durability": 42
				}
			}
		},
		{
			"_id": "I596182412632967454nIBub",
			"_tpl": "5a0ee30786f774023b6ee08f",
			"parentId": "5c6687d65e9d882c8841f121",
			"slotId": "pocket1",
			"location": {
				"x": 0,
				"y": 0,
				"r": "Horizontal"
			},
			"upd": {
				"SpawnedInSession": true
			}
		}
	],
	"equipment": "5c6687d65e9d882c8841f0fd",
	"stash": "5c6687d65e9d882c8841f0fc",
	"questRaidItems": "5c6687d65e9d882c8841f0fe",
	"questStashItems": "5c6687d65e9d882c8841f0ff",
	"fastPanel": {}
}