{
	"items": [
		{
			"_id": "5c6687d65e9d882c8841f0fd",
			"_tpl": "55d7217a4bdc2d86028b456d"
		},
		{
			"_id": "5c6687d65e9d882c8841f121",
			"_tpl": "557ffd194bdc2d28148b457f",
			"parentId": "5c6687d65e9d882c8841f0fd",
			"slotId": "Pockets"
		},
		{
			"_id": "5c6687d65e9d882c8841f0fc",
			"_tpl": "566abbc34bdc2d92178b4576"
		},
		{
			"_id": "5c6687d65e9d882c8841f0ff",
			"_tpl": "5963866b86f7747bfa1c4462"
		},
		{
			"_id": "5c6687d65e9d882c8841f0fe",
			"_tpl": "5963866286f7747bf429b572"
		},
		{
			"_id": "I59618247775695895Eq1WoQ",
			"_tpl": "5648a69d4bdc2ded0b8b457b",
			"parentId": "5c6687d65e9d882c8841f0fd",
			"slotId": "TacticalVest"
		},
		{
			"_id": "I210015102641588730FeBQk",
			"_tpl": "57f4c844245977379d5c14d1",
			"parentId": "5c6687d65e9d882c8841f0fd",
			"slotId": "FirstPrimaryWeapon",
			"upd": {
				"Repairable": {
					"MaxDurability": 100,
					"Durability": 73
				}
			}
		},
		{
			"_id": "I210015108752448856835CJ",
			"_tpl": "57d152ec245977144076ccdf",
			"parentId": "I210015102641588730FeBQk",
			"slotId": "mod_pistol_grip"
		},
		{
			"_id": "I59618247313545470HiOc4B",
			"_tpl": "57d1519e24597714373db79d",
			"parentId": "I210015102641588730FeBQk",
			"slotId": "mod_magazine"
		},
		{
			"_id": "I59618244740254144SouuzS",
			"_tpl": "573720e02459776143012541",
			"parentId": "I59618247313545470HiOc4B",
			"slotId": "cartridges",
			"upd": {
				"StackObjectsCount": 30
			}
		},
		{
			"_id": "I59618247917483858u4MHKz",
			"_tpl": "5857a8bc2459772bad15db29",
			"parentId": "5c6687d65e9d882c8841f0fd",
			"slotId": "SecuredContainer"
		},
		{
			"_id": "I59618241529185647tuyY4h",
			"_tpl": "573719df2459775a626ccbc2",
			"parentId": "I59618247917483858u4MHKz",
			"slotId": "main",
			"upd": {
				"StackObjectsCount": 60
			}
		},
		{
			"_id": "I59618246976852320r9GfaH",
			"_tpl": "573718ba2459775a75491131",
			"parentId": "I59618247917483858u4MHKz",
			"slotId": "main",
			"upd": {
				"StackObjectsCount": 60
			}
		},
		{
			"_id": "I59618241779407259P7wUxQ",
			"_tpl": "57371aab2459775a77142f22",
			"parentId": "I59618247917483858u4MHKz",
			"slotId": "main",
			"upd": {
				"StackObjectsCount": 60
			}
		},
		{
			"_id": "I596182497210748009gaOtx",
			"_tpl": "57371eb62459776125652ac1",
			"parentId": "I59618247917483858u4MHKz",
			"slotId": "main",
			"upd": {
				"StackObjectsCount": 60
			}
		},
		{
			"_id": "I596182449117989020tpakB",
			"_tpl": "57371f8d24597761006c6a81",
			"parentId": "I59618247917483858u4MHKz",
			"slotId": "main",
			"upd": {
				"StackObjectsCount": 60
			}
		},
		{
			"_id": "I59618249165030126aaJZAU",
			"_tpl": "57371f2b24597761224311f1",
			"parentId": "I59618247917483858u4MHKz",
			"slotId": "main",
			"upd": {
				"StackObjectsCount": 60
			}
		},
		{
			"_id": "I59618248613397615oTVHWo",
			"_tpl": "57371eb62459776125652ac1",
			"parentId": "I59618247917483858u4MHKz",
			"slotId": "main",
			"upd": {
				"StackObjectsCount": 60
			}
		},
		{
			"_id": "I59618246359686023XKrqlG",
			"_tpl": "57371b192459775a9f58a5e0",
			"parentId": "I59618247917483858u4MHKz",
			"slotId": "main",
			"upd": {
				"StackObjectsCount": 60
			}
		},
		{
			"_id": "I59618247315238632GsEdlW",
			"_tpl": "5737207f24597760ff7b25f2",
			"parentId": "I59618247917483858u4MHKz",
			"slotId": "main",
			"upd": {
				"StackObjectsCount": 60
			}
		},
		{
			"_id": "I59618249014993887Iv9i4x",
			"_tpl": "57d1519e24597714373db79d",
			"parentId": "I59618247775695895Eq1WoQ",
			"slotId": "1",
			"location": {
				"x": 0,
				"y": 0,
				"r": "Horizontal"
			}
		},
		{
			"_id": "I59618246286131538nuFX2T",
			"_tpl": "5737201124597760fc4431f1",
			"parentId": "I59618249014993887Iv9i4x",
			"slotId": "cartridges",
			"upd": {
				"StackObjectsCount": 30
			}
		},
		{
			"_id": "I59618246650577194E4DeZB",
			"_tpl": "57d1519e24597714373db79d",
			"parentId": "I59618247775695895Eq1WoQ",
			"slotId": "3",
			"location": {
				"x": 0,
				"y": 0,
				"r": "Horizontal"
			}
		},
		{
			"_id": "I59618249881522118Z0O7bS",
			"_tpl": "5737218f245977612125ba51",
			"parentId": "I59618246650577194E4DeZB",
			"slotId": "cartridges",
			"upd": {
				"StackObjectsCount": 30
			}
		},
		{
			"_id": "I59618245275655765airVpy",
			"_tpl": "57d1519e24597714373db79d",
			"parentId": "I59618247775695895Eq1WoQ",
			"slotId": "10",
			"location": {
				"x": 0,
				"y": 0,
				"r": "Horizontal"
			}
		},
		{
			"_id": "I59618244830872630E1OHjP",
			"_tpl": "573718ba2459775a75491131",
			"parentId": "I59618245275655765airVpy",
			"slotId": "cartridges",
			"upd": {
				"StackObjectsCount": 30
			}
		},
		{
			"_id": "I59618249618085233H63cQT",
			"_tpl": "57d1519e24597714373db79d",
			"parentId": "I59618247775695895Eq1WoQ",
			"slotId": "5",
			"location": {
				"x": 1,
				"y": 0,
				"r": "Horizontal"
			}
		},
		{
			"_id": "I596182492305182160Lm0bo",
			"_tpl": "573719df2459775a626ccbc2",
			"parentId": "I59618249618085233H63cQT",
			"slotId": "cartridges",
			"upd": {
				"StackObjectsCount": 30
			}
		},
		{
			"_id": "I59618243668631776ctoIDr",
			"_tpl": "5e32f56fcb6d5863cc5e5ee4",
			"parentId": "I59618247775695895Eq1WoQ",
			"slotId": "7"
		},
		{
			"_id": "I59618248688063604aSr9et",
			"_tpl": "57371b192459775a9f58a5e0",
			"parentId": "I59618247775695895Eq1WoQ",
			"slotId": "8",
			"upd": {
				"StackObjectsCount": 35
			}
		},
		{
			"_id": "I59618245486349591g9BzaA",
			"_tpl": "57e26fc7245977162a14b800",
			"parentId": "5c6687d65e9d882c8841f0fd",
			"slotId": "Scabbard"
		},
		{
			"_id": "I59618246811578176Yeuqc1",
			"_tpl": "59e770f986f7742cbe3164ef",
			"parentId": "5c6687d65e9d882c8841f0fd",
			"slotId": "Headwear"
		},
		{
			"_id": "I596182416808001381fmy8R",
			"_tpl": "59e770b986f7742cbd762754",
			"parentId": "5c6687d65e9d882c8841f0fd",
			"slotId": "Eyewear"
		},
		{
			"_id": "I59618242995607365gQJHwD",
			"_tpl": "56e33634d2720bd8058b456b",
			"parentId": "5c6687d65e9d882c8841f0fd",
			"slotId": "Backpack"
		},
		{
			"_id": "I59618247778821117knqM9K",
			"_tpl": "57513fcc24597720a31c09a6",
			"parentId": "I59618242995607365gQJHwD",
			"slotId": "main",
			"location": {
				"x": 0,
				"y": 0,
				"r": "Horizontal"
			}
		},
		{
			"_id": "I59618246297619394d0Lgeq",
			"_tpl": "57347da92459774491567cf5",
			"parentId": "I59618242995607365gQJHwD",
			"slotId": "main",
			"location": {
				"x": 0,
				"y": 2,
				"r": "Horizontal"
			}
		},
		{
			"_id": "I59618246329712327jeEZEr",
			"_tpl": "57347b8b24597737dd42e192",
			"parentId": "I59618242995607365gQJHwD",
			"slotId": "main",
			"location": {
				"x": 1,
				"y": 0,
				"r": "Horizontal"
			}
		},
		{
			"_id": "I59618243765925206IrJQNI",
			"_tpl": "57347d692459774491567cf1",
			"parentId": "I59618242995607365gQJHwD",
			"slotId": "main",
			"location": {
				"x": 1,
				"y": 1,
				"r": "Horizontal"
			}
		},
		{
			"_id": "I596182468841057625dHQR7",
			"_tpl": "5c13cd2486f774072c757944",
			"parentId": "I59618242995607365gQJHwD",
			"slotId": "main",
			"location": {
				"x": 1,
				"y": 2,
				"r": "Horizontal"
			}
		},
		{
			"_id": "I59618245145258579iKSt9L",
			"_tpl": "544fb45d4bdc2dee738b4568",
			"parentId": "I59618242995607365gQJHwD",
			"slotId": "main",
			"location": {
				"x": 2,
				"y": 0,
				"r": "Horizontal"
			}
		},
		{
			"_id": "I59618244231900593sPzF9W",
			"_tpl": "5e2aef7986f7746d3f3c33f5",
			"parentId": "I59618242995607365gQJHwD",
			"slotId": "main",
			"location": {
				"x": 3,
				"y": 0,
				"r": "Horizontal"
			}
		},
		{
			"_id": "I59618246934645755BH3TSz",
			"_tpl": "5e2af29386f7746d4159f077",
			"parentId": "5c6687d65e9d882c8841f121",
			"slotId": "pocket1",
			"location": {
				"x": 0,
				"y": 0,
				"r": "Horizontal"
			},
			"upd": {
				"SpawnedInSession": true
			}
		}
	],
	"equipment": "5c6687d65e9d882c8841f0fd",
	"stash": "5c6687d65e9d882c8841f0fc",
	"questRaidItems": "5c6687d65e9d882c8841f0fe",
	"questStashItems": "5c6687d65e9d882c8841f0ff",
	"fastPanel": {}
}