{
	"items": [
		{
			"_id": "5c6687d65e9d882c8841f0fd",
			"_tpl": "55d7217a4bdc2d86028b456d"
		},
		{
			"_id": "5c6687d65e9d882c8841f121",
			"_tpl": "557ffd194bdc2d28148b457f",
			"parentId": "5c6687d65e9d882c8841f0fd",
			"slotId": "Pockets"
		},
		{
			"_id": "5c6687d65e9d882c8841f0fc",
			"_tpl": "566abbc34bdc2d92178b4576"
		},
		{
			"_id": "5c6687d65e9d882c8841f0ff",
			"_tpl": "5963866b86f7747bfa1c4462"
		},
		{
			"_id": "5c6687d65e9d882c8841f0fe",
			"_tpl": "5963866286f7747bf429b572"
		},
		{
			"_id": "I59618249180493247NHpbbf",
			"_tpl": "5b44c8ea86f7742d1627baf1",
			"parentId": "5c6687d65e9d882c8841f0fd",
			"slotId": "TacticalVest"
		},
		{
			"_id": "I331039179860646814DlpwL",
			"_tpl": "59e6152586f77473dc057aa1",
			"parentId": "5c6687d65e9d882c8841f0fd",
			"slotId": "FirstPrimaryWeapon",
			"upd": {
				"Repairable": {
					"MaxDurability": 100,
					"Durability": 30
				}
			}
		},
		{
			"_id": "I331039174411152447ZbjJ3",
			"_tpl": "59e649f986f77411d949b246",
			"parentId": "I331039179860646814DlpwL",
			"slotId": "mod_gas_block"
		},
		{
			"_id": "I331039178642659654y2W2Q",
			"_tpl": "59e61eb386f77440d64f5daf",
			"parentId": "I331039179860646814DlpwL",
			"slotId": "mod_muzzle"
		},
		{
			"_id": "I3310391781899063462DgCY",
			"_tpl": "59e6318286f77444dd62c4cc",
			"parentId": "I331039179860646814DlpwL",
			"slotId": "mod_pistol_grip"
		},
		{
			"_id": "I3310391752734306735x2aE",
			"_tpl": "59d650cf86f7741b846413a4",
			"parentId": "I331039179860646814DlpwL",
			"slotId": "mod_sight_rear",
			"upd": {
				"Sight": {
					"SelectedSightMode": 0
				}
			}
		},
		{
			"_id": "I59618249401398778xQn47Y",
			"_tpl": "59d6272486f77466146386ff",
			"parentId": "I331039179860646814DlpwL",
			"slotId": "mod_magazine"
		},
		{
			"_id": "I596182418054668510SXqMO",
			"_tpl": "5656d7c34bdc2d9d198b4587",
			"parentId": "I59618249401398778xQn47Y",
			"slotId": "cartridges",
			"upd": {
				"StackObjectsCount": 30
			}
		},
		{
			"_id": "I331039175782544829KijoY",
			"_tpl": "59e6284f86f77440d569536f",
			"parentId": "I331039174411152447ZbjJ3",
			"slotId": "mod_handguard"
		},
		{
			"_id": "I59618243247334418W1b0cC",
			"_tpl": "5857a8bc2459772bad15db29",
			"parentId": "5c6687d65e9d882c8841f0fd",
			"slotId": "SecuredContainer"
		},
		{
			"_id": "I596182434811551472udgG4",
			"_tpl": "5656d7c34bdc2d9d198b4587",
			"parentId": "I59618243247334418W1b0cC",
			"slotId": "main",
			"upd": {
				"StackObjectsCount": 60
			}
		},
		{
			"_id": "I59618248068168236cknR7g",
			"_tpl": "59e4d3d286f774176a36250a",
			"parentId": "I59618243247334418W1b0cC",
			"slotId": "main",
			"upd": {
				"StackObjectsCount": 60
			}
		},
		{
			"_id": "I59618242309144944iKG0xm",
			"_tpl": "59e0d99486f7744a32234762",
			"parentId": "I59618243247334418W1b0cC",
			"slotId": "main",
			"upd": {
				"StackObjectsCount": 60
			}
		},
		{
			"_id": "I59618248466212255wor6Y8",
			"_tpl": "59e4d3d286f774176a36250a",
			"parentId": "I59618243247334418W1b0cC",
			"slotId": "main",
			"upd": {
				"StackObjectsCount": 60
			}
		},
		{
			"_id": "I59618243861234946FYkt8a",
			"_tpl": "59e4d24686f7741776641ac7",
			"parentId": "I59618243247334418W1b0cC",
			"slotId": "main",
			"upd": {
				"StackObjectsCount": 60
			}
		},
		{
			"_id": "I59618246803849688fcaqkE",
			"_tpl": "59e0d99486f7744a32234762",
			"parentId": "I59618243247334418W1b0cC",
			"slotId": "main",
			"upd": {
				"StackObjectsCount": 60
			}
		},
		{
			"_id": "I59618242222541883m8kygy",
			"_tpl": "5656d7c34bdc2d9d198b4587",
			"parentId": "I59618243247334418W1b0cC",
			"slotId": "main",
			"upd": {
				"StackObjectsCount": 60
			}
		},
		{
			"_id": "I59618248012334613TXk7gu",
			"_tpl": "5656d7c34bdc2d9d198b4587",
			"parentId": "I59618243247334418W1b0cC",
			"slotId": "main",
			"upd": {
				"StackObjectsCount": 60
			}
		},
		{
			"_id": "I596182443068191676dUFaQ",
			"_tpl": "59e4d3d286f774176a36250a",
			"parentId": "I59618243247334418W1b0cC",
			"slotId": "main",
			"upd": {
				"StackObjectsCount": 60
			}
		},
		{
			"_id": "I59618247881503633JkjQVv",
			"_tpl": "59d625f086f774661516605d",
			"parentId": "I59618249180493247NHpbbf",
			"slotId": "2",
			"location": {
				"x": 0,
				"y": 0,
				"r": "Horizontal"
			}
		},
		{
			"_id": "I59618241649782871UJhrDv",
			"_tpl": "59e4d3d286f774176a36250a",
			"parentId": "I59618247881503633JkjQVv",
			"slotId": "cartridges",
			"upd": {
				"StackObjectsCount": 30
			}
		},
		{
			"_id": "I59618247187531387HXRKEm",
			"_tpl": "59d625f086f774661516605d",
			"parentId": "I59618249180493247NHpbbf",
			"slotId": "4",
			"location": {
				"x": 0,
				"y": 0,
				"r": "Horizontal"
			}
		},
		{
			"_id": "I59618247848582226daL2gD",
			"_tpl": "59e4cf5286f7741778269d8a",
			"parentId": "I59618247187531387HXRKEm",
			"slotId": "cartridges",
			"upd": {
				"StackObjectsCount": 30
			}
		},
		{
			"_id": "I59618247561176941VjuF4G",
			"_tpl": "59d625f086f774661516605d",
			"parentId": "I59618249180493247NHpbbf",
			"slotId": "6",
			"location": {
				"x": 0,
				"y": 0,
				"r": "Horizontal"
			}
		},
		{
			"_id": "I596182410750353319NCoa6",
			"_tpl": "59e4d24686f7741776641ac7",
			"parentId": "I59618247561176941VjuF4G",
			"slotId": "cartridges",
			"upd": {
				"StackObjectsCount": 30
			}
		},
		{
			"_id": "I59618247059709958V0Ga8i",
			"_tpl": "59d625f086f774661516605d",
			"parentId": "I59618249180493247NHpbbf",
			"slotId": "8",
			"location": {
				"x": 0,
				"y": 0,
				"r": "Horizontal"
			}
		},
		{
			"_id": "I59618244234261464BBOqCJ",
			"_tpl": "59e4d3d286f774176a36250a",
			"parentId": "I59618247059709958V0Ga8i",
			"slotId": "cartridges",
			"upd": {
				"StackObjectsCount": 30
			}
		},
		{
			"_id": "I59618245694823817R9RnUk",
			"_tpl": "54491bb74bdc2d09088b4567",
			"parentId": "5c6687d65e9d882c8841f0fd",
			"slotId": "Scabbard"
		},
		{
			"_id": "I59618242097205593m3jvfY",
			"_tpl": "5e54f76986f7740366043752",
			"parentId": "5c6687d65e9d882c8841f0fd",
			"slotId": "FaceCover"
		},
		{
			"_id": "I59618243977579338GvFCa2",
			"_tpl": "5c0e5edb86f77461f55ed1f7",
			"parentId": "5c6687d65e9d882c8841f0fd",
			"slotId": "ArmorVest",
			"upd": {
				"Repairable": {
					"MaxDurability": 50,
					"Durability": 15
				}
			}
		},
		{
			"_id": "I59618244275758736L5dRhc",
			"_tpl": "5c052e6986f7746b207bc3c9",
			"parentId": "5c6687d65e9d882c8841f121",
			"slotId": "pocket1",
			"location": {
				"x": 0,
				"y": 0,
				"r": "Horizontal"
			},
			"upd": {
				"SpawnedInSession": true
			}
		}
	],
	"equipment": "5c6687d65e9d882c8841f0fd",
	"stash": "5c6687d65e9d882c8841f0fc",
	"questRaidItems": "5c6687d65e9d882c8841f0fe",
	"questStashItems": "5c6687d65e9d882c8841f0ff",
	"fastPanel": {}
}