{
	"items": [
		{
			"_id": "5c6687d65e9d882c8841f0fd",
			"_tpl": "55d7217a4bdc2d86028b456d"
		},
		{
			"_id": "5c6687d65e9d882c8841f121",
			"_tpl": "557ffd194bdc2d28148b457f",
			"parentId": "5c6687d65e9d882c8841f0fd",
			"slotId": "Pockets"
		},
		{
			"_id": "5c6687d65e9d882c8841f0fc",
			"_tpl": "566abbc34bdc2d92178b4576"
		},
		{
			"_id": "5c6687d65e9d882c8841f0ff",
			"_tpl": "5963866b86f7747bfa1c4462"
		},
		{
			"_id": "5c6687d65e9d882c8841f0fe",
			"_tpl": "5963866286f7747bf429b572"
		},
		{
			"_id": "I596182464166666860aCAVz",
			"_tpl": "5929a2a086f7744f4b234d43",
			"parentId": "5c6687d65e9d882c8841f0fd",
			"slotId": "TacticalVest"
		},
		{
			"_id": "I331021172295131283iAtis",
			"_tpl": "57dc2fa62459775949412633",
			"parentId": "5c6687d65e9d882c8841f0fd",
			"slotId": "FirstPrimaryWeapon",
			"upd": {
				"Repairable": {
					"MaxDurability": 100,
					"Durability": 74
				}
			}
		},
		{
			"_id": "I331021179895753027zqXMY",
			"_tpl": "57e3dba62459770f0c32322b",
			"parentId": "I331021172295131283iAtis",
			"slotId": "mod_pistol_grip"
		},
		{
			"_id": "I59618241861243009qdLfza",
			"_tpl": "55d4837c4bdc2d1d4e8b456c",
			"parentId": "I331021172295131283iAtis",
			"slotId": "mod_magazine"
		},
		{
			"_id": "I59618242593199517KFpVoQ",
			"_tpl": "56dfef82d2720bbd668b4567",
			"parentId": "I59618241861243009qdLfza",
			"slotId": "cartridges",
			"upd": {
				"StackObjectsCount": 10
			}
		},
		{
			"_id": "I331021177967284261Fgl5k",
			"_tpl": "57dc324a24597759501edc20",
			"parentId": "I331021172295131283iAtis",
			"slotId": "mod_muzzle"
		},
		{
			"_id": "I331021175482176210fLGPi",
			"_tpl": "59d36a0086f7747e673f3946",
			"parentId": "I331021172295131283iAtis",
			"slotId": "mod_gas_block"
		},
		{
			"_id": "I331021171408958402HrbPn",
			"_tpl": "56dfef82d2720bbd668b4567",
			"parentId": "I331021179769622561Kmxrw",
			"slotId": "cartridges",
			"location": 0,
			"upd": {
				"StackObjectsCount": 30
			}
		},
		{
			"_id": "I331021172468972701AZA8j",
			"_tpl": "57dc32dc245977596d4ef3d3",
			"parentId": "I331021175482176210fLGPi",
			"slotId": "mod_handguard"
		},
		{
			"_id": "I59618243162371593LZapDq",
			"_tpl": "5857a8bc2459772bad15db29",
			"parentId": "5c6687d65e9d882c8841f0fd",
			"slotId": "SecuredContainer"
		},
		{
			"_id": "I59618249557166810ALwpb8",
			"_tpl": "56dff421d2720b5f5a8b4567",
			"parentId": "I59618243162371593LZapDq",
			"slotId": "main",
			"upd": {
				"StackObjectsCount": 60
			}
		},
		{
			"_id": "I59618249904286902JF89vq",
			"_tpl": "56dff4a2d2720bbd668b456a",
			"parentId": "I59618243162371593LZapDq",
			"slotId": "main",
			"upd": {
				"StackObjectsCount": 60
			}
		},
		{
			"_id": "I59618248960366020wakxyD",
			"_tpl": "56dff338d2720bbd668b4569",
			"parentId": "I59618243162371593LZapDq",
			"slotId": "main",
			"upd": {
				"StackObjectsCount": 60
			}
		},
		{
			"_id": "I59618243588008423NQozf8",
			"_tpl": "56dff4a2d2720bbd668b456a",
			"parentId": "I59618243162371593LZapDq",
			"slotId": "main",
			"upd": {
				"StackObjectsCount": 60
			}
		},
		{
			"_id": "I596182462319670259fGqHk",
			"_tpl": "56dff4a2d2720bbd668b456a",
			"parentId": "I59618243162371593LZapDq",
			"slotId": "main",
			"upd": {
				"StackObjectsCount": 60
			}
		},
		{
			"_id": "I59618243986800036Y2szNJ",
			"_tpl": "56dff3afd2720bba668b4567",
			"parentId": "I59618243162371593LZapDq",
			"slotId": "main",
			"upd": {
				"StackObjectsCount": 60
			}
		},
		{
			"_id": "I59618244484079992GJkvUC",
			"_tpl": "56dff338d2720bbd668b4569",
			"parentId": "I59618243162371593LZapDq",
			"slotId": "main",
			"upd": {
				"StackObjectsCount": 60
			}
		},
		{
			"_id": "I596182453197990367jWjKl",
			"_tpl": "56dff4ecd2720b5f5a8b4568",
			"parentId": "I59618243162371593LZapDq",
			"slotId": "main",
			"upd": {
				"StackObjectsCount": 60
			}
		},
		{
			"_id": "I59618248596348095bOdJCi",
			"_tpl": "56dff4a2d2720bbd668b456a",
			"parentId": "I59618243162371593LZapDq",
			"slotId": "main",
			"upd": {
				"StackObjectsCount": 60
			}
		},
		{
			"_id": "I596182426347160093VJJR6",
			"_tpl": "55d4837c4bdc2d1d4e8b456c",
			"parentId": "I596182464166666860aCAVz",
			"slotId": "3",
			"location": {
				"x": 0,
				"y": 0,
				"r": "Horizontal"
			}
		},
		{
			"_id": "I59618248075659332BTUtvo",
			"_tpl": "56dff026d2720bb8668b4567",
			"parentId": "I596182426347160093VJJR6",
			"slotId": "cartridges",
			"upd": {
				"StackObjectsCount": 10
			}
		},
		{
			"_id": "I59618242410902169dIKlYp",
			"_tpl": "55d4837c4bdc2d1d4e8b456c",
			"parentId": "I596182464166666860aCAVz",
			"slotId": "3",
			"location": {
				"x": 0,
				"y": 1,
				"r": "Horizontal"
			}
		},
		{
			"_id": "I59618242662879335Gp3AsJ",
			"_tpl": "56dfef82d2720bbd668b4567",
			"parentId": "I59618242410902169dIKlYp",
			"slotId": "cartridges",
			"upd": {
				"StackObjectsCount": 10
			}
		},
		{
			"_id": "I59618249921295168duZpL1",
			"_tpl": "55d4837c4bdc2d1d4e8b456c",
			"parentId": "I596182464166666860aCAVz",
			"slotId": "5",
			"location": {
				"x": 0,
				"y": 0,
				"r": "Horizontal"
			}
		},
		{
			"_id": "I59618241008599116Y0gAGv",
			"_tpl": "56dff026d2720bb8668b4567",
			"parentId": "I59618249921295168duZpL1",
			"slotId": "cartridges",
			"upd": {
				"StackObjectsCount": 10
			}
		},
		{
			"_id": "I59618247578981299sVeNQu",
			"_tpl": "56dff2ced2720bb4668b4567",
			"parentId": "I596182464166666860aCAVz",
			"slotId": "1",
			"upd": {
				"StackObjectsCount": 35
			}
		},
		{
			"_id": "I59618245697259904sbgdwf",
			"_tpl": "56dff338d2720bbd668b4569",
			"parentId": "I596182464166666860aCAVz",
			"slotId": "8",
			"upd": {
				"StackObjectsCount": 29
			}
		},
		{
			"_id": "I59618249431430103yfLHRE",
			"_tpl": "57e26ea924597715ca604a09",
			"parentId": "5c6687d65e9d882c8841f0fd",
			"slotId": "Scabbard"
		},
		{
			"_id": "I59618245435923873E2AhX7",
			"_tpl": "5e00c1ad86f774747333222c",
			"parentId": "5c6687d65e9d882c8841f0fd",
			"slotId": "Headwear"
		},
		{
			"_id": "I596182441350761788QJFUV",
			"_tpl": "5e00cfa786f77469dc6e5685",
			"parentId": "I59618245435923873E2AhX7",
			"slotId": "mod_equipment_000",
			"upd": {
				"Togglable": {
					"On": true
				}
			}
		},
		{
			"_id": "I596182478060819811lRuTn",
			"_tpl": "5c1a1cc52e221602b3136e3d",
			"parentId": "5c6687d65e9d882c8841f0fd",
			"slotId": "Eyewear"
		},
		{
			"_id": "I596182435276570485oPg3g",
			"_tpl": "5df8a2ca86f7740bfe6df777",
			"parentId": "5c6687d65e9d882c8841f0fd",
			"slotId": "ArmorVest",
			"upd": {
				"Repairable": {
					"MaxDurability": 80,
					"Durability": 37
				}
			}
		}
	],
	"equipment": "5c6687d65e9d882c8841f0fd",
	"stash": "5c6687d65e9d882c8841f0fc",
	"questRaidItems": "5c6687d65e9d882c8841f0fe",
	"questStashItems": "5c6687d65e9d882c8841f0ff",
	"fastPanel": {}
}