{
	"items": [
		{
			"_id": "5c6687d65e9d882c8841f0fd",
			"_tpl": "55d7217a4bdc2d86028b456d"
		},
		{
			"_id": "5c6687d65e9d882c8841f121",
			"_tpl": "557ffd194bdc2d28148b457f",
			"parentId": "5c6687d65e9d882c8841f0fd",
			"slotId": "Pockets"
		},
		{
			"_id": "5c6687d65e9d882c8841f0fc",
			"_tpl": "566abbc34bdc2d92178b4576"
		},
		{
			"_id": "5c6687d65e9d882c8841f0ff",
			"_tpl": "5963866b86f7747bfa1c4462"
		},
		{
			"_id": "5c6687d65e9d882c8841f0fe",
			"_tpl": "5963866286f7747bf429b572"
		},
		{
			"_id": "I596182467436974666g1Gap",
			"_tpl": "572b7adb24597762ae139821",
			"parentId": "5c6687d65e9d882c8841f0fd",
			"slotId": "TacticalVest"
		},
		{
			"_id": "I331017482780841435AhGt6",
			"_tpl": "5ab8e9fcd8ce870019439434",
			"parentId": "5c6687d65e9d882c8841f0fd",
			"slotId": "FirstPrimaryWeapon",
			"upd": {
				"Repairable": {
					"MaxDurability": 100,
					"Durability": 36
				}
			}
		},
		{
			"_id": "I3310174856292415005HYwu",
			"_tpl": "59c6633186f7740cf0493bb9",
			"parentId": "I331017482780841435AhGt6",
			"slotId": "mod_gas_block"
		},
		{
			"_id": "I331017485185961610JvntI",
			"_tpl": "5649aa744bdc2ded0b8b457e",
			"parentId": "I331017482780841435AhGt6",
			"slotId": "mod_muzzle"
		},
		{
			"_id": "I3310174882290139167WR2R",
			"_tpl": "57e3dba62459770f0c32322b",
			"parentId": "I331017482780841435AhGt6",
			"slotId": "mod_pistol_grip"
		},
		{
			"_id": "I331017482580523344idHJD",
			"_tpl": "5649b0544bdc2d1b2b8b458a",
			"parentId": "I331017482780841435AhGt6",
			"slotId": "mod_sight_rear",
			"upd": {
				"Sight": {
					"SelectedSightMode": 0
				}
			}
		},
		{
			"_id": "I331017484401527346Lw7Hl",
			"_tpl": "5ab626e4d8ce87272e4c6e43",
			"parentId": "I331017482780841435AhGt6",
			"slotId": "mod_stock"
		},
		{
			"_id": "I59618245568574255Gi1GKp",
			"_tpl": "55d4837c4bdc2d1d4e8b456c",
			"parentId": "I331017482780841435AhGt6",
			"slotId": "mod_magazine"
		},
		{
			"_id": "I59618241725753801q5oaOL",
			"_tpl": "56dfef82d2720bbd668b4567",
			"parentId": "I59618245568574255Gi1GKp",
			"slotId": "cartridges",
			"upd": {
				"StackObjectsCount": 10
			}
		},
		{
			"_id": "I331017485538352065oHxLJ",
			"_tpl": "5648b0744bdc2d363b8b4578",
			"parentId": "I3310174856292415005HYwu",
			"slotId": "mod_handguard"
		},
		{
			"_id": "I59618245600881725Axt4iV",
			"_tpl": "5857a8bc2459772bad15db29",
			"parentId": "5c6687d65e9d882c8841f0fd",
			"slotId": "SecuredContainer"
		},
		{
			"_id": "I59618241303581083Iw2JbG",
			"_tpl": "56dff061d2720bb5668b4567",
			"parentId": "I59618245600881725Axt4iV",
			"slotId": "main",
			"upd": {
				"StackObjectsCount": 60
			}
		},
		{
			"_id": "I59618246538751141t50WUG",
			"_tpl": "56dff3afd2720bba668b4567",
			"parentId": "I59618245600881725Axt4iV",
			"slotId": "main",
			"upd": {
				"StackObjectsCount": 60
			}
		},
		{
			"_id": "I59618246911165167BBijM7",
			"_tpl": "56dff4ecd2720b5f5a8b4568",
			"parentId": "I59618245600881725Axt4iV",
			"slotId": "main",
			"upd": {
				"StackObjectsCount": 60
			}
		},
		{
			"_id": "I59618247973700624eKWg6m",
			"_tpl": "56dfef82d2720bbd668b4567",
			"parentId": "I59618245600881725Axt4iV",
			"slotId": "main",
			"upd": {
				"StackObjectsCount": 60
			}
		},
		{
			"_id": "I59618244823956218MN9O0R",
			"_tpl": "56dff061d2720bb5668b4567",
			"parentId": "I59618245600881725Axt4iV",
			"slotId": "main",
			"upd": {
				"StackObjectsCount": 60
			}
		},
		{
			"_id": "I59618247520580438BGi4vq",
			"_tpl": "56dff2ced2720bb4668b4567",
			"parentId": "I59618245600881725Axt4iV",
			"slotId": "main",
			"upd": {
				"StackObjectsCount": 60
			}
		},
		{
			"_id": "I59618247274695563Hmfd1q",
			"_tpl": "56dff026d2720bb8668b4567",
			"parentId": "I59618245600881725Axt4iV",
			"slotId": "main",
			"upd": {
				"StackObjectsCount": 60
			}
		},
		{
			"_id": "I59618248635220278IXDSiN",
			"_tpl": "56dff216d2720bbd668b4568",
			"parentId": "I59618245600881725Axt4iV",
			"slotId": "main",
			"upd": {
				"StackObjectsCount": 60
			}
		},
		{
			"_id": "I59618244275956173AzhI3v",
			"_tpl": "5c0d5e4486f77478390952fe",
			"parentId": "I59618245600881725Axt4iV",
			"slotId": "main",
			"upd": {
				"StackObjectsCount": 60
			}
		},
		{
			"_id": "I59618247188864822FoCbne",
			"_tpl": "55d4837c4bdc2d1d4e8b456c",
			"parentId": "I596182467436974666g1Gap",
			"slotId": "2",
			"location": {
				"x": 0,
				"y": 0,
				"r": "Horizontal"
			}
		},
		{
			"_id": "I596182441696366998oSDar",
			"_tpl": "56dff2ced2720bb4668b4567",
			"parentId": "I59618247188864822FoCbne",
			"slotId": "cartridges",
			"upd": {
				"StackObjectsCount": 10
			}
		},
		{
			"_id": "I59618245462247043AGqBlR",
			"_tpl": "56dff338d2720bbd668b4569",
			"parentId": "I596182467436974666g1Gap",
			"slotId": "4",
			"upd": {
				"StackObjectsCount": 59
			}
		},
		{
			"_id": "I59618247676351804qakcop",
			"_tpl": "57e26fc7245977162a14b800",
			"parentId": "5c6687d65e9d882c8841f0fd",
			"slotId": "Scabbard"
		},
		{
			"_id": "I59618249291113605hHNlfE",
			"_tpl": "5aa2b8d7e5b5b00014028f4a",
			"parentId": "5c6687d65e9d882c8841f0fd",
			"slotId": "Headwear"
		},
		{
			"_id": "I59618241281466187ZuyU2P",
			"_tpl": "5ca20d5986f774331e7c9602",
			"parentId": "5c6687d65e9d882c8841f0fd",
			"slotId": "Backpack"
		},
		{
			"_id": "I59618242278710376JBGUl2",
			"_tpl": "5448ff904bdc2d6f028b456e",
			"parentId": "I59618241281466187ZuyU2P",
			"slotId": "main",
			"location": {
				"x": 0,
				"y": 0,
				"r": "Horizontal"
			}
		},
		{
			"_id": "I59618241453104468caKlf1",
			"_tpl": "5672cb124bdc2d1a0f8b4568",
			"parentId": "I59618241281466187ZuyU2P",
			"slotId": "main",
			"location": {
				"x": 0,
				"y": 1,
				"r": "Horizontal"
			}
		},
		{
			"_id": "I59618242639979620M9AqRY",
			"_tpl": "544fb25a4bdc2dfb738b4567",
			"parentId": "I59618241281466187ZuyU2P",
			"slotId": "main",
			"location": {
				"x": 0,
				"y": 2,
				"r": "Horizontal"
			}
		},
		{
			"_id": "I596182467504904255fLIfI",
			"_tpl": "57347da92459774491567cf5",
			"parentId": "I59618241281466187ZuyU2P",
			"slotId": "main",
			"location": {
				"x": 0,
				"y": 3,
				"r": "Horizontal"
			}
		},
		{
			"_id": "I59618248360501617WSnMwh",
			"_tpl": "59e35ef086f7741777737012",
			"parentId": "I59618241281466187ZuyU2P",
			"slotId": "main",
			"location": {
				"x": 0,
				"y": 4,
				"r": "Horizontal"
			}
		},
		{
			"_id": "I59618244586327907LQinyA",
			"_tpl": "59e366c186f7741778269d85",
			"parentId": "I59618241281466187ZuyU2P",
			"slotId": "main",
			"location": {
				"x": 1,
				"y": 0,
				"r": "Horizontal"
			}
		},
		{
			"_id": "I59618246965307278m4LV1e",
			"_tpl": "57a349b2245977762b199ec7",
			"parentId": "I59618241281466187ZuyU2P",
			"slotId": "main",
			"location": {
				"x": 1,
				"y": 1,
				"r": "Horizontal"
			}
		},
		{
			"_id": "I59618241080916646n3aSXP",
			"_tpl": "5672cb124bdc2d1a0f8b4568",
			"parentId": "I59618241281466187ZuyU2P",
			"slotId": "main",
			"location": {
				"x": 1,
				"y": 2,
				"r": "Horizontal"
			}
		},
		{
			"_id": "I596182435370174453rt19y",
			"_tpl": "5755356824597772cb798962",
			"parentId": "I59618241281466187ZuyU2P",
			"slotId": "main",
			"location": {
				"x": 1,
				"y": 3,
				"r": "Horizontal"
			}
		},
		{
			"_id": "I59618244901279903UKsuqg",
			"_tpl": "575062b524597720a31c09a1",
			"parentId": "I59618241281466187ZuyU2P",
			"slotId": "main",
			"location": {
				"x": 1,
				"y": 4,
				"r": "Horizontal"
			}
		},
		{
			"_id": "I59618247604488124IlZUnM",
			"_tpl": "5672cb124bdc2d1a0f8b4568",
			"parentId": "I59618241281466187ZuyU2P",
			"slotId": "main",
			"location": {
				"x": 2,
				"y": 0,
				"r": "Horizontal"
			}
		},
		{
			"_id": "I59618245920388668lRrGJj",
			"_tpl": "57513fcc24597720a31c09a6",
			"parentId": "I59618241281466187ZuyU2P",
			"slotId": "main",
			"location": {
				"x": 2,
				"y": 1,
				"r": "Horizontal"
			}
		},
		{
			"_id": "I596182416857859392ogev7",
			"_tpl": "5448ba0b4bdc2d02308b456c",
			"parentId": "I59618241281466187ZuyU2P",
			"slotId": "main",
			"location": {
				"x": 2,
				"y": 3,
				"r": "Horizontal"
			}
		},
		{
			"_id": "I59618243509172713xPFpC1",
			"_tpl": "5df8a2ca86f7740bfe6df777",
			"parentId": "5c6687d65e9d882c8841f0fd",
			"slotId": "ArmorVest",
			"upd": {
				"Repairable": {
					"MaxDurability": 80,
					"Durability": 68
				}
			}
		},
		{
			"_id": "I59618248976066263r7DSxI",
			"_tpl": "59e366c186f7741778269d85",
			"parentId": "5c6687d65e9d882c8841f121",
			"slotId": "pocket1",
			"location": {
				"x": 0,
				"y": 0,
				"r": "Horizontal"
			},
			"upd": {
				"SpawnedInSession": true
			}
		},
		{
			"_id": "I59618246949580701HPrdpA",
			"_tpl": "5af0561e86f7745f5f3ad6ac",
			"parentId": "5c6687d65e9d882c8841f121",
			"slotId": "pocket2",
			"location": {
				"x": 0,
				"y": 0,
				"r": "Horizontal"
			},
			"upd": {
				"SpawnedInSession": true
			}
		},
		{
			"_id": "I59618249236731714OhK6eD",
			"_tpl": "5a0ee76686f7743698200d5c",
			"parentId": "5c6687d65e9d882c8841f121",
			"slotId": "pocket3",
			"location": {
				"x": 0,
				"y": 0,
				"r": "Horizontal"
			},
			"upd": {
				"SpawnedInSession": true
			}
		}
	],
	"equipment": "5c6687d65e9d882c8841f0fd",
	"stash": "5c6687d65e9d882c8841f0fc",
	"questRaidItems": "5c6687d65e9d882c8841f0fe",
	"questStashItems": "5c6687d65e9d882c8841f0ff",
	"fastPanel": {}
}