{
	"items": [
		{
			"_id": "5c6687d65e9d882c8841f0fd",
			"_tpl": "55d7217a4bdc2d86028b456d"
		},
		{
			"_id": "5c6687d65e9d882c8841f121",
			"_tpl": "557ffd194bdc2d28148b457f",
			"parentId": "5c6687d65e9d882c8841f0fd",
			"slotId": "Pockets"
		},
		{
			"_id": "5c6687d65e9d882c8841f0fc",
			"_tpl": "566abbc34bdc2d92178b4576"
		},
		{
			"_id": "5c6687d65e9d882c8841f0ff",
			"_tpl": "5963866b86f7747bfa1c4462"
		},
		{
			"_id": "5c6687d65e9d882c8841f0fe",
			"_tpl": "5963866286f7747bf429b572"
		},
		{
			"_id": "I596182434822393160YfBYR",
			"_tpl": "5648a69d4bdc2ded0b8b457b",
			"parentId": "5c6687d65e9d882c8841f0fd",
			"slotId": "TacticalVest"
		},
		{
			"_id": "I21007219422797693LVXFMe",
			"_tpl": "583990e32459771419544dd2",
			"parentId": "5c6687d65e9d882c8841f0fd",
			"slotId": "FirstPrimaryWeapon",
			"upd": {
				"Repairable": {
					"MaxDurability": 100,
					"Durability": 52
				}
			}
		},
		{
			"_id": "I210072131582560693Ipu7L",
			"_tpl": "5649ad3f4bdc2df8348b4585",
			"parentId": "I21007219422797693LVXFMe",
			"slotId": "mod_pistol_grip"
		},
		{
			"_id": "I21007214617119510LSCUKg",
			"_tpl": "57dc347d245977596754e7a1",
			"parentId": "I21007219422797693LVXFMe",
			"slotId": "mod_stock"
		},
		{
			"_id": "I5961824155539855701zvh5",
			"_tpl": "5cbdaf89ae9215000e5b9c94",
			"parentId": "I21007219422797693LVXFMe",
			"slotId": "mod_magazine"
		},
		{
			"_id": "I59618244816596794KjJ4Dx",
			"_tpl": "56dfef82d2720bbd668b4567",
			"parentId": "I5961824155539855701zvh5",
			"slotId": "cartridges",
			"upd": {
				"StackObjectsCount": 30
			}
		},
		{
			"_id": "I210072145191265578FMLPB",
			"_tpl": "57dc324a24597759501edc20",
			"parentId": "I21007219422797693LVXFMe",
			"slotId": "mod_muzzle"
		},
		{
			"_id": "I21007214647949498aOt20D",
			"_tpl": "57dc334d245977597164366f",
			"parentId": "I21007219422797693LVXFMe",
			"slotId": "mod_reciever"
		},
		{
			"_id": "I21007215360212556S2RvyG",
			"_tpl": "59d36a0086f7747e673f3946",
			"parentId": "I21007219422797693LVXFMe",
			"slotId": "mod_gas_block"
		},
		{
			"_id": "I210072166375059758aOdfm",
			"_tpl": "56dfef82d2720bbd668b4567",
			"parentId": "I210072161733312651r0JD0",
			"slotId": "cartridges",
			"location": 0,
			"upd": {
				"StackObjectsCount": 30
			}
		},
		{
			"_id": "I21007217038488842AGmbED",
			"_tpl": "57dc32dc245977596d4ef3d3",
			"parentId": "I21007215360212556S2RvyG",
			"slotId": "mod_handguard"
		},
		{
			"_id": "I59618242240650208V1QOeL",
			"_tpl": "5857a8bc2459772bad15db29",
			"parentId": "5c6687d65e9d882c8841f0fd",
			"slotId": "SecuredContainer"
		},
		{
			"_id": "I59618243212001149717L5Q",
			"_tpl": "56dff2ced2720bb4668b4567",
			"parentId": "I59618242240650208V1QOeL",
			"slotId": "main",
			"upd": {
				"StackObjectsCount": 60
			}
		},
		{
			"_id": "I59618244810273858M9HJlK",
			"_tpl": "56dff061d2720bb5668b4567",
			"parentId": "I59618242240650208V1QOeL",
			"slotId": "main",
			"upd": {
				"StackObjectsCount": 60
			}
		},
		{
			"_id": "I59618242980198849YElBUn",
			"_tpl": "5c0d5e4486f77478390952fe",
			"parentId": "I59618242240650208V1QOeL",
			"slotId": "main",
			"upd": {
				"StackObjectsCount": 60
			}
		},
		{
			"_id": "I59618249555444625m5WaP1",
			"_tpl": "5c0d5e4486f77478390952fe",
			"parentId": "I59618242240650208V1QOeL",
			"slotId": "main",
			"upd": {
				"StackObjectsCount": 60
			}
		},
		{
			"_id": "I59618242903277848RG7EGp",
			"_tpl": "56dff0bed2720bb0668b4567",
			"parentId": "I59618242240650208V1QOeL",
			"slotId": "main",
			"upd": {
				"StackObjectsCount": 60
			}
		},
		{
			"_id": "I59618246753816765iHGhf1",
			"_tpl": "56dff4a2d2720bbd668b456a",
			"parentId": "I59618242240650208V1QOeL",
			"slotId": "main",
			"upd": {
				"StackObjectsCount": 60
			}
		},
		{
			"_id": "I59618249215382804zS4s3T",
			"_tpl": "56dff4ecd2720b5f5a8b4568",
			"parentId": "I59618242240650208V1QOeL",
			"slotId": "main",
			"upd": {
				"StackObjectsCount": 60
			}
		},
		{
			"_id": "I59618241244436382M569qn",
			"_tpl": "56dff216d2720bbd668b4568",
			"parentId": "I59618242240650208V1QOeL",
			"slotId": "main",
			"upd": {
				"StackObjectsCount": 60
			}
		},
		{
			"_id": "I59618247667028431yt9BEd",
			"_tpl": "56dff4ecd2720b5f5a8b4568",
			"parentId": "I59618242240650208V1QOeL",
			"slotId": "main",
			"upd": {
				"StackObjectsCount": 60
			}
		},
		{
			"_id": "I59618243699194371M0dgyj",
			"_tpl": "5bed61680db834001d2c45ab",
			"parentId": "I596182434822393160YfBYR",
			"slotId": "1",
			"location": {
				"x": 0,
				"y": 0,
				"r": "Horizontal"
			}
		},
		{
			"_id": "I59618245500389313DbSP4k",
			"_tpl": "56dff216d2720bbd668b4568",
			"parentId": "I59618243699194371M0dgyj",
			"slotId": "cartridges",
			"upd": {
				"StackObjectsCount": 30
			}
		},
		{
			"_id": "I59618249797941823VNtQkA",
			"_tpl": "5bed61680db834001d2c45ab",
			"parentId": "I596182434822393160YfBYR",
			"slotId": "3",
			"location": {
				"x": 0,
				"y": 0,
				"r": "Horizontal"
			}
		},
		{
			"_id": "I59618248485100429921pCd",
			"_tpl": "56dff4a2d2720bbd668b456a",
			"parentId": "I59618249797941823VNtQkA",
			"slotId": "cartridges",
			"upd": {
				"StackObjectsCount": 30
			}
		},
		{
			"_id": "I596182474522881431KIwlH",
			"_tpl": "5bed61680db834001d2c45ab",
			"parentId": "I596182434822393160YfBYR",
			"slotId": "10",
			"location": {
				"x": 0,
				"y": 0,
				"r": "Horizontal"
			}
		},
		{
			"_id": "I596182413821853222OwWUS",
			"_tpl": "56dff3afd2720bba668b4567",
			"parentId": "I596182474522881431KIwlH",
			"slotId": "cartridges",
			"upd": {
				"StackObjectsCount": 30
			}
		},
		{
			"_id": "I59618247190927928oQcRhb",
			"_tpl": "5e32f56fcb6d5863cc5e5ee4",
			"parentId": "I596182434822393160YfBYR",
			"slotId": "5"
		},
		{
			"_id": "I59618241362820068nFC7nB",
			"_tpl": "5448be9a4bdc2dfd2f8b456a",
			"parentId": "I596182434822393160YfBYR",
			"slotId": "8"
		},
		{
			"_id": "I59618247743915570bv0B0q",
			"_tpl": "5a0c27731526d80618476ac4",
			"parentId": "I596182434822393160YfBYR",
			"slotId": "9"
		},
		{
			"_id": "I59618242487231678rCeTdC",
			"_tpl": "54491bb74bdc2d09088b4567",
			"parentId": "5c6687d65e9d882c8841f0fd",
			"slotId": "Scabbard"
		},
		{
			"_id": "I59618245105419500tT3MYj",
			"_tpl": "572b7d8524597762b472f9d1",
			"parentId": "5c6687d65e9d882c8841f0fd",
			"slotId": "Headwear"
		},
		{
			"_id": "I59618247698373167OZEboy",
			"_tpl": "5c0d32fcd174af02a1659c75",
			"parentId": "5c6687d65e9d882c8841f0fd",
			"slotId": "Eyewear"
		},
		{
			"_id": "I59618248246989649P8Hwz9",
			"_tpl": "5ab8f04f86f774585f4237d8",
			"parentId": "5c6687d65e9d882c8841f0fd",
			"slotId": "Backpack"
		},
		{
			"_id": "I59618242141853391LF44AP",
			"_tpl": "5c06779c86f77426e00dd782",
			"parentId": "I59618248246989649P8Hwz9",
			"slotId": "main",
			"location": {
				"x": 0,
				"y": 0,
				"r": "Horizontal"
			}
		},
		{
			"_id": "I59618248400496382rvOzZe",
			"_tpl": "5d40412b86f7743cb332ac3a",
			"parentId": "I59618248246989649P8Hwz9",
			"slotId": "main",
			"location": {
				"x": 1,
				"y": 0,
				"r": "Horizontal"
			}
		},
		{
			"_id": "I59618246785297303ec7aOP",
			"_tpl": "5755356824597772cb798962",
			"parentId": "I59618248246989649P8Hwz9",
			"slotId": "main",
			"location": {
				"x": 0,
				"y": 1,
				"r": "Horizontal"
			}
		},
		{
			"_id": "I59618246974102313v31HAU",
			"_tpl": "5d40412b86f7743cb332ac3a",
			"parentId": "I59618248246989649P8Hwz9",
			"slotId": "main",
			"location": {
				"x": 2,
				"y": 0,
				"r": "Horizontal"
			}
		},
		{
			"_id": "I59618249372909371fnwf2X",
			"_tpl": "5c0e5edb86f77461f55ed1f7",
			"parentId": "5c6687d65e9d882c8841f0fd",
			"slotId": "ArmorVest",
			"upd": {
				"Repairable": {
					"MaxDurability": 50,
					"Durability": 38
				}
			}
		},
		{
			"_id": "I59618244344033257I3njl6",
			"_tpl": "573474f924597738002c6174",
			"parentId": "5c6687d65e9d882c8841f121",
			"slotId": "pocket1",
			"location": {
				"x": 0,
				"y": 0,
				"r": "Horizontal"
			},
			"upd": {
				"SpawnedInSession": true
			}
		}
	],
	"equipment": "5c6687d65e9d882c8841f0fd",
	"stash": "5c6687d65e9d882c8841f0fc",
	"questRaidItems": "5c6687d65e9d882c8841f0fe",
	"questStashItems": "5c6687d65e9d882c8841f0ff",
	"fastPanel": {}
}