{
	"items": [
		{
			"_id": "5c6687d65e9d882c8841f0fd",
			"_tpl": "55d7217a4bdc2d86028b456d"
		},
		{
			"_id": "5c6687d65e9d882c8841f121",
			"_tpl": "557ffd194bdc2d28148b457f",
			"parentId": "5c6687d65e9d882c8841f0fd",
			"slotId": "Pockets"
		},
		{
			"_id": "5c6687d65e9d882c8841f0fc",
			"_tpl": "566abbc34bdc2d92178b4576"
		},
		{
			"_id": "5c6687d65e9d882c8841f0ff",
			"_tpl": "5963866b86f7747bfa1c4462"
		},
		{
			"_id": "5c6687d65e9d882c8841f0fe",
			"_tpl": "5963866286f7747bf429b572"
		},
		{
			"_id": "I59618243191389811l1hD9M",
			"_tpl": "572b7adb24597762ae139821",
			"parentId": "5c6687d65e9d882c8841f0fd",
			"slotId": "TacticalVest"
		},
		{
			"_id": "I2100503357734355865zrLD",
			"_tpl": "5abcbc27d8ce8700182eceeb",
			"parentId": "5c6687d65e9d882c8841f0fd",
			"slotId": "FirstPrimaryWeapon",
			"upd": {
				"Repairable": {
					"MaxDurability": 100,
					"Durability": 16
				}
			}
		},
		{
			"_id": "I210050334603785294C46TS",
			"_tpl": "59d64ec286f774171d1e0a42",
			"parentId": "I2100503357734355865zrLD",
			"slotId": "mod_gas_block"
		},
		{
			"_id": "I210050338601552827l77uI",
			"_tpl": "59e61eb386f77440d64f5daf",
			"parentId": "I2100503357734355865zrLD",
			"slotId": "mod_muzzle"
		},
		{
			"_id": "I210050331845165111n3Mvv",
			"_tpl": "5a0071d486f77404e23a12b2",
			"parentId": "I2100503357734355865zrLD",
			"slotId": "mod_pistol_grip_akms"
		},
		{
			"_id": "I210050331178298252put3r",
			"_tpl": "59d650cf86f7741b846413a4",
			"parentId": "I2100503357734355865zrLD",
			"slotId": "mod_sight_rear",
			"upd": {
				"Sight": {
					"SelectedSightMode": 0
				}
			}
		},
		{
			"_id": "I596182458049927424KOa3B",
			"_tpl": "59e5d83b86f7745aed03d262",
			"parentId": "I2100503357734355865zrLD",
			"slotId": "mod_magazine"
		},
		{
			"_id": "I59618249400570276bMDM4w",
			"_tpl": "59e4cf5286f7741778269d8a",
			"parentId": "I596182458049927424KOa3B",
			"slotId": "cartridges",
			"upd": {
				"StackObjectsCount": 10
			}
		},
		{
			"_id": "I210050335805439933Twowk",
			"_tpl": "59d64f2f86f77417193ef8b3",
			"parentId": "I210050334603785294C46TS",
			"slotId": "mod_handguard"
		},
		{
			"_id": "I596182416481402482dGtTA",
			"_tpl": "5857a8bc2459772bad15db29",
			"parentId": "5c6687d65e9d882c8841f0fd",
			"slotId": "SecuredContainer"
		},
		{
			"_id": "I59618243262727124Qcu4Qg",
			"_tpl": "59e4cf5286f7741778269d8a",
			"parentId": "I596182416481402482dGtTA",
			"slotId": "main",
			"upd": {
				"StackObjectsCount": 60
			}
		},
		{
			"_id": "I59618244764174628YtPqbz",
			"_tpl": "59e4d24686f7741776641ac7",
			"parentId": "I596182416481402482dGtTA",
			"slotId": "main",
			"upd": {
				"StackObjectsCount": 60
			}
		},
		{
			"_id": "I59618247896009516HSMJFJ",
			"_tpl": "59e4cf5286f7741778269d8a",
			"parentId": "I596182416481402482dGtTA",
			"slotId": "main",
			"upd": {
				"StackObjectsCount": 60
			}
		},
		{
			"_id": "I59618242471429202Efjquo",
			"_tpl": "5656d7c34bdc2d9d198b4587",
			"parentId": "I596182416481402482dGtTA",
			"slotId": "main",
			"upd": {
				"StackObjectsCount": 60
			}
		},
		{
			"_id": "I59618245613355591hLvGZD",
			"_tpl": "59e4d3d286f774176a36250a",
			"parentId": "I596182416481402482dGtTA",
			"slotId": "main",
			"upd": {
				"StackObjectsCount": 60
			}
		},
		{
			"_id": "I59618242641501612hVLAUv",
			"_tpl": "59e4d3d286f774176a36250a",
			"parentId": "I596182416481402482dGtTA",
			"slotId": "main",
			"upd": {
				"StackObjectsCount": 60
			}
		},
		{
			"_id": "I59618249130414935GW6muw",
			"_tpl": "59e4d24686f7741776641ac7",
			"parentId": "I596182416481402482dGtTA",
			"slotId": "main",
			"upd": {
				"StackObjectsCount": 60
			}
		},
		{
			"_id": "I59618249494962431tIU7qt",
			"_tpl": "59e4d24686f7741776641ac7",
			"parentId": "I596182416481402482dGtTA",
			"slotId": "main",
			"upd": {
				"StackObjectsCount": 60
			}
		},
		{
			"_id": "I59618242611296340ZzbTFx",
			"_tpl": "59e4cf5286f7741778269d8a",
			"parentId": "I596182416481402482dGtTA",
			"slotId": "main",
			"upd": {
				"StackObjectsCount": 60
			}
		},
		{
			"_id": "I59618249961457202yjFi2G",
			"_tpl": "59e5d83b86f7745aed03d262",
			"parentId": "I59618243191389811l1hD9M",
			"slotId": "2",
			"location": {
				"x": 0,
				"y": 0,
				"r": "Horizontal"
			}
		},
		{
			"_id": "I59618243316440177OBJ5go",
			"_tpl": "59e4cf5286f7741778269d8a",
			"parentId": "I59618249961457202yjFi2G",
			"slotId": "cartridges",
			"upd": {
				"StackObjectsCount": 10
			}
		},
		{
			"_id": "I59618245634908770SP9d8t",
			"_tpl": "59e5d83b86f7745aed03d262",
			"parentId": "I59618243191389811l1hD9M",
			"slotId": "2",
			"location": {
				"x": 0,
				"y": 1,
				"r": "Horizontal"
			}
		},
		{
			"_id": "I59618248270561707pKHgHb",
			"_tpl": "59e4d3d286f774176a36250a",
			"parentId": "I59618245634908770SP9d8t",
			"slotId": "cartridges",
			"upd": {
				"StackObjectsCount": 10
			}
		},
		{
			"_id": "I59618249192242134xreIXQ",
			"_tpl": "59e4d24686f7741776641ac7",
			"parentId": "I59618243191389811l1hD9M",
			"slotId": "1",
			"upd": {
				"StackObjectsCount": 42
			}
		},
		{
			"_id": "I59618245259568723oaK70J",
			"_tpl": "57e26fc7245977162a14b800",
			"parentId": "5c6687d65e9d882c8841f0fd",
			"slotId": "Scabbard"
		},
		{
			"_id": "I59618244639516546mFnpXO",
			"_tpl": "5aa2ba46e5b5b000137b758d",
			"parentId": "5c6687d65e9d882c8841f0fd",
			"slotId": "Headwear"
		},
		{
			"_id": "I596182499843043603JiSlx",
			"_tpl": "56e33634d2720bd8058b456b",
			"parentId": "5c6687d65e9d882c8841f0fd",
			"slotId": "Backpack"
		},
		{
			"_id": "I59618248291994311pUhw6h",
			"_tpl": "59387a4986f77401cc236e62",
			"parentId": "I596182499843043603JiSlx",
			"slotId": "main",
			"location": {
				"x": 0,
				"y": 0,
				"r": "Horizontal"
			}
		},
		{
			"_id": "I59618242608750353ywxUjW",
			"_tpl": "5a0eff2986f7741fd654e684",
			"parentId": "5c6687d65e9d882c8841f121",
			"slotId": "pocket1",
			"location": {
				"x": 0,
				"y": 0,
				"r": "Horizontal"
			},
			"upd": {
				"SpawnedInSession": true
			}
		}
	],
	"equipment": "5c6687d65e9d882c8841f0fd",
	"stash": "5c6687d65e9d882c8841f0fc",
	"questRaidItems": "5c6687d65e9d882c8841f0fe",
	"questStashItems": "5c6687d65e9d882c8841f0ff",
	"fastPanel": {}
}