{
	"items": [
		{
			"_id": "5c6687d65e9d882c8841f0fd",
			"_tpl": "55d7217a4bdc2d86028b456d"
		},
		{
			"_id": "5c6687d65e9d882c8841f121",
			"_tpl": "557ffd194bdc2d28148b457f",
			"parentId": "5c6687d65e9d882c8841f0fd",
			"slotId": "Pockets"
		},
		{
			"_id": "5c6687d65e9d882c8841f0fc",
			"_tpl": "566abbc34bdc2d92178b4576"
		},
		{
			"_id": "5c6687d65e9d882c8841f0ff",
			"_tpl": "5963866b86f7747bfa1c4462"
		},
		{
			"_id": "5c6687d65e9d882c8841f0fe",
			"_tpl": "5963866286f7747bf429b572"
		},
		{
			"_id": "I59618242594399799AkY0IY",
			"_tpl": "5d5d8ca986f7742798716522",
			"parentId": "5c6687d65e9d882c8841f0fd",
			"slotId": "TacticalVest"
		},
		{
			"_id": "I3310355096178781149ZRwr",
			"_tpl": "59f9cabd86f7743a10721f46",
			"parentId": "5c6687d65e9d882c8841f0fd",
			"slotId": "FirstPrimaryWeapon",
			"upd": {
				"Repairable": {
					"MaxDurability": 100,
					"Durability": 40
				}
			}
		},
		{
			"_id": "I331035508611683930fmOFD",
			"_tpl": "5998517986f7746017232f7e",
			"parentId": "I3310355096178781149ZRwr",
			"slotId": "mod_pistol_grip"
		},
		{
			"_id": "I331035509380226219vDx1H",
			"_tpl": "599851db86f77467372f0a18",
			"parentId": "I3310355096178781149ZRwr",
			"slotId": "mod_stock"
		},
		{
			"_id": "I59618248885617770LnbZbl",
			"_tpl": "5c0672ed0db834001b7353f3",
			"parentId": "I3310355096178781149ZRwr",
			"slotId": "mod_magazine"
		},
		{
			"_id": "I59618245931788857suRSKG",
			"_tpl": "5c925fa22e221601da359b7b",
			"parentId": "I59618248885617770LnbZbl",
			"slotId": "cartridges",
			"upd": {
				"StackObjectsCount": 30
			}
		},
		{
			"_id": "I331035507428459375s690Q",
			"_tpl": "5998598e86f7740b3f498a86",
			"parentId": "I3310355096178781149ZRwr",
			"slotId": "mod_muzzle"
		},
		{
			"_id": "I331035507865670097PK7Ub",
			"_tpl": "599860e986f7743bb57573a6",
			"parentId": "I3310355096178781149ZRwr",
			"slotId": "mod_sight_rear",
			"upd": {
				"Sight": {
					"SelectedSightMode": 0
				}
			}
		},
		{
			"_id": "I331035501494160705U2j5a",
			"_tpl": "59ccd11386f77428f24a488f",
			"parentId": "I3310355096178781149ZRwr",
			"slotId": "mod_gas_block"
		},
		{
			"_id": "I331035502762426642iw0GQ",
			"_tpl": "5648b1504bdc2d9d488b4584",
			"parentId": "I331035501494160705U2j5a",
			"slotId": "mod_handguard"
		},
		{
			"_id": "I59618248019688902JmHk9H",
			"_tpl": "5857a8bc2459772bad15db29",
			"parentId": "5c6687d65e9d882c8841f0fd",
			"slotId": "SecuredContainer"
		},
		{
			"_id": "I59618245757149098OBgVEg",
			"_tpl": "5a3c16fe86f77452b62de32a",
			"parentId": "I59618248019688902JmHk9H",
			"slotId": "main",
			"upd": {
				"StackObjectsCount": 60
			}
		},
		{
			"_id": "I59618248645525427FZwp3q",
			"_tpl": "56d59d3ad2720bdb418b4577",
			"parentId": "I59618248019688902JmHk9H",
			"slotId": "main",
			"upd": {
				"StackObjectsCount": 60
			}
		},
		{
			"_id": "I59618246214619192kFUZ9u",
			"_tpl": "56d59d3ad2720bdb418b4577",
			"parentId": "I59618248019688902JmHk9H",
			"slotId": "main",
			"upd": {
				"StackObjectsCount": 60
			}
		},
		{
			"_id": "I59618248290575074fcAfWI",
			"_tpl": "5c3df7d588a4501f290594e5",
			"parentId": "I59618248019688902JmHk9H",
			"slotId": "main",
			"upd": {
				"StackObjectsCount": 60
			}
		},
		{
			"_id": "I59618246194759843WXhTqN",
			"_tpl": "5a3c16fe86f77452b62de32a",
			"parentId": "I59618248019688902JmHk9H",
			"slotId": "main",
			"upd": {
				"StackObjectsCount": 60
			}
		},
		{
			"_id": "I59618242940949563VSWVQn",
			"_tpl": "5c3df7d588a4501f290594e5",
			"parentId": "I59618248019688902JmHk9H",
			"slotId": "main",
			"upd": {
				"StackObjectsCount": 60
			}
		},
		{
			"_id": "I596182425536400385rUiKx",
			"_tpl": "5c0d56a986f774449d5de529",
			"parentId": "I59618248019688902JmHk9H",
			"slotId": "main",
			"upd": {
				"StackObjectsCount": 60
			}
		},
		{
			"_id": "I59618241469934964GYoQj7",
			"_tpl": "5c0d56a986f774449d5de529",
			"parentId": "I59618248019688902JmHk9H",
			"slotId": "main",
			"upd": {
				"StackObjectsCount": 60
			}
		},
		{
			"_id": "I59618249498215868fnZUxU",
			"_tpl": "58864a4f2459770fcc257101",
			"parentId": "I59618248019688902JmHk9H",
			"slotId": "main",
			"upd": {
				"StackObjectsCount": 60
			}
		},
		{
			"_id": "I59618245812204957dcRz8x",
			"_tpl": "544fb37f4bdc2dee738b4567",
			"parentId": "I59618242594399799AkY0IY",
			"slotId": "2"
		},
		{
			"_id": "I59618243427077448nDd3DE",
			"_tpl": "599860ac86f77436b225ed1a",
			"parentId": "I59618242594399799AkY0IY",
			"slotId": "3",
			"location": {
				"x": 0,
				"y": 0,
				"r": "Horizontal"
			}
		},
		{
			"_id": "I5961824351689841372DQEu",
			"_tpl": "5c925fa22e221601da359b7b",
			"parentId": "I59618243427077448nDd3DE",
			"slotId": "cartridges",
			"upd": {
				"StackObjectsCount": 30
			}
		},
		{
			"_id": "I596182451019894308ys4BM",
			"_tpl": "599860ac86f77436b225ed1a",
			"parentId": "I59618242594399799AkY0IY",
			"slotId": "1",
			"location": {
				"x": 1,
				"y": 0,
				"r": "Horizontal"
			}
		},
		{
			"_id": "I596182464578240026ITHHo",
			"_tpl": "5c925fa22e221601da359b7b",
			"parentId": "I596182451019894308ys4BM",
			"slotId": "cartridges",
			"upd": {
				"StackObjectsCount": 30
			}
		},
		{
			"_id": "I59618248530449419bQcJAG",
			"_tpl": "5bffdc370db834001d23eca8",
			"parentId": "5c6687d65e9d882c8841f0fd",
			"slotId": "Scabbard"
		},
		{
			"_id": "I59618247084523361zJGe07",
			"_tpl": "5aa2ba46e5b5b000137b758d",
			"parentId": "5c6687d65e9d882c8841f0fd",
			"slotId": "Headwear"
		},
		{
			"_id": "I59618241359575623pOPgQg",
			"_tpl": "56e33634d2720bd8058b456b",
			"parentId": "5c6687d65e9d882c8841f0fd",
			"slotId": "Backpack"
		},
		{
			"_id": "I59618247133327709ltnPS9",
			"_tpl": "5d1b36a186f7742523398433",
			"parentId": "I59618241359575623pOPgQg",
			"slotId": "main",
			"location": {
				"x": 0,
				"y": 0,
				"r": "Horizontal"
			}
		},
		{
			"_id": "I59618244346996245OwwEuD",
			"_tpl": "5913651986f774432f15d132",
			"parentId": "5c6687d65e9d882c8841f121",
			"slotId": "pocket1",
			"location": {
				"x": 0,
				"y": 0,
				"r": "Horizontal"
			},
			"upd": {
				"SpawnedInSession": true
			}
		},
		{
			"_id": "I59618241776124950f6hDE8",
			"_tpl": "59e3606886f77417674759a5",
			"parentId": "5c6687d65e9d882c8841f121",
			"slotId": "pocket2",
			"location": {
				"x": 0,
				"y": 0,
				"r": "Horizontal"
			},
			"upd": {
				"SpawnedInSession": true
			}
		}
	],
	"equipment": "5c6687d65e9d882c8841f0fd",
	"stash": "5c6687d65e9d882c8841f0fc",
	"questRaidItems": "5c6687d65e9d882c8841f0fe",
	"questStashItems": "5c6687d65e9d882c8841f0ff",
	"fastPanel": {}
}