{
	"items": [
		{
			"_id": "5c6687d65e9d882c8841f0fd",
			"_tpl": "55d7217a4bdc2d86028b456d"
		},
		{
			"_id": "5c6687d65e9d882c8841f121",
			"_tpl": "557ffd194bdc2d28148b457f",
			"parentId": "5c6687d65e9d882c8841f0fd",
			"slotId": "Pockets"
		},
		{
			"_id": "5c6687d65e9d882c8841f0fc",
			"_tpl": "566abbc34bdc2d92178b4576"
		},
		{
			"_id": "5c6687d65e9d882c8841f0ff",
			"_tpl": "5963866b86f7747bfa1c4462"
		},
		{
			"_id": "5c6687d65e9d882c8841f0fe",
			"_tpl": "5963866286f7747bf429b572"
		},
		{
			"_id": "I59618245405532555CZcVh6",
			"_tpl": "5648a69d4bdc2ded0b8b457b",
			"parentId": "5c6687d65e9d882c8841f0fd",
			"slotId": "TacticalVest"
		},
		{
			"_id": "I210053421398609716glI23",
			"_tpl": "57838ad32459774a17445cd2",
			"parentId": "5c6687d65e9d882c8841f0fd",
			"slotId": "FirstPrimaryWeapon",
			"upd": {
				"Repairable": {
					"MaxDurability": 100,
					"Durability": 55
				}
			}
		},
		{
			"_id": "I59618248783168928hy4xcE",
			"_tpl": "57838f0b2459774a256959b2",
			"parentId": "I210053421398609716glI23",
			"slotId": "mod_magazine"
		},
		{
			"_id": "I59618249534479639Oomap2",
			"_tpl": "5c0d688c86f77413ae3407b2",
			"parentId": "I59618248783168928hy4xcE",
			"slotId": "cartridges",
			"upd": {
				"StackObjectsCount": 10
			}
		},
		{
			"_id": "I210053428634071086N8Zju",
			"_tpl": "57838c962459774a1651ec63",
			"parentId": "I210053421398609716glI23",
			"slotId": "mod_muzzle"
		},
		{
			"_id": "I210053422066154803RCGpD",
			"_tpl": "578395e82459774a0e553c7b",
			"parentId": "I210053421398609716glI23",
			"slotId": "mod_stock"
		},
		{
			"_id": "I210053425608849568ba9of",
			"_tpl": "57838e1b2459774a256959b1",
			"parentId": "I210053428634071086N8Zju",
			"slotId": "mod_sight_rear",
			"upd": {
				"Sight": {
					"SelectedSightMode": 0
				}
			}
		},
		{
			"_id": "I59618247603961615haAY8T",
			"_tpl": "5857a8bc2459772bad15db29",
			"parentId": "5c6687d65e9d882c8841f0fd",
			"slotId": "SecuredContainer"
		},
		{
			"_id": "I59618242452430488xunqpg",
			"_tpl": "5c0d688c86f77413ae3407b2",
			"parentId": "I59618247603961615haAY8T",
			"slotId": "main",
			"upd": {
				"StackObjectsCount": 60
			}
		},
		{
			"_id": "I59618244099156332I9OAy6",
			"_tpl": "5c0d668f86f7747ccb7f13b2",
			"parentId": "I59618247603961615haAY8T",
			"slotId": "main",
			"upd": {
				"StackObjectsCount": 60
			}
		},
		{
			"_id": "I59618247076993902biGph1",
			"_tpl": "57a0e5022459774d1673f889",
			"parentId": "I59618247603961615haAY8T",
			"slotId": "main",
			"upd": {
				"StackObjectsCount": 60
			}
		},
		{
			"_id": "I59618245780084817Cmhuk2",
			"_tpl": "57a0e5022459774d1673f889",
			"parentId": "I59618247603961615haAY8T",
			"slotId": "main",
			"upd": {
				"StackObjectsCount": 60
			}
		},
		{
			"_id": "I59618241568404928ZpmBZQ",
			"_tpl": "5c0d688c86f77413ae3407b2",
			"parentId": "I59618247603961615haAY8T",
			"slotId": "main",
			"upd": {
				"StackObjectsCount": 60
			}
		},
		{
			"_id": "I59618248930197777fOoDjk",
			"_tpl": "57a0e5022459774d1673f889",
			"parentId": "I59618247603961615haAY8T",
			"slotId": "main",
			"upd": {
				"StackObjectsCount": 60
			}
		},
		{
			"_id": "I59618249529996857hcmGVb",
			"_tpl": "5c0d688c86f77413ae3407b2",
			"parentId": "I59618247603961615haAY8T",
			"slotId": "main",
			"upd": {
				"StackObjectsCount": 60
			}
		},
		{
			"_id": "I59618241200316375yVsZ7r",
			"_tpl": "5c0d688c86f77413ae3407b2",
			"parentId": "I59618247603961615haAY8T",
			"slotId": "main",
			"upd": {
				"StackObjectsCount": 60
			}
		},
		{
			"_id": "I59618246159923652TZmQyy",
			"_tpl": "57a0dfb82459774d3078b56c",
			"parentId": "I59618247603961615haAY8T",
			"slotId": "main",
			"upd": {
				"StackObjectsCount": 60
			}
		},
		{
			"_id": "I59618242921236938mlHf32",
			"_tpl": "57838f0b2459774a256959b2",
			"parentId": "I59618245405532555CZcVh6",
			"slotId": "1",
			"location": {
				"x": 0,
				"y": 0,
				"r": "Horizontal"
			}
		},
		{
			"_id": "I59618246798767056nAR2nZ",
			"_tpl": "5c0d688c86f77413ae3407b2",
			"parentId": "I59618242921236938mlHf32",
			"slotId": "cartridges",
			"upd": {
				"StackObjectsCount": 10
			}
		},
		{
			"_id": "I59618249288674206Zr3jsJ",
			"_tpl": "57838f0b2459774a256959b2",
			"parentId": "I59618245405532555CZcVh6",
			"slotId": "1",
			"location": {
				"x": 0,
				"y": 1,
				"r": "Horizontal"
			}
		},
		{
			"_id": "I59618242725127783UQOFb1",
			"_tpl": "57a0e5022459774d1673f889",
			"parentId": "I59618249288674206Zr3jsJ",
			"slotId": "cartridges",
			"upd": {
				"StackObjectsCount": 10
			}
		},
		{
			"_id": "I59618241743416621LZTiJQ",
			"_tpl": "57838f0b2459774a256959b2",
			"parentId": "I59618245405532555CZcVh6",
			"slotId": "3",
			"location": {
				"x": 0,
				"y": 1,
				"r": "Horizontal"
			}
		},
		{
			"_id": "I59618248801714232YU2TFB",
			"_tpl": "5c0d668f86f7747ccb7f13b2",
			"parentId": "I59618241743416621LZTiJQ",
			"slotId": "cartridges",
			"upd": {
				"StackObjectsCount": 10
			}
		},
		{
			"_id": "I59618246659781806t4naf4",
			"_tpl": "57838f0b2459774a256959b2",
			"parentId": "I59618245405532555CZcVh6",
			"slotId": "10",
			"location": {
				"x": 0,
				"y": 0,
				"r": "Horizontal"
			}
		},
		{
			"_id": "I59618248163907422zL9UAz",
			"_tpl": "57a0e5022459774d1673f889",
			"parentId": "I59618246659781806t4naf4",
			"slotId": "cartridges",
			"upd": {
				"StackObjectsCount": 10
			}
		},
		{
			"_id": "I59618245198529202xok7cV",
			"_tpl": "57838f0b2459774a256959b2",
			"parentId": "I59618245405532555CZcVh6",
			"slotId": "10",
			"location": {
				"x": 0,
				"y": 1,
				"r": "Horizontal"
			}
		},
		{
			"_id": "I596182468087694537sczEF",
			"_tpl": "5c0d688c86f77413ae3407b2",
			"parentId": "I59618245198529202xok7cV",
			"slotId": "cartridges",
			"upd": {
				"StackObjectsCount": 10
			}
		},
		{
			"_id": "I596182436988748906UvCKs",
			"_tpl": "5448be9a4bdc2dfd2f8b456a",
			"parentId": "I59618245405532555CZcVh6",
			"slotId": "6"
		},
		{
			"_id": "I59618243208477246R78IFd",
			"_tpl": "5e32f56fcb6d5863cc5e5ee4",
			"parentId": "I59618245405532555CZcVh6",
			"slotId": "8"
		},
		{
			"_id": "I59618248970211614ZCNeyQ",
			"_tpl": "54491bb74bdc2d09088b4567",
			"parentId": "5c6687d65e9d882c8841f0fd",
			"slotId": "Scabbard"
		},
		{
			"_id": "I59618247936777912VmVoxQ",
			"_tpl": "5a43957686f7742a2c2f11b0",
			"parentId": "5c6687d65e9d882c8841f0fd",
			"slotId": "Headwear"
		},
		{
			"_id": "I59618243703043358Rg5Lyh",
			"_tpl": "5aa2b9aee5b5b00015693121",
			"parentId": "5c6687d65e9d882c8841f0fd",
			"slotId": "Eyewear"
		},
		{
			"_id": "I59618242848809669p7kwaR",
			"_tpl": "572b7fa524597762b747ce82",
			"parentId": "5c6687d65e9d882c8841f0fd",
			"slotId": "FaceCover"
		},
		{
			"_id": "I59618248810453570hfGCki",
			"_tpl": "56e33634d2720bd8058b456b",
			"parentId": "5c6687d65e9d882c8841f0fd",
			"slotId": "Backpack"
		},
		{
			"_id": "I59618245819593545O39Cd6",
			"_tpl": "5a0f075686f7745bcc42ee12",
			"parentId": "I59618248810453570hfGCki",
			"slotId": "main",
			"location": {
				"x": 0,
				"y": 0,
				"r": "Horizontal"
			}
		},
		{
			"_id": "I59618245665578825gTgL1i",
			"_tpl": "5d63d33b86f7746ea9275524",
			"parentId": "I59618248810453570hfGCki",
			"slotId": "main",
			"location": {
				"x": 0,
				"y": 1,
				"r": "Horizontal"
			}
		},
		{
			"_id": "I59618242737879901btFxhg",
			"_tpl": "57347b8b24597737dd42e192",
			"parentId": "I59618248810453570hfGCki",
			"slotId": "main",
			"location": {
				"x": 0,
				"y": 2,
				"r": "Horizontal"
			}
		},
		{
			"_id": "I59618244293529364VFJGLZ",
			"_tpl": "59e366c186f7741778269d85",
			"parentId": "I59618248810453570hfGCki",
			"slotId": "main",
			"location": {
				"x": 1,
				"y": 0,
				"r": "Horizontal"
			}
		},
		{
			"_id": "I59618249734834738tv48gm",
			"_tpl": "5755356824597772cb798962",
			"parentId": "I59618248810453570hfGCki",
			"slotId": "main",
			"location": {
				"x": 1,
				"y": 1,
				"r": "Horizontal"
			}
		}
	],
	"equipment": "5c6687d65e9d882c8841f0fd",
	"stash": "5c6687d65e9d882c8841f0fc",
	"questRaidItems": "5c6687d65e9d882c8841f0fe",
	"questStashItems": "5c6687d65e9d882c8841f0ff",
	"fastPanel": {}
}