{
	"items": [
		{
			"_id": "5c6687d65e9d882c8841f0fd",
			"_tpl": "55d7217a4bdc2d86028b456d"
		},
		{
			"_id": "5c6687d65e9d882c8841f121",
			"_tpl": "557ffd194bdc2d28148b457f",
			"parentId": "5c6687d65e9d882c8841f0fd",
			"slotId": "Pockets"
		},
		{
			"_id": "5c6687d65e9d882c8841f0fc",
			"_tpl": "566abbc34bdc2d92178b4576"
		},
		{
			"_id": "5c6687d65e9d882c8841f0ff",
			"_tpl": "5963866b86f7747bfa1c4462"
		},
		{
			"_id": "5c6687d65e9d882c8841f0fe",
			"_tpl": "5963866286f7747bf429b572"
		},
		{
			"_id": "I59618243789093536BTWm4h",
			"_tpl": "5b44c8ea86f7742d1627baf1",
			"parentId": "5c6687d65e9d882c8841f0fd",
			"slotId": "TacticalVest"
		},
		{
			"_id": "I331040383808603064PeLsD",
			"_tpl": "59e6687d86f77411d949b251",
			"parentId": "5c6687d65e9d882c8841f0fd",
			"slotId": "FirstPrimaryWeapon",
			"upd": {
				"Repairable": {
					"MaxDurability": 100,
					"Durability": 51
				}
			}
		},
		{
			"_id": "I331040389042886286iohjg",
			"_tpl": "59e649f986f77411d949b246",
			"parentId": "I331040383808603064PeLsD",
			"slotId": "mod_gas_block"
		},
		{
			"_id": "I331040381610056644NKXNw",
			"_tpl": "59e8a00d86f7742ad93b569c",
			"parentId": "I331040383808603064PeLsD",
			"slotId": "mod_muzzle"
		},
		{
			"_id": "I331040382843459499ckFsR",
			"_tpl": "59e6318286f77444dd62c4cc",
			"parentId": "I331040383808603064PeLsD",
			"slotId": "mod_pistol_grip"
		},
		{
			"_id": "I331040388956908351IkMfG",
			"_tpl": "59e6449086f7746c9f75e822",
			"parentId": "I331040383808603064PeLsD",
			"slotId": "mod_reciever"
		},
		{
			"_id": "I3310403821687905285fjaj",
			"_tpl": "59e8977386f77415a553c453",
			"parentId": "I331040383808603064PeLsD",
			"slotId": "mod_sight_rear",
			"upd": {
				"Sight": {
					"SelectedSightMode": 0
				}
			}
		},
		{
			"_id": "I59618248769903795XM5r4C",
			"_tpl": "59d625f086f774661516605d",
			"parentId": "I331040383808603064PeLsD",
			"slotId": "mod_magazine"
		},
		{
			"_id": "I59618243777894866M6INDG",
			"_tpl": "59e6658b86f77411d949b250",
			"parentId": "I59618248769903795XM5r4C",
			"slotId": "cartridges",
			"upd": {
				"StackObjectsCount": 30
			}
		},
		{
			"_id": "I331040381112735457T04Du",
			"_tpl": "59e898ee86f77427614bd225",
			"parentId": "I331040389042886286iohjg",
			"slotId": "mod_handguard"
		},
		{
			"_id": "I59618246291508544qV3pXj",
			"_tpl": "5857a8bc2459772bad15db29",
			"parentId": "5c6687d65e9d882c8841f0fd",
			"slotId": "SecuredContainer"
		},
		{
			"_id": "I59618249335437919GFPl7x",
			"_tpl": "59e655cb86f77411dc52a77b",
			"parentId": "I59618246291508544qV3pXj",
			"slotId": "main",
			"upd": {
				"StackObjectsCount": 60
			}
		},
		{
			"_id": "I59618241222380423TXWIRX",
			"_tpl": "59e6542b86f77411dc52a77a",
			"parentId": "I59618246291508544qV3pXj",
			"slotId": "main",
			"upd": {
				"StackObjectsCount": 60
			}
		},
		{
			"_id": "I59618244735046525aZyrRY",
			"_tpl": "59e655cb86f77411dc52a77b",
			"parentId": "I59618246291508544qV3pXj",
			"slotId": "main",
			"upd": {
				"StackObjectsCount": 60
			}
		},
		{
			"_id": "I59618243623281792t3d4M4",
			"_tpl": "59e6658b86f77411d949b250",
			"parentId": "I59618246291508544qV3pXj",
			"slotId": "main",
			"upd": {
				"StackObjectsCount": 60
			}
		},
		{
			"_id": "I59618248862388568HC3Ppz",
			"_tpl": "59e6542b86f77411dc52a77a",
			"parentId": "I59618246291508544qV3pXj",
			"slotId": "main",
			"upd": {
				"StackObjectsCount": 60
			}
		},
		{
			"_id": "I596182426361890093lMhdi",
			"_tpl": "59e655cb86f77411dc52a77b",
			"parentId": "I59618246291508544qV3pXj",
			"slotId": "main",
			"upd": {
				"StackObjectsCount": 60
			}
		},
		{
			"_id": "I596182466050985163PDmFe",
			"_tpl": "59e6542b86f77411dc52a77a",
			"parentId": "I59618246291508544qV3pXj",
			"slotId": "main",
			"upd": {
				"StackObjectsCount": 60
			}
		},
		{
			"_id": "I596182479122082254HkoG1",
			"_tpl": "59e6658b86f77411d949b250",
			"parentId": "I59618246291508544qV3pXj",
			"slotId": "main",
			"upd": {
				"StackObjectsCount": 60
			}
		},
		{
			"_id": "I596182442557856832MMmIS",
			"_tpl": "59e6658b86f77411d949b250",
			"parentId": "I59618246291508544qV3pXj",
			"slotId": "main",
			"upd": {
				"StackObjectsCount": 60
			}
		},
		{
			"_id": "I210016352266185794zd3SI",
			"_tpl": "56e0598dd2720bb5668b45a6",
			"parentId": "5c6687d65e9d882c8841f0fd",
			"slotId": "Holster",
			"upd": {
				"Repairable": {
					"MaxDurability": 100,
					"Durability": 8
				}
			}
		},
		{
			"_id": "I59618248657368615V2MmxU",
			"_tpl": "573720e02459776143012541",
			"parentId": "I210016359259926518drwwp",
			"slotId": "cartridges",
			"upd": {
				"StackObjectsCount": 8
			}
		},
		{
			"_id": "I210016359259926518drwwp",
			"_tpl": "5448c12b4bdc2d02308b456f",
			"parentId": "I210016352266185794zd3SI",
			"slotId": "mod_magazine"
		},
		{
			"_id": "I210016357401982149X62Eg",
			"_tpl": "56e05b06d2720bb2668b4586",
			"parentId": "I210016352266185794zd3SI",
			"slotId": "mod_muzzle"
		},
		{
			"_id": "I210016359320850162BUbDs",
			"_tpl": "56e05a6ed2720bd0748b4567",
			"parentId": "I210016352266185794zd3SI",
			"slotId": "mod_pistol_grip"
		},
		{
			"_id": "I59618249339748440RCnnQf",
			"_tpl": "544fb25a4bdc2dfb738b4567",
			"parentId": "I59618243789093536BTWm4h",
			"slotId": "1"
		},
		{
			"_id": "I596182453147065315jxIyu",
			"_tpl": "5cfe8010d7ad1a59283b14c6",
			"parentId": "I59618243789093536BTWm4h",
			"slotId": "3",
			"location": {
				"x": 0,
				"y": 0,
				"r": "Horizontal"
			}
		},
		{
			"_id": "I59618246206391412qRVQOP",
			"_tpl": "59e6542b86f77411dc52a77a",
			"parentId": "I596182453147065315jxIyu",
			"slotId": "cartridges",
			"upd": {
				"StackObjectsCount": 50
			}
		},
		{
			"_id": "I59618243961033734mRe74z",
			"_tpl": "5cfe8010d7ad1a59283b14c6",
			"parentId": "I59618243789093536BTWm4h",
			"slotId": "5",
			"location": {
				"x": 0,
				"y": 0,
				"r": "Horizontal"
			}
		},
		{
			"_id": "I59618241459808137MgkIUD",
			"_tpl": "59e655cb86f77411dc52a77b",
			"parentId": "I59618243961033734mRe74z",
			"slotId": "cartridges",
			"upd": {
				"StackObjectsCount": 50
			}
		},
		{
			"_id": "I59618242436961517YOWAT9",
			"_tpl": "5cfe8010d7ad1a59283b14c6",
			"parentId": "I59618243789093536BTWm4h",
			"slotId": "7",
			"location": {
				"x": 0,
				"y": 0,
				"r": "Horizontal"
			}
		},
		{
			"_id": "I59618246036949418dEMNla",
			"_tpl": "59e655cb86f77411dc52a77b",
			"parentId": "I59618242436961517YOWAT9",
			"slotId": "cartridges",
			"upd": {
				"StackObjectsCount": 50
			}
		},
		{
			"_id": "I59618242075003552u2MF5Y",
			"_tpl": "5448c12b4bdc2d02308b456f",
			"parentId": "I59618243789093536BTWm4h",
			"slotId": "1",
			"location": {
				"x": 0,
				"y": 0,
				"r": "Horizontal"
			}
		},
		{
			"_id": "I59618248586256296kA0FkN",
			"_tpl": "57371aab2459775a77142f22",
			"parentId": "I59618242075003552u2MF5Y",
			"slotId": "cartridges",
			"upd": {
				"StackObjectsCount": 8
			}
		},
		{
			"_id": "I59618243205110346JrFNL8",
			"_tpl": "5448c12b4bdc2d02308b456f",
			"parentId": "I59618243789093536BTWm4h",
			"slotId": "4",
			"location": {
				"x": 0,
				"y": 1,
				"r": "Horizontal"
			}
		},
		{
			"_id": "I59618247724750188y0RV2A",
			"_tpl": "57371e4124597760ff7b25f1",
			"parentId": "I59618243205110346JrFNL8",
			"slotId": "cartridges",
			"upd": {
				"StackObjectsCount": 8
			}
		},
		{
			"_id": "I59618248292067986ASqyxy",
			"_tpl": "5448c12b4bdc2d02308b456f",
			"parentId": "I59618243789093536BTWm4h",
			"slotId": "8",
			"location": {
				"x": 0,
				"y": 1,
				"r": "Horizontal"
			}
		},
		{
			"_id": "I59618245754582950nWy62B",
			"_tpl": "57371b192459775a9f58a5e0",
			"parentId": "I59618248292067986ASqyxy",
			"slotId": "cartridges",
			"upd": {
				"StackObjectsCount": 8
			}
		},
		{
			"_id": "I59618244253301559rz1L82",
			"_tpl": "57e26ea924597715ca604a09",
			"parentId": "5c6687d65e9d882c8841f0fd",
			"slotId": "Scabbard"
		},
		{
			"_id": "I59618241664585938SEZ4dg",
			"_tpl": "572b7f1624597762ae139822",
			"parentId": "5c6687d65e9d882c8841f0fd",
			"slotId": "FaceCover"
		},
		{
			"_id": "I59618241329641202VFN94y",
			"_tpl": "5c0e541586f7747fa54205c9",
			"parentId": "5c6687d65e9d882c8841f0fd",
			"slotId": "ArmorVest",
			"upd": {
				"Repairable": {
					"MaxDurability": 60,
					"Durability": 27
				}
			}
		},
		{
			"_id": "I59618247584837572s7CJgK",
			"_tpl": "5bc9c29cd4351e003562b8a3",
			"parentId": "5c6687d65e9d882c8841f121",
			"slotId": "pocket1",
			"location": {
				"x": 0,
				"y": 0,
				"r": "Horizontal"
			},
			"upd": {
				"SpawnedInSession": true
			}
		}
	],
	"equipment": "5c6687d65e9d882c8841f0fd",
	"stash": "5c6687d65e9d882c8841f0fc",
	"questRaidItems": "5c6687d65e9d882c8841f0fe",
	"questStashItems": "5c6687d65e9d882c8841f0ff",
	"fastPanel": {}
}