{
	"items": [
		{
			"_id": "5c6687d65e9d882c8841f0fd",
			"_tpl": "55d7217a4bdc2d86028b456d"
		},
		{
			"_id": "5c6687d65e9d882c8841f121",
			"_tpl": "557ffd194bdc2d28148b457f",
			"parentId": "5c6687d65e9d882c8841f0fd",
			"slotId": "Pockets"
		},
		{
			"_id": "5c6687d65e9d882c8841f0fc",
			"_tpl": "566abbc34bdc2d92178b4576"
		},
		{
			"_id": "5c6687d65e9d882c8841f0ff",
			"_tpl": "5963866b86f7747bfa1c4462"
		},
		{
			"_id": "5c6687d65e9d882c8841f0fe",
			"_tpl": "5963866286f7747bf429b572"
		},
		{
			"_id": "I596182438662692837TCLK5",
			"_tpl": "5b44c8ea86f7742d1627baf1",
			"parentId": "5c6687d65e9d882c8841f0fd",
			"slotId": "TacticalVest"
		},
		{
			"_id": "I21007219422797693LVXFMe",
			"_tpl": "583990e32459771419544dd2",
			"parentId": "5c6687d65e9d882c8841f0fd",
			"slotId": "FirstPrimaryWeapon",
			"upd": {
				"Repairable": {
					"MaxDurability": 100,
					"Durability": 62
				}
			}
		},
		{
			"_id": "I210072131582560693Ipu7L",
			"_tpl": "5649ad3f4bdc2df8348b4585",
			"parentId": "I21007219422797693LVXFMe",
			"slotId": "mod_pistol_grip"
		},
		{
			"_id": "I21007214617119510LSCUKg",
			"_tpl": "57dc347d245977596754e7a1",
			"parentId": "I21007219422797693LVXFMe",
			"slotId": "mod_stock"
		},
		{
			"_id": "I59618245628000706zXPRBo",
			"_tpl": "564ca99c4bdc2d16268b4589",
			"parentId": "I21007219422797693LVXFMe",
			"slotId": "mod_magazine"
		},
		{
			"_id": "I59618248826628443J4ORU7",
			"_tpl": "56dff4ecd2720b5f5a8b4568",
			"parentId": "I59618245628000706zXPRBo",
			"slotId": "cartridges",
			"upd": {
				"StackObjectsCount": 30
			}
		},
		{
			"_id": "I210072145191265578FMLPB",
			"_tpl": "57dc324a24597759501edc20",
			"parentId": "I21007219422797693LVXFMe",
			"slotId": "mod_muzzle"
		},
		{
			"_id": "I21007214647949498aOt20D",
			"_tpl": "57dc334d245977597164366f",
			"parentId": "I21007219422797693LVXFMe",
			"slotId": "mod_reciever"
		},
		{
			"_id": "I21007215360212556S2RvyG",
			"_tpl": "59d36a0086f7747e673f3946",
			"parentId": "I21007219422797693LVXFMe",
			"slotId": "mod_gas_block"
		},
		{
			"_id": "I210072166375059758aOdfm",
			"_tpl": "56dfef82d2720bbd668b4567",
			"parentId": "I210072161733312651r0JD0",
			"slotId": "cartridges",
			"location": 0,
			"upd": {
				"StackObjectsCount": 30
			}
		},
		{
			"_id": "I21007217038488842AGmbED",
			"_tpl": "57dc32dc245977596d4ef3d3",
			"parentId": "I21007215360212556S2RvyG",
			"slotId": "mod_handguard"
		},
		{
			"_id": "I59618245680101241tARabV",
			"_tpl": "5857a8bc2459772bad15db29",
			"parentId": "5c6687d65e9d882c8841f0fd",
			"slotId": "SecuredContainer"
		},
		{
			"_id": "I59618248906421342Gh2GX0",
			"_tpl": "56dff0bed2720bb0668b4567",
			"parentId": "I59618245680101241tARabV",
			"slotId": "main",
			"upd": {
				"StackObjectsCount": 60
			}
		},
		{
			"_id": "I59618243370699405I681tJ",
			"_tpl": "56dff0bed2720bb0668b4567",
			"parentId": "I59618245680101241tARabV",
			"slotId": "main",
			"upd": {
				"StackObjectsCount": 60
			}
		},
		{
			"_id": "I59618249723826263Xu8pX2",
			"_tpl": "56dff3afd2720bba668b4567",
			"parentId": "I59618245680101241tARabV",
			"slotId": "main",
			"upd": {
				"StackObjectsCount": 60
			}
		},
		{
			"_id": "I59618242148494293ToYguv",
			"_tpl": "56dff2ced2720bb4668b4567",
			"parentId": "I59618245680101241tARabV",
			"slotId": "main",
			"upd": {
				"StackObjectsCount": 60
			}
		},
		{
			"_id": "I59618248781163163VVACuz",
			"_tpl": "56dff338d2720bbd668b4569",
			"parentId": "I59618245680101241tARabV",
			"slotId": "main",
			"upd": {
				"StackObjectsCount": 60
			}
		},
		{
			"_id": "I59618242528762325tbsZhl",
			"_tpl": "56dff026d2720bb8668b4567",
			"parentId": "I59618245680101241tARabV",
			"slotId": "main",
			"upd": {
				"StackObjectsCount": 60
			}
		},
		{
			"_id": "I59618244086061426ldPShs",
			"_tpl": "56dff216d2720bbd668b4568",
			"parentId": "I59618245680101241tARabV",
			"slotId": "main",
			"upd": {
				"StackObjectsCount": 60
			}
		},
		{
			"_id": "I59618243911749060WgtB4G",
			"_tpl": "56dff026d2720bb8668b4567",
			"parentId": "I59618245680101241tARabV",
			"slotId": "main",
			"upd": {
				"StackObjectsCount": 60
			}
		},
		{
			"_id": "I59618243288619322uY3FRC",
			"_tpl": "56dff2ced2720bb4668b4567",
			"parentId": "I59618245680101241tARabV",
			"slotId": "main",
			"upd": {
				"StackObjectsCount": 60
			}
		},
		{
			"_id": "I59618247035090686J78WMd",
			"_tpl": "564ca99c4bdc2d16268b4589",
			"parentId": "I596182438662692837TCLK5",
			"slotId": "2",
			"location": {
				"x": 0,
				"y": 0,
				"r": "Horizontal"
			}
		},
		{
			"_id": "I59618246241538382mH4cWz",
			"_tpl": "56dfef82d2720bbd668b4567",
			"parentId": "I59618247035090686J78WMd",
			"slotId": "cartridges",
			"upd": {
				"StackObjectsCount": 30
			}
		},
		{
			"_id": "I596182462082855054nHu9A",
			"_tpl": "564ca99c4bdc2d16268b4589",
			"parentId": "I596182438662692837TCLK5",
			"slotId": "4",
			"location": {
				"x": 0,
				"y": 0,
				"r": "Horizontal"
			}
		},
		{
			"_id": "I59618246540589152GlV9Ek",
			"_tpl": "56dff2ced2720bb4668b4567",
			"parentId": "I596182462082855054nHu9A",
			"slotId": "cartridges",
			"upd": {
				"StackObjectsCount": 30
			}
		},
		{
			"_id": "I59618249981978038iLW7YL",
			"_tpl": "564ca99c4bdc2d16268b4589",
			"parentId": "I596182438662692837TCLK5",
			"slotId": "6",
			"location": {
				"x": 0,
				"y": 0,
				"r": "Horizontal"
			}
		},
		{
			"_id": "I596182437960162456x7E62",
			"_tpl": "56dff2ced2720bb4668b4567",
			"parentId": "I59618249981978038iLW7YL",
			"slotId": "cartridges",
			"upd": {
				"StackObjectsCount": 30
			}
		},
		{
			"_id": "I59618249450087432981iuV",
			"_tpl": "564ca99c4bdc2d16268b4589",
			"parentId": "I596182438662692837TCLK5",
			"slotId": "8",
			"location": {
				"x": 0,
				"y": 0,
				"r": "Horizontal"
			}
		},
		{
			"_id": "I59618245597987641R6aWdX",
			"_tpl": "56dff338d2720bbd668b4569",
			"parentId": "I59618249450087432981iuV",
			"slotId": "cartridges",
			"upd": {
				"StackObjectsCount": 30
			}
		},
		{
			"_id": "I59618241353133411DhjVFF",
			"_tpl": "54491bb74bdc2d09088b4567",
			"parentId": "5c6687d65e9d882c8841f0fd",
			"slotId": "Scabbard"
		},
		{
			"_id": "I59618242318090244u9hbqo",
			"_tpl": "5aa2b986e5b5b00014028f4c",
			"parentId": "5c6687d65e9d882c8841f0fd",
			"slotId": "Eyewear"
		},
		{
			"_id": "I59618244166174180VaonEE",
			"_tpl": "5ca20d5986f774331e7c9602",
			"parentId": "5c6687d65e9d882c8841f0fd",
			"slotId": "Backpack"
		},
		{
			"_id": "I596182434903767593d9nvi",
			"_tpl": "544fb25a4bdc2dfb738b4567",
			"parentId": "I59618244166174180VaonEE",
			"slotId": "main",
			"location": {
				"x": 0,
				"y": 0,
				"r": "Horizontal"
			}
		},
		{
			"_id": "I596182424469748328DV0JQ",
			"_tpl": "5673de654bdc2d180f8b456d",
			"parentId": "I59618244166174180VaonEE",
			"slotId": "main",
			"location": {
				"x": 0,
				"y": 1,
				"r": "Horizontal"
			}
		},
		{
			"_id": "I596182420465116685rAykf",
			"_tpl": "5d4041f086f7743cac3f22a7",
			"parentId": "I59618244166174180VaonEE",
			"slotId": "main",
			"location": {
				"x": 0,
				"y": 2,
				"r": "Horizontal"
			}
		},
		{
			"_id": "I596182434759513867h3VlA",
			"_tpl": "57514643245977207f2c2d09",
			"parentId": "I59618244166174180VaonEE",
			"slotId": "main",
			"location": {
				"x": 0,
				"y": 3,
				"r": "Horizontal"
			}
		},
		{
			"_id": "I59618243089627023CX6Azr",
			"_tpl": "57347c77245977448d35f6e2",
			"parentId": "I59618244166174180VaonEE",
			"slotId": "main",
			"location": {
				"x": 0,
				"y": 4,
				"r": "Horizontal"
			}
		},
		{
			"_id": "I596182464999402226X3B7t",
			"_tpl": "5909e99886f7740c983b9984",
			"parentId": "I59618244166174180VaonEE",
			"slotId": "main",
			"location": {
				"x": 1,
				"y": 0,
				"r": "Horizontal"
			}
		},
		{
			"_id": "I59618242382281980xQRryT",
			"_tpl": "5d63d33b86f7746ea9275524",
			"parentId": "I59618244166174180VaonEE",
			"slotId": "main",
			"location": {
				"x": 1,
				"y": 1,
				"r": "Horizontal"
			}
		},
		{
			"_id": "I59618241871815313CPIFQF",
			"_tpl": "5d80cb8786f774405611c7d9",
			"parentId": "5c6687d65e9d882c8841f121",
			"slotId": "pocket1",
			"location": {
				"x": 0,
				"y": 0,
				"r": "Horizontal"
			},
			"upd": {
				"SpawnedInSession": true
			}
		},
		{
			"_id": "I59618246671205679XbN3c5",
			"_tpl": "5734795124597738002c6176",
			"parentId": "5c6687d65e9d882c8841f121",
			"slotId": "pocket2",
			"location": {
				"x": 0,
				"y": 0,
				"r": "Horizontal"
			},
			"upd": {
				"SpawnedInSession": true
			}
		}
	],
	"equipment": "5c6687d65e9d882c8841f0fd",
	"stash": "5c6687d65e9d882c8841f0fc",
	"questRaidItems": "5c6687d65e9d882c8841f0fe",
	"questStashItems": "5c6687d65e9d882c8841f0ff",
	"fastPanel": {}
}