{
	"items": [
		{
			"_id": "5c6687d65e9d882c8841f0fd",
			"_tpl": "55d7217a4bdc2d86028b456d"
		},
		{
			"_id": "5c6687d65e9d882c8841f121",
			"_tpl": "557ffd194bdc2d28148b457f",
			"parentId": "5c6687d65e9d882c8841f0fd",
			"slotId": "Pockets"
		},
		{
			"_id": "5c6687d65e9d882c8841f0fc",
			"_tpl": "566abbc34bdc2d92178b4576"
		},
		{
			"_id": "5c6687d65e9d882c8841f0ff",
			"_tpl": "5963866b86f7747bfa1c4462"
		},
		{
			"_id": "5c6687d65e9d882c8841f0fe",
			"_tpl": "5963866286f7747bf429b572"
		},
		{
			"_id": "I59618241756170598JXxHVD",
			"_tpl": "5648a69d4bdc2ded0b8b457b",
			"parentId": "5c6687d65e9d882c8841f0fd",
			"slotId": "TacticalVest"
		},
		{
			"_id": "I21005274461938734znOLW3",
			"_tpl": "5b0bbe4e5acfc40dc528a72d",
			"parentId": "5c6687d65e9d882c8841f0fd",
			"slotId": "FirstPrimaryWeapon",
			"upd": {
				"Repairable": {
					"MaxDurability": 100,
					"Durability": 57
				}
			}
		},
		{
			"_id": "I21005278821303683xvK7Dy",
			"_tpl": "5b099b965acfc400186331e6",
			"parentId": "I21005274461938734znOLW3",
			"slotId": "mod_pistol_grip"
		},
		{
			"_id": "I59618241263716720abQPOu",
			"_tpl": "5b7c2d1d5acfc43d1028532a",
			"parentId": "I21005274461938734znOLW3",
			"slotId": "mod_magazine"
		},
		{
			"_id": "I59618241140372361ukISZX",
			"_tpl": "5e023e6e34d52a55c3304f71",
			"parentId": "I59618241263716720abQPOu",
			"slotId": "cartridges",
			"upd": {
				"StackObjectsCount": 20
			}
		},
		{
			"_id": "I210052717339992548pa5z0",
			"_tpl": "5b099a9d5acfc47a8607efe7",
			"parentId": "I21005274461938734znOLW3",
			"slotId": "mod_handguard"
		},
		{
			"_id": "I21005277344600972okJxxH",
			"_tpl": "5b099a765acfc47a8607efe3",
			"parentId": "I21005274461938734znOLW3",
			"slotId": "mod_barrel"
		},
		{
			"_id": "I210052737448575230C6461",
			"_tpl": "5b0bc22d5acfc47a8607f085",
			"parentId": "I21005274461938734znOLW3",
			"slotId": "mod_sight_rear",
			"upd": {
				"Sight": {
					"SelectedSightMode": 0
				}
			}
		},
		{
			"_id": "I21005278451412674OC482D",
			"_tpl": "5b7d63cf5acfc4001876c8df",
			"parentId": "I21005274461938734znOLW3",
			"slotId": "mod_stock"
		},
		{
			"_id": "I21005279695471751vzzkvq",
			"_tpl": "5b099b7d5acfc400186331e4",
			"parentId": "I21005277344600972okJxxH",
			"slotId": "mod_muzzle"
		},
		{
			"_id": "I59618246316137697aHlvoZ",
			"_tpl": "5857a8bc2459772bad15db29",
			"parentId": "5c6687d65e9d882c8841f0fd",
			"slotId": "SecuredContainer"
		},
		{
			"_id": "I59618247569758208L52WpZ",
			"_tpl": "5e023e53d4353e3302577c4c",
			"parentId": "I59618246316137697aHlvoZ",
			"slotId": "main",
			"upd": {
				"StackObjectsCount": 60
			}
		},
		{
			"_id": "I59618242599336688t2c8q9",
			"_tpl": "5e023e53d4353e3302577c4c",
			"parentId": "I59618246316137697aHlvoZ",
			"slotId": "main",
			"upd": {
				"StackObjectsCount": 60
			}
		},
		{
			"_id": "I596182419707696338NKQQT",
			"_tpl": "5a6086ea4f39f99cd479502f",
			"parentId": "I59618246316137697aHlvoZ",
			"slotId": "main",
			"upd": {
				"StackObjectsCount": 60
			}
		},
		{
			"_id": "I596182414781632138WeAGX",
			"_tpl": "5a608bf24f39f98ffc77720e",
			"parentId": "I59618246316137697aHlvoZ",
			"slotId": "main",
			"upd": {
				"StackObjectsCount": 60
			}
		},
		{
			"_id": "I596182479498385493ECVaJ",
			"_tpl": "5e023e53d4353e3302577c4c",
			"parentId": "I59618246316137697aHlvoZ",
			"slotId": "main",
			"upd": {
				"StackObjectsCount": 60
			}
		},
		{
			"_id": "I59618246337171984PwWvJ1",
			"_tpl": "58dd3ad986f77403051cba8f",
			"parentId": "I59618246316137697aHlvoZ",
			"slotId": "main",
			"upd": {
				"StackObjectsCount": 60
			}
		},
		{
			"_id": "I59618244638693646sK0PWk",
			"_tpl": "5e023e88277cce2b522ff2b1",
			"parentId": "I59618246316137697aHlvoZ",
			"slotId": "main",
			"upd": {
				"StackObjectsCount": 60
			}
		},
		{
			"_id": "I59618241453909352uizq9n",
			"_tpl": "5e023e6e34d52a55c3304f71",
			"parentId": "I59618246316137697aHlvoZ",
			"slotId": "main",
			"upd": {
				"StackObjectsCount": 60
			}
		},
		{
			"_id": "I59618247790494392c5zisN",
			"_tpl": "5e023e88277cce2b522ff2b1",
			"parentId": "I59618246316137697aHlvoZ",
			"slotId": "main",
			"upd": {
				"StackObjectsCount": 60
			}
		},
		{
			"_id": "I59618242872658947n4B3wc",
			"_tpl": "5b7c2d1d5acfc43d1028532a",
			"parentId": "I59618241756170598JXxHVD",
			"slotId": "1",
			"location": {
				"x": 0,
				"y": 0,
				"r": "Horizontal"
			}
		},
		{
			"_id": "I59618248588703588Rt2Rfz",
			"_tpl": "5a6086ea4f39f99cd479502f",
			"parentId": "I59618242872658947n4B3wc",
			"slotId": "cartridges",
			"upd": {
				"StackObjectsCount": 20
			}
		},
		{
			"_id": "I59618245428842052cNrsTr",
			"_tpl": "5b7c2d1d5acfc43d1028532a",
			"parentId": "I59618241756170598JXxHVD",
			"slotId": "3",
			"location": {
				"x": 0,
				"y": 0,
				"r": "Horizontal"
			}
		},
		{
			"_id": "I59618248417845570HjngKH",
			"_tpl": "5a608bf24f39f98ffc77720e",
			"parentId": "I59618245428842052cNrsTr",
			"slotId": "cartridges",
			"upd": {
				"StackObjectsCount": 20
			}
		},
		{
			"_id": "I59618243693710692T1dAP5",
			"_tpl": "544fb25a4bdc2dfb738b4567",
			"parentId": "I59618241756170598JXxHVD",
			"slotId": "10"
		},
		{
			"_id": "I59618247651770083ntUhfP",
			"_tpl": "5b7c2d1d5acfc43d1028532a",
			"parentId": "I59618241756170598JXxHVD",
			"slotId": "11",
			"location": {
				"x": 0,
				"y": 0,
				"r": "Horizontal"
			}
		},
		{
			"_id": "I59618249913093470Hdqgd4",
			"_tpl": "5a6086ea4f39f99cd479502f",
			"parentId": "I59618247651770083ntUhfP",
			"slotId": "cartridges",
			"upd": {
				"StackObjectsCount": 20
			}
		},
		{
			"_id": "I59618242486599954DJ3NVO",
			"_tpl": "5b7c2d1d5acfc43d1028532a",
			"parentId": "I59618241756170598JXxHVD",
			"slotId": "5",
			"location": {
				"x": 1,
				"y": 0,
				"r": "Horizontal"
			}
		},
		{
			"_id": "I59618245596529363kp84P2",
			"_tpl": "5e023e6e34d52a55c3304f71",
			"parentId": "I59618242486599954DJ3NVO",
			"slotId": "cartridges",
			"upd": {
				"StackObjectsCount": 20
			}
		},
		{
			"_id": "I59618242913928437zoBJAi",
			"_tpl": "5a608bf24f39f98ffc77720e",
			"parentId": "I59618241756170598JXxHVD",
			"slotId": "7",
			"upd": {
				"StackObjectsCount": 6
			}
		},
		{
			"_id": "I59618243578379121bPCl3m",
			"_tpl": "5e023e53d4353e3302577c4c",
			"parentId": "I59618241756170598JXxHVD",
			"slotId": "9",
			"upd": {
				"StackObjectsCount": 7
			}
		},
		{
			"_id": "I59618244394289803XVZAgG",
			"_tpl": "54491bb74bdc2d09088b4567",
			"parentId": "5c6687d65e9d882c8841f0fd",
			"slotId": "Scabbard"
		},
		{
			"_id": "I5961824307466194865HAUx",
			"_tpl": "5b40e61f5acfc4001a599bec",
			"parentId": "5c6687d65e9d882c8841f0fd",
			"slotId": "Headwear"
		},
		{
			"_id": "I59618244273880992Te4QAq",
			"_tpl": "59e7635f86f7742cbf2c1095",
			"parentId": "5c6687d65e9d882c8841f0fd",
			"slotId": "ArmorVest",
			"upd": {
				"Repairable": {
					"MaxDurability": 40,
					"Durability": 10
				}
			}
		},
		{
			"_id": "I59618243403129841rHhaLY",
			"_tpl": "5783c43d2459774bbe137486",
			"parentId": "5c6687d65e9d882c8841f121",
			"slotId": "pocket1",
			"location": {
				"x": 0,
				"y": 0,
				"r": "Horizontal"
			},
			"upd": {
				"SpawnedInSession": true
			}
		},
		{
			"_id": "I59618247162352727f4ZfAO",
			"_tpl": "57347baf24597738002c6178",
			"parentId": "5c6687d65e9d882c8841f121",
			"slotId": "pocket2",
			"location": {
				"x": 0,
				"y": 0,
				"r": "Horizontal"
			},
			"upd": {
				"SpawnedInSession": true
			}
		},
		{
			"_id": "I59618244050200273zTvcfW",
			"_tpl": "590a373286f774287540368b",
			"parentId": "5c6687d65e9d882c8841f121",
			"slotId": "pocket3",
			"location": {
				"x": 0,
				"y": 0,
				"r": "Horizontal"
			},
			"upd": {
				"SpawnedInSession": true
			}
		}
	],
	"equipment": "5c6687d65e9d882c8841f0fd",
	"stash": "5c6687d65e9d882c8841f0fc",
	"questRaidItems": "5c6687d65e9d882c8841f0fe",
	"questStashItems": "5c6687d65e9d882c8841f0ff",
	"fastPanel": {}
}