{
	"items": [
		{
			"_id": "5c6687d65e9d882c8841f0fd",
			"_tpl": "55d7217a4bdc2d86028b456d"
		},
		{
			"_id": "5c6687d65e9d882c8841f121",
			"_tpl": "557ffd194bdc2d28148b457f",
			"parentId": "5c6687d65e9d882c8841f0fd",
			"slotId": "Pockets"
		},
		{
			"_id": "5c6687d65e9d882c8841f0fc",
			"_tpl": "566abbc34bdc2d92178b4576"
		},
		{
			"_id": "5c6687d65e9d882c8841f0ff",
			"_tpl": "5963866b86f7747bfa1c4462"
		},
		{
			"_id": "5c6687d65e9d882c8841f0fe",
			"_tpl": "5963866286f7747bf429b572"
		},
		{
			"_id": "I59618235016211263faRv0q",
			"_tpl": "5e4abfed86f77406a2713cf7",
			"parentId": "5c6687d65e9d882c8841f0fd",
			"slotId": "TacticalVest"
		},
		{
			"_id": "I33101887645250965KCwVnl",
			"_tpl": "5ab8e9fcd8ce870019439434",
			"parentId": "5c6687d65e9d882c8841f0fd",
			"slotId": "FirstPrimaryWeapon",
			"upd": {
				"Repairable": {
					"MaxDurability": 100,
					"Durability": 33
				}
			}
		},
		{
			"_id": "I33101888405174515fzrui3",
			"_tpl": "59c6633186f7740cf0493bb9",
			"parentId": "I33101887645250965KCwVnl",
			"slotId": "mod_gas_block"
		},
		{
			"_id": "I33101884222576657h9CNxs",
			"_tpl": "5649aa744bdc2ded0b8b457e",
			"parentId": "I33101887645250965KCwVnl",
			"slotId": "mod_muzzle"
		},
		{
			"_id": "I33101889162831726uW6ZB3",
			"_tpl": "57e3dba62459770f0c32322b",
			"parentId": "I33101887645250965KCwVnl",
			"slotId": "mod_pistol_grip"
		},
		{
			"_id": "I33101881766608554X2FeqM",
			"_tpl": "5649af094bdc2df8348b4586",
			"parentId": "I33101887645250965KCwVnl",
			"slotId": "mod_reciever"
		},
		{
			"_id": "I33101884028660079Ty0o4S",
			"_tpl": "5649b0544bdc2d1b2b8b458a",
			"parentId": "I33101887645250965KCwVnl",
			"slotId": "mod_sight_rear",
			"upd": {
				"Sight": {
					"SelectedSightMode": 0
				}
			}
		},
		{
			"_id": "I59618232479151227QjVjfM",
			"_tpl": "55d482194bdc2d1d4e8b456b",
			"parentId": "I33101887645250965KCwVnl",
			"slotId": "mod_magazine"
		},
		{
			"_id": "I5961823124463644673zDpM",
			"_tpl": "56dff421d2720b5f5a8b4567",
			"parentId": "I59618232479151227QjVjfM",
			"slotId": "cartridges",
			"upd": {
				"StackObjectsCount": 60
			}
		},
		{
			"_id": "I331018832031491834ZuBl7",
			"_tpl": "5648b0744bdc2d363b8b4578",
			"parentId": "I33101888405174515fzrui3",
			"slotId": "mod_handguard"
		},
		{
			"_id": "I596182326856598069F0Sv0",
			"_tpl": "5857a8bc2459772bad15db29",
			"parentId": "5c6687d65e9d882c8841f0fd",
			"slotId": "SecuredContainer"
		},
		{
			"_id": "I59618238042144911gKUHtH",
			"_tpl": "56dff421d2720b5f5a8b4567",
			"parentId": "I596182326856598069F0Sv0",
			"slotId": "main",
			"upd": {
				"StackObjectsCount": 60
			}
		},
		{
			"_id": "I59618233281820962idFDoR",
			"_tpl": "56dfef82d2720bbd668b4567",
			"parentId": "I596182326856598069F0Sv0",
			"slotId": "main",
			"upd": {
				"StackObjectsCount": 60
			}
		},
		{
			"_id": "I59618237689136594gDJkNK",
			"_tpl": "56dff421d2720b5f5a8b4567",
			"parentId": "I596182326856598069F0Sv0",
			"slotId": "main",
			"upd": {
				"StackObjectsCount": 60
			}
		},
		{
			"_id": "I59618239098570992OQzD5c",
			"_tpl": "56dff2ced2720bb4668b4567",
			"parentId": "I596182326856598069F0Sv0",
			"slotId": "main",
			"upd": {
				"StackObjectsCount": 60
			}
		},
		{
			"_id": "I59618233135983132ZjmFmZ",
			"_tpl": "56dff4a2d2720bbd668b456a",
			"parentId": "I596182326856598069F0Sv0",
			"slotId": "main",
			"upd": {
				"StackObjectsCount": 60
			}
		},
		{
			"_id": "I59618237465546696xcHAgK",
			"_tpl": "56dff2ced2720bb4668b4567",
			"parentId": "I596182326856598069F0Sv0",
			"slotId": "main",
			"upd": {
				"StackObjectsCount": 60
			}
		},
		{
			"_id": "I596182338341757453Lyr82",
			"_tpl": "56dff026d2720bb8668b4567",
			"parentId": "I596182326856598069F0Sv0",
			"slotId": "main",
			"upd": {
				"StackObjectsCount": 60
			}
		},
		{
			"_id": "I59618233859779972evxFjA",
			"_tpl": "56dff3afd2720bba668b4567",
			"parentId": "I596182326856598069F0Sv0",
			"slotId": "main",
			"upd": {
				"StackObjectsCount": 60
			}
		},
		{
			"_id": "I59618231734188609CRkGdO",
			"_tpl": "56dff216d2720bbd668b4568",
			"parentId": "I596182326856598069F0Sv0",
			"slotId": "main",
			"upd": {
				"StackObjectsCount": 60
			}
		},
		{
			"_id": "I59618238015992158H6QgxB",
			"_tpl": "55d480c04bdc2d1d4e8b456a",
			"parentId": "I59618235016211263faRv0q",
			"slotId": "1",
			"location": {
				"x": 0,
				"y": 0,
				"r": "Horizontal"
			}
		},
		{
			"_id": "I59618237564031138L2LpPC",
			"_tpl": "56dfef82d2720bbd668b4567",
			"parentId": "I59618238015992158H6QgxB",
			"slotId": "cartridges",
			"upd": {
				"StackObjectsCount": 30
			}
		},
		{
			"_id": "I59618233354325025xwrnHT",
			"_tpl": "55d480c04bdc2d1d4e8b456a",
			"parentId": "I59618235016211263faRv0q",
			"slotId": "3",
			"location": {
				"x": 0,
				"y": 0,
				"r": "Horizontal"
			}
		},
		{
			"_id": "I596182351928077010Ag6Iu",
			"_tpl": "56dfef82d2720bbd668b4567",
			"parentId": "I59618233354325025xwrnHT",
			"slotId": "cartridges",
			"upd": {
				"StackObjectsCount": 30
			}
		},
		{
			"_id": "I59618235371330224Aa5h0h",
			"_tpl": "56dff338d2720bbd668b4569",
			"parentId": "I59618235016211263faRv0q",
			"slotId": "5",
			"upd": {
				"StackObjectsCount": 38
			}
		},
		{
			"_id": "I59618236010921393zDCgPK",
			"_tpl": "58d3db5386f77426186285a0",
			"parentId": "I59618235016211263faRv0q",
			"slotId": "7"
		},
		{
			"_id": "I59618233564336060t1CuQP",
			"_tpl": "56dff061d2720bb5668b4567",
			"parentId": "I59618235016211263faRv0q",
			"slotId": "8",
			"upd": {
				"StackObjectsCount": 9
			}
		},
		{
			"_id": "I59618235235629026nvHJcP",
			"_tpl": "54491bb74bdc2d09088b4567",
			"parentId": "5c6687d65e9d882c8841f0fd",
			"slotId": "Scabbard"
		},
		{
			"_id": "I59618239873136289Ew9Uoo",
			"_tpl": "59e770f986f7742cbe3164ef",
			"parentId": "5c6687d65e9d882c8841f0fd",
			"slotId": "Headwear"
		},
		{
			"_id": "I5961823144161690182sFhj",
			"_tpl": "5751496424597720a27126da",
			"parentId": "5c6687d65e9d882c8841f121",
			"slotId": "pocket1",
			"location": {
				"x": 0,
				"y": 0,
				"r": "Horizontal"
			},
			"upd": {
				"SpawnedInSession": true
			}
		},
		{
			"_id": "I59618239231602351aScFT4",
			"_tpl": "59e361e886f774176c10a2a5",
			"parentId": "5c6687d65e9d882c8841f121",
			"slotId": "pocket2",
			"location": {
				"x": 0,
				"y": 0,
				"r": "Horizontal"
			},
			"upd": {
				"SpawnedInSession": true
			}
		}
	],
	"equipment": "5c6687d65e9d882c8841f0fd",
	"stash": "5c6687d65e9d882c8841f0fc",
	"questRaidItems": "5c6687d65e9d882c8841f0fe",
	"questStashItems": "5c6687d65e9d882c8841f0ff",
	"fastPanel": {}
}