{
	"items": [
		{
			"_id": "5c6687d65e9d882c8841f0fd",
			"_tpl": "55d7217a4bdc2d86028b456d"
		},
		{
			"_id": "5c6687d65e9d882c8841f121",
			"_tpl": "557ffd194bdc2d28148b457f",
			"parentId": "5c6687d65e9d882c8841f0fd",
			"slotId": "Pockets"
		},
		{
			"_id": "5c6687d65e9d882c8841f0fc",
			"_tpl": "566abbc34bdc2d92178b4576"
		},
		{
			"_id": "5c6687d65e9d882c8841f0ff",
			"_tpl": "5963866b86f7747bfa1c4462"
		},
		{
			"_id": "5c6687d65e9d882c8841f0fe",
			"_tpl": "5963866286f7747bf429b572"
		},
		{
			"_id": "I59618247057374517vYsM9X",
			"_tpl": "5e4abfed86f77406a2713cf7",
			"parentId": "5c6687d65e9d882c8841f0fd",
			"slotId": "TacticalVest"
		},
		{
			"_id": "I331039179860646814DlpwL",
			"_tpl": "59e6152586f77473dc057aa1",
			"parentId": "5c6687d65e9d882c8841f0fd",
			"slotId": "FirstPrimaryWeapon",
			"upd": {
				"Repairable": {
					"MaxDurability": 100,
					"Durability": 47
				}
			}
		},
		{
			"_id": "I331039174411152447ZbjJ3",
			"_tpl": "59e649f986f77411d949b246",
			"parentId": "I331039179860646814DlpwL",
			"slotId": "mod_gas_block"
		},
		{
			"_id": "I331039178642659654y2W2Q",
			"_tpl": "59e61eb386f77440d64f5daf",
			"parentId": "I331039179860646814DlpwL",
			"slotId": "mod_muzzle"
		},
		{
			"_id": "I3310391781899063462DgCY",
			"_tpl": "59e6318286f77444dd62c4cc",
			"parentId": "I331039179860646814DlpwL",
			"slotId": "mod_pistol_grip"
		},
		{
			"_id": "I3310391752734306735x2aE",
			"_tpl": "59d650cf86f7741b846413a4",
			"parentId": "I331039179860646814DlpwL",
			"slotId": "mod_sight_rear",
			"upd": {
				"Sight": {
					"SelectedSightMode": 0
				}
			}
		},
		{
			"_id": "I59618245923095010OdhvU9",
			"_tpl": "59e5d83b86f7745aed03d262",
			"parentId": "I331039179860646814DlpwL",
			"slotId": "mod_magazine"
		},
		{
			"_id": "I59618249852683788OdwB6L",
			"_tpl": "59e0d99486f7744a32234762",
			"parentId": "I59618245923095010OdhvU9",
			"slotId": "cartridges",
			"upd": {
				"StackObjectsCount": 10
			}
		},
		{
			"_id": "I331039175782544829KijoY",
			"_tpl": "59e6284f86f77440d569536f",
			"parentId": "I331039174411152447ZbjJ3",
			"slotId": "mod_handguard"
		},
		{
			"_id": "I59618249692663696hZtQWg",
			"_tpl": "5857a8bc2459772bad15db29",
			"parentId": "5c6687d65e9d882c8841f0fd",
			"slotId": "SecuredContainer"
		},
		{
			"_id": "I59618247076497939WT15Mz",
			"_tpl": "59e4cf5286f7741778269d8a",
			"parentId": "I59618249692663696hZtQWg",
			"slotId": "main",
			"upd": {
				"StackObjectsCount": 60
			}
		},
		{
			"_id": "I59618241631966905t1u0QR",
			"_tpl": "59e0d99486f7744a32234762",
			"parentId": "I59618249692663696hZtQWg",
			"slotId": "main",
			"upd": {
				"StackObjectsCount": 60
			}
		},
		{
			"_id": "I59618242559157267HRKwCp",
			"_tpl": "5656d7c34bdc2d9d198b4587",
			"parentId": "I59618249692663696hZtQWg",
			"slotId": "main",
			"upd": {
				"StackObjectsCount": 60
			}
		},
		{
			"_id": "I59618242533130076I5i93c",
			"_tpl": "59e4d3d286f774176a36250a",
			"parentId": "I59618249692663696hZtQWg",
			"slotId": "main",
			"upd": {
				"StackObjectsCount": 60
			}
		},
		{
			"_id": "I59618247552495066qi878r",
			"_tpl": "59e4cf5286f7741778269d8a",
			"parentId": "I59618249692663696hZtQWg",
			"slotId": "main",
			"upd": {
				"StackObjectsCount": 60
			}
		},
		{
			"_id": "I5961824353758093035QgCk",
			"_tpl": "59e0d99486f7744a32234762",
			"parentId": "I59618249692663696hZtQWg",
			"slotId": "main",
			"upd": {
				"StackObjectsCount": 60
			}
		},
		{
			"_id": "I59618247256060438tgZicV",
			"_tpl": "59e4d24686f7741776641ac7",
			"parentId": "I59618249692663696hZtQWg",
			"slotId": "main",
			"upd": {
				"StackObjectsCount": 60
			}
		},
		{
			"_id": "I596182481922505135HpgDH",
			"_tpl": "59e4cf5286f7741778269d8a",
			"parentId": "I59618249692663696hZtQWg",
			"slotId": "main",
			"upd": {
				"StackObjectsCount": 60
			}
		},
		{
			"_id": "I59618247273015978m4B082",
			"_tpl": "59e4d3d286f774176a36250a",
			"parentId": "I59618249692663696hZtQWg",
			"slotId": "main",
			"upd": {
				"StackObjectsCount": 60
			}
		},
		{
			"_id": "I59618243299431097Qn6nuD",
			"_tpl": "59e5d83b86f7745aed03d262",
			"parentId": "I59618247057374517vYsM9X",
			"slotId": "1",
			"location": {
				"x": 0,
				"y": 1,
				"r": "Horizontal"
			}
		},
		{
			"_id": "I59618241470754238S714Ix",
			"_tpl": "5656d7c34bdc2d9d198b4587",
			"parentId": "I59618243299431097Qn6nuD",
			"slotId": "cartridges",
			"upd": {
				"StackObjectsCount": 10
			}
		},
		{
			"_id": "I596182423816692067mtSHU",
			"_tpl": "59e5d83b86f7745aed03d262",
			"parentId": "I59618247057374517vYsM9X",
			"slotId": "3",
			"location": {
				"x": 0,
				"y": 0,
				"r": "Horizontal"
			}
		},
		{
			"_id": "I59618245283089982uRHkn1",
			"_tpl": "59e0d99486f7744a32234762",
			"parentId": "I596182423816692067mtSHU",
			"slotId": "cartridges",
			"upd": {
				"StackObjectsCount": 10
			}
		},
		{
			"_id": "I59618246071266363XEuFup",
			"_tpl": "59e5d83b86f7745aed03d262",
			"parentId": "I59618247057374517vYsM9X",
			"slotId": "3",
			"location": {
				"x": 0,
				"y": 1,
				"r": "Horizontal"
			}
		},
		{
			"_id": "I59618244801293160awQyF1",
			"_tpl": "59e4cf5286f7741778269d8a",
			"parentId": "I59618246071266363XEuFup",
			"slotId": "cartridges",
			"upd": {
				"StackObjectsCount": 10
			}
		},
		{
			"_id": "I59618241578835575VKle0d",
			"_tpl": "59e0d99486f7744a32234762",
			"parentId": "I59618247057374517vYsM9X",
			"slotId": "5",
			"upd": {
				"StackObjectsCount": 11
			}
		},
		{
			"_id": "I59618249304378393lv73Vo",
			"_tpl": "58d3db5386f77426186285a0",
			"parentId": "I59618247057374517vYsM9X",
			"slotId": "7"
		},
		{
			"_id": "I59618242840777916KCSxor",
			"_tpl": "5448be9a4bdc2dfd2f8b456a",
			"parentId": "I59618247057374517vYsM9X",
			"slotId": "8"
		},
		{
			"_id": "I59618249709796323HFUeBw",
			"_tpl": "57e26fc7245977162a14b800",
			"parentId": "5c6687d65e9d882c8841f0fd",
			"slotId": "Scabbard"
		},
		{
			"_id": "I59618243298184792zTjn0E",
			"_tpl": "557ff21e4bdc2d89578b4586",
			"parentId": "5c6687d65e9d882c8841f0fd",
			"slotId": "Eyewear"
		},
		{
			"_id": "I59618247366429532wzEbpm",
			"_tpl": "572b7fa524597762b747ce82",
			"parentId": "5c6687d65e9d882c8841f0fd",
			"slotId": "FaceCover"
		},
		{
			"_id": "I59618242084937723p9p8jl",
			"_tpl": "59e7635f86f7742cbf2c1095",
			"parentId": "5c6687d65e9d882c8841f0fd",
			"slotId": "ArmorVest",
			"upd": {
				"Repairable": {
					"MaxDurability": 40,
					"Durability": 39
				}
			}
		},
		{
			"_id": "I59618246004995170hlfQ9H",
			"_tpl": "5c1265fc86f7743f896a21c2",
			"parentId": "5c6687d65e9d882c8841f121",
			"slotId": "pocket1",
			"location": {
				"x": 0,
				"y": 0,
				"r": "Horizontal"
			},
			"upd": {
				"SpawnedInSession": true
			}
		},
		{
			"_id": "I596182471067157743Iul1H",
			"_tpl": "5a0eec9686f77402ac5c39f2",
			"parentId": "5c6687d65e9d882c8841f121",
			"slotId": "pocket2",
			"location": {
				"x": 0,
				"y": 0,
				"r": "Horizontal"
			},
			"upd": {
				"SpawnedInSession": true
			}
		}
	],
	"equipment": "5c6687d65e9d882c8841f0fd",
	"stash": "5c6687d65e9d882c8841f0fc",
	"questRaidItems": "5c6687d65e9d882c8841f0fe",
	"questStashItems": "5c6687d65e9d882c8841f0ff",
	"fastPanel": {}
}