{
	"items": [
		{
			"_id": "5c6687d65e9d882c8841f0fd",
			"_tpl": "55d7217a4bdc2d86028b456d"
		},
		{
			"_id": "5c6687d65e9d882c8841f121",
			"_tpl": "557ffd194bdc2d28148b457f",
			"parentId": "5c6687d65e9d882c8841f0fd",
			"slotId": "Pockets"
		},
		{
			"_id": "5c6687d65e9d882c8841f0fc",
			"_tpl": "566abbc34bdc2d92178b4576"
		},
		{
			"_id": "5c6687d65e9d882c8841f0ff",
			"_tpl": "5963866b86f7747bfa1c4462"
		},
		{
			"_id": "5c6687d65e9d882c8841f0fe",
			"_tpl": "5963866286f7747bf429b572"
		},
		{
			"_id": "I59618235602753102RwK6tz",
			"_tpl": "5c0e446786f7742013381639",
			"parentId": "5c6687d65e9d882c8841f0fd",
			"slotId": "TacticalVest"
		},
		{
			"_id": "I210018144519737213jGmrr",
			"_tpl": "576165642459773c7a400233",
			"parentId": "5c6687d65e9d882c8841f0fd",
			"slotId": "FirstPrimaryWeapon",
			"upd": {
				"Repairable": {
					"MaxDurability": 100,
					"Durability": 11
				}
			}
		},
		{
			"_id": "I2100181467409493707kVVO",
			"_tpl": "576169e62459773c69055191",
			"parentId": "I210018144519737213jGmrr",
			"slotId": "mod_handguard"
		},
		{
			"_id": "I210018148314052151tHyi6",
			"_tpl": "576167ab2459773cad038c43",
			"parentId": "I210018144519737213jGmrr",
			"slotId": "mod_muzzle"
		},
		{
			"_id": "I210018143827109655PHMj1",
			"_tpl": "5649ade84bdc2d1b2b8b4587",
			"parentId": "I210018144519737213jGmrr",
			"slotId": "mod_pistol_grip"
		},
		{
			"_id": "I210018141975463988Sah2E",
			"_tpl": "57616c112459773cce774d66",
			"parentId": "I210018144519737213jGmrr",
			"slotId": "mod_reciever"
		},
		{
			"_id": "I210018148028521873klCzc",
			"_tpl": "57a9b9ce2459770ee926038d",
			"parentId": "I210018144519737213jGmrr",
			"slotId": "mod_sight_rear",
			"upd": {
				"Sight": {
					"SelectedSightMode": 0
				}
			}
		},
		{
			"_id": "I210018147302869413n68oc",
			"_tpl": "57616ca52459773c69055192",
			"parentId": "I210018144519737213jGmrr",
			"slotId": "mod_stock"
		},
		{
			"_id": "I59618236308462745QsZCT5",
			"_tpl": "57616a9e2459773c7a400234",
			"parentId": "I210018144519737213jGmrr",
			"slotId": "mod_magazine"
		},
		{
			"_id": "I596182332128766213jQH4F",
			"_tpl": "5d6fbf68a4b9362233221f6b",
			"parentId": "I59618236308462745QsZCT5",
			"slotId": "cartridges",
			"upd": {
				"StackObjectsCount": 5
			}
		},
		{
			"_id": "I59618235447663014Derev2",
			"_tpl": "5857a8bc2459772bad15db29",
			"parentId": "5c6687d65e9d882c8841f0fd",
			"slotId": "SecuredContainer"
		},
		{
			"_id": "I59618232672007612mRfWYU",
			"_tpl": "5d6e68d1a4b93622fe60e845",
			"parentId": "I59618235447663014Derev2",
			"slotId": "main",
			"upd": {
				"StackObjectsCount": 60
			}
		},
		{
			"_id": "I59618233798400767Msc4D8",
			"_tpl": "5d6e68c4a4b9361b93413f79",
			"parentId": "I59618235447663014Derev2",
			"slotId": "main",
			"upd": {
				"StackObjectsCount": 60
			}
		},
		{
			"_id": "I59618236957278697XSGxKf",
			"_tpl": "5d6e6911a4b9361bd5780d52",
			"parentId": "I59618235447663014Derev2",
			"slotId": "main",
			"upd": {
				"StackObjectsCount": 60
			}
		},
		{
			"_id": "I596182387628990058xCivY",
			"_tpl": "560d5e524bdc2d25448b4571",
			"parentId": "I59618235447663014Derev2",
			"slotId": "main",
			"upd": {
				"StackObjectsCount": 60
			}
		},
		{
			"_id": "I59618237915206871jl9PBd",
			"_tpl": "5d6e68dea4b9361bcc29e659",
			"parentId": "I59618235447663014Derev2",
			"slotId": "main",
			"upd": {
				"StackObjectsCount": 60
			}
		},
		{
			"_id": "I59618236897625916Ykfpk8",
			"_tpl": "560d5e524bdc2d25448b4571",
			"parentId": "I59618235447663014Derev2",
			"slotId": "main",
			"upd": {
				"StackObjectsCount": 60
			}
		},
		{
			"_id": "I59618237571823298w4ThUc",
			"_tpl": "5d6fbf68a4b9362233221f6b",
			"parentId": "I59618235447663014Derev2",
			"slotId": "main",
			"upd": {
				"StackObjectsCount": 60
			}
		},
		{
			"_id": "I59618239274104673uyh2T3",
			"_tpl": "560d5e524bdc2d25448b4571",
			"parentId": "I59618235447663014Derev2",
			"slotId": "main",
			"upd": {
				"StackObjectsCount": 60
			}
		},
		{
			"_id": "I59618237846828588pzM7OY",
			"_tpl": "5d6e689ca4b9361bc8618956",
			"parentId": "I59618235447663014Derev2",
			"slotId": "main",
			"upd": {
				"StackObjectsCount": 60
			}
		},
		{
			"_id": "I5151213316361215i8JQV33",
			"_tpl": "5e81c3cbac2bb513793cdc75",
			"parentId": "5c6687d65e9d882c8841f0fd",
			"slotId": "Holster",
			"upd": {
				"Repairable": {
					"MaxDurability": 100,
					"Durability": 47
				}
			}
		},
		{
			"_id": "I5151214357867521w3AsdCc",
			"_tpl": "5e81c519cb2b95385c177551",
			"parentId": "I5151213316361215i8JQV33",
			"slotId": "mod_barrel"
		},
		{
			"_id": "I5151216560635440dELQC43",
			"_tpl": "5e81c6bf763d9f754677beff",
			"parentId": "I5151213316361215i8JQV33",
			"slotId": "mod_pistol_grip"
		},
		{
			"_id": "I5151219539456089qslCjAf",
			"_tpl": "5e81edc13397a21db957f6a1",
			"parentId": "I5151213316361215i8JQV33",
			"slotId": "mod_reciever"
		},
		{
			"_id": "I59618231966956231bYljS6",
			"_tpl": "5ea2a8e200685063ec28c05a",
			"parentId": "I5151212716233647M9k8NfA",
			"slotId": "cartridges",
			"upd": {
				"StackObjectsCount": 7
			}
		},
		{
			"_id": "I5151212716233647M9k8NfA",
			"_tpl": "5e81c4ca763d9f754677befa",
			"parentId": "I5151213316361215i8JQV33",
			"slotId": "mod_magazine"
		},
		{
			"_id": "I51512171691452758cRhyqv",
			"_tpl": "5e81c6a2ac2bb513793cdc7f",
			"parentId": "I5151213316361215i8JQV33",
			"slotId": "mod_trigger"
		},
		{
			"_id": "I5151214791483785OGxHlRf",
			"_tpl": "5e81c550763d9f754677befd",
			"parentId": "I5151213316361215i8JQV33",
			"slotId": "mod_hammer"
		},
		{
			"_id": "I5151216990468548abTjKfr",
			"_tpl": "5e81c539cb2b95385c177553",
			"parentId": "I5151213316361215i8JQV33",
			"slotId": "mod_catch"
		},
		{
			"_id": "I5151211696638511stmWRAD",
			"_tpl": "5e81ee4dcb2b95385c177582",
			"parentId": "I5151219539456089qslCjAf",
			"slotId": "mod_sight_rear",
			"upd": {
				"Sight": {
					"ScopesCurrentCalibPointIndexes": [
						0
					],
					"ScopesSelectedModes": [
						0
					],
					"SelectedScope": 0
				}
			}
		},
		{
			"_id": "I5151217614552406Xn7Y8AP",
			"_tpl": "5e81ee213397a21db957f6a6",
			"parentId": "I5151219539456089qslCjAf",
			"slotId": "mod_sight_front",
			"upd": {
				"Sight": {
					"ScopesCurrentCalibPointIndexes": [
						0
					],
					"ScopesSelectedModes": [
						0
					],
					"SelectedScope": 0
				}
			}
		},
		{
			"_id": "I59618238248883961Xumlzf",
			"_tpl": "544fb37f4bdc2dee738b4567",
			"parentId": "I59618235602753102RwK6tz",
			"slotId": "1"
		},
		{
			"_id": "I59618239573832903n6ZOJE",
			"_tpl": "57616a9e2459773c7a400234",
			"parentId": "I59618235602753102RwK6tz",
			"slotId": "2",
			"location": {
				"x": 0,
				"y": 0,
				"r": "Horizontal"
			}
		},
		{
			"_id": "I59618233106175720qEWDWO",
			"_tpl": "5d6e68d1a4b93622fe60e845",
			"parentId": "I59618239573832903n6ZOJE",
			"slotId": "cartridges",
			"upd": {
				"StackObjectsCount": 5
			}
		},
		{
			"_id": "I59618235470880166IiengP",
			"_tpl": "544fb37f4bdc2dee738b4567",
			"parentId": "I59618235602753102RwK6tz",
			"slotId": "4"
		},
		{
			"_id": "I59618233711284797XOx4ph",
			"_tpl": "5e81c4ca763d9f754677befa",
			"parentId": "I59618235602753102RwK6tz",
			"slotId": "1",
			"location": {
				"x": 0,
				"y": 1,
				"r": "Horizontal"
			}
		},
		{
			"_id": "I59618236626903855GPyzCr",
			"_tpl": "5ea2a8e200685063ec28c05a",
			"parentId": "I59618233711284797XOx4ph",
			"slotId": "cartridges",
			"upd": {
				"StackObjectsCount": 7
			}
		},
		{
			"_id": "I596182317805436693npkve",
			"_tpl": "5e81c4ca763d9f754677befa",
			"parentId": "I59618235602753102RwK6tz",
			"slotId": "4",
			"location": {
				"x": 0,
				"y": 1,
				"r": "Horizontal"
			}
		},
		{
			"_id": "I59618233406972508K1rg48",
			"_tpl": "5e81f423763d9f754677bf2e",
			"parentId": "I596182317805436693npkve",
			"slotId": "cartridges",
			"upd": {
				"StackObjectsCount": 7
			}
		},
		{
			"_id": "I59618234582601523Giv5Kj",
			"_tpl": "57e26fc7245977162a14b800",
			"parentId": "5c6687d65e9d882c8841f0fd",
			"slotId": "Scabbard"
		},
		{
			"_id": "I59618238885388881saIvt4",
			"_tpl": "59e770f986f7742cbe3164ef",
			"parentId": "5c6687d65e9d882c8841f0fd",
			"slotId": "Headwear"
		},
		{
			"_id": "I59618232358997146FVyzTX",
			"_tpl": "5ab8ee7786f7742d8f33f0b9",
			"parentId": "5c6687d65e9d882c8841f0fd",
			"slotId": "Backpack"
		},
		{
			"_id": "I59618239969263071u7NTcl",
			"_tpl": "57347d8724597744596b4e76",
			"parentId": "I59618232358997146FVyzTX",
			"slotId": "main",
			"location": {
				"x": 0,
				"y": 0,
				"r": "Horizontal"
			}
		},
		{
			"_id": "I596182379918641035dnzIK",
			"_tpl": "57a349b2245977762b199ec7",
			"parentId": "I59618232358997146FVyzTX",
			"slotId": "main",
			"location": {
				"x": 0,
				"y": 1,
				"r": "Horizontal"
			}
		},
		{
			"_id": "I59618235654227084SlpPMZ",
			"_tpl": "57347c77245977448d35f6e2",
			"parentId": "I59618232358997146FVyzTX",
			"slotId": "main",
			"location": {
				"x": 1,
				"y": 0,
				"r": "Horizontal"
			}
		},
		{
			"_id": "I596182370217827974CYoAd",
			"_tpl": "57347c77245977448d35f6e2",
			"parentId": "I59618232358997146FVyzTX",
			"slotId": "main",
			"location": {
				"x": 1,
				"y": 1,
				"r": "Horizontal"
			}
		},
		{
			"_id": "I59618233583714163X7PsnW",
			"_tpl": "5c0e531286f7747fa54205c2",
			"parentId": "5c6687d65e9d882c8841f121",
			"slotId": "pocket1",
			"location": {
				"x": 0,
				"y": 0,
				"r": "Horizontal"
			},
			"upd": {
				"SpawnedInSession": true
			}
		},
		{
			"_id": "I59618235239846027ztlnzo",
			"_tpl": "5c13cef886f774072e618e82",
			"parentId": "5c6687d65e9d882c8841f121",
			"slotId": "pocket2",
			"location": {
				"x": 0,
				"y": 0,
				"r": "Horizontal"
			},
			"upd": {
				"SpawnedInSession": true
			}
		}
	],
	"equipment": "5c6687d65e9d882c8841f0fd",
	"stash": "5c6687d65e9d882c8841f0fc",
	"questRaidItems": "5c6687d65e9d882c8841f0fe",
	"questStashItems": "5c6687d65e9d882c8841f0ff",
	"fastPanel": {}
}