{
	"items": [
		{
			"_id": "5c6687d65e9d882c8841f0fd",
			"_tpl": "55d7217a4bdc2d86028b456d"
		},
		{
			"_id": "5c6687d65e9d882c8841f121",
			"_tpl": "557ffd194bdc2d28148b457f",
			"parentId": "5c6687d65e9d882c8841f0fd",
			"slotId": "Pockets"
		},
		{
			"_id": "5c6687d65e9d882c8841f0fc",
			"_tpl": "566abbc34bdc2d92178b4576"
		},
		{
			"_id": "5c6687d65e9d882c8841f0ff",
			"_tpl": "5963866b86f7747bfa1c4462"
		},
		{
			"_id": "5c6687d65e9d882c8841f0fe",
			"_tpl": "5963866286f7747bf429b572"
		},
		{
			"_id": "I59618247610856902EPLtco",
			"_tpl": "5d5d646386f7742797261fd9",
			"parentId": "5c6687d65e9d882c8841f0fd",
			"slotId": "TacticalVest"
		},
		{
			"_id": "I2100709741034368iXbIyU2",
			"_tpl": "57dc2fa62459775949412633",
			"parentId": "5c6687d65e9d882c8841f0fd",
			"slotId": "FirstPrimaryWeapon",
			"upd": {
				"Repairable": {
					"MaxDurability": 100,
					"Durability": 52
				}
			}
		},
		{
			"_id": "I2100703608732326S84LIIa",
			"_tpl": "57e3dba62459770f0c32322b",
			"parentId": "I2100709741034368iXbIyU2",
			"slotId": "mod_pistol_grip"
		},
		{
			"_id": "I2100706044414145rj3tJKt",
			"_tpl": "57dc347d245977596754e7a1",
			"parentId": "I2100709741034368iXbIyU2",
			"slotId": "mod_stock"
		},
		{
			"_id": "I59618246496100796ynYCKD",
			"_tpl": "55d4837c4bdc2d1d4e8b456c",
			"parentId": "I2100709741034368iXbIyU2",
			"slotId": "mod_magazine"
		},
		{
			"_id": "I59618246053924099YzrG9Y",
			"_tpl": "56dff4a2d2720bbd668b456a",
			"parentId": "I59618246496100796ynYCKD",
			"slotId": "cartridges",
			"upd": {
				"StackObjectsCount": 10
			}
		},
		{
			"_id": "I2100701812762718uFJFzhx",
			"_tpl": "57dc324a24597759501edc20",
			"parentId": "I2100709741034368iXbIyU2",
			"slotId": "mod_muzzle"
		},
		{
			"_id": "I2100707104932936VdESeLc",
			"_tpl": "57dc334d245977597164366f",
			"parentId": "I2100709741034368iXbIyU2",
			"slotId": "mod_reciever"
		},
		{
			"_id": "I2100706572121697Cu6RGp6",
			"_tpl": "59d36a0086f7747e673f3946",
			"parentId": "I2100709741034368iXbIyU2",
			"slotId": "mod_gas_block"
		},
		{
			"_id": "I2100707181260028G6BYoQZ",
			"_tpl": "56dfef82d2720bbd668b4567",
			"parentId": "I2100701573893487NhxgcjR",
			"slotId": "cartridges",
			"location": 0,
			"upd": {
				"StackObjectsCount": 30
			}
		},
		{
			"_id": "I2100705434128516FhaJtBU",
			"_tpl": "57dc32dc245977596d4ef3d3",
			"parentId": "I2100706572121697Cu6RGp6",
			"slotId": "mod_handguard"
		},
		{
			"_id": "I59618243676967773c8rN5y",
			"_tpl": "5857a8bc2459772bad15db29",
			"parentId": "5c6687d65e9d882c8841f0fd",
			"slotId": "SecuredContainer"
		},
		{
			"_id": "I59618249602882450TGnqe3",
			"_tpl": "56dff3afd2720bba668b4567",
			"parentId": "I59618243676967773c8rN5y",
			"slotId": "main",
			"upd": {
				"StackObjectsCount": 60
			}
		},
		{
			"_id": "I59618242566142242dhb0ii",
			"_tpl": "56dff2ced2720bb4668b4567",
			"parentId": "I59618243676967773c8rN5y",
			"slotId": "main",
			"upd": {
				"StackObjectsCount": 60
			}
		},
		{
			"_id": "I59618241186444320jgwX2R",
			"_tpl": "56dff026d2720bb8668b4567",
			"parentId": "I59618243676967773c8rN5y",
			"slotId": "main",
			"upd": {
				"StackObjectsCount": 60
			}
		},
		{
			"_id": "I59618244521784563xfJ6ba",
			"_tpl": "5c0d5e4486f77478390952fe",
			"parentId": "I59618243676967773c8rN5y",
			"slotId": "main",
			"upd": {
				"StackObjectsCount": 60
			}
		},
		{
			"_id": "I59618247928150248CxluXE",
			"_tpl": "56dff3afd2720bba668b4567",
			"parentId": "I59618243676967773c8rN5y",
			"slotId": "main",
			"upd": {
				"StackObjectsCount": 60
			}
		},
		{
			"_id": "I59618249712720265n1DqtS",
			"_tpl": "5c0d5e4486f77478390952fe",
			"parentId": "I59618243676967773c8rN5y",
			"slotId": "main",
			"upd": {
				"StackObjectsCount": 60
			}
		},
		{
			"_id": "I59618249344485312TbzQVG",
			"_tpl": "56dff338d2720bbd668b4569",
			"parentId": "I59618243676967773c8rN5y",
			"slotId": "main",
			"upd": {
				"StackObjectsCount": 60
			}
		},
		{
			"_id": "I59618242228816723O06waX",
			"_tpl": "5c0d5e4486f77478390952fe",
			"parentId": "I59618243676967773c8rN5y",
			"slotId": "main",
			"upd": {
				"StackObjectsCount": 60
			}
		},
		{
			"_id": "I59618247929175772Cxl3Fn",
			"_tpl": "56dff061d2720bb5668b4567",
			"parentId": "I59618243676967773c8rN5y",
			"slotId": "main",
			"upd": {
				"StackObjectsCount": 60
			}
		},
		{
			"_id": "I59618244266678148lDkoaV",
			"_tpl": "55d4837c4bdc2d1d4e8b456c",
			"parentId": "I59618247610856902EPLtco",
			"slotId": "3",
			"location": {
				"x": 0,
				"y": 0,
				"r": "Horizontal"
			}
		},
		{
			"_id": "I59618241125167127M4AbnM",
			"_tpl": "56dff4ecd2720b5f5a8b4568",
			"parentId": "I59618244266678148lDkoaV",
			"slotId": "cartridges",
			"upd": {
				"StackObjectsCount": 10
			}
		},
		{
			"_id": "I596182410020491499kC9uq",
			"_tpl": "55d4837c4bdc2d1d4e8b456c",
			"parentId": "I59618247610856902EPLtco",
			"slotId": "3",
			"location": {
				"x": 0,
				"y": 1,
				"r": "Horizontal"
			}
		},
		{
			"_id": "I59618243765643151D2MGoa",
			"_tpl": "56dff026d2720bb8668b4567",
			"parentId": "I596182410020491499kC9uq",
			"slotId": "cartridges",
			"upd": {
				"StackObjectsCount": 10
			}
		},
		{
			"_id": "I59618249483377267PyrR5b",
			"_tpl": "55d4837c4bdc2d1d4e8b456c",
			"parentId": "I59618247610856902EPLtco",
			"slotId": "5",
			"location": {
				"x": 0,
				"y": 0,
				"r": "Horizontal"
			}
		},
		{
			"_id": "I59618242185457795vJLHSQ",
			"_tpl": "5c0d5e4486f77478390952fe",
			"parentId": "I59618249483377267PyrR5b",
			"slotId": "cartridges",
			"upd": {
				"StackObjectsCount": 10
			}
		},
		{
			"_id": "I59618243338687577su5O8s",
			"_tpl": "56dff061d2720bb5668b4567",
			"parentId": "I59618247610856902EPLtco",
			"slotId": "1",
			"upd": {
				"StackObjectsCount": 51
			}
		},
		{
			"_id": "I59618243956255179eCmRIf",
			"_tpl": "57e26fc7245977162a14b800",
			"parentId": "5c6687d65e9d882c8841f0fd",
			"slotId": "Scabbard"
		},
		{
			"_id": "I59618249202298105v6atBK",
			"_tpl": "5a43957686f7742a2c2f11b0",
			"parentId": "5c6687d65e9d882c8841f0fd",
			"slotId": "Headwear"
		},
		{
			"_id": "I59618242375701878zOHmHN",
			"_tpl": "5b4326435acfc433000ed01d",
			"parentId": "5c6687d65e9d882c8841f0fd",
			"slotId": "FaceCover"
		},
		{
			"_id": "I59618242921398250svo0vL",
			"_tpl": "5c0e5edb86f77461f55ed1f7",
			"parentId": "5c6687d65e9d882c8841f0fd",
			"slotId": "ArmorVest",
			"upd": {
				"Repairable": {
					"MaxDurability": 50,
					"Durability": 4
				}
			}
		},
		{
			"_id": "I59618246816899239wFp446",
			"_tpl": "590a373286f774287540368b",
			"parentId": "5c6687d65e9d882c8841f121",
			"slotId": "pocket1",
			"location": {
				"x": 0,
				"y": 0,
				"r": "Horizontal"
			},
			"upd": {
				"SpawnedInSession": true
			}
		},
		{
			"_id": "I59618241703625714j6P9Mz",
			"_tpl": "5734779624597737e04bf329",
			"parentId": "5c6687d65e9d882c8841f121",
			"slotId": "pocket2",
			"location": {
				"x": 0,
				"y": 0,
				"r": "Horizontal"
			},
			"upd": {
				"SpawnedInSession": true
			}
		},
		{
			"_id": "I59618246129793261bviNM2",
			"_tpl": "5af04b6486f774195a3ebb49",
			"parentId": "5c6687d65e9d882c8841f121",
			"slotId": "pocket3",
			"location": {
				"x": 0,
				"y": 0,
				"r": "Horizontal"
			},
			"upd": {
				"SpawnedInSession": true
			}
		}
	],
	"equipment": "5c6687d65e9d882c8841f0fd",
	"stash": "5c6687d65e9d882c8841f0fc",
	"questRaidItems": "5c6687d65e9d882c8841f0fe",
	"questStashItems": "5c6687d65e9d882c8841f0ff",
	"fastPanel": {}
}