{
	"items": [
		{
			"_id": "5c6687d65e9d882c8841f0fd",
			"_tpl": "55d7217a4bdc2d86028b456d"
		},
		{
			"_id": "5c6687d65e9d882c8841f121",
			"_tpl": "557ffd194bdc2d28148b457f",
			"parentId": "5c6687d65e9d882c8841f0fd",
			"slotId": "Pockets"
		},
		{
			"_id": "5c6687d65e9d882c8841f0fc",
			"_tpl": "566abbc34bdc2d92178b4576"
		},
		{
			"_id": "5c6687d65e9d882c8841f0ff",
			"_tpl": "5963866b86f7747bfa1c4462"
		},
		{
			"_id": "5c6687d65e9d882c8841f0fe",
			"_tpl": "5963866286f7747bf429b572"
		},
		{
			"_id": "I59618244074211578UiIcQL",
			"_tpl": "5d5d85c586f774279a21cbdb",
			"parentId": "5c6687d65e9d882c8841f0fd",
			"slotId": "TacticalVest"
		},
		{
			"_id": "I210012123221022802F7QT2",
			"_tpl": "5b0bbe4e5acfc40dc528a72d",
			"parentId": "5c6687d65e9d882c8841f0fd",
			"slotId": "FirstPrimaryWeapon",
			"upd": {
				"Repairable": {
					"MaxDurability": 100,
					"Durability": 12
				}
			}
		},
		{
			"_id": "I210012129842450629TFA7q",
			"_tpl": "5b099b965acfc400186331e6",
			"parentId": "I210012123221022802F7QT2",
			"slotId": "mod_pistol_grip"
		},
		{
			"_id": "I59618245100119129ib87L3",
			"_tpl": "5b7c2d1d5acfc43d1028532a",
			"parentId": "I210012123221022802F7QT2",
			"slotId": "mod_magazine"
		},
		{
			"_id": "I59618242246072675XF50cW",
			"_tpl": "5e023e88277cce2b522ff2b1",
			"parentId": "I59618245100119129ib87L3",
			"slotId": "cartridges",
			"upd": {
				"StackObjectsCount": 20
			}
		},
		{
			"_id": "I210012125311869010REOrE",
			"_tpl": "5b099a9d5acfc47a8607efe7",
			"parentId": "I210012123221022802F7QT2",
			"slotId": "mod_handguard"
		},
		{
			"_id": "I210012126461383353sq5y6",
			"_tpl": "5b099a765acfc47a8607efe3",
			"parentId": "I210012123221022802F7QT2",
			"slotId": "mod_barrel"
		},
		{
			"_id": "I210012128524422314XLqo5",
			"_tpl": "5b0bc22d5acfc47a8607f085",
			"parentId": "I210012123221022802F7QT2",
			"slotId": "mod_sight_rear",
			"upd": {
				"Sight": {
					"SelectedSightMode": 0
				}
			}
		},
		{
			"_id": "I210012128136342704DP5cV",
			"_tpl": "5b099bb25acfc400186331e8",
			"parentId": "I210012123221022802F7QT2",
			"slotId": "mod_reciever"
		},
		{
			"_id": "I210012125591682927D374Z",
			"_tpl": "5b099bf25acfc4001637e683",
			"parentId": "I210012123221022802F7QT2",
			"slotId": "mod_stock"
		},
		{
			"_id": "I210012127335910065M7VPp",
			"_tpl": "5b099b7d5acfc400186331e4",
			"parentId": "I210012126461383353sq5y6",
			"slotId": "mod_muzzle"
		},
		{
			"_id": "I2100121287725603027iN5R",
			"_tpl": "5649be884bdc2d79388b4577",
			"parentId": "I210012125591682927D374Z",
			"slotId": "mod_stock_000"
		},
		{
			"_id": "I210012126169698459Cnsow",
			"_tpl": "56eabf3bd2720b75698b4569",
			"parentId": "I2100121287725603027iN5R",
			"slotId": "mod_stock_000"
		},
		{
			"_id": "I2100121225703768411CYuZ",
			"_tpl": "58d2912286f7744e27117493",
			"parentId": "I210012126169698459Cnsow",
			"slotId": "mod_stock"
		},
		{
			"_id": "I59618241839350756LrFAZA",
			"_tpl": "5857a8bc2459772bad15db29",
			"parentId": "5c6687d65e9d882c8841f0fd",
			"slotId": "SecuredContainer"
		},
		{
			"_id": "I59618245200309431TwLXXn",
			"_tpl": "5a608bf24f39f98ffc77720e",
			"parentId": "I59618241839350756LrFAZA",
			"slotId": "main",
			"upd": {
				"StackObjectsCount": 60
			}
		},
		{
			"_id": "I59618244324584142B7L33Y",
			"_tpl": "5e023e88277cce2b522ff2b1",
			"parentId": "I59618241839350756LrFAZA",
			"slotId": "main",
			"upd": {
				"StackObjectsCount": 60
			}
		},
		{
			"_id": "I59618242627332400YQdsQU",
			"_tpl": "5e023e88277cce2b522ff2b1",
			"parentId": "I59618241839350756LrFAZA",
			"slotId": "main",
			"upd": {
				"StackObjectsCount": 60
			}
		},
		{
			"_id": "I59618245414985762KXfaYm",
			"_tpl": "5e023e88277cce2b522ff2b1",
			"parentId": "I59618241839350756LrFAZA",
			"slotId": "main",
			"upd": {
				"StackObjectsCount": 60
			}
		},
		{
			"_id": "I59618249987208507NX9ku4",
			"_tpl": "5a6086ea4f39f99cd479502f",
			"parentId": "I59618241839350756LrFAZA",
			"slotId": "main",
			"upd": {
				"StackObjectsCount": 60
			}
		},
		{
			"_id": "I59618249435422762VRXTtv",
			"_tpl": "5e023e88277cce2b522ff2b1",
			"parentId": "I59618241839350756LrFAZA",
			"slotId": "main",
			"upd": {
				"StackObjectsCount": 60
			}
		},
		{
			"_id": "I59618246179204856358A6j",
			"_tpl": "5e023e53d4353e3302577c4c",
			"parentId": "I59618241839350756LrFAZA",
			"slotId": "main",
			"upd": {
				"StackObjectsCount": 60
			}
		},
		{
			"_id": "I59618247581274404KyrmcI",
			"_tpl": "58dd3ad986f77403051cba8f",
			"parentId": "I59618241839350756LrFAZA",
			"slotId": "main",
			"upd": {
				"StackObjectsCount": 60
			}
		},
		{
			"_id": "I59618243150945416izPVRc",
			"_tpl": "58dd3ad986f77403051cba8f",
			"parentId": "I59618241839350756LrFAZA",
			"slotId": "main",
			"upd": {
				"StackObjectsCount": 60
			}
		},
		{
			"_id": "I59618248793966244SoIh10",
			"_tpl": "5b7bef5d5acfc43bca7067a3",
			"parentId": "I59618244074211578UiIcQL",
			"slotId": "2",
			"location": {
				"x": 0,
				"y": 0,
				"r": "Horizontal"
			}
		},
		{
			"_id": "I59618244258637583nUf9Zv",
			"_tpl": "5e023e53d4353e3302577c4c",
			"parentId": "I59618248793966244SoIh10",
			"slotId": "cartridges",
			"upd": {
				"StackObjectsCount": 30
			}
		},
		{
			"_id": "I59618244165859263Nx7SKu",
			"_tpl": "5b7bef5d5acfc43bca7067a3",
			"parentId": "I59618244074211578UiIcQL",
			"slotId": "4",
			"location": {
				"x": 0,
				"y": 0,
				"r": "Horizontal"
			}
		},
		{
			"_id": "I59618249461129601H0tK3w",
			"_tpl": "5e023e88277cce2b522ff2b1",
			"parentId": "I59618244165859263Nx7SKu",
			"slotId": "cartridges",
			"upd": {
				"StackObjectsCount": 30
			}
		},
		{
			"_id": "I59618249368815295YbkZiW",
			"_tpl": "5b7bef5d5acfc43bca7067a3",
			"parentId": "I59618244074211578UiIcQL",
			"slotId": "6",
			"location": {
				"x": 0,
				"y": 0,
				"r": "Horizontal"
			}
		},
		{
			"_id": "I59618244516808054rBAGqO",
			"_tpl": "5e023e53d4353e3302577c4c",
			"parentId": "I59618249368815295YbkZiW",
			"slotId": "cartridges",
			"upd": {
				"StackObjectsCount": 30
			}
		},
		{
			"_id": "I596182464164754179Wu2Jh",
			"_tpl": "5e023e6e34d52a55c3304f71",
			"parentId": "I59618244074211578UiIcQL",
			"slotId": "7",
			"upd": {
				"StackObjectsCount": 17
			}
		},
		{
			"_id": "I59618246844593155lP65Gb",
			"_tpl": "57e26fc7245977162a14b800",
			"parentId": "5c6687d65e9d882c8841f0fd",
			"slotId": "Scabbard"
		},
		{
			"_id": "I59618248264870718Ttn4i5",
			"_tpl": "59e770f986f7742cbe3164ef",
			"parentId": "5c6687d65e9d882c8841f0fd",
			"slotId": "Headwear"
		},
		{
			"_id": "I59618242724241156VVTGjR",
			"_tpl": "572b7f1624597762ae139822",
			"parentId": "5c6687d65e9d882c8841f0fd",
			"slotId": "FaceCover"
		},
		{
			"_id": "I59618248107532789EL2Jr2",
			"_tpl": "5734795124597738002c6176",
			"parentId": "5c6687d65e9d882c8841f121",
			"slotId": "pocket1",
			"location": {
				"x": 0,
				"y": 0,
				"r": "Horizontal"
			},
			"upd": {
				"SpawnedInSession": true
			}
		},
		{
			"_id": "I59618241513977681hgpYvA",
			"_tpl": "5734773724597737fd047c14",
			"parentId": "5c6687d65e9d882c8841f121",
			"slotId": "pocket2",
			"location": {
				"x": 0,
				"y": 0,
				"r": "Horizontal"
			},
			"upd": {
				"SpawnedInSession": true
			}
		},
		{
			"_id": "I59618246208933223riAHSi",
			"_tpl": "5751a25924597722c463c472",
			"parentId": "5c6687d65e9d882c8841f121",
			"slotId": "pocket3",
			"location": {
				"x": 0,
				"y": 0,
				"r": "Horizontal"
			},
			"upd": {
				"SpawnedInSession": true
			}
		}
	],
	"equipment": "5c6687d65e9d882c8841f0fd",
	"stash": "5c6687d65e9d882c8841f0fc",
	"questRaidItems": "5c6687d65e9d882c8841f0fe",
	"questStashItems": "5c6687d65e9d882c8841f0ff",
	"fastPanel": {}
}