{
	"items": [
		{
			"_id": "5c6687d65e9d882c8841f0fd",
			"_tpl": "55d7217a4bdc2d86028b456d"
		},
		{
			"_id": "5c6687d65e9d882c8841f121",
			"_tpl": "557ffd194bdc2d28148b457f",
			"parentId": "5c6687d65e9d882c8841f0fd",
			"slotId": "Pockets"
		},
		{
			"_id": "5c6687d65e9d882c8841f0fc",
			"_tpl": "566abbc34bdc2d92178b4576"
		},
		{
			"_id": "5c6687d65e9d882c8841f0ff",
			"_tpl": "5963866b86f7747bfa1c4462"
		},
		{
			"_id": "5c6687d65e9d882c8841f0fe",
			"_tpl": "5963866286f7747bf429b572"
		},
		{
			"_id": "I59618245133598656UzwKQw",
			"_tpl": "5c0e6a1586f77404597b4965",
			"parentId": "5c6687d65e9d882c8841f0fd",
			"slotId": "TacticalVest"
		},
		{
			"_id": "I331043244552919659Ldxnj",
			"_tpl": "5c07c60e0db834002330051f",
			"parentId": "5c6687d65e9d882c8841f0fd",
			"slotId": "FirstPrimaryWeapon",
			"upd": {
				"Repairable": {
					"MaxDurability": 100,
					"Durability": 50
				}
			}
		},
		{
			"_id": "I331043244852644951L6Izk",
			"_tpl": "5c0e2ff6d174af02a1659d4a",
			"parentId": "I331043244552919659Ldxnj",
			"slotId": "mod_pistol_grip"
		},
		{
			"_id": "I59618243851727441LEoUUP",
			"_tpl": "5aaa5e60e5b5b000140293d6",
			"parentId": "I331043244552919659Ldxnj",
			"slotId": "mod_magazine"
		},
		{
			"_id": "I59618242944656640hZ7lCt",
			"_tpl": "59e6918f86f7746c9f75e849",
			"parentId": "I59618243851727441LEoUUP",
			"slotId": "cartridges",
			"upd": {
				"StackObjectsCount": 10
			}
		},
		{
			"_id": "I331043248589038077hHkJw",
			"_tpl": "5c0e2f26d174af02a9625114",
			"parentId": "I331043244552919659Ldxnj",
			"slotId": "mod_reciever"
		},
		{
			"_id": "I331043242648817993gbsGW",
			"_tpl": "5649be884bdc2d79388b4577",
			"parentId": "I331043244552919659Ldxnj",
			"slotId": "mod_stock"
		},
		{
			"_id": "I3310432474332535905FiFi",
			"_tpl": "5c0faf68d174af02a96260b8",
			"parentId": "I331043244552919659Ldxnj",
			"slotId": "mod_charge"
		},
		{
			"_id": "I331043247168766615wYhuL",
			"_tpl": "570fd721d2720bc5458b4596",
			"parentId": "I331043248589038077hHkJw",
			"slotId": "mod_scope",
			"upd": {
				"Sight": {
					"SelectedSightMode": 0
				}
			}
		},
		{
			"_id": "I331043248658824905ytbQK",
			"_tpl": "5c0e2f94d174af029f650d56",
			"parentId": "I331043248589038077hHkJw",
			"slotId": "mod_barrel"
		},
		{
			"_id": "I331043245196009263gmJ7C",
			"_tpl": "5c0e2f5cd174af02a012cfc9",
			"parentId": "I331043248589038077hHkJw",
			"slotId": "mod_handguard"
		},
		{
			"_id": "I331043247548404397fx8eF",
			"_tpl": "5c0fafb6d174af02a96260ba",
			"parentId": "I331043248658824905ytbQK",
			"slotId": "mod_muzzle"
		},
		{
			"_id": "I331043244235023243nc9vs",
			"_tpl": "5ae30e795acfc408fb139a0b",
			"parentId": "I331043248658824905ytbQK",
			"slotId": "mod_gas_block"
		},
		{
			"_id": "I59618245387115572dHWcIS",
			"_tpl": "5857a8bc2459772bad15db29",
			"parentId": "5c6687d65e9d882c8841f0fd",
			"slotId": "SecuredContainer"
		},
		{
			"_id": "I59618244871957101Hmc6KL",
			"_tpl": "59e690b686f7746c9f75e848",
			"parentId": "I59618245387115572dHWcIS",
			"slotId": "main",
			"upd": {
				"StackObjectsCount": 60
			}
		},
		{
			"_id": "I59618245136575256Fjo4h0",
			"_tpl": "59e6918f86f7746c9f75e849",
			"parentId": "I59618245387115572dHWcIS",
			"slotId": "main",
			"upd": {
				"StackObjectsCount": 60
			}
		},
		{
			"_id": "I59618243530425597Qy8Rz7",
			"_tpl": "59e6920f86f77411d82aa167",
			"parentId": "I59618245387115572dHWcIS",
			"slotId": "main",
			"upd": {
				"StackObjectsCount": 60
			}
		},
		{
			"_id": "I59618249962871830O733U1",
			"_tpl": "59e6920f86f77411d82aa167",
			"parentId": "I59618245387115572dHWcIS",
			"slotId": "main",
			"upd": {
				"StackObjectsCount": 60
			}
		},
		{
			"_id": "I59618244882778507ESANAw",
			"_tpl": "54527ac44bdc2d36668b4567",
			"parentId": "I59618245387115572dHWcIS",
			"slotId": "main",
			"upd": {
				"StackObjectsCount": 60
			}
		},
		{
			"_id": "I59618247767800395e0vFP3",
			"_tpl": "59e6927d86f77411da468256",
			"parentId": "I59618245387115572dHWcIS",
			"slotId": "main",
			"upd": {
				"StackObjectsCount": 60
			}
		},
		{
			"_id": "I596182479232770122peVAI",
			"_tpl": "59e690b686f7746c9f75e848",
			"parentId": "I59618245387115572dHWcIS",
			"slotId": "main",
			"upd": {
				"StackObjectsCount": 60
			}
		},
		{
			"_id": "I59618241978193484B06W5U",
			"_tpl": "54527a984bdc2d4e668b4567",
			"parentId": "I59618245387115572dHWcIS",
			"slotId": "main",
			"upd": {
				"StackObjectsCount": 60
			}
		},
		{
			"_id": "I59618242535358058tNyq2O",
			"_tpl": "59e6920f86f77411d82aa167",
			"parentId": "I59618245387115572dHWcIS",
			"slotId": "main",
			"upd": {
				"StackObjectsCount": 60
			}
		},
		{
			"_id": "I59618242423759013Rz9vhy",
			"_tpl": "5448c1d04bdc2dff2f8b4569",
			"parentId": "I59618245133598656UzwKQw",
			"slotId": "1",
			"location": {
				"x": 0,
				"y": 0,
				"r": "Horizontal"
			}
		},
		{
			"_id": "I59618246511188263TrcXb9",
			"_tpl": "54527a984bdc2d4e668b4567",
			"parentId": "I59618242423759013Rz9vhy",
			"slotId": "cartridges",
			"upd": {
				"StackObjectsCount": 20
			}
		},
		{
			"_id": "I59618242716809518S1fIwj",
			"_tpl": "5448c1d04bdc2dff2f8b4569",
			"parentId": "I59618245133598656UzwKQw",
			"slotId": "1",
			"location": {
				"x": 0,
				"y": 1,
				"r": "Horizontal"
			}
		},
		{
			"_id": "I59618242308751139TPUuZy",
			"_tpl": "54527ac44bdc2d36668b4567",
			"parentId": "I59618242716809518S1fIwj",
			"slotId": "cartridges",
			"upd": {
				"StackObjectsCount": 20
			}
		},
		{
			"_id": "I59618242874369686cLgKzH",
			"_tpl": "5448c1d04bdc2dff2f8b4569",
			"parentId": "I59618245133598656UzwKQw",
			"slotId": "3",
			"location": {
				"x": 0,
				"y": 0,
				"r": "Horizontal"
			}
		},
		{
			"_id": "I59618246509985082Cp8vAJ",
			"_tpl": "54527ac44bdc2d36668b4567",
			"parentId": "I59618242874369686cLgKzH",
			"slotId": "cartridges",
			"upd": {
				"StackObjectsCount": 20
			}
		},
		{
			"_id": "I59618243264247012tBjBDg",
			"_tpl": "5448c1d04bdc2dff2f8b4569",
			"parentId": "I59618245133598656UzwKQw",
			"slotId": "5",
			"location": {
				"x": 0,
				"y": 0,
				"r": "Horizontal"
			}
		},
		{
			"_id": "I59618243327892198I5OEj3",
			"_tpl": "59e6920f86f77411d82aa167",
			"parentId": "I59618243264247012tBjBDg",
			"slotId": "cartridges",
			"upd": {
				"StackObjectsCount": 20
			}
		},
		{
			"_id": "I59618245767085913lbxnwh",
			"_tpl": "5448c1d04bdc2dff2f8b4569",
			"parentId": "I59618245133598656UzwKQw",
			"slotId": "5",
			"location": {
				"x": 0,
				"y": 1,
				"r": "Horizontal"
			}
		},
		{
			"_id": "I59618241688432194sdLdHS",
			"_tpl": "59e690b686f7746c9f75e848",
			"parentId": "I59618245767085913lbxnwh",
			"slotId": "cartridges",
			"upd": {
				"StackObjectsCount": 20
			}
		},
		{
			"_id": "I59618241955914933d0xTdg",
			"_tpl": "59e68f6f86f7746c9f75e846",
			"parentId": "I59618245133598656UzwKQw",
			"slotId": "9",
			"upd": {
				"StackObjectsCount": 27
			}
		},
		{
			"_id": "I59618243901705529nYZLbp",
			"_tpl": "54527ac44bdc2d36668b4567",
			"parentId": "I59618245133598656UzwKQw",
			"slotId": "11",
			"upd": {
				"StackObjectsCount": 50
			}
		},
		{
			"_id": "I59618248147234557IBLajd",
			"_tpl": "59e6906286f7746c9f75e847",
			"parentId": "I59618245133598656UzwKQw",
			"slotId": "13",
			"upd": {
				"StackObjectsCount": 34
			}
		},
		{
			"_id": "I59618243649098735KnGC4S",
			"_tpl": "59e6920f86f77411d82aa167",
			"parentId": "I59618245133598656UzwKQw",
			"slotId": "16",
			"upd": {
				"StackObjectsCount": 21
			}
		},
		{
			"_id": "I59618247650492698cXyOXK",
			"_tpl": "59e6918f86f7746c9f75e849",
			"parentId": "I59618245133598656UzwKQw",
			"slotId": "19",
			"upd": {
				"StackObjectsCount": 35
			}
		},
		{
			"_id": "I59618243286059844akOxsY",
			"_tpl": "5bffdc370db834001d23eca8",
			"parentId": "5c6687d65e9d882c8841f0fd",
			"slotId": "Scabbard"
		},
		{
			"_id": "I59618243718035209GitPPQ",
			"_tpl": "5aa2ba46e5b5b000137b758d",
			"parentId": "5c6687d65e9d882c8841f0fd",
			"slotId": "Headwear"
		},
		{
			"_id": "I59618249607370549xyWSr0",
			"_tpl": "56e33680d2720be2748b4576",
			"parentId": "5c6687d65e9d882c8841f0fd",
			"slotId": "Backpack"
		},
		{
			"_id": "I59618249622793727BnpbOR",
			"_tpl": "5672c92d4bdc2d180f8b4567",
			"parentId": "5c6687d65e9d882c8841f121",
			"slotId": "pocket1",
			"location": {
				"x": 0,
				"y": 0,
				"r": "Horizontal"
			},
			"upd": {
				"SpawnedInSession": true
			}
		}
	],
	"equipment": "5c6687d65e9d882c8841f0fd",
	"stash": "5c6687d65e9d882c8841f0fc",
	"questRaidItems": "5c6687d65e9d882c8841f0fe",
	"questStashItems": "5c6687d65e9d882c8841f0ff",
	"fastPanel": {}
}