{
	"items": [
		{
			"_id": "5c6687d65e9d882c8841f0fd",
			"_tpl": "55d7217a4bdc2d86028b456d"
		},
		{
			"_id": "5c6687d65e9d882c8841f121",
			"_tpl": "557ffd194bdc2d28148b457f",
			"parentId": "5c6687d65e9d882c8841f0fd",
			"slotId": "Pockets"
		},
		{
			"_id": "5c6687d65e9d882c8841f0fc",
			"_tpl": "566abbc34bdc2d92178b4576"
		},
		{
			"_id": "5c6687d65e9d882c8841f0ff",
			"_tpl": "5963866b86f7747bfa1c4462"
		},
		{
			"_id": "5c6687d65e9d882c8841f0fe",
			"_tpl": "5963866286f7747bf429b572"
		},
		{
			"_id": "I59618248373681948CCEUOT",
			"_tpl": "59e7643b86f7742cbf2c109a",
			"parentId": "5c6687d65e9d882c8841f0fd",
			"slotId": "TacticalVest"
		},
		{
			"_id": "I210051403484529800nw29F",
			"_tpl": "5b0bbe4e5acfc40dc528a72d",
			"parentId": "5c6687d65e9d882c8841f0fd",
			"slotId": "FirstPrimaryWeapon",
			"upd": {
				"Repairable": {
					"MaxDurability": 100,
					"Durability": 21
				}
			}
		},
		{
			"_id": "I210051405996909685vFIbo",
			"_tpl": "5b099b965acfc400186331e6",
			"parentId": "I210051403484529800nw29F",
			"slotId": "mod_pistol_grip"
		},
		{
			"_id": "I596182418896354942wIpnm",
			"_tpl": "5b7bef5d5acfc43bca7067a3",
			"parentId": "I210051403484529800nw29F",
			"slotId": "mod_magazine"
		},
		{
			"_id": "I59618243357764151K8hJP1",
			"_tpl": "5e023e6e34d52a55c3304f71",
			"parentId": "I596182418896354942wIpnm",
			"slotId": "cartridges",
			"upd": {
				"StackObjectsCount": 30
			}
		},
		{
			"_id": "I210051405216472113YjNeL",
			"_tpl": "5b099a9d5acfc47a8607efe7",
			"parentId": "I210051403484529800nw29F",
			"slotId": "mod_handguard"
		},
		{
			"_id": "I2100514049037118355OYUz",
			"_tpl": "5b099a765acfc47a8607efe3",
			"parentId": "I210051403484529800nw29F",
			"slotId": "mod_barrel"
		},
		{
			"_id": "I2100514075276815925qiFw",
			"_tpl": "5b0bc22d5acfc47a8607f085",
			"parentId": "I210051403484529800nw29F",
			"slotId": "mod_sight_rear",
			"upd": {
				"Sight": {
					"SelectedSightMode": 0
				}
			}
		},
		{
			"_id": "I21005140392907797484gna",
			"_tpl": "5b099b7d5acfc400186331e4",
			"parentId": "I2100514049037118355OYUz",
			"slotId": "mod_muzzle"
		},
		{
			"_id": "I59618248586095737iOvDnZ",
			"_tpl": "5857a8bc2459772bad15db29",
			"parentId": "5c6687d65e9d882c8841f0fd",
			"slotId": "SecuredContainer"
		},
		{
			"_id": "I59618242118345400sCGnVk",
			"_tpl": "5a6086ea4f39f99cd479502f",
			"parentId": "I59618248586095737iOvDnZ",
			"slotId": "main",
			"upd": {
				"StackObjectsCount": 60
			}
		},
		{
			"_id": "I59618248223602730MRMYij",
			"_tpl": "5e023e88277cce2b522ff2b1",
			"parentId": "I59618248586095737iOvDnZ",
			"slotId": "main",
			"upd": {
				"StackObjectsCount": 60
			}
		},
		{
			"_id": "I59618246472763169o2hiTp",
			"_tpl": "5e023e88277cce2b522ff2b1",
			"parentId": "I59618248586095737iOvDnZ",
			"slotId": "main",
			"upd": {
				"StackObjectsCount": 60
			}
		},
		{
			"_id": "I596182448830119381kmSdw",
			"_tpl": "5e023e6e34d52a55c3304f71",
			"parentId": "I59618248586095737iOvDnZ",
			"slotId": "main",
			"upd": {
				"StackObjectsCount": 60
			}
		},
		{
			"_id": "I59618245232725076ruH6Ns",
			"_tpl": "5a6086ea4f39f99cd479502f",
			"parentId": "I59618248586095737iOvDnZ",
			"slotId": "main",
			"upd": {
				"StackObjectsCount": 60
			}
		},
		{
			"_id": "I596182482753826887K8BbX",
			"_tpl": "58dd3ad986f77403051cba8f",
			"parentId": "I59618248586095737iOvDnZ",
			"slotId": "main",
			"upd": {
				"StackObjectsCount": 60
			}
		},
		{
			"_id": "I59618247350776841R6SPTT",
			"_tpl": "5e023e88277cce2b522ff2b1",
			"parentId": "I59618248586095737iOvDnZ",
			"slotId": "main",
			"upd": {
				"StackObjectsCount": 60
			}
		},
		{
			"_id": "I59618244013670170jt4sgD",
			"_tpl": "5a608bf24f39f98ffc77720e",
			"parentId": "I59618248586095737iOvDnZ",
			"slotId": "main",
			"upd": {
				"StackObjectsCount": 60
			}
		},
		{
			"_id": "I59618248775493152i18izN",
			"_tpl": "5a608bf24f39f98ffc77720e",
			"parentId": "I59618248586095737iOvDnZ",
			"slotId": "main",
			"upd": {
				"StackObjectsCount": 60
			}
		},
		{
			"_id": "I59618242896395150Ww1g0Z",
			"_tpl": "5b7bef9c5acfc43d102852ec",
			"parentId": "I59618248373681948CCEUOT",
			"slotId": "2",
			"location": {
				"x": 0,
				"y": 0,
				"r": "Horizontal"
			}
		},
		{
			"_id": "I59618248165230065vD0vc6",
			"_tpl": "5e023e6e34d52a55c3304f71",
			"parentId": "I59618242896395150Ww1g0Z",
			"slotId": "cartridges",
			"upd": {
				"StackObjectsCount": 50
			}
		},
		{
			"_id": "I596182478843781898WnwZo",
			"_tpl": "5b7bef9c5acfc43d102852ec",
			"parentId": "I59618248373681948CCEUOT",
			"slotId": "1",
			"location": {
				"x": 0,
				"y": 0,
				"r": "Horizontal"
			}
		},
		{
			"_id": "I59618248062570713Lw359H",
			"_tpl": "5e023e88277cce2b522ff2b1",
			"parentId": "I596182478843781898WnwZo",
			"slotId": "cartridges",
			"upd": {
				"StackObjectsCount": 50
			}
		},
		{
			"_id": "I5961824719704033814XN9z",
			"_tpl": "5b7bef9c5acfc43d102852ec",
			"parentId": "I59618248373681948CCEUOT",
			"slotId": "1",
			"location": {
				"x": 1,
				"y": 0,
				"r": "Horizontal"
			}
		},
		{
			"_id": "I59618249179514152N20HbK",
			"_tpl": "58dd3ad986f77403051cba8f",
			"parentId": "I5961824719704033814XN9z",
			"slotId": "cartridges",
			"upd": {
				"StackObjectsCount": 50
			}
		},
		{
			"_id": "I59618242442374566pWkYSz",
			"_tpl": "5e32f56fcb6d5863cc5e5ee4",
			"parentId": "I59618248373681948CCEUOT",
			"slotId": "4"
		},
		{
			"_id": "I59618249050910721aCQgXt",
			"_tpl": "57e26ea924597715ca604a09",
			"parentId": "5c6687d65e9d882c8841f0fd",
			"slotId": "Scabbard"
		},
		{
			"_id": "I59618247826004117VCBP6n",
			"_tpl": "572b7d8524597762b472f9d1",
			"parentId": "5c6687d65e9d882c8841f0fd",
			"slotId": "Headwear"
		},
		{
			"_id": "I596182485351817136QQ4uQ",
			"_tpl": "5b432be65acfc433000ed01f",
			"parentId": "5c6687d65e9d882c8841f0fd",
			"slotId": "Eyewear"
		},
		{
			"_id": "I59618246766047023rTvDHv",
			"_tpl": "5e54f79686f7744022011103",
			"parentId": "5c6687d65e9d882c8841f0fd",
			"slotId": "FaceCover"
		}
	],
	"equipment": "5c6687d65e9d882c8841f0fd",
	"stash": "5c6687d65e9d882c8841f0fc",
	"questRaidItems": "5c6687d65e9d882c8841f0fe",
	"questStashItems": "5c6687d65e9d882c8841f0ff",
	"fastPanel": {}
}