{
	"items": [
		{
			"_id": "5c6687d65e9d882c8841f0fd",
			"_tpl": "55d7217a4bdc2d86028b456d"
		},
		{
			"_id": "5c6687d65e9d882c8841f121",
			"_tpl": "557ffd194bdc2d28148b457f",
			"parentId": "5c6687d65e9d882c8841f0fd",
			"slotId": "Pockets"
		},
		{
			"_id": "5c6687d65e9d882c8841f0fc",
			"_tpl": "566abbc34bdc2d92178b4576"
		},
		{
			"_id": "5c6687d65e9d882c8841f0ff",
			"_tpl": "5963866b86f7747bfa1c4462"
		},
		{
			"_id": "5c6687d65e9d882c8841f0fe",
			"_tpl": "5963866286f7747bf429b572"
		},
		{
			"_id": "I59618246500484887qB40EL",
			"_tpl": "5c0e3eb886f7742015526062",
			"parentId": "5c6687d65e9d882c8841f0fd",
			"slotId": "TacticalVest"
		},
		{
			"_id": "I331040329507333813hgbCj",
			"_tpl": "59e6687d86f77411d949b251",
			"parentId": "5c6687d65e9d882c8841f0fd",
			"slotId": "FirstPrimaryWeapon",
			"upd": {
				"Repairable": {
					"MaxDurability": 100,
					"Durability": 8
				}
			}
		},
		{
			"_id": "I331040329660429587AMfYk",
			"_tpl": "59e649f986f77411d949b246",
			"parentId": "I331040329507333813hgbCj",
			"slotId": "mod_gas_block"
		},
		{
			"_id": "I33104032428326380871bAU",
			"_tpl": "59e8a00d86f7742ad93b569c",
			"parentId": "I331040329507333813hgbCj",
			"slotId": "mod_muzzle"
		},
		{
			"_id": "I331040323063142759uPatY",
			"_tpl": "59e6318286f77444dd62c4cc",
			"parentId": "I331040329507333813hgbCj",
			"slotId": "mod_pistol_grip"
		},
		{
			"_id": "I331040326324470583k8u53",
			"_tpl": "59e8977386f77415a553c453",
			"parentId": "I331040329507333813hgbCj",
			"slotId": "mod_sight_rear",
			"upd": {
				"Sight": {
					"SelectedSightMode": 0
				}
			}
		},
		{
			"_id": "I59618243681235294wVgD5x",
			"_tpl": "5ac66bea5acfc43b321d4aec",
			"parentId": "I331040329507333813hgbCj",
			"slotId": "mod_magazine"
		},
		{
			"_id": "I59618249826517772WYZ8qz",
			"_tpl": "59e655cb86f77411dc52a77b",
			"parentId": "I59618243681235294wVgD5x",
			"slotId": "cartridges",
			"upd": {
				"StackObjectsCount": 30
			}
		},
		{
			"_id": "I331040328517196139OgbPG",
			"_tpl": "59e898ee86f77427614bd225",
			"parentId": "I331040329660429587AMfYk",
			"slotId": "mod_handguard"
		},
		{
			"_id": "I59618249997433096Au5F1X",
			"_tpl": "5857a8bc2459772bad15db29",
			"parentId": "5c6687d65e9d882c8841f0fd",
			"slotId": "SecuredContainer"
		},
		{
			"_id": "I596182417374092808rFe7Y",
			"_tpl": "59e655cb86f77411dc52a77b",
			"parentId": "I59618249997433096Au5F1X",
			"slotId": "main",
			"upd": {
				"StackObjectsCount": 60
			}
		},
		{
			"_id": "I5961824343165707910uHsp",
			"_tpl": "59e6542b86f77411dc52a77a",
			"parentId": "I59618249997433096Au5F1X",
			"slotId": "main",
			"upd": {
				"StackObjectsCount": 60
			}
		},
		{
			"_id": "I596182497055716171aqpfS",
			"_tpl": "59e6542b86f77411dc52a77a",
			"parentId": "I59618249997433096Au5F1X",
			"slotId": "main",
			"upd": {
				"StackObjectsCount": 60
			}
		},
		{
			"_id": "I59618248304261734VscyTj",
			"_tpl": "59e6658b86f77411d949b250",
			"parentId": "I59618249997433096Au5F1X",
			"slotId": "main",
			"upd": {
				"StackObjectsCount": 60
			}
		},
		{
			"_id": "I596182498075448070W8W2H",
			"_tpl": "59e6658b86f77411d949b250",
			"parentId": "I59618249997433096Au5F1X",
			"slotId": "main",
			"upd": {
				"StackObjectsCount": 60
			}
		},
		{
			"_id": "I59618241536539916xv3GTB",
			"_tpl": "59e6542b86f77411dc52a77a",
			"parentId": "I59618249997433096Au5F1X",
			"slotId": "main",
			"upd": {
				"StackObjectsCount": 60
			}
		},
		{
			"_id": "I59618241241610187wPTRcG",
			"_tpl": "59e655cb86f77411dc52a77b",
			"parentId": "I59618249997433096Au5F1X",
			"slotId": "main",
			"upd": {
				"StackObjectsCount": 60
			}
		},
		{
			"_id": "I59618244584842568q9SxDI",
			"_tpl": "59e655cb86f77411dc52a77b",
			"parentId": "I59618249997433096Au5F1X",
			"slotId": "main",
			"upd": {
				"StackObjectsCount": 60
			}
		},
		{
			"_id": "I59618241572200486tI0zMw",
			"_tpl": "59e6658b86f77411d949b250",
			"parentId": "I59618249997433096Au5F1X",
			"slotId": "main",
			"upd": {
				"StackObjectsCount": 60
			}
		},
		{
			"_id": "I59618241804809966TrgSRO",
			"_tpl": "5cfe8010d7ad1a59283b14c6",
			"parentId": "I59618246500484887qB40EL",
			"slotId": "1",
			"location": {
				"x": 0,
				"y": 0,
				"r": "Horizontal"
			}
		},
		{
			"_id": "I59618244621322398l34dOT",
			"_tpl": "59e6542b86f77411dc52a77a",
			"parentId": "I59618241804809966TrgSRO",
			"slotId": "cartridges",
			"upd": {
				"StackObjectsCount": 50
			}
		},
		{
			"_id": "I596182483988111885dL1eA",
			"_tpl": "5cfe8010d7ad1a59283b14c6",
			"parentId": "I59618246500484887qB40EL",
			"slotId": "3",
			"location": {
				"x": 0,
				"y": 0,
				"r": "Horizontal"
			}
		},
		{
			"_id": "I59618243995406450rjCWdP",
			"_tpl": "59e655cb86f77411dc52a77b",
			"parentId": "I596182483988111885dL1eA",
			"slotId": "cartridges",
			"upd": {
				"StackObjectsCount": 50
			}
		},
		{
			"_id": "I59618246049975879OQEYvl",
			"_tpl": "59e655cb86f77411dc52a77b",
			"parentId": "I59618246500484887qB40EL",
			"slotId": "5",
			"upd": {
				"StackObjectsCount": 33
			}
		},
		{
			"_id": "I596182446608034647KyjTN",
			"_tpl": "5bffdc370db834001d23eca8",
			"parentId": "5c6687d65e9d882c8841f0fd",
			"slotId": "Scabbard"
		},
		{
			"_id": "I59618246377068949O6wbOk",
			"_tpl": "5aa2ba46e5b5b000137b758d",
			"parentId": "5c6687d65e9d882c8841f0fd",
			"slotId": "Headwear"
		},
		{
			"_id": "I596182471062302133sIe9z",
			"_tpl": "5d6d2ef3a4b93618084f58bd",
			"parentId": "5c6687d65e9d882c8841f0fd",
			"slotId": "Eyewear"
		},
		{
			"_id": "I59618242536154603hySdta",
			"_tpl": "572b7fa524597762b747ce82",
			"parentId": "5c6687d65e9d882c8841f0fd",
			"slotId": "FaceCover"
		},
		{
			"_id": "I59618241977672587nV70J0",
			"_tpl": "56e335e4d2720b6c058b456d",
			"parentId": "5c6687d65e9d882c8841f0fd",
			"slotId": "Backpack"
		},
		{
			"_id": "I59618247768795011vnAgEM",
			"_tpl": "57347d3d245977448f7b7f61",
			"parentId": "I59618241977672587nV70J0",
			"slotId": "main",
			"location": {
				"x": 0,
				"y": 0,
				"r": "Horizontal"
			}
		},
		{
			"_id": "I59618246885126094qYIXBm",
			"_tpl": "5672cb304bdc2dc2088b456a",
			"parentId": "I59618241977672587nV70J0",
			"slotId": "main",
			"location": {
				"x": 0,
				"y": 1,
				"r": "Horizontal"
			}
		},
		{
			"_id": "I59618244174877343VjbguK",
			"_tpl": "5c13cef886f774072e618e82",
			"parentId": "I59618241977672587nV70J0",
			"slotId": "main",
			"location": {
				"x": 0,
				"y": 2,
				"r": "Horizontal"
			}
		},
		{
			"_id": "I59618241732785830ggv5aw",
			"_tpl": "57513fcc24597720a31c09a6",
			"parentId": "I59618241977672587nV70J0",
			"slotId": "main",
			"location": {
				"x": 0,
				"y": 3,
				"r": "Horizontal"
			}
		},
		{
			"_id": "I59618241027812193yt7Ijp",
			"_tpl": "56742c284bdc2d98058b456d",
			"parentId": "I59618241977672587nV70J0",
			"slotId": "main",
			"location": {
				"x": 1,
				"y": 0,
				"r": "Horizontal"
			}
		},
		{
			"_id": "I59618246857378238DZNWUD",
			"_tpl": "5c0e51be86f774598e797894",
			"parentId": "5c6687d65e9d882c8841f0fd",
			"slotId": "ArmorVest",
			"upd": {
				"Repairable": {
					"MaxDurability": 47,
					"Durability": 40
				}
			}
		},
		{
			"_id": "I59618243100386240xRpbi1",
			"_tpl": "5e2af22086f7746d3f3c33fa",
			"parentId": "5c6687d65e9d882c8841f121",
			"slotId": "pocket1",
			"location": {
				"x": 0,
				"y": 0,
				"r": "Horizontal"
			},
			"upd": {
				"SpawnedInSession": true
			}
		},
		{
			"_id": "I59618244955435322dlZZ7P",
			"_tpl": "59e361e886f774176c10a2a5",
			"parentId": "5c6687d65e9d882c8841f121",
			"slotId": "pocket2",
			"location": {
				"x": 0,
				"y": 0,
				"r": "Horizontal"
			},
			"upd": {
				"SpawnedInSession": true
			}
		}
	],
	"equipment": "5c6687d65e9d882c8841f0fd",
	"stash": "5c6687d65e9d882c8841f0fc",
	"questRaidItems": "5c6687d65e9d882c8841f0fe",
	"questStashItems": "5c6687d65e9d882c8841f0ff",
	"fastPanel": {}
}