{
	"items": [
		{
			"_id": "5c6687d65e9d882c8841f0fd",
			"_tpl": "55d7217a4bdc2d86028b456d"
		},
		{
			"_id": "5c6687d65e9d882c8841f121",
			"_tpl": "557ffd194bdc2d28148b457f",
			"parentId": "5c6687d65e9d882c8841f0fd",
			"slotId": "Pockets"
		},
		{
			"_id": "5c6687d65e9d882c8841f0fc",
			"_tpl": "566abbc34bdc2d92178b4576"
		},
		{
			"_id": "5c6687d65e9d882c8841f0ff",
			"_tpl": "5963866b86f7747bfa1c4462"
		},
		{
			"_id": "5c6687d65e9d882c8841f0fe",
			"_tpl": "5963866286f7747bf429b572"
		},
		{
			"_id": "I596182438162165813XTjVQ",
			"_tpl": "5648a69d4bdc2ded0b8b457b",
			"parentId": "5c6687d65e9d882c8841f0fd",
			"slotId": "TacticalVest"
		},
		{
			"_id": "I331017566325493301LxC5I",
			"_tpl": "5ab8e9fcd8ce870019439434",
			"parentId": "5c6687d65e9d882c8841f0fd",
			"slotId": "FirstPrimaryWeapon",
			"upd": {
				"Repairable": {
					"MaxDurability": 100,
					"Durability": 54
				}
			}
		},
		{
			"_id": "I331017562656159893BehIm",
			"_tpl": "59c6633186f7740cf0493bb9",
			"parentId": "I331017566325493301LxC5I",
			"slotId": "mod_gas_block"
		},
		{
			"_id": "I331017563912843506j3dZ5",
			"_tpl": "5649aa744bdc2ded0b8b457e",
			"parentId": "I331017566325493301LxC5I",
			"slotId": "mod_muzzle"
		},
		{
			"_id": "I331017568861032510ZaHn6",
			"_tpl": "57e3dba62459770f0c32322b",
			"parentId": "I331017566325493301LxC5I",
			"slotId": "mod_pistol_grip"
		},
		{
			"_id": "I331017565786653863i8rvV",
			"_tpl": "5649b0544bdc2d1b2b8b458a",
			"parentId": "I331017566325493301LxC5I",
			"slotId": "mod_sight_rear",
			"upd": {
				"Sight": {
					"SelectedSightMode": 0
				}
			}
		},
		{
			"_id": "I59618249402300216RJUcGW",
			"_tpl": "55d4837c4bdc2d1d4e8b456c",
			"parentId": "I331017566325493301LxC5I",
			"slotId": "mod_magazine"
		},
		{
			"_id": "I59618244800865251HwEPGC",
			"_tpl": "56dff4ecd2720b5f5a8b4568",
			"parentId": "I59618249402300216RJUcGW",
			"slotId": "cartridges",
			"upd": {
				"StackObjectsCount": 10
			}
		},
		{
			"_id": "I331017568563706759oc4F8",
			"_tpl": "5648b0744bdc2d363b8b4578",
			"parentId": "I331017562656159893BehIm",
			"slotId": "mod_handguard"
		},
		{
			"_id": "I59618249310520002OtnFrv",
			"_tpl": "5857a8bc2459772bad15db29",
			"parentId": "5c6687d65e9d882c8841f0fd",
			"slotId": "SecuredContainer"
		},
		{
			"_id": "I59618241030592495iXWSik",
			"_tpl": "56dff2ced2720bb4668b4567",
			"parentId": "I59618249310520002OtnFrv",
			"slotId": "main",
			"upd": {
				"StackObjectsCount": 60
			}
		},
		{
			"_id": "I59618246679456532B8jaHz",
			"_tpl": "56dfef82d2720bbd668b4567",
			"parentId": "I59618249310520002OtnFrv",
			"slotId": "main",
			"upd": {
				"StackObjectsCount": 60
			}
		},
		{
			"_id": "I596182450079739503bJFpG",
			"_tpl": "56dff4a2d2720bbd668b456a",
			"parentId": "I59618249310520002OtnFrv",
			"slotId": "main",
			"upd": {
				"StackObjectsCount": 60
			}
		},
		{
			"_id": "I59618247237541761mTrnCr",
			"_tpl": "56dff4a2d2720bbd668b456a",
			"parentId": "I59618249310520002OtnFrv",
			"slotId": "main",
			"upd": {
				"StackObjectsCount": 60
			}
		},
		{
			"_id": "I59618242148183759kaffWh",
			"_tpl": "56dff061d2720bb5668b4567",
			"parentId": "I59618249310520002OtnFrv",
			"slotId": "main",
			"upd": {
				"StackObjectsCount": 60
			}
		},
		{
			"_id": "I59618246647217380axhZTO",
			"_tpl": "56dff026d2720bb8668b4567",
			"parentId": "I59618249310520002OtnFrv",
			"slotId": "main",
			"upd": {
				"StackObjectsCount": 60
			}
		},
		{
			"_id": "I59618247330898571nrYfqj",
			"_tpl": "56dff3afd2720bba668b4567",
			"parentId": "I59618249310520002OtnFrv",
			"slotId": "main",
			"upd": {
				"StackObjectsCount": 60
			}
		},
		{
			"_id": "I59618241068583515Nwjg5x",
			"_tpl": "56dff4a2d2720bbd668b456a",
			"parentId": "I59618249310520002OtnFrv",
			"slotId": "main",
			"upd": {
				"StackObjectsCount": 60
			}
		},
		{
			"_id": "I59618243904957672ILXAkt",
			"_tpl": "56dff0bed2720bb0668b4567",
			"parentId": "I59618249310520002OtnFrv",
			"slotId": "main",
			"upd": {
				"StackObjectsCount": 60
			}
		},
		{
			"_id": "I210016569131659520n9LxH",
			"_tpl": "576a581d2459771e7b1bc4f1",
			"parentId": "5c6687d65e9d882c8841f0fd",
			"slotId": "Holster",
			"upd": {
				"Repairable": {
					"MaxDurability": 100,
					"Durability": 45
				}
			}
		},
		{
			"_id": "I59618247196961374shs7tx",
			"_tpl": "5c0d56a986f774449d5de529",
			"parentId": "I2100165644840754536SMMb",
			"slotId": "cartridges",
			"upd": {
				"StackObjectsCount": 18
			}
		},
		{
			"_id": "I2100165644840754536SMMb",
			"_tpl": "576a5ed62459771e9c2096cb",
			"parentId": "I210016569131659520n9LxH",
			"slotId": "mod_magazine"
		},
		{
			"_id": "I210016562931727377Quekg",
			"_tpl": "576a63cd2459771e796e0e11",
			"parentId": "I210016569131659520n9LxH",
			"slotId": "mod_pistol_grip"
		},
		{
			"_id": "I59618246900100612emjxU8",
			"_tpl": "55d4837c4bdc2d1d4e8b456c",
			"parentId": "I596182438162165813XTjVQ",
			"slotId": "1",
			"location": {
				"x": 0,
				"y": 0,
				"r": "Horizontal"
			}
		},
		{
			"_id": "I59618247468384278UXdBwg",
			"_tpl": "56dff0bed2720bb0668b4567",
			"parentId": "I59618246900100612emjxU8",
			"slotId": "cartridges",
			"upd": {
				"StackObjectsCount": 10
			}
		},
		{
			"_id": "I59618243419869054DAePqz",
			"_tpl": "55d4837c4bdc2d1d4e8b456c",
			"parentId": "I596182438162165813XTjVQ",
			"slotId": "1",
			"location": {
				"x": 0,
				"y": 1,
				"r": "Horizontal"
			}
		},
		{
			"_id": "I59618243288546717lJzd3G",
			"_tpl": "56dff2ced2720bb4668b4567",
			"parentId": "I59618243419869054DAePqz",
			"slotId": "cartridges",
			"upd": {
				"StackObjectsCount": 10
			}
		},
		{
			"_id": "I59618248904829851wZw905",
			"_tpl": "55d4837c4bdc2d1d4e8b456c",
			"parentId": "I596182438162165813XTjVQ",
			"slotId": "3",
			"location": {
				"x": 0,
				"y": 0,
				"r": "Horizontal"
			}
		},
		{
			"_id": "I59618244288720202UWJi8R",
			"_tpl": "56dff3afd2720bba668b4567",
			"parentId": "I59618248904829851wZw905",
			"slotId": "cartridges",
			"upd": {
				"StackObjectsCount": 10
			}
		},
		{
			"_id": "I59618249833829937247JgU",
			"_tpl": "55d4837c4bdc2d1d4e8b456c",
			"parentId": "I596182438162165813XTjVQ",
			"slotId": "10",
			"location": {
				"x": 0,
				"y": 0,
				"r": "Horizontal"
			}
		},
		{
			"_id": "I59618242831223378iYuJKX",
			"_tpl": "56dff338d2720bbd668b4569",
			"parentId": "I59618249833829937247JgU",
			"slotId": "cartridges",
			"upd": {
				"StackObjectsCount": 10
			}
		},
		{
			"_id": "I59618248356654604nE5vrD",
			"_tpl": "5c0d5e4486f77478390952fe",
			"parentId": "I596182438162165813XTjVQ",
			"slotId": "7",
			"upd": {
				"StackObjectsCount": 24
			}
		},
		{
			"_id": "I59618244644991425yu9ede",
			"_tpl": "576a5ed62459771e9c2096cb",
			"parentId": "I596182438162165813XTjVQ",
			"slotId": "2",
			"location": {
				"x": 0,
				"y": 0,
				"r": "Horizontal"
			}
		},
		{
			"_id": "I59618249469823798KNBjFT",
			"_tpl": "58864a4f2459770fcc257101",
			"parentId": "I59618244644991425yu9ede",
			"slotId": "cartridges",
			"upd": {
				"StackObjectsCount": 18
			}
		},
		{
			"_id": "I59618244060771531893Tdc",
			"_tpl": "576a5ed62459771e9c2096cb",
			"parentId": "I596182438162165813XTjVQ",
			"slotId": "11",
			"location": {
				"x": 0,
				"y": 0,
				"r": "Horizontal"
			}
		},
		{
			"_id": "I59618248213321306ikfM1R",
			"_tpl": "5c925fa22e221601da359b7b",
			"parentId": "I59618244060771531893Tdc",
			"slotId": "cartridges",
			"upd": {
				"StackObjectsCount": 18
			}
		},
		{
			"_id": "I59618247439741546Uad2Vo",
			"_tpl": "54491bb74bdc2d09088b4567",
			"parentId": "5c6687d65e9d882c8841f0fd",
			"slotId": "Scabbard"
		},
		{
			"_id": "I596182477532525867pklV2",
			"_tpl": "572b7d8524597762b472f9d1",
			"parentId": "5c6687d65e9d882c8841f0fd",
			"slotId": "Headwear"
		},
		{
			"_id": "I59618246425211547dO04Ve",
			"_tpl": "557ff21e4bdc2d89578b4586",
			"parentId": "5c6687d65e9d882c8841f0fd",
			"slotId": "Eyewear"
		},
		{
			"_id": "I59618248638025634eIvnVK",
			"_tpl": "544a5cde4bdc2d39388b456b",
			"parentId": "5c6687d65e9d882c8841f0fd",
			"slotId": "Backpack"
		},
		{
			"_id": "I596182426975650282A4EsT",
			"_tpl": "590a386e86f77429692b27ab",
			"parentId": "I59618248638025634eIvnVK",
			"slotId": "main",
			"location": {
				"x": 0,
				"y": 0,
				"r": "Horizontal"
			}
		},
		{
			"_id": "I59618245005960342EX3NsM",
			"_tpl": "5780d07a2459777de4559324",
			"parentId": "I59618248638025634eIvnVK",
			"slotId": "main",
			"location": {
				"x": 0,
				"y": 1,
				"r": "Horizontal"
			}
		},
		{
			"_id": "I59618243829304356G4tNo4",
			"_tpl": "5d1b3f2d86f774253763b735",
			"parentId": "I59618248638025634eIvnVK",
			"slotId": "main",
			"location": {
				"x": 0,
				"y": 2,
				"r": "Horizontal"
			}
		},
		{
			"_id": "I59618242137610061iwQVdg",
			"_tpl": "5751487e245977207e26a315",
			"parentId": "I59618248638025634eIvnVK",
			"slotId": "main",
			"location": {
				"x": 0,
				"y": 3,
				"r": "Horizontal"
			}
		},
		{
			"_id": "I59618249345051430Uy31z7",
			"_tpl": "590a373286f774287540368b",
			"parentId": "I59618248638025634eIvnVK",
			"slotId": "main",
			"location": {
				"x": 1,
				"y": 1,
				"r": "Horizontal"
			}
		},
		{
			"_id": "I596182440380044932pDbHP",
			"_tpl": "5780d0652459777df90dcb74",
			"parentId": "I59618248638025634eIvnVK",
			"slotId": "main",
			"location": {
				"x": 1,
				"y": 2,
				"r": "Horizontal"
			}
		},
		{
			"_id": "I59618244008556563ZKQVGB",
			"_tpl": "5751487e245977207e26a315",
			"parentId": "I59618248638025634eIvnVK",
			"slotId": "main",
			"location": {
				"x": 1,
				"y": 3,
				"r": "Horizontal"
			}
		},
		{
			"_id": "I59618246084264129474kc4",
			"_tpl": "57513fcc24597720a31c09a6",
			"parentId": "I59618248638025634eIvnVK",
			"slotId": "main",
			"location": {
				"x": 2,
				"y": 0,
				"r": "Horizontal"
			}
		},
		{
			"_id": "I59618247760493328KqBhnp",
			"_tpl": "57347c1124597737fb1379e3",
			"parentId": "I59618248638025634eIvnVK",
			"slotId": "main",
			"location": {
				"x": 2,
				"y": 2,
				"r": "Horizontal"
			}
		},
		{
			"_id": "I59618249068353689aoxlKT",
			"_tpl": "59387a4986f77401cc236e62",
			"parentId": "I59618248638025634eIvnVK",
			"slotId": "main",
			"location": {
				"x": 2,
				"y": 3,
				"r": "Horizontal"
			}
		},
		{
			"_id": "I596182425889223044fRAto",
			"_tpl": "57347d9c245977448b40fa85",
			"parentId": "I59618248638025634eIvnVK",
			"slotId": "main",
			"location": {
				"x": 3,
				"y": 0,
				"r": "Horizontal"
			}
		},
		{
			"_id": "I59618247664206642EUuqxx",
			"_tpl": "5ab8e4ed86f7742d8e50c7fa",
			"parentId": "5c6687d65e9d882c8841f0fd",
			"slotId": "ArmorVest",
			"upd": {
				"Repairable": {
					"MaxDurability": 50,
					"Durability": 1
				}
			}
		},
		{
			"_id": "I59618248734187713TBTRHV",
			"_tpl": "57347baf24597738002c6178",
			"parentId": "5c6687d65e9d882c8841f121",
			"slotId": "pocket1",
			"location": {
				"x": 0,
				"y": 0,
				"r": "Horizontal"
			},
			"upd": {
				"SpawnedInSession": true
			}
		}
	],
	"equipment": "5c6687d65e9d882c8841f0fd",
	"stash": "5c6687d65e9d882c8841f0fc",
	"questRaidItems": "5c6687d65e9d882c8841f0fe",
	"questStashItems": "5c6687d65e9d882c8841f0ff",
	"fastPanel": {}
}