{
	"items": [
		{
			"_id": "5c6687d65e9d882c8841f0fd",
			"_tpl": "55d7217a4bdc2d86028b456d"
		},
		{
			"_id": "5c6687d65e9d882c8841f121",
			"_tpl": "557ffd194bdc2d28148b457f",
			"parentId": "5c6687d65e9d882c8841f0fd",
			"slotId": "Pockets"
		},
		{
			"_id": "5c6687d65e9d882c8841f0fc",
			"_tpl": "566abbc34bdc2d92178b4576"
		},
		{
			"_id": "5c6687d65e9d882c8841f0ff",
			"_tpl": "5963866b86f7747bfa1c4462"
		},
		{
			"_id": "5c6687d65e9d882c8841f0fe",
			"_tpl": "5963866286f7747bf429b572"
		},
		{
			"_id": "I59618242390918326t9vgJB",
			"_tpl": "5d5d85c586f774279a21cbdb",
			"parentId": "5c6687d65e9d882c8841f0fd",
			"slotId": "TacticalVest"
		},
		{
			"_id": "I210018144519737213jGmrr",
			"_tpl": "576165642459773c7a400233",
			"parentId": "5c6687d65e9d882c8841f0fd",
			"slotId": "FirstPrimaryWeapon",
			"upd": {
				"Repairable": {
					"MaxDurability": 100,
					"Durability": 25
				}
			}
		},
		{
			"_id": "I2100181467409493707kVVO",
			"_tpl": "576169e62459773c69055191",
			"parentId": "I210018144519737213jGmrr",
			"slotId": "mod_handguard"
		},
		{
			"_id": "I210018148314052151tHyi6",
			"_tpl": "576167ab2459773cad038c43",
			"parentId": "I210018144519737213jGmrr",
			"slotId": "mod_muzzle"
		},
		{
			"_id": "I210018143827109655PHMj1",
			"_tpl": "5649ade84bdc2d1b2b8b4587",
			"parentId": "I210018144519737213jGmrr",
			"slotId": "mod_pistol_grip"
		},
		{
			"_id": "I210018141975463988Sah2E",
			"_tpl": "57616c112459773cce774d66",
			"parentId": "I210018144519737213jGmrr",
			"slotId": "mod_reciever"
		},
		{
			"_id": "I210018148028521873klCzc",
			"_tpl": "57a9b9ce2459770ee926038d",
			"parentId": "I210018144519737213jGmrr",
			"slotId": "mod_sight_rear",
			"upd": {
				"Sight": {
					"SelectedSightMode": 0
				}
			}
		},
		{
			"_id": "I210018147302869413n68oc",
			"_tpl": "57616ca52459773c69055192",
			"parentId": "I210018144519737213jGmrr",
			"slotId": "mod_stock"
		},
		{
			"_id": "I59618243703285382j3h72D",
			"_tpl": "57616a9e2459773c7a400234",
			"parentId": "I210018144519737213jGmrr",
			"slotId": "mod_magazine"
		},
		{
			"_id": "I59618243143674873PkfrbW",
			"_tpl": "5c0d591486f7744c505b416f",
			"parentId": "I59618243703285382j3h72D",
			"slotId": "cartridges",
			"upd": {
				"StackObjectsCount": 5
			}
		},
		{
			"_id": "I59618244474087572Xg8Dqk",
			"_tpl": "5857a8bc2459772bad15db29",
			"parentId": "5c6687d65e9d882c8841f0fd",
			"slotId": "SecuredContainer"
		},
		{
			"_id": "I59618241322509900WkVvV2",
			"_tpl": "5d6e68c4a4b9361b93413f79",
			"parentId": "I59618244474087572Xg8Dqk",
			"slotId": "main",
			"upd": {
				"StackObjectsCount": 60
			}
		},
		{
			"_id": "I596182498480069531fYRFe",
			"_tpl": "5d6e68dea4b9361bcc29e659",
			"parentId": "I59618244474087572Xg8Dqk",
			"slotId": "main",
			"upd": {
				"StackObjectsCount": 60
			}
		},
		{
			"_id": "I59618242125969224tj43Ra",
			"_tpl": "5d6e6806a4b936088465b17e",
			"parentId": "I59618244474087572Xg8Dqk",
			"slotId": "main",
			"upd": {
				"StackObjectsCount": 60
			}
		},
		{
			"_id": "I59618242312490142ee6zad",
			"_tpl": "5d6e67fba4b9361bc73bc779",
			"parentId": "I59618244474087572Xg8Dqk",
			"slotId": "main",
			"upd": {
				"StackObjectsCount": 60
			}
		},
		{
			"_id": "I59618248536758343YZ2qRu",
			"_tpl": "5d6e6806a4b936088465b17e",
			"parentId": "I59618244474087572Xg8Dqk",
			"slotId": "main",
			"upd": {
				"StackObjectsCount": 60
			}
		},
		{
			"_id": "I59618247088632767mofHfN",
			"_tpl": "560d5e524bdc2d25448b4571",
			"parentId": "I59618244474087572Xg8Dqk",
			"slotId": "main",
			"upd": {
				"StackObjectsCount": 60
			}
		},
		{
			"_id": "I59618244372145703V1rEFl",
			"_tpl": "5d6e68d1a4b93622fe60e845",
			"parentId": "I59618244474087572Xg8Dqk",
			"slotId": "main",
			"upd": {
				"StackObjectsCount": 60
			}
		},
		{
			"_id": "I59618247946472595vJS6JT",
			"_tpl": "5d6e689ca4b9361bc8618956",
			"parentId": "I59618244474087572Xg8Dqk",
			"slotId": "main",
			"upd": {
				"StackObjectsCount": 60
			}
		},
		{
			"_id": "I59618249791315707Pxvcu2",
			"_tpl": "5d6e68c4a4b9361b93413f79",
			"parentId": "I59618244474087572Xg8Dqk",
			"slotId": "main",
			"upd": {
				"StackObjectsCount": 60
			}
		},
		{
			"_id": "I59618242286877614W5Z2Po",
			"_tpl": "57616a9e2459773c7a400234",
			"parentId": "I59618242390918326t9vgJB",
			"slotId": "1",
			"location": {
				"x": 0,
				"y": 0,
				"r": "Horizontal"
			}
		},
		{
			"_id": "I596182458209382435INogx",
			"_tpl": "5d6e68c4a4b9361b93413f79",
			"parentId": "I59618242286877614W5Z2Po",
			"slotId": "cartridges",
			"upd": {
				"StackObjectsCount": 5
			}
		},
		{
			"_id": "I59618245409063202B5bbjp",
			"_tpl": "57616a9e2459773c7a400234",
			"parentId": "I59618242390918326t9vgJB",
			"slotId": "3",
			"location": {
				"x": 0,
				"y": 0,
				"r": "Horizontal"
			}
		},
		{
			"_id": "I59618247956000060x87DYf",
			"_tpl": "5d6e6806a4b936088465b17e",
			"parentId": "I59618245409063202B5bbjp",
			"slotId": "cartridges",
			"upd": {
				"StackObjectsCount": 5
			}
		},
		{
			"_id": "I59618241874984073CwNOZp",
			"_tpl": "57616a9e2459773c7a400234",
			"parentId": "I59618242390918326t9vgJB",
			"slotId": "5",
			"location": {
				"x": 0,
				"y": 0,
				"r": "Horizontal"
			}
		},
		{
			"_id": "I59618241552379282GofHFD",
			"_tpl": "5d6e68dea4b9361bcc29e659",
			"parentId": "I59618241874984073CwNOZp",
			"slotId": "cartridges",
			"upd": {
				"StackObjectsCount": 5
			}
		},
		{
			"_id": "I59618247132153114K4EJn7",
			"_tpl": "5c0d591486f7744c505b416f",
			"parentId": "I59618242390918326t9vgJB",
			"slotId": "7",
			"upd": {
				"StackObjectsCount": 8
			}
		},
		{
			"_id": "I59618249870362330gQ5M1s",
			"_tpl": "5c0d591486f7744c505b416f",
			"parentId": "I59618242390918326t9vgJB",
			"slotId": "9",
			"upd": {
				"StackObjectsCount": 14
			}
		},
		{
			"_id": "I59618241527956551nCDwhz",
			"_tpl": "5bffdc370db834001d23eca8",
			"parentId": "5c6687d65e9d882c8841f0fd",
			"slotId": "Scabbard"
		},
		{
			"_id": "I59618247977969005Y3z7qB",
			"_tpl": "59e7711e86f7746cae05fbe1",
			"parentId": "5c6687d65e9d882c8841f0fd",
			"slotId": "Headwear"
		},
		{
			"_id": "I59618247673618978OceWI0",
			"_tpl": "5ac4c50d5acfc40019262e87",
			"parentId": "I59618247977969005Y3z7qB",
			"slotId": "mod_equipment",
			"upd": {
				"Togglable": {
					"On": true
				}
			}
		},
		{
			"_id": "I59618245995506413fsf4e0",
			"_tpl": "59e7715586f7742ee5789605",
			"parentId": "5c6687d65e9d882c8841f0fd",
			"slotId": "FaceCover"
		}
	],
	"equipment": "5c6687d65e9d882c8841f0fd",
	"stash": "5c6687d65e9d882c8841f0fc",
	"questRaidItems": "5c6687d65e9d882c8841f0fe",
	"questStashItems": "5c6687d65e9d882c8841f0ff",
	"fastPanel": {}
}