{
	"items": [
		{
			"_id": "5c6687d65e9d882c8841f0fd",
			"_tpl": "55d7217a4bdc2d86028b456d"
		},
		{
			"_id": "5c6687d65e9d882c8841f121",
			"_tpl": "557ffd194bdc2d28148b457f",
			"parentId": "5c6687d65e9d882c8841f0fd",
			"slotId": "Pockets"
		},
		{
			"_id": "5c6687d65e9d882c8841f0fc",
			"_tpl": "566abbc34bdc2d92178b4576"
		},
		{
			"_id": "5c6687d65e9d882c8841f0ff",
			"_tpl": "5963866b86f7747bfa1c4462"
		},
		{
			"_id": "5c6687d65e9d882c8841f0fe",
			"_tpl": "5963866286f7747bf429b572"
		},
		{
			"_id": "I59618241159188082JQ4Q4X",
			"_tpl": "5929a2a086f7744f4b234d43",
			"parentId": "5c6687d65e9d882c8841f0fd",
			"slotId": "TacticalVest"
		},
		{
			"_id": "I515128033957696GQUXKsUo",
			"_tpl": "5ea03f7400685063ec28bfa8",
			"parentId": "5c6687d65e9d882c8841f0fd",
			"slotId": "FirstPrimaryWeapon",
			"upd": {
				"Repairable": {
					"MaxDurability": 100,
					"Durability": 29
				}
			}
		},
		{
			"_id": "I5151255013212105k4WiYX5",
			"_tpl": "5ea03e9400685063ec28bfa4",
			"parentId": "I515128033957696GQUXKsUo",
			"slotId": "mod_stock"
		},
		{
			"_id": "I596182484013994148CBQAN",
			"_tpl": "5ea034eb5aad6446a939737b",
			"parentId": "I515128033957696GQUXKsUo",
			"slotId": "mod_magazine"
		},
		{
			"_id": "I59618246385044937hzrXF7",
			"_tpl": "573602322459776445391df1",
			"parentId": "I596182484013994148CBQAN",
			"slotId": "cartridges",
			"upd": {
				"StackObjectsCount": 35
			}
		},
		{
			"_id": "I515121246347853I4LiuFD7",
			"_tpl": "5ea03e5009aa976f2e7a514b",
			"parentId": "I515128033957696GQUXKsUo",
			"slotId": "mod_reciever"
		},
		{
			"_id": "I515127842052585umPWX1Kz",
			"_tpl": "5ea02bb600685063ec28bfa1",
			"parentId": "I515128033957696GQUXKsUo",
			"slotId": "mod_barrel"
		},
		{
			"_id": "I596182419648254775cRkkk",
			"_tpl": "5857a8bc2459772bad15db29",
			"parentId": "5c6687d65e9d882c8841f0fd",
			"slotId": "SecuredContainer"
		},
		{
			"_id": "I59618243110091359VWLEc0",
			"_tpl": "5735ff5c245977640e39ba7e",
			"parentId": "I596182419648254775cRkkk",
			"slotId": "main",
			"upd": {
				"StackObjectsCount": 60
			}
		},
		{
			"_id": "I59618248024812842r1aYRi",
			"_tpl": "573601b42459776410737435",
			"parentId": "I596182419648254775cRkkk",
			"slotId": "main",
			"upd": {
				"StackObjectsCount": 60
			}
		},
		{
			"_id": "I596182470872615124jOpCH",
			"_tpl": "573603c924597764442bd9cb",
			"parentId": "I596182419648254775cRkkk",
			"slotId": "main",
			"upd": {
				"StackObjectsCount": 60
			}
		},
		{
			"_id": "I59618244650476892jlHrbz",
			"_tpl": "573602322459776445391df1",
			"parentId": "I596182419648254775cRkkk",
			"slotId": "main",
			"upd": {
				"StackObjectsCount": 60
			}
		},
		{
			"_id": "I59618246069675294FqskcV",
			"_tpl": "573603562459776430731618",
			"parentId": "I596182419648254775cRkkk",
			"slotId": "main",
			"upd": {
				"StackObjectsCount": 60
			}
		},
		{
			"_id": "I59618249585930166DhxLwK",
			"_tpl": "573602322459776445391df1",
			"parentId": "I596182419648254775cRkkk",
			"slotId": "main",
			"upd": {
				"StackObjectsCount": 60
			}
		},
		{
			"_id": "I59618241710813877SapOpb",
			"_tpl": "573603562459776430731618",
			"parentId": "I596182419648254775cRkkk",
			"slotId": "main",
			"upd": {
				"StackObjectsCount": 60
			}
		},
		{
			"_id": "I59618247441770459c7py3V",
			"_tpl": "5735fdcd2459776445391d61",
			"parentId": "I596182419648254775cRkkk",
			"slotId": "main",
			"upd": {
				"StackObjectsCount": 60
			}
		},
		{
			"_id": "I59618248084454071FXHSfR",
			"_tpl": "573602322459776445391df1",
			"parentId": "I596182419648254775cRkkk",
			"slotId": "main",
			"upd": {
				"StackObjectsCount": 60
			}
		},
		{
			"_id": "I596182415390433884p8hFN",
			"_tpl": "5ea034eb5aad6446a939737b",
			"parentId": "I59618241159188082JQ4Q4X",
			"slotId": "3",
			"location": {
				"x": 0,
				"y": 0,
				"r": "Horizontal"
			}
		},
		{
			"_id": "I59618245336563712oaWUF4",
			"_tpl": "573603c924597764442bd9cb",
			"parentId": "I596182415390433884p8hFN",
			"slotId": "cartridges",
			"upd": {
				"StackObjectsCount": 35
			}
		},
		{
			"_id": "I59618246587651689hoxzsQ",
			"_tpl": "544fb25a4bdc2dfb738b4567",
			"parentId": "I59618241159188082JQ4Q4X",
			"slotId": "5"
		},
		{
			"_id": "I59618247194209849TbTVrH",
			"_tpl": "5ea034eb5aad6446a939737b",
			"parentId": "I59618241159188082JQ4Q4X",
			"slotId": "6",
			"location": {
				"x": 0,
				"y": 0,
				"r": "Horizontal"
			}
		},
		{
			"_id": "I59618243859209048pfQx2A",
			"_tpl": "5735fdcd2459776445391d61",
			"parentId": "I59618247194209849TbTVrH",
			"slotId": "cartridges",
			"upd": {
				"StackObjectsCount": 35
			}
		},
		{
			"_id": "I59618248808901323chNweo",
			"_tpl": "5736026a245977644601dc61",
			"parentId": "I59618241159188082JQ4Q4X",
			"slotId": "1",
			"upd": {
				"StackObjectsCount": 10
			}
		},
		{
			"_id": "I59618247231316039HMIUR6",
			"_tpl": "573601b42459776410737435",
			"parentId": "I59618241159188082JQ4Q4X",
			"slotId": "7",
			"upd": {
				"StackObjectsCount": 34
			}
		},
		{
			"_id": "I596182455391014990UzpIr",
			"_tpl": "54491bb74bdc2d09088b4567",
			"parentId": "5c6687d65e9d882c8841f0fd",
			"slotId": "Scabbard"
		},
		{
			"_id": "I59618243613943308XuFBrh",
			"_tpl": "59e7711e86f7746cae05fbe1",
			"parentId": "5c6687d65e9d882c8841f0fd",
			"slotId": "Headwear"
		},
		{
			"_id": "I59618244144921013qkeJ39",
			"_tpl": "5ac4c50d5acfc40019262e87",
			"parentId": "I59618243613943308XuFBrh",
			"slotId": "mod_equipment",
			"upd": {
				"Togglable": {
					"On": true
				}
			}
		},
		{
			"_id": "I59618245185338855oDe9Qj",
			"_tpl": "572b7fa524597762b747ce82",
			"parentId": "5c6687d65e9d882c8841f0fd",
			"slotId": "FaceCover"
		},
		{
			"_id": "I59618247097043833rVxBQv",
			"_tpl": "56e33634d2720bd8058b456b",
			"parentId": "5c6687d65e9d882c8841f0fd",
			"slotId": "Backpack"
		},
		{
			"_id": "I59618241727604349fwK2Oj",
			"_tpl": "590a3cd386f77436f20848cb",
			"parentId": "I59618247097043833rVxBQv",
			"slotId": "main",
			"location": {
				"x": 0,
				"y": 0,
				"r": "Horizontal"
			}
		},
		{
			"_id": "I59618241758447068BEcLyD",
			"_tpl": "5d1b39a386f774252339976f",
			"parentId": "I59618247097043833rVxBQv",
			"slotId": "main",
			"location": {
				"x": 0,
				"y": 1,
				"r": "Horizontal"
			}
		},
		{
			"_id": "I59618242434953071R0ynwA",
			"_tpl": "590c5d4b86f774784e1b9c45",
			"parentId": "I59618247097043833rVxBQv",
			"slotId": "main",
			"location": {
				"x": 1,
				"y": 0,
				"r": "Horizontal"
			}
		},
		{
			"_id": "I59618241453735686Gxm96y",
			"_tpl": "5d63d33b86f7746ea9275524",
			"parentId": "I59618247097043833rVxBQv",
			"slotId": "main",
			"location": {
				"x": 0,
				"y": 2,
				"r": "Horizontal"
			}
		},
		{
			"_id": "I59618247344519960ycP2cG",
			"_tpl": "57347d3d245977448f7b7f61",
			"parentId": "I59618247097043833rVxBQv",
			"slotId": "main",
			"location": {
				"x": 1,
				"y": 2,
				"r": "Horizontal"
			}
		},
		{
			"_id": "I59618242791291218k18vL8",
			"_tpl": "5448fee04bdc2dbc018b4567",
			"parentId": "I59618247097043833rVxBQv",
			"slotId": "main",
			"location": {
				"x": 2,
				"y": 0,
				"r": "Horizontal"
			}
		}
	],
	"equipment": "5c6687d65e9d882c8841f0fd",
	"stash": "5c6687d65e9d882c8841f0fc",
	"questRaidItems": "5c6687d65e9d882c8841f0fe",
	"questStashItems": "5c6687d65e9d882c8841f0ff",
	"fastPanel": {}
}