{
	"items": [
		{
			"_id": "5c6687d65e9d882c8841f0fd",
			"_tpl": "55d7217a4bdc2d86028b456d"
		},
		{
			"_id": "5c6687d65e9d882c8841f121",
			"_tpl": "557ffd194bdc2d28148b457f",
			"parentId": "5c6687d65e9d882c8841f0fd",
			"slotId": "Pockets"
		},
		{
			"_id": "5c6687d65e9d882c8841f0fc",
			"_tpl": "566abbc34bdc2d92178b4576"
		},
		{
			"_id": "5c6687d65e9d882c8841f0ff",
			"_tpl": "5963866b86f7747bfa1c4462"
		},
		{
			"_id": "5c6687d65e9d882c8841f0fe",
			"_tpl": "5963866286f7747bf429b572"
		},
		{
			"_id": "I5961824484567993501LPUO",
			"_tpl": "572b7adb24597762ae139821",
			"parentId": "5c6687d65e9d882c8841f0fd",
			"slotId": "TacticalVest"
		},
		{
			"_id": "I210012363743647067MaAgh",
			"_tpl": "57838ad32459774a17445cd2",
			"parentId": "5c6687d65e9d882c8841f0fd",
			"slotId": "FirstPrimaryWeapon",
			"upd": {
				"Repairable": {
					"MaxDurability": 100,
					"Durability": 48
				}
			}
		},
		{
			"_id": "I59618243430732408nax5Kr",
			"_tpl": "57838f0b2459774a256959b2",
			"parentId": "I210012363743647067MaAgh",
			"slotId": "mod_magazine"
		},
		{
			"_id": "I59618245005440254XUbBHA",
			"_tpl": "57a0e5022459774d1673f889",
			"parentId": "I59618243430732408nax5Kr",
			"slotId": "cartridges",
			"upd": {
				"StackObjectsCount": 10
			}
		},
		{
			"_id": "I210012368595680122lHqZY",
			"_tpl": "57838c962459774a1651ec63",
			"parentId": "I210012363743647067MaAgh",
			"slotId": "mod_muzzle"
		},
		{
			"_id": "I210012363934540897DpmVJ",
			"_tpl": "578395402459774a256959b5",
			"parentId": "I210012363743647067MaAgh",
			"slotId": "mod_reciever"
		},
		{
			"_id": "I2100123685022187231WnGk",
			"_tpl": "578395e82459774a0e553c7b",
			"parentId": "I210012363743647067MaAgh",
			"slotId": "mod_stock"
		},
		{
			"_id": "I210012367386767999gqdEO",
			"_tpl": "57838e1b2459774a256959b1",
			"parentId": "I210012368595680122lHqZY",
			"slotId": "mod_sight_rear",
			"upd": {
				"Sight": {
					"SelectedSightMode": 0
				}
			}
		},
		{
			"_id": "I59618244945768511MVXSai",
			"_tpl": "5857a8bc2459772bad15db29",
			"parentId": "5c6687d65e9d882c8841f0fd",
			"slotId": "SecuredContainer"
		},
		{
			"_id": "I596182426535238529QuPSf",
			"_tpl": "57a0dfb82459774d3078b56c",
			"parentId": "I59618244945768511MVXSai",
			"slotId": "main",
			"upd": {
				"StackObjectsCount": 60
			}
		},
		{
			"_id": "I59618249873696204vtK1DN",
			"_tpl": "5c0d688c86f77413ae3407b2",
			"parentId": "I59618244945768511MVXSai",
			"slotId": "main",
			"upd": {
				"StackObjectsCount": 60
			}
		},
		{
			"_id": "I59618247216497770doz0l9",
			"_tpl": "57a0dfb82459774d3078b56c",
			"parentId": "I59618244945768511MVXSai",
			"slotId": "main",
			"upd": {
				"StackObjectsCount": 60
			}
		},
		{
			"_id": "I59618247667459782TCVZPV",
			"_tpl": "57a0e5022459774d1673f889",
			"parentId": "I59618244945768511MVXSai",
			"slotId": "main",
			"upd": {
				"StackObjectsCount": 60
			}
		},
		{
			"_id": "I59618245452927851aCHGek",
			"_tpl": "57a0e5022459774d1673f889",
			"parentId": "I59618244945768511MVXSai",
			"slotId": "main",
			"upd": {
				"StackObjectsCount": 60
			}
		},
		{
			"_id": "I59618248964683338H4CXeC",
			"_tpl": "57a0e5022459774d1673f889",
			"parentId": "I59618244945768511MVXSai",
			"slotId": "main",
			"upd": {
				"StackObjectsCount": 60
			}
		},
		{
			"_id": "I59618244767218161IkMx5H",
			"_tpl": "57a0e5022459774d1673f889",
			"parentId": "I59618244945768511MVXSai",
			"slotId": "main",
			"upd": {
				"StackObjectsCount": 60
			}
		},
		{
			"_id": "I59618241327975795kKDvh2",
			"_tpl": "57a0e5022459774d1673f889",
			"parentId": "I59618244945768511MVXSai",
			"slotId": "main",
			"upd": {
				"StackObjectsCount": 60
			}
		},
		{
			"_id": "I59618247281579392HuV7jD",
			"_tpl": "5c0d688c86f77413ae3407b2",
			"parentId": "I59618244945768511MVXSai",
			"slotId": "main",
			"upd": {
				"StackObjectsCount": 60
			}
		},
		{
			"_id": "I596182413614378121GJg2z",
			"_tpl": "57838f0b2459774a256959b2",
			"parentId": "I5961824484567993501LPUO",
			"slotId": "2",
			"location": {
				"x": 0,
				"y": 1,
				"r": "Horizontal"
			}
		},
		{
			"_id": "I59618243873498146BpDOd5",
			"_tpl": "5c0d688c86f77413ae3407b2",
			"parentId": "I596182413614378121GJg2z",
			"slotId": "cartridges",
			"upd": {
				"StackObjectsCount": 10
			}
		},
		{
			"_id": "I59618243579252088Ehb8sp",
			"_tpl": "5c0d688c86f77413ae3407b2",
			"parentId": "I5961824484567993501LPUO",
			"slotId": "4",
			"upd": {
				"StackObjectsCount": 30
			}
		},
		{
			"_id": "I59618243635198068mdAVfB",
			"_tpl": "5bffdc370db834001d23eca8",
			"parentId": "5c6687d65e9d882c8841f0fd",
			"slotId": "Scabbard"
		},
		{
			"_id": "I59618244046586175OLhBOS",
			"_tpl": "5b4327aa5acfc400175496e0",
			"parentId": "5c6687d65e9d882c8841f0fd",
			"slotId": "Headwear"
		},
		{
			"_id": "I59618247784178448aqEdC9",
			"_tpl": "59e770b986f7742cbd762754",
			"parentId": "5c6687d65e9d882c8841f0fd",
			"slotId": "Eyewear"
		},
		{
			"_id": "I59618249845408833TJ3xiP",
			"_tpl": "5ab8f04f86f774585f4237d8",
			"parentId": "5c6687d65e9d882c8841f0fd",
			"slotId": "Backpack"
		},
		{
			"_id": "I59618249590622471X35vjq",
			"_tpl": "59e7635f86f7742cbf2c1095",
			"parentId": "5c6687d65e9d882c8841f0fd",
			"slotId": "ArmorVest",
			"upd": {
				"Repairable": {
					"MaxDurability": 40,
					"Durability": 30
				}
			}
		}
	],
	"equipment": "5c6687d65e9d882c8841f0fd",
	"stash": "5c6687d65e9d882c8841f0fc",
	"questRaidItems": "5c6687d65e9d882c8841f0fe",
	"questStashItems": "5c6687d65e9d882c8841f0ff",
	"fastPanel": {}
}