{
	"items": [
		{
			"_id": "5c6687d65e9d882c8841f0fd",
			"_tpl": "55d7217a4bdc2d86028b456d"
		},
		{
			"_id": "5c6687d65e9d882c8841f121",
			"_tpl": "557ffd194bdc2d28148b457f",
			"parentId": "5c6687d65e9d882c8841f0fd",
			"slotId": "Pockets"
		},
		{
			"_id": "5c6687d65e9d882c8841f0fc",
			"_tpl": "566abbc34bdc2d92178b4576"
		},
		{
			"_id": "5c6687d65e9d882c8841f0ff",
			"_tpl": "5963866b86f7747bfa1c4462"
		},
		{
			"_id": "5c6687d65e9d882c8841f0fe",
			"_tpl": "5963866286f7747bf429b572"
		},
		{
			"_id": "I59618235935677737fSCbHx",
			"_tpl": "5d5d8ca986f7742798716522",
			"parentId": "5c6687d65e9d882c8841f0fd",
			"slotId": "TacticalVest"
		},
		{
			"_id": "I5150552116540059T4rYNgi",
			"_tpl": "5ea03f7400685063ec28bfa8",
			"parentId": "5c6687d65e9d882c8841f0fd",
			"slotId": "FirstPrimaryWeapon",
			"upd": {
				"Repairable": {
					"MaxDurability": 100,
					"Durability": 30
				}
			}
		},
		{
			"_id": "I5150553528310628A6nWXdz",
			"_tpl": "5ea03e9400685063ec28bfa4",
			"parentId": "I5150552116540059T4rYNgi",
			"slotId": "mod_stock"
		},
		{
			"_id": "I59618237963494485rxLaQa",
			"_tpl": "5ea034eb5aad6446a939737b",
			"parentId": "I5150552116540059T4rYNgi",
			"slotId": "mod_magazine"
		},
		{
			"_id": "I59618234278239258E1pvlA",
			"_tpl": "573603562459776430731618",
			"parentId": "I59618237963494485rxLaQa",
			"slotId": "cartridges",
			"upd": {
				"StackObjectsCount": 35
			}
		},
		{
			"_id": "I5150559648337341tsIMDEL",
			"_tpl": "5ea03e5009aa976f2e7a514b",
			"parentId": "I5150552116540059T4rYNgi",
			"slotId": "mod_reciever"
		},
		{
			"_id": "I5150558717598210ybApxht",
			"_tpl": "5ea02bb600685063ec28bfa1",
			"parentId": "I5150552116540059T4rYNgi",
			"slotId": "mod_barrel"
		},
		{
			"_id": "I59618239732223693DDhmEr",
			"_tpl": "5857a8bc2459772bad15db29",
			"parentId": "5c6687d65e9d882c8841f0fd",
			"slotId": "SecuredContainer"
		},
		{
			"_id": "I596182334665484132cBTGd",
			"_tpl": "573601b42459776410737435",
			"parentId": "I59618239732223693DDhmEr",
			"slotId": "main",
			"upd": {
				"StackObjectsCount": 60
			}
		},
		{
			"_id": "I59618238072884116Esqq0H",
			"_tpl": "5736026a245977644601dc61",
			"parentId": "I59618239732223693DDhmEr",
			"slotId": "main",
			"upd": {
				"StackObjectsCount": 60
			}
		},
		{
			"_id": "I59618234312486139aSfxcn",
			"_tpl": "573603562459776430731618",
			"parentId": "I59618239732223693DDhmEr",
			"slotId": "main",
			"upd": {
				"StackObjectsCount": 60
			}
		},
		{
			"_id": "I59618238192820178VbE7oZ",
			"_tpl": "573601b42459776410737435",
			"parentId": "I59618239732223693DDhmEr",
			"slotId": "main",
			"upd": {
				"StackObjectsCount": 60
			}
		},
		{
			"_id": "I596182376315855264jPf0B",
			"_tpl": "573602322459776445391df1",
			"parentId": "I59618239732223693DDhmEr",
			"slotId": "main",
			"upd": {
				"StackObjectsCount": 60
			}
		},
		{
			"_id": "I59618232493135727iZymVE",
			"_tpl": "5736026a245977644601dc61",
			"parentId": "I59618239732223693DDhmEr",
			"slotId": "main",
			"upd": {
				"StackObjectsCount": 60
			}
		},
		{
			"_id": "I59618238211064325TKXahd",
			"_tpl": "573603c924597764442bd9cb",
			"parentId": "I59618239732223693DDhmEr",
			"slotId": "main",
			"upd": {
				"StackObjectsCount": 60
			}
		},
		{
			"_id": "I59618234233409841X7fjwz",
			"_tpl": "573602322459776445391df1",
			"parentId": "I59618239732223693DDhmEr",
			"slotId": "main",
			"upd": {
				"StackObjectsCount": 60
			}
		},
		{
			"_id": "I59618237340692977otGC4v",
			"_tpl": "573602322459776445391df1",
			"parentId": "I59618239732223693DDhmEr",
			"slotId": "main",
			"upd": {
				"StackObjectsCount": 60
			}
		},
		{
			"_id": "I59618238865090236Xzwhw5",
			"_tpl": "5ea034eb5aad6446a939737b",
			"parentId": "I59618235935677737fSCbHx",
			"slotId": "2",
			"location": {
				"x": 0,
				"y": 0,
				"r": "Horizontal"
			}
		},
		{
			"_id": "I59618232618075883ROCP2w",
			"_tpl": "573602322459776445391df1",
			"parentId": "I59618238865090236Xzwhw5",
			"slotId": "cartridges",
			"upd": {
				"StackObjectsCount": 35
			}
		},
		{
			"_id": "I59618234964220872ubhePI",
			"_tpl": "5ea034eb5aad6446a939737b",
			"parentId": "I59618235935677737fSCbHx",
			"slotId": "1",
			"location": {
				"x": 0,
				"y": 0,
				"r": "Horizontal"
			}
		},
		{
			"_id": "I59618235176019633cj3fVs",
			"_tpl": "573601b42459776410737435",
			"parentId": "I59618234964220872ubhePI",
			"slotId": "cartridges",
			"upd": {
				"StackObjectsCount": 35
			}
		},
		{
			"_id": "I59618239277610275hea7X6",
			"_tpl": "544fb25a4bdc2dfb738b4567",
			"parentId": "I59618235935677737fSCbHx",
			"slotId": "1"
		},
		{
			"_id": "I59618232241420216zQhHPS",
			"_tpl": "5bffdc370db834001d23eca8",
			"parentId": "5c6687d65e9d882c8841f0fd",
			"slotId": "Scabbard"
		},
		{
			"_id": "I59618233665270741nWOqBZ",
			"_tpl": "5d6d2ef3a4b93618084f58bd",
			"parentId": "5c6687d65e9d882c8841f0fd",
			"slotId": "Eyewear"
		},
		{
			"_id": "I5961823943779775407RAda",
			"_tpl": "572b7f1624597762ae139822",
			"parentId": "5c6687d65e9d882c8841f0fd",
			"slotId": "FaceCover"
		},
		{
			"_id": "I59618231536963016eLXYaT",
			"_tpl": "5af04b6486f774195a3ebb49",
			"parentId": "5c6687d65e9d882c8841f121",
			"slotId": "pocket1",
			"location": {
				"x": 0,
				"y": 0,
				"r": "Horizontal"
			},
			"upd": {
				"SpawnedInSession": true
			}
		},
		{
			"_id": "I59618233279498273GO2Pst",
			"_tpl": "59136e1e86f774432f15d133",
			"parentId": "5c6687d65e9d882c8841f121",
			"slotId": "pocket2",
			"location": {
				"x": 0,
				"y": 0,
				"r": "Horizontal"
			},
			"upd": {
				"SpawnedInSession": true
			}
		},
		{
			"_id": "I59618237424471405xHXsCT",
			"_tpl": "5df8a72c86f77412640e2e83",
			"parentId": "5c6687d65e9d882c8841f121",
			"slotId": "pocket3",
			"location": {
				"x": 0,
				"y": 0,
				"r": "Horizontal"
			},
			"upd": {
				"SpawnedInSession": true
			}
		}
	],
	"equipment": "5c6687d65e9d882c8841f0fd",
	"stash": "5c6687d65e9d882c8841f0fc",
	"questRaidItems": "5c6687d65e9d882c8841f0fe",
	"questStashItems": "5c6687d65e9d882c8841f0ff",
	"fastPanel": {}
}