{
	"items": [
		{
			"_id": "5c6687d65e9d882c8841f0fd",
			"_tpl": "55d7217a4bdc2d86028b456d"
		},
		{
			"_id": "5c6687d65e9d882c8841f121",
			"_tpl": "557ffd194bdc2d28148b457f",
			"parentId": "5c6687d65e9d882c8841f0fd",
			"slotId": "Pockets"
		},
		{
			"_id": "5c6687d65e9d882c8841f0fc",
			"_tpl": "566abbc34bdc2d92178b4576"
		},
		{
			"_id": "5c6687d65e9d882c8841f0ff",
			"_tpl": "5963866b86f7747bfa1c4462"
		},
		{
			"_id": "5c6687d65e9d882c8841f0fe",
			"_tpl": "5963866286f7747bf429b572"
		},
		{
			"_id": "I59618232390345167p8Tw7I",
			"_tpl": "5d5d8ca986f7742798716522",
			"parentId": "5c6687d65e9d882c8841f0fd",
			"slotId": "TacticalVest"
		},
		{
			"_id": "I210013408127790895aIQlX",
			"_tpl": "5bfea6e90db834001b7347f3",
			"parentId": "5c6687d65e9d882c8841f0fd",
			"slotId": "FirstPrimaryWeapon",
			"upd": {
				"Repairable": {
					"MaxDurability": 100,
					"Durability": 5
				}
			}
		},
		{
			"_id": "I59618236319972351qYO3HG",
			"_tpl": "5d25a6538abbc306c62e630d",
			"parentId": "I210013408127790895aIQlX",
			"slotId": "mod_magazine"
		},
		{
			"_id": "I596182329330264154noaYw",
			"_tpl": "5a608bf24f39f98ffc77720e",
			"parentId": "I59618236319972351qYO3HG",
			"slotId": "cartridges",
			"upd": {
				"StackObjectsCount": 10
			}
		},
		{
			"_id": "I210013402784102846OF3LC",
			"_tpl": "5bfeb32b0db834001a6694d9",
			"parentId": "I210013408127790895aIQlX",
			"slotId": "mod_stock"
		},
		{
			"_id": "I210013407544258067pRHdV",
			"_tpl": "5bfebc320db8340019668d79",
			"parentId": "I210013408127790895aIQlX",
			"slotId": "mod_barrel"
		},
		{
			"_id": "I59618232861130962pXMdpg",
			"_tpl": "5857a8bc2459772bad15db29",
			"parentId": "5c6687d65e9d882c8841f0fd",
			"slotId": "SecuredContainer"
		},
		{
			"_id": "I59618239563898244GtkQ0C",
			"_tpl": "5e023e6e34d52a55c3304f71",
			"parentId": "I59618232861130962pXMdpg",
			"slotId": "main",
			"upd": {
				"StackObjectsCount": 60
			}
		},
		{
			"_id": "I596182378056064016hbJfc",
			"_tpl": "5a6086ea4f39f99cd479502f",
			"parentId": "I59618232861130962pXMdpg",
			"slotId": "main",
			"upd": {
				"StackObjectsCount": 60
			}
		},
		{
			"_id": "I59618235834297987M7jLLX",
			"_tpl": "5e023e6e34d52a55c3304f71",
			"parentId": "I59618232861130962pXMdpg",
			"slotId": "main",
			"upd": {
				"StackObjectsCount": 60
			}
		},
		{
			"_id": "I59618235945602070Ns5Np8",
			"_tpl": "5e023e6e34d52a55c3304f71",
			"parentId": "I59618232861130962pXMdpg",
			"slotId": "main",
			"upd": {
				"StackObjectsCount": 60
			}
		},
		{
			"_id": "I59618234681355235SOh0sP",
			"_tpl": "58dd3ad986f77403051cba8f",
			"parentId": "I59618232861130962pXMdpg",
			"slotId": "main",
			"upd": {
				"StackObjectsCount": 60
			}
		},
		{
			"_id": "I59618239007198400Ph9SRc",
			"_tpl": "5a6086ea4f39f99cd479502f",
			"parentId": "I59618232861130962pXMdpg",
			"slotId": "main",
			"upd": {
				"StackObjectsCount": 60
			}
		},
		{
			"_id": "I59618233669514389y0PRht",
			"_tpl": "5e023e88277cce2b522ff2b1",
			"parentId": "I59618232861130962pXMdpg",
			"slotId": "main",
			"upd": {
				"StackObjectsCount": 60
			}
		},
		{
			"_id": "I59618237894200949xdrcLr",
			"_tpl": "58dd3ad986f77403051cba8f",
			"parentId": "I59618232861130962pXMdpg",
			"slotId": "main",
			"upd": {
				"StackObjectsCount": 60
			}
		},
		{
			"_id": "I59618234905431560vtUFy5",
			"_tpl": "5e023e88277cce2b522ff2b1",
			"parentId": "I59618232861130962pXMdpg",
			"slotId": "main",
			"upd": {
				"StackObjectsCount": 60
			}
		},
		{
			"_id": "I210016569131659520n9LxH",
			"_tpl": "576a581d2459771e7b1bc4f1",
			"parentId": "5c6687d65e9d882c8841f0fd",
			"slotId": "Holster",
			"upd": {
				"Repairable": {
					"MaxDurability": 100,
					"Durability": 55
				}
			}
		},
		{
			"_id": "I59618232103762424tdDMSI",
			"_tpl": "5a3c16fe86f77452b62de32a",
			"parentId": "I2100165644840754536SMMb",
			"slotId": "cartridges",
			"upd": {
				"StackObjectsCount": 18
			}
		},
		{
			"_id": "I2100165644840754536SMMb",
			"_tpl": "576a5ed62459771e9c2096cb",
			"parentId": "I210016569131659520n9LxH",
			"slotId": "mod_magazine"
		},
		{
			"_id": "I210016562931727377Quekg",
			"_tpl": "576a63cd2459771e796e0e11",
			"parentId": "I210016569131659520n9LxH",
			"slotId": "mod_pistol_grip"
		},
		{
			"_id": "I59618234176455051Gf41dE",
			"_tpl": "5d25a6538abbc306c62e630d",
			"parentId": "I59618232390345167p8Tw7I",
			"slotId": "2",
			"location": {
				"x": 0,
				"y": 0,
				"r": "Horizontal"
			}
		},
		{
			"_id": "I59618236072843646PIkTYX",
			"_tpl": "5e023e6e34d52a55c3304f71",
			"parentId": "I59618234176455051Gf41dE",
			"slotId": "cartridges",
			"upd": {
				"StackObjectsCount": 10
			}
		},
		{
			"_id": "I59618238736997241gC47xb",
			"_tpl": "5d25a6538abbc306c62e630d",
			"parentId": "I59618232390345167p8Tw7I",
			"slotId": "1",
			"location": {
				"x": 0,
				"y": 0,
				"r": "Horizontal"
			}
		},
		{
			"_id": "I59618233970007795hhlAyV",
			"_tpl": "58dd3ad986f77403051cba8f",
			"parentId": "I59618238736997241gC47xb",
			"slotId": "cartridges",
			"upd": {
				"StackObjectsCount": 10
			}
		},
		{
			"_id": "I59618234155453005k4WUjR",
			"_tpl": "5d25a6538abbc306c62e630d",
			"parentId": "I59618232390345167p8Tw7I",
			"slotId": "1",
			"location": {
				"x": 1,
				"y": 0,
				"r": "Horizontal"
			}
		},
		{
			"_id": "I59618235328079663gEMvGw",
			"_tpl": "5e023e88277cce2b522ff2b1",
			"parentId": "I59618234155453005k4WUjR",
			"slotId": "cartridges",
			"upd": {
				"StackObjectsCount": 10
			}
		},
		{
			"_id": "I59618233166959334fgZmsG",
			"_tpl": "576a5ed62459771e9c2096cb",
			"parentId": "I59618232390345167p8Tw7I",
			"slotId": "3",
			"location": {
				"x": 0,
				"y": 0,
				"r": "Horizontal"
			}
		},
		{
			"_id": "I59618239903811021pRzEfs",
			"_tpl": "5c3df7d588a4501f290594e5",
			"parentId": "I59618233166959334fgZmsG",
			"slotId": "cartridges",
			"upd": {
				"StackObjectsCount": 18
			}
		},
		{
			"_id": "I59618232940289346HfPT6B",
			"_tpl": "576a5ed62459771e9c2096cb",
			"parentId": "I59618232390345167p8Tw7I",
			"slotId": "3",
			"location": {
				"x": 0,
				"y": 1,
				"r": "Horizontal"
			}
		},
		{
			"_id": "I59618233639976823hC1hP4",
			"_tpl": "58864a4f2459770fcc257101",
			"parentId": "I59618232940289346HfPT6B",
			"slotId": "cartridges",
			"upd": {
				"StackObjectsCount": 18
			}
		},
		{
			"_id": "I59618235457822263TpukeP",
			"_tpl": "54491bb74bdc2d09088b4567",
			"parentId": "5c6687d65e9d882c8841f0fd",
			"slotId": "Scabbard"
		},
		{
			"_id": "I59618238878010591Usveu8",
			"_tpl": "5ab8f04f86f774585f4237d8",
			"parentId": "5c6687d65e9d882c8841f0fd",
			"slotId": "Backpack"
		},
		{
			"_id": "I59618231497922462fDV5n7",
			"_tpl": "56742c2e4bdc2d95058b456d",
			"parentId": "5c6687d65e9d882c8841f121",
			"slotId": "pocket1",
			"location": {
				"x": 0,
				"y": 0,
				"r": "Horizontal"
			},
			"upd": {
				"SpawnedInSession": true
			}
		}
	],
	"equipment": "5c6687d65e9d882c8841f0fd",
	"stash": "5c6687d65e9d882c8841f0fc",
	"questRaidItems": "5c6687d65e9d882c8841f0fe",
	"questStashItems": "5c6687d65e9d882c8841f0ff",
	"fastPanel": {}
}