{
	"items": [
		{
			"_id": "5c6687d65e9d882c8841f0fd",
			"_tpl": "55d7217a4bdc2d86028b456d"
		},
		{
			"_id": "5c6687d65e9d882c8841f121",
			"_tpl": "557ffd194bdc2d28148b457f",
			"parentId": "5c6687d65e9d882c8841f0fd",
			"slotId": "Pockets"
		},
		{
			"_id": "5c6687d65e9d882c8841f0fc",
			"_tpl": "566abbc34bdc2d92178b4576"
		},
		{
			"_id": "5c6687d65e9d882c8841f0ff",
			"_tpl": "5963866b86f7747bfa1c4462"
		},
		{
			"_id": "5c6687d65e9d882c8841f0fe",
			"_tpl": "5963866286f7747bf429b572"
		},
		{
			"_id": "I59618249612267842liJDmZ",
			"_tpl": "5648a69d4bdc2ded0b8b457b",
			"parentId": "5c6687d65e9d882c8841f0fd",
			"slotId": "TacticalVest"
		},
		{
			"_id": "I21005274461938734znOLW3",
			"_tpl": "5b0bbe4e5acfc40dc528a72d",
			"parentId": "5c6687d65e9d882c8841f0fd",
			"slotId": "FirstPrimaryWeapon",
			"upd": {
				"Repairable": {
					"MaxDurability": 100,
					"Durability": 39
				}
			}
		},
		{
			"_id": "I21005278821303683xvK7Dy",
			"_tpl": "5b099b965acfc400186331e6",
			"parentId": "I21005274461938734znOLW3",
			"slotId": "mod_pistol_grip"
		},
		{
			"_id": "I59618244340058349e2zdDd",
			"_tpl": "5b7bef1e5acfc43d82528402",
			"parentId": "I21005274461938734znOLW3",
			"slotId": "mod_magazine"
		},
		{
			"_id": "I59618249745289437RgxdZD",
			"_tpl": "58dd3ad986f77403051cba8f",
			"parentId": "I59618244340058349e2zdDd",
			"slotId": "cartridges",
			"upd": {
				"StackObjectsCount": 10
			}
		},
		{
			"_id": "I210052717339992548pa5z0",
			"_tpl": "5b099a9d5acfc47a8607efe7",
			"parentId": "I21005274461938734znOLW3",
			"slotId": "mod_handguard"
		},
		{
			"_id": "I21005277344600972okJxxH",
			"_tpl": "5b099a765acfc47a8607efe3",
			"parentId": "I21005274461938734znOLW3",
			"slotId": "mod_barrel"
		},
		{
			"_id": "I210052737448575230C6461",
			"_tpl": "5b0bc22d5acfc47a8607f085",
			"parentId": "I21005274461938734znOLW3",
			"slotId": "mod_sight_rear",
			"upd": {
				"Sight": {
					"SelectedSightMode": 0
				}
			}
		},
		{
			"_id": "I21005278451412674OC482D",
			"_tpl": "5b7d63cf5acfc4001876c8df",
			"parentId": "I21005274461938734znOLW3",
			"slotId": "mod_stock"
		},
		{
			"_id": "I21005279695471751vzzkvq",
			"_tpl": "5b099b7d5acfc400186331e4",
			"parentId": "I21005277344600972okJxxH",
			"slotId": "mod_muzzle"
		},
		{
			"_id": "I59618248842109292mwUgUn",
			"_tpl": "5857a8bc2459772bad15db29",
			"parentId": "5c6687d65e9d882c8841f0fd",
			"slotId": "SecuredContainer"
		},
		{
			"_id": "I59618244724656622dTX7xO",
			"_tpl": "58dd3ad986f77403051cba8f",
			"parentId": "I59618248842109292mwUgUn",
			"slotId": "main",
			"upd": {
				"StackObjectsCount": 60
			}
		},
		{
			"_id": "I5961824357049053509KEe7",
			"_tpl": "5e023e53d4353e3302577c4c",
			"parentId": "I59618248842109292mwUgUn",
			"slotId": "main",
			"upd": {
				"StackObjectsCount": 60
			}
		},
		{
			"_id": "I59618247639626213oDw8im",
			"_tpl": "58dd3ad986f77403051cba8f",
			"parentId": "I59618248842109292mwUgUn",
			"slotId": "main",
			"upd": {
				"StackObjectsCount": 60
			}
		},
		{
			"_id": "I596182442963329179efe1x",
			"_tpl": "5a608bf24f39f98ffc77720e",
			"parentId": "I59618248842109292mwUgUn",
			"slotId": "main",
			"upd": {
				"StackObjectsCount": 60
			}
		},
		{
			"_id": "I596182447890027462yX5C4",
			"_tpl": "5a6086ea4f39f99cd479502f",
			"parentId": "I59618248842109292mwUgUn",
			"slotId": "main",
			"upd": {
				"StackObjectsCount": 60
			}
		},
		{
			"_id": "I59618242391240127UrpcTN",
			"_tpl": "5a6086ea4f39f99cd479502f",
			"parentId": "I59618248842109292mwUgUn",
			"slotId": "main",
			"upd": {
				"StackObjectsCount": 60
			}
		},
		{
			"_id": "I59618242895978621nqSzp8",
			"_tpl": "5a6086ea4f39f99cd479502f",
			"parentId": "I59618248842109292mwUgUn",
			"slotId": "main",
			"upd": {
				"StackObjectsCount": 60
			}
		},
		{
			"_id": "I59618247745659889TGPY54",
			"_tpl": "5e023e88277cce2b522ff2b1",
			"parentId": "I59618248842109292mwUgUn",
			"slotId": "main",
			"upd": {
				"StackObjectsCount": 60
			}
		},
		{
			"_id": "I59618244311210335jCKEjU",
			"_tpl": "5a6086ea4f39f99cd479502f",
			"parentId": "I59618248842109292mwUgUn",
			"slotId": "main",
			"upd": {
				"StackObjectsCount": 60
			}
		},
		{
			"_id": "I59618245593882416AC0AET",
			"_tpl": "5b7bef1e5acfc43d82528402",
			"parentId": "I59618249612267842liJDmZ",
			"slotId": "1",
			"location": {
				"x": 0,
				"y": 0,
				"r": "Horizontal"
			}
		},
		{
			"_id": "I59618244810101708tk9HzC",
			"_tpl": "5e023e88277cce2b522ff2b1",
			"parentId": "I59618245593882416AC0AET",
			"slotId": "cartridges",
			"upd": {
				"StackObjectsCount": 10
			}
		},
		{
			"_id": "I59618247985823781mlYg8C",
			"_tpl": "5b7bef1e5acfc43d82528402",
			"parentId": "I59618249612267842liJDmZ",
			"slotId": "1",
			"location": {
				"x": 0,
				"y": 1,
				"r": "Horizontal"
			}
		},
		{
			"_id": "I59618247430395781F0ZtlL",
			"_tpl": "5a6086ea4f39f99cd479502f",
			"parentId": "I59618247985823781mlYg8C",
			"slotId": "cartridges",
			"upd": {
				"StackObjectsCount": 10
			}
		},
		{
			"_id": "I59618241584188601sCjJEF",
			"_tpl": "5b7bef1e5acfc43d82528402",
			"parentId": "I59618249612267842liJDmZ",
			"slotId": "3",
			"location": {
				"x": 0,
				"y": 0,
				"r": "Horizontal"
			}
		},
		{
			"_id": "I59618249304956935o6qR1u",
			"_tpl": "5e023e53d4353e3302577c4c",
			"parentId": "I59618241584188601sCjJEF",
			"slotId": "cartridges",
			"upd": {
				"StackObjectsCount": 10
			}
		},
		{
			"_id": "I59618244883311514JgBQT8",
			"_tpl": "5b7bef1e5acfc43d82528402",
			"parentId": "I59618249612267842liJDmZ",
			"slotId": "3",
			"location": {
				"x": 0,
				"y": 1,
				"r": "Horizontal"
			}
		},
		{
			"_id": "I59618244286376501MX1agd",
			"_tpl": "58dd3ad986f77403051cba8f",
			"parentId": "I59618244883311514JgBQT8",
			"slotId": "cartridges",
			"upd": {
				"StackObjectsCount": 10
			}
		},
		{
			"_id": "I59618248689147110RoW6Mh",
			"_tpl": "5b7bef1e5acfc43d82528402",
			"parentId": "I59618249612267842liJDmZ",
			"slotId": "10",
			"location": {
				"x": 0,
				"y": 0,
				"r": "Horizontal"
			}
		},
		{
			"_id": "I59618246763293745b9N0Rt",
			"_tpl": "58dd3ad986f77403051cba8f",
			"parentId": "I59618248689147110RoW6Mh",
			"slotId": "cartridges",
			"upd": {
				"StackObjectsCount": 10
			}
		},
		{
			"_id": "I596182487025309105qOSJR",
			"_tpl": "5e023e53d4353e3302577c4c",
			"parentId": "I59618249612267842liJDmZ",
			"slotId": "7",
			"upd": {
				"StackObjectsCount": 13
			}
		},
		{
			"_id": "I596182412612319673W5b1r",
			"_tpl": "57e26ea924597715ca604a09",
			"parentId": "5c6687d65e9d882c8841f0fd",
			"slotId": "Scabbard"
		},
		{
			"_id": "I59618241693194723vCPcGS",
			"_tpl": "572b7fa124597762b472f9d2",
			"parentId": "5c6687d65e9d882c8841f0fd",
			"slotId": "Headwear"
		},
		{
			"_id": "I59618242230252306q6LrO6",
			"_tpl": "59e7635f86f7742cbf2c1095",
			"parentId": "5c6687d65e9d882c8841f0fd",
			"slotId": "ArmorVest",
			"upd": {
				"Repairable": {
					"MaxDurability": 40,
					"Durability": 13
				}
			}
		},
		{
			"_id": "I59618248319506004xJ8s5M",
			"_tpl": "5e2af29386f7746d4159f077",
			"parentId": "5c6687d65e9d882c8841f121",
			"slotId": "pocket1",
			"location": {
				"x": 0,
				"y": 0,
				"r": "Horizontal"
			},
			"upd": {
				"SpawnedInSession": true
			}
		},
		{
			"_id": "I59618248100605285slPnoR",
			"_tpl": "5751a25924597722c463c472",
			"parentId": "5c6687d65e9d882c8841f121",
			"slotId": "pocket2",
			"location": {
				"x": 0,
				"y": 0,
				"r": "Horizontal"
			},
			"upd": {
				"SpawnedInSession": true
			}
		},
		{
			"_id": "I59618244839066500z6n019",
			"_tpl": "5a13f46386f7741dd7384b04",
			"parentId": "5c6687d65e9d882c8841f121",
			"slotId": "pocket3",
			"location": {
				"x": 0,
				"y": 0,
				"r": "Horizontal"
			},
			"upd": {
				"SpawnedInSession": true
			}
		}
	],
	"equipment": "5c6687d65e9d882c8841f0fd",
	"stash": "5c6687d65e9d882c8841f0fc",
	"questRaidItems": "5c6687d65e9d882c8841f0fe",
	"questStashItems": "5c6687d65e9d882c8841f0ff",
	"fastPanel": {}
}