{
	"items": [
		{
			"_id": "5c6687d65e9d882c8841f0fd",
			"_tpl": "55d7217a4bdc2d86028b456d"
		},
		{
			"_id": "5c6687d65e9d882c8841f121",
			"_tpl": "557ffd194bdc2d28148b457f",
			"parentId": "5c6687d65e9d882c8841f0fd",
			"slotId": "Pockets"
		},
		{
			"_id": "5c6687d65e9d882c8841f0fc",
			"_tpl": "566abbc34bdc2d92178b4576"
		},
		{
			"_id": "5c6687d65e9d882c8841f0ff",
			"_tpl": "5963866b86f7747bfa1c4462"
		},
		{
			"_id": "5c6687d65e9d882c8841f0fe",
			"_tpl": "5963866286f7747bf429b572"
		},
		{
			"_id": "I59618248966690686Wuo3wp",
			"_tpl": "5c0e9f2c86f77432297fe0a3",
			"parentId": "5c6687d65e9d882c8841f0fd",
			"slotId": "TacticalVest"
		},
		{
			"_id": "I21009458619073185COPcOF",
			"_tpl": "5a0ec13bfcdbcb00165aa685",
			"parentId": "5c6687d65e9d882c8841f0fd",
			"slotId": "FirstPrimaryWeapon",
			"upd": {
				"Repairable": {
					"MaxDurability": 100,
					"Durability": 32
				}
			}
		},
		{
			"_id": "I210094576412274034PHXSS",
			"_tpl": "59d64ec286f774171d1e0a42",
			"parentId": "I21009458619073185COPcOF",
			"slotId": "mod_gas_block"
		},
		{
			"_id": "I21009457143300570DwMdvA",
			"_tpl": "59d64fc686f774171b243fe2",
			"parentId": "I21009458619073185COPcOF",
			"slotId": "mod_muzzle"
		},
		{
			"_id": "I21009457257801180pgRVSi",
			"_tpl": "59e62cc886f77440d40b52a1",
			"parentId": "I21009458619073185COPcOF",
			"slotId": "mod_pistol_grip"
		},
		{
			"_id": "I21009458538347457dOvnBx",
			"_tpl": "59d6507c86f7741b846413a2",
			"parentId": "I21009458619073185COPcOF",
			"slotId": "mod_reciever"
		},
		{
			"_id": "I210094555920558690rHh6Z",
			"_tpl": "59d650cf86f7741b846413a4",
			"parentId": "I21009458619073185COPcOF",
			"slotId": "mod_sight_rear",
			"upd": {
				"Sight": {
					"SelectedSightMode": 0
				}
			}
		},
		{
			"_id": "I21009453906192544MnI1Gg",
			"_tpl": "59d6514b86f774171a068a08",
			"parentId": "I21009458619073185COPcOF",
			"slotId": "mod_stock"
		},
		{
			"_id": "I59618249688135352aqTjU7",
			"_tpl": "59d6272486f77466146386ff",
			"parentId": "I21009458619073185COPcOF",
			"slotId": "mod_magazine"
		},
		{
			"_id": "I59618248495965734kvuHZ4",
			"_tpl": "5656d7c34bdc2d9d198b4587",
			"parentId": "I59618249688135352aqTjU7",
			"slotId": "cartridges",
			"upd": {
				"StackObjectsCount": 30
			}
		},
		{
			"_id": "I21009457709398691877EKR",
			"_tpl": "59d64f2f86f77417193ef8b3",
			"parentId": "I210094576412274034PHXSS",
			"slotId": "mod_handguard"
		},
		{
			"_id": "I59618244777431158Cx2RLl",
			"_tpl": "5857a8bc2459772bad15db29",
			"parentId": "5c6687d65e9d882c8841f0fd",
			"slotId": "SecuredContainer"
		},
		{
			"_id": "I59618247687796839BejnjR",
			"_tpl": "59e4d3d286f774176a36250a",
			"parentId": "I59618244777431158Cx2RLl",
			"slotId": "main",
			"upd": {
				"StackObjectsCount": 60
			}
		},
		{
			"_id": "I59618249252610714oS4hUz",
			"_tpl": "59e0d99486f7744a32234762",
			"parentId": "I59618244777431158Cx2RLl",
			"slotId": "main",
			"upd": {
				"StackObjectsCount": 60
			}
		},
		{
			"_id": "I59618248302473059a6x1MW",
			"_tpl": "59e0d99486f7744a32234762",
			"parentId": "I59618244777431158Cx2RLl",
			"slotId": "main",
			"upd": {
				"StackObjectsCount": 60
			}
		},
		{
			"_id": "I59618243416068121sgOWWt",
			"_tpl": "59e4cf5286f7741778269d8a",
			"parentId": "I59618244777431158Cx2RLl",
			"slotId": "main",
			"upd": {
				"StackObjectsCount": 60
			}
		},
		{
			"_id": "I59618242449940210v5CR6n",
			"_tpl": "59e4cf5286f7741778269d8a",
			"parentId": "I59618244777431158Cx2RLl",
			"slotId": "main",
			"upd": {
				"StackObjectsCount": 60
			}
		},
		{
			"_id": "I59618245337657584LfLndH",
			"_tpl": "59e4d3d286f774176a36250a",
			"parentId": "I59618244777431158Cx2RLl",
			"slotId": "main",
			"upd": {
				"StackObjectsCount": 60
			}
		},
		{
			"_id": "I59618242607490013ixiFb5",
			"_tpl": "59e4d3d286f774176a36250a",
			"parentId": "I59618244777431158Cx2RLl",
			"slotId": "main",
			"upd": {
				"StackObjectsCount": 60
			}
		},
		{
			"_id": "I59618249419534726FxK2H7",
			"_tpl": "59e0d99486f7744a32234762",
			"parentId": "I59618244777431158Cx2RLl",
			"slotId": "main",
			"upd": {
				"StackObjectsCount": 60
			}
		},
		{
			"_id": "I59618245213830127I9lI2G",
			"_tpl": "59e4d24686f7741776641ac7",
			"parentId": "I59618244777431158Cx2RLl",
			"slotId": "main",
			"upd": {
				"StackObjectsCount": 60
			}
		},
		{
			"_id": "I596182430496765071iEAG0",
			"_tpl": "59fafc5086f7740dbe19f6c3",
			"parentId": "I59618248966690686Wuo3wp",
			"slotId": "2",
			"location": {
				"x": 0,
				"y": 0,
				"r": "Horizontal"
			}
		},
		{
			"_id": "I59618242899807528Ddy0FK",
			"_tpl": "5656d7c34bdc2d9d198b4587",
			"parentId": "I596182430496765071iEAG0",
			"slotId": "cartridges",
			"upd": {
				"StackObjectsCount": 30
			}
		},
		{
			"_id": "I59618246251862765gL4Kif",
			"_tpl": "59fafc5086f7740dbe19f6c3",
			"parentId": "I59618248966690686Wuo3wp",
			"slotId": "4",
			"location": {
				"x": 0,
				"y": 0,
				"r": "Horizontal"
			}
		},
		{
			"_id": "I59618244111942169CMC8AX",
			"_tpl": "59e4d3d286f774176a36250a",
			"parentId": "I59618246251862765gL4Kif",
			"slotId": "cartridges",
			"upd": {
				"StackObjectsCount": 30
			}
		},
		{
			"_id": "I59618245709518881oK8PLU",
			"_tpl": "59fafc5086f7740dbe19f6c3",
			"parentId": "I59618248966690686Wuo3wp",
			"slotId": "6",
			"location": {
				"x": 0,
				"y": 0,
				"r": "Horizontal"
			}
		},
		{
			"_id": "I59618246697818520ygM3Eu",
			"_tpl": "59e4cf5286f7741778269d8a",
			"parentId": "I59618245709518881oK8PLU",
			"slotId": "cartridges",
			"upd": {
				"StackObjectsCount": 30
			}
		},
		{
			"_id": "I59618248291144904yGdFZk",
			"_tpl": "59fafc5086f7740dbe19f6c3",
			"parentId": "I59618248966690686Wuo3wp",
			"slotId": "8",
			"location": {
				"x": 0,
				"y": 0,
				"r": "Horizontal"
			}
		},
		{
			"_id": "I596182457922518346ZGrEF",
			"_tpl": "59e4cf5286f7741778269d8a",
			"parentId": "I59618248291144904yGdFZk",
			"slotId": "cartridges",
			"upd": {
				"StackObjectsCount": 30
			}
		},
		{
			"_id": "I59618243801478790OI5kCf",
			"_tpl": "57e26ea924597715ca604a09",
			"parentId": "5c6687d65e9d882c8841f0fd",
			"slotId": "Scabbard"
		},
		{
			"_id": "I59618241633361341pOTW1N",
			"_tpl": "59e770f986f7742cbe3164ef",
			"parentId": "5c6687d65e9d882c8841f0fd",
			"slotId": "Headwear"
		},
		{
			"_id": "I59618241109754063UhHExn",
			"_tpl": "5b432be65acfc433000ed01f",
			"parentId": "5c6687d65e9d882c8841f0fd",
			"slotId": "Eyewear"
		},
		{
			"_id": "I59618245872184591jQkf5H",
			"_tpl": "56e33680d2720be2748b4576",
			"parentId": "5c6687d65e9d882c8841f0fd",
			"slotId": "Backpack"
		},
		{
			"_id": "I59618247248016408Gd5eej",
			"_tpl": "5780d0532459777a5108b9a2",
			"parentId": "I59618245872184591jQkf5H",
			"slotId": "main",
			"location": {
				"x": 0,
				"y": 0,
				"r": "Horizontal"
			}
		},
		{
			"_id": "I59618244584731667X4YIb6",
			"_tpl": "5ab8e79e86f7742d8b372e78",
			"parentId": "5c6687d65e9d882c8841f0fd",
			"slotId": "ArmorVest",
			"upd": {
				"Repairable": {
					"MaxDurability": 65,
					"Durability": 56
				}
			}
		}
	],
	"equipment": "5c6687d65e9d882c8841f0fd",
	"stash": "5c6687d65e9d882c8841f0fc",
	"questRaidItems": "5c6687d65e9d882c8841f0fe",
	"questStashItems": "5c6687d65e9d882c8841f0ff",
	"fastPanel": {}
}