{
	"items": [
		{
			"_id": "5c6687d65e9d882c8841f0fd",
			"_tpl": "55d7217a4bdc2d86028b456d"
		},
		{
			"_id": "5c6687d65e9d882c8841f121",
			"_tpl": "557ffd194bdc2d28148b457f",
			"parentId": "5c6687d65e9d882c8841f0fd",
			"slotId": "Pockets"
		},
		{
			"_id": "5c6687d65e9d882c8841f0fc",
			"_tpl": "566abbc34bdc2d92178b4576"
		},
		{
			"_id": "5c6687d65e9d882c8841f0ff",
			"_tpl": "5963866b86f7747bfa1c4462"
		},
		{
			"_id": "5c6687d65e9d882c8841f0fe",
			"_tpl": "5963866286f7747bf429b572"
		},
		{
			"_id": "I59618246312007971H4bykw",
			"_tpl": "5d5d8ca986f7742798716522",
			"parentId": "5c6687d65e9d882c8841f0fd",
			"slotId": "TacticalVest"
		},
		{
			"_id": "I33102199244347225huwq4b",
			"_tpl": "57dc2fa62459775949412633",
			"parentId": "5c6687d65e9d882c8841f0fd",
			"slotId": "FirstPrimaryWeapon",
			"upd": {
				"Repairable": {
					"MaxDurability": 100,
					"Durability": 70
				}
			}
		},
		{
			"_id": "I33102198208220368mkoBPf",
			"_tpl": "57e3dba62459770f0c32322b",
			"parentId": "I33102199244347225huwq4b",
			"slotId": "mod_pistol_grip"
		},
		{
			"_id": "I33102191015356994tky48q",
			"_tpl": "57dc347d245977596754e7a1",
			"parentId": "I33102199244347225huwq4b",
			"slotId": "mod_stock"
		},
		{
			"_id": "I59618241265551689iaPk4T",
			"_tpl": "5bed61680db834001d2c45ab",
			"parentId": "I33102199244347225huwq4b",
			"slotId": "mod_magazine"
		},
		{
			"_id": "I59618244329255359pmIi0r",
			"_tpl": "56dff216d2720bbd668b4568",
			"parentId": "I59618241265551689iaPk4T",
			"slotId": "cartridges",
			"upd": {
				"StackObjectsCount": 30
			}
		},
		{
			"_id": "I331021979274565986ipDm6",
			"_tpl": "57dc324a24597759501edc20",
			"parentId": "I33102199244347225huwq4b",
			"slotId": "mod_muzzle"
		},
		{
			"_id": "I33102196100545524E0zoJV",
			"_tpl": "59d36a0086f7747e673f3946",
			"parentId": "I33102199244347225huwq4b",
			"slotId": "mod_gas_block"
		},
		{
			"_id": "I331021985013893897JE7Au",
			"_tpl": "56dfef82d2720bbd668b4567",
			"parentId": "I33102195248896084yCBI6t",
			"slotId": "cartridges",
			"location": 0,
			"upd": {
				"StackObjectsCount": 30
			}
		},
		{
			"_id": "I33102195902080607QLDgOL",
			"_tpl": "57dc32dc245977596d4ef3d3",
			"parentId": "I33102196100545524E0zoJV",
			"slotId": "mod_handguard"
		},
		{
			"_id": "I59618244689881350iLa5Zj",
			"_tpl": "5857a8bc2459772bad15db29",
			"parentId": "5c6687d65e9d882c8841f0fd",
			"slotId": "SecuredContainer"
		},
		{
			"_id": "I59618241474257096XaZvoO",
			"_tpl": "56dff026d2720bb8668b4567",
			"parentId": "I59618244689881350iLa5Zj",
			"slotId": "main",
			"upd": {
				"StackObjectsCount": 60
			}
		},
		{
			"_id": "I59618244360134544BUMl3u",
			"_tpl": "5c0d5e4486f77478390952fe",
			"parentId": "I59618244689881350iLa5Zj",
			"slotId": "main",
			"upd": {
				"StackObjectsCount": 60
			}
		},
		{
			"_id": "I59618243585909239sz97Kb",
			"_tpl": "56dff2ced2720bb4668b4567",
			"parentId": "I59618244689881350iLa5Zj",
			"slotId": "main",
			"upd": {
				"StackObjectsCount": 60
			}
		},
		{
			"_id": "I5961824577426400238WCph",
			"_tpl": "56dff0bed2720bb0668b4567",
			"parentId": "I59618244689881350iLa5Zj",
			"slotId": "main",
			"upd": {
				"StackObjectsCount": 60
			}
		},
		{
			"_id": "I59618245528133960JGtXwK",
			"_tpl": "56dff421d2720b5f5a8b4567",
			"parentId": "I59618244689881350iLa5Zj",
			"slotId": "main",
			"upd": {
				"StackObjectsCount": 60
			}
		},
		{
			"_id": "I596182452408699731JTONs",
			"_tpl": "56dfef82d2720bbd668b4567",
			"parentId": "I59618244689881350iLa5Zj",
			"slotId": "main",
			"upd": {
				"StackObjectsCount": 60
			}
		},
		{
			"_id": "I59618243172263111VBi7K4",
			"_tpl": "56dff216d2720bbd668b4568",
			"parentId": "I59618244689881350iLa5Zj",
			"slotId": "main",
			"upd": {
				"StackObjectsCount": 60
			}
		},
		{
			"_id": "I59618249928036521XlnlKH",
			"_tpl": "56dff026d2720bb8668b4567",
			"parentId": "I59618244689881350iLa5Zj",
			"slotId": "main",
			"upd": {
				"StackObjectsCount": 60
			}
		},
		{
			"_id": "I59618245743141399GKLNEG",
			"_tpl": "56dff3afd2720bba668b4567",
			"parentId": "I59618244689881350iLa5Zj",
			"slotId": "main",
			"upd": {
				"StackObjectsCount": 60
			}
		},
		{
			"_id": "I59618241560407507B2Qc1e",
			"_tpl": "55d480c04bdc2d1d4e8b456a",
			"parentId": "I59618246312007971H4bykw",
			"slotId": "2",
			"location": {
				"x": 0,
				"y": 0,
				"r": "Horizontal"
			}
		},
		{
			"_id": "I59618249542150482URm0RD",
			"_tpl": "56dff4a2d2720bbd668b456a",
			"parentId": "I59618241560407507B2Qc1e",
			"slotId": "cartridges",
			"upd": {
				"StackObjectsCount": 30
			}
		},
		{
			"_id": "I59618249398021397v3Bwls",
			"_tpl": "55d480c04bdc2d1d4e8b456a",
			"parentId": "I59618246312007971H4bykw",
			"slotId": "1",
			"location": {
				"x": 0,
				"y": 0,
				"r": "Horizontal"
			}
		},
		{
			"_id": "I59618248927470234URubZE",
			"_tpl": "56dff4ecd2720b5f5a8b4568",
			"parentId": "I59618249398021397v3Bwls",
			"slotId": "cartridges",
			"upd": {
				"StackObjectsCount": 30
			}
		},
		{
			"_id": "I59618242519937718EAQPZO",
			"_tpl": "55d480c04bdc2d1d4e8b456a",
			"parentId": "I59618246312007971H4bykw",
			"slotId": "1",
			"location": {
				"x": 1,
				"y": 0,
				"r": "Horizontal"
			}
		},
		{
			"_id": "I596182457458253612hoQM7",
			"_tpl": "56dff4a2d2720bbd668b456a",
			"parentId": "I59618242519937718EAQPZO",
			"slotId": "cartridges",
			"upd": {
				"StackObjectsCount": 30
			}
		},
		{
			"_id": "I59618246840625145tAVnYa",
			"_tpl": "5bffdc370db834001d23eca8",
			"parentId": "5c6687d65e9d882c8841f0fd",
			"slotId": "Scabbard"
		},
		{
			"_id": "I59618246845270001MNm7fX",
			"_tpl": "57347cd0245977445a2d6ff1",
			"parentId": "5c6687d65e9d882c8841f121",
			"slotId": "pocket1",
			"location": {
				"x": 0,
				"y": 0,
				"r": "Horizontal"
			},
			"upd": {
				"SpawnedInSession": true
			}
		}
	],
	"equipment": "5c6687d65e9d882c8841f0fd",
	"stash": "5c6687d65e9d882c8841f0fc",
	"questRaidItems": "5c6687d65e9d882c8841f0fe",
	"questStashItems": "5c6687d65e9d882c8841f0ff",
	"fastPanel": {}
}