{
	"items": [
		{
			"_id": "5c6687d65e9d882c8841f0fd",
			"_tpl": "55d7217a4bdc2d86028b456d"
		},
		{
			"_id": "5c6687d65e9d882c8841f121",
			"_tpl": "557ffd194bdc2d28148b457f",
			"parentId": "5c6687d65e9d882c8841f0fd",
			"slotId": "Pockets"
		},
		{
			"_id": "5c6687d65e9d882c8841f0fc",
			"_tpl": "566abbc34bdc2d92178b4576"
		},
		{
			"_id": "5c6687d65e9d882c8841f0ff",
			"_tpl": "5963866b86f7747bfa1c4462"
		},
		{
			"_id": "5c6687d65e9d882c8841f0fe",
			"_tpl": "5963866286f7747bf429b572"
		},
		{
			"_id": "I59618246709656367NSOLb0",
			"_tpl": "5929a2a086f7744f4b234d43",
			"parentId": "5c6687d65e9d882c8841f0fd",
			"slotId": "TacticalVest"
		},
		{
			"_id": "I210012489142044917LZKf8",
			"_tpl": "5c46fbd72e2216398b5a8c9c",
			"parentId": "5c6687d65e9d882c8841f0fd",
			"slotId": "FirstPrimaryWeapon",
			"upd": {
				"Repairable": {
					"MaxDurability": 100,
					"Durability": 58
				}
			}
		},
		{
			"_id": "I210012485846391148VV2AU",
			"_tpl": "5c471be12e221602b66cd9ac",
			"parentId": "I210012489142044917LZKf8",
			"slotId": "mod_pistol_grip"
		},
		{
			"_id": "I59618248883993538XYph7U",
			"_tpl": "5c88f24b2e22160bc12c69a6",
			"parentId": "I210012489142044917LZKf8",
			"slotId": "mod_magazine"
		},
		{
			"_id": "I59618245762686030I6L3Ce",
			"_tpl": "5e023d34e8a400319a28ed44",
			"parentId": "I59618248883993538XYph7U",
			"slotId": "cartridges",
			"upd": {
				"StackObjectsCount": 20
			}
		},
		{
			"_id": "I210012483427956684eRPqv",
			"_tpl": "5c471b5d2e221602b21d4e14",
			"parentId": "I210012489142044917LZKf8",
			"slotId": "mod_stock"
		},
		{
			"_id": "I2100124849072296905iXSa",
			"_tpl": "5c471cb32e221602b177afaa",
			"parentId": "I210012489142044917LZKf8",
			"slotId": "mod_barrel"
		},
		{
			"_id": "I210012488006262411wvHMV",
			"_tpl": "5c471c2d2e22164bef5d077f",
			"parentId": "I210012489142044917LZKf8",
			"slotId": "mod_mount_001"
		},
		{
			"_id": "I210012487401403888mKyVc",
			"_tpl": "5c471bd12e221602b4129c3a",
			"parentId": "I210012489142044917LZKf8",
			"slotId": "mod_reciever"
		},
		{
			"_id": "I210012487949708602ImTzH",
			"_tpl": "5c471bfc2e221602b21d4e17",
			"parentId": "I2100124849072296905iXSa",
			"slotId": "mod_muzzle"
		},
		{
			"_id": "I210012482020952631a37vN",
			"_tpl": "5c471c842e221615214259b5",
			"parentId": "I2100124849072296905iXSa",
			"slotId": "mod_gas_block"
		},
		{
			"_id": "I210012489020313610a51fp",
			"_tpl": "5c471c6c2e221602b66cd9ae",
			"parentId": "I210012488006262411wvHMV",
			"slotId": "mod_handguard"
		},
		{
			"_id": "I210012481313554660DjPCF",
			"_tpl": "5c471b7e2e2216152006e46c",
			"parentId": "I210012488006262411wvHMV",
			"slotId": "mod_sight_rear",
			"upd": {
				"Sight": {
					"SelectedSightMode": 0
				}
			}
		},
		{
			"_id": "I210012485847750105eKuEN",
			"_tpl": "5c471ba12e221602b3137d76",
			"parentId": "I210012487949708602ImTzH",
			"slotId": "mod_sight_front",
			"upd": {
				"Sight": {
					"SelectedSightMode": 0
				}
			}
		},
		{
			"_id": "I59618244246704824bU543K",
			"_tpl": "5857a8bc2459772bad15db29",
			"parentId": "5c6687d65e9d882c8841f0fd",
			"slotId": "SecuredContainer"
		},
		{
			"_id": "I59618245212082069YzooyQ",
			"_tpl": "5e023d48186a883be655e551",
			"parentId": "I59618244246704824bU543K",
			"slotId": "main",
			"upd": {
				"StackObjectsCount": 60
			}
		},
		{
			"_id": "I59618248069959169dqCLOz",
			"_tpl": "5e023d34e8a400319a28ed44",
			"parentId": "I59618244246704824bU543K",
			"slotId": "main",
			"upd": {
				"StackObjectsCount": 60
			}
		},
		{
			"_id": "I59618242783921282ps3ZYK",
			"_tpl": "5887431f2459777e1612938f",
			"parentId": "I59618244246704824bU543K",
			"slotId": "main",
			"upd": {
				"StackObjectsCount": 60
			}
		},
		{
			"_id": "I59618242464449752oQXBPG",
			"_tpl": "5e023d34e8a400319a28ed44",
			"parentId": "I59618244246704824bU543K",
			"slotId": "main",
			"upd": {
				"StackObjectsCount": 60
			}
		},
		{
			"_id": "I5961824431870085662vsyQ",
			"_tpl": "5e023d34e8a400319a28ed44",
			"parentId": "I59618244246704824bU543K",
			"slotId": "main",
			"upd": {
				"StackObjectsCount": 60
			}
		},
		{
			"_id": "I59618243674595987ITlIrU",
			"_tpl": "5e023d48186a883be655e551",
			"parentId": "I59618244246704824bU543K",
			"slotId": "main",
			"upd": {
				"StackObjectsCount": 60
			}
		},
		{
			"_id": "I59618242552419155W7ab8d",
			"_tpl": "560d61e84bdc2da74d8b4571",
			"parentId": "I59618244246704824bU543K",
			"slotId": "main",
			"upd": {
				"StackObjectsCount": 60
			}
		},
		{
			"_id": "I59618242632188849GcAEzp",
			"_tpl": "5e023d34e8a400319a28ed44",
			"parentId": "I59618244246704824bU543K",
			"slotId": "main",
			"upd": {
				"StackObjectsCount": 60
			}
		},
		{
			"_id": "I59618242522471774ibvG9Y",
			"_tpl": "5e023d34e8a400319a28ed44",
			"parentId": "I59618244246704824bU543K",
			"slotId": "main",
			"upd": {
				"StackObjectsCount": 60
			}
		},
		{
			"_id": "I59618245302896508ornKRK",
			"_tpl": "5c88f24b2e22160bc12c69a6",
			"parentId": "I59618246709656367NSOLb0",
			"slotId": "3",
			"location": {
				"x": 0,
				"y": 0,
				"r": "Horizontal"
			}
		},
		{
			"_id": "I59618243450328992YtLg3s",
			"_tpl": "5887431f2459777e1612938f",
			"parentId": "I59618245302896508ornKRK",
			"slotId": "cartridges",
			"upd": {
				"StackObjectsCount": 20
			}
		},
		{
			"_id": "I59618247315081570rfBZ2O",
			"_tpl": "5c88f24b2e22160bc12c69a6",
			"parentId": "I59618246709656367NSOLb0",
			"slotId": "5",
			"location": {
				"x": 0,
				"y": 0,
				"r": "Horizontal"
			}
		},
		{
			"_id": "I59618245839413522qWSu3a",
			"_tpl": "5e023d48186a883be655e551",
			"parentId": "I59618247315081570rfBZ2O",
			"slotId": "cartridges",
			"upd": {
				"StackObjectsCount": 20
			}
		},
		{
			"_id": "I59618245940439245P5fkrM",
			"_tpl": "5e32f56fcb6d5863cc5e5ee4",
			"parentId": "I59618246709656367NSOLb0",
			"slotId": "1"
		},
		{
			"_id": "I59618245244712265KvkKFe",
			"_tpl": "58d3db5386f77426186285a0",
			"parentId": "I59618246709656367NSOLb0",
			"slotId": "8"
		},
		{
			"_id": "I596182427697521650abwYl",
			"_tpl": "5bffdc370db834001d23eca8",
			"parentId": "5c6687d65e9d882c8841f0fd",
			"slotId": "Scabbard"
		},
		{
			"_id": "I59618244104597114jnbLrD",
			"_tpl": "5a43943586f77416ad2f06e2",
			"parentId": "5c6687d65e9d882c8841f0fd",
			"slotId": "Headwear"
		},
		{
			"_id": "I5961824339962498301noJL",
			"_tpl": "5aa2b9aee5b5b00015693121",
			"parentId": "5c6687d65e9d882c8841f0fd",
			"slotId": "Eyewear"
		},
		{
			"_id": "I59618242253375835dXrYsO",
			"_tpl": "5ab8f04f86f774585f4237d8",
			"parentId": "5c6687d65e9d882c8841f0fd",
			"slotId": "Backpack"
		},
		{
			"_id": "I59618242750637157iwKtDo",
			"_tpl": "57347d3d245977448f7b7f61",
			"parentId": "I59618242253375835dXrYsO",
			"slotId": "main",
			"location": {
				"x": 0,
				"y": 0,
				"r": "Horizontal"
			}
		},
		{
			"_id": "I59618242303124665jc3BM5",
			"_tpl": "5d1c774f86f7746d6620f8db",
			"parentId": "5c6687d65e9d882c8841f121",
			"slotId": "pocket1",
			"location": {
				"x": 0,
				"y": 0,
				"r": "Horizontal"
			},
			"upd": {
				"SpawnedInSession": true
			}
		},
		{
			"_id": "I596182466817147655HxgAK",
			"_tpl": "5af0561e86f7745f5f3ad6ac",
			"parentId": "5c6687d65e9d882c8841f121",
			"slotId": "pocket2",
			"location": {
				"x": 0,
				"y": 0,
				"r": "Horizontal"
			},
			"upd": {
				"SpawnedInSession": true
			}
		}
	],
	"equipment": "5c6687d65e9d882c8841f0fd",
	"stash": "5c6687d65e9d882c8841f0fc",
	"questRaidItems": "5c6687d65e9d882c8841f0fe",
	"questStashItems": "5c6687d65e9d882c8841f0ff",
	"fastPanel": {}
}