{
	"items": [
		{
			"_id": "5c6687d65e9d882c8841f0fd",
			"_tpl": "55d7217a4bdc2d86028b456d"
		},
		{
			"_id": "5c6687d65e9d882c8841f121",
			"_tpl": "557ffd194bdc2d28148b457f",
			"parentId": "5c6687d65e9d882c8841f0fd",
			"slotId": "Pockets"
		},
		{
			"_id": "5c6687d65e9d882c8841f0fc",
			"_tpl": "566abbc34bdc2d92178b4576"
		},
		{
			"_id": "5c6687d65e9d882c8841f0ff",
			"_tpl": "5963866b86f7747bfa1c4462"
		},
		{
			"_id": "5c6687d65e9d882c8841f0fe",
			"_tpl": "5963866286f7747bf429b572"
		},
		{
			"_id": "I59618248417999204nj3417",
			"_tpl": "5b44c8ea86f7742d1627baf1",
			"parentId": "5c6687d65e9d882c8841f0fd",
			"slotId": "TacticalVest"
		},
		{
			"_id": "I33102615285729805BpeH3v",
			"_tpl": "59ff346386f77477562ff5e2",
			"parentId": "5c6687d65e9d882c8841f0fd",
			"slotId": "FirstPrimaryWeapon",
			"upd": {
				"Repairable": {
					"MaxDurability": 100,
					"Durability": 18
				}
			}
		},
		{
			"_id": "I33102612029700293jgeopH",
			"_tpl": "59d64ec286f774171d1e0a42",
			"parentId": "I33102615285729805BpeH3v",
			"slotId": "mod_gas_block"
		},
		{
			"_id": "I33102613216251959atPONU",
			"_tpl": "59d64fc686f774171b243fe2",
			"parentId": "I33102615285729805BpeH3v",
			"slotId": "mod_muzzle"
		},
		{
			"_id": "I33102619298099733yDQTWu",
			"_tpl": "5a0071d486f77404e23a12b2",
			"parentId": "I33102615285729805BpeH3v",
			"slotId": "mod_pistol_grip_akms"
		},
		{
			"_id": "I33102611315670875BhG3QD",
			"_tpl": "59d650cf86f7741b846413a4",
			"parentId": "I33102615285729805BpeH3v",
			"slotId": "mod_sight_rear",
			"upd": {
				"Sight": {
					"SelectedSightMode": 0
				}
			}
		},
		{
			"_id": "I331026189567065448JdFpI",
			"_tpl": "59ff3b6a86f77477562ff5ed",
			"parentId": "I33102615285729805BpeH3v",
			"slotId": "mod_stock_akms"
		},
		{
			"_id": "I596182442698513487IZPBl",
			"_tpl": "59d625f086f774661516605d",
			"parentId": "I33102615285729805BpeH3v",
			"slotId": "mod_magazine"
		},
		{
			"_id": "I596182449068648157dkz9a",
			"_tpl": "59e4cf5286f7741778269d8a",
			"parentId": "I596182442698513487IZPBl",
			"slotId": "cartridges",
			"upd": {
				"StackObjectsCount": 30
			}
		},
		{
			"_id": "I33102618101010194Kc0nC5",
			"_tpl": "59d64f2f86f77417193ef8b3",
			"parentId": "I33102612029700293jgeopH",
			"slotId": "mod_handguard"
		},
		{
			"_id": "I59618245386900732E08zI7",
			"_tpl": "5857a8bc2459772bad15db29",
			"parentId": "5c6687d65e9d882c8841f0fd",
			"slotId": "SecuredContainer"
		},
		{
			"_id": "I596182467265652344HfG9Y",
			"_tpl": "59e4d24686f7741776641ac7",
			"parentId": "I59618245386900732E08zI7",
			"slotId": "main",
			"upd": {
				"StackObjectsCount": 60
			}
		},
		{
			"_id": "I59618242080562590de7LTZ",
			"_tpl": "59e0d99486f7744a32234762",
			"parentId": "I59618245386900732E08zI7",
			"slotId": "main",
			"upd": {
				"StackObjectsCount": 60
			}
		},
		{
			"_id": "I59618241608579606DhCooD",
			"_tpl": "59e4d3d286f774176a36250a",
			"parentId": "I59618245386900732E08zI7",
			"slotId": "main",
			"upd": {
				"StackObjectsCount": 60
			}
		},
		{
			"_id": "I59618246540257559NMnoUI",
			"_tpl": "59e4cf5286f7741778269d8a",
			"parentId": "I59618245386900732E08zI7",
			"slotId": "main",
			"upd": {
				"StackObjectsCount": 60
			}
		},
		{
			"_id": "I596182439610885519pKjeV",
			"_tpl": "59e4d24686f7741776641ac7",
			"parentId": "I59618245386900732E08zI7",
			"slotId": "main",
			"upd": {
				"StackObjectsCount": 60
			}
		},
		{
			"_id": "I59618243517337135T8K7fK",
			"_tpl": "59e4d3d286f774176a36250a",
			"parentId": "I59618245386900732E08zI7",
			"slotId": "main",
			"upd": {
				"StackObjectsCount": 60
			}
		},
		{
			"_id": "I596182437031342296FJFb4",
			"_tpl": "59e4d24686f7741776641ac7",
			"parentId": "I59618245386900732E08zI7",
			"slotId": "main",
			"upd": {
				"StackObjectsCount": 60
			}
		},
		{
			"_id": "I59618242397393134ixrXsV",
			"_tpl": "59e0d99486f7744a32234762",
			"parentId": "I59618245386900732E08zI7",
			"slotId": "main",
			"upd": {
				"StackObjectsCount": 60
			}
		},
		{
			"_id": "I59618246503841402GKb4Fs",
			"_tpl": "59e4cf5286f7741778269d8a",
			"parentId": "I59618245386900732E08zI7",
			"slotId": "main",
			"upd": {
				"StackObjectsCount": 60
			}
		},
		{
			"_id": "I59618244257631117QmUgMf",
			"_tpl": "59fafc9386f774067d462453",
			"parentId": "I59618248417999204nj3417",
			"slotId": "1",
			"location": {
				"x": 0,
				"y": 0,
				"r": "Horizontal"
			}
		},
		{
			"_id": "I59618241599631051zSiDGy",
			"_tpl": "5656d7c34bdc2d9d198b4587",
			"parentId": "I59618244257631117QmUgMf",
			"slotId": "cartridges",
			"upd": {
				"StackObjectsCount": 30
			}
		},
		{
			"_id": "I5961824990767399922vOtP",
			"_tpl": "59fafc9386f774067d462453",
			"parentId": "I59618248417999204nj3417",
			"slotId": "3",
			"location": {
				"x": 0,
				"y": 0,
				"r": "Horizontal"
			}
		},
		{
			"_id": "I59618246103732440gMfWDq",
			"_tpl": "59e4cf5286f7741778269d8a",
			"parentId": "I5961824990767399922vOtP",
			"slotId": "cartridges",
			"upd": {
				"StackObjectsCount": 30
			}
		},
		{
			"_id": "I59618244300063217yMPIqb",
			"_tpl": "59fafc9386f774067d462453",
			"parentId": "I59618248417999204nj3417",
			"slotId": "5",
			"location": {
				"x": 0,
				"y": 0,
				"r": "Horizontal"
			}
		},
		{
			"_id": "I59618246495065492pOT9q3",
			"_tpl": "5656d7c34bdc2d9d198b4587",
			"parentId": "I59618244300063217yMPIqb",
			"slotId": "cartridges",
			"upd": {
				"StackObjectsCount": 30
			}
		},
		{
			"_id": "I596182414419507550R1pbR",
			"_tpl": "59fafc9386f774067d462453",
			"parentId": "I59618248417999204nj3417",
			"slotId": "8",
			"location": {
				"x": 0,
				"y": 0,
				"r": "Horizontal"
			}
		},
		{
			"_id": "I59618244796893610xFeI7B",
			"_tpl": "59e4d24686f7741776641ac7",
			"parentId": "I596182414419507550R1pbR",
			"slotId": "cartridges",
			"upd": {
				"StackObjectsCount": 30
			}
		},
		{
			"_id": "I59618242835708645pCewsB",
			"_tpl": "54491bb74bdc2d09088b4567",
			"parentId": "5c6687d65e9d882c8841f0fd",
			"slotId": "Scabbard"
		},
		{
			"_id": "I596182415688993578FQRXh",
			"_tpl": "5b432be65acfc433000ed01f",
			"parentId": "5c6687d65e9d882c8841f0fd",
			"slotId": "Eyewear"
		},
		{
			"_id": "I59618245061460077nYcnPu",
			"_tpl": "572b7f1624597762ae139822",
			"parentId": "5c6687d65e9d882c8841f0fd",
			"slotId": "FaceCover"
		},
		{
			"_id": "I59618245167119988Kd18CP",
			"_tpl": "59e7635f86f7742cbf2c1095",
			"parentId": "5c6687d65e9d882c8841f0fd",
			"slotId": "ArmorVest",
			"upd": {
				"Repairable": {
					"MaxDurability": 40,
					"Durability": 21
				}
			}
		},
		{
			"_id": "I59618246824169971BRNHZx",
			"_tpl": "5bc9c29cd4351e003562b8a3",
			"parentId": "5c6687d65e9d882c8841f121",
			"slotId": "pocket1",
			"location": {
				"x": 0,
				"y": 0,
				"r": "Horizontal"
			},
			"upd": {
				"SpawnedInSession": true
			}
		},
		{
			"_id": "I59618244334184702xGIlft",
			"_tpl": "5bc9b355d4351e6d1509862a",
			"parentId": "5c6687d65e9d882c8841f121",
			"slotId": "pocket2",
			"location": {
				"x": 0,
				"y": 0,
				"r": "Horizontal"
			},
			"upd": {
				"SpawnedInSession": true
			}
		}
	],
	"equipment": "5c6687d65e9d882c8841f0fd",
	"stash": "5c6687d65e9d882c8841f0fc",
	"questRaidItems": "5c6687d65e9d882c8841f0fe",
	"questStashItems": "5c6687d65e9d882c8841f0ff",
	"fastPanel": {}
}