{
	"items": [
		{
			"_id": "5c6687d65e9d882c8841f0fd",
			"_tpl": "55d7217a4bdc2d86028b456d"
		},
		{
			"_id": "5c6687d65e9d882c8841f121",
			"_tpl": "557ffd194bdc2d28148b457f",
			"parentId": "5c6687d65e9d882c8841f0fd",
			"slotId": "Pockets"
		},
		{
			"_id": "5c6687d65e9d882c8841f0fc",
			"_tpl": "566abbc34bdc2d92178b4576"
		},
		{
			"_id": "5c6687d65e9d882c8841f0ff",
			"_tpl": "5963866b86f7747bfa1c4462"
		},
		{
			"_id": "5c6687d65e9d882c8841f0fe",
			"_tpl": "5963866286f7747bf429b572"
		},
		{
			"_id": "I59618246328191940QhrjTH",
			"_tpl": "5c0e446786f7742013381639",
			"parentId": "5c6687d65e9d882c8841f0fd",
			"slotId": "TacticalVest"
		},
		{
			"_id": "I331026169324894193hVST9",
			"_tpl": "59ff346386f77477562ff5e2",
			"parentId": "5c6687d65e9d882c8841f0fd",
			"slotId": "FirstPrimaryWeapon",
			"upd": {
				"Repairable": {
					"MaxDurability": 100,
					"Durability": 68
				}
			}
		},
		{
			"_id": "I331026168753143430sqW9i",
			"_tpl": "59d64ec286f774171d1e0a42",
			"parentId": "I331026169324894193hVST9",
			"slotId": "mod_gas_block"
		},
		{
			"_id": "I3310261683777674139F0RI",
			"_tpl": "59d64fc686f774171b243fe2",
			"parentId": "I331026169324894193hVST9",
			"slotId": "mod_muzzle"
		},
		{
			"_id": "I331026161738345055NgLoy",
			"_tpl": "5a0071d486f77404e23a12b2",
			"parentId": "I331026169324894193hVST9",
			"slotId": "mod_pistol_grip_akms"
		},
		{
			"_id": "I3310261687205762459cl4d",
			"_tpl": "59d6507c86f7741b846413a2",
			"parentId": "I331026169324894193hVST9",
			"slotId": "mod_reciever"
		},
		{
			"_id": "I331026167969922190AWPkj",
			"_tpl": "59d650cf86f7741b846413a4",
			"parentId": "I331026169324894193hVST9",
			"slotId": "mod_sight_rear",
			"upd": {
				"Sight": {
					"SelectedSightMode": 0
				}
			}
		},
		{
			"_id": "I59618243525847646oElHtc",
			"_tpl": "59e5d83b86f7745aed03d262",
			"parentId": "I331026169324894193hVST9",
			"slotId": "mod_magazine"
		},
		{
			"_id": "I596182485724802029rzAks",
			"_tpl": "59e0d99486f7744a32234762",
			"parentId": "I59618243525847646oElHtc",
			"slotId": "cartridges",
			"upd": {
				"StackObjectsCount": 10
			}
		},
		{
			"_id": "I331026164823259811pEEIR",
			"_tpl": "59d64f2f86f77417193ef8b3",
			"parentId": "I331026168753143430sqW9i",
			"slotId": "mod_handguard"
		},
		{
			"_id": "I59618248063929336iOg0Li",
			"_tpl": "5857a8bc2459772bad15db29",
			"parentId": "5c6687d65e9d882c8841f0fd",
			"slotId": "SecuredContainer"
		},
		{
			"_id": "I59618242641968452sqLZGj",
			"_tpl": "59e0d99486f7744a32234762",
			"parentId": "I59618248063929336iOg0Li",
			"slotId": "main",
			"upd": {
				"StackObjectsCount": 60
			}
		},
		{
			"_id": "I59618241438796239GUQZPL",
			"_tpl": "59e0d99486f7744a32234762",
			"parentId": "I59618248063929336iOg0Li",
			"slotId": "main",
			"upd": {
				"StackObjectsCount": 60
			}
		},
		{
			"_id": "I59618242814485698HSu93P",
			"_tpl": "59e0d99486f7744a32234762",
			"parentId": "I59618248063929336iOg0Li",
			"slotId": "main",
			"upd": {
				"StackObjectsCount": 60
			}
		},
		{
			"_id": "I59618243619688367mh1GFb",
			"_tpl": "59e4d24686f7741776641ac7",
			"parentId": "I59618248063929336iOg0Li",
			"slotId": "main",
			"upd": {
				"StackObjectsCount": 60
			}
		},
		{
			"_id": "I596182488006937816uvHuj",
			"_tpl": "59e4d3d286f774176a36250a",
			"parentId": "I59618248063929336iOg0Li",
			"slotId": "main",
			"upd": {
				"StackObjectsCount": 60
			}
		},
		{
			"_id": "I59618246820475292qrUCo1",
			"_tpl": "59e0d99486f7744a32234762",
			"parentId": "I59618248063929336iOg0Li",
			"slotId": "main",
			"upd": {
				"StackObjectsCount": 60
			}
		},
		{
			"_id": "I59618244552648855XPyPdb",
			"_tpl": "59e0d99486f7744a32234762",
			"parentId": "I59618248063929336iOg0Li",
			"slotId": "main",
			"upd": {
				"StackObjectsCount": 60
			}
		},
		{
			"_id": "I59618242819194164aZhz3N",
			"_tpl": "5656d7c34bdc2d9d198b4587",
			"parentId": "I59618248063929336iOg0Li",
			"slotId": "main",
			"upd": {
				"StackObjectsCount": 60
			}
		},
		{
			"_id": "I59618244553428914lZnRi3",
			"_tpl": "5656d7c34bdc2d9d198b4587",
			"parentId": "I59618248063929336iOg0Li",
			"slotId": "main",
			"upd": {
				"StackObjectsCount": 60
			}
		},
		{
			"_id": "I59618246029251761pL4zMu",
			"_tpl": "59e5d83b86f7745aed03d262",
			"parentId": "I59618246328191940QhrjTH",
			"slotId": "1",
			"location": {
				"x": 0,
				"y": 0,
				"r": "Horizontal"
			}
		},
		{
			"_id": "I596182433937651005Ksx6h",
			"_tpl": "59e4d24686f7741776641ac7",
			"parentId": "I59618246029251761pL4zMu",
			"slotId": "cartridges",
			"upd": {
				"StackObjectsCount": 10
			}
		},
		{
			"_id": "I59618247421765522x5roUU",
			"_tpl": "59e5d83b86f7745aed03d262",
			"parentId": "I59618246328191940QhrjTH",
			"slotId": "1",
			"location": {
				"x": 0,
				"y": 1,
				"r": "Horizontal"
			}
		},
		{
			"_id": "I59618241300611319Y5f3wh",
			"_tpl": "5656d7c34bdc2d9d198b4587",
			"parentId": "I59618247421765522x5roUU",
			"slotId": "cartridges",
			"upd": {
				"StackObjectsCount": 10
			}
		},
		{
			"_id": "I59618248907519186V06uE2",
			"_tpl": "59e5d83b86f7745aed03d262",
			"parentId": "I59618246328191940QhrjTH",
			"slotId": "3",
			"location": {
				"x": 0,
				"y": 1,
				"r": "Horizontal"
			}
		},
		{
			"_id": "I59618246893226628PxqaET",
			"_tpl": "59e0d99486f7744a32234762",
			"parentId": "I59618248907519186V06uE2",
			"slotId": "cartridges",
			"upd": {
				"StackObjectsCount": 10
			}
		},
		{
			"_id": "I59618245519557528v3T9SO",
			"_tpl": "5bffdc370db834001d23eca8",
			"parentId": "5c6687d65e9d882c8841f0fd",
			"slotId": "Scabbard"
		},
		{
			"_id": "I59618244393484671VOMltn",
			"_tpl": "5c0d2727d174af02a012cf58",
			"parentId": "5c6687d65e9d882c8841f0fd",
			"slotId": "Headwear"
		},
		{
			"_id": "I596182430969274757Vrhux",
			"_tpl": "5ab8f04f86f774585f4237d8",
			"parentId": "5c6687d65e9d882c8841f0fd",
			"slotId": "Backpack"
		},
		{
			"_id": "I59618245643666535DcX2s7",
			"_tpl": "57347c1124597737fb1379e3",
			"parentId": "I596182430969274757Vrhux",
			"slotId": "main",
			"location": {
				"x": 0,
				"y": 0,
				"r": "Horizontal"
			}
		},
		{
			"_id": "I59618248106616334DCB1hg",
			"_tpl": "5c0e541586f7747fa54205c9",
			"parentId": "5c6687d65e9d882c8841f0fd",
			"slotId": "ArmorVest",
			"upd": {
				"Repairable": {
					"MaxDurability": 60,
					"Durability": 20
				}
			}
		},
		{
			"_id": "I596182489355721961xe9gz",
			"_tpl": "5c13cef886f774072e618e82",
			"parentId": "5c6687d65e9d882c8841f121",
			"slotId": "pocket1",
			"location": {
				"x": 0,
				"y": 0,
				"r": "Horizontal"
			},
			"upd": {
				"SpawnedInSession": true
			}
		}
	],
	"equipment": "5c6687d65e9d882c8841f0fd",
	"stash": "5c6687d65e9d882c8841f0fc",
	"questRaidItems": "5c6687d65e9d882c8841f0fe",
	"questStashItems": "5c6687d65e9d882c8841f0ff",
	"fastPanel": {}
}