{
	"items": [
		{
			"_id": "5c6687d65e9d882c8841f0fd",
			"_tpl": "55d7217a4bdc2d86028b456d"
		},
		{
			"_id": "5c6687d65e9d882c8841f121",
			"_tpl": "557ffd194bdc2d28148b457f",
			"parentId": "5c6687d65e9d882c8841f0fd",
			"slotId": "Pockets"
		},
		{
			"_id": "5c6687d65e9d882c8841f0fc",
			"_tpl": "566abbc34bdc2d92178b4576"
		},
		{
			"_id": "5c6687d65e9d882c8841f0ff",
			"_tpl": "5963866b86f7747bfa1c4462"
		},
		{
			"_id": "5c6687d65e9d882c8841f0fe",
			"_tpl": "5963866286f7747bf429b572"
		},
		{
			"_id": "I59618242806901800hqFUAY",
			"_tpl": "5ca20abf86f77418567a43f2",
			"parentId": "5c6687d65e9d882c8841f0fd",
			"slotId": "TacticalVest"
		},
		{
			"_id": "I210052368901397744h44Cu",
			"_tpl": "5b0bbe4e5acfc40dc528a72d",
			"parentId": "5c6687d65e9d882c8841f0fd",
			"slotId": "FirstPrimaryWeapon",
			"upd": {
				"Repairable": {
					"MaxDurability": 100,
					"Durability": 57
				}
			}
		},
		{
			"_id": "I210052365623104212H4iai",
			"_tpl": "5b099b965acfc400186331e6",
			"parentId": "I210052368901397744h44Cu",
			"slotId": "mod_pistol_grip"
		},
		{
			"_id": "I59618246113621817uBz3q4",
			"_tpl": "5b7bef9c5acfc43d102852ec",
			"parentId": "I210052368901397744h44Cu",
			"slotId": "mod_magazine"
		},
		{
			"_id": "I59618246238971261NtxgXQ",
			"_tpl": "5e023e88277cce2b522ff2b1",
			"parentId": "I59618246113621817uBz3q4",
			"slotId": "cartridges",
			"upd": {
				"StackObjectsCount": 50
			}
		},
		{
			"_id": "I2100523626113840906ZKW4",
			"_tpl": "5b7bed205acfc400161d08cc",
			"parentId": "I210052368901397744h44Cu",
			"slotId": "mod_handguard"
		},
		{
			"_id": "I210052364622688952JEktG",
			"_tpl": "5b7be1265acfc400161d0798",
			"parentId": "I210052368901397744h44Cu",
			"slotId": "mod_barrel"
		},
		{
			"_id": "I210052368686631120p1sRz",
			"_tpl": "5b0bc22d5acfc47a8607f085",
			"parentId": "I210052368901397744h44Cu",
			"slotId": "mod_sight_rear",
			"upd": {
				"Sight": {
					"SelectedSightMode": 0
				}
			}
		},
		{
			"_id": "I210052368761698429p0sEM",
			"_tpl": "5b7d63cf5acfc4001876c8df",
			"parentId": "I210052368901397744h44Cu",
			"slotId": "mod_stock"
		},
		{
			"_id": "I59618247597707542P0fmRy",
			"_tpl": "5857a8bc2459772bad15db29",
			"parentId": "5c6687d65e9d882c8841f0fd",
			"slotId": "SecuredContainer"
		},
		{
			"_id": "I59618249149070994LBhgHN",
			"_tpl": "5e023e53d4353e3302577c4c",
			"parentId": "I59618247597707542P0fmRy",
			"slotId": "main",
			"upd": {
				"StackObjectsCount": 60
			}
		},
		{
			"_id": "I59618246021471107tUXIpG",
			"_tpl": "5e023e88277cce2b522ff2b1",
			"parentId": "I59618247597707542P0fmRy",
			"slotId": "main",
			"upd": {
				"StackObjectsCount": 60
			}
		},
		{
			"_id": "I59618245603021973C3eTus",
			"_tpl": "5e023e88277cce2b522ff2b1",
			"parentId": "I59618247597707542P0fmRy",
			"slotId": "main",
			"upd": {
				"StackObjectsCount": 60
			}
		},
		{
			"_id": "I59618249837604600YIIhxV",
			"_tpl": "5e023e6e34d52a55c3304f71",
			"parentId": "I59618247597707542P0fmRy",
			"slotId": "main",
			"upd": {
				"StackObjectsCount": 60
			}
		},
		{
			"_id": "I59618246600631893XBWptW",
			"_tpl": "5e023e53d4353e3302577c4c",
			"parentId": "I59618247597707542P0fmRy",
			"slotId": "main",
			"upd": {
				"StackObjectsCount": 60
			}
		},
		{
			"_id": "I59618245070036550rbDtp3",
			"_tpl": "5a608bf24f39f98ffc77720e",
			"parentId": "I59618247597707542P0fmRy",
			"slotId": "main",
			"upd": {
				"StackObjectsCount": 60
			}
		},
		{
			"_id": "I59618245680710958zJZHN6",
			"_tpl": "5e023e53d4353e3302577c4c",
			"parentId": "I59618247597707542P0fmRy",
			"slotId": "main",
			"upd": {
				"StackObjectsCount": 60
			}
		},
		{
			"_id": "I59618249847828745HwPQXS",
			"_tpl": "5a6086ea4f39f99cd479502f",
			"parentId": "I59618247597707542P0fmRy",
			"slotId": "main",
			"upd": {
				"StackObjectsCount": 60
			}
		},
		{
			"_id": "I59618247408845067I75BCL",
			"_tpl": "58dd3ad986f77403051cba8f",
			"parentId": "I59618247597707542P0fmRy",
			"slotId": "main",
			"upd": {
				"StackObjectsCount": 60
			}
		},
		{
			"_id": "I21001757668557060Bjv1eC",
			"_tpl": "571a12c42459771f627b58a0",
			"parentId": "5c6687d65e9d882c8841f0fd",
			"slotId": "Holster",
			"upd": {
				"Repairable": {
					"MaxDurability": 100,
					"Durability": 14
				}
			}
		},
		{
			"_id": "I21001752545861522Hrs7bx",
			"_tpl": "571a26d524597720680fbe8a",
			"parentId": "I21001757668557060Bjv1eC",
			"slotId": "mod_barrel"
		},
		{
			"_id": "I21001756958578917Q4Swdx",
			"_tpl": "571a282c2459771fb2755a69",
			"parentId": "I21001757668557060Bjv1eC",
			"slotId": "mod_pistol_grip"
		},
		{
			"_id": "I596182496401791450ZX2a0",
			"_tpl": "5736026a245977644601dc61",
			"parentId": "I21001752964453656ilQvg2",
			"slotId": "cartridges",
			"upd": {
				"StackObjectsCount": 8
			}
		},
		{
			"_id": "I21001752964453656ilQvg2",
			"_tpl": "571a29dc2459771fb2755a6a",
			"parentId": "I21001757668557060Bjv1eC",
			"slotId": "mod_magazine"
		},
		{
			"_id": "I59618247402514564wVaeP3",
			"_tpl": "5b099ac65acfc400186331e1",
			"parentId": "I59618242806901800hqFUAY",
			"slotId": "2",
			"location": {
				"x": 0,
				"y": 0,
				"r": "Horizontal"
			}
		},
		{
			"_id": "I59618241610193655ei2xED",
			"_tpl": "5e023e6e34d52a55c3304f71",
			"parentId": "I59618247402514564wVaeP3",
			"slotId": "cartridges",
			"upd": {
				"StackObjectsCount": 20
			}
		},
		{
			"_id": "I59618241886485541G6g73N",
			"_tpl": "5b099ac65acfc400186331e1",
			"parentId": "I59618242806901800hqFUAY",
			"slotId": "4",
			"location": {
				"x": 0,
				"y": 0,
				"r": "Horizontal"
			}
		},
		{
			"_id": "I59618244651874470PAW6lo",
			"_tpl": "5e023e53d4353e3302577c4c",
			"parentId": "I59618241886485541G6g73N",
			"slotId": "cartridges",
			"upd": {
				"StackObjectsCount": 20
			}
		},
		{
			"_id": "I59618244729638189gir6Fu",
			"_tpl": "5b099ac65acfc400186331e1",
			"parentId": "I59618242806901800hqFUAY",
			"slotId": "6",
			"location": {
				"x": 0,
				"y": 0,
				"r": "Horizontal"
			}
		},
		{
			"_id": "I59618242345546848eUjB4U",
			"_tpl": "5e023e53d4353e3302577c4c",
			"parentId": "I59618244729638189gir6Fu",
			"slotId": "cartridges",
			"upd": {
				"StackObjectsCount": 20
			}
		},
		{
			"_id": "I59618247673791714FvU0GD",
			"_tpl": "544fb25a4bdc2dfb738b4567",
			"parentId": "I59618242806901800hqFUAY",
			"slotId": "8"
		},
		{
			"_id": "I59618246517902883zOwvvu",
			"_tpl": "571a29dc2459771fb2755a6a",
			"parentId": "I59618242806901800hqFUAY",
			"slotId": "1",
			"location": {
				"x": 0,
				"y": 0,
				"r": "Horizontal"
			}
		},
		{
			"_id": "I59618249809083574XcVIxl",
			"_tpl": "5736026a245977644601dc61",
			"parentId": "I59618246517902883zOwvvu",
			"slotId": "cartridges",
			"upd": {
				"StackObjectsCount": 8
			}
		},
		{
			"_id": "I59618245725488113qbUuya",
			"_tpl": "571a29dc2459771fb2755a6a",
			"parentId": "I59618242806901800hqFUAY",
			"slotId": "5",
			"location": {
				"x": 0,
				"y": 0,
				"r": "Horizontal"
			}
		},
		{
			"_id": "I59618247430816098QKOIfQ",
			"_tpl": "573603c924597764442bd9cb",
			"parentId": "I59618245725488113qbUuya",
			"slotId": "cartridges",
			"upd": {
				"StackObjectsCount": 8
			}
		},
		{
			"_id": "I59618243604248571mUeSez",
			"_tpl": "571a29dc2459771fb2755a6a",
			"parentId": "I59618242806901800hqFUAY",
			"slotId": "8",
			"location": {
				"x": 0,
				"y": 0,
				"r": "Horizontal"
			}
		},
		{
			"_id": "I59618244104600007VZlTYe",
			"_tpl": "5735fdcd2459776445391d61",
			"parentId": "I59618243604248571mUeSez",
			"slotId": "cartridges",
			"upd": {
				"StackObjectsCount": 8
			}
		},
		{
			"_id": "I59618245075959916RZhzyV",
			"_tpl": "571a29dc2459771fb2755a6a",
			"parentId": "I59618242806901800hqFUAY",
			"slotId": "8",
			"location": {
				"x": 0,
				"y": 1,
				"r": "Horizontal"
			}
		},
		{
			"_id": "I59618245982485430yYAquT",
			"_tpl": "5736026a245977644601dc61",
			"parentId": "I59618245075959916RZhzyV",
			"slotId": "cartridges",
			"upd": {
				"StackObjectsCount": 8
			}
		},
		{
			"_id": "I596182480332040564FGs0S",
			"_tpl": "54491bb74bdc2d09088b4567",
			"parentId": "5c6687d65e9d882c8841f0fd",
			"slotId": "Scabbard"
		},
		{
			"_id": "I59618243163928473BLMcah",
			"_tpl": "557ff21e4bdc2d89578b4586",
			"parentId": "5c6687d65e9d882c8841f0fd",
			"slotId": "Eyewear"
		},
		{
			"_id": "I596182428158494967wQyms",
			"_tpl": "56e33680d2720be2748b4576",
			"parentId": "5c6687d65e9d882c8841f0fd",
			"slotId": "Backpack"
		},
		{
			"_id": "I59618241197028888xKOazo",
			"_tpl": "5751487e245977207e26a315",
			"parentId": "I596182428158494967wQyms",
			"slotId": "main",
			"location": {
				"x": 0,
				"y": 0,
				"r": "Horizontal"
			}
		},
		{
			"_id": "I596182426401124691y6LCJ",
			"_tpl": "5c0e530286f7747fa1419862",
			"parentId": "I596182428158494967wQyms",
			"slotId": "main",
			"location": {
				"x": 0,
				"y": 1,
				"r": "Horizontal"
			}
		},
		{
			"_id": "I5961824230690491232YVyz",
			"_tpl": "59e35abd86f7741778269d82",
			"parentId": "I596182428158494967wQyms",
			"slotId": "main",
			"location": {
				"x": 0,
				"y": 2,
				"r": "Horizontal"
			}
		},
		{
			"_id": "I59618246911279341Pbe7vz",
			"_tpl": "5e2af2bc86f7746d3f3c33fc",
			"parentId": "I596182428158494967wQyms",
			"slotId": "main",
			"location": {
				"x": 1,
				"y": 0,
				"r": "Horizontal"
			}
		},
		{
			"_id": "I59618249370883591I4UW03",
			"_tpl": "5672c92d4bdc2d180f8b4567",
			"parentId": "5c6687d65e9d882c8841f121",
			"slotId": "pocket1",
			"location": {
				"x": 0,
				"y": 0,
				"r": "Horizontal"
			},
			"upd": {
				"SpawnedInSession": true
			}
		},
		{
			"_id": "I59618243677091115USJHBX",
			"_tpl": "5c1e495a86f7743109743dfb",
			"parentId": "5c6687d65e9d882c8841f121",
			"slotId": "pocket2",
			"location": {
				"x": 0,
				"y": 0,
				"r": "Horizontal"
			},
			"upd": {
				"SpawnedInSession": true
			}
		}
	],
	"equipment": "5c6687d65e9d882c8841f0fd",
	"stash": "5c6687d65e9d882c8841f0fc",
	"questRaidItems": "5c6687d65e9d882c8841f0fe",
	"questStashItems": "5c6687d65e9d882c8841f0ff",
	"fastPanel": {}
}