{
	"items": [
		{
			"_id": "5c6687d65e9d882c8841f0fd",
			"_tpl": "55d7217a4bdc2d86028b456d"
		},
		{
			"_id": "5c6687d65e9d882c8841f121",
			"_tpl": "557ffd194bdc2d28148b457f",
			"parentId": "5c6687d65e9d882c8841f0fd",
			"slotId": "Pockets"
		},
		{
			"_id": "5c6687d65e9d882c8841f0fc",
			"_tpl": "566abbc34bdc2d92178b4576"
		},
		{
			"_id": "5c6687d65e9d882c8841f0ff",
			"_tpl": "5963866b86f7747bfa1c4462"
		},
		{
			"_id": "5c6687d65e9d882c8841f0fe",
			"_tpl": "5963866286f7747bf429b572"
		},
		{
			"_id": "I59618243322801948wEPz6n",
			"_tpl": "5d5d8ca986f7742798716522",
			"parentId": "5c6687d65e9d882c8841f0fd",
			"slotId": "TacticalVest"
		},
		{
			"_id": "I210062642740003097TktHz",
			"_tpl": "5644bd2b4bdc2d3b4c8b4572",
			"parentId": "5c6687d65e9d882c8841f0fd",
			"slotId": "FirstPrimaryWeapon",
			"upd": {
				"Repairable": {
					"MaxDurability": 100,
					"Durability": 56
				}
			}
		},
		{
			"_id": "I21006269386685156JSs1G0",
			"_tpl": "59c6633186f7740cf0493bb9",
			"parentId": "I210062642740003097TktHz",
			"slotId": "mod_gas_block"
		},
		{
			"_id": "I21006268740650417fUQTa2",
			"_tpl": "5649aa744bdc2ded0b8b457e",
			"parentId": "I210062642740003097TktHz",
			"slotId": "mod_muzzle"
		},
		{
			"_id": "I21006269104078284d5aHIt",
			"_tpl": "5649ad3f4bdc2df8348b4585",
			"parentId": "I210062642740003097TktHz",
			"slotId": "mod_pistol_grip"
		},
		{
			"_id": "I21006262577087087oM8P1n",
			"_tpl": "5649af094bdc2df8348b4586",
			"parentId": "I210062642740003097TktHz",
			"slotId": "mod_reciever"
		},
		{
			"_id": "I21006263735159263jnJ9a2",
			"_tpl": "5649b0544bdc2d1b2b8b458a",
			"parentId": "I210062642740003097TktHz",
			"slotId": "mod_sight_rear",
			"upd": {
				"Sight": {
					"SelectedSightMode": 0
				}
			}
		},
		{
			"_id": "I21006267770054830OuGHwR",
			"_tpl": "5649b1c04bdc2d16268b457c",
			"parentId": "I210062642740003097TktHz",
			"slotId": "mod_stock"
		},
		{
			"_id": "I596182484967484311apDvs",
			"_tpl": "55d482194bdc2d1d4e8b456b",
			"parentId": "I210062642740003097TktHz",
			"slotId": "mod_magazine"
		},
		{
			"_id": "I59618248635015963PYzdEx",
			"_tpl": "56dff026d2720bb8668b4567",
			"parentId": "I596182484967484311apDvs",
			"slotId": "cartridges",
			"upd": {
				"StackObjectsCount": 60
			}
		},
		{
			"_id": "I21006269750146155lfICwY",
			"_tpl": "5648b0744bdc2d363b8b4578",
			"parentId": "I21006269386685156JSs1G0",
			"slotId": "mod_handguard"
		},
		{
			"_id": "I21006263245747748Yz6Bdr",
			"_tpl": "56dfef82d2720bbd668b4567",
			"parentId": "I21006269600123893yxoV3S",
			"slotId": "cartridges",
			"location": 0,
			"upd": {
				"StackObjectsCount": 30
			}
		},
		{
			"_id": "I59618249071465459Wry6vA",
			"_tpl": "5857a8bc2459772bad15db29",
			"parentId": "5c6687d65e9d882c8841f0fd",
			"slotId": "SecuredContainer"
		},
		{
			"_id": "I59618247562226487eRumtF",
			"_tpl": "56dff4a2d2720bbd668b456a",
			"parentId": "I59618249071465459Wry6vA",
			"slotId": "main",
			"upd": {
				"StackObjectsCount": 60
			}
		},
		{
			"_id": "I59618247249268268yMsHaC",
			"_tpl": "56dff338d2720bbd668b4569",
			"parentId": "I59618249071465459Wry6vA",
			"slotId": "main",
			"upd": {
				"StackObjectsCount": 60
			}
		},
		{
			"_id": "I59618247659973508yv14iI",
			"_tpl": "56dff2ced2720bb4668b4567",
			"parentId": "I59618249071465459Wry6vA",
			"slotId": "main",
			"upd": {
				"StackObjectsCount": 60
			}
		},
		{
			"_id": "I596182462304268845fyDEW",
			"_tpl": "56dff2ced2720bb4668b4567",
			"parentId": "I59618249071465459Wry6vA",
			"slotId": "main",
			"upd": {
				"StackObjectsCount": 60
			}
		},
		{
			"_id": "I59618245108663763Uo2Bnj",
			"_tpl": "56dfef82d2720bbd668b4567",
			"parentId": "I59618249071465459Wry6vA",
			"slotId": "main",
			"upd": {
				"StackObjectsCount": 60
			}
		},
		{
			"_id": "I596182462672412649799nG",
			"_tpl": "56dff3afd2720bba668b4567",
			"parentId": "I59618249071465459Wry6vA",
			"slotId": "main",
			"upd": {
				"StackObjectsCount": 60
			}
		},
		{
			"_id": "I59618248041695814XfERsE",
			"_tpl": "56dff4a2d2720bbd668b456a",
			"parentId": "I59618249071465459Wry6vA",
			"slotId": "main",
			"upd": {
				"StackObjectsCount": 60
			}
		},
		{
			"_id": "I59618245081547083cqvTRw",
			"_tpl": "56dff4ecd2720b5f5a8b4568",
			"parentId": "I59618249071465459Wry6vA",
			"slotId": "main",
			"upd": {
				"StackObjectsCount": 60
			}
		},
		{
			"_id": "I59618244354327669JNFjJU",
			"_tpl": "56dff0bed2720bb0668b4567",
			"parentId": "I59618249071465459Wry6vA",
			"slotId": "main",
			"upd": {
				"StackObjectsCount": 60
			}
		},
		{
			"_id": "I210017298603804532Jbgo5",
			"_tpl": "5a17f98cfcdbcb0980087290",
			"parentId": "5c6687d65e9d882c8841f0fd",
			"slotId": "Holster",
			"upd": {
				"Repairable": {
					"MaxDurability": 100,
					"Durability": 14
				}
			}
		},
		{
			"_id": "I59618245649996976GpzWWa",
			"_tpl": "573720e02459776143012541",
			"parentId": "I210017299554434383WPGkU",
			"slotId": "cartridges",
			"upd": {
				"StackObjectsCount": 20
			}
		},
		{
			"_id": "I210017299554434383WPGkU",
			"_tpl": "5a17fb03fcdbcbcae668728f",
			"parentId": "I210017298603804532Jbgo5",
			"slotId": "mod_magazine"
		},
		{
			"_id": "I2100172947614598267bFwz",
			"_tpl": "5a17fc70fcdbcb0176308b3d",
			"parentId": "I210017298603804532Jbgo5",
			"slotId": "mod_pistol_grip"
		},
		{
			"_id": "I210017293107779793h05xT",
			"_tpl": "5aba62f8d8ce87001943946b",
			"parentId": "I210017298603804532Jbgo5",
			"slotId": "mod_sight_front",
			"upd": {
				"Sight": {
					"SelectedSightMode": 0
				}
			}
		},
		{
			"_id": "I2100172940354557583oTC1",
			"_tpl": "5aba637ad8ce87001773e17f",
			"parentId": "I210017298603804532Jbgo5",
			"slotId": "mod_sight_rear",
			"upd": {
				"Sight": {
					"SelectedSightMode": 0
				}
			}
		},
		{
			"_id": "I596182497897294892KNKlF",
			"_tpl": "564ca99c4bdc2d16268b4589",
			"parentId": "I59618243322801948wEPz6n",
			"slotId": "2",
			"location": {
				"x": 0,
				"y": 0,
				"r": "Horizontal"
			}
		},
		{
			"_id": "I596182440502562088K3S56",
			"_tpl": "56dff061d2720bb5668b4567",
			"parentId": "I596182497897294892KNKlF",
			"slotId": "cartridges",
			"upd": {
				"StackObjectsCount": 30
			}
		},
		{
			"_id": "I596182438954072344a3QdN",
			"_tpl": "564ca99c4bdc2d16268b4589",
			"parentId": "I59618243322801948wEPz6n",
			"slotId": "1",
			"location": {
				"x": 0,
				"y": 0,
				"r": "Horizontal"
			}
		},
		{
			"_id": "I59618242138906098vZfUve",
			"_tpl": "56dff2ced2720bb4668b4567",
			"parentId": "I596182438954072344a3QdN",
			"slotId": "cartridges",
			"upd": {
				"StackObjectsCount": 30
			}
		},
		{
			"_id": "I596182453274370754VrPTd",
			"_tpl": "5a17fb03fcdbcbcae668728f",
			"parentId": "I59618243322801948wEPz6n",
			"slotId": "3",
			"location": {
				"x": 0,
				"y": 1,
				"r": "Horizontal"
			}
		},
		{
			"_id": "I59618247219642008ZwY705",
			"_tpl": "573720e02459776143012541",
			"parentId": "I596182453274370754VrPTd",
			"slotId": "cartridges",
			"upd": {
				"StackObjectsCount": 20
			}
		},
		{
			"_id": "I59618241023021054CKcNdH",
			"_tpl": "57e26fc7245977162a14b800",
			"parentId": "5c6687d65e9d882c8841f0fd",
			"slotId": "Scabbard"
		},
		{
			"_id": "I59618248344076720W3SkSn",
			"_tpl": "5aa2b89be5b5b0001569311f",
			"parentId": "5c6687d65e9d882c8841f0fd",
			"slotId": "Headwear"
		},
		{
			"_id": "I59618248020419544KdPYvA",
			"_tpl": "59e7715586f7742ee5789605",
			"parentId": "5c6687d65e9d882c8841f0fd",
			"slotId": "FaceCover"
		},
		{
			"_id": "I596182476950191068R886K",
			"_tpl": "5ab8f04f86f774585f4237d8",
			"parentId": "5c6687d65e9d882c8841f0fd",
			"slotId": "Backpack"
		},
		{
			"_id": "I596182446876265447aWrq4",
			"_tpl": "5780d0652459777df90dcb74",
			"parentId": "I596182476950191068R886K",
			"slotId": "main",
			"location": {
				"x": 0,
				"y": 0,
				"r": "Horizontal"
			}
		},
		{
			"_id": "I596182445629225653vlup4",
			"_tpl": "590c661e86f7741e566b646a",
			"parentId": "I596182476950191068R886K",
			"slotId": "main",
			"location": {
				"x": 0,
				"y": 1,
				"r": "Horizontal"
			}
		},
		{
			"_id": "I59618249600521008K4iUL5",
			"_tpl": "5c0e5edb86f77461f55ed1f7",
			"parentId": "5c6687d65e9d882c8841f0fd",
			"slotId": "ArmorVest",
			"upd": {
				"Repairable": {
					"MaxDurability": 50,
					"Durability": 40
				}
			}
		}
	],
	"equipment": "5c6687d65e9d882c8841f0fd",
	"stash": "5c6687d65e9d882c8841f0fc",
	"questRaidItems": "5c6687d65e9d882c8841f0fe",
	"questStashItems": "5c6687d65e9d882c8841f0ff",
	"fastPanel": {}
}