{
	"items": [
		{
			"_id": "5c6687d65e9d882c8841f0fd",
			"_tpl": "55d7217a4bdc2d86028b456d"
		},
		{
			"_id": "5c6687d65e9d882c8841f121",
			"_tpl": "557ffd194bdc2d28148b457f",
			"parentId": "5c6687d65e9d882c8841f0fd",
			"slotId": "Pockets"
		},
		{
			"_id": "5c6687d65e9d882c8841f0fc",
			"_tpl": "566abbc34bdc2d92178b4576"
		},
		{
			"_id": "5c6687d65e9d882c8841f0ff",
			"_tpl": "5963866b86f7747bfa1c4462"
		},
		{
			"_id": "5c6687d65e9d882c8841f0fe",
			"_tpl": "5963866286f7747bf429b572"
		},
		{
			"_id": "I59618244444272875nfF3Lb",
			"_tpl": "572b7adb24597762ae139821",
			"parentId": "5c6687d65e9d882c8841f0fd",
			"slotId": "TacticalVest"
		},
		{
			"_id": "I21006442420799264fjzaqP",
			"_tpl": "57c44b372459772d2b39b8ce",
			"parentId": "5c6687d65e9d882c8841f0fd",
			"slotId": "FirstPrimaryWeapon",
			"upd": {
				"Repairable": {
					"MaxDurability": 100,
					"Durability": 58
				}
			}
		},
		{
			"_id": "I21006443676203686AWZCMM",
			"_tpl": "57c44dd02459772d2e0ae249",
			"parentId": "I21006442420799264fjzaqP",
			"slotId": "mod_muzzle"
		},
		{
			"_id": "I21006449791668513ioeKAe",
			"_tpl": "57c44f4f2459772d2c627113",
			"parentId": "I21006442420799264fjzaqP",
			"slotId": "mod_reciever"
		},
		{
			"_id": "I596182429420562594vNt5Z",
			"_tpl": "57838f9f2459774a150289a0",
			"parentId": "I21006442420799264fjzaqP",
			"slotId": "mod_magazine"
		},
		{
			"_id": "I59618241287120333L8FFVs",
			"_tpl": "57a0e5022459774d1673f889",
			"parentId": "I596182429420562594vNt5Z",
			"slotId": "cartridges",
			"upd": {
				"StackObjectsCount": 20
			}
		},
		{
			"_id": "I210064493204083724NeJFH",
			"_tpl": "57c44fa82459772d2d75e415",
			"parentId": "I21006442420799264fjzaqP",
			"slotId": "mod_pistol_grip"
		},
		{
			"_id": "I21006449938217971Rju6mT",
			"_tpl": "57c450252459772d28133253",
			"parentId": "I21006442420799264fjzaqP",
			"slotId": "mod_stock"
		},
		{
			"_id": "I21006447533005487elvQPs",
			"_tpl": "57c44e7b2459772d28133248",
			"parentId": "I21006443676203686AWZCMM",
			"slotId": "mod_sight_rear",
			"upd": {
				"Sight": {
					"SelectedSightMode": 0
				}
			}
		},
		{
			"_id": "I59618248434670240CRxwai",
			"_tpl": "5857a8bc2459772bad15db29",
			"parentId": "5c6687d65e9d882c8841f0fd",
			"slotId": "SecuredContainer"
		},
		{
			"_id": "I596182481188284245jvoR4",
			"_tpl": "57a0dfb82459774d3078b56c",
			"parentId": "I59618248434670240CRxwai",
			"slotId": "main",
			"upd": {
				"StackObjectsCount": 60
			}
		},
		{
			"_id": "I59618249293045580GqGanM",
			"_tpl": "57a0e5022459774d1673f889",
			"parentId": "I59618248434670240CRxwai",
			"slotId": "main",
			"upd": {
				"StackObjectsCount": 60
			}
		},
		{
			"_id": "I596182432729393735abaa0",
			"_tpl": "57a0dfb82459774d3078b56c",
			"parentId": "I59618248434670240CRxwai",
			"slotId": "main",
			"upd": {
				"StackObjectsCount": 60
			}
		},
		{
			"_id": "I59618241763109787DFEyFs",
			"_tpl": "5c0d688c86f77413ae3407b2",
			"parentId": "I59618248434670240CRxwai",
			"slotId": "main",
			"upd": {
				"StackObjectsCount": 60
			}
		},
		{
			"_id": "I596182489561096964ekr8Z",
			"_tpl": "5c0d668f86f7747ccb7f13b2",
			"parentId": "I59618248434670240CRxwai",
			"slotId": "main",
			"upd": {
				"StackObjectsCount": 60
			}
		},
		{
			"_id": "I596182489613335695ddWia",
			"_tpl": "5c0d688c86f77413ae3407b2",
			"parentId": "I59618248434670240CRxwai",
			"slotId": "main",
			"upd": {
				"StackObjectsCount": 60
			}
		},
		{
			"_id": "I59618247892194554FIkl0I",
			"_tpl": "57a0dfb82459774d3078b56c",
			"parentId": "I59618248434670240CRxwai",
			"slotId": "main",
			"upd": {
				"StackObjectsCount": 60
			}
		},
		{
			"_id": "I59618243942795660ri0f6d",
			"_tpl": "5c0d688c86f77413ae3407b2",
			"parentId": "I59618248434670240CRxwai",
			"slotId": "main",
			"upd": {
				"StackObjectsCount": 60
			}
		},
		{
			"_id": "I59618249886176195mrFxmn",
			"_tpl": "5c0d688c86f77413ae3407b2",
			"parentId": "I59618248434670240CRxwai",
			"slotId": "main",
			"upd": {
				"StackObjectsCount": 60
			}
		},
		{
			"_id": "I59618247468170537npBMcK",
			"_tpl": "544fb37f4bdc2dee738b4567",
			"parentId": "I59618244444272875nfF3Lb",
			"slotId": "3"
		},
		{
			"_id": "I59618247029526631xHWcyo",
			"_tpl": "5e32f56fcb6d5863cc5e5ee4",
			"parentId": "I59618244444272875nfF3Lb",
			"slotId": "1"
		},
		{
			"_id": "I59618244752122139OZ9ZSb",
			"_tpl": "57a0dfb82459774d3078b56c",
			"parentId": "I59618244444272875nfF3Lb",
			"slotId": "4",
			"upd": {
				"StackObjectsCount": 26
			}
		},
		{
			"_id": "I59618243249009862z506A0",
			"_tpl": "57e26fc7245977162a14b800",
			"parentId": "5c6687d65e9d882c8841f0fd",
			"slotId": "Scabbard"
		},
		{
			"_id": "I59618248829780319OpDlBH",
			"_tpl": "59e770f986f7742cbe3164ef",
			"parentId": "5c6687d65e9d882c8841f0fd",
			"slotId": "Headwear"
		},
		{
			"_id": "I59618249862661297Acoaml",
			"_tpl": "5c1a1cc52e221602b3136e3d",
			"parentId": "5c6687d65e9d882c8841f0fd",
			"slotId": "Eyewear"
		},
		{
			"_id": "I59618247058788945i7JAHt",
			"_tpl": "5ab8f04f86f774585f4237d8",
			"parentId": "5c6687d65e9d882c8841f0fd",
			"slotId": "Backpack"
		},
		{
			"_id": "I59618243971786290RkfyPW",
			"_tpl": "57347c93245977448d35f6e3",
			"parentId": "I59618247058788945i7JAHt",
			"slotId": "main",
			"location": {
				"x": 0,
				"y": 0,
				"r": "Horizontal"
			}
		},
		{
			"_id": "I596182422611654731ZckTk",
			"_tpl": "5672cb124bdc2d1a0f8b4568",
			"parentId": "I59618247058788945i7JAHt",
			"slotId": "main",
			"location": {
				"x": 0,
				"y": 1,
				"r": "Horizontal"
			}
		}
	],
	"equipment": "5c6687d65e9d882c8841f0fd",
	"stash": "5c6687d65e9d882c8841f0fc",
	"questRaidItems": "5c6687d65e9d882c8841f0fe",
	"questStashItems": "5c6687d65e9d882c8841f0ff",
	"fastPanel": {}
}