{
	"items": [
		{
			"_id": "5c6687d65e9d882c8841f0fd",
			"_tpl": "55d7217a4bdc2d86028b456d"
		},
		{
			"_id": "5c6687d65e9d882c8841f121",
			"_tpl": "557ffd194bdc2d28148b457f",
			"parentId": "5c6687d65e9d882c8841f0fd",
			"slotId": "Pockets"
		},
		{
			"_id": "5c6687d65e9d882c8841f0fc",
			"_tpl": "566abbc34bdc2d92178b4576"
		},
		{
			"_id": "5c6687d65e9d882c8841f0ff",
			"_tpl": "5963866b86f7747bfa1c4462"
		},
		{
			"_id": "5c6687d65e9d882c8841f0fe",
			"_tpl": "5963866286f7747bf429b572"
		},
		{
			"_id": "I596182467616240751AOjz2",
			"_tpl": "5648a69d4bdc2ded0b8b457b",
			"parentId": "5c6687d65e9d882c8841f0fd",
			"slotId": "TacticalVest"
		},
		{
			"_id": "I21005532977139053usqV9C",
			"_tpl": "5c501a4d2e221602b412b540",
			"parentId": "5c6687d65e9d882c8841f0fd",
			"slotId": "FirstPrimaryWeapon",
			"upd": {
				"Repairable": {
					"MaxDurability": 100,
					"Durability": 72
				}
			}
		},
		{
			"_id": "I21005537406285918Rtxf43",
			"_tpl": "5c5039be2e221602b177c9ff",
			"parentId": "I21005532977139053usqV9C",
			"slotId": "mod_gas_block"
		},
		{
			"_id": "I21005538690783550Xw7Ct0",
			"_tpl": "5c503d0a2e221602b542b7ef",
			"parentId": "I21005532977139053usqV9C",
			"slotId": "mod_reciever"
		},
		{
			"_id": "I21005534321318520D593Ac",
			"_tpl": "5c503b1c2e221602b21d6e9d",
			"parentId": "I21005532977139053usqV9C",
			"slotId": "mod_sight_rear",
			"upd": {
				"Sight": {
					"SelectedSightMode": 0
				}
			}
		},
		{
			"_id": "I21005534538425999HUBok9",
			"_tpl": "5c503af12e221602b177ca02",
			"parentId": "I21005532977139053usqV9C",
			"slotId": "mod_stock"
		},
		{
			"_id": "I5961824246195971868kpnc",
			"_tpl": "5c503ac82e221602b21d6e9a",
			"parentId": "I21005532977139053usqV9C",
			"slotId": "mod_magazine"
		},
		{
			"_id": "I59618241674513074e67LwI",
			"_tpl": "5a608bf24f39f98ffc77720e",
			"parentId": "I5961824246195971868kpnc",
			"slotId": "cartridges",
			"upd": {
				"StackObjectsCount": 5
			}
		},
		{
			"_id": "I59618243201466148rEVfGk",
			"_tpl": "5857a8bc2459772bad15db29",
			"parentId": "5c6687d65e9d882c8841f0fd",
			"slotId": "SecuredContainer"
		},
		{
			"_id": "I59618249306484945lVv6t6",
			"_tpl": "58dd3ad986f77403051cba8f",
			"parentId": "I59618243201466148rEVfGk",
			"slotId": "main",
			"upd": {
				"StackObjectsCount": 60
			}
		},
		{
			"_id": "I59618245738572254Mzvn7b",
			"_tpl": "5a6086ea4f39f99cd479502f",
			"parentId": "I59618243201466148rEVfGk",
			"slotId": "main",
			"upd": {
				"StackObjectsCount": 60
			}
		},
		{
			"_id": "I59618242465973761KWOvcM",
			"_tpl": "5e023e6e34d52a55c3304f71",
			"parentId": "I59618243201466148rEVfGk",
			"slotId": "main",
			"upd": {
				"StackObjectsCount": 60
			}
		},
		{
			"_id": "I59618249630494556f4LC9a",
			"_tpl": "5a608bf24f39f98ffc77720e",
			"parentId": "I59618243201466148rEVfGk",
			"slotId": "main",
			"upd": {
				"StackObjectsCount": 60
			}
		},
		{
			"_id": "I59618241404368979400EFb",
			"_tpl": "5a608bf24f39f98ffc77720e",
			"parentId": "I59618243201466148rEVfGk",
			"slotId": "main",
			"upd": {
				"StackObjectsCount": 60
			}
		},
		{
			"_id": "I59618248764696661MuUw00",
			"_tpl": "58dd3ad986f77403051cba8f",
			"parentId": "I59618243201466148rEVfGk",
			"slotId": "main",
			"upd": {
				"StackObjectsCount": 60
			}
		},
		{
			"_id": "I596182496251928001jx5Of",
			"_tpl": "58dd3ad986f77403051cba8f",
			"parentId": "I59618243201466148rEVfGk",
			"slotId": "main",
			"upd": {
				"StackObjectsCount": 60
			}
		},
		{
			"_id": "I59618242854781085hZvrPn",
			"_tpl": "5e023e88277cce2b522ff2b1",
			"parentId": "I59618243201466148rEVfGk",
			"slotId": "main",
			"upd": {
				"StackObjectsCount": 60
			}
		},
		{
			"_id": "I59618247350626065gTNz30",
			"_tpl": "5e023e53d4353e3302577c4c",
			"parentId": "I59618243201466148rEVfGk",
			"slotId": "main",
			"upd": {
				"StackObjectsCount": 60
			}
		},
		{
			"_id": "I59618242620221254PNExFY",
			"_tpl": "5c503ac82e221602b21d6e9a",
			"parentId": "I596182467616240751AOjz2",
			"slotId": "1",
			"location": {
				"x": 0,
				"y": 0,
				"r": "Horizontal"
			}
		},
		{
			"_id": "I59618243548753283DtLYf2",
			"_tpl": "5a6086ea4f39f99cd479502f",
			"parentId": "I59618242620221254PNExFY",
			"slotId": "cartridges",
			"upd": {
				"StackObjectsCount": 5
			}
		},
		{
			"_id": "I596182490441675988zIoW8",
			"_tpl": "5c503ac82e221602b21d6e9a",
			"parentId": "I596182467616240751AOjz2",
			"slotId": "1",
			"location": {
				"x": 0,
				"y": 1,
				"r": "Horizontal"
			}
		},
		{
			"_id": "I59618249351255489WzgpKz",
			"_tpl": "5a608bf24f39f98ffc77720e",
			"parentId": "I596182490441675988zIoW8",
			"slotId": "cartridges",
			"upd": {
				"StackObjectsCount": 5
			}
		},
		{
			"_id": "I59618245757157249UxTCzh",
			"_tpl": "5c503ac82e221602b21d6e9a",
			"parentId": "I596182467616240751AOjz2",
			"slotId": "4",
			"location": {
				"x": 0,
				"y": 0,
				"r": "Horizontal"
			}
		},
		{
			"_id": "I59618243656918021MQAco5",
			"_tpl": "5a6086ea4f39f99cd479502f",
			"parentId": "I59618245757157249UxTCzh",
			"slotId": "cartridges",
			"upd": {
				"StackObjectsCount": 5
			}
		},
		{
			"_id": "I59618249933417349IjOyqy",
			"_tpl": "5c503ac82e221602b21d6e9a",
			"parentId": "I596182467616240751AOjz2",
			"slotId": "4",
			"location": {
				"x": 0,
				"y": 1,
				"r": "Horizontal"
			}
		},
		{
			"_id": "I59618247269462757bBjf5G",
			"_tpl": "5a6086ea4f39f99cd479502f",
			"parentId": "I59618249933417349IjOyqy",
			"slotId": "cartridges",
			"upd": {
				"StackObjectsCount": 5
			}
		},
		{
			"_id": "I59618248872351838U5bJLZ",
			"_tpl": "5c503ac82e221602b21d6e9a",
			"parentId": "I596182467616240751AOjz2",
			"slotId": "11",
			"location": {
				"x": 0,
				"y": 0,
				"r": "Horizontal"
			}
		},
		{
			"_id": "I59618247609948962B0U0N6",
			"_tpl": "5a6086ea4f39f99cd479502f",
			"parentId": "I59618248872351838U5bJLZ",
			"slotId": "cartridges",
			"upd": {
				"StackObjectsCount": 5
			}
		},
		{
			"_id": "I596182435544996802AWTxx",
			"_tpl": "5c503ac82e221602b21d6e9a",
			"parentId": "I596182467616240751AOjz2",
			"slotId": "11",
			"location": {
				"x": 0,
				"y": 1,
				"r": "Horizontal"
			}
		},
		{
			"_id": "I596182441469021267rgLMl",
			"_tpl": "5a6086ea4f39f99cd479502f",
			"parentId": "I596182435544996802AWTxx",
			"slotId": "cartridges",
			"upd": {
				"StackObjectsCount": 5
			}
		},
		{
			"_id": "I59618248168570138mIDyls",
			"_tpl": "58d3db5386f77426186285a0",
			"parentId": "I596182467616240751AOjz2",
			"slotId": "7"
		},
		{
			"_id": "I59618244414053353Fpenid",
			"_tpl": "54491bb74bdc2d09088b4567",
			"parentId": "5c6687d65e9d882c8841f0fd",
			"slotId": "Scabbard"
		},
		{
			"_id": "I59618247836643300A618fR",
			"_tpl": "5e00c1ad86f774747333222c",
			"parentId": "5c6687d65e9d882c8841f0fd",
			"slotId": "Headwear"
		},
		{
			"_id": "I59618243852235711FXXkRA",
			"_tpl": "5e00cfa786f77469dc6e5685",
			"parentId": "I59618247836643300A618fR",
			"slotId": "mod_equipment_000",
			"upd": {
				"Togglable": {
					"On": true
				}
			}
		},
		{
			"_id": "I59618246748033674HlEf6w",
			"_tpl": "59e7715586f7742ee5789605",
			"parentId": "5c6687d65e9d882c8841f0fd",
			"slotId": "FaceCover"
		},
		{
			"_id": "I596182475812727300nNyX2",
			"_tpl": "59e3577886f774176a362503",
			"parentId": "5c6687d65e9d882c8841f121",
			"slotId": "pocket1",
			"location": {
				"x": 0,
				"y": 0,
				"r": "Horizontal"
			},
			"upd": {
				"SpawnedInSession": true
			}
		},
		{
			"_id": "I59618244615478153NUD0L3",
			"_tpl": "590a3b0486f7743954552bdb",
			"parentId": "5c6687d65e9d882c8841f121",
			"slotId": "pocket2",
			"location": {
				"x": 0,
				"y": 0,
				"r": "Horizontal"
			},
			"upd": {
				"SpawnedInSession": true
			}
		}
	],
	"equipment": "5c6687d65e9d882c8841f0fd",
	"stash": "5c6687d65e9d882c8841f0fc",
	"questRaidItems": "5c6687d65e9d882c8841f0fe",
	"questStashItems": "5c6687d65e9d882c8841f0ff",
	"fastPanel": {}
}