{
	"items": [
		{
			"_id": "5c6687d65e9d882c8841f0fd",
			"_tpl": "55d7217a4bdc2d86028b456d"
		},
		{
			"_id": "5c6687d65e9d882c8841f121",
			"_tpl": "557ffd194bdc2d28148b457f",
			"parentId": "5c6687d65e9d882c8841f0fd",
			"slotId": "Pockets"
		},
		{
			"_id": "5c6687d65e9d882c8841f0fc",
			"_tpl": "566abbc34bdc2d92178b4576"
		},
		{
			"_id": "5c6687d65e9d882c8841f0ff",
			"_tpl": "5963866b86f7747bfa1c4462"
		},
		{
			"_id": "5c6687d65e9d882c8841f0fe",
			"_tpl": "5963866286f7747bf429b572"
		},
		{
			"_id": "I59618241927017000dByfuG",
			"_tpl": "59e7643b86f7742cbf2c109a",
			"parentId": "5c6687d65e9d882c8841f0fd",
			"slotId": "TacticalVest"
		},
		{
			"_id": "I210051403484529800nw29F",
			"_tpl": "5b0bbe4e5acfc40dc528a72d",
			"parentId": "5c6687d65e9d882c8841f0fd",
			"slotId": "FirstPrimaryWeapon",
			"upd": {
				"Repairable": {
					"MaxDurability": 100,
					"Durability": 69
				}
			}
		},
		{
			"_id": "I210051405996909685vFIbo",
			"_tpl": "5b099b965acfc400186331e6",
			"parentId": "I210051403484529800nw29F",
			"slotId": "mod_pistol_grip"
		},
		{
			"_id": "I596182479569358778O3Ftc",
			"_tpl": "5b099ac65acfc400186331e1",
			"parentId": "I210051403484529800nw29F",
			"slotId": "mod_magazine"
		},
		{
			"_id": "I596182490960785793OXsp6",
			"_tpl": "58dd3ad986f77403051cba8f",
			"parentId": "I596182479569358778O3Ftc",
			"slotId": "cartridges",
			"upd": {
				"StackObjectsCount": 20
			}
		},
		{
			"_id": "I210051405216472113YjNeL",
			"_tpl": "5b099a9d5acfc47a8607efe7",
			"parentId": "I210051403484529800nw29F",
			"slotId": "mod_handguard"
		},
		{
			"_id": "I2100514049037118355OYUz",
			"_tpl": "5b099a765acfc47a8607efe3",
			"parentId": "I210051403484529800nw29F",
			"slotId": "mod_barrel"
		},
		{
			"_id": "I2100514075276815925qiFw",
			"_tpl": "5b0bc22d5acfc47a8607f085",
			"parentId": "I210051403484529800nw29F",
			"slotId": "mod_sight_rear",
			"upd": {
				"Sight": {
					"SelectedSightMode": 0
				}
			}
		},
		{
			"_id": "I21005140392907797484gna",
			"_tpl": "5b099b7d5acfc400186331e4",
			"parentId": "I2100514049037118355OYUz",
			"slotId": "mod_muzzle"
		},
		{
			"_id": "I59618243936673165SWiQr0",
			"_tpl": "5857a8bc2459772bad15db29",
			"parentId": "5c6687d65e9d882c8841f0fd",
			"slotId": "SecuredContainer"
		},
		{
			"_id": "I59618243665956728TwZc4Q",
			"_tpl": "58dd3ad986f77403051cba8f",
			"parentId": "I59618243936673165SWiQr0",
			"slotId": "main",
			"upd": {
				"StackObjectsCount": 60
			}
		},
		{
			"_id": "I59618244408625698Qf9lEK",
			"_tpl": "5a608bf24f39f98ffc77720e",
			"parentId": "I59618243936673165SWiQr0",
			"slotId": "main",
			"upd": {
				"StackObjectsCount": 60
			}
		},
		{
			"_id": "I59618241246463803v4jS6K",
			"_tpl": "5e023e6e34d52a55c3304f71",
			"parentId": "I59618243936673165SWiQr0",
			"slotId": "main",
			"upd": {
				"StackObjectsCount": 60
			}
		},
		{
			"_id": "I596182461427440233ZmLmM",
			"_tpl": "58dd3ad986f77403051cba8f",
			"parentId": "I59618243936673165SWiQr0",
			"slotId": "main",
			"upd": {
				"StackObjectsCount": 60
			}
		},
		{
			"_id": "I59618243852864906CBhbip",
			"_tpl": "5e023e6e34d52a55c3304f71",
			"parentId": "I59618243936673165SWiQr0",
			"slotId": "main",
			"upd": {
				"StackObjectsCount": 60
			}
		},
		{
			"_id": "I59618241134818176gxOaMQ",
			"_tpl": "5a6086ea4f39f99cd479502f",
			"parentId": "I59618243936673165SWiQr0",
			"slotId": "main",
			"upd": {
				"StackObjectsCount": 60
			}
		},
		{
			"_id": "I59618248792256475e0kOSW",
			"_tpl": "5e023e88277cce2b522ff2b1",
			"parentId": "I59618243936673165SWiQr0",
			"slotId": "main",
			"upd": {
				"StackObjectsCount": 60
			}
		},
		{
			"_id": "I59618243037345448GSrxTw",
			"_tpl": "5e023e88277cce2b522ff2b1",
			"parentId": "I59618243936673165SWiQr0",
			"slotId": "main",
			"upd": {
				"StackObjectsCount": 60
			}
		},
		{
			"_id": "I59618242521858442hhx61D",
			"_tpl": "5a608bf24f39f98ffc77720e",
			"parentId": "I59618243936673165SWiQr0",
			"slotId": "main",
			"upd": {
				"StackObjectsCount": 60
			}
		},
		{
			"_id": "I59618247286322916Wn2IGU",
			"_tpl": "5b7d37845acfc400170e2f87",
			"parentId": "I59618241927017000dByfuG",
			"slotId": "3",
			"location": {
				"x": 0,
				"y": 0,
				"r": "Horizontal"
			}
		},
		{
			"_id": "I596182421704113136pk6gr",
			"_tpl": "5e023e88277cce2b522ff2b1",
			"parentId": "I59618247286322916Wn2IGU",
			"slotId": "cartridges",
			"upd": {
				"StackObjectsCount": 30
			}
		},
		{
			"_id": "I596182433664335527JCYDs",
			"_tpl": "5b7d37845acfc400170e2f87",
			"parentId": "I59618241927017000dByfuG",
			"slotId": "1",
			"location": {
				"x": 0,
				"y": 0,
				"r": "Horizontal"
			}
		},
		{
			"_id": "I59618246591669962z1Wx8T",
			"_tpl": "5a6086ea4f39f99cd479502f",
			"parentId": "I596182433664335527JCYDs",
			"slotId": "cartridges",
			"upd": {
				"StackObjectsCount": 30
			}
		},
		{
			"_id": "I59618249507880378nvdI7z",
			"_tpl": "5e32f56fcb6d5863cc5e5ee4",
			"parentId": "I59618241927017000dByfuG",
			"slotId": "4"
		},
		{
			"_id": "I596182449287731574uJZlk",
			"_tpl": "57e26fc7245977162a14b800",
			"parentId": "5c6687d65e9d882c8841f0fd",
			"slotId": "Scabbard"
		},
		{
			"_id": "I59618242878667648aCeYaU",
			"_tpl": "5c0d32fcd174af02a1659c75",
			"parentId": "5c6687d65e9d882c8841f0fd",
			"slotId": "Eyewear"
		},
		{
			"_id": "I59618246743918268t0fdm4",
			"_tpl": "544a5cde4bdc2d39388b456b",
			"parentId": "5c6687d65e9d882c8841f0fd",
			"slotId": "Backpack"
		},
		{
			"_id": "I59618244791279637GzJhvU",
			"_tpl": "57347d8724597744596b4e76",
			"parentId": "I59618246743918268t0fdm4",
			"slotId": "main",
			"location": {
				"x": 0,
				"y": 0,
				"r": "Horizontal"
			}
		},
		{
			"_id": "I59618245593384198hB3ByW",
			"_tpl": "5751435d24597720a27126d1",
			"parentId": "I59618246743918268t0fdm4",
			"slotId": "main",
			"location": {
				"x": 0,
				"y": 1,
				"r": "Horizontal"
			}
		},
		{
			"_id": "I59618249519052048DjRaXk",
			"_tpl": "590c5d4b86f774784e1b9c45",
			"parentId": "I59618246743918268t0fdm4",
			"slotId": "main",
			"location": {
				"x": 0,
				"y": 2,
				"r": "Horizontal"
			}
		},
		{
			"_id": "I59618248161789339Pw637A",
			"_tpl": "5d1b392c86f77425243e98fe",
			"parentId": "I59618246743918268t0fdm4",
			"slotId": "main",
			"location": {
				"x": 1,
				"y": 0,
				"r": "Horizontal"
			}
		},
		{
			"_id": "I59618246982742715ISUUbO",
			"_tpl": "57514643245977207f2c2d09",
			"parentId": "I59618246743918268t0fdm4",
			"slotId": "main",
			"location": {
				"x": 1,
				"y": 1,
				"r": "Horizontal"
			}
		},
		{
			"_id": "I59618242777208743aXA9VO",
			"_tpl": "57514643245977207f2c2d09",
			"parentId": "I59618246743918268t0fdm4",
			"slotId": "main",
			"location": {
				"x": 1,
				"y": 2,
				"r": "Horizontal"
			}
		},
		{
			"_id": "I59618244115280367TGsDqt",
			"_tpl": "5c06782b86f77426df5407d2",
			"parentId": "I59618246743918268t0fdm4",
			"slotId": "main",
			"location": {
				"x": 1,
				"y": 3,
				"r": "Horizontal"
			}
		},
		{
			"_id": "I59618243446608733TAKeRv",
			"_tpl": "5c0e541586f7747fa54205c9",
			"parentId": "5c6687d65e9d882c8841f0fd",
			"slotId": "ArmorVest",
			"upd": {
				"Repairable": {
					"MaxDurability": 60,
					"Durability": 12
				}
			}
		}
	],
	"equipment": "5c6687d65e9d882c8841f0fd",
	"stash": "5c6687d65e9d882c8841f0fc",
	"questRaidItems": "5c6687d65e9d882c8841f0fe",
	"questStashItems": "5c6687d65e9d882c8841f0ff",
	"fastPanel": {}
}