{
	"items": [
		{
			"_id": "5c6687d65e9d882c8841f0fd",
			"_tpl": "55d7217a4bdc2d86028b456d"
		},
		{
			"_id": "5c6687d65e9d882c8841f121",
			"_tpl": "557ffd194bdc2d28148b457f",
			"parentId": "5c6687d65e9d882c8841f0fd",
			"slotId": "Pockets"
		},
		{
			"_id": "5c6687d65e9d882c8841f0fc",
			"_tpl": "566abbc34bdc2d92178b4576"
		},
		{
			"_id": "5c6687d65e9d882c8841f0ff",
			"_tpl": "5963866b86f7747bfa1c4462"
		},
		{
			"_id": "5c6687d65e9d882c8841f0fe",
			"_tpl": "5963866286f7747bf429b572"
		},
		{
			"_id": "I596182483297617787cI100",
			"_tpl": "5929a2a086f7744f4b234d43",
			"parentId": "5c6687d65e9d882c8841f0fd",
			"slotId": "TacticalVest"
		},
		{
			"_id": "I210018144519737213jGmrr",
			"_tpl": "576165642459773c7a400233",
			"parentId": "5c6687d65e9d882c8841f0fd",
			"slotId": "FirstPrimaryWeapon",
			"upd": {
				"Repairable": {
					"MaxDurability": 100,
					"Durability": 51
				}
			}
		},
		{
			"_id": "I2100181467409493707kVVO",
			"_tpl": "576169e62459773c69055191",
			"parentId": "I210018144519737213jGmrr",
			"slotId": "mod_handguard"
		},
		{
			"_id": "I210018148314052151tHyi6",
			"_tpl": "576167ab2459773cad038c43",
			"parentId": "I210018144519737213jGmrr",
			"slotId": "mod_muzzle"
		},
		{
			"_id": "I210018143827109655PHMj1",
			"_tpl": "5649ade84bdc2d1b2b8b4587",
			"parentId": "I210018144519737213jGmrr",
			"slotId": "mod_pistol_grip"
		},
		{
			"_id": "I210018141975463988Sah2E",
			"_tpl": "57616c112459773cce774d66",
			"parentId": "I210018144519737213jGmrr",
			"slotId": "mod_reciever"
		},
		{
			"_id": "I210018148028521873klCzc",
			"_tpl": "57a9b9ce2459770ee926038d",
			"parentId": "I210018144519737213jGmrr",
			"slotId": "mod_sight_rear",
			"upd": {
				"Sight": {
					"SelectedSightMode": 0
				}
			}
		},
		{
			"_id": "I210018147302869413n68oc",
			"_tpl": "57616ca52459773c69055192",
			"parentId": "I210018144519737213jGmrr",
			"slotId": "mod_stock"
		},
		{
			"_id": "I59618241707628145rnD2G6",
			"_tpl": "57616a9e2459773c7a400234",
			"parentId": "I210018144519737213jGmrr",
			"slotId": "mod_magazine"
		},
		{
			"_id": "I59618242995510782r4RobX",
			"_tpl": "5d6e68c4a4b9361b93413f79",
			"parentId": "I59618241707628145rnD2G6",
			"slotId": "cartridges",
			"upd": {
				"StackObjectsCount": 5
			}
		},
		{
			"_id": "I59618248628542770BMNj9Z",
			"_tpl": "5857a8bc2459772bad15db29",
			"parentId": "5c6687d65e9d882c8841f0fd",
			"slotId": "SecuredContainer"
		},
		{
			"_id": "I59618244939803395kXrVl7",
			"_tpl": "5d6e689ca4b9361bc8618956",
			"parentId": "I59618248628542770BMNj9Z",
			"slotId": "main",
			"upd": {
				"StackObjectsCount": 60
			}
		},
		{
			"_id": "I59618245904532975CfYmBL",
			"_tpl": "5c0d591486f7744c505b416f",
			"parentId": "I59618248628542770BMNj9Z",
			"slotId": "main",
			"upd": {
				"StackObjectsCount": 60
			}
		},
		{
			"_id": "I59618244090532177lfrL7k",
			"_tpl": "5d6e6869a4b9361c140bcfde",
			"parentId": "I59618248628542770BMNj9Z",
			"slotId": "main",
			"upd": {
				"StackObjectsCount": 60
			}
		},
		{
			"_id": "I5961824314683436285kGNe",
			"_tpl": "5d6fbf68a4b9362233221f6b",
			"parentId": "I59618248628542770BMNj9Z",
			"slotId": "main",
			"upd": {
				"StackObjectsCount": 60
			}
		},
		{
			"_id": "I59618243399857274o53VTJ",
			"_tpl": "5d6e6772a4b936088465b17c",
			"parentId": "I59618248628542770BMNj9Z",
			"slotId": "main",
			"upd": {
				"StackObjectsCount": 60
			}
		},
		{
			"_id": "I59618243092480097Ig3kcu",
			"_tpl": "5d6e6891a4b9361bd473feea",
			"parentId": "I59618248628542770BMNj9Z",
			"slotId": "main",
			"upd": {
				"StackObjectsCount": 60
			}
		},
		{
			"_id": "I596182428901560024Hqkuq",
			"_tpl": "5d6e68b3a4b9361bca7e50b5",
			"parentId": "I59618248628542770BMNj9Z",
			"slotId": "main",
			"upd": {
				"StackObjectsCount": 60
			}
		},
		{
			"_id": "I59618246712742299sERvCQ",
			"_tpl": "5d6e6891a4b9361bd473feea",
			"parentId": "I59618248628542770BMNj9Z",
			"slotId": "main",
			"upd": {
				"StackObjectsCount": 60
			}
		},
		{
			"_id": "I596182482588785131QtFYF",
			"_tpl": "5d6e68e6a4b9361c140bcfe0",
			"parentId": "I59618248628542770BMNj9Z",
			"slotId": "main",
			"upd": {
				"StackObjectsCount": 60
			}
		},
		{
			"_id": "I59618241024128061yOsLl5",
			"_tpl": "57616a9e2459773c7a400234",
			"parentId": "I596182483297617787cI100",
			"slotId": "4",
			"location": {
				"x": 0,
				"y": 0,
				"r": "Horizontal"
			}
		},
		{
			"_id": "I59618249707966986Zqm72K",
			"_tpl": "5d6e68d1a4b93622fe60e845",
			"parentId": "I59618241024128061yOsLl5",
			"slotId": "cartridges",
			"upd": {
				"StackObjectsCount": 5
			}
		},
		{
			"_id": "I596182429749142641dJJ4a",
			"_tpl": "57616a9e2459773c7a400234",
			"parentId": "I596182483297617787cI100",
			"slotId": "6",
			"location": {
				"x": 0,
				"y": 0,
				"r": "Horizontal"
			}
		},
		{
			"_id": "I59618244479232654Ghw0Jh",
			"_tpl": "5d6fbf68a4b9362233221f6b",
			"parentId": "I596182429749142641dJJ4a",
			"slotId": "cartridges",
			"upd": {
				"StackObjectsCount": 5
			}
		},
		{
			"_id": "I59618244161649553WMKqAL",
			"_tpl": "5d6e68a8a4b9360b6c0d54e2",
			"parentId": "I596182483297617787cI100",
			"slotId": "1",
			"upd": {
				"StackObjectsCount": 6
			}
		},
		{
			"_id": "I59618248514873404jKOzZI",
			"_tpl": "5d6e68dea4b9361bcc29e659",
			"parentId": "I596182483297617787cI100",
			"slotId": "7",
			"upd": {
				"StackObjectsCount": 17
			}
		},
		{
			"_id": "I59618245144569360eiYbeI",
			"_tpl": "5bffdc370db834001d23eca8",
			"parentId": "5c6687d65e9d882c8841f0fd",
			"slotId": "Scabbard"
		},
		{
			"_id": "I596182441399087833pQQy0",
			"_tpl": "5aa2ba46e5b5b000137b758d",
			"parentId": "5c6687d65e9d882c8841f0fd",
			"slotId": "Headwear"
		},
		{
			"_id": "I59618248665821173hcpArC",
			"_tpl": "572b7fa524597762b747ce82",
			"parentId": "5c6687d65e9d882c8841f0fd",
			"slotId": "FaceCover"
		},
		{
			"_id": "I59618244746080334owbNAB",
			"_tpl": "5ab8f04f86f774585f4237d8",
			"parentId": "5c6687d65e9d882c8841f0fd",
			"slotId": "Backpack"
		},
		{
			"_id": "I596182441554412905JQryj",
			"_tpl": "5780cfa52459777dfb276eb1",
			"parentId": "I59618244746080334owbNAB",
			"slotId": "main",
			"location": {
				"x": 0,
				"y": 0,
				"r": "Horizontal"
			}
		},
		{
			"_id": "I59618242679030832dMcGv9",
			"_tpl": "5df8a2ca86f7740bfe6df777",
			"parentId": "5c6687d65e9d882c8841f0fd",
			"slotId": "ArmorVest",
			"upd": {
				"Repairable": {
					"MaxDurability": 80,
					"Durability": 67
				}
			}
		},
		{
			"_id": "I59618248122095606FhYSse",
			"_tpl": "5e2aedd986f7746d404f3aa4",
			"parentId": "5c6687d65e9d882c8841f121",
			"slotId": "pocket1",
			"location": {
				"x": 0,
				"y": 0,
				"r": "Horizontal"
			},
			"upd": {
				"SpawnedInSession": true
			}
		}
	],
	"equipment": "5c6687d65e9d882c8841f0fd",
	"stash": "5c6687d65e9d882c8841f0fc",
	"questRaidItems": "5c6687d65e9d882c8841f0fe",
	"questStashItems": "5c6687d65e9d882c8841f0ff",
	"fastPanel": {}
}