{
	"items": [
		{
			"_id": "5c6687d65e9d882c8841f0fd",
			"_tpl": "55d7217a4bdc2d86028b456d"
		},
		{
			"_id": "5c6687d65e9d882c8841f121",
			"_tpl": "557ffd194bdc2d28148b457f",
			"parentId": "5c6687d65e9d882c8841f0fd",
			"slotId": "Pockets"
		},
		{
			"_id": "5c6687d65e9d882c8841f0fc",
			"_tpl": "566abbc34bdc2d92178b4576"
		},
		{
			"_id": "5c6687d65e9d882c8841f0ff",
			"_tpl": "5963866b86f7747bfa1c4462"
		},
		{
			"_id": "5c6687d65e9d882c8841f0fe",
			"_tpl": "5963866286f7747bf429b572"
		},
		{
			"_id": "I59618238447246616vq78Kx",
			"_tpl": "59e7643b86f7742cbf2c109a",
			"parentId": "5c6687d65e9d882c8841f0fd",
			"slotId": "TacticalVest"
		},
		{
			"_id": "I331021172295131283iAtis",
			"_tpl": "57dc2fa62459775949412633",
			"parentId": "5c6687d65e9d882c8841f0fd",
			"slotId": "FirstPrimaryWeapon",
			"upd": {
				"Repairable": {
					"MaxDurability": 100,
					"Durability": 28
				}
			}
		},
		{
			"_id": "I331021179895753027zqXMY",
			"_tpl": "57e3dba62459770f0c32322b",
			"parentId": "I331021172295131283iAtis",
			"slotId": "mod_pistol_grip"
		},
		{
			"_id": "I59618233492955970JRQS9b",
			"_tpl": "55d4837c4bdc2d1d4e8b456c",
			"parentId": "I331021172295131283iAtis",
			"slotId": "mod_magazine"
		},
		{
			"_id": "I59618235365892701ZsiK8l",
			"_tpl": "56dff2ced2720bb4668b4567",
			"parentId": "I59618233492955970JRQS9b",
			"slotId": "cartridges",
			"upd": {
				"StackObjectsCount": 10
			}
		},
		{
			"_id": "I331021177967284261Fgl5k",
			"_tpl": "57dc324a24597759501edc20",
			"parentId": "I331021172295131283iAtis",
			"slotId": "mod_muzzle"
		},
		{
			"_id": "I331021175482176210fLGPi",
			"_tpl": "59d36a0086f7747e673f3946",
			"parentId": "I331021172295131283iAtis",
			"slotId": "mod_gas_block"
		},
		{
			"_id": "I331021171408958402HrbPn",
			"_tpl": "56dfef82d2720bbd668b4567",
			"parentId": "I331021179769622561Kmxrw",
			"slotId": "cartridges",
			"location": 0,
			"upd": {
				"StackObjectsCount": 30
			}
		},
		{
			"_id": "I331021172468972701AZA8j",
			"_tpl": "57dc32dc245977596d4ef3d3",
			"parentId": "I331021175482176210fLGPi",
			"slotId": "mod_handguard"
		},
		{
			"_id": "I59618233191259845ZU600X",
			"_tpl": "5857a8bc2459772bad15db29",
			"parentId": "5c6687d65e9d882c8841f0fd",
			"slotId": "SecuredContainer"
		},
		{
			"_id": "I59618239965063641IxYKxR",
			"_tpl": "56dff216d2720bbd668b4568",
			"parentId": "I59618233191259845ZU600X",
			"slotId": "main",
			"upd": {
				"StackObjectsCount": 60
			}
		},
		{
			"_id": "I59618239338066709qvOdzQ",
			"_tpl": "56dff421d2720b5f5a8b4567",
			"parentId": "I59618233191259845ZU600X",
			"slotId": "main",
			"upd": {
				"StackObjectsCount": 60
			}
		},
		{
			"_id": "I596182332182407367sEL8x",
			"_tpl": "56dff061d2720bb5668b4567",
			"parentId": "I59618233191259845ZU600X",
			"slotId": "main",
			"upd": {
				"StackObjectsCount": 60
			}
		},
		{
			"_id": "I59618234046389721sJFzg4",
			"_tpl": "56dff338d2720bbd668b4569",
			"parentId": "I59618233191259845ZU600X",
			"slotId": "main",
			"upd": {
				"StackObjectsCount": 60
			}
		},
		{
			"_id": "I59618233198398482Q5KqBM",
			"_tpl": "56dff026d2720bb8668b4567",
			"parentId": "I59618233191259845ZU600X",
			"slotId": "main",
			"upd": {
				"StackObjectsCount": 60
			}
		},
		{
			"_id": "I59618237669452295KPDnms",
			"_tpl": "56dff338d2720bbd668b4569",
			"parentId": "I59618233191259845ZU600X",
			"slotId": "main",
			"upd": {
				"StackObjectsCount": 60
			}
		},
		{
			"_id": "I59618231130921376xFvEEW",
			"_tpl": "56dfef82d2720bbd668b4567",
			"parentId": "I59618233191259845ZU600X",
			"slotId": "main",
			"upd": {
				"StackObjectsCount": 60
			}
		},
		{
			"_id": "I59618234423576525Ba9HtJ",
			"_tpl": "56dff338d2720bbd668b4569",
			"parentId": "I59618233191259845ZU600X",
			"slotId": "main",
			"upd": {
				"StackObjectsCount": 60
			}
		},
		{
			"_id": "I59618232887427721xvrBqu",
			"_tpl": "56dff026d2720bb8668b4567",
			"parentId": "I59618233191259845ZU600X",
			"slotId": "main",
			"upd": {
				"StackObjectsCount": 60
			}
		},
		{
			"_id": "I59618234905595863ca691Y",
			"_tpl": "55d4837c4bdc2d1d4e8b456c",
			"parentId": "I59618238447246616vq78Kx",
			"slotId": "3",
			"location": {
				"x": 0,
				"y": 0,
				"r": "Horizontal"
			}
		},
		{
			"_id": "I59618236935442017rWkk24",
			"_tpl": "56dff4ecd2720b5f5a8b4568",
			"parentId": "I59618234905595863ca691Y",
			"slotId": "cartridges",
			"upd": {
				"StackObjectsCount": 10
			}
		},
		{
			"_id": "I59618238444796370m1PxhY",
			"_tpl": "55d4837c4bdc2d1d4e8b456c",
			"parentId": "I59618238447246616vq78Kx",
			"slotId": "3",
			"location": {
				"x": 0,
				"y": 1,
				"r": "Horizontal"
			}
		},
		{
			"_id": "I596182319532441490BcNvc",
			"_tpl": "56dff0bed2720bb0668b4567",
			"parentId": "I59618238444796370m1PxhY",
			"slotId": "cartridges",
			"upd": {
				"StackObjectsCount": 10
			}
		},
		{
			"_id": "I59618235159404529FjsX7h",
			"_tpl": "56dff061d2720bb5668b4567",
			"parentId": "I59618238447246616vq78Kx",
			"slotId": "5",
			"upd": {
				"StackObjectsCount": 17
			}
		},
		{
			"_id": "I59618238488693984N5iNnO",
			"_tpl": "54491bb74bdc2d09088b4567",
			"parentId": "5c6687d65e9d882c8841f0fd",
			"slotId": "Scabbard"
		},
		{
			"_id": "I59618236529617118HZ0svR",
			"_tpl": "5aa2b89be5b5b0001569311f",
			"parentId": "5c6687d65e9d882c8841f0fd",
			"slotId": "Headwear"
		},
		{
			"_id": "I59618239817230953HvZWLs",
			"_tpl": "5c0d32fcd174af02a1659c75",
			"parentId": "5c6687d65e9d882c8841f0fd",
			"slotId": "Eyewear"
		},
		{
			"_id": "I59618238495746633dKZY7k",
			"_tpl": "5c0e541586f7747fa54205c9",
			"parentId": "5c6687d65e9d882c8841f0fd",
			"slotId": "ArmorVest",
			"upd": {
				"Repairable": {
					"MaxDurability": 60,
					"Durability": 10
				}
			}
		},
		{
			"_id": "I59618234918203339UcP6MU",
			"_tpl": "5c05300686f7746dce784e5d",
			"parentId": "5c6687d65e9d882c8841f121",
			"slotId": "pocket1",
			"location": {
				"x": 0,
				"y": 0,
				"r": "Horizontal"
			},
			"upd": {
				"SpawnedInSession": true
			}
		},
		{
			"_id": "I596182371737159434UaBSx",
			"_tpl": "5913877a86f774432f15d444",
			"parentId": "5c6687d65e9d882c8841f121",
			"slotId": "pocket2",
			"location": {
				"x": 0,
				"y": 0,
				"r": "Horizontal"
			},
			"upd": {
				"SpawnedInSession": true
			}
		}
	],
	"equipment": "5c6687d65e9d882c8841f0fd",
	"stash": "5c6687d65e9d882c8841f0fc",
	"questRaidItems": "5c6687d65e9d882c8841f0fe",
	"questStashItems": "5c6687d65e9d882c8841f0ff",
	"fastPanel": {}
}