{
	"items": [
		{
			"_id": "5c6687d65e9d882c8841f0fd",
			"_tpl": "55d7217a4bdc2d86028b456d"
		},
		{
			"_id": "5c6687d65e9d882c8841f121",
			"_tpl": "557ffd194bdc2d28148b457f",
			"parentId": "5c6687d65e9d882c8841f0fd",
			"slotId": "Pockets"
		},
		{
			"_id": "5c6687d65e9d882c8841f0fc",
			"_tpl": "566abbc34bdc2d92178b4576"
		},
		{
			"_id": "5c6687d65e9d882c8841f0ff",
			"_tpl": "5963866b86f7747bfa1c4462"
		},
		{
			"_id": "5c6687d65e9d882c8841f0fe",
			"_tpl": "5963866286f7747bf429b572"
		},
		{
			"_id": "I59618247029233078W86upz",
			"_tpl": "5d5d8ca986f7742798716522",
			"parentId": "5c6687d65e9d882c8841f0fd",
			"slotId": "TacticalVest"
		},
		{
			"_id": "I331021328994053711isLrj",
			"_tpl": "57dc2fa62459775949412633",
			"parentId": "5c6687d65e9d882c8841f0fd",
			"slotId": "FirstPrimaryWeapon",
			"upd": {
				"Repairable": {
					"MaxDurability": 100,
					"Durability": 54
				}
			}
		},
		{
			"_id": "I331021328877775295QjES9",
			"_tpl": "57e3dba62459770f0c32322b",
			"parentId": "I331021328994053711isLrj",
			"slotId": "mod_pistol_grip"
		},
		{
			"_id": "I59618245298784288H4kr7R",
			"_tpl": "55d482194bdc2d1d4e8b456b",
			"parentId": "I331021328994053711isLrj",
			"slotId": "mod_magazine"
		},
		{
			"_id": "I59618241995960733hJfqPT",
			"_tpl": "56dff3afd2720bba668b4567",
			"parentId": "I59618245298784288H4kr7R",
			"slotId": "cartridges",
			"upd": {
				"StackObjectsCount": 60
			}
		},
		{
			"_id": "I331021322323260202OiO9r",
			"_tpl": "57dc324a24597759501edc20",
			"parentId": "I331021328994053711isLrj",
			"slotId": "mod_muzzle"
		},
		{
			"_id": "I331021328201500019YTmI9",
			"_tpl": "57dc334d245977597164366f",
			"parentId": "I331021328994053711isLrj",
			"slotId": "mod_reciever"
		},
		{
			"_id": "I331021324311982581eFAlM",
			"_tpl": "59d36a0086f7747e673f3946",
			"parentId": "I331021328994053711isLrj",
			"slotId": "mod_gas_block"
		},
		{
			"_id": "I331021324542751586KsXfB",
			"_tpl": "56dfef82d2720bbd668b4567",
			"parentId": "I331021326803206040JFF8O",
			"slotId": "cartridges",
			"location": 0,
			"upd": {
				"StackObjectsCount": 30
			}
		},
		{
			"_id": "I331021322949298299qlpvk",
			"_tpl": "57dc32dc245977596d4ef3d3",
			"parentId": "I331021324311982581eFAlM",
			"slotId": "mod_handguard"
		},
		{
			"_id": "I59618243057171549C3FLvJ",
			"_tpl": "5857a8bc2459772bad15db29",
			"parentId": "5c6687d65e9d882c8841f0fd",
			"slotId": "SecuredContainer"
		},
		{
			"_id": "I59618247363742264nExb97",
			"_tpl": "56dfef82d2720bbd668b4567",
			"parentId": "I59618243057171549C3FLvJ",
			"slotId": "main",
			"upd": {
				"StackObjectsCount": 60
			}
		},
		{
			"_id": "I59618242418733121RyfGGN",
			"_tpl": "56dff421d2720b5f5a8b4567",
			"parentId": "I59618243057171549C3FLvJ",
			"slotId": "main",
			"upd": {
				"StackObjectsCount": 60
			}
		},
		{
			"_id": "I59618242005488333oV2WDr",
			"_tpl": "56dfef82d2720bbd668b4567",
			"parentId": "I59618243057171549C3FLvJ",
			"slotId": "main",
			"upd": {
				"StackObjectsCount": 60
			}
		},
		{
			"_id": "I59618247439405699T4gahI",
			"_tpl": "56dfef82d2720bbd668b4567",
			"parentId": "I59618243057171549C3FLvJ",
			"slotId": "main",
			"upd": {
				"StackObjectsCount": 60
			}
		},
		{
			"_id": "I59618245117829050b48Vab",
			"_tpl": "56dff2ced2720bb4668b4567",
			"parentId": "I59618243057171549C3FLvJ",
			"slotId": "main",
			"upd": {
				"StackObjectsCount": 60
			}
		},
		{
			"_id": "I59618246567806731WoAWTW",
			"_tpl": "56dff4ecd2720b5f5a8b4568",
			"parentId": "I59618243057171549C3FLvJ",
			"slotId": "main",
			"upd": {
				"StackObjectsCount": 60
			}
		},
		{
			"_id": "I59618241637992406pyo4Ia",
			"_tpl": "56dff061d2720bb5668b4567",
			"parentId": "I59618243057171549C3FLvJ",
			"slotId": "main",
			"upd": {
				"StackObjectsCount": 60
			}
		},
		{
			"_id": "I59618249394575184hBMXKI",
			"_tpl": "56dff3afd2720bba668b4567",
			"parentId": "I59618243057171549C3FLvJ",
			"slotId": "main",
			"upd": {
				"StackObjectsCount": 60
			}
		},
		{
			"_id": "I59618242108814793Z5kape",
			"_tpl": "56dff216d2720bbd668b4568",
			"parentId": "I59618243057171549C3FLvJ",
			"slotId": "main",
			"upd": {
				"StackObjectsCount": 60
			}
		},
		{
			"_id": "I59618248936779928nL4Cw9",
			"_tpl": "5cbdaf89ae9215000e5b9c94",
			"parentId": "I59618247029233078W86upz",
			"slotId": "2",
			"location": {
				"x": 0,
				"y": 0,
				"r": "Horizontal"
			}
		},
		{
			"_id": "I59618247681106432ZtBZ4i",
			"_tpl": "56dff338d2720bbd668b4569",
			"parentId": "I59618248936779928nL4Cw9",
			"slotId": "cartridges",
			"upd": {
				"StackObjectsCount": 30
			}
		},
		{
			"_id": "I59618245113656086IeLy4W",
			"_tpl": "5cbdaf89ae9215000e5b9c94",
			"parentId": "I59618247029233078W86upz",
			"slotId": "1",
			"location": {
				"x": 0,
				"y": 0,
				"r": "Horizontal"
			}
		},
		{
			"_id": "I596182487698599901Pjl6n",
			"_tpl": "56dfef82d2720bbd668b4567",
			"parentId": "I59618245113656086IeLy4W",
			"slotId": "cartridges",
			"upd": {
				"StackObjectsCount": 30
			}
		},
		{
			"_id": "I596182425707202139ODqMw",
			"_tpl": "5cbdaf89ae9215000e5b9c94",
			"parentId": "I59618247029233078W86upz",
			"slotId": "1",
			"location": {
				"x": 1,
				"y": 0,
				"r": "Horizontal"
			}
		},
		{
			"_id": "I59618249450687897zkeuU1",
			"_tpl": "56dfef82d2720bbd668b4567",
			"parentId": "I596182425707202139ODqMw",
			"slotId": "cartridges",
			"upd": {
				"StackObjectsCount": 30
			}
		},
		{
			"_id": "I59618247579848548YyjDAC",
			"_tpl": "57e26ea924597715ca604a09",
			"parentId": "5c6687d65e9d882c8841f0fd",
			"slotId": "Scabbard"
		},
		{
			"_id": "I59618246510989175hbgJAp",
			"_tpl": "5b4329075acfc400153b78ff",
			"parentId": "5c6687d65e9d882c8841f0fd",
			"slotId": "Headwear"
		},
		{
			"_id": "I59618243967455747zPeLP4",
			"_tpl": "544a5cde4bdc2d39388b456b",
			"parentId": "5c6687d65e9d882c8841f0fd",
			"slotId": "Backpack"
		},
		{
			"_id": "I59618244668494270RvFfnR",
			"_tpl": "57505f6224597709a92585a9",
			"parentId": "I59618243967455747zPeLP4",
			"slotId": "main",
			"location": {
				"x": 0,
				"y": 0,
				"r": "Horizontal"
			}
		},
		{
			"_id": "I59618247797343522kIVOh1",
			"_tpl": "5672cb304bdc2dc2088b456a",
			"parentId": "I59618243967455747zPeLP4",
			"slotId": "main",
			"location": {
				"x": 0,
				"y": 1,
				"r": "Horizontal"
			}
		},
		{
			"_id": "I596182469653316727MIxKf",
			"_tpl": "5448fee04bdc2dbc018b4567",
			"parentId": "I59618243967455747zPeLP4",
			"slotId": "main",
			"location": {
				"x": 0,
				"y": 2,
				"r": "Horizontal"
			}
		},
		{
			"_id": "I59618243847591038XZDEup",
			"_tpl": "590a3b0486f7743954552bdb",
			"parentId": "I59618243967455747zPeLP4",
			"slotId": "main",
			"location": {
				"x": 1,
				"y": 0,
				"r": "Horizontal"
			}
		},
		{
			"_id": "I596182466770798433ROqAX",
			"_tpl": "5751496424597720a27126da",
			"parentId": "5c6687d65e9d882c8841f121",
			"slotId": "pocket1",
			"location": {
				"x": 0,
				"y": 0,
				"r": "Horizontal"
			},
			"upd": {
				"SpawnedInSession": true
			}
		}
	],
	"equipment": "5c6687d65e9d882c8841f0fd",
	"stash": "5c6687d65e9d882c8841f0fc",
	"questRaidItems": "5c6687d65e9d882c8841f0fe",
	"questStashItems": "5c6687d65e9d882c8841f0ff",
	"fastPanel": {}
}