{
	"items": [
		{
			"_id": "5c6687d65e9d882c8841f0fd",
			"_tpl": "55d7217a4bdc2d86028b456d"
		},
		{
			"_id": "5c6687d65e9d882c8841f121",
			"_tpl": "557ffd194bdc2d28148b457f",
			"parentId": "5c6687d65e9d882c8841f0fd",
			"slotId": "Pockets"
		},
		{
			"_id": "5c6687d65e9d882c8841f0fc",
			"_tpl": "566abbc34bdc2d92178b4576"
		},
		{
			"_id": "5c6687d65e9d882c8841f0ff",
			"_tpl": "5963866b86f7747bfa1c4462"
		},
		{
			"_id": "5c6687d65e9d882c8841f0fe",
			"_tpl": "5963866286f7747bf429b572"
		},
		{
			"_id": "I59618241041407166YGIdk2",
			"_tpl": "5648a69d4bdc2ded0b8b457b",
			"parentId": "5c6687d65e9d882c8841f0fd",
			"slotId": "TacticalVest"
		},
		{
			"_id": "I210051564524937437QQu9A",
			"_tpl": "5b0bbe4e5acfc40dc528a72d",
			"parentId": "5c6687d65e9d882c8841f0fd",
			"slotId": "FirstPrimaryWeapon",
			"upd": {
				"Repairable": {
					"MaxDurability": 100,
					"Durability": 52
				}
			}
		},
		{
			"_id": "I2100515656213865747DIaP",
			"_tpl": "5b099b965acfc400186331e6",
			"parentId": "I210051564524937437QQu9A",
			"slotId": "mod_pistol_grip"
		},
		{
			"_id": "I596182494917179653vnmBB",
			"_tpl": "5b7c2d1d5acfc43d1028532a",
			"parentId": "I210051564524937437QQu9A",
			"slotId": "mod_magazine"
		},
		{
			"_id": "I596182438172349748Dv0LK",
			"_tpl": "5a6086ea4f39f99cd479502f",
			"parentId": "I596182494917179653vnmBB",
			"slotId": "cartridges",
			"upd": {
				"StackObjectsCount": 20
			}
		},
		{
			"_id": "I2100515640686292192Nkgj",
			"_tpl": "5b099a9d5acfc47a8607efe7",
			"parentId": "I210051564524937437QQu9A",
			"slotId": "mod_handguard"
		},
		{
			"_id": "I210051563936009593yb5AZ",
			"_tpl": "5b099a765acfc47a8607efe3",
			"parentId": "I210051564524937437QQu9A",
			"slotId": "mod_barrel"
		},
		{
			"_id": "I210051566950898922eA2hw",
			"_tpl": "5b0bc22d5acfc47a8607f085",
			"parentId": "I210051564524937437QQu9A",
			"slotId": "mod_sight_rear",
			"upd": {
				"Sight": {
					"SelectedSightMode": 0
				}
			}
		},
		{
			"_id": "I2100515665942252723PnBm",
			"_tpl": "5b7d6c105acfc40015109a5f",
			"parentId": "I210051564524937437QQu9A",
			"slotId": "mod_reciever"
		},
		{
			"_id": "I210051561250280750t0nAA",
			"_tpl": "5b099b7d5acfc400186331e4",
			"parentId": "I210051563936009593yb5AZ",
			"slotId": "mod_muzzle"
		},
		{
			"_id": "I59618243327693361xbR8gt",
			"_tpl": "5857a8bc2459772bad15db29",
			"parentId": "5c6687d65e9d882c8841f0fd",
			"slotId": "SecuredContainer"
		},
		{
			"_id": "I59618245830975143J4Fjnk",
			"_tpl": "5a6086ea4f39f99cd479502f",
			"parentId": "I59618243327693361xbR8gt",
			"slotId": "main",
			"upd": {
				"StackObjectsCount": 60
			}
		},
		{
			"_id": "I59618243849484491DyA7WC",
			"_tpl": "5e023e6e34d52a55c3304f71",
			"parentId": "I59618243327693361xbR8gt",
			"slotId": "main",
			"upd": {
				"StackObjectsCount": 60
			}
		},
		{
			"_id": "I59618242123783200HzpuDS",
			"_tpl": "5e023e6e34d52a55c3304f71",
			"parentId": "I59618243327693361xbR8gt",
			"slotId": "main",
			"upd": {
				"StackObjectsCount": 60
			}
		},
		{
			"_id": "I59618247985216316MnJmFn",
			"_tpl": "5e023e88277cce2b522ff2b1",
			"parentId": "I59618243327693361xbR8gt",
			"slotId": "main",
			"upd": {
				"StackObjectsCount": 60
			}
		},
		{
			"_id": "I59618241272020842R1YzAg",
			"_tpl": "58dd3ad986f77403051cba8f",
			"parentId": "I59618243327693361xbR8gt",
			"slotId": "main",
			"upd": {
				"StackObjectsCount": 60
			}
		},
		{
			"_id": "I59618244417083636Zm5RMX",
			"_tpl": "5a608bf24f39f98ffc77720e",
			"parentId": "I59618243327693361xbR8gt",
			"slotId": "main",
			"upd": {
				"StackObjectsCount": 60
			}
		},
		{
			"_id": "I596182464552788004RKmCY",
			"_tpl": "5e023e53d4353e3302577c4c",
			"parentId": "I59618243327693361xbR8gt",
			"slotId": "main",
			"upd": {
				"StackObjectsCount": 60
			}
		},
		{
			"_id": "I5961824635419646921Kt3Q",
			"_tpl": "5a608bf24f39f98ffc77720e",
			"parentId": "I59618243327693361xbR8gt",
			"slotId": "main",
			"upd": {
				"StackObjectsCount": 60
			}
		},
		{
			"_id": "I596182432157127567rmC8S",
			"_tpl": "5e023e53d4353e3302577c4c",
			"parentId": "I59618243327693361xbR8gt",
			"slotId": "main",
			"upd": {
				"StackObjectsCount": 60
			}
		},
		{
			"_id": "I59618247495724257qLPnRH",
			"_tpl": "5b7bef9c5acfc43d102852ec",
			"parentId": "I59618241041407166YGIdk2",
			"slotId": "1",
			"location": {
				"x": 0,
				"y": 0,
				"r": "Horizontal"
			}
		},
		{
			"_id": "I59618246332250826TdZ7N6",
			"_tpl": "5e023e88277cce2b522ff2b1",
			"parentId": "I59618247495724257qLPnRH",
			"slotId": "cartridges",
			"upd": {
				"StackObjectsCount": 50
			}
		},
		{
			"_id": "I59618248043144040o4MBoA",
			"_tpl": "5b7bef9c5acfc43d102852ec",
			"parentId": "I59618241041407166YGIdk2",
			"slotId": "3",
			"location": {
				"x": 0,
				"y": 0,
				"r": "Horizontal"
			}
		},
		{
			"_id": "I59618246753070156mYQFnF",
			"_tpl": "5e023e6e34d52a55c3304f71",
			"parentId": "I59618248043144040o4MBoA",
			"slotId": "cartridges",
			"upd": {
				"StackObjectsCount": 50
			}
		},
		{
			"_id": "I59618246812368275UKXDFF",
			"_tpl": "5b7bef9c5acfc43d102852ec",
			"parentId": "I59618241041407166YGIdk2",
			"slotId": "10",
			"location": {
				"x": 0,
				"y": 0,
				"r": "Horizontal"
			}
		},
		{
			"_id": "I59618249407959093aEoRsF",
			"_tpl": "5e023e53d4353e3302577c4c",
			"parentId": "I59618246812368275UKXDFF",
			"slotId": "cartridges",
			"upd": {
				"StackObjectsCount": 50
			}
		},
		{
			"_id": "I59618247287889052UDNjOV",
			"_tpl": "5b7bef9c5acfc43d102852ec",
			"parentId": "I59618241041407166YGIdk2",
			"slotId": "5",
			"location": {
				"x": 0,
				"y": 0,
				"r": "Horizontal"
			}
		},
		{
			"_id": "I59618247382080122HVyelC",
			"_tpl": "5e023e6e34d52a55c3304f71",
			"parentId": "I59618247287889052UDNjOV",
			"slotId": "cartridges",
			"upd": {
				"StackObjectsCount": 50
			}
		},
		{
			"_id": "I59618242644380891oM88gz",
			"_tpl": "5b7bef9c5acfc43d102852ec",
			"parentId": "I59618241041407166YGIdk2",
			"slotId": "5",
			"location": {
				"x": 1,
				"y": 0,
				"r": "Horizontal"
			}
		},
		{
			"_id": "I59618244494028066dd3Z1d",
			"_tpl": "5a6086ea4f39f99cd479502f",
			"parentId": "I59618242644380891oM88gz",
			"slotId": "cartridges",
			"upd": {
				"StackObjectsCount": 50
			}
		},
		{
			"_id": "I596182417669645933UVp46",
			"_tpl": "5a608bf24f39f98ffc77720e",
			"parentId": "I59618241041407166YGIdk2",
			"slotId": "6",
			"upd": {
				"StackObjectsCount": 33
			}
		},
		{
			"_id": "I596182471896347803CQE9t",
			"_tpl": "5a608bf24f39f98ffc77720e",
			"parentId": "I59618241041407166YGIdk2",
			"slotId": "8",
			"upd": {
				"StackObjectsCount": 9
			}
		},
		{
			"_id": "I59618242394276123zqbycF",
			"_tpl": "5bffdc370db834001d23eca8",
			"parentId": "5c6687d65e9d882c8841f0fd",
			"slotId": "Scabbard"
		},
		{
			"_id": "I59618248373420451T9HPCe",
			"_tpl": "5c1a1cc52e221602b3136e3d",
			"parentId": "5c6687d65e9d882c8841f0fd",
			"slotId": "Eyewear"
		},
		{
			"_id": "I59618247500605438X5d8gq",
			"_tpl": "572b7f1624597762ae139822",
			"parentId": "5c6687d65e9d882c8841f0fd",
			"slotId": "FaceCover"
		},
		{
			"_id": "I59618242273227383yJGiqG",
			"_tpl": "56e33680d2720be2748b4576",
			"parentId": "5c6687d65e9d882c8841f0fd",
			"slotId": "Backpack"
		},
		{
			"_id": "I59618242874200992kmg9KK",
			"_tpl": "5af04b6486f774195a3ebb49",
			"parentId": "5c6687d65e9d882c8841f121",
			"slotId": "pocket1",
			"location": {
				"x": 0,
				"y": 0,
				"r": "Horizontal"
			},
			"upd": {
				"SpawnedInSession": true
			}
		},
		{
			"_id": "I596182432726964140zzKyL",
			"_tpl": "5ad5cfbd86f7742c825d6104",
			"parentId": "5c6687d65e9d882c8841f121",
			"slotId": "pocket2",
			"location": {
				"x": 0,
				"y": 0,
				"r": "Horizontal"
			},
			"upd": {
				"SpawnedInSession": true
			}
		},
		{
			"_id": "I59618248274089157VeLY9U",
			"_tpl": "590c2c9c86f774245b1f03f2",
			"parentId": "5c6687d65e9d882c8841f121",
			"slotId": "pocket3",
			"location": {
				"x": 0,
				"y": 0,
				"r": "Horizontal"
			},
			"upd": {
				"SpawnedInSession": true
			}
		}
	],
	"equipment": "5c6687d65e9d882c8841f0fd",
	"stash": "5c6687d65e9d882c8841f0fc",
	"questRaidItems": "5c6687d65e9d882c8841f0fe",
	"questStashItems": "5c6687d65e9d882c8841f0ff",
	"fastPanel": {}
}