{
	"items": [
		{
			"_id": "5c6687d65e9d882c8841f0fd",
			"_tpl": "55d7217a4bdc2d86028b456d"
		},
		{
			"_id": "5c6687d65e9d882c8841f121",
			"_tpl": "557ffd194bdc2d28148b457f",
			"parentId": "5c6687d65e9d882c8841f0fd",
			"slotId": "Pockets"
		},
		{
			"_id": "5c6687d65e9d882c8841f0fc",
			"_tpl": "566abbc34bdc2d92178b4576"
		},
		{
			"_id": "5c6687d65e9d882c8841f0ff",
			"_tpl": "5963866b86f7747bfa1c4462"
		},
		{
			"_id": "5c6687d65e9d882c8841f0fe",
			"_tpl": "5963866286f7747bf429b572"
		},
		{
			"_id": "I59618243508577191SuXTiq",
			"_tpl": "5648a69d4bdc2ded0b8b457b",
			"parentId": "5c6687d65e9d882c8841f0fd",
			"slotId": "TacticalVest"
		},
		{
			"_id": "I33102303730031505TZLMDy",
			"_tpl": "583990e32459771419544dd2",
			"parentId": "5c6687d65e9d882c8841f0fd",
			"slotId": "FirstPrimaryWeapon",
			"upd": {
				"Repairable": {
					"MaxDurability": 100,
					"Durability": 46
				}
			}
		},
		{
			"_id": "I33102307989103931N2Kw00",
			"_tpl": "5649ad3f4bdc2df8348b4585",
			"parentId": "I33102303730031505TZLMDy",
			"slotId": "mod_pistol_grip"
		},
		{
			"_id": "I5961824864667770410LPGp",
			"_tpl": "5cbdaf89ae9215000e5b9c94",
			"parentId": "I33102303730031505TZLMDy",
			"slotId": "mod_magazine"
		},
		{
			"_id": "I59618243508859942JgGji2",
			"_tpl": "56dff421d2720b5f5a8b4567",
			"parentId": "I5961824864667770410LPGp",
			"slotId": "cartridges",
			"upd": {
				"StackObjectsCount": 30
			}
		},
		{
			"_id": "I33102308164590742qZRmUg",
			"_tpl": "57dc324a24597759501edc20",
			"parentId": "I33102303730031505TZLMDy",
			"slotId": "mod_muzzle"
		},
		{
			"_id": "I33102309203048350rvJr4i",
			"_tpl": "59d36a0086f7747e673f3946",
			"parentId": "I33102303730031505TZLMDy",
			"slotId": "mod_gas_block"
		},
		{
			"_id": "I33102302388811623UyrSOM",
			"_tpl": "56dfef82d2720bbd668b4567",
			"parentId": "I33102303015895963IGu8iz",
			"slotId": "cartridges",
			"location": 0,
			"upd": {
				"StackObjectsCount": 30
			}
		},
		{
			"_id": "I33102301697240347uAkuT7",
			"_tpl": "57dc32dc245977596d4ef3d3",
			"parentId": "I33102309203048350rvJr4i",
			"slotId": "mod_handguard"
		},
		{
			"_id": "I59618245909090177IF2te5",
			"_tpl": "5857a8bc2459772bad15db29",
			"parentId": "5c6687d65e9d882c8841f0fd",
			"slotId": "SecuredContainer"
		},
		{
			"_id": "I59618243770855491QyDVZo",
			"_tpl": "56dfef82d2720bbd668b4567",
			"parentId": "I59618245909090177IF2te5",
			"slotId": "main",
			"upd": {
				"StackObjectsCount": 60
			}
		},
		{
			"_id": "I59618247662840685xrruNa",
			"_tpl": "56dff3afd2720bba668b4567",
			"parentId": "I59618245909090177IF2te5",
			"slotId": "main",
			"upd": {
				"StackObjectsCount": 60
			}
		},
		{
			"_id": "I59618249161170330WRuzs5",
			"_tpl": "56dff0bed2720bb0668b4567",
			"parentId": "I59618245909090177IF2te5",
			"slotId": "main",
			"upd": {
				"StackObjectsCount": 60
			}
		},
		{
			"_id": "I59618245681284978dmhy9p",
			"_tpl": "56dff3afd2720bba668b4567",
			"parentId": "I59618245909090177IF2te5",
			"slotId": "main",
			"upd": {
				"StackObjectsCount": 60
			}
		},
		{
			"_id": "I5961824760200287309iPMJ",
			"_tpl": "56dff3afd2720bba668b4567",
			"parentId": "I59618245909090177IF2te5",
			"slotId": "main",
			"upd": {
				"StackObjectsCount": 60
			}
		},
		{
			"_id": "I59618245658665919WRLGJj",
			"_tpl": "56dff4ecd2720b5f5a8b4568",
			"parentId": "I59618245909090177IF2te5",
			"slotId": "main",
			"upd": {
				"StackObjectsCount": 60
			}
		},
		{
			"_id": "I59618243721486014GXO02o",
			"_tpl": "5c0d5e4486f77478390952fe",
			"parentId": "I59618245909090177IF2te5",
			"slotId": "main",
			"upd": {
				"StackObjectsCount": 60
			}
		},
		{
			"_id": "I59618245327721139dNZJEO",
			"_tpl": "56dff338d2720bbd668b4569",
			"parentId": "I59618245909090177IF2te5",
			"slotId": "main",
			"upd": {
				"StackObjectsCount": 60
			}
		},
		{
			"_id": "I59618247246359205LGEMSv",
			"_tpl": "56dff061d2720bb5668b4567",
			"parentId": "I59618245909090177IF2te5",
			"slotId": "main",
			"upd": {
				"StackObjectsCount": 60
			}
		},
		{
			"_id": "I59618242294614336PpYFns",
			"_tpl": "544fb37f4bdc2dee738b4567",
			"parentId": "I59618243508577191SuXTiq",
			"slotId": "1"
		},
		{
			"_id": "I59618242401003332x7YWh3",
			"_tpl": "5aaa4194e5b5b055d06310a5",
			"parentId": "I59618243508577191SuXTiq",
			"slotId": "2",
			"location": {
				"x": 0,
				"y": 0,
				"r": "Horizontal"
			}
		},
		{
			"_id": "I59618242393707227ZTyKdy",
			"_tpl": "56dff4a2d2720bbd668b456a",
			"parentId": "I59618242401003332x7YWh3",
			"slotId": "cartridges",
			"upd": {
				"StackObjectsCount": 30
			}
		},
		{
			"_id": "I59618242308412501a91jTK",
			"_tpl": "5aaa4194e5b5b055d06310a5",
			"parentId": "I59618243508577191SuXTiq",
			"slotId": "4",
			"location": {
				"x": 0,
				"y": 0,
				"r": "Horizontal"
			}
		},
		{
			"_id": "I59618247273679203FYGqAY",
			"_tpl": "56dff026d2720bb8668b4567",
			"parentId": "I59618242308412501a91jTK",
			"slotId": "cartridges",
			"upd": {
				"StackObjectsCount": 30
			}
		},
		{
			"_id": "I59618246675925071C1HGS5",
			"_tpl": "5aaa4194e5b5b055d06310a5",
			"parentId": "I59618243508577191SuXTiq",
			"slotId": "11",
			"location": {
				"x": 0,
				"y": 0,
				"r": "Horizontal"
			}
		},
		{
			"_id": "I59618242354299378AcvXbB",
			"_tpl": "56dff4ecd2720b5f5a8b4568",
			"parentId": "I59618246675925071C1HGS5",
			"slotId": "cartridges",
			"upd": {
				"StackObjectsCount": 30
			}
		},
		{
			"_id": "I59618242230219801vhvhsw",
			"_tpl": "5e32f56fcb6d5863cc5e5ee4",
			"parentId": "I59618243508577191SuXTiq",
			"slotId": "5"
		},
		{
			"_id": "I59618249980254035APatJt",
			"_tpl": "5aaa4194e5b5b055d06310a5",
			"parentId": "I59618243508577191SuXTiq",
			"slotId": "5",
			"location": {
				"x": 1,
				"y": 0,
				"r": "Horizontal"
			}
		},
		{
			"_id": "I59618242917570961BJd1RL",
			"_tpl": "56dff2ced2720bb4668b4567",
			"parentId": "I59618249980254035APatJt",
			"slotId": "cartridges",
			"upd": {
				"StackObjectsCount": 30
			}
		},
		{
			"_id": "I59618243736955694LESMrK",
			"_tpl": "5e32f56fcb6d5863cc5e5ee4",
			"parentId": "I59618243508577191SuXTiq",
			"slotId": "9"
		},
		{
			"_id": "I59618249080154618RLG66b",
			"_tpl": "57e26ea924597715ca604a09",
			"parentId": "5c6687d65e9d882c8841f0fd",
			"slotId": "Scabbard"
		},
		{
			"_id": "I59618243844511713FLLFNp",
			"_tpl": "5aa2b89be5b5b0001569311f",
			"parentId": "5c6687d65e9d882c8841f0fd",
			"slotId": "Headwear"
		},
		{
			"_id": "I596182439095140493yhJNP",
			"_tpl": "5ab8f04f86f774585f4237d8",
			"parentId": "5c6687d65e9d882c8841f0fd",
			"slotId": "Backpack"
		},
		{
			"_id": "I59618246403542681au3X31",
			"_tpl": "5ab8e79e86f7742d8b372e78",
			"parentId": "5c6687d65e9d882c8841f0fd",
			"slotId": "ArmorVest",
			"upd": {
				"Repairable": {
					"MaxDurability": 65,
					"Durability": 0
				}
			}
		},
		{
			"_id": "I596182477462484477GvUdn",
			"_tpl": "59e3577886f774176a362503",
			"parentId": "5c6687d65e9d882c8841f121",
			"slotId": "pocket1",
			"location": {
				"x": 0,
				"y": 0,
				"r": "Horizontal"
			},
			"upd": {
				"SpawnedInSession": true
			}
		}
	],
	"equipment": "5c6687d65e9d882c8841f0fd",
	"stash": "5c6687d65e9d882c8841f0fc",
	"questRaidItems": "5c6687d65e9d882c8841f0fe",
	"questStashItems": "5c6687d65e9d882c8841f0ff",
	"fastPanel": {}
}