{
	"items": [
		{
			"_id": "5c6687d65e9d882c8841f0fd",
			"_tpl": "55d7217a4bdc2d86028b456d"
		},
		{
			"_id": "5c6687d65e9d882c8841f121",
			"_tpl": "557ffd194bdc2d28148b457f",
			"parentId": "5c6687d65e9d882c8841f0fd",
			"slotId": "Pockets"
		},
		{
			"_id": "5c6687d65e9d882c8841f0fc",
			"_tpl": "566abbc34bdc2d92178b4576"
		},
		{
			"_id": "5c6687d65e9d882c8841f0ff",
			"_tpl": "5963866b86f7747bfa1c4462"
		},
		{
			"_id": "5c6687d65e9d882c8841f0fe",
			"_tpl": "5963866286f7747bf429b572"
		},
		{
			"_id": "I59618246157439209gwSN4a",
			"_tpl": "5c0e446786f7742013381639",
			"parentId": "5c6687d65e9d882c8841f0fd",
			"slotId": "TacticalVest"
		},
		{
			"_id": "I3310281122121123702Td0l",
			"_tpl": "5a0ec13bfcdbcb00165aa685",
			"parentId": "5c6687d65e9d882c8841f0fd",
			"slotId": "FirstPrimaryWeapon",
			"upd": {
				"Repairable": {
					"MaxDurability": 100,
					"Durability": 25
				}
			}
		},
		{
			"_id": "I3310281187729532922otOg",
			"_tpl": "59d64ec286f774171d1e0a42",
			"parentId": "I3310281122121123702Td0l",
			"slotId": "mod_gas_block"
		},
		{
			"_id": "I3310281193479639317e0qJ",
			"_tpl": "59d64fc686f774171b243fe2",
			"parentId": "I3310281122121123702Td0l",
			"slotId": "mod_muzzle"
		},
		{
			"_id": "I331028119542828623lpUmS",
			"_tpl": "59e62cc886f77440d40b52a1",
			"parentId": "I3310281122121123702Td0l",
			"slotId": "mod_pistol_grip"
		},
		{
			"_id": "I3310281189199626355CbXG",
			"_tpl": "59d650cf86f7741b846413a4",
			"parentId": "I3310281122121123702Td0l",
			"slotId": "mod_sight_rear",
			"upd": {
				"Sight": {
					"SelectedSightMode": 0
				}
			}
		},
		{
			"_id": "I596182497456484446qTm7E",
			"_tpl": "59d6272486f77466146386ff",
			"parentId": "I3310281122121123702Td0l",
			"slotId": "mod_magazine"
		},
		{
			"_id": "I59618241961426006va9a6e",
			"_tpl": "59e4d3d286f774176a36250a",
			"parentId": "I596182497456484446qTm7E",
			"slotId": "cartridges",
			"upd": {
				"StackObjectsCount": 30
			}
		},
		{
			"_id": "I331028115854966088QLkTo",
			"_tpl": "59d64f2f86f77417193ef8b3",
			"parentId": "I3310281187729532922otOg",
			"slotId": "mod_handguard"
		},
		{
			"_id": "I596182465071444435AyG7k",
			"_tpl": "5857a8bc2459772bad15db29",
			"parentId": "5c6687d65e9d882c8841f0fd",
			"slotId": "SecuredContainer"
		},
		{
			"_id": "I59618242679594280hZK4MC",
			"_tpl": "59e4d24686f7741776641ac7",
			"parentId": "I596182465071444435AyG7k",
			"slotId": "main",
			"upd": {
				"StackObjectsCount": 60
			}
		},
		{
			"_id": "I59618247319920017XXhR0j",
			"_tpl": "59e4cf5286f7741778269d8a",
			"parentId": "I596182465071444435AyG7k",
			"slotId": "main",
			"upd": {
				"StackObjectsCount": 60
			}
		},
		{
			"_id": "I59618247765548350toV2C0",
			"_tpl": "59e4d3d286f774176a36250a",
			"parentId": "I596182465071444435AyG7k",
			"slotId": "main",
			"upd": {
				"StackObjectsCount": 60
			}
		},
		{
			"_id": "I5961824504651374685LzW2",
			"_tpl": "5656d7c34bdc2d9d198b4587",
			"parentId": "I596182465071444435AyG7k",
			"slotId": "main",
			"upd": {
				"StackObjectsCount": 60
			}
		},
		{
			"_id": "I59618249493739048yGy2ty",
			"_tpl": "5656d7c34bdc2d9d198b4587",
			"parentId": "I596182465071444435AyG7k",
			"slotId": "main",
			"upd": {
				"StackObjectsCount": 60
			}
		},
		{
			"_id": "I59618249441541770BT5ij5",
			"_tpl": "59e0d99486f7744a32234762",
			"parentId": "I596182465071444435AyG7k",
			"slotId": "main",
			"upd": {
				"StackObjectsCount": 60
			}
		},
		{
			"_id": "I59618246714111987shmTJS",
			"_tpl": "59e0d99486f7744a32234762",
			"parentId": "I596182465071444435AyG7k",
			"slotId": "main",
			"upd": {
				"StackObjectsCount": 60
			}
		},
		{
			"_id": "I59618248691593130fQ8Gic",
			"_tpl": "59e4d24686f7741776641ac7",
			"parentId": "I596182465071444435AyG7k",
			"slotId": "main",
			"upd": {
				"StackObjectsCount": 60
			}
		},
		{
			"_id": "I59618243477580049SPNJc3",
			"_tpl": "59e4cf5286f7741778269d8a",
			"parentId": "I596182465071444435AyG7k",
			"slotId": "main",
			"upd": {
				"StackObjectsCount": 60
			}
		},
		{
			"_id": "I596182472134503570Nf0fZ",
			"_tpl": "544fb37f4bdc2dee738b4567",
			"parentId": "I59618246157439209gwSN4a",
			"slotId": "1"
		},
		{
			"_id": "I5961824834615027983sN2B",
			"_tpl": "5cfe8010d7ad1a59283b14c6",
			"parentId": "I59618246157439209gwSN4a",
			"slotId": "3",
			"location": {
				"x": 0,
				"y": 0,
				"r": "Horizontal"
			}
		},
		{
			"_id": "I596182446771310487DHP6g",
			"_tpl": "59e4d3d286f774176a36250a",
			"parentId": "I5961824834615027983sN2B",
			"slotId": "cartridges",
			"upd": {
				"StackObjectsCount": 50
			}
		},
		{
			"_id": "I59618244892532100er70MQ",
			"_tpl": "58d3db5386f77426186285a0",
			"parentId": "I59618246157439209gwSN4a",
			"slotId": "6"
		},
		{
			"_id": "I59618242344551028RgnNOI",
			"_tpl": "57e26ea924597715ca604a09",
			"parentId": "5c6687d65e9d882c8841f0fd",
			"slotId": "Scabbard"
		},
		{
			"_id": "I59618247242968272XUiEov",
			"_tpl": "5b43271c5acfc432ff4dce65",
			"parentId": "5c6687d65e9d882c8841f0fd",
			"slotId": "Headwear"
		},
		{
			"_id": "I59618249160053421WMrdxV",
			"_tpl": "572b7fa524597762b747ce82",
			"parentId": "5c6687d65e9d882c8841f0fd",
			"slotId": "FaceCover"
		},
		{
			"_id": "I59618248340300908zLEHaG",
			"_tpl": "5ab8ee7786f7742d8f33f0b9",
			"parentId": "5c6687d65e9d882c8841f0fd",
			"slotId": "Backpack"
		},
		{
			"_id": "I59618245924817243FpwUy3",
			"_tpl": "5780d0532459777a5108b9a2",
			"parentId": "I59618248340300908zLEHaG",
			"slotId": "main",
			"location": {
				"x": 0,
				"y": 0,
				"r": "Horizontal"
			}
		},
		{
			"_id": "I59618247806571915G4u0nm",
			"_tpl": "57347d9c245977448b40fa85",
			"parentId": "I59618248340300908zLEHaG",
			"slotId": "main",
			"location": {
				"x": 0,
				"y": 1,
				"r": "Horizontal"
			}
		},
		{
			"_id": "I59618246429701597rzNWRl",
			"_tpl": "544fb25a4bdc2dfb738b4567",
			"parentId": "I59618248340300908zLEHaG",
			"slotId": "main",
			"location": {
				"x": 1,
				"y": 0,
				"r": "Horizontal"
			}
		},
		{
			"_id": "I59618247376186492Gsu6w2",
			"_tpl": "590c661e86f7741e566b646a",
			"parentId": "I59618248340300908zLEHaG",
			"slotId": "main",
			"location": {
				"x": 1,
				"y": 1,
				"r": "Horizontal"
			}
		},
		{
			"_id": "I596182462769500655YHsG3",
			"_tpl": "590a3b0486f7743954552bdb",
			"parentId": "I59618248340300908zLEHaG",
			"slotId": "main",
			"location": {
				"x": 2,
				"y": 0,
				"r": "Horizontal"
			}
		},
		{
			"_id": "I59618241414071534LG5zdU",
			"_tpl": "5c06782b86f77426df5407d2",
			"parentId": "I59618248340300908zLEHaG",
			"slotId": "main",
			"location": {
				"x": 3,
				"y": 0,
				"r": "Horizontal"
			}
		},
		{
			"_id": "I59618248564744672gZFfwu",
			"_tpl": "5780cf692459777de4559321",
			"parentId": "I59618248340300908zLEHaG",
			"slotId": "main",
			"location": {
				"x": 3,
				"y": 1,
				"r": "Horizontal"
			}
		},
		{
			"_id": "I59618247765891935LyhDhf",
			"_tpl": "5c13cef886f774072e618e82",
			"parentId": "5c6687d65e9d882c8841f121",
			"slotId": "pocket1",
			"location": {
				"x": 0,
				"y": 0,
				"r": "Horizontal"
			},
			"upd": {
				"SpawnedInSession": true
			}
		}
	],
	"equipment": "5c6687d65e9d882c8841f0fd",
	"stash": "5c6687d65e9d882c8841f0fc",
	"questRaidItems": "5c6687d65e9d882c8841f0fe",
	"questStashItems": "5c6687d65e9d882c8841f0ff",
	"fastPanel": {}
}