{
	"items": [
		{
			"_id": "5c6687d65e9d882c8841f0fd",
			"_tpl": "55d7217a4bdc2d86028b456d"
		},
		{
			"_id": "5c6687d65e9d882c8841f121",
			"_tpl": "557ffd194bdc2d28148b457f",
			"parentId": "5c6687d65e9d882c8841f0fd",
			"slotId": "Pockets"
		},
		{
			"_id": "5c6687d65e9d882c8841f0fc",
			"_tpl": "566abbc34bdc2d92178b4576"
		},
		{
			"_id": "5c6687d65e9d882c8841f0ff",
			"_tpl": "5963866b86f7747bfa1c4462"
		},
		{
			"_id": "5c6687d65e9d882c8841f0fe",
			"_tpl": "5963866286f7747bf429b572"
		},
		{
			"_id": "I596182427589843216oHEze",
			"_tpl": "5648a69d4bdc2ded0b8b457b",
			"parentId": "5c6687d65e9d882c8841f0fd",
			"slotId": "TacticalVest"
		},
		{
			"_id": "I331025136497950874p6Qtu",
			"_tpl": "59d6088586f774275f37482f",
			"parentId": "5c6687d65e9d882c8841f0fd",
			"slotId": "FirstPrimaryWeapon",
			"upd": {
				"Repairable": {
					"MaxDurability": 100,
					"Durability": 28
				}
			}
		},
		{
			"_id": "I331025131155890004PGGVu",
			"_tpl": "59d64ec286f774171d1e0a42",
			"parentId": "I331025136497950874p6Qtu",
			"slotId": "mod_gas_block"
		},
		{
			"_id": "I331025132431303768wLBut",
			"_tpl": "59d64fc686f774171b243fe2",
			"parentId": "I331025136497950874p6Qtu",
			"slotId": "mod_muzzle"
		},
		{
			"_id": "I331025135897016229pLOBe",
			"_tpl": "59e62cc886f77440d40b52a1",
			"parentId": "I331025136497950874p6Qtu",
			"slotId": "mod_pistol_grip"
		},
		{
			"_id": "I3310251389087471193nWGz",
			"_tpl": "59d6507c86f7741b846413a2",
			"parentId": "I331025136497950874p6Qtu",
			"slotId": "mod_reciever"
		},
		{
			"_id": "I331025137009763301XP9S7",
			"_tpl": "59d650cf86f7741b846413a4",
			"parentId": "I331025136497950874p6Qtu",
			"slotId": "mod_sight_rear",
			"upd": {
				"Sight": {
					"SelectedSightMode": 0
				}
			}
		},
		{
			"_id": "I59618249365427513VwN9gb",
			"_tpl": "59e5d83b86f7745aed03d262",
			"parentId": "I331025136497950874p6Qtu",
			"slotId": "mod_magazine"
		},
		{
			"_id": "I59618242386914282y0Xu2G",
			"_tpl": "59e4d24686f7741776641ac7",
			"parentId": "I59618249365427513VwN9gb",
			"slotId": "cartridges",
			"upd": {
				"StackObjectsCount": 10
			}
		},
		{
			"_id": "I331025134185248693M0cHJ",
			"_tpl": "59d64f2f86f77417193ef8b3",
			"parentId": "I331025131155890004PGGVu",
			"slotId": "mod_handguard"
		},
		{
			"_id": "I596182480830608337rtm2o",
			"_tpl": "5857a8bc2459772bad15db29",
			"parentId": "5c6687d65e9d882c8841f0fd",
			"slotId": "SecuredContainer"
		},
		{
			"_id": "I59618242306606398ZpfEam",
			"_tpl": "59e4d24686f7741776641ac7",
			"parentId": "I596182480830608337rtm2o",
			"slotId": "main",
			"upd": {
				"StackObjectsCount": 60
			}
		},
		{
			"_id": "I59618243767823613OaPLcO",
			"_tpl": "5656d7c34bdc2d9d198b4587",
			"parentId": "I596182480830608337rtm2o",
			"slotId": "main",
			"upd": {
				"StackObjectsCount": 60
			}
		},
		{
			"_id": "I596182471139931269dS2H0",
			"_tpl": "59e0d99486f7744a32234762",
			"parentId": "I596182480830608337rtm2o",
			"slotId": "main",
			"upd": {
				"StackObjectsCount": 60
			}
		},
		{
			"_id": "I596182442341215737Z1UDJ",
			"_tpl": "59e4d3d286f774176a36250a",
			"parentId": "I596182480830608337rtm2o",
			"slotId": "main",
			"upd": {
				"StackObjectsCount": 60
			}
		},
		{
			"_id": "I59618248339077799OnCgb9",
			"_tpl": "59e4cf5286f7741778269d8a",
			"parentId": "I596182480830608337rtm2o",
			"slotId": "main",
			"upd": {
				"StackObjectsCount": 60
			}
		},
		{
			"_id": "I59618244740569546ooTLnW",
			"_tpl": "59e0d99486f7744a32234762",
			"parentId": "I596182480830608337rtm2o",
			"slotId": "main",
			"upd": {
				"StackObjectsCount": 60
			}
		},
		{
			"_id": "I59618247052407847MmRZq2",
			"_tpl": "59e0d99486f7744a32234762",
			"parentId": "I596182480830608337rtm2o",
			"slotId": "main",
			"upd": {
				"StackObjectsCount": 60
			}
		},
		{
			"_id": "I59618248090629217gEE4l5",
			"_tpl": "5656d7c34bdc2d9d198b4587",
			"parentId": "I596182480830608337rtm2o",
			"slotId": "main",
			"upd": {
				"StackObjectsCount": 60
			}
		},
		{
			"_id": "I596182466420090175NUBYO",
			"_tpl": "59e4cf5286f7741778269d8a",
			"parentId": "I596182480830608337rtm2o",
			"slotId": "main",
			"upd": {
				"StackObjectsCount": 60
			}
		},
		{
			"_id": "I59618246266367958GwXkLK",
			"_tpl": "59e5d83b86f7745aed03d262",
			"parentId": "I596182427589843216oHEze",
			"slotId": "1",
			"location": {
				"x": 0,
				"y": 0,
				"r": "Horizontal"
			}
		},
		{
			"_id": "I59618249452143744FhmSMq",
			"_tpl": "59e4d24686f7741776641ac7",
			"parentId": "I59618246266367958GwXkLK",
			"slotId": "cartridges",
			"upd": {
				"StackObjectsCount": 10
			}
		},
		{
			"_id": "I596182462111814929Q7l5z",
			"_tpl": "59e5d83b86f7745aed03d262",
			"parentId": "I596182427589843216oHEze",
			"slotId": "1",
			"location": {
				"x": 0,
				"y": 1,
				"r": "Horizontal"
			}
		},
		{
			"_id": "I59618242531553238UVnqtO",
			"_tpl": "59e4d24686f7741776641ac7",
			"parentId": "I596182462111814929Q7l5z",
			"slotId": "cartridges",
			"upd": {
				"StackObjectsCount": 10
			}
		},
		{
			"_id": "I59618246523347863r87IG2",
			"_tpl": "59e5d83b86f7745aed03d262",
			"parentId": "I596182427589843216oHEze",
			"slotId": "3",
			"location": {
				"x": 0,
				"y": 0,
				"r": "Horizontal"
			}
		},
		{
			"_id": "I59618245467383058eotCwC",
			"_tpl": "59e4d24686f7741776641ac7",
			"parentId": "I59618246523347863r87IG2",
			"slotId": "cartridges",
			"upd": {
				"StackObjectsCount": 10
			}
		},
		{
			"_id": "I59618243386056293BzyBi5",
			"_tpl": "59e5d83b86f7745aed03d262",
			"parentId": "I596182427589843216oHEze",
			"slotId": "3",
			"location": {
				"x": 0,
				"y": 1,
				"r": "Horizontal"
			}
		},
		{
			"_id": "I59618242359433941d3KX4Z",
			"_tpl": "59e0d99486f7744a32234762",
			"parentId": "I59618243386056293BzyBi5",
			"slotId": "cartridges",
			"upd": {
				"StackObjectsCount": 10
			}
		},
		{
			"_id": "I59618245510829208Lwt5s7",
			"_tpl": "59e5d83b86f7745aed03d262",
			"parentId": "I596182427589843216oHEze",
			"slotId": "10",
			"location": {
				"x": 0,
				"y": 0,
				"r": "Horizontal"
			}
		},
		{
			"_id": "I59618241188907221ZyxI50",
			"_tpl": "59e4d24686f7741776641ac7",
			"parentId": "I59618245510829208Lwt5s7",
			"slotId": "cartridges",
			"upd": {
				"StackObjectsCount": 10
			}
		},
		{
			"_id": "I59618241476199053HXMvBe",
			"_tpl": "59e5d83b86f7745aed03d262",
			"parentId": "I596182427589843216oHEze",
			"slotId": "10",
			"location": {
				"x": 0,
				"y": 1,
				"r": "Horizontal"
			}
		},
		{
			"_id": "I59618247468947204wsHjM2",
			"_tpl": "59e4d24686f7741776641ac7",
			"parentId": "I59618241476199053HXMvBe",
			"slotId": "cartridges",
			"upd": {
				"StackObjectsCount": 10
			}
		},
		{
			"_id": "I596182411248744473blmSh",
			"_tpl": "59e0d99486f7744a32234762",
			"parentId": "I596182427589843216oHEze",
			"slotId": "9",
			"upd": {
				"StackObjectsCount": 8
			}
		},
		{
			"_id": "I59618249545675309fViWqE",
			"_tpl": "57e26fc7245977162a14b800",
			"parentId": "5c6687d65e9d882c8841f0fd",
			"slotId": "Scabbard"
		},
		{
			"_id": "I59618243948829418bPaVZs",
			"_tpl": "5b4327aa5acfc400175496e0",
			"parentId": "5c6687d65e9d882c8841f0fd",
			"slotId": "Headwear"
		},
		{
			"_id": "I59618247062543427GUBaeQ",
			"_tpl": "5c1a1cc52e221602b3136e3d",
			"parentId": "5c6687d65e9d882c8841f0fd",
			"slotId": "Eyewear"
		},
		{
			"_id": "I59618243571739845RSguqQ",
			"_tpl": "5ab8e4ed86f7742d8e50c7fa",
			"parentId": "5c6687d65e9d882c8841f0fd",
			"slotId": "ArmorVest",
			"upd": {
				"Repairable": {
					"MaxDurability": 50,
					"Durability": 4
				}
			}
		}
	],
	"equipment": "5c6687d65e9d882c8841f0fd",
	"stash": "5c6687d65e9d882c8841f0fc",
	"questRaidItems": "5c6687d65e9d882c8841f0fe",
	"questStashItems": "5c6687d65e9d882c8841f0ff",
	"fastPanel": {}
}