{
	"items": [
		{
			"_id": "5c6687d65e9d882c8841f0fd",
			"_tpl": "55d7217a4bdc2d86028b456d"
		},
		{
			"_id": "5c6687d65e9d882c8841f121",
			"_tpl": "557ffd194bdc2d28148b457f",
			"parentId": "5c6687d65e9d882c8841f0fd",
			"slotId": "Pockets"
		},
		{
			"_id": "5c6687d65e9d882c8841f0fc",
			"_tpl": "566abbc34bdc2d92178b4576"
		},
		{
			"_id": "5c6687d65e9d882c8841f0ff",
			"_tpl": "5963866b86f7747bfa1c4462"
		},
		{
			"_id": "5c6687d65e9d882c8841f0fe",
			"_tpl": "5963866286f7747bf429b572"
		},
		{
			"_id": "I59618249278148074X6S6eF",
			"_tpl": "5648a69d4bdc2ded0b8b457b",
			"parentId": "5c6687d65e9d882c8841f0fd",
			"slotId": "TacticalVest"
		},
		{
			"_id": "I210050576156857912OZ9L7",
			"_tpl": "5abcbc27d8ce8700182eceeb",
			"parentId": "5c6687d65e9d882c8841f0fd",
			"slotId": "FirstPrimaryWeapon",
			"upd": {
				"Repairable": {
					"MaxDurability": 100,
					"Durability": 28
				}
			}
		},
		{
			"_id": "I210050573192892438O9mP4",
			"_tpl": "59d64ec286f774171d1e0a42",
			"parentId": "I210050576156857912OZ9L7",
			"slotId": "mod_gas_block"
		},
		{
			"_id": "I210050578472391306EX0F2",
			"_tpl": "59e61eb386f77440d64f5daf",
			"parentId": "I210050576156857912OZ9L7",
			"slotId": "mod_muzzle"
		},
		{
			"_id": "I210050572763710976gsnxk",
			"_tpl": "5a0071d486f77404e23a12b2",
			"parentId": "I210050576156857912OZ9L7",
			"slotId": "mod_pistol_grip_akms"
		},
		{
			"_id": "I210050577635509251cC44m",
			"_tpl": "59d650cf86f7741b846413a4",
			"parentId": "I210050576156857912OZ9L7",
			"slotId": "mod_sight_rear",
			"upd": {
				"Sight": {
					"SelectedSightMode": 0
				}
			}
		},
		{
			"_id": "I210050575505166963PRLEC",
			"_tpl": "59ff3b6a86f77477562ff5ed",
			"parentId": "I210050576156857912OZ9L7",
			"slotId": "mod_stock_akms"
		},
		{
			"_id": "I5961824221291366153nIOE",
			"_tpl": "59e5d83b86f7745aed03d262",
			"parentId": "I210050576156857912OZ9L7",
			"slotId": "mod_magazine"
		},
		{
			"_id": "I59618243282618261mXS50N",
			"_tpl": "59e4d24686f7741776641ac7",
			"parentId": "I5961824221291366153nIOE",
			"slotId": "cartridges",
			"upd": {
				"StackObjectsCount": 10
			}
		},
		{
			"_id": "I210050571279421349KWsNZ",
			"_tpl": "59d64f2f86f77417193ef8b3",
			"parentId": "I210050573192892438O9mP4",
			"slotId": "mod_handguard"
		},
		{
			"_id": "I59618242216410600birwGN",
			"_tpl": "5857a8bc2459772bad15db29",
			"parentId": "5c6687d65e9d882c8841f0fd",
			"slotId": "SecuredContainer"
		},
		{
			"_id": "I59618241901966893txZQaJ",
			"_tpl": "59e4d3d286f774176a36250a",
			"parentId": "I59618242216410600birwGN",
			"slotId": "main",
			"upd": {
				"StackObjectsCount": 60
			}
		},
		{
			"_id": "I59618244650942698D6GjCi",
			"_tpl": "5656d7c34bdc2d9d198b4587",
			"parentId": "I59618242216410600birwGN",
			"slotId": "main",
			"upd": {
				"StackObjectsCount": 60
			}
		},
		{
			"_id": "I59618242084020324aMXUck",
			"_tpl": "59e4cf5286f7741778269d8a",
			"parentId": "I59618242216410600birwGN",
			"slotId": "main",
			"upd": {
				"StackObjectsCount": 60
			}
		},
		{
			"_id": "I59618249999783189aYbkbR",
			"_tpl": "5656d7c34bdc2d9d198b4587",
			"parentId": "I59618242216410600birwGN",
			"slotId": "main",
			"upd": {
				"StackObjectsCount": 60
			}
		},
		{
			"_id": "I59618242353936019pBrByT",
			"_tpl": "59e4cf5286f7741778269d8a",
			"parentId": "I59618242216410600birwGN",
			"slotId": "main",
			"upd": {
				"StackObjectsCount": 60
			}
		},
		{
			"_id": "I59618242870052766CvIuSa",
			"_tpl": "59e4d24686f7741776641ac7",
			"parentId": "I59618242216410600birwGN",
			"slotId": "main",
			"upd": {
				"StackObjectsCount": 60
			}
		},
		{
			"_id": "I59618245037076583GVdzd3",
			"_tpl": "59e0d99486f7744a32234762",
			"parentId": "I59618242216410600birwGN",
			"slotId": "main",
			"upd": {
				"StackObjectsCount": 60
			}
		},
		{
			"_id": "I59618248203308112l41e9T",
			"_tpl": "59e4d24686f7741776641ac7",
			"parentId": "I59618242216410600birwGN",
			"slotId": "main",
			"upd": {
				"StackObjectsCount": 60
			}
		},
		{
			"_id": "I59618244821759516J5nbG6",
			"_tpl": "59e0d99486f7744a32234762",
			"parentId": "I59618242216410600birwGN",
			"slotId": "main",
			"upd": {
				"StackObjectsCount": 60
			}
		},
		{
			"_id": "I59618246985760116h2U9cv",
			"_tpl": "59e5d83b86f7745aed03d262",
			"parentId": "I59618249278148074X6S6eF",
			"slotId": "1",
			"location": {
				"x": 0,
				"y": 0,
				"r": "Horizontal"
			}
		},
		{
			"_id": "I596182489701190029uhNiJ",
			"_tpl": "59e4d24686f7741776641ac7",
			"parentId": "I59618246985760116h2U9cv",
			"slotId": "cartridges",
			"upd": {
				"StackObjectsCount": 10
			}
		},
		{
			"_id": "I59618249661352334LutCca",
			"_tpl": "59e5d83b86f7745aed03d262",
			"parentId": "I59618249278148074X6S6eF",
			"slotId": "1",
			"location": {
				"x": 0,
				"y": 1,
				"r": "Horizontal"
			}
		},
		{
			"_id": "I59618247829265558BwCVT0",
			"_tpl": "59e4d24686f7741776641ac7",
			"parentId": "I59618249661352334LutCca",
			"slotId": "cartridges",
			"upd": {
				"StackObjectsCount": 10
			}
		},
		{
			"_id": "I59618242423108057YrFGbg",
			"_tpl": "59e5d83b86f7745aed03d262",
			"parentId": "I59618249278148074X6S6eF",
			"slotId": "3",
			"location": {
				"x": 0,
				"y": 0,
				"r": "Horizontal"
			}
		},
		{
			"_id": "I59618241836858740RuJu2N",
			"_tpl": "59e4cf5286f7741778269d8a",
			"parentId": "I59618242423108057YrFGbg",
			"slotId": "cartridges",
			"upd": {
				"StackObjectsCount": 10
			}
		},
		{
			"_id": "I59618244652466872NjOCUN",
			"_tpl": "59e5d83b86f7745aed03d262",
			"parentId": "I59618249278148074X6S6eF",
			"slotId": "3",
			"location": {
				"x": 0,
				"y": 1,
				"r": "Horizontal"
			}
		},
		{
			"_id": "I59618248195288137vphQid",
			"_tpl": "5656d7c34bdc2d9d198b4587",
			"parentId": "I59618244652466872NjOCUN",
			"slotId": "cartridges",
			"upd": {
				"StackObjectsCount": 10
			}
		},
		{
			"_id": "I59618246810243071DuQ3bu",
			"_tpl": "59e5d83b86f7745aed03d262",
			"parentId": "I59618249278148074X6S6eF",
			"slotId": "10",
			"location": {
				"x": 0,
				"y": 1,
				"r": "Horizontal"
			}
		},
		{
			"_id": "I59618244610746498ta6fMA",
			"_tpl": "59e0d99486f7744a32234762",
			"parentId": "I59618246810243071DuQ3bu",
			"slotId": "cartridges",
			"upd": {
				"StackObjectsCount": 10
			}
		},
		{
			"_id": "I59618245298249648gcFD3N",
			"_tpl": "59e4d24686f7741776641ac7",
			"parentId": "I59618249278148074X6S6eF",
			"slotId": "7",
			"upd": {
				"StackObjectsCount": 35
			}
		},
		{
			"_id": "I59618246884681914bb1GJC",
			"_tpl": "5bffdc370db834001d23eca8",
			"parentId": "5c6687d65e9d882c8841f0fd",
			"slotId": "Scabbard"
		},
		{
			"_id": "I59618241747437598INURPR",
			"_tpl": "5df8a58286f77412631087ed",
			"parentId": "5c6687d65e9d882c8841f0fd",
			"slotId": "Headwear"
		},
		{
			"_id": "I59618247228927110SDwfAX",
			"_tpl": "5ab8f04f86f774585f4237d8",
			"parentId": "5c6687d65e9d882c8841f0fd",
			"slotId": "Backpack"
		},
		{
			"_id": "I59618248837716406oJkoFk",
			"_tpl": "5780cf9e2459777df90dcb73",
			"parentId": "I59618247228927110SDwfAX",
			"slotId": "main",
			"location": {
				"x": 0,
				"y": 0,
				"r": "Horizontal"
			}
		},
		{
			"_id": "I59618244379898645GvX7kl",
			"_tpl": "5bc9bdb8d4351e003562b8a1",
			"parentId": "5c6687d65e9d882c8841f121",
			"slotId": "pocket1",
			"location": {
				"x": 0,
				"y": 0,
				"r": "Horizontal"
			},
			"upd": {
				"SpawnedInSession": true
			}
		},
		{
			"_id": "I59618243141653678jfX7mY",
			"_tpl": "5af0561e86f7745f5f3ad6ac",
			"parentId": "5c6687d65e9d882c8841f121",
			"slotId": "pocket2",
			"location": {
				"x": 0,
				"y": 0,
				"r": "Horizontal"
			},
			"upd": {
				"SpawnedInSession": true
			}
		},
		{
			"_id": "I59618246193753962V8UMwn",
			"_tpl": "5913611c86f77479e0084092",
			"parentId": "5c6687d65e9d882c8841f121",
			"slotId": "pocket3",
			"location": {
				"x": 0,
				"y": 0,
				"r": "Horizontal"
			},
			"upd": {
				"SpawnedInSession": true
			}
		}
	],
	"equipment": "5c6687d65e9d882c8841f0fd",
	"stash": "5c6687d65e9d882c8841f0fc",
	"questRaidItems": "5c6687d65e9d882c8841f0fe",
	"questStashItems": "5c6687d65e9d882c8841f0ff",
	"fastPanel": {}
}