{
	"items": [
		{
			"_id": "5c6687d65e9d882c8841f0fd",
			"_tpl": "55d7217a4bdc2d86028b456d"
		},
		{
			"_id": "5c6687d65e9d882c8841f121",
			"_tpl": "557ffd194bdc2d28148b457f",
			"parentId": "5c6687d65e9d882c8841f0fd",
			"slotId": "Pockets"
		},
		{
			"_id": "5c6687d65e9d882c8841f0fc",
			"_tpl": "566abbc34bdc2d92178b4576"
		},
		{
			"_id": "5c6687d65e9d882c8841f0ff",
			"_tpl": "5963866b86f7747bfa1c4462"
		},
		{
			"_id": "5c6687d65e9d882c8841f0fe",
			"_tpl": "5963866286f7747bf429b572"
		},
		{
			"_id": "I59618244956929788gQdg4t",
			"_tpl": "5c0e446786f7742013381639",
			"parentId": "5c6687d65e9d882c8841f0fd",
			"slotId": "TacticalVest"
		},
		{
			"_id": "I210018269433615010vM7BC",
			"_tpl": "5a38e6bac4a2826c6e06d79b",
			"parentId": "5c6687d65e9d882c8841f0fd",
			"slotId": "FirstPrimaryWeapon",
			"upd": {
				"Repairable": {
					"MaxDurability": 100,
					"Durability": 11
				}
			}
		},
		{
			"_id": "I59618241141265055qPLMHv",
			"_tpl": "5a38ed75c4a28232996e40c6",
			"parentId": "I210018269433615010vM7BC",
			"slotId": "mod_magazine"
		},
		{
			"_id": "I59618244142541015QYm0Px",
			"_tpl": "5d6e6a5fa4b93614ec501745",
			"parentId": "I59618241141265055qPLMHv",
			"slotId": "cartridges",
			"upd": {
				"StackObjectsCount": 4
			}
		},
		{
			"_id": "I210018263879906767FNFmM",
			"_tpl": "5a38ef1fc4a282000b1521f6",
			"parentId": "I210018269433615010vM7BC",
			"slotId": "mod_stock",
			"upd": {
				"Foldable": {
					"Folded": false
				}
			}
		},
		{
			"_id": "I210018261629330700VXZWi",
			"_tpl": "5a38eecdc4a282329a73b512",
			"parentId": "I210018263879906767FNFmM",
			"slotId": "mod_pistol_grip"
		},
		{
			"_id": "I596182426369193299BxqHr",
			"_tpl": "5857a8bc2459772bad15db29",
			"parentId": "5c6687d65e9d882c8841f0fd",
			"slotId": "SecuredContainer"
		},
		{
			"_id": "I596182481565268404ssFcQ",
			"_tpl": "5a38ebd9c4a282000d722a5b",
			"parentId": "I596182426369193299BxqHr",
			"slotId": "main",
			"upd": {
				"StackObjectsCount": 60
			}
		},
		{
			"_id": "I59618241063305932Yaa6Q4",
			"_tpl": "5d6e695fa4b936359b35d852",
			"parentId": "I596182426369193299BxqHr",
			"slotId": "main",
			"upd": {
				"StackObjectsCount": 60
			}
		},
		{
			"_id": "I59618244001501643rLgiqg",
			"_tpl": "5d6e6a05a4b93618084f58d0",
			"parentId": "I596182426369193299BxqHr",
			"slotId": "main",
			"upd": {
				"StackObjectsCount": 60
			}
		},
		{
			"_id": "I59618243783118895KGERzL",
			"_tpl": "5a38ebd9c4a282000d722a5b",
			"parentId": "I596182426369193299BxqHr",
			"slotId": "main",
			"upd": {
				"StackObjectsCount": 60
			}
		},
		{
			"_id": "I59618248353267845yYDzsM",
			"_tpl": "5d6e6a5fa4b93614ec501745",
			"parentId": "I596182426369193299BxqHr",
			"slotId": "main",
			"upd": {
				"StackObjectsCount": 60
			}
		},
		{
			"_id": "I59618241692601170OfsfsC",
			"_tpl": "5d6e695fa4b936359b35d852",
			"parentId": "I596182426369193299BxqHr",
			"slotId": "main",
			"upd": {
				"StackObjectsCount": 60
			}
		},
		{
			"_id": "I59618244895060494a72fW6",
			"_tpl": "5d6e6a05a4b93618084f58d0",
			"parentId": "I596182426369193299BxqHr",
			"slotId": "main",
			"upd": {
				"StackObjectsCount": 60
			}
		},
		{
			"_id": "I596182458593762770sYvtz",
			"_tpl": "5d6e6a5fa4b93614ec501745",
			"parentId": "I596182426369193299BxqHr",
			"slotId": "main",
			"upd": {
				"StackObjectsCount": 60
			}
		},
		{
			"_id": "I5961824468749925728oRyH",
			"_tpl": "5d6e6a42a4b9364f07165f52",
			"parentId": "I596182426369193299BxqHr",
			"slotId": "main",
			"upd": {
				"StackObjectsCount": 60
			}
		},
		{
			"_id": "I59618246964119169mLr3k1",
			"_tpl": "5c6161fb2e221600113fbde5",
			"parentId": "I59618244956929788gQdg4t",
			"slotId": "2",
			"location": {
				"x": 0,
				"y": 0,
				"r": "Horizontal"
			}
		},
		{
			"_id": "I596182464704777730dE2yF",
			"_tpl": "5d6e6a5fa4b93614ec501745",
			"parentId": "I59618246964119169mLr3k1",
			"slotId": "cartridges",
			"upd": {
				"StackObjectsCount": 5
			}
		},
		{
			"_id": "I59618243178584109ia8JcP",
			"_tpl": "5c6161fb2e221600113fbde5",
			"parentId": "I59618244956929788gQdg4t",
			"slotId": "4",
			"location": {
				"x": 0,
				"y": 0,
				"r": "Horizontal"
			}
		},
		{
			"_id": "I59618249050990264SaHtcs",
			"_tpl": "5d6e695fa4b936359b35d852",
			"parentId": "I59618243178584109ia8JcP",
			"slotId": "cartridges",
			"upd": {
				"StackObjectsCount": 5
			}
		},
		{
			"_id": "I59618245482736513P48mX3",
			"_tpl": "57e26fc7245977162a14b800",
			"parentId": "5c6687d65e9d882c8841f0fd",
			"slotId": "Scabbard"
		},
		{
			"_id": "I59618248435689473EFS2G9",
			"_tpl": "572b7fa124597762b472f9d2",
			"parentId": "5c6687d65e9d882c8841f0fd",
			"slotId": "Headwear"
		},
		{
			"_id": "I59618246447226597kfwZhH",
			"_tpl": "572b7f1624597762ae139822",
			"parentId": "5c6687d65e9d882c8841f0fd",
			"slotId": "FaceCover"
		},
		{
			"_id": "I59618242069502312NKdLxT",
			"_tpl": "56e33634d2720bd8058b456b",
			"parentId": "5c6687d65e9d882c8841f0fd",
			"slotId": "Backpack"
		},
		{
			"_id": "I59618242195785231mQocOL",
			"_tpl": "59e366c186f7741778269d85",
			"parentId": "I59618242069502312NKdLxT",
			"slotId": "main",
			"location": {
				"x": 0,
				"y": 0,
				"r": "Horizontal"
			}
		},
		{
			"_id": "I59618243083470260mpCGMz",
			"_tpl": "5d235a5986f77443f6329bc6",
			"parentId": "5c6687d65e9d882c8841f121",
			"slotId": "pocket1",
			"location": {
				"x": 0,
				"y": 0,
				"r": "Horizontal"
			},
			"upd": {
				"SpawnedInSession": true
			}
		},
		{
			"_id": "I596182498782860011EUwJy",
			"_tpl": "590c2b4386f77425357b6123",
			"parentId": "5c6687d65e9d882c8841f121",
			"slotId": "pocket2",
			"location": {
				"x": 0,
				"y": 0,
				"r": "Horizontal"
			},
			"upd": {
				"SpawnedInSession": true
			}
		}
	],
	"equipment": "5c6687d65e9d882c8841f0fd",
	"stash": "5c6687d65e9d882c8841f0fc",
	"questRaidItems": "5c6687d65e9d882c8841f0fe",
	"questStashItems": "5c6687d65e9d882c8841f0ff",
	"fastPanel": {}
}