{
	"items": [
		{
			"_id": "5c6687d65e9d882c8841f0fd",
			"_tpl": "55d7217a4bdc2d86028b456d"
		},
		{
			"_id": "5c6687d65e9d882c8841f121",
			"_tpl": "557ffd194bdc2d28148b457f",
			"parentId": "5c6687d65e9d882c8841f0fd",
			"slotId": "Pockets"
		},
		{
			"_id": "5c6687d65e9d882c8841f0fc",
			"_tpl": "566abbc34bdc2d92178b4576"
		},
		{
			"_id": "5c6687d65e9d882c8841f0ff",
			"_tpl": "5963866b86f7747bfa1c4462"
		},
		{
			"_id": "5c6687d65e9d882c8841f0fe",
			"_tpl": "5963866286f7747bf429b572"
		},
		{
			"_id": "I59618233919043447WywG0H",
			"_tpl": "5648a69d4bdc2ded0b8b457b",
			"parentId": "5c6687d65e9d882c8841f0fd",
			"slotId": "TacticalVest"
		},
		{
			"_id": "I21320115716134274988nc2",
			"_tpl": "57dc2fa62459775949412633",
			"parentId": "5c6687d65e9d882c8841f0fd",
			"slotId": "FirstPrimaryWeapon",
			"upd": {
				"Repairable": {
					"MaxDurability": 100,
					"Durability": 12
				}
			}
		},
		{
			"_id": "I2132011578597074116PqhJ",
			"_tpl": "57e3dba62459770f0c32322b",
			"parentId": "I21320115716134274988nc2",
			"slotId": "mod_pistol_grip"
		},
		{
			"_id": "I2132011572783048457joUJ",
			"_tpl": "57dc347d245977596754e7a1",
			"parentId": "I21320115716134274988nc2",
			"slotId": "mod_stock"
		},
		{
			"_id": "I59618233479415659AASuJj",
			"_tpl": "5aaa4194e5b5b055d06310a5",
			"parentId": "I21320115716134274988nc2",
			"slotId": "mod_magazine"
		},
		{
			"_id": "I596182392575144912SZ3ku",
			"_tpl": "56dff421d2720b5f5a8b4567",
			"parentId": "I59618233479415659AASuJj",
			"slotId": "cartridges",
			"upd": {
				"StackObjectsCount": 30
			}
		},
		{
			"_id": "I21320115794237366644l2B",
			"_tpl": "57dc324a24597759501edc20",
			"parentId": "I21320115716134274988nc2",
			"slotId": "mod_muzzle"
		},
		{
			"_id": "I2132011576692510423qpoz",
			"_tpl": "57dc334d245977597164366f",
			"parentId": "I21320115716134274988nc2",
			"slotId": "mod_reciever"
		},
		{
			"_id": "I21320115789769698898ipD",
			"_tpl": "59d36a0086f7747e673f3946",
			"parentId": "I21320115716134274988nc2",
			"slotId": "mod_gas_block"
		},
		{
			"_id": "I2132011579196747376UXku",
			"_tpl": "56dfef82d2720bbd668b4567",
			"parentId": "I2132011575967327700JqHU",
			"slotId": "cartridges",
			"location": 0,
			"upd": {
				"StackObjectsCount": 30
			}
		},
		{
			"_id": "I2132011574203943141gmY8",
			"_tpl": "57ffb0062459777a045af529",
			"parentId": "I2132011576692510423qpoz",
			"slotId": "mod_mount_000"
		},
		{
			"_id": "I213201157620161223601xR",
			"_tpl": "57ffa9f4245977728561e844",
			"parentId": "I21320115789769698898ipD",
			"slotId": "mod_handguard"
		},
		{
			"_id": "I21320115759223288624HEJ",
			"_tpl": "56def37dd2720bec348b456a",
			"parentId": "I213201157620161223601xR",
			"slotId": "mod_tactical_000",
			"upd": {
				"Light": {
					"IsActive": true,
					"SelectedMode": 0
				}
			}
		},
		{
			"_id": "I59618232245868048tsEmnE",
			"_tpl": "5857a8bc2459772bad15db29",
			"parentId": "5c6687d65e9d882c8841f0fd",
			"slotId": "SecuredContainer"
		},
		{
			"_id": "I59618235816715159joEpGG",
			"_tpl": "56dff216d2720bbd668b4568",
			"parentId": "I59618232245868048tsEmnE",
			"slotId": "main",
			"upd": {
				"StackObjectsCount": 60
			}
		},
		{
			"_id": "I59618238313814779XoNrxg",
			"_tpl": "56dff061d2720bb5668b4567",
			"parentId": "I59618232245868048tsEmnE",
			"slotId": "main",
			"upd": {
				"StackObjectsCount": 60
			}
		},
		{
			"_id": "I596182352737671561t1S4u",
			"_tpl": "56dff061d2720bb5668b4567",
			"parentId": "I59618232245868048tsEmnE",
			"slotId": "main",
			"upd": {
				"StackObjectsCount": 60
			}
		},
		{
			"_id": "I59618238110832987eyGcNG",
			"_tpl": "56dff421d2720b5f5a8b4567",
			"parentId": "I59618232245868048tsEmnE",
			"slotId": "main",
			"upd": {
				"StackObjectsCount": 60
			}
		},
		{
			"_id": "I59618231047238367ve74Jq",
			"_tpl": "56dff061d2720bb5668b4567",
			"parentId": "I59618232245868048tsEmnE",
			"slotId": "main",
			"upd": {
				"StackObjectsCount": 60
			}
		},
		{
			"_id": "I59618237668713721GtvFBC",
			"_tpl": "56dff3afd2720bba668b4567",
			"parentId": "I59618232245868048tsEmnE",
			"slotId": "main",
			"upd": {
				"StackObjectsCount": 60
			}
		},
		{
			"_id": "I59618236670273753GAoZYY",
			"_tpl": "56dff338d2720bbd668b4569",
			"parentId": "I59618232245868048tsEmnE",
			"slotId": "main",
			"upd": {
				"StackObjectsCount": 60
			}
		},
		{
			"_id": "I59618232565279288MMJEjB",
			"_tpl": "56dff061d2720bb5668b4567",
			"parentId": "I59618232245868048tsEmnE",
			"slotId": "main",
			"upd": {
				"StackObjectsCount": 60
			}
		},
		{
			"_id": "I596182373527184668P2HrZ",
			"_tpl": "56dff216d2720bbd668b4568",
			"parentId": "I59618232245868048tsEmnE",
			"slotId": "main",
			"upd": {
				"StackObjectsCount": 60
			}
		},
		{
			"_id": "I59618238918218994qXuI8O",
			"_tpl": "5aaa4194e5b5b055d06310a5",
			"parentId": "I59618233919043447WywG0H",
			"slotId": "1",
			"location": {
				"x": 0,
				"y": 0,
				"r": "Horizontal"
			}
		},
		{
			"_id": "I59618239242581900uPCoSE",
			"_tpl": "56dff026d2720bb8668b4567",
			"parentId": "I59618238918218994qXuI8O",
			"slotId": "cartridges",
			"upd": {
				"StackObjectsCount": 30
			}
		},
		{
			"_id": "I596182384659483934tB6OK",
			"_tpl": "5aaa4194e5b5b055d06310a5",
			"parentId": "I59618233919043447WywG0H",
			"slotId": "3",
			"location": {
				"x": 0,
				"y": 0,
				"r": "Horizontal"
			}
		},
		{
			"_id": "I59618232800279537qBG1ZM",
			"_tpl": "56dff2ced2720bb4668b4567",
			"parentId": "I596182384659483934tB6OK",
			"slotId": "cartridges",
			"upd": {
				"StackObjectsCount": 30
			}
		},
		{
			"_id": "I59618231983204220Jl2StD",
			"_tpl": "5aaa4194e5b5b055d06310a5",
			"parentId": "I59618233919043447WywG0H",
			"slotId": "10",
			"location": {
				"x": 0,
				"y": 0,
				"r": "Horizontal"
			}
		},
		{
			"_id": "I596182360211126774ayrtR",
			"_tpl": "56dff0bed2720bb0668b4567",
			"parentId": "I59618231983204220Jl2StD",
			"slotId": "cartridges",
			"upd": {
				"StackObjectsCount": 30
			}
		},
		{
			"_id": "I59618239782024056JRTiwR",
			"_tpl": "5aaa4194e5b5b055d06310a5",
			"parentId": "I59618233919043447WywG0H",
			"slotId": "5",
			"location": {
				"x": 0,
				"y": 0,
				"r": "Horizontal"
			}
		},
		{
			"_id": "I59618237240367677ru2jKM",
			"_tpl": "56dff4ecd2720b5f5a8b4568",
			"parentId": "I59618239782024056JRTiwR",
			"slotId": "cartridges",
			"upd": {
				"StackObjectsCount": 30
			}
		},
		{
			"_id": "I59618237148335147nnIvfj",
			"_tpl": "5aaa4194e5b5b055d06310a5",
			"parentId": "I59618233919043447WywG0H",
			"slotId": "5",
			"location": {
				"x": 1,
				"y": 0,
				"r": "Horizontal"
			}
		},
		{
			"_id": "I59618234905683088Zmojw1",
			"_tpl": "56dff026d2720bb8668b4567",
			"parentId": "I59618237148335147nnIvfj",
			"slotId": "cartridges",
			"upd": {
				"StackObjectsCount": 30
			}
		},
		{
			"_id": "I59618233785158205uaVdmf",
			"_tpl": "56dff0bed2720bb0668b4567",
			"parentId": "I59618233919043447WywG0H",
			"slotId": "6",
			"upd": {
				"StackObjectsCount": 55
			}
		},
		{
			"_id": "I59618235342131725hMVloo",
			"_tpl": "5448be9a4bdc2dfd2f8b456a",
			"parentId": "I59618233919043447WywG0H",
			"slotId": "9"
		},
		{
			"_id": "I59618231470814576ZaV5eT",
			"_tpl": "54491bb74bdc2d09088b4567",
			"parentId": "5c6687d65e9d882c8841f0fd",
			"slotId": "Scabbard"
		},
		{
			"_id": "I59618233309627519qx74LP",
			"_tpl": "59e7708286f7742cbd762753",
			"parentId": "5c6687d65e9d882c8841f0fd",
			"slotId": "Headwear"
		},
		{
			"_id": "I59618239059040401jINkJU",
			"_tpl": "5c1a1cc52e221602b3136e3d",
			"parentId": "5c6687d65e9d882c8841f0fd",
			"slotId": "Eyewear"
		},
		{
			"_id": "I59618231031737661kiE6XI",
			"_tpl": "59e7715586f7742ee5789605",
			"parentId": "5c6687d65e9d882c8841f0fd",
			"slotId": "FaceCover"
		},
		{
			"_id": "I5961823388959346341K3iH",
			"_tpl": "56e33634d2720bd8058b456b",
			"parentId": "5c6687d65e9d882c8841f0fd",
			"slotId": "Backpack"
		},
		{
			"_id": "I59618238061185091RTPIeG",
			"_tpl": "57513fcc24597720a31c09a6",
			"parentId": "I5961823388959346341K3iH",
			"slotId": "main",
			"location": {
				"x": 0,
				"y": 0,
				"r": "Horizontal"
			}
		},
		{
			"_id": "I59618232292707712hSg1vQ",
			"_tpl": "57347d692459774491567cf1",
			"parentId": "I5961823388959346341K3iH",
			"slotId": "main",
			"location": {
				"x": 0,
				"y": 2,
				"r": "Horizontal"
			}
		},
		{
			"_id": "I59618238777858884Cv0TFu",
			"_tpl": "590c661e86f7741e566b646a",
			"parentId": "I5961823388959346341K3iH",
			"slotId": "main",
			"location": {
				"x": 1,
				"y": 0,
				"r": "Horizontal"
			}
		},
		{
			"_id": "I59618236153533228tP3U1U",
			"_tpl": "59e3596386f774176c10a2a2",
			"parentId": "I5961823388959346341K3iH",
			"slotId": "main",
			"location": {
				"x": 1,
				"y": 1,
				"r": "Horizontal"
			}
		},
		{
			"_id": "I59618235602168348B8rlTR",
			"_tpl": "5780cf722459777a5108b9a1",
			"parentId": "I5961823388959346341K3iH",
			"slotId": "main",
			"location": {
				"x": 2,
				"y": 1,
				"r": "Horizontal"
			}
		},
		{
			"_id": "I596182365973710066Tv4lT",
			"_tpl": "5d40412b86f7743cb332ac3a",
			"parentId": "I5961823388959346341K3iH",
			"slotId": "main",
			"location": {
				"x": 3,
				"y": 0,
				"r": "Horizontal"
			}
		},
		{
			"_id": "I59618235093120003bVl6uJ",
			"_tpl": "5751435d24597720a27126d1",
			"parentId": "I5961823388959346341K3iH",
			"slotId": "main",
			"location": {
				"x": 2,
				"y": 2,
				"r": "Horizontal"
			}
		},
		{
			"_id": "I59618235307754262oMFhgb",
			"_tpl": "5c0e5edb86f77461f55ed1f7",
			"parentId": "5c6687d65e9d882c8841f0fd",
			"slotId": "ArmorVest",
			"upd": {
				"Repairable": {
					"MaxDurability": 50,
					"Durability": 5
				}
			}
		},
		{
			"_id": "I596182351056558175uF62d",
			"_tpl": "5734795124597738002c6176",
			"parentId": "5c6687d65e9d882c8841f121",
			"slotId": "pocket1",
			"location": {
				"x": 0,
				"y": 0,
				"r": "Horizontal"
			},
			"upd": {
				"SpawnedInSession": true
			}
		},
		{
			"_id": "I596182341782356363t75Rs",
			"_tpl": "5b4335ba86f7744d2837a264",
			"parentId": "5c6687d65e9d882c8841f121",
			"slotId": "pocket2",
			"location": {
				"x": 0,
				"y": 0,
				"r": "Horizontal"
			},
			"upd": {
				"SpawnedInSession": true
			}
		},
		{
			"_id": "I59618235607496952oBpFnI",
			"_tpl": "5c13cef886f774072e618e82",
			"parentId": "5c6687d65e9d882c8841f121",
			"slotId": "pocket3",
			"location": {
				"x": 0,
				"y": 0,
				"r": "Horizontal"
			},
			"upd": {
				"SpawnedInSession": true
			}
		}
	],
	"equipment": "5c6687d65e9d882c8841f0fd",
	"stash": "5c6687d65e9d882c8841f0fc",
	"questRaidItems": "5c6687d65e9d882c8841f0fe",
	"questStashItems": "5c6687d65e9d882c8841f0ff",
	"fastPanel": {}
}