{
	"items": [
		{
			"_id": "5c6687d65e9d882c8841f0fd",
			"_tpl": "55d7217a4bdc2d86028b456d"
		},
		{
			"_id": "5c6687d65e9d882c8841f121",
			"_tpl": "557ffd194bdc2d28148b457f",
			"parentId": "5c6687d65e9d882c8841f0fd",
			"slotId": "Pockets"
		},
		{
			"_id": "5c6687d65e9d882c8841f0fc",
			"_tpl": "566abbc34bdc2d92178b4576"
		},
		{
			"_id": "5c6687d65e9d882c8841f0ff",
			"_tpl": "5963866b86f7747bfa1c4462"
		},
		{
			"_id": "5c6687d65e9d882c8841f0fe",
			"_tpl": "5963866286f7747bf429b572"
		},
		{
			"_id": "I59618231784462340tmlsXe",
			"_tpl": "5c0e3eb886f7742015526062",
			"parentId": "5c6687d65e9d882c8841f0fd",
			"slotId": "TacticalVest"
		},
		{
			"_id": "I33102584641570618FHWjod",
			"_tpl": "59d6088586f774275f37482f",
			"parentId": "5c6687d65e9d882c8841f0fd",
			"slotId": "FirstPrimaryWeapon",
			"upd": {
				"Repairable": {
					"MaxDurability": 100,
					"Durability": 65
				}
			}
		},
		{
			"_id": "I331025856411961414pKjaw",
			"_tpl": "59d64ec286f774171d1e0a42",
			"parentId": "I33102584641570618FHWjod",
			"slotId": "mod_gas_block"
		},
		{
			"_id": "I331025826164896288V43Hp",
			"_tpl": "59d64fc686f774171b243fe2",
			"parentId": "I33102584641570618FHWjod",
			"slotId": "mod_muzzle"
		},
		{
			"_id": "I33102582051809585wTNRb2",
			"_tpl": "59e62cc886f77440d40b52a1",
			"parentId": "I33102584641570618FHWjod",
			"slotId": "mod_pistol_grip"
		},
		{
			"_id": "I33102586141178855FgPvfC",
			"_tpl": "59d650cf86f7741b846413a4",
			"parentId": "I33102584641570618FHWjod",
			"slotId": "mod_sight_rear",
			"upd": {
				"Sight": {
					"SelectedSightMode": 0
				}
			}
		},
		{
			"_id": "I59618233882399069ENeNyG",
			"_tpl": "59e5d83b86f7745aed03d262",
			"parentId": "I33102584641570618FHWjod",
			"slotId": "mod_magazine"
		},
		{
			"_id": "I59618239956019473h6WAXe",
			"_tpl": "59e4d3d286f774176a36250a",
			"parentId": "I59618233882399069ENeNyG",
			"slotId": "cartridges",
			"upd": {
				"StackObjectsCount": 10
			}
		},
		{
			"_id": "I33102581044949019HeWFdR",
			"_tpl": "59d64f2f86f77417193ef8b3",
			"parentId": "I331025856411961414pKjaw",
			"slotId": "mod_handguard"
		},
		{
			"_id": "I596182320164971483BZdL4",
			"_tpl": "5857a8bc2459772bad15db29",
			"parentId": "5c6687d65e9d882c8841f0fd",
			"slotId": "SecuredContainer"
		},
		{
			"_id": "I59618236229599323UWw1C8",
			"_tpl": "59e4cf5286f7741778269d8a",
			"parentId": "I596182320164971483BZdL4",
			"slotId": "main",
			"upd": {
				"StackObjectsCount": 60
			}
		},
		{
			"_id": "I59618234162922899j5gC8y",
			"_tpl": "5656d7c34bdc2d9d198b4587",
			"parentId": "I596182320164971483BZdL4",
			"slotId": "main",
			"upd": {
				"StackObjectsCount": 60
			}
		},
		{
			"_id": "I59618231148288996EjL9ED",
			"_tpl": "5656d7c34bdc2d9d198b4587",
			"parentId": "I596182320164971483BZdL4",
			"slotId": "main",
			"upd": {
				"StackObjectsCount": 60
			}
		},
		{
			"_id": "I59618231671834035EIOtDV",
			"_tpl": "59e4cf5286f7741778269d8a",
			"parentId": "I596182320164971483BZdL4",
			"slotId": "main",
			"upd": {
				"StackObjectsCount": 60
			}
		},
		{
			"_id": "I596182330577185743vBBny",
			"_tpl": "59e4d24686f7741776641ac7",
			"parentId": "I596182320164971483BZdL4",
			"slotId": "main",
			"upd": {
				"StackObjectsCount": 60
			}
		},
		{
			"_id": "I59618234043540545VcoVnN",
			"_tpl": "59e4d24686f7741776641ac7",
			"parentId": "I596182320164971483BZdL4",
			"slotId": "main",
			"upd": {
				"StackObjectsCount": 60
			}
		},
		{
			"_id": "I59618238639486445VSXau0",
			"_tpl": "59e4cf5286f7741778269d8a",
			"parentId": "I596182320164971483BZdL4",
			"slotId": "main",
			"upd": {
				"StackObjectsCount": 60
			}
		},
		{
			"_id": "I59618232465171180rgHya8",
			"_tpl": "5656d7c34bdc2d9d198b4587",
			"parentId": "I596182320164971483BZdL4",
			"slotId": "main",
			"upd": {
				"StackObjectsCount": 60
			}
		},
		{
			"_id": "I59618233631215994mHNdmu",
			"_tpl": "59e4cf5286f7741778269d8a",
			"parentId": "I596182320164971483BZdL4",
			"slotId": "main",
			"upd": {
				"StackObjectsCount": 60
			}
		},
		{
			"_id": "I59618238084459769HOFkYS",
			"_tpl": "59e5d83b86f7745aed03d262",
			"parentId": "I59618231784462340tmlsXe",
			"slotId": "1",
			"location": {
				"x": 0,
				"y": 1,
				"r": "Horizontal"
			}
		},
		{
			"_id": "I59618236655778412lit0n5",
			"_tpl": "59e4d24686f7741776641ac7",
			"parentId": "I59618238084459769HOFkYS",
			"slotId": "cartridges",
			"upd": {
				"StackObjectsCount": 10
			}
		},
		{
			"_id": "I59618238438455613BBBiPj",
			"_tpl": "59e5d83b86f7745aed03d262",
			"parentId": "I59618231784462340tmlsXe",
			"slotId": "3",
			"location": {
				"x": 0,
				"y": 0,
				"r": "Horizontal"
			}
		},
		{
			"_id": "I59618231116983811Y8Z0Wv",
			"_tpl": "59e0d99486f7744a32234762",
			"parentId": "I59618238438455613BBBiPj",
			"slotId": "cartridges",
			"upd": {
				"StackObjectsCount": 10
			}
		},
		{
			"_id": "I59618239900682794pQy0xO",
			"_tpl": "59e5d83b86f7745aed03d262",
			"parentId": "I59618231784462340tmlsXe",
			"slotId": "3",
			"location": {
				"x": 0,
				"y": 1,
				"r": "Horizontal"
			}
		},
		{
			"_id": "I59618239345028276Rfdn7E",
			"_tpl": "59e4d24686f7741776641ac7",
			"parentId": "I59618239900682794pQy0xO",
			"slotId": "cartridges",
			"upd": {
				"StackObjectsCount": 10
			}
		},
		{
			"_id": "I59618232510779589DnQxOI",
			"_tpl": "5bffdc370db834001d23eca8",
			"parentId": "5c6687d65e9d882c8841f0fd",
			"slotId": "Scabbard"
		},
		{
			"_id": "I596182310631907277OKkUY",
			"_tpl": "5df8a58286f77412631087ed",
			"parentId": "5c6687d65e9d882c8841f0fd",
			"slotId": "Headwear"
		},
		{
			"_id": "I59618236471043133sehqlX",
			"_tpl": "5d6d2ef3a4b93618084f58bd",
			"parentId": "5c6687d65e9d882c8841f0fd",
			"slotId": "Eyewear"
		},
		{
			"_id": "I596182371915420092rANCk",
			"_tpl": "572b7fa524597762b747ce82",
			"parentId": "5c6687d65e9d882c8841f0fd",
			"slotId": "FaceCover"
		},
		{
			"_id": "I59618239964996985r7K9rC",
			"_tpl": "5ab8f04f86f774585f4237d8",
			"parentId": "5c6687d65e9d882c8841f0fd",
			"slotId": "Backpack"
		},
		{
			"_id": "I59618234209367171D339TF",
			"_tpl": "57513f07245977207e26a311",
			"parentId": "I59618239964996985r7K9rC",
			"slotId": "main",
			"location": {
				"x": 0,
				"y": 0,
				"r": "Horizontal"
			}
		},
		{
			"_id": "I59618239607892226Spqkqp",
			"_tpl": "5ab8e79e86f7742d8b372e78",
			"parentId": "5c6687d65e9d882c8841f0fd",
			"slotId": "ArmorVest",
			"upd": {
				"Repairable": {
					"MaxDurability": 65,
					"Durability": 30
				}
			}
		},
		{
			"_id": "I59618239920634779U8Wjvl",
			"_tpl": "5783c43d2459774bbe137486",
			"parentId": "5c6687d65e9d882c8841f121",
			"slotId": "pocket1",
			"location": {
				"x": 0,
				"y": 0,
				"r": "Horizontal"
			},
			"upd": {
				"SpawnedInSession": true
			}
		},
		{
			"_id": "I59618238180500829j7AEYW",
			"_tpl": "590a3c0a86f774385a33c450",
			"parentId": "5c6687d65e9d882c8841f121",
			"slotId": "pocket2",
			"location": {
				"x": 0,
				"y": 0,
				"r": "Horizontal"
			},
			"upd": {
				"SpawnedInSession": true
			}
		}
	],
	"equipment": "5c6687d65e9d882c8841f0fd",
	"stash": "5c6687d65e9d882c8841f0fc",
	"questRaidItems": "5c6687d65e9d882c8841f0fe",
	"questStashItems": "5c6687d65e9d882c8841f0ff",
	"fastPanel": {}
}