{
	"items": [
		{
			"_id": "5c6687d65e9d882c8841f0fd",
			"_tpl": "55d7217a4bdc2d86028b456d"
		},
		{
			"_id": "5c6687d65e9d882c8841f121",
			"_tpl": "557ffd194bdc2d28148b457f",
			"parentId": "5c6687d65e9d882c8841f0fd",
			"slotId": "Pockets"
		},
		{
			"_id": "5c6687d65e9d882c8841f0fc",
			"_tpl": "566abbc34bdc2d92178b4576"
		},
		{
			"_id": "5c6687d65e9d882c8841f0ff",
			"_tpl": "5963866b86f7747bfa1c4462"
		},
		{
			"_id": "5c6687d65e9d882c8841f0fe",
			"_tpl": "5963866286f7747bf429b572"
		},
		{
			"_id": "I59618243210955649gW0fAO",
			"_tpl": "5929a2a086f7744f4b234d43",
			"parentId": "5c6687d65e9d882c8841f0fd",
			"slotId": "TacticalVest"
		},
		{
			"_id": "I331034114777799755IvFPN",
			"_tpl": "5b0bbe4e5acfc40dc528a72d",
			"parentId": "5c6687d65e9d882c8841f0fd",
			"slotId": "FirstPrimaryWeapon",
			"upd": {
				"Repairable": {
					"MaxDurability": 100,
					"Durability": 31
				}
			}
		},
		{
			"_id": "I331034119523901417zl93c",
			"_tpl": "5b099b965acfc400186331e6",
			"parentId": "I331034114777799755IvFPN",
			"slotId": "mod_pistol_grip"
		},
		{
			"_id": "I59618244204548605TX9HM2",
			"_tpl": "5b7bef9c5acfc43d102852ec",
			"parentId": "I331034114777799755IvFPN",
			"slotId": "mod_magazine"
		},
		{
			"_id": "I59618241153615406gvhk12",
			"_tpl": "5e023e88277cce2b522ff2b1",
			"parentId": "I59618244204548605TX9HM2",
			"slotId": "cartridges",
			"upd": {
				"StackObjectsCount": 50
			}
		},
		{
			"_id": "I331034113877413496L1WCg",
			"_tpl": "5b7bed205acfc400161d08cc",
			"parentId": "I331034114777799755IvFPN",
			"slotId": "mod_handguard"
		},
		{
			"_id": "I3310341189943394442xK9R",
			"_tpl": "5b7be1265acfc400161d0798",
			"parentId": "I331034114777799755IvFPN",
			"slotId": "mod_barrel"
		},
		{
			"_id": "I331034119990686594Kxwa6",
			"_tpl": "5b0bc22d5acfc47a8607f085",
			"parentId": "I331034114777799755IvFPN",
			"slotId": "mod_sight_rear",
			"upd": {
				"Sight": {
					"SelectedSightMode": 0
				}
			}
		},
		{
			"_id": "I331034111238426489uWtDH",
			"_tpl": "5b7d645e5acfc400170e2f90",
			"parentId": "I331034114777799755IvFPN",
			"slotId": "mod_stock"
		},
		{
			"_id": "I59618245344554636UJvbsK",
			"_tpl": "5857a8bc2459772bad15db29",
			"parentId": "5c6687d65e9d882c8841f0fd",
			"slotId": "SecuredContainer"
		},
		{
			"_id": "I59618245506657393FN3RQC",
			"_tpl": "5e023e53d4353e3302577c4c",
			"parentId": "I59618245344554636UJvbsK",
			"slotId": "main",
			"upd": {
				"StackObjectsCount": 60
			}
		},
		{
			"_id": "I596182469402830368re4T1",
			"_tpl": "5e023e6e34d52a55c3304f71",
			"parentId": "I59618245344554636UJvbsK",
			"slotId": "main",
			"upd": {
				"StackObjectsCount": 60
			}
		},
		{
			"_id": "I59618247245882365Ii4s2W",
			"_tpl": "5a6086ea4f39f99cd479502f",
			"parentId": "I59618245344554636UJvbsK",
			"slotId": "main",
			"upd": {
				"StackObjectsCount": 60
			}
		},
		{
			"_id": "I59618241902716034g1QG5H",
			"_tpl": "5a6086ea4f39f99cd479502f",
			"parentId": "I59618245344554636UJvbsK",
			"slotId": "main",
			"upd": {
				"StackObjectsCount": 60
			}
		},
		{
			"_id": "I596182459037756371fDwvV",
			"_tpl": "5e023e6e34d52a55c3304f71",
			"parentId": "I59618245344554636UJvbsK",
			"slotId": "main",
			"upd": {
				"StackObjectsCount": 60
			}
		},
		{
			"_id": "I59618243565043708m4i7Vn",
			"_tpl": "5a6086ea4f39f99cd479502f",
			"parentId": "I59618245344554636UJvbsK",
			"slotId": "main",
			"upd": {
				"StackObjectsCount": 60
			}
		},
		{
			"_id": "I59618242159451986KW96Bc",
			"_tpl": "5a6086ea4f39f99cd479502f",
			"parentId": "I59618245344554636UJvbsK",
			"slotId": "main",
			"upd": {
				"StackObjectsCount": 60
			}
		},
		{
			"_id": "I59618246258159526BUCBLF",
			"_tpl": "5a6086ea4f39f99cd479502f",
			"parentId": "I59618245344554636UJvbsK",
			"slotId": "main",
			"upd": {
				"StackObjectsCount": 60
			}
		},
		{
			"_id": "I59618249280309859ARfTbo",
			"_tpl": "5e023e88277cce2b522ff2b1",
			"parentId": "I59618245344554636UJvbsK",
			"slotId": "main",
			"upd": {
				"StackObjectsCount": 60
			}
		},
		{
			"_id": "I59618246161867747WPPDVD",
			"_tpl": "5b099ac65acfc400186331e1",
			"parentId": "I59618243210955649gW0fAO",
			"slotId": "3",
			"location": {
				"x": 0,
				"y": 0,
				"r": "Horizontal"
			}
		},
		{
			"_id": "I596182428716094277Ultno",
			"_tpl": "5e023e88277cce2b522ff2b1",
			"parentId": "I59618246161867747WPPDVD",
			"slotId": "cartridges",
			"upd": {
				"StackObjectsCount": 20
			}
		},
		{
			"_id": "I59618244803218722wwjrjs",
			"_tpl": "544fb37f4bdc2dee738b4567",
			"parentId": "I59618243210955649gW0fAO",
			"slotId": "6"
		},
		{
			"_id": "I59618249683295233MPM71T",
			"_tpl": "5e32f56fcb6d5863cc5e5ee4",
			"parentId": "I59618243210955649gW0fAO",
			"slotId": "1"
		},
		{
			"_id": "I596182487784673621qc7ea",
			"_tpl": "5a608bf24f39f98ffc77720e",
			"parentId": "I59618243210955649gW0fAO",
			"slotId": "8",
			"upd": {
				"StackObjectsCount": 17
			}
		},
		{
			"_id": "I59618244263023779VXNdgh",
			"_tpl": "5bffdc370db834001d23eca8",
			"parentId": "5c6687d65e9d882c8841f0fd",
			"slotId": "Scabbard"
		},
		{
			"_id": "I59618246180334888jeErrp",
			"_tpl": "59e770f986f7742cbe3164ef",
			"parentId": "5c6687d65e9d882c8841f0fd",
			"slotId": "Headwear"
		},
		{
			"_id": "I59618247868471996AnqxZ6",
			"_tpl": "5c1a1cc52e221602b3136e3d",
			"parentId": "5c6687d65e9d882c8841f0fd",
			"slotId": "Eyewear"
		},
		{
			"_id": "I59618247386475140RSEftg",
			"_tpl": "5ab8f39486f7745cd93a1cca",
			"parentId": "5c6687d65e9d882c8841f0fd",
			"slotId": "FaceCover"
		},
		{
			"_id": "I59618245169074094QNO4bh",
			"_tpl": "56e33634d2720bd8058b456b",
			"parentId": "5c6687d65e9d882c8841f0fd",
			"slotId": "Backpack"
		},
		{
			"_id": "I596182469493917534aPjwC",
			"_tpl": "57347c93245977448d35f6e3",
			"parentId": "I59618245169074094QNO4bh",
			"slotId": "main",
			"location": {
				"x": 0,
				"y": 0,
				"r": "Horizontal"
			}
		},
		{
			"_id": "I59618243040959187uZnyxu",
			"_tpl": "5d1b31ce86f7742523398394",
			"parentId": "5c6687d65e9d882c8841f121",
			"slotId": "pocket1",
			"location": {
				"x": 0,
				"y": 0,
				"r": "Horizontal"
			},
			"upd": {
				"SpawnedInSession": true
			}
		}
	],
	"equipment": "5c6687d65e9d882c8841f0fd",
	"stash": "5c6687d65e9d882c8841f0fc",
	"questRaidItems": "5c6687d65e9d882c8841f0fe",
	"questStashItems": "5c6687d65e9d882c8841f0ff",
	"fastPanel": {}
}