{
	"items": [
		{
			"_id": "5c6687d65e9d882c8841f0fd",
			"_tpl": "55d7217a4bdc2d86028b456d"
		},
		{
			"_id": "5c6687d65e9d882c8841f121",
			"_tpl": "557ffd194bdc2d28148b457f",
			"parentId": "5c6687d65e9d882c8841f0fd",
			"slotId": "Pockets"
		},
		{
			"_id": "5c6687d65e9d882c8841f0fc",
			"_tpl": "566abbc34bdc2d92178b4576"
		},
		{
			"_id": "5c6687d65e9d882c8841f0ff",
			"_tpl": "5963866b86f7747bfa1c4462"
		},
		{
			"_id": "5c6687d65e9d882c8841f0fe",
			"_tpl": "5963866286f7747bf429b572"
		},
		{
			"_id": "I59618243359539559y0rkIx",
			"_tpl": "572b7adb24597762ae139821",
			"parentId": "5c6687d65e9d882c8841f0fd",
			"slotId": "TacticalVest"
		},
		{
			"_id": "I331025136497950874p6Qtu",
			"_tpl": "59d6088586f774275f37482f",
			"parentId": "5c6687d65e9d882c8841f0fd",
			"slotId": "FirstPrimaryWeapon",
			"upd": {
				"Repairable": {
					"MaxDurability": 100,
					"Durability": 14
				}
			}
		},
		{
			"_id": "I331025131155890004PGGVu",
			"_tpl": "59d64ec286f774171d1e0a42",
			"parentId": "I331025136497950874p6Qtu",
			"slotId": "mod_gas_block"
		},
		{
			"_id": "I331025132431303768wLBut",
			"_tpl": "59d64fc686f774171b243fe2",
			"parentId": "I331025136497950874p6Qtu",
			"slotId": "mod_muzzle"
		},
		{
			"_id": "I331025135897016229pLOBe",
			"_tpl": "59e62cc886f77440d40b52a1",
			"parentId": "I331025136497950874p6Qtu",
			"slotId": "mod_pistol_grip"
		},
		{
			"_id": "I3310251389087471193nWGz",
			"_tpl": "59d6507c86f7741b846413a2",
			"parentId": "I331025136497950874p6Qtu",
			"slotId": "mod_reciever"
		},
		{
			"_id": "I331025137009763301XP9S7",
			"_tpl": "59d650cf86f7741b846413a4",
			"parentId": "I331025136497950874p6Qtu",
			"slotId": "mod_sight_rear",
			"upd": {
				"Sight": {
					"SelectedSightMode": 0
				}
			}
		},
		{
			"_id": "I596182498529430502TTAjv",
			"_tpl": "59e5d83b86f7745aed03d262",
			"parentId": "I331025136497950874p6Qtu",
			"slotId": "mod_magazine"
		},
		{
			"_id": "I59618243419862227mll3HS",
			"_tpl": "59e4cf5286f7741778269d8a",
			"parentId": "I596182498529430502TTAjv",
			"slotId": "cartridges",
			"upd": {
				"StackObjectsCount": 10
			}
		},
		{
			"_id": "I331025134185248693M0cHJ",
			"_tpl": "59d64f2f86f77417193ef8b3",
			"parentId": "I331025131155890004PGGVu",
			"slotId": "mod_handguard"
		},
		{
			"_id": "I59618249170176043C4Dugz",
			"_tpl": "5857a8bc2459772bad15db29",
			"parentId": "5c6687d65e9d882c8841f0fd",
			"slotId": "SecuredContainer"
		},
		{
			"_id": "I59618247547647232YTAZ4h",
			"_tpl": "59e4d24686f7741776641ac7",
			"parentId": "I59618249170176043C4Dugz",
			"slotId": "main",
			"upd": {
				"StackObjectsCount": 60
			}
		},
		{
			"_id": "I59618246731740513WsJ6OD",
			"_tpl": "5656d7c34bdc2d9d198b4587",
			"parentId": "I59618249170176043C4Dugz",
			"slotId": "main",
			"upd": {
				"StackObjectsCount": 60
			}
		},
		{
			"_id": "I59618245757486717Vj19wD",
			"_tpl": "5656d7c34bdc2d9d198b4587",
			"parentId": "I59618249170176043C4Dugz",
			"slotId": "main",
			"upd": {
				"StackObjectsCount": 60
			}
		},
		{
			"_id": "I59618248097062778lE3Qh4",
			"_tpl": "59e0d99486f7744a32234762",
			"parentId": "I59618249170176043C4Dugz",
			"slotId": "main",
			"upd": {
				"StackObjectsCount": 60
			}
		},
		{
			"_id": "I59618243694502077oIN25x",
			"_tpl": "59e4d3d286f774176a36250a",
			"parentId": "I59618249170176043C4Dugz",
			"slotId": "main",
			"upd": {
				"StackObjectsCount": 60
			}
		},
		{
			"_id": "I59618241262530265hAb9Q2",
			"_tpl": "59e4d3d286f774176a36250a",
			"parentId": "I59618249170176043C4Dugz",
			"slotId": "main",
			"upd": {
				"StackObjectsCount": 60
			}
		},
		{
			"_id": "I59618248745433323hjNPtP",
			"_tpl": "59e0d99486f7744a32234762",
			"parentId": "I59618249170176043C4Dugz",
			"slotId": "main",
			"upd": {
				"StackObjectsCount": 60
			}
		},
		{
			"_id": "I59618241831448571Nj77CA",
			"_tpl": "5656d7c34bdc2d9d198b4587",
			"parentId": "I59618249170176043C4Dugz",
			"slotId": "main",
			"upd": {
				"StackObjectsCount": 60
			}
		},
		{
			"_id": "I596182469499496190KhY82",
			"_tpl": "59e4d3d286f774176a36250a",
			"parentId": "I59618249170176043C4Dugz",
			"slotId": "main",
			"upd": {
				"StackObjectsCount": 60
			}
		},
		{
			"_id": "I59618246367894607Dc5uOJ",
			"_tpl": "59e5d83b86f7745aed03d262",
			"parentId": "I59618243359539559y0rkIx",
			"slotId": "2",
			"location": {
				"x": 0,
				"y": 0,
				"r": "Horizontal"
			}
		},
		{
			"_id": "I59618249706647802urS6UU",
			"_tpl": "5656d7c34bdc2d9d198b4587",
			"parentId": "I59618246367894607Dc5uOJ",
			"slotId": "cartridges",
			"upd": {
				"StackObjectsCount": 10
			}
		},
		{
			"_id": "I59618243766233947mXFJS3",
			"_tpl": "59e5d83b86f7745aed03d262",
			"parentId": "I59618243359539559y0rkIx",
			"slotId": "2",
			"location": {
				"x": 0,
				"y": 1,
				"r": "Horizontal"
			}
		},
		{
			"_id": "I59618248109813388F3tirJ",
			"_tpl": "59e4d3d286f774176a36250a",
			"parentId": "I59618243766233947mXFJS3",
			"slotId": "cartridges",
			"upd": {
				"StackObjectsCount": 10
			}
		},
		{
			"_id": "I59618242764182212LX0KsI",
			"_tpl": "59e0d99486f7744a32234762",
			"parentId": "I59618243359539559y0rkIx",
			"slotId": "1",
			"upd": {
				"StackObjectsCount": 50
			}
		},
		{
			"_id": "I59618245813222678LQOQTF",
			"_tpl": "54491bb74bdc2d09088b4567",
			"parentId": "5c6687d65e9d882c8841f0fd",
			"slotId": "Scabbard"
		},
		{
			"_id": "I59618241441699945y80DOC",
			"_tpl": "5645bc214bdc2d363b8b4571",
			"parentId": "5c6687d65e9d882c8841f0fd",
			"slotId": "Headwear"
		},
		{
			"_id": "I59618244915328256E0JWDh",
			"_tpl": "5b46238386f7741a693bcf9c",
			"parentId": "I59618241441699945y80DOC",
			"slotId": "mod_equipment",
			"upd": {
				"Togglable": {
					"On": true
				}
			}
		},
		{
			"_id": "I59618242841641055okaPqZ",
			"_tpl": "5b432be65acfc433000ed01f",
			"parentId": "5c6687d65e9d882c8841f0fd",
			"slotId": "Eyewear"
		},
		{
			"_id": "I596182488521713398RL6WA",
			"_tpl": "5ab8f04f86f774585f4237d8",
			"parentId": "5c6687d65e9d882c8841f0fd",
			"slotId": "Backpack"
		},
		{
			"_id": "I59618241307171834hYbpiY",
			"_tpl": "5e2aedd986f7746d404f3aa4",
			"parentId": "I596182488521713398RL6WA",
			"slotId": "main",
			"location": {
				"x": 0,
				"y": 0,
				"r": "Horizontal"
			}
		},
		{
			"_id": "I59618246932785280CGMu5t",
			"_tpl": "5ab8e4ed86f7742d8e50c7fa",
			"parentId": "5c6687d65e9d882c8841f0fd",
			"slotId": "ArmorVest",
			"upd": {
				"Repairable": {
					"MaxDurability": 50,
					"Durability": 13
				}
			}
		},
		{
			"_id": "I59618246698800061FpCXq5",
			"_tpl": "590a3b0486f7743954552bdb",
			"parentId": "5c6687d65e9d882c8841f121",
			"slotId": "pocket1",
			"location": {
				"x": 0,
				"y": 0,
				"r": "Horizontal"
			},
			"upd": {
				"SpawnedInSession": true
			}
		},
		{
			"_id": "I59618241698276692ErzE8e",
			"_tpl": "5909e99886f7740c983b9984",
			"parentId": "5c6687d65e9d882c8841f121",
			"slotId": "pocket2",
			"location": {
				"x": 0,
				"y": 0,
				"r": "Horizontal"
			},
			"upd": {
				"SpawnedInSession": true
			}
		}
	],
	"equipment": "5c6687d65e9d882c8841f0fd",
	"stash": "5c6687d65e9d882c8841f0fc",
	"questRaidItems": "5c6687d65e9d882c8841f0fe",
	"questStashItems": "5c6687d65e9d882c8841f0ff",
	"fastPanel": {}
}