{
	"items": [
		{
			"_id": "5c6687d65e9d882c8841f0fd",
			"_tpl": "55d7217a4bdc2d86028b456d"
		},
		{
			"_id": "5c6687d65e9d882c8841f121",
			"_tpl": "557ffd194bdc2d28148b457f",
			"parentId": "5c6687d65e9d882c8841f0fd",
			"slotId": "Pockets"
		},
		{
			"_id": "5c6687d65e9d882c8841f0fc",
			"_tpl": "566abbc34bdc2d92178b4576"
		},
		{
			"_id": "5c6687d65e9d882c8841f0ff",
			"_tpl": "5963866b86f7747bfa1c4462"
		},
		{
			"_id": "5c6687d65e9d882c8841f0fe",
			"_tpl": "5963866286f7747bf429b572"
		},
		{
			"_id": "I59618242103099779g5SwHp",
			"_tpl": "5e4abfed86f77406a2713cf7",
			"parentId": "5c6687d65e9d882c8841f0fd",
			"slotId": "TacticalVest"
		},
		{
			"_id": "I210010418024497707wBAB1",
			"_tpl": "5abcbc27d8ce8700182eceeb",
			"parentId": "5c6687d65e9d882c8841f0fd",
			"slotId": "FirstPrimaryWeapon",
			"upd": {
				"Repairable": {
					"MaxDurability": 100,
					"Durability": 62
				}
			}
		},
		{
			"_id": "I210010416497173703N2Isr",
			"_tpl": "59d64ec286f774171d1e0a42",
			"parentId": "I210010418024497707wBAB1",
			"slotId": "mod_gas_block"
		},
		{
			"_id": "I2100104197542237816XvUi",
			"_tpl": "59e61eb386f77440d64f5daf",
			"parentId": "I210010418024497707wBAB1",
			"slotId": "mod_muzzle"
		},
		{
			"_id": "I2100104149859199721tBVT",
			"_tpl": "5a0071d486f77404e23a12b2",
			"parentId": "I210010418024497707wBAB1",
			"slotId": "mod_pistol_grip_akms"
		},
		{
			"_id": "I210010419246380679XMkY5",
			"_tpl": "59d6507c86f7741b846413a2",
			"parentId": "I210010418024497707wBAB1",
			"slotId": "mod_reciever"
		},
		{
			"_id": "I210010419926311617oJRkC",
			"_tpl": "59d650cf86f7741b846413a4",
			"parentId": "I210010418024497707wBAB1",
			"slotId": "mod_sight_rear",
			"upd": {
				"Sight": {
					"SelectedSightMode": 0
				}
			}
		},
		{
			"_id": "I210010415340435275MTdRt",
			"_tpl": "5abcd472d8ce8700166032ae",
			"parentId": "I210010418024497707wBAB1",
			"slotId": "mod_stock_akms"
		},
		{
			"_id": "I59618248047721985RuWhFh",
			"_tpl": "59e5d83b86f7745aed03d262",
			"parentId": "I210010418024497707wBAB1",
			"slotId": "mod_magazine"
		},
		{
			"_id": "I59618248733866732GRJ9W4",
			"_tpl": "59e4d24686f7741776641ac7",
			"parentId": "I59618248047721985RuWhFh",
			"slotId": "cartridges",
			"upd": {
				"StackObjectsCount": 10
			}
		},
		{
			"_id": "I210010411171325975YXFEd",
			"_tpl": "59d64f2f86f77417193ef8b3",
			"parentId": "I210010416497173703N2Isr",
			"slotId": "mod_handguard"
		},
		{
			"_id": "I59618246890756125TcjDL6",
			"_tpl": "5857a8bc2459772bad15db29",
			"parentId": "5c6687d65e9d882c8841f0fd",
			"slotId": "SecuredContainer"
		},
		{
			"_id": "I59618242435550256BG84dS",
			"_tpl": "59e0d99486f7744a32234762",
			"parentId": "I59618246890756125TcjDL6",
			"slotId": "main",
			"upd": {
				"StackObjectsCount": 60
			}
		},
		{
			"_id": "I59618241110569181kptdj0",
			"_tpl": "59e4cf5286f7741778269d8a",
			"parentId": "I59618246890756125TcjDL6",
			"slotId": "main",
			"upd": {
				"StackObjectsCount": 60
			}
		},
		{
			"_id": "I59618243729316127dPo0mJ",
			"_tpl": "59e4d3d286f774176a36250a",
			"parentId": "I59618246890756125TcjDL6",
			"slotId": "main",
			"upd": {
				"StackObjectsCount": 60
			}
		},
		{
			"_id": "I59618246720056648OGYrcE",
			"_tpl": "59e4cf5286f7741778269d8a",
			"parentId": "I59618246890756125TcjDL6",
			"slotId": "main",
			"upd": {
				"StackObjectsCount": 60
			}
		},
		{
			"_id": "I59618242556833021CRdmmX",
			"_tpl": "59e4cf5286f7741778269d8a",
			"parentId": "I59618246890756125TcjDL6",
			"slotId": "main",
			"upd": {
				"StackObjectsCount": 60
			}
		},
		{
			"_id": "I59618248241686582dm4z96",
			"_tpl": "59e4cf5286f7741778269d8a",
			"parentId": "I59618246890756125TcjDL6",
			"slotId": "main",
			"upd": {
				"StackObjectsCount": 60
			}
		},
		{
			"_id": "I59618243494957332et2APE",
			"_tpl": "5656d7c34bdc2d9d198b4587",
			"parentId": "I59618246890756125TcjDL6",
			"slotId": "main",
			"upd": {
				"StackObjectsCount": 60
			}
		},
		{
			"_id": "I59618248485048820VMPhdH",
			"_tpl": "59e4d24686f7741776641ac7",
			"parentId": "I59618246890756125TcjDL6",
			"slotId": "main",
			"upd": {
				"StackObjectsCount": 60
			}
		},
		{
			"_id": "I59618241820902508Z3L2z5",
			"_tpl": "59e4cf5286f7741778269d8a",
			"parentId": "I59618246890756125TcjDL6",
			"slotId": "main",
			"upd": {
				"StackObjectsCount": 60
			}
		},
		{
			"_id": "I59618244602828646RMgMLf",
			"_tpl": "59e5d83b86f7745aed03d262",
			"parentId": "I59618242103099779g5SwHp",
			"slotId": "1",
			"location": {
				"x": 0,
				"y": 0,
				"r": "Horizontal"
			}
		},
		{
			"_id": "I59618248341805548y5MYpp",
			"_tpl": "5656d7c34bdc2d9d198b4587",
			"parentId": "I59618244602828646RMgMLf",
			"slotId": "cartridges",
			"upd": {
				"StackObjectsCount": 10
			}
		},
		{
			"_id": "I596182492941396393wwxtR",
			"_tpl": "59e5d83b86f7745aed03d262",
			"parentId": "I59618242103099779g5SwHp",
			"slotId": "1",
			"location": {
				"x": 0,
				"y": 1,
				"r": "Horizontal"
			}
		},
		{
			"_id": "I59618243162564041W3ABMN",
			"_tpl": "59e0d99486f7744a32234762",
			"parentId": "I596182492941396393wwxtR",
			"slotId": "cartridges",
			"upd": {
				"StackObjectsCount": 10
			}
		},
		{
			"_id": "I59618245613782773IUT1hK",
			"_tpl": "59e5d83b86f7745aed03d262",
			"parentId": "I59618242103099779g5SwHp",
			"slotId": "4",
			"location": {
				"x": 0,
				"y": 0,
				"r": "Horizontal"
			}
		},
		{
			"_id": "I59618242430072887ei8XxC",
			"_tpl": "5656d7c34bdc2d9d198b4587",
			"parentId": "I59618245613782773IUT1hK",
			"slotId": "cartridges",
			"upd": {
				"StackObjectsCount": 10
			}
		},
		{
			"_id": "I59618249481561346bA6sE8",
			"_tpl": "59e5d83b86f7745aed03d262",
			"parentId": "I59618242103099779g5SwHp",
			"slotId": "4",
			"location": {
				"x": 0,
				"y": 1,
				"r": "Horizontal"
			}
		},
		{
			"_id": "I59618243375733028IP51YA",
			"_tpl": "59e0d99486f7744a32234762",
			"parentId": "I59618249481561346bA6sE8",
			"slotId": "cartridges",
			"upd": {
				"StackObjectsCount": 10
			}
		},
		{
			"_id": "I596182465998659567lMnUD",
			"_tpl": "59e0d99486f7744a32234762",
			"parentId": "I59618242103099779g5SwHp",
			"slotId": "6",
			"upd": {
				"StackObjectsCount": 17
			}
		},
		{
			"_id": "I59618248281424459MYwEY5",
			"_tpl": "57e26fc7245977162a14b800",
			"parentId": "5c6687d65e9d882c8841f0fd",
			"slotId": "Scabbard"
		},
		{
			"_id": "I59618243197601616cNINuA",
			"_tpl": "5b40e61f5acfc4001a599bec",
			"parentId": "5c6687d65e9d882c8841f0fd",
			"slotId": "Headwear"
		},
		{
			"_id": "I59618247383720665I0cKuy",
			"_tpl": "557ff21e4bdc2d89578b4586",
			"parentId": "5c6687d65e9d882c8841f0fd",
			"slotId": "Eyewear"
		},
		{
			"_id": "I59618248887697316yq7Nxe",
			"_tpl": "5bd0716d86f774171822ef4b",
			"parentId": "5c6687d65e9d882c8841f0fd",
			"slotId": "FaceCover"
		},
		{
			"_id": "I59618249244302370Msfr27",
			"_tpl": "56e33634d2720bd8058b456b",
			"parentId": "5c6687d65e9d882c8841f0fd",
			"slotId": "Backpack"
		},
		{
			"_id": "I59618242360910535p1vWDF",
			"_tpl": "5c0e51be86f774598e797894",
			"parentId": "5c6687d65e9d882c8841f0fd",
			"slotId": "ArmorVest",
			"upd": {
				"Repairable": {
					"MaxDurability": 47,
					"Durability": 29
				}
			}
		}
	],
	"equipment": "5c6687d65e9d882c8841f0fd",
	"stash": "5c6687d65e9d882c8841f0fc",
	"questRaidItems": "5c6687d65e9d882c8841f0fe",
	"questStashItems": "5c6687d65e9d882c8841f0ff",
	"fastPanel": {}
}