{
	"items": [
		{
			"_id": "5c6687d65e9d882c8841f0fd",
			"_tpl": "55d7217a4bdc2d86028b456d"
		},
		{
			"_id": "5c6687d65e9d882c8841f121",
			"_tpl": "557ffd194bdc2d28148b457f",
			"parentId": "5c6687d65e9d882c8841f0fd",
			"slotId": "Pockets"
		},
		{
			"_id": "5c6687d65e9d882c8841f0fc",
			"_tpl": "566abbc34bdc2d92178b4576"
		},
		{
			"_id": "5c6687d65e9d882c8841f0ff",
			"_tpl": "5963866b86f7747bfa1c4462"
		},
		{
			"_id": "5c6687d65e9d882c8841f0fe",
			"_tpl": "5963866286f7747bf429b572"
		},
		{
			"_id": "I59618245543323568z75uGL",
			"_tpl": "5d5d8ca986f7742798716522",
			"parentId": "5c6687d65e9d882c8841f0fd",
			"slotId": "TacticalVest"
		},
		{
			"_id": "I210061234547726775xDV3m",
			"_tpl": "5447a9cd4bdc2dbd208b4567",
			"parentId": "5c6687d65e9d882c8841f0fd",
			"slotId": "FirstPrimaryWeapon",
			"upd": {
				"Repairable": {
					"MaxDurability": 100,
					"Durability": 60
				}
			}
		},
		{
			"_id": "I21006128838148213M31JRb",
			"_tpl": "55d4b9964bdc2d1d4e8b456e",
			"parentId": "I210061234547726775xDV3m",
			"slotId": "mod_pistol_grip"
		},
		{
			"_id": "I59618241257216862Z0PwnQ",
			"_tpl": "5d1340cad7ad1a0b0b249869",
			"parentId": "I210061234547726775xDV3m",
			"slotId": "mod_magazine"
		},
		{
			"_id": "I59618242948010990VASdB3",
			"_tpl": "59e6918f86f7746c9f75e849",
			"parentId": "I59618241257216862Z0PwnQ",
			"slotId": "cartridges",
			"upd": {
				"StackObjectsCount": 30
			}
		},
		{
			"_id": "I210061267743046653lr3Ss",
			"_tpl": "55d355e64bdc2d962f8b4569",
			"parentId": "I210061234547726775xDV3m",
			"slotId": "mod_reciever"
		},
		{
			"_id": "I21006128533090391oSmMrH",
			"_tpl": "5649be884bdc2d79388b4577",
			"parentId": "I210061234547726775xDV3m",
			"slotId": "mod_stock"
		},
		{
			"_id": "I21006121348546198bJmi79",
			"_tpl": "55d44fd14bdc2d962f8b456e",
			"parentId": "I210061234547726775xDV3m",
			"slotId": "mod_charge"
		},
		{
			"_id": "I21006129388371471xPsAB7",
			"_tpl": "55d3632e4bdc2d972f8b4569",
			"parentId": "I210061267743046653lr3Ss",
			"slotId": "mod_barrel"
		},
		{
			"_id": "I21006121108382645LuPV37",
			"_tpl": "5ae30db85acfc408fb139a05",
			"parentId": "I210061267743046653lr3Ss",
			"slotId": "mod_handguard"
		},
		{
			"_id": "I21006128837284705fer4e3",
			"_tpl": "5ae30bad5acfc400185c2dc4",
			"parentId": "I210061267743046653lr3Ss",
			"slotId": "mod_sight_rear",
			"upd": {
				"Sight": {
					"SelectedSightMode": 0
				}
			}
		},
		{
			"_id": "I21006124279930465jkyQzF",
			"_tpl": "55d4ae6c4bdc2d8b2f8b456e",
			"parentId": "I21006128533090391oSmMrH",
			"slotId": "mod_stock_000"
		},
		{
			"_id": "I21006121328946940Hvs8Y9",
			"_tpl": "544a38634bdc2d58388b4568",
			"parentId": "I21006129388371471xPsAB7",
			"slotId": "mod_muzzle"
		},
		{
			"_id": "I21006121443262486RLeOYp",
			"_tpl": "5ae30e795acfc408fb139a0b",
			"parentId": "I21006129388371471xPsAB7",
			"slotId": "mod_gas_block"
		},
		{
			"_id": "I59618243093197034Jzxwsb",
			"_tpl": "5857a8bc2459772bad15db29",
			"parentId": "5c6687d65e9d882c8841f0fd",
			"slotId": "SecuredContainer"
		},
		{
			"_id": "I59618243302019911Gysycj",
			"_tpl": "54527a984bdc2d4e668b4567",
			"parentId": "I59618243093197034Jzxwsb",
			"slotId": "main",
			"upd": {
				"StackObjectsCount": 60
			}
		},
		{
			"_id": "I59618245420764470uebHIQ",
			"_tpl": "59e6918f86f7746c9f75e849",
			"parentId": "I59618243093197034Jzxwsb",
			"slotId": "main",
			"upd": {
				"StackObjectsCount": 60
			}
		},
		{
			"_id": "I59618244843518730Je0GLI",
			"_tpl": "59e6927d86f77411da468256",
			"parentId": "I59618243093197034Jzxwsb",
			"slotId": "main",
			"upd": {
				"StackObjectsCount": 60
			}
		},
		{
			"_id": "I59618247159303702j9hUTT",
			"_tpl": "59e690b686f7746c9f75e848",
			"parentId": "I59618243093197034Jzxwsb",
			"slotId": "main",
			"upd": {
				"StackObjectsCount": 60
			}
		},
		{
			"_id": "I59618246532524657fFQMpo",
			"_tpl": "54527ac44bdc2d36668b4567",
			"parentId": "I59618243093197034Jzxwsb",
			"slotId": "main",
			"upd": {
				"StackObjectsCount": 60
			}
		},
		{
			"_id": "I59618243486347972dtHb7n",
			"_tpl": "59e6906286f7746c9f75e847",
			"parentId": "I59618243093197034Jzxwsb",
			"slotId": "main",
			"upd": {
				"StackObjectsCount": 60
			}
		},
		{
			"_id": "I59618246659934291jImGEj",
			"_tpl": "59e6927d86f77411da468256",
			"parentId": "I59618243093197034Jzxwsb",
			"slotId": "main",
			"upd": {
				"StackObjectsCount": 60
			}
		},
		{
			"_id": "I596182435809559323DrjAV",
			"_tpl": "59e6906286f7746c9f75e847",
			"parentId": "I59618243093197034Jzxwsb",
			"slotId": "main",
			"upd": {
				"StackObjectsCount": 60
			}
		},
		{
			"_id": "I59618242957561809Os4Xnf",
			"_tpl": "59e690b686f7746c9f75e848",
			"parentId": "I59618243093197034Jzxwsb",
			"slotId": "main",
			"upd": {
				"StackObjectsCount": 60
			}
		},
		{
			"_id": "I59618245789653248mfGBmh",
			"_tpl": "5c6d42cb2e2216000e69d7d1",
			"parentId": "I59618245543323568z75uGL",
			"slotId": "2",
			"location": {
				"x": 0,
				"y": 0,
				"r": "Horizontal"
			}
		},
		{
			"_id": "I59618243758212516kPWBlG",
			"_tpl": "54527a984bdc2d4e668b4567",
			"parentId": "I59618245789653248mfGBmh",
			"slotId": "cartridges",
			"upd": {
				"StackObjectsCount": 30
			}
		},
		{
			"_id": "I59618243563602785z0M7rR",
			"_tpl": "5c6d42cb2e2216000e69d7d1",
			"parentId": "I59618245543323568z75uGL",
			"slotId": "1",
			"location": {
				"x": 1,
				"y": 0,
				"r": "Horizontal"
			}
		},
		{
			"_id": "I59618247006900804mZQY2e",
			"_tpl": "59e6927d86f77411da468256",
			"parentId": "I59618243563602785z0M7rR",
			"slotId": "cartridges",
			"upd": {
				"StackObjectsCount": 30
			}
		},
		{
			"_id": "I59618245124597162H95hDM",
			"_tpl": "57e26fc7245977162a14b800",
			"parentId": "5c6687d65e9d882c8841f0fd",
			"slotId": "Scabbard"
		},
		{
			"_id": "I59618246624271259hKJ092",
			"_tpl": "5aa2ba46e5b5b000137b758d",
			"parentId": "5c6687d65e9d882c8841f0fd",
			"slotId": "Headwear"
		},
		{
			"_id": "I59618241785135001n6SacA",
			"_tpl": "572b7fa524597762b747ce82",
			"parentId": "5c6687d65e9d882c8841f0fd",
			"slotId": "FaceCover"
		},
		{
			"_id": "I59618249425486603FCMl3P",
			"_tpl": "56e33634d2720bd8058b456b",
			"parentId": "5c6687d65e9d882c8841f0fd",
			"slotId": "Backpack"
		},
		{
			"_id": "I59618243189489930EiFImM",
			"_tpl": "5ab8e79e86f7742d8b372e78",
			"parentId": "5c6687d65e9d882c8841f0fd",
			"slotId": "ArmorVest",
			"upd": {
				"Repairable": {
					"MaxDurability": 65,
					"Durability": 39
				}
			}
		},
		{
			"_id": "I596182495053216839HNj5Y",
			"_tpl": "5e2af29386f7746d4159f077",
			"parentId": "5c6687d65e9d882c8841f121",
			"slotId": "pocket1",
			"location": {
				"x": 0,
				"y": 0,
				"r": "Horizontal"
			},
			"upd": {
				"SpawnedInSession": true
			}
		},
		{
			"_id": "I59618241364477463mQBkYJ",
			"_tpl": "5a145d4786f7744cbb6f4a12",
			"parentId": "5c6687d65e9d882c8841f121",
			"slotId": "pocket2",
			"location": {
				"x": 0,
				"y": 0,
				"r": "Horizontal"
			},
			"upd": {
				"SpawnedInSession": true
			}
		},
		{
			"_id": "I59618244166072139yQ8Ehd",
			"_tpl": "544fb3f34bdc2d03748b456a",
			"parentId": "5c6687d65e9d882c8841f121",
			"slotId": "pocket3",
			"location": {
				"x": 0,
				"y": 0,
				"r": "Horizontal"
			},
			"upd": {
				"SpawnedInSession": true
			}
		}
	],
	"equipment": "5c6687d65e9d882c8841f0fd",
	"stash": "5c6687d65e9d882c8841f0fc",
	"questRaidItems": "5c6687d65e9d882c8841f0fe",
	"questStashItems": "5c6687d65e9d882c8841f0ff",
	"fastPanel": {}
}