{
	"items": [
		{
			"_id": "5c6687d65e9d882c8841f0fd",
			"_tpl": "55d7217a4bdc2d86028b456d"
		},
		{
			"_id": "5c6687d65e9d882c8841f121",
			"_tpl": "557ffd194bdc2d28148b457f",
			"parentId": "5c6687d65e9d882c8841f0fd",
			"slotId": "Pockets"
		},
		{
			"_id": "5c6687d65e9d882c8841f0fc",
			"_tpl": "566abbc34bdc2d92178b4576"
		},
		{
			"_id": "5c6687d65e9d882c8841f0ff",
			"_tpl": "5963866b86f7747bfa1c4462"
		},
		{
			"_id": "5c6687d65e9d882c8841f0fe",
			"_tpl": "5963866286f7747bf429b572"
		},
		{
			"_id": "I59618249269027000qX9nMb",
			"_tpl": "5648a69d4bdc2ded0b8b457b",
			"parentId": "5c6687d65e9d882c8841f0fd",
			"slotId": "TacticalVest"
		},
		{
			"_id": "I331026169324894193hVST9",
			"_tpl": "59ff346386f77477562ff5e2",
			"parentId": "5c6687d65e9d882c8841f0fd",
			"slotId": "FirstPrimaryWeapon",
			"upd": {
				"Repairable": {
					"MaxDurability": 100,
					"Durability": 72
				}
			}
		},
		{
			"_id": "I331026168753143430sqW9i",
			"_tpl": "59d64ec286f774171d1e0a42",
			"parentId": "I331026169324894193hVST9",
			"slotId": "mod_gas_block"
		},
		{
			"_id": "I3310261683777674139F0RI",
			"_tpl": "59d64fc686f774171b243fe2",
			"parentId": "I331026169324894193hVST9",
			"slotId": "mod_muzzle"
		},
		{
			"_id": "I331026161738345055NgLoy",
			"_tpl": "5a0071d486f77404e23a12b2",
			"parentId": "I331026169324894193hVST9",
			"slotId": "mod_pistol_grip_akms"
		},
		{
			"_id": "I3310261687205762459cl4d",
			"_tpl": "59d6507c86f7741b846413a2",
			"parentId": "I331026169324894193hVST9",
			"slotId": "mod_reciever"
		},
		{
			"_id": "I331026167969922190AWPkj",
			"_tpl": "59d650cf86f7741b846413a4",
			"parentId": "I331026169324894193hVST9",
			"slotId": "mod_sight_rear",
			"upd": {
				"Sight": {
					"SelectedSightMode": 0
				}
			}
		},
		{
			"_id": "I596182410466635705GDvQy",
			"_tpl": "5a0060fc86f7745793204432",
			"parentId": "I331026169324894193hVST9",
			"slotId": "mod_magazine"
		},
		{
			"_id": "I59618244160487468b3w0uW",
			"_tpl": "59e0d99486f7744a32234762",
			"parentId": "I596182410466635705GDvQy",
			"slotId": "cartridges",
			"upd": {
				"StackObjectsCount": 30
			}
		},
		{
			"_id": "I331026164823259811pEEIR",
			"_tpl": "59d64f2f86f77417193ef8b3",
			"parentId": "I331026168753143430sqW9i",
			"slotId": "mod_handguard"
		},
		{
			"_id": "I59618247395566362cSywfO",
			"_tpl": "5857a8bc2459772bad15db29",
			"parentId": "5c6687d65e9d882c8841f0fd",
			"slotId": "SecuredContainer"
		},
		{
			"_id": "I59618249184807308ZmZVro",
			"_tpl": "5656d7c34bdc2d9d198b4587",
			"parentId": "I59618247395566362cSywfO",
			"slotId": "main",
			"upd": {
				"StackObjectsCount": 60
			}
		},
		{
			"_id": "I59618241953408215EKmPqd",
			"_tpl": "59e4d3d286f774176a36250a",
			"parentId": "I59618247395566362cSywfO",
			"slotId": "main",
			"upd": {
				"StackObjectsCount": 60
			}
		},
		{
			"_id": "I59618246821588814z1Afxy",
			"_tpl": "59e4d24686f7741776641ac7",
			"parentId": "I59618247395566362cSywfO",
			"slotId": "main",
			"upd": {
				"StackObjectsCount": 60
			}
		},
		{
			"_id": "I596182474987443972vq8Gi",
			"_tpl": "59e4cf5286f7741778269d8a",
			"parentId": "I59618247395566362cSywfO",
			"slotId": "main",
			"upd": {
				"StackObjectsCount": 60
			}
		},
		{
			"_id": "I59618243457209729jkRG7V",
			"_tpl": "59e4cf5286f7741778269d8a",
			"parentId": "I59618247395566362cSywfO",
			"slotId": "main",
			"upd": {
				"StackObjectsCount": 60
			}
		},
		{
			"_id": "I59618242219047594WjqLnA",
			"_tpl": "59e4d24686f7741776641ac7",
			"parentId": "I59618247395566362cSywfO",
			"slotId": "main",
			"upd": {
				"StackObjectsCount": 60
			}
		},
		{
			"_id": "I59618245330341839R7Dfx1",
			"_tpl": "59e4d3d286f774176a36250a",
			"parentId": "I59618247395566362cSywfO",
			"slotId": "main",
			"upd": {
				"StackObjectsCount": 60
			}
		},
		{
			"_id": "I59618242586318278BGTeLr",
			"_tpl": "59e4d3d286f774176a36250a",
			"parentId": "I59618247395566362cSywfO",
			"slotId": "main",
			"upd": {
				"StackObjectsCount": 60
			}
		},
		{
			"_id": "I59618247659210278GsAu3q",
			"_tpl": "59e4d24686f7741776641ac7",
			"parentId": "I59618247395566362cSywfO",
			"slotId": "main",
			"upd": {
				"StackObjectsCount": 60
			}
		},
		{
			"_id": "I596182437959800395IfPJj",
			"_tpl": "5ac66bea5acfc43b321d4aec",
			"parentId": "I59618249269027000qX9nMb",
			"slotId": "1",
			"location": {
				"x": 0,
				"y": 0,
				"r": "Horizontal"
			}
		},
		{
			"_id": "I59618249330827866IuArEc",
			"_tpl": "59e4d3d286f774176a36250a",
			"parentId": "I596182437959800395IfPJj",
			"slotId": "cartridges",
			"upd": {
				"StackObjectsCount": 30
			}
		},
		{
			"_id": "I596182450443518336591vv",
			"_tpl": "5ac66bea5acfc43b321d4aec",
			"parentId": "I59618249269027000qX9nMb",
			"slotId": "3",
			"location": {
				"x": 0,
				"y": 0,
				"r": "Horizontal"
			}
		},
		{
			"_id": "I59618246131944097TTN2PG",
			"_tpl": "59e4cf5286f7741778269d8a",
			"parentId": "I596182450443518336591vv",
			"slotId": "cartridges",
			"upd": {
				"StackObjectsCount": 30
			}
		},
		{
			"_id": "I596182478709588519I0oQy",
			"_tpl": "5ac66bea5acfc43b321d4aec",
			"parentId": "I59618249269027000qX9nMb",
			"slotId": "10",
			"location": {
				"x": 0,
				"y": 0,
				"r": "Horizontal"
			}
		},
		{
			"_id": "I59618245396790659MeljlJ",
			"_tpl": "59e4d3d286f774176a36250a",
			"parentId": "I596182478709588519I0oQy",
			"slotId": "cartridges",
			"upd": {
				"StackObjectsCount": 30
			}
		},
		{
			"_id": "I596182473564827833eEJLz",
			"_tpl": "58d3db5386f77426186285a0",
			"parentId": "I59618249269027000qX9nMb",
			"slotId": "5"
		},
		{
			"_id": "I596182453473786178l9TMF",
			"_tpl": "59e4d3d286f774176a36250a",
			"parentId": "I59618249269027000qX9nMb",
			"slotId": "9",
			"upd": {
				"StackObjectsCount": 29
			}
		},
		{
			"_id": "I59618241100671755LTqDrr",
			"_tpl": "54491bb74bdc2d09088b4567",
			"parentId": "5c6687d65e9d882c8841f0fd",
			"slotId": "Scabbard"
		},
		{
			"_id": "I59618248631364959pufa6F",
			"_tpl": "5aa2b9aee5b5b00015693121",
			"parentId": "5c6687d65e9d882c8841f0fd",
			"slotId": "Eyewear"
		},
		{
			"_id": "I59618242364227133ROFdLA",
			"_tpl": "56e33680d2720be2748b4576",
			"parentId": "5c6687d65e9d882c8841f0fd",
			"slotId": "Backpack"
		},
		{
			"_id": "I59618242243036436DAG2KU",
			"_tpl": "57513fcc24597720a31c09a6",
			"parentId": "I59618242364227133ROFdLA",
			"slotId": "main",
			"location": {
				"x": 0,
				"y": 0,
				"r": "Horizontal"
			}
		},
		{
			"_id": "I59618246930182838GXouQy",
			"_tpl": "5ab8e79e86f7742d8b372e78",
			"parentId": "5c6687d65e9d882c8841f0fd",
			"slotId": "ArmorVest",
			"upd": {
				"Repairable": {
					"MaxDurability": 65,
					"Durability": 40
				}
			}
		},
		{
			"_id": "I596182422311949638lj1gF",
			"_tpl": "590a358486f77429692b2790",
			"parentId": "5c6687d65e9d882c8841f121",
			"slotId": "pocket1",
			"location": {
				"x": 0,
				"y": 0,
				"r": "Horizontal"
			},
			"upd": {
				"SpawnedInSession": true
			}
		},
		{
			"_id": "I596182449066832253rtNuj",
			"_tpl": "5c0e530286f7747fa1419862",
			"parentId": "5c6687d65e9d882c8841f121",
			"slotId": "pocket2",
			"location": {
				"x": 0,
				"y": 0,
				"r": "Horizontal"
			},
			"upd": {
				"SpawnedInSession": true
			}
		}
	],
	"equipment": "5c6687d65e9d882c8841f0fd",
	"stash": "5c6687d65e9d882c8841f0fc",
	"questRaidItems": "5c6687d65e9d882c8841f0fe",
	"questStashItems": "5c6687d65e9d882c8841f0ff",
	"fastPanel": {}
}