{
	"items": [
		{
			"_id": "5c6687d65e9d882c8841f0fd",
			"_tpl": "55d7217a4bdc2d86028b456d"
		},
		{
			"_id": "5c6687d65e9d882c8841f121",
			"_tpl": "557ffd194bdc2d28148b457f",
			"parentId": "5c6687d65e9d882c8841f0fd",
			"slotId": "Pockets"
		},
		{
			"_id": "5c6687d65e9d882c8841f0fc",
			"_tpl": "566abbc34bdc2d92178b4576"
		},
		{
			"_id": "5c6687d65e9d882c8841f0ff",
			"_tpl": "5963866b86f7747bfa1c4462"
		},
		{
			"_id": "5c6687d65e9d882c8841f0fe",
			"_tpl": "5963866286f7747bf429b572"
		},
		{
			"_id": "I596182448826940870nFQpl",
			"_tpl": "5648a69d4bdc2ded0b8b457b",
			"parentId": "5c6687d65e9d882c8841f0fd",
			"slotId": "TacticalVest"
		},
		{
			"_id": "I210013502705308923ayhp4",
			"_tpl": "5de652c31b7e3716273428be",
			"parentId": "5c6687d65e9d882c8841f0fd",
			"slotId": "FirstPrimaryWeapon",
			"upd": {
				"Repairable": {
					"MaxDurability": 100,
					"Durability": 18
				}
			}
		},
		{
			"_id": "I59618244205415577q6wE1e",
			"_tpl": "5de653abf76fdc1ce94a5a2a",
			"parentId": "I210013502705308923ayhp4",
			"slotId": "mod_magazine"
		},
		{
			"_id": "I59618243615543170QfRO1l",
			"_tpl": "59e6658b86f77411d949b250",
			"parentId": "I59618244205415577q6wE1e",
			"slotId": "cartridges",
			"upd": {
				"StackObjectsCount": 4
			}
		},
		{
			"_id": "I210013504198138994tT6uc",
			"_tpl": "5de655be4a9f347bc92edb88",
			"parentId": "I210013502705308923ayhp4",
			"slotId": "mod_stock"
		},
		{
			"_id": "I210013503604083775dsBDL",
			"_tpl": "5de65547883dde217541644b",
			"parentId": "I210013502705308923ayhp4",
			"slotId": "mod_barrel"
		},
		{
			"_id": "I210013508671591970MRz52",
			"_tpl": "5de6558e9f98ac2bc65950fc",
			"parentId": "I210013502705308923ayhp4",
			"slotId": "mod_mount"
		},
		{
			"_id": "I2100135084853553903uGeQ",
			"_tpl": "5de6556a205ddc616a6bc4f7",
			"parentId": "I210013503604083775dsBDL",
			"slotId": "mod_muzzle"
		},
		{
			"_id": "I59618242472303505z6Cyoh",
			"_tpl": "5857a8bc2459772bad15db29",
			"parentId": "5c6687d65e9d882c8841f0fd",
			"slotId": "SecuredContainer"
		},
		{
			"_id": "I59618247923570943J83lqf",
			"_tpl": "59e6542b86f77411dc52a77a",
			"parentId": "I59618242472303505z6Cyoh",
			"slotId": "main",
			"upd": {
				"StackObjectsCount": 60
			}
		},
		{
			"_id": "I59618242069363731SYgYhM",
			"_tpl": "59e6542b86f77411dc52a77a",
			"parentId": "I59618242472303505z6Cyoh",
			"slotId": "main",
			"upd": {
				"StackObjectsCount": 60
			}
		},
		{
			"_id": "I59618248644898740MaegP2",
			"_tpl": "59e6658b86f77411d949b250",
			"parentId": "I59618242472303505z6Cyoh",
			"slotId": "main",
			"upd": {
				"StackObjectsCount": 60
			}
		},
		{
			"_id": "I596182476385242144ExV3A",
			"_tpl": "59e655cb86f77411dc52a77b",
			"parentId": "I59618242472303505z6Cyoh",
			"slotId": "main",
			"upd": {
				"StackObjectsCount": 60
			}
		},
		{
			"_id": "I59618248835460239LX6zUQ",
			"_tpl": "59e6542b86f77411dc52a77a",
			"parentId": "I59618242472303505z6Cyoh",
			"slotId": "main",
			"upd": {
				"StackObjectsCount": 60
			}
		},
		{
			"_id": "I59618248815046577yUWKF6",
			"_tpl": "59e6658b86f77411d949b250",
			"parentId": "I59618242472303505z6Cyoh",
			"slotId": "main",
			"upd": {
				"StackObjectsCount": 60
			}
		},
		{
			"_id": "I59618249897093326lrR271",
			"_tpl": "59e655cb86f77411dc52a77b",
			"parentId": "I59618242472303505z6Cyoh",
			"slotId": "main",
			"upd": {
				"StackObjectsCount": 60
			}
		},
		{
			"_id": "I59618248892844134bKVe1R",
			"_tpl": "59e6658b86f77411d949b250",
			"parentId": "I59618242472303505z6Cyoh",
			"slotId": "main",
			"upd": {
				"StackObjectsCount": 60
			}
		},
		{
			"_id": "I59618246982135905hdGuhR",
			"_tpl": "59e655cb86f77411dc52a77b",
			"parentId": "I59618242472303505z6Cyoh",
			"slotId": "main",
			"upd": {
				"StackObjectsCount": 60
			}
		},
		{
			"_id": "I59618249528231191vUWgUY",
			"_tpl": "5de653abf76fdc1ce94a5a2a",
			"parentId": "I596182448826940870nFQpl",
			"slotId": "1",
			"location": {
				"x": 0,
				"y": 0,
				"r": "Horizontal"
			}
		},
		{
			"_id": "I59618244081793118xkJNv4",
			"_tpl": "59e6658b86f77411d949b250",
			"parentId": "I59618249528231191vUWgUY",
			"slotId": "cartridges",
			"upd": {
				"StackObjectsCount": 4
			}
		},
		{
			"_id": "I59618244531623435xPat02",
			"_tpl": "5de653abf76fdc1ce94a5a2a",
			"parentId": "I596182448826940870nFQpl",
			"slotId": "3",
			"location": {
				"x": 0,
				"y": 0,
				"r": "Horizontal"
			}
		},
		{
			"_id": "I59618243416234192nqic3X",
			"_tpl": "59e655cb86f77411dc52a77b",
			"parentId": "I59618244531623435xPat02",
			"slotId": "cartridges",
			"upd": {
				"StackObjectsCount": 4
			}
		},
		{
			"_id": "I59618244438470595tgtxbh",
			"_tpl": "5de653abf76fdc1ce94a5a2a",
			"parentId": "I596182448826940870nFQpl",
			"slotId": "3",
			"location": {
				"x": 0,
				"y": 1,
				"r": "Horizontal"
			}
		},
		{
			"_id": "I59618243082312327lx8pYK",
			"_tpl": "59e655cb86f77411dc52a77b",
			"parentId": "I59618244438470595tgtxbh",
			"slotId": "cartridges",
			"upd": {
				"StackObjectsCount": 4
			}
		},
		{
			"_id": "I59618249039179969w5St0a",
			"_tpl": "5de653abf76fdc1ce94a5a2a",
			"parentId": "I596182448826940870nFQpl",
			"slotId": "10",
			"location": {
				"x": 0,
				"y": 0,
				"r": "Horizontal"
			}
		},
		{
			"_id": "I59618246988181911FS7ARN",
			"_tpl": "59e6542b86f77411dc52a77a",
			"parentId": "I59618249039179969w5St0a",
			"slotId": "cartridges",
			"upd": {
				"StackObjectsCount": 4
			}
		},
		{
			"_id": "I5961824274974309670EtTA",
			"_tpl": "59e6658b86f77411d949b250",
			"parentId": "I596182448826940870nFQpl",
			"slotId": "6",
			"upd": {
				"StackObjectsCount": 5
			}
		},
		{
			"_id": "I596182448424228990tPmci",
			"_tpl": "59e6658b86f77411d949b250",
			"parentId": "I596182448826940870nFQpl",
			"slotId": "9",
			"upd": {
				"StackObjectsCount": 39
			}
		},
		{
			"_id": "I59618244674784709vaVgcV",
			"_tpl": "54491bb74bdc2d09088b4567",
			"parentId": "5c6687d65e9d882c8841f0fd",
			"slotId": "Scabbard"
		},
		{
			"_id": "I59618247605012253z5iRaC",
			"_tpl": "5aa2ba46e5b5b000137b758d",
			"parentId": "5c6687d65e9d882c8841f0fd",
			"slotId": "Headwear"
		},
		{
			"_id": "I596182439894282993UWhfn",
			"_tpl": "572b7f1624597762ae139822",
			"parentId": "5c6687d65e9d882c8841f0fd",
			"slotId": "FaceCover"
		},
		{
			"_id": "I59618241004118353YRZZrk",
			"_tpl": "56e33634d2720bd8058b456b",
			"parentId": "5c6687d65e9d882c8841f0fd",
			"slotId": "Backpack"
		},
		{
			"_id": "I596182416161849117y5LvX",
			"_tpl": "544fb37f4bdc2dee738b4567",
			"parentId": "I59618241004118353YRZZrk",
			"slotId": "main",
			"location": {
				"x": 0,
				"y": 0,
				"r": "Horizontal"
			}
		},
		{
			"_id": "I59618242171902079xr3xyd",
			"_tpl": "57347da92459774491567cf5",
			"parentId": "I59618241004118353YRZZrk",
			"slotId": "main",
			"location": {
				"x": 0,
				"y": 1,
				"r": "Horizontal"
			}
		},
		{
			"_id": "I59618243708551560943ZRr",
			"_tpl": "5448ff904bdc2d6f028b456e",
			"parentId": "I59618241004118353YRZZrk",
			"slotId": "main",
			"location": {
				"x": 0,
				"y": 2,
				"r": "Horizontal"
			}
		},
		{
			"_id": "I59618249458539969gGmLDs",
			"_tpl": "5c13cd2486f774072c757944",
			"parentId": "I59618241004118353YRZZrk",
			"slotId": "main",
			"location": {
				"x": 1,
				"y": 0,
				"r": "Horizontal"
			}
		},
		{
			"_id": "I59618247014259651vrPc1M",
			"_tpl": "5b4335ba86f7744d2837a264",
			"parentId": "5c6687d65e9d882c8841f121",
			"slotId": "pocket1",
			"location": {
				"x": 0,
				"y": 0,
				"r": "Horizontal"
			},
			"upd": {
				"SpawnedInSession": true
			}
		},
		{
			"_id": "I59618242429736678PnSA7r",
			"_tpl": "590c2c9c86f774245b1f03f2",
			"parentId": "5c6687d65e9d882c8841f121",
			"slotId": "pocket2",
			"location": {
				"x": 0,
				"y": 0,
				"r": "Horizontal"
			},
			"upd": {
				"SpawnedInSession": true
			}
		}
	],
	"equipment": "5c6687d65e9d882c8841f0fd",
	"stash": "5c6687d65e9d882c8841f0fc",
	"questRaidItems": "5c6687d65e9d882c8841f0fe",
	"questStashItems": "5c6687d65e9d882c8841f0ff",
	"fastPanel": {}
}