{
	"items": [
		{
			"_id": "5c6687d65e9d882c8841f0fd",
			"_tpl": "55d7217a4bdc2d86028b456d"
		},
		{
			"_id": "5c6687d65e9d882c8841f121",
			"_tpl": "557ffd194bdc2d28148b457f",
			"parentId": "5c6687d65e9d882c8841f0fd",
			"slotId": "Pockets"
		},
		{
			"_id": "5c6687d65e9d882c8841f0fc",
			"_tpl": "566abbc34bdc2d92178b4576"
		},
		{
			"_id": "5c6687d65e9d882c8841f0ff",
			"_tpl": "5963866b86f7747bfa1c4462"
		},
		{
			"_id": "5c6687d65e9d882c8841f0fe",
			"_tpl": "5963866286f7747bf429b572"
		},
		{
			"_id": "I5961824878001481432LHpa",
			"_tpl": "5c0e9f2c86f77432297fe0a3",
			"parentId": "5c6687d65e9d882c8841f0fd",
			"slotId": "TacticalVest"
		},
		{
			"_id": "I21009598191408688ToVySh",
			"_tpl": "5ab8e9fcd8ce870019439434",
			"parentId": "5c6687d65e9d882c8841f0fd",
			"slotId": "FirstPrimaryWeapon",
			"upd": {
				"Repairable": {
					"MaxDurability": 100,
					"Durability": 54
				}
			}
		},
		{
			"_id": "I21009595571020247d5hHlX",
			"_tpl": "59c6633186f7740cf0493bb9",
			"parentId": "I21009598191408688ToVySh",
			"slotId": "mod_gas_block"
		},
		{
			"_id": "I21009596989377365ZybKpV",
			"_tpl": "5649aa744bdc2ded0b8b457e",
			"parentId": "I21009598191408688ToVySh",
			"slotId": "mod_muzzle"
		},
		{
			"_id": "I210095963379697194J4HFk",
			"_tpl": "57e3dba62459770f0c32322b",
			"parentId": "I21009598191408688ToVySh",
			"slotId": "mod_pistol_grip"
		},
		{
			"_id": "I21009598343070020HWMEJm",
			"_tpl": "5649af094bdc2df8348b4586",
			"parentId": "I21009598191408688ToVySh",
			"slotId": "mod_reciever"
		},
		{
			"_id": "I21009597900706335Ptte4Q",
			"_tpl": "5649b0544bdc2d1b2b8b458a",
			"parentId": "I21009598191408688ToVySh",
			"slotId": "mod_sight_rear",
			"upd": {
				"Sight": {
					"SelectedSightMode": 0
				}
			}
		},
		{
			"_id": "I21009596982488061jxeR22",
			"_tpl": "5ab626e4d8ce87272e4c6e43",
			"parentId": "I21009598191408688ToVySh",
			"slotId": "mod_stock"
		},
		{
			"_id": "I59618246366870030M3rGhK",
			"_tpl": "55d480c04bdc2d1d4e8b456a",
			"parentId": "I21009598191408688ToVySh",
			"slotId": "mod_magazine"
		},
		{
			"_id": "I59618246309592837kgnWa4",
			"_tpl": "56dff4ecd2720b5f5a8b4568",
			"parentId": "I59618246366870030M3rGhK",
			"slotId": "cartridges",
			"upd": {
				"StackObjectsCount": 30
			}
		},
		{
			"_id": "I210095973997239818ShTz1",
			"_tpl": "5648b0744bdc2d363b8b4578",
			"parentId": "I21009595571020247d5hHlX",
			"slotId": "mod_handguard"
		},
		{
			"_id": "I59618248482122675nukhGE",
			"_tpl": "5857a8bc2459772bad15db29",
			"parentId": "5c6687d65e9d882c8841f0fd",
			"slotId": "SecuredContainer"
		},
		{
			"_id": "I5961824973048887834RyUz",
			"_tpl": "56dff2ced2720bb4668b4567",
			"parentId": "I59618248482122675nukhGE",
			"slotId": "main",
			"upd": {
				"StackObjectsCount": 60
			}
		},
		{
			"_id": "I59618248722905449uq2Qyw",
			"_tpl": "56dff2ced2720bb4668b4567",
			"parentId": "I59618248482122675nukhGE",
			"slotId": "main",
			"upd": {
				"StackObjectsCount": 60
			}
		},
		{
			"_id": "I59618247010209127DW0uIt",
			"_tpl": "56dff2ced2720bb4668b4567",
			"parentId": "I59618248482122675nukhGE",
			"slotId": "main",
			"upd": {
				"StackObjectsCount": 60
			}
		},
		{
			"_id": "I59618244884477392szB3j6",
			"_tpl": "56dff2ced2720bb4668b4567",
			"parentId": "I59618248482122675nukhGE",
			"slotId": "main",
			"upd": {
				"StackObjectsCount": 60
			}
		},
		{
			"_id": "I59618249513065888ZuHs9T",
			"_tpl": "56dff2ced2720bb4668b4567",
			"parentId": "I59618248482122675nukhGE",
			"slotId": "main",
			"upd": {
				"StackObjectsCount": 60
			}
		},
		{
			"_id": "I596182440547176387sqkLM",
			"_tpl": "56dff026d2720bb8668b4567",
			"parentId": "I59618248482122675nukhGE",
			"slotId": "main",
			"upd": {
				"StackObjectsCount": 60
			}
		},
		{
			"_id": "I59618249285740522ziPNsX",
			"_tpl": "56dff026d2720bb8668b4567",
			"parentId": "I59618248482122675nukhGE",
			"slotId": "main",
			"upd": {
				"StackObjectsCount": 60
			}
		},
		{
			"_id": "I59618247734707464UYdulV",
			"_tpl": "56dff2ced2720bb4668b4567",
			"parentId": "I59618248482122675nukhGE",
			"slotId": "main",
			"upd": {
				"StackObjectsCount": 60
			}
		},
		{
			"_id": "I59618246169051313ltwWOR",
			"_tpl": "56dff421d2720b5f5a8b4567",
			"parentId": "I59618248482122675nukhGE",
			"slotId": "main",
			"upd": {
				"StackObjectsCount": 60
			}
		},
		{
			"_id": "I59618244571789876cDBXdy",
			"_tpl": "544fb25a4bdc2dfb738b4567",
			"parentId": "I5961824878001481432LHpa",
			"slotId": "1"
		},
		{
			"_id": "I59618242985206937ZV6kba",
			"_tpl": "5a0c27731526d80618476ac4",
			"parentId": "I5961824878001481432LHpa",
			"slotId": "2"
		},
		{
			"_id": "I59618241452894178SIVDQA",
			"_tpl": "55d480c04bdc2d1d4e8b456a",
			"parentId": "I5961824878001481432LHpa",
			"slotId": "4",
			"location": {
				"x": 0,
				"y": 0,
				"r": "Horizontal"
			}
		},
		{
			"_id": "I59618247314947786LzPaGD",
			"_tpl": "56dff4ecd2720b5f5a8b4568",
			"parentId": "I59618241452894178SIVDQA",
			"slotId": "cartridges",
			"upd": {
				"StackObjectsCount": 30
			}
		},
		{
			"_id": "I59618243535957449DYyY9N",
			"_tpl": "55d480c04bdc2d1d4e8b456a",
			"parentId": "I5961824878001481432LHpa",
			"slotId": "6",
			"location": {
				"x": 0,
				"y": 0,
				"r": "Horizontal"
			}
		},
		{
			"_id": "I59618241113223312pePc8E",
			"_tpl": "56dff061d2720bb5668b4567",
			"parentId": "I59618243535957449DYyY9N",
			"slotId": "cartridges",
			"upd": {
				"StackObjectsCount": 30
			}
		},
		{
			"_id": "I59618245558232285Iq5teo",
			"_tpl": "55d480c04bdc2d1d4e8b456a",
			"parentId": "I5961824878001481432LHpa",
			"slotId": "8",
			"location": {
				"x": 0,
				"y": 0,
				"r": "Horizontal"
			}
		},
		{
			"_id": "I59618243574703515xslIny",
			"_tpl": "56dff4ecd2720b5f5a8b4568",
			"parentId": "I59618245558232285Iq5teo",
			"slotId": "cartridges",
			"upd": {
				"StackObjectsCount": 30
			}
		},
		{
			"_id": "I59618242010384912QHkZah",
			"_tpl": "57e26ea924597715ca604a09",
			"parentId": "5c6687d65e9d882c8841f0fd",
			"slotId": "Scabbard"
		},
		{
			"_id": "I596182478232887461o3Igj",
			"_tpl": "5d6d2ef3a4b93618084f58bd",
			"parentId": "5c6687d65e9d882c8841f0fd",
			"slotId": "Eyewear"
		},
		{
			"_id": "I59618242116016439o9mYAE",
			"_tpl": "572b7fa524597762b747ce82",
			"parentId": "5c6687d65e9d882c8841f0fd",
			"slotId": "FaceCover"
		},
		{
			"_id": "I5961824185563844221Hbj2",
			"_tpl": "5ab8e79e86f7742d8b372e78",
			"parentId": "5c6687d65e9d882c8841f0fd",
			"slotId": "ArmorVest",
			"upd": {
				"Repairable": {
					"MaxDurability": 65,
					"Durability": 15
				}
			}
		},
		{
			"_id": "I59618247037841425hwMVTC",
			"_tpl": "5d1b3a5d86f774252167ba22",
			"parentId": "5c6687d65e9d882c8841f121",
			"slotId": "pocket1",
			"location": {
				"x": 0,
				"y": 0,
				"r": "Horizontal"
			},
			"upd": {
				"SpawnedInSession": true
			}
		}
	],
	"equipment": "5c6687d65e9d882c8841f0fd",
	"stash": "5c6687d65e9d882c8841f0fc",
	"questRaidItems": "5c6687d65e9d882c8841f0fe",
	"questStashItems": "5c6687d65e9d882c8841f0ff",
	"fastPanel": {}
}