{
	"items": [
		{
			"_id": "5c6687d65e9d882c8841f0fd",
			"_tpl": "55d7217a4bdc2d86028b456d"
		},
		{
			"_id": "5c6687d65e9d882c8841f121",
			"_tpl": "557ffd194bdc2d28148b457f",
			"parentId": "5c6687d65e9d882c8841f0fd",
			"slotId": "Pockets"
		},
		{
			"_id": "5c6687d65e9d882c8841f0fc",
			"_tpl": "566abbc34bdc2d92178b4576"
		},
		{
			"_id": "5c6687d65e9d882c8841f0ff",
			"_tpl": "5963866b86f7747bfa1c4462"
		},
		{
			"_id": "5c6687d65e9d882c8841f0fe",
			"_tpl": "5963866286f7747bf429b572"
		},
		{
			"_id": "I596182410385509544E5Y0R",
			"_tpl": "5c0e3eb886f7742015526062",
			"parentId": "5c6687d65e9d882c8841f0fd",
			"slotId": "TacticalVest"
		},
		{
			"_id": "I210012363743647067MaAgh",
			"_tpl": "57838ad32459774a17445cd2",
			"parentId": "5c6687d65e9d882c8841f0fd",
			"slotId": "FirstPrimaryWeapon",
			"upd": {
				"Repairable": {
					"MaxDurability": 100,
					"Durability": 64
				}
			}
		},
		{
			"_id": "I596182480938565060MHJml",
			"_tpl": "57838f0b2459774a256959b2",
			"parentId": "I210012363743647067MaAgh",
			"slotId": "mod_magazine"
		},
		{
			"_id": "I59618249174169215DgHbFa",
			"_tpl": "5c0d668f86f7747ccb7f13b2",
			"parentId": "I596182480938565060MHJml",
			"slotId": "cartridges",
			"upd": {
				"StackObjectsCount": 10
			}
		},
		{
			"_id": "I210012368595680122lHqZY",
			"_tpl": "57838c962459774a1651ec63",
			"parentId": "I210012363743647067MaAgh",
			"slotId": "mod_muzzle"
		},
		{
			"_id": "I210012363934540897DpmVJ",
			"_tpl": "578395402459774a256959b5",
			"parentId": "I210012363743647067MaAgh",
			"slotId": "mod_reciever"
		},
		{
			"_id": "I2100123685022187231WnGk",
			"_tpl": "578395e82459774a0e553c7b",
			"parentId": "I210012363743647067MaAgh",
			"slotId": "mod_stock"
		},
		{
			"_id": "I210012367386767999gqdEO",
			"_tpl": "57838e1b2459774a256959b1",
			"parentId": "I210012368595680122lHqZY",
			"slotId": "mod_sight_rear",
			"upd": {
				"Sight": {
					"SelectedSightMode": 0
				}
			}
		},
		{
			"_id": "I59618248302732753qmafW2",
			"_tpl": "5857a8bc2459772bad15db29",
			"parentId": "5c6687d65e9d882c8841f0fd",
			"slotId": "SecuredContainer"
		},
		{
			"_id": "I59618244988049315cSCMTQ",
			"_tpl": "5c0d668f86f7747ccb7f13b2",
			"parentId": "I59618248302732753qmafW2",
			"slotId": "main",
			"upd": {
				"StackObjectsCount": 60
			}
		},
		{
			"_id": "I596182487530539654lszBC",
			"_tpl": "57a0e5022459774d1673f889",
			"parentId": "I59618248302732753qmafW2",
			"slotId": "main",
			"upd": {
				"StackObjectsCount": 60
			}
		},
		{
			"_id": "I59618244756372567kqpEqo",
			"_tpl": "57a0e5022459774d1673f889",
			"parentId": "I59618248302732753qmafW2",
			"slotId": "main",
			"upd": {
				"StackObjectsCount": 60
			}
		},
		{
			"_id": "I59618246853713872yMNFJb",
			"_tpl": "5c0d668f86f7747ccb7f13b2",
			"parentId": "I59618248302732753qmafW2",
			"slotId": "main",
			"upd": {
				"StackObjectsCount": 60
			}
		},
		{
			"_id": "I59618246899636666ufjF9L",
			"_tpl": "5c0d688c86f77413ae3407b2",
			"parentId": "I59618248302732753qmafW2",
			"slotId": "main",
			"upd": {
				"StackObjectsCount": 60
			}
		},
		{
			"_id": "I596182417356901207fXVJ1",
			"_tpl": "5c0d668f86f7747ccb7f13b2",
			"parentId": "I59618248302732753qmafW2",
			"slotId": "main",
			"upd": {
				"StackObjectsCount": 60
			}
		},
		{
			"_id": "I59618245669419436tgciuI",
			"_tpl": "5c0d688c86f77413ae3407b2",
			"parentId": "I59618248302732753qmafW2",
			"slotId": "main",
			"upd": {
				"StackObjectsCount": 60
			}
		},
		{
			"_id": "I59618249073358850Gg0Bh5",
			"_tpl": "5c0d688c86f77413ae3407b2",
			"parentId": "I59618248302732753qmafW2",
			"slotId": "main",
			"upd": {
				"StackObjectsCount": 60
			}
		},
		{
			"_id": "I59618246753837630HukhIi",
			"_tpl": "5c0d688c86f77413ae3407b2",
			"parentId": "I59618248302732753qmafW2",
			"slotId": "main",
			"upd": {
				"StackObjectsCount": 60
			}
		},
		{
			"_id": "I210016225791087175zosqL",
			"_tpl": "56d59856d2720bd8418b456a",
			"parentId": "5c6687d65e9d882c8841f0fd",
			"slotId": "Holster",
			"upd": {
				"Repairable": {
					"MaxDurability": 100,
					"Durability": 44
				}
			}
		},
		{
			"_id": "I210016223363741488SOBDt",
			"_tpl": "56d5a1f7d2720bb3418b456a",
			"parentId": "I210016225791087175zosqL",
			"slotId": "mod_barrel"
		},
		{
			"_id": "I210016224874263019rNFFn",
			"_tpl": "56d5a2bbd2720bb8418b456a",
			"parentId": "I210016225791087175zosqL",
			"slotId": "mod_pistol_grip"
		},
		{
			"_id": "I210016222706866142L5kep",
			"_tpl": "56d5a407d2720bb3418b456b",
			"parentId": "I210016225791087175zosqL",
			"slotId": "mod_reciever"
		},
		{
			"_id": "I59618245830553640Pc6eFo",
			"_tpl": "5c925fa22e221601da359b7b",
			"parentId": "I210016224549891509hxVB2",
			"slotId": "cartridges",
			"upd": {
				"StackObjectsCount": 15
			}
		},
		{
			"_id": "I210016224549891509hxVB2",
			"_tpl": "56d59948d2720bb7418b4582",
			"parentId": "I210016225791087175zosqL",
			"slotId": "mod_magazine"
		},
		{
			"_id": "I210016224015555621KTOuX",
			"_tpl": "56d5a77ed2720b90418b4568",
			"parentId": "I210016222706866142L5kep",
			"slotId": "mod_sight_rear",
			"upd": {
				"Sight": {
					"SelectedSightMode": 0
				}
			}
		},
		{
			"_id": "I210016226956354775U8Nj5",
			"_tpl": "56d5a661d2720bd8418b456b",
			"parentId": "I210016222706866142L5kep",
			"slotId": "mod_sight_front",
			"upd": {
				"Sight": {
					"SelectedSightMode": 0
				}
			}
		},
		{
			"_id": "I59618244017164279qlJudT",
			"_tpl": "57838f0b2459774a256959b2",
			"parentId": "I596182410385509544E5Y0R",
			"slotId": "1",
			"location": {
				"x": 0,
				"y": 0,
				"r": "Horizontal"
			}
		},
		{
			"_id": "I59618243908197440sEKVc9",
			"_tpl": "57a0e5022459774d1673f889",
			"parentId": "I59618244017164279qlJudT",
			"slotId": "cartridges",
			"upd": {
				"StackObjectsCount": 10
			}
		},
		{
			"_id": "I59618245779462760x2ylus",
			"_tpl": "57838f0b2459774a256959b2",
			"parentId": "I596182410385509544E5Y0R",
			"slotId": "1",
			"location": {
				"x": 0,
				"y": 1,
				"r": "Horizontal"
			}
		},
		{
			"_id": "I59618247535890784Hyyb0C",
			"_tpl": "57a0e5022459774d1673f889",
			"parentId": "I59618245779462760x2ylus",
			"slotId": "cartridges",
			"upd": {
				"StackObjectsCount": 10
			}
		},
		{
			"_id": "I59618245558448939cRl5Ol",
			"_tpl": "57838f0b2459774a256959b2",
			"parentId": "I596182410385509544E5Y0R",
			"slotId": "3",
			"location": {
				"x": 0,
				"y": 0,
				"r": "Horizontal"
			}
		},
		{
			"_id": "I59618245835763415d2Lm0x",
			"_tpl": "5c0d688c86f77413ae3407b2",
			"parentId": "I59618245558448939cRl5Ol",
			"slotId": "cartridges",
			"upd": {
				"StackObjectsCount": 10
			}
		},
		{
			"_id": "I59618249581903105xsuqTs",
			"_tpl": "5c0d668f86f7747ccb7f13b2",
			"parentId": "I596182410385509544E5Y0R",
			"slotId": "6",
			"upd": {
				"StackObjectsCount": 24
			}
		},
		{
			"_id": "I59618243720134858NmO9Fd",
			"_tpl": "56d59948d2720bb7418b4582",
			"parentId": "I596182410385509544E5Y0R",
			"slotId": "2",
			"location": {
				"x": 0,
				"y": 0,
				"r": "Horizontal"
			}
		},
		{
			"_id": "I59618248027404423KxV6Bw",
			"_tpl": "58864a4f2459770fcc257101",
			"parentId": "I59618243720134858NmO9Fd",
			"slotId": "cartridges",
			"upd": {
				"StackObjectsCount": 15
			}
		},
		{
			"_id": "I59618241147002224PU74fA",
			"_tpl": "56d59948d2720bb7418b4582",
			"parentId": "I596182410385509544E5Y0R",
			"slotId": "2",
			"location": {
				"x": 0,
				"y": 1,
				"r": "Horizontal"
			}
		},
		{
			"_id": "I59618248622639920khO6Z6",
			"_tpl": "5a3c16fe86f77452b62de32a",
			"parentId": "I59618241147002224PU74fA",
			"slotId": "cartridges",
			"upd": {
				"StackObjectsCount": 15
			}
		},
		{
			"_id": "I59618247735758229laf5PT",
			"_tpl": "54491bb74bdc2d09088b4567",
			"parentId": "5c6687d65e9d882c8841f0fd",
			"slotId": "Scabbard"
		},
		{
			"_id": "I59618249381311907pFWyTh",
			"_tpl": "5aa2ba46e5b5b000137b758d",
			"parentId": "5c6687d65e9d882c8841f0fd",
			"slotId": "Headwear"
		},
		{
			"_id": "I596182460370132957xv51M",
			"_tpl": "5c0d32fcd174af02a1659c75",
			"parentId": "5c6687d65e9d882c8841f0fd",
			"slotId": "Eyewear"
		},
		{
			"_id": "I59618248283171447GV3wVt",
			"_tpl": "5b4326435acfc433000ed01d",
			"parentId": "5c6687d65e9d882c8841f0fd",
			"slotId": "FaceCover"
		},
		{
			"_id": "I59618244929157194VJjvzC",
			"_tpl": "5c0e5edb86f77461f55ed1f7",
			"parentId": "5c6687d65e9d882c8841f0fd",
			"slotId": "ArmorVest",
			"upd": {
				"Repairable": {
					"MaxDurability": 50,
					"Durability": 39
				}
			}
		},
		{
			"_id": "I59618242739454548JAAKRC",
			"_tpl": "5ad7247386f7747487619dc3",
			"parentId": "5c6687d65e9d882c8841f121",
			"slotId": "pocket1",
			"location": {
				"x": 0,
				"y": 0,
				"r": "Horizontal"
			},
			"upd": {
				"SpawnedInSession": true
			}
		},
		{
			"_id": "I59618248539133936CA78QT",
			"_tpl": "5af0548586f7743a532b7e99",
			"parentId": "5c6687d65e9d882c8841f121",
			"slotId": "pocket2",
			"location": {
				"x": 0,
				"y": 0,
				"r": "Horizontal"
			},
			"upd": {
				"SpawnedInSession": true
			}
		},
		{
			"_id": "I59618242611739464EavI11",
			"_tpl": "59e3606886f77417674759a5",
			"parentId": "5c6687d65e9d882c8841f121",
			"slotId": "pocket3",
			"location": {
				"x": 0,
				"y": 0,
				"r": "Horizontal"
			},
			"upd": {
				"SpawnedInSession": true
			}
		}
	],
	"equipment": "5c6687d65e9d882c8841f0fd",
	"stash": "5c6687d65e9d882c8841f0fc",
	"questRaidItems": "5c6687d65e9d882c8841f0fe",
	"questStashItems": "5c6687d65e9d882c8841f0ff",
	"fastPanel": {}
}