{
	"items": [
		{
			"_id": "5c6687d65e9d882c8841f0fd",
			"_tpl": "55d7217a4bdc2d86028b456d"
		},
		{
			"_id": "5c6687d65e9d882c8841f121",
			"_tpl": "557ffd194bdc2d28148b457f",
			"parentId": "5c6687d65e9d882c8841f0fd",
			"slotId": "Pockets"
		},
		{
			"_id": "5c6687d65e9d882c8841f0fc",
			"_tpl": "566abbc34bdc2d92178b4576"
		},
		{
			"_id": "5c6687d65e9d882c8841f0ff",
			"_tpl": "5963866b86f7747bfa1c4462"
		},
		{
			"_id": "5c6687d65e9d882c8841f0fe",
			"_tpl": "5963866286f7747bf429b572"
		},
		{
			"_id": "I59618244787233095tHblp2",
			"_tpl": "5929a2a086f7744f4b234d43",
			"parentId": "5c6687d65e9d882c8841f0fd",
			"slotId": "TacticalVest"
		},
		{
			"_id": "I210010418024497707wBAB1",
			"_tpl": "5abcbc27d8ce8700182eceeb",
			"parentId": "5c6687d65e9d882c8841f0fd",
			"slotId": "FirstPrimaryWeapon",
			"upd": {
				"Repairable": {
					"MaxDurability": 100,
					"Durability": 15
				}
			}
		},
		{
			"_id": "I210010416497173703N2Isr",
			"_tpl": "59d64ec286f774171d1e0a42",
			"parentId": "I210010418024497707wBAB1",
			"slotId": "mod_gas_block"
		},
		{
			"_id": "I2100104197542237816XvUi",
			"_tpl": "59e61eb386f77440d64f5daf",
			"parentId": "I210010418024497707wBAB1",
			"slotId": "mod_muzzle"
		},
		{
			"_id": "I2100104149859199721tBVT",
			"_tpl": "5a0071d486f77404e23a12b2",
			"parentId": "I210010418024497707wBAB1",
			"slotId": "mod_pistol_grip_akms"
		},
		{
			"_id": "I210010419246380679XMkY5",
			"_tpl": "59d6507c86f7741b846413a2",
			"parentId": "I210010418024497707wBAB1",
			"slotId": "mod_reciever"
		},
		{
			"_id": "I210010419926311617oJRkC",
			"_tpl": "59d650cf86f7741b846413a4",
			"parentId": "I210010418024497707wBAB1",
			"slotId": "mod_sight_rear",
			"upd": {
				"Sight": {
					"SelectedSightMode": 0
				}
			}
		},
		{
			"_id": "I210010415340435275MTdRt",
			"_tpl": "5abcd472d8ce8700166032ae",
			"parentId": "I210010418024497707wBAB1",
			"slotId": "mod_stock_akms"
		},
		{
			"_id": "I59618244415812498Aj2i7e",
			"_tpl": "59d625f086f774661516605d",
			"parentId": "I210010418024497707wBAB1",
			"slotId": "mod_magazine"
		},
		{
			"_id": "I596182420874067920Xbwt4",
			"_tpl": "59e4d24686f7741776641ac7",
			"parentId": "I59618244415812498Aj2i7e",
			"slotId": "cartridges",
			"upd": {
				"StackObjectsCount": 30
			}
		},
		{
			"_id": "I210010411171325975YXFEd",
			"_tpl": "59d64f2f86f77417193ef8b3",
			"parentId": "I210010416497173703N2Isr",
			"slotId": "mod_handguard"
		},
		{
			"_id": "I59618243170463067H4fefW",
			"_tpl": "5857a8bc2459772bad15db29",
			"parentId": "5c6687d65e9d882c8841f0fd",
			"slotId": "SecuredContainer"
		},
		{
			"_id": "I59618247480552993mV4nfg",
			"_tpl": "59e4d24686f7741776641ac7",
			"parentId": "I59618243170463067H4fefW",
			"slotId": "main",
			"upd": {
				"StackObjectsCount": 60
			}
		},
		{
			"_id": "I59618245500847560F5XlNX",
			"_tpl": "59e4d24686f7741776641ac7",
			"parentId": "I59618243170463067H4fefW",
			"slotId": "main",
			"upd": {
				"StackObjectsCount": 60
			}
		},
		{
			"_id": "I59618243415409533Nr1jgw",
			"_tpl": "59e4d24686f7741776641ac7",
			"parentId": "I59618243170463067H4fefW",
			"slotId": "main",
			"upd": {
				"StackObjectsCount": 60
			}
		},
		{
			"_id": "I59618246840284308ZMkSfB",
			"_tpl": "59e4d24686f7741776641ac7",
			"parentId": "I59618243170463067H4fefW",
			"slotId": "main",
			"upd": {
				"StackObjectsCount": 60
			}
		},
		{
			"_id": "I596182416016763130t12Ou",
			"_tpl": "59e4d24686f7741776641ac7",
			"parentId": "I59618243170463067H4fefW",
			"slotId": "main",
			"upd": {
				"StackObjectsCount": 60
			}
		},
		{
			"_id": "I59618248639743168u0pOOu",
			"_tpl": "59e4d24686f7741776641ac7",
			"parentId": "I59618243170463067H4fefW",
			"slotId": "main",
			"upd": {
				"StackObjectsCount": 60
			}
		},
		{
			"_id": "I59618241286264147U0u3Lt",
			"_tpl": "59e4d3d286f774176a36250a",
			"parentId": "I59618243170463067H4fefW",
			"slotId": "main",
			"upd": {
				"StackObjectsCount": 60
			}
		},
		{
			"_id": "I59618247785722104ySUql4",
			"_tpl": "59e0d99486f7744a32234762",
			"parentId": "I59618243170463067H4fefW",
			"slotId": "main",
			"upd": {
				"StackObjectsCount": 60
			}
		},
		{
			"_id": "I596182415772652530wwIMi",
			"_tpl": "59e4cf5286f7741778269d8a",
			"parentId": "I59618243170463067H4fefW",
			"slotId": "main",
			"upd": {
				"StackObjectsCount": 60
			}
		},
		{
			"_id": "I59618247054191930DC7dTJ",
			"_tpl": "544fb37f4bdc2dee738b4567",
			"parentId": "I59618244787233095tHblp2",
			"slotId": "3"
		},
		{
			"_id": "I59618243226269711tARo9W",
			"_tpl": "544fb25a4bdc2dfb738b4567",
			"parentId": "I59618244787233095tHblp2",
			"slotId": "5"
		},
		{
			"_id": "I59618246043592185Xcg2xT",
			"_tpl": "544fb25a4bdc2dfb738b4567",
			"parentId": "I59618244787233095tHblp2",
			"slotId": "6"
		},
		{
			"_id": "I59618241797436113Hzxao0",
			"_tpl": "5a0c27731526d80618476ac4",
			"parentId": "I59618244787233095tHblp2",
			"slotId": "8"
		},
		{
			"_id": "I59618248214856442pp7FUh",
			"_tpl": "54491bb74bdc2d09088b4567",
			"parentId": "5c6687d65e9d882c8841f0fd",
			"slotId": "Scabbard"
		},
		{
			"_id": "I59618248607916435x9YPxA",
			"_tpl": "5a43957686f7742a2c2f11b0",
			"parentId": "5c6687d65e9d882c8841f0fd",
			"slotId": "Headwear"
		},
		{
			"_id": "I59618243447523840fdfBQc",
			"_tpl": "5e54f76986f7740366043752",
			"parentId": "5c6687d65e9d882c8841f0fd",
			"slotId": "FaceCover"
		},
		{
			"_id": "I596182411574384215PJ0vq",
			"_tpl": "56e33634d2720bd8058b456b",
			"parentId": "5c6687d65e9d882c8841f0fd",
			"slotId": "Backpack"
		},
		{
			"_id": "I59618247763126247ydMZBQ",
			"_tpl": "59136f6f86f774447a1ed173",
			"parentId": "I596182411574384215PJ0vq",
			"slotId": "main",
			"location": {
				"x": 0,
				"y": 0,
				"r": "Horizontal"
			}
		},
		{
			"_id": "I59618242046225033MNCR6s",
			"_tpl": "590a3cd386f77436f20848cb",
			"parentId": "I596182411574384215PJ0vq",
			"slotId": "main",
			"location": {
				"x": 0,
				"y": 1,
				"r": "Horizontal"
			}
		},
		{
			"_id": "I596182454024792885QyDOT",
			"_tpl": "57347b8b24597737dd42e192",
			"parentId": "I596182411574384215PJ0vq",
			"slotId": "main",
			"location": {
				"x": 0,
				"y": 2,
				"r": "Horizontal"
			}
		},
		{
			"_id": "I59618246098114917CzXmVI",
			"_tpl": "5755356824597772cb798962",
			"parentId": "I596182411574384215PJ0vq",
			"slotId": "main",
			"location": {
				"x": 1,
				"y": 0,
				"r": "Horizontal"
			}
		},
		{
			"_id": "I59618248865622877scNMvg",
			"_tpl": "57347d692459774491567cf1",
			"parentId": "I596182411574384215PJ0vq",
			"slotId": "main",
			"location": {
				"x": 1,
				"y": 1,
				"r": "Horizontal"
			}
		},
		{
			"_id": "I59618243689748003wTITxT",
			"_tpl": "59387a4986f77401cc236e62",
			"parentId": "I596182411574384215PJ0vq",
			"slotId": "main",
			"location": {
				"x": 1,
				"y": 2,
				"r": "Horizontal"
			}
		},
		{
			"_id": "I59618247733798236vAidG7",
			"_tpl": "57347b8b24597737dd42e192",
			"parentId": "I596182411574384215PJ0vq",
			"slotId": "main",
			"location": {
				"x": 2,
				"y": 0,
				"r": "Horizontal"
			}
		},
		{
			"_id": "I596182450344592859X3zpR",
			"_tpl": "57347d3d245977448f7b7f61",
			"parentId": "I596182411574384215PJ0vq",
			"slotId": "main",
			"location": {
				"x": 2,
				"y": 1,
				"r": "Horizontal"
			}
		},
		{
			"_id": "I596182463927326892xXoxN",
			"_tpl": "5a7c74b3e899ef0014332c29",
			"parentId": "I596182411574384215PJ0vq",
			"slotId": "main",
			"location": {
				"x": 2,
				"y": 2,
				"r": "Horizontal"
			}
		},
		{
			"_id": "I59618246834587603vDwGlO",
			"_tpl": "590a3c0a86f774385a33c450",
			"parentId": "I596182411574384215PJ0vq",
			"slotId": "main",
			"location": {
				"x": 3,
				"y": 0,
				"r": "Horizontal"
			}
		},
		{
			"_id": "I59618249968207925YuWrrJ",
			"_tpl": "5d63d33b86f7746ea9275524",
			"parentId": "I596182411574384215PJ0vq",
			"slotId": "main",
			"location": {
				"x": 3,
				"y": 1,
				"r": "Horizontal"
			}
		}
	],
	"equipment": "5c6687d65e9d882c8841f0fd",
	"stash": "5c6687d65e9d882c8841f0fc",
	"questRaidItems": "5c6687d65e9d882c8841f0fe",
	"questStashItems": "5c6687d65e9d882c8841f0ff",
	"fastPanel": {}
}