{
	"items": [
		{
			"_id": "5c6687d65e9d882c8841f0fd",
			"_tpl": "55d7217a4bdc2d86028b456d"
		},
		{
			"_id": "5c6687d65e9d882c8841f121",
			"_tpl": "557ffd194bdc2d28148b457f",
			"parentId": "5c6687d65e9d882c8841f0fd",
			"slotId": "Pockets"
		},
		{
			"_id": "5c6687d65e9d882c8841f0fc",
			"_tpl": "566abbc34bdc2d92178b4576"
		},
		{
			"_id": "5c6687d65e9d882c8841f0ff",
			"_tpl": "5963866b86f7747bfa1c4462"
		},
		{
			"_id": "5c6687d65e9d882c8841f0fe",
			"_tpl": "5963866286f7747bf429b572"
		},
		{
			"_id": "I59618244354610433PGkjZ5",
			"_tpl": "5d5d85c586f774279a21cbdb",
			"parentId": "5c6687d65e9d882c8841f0fd",
			"slotId": "TacticalVest"
		},
		{
			"_id": "I21005274461938734znOLW3",
			"_tpl": "5b0bbe4e5acfc40dc528a72d",
			"parentId": "5c6687d65e9d882c8841f0fd",
			"slotId": "FirstPrimaryWeapon",
			"upd": {
				"Repairable": {
					"MaxDurability": 100,
					"Durability": 53
				}
			}
		},
		{
			"_id": "I21005278821303683xvK7Dy",
			"_tpl": "5b099b965acfc400186331e6",
			"parentId": "I21005274461938734znOLW3",
			"slotId": "mod_pistol_grip"
		},
		{
			"_id": "I596182436970465103Yke7n",
			"_tpl": "5b7c2d1d5acfc43d1028532a",
			"parentId": "I21005274461938734znOLW3",
			"slotId": "mod_magazine"
		},
		{
			"_id": "I59618245000507391s1exTz",
			"_tpl": "58dd3ad986f77403051cba8f",
			"parentId": "I596182436970465103Yke7n",
			"slotId": "cartridges",
			"upd": {
				"StackObjectsCount": 20
			}
		},
		{
			"_id": "I210052717339992548pa5z0",
			"_tpl": "5b099a9d5acfc47a8607efe7",
			"parentId": "I21005274461938734znOLW3",
			"slotId": "mod_handguard"
		},
		{
			"_id": "I21005277344600972okJxxH",
			"_tpl": "5b099a765acfc47a8607efe3",
			"parentId": "I21005274461938734znOLW3",
			"slotId": "mod_barrel"
		},
		{
			"_id": "I210052737448575230C6461",
			"_tpl": "5b0bc22d5acfc47a8607f085",
			"parentId": "I21005274461938734znOLW3",
			"slotId": "mod_sight_rear",
			"upd": {
				"Sight": {
					"SelectedSightMode": 0
				}
			}
		},
		{
			"_id": "I21005278451412674OC482D",
			"_tpl": "5b7d63cf5acfc4001876c8df",
			"parentId": "I21005274461938734znOLW3",
			"slotId": "mod_stock"
		},
		{
			"_id": "I21005279695471751vzzkvq",
			"_tpl": "5b099b7d5acfc400186331e4",
			"parentId": "I21005277344600972okJxxH",
			"slotId": "mod_muzzle"
		},
		{
			"_id": "I5961824362711854541ODnE",
			"_tpl": "5857a8bc2459772bad15db29",
			"parentId": "5c6687d65e9d882c8841f0fd",
			"slotId": "SecuredContainer"
		},
		{
			"_id": "I59618249336482153OjBLlO",
			"_tpl": "58dd3ad986f77403051cba8f",
			"parentId": "I5961824362711854541ODnE",
			"slotId": "main",
			"upd": {
				"StackObjectsCount": 60
			}
		},
		{
			"_id": "I596182491681353890cbVDJ",
			"_tpl": "5a608bf24f39f98ffc77720e",
			"parentId": "I5961824362711854541ODnE",
			"slotId": "main",
			"upd": {
				"StackObjectsCount": 60
			}
		},
		{
			"_id": "I59618246924189452U6x6by",
			"_tpl": "5a608bf24f39f98ffc77720e",
			"parentId": "I5961824362711854541ODnE",
			"slotId": "main",
			"upd": {
				"StackObjectsCount": 60
			}
		},
		{
			"_id": "I59618241017100458aGYR3M",
			"_tpl": "5a6086ea4f39f99cd479502f",
			"parentId": "I5961824362711854541ODnE",
			"slotId": "main",
			"upd": {
				"StackObjectsCount": 60
			}
		},
		{
			"_id": "I59618248710675954bxC7p9",
			"_tpl": "5a6086ea4f39f99cd479502f",
			"parentId": "I5961824362711854541ODnE",
			"slotId": "main",
			"upd": {
				"StackObjectsCount": 60
			}
		},
		{
			"_id": "I59618243214571526lDWprd",
			"_tpl": "5e023e53d4353e3302577c4c",
			"parentId": "I5961824362711854541ODnE",
			"slotId": "main",
			"upd": {
				"StackObjectsCount": 60
			}
		},
		{
			"_id": "I59618244308251330L7k9ig",
			"_tpl": "5e023e53d4353e3302577c4c",
			"parentId": "I5961824362711854541ODnE",
			"slotId": "main",
			"upd": {
				"StackObjectsCount": 60
			}
		},
		{
			"_id": "I596182450576368614KeEZl",
			"_tpl": "58dd3ad986f77403051cba8f",
			"parentId": "I5961824362711854541ODnE",
			"slotId": "main",
			"upd": {
				"StackObjectsCount": 60
			}
		},
		{
			"_id": "I59618244280098823ThMQ6U",
			"_tpl": "58dd3ad986f77403051cba8f",
			"parentId": "I5961824362711854541ODnE",
			"slotId": "main",
			"upd": {
				"StackObjectsCount": 60
			}
		},
		{
			"_id": "I596182485070423042CkSNe",
			"_tpl": "5b7c2d1d5acfc43d1028532a",
			"parentId": "I59618244354610433PGkjZ5",
			"slotId": "1",
			"location": {
				"x": 0,
				"y": 0,
				"r": "Horizontal"
			}
		},
		{
			"_id": "I59618242680467002xqSNyg",
			"_tpl": "5e023e88277cce2b522ff2b1",
			"parentId": "I596182485070423042CkSNe",
			"slotId": "cartridges",
			"upd": {
				"StackObjectsCount": 20
			}
		},
		{
			"_id": "I59618244573149659BPTTm0",
			"_tpl": "5b7c2d1d5acfc43d1028532a",
			"parentId": "I59618244354610433PGkjZ5",
			"slotId": "3",
			"location": {
				"x": 0,
				"y": 0,
				"r": "Horizontal"
			}
		},
		{
			"_id": "I59618242819656158sTvZYs",
			"_tpl": "5a608bf24f39f98ffc77720e",
			"parentId": "I59618244573149659BPTTm0",
			"slotId": "cartridges",
			"upd": {
				"StackObjectsCount": 20
			}
		},
		{
			"_id": "I59618245957643117UW3cpj",
			"_tpl": "58d3db5386f77426186285a0",
			"parentId": "I59618244354610433PGkjZ5",
			"slotId": "7"
		},
		{
			"_id": "I59618242097444127VUeeDW",
			"_tpl": "5a608bf24f39f98ffc77720e",
			"parentId": "I59618244354610433PGkjZ5",
			"slotId": "10",
			"upd": {
				"StackObjectsCount": 5
			}
		},
		{
			"_id": "I59618241213832201uc1BHe",
			"_tpl": "54491bb74bdc2d09088b4567",
			"parentId": "5c6687d65e9d882c8841f0fd",
			"slotId": "Scabbard"
		},
		{
			"_id": "I59618243904618795CLxP3M",
			"_tpl": "5e54f76986f7740366043752",
			"parentId": "5c6687d65e9d882c8841f0fd",
			"slotId": "FaceCover"
		},
		{
			"_id": "I59618248583293350xZEukn",
			"_tpl": "5c0e541586f7747fa54205c9",
			"parentId": "5c6687d65e9d882c8841f0fd",
			"slotId": "ArmorVest",
			"upd": {
				"Repairable": {
					"MaxDurability": 60,
					"Durability": 44
				}
			}
		}
	],
	"equipment": "5c6687d65e9d882c8841f0fd",
	"stash": "5c6687d65e9d882c8841f0fc",
	"questRaidItems": "5c6687d65e9d882c8841f0fe",
	"questStashItems": "5c6687d65e9d882c8841f0ff",
	"fastPanel": {}
}