{
	"items": [
		{
			"_id": "5c6687d65e9d882c8841f0fd",
			"_tpl": "55d7217a4bdc2d86028b456d"
		},
		{
			"_id": "5c6687d65e9d882c8841f121",
			"_tpl": "557ffd194bdc2d28148b457f",
			"parentId": "5c6687d65e9d882c8841f0fd",
			"slotId": "Pockets"
		},
		{
			"_id": "5c6687d65e9d882c8841f0fc",
			"_tpl": "566abbc34bdc2d92178b4576"
		},
		{
			"_id": "5c6687d65e9d882c8841f0ff",
			"_tpl": "5963866b86f7747bfa1c4462"
		},
		{
			"_id": "5c6687d65e9d882c8841f0fe",
			"_tpl": "5963866286f7747bf429b572"
		},
		{
			"_id": "I59618245877293959j6O0Hw",
			"_tpl": "5d5d8ca986f7742798716522",
			"parentId": "5c6687d65e9d882c8841f0fd",
			"slotId": "TacticalVest"
		},
		{
			"_id": "I210015284016300659rnhJU",
			"_tpl": "59f9cabd86f7743a10721f46",
			"parentId": "5c6687d65e9d882c8841f0fd",
			"slotId": "FirstPrimaryWeapon",
			"upd": {
				"Repairable": {
					"MaxDurability": 100,
					"Durability": 55
				}
			}
		},
		{
			"_id": "I2100152895663463528MyYf",
			"_tpl": "5998517986f7746017232f7e",
			"parentId": "I210015284016300659rnhJU",
			"slotId": "mod_pistol_grip"
		},
		{
			"_id": "I210015285590848988P5QKp",
			"_tpl": "599851db86f77467372f0a18",
			"parentId": "I210015284016300659rnhJU",
			"slotId": "mod_stock"
		},
		{
			"_id": "I59618243861419854NdL7Ob",
			"_tpl": "599860ac86f77436b225ed1a",
			"parentId": "I210015284016300659rnhJU",
			"slotId": "mod_magazine"
		},
		{
			"_id": "I59618244847309248nRpWhJ",
			"_tpl": "5c925fa22e221601da359b7b",
			"parentId": "I59618243861419854NdL7Ob",
			"slotId": "cartridges",
			"upd": {
				"StackObjectsCount": 30
			}
		},
		{
			"_id": "I210015282469640139xDtN6",
			"_tpl": "5998598e86f7740b3f498a86",
			"parentId": "I210015284016300659rnhJU",
			"slotId": "mod_muzzle"
		},
		{
			"_id": "I210015288071579754emPzf",
			"_tpl": "59985a8086f77414ec448d1a",
			"parentId": "I210015284016300659rnhJU",
			"slotId": "mod_reciever"
		},
		{
			"_id": "I210015282869006577yIjOa",
			"_tpl": "599860e986f7743bb57573a6",
			"parentId": "I210015284016300659rnhJU",
			"slotId": "mod_sight_rear",
			"upd": {
				"Sight": {
					"SelectedSightMode": 0
				}
			}
		},
		{
			"_id": "I210015283076588120Xl9Cd",
			"_tpl": "59ccd11386f77428f24a488f",
			"parentId": "I210015284016300659rnhJU",
			"slotId": "mod_gas_block"
		},
		{
			"_id": "I210015284468175723PcXyu",
			"_tpl": "5648b1504bdc2d9d488b4584",
			"parentId": "I210015283076588120Xl9Cd",
			"slotId": "mod_handguard"
		},
		{
			"_id": "I596182482132532111jhdIU",
			"_tpl": "5857a8bc2459772bad15db29",
			"parentId": "5c6687d65e9d882c8841f0fd",
			"slotId": "SecuredContainer"
		},
		{
			"_id": "I59618244441597595jl8rBT",
			"_tpl": "58864a4f2459770fcc257101",
			"parentId": "I596182482132532111jhdIU",
			"slotId": "main",
			"upd": {
				"StackObjectsCount": 60
			}
		},
		{
			"_id": "I59618249146238561DJRdWZ",
			"_tpl": "5c3df7d588a4501f290594e5",
			"parentId": "I596182482132532111jhdIU",
			"slotId": "main",
			"upd": {
				"StackObjectsCount": 60
			}
		},
		{
			"_id": "I59618245265171557EvgysI",
			"_tpl": "5c3df7d588a4501f290594e5",
			"parentId": "I596182482132532111jhdIU",
			"slotId": "main",
			"upd": {
				"StackObjectsCount": 60
			}
		},
		{
			"_id": "I59618243141716543mWAArt",
			"_tpl": "5c925fa22e221601da359b7b",
			"parentId": "I596182482132532111jhdIU",
			"slotId": "main",
			"upd": {
				"StackObjectsCount": 60
			}
		},
		{
			"_id": "I59618244224994309CbyTiS",
			"_tpl": "56d59d3ad2720bdb418b4577",
			"parentId": "I596182482132532111jhdIU",
			"slotId": "main",
			"upd": {
				"StackObjectsCount": 60
			}
		},
		{
			"_id": "I59618241545548402Wn4SKI",
			"_tpl": "5a3c16fe86f77452b62de32a",
			"parentId": "I596182482132532111jhdIU",
			"slotId": "main",
			"upd": {
				"StackObjectsCount": 60
			}
		},
		{
			"_id": "I59618248564335677M48gNA",
			"_tpl": "5c3df7d588a4501f290594e5",
			"parentId": "I596182482132532111jhdIU",
			"slotId": "main",
			"upd": {
				"StackObjectsCount": 60
			}
		},
		{
			"_id": "I5961824166911719931tKGL",
			"_tpl": "56d59d3ad2720bdb418b4577",
			"parentId": "I596182482132532111jhdIU",
			"slotId": "main",
			"upd": {
				"StackObjectsCount": 60
			}
		},
		{
			"_id": "I59618249376345826fxj1m1",
			"_tpl": "5c0d56a986f774449d5de529",
			"parentId": "I596182482132532111jhdIU",
			"slotId": "main",
			"upd": {
				"StackObjectsCount": 60
			}
		},
		{
			"_id": "I59618246925934655iTqB17",
			"_tpl": "5a0c27731526d80618476ac4",
			"parentId": "I59618245877293959j6O0Hw",
			"slotId": "2"
		},
		{
			"_id": "I596182428399157532Zs3Zn",
			"_tpl": "5998529a86f774647f44f421",
			"parentId": "I59618245877293959j6O0Hw",
			"slotId": "3",
			"location": {
				"x": 0,
				"y": 0,
				"r": "Horizontal"
			}
		},
		{
			"_id": "I59618249527596724czlVuY",
			"_tpl": "5c3df7d588a4501f290594e5",
			"parentId": "I596182428399157532Zs3Zn",
			"slotId": "cartridges",
			"upd": {
				"StackObjectsCount": 10
			}
		},
		{
			"_id": "I59618243101843690vGkZ1p",
			"_tpl": "5998529a86f774647f44f421",
			"parentId": "I59618245877293959j6O0Hw",
			"slotId": "1",
			"location": {
				"x": 0,
				"y": 0,
				"r": "Horizontal"
			}
		},
		{
			"_id": "I596182429779223887XN0Ek",
			"_tpl": "56d59d3ad2720bdb418b4577",
			"parentId": "I59618243101843690vGkZ1p",
			"slotId": "cartridges",
			"upd": {
				"StackObjectsCount": 10
			}
		},
		{
			"_id": "I59618246076054914LerpEM",
			"_tpl": "544fb37f4bdc2dee738b4567",
			"parentId": "I59618245877293959j6O0Hw",
			"slotId": "1"
		},
		{
			"_id": "I59618247168049611vi3pEY",
			"_tpl": "5bffdc370db834001d23eca8",
			"parentId": "5c6687d65e9d882c8841f0fd",
			"slotId": "Scabbard"
		},
		{
			"_id": "I596182466460907177DTup0",
			"_tpl": "5aa2b89be5b5b0001569311f",
			"parentId": "5c6687d65e9d882c8841f0fd",
			"slotId": "Headwear"
		},
		{
			"_id": "I59618244128068902SvQZGl",
			"_tpl": "557ff21e4bdc2d89578b4586",
			"parentId": "5c6687d65e9d882c8841f0fd",
			"slotId": "Eyewear"
		},
		{
			"_id": "I59618242872328070n3W7iV",
			"_tpl": "5bd0716d86f774171822ef4b",
			"parentId": "5c6687d65e9d882c8841f0fd",
			"slotId": "FaceCover"
		},
		{
			"_id": "I59618248961715057hTri41",
			"_tpl": "5ab8f04f86f774585f4237d8",
			"parentId": "5c6687d65e9d882c8841f0fd",
			"slotId": "Backpack"
		},
		{
			"_id": "I596182422902215230wWNin",
			"_tpl": "590a373286f774287540368b",
			"parentId": "5c6687d65e9d882c8841f121",
			"slotId": "pocket1",
			"location": {
				"x": 0,
				"y": 0,
				"r": "Horizontal"
			},
			"upd": {
				"SpawnedInSession": true
			}
		},
		{
			"_id": "I59618248403053640Ft8gWB",
			"_tpl": "5c1e2a1e86f77431ea0ea84c",
			"parentId": "5c6687d65e9d882c8841f121",
			"slotId": "pocket2",
			"location": {
				"x": 0,
				"y": 0,
				"r": "Horizontal"
			},
			"upd": {
				"SpawnedInSession": true
			}
		},
		{
			"_id": "I596182444411398947KmlYl",
			"_tpl": "5e2af29386f7746d4159f077",
			"parentId": "5c6687d65e9d882c8841f121",
			"slotId": "pocket3",
			"location": {
				"x": 0,
				"y": 0,
				"r": "Horizontal"
			},
			"upd": {
				"SpawnedInSession": true
			}
		}
	],
	"equipment": "5c6687d65e9d882c8841f0fd",
	"stash": "5c6687d65e9d882c8841f0fc",
	"questRaidItems": "5c6687d65e9d882c8841f0fe",
	"questStashItems": "5c6687d65e9d882c8841f0ff",
	"fastPanel": {}
}