{
	"items": [
		{
			"_id": "5c6687d65e9d882c8841f0fd",
			"_tpl": "55d7217a4bdc2d86028b456d"
		},
		{
			"_id": "5c6687d65e9d882c8841f121",
			"_tpl": "557ffd194bdc2d28148b457f",
			"parentId": "5c6687d65e9d882c8841f0fd",
			"slotId": "Pockets"
		},
		{
			"_id": "5c6687d65e9d882c8841f0fc",
			"_tpl": "566abbc34bdc2d92178b4576"
		},
		{
			"_id": "5c6687d65e9d882c8841f0ff",
			"_tpl": "5963866b86f7747bfa1c4462"
		},
		{
			"_id": "5c6687d65e9d882c8841f0fe",
			"_tpl": "5963866286f7747bf429b572"
		},
		{
			"_id": "I59618249329784723R2wEGU",
			"_tpl": "572b7adb24597762ae139821",
			"parentId": "5c6687d65e9d882c8841f0fd",
			"slotId": "TacticalVest"
		},
		{
			"_id": "I210052368901397744h44Cu",
			"_tpl": "5b0bbe4e5acfc40dc528a72d",
			"parentId": "5c6687d65e9d882c8841f0fd",
			"slotId": "FirstPrimaryWeapon",
			"upd": {
				"Repairable": {
					"MaxDurability": 100,
					"Durability": 5
				}
			}
		},
		{
			"_id": "I210052365623104212H4iai",
			"_tpl": "5b099b965acfc400186331e6",
			"parentId": "I210052368901397744h44Cu",
			"slotId": "mod_pistol_grip"
		},
		{
			"_id": "I59618242484587478Jdzqba",
			"_tpl": "5b7bef9c5acfc43d102852ec",
			"parentId": "I210052368901397744h44Cu",
			"slotId": "mod_magazine"
		},
		{
			"_id": "I59618248136586611jE3Jos",
			"_tpl": "5e023e53d4353e3302577c4c",
			"parentId": "I59618242484587478Jdzqba",
			"slotId": "cartridges",
			"upd": {
				"StackObjectsCount": 50
			}
		},
		{
			"_id": "I2100523626113840906ZKW4",
			"_tpl": "5b7bed205acfc400161d08cc",
			"parentId": "I210052368901397744h44Cu",
			"slotId": "mod_handguard"
		},
		{
			"_id": "I210052364622688952JEktG",
			"_tpl": "5b7be1265acfc400161d0798",
			"parentId": "I210052368901397744h44Cu",
			"slotId": "mod_barrel"
		},
		{
			"_id": "I210052368686631120p1sRz",
			"_tpl": "5b0bc22d5acfc47a8607f085",
			"parentId": "I210052368901397744h44Cu",
			"slotId": "mod_sight_rear",
			"upd": {
				"Sight": {
					"SelectedSightMode": 0
				}
			}
		},
		{
			"_id": "I210052368761698429p0sEM",
			"_tpl": "5b7d63cf5acfc4001876c8df",
			"parentId": "I210052368901397744h44Cu",
			"slotId": "mod_stock"
		},
		{
			"_id": "I59618246627916669875zOS",
			"_tpl": "5857a8bc2459772bad15db29",
			"parentId": "5c6687d65e9d882c8841f0fd",
			"slotId": "SecuredContainer"
		},
		{
			"_id": "I59618247922302413mkMKnT",
			"_tpl": "5e023e88277cce2b522ff2b1",
			"parentId": "I59618246627916669875zOS",
			"slotId": "main",
			"upd": {
				"StackObjectsCount": 60
			}
		},
		{
			"_id": "I59618248605743580n2yhGT",
			"_tpl": "58dd3ad986f77403051cba8f",
			"parentId": "I59618246627916669875zOS",
			"slotId": "main",
			"upd": {
				"StackObjectsCount": 60
			}
		},
		{
			"_id": "I59618246452185519ON9wgk",
			"_tpl": "5e023e88277cce2b522ff2b1",
			"parentId": "I59618246627916669875zOS",
			"slotId": "main",
			"upd": {
				"StackObjectsCount": 60
			}
		},
		{
			"_id": "I59618245955467763xMzWsz",
			"_tpl": "5e023e53d4353e3302577c4c",
			"parentId": "I59618246627916669875zOS",
			"slotId": "main",
			"upd": {
				"StackObjectsCount": 60
			}
		},
		{
			"_id": "I59618248222553001fvZLKh",
			"_tpl": "5a608bf24f39f98ffc77720e",
			"parentId": "I59618246627916669875zOS",
			"slotId": "main",
			"upd": {
				"StackObjectsCount": 60
			}
		},
		{
			"_id": "I59618241894516388gdS7Bu",
			"_tpl": "5a6086ea4f39f99cd479502f",
			"parentId": "I59618246627916669875zOS",
			"slotId": "main",
			"upd": {
				"StackObjectsCount": 60
			}
		},
		{
			"_id": "I59618249498206275SNe0Pv",
			"_tpl": "5a6086ea4f39f99cd479502f",
			"parentId": "I59618246627916669875zOS",
			"slotId": "main",
			"upd": {
				"StackObjectsCount": 60
			}
		},
		{
			"_id": "I59618242843483835HnYu4b",
			"_tpl": "5e023e53d4353e3302577c4c",
			"parentId": "I59618246627916669875zOS",
			"slotId": "main",
			"upd": {
				"StackObjectsCount": 60
			}
		},
		{
			"_id": "I59618241878833024fuNa1o",
			"_tpl": "5e023e6e34d52a55c3304f71",
			"parentId": "I59618246627916669875zOS",
			"slotId": "main",
			"upd": {
				"StackObjectsCount": 60
			}
		},
		{
			"_id": "I59618243211999008Zx7R0j",
			"_tpl": "5b7d37845acfc400170e2f87",
			"parentId": "I59618249329784723R2wEGU",
			"slotId": "2",
			"location": {
				"x": 0,
				"y": 0,
				"r": "Horizontal"
			}
		},
		{
			"_id": "I59618245607582091T6lLuQ",
			"_tpl": "5e023e53d4353e3302577c4c",
			"parentId": "I59618243211999008Zx7R0j",
			"slotId": "cartridges",
			"upd": {
				"StackObjectsCount": 30
			}
		},
		{
			"_id": "I596182444794397830SgBoP",
			"_tpl": "5bffdc370db834001d23eca8",
			"parentId": "5c6687d65e9d882c8841f0fd",
			"slotId": "Scabbard"
		},
		{
			"_id": "I59618245711263689LpRo1v",
			"_tpl": "5aa2b8d7e5b5b00014028f4a",
			"parentId": "5c6687d65e9d882c8841f0fd",
			"slotId": "Headwear"
		},
		{
			"_id": "I59618246587826044RE7ku0",
			"_tpl": "5aa2b9aee5b5b00015693121",
			"parentId": "5c6687d65e9d882c8841f0fd",
			"slotId": "Eyewear"
		}
	],
	"equipment": "5c6687d65e9d882c8841f0fd",
	"stash": "5c6687d65e9d882c8841f0fc",
	"questRaidItems": "5c6687d65e9d882c8841f0fe",
	"questStashItems": "5c6687d65e9d882c8841f0ff",
	"fastPanel": {}
}