{
	"items": [
		{
			"_id": "5c6687d65e9d882c8841f0fd",
			"_tpl": "55d7217a4bdc2d86028b456d"
		},
		{
			"_id": "5c6687d65e9d882c8841f121",
			"_tpl": "557ffd194bdc2d28148b457f",
			"parentId": "5c6687d65e9d882c8841f0fd",
			"slotId": "Pockets"
		},
		{
			"_id": "5c6687d65e9d882c8841f0fc",
			"_tpl": "566abbc34bdc2d92178b4576"
		},
		{
			"_id": "5c6687d65e9d882c8841f0ff",
			"_tpl": "5963866b86f7747bfa1c4462"
		},
		{
			"_id": "5c6687d65e9d882c8841f0fe",
			"_tpl": "5963866286f7747bf429b572"
		},
		{
			"_id": "I59618244593961496IfqDTi",
			"_tpl": "5929a2a086f7744f4b234d43",
			"parentId": "5c6687d65e9d882c8841f0fd",
			"slotId": "TacticalVest"
		},
		{
			"_id": "I2100709741034368iXbIyU2",
			"_tpl": "57dc2fa62459775949412633",
			"parentId": "5c6687d65e9d882c8841f0fd",
			"slotId": "FirstPrimaryWeapon",
			"upd": {
				"Repairable": {
					"MaxDurability": 100,
					"Durability": 35
				}
			}
		},
		{
			"_id": "I2100703608732326S84LIIa",
			"_tpl": "57e3dba62459770f0c32322b",
			"parentId": "I2100709741034368iXbIyU2",
			"slotId": "mod_pistol_grip"
		},
		{
			"_id": "I2100706044414145rj3tJKt",
			"_tpl": "57dc347d245977596754e7a1",
			"parentId": "I2100709741034368iXbIyU2",
			"slotId": "mod_stock"
		},
		{
			"_id": "I59618244242029020Vi8J6n",
			"_tpl": "55d4837c4bdc2d1d4e8b456c",
			"parentId": "I2100709741034368iXbIyU2",
			"slotId": "mod_magazine"
		},
		{
			"_id": "I59618249605462748PyGqHa",
			"_tpl": "5c0d5e4486f77478390952fe",
			"parentId": "I59618244242029020Vi8J6n",
			"slotId": "cartridges",
			"upd": {
				"StackObjectsCount": 10
			}
		},
		{
			"_id": "I2100701812762718uFJFzhx",
			"_tpl": "57dc324a24597759501edc20",
			"parentId": "I2100709741034368iXbIyU2",
			"slotId": "mod_muzzle"
		},
		{
			"_id": "I2100707104932936VdESeLc",
			"_tpl": "57dc334d245977597164366f",
			"parentId": "I2100709741034368iXbIyU2",
			"slotId": "mod_reciever"
		},
		{
			"_id": "I2100706572121697Cu6RGp6",
			"_tpl": "59d36a0086f7747e673f3946",
			"parentId": "I2100709741034368iXbIyU2",
			"slotId": "mod_gas_block"
		},
		{
			"_id": "I2100707181260028G6BYoQZ",
			"_tpl": "56dfef82d2720bbd668b4567",
			"parentId": "I2100701573893487NhxgcjR",
			"slotId": "cartridges",
			"location": 0,
			"upd": {
				"StackObjectsCount": 30
			}
		},
		{
			"_id": "I2100705434128516FhaJtBU",
			"_tpl": "57dc32dc245977596d4ef3d3",
			"parentId": "I2100706572121697Cu6RGp6",
			"slotId": "mod_handguard"
		},
		{
			"_id": "I596182450376762989HgvQa",
			"_tpl": "5857a8bc2459772bad15db29",
			"parentId": "5c6687d65e9d882c8841f0fd",
			"slotId": "SecuredContainer"
		},
		{
			"_id": "I596182433955761082SBUes",
			"_tpl": "56dff4ecd2720b5f5a8b4568",
			"parentId": "I596182450376762989HgvQa",
			"slotId": "main",
			"upd": {
				"StackObjectsCount": 60
			}
		},
		{
			"_id": "I59618243004564573hL2MbV",
			"_tpl": "56dfef82d2720bbd668b4567",
			"parentId": "I596182450376762989HgvQa",
			"slotId": "main",
			"upd": {
				"StackObjectsCount": 60
			}
		},
		{
			"_id": "I596182439901213731Ii8qR",
			"_tpl": "56dfef82d2720bbd668b4567",
			"parentId": "I596182450376762989HgvQa",
			"slotId": "main",
			"upd": {
				"StackObjectsCount": 60
			}
		},
		{
			"_id": "I59618246563891408ZpfEqw",
			"_tpl": "56dff216d2720bbd668b4568",
			"parentId": "I596182450376762989HgvQa",
			"slotId": "main",
			"upd": {
				"StackObjectsCount": 60
			}
		},
		{
			"_id": "I59618241603460502NNzbyz",
			"_tpl": "56dff026d2720bb8668b4567",
			"parentId": "I596182450376762989HgvQa",
			"slotId": "main",
			"upd": {
				"StackObjectsCount": 60
			}
		},
		{
			"_id": "I59618248740019882yiOc80",
			"_tpl": "56dff0bed2720bb0668b4567",
			"parentId": "I596182450376762989HgvQa",
			"slotId": "main",
			"upd": {
				"StackObjectsCount": 60
			}
		},
		{
			"_id": "I59618244119033163ed1nUf",
			"_tpl": "56dfef82d2720bbd668b4567",
			"parentId": "I596182450376762989HgvQa",
			"slotId": "main",
			"upd": {
				"StackObjectsCount": 60
			}
		},
		{
			"_id": "I596182444294837556tRFhn",
			"_tpl": "56dff216d2720bbd668b4568",
			"parentId": "I596182450376762989HgvQa",
			"slotId": "main",
			"upd": {
				"StackObjectsCount": 60
			}
		},
		{
			"_id": "I59618246494836423xr5PrJ",
			"_tpl": "56dff4ecd2720b5f5a8b4568",
			"parentId": "I596182450376762989HgvQa",
			"slotId": "main",
			"upd": {
				"StackObjectsCount": 60
			}
		},
		{
			"_id": "I596182497375223727WZRmr",
			"_tpl": "55d4837c4bdc2d1d4e8b456c",
			"parentId": "I59618244593961496IfqDTi",
			"slotId": "3",
			"location": {
				"x": 0,
				"y": 1,
				"r": "Horizontal"
			}
		},
		{
			"_id": "I59618247511824744nvPPne",
			"_tpl": "56dfef82d2720bbd668b4567",
			"parentId": "I596182497375223727WZRmr",
			"slotId": "cartridges",
			"upd": {
				"StackObjectsCount": 10
			}
		},
		{
			"_id": "I5961824365207515210MCP1",
			"_tpl": "55d4837c4bdc2d1d4e8b456c",
			"parentId": "I59618244593961496IfqDTi",
			"slotId": "5",
			"location": {
				"x": 0,
				"y": 1,
				"r": "Horizontal"
			}
		},
		{
			"_id": "I59618246720737969nYZQgY",
			"_tpl": "56dff421d2720b5f5a8b4567",
			"parentId": "I5961824365207515210MCP1",
			"slotId": "cartridges",
			"upd": {
				"StackObjectsCount": 10
			}
		},
		{
			"_id": "I59618243795679820iZpDmH",
			"_tpl": "56dff4ecd2720b5f5a8b4568",
			"parentId": "I59618244593961496IfqDTi",
			"slotId": "1",
			"upd": {
				"StackObjectsCount": 24
			}
		},
		{
			"_id": "I59618243927506341Uk1X6i",
			"_tpl": "5bffdc370db834001d23eca8",
			"parentId": "5c6687d65e9d882c8841f0fd",
			"slotId": "Scabbard"
		},
		{
			"_id": "I59618242640603769AsZuX1",
			"_tpl": "5aa2b9ede5b5b000137b758b",
			"parentId": "5c6687d65e9d882c8841f0fd",
			"slotId": "Headwear"
		},
		{
			"_id": "I59618244085615565wDK8zA",
			"_tpl": "5d5fca1ea4b93635fd598c07",
			"parentId": "5c6687d65e9d882c8841f0fd",
			"slotId": "Eyewear"
		},
		{
			"_id": "I59618242476250347rThFaQ",
			"_tpl": "5b4326435acfc433000ed01d",
			"parentId": "5c6687d65e9d882c8841f0fd",
			"slotId": "FaceCover"
		},
		{
			"_id": "I59618244292076273wkJQEg",
			"_tpl": "5ab8f04f86f774585f4237d8",
			"parentId": "5c6687d65e9d882c8841f0fd",
			"slotId": "Backpack"
		},
		{
			"_id": "I59618248474352176iA8rii",
			"_tpl": "5648a7494bdc2d9d488b4583",
			"parentId": "5c6687d65e9d882c8841f0fd",
			"slotId": "ArmorVest",
			"upd": {
				"Repairable": {
					"MaxDurability": 50,
					"Durability": 38
				}
			}
		}
	],
	"equipment": "5c6687d65e9d882c8841f0fd",
	"stash": "5c6687d65e9d882c8841f0fc",
	"questRaidItems": "5c6687d65e9d882c8841f0fe",
	"questStashItems": "5c6687d65e9d882c8841f0ff",
	"fastPanel": {}
}