{
	"items": [
		{
			"_id": "5c6687d65e9d882c8841f0fd",
			"_tpl": "55d7217a4bdc2d86028b456d"
		},
		{
			"_id": "5c6687d65e9d882c8841f121",
			"_tpl": "557ffd194bdc2d28148b457f",
			"parentId": "5c6687d65e9d882c8841f0fd",
			"slotId": "Pockets"
		},
		{
			"_id": "5c6687d65e9d882c8841f0fc",
			"_tpl": "566abbc34bdc2d92178b4576"
		},
		{
			"_id": "5c6687d65e9d882c8841f0ff",
			"_tpl": "5963866b86f7747bfa1c4462"
		},
		{
			"_id": "5c6687d65e9d882c8841f0fe",
			"_tpl": "5963866286f7747bf429b572"
		},
		{
			"_id": "I59618245118866841AEySUo",
			"_tpl": "5c0e446786f7742013381639",
			"parentId": "5c6687d65e9d882c8841f0fd",
			"slotId": "TacticalVest"
		},
		{
			"_id": "I33102615285729805BpeH3v",
			"_tpl": "59ff346386f77477562ff5e2",
			"parentId": "5c6687d65e9d882c8841f0fd",
			"slotId": "FirstPrimaryWeapon",
			"upd": {
				"Repairable": {
					"MaxDurability": 100,
					"Durability": 31
				}
			}
		},
		{
			"_id": "I33102612029700293jgeopH",
			"_tpl": "59d64ec286f774171d1e0a42",
			"parentId": "I33102615285729805BpeH3v",
			"slotId": "mod_gas_block"
		},
		{
			"_id": "I33102613216251959atPONU",
			"_tpl": "59d64fc686f774171b243fe2",
			"parentId": "I33102615285729805BpeH3v",
			"slotId": "mod_muzzle"
		},
		{
			"_id": "I33102619298099733yDQTWu",
			"_tpl": "5a0071d486f77404e23a12b2",
			"parentId": "I33102615285729805BpeH3v",
			"slotId": "mod_pistol_grip_akms"
		},
		{
			"_id": "I33102611315670875BhG3QD",
			"_tpl": "59d650cf86f7741b846413a4",
			"parentId": "I33102615285729805BpeH3v",
			"slotId": "mod_sight_rear",
			"upd": {
				"Sight": {
					"SelectedSightMode": 0
				}
			}
		},
		{
			"_id": "I331026189567065448JdFpI",
			"_tpl": "59ff3b6a86f77477562ff5ed",
			"parentId": "I33102615285729805BpeH3v",
			"slotId": "mod_stock_akms"
		},
		{
			"_id": "I59618245707960921vlviBj",
			"_tpl": "59e5d83b86f7745aed03d262",
			"parentId": "I33102615285729805BpeH3v",
			"slotId": "mod_magazine"
		},
		{
			"_id": "I59618247420782589l8uasc",
			"_tpl": "59e0d99486f7744a32234762",
			"parentId": "I59618245707960921vlviBj",
			"slotId": "cartridges",
			"upd": {
				"StackObjectsCount": 10
			}
		},
		{
			"_id": "I33102618101010194Kc0nC5",
			"_tpl": "59d64f2f86f77417193ef8b3",
			"parentId": "I33102612029700293jgeopH",
			"slotId": "mod_handguard"
		},
		{
			"_id": "I59618242895824349OVhsoZ",
			"_tpl": "5857a8bc2459772bad15db29",
			"parentId": "5c6687d65e9d882c8841f0fd",
			"slotId": "SecuredContainer"
		},
		{
			"_id": "I59618244069918425ihZd3y",
			"_tpl": "5656d7c34bdc2d9d198b4587",
			"parentId": "I59618242895824349OVhsoZ",
			"slotId": "main",
			"upd": {
				"StackObjectsCount": 60
			}
		},
		{
			"_id": "I59618243593456410FSIhbc",
			"_tpl": "59e0d99486f7744a32234762",
			"parentId": "I59618242895824349OVhsoZ",
			"slotId": "main",
			"upd": {
				"StackObjectsCount": 60
			}
		},
		{
			"_id": "I5961824283638892211qw5P",
			"_tpl": "59e4cf5286f7741778269d8a",
			"parentId": "I59618242895824349OVhsoZ",
			"slotId": "main",
			"upd": {
				"StackObjectsCount": 60
			}
		},
		{
			"_id": "I596182494157164162qJqUI",
			"_tpl": "5656d7c34bdc2d9d198b4587",
			"parentId": "I59618242895824349OVhsoZ",
			"slotId": "main",
			"upd": {
				"StackObjectsCount": 60
			}
		},
		{
			"_id": "I59618246289615665bkSBQM",
			"_tpl": "5656d7c34bdc2d9d198b4587",
			"parentId": "I59618242895824349OVhsoZ",
			"slotId": "main",
			"upd": {
				"StackObjectsCount": 60
			}
		},
		{
			"_id": "I59618243130640375QfY9ej",
			"_tpl": "59e4d24686f7741776641ac7",
			"parentId": "I59618242895824349OVhsoZ",
			"slotId": "main",
			"upd": {
				"StackObjectsCount": 60
			}
		},
		{
			"_id": "I59618242119929614jYN1Tx",
			"_tpl": "5656d7c34bdc2d9d198b4587",
			"parentId": "I59618242895824349OVhsoZ",
			"slotId": "main",
			"upd": {
				"StackObjectsCount": 60
			}
		},
		{
			"_id": "I596182451285245218wd1K3",
			"_tpl": "5656d7c34bdc2d9d198b4587",
			"parentId": "I59618242895824349OVhsoZ",
			"slotId": "main",
			"upd": {
				"StackObjectsCount": 60
			}
		},
		{
			"_id": "I59618247547513407X5hQJD",
			"_tpl": "5656d7c34bdc2d9d198b4587",
			"parentId": "I59618242895824349OVhsoZ",
			"slotId": "main",
			"upd": {
				"StackObjectsCount": 60
			}
		},
		{
			"_id": "I59618245463598240ZAPUTb",
			"_tpl": "59e5d83b86f7745aed03d262",
			"parentId": "I59618245118866841AEySUo",
			"slotId": "1",
			"location": {
				"x": 0,
				"y": 1,
				"r": "Horizontal"
			}
		},
		{
			"_id": "I59618249933246104K6AXsK",
			"_tpl": "5656d7c34bdc2d9d198b4587",
			"parentId": "I59618245463598240ZAPUTb",
			"slotId": "cartridges",
			"upd": {
				"StackObjectsCount": 10
			}
		},
		{
			"_id": "I59618242657686212TfKwKk",
			"_tpl": "59e5d83b86f7745aed03d262",
			"parentId": "I59618245118866841AEySUo",
			"slotId": "3",
			"location": {
				"x": 0,
				"y": 1,
				"r": "Horizontal"
			}
		},
		{
			"_id": "I59618247396437677B5G47W",
			"_tpl": "59e4d3d286f774176a36250a",
			"parentId": "I59618242657686212TfKwKk",
			"slotId": "cartridges",
			"upd": {
				"StackObjectsCount": 10
			}
		},
		{
			"_id": "I59618243767281793lPMBBN",
			"_tpl": "59e0d99486f7744a32234762",
			"parentId": "I59618245118866841AEySUo",
			"slotId": "5",
			"upd": {
				"StackObjectsCount": 24
			}
		},
		{
			"_id": "I59618241129797463it9CZe",
			"_tpl": "57e26fc7245977162a14b800",
			"parentId": "5c6687d65e9d882c8841f0fd",
			"slotId": "Scabbard"
		},
		{
			"_id": "I596182461978180104EHnvg",
			"_tpl": "5c0d32fcd174af02a1659c75",
			"parentId": "5c6687d65e9d882c8841f0fd",
			"slotId": "Eyewear"
		},
		{
			"_id": "I59618248414265956F7nOVf",
			"_tpl": "56e33634d2720bd8058b456b",
			"parentId": "5c6687d65e9d882c8841f0fd",
			"slotId": "Backpack"
		},
		{
			"_id": "I59618243648726241aeOwH3",
			"_tpl": "5ab8e4ed86f7742d8e50c7fa",
			"parentId": "5c6687d65e9d882c8841f0fd",
			"slotId": "ArmorVest",
			"upd": {
				"Repairable": {
					"MaxDurability": 50,
					"Durability": 9
				}
			}
		},
		{
			"_id": "I59618247452309122xSz9cm",
			"_tpl": "59e3606886f77417674759a5",
			"parentId": "5c6687d65e9d882c8841f121",
			"slotId": "pocket1",
			"location": {
				"x": 0,
				"y": 0,
				"r": "Horizontal"
			},
			"upd": {
				"SpawnedInSession": true
			}
		},
		{
			"_id": "I59618243395157583E53Wwl",
			"_tpl": "544fb3f34bdc2d03748b456a",
			"parentId": "5c6687d65e9d882c8841f121",
			"slotId": "pocket2",
			"location": {
				"x": 0,
				"y": 0,
				"r": "Horizontal"
			},
			"upd": {
				"SpawnedInSession": true
			}
		}
	],
	"equipment": "5c6687d65e9d882c8841f0fd",
	"stash": "5c6687d65e9d882c8841f0fc",
	"questRaidItems": "5c6687d65e9d882c8841f0fe",
	"questStashItems": "5c6687d65e9d882c8841f0ff",
	"fastPanel": {}
}