{
	"items": [
		{
			"_id": "5c6687d65e9d882c8841f0fd",
			"_tpl": "55d7217a4bdc2d86028b456d"
		},
		{
			"_id": "5c6687d65e9d882c8841f121",
			"_tpl": "557ffd194bdc2d28148b457f",
			"parentId": "5c6687d65e9d882c8841f0fd",
			"slotId": "Pockets"
		},
		{
			"_id": "5c6687d65e9d882c8841f0fc",
			"_tpl": "566abbc34bdc2d92178b4576"
		},
		{
			"_id": "5c6687d65e9d882c8841f0ff",
			"_tpl": "5963866b86f7747bfa1c4462"
		},
		{
			"_id": "5c6687d65e9d882c8841f0fe",
			"_tpl": "5963866286f7747bf429b572"
		},
		{
			"_id": "I596182436347350137kHE11",
			"_tpl": "5929a2a086f7744f4b234d43",
			"parentId": "5c6687d65e9d882c8841f0fd",
			"slotId": "TacticalVest"
		},
		{
			"_id": "I33102584641570618FHWjod",
			"_tpl": "59d6088586f774275f37482f",
			"parentId": "5c6687d65e9d882c8841f0fd",
			"slotId": "FirstPrimaryWeapon",
			"upd": {
				"Repairable": {
					"MaxDurability": 100,
					"Durability": 61
				}
			}
		},
		{
			"_id": "I331025856411961414pKjaw",
			"_tpl": "59d64ec286f774171d1e0a42",
			"parentId": "I33102584641570618FHWjod",
			"slotId": "mod_gas_block"
		},
		{
			"_id": "I331025826164896288V43Hp",
			"_tpl": "59d64fc686f774171b243fe2",
			"parentId": "I33102584641570618FHWjod",
			"slotId": "mod_muzzle"
		},
		{
			"_id": "I33102582051809585wTNRb2",
			"_tpl": "59e62cc886f77440d40b52a1",
			"parentId": "I33102584641570618FHWjod",
			"slotId": "mod_pistol_grip"
		},
		{
			"_id": "I33102586141178855FgPvfC",
			"_tpl": "59d650cf86f7741b846413a4",
			"parentId": "I33102584641570618FHWjod",
			"slotId": "mod_sight_rear",
			"upd": {
				"Sight": {
					"SelectedSightMode": 0
				}
			}
		},
		{
			"_id": "I59618247851283476jGM5y4",
			"_tpl": "59e5d83b86f7745aed03d262",
			"parentId": "I33102584641570618FHWjod",
			"slotId": "mod_magazine"
		},
		{
			"_id": "I596182491329704379EN6BA",
			"_tpl": "59e4cf5286f7741778269d8a",
			"parentId": "I59618247851283476jGM5y4",
			"slotId": "cartridges",
			"upd": {
				"StackObjectsCount": 10
			}
		},
		{
			"_id": "I33102581044949019HeWFdR",
			"_tpl": "59d64f2f86f77417193ef8b3",
			"parentId": "I331025856411961414pKjaw",
			"slotId": "mod_handguard"
		},
		{
			"_id": "I59618245952556391oglcPF",
			"_tpl": "5857a8bc2459772bad15db29",
			"parentId": "5c6687d65e9d882c8841f0fd",
			"slotId": "SecuredContainer"
		},
		{
			"_id": "I59618244895406245dgGdSs",
			"_tpl": "59e4cf5286f7741778269d8a",
			"parentId": "I59618245952556391oglcPF",
			"slotId": "main",
			"upd": {
				"StackObjectsCount": 60
			}
		},
		{
			"_id": "I596182481043058952pK09W",
			"_tpl": "5656d7c34bdc2d9d198b4587",
			"parentId": "I59618245952556391oglcPF",
			"slotId": "main",
			"upd": {
				"StackObjectsCount": 60
			}
		},
		{
			"_id": "I59618242800405552BuvyoV",
			"_tpl": "59e4d24686f7741776641ac7",
			"parentId": "I59618245952556391oglcPF",
			"slotId": "main",
			"upd": {
				"StackObjectsCount": 60
			}
		},
		{
			"_id": "I5961824995831514965I8p1",
			"_tpl": "59e4d3d286f774176a36250a",
			"parentId": "I59618245952556391oglcPF",
			"slotId": "main",
			"upd": {
				"StackObjectsCount": 60
			}
		},
		{
			"_id": "I59618246237706917pEwP9j",
			"_tpl": "59e4d24686f7741776641ac7",
			"parentId": "I59618245952556391oglcPF",
			"slotId": "main",
			"upd": {
				"StackObjectsCount": 60
			}
		},
		{
			"_id": "I59618246573984286Ms9Gak",
			"_tpl": "59e4d24686f7741776641ac7",
			"parentId": "I59618245952556391oglcPF",
			"slotId": "main",
			"upd": {
				"StackObjectsCount": 60
			}
		},
		{
			"_id": "I59618241858017330UygjAa",
			"_tpl": "5656d7c34bdc2d9d198b4587",
			"parentId": "I59618245952556391oglcPF",
			"slotId": "main",
			"upd": {
				"StackObjectsCount": 60
			}
		},
		{
			"_id": "I59618248699450038ry495S",
			"_tpl": "59e0d99486f7744a32234762",
			"parentId": "I59618245952556391oglcPF",
			"slotId": "main",
			"upd": {
				"StackObjectsCount": 60
			}
		},
		{
			"_id": "I596182494000215836sWVvd",
			"_tpl": "59e4d3d286f774176a36250a",
			"parentId": "I59618245952556391oglcPF",
			"slotId": "main",
			"upd": {
				"StackObjectsCount": 60
			}
		},
		{
			"_id": "I59618246386172491GfNdBF",
			"_tpl": "59e5d83b86f7745aed03d262",
			"parentId": "I596182436347350137kHE11",
			"slotId": "3",
			"location": {
				"x": 0,
				"y": 0,
				"r": "Horizontal"
			}
		},
		{
			"_id": "I59618246796170754n7m5Yy",
			"_tpl": "59e4cf5286f7741778269d8a",
			"parentId": "I59618246386172491GfNdBF",
			"slotId": "cartridges",
			"upd": {
				"StackObjectsCount": 10
			}
		},
		{
			"_id": "I59618249969098741qztNfs",
			"_tpl": "59e5d83b86f7745aed03d262",
			"parentId": "I596182436347350137kHE11",
			"slotId": "3",
			"location": {
				"x": 0,
				"y": 1,
				"r": "Horizontal"
			}
		},
		{
			"_id": "I596182446557986585Q1By2",
			"_tpl": "59e4d3d286f774176a36250a",
			"parentId": "I59618249969098741qztNfs",
			"slotId": "cartridges",
			"upd": {
				"StackObjectsCount": 10
			}
		},
		{
			"_id": "I596182482811187419fshGa",
			"_tpl": "59e5d83b86f7745aed03d262",
			"parentId": "I596182436347350137kHE11",
			"slotId": "5",
			"location": {
				"x": 0,
				"y": 0,
				"r": "Horizontal"
			}
		},
		{
			"_id": "I59618241384568139xgbeXk",
			"_tpl": "5656d7c34bdc2d9d198b4587",
			"parentId": "I596182482811187419fshGa",
			"slotId": "cartridges",
			"upd": {
				"StackObjectsCount": 10
			}
		},
		{
			"_id": "I59618245374384251abwGOG",
			"_tpl": "5e32f56fcb6d5863cc5e5ee4",
			"parentId": "I596182436347350137kHE11",
			"slotId": "1"
		},
		{
			"_id": "I596182454914696430tHoxr",
			"_tpl": "5bffdc370db834001d23eca8",
			"parentId": "5c6687d65e9d882c8841f0fd",
			"slotId": "Scabbard"
		},
		{
			"_id": "I59618248965432970Uf6WXG",
			"_tpl": "557ff21e4bdc2d89578b4586",
			"parentId": "5c6687d65e9d882c8841f0fd",
			"slotId": "Eyewear"
		},
		{
			"_id": "I59618241471329313KbVEsa",
			"_tpl": "59e7715586f7742ee5789605",
			"parentId": "5c6687d65e9d882c8841f0fd",
			"slotId": "FaceCover"
		}
	],
	"equipment": "5c6687d65e9d882c8841f0fd",
	"stash": "5c6687d65e9d882c8841f0fc",
	"questRaidItems": "5c6687d65e9d882c8841f0fe",
	"questStashItems": "5c6687d65e9d882c8841f0ff",
	"fastPanel": {}
}