{
	"items": [
		{
			"_id": "5c6687d65e9d882c8841f0fd",
			"_tpl": "55d7217a4bdc2d86028b456d"
		},
		{
			"_id": "5c6687d65e9d882c8841f121",
			"_tpl": "557ffd194bdc2d28148b457f",
			"parentId": "5c6687d65e9d882c8841f0fd",
			"slotId": "Pockets"
		},
		{
			"_id": "5c6687d65e9d882c8841f0fc",
			"_tpl": "566abbc34bdc2d92178b4576"
		},
		{
			"_id": "5c6687d65e9d882c8841f0ff",
			"_tpl": "5963866b86f7747bfa1c4462"
		},
		{
			"_id": "5c6687d65e9d882c8841f0fe",
			"_tpl": "5963866286f7747bf429b572"
		},
		{
			"_id": "I596182426687904139JGU6f",
			"_tpl": "5d5d8ca986f7742798716522",
			"parentId": "5c6687d65e9d882c8841f0fd",
			"slotId": "TacticalVest"
		},
		{
			"_id": "I21005403094897232Py9jYD",
			"_tpl": "5c07c60e0db834002330051f",
			"parentId": "5c6687d65e9d882c8841f0fd",
			"slotId": "FirstPrimaryWeapon",
			"upd": {
				"Repairable": {
					"MaxDurability": 100,
					"Durability": 39
				}
			}
		},
		{
			"_id": "I21005405818967096KohpFj",
			"_tpl": "5c0e2ff6d174af02a1659d4a",
			"parentId": "I21005403094897232Py9jYD",
			"slotId": "mod_pistol_grip"
		},
		{
			"_id": "I59618247212363541rIVrEz",
			"_tpl": "5c6d42cb2e2216000e69d7d1",
			"parentId": "I21005403094897232Py9jYD",
			"slotId": "mod_magazine"
		},
		{
			"_id": "I59618242584415116uZVX4W",
			"_tpl": "59e690b686f7746c9f75e848",
			"parentId": "I59618247212363541rIVrEz",
			"slotId": "cartridges",
			"upd": {
				"StackObjectsCount": 30
			}
		},
		{
			"_id": "I21005401928206507pFRuoU",
			"_tpl": "5c0e2f26d174af02a9625114",
			"parentId": "I21005403094897232Py9jYD",
			"slotId": "mod_reciever"
		},
		{
			"_id": "I21005406262118984fJaeo1",
			"_tpl": "5649be884bdc2d79388b4577",
			"parentId": "I21005403094897232Py9jYD",
			"slotId": "mod_stock"
		},
		{
			"_id": "I210054055083223434wjimT",
			"_tpl": "5c0faf68d174af02a96260b8",
			"parentId": "I21005403094897232Py9jYD",
			"slotId": "mod_charge"
		},
		{
			"_id": "I210054071998557395KBhKH",
			"_tpl": "5c0e2f94d174af029f650d56",
			"parentId": "I21005401928206507pFRuoU",
			"slotId": "mod_barrel"
		},
		{
			"_id": "I210054060069412809hRYX4",
			"_tpl": "5c0e2f5cd174af02a012cfc9",
			"parentId": "I21005401928206507pFRuoU",
			"slotId": "mod_handguard"
		},
		{
			"_id": "I21005403309928902TxrDcW",
			"_tpl": "5c0fafb6d174af02a96260ba",
			"parentId": "I210054071998557395KBhKH",
			"slotId": "mod_muzzle"
		},
		{
			"_id": "I21005407055230098mmGFrM",
			"_tpl": "5ae30e795acfc408fb139a0b",
			"parentId": "I210054071998557395KBhKH",
			"slotId": "mod_gas_block"
		},
		{
			"_id": "I596182411513730401b8Pd5",
			"_tpl": "5857a8bc2459772bad15db29",
			"parentId": "5c6687d65e9d882c8841f0fd",
			"slotId": "SecuredContainer"
		},
		{
			"_id": "I59618243064682808AyKYak",
			"_tpl": "59e6920f86f77411d82aa167",
			"parentId": "I596182411513730401b8Pd5",
			"slotId": "main",
			"upd": {
				"StackObjectsCount": 60
			}
		},
		{
			"_id": "I59618243812033782KHFxUO",
			"_tpl": "59e6906286f7746c9f75e847",
			"parentId": "I596182411513730401b8Pd5",
			"slotId": "main",
			"upd": {
				"StackObjectsCount": 60
			}
		},
		{
			"_id": "I59618244843761175HQu87s",
			"_tpl": "54527a984bdc2d4e668b4567",
			"parentId": "I596182411513730401b8Pd5",
			"slotId": "main",
			"upd": {
				"StackObjectsCount": 60
			}
		},
		{
			"_id": "I59618248419760017YtpmZf",
			"_tpl": "5c0d5ae286f7741e46554302",
			"parentId": "I596182411513730401b8Pd5",
			"slotId": "main",
			"upd": {
				"StackObjectsCount": 60
			}
		},
		{
			"_id": "I59618248663872582AFkY82",
			"_tpl": "59e6906286f7746c9f75e847",
			"parentId": "I596182411513730401b8Pd5",
			"slotId": "main",
			"upd": {
				"StackObjectsCount": 60
			}
		},
		{
			"_id": "I59618244847665419H4x2Zs",
			"_tpl": "59e6906286f7746c9f75e847",
			"parentId": "I596182411513730401b8Pd5",
			"slotId": "main",
			"upd": {
				"StackObjectsCount": 60
			}
		},
		{
			"_id": "I596182465836266683dGINA",
			"_tpl": "54527ac44bdc2d36668b4567",
			"parentId": "I596182411513730401b8Pd5",
			"slotId": "main",
			"upd": {
				"StackObjectsCount": 60
			}
		},
		{
			"_id": "I596182413182402920fyebl",
			"_tpl": "59e68f6f86f7746c9f75e846",
			"parentId": "I596182411513730401b8Pd5",
			"slotId": "main",
			"upd": {
				"StackObjectsCount": 60
			}
		},
		{
			"_id": "I59618245519338772wqTf6M",
			"_tpl": "59e6920f86f77411d82aa167",
			"parentId": "I596182411513730401b8Pd5",
			"slotId": "main",
			"upd": {
				"StackObjectsCount": 60
			}
		},
		{
			"_id": "I210016569131659520n9LxH",
			"_tpl": "576a581d2459771e7b1bc4f1",
			"parentId": "5c6687d65e9d882c8841f0fd",
			"slotId": "Holster",
			"upd": {
				"Repairable": {
					"MaxDurability": 100,
					"Durability": 60
				}
			}
		},
		{
			"_id": "I59618241246043429FSHfwx",
			"_tpl": "5c925fa22e221601da359b7b",
			"parentId": "I2100165644840754536SMMb",
			"slotId": "cartridges",
			"upd": {
				"StackObjectsCount": 18
			}
		},
		{
			"_id": "I2100165644840754536SMMb",
			"_tpl": "576a5ed62459771e9c2096cb",
			"parentId": "I210016569131659520n9LxH",
			"slotId": "mod_magazine"
		},
		{
			"_id": "I210016562931727377Quekg",
			"_tpl": "576a63cd2459771e796e0e11",
			"parentId": "I210016569131659520n9LxH",
			"slotId": "mod_pistol_grip"
		},
		{
			"_id": "I59618242427296863wpWHNv",
			"_tpl": "5aaa5dfee5b5b000140293d3",
			"parentId": "I596182426687904139JGU6f",
			"slotId": "2",
			"location": {
				"x": 0,
				"y": 0,
				"r": "Horizontal"
			}
		},
		{
			"_id": "I596182453467434690OA6gC",
			"_tpl": "54527ac44bdc2d36668b4567",
			"parentId": "I59618242427296863wpWHNv",
			"slotId": "cartridges",
			"upd": {
				"StackObjectsCount": 30
			}
		},
		{
			"_id": "I59618244290968640l4FuLs",
			"_tpl": "544fb37f4bdc2dee738b4567",
			"parentId": "I596182426687904139JGU6f",
			"slotId": "1"
		},
		{
			"_id": "I59618247685395458yh0Z9d",
			"_tpl": "5aaa5dfee5b5b000140293d3",
			"parentId": "I596182426687904139JGU6f",
			"slotId": "1",
			"location": {
				"x": 1,
				"y": 0,
				"r": "Horizontal"
			}
		},
		{
			"_id": "I59618248344417581MATLBo",
			"_tpl": "5c0d5ae286f7741e46554302",
			"parentId": "I59618247685395458yh0Z9d",
			"slotId": "cartridges",
			"upd": {
				"StackObjectsCount": 30
			}
		},
		{
			"_id": "I59618247176019381dLZjPT",
			"_tpl": "576a5ed62459771e9c2096cb",
			"parentId": "I596182426687904139JGU6f",
			"slotId": "3",
			"location": {
				"x": 0,
				"y": 0,
				"r": "Horizontal"
			}
		},
		{
			"_id": "I59618241022454463ch6rMA",
			"_tpl": "5a3c16fe86f77452b62de32a",
			"parentId": "I59618247176019381dLZjPT",
			"slotId": "cartridges",
			"upd": {
				"StackObjectsCount": 18
			}
		},
		{
			"_id": "I59618244514247842heTOc4",
			"_tpl": "57e26ea924597715ca604a09",
			"parentId": "5c6687d65e9d882c8841f0fd",
			"slotId": "Scabbard"
		},
		{
			"_id": "I5961824490330247510RjH3",
			"_tpl": "59e7715586f7742ee5789605",
			"parentId": "5c6687d65e9d882c8841f0fd",
			"slotId": "FaceCover"
		},
		{
			"_id": "I59618248558885810tCKmPz",
			"_tpl": "56e33634d2720bd8058b456b",
			"parentId": "5c6687d65e9d882c8841f0fd",
			"slotId": "Backpack"
		},
		{
			"_id": "I59618243709496148wd20N8",
			"_tpl": "5d1b3f2d86f774253763b735",
			"parentId": "I59618248558885810tCKmPz",
			"slotId": "main",
			"location": {
				"x": 0,
				"y": 0,
				"r": "Horizontal"
			}
		},
		{
			"_id": "I59618245708439680UW81rd",
			"_tpl": "5783c43d2459774bbe137486",
			"parentId": "I59618248558885810tCKmPz",
			"slotId": "main",
			"location": {
				"x": 0,
				"y": 1,
				"r": "Horizontal"
			}
		},
		{
			"_id": "I59618249517737504Au4JN9",
			"_tpl": "5c06782b86f77426df5407d2",
			"parentId": "I59618248558885810tCKmPz",
			"slotId": "main",
			"location": {
				"x": 0,
				"y": 2,
				"r": "Horizontal"
			}
		},
		{
			"_id": "I596182458095092992zsg1o",
			"_tpl": "57513fcc24597720a31c09a6",
			"parentId": "I59618248558885810tCKmPz",
			"slotId": "main",
			"location": {
				"x": 1,
				"y": 0,
				"r": "Horizontal"
			}
		},
		{
			"_id": "I59618244722007996TewzFa",
			"_tpl": "5672cb304bdc2dc2088b456a",
			"parentId": "I59618248558885810tCKmPz",
			"slotId": "main",
			"location": {
				"x": 1,
				"y": 2,
				"r": "Horizontal"
			}
		},
		{
			"_id": "I59618248578845553QBDJRf",
			"_tpl": "57347d5f245977448b40fa81",
			"parentId": "I59618248558885810tCKmPz",
			"slotId": "main",
			"location": {
				"x": 2,
				"y": 0,
				"r": "Horizontal"
			}
		},
		{
			"_id": "I59618241864783026dhR1XD",
			"_tpl": "544fb25a4bdc2dfb738b4567",
			"parentId": "I59618248558885810tCKmPz",
			"slotId": "main",
			"location": {
				"x": 2,
				"y": 1,
				"r": "Horizontal"
			}
		},
		{
			"_id": "I59618247209437228ow4B3o",
			"_tpl": "5d40412b86f7743cb332ac3a",
			"parentId": "I59618248558885810tCKmPz",
			"slotId": "main",
			"location": {
				"x": 3,
				"y": 0,
				"r": "Horizontal"
			}
		},
		{
			"_id": "I59618242171318738U7OpIu",
			"_tpl": "590c31c586f774245e3141b2",
			"parentId": "I59618248558885810tCKmPz",
			"slotId": "main",
			"location": {
				"x": 2,
				"y": 2,
				"r": "Horizontal"
			}
		},
		{
			"_id": "I596182449740723831uWh1H",
			"_tpl": "5e2af2bc86f7746d3f3c33fc",
			"parentId": "I59618248558885810tCKmPz",
			"slotId": "main",
			"location": {
				"x": 3,
				"y": 2,
				"r": "Horizontal"
			}
		},
		{
			"_id": "I59618241474405577SklOBS",
			"_tpl": "5ab8e4ed86f7742d8e50c7fa",
			"parentId": "5c6687d65e9d882c8841f0fd",
			"slotId": "ArmorVest",
			"upd": {
				"Repairable": {
					"MaxDurability": 50,
					"Durability": 45
				}
			}
		}
	],
	"equipment": "5c6687d65e9d882c8841f0fd",
	"stash": "5c6687d65e9d882c8841f0fc",
	"questRaidItems": "5c6687d65e9d882c8841f0fe",
	"questStashItems": "5c6687d65e9d882c8841f0ff",
	"fastPanel": {}
}