{
	"items": [
		{
			"_id": "5c6687d65e9d882c8841f0fd",
			"_tpl": "55d7217a4bdc2d86028b456d"
		},
		{
			"_id": "5c6687d65e9d882c8841f121",
			"_tpl": "557ffd194bdc2d28148b457f",
			"parentId": "5c6687d65e9d882c8841f0fd",
			"slotId": "Pockets"
		},
		{
			"_id": "5c6687d65e9d882c8841f0fc",
			"_tpl": "566abbc34bdc2d92178b4576"
		},
		{
			"_id": "5c6687d65e9d882c8841f0ff",
			"_tpl": "5963866b86f7747bfa1c4462"
		},
		{
			"_id": "5c6687d65e9d882c8841f0fe",
			"_tpl": "5963866286f7747bf429b572"
		},
		{
			"_id": "I59618249144391275xD4Noq",
			"_tpl": "5df8a42886f77412640e2e75",
			"parentId": "5c6687d65e9d882c8841f0fd",
			"slotId": "TacticalVest"
		},
		{
			"_id": "I21005151967199490JSvBCm",
			"_tpl": "59e6687d86f77411d949b251",
			"parentId": "5c6687d65e9d882c8841f0fd",
			"slotId": "FirstPrimaryWeapon",
			"upd": {
				"Repairable": {
					"MaxDurability": 100,
					"Durability": 72
				}
			}
		},
		{
			"_id": "I21005153516478352Ihye2k",
			"_tpl": "59e649f986f77411d949b246",
			"parentId": "I21005151967199490JSvBCm",
			"slotId": "mod_gas_block"
		},
		{
			"_id": "I21005154236994071r1p45D",
			"_tpl": "59e8a00d86f7742ad93b569c",
			"parentId": "I21005151967199490JSvBCm",
			"slotId": "mod_muzzle"
		},
		{
			"_id": "I21005151920446131av6Lrx",
			"_tpl": "59e6318286f77444dd62c4cc",
			"parentId": "I21005151967199490JSvBCm",
			"slotId": "mod_pistol_grip"
		},
		{
			"_id": "I21005152475577928328yUb",
			"_tpl": "59e6449086f7746c9f75e822",
			"parentId": "I21005151967199490JSvBCm",
			"slotId": "mod_reciever"
		},
		{
			"_id": "I21005154864426870IkrnR5",
			"_tpl": "59e8977386f77415a553c453",
			"parentId": "I21005151967199490JSvBCm",
			"slotId": "mod_sight_rear",
			"upd": {
				"Sight": {
					"SelectedSightMode": 0
				}
			}
		},
		{
			"_id": "I21005152582447032WNy9hG",
			"_tpl": "59e89d0986f77427600d226e",
			"parentId": "I21005151967199490JSvBCm",
			"slotId": "mod_stock"
		},
		{
			"_id": "I59618245773800684VZcesC",
			"_tpl": "5a0060fc86f7745793204432",
			"parentId": "I21005151967199490JSvBCm",
			"slotId": "mod_magazine"
		},
		{
			"_id": "I59618242291531497a5QOe7",
			"_tpl": "59e6658b86f77411d949b250",
			"parentId": "I59618245773800684VZcesC",
			"slotId": "cartridges",
			"upd": {
				"StackObjectsCount": 30
			}
		},
		{
			"_id": "I21005159447480616c29Fc2",
			"_tpl": "59e898ee86f77427614bd225",
			"parentId": "I21005153516478352Ihye2k",
			"slotId": "mod_handguard"
		},
		{
			"_id": "I59618249455228183iM4KQe",
			"_tpl": "5857a8bc2459772bad15db29",
			"parentId": "5c6687d65e9d882c8841f0fd",
			"slotId": "SecuredContainer"
		},
		{
			"_id": "I59618249084472350XLNUNy",
			"_tpl": "59e6658b86f77411d949b250",
			"parentId": "I59618249455228183iM4KQe",
			"slotId": "main",
			"upd": {
				"StackObjectsCount": 60
			}
		},
		{
			"_id": "I59618244445986071gyhUe8",
			"_tpl": "59e6542b86f77411dc52a77a",
			"parentId": "I59618249455228183iM4KQe",
			"slotId": "main",
			"upd": {
				"StackObjectsCount": 60
			}
		},
		{
			"_id": "I59618245297146485dKxsn0",
			"_tpl": "59e655cb86f77411dc52a77b",
			"parentId": "I59618249455228183iM4KQe",
			"slotId": "main",
			"upd": {
				"StackObjectsCount": 60
			}
		},
		{
			"_id": "I596182476069457967NCcXw",
			"_tpl": "59e6658b86f77411d949b250",
			"parentId": "I59618249455228183iM4KQe",
			"slotId": "main",
			"upd": {
				"StackObjectsCount": 60
			}
		},
		{
			"_id": "I59618244284365682NxFIJ1",
			"_tpl": "59e655cb86f77411dc52a77b",
			"parentId": "I59618249455228183iM4KQe",
			"slotId": "main",
			"upd": {
				"StackObjectsCount": 60
			}
		},
		{
			"_id": "I596182451855384212eXe2Q",
			"_tpl": "59e655cb86f77411dc52a77b",
			"parentId": "I59618249455228183iM4KQe",
			"slotId": "main",
			"upd": {
				"StackObjectsCount": 60
			}
		},
		{
			"_id": "I59618247445009881KH4kr4",
			"_tpl": "59e6542b86f77411dc52a77a",
			"parentId": "I59618249455228183iM4KQe",
			"slotId": "main",
			"upd": {
				"StackObjectsCount": 60
			}
		},
		{
			"_id": "I59618249025596100cVI3HL",
			"_tpl": "59e6658b86f77411d949b250",
			"parentId": "I59618249455228183iM4KQe",
			"slotId": "main",
			"upd": {
				"StackObjectsCount": 60
			}
		},
		{
			"_id": "I59618245552380941EFtrbX",
			"_tpl": "59e655cb86f77411dc52a77b",
			"parentId": "I59618249455228183iM4KQe",
			"slotId": "main",
			"upd": {
				"StackObjectsCount": 60
			}
		},
		{
			"_id": "I59618246181367049gkN7Dq",
			"_tpl": "544fb25a4bdc2dfb738b4567",
			"parentId": "I59618249144391275xD4Noq",
			"slotId": "1"
		},
		{
			"_id": "I59618241863763094C3jVuh",
			"_tpl": "5cfe8010d7ad1a59283b14c6",
			"parentId": "I59618249144391275xD4Noq",
			"slotId": "2",
			"location": {
				"x": 0,
				"y": 0,
				"r": "Horizontal"
			}
		},
		{
			"_id": "I59618241010879363NUNEyh",
			"_tpl": "59e655cb86f77411dc52a77b",
			"parentId": "I59618241863763094C3jVuh",
			"slotId": "cartridges",
			"upd": {
				"StackObjectsCount": 50
			}
		},
		{
			"_id": "I59618241125577085tNlP94",
			"_tpl": "5cfe8010d7ad1a59283b14c6",
			"parentId": "I59618249144391275xD4Noq",
			"slotId": "4",
			"location": {
				"x": 0,
				"y": 0,
				"r": "Horizontal"
			}
		},
		{
			"_id": "I59618241387464527yrcinj",
			"_tpl": "59e6542b86f77411dc52a77a",
			"parentId": "I59618241125577085tNlP94",
			"slotId": "cartridges",
			"upd": {
				"StackObjectsCount": 50
			}
		},
		{
			"_id": "I59618241359711036zCrcEQ",
			"_tpl": "5cfe8010d7ad1a59283b14c6",
			"parentId": "I59618249144391275xD4Noq",
			"slotId": "6",
			"location": {
				"x": 0,
				"y": 0,
				"r": "Horizontal"
			}
		},
		{
			"_id": "I59618242784209072DwvsRr",
			"_tpl": "59e6542b86f77411dc52a77a",
			"parentId": "I59618241359711036zCrcEQ",
			"slotId": "cartridges",
			"upd": {
				"StackObjectsCount": 50
			}
		},
		{
			"_id": "I59618241234950957R4ETCd",
			"_tpl": "5cfe8010d7ad1a59283b14c6",
			"parentId": "I59618249144391275xD4Noq",
			"slotId": "8",
			"location": {
				"x": 0,
				"y": 0,
				"r": "Horizontal"
			}
		},
		{
			"_id": "I59618248607836580R8Tyyi",
			"_tpl": "59e6542b86f77411dc52a77a",
			"parentId": "I59618241234950957R4ETCd",
			"slotId": "cartridges",
			"upd": {
				"StackObjectsCount": 50
			}
		},
		{
			"_id": "I59618242380952150HmFYQG",
			"_tpl": "5cfe8010d7ad1a59283b14c6",
			"parentId": "I59618249144391275xD4Noq",
			"slotId": "12",
			"location": {
				"x": 0,
				"y": 0,
				"r": "Horizontal"
			}
		},
		{
			"_id": "I59618249983699278dmnPfg",
			"_tpl": "59e6658b86f77411d949b250",
			"parentId": "I59618242380952150HmFYQG",
			"slotId": "cartridges",
			"upd": {
				"StackObjectsCount": 50
			}
		},
		{
			"_id": "I59618244742546089EpvORx",
			"_tpl": "5a0c27731526d80618476ac4",
			"parentId": "I59618249144391275xD4Noq",
			"slotId": "14"
		},
		{
			"_id": "I59618243737406560pNDrmh",
			"_tpl": "5bffdc370db834001d23eca8",
			"parentId": "5c6687d65e9d882c8841f0fd",
			"slotId": "Scabbard"
		},
		{
			"_id": "I59618243032864975ZHctG2",
			"_tpl": "5b432be65acfc433000ed01f",
			"parentId": "5c6687d65e9d882c8841f0fd",
			"slotId": "Eyewear"
		},
		{
			"_id": "I59618246508736721f0ZCEH",
			"_tpl": "5b4326435acfc433000ed01d",
			"parentId": "5c6687d65e9d882c8841f0fd",
			"slotId": "FaceCover"
		},
		{
			"_id": "I59618245648763686pMrXh8",
			"_tpl": "5ab8ee7786f7742d8f33f0b9",
			"parentId": "5c6687d65e9d882c8841f0fd",
			"slotId": "Backpack"
		},
		{
			"_id": "I59618247460830417MkHtrc",
			"_tpl": "544fb25a4bdc2dfb738b4567",
			"parentId": "I59618245648763686pMrXh8",
			"slotId": "main",
			"location": {
				"x": 0,
				"y": 0,
				"r": "Horizontal"
			}
		},
		{
			"_id": "I59618242372741346glew9o",
			"_tpl": "5a7c74b3e899ef0014332c29",
			"parentId": "I59618245648763686pMrXh8",
			"slotId": "main",
			"location": {
				"x": 0,
				"y": 1,
				"r": "Horizontal"
			}
		},
		{
			"_id": "I59618248251607249ShP7tG",
			"_tpl": "5780cf692459777de4559321",
			"parentId": "I59618245648763686pMrXh8",
			"slotId": "main",
			"location": {
				"x": 1,
				"y": 0,
				"r": "Horizontal"
			}
		},
		{
			"_id": "I59618248003640253L6VVjD",
			"_tpl": "5c06779c86f77426e00dd782",
			"parentId": "I59618245648763686pMrXh8",
			"slotId": "main",
			"location": {
				"x": 2,
				"y": 0,
				"r": "Horizontal"
			}
		},
		{
			"_id": "I59618247331515657Vlw5mF",
			"_tpl": "59e35ef086f7741777737012",
			"parentId": "I59618245648763686pMrXh8",
			"slotId": "main",
			"location": {
				"x": 2,
				"y": 1,
				"r": "Horizontal"
			}
		},
		{
			"_id": "I59618241901948047mGl2BT",
			"_tpl": "59e3577886f774176a362503",
			"parentId": "I59618245648763686pMrXh8",
			"slotId": "main",
			"location": {
				"x": 3,
				"y": 0,
				"r": "Horizontal"
			}
		},
		{
			"_id": "I59618243650689820QWk8hY",
			"_tpl": "5ab8e79e86f7742d8b372e78",
			"parentId": "5c6687d65e9d882c8841f0fd",
			"slotId": "ArmorVest",
			"upd": {
				"Repairable": {
					"MaxDurability": 65,
					"Durability": 0
				}
			}
		},
		{
			"_id": "I59618243996570498ECpHyu",
			"_tpl": "5913611c86f77479e0084092",
			"parentId": "5c6687d65e9d882c8841f121",
			"slotId": "pocket1",
			"location": {
				"x": 0,
				"y": 0,
				"r": "Horizontal"
			},
			"upd": {
				"SpawnedInSession": true
			}
		},
		{
			"_id": "I59618242427567980EnNv78",
			"_tpl": "5734795124597738002c6176",
			"parentId": "5c6687d65e9d882c8841f121",
			"slotId": "pocket2",
			"location": {
				"x": 0,
				"y": 0,
				"r": "Horizontal"
			},
			"upd": {
				"SpawnedInSession": true
			}
		},
		{
			"_id": "I59618242104577836x1rJMK",
			"_tpl": "5ad5d7d286f77450166e0a89",
			"parentId": "5c6687d65e9d882c8841f121",
			"slotId": "pocket3",
			"location": {
				"x": 0,
				"y": 0,
				"r": "Horizontal"
			},
			"upd": {
				"SpawnedInSession": true
			}
		}
	],
	"equipment": "5c6687d65e9d882c8841f0fd",
	"stash": "5c6687d65e9d882c8841f0fc",
	"questRaidItems": "5c6687d65e9d882c8841f0fe",
	"questStashItems": "5c6687d65e9d882c8841f0ff",
	"fastPanel": {}
}