{
	"items": [
		{
			"_id": "5c6687d65e9d882c8841f0fd",
			"_tpl": "55d7217a4bdc2d86028b456d"
		},
		{
			"_id": "5c6687d65e9d882c8841f121",
			"_tpl": "557ffd194bdc2d28148b457f",
			"parentId": "5c6687d65e9d882c8841f0fd",
			"slotId": "Pockets"
		},
		{
			"_id": "5c6687d65e9d882c8841f0fc",
			"_tpl": "566abbc34bdc2d92178b4576"
		},
		{
			"_id": "5c6687d65e9d882c8841f0ff",
			"_tpl": "5963866b86f7747bfa1c4462"
		},
		{
			"_id": "5c6687d65e9d882c8841f0fe",
			"_tpl": "5963866286f7747bf429b572"
		},
		{
			"_id": "I59618242362862466eQNp7S",
			"_tpl": "5e4abfed86f77406a2713cf7",
			"parentId": "5c6687d65e9d882c8841f0fd",
			"slotId": "TacticalVest"
		},
		{
			"_id": "I21005559542953025dSHe9B",
			"_tpl": "5a38e6bac4a2826c6e06d79b",
			"parentId": "5c6687d65e9d882c8841f0fd",
			"slotId": "FirstPrimaryWeapon",
			"upd": {
				"Repairable": {
					"MaxDurability": 100,
					"Durability": 56
				}
			}
		},
		{
			"_id": "I59618249759825358gJeO03",
			"_tpl": "5a38ee51c4a282000c5a955c",
			"parentId": "I21005559542953025dSHe9B",
			"slotId": "mod_magazine"
		},
		{
			"_id": "I5961824605093291447hc05",
			"_tpl": "5d6e69c7a4b9360b6c0d54e4",
			"parentId": "I59618249759825358gJeO03",
			"slotId": "cartridges",
			"upd": {
				"StackObjectsCount": 2
			}
		},
		{
			"_id": "I21005559534914848ofvJs5",
			"_tpl": "5adf23995acfc400185c2aeb",
			"parentId": "I21005559542953025dSHe9B",
			"slotId": "mod_stock"
		},
		{
			"_id": "I59618248968869184RsDJoP",
			"_tpl": "5857a8bc2459772bad15db29",
			"parentId": "5c6687d65e9d882c8841f0fd",
			"slotId": "SecuredContainer"
		},
		{
			"_id": "I59618247641077029Q92Tyt",
			"_tpl": "5d6e6a5fa4b93614ec501745",
			"parentId": "I59618248968869184RsDJoP",
			"slotId": "main",
			"upd": {
				"StackObjectsCount": 60
			}
		},
		{
			"_id": "I59618245771027577MxPPfH",
			"_tpl": "5d6e695fa4b936359b35d852",
			"parentId": "I59618248968869184RsDJoP",
			"slotId": "main",
			"upd": {
				"StackObjectsCount": 60
			}
		},
		{
			"_id": "I59618245054875235uaM48h",
			"_tpl": "5d6e6a42a4b9364f07165f52",
			"parentId": "I59618248968869184RsDJoP",
			"slotId": "main",
			"upd": {
				"StackObjectsCount": 60
			}
		},
		{
			"_id": "I59618247949254036dxhgK0",
			"_tpl": "5d6e69c7a4b9360b6c0d54e4",
			"parentId": "I59618248968869184RsDJoP",
			"slotId": "main",
			"upd": {
				"StackObjectsCount": 60
			}
		},
		{
			"_id": "I59618242778253719l4kD2U",
			"_tpl": "5d6e69c7a4b9360b6c0d54e4",
			"parentId": "I59618248968869184RsDJoP",
			"slotId": "main",
			"upd": {
				"StackObjectsCount": 60
			}
		},
		{
			"_id": "I59618246595110277lkAY8L",
			"_tpl": "5a38ebd9c4a282000d722a5b",
			"parentId": "I59618248968869184RsDJoP",
			"slotId": "main",
			"upd": {
				"StackObjectsCount": 60
			}
		},
		{
			"_id": "I59618246618015920Bfln05",
			"_tpl": "5d6e6a05a4b93618084f58d0",
			"parentId": "I59618248968869184RsDJoP",
			"slotId": "main",
			"upd": {
				"StackObjectsCount": 60
			}
		},
		{
			"_id": "I59618244977283715ReUN9X",
			"_tpl": "5d6e6a5fa4b93614ec501745",
			"parentId": "I59618248968869184RsDJoP",
			"slotId": "main",
			"upd": {
				"StackObjectsCount": 60
			}
		},
		{
			"_id": "I596182423641493875poC8A",
			"_tpl": "5d6e695fa4b936359b35d852",
			"parentId": "I59618248968869184RsDJoP",
			"slotId": "main",
			"upd": {
				"StackObjectsCount": 60
			}
		},
		{
			"_id": "I59618248087955542QpQcAW",
			"_tpl": "5c6161fb2e221600113fbde5",
			"parentId": "I59618242362862466eQNp7S",
			"slotId": "1",
			"location": {
				"x": 0,
				"y": 1,
				"r": "Horizontal"
			}
		},
		{
			"_id": "I596182489569079312SRzzy",
			"_tpl": "5d6e69c7a4b9360b6c0d54e4",
			"parentId": "I59618248087955542QpQcAW",
			"slotId": "cartridges",
			"upd": {
				"StackObjectsCount": 5
			}
		},
		{
			"_id": "I596182480521771475g8Znf",
			"_tpl": "5c6161fb2e221600113fbde5",
			"parentId": "I59618242362862466eQNp7S",
			"slotId": "3",
			"location": {
				"x": 0,
				"y": 0,
				"r": "Horizontal"
			}
		},
		{
			"_id": "I59618247205000433DbYHVA",
			"_tpl": "5d6e6a05a4b93618084f58d0",
			"parentId": "I596182480521771475g8Znf",
			"slotId": "cartridges",
			"upd": {
				"StackObjectsCount": 5
			}
		},
		{
			"_id": "I59618245784348966H9i38M",
			"_tpl": "5c6161fb2e221600113fbde5",
			"parentId": "I59618242362862466eQNp7S",
			"slotId": "3",
			"location": {
				"x": 0,
				"y": 1,
				"r": "Horizontal"
			}
		},
		{
			"_id": "I59618249973287565QGICzS",
			"_tpl": "5d6e6a5fa4b93614ec501745",
			"parentId": "I59618245784348966H9i38M",
			"slotId": "cartridges",
			"upd": {
				"StackObjectsCount": 5
			}
		},
		{
			"_id": "I59618245925479809h6t0zv",
			"_tpl": "5a0c27731526d80618476ac4",
			"parentId": "I59618242362862466eQNp7S",
			"slotId": "8"
		},
		{
			"_id": "I59618241379494100wkOMh4",
			"_tpl": "5bffdc370db834001d23eca8",
			"parentId": "5c6687d65e9d882c8841f0fd",
			"slotId": "Scabbard"
		},
		{
			"_id": "I59618242732415279VILxM5",
			"_tpl": "5aa2b8d7e5b5b00014028f4a",
			"parentId": "5c6687d65e9d882c8841f0fd",
			"slotId": "Headwear"
		},
		{
			"_id": "I59618244309850917t7HkL3",
			"_tpl": "572b7f1624597762ae139822",
			"parentId": "5c6687d65e9d882c8841f0fd",
			"slotId": "FaceCover"
		},
		{
			"_id": "I59618248692988905OYsFgB",
			"_tpl": "5914578086f774123569ffa4",
			"parentId": "5c6687d65e9d882c8841f121",
			"slotId": "pocket1",
			"location": {
				"x": 0,
				"y": 0,
				"r": "Horizontal"
			},
			"upd": {
				"SpawnedInSession": true
			}
		}
	],
	"equipment": "5c6687d65e9d882c8841f0fd",
	"stash": "5c6687d65e9d882c8841f0fc",
	"questRaidItems": "5c6687d65e9d882c8841f0fe",
	"questStashItems": "5c6687d65e9d882c8841f0ff",
	"fastPanel": {}
}