{
	"items": [
		{
			"_id": "5c6687d65e9d882c8841f0fd",
			"_tpl": "55d7217a4bdc2d86028b456d"
		},
		{
			"_id": "5c6687d65e9d882c8841f121",
			"_tpl": "557ffd194bdc2d28148b457f",
			"parentId": "5c6687d65e9d882c8841f0fd",
			"slotId": "Pockets"
		},
		{
			"_id": "5c6687d65e9d882c8841f0fc",
			"_tpl": "566abbc34bdc2d92178b4576"
		},
		{
			"_id": "5c6687d65e9d882c8841f0ff",
			"_tpl": "5963866b86f7747bfa1c4462"
		},
		{
			"_id": "5c6687d65e9d882c8841f0fe",
			"_tpl": "5963866286f7747bf429b572"
		},
		{
			"_id": "I59618243293306445dAsmFL",
			"_tpl": "5c0e3eb886f7742015526062",
			"parentId": "5c6687d65e9d882c8841f0fd",
			"slotId": "TacticalVest"
		},
		{
			"_id": "I21007377679498034n79kNv",
			"_tpl": "5839a40f24597726f856b511",
			"parentId": "5c6687d65e9d882c8841f0fd",
			"slotId": "FirstPrimaryWeapon",
			"upd": {
				"Repairable": {
					"MaxDurability": 100,
					"Durability": 52
				}
			}
		},
		{
			"_id": "I21007374758655233HjhvBo",
			"_tpl": "5649ad3f4bdc2df8348b4585",
			"parentId": "I21007377679498034n79kNv",
			"slotId": "mod_pistol_grip"
		},
		{
			"_id": "I21007377301046558Ji3FUj",
			"_tpl": "57dc347d245977596754e7a1",
			"parentId": "I21007377679498034n79kNv",
			"slotId": "mod_stock"
		},
		{
			"_id": "I59618241735214755Cf4es5",
			"_tpl": "55d4837c4bdc2d1d4e8b456c",
			"parentId": "I21007377679498034n79kNv",
			"slotId": "mod_magazine"
		},
		{
			"_id": "I5961824668311165082feXk",
			"_tpl": "56dfef82d2720bbd668b4567",
			"parentId": "I59618241735214755Cf4es5",
			"slotId": "cartridges",
			"upd": {
				"StackObjectsCount": 10
			}
		},
		{
			"_id": "I21007373196457413QW9rE6",
			"_tpl": "57ffb0e42459777d047111c5",
			"parentId": "I21007377679498034n79kNv",
			"slotId": "mod_muzzle"
		},
		{
			"_id": "I21007377542042286lGQ2TW",
			"_tpl": "5839a7742459773cf9693481",
			"parentId": "I21007377679498034n79kNv",
			"slotId": "mod_reciever"
		},
		{
			"_id": "I21007375819551855lMybX7",
			"_tpl": "59d36a0086f7747e673f3946",
			"parentId": "I21007377679498034n79kNv",
			"slotId": "mod_gas_block"
		},
		{
			"_id": "I21007375105939377PEkBo6",
			"_tpl": "56dfef82d2720bbd668b4567",
			"parentId": "I21007372692259249syNkBg",
			"slotId": "cartridges",
			"location": 0,
			"upd": {
				"StackObjectsCount": 30
			}
		},
		{
			"_id": "I210073798393159771k4CTD",
			"_tpl": "57dc32dc245977596d4ef3d3",
			"parentId": "I21007375819551855lMybX7",
			"slotId": "mod_handguard"
		},
		{
			"_id": "I59618247035852343l2YtqA",
			"_tpl": "5857a8bc2459772bad15db29",
			"parentId": "5c6687d65e9d882c8841f0fd",
			"slotId": "SecuredContainer"
		},
		{
			"_id": "I59618249387671137TyaSJr",
			"_tpl": "56dff421d2720b5f5a8b4567",
			"parentId": "I59618247035852343l2YtqA",
			"slotId": "main",
			"upd": {
				"StackObjectsCount": 60
			}
		},
		{
			"_id": "I596182493103551386kbecM",
			"_tpl": "56dff026d2720bb8668b4567",
			"parentId": "I59618247035852343l2YtqA",
			"slotId": "main",
			"upd": {
				"StackObjectsCount": 60
			}
		},
		{
			"_id": "I59618245469770179p7mevU",
			"_tpl": "56dff2ced2720bb4668b4567",
			"parentId": "I59618247035852343l2YtqA",
			"slotId": "main",
			"upd": {
				"StackObjectsCount": 60
			}
		},
		{
			"_id": "I59618242092251435tqCsgF",
			"_tpl": "56dff216d2720bbd668b4568",
			"parentId": "I59618247035852343l2YtqA",
			"slotId": "main",
			"upd": {
				"StackObjectsCount": 60
			}
		},
		{
			"_id": "I59618242935107014aMBOYf",
			"_tpl": "56dff0bed2720bb0668b4567",
			"parentId": "I59618247035852343l2YtqA",
			"slotId": "main",
			"upd": {
				"StackObjectsCount": 60
			}
		},
		{
			"_id": "I59618241576832689rBmJW6",
			"_tpl": "56dff338d2720bbd668b4569",
			"parentId": "I59618247035852343l2YtqA",
			"slotId": "main",
			"upd": {
				"StackObjectsCount": 60
			}
		},
		{
			"_id": "I596182444368929866JBpUT",
			"_tpl": "56dff4ecd2720b5f5a8b4568",
			"parentId": "I59618247035852343l2YtqA",
			"slotId": "main",
			"upd": {
				"StackObjectsCount": 60
			}
		},
		{
			"_id": "I59618247550661381PW0qJ1",
			"_tpl": "5c0d5e4486f77478390952fe",
			"parentId": "I59618247035852343l2YtqA",
			"slotId": "main",
			"upd": {
				"StackObjectsCount": 60
			}
		},
		{
			"_id": "I59618245027100533JLkZPc",
			"_tpl": "5c0d5e4486f77478390952fe",
			"parentId": "I59618247035852343l2YtqA",
			"slotId": "main",
			"upd": {
				"StackObjectsCount": 60
			}
		},
		{
			"_id": "I596182479900148988aDcxO",
			"_tpl": "55d4837c4bdc2d1d4e8b456c",
			"parentId": "I59618243293306445dAsmFL",
			"slotId": "1",
			"location": {
				"x": 0,
				"y": 1,
				"r": "Horizontal"
			}
		},
		{
			"_id": "I59618245596625446WUIlAx",
			"_tpl": "56dff2ced2720bb4668b4567",
			"parentId": "I596182479900148988aDcxO",
			"slotId": "cartridges",
			"upd": {
				"StackObjectsCount": 10
			}
		},
		{
			"_id": "I59618244715047102Twu5zN",
			"_tpl": "55d4837c4bdc2d1d4e8b456c",
			"parentId": "I59618243293306445dAsmFL",
			"slotId": "3",
			"location": {
				"x": 0,
				"y": 0,
				"r": "Horizontal"
			}
		},
		{
			"_id": "I59618243620910506DcGqUx",
			"_tpl": "56dff0bed2720bb0668b4567",
			"parentId": "I59618244715047102Twu5zN",
			"slotId": "cartridges",
			"upd": {
				"StackObjectsCount": 10
			}
		},
		{
			"_id": "I59618243251094859eg0JWg",
			"_tpl": "55d4837c4bdc2d1d4e8b456c",
			"parentId": "I59618243293306445dAsmFL",
			"slotId": "3",
			"location": {
				"x": 0,
				"y": 1,
				"r": "Horizontal"
			}
		},
		{
			"_id": "I59618247250813457cDPExl",
			"_tpl": "56dff2ced2720bb4668b4567",
			"parentId": "I59618243251094859eg0JWg",
			"slotId": "cartridges",
			"upd": {
				"StackObjectsCount": 10
			}
		},
		{
			"_id": "I59618248539035917lZ1top",
			"_tpl": "56dff4a2d2720bbd668b456a",
			"parentId": "I59618243293306445dAsmFL",
			"slotId": "5",
			"upd": {
				"StackObjectsCount": 21
			}
		},
		{
			"_id": "I59618243266366402paaMR9",
			"_tpl": "54491bb74bdc2d09088b4567",
			"parentId": "5c6687d65e9d882c8841f0fd",
			"slotId": "Scabbard"
		},
		{
			"_id": "I59618245070940337NtvxUX",
			"_tpl": "5aa2a7e8e5b5b00016327c16",
			"parentId": "5c6687d65e9d882c8841f0fd",
			"slotId": "Headwear"
		},
		{
			"_id": "I59618244875195192o33SRs",
			"_tpl": "5c1a1cc52e221602b3136e3d",
			"parentId": "5c6687d65e9d882c8841f0fd",
			"slotId": "Eyewear"
		},
		{
			"_id": "I596182456502607691Ci7Um",
			"_tpl": "5bd0716d86f774171822ef4b",
			"parentId": "5c6687d65e9d882c8841f0fd",
			"slotId": "FaceCover"
		},
		{
			"_id": "I59618245478616522owbREd",
			"_tpl": "5ab8e79e86f7742d8b372e78",
			"parentId": "5c6687d65e9d882c8841f0fd",
			"slotId": "ArmorVest",
			"upd": {
				"Repairable": {
					"MaxDurability": 65,
					"Durability": 21
				}
			}
		},
		{
			"_id": "I59618244765701998ry7vY2",
			"_tpl": "5751a89d24597722aa0e8db0",
			"parentId": "5c6687d65e9d882c8841f121",
			"slotId": "pocket1",
			"location": {
				"x": 0,
				"y": 0,
				"r": "Horizontal"
			},
			"upd": {
				"SpawnedInSession": true
			}
		}
	],
	"equipment": "5c6687d65e9d882c8841f0fd",
	"stash": "5c6687d65e9d882c8841f0fc",
	"questRaidItems": "5c6687d65e9d882c8841f0fe",
	"questStashItems": "5c6687d65e9d882c8841f0ff",
	"fastPanel": {}
}