{
	"items": [
		{
			"_id": "5c6687d65e9d882c8841f0fd",
			"_tpl": "55d7217a4bdc2d86028b456d"
		},
		{
			"_id": "5c6687d65e9d882c8841f121",
			"_tpl": "557ffd194bdc2d28148b457f",
			"parentId": "5c6687d65e9d882c8841f0fd",
			"slotId": "Pockets"
		},
		{
			"_id": "5c6687d65e9d882c8841f0fc",
			"_tpl": "566abbc34bdc2d92178b4576"
		},
		{
			"_id": "5c6687d65e9d882c8841f0ff",
			"_tpl": "5963866b86f7747bfa1c4462"
		},
		{
			"_id": "5c6687d65e9d882c8841f0fe",
			"_tpl": "5963866286f7747bf429b572"
		},
		{
			"_id": "I59618245513118292Ru5oxl",
			"_tpl": "5d5d8ca986f7742798716522",
			"parentId": "5c6687d65e9d882c8841f0fd",
			"slotId": "TacticalVest"
		},
		{
			"_id": "I331036255792197915oMwTa",
			"_tpl": "59f9cabd86f7743a10721f46",
			"parentId": "5c6687d65e9d882c8841f0fd",
			"slotId": "FirstPrimaryWeapon",
			"upd": {
				"Repairable": {
					"MaxDurability": 100,
					"Durability": 51
				}
			}
		},
		{
			"_id": "I33103627174161435JEgCDb",
			"_tpl": "5998517986f7746017232f7e",
			"parentId": "I331036255792197915oMwTa",
			"slotId": "mod_pistol_grip"
		},
		{
			"_id": "I596182468636309471WvSTb",
			"_tpl": "5998529a86f774647f44f421",
			"parentId": "I331036255792197915oMwTa",
			"slotId": "mod_magazine"
		},
		{
			"_id": "I59618245286054434Y1Z8k3",
			"_tpl": "58864a4f2459770fcc257101",
			"parentId": "I596182468636309471WvSTb",
			"slotId": "cartridges",
			"upd": {
				"StackObjectsCount": 10
			}
		},
		{
			"_id": "I33103629372271550kdxFRH",
			"_tpl": "5998598e86f7740b3f498a86",
			"parentId": "I331036255792197915oMwTa",
			"slotId": "mod_muzzle"
		},
		{
			"_id": "I33103621995555808ha4dJT",
			"_tpl": "59985a8086f77414ec448d1a",
			"parentId": "I331036255792197915oMwTa",
			"slotId": "mod_reciever"
		},
		{
			"_id": "I33103623367074381PupKPH",
			"_tpl": "599860e986f7743bb57573a6",
			"parentId": "I331036255792197915oMwTa",
			"slotId": "mod_sight_rear",
			"upd": {
				"Sight": {
					"SelectedSightMode": 0
				}
			}
		},
		{
			"_id": "I33103628123696719ief5CG",
			"_tpl": "59ccd11386f77428f24a488f",
			"parentId": "I331036255792197915oMwTa",
			"slotId": "mod_gas_block"
		},
		{
			"_id": "I33103624958032192nHCcd6",
			"_tpl": "5648b1504bdc2d9d488b4584",
			"parentId": "I33103628123696719ief5CG",
			"slotId": "mod_handguard"
		},
		{
			"_id": "I596182439160628071YZ1DX",
			"_tpl": "5857a8bc2459772bad15db29",
			"parentId": "5c6687d65e9d882c8841f0fd",
			"slotId": "SecuredContainer"
		},
		{
			"_id": "I59618248950985290RiGTLG",
			"_tpl": "5c0d56a986f774449d5de529",
			"parentId": "I596182439160628071YZ1DX",
			"slotId": "main",
			"upd": {
				"StackObjectsCount": 60
			}
		},
		{
			"_id": "I59618245392401775GYbzvg",
			"_tpl": "58864a4f2459770fcc257101",
			"parentId": "I596182439160628071YZ1DX",
			"slotId": "main",
			"upd": {
				"StackObjectsCount": 60
			}
		},
		{
			"_id": "I59618248265686673jyTFJg",
			"_tpl": "5c925fa22e221601da359b7b",
			"parentId": "I596182439160628071YZ1DX",
			"slotId": "main",
			"upd": {
				"StackObjectsCount": 60
			}
		},
		{
			"_id": "I5961824918681243089LOsL",
			"_tpl": "58864a4f2459770fcc257101",
			"parentId": "I596182439160628071YZ1DX",
			"slotId": "main",
			"upd": {
				"StackObjectsCount": 60
			}
		},
		{
			"_id": "I596182445855075656WLOnn",
			"_tpl": "5c3df7d588a4501f290594e5",
			"parentId": "I596182439160628071YZ1DX",
			"slotId": "main",
			"upd": {
				"StackObjectsCount": 60
			}
		},
		{
			"_id": "I59618243872820980nxtHk5",
			"_tpl": "5a3c16fe86f77452b62de32a",
			"parentId": "I596182439160628071YZ1DX",
			"slotId": "main",
			"upd": {
				"StackObjectsCount": 60
			}
		},
		{
			"_id": "I59618246353238577g6sQsz",
			"_tpl": "5c925fa22e221601da359b7b",
			"parentId": "I596182439160628071YZ1DX",
			"slotId": "main",
			"upd": {
				"StackObjectsCount": 60
			}
		},
		{
			"_id": "I59618248463316723bdc81O",
			"_tpl": "56d59d3ad2720bdb418b4577",
			"parentId": "I596182439160628071YZ1DX",
			"slotId": "main",
			"upd": {
				"StackObjectsCount": 60
			}
		},
		{
			"_id": "I59618243484563060NLWO1N",
			"_tpl": "5c0d56a986f774449d5de529",
			"parentId": "I596182439160628071YZ1DX",
			"slotId": "main",
			"upd": {
				"StackObjectsCount": 60
			}
		},
		{
			"_id": "I59618241561014658bsHKfp",
			"_tpl": "5c0673fb0db8340023300271",
			"parentId": "I59618245513118292Ru5oxl",
			"slotId": "2",
			"location": {
				"x": 0,
				"y": 0,
				"r": "Horizontal"
			}
		},
		{
			"_id": "I59618244639659232uBwAAy",
			"_tpl": "58864a4f2459770fcc257101",
			"parentId": "I59618241561014658bsHKfp",
			"slotId": "cartridges",
			"upd": {
				"StackObjectsCount": 20
			}
		},
		{
			"_id": "I59618246404261346J7DKST",
			"_tpl": "5c0673fb0db8340023300271",
			"parentId": "I59618245513118292Ru5oxl",
			"slotId": "1",
			"location": {
				"x": 0,
				"y": 0,
				"r": "Horizontal"
			}
		},
		{
			"_id": "I59618243156428602qNRvwb",
			"_tpl": "58864a4f2459770fcc257101",
			"parentId": "I59618246404261346J7DKST",
			"slotId": "cartridges",
			"upd": {
				"StackObjectsCount": 20
			}
		},
		{
			"_id": "I59618244458820147yp5hCr",
			"_tpl": "5c0673fb0db8340023300271",
			"parentId": "I59618245513118292Ru5oxl",
			"slotId": "1",
			"location": {
				"x": 1,
				"y": 0,
				"r": "Horizontal"
			}
		},
		{
			"_id": "I59618249762300768BtZ8Ow",
			"_tpl": "5c3df7d588a4501f290594e5",
			"parentId": "I59618244458820147yp5hCr",
			"slotId": "cartridges",
			"upd": {
				"StackObjectsCount": 20
			}
		},
		{
			"_id": "I59618244054381069mDZ2qq",
			"_tpl": "57e26fc7245977162a14b800",
			"parentId": "5c6687d65e9d882c8841f0fd",
			"slotId": "Scabbard"
		},
		{
			"_id": "I59618245087458981SOZY9W",
			"_tpl": "5b4329075acfc400153b78ff",
			"parentId": "5c6687d65e9d882c8841f0fd",
			"slotId": "Headwear"
		},
		{
			"_id": "I59618247391433595UcYTJp",
			"_tpl": "5bd06f5d86f77427101ad47c",
			"parentId": "5c6687d65e9d882c8841f0fd",
			"slotId": "FaceCover"
		},
		{
			"_id": "I59618247658741905uRD0wC",
			"_tpl": "5c0e541586f7747fa54205c9",
			"parentId": "5c6687d65e9d882c8841f0fd",
			"slotId": "ArmorVest",
			"upd": {
				"Repairable": {
					"MaxDurability": 60,
					"Durability": 34
				}
			}
		},
		{
			"_id": "I59618244517235029IOt1Bu",
			"_tpl": "5913651986f774432f15d132",
			"parentId": "5c6687d65e9d882c8841f121",
			"slotId": "pocket1",
			"location": {
				"x": 0,
				"y": 0,
				"r": "Horizontal"
			},
			"upd": {
				"SpawnedInSession": true
			}
		}
	],
	"equipment": "5c6687d65e9d882c8841f0fd",
	"stash": "5c6687d65e9d882c8841f0fc",
	"questRaidItems": "5c6687d65e9d882c8841f0fe",
	"questStashItems": "5c6687d65e9d882c8841f0ff",
	"fastPanel": {}
}