{
	"items": [
		{
			"_id": "5c6687d65e9d882c8841f0fd",
			"_tpl": "55d7217a4bdc2d86028b456d"
		},
		{
			"_id": "5c6687d65e9d882c8841f121",
			"_tpl": "557ffd194bdc2d28148b457f",
			"parentId": "5c6687d65e9d882c8841f0fd",
			"slotId": "Pockets"
		},
		{
			"_id": "5c6687d65e9d882c8841f0fc",
			"_tpl": "566abbc34bdc2d92178b4576"
		},
		{
			"_id": "5c6687d65e9d882c8841f0ff",
			"_tpl": "5963866b86f7747bfa1c4462"
		},
		{
			"_id": "5c6687d65e9d882c8841f0fe",
			"_tpl": "5963866286f7747bf429b572"
		},
		{
			"_id": "I59618241193797604EwoZ2l",
			"_tpl": "59e7643b86f7742cbf2c109a",
			"parentId": "5c6687d65e9d882c8841f0fd",
			"slotId": "TacticalVest"
		},
		{
			"_id": "I210018269433615010vM7BC",
			"_tpl": "5a38e6bac4a2826c6e06d79b",
			"parentId": "5c6687d65e9d882c8841f0fd",
			"slotId": "FirstPrimaryWeapon",
			"upd": {
				"Repairable": {
					"MaxDurability": 100,
					"Durability": 19
				}
			}
		},
		{
			"_id": "I59618248379350247DdBYOj",
			"_tpl": "5a38ee51c4a282000c5a955c",
			"parentId": "I210018269433615010vM7BC",
			"slotId": "mod_magazine"
		},
		{
			"_id": "I59618249781448613HriDtg",
			"_tpl": "5d6e6a53a4b9361bd473feec",
			"parentId": "I59618248379350247DdBYOj",
			"slotId": "cartridges",
			"upd": {
				"StackObjectsCount": 2
			}
		},
		{
			"_id": "I210018263879906767FNFmM",
			"_tpl": "5a38ef1fc4a282000b1521f6",
			"parentId": "I210018269433615010vM7BC",
			"slotId": "mod_stock",
			"upd": {
				"Foldable": {
					"Folded": false
				}
			}
		},
		{
			"_id": "I210018261629330700VXZWi",
			"_tpl": "5a38eecdc4a282329a73b512",
			"parentId": "I210018263879906767FNFmM",
			"slotId": "mod_pistol_grip"
		},
		{
			"_id": "I59618243609095680ieqNyc",
			"_tpl": "5857a8bc2459772bad15db29",
			"parentId": "5c6687d65e9d882c8841f0fd",
			"slotId": "SecuredContainer"
		},
		{
			"_id": "I59618246494455033NUVRey",
			"_tpl": "5d6e6a53a4b9361bd473feec",
			"parentId": "I59618243609095680ieqNyc",
			"slotId": "main",
			"upd": {
				"StackObjectsCount": 60
			}
		},
		{
			"_id": "I59618242888716964UpXRR9",
			"_tpl": "5d6e695fa4b936359b35d852",
			"parentId": "I59618243609095680ieqNyc",
			"slotId": "main",
			"upd": {
				"StackObjectsCount": 60
			}
		},
		{
			"_id": "I59618247829741439vwDbuZ",
			"_tpl": "5d6e69b9a4b9361bc8618958",
			"parentId": "I59618243609095680ieqNyc",
			"slotId": "main",
			"upd": {
				"StackObjectsCount": 60
			}
		},
		{
			"_id": "I59618241808632915Lf1pTB",
			"_tpl": "5d6e6a05a4b93618084f58d0",
			"parentId": "I59618243609095680ieqNyc",
			"slotId": "main",
			"upd": {
				"StackObjectsCount": 60
			}
		},
		{
			"_id": "I59618247382806368oszT21",
			"_tpl": "5a38ebd9c4a282000d722a5b",
			"parentId": "I59618243609095680ieqNyc",
			"slotId": "main",
			"upd": {
				"StackObjectsCount": 60
			}
		},
		{
			"_id": "I59618243344082981Z9tG6a",
			"_tpl": "5d6e695fa4b936359b35d852",
			"parentId": "I59618243609095680ieqNyc",
			"slotId": "main",
			"upd": {
				"StackObjectsCount": 60
			}
		},
		{
			"_id": "I59618248451205835TSbwrl",
			"_tpl": "5d6e6a5fa4b93614ec501745",
			"parentId": "I59618243609095680ieqNyc",
			"slotId": "main",
			"upd": {
				"StackObjectsCount": 60
			}
		},
		{
			"_id": "I59618243667056585zqjpD3",
			"_tpl": "5d6e695fa4b936359b35d852",
			"parentId": "I59618243609095680ieqNyc",
			"slotId": "main",
			"upd": {
				"StackObjectsCount": 60
			}
		},
		{
			"_id": "I59618241983266287ME3iZx",
			"_tpl": "5d6e69c7a4b9360b6c0d54e4",
			"parentId": "I59618243609095680ieqNyc",
			"slotId": "main",
			"upd": {
				"StackObjectsCount": 60
			}
		},
		{
			"_id": "I59618242363568325En6v91",
			"_tpl": "5a38ee51c4a282000c5a955c",
			"parentId": "I59618241193797604EwoZ2l",
			"slotId": "2",
			"location": {
				"x": 0,
				"y": 0,
				"r": "Horizontal"
			}
		},
		{
			"_id": "I59618242421185646JhRjAN",
			"_tpl": "5d6e6a05a4b93618084f58d0",
			"parentId": "I59618242363568325En6v91",
			"slotId": "cartridges",
			"upd": {
				"StackObjectsCount": 2
			}
		},
		{
			"_id": "I59618243566601767tP5Hir",
			"_tpl": "57e26ea924597715ca604a09",
			"parentId": "5c6687d65e9d882c8841f0fd",
			"slotId": "Scabbard"
		},
		{
			"_id": "I59618247606224864RuJbjh",
			"_tpl": "5c06c6a80db834001b735491",
			"parentId": "5c6687d65e9d882c8841f0fd",
			"slotId": "Headwear"
		},
		{
			"_id": "I59618241917453915WZEy6e",
			"_tpl": "56e33634d2720bd8058b456b",
			"parentId": "5c6687d65e9d882c8841f0fd",
			"slotId": "Backpack"
		},
		{
			"_id": "I59618241662429492CRvEi5",
			"_tpl": "544fb3f34bdc2d03748b456a",
			"parentId": "I59618241917453915WZEy6e",
			"slotId": "main",
			"location": {
				"x": 0,
				"y": 0,
				"r": "Horizontal"
			}
		},
		{
			"_id": "I59618247768891709E9CyO7",
			"_tpl": "59e35ef086f7741777737012",
			"parentId": "I59618241917453915WZEy6e",
			"slotId": "main",
			"location": {
				"x": 0,
				"y": 1,
				"r": "Horizontal"
			}
		},
		{
			"_id": "I59618248071428573tFssY1",
			"_tpl": "57513fcc24597720a31c09a6",
			"parentId": "I59618241917453915WZEy6e",
			"slotId": "main",
			"location": {
				"x": 1,
				"y": 0,
				"r": "Horizontal"
			}
		},
		{
			"_id": "I59618242360160947ncDUL7",
			"_tpl": "5c0e57ba86f7747fa141986d",
			"parentId": "5c6687d65e9d882c8841f0fd",
			"slotId": "ArmorVest",
			"upd": {
				"Repairable": {
					"MaxDurability": 55,
					"Durability": 30
				}
			}
		},
		{
			"_id": "I59618248714771947ReFDrL",
			"_tpl": "5a0ea69f86f7741cd5406619",
			"parentId": "5c6687d65e9d882c8841f121",
			"slotId": "pocket1",
			"location": {
				"x": 0,
				"y": 0,
				"r": "Horizontal"
			},
			"upd": {
				"SpawnedInSession": true
			}
		},
		{
			"_id": "I59618247952810339z4qyO3",
			"_tpl": "5bc9c29cd4351e003562b8a3",
			"parentId": "5c6687d65e9d882c8841f121",
			"slotId": "pocket2",
			"location": {
				"x": 0,
				"y": 0,
				"r": "Horizontal"
			},
			"upd": {
				"SpawnedInSession": true
			}
		},
		{
			"_id": "I596182475227553212K4r6q",
			"_tpl": "5d80c8f586f77440373c4ed0",
			"parentId": "5c6687d65e9d882c8841f121",
			"slotId": "pocket3",
			"location": {
				"x": 0,
				"y": 0,
				"r": "Horizontal"
			},
			"upd": {
				"SpawnedInSession": true
			}
		}
	],
	"equipment": "5c6687d65e9d882c8841f0fd",
	"stash": "5c6687d65e9d882c8841f0fc",
	"questRaidItems": "5c6687d65e9d882c8841f0fe",
	"questStashItems": "5c6687d65e9d882c8841f0ff",
	"fastPanel": {}
}