{
	"items": [
		{
			"_id": "5c6687d65e9d882c8841f0fd",
			"_tpl": "55d7217a4bdc2d86028b456d"
		},
		{
			"_id": "5c6687d65e9d882c8841f121",
			"_tpl": "557ffd194bdc2d28148b457f",
			"parentId": "5c6687d65e9d882c8841f0fd",
			"slotId": "Pockets"
		},
		{
			"_id": "5c6687d65e9d882c8841f0fc",
			"_tpl": "566abbc34bdc2d92178b4576"
		},
		{
			"_id": "5c6687d65e9d882c8841f0ff",
			"_tpl": "5963866b86f7747bfa1c4462"
		},
		{
			"_id": "5c6687d65e9d882c8841f0fe",
			"_tpl": "5963866286f7747bf429b572"
		},
		{
			"_id": "I59618241874842032P2FknJ",
			"_tpl": "5929a2a086f7744f4b234d43",
			"parentId": "5c6687d65e9d882c8841f0fd",
			"slotId": "TacticalVest"
		},
		{
			"_id": "I331040261898090695jEtfb",
			"_tpl": "59e6687d86f77411d949b251",
			"parentId": "5c6687d65e9d882c8841f0fd",
			"slotId": "FirstPrimaryWeapon",
			"upd": {
				"Repairable": {
					"MaxDurability": 100,
					"Durability": 24
				}
			}
		},
		{
			"_id": "I331040261385690904mFi1F",
			"_tpl": "59e649f986f77411d949b246",
			"parentId": "I331040261898090695jEtfb",
			"slotId": "mod_gas_block"
		},
		{
			"_id": "I331040269768304561Btdvg",
			"_tpl": "59e8a00d86f7742ad93b569c",
			"parentId": "I331040261898090695jEtfb",
			"slotId": "mod_muzzle"
		},
		{
			"_id": "I331040263276919742kO80S",
			"_tpl": "59e6318286f77444dd62c4cc",
			"parentId": "I331040261898090695jEtfb",
			"slotId": "mod_pistol_grip"
		},
		{
			"_id": "I331040264420816365IJdCD",
			"_tpl": "59e8977386f77415a553c453",
			"parentId": "I331040261898090695jEtfb",
			"slotId": "mod_sight_rear",
			"upd": {
				"Sight": {
					"SelectedSightMode": 0
				}
			}
		},
		{
			"_id": "I331040269632460056pIv3s",
			"_tpl": "59e89d0986f77427600d226e",
			"parentId": "I331040261898090695jEtfb",
			"slotId": "mod_stock"
		},
		{
			"_id": "I59618244376114317OKmBho",
			"_tpl": "59fafc5086f7740dbe19f6c3",
			"parentId": "I331040261898090695jEtfb",
			"slotId": "mod_magazine"
		},
		{
			"_id": "I59618249142292632SpTa61",
			"_tpl": "59e655cb86f77411dc52a77b",
			"parentId": "I59618244376114317OKmBho",
			"slotId": "cartridges",
			"upd": {
				"StackObjectsCount": 30
			}
		},
		{
			"_id": "I331040269337492331ctw7H",
			"_tpl": "59e898ee86f77427614bd225",
			"parentId": "I331040261385690904mFi1F",
			"slotId": "mod_handguard"
		},
		{
			"_id": "I59618242777168113fIhPnZ",
			"_tpl": "5857a8bc2459772bad15db29",
			"parentId": "5c6687d65e9d882c8841f0fd",
			"slotId": "SecuredContainer"
		},
		{
			"_id": "I59618244165291122j6Q1PW",
			"_tpl": "59e655cb86f77411dc52a77b",
			"parentId": "I59618242777168113fIhPnZ",
			"slotId": "main",
			"upd": {
				"StackObjectsCount": 60
			}
		},
		{
			"_id": "I59618242154198283DonT0E",
			"_tpl": "59e6658b86f77411d949b250",
			"parentId": "I59618242777168113fIhPnZ",
			"slotId": "main",
			"upd": {
				"StackObjectsCount": 60
			}
		},
		{
			"_id": "I59618249410952341auZj0e",
			"_tpl": "59e655cb86f77411dc52a77b",
			"parentId": "I59618242777168113fIhPnZ",
			"slotId": "main",
			"upd": {
				"StackObjectsCount": 60
			}
		},
		{
			"_id": "I59618241456587270hTgfjU",
			"_tpl": "59e6542b86f77411dc52a77a",
			"parentId": "I59618242777168113fIhPnZ",
			"slotId": "main",
			"upd": {
				"StackObjectsCount": 60
			}
		},
		{
			"_id": "I59618248976052400RJ4C9b",
			"_tpl": "59e655cb86f77411dc52a77b",
			"parentId": "I59618242777168113fIhPnZ",
			"slotId": "main",
			"upd": {
				"StackObjectsCount": 60
			}
		},
		{
			"_id": "I59618242627863841gFTpjf",
			"_tpl": "59e655cb86f77411dc52a77b",
			"parentId": "I59618242777168113fIhPnZ",
			"slotId": "main",
			"upd": {
				"StackObjectsCount": 60
			}
		},
		{
			"_id": "I59618248234372049HM5Nbt",
			"_tpl": "59e655cb86f77411dc52a77b",
			"parentId": "I59618242777168113fIhPnZ",
			"slotId": "main",
			"upd": {
				"StackObjectsCount": 60
			}
		},
		{
			"_id": "I596182460047264499EWfcQ",
			"_tpl": "59e655cb86f77411dc52a77b",
			"parentId": "I59618242777168113fIhPnZ",
			"slotId": "main",
			"upd": {
				"StackObjectsCount": 60
			}
		},
		{
			"_id": "I59618247152584122cK5UfM",
			"_tpl": "59e6658b86f77411d949b250",
			"parentId": "I59618242777168113fIhPnZ",
			"slotId": "main",
			"upd": {
				"StackObjectsCount": 60
			}
		},
		{
			"_id": "I59618242306571697V1vTVJ",
			"_tpl": "5cfe8010d7ad1a59283b14c6",
			"parentId": "I59618241874842032P2FknJ",
			"slotId": "3",
			"location": {
				"x": 0,
				"y": 0,
				"r": "Horizontal"
			}
		},
		{
			"_id": "I59618248446157351M1xsZw",
			"_tpl": "59e655cb86f77411dc52a77b",
			"parentId": "I59618242306571697V1vTVJ",
			"slotId": "cartridges",
			"upd": {
				"StackObjectsCount": 50
			}
		},
		{
			"_id": "I59618249300663055zcvruN",
			"_tpl": "5cfe8010d7ad1a59283b14c6",
			"parentId": "I59618241874842032P2FknJ",
			"slotId": "5",
			"location": {
				"x": 0,
				"y": 0,
				"r": "Horizontal"
			}
		},
		{
			"_id": "I596182466679618418zM5CZ",
			"_tpl": "59e6658b86f77411d949b250",
			"parentId": "I59618249300663055zcvruN",
			"slotId": "cartridges",
			"upd": {
				"StackObjectsCount": 50
			}
		},
		{
			"_id": "I59618246044191243krhEsP",
			"_tpl": "59e655cb86f77411dc52a77b",
			"parentId": "I59618241874842032P2FknJ",
			"slotId": "8",
			"upd": {
				"StackObjectsCount": 45
			}
		},
		{
			"_id": "I59618242655620542FatHVF",
			"_tpl": "54491bb74bdc2d09088b4567",
			"parentId": "5c6687d65e9d882c8841f0fd",
			"slotId": "Scabbard"
		},
		{
			"_id": "I59618243670533781CBFpsI",
			"_tpl": "5c0d32fcd174af02a1659c75",
			"parentId": "5c6687d65e9d882c8841f0fd",
			"slotId": "Eyewear"
		},
		{
			"_id": "I59618247837777487BHE4CE",
			"_tpl": "5ab8f04f86f774585f4237d8",
			"parentId": "5c6687d65e9d882c8841f0fd",
			"slotId": "Backpack"
		},
		{
			"_id": "I596182493609164284rDWjw",
			"_tpl": "59e3577886f774176a362503",
			"parentId": "5c6687d65e9d882c8841f121",
			"slotId": "pocket1",
			"location": {
				"x": 0,
				"y": 0,
				"r": "Horizontal"
			},
			"upd": {
				"SpawnedInSession": true
			}
		},
		{
			"_id": "I59618249579439784nAlP1S",
			"_tpl": "5d8e0e0e86f774321140eb56",
			"parentId": "5c6687d65e9d882c8841f121",
			"slotId": "pocket2",
			"location": {
				"x": 0,
				"y": 0,
				"r": "Horizontal"
			},
			"upd": {
				"SpawnedInSession": true
			}
		}
	],
	"equipment": "5c6687d65e9d882c8841f0fd",
	"stash": "5c6687d65e9d882c8841f0fc",
	"questRaidItems": "5c6687d65e9d882c8841f0fe",
	"questStashItems": "5c6687d65e9d882c8841f0ff",
	"fastPanel": {}
}