{
	"items": [
		{
			"_id": "5c6687d65e9d882c8841f0fd",
			"_tpl": "55d7217a4bdc2d86028b456d"
		},
		{
			"_id": "5c6687d65e9d882c8841f121",
			"_tpl": "557ffd194bdc2d28148b457f",
			"parentId": "5c6687d65e9d882c8841f0fd",
			"slotId": "Pockets"
		},
		{
			"_id": "5c6687d65e9d882c8841f0fc",
			"_tpl": "566abbc34bdc2d92178b4576"
		},
		{
			"_id": "5c6687d65e9d882c8841f0ff",
			"_tpl": "5963866b86f7747bfa1c4462"
		},
		{
			"_id": "5c6687d65e9d882c8841f0fe",
			"_tpl": "5963866286f7747bf429b572"
		},
		{
			"_id": "I59618244350248531KMlQ3U",
			"_tpl": "5648a69d4bdc2ded0b8b457b",
			"parentId": "5c6687d65e9d882c8841f0fd",
			"slotId": "TacticalVest"
		},
		{
			"_id": "I331039111891093725M1fGk",
			"_tpl": "59e6152586f77473dc057aa1",
			"parentId": "5c6687d65e9d882c8841f0fd",
			"slotId": "FirstPrimaryWeapon",
			"upd": {
				"Repairable": {
					"MaxDurability": 100,
					"Durability": 59
				}
			}
		},
		{
			"_id": "I331039113438145990rLJok",
			"_tpl": "59e649f986f77411d949b246",
			"parentId": "I331039111891093725M1fGk",
			"slotId": "mod_gas_block"
		},
		{
			"_id": "I3310391131779451889AvNB",
			"_tpl": "59e61eb386f77440d64f5daf",
			"parentId": "I331039111891093725M1fGk",
			"slotId": "mod_muzzle"
		},
		{
			"_id": "I331039113889363648YxDDG",
			"_tpl": "59e6318286f77444dd62c4cc",
			"parentId": "I331039111891093725M1fGk",
			"slotId": "mod_pistol_grip"
		},
		{
			"_id": "I331039111120446292tCxwF",
			"_tpl": "59d650cf86f7741b846413a4",
			"parentId": "I331039111891093725M1fGk",
			"slotId": "mod_sight_rear",
			"upd": {
				"Sight": {
					"SelectedSightMode": 0
				}
			}
		},
		{
			"_id": "I331039115421836859riXL9",
			"_tpl": "59e6227d86f77440d64f5dc2",
			"parentId": "I331039111891093725M1fGk",
			"slotId": "mod_stock"
		},
		{
			"_id": "I59618249753464435ZEH2vo",
			"_tpl": "59e5d83b86f7745aed03d262",
			"parentId": "I331039111891093725M1fGk",
			"slotId": "mod_magazine"
		},
		{
			"_id": "I596182436288310921w8ctz",
			"_tpl": "59e4d3d286f774176a36250a",
			"parentId": "I59618249753464435ZEH2vo",
			"slotId": "cartridges",
			"upd": {
				"StackObjectsCount": 10
			}
		},
		{
			"_id": "I331039115170153350bLafO",
			"_tpl": "59e6284f86f77440d569536f",
			"parentId": "I331039113438145990rLJok",
			"slotId": "mod_handguard"
		},
		{
			"_id": "I59618242386298269Og2PTl",
			"_tpl": "5857a8bc2459772bad15db29",
			"parentId": "5c6687d65e9d882c8841f0fd",
			"slotId": "SecuredContainer"
		},
		{
			"_id": "I59618242502405091zu4iX3",
			"_tpl": "59e4cf5286f7741778269d8a",
			"parentId": "I59618242386298269Og2PTl",
			"slotId": "main",
			"upd": {
				"StackObjectsCount": 60
			}
		},
		{
			"_id": "I59618248999632997E499aP",
			"_tpl": "59e4d3d286f774176a36250a",
			"parentId": "I59618242386298269Og2PTl",
			"slotId": "main",
			"upd": {
				"StackObjectsCount": 60
			}
		},
		{
			"_id": "I59618249298726653eQbPnd",
			"_tpl": "59e0d99486f7744a32234762",
			"parentId": "I59618242386298269Og2PTl",
			"slotId": "main",
			"upd": {
				"StackObjectsCount": 60
			}
		},
		{
			"_id": "I59618249733698675g3fcak",
			"_tpl": "59e4cf5286f7741778269d8a",
			"parentId": "I59618242386298269Og2PTl",
			"slotId": "main",
			"upd": {
				"StackObjectsCount": 60
			}
		},
		{
			"_id": "I596182436789936380OZdk7",
			"_tpl": "59e4d24686f7741776641ac7",
			"parentId": "I59618242386298269Og2PTl",
			"slotId": "main",
			"upd": {
				"StackObjectsCount": 60
			}
		},
		{
			"_id": "I59618245438980063MzS6Mh",
			"_tpl": "59e4cf5286f7741778269d8a",
			"parentId": "I59618242386298269Og2PTl",
			"slotId": "main",
			"upd": {
				"StackObjectsCount": 60
			}
		},
		{
			"_id": "I5961824160627853679QJHf",
			"_tpl": "59e0d99486f7744a32234762",
			"parentId": "I59618242386298269Og2PTl",
			"slotId": "main",
			"upd": {
				"StackObjectsCount": 60
			}
		},
		{
			"_id": "I596182468655701253nMQqZ",
			"_tpl": "59e4cf5286f7741778269d8a",
			"parentId": "I59618242386298269Og2PTl",
			"slotId": "main",
			"upd": {
				"StackObjectsCount": 60
			}
		},
		{
			"_id": "I5961824172178915458Rohi",
			"_tpl": "59e4d3d286f774176a36250a",
			"parentId": "I59618242386298269Og2PTl",
			"slotId": "main",
			"upd": {
				"StackObjectsCount": 60
			}
		},
		{
			"_id": "I59618241278858365cCoME6",
			"_tpl": "59e5d83b86f7745aed03d262",
			"parentId": "I59618244350248531KMlQ3U",
			"slotId": "1",
			"location": {
				"x": 0,
				"y": 0,
				"r": "Horizontal"
			}
		},
		{
			"_id": "I5961824406109326082llIa",
			"_tpl": "59e4d24686f7741776641ac7",
			"parentId": "I59618241278858365cCoME6",
			"slotId": "cartridges",
			"upd": {
				"StackObjectsCount": 10
			}
		},
		{
			"_id": "I59618247864327580MrOQoN",
			"_tpl": "59e5d83b86f7745aed03d262",
			"parentId": "I59618244350248531KMlQ3U",
			"slotId": "1",
			"location": {
				"x": 0,
				"y": 1,
				"r": "Horizontal"
			}
		},
		{
			"_id": "I596182446406427230RbUAz",
			"_tpl": "59e4cf5286f7741778269d8a",
			"parentId": "I59618247864327580MrOQoN",
			"slotId": "cartridges",
			"upd": {
				"StackObjectsCount": 10
			}
		},
		{
			"_id": "I59618241944704060VSsOpI",
			"_tpl": "59e5d83b86f7745aed03d262",
			"parentId": "I59618244350248531KMlQ3U",
			"slotId": "3",
			"location": {
				"x": 0,
				"y": 1,
				"r": "Horizontal"
			}
		},
		{
			"_id": "I59618245581773087nA3Xs6",
			"_tpl": "59e4d24686f7741776641ac7",
			"parentId": "I59618241944704060VSsOpI",
			"slotId": "cartridges",
			"upd": {
				"StackObjectsCount": 10
			}
		},
		{
			"_id": "I596182433322860218v1dUG",
			"_tpl": "59e5d83b86f7745aed03d262",
			"parentId": "I59618244350248531KMlQ3U",
			"slotId": "10",
			"location": {
				"x": 0,
				"y": 0,
				"r": "Horizontal"
			}
		},
		{
			"_id": "I59618248604985860F59G4C",
			"_tpl": "59e0d99486f7744a32234762",
			"parentId": "I596182433322860218v1dUG",
			"slotId": "cartridges",
			"upd": {
				"StackObjectsCount": 10
			}
		},
		{
			"_id": "I596182457528808843f3PmI",
			"_tpl": "59e4d3d286f774176a36250a",
			"parentId": "I59618244350248531KMlQ3U",
			"slotId": "6",
			"upd": {
				"StackObjectsCount": 36
			}
		},
		{
			"_id": "I59618242110311778TZcDyl",
			"_tpl": "59e4cf5286f7741778269d8a",
			"parentId": "I59618244350248531KMlQ3U",
			"slotId": "8",
			"upd": {
				"StackObjectsCount": 54
			}
		},
		{
			"_id": "I59618242044286945qevV8D",
			"_tpl": "5bffdc370db834001d23eca8",
			"parentId": "5c6687d65e9d882c8841f0fd",
			"slotId": "Scabbard"
		},
		{
			"_id": "I59618248338299904Ekn97G",
			"_tpl": "5c08f87c0db8340019124324",
			"parentId": "5c6687d65e9d882c8841f0fd",
			"slotId": "Headwear"
		},
		{
			"_id": "I59618246189262325UICaIL",
			"_tpl": "5b432be65acfc433000ed01f",
			"parentId": "5c6687d65e9d882c8841f0fd",
			"slotId": "Eyewear"
		},
		{
			"_id": "I59618243522035905vVAIXP",
			"_tpl": "59e7715586f7742ee5789605",
			"parentId": "5c6687d65e9d882c8841f0fd",
			"slotId": "FaceCover"
		},
		{
			"_id": "I59618248180050681ibbOsO",
			"_tpl": "544a5cde4bdc2d39388b456b",
			"parentId": "5c6687d65e9d882c8841f0fd",
			"slotId": "Backpack"
		},
		{
			"_id": "I59618248454028065qMeo3r",
			"_tpl": "5913651986f774432f15d132",
			"parentId": "I59618248180050681ibbOsO",
			"slotId": "main",
			"location": {
				"x": 0,
				"y": 0,
				"r": "Horizontal"
			}
		},
		{
			"_id": "I59618243586472600mtBj38",
			"_tpl": "5780cf692459777de4559321",
			"parentId": "I59618248180050681ibbOsO",
			"slotId": "main",
			"location": {
				"x": 0,
				"y": 1,
				"r": "Horizontal"
			}
		},
		{
			"_id": "I59618241741829891eVU3wD",
			"_tpl": "57347c93245977448d35f6e3",
			"parentId": "I59618248180050681ibbOsO",
			"slotId": "main",
			"location": {
				"x": 0,
				"y": 2,
				"r": "Horizontal"
			}
		},
		{
			"_id": "I59618247097514638ibvoa3",
			"_tpl": "57347baf24597738002c6178",
			"parentId": "I59618248180050681ibbOsO",
			"slotId": "main",
			"location": {
				"x": 0,
				"y": 3,
				"r": "Horizontal"
			}
		},
		{
			"_id": "I59618241517053892yQmKQG",
			"_tpl": "5d1b392c86f77425243e98fe",
			"parentId": "I59618248180050681ibbOsO",
			"slotId": "main",
			"location": {
				"x": 1,
				"y": 0,
				"r": "Horizontal"
			}
		},
		{
			"_id": "I596182456905589447nJZ6l",
			"_tpl": "575146b724597720a27126d5",
			"parentId": "I59618248180050681ibbOsO",
			"slotId": "main",
			"location": {
				"x": 1,
				"y": 1,
				"r": "Horizontal"
			}
		},
		{
			"_id": "I59618245993160422mq2LQd",
			"_tpl": "544fb3f34bdc2d03748b456a",
			"parentId": "I59618248180050681ibbOsO",
			"slotId": "main",
			"location": {
				"x": 1,
				"y": 3,
				"r": "Horizontal"
			}
		},
		{
			"_id": "I59618242588472676wsIlqo",
			"_tpl": "5d1b371186f774253763a656",
			"parentId": "I59618248180050681ibbOsO",
			"slotId": "main",
			"location": {
				"x": 2,
				"y": 0,
				"r": "Horizontal"
			}
		},
		{
			"_id": "I59618244487314065V5lW8W",
			"_tpl": "544fb62a4bdc2dfb738b4568",
			"parentId": "I59618248180050681ibbOsO",
			"slotId": "main",
			"location": {
				"x": 2,
				"y": 2,
				"r": "Horizontal"
			}
		},
		{
			"_id": "I59618246862269867B9vacQ",
			"_tpl": "57347d9c245977448b40fa85",
			"parentId": "I59618248180050681ibbOsO",
			"slotId": "main",
			"location": {
				"x": 3,
				"y": 2,
				"r": "Horizontal"
			}
		},
		{
			"_id": "I59618241150761709aJhKLj",
			"_tpl": "5780cda02459777b272ede61",
			"parentId": "I59618248180050681ibbOsO",
			"slotId": "main",
			"location": {
				"x": 3,
				"y": 3,
				"r": "Horizontal"
			}
		}
	],
	"equipment": "5c6687d65e9d882c8841f0fd",
	"stash": "5c6687d65e9d882c8841f0fc",
	"questRaidItems": "5c6687d65e9d882c8841f0fe",
	"questStashItems": "5c6687d65e9d882c8841f0ff",
	"fastPanel": {}
}