{
	"items": [
		{
			"_id": "5c6687d65e9d882c8841f0fd",
			"_tpl": "55d7217a4bdc2d86028b456d"
		},
		{
			"_id": "5c6687d65e9d882c8841f121",
			"_tpl": "557ffd194bdc2d28148b457f",
			"parentId": "5c6687d65e9d882c8841f0fd",
			"slotId": "Pockets"
		},
		{
			"_id": "5c6687d65e9d882c8841f0fc",
			"_tpl": "566abbc34bdc2d92178b4576"
		},
		{
			"_id": "5c6687d65e9d882c8841f0ff",
			"_tpl": "5963866b86f7747bfa1c4462"
		},
		{
			"_id": "5c6687d65e9d882c8841f0fe",
			"_tpl": "5963866286f7747bf429b572"
		},
		{
			"_id": "I59618236198828820i2YXID",
			"_tpl": "5d5d8ca986f7742798716522",
			"parentId": "5c6687d65e9d882c8841f0fd",
			"slotId": "TacticalVest"
		},
		{
			"_id": "I210018144519737213jGmrr",
			"_tpl": "576165642459773c7a400233",
			"parentId": "5c6687d65e9d882c8841f0fd",
			"slotId": "FirstPrimaryWeapon",
			"upd": {
				"Repairable": {
					"MaxDurability": 100,
					"Durability": 58
				}
			}
		},
		{
			"_id": "I2100181467409493707kVVO",
			"_tpl": "576169e62459773c69055191",
			"parentId": "I210018144519737213jGmrr",
			"slotId": "mod_handguard"
		},
		{
			"_id": "I210018148314052151tHyi6",
			"_tpl": "576167ab2459773cad038c43",
			"parentId": "I210018144519737213jGmrr",
			"slotId": "mod_muzzle"
		},
		{
			"_id": "I210018143827109655PHMj1",
			"_tpl": "5649ade84bdc2d1b2b8b4587",
			"parentId": "I210018144519737213jGmrr",
			"slotId": "mod_pistol_grip"
		},
		{
			"_id": "I210018141975463988Sah2E",
			"_tpl": "57616c112459773cce774d66",
			"parentId": "I210018144519737213jGmrr",
			"slotId": "mod_reciever"
		},
		{
			"_id": "I210018148028521873klCzc",
			"_tpl": "57a9b9ce2459770ee926038d",
			"parentId": "I210018144519737213jGmrr",
			"slotId": "mod_sight_rear",
			"upd": {
				"Sight": {
					"SelectedSightMode": 0
				}
			}
		},
		{
			"_id": "I210018147302869413n68oc",
			"_tpl": "57616ca52459773c69055192",
			"parentId": "I210018144519737213jGmrr",
			"slotId": "mod_stock"
		},
		{
			"_id": "I59618231968634652gnAd0L",
			"_tpl": "57616a9e2459773c7a400234",
			"parentId": "I210018144519737213jGmrr",
			"slotId": "mod_magazine"
		},
		{
			"_id": "I59618237375921166hm1JSs",
			"_tpl": "5d6e68e6a4b9361c140bcfe0",
			"parentId": "I59618231968634652gnAd0L",
			"slotId": "cartridges",
			"upd": {
				"StackObjectsCount": 5
			}
		},
		{
			"_id": "I59618235919921916t5JV2a",
			"_tpl": "5857a8bc2459772bad15db29",
			"parentId": "5c6687d65e9d882c8841f0fd",
			"slotId": "SecuredContainer"
		},
		{
			"_id": "I59618237321308232ad3o78",
			"_tpl": "5d6e68c4a4b9361b93413f79",
			"parentId": "I59618235919921916t5JV2a",
			"slotId": "main",
			"upd": {
				"StackObjectsCount": 60
			}
		},
		{
			"_id": "I59618238779433913Nd7Jtp",
			"_tpl": "5d6e6891a4b9361bd473feea",
			"parentId": "I59618235919921916t5JV2a",
			"slotId": "main",
			"upd": {
				"StackObjectsCount": 60
			}
		},
		{
			"_id": "I59618232643101179hR1TS7",
			"_tpl": "5d6e68b3a4b9361bca7e50b5",
			"parentId": "I59618235919921916t5JV2a",
			"slotId": "main",
			"upd": {
				"StackObjectsCount": 60
			}
		},
		{
			"_id": "I59618235998656213hpidp7",
			"_tpl": "5d6e6806a4b936088465b17e",
			"parentId": "I59618235919921916t5JV2a",
			"slotId": "main",
			"upd": {
				"StackObjectsCount": 60
			}
		},
		{
			"_id": "I59618232204564631U3Jujf",
			"_tpl": "5d6e68dea4b9361bcc29e659",
			"parentId": "I59618235919921916t5JV2a",
			"slotId": "main",
			"upd": {
				"StackObjectsCount": 60
			}
		},
		{
			"_id": "I59618234120763596NbIZOx",
			"_tpl": "5d6e68a8a4b9360b6c0d54e2",
			"parentId": "I59618235919921916t5JV2a",
			"slotId": "main",
			"upd": {
				"StackObjectsCount": 60
			}
		},
		{
			"_id": "I59618238979929421bVYS0q",
			"_tpl": "5d6e6911a4b9361bd5780d52",
			"parentId": "I59618235919921916t5JV2a",
			"slotId": "main",
			"upd": {
				"StackObjectsCount": 60
			}
		},
		{
			"_id": "I59618232193749169opMCXm",
			"_tpl": "5d6e68dea4b9361bcc29e659",
			"parentId": "I59618235919921916t5JV2a",
			"slotId": "main",
			"upd": {
				"StackObjectsCount": 60
			}
		},
		{
			"_id": "I59618234145108926EuPRdp",
			"_tpl": "5d6e67fba4b9361bc73bc779",
			"parentId": "I59618235919921916t5JV2a",
			"slotId": "main",
			"upd": {
				"StackObjectsCount": 60
			}
		},
		{
			"_id": "I59618234018535804Nv57pA",
			"_tpl": "544fb37f4bdc2dee738b4567",
			"parentId": "I59618236198828820i2YXID",
			"slotId": "2"
		},
		{
			"_id": "I59618238055059661Mylf2x",
			"_tpl": "544fb37f4bdc2dee738b4567",
			"parentId": "I59618236198828820i2YXID",
			"slotId": "3"
		},
		{
			"_id": "I59618235239534131uBBQY0",
			"_tpl": "57616a9e2459773c7a400234",
			"parentId": "I59618236198828820i2YXID",
			"slotId": "1",
			"location": {
				"x": 0,
				"y": 0,
				"r": "Horizontal"
			}
		},
		{
			"_id": "I59618236025340883BIywdD",
			"_tpl": "5d6e6772a4b936088465b17c",
			"parentId": "I59618235239534131uBBQY0",
			"slotId": "cartridges",
			"upd": {
				"StackObjectsCount": 5
			}
		},
		{
			"_id": "I59618238584234232BVMhoQ",
			"_tpl": "57616a9e2459773c7a400234",
			"parentId": "I59618236198828820i2YXID",
			"slotId": "1",
			"location": {
				"x": 1,
				"y": 0,
				"r": "Horizontal"
			}
		},
		{
			"_id": "I59618235872241727NkJaCI",
			"_tpl": "5d6fbf68a4b9362233221f6b",
			"parentId": "I59618238584234232BVMhoQ",
			"slotId": "cartridges",
			"upd": {
				"StackObjectsCount": 5
			}
		},
		{
			"_id": "I59618234329210382BvSqq5",
			"_tpl": "54491bb74bdc2d09088b4567",
			"parentId": "5c6687d65e9d882c8841f0fd",
			"slotId": "Scabbard"
		},
		{
			"_id": "I59618232271850809g00652",
			"_tpl": "5aa2a7e8e5b5b00016327c16",
			"parentId": "5c6687d65e9d882c8841f0fd",
			"slotId": "Headwear"
		},
		{
			"_id": "I596182370933043051Cfjin",
			"_tpl": "5c0d32fcd174af02a1659c75",
			"parentId": "5c6687d65e9d882c8841f0fd",
			"slotId": "Eyewear"
		},
		{
			"_id": "I59618231244954222or3z0b",
			"_tpl": "590c2b4386f77425357b6123",
			"parentId": "5c6687d65e9d882c8841f121",
			"slotId": "pocket1",
			"location": {
				"x": 0,
				"y": 0,
				"r": "Horizontal"
			},
			"upd": {
				"SpawnedInSession": true
			}
		},
		{
			"_id": "I59618232851536368EDxaeJ",
			"_tpl": "5d1c774f86f7746d6620f8db",
			"parentId": "5c6687d65e9d882c8841f121",
			"slotId": "pocket2",
			"location": {
				"x": 0,
				"y": 0,
				"r": "Horizontal"
			},
			"upd": {
				"SpawnedInSession": true
			}
		}
	],
	"equipment": "5c6687d65e9d882c8841f0fd",
	"stash": "5c6687d65e9d882c8841f0fc",
	"questRaidItems": "5c6687d65e9d882c8841f0fe",
	"questStashItems": "5c6687d65e9d882c8841f0ff",
	"fastPanel": {}
}