{
	"items": [
		{
			"_id": "5c6687d65e9d882c8841f0fd",
			"_tpl": "55d7217a4bdc2d86028b456d"
		},
		{
			"_id": "5c6687d65e9d882c8841f121",
			"_tpl": "557ffd194bdc2d28148b457f",
			"parentId": "5c6687d65e9d882c8841f0fd",
			"slotId": "Pockets"
		},
		{
			"_id": "5c6687d65e9d882c8841f0fc",
			"_tpl": "566abbc34bdc2d92178b4576"
		},
		{
			"_id": "5c6687d65e9d882c8841f0ff",
			"_tpl": "5963866b86f7747bfa1c4462"
		},
		{
			"_id": "5c6687d65e9d882c8841f0fe",
			"_tpl": "5963866286f7747bf429b572"
		},
		{
			"_id": "I59618247492491859rulQc9",
			"_tpl": "572b7adb24597762ae139821",
			"parentId": "5c6687d65e9d882c8841f0fd",
			"slotId": "TacticalVest"
		},
		{
			"_id": "I210052546254319192B4Kp6",
			"_tpl": "5b0bbe4e5acfc40dc528a72d",
			"parentId": "5c6687d65e9d882c8841f0fd",
			"slotId": "FirstPrimaryWeapon",
			"upd": {
				"Repairable": {
					"MaxDurability": 100,
					"Durability": 72
				}
			}
		},
		{
			"_id": "I210052544050591175PZcmZ",
			"_tpl": "5b099b965acfc400186331e6",
			"parentId": "I210052546254319192B4Kp6",
			"slotId": "mod_pistol_grip"
		},
		{
			"_id": "I59618247900518219FNKEVH",
			"_tpl": "5b099ac65acfc400186331e1",
			"parentId": "I210052546254319192B4Kp6",
			"slotId": "mod_magazine"
		},
		{
			"_id": "I596182411124899954IshrR",
			"_tpl": "5e023e53d4353e3302577c4c",
			"parentId": "I59618247900518219FNKEVH",
			"slotId": "cartridges",
			"upd": {
				"StackObjectsCount": 20
			}
		},
		{
			"_id": "I210052548669914376NqgMU",
			"_tpl": "5b7bed205acfc400161d08cc",
			"parentId": "I210052546254319192B4Kp6",
			"slotId": "mod_handguard"
		},
		{
			"_id": "I210052546624026893NTOsy",
			"_tpl": "5b7be1265acfc400161d0798",
			"parentId": "I210052546254319192B4Kp6",
			"slotId": "mod_barrel"
		},
		{
			"_id": "I210052543650575249l6ZGQ",
			"_tpl": "5b0bc22d5acfc47a8607f085",
			"parentId": "I210052546254319192B4Kp6",
			"slotId": "mod_sight_rear",
			"upd": {
				"Sight": {
					"SelectedSightMode": 0
				}
			}
		},
		{
			"_id": "I2100525469100361524s7FI",
			"_tpl": "5b7d6c105acfc40015109a5f",
			"parentId": "I210052546254319192B4Kp6",
			"slotId": "mod_reciever"
		},
		{
			"_id": "I2100525473940638950EK8G",
			"_tpl": "5b7d645e5acfc400170e2f90",
			"parentId": "I210052546254319192B4Kp6",
			"slotId": "mod_stock"
		},
		{
			"_id": "I59618249107049971ikIiye",
			"_tpl": "5857a8bc2459772bad15db29",
			"parentId": "5c6687d65e9d882c8841f0fd",
			"slotId": "SecuredContainer"
		},
		{
			"_id": "I59618244030815999PWpU7o",
			"_tpl": "58dd3ad986f77403051cba8f",
			"parentId": "I59618249107049971ikIiye",
			"slotId": "main",
			"upd": {
				"StackObjectsCount": 60
			}
		},
		{
			"_id": "I59618245279599933SZN2p6",
			"_tpl": "5e023e88277cce2b522ff2b1",
			"parentId": "I59618249107049971ikIiye",
			"slotId": "main",
			"upd": {
				"StackObjectsCount": 60
			}
		},
		{
			"_id": "I59618242838251510A743wS",
			"_tpl": "5a608bf24f39f98ffc77720e",
			"parentId": "I59618249107049971ikIiye",
			"slotId": "main",
			"upd": {
				"StackObjectsCount": 60
			}
		},
		{
			"_id": "I59618246819649598LEJww4",
			"_tpl": "58dd3ad986f77403051cba8f",
			"parentId": "I59618249107049971ikIiye",
			"slotId": "main",
			"upd": {
				"StackObjectsCount": 60
			}
		},
		{
			"_id": "I59618241704096238JYSAle",
			"_tpl": "5e023e6e34d52a55c3304f71",
			"parentId": "I59618249107049971ikIiye",
			"slotId": "main",
			"upd": {
				"StackObjectsCount": 60
			}
		},
		{
			"_id": "I59618243635624463B9BWme",
			"_tpl": "5a608bf24f39f98ffc77720e",
			"parentId": "I59618249107049971ikIiye",
			"slotId": "main",
			"upd": {
				"StackObjectsCount": 60
			}
		},
		{
			"_id": "I59618245347875884a6swcJ",
			"_tpl": "5a6086ea4f39f99cd479502f",
			"parentId": "I59618249107049971ikIiye",
			"slotId": "main",
			"upd": {
				"StackObjectsCount": 60
			}
		},
		{
			"_id": "I59618249622789296dUsIkj",
			"_tpl": "5e023e88277cce2b522ff2b1",
			"parentId": "I59618249107049971ikIiye",
			"slotId": "main",
			"upd": {
				"StackObjectsCount": 60
			}
		},
		{
			"_id": "I59618247257506273T89o5L",
			"_tpl": "5e023e6e34d52a55c3304f71",
			"parentId": "I59618249107049971ikIiye",
			"slotId": "main",
			"upd": {
				"StackObjectsCount": 60
			}
		},
		{
			"_id": "I59618245242443650pn01IT",
			"_tpl": "5b7bef9c5acfc43d102852ec",
			"parentId": "I59618247492491859rulQc9",
			"slotId": "2",
			"location": {
				"x": 0,
				"y": 0,
				"r": "Horizontal"
			}
		},
		{
			"_id": "I596182436894833074C7PIq",
			"_tpl": "5a6086ea4f39f99cd479502f",
			"parentId": "I59618245242443650pn01IT",
			"slotId": "cartridges",
			"upd": {
				"StackObjectsCount": 50
			}
		},
		{
			"_id": "I59618247515630149LSCzta",
			"_tpl": "5bffdc370db834001d23eca8",
			"parentId": "5c6687d65e9d882c8841f0fd",
			"slotId": "Scabbard"
		},
		{
			"_id": "I59618246208054887EnzvdS",
			"_tpl": "5a0ea79b86f7741d4a35298e",
			"parentId": "5c6687d65e9d882c8841f121",
			"slotId": "pocket1",
			"location": {
				"x": 0,
				"y": 0,
				"r": "Horizontal"
			},
			"upd": {
				"SpawnedInSession": true
			}
		},
		{
			"_id": "I59618242129738072vGahaG",
			"_tpl": "5672c92d4bdc2d180f8b4567",
			"parentId": "5c6687d65e9d882c8841f121",
			"slotId": "pocket2",
			"location": {
				"x": 0,
				"y": 0,
				"r": "Horizontal"
			},
			"upd": {
				"SpawnedInSession": true
			}
		}
	],
	"equipment": "5c6687d65e9d882c8841f0fd",
	"stash": "5c6687d65e9d882c8841f0fc",
	"questRaidItems": "5c6687d65e9d882c8841f0fe",
	"questStashItems": "5c6687d65e9d882c8841f0ff",
	"fastPanel": {}
}