{
	"items": [
		{
			"_id": "5c6687d65e9d882c8841f0fd",
			"_tpl": "55d7217a4bdc2d86028b456d"
		},
		{
			"_id": "5c6687d65e9d882c8841f121",
			"_tpl": "557ffd194bdc2d28148b457f",
			"parentId": "5c6687d65e9d882c8841f0fd",
			"slotId": "Pockets"
		},
		{
			"_id": "5c6687d65e9d882c8841f0fc",
			"_tpl": "566abbc34bdc2d92178b4576"
		},
		{
			"_id": "5c6687d65e9d882c8841f0ff",
			"_tpl": "5963866b86f7747bfa1c4462"
		},
		{
			"_id": "5c6687d65e9d882c8841f0fe",
			"_tpl": "5963866286f7747bf429b572"
		},
		{
			"_id": "I596182459123942525G6vrl",
			"_tpl": "5d5d646386f7742797261fd9",
			"parentId": "5c6687d65e9d882c8841f0fd",
			"slotId": "TacticalVest"
		},
		{
			"_id": "I331039179860646814DlpwL",
			"_tpl": "59e6152586f77473dc057aa1",
			"parentId": "5c6687d65e9d882c8841f0fd",
			"slotId": "FirstPrimaryWeapon",
			"upd": {
				"Repairable": {
					"MaxDurability": 100,
					"Durability": 23
				}
			}
		},
		{
			"_id": "I331039174411152447ZbjJ3",
			"_tpl": "59e649f986f77411d949b246",
			"parentId": "I331039179860646814DlpwL",
			"slotId": "mod_gas_block"
		},
		{
			"_id": "I331039178642659654y2W2Q",
			"_tpl": "59e61eb386f77440d64f5daf",
			"parentId": "I331039179860646814DlpwL",
			"slotId": "mod_muzzle"
		},
		{
			"_id": "I3310391781899063462DgCY",
			"_tpl": "59e6318286f77444dd62c4cc",
			"parentId": "I331039179860646814DlpwL",
			"slotId": "mod_pistol_grip"
		},
		{
			"_id": "I3310391752734306735x2aE",
			"_tpl": "59d650cf86f7741b846413a4",
			"parentId": "I331039179860646814DlpwL",
			"slotId": "mod_sight_rear",
			"upd": {
				"Sight": {
					"SelectedSightMode": 0
				}
			}
		},
		{
			"_id": "I59618241825062991s6Q5dr",
			"_tpl": "5ac66bea5acfc43b321d4aec",
			"parentId": "I331039179860646814DlpwL",
			"slotId": "mod_magazine"
		},
		{
			"_id": "I59618244330558568Mw5fnE",
			"_tpl": "59e0d99486f7744a32234762",
			"parentId": "I59618241825062991s6Q5dr",
			"slotId": "cartridges",
			"upd": {
				"StackObjectsCount": 30
			}
		},
		{
			"_id": "I331039175782544829KijoY",
			"_tpl": "59e6284f86f77440d569536f",
			"parentId": "I331039174411152447ZbjJ3",
			"slotId": "mod_handguard"
		},
		{
			"_id": "I596182455025272421Wzp2f",
			"_tpl": "5857a8bc2459772bad15db29",
			"parentId": "5c6687d65e9d882c8841f0fd",
			"slotId": "SecuredContainer"
		},
		{
			"_id": "I59618246850643281Dz8gih",
			"_tpl": "59e4d24686f7741776641ac7",
			"parentId": "I596182455025272421Wzp2f",
			"slotId": "main",
			"upd": {
				"StackObjectsCount": 60
			}
		},
		{
			"_id": "I59618244459111715lIdOVA",
			"_tpl": "59e0d99486f7744a32234762",
			"parentId": "I596182455025272421Wzp2f",
			"slotId": "main",
			"upd": {
				"StackObjectsCount": 60
			}
		},
		{
			"_id": "I596182464090611750nVQ9A",
			"_tpl": "59e4d24686f7741776641ac7",
			"parentId": "I596182455025272421Wzp2f",
			"slotId": "main",
			"upd": {
				"StackObjectsCount": 60
			}
		},
		{
			"_id": "I59618245090488556wrQaKH",
			"_tpl": "59e4d24686f7741776641ac7",
			"parentId": "I596182455025272421Wzp2f",
			"slotId": "main",
			"upd": {
				"StackObjectsCount": 60
			}
		},
		{
			"_id": "I59618245028162459gbfBm0",
			"_tpl": "59e4d24686f7741776641ac7",
			"parentId": "I596182455025272421Wzp2f",
			"slotId": "main",
			"upd": {
				"StackObjectsCount": 60
			}
		},
		{
			"_id": "I59618245043320794xtMIZr",
			"_tpl": "5656d7c34bdc2d9d198b4587",
			"parentId": "I596182455025272421Wzp2f",
			"slotId": "main",
			"upd": {
				"StackObjectsCount": 60
			}
		},
		{
			"_id": "I59618243513759529xJqip7",
			"_tpl": "59e4d3d286f774176a36250a",
			"parentId": "I596182455025272421Wzp2f",
			"slotId": "main",
			"upd": {
				"StackObjectsCount": 60
			}
		},
		{
			"_id": "I59618243590592119AWCS7Y",
			"_tpl": "5656d7c34bdc2d9d198b4587",
			"parentId": "I596182455025272421Wzp2f",
			"slotId": "main",
			"upd": {
				"StackObjectsCount": 60
			}
		},
		{
			"_id": "I59618245256500661i109BS",
			"_tpl": "59e4d3d286f774176a36250a",
			"parentId": "I596182455025272421Wzp2f",
			"slotId": "main",
			"upd": {
				"StackObjectsCount": 60
			}
		},
		{
			"_id": "I596182471490534635jI4IV",
			"_tpl": "5e32f56fcb6d5863cc5e5ee4",
			"parentId": "I596182459123942525G6vrl",
			"slotId": "4"
		},
		{
			"_id": "I59618246566430718gWGV4j",
			"_tpl": "59d625f086f774661516605d",
			"parentId": "I596182459123942525G6vrl",
			"slotId": "5",
			"location": {
				"x": 0,
				"y": 0,
				"r": "Horizontal"
			}
		},
		{
			"_id": "I59618241209188149Eb1iDg",
			"_tpl": "59e4cf5286f7741778269d8a",
			"parentId": "I59618246566430718gWGV4j",
			"slotId": "cartridges",
			"upd": {
				"StackObjectsCount": 30
			}
		},
		{
			"_id": "I5961824214536184237xucV",
			"_tpl": "58d3db5386f77426186285a0",
			"parentId": "I596182459123942525G6vrl",
			"slotId": "2"
		},
		{
			"_id": "I59618241553703936GoPXVi",
			"_tpl": "59e4cf5286f7741778269d8a",
			"parentId": "I596182459123942525G6vrl",
			"slotId": "7",
			"upd": {
				"StackObjectsCount": 39
			}
		},
		{
			"_id": "I59618244381952613AvSb10",
			"_tpl": "54491bb74bdc2d09088b4567",
			"parentId": "5c6687d65e9d882c8841f0fd",
			"slotId": "Scabbard"
		},
		{
			"_id": "I59618243840889577A6XwUj",
			"_tpl": "5c0d2727d174af02a012cf58",
			"parentId": "5c6687d65e9d882c8841f0fd",
			"slotId": "Headwear"
		},
		{
			"_id": "I59618243698652455U8Lcq9",
			"_tpl": "5ab8f04f86f774585f4237d8",
			"parentId": "5c6687d65e9d882c8841f0fd",
			"slotId": "Backpack"
		},
		{
			"_id": "I59618243846075411bMZacb",
			"_tpl": "57347d8724597744596b4e76",
			"parentId": "I59618243698652455U8Lcq9",
			"slotId": "main",
			"location": {
				"x": 0,
				"y": 0,
				"r": "Horizontal"
			}
		},
		{
			"_id": "I59618242202870542Z544Wf",
			"_tpl": "5ab8e4ed86f7742d8e50c7fa",
			"parentId": "5c6687d65e9d882c8841f0fd",
			"slotId": "ArmorVest",
			"upd": {
				"Repairable": {
					"MaxDurability": 50,
					"Durability": 0
				}
			}
		},
		{
			"_id": "I596182413807628419OZNDl",
			"_tpl": "5d1b39a386f774252339976f",
			"parentId": "5c6687d65e9d882c8841f121",
			"slotId": "pocket1",
			"location": {
				"x": 0,
				"y": 0,
				"r": "Horizontal"
			},
			"upd": {
				"SpawnedInSession": true
			}
		},
		{
			"_id": "I59618249007988515ROM7w6",
			"_tpl": "573474f924597738002c6174",
			"parentId": "5c6687d65e9d882c8841f121",
			"slotId": "pocket2",
			"location": {
				"x": 0,
				"y": 0,
				"r": "Horizontal"
			},
			"upd": {
				"SpawnedInSession": true
			}
		}
	],
	"equipment": "5c6687d65e9d882c8841f0fd",
	"stash": "5c6687d65e9d882c8841f0fc",
	"questRaidItems": "5c6687d65e9d882c8841f0fe",
	"questStashItems": "5c6687d65e9d882c8841f0ff",
	"fastPanel": {}
}