{
	"items": [
		{
			"_id": "5c6687d65e9d882c8841f0fd",
			"_tpl": "55d7217a4bdc2d86028b456d"
		},
		{
			"_id": "5c6687d65e9d882c8841f121",
			"_tpl": "557ffd194bdc2d28148b457f",
			"parentId": "5c6687d65e9d882c8841f0fd",
			"slotId": "Pockets"
		},
		{
			"_id": "5c6687d65e9d882c8841f0fc",
			"_tpl": "566abbc34bdc2d92178b4576"
		},
		{
			"_id": "5c6687d65e9d882c8841f0ff",
			"_tpl": "5963866b86f7747bfa1c4462"
		},
		{
			"_id": "5c6687d65e9d882c8841f0fe",
			"_tpl": "5963866286f7747bf429b572"
		},
		{
			"_id": "I59618241212818569Dzbo2M",
			"_tpl": "5c0e446786f7742013381639",
			"parentId": "5c6687d65e9d882c8841f0fd",
			"slotId": "TacticalVest"
		},
		{
			"_id": "I21007377679498034n79kNv",
			"_tpl": "5839a40f24597726f856b511",
			"parentId": "5c6687d65e9d882c8841f0fd",
			"slotId": "FirstPrimaryWeapon",
			"upd": {
				"Repairable": {
					"MaxDurability": 100,
					"Durability": 59
				}
			}
		},
		{
			"_id": "I21007374758655233HjhvBo",
			"_tpl": "5649ad3f4bdc2df8348b4585",
			"parentId": "I21007377679498034n79kNv",
			"slotId": "mod_pistol_grip"
		},
		{
			"_id": "I21007377301046558Ji3FUj",
			"_tpl": "57dc347d245977596754e7a1",
			"parentId": "I21007377679498034n79kNv",
			"slotId": "mod_stock"
		},
		{
			"_id": "I59618247965112219Xz1rkb",
			"_tpl": "55d4837c4bdc2d1d4e8b456c",
			"parentId": "I21007377679498034n79kNv",
			"slotId": "mod_magazine"
		},
		{
			"_id": "I59618244310417391xAGwIw",
			"_tpl": "56dff2ced2720bb4668b4567",
			"parentId": "I59618247965112219Xz1rkb",
			"slotId": "cartridges",
			"upd": {
				"StackObjectsCount": 10
			}
		},
		{
			"_id": "I21007373196457413QW9rE6",
			"_tpl": "57ffb0e42459777d047111c5",
			"parentId": "I21007377679498034n79kNv",
			"slotId": "mod_muzzle"
		},
		{
			"_id": "I21007377542042286lGQ2TW",
			"_tpl": "5839a7742459773cf9693481",
			"parentId": "I21007377679498034n79kNv",
			"slotId": "mod_reciever"
		},
		{
			"_id": "I21007375819551855lMybX7",
			"_tpl": "59d36a0086f7747e673f3946",
			"parentId": "I21007377679498034n79kNv",
			"slotId": "mod_gas_block"
		},
		{
			"_id": "I21007375105939377PEkBo6",
			"_tpl": "56dfef82d2720bbd668b4567",
			"parentId": "I21007372692259249syNkBg",
			"slotId": "cartridges",
			"location": 0,
			"upd": {
				"StackObjectsCount": 30
			}
		},
		{
			"_id": "I210073798393159771k4CTD",
			"_tpl": "57dc32dc245977596d4ef3d3",
			"parentId": "I21007375819551855lMybX7",
			"slotId": "mod_handguard"
		},
		{
			"_id": "I59618249692504811S9rwOp",
			"_tpl": "5857a8bc2459772bad15db29",
			"parentId": "5c6687d65e9d882c8841f0fd",
			"slotId": "SecuredContainer"
		},
		{
			"_id": "I59618244272950762dBGdSi",
			"_tpl": "56dff421d2720b5f5a8b4567",
			"parentId": "I59618249692504811S9rwOp",
			"slotId": "main",
			"upd": {
				"StackObjectsCount": 60
			}
		},
		{
			"_id": "I59618249303687654uGlkwO",
			"_tpl": "56dff3afd2720bba668b4567",
			"parentId": "I59618249692504811S9rwOp",
			"slotId": "main",
			"upd": {
				"StackObjectsCount": 60
			}
		},
		{
			"_id": "I59618242728504069md969J",
			"_tpl": "56dff338d2720bbd668b4569",
			"parentId": "I59618249692504811S9rwOp",
			"slotId": "main",
			"upd": {
				"StackObjectsCount": 60
			}
		},
		{
			"_id": "I59618241124677450fw4GGc",
			"_tpl": "56dff4a2d2720bbd668b456a",
			"parentId": "I59618249692504811S9rwOp",
			"slotId": "main",
			"upd": {
				"StackObjectsCount": 60
			}
		},
		{
			"_id": "I59618248890933143flDABA",
			"_tpl": "56dff061d2720bb5668b4567",
			"parentId": "I59618249692504811S9rwOp",
			"slotId": "main",
			"upd": {
				"StackObjectsCount": 60
			}
		},
		{
			"_id": "I59618248985980429s3xL9P",
			"_tpl": "56dff338d2720bbd668b4569",
			"parentId": "I59618249692504811S9rwOp",
			"slotId": "main",
			"upd": {
				"StackObjectsCount": 60
			}
		},
		{
			"_id": "I59618249426485942yFtw57",
			"_tpl": "56dff2ced2720bb4668b4567",
			"parentId": "I59618249692504811S9rwOp",
			"slotId": "main",
			"upd": {
				"StackObjectsCount": 60
			}
		},
		{
			"_id": "I59618248007822858Ty6UBw",
			"_tpl": "56dff0bed2720bb0668b4567",
			"parentId": "I59618249692504811S9rwOp",
			"slotId": "main",
			"upd": {
				"StackObjectsCount": 60
			}
		},
		{
			"_id": "I59618249001176959NpK3P2",
			"_tpl": "56dff0bed2720bb0668b4567",
			"parentId": "I59618249692504811S9rwOp",
			"slotId": "main",
			"upd": {
				"StackObjectsCount": 60
			}
		},
		{
			"_id": "I59618249666774323Es0tUa",
			"_tpl": "55d4837c4bdc2d1d4e8b456c",
			"parentId": "I59618241212818569Dzbo2M",
			"slotId": "1",
			"location": {
				"x": 0,
				"y": 0,
				"r": "Horizontal"
			}
		},
		{
			"_id": "I596182475385137260tyFpG",
			"_tpl": "56dff0bed2720bb0668b4567",
			"parentId": "I59618249666774323Es0tUa",
			"slotId": "cartridges",
			"upd": {
				"StackObjectsCount": 10
			}
		},
		{
			"_id": "I59618244178792228syKn1K",
			"_tpl": "55d4837c4bdc2d1d4e8b456c",
			"parentId": "I59618241212818569Dzbo2M",
			"slotId": "1",
			"location": {
				"x": 0,
				"y": 1,
				"r": "Horizontal"
			}
		},
		{
			"_id": "I596182485067832734aVEFr",
			"_tpl": "56dff0bed2720bb0668b4567",
			"parentId": "I59618244178792228syKn1K",
			"slotId": "cartridges",
			"upd": {
				"StackObjectsCount": 10
			}
		},
		{
			"_id": "I59618247312294349UaUtvU",
			"_tpl": "55d4837c4bdc2d1d4e8b456c",
			"parentId": "I59618241212818569Dzbo2M",
			"slotId": "3",
			"location": {
				"x": 0,
				"y": 0,
				"r": "Horizontal"
			}
		},
		{
			"_id": "I59618247606386129IgDaCj",
			"_tpl": "56dff216d2720bbd668b4568",
			"parentId": "I59618247312294349UaUtvU",
			"slotId": "cartridges",
			"upd": {
				"StackObjectsCount": 10
			}
		},
		{
			"_id": "I59618248459536188yQPvJm",
			"_tpl": "56dff2ced2720bb4668b4567",
			"parentId": "I59618241212818569Dzbo2M",
			"slotId": "5",
			"upd": {
				"StackObjectsCount": 23
			}
		},
		{
			"_id": "I59618247041533591RpifmX",
			"_tpl": "57e26ea924597715ca604a09",
			"parentId": "5c6687d65e9d882c8841f0fd",
			"slotId": "Scabbard"
		},
		{
			"_id": "I59618244950185433QM7mJB",
			"_tpl": "572b7fa524597762b747ce82",
			"parentId": "5c6687d65e9d882c8841f0fd",
			"slotId": "FaceCover"
		},
		{
			"_id": "I59618243180388299vwNjKI",
			"_tpl": "59e7635f86f7742cbf2c1095",
			"parentId": "5c6687d65e9d882c8841f0fd",
			"slotId": "ArmorVest",
			"upd": {
				"Repairable": {
					"MaxDurability": 40,
					"Durability": 39
				}
			}
		},
		{
			"_id": "I59618241275834336edSn44",
			"_tpl": "590a3b0486f7743954552bdb",
			"parentId": "5c6687d65e9d882c8841f121",
			"slotId": "pocket1",
			"location": {
				"x": 0,
				"y": 0,
				"r": "Horizontal"
			},
			"upd": {
				"SpawnedInSession": true
			}
		},
		{
			"_id": "I596182466059953803GwytF",
			"_tpl": "5914578086f774123569ffa4",
			"parentId": "5c6687d65e9d882c8841f121",
			"slotId": "pocket2",
			"location": {
				"x": 0,
				"y": 0,
				"r": "Horizontal"
			},
			"upd": {
				"SpawnedInSession": true
			}
		},
		{
			"_id": "I59618243403638650DrCakJ",
			"_tpl": "590c2d8786f774245b1f03f3",
			"parentId": "5c6687d65e9d882c8841f121",
			"slotId": "pocket3",
			"location": {
				"x": 0,
				"y": 0,
				"r": "Horizontal"
			},
			"upd": {
				"SpawnedInSession": true
			}
		}
	],
	"equipment": "5c6687d65e9d882c8841f0fd",
	"stash": "5c6687d65e9d882c8841f0fc",
	"questRaidItems": "5c6687d65e9d882c8841f0fe",
	"questStashItems": "5c6687d65e9d882c8841f0ff",
	"fastPanel": {}
}