{
	"items": [
		{
			"_id": "5c6687d65e9d882c8841f0fd",
			"_tpl": "55d7217a4bdc2d86028b456d"
		},
		{
			"_id": "5c6687d65e9d882c8841f121",
			"_tpl": "557ffd194bdc2d28148b457f",
			"parentId": "5c6687d65e9d882c8841f0fd",
			"slotId": "Pockets"
		},
		{
			"_id": "5c6687d65e9d882c8841f0fc",
			"_tpl": "566abbc34bdc2d92178b4576"
		},
		{
			"_id": "5c6687d65e9d882c8841f0ff",
			"_tpl": "5963866b86f7747bfa1c4462"
		},
		{
			"_id": "5c6687d65e9d882c8841f0fe",
			"_tpl": "5963866286f7747bf429b572"
		},
		{
			"_id": "I59618243574028261JyOWTK",
			"_tpl": "5d5d8ca986f7742798716522",
			"parentId": "5c6687d65e9d882c8841f0fd",
			"slotId": "TacticalVest"
		},
		{
			"_id": "I210051403484529800nw29F",
			"_tpl": "5b0bbe4e5acfc40dc528a72d",
			"parentId": "5c6687d65e9d882c8841f0fd",
			"slotId": "FirstPrimaryWeapon",
			"upd": {
				"Repairable": {
					"MaxDurability": 100,
					"Durability": 5
				}
			}
		},
		{
			"_id": "I210051405996909685vFIbo",
			"_tpl": "5b099b965acfc400186331e6",
			"parentId": "I210051403484529800nw29F",
			"slotId": "mod_pistol_grip"
		},
		{
			"_id": "I59618245910233305XEZogF",
			"_tpl": "5b7d37845acfc400170e2f87",
			"parentId": "I210051403484529800nw29F",
			"slotId": "mod_magazine"
		},
		{
			"_id": "I59618248736182061EqlkKZ",
			"_tpl": "5e023e88277cce2b522ff2b1",
			"parentId": "I59618245910233305XEZogF",
			"slotId": "cartridges",
			"upd": {
				"StackObjectsCount": 30
			}
		},
		{
			"_id": "I210051405216472113YjNeL",
			"_tpl": "5b099a9d5acfc47a8607efe7",
			"parentId": "I210051403484529800nw29F",
			"slotId": "mod_handguard"
		},
		{
			"_id": "I2100514049037118355OYUz",
			"_tpl": "5b099a765acfc47a8607efe3",
			"parentId": "I210051403484529800nw29F",
			"slotId": "mod_barrel"
		},
		{
			"_id": "I2100514075276815925qiFw",
			"_tpl": "5b0bc22d5acfc47a8607f085",
			"parentId": "I210051403484529800nw29F",
			"slotId": "mod_sight_rear",
			"upd": {
				"Sight": {
					"SelectedSightMode": 0
				}
			}
		},
		{
			"_id": "I21005140392907797484gna",
			"_tpl": "5b099b7d5acfc400186331e4",
			"parentId": "I2100514049037118355OYUz",
			"slotId": "mod_muzzle"
		},
		{
			"_id": "I59618249645588454echZCi",
			"_tpl": "5857a8bc2459772bad15db29",
			"parentId": "5c6687d65e9d882c8841f0fd",
			"slotId": "SecuredContainer"
		},
		{
			"_id": "I59618245744306236ViwYwu",
			"_tpl": "5e023e88277cce2b522ff2b1",
			"parentId": "I59618249645588454echZCi",
			"slotId": "main",
			"upd": {
				"StackObjectsCount": 60
			}
		},
		{
			"_id": "I59618242942535344KQu8YY",
			"_tpl": "5e023e53d4353e3302577c4c",
			"parentId": "I59618249645588454echZCi",
			"slotId": "main",
			"upd": {
				"StackObjectsCount": 60
			}
		},
		{
			"_id": "I59618243062363849quJsEP",
			"_tpl": "5a608bf24f39f98ffc77720e",
			"parentId": "I59618249645588454echZCi",
			"slotId": "main",
			"upd": {
				"StackObjectsCount": 60
			}
		},
		{
			"_id": "I59618245526770538S61s2V",
			"_tpl": "5a608bf24f39f98ffc77720e",
			"parentId": "I59618249645588454echZCi",
			"slotId": "main",
			"upd": {
				"StackObjectsCount": 60
			}
		},
		{
			"_id": "I5961824210290629872CtKr",
			"_tpl": "58dd3ad986f77403051cba8f",
			"parentId": "I59618249645588454echZCi",
			"slotId": "main",
			"upd": {
				"StackObjectsCount": 60
			}
		},
		{
			"_id": "I59618249880425728rhjx9L",
			"_tpl": "5e023e88277cce2b522ff2b1",
			"parentId": "I59618249645588454echZCi",
			"slotId": "main",
			"upd": {
				"StackObjectsCount": 60
			}
		},
		{
			"_id": "I59618242647999609IA3A3R",
			"_tpl": "5e023e88277cce2b522ff2b1",
			"parentId": "I59618249645588454echZCi",
			"slotId": "main",
			"upd": {
				"StackObjectsCount": 60
			}
		},
		{
			"_id": "I59618245646475328AnIMiL",
			"_tpl": "5a6086ea4f39f99cd479502f",
			"parentId": "I59618249645588454echZCi",
			"slotId": "main",
			"upd": {
				"StackObjectsCount": 60
			}
		},
		{
			"_id": "I59618247189002299dYkDyc",
			"_tpl": "5e023e6e34d52a55c3304f71",
			"parentId": "I59618249645588454echZCi",
			"slotId": "main",
			"upd": {
				"StackObjectsCount": 60
			}
		},
		{
			"_id": "I59618248714413876uv3jfJ",
			"_tpl": "5b7d37845acfc400170e2f87",
			"parentId": "I59618243574028261JyOWTK",
			"slotId": "2",
			"location": {
				"x": 0,
				"y": 0,
				"r": "Horizontal"
			}
		},
		{
			"_id": "I59618245253746245HwM1dk",
			"_tpl": "58dd3ad986f77403051cba8f",
			"parentId": "I59618248714413876uv3jfJ",
			"slotId": "cartridges",
			"upd": {
				"StackObjectsCount": 30
			}
		},
		{
			"_id": "I59618249623806665Ds4Vru",
			"_tpl": "5b7d37845acfc400170e2f87",
			"parentId": "I59618243574028261JyOWTK",
			"slotId": "1",
			"location": {
				"x": 1,
				"y": 0,
				"r": "Horizontal"
			}
		},
		{
			"_id": "I59618247047743898eKeP0r",
			"_tpl": "5e023e88277cce2b522ff2b1",
			"parentId": "I59618249623806665Ds4Vru",
			"slotId": "cartridges",
			"upd": {
				"StackObjectsCount": 30
			}
		},
		{
			"_id": "I59618242452183786lYeX4Q",
			"_tpl": "57e26fc7245977162a14b800",
			"parentId": "5c6687d65e9d882c8841f0fd",
			"slotId": "Scabbard"
		},
		{
			"_id": "I59618248295754445M3OhuL",
			"_tpl": "5a43957686f7742a2c2f11b0",
			"parentId": "5c6687d65e9d882c8841f0fd",
			"slotId": "Headwear"
		},
		{
			"_id": "I59618246315509483ktmXe4",
			"_tpl": "59e770b986f7742cbd762754",
			"parentId": "5c6687d65e9d882c8841f0fd",
			"slotId": "Eyewear"
		},
		{
			"_id": "I59618244711566399Ecu2ax",
			"_tpl": "56e33634d2720bd8058b456b",
			"parentId": "5c6687d65e9d882c8841f0fd",
			"slotId": "Backpack"
		},
		{
			"_id": "I59618243419396499RGyZgk",
			"_tpl": "59387a4986f77401cc236e62",
			"parentId": "I59618244711566399Ecu2ax",
			"slotId": "main",
			"location": {
				"x": 0,
				"y": 0,
				"r": "Horizontal"
			}
		},
		{
			"_id": "I59618248089362439Vayo7N",
			"_tpl": "590c2d8786f774245b1f03f3",
			"parentId": "I59618244711566399Ecu2ax",
			"slotId": "main",
			"location": {
				"x": 0,
				"y": 1,
				"r": "Horizontal"
			}
		},
		{
			"_id": "I596182451626651470o8k43",
			"_tpl": "5c06779c86f77426e00dd782",
			"parentId": "I59618244711566399Ecu2ax",
			"slotId": "main",
			"location": {
				"x": 0,
				"y": 2,
				"r": "Horizontal"
			}
		},
		{
			"_id": "I59618241876695499Ugk8Ec",
			"_tpl": "5c13cd2486f774072c757944",
			"parentId": "I59618244711566399Ecu2ax",
			"slotId": "main",
			"location": {
				"x": 1,
				"y": 0,
				"r": "Horizontal"
			}
		},
		{
			"_id": "I59618244219294835LkFWCa",
			"_tpl": "5780cf722459777a5108b9a1",
			"parentId": "I59618244711566399Ecu2ax",
			"slotId": "main",
			"location": {
				"x": 1,
				"y": 1,
				"r": "Horizontal"
			}
		},
		{
			"_id": "I59618244910981889veToEK",
			"_tpl": "5780d0652459777df90dcb74",
			"parentId": "I59618244711566399Ecu2ax",
			"slotId": "main",
			"location": {
				"x": 1,
				"y": 2,
				"r": "Horizontal"
			}
		},
		{
			"_id": "I59618249114402452Qf8JZw",
			"_tpl": "59387a4986f77401cc236e62",
			"parentId": "I59618244711566399Ecu2ax",
			"slotId": "main",
			"location": {
				"x": 2,
				"y": 0,
				"r": "Horizontal"
			}
		},
		{
			"_id": "I596182468989923458uYkOl",
			"_tpl": "5780cda02459777b272ede61",
			"parentId": "I59618244711566399Ecu2ax",
			"slotId": "main",
			"location": {
				"x": 2,
				"y": 1,
				"r": "Horizontal"
			}
		},
		{
			"_id": "I596182411296745070cZ6Xr",
			"_tpl": "5780d0652459777df90dcb74",
			"parentId": "I59618244711566399Ecu2ax",
			"slotId": "main",
			"location": {
				"x": 2,
				"y": 2,
				"r": "Horizontal"
			}
		},
		{
			"_id": "I596182454080587467OkzP3",
			"_tpl": "5c0e5bab86f77461f55ed1f3",
			"parentId": "5c6687d65e9d882c8841f0fd",
			"slotId": "ArmorVest",
			"upd": {
				"Repairable": {
					"MaxDurability": 60,
					"Durability": 5
				}
			}
		},
		{
			"_id": "I59618243448870471hBZWwj",
			"_tpl": "5c0e531d86f7747fa23f4d42",
			"parentId": "5c6687d65e9d882c8841f121",
			"slotId": "pocket1",
			"location": {
				"x": 0,
				"y": 0,
				"r": "Horizontal"
			},
			"upd": {
				"SpawnedInSession": true
			}
		}
	],
	"equipment": "5c6687d65e9d882c8841f0fd",
	"stash": "5c6687d65e9d882c8841f0fc",
	"questRaidItems": "5c6687d65e9d882c8841f0fe",
	"questStashItems": "5c6687d65e9d882c8841f0ff",
	"fastPanel": {}
}