{
	"items": [
		{
			"_id": "5c6687d65e9d882c8841f0fd",
			"_tpl": "55d7217a4bdc2d86028b456d"
		},
		{
			"_id": "5c6687d65e9d882c8841f121",
			"_tpl": "557ffd194bdc2d28148b457f",
			"parentId": "5c6687d65e9d882c8841f0fd",
			"slotId": "Pockets"
		},
		{
			"_id": "5c6687d65e9d882c8841f0fc",
			"_tpl": "566abbc34bdc2d92178b4576"
		},
		{
			"_id": "5c6687d65e9d882c8841f0ff",
			"_tpl": "5963866b86f7747bfa1c4462"
		},
		{
			"_id": "5c6687d65e9d882c8841f0fe",
			"_tpl": "5963866286f7747bf429b572"
		},
		{
			"_id": "I59618248085683353Jfi96j",
			"_tpl": "5d5d8ca986f7742798716522",
			"parentId": "5c6687d65e9d882c8841f0fd",
			"slotId": "TacticalVest"
		},
		{
			"_id": "I21004266062619053rUPu0w",
			"_tpl": "587e02ff24597743df3deaeb",
			"parentId": "5c6687d65e9d882c8841f0fd",
			"slotId": "FirstPrimaryWeapon",
			"upd": {
				"Repairable": {
					"MaxDurability": 100,
					"Durability": 28
				}
			}
		},
		{
			"_id": "I210042629579977294mSOx4",
			"_tpl": "587e0531245977466077a0f7",
			"parentId": "I21004266062619053rUPu0w",
			"slotId": "mod_stock"
		},
		{
			"_id": "I21004265607783668HnQrjp",
			"_tpl": "574db213245977459a2f3f5d",
			"parentId": "I21004266062619053rUPu0w",
			"slotId": "mod_sight_rear",
			"upd": {
				"Sight": {
					"SelectedSightMode": 0
				}
			}
		},
		{
			"_id": "I59618245269768825fM5GNB",
			"_tpl": "587df583245977373c4f1129",
			"parentId": "I21004266062619053rUPu0w",
			"slotId": "mod_magazine"
		},
		{
			"_id": "I59618242924620199IkIqcx",
			"_tpl": "5656d7c34bdc2d9d198b4587",
			"parentId": "I59618245269768825fM5GNB",
			"slotId": "cartridges",
			"upd": {
				"StackObjectsCount": 20
			}
		},
		{
			"_id": "I21004262280997617l5swJY",
			"_tpl": "587e08ee245977446b4410cf",
			"parentId": "I21004266062619053rUPu0w",
			"slotId": "mod_mount"
		},
		{
			"_id": "I59618243491022282b0ovt7",
			"_tpl": "5857a8bc2459772bad15db29",
			"parentId": "5c6687d65e9d882c8841f0fd",
			"slotId": "SecuredContainer"
		},
		{
			"_id": "I59618248807998112TSZbT4",
			"_tpl": "59e4cf5286f7741778269d8a",
			"parentId": "I59618243491022282b0ovt7",
			"slotId": "main",
			"upd": {
				"StackObjectsCount": 60
			}
		},
		{
			"_id": "I59618249569942029bVqaJh",
			"_tpl": "59e4d24686f7741776641ac7",
			"parentId": "I59618243491022282b0ovt7",
			"slotId": "main",
			"upd": {
				"StackObjectsCount": 60
			}
		},
		{
			"_id": "I59618243787447502sWAEmk",
			"_tpl": "59e4cf5286f7741778269d8a",
			"parentId": "I59618243491022282b0ovt7",
			"slotId": "main",
			"upd": {
				"StackObjectsCount": 60
			}
		},
		{
			"_id": "I59618243238031093S5urS7",
			"_tpl": "5656d7c34bdc2d9d198b4587",
			"parentId": "I59618243491022282b0ovt7",
			"slotId": "main",
			"upd": {
				"StackObjectsCount": 60
			}
		},
		{
			"_id": "I59618246435830486N2J0ZF",
			"_tpl": "59e4d3d286f774176a36250a",
			"parentId": "I59618243491022282b0ovt7",
			"slotId": "main",
			"upd": {
				"StackObjectsCount": 60
			}
		},
		{
			"_id": "I59618245239287831Lk6mnr",
			"_tpl": "59e4cf5286f7741778269d8a",
			"parentId": "I59618243491022282b0ovt7",
			"slotId": "main",
			"upd": {
				"StackObjectsCount": 60
			}
		},
		{
			"_id": "I59618249944531787vgVMbm",
			"_tpl": "59e4cf5286f7741778269d8a",
			"parentId": "I59618243491022282b0ovt7",
			"slotId": "main",
			"upd": {
				"StackObjectsCount": 60
			}
		},
		{
			"_id": "I59618248368056836SkPjVz",
			"_tpl": "59e4d24686f7741776641ac7",
			"parentId": "I59618243491022282b0ovt7",
			"slotId": "main",
			"upd": {
				"StackObjectsCount": 60
			}
		},
		{
			"_id": "I59618242901282334xL8gi7",
			"_tpl": "5656d7c34bdc2d9d198b4587",
			"parentId": "I59618243491022282b0ovt7",
			"slotId": "main",
			"upd": {
				"StackObjectsCount": 60
			}
		},
		{
			"_id": "I596182455463248804MXoS7",
			"_tpl": "544fb25a4bdc2dfb738b4567",
			"parentId": "I59618248085683353Jfi96j",
			"slotId": "2"
		},
		{
			"_id": "I59618246387109977rhHkvh",
			"_tpl": "587df583245977373c4f1129",
			"parentId": "I59618248085683353Jfi96j",
			"slotId": "3",
			"location": {
				"x": 0,
				"y": 0,
				"r": "Horizontal"
			}
		},
		{
			"_id": "I59618244516799977GpnUQF",
			"_tpl": "5656d7c34bdc2d9d198b4587",
			"parentId": "I59618246387109977rhHkvh",
			"slotId": "cartridges",
			"upd": {
				"StackObjectsCount": 20
			}
		},
		{
			"_id": "I59618243369233456VqK6f2",
			"_tpl": "587df583245977373c4f1129",
			"parentId": "I59618248085683353Jfi96j",
			"slotId": "1",
			"location": {
				"x": 0,
				"y": 0,
				"r": "Horizontal"
			}
		},
		{
			"_id": "I596182462236256222SySTG",
			"_tpl": "59e0d99486f7744a32234762",
			"parentId": "I59618243369233456VqK6f2",
			"slotId": "cartridges",
			"upd": {
				"StackObjectsCount": 20
			}
		},
		{
			"_id": "I59618244034323392v71HqS",
			"_tpl": "54491bb74bdc2d09088b4567",
			"parentId": "5c6687d65e9d882c8841f0fd",
			"slotId": "Scabbard"
		},
		{
			"_id": "I59618249928357022CraONB",
			"_tpl": "5a43957686f7742a2c2f11b0",
			"parentId": "5c6687d65e9d882c8841f0fd",
			"slotId": "Headwear"
		}
	],
	"equipment": "5c6687d65e9d882c8841f0fd",
	"stash": "5c6687d65e9d882c8841f0fc",
	"questRaidItems": "5c6687d65e9d882c8841f0fe",
	"questStashItems": "5c6687d65e9d882c8841f0ff",
	"fastPanel": {}
}