{
	"items": [
		{
			"_id": "5c6687d65e9d882c8841f0fd",
			"_tpl": "55d7217a4bdc2d86028b456d"
		},
		{
			"_id": "5c6687d65e9d882c8841f121",
			"_tpl": "557ffd194bdc2d28148b457f",
			"parentId": "5c6687d65e9d882c8841f0fd",
			"slotId": "Pockets"
		},
		{
			"_id": "5c6687d65e9d882c8841f0fc",
			"_tpl": "566abbc34bdc2d92178b4576"
		},
		{
			"_id": "5c6687d65e9d882c8841f0ff",
			"_tpl": "5963866b86f7747bfa1c4462"
		},
		{
			"_id": "5c6687d65e9d882c8841f0fe",
			"_tpl": "5963866286f7747bf429b572"
		},
		{
			"_id": "I59618243679859737PrGUdl",
			"_tpl": "5c0e3eb886f7742015526062",
			"parentId": "5c6687d65e9d882c8841f0fd",
			"slotId": "TacticalVest"
		},
		{
			"_id": "I210015102641588730FeBQk",
			"_tpl": "57f4c844245977379d5c14d1",
			"parentId": "5c6687d65e9d882c8841f0fd",
			"slotId": "FirstPrimaryWeapon",
			"upd": {
				"Repairable": {
					"MaxDurability": 100,
					"Durability": 25
				}
			}
		},
		{
			"_id": "I210015108752448856835CJ",
			"_tpl": "57d152ec245977144076ccdf",
			"parentId": "I210015102641588730FeBQk",
			"slotId": "mod_pistol_grip"
		},
		{
			"_id": "I59618245330515316Q3Q6e1",
			"_tpl": "57d1519e24597714373db79d",
			"parentId": "I210015102641588730FeBQk",
			"slotId": "mod_magazine"
		},
		{
			"_id": "I59618247769262283cDgJ0L",
			"_tpl": "57371b192459775a9f58a5e0",
			"parentId": "I59618245330515316Q3Q6e1",
			"slotId": "cartridges",
			"upd": {
				"StackObjectsCount": 30
			}
		},
		{
			"_id": "I59618247205006077Me755Q",
			"_tpl": "5857a8bc2459772bad15db29",
			"parentId": "5c6687d65e9d882c8841f0fd",
			"slotId": "SecuredContainer"
		},
		{
			"_id": "I59618249362185470YmbxPJ",
			"_tpl": "57371eb62459776125652ac1",
			"parentId": "I59618247205006077Me755Q",
			"slotId": "main",
			"upd": {
				"StackObjectsCount": 60
			}
		},
		{
			"_id": "I59618245781569580asALoo",
			"_tpl": "57371f8d24597761006c6a81",
			"parentId": "I59618247205006077Me755Q",
			"slotId": "main",
			"upd": {
				"StackObjectsCount": 60
			}
		},
		{
			"_id": "I59618243446182691dqHdL0",
			"_tpl": "57371eb62459776125652ac1",
			"parentId": "I59618247205006077Me755Q",
			"slotId": "main",
			"upd": {
				"StackObjectsCount": 60
			}
		},
		{
			"_id": "I59618245197412367IcZruJ",
			"_tpl": "57371e4124597760ff7b25f1",
			"parentId": "I59618247205006077Me755Q",
			"slotId": "main",
			"upd": {
				"StackObjectsCount": 60
			}
		},
		{
			"_id": "I59618249536261162di7wwr",
			"_tpl": "573719762459775a626ccbc1",
			"parentId": "I59618247205006077Me755Q",
			"slotId": "main",
			"upd": {
				"StackObjectsCount": 60
			}
		},
		{
			"_id": "I5961824588795648333OC0Y",
			"_tpl": "5737207f24597760ff7b25f2",
			"parentId": "I59618247205006077Me755Q",
			"slotId": "main",
			"upd": {
				"StackObjectsCount": 60
			}
		},
		{
			"_id": "I59618247065792673oVFW2Q",
			"_tpl": "57371e4124597760ff7b25f1",
			"parentId": "I59618247205006077Me755Q",
			"slotId": "main",
			"upd": {
				"StackObjectsCount": 60
			}
		},
		{
			"_id": "I596182450787794915XUfMp",
			"_tpl": "57371aab2459775a77142f22",
			"parentId": "I59618247205006077Me755Q",
			"slotId": "main",
			"upd": {
				"StackObjectsCount": 60
			}
		},
		{
			"_id": "I59618241621848059tEuMBq",
			"_tpl": "57372140245977611f70ee91",
			"parentId": "I59618247205006077Me755Q",
			"slotId": "main",
			"upd": {
				"StackObjectsCount": 60
			}
		},
		{
			"_id": "I59618243166787396B547iK",
			"_tpl": "57d1519e24597714373db79d",
			"parentId": "I59618243679859737PrGUdl",
			"slotId": "1",
			"location": {
				"x": 0,
				"y": 0,
				"r": "Horizontal"
			}
		},
		{
			"_id": "I59618243134650632pSAt6K",
			"_tpl": "57371b192459775a9f58a5e0",
			"parentId": "I59618243166787396B547iK",
			"slotId": "cartridges",
			"upd": {
				"StackObjectsCount": 30
			}
		},
		{
			"_id": "I59618249916886841SbSvgo",
			"_tpl": "57d1519e24597714373db79d",
			"parentId": "I59618243679859737PrGUdl",
			"slotId": "3",
			"location": {
				"x": 0,
				"y": 0,
				"r": "Horizontal"
			}
		},
		{
			"_id": "I59618248624498799r9r4ts",
			"_tpl": "5737207f24597760ff7b25f2",
			"parentId": "I59618249916886841SbSvgo",
			"slotId": "cartridges",
			"upd": {
				"StackObjectsCount": 30
			}
		},
		{
			"_id": "I59618243532814510BtR0g8",
			"_tpl": "5a0c27731526d80618476ac4",
			"parentId": "I59618243679859737PrGUdl",
			"slotId": "5"
		},
		{
			"_id": "I59618244844242488xAKtG8",
			"_tpl": "57e26ea924597715ca604a09",
			"parentId": "5c6687d65e9d882c8841f0fd",
			"slotId": "Scabbard"
		},
		{
			"_id": "I59618246943373327wDA9iQ",
			"_tpl": "5c0d2727d174af02a012cf58",
			"parentId": "5c6687d65e9d882c8841f0fd",
			"slotId": "Headwear"
		},
		{
			"_id": "I59618247671948860FHWSMv",
			"_tpl": "5ca20d5986f774331e7c9602",
			"parentId": "5c6687d65e9d882c8841f0fd",
			"slotId": "Backpack"
		},
		{
			"_id": "I59618248142759875yE4xJJ",
			"_tpl": "5d1b3f2d86f774253763b735",
			"parentId": "I59618247671948860FHWSMv",
			"slotId": "main",
			"location": {
				"x": 0,
				"y": 0,
				"r": "Horizontal"
			}
		},
		{
			"_id": "I59618245601388815WDyjai",
			"_tpl": "59e366c186f7741778269d85",
			"parentId": "I59618247671948860FHWSMv",
			"slotId": "main",
			"location": {
				"x": 0,
				"y": 1,
				"r": "Horizontal"
			}
		},
		{
			"_id": "I59618245949323846dNXkgW",
			"_tpl": "5d4041f086f7743cac3f22a7",
			"parentId": "I59618247671948860FHWSMv",
			"slotId": "main",
			"location": {
				"x": 0,
				"y": 2,
				"r": "Horizontal"
			}
		},
		{
			"_id": "I59618249147892999oWQ5oj",
			"_tpl": "590c31c586f774245e3141b2",
			"parentId": "I59618247671948860FHWSMv",
			"slotId": "main",
			"location": {
				"x": 0,
				"y": 3,
				"r": "Horizontal"
			}
		},
		{
			"_id": "I596182424486487292JqkCX",
			"_tpl": "5783c43d2459774bbe137486",
			"parentId": "I59618247671948860FHWSMv",
			"slotId": "main",
			"location": {
				"x": 0,
				"y": 4,
				"r": "Horizontal"
			}
		},
		{
			"_id": "I59618243100417703ZKLL8d",
			"_tpl": "577e1c9d2459773cd707c525",
			"parentId": "I59618247671948860FHWSMv",
			"slotId": "main",
			"location": {
				"x": 1,
				"y": 0,
				"r": "Horizontal"
			}
		},
		{
			"_id": "I59618244585438098ReEFmh",
			"_tpl": "57347b8b24597737dd42e192",
			"parentId": "I59618247671948860FHWSMv",
			"slotId": "main",
			"location": {
				"x": 1,
				"y": 1,
				"r": "Horizontal"
			}
		},
		{
			"_id": "I59618244148814507SUNDjO",
			"_tpl": "59e7635f86f7742cbf2c1095",
			"parentId": "5c6687d65e9d882c8841f0fd",
			"slotId": "ArmorVest",
			"upd": {
				"Repairable": {
					"MaxDurability": 40,
					"Durability": 28
				}
			}
		},
		{
			"_id": "I596182415976120123imSH3",
			"_tpl": "5783c43d2459774bbe137486",
			"parentId": "5c6687d65e9d882c8841f121",
			"slotId": "pocket1",
			"location": {
				"x": 0,
				"y": 0,
				"r": "Horizontal"
			},
			"upd": {
				"SpawnedInSession": true
			}
		},
		{
			"_id": "I59618249450912599AfUrIK",
			"_tpl": "57347baf24597738002c6178",
			"parentId": "5c6687d65e9d882c8841f121",
			"slotId": "pocket2",
			"location": {
				"x": 0,
				"y": 0,
				"r": "Horizontal"
			},
			"upd": {
				"SpawnedInSession": true
			}
		}
	],
	"equipment": "5c6687d65e9d882c8841f0fd",
	"stash": "5c6687d65e9d882c8841f0fc",
	"questRaidItems": "5c6687d65e9d882c8841f0fe",
	"questStashItems": "5c6687d65e9d882c8841f0ff",
	"fastPanel": {}
}