{
	"items": [
		{
			"_id": "5c6687d65e9d882c8841f0fd",
			"_tpl": "55d7217a4bdc2d86028b456d"
		},
		{
			"_id": "5c6687d65e9d882c8841f121",
			"_tpl": "557ffd194bdc2d28148b457f",
			"parentId": "5c6687d65e9d882c8841f0fd",
			"slotId": "Pockets"
		},
		{
			"_id": "5c6687d65e9d882c8841f0fc",
			"_tpl": "566abbc34bdc2d92178b4576"
		},
		{
			"_id": "5c6687d65e9d882c8841f0ff",
			"_tpl": "5963866b86f7747bfa1c4462"
		},
		{
			"_id": "5c6687d65e9d882c8841f0fe",
			"_tpl": "5963866286f7747bf429b572"
		},
		{
			"_id": "I596182484873846855915zL",
			"_tpl": "5c0e446786f7742013381639",
			"parentId": "5c6687d65e9d882c8841f0fd",
			"slotId": "TacticalVest"
		},
		{
			"_id": "I33102199244347225huwq4b",
			"_tpl": "57dc2fa62459775949412633",
			"parentId": "5c6687d65e9d882c8841f0fd",
			"slotId": "FirstPrimaryWeapon",
			"upd": {
				"Repairable": {
					"MaxDurability": 100,
					"Durability": 12
				}
			}
		},
		{
			"_id": "I33102198208220368mkoBPf",
			"_tpl": "57e3dba62459770f0c32322b",
			"parentId": "I33102199244347225huwq4b",
			"slotId": "mod_pistol_grip"
		},
		{
			"_id": "I33102191015356994tky48q",
			"_tpl": "57dc347d245977596754e7a1",
			"parentId": "I33102199244347225huwq4b",
			"slotId": "mod_stock"
		},
		{
			"_id": "I59618243810745633O8SExb",
			"_tpl": "55d482194bdc2d1d4e8b456b",
			"parentId": "I33102199244347225huwq4b",
			"slotId": "mod_magazine"
		},
		{
			"_id": "I596182467044030681wS8Lx",
			"_tpl": "5c0d5e4486f77478390952fe",
			"parentId": "I59618243810745633O8SExb",
			"slotId": "cartridges",
			"upd": {
				"StackObjectsCount": 60
			}
		},
		{
			"_id": "I331021979274565986ipDm6",
			"_tpl": "57dc324a24597759501edc20",
			"parentId": "I33102199244347225huwq4b",
			"slotId": "mod_muzzle"
		},
		{
			"_id": "I33102196100545524E0zoJV",
			"_tpl": "59d36a0086f7747e673f3946",
			"parentId": "I33102199244347225huwq4b",
			"slotId": "mod_gas_block"
		},
		{
			"_id": "I331021985013893897JE7Au",
			"_tpl": "56dfef82d2720bbd668b4567",
			"parentId": "I33102195248896084yCBI6t",
			"slotId": "cartridges",
			"location": 0,
			"upd": {
				"StackObjectsCount": 30
			}
		},
		{
			"_id": "I33102195902080607QLDgOL",
			"_tpl": "57dc32dc245977596d4ef3d3",
			"parentId": "I33102196100545524E0zoJV",
			"slotId": "mod_handguard"
		},
		{
			"_id": "I59618243230106464cVhrWV",
			"_tpl": "5857a8bc2459772bad15db29",
			"parentId": "5c6687d65e9d882c8841f0fd",
			"slotId": "SecuredContainer"
		},
		{
			"_id": "I59618247925549100TuTj7N",
			"_tpl": "56dff338d2720bbd668b4569",
			"parentId": "I59618243230106464cVhrWV",
			"slotId": "main",
			"upd": {
				"StackObjectsCount": 60
			}
		},
		{
			"_id": "I59618248612714060QvdbxU",
			"_tpl": "56dfef82d2720bbd668b4567",
			"parentId": "I59618243230106464cVhrWV",
			"slotId": "main",
			"upd": {
				"StackObjectsCount": 60
			}
		},
		{
			"_id": "I59618246287316187KjHhu5",
			"_tpl": "56dfef82d2720bbd668b4567",
			"parentId": "I59618243230106464cVhrWV",
			"slotId": "main",
			"upd": {
				"StackObjectsCount": 60
			}
		},
		{
			"_id": "I596182491357017563Q90fL",
			"_tpl": "56dff3afd2720bba668b4567",
			"parentId": "I59618243230106464cVhrWV",
			"slotId": "main",
			"upd": {
				"StackObjectsCount": 60
			}
		},
		{
			"_id": "I59618244976976873IHDeyN",
			"_tpl": "56dff061d2720bb5668b4567",
			"parentId": "I59618243230106464cVhrWV",
			"slotId": "main",
			"upd": {
				"StackObjectsCount": 60
			}
		},
		{
			"_id": "I59618244593088470RgGC98",
			"_tpl": "56dff216d2720bbd668b4568",
			"parentId": "I59618243230106464cVhrWV",
			"slotId": "main",
			"upd": {
				"StackObjectsCount": 60
			}
		},
		{
			"_id": "I59618244255609584auaa8l",
			"_tpl": "56dff3afd2720bba668b4567",
			"parentId": "I59618243230106464cVhrWV",
			"slotId": "main",
			"upd": {
				"StackObjectsCount": 60
			}
		},
		{
			"_id": "I59618247774066188CdqKaZ",
			"_tpl": "5c0d5e4486f77478390952fe",
			"parentId": "I59618243230106464cVhrWV",
			"slotId": "main",
			"upd": {
				"StackObjectsCount": 60
			}
		},
		{
			"_id": "I59618244674054609WKf19J",
			"_tpl": "56dfef82d2720bbd668b4567",
			"parentId": "I59618243230106464cVhrWV",
			"slotId": "main",
			"upd": {
				"StackObjectsCount": 60
			}
		},
		{
			"_id": "I210016352266185794zd3SI",
			"_tpl": "56e0598dd2720bb5668b45a6",
			"parentId": "5c6687d65e9d882c8841f0fd",
			"slotId": "Holster",
			"upd": {
				"Repairable": {
					"MaxDurability": 100,
					"Durability": 61
				}
			}
		},
		{
			"_id": "I59618242339467411wDgTqB",
			"_tpl": "573720e02459776143012541",
			"parentId": "I210016359259926518drwwp",
			"slotId": "cartridges",
			"upd": {
				"StackObjectsCount": 8
			}
		},
		{
			"_id": "I210016359259926518drwwp",
			"_tpl": "5448c12b4bdc2d02308b456f",
			"parentId": "I210016352266185794zd3SI",
			"slotId": "mod_magazine"
		},
		{
			"_id": "I210016357401982149X62Eg",
			"_tpl": "56e05b06d2720bb2668b4586",
			"parentId": "I210016352266185794zd3SI",
			"slotId": "mod_muzzle"
		},
		{
			"_id": "I210016359320850162BUbDs",
			"_tpl": "56e05a6ed2720bd0748b4567",
			"parentId": "I210016352266185794zd3SI",
			"slotId": "mod_pistol_grip"
		},
		{
			"_id": "I596182457850832945kOLL4",
			"_tpl": "5aaa4194e5b5b055d06310a5",
			"parentId": "I596182484873846855915zL",
			"slotId": "1",
			"location": {
				"x": 0,
				"y": 0,
				"r": "Horizontal"
			}
		},
		{
			"_id": "I59618242319113536AN7fz4",
			"_tpl": "56dff0bed2720bb0668b4567",
			"parentId": "I596182457850832945kOLL4",
			"slotId": "cartridges",
			"upd": {
				"StackObjectsCount": 30
			}
		},
		{
			"_id": "I596182463602393050XNBbH",
			"_tpl": "5aaa4194e5b5b055d06310a5",
			"parentId": "I596182484873846855915zL",
			"slotId": "4",
			"location": {
				"x": 0,
				"y": 0,
				"r": "Horizontal"
			}
		},
		{
			"_id": "I59618249112308675lrzC51",
			"_tpl": "56dfef82d2720bbd668b4567",
			"parentId": "I596182463602393050XNBbH",
			"slotId": "cartridges",
			"upd": {
				"StackObjectsCount": 30
			}
		},
		{
			"_id": "I59618244517148224m7ppj3",
			"_tpl": "5a0c27731526d80618476ac4",
			"parentId": "I596182484873846855915zL",
			"slotId": "6"
		},
		{
			"_id": "I59618243688738819xAhAye",
			"_tpl": "5448c12b4bdc2d02308b456f",
			"parentId": "I596182484873846855915zL",
			"slotId": "3",
			"location": {
				"x": 0,
				"y": 0,
				"r": "Horizontal"
			}
		},
		{
			"_id": "I59618242217696671F33jAf",
			"_tpl": "573719df2459775a626ccbc2",
			"parentId": "I59618243688738819xAhAye",
			"slotId": "cartridges",
			"upd": {
				"StackObjectsCount": 8
			}
		},
		{
			"_id": "I59618248199919939NzddDo",
			"_tpl": "5448c12b4bdc2d02308b456f",
			"parentId": "I596182484873846855915zL",
			"slotId": "3",
			"location": {
				"x": 0,
				"y": 1,
				"r": "Horizontal"
			}
		},
		{
			"_id": "I59618241367762646puSLj2",
			"_tpl": "57371f2b24597761224311f1",
			"parentId": "I59618248199919939NzddDo",
			"slotId": "cartridges",
			"upd": {
				"StackObjectsCount": 8
			}
		},
		{
			"_id": "I59618246774609994mCEzPx",
			"_tpl": "57e26fc7245977162a14b800",
			"parentId": "5c6687d65e9d882c8841f0fd",
			"slotId": "Scabbard"
		},
		{
			"_id": "I59618241694496006ghGKtI",
			"_tpl": "572b7f1624597762ae139822",
			"parentId": "5c6687d65e9d882c8841f0fd",
			"slotId": "FaceCover"
		},
		{
			"_id": "I59618241835152756F7izkp",
			"_tpl": "59e7635f86f7742cbf2c1095",
			"parentId": "5c6687d65e9d882c8841f0fd",
			"slotId": "ArmorVest",
			"upd": {
				"Repairable": {
					"MaxDurability": 40,
					"Durability": 7
				}
			}
		},
		{
			"_id": "I59618247929878975AI3fvJ",
			"_tpl": "59e366c186f7741778269d85",
			"parentId": "5c6687d65e9d882c8841f121",
			"slotId": "pocket1",
			"location": {
				"x": 0,
				"y": 0,
				"r": "Horizontal"
			},
			"upd": {
				"SpawnedInSession": true
			}
		},
		{
			"_id": "I59618242768979735bqMVNN",
			"_tpl": "590c5bbd86f774785762df04",
			"parentId": "5c6687d65e9d882c8841f121",
			"slotId": "pocket2",
			"location": {
				"x": 0,
				"y": 0,
				"r": "Horizontal"
			},
			"upd": {
				"SpawnedInSession": true
			}
		},
		{
			"_id": "I59618247704088978YdGn2j",
			"_tpl": "5af04e0a86f7743a532b79e2",
			"parentId": "5c6687d65e9d882c8841f121",
			"slotId": "pocket3",
			"location": {
				"x": 0,
				"y": 0,
				"r": "Horizontal"
			},
			"upd": {
				"SpawnedInSession": true
			}
		}
	],
	"equipment": "5c6687d65e9d882c8841f0fd",
	"stash": "5c6687d65e9d882c8841f0fc",
	"questRaidItems": "5c6687d65e9d882c8841f0fe",
	"questStashItems": "5c6687d65e9d882c8841f0ff",
	"fastPanel": {}
}