{
	"items": [
		{
			"_id": "5c6687d65e9d882c8841f0fd",
			"_tpl": "55d7217a4bdc2d86028b456d"
		},
		{
			"_id": "5c6687d65e9d882c8841f121",
			"_tpl": "557ffd194bdc2d28148b457f",
			"parentId": "5c6687d65e9d882c8841f0fd",
			"slotId": "Pockets"
		},
		{
			"_id": "5c6687d65e9d882c8841f0fc",
			"_tpl": "566abbc34bdc2d92178b4576"
		},
		{
			"_id": "5c6687d65e9d882c8841f0ff",
			"_tpl": "5963866b86f7747bfa1c4462"
		},
		{
			"_id": "5c6687d65e9d882c8841f0fe",
			"_tpl": "5963866286f7747bf429b572"
		},
		{
			"_id": "I596182416453281954J5Ynn",
			"_tpl": "5e4abfed86f77406a2713cf7",
			"parentId": "5c6687d65e9d882c8841f0fd",
			"slotId": "TacticalVest"
		},
		{
			"_id": "I210054153211666324Nq18W",
			"_tpl": "5c46fbd72e2216398b5a8c9c",
			"parentId": "5c6687d65e9d882c8841f0fd",
			"slotId": "FirstPrimaryWeapon",
			"upd": {
				"Repairable": {
					"MaxDurability": 100,
					"Durability": 30
				}
			}
		},
		{
			"_id": "I210054156175010314CVn0n",
			"_tpl": "5c471be12e221602b66cd9ac",
			"parentId": "I210054153211666324Nq18W",
			"slotId": "mod_pistol_grip"
		},
		{
			"_id": "I59618248880474371FRYiUb",
			"_tpl": "5c88f24b2e22160bc12c69a6",
			"parentId": "I210054153211666324Nq18W",
			"slotId": "mod_magazine"
		},
		{
			"_id": "I59618245426094698gy0xj7",
			"_tpl": "560d61e84bdc2da74d8b4571",
			"parentId": "I59618248880474371FRYiUb",
			"slotId": "cartridges",
			"upd": {
				"StackObjectsCount": 20
			}
		},
		{
			"_id": "I210054152756362138kJ5fy",
			"_tpl": "5c471cb32e221602b177afaa",
			"parentId": "I210054153211666324Nq18W",
			"slotId": "mod_barrel"
		},
		{
			"_id": "I2100541578922177816lqLu",
			"_tpl": "5c471c2d2e22164bef5d077f",
			"parentId": "I210054153211666324Nq18W",
			"slotId": "mod_mount_001"
		},
		{
			"_id": "I210054152771921843w4nrq",
			"_tpl": "5c471bd12e221602b4129c3a",
			"parentId": "I210054153211666324Nq18W",
			"slotId": "mod_reciever"
		},
		{
			"_id": "I210054154350262906fTWwb",
			"_tpl": "5c471bfc2e221602b21d4e17",
			"parentId": "I210054152756362138kJ5fy",
			"slotId": "mod_muzzle"
		},
		{
			"_id": "I210054156855769832WgNiU",
			"_tpl": "5c471c842e221615214259b5",
			"parentId": "I210054152756362138kJ5fy",
			"slotId": "mod_gas_block"
		},
		{
			"_id": "I2100541556102252146P1lP",
			"_tpl": "5c471c6c2e221602b66cd9ae",
			"parentId": "I2100541578922177816lqLu",
			"slotId": "mod_handguard"
		},
		{
			"_id": "I210054151405287883T5uG9",
			"_tpl": "5c471b7e2e2216152006e46c",
			"parentId": "I2100541578922177816lqLu",
			"slotId": "mod_sight_rear",
			"upd": {
				"Sight": {
					"SelectedSightMode": 0
				}
			}
		},
		{
			"_id": "I210054156388736531vA431",
			"_tpl": "5c471ba12e221602b3137d76",
			"parentId": "I210054154350262906fTWwb",
			"slotId": "mod_sight_front",
			"upd": {
				"Sight": {
					"SelectedSightMode": 0
				}
			}
		},
		{
			"_id": "I59618241577899309eocqqX",
			"_tpl": "5857a8bc2459772bad15db29",
			"parentId": "5c6687d65e9d882c8841f0fd",
			"slotId": "SecuredContainer"
		},
		{
			"_id": "I596182416440418241ahY1f",
			"_tpl": "5e023d34e8a400319a28ed44",
			"parentId": "I59618241577899309eocqqX",
			"slotId": "main",
			"upd": {
				"StackObjectsCount": 60
			}
		},
		{
			"_id": "I596182494858369994dTkYe",
			"_tpl": "5e023d48186a883be655e551",
			"parentId": "I59618241577899309eocqqX",
			"slotId": "main",
			"upd": {
				"StackObjectsCount": 60
			}
		},
		{
			"_id": "I59618245957721722LzFdvX",
			"_tpl": "5e023d34e8a400319a28ed44",
			"parentId": "I59618241577899309eocqqX",
			"slotId": "main",
			"upd": {
				"StackObjectsCount": 60
			}
		},
		{
			"_id": "I5961824442596966654tAqq",
			"_tpl": "5e023d34e8a400319a28ed44",
			"parentId": "I59618241577899309eocqqX",
			"slotId": "main",
			"upd": {
				"StackObjectsCount": 60
			}
		},
		{
			"_id": "I59618244549886149v4Z0vv",
			"_tpl": "5e023cf8186a883be655e54f",
			"parentId": "I59618241577899309eocqqX",
			"slotId": "main",
			"upd": {
				"StackObjectsCount": 60
			}
		},
		{
			"_id": "I59618248479159262vqL37W",
			"_tpl": "59e77a2386f7742ee578960a",
			"parentId": "I59618241577899309eocqqX",
			"slotId": "main",
			"upd": {
				"StackObjectsCount": 60
			}
		},
		{
			"_id": "I59618248155855678gMC72I",
			"_tpl": "5e023cf8186a883be655e54f",
			"parentId": "I59618241577899309eocqqX",
			"slotId": "main",
			"upd": {
				"StackObjectsCount": 60
			}
		},
		{
			"_id": "I59618243252642220vkI4V0",
			"_tpl": "560d61e84bdc2da74d8b4571",
			"parentId": "I59618241577899309eocqqX",
			"slotId": "main",
			"upd": {
				"StackObjectsCount": 60
			}
		},
		{
			"_id": "I596182445514566268q4csT",
			"_tpl": "5887431f2459777e1612938f",
			"parentId": "I59618241577899309eocqqX",
			"slotId": "main",
			"upd": {
				"StackObjectsCount": 60
			}
		},
		{
			"_id": "I59618249013972893vEaz1d",
			"_tpl": "5c88f24b2e22160bc12c69a6",
			"parentId": "I596182416453281954J5Ynn",
			"slotId": "1",
			"location": {
				"x": 0,
				"y": 0,
				"r": "Horizontal"
			}
		},
		{
			"_id": "I596182414066876795Uiwpl",
			"_tpl": "5e023cf8186a883be655e54f",
			"parentId": "I59618249013972893vEaz1d",
			"slotId": "cartridges",
			"upd": {
				"StackObjectsCount": 20
			}
		},
		{
			"_id": "I59618242398421613p10C4x",
			"_tpl": "5c88f24b2e22160bc12c69a6",
			"parentId": "I596182416453281954J5Ynn",
			"slotId": "3",
			"location": {
				"x": 0,
				"y": 0,
				"r": "Horizontal"
			}
		},
		{
			"_id": "I59618249631573719dEjenI",
			"_tpl": "5e023d34e8a400319a28ed44",
			"parentId": "I59618242398421613p10C4x",
			"slotId": "cartridges",
			"upd": {
				"StackObjectsCount": 20
			}
		},
		{
			"_id": "I59618241492639657taMKji",
			"_tpl": "5e023d34e8a400319a28ed44",
			"parentId": "I596182416453281954J5Ynn",
			"slotId": "9",
			"upd": {
				"StackObjectsCount": 33
			}
		},
		{
			"_id": "I59618247459957773A4IGRr",
			"_tpl": "5bffdc370db834001d23eca8",
			"parentId": "5c6687d65e9d882c8841f0fd",
			"slotId": "Scabbard"
		},
		{
			"_id": "I59618241431291553sd0OoZ",
			"_tpl": "59e770f986f7742cbe3164ef",
			"parentId": "5c6687d65e9d882c8841f0fd",
			"slotId": "Headwear"
		},
		{
			"_id": "I596182476286409338B0SOh",
			"_tpl": "557ff21e4bdc2d89578b4586",
			"parentId": "5c6687d65e9d882c8841f0fd",
			"slotId": "Eyewear"
		},
		{
			"_id": "I59618249989174545QiVh95",
			"_tpl": "56e33634d2720bd8058b456b",
			"parentId": "5c6687d65e9d882c8841f0fd",
			"slotId": "Backpack"
		},
		{
			"_id": "I59618244244136991GjoOZ4",
			"_tpl": "5673de654bdc2d180f8b456d",
			"parentId": "I59618249989174545QiVh95",
			"slotId": "main",
			"location": {
				"x": 0,
				"y": 0,
				"r": "Horizontal"
			}
		},
		{
			"_id": "I59618248152231243RStUjN",
			"_tpl": "5c0e541586f7747fa54205c9",
			"parentId": "5c6687d65e9d882c8841f0fd",
			"slotId": "ArmorVest",
			"upd": {
				"Repairable": {
					"MaxDurability": 60,
					"Durability": 22
				}
			}
		},
		{
			"_id": "I59618248924467926Dih7k0",
			"_tpl": "590a3b0486f7743954552bdb",
			"parentId": "5c6687d65e9d882c8841f121",
			"slotId": "pocket1",
			"location": {
				"x": 0,
				"y": 0,
				"r": "Horizontal"
			},
			"upd": {
				"SpawnedInSession": true
			}
		},
		{
			"_id": "I59618241967037594PvVGeQ",
			"_tpl": "5d1b2ffd86f77425243e8d17",
			"parentId": "5c6687d65e9d882c8841f121",
			"slotId": "pocket2",
			"location": {
				"x": 0,
				"y": 0,
				"r": "Horizontal"
			},
			"upd": {
				"SpawnedInSession": true
			}
		}
	],
	"equipment": "5c6687d65e9d882c8841f0fd",
	"stash": "5c6687d65e9d882c8841f0fc",
	"questRaidItems": "5c6687d65e9d882c8841f0fe",
	"questStashItems": "5c6687d65e9d882c8841f0ff",
	"fastPanel": {}
}