{
	"items": [
		{
			"_id": "5c6687d65e9d882c8841f0fd",
			"_tpl": "55d7217a4bdc2d86028b456d"
		},
		{
			"_id": "5c6687d65e9d882c8841f121",
			"_tpl": "557ffd194bdc2d28148b457f",
			"parentId": "5c6687d65e9d882c8841f0fd",
			"slotId": "Pockets"
		},
		{
			"_id": "5c6687d65e9d882c8841f0fc",
			"_tpl": "566abbc34bdc2d92178b4576"
		},
		{
			"_id": "5c6687d65e9d882c8841f0ff",
			"_tpl": "5963866b86f7747bfa1c4462"
		},
		{
			"_id": "5c6687d65e9d882c8841f0fe",
			"_tpl": "5963866286f7747bf429b572"
		},
		{
			"_id": "I59618245901620577WZ1XQy",
			"_tpl": "5648a69d4bdc2ded0b8b457b",
			"parentId": "5c6687d65e9d882c8841f0fd",
			"slotId": "TacticalVest"
		},
		{
			"_id": "I33101887645250965KCwVnl",
			"_tpl": "5ab8e9fcd8ce870019439434",
			"parentId": "5c6687d65e9d882c8841f0fd",
			"slotId": "FirstPrimaryWeapon",
			"upd": {
				"Repairable": {
					"MaxDurability": 100,
					"Durability": 17
				}
			}
		},
		{
			"_id": "I33101888405174515fzrui3",
			"_tpl": "59c6633186f7740cf0493bb9",
			"parentId": "I33101887645250965KCwVnl",
			"slotId": "mod_gas_block"
		},
		{
			"_id": "I33101884222576657h9CNxs",
			"_tpl": "5649aa744bdc2ded0b8b457e",
			"parentId": "I33101887645250965KCwVnl",
			"slotId": "mod_muzzle"
		},
		{
			"_id": "I33101889162831726uW6ZB3",
			"_tpl": "57e3dba62459770f0c32322b",
			"parentId": "I33101887645250965KCwVnl",
			"slotId": "mod_pistol_grip"
		},
		{
			"_id": "I33101881766608554X2FeqM",
			"_tpl": "5649af094bdc2df8348b4586",
			"parentId": "I33101887645250965KCwVnl",
			"slotId": "mod_reciever"
		},
		{
			"_id": "I33101884028660079Ty0o4S",
			"_tpl": "5649b0544bdc2d1b2b8b458a",
			"parentId": "I33101887645250965KCwVnl",
			"slotId": "mod_sight_rear",
			"upd": {
				"Sight": {
					"SelectedSightMode": 0
				}
			}
		},
		{
			"_id": "I59618241272870419nhwke5",
			"_tpl": "55d482194bdc2d1d4e8b456b",
			"parentId": "I33101887645250965KCwVnl",
			"slotId": "mod_magazine"
		},
		{
			"_id": "I59618241209543385SMVVPi",
			"_tpl": "56dff338d2720bbd668b4569",
			"parentId": "I59618241272870419nhwke5",
			"slotId": "cartridges",
			"upd": {
				"StackObjectsCount": 60
			}
		},
		{
			"_id": "I331018832031491834ZuBl7",
			"_tpl": "5648b0744bdc2d363b8b4578",
			"parentId": "I33101888405174515fzrui3",
			"slotId": "mod_handguard"
		},
		{
			"_id": "I596182453914192793hfa9Y",
			"_tpl": "5857a8bc2459772bad15db29",
			"parentId": "5c6687d65e9d882c8841f0fd",
			"slotId": "SecuredContainer"
		},
		{
			"_id": "I59618245994527230JuDmtS",
			"_tpl": "56dfef82d2720bbd668b4567",
			"parentId": "I596182453914192793hfa9Y",
			"slotId": "main",
			"upd": {
				"StackObjectsCount": 60
			}
		},
		{
			"_id": "I59618247919030632uV8jTr",
			"_tpl": "56dff216d2720bbd668b4568",
			"parentId": "I596182453914192793hfa9Y",
			"slotId": "main",
			"upd": {
				"StackObjectsCount": 60
			}
		},
		{
			"_id": "I59618247881059354Y2KrZw",
			"_tpl": "56dff0bed2720bb0668b4567",
			"parentId": "I596182453914192793hfa9Y",
			"slotId": "main",
			"upd": {
				"StackObjectsCount": 60
			}
		},
		{
			"_id": "I59618243954367333ocYnti",
			"_tpl": "56dff0bed2720bb0668b4567",
			"parentId": "I596182453914192793hfa9Y",
			"slotId": "main",
			"upd": {
				"StackObjectsCount": 60
			}
		},
		{
			"_id": "I596182464803371026buGRo",
			"_tpl": "56dff216d2720bbd668b4568",
			"parentId": "I596182453914192793hfa9Y",
			"slotId": "main",
			"upd": {
				"StackObjectsCount": 60
			}
		},
		{
			"_id": "I59618247855729446rbzWe2",
			"_tpl": "56dff338d2720bbd668b4569",
			"parentId": "I596182453914192793hfa9Y",
			"slotId": "main",
			"upd": {
				"StackObjectsCount": 60
			}
		},
		{
			"_id": "I59618249876947744BtUdnp",
			"_tpl": "56dff4a2d2720bbd668b456a",
			"parentId": "I596182453914192793hfa9Y",
			"slotId": "main",
			"upd": {
				"StackObjectsCount": 60
			}
		},
		{
			"_id": "I59618248046468237ng3Qxw",
			"_tpl": "5c0d5e4486f77478390952fe",
			"parentId": "I596182453914192793hfa9Y",
			"slotId": "main",
			"upd": {
				"StackObjectsCount": 60
			}
		},
		{
			"_id": "I59618243540365681NMLHA3",
			"_tpl": "56dff4ecd2720b5f5a8b4568",
			"parentId": "I596182453914192793hfa9Y",
			"slotId": "main",
			"upd": {
				"StackObjectsCount": 60
			}
		},
		{
			"_id": "I59618244842181324IOAHxA",
			"_tpl": "5cbdaf89ae9215000e5b9c94",
			"parentId": "I59618245901620577WZ1XQy",
			"slotId": "1",
			"location": {
				"x": 0,
				"y": 0,
				"r": "Horizontal"
			}
		},
		{
			"_id": "I59618246681792466jF8XF1",
			"_tpl": "5c0d5e4486f77478390952fe",
			"parentId": "I59618244842181324IOAHxA",
			"slotId": "cartridges",
			"upd": {
				"StackObjectsCount": 30
			}
		},
		{
			"_id": "I59618246733956197cTzCm5",
			"_tpl": "5cbdaf89ae9215000e5b9c94",
			"parentId": "I59618245901620577WZ1XQy",
			"slotId": "3",
			"location": {
				"x": 0,
				"y": 0,
				"r": "Horizontal"
			}
		},
		{
			"_id": "I59618246940219473qx4AuO",
			"_tpl": "56dff0bed2720bb0668b4567",
			"parentId": "I59618246733956197cTzCm5",
			"slotId": "cartridges",
			"upd": {
				"StackObjectsCount": 30
			}
		},
		{
			"_id": "I59618246758634255zC7Eao",
			"_tpl": "5cbdaf89ae9215000e5b9c94",
			"parentId": "I59618245901620577WZ1XQy",
			"slotId": "11",
			"location": {
				"x": 0,
				"y": 0,
				"r": "Horizontal"
			}
		},
		{
			"_id": "I59618249064754668aF4y7Y",
			"_tpl": "56dff4ecd2720b5f5a8b4568",
			"parentId": "I59618246758634255zC7Eao",
			"slotId": "cartridges",
			"upd": {
				"StackObjectsCount": 30
			}
		},
		{
			"_id": "I59618249242547826mjzY2Q",
			"_tpl": "5cbdaf89ae9215000e5b9c94",
			"parentId": "I59618245901620577WZ1XQy",
			"slotId": "5",
			"location": {
				"x": 0,
				"y": 0,
				"r": "Horizontal"
			}
		},
		{
			"_id": "I59618247595190538LotFSW",
			"_tpl": "56dff3afd2720bba668b4567",
			"parentId": "I59618249242547826mjzY2Q",
			"slotId": "cartridges",
			"upd": {
				"StackObjectsCount": 30
			}
		},
		{
			"_id": "I59618241916641936lh4yG5",
			"_tpl": "5cbdaf89ae9215000e5b9c94",
			"parentId": "I59618245901620577WZ1XQy",
			"slotId": "5",
			"location": {
				"x": 1,
				"y": 0,
				"r": "Horizontal"
			}
		},
		{
			"_id": "I59618248817666340dyUUbr",
			"_tpl": "56dff0bed2720bb0668b4567",
			"parentId": "I59618241916641936lh4yG5",
			"slotId": "cartridges",
			"upd": {
				"StackObjectsCount": 30
			}
		},
		{
			"_id": "I59618246627963449KCNvuK",
			"_tpl": "5e32f56fcb6d5863cc5e5ee4",
			"parentId": "I59618245901620577WZ1XQy",
			"slotId": "6"
		},
		{
			"_id": "I596182424973424050W1VQR",
			"_tpl": "56dff026d2720bb8668b4567",
			"parentId": "I59618245901620577WZ1XQy",
			"slotId": "9",
			"upd": {
				"StackObjectsCount": 56
			}
		},
		{
			"_id": "I59618247009091770V5q3Wl",
			"_tpl": "5bffdc370db834001d23eca8",
			"parentId": "5c6687d65e9d882c8841f0fd",
			"slotId": "Scabbard"
		},
		{
			"_id": "I59618246894535293o9NKIk",
			"_tpl": "59e770f986f7742cbe3164ef",
			"parentId": "5c6687d65e9d882c8841f0fd",
			"slotId": "Headwear"
		},
		{
			"_id": "I59618241722305039O8a7zr",
			"_tpl": "5b4326435acfc433000ed01d",
			"parentId": "5c6687d65e9d882c8841f0fd",
			"slotId": "FaceCover"
		},
		{
			"_id": "I59618241155787263UtwGkb",
			"_tpl": "5751496424597720a27126da",
			"parentId": "5c6687d65e9d882c8841f121",
			"slotId": "pocket1",
			"location": {
				"x": 0,
				"y": 0,
				"r": "Horizontal"
			},
			"upd": {
				"SpawnedInSession": true
			}
		},
		{
			"_id": "I59618241467582139UD7uEY",
			"_tpl": "57347baf24597738002c6178",
			"parentId": "5c6687d65e9d882c8841f121",
			"slotId": "pocket2",
			"location": {
				"x": 0,
				"y": 0,
				"r": "Horizontal"
			},
			"upd": {
				"SpawnedInSession": true
			}
		},
		{
			"_id": "I59618242716333622HlCDR9",
			"_tpl": "590a3b0486f7743954552bdb",
			"parentId": "5c6687d65e9d882c8841f121",
			"slotId": "pocket3",
			"location": {
				"x": 0,
				"y": 0,
				"r": "Horizontal"
			},
			"upd": {
				"SpawnedInSession": true
			}
		}
	],
	"equipment": "5c6687d65e9d882c8841f0fd",
	"stash": "5c6687d65e9d882c8841f0fc",
	"questRaidItems": "5c6687d65e9d882c8841f0fe",
	"questStashItems": "5c6687d65e9d882c8841f0ff",
	"fastPanel": {}
}