{
	"items": [
		{
			"_id": "5c6687d65e9d882c8841f0fd",
			"_tpl": "55d7217a4bdc2d86028b456d"
		},
		{
			"_id": "5c6687d65e9d882c8841f121",
			"_tpl": "557ffd194bdc2d28148b457f",
			"parentId": "5c6687d65e9d882c8841f0fd",
			"slotId": "Pockets"
		},
		{
			"_id": "5c6687d65e9d882c8841f0fc",
			"_tpl": "566abbc34bdc2d92178b4576"
		},
		{
			"_id": "5c6687d65e9d882c8841f0ff",
			"_tpl": "5963866b86f7747bfa1c4462"
		},
		{
			"_id": "5c6687d65e9d882c8841f0fe",
			"_tpl": "5963866286f7747bf429b572"
		},
		{
			"_id": "I59618247532835805ZQ0a74",
			"_tpl": "5d5d8ca986f7742798716522",
			"parentId": "5c6687d65e9d882c8841f0fd",
			"slotId": "TacticalVest"
		},
		{
			"_id": "I33101887645250965KCwVnl",
			"_tpl": "5ab8e9fcd8ce870019439434",
			"parentId": "5c6687d65e9d882c8841f0fd",
			"slotId": "FirstPrimaryWeapon",
			"upd": {
				"Repairable": {
					"MaxDurability": 100,
					"Durability": 20
				}
			}
		},
		{
			"_id": "I33101888405174515fzrui3",
			"_tpl": "59c6633186f7740cf0493bb9",
			"parentId": "I33101887645250965KCwVnl",
			"slotId": "mod_gas_block"
		},
		{
			"_id": "I33101884222576657h9CNxs",
			"_tpl": "5649aa744bdc2ded0b8b457e",
			"parentId": "I33101887645250965KCwVnl",
			"slotId": "mod_muzzle"
		},
		{
			"_id": "I33101889162831726uW6ZB3",
			"_tpl": "57e3dba62459770f0c32322b",
			"parentId": "I33101887645250965KCwVnl",
			"slotId": "mod_pistol_grip"
		},
		{
			"_id": "I33101881766608554X2FeqM",
			"_tpl": "5649af094bdc2df8348b4586",
			"parentId": "I33101887645250965KCwVnl",
			"slotId": "mod_reciever"
		},
		{
			"_id": "I33101884028660079Ty0o4S",
			"_tpl": "5649b0544bdc2d1b2b8b458a",
			"parentId": "I33101887645250965KCwVnl",
			"slotId": "mod_sight_rear",
			"upd": {
				"Sight": {
					"SelectedSightMode": 0
				}
			}
		},
		{
			"_id": "I59618249118299385dXYoYx",
			"_tpl": "55d482194bdc2d1d4e8b456b",
			"parentId": "I33101887645250965KCwVnl",
			"slotId": "mod_magazine"
		},
		{
			"_id": "I59618244018544058i9CbH3",
			"_tpl": "56dff216d2720bbd668b4568",
			"parentId": "I59618249118299385dXYoYx",
			"slotId": "cartridges",
			"upd": {
				"StackObjectsCount": 60
			}
		},
		{
			"_id": "I331018832031491834ZuBl7",
			"_tpl": "5648b0744bdc2d363b8b4578",
			"parentId": "I33101888405174515fzrui3",
			"slotId": "mod_handguard"
		},
		{
			"_id": "I59618249181271123EoduYO",
			"_tpl": "5857a8bc2459772bad15db29",
			"parentId": "5c6687d65e9d882c8841f0fd",
			"slotId": "SecuredContainer"
		},
		{
			"_id": "I59618241781313505tULM1n",
			"_tpl": "56dff421d2720b5f5a8b4567",
			"parentId": "I59618249181271123EoduYO",
			"slotId": "main",
			"upd": {
				"StackObjectsCount": 60
			}
		},
		{
			"_id": "I59618248697656625pySl8v",
			"_tpl": "56dff2ced2720bb4668b4567",
			"parentId": "I59618249181271123EoduYO",
			"slotId": "main",
			"upd": {
				"StackObjectsCount": 60
			}
		},
		{
			"_id": "I59618249715557881YpFd77",
			"_tpl": "56dff2ced2720bb4668b4567",
			"parentId": "I59618249181271123EoduYO",
			"slotId": "main",
			"upd": {
				"StackObjectsCount": 60
			}
		},
		{
			"_id": "I59618246642136425SNn4UX",
			"_tpl": "56dfef82d2720bbd668b4567",
			"parentId": "I59618249181271123EoduYO",
			"slotId": "main",
			"upd": {
				"StackObjectsCount": 60
			}
		},
		{
			"_id": "I59618247662058602R346Ln",
			"_tpl": "56dff216d2720bbd668b4568",
			"parentId": "I59618249181271123EoduYO",
			"slotId": "main",
			"upd": {
				"StackObjectsCount": 60
			}
		},
		{
			"_id": "I59618244608460729WtA8LK",
			"_tpl": "56dff4a2d2720bbd668b456a",
			"parentId": "I59618249181271123EoduYO",
			"slotId": "main",
			"upd": {
				"StackObjectsCount": 60
			}
		},
		{
			"_id": "I59618243037707338CPq3tT",
			"_tpl": "56dff4ecd2720b5f5a8b4568",
			"parentId": "I59618249181271123EoduYO",
			"slotId": "main",
			"upd": {
				"StackObjectsCount": 60
			}
		},
		{
			"_id": "I59618247453128360rBvNBj",
			"_tpl": "56dff216d2720bbd668b4568",
			"parentId": "I59618249181271123EoduYO",
			"slotId": "main",
			"upd": {
				"StackObjectsCount": 60
			}
		},
		{
			"_id": "I59618242882064490HgA0G3",
			"_tpl": "56dff338d2720bbd668b4569",
			"parentId": "I59618249181271123EoduYO",
			"slotId": "main",
			"upd": {
				"StackObjectsCount": 60
			}
		},
		{
			"_id": "I596182489914423680Eda95",
			"_tpl": "5aaa4194e5b5b055d06310a5",
			"parentId": "I59618247532835805ZQ0a74",
			"slotId": "2",
			"location": {
				"x": 0,
				"y": 0,
				"r": "Horizontal"
			}
		},
		{
			"_id": "I5961824645836352057Yfjk",
			"_tpl": "5c0d5e4486f77478390952fe",
			"parentId": "I596182489914423680Eda95",
			"slotId": "cartridges",
			"upd": {
				"StackObjectsCount": 30
			}
		},
		{
			"_id": "I59618245276231897z2kI6F",
			"_tpl": "5aaa4194e5b5b055d06310a5",
			"parentId": "I59618247532835805ZQ0a74",
			"slotId": "1",
			"location": {
				"x": 0,
				"y": 0,
				"r": "Horizontal"
			}
		},
		{
			"_id": "I59618246783936292kEIDrG",
			"_tpl": "5c0d5e4486f77478390952fe",
			"parentId": "I59618245276231897z2kI6F",
			"slotId": "cartridges",
			"upd": {
				"StackObjectsCount": 30
			}
		},
		{
			"_id": "I59618247285603566vyUyCD",
			"_tpl": "5aaa4194e5b5b055d06310a5",
			"parentId": "I59618247532835805ZQ0a74",
			"slotId": "1",
			"location": {
				"x": 1,
				"y": 0,
				"r": "Horizontal"
			}
		},
		{
			"_id": "I59618244274315620IWYDx6",
			"_tpl": "56dff0bed2720bb0668b4567",
			"parentId": "I59618247285603566vyUyCD",
			"slotId": "cartridges",
			"upd": {
				"StackObjectsCount": 30
			}
		},
		{
			"_id": "I596182426394173354Fdb9o",
			"_tpl": "54491bb74bdc2d09088b4567",
			"parentId": "5c6687d65e9d882c8841f0fd",
			"slotId": "Scabbard"
		},
		{
			"_id": "I59618246049455024p7Xx64",
			"_tpl": "59e7708286f7742cbd762753",
			"parentId": "5c6687d65e9d882c8841f0fd",
			"slotId": "Headwear"
		},
		{
			"_id": "I59618243347180081lny1mb",
			"_tpl": "5b4326435acfc433000ed01d",
			"parentId": "5c6687d65e9d882c8841f0fd",
			"slotId": "FaceCover"
		},
		{
			"_id": "I596182450385338818OtoAD",
			"_tpl": "56e33634d2720bd8058b456b",
			"parentId": "5c6687d65e9d882c8841f0fd",
			"slotId": "Backpack"
		},
		{
			"_id": "I596182463908617500wka6q",
			"_tpl": "57347d7224597744596b4e72",
			"parentId": "I596182450385338818OtoAD",
			"slotId": "main",
			"location": {
				"x": 0,
				"y": 0,
				"r": "Horizontal"
			}
		},
		{
			"_id": "I59618246072602598yCES0j",
			"_tpl": "57347da92459774491567cf5",
			"parentId": "I596182450385338818OtoAD",
			"slotId": "main",
			"location": {
				"x": 0,
				"y": 1,
				"r": "Horizontal"
			}
		},
		{
			"_id": "I59618248631224369z0kk6d",
			"_tpl": "5448fee04bdc2dbc018b4567",
			"parentId": "I596182450385338818OtoAD",
			"slotId": "main",
			"location": {
				"x": 1,
				"y": 0,
				"r": "Horizontal"
			}
		},
		{
			"_id": "I59618247600881126JrjATw",
			"_tpl": "57347da92459774491567cf5",
			"parentId": "I596182450385338818OtoAD",
			"slotId": "main",
			"location": {
				"x": 0,
				"y": 2,
				"r": "Horizontal"
			}
		},
		{
			"_id": "I59618247909983673fKb4cZ",
			"_tpl": "5780cf722459777a5108b9a1",
			"parentId": "I596182450385338818OtoAD",
			"slotId": "main",
			"location": {
				"x": 1,
				"y": 2,
				"r": "Horizontal"
			}
		},
		{
			"_id": "I59618241639769057n6uEDZ",
			"_tpl": "5d40407c86f774318526545a",
			"parentId": "I596182450385338818OtoAD",
			"slotId": "main",
			"location": {
				"x": 2,
				"y": 0,
				"r": "Horizontal"
			}
		},
		{
			"_id": "I59618245449103585Af57Fk",
			"_tpl": "59148c8a86f774197930e983",
			"parentId": "I596182450385338818OtoAD",
			"slotId": "main",
			"location": {
				"x": 2,
				"y": 2,
				"r": "Horizontal"
			}
		},
		{
			"_id": "I59618242969379410IrLlEg",
			"_tpl": "5751435d24597720a27126d1",
			"parentId": "I596182450385338818OtoAD",
			"slotId": "main",
			"location": {
				"x": 3,
				"y": 0,
				"r": "Horizontal"
			}
		},
		{
			"_id": "I59618249692968327U8wPiR",
			"_tpl": "56742c284bdc2d98058b456d",
			"parentId": "I596182450385338818OtoAD",
			"slotId": "main",
			"location": {
				"x": 3,
				"y": 1,
				"r": "Horizontal"
			}
		},
		{
			"_id": "I59618244483104240ZmlH6l",
			"_tpl": "5d1b3f2d86f774253763b735",
			"parentId": "I596182450385338818OtoAD",
			"slotId": "main",
			"location": {
				"x": 3,
				"y": 2,
				"r": "Horizontal"
			}
		}
	],
	"equipment": "5c6687d65e9d882c8841f0fd",
	"stash": "5c6687d65e9d882c8841f0fc",
	"questRaidItems": "5c6687d65e9d882c8841f0fe",
	"questStashItems": "5c6687d65e9d882c8841f0ff",
	"fastPanel": {}
}