{
	"items": [
		{
			"_id": "5c6687d65e9d882c8841f0fd",
			"_tpl": "55d7217a4bdc2d86028b456d"
		},
		{
			"_id": "5c6687d65e9d882c8841f121",
			"_tpl": "557ffd194bdc2d28148b457f",
			"parentId": "5c6687d65e9d882c8841f0fd",
			"slotId": "Pockets"
		},
		{
			"_id": "5c6687d65e9d882c8841f0fc",
			"_tpl": "566abbc34bdc2d92178b4576"
		},
		{
			"_id": "5c6687d65e9d882c8841f0ff",
			"_tpl": "5963866b86f7747bfa1c4462"
		},
		{
			"_id": "5c6687d65e9d882c8841f0fe",
			"_tpl": "5963866286f7747bf429b572"
		},
		{
			"_id": "I59618242392847628kG8Mcj",
			"_tpl": "5d5d646386f7742797261fd9",
			"parentId": "5c6687d65e9d882c8841f0fd",
			"slotId": "TacticalVest"
		},
		{
			"_id": "I331028164908487420LFKAv",
			"_tpl": "5a0ec13bfcdbcb00165aa685",
			"parentId": "5c6687d65e9d882c8841f0fd",
			"slotId": "FirstPrimaryWeapon",
			"upd": {
				"Repairable": {
					"MaxDurability": 100,
					"Durability": 14
				}
			}
		},
		{
			"_id": "I331028164884862905a5jJA",
			"_tpl": "59d64ec286f774171d1e0a42",
			"parentId": "I331028164908487420LFKAv",
			"slotId": "mod_gas_block"
		},
		{
			"_id": "I331028164998499182YU3BW",
			"_tpl": "59d64fc686f774171b243fe2",
			"parentId": "I331028164908487420LFKAv",
			"slotId": "mod_muzzle"
		},
		{
			"_id": "I331028166560667505C4Ona",
			"_tpl": "59e62cc886f77440d40b52a1",
			"parentId": "I331028164908487420LFKAv",
			"slotId": "mod_pistol_grip"
		},
		{
			"_id": "I331028169921985473EB8rc",
			"_tpl": "59d6507c86f7741b846413a2",
			"parentId": "I331028164908487420LFKAv",
			"slotId": "mod_reciever"
		},
		{
			"_id": "I3310281615848372587Zw3o",
			"_tpl": "59d650cf86f7741b846413a4",
			"parentId": "I331028164908487420LFKAv",
			"slotId": "mod_sight_rear",
			"upd": {
				"Sight": {
					"SelectedSightMode": 0
				}
			}
		},
		{
			"_id": "I59618244496984603QBUHeN",
			"_tpl": "5e21a3c67e40bd02257a008a",
			"parentId": "I331028164908487420LFKAv",
			"slotId": "mod_magazine"
		},
		{
			"_id": "I59618246337268518AE9eoB",
			"_tpl": "59e4d24686f7741776641ac7",
			"parentId": "I59618244496984603QBUHeN",
			"slotId": "cartridges",
			"upd": {
				"StackObjectsCount": 30
			}
		},
		{
			"_id": "I331028168243301953DwXlM",
			"_tpl": "59d64f2f86f77417193ef8b3",
			"parentId": "I331028164884862905a5jJA",
			"slotId": "mod_handguard"
		},
		{
			"_id": "I59618242471157124BHpQEj",
			"_tpl": "5857a8bc2459772bad15db29",
			"parentId": "5c6687d65e9d882c8841f0fd",
			"slotId": "SecuredContainer"
		},
		{
			"_id": "I59618243227748657IOiqY5",
			"_tpl": "5656d7c34bdc2d9d198b4587",
			"parentId": "I59618242471157124BHpQEj",
			"slotId": "main",
			"upd": {
				"StackObjectsCount": 60
			}
		},
		{
			"_id": "I59618246868885467gVvuYM",
			"_tpl": "59e4d24686f7741776641ac7",
			"parentId": "I59618242471157124BHpQEj",
			"slotId": "main",
			"upd": {
				"StackObjectsCount": 60
			}
		},
		{
			"_id": "I59618246684165883OciQb9",
			"_tpl": "59e0d99486f7744a32234762",
			"parentId": "I59618242471157124BHpQEj",
			"slotId": "main",
			"upd": {
				"StackObjectsCount": 60
			}
		},
		{
			"_id": "I59618249228138216sxWpj8",
			"_tpl": "59e4cf5286f7741778269d8a",
			"parentId": "I59618242471157124BHpQEj",
			"slotId": "main",
			"upd": {
				"StackObjectsCount": 60
			}
		},
		{
			"_id": "I59618245341108035zRPwNo",
			"_tpl": "5656d7c34bdc2d9d198b4587",
			"parentId": "I59618242471157124BHpQEj",
			"slotId": "main",
			"upd": {
				"StackObjectsCount": 60
			}
		},
		{
			"_id": "I59618241561642038AjDG15",
			"_tpl": "59e4d24686f7741776641ac7",
			"parentId": "I59618242471157124BHpQEj",
			"slotId": "main",
			"upd": {
				"StackObjectsCount": 60
			}
		},
		{
			"_id": "I59618242626527576ZeGp2s",
			"_tpl": "59e4d3d286f774176a36250a",
			"parentId": "I59618242471157124BHpQEj",
			"slotId": "main",
			"upd": {
				"StackObjectsCount": 60
			}
		},
		{
			"_id": "I596182418729914220Ooe2p",
			"_tpl": "59e4d3d286f774176a36250a",
			"parentId": "I59618242471157124BHpQEj",
			"slotId": "main",
			"upd": {
				"StackObjectsCount": 60
			}
		},
		{
			"_id": "I596182440482454287O86rL",
			"_tpl": "59e4d3d286f774176a36250a",
			"parentId": "I59618242471157124BHpQEj",
			"slotId": "main",
			"upd": {
				"StackObjectsCount": 60
			}
		},
		{
			"_id": "I59618243762415628IAUOfs",
			"_tpl": "5a01c29586f77474660c694c",
			"parentId": "I59618242392847628kG8Mcj",
			"slotId": "3",
			"location": {
				"x": 0,
				"y": 0,
				"r": "Horizontal"
			}
		},
		{
			"_id": "I59618243173287773cJ68ny",
			"_tpl": "59e4d24686f7741776641ac7",
			"parentId": "I59618243762415628IAUOfs",
			"slotId": "cartridges",
			"upd": {
				"StackObjectsCount": 30
			}
		},
		{
			"_id": "I59618241028743516W7O04H",
			"_tpl": "5a01c29586f77474660c694c",
			"parentId": "I59618242392847628kG8Mcj",
			"slotId": "5",
			"location": {
				"x": 0,
				"y": 0,
				"r": "Horizontal"
			}
		},
		{
			"_id": "I596182478157123758pMCB9",
			"_tpl": "5656d7c34bdc2d9d198b4587",
			"parentId": "I59618241028743516W7O04H",
			"slotId": "cartridges",
			"upd": {
				"StackObjectsCount": 30
			}
		},
		{
			"_id": "I596182470894700394kN9co",
			"_tpl": "5656d7c34bdc2d9d198b4587",
			"parentId": "I59618242392847628kG8Mcj",
			"slotId": "1",
			"upd": {
				"StackObjectsCount": 28
			}
		},
		{
			"_id": "I59618241330084811MfIJQx",
			"_tpl": "59e0d99486f7744a32234762",
			"parentId": "I59618242392847628kG8Mcj",
			"slotId": "7",
			"upd": {
				"StackObjectsCount": 6
			}
		},
		{
			"_id": "I59618242463857231sRrwhI",
			"_tpl": "57e26ea924597715ca604a09",
			"parentId": "5c6687d65e9d882c8841f0fd",
			"slotId": "Scabbard"
		},
		{
			"_id": "I59618245699555100tmhYjm",
			"_tpl": "572b7fa124597762b472f9d2",
			"parentId": "5c6687d65e9d882c8841f0fd",
			"slotId": "Headwear"
		},
		{
			"_id": "I59618245395717885hu5USr",
			"_tpl": "5ab8f04f86f774585f4237d8",
			"parentId": "5c6687d65e9d882c8841f0fd",
			"slotId": "Backpack"
		},
		{
			"_id": "I59618244339319112XGEAY9",
			"_tpl": "590c5bbd86f774785762df04",
			"parentId": "I59618245395717885hu5USr",
			"slotId": "main",
			"location": {
				"x": 0,
				"y": 0,
				"r": "Horizontal"
			}
		},
		{
			"_id": "I59618246670830323CIrekl",
			"_tpl": "5c0e5bab86f77461f55ed1f3",
			"parentId": "5c6687d65e9d882c8841f0fd",
			"slotId": "ArmorVest",
			"upd": {
				"Repairable": {
					"MaxDurability": 60,
					"Durability": 44
				}
			}
		}
	],
	"equipment": "5c6687d65e9d882c8841f0fd",
	"stash": "5c6687d65e9d882c8841f0fc",
	"questRaidItems": "5c6687d65e9d882c8841f0fe",
	"questStashItems": "5c6687d65e9d882c8841f0ff",
	"fastPanel": {}
}