{
	"items": [
		{
			"_id": "5c6687d65e9d882c8841f0fd",
			"_tpl": "55d7217a4bdc2d86028b456d"
		},
		{
			"_id": "5c6687d65e9d882c8841f121",
			"_tpl": "557ffd194bdc2d28148b457f",
			"parentId": "5c6687d65e9d882c8841f0fd",
			"slotId": "Pockets"
		},
		{
			"_id": "5c6687d65e9d882c8841f0fc",
			"_tpl": "566abbc34bdc2d92178b4576"
		},
		{
			"_id": "5c6687d65e9d882c8841f0ff",
			"_tpl": "5963866b86f7747bfa1c4462"
		},
		{
			"_id": "5c6687d65e9d882c8841f0fe",
			"_tpl": "5963866286f7747bf429b572"
		},
		{
			"_id": "I59618249023136662UXQEbi",
			"_tpl": "5d5d8ca986f7742798716522",
			"parentId": "5c6687d65e9d882c8841f0fd",
			"slotId": "TacticalVest"
		},
		{
			"_id": "I331039179860646814DlpwL",
			"_tpl": "59e6152586f77473dc057aa1",
			"parentId": "5c6687d65e9d882c8841f0fd",
			"slotId": "FirstPrimaryWeapon",
			"upd": {
				"Repairable": {
					"MaxDurability": 100,
					"Durability": 8
				}
			}
		},
		{
			"_id": "I331039174411152447ZbjJ3",
			"_tpl": "59e649f986f77411d949b246",
			"parentId": "I331039179860646814DlpwL",
			"slotId": "mod_gas_block"
		},
		{
			"_id": "I331039178642659654y2W2Q",
			"_tpl": "59e61eb386f77440d64f5daf",
			"parentId": "I331039179860646814DlpwL",
			"slotId": "mod_muzzle"
		},
		{
			"_id": "I3310391781899063462DgCY",
			"_tpl": "59e6318286f77444dd62c4cc",
			"parentId": "I331039179860646814DlpwL",
			"slotId": "mod_pistol_grip"
		},
		{
			"_id": "I3310391752734306735x2aE",
			"_tpl": "59d650cf86f7741b846413a4",
			"parentId": "I331039179860646814DlpwL",
			"slotId": "mod_sight_rear",
			"upd": {
				"Sight": {
					"SelectedSightMode": 0
				}
			}
		},
		{
			"_id": "I59618244238431004DgX4KL",
			"_tpl": "5ac66bea5acfc43b321d4aec",
			"parentId": "I331039179860646814DlpwL",
			"slotId": "mod_magazine"
		},
		{
			"_id": "I596182451799871958pp8CW",
			"_tpl": "59e4cf5286f7741778269d8a",
			"parentId": "I59618244238431004DgX4KL",
			"slotId": "cartridges",
			"upd": {
				"StackObjectsCount": 30
			}
		},
		{
			"_id": "I331039175782544829KijoY",
			"_tpl": "59e6284f86f77440d569536f",
			"parentId": "I331039174411152447ZbjJ3",
			"slotId": "mod_handguard"
		},
		{
			"_id": "I59618247332810598ikitah",
			"_tpl": "5857a8bc2459772bad15db29",
			"parentId": "5c6687d65e9d882c8841f0fd",
			"slotId": "SecuredContainer"
		},
		{
			"_id": "I59618245250355137dhSuVj",
			"_tpl": "59e4d24686f7741776641ac7",
			"parentId": "I59618247332810598ikitah",
			"slotId": "main",
			"upd": {
				"StackObjectsCount": 60
			}
		},
		{
			"_id": "I59618248021421936l2g7HH",
			"_tpl": "59e4cf5286f7741778269d8a",
			"parentId": "I59618247332810598ikitah",
			"slotId": "main",
			"upd": {
				"StackObjectsCount": 60
			}
		},
		{
			"_id": "I59618249335288122cdabWW",
			"_tpl": "5656d7c34bdc2d9d198b4587",
			"parentId": "I59618247332810598ikitah",
			"slotId": "main",
			"upd": {
				"StackObjectsCount": 60
			}
		},
		{
			"_id": "I59618248728526088z8LfsU",
			"_tpl": "59e4d24686f7741776641ac7",
			"parentId": "I59618247332810598ikitah",
			"slotId": "main",
			"upd": {
				"StackObjectsCount": 60
			}
		},
		{
			"_id": "I59618244463540003UIBZSG",
			"_tpl": "5656d7c34bdc2d9d198b4587",
			"parentId": "I59618247332810598ikitah",
			"slotId": "main",
			"upd": {
				"StackObjectsCount": 60
			}
		},
		{
			"_id": "I596182473941648254FrIxG",
			"_tpl": "59e4d3d286f774176a36250a",
			"parentId": "I59618247332810598ikitah",
			"slotId": "main",
			"upd": {
				"StackObjectsCount": 60
			}
		},
		{
			"_id": "I59618248029602293idj20A",
			"_tpl": "59e4d24686f7741776641ac7",
			"parentId": "I59618247332810598ikitah",
			"slotId": "main",
			"upd": {
				"StackObjectsCount": 60
			}
		},
		{
			"_id": "I59618246781512028Djwwwq",
			"_tpl": "5656d7c34bdc2d9d198b4587",
			"parentId": "I59618247332810598ikitah",
			"slotId": "main",
			"upd": {
				"StackObjectsCount": 60
			}
		},
		{
			"_id": "I59618248390059410qoKcCG",
			"_tpl": "59e4d24686f7741776641ac7",
			"parentId": "I59618247332810598ikitah",
			"slotId": "main",
			"upd": {
				"StackObjectsCount": 60
			}
		},
		{
			"_id": "I59618244135044485KWgIvm",
			"_tpl": "5a01c29586f77474660c694c",
			"parentId": "I59618249023136662UXQEbi",
			"slotId": "2",
			"location": {
				"x": 0,
				"y": 0,
				"r": "Horizontal"
			}
		},
		{
			"_id": "I596182490798389593ko2jV",
			"_tpl": "59e4d3d286f774176a36250a",
			"parentId": "I59618244135044485KWgIvm",
			"slotId": "cartridges",
			"upd": {
				"StackObjectsCount": 30
			}
		},
		{
			"_id": "I59618248193977593Y6PFWT",
			"_tpl": "5a01c29586f77474660c694c",
			"parentId": "I59618249023136662UXQEbi",
			"slotId": "1",
			"location": {
				"x": 1,
				"y": 0,
				"r": "Horizontal"
			}
		},
		{
			"_id": "I59618243757191082erSUcx",
			"_tpl": "59e4d3d286f774176a36250a",
			"parentId": "I59618248193977593Y6PFWT",
			"slotId": "cartridges",
			"upd": {
				"StackObjectsCount": 30
			}
		},
		{
			"_id": "I59618247217027940e9vOHm",
			"_tpl": "54491bb74bdc2d09088b4567",
			"parentId": "5c6687d65e9d882c8841f0fd",
			"slotId": "Scabbard"
		},
		{
			"_id": "I59618245528381940Eq55ph",
			"_tpl": "5aa2b986e5b5b00014028f4c",
			"parentId": "5c6687d65e9d882c8841f0fd",
			"slotId": "Eyewear"
		},
		{
			"_id": "I59618246121558628SNV35d",
			"_tpl": "5b4326435acfc433000ed01d",
			"parentId": "5c6687d65e9d882c8841f0fd",
			"slotId": "FaceCover"
		},
		{
			"_id": "I59618242030002687wtqBQQ",
			"_tpl": "544a5cde4bdc2d39388b456b",
			"parentId": "5c6687d65e9d882c8841f0fd",
			"slotId": "Backpack"
		},
		{
			"_id": "I59618246894867210vSWKKv",
			"_tpl": "5ab8e79e86f7742d8b372e78",
			"parentId": "5c6687d65e9d882c8841f0fd",
			"slotId": "ArmorVest",
			"upd": {
				"Repairable": {
					"MaxDurability": 65,
					"Durability": 4
				}
			}
		}
	],
	"equipment": "5c6687d65e9d882c8841f0fd",
	"stash": "5c6687d65e9d882c8841f0fc",
	"questRaidItems": "5c6687d65e9d882c8841f0fe",
	"questStashItems": "5c6687d65e9d882c8841f0ff",
	"fastPanel": {}
}