{
	"items": [
		{
			"_id": "5c6687d65e9d882c8841f0fd",
			"_tpl": "55d7217a4bdc2d86028b456d"
		},
		{
			"_id": "5c6687d65e9d882c8841f121",
			"_tpl": "557ffd194bdc2d28148b457f",
			"parentId": "5c6687d65e9d882c8841f0fd",
			"slotId": "Pockets"
		},
		{
			"_id": "5c6687d65e9d882c8841f0fc",
			"_tpl": "566abbc34bdc2d92178b4576"
		},
		{
			"_id": "5c6687d65e9d882c8841f0ff",
			"_tpl": "5963866b86f7747bfa1c4462"
		},
		{
			"_id": "5c6687d65e9d882c8841f0fe",
			"_tpl": "5963866286f7747bf429b572"
		},
		{
			"_id": "I596182422015639479O8CMv",
			"_tpl": "5d5d8ca986f7742798716522",
			"parentId": "5c6687d65e9d882c8841f0fd",
			"slotId": "TacticalVest"
		},
		{
			"_id": "I210051564524937437QQu9A",
			"_tpl": "5b0bbe4e5acfc40dc528a72d",
			"parentId": "5c6687d65e9d882c8841f0fd",
			"slotId": "FirstPrimaryWeapon",
			"upd": {
				"Repairable": {
					"MaxDurability": 100,
					"Durability": 56
				}
			}
		},
		{
			"_id": "I2100515656213865747DIaP",
			"_tpl": "5b099b965acfc400186331e6",
			"parentId": "I210051564524937437QQu9A",
			"slotId": "mod_pistol_grip"
		},
		{
			"_id": "I59618243526692951zxJBsD",
			"_tpl": "5b7d37845acfc400170e2f87",
			"parentId": "I210051564524937437QQu9A",
			"slotId": "mod_magazine"
		},
		{
			"_id": "I59618244792147686PXvxgo",
			"_tpl": "5e023e6e34d52a55c3304f71",
			"parentId": "I59618243526692951zxJBsD",
			"slotId": "cartridges",
			"upd": {
				"StackObjectsCount": 30
			}
		},
		{
			"_id": "I2100515640686292192Nkgj",
			"_tpl": "5b099a9d5acfc47a8607efe7",
			"parentId": "I210051564524937437QQu9A",
			"slotId": "mod_handguard"
		},
		{
			"_id": "I210051563936009593yb5AZ",
			"_tpl": "5b099a765acfc47a8607efe3",
			"parentId": "I210051564524937437QQu9A",
			"slotId": "mod_barrel"
		},
		{
			"_id": "I210051566950898922eA2hw",
			"_tpl": "5b0bc22d5acfc47a8607f085",
			"parentId": "I210051564524937437QQu9A",
			"slotId": "mod_sight_rear",
			"upd": {
				"Sight": {
					"SelectedSightMode": 0
				}
			}
		},
		{
			"_id": "I2100515665942252723PnBm",
			"_tpl": "5b7d6c105acfc40015109a5f",
			"parentId": "I210051564524937437QQu9A",
			"slotId": "mod_reciever"
		},
		{
			"_id": "I210051561250280750t0nAA",
			"_tpl": "5b099b7d5acfc400186331e4",
			"parentId": "I210051563936009593yb5AZ",
			"slotId": "mod_muzzle"
		},
		{
			"_id": "I59618245409796325Ju2YMb",
			"_tpl": "5857a8bc2459772bad15db29",
			"parentId": "5c6687d65e9d882c8841f0fd",
			"slotId": "SecuredContainer"
		},
		{
			"_id": "I596182440926941841Mf1X0",
			"_tpl": "5e023e6e34d52a55c3304f71",
			"parentId": "I59618245409796325Ju2YMb",
			"slotId": "main",
			"upd": {
				"StackObjectsCount": 60
			}
		},
		{
			"_id": "I59618244879471504cD7zla",
			"_tpl": "5a608bf24f39f98ffc77720e",
			"parentId": "I59618245409796325Ju2YMb",
			"slotId": "main",
			"upd": {
				"StackObjectsCount": 60
			}
		},
		{
			"_id": "I59618248380469022sDG5lY",
			"_tpl": "5a6086ea4f39f99cd479502f",
			"parentId": "I59618245409796325Ju2YMb",
			"slotId": "main",
			"upd": {
				"StackObjectsCount": 60
			}
		},
		{
			"_id": "I59618244300348022YyYx53",
			"_tpl": "58dd3ad986f77403051cba8f",
			"parentId": "I59618245409796325Ju2YMb",
			"slotId": "main",
			"upd": {
				"StackObjectsCount": 60
			}
		},
		{
			"_id": "I59618248942776251XGi50n",
			"_tpl": "5a6086ea4f39f99cd479502f",
			"parentId": "I59618245409796325Ju2YMb",
			"slotId": "main",
			"upd": {
				"StackObjectsCount": 60
			}
		},
		{
			"_id": "I59618247060636098upMD07",
			"_tpl": "5a608bf24f39f98ffc77720e",
			"parentId": "I59618245409796325Ju2YMb",
			"slotId": "main",
			"upd": {
				"StackObjectsCount": 60
			}
		},
		{
			"_id": "I59618245239848618z8EIUN",
			"_tpl": "5e023e88277cce2b522ff2b1",
			"parentId": "I59618245409796325Ju2YMb",
			"slotId": "main",
			"upd": {
				"StackObjectsCount": 60
			}
		},
		{
			"_id": "I5961824302783588804HjGt",
			"_tpl": "5a6086ea4f39f99cd479502f",
			"parentId": "I59618245409796325Ju2YMb",
			"slotId": "main",
			"upd": {
				"StackObjectsCount": 60
			}
		},
		{
			"_id": "I59618248104147414J4xATa",
			"_tpl": "5a6086ea4f39f99cd479502f",
			"parentId": "I59618245409796325Ju2YMb",
			"slotId": "main",
			"upd": {
				"StackObjectsCount": 60
			}
		},
		{
			"_id": "I59618249614408543lIngmG",
			"_tpl": "5b099ac65acfc400186331e1",
			"parentId": "I596182422015639479O8CMv",
			"slotId": "3",
			"location": {
				"x": 0,
				"y": 0,
				"r": "Horizontal"
			}
		},
		{
			"_id": "I59618246330550495YOAXDX",
			"_tpl": "5a608bf24f39f98ffc77720e",
			"parentId": "I59618249614408543lIngmG",
			"slotId": "cartridges",
			"upd": {
				"StackObjectsCount": 20
			}
		},
		{
			"_id": "I59618248485336051SRQq4m",
			"_tpl": "5b099ac65acfc400186331e1",
			"parentId": "I596182422015639479O8CMv",
			"slotId": "1",
			"location": {
				"x": 0,
				"y": 0,
				"r": "Horizontal"
			}
		},
		{
			"_id": "I59618248509733208HmmZE4",
			"_tpl": "5a6086ea4f39f99cd479502f",
			"parentId": "I59618248485336051SRQq4m",
			"slotId": "cartridges",
			"upd": {
				"StackObjectsCount": 20
			}
		},
		{
			"_id": "I596182477528323007AP499",
			"_tpl": "5b099ac65acfc400186331e1",
			"parentId": "I596182422015639479O8CMv",
			"slotId": "1",
			"location": {
				"x": 1,
				"y": 0,
				"r": "Horizontal"
			}
		},
		{
			"_id": "I59618246409484071qqcbz4",
			"_tpl": "5a6086ea4f39f99cd479502f",
			"parentId": "I596182477528323007AP499",
			"slotId": "cartridges",
			"upd": {
				"StackObjectsCount": 20
			}
		},
		{
			"_id": "I59618248683711723fKDEpe",
			"_tpl": "54491bb74bdc2d09088b4567",
			"parentId": "5c6687d65e9d882c8841f0fd",
			"slotId": "Scabbard"
		},
		{
			"_id": "I59618246532528488jbPnts",
			"_tpl": "572b7fa524597762b747ce82",
			"parentId": "5c6687d65e9d882c8841f0fd",
			"slotId": "FaceCover"
		},
		{
			"_id": "I596182473587247735EPBcc",
			"_tpl": "57347cd0245977445a2d6ff1",
			"parentId": "5c6687d65e9d882c8841f121",
			"slotId": "pocket1",
			"location": {
				"x": 0,
				"y": 0,
				"r": "Horizontal"
			},
			"upd": {
				"SpawnedInSession": true
			}
		},
		{
			"_id": "I596182489282300553mYpTd",
			"_tpl": "5734779624597737e04bf329",
			"parentId": "5c6687d65e9d882c8841f121",
			"slotId": "pocket2",
			"location": {
				"x": 0,
				"y": 0,
				"r": "Horizontal"
			},
			"upd": {
				"SpawnedInSession": true
			}
		},
		{
			"_id": "I59618241441660562Lshb5G",
			"_tpl": "5672c92d4bdc2d180f8b4567",
			"parentId": "5c6687d65e9d882c8841f121",
			"slotId": "pocket3",
			"location": {
				"x": 0,
				"y": 0,
				"r": "Horizontal"
			},
			"upd": {
				"SpawnedInSession": true
			}
		}
	],
	"equipment": "5c6687d65e9d882c8841f0fd",
	"stash": "5c6687d65e9d882c8841f0fc",
	"questRaidItems": "5c6687d65e9d882c8841f0fe",
	"questStashItems": "5c6687d65e9d882c8841f0ff",
	"fastPanel": {}
}