{
	"items": [
		{
			"_id": "5c6687d65e9d882c8841f0fd",
			"_tpl": "55d7217a4bdc2d86028b456d"
		},
		{
			"_id": "5c6687d65e9d882c8841f121",
			"_tpl": "557ffd194bdc2d28148b457f",
			"parentId": "5c6687d65e9d882c8841f0fd",
			"slotId": "Pockets"
		},
		{
			"_id": "5c6687d65e9d882c8841f0fc",
			"_tpl": "566abbc34bdc2d92178b4576"
		},
		{
			"_id": "5c6687d65e9d882c8841f0ff",
			"_tpl": "5963866b86f7747bfa1c4462"
		},
		{
			"_id": "5c6687d65e9d882c8841f0fe",
			"_tpl": "5963866286f7747bf429b572"
		},
		{
			"_id": "I59618241043857587R4Bf1l",
			"_tpl": "5c0e3eb886f7742015526062",
			"parentId": "5c6687d65e9d882c8841f0fd",
			"slotId": "TacticalVest"
		},
		{
			"_id": "I515128033957696GQUXKsUo",
			"_tpl": "5ea03f7400685063ec28bfa8",
			"parentId": "5c6687d65e9d882c8841f0fd",
			"slotId": "FirstPrimaryWeapon",
			"upd": {
				"Repairable": {
					"MaxDurability": 100,
					"Durability": 36
				}
			}
		},
		{
			"_id": "I5151255013212105k4WiYX5",
			"_tpl": "5ea03e9400685063ec28bfa4",
			"parentId": "I515128033957696GQUXKsUo",
			"slotId": "mod_stock"
		},
		{
			"_id": "I59618244774427740LsRjXU",
			"_tpl": "5ea034eb5aad6446a939737b",
			"parentId": "I515128033957696GQUXKsUo",
			"slotId": "mod_magazine"
		},
		{
			"_id": "I59618244168752422vuGgZs",
			"_tpl": "573602322459776445391df1",
			"parentId": "I59618244774427740LsRjXU",
			"slotId": "cartridges",
			"upd": {
				"StackObjectsCount": 35
			}
		},
		{
			"_id": "I515121246347853I4LiuFD7",
			"_tpl": "5ea03e5009aa976f2e7a514b",
			"parentId": "I515128033957696GQUXKsUo",
			"slotId": "mod_reciever"
		},
		{
			"_id": "I515127842052585umPWX1Kz",
			"_tpl": "5ea02bb600685063ec28bfa1",
			"parentId": "I515128033957696GQUXKsUo",
			"slotId": "mod_barrel"
		},
		{
			"_id": "I59618247896623638Zg9CiW",
			"_tpl": "5857a8bc2459772bad15db29",
			"parentId": "5c6687d65e9d882c8841f0fd",
			"slotId": "SecuredContainer"
		},
		{
			"_id": "I59618243449924948aR1w07",
			"_tpl": "573603562459776430731618",
			"parentId": "I59618247896623638Zg9CiW",
			"slotId": "main",
			"upd": {
				"StackObjectsCount": 60
			}
		},
		{
			"_id": "I59618244026942109KDOVhB",
			"_tpl": "573601b42459776410737435",
			"parentId": "I59618247896623638Zg9CiW",
			"slotId": "main",
			"upd": {
				"StackObjectsCount": 60
			}
		},
		{
			"_id": "I59618248668409391bxJcFr",
			"_tpl": "573603562459776430731618",
			"parentId": "I59618247896623638Zg9CiW",
			"slotId": "main",
			"upd": {
				"StackObjectsCount": 60
			}
		},
		{
			"_id": "I59618244725493947r4Uw2W",
			"_tpl": "573603c924597764442bd9cb",
			"parentId": "I59618247896623638Zg9CiW",
			"slotId": "main",
			"upd": {
				"StackObjectsCount": 60
			}
		},
		{
			"_id": "I59618247080009823N1LSpe",
			"_tpl": "5735ff5c245977640e39ba7e",
			"parentId": "I59618247896623638Zg9CiW",
			"slotId": "main",
			"upd": {
				"StackObjectsCount": 60
			}
		},
		{
			"_id": "I59618246662197020yJnZ1x",
			"_tpl": "5735fdcd2459776445391d61",
			"parentId": "I59618247896623638Zg9CiW",
			"slotId": "main",
			"upd": {
				"StackObjectsCount": 60
			}
		},
		{
			"_id": "I59618243431370604c6mcqi",
			"_tpl": "573601b42459776410737435",
			"parentId": "I59618247896623638Zg9CiW",
			"slotId": "main",
			"upd": {
				"StackObjectsCount": 60
			}
		},
		{
			"_id": "I59618247797814060KXW16t",
			"_tpl": "573603c924597764442bd9cb",
			"parentId": "I59618247896623638Zg9CiW",
			"slotId": "main",
			"upd": {
				"StackObjectsCount": 60
			}
		},
		{
			"_id": "I59618245353433105bgC2t8",
			"_tpl": "5735ff5c245977640e39ba7e",
			"parentId": "I59618247896623638Zg9CiW",
			"slotId": "main",
			"upd": {
				"StackObjectsCount": 60
			}
		},
		{
			"_id": "I5961824561244272908Nuad",
			"_tpl": "5ea034eb5aad6446a939737b",
			"parentId": "I59618241043857587R4Bf1l",
			"slotId": "1",
			"location": {
				"x": 0,
				"y": 0,
				"r": "Horizontal"
			}
		},
		{
			"_id": "I59618245082796756R3A9nJ",
			"_tpl": "5735fdcd2459776445391d61",
			"parentId": "I5961824561244272908Nuad",
			"slotId": "cartridges",
			"upd": {
				"StackObjectsCount": 35
			}
		},
		{
			"_id": "I59618246221893109H87zG2",
			"_tpl": "5ea034eb5aad6446a939737b",
			"parentId": "I59618241043857587R4Bf1l",
			"slotId": "3",
			"location": {
				"x": 0,
				"y": 0,
				"r": "Horizontal"
			}
		},
		{
			"_id": "I59618246155989376U3nKQt",
			"_tpl": "5735ff5c245977640e39ba7e",
			"parentId": "I59618246221893109H87zG2",
			"slotId": "cartridges",
			"upd": {
				"StackObjectsCount": 35
			}
		},
		{
			"_id": "I59618245253109028iHZs8C",
			"_tpl": "5736026a245977644601dc61",
			"parentId": "I59618241043857587R4Bf1l",
			"slotId": "5",
			"upd": {
				"StackObjectsCount": 43
			}
		},
		{
			"_id": "I596182464879345188BsaxS",
			"_tpl": "5bffdc370db834001d23eca8",
			"parentId": "5c6687d65e9d882c8841f0fd",
			"slotId": "Scabbard"
		},
		{
			"_id": "I59618242071774321uKjUMp",
			"_tpl": "5d6d2ef3a4b93618084f58bd",
			"parentId": "5c6687d65e9d882c8841f0fd",
			"slotId": "Eyewear"
		},
		{
			"_id": "I596182426227790976gxl0Y",
			"_tpl": "5b4335ba86f7744d2837a264",
			"parentId": "5c6687d65e9d882c8841f121",
			"slotId": "pocket1",
			"location": {
				"x": 0,
				"y": 0,
				"r": "Horizontal"
			},
			"upd": {
				"SpawnedInSession": true
			}
		}
	],
	"equipment": "5c6687d65e9d882c8841f0fd",
	"stash": "5c6687d65e9d882c8841f0fc",
	"questRaidItems": "5c6687d65e9d882c8841f0fe",
	"questStashItems": "5c6687d65e9d882c8841f0ff",
	"fastPanel": {}
}