{
	"items": [
		{
			"_id": "5c6687d65e9d882c8841f0fd",
			"_tpl": "55d7217a4bdc2d86028b456d"
		},
		{
			"_id": "5c6687d65e9d882c8841f121",
			"_tpl": "557ffd194bdc2d28148b457f",
			"parentId": "5c6687d65e9d882c8841f0fd",
			"slotId": "Pockets"
		},
		{
			"_id": "5c6687d65e9d882c8841f0fc",
			"_tpl": "566abbc34bdc2d92178b4576"
		},
		{
			"_id": "5c6687d65e9d882c8841f0ff",
			"_tpl": "5963866b86f7747bfa1c4462"
		},
		{
			"_id": "5c6687d65e9d882c8841f0fe",
			"_tpl": "5963866286f7747bf429b572"
		},
		{
			"_id": "I596182347390153908XhzkJ",
			"_tpl": "5c0e3eb886f7742015526062",
			"parentId": "5c6687d65e9d882c8841f0fd",
			"slotId": "TacticalVest"
		},
		{
			"_id": "I331017482780841435AhGt6",
			"_tpl": "5ab8e9fcd8ce870019439434",
			"parentId": "5c6687d65e9d882c8841f0fd",
			"slotId": "FirstPrimaryWeapon",
			"upd": {
				"Repairable": {
					"MaxDurability": 100,
					"Durability": 44
				}
			}
		},
		{
			"_id": "I3310174856292415005HYwu",
			"_tpl": "59c6633186f7740cf0493bb9",
			"parentId": "I331017482780841435AhGt6",
			"slotId": "mod_gas_block"
		},
		{
			"_id": "I331017485185961610JvntI",
			"_tpl": "5649aa744bdc2ded0b8b457e",
			"parentId": "I331017482780841435AhGt6",
			"slotId": "mod_muzzle"
		},
		{
			"_id": "I3310174882290139167WR2R",
			"_tpl": "57e3dba62459770f0c32322b",
			"parentId": "I331017482780841435AhGt6",
			"slotId": "mod_pistol_grip"
		},
		{
			"_id": "I331017482580523344idHJD",
			"_tpl": "5649b0544bdc2d1b2b8b458a",
			"parentId": "I331017482780841435AhGt6",
			"slotId": "mod_sight_rear",
			"upd": {
				"Sight": {
					"SelectedSightMode": 0
				}
			}
		},
		{
			"_id": "I331017484401527346Lw7Hl",
			"_tpl": "5ab626e4d8ce87272e4c6e43",
			"parentId": "I331017482780841435AhGt6",
			"slotId": "mod_stock"
		},
		{
			"_id": "I59618239338024730j0lf7g",
			"_tpl": "55d4837c4bdc2d1d4e8b456c",
			"parentId": "I331017482780841435AhGt6",
			"slotId": "mod_magazine"
		},
		{
			"_id": "I59618234246173686U3QwMw",
			"_tpl": "56dff2ced2720bb4668b4567",
			"parentId": "I59618239338024730j0lf7g",
			"slotId": "cartridges",
			"upd": {
				"StackObjectsCount": 10
			}
		},
		{
			"_id": "I331017485538352065oHxLJ",
			"_tpl": "5648b0744bdc2d363b8b4578",
			"parentId": "I3310174856292415005HYwu",
			"slotId": "mod_handguard"
		},
		{
			"_id": "I59618235208413987ge7KoY",
			"_tpl": "5857a8bc2459772bad15db29",
			"parentId": "5c6687d65e9d882c8841f0fd",
			"slotId": "SecuredContainer"
		},
		{
			"_id": "I59618236286254513MAlG56",
			"_tpl": "56dff338d2720bbd668b4569",
			"parentId": "I59618235208413987ge7KoY",
			"slotId": "main",
			"upd": {
				"StackObjectsCount": 60
			}
		},
		{
			"_id": "I59618237961528575m5LUbQ",
			"_tpl": "56dff421d2720b5f5a8b4567",
			"parentId": "I59618235208413987ge7KoY",
			"slotId": "main",
			"upd": {
				"StackObjectsCount": 60
			}
		},
		{
			"_id": "I59618238326655768hggBmi",
			"_tpl": "56dff3afd2720bba668b4567",
			"parentId": "I59618235208413987ge7KoY",
			"slotId": "main",
			"upd": {
				"StackObjectsCount": 60
			}
		},
		{
			"_id": "I59618237146440076M1XGQL",
			"_tpl": "56dff061d2720bb5668b4567",
			"parentId": "I59618235208413987ge7KoY",
			"slotId": "main",
			"upd": {
				"StackObjectsCount": 60
			}
		},
		{
			"_id": "I59618234734508474gdV157",
			"_tpl": "56dff216d2720bbd668b4568",
			"parentId": "I59618235208413987ge7KoY",
			"slotId": "main",
			"upd": {
				"StackObjectsCount": 60
			}
		},
		{
			"_id": "I59618233238982831xHUjjL",
			"_tpl": "56dff2ced2720bb4668b4567",
			"parentId": "I59618235208413987ge7KoY",
			"slotId": "main",
			"upd": {
				"StackObjectsCount": 60
			}
		},
		{
			"_id": "I59618231851777226eedVN0",
			"_tpl": "56dff4a2d2720bbd668b456a",
			"parentId": "I59618235208413987ge7KoY",
			"slotId": "main",
			"upd": {
				"StackObjectsCount": 60
			}
		},
		{
			"_id": "I59618237019061995SIk7tD",
			"_tpl": "56dfef82d2720bbd668b4567",
			"parentId": "I59618235208413987ge7KoY",
			"slotId": "main",
			"upd": {
				"StackObjectsCount": 60
			}
		},
		{
			"_id": "I59618235665364053ESyL73",
			"_tpl": "56dff4ecd2720b5f5a8b4568",
			"parentId": "I59618235208413987ge7KoY",
			"slotId": "main",
			"upd": {
				"StackObjectsCount": 60
			}
		},
		{
			"_id": "I59618237217517211xe8sxx",
			"_tpl": "55d4837c4bdc2d1d4e8b456c",
			"parentId": "I596182347390153908XhzkJ",
			"slotId": "1",
			"location": {
				"x": 0,
				"y": 1,
				"r": "Horizontal"
			}
		},
		{
			"_id": "I59618237809013695nQkTIc",
			"_tpl": "56dff338d2720bbd668b4569",
			"parentId": "I59618237217517211xe8sxx",
			"slotId": "cartridges",
			"upd": {
				"StackObjectsCount": 10
			}
		},
		{
			"_id": "I59618235268312376o3HQem",
			"_tpl": "55d4837c4bdc2d1d4e8b456c",
			"parentId": "I596182347390153908XhzkJ",
			"slotId": "3",
			"location": {
				"x": 0,
				"y": 0,
				"r": "Horizontal"
			}
		},
		{
			"_id": "I59618235427570290DVu2Jx",
			"_tpl": "56dff216d2720bbd668b4568",
			"parentId": "I59618235268312376o3HQem",
			"slotId": "cartridges",
			"upd": {
				"StackObjectsCount": 10
			}
		},
		{
			"_id": "I59618234347289847fCDnTU",
			"_tpl": "55d4837c4bdc2d1d4e8b456c",
			"parentId": "I596182347390153908XhzkJ",
			"slotId": "3",
			"location": {
				"x": 0,
				"y": 1,
				"r": "Horizontal"
			}
		},
		{
			"_id": "I59618233243901982uzzfox",
			"_tpl": "56dfef82d2720bbd668b4567",
			"parentId": "I59618234347289847fCDnTU",
			"slotId": "cartridges",
			"upd": {
				"StackObjectsCount": 10
			}
		},
		{
			"_id": "I59618234525791638HKIJEi",
			"_tpl": "56dff026d2720bb8668b4567",
			"parentId": "I596182347390153908XhzkJ",
			"slotId": "6",
			"upd": {
				"StackObjectsCount": 15
			}
		},
		{
			"_id": "I59618237548612160HpAFbl",
			"_tpl": "5bffdc370db834001d23eca8",
			"parentId": "5c6687d65e9d882c8841f0fd",
			"slotId": "Scabbard"
		},
		{
			"_id": "I59618237257674913P7MZl3",
			"_tpl": "5d6d2ef3a4b93618084f58bd",
			"parentId": "5c6687d65e9d882c8841f0fd",
			"slotId": "Eyewear"
		},
		{
			"_id": "I59618231293407374w8ey8a",
			"_tpl": "5d1b3a5d86f774252167ba22",
			"parentId": "5c6687d65e9d882c8841f121",
			"slotId": "pocket1",
			"location": {
				"x": 0,
				"y": 0,
				"r": "Horizontal"
			},
			"upd": {
				"SpawnedInSession": true
			}
		},
		{
			"_id": "I596182335460230015Jr0XD",
			"_tpl": "5af0561e86f7745f5f3ad6ac",
			"parentId": "5c6687d65e9d882c8841f121",
			"slotId": "pocket2",
			"location": {
				"x": 0,
				"y": 0,
				"r": "Horizontal"
			},
			"upd": {
				"SpawnedInSession": true
			}
		}
	],
	"equipment": "5c6687d65e9d882c8841f0fd",
	"stash": "5c6687d65e9d882c8841f0fc",
	"questRaidItems": "5c6687d65e9d882c8841f0fe",
	"questStashItems": "5c6687d65e9d882c8841f0ff",
	"fastPanel": {}
}