{
	"items": [
		{
			"_id": "5c6687d65e9d882c8841f0fd",
			"_tpl": "55d7217a4bdc2d86028b456d"
		},
		{
			"_id": "5c6687d65e9d882c8841f121",
			"_tpl": "557ffd194bdc2d28148b457f",
			"parentId": "5c6687d65e9d882c8841f0fd",
			"slotId": "Pockets"
		},
		{
			"_id": "5c6687d65e9d882c8841f0fc",
			"_tpl": "566abbc34bdc2d92178b4576"
		},
		{
			"_id": "5c6687d65e9d882c8841f0ff",
			"_tpl": "5963866b86f7747bfa1c4462"
		},
		{
			"_id": "5c6687d65e9d882c8841f0fe",
			"_tpl": "5963866286f7747bf429b572"
		},
		{
			"_id": "I59618249343653152JVlwPE",
			"_tpl": "5c0e9f2c86f77432297fe0a3",
			"parentId": "5c6687d65e9d882c8841f0fd",
			"slotId": "TacticalVest"
		},
		{
			"_id": "I331037273778582710Ve4xt",
			"_tpl": "576165642459773c7a400233",
			"parentId": "5c6687d65e9d882c8841f0fd",
			"slotId": "FirstPrimaryWeapon",
			"upd": {
				"Repairable": {
					"MaxDurability": 100,
					"Durability": 35
				}
			}
		},
		{
			"_id": "I331037277936492602HaUnF",
			"_tpl": "576169e62459773c69055191",
			"parentId": "I331037273778582710Ve4xt",
			"slotId": "mod_handguard"
		},
		{
			"_id": "I331037271337023575jZfwo",
			"_tpl": "576167ab2459773cad038c43",
			"parentId": "I331037273778582710Ve4xt",
			"slotId": "mod_muzzle"
		},
		{
			"_id": "I331037271279086441Y204d",
			"_tpl": "5649ade84bdc2d1b2b8b4587",
			"parentId": "I331037273778582710Ve4xt",
			"slotId": "mod_pistol_grip"
		},
		{
			"_id": "I331037277100226548TQt0q",
			"_tpl": "57a9b9ce2459770ee926038d",
			"parentId": "I331037273778582710Ve4xt",
			"slotId": "mod_sight_rear",
			"upd": {
				"Sight": {
					"SelectedSightMode": 0
				}
			}
		},
		{
			"_id": "I3310372799184345989DkQA",
			"_tpl": "57616ca52459773c69055192",
			"parentId": "I331037273778582710Ve4xt",
			"slotId": "mod_stock"
		},
		{
			"_id": "I596182493929886757D20PJ",
			"_tpl": "57616a9e2459773c7a400234",
			"parentId": "I331037273778582710Ve4xt",
			"slotId": "mod_magazine"
		},
		{
			"_id": "I59618248771143480KThJVu",
			"_tpl": "5d6e6869a4b9361c140bcfde",
			"parentId": "I596182493929886757D20PJ",
			"slotId": "cartridges",
			"upd": {
				"StackObjectsCount": 5
			}
		},
		{
			"_id": "I59618248867243736kPxN8x",
			"_tpl": "5857a8bc2459772bad15db29",
			"parentId": "5c6687d65e9d882c8841f0fd",
			"slotId": "SecuredContainer"
		},
		{
			"_id": "I59618248055860569Sb0ykH",
			"_tpl": "5d6e6869a4b9361c140bcfde",
			"parentId": "I59618248867243736kPxN8x",
			"slotId": "main",
			"upd": {
				"StackObjectsCount": 60
			}
		},
		{
			"_id": "I59618249561967777MVHQM7",
			"_tpl": "5d6e68c4a4b9361b93413f79",
			"parentId": "I59618248867243736kPxN8x",
			"slotId": "main",
			"upd": {
				"StackObjectsCount": 60
			}
		},
		{
			"_id": "I59618248948154579qUVARE",
			"_tpl": "5d6e68e6a4b9361c140bcfe0",
			"parentId": "I59618248867243736kPxN8x",
			"slotId": "main",
			"upd": {
				"StackObjectsCount": 60
			}
		},
		{
			"_id": "I59618248381526940uNYcx7",
			"_tpl": "5d6fbf68a4b9362233221f6b",
			"parentId": "I59618248867243736kPxN8x",
			"slotId": "main",
			"upd": {
				"StackObjectsCount": 60
			}
		},
		{
			"_id": "I59618242075196081JRjA0s",
			"_tpl": "5d6e68c4a4b9361b93413f79",
			"parentId": "I59618248867243736kPxN8x",
			"slotId": "main",
			"upd": {
				"StackObjectsCount": 60
			}
		},
		{
			"_id": "I59618245303222160H7DOd0",
			"_tpl": "5d6fbf68a4b9362233221f6b",
			"parentId": "I59618248867243736kPxN8x",
			"slotId": "main",
			"upd": {
				"StackObjectsCount": 60
			}
		},
		{
			"_id": "I59618247069952266ZiKU5S",
			"_tpl": "5d6e689ca4b9361bc8618956",
			"parentId": "I59618248867243736kPxN8x",
			"slotId": "main",
			"upd": {
				"StackObjectsCount": 60
			}
		},
		{
			"_id": "I596182471684296676Wwt5Y",
			"_tpl": "5d6e68b3a4b9361bca7e50b5",
			"parentId": "I59618248867243736kPxN8x",
			"slotId": "main",
			"upd": {
				"StackObjectsCount": 60
			}
		},
		{
			"_id": "I59618249463250147gS9RqE",
			"_tpl": "5c0d591486f7744c505b416f",
			"parentId": "I59618248867243736kPxN8x",
			"slotId": "main",
			"upd": {
				"StackObjectsCount": 60
			}
		},
		{
			"_id": "I59618241297727670Snp3RK",
			"_tpl": "57616a9e2459773c7a400234",
			"parentId": "I59618249343653152JVlwPE",
			"slotId": "1",
			"location": {
				"x": 0,
				"y": 0,
				"r": "Horizontal"
			}
		},
		{
			"_id": "I59618241860649505QPaIa1",
			"_tpl": "5d6e68a8a4b9360b6c0d54e2",
			"parentId": "I59618241297727670Snp3RK",
			"slotId": "cartridges",
			"upd": {
				"StackObjectsCount": 5
			}
		},
		{
			"_id": "I59618245082353737ohw0k9",
			"_tpl": "57616a9e2459773c7a400234",
			"parentId": "I59618249343653152JVlwPE",
			"slotId": "3",
			"location": {
				"x": 0,
				"y": 0,
				"r": "Horizontal"
			}
		},
		{
			"_id": "I59618247907928119V4NE9b",
			"_tpl": "5d6e68b3a4b9361bca7e50b5",
			"parentId": "I59618245082353737ohw0k9",
			"slotId": "cartridges",
			"upd": {
				"StackObjectsCount": 5
			}
		},
		{
			"_id": "I59618243869600100ltm5j5",
			"_tpl": "57616a9e2459773c7a400234",
			"parentId": "I59618249343653152JVlwPE",
			"slotId": "5",
			"location": {
				"x": 0,
				"y": 0,
				"r": "Horizontal"
			}
		},
		{
			"_id": "I59618242023506696hUc9Gz",
			"_tpl": "5d6e67fba4b9361bc73bc779",
			"parentId": "I59618243869600100ltm5j5",
			"slotId": "cartridges",
			"upd": {
				"StackObjectsCount": 5
			}
		},
		{
			"_id": "I59618243435023620gXGE8b",
			"_tpl": "5a0c27731526d80618476ac4",
			"parentId": "I59618249343653152JVlwPE",
			"slotId": "7"
		},
		{
			"_id": "I59618248326688292ZOA5qH",
			"_tpl": "54491bb74bdc2d09088b4567",
			"parentId": "5c6687d65e9d882c8841f0fd",
			"slotId": "Scabbard"
		},
		{
			"_id": "I596182491188074848p15tl",
			"_tpl": "5b43271c5acfc432ff4dce65",
			"parentId": "5c6687d65e9d882c8841f0fd",
			"slotId": "Headwear"
		},
		{
			"_id": "I59618241311926940fj74oQ",
			"_tpl": "572b7fa524597762b747ce82",
			"parentId": "5c6687d65e9d882c8841f0fd",
			"slotId": "FaceCover"
		},
		{
			"_id": "I59618249458042341RJGwLD",
			"_tpl": "5ab8e79e86f7742d8b372e78",
			"parentId": "5c6687d65e9d882c8841f0fd",
			"slotId": "ArmorVest",
			"upd": {
				"Repairable": {
					"MaxDurability": 65,
					"Durability": 45
				}
			}
		},
		{
			"_id": "I59618243458907015RfNiab",
			"_tpl": "5672c92d4bdc2d180f8b4567",
			"parentId": "5c6687d65e9d882c8841f121",
			"slotId": "pocket1",
			"location": {
				"x": 0,
				"y": 0,
				"r": "Horizontal"
			},
			"upd": {
				"SpawnedInSession": true
			}
		}
	],
	"equipment": "5c6687d65e9d882c8841f0fd",
	"stash": "5c6687d65e9d882c8841f0fc",
	"questRaidItems": "5c6687d65e9d882c8841f0fe",
	"questStashItems": "5c6687d65e9d882c8841f0ff",
	"fastPanel": {}
}