{
	"items": [
		{
			"_id": "5c6687d65e9d882c8841f0fd",
			"_tpl": "55d7217a4bdc2d86028b456d"
		},
		{
			"_id": "5c6687d65e9d882c8841f121",
			"_tpl": "557ffd194bdc2d28148b457f",
			"parentId": "5c6687d65e9d882c8841f0fd",
			"slotId": "Pockets"
		},
		{
			"_id": "5c6687d65e9d882c8841f0fc",
			"_tpl": "566abbc34bdc2d92178b4576"
		},
		{
			"_id": "5c6687d65e9d882c8841f0ff",
			"_tpl": "5963866b86f7747bfa1c4462"
		},
		{
			"_id": "5c6687d65e9d882c8841f0fe",
			"_tpl": "5963866286f7747bf429b572"
		},
		{
			"_id": "I59618248667422538ENqavL",
			"_tpl": "572b7adb24597762ae139821",
			"parentId": "5c6687d65e9d882c8841f0fd",
			"slotId": "TacticalVest"
		},
		{
			"_id": "I210050576156857912OZ9L7",
			"_tpl": "5abcbc27d8ce8700182eceeb",
			"parentId": "5c6687d65e9d882c8841f0fd",
			"slotId": "FirstPrimaryWeapon",
			"upd": {
				"Repairable": {
					"MaxDurability": 100,
					"Durability": 16
				}
			}
		},
		{
			"_id": "I210050573192892438O9mP4",
			"_tpl": "59d64ec286f774171d1e0a42",
			"parentId": "I210050576156857912OZ9L7",
			"slotId": "mod_gas_block"
		},
		{
			"_id": "I210050578472391306EX0F2",
			"_tpl": "59e61eb386f77440d64f5daf",
			"parentId": "I210050576156857912OZ9L7",
			"slotId": "mod_muzzle"
		},
		{
			"_id": "I210050572763710976gsnxk",
			"_tpl": "5a0071d486f77404e23a12b2",
			"parentId": "I210050576156857912OZ9L7",
			"slotId": "mod_pistol_grip_akms"
		},
		{
			"_id": "I210050577635509251cC44m",
			"_tpl": "59d650cf86f7741b846413a4",
			"parentId": "I210050576156857912OZ9L7",
			"slotId": "mod_sight_rear",
			"upd": {
				"Sight": {
					"SelectedSightMode": 0
				}
			}
		},
		{
			"_id": "I210050575505166963PRLEC",
			"_tpl": "59ff3b6a86f77477562ff5ed",
			"parentId": "I210050576156857912OZ9L7",
			"slotId": "mod_stock_akms"
		},
		{
			"_id": "I59618247592422865yQqLH3",
			"_tpl": "59fafc9386f774067d462453",
			"parentId": "I210050576156857912OZ9L7",
			"slotId": "mod_magazine"
		},
		{
			"_id": "I59618246996606475URGUjC",
			"_tpl": "59e0d99486f7744a32234762",
			"parentId": "I59618247592422865yQqLH3",
			"slotId": "cartridges",
			"upd": {
				"StackObjectsCount": 30
			}
		},
		{
			"_id": "I210050571279421349KWsNZ",
			"_tpl": "59d64f2f86f77417193ef8b3",
			"parentId": "I210050573192892438O9mP4",
			"slotId": "mod_handguard"
		},
		{
			"_id": "I59618247029286947N535Ky",
			"_tpl": "5857a8bc2459772bad15db29",
			"parentId": "5c6687d65e9d882c8841f0fd",
			"slotId": "SecuredContainer"
		},
		{
			"_id": "I596182433531440833OarRW",
			"_tpl": "59e4d24686f7741776641ac7",
			"parentId": "I59618247029286947N535Ky",
			"slotId": "main",
			"upd": {
				"StackObjectsCount": 60
			}
		},
		{
			"_id": "I596182497383919395JUCSX",
			"_tpl": "59e4d3d286f774176a36250a",
			"parentId": "I59618247029286947N535Ky",
			"slotId": "main",
			"upd": {
				"StackObjectsCount": 60
			}
		},
		{
			"_id": "I59618241921172739BFOgUF",
			"_tpl": "59e4d3d286f774176a36250a",
			"parentId": "I59618247029286947N535Ky",
			"slotId": "main",
			"upd": {
				"StackObjectsCount": 60
			}
		},
		{
			"_id": "I59618246484595259Wumyyu",
			"_tpl": "59e4cf5286f7741778269d8a",
			"parentId": "I59618247029286947N535Ky",
			"slotId": "main",
			"upd": {
				"StackObjectsCount": 60
			}
		},
		{
			"_id": "I59618246543761515yK7DSM",
			"_tpl": "59e4d3d286f774176a36250a",
			"parentId": "I59618247029286947N535Ky",
			"slotId": "main",
			"upd": {
				"StackObjectsCount": 60
			}
		},
		{
			"_id": "I596182470689357229r67f9",
			"_tpl": "5656d7c34bdc2d9d198b4587",
			"parentId": "I59618247029286947N535Ky",
			"slotId": "main",
			"upd": {
				"StackObjectsCount": 60
			}
		},
		{
			"_id": "I59618249272355260TpBAKK",
			"_tpl": "59e4d24686f7741776641ac7",
			"parentId": "I59618247029286947N535Ky",
			"slotId": "main",
			"upd": {
				"StackObjectsCount": 60
			}
		},
		{
			"_id": "I59618247277707275TzCFWe",
			"_tpl": "59e4d24686f7741776641ac7",
			"parentId": "I59618247029286947N535Ky",
			"slotId": "main",
			"upd": {
				"StackObjectsCount": 60
			}
		},
		{
			"_id": "I59618244848844157a8C519",
			"_tpl": "59e4d24686f7741776641ac7",
			"parentId": "I59618247029286947N535Ky",
			"slotId": "main",
			"upd": {
				"StackObjectsCount": 60
			}
		},
		{
			"_id": "I59618242908382834E58fdL",
			"_tpl": "5a0060fc86f7745793204432",
			"parentId": "I59618248667422538ENqavL",
			"slotId": "2",
			"location": {
				"x": 0,
				"y": 0,
				"r": "Horizontal"
			}
		},
		{
			"_id": "I59618244784656114MEejDl",
			"_tpl": "5656d7c34bdc2d9d198b4587",
			"parentId": "I59618242908382834E58fdL",
			"slotId": "cartridges",
			"upd": {
				"StackObjectsCount": 30
			}
		},
		{
			"_id": "I59618242531612451Qtpl15",
			"_tpl": "5656d7c34bdc2d9d198b4587",
			"parentId": "I59618248667422538ENqavL",
			"slotId": "4",
			"upd": {
				"StackObjectsCount": 39
			}
		},
		{
			"_id": "I59618244189533652EMNzhy",
			"_tpl": "54491bb74bdc2d09088b4567",
			"parentId": "5c6687d65e9d882c8841f0fd",
			"slotId": "Scabbard"
		},
		{
			"_id": "I596182463062739529Yqy0s",
			"_tpl": "5b40e5e25acfc4001a599bea",
			"parentId": "5c6687d65e9d882c8841f0fd",
			"slotId": "Headwear"
		},
		{
			"_id": "I5961824282541444175FHHm",
			"_tpl": "5d6d2ef3a4b93618084f58bd",
			"parentId": "5c6687d65e9d882c8841f0fd",
			"slotId": "Eyewear"
		},
		{
			"_id": "I59618249841524049lbCM9z",
			"_tpl": "572b7f1624597762ae139822",
			"parentId": "5c6687d65e9d882c8841f0fd",
			"slotId": "FaceCover"
		},
		{
			"_id": "I59618244454514739SZAVa7",
			"_tpl": "5d1b31ce86f7742523398394",
			"parentId": "5c6687d65e9d882c8841f121",
			"slotId": "pocket1",
			"location": {
				"x": 0,
				"y": 0,
				"r": "Horizontal"
			},
			"upd": {
				"SpawnedInSession": true
			}
		},
		{
			"_id": "I59618248707186647PwA5Om",
			"_tpl": "5c1267ee86f77416ec610f72",
			"parentId": "5c6687d65e9d882c8841f121",
			"slotId": "pocket2",
			"location": {
				"x": 0,
				"y": 0,
				"r": "Horizontal"
			},
			"upd": {
				"SpawnedInSession": true
			}
		},
		{
			"_id": "I59618248105210005hbgS5G",
			"_tpl": "5b4335ba86f7744d2837a264",
			"parentId": "5c6687d65e9d882c8841f121",
			"slotId": "pocket3",
			"location": {
				"x": 0,
				"y": 0,
				"r": "Horizontal"
			},
			"upd": {
				"SpawnedInSession": true
			}
		}
	],
	"equipment": "5c6687d65e9d882c8841f0fd",
	"stash": "5c6687d65e9d882c8841f0fc",
	"questRaidItems": "5c6687d65e9d882c8841f0fe",
	"questStashItems": "5c6687d65e9d882c8841f0ff",
	"fastPanel": {}
}