{
	"items": [
		{
			"_id": "5c6687d65e9d882c8841f0fd",
			"_tpl": "55d7217a4bdc2d86028b456d"
		},
		{
			"_id": "5c6687d65e9d882c8841f121",
			"_tpl": "557ffd194bdc2d28148b457f",
			"parentId": "5c6687d65e9d882c8841f0fd",
			"slotId": "Pockets"
		},
		{
			"_id": "5c6687d65e9d882c8841f0fc",
			"_tpl": "566abbc34bdc2d92178b4576"
		},
		{
			"_id": "5c6687d65e9d882c8841f0ff",
			"_tpl": "5963866b86f7747bfa1c4462"
		},
		{
			"_id": "5c6687d65e9d882c8841f0fe",
			"_tpl": "5963866286f7747bf429b572"
		},
		{
			"_id": "I59618234016707378q3CqCU",
			"_tpl": "5d5d8ca986f7742798716522",
			"parentId": "5c6687d65e9d882c8841f0fd",
			"slotId": "TacticalVest"
		},
		{
			"_id": "I210051564524937437QQu9A",
			"_tpl": "5b0bbe4e5acfc40dc528a72d",
			"parentId": "5c6687d65e9d882c8841f0fd",
			"slotId": "FirstPrimaryWeapon",
			"upd": {
				"Repairable": {
					"MaxDurability": 100,
					"Durability": 68
				}
			}
		},
		{
			"_id": "I2100515656213865747DIaP",
			"_tpl": "5b099b965acfc400186331e6",
			"parentId": "I210051564524937437QQu9A",
			"slotId": "mod_pistol_grip"
		},
		{
			"_id": "I59618231822908175PzlKtP",
			"_tpl": "5b7bef9c5acfc43d102852ec",
			"parentId": "I210051564524937437QQu9A",
			"slotId": "mod_magazine"
		},
		{
			"_id": "I59618231806290880VXuCoQ",
			"_tpl": "5e023e53d4353e3302577c4c",
			"parentId": "I59618231822908175PzlKtP",
			"slotId": "cartridges",
			"upd": {
				"StackObjectsCount": 50
			}
		},
		{
			"_id": "I2100515640686292192Nkgj",
			"_tpl": "5b099a9d5acfc47a8607efe7",
			"parentId": "I210051564524937437QQu9A",
			"slotId": "mod_handguard"
		},
		{
			"_id": "I210051563936009593yb5AZ",
			"_tpl": "5b099a765acfc47a8607efe3",
			"parentId": "I210051564524937437QQu9A",
			"slotId": "mod_barrel"
		},
		{
			"_id": "I210051566950898922eA2hw",
			"_tpl": "5b0bc22d5acfc47a8607f085",
			"parentId": "I210051564524937437QQu9A",
			"slotId": "mod_sight_rear",
			"upd": {
				"Sight": {
					"SelectedSightMode": 0
				}
			}
		},
		{
			"_id": "I2100515665942252723PnBm",
			"_tpl": "5b7d6c105acfc40015109a5f",
			"parentId": "I210051564524937437QQu9A",
			"slotId": "mod_reciever"
		},
		{
			"_id": "I210051561250280750t0nAA",
			"_tpl": "5b099b7d5acfc400186331e4",
			"parentId": "I210051563936009593yb5AZ",
			"slotId": "mod_muzzle"
		},
		{
			"_id": "I59618239338107231kwUxcF",
			"_tpl": "5857a8bc2459772bad15db29",
			"parentId": "5c6687d65e9d882c8841f0fd",
			"slotId": "SecuredContainer"
		},
		{
			"_id": "I59618238879801244WAd60D",
			"_tpl": "5e023e88277cce2b522ff2b1",
			"parentId": "I59618239338107231kwUxcF",
			"slotId": "main",
			"upd": {
				"StackObjectsCount": 60
			}
		},
		{
			"_id": "I59618232139535912f9pf6X",
			"_tpl": "58dd3ad986f77403051cba8f",
			"parentId": "I59618239338107231kwUxcF",
			"slotId": "main",
			"upd": {
				"StackObjectsCount": 60
			}
		},
		{
			"_id": "I59618231518983362yzh7oL",
			"_tpl": "5e023e88277cce2b522ff2b1",
			"parentId": "I59618239338107231kwUxcF",
			"slotId": "main",
			"upd": {
				"StackObjectsCount": 60
			}
		},
		{
			"_id": "I59618233161110975fTfvuD",
			"_tpl": "58dd3ad986f77403051cba8f",
			"parentId": "I59618239338107231kwUxcF",
			"slotId": "main",
			"upd": {
				"StackObjectsCount": 60
			}
		},
		{
			"_id": "I59618233066204426k9dA7M",
			"_tpl": "5a608bf24f39f98ffc77720e",
			"parentId": "I59618239338107231kwUxcF",
			"slotId": "main",
			"upd": {
				"StackObjectsCount": 60
			}
		},
		{
			"_id": "I596182347659053209NbER8",
			"_tpl": "58dd3ad986f77403051cba8f",
			"parentId": "I59618239338107231kwUxcF",
			"slotId": "main",
			"upd": {
				"StackObjectsCount": 60
			}
		},
		{
			"_id": "I59618237399775333IvWeIp",
			"_tpl": "5e023e6e34d52a55c3304f71",
			"parentId": "I59618239338107231kwUxcF",
			"slotId": "main",
			"upd": {
				"StackObjectsCount": 60
			}
		},
		{
			"_id": "I59618234724937998OqobnY",
			"_tpl": "5a6086ea4f39f99cd479502f",
			"parentId": "I59618239338107231kwUxcF",
			"slotId": "main",
			"upd": {
				"StackObjectsCount": 60
			}
		},
		{
			"_id": "I59618237011288682FjAUfT",
			"_tpl": "5e023e88277cce2b522ff2b1",
			"parentId": "I59618239338107231kwUxcF",
			"slotId": "main",
			"upd": {
				"StackObjectsCount": 60
			}
		},
		{
			"_id": "I59618235560846263GOpiEA",
			"_tpl": "5b7bef9c5acfc43d102852ec",
			"parentId": "I59618234016707378q3CqCU",
			"slotId": "2",
			"location": {
				"x": 0,
				"y": 0,
				"r": "Horizontal"
			}
		},
		{
			"_id": "I59618238515281199RJgkBM",
			"_tpl": "5e023e88277cce2b522ff2b1",
			"parentId": "I59618235560846263GOpiEA",
			"slotId": "cartridges",
			"upd": {
				"StackObjectsCount": 50
			}
		},
		{
			"_id": "I59618232626589474dIBqsv",
			"_tpl": "5b7bef9c5acfc43d102852ec",
			"parentId": "I59618234016707378q3CqCU",
			"slotId": "1",
			"location": {
				"x": 0,
				"y": 0,
				"r": "Horizontal"
			}
		},
		{
			"_id": "I59618233695745855BOTX6A",
			"_tpl": "58dd3ad986f77403051cba8f",
			"parentId": "I59618232626589474dIBqsv",
			"slotId": "cartridges",
			"upd": {
				"StackObjectsCount": 50
			}
		},
		{
			"_id": "I59618232359048654M9oTUO",
			"_tpl": "5b7bef9c5acfc43d102852ec",
			"parentId": "I59618234016707378q3CqCU",
			"slotId": "1",
			"location": {
				"x": 1,
				"y": 0,
				"r": "Horizontal"
			}
		},
		{
			"_id": "I59618238644636561I68D4f",
			"_tpl": "5a608bf24f39f98ffc77720e",
			"parentId": "I59618232359048654M9oTUO",
			"slotId": "cartridges",
			"upd": {
				"StackObjectsCount": 50
			}
		},
		{
			"_id": "I596182321972869684FIc5v",
			"_tpl": "54491bb74bdc2d09088b4567",
			"parentId": "5c6687d65e9d882c8841f0fd",
			"slotId": "Scabbard"
		},
		{
			"_id": "I59618235791210254zK3S8D",
			"_tpl": "572b7fa124597762b472f9d2",
			"parentId": "5c6687d65e9d882c8841f0fd",
			"slotId": "Headwear"
		},
		{
			"_id": "I59618231762789892mmNOxI",
			"_tpl": "5aa2b986e5b5b00014028f4c",
			"parentId": "5c6687d65e9d882c8841f0fd",
			"slotId": "Eyewear"
		},
		{
			"_id": "I59618239524760710U6zHgd",
			"_tpl": "572b7f1624597762ae139822",
			"parentId": "5c6687d65e9d882c8841f0fd",
			"slotId": "FaceCover"
		},
		{
			"_id": "I59618237428703689HayRvb",
			"_tpl": "5c0e5edb86f77461f55ed1f7",
			"parentId": "5c6687d65e9d882c8841f0fd",
			"slotId": "ArmorVest",
			"upd": {
				"Repairable": {
					"MaxDurability": 50,
					"Durability": 2
				}
			}
		},
		{
			"_id": "I59618233309031982W5EeS6",
			"_tpl": "5bc9b9ecd4351e3bac122519",
			"parentId": "5c6687d65e9d882c8841f121",
			"slotId": "pocket1",
			"location": {
				"x": 0,
				"y": 0,
				"r": "Horizontal"
			},
			"upd": {
				"SpawnedInSession": true
			}
		}
	],
	"equipment": "5c6687d65e9d882c8841f0fd",
	"stash": "5c6687d65e9d882c8841f0fc",
	"questRaidItems": "5c6687d65e9d882c8841f0fe",
	"questStashItems": "5c6687d65e9d882c8841f0ff",
	"fastPanel": {}
}