{
	"items": [
		{
			"_id": "5c6687d65e9d882c8841f0fd",
			"_tpl": "55d7217a4bdc2d86028b456d"
		},
		{
			"_id": "5c6687d65e9d882c8841f121",
			"_tpl": "557ffd194bdc2d28148b457f",
			"parentId": "5c6687d65e9d882c8841f0fd",
			"slotId": "Pockets"
		},
		{
			"_id": "5c6687d65e9d882c8841f0fc",
			"_tpl": "566abbc34bdc2d92178b4576"
		},
		{
			"_id": "5c6687d65e9d882c8841f0ff",
			"_tpl": "5963866b86f7747bfa1c4462"
		},
		{
			"_id": "5c6687d65e9d882c8841f0fe",
			"_tpl": "5963866286f7747bf429b572"
		},
		{
			"_id": "I59618244453049937YiRsqI",
			"_tpl": "5d5d85c586f774279a21cbdb",
			"parentId": "5c6687d65e9d882c8841f0fd",
			"slotId": "TacticalVest"
		},
		{
			"_id": "I210052368901397744h44Cu",
			"_tpl": "5b0bbe4e5acfc40dc528a72d",
			"parentId": "5c6687d65e9d882c8841f0fd",
			"slotId": "FirstPrimaryWeapon",
			"upd": {
				"Repairable": {
					"MaxDurability": 100,
					"Durability": 29
				}
			}
		},
		{
			"_id": "I210052365623104212H4iai",
			"_tpl": "5b099b965acfc400186331e6",
			"parentId": "I210052368901397744h44Cu",
			"slotId": "mod_pistol_grip"
		},
		{
			"_id": "I59618246284568622SqVsBt",
			"_tpl": "5b7bef1e5acfc43d82528402",
			"parentId": "I210052368901397744h44Cu",
			"slotId": "mod_magazine"
		},
		{
			"_id": "I59618247079404923cAwATv",
			"_tpl": "5e023e6e34d52a55c3304f71",
			"parentId": "I59618246284568622SqVsBt",
			"slotId": "cartridges",
			"upd": {
				"StackObjectsCount": 10
			}
		},
		{
			"_id": "I2100523626113840906ZKW4",
			"_tpl": "5b7bed205acfc400161d08cc",
			"parentId": "I210052368901397744h44Cu",
			"slotId": "mod_handguard"
		},
		{
			"_id": "I210052364622688952JEktG",
			"_tpl": "5b7be1265acfc400161d0798",
			"parentId": "I210052368901397744h44Cu",
			"slotId": "mod_barrel"
		},
		{
			"_id": "I210052368686631120p1sRz",
			"_tpl": "5b0bc22d5acfc47a8607f085",
			"parentId": "I210052368901397744h44Cu",
			"slotId": "mod_sight_rear",
			"upd": {
				"Sight": {
					"SelectedSightMode": 0
				}
			}
		},
		{
			"_id": "I210052368761698429p0sEM",
			"_tpl": "5b7d63cf5acfc4001876c8df",
			"parentId": "I210052368901397744h44Cu",
			"slotId": "mod_stock"
		},
		{
			"_id": "I59618241453614164bChQjp",
			"_tpl": "5857a8bc2459772bad15db29",
			"parentId": "5c6687d65e9d882c8841f0fd",
			"slotId": "SecuredContainer"
		},
		{
			"_id": "I59618246237741604jOrKSo",
			"_tpl": "5a608bf24f39f98ffc77720e",
			"parentId": "I59618241453614164bChQjp",
			"slotId": "main",
			"upd": {
				"StackObjectsCount": 60
			}
		},
		{
			"_id": "I59618247591983389H8i8m6",
			"_tpl": "5e023e6e34d52a55c3304f71",
			"parentId": "I59618241453614164bChQjp",
			"slotId": "main",
			"upd": {
				"StackObjectsCount": 60
			}
		},
		{
			"_id": "I59618248448362372Wqg7VT",
			"_tpl": "5e023e6e34d52a55c3304f71",
			"parentId": "I59618241453614164bChQjp",
			"slotId": "main",
			"upd": {
				"StackObjectsCount": 60
			}
		},
		{
			"_id": "I596182411781364686wNQYF",
			"_tpl": "58dd3ad986f77403051cba8f",
			"parentId": "I59618241453614164bChQjp",
			"slotId": "main",
			"upd": {
				"StackObjectsCount": 60
			}
		},
		{
			"_id": "I59618243830543190sqMocf",
			"_tpl": "5a608bf24f39f98ffc77720e",
			"parentId": "I59618241453614164bChQjp",
			"slotId": "main",
			"upd": {
				"StackObjectsCount": 60
			}
		},
		{
			"_id": "I59618241863345937FDlwYO",
			"_tpl": "5a6086ea4f39f99cd479502f",
			"parentId": "I59618241453614164bChQjp",
			"slotId": "main",
			"upd": {
				"StackObjectsCount": 60
			}
		},
		{
			"_id": "I59618249854286263X36Wqx",
			"_tpl": "5a608bf24f39f98ffc77720e",
			"parentId": "I59618241453614164bChQjp",
			"slotId": "main",
			"upd": {
				"StackObjectsCount": 60
			}
		},
		{
			"_id": "I596182440534505333LJi3A",
			"_tpl": "5e023e6e34d52a55c3304f71",
			"parentId": "I59618241453614164bChQjp",
			"slotId": "main",
			"upd": {
				"StackObjectsCount": 60
			}
		},
		{
			"_id": "I59618241749251644PUzylQ",
			"_tpl": "5a608bf24f39f98ffc77720e",
			"parentId": "I59618241453614164bChQjp",
			"slotId": "main",
			"upd": {
				"StackObjectsCount": 60
			}
		},
		{
			"_id": "I59618248074891841zcKzT8",
			"_tpl": "5b7bef1e5acfc43d82528402",
			"parentId": "I59618244453049937YiRsqI",
			"slotId": "2",
			"location": {
				"x": 0,
				"y": 0,
				"r": "Horizontal"
			}
		},
		{
			"_id": "I59618247296220690muYW6V",
			"_tpl": "5a6086ea4f39f99cd479502f",
			"parentId": "I59618248074891841zcKzT8",
			"slotId": "cartridges",
			"upd": {
				"StackObjectsCount": 10
			}
		},
		{
			"_id": "I59618247191849931NcIa4d",
			"_tpl": "5b7bef1e5acfc43d82528402",
			"parentId": "I59618244453049937YiRsqI",
			"slotId": "4",
			"location": {
				"x": 0,
				"y": 0,
				"r": "Horizontal"
			}
		},
		{
			"_id": "I59618249572372613clOOwF",
			"_tpl": "5a608bf24f39f98ffc77720e",
			"parentId": "I59618247191849931NcIa4d",
			"slotId": "cartridges",
			"upd": {
				"StackObjectsCount": 10
			}
		},
		{
			"_id": "I59618246725764104BjCokc",
			"_tpl": "5b7bef1e5acfc43d82528402",
			"parentId": "I59618244453049937YiRsqI",
			"slotId": "6",
			"location": {
				"x": 0,
				"y": 0,
				"r": "Horizontal"
			}
		},
		{
			"_id": "I59618243406714659jRtbI7",
			"_tpl": "5e023e88277cce2b522ff2b1",
			"parentId": "I59618246725764104BjCokc",
			"slotId": "cartridges",
			"upd": {
				"StackObjectsCount": 10
			}
		},
		{
			"_id": "I59618243302266405CmVi0X",
			"_tpl": "5b7bef1e5acfc43d82528402",
			"parentId": "I59618244453049937YiRsqI",
			"slotId": "6",
			"location": {
				"x": 0,
				"y": 1,
				"r": "Horizontal"
			}
		},
		{
			"_id": "I5961824209214256040GPFG",
			"_tpl": "58dd3ad986f77403051cba8f",
			"parentId": "I59618243302266405CmVi0X",
			"slotId": "cartridges",
			"upd": {
				"StackObjectsCount": 10
			}
		},
		{
			"_id": "I59618242174875398X4Nwxm",
			"_tpl": "57e26fc7245977162a14b800",
			"parentId": "5c6687d65e9d882c8841f0fd",
			"slotId": "Scabbard"
		},
		{
			"_id": "I5961824301588003024Bsy9",
			"_tpl": "5aa2b89be5b5b0001569311f",
			"parentId": "5c6687d65e9d882c8841f0fd",
			"slotId": "Headwear"
		},
		{
			"_id": "I59618249913321886OSaxJ1",
			"_tpl": "5aa2b986e5b5b00014028f4c",
			"parentId": "5c6687d65e9d882c8841f0fd",
			"slotId": "Eyewear"
		},
		{
			"_id": "I59618241949186553EbM72Z",
			"_tpl": "5bd071d786f7747e707b93a3",
			"parentId": "5c6687d65e9d882c8841f0fd",
			"slotId": "FaceCover"
		},
		{
			"_id": "I59618248544002448nQ4d5S",
			"_tpl": "5ab8ee7786f7742d8f33f0b9",
			"parentId": "5c6687d65e9d882c8841f0fd",
			"slotId": "Backpack"
		},
		{
			"_id": "I5961824798519744839Lc9m",
			"_tpl": "59136f6f86f774447a1ed173",
			"parentId": "I59618248544002448nQ4d5S",
			"slotId": "main",
			"location": {
				"x": 0,
				"y": 0,
				"r": "Horizontal"
			}
		},
		{
			"_id": "I5961824143567658832Ub9g",
			"_tpl": "590a358486f77429692b2790",
			"parentId": "5c6687d65e9d882c8841f121",
			"slotId": "pocket1",
			"location": {
				"x": 0,
				"y": 0,
				"r": "Horizontal"
			},
			"upd": {
				"SpawnedInSession": true
			}
		},
		{
			"_id": "I59618246271180921R5wIJz",
			"_tpl": "5c052e6986f7746b207bc3c9",
			"parentId": "5c6687d65e9d882c8841f121",
			"slotId": "pocket2",
			"location": {
				"x": 0,
				"y": 0,
				"r": "Horizontal"
			},
			"upd": {
				"SpawnedInSession": true
			}
		},
		{
			"_id": "I59618247912421777Wz8xzR",
			"_tpl": "56742c324bdc2d150f8b456d",
			"parentId": "5c6687d65e9d882c8841f121",
			"slotId": "pocket3",
			"location": {
				"x": 0,
				"y": 0,
				"r": "Horizontal"
			},
			"upd": {
				"SpawnedInSession": true
			}
		}
	],
	"equipment": "5c6687d65e9d882c8841f0fd",
	"stash": "5c6687d65e9d882c8841f0fc",
	"questRaidItems": "5c6687d65e9d882c8841f0fe",
	"questStashItems": "5c6687d65e9d882c8841f0ff",
	"fastPanel": {}
}