{
	"items": [
		{
			"_id": "5c6687d65e9d882c8841f0fd",
			"_tpl": "55d7217a4bdc2d86028b456d"
		},
		{
			"_id": "5c6687d65e9d882c8841f121",
			"_tpl": "557ffd194bdc2d28148b457f",
			"parentId": "5c6687d65e9d882c8841f0fd",
			"slotId": "Pockets"
		},
		{
			"_id": "5c6687d65e9d882c8841f0fc",
			"_tpl": "566abbc34bdc2d92178b4576"
		},
		{
			"_id": "5c6687d65e9d882c8841f0ff",
			"_tpl": "5963866b86f7747bfa1c4462"
		},
		{
			"_id": "5c6687d65e9d882c8841f0fe",
			"_tpl": "5963866286f7747bf429b572"
		},
		{
			"_id": "I59618236012381625XsMD0q",
			"_tpl": "5929a2a086f7744f4b234d43",
			"parentId": "5c6687d65e9d882c8841f0fd",
			"slotId": "TacticalVest"
		},
		{
			"_id": "I210015102641588730FeBQk",
			"_tpl": "57f4c844245977379d5c14d1",
			"parentId": "5c6687d65e9d882c8841f0fd",
			"slotId": "FirstPrimaryWeapon",
			"upd": {
				"Repairable": {
					"MaxDurability": 100,
					"Durability": 53
				}
			}
		},
		{
			"_id": "I210015108752448856835CJ",
			"_tpl": "57d152ec245977144076ccdf",
			"parentId": "I210015102641588730FeBQk",
			"slotId": "mod_pistol_grip"
		},
		{
			"_id": "I59618231539997736enYhld",
			"_tpl": "57d14e1724597714010c3f4b",
			"parentId": "I210015102641588730FeBQk",
			"slotId": "mod_magazine"
		},
		{
			"_id": "I59618236926518177nSWSd2",
			"_tpl": "57371eb62459776125652ac1",
			"parentId": "I59618231539997736enYhld",
			"slotId": "cartridges",
			"upd": {
				"StackObjectsCount": 20
			}
		},
		{
			"_id": "I59618232439726851f71582",
			"_tpl": "5857a8bc2459772bad15db29",
			"parentId": "5c6687d65e9d882c8841f0fd",
			"slotId": "SecuredContainer"
		},
		{
			"_id": "I59618233614045036wSH36Q",
			"_tpl": "57371b192459775a9f58a5e0",
			"parentId": "I59618232439726851f71582",
			"slotId": "main",
			"upd": {
				"StackObjectsCount": 60
			}
		},
		{
			"_id": "I59618237162923177nWDGlX",
			"_tpl": "57371e4124597760ff7b25f1",
			"parentId": "I59618232439726851f71582",
			"slotId": "main",
			"upd": {
				"StackObjectsCount": 60
			}
		},
		{
			"_id": "I596182345670707923zrC0X",
			"_tpl": "5737218f245977612125ba51",
			"parentId": "I59618232439726851f71582",
			"slotId": "main",
			"upd": {
				"StackObjectsCount": 60
			}
		},
		{
			"_id": "I59618237379821081pasGub",
			"_tpl": "57372140245977611f70ee91",
			"parentId": "I59618232439726851f71582",
			"slotId": "main",
			"upd": {
				"StackObjectsCount": 60
			}
		},
		{
			"_id": "I59618235230075129QWvvFM",
			"_tpl": "573719762459775a626ccbc1",
			"parentId": "I59618232439726851f71582",
			"slotId": "main",
			"upd": {
				"StackObjectsCount": 60
			}
		},
		{
			"_id": "I596182357222258783eD6ab",
			"_tpl": "57371b192459775a9f58a5e0",
			"parentId": "I59618232439726851f71582",
			"slotId": "main",
			"upd": {
				"StackObjectsCount": 60
			}
		},
		{
			"_id": "I59618239965202902AHJ99Y",
			"_tpl": "57371e4124597760ff7b25f1",
			"parentId": "I59618232439726851f71582",
			"slotId": "main",
			"upd": {
				"StackObjectsCount": 60
			}
		},
		{
			"_id": "I59618231189614608xaDWvY",
			"_tpl": "5737218f245977612125ba51",
			"parentId": "I59618232439726851f71582",
			"slotId": "main",
			"upd": {
				"StackObjectsCount": 60
			}
		},
		{
			"_id": "I596182370284271556vGGug",
			"_tpl": "5737207f24597760ff7b25f2",
			"parentId": "I59618232439726851f71582",
			"slotId": "main",
			"upd": {
				"StackObjectsCount": 60
			}
		},
		{
			"_id": "I596182372253868657rRpnT",
			"_tpl": "57d14e1724597714010c3f4b",
			"parentId": "I59618236012381625XsMD0q",
			"slotId": "3",
			"location": {
				"x": 0,
				"y": 0,
				"r": "Horizontal"
			}
		},
		{
			"_id": "I5961823531928944707wlk1",
			"_tpl": "57371eb62459776125652ac1",
			"parentId": "I596182372253868657rRpnT",
			"slotId": "cartridges",
			"upd": {
				"StackObjectsCount": 20
			}
		},
		{
			"_id": "I59618238259970437bgdqfj",
			"_tpl": "57d14e1724597714010c3f4b",
			"parentId": "I59618236012381625XsMD0q",
			"slotId": "3",
			"location": {
				"x": 0,
				"y": 1,
				"r": "Horizontal"
			}
		},
		{
			"_id": "I59618236078829831MMly6u",
			"_tpl": "573719762459775a626ccbc1",
			"parentId": "I59618238259970437bgdqfj",
			"slotId": "cartridges",
			"upd": {
				"StackObjectsCount": 20
			}
		},
		{
			"_id": "I59618238990099129VoYJwy",
			"_tpl": "57d14e1724597714010c3f4b",
			"parentId": "I59618236012381625XsMD0q",
			"slotId": "5",
			"location": {
				"x": 0,
				"y": 1,
				"r": "Horizontal"
			}
		},
		{
			"_id": "I596182335368272489hKcFn",
			"_tpl": "573719df2459775a626ccbc2",
			"parentId": "I59618238990099129VoYJwy",
			"slotId": "cartridges",
			"upd": {
				"StackObjectsCount": 20
			}
		},
		{
			"_id": "I5961823215572924299PRAe",
			"_tpl": "58d3db5386f77426186285a0",
			"parentId": "I59618236012381625XsMD0q",
			"slotId": "1"
		},
		{
			"_id": "I59618235981025055CyJbYS",
			"_tpl": "5a0c27731526d80618476ac4",
			"parentId": "I59618236012381625XsMD0q",
			"slotId": "7"
		},
		{
			"_id": "I59618232920695117ggM8I8",
			"_tpl": "573720e02459776143012541",
			"parentId": "I59618236012381625XsMD0q",
			"slotId": "8",
			"upd": {
				"StackObjectsCount": 11
			}
		},
		{
			"_id": "I59618232687303841OCqGCz",
			"_tpl": "57e26fc7245977162a14b800",
			"parentId": "5c6687d65e9d882c8841f0fd",
			"slotId": "Scabbard"
		},
		{
			"_id": "I59618237685868615zrap25",
			"_tpl": "59e770f986f7742cbe3164ef",
			"parentId": "5c6687d65e9d882c8841f0fd",
			"slotId": "Headwear"
		},
		{
			"_id": "I59618238433141775tHV1A5",
			"_tpl": "5ab8e4ed86f7742d8e50c7fa",
			"parentId": "5c6687d65e9d882c8841f0fd",
			"slotId": "ArmorVest",
			"upd": {
				"Repairable": {
					"MaxDurability": 50,
					"Durability": 43
				}
			}
		},
		{
			"_id": "I59618237839943023b7YYhe",
			"_tpl": "5df8a72c86f77412640e2e83",
			"parentId": "5c6687d65e9d882c8841f121",
			"slotId": "pocket1",
			"location": {
				"x": 0,
				"y": 0,
				"r": "Horizontal"
			},
			"upd": {
				"SpawnedInSession": true
			}
		}
	],
	"equipment": "5c6687d65e9d882c8841f0fd",
	"stash": "5c6687d65e9d882c8841f0fc",
	"questRaidItems": "5c6687d65e9d882c8841f0fe",
	"questStashItems": "5c6687d65e9d882c8841f0ff",
	"fastPanel": {}
}