{
	"items": [
		{
			"_id": "5c6687d65e9d882c8841f0fd",
			"_tpl": "55d7217a4bdc2d86028b456d"
		},
		{
			"_id": "5c6687d65e9d882c8841f121",
			"_tpl": "557ffd194bdc2d28148b457f",
			"parentId": "5c6687d65e9d882c8841f0fd",
			"slotId": "Pockets"
		},
		{
			"_id": "5c6687d65e9d882c8841f0fc",
			"_tpl": "566abbc34bdc2d92178b4576"
		},
		{
			"_id": "5c6687d65e9d882c8841f0ff",
			"_tpl": "5963866b86f7747bfa1c4462"
		},
		{
			"_id": "5c6687d65e9d882c8841f0fe",
			"_tpl": "5963866286f7747bf429b572"
		},
		{
			"_id": "I59618244135034195U8W346",
			"_tpl": "5d5d8ca986f7742798716522",
			"parentId": "5c6687d65e9d882c8841f0fd",
			"slotId": "TacticalVest"
		},
		{
			"_id": "I331034114777799755IvFPN",
			"_tpl": "5b0bbe4e5acfc40dc528a72d",
			"parentId": "5c6687d65e9d882c8841f0fd",
			"slotId": "FirstPrimaryWeapon",
			"upd": {
				"Repairable": {
					"MaxDurability": 100,
					"Durability": 23
				}
			}
		},
		{
			"_id": "I331034119523901417zl93c",
			"_tpl": "5b099b965acfc400186331e6",
			"parentId": "I331034114777799755IvFPN",
			"slotId": "mod_pistol_grip"
		},
		{
			"_id": "I59618244492443881A6wPnS",
			"_tpl": "5b7c2d1d5acfc43d1028532a",
			"parentId": "I331034114777799755IvFPN",
			"slotId": "mod_magazine"
		},
		{
			"_id": "I59618249040512729wEsb9w",
			"_tpl": "58dd3ad986f77403051cba8f",
			"parentId": "I59618244492443881A6wPnS",
			"slotId": "cartridges",
			"upd": {
				"StackObjectsCount": 20
			}
		},
		{
			"_id": "I331034113877413496L1WCg",
			"_tpl": "5b7bed205acfc400161d08cc",
			"parentId": "I331034114777799755IvFPN",
			"slotId": "mod_handguard"
		},
		{
			"_id": "I3310341189943394442xK9R",
			"_tpl": "5b7be1265acfc400161d0798",
			"parentId": "I331034114777799755IvFPN",
			"slotId": "mod_barrel"
		},
		{
			"_id": "I331034119990686594Kxwa6",
			"_tpl": "5b0bc22d5acfc47a8607f085",
			"parentId": "I331034114777799755IvFPN",
			"slotId": "mod_sight_rear",
			"upd": {
				"Sight": {
					"SelectedSightMode": 0
				}
			}
		},
		{
			"_id": "I331034111238426489uWtDH",
			"_tpl": "5b7d645e5acfc400170e2f90",
			"parentId": "I331034114777799755IvFPN",
			"slotId": "mod_stock"
		},
		{
			"_id": "I59618243518051188mpfLYn",
			"_tpl": "5857a8bc2459772bad15db29",
			"parentId": "5c6687d65e9d882c8841f0fd",
			"slotId": "SecuredContainer"
		},
		{
			"_id": "I59618243865675580NLOKo4",
			"_tpl": "5e023e6e34d52a55c3304f71",
			"parentId": "I59618243518051188mpfLYn",
			"slotId": "main",
			"upd": {
				"StackObjectsCount": 60
			}
		},
		{
			"_id": "I59618243047989517iAsotz",
			"_tpl": "5a608bf24f39f98ffc77720e",
			"parentId": "I59618243518051188mpfLYn",
			"slotId": "main",
			"upd": {
				"StackObjectsCount": 60
			}
		},
		{
			"_id": "I59618246158040173L6MOJK",
			"_tpl": "5e023e53d4353e3302577c4c",
			"parentId": "I59618243518051188mpfLYn",
			"slotId": "main",
			"upd": {
				"StackObjectsCount": 60
			}
		},
		{
			"_id": "I59618244307465918TGjnPY",
			"_tpl": "5e023e88277cce2b522ff2b1",
			"parentId": "I59618243518051188mpfLYn",
			"slotId": "main",
			"upd": {
				"StackObjectsCount": 60
			}
		},
		{
			"_id": "I59618249662657715XJbbKj",
			"_tpl": "5e023e53d4353e3302577c4c",
			"parentId": "I59618243518051188mpfLYn",
			"slotId": "main",
			"upd": {
				"StackObjectsCount": 60
			}
		},
		{
			"_id": "I59618246020523355X8zroS",
			"_tpl": "5e023e88277cce2b522ff2b1",
			"parentId": "I59618243518051188mpfLYn",
			"slotId": "main",
			"upd": {
				"StackObjectsCount": 60
			}
		},
		{
			"_id": "I59618244390037210RihZiU",
			"_tpl": "5e023e53d4353e3302577c4c",
			"parentId": "I59618243518051188mpfLYn",
			"slotId": "main",
			"upd": {
				"StackObjectsCount": 60
			}
		},
		{
			"_id": "I59618241279442233lmWoGU",
			"_tpl": "58dd3ad986f77403051cba8f",
			"parentId": "I59618243518051188mpfLYn",
			"slotId": "main",
			"upd": {
				"StackObjectsCount": 60
			}
		},
		{
			"_id": "I59618246722538967N0Zy1W",
			"_tpl": "5a6086ea4f39f99cd479502f",
			"parentId": "I59618243518051188mpfLYn",
			"slotId": "main",
			"upd": {
				"StackObjectsCount": 60
			}
		},
		{
			"_id": "I59618249878346985CXzW1g",
			"_tpl": "5b7c2d1d5acfc43d1028532a",
			"parentId": "I59618244135034195U8W346",
			"slotId": "2",
			"location": {
				"x": 0,
				"y": 0,
				"r": "Horizontal"
			}
		},
		{
			"_id": "I59618246437026249blzhqf",
			"_tpl": "58dd3ad986f77403051cba8f",
			"parentId": "I59618249878346985CXzW1g",
			"slotId": "cartridges",
			"upd": {
				"StackObjectsCount": 20
			}
		},
		{
			"_id": "I59618247050593124C5qs3Q",
			"_tpl": "5b7c2d1d5acfc43d1028532a",
			"parentId": "I59618244135034195U8W346",
			"slotId": "1",
			"location": {
				"x": 0,
				"y": 0,
				"r": "Horizontal"
			}
		},
		{
			"_id": "I59618244895072587A4CaDp",
			"_tpl": "5a6086ea4f39f99cd479502f",
			"parentId": "I59618247050593124C5qs3Q",
			"slotId": "cartridges",
			"upd": {
				"StackObjectsCount": 20
			}
		},
		{
			"_id": "I59618247420960528E2rNIg",
			"_tpl": "57e26fc7245977162a14b800",
			"parentId": "5c6687d65e9d882c8841f0fd",
			"slotId": "Scabbard"
		},
		{
			"_id": "I59618243321425244tK7d5N",
			"_tpl": "5aa2ba46e5b5b000137b758d",
			"parentId": "5c6687d65e9d882c8841f0fd",
			"slotId": "Headwear"
		},
		{
			"_id": "I59618243678436634S33ocb",
			"_tpl": "5913611c86f77479e0084092",
			"parentId": "5c6687d65e9d882c8841f121",
			"slotId": "pocket1",
			"location": {
				"x": 0,
				"y": 0,
				"r": "Horizontal"
			},
			"upd": {
				"SpawnedInSession": true
			}
		}
	],
	"equipment": "5c6687d65e9d882c8841f0fd",
	"stash": "5c6687d65e9d882c8841f0fc",
	"questRaidItems": "5c6687d65e9d882c8841f0fe",
	"questStashItems": "5c6687d65e9d882c8841f0ff",
	"fastPanel": {}
}