{
	"items": [
		{
			"_id": "5c6687d65e9d882c8841f0fd",
			"_tpl": "55d7217a4bdc2d86028b456d"
		},
		{
			"_id": "5c6687d65e9d882c8841f121",
			"_tpl": "557ffd194bdc2d28148b457f",
			"parentId": "5c6687d65e9d882c8841f0fd",
			"slotId": "Pockets"
		},
		{
			"_id": "5c6687d65e9d882c8841f0fc",
			"_tpl": "566abbc34bdc2d92178b4576"
		},
		{
			"_id": "5c6687d65e9d882c8841f0ff",
			"_tpl": "5963866b86f7747bfa1c4462"
		},
		{
			"_id": "5c6687d65e9d882c8841f0fe",
			"_tpl": "5963866286f7747bf429b572"
		},
		{
			"_id": "I59618234553102208pmvF69",
			"_tpl": "5648a69d4bdc2ded0b8b457b",
			"parentId": "5c6687d65e9d882c8841f0fd",
			"slotId": "TacticalVest"
		},
		{
			"_id": "I21009458619073185COPcOF",
			"_tpl": "5a0ec13bfcdbcb00165aa685",
			"parentId": "5c6687d65e9d882c8841f0fd",
			"slotId": "FirstPrimaryWeapon",
			"upd": {
				"Repairable": {
					"MaxDurability": 100,
					"Durability": 9
				}
			}
		},
		{
			"_id": "I210094576412274034PHXSS",
			"_tpl": "59d64ec286f774171d1e0a42",
			"parentId": "I21009458619073185COPcOF",
			"slotId": "mod_gas_block"
		},
		{
			"_id": "I21009457143300570DwMdvA",
			"_tpl": "59d64fc686f774171b243fe2",
			"parentId": "I21009458619073185COPcOF",
			"slotId": "mod_muzzle"
		},
		{
			"_id": "I21009457257801180pgRVSi",
			"_tpl": "59e62cc886f77440d40b52a1",
			"parentId": "I21009458619073185COPcOF",
			"slotId": "mod_pistol_grip"
		},
		{
			"_id": "I21009458538347457dOvnBx",
			"_tpl": "59d6507c86f7741b846413a2",
			"parentId": "I21009458619073185COPcOF",
			"slotId": "mod_reciever"
		},
		{
			"_id": "I210094555920558690rHh6Z",
			"_tpl": "59d650cf86f7741b846413a4",
			"parentId": "I21009458619073185COPcOF",
			"slotId": "mod_sight_rear",
			"upd": {
				"Sight": {
					"SelectedSightMode": 0
				}
			}
		},
		{
			"_id": "I21009453906192544MnI1Gg",
			"_tpl": "59d6514b86f774171a068a08",
			"parentId": "I21009458619073185COPcOF",
			"slotId": "mod_stock"
		},
		{
			"_id": "I59618239865121107bP07Gr",
			"_tpl": "59e5d83b86f7745aed03d262",
			"parentId": "I21009458619073185COPcOF",
			"slotId": "mod_magazine"
		},
		{
			"_id": "I59618231438347685AGWrqN",
			"_tpl": "5656d7c34bdc2d9d198b4587",
			"parentId": "I59618239865121107bP07Gr",
			"slotId": "cartridges",
			"upd": {
				"StackObjectsCount": 10
			}
		},
		{
			"_id": "I21009457709398691877EKR",
			"_tpl": "59d64f2f86f77417193ef8b3",
			"parentId": "I210094576412274034PHXSS",
			"slotId": "mod_handguard"
		},
		{
			"_id": "I59618239210465317Kdlyut",
			"_tpl": "5857a8bc2459772bad15db29",
			"parentId": "5c6687d65e9d882c8841f0fd",
			"slotId": "SecuredContainer"
		},
		{
			"_id": "I596182386400980407le0GV",
			"_tpl": "59e4d24686f7741776641ac7",
			"parentId": "I59618239210465317Kdlyut",
			"slotId": "main",
			"upd": {
				"StackObjectsCount": 60
			}
		},
		{
			"_id": "I596182390902170365MCiW9",
			"_tpl": "5656d7c34bdc2d9d198b4587",
			"parentId": "I59618239210465317Kdlyut",
			"slotId": "main",
			"upd": {
				"StackObjectsCount": 60
			}
		},
		{
			"_id": "I59618237470152660i7nqNL",
			"_tpl": "59e0d99486f7744a32234762",
			"parentId": "I59618239210465317Kdlyut",
			"slotId": "main",
			"upd": {
				"StackObjectsCount": 60
			}
		},
		{
			"_id": "I59618239770899760wgsGSw",
			"_tpl": "59e4d24686f7741776641ac7",
			"parentId": "I59618239210465317Kdlyut",
			"slotId": "main",
			"upd": {
				"StackObjectsCount": 60
			}
		},
		{
			"_id": "I59618233932376171lGJD3n",
			"_tpl": "59e0d99486f7744a32234762",
			"parentId": "I59618239210465317Kdlyut",
			"slotId": "main",
			"upd": {
				"StackObjectsCount": 60
			}
		},
		{
			"_id": "I59618237609734752WX116s",
			"_tpl": "59e4d3d286f774176a36250a",
			"parentId": "I59618239210465317Kdlyut",
			"slotId": "main",
			"upd": {
				"StackObjectsCount": 60
			}
		},
		{
			"_id": "I596182374922982892ndTfa",
			"_tpl": "5656d7c34bdc2d9d198b4587",
			"parentId": "I59618239210465317Kdlyut",
			"slotId": "main",
			"upd": {
				"StackObjectsCount": 60
			}
		},
		{
			"_id": "I59618232826627952iJbRQa",
			"_tpl": "59e4d24686f7741776641ac7",
			"parentId": "I59618239210465317Kdlyut",
			"slotId": "main",
			"upd": {
				"StackObjectsCount": 60
			}
		},
		{
			"_id": "I59618232078798658O4dFoE",
			"_tpl": "59e4d3d286f774176a36250a",
			"parentId": "I59618239210465317Kdlyut",
			"slotId": "main",
			"upd": {
				"StackObjectsCount": 60
			}
		},
		{
			"_id": "I59618238064540798sZ2TOA",
			"_tpl": "59e5d83b86f7745aed03d262",
			"parentId": "I59618234553102208pmvF69",
			"slotId": "1",
			"location": {
				"x": 0,
				"y": 0,
				"r": "Horizontal"
			}
		},
		{
			"_id": "I59618237840218767iyWlZS",
			"_tpl": "59e4d24686f7741776641ac7",
			"parentId": "I59618238064540798sZ2TOA",
			"slotId": "cartridges",
			"upd": {
				"StackObjectsCount": 10
			}
		},
		{
			"_id": "I59618238826356762DYCNnT",
			"_tpl": "59e5d83b86f7745aed03d262",
			"parentId": "I59618234553102208pmvF69",
			"slotId": "1",
			"location": {
				"x": 0,
				"y": 1,
				"r": "Horizontal"
			}
		},
		{
			"_id": "I59618234371375446ulaC8r",
			"_tpl": "59e4d3d286f774176a36250a",
			"parentId": "I59618238826356762DYCNnT",
			"slotId": "cartridges",
			"upd": {
				"StackObjectsCount": 10
			}
		},
		{
			"_id": "I59618236537903278ToEdEV",
			"_tpl": "59e5d83b86f7745aed03d262",
			"parentId": "I59618234553102208pmvF69",
			"slotId": "3",
			"location": {
				"x": 0,
				"y": 0,
				"r": "Horizontal"
			}
		},
		{
			"_id": "I59618234401880206He1Z2c",
			"_tpl": "59e0d99486f7744a32234762",
			"parentId": "I59618236537903278ToEdEV",
			"slotId": "cartridges",
			"upd": {
				"StackObjectsCount": 10
			}
		},
		{
			"_id": "I59618236011910071B4IDz4",
			"_tpl": "59e5d83b86f7745aed03d262",
			"parentId": "I59618234553102208pmvF69",
			"slotId": "3",
			"location": {
				"x": 0,
				"y": 1,
				"r": "Horizontal"
			}
		},
		{
			"_id": "I596182313515670183WqFmt",
			"_tpl": "5656d7c34bdc2d9d198b4587",
			"parentId": "I59618236011910071B4IDz4",
			"slotId": "cartridges",
			"upd": {
				"StackObjectsCount": 10
			}
		},
		{
			"_id": "I59618237882409020aXXdjl",
			"_tpl": "59e5d83b86f7745aed03d262",
			"parentId": "I59618234553102208pmvF69",
			"slotId": "10",
			"location": {
				"x": 0,
				"y": 0,
				"r": "Horizontal"
			}
		},
		{
			"_id": "I59618234793992579z9tReW",
			"_tpl": "59e4d24686f7741776641ac7",
			"parentId": "I59618237882409020aXXdjl",
			"slotId": "cartridges",
			"upd": {
				"StackObjectsCount": 10
			}
		},
		{
			"_id": "I59618235321951490uedcnY",
			"_tpl": "59e5d83b86f7745aed03d262",
			"parentId": "I59618234553102208pmvF69",
			"slotId": "10",
			"location": {
				"x": 0,
				"y": 1,
				"r": "Horizontal"
			}
		},
		{
			"_id": "I59618232609218032Q2MLYm",
			"_tpl": "59e4d3d286f774176a36250a",
			"parentId": "I59618235321951490uedcnY",
			"slotId": "cartridges",
			"upd": {
				"StackObjectsCount": 10
			}
		},
		{
			"_id": "I59618234532126944T4P5fp",
			"_tpl": "58d3db5386f77426186285a0",
			"parentId": "I59618234553102208pmvF69",
			"slotId": "7"
		},
		{
			"_id": "I59618232869063919TTJ9II",
			"_tpl": "59e4d24686f7741776641ac7",
			"parentId": "I59618234553102208pmvF69",
			"slotId": "9",
			"upd": {
				"StackObjectsCount": 37
			}
		},
		{
			"_id": "I59618239045844606U6IX3w",
			"_tpl": "5bffdc370db834001d23eca8",
			"parentId": "5c6687d65e9d882c8841f0fd",
			"slotId": "Scabbard"
		},
		{
			"_id": "I59618234823817896qe0lr0",
			"_tpl": "5c0d2727d174af02a012cf58",
			"parentId": "5c6687d65e9d882c8841f0fd",
			"slotId": "Headwear"
		},
		{
			"_id": "I596182312412642539G2iQP",
			"_tpl": "5c1a1cc52e221602b3136e3d",
			"parentId": "5c6687d65e9d882c8841f0fd",
			"slotId": "Eyewear"
		},
		{
			"_id": "I59618236727080111hEPDAQ",
			"_tpl": "5ab8f85d86f7745cd93a1cf5",
			"parentId": "5c6687d65e9d882c8841f0fd",
			"slotId": "FaceCover"
		},
		{
			"_id": "I59618234277276177IBtLu4",
			"_tpl": "56742c2e4bdc2d95058b456d",
			"parentId": "5c6687d65e9d882c8841f121",
			"slotId": "pocket1",
			"location": {
				"x": 0,
				"y": 0,
				"r": "Horizontal"
			},
			"upd": {
				"SpawnedInSession": true
			}
		}
	],
	"equipment": "5c6687d65e9d882c8841f0fd",
	"stash": "5c6687d65e9d882c8841f0fc",
	"questRaidItems": "5c6687d65e9d882c8841f0fe",
	"questStashItems": "5c6687d65e9d882c8841f0ff",
	"fastPanel": {}
}