{
	"items": [
		{
			"_id": "5c6687d65e9d882c8841f0fd",
			"_tpl": "55d7217a4bdc2d86028b456d"
		},
		{
			"_id": "5c6687d65e9d882c8841f121",
			"_tpl": "557ffd194bdc2d28148b457f",
			"parentId": "5c6687d65e9d882c8841f0fd",
			"slotId": "Pockets"
		},
		{
			"_id": "5c6687d65e9d882c8841f0fc",
			"_tpl": "566abbc34bdc2d92178b4576"
		},
		{
			"_id": "5c6687d65e9d882c8841f0ff",
			"_tpl": "5963866b86f7747bfa1c4462"
		},
		{
			"_id": "5c6687d65e9d882c8841f0fe",
			"_tpl": "5963866286f7747bf429b572"
		},
		{
			"_id": "I59618243710585845u3jNwa",
			"_tpl": "5c0e3eb886f7742015526062",
			"parentId": "5c6687d65e9d882c8841f0fd",
			"slotId": "TacticalVest"
		},
		{
			"_id": "I331039179860646814DlpwL",
			"_tpl": "59e6152586f77473dc057aa1",
			"parentId": "5c6687d65e9d882c8841f0fd",
			"slotId": "FirstPrimaryWeapon",
			"upd": {
				"Repairable": {
					"MaxDurability": 100,
					"Durability": 12
				}
			}
		},
		{
			"_id": "I331039174411152447ZbjJ3",
			"_tpl": "59e649f986f77411d949b246",
			"parentId": "I331039179860646814DlpwL",
			"slotId": "mod_gas_block"
		},
		{
			"_id": "I331039178642659654y2W2Q",
			"_tpl": "59e61eb386f77440d64f5daf",
			"parentId": "I331039179860646814DlpwL",
			"slotId": "mod_muzzle"
		},
		{
			"_id": "I3310391781899063462DgCY",
			"_tpl": "59e6318286f77444dd62c4cc",
			"parentId": "I331039179860646814DlpwL",
			"slotId": "mod_pistol_grip"
		},
		{
			"_id": "I3310391752734306735x2aE",
			"_tpl": "59d650cf86f7741b846413a4",
			"parentId": "I331039179860646814DlpwL",
			"slotId": "mod_sight_rear",
			"upd": {
				"Sight": {
					"SelectedSightMode": 0
				}
			}
		},
		{
			"_id": "I59618243685160690OJSxvQ",
			"_tpl": "59e5d83b86f7745aed03d262",
			"parentId": "I331039179860646814DlpwL",
			"slotId": "mod_magazine"
		},
		{
			"_id": "I59618246674720779A9vAnA",
			"_tpl": "59e4cf5286f7741778269d8a",
			"parentId": "I59618243685160690OJSxvQ",
			"slotId": "cartridges",
			"upd": {
				"StackObjectsCount": 10
			}
		},
		{
			"_id": "I331039175782544829KijoY",
			"_tpl": "59e6284f86f77440d569536f",
			"parentId": "I331039174411152447ZbjJ3",
			"slotId": "mod_handguard"
		},
		{
			"_id": "I596182436988042078SWSv7",
			"_tpl": "5857a8bc2459772bad15db29",
			"parentId": "5c6687d65e9d882c8841f0fd",
			"slotId": "SecuredContainer"
		},
		{
			"_id": "I59618246954931818o4CMUl",
			"_tpl": "59e4d24686f7741776641ac7",
			"parentId": "I596182436988042078SWSv7",
			"slotId": "main",
			"upd": {
				"StackObjectsCount": 60
			}
		},
		{
			"_id": "I59618245506805053PGdFM0",
			"_tpl": "59e4d24686f7741776641ac7",
			"parentId": "I596182436988042078SWSv7",
			"slotId": "main",
			"upd": {
				"StackObjectsCount": 60
			}
		},
		{
			"_id": "I59618245925079413gDlSTI",
			"_tpl": "59e4d24686f7741776641ac7",
			"parentId": "I596182436988042078SWSv7",
			"slotId": "main",
			"upd": {
				"StackObjectsCount": 60
			}
		},
		{
			"_id": "I596182421255750097M3pAm",
			"_tpl": "59e4d24686f7741776641ac7",
			"parentId": "I596182436988042078SWSv7",
			"slotId": "main",
			"upd": {
				"StackObjectsCount": 60
			}
		},
		{
			"_id": "I59618241263863543ItyhJI",
			"_tpl": "59e0d99486f7744a32234762",
			"parentId": "I596182436988042078SWSv7",
			"slotId": "main",
			"upd": {
				"StackObjectsCount": 60
			}
		},
		{
			"_id": "I59618244906369129zdw3GN",
			"_tpl": "59e4cf5286f7741778269d8a",
			"parentId": "I596182436988042078SWSv7",
			"slotId": "main",
			"upd": {
				"StackObjectsCount": 60
			}
		},
		{
			"_id": "I59618249328166502IyOEJh",
			"_tpl": "59e0d99486f7744a32234762",
			"parentId": "I596182436988042078SWSv7",
			"slotId": "main",
			"upd": {
				"StackObjectsCount": 60
			}
		},
		{
			"_id": "I59618248206844316d7PPAo",
			"_tpl": "5656d7c34bdc2d9d198b4587",
			"parentId": "I596182436988042078SWSv7",
			"slotId": "main",
			"upd": {
				"StackObjectsCount": 60
			}
		},
		{
			"_id": "I596182459956741089du9m2",
			"_tpl": "59e4d24686f7741776641ac7",
			"parentId": "I596182436988042078SWSv7",
			"slotId": "main",
			"upd": {
				"StackObjectsCount": 60
			}
		},
		{
			"_id": "I59618242063455877wvkUS6",
			"_tpl": "59e5d83b86f7745aed03d262",
			"parentId": "I59618243710585845u3jNwa",
			"slotId": "1",
			"location": {
				"x": 0,
				"y": 0,
				"r": "Horizontal"
			}
		},
		{
			"_id": "I59618242326908758petYjp",
			"_tpl": "59e0d99486f7744a32234762",
			"parentId": "I59618242063455877wvkUS6",
			"slotId": "cartridges",
			"upd": {
				"StackObjectsCount": 10
			}
		},
		{
			"_id": "I59618244556177105BTBoGe",
			"_tpl": "59e5d83b86f7745aed03d262",
			"parentId": "I59618243710585845u3jNwa",
			"slotId": "1",
			"location": {
				"x": 0,
				"y": 1,
				"r": "Horizontal"
			}
		},
		{
			"_id": "I59618244703204800N50fmJ",
			"_tpl": "5656d7c34bdc2d9d198b4587",
			"parentId": "I59618244556177105BTBoGe",
			"slotId": "cartridges",
			"upd": {
				"StackObjectsCount": 10
			}
		},
		{
			"_id": "I59618245722922704QAZftO",
			"_tpl": "59e5d83b86f7745aed03d262",
			"parentId": "I59618243710585845u3jNwa",
			"slotId": "3",
			"location": {
				"x": 0,
				"y": 1,
				"r": "Horizontal"
			}
		},
		{
			"_id": "I59618246743131081o5CY92",
			"_tpl": "59e4d24686f7741776641ac7",
			"parentId": "I59618245722922704QAZftO",
			"slotId": "cartridges",
			"upd": {
				"StackObjectsCount": 10
			}
		},
		{
			"_id": "I59618243211486586klxIQZ",
			"_tpl": "5bffdc370db834001d23eca8",
			"parentId": "5c6687d65e9d882c8841f0fd",
			"slotId": "Scabbard"
		},
		{
			"_id": "I59618249946043366dWiXaH",
			"_tpl": "572b7d8524597762b472f9d1",
			"parentId": "5c6687d65e9d882c8841f0fd",
			"slotId": "Headwear"
		},
		{
			"_id": "I59618248705656922zKhfvo",
			"_tpl": "5d6d2e22a4b9361bd5780d05",
			"parentId": "5c6687d65e9d882c8841f0fd",
			"slotId": "Eyewear"
		},
		{
			"_id": "I59618244479774493zh588O",
			"_tpl": "5bd06f5d86f77427101ad47c",
			"parentId": "5c6687d65e9d882c8841f0fd",
			"slotId": "FaceCover"
		},
		{
			"_id": "I59618244196826965kBTS5V",
			"_tpl": "5c0e5edb86f77461f55ed1f7",
			"parentId": "5c6687d65e9d882c8841f0fd",
			"slotId": "ArmorVest",
			"upd": {
				"Repairable": {
					"MaxDurability": 50,
					"Durability": 47
				}
			}
		},
		{
			"_id": "I596182461773192916vjdnz",
			"_tpl": "5addaffe86f77470b455f900",
			"parentId": "5c6687d65e9d882c8841f121",
			"slotId": "pocket1",
			"location": {
				"x": 0,
				"y": 0,
				"r": "Horizontal"
			},
			"upd": {
				"SpawnedInSession": true
			}
		},
		{
			"_id": "I596182426760529728j25qN",
			"_tpl": "590a3cd386f77436f20848cb",
			"parentId": "5c6687d65e9d882c8841f121",
			"slotId": "pocket2",
			"location": {
				"x": 0,
				"y": 0,
				"r": "Horizontal"
			},
			"upd": {
				"SpawnedInSession": true
			}
		},
		{
			"_id": "I59618245217796222i4R17K",
			"_tpl": "59e366c186f7741778269d85",
			"parentId": "5c6687d65e9d882c8841f121",
			"slotId": "pocket3",
			"location": {
				"x": 0,
				"y": 0,
				"r": "Horizontal"
			},
			"upd": {
				"SpawnedInSession": true
			}
		}
	],
	"equipment": "5c6687d65e9d882c8841f0fd",
	"stash": "5c6687d65e9d882c8841f0fc",
	"questRaidItems": "5c6687d65e9d882c8841f0fe",
	"questStashItems": "5c6687d65e9d882c8841f0ff",
	"fastPanel": {}
}