{
	"items": [
		{
			"_id": "5c6687d65e9d882c8841f0fd",
			"_tpl": "55d7217a4bdc2d86028b456d"
		},
		{
			"_id": "5c6687d65e9d882c8841f121",
			"_tpl": "557ffd194bdc2d28148b457f",
			"parentId": "5c6687d65e9d882c8841f0fd",
			"slotId": "Pockets"
		},
		{
			"_id": "5c6687d65e9d882c8841f0fc",
			"_tpl": "566abbc34bdc2d92178b4576"
		},
		{
			"_id": "5c6687d65e9d882c8841f0ff",
			"_tpl": "5963866b86f7747bfa1c4462"
		},
		{
			"_id": "5c6687d65e9d882c8841f0fe",
			"_tpl": "5963866286f7747bf429b572"
		},
		{
			"_id": "I59618242797158556qV7gyH",
			"_tpl": "5929a2a086f7744f4b234d43",
			"parentId": "5c6687d65e9d882c8841f0fd",
			"slotId": "TacticalVest"
		},
		{
			"_id": "I21004568990068539X4py03",
			"_tpl": "59e6152586f77473dc057aa1",
			"parentId": "5c6687d65e9d882c8841f0fd",
			"slotId": "FirstPrimaryWeapon",
			"upd": {
				"Repairable": {
					"MaxDurability": 100,
					"Durability": 70
				}
			}
		},
		{
			"_id": "I21004565535012213q1vPJy",
			"_tpl": "59e649f986f77411d949b246",
			"parentId": "I21004568990068539X4py03",
			"slotId": "mod_gas_block"
		},
		{
			"_id": "I21004561581886902bdDXxQ",
			"_tpl": "59e61eb386f77440d64f5daf",
			"parentId": "I21004568990068539X4py03",
			"slotId": "mod_muzzle"
		},
		{
			"_id": "I21004564862018236cOC1kG",
			"_tpl": "59e6318286f77444dd62c4cc",
			"parentId": "I21004568990068539X4py03",
			"slotId": "mod_pistol_grip"
		},
		{
			"_id": "I210045693600940218V2zna",
			"_tpl": "59e6449086f7746c9f75e822",
			"parentId": "I21004568990068539X4py03",
			"slotId": "mod_reciever"
		},
		{
			"_id": "I21004565547401397KcUSau",
			"_tpl": "59d650cf86f7741b846413a4",
			"parentId": "I21004568990068539X4py03",
			"slotId": "mod_sight_rear",
			"upd": {
				"Sight": {
					"SelectedSightMode": 0
				}
			}
		},
		{
			"_id": "I21004568116809123jkDH2Q",
			"_tpl": "59e6227d86f77440d64f5dc2",
			"parentId": "I21004568990068539X4py03",
			"slotId": "mod_stock"
		},
		{
			"_id": "I59618244155966224aZ4Q0g",
			"_tpl": "5a01c29586f77474660c694c",
			"parentId": "I21004568990068539X4py03",
			"slotId": "mod_magazine"
		},
		{
			"_id": "I59618248256701062M25H3x",
			"_tpl": "59e4d24686f7741776641ac7",
			"parentId": "I59618244155966224aZ4Q0g",
			"slotId": "cartridges",
			"upd": {
				"StackObjectsCount": 30
			}
		},
		{
			"_id": "I21004566382817988WX2JgX",
			"_tpl": "59e6284f86f77440d569536f",
			"parentId": "I21004565535012213q1vPJy",
			"slotId": "mod_handguard"
		},
		{
			"_id": "I59618241855730041KeaHRC",
			"_tpl": "5857a8bc2459772bad15db29",
			"parentId": "5c6687d65e9d882c8841f0fd",
			"slotId": "SecuredContainer"
		},
		{
			"_id": "I59618248046375656Hwtty5",
			"_tpl": "59e4d24686f7741776641ac7",
			"parentId": "I59618241855730041KeaHRC",
			"slotId": "main",
			"upd": {
				"StackObjectsCount": 60
			}
		},
		{
			"_id": "I59618241702618249AY7yqK",
			"_tpl": "59e4d3d286f774176a36250a",
			"parentId": "I59618241855730041KeaHRC",
			"slotId": "main",
			"upd": {
				"StackObjectsCount": 60
			}
		},
		{
			"_id": "I596182458032518949dRFbd",
			"_tpl": "59e4d24686f7741776641ac7",
			"parentId": "I59618241855730041KeaHRC",
			"slotId": "main",
			"upd": {
				"StackObjectsCount": 60
			}
		},
		{
			"_id": "I59618246644081700CtqEGk",
			"_tpl": "59e4cf5286f7741778269d8a",
			"parentId": "I59618241855730041KeaHRC",
			"slotId": "main",
			"upd": {
				"StackObjectsCount": 60
			}
		},
		{
			"_id": "I59618242756244794IbtJLl",
			"_tpl": "59e4d3d286f774176a36250a",
			"parentId": "I59618241855730041KeaHRC",
			"slotId": "main",
			"upd": {
				"StackObjectsCount": 60
			}
		},
		{
			"_id": "I59618241994627430D02TVO",
			"_tpl": "5656d7c34bdc2d9d198b4587",
			"parentId": "I59618241855730041KeaHRC",
			"slotId": "main",
			"upd": {
				"StackObjectsCount": 60
			}
		},
		{
			"_id": "I59618243118906276rj5Mwn",
			"_tpl": "59e4cf5286f7741778269d8a",
			"parentId": "I59618241855730041KeaHRC",
			"slotId": "main",
			"upd": {
				"StackObjectsCount": 60
			}
		},
		{
			"_id": "I59618247274661037xkEBsM",
			"_tpl": "59e4d24686f7741776641ac7",
			"parentId": "I59618241855730041KeaHRC",
			"slotId": "main",
			"upd": {
				"StackObjectsCount": 60
			}
		},
		{
			"_id": "I5961824601938618431Ab1o",
			"_tpl": "59e4cf5286f7741778269d8a",
			"parentId": "I59618241855730041KeaHRC",
			"slotId": "main",
			"upd": {
				"StackObjectsCount": 60
			}
		},
		{
			"_id": "I59618247459923854X2BPgw",
			"_tpl": "544fb25a4bdc2dfb738b4567",
			"parentId": "I59618242797158556qV7gyH",
			"slotId": "3"
		},
		{
			"_id": "I59618245469364711Nt8A8T",
			"_tpl": "544fb37f4bdc2dee738b4567",
			"parentId": "I59618242797158556qV7gyH",
			"slotId": "4"
		},
		{
			"_id": "I59618248694739458Ofrgwj",
			"_tpl": "5ac66bea5acfc43b321d4aec",
			"parentId": "I59618242797158556qV7gyH",
			"slotId": "5",
			"location": {
				"x": 0,
				"y": 0,
				"r": "Horizontal"
			}
		},
		{
			"_id": "I59618244306081192zbLFUj",
			"_tpl": "59e0d99486f7744a32234762",
			"parentId": "I59618248694739458Ofrgwj",
			"slotId": "cartridges",
			"upd": {
				"StackObjectsCount": 30
			}
		},
		{
			"_id": "I59618243100460318J1Rjan",
			"_tpl": "59e4d3d286f774176a36250a",
			"parentId": "I59618242797158556qV7gyH",
			"slotId": "1",
			"upd": {
				"StackObjectsCount": 26
			}
		},
		{
			"_id": "I59618247123510174nuN1mG",
			"_tpl": "5448be9a4bdc2dfd2f8b456a",
			"parentId": "I59618242797158556qV7gyH",
			"slotId": "7"
		},
		{
			"_id": "I596182454676607943cFOBB",
			"_tpl": "54491bb74bdc2d09088b4567",
			"parentId": "5c6687d65e9d882c8841f0fd",
			"slotId": "Scabbard"
		},
		{
			"_id": "I596182446575132166suJST",
			"_tpl": "5b432be65acfc433000ed01f",
			"parentId": "5c6687d65e9d882c8841f0fd",
			"slotId": "Eyewear"
		},
		{
			"_id": "I59618248872643293vLgsDi",
			"_tpl": "56e33680d2720be2748b4576",
			"parentId": "5c6687d65e9d882c8841f0fd",
			"slotId": "Backpack"
		},
		{
			"_id": "I59618245558438386vXBtaV",
			"_tpl": "5734773724597737fd047c14",
			"parentId": "I59618248872643293vLgsDi",
			"slotId": "main",
			"location": {
				"x": 0,
				"y": 0,
				"r": "Horizontal"
			}
		},
		{
			"_id": "I59618243999188169GoEtoX",
			"_tpl": "59e35abd86f7741778269d82",
			"parentId": "I59618248872643293vLgsDi",
			"slotId": "main",
			"location": {
				"x": 0,
				"y": 1,
				"r": "Horizontal"
			}
		},
		{
			"_id": "I59618244711335214C57KBH",
			"_tpl": "5751435d24597720a27126d1",
			"parentId": "I59618248872643293vLgsDi",
			"slotId": "main",
			"location": {
				"x": 0,
				"y": 2,
				"r": "Horizontal"
			}
		},
		{
			"_id": "I59618242963924968c5ht7y",
			"_tpl": "5c0e530286f7747fa1419862",
			"parentId": "5c6687d65e9d882c8841f121",
			"slotId": "pocket1",
			"location": {
				"x": 0,
				"y": 0,
				"r": "Horizontal"
			},
			"upd": {
				"SpawnedInSession": true
			}
		}
	],
	"equipment": "5c6687d65e9d882c8841f0fd",
	"stash": "5c6687d65e9d882c8841f0fc",
	"questRaidItems": "5c6687d65e9d882c8841f0fe",
	"questStashItems": "5c6687d65e9d882c8841f0ff",
	"fastPanel": {}
}