{
	"items": [
		{
			"_id": "5c6687d65e9d882c8841f0fd",
			"_tpl": "55d7217a4bdc2d86028b456d"
		},
		{
			"_id": "5c6687d65e9d882c8841f121",
			"_tpl": "557ffd194bdc2d28148b457f",
			"parentId": "5c6687d65e9d882c8841f0fd",
			"slotId": "Pockets"
		},
		{
			"_id": "5c6687d65e9d882c8841f0fc",
			"_tpl": "566abbc34bdc2d92178b4576"
		},
		{
			"_id": "5c6687d65e9d882c8841f0ff",
			"_tpl": "5963866b86f7747bfa1c4462"
		},
		{
			"_id": "5c6687d65e9d882c8841f0fe",
			"_tpl": "5963866286f7747bf429b572"
		},
		{
			"_id": "I59618248090654245EyI7op",
			"_tpl": "5d5d8ca986f7742798716522",
			"parentId": "5c6687d65e9d882c8841f0fd",
			"slotId": "TacticalVest"
		},
		{
			"_id": "I331034114777799755IvFPN",
			"_tpl": "5b0bbe4e5acfc40dc528a72d",
			"parentId": "5c6687d65e9d882c8841f0fd",
			"slotId": "FirstPrimaryWeapon",
			"upd": {
				"Repairable": {
					"MaxDurability": 100,
					"Durability": 15
				}
			}
		},
		{
			"_id": "I331034119523901417zl93c",
			"_tpl": "5b099b965acfc400186331e6",
			"parentId": "I331034114777799755IvFPN",
			"slotId": "mod_pistol_grip"
		},
		{
			"_id": "I59618249587841439dfEBIx",
			"_tpl": "5b7d37845acfc400170e2f87",
			"parentId": "I331034114777799755IvFPN",
			"slotId": "mod_magazine"
		},
		{
			"_id": "I5961824805661739425CY89",
			"_tpl": "58dd3ad986f77403051cba8f",
			"parentId": "I59618249587841439dfEBIx",
			"slotId": "cartridges",
			"upd": {
				"StackObjectsCount": 30
			}
		},
		{
			"_id": "I331034113877413496L1WCg",
			"_tpl": "5b7bed205acfc400161d08cc",
			"parentId": "I331034114777799755IvFPN",
			"slotId": "mod_handguard"
		},
		{
			"_id": "I3310341189943394442xK9R",
			"_tpl": "5b7be1265acfc400161d0798",
			"parentId": "I331034114777799755IvFPN",
			"slotId": "mod_barrel"
		},
		{
			"_id": "I331034119990686594Kxwa6",
			"_tpl": "5b0bc22d5acfc47a8607f085",
			"parentId": "I331034114777799755IvFPN",
			"slotId": "mod_sight_rear",
			"upd": {
				"Sight": {
					"SelectedSightMode": 0
				}
			}
		},
		{
			"_id": "I331034111238426489uWtDH",
			"_tpl": "5b7d645e5acfc400170e2f90",
			"parentId": "I331034114777799755IvFPN",
			"slotId": "mod_stock"
		},
		{
			"_id": "I59618245326542490CBa1kM",
			"_tpl": "5857a8bc2459772bad15db29",
			"parentId": "5c6687d65e9d882c8841f0fd",
			"slotId": "SecuredContainer"
		},
		{
			"_id": "I59618241841212662AZZwhm",
			"_tpl": "5a6086ea4f39f99cd479502f",
			"parentId": "I59618245326542490CBa1kM",
			"slotId": "main",
			"upd": {
				"StackObjectsCount": 60
			}
		},
		{
			"_id": "I59618244793148656Du9vqw",
			"_tpl": "5a608bf24f39f98ffc77720e",
			"parentId": "I59618245326542490CBa1kM",
			"slotId": "main",
			"upd": {
				"StackObjectsCount": 60
			}
		},
		{
			"_id": "I59618244969728478IgIY8A",
			"_tpl": "5e023e53d4353e3302577c4c",
			"parentId": "I59618245326542490CBa1kM",
			"slotId": "main",
			"upd": {
				"StackObjectsCount": 60
			}
		},
		{
			"_id": "I59618246917680858Dyoild",
			"_tpl": "5e023e88277cce2b522ff2b1",
			"parentId": "I59618245326542490CBa1kM",
			"slotId": "main",
			"upd": {
				"StackObjectsCount": 60
			}
		},
		{
			"_id": "I59618249212834405CJQFnP",
			"_tpl": "5e023e88277cce2b522ff2b1",
			"parentId": "I59618245326542490CBa1kM",
			"slotId": "main",
			"upd": {
				"StackObjectsCount": 60
			}
		},
		{
			"_id": "I59618246106360072RzeUTR",
			"_tpl": "5a6086ea4f39f99cd479502f",
			"parentId": "I59618245326542490CBa1kM",
			"slotId": "main",
			"upd": {
				"StackObjectsCount": 60
			}
		},
		{
			"_id": "I59618247975242237RfGqBf",
			"_tpl": "58dd3ad986f77403051cba8f",
			"parentId": "I59618245326542490CBa1kM",
			"slotId": "main",
			"upd": {
				"StackObjectsCount": 60
			}
		},
		{
			"_id": "I59618243862546960TZxK1j",
			"_tpl": "5e023e88277cce2b522ff2b1",
			"parentId": "I59618245326542490CBa1kM",
			"slotId": "main",
			"upd": {
				"StackObjectsCount": 60
			}
		},
		{
			"_id": "I59618241644989151PWqrm9",
			"_tpl": "5e023e88277cce2b522ff2b1",
			"parentId": "I59618245326542490CBa1kM",
			"slotId": "main",
			"upd": {
				"StackObjectsCount": 60
			}
		},
		{
			"_id": "I59618242050023953opo23Y",
			"_tpl": "5b099ac65acfc400186331e1",
			"parentId": "I59618248090654245EyI7op",
			"slotId": "2",
			"location": {
				"x": 0,
				"y": 0,
				"r": "Horizontal"
			}
		},
		{
			"_id": "I596182410647490721dmww2",
			"_tpl": "5e023e53d4353e3302577c4c",
			"parentId": "I59618242050023953opo23Y",
			"slotId": "cartridges",
			"upd": {
				"StackObjectsCount": 20
			}
		},
		{
			"_id": "I59618241552271813rXwteu",
			"_tpl": "5b099ac65acfc400186331e1",
			"parentId": "I59618248090654245EyI7op",
			"slotId": "1",
			"location": {
				"x": 1,
				"y": 0,
				"r": "Horizontal"
			}
		},
		{
			"_id": "I59618249547453733w1U0Hg",
			"_tpl": "5e023e88277cce2b522ff2b1",
			"parentId": "I59618241552271813rXwteu",
			"slotId": "cartridges",
			"upd": {
				"StackObjectsCount": 20
			}
		},
		{
			"_id": "I59618247316117677giIkaC",
			"_tpl": "57e26fc7245977162a14b800",
			"parentId": "5c6687d65e9d882c8841f0fd",
			"slotId": "Scabbard"
		},
		{
			"_id": "I59618243914993038OwIHMI",
			"_tpl": "5d6d2e22a4b9361bd5780d05",
			"parentId": "5c6687d65e9d882c8841f0fd",
			"slotId": "Eyewear"
		}
	],
	"equipment": "5c6687d65e9d882c8841f0fd",
	"stash": "5c6687d65e9d882c8841f0fc",
	"questRaidItems": "5c6687d65e9d882c8841f0fe",
	"questStashItems": "5c6687d65e9d882c8841f0ff",
	"fastPanel": {}
}