{
	"items": [
		{
			"_id": "5c6687d65e9d882c8841f0fd",
			"_tpl": "55d7217a4bdc2d86028b456d"
		},
		{
			"_id": "5c6687d65e9d882c8841f121",
			"_tpl": "557ffd194bdc2d28148b457f",
			"parentId": "5c6687d65e9d882c8841f0fd",
			"slotId": "Pockets"
		},
		{
			"_id": "5c6687d65e9d882c8841f0fc",
			"_tpl": "566abbc34bdc2d92178b4576"
		},
		{
			"_id": "5c6687d65e9d882c8841f0ff",
			"_tpl": "5963866b86f7747bfa1c4462"
		},
		{
			"_id": "5c6687d65e9d882c8841f0fe",
			"_tpl": "5963866286f7747bf429b572"
		},
		{
			"_id": "I59618244932085013R4Gfkz",
			"_tpl": "5648a69d4bdc2ded0b8b457b",
			"parentId": "5c6687d65e9d882c8841f0fd",
			"slotId": "TacticalVest"
		},
		{
			"_id": "I331040261898090695jEtfb",
			"_tpl": "59e6687d86f77411d949b251",
			"parentId": "5c6687d65e9d882c8841f0fd",
			"slotId": "FirstPrimaryWeapon",
			"upd": {
				"Repairable": {
					"MaxDurability": 100,
					"Durability": 34
				}
			}
		},
		{
			"_id": "I331040261385690904mFi1F",
			"_tpl": "59e649f986f77411d949b246",
			"parentId": "I331040261898090695jEtfb",
			"slotId": "mod_gas_block"
		},
		{
			"_id": "I331040269768304561Btdvg",
			"_tpl": "59e8a00d86f7742ad93b569c",
			"parentId": "I331040261898090695jEtfb",
			"slotId": "mod_muzzle"
		},
		{
			"_id": "I331040263276919742kO80S",
			"_tpl": "59e6318286f77444dd62c4cc",
			"parentId": "I331040261898090695jEtfb",
			"slotId": "mod_pistol_grip"
		},
		{
			"_id": "I331040264420816365IJdCD",
			"_tpl": "59e8977386f77415a553c453",
			"parentId": "I331040261898090695jEtfb",
			"slotId": "mod_sight_rear",
			"upd": {
				"Sight": {
					"SelectedSightMode": 0
				}
			}
		},
		{
			"_id": "I331040269632460056pIv3s",
			"_tpl": "59e89d0986f77427600d226e",
			"parentId": "I331040261898090695jEtfb",
			"slotId": "mod_stock"
		},
		{
			"_id": "I59618242097376561PVR5pk",
			"_tpl": "59e5d83b86f7745aed03d262",
			"parentId": "I331040261898090695jEtfb",
			"slotId": "mod_magazine"
		},
		{
			"_id": "I596182453700558367Rb0fE",
			"_tpl": "59e6658b86f77411d949b250",
			"parentId": "I59618242097376561PVR5pk",
			"slotId": "cartridges",
			"upd": {
				"StackObjectsCount": 10
			}
		},
		{
			"_id": "I331040269337492331ctw7H",
			"_tpl": "59e898ee86f77427614bd225",
			"parentId": "I331040261385690904mFi1F",
			"slotId": "mod_handguard"
		},
		{
			"_id": "I59618248475805191LEi3Lu",
			"_tpl": "5857a8bc2459772bad15db29",
			"parentId": "5c6687d65e9d882c8841f0fd",
			"slotId": "SecuredContainer"
		},
		{
			"_id": "I59618241794817326E85DTz",
			"_tpl": "59e6658b86f77411d949b250",
			"parentId": "I59618248475805191LEi3Lu",
			"slotId": "main",
			"upd": {
				"StackObjectsCount": 60
			}
		},
		{
			"_id": "I59618243580911221QGZORk",
			"_tpl": "59e655cb86f77411dc52a77b",
			"parentId": "I59618248475805191LEi3Lu",
			"slotId": "main",
			"upd": {
				"StackObjectsCount": 60
			}
		},
		{
			"_id": "I596182432750915602ZYnKl",
			"_tpl": "59e6658b86f77411d949b250",
			"parentId": "I59618248475805191LEi3Lu",
			"slotId": "main",
			"upd": {
				"StackObjectsCount": 60
			}
		},
		{
			"_id": "I59618244924452384b4h32Z",
			"_tpl": "59e655cb86f77411dc52a77b",
			"parentId": "I59618248475805191LEi3Lu",
			"slotId": "main",
			"upd": {
				"StackObjectsCount": 60
			}
		},
		{
			"_id": "I59618241692621955o3xRBd",
			"_tpl": "59e655cb86f77411dc52a77b",
			"parentId": "I59618248475805191LEi3Lu",
			"slotId": "main",
			"upd": {
				"StackObjectsCount": 60
			}
		},
		{
			"_id": "I596182468883524881pzoaD",
			"_tpl": "59e6542b86f77411dc52a77a",
			"parentId": "I59618248475805191LEi3Lu",
			"slotId": "main",
			"upd": {
				"StackObjectsCount": 60
			}
		},
		{
			"_id": "I59618243729430643qqcD2t",
			"_tpl": "59e6658b86f77411d949b250",
			"parentId": "I59618248475805191LEi3Lu",
			"slotId": "main",
			"upd": {
				"StackObjectsCount": 60
			}
		},
		{
			"_id": "I59618241513814015I8vEx3",
			"_tpl": "59e6658b86f77411d949b250",
			"parentId": "I59618248475805191LEi3Lu",
			"slotId": "main",
			"upd": {
				"StackObjectsCount": 60
			}
		},
		{
			"_id": "I596182488173406365WDlCC",
			"_tpl": "59e6658b86f77411d949b250",
			"parentId": "I59618248475805191LEi3Lu",
			"slotId": "main",
			"upd": {
				"StackObjectsCount": 60
			}
		},
		{
			"_id": "I59618243689373949MH6V6U",
			"_tpl": "59e5d83b86f7745aed03d262",
			"parentId": "I59618244932085013R4Gfkz",
			"slotId": "1",
			"location": {
				"x": 0,
				"y": 0,
				"r": "Horizontal"
			}
		},
		{
			"_id": "I59618245455984812xSSgxF",
			"_tpl": "59e6658b86f77411d949b250",
			"parentId": "I59618243689373949MH6V6U",
			"slotId": "cartridges",
			"upd": {
				"StackObjectsCount": 10
			}
		},
		{
			"_id": "I59618249660396226pVlzJ4",
			"_tpl": "59e5d83b86f7745aed03d262",
			"parentId": "I59618244932085013R4Gfkz",
			"slotId": "3",
			"location": {
				"x": 0,
				"y": 0,
				"r": "Horizontal"
			}
		},
		{
			"_id": "I59618246378069762k2zJ6o",
			"_tpl": "59e655cb86f77411dc52a77b",
			"parentId": "I59618249660396226pVlzJ4",
			"slotId": "cartridges",
			"upd": {
				"StackObjectsCount": 10
			}
		},
		{
			"_id": "I59618249810671739OLRzO5",
			"_tpl": "59e5d83b86f7745aed03d262",
			"parentId": "I59618244932085013R4Gfkz",
			"slotId": "10",
			"location": {
				"x": 0,
				"y": 0,
				"r": "Horizontal"
			}
		},
		{
			"_id": "I59618245618903759B1YP74",
			"_tpl": "59e655cb86f77411dc52a77b",
			"parentId": "I59618249810671739OLRzO5",
			"slotId": "cartridges",
			"upd": {
				"StackObjectsCount": 10
			}
		},
		{
			"_id": "I596182496981838846Qyln1",
			"_tpl": "59e5d83b86f7745aed03d262",
			"parentId": "I59618244932085013R4Gfkz",
			"slotId": "10",
			"location": {
				"x": 0,
				"y": 1,
				"r": "Horizontal"
			}
		},
		{
			"_id": "I59618247604381561OLoEji",
			"_tpl": "59e6542b86f77411dc52a77a",
			"parentId": "I596182496981838846Qyln1",
			"slotId": "cartridges",
			"upd": {
				"StackObjectsCount": 10
			}
		},
		{
			"_id": "I596182479003459644vXtlz",
			"_tpl": "59e6658b86f77411d949b250",
			"parentId": "I59618244932085013R4Gfkz",
			"slotId": "9",
			"upd": {
				"StackObjectsCount": 38
			}
		},
		{
			"_id": "I59618246108188494eF6lEi",
			"_tpl": "54491bb74bdc2d09088b4567",
			"parentId": "5c6687d65e9d882c8841f0fd",
			"slotId": "Scabbard"
		},
		{
			"_id": "I59618248818319869ibS8a5",
			"_tpl": "572b7d8524597762b472f9d1",
			"parentId": "5c6687d65e9d882c8841f0fd",
			"slotId": "Headwear"
		},
		{
			"_id": "I59618245849244123VcF0OS",
			"_tpl": "5aa2b986e5b5b00014028f4c",
			"parentId": "5c6687d65e9d882c8841f0fd",
			"slotId": "Eyewear"
		},
		{
			"_id": "I59618249595134822OYvnLr",
			"_tpl": "572b7fa524597762b747ce82",
			"parentId": "5c6687d65e9d882c8841f0fd",
			"slotId": "FaceCover"
		},
		{
			"_id": "I59618246927095917QHehqP",
			"_tpl": "5ab8f04f86f774585f4237d8",
			"parentId": "5c6687d65e9d882c8841f0fd",
			"slotId": "Backpack"
		},
		{
			"_id": "I596182439476095019xkENl",
			"_tpl": "5780d0652459777df90dcb74",
			"parentId": "I59618246927095917QHehqP",
			"slotId": "main",
			"location": {
				"x": 0,
				"y": 0,
				"r": "Horizontal"
			}
		},
		{
			"_id": "I59618249435464483GndFcJ",
			"_tpl": "59e35abd86f7741778269d82",
			"parentId": "I59618246927095917QHehqP",
			"slotId": "main",
			"location": {
				"x": 0,
				"y": 1,
				"r": "Horizontal"
			}
		},
		{
			"_id": "I59618247533693162CqrFT2",
			"_tpl": "59fafb5d86f774067a6f2084",
			"parentId": "I59618246927095917QHehqP",
			"slotId": "main",
			"location": {
				"x": 1,
				"y": 0,
				"r": "Horizontal"
			}
		},
		{
			"_id": "I596182489649586211bEfIw",
			"_tpl": "59d790f486f77403cb06aec6",
			"parentId": "5c6687d65e9d882c8841f121",
			"slotId": "pocket1",
			"location": {
				"x": 0,
				"y": 0,
				"r": "Horizontal"
			},
			"upd": {
				"SpawnedInSession": true
			}
		}
	],
	"equipment": "5c6687d65e9d882c8841f0fd",
	"stash": "5c6687d65e9d882c8841f0fc",
	"questRaidItems": "5c6687d65e9d882c8841f0fe",
	"questStashItems": "5c6687d65e9d882c8841f0ff",
	"fastPanel": {}
}