{
	"items": [
		{
			"_id": "5c6687d65e9d882c8841f0fd",
			"_tpl": "55d7217a4bdc2d86028b456d"
		},
		{
			"_id": "5c6687d65e9d882c8841f121",
			"_tpl": "557ffd194bdc2d28148b457f",
			"parentId": "5c6687d65e9d882c8841f0fd",
			"slotId": "Pockets"
		},
		{
			"_id": "5c6687d65e9d882c8841f0fc",
			"_tpl": "566abbc34bdc2d92178b4576"
		},
		{
			"_id": "5c6687d65e9d882c8841f0ff",
			"_tpl": "5963866b86f7747bfa1c4462"
		},
		{
			"_id": "5c6687d65e9d882c8841f0fe",
			"_tpl": "5963866286f7747bf429b572"
		},
		{
			"_id": "I596182453038121602MHCNJ",
			"_tpl": "5929a2a086f7744f4b234d43",
			"parentId": "5c6687d65e9d882c8841f0fd",
			"slotId": "TacticalVest"
		},
		{
			"_id": "I210018269433615010vM7BC",
			"_tpl": "5a38e6bac4a2826c6e06d79b",
			"parentId": "5c6687d65e9d882c8841f0fd",
			"slotId": "FirstPrimaryWeapon",
			"upd": {
				"Repairable": {
					"MaxDurability": 100,
					"Durability": 66
				}
			}
		},
		{
			"_id": "I59618241370858375Hp0n5G",
			"_tpl": "5c6161fb2e221600113fbde5",
			"parentId": "I210018269433615010vM7BC",
			"slotId": "mod_magazine"
		},
		{
			"_id": "I59618247231239618ndDgPc",
			"_tpl": "5d6e69b9a4b9361bc8618958",
			"parentId": "I59618241370858375Hp0n5G",
			"slotId": "cartridges",
			"upd": {
				"StackObjectsCount": 5
			}
		},
		{
			"_id": "I210018263879906767FNFmM",
			"_tpl": "5a38ef1fc4a282000b1521f6",
			"parentId": "I210018269433615010vM7BC",
			"slotId": "mod_stock",
			"upd": {
				"Foldable": {
					"Folded": false
				}
			}
		},
		{
			"_id": "I210018261629330700VXZWi",
			"_tpl": "5a38eecdc4a282329a73b512",
			"parentId": "I210018263879906767FNFmM",
			"slotId": "mod_pistol_grip"
		},
		{
			"_id": "I596182477210080580fszft",
			"_tpl": "5857a8bc2459772bad15db29",
			"parentId": "5c6687d65e9d882c8841f0fd",
			"slotId": "SecuredContainer"
		},
		{
			"_id": "I59618247687539121FZaeqr",
			"_tpl": "5d6e695fa4b936359b35d852",
			"parentId": "I596182477210080580fszft",
			"slotId": "main",
			"upd": {
				"StackObjectsCount": 60
			}
		},
		{
			"_id": "I59618241317430007nBzHc4",
			"_tpl": "5d6e6a5fa4b93614ec501745",
			"parentId": "I596182477210080580fszft",
			"slotId": "main",
			"upd": {
				"StackObjectsCount": 60
			}
		},
		{
			"_id": "I596182438035128906O2POX",
			"_tpl": "5d6e6a42a4b9364f07165f52",
			"parentId": "I596182477210080580fszft",
			"slotId": "main",
			"upd": {
				"StackObjectsCount": 60
			}
		},
		{
			"_id": "I596182437744394622Drmtu",
			"_tpl": "5d6e695fa4b936359b35d852",
			"parentId": "I596182477210080580fszft",
			"slotId": "main",
			"upd": {
				"StackObjectsCount": 60
			}
		},
		{
			"_id": "I596182438450367575OXeFH",
			"_tpl": "5d6e6a5fa4b93614ec501745",
			"parentId": "I596182477210080580fszft",
			"slotId": "main",
			"upd": {
				"StackObjectsCount": 60
			}
		},
		{
			"_id": "I59618248809788410dF028m",
			"_tpl": "5d6e6a53a4b9361bd473feec",
			"parentId": "I596182477210080580fszft",
			"slotId": "main",
			"upd": {
				"StackObjectsCount": 60
			}
		},
		{
			"_id": "I59618241069004975o3nxqq",
			"_tpl": "5d6e6a42a4b9364f07165f52",
			"parentId": "I596182477210080580fszft",
			"slotId": "main",
			"upd": {
				"StackObjectsCount": 60
			}
		},
		{
			"_id": "I596182418749180888rC3yJ",
			"_tpl": "5d6e69c7a4b9360b6c0d54e4",
			"parentId": "I596182477210080580fszft",
			"slotId": "main",
			"upd": {
				"StackObjectsCount": 60
			}
		},
		{
			"_id": "I59618247463424288he1l5c",
			"_tpl": "5d6e6a5fa4b93614ec501745",
			"parentId": "I596182477210080580fszft",
			"slotId": "main",
			"upd": {
				"StackObjectsCount": 60
			}
		},
		{
			"_id": "I59618247699972489H0bfIW",
			"_tpl": "5c6161fb2e221600113fbde5",
			"parentId": "I596182453038121602MHCNJ",
			"slotId": "3",
			"location": {
				"x": 0,
				"y": 1,
				"r": "Horizontal"
			}
		},
		{
			"_id": "I596182439500653108DsSWU",
			"_tpl": "5d6e69c7a4b9360b6c0d54e4",
			"parentId": "I59618247699972489H0bfIW",
			"slotId": "cartridges",
			"upd": {
				"StackObjectsCount": 5
			}
		},
		{
			"_id": "I59618243985994284QAINXP",
			"_tpl": "5c6161fb2e221600113fbde5",
			"parentId": "I596182453038121602MHCNJ",
			"slotId": "5",
			"location": {
				"x": 0,
				"y": 0,
				"r": "Horizontal"
			}
		},
		{
			"_id": "I59618243354720005AOwzYL",
			"_tpl": "5d6e6a42a4b9364f07165f52",
			"parentId": "I59618243985994284QAINXP",
			"slotId": "cartridges",
			"upd": {
				"StackObjectsCount": 5
			}
		},
		{
			"_id": "I59618244352283991g0R1jy",
			"_tpl": "5a38ebd9c4a282000d722a5b",
			"parentId": "I596182453038121602MHCNJ",
			"slotId": "2",
			"upd": {
				"StackObjectsCount": 8
			}
		},
		{
			"_id": "I59618242579734831tktUbk",
			"_tpl": "5d6e69c7a4b9360b6c0d54e4",
			"parentId": "I596182453038121602MHCNJ",
			"slotId": "8",
			"upd": {
				"StackObjectsCount": 19
			}
		},
		{
			"_id": "I59618241899723671OK0VFj",
			"_tpl": "57e26ea924597715ca604a09",
			"parentId": "5c6687d65e9d882c8841f0fd",
			"slotId": "Scabbard"
		},
		{
			"_id": "I596182427229166500MjN1J",
			"_tpl": "544a5cde4bdc2d39388b456b",
			"parentId": "5c6687d65e9d882c8841f0fd",
			"slotId": "Backpack"
		},
		{
			"_id": "I59618247063969419oIlyEa",
			"_tpl": "59e3556c86f7741776641ac2",
			"parentId": "I596182427229166500MjN1J",
			"slotId": "main",
			"location": {
				"x": 0,
				"y": 0,
				"r": "Horizontal"
			}
		},
		{
			"_id": "I59618245785806502Roph3N",
			"_tpl": "59148c8a86f774197930e983",
			"parentId": "I596182427229166500MjN1J",
			"slotId": "main",
			"location": {
				"x": 0,
				"y": 2,
				"r": "Horizontal"
			}
		},
		{
			"_id": "I59618242729943249H2TdER",
			"_tpl": "5d1b313086f77425227d1678",
			"parentId": "I596182427229166500MjN1J",
			"slotId": "main",
			"location": {
				"x": 0,
				"y": 3,
				"r": "Horizontal"
			}
		},
		{
			"_id": "I59618248405718078EgMxf4",
			"_tpl": "590c661e86f7741e566b646a",
			"parentId": "I596182427229166500MjN1J",
			"slotId": "main",
			"location": {
				"x": 1,
				"y": 0,
				"r": "Horizontal"
			}
		},
		{
			"_id": "I59618246891134407gwpDSX",
			"_tpl": "59e35cbb86f7741778269d83",
			"parentId": "I596182427229166500MjN1J",
			"slotId": "main",
			"location": {
				"x": 1,
				"y": 1,
				"r": "Horizontal"
			}
		},
		{
			"_id": "I59618243698509109RqlI42",
			"_tpl": "5d40412b86f7743cb332ac3a",
			"parentId": "I596182427229166500MjN1J",
			"slotId": "main",
			"location": {
				"x": 1,
				"y": 2,
				"r": "Horizontal"
			}
		},
		{
			"_id": "I596182497252777358GVH0f",
			"_tpl": "57347d7224597744596b4e72",
			"parentId": "I596182427229166500MjN1J",
			"slotId": "main",
			"location": {
				"x": 2,
				"y": 2,
				"r": "Horizontal"
			}
		},
		{
			"_id": "I59618246028201806kJV9aN",
			"_tpl": "544fb3364bdc2d34748b456a",
			"parentId": "I596182427229166500MjN1J",
			"slotId": "main",
			"location": {
				"x": 2,
				"y": 3,
				"r": "Horizontal"
			}
		},
		{
			"_id": "I59618244270202960CRpVCM",
			"_tpl": "544fb37f4bdc2dee738b4567",
			"parentId": "I596182427229166500MjN1J",
			"slotId": "main",
			"location": {
				"x": 3,
				"y": 0,
				"r": "Horizontal"
			}
		},
		{
			"_id": "I59618244686109150pivSnQ",
			"_tpl": "57347b8b24597737dd42e192",
			"parentId": "I596182427229166500MjN1J",
			"slotId": "main",
			"location": {
				"x": 3,
				"y": 1,
				"r": "Horizontal"
			}
		},
		{
			"_id": "I59618248410797582PKZjVx",
			"_tpl": "5751435d24597720a27126d1",
			"parentId": "I596182427229166500MjN1J",
			"slotId": "main",
			"location": {
				"x": 3,
				"y": 2,
				"r": "Horizontal"
			}
		},
		{
			"_id": "I59618249815313771TNeaYJ",
			"_tpl": "5c0e53c886f7747fa54205c7",
			"parentId": "5c6687d65e9d882c8841f0fd",
			"slotId": "ArmorVest",
			"upd": {
				"Repairable": {
					"MaxDurability": 47,
					"Durability": 14
				}
			}
		},
		{
			"_id": "I59618249793063962NzI6Nr",
			"_tpl": "590a373286f774287540368b",
			"parentId": "5c6687d65e9d882c8841f121",
			"slotId": "pocket1",
			"location": {
				"x": 0,
				"y": 0,
				"r": "Horizontal"
			},
			"upd": {
				"SpawnedInSession": true
			}
		},
		{
			"_id": "I59618247065207628w5aYHn",
			"_tpl": "590c5bbd86f774785762df04",
			"parentId": "5c6687d65e9d882c8841f121",
			"slotId": "pocket2",
			"location": {
				"x": 0,
				"y": 0,
				"r": "Horizontal"
			},
			"upd": {
				"SpawnedInSession": true
			}
		}
	],
	"equipment": "5c6687d65e9d882c8841f0fd",
	"stash": "5c6687d65e9d882c8841f0fc",
	"questRaidItems": "5c6687d65e9d882c8841f0fe",
	"questStashItems": "5c6687d65e9d882c8841f0ff",
	"fastPanel": {}
}