{
	"items": [
		{
			"_id": "5c6687d65e9d882c8841f0fd",
			"_tpl": "55d7217a4bdc2d86028b456d"
		},
		{
			"_id": "5c6687d65e9d882c8841f121",
			"_tpl": "557ffd194bdc2d28148b457f",
			"parentId": "5c6687d65e9d882c8841f0fd",
			"slotId": "Pockets"
		},
		{
			"_id": "5c6687d65e9d882c8841f0fc",
			"_tpl": "566abbc34bdc2d92178b4576"
		},
		{
			"_id": "5c6687d65e9d882c8841f0ff",
			"_tpl": "5963866b86f7747bfa1c4462"
		},
		{
			"_id": "5c6687d65e9d882c8841f0fe",
			"_tpl": "5963866286f7747bf429b572"
		},
		{
			"_id": "I59618247958080358lpolVG",
			"_tpl": "5929a2a086f7744f4b234d43",
			"parentId": "5c6687d65e9d882c8841f0fd",
			"slotId": "TacticalVest"
		},
		{
			"_id": "I21005559542953025dSHe9B",
			"_tpl": "5a38e6bac4a2826c6e06d79b",
			"parentId": "5c6687d65e9d882c8841f0fd",
			"slotId": "FirstPrimaryWeapon",
			"upd": {
				"Repairable": {
					"MaxDurability": 100,
					"Durability": 60
				}
			}
		},
		{
			"_id": "I59618243084505476g1r1eA",
			"_tpl": "5a38ee51c4a282000c5a955c",
			"parentId": "I21005559542953025dSHe9B",
			"slotId": "mod_magazine"
		},
		{
			"_id": "I59618249201291006nrmane",
			"_tpl": "5d6e6a42a4b9364f07165f52",
			"parentId": "I59618243084505476g1r1eA",
			"slotId": "cartridges",
			"upd": {
				"StackObjectsCount": 2
			}
		},
		{
			"_id": "I21005559534914848ofvJs5",
			"_tpl": "5adf23995acfc400185c2aeb",
			"parentId": "I21005559542953025dSHe9B",
			"slotId": "mod_stock"
		},
		{
			"_id": "I59618241540826345bOpFhD",
			"_tpl": "5857a8bc2459772bad15db29",
			"parentId": "5c6687d65e9d882c8841f0fd",
			"slotId": "SecuredContainer"
		},
		{
			"_id": "I596182426255957859vw59C",
			"_tpl": "5d6e695fa4b936359b35d852",
			"parentId": "I59618241540826345bOpFhD",
			"slotId": "main",
			"upd": {
				"StackObjectsCount": 60
			}
		},
		{
			"_id": "I59618242196346352csyVEx",
			"_tpl": "5d6e6a53a4b9361bd473feec",
			"parentId": "I59618241540826345bOpFhD",
			"slotId": "main",
			"upd": {
				"StackObjectsCount": 60
			}
		},
		{
			"_id": "I59618245982526557lVSfrH",
			"_tpl": "5a38ebd9c4a282000d722a5b",
			"parentId": "I59618241540826345bOpFhD",
			"slotId": "main",
			"upd": {
				"StackObjectsCount": 60
			}
		},
		{
			"_id": "I596182447184234225lCgiC",
			"_tpl": "5d6e6a53a4b9361bd473feec",
			"parentId": "I59618241540826345bOpFhD",
			"slotId": "main",
			"upd": {
				"StackObjectsCount": 60
			}
		},
		{
			"_id": "I59618241692922999zaLl2W",
			"_tpl": "5a38ebd9c4a282000d722a5b",
			"parentId": "I59618241540826345bOpFhD",
			"slotId": "main",
			"upd": {
				"StackObjectsCount": 60
			}
		},
		{
			"_id": "I596182427692246511AmSUa",
			"_tpl": "5d6e6a5fa4b93614ec501745",
			"parentId": "I59618241540826345bOpFhD",
			"slotId": "main",
			"upd": {
				"StackObjectsCount": 60
			}
		},
		{
			"_id": "I59618249907467245MRdmwB",
			"_tpl": "5d6e6a42a4b9364f07165f52",
			"parentId": "I59618241540826345bOpFhD",
			"slotId": "main",
			"upd": {
				"StackObjectsCount": 60
			}
		},
		{
			"_id": "I5961824286142933528HujW",
			"_tpl": "5d6e6a42a4b9364f07165f52",
			"parentId": "I59618241540826345bOpFhD",
			"slotId": "main",
			"upd": {
				"StackObjectsCount": 60
			}
		},
		{
			"_id": "I59618241156750671eP03Pr",
			"_tpl": "5d6e69c7a4b9360b6c0d54e4",
			"parentId": "I59618241540826345bOpFhD",
			"slotId": "main",
			"upd": {
				"StackObjectsCount": 60
			}
		},
		{
			"_id": "I59618241181312117sSStGW",
			"_tpl": "5c6161fb2e221600113fbde5",
			"parentId": "I59618247958080358lpolVG",
			"slotId": "3",
			"location": {
				"x": 0,
				"y": 0,
				"r": "Horizontal"
			}
		},
		{
			"_id": "I59618242019493004PusKTC",
			"_tpl": "5d6e69c7a4b9360b6c0d54e4",
			"parentId": "I59618241181312117sSStGW",
			"slotId": "cartridges",
			"upd": {
				"StackObjectsCount": 5
			}
		},
		{
			"_id": "I59618242886676346w0EOdS",
			"_tpl": "5c6161fb2e221600113fbde5",
			"parentId": "I59618247958080358lpolVG",
			"slotId": "5",
			"location": {
				"x": 0,
				"y": 0,
				"r": "Horizontal"
			}
		},
		{
			"_id": "I59618241693653734cr1lXI",
			"_tpl": "5d6e6a5fa4b93614ec501745",
			"parentId": "I59618242886676346w0EOdS",
			"slotId": "cartridges",
			"upd": {
				"StackObjectsCount": 5
			}
		},
		{
			"_id": "I59618246168291511gMqm8G",
			"_tpl": "5d6e6a53a4b9361bd473feec",
			"parentId": "I59618247958080358lpolVG",
			"slotId": "2",
			"upd": {
				"StackObjectsCount": 12
			}
		},
		{
			"_id": "I59618245198345183sea99U",
			"_tpl": "5bffdc370db834001d23eca8",
			"parentId": "5c6687d65e9d882c8841f0fd",
			"slotId": "Scabbard"
		},
		{
			"_id": "I596182416933224980tTfxg",
			"_tpl": "544a5cde4bdc2d39388b456b",
			"parentId": "5c6687d65e9d882c8841f0fd",
			"slotId": "Backpack"
		},
		{
			"_id": "I59618244533575410hGeLIt",
			"_tpl": "59e35cbb86f7741778269d83",
			"parentId": "I596182416933224980tTfxg",
			"slotId": "main",
			"location": {
				"x": 0,
				"y": 0,
				"r": "Horizontal"
			}
		},
		{
			"_id": "I59618242078309795PMfUsm",
			"_tpl": "57347c5b245977448d35f6e1",
			"parentId": "I596182416933224980tTfxg",
			"slotId": "main",
			"location": {
				"x": 0,
				"y": 1,
				"r": "Horizontal"
			}
		},
		{
			"_id": "I59618241604985260ar8LAz",
			"_tpl": "57347d8724597744596b4e76",
			"parentId": "I596182416933224980tTfxg",
			"slotId": "main",
			"location": {
				"x": 0,
				"y": 2,
				"r": "Horizontal"
			}
		},
		{
			"_id": "I59618242946445535GR8EFa",
			"_tpl": "59148c8a86f774197930e983",
			"parentId": "I596182416933224980tTfxg",
			"slotId": "main",
			"location": {
				"x": 0,
				"y": 3,
				"r": "Horizontal"
			}
		},
		{
			"_id": "I59618241836817295P8izDV",
			"_tpl": "57347b8b24597737dd42e192",
			"parentId": "I596182416933224980tTfxg",
			"slotId": "main",
			"location": {
				"x": 1,
				"y": 1,
				"r": "Horizontal"
			}
		},
		{
			"_id": "I59618249426424568vibtZj",
			"_tpl": "5780cf722459777a5108b9a1",
			"parentId": "I596182416933224980tTfxg",
			"slotId": "main",
			"location": {
				"x": 1,
				"y": 2,
				"r": "Horizontal"
			}
		},
		{
			"_id": "I59618242001861101Qr7LqW",
			"_tpl": "57347d8724597744596b4e76",
			"parentId": "I596182416933224980tTfxg",
			"slotId": "main",
			"location": {
				"x": 1,
				"y": 3,
				"r": "Horizontal"
			}
		},
		{
			"_id": "I59618249789362403Sb52To",
			"_tpl": "577e1c9d2459773cd707c525",
			"parentId": "I596182416933224980tTfxg",
			"slotId": "main",
			"location": {
				"x": 2,
				"y": 0,
				"r": "Horizontal"
			}
		},
		{
			"_id": "I59618247526744321nlwQwU",
			"_tpl": "57347da92459774491567cf5",
			"parentId": "I596182416933224980tTfxg",
			"slotId": "main",
			"location": {
				"x": 2,
				"y": 1,
				"r": "Horizontal"
			}
		},
		{
			"_id": "I59618248444259174xQVc2n",
			"_tpl": "5751435d24597720a27126d1",
			"parentId": "I596182416933224980tTfxg",
			"slotId": "main",
			"location": {
				"x": 2,
				"y": 2,
				"r": "Horizontal"
			}
		},
		{
			"_id": "I59618247537303822cGvtsz",
			"_tpl": "544fb25a4bdc2dfb738b4567",
			"parentId": "I596182416933224980tTfxg",
			"slotId": "main",
			"location": {
				"x": 2,
				"y": 3,
				"r": "Horizontal"
			}
		},
		{
			"_id": "I59618245579890495tqu99O",
			"_tpl": "5c06779c86f77426e00dd782",
			"parentId": "I596182416933224980tTfxg",
			"slotId": "main",
			"location": {
				"x": 3,
				"y": 1,
				"r": "Horizontal"
			}
		},
		{
			"_id": "I59618244340110273GbM5Cf",
			"_tpl": "59136f6f86f774447a1ed173",
			"parentId": "I596182416933224980tTfxg",
			"slotId": "main",
			"location": {
				"x": 3,
				"y": 2,
				"r": "Horizontal"
			}
		},
		{
			"_id": "I59618249748561405ehhrpG",
			"_tpl": "5780d07a2459777de4559324",
			"parentId": "I596182416933224980tTfxg",
			"slotId": "main",
			"location": {
				"x": 3,
				"y": 3,
				"r": "Horizontal"
			}
		},
		{
			"_id": "I59618244354583717j52zGz",
			"_tpl": "59e7635f86f7742cbf2c1095",
			"parentId": "5c6687d65e9d882c8841f0fd",
			"slotId": "ArmorVest",
			"upd": {
				"Repairable": {
					"MaxDurability": 40,
					"Durability": 31
				}
			}
		},
		{
			"_id": "I59618245237035151x37P8v",
			"_tpl": "590a3b0486f7743954552bdb",
			"parentId": "5c6687d65e9d882c8841f121",
			"slotId": "pocket1",
			"location": {
				"x": 0,
				"y": 0,
				"r": "Horizontal"
			},
			"upd": {
				"SpawnedInSession": true
			}
		},
		{
			"_id": "I596182435730789295zZhCK",
			"_tpl": "5780cf7f2459777de4559322",
			"parentId": "5c6687d65e9d882c8841f121",
			"slotId": "pocket2",
			"location": {
				"x": 0,
				"y": 0,
				"r": "Horizontal"
			},
			"upd": {
				"SpawnedInSession": true
			}
		}
	],
	"equipment": "5c6687d65e9d882c8841f0fd",
	"stash": "5c6687d65e9d882c8841f0fc",
	"questRaidItems": "5c6687d65e9d882c8841f0fe",
	"questStashItems": "5c6687d65e9d882c8841f0ff",
	"fastPanel": {}
}