{
	"items": [
		{
			"_id": "5c6687d65e9d882c8841f0fd",
			"_tpl": "55d7217a4bdc2d86028b456d"
		},
		{
			"_id": "5c6687d65e9d882c8841f121",
			"_tpl": "557ffd194bdc2d28148b457f",
			"parentId": "5c6687d65e9d882c8841f0fd",
			"slotId": "Pockets"
		},
		{
			"_id": "5c6687d65e9d882c8841f0fc",
			"_tpl": "566abbc34bdc2d92178b4576"
		},
		{
			"_id": "5c6687d65e9d882c8841f0ff",
			"_tpl": "5963866b86f7747bfa1c4462"
		},
		{
			"_id": "5c6687d65e9d882c8841f0fe",
			"_tpl": "5963866286f7747bf429b572"
		},
		{
			"_id": "I59618244409614893vAL29h",
			"_tpl": "5d5d8ca986f7742798716522",
			"parentId": "5c6687d65e9d882c8841f0fd",
			"slotId": "TacticalVest"
		},
		{
			"_id": "I331037273778582710Ve4xt",
			"_tpl": "576165642459773c7a400233",
			"parentId": "5c6687d65e9d882c8841f0fd",
			"slotId": "FirstPrimaryWeapon",
			"upd": {
				"Repairable": {
					"MaxDurability": 100,
					"Durability": 17
				}
			}
		},
		{
			"_id": "I331037277936492602HaUnF",
			"_tpl": "576169e62459773c69055191",
			"parentId": "I331037273778582710Ve4xt",
			"slotId": "mod_handguard"
		},
		{
			"_id": "I331037271337023575jZfwo",
			"_tpl": "576167ab2459773cad038c43",
			"parentId": "I331037273778582710Ve4xt",
			"slotId": "mod_muzzle"
		},
		{
			"_id": "I331037271279086441Y204d",
			"_tpl": "5649ade84bdc2d1b2b8b4587",
			"parentId": "I331037273778582710Ve4xt",
			"slotId": "mod_pistol_grip"
		},
		{
			"_id": "I331037277100226548TQt0q",
			"_tpl": "57a9b9ce2459770ee926038d",
			"parentId": "I331037273778582710Ve4xt",
			"slotId": "mod_sight_rear",
			"upd": {
				"Sight": {
					"SelectedSightMode": 0
				}
			}
		},
		{
			"_id": "I3310372799184345989DkQA",
			"_tpl": "57616ca52459773c69055192",
			"parentId": "I331037273778582710Ve4xt",
			"slotId": "mod_stock"
		},
		{
			"_id": "I59618249786907992pSP0fv",
			"_tpl": "57616a9e2459773c7a400234",
			"parentId": "I331037273778582710Ve4xt",
			"slotId": "mod_magazine"
		},
		{
			"_id": "I59618242086509606L0cgQU",
			"_tpl": "5d6e6911a4b9361bd5780d52",
			"parentId": "I59618249786907992pSP0fv",
			"slotId": "cartridges",
			"upd": {
				"StackObjectsCount": 5
			}
		},
		{
			"_id": "I59618241355083731dgvRjO",
			"_tpl": "5857a8bc2459772bad15db29",
			"parentId": "5c6687d65e9d882c8841f0fd",
			"slotId": "SecuredContainer"
		},
		{
			"_id": "I59618241487295276hqDKSc",
			"_tpl": "5d6e6772a4b936088465b17c",
			"parentId": "I59618241355083731dgvRjO",
			"slotId": "main",
			"upd": {
				"StackObjectsCount": 60
			}
		},
		{
			"_id": "I59618248715987752MizskT",
			"_tpl": "58820d1224597753c90aeb13",
			"parentId": "I59618241355083731dgvRjO",
			"slotId": "main",
			"upd": {
				"StackObjectsCount": 60
			}
		},
		{
			"_id": "I59618247676751610KExvAb",
			"_tpl": "5d6e6911a4b9361bd5780d52",
			"parentId": "I59618241355083731dgvRjO",
			"slotId": "main",
			"upd": {
				"StackObjectsCount": 60
			}
		},
		{
			"_id": "I59618246501909647WeP2Ck",
			"_tpl": "5d6e68a8a4b9360b6c0d54e2",
			"parentId": "I59618241355083731dgvRjO",
			"slotId": "main",
			"upd": {
				"StackObjectsCount": 60
			}
		},
		{
			"_id": "I59618242759746065ZjNdzz",
			"_tpl": "5d6e68a8a4b9360b6c0d54e2",
			"parentId": "I59618241355083731dgvRjO",
			"slotId": "main",
			"upd": {
				"StackObjectsCount": 60
			}
		},
		{
			"_id": "I59618248092183995gEp5C3",
			"_tpl": "58820d1224597753c90aeb13",
			"parentId": "I59618241355083731dgvRjO",
			"slotId": "main",
			"upd": {
				"StackObjectsCount": 60
			}
		},
		{
			"_id": "I59618245617198932BglVx5",
			"_tpl": "5d6e67fba4b9361bc73bc779",
			"parentId": "I59618241355083731dgvRjO",
			"slotId": "main",
			"upd": {
				"StackObjectsCount": 60
			}
		},
		{
			"_id": "I59618243614858362qgGdsc",
			"_tpl": "5d6fbf68a4b9362233221f6b",
			"parentId": "I59618241355083731dgvRjO",
			"slotId": "main",
			"upd": {
				"StackObjectsCount": 60
			}
		},
		{
			"_id": "I59618247188167475mvSU6O",
			"_tpl": "5d6e689ca4b9361bc8618956",
			"parentId": "I59618241355083731dgvRjO",
			"slotId": "main",
			"upd": {
				"StackObjectsCount": 60
			}
		},
		{
			"_id": "I59618242161381452G3GxNt",
			"_tpl": "544fb25a4bdc2dfb738b4567",
			"parentId": "I59618244409614893vAL29h",
			"slotId": "2"
		},
		{
			"_id": "I5961824700620989518MCKw",
			"_tpl": "57616a9e2459773c7a400234",
			"parentId": "I59618244409614893vAL29h",
			"slotId": "3",
			"location": {
				"x": 0,
				"y": 0,
				"r": "Horizontal"
			}
		},
		{
			"_id": "I59618248609890715AnvQQF",
			"_tpl": "5d6e6869a4b9361c140bcfde",
			"parentId": "I5961824700620989518MCKw",
			"slotId": "cartridges",
			"upd": {
				"StackObjectsCount": 5
			}
		},
		{
			"_id": "I59618244198405475BcvHZ2",
			"_tpl": "57616a9e2459773c7a400234",
			"parentId": "I59618244409614893vAL29h",
			"slotId": "1",
			"location": {
				"x": 0,
				"y": 0,
				"r": "Horizontal"
			}
		},
		{
			"_id": "I59618242979734922Jhe8tW",
			"_tpl": "5c0d591486f7744c505b416f",
			"parentId": "I59618244198405475BcvHZ2",
			"slotId": "cartridges",
			"upd": {
				"StackObjectsCount": 5
			}
		},
		{
			"_id": "I59618245485467769mZNBWP",
			"_tpl": "5a0c27731526d80618476ac4",
			"parentId": "I59618244409614893vAL29h",
			"slotId": "1"
		},
		{
			"_id": "I59618246437088675JZlFZJ",
			"_tpl": "57e26ea924597715ca604a09",
			"parentId": "5c6687d65e9d882c8841f0fd",
			"slotId": "Scabbard"
		},
		{
			"_id": "I59618249984348902PIhjQ4",
			"_tpl": "5b4329075acfc400153b78ff",
			"parentId": "5c6687d65e9d882c8841f0fd",
			"slotId": "Headwear"
		},
		{
			"_id": "I59618248351176116twJlUe",
			"_tpl": "59e7635f86f7742cbf2c1095",
			"parentId": "5c6687d65e9d882c8841f0fd",
			"slotId": "ArmorVest",
			"upd": {
				"Repairable": {
					"MaxDurability": 40,
					"Durability": 17
				}
			}
		},
		{
			"_id": "I596182455569224873Cw4O4",
			"_tpl": "5d235b4d86f7742e017bc88a",
			"parentId": "5c6687d65e9d882c8841f121",
			"slotId": "pocket1",
			"location": {
				"x": 0,
				"y": 0,
				"r": "Horizontal"
			},
			"upd": {
				"SpawnedInSession": true
			}
		}
	],
	"equipment": "5c6687d65e9d882c8841f0fd",
	"stash": "5c6687d65e9d882c8841f0fc",
	"questRaidItems": "5c6687d65e9d882c8841f0fe",
	"questStashItems": "5c6687d65e9d882c8841f0ff",
	"fastPanel": {}
}