{
	"items": [
		{
			"_id": "5c6687d65e9d882c8841f0fd",
			"_tpl": "55d7217a4bdc2d86028b456d"
		},
		{
			"_id": "5c6687d65e9d882c8841f121",
			"_tpl": "557ffd194bdc2d28148b457f",
			"parentId": "5c6687d65e9d882c8841f0fd",
			"slotId": "Pockets"
		},
		{
			"_id": "5c6687d65e9d882c8841f0fc",
			"_tpl": "566abbc34bdc2d92178b4576"
		},
		{
			"_id": "5c6687d65e9d882c8841f0ff",
			"_tpl": "5963866b86f7747bfa1c4462"
		},
		{
			"_id": "5c6687d65e9d882c8841f0fe",
			"_tpl": "5963866286f7747bf429b572"
		},
		{
			"_id": "I59618249467277918ZVktJh",
			"_tpl": "5648a69d4bdc2ded0b8b457b",
			"parentId": "5c6687d65e9d882c8841f0fd",
			"slotId": "TacticalVest"
		},
		{
			"_id": "I331028164908487420LFKAv",
			"_tpl": "5a0ec13bfcdbcb00165aa685",
			"parentId": "5c6687d65e9d882c8841f0fd",
			"slotId": "FirstPrimaryWeapon",
			"upd": {
				"Repairable": {
					"MaxDurability": 100,
					"Durability": 25
				}
			}
		},
		{
			"_id": "I331028164884862905a5jJA",
			"_tpl": "59d64ec286f774171d1e0a42",
			"parentId": "I331028164908487420LFKAv",
			"slotId": "mod_gas_block"
		},
		{
			"_id": "I331028164998499182YU3BW",
			"_tpl": "59d64fc686f774171b243fe2",
			"parentId": "I331028164908487420LFKAv",
			"slotId": "mod_muzzle"
		},
		{
			"_id": "I331028166560667505C4Ona",
			"_tpl": "59e62cc886f77440d40b52a1",
			"parentId": "I331028164908487420LFKAv",
			"slotId": "mod_pistol_grip"
		},
		{
			"_id": "I331028169921985473EB8rc",
			"_tpl": "59d6507c86f7741b846413a2",
			"parentId": "I331028164908487420LFKAv",
			"slotId": "mod_reciever"
		},
		{
			"_id": "I3310281615848372587Zw3o",
			"_tpl": "59d650cf86f7741b846413a4",
			"parentId": "I331028164908487420LFKAv",
			"slotId": "mod_sight_rear",
			"upd": {
				"Sight": {
					"SelectedSightMode": 0
				}
			}
		},
		{
			"_id": "I59618247836650056dXLZdn",
			"_tpl": "59e5d83b86f7745aed03d262",
			"parentId": "I331028164908487420LFKAv",
			"slotId": "mod_magazine"
		},
		{
			"_id": "I59618248161788107lTJ2fZ",
			"_tpl": "59e0d99486f7744a32234762",
			"parentId": "I59618247836650056dXLZdn",
			"slotId": "cartridges",
			"upd": {
				"StackObjectsCount": 10
			}
		},
		{
			"_id": "I331028168243301953DwXlM",
			"_tpl": "59d64f2f86f77417193ef8b3",
			"parentId": "I331028164884862905a5jJA",
			"slotId": "mod_handguard"
		},
		{
			"_id": "I59618247844692402QSM1on",
			"_tpl": "5857a8bc2459772bad15db29",
			"parentId": "5c6687d65e9d882c8841f0fd",
			"slotId": "SecuredContainer"
		},
		{
			"_id": "I59618246325860928DeOLYE",
			"_tpl": "59e0d99486f7744a32234762",
			"parentId": "I59618247844692402QSM1on",
			"slotId": "main",
			"upd": {
				"StackObjectsCount": 60
			}
		},
		{
			"_id": "I59618245273879831YHi2iN",
			"_tpl": "59e4d24686f7741776641ac7",
			"parentId": "I59618247844692402QSM1on",
			"slotId": "main",
			"upd": {
				"StackObjectsCount": 60
			}
		},
		{
			"_id": "I59618247031079992UXwyrn",
			"_tpl": "59e4d3d286f774176a36250a",
			"parentId": "I59618247844692402QSM1on",
			"slotId": "main",
			"upd": {
				"StackObjectsCount": 60
			}
		},
		{
			"_id": "I59618244429273427LzYN6V",
			"_tpl": "59e4d3d286f774176a36250a",
			"parentId": "I59618247844692402QSM1on",
			"slotId": "main",
			"upd": {
				"StackObjectsCount": 60
			}
		},
		{
			"_id": "I59618244514715572ocKmfc",
			"_tpl": "59e4d3d286f774176a36250a",
			"parentId": "I59618247844692402QSM1on",
			"slotId": "main",
			"upd": {
				"StackObjectsCount": 60
			}
		},
		{
			"_id": "I59618244466863722hEc72q",
			"_tpl": "59e0d99486f7744a32234762",
			"parentId": "I59618247844692402QSM1on",
			"slotId": "main",
			"upd": {
				"StackObjectsCount": 60
			}
		},
		{
			"_id": "I59618241554498981yUwwMA",
			"_tpl": "59e4d24686f7741776641ac7",
			"parentId": "I59618247844692402QSM1on",
			"slotId": "main",
			"upd": {
				"StackObjectsCount": 60
			}
		},
		{
			"_id": "I59618242518744598j0TCwc",
			"_tpl": "59e4cf5286f7741778269d8a",
			"parentId": "I59618247844692402QSM1on",
			"slotId": "main",
			"upd": {
				"StackObjectsCount": 60
			}
		},
		{
			"_id": "I59618244047658491B4tmTm",
			"_tpl": "59e4cf5286f7741778269d8a",
			"parentId": "I59618247844692402QSM1on",
			"slotId": "main",
			"upd": {
				"StackObjectsCount": 60
			}
		},
		{
			"_id": "I596182466839196858UIWsz",
			"_tpl": "59e5d83b86f7745aed03d262",
			"parentId": "I59618249467277918ZVktJh",
			"slotId": "1",
			"location": {
				"x": 0,
				"y": 0,
				"r": "Horizontal"
			}
		},
		{
			"_id": "I596182433615435808jIY4Z",
			"_tpl": "59e4cf5286f7741778269d8a",
			"parentId": "I596182466839196858UIWsz",
			"slotId": "cartridges",
			"upd": {
				"StackObjectsCount": 10
			}
		},
		{
			"_id": "I59618242482348118crlxjK",
			"_tpl": "59e5d83b86f7745aed03d262",
			"parentId": "I59618249467277918ZVktJh",
			"slotId": "1",
			"location": {
				"x": 0,
				"y": 1,
				"r": "Horizontal"
			}
		},
		{
			"_id": "I59618245010744476IWZWfU",
			"_tpl": "59e4cf5286f7741778269d8a",
			"parentId": "I59618242482348118crlxjK",
			"slotId": "cartridges",
			"upd": {
				"StackObjectsCount": 10
			}
		},
		{
			"_id": "I59618245745589502U762sc",
			"_tpl": "59e5d83b86f7745aed03d262",
			"parentId": "I59618249467277918ZVktJh",
			"slotId": "3",
			"location": {
				"x": 0,
				"y": 0,
				"r": "Horizontal"
			}
		},
		{
			"_id": "I59618249217251113VJKoty",
			"_tpl": "59e4d3d286f774176a36250a",
			"parentId": "I59618245745589502U762sc",
			"slotId": "cartridges",
			"upd": {
				"StackObjectsCount": 10
			}
		},
		{
			"_id": "I59618247948349720CWDiww",
			"_tpl": "59e5d83b86f7745aed03d262",
			"parentId": "I59618249467277918ZVktJh",
			"slotId": "10",
			"location": {
				"x": 0,
				"y": 0,
				"r": "Horizontal"
			}
		},
		{
			"_id": "I59618242403426345gNmH1B",
			"_tpl": "59e4cf5286f7741778269d8a",
			"parentId": "I59618247948349720CWDiww",
			"slotId": "cartridges",
			"upd": {
				"StackObjectsCount": 10
			}
		},
		{
			"_id": "I59618247444888109xU8r6X",
			"_tpl": "59e5d83b86f7745aed03d262",
			"parentId": "I59618249467277918ZVktJh",
			"slotId": "10",
			"location": {
				"x": 0,
				"y": 1,
				"r": "Horizontal"
			}
		},
		{
			"_id": "I59618243170977481gS0ZPb",
			"_tpl": "59e4d24686f7741776641ac7",
			"parentId": "I59618247444888109xU8r6X",
			"slotId": "cartridges",
			"upd": {
				"StackObjectsCount": 10
			}
		},
		{
			"_id": "I59618245992319729mudJ3q",
			"_tpl": "59e4cf5286f7741778269d8a",
			"parentId": "I59618249467277918ZVktJh",
			"slotId": "6",
			"upd": {
				"StackObjectsCount": 21
			}
		},
		{
			"_id": "I59618246010378633KoGHtG",
			"_tpl": "5448be9a4bdc2dfd2f8b456a",
			"parentId": "I59618249467277918ZVktJh",
			"slotId": "9"
		},
		{
			"_id": "I59618245768042250btDJ31",
			"_tpl": "57e26ea924597715ca604a09",
			"parentId": "5c6687d65e9d882c8841f0fd",
			"slotId": "Scabbard"
		},
		{
			"_id": "I596182489940612991MHOER",
			"_tpl": "5a43943586f77416ad2f06e2",
			"parentId": "5c6687d65e9d882c8841f0fd",
			"slotId": "Headwear"
		},
		{
			"_id": "I59618248472820170cbVWhV",
			"_tpl": "5d6d2e22a4b9361bd5780d05",
			"parentId": "5c6687d65e9d882c8841f0fd",
			"slotId": "Eyewear"
		},
		{
			"_id": "I59618245548163385PpWiN4",
			"_tpl": "5b4326435acfc433000ed01d",
			"parentId": "5c6687d65e9d882c8841f0fd",
			"slotId": "FaceCover"
		},
		{
			"_id": "I59618241393265487OE6IQE",
			"_tpl": "56e33634d2720bd8058b456b",
			"parentId": "5c6687d65e9d882c8841f0fd",
			"slotId": "Backpack"
		},
		{
			"_id": "I59618249186653970nROILG",
			"_tpl": "5d4041f086f7743cac3f22a7",
			"parentId": "I59618241393265487OE6IQE",
			"slotId": "main",
			"location": {
				"x": 0,
				"y": 0,
				"r": "Horizontal"
			}
		},
		{
			"_id": "I59618246500271673zZ1hGE",
			"_tpl": "59387a4986f77401cc236e62",
			"parentId": "I59618241393265487OE6IQE",
			"slotId": "main",
			"location": {
				"x": 0,
				"y": 1,
				"r": "Horizontal"
			}
		},
		{
			"_id": "I59618244425673378Xc7rSx",
			"_tpl": "5d1b392c86f77425243e98fe",
			"parentId": "I59618241393265487OE6IQE",
			"slotId": "main",
			"location": {
				"x": 0,
				"y": 2,
				"r": "Horizontal"
			}
		},
		{
			"_id": "I59618248547219067v6ffpK",
			"_tpl": "5780cf692459777de4559321",
			"parentId": "I59618241393265487OE6IQE",
			"slotId": "main",
			"location": {
				"x": 1,
				"y": 0,
				"r": "Horizontal"
			}
		},
		{
			"_id": "I59618249093495893QeNbzY",
			"_tpl": "5734795124597738002c6176",
			"parentId": "I59618241393265487OE6IQE",
			"slotId": "main",
			"location": {
				"x": 1,
				"y": 1,
				"r": "Horizontal"
			}
		},
		{
			"_id": "I59618244943664504E5Jjfx",
			"_tpl": "5448ba0b4bdc2d02308b456c",
			"parentId": "I59618241393265487OE6IQE",
			"slotId": "main",
			"location": {
				"x": 1,
				"y": 2,
				"r": "Horizontal"
			}
		},
		{
			"_id": "I596182433530347916Gp7if",
			"_tpl": "57505f6224597709a92585a9",
			"parentId": "I59618241393265487OE6IQE",
			"slotId": "main",
			"location": {
				"x": 2,
				"y": 0,
				"r": "Horizontal"
			}
		},
		{
			"_id": "I596182478880775144qi2j6",
			"_tpl": "5df8a2ca86f7740bfe6df777",
			"parentId": "5c6687d65e9d882c8841f0fd",
			"slotId": "ArmorVest",
			"upd": {
				"Repairable": {
					"MaxDurability": 80,
					"Durability": 7
				}
			}
		},
		{
			"_id": "I596182482750898103zmt2w",
			"_tpl": "5734773724597737fd047c14",
			"parentId": "5c6687d65e9d882c8841f121",
			"slotId": "pocket1",
			"location": {
				"x": 0,
				"y": 0,
				"r": "Horizontal"
			},
			"upd": {
				"SpawnedInSession": true
			}
		},
		{
			"_id": "I59618246759665002lbA2NS",
			"_tpl": "590c2c9c86f774245b1f03f2",
			"parentId": "5c6687d65e9d882c8841f121",
			"slotId": "pocket2",
			"location": {
				"x": 0,
				"y": 0,
				"r": "Horizontal"
			},
			"upd": {
				"SpawnedInSession": true
			}
		},
		{
			"_id": "I59618244842176167y8ezuf",
			"_tpl": "573474f924597738002c6174",
			"parentId": "5c6687d65e9d882c8841f121",
			"slotId": "pocket3",
			"location": {
				"x": 0,
				"y": 0,
				"r": "Horizontal"
			},
			"upd": {
				"SpawnedInSession": true
			}
		}
	],
	"equipment": "5c6687d65e9d882c8841f0fd",
	"stash": "5c6687d65e9d882c8841f0fc",
	"questRaidItems": "5c6687d65e9d882c8841f0fe",
	"questStashItems": "5c6687d65e9d882c8841f0ff",
	"fastPanel": {}
}