{
	"items": [
		{
			"_id": "5c6687d65e9d882c8841f0fd",
			"_tpl": "55d7217a4bdc2d86028b456d"
		},
		{
			"_id": "5c6687d65e9d882c8841f121",
			"_tpl": "557ffd194bdc2d28148b457f",
			"parentId": "5c6687d65e9d882c8841f0fd",
			"slotId": "Pockets"
		},
		{
			"_id": "5c6687d65e9d882c8841f0fc",
			"_tpl": "566abbc34bdc2d92178b4576"
		},
		{
			"_id": "5c6687d65e9d882c8841f0ff",
			"_tpl": "5963866b86f7747bfa1c4462"
		},
		{
			"_id": "5c6687d65e9d882c8841f0fe",
			"_tpl": "5963866286f7747bf429b572"
		},
		{
			"_id": "I59618249148998737Kvy16P",
			"_tpl": "5648a69d4bdc2ded0b8b457b",
			"parentId": "5c6687d65e9d882c8841f0fd",
			"slotId": "TacticalVest"
		},
		{
			"_id": "I210012363743647067MaAgh",
			"_tpl": "57838ad32459774a17445cd2",
			"parentId": "5c6687d65e9d882c8841f0fd",
			"slotId": "FirstPrimaryWeapon",
			"upd": {
				"Repairable": {
					"MaxDurability": 100,
					"Durability": 73
				}
			}
		},
		{
			"_id": "I59618242084480738XKmYy4",
			"_tpl": "5a9e81fba2750c00164f6b11",
			"parentId": "I210012363743647067MaAgh",
			"slotId": "mod_magazine"
		},
		{
			"_id": "I59618241414220191i8RqUI",
			"_tpl": "5c0d668f86f7747ccb7f13b2",
			"parentId": "I59618242084480738XKmYy4",
			"slotId": "cartridges",
			"upd": {
				"StackObjectsCount": 30
			}
		},
		{
			"_id": "I210012368595680122lHqZY",
			"_tpl": "57838c962459774a1651ec63",
			"parentId": "I210012363743647067MaAgh",
			"slotId": "mod_muzzle"
		},
		{
			"_id": "I210012363934540897DpmVJ",
			"_tpl": "578395402459774a256959b5",
			"parentId": "I210012363743647067MaAgh",
			"slotId": "mod_reciever"
		},
		{
			"_id": "I2100123685022187231WnGk",
			"_tpl": "578395e82459774a0e553c7b",
			"parentId": "I210012363743647067MaAgh",
			"slotId": "mod_stock"
		},
		{
			"_id": "I210012367386767999gqdEO",
			"_tpl": "57838e1b2459774a256959b1",
			"parentId": "I210012368595680122lHqZY",
			"slotId": "mod_sight_rear",
			"upd": {
				"Sight": {
					"SelectedSightMode": 0
				}
			}
		},
		{
			"_id": "I59618242959906172RcAs26",
			"_tpl": "5857a8bc2459772bad15db29",
			"parentId": "5c6687d65e9d882c8841f0fd",
			"slotId": "SecuredContainer"
		},
		{
			"_id": "I59618241842287779wHDwZM",
			"_tpl": "5c0d668f86f7747ccb7f13b2",
			"parentId": "I59618242959906172RcAs26",
			"slotId": "main",
			"upd": {
				"StackObjectsCount": 60
			}
		},
		{
			"_id": "I596182476998392348iS9cF",
			"_tpl": "57a0dfb82459774d3078b56c",
			"parentId": "I59618242959906172RcAs26",
			"slotId": "main",
			"upd": {
				"StackObjectsCount": 60
			}
		},
		{
			"_id": "I59618247783128949aQrxRZ",
			"_tpl": "57a0e5022459774d1673f889",
			"parentId": "I59618242959906172RcAs26",
			"slotId": "main",
			"upd": {
				"StackObjectsCount": 60
			}
		},
		{
			"_id": "I59618246159861382GRdfHv",
			"_tpl": "57a0e5022459774d1673f889",
			"parentId": "I59618242959906172RcAs26",
			"slotId": "main",
			"upd": {
				"StackObjectsCount": 60
			}
		},
		{
			"_id": "I596182489120579385IqW5d",
			"_tpl": "57a0e5022459774d1673f889",
			"parentId": "I59618242959906172RcAs26",
			"slotId": "main",
			"upd": {
				"StackObjectsCount": 60
			}
		},
		{
			"_id": "I59618249280722010JLIV3O",
			"_tpl": "5c0d668f86f7747ccb7f13b2",
			"parentId": "I59618242959906172RcAs26",
			"slotId": "main",
			"upd": {
				"StackObjectsCount": 60
			}
		},
		{
			"_id": "I59618244569609185gj86OL",
			"_tpl": "57a0e5022459774d1673f889",
			"parentId": "I59618242959906172RcAs26",
			"slotId": "main",
			"upd": {
				"StackObjectsCount": 60
			}
		},
		{
			"_id": "I59618246334840944NsgToY",
			"_tpl": "57a0e5022459774d1673f889",
			"parentId": "I59618242959906172RcAs26",
			"slotId": "main",
			"upd": {
				"StackObjectsCount": 60
			}
		},
		{
			"_id": "I59618249605420400Riu5eR",
			"_tpl": "57a0e5022459774d1673f889",
			"parentId": "I59618242959906172RcAs26",
			"slotId": "main",
			"upd": {
				"StackObjectsCount": 60
			}
		},
		{
			"_id": "I5151213316361215i8JQV33",
			"_tpl": "5e81c3cbac2bb513793cdc75",
			"parentId": "5c6687d65e9d882c8841f0fd",
			"slotId": "Holster",
			"upd": {
				"Repairable": {
					"MaxDurability": 100,
					"Durability": 32
				}
			}
		},
		{
			"_id": "I5151214357867521w3AsdCc",
			"_tpl": "5e81c519cb2b95385c177551",
			"parentId": "I5151213316361215i8JQV33",
			"slotId": "mod_barrel"
		},
		{
			"_id": "I5151216560635440dELQC43",
			"_tpl": "5e81c6bf763d9f754677beff",
			"parentId": "I5151213316361215i8JQV33",
			"slotId": "mod_pistol_grip"
		},
		{
			"_id": "I5151219539456089qslCjAf",
			"_tpl": "5e81edc13397a21db957f6a1",
			"parentId": "I5151213316361215i8JQV33",
			"slotId": "mod_reciever"
		},
		{
			"_id": "I59618249666140246drDOCe",
			"_tpl": "5e81f423763d9f754677bf2e",
			"parentId": "I5151212716233647M9k8NfA",
			"slotId": "cartridges",
			"upd": {
				"StackObjectsCount": 7
			}
		},
		{
			"_id": "I5151212716233647M9k8NfA",
			"_tpl": "5e81c4ca763d9f754677befa",
			"parentId": "I5151213316361215i8JQV33",
			"slotId": "mod_magazine"
		},
		{
			"_id": "I51512171691452758cRhyqv",
			"_tpl": "5e81c6a2ac2bb513793cdc7f",
			"parentId": "I5151213316361215i8JQV33",
			"slotId": "mod_trigger"
		},
		{
			"_id": "I5151214791483785OGxHlRf",
			"_tpl": "5e81c550763d9f754677befd",
			"parentId": "I5151213316361215i8JQV33",
			"slotId": "mod_hammer"
		},
		{
			"_id": "I5151216990468548abTjKfr",
			"_tpl": "5e81c539cb2b95385c177553",
			"parentId": "I5151213316361215i8JQV33",
			"slotId": "mod_catch"
		},
		{
			"_id": "I5151211696638511stmWRAD",
			"_tpl": "5e81ee4dcb2b95385c177582",
			"parentId": "I5151219539456089qslCjAf",
			"slotId": "mod_sight_rear",
			"upd": {
				"Sight": {
					"ScopesCurrentCalibPointIndexes": [
						0
					],
					"ScopesSelectedModes": [
						0
					],
					"SelectedScope": 0
				}
			}
		},
		{
			"_id": "I5151217614552406Xn7Y8AP",
			"_tpl": "5e81ee213397a21db957f6a6",
			"parentId": "I5151219539456089qslCjAf",
			"slotId": "mod_sight_front",
			"upd": {
				"Sight": {
					"ScopesCurrentCalibPointIndexes": [
						0
					],
					"ScopesSelectedModes": [
						0
					],
					"SelectedScope": 0
				}
			}
		},
		{
			"_id": "I59618249161868489yl4mfg",
			"_tpl": "5a9e81fba2750c00164f6b11",
			"parentId": "I59618249148998737Kvy16P",
			"slotId": "1",
			"location": {
				"x": 0,
				"y": 0,
				"r": "Horizontal"
			}
		},
		{
			"_id": "I59618247433842330h9GDJN",
			"_tpl": "5c0d668f86f7747ccb7f13b2",
			"parentId": "I59618249161868489yl4mfg",
			"slotId": "cartridges",
			"upd": {
				"StackObjectsCount": 30
			}
		},
		{
			"_id": "I59618245706481237H8GCEA",
			"_tpl": "5a9e81fba2750c00164f6b11",
			"parentId": "I59618249148998737Kvy16P",
			"slotId": "3",
			"location": {
				"x": 0,
				"y": 0,
				"r": "Horizontal"
			}
		},
		{
			"_id": "I596182495599985127MwAGP",
			"_tpl": "57a0e5022459774d1673f889",
			"parentId": "I59618245706481237H8GCEA",
			"slotId": "cartridges",
			"upd": {
				"StackObjectsCount": 30
			}
		},
		{
			"_id": "I59618243862746344mIyN9o",
			"_tpl": "5a9e81fba2750c00164f6b11",
			"parentId": "I59618249148998737Kvy16P",
			"slotId": "10",
			"location": {
				"x": 0,
				"y": 0,
				"r": "Horizontal"
			}
		},
		{
			"_id": "I5961824851933533326KG1n",
			"_tpl": "57a0dfb82459774d3078b56c",
			"parentId": "I59618243862746344mIyN9o",
			"slotId": "cartridges",
			"upd": {
				"StackObjectsCount": 30
			}
		},
		{
			"_id": "I596182480048217780Y5Tep",
			"_tpl": "544fb25a4bdc2dfb738b4567",
			"parentId": "I59618249148998737Kvy16P",
			"slotId": "5"
		},
		{
			"_id": "I596182427428401142LYp6K",
			"_tpl": "5a9e81fba2750c00164f6b11",
			"parentId": "I59618249148998737Kvy16P",
			"slotId": "5",
			"location": {
				"x": 1,
				"y": 0,
				"r": "Horizontal"
			}
		},
		{
			"_id": "I59618248695165858PeRxXK",
			"_tpl": "57a0dfb82459774d3078b56c",
			"parentId": "I596182427428401142LYp6K",
			"slotId": "cartridges",
			"upd": {
				"StackObjectsCount": 30
			}
		},
		{
			"_id": "I596182471219390608zQM9b",
			"_tpl": "58d3db5386f77426186285a0",
			"parentId": "I59618249148998737Kvy16P",
			"slotId": "6"
		},
		{
			"_id": "I59618241800314603xAZ71s",
			"_tpl": "5c0d688c86f77413ae3407b2",
			"parentId": "I59618249148998737Kvy16P",
			"slotId": "7",
			"upd": {
				"StackObjectsCount": 18
			}
		},
		{
			"_id": "I59618241386605401P45diZ",
			"_tpl": "5c0d668f86f7747ccb7f13b2",
			"parentId": "I59618249148998737Kvy16P",
			"slotId": "9",
			"upd": {
				"StackObjectsCount": 14
			}
		},
		{
			"_id": "I59618249929160652yjaY30",
			"_tpl": "5e81c4ca763d9f754677befa",
			"parentId": "I59618249148998737Kvy16P",
			"slotId": "2",
			"location": {
				"x": 0,
				"y": 0,
				"r": "Horizontal"
			}
		},
		{
			"_id": "I59618244318980865h69EIM",
			"_tpl": "5e81f423763d9f754677bf2e",
			"parentId": "I59618249929160652yjaY30",
			"slotId": "cartridges",
			"upd": {
				"StackObjectsCount": 7
			}
		},
		{
			"_id": "I59618245130877809BiJZQe",
			"_tpl": "5e81c4ca763d9f754677befa",
			"parentId": "I59618249148998737Kvy16P",
			"slotId": "2",
			"location": {
				"x": 0,
				"y": 1,
				"r": "Horizontal"
			}
		},
		{
			"_id": "I59618247498520941rJ2bno",
			"_tpl": "5ea2a8e200685063ec28c05a",
			"parentId": "I59618245130877809BiJZQe",
			"slotId": "cartridges",
			"upd": {
				"StackObjectsCount": 7
			}
		},
		{
			"_id": "I59618246093377807xU6rdb",
			"_tpl": "5e81c4ca763d9f754677befa",
			"parentId": "I59618249148998737Kvy16P",
			"slotId": "11",
			"location": {
				"x": 0,
				"y": 0,
				"r": "Horizontal"
			}
		},
		{
			"_id": "I59618241382172955fVhjjL",
			"_tpl": "5e81f423763d9f754677bf2e",
			"parentId": "I59618246093377807xU6rdb",
			"slotId": "cartridges",
			"upd": {
				"StackObjectsCount": 7
			}
		},
		{
			"_id": "I59618246672589455OgT9ID",
			"_tpl": "5e81c4ca763d9f754677befa",
			"parentId": "I59618249148998737Kvy16P",
			"slotId": "11",
			"location": {
				"x": 0,
				"y": 1,
				"r": "Horizontal"
			}
		},
		{
			"_id": "I59618247688080201k3EgTI",
			"_tpl": "5ea2a8e200685063ec28c05a",
			"parentId": "I59618246672589455OgT9ID",
			"slotId": "cartridges",
			"upd": {
				"StackObjectsCount": 7
			}
		},
		{
			"_id": "I59618246684539618vHXdo0",
			"_tpl": "57e26fc7245977162a14b800",
			"parentId": "5c6687d65e9d882c8841f0fd",
			"slotId": "Scabbard"
		},
		{
			"_id": "I59618241593240773uk2rd4",
			"_tpl": "5aa2a7e8e5b5b00016327c16",
			"parentId": "5c6687d65e9d882c8841f0fd",
			"slotId": "Headwear"
		},
		{
			"_id": "I59618242615411944QWJROB",
			"_tpl": "5d6d2ef3a4b93618084f58bd",
			"parentId": "5c6687d65e9d882c8841f0fd",
			"slotId": "Eyewear"
		},
		{
			"_id": "I59618243141972209jaxjDH",
			"_tpl": "572b7fa524597762b747ce82",
			"parentId": "5c6687d65e9d882c8841f0fd",
			"slotId": "FaceCover"
		},
		{
			"_id": "I59618243817087167Jkly2A",
			"_tpl": "59e7635f86f7742cbf2c1095",
			"parentId": "5c6687d65e9d882c8841f0fd",
			"slotId": "ArmorVest",
			"upd": {
				"Repairable": {
					"MaxDurability": 40,
					"Durability": 17
				}
			}
		}
	],
	"equipment": "5c6687d65e9d882c8841f0fd",
	"stash": "5c6687d65e9d882c8841f0fc",
	"questRaidItems": "5c6687d65e9d882c8841f0fe",
	"questStashItems": "5c6687d65e9d882c8841f0ff",
	"fastPanel": {}
}