{
	"items": [
		{
			"_id": "5c6687d65e9d882c8841f0fd",
			"_tpl": "55d7217a4bdc2d86028b456d"
		},
		{
			"_id": "5c6687d65e9d882c8841f121",
			"_tpl": "557ffd194bdc2d28148b457f",
			"parentId": "5c6687d65e9d882c8841f0fd",
			"slotId": "Pockets"
		},
		{
			"_id": "5c6687d65e9d882c8841f0fc",
			"_tpl": "566abbc34bdc2d92178b4576"
		},
		{
			"_id": "5c6687d65e9d882c8841f0ff",
			"_tpl": "5963866b86f7747bfa1c4462"
		},
		{
			"_id": "5c6687d65e9d882c8841f0fe",
			"_tpl": "5963866286f7747bf429b572"
		},
		{
			"_id": "I59618249182275274ZIMKJa",
			"_tpl": "5e4abfed86f77406a2713cf7",
			"parentId": "5c6687d65e9d882c8841f0fd",
			"slotId": "TacticalVest"
		},
		{
			"_id": "I210013969236893334BIWGt",
			"_tpl": "55801eed4bdc2d89578b4588",
			"parentId": "5c6687d65e9d882c8841f0fd",
			"slotId": "FirstPrimaryWeapon",
			"upd": {
				"Repairable": {
					"MaxDurability": 100,
					"Durability": 72
				}
			}
		},
		{
			"_id": "I596182427499866799e6u2i",
			"_tpl": "559ba5b34bdc2d1f1a8b4582",
			"parentId": "I210013969236893334BIWGt",
			"slotId": "mod_magazine"
		},
		{
			"_id": "I5961824710303186295Hjz1",
			"_tpl": "5887431f2459777e1612938f",
			"parentId": "I596182427499866799e6u2i",
			"slotId": "cartridges",
			"upd": {
				"StackObjectsCount": 10
			}
		},
		{
			"_id": "I21001392860003322e8k73X",
			"_tpl": "56083e1b4bdc2dc8488b4572",
			"parentId": "I210013969236893334BIWGt",
			"slotId": "mod_sight_rear",
			"upd": {
				"Sight": {
					"SelectedSightMode": 0
				}
			}
		},
		{
			"_id": "I210013935725933644d029r",
			"_tpl": "56083eab4bdc2d26448b456a",
			"parentId": "I210013969236893334BIWGt",
			"slotId": "mod_tactical"
		},
		{
			"_id": "I21001391967810040ngWZH6",
			"_tpl": "560e620e4bdc2d724b8b456b",
			"parentId": "I210013969236893334BIWGt",
			"slotId": "mod_muzzle"
		},
		{
			"_id": "I21001395431951899EQewzv",
			"_tpl": "56ea8222d2720b69698b4567",
			"parentId": "I210013969236893334BIWGt",
			"slotId": "mod_bipod"
		},
		{
			"_id": "I59618246421774972mV8bFi",
			"_tpl": "5857a8bc2459772bad15db29",
			"parentId": "5c6687d65e9d882c8841f0fd",
			"slotId": "SecuredContainer"
		},
		{
			"_id": "I59618248876292732LOpDSa",
			"_tpl": "59e77a2386f7742ee578960a",
			"parentId": "I59618246421774972mV8bFi",
			"slotId": "main",
			"upd": {
				"StackObjectsCount": 60
			}
		},
		{
			"_id": "I59618243186593007yMe4Fv",
			"_tpl": "5e023d48186a883be655e551",
			"parentId": "I59618246421774972mV8bFi",
			"slotId": "main",
			"upd": {
				"StackObjectsCount": 60
			}
		},
		{
			"_id": "I59618242099750742ASGvS7",
			"_tpl": "5e023d34e8a400319a28ed44",
			"parentId": "I59618246421774972mV8bFi",
			"slotId": "main",
			"upd": {
				"StackObjectsCount": 60
			}
		},
		{
			"_id": "I59618248680092297RlLFnL",
			"_tpl": "560d61e84bdc2da74d8b4571",
			"parentId": "I59618246421774972mV8bFi",
			"slotId": "main",
			"upd": {
				"StackObjectsCount": 60
			}
		},
		{
			"_id": "I59618241732789243qTyXUy",
			"_tpl": "5e023d48186a883be655e551",
			"parentId": "I59618246421774972mV8bFi",
			"slotId": "main",
			"upd": {
				"StackObjectsCount": 60
			}
		},
		{
			"_id": "I596182443130624662eeqkB",
			"_tpl": "59e77a2386f7742ee578960a",
			"parentId": "I59618246421774972mV8bFi",
			"slotId": "main",
			"upd": {
				"StackObjectsCount": 60
			}
		},
		{
			"_id": "I59618246919687351iJ6fOk",
			"_tpl": "5e023d34e8a400319a28ed44",
			"parentId": "I59618246421774972mV8bFi",
			"slotId": "main",
			"upd": {
				"StackObjectsCount": 60
			}
		},
		{
			"_id": "I59618247951075694Di2dE1",
			"_tpl": "5e023cf8186a883be655e54f",
			"parentId": "I59618246421774972mV8bFi",
			"slotId": "main",
			"upd": {
				"StackObjectsCount": 60
			}
		},
		{
			"_id": "I59618246432413293DmAkHY",
			"_tpl": "5e023cf8186a883be655e54f",
			"parentId": "I59618246421774972mV8bFi",
			"slotId": "main",
			"upd": {
				"StackObjectsCount": 60
			}
		},
		{
			"_id": "I59618247202454196WX2cHd",
			"_tpl": "559ba5b34bdc2d1f1a8b4582",
			"parentId": "I59618249182275274ZIMKJa",
			"slotId": "1",
			"location": {
				"x": 0,
				"y": 1,
				"r": "Horizontal"
			}
		},
		{
			"_id": "I59618247504776217n5bkt0",
			"_tpl": "560d61e84bdc2da74d8b4571",
			"parentId": "I59618247202454196WX2cHd",
			"slotId": "cartridges",
			"upd": {
				"StackObjectsCount": 10
			}
		},
		{
			"_id": "I59618246743063803WDbBWM",
			"_tpl": "559ba5b34bdc2d1f1a8b4582",
			"parentId": "I59618249182275274ZIMKJa",
			"slotId": "3",
			"location": {
				"x": 0,
				"y": 1,
				"r": "Horizontal"
			}
		},
		{
			"_id": "I596182495271454420PIxK0",
			"_tpl": "5887431f2459777e1612938f",
			"parentId": "I59618246743063803WDbBWM",
			"slotId": "cartridges",
			"upd": {
				"StackObjectsCount": 10
			}
		},
		{
			"_id": "I59618249634470189PRZlQA",
			"_tpl": "58d3db5386f77426186285a0",
			"parentId": "I59618249182275274ZIMKJa",
			"slotId": "5"
		},
		{
			"_id": "I59618246155980239WqA0ED",
			"_tpl": "5a0c27731526d80618476ac4",
			"parentId": "I59618249182275274ZIMKJa",
			"slotId": "6"
		},
		{
			"_id": "I59618248828357275a0XUsX",
			"_tpl": "59e77a2386f7742ee578960a",
			"parentId": "I59618249182275274ZIMKJa",
			"slotId": "8",
			"upd": {
				"StackObjectsCount": 18
			}
		},
		{
			"_id": "I59618247664822433yfe1UR",
			"_tpl": "5e023d34e8a400319a28ed44",
			"parentId": "I59618249182275274ZIMKJa",
			"slotId": "10",
			"upd": {
				"StackObjectsCount": 14
			}
		},
		{
			"_id": "I59618247729900148j7zlpl",
			"_tpl": "57e26fc7245977162a14b800",
			"parentId": "5c6687d65e9d882c8841f0fd",
			"slotId": "Scabbard"
		},
		{
			"_id": "I59618244283518460ubr92U",
			"_tpl": "5aa2b89be5b5b0001569311f",
			"parentId": "5c6687d65e9d882c8841f0fd",
			"slotId": "Headwear"
		},
		{
			"_id": "I5961824479401397654Gbbj",
			"_tpl": "572b7f1624597762ae139822",
			"parentId": "5c6687d65e9d882c8841f0fd",
			"slotId": "FaceCover"
		},
		{
			"_id": "I59618249593548800r3YzBc",
			"_tpl": "544a5cde4bdc2d39388b456b",
			"parentId": "5c6687d65e9d882c8841f0fd",
			"slotId": "Backpack"
		},
		{
			"_id": "I59618243079339862gJeExd",
			"_tpl": "573477e124597737dd42e191",
			"parentId": "I59618249593548800r3YzBc",
			"slotId": "main",
			"location": {
				"x": 0,
				"y": 0,
				"r": "Horizontal"
			}
		},
		{
			"_id": "I59618248514020807SWLINa",
			"_tpl": "57347c77245977448d35f6e2",
			"parentId": "I59618249593548800r3YzBc",
			"slotId": "main",
			"location": {
				"x": 0,
				"y": 1,
				"r": "Horizontal"
			}
		},
		{
			"_id": "I59618245038255790WsSsvi",
			"_tpl": "57347c1124597737fb1379e3",
			"parentId": "I59618249593548800r3YzBc",
			"slotId": "main",
			"location": {
				"x": 0,
				"y": 2,
				"r": "Horizontal"
			}
		},
		{
			"_id": "I596182476489043089Uakr1",
			"_tpl": "590c2c9c86f774245b1f03f2",
			"parentId": "I59618249593548800r3YzBc",
			"slotId": "main",
			"location": {
				"x": 0,
				"y": 3,
				"r": "Horizontal"
			}
		},
		{
			"_id": "I59618248733669658uWHw3Y",
			"_tpl": "5a0eecf686f7740350630097",
			"parentId": "5c6687d65e9d882c8841f121",
			"slotId": "pocket1",
			"location": {
				"x": 0,
				"y": 0,
				"r": "Horizontal"
			},
			"upd": {
				"SpawnedInSession": true
			}
		}
	],
	"equipment": "5c6687d65e9d882c8841f0fd",
	"stash": "5c6687d65e9d882c8841f0fc",
	"questRaidItems": "5c6687d65e9d882c8841f0fe",
	"questStashItems": "5c6687d65e9d882c8841f0ff",
	"fastPanel": {}
}