{
	"Id": "Loot 131 (1)504824",
	"IsStatic": false,
	"useGravity": true,
	"randomRotation": false,
	"Position": {
		"x": 223.621,
		"y": 0.917,
		"z": 140.582
	},
	"Rotation": {
		"x": 8.5377377e-7,
		"y": 338.499817,
		"z": 0
	},
	"IsGroupPosition": false,
	"GroupPositions": [],
	"Root": "5ec3f47521ff7644ae6a322f",
	"Items": [
		{
			"_id": "5ec3f47521ff7644ae6a322f",
			"_tpl": "5a3501acc4a282000d72293a"
		},
		{
			"_id": "5ec3f47521ff7644ae6a3230",
			"_tpl": "58dd3ad986f77403051cba8f",
			"parentId": "5ec3f47521ff7644ae6a322f",
			"slotId": "cartridges",
			"upd": {
				"StackObjectsCount": 19
			}
		}
	]
}