{
	"Id": "Loot 131 (1)504824",
	"IsStatic": false,
	"useGravity": true,
	"randomRotation": false,
	"Position": {
		"x": 223.621,
		"y": 0.917,
		"z": 140.582
	},
	"Rotation": {
		"x": 8.5377377e-7,
		"y": 338.499817,
		"z": 0
	},
	"IsGroupPosition": false,
	"GroupPositions": [],
	"Root": "5ec3f44a35cb9040e335f4ce",
	"Items": [
		{
			"_id": "5ec3f44a35cb9040e335f4ce",
			"_tpl": "59fafc9386f774067d462453"
		},
		{
			"_id": "5ec3f44a35cb9040e335f4cf",
			"_tpl": "59e6658b86f77411d949b250",
			"parentId": "5ec3f44a35cb9040e335f4ce",
			"slotId": "cartridges",
			"upd": {
				"StackObjectsCount": 19
			}
		}
	]
}