{
	"name": "Grenade-Nerfs",
	"author": "Solarint",
	"license": "None",
	"version": "1.0.0",
	"dependencies": {},
	"res": {},
	"src":{},
	"db": {
		"items": {
			"5a0c27731526d80618476ac4": "db/items/5a0c27731526d80618476ac4.json",
			"5e32f56fcb6d5863cc5e5ee4": "db/items/5e32f56fcb6d5863cc5e5ee4.json",
			"58d3db5386f77426186285a0": "db/items/58d3db5386f77426186285a0.json",
			"5448be9a4bdc2dfd2f8b456a": "db/items/5448be9a4bdc2dfd2f8b456a.json",
			"5710c24ad2720bc3458b45a3": "db/items/5710c24ad2720bc3458b45a3.json",
			"5e340dcdcb6d5863cc5e5efb": "db/items/5e340dcdcb6d5863cc5e5efb.json"
		}
	}
}