{
    "Hydration": {
        "Current": 200,
        "Maximum": 200
    },
    "Energy": {
        "Current": 200,
        "Maximum": 200
    },
    "BodyParts": {
        "Head": {
            "Health": {
                "Current": 140,
                "Maximum": 140
            }
        },
        "Chest": {
            "Health": {
                "Current": 400,
                "Maximum": 400
            }
        },
        "Stomach": {
            "Health": {
                "Current": 280,
                "Maximum": 280
            }
        },
        "LeftArm": {
            "Health": {
                "Current": 290,
                "Maximum": 290
            }
        },
        "RightArm": {
            "Health": {
                "Current": 290,
                "Maximum": 290
            }
        },
        "LeftLeg": {
            "Health": {
                "Current": 290,
                "Maximum": 290
            }
        },
        "RightLeg": {
            "Health": {
                "Current": 290,
                "Maximum": 290
            }
        }
    }
}