{
    "routemissing_c": "src/callbacks/route/missing.js",
    "cachemodlist_c": "src/callbacks/cache/modlist.js",
    "cachegeneric_c": "src/callbacks/cache/generic.js",
    "cachequests_c": "src/callbacks/cache/quests.js",
    "cachelanguages_c": "src/callbacks/cache/languages.js",
    "cachetemplates_c": "src/callbacks/cache/templates.js",
    "cacheassort_c": "src/callbacks/cache/assort.js",
    "cachelocales_c": "src/callbacks/cache/locales.js",
    "cacheragfair_c": "src/callbacks/cache/ragfair.js",
    "cachedone_c": "src/callbacks/cache/done.js",

    "saveHandler": "src/classes/savehandler.js",
    "response_f": "src/classes/response.js",
    "staticdata_f": "src/classes/staticdata.js",
    "item_f": "src/classes/item.js",
    "locale_f": "src/classes/locale.js",
    "keepAlive_f": "src/classes/keepalive.js",
    "health_f": "src/classes/health.js",
    "offraid_f": "src/classes/offraid.js",
    "dialogue_f": "src/classes/dialogue.js",
    "account_f": "src/classes/account.js",
    "profile_f": "src/classes/profile.js",
    "notifier_f": "src/classes/notifier.js",
    "bots_f": "src/classes/bots.js",
    "itm_hf": "src/classes/helpfunc.js",
    "quest_f": "src/classes/quest.js",
    "note_f": "src/classes/notes.js",
    "move_f": "src/classes/move.js",
    "status_f": "src/classes/status.js",
    "wishList_f": "src/classes/wishlist.js",
    "trade_f": "src/classes/trade.js",
    "customization_f": "src/classes/customization.js",
    "hideout_f": "src/classes/hideout.js",
    "weaponBuilds_f": "src/classes/userbuilds.js",
    "repair_f": "src/classes/repair.js",
    "insurance_f": "src/classes/insurance.js",
    "trader_f": "src/classes/trader.js",
    "preset_f": "src/classes/preset.js",
    "ragfair_f": "src/classes/ragfair.js",
    "weather_f": "src/classes/weather.js",
    "location_f": "src/classes/location.js",
    "match_f": "src/classes/match.js",

    "item_r": "src/responses/item.js",
    "bots_r": "src/responses/bots.js",
    "customization_r": "src/responses/customization.js",
    "dialogue_r": "src/responses/dialogue.js",
    "game_r": "src/responses/game.js",
    "health_r": "src/responses/health.js",
    "hideout_r": "src/responses/hideout.js",
    "image_r": "src/responses/image.js",
    "insurance_r": "src/responses/insurance.js",
    "keepalive_r": "src/responses/keepalive.js",
    "launcher_r": "src/responses/launcher.js",
    "locale_r": "src/responses/locale.js",
    "location_r": "src/responses/location.js",
    "move_r": "src/responses/move.js",
    "note_r": "src/responses/note.js",
    "notifier_r": "src/responses/notifier.js",
    "offraid_r": "src/responses/offraid.js",
    "profile_r": "src/responses/profile.js",
    "quest_r": "src/responses/quests.js",
    "ragfair_r": "src/responses/ragfair.js",
    "repair_r": "src/responses/repair.js",
    "staticdata_r": "src/responses/staticdata.js",
    "status_r": "src/responses/status.js",
    "trade_r": "src/responses/trade.js",
    "trader_r": "src/responses/trader.js",
    "userbuilds_r": "src/responses/userbuilds.js",
    "weather_r": "src/responses/weather.js",
    "wishlist_r": "src/responses/wishlist.js",
    "match_r": "src/responses/match.js",

    "loadstaticdata_c": "src/callbacks/start/staticdata.js",
    "loadsavehandler_c": "src/callbacks/start/savehandler.js",
    "loadaccounts_c": "src/callbacks/start/account.js",
    "loadcustomization_c": "src/callbacks/start/customization.js",
    "hideout_c": "src/callbacks/start/hideout.js",
    "quest_c": "src/callbacks/start/quest.js",
    "loadpresets_c": "src/callbacks/start/preset.js",
    "weather_c": "src/callbacks/start/weather.js",

    "notifier_c": "src/callbacks/response/notifier.js",
    "savehandler_c": "src/callbacks/response/savehandler.js",
    "image_c": "src/callbacks/response/image.js",
    "insurance_c": "src/callbacks/receive/insurance.js"
}