{
	"_id": "5710c24ad2720bc3458b45a3",
	"_name": "weapon_grenade_f1",
	"_parent": "543be6564bdc2df4348b4568",
	"_type": "Item",
	"_props": {
		"Name": "Граната Ф-1",
		"ShortName": "Ф-1",
		"Description": "Ф-1, ручная противопехотная оборонительная граната. Предназначена для поражения живой силы в оборонительном бою. Из-за значительного радиуса разлёта осколков метать её можно только из-за укрытия",
		"Weight": 0.5,
		"BackgroundColor": "grey",
		"Width": 1,
		"Height": 1,
		"StackMaxSize": 1,
		"Rarity": "Superrare",
		"SpawnChance": 5,
		"CreditsPrice": 14684,
		"ItemSound": "grenade",
		"Prefab": {
			"path": "assets/content/weapons/f1/weapon_grenade_f1_container.bundle",
			"rcid": ""
		},
		"UsePrefab": {
			"path": "",
			"rcid": ""
		},
		"StackObjectsCount": 1,
		"NotShownInSlot": false,
		"ExaminedByDefault": true,
		"ExamineTime": 0.1,
		"IsUndiscardable": false,
		"IsUnsaleable": false,
		"IsUnbuyable": false,
		"IsUngivable": false,
		"IsLockedafterEquip": false,
		"QuestItem": false,
		"LootExperience": 20,
		"ExamineExperience": 4,
		"HideEntrails": false,
		"RepairCost": 0,
		"RepairSpeed": 0,
		"ExtraSizeLeft": 0,
		"ExtraSizeRight": 0,
		"ExtraSizeUp": 0,
		"ExtraSizeDown": 0,
		"ExtraSizeForceAdd": false,
		"MergesWithChildren": false,
		"CanSellOnRagfair": true,
		"CanRequireOnRagfair": true,
		"BannedFromRagfair": false,
		"ConflictingItems": [],
		"FixedPrice": false,
		"Unlootable": false,
		"UnlootableFromSlot": "FirstPrimaryWeapon",
		"UnlootableFromSide": [],
		"ChangePriceCoef": 1,
		"AllowSpawnOnLocations": [],
		"SendToClient": false,
		"AnimationVariantsNumber": 0,
		"DiscardingBlock": false,
		"ThrowType": "frag_grenade",
		"ExplDelay": 3,
		"MinExplosionDistance": 1,
		"MaxExplosionDistance": 15,
		"FragmentsCount": 120,
		"FragmentType": "5996f6d686f77467977ba6cc",
		"Strength": 60,
		"ContusionDistance": 0,
		"throwDamMax": 0,
		"explDelay": 3.5,
		"Blindness": {
			"x": 0,
			"y": 0,
			"z": 0
		},
		"Contusion": {
			"x": 0,
			"y": 0,
			"z": 0
		},
		"EmitTime": 0,
		"CanBeHiddenDuringThrow": true
	},
	"_proto": "5448be9a4bdc2dfd2f8b456a"
}