{
	"_id": "5e340dcdcb6d5863cc5e5efb",
	"_name": "weapon_grenade_chattabka_vog25",
	"_parent": "543be6564bdc2df4348b4568",
	"_type": "Item",
	"_props": {
		"Name": "weapon_grenade_rgn",
		"ShortName": "weapon_grenade_rgn",
		"Description": "weapon_grenade_rgn",
		"Weight": 0.25,
		"BackgroundColor": "grey",
		"Width": 1,
		"Height": 1,
		"StackMaxSize": 1,
		"Rarity": "Common",
		"SpawnChance": 5,
		"CreditsPrice": 7535,
		"ItemSound": "grenade",
		"Prefab": {
			"path": "assets/content/weapons/chattabka_vog25/weapon_grenade_chattabka_vog25_container.bundle",
			"rcid": ""
		},
		"UsePrefab": {
			"path": "",
			"rcid": ""
		},
		"StackObjectsCount": 1,
		"NotShownInSlot": false,
		"ExaminedByDefault": false,
		"ExamineTime": 0.1,
		"IsUndiscardable": false,
		"IsUnsaleable": false,
		"IsUnbuyable": false,
		"IsUngivable": false,
		"IsLockedafterEquip": false,
		"QuestItem": false,
		"LootExperience": 20,
		"ExamineExperience": 4,
		"HideEntrails": false,
		"RepairCost": 0,
		"RepairSpeed": 0,
		"ExtraSizeLeft": 0,
		"ExtraSizeRight": 0,
		"ExtraSizeUp": 0,
		"ExtraSizeDown": 0,
		"ExtraSizeForceAdd": false,
		"MergesWithChildren": false,
		"CanSellOnRagfair": true,
		"CanRequireOnRagfair": true,
		"BannedFromRagfair": false,
		"ConflictingItems": [],
		"FixedPrice": false,
		"Unlootable": false,
		"UnlootableFromSlot": "FirstPrimaryWeapon",
		"UnlootableFromSide": [],
		"ChangePriceCoef": 1,
		"AllowSpawnOnLocations": [],
		"SendToClient": false,
		"AnimationVariantsNumber": 0,
		"DiscardingBlock": false,
		"ThrowType": "frag_grenade",
		"ExplDelay": 3,
		"MinExplosionDistance": 1,
		"MaxExplosionDistance": 12,
		"FragmentsCount": 40,
		"FragmentType": "5996f6d686f77467977ba6cc",
		"Strength": 40,
		"ContusionDistance": 1,
		"throwDamMax": 0,
		"explDelay": 3,
		"Blindness": {
			"x": 0,
			"y": 0,
			"z": 0
		},
		"Contusion": {
			"x": 1.5,
			"y": 3,
			"z": 7
		},
		"EmitTime": 0,
		"CanBeHiddenDuringThrow": true
	},
	"_proto": "5448be9a4bdc2dfd2f8b456a"
}