{
	"_id": "5c052f6886f7746b1e3db148",
	"_name": "Item_barter_electr_wirelesstranmitter",
	"_parent": "57864a66245977548f04a81f",
	"_type": "Item",
	"_props": {
		"Name": "Item_barter_electr_wirelesstranmitter",
		"ShortName": "Item_barter_electr_wirelesstranmitter",
		"Description": "Item_barter_electr_wirelesstranmitter",
		"Weight": 2,
		"BackgroundColor": "blue",
		"Width": 2,
		"Height": 1,
		"StackMaxSize": 1,
		"Rarity": "Superrare",
		"SpawnChance": 0.05,
		"CreditsPrice": 145500,
		"ItemSound": "generic",
		"Prefab": {
			"path": "assets/content/items/barter/item_barter_electr_wirelesstranmitter/item_barter_electr_wirelesstranmitter.bundle",
			"rcid": ""
		},
		"UsePrefab": {
			"path": "",
			"rcid": ""
		},
		"StackObjectsCount": 1,
		"NotShownInSlot": false,
		"ExaminedByDefault": true,
		"ExamineTime": 1,
		"IsUndiscardable": false,
		"IsUnsaleable": false,
		"IsUnbuyable": false,
		"IsUngivable": false,
		"IsLockedafterEquip": false,
		"QuestItem": false,
		"LootExperience": 45,
		"ExamineExperience": 5,
		"HideEntrails": false,
		"RepairCost": 0,
		"RepairSpeed": 0,
		"ExtraSizeLeft": 0,
		"ExtraSizeRight": 0,
		"ExtraSizeUp": 0,
		"ExtraSizeDown": 0,
		"ExtraSizeForceAdd": false,
		"MergesWithChildren": false,
		"CanSellOnRagfair": true,
		"CanRequireOnRagfair": true,
		"BannedFromRagfair": false,
		"ConflictingItems": [],
		"FixedPrice": false,
		"Unlootable": false,
		"UnlootableFromSlot": "FirstPrimaryWeapon",
		"UnlootableFromSide": [],
		"ChangePriceCoef": 1,
		"AllowSpawnOnLocations": [
			"laboratory",
			"RezervBase"
		],
		"SendToClient": false,
		"AnimationVariantsNumber": 0,
		"DiscardingBlock": false,
		"MaxResource": 0,
		"Resource": 0
	},
	"_proto": "57347c93245977448d35f6e3"
}