{
	"_id": "544a5caa4bdc2d1a388b4568",
	"_name": "standartRig",
	"_parent": "5448e5284bdc2dcb718b4567",
	"_type": "Item",
	"_props": {
		"Name": "USEC Rig",
		"ShortName": "AWS",
		"Description": "Crye Precision AWS",
		"Weight": 8.7,
		"BackgroundColor": "default",
		"Width": 3,
		"Height": 4,
		"StackMaxSize": 1,
		"Rarity": "Superrare",
		"SpawnChance": 1,
		"CreditsPrice": 112377,
		"ItemSound": "gear_generic",
		"Prefab": {
			"path": "assets/content/items/equipment/rig_cryeavs/item_equipment_rig_cryeavs.bundle",
			"rcid": ""
		},
		"UsePrefab": {
			"path": "",
			"rcid": ""
		},
		"StackObjectsCount": 1,
		"NotShownInSlot": false,
		"ExaminedByDefault": false,
		"ExamineTime": 0.1,
		"IsUndiscardable": false,
		"IsUnsaleable": false,
		"IsUnbuyable": false,
		"IsUngivable": false,
		"IsLockedafterEquip": false,
		"QuestItem": false,
		"LootExperience": 20,
		"ExamineExperience": 10,
		"HideEntrails": true,
		"RepairCost": 900,
		"RepairSpeed": 0,
		"ExtraSizeLeft": 0,
		"ExtraSizeRight": 0,
		"ExtraSizeUp": 0,
		"ExtraSizeDown": 0,
		"ExtraSizeForceAdd": false,
		"MergesWithChildren": false,
		"CanSellOnRagfair": true,
		"CanRequireOnRagfair": true,
		"BannedFromRagfair": false,
		"ConflictingItems": [],
		"FixedPrice": false,
		"Unlootable": false,
		"UnlootableFromSlot": "FirstPrimaryWeapon",
		"UnlootableFromSide": [],
		"ChangePriceCoef": 1,
		"AllowSpawnOnLocations": [],
		"SendToClient": false,
		"AnimationVariantsNumber": 0,
		"DiscardingBlock": false,
		"Grids": [
			{
				"_name": "1",
				"_id": "55d7174d4bdc2d1b198b456c",
				"_parent": "544a5caa4bdc2d1a388b4568",
				"_props": {
					"filters": [
						{
							"Filter": [
								"54009119af1c881c07000029"
							],
							"ExcludedFilter": [
								"5448bf274bdc2dfc2f8b456a"
							]
						}
					],
					"cellsH": 1,
					"cellsV": 2,
					"minCount": 0,
					"maxCount": 0,
					"maxWeight": 0
				},
				"_proto": "55d329c24bdc2d892f8b4567"
			},
			{
				"_name": "2",
				"_id": "55d7174f4bdc2d8a028b4568",
				"_parent": "544a5caa4bdc2d1a388b4568",
				"_props": {
					"filters": [
						{
							"Filter": [
								"54009119af1c881c07000029"
							],
							"ExcludedFilter": [
								"5448bf274bdc2dfc2f8b456a"
							]
						}
					],
					"cellsH": 1,
					"cellsV": 2,
					"minCount": 0,
					"maxCount": 0,
					"maxWeight": 0
				},
				"_proto": "55d329c24bdc2d892f8b4567"
			},
			{
				"_name": "3",
				"_id": "55d717514bdc2d88028b456c",
				"_parent": "544a5caa4bdc2d1a388b4568",
				"_props": {
					"filters": [
						{
							"Filter": [
								"54009119af1c881c07000029"
							],
							"ExcludedFilter": [
								"5448bf274bdc2dfc2f8b456a"
							]
						}
					],
					"cellsH": 1,
					"cellsV": 2,
					"minCount": 0,
					"maxCount": 0,
					"maxWeight": 0
				},
				"_proto": "55d329c24bdc2d892f8b4567"
			},
			{
				"_name": "4",
				"_id": "55d717534bdc2d87028b456c",
				"_parent": "544a5caa4bdc2d1a388b4568",
				"_props": {
					"filters": [
						{
							"Filter": [
								"54009119af1c881c07000029"
							],
							"ExcludedFilter": [
								"5448bf274bdc2dfc2f8b456a"
							]
						}
					],
					"cellsH": 1,
					"cellsV": 2,
					"minCount": 0,
					"maxCount": 0,
					"maxWeight": 0
				},
				"_proto": "55d329c24bdc2d892f8b4567"
			},
			{
				"_name": "5",
				"_id": "55d717574bdc2d86028b456c",
				"_parent": "544a5caa4bdc2d1a388b4568",
				"_props": {
					"filters": [
						{
							"Filter": [
								"54009119af1c881c07000029"
							],
							"ExcludedFilter": [
								"5448bf274bdc2dfc2f8b456a"
							]
						}
					],
					"cellsH": 2,
					"cellsV": 2,
					"minCount": 0,
					"maxCount": 0,
					"maxWeight": 0
				},
				"_proto": "55d329c24bdc2d892f8b4567"
			},
			{
				"_name": "6",
				"_id": "55d7175a4bdc2d89028b456e",
				"_parent": "544a5caa4bdc2d1a388b4568",
				"_props": {
					"filters": [
						{
							"Filter": [
								"54009119af1c881c07000029"
							],
							"ExcludedFilter": [
								"5448bf274bdc2dfc2f8b456a"
							]
						}
					],
					"cellsH": 2,
					"cellsV": 2,
					"minCount": 0,
					"maxCount": 0,
					"maxWeight": 0
				},
				"_proto": "55d329c24bdc2d892f8b4567"
			},
			{
				"_name": "7",
				"_id": "5d67d80886f774599657f154",
				"_parent": "544a5caa4bdc2d1a388b4568",
				"_props": {
					"filters": [
						{
							"Filter": [
								"54009119af1c881c07000029"
							],
							"ExcludedFilter": [
								"5448bf274bdc2dfc2f8b456a"
							]
						}
					],
					"cellsH": 1,
					"cellsV": 1,
					"minCount": 0,
					"maxCount": 0,
					"maxWeight": 0
				},
				"_proto": "55d329c24bdc2d892f8b4567"
			},
			{
				"_name": "8",
				"_id": "5d67d81186f77455757e7525",
				"_parent": "544a5caa4bdc2d1a388b4568",
				"_props": {
					"filters": [
						{
							"Filter": [
								"54009119af1c881c07000029"
							],
							"ExcludedFilter": [
								"5448bf274bdc2dfc2f8b456a"
							]
						}
					],
					"cellsH": 1,
					"cellsV": 1,
					"minCount": 0,
					"maxCount": 0,
					"maxWeight": 0
				},
				"_proto": "55d329c24bdc2d892f8b4567"
			},
			{
				"_name": "9",
				"_id": "5d67d81c86f7740b98205a82",
				"_parent": "544a5caa4bdc2d1a388b4568",
				"_props": {
					"filters": [
						{
							"Filter": [
								"54009119af1c881c07000029"
							],
							"ExcludedFilter": [
								"5448bf274bdc2dfc2f8b456a"
							]
						}
					],
					"cellsH": 1,
					"cellsV": 1,
					"minCount": 0,
					"maxCount": 0,
					"maxWeight": 0
				},
				"_proto": "55d329c24bdc2d892f8b4567"
			},
			{
				"_name": "10",
				"_id": "5d67d82386f7740bd93652d2",
				"_parent": "544a5caa4bdc2d1a388b4568",
				"_props": {
					"filters": [
						{
							"Filter": [
								"54009119af1c881c07000029"
							],
							"ExcludedFilter": [
								"5448bf274bdc2dfc2f8b456a"
							]
						}
					],
					"cellsH": 1,
					"cellsV": 1,
					"minCount": 0,
					"maxCount": 0,
					"maxWeight": 0
				},
				"_proto": "55d329c24bdc2d892f8b4567"
			},
			{
				"_name": "11",
				"_id": "5d67d82a86f77455757e7526",
				"_parent": "544a5caa4bdc2d1a388b4568",
				"_props": {
					"filters": [
						{
							"Filter": [
								"54009119af1c881c07000029"
							],
							"ExcludedFilter": [
								"5448bf274bdc2dfc2f8b456a"
							]
						}
					],
					"cellsH": 1,
					"cellsV": 2,
					"minCount": 0,
					"maxCount": 0,
					"maxWeight": 0
				},
				"_proto": "55d329c24bdc2d892f8b4567"
			},
			{
				"_name": "12",
				"_id": "5d67d83286f7740b98205a83",
				"_parent": "544a5caa4bdc2d1a388b4568",
				"_props": {
					"filters": [
						{
							"Filter": [
								"54009119af1c881c07000029"
							],
							"ExcludedFilter": [
								"5448bf274bdc2dfc2f8b456a"
							]
						}
					],
					"cellsH": 1,
					"cellsV": 1,
					"minCount": 0,
					"maxCount": 0,
					"maxWeight": 0
				},
				"_proto": "55d329c24bdc2d892f8b4567"
			}
		],
		"Slots": [],
		"CanPutIntoDuringTheRaid": true,
		"CantRemoveFromSlotsDuringRaid": [],
		"SearchSound": "looting_body_extended",
		"BlocksArmorVest": false,
		"RigLayoutName": "Avs",
		"Durability": 70,
		"MaxDurability": 70,
		"armorZone": [
			"Chest",
			"Stomach"
		],
		"armorClass": 4,
		"speedPenaltyPercent": -10,
		"mousePenalty": 0.0,
		"weaponErgonomicPenalty": -2,
		"BluntThroughput": 0.66,
		"ArmorMaterial": "Combined"
	}
}