{
	"_id": "545cdb794bdc2d3a198b456a",
	"_name": "heavy",
	"_parent": "5448e54d4bdc2dcc718b4568",
	"_type": "Item",
	"_props": {
		"Name": "6B43",
		"ShortName": "6B43",
		"Description": "6B43",
		"Weight": 20,
		"BackgroundColor": "blue",
		"Width": 4,
		"Height": 4,
		"StackMaxSize": 1,
		"Rarity": "Superrare",
		"SpawnChance": 0.5,
		"CreditsPrice": 312250,
		"ItemSound": "gear_armor",
		"Prefab": {
			"path": "assets/content/items/equipment/armor_6b34/item_equipment_armor_6b34.bundle",
			"rcid": ""
		},
		"UsePrefab": {
			"path": "",
			"rcid": ""
		},
		"StackObjectsCount": 1,
		"NotShownInSlot": false,
		"ExaminedByDefault": false,
		"ExamineTime": 0.1,
		"IsUndiscardable": false,
		"IsUnsaleable": false,
		"IsUnbuyable": false,
		"IsUngivable": false,
		"IsLockedafterEquip": false,
		"QuestItem": false,
		"LootExperience": 20,
		"ExamineExperience": 2,
		"HideEntrails": false,
		"RepairCost": 1250,
		"RepairSpeed": 10,
		"ExtraSizeLeft": 0,
		"ExtraSizeRight": 0,
		"ExtraSizeUp": 0,
		"ExtraSizeDown": 0,
		"ExtraSizeForceAdd": false,
		"MergesWithChildren": false,
		"CanSellOnRagfair": true,
		"CanRequireOnRagfair": true,
		"BannedFromRagfair": false,
		"ConflictingItems": [],
		"FixedPrice": false,
		"Unlootable": false,
		"UnlootableFromSlot": "FirstPrimaryWeapon",
		"UnlootableFromSide": [],
		"ChangePriceCoef": 1,
		"AllowSpawnOnLocations": [],
		"SendToClient": false,
		"AnimationVariantsNumber": 0,
		"DiscardingBlock": false,
		"Grids": [],
		"Slots": [],
		"CanPutIntoDuringTheRaid": true,
		"CantRemoveFromSlotsDuringRaid": [],
		"BlocksEarpiece": false,
		"BlocksEyewear": false,
		"BlocksHeadwear": false,
		"BlocksFaceCover": false,
		"Durability": 85,
		"MaxDurability": 85,
		"armorClass": "6",
		"speedPenaltyPercent": -42,
		"mousePenalty": 0.0,
		"weaponErgonomicPenalty": -27,
		"armorZone": [
			"LeftArm",
			"RightArm",
			"Chest",
			"Stomach",
			"LeftLeg",
			"RightLeg"
		],
		"Indestructibility": 0.9,
		"headSegments": [],
		"FaceShieldComponent": false,
		"FaceShieldMask": "NoMask",
		"HasHinge": false,
		"MaterialType": "BodyArmor",
		"RicochetParams": {
			"x": 0,
			"y": 0,
			"z": 80
		},
		"DeafStrength": "None",
		"BluntThroughput": 0.66,
		"ArmorMaterial": "Combined"
	}
}