{
	"_id": "59e7635f86f7742cbf2c1095",
	"_name": "module_3m",
	"_parent": "5448e54d4bdc2dcc718b4568",
	"_type": "Item",
	"_props": {
		"Name": "Module 3M",
		"ShortName": "Module 3M",
		"Description": "Module 3M",
		"Weight": 8,
		"BackgroundColor": "blue",
		"Width": 3,
		"Height": 3,
		"StackMaxSize": 1,
		"Rarity": "Rare",
		"SpawnChance": 7,
		"CreditsPrice": 45672,
		"ItemSound": "gear_armor",
		"Prefab": {
			"path": "assets/content/items/equipment/armor_module_3m/item_equipment_armor_module_3m.bundle",
			"rcid": ""
		},
		"UsePrefab": {
			"path": "",
			"rcid": ""
		},
		"StackObjectsCount": 1,
		"NotShownInSlot": false,
		"ExaminedByDefault": false,
		"ExamineTime": 0.1,
		"IsUndiscardable": false,
		"IsUnsaleable": false,
		"IsUnbuyable": false,
		"IsUngivable": false,
		"IsLockedafterEquip": false,
		"QuestItem": false,
		"LootExperience": 20,
		"ExamineExperience": 2,
		"HideEntrails": false,
		"RepairCost": 90,
		"RepairSpeed": 8,
		"ExtraSizeLeft": 0,
		"ExtraSizeRight": 0,
		"ExtraSizeUp": 0,
		"ExtraSizeDown": 0,
		"ExtraSizeForceAdd": false,
		"MergesWithChildren": false,
		"CanSellOnRagfair": true,
		"CanRequireOnRagfair": true,
		"BannedFromRagfair": false,
		"ConflictingItems": [],
		"FixedPrice": false,
		"Unlootable": false,
		"UnlootableFromSlot": "FirstPrimaryWeapon",
		"UnlootableFromSide": [],
		"ChangePriceCoef": 1,
		"AllowSpawnOnLocations": [],
		"SendToClient": false,
		"AnimationVariantsNumber": 0,
		"DiscardingBlock": false,
		"Grids": [],
		"Slots": [],
		"CanPutIntoDuringTheRaid": true,
		"CantRemoveFromSlotsDuringRaid": [],
		"BlocksEarpiece": false,
		"BlocksEyewear": false,
		"BlocksHeadwear": false,
		"BlocksFaceCover": false,
		"Durability": 40,
		"MaxDurability": 40,
		"armorClass": "2",
		"speedPenaltyPercent": -7,
		"mousePenalty": 0.0,
		"weaponErgonomicPenalty": -4,
		"armorZone": [
			"Chest",
			"Stomach"
		],
		"Indestructibility": 0.9,
		"headSegments": [],
		"FaceShieldComponent": false,
		"FaceShieldMask": "NoMask",
		"HasHinge": false,
		"MaterialType": "BodyArmor",
		"RicochetParams": {
			"x": 0,
			"y": 0,
			"z": 80
		},
		"DeafStrength": "None",
		"BluntThroughput": 0.66,
		"ArmorMaterial": "Aramid"
	},
	"_proto": "545cdb794bdc2d3a198b456a"
}