{
	"_id": "5a16ba61fcdbcb098008728a",
	"_name": "helmet_ops_core_fast_gunsight_mandible",
	"_parent": "57bef4c42459772e8d35a53b",
	"_type": "Item",
	"_props": {
		"Name": "helmet_ops_core_fast_gunsight_mandible",
		"ShortName": "helmet_ops_core_fast_gunsight_mandible",
		"Description": "helmet_ops_core_fast_gunsight_mandible",
		"Weight": 1.2,
		"BackgroundColor": "default",
		"Width": 2,
		"Height": 2,
		"StackMaxSize": 1,
		"Rarity": "Rare",
		"SpawnChance": 4,
		"CreditsPrice": 25542,
		"ItemSound": "gear_helmet",
		"Prefab": {
			"path": "assets/content/items/equipment/helmet_opscore_fast_side_armor/item_equipment_helmet_opscore_fast_gunsight_mandible.bundle",
			"rcid": ""
		},
		"UsePrefab": {
			"path": "",
			"rcid": ""
		},
		"StackObjectsCount": 1,
		"NotShownInSlot": false,
		"ExaminedByDefault": false,
		"ExamineTime": 0.1,
		"IsUndiscardable": false,
		"IsUnsaleable": false,
		"IsUnbuyable": false,
		"IsUngivable": false,
		"IsLockedafterEquip": false,
		"QuestItem": false,
		"LootExperience": 20,
		"ExamineExperience": 4,
		"HideEntrails": false,
		"RepairCost": 100,
		"RepairSpeed": 10,
		"ExtraSizeLeft": 0,
		"ExtraSizeRight": 0,
		"ExtraSizeUp": 0,
		"ExtraSizeDown": 0,
		"ExtraSizeForceAdd": false,
		"MergesWithChildren": false,
		"CanSellOnRagfair": true,
		"CanRequireOnRagfair": true,
		"BannedFromRagfair": false,
		"ConflictingItems": [
			"59e7715586f7742ee5789605"
		],
		"FixedPrice": false,
		"Unlootable": false,
		"UnlootableFromSlot": "FirstPrimaryWeapon",
		"UnlootableFromSide": [],
		"ChangePriceCoef": 1,
		"AllowSpawnOnLocations": [],
		"SendToClient": false,
		"AnimationVariantsNumber": 0,
		"DiscardingBlock": false,
		"Grids": [],
		"Slots": [],
		"CanPutIntoDuringTheRaid": true,
		"CantRemoveFromSlotsDuringRaid": [],
		"BlocksEarpiece": false,
		"BlocksEyewear": false,
		"BlocksHeadwear": false,
		"BlocksFaceCover": false,
		"Durability": 20,
		"MaxDurability": 20,
		"armorClass": "2",
		"speedPenaltyPercent": 0,
		"mousePenalty": 0.0,
		"weaponErgonomicPenalty": -6,
		"armorZone": [
			"Head"
		],
		"Indestructibility": 0.9,
		"headSegments": [
			"Jaws"
		],
		"FaceShieldComponent": false,
		"FaceShieldMask": "NoMask",
		"HasHinge": false,
		"MaterialType": "Helmet",
		"RicochetParams": {
			"x": 0,
			"y": 0,
			"z": 80
		},
		"DeafStrength": "None",
		"BluntThroughput": 0.35,
		"ArmorMaterial": "Aramid"
	},
	"_proto": "5645bc214bdc2d363b8b4571"
}