{
	"_id": "5b432d215acfc4771e1c6624",
	"_name": "item_equipment_helmet_LSHZ",
	"_parent": "5a341c4086f77401f2541505",
	"_type": "Item",
	"_props": {
		"Name": "lzsh",
		"ShortName": "lzsh",
		"Description": "lzsh",
		"Weight": 0.95,
		"BackgroundColor": "default",
		"Width": 2,
		"Height": 2,
		"StackMaxSize": 1,
		"Rarity": "Rare",
		"SpawnChance": 6,
		"CreditsPrice": 42500,
		"ItemSound": "gear_helmet",
		"Prefab": {
			"path": "assets/content/items/equipment/helmet_lshz/item_equipment_helmet_lshz.bundle",
			"rcid": ""
		},
		"UsePrefab": {
			"path": "",
			"rcid": ""
		},
		"StackObjectsCount": 1,
		"NotShownInSlot": false,
		"ExaminedByDefault": false,
		"ExamineTime": 0.1,
		"IsUndiscardable": false,
		"IsUnsaleable": false,
		"IsUnbuyable": false,
		"IsUngivable": false,
		"IsLockedafterEquip": false,
		"QuestItem": false,
		"LootExperience": 20,
		"ExamineExperience": 4,
		"HideEntrails": false,
		"RepairCost": 335,
		"RepairSpeed": 10,
		"ExtraSizeLeft": 0,
		"ExtraSizeRight": 0,
		"ExtraSizeUp": 0,
		"ExtraSizeDown": 0,
		"ExtraSizeForceAdd": false,
		"MergesWithChildren": true,
		"CanSellOnRagfair": true,
		"CanRequireOnRagfair": true,
		"BannedFromRagfair": false,
		"ConflictingItems": [],
		"FixedPrice": false,
		"Unlootable": false,
		"UnlootableFromSlot": "FirstPrimaryWeapon",
		"UnlootableFromSide": [],
		"ChangePriceCoef": 1,
		"AllowSpawnOnLocations": [],
		"SendToClient": false,
		"AnimationVariantsNumber": 0,
		"DiscardingBlock": false,
		"Grids": [],
		"Slots": [
			{
				"_name": "mod_equipment_000",
				"_id": "5b4747f586f77411870d7074",
				"_parent": "5b432d215acfc4771e1c6624",
				"_props": {
					"filters": [
						{
							"Shift": 0,
							"Filter": [
								"5a16badafcdbcb001865f72d",
								"5a16b672fcdbcb001912fa83",
								"5a16b7e1fcdbcb00165aa6c9"
							]
						}
					]
				},
				"_required": false,
				"_mergeSlotWithChildren": false,
				"_proto": "55d30c4c4bdc2db4468b457e"
			},
			{
				"_name": "mod_nvg",
				"_id": "5b47480586f7741ee72661ba",
				"_parent": "5b432d215acfc4771e1c6624",
				"_props": {
					"filters": [
						{
							"Shift": 0,
							"Filter": [
								"5ea058e01dbce517f324b3e2",
								"5c0558060db834001b735271",
								"5a16b8a9fcdbcb00165aa6ca"
							]
						}
					]
				},
				"_required": false,
				"_mergeSlotWithChildren": false,
				"_proto": "55d30c4c4bdc2db4468b457e"
			},
			{
				"_name": "mod_mount",
				"_id": "5b47481486f7741eef54418c",
				"_parent": "5b432d215acfc4771e1c6624",
				"_props": {
					"filters": [
						{
							"Shift": 0,
							"Filter": [
								"5a398b75c4a282000a51a266",
								"5a398ab9c4a282000c5a9842"
							]
						}
					]
				},
				"_required": false,
				"_mergeSlotWithChildren": false,
				"_proto": "55d30c4c4bdc2db4468b457e"
			},
			{
				"_name": "mod_equipment_001",
				"_id": "5b47482886f7741eef544193",
				"_parent": "5b432d215acfc4771e1c6624",
				"_props": {
					"filters": [
						{
							"Shift": 0,
							"Filter": [
								"5a16b9fffcdbcb0176308b34"
							]
						}
					]
				},
				"_required": false,
				"_mergeSlotWithChildren": false,
				"_proto": "55d30c4c4bdc2db4468b457e"
			}
		],
		"CanPutIntoDuringTheRaid": true,
		"CantRemoveFromSlotsDuringRaid": [],
		"BlocksEarpiece": false,
		"BlocksEyewear": false,
		"BlocksHeadwear": false,
		"BlocksFaceCover": false,
		"Durability": 30,
		"MaxDurability": 30,
		"armorClass": "3",
		"speedPenaltyPercent": -1,
		"mousePenalty": 0.0,
		"weaponErgonomicPenalty": 0,
		"armorZone": [
			"Head"
		],
		"Indestructibility": 0.9,
		"headSegments": [
			"Top",
			"Nape"
		],
		"FaceShieldComponent": false,
		"FaceShieldMask": "NoMask",
		"HasHinge": false,
		"MaterialType": "Helmet",
		"RicochetParams": {
			"x": 0.8,
			"y": 0.3,
			"z": 75
		},
		"DeafStrength": "None",
		"BluntThroughput": 0.35,
		"ArmorMaterial": "Aramid"
	},
	"_proto": "5645bc214bdc2d363b8b4571"
}