{
	"_id": "5b432b2f5acfc4771e1c6622",
	"_name": "item_equipment_facecover_shatteredmask",
	"_parent": "5a341c4686f77469e155819e",
	"_type": "Item",
	"_props": {
		"Name": "shattered",
		"ShortName": "shattered",
		"Description": "shattered",
		"Weight": 0.3,
		"BackgroundColor": "default",
		"Width": 2,
		"Height": 2,
		"StackMaxSize": 1,
		"Rarity": "Superrare",
		"SpawnChance": 3,
		"CreditsPrice": 12420,
		"ItemSound": "gear_generic",
		"Prefab": {
			"path": "assets/content/items/equipment/facecover_shatteredmask/item_equipment_facecover_shatteredmask.bundle",
			"rcid": ""
		},
		"UsePrefab": {
			"path": "",
			"rcid": ""
		},
		"StackObjectsCount": 1,
		"NotShownInSlot": false,
		"ExaminedByDefault": false,
		"ExamineTime": 0.1,
		"IsUndiscardable": false,
		"IsUnsaleable": false,
		"IsUnbuyable": false,
		"IsUngivable": false,
		"IsLockedafterEquip": false,
		"QuestItem": false,
		"LootExperience": 20,
		"ExamineExperience": 10,
		"HideEntrails": false,
		"RepairCost": 30,
		"RepairSpeed": 10,
		"ExtraSizeLeft": 0,
		"ExtraSizeRight": 0,
		"ExtraSizeUp": 0,
		"ExtraSizeDown": 0,
		"ExtraSizeForceAdd": false,
		"MergesWithChildren": false,
		"CanSellOnRagfair": true,
		"CanRequireOnRagfair": true,
		"BannedFromRagfair": false,
		"ConflictingItems": [],
		"FixedPrice": false,
		"Unlootable": false,
		"UnlootableFromSlot": "FirstPrimaryWeapon",
		"UnlootableFromSide": [],
		"ChangePriceCoef": 1,
		"AllowSpawnOnLocations": [],
		"SendToClient": false,
		"AnimationVariantsNumber": 0,
		"DiscardingBlock": false,
		"Grids": [],
		"Slots": [],
		"CanPutIntoDuringTheRaid": true,
		"CantRemoveFromSlotsDuringRaid": [],
		"BlocksEarpiece": false,
		"BlocksEyewear": true,
		"BlocksHeadwear": true,
		"BlocksFaceCover": false,
		"Durability": 40,
		"MaxDurability": 40,
		"armorClass": "1",
		"speedPenaltyPercent": 0,
		"mousePenalty": 0.0,
		"weaponErgonomicPenalty": 0,
		"armorZone": [
			"Head"
		],
		"Indestructibility": 0.9,
		"headSegments": [
			"Eyes",
			"Jaws"
		],
		"FaceShieldComponent": false,
		"FaceShieldMask": "NoMask",
		"HasHinge": false,
		"MaterialType": "Helmet",
		"RicochetParams": {
			"x": 0.9,
			"y": 0.4,
			"z": 70
		},
		"DeafStrength": "None",
		"BluntThroughput": 0.35,
		"ArmorMaterial": "Aramid"
	},
	"_proto": "572b7d8524597762b472f9d1"
}