{
	"_id": "5c0d2727d174af02a012cf58",
	"_name": "item_equipment_helmet_psh97_jeta",
	"_parent": "5a341c4086f77401f2541505",
	"_type": "Item",
	"_props": {
		"Name": "item_equipment_helmet_psh97_jeta",
		"ShortName": "item_equipment_helmet_psh97_jeta",
		"Description": "item_equipment_helmet_psh97_jeta",
		"Weight": 1.3,
		"BackgroundColor": "default",
		"Width": 2,
		"Height": 2,
		"StackMaxSize": 1,
		"Rarity": "Common",
		"SpawnChance": 2,
		"CreditsPrice": 8962,
		"ItemSound": "gear_helmet",
		"Prefab": {
			"path": "assets/content/items/equipment/helmet_psh97_jeta/item_equipment_helmet_psh97_jeta.bundle",
			"rcid": ""
		},
		"UsePrefab": {
			"path": "",
			"rcid": ""
		},
		"StackObjectsCount": 1,
		"NotShownInSlot": false,
		"ExaminedByDefault": false,
		"ExamineTime": 0.1,
		"IsUndiscardable": false,
		"IsUnsaleable": false,
		"IsUnbuyable": false,
		"IsUngivable": false,
		"IsLockedafterEquip": false,
		"QuestItem": false,
		"LootExperience": 20,
		"ExamineExperience": 4,
		"HideEntrails": false,
		"RepairCost": 90,
		"RepairSpeed": 10,
		"ExtraSizeLeft": 0,
		"ExtraSizeRight": 0,
		"ExtraSizeUp": 0,
		"ExtraSizeDown": 0,
		"ExtraSizeForceAdd": false,
		"MergesWithChildren": true,
		"CanSellOnRagfair": true,
		"CanRequireOnRagfair": true,
		"BannedFromRagfair": false,
		"ConflictingItems": [],
		"FixedPrice": false,
		"Unlootable": false,
		"UnlootableFromSlot": "FirstPrimaryWeapon",
		"UnlootableFromSide": [],
		"ChangePriceCoef": 1,
		"AllowSpawnOnLocations": [],
		"SendToClient": false,
		"AnimationVariantsNumber": 0,
		"DiscardingBlock": false,
		"Grids": [],
		"Slots": [],
		"CanPutIntoDuringTheRaid": true,
		"CantRemoveFromSlotsDuringRaid": [],
		"BlocksEarpiece": true,
		"BlocksEyewear": true,
		"BlocksHeadwear": false,
		"BlocksFaceCover": false,
		"Durability": 65,
		"MaxDurability": 65,
		"armorClass": "2",
		"speedPenaltyPercent": 0,
		"mousePenalty": 0.0,
		"weaponErgonomicPenalty": -14,
		"armorZone": [
			"Head"
		],
		"Indestructibility": 0.9,
		"headSegments": [
			"Top",
			"Nape",
			"Ears"
		],
		"FaceShieldComponent": true,
		"FaceShieldMask": "NoMask",
		"HasHinge": true,
		"MaterialType": "Helmet",
		"RicochetParams": {
			"x": 0.2,
			"y": 0.01,
			"z": 60
		},
		"DeafStrength": "High",
		"BluntThroughput": 0.35,
		"ArmorMaterial": "Aramid"
	},
	"_proto": "5645bc214bdc2d363b8b4571"
}