{
	"_id": "5c0e842486f77443a74d2976",
	"_name": "item_equipment_helmet_maska_1sh_shield_killa",
	"_parent": "57bef4c42459772e8d35a53b",
	"_type": "Item",
	"_props": {
		"Name": "item_equipment_helmet_maska_1sh_shield",
		"ShortName": "item_equipment_helmet_maska_1sh_shield",
		"Description": "item_equipment_helmet_maska_1sh_shield",
		"Weight": 1.1,
		"BackgroundColor": "default",
		"Width": 2,
		"Height": 1,
		"StackMaxSize": 1,
		"Rarity": "Not_exist",
		"SpawnChance": 50,
		"CreditsPrice": 61800,
		"ItemSound": "gear_goggles",
		"Prefab": {
			"path": "assets/content/items/equipment/helmet_maska_1sh_shield/item_equipment_helmet_maska_1sh_shield_killa.bundle",
			"rcid": ""
		},
		"UsePrefab": {
			"path": "",
			"rcid": ""
		},
		"StackObjectsCount": 1,
		"NotShownInSlot": false,
		"ExaminedByDefault": false,
		"ExamineTime": 0.1,
		"IsUndiscardable": false,
		"IsUnsaleable": false,
		"IsUnbuyable": false,
		"IsUngivable": false,
		"IsLockedafterEquip": false,
		"QuestItem": false,
		"LootExperience": 20,
		"ExamineExperience": 10,
		"HideEntrails": false,
		"RepairCost": 120,
		"RepairSpeed": 0,
		"ExtraSizeLeft": 0,
		"ExtraSizeRight": 0,
		"ExtraSizeUp": 0,
		"ExtraSizeDown": 0,
		"ExtraSizeForceAdd": false,
		"MergesWithChildren": false,
		"CanSellOnRagfair": true,
		"CanRequireOnRagfair": true,
		"BannedFromRagfair": false,
		"ConflictingItems": [],
		"FixedPrice": false,
		"Unlootable": false,
		"UnlootableFromSlot": "FirstPrimaryWeapon",
		"UnlootableFromSide": [],
		"ChangePriceCoef": 1,
		"AllowSpawnOnLocations": [],
		"SendToClient": false,
		"AnimationVariantsNumber": 0,
		"DiscardingBlock": false,
		"Grids": [],
		"Slots": [],
		"CanPutIntoDuringTheRaid": true,
		"CantRemoveFromSlotsDuringRaid": [],
		"BlocksEarpiece": false,
		"BlocksEyewear": true,
		"BlocksHeadwear": false,
		"BlocksFaceCover": false,
		"Durability": 50,
		"MaxDurability": 50,
		"armorClass": "6",
		"speedPenaltyPercent": 0,
		"mousePenalty": 0.0,
		"weaponErgonomicPenalty": -19,
		"armorZone": [
			"Head"
		],
		"Indestructibility": 0.9,
		"headSegments": [
			"Eyes",
			"Jaws"
		],
		"FaceShieldComponent": true,
		"FaceShieldMask": "Narrow",
		"HasHinge": true,
		"MaterialType": "Helmet",
		"RicochetParams": {
			"x": 0.8,
			"y": 0.3,
			"z": 70
		},
		"DeafStrength": "None",
		"BluntThroughput": 0.35,
		"ArmorMaterial": "ArmoredSteel"
	},
	"_proto": "557ff21e4bdc2d89578b4586"
}