{
	"_id": "5c0e874186f7745dc7616606",
	"_name": "item_equipment_helmet_maska_1sh_killa",
	"_parent": "5a341c4086f77401f2541505",
	"_type": "Item",
	"_props": {
		"Name": "item_equipment_helmet_maska_1sh",
		"ShortName": "item_equipment_helmet_maska_1sh",
		"Description": "item_equipment_helmet_maska_1sh",
		"Weight": 2.6,
		"BackgroundColor": "default",
		"Width": 2,
		"Height": 2,
		"StackMaxSize": 1,
		"Rarity": "Not_exist",
		"SpawnChance": 2,
		"CreditsPrice": 82917,
		"ItemSound": "gear_helmet",
		"Prefab": {
			"path": "assets/content/items/equipment/helmet_maska_1sh/item_equipment_helmet_maska_1sh_killa.bundle",
			"rcid": ""
		},
		"UsePrefab": {
			"path": "",
			"rcid": ""
		},
		"StackObjectsCount": 1,
		"NotShownInSlot": false,
		"ExaminedByDefault": false,
		"ExamineTime": 0.1,
		"IsUndiscardable": false,
		"IsUnsaleable": false,
		"IsUnbuyable": false,
		"IsUngivable": false,
		"IsLockedafterEquip": false,
		"QuestItem": false,
		"LootExperience": 20,
		"ExamineExperience": 4,
		"HideEntrails": false,
		"RepairCost": 720,
		"RepairSpeed": 10,
		"ExtraSizeLeft": 0,
		"ExtraSizeRight": 0,
		"ExtraSizeUp": 0,
		"ExtraSizeDown": 0,
		"ExtraSizeForceAdd": false,
		"MergesWithChildren": true,
		"CanSellOnRagfair": true,
		"CanRequireOnRagfair": true,
		"BannedFromRagfair": false,
		"ConflictingItems": [],
		"FixedPrice": false,
		"Unlootable": false,
		"UnlootableFromSlot": "FirstPrimaryWeapon",
		"UnlootableFromSide": [],
		"ChangePriceCoef": 1,
		"AllowSpawnOnLocations": [],
		"SendToClient": false,
		"AnimationVariantsNumber": 0,
		"DiscardingBlock": false,
		"Grids": [],
		"Slots": [
			{
				"_name": "mod_equipment",
				"_id": "5c0e874186f7745dc7616608",
				"_parent": "5c0e874186f7745dc7616606",
				"_props": {
					"filters": [
						{
							"Shift": 0,
							"Filter": [
								"5c0919b50db834001b7ce3b9",
								"5c0e842486f77443a74d2976"
							]
						}
					]
				},
				"_required": false,
				"_mergeSlotWithChildren": false,
				"_proto": "55d30c4c4bdc2db4468b457e"
			}
		],
		"CanPutIntoDuringTheRaid": true,
		"CantRemoveFromSlotsDuringRaid": [],
		"BlocksEarpiece": true,
		"BlocksEyewear": false,
		"BlocksHeadwear": false,
		"BlocksFaceCover": false,
		"Durability": 60,
		"MaxDurability": 60,
		"armorClass": "4",
		"speedPenaltyPercent": -3,
		"mousePenalty": 0.0,
		"weaponErgonomicPenalty": -7,
		"armorZone": [
			"Head"
		],
		"Indestructibility": 0.9,
		"headSegments": [
			"Top",
			"Nape",
			"Ears"
		],
		"FaceShieldComponent": false,
		"FaceShieldMask": "NoMask",
		"HasHinge": false,
		"MaterialType": "Helmet",
		"RicochetParams": {
			"x": 0.8,
			"y": 0.3,
			"z": 80
		},
		"DeafStrength": "High",
		"BluntThroughput": 0.35,
		"ArmorMaterial": "ArmoredSteel"
	},
	"_proto": "5645bc214bdc2d363b8b4571"
}