{
	"_id": "5d6d3716a4b9361bc8618872",
	"_name": "item_equipment_helmet_lshz2dtm",
	"_parent": "5a341c4086f77401f2541505",
	"_type": "Item",
	"_props": {
		"Name": "item_equipment_helmet_lshz2dtm",
		"ShortName": "item_equipment_helmet_lshz2dtm",
		"Description": "item_equipment_helmet_lshz2dtm",
		"Weight": 3.4,
		"BackgroundColor": "default",
		"Width": 2,
		"Height": 2,
		"StackMaxSize": 1,
		"Rarity": "Superrare",
		"SpawnChance": 1,
		"CreditsPrice": 106381,
		"ItemSound": "gear_helmet",
		"Prefab": {
			"path": "assets/content/items/equipment/helmet_lshz2dtm/item_equipment_helmet_lshz2dtm.bundle",
			"rcid": ""
		},
		"UsePrefab": {
			"path": "",
			"rcid": ""
		},
		"StackObjectsCount": 1,
		"NotShownInSlot": false,
		"ExaminedByDefault": false,
		"ExamineTime": 0.1,
		"IsUndiscardable": false,
		"IsUnsaleable": false,
		"IsUnbuyable": false,
		"IsUngivable": false,
		"IsLockedafterEquip": false,
		"QuestItem": false,
		"LootExperience": 20,
		"ExamineExperience": 4,
		"HideEntrails": false,
		"RepairCost": 1020,
		"RepairSpeed": 10,
		"ExtraSizeLeft": 0,
		"ExtraSizeRight": 0,
		"ExtraSizeUp": 0,
		"ExtraSizeDown": 0,
		"ExtraSizeForceAdd": false,
		"MergesWithChildren": true,
		"CanSellOnRagfair": true,
		"CanRequireOnRagfair": true,
		"BannedFromRagfair": false,
		"ConflictingItems": [],
		"FixedPrice": false,
		"Unlootable": false,
		"UnlootableFromSlot": "FirstPrimaryWeapon",
		"UnlootableFromSide": [],
		"ChangePriceCoef": 1,
		"AllowSpawnOnLocations": [],
		"SendToClient": false,
		"AnimationVariantsNumber": 0,
		"DiscardingBlock": false,
		"Grids": [],
		"Slots": [
			{
				"_name": "mod_equipment_000",
				"_id": "5d6d3716a4b9361bc8618874",
				"_parent": "5d6d3716a4b9361bc8618872",
				"_props": {
					"filters": [
						{
							"Shift": 0,
							"Filter": [
								"5d6d3829a4b9361bc8618943"
							]
						}
					]
				},
				"_required": false,
				"_mergeSlotWithChildren": false,
				"_proto": "55d30c4c4bdc2db4468b457e"
			},
			{
				"_name": "mod_nvg",
				"_id": "5d6d3716a4b9361bc8618875",
				"_parent": "5d6d3716a4b9361bc8618872",
				"_props": {
					"filters": [
						{
							"Shift": 0,
							"Filter": [
								"5c0558060db834001b735271",
								"5a16b8a9fcdbcb00165aa6ca"
							]
						}
					]
				},
				"_required": false,
				"_mergeSlotWithChildren": false,
				"_proto": "55d30c4c4bdc2db4468b457e"
			},
			{
				"_name": "mod_mount",
				"_id": "5d6d3716a4b9361bc8618876",
				"_parent": "5d6d3716a4b9361bc8618872",
				"_props": {
					"filters": [
						{
							"Shift": 0,
							"Filter": [
								"5a398b75c4a282000a51a266",
								"5a398ab9c4a282000c5a9842"
							]
						}
					]
				},
				"_required": false,
				"_mergeSlotWithChildren": false,
				"_proto": "55d30c4c4bdc2db4468b457e"
			},
			{
				"_name": "mod_equipment_001",
				"_id": "5d6d3716a4b9361bc8618877",
				"_parent": "5d6d3716a4b9361bc8618872",
				"_props": {
					"filters": [
						{
							"Shift": 0,
							"Filter": [
								"5d6d3be5a4b9361bc73bc763"
							]
						}
					]
				},
				"_required": false,
				"_mergeSlotWithChildren": false,
				"_proto": "55d30c4c4bdc2db4468b457e"
			},
			{
				"_name": "mod_equipment_002",
				"_id": "5d6d3716a4b9361bc8618878",
				"_parent": "5d6d3716a4b9361bc8618872",
				"_props": {
					"filters": [
						{
							"Shift": 0,
							"Filter": [
								"5d6d3943a4b9360dbc46d0cc"
							]
						}
					]
				},
				"_required": false,
				"_mergeSlotWithChildren": false,
				"_proto": "55d30c4c4bdc2db4468b457e"
			}
		],
		"CanPutIntoDuringTheRaid": true,
		"CantRemoveFromSlotsDuringRaid": [],
		"BlocksEarpiece": true,
		"BlocksEyewear": false,
		"BlocksHeadwear": true,
		"BlocksFaceCover": false,
		"Durability": 55,
		"MaxDurability": 55,
		"armorClass": "4",
		"speedPenaltyPercent": -3,
		"mousePenalty": 0.0,
		"weaponErgonomicPenalty": -10,
		"armorZone": [
			"Head"
		],
		"Indestructibility": 0.9,
		"headSegments": [
			"Top",
			"Nape",
			"Ears"
		],
		"FaceShieldComponent": false,
		"FaceShieldMask": "NoMask",
		"HasHinge": false,
		"MaterialType": "Helmet",
		"RicochetParams": {
			"x": 0.9,
			"y": 0.5,
			"z": 70
		},
		"DeafStrength": "High",
		"BluntThroughput": 0.35,
		"ArmorMaterial": "Combined"
	},
	"_proto": "5645bc214bdc2d363b8b4571"
}