{
	"_id": "5df8a58286f77412631087ed",
	"_name": "helmet_crew",
	"_parent": "5a341c4086f77401f2541505",
	"_type": "Item",
	"_props": {
		"Name": "helmet_un",
		"ShortName": "helmet_un",
		"Description": "helmet_un",
		"Weight": 0.9,
		"BackgroundColor": "default",
		"Width": 2,
		"Height": 2,
		"StackMaxSize": 1,
		"Rarity": "Rare",
		"SpawnChance": 2,
		"CreditsPrice": 11999,
		"ItemSound": "gear_helmet",
		"Prefab": {
			"path": "assets/content/items/equipment/helmet_tsh_4m2/item_equipment_helmet_tsh_4m2.bundle",
			"rcid": ""
		},
		"UsePrefab": {
			"path": "",
			"rcid": ""
		},
		"StackObjectsCount": 1,
		"NotShownInSlot": false,
		"ExaminedByDefault": false,
		"ExamineTime": 0.1,
		"IsUndiscardable": false,
		"IsUnsaleable": false,
		"IsUnbuyable": false,
		"IsUngivable": false,
		"IsLockedafterEquip": false,
		"QuestItem": false,
		"LootExperience": 20,
		"ExamineExperience": 4,
		"HideEntrails": false,
		"RepairCost": 40,
		"RepairSpeed": 10,
		"ExtraSizeLeft": 0,
		"ExtraSizeRight": 0,
		"ExtraSizeUp": 0,
		"ExtraSizeDown": 0,
		"ExtraSizeForceAdd": false,
		"MergesWithChildren": false,
		"CanSellOnRagfair": true,
		"CanRequireOnRagfair": true,
		"BannedFromRagfair": false,
		"ConflictingItems": [
			"5c1a1e3f2e221602b66cc4c2",
			"5bd071d786f7747e707b93a3",
			"5bd0716d86f774171822ef4b",
			"5b4326435acfc433000ed01d",
			"5b432b2f5acfc4771e1c6622",
			"5b4325355acfc40019478126",
			"5ab8f85d86f7745cd93a1cf5"
		],
		"FixedPrice": false,
		"Unlootable": false,
		"UnlootableFromSlot": "FirstPrimaryWeapon",
		"UnlootableFromSide": [],
		"ChangePriceCoef": 1,
		"AllowSpawnOnLocations": [],
		"SendToClient": false,
		"AnimationVariantsNumber": 0,
		"DiscardingBlock": false,
		"Grids": [],
		"Slots": [],
		"CanPutIntoDuringTheRaid": true,
		"CantRemoveFromSlotsDuringRaid": [],
		"BlocksEarpiece": true,
		"BlocksEyewear": false,
		"BlocksHeadwear": false,
		"BlocksFaceCover": false,
		"Durability": 100,
		"MaxDurability": 100,
		"armorClass": "1",
		"speedPenaltyPercent": 0,
		"mousePenalty": 0.0,
		"weaponErgonomicPenalty": 0,
		"armorZone": [
			"Head"
		],
		"Indestructibility": 0.9,
		"headSegments": [
			"Top",
			"Nape",
			"Ears"
		],
		"FaceShieldComponent": false,
		"FaceShieldMask": "NoMask",
		"HasHinge": false,
		"MaterialType": "Helmet",
		"RicochetParams": {
			"x": 0.9,
			"y": 0.4,
			"z": 75
		},
		"DeafStrength": "Low",
		"BluntThroughput": 0.35,
		"ArmorMaterial": "Aramid"
	},
	"_proto": "5645bc214bdc2d363b8b4571"
}