{
	"_id": "5e00c1ad86f774747333222c",
	"_name": "item_equipment_helmet_team_wendy_exfil",
	"_parent": "5a341c4086f77401f2541505",
	"_type": "Item",
	"_props": {
		"Name": "item_equipment_helmet_team_wendy_exfil",
		"ShortName": "item_equipment_helmet_team_wendy_exfil",
		"Description": "item_equipment_helmet_team_wendy_exfil",
		"Weight": 1.18,
		"BackgroundColor": "default",
		"Width": 2,
		"Height": 2,
		"StackMaxSize": 1,
		"Rarity": "Superrare",
		"SpawnChance": 1,
		"CreditsPrice": 301961,
		"ItemSound": "gear_helmet",
		"Prefab": {
			"path": "assets/content/items/equipment/helmet_team_wendy_exfil/item_equipment_helmet_team_wendy_exfil_black.bundle",
			"rcid": ""
		},
		"UsePrefab": {
			"path": "",
			"rcid": ""
		},
		"StackObjectsCount": 1,
		"NotShownInSlot": false,
		"ExaminedByDefault": false,
		"ExamineTime": 0.1,
		"IsUndiscardable": false,
		"IsUnsaleable": false,
		"IsUnbuyable": false,
		"IsUngivable": false,
		"IsLockedafterEquip": false,
		"QuestItem": false,
		"LootExperience": 20,
		"ExamineExperience": 4,
		"HideEntrails": false,
		"RepairCost": 867,
		"RepairSpeed": 10,
		"ExtraSizeLeft": 0,
		"ExtraSizeRight": 0,
		"ExtraSizeUp": 0,
		"ExtraSizeDown": 0,
		"ExtraSizeForceAdd": false,
		"MergesWithChildren": true,
		"CanSellOnRagfair": true,
		"CanRequireOnRagfair": true,
		"BannedFromRagfair": false,
		"ConflictingItems": [],
		"FixedPrice": false,
		"Unlootable": false,
		"UnlootableFromSlot": "FirstPrimaryWeapon",
		"UnlootableFromSide": [],
		"ChangePriceCoef": 1,
		"AllowSpawnOnLocations": [],
		"SendToClient": false,
		"AnimationVariantsNumber": 0,
		"DiscardingBlock": false,
		"Grids": [],
		"Slots": [
			{
				"_name": "mod_equipment_000",
				"_id": "5e00c1ad86f774747333222e",
				"_parent": "5e00c1ad86f774747333222c",
				"_props": {
					"filters": [
						{
							"Shift": 0,
							"Filter": [
								"5e00cfa786f77469dc6e5685",
								"5e01f31d86f77465cf261343"
							]
						}
					]
				},
				"_required": false,
				"_mergeSlotWithChildren": false,
				"_proto": "55d30c4c4bdc2db4468b457e"
			},
			{
				"_name": "mod_nvg",
				"_id": "5e00c1ad86f774747333222f",
				"_parent": "5e00c1ad86f774747333222c",
				"_props": {
					"filters": [
						{
							"Shift": 0,
							"Filter": [
								"5c0558060db834001b735271",
								"5a16b8a9fcdbcb00165aa6ca"
							]
						}
					]
				},
				"_required": false,
				"_mergeSlotWithChildren": false,
				"_proto": "55d30c4c4bdc2db4468b457e"
			},
			{
				"_name": "mod_equipment_001",
				"_id": "5e00c1ad86f7747473332231",
				"_parent": "5e00c1ad86f774747333222c",
				"_props": {
					"filters": [
						{
							"Shift": 0,
							"Filter": [
								"5e00cdd986f7747473332240",
								"5e01f37686f774773c6f6c15"
							]
						}
					]
				},
				"_required": false,
				"_mergeSlotWithChildren": false,
				"_proto": "55d30c4c4bdc2db4468b457e"
			}
		],
		"CanPutIntoDuringTheRaid": true,
		"CantRemoveFromSlotsDuringRaid": [],
		"BlocksEarpiece": false,
		"BlocksEyewear": false,
		"BlocksHeadwear": false,
		"BlocksFaceCover": false,
		"Durability": 45,
		"MaxDurability": 45,
		"armorClass": "4",
		"speedPenaltyPercent": -1,
		"mousePenalty": 0.0,
		"weaponErgonomicPenalty": -4,
		"armorZone": [
			"Head"
		],
		"Indestructibility": 0.9,
		"headSegments": [
			"Top",
			"Nape"
		],
		"FaceShieldComponent": false,
		"FaceShieldMask": "NoMask",
		"HasHinge": false,
		"MaterialType": "Helmet",
		"RicochetParams": {
			"x": 0.9,
			"y": 0.5,
			"z": 65
		},
		"DeafStrength": "None",
		"BluntThroughput": 0.35,
		"ArmorMaterial": "Combined"
	},
	"_proto": "5645bc214bdc2d363b8b4571"
}