{
    "_id": "__REPLACEME__",
    "aid": "__REPLACEME__",
    "savage": "__REPLACEME__",
    "Info": {
        "Nickname": "__REPLACEME__",
        "LowerNickname": "__REPLACEME__",
        "Side": "Usec",
        "Voice": "Usec_1",
        "Level": 69,
		"Experience": 13131115,
        "RegistrationDate": 1577890800,
        "GameVersion": "edge_of_darkness",
        "AccountType": 2,
        "MemberCategory": "UniqueId",
        "lockedMoveCommands": false,
        "SavageLockTime": 0,
        "LastTimePlayedAsSavage": 0,
        "Settings": {
            "Role": "assault",
            "BotDifficulty": "easy",
            "Experience": -1
        },
        "NeedWipe": false,
        "GlobalWipe": false,
        "NicknameChangeDate": 0,
        "Bans": []
    },
    "Customization": {
        "Head": "5cde96047d6c8b20b577f016",
        "Body": "5cde95d97d6c8b647a3769b0",
        "Feet": "5cde95ef7d6c8b04713c4f2d",
        "Hands": "5cde95fa7d6c8b04737c2d13"
    },
    "Health": {
        "Hydration": {
            "Current": 100,
            "Maximum": 100
        },
        "Energy": {
            "Current": 100,
            "Maximum": 100
        },
        "BodyParts": {
            "Head": {
                "Health": {
                    "Current": 35,
                    "Maximum": 35
                }
            },
            "Chest": {
                "Health": {
                    "Current": 80,
                    "Maximum": 80
                }
            },
            "Stomach": {
                "Health": {
                    "Current": 70,
                    "Maximum": 70
                }
            },
            "LeftArm": {
                "Health": {
                    "Current": 60,
                    "Maximum": 60
                }
            },
            "RightArm": {
                "Health": {
                    "Current": 60,
                    "Maximum": 60
                }
            },
            "LeftLeg": {
                "Health": {
                    "Current": 65,
                    "Maximum": 65
                }
            },
            "RightLeg": {
                "Health": {
                    "Current": 65,
                    "Maximum": 65
                }
            }
        },
        "UpdateTime": 1576516011
    },
    "Inventory": {
		"items": [
			{
				"_id": "5df7b9abef12bf7a252437a1",
				"_tpl": "55d7217a4bdc2d86028b456d"
			},
			{
				"_id": "5df7b9abef12bf7a252437a0",
				"_tpl": "557ffd194bdc2d28148b457f",
				"parentId": "5df7b9abef12bf7a252437a1",
				"slotId": "Pockets"
			},
			{
				"_id": "5df7b9abef12bf7a2524385f",
				"_tpl": "5811ce772459770e9e5f9532"
			},
			{
				"_id": "5df7b9abef12bf7a252437c2",
				"_tpl": "5449016a4bdc2d6f028b456f",
				"parentId": "5df7b9abef12bf7a2524385f",
				"slotId": "hideout",
				"location": {
					"x": 7,
					"y": 0,
					"r": "Horizontal",
					"isSearched": true
				},
				"upd": {
					"StackObjectsCount": 999999999
				}
			},
			{
				"_id": "5df7b9abef12bf7a252437ec",
				"_tpl": "5696686a4bdc2da3298b456a",
				"parentId": "5df7b9abef12bf7a2524385f",
				"slotId": "hideout",
				"location": {
					"x": 8,
					"y": 0,
					"r": "Horizontal",
					"isSearched": true
				},
				"upd": {
					"StackObjectsCount": 999999999
				}
			},
			{
				"_id": "5df7b9abef12bf7a252437fc",
				"_tpl": "569668774bdc2da2298b4568",
				"parentId": "5df7b9abef12bf7a2524385f",
				"slotId": "hideout",
				"location": {
					"x": 9,
					"y": 0,
					"r": "Horizontal",
					"isSearched": true
				},
				"upd": {
					"StackObjectsCount": 999999999
				}
			},
			{
				"_id": "5df7b9abef12bf7a25243861",
				"_tpl": "5963866b86f7747bfa1c4462"
			},
			{
				"_id": "5df7b9abef12bf7a25243860",
				"_tpl": "5963866286f7747bf429b572"
			}
		],
		"equipment": "5df7b9abef12bf7a252437a1",
		"stash": "5df7b9abef12bf7a2524385f",
		"questRaidItems": "5df7b9abef12bf7a25243860",
		"questStashItems": "5df7b9abef12bf7a25243861",
		"fastPanel": {}
	},
    "Skills": {
		"Common": [
			{
				"Id": "BotReload",
				"Progress": 0,
				"MaxAchieved": 0,
				"LastAccess": -2147483648
			},
			{
				"Id": "Endurance",
				"Progress": 5100,
				"MaxAchieved": 0,
				"LastAccess": 0
			},
			{
				"Id": "Strength",
				"Progress": 5100,
				"MaxAchieved": 0,
				"LastAccess": 0
			},
			{
				"Id": "Vitality",
				"Progress": 5100,
				"MaxAchieved": 0,
				"LastAccess": 0
			},
			{
				"Id": "Health",
				"Progress": 5100,
				"MaxAchieved": 0,
				"LastAccess": 0
			},
			{
				"Id": "StressResistance",
				"Progress": 5100,
				"MaxAchieved": 0,
				"LastAccess": 0
			},
			{
				"Id": "Metabolism",
				"Progress": 5100,
				"MaxAchieved": 0,
				"LastAccess": 0
			},
			{
				"Id": "Immunity",
				"Progress": 5100,
				"MaxAchieved": 0,
				"LastAccess": 0
			},
			{
				"Id": "Perception",
				"Progress": 5100,
				"MaxAchieved": 0,
				"LastAccess": 0
			},
			{
				"Id": "Intellect",
				"Progress": 5100,
				"MaxAchieved": 0,
				"LastAccess": 0
			},
			{
				"Id": "Attention",
				"Progress": 5100,
				"MaxAchieved": 0,
				"LastAccess": 0
			},
			{
				"Id": "Charisma",
				"Progress": 5100,
				"MaxAchieved": 0,
				"LastAccess": 0
			},
			{
				"Id": "Memory",
				"Progress": 5100,
				"MaxAchieved": 0,
				"LastAccess": 0
			},
			{
				"Id": "Pistol",
				"Progress": 5100,
				"MaxAchieved": 0,
				"LastAccess": 0
			},
			{
				"Id": "Revolver",
				"Progress": 5100,
				"MaxAchieved": 0,
				"LastAccess": 0
			},
			{
				"Id": "SMG",
				"Progress": 5100,
				"MaxAchieved": 0,
				"LastAccess": 0
			},
			{
				"Id": "Assault",
				"Progress": 5100,
				"MaxAchieved": 0,
				"LastAccess": 0
			},
			{
				"Id": "Shotgun",
				"Progress": 5100,
				"MaxAchieved": 0,
				"LastAccess": 0
			},
			{
				"Id": "Sniper",
				"Progress": 5100,
				"MaxAchieved": 0,
				"LastAccess": 0
			},
			{
				"Id": "LMG",
				"Progress": 5100,
				"MaxAchieved": 0,
				"LastAccess": 0
			},
			{
				"Id": "HMG",
				"Progress": 5100,
				"MaxAchieved": 0,
				"LastAccess": 0
			},
			{
				"Id": "Launcher",
				"Progress": 5100,
				"MaxAchieved": 0,
				"LastAccess": 0
			},
			{
				"Id": "AttachedLauncher",
				"Progress": 5100,
				"MaxAchieved": 0,
				"LastAccess": 0
			},
			{
				"Id": "Throwing",
				"Progress": 5100,
				"MaxAchieved": 0,
				"LastAccess": 0
			},
			{
				"Id": "Melee",
				"Progress": 5100,
				"MaxAchieved": 0,
				"LastAccess": 0
			},
			{
				"Id": "DMR",
				"Progress": 5100,
				"MaxAchieved": 0,
				"LastAccess": 0
			},
			{
				"Id": "RecoilControl",
				"Progress": 5100,
				"MaxAchieved": 0,
				"LastAccess": 0
			},
			{
				"Id": "CovertMovement",
				"Progress": 5100,
				"MaxAchieved": 0,
				"LastAccess": 0
			},
			{
				"Id": "FieldMedicine",
				"Progress": 5100,
				"MaxAchieved": 0,
				"LastAccess": 0
			},
			{
				"Id": "Search",
				"Progress": 5100,
				"MaxAchieved": 0,
				"LastAccess": 0
			},
			{
				"Id": "MagDrills",
				"Progress": 5100,
				"MaxAchieved": 0,
				"LastAccess": 0
			},
			{
				"Id": "Sniping",
				"Progress": 5100,
				"MaxAchieved": 0,
				"LastAccess": 0
			},
			{
				"Id": "ProneMovement",
				"Progress": 5100,
				"MaxAchieved": 0,
				"LastAccess": 0
			},
			{
				"Id": "FirstAid",
				"Progress": 5100,
				"MaxAchieved": 0,
				"LastAccess": 0
			},
			{
				"Id": "LightVests",
				"Progress": 5100,
				"MaxAchieved": 0,
				"LastAccess": 0
			},
			{
				"Id": "HeavyVests",
				"Progress": 5100,
				"MaxAchieved": 0,
				"LastAccess": 0
			},
			{
				"Id": "WeaponModding",
				"Progress": 5100,
				"MaxAchieved": 0,
				"LastAccess": 0
			},
			{
				"Id": "AdvancedModding",
				"Progress": 5100,
				"MaxAchieved": 0,
				"LastAccess": 0
			},
			{
				"Id": "NightOps",
				"Progress": 5100,
				"MaxAchieved": 0,
				"LastAccess": 0
			},
			{
				"Id": "SilentOps",
				"Progress": 5100,
				"MaxAchieved": 0,
				"LastAccess": 0
			},
			{
				"Id": "Lockpicking",
				"Progress": 5100,
				"MaxAchieved": 0,
				"LastAccess": 0
			},
			{
				"Id": "WeaponTreatment",
				"Progress": 5100,
				"MaxAchieved": 0,
				"LastAccess": 0
			},
			{
				"Id": "Freetrading",
				"Progress": 5100,
				"MaxAchieved": 0,
				"LastAccess": 0
			},
			{
				"Id": "Auctions",
				"Progress": 5100,
				"MaxAchieved": 0,
				"LastAccess": 0
			},
			{
				"Id": "Cleanoperations",
				"Progress": 5100,
				"MaxAchieved": 0,
				"LastAccess": 0
			},
			{
				"Id": "Barter",
				"Progress": 5100,
				"MaxAchieved": 0,
				"LastAccess": 0
			},
			{
				"Id": "Shadowconnections",
				"Progress": 5100,
				"MaxAchieved": 0,
				"LastAccess": 0
			},
			{
				"Id": "Taskperformance",
				"Progress": 5100,
				"MaxAchieved": 0,
				"LastAccess": 0
			}
		],
		"Mastering": [
			{
				"Id": "MP5",
				"Progress": 5100
			},
			{
				"Id": "AKSU",
				"Progress": 5100
			},
			{
				"Id": "MPX",
				"Progress": 5100
			},
			{
				"Id": "PB",
				"Progress": 5100
			},
			{
				"Id": "PM",
				"Progress": 5100
			},
			{
				"Id": "TT",
				"Progress": 5100
			},
			{
				"Id": "P226",
				"Progress": 5100
			},
			{
				"Id": "VSS",
				"Progress": 5100
			},
			{
				"Id": "AKM",
				"Progress": 5100
			},
			{
				"Id": "AK74",
				"Progress": 5100
			},
			{
				"Id": "M4",
				"Progress": 5100
			},
			{
				"Id": "MDR",
				"Progress": 5100
			},
			{
				"Id": "ASH12",
				"Progress": 5100
			},
			{
				"Id": "SA-58",
				"Progress": 5100
			},
			{
				"Id": "SKS",
				"Progress": 5100
			},
			{
				"Id": "PP-91",
				"Progress": 5100
			},
			{
				"Id": "VPO101",
				"Progress": 5100
			},
			{
				"Id": "P90",
				"Progress": 5100
			},
			{
				"Id": "mp7",
				"Progress": 5100
			},
			{
				"Id": "PP19",
				"Progress": 5100
			},
			{
				"Id": "PP-9",
				"Progress": 5100
			},
			{
				"Id": "SAIGA",
				"Progress": 5100
			},
			{
				"Id": "R11SRASS",
				"Progress": 5100
			},
			{
				"Id": "mosin",
				"Progress": 5100
			},
			{
				"Id": "M1A",
				"Progress": 5100
			},
			{
				"Id": "SVD",
				"Progress": 5100
			},
			{
				"Id": "APS",
				"Progress": 5100
			},
			{
				"Id": "sr1mp",
				"Progress": 5100
			},
			{
				"Id": "m9",
				"Progress": 5100
			},
			{
				"Id": "57",
				"Progress": 5100
			},
			{
				"Id": "MP443",
				"Progress": 5100
			},
			{
				"Id": "GLOCK17",
				"Progress": 5100
			},
			{
				"Id": "SV98",
				"Progress": 5100
			},
			{
				"Id": "r700",
				"Progress": 5100
			},
			{
				"Id": "DVL",
				"Progress": 5100
			},
			{
				"Id": "TOZ106",
				"Progress": 5100
			},
			{
				"Id": "MP133",
				"Progress": 5100
			},
			{
				"Id": "M870",
				"Progress": 5100
			},
			{
				"Id": "MP153",
				"Progress": 5100
			},
			{
				"Id": "MP9",
				"Progress": 5100
			},
			{
				"Id": "VPO_215",
				"Progress": 5100
			},
			{
				"Id": "T5000",
				"Progress": 5100
			},
			{
				"Id": "SR25",
				"Progress": 5100
			}
		],
		"Points": 0
	},
    "Stats": {
        "SessionCounters": null,
        "OverallCounters": {
            "Items": []
        },
        "SessionExperienceMult": 0,
        "ExperienceBonusMult": 0,
        "TotalSessionExperience": 0,
        "LastSessionDate": 0,
        "Aggressor": null,
        "DroppedItems": [],
        "FoundInRaidItems": [],
        "Victims": [],
        "CarriedQuestItems": [],
        "TotalInGameTime": 0,
        "SurvivorClass": "Unknown"
    },
    "Encyclopedia": {},
    "ConditionCounters": {
        "Counters": []
    },
    "BackendCounters": {},
    "InsuredItems": [],
    "Hideout": {
		"Production": {},
		"Areas": [
			{
				"type": 3,
				"level": 4,
				"active": true,
				"passiveBonusesEnabled": true,
				"completeTime": 0,
				"constructing": false,
				"slots": []
			},
			{
				"type": 0,
				"level": 3,
				"active": true,
				"passiveBonusesEnabled": true,
				"completeTime": 0,
				"constructing": false,
				"slots": []
			},
			{
				"type": 1,
				"level": 3,
				"active": true,
				"passiveBonusesEnabled": true,
				"completeTime": 0,
				"constructing": false,
				"slots": []
			},
			{
				"type": 2,
				"level": 3,
				"active": true,
				"passiveBonusesEnabled": true,
				"completeTime": 0,
				"constructing": false,
				"slots": []
			},
			{
				"type": 4,
				"level": 3,
				"active": true,
				"passiveBonusesEnabled": true,
				"completeTime": 0,
				"constructing": false,
				"slots": [
					{
						"item": [
							{
								"_id": "I12223223952796404850LtD",
								"_tpl": "5d1b36a186f7742523398433",
								"upd": {
									"StackObjectsCount": 1
								}
							}
						]
					}
				]
			},
			{
				"type": 5,
				"level": 3,
				"active": true,
				"passiveBonusesEnabled": true,
				"completeTime": 0,
				"constructing": false,
				"slots": []
			},
			{
				"type": 6,
				"level": 3,
				"active": true,
				"passiveBonusesEnabled": true,
				"completeTime": 0,
				"constructing": false,
				"slots": []
			},
			{
				"type": 7,
				"level": 3,
				"active": true,
				"passiveBonusesEnabled": true,
				"completeTime": 0,
				"constructing": false,
				"slots": []
			},
			{
				"type": 8,
				"level": 3,
				"active": true,
				"passiveBonusesEnabled": true,
				"completeTime": 0,
				"constructing": false,
				"slots": []
			},
			{
				"type": 9,
				"level": 3,
				"active": true,
				"passiveBonusesEnabled": true,
				"completeTime": 0,
				"constructing": false,
				"slots": []
			},
			{
				"type": 10,
				"level": 3,
				"active": true,
				"passiveBonusesEnabled": true,
				"completeTime": 0,
				"constructing": false,
				"slots": []
			},
			{
				"type": 11,
				"level": 3,
				"active": true,
				"passiveBonusesEnabled": true,
				"completeTime": 0,
				"constructing": false,
				"slots": []
			},
			{
				"type": 12,
				"level": 1,
				"active": true,
				"passiveBonusesEnabled": true,
				"completeTime": 0,
				"constructing": false,
				"slots": []
			},
			{
				"type": 13,
				"level": 1,
				"active": true,
				"passiveBonusesEnabled": true,
				"completeTime": 0,
				"constructing": false,
				"slots": []
			},
			{
				"type": 14,
				"level": 1,
				"active": true,
				"passiveBonusesEnabled": true,
				"completeTime": 0,
				"constructing": false,
				"slots": []
			},
			{
				"type": 15,
				"level": 3,
				"active": true,
				"passiveBonusesEnabled": true,
				"completeTime": 0,
				"constructing": false,
				"slots": []
			},
			{
				"type": 16,
				"level": 1,
				"active": true,
				"passiveBonusesEnabled": true,
				"completeTime": 0,
				"constructing": false,
				"slots": []
			},
			{
				"type": 17,
				"level": 1,
				"active": true,
				"passiveBonusesEnabled": false,
				"completeTime": 0,
				"constructing": false,
				"slots": []
			},
			{
				"type": 18,
				"level": 1,
				"active": true,
				"passiveBonusesEnabled": true,
				"completeTime": 0,
				"constructing": false,
				"slots": []
			},
			{
				"type": 19,
				"level": 1,
				"active": true,
				"passiveBonusesEnabled": true,
				"completeTime": 0,
				"constructing": false,
				"slots": []
			},
			{
				"type": 20,
				"level": 3,
				"active": true,
				"passiveBonusesEnabled": true,
				"completeTime": 0,
				"constructing": false,
				"slots": []
			},
			{
				"type": 21,
				"level": 1,
				"active": true,
				"passiveBonusesEnabled": true,
				"completeTime": 0,
				"constructing": false,
				"slots": []
			}
		]
	},
    "Bonuses": [{
            "type": "StashSize",
            "templateId": "566abbc34bdc2d92178b4576"
        },
        {
            "type": "StashSize",
            "templateId": "5811ce572459770cba1a34ea"
        },
        {
            "type": "StashSize",
            "templateId": "5811ce662459770f6f490f32"
        },
        {
            "type": "StashSize",
            "templateId": "5811ce772459770e9e5f9532"
        }
    ],
    "Notes": {
        "Notes": []
    },
    "Quests": [],
    "TraderStandings": {},
    "RagfairInfo": {
        "rating": 0.2,
        "isRatingGrowing": true,
        "offers": []
    },
    "WishList": []
}