{
	"items": [
		{
			"_id": "5dcb1de5d7ed5e035c4389a1",
			"_tpl": "55d7217a4bdc2d86028b456d"
		},
		{
			"_id": "5dcb1de5d7ed5e035c4389c1",
			"_tpl": "59e6687d86f77411d949b251",
			"parentId": "5dcb1de5d7ed5e035c4389a1",
			"slotId": "FirstPrimaryWeapon"
		},
		{
			"_id": "5dcb1de5d7ed5e035c4389c2",
			"_tpl": "59e649f986f77411d949b246",
			"parentId": "5dcb1de5d7ed5e035c4389c1",
			"slotId": "mod_gas_block"
		},
		{
			"_id": "5dcb1de5d7ed5e035c4389c3",
			"_tpl": "59e898ee86f77427614bd225",
			"parentId": "5dcb1de5d7ed5e035c4389c2",
			"slotId": "mod_handguard"
		},
		{
			"_id": "5dcb1de5d7ed5e035c4389c4",
			"_tpl": "59e6318286f77444dd62c4cc",
			"parentId": "5dcb1de5d7ed5e035c4389c1",
			"slotId": "mod_pistol_grip"
		},
		{
			"_id": "5dcb1de5d7ed5e035c4389c5",
			"_tpl": "59e8a00d86f7742ad93b569c",
			"parentId": "5dcb1de5d7ed5e035c4389c1",
			"slotId": "mod_muzzle"
		},
		{
			"_id": "5dcb1de5d7ed5e035c4389c6",
			"_tpl": "5d2c76ed48f03532f2136169",
			"parentId": "5dcb1de5d7ed5e035c4389c1",
			"slotId": "mod_reciever"
		},
		{
			"_id": "5dcb1de5d7ed5e035c4389c7",
			"_tpl": "59e89d0986f77427600d226e",
			"parentId": "5dcb1de5d7ed5e035c4389c1",
			"slotId": "mod_stock"
		},
		{
			"_id": "5dcb1de5d7ed5e035c4389c8",
			"_tpl": "59e5d83b86f7745aed03d262",
			"parentId": "5dcb1de5d7ed5e035c4389c1",
			"slotId": "mod_magazine"
		},
		{
			"_id": "5dcb1de5d7ed5e035c4389c9",
			"_tpl": "59e6542b86f77411dc52a77a",
			"parentId": "5dcb1de5d7ed5e035c4389c8",
			"slotId": "cartridges",
			"upd": {
				"StackObjectsCount": 10
			}
		},
		{
			"_id": "5dcb1de5d7ed5e035c4389ca",
			"_tpl": "59e6542b86f77411dc52a77a",
			"parentId": "5dcb1de5d7ed5e035c4389c1",
			"slotId": "patron_in_weapon",
			"upd": {
				"StackObjectsCount": 1
			}
		},
		{
			"_id": "5dcb1de5d7ed5e035c4389cb",
			"_tpl": "557ffd194bdc2d28148b457f",
			"parentId": "5dcb1de5d7ed5e035c4389a1",
			"slotId": "Pockets"
		},
		{
			"_id": "5dcb1de5d7ed5e035c4389cc",
			"_tpl": "5929a2a086f7744f4b234d43",
			"parentId": "5dcb1de5d7ed5e035c4389a1",
			"slotId": "TacticalVest"
		},
		{
			"_id": "5dcb1de5d7ed5e035c4389d9",
			"_tpl": "59e5d83b86f7745aed03d262",
			"parentId": "5dcb1de5d7ed5e035c4389cc",
			"slotId": "1",
			"location": {
				"x": 0,
				"y": 0,
				"r": 0
			}
		},
		{
			"_id": "5dcb1de5d7ed5e035c4389da",
			"_tpl": "59e6542b86f77411dc52a77a",
			"parentId": "5dcb1de5d7ed5e035c4389d9",
			"slotId": "cartridges",
			"upd": {
				"StackObjectsCount": 10
			}
		},
		{
			"_id": "5dcb1de5d7ed5e035c4389cd",
			"_tpl": "572b7f1624597762ae139822",
			"parentId": "5dcb1de5d7ed5e035c4389a1",
			"slotId": "FaceCover"
		},
		{
			"_id": "5dcb1de5d7ed5e035c4389ce",
			"_tpl": "5c06c6a80db834001b735491",
			"parentId": "5dcb1de5d7ed5e035c4389a1",
			"slotId": "Headwear",
			"upd": {
				"Repairable": {
					"Durability": 28
				}
			}
		},
		{
			"_id": "5dcb1de5d7ed5e035c4389cf",
			"_tpl": "5857a8bc2459772bad15db29",
			"parentId": "5dcb1de5d7ed5e035c4389a1",
			"slotId": "SecuredContainer"
		},
		{
			"_id": "5dcb1de5d7ed5e035c4389d0",
			"_tpl": "59e6542b86f77411dc52a77a",
			"parentId": "5dcb1de5d7ed5e035c4389cf",
			"slotId": "main",
			"location": {
				"x": 0,
				"y": 0,
				"r": 0
			},
			"upd": {
				"StackObjectsCount": 50
			}
		},
		{
			"_id": "5dcb1de5d7ed5e035c4389d1",
			"_tpl": "59e6542b86f77411dc52a77a",
			"parentId": "5dcb1de5d7ed5e035c4389cf",
			"slotId": "main",
			"location": {
				"x": 1,
				"y": 0,
				"r": 0
			},
			"upd": {
				"StackObjectsCount": 50
			}
		},
		{
			"_id": "5dcb1de5d7ed5e035c4389d2",
			"_tpl": "59e6542b86f77411dc52a77a",
			"parentId": "5dcb1de5d7ed5e035c4389cf",
			"slotId": "main",
			"location": {
				"x": 2,
				"y": 0,
				"r": 0
			},
			"upd": {
				"StackObjectsCount": 50
			}
		},
		{
			"_id": "5dcb1de5d7ed5e035c4389d3",
			"_tpl": "59e6542b86f77411dc52a77a",
			"parentId": "5dcb1de5d7ed5e035c4389cf",
			"slotId": "main",
			"location": {
				"x": 0,
				"y": 1,
				"r": 0
			},
			"upd": {
				"StackObjectsCount": 50
			}
		},
		{
			"_id": "5dcb1de5d7ed5e035c4389d4",
			"_tpl": "59e6542b86f77411dc52a77a",
			"parentId": "5dcb1de5d7ed5e035c4389cf",
			"slotId": "main",
			"location": {
				"x": 1,
				"y": 1,
				"r": 0
			},
			"upd": {
				"StackObjectsCount": 50
			}
		},
		{
			"_id": "5dcb1de5d7ed5e035c4389d5",
			"_tpl": "59e6542b86f77411dc52a77a",
			"parentId": "5dcb1de5d7ed5e035c4389cf",
			"slotId": "main",
			"location": {
				"x": 2,
				"y": 1,
				"r": 0
			},
			"upd": {
				"StackObjectsCount": 50
			}
		},
		{
			"_id": "5dcb1de5d7ed5e035c4389d6",
			"_tpl": "59e6542b86f77411dc52a77a",
			"parentId": "5dcb1de5d7ed5e035c4389cf",
			"slotId": "main",
			"location": {
				"x": 0,
				"y": 2,
				"r": 0
			},
			"upd": {
				"StackObjectsCount": 50
			}
		},
		{
			"_id": "5dcb1de5d7ed5e035c4389d7",
			"_tpl": "59e6542b86f77411dc52a77a",
			"parentId": "5dcb1de5d7ed5e035c4389cf",
			"slotId": "main",
			"location": {
				"x": 1,
				"y": 2,
				"r": 0
			},
			"upd": {
				"StackObjectsCount": 50
			}
		},
		{
			"_id": "5dcb1de5d7ed5e035c4389d8",
			"_tpl": "59e6542b86f77411dc52a77a",
			"parentId": "5dcb1de5d7ed5e035c4389cf",
			"slotId": "main",
			"location": {
				"x": 2,
				"y": 2,
				"r": 0
			},
			"upd": {
				"StackObjectsCount": 50
			}
		},
		{
			"_id": "5dcb1de5d7ed5e035c4389a0",
			"_tpl": "566abbc34bdc2d92178b4576"
		},
		{
			"_id": "5dcb1de5d7ed5e035c4389a3",
			"_tpl": "5963866b86f7747bfa1c4462"
		},
		{
			"_id": "5dcb1de5d7ed5e035c4389a2",
			"_tpl": "5963866286f7747bf429b572"
		}
	],
	"equipment": "5dcb1de5d7ed5e035c4389a1",
	"stash": "5dcb1de5d7ed5e035c4389a0",
	"questRaidItems": "5dcb1de5d7ed5e035c4389a2",
	"questStashItems": "5dcb1de5d7ed5e035c4389a3",
	"fastPanel": {}
}