{
	"items": [
		{
			"_id": "5c6687d65e9d882c8841f0fd",
			"_tpl": "55d7217a4bdc2d86028b456d"
		},
		{
			"_id": "5c6687d65e9d882c8841f121",
			"_tpl": "557ffd194bdc2d28148b457f",
			"parentId": "5c6687d65e9d882c8841f0fd",
			"slotId": "Pockets"
		},
		{
			"_id": "5c6687d65e9d882c8841f0fc",
			"_tpl": "566abbc34bdc2d92178b4576"
		},
		{
			"_id": "5c6687d65e9d882c8841f0ff",
			"_tpl": "5963866b86f7747bfa1c4462"
		},
		{
			"_id": "5c6687d65e9d882c8841f0fe",
			"_tpl": "5963866286f7747bf429b572"
		},
		{
			"_id": "TacticalVest224522",
			"_tpl": "5929a2a086f7744f4b234d43",
			"parentId": "5c6687d65e9d882c8841f0fd",
			"slotId": "TacticalVest"
		},
		{
			"_id": "I210046503336220460e7d6C",
			"_tpl": "5839a40f24597726f856b511",
			"parentId": "5c6687d65e9d882c8841f0fd",
			"slotId": "FirstPrimaryWeapon"
		},
		{
			"_id": "I2100465094814002906A0w7",
			"_tpl": "5649ad3f4bdc2df8348b4585",
			"parentId": "I210046503336220460e7d6C",
			"slotId": "mod_pistol_grip"
		},
		{
			"_id": "I210046501776318343ywMfq",
			"_tpl": "57ffb0e42459777d047111c5",
			"parentId": "I210046503336220460e7d6C",
			"slotId": "mod_muzzle"
		},
		{
			"_id": "I210046502045524208BimXN",
			"_tpl": "57dc334d245977597164366f",
			"parentId": "I210046503336220460e7d6C",
			"slotId": "mod_reciever"
		},
		{
			"_id": "I210046502914418443sZ153",
			"_tpl": "59d36a0086f7747e673f3946",
			"parentId": "I210046503336220460e7d6C",
			"slotId": "mod_gas_block"
		},
		{
			"_id": "I210046509727004706tW7IM",
			"_tpl": "57dc32dc245977596d4ef3d3",
			"parentId": "I210046502914418443sZ153",
			"slotId": "mod_handguard"
		},
		{
			"_id": "mag0Vest837019",
			"_tpl": "55d480c04bdc2d1d4e8b456a",
			"parentId": "TacticalVest224522",
			"slotId": "3",
			"location": {
				"x": 0,
				"y": 0,
				"r": "Horizontal"
			}
		},
		{
			"_id": "AmmoMag0Vest18927",
			"_tpl": "56dfef82d2720bbd668b4567",
			"parentId": "mag0Vest837019",
			"slotId": "cartridges",
			"upd": {
				"StackObjectsCount": 30
			}
		},
		{
			"_id": "mag1Vest320272",
			"_tpl": "55d480c04bdc2d1d4e8b456a",
			"parentId": "TacticalVest224522",
			"slotId": "5",
			"location": {
				"x": 0,
				"y": 0,
				"r": "Horizontal"
			}
		},
		{
			"_id": "AmmoMag1Vest173826",
			"_tpl": "56dff338d2720bbd668b4569",
			"parentId": "mag1Vest320272",
			"slotId": "cartridges",
			"upd": {
				"StackObjectsCount": 30
			}
		},
		{
			"_id": "StackAmmo94640029612",
			"_tpl": "56dfef82d2720bbd668b4567",
			"parentId": "TacticalVest224522",
			"slotId": "1",
			"upd": {
				"StackObjectsCount": 33
			}
		},
		{
			"_id": "StackAmmo44247518032",
			"_tpl": "56dff338d2720bbd668b4569",
			"parentId": "TacticalVest224522",
			"slotId": "7",
			"upd": {
				"StackObjectsCount": 49
			}
		},
		{
			"_id": "Scabbard525136",
			"_tpl": "5bffdc370db834001d23eca8",
			"parentId": "5c6687d65e9d882c8841f0fd",
			"slotId": "Scabbard"
		},
		{
			"_id": "FaceCover250542",
			"_tpl": "5bd06f5d86f77427101ad47c",
			"parentId": "5c6687d65e9d882c8841f0fd",
			"slotId": "FaceCover"
		},
		{
			"_id": "Pocket_715796",
			"_tpl": "5672c92d4bdc2d180f8b4567",
			"parentId": "5c6687d65e9d882c8841f121",
			"slotId": "pocket1",
			"location": {
				"x": 0,
				"y": 0,
				"r": "Horizontal"
			},
			"upd": {
				"SpawnedInSession": true
			}
		}
	],
	"equipment": "5c6687d65e9d882c8841f0fd",
	"stash": "5c6687d65e9d882c8841f0fc",
	"questRaidItems": "5c6687d65e9d882c8841f0fe",
	"questStashItems": "5c6687d65e9d882c8841f0ff",
	"fastPanel": {}
}