{
	"items": [
		{
			"_id": "5dcb1df6171ac3579029b488",
			"_tpl": "55d7217a4bdc2d86028b456d"
		},
		{
			"_id": "5dcb1df6171ac3579029b4a5",
			"_tpl": "5a38e6bac4a2826c6e06d79b",
			"parentId": "5dcb1df6171ac3579029b488",
			"slotId": "FirstPrimaryWeapon"
		},
		{
			"_id": "5dcb1df6171ac3579029b4a6",
			"_tpl": "5adf23995acfc400185c2aeb",
			"parentId": "5dcb1df6171ac3579029b4a5",
			"slotId": "mod_stock"
		},
		{
			"_id": "5dcb1df6171ac3579029b4a7",
			"_tpl": "5a38ed75c4a28232996e40c6",
			"parentId": "5dcb1df6171ac3579029b4a5",
			"slotId": "mod_magazine"
		},
		{
			"_id": "5dcb1df6171ac3579029b4a8",
			"_tpl": "5a38ebd9c4a282000d722a5b",
			"parentId": "5dcb1df6171ac3579029b4a7",
			"slotId": "cartridges",
			"upd": {
				"StackObjectsCount": 4
			}
		},
		{
			"_id": "5dcb1df6171ac3579029b4a9",
			"_tpl": "5a38ebd9c4a282000d722a5b",
			"parentId": "5dcb1df6171ac3579029b4a5",
			"slotId": "patron_in_weapon",
			"upd": {
				"StackObjectsCount": 1
			}
		},
		{
			"_id": "5dcb1df6171ac3579029b4aa",
			"_tpl": "557ffd194bdc2d28148b457f",
			"parentId": "5dcb1df6171ac3579029b488",
			"slotId": "Pockets"
		},
		{
			"_id": "5dcb1df6171ac3579029b4ab",
			"_tpl": "572b7adb24597762ae139821",
			"parentId": "5dcb1df6171ac3579029b488",
			"slotId": "TacticalVest"
		},
		{
			"_id": "5dcb1df6171ac3579029b4b9",
			"_tpl": "5a38ed75c4a28232996e40c6",
			"parentId": "5dcb1df6171ac3579029b4ab",
			"slotId": "1",
			"location": {
				"x": 0,
				"y": 0,
				"r": 0
			}
		},
		{
			"_id": "5dcb1df6171ac3579029b4ba",
			"_tpl": "5a38ebd9c4a282000d722a5b",
			"parentId": "5dcb1df6171ac3579029b4b9",
			"slotId": "cartridges",
			"upd": {
				"StackObjectsCount": 4
			}
		},
		{
			"_id": "5dcb1df6171ac3579029b4bd",
			"_tpl": "5c0fa877d174af02a012e1cf",
			"parentId": "5dcb1df6171ac3579029b4ab",
			"slotId": "3",
			"location": {
				"x": 0,
				"y": 0,
				"r": 0
			},
			"upd": {
				"FoodDrink": {
					"HpPercent": 94
				}
			}
		},
		{
			"_id": "5dcb1df6171ac3579029b4ac",
			"_tpl": "59e7708286f7742cbd762753",
			"parentId": "5dcb1df6171ac3579029b488",
			"slotId": "Headwear",
			"upd": {
				"Repairable": {
					"Durability": 1
				}
			}
		},
		{
			"_id": "5dcb1df6171ac3579029b4ad",
			"_tpl": "57e26fc7245977162a14b800",
			"parentId": "5dcb1df6171ac3579029b488",
			"slotId": "Scabbard"
		},
		{
			"_id": "5dcb1df6171ac3579029b4ae",
			"_tpl": "56e33680d2720be2748b4576",
			"parentId": "5dcb1df6171ac3579029b488",
			"slotId": "Backpack"
		},
		{
			"_id": "5dcb1df6171ac3579029b4be",
			"_tpl": "5448fee04bdc2dbc018b4567",
			"parentId": "5dcb1df6171ac3579029b4ae",
			"slotId": "main",
			"location": {
				"x": 0,
				"y": 0,
				"r": 0
			},
			"upd": {
				"FoodDrink": {
					"HpPercent": 34
				}
			}
		},
		{
			"_id": "5dcb1df6171ac3579029b4af",
			"_tpl": "5857a8bc2459772bad15db29",
			"parentId": "5dcb1df6171ac3579029b488",
			"slotId": "SecuredContainer"
		},
		{
			"_id": "5dcb1df6171ac3579029b4b0",
			"_tpl": "5a38ebd9c4a282000d722a5b",
			"parentId": "5dcb1df6171ac3579029b4af",
			"slotId": "main",
			"location": {
				"x": 0,
				"y": 0,
				"r": 0
			},
			"upd": {
				"StackObjectsCount": 20
			}
		},
		{
			"_id": "5dcb1df6171ac3579029b4b1",
			"_tpl": "5a38ebd9c4a282000d722a5b",
			"parentId": "5dcb1df6171ac3579029b4af",
			"slotId": "main",
			"location": {
				"x": 1,
				"y": 0,
				"r": 0
			},
			"upd": {
				"StackObjectsCount": 20
			}
		},
		{
			"_id": "5dcb1df6171ac3579029b4b2",
			"_tpl": "5a38ebd9c4a282000d722a5b",
			"parentId": "5dcb1df6171ac3579029b4af",
			"slotId": "main",
			"location": {
				"x": 2,
				"y": 0,
				"r": 0
			},
			"upd": {
				"StackObjectsCount": 20
			}
		},
		{
			"_id": "5dcb1df6171ac3579029b4b3",
			"_tpl": "5a38ebd9c4a282000d722a5b",
			"parentId": "5dcb1df6171ac3579029b4af",
			"slotId": "main",
			"location": {
				"x": 0,
				"y": 1,
				"r": 0
			},
			"upd": {
				"StackObjectsCount": 20
			}
		},
		{
			"_id": "5dcb1df6171ac3579029b4b4",
			"_tpl": "5a38ebd9c4a282000d722a5b",
			"parentId": "5dcb1df6171ac3579029b4af",
			"slotId": "main",
			"location": {
				"x": 1,
				"y": 1,
				"r": 0
			},
			"upd": {
				"StackObjectsCount": 20
			}
		},
		{
			"_id": "5dcb1df6171ac3579029b4b5",
			"_tpl": "5a38ebd9c4a282000d722a5b",
			"parentId": "5dcb1df6171ac3579029b4af",
			"slotId": "main",
			"location": {
				"x": 2,
				"y": 1,
				"r": 0
			},
			"upd": {
				"StackObjectsCount": 20
			}
		},
		{
			"_id": "5dcb1df6171ac3579029b4b6",
			"_tpl": "5a38ebd9c4a282000d722a5b",
			"parentId": "5dcb1df6171ac3579029b4af",
			"slotId": "main",
			"location": {
				"x": 0,
				"y": 2,
				"r": 0
			},
			"upd": {
				"StackObjectsCount": 20
			}
		},
		{
			"_id": "5dcb1df6171ac3579029b4b7",
			"_tpl": "5a38ebd9c4a282000d722a5b",
			"parentId": "5dcb1df6171ac3579029b4af",
			"slotId": "main",
			"location": {
				"x": 1,
				"y": 2,
				"r": 0
			},
			"upd": {
				"StackObjectsCount": 20
			}
		},
		{
			"_id": "5dcb1df6171ac3579029b4b8",
			"_tpl": "5a38ebd9c4a282000d722a5b",
			"parentId": "5dcb1df6171ac3579029b4af",
			"slotId": "main",
			"location": {
				"x": 2,
				"y": 2,
				"r": 0
			},
			"upd": {
				"StackObjectsCount": 20
			}
		},
		{
			"_id": "5dcb1df6171ac3579029b487",
			"_tpl": "566abbc34bdc2d92178b4576"
		},
		{
			"_id": "5dcb1df6171ac3579029b48a",
			"_tpl": "5963866b86f7747bfa1c4462"
		},
		{
			"_id": "5dcb1df6171ac3579029b489",
			"_tpl": "5963866286f7747bf429b572"
		}
	],
	"equipment": "5dcb1df6171ac3579029b488",
	"stash": "5dcb1df6171ac3579029b487",
	"questRaidItems": "5dcb1df6171ac3579029b489",
	"questStashItems": "5dcb1df6171ac3579029b48a",
	"fastPanel": {}
}