{
	"items": [
		{
			"_id": "5dcb1df6171ac3579029b3a2",
			"_tpl": "55d7217a4bdc2d86028b456d"
		},
		{
			"_id": "5dcb1df6171ac3579029b3bd",
			"_tpl": "5448bd6b4bdc2dfc2f8b4569",
			"parentId": "5dcb1df6171ac3579029b3a2",
			"slotId": "Holster"
		},
		{
			"_id": "5dcb1df6171ac3579029b3be",
			"_tpl": "5448c12b4bdc2d02308b456f",
			"parentId": "5dcb1df6171ac3579029b3bd",
			"slotId": "mod_magazine"
		},
		{
			"_id": "5dcb1df6171ac3579029b3bf",
			"_tpl": "573719762459775a626ccbc1",
			"parentId": "5dcb1df6171ac3579029b3be",
			"slotId": "cartridges",
			"upd": {
				"StackObjectsCount": 8
			}
		},
		{
			"_id": "5dcb1df6171ac3579029b3c0",
			"_tpl": "573719762459775a626ccbc1",
			"parentId": "5dcb1df6171ac3579029b3bd",
			"slotId": "patron_in_weapon",
			"upd": {
				"StackObjectsCount": 1
			}
		},
		{
			"_id": "5dcb1df6171ac3579029b3c1",
			"_tpl": "557ffd194bdc2d28148b457f",
			"parentId": "5dcb1df6171ac3579029b3a2",
			"slotId": "Pockets"
		},
		{
			"_id": "5dcb1df6171ac3579029b3d4",
			"_tpl": "57347d7224597744596b4e72",
			"parentId": "5dcb1df6171ac3579029b3c1",
			"slotId": "pocket1",
			"location": {
				"x": 0,
				"y": 0,
				"r": 0
			},
			"upd": {
				"FoodDrink": {
					"HpPercent": 1
				}
			}
		},
		{
			"_id": "5dcb1df6171ac3579029b3c2",
			"_tpl": "572b7adb24597762ae139821",
			"parentId": "5dcb1df6171ac3579029b3a2",
			"slotId": "TacticalVest"
		},
		{
			"_id": "5dcb1df6171ac3579029b3cf",
			"_tpl": "5448c12b4bdc2d02308b456f",
			"parentId": "5dcb1df6171ac3579029b3c2",
			"slotId": "1",
			"location": {
				"x": 0,
				"y": 0,
				"r": 0
			}
		},
		{
			"_id": "5dcb1df6171ac3579029b3d0",
			"_tpl": "573719762459775a626ccbc1",
			"parentId": "5dcb1df6171ac3579029b3cf",
			"slotId": "cartridges",
			"upd": {
				"StackObjectsCount": 8
			}
		},
		{
			"_id": "5dcb1df6171ac3579029b3d3",
			"_tpl": "544fb6cc4bdc2d34748b456e",
			"parentId": "5dcb1df6171ac3579029b3c2",
			"slotId": "2",
			"location": {
				"x": 0,
				"y": 1,
				"r": 0
			},
			"upd": {
				"FoodDrink": {
					"HpPercent": 1
				}
			}
		},
		{
			"_id": "5dcb1df6171ac3579029b3c3",
			"_tpl": "572b7d8524597762b472f9d1",
			"parentId": "5dcb1df6171ac3579029b3a2",
			"slotId": "Headwear"
		},
		{
			"_id": "5dcb1df6171ac3579029b3c4",
			"_tpl": "57e26fc7245977162a14b800",
			"parentId": "5dcb1df6171ac3579029b3a2",
			"slotId": "Scabbard"
		},
		{
			"_id": "5dcb1df6171ac3579029b3c5",
			"_tpl": "5857a8bc2459772bad15db29",
			"parentId": "5dcb1df6171ac3579029b3a2",
			"slotId": "SecuredContainer"
		},
		{
			"_id": "5dcb1df6171ac3579029b3c6",
			"_tpl": "573719762459775a626ccbc1",
			"parentId": "5dcb1df6171ac3579029b3c5",
			"slotId": "main",
			"location": {
				"x": 0,
				"y": 0,
				"r": 0
			},
			"upd": {
				"StackObjectsCount": 50
			}
		},
		{
			"_id": "5dcb1df6171ac3579029b3c7",
			"_tpl": "573719762459775a626ccbc1",
			"parentId": "5dcb1df6171ac3579029b3c5",
			"slotId": "main",
			"location": {
				"x": 1,
				"y": 0,
				"r": 0
			},
			"upd": {
				"StackObjectsCount": 50
			}
		},
		{
			"_id": "5dcb1df6171ac3579029b3c8",
			"_tpl": "573719762459775a626ccbc1",
			"parentId": "5dcb1df6171ac3579029b3c5",
			"slotId": "main",
			"location": {
				"x": 2,
				"y": 0,
				"r": 0
			},
			"upd": {
				"StackObjectsCount": 50
			}
		},
		{
			"_id": "5dcb1df6171ac3579029b3c9",
			"_tpl": "573719762459775a626ccbc1",
			"parentId": "5dcb1df6171ac3579029b3c5",
			"slotId": "main",
			"location": {
				"x": 0,
				"y": 1,
				"r": 0
			},
			"upd": {
				"StackObjectsCount": 50
			}
		},
		{
			"_id": "5dcb1df6171ac3579029b3ca",
			"_tpl": "573719762459775a626ccbc1",
			"parentId": "5dcb1df6171ac3579029b3c5",
			"slotId": "main",
			"location": {
				"x": 1,
				"y": 1,
				"r": 0
			},
			"upd": {
				"StackObjectsCount": 50
			}
		},
		{
			"_id": "5dcb1df6171ac3579029b3cb",
			"_tpl": "573719762459775a626ccbc1",
			"parentId": "5dcb1df6171ac3579029b3c5",
			"slotId": "main",
			"location": {
				"x": 2,
				"y": 1,
				"r": 0
			},
			"upd": {
				"StackObjectsCount": 50
			}
		},
		{
			"_id": "5dcb1df6171ac3579029b3cc",
			"_tpl": "573719762459775a626ccbc1",
			"parentId": "5dcb1df6171ac3579029b3c5",
			"slotId": "main",
			"location": {
				"x": 0,
				"y": 2,
				"r": 0
			},
			"upd": {
				"StackObjectsCount": 50
			}
		},
		{
			"_id": "5dcb1df6171ac3579029b3cd",
			"_tpl": "573719762459775a626ccbc1",
			"parentId": "5dcb1df6171ac3579029b3c5",
			"slotId": "main",
			"location": {
				"x": 1,
				"y": 2,
				"r": 0
			},
			"upd": {
				"StackObjectsCount": 50
			}
		},
		{
			"_id": "5dcb1df6171ac3579029b3ce",
			"_tpl": "573719762459775a626ccbc1",
			"parentId": "5dcb1df6171ac3579029b3c5",
			"slotId": "main",
			"location": {
				"x": 2,
				"y": 2,
				"r": 0
			},
			"upd": {
				"StackObjectsCount": 50
			}
		},
		{
			"_id": "5dcb1df6171ac3579029b3a1",
			"_tpl": "566abbc34bdc2d92178b4576"
		},
		{
			"_id": "5dcb1df6171ac3579029b3a4",
			"_tpl": "5963866b86f7747bfa1c4462"
		},
		{
			"_id": "5dcb1df6171ac3579029b3a3",
			"_tpl": "5963866286f7747bf429b572"
		}
	],
	"equipment": "5dcb1df6171ac3579029b3a2",
	"stash": "5dcb1df6171ac3579029b3a1",
	"questRaidItems": "5dcb1df6171ac3579029b3a3",
	"questStashItems": "5dcb1df6171ac3579029b3a4",
	"fastPanel": {}
}