{
	"items": [
		{
			"_id": "5c6687d65e9d882c8841f0fd",
			"_tpl": "55d7217a4bdc2d86028b456d"
		},
		{
			"_id": "5c6687d65e9d882c8841f121",
			"_tpl": "557ffd194bdc2d28148b457f",
			"parentId": "5c6687d65e9d882c8841f0fd",
			"slotId": "Pockets"
		},
		{
			"_id": "5c6687d65e9d882c8841f0fc",
			"_tpl": "566abbc34bdc2d92178b4576"
		},
		{
			"_id": "5c6687d65e9d882c8841f0ff",
			"_tpl": "5963866b86f7747bfa1c4462"
		},
		{
			"_id": "5c6687d65e9d882c8841f0fe",
			"_tpl": "5963866286f7747bf429b572"
		},
		{
			"_id": "TacticalVest908066",
			"_tpl": "5d5d85c586f774279a21cbdb",
			"parentId": "5c6687d65e9d882c8841f0fd",
			"slotId": "TacticalVest"
		},
		{
			"_id": "I210049248580217100uCfXZ",
			"_tpl": "5a0ec13bfcdbcb00165aa685",
			"parentId": "5c6687d65e9d882c8841f0fd",
			"slotId": "FirstPrimaryWeapon"
		},
		{
			"_id": "I210049247798575649zFRby",
			"_tpl": "59d64ec286f774171d1e0a42",
			"parentId": "I210049248580217100uCfXZ",
			"slotId": "mod_gas_block"
		},
		{
			"_id": "I21004924954929801550V4M",
			"_tpl": "59e62cc886f77440d40b52a1",
			"parentId": "I210049248580217100uCfXZ",
			"slotId": "mod_pistol_grip"
		},
		{
			"_id": "I2100492453489022209Y4Wr",
			"_tpl": "59d650cf86f7741b846413a4",
			"parentId": "I210049248580217100uCfXZ",
			"slotId": "mod_sight_rear",
			"upd": {
				"Sight": {
					"SelectedSightMode": 0
				}
			}
		},
		{
			"_id": "I210049241904628579JSqoK",
			"_tpl": "59d64f2f86f77417193ef8b3",
			"parentId": "I210049247798575649zFRby",
			"slotId": "mod_handguard"
		},
		{
			"_id": "mag0Vest551910",
			"_tpl": "59e5d83b86f7745aed03d262",
			"parentId": "TacticalVest908066",
			"slotId": "1",
			"location": {
				"x": 0,
				"y": 1,
				"r": "Horizontal"
			}
		},
		{
			"_id": "AmmoMag0Vest973416",
			"_tpl": "59e4d3d286f774176a36250a",
			"parentId": "mag0Vest551910",
			"slotId": "cartridges",
			"upd": {
				"StackObjectsCount": 10
			}
		},
		{
			"_id": "mag2Vest325062",
			"_tpl": "59e5d83b86f7745aed03d262",
			"parentId": "TacticalVest908066",
			"slotId": "4",
			"location": {
				"x": 0,
				"y": 0,
				"r": "Horizontal"
			}
		},
		{
			"_id": "AmmoMag2Vest766983",
			"_tpl": "59e4d24686f7741776641ac7",
			"parentId": "mag2Vest325062",
			"slotId": "cartridges",
			"upd": {
				"StackObjectsCount": 10
			}
		},
		{
			"_id": "mag2Vest263882",
			"_tpl": "59e5d83b86f7745aed03d262",
			"parentId": "TacticalVest908066",
			"slotId": "4",
			"location": {
				"x": 0,
				"y": 1,
				"r": "Horizontal"
			}
		},
		{
			"_id": "AmmoMag2Vest375775",
			"_tpl": "59e4d24686f7741776641ac7",
			"parentId": "mag2Vest263882",
			"slotId": "cartridges",
			"upd": {
				"StackObjectsCount": 10
			}
		},
		{
			"_id": "mag3Vest442959",
			"_tpl": "59e5d83b86f7745aed03d262",
			"parentId": "TacticalVest908066",
			"slotId": "6",
			"location": {
				"x": 0,
				"y": 0,
				"r": "Horizontal"
			}
		},
		{
			"_id": "AmmoMag3Vest894828",
			"_tpl": "59e4d3d286f774176a36250a",
			"parentId": "mag3Vest442959",
			"slotId": "cartridges",
			"upd": {
				"StackObjectsCount": 10
			}
		},
		{
			"_id": "StackAmmo77249526158",
			"_tpl": "59e0d99486f7744a32234762",
			"parentId": "TacticalVest908066",
			"slotId": "7",
			"upd": {
				"StackObjectsCount": 52
			}
		},
		{
			"_id": "StackAmmo40879962562",
			"_tpl": "59e0d99486f7744a32234762",
			"parentId": "TacticalVest908066",
			"slotId": "10",
			"upd": {
				"StackObjectsCount": 11
			}
		},
		{
			"_id": "Scabbard957136",
			"_tpl": "54491bb74bdc2d09088b4567",
			"parentId": "5c6687d65e9d882c8841f0fd",
			"slotId": "Scabbard"
		},
		{
			"_id": "Headwear324384",
			"_tpl": "5aa2b8d7e5b5b00014028f4a",
			"parentId": "5c6687d65e9d882c8841f0fd",
			"slotId": "Headwear"
		},
		{
			"_id": "FaceCover328128",
			"_tpl": "5bd0716d86f774171822ef4b",
			"parentId": "5c6687d65e9d882c8841f0fd",
			"slotId": "FaceCover"
		},
		{
			"_id": "Pocket_981918",
			"_tpl": "5a145d4786f7744cbb6f4a12",
			"parentId": "5c6687d65e9d882c8841f121",
			"slotId": "pocket1",
			"location": {
				"x": 0,
				"y": 0,
				"r": "Horizontal"
			},
			"upd": {
				"SpawnedInSession": true
			}
		}
	],
	"equipment": "5c6687d65e9d882c8841f0fd",
	"stash": "5c6687d65e9d882c8841f0fc",
	"questRaidItems": "5c6687d65e9d882c8841f0fe",
	"questStashItems": "5c6687d65e9d882c8841f0ff",
	"fastPanel": {}
}