{
	"items": [
		{
			"_id": "5dcb1dc5fb81105cd85c0363",
			"_tpl": "55d7217a4bdc2d86028b456d"
		},
		{
			"_id": "5dcb1dc5fb81105cd85c0386",
			"_tpl": "59e6687d86f77411d949b251",
			"parentId": "5dcb1dc5fb81105cd85c0363",
			"slotId": "FirstPrimaryWeapon"
		},
		{
			"_id": "5dcb1dc5fb81105cd85c0387",
			"_tpl": "59e649f986f77411d949b246",
			"parentId": "5dcb1dc5fb81105cd85c0386",
			"slotId": "mod_gas_block"
		},
		{
			"_id": "5dcb1dc5fb81105cd85c0388",
			"_tpl": "59e898ee86f77427614bd225",
			"parentId": "5dcb1dc5fb81105cd85c0387",
			"slotId": "mod_handguard"
		},
		{
			"_id": "5dcb1dc5fb81105cd85c0389",
			"_tpl": "59e6318286f77444dd62c4cc",
			"parentId": "5dcb1dc5fb81105cd85c0386",
			"slotId": "mod_pistol_grip"
		},
		{
			"_id": "5dcb1dc5fb81105cd85c038a",
			"_tpl": "59d6507c86f7741b846413a2",
			"parentId": "5dcb1dc5fb81105cd85c0386",
			"slotId": "mod_reciever"
		},
		{
			"_id": "5dcb1dc5fb81105cd85c038b",
			"_tpl": "59e8977386f77415a553c453",
			"parentId": "5dcb1dc5fb81105cd85c0386",
			"slotId": "mod_sight_rear"
		},
		{
			"_id": "5dcb1dc5fb81105cd85c038c",
			"_tpl": "59e89d0986f77427600d226e",
			"parentId": "5dcb1dc5fb81105cd85c0386",
			"slotId": "mod_stock"
		},
		{
			"_id": "5dcb1dc5fb81105cd85c038d",
			"_tpl": "59e5d83b86f7745aed03d262",
			"parentId": "5dcb1dc5fb81105cd85c0386",
			"slotId": "mod_magazine"
		},
		{
			"_id": "5dcb1dc5fb81105cd85c038e",
			"_tpl": "59e6542b86f77411dc52a77a",
			"parentId": "5dcb1dc5fb81105cd85c038d",
			"slotId": "cartridges",
			"upd": {
				"StackObjectsCount": 10
			}
		},
		{
			"_id": "5dcb1dc5fb81105cd85c038f",
			"_tpl": "59e6542b86f77411dc52a77a",
			"parentId": "5dcb1dc5fb81105cd85c0386",
			"slotId": "patron_in_weapon",
			"upd": {
				"StackObjectsCount": 1
			}
		},
		{
			"_id": "5dcb1dc5fb81105cd85c0390",
			"_tpl": "557ffd194bdc2d28148b457f",
			"parentId": "5dcb1dc5fb81105cd85c0363",
			"slotId": "Pockets"
		},
		{
			"_id": "5dcb1dc5fb81105cd85c0391",
			"_tpl": "5ab8dab586f77441cd04f2a2",
			"parentId": "5dcb1dc5fb81105cd85c0363",
			"slotId": "TacticalVest"
		},
		{
			"_id": "5dcb1dc5fb81105cd85c039f",
			"_tpl": "59e5d83b86f7745aed03d262",
			"parentId": "5dcb1dc5fb81105cd85c0391",
			"slotId": "1",
			"location": {
				"x": 0,
				"y": 0,
				"r": 0
			}
		},
		{
			"_id": "5dcb1dc5fb81105cd85c03a0",
			"_tpl": "59e6542b86f77411dc52a77a",
			"parentId": "5dcb1dc5fb81105cd85c039f",
			"slotId": "cartridges",
			"upd": {
				"StackObjectsCount": 10
			}
		},
		{
			"_id": "5dcb1dc5fb81105cd85c03a1",
			"_tpl": "59e5d83b86f7745aed03d262",
			"parentId": "5dcb1dc5fb81105cd85c0391",
			"slotId": "1",
			"location": {
				"x": 0,
				"y": 1,
				"r": 0
			}
		},
		{
			"_id": "5dcb1dc5fb81105cd85c03a2",
			"_tpl": "59e6542b86f77411dc52a77a",
			"parentId": "5dcb1dc5fb81105cd85c03a1",
			"slotId": "cartridges",
			"upd": {
				"StackObjectsCount": 10
			}
		},
		{
			"_id": "5dcb1dc5fb81105cd85c0392",
			"_tpl": "5b432f3d5acfc4704b4a1dfb",
			"parentId": "5dcb1dc5fb81105cd85c0363",
			"slotId": "FaceCover"
		},
		{
			"_id": "5dcb1dc5fb81105cd85c0393",
			"_tpl": "59e7708286f7742cbd762753",
			"parentId": "5dcb1dc5fb81105cd85c0363",
			"slotId": "Headwear"
		},
		{
			"_id": "5dcb1dc5fb81105cd85c0394",
			"_tpl": "57e26ea924597715ca604a09",
			"parentId": "5dcb1dc5fb81105cd85c0363",
			"slotId": "Scabbard"
		},
		{
			"_id": "5dcb1dc5fb81105cd85c0395",
			"_tpl": "5857a8bc2459772bad15db29",
			"parentId": "5dcb1dc5fb81105cd85c0363",
			"slotId": "SecuredContainer"
		},
		{
			"_id": "5dcb1dc5fb81105cd85c0396",
			"_tpl": "59e6542b86f77411dc52a77a",
			"parentId": "5dcb1dc5fb81105cd85c0395",
			"slotId": "main",
			"location": {
				"x": 0,
				"y": 0,
				"r": 0
			},
			"upd": {
				"StackObjectsCount": 50
			}
		},
		{
			"_id": "5dcb1dc5fb81105cd85c0397",
			"_tpl": "59e6542b86f77411dc52a77a",
			"parentId": "5dcb1dc5fb81105cd85c0395",
			"slotId": "main",
			"location": {
				"x": 1,
				"y": 0,
				"r": 0
			},
			"upd": {
				"StackObjectsCount": 50
			}
		},
		{
			"_id": "5dcb1dc5fb81105cd85c0398",
			"_tpl": "59e6542b86f77411dc52a77a",
			"parentId": "5dcb1dc5fb81105cd85c0395",
			"slotId": "main",
			"location": {
				"x": 2,
				"y": 0,
				"r": 0
			},
			"upd": {
				"StackObjectsCount": 50
			}
		},
		{
			"_id": "5dcb1dc5fb81105cd85c0399",
			"_tpl": "59e6542b86f77411dc52a77a",
			"parentId": "5dcb1dc5fb81105cd85c0395",
			"slotId": "main",
			"location": {
				"x": 0,
				"y": 1,
				"r": 0
			},
			"upd": {
				"StackObjectsCount": 50
			}
		},
		{
			"_id": "5dcb1dc5fb81105cd85c039a",
			"_tpl": "59e6542b86f77411dc52a77a",
			"parentId": "5dcb1dc5fb81105cd85c0395",
			"slotId": "main",
			"location": {
				"x": 1,
				"y": 1,
				"r": 0
			},
			"upd": {
				"StackObjectsCount": 50
			}
		},
		{
			"_id": "5dcb1dc5fb81105cd85c039b",
			"_tpl": "59e6542b86f77411dc52a77a",
			"parentId": "5dcb1dc5fb81105cd85c0395",
			"slotId": "main",
			"location": {
				"x": 2,
				"y": 1,
				"r": 0
			},
			"upd": {
				"StackObjectsCount": 50
			}
		},
		{
			"_id": "5dcb1dc5fb81105cd85c039c",
			"_tpl": "59e6542b86f77411dc52a77a",
			"parentId": "5dcb1dc5fb81105cd85c0395",
			"slotId": "main",
			"location": {
				"x": 0,
				"y": 2,
				"r": 0
			},
			"upd": {
				"StackObjectsCount": 50
			}
		},
		{
			"_id": "5dcb1dc5fb81105cd85c039d",
			"_tpl": "59e6542b86f77411dc52a77a",
			"parentId": "5dcb1dc5fb81105cd85c0395",
			"slotId": "main",
			"location": {
				"x": 1,
				"y": 2,
				"r": 0
			},
			"upd": {
				"StackObjectsCount": 50
			}
		},
		{
			"_id": "5dcb1dc5fb81105cd85c039e",
			"_tpl": "59e6542b86f77411dc52a77a",
			"parentId": "5dcb1dc5fb81105cd85c0395",
			"slotId": "main",
			"location": {
				"x": 2,
				"y": 2,
				"r": 0
			},
			"upd": {
				"StackObjectsCount": 50
			}
		},
		{
			"_id": "5dcb1dc5fb81105cd85c0362",
			"_tpl": "566abbc34bdc2d92178b4576"
		},
		{
			"_id": "5dcb1dc5fb81105cd85c0365",
			"_tpl": "5963866b86f7747bfa1c4462"
		},
		{
			"_id": "5dcb1dc5fb81105cd85c0364",
			"_tpl": "5963866286f7747bf429b572"
		}
	],
	"equipment": "5dcb1dc5fb81105cd85c0363",
	"stash": "5dcb1dc5fb81105cd85c0362",
	"questRaidItems": "5dcb1dc5fb81105cd85c0364",
	"questStashItems": "5dcb1dc5fb81105cd85c0365",
	"fastPanel": {}
}