{
	"items": [
		{
			"_id": "5c6687d65e9d882c8841f0fd",
			"_tpl": "55d7217a4bdc2d86028b456d"
		},
		{
			"_id": "5c6687d65e9d882c8841f121",
			"_tpl": "557ffd194bdc2d28148b457f",
			"parentId": "5c6687d65e9d882c8841f0fd",
			"slotId": "Pockets"
		},
		{
			"_id": "5c6687d65e9d882c8841f0fc",
			"_tpl": "566abbc34bdc2d92178b4576"
		},
		{
			"_id": "5c6687d65e9d882c8841f0ff",
			"_tpl": "5963866b86f7747bfa1c4462"
		},
		{
			"_id": "5c6687d65e9d882c8841f0fe",
			"_tpl": "5963866286f7747bf429b572"
		},
		{
			"_id": "TacticalVest529044",
			"_tpl": "5c0e446786f7742013381639",
			"parentId": "5c6687d65e9d882c8841f0fd",
			"slotId": "TacticalVest"
		},
		{
			"_id": "I210045129159244977fhZLK",
			"_tpl": "583990e32459771419544dd2",
			"parentId": "5c6687d65e9d882c8841f0fd",
			"slotId": "FirstPrimaryWeapon"
		},
		{
			"_id": "I210045121311406653wvFCV",
			"_tpl": "5649ad3f4bdc2df8348b4585",
			"parentId": "I210045129159244977fhZLK",
			"slotId": "mod_pistol_grip"
		},
		{
			"_id": "I2100451258841275827lj2M",
			"_tpl": "57dc324a24597759501edc20",
			"parentId": "I210045129159244977fhZLK",
			"slotId": "mod_muzzle"
		},
		{
			"_id": "I210045128053229222vMjAb",
			"_tpl": "57dc334d245977597164366f",
			"parentId": "I210045129159244977fhZLK",
			"slotId": "mod_reciever"
		},
		{
			"_id": "I210045127020799390HsFeD",
			"_tpl": "59d36a0086f7747e673f3946",
			"parentId": "I210045129159244977fhZLK",
			"slotId": "mod_gas_block"
		},
		{
			"_id": "I210045126861153824Qs2LH",
			"_tpl": "57dc32dc245977596d4ef3d3",
			"parentId": "I210045127020799390HsFeD",
			"slotId": "mod_handguard"
		},
		{
			"_id": "mag2Vest423055",
			"_tpl": "5bed61680db834001d2c45ab",
			"parentId": "TacticalVest529044",
			"slotId": "3",
			"location": {
				"x": 0,
				"y": 0,
				"r": "Horizontal"
			}
		},
		{
			"_id": "AmmoMag2Vest82063",
			"_tpl": "56dff4ecd2720b5f5a8b4568",
			"parentId": "mag2Vest423055",
			"slotId": "cartridges",
			"upd": {
				"StackObjectsCount": 30
			}
		},
		{
			"_id": "StackAmmo83514627234",
			"_tpl": "56dff3afd2720bba668b4567",
			"parentId": "TacticalVest529044",
			"slotId": "5",
			"upd": {
				"StackObjectsCount": 56
			}
		},
		{
			"_id": "Scabbard736934",
			"_tpl": "57e26ea924597715ca604a09",
			"parentId": "5c6687d65e9d882c8841f0fd",
			"slotId": "Scabbard"
		},
		{
			"_id": "Headwear5800",
			"_tpl": "5e01ef6886f77445f643baa4",
			"parentId": "5c6687d65e9d882c8841f0fd",
			"slotId": "Headwear"
		},
		{
			"_id": "Headwear_cover_8033",
			"_tpl": "5e00cfa786f77469dc6e5685",
			"parentId": "Headwear5800",
			"slotId": "mod_equipment_000",
			"upd": {
				"Togglable": {
					"On": true
				}
			}
		}
	],
	"equipment": "5c6687d65e9d882c8841f0fd",
	"stash": "5c6687d65e9d882c8841f0fc",
	"questRaidItems": "5c6687d65e9d882c8841f0fe",
	"questStashItems": "5c6687d65e9d882c8841f0ff",
	"fastPanel": {}
}