{
	"items": [
		{
			"_id": "5c6687d65e9d882c8841f0fd",
			"_tpl": "55d7217a4bdc2d86028b456d"
		},
		{
			"_id": "5c6687d65e9d882c8841f121",
			"_tpl": "557ffd194bdc2d28148b457f",
			"parentId": "5c6687d65e9d882c8841f0fd",
			"slotId": "Pockets"
		},
		{
			"_id": "5c6687d65e9d882c8841f0fc",
			"_tpl": "566abbc34bdc2d92178b4576"
		},
		{
			"_id": "5c6687d65e9d882c8841f0ff",
			"_tpl": "5963866b86f7747bfa1c4462"
		},
		{
			"_id": "5c6687d65e9d882c8841f0fe",
			"_tpl": "5963866286f7747bf429b572"
		},
		{
			"_id": "TacticalVest605936",
			"_tpl": "5929a2a086f7744f4b234d43",
			"parentId": "5c6687d65e9d882c8841f0fd",
			"slotId": "TacticalVest"
		},
		{
			"_id": "I21003545137051978N1mi6I",
			"_tpl": "574d967124597745970e7c94",
			"parentId": "5c6687d65e9d882c8841f0fd",
			"slotId": "FirstPrimaryWeapon"
		},
		{
			"_id": "I21003549029092053IZhoh0",
			"_tpl": "574dad8024597745964bf05c",
			"parentId": "I21003545137051978N1mi6I",
			"slotId": "mod_stock"
		},
		{
			"_id": "I210035469247282386eNw4Y",
			"_tpl": "574db213245977459a2f3f5d",
			"parentId": "I21003545137051978N1mi6I",
			"slotId": "mod_sight_rear",
			"upd": {
				"Sight": {
					"SelectedSightMode": 0
				}
			}
		},
		{
			"_id": "MagazineWeaponScav1985",
			"_tpl": "587df3a12459772c28142567",
			"parentId": "I21003545137051978N1mi6I",
			"slotId": "mod_magazine"
		},
		{
			"_id": "AmmoMag15696",
			"_tpl": "59e0d99486f7744a32234762",
			"parentId": "MagazineWeaponScav1985",
			"slotId": "cartridges",
			"upd": {
				"StackObjectsCount": 10
			}
		},
		{
			"_id": "mag0Vest914238",
			"_tpl": "587df3a12459772c28142567",
			"parentId": "TacticalVest605936",
			"slotId": "3",
			"location": {
				"x": 0,
				"y": 0,
				"r": "Horizontal"
			}
		},
		{
			"_id": "AmmoMag0Vest910515",
			"_tpl": "59e4cf5286f7741778269d8a",
			"parentId": "mag0Vest914238",
			"slotId": "cartridges",
			"upd": {
				"StackObjectsCount": 10
			}
		},
		{
			"_id": "mag0Vest26787",
			"_tpl": "587df3a12459772c28142567",
			"parentId": "TacticalVest605936",
			"slotId": "3",
			"location": {
				"x": 0,
				"y": 1,
				"r": "Horizontal"
			}
		},
		{
			"_id": "AmmoMag0Vest930655",
			"_tpl": "59e4cf5286f7741778269d8a",
			"parentId": "mag0Vest26787",
			"slotId": "cartridges",
			"upd": {
				"StackObjectsCount": 10
			}
		},
		{
			"_id": "mag1Vest428676",
			"_tpl": "587df3a12459772c28142567",
			"parentId": "TacticalVest605936",
			"slotId": "5",
			"location": {
				"x": 0,
				"y": 1,
				"r": "Horizontal"
			}
		},
		{
			"_id": "AmmoMag1Vest818994",
			"_tpl": "59e4cf5286f7741778269d8a",
			"parentId": "mag1Vest428676",
			"slotId": "cartridges",
			"upd": {
				"StackObjectsCount": 10
			}
		},
		{
			"_id": "StackAmmo29219551669",
			"_tpl": "59e4cf5286f7741778269d8a",
			"parentId": "TacticalVest605936",
			"slotId": "1",
			"upd": {
				"StackObjectsCount": 51
			}
		},
		{
			"_id": "StackAmmo54026921536",
			"_tpl": "59e0d99486f7744a32234762",
			"parentId": "TacticalVest605936",
			"slotId": "7",
			"upd": {
				"StackObjectsCount": 46
			}
		},
		{
			"_id": "Scabbard230359",
			"_tpl": "5bffdc370db834001d23eca8",
			"parentId": "5c6687d65e9d882c8841f0fd",
			"slotId": "Scabbard"
		},
		{
			"_id": "Eyewear382180",
			"_tpl": "5b432be65acfc433000ed01f",
			"parentId": "5c6687d65e9d882c8841f0fd",
			"slotId": "Eyewear"
		},
		{
			"_id": "Pocket_148330",
			"_tpl": "5d235b4d86f7742e017bc88a",
			"parentId": "5c6687d65e9d882c8841f121",
			"slotId": "pocket1",
			"location": {
				"x": 0,
				"y": 0,
				"r": "Horizontal"
			},
			"upd": {
				"SpawnedInSession": true
			}
		},
		{
			"_id": "Pocket_357086",
			"_tpl": "5af04b6486f774195a3ebb49",
			"parentId": "5c6687d65e9d882c8841f121",
			"slotId": "pocket2",
			"location": {
				"x": 0,
				"y": 0,
				"r": "Horizontal"
			},
			"upd": {
				"SpawnedInSession": true
			}
		},
		{
			"_id": "Pocket_660272",
			"_tpl": "57347baf24597738002c6178",
			"parentId": "5c6687d65e9d882c8841f121",
			"slotId": "pocket3",
			"location": {
				"x": 0,
				"y": 0,
				"r": "Horizontal"
			},
			"upd": {
				"SpawnedInSession": true
			}
		}
	],
	"equipment": "5c6687d65e9d882c8841f0fd",
	"stash": "5c6687d65e9d882c8841f0fc",
	"questRaidItems": "5c6687d65e9d882c8841f0fe",
	"questStashItems": "5c6687d65e9d882c8841f0ff",
	"fastPanel": {}
}