{
	"items": [
		{
			"_id": "5dcb1dc4fb81105cd85bf0f3",
			"_tpl": "55d7217a4bdc2d86028b456d"
		},
		{
			"_id": "5dcb1dc4fb81105cd85bf114",
			"_tpl": "59e6152586f77473dc057aa1",
			"parentId": "5dcb1dc4fb81105cd85bf0f3",
			"slotId": "FirstPrimaryWeapon"
		},
		{
			"_id": "5dcb1dc4fb81105cd85bf115",
			"_tpl": "59e649f986f77411d949b246",
			"parentId": "5dcb1dc4fb81105cd85bf114",
			"slotId": "mod_gas_block"
		},
		{
			"_id": "5dcb1dc4fb81105cd85bf116",
			"_tpl": "59e6284f86f77440d569536f",
			"parentId": "5dcb1dc4fb81105cd85bf115",
			"slotId": "mod_handguard"
		},
		{
			"_id": "5dcb1dc4fb81105cd85bf117",
			"_tpl": "59e6318286f77444dd62c4cc",
			"parentId": "5dcb1dc4fb81105cd85bf114",
			"slotId": "mod_pistol_grip"
		},
		{
			"_id": "5dcb1dc4fb81105cd85bf118",
			"_tpl": "59e6449086f7746c9f75e822",
			"parentId": "5dcb1dc4fb81105cd85bf114",
			"slotId": "mod_reciever"
		},
		{
			"_id": "5dcb1dc4fb81105cd85bf119",
			"_tpl": "59d650cf86f7741b846413a4",
			"parentId": "5dcb1dc4fb81105cd85bf114",
			"slotId": "mod_sight_rear"
		},
		{
			"_id": "5dcb1dc4fb81105cd85bf11a",
			"_tpl": "59e89d0986f77427600d226e",
			"parentId": "5dcb1dc4fb81105cd85bf114",
			"slotId": "mod_stock"
		},
		{
			"_id": "5dcb1dc4fb81105cd85bf11b",
			"_tpl": "59e5d83b86f7745aed03d262",
			"parentId": "5dcb1dc4fb81105cd85bf114",
			"slotId": "mod_magazine"
		},
		{
			"_id": "5dcb1dc4fb81105cd85bf11c",
			"_tpl": "59e4cf5286f7741778269d8a",
			"parentId": "5dcb1dc4fb81105cd85bf11b",
			"slotId": "cartridges",
			"upd": {
				"StackObjectsCount": 10
			}
		},
		{
			"_id": "5dcb1dc4fb81105cd85bf11d",
			"_tpl": "59e4cf5286f7741778269d8a",
			"parentId": "5dcb1dc4fb81105cd85bf114",
			"slotId": "patron_in_weapon",
			"upd": {
				"StackObjectsCount": 1
			}
		},
		{
			"_id": "5dcb1dc4fb81105cd85bf11e",
			"_tpl": "557ffd194bdc2d28148b457f",
			"parentId": "5dcb1dc4fb81105cd85bf0f3",
			"slotId": "Pockets"
		},
		{
			"_id": "5dcb1dc4fb81105cd85bf11f",
			"_tpl": "572b7adb24597762ae139821",
			"parentId": "5dcb1dc4fb81105cd85bf0f3",
			"slotId": "TacticalVest"
		},
		{
			"_id": "5dcb1dc4fb81105cd85bf130",
			"_tpl": "59e5d83b86f7745aed03d262",
			"parentId": "5dcb1dc4fb81105cd85bf11f",
			"slotId": "1",
			"location": {
				"x": 0,
				"y": 0,
				"r": 0
			}
		},
		{
			"_id": "5dcb1dc4fb81105cd85bf131",
			"_tpl": "59e4cf5286f7741778269d8a",
			"parentId": "5dcb1dc4fb81105cd85bf130",
			"slotId": "cartridges",
			"upd": {
				"StackObjectsCount": 10
			}
		},
		{
			"_id": "5dcb1dc4fb81105cd85bf120",
			"_tpl": "5aa2b923e5b5b000137b7589",
			"parentId": "5dcb1dc4fb81105cd85bf0f3",
			"slotId": "Eyewear"
		},
		{
			"_id": "5dcb1dc4fb81105cd85bf121",
			"_tpl": "572b7f1624597762ae139822",
			"parentId": "5dcb1dc4fb81105cd85bf0f3",
			"slotId": "FaceCover"
		},
		{
			"_id": "5dcb1dc4fb81105cd85bf122",
			"_tpl": "5aa7d03ae5b5b00016327db5",
			"parentId": "5dcb1dc4fb81105cd85bf0f3",
			"slotId": "Headwear",
			"upd": {
				"Repairable": {
					"Durability": 15
				}
			}
		},
		{
			"_id": "5dcb1dc4fb81105cd85bf123",
			"_tpl": "59e7635f86f7742cbf2c1095",
			"parentId": "5dcb1dc4fb81105cd85bf0f3",
			"slotId": "ArmorVest",
			"upd": {
				"Repairable": {
					"Durability": 7
				}
			}
		},
		{
			"_id": "5dcb1dc4fb81105cd85bf124",
			"_tpl": "57e26fc7245977162a14b800",
			"parentId": "5dcb1dc4fb81105cd85bf0f3",
			"slotId": "Scabbard"
		},
		{
			"_id": "5dcb1dc4fb81105cd85bf125",
			"_tpl": "56e33680d2720be2748b4576",
			"parentId": "5dcb1dc4fb81105cd85bf0f3",
			"slotId": "Backpack"
		},
		{
			"_id": "5dcb1dc4fb81105cd85bf134",
			"_tpl": "57513f07245977207e26a311",
			"parentId": "5dcb1dc4fb81105cd85bf125",
			"slotId": "main",
			"location": {
				"x": 0,
				"y": 0,
				"r": 0
			},
			"upd": {
				"FoodDrink": {
					"HpPercent": 36
				}
			}
		},
		{
			"_id": "5dcb1dc4fb81105cd85bf135",
			"_tpl": "57513f07245977207e26a311",
			"parentId": "5dcb1dc4fb81105cd85bf125",
			"slotId": "main",
			"location": {
				"x": 1,
				"y": 0,
				"r": 0
			},
			"upd": {
				"FoodDrink": {
					"HpPercent": 40
				}
			}
		},
		{
			"_id": "5dcb1dc4fb81105cd85bf136",
			"_tpl": "593aa4be86f77457f56379f8",
			"parentId": "5dcb1dc4fb81105cd85bf125",
			"slotId": "main",
			"location": {
				"x": 2,
				"y": 0,
				"r": 0
			}
		},
		{
			"_id": "5dcb1dc4fb81105cd85bf137",
			"_tpl": "57ae0171245977343c27bfcf",
			"parentId": "5dcb1dc4fb81105cd85bf125",
			"slotId": "main",
			"location": {
				"x": 2,
				"y": 1,
				"r": 0
			}
		},
		{
			"_id": "5dcb1dc4fb81105cd85bf138",
			"_tpl": "5d1b198cd7ad1a604869ad72",
			"parentId": "5dcb1dc4fb81105cd85bf125",
			"slotId": "main",
			"location": {
				"x": 0,
				"y": 2,
				"r": 0
			}
		},
		{
			"_id": "5dcb1dc4fb81105cd85bf126",
			"_tpl": "5857a8bc2459772bad15db29",
			"parentId": "5dcb1dc4fb81105cd85bf0f3",
			"slotId": "SecuredContainer"
		},
		{
			"_id": "5dcb1dc4fb81105cd85bf127",
			"_tpl": "59e4cf5286f7741778269d8a",
			"parentId": "5dcb1dc4fb81105cd85bf126",
			"slotId": "main",
			"location": {
				"x": 0,
				"y": 0,
				"r": 0
			},
			"upd": {
				"StackObjectsCount": 60
			}
		},
		{
			"_id": "5dcb1dc4fb81105cd85bf128",
			"_tpl": "59e4cf5286f7741778269d8a",
			"parentId": "5dcb1dc4fb81105cd85bf126",
			"slotId": "main",
			"location": {
				"x": 1,
				"y": 0,
				"r": 0
			},
			"upd": {
				"StackObjectsCount": 60
			}
		},
		{
			"_id": "5dcb1dc4fb81105cd85bf129",
			"_tpl": "59e4cf5286f7741778269d8a",
			"parentId": "5dcb1dc4fb81105cd85bf126",
			"slotId": "main",
			"location": {
				"x": 2,
				"y": 0,
				"r": 0
			},
			"upd": {
				"StackObjectsCount": 60
			}
		},
		{
			"_id": "5dcb1dc4fb81105cd85bf12a",
			"_tpl": "59e4cf5286f7741778269d8a",
			"parentId": "5dcb1dc4fb81105cd85bf126",
			"slotId": "main",
			"location": {
				"x": 0,
				"y": 1,
				"r": 0
			},
			"upd": {
				"StackObjectsCount": 60
			}
		},
		{
			"_id": "5dcb1dc4fb81105cd85bf12b",
			"_tpl": "59e4cf5286f7741778269d8a",
			"parentId": "5dcb1dc4fb81105cd85bf126",
			"slotId": "main",
			"location": {
				"x": 1,
				"y": 1,
				"r": 0
			},
			"upd": {
				"StackObjectsCount": 60
			}
		},
		{
			"_id": "5dcb1dc4fb81105cd85bf12c",
			"_tpl": "59e4cf5286f7741778269d8a",
			"parentId": "5dcb1dc4fb81105cd85bf126",
			"slotId": "main",
			"location": {
				"x": 2,
				"y": 1,
				"r": 0
			},
			"upd": {
				"StackObjectsCount": 60
			}
		},
		{
			"_id": "5dcb1dc4fb81105cd85bf12d",
			"_tpl": "59e4cf5286f7741778269d8a",
			"parentId": "5dcb1dc4fb81105cd85bf126",
			"slotId": "main",
			"location": {
				"x": 0,
				"y": 2,
				"r": 0
			},
			"upd": {
				"StackObjectsCount": 60
			}
		},
		{
			"_id": "5dcb1dc4fb81105cd85bf12e",
			"_tpl": "59e4cf5286f7741778269d8a",
			"parentId": "5dcb1dc4fb81105cd85bf126",
			"slotId": "main",
			"location": {
				"x": 1,
				"y": 2,
				"r": 0
			},
			"upd": {
				"StackObjectsCount": 60
			}
		},
		{
			"_id": "5dcb1dc4fb81105cd85bf12f",
			"_tpl": "59e4cf5286f7741778269d8a",
			"parentId": "5dcb1dc4fb81105cd85bf126",
			"slotId": "main",
			"location": {
				"x": 2,
				"y": 2,
				"r": 0
			},
			"upd": {
				"StackObjectsCount": 60
			}
		},
		{
			"_id": "5dcb1dc4fb81105cd85bf0f2",
			"_tpl": "566abbc34bdc2d92178b4576"
		},
		{
			"_id": "5dcb1dc4fb81105cd85bf0f5",
			"_tpl": "5963866b86f7747bfa1c4462"
		},
		{
			"_id": "5dcb1dc4fb81105cd85bf0f4",
			"_tpl": "5963866286f7747bf429b572"
		}
	],
	"equipment": "5dcb1dc4fb81105cd85bf0f3",
	"stash": "5dcb1dc4fb81105cd85bf0f2",
	"questRaidItems": "5dcb1dc4fb81105cd85bf0f4",
	"questStashItems": "5dcb1dc4fb81105cd85bf0f5",
	"fastPanel": {}
}