{
	"items": [
		{
			"_id": "5dcb1de5d7ed5e035c43914b",
			"_tpl": "55d7217a4bdc2d86028b456d"
		},
		{
			"_id": "5dcb1de5d7ed5e035c43916a",
			"_tpl": "587e02ff24597743df3deaeb",
			"parentId": "5dcb1de5d7ed5e035c43914b",
			"slotId": "FirstPrimaryWeapon"
		},
		{
			"_id": "5dcb1de5d7ed5e035c43916b",
			"_tpl": "587e0531245977466077a0f7",
			"parentId": "5dcb1de5d7ed5e035c43916a",
			"slotId": "mod_stock"
		},
		{
			"_id": "5dcb1de5d7ed5e035c43916c",
			"_tpl": "587df3a12459772c28142567",
			"parentId": "5dcb1de5d7ed5e035c43916a",
			"slotId": "mod_magazine"
		},
		{
			"_id": "5dcb1de5d7ed5e035c43916d",
			"_tpl": "5656d7c34bdc2d9d198b4587",
			"parentId": "5dcb1de5d7ed5e035c43916c",
			"slotId": "cartridges",
			"upd": {
				"StackObjectsCount": 10
			}
		},
		{
			"_id": "5dcb1de5d7ed5e035c43916e",
			"_tpl": "5656d7c34bdc2d9d198b4587",
			"parentId": "5dcb1de5d7ed5e035c43916a",
			"slotId": "patron_in_weapon",
			"upd": {
				"StackObjectsCount": 1
			}
		},
		{
			"_id": "5dcb1de5d7ed5e035c43916f",
			"_tpl": "557ffd194bdc2d28148b457f",
			"parentId": "5dcb1de5d7ed5e035c43914b",
			"slotId": "Pockets"
		},
		{
			"_id": "5dcb1de5d7ed5e035c43917f",
			"_tpl": "5d1c774f86f7746d6620f8db",
			"parentId": "5dcb1de5d7ed5e035c43916f",
			"slotId": "pocket1",
			"location": {
				"x": 0,
				"y": 0,
				"r": 0
			}
		},
		{
			"_id": "5dcb1de5d7ed5e035c439170",
			"_tpl": "5c0e446786f7742013381639",
			"parentId": "5dcb1de5d7ed5e035c43914b",
			"slotId": "TacticalVest"
		},
		{
			"_id": "5dcb1de5d7ed5e035c43917d",
			"_tpl": "5656d7c34bdc2d9d198b4587",
			"parentId": "5dcb1de5d7ed5e035c439170",
			"slotId": "1",
			"location": {
				"x": 0,
				"y": 0,
				"r": 0
			},
			"upd": {
				"StackObjectsCount": 55
			}
		},
		{
			"_id": "5dcb1de5d7ed5e035c439171",
			"_tpl": "5d6d2ef3a4b93618084f58bd",
			"parentId": "5dcb1de5d7ed5e035c43914b",
			"slotId": "Eyewear"
		},
		{
			"_id": "5dcb1de5d7ed5e035c439172",
			"_tpl": "56e33680d2720be2748b4576",
			"parentId": "5dcb1de5d7ed5e035c43914b",
			"slotId": "Backpack"
		},
		{
			"_id": "5dcb1de5d7ed5e035c439173",
			"_tpl": "5857a8bc2459772bad15db29",
			"parentId": "5dcb1de5d7ed5e035c43914b",
			"slotId": "SecuredContainer"
		},
		{
			"_id": "5dcb1de5d7ed5e035c439174",
			"_tpl": "5656d7c34bdc2d9d198b4587",
			"parentId": "5dcb1de5d7ed5e035c439173",
			"slotId": "main",
			"location": {
				"x": 0,
				"y": 0,
				"r": 0
			},
			"upd": {
				"StackObjectsCount": 60
			}
		},
		{
			"_id": "5dcb1de5d7ed5e035c439175",
			"_tpl": "5656d7c34bdc2d9d198b4587",
			"parentId": "5dcb1de5d7ed5e035c439173",
			"slotId": "main",
			"location": {
				"x": 1,
				"y": 0,
				"r": 0
			},
			"upd": {
				"StackObjectsCount": 60
			}
		},
		{
			"_id": "5dcb1de5d7ed5e035c439176",
			"_tpl": "5656d7c34bdc2d9d198b4587",
			"parentId": "5dcb1de5d7ed5e035c439173",
			"slotId": "main",
			"location": {
				"x": 2,
				"y": 0,
				"r": 0
			},
			"upd": {
				"StackObjectsCount": 60
			}
		},
		{
			"_id": "5dcb1de5d7ed5e035c439177",
			"_tpl": "5656d7c34bdc2d9d198b4587",
			"parentId": "5dcb1de5d7ed5e035c439173",
			"slotId": "main",
			"location": {
				"x": 0,
				"y": 1,
				"r": 0
			},
			"upd": {
				"StackObjectsCount": 60
			}
		},
		{
			"_id": "5dcb1de5d7ed5e035c439178",
			"_tpl": "5656d7c34bdc2d9d198b4587",
			"parentId": "5dcb1de5d7ed5e035c439173",
			"slotId": "main",
			"location": {
				"x": 1,
				"y": 1,
				"r": 0
			},
			"upd": {
				"StackObjectsCount": 60
			}
		},
		{
			"_id": "5dcb1de5d7ed5e035c439179",
			"_tpl": "5656d7c34bdc2d9d198b4587",
			"parentId": "5dcb1de5d7ed5e035c439173",
			"slotId": "main",
			"location": {
				"x": 2,
				"y": 1,
				"r": 0
			},
			"upd": {
				"StackObjectsCount": 60
			}
		},
		{
			"_id": "5dcb1de5d7ed5e035c43917a",
			"_tpl": "5656d7c34bdc2d9d198b4587",
			"parentId": "5dcb1de5d7ed5e035c439173",
			"slotId": "main",
			"location": {
				"x": 0,
				"y": 2,
				"r": 0
			},
			"upd": {
				"StackObjectsCount": 60
			}
		},
		{
			"_id": "5dcb1de5d7ed5e035c43917b",
			"_tpl": "5656d7c34bdc2d9d198b4587",
			"parentId": "5dcb1de5d7ed5e035c439173",
			"slotId": "main",
			"location": {
				"x": 1,
				"y": 2,
				"r": 0
			},
			"upd": {
				"StackObjectsCount": 60
			}
		},
		{
			"_id": "5dcb1de5d7ed5e035c43917c",
			"_tpl": "5656d7c34bdc2d9d198b4587",
			"parentId": "5dcb1de5d7ed5e035c439173",
			"slotId": "main",
			"location": {
				"x": 2,
				"y": 2,
				"r": 0
			},
			"upd": {
				"StackObjectsCount": 60
			}
		},
		{
			"_id": "5dcb1de5d7ed5e035c43914a",
			"_tpl": "566abbc34bdc2d92178b4576"
		},
		{
			"_id": "5dcb1de5d7ed5e035c43914d",
			"_tpl": "5963866b86f7747bfa1c4462"
		},
		{
			"_id": "5dcb1de5d7ed5e035c43914c",
			"_tpl": "5963866286f7747bf429b572"
		}
	],
	"equipment": "5dcb1de5d7ed5e035c43914b",
	"stash": "5dcb1de5d7ed5e035c43914a",
	"questRaidItems": "5dcb1de5d7ed5e035c43914c",
	"questStashItems": "5dcb1de5d7ed5e035c43914d",
	"fastPanel": {}
}