{
	"items": [
		{
			"_id": "5c6687d65e9d882c8841f0fd",
			"_tpl": "55d7217a4bdc2d86028b456d"
		},
		{
			"_id": "5c6687d65e9d882c8841f121",
			"_tpl": "557ffd194bdc2d28148b457f",
			"parentId": "5c6687d65e9d882c8841f0fd",
			"slotId": "Pockets"
		},
		{
			"_id": "5c6687d65e9d882c8841f0fc",
			"_tpl": "566abbc34bdc2d92178b4576"
		},
		{
			"_id": "5c6687d65e9d882c8841f0ff",
			"_tpl": "5963866b86f7747bfa1c4462"
		},
		{
			"_id": "5c6687d65e9d882c8841f0fe",
			"_tpl": "5963866286f7747bf429b572"
		},
		{
			"_id": "TacticalVest143742",
			"_tpl": "5b44c8ea86f7742d1627baf1",
			"parentId": "5c6687d65e9d882c8841f0fd",
			"slotId": "TacticalVest"
		},
		{
			"_id": "I21004266062619053rUPu0w",
			"_tpl": "587e02ff24597743df3deaeb",
			"parentId": "5c6687d65e9d882c8841f0fd",
			"slotId": "FirstPrimaryWeapon"
		},
		{
			"_id": "I210042629579977294mSOx4",
			"_tpl": "587e0531245977466077a0f7",
			"parentId": "I21004266062619053rUPu0w",
			"slotId": "mod_stock"
		},
		{
			"_id": "I21004265607783668HnQrjp",
			"_tpl": "574db213245977459a2f3f5d",
			"parentId": "I21004266062619053rUPu0w",
			"slotId": "mod_sight_rear",
			"upd": {
				"Sight": {
					"SelectedSightMode": 0
				}
			}
		},
		{
			"_id": "MagazineWeaponScav233",
			"_tpl": "5c5970672e221602b21d7855",
			"parentId": "I21004266062619053rUPu0w",
			"slotId": "mod_magazine"
		},
		{
			"_id": "AmmoMag15555",
			"_tpl": "5656d7c34bdc2d9d198b4587",
			"parentId": "MagazineWeaponScav233",
			"slotId": "cartridges",
			"upd": {
				"StackObjectsCount": 35
			}
		},
		{
			"_id": "I21004262280997617l5swJY",
			"_tpl": "587e08ee245977446b4410cf",
			"parentId": "I21004266062619053rUPu0w",
			"slotId": "mod_mount"
		},
		{
			"_id": "mag5Vest201329",
			"_tpl": "5c5970672e221602b21d7855",
			"parentId": "TacticalVest143742",
			"slotId": "6",
			"location": {
				"x": 0,
				"y": 0,
				"r": "Horizontal"
			}
		},
		{
			"_id": "AmmoMag5Vest50672",
			"_tpl": "59e0d99486f7744a32234762",
			"parentId": "mag5Vest201329",
			"slotId": "cartridges",
			"upd": {
				"StackObjectsCount": 35
			}
		},
		{
			"_id": "mag6Vest947543",
			"_tpl": "5c5970672e221602b21d7855",
			"parentId": "TacticalVest143742",
			"slotId": "8",
			"location": {
				"x": 0,
				"y": 0,
				"r": "Horizontal"
			}
		},
		{
			"_id": "AmmoMag6Vest34013",
			"_tpl": "59e0d99486f7744a32234762",
			"parentId": "mag6Vest947543",
			"slotId": "cartridges",
			"upd": {
				"StackObjectsCount": 35
			}
		},
		{
			"_id": "Scabbard78508",
			"_tpl": "57e26fc7245977162a14b800",
			"parentId": "5c6687d65e9d882c8841f0fd",
			"slotId": "Scabbard"
		},
		{
			"_id": "Backpack946279",
			"_tpl": "56e33634d2720bd8058b456b",
			"parentId": "5c6687d65e9d882c8841f0fd",
			"slotId": "Backpack"
		},
		{
			"_id": "BP_Backpack946279_124422",
			"_tpl": "5bc9bdb8d4351e003562b8a1",
			"parentId": "Backpack946279",
			"slotId": "main",
			"location": {
				"x": 0,
				"y": 0,
				"r": "Horizontal"
			}
		}
	],
	"equipment": "5c6687d65e9d882c8841f0fd",
	"stash": "5c6687d65e9d882c8841f0fc",
	"questRaidItems": "5c6687d65e9d882c8841f0fe",
	"questStashItems": "5c6687d65e9d882c8841f0ff",
	"fastPanel": {}
}