{
	"items": [
		{
			"_id": "5c6687d65e9d882c8841f0fd",
			"_tpl": "55d7217a4bdc2d86028b456d"
		},
		{
			"_id": "5c6687d65e9d882c8841f121",
			"_tpl": "557ffd194bdc2d28148b457f",
			"parentId": "5c6687d65e9d882c8841f0fd",
			"slotId": "Pockets"
		},
		{
			"_id": "5c6687d65e9d882c8841f0fc",
			"_tpl": "566abbc34bdc2d92178b4576"
		},
		{
			"_id": "5c6687d65e9d882c8841f0ff",
			"_tpl": "5963866b86f7747bfa1c4462"
		},
		{
			"_id": "5c6687d65e9d882c8841f0fe",
			"_tpl": "5963866286f7747bf429b572"
		},
		{
			"_id": "TacticalVest254208",
			"_tpl": "5648a69d4bdc2ded0b8b457b",
			"parentId": "5c6687d65e9d882c8841f0fd",
			"slotId": "TacticalVest"
		},
		{
			"_id": "I21320920636741808852tD2",
			"_tpl": "5c07c60e0db834002330051f",
			"parentId": "5c6687d65e9d882c8841f0fd",
			"slotId": "FirstPrimaryWeapon"
		},
		{
			"_id": "I213209207122471973WkFnD",
			"_tpl": "5c0e2ff6d174af02a1659d4a",
			"parentId": "I21320920636741808852tD2",
			"slotId": "mod_pistol_grip"
		},
		{
			"_id": "I213209209863401879PNIJZ",
			"_tpl": "5c0e2f26d174af02a9625114",
			"parentId": "I21320920636741808852tD2",
			"slotId": "mod_reciever"
		},
		{
			"_id": "I213209201860495926TeVe3",
			"_tpl": "5649be884bdc2d79388b4577",
			"parentId": "I21320920636741808852tD2",
			"slotId": "mod_stock"
		},
		{
			"_id": "I213209202185334406vET3j",
			"_tpl": "5c0faf68d174af02a96260b8",
			"parentId": "I21320920636741808852tD2",
			"slotId": "mod_charge"
		},
		{
			"_id": "I213209202851743737k58QR",
			"_tpl": "584984812459776a704a82a6",
			"parentId": "I213209209863401879PNIJZ",
			"slotId": "mod_scope",
			"upd": {
				"Sight": {
					"SelectedSightMode": 0
				}
			}
		},
		{
			"_id": "I213209206193574857H82J0",
			"_tpl": "5c0e2f94d174af029f650d56",
			"parentId": "I213209209863401879PNIJZ",
			"slotId": "mod_barrel"
		},
		{
			"_id": "I213209207695800390xs3iP",
			"_tpl": "5c0e2f5cd174af02a012cfc9",
			"parentId": "I213209209863401879PNIJZ",
			"slotId": "mod_handguard"
		},
		{
			"_id": "I213209209336921840j7tRL",
			"_tpl": "5c0fafb6d174af02a96260ba",
			"parentId": "I213209206193574857H82J0",
			"slotId": "mod_muzzle"
		},
		{
			"_id": "I213209208744200084huUT5",
			"_tpl": "5ae30e795acfc408fb139a0b",
			"parentId": "I213209206193574857H82J0",
			"slotId": "mod_gas_block"
		},
		{
			"_id": "mag1Vest910905",
			"_tpl": "5aaa5e60e5b5b000140293d6",
			"parentId": "TacticalVest254208",
			"slotId": "2",
			"location": {
				"x": 0,
				"y": 0,
				"r": "Horizontal"
			}
		},
		{
			"_id": "AmmoMag1Vest179423",
			"_tpl": "59e6927d86f77411da468256",
			"parentId": "mag1Vest910905",
			"slotId": "cartridges",
			"upd": {
				"StackObjectsCount": 10
			}
		},
		{
			"_id": "mag1Vest669914",
			"_tpl": "5aaa5e60e5b5b000140293d6",
			"parentId": "TacticalVest254208",
			"slotId": "2",
			"location": {
				"x": 0,
				"y": 1,
				"r": "Horizontal"
			}
		},
		{
			"_id": "AmmoMag1Vest730366",
			"_tpl": "54527ac44bdc2d36668b4567",
			"parentId": "mag1Vest669914",
			"slotId": "cartridges",
			"upd": {
				"StackObjectsCount": 10
			}
		},
		{
			"_id": "mag2Vest327931",
			"_tpl": "5aaa5e60e5b5b000140293d6",
			"parentId": "TacticalVest254208",
			"slotId": "4",
			"location": {
				"x": 0,
				"y": 0,
				"r": "Horizontal"
			}
		},
		{
			"_id": "AmmoMag2Vest939155",
			"_tpl": "54527ac44bdc2d36668b4567",
			"parentId": "mag2Vest327931",
			"slotId": "cartridges",
			"upd": {
				"StackObjectsCount": 10
			}
		},
		{
			"_id": "mag3Vest559672",
			"_tpl": "5aaa5e60e5b5b000140293d6",
			"parentId": "TacticalVest254208",
			"slotId": "11",
			"location": {
				"x": 0,
				"y": 1,
				"r": "Horizontal"
			}
		},
		{
			"_id": "AmmoMag3Vest642746",
			"_tpl": "54527a984bdc2d4e668b4567",
			"parentId": "mag3Vest559672",
			"slotId": "cartridges",
			"upd": {
				"StackObjectsCount": 10
			}
		},
		{
			"_id": "Scabbard341591",
			"_tpl": "57e26ea924597715ca604a09",
			"parentId": "5c6687d65e9d882c8841f0fd",
			"slotId": "Scabbard"
		},
		{
			"_id": "Headwear642141",
			"_tpl": "5b40e5e25acfc4001a599bea",
			"parentId": "5c6687d65e9d882c8841f0fd",
			"slotId": "Headwear"
		},
		{
			"_id": "ArmorVest649561",
			"_tpl": "5c0e541586f7747fa54205c9",
			"parentId": "5c6687d65e9d882c8841f0fd",
			"slotId": "ArmorVest",
			"upd": {
				"Repairable": {
					"MaxDurability": 60,
					"Durability": 12
				}
			}
		}
	],
	"equipment": "5c6687d65e9d882c8841f0fd",
	"stash": "5c6687d65e9d882c8841f0fc",
	"questRaidItems": "5c6687d65e9d882c8841f0fe",
	"questStashItems": "5c6687d65e9d882c8841f0ff",
	"fastPanel": {}
}