{
	"items": [
		{
			"_id": "5dcb1de5d7ed5e035c4383ec",
			"_tpl": "55d7217a4bdc2d86028b456d"
		},
		{
			"_id": "5dcb1de5d7ed5e035c43840c",
			"_tpl": "5c07c60e0db834002330051f",
			"parentId": "5dcb1de5d7ed5e035c4383ec",
			"slotId": "FirstPrimaryWeapon",
			"upd": {
				"FireMode": {
					"FireMode": "single"
				}
			}
		},
		{
			"_id": "5dcb1de5d7ed5e035c43840d",
			"_tpl": "5c0e2ff6d174af02a1659d4a",
			"parentId": "5dcb1de5d7ed5e035c43840c",
			"slotId": "mod_pistol_grip"
		},
		{
			"_id": "5dcb1de5d7ed5e035c438414",
			"_tpl": "5649be884bdc2d79388b4577",
			"parentId": "5dcb1de5d7ed5e035c43840c",
			"slotId": "mod_stock"
		},
		{
			"_id": "5dcb1de5d7ed5e035c438415",
			"_tpl": "5c0faf68d174af02a96260b8",
			"parentId": "5dcb1de5d7ed5e035c43840c",
			"slotId": "mod_charge"
		},
		{
			"_id": "5dcb1de5d7ed5e035c438416",
			"_tpl": "5c0e2f26d174af02a9625114",
			"parentId": "5dcb1de5d7ed5e035c43840c",
			"slotId": "mod_reciever"
		},
		{
			"_id": "5dcb1de5d7ed5e035c438417",
			"_tpl": "5c0e2f94d174af029f650d56",
			"parentId": "5dcb1de5d7ed5e035c438416",
			"slotId": "mod_barrel"
		},
		{
			"_id": "5dcb1de5d7ed5e035c438418",
			"_tpl": "5ae30e795acfc408fb139a0b",
			"parentId": "5dcb1de5d7ed5e035c438417",
			"slotId": "mod_gas_block"
		},
		{
			"_id": "5dcb1de5d7ed5e035c438419",
			"_tpl": "5c0e2f5cd174af02a012cfc9",
			"parentId": "5dcb1de5d7ed5e035c438416",
			"slotId": "mod_handguard"
		},
		{
			"_id": "5dcb1de5d7ed5e035c43841a",
			"_tpl": "55d5f46a4bdc2d1b198b4567",
			"parentId": "5dcb1de5d7ed5e035c438416",
			"slotId": "mod_sight_rear"
		},
		{
			"_id": "5dcb1de5d7ed5e035c43841b",
			"_tpl": "55d4887d4bdc2d962f8b4570",
			"parentId": "5dcb1de5d7ed5e035c43840c",
			"slotId": "mod_magazine"
		},
		{
			"_id": "5dcb1de5d7ed5e035c43841c",
			"_tpl": "54527a984bdc2d4e668b4567",
			"parentId": "5dcb1de5d7ed5e035c43841b",
			"slotId": "cartridges",
			"upd": {
				"StackObjectsCount": 30
			}
		},
		{
			"_id": "5dcb1de5d7ed5e035c43841d",
			"_tpl": "557ffd194bdc2d28148b457f",
			"parentId": "5dcb1de5d7ed5e035c4383ec",
			"slotId": "Pockets"
		},
		{
			"_id": "5dcb1de5d7ed5e035c43841e",
			"_tpl": "572b7adb24597762ae139821",
			"parentId": "5dcb1de5d7ed5e035c4383ec",
			"slotId": "TacticalVest"
		},
		{
			"_id": "5dcb1de5d7ed5e035c43842d",
			"_tpl": "55d4887d4bdc2d962f8b4570",
			"parentId": "5dcb1de5d7ed5e035c43841e",
			"slotId": "2",
			"location": {
				"x": 0,
				"y": 0,
				"r": 0
			}
		},
		{
			"_id": "5dcb1de5d7ed5e035c43842e",
			"_tpl": "54527a984bdc2d4e668b4567",
			"parentId": "5dcb1de5d7ed5e035c43842d",
			"slotId": "cartridges",
			"upd": {
				"StackObjectsCount": 30
			}
		},
		{
			"_id": "5dcb1de5d7ed5e035c43841f",
			"_tpl": "5aa2b9aee5b5b00015693121",
			"parentId": "5dcb1de5d7ed5e035c4383ec",
			"slotId": "Eyewear"
		},
		{
			"_id": "5dcb1de5d7ed5e035c438420",
			"_tpl": "572b7fa524597762b747ce82",
			"parentId": "5dcb1de5d7ed5e035c4383ec",
			"slotId": "FaceCover"
		},
		{
			"_id": "5dcb1de5d7ed5e035c438421",
			"_tpl": "59e7708286f7742cbd762753",
			"parentId": "5dcb1de5d7ed5e035c4383ec",
			"slotId": "Headwear"
		},
		{
			"_id": "5dcb1de5d7ed5e035c438422",
			"_tpl": "59e7635f86f7742cbf2c1095",
			"parentId": "5dcb1de5d7ed5e035c4383ec",
			"slotId": "ArmorVest",
			"upd": {
				"Repairable": {
					"Durability": 12
				}
			}
		},
		{
			"_id": "5dcb1de5d7ed5e035c438423",
			"_tpl": "5857a8bc2459772bad15db29",
			"parentId": "5dcb1de5d7ed5e035c4383ec",
			"slotId": "SecuredContainer"
		},
		{
			"_id": "5dcb1de5d7ed5e035c438424",
			"_tpl": "54527a984bdc2d4e668b4567",
			"parentId": "5dcb1de5d7ed5e035c438423",
			"slotId": "main",
			"location": {
				"x": 0,
				"y": 0,
				"r": 0
			},
			"upd": {
				"StackObjectsCount": 60
			}
		},
		{
			"_id": "5dcb1de5d7ed5e035c438425",
			"_tpl": "54527a984bdc2d4e668b4567",
			"parentId": "5dcb1de5d7ed5e035c438423",
			"slotId": "main",
			"location": {
				"x": 1,
				"y": 0,
				"r": 0
			},
			"upd": {
				"StackObjectsCount": 60
			}
		},
		{
			"_id": "5dcb1de5d7ed5e035c438426",
			"_tpl": "54527a984bdc2d4e668b4567",
			"parentId": "5dcb1de5d7ed5e035c438423",
			"slotId": "main",
			"location": {
				"x": 2,
				"y": 0,
				"r": 0
			},
			"upd": {
				"StackObjectsCount": 60
			}
		},
		{
			"_id": "5dcb1de5d7ed5e035c438427",
			"_tpl": "54527a984bdc2d4e668b4567",
			"parentId": "5dcb1de5d7ed5e035c438423",
			"slotId": "main",
			"location": {
				"x": 0,
				"y": 1,
				"r": 0
			},
			"upd": {
				"StackObjectsCount": 60
			}
		},
		{
			"_id": "5dcb1de5d7ed5e035c438428",
			"_tpl": "54527a984bdc2d4e668b4567",
			"parentId": "5dcb1de5d7ed5e035c438423",
			"slotId": "main",
			"location": {
				"x": 1,
				"y": 1,
				"r": 0
			},
			"upd": {
				"StackObjectsCount": 60
			}
		},
		{
			"_id": "5dcb1de5d7ed5e035c438429",
			"_tpl": "54527a984bdc2d4e668b4567",
			"parentId": "5dcb1de5d7ed5e035c438423",
			"slotId": "main",
			"location": {
				"x": 2,
				"y": 1,
				"r": 0
			},
			"upd": {
				"StackObjectsCount": 60
			}
		},
		{
			"_id": "5dcb1de5d7ed5e035c43842a",
			"_tpl": "54527a984bdc2d4e668b4567",
			"parentId": "5dcb1de5d7ed5e035c438423",
			"slotId": "main",
			"location": {
				"x": 0,
				"y": 2,
				"r": 0
			},
			"upd": {
				"StackObjectsCount": 60
			}
		},
		{
			"_id": "5dcb1de5d7ed5e035c43842b",
			"_tpl": "54527a984bdc2d4e668b4567",
			"parentId": "5dcb1de5d7ed5e035c438423",
			"slotId": "main",
			"location": {
				"x": 1,
				"y": 2,
				"r": 0
			},
			"upd": {
				"StackObjectsCount": 60
			}
		},
		{
			"_id": "5dcb1de5d7ed5e035c43842c",
			"_tpl": "54527a984bdc2d4e668b4567",
			"parentId": "5dcb1de5d7ed5e035c438423",
			"slotId": "main",
			"location": {
				"x": 2,
				"y": 2,
				"r": 0
			},
			"upd": {
				"StackObjectsCount": 60
			}
		},
		{
			"_id": "5dcb1de5d7ed5e035c4383eb",
			"_tpl": "566abbc34bdc2d92178b4576"
		},
		{
			"_id": "5dcb1de5d7ed5e035c4383ee",
			"_tpl": "5963866b86f7747bfa1c4462"
		},
		{
			"_id": "5dcb1de5d7ed5e035c4383ed",
			"_tpl": "5963866286f7747bf429b572"
		}
	],
	"equipment": "5dcb1de5d7ed5e035c4383ec",
	"stash": "5dcb1de5d7ed5e035c4383eb",
	"questRaidItems": "5dcb1de5d7ed5e035c4383ed",
	"questStashItems": "5dcb1de5d7ed5e035c4383ee",
	"fastPanel": {}
}