{
	"items": [
		{
			"_id": "5dcb1de5d7ed5e035c4390cc",
			"_tpl": "55d7217a4bdc2d86028b456d"
		},
		{
			"_id": "5dcb1de5d7ed5e035c4390ec",
			"_tpl": "5a38e6bac4a2826c6e06d79b",
			"parentId": "5dcb1de5d7ed5e035c4390cc",
			"slotId": "FirstPrimaryWeapon"
		},
		{
			"_id": "5dcb1de5d7ed5e035c4390ed",
			"_tpl": "5adf23995acfc400185c2aeb",
			"parentId": "5dcb1de5d7ed5e035c4390ec",
			"slotId": "mod_stock"
		},
		{
			"_id": "5dcb1de5d7ed5e035c4390ee",
			"_tpl": "5a38ed75c4a28232996e40c6",
			"parentId": "5dcb1de5d7ed5e035c4390ec",
			"slotId": "mod_magazine"
		},
		{
			"_id": "5dcb1de5d7ed5e035c4390ef",
			"_tpl": "5a38ebd9c4a282000d722a5b",
			"parentId": "5dcb1de5d7ed5e035c4390ee",
			"slotId": "cartridges",
			"upd": {
				"StackObjectsCount": 4
			}
		},
		{
			"_id": "5dcb1de5d7ed5e035c4390f0",
			"_tpl": "5a38ebd9c4a282000d722a5b",
			"parentId": "5dcb1de5d7ed5e035c4390ec",
			"slotId": "patron_in_weapon",
			"upd": {
				"StackObjectsCount": 1
			}
		},
		{
			"_id": "5dcb1de5d7ed5e035c4390f1",
			"_tpl": "557ffd194bdc2d28148b457f",
			"parentId": "5dcb1de5d7ed5e035c4390cc",
			"slotId": "Pockets"
		},
		{
			"_id": "5dcb1de5d7ed5e035c4390f2",
			"_tpl": "59e7643b86f7742cbf2c109a",
			"parentId": "5dcb1de5d7ed5e035c4390cc",
			"slotId": "TacticalVest"
		},
		{
			"_id": "5dcb1de5d7ed5e035c439101",
			"_tpl": "5a38ed75c4a28232996e40c6",
			"parentId": "5dcb1de5d7ed5e035c4390f2",
			"slotId": "1",
			"location": {
				"x": 0,
				"y": 0,
				"r": 0
			}
		},
		{
			"_id": "5dcb1de5d7ed5e035c439102",
			"_tpl": "5a38ebd9c4a282000d722a5b",
			"parentId": "5dcb1de5d7ed5e035c439101",
			"slotId": "cartridges",
			"upd": {
				"StackObjectsCount": 4
			}
		},
		{
			"_id": "5dcb1de5d7ed5e035c439103",
			"_tpl": "5a38ed75c4a28232996e40c6",
			"parentId": "5dcb1de5d7ed5e035c4390f2",
			"slotId": "1",
			"location": {
				"x": 1,
				"y": 0,
				"r": 0
			}
		},
		{
			"_id": "5dcb1de5d7ed5e035c439104",
			"_tpl": "5a38ebd9c4a282000d722a5b",
			"parentId": "5dcb1de5d7ed5e035c439103",
			"slotId": "cartridges",
			"upd": {
				"StackObjectsCount": 4
			}
		},
		{
			"_id": "5dcb1de5d7ed5e035c439105",
			"_tpl": "5a38ed75c4a28232996e40c6",
			"parentId": "5dcb1de5d7ed5e035c4390f2",
			"slotId": "1",
			"location": {
				"x": 0,
				"y": 1,
				"r": 0
			}
		},
		{
			"_id": "5dcb1de5d7ed5e035c439106",
			"_tpl": "5a38ebd9c4a282000d722a5b",
			"parentId": "5dcb1de5d7ed5e035c439105",
			"slotId": "cartridges",
			"upd": {
				"StackObjectsCount": 4
			}
		},
		{
			"_id": "5dcb1de5d7ed5e035c4390f3",
			"_tpl": "59e770b986f7742cbd762754",
			"parentId": "5dcb1de5d7ed5e035c4390cc",
			"slotId": "Eyewear"
		},
		{
			"_id": "5dcb1de5d7ed5e035c4390f4",
			"_tpl": "572b7fa524597762b747ce82",
			"parentId": "5dcb1de5d7ed5e035c4390cc",
			"slotId": "FaceCover"
		},
		{
			"_id": "5dcb1de5d7ed5e035c4390f5",
			"_tpl": "59e7635f86f7742cbf2c1095",
			"parentId": "5dcb1de5d7ed5e035c4390cc",
			"slotId": "ArmorVest",
			"upd": {
				"Repairable": {
					"Durability": 31
				}
			}
		},
		{
			"_id": "5dcb1de5d7ed5e035c4390f6",
			"_tpl": "57e26fc7245977162a14b800",
			"parentId": "5dcb1de5d7ed5e035c4390cc",
			"slotId": "Scabbard"
		},
		{
			"_id": "5dcb1de5d7ed5e035c4390f7",
			"_tpl": "5857a8bc2459772bad15db29",
			"parentId": "5dcb1de5d7ed5e035c4390cc",
			"slotId": "SecuredContainer"
		},
		{
			"_id": "5dcb1de5d7ed5e035c4390f8",
			"_tpl": "5a38ebd9c4a282000d722a5b",
			"parentId": "5dcb1de5d7ed5e035c4390f7",
			"slotId": "main",
			"location": {
				"x": 0,
				"y": 0,
				"r": 0
			},
			"upd": {
				"StackObjectsCount": 20
			}
		},
		{
			"_id": "5dcb1de5d7ed5e035c4390f9",
			"_tpl": "5a38ebd9c4a282000d722a5b",
			"parentId": "5dcb1de5d7ed5e035c4390f7",
			"slotId": "main",
			"location": {
				"x": 1,
				"y": 0,
				"r": 0
			},
			"upd": {
				"StackObjectsCount": 20
			}
		},
		{
			"_id": "5dcb1de5d7ed5e035c4390fa",
			"_tpl": "5a38ebd9c4a282000d722a5b",
			"parentId": "5dcb1de5d7ed5e035c4390f7",
			"slotId": "main",
			"location": {
				"x": 2,
				"y": 0,
				"r": 0
			},
			"upd": {
				"StackObjectsCount": 20
			}
		},
		{
			"_id": "5dcb1de5d7ed5e035c4390fb",
			"_tpl": "5a38ebd9c4a282000d722a5b",
			"parentId": "5dcb1de5d7ed5e035c4390f7",
			"slotId": "main",
			"location": {
				"x": 0,
				"y": 1,
				"r": 0
			},
			"upd": {
				"StackObjectsCount": 20
			}
		},
		{
			"_id": "5dcb1de5d7ed5e035c4390fc",
			"_tpl": "5a38ebd9c4a282000d722a5b",
			"parentId": "5dcb1de5d7ed5e035c4390f7",
			"slotId": "main",
			"location": {
				"x": 1,
				"y": 1,
				"r": 0
			},
			"upd": {
				"StackObjectsCount": 20
			}
		},
		{
			"_id": "5dcb1de5d7ed5e035c4390fd",
			"_tpl": "5a38ebd9c4a282000d722a5b",
			"parentId": "5dcb1de5d7ed5e035c4390f7",
			"slotId": "main",
			"location": {
				"x": 2,
				"y": 1,
				"r": 0
			},
			"upd": {
				"StackObjectsCount": 20
			}
		},
		{
			"_id": "5dcb1de5d7ed5e035c4390fe",
			"_tpl": "5a38ebd9c4a282000d722a5b",
			"parentId": "5dcb1de5d7ed5e035c4390f7",
			"slotId": "main",
			"location": {
				"x": 0,
				"y": 2,
				"r": 0
			},
			"upd": {
				"StackObjectsCount": 20
			}
		},
		{
			"_id": "5dcb1de5d7ed5e035c4390ff",
			"_tpl": "5a38ebd9c4a282000d722a5b",
			"parentId": "5dcb1de5d7ed5e035c4390f7",
			"slotId": "main",
			"location": {
				"x": 1,
				"y": 2,
				"r": 0
			},
			"upd": {
				"StackObjectsCount": 20
			}
		},
		{
			"_id": "5dcb1de5d7ed5e035c439100",
			"_tpl": "5a38ebd9c4a282000d722a5b",
			"parentId": "5dcb1de5d7ed5e035c4390f7",
			"slotId": "main",
			"location": {
				"x": 2,
				"y": 2,
				"r": 0
			},
			"upd": {
				"StackObjectsCount": 20
			}
		},
		{
			"_id": "5dcb1de5d7ed5e035c4390cb",
			"_tpl": "566abbc34bdc2d92178b4576"
		},
		{
			"_id": "5dcb1de5d7ed5e035c4390ce",
			"_tpl": "5963866b86f7747bfa1c4462"
		},
		{
			"_id": "5dcb1de5d7ed5e035c4390cd",
			"_tpl": "5963866286f7747bf429b572"
		}
	],
	"equipment": "5dcb1de5d7ed5e035c4390cc",
	"stash": "5dcb1de5d7ed5e035c4390cb",
	"questRaidItems": "5dcb1de5d7ed5e035c4390cd",
	"questStashItems": "5dcb1de5d7ed5e035c4390ce",
	"fastPanel": {}
}