{
	"items": [
		{
			"_id": "5dcb1dc4fb81105cd85bdd3b",
			"_tpl": "55d7217a4bdc2d86028b456d"
		},
		{
			"_id": "5dcb1dc4fb81105cd85bdd55",
			"_tpl": "5a38e6bac4a2826c6e06d79b",
			"parentId": "5dcb1dc4fb81105cd85bdd3b",
			"slotId": "FirstPrimaryWeapon"
		},
		{
			"_id": "5dcb1dc4fb81105cd85bdd56",
			"_tpl": "5a38ef1fc4a282000b1521f6",
			"parentId": "5dcb1dc4fb81105cd85bdd55",
			"slotId": "mod_stock"
		},
		{
			"_id": "5dcb1dc4fb81105cd85bdd57",
			"_tpl": "5a38eecdc4a282329a73b512",
			"parentId": "5dcb1dc4fb81105cd85bdd56",
			"slotId": "mod_pistol_grip"
		},
		{
			"_id": "5dcb1dc4fb81105cd85bdd58",
			"_tpl": "5a38ee51c4a282000c5a955c",
			"parentId": "5dcb1dc4fb81105cd85bdd55",
			"slotId": "mod_magazine"
		},
		{
			"_id": "5dcb1dc4fb81105cd85bdd59",
			"_tpl": "5a38ebd9c4a282000d722a5b",
			"parentId": "5dcb1dc4fb81105cd85bdd58",
			"slotId": "cartridges",
			"upd": {
				"StackObjectsCount": 2
			}
		},
		{
			"_id": "5dcb1dc4fb81105cd85bdd5a",
			"_tpl": "5a38ebd9c4a282000d722a5b",
			"parentId": "5dcb1dc4fb81105cd85bdd55",
			"slotId": "patron_in_weapon",
			"upd": {
				"StackObjectsCount": 1
			}
		},
		{
			"_id": "5dcb1dc4fb81105cd85bdd5b",
			"_tpl": "557ffd194bdc2d28148b457f",
			"parentId": "5dcb1dc4fb81105cd85bdd3b",
			"slotId": "Pockets"
		},
		{
			"_id": "5dcb1dc4fb81105cd85bdd5c",
			"_tpl": "572b7adb24597762ae139821",
			"parentId": "5dcb1dc4fb81105cd85bdd3b",
			"slotId": "TacticalVest"
		},
		{
			"_id": "5dcb1dc4fb81105cd85bdd6b",
			"_tpl": "5a38ee51c4a282000c5a955c",
			"parentId": "5dcb1dc4fb81105cd85bdd5c",
			"slotId": "1",
			"location": {
				"x": 0,
				"y": 0,
				"r": 0
			}
		},
		{
			"_id": "5dcb1dc4fb81105cd85bdd6c",
			"_tpl": "5a38ebd9c4a282000d722a5b",
			"parentId": "5dcb1dc4fb81105cd85bdd6b",
			"slotId": "cartridges",
			"upd": {
				"StackObjectsCount": 2
			}
		},
		{
			"_id": "5dcb1dc4fb81105cd85bdd5d",
			"_tpl": "59e7715586f7742ee5789605",
			"parentId": "5dcb1dc4fb81105cd85bdd3b",
			"slotId": "FaceCover"
		},
		{
			"_id": "5dcb1dc4fb81105cd85bdd5e",
			"_tpl": "59e770f986f7742cbe3164ef",
			"parentId": "5dcb1dc4fb81105cd85bdd3b",
			"slotId": "Headwear"
		},
		{
			"_id": "5dcb1dc4fb81105cd85bdd5f",
			"_tpl": "57e26fc7245977162a14b800",
			"parentId": "5dcb1dc4fb81105cd85bdd3b",
			"slotId": "Scabbard"
		},
		{
			"_id": "5dcb1dc4fb81105cd85bdd60",
			"_tpl": "56e33680d2720be2748b4576",
			"parentId": "5dcb1dc4fb81105cd85bdd3b",
			"slotId": "Backpack"
		},
		{
			"_id": "5dcb1dc4fb81105cd85bdd61",
			"_tpl": "5857a8bc2459772bad15db29",
			"parentId": "5dcb1dc4fb81105cd85bdd3b",
			"slotId": "SecuredContainer"
		},
		{
			"_id": "5dcb1dc4fb81105cd85bdd62",
			"_tpl": "5a38ebd9c4a282000d722a5b",
			"parentId": "5dcb1dc4fb81105cd85bdd61",
			"slotId": "main",
			"location": {
				"x": 0,
				"y": 0,
				"r": 0
			},
			"upd": {
				"StackObjectsCount": 20
			}
		},
		{
			"_id": "5dcb1dc4fb81105cd85bdd63",
			"_tpl": "5a38ebd9c4a282000d722a5b",
			"parentId": "5dcb1dc4fb81105cd85bdd61",
			"slotId": "main",
			"location": {
				"x": 1,
				"y": 0,
				"r": 0
			},
			"upd": {
				"StackObjectsCount": 20
			}
		},
		{
			"_id": "5dcb1dc4fb81105cd85bdd64",
			"_tpl": "5a38ebd9c4a282000d722a5b",
			"parentId": "5dcb1dc4fb81105cd85bdd61",
			"slotId": "main",
			"location": {
				"x": 2,
				"y": 0,
				"r": 0
			},
			"upd": {
				"StackObjectsCount": 20
			}
		},
		{
			"_id": "5dcb1dc4fb81105cd85bdd65",
			"_tpl": "5a38ebd9c4a282000d722a5b",
			"parentId": "5dcb1dc4fb81105cd85bdd61",
			"slotId": "main",
			"location": {
				"x": 0,
				"y": 1,
				"r": 0
			},
			"upd": {
				"StackObjectsCount": 20
			}
		},
		{
			"_id": "5dcb1dc4fb81105cd85bdd66",
			"_tpl": "5a38ebd9c4a282000d722a5b",
			"parentId": "5dcb1dc4fb81105cd85bdd61",
			"slotId": "main",
			"location": {
				"x": 1,
				"y": 1,
				"r": 0
			},
			"upd": {
				"StackObjectsCount": 20
			}
		},
		{
			"_id": "5dcb1dc4fb81105cd85bdd67",
			"_tpl": "5a38ebd9c4a282000d722a5b",
			"parentId": "5dcb1dc4fb81105cd85bdd61",
			"slotId": "main",
			"location": {
				"x": 2,
				"y": 1,
				"r": 0
			},
			"upd": {
				"StackObjectsCount": 20
			}
		},
		{
			"_id": "5dcb1dc4fb81105cd85bdd68",
			"_tpl": "5a38ebd9c4a282000d722a5b",
			"parentId": "5dcb1dc4fb81105cd85bdd61",
			"slotId": "main",
			"location": {
				"x": 0,
				"y": 2,
				"r": 0
			},
			"upd": {
				"StackObjectsCount": 20
			}
		},
		{
			"_id": "5dcb1dc4fb81105cd85bdd69",
			"_tpl": "5a38ebd9c4a282000d722a5b",
			"parentId": "5dcb1dc4fb81105cd85bdd61",
			"slotId": "main",
			"location": {
				"x": 1,
				"y": 2,
				"r": 0
			},
			"upd": {
				"StackObjectsCount": 20
			}
		},
		{
			"_id": "5dcb1dc4fb81105cd85bdd6a",
			"_tpl": "5a38ebd9c4a282000d722a5b",
			"parentId": "5dcb1dc4fb81105cd85bdd61",
			"slotId": "main",
			"location": {
				"x": 2,
				"y": 2,
				"r": 0
			},
			"upd": {
				"StackObjectsCount": 20
			}
		},
		{
			"_id": "5dcb1dc4fb81105cd85bdd3a",
			"_tpl": "566abbc34bdc2d92178b4576"
		},
		{
			"_id": "5dcb1dc4fb81105cd85bdd3d",
			"_tpl": "5963866b86f7747bfa1c4462"
		},
		{
			"_id": "5dcb1dc4fb81105cd85bdd3c",
			"_tpl": "5963866286f7747bf429b572"
		}
	],
	"equipment": "5dcb1dc4fb81105cd85bdd3b",
	"stash": "5dcb1dc4fb81105cd85bdd3a",
	"questRaidItems": "5dcb1dc4fb81105cd85bdd3c",
	"questStashItems": "5dcb1dc4fb81105cd85bdd3d",
	"fastPanel": {}
}