{
	"items": [
		{
			"_id": "5dcb1df1cc51617bf52d8691",
			"_tpl": "55d7217a4bdc2d86028b456d"
		},
		{
			"_id": "5dcb1df1cc51617bf52d86b1",
			"_tpl": "5c501a4d2e221602b412b540",
			"parentId": "5dcb1df1cc51617bf52d8691",
			"slotId": "FirstPrimaryWeapon",
			"upd": {
				"FireMode": {
					"FireMode": "single"
				}
			}
		},
		{
			"_id": "5dcb1df1cc51617bf52d86b2",
			"_tpl": "5c5039be2e221602b177c9ff",
			"parentId": "5dcb1df1cc51617bf52d86b1",
			"slotId": "mod_gas_block"
		},
		{
			"_id": "5dcb1df1cc51617bf52d86b3",
			"_tpl": "5c503d0a2e221602b542b7ef",
			"parentId": "5dcb1df1cc51617bf52d86b1",
			"slotId": "mod_reciever"
		},
		{
			"_id": "5dcb1df1cc51617bf52d86b4",
			"_tpl": "5c503b1c2e221602b21d6e9d",
			"parentId": "5dcb1df1cc51617bf52d86b1",
			"slotId": "mod_sight_rear"
		},
		{
			"_id": "5dcb1df1cc51617bf52d86b5",
			"_tpl": "5c503af12e221602b177ca02",
			"parentId": "5dcb1df1cc51617bf52d86b1",
			"slotId": "mod_stock"
		},
		{
			"_id": "5dcb1df1cc51617bf52d86b7",
			"_tpl": "5c503ac82e221602b21d6e9a",
			"parentId": "5dcb1df1cc51617bf52d86b1",
			"slotId": "mod_magazine"
		},
		{
			"_id": "5dcb1df1cc51617bf52d86b8",
			"_tpl": "5a6086ea4f39f99cd479502f",
			"parentId": "5dcb1df1cc51617bf52d86b7",
			"slotId": "cartridges",
			"upd": {
				"StackObjectsCount": 5
			}
		},
		{
			"_id": "5dcb1df1cc51617bf52d86b9",
			"_tpl": "557ffd194bdc2d28148b457f",
			"parentId": "5dcb1df1cc51617bf52d8691",
			"slotId": "Pockets"
		},
		{
			"_id": "5dcb1df1cc51617bf52d86cd",
			"_tpl": "5a0c27731526d80618476ac4",
			"parentId": "5dcb1df1cc51617bf52d86b9",
			"slotId": "pocket1",
			"location": {
				"x": 0,
				"y": 0,
				"r": 0
			}
		},
		{
			"_id": "5dcb1df1cc51617bf52d86ce",
			"_tpl": "5783c43d2459774bbe137486",
			"parentId": "5dcb1df1cc51617bf52d86b9",
			"slotId": "pocket2",
			"location": {
				"x": 0,
				"y": 0,
				"r": 0
			}
		},
		{
			"_id": "5dcb1df1cc51617bf52d86ba",
			"_tpl": "572b7adb24597762ae139821",
			"parentId": "5dcb1df1cc51617bf52d8691",
			"slotId": "TacticalVest"
		},
		{
			"_id": "5dcb1df1cc51617bf52d86c9",
			"_tpl": "5c503ac82e221602b21d6e9a",
			"parentId": "5dcb1df1cc51617bf52d86ba",
			"slotId": "1",
			"location": {
				"x": 0,
				"y": 0,
				"r": 0
			}
		},
		{
			"_id": "5dcb1df1cc51617bf52d86ca",
			"_tpl": "5a6086ea4f39f99cd479502f",
			"parentId": "5dcb1df1cc51617bf52d86c9",
			"slotId": "cartridges",
			"upd": {
				"StackObjectsCount": 5
			}
		},
		{
			"_id": "5dcb1df1cc51617bf52d86bb",
			"_tpl": "572b7f1624597762ae139822",
			"parentId": "5dcb1df1cc51617bf52d8691",
			"slotId": "FaceCover"
		},
		{
			"_id": "5dcb1df1cc51617bf52d86bc",
			"_tpl": "5aa2ba19e5b5b00014028f4e",
			"parentId": "5dcb1df1cc51617bf52d8691",
			"slotId": "Headwear"
		},
		{
			"_id": "5dcb1df1cc51617bf52d86bd",
			"_tpl": "57e26fc7245977162a14b800",
			"parentId": "5dcb1df1cc51617bf52d8691",
			"slotId": "Scabbard"
		},
		{
			"_id": "5dcb1df1cc51617bf52d86be",
			"_tpl": "56e335e4d2720b6c058b456d",
			"parentId": "5dcb1df1cc51617bf52d8691",
			"slotId": "Backpack"
		},
		{
			"_id": "5dcb1df1cc51617bf52d86cf",
			"_tpl": "57513f07245977207e26a311",
			"parentId": "5dcb1df1cc51617bf52d86be",
			"slotId": "main",
			"location": {
				"x": 0,
				"y": 0,
				"r": 0
			},
			"upd": {
				"FoodDrink": {
					"HpPercent": 40
				}
			}
		},
		{
			"_id": "5dcb1df1cc51617bf52d86d0",
			"_tpl": "5938603e86f77435642354f4",
			"parentId": "5dcb1df1cc51617bf52d86be",
			"slotId": "main",
			"location": {
				"x": 1,
				"y": 0,
				"r": 0
			}
		},
		{
			"_id": "5dcb1df1cc51617bf52d86bf",
			"_tpl": "5857a8bc2459772bad15db29",
			"parentId": "5dcb1df1cc51617bf52d8691",
			"slotId": "SecuredContainer"
		},
		{
			"_id": "5dcb1df1cc51617bf52d86c0",
			"_tpl": "5a6086ea4f39f99cd479502f",
			"parentId": "5dcb1df1cc51617bf52d86bf",
			"slotId": "main",
			"location": {
				"x": 0,
				"y": 0,
				"r": 0
			},
			"upd": {
				"StackObjectsCount": 40
			}
		},
		{
			"_id": "5dcb1df1cc51617bf52d86c1",
			"_tpl": "5a6086ea4f39f99cd479502f",
			"parentId": "5dcb1df1cc51617bf52d86bf",
			"slotId": "main",
			"location": {
				"x": 1,
				"y": 0,
				"r": 0
			},
			"upd": {
				"StackObjectsCount": 40
			}
		},
		{
			"_id": "5dcb1df1cc51617bf52d86c2",
			"_tpl": "5a6086ea4f39f99cd479502f",
			"parentId": "5dcb1df1cc51617bf52d86bf",
			"slotId": "main",
			"location": {
				"x": 2,
				"y": 0,
				"r": 0
			},
			"upd": {
				"StackObjectsCount": 40
			}
		},
		{
			"_id": "5dcb1df1cc51617bf52d86c3",
			"_tpl": "5a6086ea4f39f99cd479502f",
			"parentId": "5dcb1df1cc51617bf52d86bf",
			"slotId": "main",
			"location": {
				"x": 0,
				"y": 1,
				"r": 0
			},
			"upd": {
				"StackObjectsCount": 40
			}
		},
		{
			"_id": "5dcb1df1cc51617bf52d86c4",
			"_tpl": "5a6086ea4f39f99cd479502f",
			"parentId": "5dcb1df1cc51617bf52d86bf",
			"slotId": "main",
			"location": {
				"x": 1,
				"y": 1,
				"r": 0
			},
			"upd": {
				"StackObjectsCount": 40
			}
		},
		{
			"_id": "5dcb1df1cc51617bf52d86c5",
			"_tpl": "5a6086ea4f39f99cd479502f",
			"parentId": "5dcb1df1cc51617bf52d86bf",
			"slotId": "main",
			"location": {
				"x": 2,
				"y": 1,
				"r": 0
			},
			"upd": {
				"StackObjectsCount": 40
			}
		},
		{
			"_id": "5dcb1df1cc51617bf52d86c6",
			"_tpl": "5a6086ea4f39f99cd479502f",
			"parentId": "5dcb1df1cc51617bf52d86bf",
			"slotId": "main",
			"location": {
				"x": 0,
				"y": 2,
				"r": 0
			},
			"upd": {
				"StackObjectsCount": 40
			}
		},
		{
			"_id": "5dcb1df1cc51617bf52d86c7",
			"_tpl": "5a6086ea4f39f99cd479502f",
			"parentId": "5dcb1df1cc51617bf52d86bf",
			"slotId": "main",
			"location": {
				"x": 1,
				"y": 2,
				"r": 0
			},
			"upd": {
				"StackObjectsCount": 40
			}
		},
		{
			"_id": "5dcb1df1cc51617bf52d86c8",
			"_tpl": "5a6086ea4f39f99cd479502f",
			"parentId": "5dcb1df1cc51617bf52d86bf",
			"slotId": "main",
			"location": {
				"x": 2,
				"y": 2,
				"r": 0
			},
			"upd": {
				"StackObjectsCount": 40
			}
		},
		{
			"_id": "5dcb1df1cc51617bf52d8690",
			"_tpl": "566abbc34bdc2d92178b4576"
		},
		{
			"_id": "5dcb1df1cc51617bf52d8693",
			"_tpl": "5963866b86f7747bfa1c4462"
		},
		{
			"_id": "5dcb1df1cc51617bf52d8692",
			"_tpl": "5963866286f7747bf429b572"
		}
	],
	"equipment": "5dcb1df1cc51617bf52d8691",
	"stash": "5dcb1df1cc51617bf52d8690",
	"questRaidItems": "5dcb1df1cc51617bf52d8692",
	"questStashItems": "5dcb1df1cc51617bf52d8693",
	"fastPanel": {}
}