{
	"items": [
		{
			"_id": "5dcb1dc5fb81105cd85c03f1",
			"_tpl": "55d7217a4bdc2d86028b456d"
		},
		{
			"_id": "5dcb1dc5fb81105cd85c0417",
			"_tpl": "59ff346386f77477562ff5e2",
			"parentId": "5dcb1dc5fb81105cd85c03f1",
			"slotId": "FirstPrimaryWeapon"
		},
		{
			"_id": "5dcb1dc5fb81105cd85c0418",
			"_tpl": "59d64ec286f774171d1e0a42",
			"parentId": "5dcb1dc5fb81105cd85c0417",
			"slotId": "mod_gas_block"
		},
		{
			"_id": "5dcb1dc5fb81105cd85c0419",
			"_tpl": "59d64f2f86f77417193ef8b3",
			"parentId": "5dcb1dc5fb81105cd85c0418",
			"slotId": "mod_handguard"
		},
		{
			"_id": "5dcb1dc5fb81105cd85c041a",
			"_tpl": "5a0071d486f77404e23a12b2",
			"parentId": "5dcb1dc5fb81105cd85c0417",
			"slotId": "mod_pistol_grip_akms"
		},
		{
			"_id": "5dcb1dc5fb81105cd85c041b",
			"_tpl": "59d64fc686f774171b243fe2",
			"parentId": "5dcb1dc5fb81105cd85c0417",
			"slotId": "mod_muzzle"
		},
		{
			"_id": "5dcb1dc5fb81105cd85c041c",
			"_tpl": "59d6507c86f7741b846413a2",
			"parentId": "5dcb1dc5fb81105cd85c0417",
			"slotId": "mod_reciever"
		},
		{
			"_id": "5dcb1dc5fb81105cd85c041d",
			"_tpl": "59d650cf86f7741b846413a4",
			"parentId": "5dcb1dc5fb81105cd85c0417",
			"slotId": "mod_sight_rear"
		},
		{
			"_id": "5dcb1dc5fb81105cd85c041e",
			"_tpl": "59ff3b6a86f77477562ff5ed",
			"parentId": "5dcb1dc5fb81105cd85c0417",
			"slotId": "mod_stock_akms"
		},
		{
			"_id": "5dcb1dc5fb81105cd85c041f",
			"_tpl": "59d625f086f774661516605d",
			"parentId": "5dcb1dc5fb81105cd85c0417",
			"slotId": "mod_magazine"
		},
		{
			"_id": "5dcb1dc5fb81105cd85c0420",
			"_tpl": "5656d7c34bdc2d9d198b4587",
			"parentId": "5dcb1dc5fb81105cd85c041f",
			"slotId": "cartridges",
			"upd": {
				"StackObjectsCount": 30
			}
		},
		{
			"_id": "5dcb1dc5fb81105cd85c0421",
			"_tpl": "5656d7c34bdc2d9d198b4587",
			"parentId": "5dcb1dc5fb81105cd85c0417",
			"slotId": "patron_in_weapon",
			"upd": {
				"StackObjectsCount": 1
			}
		},
		{
			"_id": "5dcb1dc5fb81105cd85c0422",
			"_tpl": "557ffd194bdc2d28148b457f",
			"parentId": "5dcb1dc5fb81105cd85c03f1",
			"slotId": "Pockets"
		},
		{
			"_id": "5dcb1dc5fb81105cd85c0423",
			"_tpl": "59e7643b86f7742cbf2c109a",
			"parentId": "5dcb1dc5fb81105cd85c03f1",
			"slotId": "TacticalVest"
		},
		{
			"_id": "5dcb1dc5fb81105cd85c0431",
			"_tpl": "59d625f086f774661516605d",
			"parentId": "5dcb1dc5fb81105cd85c0423",
			"slotId": "1",
			"location": {
				"x": 0,
				"y": 0,
				"r": 0
			}
		},
		{
			"_id": "5dcb1dc5fb81105cd85c0432",
			"_tpl": "5656d7c34bdc2d9d198b4587",
			"parentId": "5dcb1dc5fb81105cd85c0431",
			"slotId": "cartridges",
			"upd": {
				"StackObjectsCount": 30
			}
		},
		{
			"_id": "5dcb1dc5fb81105cd85c0433",
			"_tpl": "59d625f086f774661516605d",
			"parentId": "5dcb1dc5fb81105cd85c0423",
			"slotId": "1",
			"location": {
				"x": 1,
				"y": 0,
				"r": 0
			}
		},
		{
			"_id": "5dcb1dc5fb81105cd85c0434",
			"_tpl": "5656d7c34bdc2d9d198b4587",
			"parentId": "5dcb1dc5fb81105cd85c0433",
			"slotId": "cartridges",
			"upd": {
				"StackObjectsCount": 30
			}
		},
		{
			"_id": "5dcb1dc5fb81105cd85c0424",
			"_tpl": "59e770f986f7742cbe3164ef",
			"parentId": "5dcb1dc5fb81105cd85c03f1",
			"slotId": "Headwear"
		},
		{
			"_id": "5dcb1dc5fb81105cd85c0425",
			"_tpl": "57e26fc7245977162a14b800",
			"parentId": "5dcb1dc5fb81105cd85c03f1",
			"slotId": "Scabbard"
		},
		{
			"_id": "5dcb1dc5fb81105cd85c0426",
			"_tpl": "544a5cde4bdc2d39388b456b",
			"parentId": "5dcb1dc5fb81105cd85c03f1",
			"slotId": "Backpack"
		},
		{
			"_id": "5dcb1dc5fb81105cd85c0437",
			"_tpl": "5937ee6486f77408994ba448",
			"parentId": "5dcb1dc5fb81105cd85c0426",
			"slotId": "main",
			"location": {
				"x": 0,
				"y": 0,
				"r": 0
			}
		},
		{
			"_id": "5dcb1dc5fb81105cd85c0438",
			"_tpl": "5c0e530286f7747fa1419862",
			"parentId": "5dcb1dc5fb81105cd85c0426",
			"slotId": "main",
			"location": {
				"x": 1,
				"y": 0,
				"r": 0
			}
		},
		{
			"_id": "5dcb1dc5fb81105cd85c0427",
			"_tpl": "5857a8bc2459772bad15db29",
			"parentId": "5dcb1dc5fb81105cd85c03f1",
			"slotId": "SecuredContainer"
		},
		{
			"_id": "5dcb1dc5fb81105cd85c0428",
			"_tpl": "5656d7c34bdc2d9d198b4587",
			"parentId": "5dcb1dc5fb81105cd85c0427",
			"slotId": "main",
			"location": {
				"x": 0,
				"y": 0,
				"r": 0
			},
			"upd": {
				"StackObjectsCount": 60
			}
		},
		{
			"_id": "5dcb1dc5fb81105cd85c0429",
			"_tpl": "5656d7c34bdc2d9d198b4587",
			"parentId": "5dcb1dc5fb81105cd85c0427",
			"slotId": "main",
			"location": {
				"x": 1,
				"y": 0,
				"r": 0
			},
			"upd": {
				"StackObjectsCount": 60
			}
		},
		{
			"_id": "5dcb1dc5fb81105cd85c042a",
			"_tpl": "5656d7c34bdc2d9d198b4587",
			"parentId": "5dcb1dc5fb81105cd85c0427",
			"slotId": "main",
			"location": {
				"x": 2,
				"y": 0,
				"r": 0
			},
			"upd": {
				"StackObjectsCount": 60
			}
		},
		{
			"_id": "5dcb1dc5fb81105cd85c042b",
			"_tpl": "5656d7c34bdc2d9d198b4587",
			"parentId": "5dcb1dc5fb81105cd85c0427",
			"slotId": "main",
			"location": {
				"x": 0,
				"y": 1,
				"r": 0
			},
			"upd": {
				"StackObjectsCount": 60
			}
		},
		{
			"_id": "5dcb1dc5fb81105cd85c042c",
			"_tpl": "5656d7c34bdc2d9d198b4587",
			"parentId": "5dcb1dc5fb81105cd85c0427",
			"slotId": "main",
			"location": {
				"x": 1,
				"y": 1,
				"r": 0
			},
			"upd": {
				"StackObjectsCount": 60
			}
		},
		{
			"_id": "5dcb1dc5fb81105cd85c042d",
			"_tpl": "5656d7c34bdc2d9d198b4587",
			"parentId": "5dcb1dc5fb81105cd85c0427",
			"slotId": "main",
			"location": {
				"x": 2,
				"y": 1,
				"r": 0
			},
			"upd": {
				"StackObjectsCount": 60
			}
		},
		{
			"_id": "5dcb1dc5fb81105cd85c042e",
			"_tpl": "5656d7c34bdc2d9d198b4587",
			"parentId": "5dcb1dc5fb81105cd85c0427",
			"slotId": "main",
			"location": {
				"x": 0,
				"y": 2,
				"r": 0
			},
			"upd": {
				"StackObjectsCount": 60
			}
		},
		{
			"_id": "5dcb1dc5fb81105cd85c042f",
			"_tpl": "5656d7c34bdc2d9d198b4587",
			"parentId": "5dcb1dc5fb81105cd85c0427",
			"slotId": "main",
			"location": {
				"x": 1,
				"y": 2,
				"r": 0
			},
			"upd": {
				"StackObjectsCount": 60
			}
		},
		{
			"_id": "5dcb1dc5fb81105cd85c0430",
			"_tpl": "5656d7c34bdc2d9d198b4587",
			"parentId": "5dcb1dc5fb81105cd85c0427",
			"slotId": "main",
			"location": {
				"x": 2,
				"y": 2,
				"r": 0
			},
			"upd": {
				"StackObjectsCount": 60
			}
		},
		{
			"_id": "5dcb1dc5fb81105cd85c03f0",
			"_tpl": "566abbc34bdc2d92178b4576"
		},
		{
			"_id": "5dcb1dc5fb81105cd85c03f3",
			"_tpl": "5963866b86f7747bfa1c4462"
		},
		{
			"_id": "5dcb1dc5fb81105cd85c03f2",
			"_tpl": "5963866286f7747bf429b572"
		}
	],
	"equipment": "5dcb1dc5fb81105cd85c03f1",
	"stash": "5dcb1dc5fb81105cd85c03f0",
	"questRaidItems": "5dcb1dc5fb81105cd85c03f2",
	"questStashItems": "5dcb1dc5fb81105cd85c03f3",
	"fastPanel": {}
}