{
	"items": [
		{
			"_id": "5c6687d65e9d882c8841f0fd",
			"_tpl": "55d7217a4bdc2d86028b456d"
		},
		{
			"_id": "5c6687d65e9d882c8841f121",
			"_tpl": "557ffd194bdc2d28148b457f",
			"parentId": "5c6687d65e9d882c8841f0fd",
			"slotId": "Pockets"
		},
		{
			"_id": "5c6687d65e9d882c8841f0fc",
			"_tpl": "566abbc34bdc2d92178b4576"
		},
		{
			"_id": "5c6687d65e9d882c8841f0ff",
			"_tpl": "5963866b86f7747bfa1c4462"
		},
		{
			"_id": "5c6687d65e9d882c8841f0fe",
			"_tpl": "5963866286f7747bf429b572"
		},
		{
			"_id": "TacticalVest262497",
			"_tpl": "59e7643b86f7742cbf2c109a",
			"parentId": "5c6687d65e9d882c8841f0fd",
			"slotId": "TacticalVest"
		},
		{
			"_id": "I21005397211908377tJlzA8",
			"_tpl": "5b0bbe4e5acfc40dc528a72d",
			"parentId": "5c6687d65e9d882c8841f0fd",
			"slotId": "FirstPrimaryWeapon"
		},
		{
			"_id": "I210053936245970262fg6Fz",
			"_tpl": "5b099b965acfc400186331e6",
			"parentId": "I21005397211908377tJlzA8",
			"slotId": "mod_pistol_grip"
		},
		{
			"_id": "I21005392110100726rIxY2H",
			"_tpl": "5b7bed205acfc400161d08cc",
			"parentId": "I21005397211908377tJlzA8",
			"slotId": "mod_handguard"
		},
		{
			"_id": "I21005394874856008bZLTAJ",
			"_tpl": "5b7be1265acfc400161d0798",
			"parentId": "I21005397211908377tJlzA8",
			"slotId": "mod_barrel"
		},
		{
			"_id": "I21005393499918985lZgT4S",
			"_tpl": "5b0bc22d5acfc47a8607f085",
			"parentId": "I21005397211908377tJlzA8",
			"slotId": "mod_sight_rear",
			"upd": {
				"Sight": {
					"SelectedSightMode": 0
				}
			}
		},
		{
			"_id": "I21005394467144377ZLqX3N",
			"_tpl": "5b7d645e5acfc400170e2f90",
			"parentId": "I21005397211908377tJlzA8",
			"slotId": "mod_stock"
		},
		{
			"_id": "mag1Vest153955",
			"_tpl": "5b7c2d1d5acfc43d1028532a",
			"parentId": "TacticalVest262497",
			"slotId": "3",
			"location": {
				"x": 0,
				"y": 0,
				"r": "Horizontal"
			}
		},
		{
			"_id": "AmmoMag1Vest71064",
			"_tpl": "5e023e6e34d52a55c3304f71",
			"parentId": "mag1Vest153955",
			"slotId": "cartridges",
			"upd": {
				"StackObjectsCount": 20
			}
		},
		{
			"_id": "mag0Vest303805",
			"_tpl": "5b7c2d1d5acfc43d1028532a",
			"parentId": "TacticalVest262497",
			"slotId": "1",
			"location": {
				"x": 0,
				"y": 0,
				"r": "Horizontal"
			}
		},
		{
			"_id": "AmmoMag0Vest622863",
			"_tpl": "58dd3ad986f77403051cba8f",
			"parentId": "mag0Vest303805",
			"slotId": "cartridges",
			"upd": {
				"StackObjectsCount": 20
			}
		},
		{
			"_id": "Scabbard294892",
			"_tpl": "57e26fc7245977162a14b800",
			"parentId": "5c6687d65e9d882c8841f0fd",
			"slotId": "Scabbard"
		},
		{
			"_id": "Headwear191398",
			"_tpl": "5a43957686f7742a2c2f11b0",
			"parentId": "5c6687d65e9d882c8841f0fd",
			"slotId": "Headwear"
		},
		{
			"_id": "Backpack566706",
			"_tpl": "56e33634d2720bd8058b456b",
			"parentId": "5c6687d65e9d882c8841f0fd",
			"slotId": "Backpack"
		},
		{
			"_id": "BP_Backpack566706_796764",
			"_tpl": "59faf98186f774067b6be103",
			"parentId": "Backpack566706",
			"slotId": "main",
			"location": {
				"x": 0,
				"y": 0,
				"r": "Horizontal"
			}
		},
		{
			"_id": "BP_Backpack566706_940497",
			"_tpl": "5734795124597738002c6176",
			"parentId": "Backpack566706",
			"slotId": "main",
			"location": {
				"x": 0,
				"y": 2,
				"r": "Horizontal"
			}
		},
		{
			"_id": "ArmorVest156484",
			"_tpl": "5c0e5edb86f77461f55ed1f7",
			"parentId": "5c6687d65e9d882c8841f0fd",
			"slotId": "ArmorVest",
			"upd": {
				"Repairable": {
					"MaxDurability": 50,
					"Durability": 15
				}
			}
		}
	],
	"equipment": "5c6687d65e9d882c8841f0fd",
	"stash": "5c6687d65e9d882c8841f0fc",
	"questRaidItems": "5c6687d65e9d882c8841f0fe",
	"questStashItems": "5c6687d65e9d882c8841f0ff",
	"fastPanel": {}
}