{
	"items": [
		{
			"_id": "5c6687d65e9d882c8841f0fd",
			"_tpl": "55d7217a4bdc2d86028b456d"
		},
		{
			"_id": "5c6687d65e9d882c8841f121",
			"_tpl": "557ffd194bdc2d28148b457f",
			"parentId": "5c6687d65e9d882c8841f0fd",
			"slotId": "Pockets"
		},
		{
			"_id": "5c6687d65e9d882c8841f0fc",
			"_tpl": "566abbc34bdc2d92178b4576"
		},
		{
			"_id": "5c6687d65e9d882c8841f0ff",
			"_tpl": "5963866b86f7747bfa1c4462"
		},
		{
			"_id": "5c6687d65e9d882c8841f0fe",
			"_tpl": "5963866286f7747bf429b572"
		},
		{
			"_id": "TacticalVest384022",
			"_tpl": "5929a2a086f7744f4b234d43",
			"parentId": "5c6687d65e9d882c8841f0fd",
			"slotId": "TacticalVest"
		},
		{
			"_id": "I210062642740003097TktHz",
			"_tpl": "5644bd2b4bdc2d3b4c8b4572",
			"parentId": "5c6687d65e9d882c8841f0fd",
			"slotId": "FirstPrimaryWeapon"
		},
		{
			"_id": "I21006269386685156JSs1G0",
			"_tpl": "59c6633186f7740cf0493bb9",
			"parentId": "I210062642740003097TktHz",
			"slotId": "mod_gas_block"
		},
		{
			"_id": "I21006268740650417fUQTa2",
			"_tpl": "5649aa744bdc2ded0b8b457e",
			"parentId": "I210062642740003097TktHz",
			"slotId": "mod_muzzle"
		},
		{
			"_id": "I21006269104078284d5aHIt",
			"_tpl": "5649ad3f4bdc2df8348b4585",
			"parentId": "I210062642740003097TktHz",
			"slotId": "mod_pistol_grip"
		},
		{
			"_id": "I21006262577087087oM8P1n",
			"_tpl": "5649af094bdc2df8348b4586",
			"parentId": "I210062642740003097TktHz",
			"slotId": "mod_reciever"
		},
		{
			"_id": "I21006263735159263jnJ9a2",
			"_tpl": "5649b0544bdc2d1b2b8b458a",
			"parentId": "I210062642740003097TktHz",
			"slotId": "mod_sight_rear",
			"upd": {
				"Sight": {
					"SelectedSightMode": 0
				}
			}
		},
		{
			"_id": "I21006267770054830OuGHwR",
			"_tpl": "5649b1c04bdc2d16268b457c",
			"parentId": "I210062642740003097TktHz",
			"slotId": "mod_stock"
		},
		{
			"_id": "MagazineWeaponScav2919",
			"_tpl": "55d4837c4bdc2d1d4e8b456c",
			"parentId": "I210062642740003097TktHz",
			"slotId": "mod_magazine"
		},
		{
			"_id": "AmmoMag16530",
			"_tpl": "56dff421d2720b5f5a8b4567",
			"parentId": "MagazineWeaponScav2919",
			"slotId": "cartridges",
			"upd": {
				"StackObjectsCount": 10
			}
		},
		{
			"_id": "I21006269750146155lfICwY",
			"_tpl": "5648b0744bdc2d363b8b4578",
			"parentId": "I21006269386685156JSs1G0",
			"slotId": "mod_handguard"
		},
		{
			"_id": "I21006263245747748Yz6Bdr",
			"_tpl": "56dfef82d2720bbd668b4567",
			"parentId": "I21006269600123893yxoV3S",
			"slotId": "cartridges",
			"location": 0,
			"upd": {
				"StackObjectsCount": 30
			}
		},
		{
			"_id": "mag0Vest840440",
			"_tpl": "55d4837c4bdc2d1d4e8b456c",
			"parentId": "TacticalVest384022",
			"slotId": "3",
			"location": {
				"x": 0,
				"y": 0,
				"r": "Horizontal"
			}
		},
		{
			"_id": "AmmoMag0Vest896254",
			"_tpl": "56dff4a2d2720bbd668b456a",
			"parentId": "mag0Vest840440",
			"slotId": "cartridges",
			"upd": {
				"StackObjectsCount": 10
			}
		},
		{
			"_id": "mag1Vest412830",
			"_tpl": "55d4837c4bdc2d1d4e8b456c",
			"parentId": "TacticalVest384022",
			"slotId": "5",
			"location": {
				"x": 0,
				"y": 0,
				"r": "Horizontal"
			}
		},
		{
			"_id": "AmmoMag1Vest999686",
			"_tpl": "56dff3afd2720bba668b4567",
			"parentId": "mag1Vest412830",
			"slotId": "cartridges",
			"upd": {
				"StackObjectsCount": 10
			}
		},
		{
			"_id": "mag1Vest661983",
			"_tpl": "55d4837c4bdc2d1d4e8b456c",
			"parentId": "TacticalVest384022",
			"slotId": "5",
			"location": {
				"x": 0,
				"y": 1,
				"r": "Horizontal"
			}
		},
		{
			"_id": "AmmoMag1Vest99033",
			"_tpl": "56dff421d2720b5f5a8b4567",
			"parentId": "mag1Vest661983",
			"slotId": "cartridges",
			"upd": {
				"StackObjectsCount": 10
			}
		},
		{
			"_id": "Scabbard386527",
			"_tpl": "54491bb74bdc2d09088b4567",
			"parentId": "5c6687d65e9d882c8841f0fd",
			"slotId": "Scabbard"
		},
		{
			"_id": "Backpack905769",
			"_tpl": "544a5cde4bdc2d39388b456b",
			"parentId": "5c6687d65e9d882c8841f0fd",
			"slotId": "Backpack"
		},
		{
			"_id": "BP_Backpack905769_134561",
			"_tpl": "5a13ef0686f7746e5a411744",
			"parentId": "Backpack905769",
			"slotId": "main",
			"location": {
				"x": 0,
				"y": 0,
				"r": "Horizontal"
			}
		},
		{
			"_id": "BP_Backpack905769_871690",
			"_tpl": "5d1b371186f774253763a656",
			"parentId": "Backpack905769",
			"slotId": "main",
			"location": {
				"x": 0,
				"y": 1,
				"r": "Horizontal"
			}
		},
		{
			"_id": "BP_Backpack905769_618359",
			"_tpl": "590c5c9f86f77477c91c36e7",
			"parentId": "Backpack905769",
			"slotId": "main",
			"location": {
				"x": 2,
				"y": 0,
				"r": "Horizontal"
			}
		},
		{
			"_id": "BP_Backpack905769_531491",
			"_tpl": "5e42c71586f7747f245e1343",
			"parentId": "Backpack905769",
			"slotId": "main",
			"location": {
				"x": 0,
				"y": 3,
				"r": "Horizontal"
			}
		},
		{
			"_id": "BP_Backpack905769_662338",
			"_tpl": "5e2af22086f7746d3f3c33fa",
			"parentId": "Backpack905769",
			"slotId": "main",
			"location": {
				"x": 1,
				"y": 0,
				"r": "Horizontal"
			}
		},
		{
			"_id": "BP_Backpack905769_657360",
			"_tpl": "59fafb5d86f774067a6f2084",
			"parentId": "Backpack905769",
			"slotId": "main",
			"location": {
				"x": 2,
				"y": 2,
				"r": "Horizontal"
			}
		},
		{
			"_id": "BP_Backpack905769_189780",
			"_tpl": "5914578086f774123569ffa4",
			"parentId": "Backpack905769",
			"slotId": "main",
			"location": {
				"x": 1,
				"y": 3,
				"r": "Horizontal"
			}
		},
		{
			"_id": "BP_Backpack905769_551224",
			"_tpl": "5e2af22086f7746d3f3c33fa",
			"parentId": "Backpack905769",
			"slotId": "main",
			"location": {
				"x": 3,
				"y": 0,
				"r": "Horizontal"
			}
		},
		{
			"_id": "BP_Backpack905769_514411",
			"_tpl": "5d80cbd886f77470855c26c2",
			"parentId": "Backpack905769",
			"slotId": "main",
			"location": {
				"x": 3,
				"y": 1,
				"r": "Horizontal"
			}
		},
		{
			"_id": "ArmorVest648394",
			"_tpl": "59e7635f86f7742cbf2c1095",
			"parentId": "5c6687d65e9d882c8841f0fd",
			"slotId": "ArmorVest",
			"upd": {
				"Repairable": {
					"MaxDurability": 40,
					"Durability": 22
				}
			}
		},
		{
			"_id": "Pocket_756718",
			"_tpl": "573474f924597738002c6174",
			"parentId": "5c6687d65e9d882c8841f121",
			"slotId": "pocket1",
			"location": {
				"x": 0,
				"y": 0,
				"r": "Horizontal"
			},
			"upd": {
				"SpawnedInSession": true
			}
		}
	],
	"equipment": "5c6687d65e9d882c8841f0fd",
	"stash": "5c6687d65e9d882c8841f0fc",
	"questRaidItems": "5c6687d65e9d882c8841f0fe",
	"questStashItems": "5c6687d65e9d882c8841f0ff",
	"fastPanel": {}
}