{
	"items": [
		{
			"_id": "5c6687d65e9d882c8841f0fd",
			"_tpl": "55d7217a4bdc2d86028b456d"
		},
		{
			"_id": "5c6687d65e9d882c8841f121",
			"_tpl": "557ffd194bdc2d28148b457f",
			"parentId": "5c6687d65e9d882c8841f0fd",
			"slotId": "Pockets"
		},
		{
			"_id": "5c6687d65e9d882c8841f0fc",
			"_tpl": "566abbc34bdc2d92178b4576"
		},
		{
			"_id": "5c6687d65e9d882c8841f0ff",
			"_tpl": "5963866b86f7747bfa1c4462"
		},
		{
			"_id": "5c6687d65e9d882c8841f0fe",
			"_tpl": "5963866286f7747bf429b572"
		},
		{
			"_id": "TacticalVest330908",
			"_tpl": "5e4abfed86f77406a2713cf7",
			"parentId": "5c6687d65e9d882c8841f0fd",
			"slotId": "TacticalVest"
		},
		{
			"_id": "I210062642740003097TktHz",
			"_tpl": "5644bd2b4bdc2d3b4c8b4572",
			"parentId": "5c6687d65e9d882c8841f0fd",
			"slotId": "FirstPrimaryWeapon"
		},
		{
			"_id": "I21006269386685156JSs1G0",
			"_tpl": "59c6633186f7740cf0493bb9",
			"parentId": "I210062642740003097TktHz",
			"slotId": "mod_gas_block"
		},
		{
			"_id": "I21006268740650417fUQTa2",
			"_tpl": "5649aa744bdc2ded0b8b457e",
			"parentId": "I210062642740003097TktHz",
			"slotId": "mod_muzzle"
		},
		{
			"_id": "I21006269104078284d5aHIt",
			"_tpl": "5649ad3f4bdc2df8348b4585",
			"parentId": "I210062642740003097TktHz",
			"slotId": "mod_pistol_grip"
		},
		{
			"_id": "I21006262577087087oM8P1n",
			"_tpl": "5649af094bdc2df8348b4586",
			"parentId": "I210062642740003097TktHz",
			"slotId": "mod_reciever"
		},
		{
			"_id": "I21006263735159263jnJ9a2",
			"_tpl": "5649b0544bdc2d1b2b8b458a",
			"parentId": "I210062642740003097TktHz",
			"slotId": "mod_sight_rear",
			"upd": {
				"Sight": {
					"SelectedSightMode": 0
				}
			}
		},
		{
			"_id": "I21006267770054830OuGHwR",
			"_tpl": "5649b1c04bdc2d16268b457c",
			"parentId": "I210062642740003097TktHz",
			"slotId": "mod_stock"
		},
		{
			"_id": "MagazineWeaponScav7571",
			"_tpl": "55d4837c4bdc2d1d4e8b456c",
			"parentId": "I210062642740003097TktHz",
			"slotId": "mod_magazine"
		},
		{
			"_id": "AmmoMag1513",
			"_tpl": "56dff421d2720b5f5a8b4567",
			"parentId": "MagazineWeaponScav7571",
			"slotId": "cartridges",
			"upd": {
				"StackObjectsCount": 10
			}
		},
		{
			"_id": "I21006269750146155lfICwY",
			"_tpl": "5648b0744bdc2d363b8b4578",
			"parentId": "I21006269386685156JSs1G0",
			"slotId": "mod_handguard"
		},
		{
			"_id": "I21006263245747748Yz6Bdr",
			"_tpl": "56dfef82d2720bbd668b4567",
			"parentId": "I21006269600123893yxoV3S",
			"slotId": "cartridges",
			"location": 0,
			"upd": {
				"StackObjectsCount": 30
			}
		},
		{
			"_id": "mag0Vest18971",
			"_tpl": "55d4837c4bdc2d1d4e8b456c",
			"parentId": "TacticalVest330908",
			"slotId": "1",
			"location": {
				"x": 0,
				"y": 0,
				"r": "Horizontal"
			}
		},
		{
			"_id": "AmmoMag0Vest263794",
			"_tpl": "56dff421d2720b5f5a8b4567",
			"parentId": "mag0Vest18971",
			"slotId": "cartridges",
			"upd": {
				"StackObjectsCount": 10
			}
		},
		{
			"_id": "mag0Vest5180",
			"_tpl": "55d4837c4bdc2d1d4e8b456c",
			"parentId": "TacticalVest330908",
			"slotId": "1",
			"location": {
				"x": 0,
				"y": 1,
				"r": "Horizontal"
			}
		},
		{
			"_id": "AmmoMag0Vest253384",
			"_tpl": "56dff2ced2720bb4668b4567",
			"parentId": "mag0Vest5180",
			"slotId": "cartridges",
			"upd": {
				"StackObjectsCount": 10
			}
		},
		{
			"_id": "mag1Vest342705",
			"_tpl": "55d4837c4bdc2d1d4e8b456c",
			"parentId": "TacticalVest330908",
			"slotId": "3",
			"location": {
				"x": 0,
				"y": 0,
				"r": "Horizontal"
			}
		},
		{
			"_id": "AmmoMag1Vest191434",
			"_tpl": "56dff0bed2720bb0668b4567",
			"parentId": "mag1Vest342705",
			"slotId": "cartridges",
			"upd": {
				"StackObjectsCount": 10
			}
		},
		{
			"_id": "mag1Vest405703",
			"_tpl": "55d4837c4bdc2d1d4e8b456c",
			"parentId": "TacticalVest330908",
			"slotId": "3",
			"location": {
				"x": 0,
				"y": 1,
				"r": "Horizontal"
			}
		},
		{
			"_id": "AmmoMag1Vest838369",
			"_tpl": "5c0d5e4486f77478390952fe",
			"parentId": "mag1Vest405703",
			"slotId": "cartridges",
			"upd": {
				"StackObjectsCount": 10
			}
		},
		{
			"_id": "StackAmmo47744124429",
			"_tpl": "56dff0bed2720bb0668b4567",
			"parentId": "TacticalVest330908",
			"slotId": "5",
			"upd": {
				"StackObjectsCount": 57
			}
		},
		{
			"_id": "StackAmmo71611817219",
			"_tpl": "56dff4a2d2720bbd668b456a",
			"parentId": "TacticalVest330908",
			"slotId": "9",
			"upd": {
				"StackObjectsCount": 58
			}
		},
		{
			"_id": "Scabbard674988",
			"_tpl": "57e26fc7245977162a14b800",
			"parentId": "5c6687d65e9d882c8841f0fd",
			"slotId": "Scabbard"
		},
		{
			"_id": "Headwear535184",
			"_tpl": "5c08f87c0db8340019124324",
			"parentId": "5c6687d65e9d882c8841f0fd",
			"slotId": "Headwear"
		},
		{
			"_id": "Eyewear859227",
			"_tpl": "59e770b986f7742cbd762754",
			"parentId": "5c6687d65e9d882c8841f0fd",
			"slotId": "Eyewear"
		},
		{
			"_id": "FaceCover142406",
			"_tpl": "5b4326435acfc433000ed01d",
			"parentId": "5c6687d65e9d882c8841f0fd",
			"slotId": "FaceCover"
		}
	],
	"equipment": "5c6687d65e9d882c8841f0fd",
	"stash": "5c6687d65e9d882c8841f0fc",
	"questRaidItems": "5c6687d65e9d882c8841f0fe",
	"questStashItems": "5c6687d65e9d882c8841f0ff",
	"fastPanel": {}
}