{
	"items": [
		{
			"_id": "5c6687d65e9d882c8841f0fd",
			"_tpl": "55d7217a4bdc2d86028b456d"
		},
		{
			"_id": "5c6687d65e9d882c8841f121",
			"_tpl": "557ffd194bdc2d28148b457f",
			"parentId": "5c6687d65e9d882c8841f0fd",
			"slotId": "Pockets"
		},
		{
			"_id": "5c6687d65e9d882c8841f0fc",
			"_tpl": "566abbc34bdc2d92178b4576"
		},
		{
			"_id": "5c6687d65e9d882c8841f0ff",
			"_tpl": "5963866b86f7747bfa1c4462"
		},
		{
			"_id": "5c6687d65e9d882c8841f0fe",
			"_tpl": "5963866286f7747bf429b572"
		},
		{
			"_id": "TacticalVest94309",
			"_tpl": "5929a2a086f7744f4b234d43",
			"parentId": "5c6687d65e9d882c8841f0fd",
			"slotId": "TacticalVest"
		},
		{
			"_id": "I21320920636741808852tD2",
			"_tpl": "5c07c60e0db834002330051f",
			"parentId": "5c6687d65e9d882c8841f0fd",
			"slotId": "FirstPrimaryWeapon"
		},
		{
			"_id": "I213209207122471973WkFnD",
			"_tpl": "5c0e2ff6d174af02a1659d4a",
			"parentId": "I21320920636741808852tD2",
			"slotId": "mod_pistol_grip"
		},
		{
			"_id": "I213209209863401879PNIJZ",
			"_tpl": "5c0e2f26d174af02a9625114",
			"parentId": "I21320920636741808852tD2",
			"slotId": "mod_reciever"
		},
		{
			"_id": "I213209201860495926TeVe3",
			"_tpl": "5649be884bdc2d79388b4577",
			"parentId": "I21320920636741808852tD2",
			"slotId": "mod_stock"
		},
		{
			"_id": "I213209202185334406vET3j",
			"_tpl": "5c0faf68d174af02a96260b8",
			"parentId": "I21320920636741808852tD2",
			"slotId": "mod_charge"
		},
		{
			"_id": "I213209202851743737k58QR",
			"_tpl": "584984812459776a704a82a6",
			"parentId": "I213209209863401879PNIJZ",
			"slotId": "mod_scope",
			"upd": {
				"Sight": {
					"SelectedSightMode": 0
				}
			}
		},
		{
			"_id": "I213209206193574857H82J0",
			"_tpl": "5c0e2f94d174af029f650d56",
			"parentId": "I213209209863401879PNIJZ",
			"slotId": "mod_barrel"
		},
		{
			"_id": "I213209207695800390xs3iP",
			"_tpl": "5c0e2f5cd174af02a012cfc9",
			"parentId": "I213209209863401879PNIJZ",
			"slotId": "mod_handguard"
		},
		{
			"_id": "I213209209336921840j7tRL",
			"_tpl": "5c0fafb6d174af02a96260ba",
			"parentId": "I213209206193574857H82J0",
			"slotId": "mod_muzzle"
		},
		{
			"_id": "I213209208744200084huUT5",
			"_tpl": "5ae30e795acfc408fb139a0b",
			"parentId": "I213209206193574857H82J0",
			"slotId": "mod_gas_block"
		},
		{
			"_id": "mag0Vest856922",
			"_tpl": "55802d5f4bdc2dac148b458e",
			"parentId": "TacticalVest94309",
			"slotId": "3",
			"location": {
				"x": 0,
				"y": 0,
				"r": "Horizontal"
			}
		},
		{
			"_id": "AmmoMag0Vest712652",
			"_tpl": "59e6920f86f77411d82aa167",
			"parentId": "mag0Vest856922",
			"slotId": "cartridges",
			"upd": {
				"StackObjectsCount": 30
			}
		},
		{
			"_id": "mag1Vest281422",
			"_tpl": "55802d5f4bdc2dac148b458e",
			"parentId": "TacticalVest94309",
			"slotId": "5",
			"location": {
				"x": 0,
				"y": 0,
				"r": "Horizontal"
			}
		},
		{
			"_id": "AmmoMag1Vest485693",
			"_tpl": "59e6918f86f7746c9f75e849",
			"parentId": "mag1Vest281422",
			"slotId": "cartridges",
			"upd": {
				"StackObjectsCount": 30
			}
		},
		{
			"_id": "StackAmmo20777594558",
			"_tpl": "5c0d5ae286f7741e46554302",
			"parentId": "TacticalVest94309",
			"slotId": "2",
			"upd": {
				"StackObjectsCount": 19
			}
		},
		{
			"_id": "Scabbard882192",
			"_tpl": "57e26ea924597715ca604a09",
			"parentId": "5c6687d65e9d882c8841f0fd",
			"slotId": "Scabbard"
		},
		{
			"_id": "Headwear632856",
			"_tpl": "572b7d8524597762b472f9d1",
			"parentId": "5c6687d65e9d882c8841f0fd",
			"slotId": "Headwear"
		},
		{
			"_id": "ArmorVest100518",
			"_tpl": "5c0e5edb86f77461f55ed1f7",
			"parentId": "5c6687d65e9d882c8841f0fd",
			"slotId": "ArmorVest",
			"upd": {
				"Repairable": {
					"MaxDurability": 50,
					"Durability": 42
				}
			}
		},
		{
			"_id": "Pocket_118698",
			"_tpl": "590a3c0a86f774385a33c450",
			"parentId": "5c6687d65e9d882c8841f121",
			"slotId": "pocket1",
			"location": {
				"x": 0,
				"y": 0,
				"r": "Horizontal"
			},
			"upd": {
				"SpawnedInSession": true
			}
		}
	],
	"equipment": "5c6687d65e9d882c8841f0fd",
	"stash": "5c6687d65e9d882c8841f0fc",
	"questRaidItems": "5c6687d65e9d882c8841f0fe",
	"questStashItems": "5c6687d65e9d882c8841f0ff",
	"fastPanel": {}
}