{
	"items": [
		{
			"_id": "5c6687d65e9d882c8841f0fd",
			"_tpl": "55d7217a4bdc2d86028b456d"
		},
		{
			"_id": "5c6687d65e9d882c8841f121",
			"_tpl": "557ffd194bdc2d28148b457f",
			"parentId": "5c6687d65e9d882c8841f0fd",
			"slotId": "Pockets"
		},
		{
			"_id": "5c6687d65e9d882c8841f0fc",
			"_tpl": "566abbc34bdc2d92178b4576"
		},
		{
			"_id": "5c6687d65e9d882c8841f0ff",
			"_tpl": "5963866b86f7747bfa1c4462"
		},
		{
			"_id": "5c6687d65e9d882c8841f0fe",
			"_tpl": "5963866286f7747bf429b572"
		},
		{
			"_id": "TacticalVest888538",
			"_tpl": "5648a69d4bdc2ded0b8b457b",
			"parentId": "5c6687d65e9d882c8841f0fd",
			"slotId": "TacticalVest"
		},
		{
			"_id": "I210053421398609716glI23",
			"_tpl": "57838ad32459774a17445cd2",
			"parentId": "5c6687d65e9d882c8841f0fd",
			"slotId": "FirstPrimaryWeapon"
		},
		{
			"_id": "MagazineWeaponScav5773",
			"_tpl": "5a9e81fba2750c00164f6b11",
			"parentId": "I210053421398609716glI23",
			"slotId": "mod_magazine"
		},
		{
			"_id": "AmmoMag14474",
			"_tpl": "5c0d668f86f7747ccb7f13b2",
			"parentId": "MagazineWeaponScav5773",
			"slotId": "cartridges",
			"upd": {
				"StackObjectsCount": 30
			}
		},
		{
			"_id": "I210053428634071086N8Zju",
			"_tpl": "57838c962459774a1651ec63",
			"parentId": "I210053421398609716glI23",
			"slotId": "mod_muzzle"
		},
		{
			"_id": "I210053422066154803RCGpD",
			"_tpl": "578395e82459774a0e553c7b",
			"parentId": "I210053421398609716glI23",
			"slotId": "mod_stock"
		},
		{
			"_id": "I210053425608849568ba9of",
			"_tpl": "57838e1b2459774a256959b1",
			"parentId": "I210053428634071086N8Zju",
			"slotId": "mod_sight_rear",
			"upd": {
				"Sight": {
					"SelectedSightMode": 0
				}
			}
		},
		{
			"_id": "mag0Vest332486",
			"_tpl": "5a9e81fba2750c00164f6b11",
			"parentId": "TacticalVest888538",
			"slotId": "1",
			"location": {
				"x": 0,
				"y": 0,
				"r": "Horizontal"
			}
		},
		{
			"_id": "AmmoMag0Vest619439",
			"_tpl": "5c0d668f86f7747ccb7f13b2",
			"parentId": "mag0Vest332486",
			"slotId": "cartridges",
			"upd": {
				"StackObjectsCount": 30
			}
		},
		{
			"_id": "mag2Vest590805",
			"_tpl": "5a9e81fba2750c00164f6b11",
			"parentId": "TacticalVest888538",
			"slotId": "4",
			"location": {
				"x": 0,
				"y": 0,
				"r": "Horizontal"
			}
		},
		{
			"_id": "AmmoMag2Vest561858",
			"_tpl": "57a0dfb82459774d3078b56c",
			"parentId": "mag2Vest590805",
			"slotId": "cartridges",
			"upd": {
				"StackObjectsCount": 30
			}
		},
		{
			"_id": "mag3Vest446104",
			"_tpl": "5a9e81fba2750c00164f6b11",
			"parentId": "TacticalVest888538",
			"slotId": "11",
			"location": {
				"x": 0,
				"y": 0,
				"r": "Horizontal"
			}
		},
		{
			"_id": "AmmoMag3Vest946674",
			"_tpl": "5c0d668f86f7747ccb7f13b2",
			"parentId": "mag3Vest446104",
			"slotId": "cartridges",
			"upd": {
				"StackObjectsCount": 30
			}
		},
		{
			"_id": "mag0Vest684317",
			"_tpl": "5a9e81fba2750c00164f6b11",
			"parentId": "TacticalVest888538",
			"slotId": "5",
			"location": {
				"x": 1,
				"y": 0,
				"r": "Horizontal"
			}
		},
		{
			"_id": "AmmoMag0Vest557495",
			"_tpl": "57a0e5022459774d1673f889",
			"parentId": "mag0Vest684317",
			"slotId": "cartridges",
			"upd": {
				"StackObjectsCount": 30
			}
		},
		{
			"_id": "StackAmmo31732767241",
			"_tpl": "57a0dfb82459774d3078b56c",
			"parentId": "TacticalVest888538",
			"slotId": "6",
			"upd": {
				"StackObjectsCount": 10
			}
		},
		{
			"_id": "StackAmmo21105132101",
			"_tpl": "5c0d688c86f77413ae3407b2",
			"parentId": "TacticalVest888538",
			"slotId": "9",
			"upd": {
				"StackObjectsCount": 34
			}
		},
		{
			"_id": "Scabbard489168",
			"_tpl": "54491bb74bdc2d09088b4567",
			"parentId": "5c6687d65e9d882c8841f0fd",
			"slotId": "Scabbard"
		},
		{
			"_id": "Eyewear583138",
			"_tpl": "5b432be65acfc433000ed01f",
			"parentId": "5c6687d65e9d882c8841f0fd",
			"slotId": "Eyewear"
		},
		{
			"_id": "FaceCover248439",
			"_tpl": "59e7715586f7742ee5789605",
			"parentId": "5c6687d65e9d882c8841f0fd",
			"slotId": "FaceCover"
		},
		{
			"_id": "ArmorVest224359",
			"_tpl": "5c0e5edb86f77461f55ed1f7",
			"parentId": "5c6687d65e9d882c8841f0fd",
			"slotId": "ArmorVest",
			"upd": {
				"Repairable": {
					"MaxDurability": 50,
					"Durability": 29
				}
			}
		}
	],
	"equipment": "5c6687d65e9d882c8841f0fd",
	"stash": "5c6687d65e9d882c8841f0fc",
	"questRaidItems": "5c6687d65e9d882c8841f0fe",
	"questStashItems": "5c6687d65e9d882c8841f0ff",
	"fastPanel": {}
}