{
	"items": [
		{
			"_id": "5dcb1dc5fb81105cd85c03a8",
			"_tpl": "55d7217a4bdc2d86028b456d"
		},
		{
			"_id": "5dcb1dc5fb81105cd85c03c9",
			"_tpl": "59ff346386f77477562ff5e2",
			"parentId": "5dcb1dc5fb81105cd85c03a8",
			"slotId": "FirstPrimaryWeapon"
		},
		{
			"_id": "5dcb1dc5fb81105cd85c03ca",
			"_tpl": "59d64ec286f774171d1e0a42",
			"parentId": "5dcb1dc5fb81105cd85c03c9",
			"slotId": "mod_gas_block"
		},
		{
			"_id": "5dcb1dc5fb81105cd85c03cb",
			"_tpl": "59d64f2f86f77417193ef8b3",
			"parentId": "5dcb1dc5fb81105cd85c03ca",
			"slotId": "mod_handguard"
		},
		{
			"_id": "5dcb1dc5fb81105cd85c03cc",
			"_tpl": "5a0071d486f77404e23a12b2",
			"parentId": "5dcb1dc5fb81105cd85c03c9",
			"slotId": "mod_pistol_grip_akms"
		},
		{
			"_id": "5dcb1dc5fb81105cd85c03cd",
			"_tpl": "59d64fc686f774171b243fe2",
			"parentId": "5dcb1dc5fb81105cd85c03c9",
			"slotId": "mod_muzzle"
		},
		{
			"_id": "5dcb1dc5fb81105cd85c03ce",
			"_tpl": "59d6507c86f7741b846413a2",
			"parentId": "5dcb1dc5fb81105cd85c03c9",
			"slotId": "mod_reciever"
		},
		{
			"_id": "5dcb1dc5fb81105cd85c03cf",
			"_tpl": "59d650cf86f7741b846413a4",
			"parentId": "5dcb1dc5fb81105cd85c03c9",
			"slotId": "mod_sight_rear"
		},
		{
			"_id": "5dcb1dc5fb81105cd85c03d0",
			"_tpl": "59ff3b6a86f77477562ff5ed",
			"parentId": "5dcb1dc5fb81105cd85c03c9",
			"slotId": "mod_stock_akms"
		},
		{
			"_id": "5dcb1dc5fb81105cd85c03d1",
			"_tpl": "59d625f086f774661516605d",
			"parentId": "5dcb1dc5fb81105cd85c03c9",
			"slotId": "mod_magazine"
		},
		{
			"_id": "5dcb1dc5fb81105cd85c03d2",
			"_tpl": "5656d7c34bdc2d9d198b4587",
			"parentId": "5dcb1dc5fb81105cd85c03d1",
			"slotId": "cartridges",
			"upd": {
				"StackObjectsCount": 30
			}
		},
		{
			"_id": "5dcb1dc5fb81105cd85c03d3",
			"_tpl": "5656d7c34bdc2d9d198b4587",
			"parentId": "5dcb1dc5fb81105cd85c03c9",
			"slotId": "patron_in_weapon",
			"upd": {
				"StackObjectsCount": 1
			}
		},
		{
			"_id": "5dcb1dc5fb81105cd85c03d4",
			"_tpl": "557ffd194bdc2d28148b457f",
			"parentId": "5dcb1dc5fb81105cd85c03a8",
			"slotId": "Pockets"
		},
		{
			"_id": "5dcb1dc5fb81105cd85c03d5",
			"_tpl": "5d5d646386f7742797261fd9",
			"parentId": "5dcb1dc5fb81105cd85c03a8",
			"slotId": "TacticalVest"
		},
		{
			"_id": "5dcb1dc5fb81105cd85c03e2",
			"_tpl": "59d625f086f774661516605d",
			"parentId": "5dcb1dc5fb81105cd85c03d5",
			"slotId": "3",
			"location": {
				"x": 0,
				"y": 0,
				"r": 0
			}
		},
		{
			"_id": "5dcb1dc5fb81105cd85c03e3",
			"_tpl": "5656d7c34bdc2d9d198b4587",
			"parentId": "5dcb1dc5fb81105cd85c03e2",
			"slotId": "cartridges",
			"upd": {
				"StackObjectsCount": 30
			}
		},
		{
			"_id": "5dcb1dc5fb81105cd85c03e4",
			"_tpl": "59d625f086f774661516605d",
			"parentId": "5dcb1dc5fb81105cd85c03d5",
			"slotId": "4",
			"location": {
				"x": 0,
				"y": 0,
				"r": 0
			}
		},
		{
			"_id": "5dcb1dc5fb81105cd85c03e5",
			"_tpl": "5656d7c34bdc2d9d198b4587",
			"parentId": "5dcb1dc5fb81105cd85c03e4",
			"slotId": "cartridges",
			"upd": {
				"StackObjectsCount": 30
			}
		},
		{
			"_id": "5dcb1dc5fb81105cd85c03d6",
			"_tpl": "5ab8f20c86f7745cdb629fb2",
			"parentId": "5dcb1dc5fb81105cd85c03a8",
			"slotId": "Headwear"
		},
		{
			"_id": "5dcb1dc5fb81105cd85c03d7",
			"_tpl": "56e33634d2720bd8058b456b",
			"parentId": "5dcb1dc5fb81105cd85c03a8",
			"slotId": "Backpack"
		},
		{
			"_id": "5dcb1dc5fb81105cd85c03e9",
			"_tpl": "57513f9324597720a7128161",
			"parentId": "5dcb1dc5fb81105cd85c03d7",
			"slotId": "main",
			"location": {
				"x": 0,
				"y": 0,
				"r": 0
			},
			"upd": {
				"FoodDrink": {
					"HpPercent": 20
				}
			}
		},
		{
			"_id": "5dcb1dc5fb81105cd85c03ea",
			"_tpl": "5448ff904bdc2d6f028b456e",
			"parentId": "5dcb1dc5fb81105cd85c03d7",
			"slotId": "main",
			"location": {
				"x": 1,
				"y": 0,
				"r": 0
			},
			"upd": {
				"FoodDrink": {
					"HpPercent": 1
				}
			}
		},
		{
			"_id": "5dcb1dc5fb81105cd85c03eb",
			"_tpl": "59136f6f86f774447a1ed173",
			"parentId": "5dcb1dc5fb81105cd85c03d7",
			"slotId": "main",
			"location": {
				"x": 2,
				"y": 0,
				"r": 0
			}
		},
		{
			"_id": "5dcb1dc5fb81105cd85c03ec",
			"_tpl": "5af0454c86f7746bf20992e8",
			"parentId": "5dcb1dc5fb81105cd85c03d7",
			"slotId": "main",
			"location": {
				"x": 3,
				"y": 0,
				"r": 0
			},
			"upd": {
				"MedKit": {
					"HpResource": 2
				}
			}
		},
		{
			"_id": "5dcb1dc5fb81105cd85c03ed",
			"_tpl": "5938603e86f77435642354f4",
			"parentId": "5dcb1dc5fb81105cd85c03d7",
			"slotId": "main",
			"location": {
				"x": 1,
				"y": 1,
				"r": 0
			}
		},
		{
			"_id": "5dcb1dc5fb81105cd85c03d8",
			"_tpl": "5857a8bc2459772bad15db29",
			"parentId": "5dcb1dc5fb81105cd85c03a8",
			"slotId": "SecuredContainer"
		},
		{
			"_id": "5dcb1dc5fb81105cd85c03d9",
			"_tpl": "5656d7c34bdc2d9d198b4587",
			"parentId": "5dcb1dc5fb81105cd85c03d8",
			"slotId": "main",
			"location": {
				"x": 0,
				"y": 0,
				"r": 0
			},
			"upd": {
				"StackObjectsCount": 60
			}
		},
		{
			"_id": "5dcb1dc5fb81105cd85c03da",
			"_tpl": "5656d7c34bdc2d9d198b4587",
			"parentId": "5dcb1dc5fb81105cd85c03d8",
			"slotId": "main",
			"location": {
				"x": 1,
				"y": 0,
				"r": 0
			},
			"upd": {
				"StackObjectsCount": 60
			}
		},
		{
			"_id": "5dcb1dc5fb81105cd85c03db",
			"_tpl": "5656d7c34bdc2d9d198b4587",
			"parentId": "5dcb1dc5fb81105cd85c03d8",
			"slotId": "main",
			"location": {
				"x": 2,
				"y": 0,
				"r": 0
			},
			"upd": {
				"StackObjectsCount": 60
			}
		},
		{
			"_id": "5dcb1dc5fb81105cd85c03dc",
			"_tpl": "5656d7c34bdc2d9d198b4587",
			"parentId": "5dcb1dc5fb81105cd85c03d8",
			"slotId": "main",
			"location": {
				"x": 0,
				"y": 1,
				"r": 0
			},
			"upd": {
				"StackObjectsCount": 60
			}
		},
		{
			"_id": "5dcb1dc5fb81105cd85c03dd",
			"_tpl": "5656d7c34bdc2d9d198b4587",
			"parentId": "5dcb1dc5fb81105cd85c03d8",
			"slotId": "main",
			"location": {
				"x": 1,
				"y": 1,
				"r": 0
			},
			"upd": {
				"StackObjectsCount": 60
			}
		},
		{
			"_id": "5dcb1dc5fb81105cd85c03de",
			"_tpl": "5656d7c34bdc2d9d198b4587",
			"parentId": "5dcb1dc5fb81105cd85c03d8",
			"slotId": "main",
			"location": {
				"x": 2,
				"y": 1,
				"r": 0
			},
			"upd": {
				"StackObjectsCount": 60
			}
		},
		{
			"_id": "5dcb1dc5fb81105cd85c03df",
			"_tpl": "5656d7c34bdc2d9d198b4587",
			"parentId": "5dcb1dc5fb81105cd85c03d8",
			"slotId": "main",
			"location": {
				"x": 0,
				"y": 2,
				"r": 0
			},
			"upd": {
				"StackObjectsCount": 60
			}
		},
		{
			"_id": "5dcb1dc5fb81105cd85c03e0",
			"_tpl": "5656d7c34bdc2d9d198b4587",
			"parentId": "5dcb1dc5fb81105cd85c03d8",
			"slotId": "main",
			"location": {
				"x": 1,
				"y": 2,
				"r": 0
			},
			"upd": {
				"StackObjectsCount": 60
			}
		},
		{
			"_id": "5dcb1dc5fb81105cd85c03e1",
			"_tpl": "5656d7c34bdc2d9d198b4587",
			"parentId": "5dcb1dc5fb81105cd85c03d8",
			"slotId": "main",
			"location": {
				"x": 2,
				"y": 2,
				"r": 0
			},
			"upd": {
				"StackObjectsCount": 60
			}
		},
		{
			"_id": "5dcb1dc5fb81105cd85c03a7",
			"_tpl": "566abbc34bdc2d92178b4576"
		},
		{
			"_id": "5dcb1dc5fb81105cd85c03aa",
			"_tpl": "5963866b86f7747bfa1c4462"
		},
		{
			"_id": "5dcb1dc5fb81105cd85c03a9",
			"_tpl": "5963866286f7747bf429b572"
		}
	],
	"equipment": "5dcb1dc5fb81105cd85c03a8",
	"stash": "5dcb1dc5fb81105cd85c03a7",
	"questRaidItems": "5dcb1dc5fb81105cd85c03a9",
	"questStashItems": "5dcb1dc5fb81105cd85c03aa",
	"fastPanel": {}
}