{
	"items": [
		{
			"_id": "5dcb1df1cc51617bf52d8504",
			"_tpl": "55d7217a4bdc2d86028b456d"
		},
		{
			"_id": "5dcb1df1cc51617bf52d8523",
			"_tpl": "56dee2bdd2720bc8328b4567",
			"parentId": "5dcb1df1cc51617bf52d8504",
			"slotId": "FirstPrimaryWeapon"
		},
		{
			"_id": "5dcb1df1cc51617bf52d8524",
			"_tpl": "56deec93d2720bec348b4568",
			"parentId": "5dcb1df1cc51617bf52d8523",
			"slotId": "mod_barrel"
		},
		{
			"_id": "5dcb1df1cc51617bf52d8525",
			"_tpl": "56deed6ed2720b4c698b4583",
			"parentId": "5dcb1df1cc51617bf52d8523",
			"slotId": "mod_handguard"
		},
		{
			"_id": "5dcb1df1cc51617bf52d8526",
			"_tpl": "56083cba4bdc2de22e8b456f",
			"parentId": "5dcb1df1cc51617bf52d8523",
			"slotId": "mod_stock"
		},
		{
			"_id": "5dcb1df1cc51617bf52d8527",
			"_tpl": "55d48ebc4bdc2d8c2f8b456c",
			"parentId": "5dcb1df1cc51617bf52d8523",
			"slotId": "mod_mount_000"
		},
		{
			"_id": "5dcb1df1cc51617bf52d8528",
			"_tpl": "57d17e212459775a1179a0f5",
			"parentId": "5dcb1df1cc51617bf52d8527",
			"slotId": "mod_tactical_001"
		},
		{
			"_id": "5dcb1df1cc51617bf52d8529",
			"_tpl": "59d790f486f77403cb06aec6",
			"parentId": "5dcb1df1cc51617bf52d8528",
			"slotId": "mod_flashlight"
		},
		{
			"_id": "5dcb1df1cc51617bf52d852a",
			"_tpl": "55d485804bdc2d8c2f8b456b",
			"parentId": "5dcb1df1cc51617bf52d8523",
			"slotId": "mod_magazine"
		},
		{
			"_id": "5dcb1df1cc51617bf52d852b",
			"_tpl": "5d6e67fba4b9361bc73bc779",
			"parentId": "5dcb1df1cc51617bf52d852a",
			"slotId": "cartridges",
			"upd": {
				"StackObjectsCount": 8
			}
		},
		{
			"_id": "5dcb1df1cc51617bf52d852c",
			"_tpl": "5d6e67fba4b9361bc73bc779",
			"parentId": "5dcb1df1cc51617bf52d8523",
			"slotId": "patron_in_weapon",
			"upd": {
				"StackObjectsCount": 1
			}
		},
		{
			"_id": "5dcb1df1cc51617bf52d852d",
			"_tpl": "557ffd194bdc2d28148b457f",
			"parentId": "5dcb1df1cc51617bf52d8504",
			"slotId": "Pockets"
		},
		{
			"_id": "5dcb1df1cc51617bf52d852e",
			"_tpl": "572b7adb24597762ae139821",
			"parentId": "5dcb1df1cc51617bf52d8504",
			"slotId": "TacticalVest"
		},
		{
			"_id": "5dcb1df1cc51617bf52d853c",
			"_tpl": "5d6e67fba4b9361bc73bc779",
			"parentId": "5dcb1df1cc51617bf52d852e",
			"slotId": "1",
			"location": {
				"x": 0,
				"y": 0,
				"r": 0
			},
			"upd": {
				"StackObjectsCount": 13
			}
		},
		{
			"_id": "5dcb1df1cc51617bf52d852f",
			"_tpl": "5c06c6a80db834001b735491",
			"parentId": "5dcb1df1cc51617bf52d8504",
			"slotId": "Headwear",
			"upd": {
				"Repairable": {
					"Durability": 24
				}
			}
		},
		{
			"_id": "5dcb1df1cc51617bf52d8530",
			"_tpl": "5c0e5edb86f77461f55ed1f7",
			"parentId": "5dcb1df1cc51617bf52d8504",
			"slotId": "ArmorVest",
			"upd": {
				"Repairable": {
					"Durability": 32
				}
			}
		},
		{
			"_id": "5dcb1df1cc51617bf52d8531",
			"_tpl": "57e26fc7245977162a14b800",
			"parentId": "5dcb1df1cc51617bf52d8504",
			"slotId": "Scabbard"
		},
		{
			"_id": "5dcb1df1cc51617bf52d8532",
			"_tpl": "5857a8bc2459772bad15db29",
			"parentId": "5dcb1df1cc51617bf52d8504",
			"slotId": "SecuredContainer"
		},
		{
			"_id": "5dcb1df1cc51617bf52d8533",
			"_tpl": "5d6e67fba4b9361bc73bc779",
			"parentId": "5dcb1df1cc51617bf52d8532",
			"slotId": "main",
			"location": {
				"x": 0,
				"y": 0,
				"r": 0
			},
			"upd": {
				"StackObjectsCount": 20
			}
		},
		{
			"_id": "5dcb1df1cc51617bf52d8534",
			"_tpl": "5d6e67fba4b9361bc73bc779",
			"parentId": "5dcb1df1cc51617bf52d8532",
			"slotId": "main",
			"location": {
				"x": 1,
				"y": 0,
				"r": 0
			},
			"upd": {
				"StackObjectsCount": 20
			}
		},
		{
			"_id": "5dcb1df1cc51617bf52d8535",
			"_tpl": "5d6e67fba4b9361bc73bc779",
			"parentId": "5dcb1df1cc51617bf52d8532",
			"slotId": "main",
			"location": {
				"x": 2,
				"y": 0,
				"r": 0
			},
			"upd": {
				"StackObjectsCount": 20
			}
		},
		{
			"_id": "5dcb1df1cc51617bf52d8536",
			"_tpl": "5d6e67fba4b9361bc73bc779",
			"parentId": "5dcb1df1cc51617bf52d8532",
			"slotId": "main",
			"location": {
				"x": 0,
				"y": 1,
				"r": 0
			},
			"upd": {
				"StackObjectsCount": 20
			}
		},
		{
			"_id": "5dcb1df1cc51617bf52d8537",
			"_tpl": "5d6e67fba4b9361bc73bc779",
			"parentId": "5dcb1df1cc51617bf52d8532",
			"slotId": "main",
			"location": {
				"x": 1,
				"y": 1,
				"r": 0
			},
			"upd": {
				"StackObjectsCount": 20
			}
		},
		{
			"_id": "5dcb1df1cc51617bf52d8538",
			"_tpl": "5d6e67fba4b9361bc73bc779",
			"parentId": "5dcb1df1cc51617bf52d8532",
			"slotId": "main",
			"location": {
				"x": 2,
				"y": 1,
				"r": 0
			},
			"upd": {
				"StackObjectsCount": 20
			}
		},
		{
			"_id": "5dcb1df1cc51617bf52d8539",
			"_tpl": "5d6e67fba4b9361bc73bc779",
			"parentId": "5dcb1df1cc51617bf52d8532",
			"slotId": "main",
			"location": {
				"x": 0,
				"y": 2,
				"r": 0
			},
			"upd": {
				"StackObjectsCount": 20
			}
		},
		{
			"_id": "5dcb1df1cc51617bf52d853a",
			"_tpl": "5d6e67fba4b9361bc73bc779",
			"parentId": "5dcb1df1cc51617bf52d8532",
			"slotId": "main",
			"location": {
				"x": 1,
				"y": 2,
				"r": 0
			},
			"upd": {
				"StackObjectsCount": 20
			}
		},
		{
			"_id": "5dcb1df1cc51617bf52d853b",
			"_tpl": "5d6e67fba4b9361bc73bc779",
			"parentId": "5dcb1df1cc51617bf52d8532",
			"slotId": "main",
			"location": {
				"x": 2,
				"y": 2,
				"r": 0
			},
			"upd": {
				"StackObjectsCount": 20
			}
		},
		{
			"_id": "5dcb1df1cc51617bf52d8503",
			"_tpl": "566abbc34bdc2d92178b4576"
		},
		{
			"_id": "5dcb1df1cc51617bf52d8506",
			"_tpl": "5963866b86f7747bfa1c4462"
		},
		{
			"_id": "5dcb1df1cc51617bf52d8505",
			"_tpl": "5963866286f7747bf429b572"
		}
	],
	"equipment": "5dcb1df1cc51617bf52d8504",
	"stash": "5dcb1df1cc51617bf52d8503",
	"questRaidItems": "5dcb1df1cc51617bf52d8505",
	"questStashItems": "5dcb1df1cc51617bf52d8506",
	"fastPanel": {}
}