{
	"items": [
		{
			"_id": "5dcb1de5d7ed5e035c43936a",
			"_tpl": "55d7217a4bdc2d86028b456d"
		},
		{
			"_id": "5dcb1de5d7ed5e035c439388",
			"_tpl": "5bf3e03b0db834001d2c4a9c",
			"parentId": "5dcb1de5d7ed5e035c43936a",
			"slotId": "FirstPrimaryWeapon",
			"upd": {
				"FireMode": {
					"FireMode": "single"
				}
			}
		},
		{
			"_id": "5dcb1de5d7ed5e035c439389",
			"_tpl": "59c6633186f7740cf0493bb9",
			"parentId": "5dcb1de5d7ed5e035c439388",
			"slotId": "mod_gas_block"
		},
		{
			"_id": "5dcb1de5d7ed5e035c43938a",
			"_tpl": "5648b0744bdc2d363b8b4578",
			"parentId": "5dcb1de5d7ed5e035c439389",
			"slotId": "mod_handguard"
		},
		{
			"_id": "5dcb1de5d7ed5e035c43938b",
			"_tpl": "5649aa744bdc2ded0b8b457e",
			"parentId": "5dcb1de5d7ed5e035c439388",
			"slotId": "mod_muzzle"
		},
		{
			"_id": "5dcb1de5d7ed5e035c43938c",
			"_tpl": "57e3dba62459770f0c32322b",
			"parentId": "5dcb1de5d7ed5e035c439388",
			"slotId": "mod_pistol_grip"
		},
		{
			"_id": "5dcb1de5d7ed5e035c43938d",
			"_tpl": "5649af094bdc2df8348b4586",
			"parentId": "5dcb1de5d7ed5e035c439388",
			"slotId": "mod_reciever"
		},
		{
			"_id": "5dcb1de5d7ed5e035c43938e",
			"_tpl": "5649b0544bdc2d1b2b8b458a",
			"parentId": "5dcb1de5d7ed5e035c439388",
			"slotId": "mod_sight_rear"
		},
		{
			"_id": "5dcb1de5d7ed5e035c43938f",
			"_tpl": "5649b1c04bdc2d16268b457c",
			"parentId": "5dcb1de5d7ed5e035c439388",
			"slotId": "mod_stock"
		},
		{
			"_id": "5dcb1de5d7ed5e035c439391",
			"_tpl": "55d480c04bdc2d1d4e8b456a",
			"parentId": "5dcb1de5d7ed5e035c439388",
			"slotId": "mod_magazine"
		},
		{
			"_id": "5dcb1de5d7ed5e035c439392",
			"_tpl": "56dff3afd2720bba668b4567",
			"parentId": "5dcb1de5d7ed5e035c439391",
			"slotId": "cartridges",
			"upd": {
				"StackObjectsCount": 30
			}
		},
		{
			"_id": "5dcb1de5d7ed5e035c439393",
			"_tpl": "557ffd194bdc2d28148b457f",
			"parentId": "5dcb1de5d7ed5e035c43936a",
			"slotId": "Pockets"
		},
		{
			"_id": "5dcb1de5d7ed5e035c4393a9",
			"_tpl": "5673de654bdc2d180f8b456d",
			"parentId": "5dcb1de5d7ed5e035c439393",
			"slotId": "pocket1",
			"location": {
				"x": 0,
				"y": 0,
				"r": 0
			},
			"upd": {
				"FoodDrink": {
					"HpPercent": 1
				}
			}
		},
		{
			"_id": "5dcb1de5d7ed5e035c439394",
			"_tpl": "572b7adb24597762ae139821",
			"parentId": "5dcb1de5d7ed5e035c43936a",
			"slotId": "TacticalVest"
		},
		{
			"_id": "5dcb1de5d7ed5e035c4393a0",
			"_tpl": "55d480c04bdc2d1d4e8b456a",
			"parentId": "5dcb1de5d7ed5e035c439394",
			"slotId": "2",
			"location": {
				"x": 0,
				"y": 0,
				"r": 0
			}
		},
		{
			"_id": "5dcb1de5d7ed5e035c4393a1",
			"_tpl": "56dff3afd2720bba668b4567",
			"parentId": "5dcb1de5d7ed5e035c4393a0",
			"slotId": "cartridges",
			"upd": {
				"StackObjectsCount": 30
			}
		},
		{
			"_id": "5dcb1de5d7ed5e035c4393a8",
			"_tpl": "57347d8724597744596b4e76",
			"parentId": "5dcb1de5d7ed5e035c439394",
			"slotId": "1",
			"location": {
				"x": 0,
				"y": 0,
				"r": 0
			},
			"upd": {
				"FoodDrink": {
					"HpPercent": 1
				}
			}
		},
		{
			"_id": "5dcb1de5d7ed5e035c439395",
			"_tpl": "57e26fc7245977162a14b800",
			"parentId": "5dcb1de5d7ed5e035c43936a",
			"slotId": "Scabbard"
		},
		{
			"_id": "5dcb1de5d7ed5e035c439396",
			"_tpl": "5857a8bc2459772bad15db29",
			"parentId": "5dcb1de5d7ed5e035c43936a",
			"slotId": "SecuredContainer"
		},
		{
			"_id": "5dcb1de5d7ed5e035c439397",
			"_tpl": "56dff3afd2720bba668b4567",
			"parentId": "5dcb1de5d7ed5e035c439396",
			"slotId": "main",
			"location": {
				"x": 0,
				"y": 0,
				"r": 0
			},
			"upd": {
				"StackObjectsCount": 60
			}
		},
		{
			"_id": "5dcb1de5d7ed5e035c439398",
			"_tpl": "56dff3afd2720bba668b4567",
			"parentId": "5dcb1de5d7ed5e035c439396",
			"slotId": "main",
			"location": {
				"x": 1,
				"y": 0,
				"r": 0
			},
			"upd": {
				"StackObjectsCount": 60
			}
		},
		{
			"_id": "5dcb1de5d7ed5e035c439399",
			"_tpl": "56dff3afd2720bba668b4567",
			"parentId": "5dcb1de5d7ed5e035c439396",
			"slotId": "main",
			"location": {
				"x": 2,
				"y": 0,
				"r": 0
			},
			"upd": {
				"StackObjectsCount": 60
			}
		},
		{
			"_id": "5dcb1de5d7ed5e035c43939a",
			"_tpl": "56dff3afd2720bba668b4567",
			"parentId": "5dcb1de5d7ed5e035c439396",
			"slotId": "main",
			"location": {
				"x": 0,
				"y": 1,
				"r": 0
			},
			"upd": {
				"StackObjectsCount": 60
			}
		},
		{
			"_id": "5dcb1de5d7ed5e035c43939b",
			"_tpl": "56dff3afd2720bba668b4567",
			"parentId": "5dcb1de5d7ed5e035c439396",
			"slotId": "main",
			"location": {
				"x": 1,
				"y": 1,
				"r": 0
			},
			"upd": {
				"StackObjectsCount": 60
			}
		},
		{
			"_id": "5dcb1de5d7ed5e035c43939c",
			"_tpl": "56dff3afd2720bba668b4567",
			"parentId": "5dcb1de5d7ed5e035c439396",
			"slotId": "main",
			"location": {
				"x": 2,
				"y": 1,
				"r": 0
			},
			"upd": {
				"StackObjectsCount": 60
			}
		},
		{
			"_id": "5dcb1de5d7ed5e035c43939d",
			"_tpl": "56dff3afd2720bba668b4567",
			"parentId": "5dcb1de5d7ed5e035c439396",
			"slotId": "main",
			"location": {
				"x": 0,
				"y": 2,
				"r": 0
			},
			"upd": {
				"StackObjectsCount": 60
			}
		},
		{
			"_id": "5dcb1de5d7ed5e035c43939e",
			"_tpl": "56dff3afd2720bba668b4567",
			"parentId": "5dcb1de5d7ed5e035c439396",
			"slotId": "main",
			"location": {
				"x": 1,
				"y": 2,
				"r": 0
			},
			"upd": {
				"StackObjectsCount": 60
			}
		},
		{
			"_id": "5dcb1de5d7ed5e035c43939f",
			"_tpl": "56dff3afd2720bba668b4567",
			"parentId": "5dcb1de5d7ed5e035c439396",
			"slotId": "main",
			"location": {
				"x": 2,
				"y": 2,
				"r": 0
			},
			"upd": {
				"StackObjectsCount": 60
			}
		},
		{
			"_id": "5dcb1de5d7ed5e035c439369",
			"_tpl": "566abbc34bdc2d92178b4576"
		},
		{
			"_id": "5dcb1de5d7ed5e035c43936c",
			"_tpl": "5963866b86f7747bfa1c4462"
		},
		{
			"_id": "5dcb1de5d7ed5e035c43936b",
			"_tpl": "5963866286f7747bf429b572"
		}
	],
	"equipment": "5dcb1de5d7ed5e035c43936a",
	"stash": "5dcb1de5d7ed5e035c439369",
	"questRaidItems": "5dcb1de5d7ed5e035c43936b",
	"questStashItems": "5dcb1de5d7ed5e035c43936c",
	"fastPanel": {}
}