{
	"items": [
		{
			"_id": "5dcb1de5d7ed5e035c4388a2",
			"_tpl": "55d7217a4bdc2d86028b456d"
		},
		{
			"_id": "5dcb1de5d7ed5e035c4388c2",
			"_tpl": "571a12c42459771f627b58a0",
			"parentId": "5dcb1de5d7ed5e035c4388a2",
			"slotId": "Holster"
		},
		{
			"_id": "5dcb1de5d7ed5e035c4388c3",
			"_tpl": "571a26d524597720680fbe8a",
			"parentId": "5dcb1de5d7ed5e035c4388c2",
			"slotId": "mod_barrel"
		},
		{
			"_id": "5dcb1de5d7ed5e035c4388c4",
			"_tpl": "571a282c2459771fb2755a69",
			"parentId": "5dcb1de5d7ed5e035c4388c2",
			"slotId": "mod_pistol_grip"
		},
		{
			"_id": "5dcb1de5d7ed5e035c4388c5",
			"_tpl": "571a29dc2459771fb2755a6a",
			"parentId": "5dcb1de5d7ed5e035c4388c2",
			"slotId": "mod_magazine"
		},
		{
			"_id": "5dcb1de5d7ed5e035c4388c6",
			"_tpl": "5736026a245977644601dc61",
			"parentId": "5dcb1de5d7ed5e035c4388c5",
			"slotId": "cartridges",
			"upd": {
				"StackObjectsCount": 8
			}
		},
		{
			"_id": "5dcb1de5d7ed5e035c4388c7",
			"_tpl": "5736026a245977644601dc61",
			"parentId": "5dcb1de5d7ed5e035c4388c2",
			"slotId": "patron_in_weapon",
			"upd": {
				"StackObjectsCount": 1
			}
		},
		{
			"_id": "5dcb1de5d7ed5e035c4388c8",
			"_tpl": "557ffd194bdc2d28148b457f",
			"parentId": "5dcb1de5d7ed5e035c4388a2",
			"slotId": "Pockets"
		},
		{
			"_id": "5dcb1de5d7ed5e035c4388c9",
			"_tpl": "5929a2a086f7744f4b234d43",
			"parentId": "5dcb1de5d7ed5e035c4388a2",
			"slotId": "TacticalVest"
		},
		{
			"_id": "5dcb1de5d7ed5e035c4388d7",
			"_tpl": "571a29dc2459771fb2755a6a",
			"parentId": "5dcb1de5d7ed5e035c4388c9",
			"slotId": "1",
			"location": {
				"x": 0,
				"y": 0,
				"r": 0
			}
		},
		{
			"_id": "5dcb1de5d7ed5e035c4388d8",
			"_tpl": "5736026a245977644601dc61",
			"parentId": "5dcb1de5d7ed5e035c4388d7",
			"slotId": "cartridges",
			"upd": {
				"StackObjectsCount": 8
			}
		},
		{
			"_id": "5dcb1de5d7ed5e035c4388ca",
			"_tpl": "572b7fa524597762b747ce82",
			"parentId": "5dcb1de5d7ed5e035c4388a2",
			"slotId": "FaceCover"
		},
		{
			"_id": "5dcb1de5d7ed5e035c4388cb",
			"_tpl": "5aa2ba19e5b5b00014028f4e",
			"parentId": "5dcb1de5d7ed5e035c4388a2",
			"slotId": "Headwear"
		},
		{
			"_id": "5dcb1de5d7ed5e035c4388cc",
			"_tpl": "57e26fc7245977162a14b800",
			"parentId": "5dcb1de5d7ed5e035c4388a2",
			"slotId": "Scabbard"
		},
		{
			"_id": "5dcb1de5d7ed5e035c4388cd",
			"_tpl": "5857a8bc2459772bad15db29",
			"parentId": "5dcb1de5d7ed5e035c4388a2",
			"slotId": "SecuredContainer"
		},
		{
			"_id": "5dcb1de5d7ed5e035c4388ce",
			"_tpl": "5736026a245977644601dc61",
			"parentId": "5dcb1de5d7ed5e035c4388cd",
			"slotId": "main",
			"location": {
				"x": 0,
				"y": 0,
				"r": 0
			},
			"upd": {
				"StackObjectsCount": 50
			}
		},
		{
			"_id": "5dcb1de5d7ed5e035c4388cf",
			"_tpl": "5736026a245977644601dc61",
			"parentId": "5dcb1de5d7ed5e035c4388cd",
			"slotId": "main",
			"location": {
				"x": 1,
				"y": 0,
				"r": 0
			},
			"upd": {
				"StackObjectsCount": 50
			}
		},
		{
			"_id": "5dcb1de5d7ed5e035c4388d0",
			"_tpl": "5736026a245977644601dc61",
			"parentId": "5dcb1de5d7ed5e035c4388cd",
			"slotId": "main",
			"location": {
				"x": 2,
				"y": 0,
				"r": 0
			},
			"upd": {
				"StackObjectsCount": 50
			}
		},
		{
			"_id": "5dcb1de5d7ed5e035c4388d1",
			"_tpl": "5736026a245977644601dc61",
			"parentId": "5dcb1de5d7ed5e035c4388cd",
			"slotId": "main",
			"location": {
				"x": 0,
				"y": 1,
				"r": 0
			},
			"upd": {
				"StackObjectsCount": 50
			}
		},
		{
			"_id": "5dcb1de5d7ed5e035c4388d2",
			"_tpl": "5736026a245977644601dc61",
			"parentId": "5dcb1de5d7ed5e035c4388cd",
			"slotId": "main",
			"location": {
				"x": 1,
				"y": 1,
				"r": 0
			},
			"upd": {
				"StackObjectsCount": 50
			}
		},
		{
			"_id": "5dcb1de5d7ed5e035c4388d3",
			"_tpl": "5736026a245977644601dc61",
			"parentId": "5dcb1de5d7ed5e035c4388cd",
			"slotId": "main",
			"location": {
				"x": 2,
				"y": 1,
				"r": 0
			},
			"upd": {
				"StackObjectsCount": 50
			}
		},
		{
			"_id": "5dcb1de5d7ed5e035c4388d4",
			"_tpl": "5736026a245977644601dc61",
			"parentId": "5dcb1de5d7ed5e035c4388cd",
			"slotId": "main",
			"location": {
				"x": 0,
				"y": 2,
				"r": 0
			},
			"upd": {
				"StackObjectsCount": 50
			}
		},
		{
			"_id": "5dcb1de5d7ed5e035c4388d5",
			"_tpl": "5736026a245977644601dc61",
			"parentId": "5dcb1de5d7ed5e035c4388cd",
			"slotId": "main",
			"location": {
				"x": 1,
				"y": 2,
				"r": 0
			},
			"upd": {
				"StackObjectsCount": 50
			}
		},
		{
			"_id": "5dcb1de5d7ed5e035c4388d6",
			"_tpl": "5736026a245977644601dc61",
			"parentId": "5dcb1de5d7ed5e035c4388cd",
			"slotId": "main",
			"location": {
				"x": 2,
				"y": 2,
				"r": 0
			},
			"upd": {
				"StackObjectsCount": 50
			}
		},
		{
			"_id": "5dcb1de5d7ed5e035c4388a1",
			"_tpl": "566abbc34bdc2d92178b4576"
		},
		{
			"_id": "5dcb1de5d7ed5e035c4388a4",
			"_tpl": "5963866b86f7747bfa1c4462"
		},
		{
			"_id": "5dcb1de5d7ed5e035c4388a3",
			"_tpl": "5963866286f7747bf429b572"
		}
	],
	"equipment": "5dcb1de5d7ed5e035c4388a2",
	"stash": "5dcb1de5d7ed5e035c4388a1",
	"questRaidItems": "5dcb1de5d7ed5e035c4388a3",
	"questStashItems": "5dcb1de5d7ed5e035c4388a4",
	"fastPanel": {}
}