{
	"items": [
		{
			"_id": "5dcb1de5d7ed5e035c43990b",
			"_tpl": "55d7217a4bdc2d86028b456d"
		},
		{
			"_id": "5dcb1de5d7ed5e035c43992c",
			"_tpl": "5a38e6bac4a2826c6e06d79b",
			"parentId": "5dcb1de5d7ed5e035c43990b",
			"slotId": "FirstPrimaryWeapon"
		},
		{
			"_id": "5dcb1de5d7ed5e035c43992d",
			"_tpl": "5a38ef1fc4a282000b1521f6",
			"parentId": "5dcb1de5d7ed5e035c43992c",
			"slotId": "mod_stock"
		},
		{
			"_id": "5dcb1de5d7ed5e035c43992e",
			"_tpl": "5a38eecdc4a282329a73b512",
			"parentId": "5dcb1de5d7ed5e035c43992d",
			"slotId": "mod_pistol_grip"
		},
		{
			"_id": "5dcb1de5d7ed5e035c43992f",
			"_tpl": "5a38ee51c4a282000c5a955c",
			"parentId": "5dcb1de5d7ed5e035c43992c",
			"slotId": "mod_magazine"
		},
		{
			"_id": "5dcb1de5d7ed5e035c439930",
			"_tpl": "5a38ebd9c4a282000d722a5b",
			"parentId": "5dcb1de5d7ed5e035c43992f",
			"slotId": "cartridges",
			"upd": {
				"StackObjectsCount": 2
			}
		},
		{
			"_id": "5dcb1de5d7ed5e035c439931",
			"_tpl": "5a38ebd9c4a282000d722a5b",
			"parentId": "5dcb1de5d7ed5e035c43992c",
			"slotId": "patron_in_weapon",
			"upd": {
				"StackObjectsCount": 1
			}
		},
		{
			"_id": "5dcb1de5d7ed5e035c439932",
			"_tpl": "557ffd194bdc2d28148b457f",
			"parentId": "5dcb1de5d7ed5e035c43990b",
			"slotId": "Pockets"
		},
		{
			"_id": "5dcb1de5d7ed5e035c439933",
			"_tpl": "572b7adb24597762ae139821",
			"parentId": "5dcb1de5d7ed5e035c43990b",
			"slotId": "TacticalVest"
		},
		{
			"_id": "5dcb1de5d7ed5e035c439940",
			"_tpl": "5a38ee51c4a282000c5a955c",
			"parentId": "5dcb1de5d7ed5e035c439933",
			"slotId": "1",
			"location": {
				"x": 0,
				"y": 0,
				"r": 0
			}
		},
		{
			"_id": "5dcb1de5d7ed5e035c439941",
			"_tpl": "5a38ebd9c4a282000d722a5b",
			"parentId": "5dcb1de5d7ed5e035c439940",
			"slotId": "cartridges",
			"upd": {
				"StackObjectsCount": 2
			}
		},
		{
			"_id": "5dcb1de5d7ed5e035c439942",
			"_tpl": "5a38ee51c4a282000c5a955c",
			"parentId": "5dcb1de5d7ed5e035c439933",
			"slotId": "2",
			"location": {
				"x": 0,
				"y": 0,
				"r": 0
			}
		},
		{
			"_id": "5dcb1de5d7ed5e035c439943",
			"_tpl": "5a38ebd9c4a282000d722a5b",
			"parentId": "5dcb1de5d7ed5e035c439942",
			"slotId": "cartridges",
			"upd": {
				"StackObjectsCount": 2
			}
		},
		{
			"_id": "5dcb1de5d7ed5e035c439944",
			"_tpl": "5a38ee51c4a282000c5a955c",
			"parentId": "5dcb1de5d7ed5e035c439933",
			"slotId": "2",
			"location": {
				"x": 0,
				"y": 1,
				"r": 0
			}
		},
		{
			"_id": "5dcb1de5d7ed5e035c439945",
			"_tpl": "5a38ebd9c4a282000d722a5b",
			"parentId": "5dcb1de5d7ed5e035c439944",
			"slotId": "cartridges",
			"upd": {
				"StackObjectsCount": 2
			}
		},
		{
			"_id": "5dcb1de5d7ed5e035c439934",
			"_tpl": "572b7d8524597762b472f9d1",
			"parentId": "5dcb1de5d7ed5e035c43990b",
			"slotId": "Headwear"
		},
		{
			"_id": "5dcb1de5d7ed5e035c439935",
			"_tpl": "57e26fc7245977162a14b800",
			"parentId": "5dcb1de5d7ed5e035c43990b",
			"slotId": "Scabbard"
		},
		{
			"_id": "5dcb1de5d7ed5e035c439936",
			"_tpl": "5857a8bc2459772bad15db29",
			"parentId": "5dcb1de5d7ed5e035c43990b",
			"slotId": "SecuredContainer"
		},
		{
			"_id": "5dcb1de5d7ed5e035c439937",
			"_tpl": "5a38ebd9c4a282000d722a5b",
			"parentId": "5dcb1de5d7ed5e035c439936",
			"slotId": "main",
			"location": {
				"x": 0,
				"y": 0,
				"r": 0
			},
			"upd": {
				"StackObjectsCount": 20
			}
		},
		{
			"_id": "5dcb1de5d7ed5e035c439938",
			"_tpl": "5a38ebd9c4a282000d722a5b",
			"parentId": "5dcb1de5d7ed5e035c439936",
			"slotId": "main",
			"location": {
				"x": 1,
				"y": 0,
				"r": 0
			},
			"upd": {
				"StackObjectsCount": 20
			}
		},
		{
			"_id": "5dcb1de5d7ed5e035c439939",
			"_tpl": "5a38ebd9c4a282000d722a5b",
			"parentId": "5dcb1de5d7ed5e035c439936",
			"slotId": "main",
			"location": {
				"x": 2,
				"y": 0,
				"r": 0
			},
			"upd": {
				"StackObjectsCount": 20
			}
		},
		{
			"_id": "5dcb1de5d7ed5e035c43993a",
			"_tpl": "5a38ebd9c4a282000d722a5b",
			"parentId": "5dcb1de5d7ed5e035c439936",
			"slotId": "main",
			"location": {
				"x": 0,
				"y": 1,
				"r": 0
			},
			"upd": {
				"StackObjectsCount": 20
			}
		},
		{
			"_id": "5dcb1de5d7ed5e035c43993b",
			"_tpl": "5a38ebd9c4a282000d722a5b",
			"parentId": "5dcb1de5d7ed5e035c439936",
			"slotId": "main",
			"location": {
				"x": 1,
				"y": 1,
				"r": 0
			},
			"upd": {
				"StackObjectsCount": 20
			}
		},
		{
			"_id": "5dcb1de5d7ed5e035c43993c",
			"_tpl": "5a38ebd9c4a282000d722a5b",
			"parentId": "5dcb1de5d7ed5e035c439936",
			"slotId": "main",
			"location": {
				"x": 2,
				"y": 1,
				"r": 0
			},
			"upd": {
				"StackObjectsCount": 20
			}
		},
		{
			"_id": "5dcb1de5d7ed5e035c43993d",
			"_tpl": "5a38ebd9c4a282000d722a5b",
			"parentId": "5dcb1de5d7ed5e035c439936",
			"slotId": "main",
			"location": {
				"x": 0,
				"y": 2,
				"r": 0
			},
			"upd": {
				"StackObjectsCount": 20
			}
		},
		{
			"_id": "5dcb1de5d7ed5e035c43993e",
			"_tpl": "5a38ebd9c4a282000d722a5b",
			"parentId": "5dcb1de5d7ed5e035c439936",
			"slotId": "main",
			"location": {
				"x": 1,
				"y": 2,
				"r": 0
			},
			"upd": {
				"StackObjectsCount": 20
			}
		},
		{
			"_id": "5dcb1de5d7ed5e035c43993f",
			"_tpl": "5a38ebd9c4a282000d722a5b",
			"parentId": "5dcb1de5d7ed5e035c439936",
			"slotId": "main",
			"location": {
				"x": 2,
				"y": 2,
				"r": 0
			},
			"upd": {
				"StackObjectsCount": 20
			}
		},
		{
			"_id": "5dcb1de5d7ed5e035c43990a",
			"_tpl": "566abbc34bdc2d92178b4576"
		},
		{
			"_id": "5dcb1de5d7ed5e035c43990d",
			"_tpl": "5963866b86f7747bfa1c4462"
		},
		{
			"_id": "5dcb1de5d7ed5e035c43990c",
			"_tpl": "5963866286f7747bf429b572"
		}
	],
	"equipment": "5dcb1de5d7ed5e035c43990b",
	"stash": "5dcb1de5d7ed5e035c43990a",
	"questRaidItems": "5dcb1de5d7ed5e035c43990c",
	"questStashItems": "5dcb1de5d7ed5e035c43990d",
	"fastPanel": {}
}