{
	"items": [
		{
			"_id": "5c6687d65e9d882c8841f0fd",
			"_tpl": "55d7217a4bdc2d86028b456d"
		},
		{
			"_id": "5c6687d65e9d882c8841f121",
			"_tpl": "557ffd194bdc2d28148b457f",
			"parentId": "5c6687d65e9d882c8841f0fd",
			"slotId": "Pockets"
		},
		{
			"_id": "5c6687d65e9d882c8841f0fc",
			"_tpl": "566abbc34bdc2d92178b4576"
		},
		{
			"_id": "5c6687d65e9d882c8841f0ff",
			"_tpl": "5963866b86f7747bfa1c4462"
		},
		{
			"_id": "5c6687d65e9d882c8841f0fe",
			"_tpl": "5963866286f7747bf429b572"
		},
		{
			"_id": "TacticalVest641784",
			"_tpl": "5d5d85c586f774279a21cbdb",
			"parentId": "5c6687d65e9d882c8841f0fd",
			"slotId": "TacticalVest"
		},
		{
			"_id": "I2101051107436183wcFmPWV",
			"_tpl": "59e6687d86f77411d949b251",
			"parentId": "5c6687d65e9d882c8841f0fd",
			"slotId": "FirstPrimaryWeapon"
		},
		{
			"_id": "I21010528013449756ssXEu6",
			"_tpl": "59e649f986f77411d949b246",
			"parentId": "I2101051107436183wcFmPWV",
			"slotId": "mod_gas_block"
		},
		{
			"_id": "I2101055643479719Mo6r1pU",
			"_tpl": "59e8a00d86f7742ad93b569c",
			"parentId": "I2101051107436183wcFmPWV",
			"slotId": "mod_muzzle"
		},
		{
			"_id": "I2101056404667664E3FteQB",
			"_tpl": "59e6318286f77444dd62c4cc",
			"parentId": "I2101051107436183wcFmPWV",
			"slotId": "mod_pistol_grip"
		},
		{
			"_id": "I2101059562075407NehXpGx",
			"_tpl": "59e8977386f77415a553c453",
			"parentId": "I2101051107436183wcFmPWV",
			"slotId": "mod_sight_rear",
			"upd": {
				"Sight": {
					"SelectedSightMode": 0
				}
			}
		},
		{
			"_id": "MagazineWeaponScav4405",
			"_tpl": "59d625f086f774661516605d",
			"parentId": "I2101051107436183wcFmPWV",
			"slotId": "mod_magazine"
		},
		{
			"_id": "AmmoMag1368",
			"_tpl": "59e655cb86f77411dc52a77b",
			"parentId": "MagazineWeaponScav4405",
			"slotId": "cartridges",
			"upd": {
				"StackObjectsCount": 30
			}
		},
		{
			"_id": "I2101051710140599GSS3XJt",
			"_tpl": "59e898ee86f77427614bd225",
			"parentId": "I21010528013449756ssXEu6",
			"slotId": "mod_handguard"
		},
		{
			"_id": "mag1Vest599597",
			"_tpl": "5b1fd4e35acfc40018633c39",
			"parentId": "TacticalVest641784",
			"slotId": "2",
			"location": {
				"x": 0,
				"y": 0,
				"r": "Horizontal"
			}
		},
		{
			"_id": "AmmoMag1Vest436564",
			"_tpl": "59e655cb86f77411dc52a77b",
			"parentId": "mag1Vest599597",
			"slotId": "cartridges",
			"upd": {
				"StackObjectsCount": 10
			}
		},
		{
			"_id": "mag2Vest61135",
			"_tpl": "5b1fd4e35acfc40018633c39",
			"parentId": "TacticalVest641784",
			"slotId": "4",
			"location": {
				"x": 0,
				"y": 0,
				"r": "Horizontal"
			}
		},
		{
			"_id": "AmmoMag2Vest102369",
			"_tpl": "59e6658b86f77411d949b250",
			"parentId": "mag2Vest61135",
			"slotId": "cartridges",
			"upd": {
				"StackObjectsCount": 10
			}
		},
		{
			"_id": "StackAmmo5393024759",
			"_tpl": "59e655cb86f77411dc52a77b",
			"parentId": "TacticalVest641784",
			"slotId": "7",
			"upd": {
				"StackObjectsCount": 24
			}
		},
		{
			"_id": "Scabbard727916",
			"_tpl": "57e26ea924597715ca604a09",
			"parentId": "5c6687d65e9d882c8841f0fd",
			"slotId": "Scabbard"
		},
		{
			"_id": "FaceCover795028",
			"_tpl": "5e54f79686f7744022011103",
			"parentId": "5c6687d65e9d882c8841f0fd",
			"slotId": "FaceCover"
		},
		{
			"_id": "Backpack979965",
			"_tpl": "56e33634d2720bd8058b456b",
			"parentId": "5c6687d65e9d882c8841f0fd",
			"slotId": "Backpack"
		},
		{
			"_id": "BP_Backpack979965_315304",
			"_tpl": "544fb3f34bdc2d03748b456a",
			"parentId": "Backpack979965",
			"slotId": "main",
			"location": {
				"x": 0,
				"y": 0,
				"r": "Horizontal"
			}
		},
		{
			"_id": "BP_Backpack979965_161445",
			"_tpl": "590a358486f77429692b2790",
			"parentId": "Backpack979965",
			"slotId": "main",
			"location": {
				"x": 0,
				"y": 1,
				"r": "Horizontal"
			}
		},
		{
			"_id": "BP_Backpack979965_555974",
			"_tpl": "59fafb5d86f774067a6f2084",
			"parentId": "Backpack979965",
			"slotId": "main",
			"location": {
				"x": 1,
				"y": 0,
				"r": "Horizontal"
			}
		},
		{
			"_id": "BP_Backpack979965_269550",
			"_tpl": "573474f924597738002c6174",
			"parentId": "Backpack979965",
			"slotId": "main",
			"location": {
				"x": 0,
				"y": 2,
				"r": "Horizontal"
			}
		},
		{
			"_id": "BP_Backpack979965_305737",
			"_tpl": "56742c324bdc2d150f8b456d",
			"parentId": "Backpack979965",
			"slotId": "main",
			"location": {
				"x": 1,
				"y": 2,
				"r": "Horizontal"
			}
		},
		{
			"_id": "BP_Backpack979965_720620",
			"_tpl": "590c5f0d86f77413997acfab",
			"parentId": "Backpack979965",
			"slotId": "main",
			"location": {
				"x": 3,
				"y": 0,
				"r": "Horizontal"
			}
		},
		{
			"_id": "BP_Backpack979965_990626",
			"_tpl": "5e2af22086f7746d3f3c33fa",
			"parentId": "Backpack979965",
			"slotId": "main",
			"location": {
				"x": 2,
				"y": 2,
				"r": "Horizontal"
			}
		},
		{
			"_id": "ArmorVest743855",
			"_tpl": "5c0e541586f7747fa54205c9",
			"parentId": "5c6687d65e9d882c8841f0fd",
			"slotId": "ArmorVest",
			"upd": {
				"Repairable": {
					"MaxDurability": 60,
					"Durability": 55
				}
			}
		},
		{
			"_id": "Pocket_679300",
			"_tpl": "590c2c9c86f774245b1f03f2",
			"parentId": "5c6687d65e9d882c8841f121",
			"slotId": "pocket1",
			"location": {
				"x": 0,
				"y": 0,
				"r": "Horizontal"
			},
			"upd": {
				"SpawnedInSession": true
			}
		}
	],
	"equipment": "5c6687d65e9d882c8841f0fd",
	"stash": "5c6687d65e9d882c8841f0fc",
	"questRaidItems": "5c6687d65e9d882c8841f0fe",
	"questStashItems": "5c6687d65e9d882c8841f0ff",
	"fastPanel": {}
}