{
	"items": [
		{
			"_id": "5dcb1de5d7ed5e035c4394dd",
			"_tpl": "55d7217a4bdc2d86028b456d"
		},
		{
			"_id": "5dcb1de5d7ed5e035c4394fd",
			"_tpl": "5448bd6b4bdc2dfc2f8b4569",
			"parentId": "5dcb1de5d7ed5e035c4394dd",
			"slotId": "Holster"
		},
		{
			"_id": "5dcb1de5d7ed5e035c4394fe",
			"_tpl": "5448c12b4bdc2d02308b456f",
			"parentId": "5dcb1de5d7ed5e035c4394fd",
			"slotId": "mod_magazine"
		},
		{
			"_id": "5dcb1de5d7ed5e035c4394ff",
			"_tpl": "573719762459775a626ccbc1",
			"parentId": "5dcb1de5d7ed5e035c4394fe",
			"slotId": "cartridges",
			"upd": {
				"StackObjectsCount": 8
			}
		},
		{
			"_id": "5dcb1de5d7ed5e035c439500",
			"_tpl": "573719762459775a626ccbc1",
			"parentId": "5dcb1de5d7ed5e035c4394fd",
			"slotId": "patron_in_weapon",
			"upd": {
				"StackObjectsCount": 1
			}
		},
		{
			"_id": "5dcb1de5d7ed5e035c439501",
			"_tpl": "557ffd194bdc2d28148b457f",
			"parentId": "5dcb1de5d7ed5e035c4394dd",
			"slotId": "Pockets"
		},
		{
			"_id": "5dcb1de5d7ed5e035c439502",
			"_tpl": "572b7adb24597762ae139821",
			"parentId": "5dcb1de5d7ed5e035c4394dd",
			"slotId": "TacticalVest"
		},
		{
			"_id": "5dcb1de5d7ed5e035c43950f",
			"_tpl": "5448c12b4bdc2d02308b456f",
			"parentId": "5dcb1de5d7ed5e035c439502",
			"slotId": "1",
			"location": {
				"x": 0,
				"y": 0,
				"r": 0
			}
		},
		{
			"_id": "5dcb1de5d7ed5e035c439510",
			"_tpl": "573719762459775a626ccbc1",
			"parentId": "5dcb1de5d7ed5e035c43950f",
			"slotId": "cartridges",
			"upd": {
				"StackObjectsCount": 8
			}
		},
		{
			"_id": "5dcb1de5d7ed5e035c439511",
			"_tpl": "5448c12b4bdc2d02308b456f",
			"parentId": "5dcb1de5d7ed5e035c439502",
			"slotId": "2",
			"location": {
				"x": 0,
				"y": 0,
				"r": 0
			}
		},
		{
			"_id": "5dcb1de5d7ed5e035c439512",
			"_tpl": "573719762459775a626ccbc1",
			"parentId": "5dcb1de5d7ed5e035c439511",
			"slotId": "cartridges",
			"upd": {
				"StackObjectsCount": 8
			}
		},
		{
			"_id": "5dcb1de5d7ed5e035c439503",
			"_tpl": "57e26fc7245977162a14b800",
			"parentId": "5dcb1de5d7ed5e035c4394dd",
			"slotId": "Scabbard"
		},
		{
			"_id": "5dcb1de5d7ed5e035c439504",
			"_tpl": "56e33634d2720bd8058b456b",
			"parentId": "5dcb1de5d7ed5e035c4394dd",
			"slotId": "Backpack"
		},
		{
			"_id": "5dcb1de5d7ed5e035c439515",
			"_tpl": "544fb6cc4bdc2d34748b456e",
			"parentId": "5dcb1de5d7ed5e035c439504",
			"slotId": "main",
			"location": {
				"x": 0,
				"y": 0,
				"r": 0
			},
			"upd": {
				"FoodDrink": {
					"HpPercent": 1
				}
			}
		},
		{
			"_id": "5dcb1de5d7ed5e035c439516",
			"_tpl": "57513f9324597720a7128161",
			"parentId": "5dcb1de5d7ed5e035c439504",
			"slotId": "main",
			"location": {
				"x": 1,
				"y": 0,
				"r": 0
			},
			"upd": {
				"FoodDrink": {
					"HpPercent": 22
				}
			}
		},
		{
			"_id": "5dcb1de5d7ed5e035c439517",
			"_tpl": "5448fee04bdc2dbc018b4567",
			"parentId": "5dcb1de5d7ed5e035c439504",
			"slotId": "main",
			"location": {
				"x": 2,
				"y": 0,
				"r": 0
			},
			"upd": {
				"FoodDrink": {
					"HpPercent": 57
				}
			}
		},
		{
			"_id": "5dcb1de5d7ed5e035c439505",
			"_tpl": "5857a8bc2459772bad15db29",
			"parentId": "5dcb1de5d7ed5e035c4394dd",
			"slotId": "SecuredContainer"
		},
		{
			"_id": "5dcb1de5d7ed5e035c439506",
			"_tpl": "573719762459775a626ccbc1",
			"parentId": "5dcb1de5d7ed5e035c439505",
			"slotId": "main",
			"location": {
				"x": 0,
				"y": 0,
				"r": 0
			},
			"upd": {
				"StackObjectsCount": 50
			}
		},
		{
			"_id": "5dcb1de5d7ed5e035c439507",
			"_tpl": "573719762459775a626ccbc1",
			"parentId": "5dcb1de5d7ed5e035c439505",
			"slotId": "main",
			"location": {
				"x": 1,
				"y": 0,
				"r": 0
			},
			"upd": {
				"StackObjectsCount": 50
			}
		},
		{
			"_id": "5dcb1de5d7ed5e035c439508",
			"_tpl": "573719762459775a626ccbc1",
			"parentId": "5dcb1de5d7ed5e035c439505",
			"slotId": "main",
			"location": {
				"x": 2,
				"y": 0,
				"r": 0
			},
			"upd": {
				"StackObjectsCount": 50
			}
		},
		{
			"_id": "5dcb1de5d7ed5e035c439509",
			"_tpl": "573719762459775a626ccbc1",
			"parentId": "5dcb1de5d7ed5e035c439505",
			"slotId": "main",
			"location": {
				"x": 0,
				"y": 1,
				"r": 0
			},
			"upd": {
				"StackObjectsCount": 50
			}
		},
		{
			"_id": "5dcb1de5d7ed5e035c43950a",
			"_tpl": "573719762459775a626ccbc1",
			"parentId": "5dcb1de5d7ed5e035c439505",
			"slotId": "main",
			"location": {
				"x": 1,
				"y": 1,
				"r": 0
			},
			"upd": {
				"StackObjectsCount": 50
			}
		},
		{
			"_id": "5dcb1de5d7ed5e035c43950b",
			"_tpl": "573719762459775a626ccbc1",
			"parentId": "5dcb1de5d7ed5e035c439505",
			"slotId": "main",
			"location": {
				"x": 2,
				"y": 1,
				"r": 0
			},
			"upd": {
				"StackObjectsCount": 50
			}
		},
		{
			"_id": "5dcb1de5d7ed5e035c43950c",
			"_tpl": "573719762459775a626ccbc1",
			"parentId": "5dcb1de5d7ed5e035c439505",
			"slotId": "main",
			"location": {
				"x": 0,
				"y": 2,
				"r": 0
			},
			"upd": {
				"StackObjectsCount": 50
			}
		},
		{
			"_id": "5dcb1de5d7ed5e035c43950d",
			"_tpl": "573719762459775a626ccbc1",
			"parentId": "5dcb1de5d7ed5e035c439505",
			"slotId": "main",
			"location": {
				"x": 1,
				"y": 2,
				"r": 0
			},
			"upd": {
				"StackObjectsCount": 50
			}
		},
		{
			"_id": "5dcb1de5d7ed5e035c43950e",
			"_tpl": "573719762459775a626ccbc1",
			"parentId": "5dcb1de5d7ed5e035c439505",
			"slotId": "main",
			"location": {
				"x": 2,
				"y": 2,
				"r": 0
			},
			"upd": {
				"StackObjectsCount": 50
			}
		},
		{
			"_id": "5dcb1de5d7ed5e035c4394dc",
			"_tpl": "566abbc34bdc2d92178b4576"
		},
		{
			"_id": "5dcb1de5d7ed5e035c4394df",
			"_tpl": "5963866b86f7747bfa1c4462"
		},
		{
			"_id": "5dcb1de5d7ed5e035c4394de",
			"_tpl": "5963866286f7747bf429b572"
		}
	],
	"equipment": "5dcb1de5d7ed5e035c4394dd",
	"stash": "5dcb1de5d7ed5e035c4394dc",
	"questRaidItems": "5dcb1de5d7ed5e035c4394de",
	"questStashItems": "5dcb1de5d7ed5e035c4394df",
	"fastPanel": {}
}