{
	"items": [
		{
			"_id": "5dcb1df1cc51617bf52d8603",
			"_tpl": "55d7217a4bdc2d86028b456d"
		},
		{
			"_id": "5dcb1df1cc51617bf52d8624",
			"_tpl": "5ac4cd105acfc40016339859",
			"parentId": "5dcb1df1cc51617bf52d8603",
			"slotId": "FirstPrimaryWeapon"
		},
		{
			"_id": "5dcb1df1cc51617bf52d8625",
			"_tpl": "59c6633186f7740cf0493bb9",
			"parentId": "5dcb1df1cc51617bf52d8624",
			"slotId": "mod_gas_block"
		},
		{
			"_id": "5dcb1df1cc51617bf52d8626",
			"_tpl": "5648b1504bdc2d9d488b4584",
			"parentId": "5dcb1df1cc51617bf52d8625",
			"slotId": "mod_handguard"
		},
		{
			"_id": "5dcb1df1cc51617bf52d8627",
			"_tpl": "5ac7655e5acfc40016339a19",
			"parentId": "5dcb1df1cc51617bf52d8624",
			"slotId": "mod_muzzle"
		},
		{
			"_id": "5dcb1df1cc51617bf52d8628",
			"_tpl": "5649ade84bdc2d1b2b8b4587",
			"parentId": "5dcb1df1cc51617bf52d8624",
			"slotId": "mod_pistol_grip"
		},
		{
			"_id": "5dcb1df1cc51617bf52d8629",
			"_tpl": "5ac50da15acfc4001718d287",
			"parentId": "5dcb1df1cc51617bf52d8624",
			"slotId": "mod_reciever"
		},
		{
			"_id": "5dcb1df1cc51617bf52d862a",
			"_tpl": "5ac72e475acfc400180ae6fe",
			"parentId": "5dcb1df1cc51617bf52d8624",
			"slotId": "mod_sight_rear"
		},
		{
			"_id": "5dcb1df1cc51617bf52d862b",
			"_tpl": "5ac50c185acfc400163398d4",
			"parentId": "5dcb1df1cc51617bf52d8624",
			"slotId": "mod_stock"
		},
		{
			"_id": "5dcb1df1cc51617bf52d862d",
			"_tpl": "55d480c04bdc2d1d4e8b456a",
			"parentId": "5dcb1df1cc51617bf52d8624",
			"slotId": "mod_magazine"
		},
		{
			"_id": "5dcb1df1cc51617bf52d862e",
			"_tpl": "56dff3afd2720bba668b4567",
			"parentId": "5dcb1df1cc51617bf52d862d",
			"slotId": "cartridges",
			"upd": {
				"StackObjectsCount": 30
			}
		},
		{
			"_id": "5dcb1df1cc51617bf52d862f",
			"_tpl": "557ffd194bdc2d28148b457f",
			"parentId": "5dcb1df1cc51617bf52d8603",
			"slotId": "Pockets"
		},
		{
			"_id": "5dcb1df1cc51617bf52d8630",
			"_tpl": "5929a2a086f7744f4b234d43",
			"parentId": "5dcb1df1cc51617bf52d8603",
			"slotId": "TacticalVest"
		},
		{
			"_id": "5dcb1df1cc51617bf52d863f",
			"_tpl": "55d480c04bdc2d1d4e8b456a",
			"parentId": "5dcb1df1cc51617bf52d8630",
			"slotId": "3",
			"location": {
				"x": 0,
				"y": 0,
				"r": 0
			}
		},
		{
			"_id": "5dcb1df1cc51617bf52d8640",
			"_tpl": "56dff3afd2720bba668b4567",
			"parentId": "5dcb1df1cc51617bf52d863f",
			"slotId": "cartridges",
			"upd": {
				"StackObjectsCount": 30
			}
		},
		{
			"_id": "5dcb1df1cc51617bf52d8641",
			"_tpl": "55d480c04bdc2d1d4e8b456a",
			"parentId": "5dcb1df1cc51617bf52d8630",
			"slotId": "4",
			"location": {
				"x": 0,
				"y": 0,
				"r": 0
			}
		},
		{
			"_id": "5dcb1df1cc51617bf52d8642",
			"_tpl": "56dff3afd2720bba668b4567",
			"parentId": "5dcb1df1cc51617bf52d8641",
			"slotId": "cartridges",
			"upd": {
				"StackObjectsCount": 30
			}
		},
		{
			"_id": "5dcb1df1cc51617bf52d8631",
			"_tpl": "572b7fa524597762b747ce82",
			"parentId": "5dcb1df1cc51617bf52d8603",
			"slotId": "FaceCover"
		},
		{
			"_id": "5dcb1df1cc51617bf52d8632",
			"_tpl": "572b7d8524597762b472f9d1",
			"parentId": "5dcb1df1cc51617bf52d8603",
			"slotId": "Headwear"
		},
		{
			"_id": "5dcb1df1cc51617bf52d8633",
			"_tpl": "57e26fc7245977162a14b800",
			"parentId": "5dcb1df1cc51617bf52d8603",
			"slotId": "Scabbard"
		},
		{
			"_id": "5dcb1df1cc51617bf52d8634",
			"_tpl": "56e33680d2720be2748b4576",
			"parentId": "5dcb1df1cc51617bf52d8603",
			"slotId": "Backpack"
		},
		{
			"_id": "5dcb1df1cc51617bf52d8645",
			"_tpl": "57513fcc24597720a31c09a6",
			"parentId": "5dcb1df1cc51617bf52d8634",
			"slotId": "main",
			"location": {
				"x": 0,
				"y": 0,
				"r": 0
			},
			"upd": {
				"FoodDrink": {
					"HpPercent": 37
				}
			}
		},
		{
			"_id": "5dcb1df1cc51617bf52d8646",
			"_tpl": "590c661e86f7741e566b646a",
			"parentId": "5dcb1df1cc51617bf52d8634",
			"slotId": "main",
			"location": {
				"x": 1,
				"y": 0,
				"r": 0
			},
			"upd": {
				"MedKit": {
					"HpResource": 217
				}
			}
		},
		{
			"_id": "5dcb1df1cc51617bf52d8647",
			"_tpl": "5755356824597772cb798962",
			"parentId": "5dcb1df1cc51617bf52d8634",
			"slotId": "main",
			"location": {
				"x": 1,
				"y": 1,
				"r": 0
			},
			"upd": {
				"MedKit": {
					"HpResource": 68
				}
			}
		},
		{
			"_id": "5dcb1df1cc51617bf52d8635",
			"_tpl": "5857a8bc2459772bad15db29",
			"parentId": "5dcb1df1cc51617bf52d8603",
			"slotId": "SecuredContainer"
		},
		{
			"_id": "5dcb1df1cc51617bf52d8636",
			"_tpl": "56dff3afd2720bba668b4567",
			"parentId": "5dcb1df1cc51617bf52d8635",
			"slotId": "main",
			"location": {
				"x": 0,
				"y": 0,
				"r": 0
			},
			"upd": {
				"StackObjectsCount": 60
			}
		},
		{
			"_id": "5dcb1df1cc51617bf52d8637",
			"_tpl": "56dff3afd2720bba668b4567",
			"parentId": "5dcb1df1cc51617bf52d8635",
			"slotId": "main",
			"location": {
				"x": 1,
				"y": 0,
				"r": 0
			},
			"upd": {
				"StackObjectsCount": 60
			}
		},
		{
			"_id": "5dcb1df1cc51617bf52d8638",
			"_tpl": "56dff3afd2720bba668b4567",
			"parentId": "5dcb1df1cc51617bf52d8635",
			"slotId": "main",
			"location": {
				"x": 2,
				"y": 0,
				"r": 0
			},
			"upd": {
				"StackObjectsCount": 60
			}
		},
		{
			"_id": "5dcb1df1cc51617bf52d8639",
			"_tpl": "56dff3afd2720bba668b4567",
			"parentId": "5dcb1df1cc51617bf52d8635",
			"slotId": "main",
			"location": {
				"x": 0,
				"y": 1,
				"r": 0
			},
			"upd": {
				"StackObjectsCount": 60
			}
		},
		{
			"_id": "5dcb1df1cc51617bf52d863a",
			"_tpl": "56dff3afd2720bba668b4567",
			"parentId": "5dcb1df1cc51617bf52d8635",
			"slotId": "main",
			"location": {
				"x": 1,
				"y": 1,
				"r": 0
			},
			"upd": {
				"StackObjectsCount": 60
			}
		},
		{
			"_id": "5dcb1df1cc51617bf52d863b",
			"_tpl": "56dff3afd2720bba668b4567",
			"parentId": "5dcb1df1cc51617bf52d8635",
			"slotId": "main",
			"location": {
				"x": 2,
				"y": 1,
				"r": 0
			},
			"upd": {
				"StackObjectsCount": 60
			}
		},
		{
			"_id": "5dcb1df1cc51617bf52d863c",
			"_tpl": "56dff3afd2720bba668b4567",
			"parentId": "5dcb1df1cc51617bf52d8635",
			"slotId": "main",
			"location": {
				"x": 0,
				"y": 2,
				"r": 0
			},
			"upd": {
				"StackObjectsCount": 60
			}
		},
		{
			"_id": "5dcb1df1cc51617bf52d863d",
			"_tpl": "56dff3afd2720bba668b4567",
			"parentId": "5dcb1df1cc51617bf52d8635",
			"slotId": "main",
			"location": {
				"x": 1,
				"y": 2,
				"r": 0
			},
			"upd": {
				"StackObjectsCount": 60
			}
		},
		{
			"_id": "5dcb1df1cc51617bf52d863e",
			"_tpl": "56dff3afd2720bba668b4567",
			"parentId": "5dcb1df1cc51617bf52d8635",
			"slotId": "main",
			"location": {
				"x": 2,
				"y": 2,
				"r": 0
			},
			"upd": {
				"StackObjectsCount": 60
			}
		},
		{
			"_id": "5dcb1df1cc51617bf52d8602",
			"_tpl": "566abbc34bdc2d92178b4576"
		},
		{
			"_id": "5dcb1df1cc51617bf52d8605",
			"_tpl": "5963866b86f7747bfa1c4462"
		},
		{
			"_id": "5dcb1df1cc51617bf52d8604",
			"_tpl": "5963866286f7747bf429b572"
		}
	],
	"equipment": "5dcb1df1cc51617bf52d8603",
	"stash": "5dcb1df1cc51617bf52d8602",
	"questRaidItems": "5dcb1df1cc51617bf52d8604",
	"questStashItems": "5dcb1df1cc51617bf52d8605",
	"fastPanel": {}
}