{
	"items": [
		{
			"_id": "5c6687d65e9d882c8841f0fd",
			"_tpl": "55d7217a4bdc2d86028b456d"
		},
		{
			"_id": "5c6687d65e9d882c8841f121",
			"_tpl": "557ffd194bdc2d28148b457f",
			"parentId": "5c6687d65e9d882c8841f0fd",
			"slotId": "Pockets"
		},
		{
			"_id": "5c6687d65e9d882c8841f0fc",
			"_tpl": "566abbc34bdc2d92178b4576"
		},
		{
			"_id": "5c6687d65e9d882c8841f0ff",
			"_tpl": "5963866b86f7747bfa1c4462"
		},
		{
			"_id": "5c6687d65e9d882c8841f0fe",
			"_tpl": "5963866286f7747bf429b572"
		},
		{
			"_id": "TacticalVest952255",
			"_tpl": "5648a69d4bdc2ded0b8b457b",
			"parentId": "5c6687d65e9d882c8841f0fd",
			"slotId": "TacticalVest"
		},
		{
			"_id": "I2100575273861312351wTai",
			"_tpl": "59f9cabd86f7743a10721f46",
			"parentId": "5c6687d65e9d882c8841f0fd",
			"slotId": "FirstPrimaryWeapon"
		},
		{
			"_id": "I210057522813380167Nu6u1",
			"_tpl": "5998517986f7746017232f7e",
			"parentId": "I2100575273861312351wTai",
			"slotId": "mod_pistol_grip"
		},
		{
			"_id": "I210057523015723368KvUyP",
			"_tpl": "599851db86f77467372f0a18",
			"parentId": "I2100575273861312351wTai",
			"slotId": "mod_stock"
		},
		{
			"_id": "I210057527251564162CQEtz",
			"_tpl": "599860e986f7743bb57573a6",
			"parentId": "I2100575273861312351wTai",
			"slotId": "mod_sight_rear",
			"upd": {
				"Sight": {
					"SelectedSightMode": 0
				}
			}
		},
		{
			"_id": "I210057529438870739ATwrc",
			"_tpl": "59ccd11386f77428f24a488f",
			"parentId": "I2100575273861312351wTai",
			"slotId": "mod_gas_block"
		},
		{
			"_id": "I210057523424711050mj83p",
			"_tpl": "5648b1504bdc2d9d488b4584",
			"parentId": "I210057529438870739ATwrc",
			"slotId": "mod_handguard"
		},
		{
			"_id": "mag2Vest787492",
			"_tpl": "599860ac86f77436b225ed1a",
			"parentId": "TacticalVest952255",
			"slotId": "3",
			"location": {
				"x": 0,
				"y": 0,
				"r": "Horizontal"
			}
		},
		{
			"_id": "AmmoMag2Vest490885",
			"_tpl": "5c3df7d588a4501f290594e5",
			"parentId": "mag2Vest787492",
			"slotId": "cartridges",
			"upd": {
				"StackObjectsCount": 30
			}
		},
		{
			"_id": "mag3Vest413101",
			"_tpl": "599860ac86f77436b225ed1a",
			"parentId": "TacticalVest952255",
			"slotId": "10",
			"location": {
				"x": 0,
				"y": 0,
				"r": "Horizontal"
			}
		},
		{
			"_id": "AmmoMag3Vest853558",
			"_tpl": "5a3c16fe86f77452b62de32a",
			"parentId": "mag3Vest413101",
			"slotId": "cartridges",
			"upd": {
				"StackObjectsCount": 30
			}
		},
		{
			"_id": "mag0Vest774066",
			"_tpl": "599860ac86f77436b225ed1a",
			"parentId": "TacticalVest952255",
			"slotId": "5",
			"location": {
				"x": 0,
				"y": 0,
				"r": "Horizontal"
			}
		},
		{
			"_id": "AmmoMag0Vest764976",
			"_tpl": "5a3c16fe86f77452b62de32a",
			"parentId": "mag0Vest774066",
			"slotId": "cartridges",
			"upd": {
				"StackObjectsCount": 30
			}
		},
		{
			"_id": "StackAmmo19480163291",
			"_tpl": "58864a4f2459770fcc257101",
			"parentId": "TacticalVest952255",
			"slotId": "8",
			"upd": {
				"StackObjectsCount": 35
			}
		},
		{
			"_id": "Scabbard49937",
			"_tpl": "5bffdc370db834001d23eca8",
			"parentId": "5c6687d65e9d882c8841f0fd",
			"slotId": "Scabbard"
		},
		{
			"_id": "Headwear289015",
			"_tpl": "5c0d2727d174af02a012cf58",
			"parentId": "5c6687d65e9d882c8841f0fd",
			"slotId": "Headwear"
		},
		{
			"_id": "Eyewear215969",
			"_tpl": "5c1a1cc52e221602b3136e3d",
			"parentId": "5c6687d65e9d882c8841f0fd",
			"slotId": "Eyewear"
		},
		{
			"_id": "FaceCover433032",
			"_tpl": "5bd06f5d86f77427101ad47c",
			"parentId": "5c6687d65e9d882c8841f0fd",
			"slotId": "FaceCover"
		}
	],
	"equipment": "5c6687d65e9d882c8841f0fd",
	"stash": "5c6687d65e9d882c8841f0fc",
	"questRaidItems": "5c6687d65e9d882c8841f0fe",
	"questStashItems": "5c6687d65e9d882c8841f0ff",
	"fastPanel": {}
}