{
	"items": [
		{
			"_id": "5c6687d65e9d882c8841f0fd",
			"_tpl": "55d7217a4bdc2d86028b456d"
		},
		{
			"_id": "5c6687d65e9d882c8841f121",
			"_tpl": "557ffd194bdc2d28148b457f",
			"parentId": "5c6687d65e9d882c8841f0fd",
			"slotId": "Pockets"
		},
		{
			"_id": "5c6687d65e9d882c8841f0fc",
			"_tpl": "566abbc34bdc2d92178b4576"
		},
		{
			"_id": "5c6687d65e9d882c8841f0ff",
			"_tpl": "5963866b86f7747bfa1c4462"
		},
		{
			"_id": "5c6687d65e9d882c8841f0fe",
			"_tpl": "5963866286f7747bf429b572"
		},
		{
			"_id": "TacticalVest997302",
			"_tpl": "544a5caa4bdc2d1a388b4568",
			"parentId": "5c6687d65e9d882c8841f0fd",
			"slotId": "TacticalVest"
		},
		{
			"_id": "I210049587126444742pXPMD",
			"_tpl": "5ab8e9fcd8ce870019439434",
			"parentId": "5c6687d65e9d882c8841f0fd",
			"slotId": "FirstPrimaryWeapon"
		},
		{
			"_id": "I210049588398134252RBZAn",
			"_tpl": "59c6633186f7740cf0493bb9",
			"parentId": "I210049587126444742pXPMD",
			"slotId": "mod_gas_block"
		},
		{
			"_id": "I210049582299319463En1tR",
			"_tpl": "5ac72e945acfc43f3b691116",
			"parentId": "I210049587126444742pXPMD",
			"slotId": "mod_muzzle"
		},
		{
			"_id": "I210049588677189402ZTwIX",
			"_tpl": "57e3dba62459770f0c32322b",
			"parentId": "I210049587126444742pXPMD",
			"slotId": "mod_pistol_grip"
		},
		{
			"_id": "I210049581341602161N2Zcb",
			"_tpl": "5649b0544bdc2d1b2b8b458a",
			"parentId": "I210049587126444742pXPMD",
			"slotId": "mod_sight_rear",
			"upd": {
				"Sight": {
					"SelectedSightMode": 0
				}
			}
		},
		{
			"_id": "MagazineWeaponScav9911",
			"_tpl": "5aaa4194e5b5b055d06310a5",
			"parentId": "I210049587126444742pXPMD",
			"slotId": "mod_magazine"
		},
		{
			"_id": "AmmoMag1992",
			"_tpl": "56dff216d2720bbd668b4568",
			"parentId": "MagazineWeaponScav9911",
			"slotId": "cartridges",
			"upd": {
				"StackObjectsCount": 30
			}
		},
		{
			"_id": "I210049584941757097RlOpt",
			"_tpl": "5648b0744bdc2d363b8b4578",
			"parentId": "I210049588398134252RBZAn",
			"slotId": "mod_handguard"
		},
		{
			"_id": "mag0Vest585823",
			"_tpl": "55d482194bdc2d1d4e8b456b",
			"parentId": "TacticalVest997302",
			"slotId": "1",
			"location": {
				"x": 0,
				"y": 0,
				"r": "Horizontal"
			}
		},
		{
			"_id": "AmmoMag0Vest744964",
			"_tpl": "56dff061d2720bb5668b4567",
			"parentId": "mag0Vest585823",
			"slotId": "cartridges",
			"upd": {
				"StackObjectsCount": 60
			}
		},
		{
			"_id": "mag1Vest976564",
			"_tpl": "55d482194bdc2d1d4e8b456b",
			"parentId": "TacticalVest997302",
			"slotId": "3",
			"location": {
				"x": 0,
				"y": 0,
				"r": "Horizontal"
			}
		},
		{
			"_id": "AmmoMag1Vest80021",
			"_tpl": "56dff4a2d2720bbd668b456a",
			"parentId": "mag1Vest976564",
			"slotId": "cartridges",
			"upd": {
				"StackObjectsCount": 60
			}
		},
		{
			"_id": "mag2Vest973716",
			"_tpl": "55d482194bdc2d1d4e8b456b",
			"parentId": "TacticalVest997302",
			"slotId": "11",
			"location": {
				"x": 0,
				"y": 0,
				"r": "Horizontal"
			}
		},
		{
			"_id": "AmmoMag2Vest370990",
			"_tpl": "56dff026d2720bb8668b4567",
			"parentId": "mag2Vest973716",
			"slotId": "cartridges",
			"upd": {
				"StackObjectsCount": 60
			}
		},
		{
			"_id": "mag0Vest116533",
			"_tpl": "55d482194bdc2d1d4e8b456b",
			"parentId": "TacticalVest997302",
			"slotId": "5",
			"location": {
				"x": 0,
				"y": 0,
				"r": "Horizontal"
			}
		},
		{
			"_id": "AmmoMag0Vest214554",
			"_tpl": "56dff026d2720bb8668b4567",
			"parentId": "mag0Vest116533",
			"slotId": "cartridges",
			"upd": {
				"StackObjectsCount": 60
			}
		},
		{
			"_id": "mag0Vest595649",
			"_tpl": "55d482194bdc2d1d4e8b456b",
			"parentId": "TacticalVest997302",
			"slotId": "5",
			"location": {
				"x": 1,
				"y": 0,
				"r": "Horizontal"
			}
		},
		{
			"_id": "AmmoMag0Vest160213",
			"_tpl": "56dff421d2720b5f5a8b4567",
			"parentId": "mag0Vest595649",
			"slotId": "cartridges",
			"upd": {
				"StackObjectsCount": 60
			}
		},
		{
			"_id": "StackAmmo95496548583",
			"_tpl": "56dff4a2d2720bbd668b456a",
			"parentId": "TacticalVest997302",
			"slotId": "7",
			"upd": {
				"StackObjectsCount": 55
			}
		},
		{
			"_id": "StackAmmo469411869",
			"_tpl": "56dff338d2720bbd668b4569",
			"parentId": "TacticalVest997302",
			"slotId": "9",
			"upd": {
				"StackObjectsCount": 14
			}
		},
		{
			"_id": "Scabbard437857",
			"_tpl": "5bffdc370db834001d23eca8",
			"parentId": "5c6687d65e9d882c8841f0fd",
			"slotId": "Scabbard"
		},
		{
			"_id": "Eyewear950301",
			"_tpl": "5c0d32fcd174af02a1659c75",
			"parentId": "5c6687d65e9d882c8841f0fd",
			"slotId": "Eyewear"
		},
		{
			"_id": "FaceCover188367",
			"_tpl": "5bd0716d86f774171822ef4b",
			"parentId": "5c6687d65e9d882c8841f0fd",
			"slotId": "FaceCover"
		},
		{
			"_id": "ArmorVest839720",
			"_tpl": "5ab8e4ed86f7742d8e50c7fa",
			"parentId": "5c6687d65e9d882c8841f0fd",
			"slotId": "ArmorVest",
			"upd": {
				"Repairable": {
					"MaxDurability": 45,
					"Durability": 12
				}
			}
		},
		{
			"_id": "Pocket_537350",
			"_tpl": "5a687e7886f7740c4a5133fb",
			"parentId": "5c6687d65e9d882c8841f121",
			"slotId": "pocket1",
			"location": {
				"x": 0,
				"y": 0,
				"r": "Horizontal"
			},
			"upd": {
				"SpawnedInSession": true
			}
		}
	],
	"equipment": "5c6687d65e9d882c8841f0fd",
	"stash": "5c6687d65e9d882c8841f0fc",
	"questRaidItems": "5c6687d65e9d882c8841f0fe",
	"questStashItems": "5c6687d65e9d882c8841f0ff",
	"fastPanel": {}
}