{
	"items": [
		{
			"_id": "5dcb1df1cc51617bf52d871b",
			"_tpl": "55d7217a4bdc2d86028b456d"
		},
		{
			"_id": "5dcb1df1cc51617bf52d873f",
			"_tpl": "56dee2bdd2720bc8328b4567",
			"parentId": "5dcb1df1cc51617bf52d871b",
			"slotId": "FirstPrimaryWeapon"
		},
		{
			"_id": "5dcb1df1cc51617bf52d8740",
			"_tpl": "56deec93d2720bec348b4568",
			"parentId": "5dcb1df1cc51617bf52d873f",
			"slotId": "mod_barrel"
		},
		{
			"_id": "5dcb1df1cc51617bf52d8741",
			"_tpl": "56deed6ed2720b4c698b4583",
			"parentId": "5dcb1df1cc51617bf52d873f",
			"slotId": "mod_handguard"
		},
		{
			"_id": "5dcb1df1cc51617bf52d8742",
			"_tpl": "56083a334bdc2dc8488b4571",
			"parentId": "5dcb1df1cc51617bf52d873f",
			"slotId": "mod_stock"
		},
		{
			"_id": "5dcb1df1cc51617bf52d8743",
			"_tpl": "55d48ebc4bdc2d8c2f8b456c",
			"parentId": "5dcb1df1cc51617bf52d873f",
			"slotId": "mod_mount_000"
		},
		{
			"_id": "5dcb1df1cc51617bf52d8744",
			"_tpl": "57d17e212459775a1179a0f5",
			"parentId": "5dcb1df1cc51617bf52d8743",
			"slotId": "mod_tactical_001"
		},
		{
			"_id": "5dcb1df1cc51617bf52d8745",
			"_tpl": "59d790f486f77403cb06aec6",
			"parentId": "5dcb1df1cc51617bf52d8744",
			"slotId": "mod_flashlight"
		},
		{
			"_id": "5dcb1df1cc51617bf52d8746",
			"_tpl": "55d485804bdc2d8c2f8b456b",
			"parentId": "5dcb1df1cc51617bf52d873f",
			"slotId": "mod_magazine"
		},
		{
			"_id": "5dcb1df1cc51617bf52d8747",
			"_tpl": "5d6e689ca4b9361bc8618956",
			"parentId": "5dcb1df1cc51617bf52d8746",
			"slotId": "cartridges",
			"upd": {
				"StackObjectsCount": 8
			}
		},
		{
			"_id": "5dcb1df1cc51617bf52d8748",
			"_tpl": "5d6e689ca4b9361bc8618956",
			"parentId": "5dcb1df1cc51617bf52d873f",
			"slotId": "patron_in_weapon",
			"upd": {
				"StackObjectsCount": 1
			}
		},
		{
			"_id": "5dcb1df1cc51617bf52d8749",
			"_tpl": "557ffd194bdc2d28148b457f",
			"parentId": "5dcb1df1cc51617bf52d871b",
			"slotId": "Pockets"
		},
		{
			"_id": "5dcb1df1cc51617bf52d874a",
			"_tpl": "5ca20abf86f77418567a43f2",
			"parentId": "5dcb1df1cc51617bf52d871b",
			"slotId": "TacticalVest"
		},
		{
			"_id": "5dcb1df1cc51617bf52d8756",
			"_tpl": "5d6e689ca4b9361bc8618956",
			"parentId": "5dcb1df1cc51617bf52d874a",
			"slotId": "1",
			"location": {
				"x": 0,
				"y": 0,
				"r": 0
			},
			"upd": {
				"StackObjectsCount": 9
			}
		},
		{
			"_id": "5dcb1df1cc51617bf52d8757",
			"_tpl": "5d6e689ca4b9361bc8618956",
			"parentId": "5dcb1df1cc51617bf52d874a",
			"slotId": "1",
			"location": {
				"x": 0,
				"y": 1,
				"r": 0
			},
			"upd": {
				"StackObjectsCount": 9
			}
		},
		{
			"_id": "5dcb1df1cc51617bf52d8758",
			"_tpl": "5d6e689ca4b9361bc8618956",
			"parentId": "5dcb1df1cc51617bf52d874a",
			"slotId": "2",
			"location": {
				"x": 0,
				"y": 0,
				"r": 0
			},
			"upd": {
				"StackObjectsCount": 19
			}
		},
		{
			"_id": "5dcb1df1cc51617bf52d874b",
			"_tpl": "5c06c6a80db834001b735491",
			"parentId": "5dcb1df1cc51617bf52d871b",
			"slotId": "Headwear",
			"upd": {
				"Repairable": {
					"Durability": 26
				}
			}
		},
		{
			"_id": "5dcb1df1cc51617bf52d874c",
			"_tpl": "5857a8bc2459772bad15db29",
			"parentId": "5dcb1df1cc51617bf52d871b",
			"slotId": "SecuredContainer"
		},
		{
			"_id": "5dcb1df1cc51617bf52d874d",
			"_tpl": "5d6e689ca4b9361bc8618956",
			"parentId": "5dcb1df1cc51617bf52d874c",
			"slotId": "main",
			"location": {
				"x": 0,
				"y": 0,
				"r": 0
			},
			"upd": {
				"StackObjectsCount": 20
			}
		},
		{
			"_id": "5dcb1df1cc51617bf52d874e",
			"_tpl": "5d6e689ca4b9361bc8618956",
			"parentId": "5dcb1df1cc51617bf52d874c",
			"slotId": "main",
			"location": {
				"x": 1,
				"y": 0,
				"r": 0
			},
			"upd": {
				"StackObjectsCount": 20
			}
		},
		{
			"_id": "5dcb1df1cc51617bf52d874f",
			"_tpl": "5d6e689ca4b9361bc8618956",
			"parentId": "5dcb1df1cc51617bf52d874c",
			"slotId": "main",
			"location": {
				"x": 2,
				"y": 0,
				"r": 0
			},
			"upd": {
				"StackObjectsCount": 20
			}
		},
		{
			"_id": "5dcb1df1cc51617bf52d8750",
			"_tpl": "5d6e689ca4b9361bc8618956",
			"parentId": "5dcb1df1cc51617bf52d874c",
			"slotId": "main",
			"location": {
				"x": 0,
				"y": 1,
				"r": 0
			},
			"upd": {
				"StackObjectsCount": 20
			}
		},
		{
			"_id": "5dcb1df1cc51617bf52d8751",
			"_tpl": "5d6e689ca4b9361bc8618956",
			"parentId": "5dcb1df1cc51617bf52d874c",
			"slotId": "main",
			"location": {
				"x": 1,
				"y": 1,
				"r": 0
			},
			"upd": {
				"StackObjectsCount": 20
			}
		},
		{
			"_id": "5dcb1df1cc51617bf52d8752",
			"_tpl": "5d6e689ca4b9361bc8618956",
			"parentId": "5dcb1df1cc51617bf52d874c",
			"slotId": "main",
			"location": {
				"x": 2,
				"y": 1,
				"r": 0
			},
			"upd": {
				"StackObjectsCount": 20
			}
		},
		{
			"_id": "5dcb1df1cc51617bf52d8753",
			"_tpl": "5d6e689ca4b9361bc8618956",
			"parentId": "5dcb1df1cc51617bf52d874c",
			"slotId": "main",
			"location": {
				"x": 0,
				"y": 2,
				"r": 0
			},
			"upd": {
				"StackObjectsCount": 20
			}
		},
		{
			"_id": "5dcb1df1cc51617bf52d8754",
			"_tpl": "5d6e689ca4b9361bc8618956",
			"parentId": "5dcb1df1cc51617bf52d874c",
			"slotId": "main",
			"location": {
				"x": 1,
				"y": 2,
				"r": 0
			},
			"upd": {
				"StackObjectsCount": 20
			}
		},
		{
			"_id": "5dcb1df1cc51617bf52d8755",
			"_tpl": "5d6e689ca4b9361bc8618956",
			"parentId": "5dcb1df1cc51617bf52d874c",
			"slotId": "main",
			"location": {
				"x": 2,
				"y": 2,
				"r": 0
			},
			"upd": {
				"StackObjectsCount": 20
			}
		},
		{
			"_id": "5dcb1df1cc51617bf52d871a",
			"_tpl": "566abbc34bdc2d92178b4576"
		},
		{
			"_id": "5dcb1df1cc51617bf52d871d",
			"_tpl": "5963866b86f7747bfa1c4462"
		},
		{
			"_id": "5dcb1df1cc51617bf52d871c",
			"_tpl": "5963866286f7747bf429b572"
		}
	],
	"equipment": "5dcb1df1cc51617bf52d871b",
	"stash": "5dcb1df1cc51617bf52d871a",
	"questRaidItems": "5dcb1df1cc51617bf52d871c",
	"questStashItems": "5dcb1df1cc51617bf52d871d",
	"fastPanel": {}
}