{
	"items": [
		{
			"_id": "5dcb1de5d7ed5e035c438a9a",
			"_tpl": "55d7217a4bdc2d86028b456d"
		},
		{
			"_id": "5dcb1de5d7ed5e035c438ab8",
			"_tpl": "59f9cabd86f7743a10721f46",
			"parentId": "5dcb1de5d7ed5e035c438a9a",
			"slotId": "FirstPrimaryWeapon"
		},
		{
			"_id": "5dcb1de5d7ed5e035c438ab9",
			"_tpl": "5998517986f7746017232f7e",
			"parentId": "5dcb1de5d7ed5e035c438ab8",
			"slotId": "mod_pistol_grip"
		},
		{
			"_id": "5dcb1de5d7ed5e035c438aba",
			"_tpl": "59ccd11386f77428f24a488f",
			"parentId": "5dcb1de5d7ed5e035c438ab8",
			"slotId": "mod_gas_block"
		},
		{
			"_id": "5dcb1de5d7ed5e035c438abb",
			"_tpl": "5648b1504bdc2d9d488b4584",
			"parentId": "5dcb1de5d7ed5e035c438aba",
			"slotId": "mod_handguard"
		},
		{
			"_id": "5dcb1de5d7ed5e035c438abc",
			"_tpl": "599851db86f77467372f0a18",
			"parentId": "5dcb1de5d7ed5e035c438ab8",
			"slotId": "mod_stock"
		},
		{
			"_id": "5dcb1de5d7ed5e035c438abd",
			"_tpl": "5998598e86f7740b3f498a86",
			"parentId": "5dcb1de5d7ed5e035c438ab8",
			"slotId": "mod_muzzle"
		},
		{
			"_id": "5dcb1de5d7ed5e035c438abe",
			"_tpl": "59985a8086f77414ec448d1a",
			"parentId": "5dcb1de5d7ed5e035c438ab8",
			"slotId": "mod_reciever"
		},
		{
			"_id": "5dcb1de5d7ed5e035c438abf",
			"_tpl": "599860e986f7743bb57573a6",
			"parentId": "5dcb1de5d7ed5e035c438ab8",
			"slotId": "mod_sight_rear"
		},
		{
			"_id": "5dcb1de5d7ed5e035c438ac0",
			"_tpl": "5998529a86f774647f44f421",
			"parentId": "5dcb1de5d7ed5e035c438ab8",
			"slotId": "mod_magazine"
		},
		{
			"_id": "5dcb1de5d7ed5e035c438ac1",
			"_tpl": "56d59d3ad2720bdb418b4577",
			"parentId": "5dcb1de5d7ed5e035c438ac0",
			"slotId": "cartridges",
			"upd": {
				"StackObjectsCount": 10
			}
		},
		{
			"_id": "5dcb1de5d7ed5e035c438ac2",
			"_tpl": "56d59d3ad2720bdb418b4577",
			"parentId": "5dcb1de5d7ed5e035c438ab8",
			"slotId": "patron_in_weapon",
			"upd": {
				"StackObjectsCount": 1
			}
		},
		{
			"_id": "5dcb1de5d7ed5e035c438ac3",
			"_tpl": "557ffd194bdc2d28148b457f",
			"parentId": "5dcb1de5d7ed5e035c438a9a",
			"slotId": "Pockets"
		},
		{
			"_id": "5dcb1de5d7ed5e035c438ac4",
			"_tpl": "572b7adb24597762ae139821",
			"parentId": "5dcb1de5d7ed5e035c438a9a",
			"slotId": "TacticalVest"
		},
		{
			"_id": "5dcb1de5d7ed5e035c438ad3",
			"_tpl": "5998529a86f774647f44f421",
			"parentId": "5dcb1de5d7ed5e035c438ac4",
			"slotId": "2",
			"location": {
				"x": 0,
				"y": 0,
				"r": 0
			}
		},
		{
			"_id": "5dcb1de5d7ed5e035c438ad4",
			"_tpl": "56d59d3ad2720bdb418b4577",
			"parentId": "5dcb1de5d7ed5e035c438ad3",
			"slotId": "cartridges",
			"upd": {
				"StackObjectsCount": 10
			}
		},
		{
			"_id": "5dcb1de5d7ed5e035c438ac5",
			"_tpl": "572b7f1624597762ae139822",
			"parentId": "5dcb1de5d7ed5e035c438a9a",
			"slotId": "FaceCover"
		},
		{
			"_id": "5dcb1de5d7ed5e035c438ac6",
			"_tpl": "59e770f986f7742cbe3164ef",
			"parentId": "5dcb1de5d7ed5e035c438a9a",
			"slotId": "Headwear"
		},
		{
			"_id": "5dcb1de5d7ed5e035c438ac7",
			"_tpl": "57e26fc7245977162a14b800",
			"parentId": "5dcb1de5d7ed5e035c438a9a",
			"slotId": "Scabbard"
		},
		{
			"_id": "5dcb1de5d7ed5e035c438ac8",
			"_tpl": "544a5cde4bdc2d39388b456b",
			"parentId": "5dcb1de5d7ed5e035c438a9a",
			"slotId": "Backpack"
		},
		{
			"_id": "5dcb1de5d7ed5e035c438adb",
			"_tpl": "59bfe68886f7746004266202",
			"parentId": "5dcb1de5d7ed5e035c438ac8",
			"slotId": "main",
			"location": {
				"x": 0,
				"y": 0,
				"r": 0
			}
		},
		{
			"_id": "5dcb1de5d7ed5e035c438adc",
			"_tpl": "5b86a0e586f7745b600ccb23",
			"parentId": "5dcb1de5d7ed5e035c438ac8",
			"slotId": "main",
			"location": {
				"x": 2,
				"y": 0,
				"r": 0
			}
		},
		{
			"_id": "5dcb1de5d7ed5e035c438ac9",
			"_tpl": "5857a8bc2459772bad15db29",
			"parentId": "5dcb1de5d7ed5e035c438a9a",
			"slotId": "SecuredContainer"
		},
		{
			"_id": "5dcb1de5d7ed5e035c438aca",
			"_tpl": "56d59d3ad2720bdb418b4577",
			"parentId": "5dcb1de5d7ed5e035c438ac9",
			"slotId": "main",
			"location": {
				"x": 0,
				"y": 0,
				"r": 0
			},
			"upd": {
				"StackObjectsCount": 50
			}
		},
		{
			"_id": "5dcb1de5d7ed5e035c438acb",
			"_tpl": "56d59d3ad2720bdb418b4577",
			"parentId": "5dcb1de5d7ed5e035c438ac9",
			"slotId": "main",
			"location": {
				"x": 1,
				"y": 0,
				"r": 0
			},
			"upd": {
				"StackObjectsCount": 50
			}
		},
		{
			"_id": "5dcb1de5d7ed5e035c438acc",
			"_tpl": "56d59d3ad2720bdb418b4577",
			"parentId": "5dcb1de5d7ed5e035c438ac9",
			"slotId": "main",
			"location": {
				"x": 2,
				"y": 0,
				"r": 0
			},
			"upd": {
				"StackObjectsCount": 50
			}
		},
		{
			"_id": "5dcb1de5d7ed5e035c438acd",
			"_tpl": "56d59d3ad2720bdb418b4577",
			"parentId": "5dcb1de5d7ed5e035c438ac9",
			"slotId": "main",
			"location": {
				"x": 0,
				"y": 1,
				"r": 0
			},
			"upd": {
				"StackObjectsCount": 50
			}
		},
		{
			"_id": "5dcb1de5d7ed5e035c438ace",
			"_tpl": "56d59d3ad2720bdb418b4577",
			"parentId": "5dcb1de5d7ed5e035c438ac9",
			"slotId": "main",
			"location": {
				"x": 1,
				"y": 1,
				"r": 0
			},
			"upd": {
				"StackObjectsCount": 50
			}
		},
		{
			"_id": "5dcb1de5d7ed5e035c438acf",
			"_tpl": "56d59d3ad2720bdb418b4577",
			"parentId": "5dcb1de5d7ed5e035c438ac9",
			"slotId": "main",
			"location": {
				"x": 2,
				"y": 1,
				"r": 0
			},
			"upd": {
				"StackObjectsCount": 50
			}
		},
		{
			"_id": "5dcb1de5d7ed5e035c438ad0",
			"_tpl": "56d59d3ad2720bdb418b4577",
			"parentId": "5dcb1de5d7ed5e035c438ac9",
			"slotId": "main",
			"location": {
				"x": 0,
				"y": 2,
				"r": 0
			},
			"upd": {
				"StackObjectsCount": 50
			}
		},
		{
			"_id": "5dcb1de5d7ed5e035c438ad1",
			"_tpl": "56d59d3ad2720bdb418b4577",
			"parentId": "5dcb1de5d7ed5e035c438ac9",
			"slotId": "main",
			"location": {
				"x": 1,
				"y": 2,
				"r": 0
			},
			"upd": {
				"StackObjectsCount": 50
			}
		},
		{
			"_id": "5dcb1de5d7ed5e035c438ad2",
			"_tpl": "56d59d3ad2720bdb418b4577",
			"parentId": "5dcb1de5d7ed5e035c438ac9",
			"slotId": "main",
			"location": {
				"x": 2,
				"y": 2,
				"r": 0
			},
			"upd": {
				"StackObjectsCount": 50
			}
		},
		{
			"_id": "5dcb1de5d7ed5e035c438a99",
			"_tpl": "566abbc34bdc2d92178b4576"
		},
		{
			"_id": "5dcb1de5d7ed5e035c438a9c",
			"_tpl": "5963866b86f7747bfa1c4462"
		},
		{
			"_id": "5dcb1de5d7ed5e035c438a9b",
			"_tpl": "5963866286f7747bf429b572"
		}
	],
	"equipment": "5dcb1de5d7ed5e035c438a9a",
	"stash": "5dcb1de5d7ed5e035c438a99",
	"questRaidItems": "5dcb1de5d7ed5e035c438a9b",
	"questStashItems": "5dcb1de5d7ed5e035c438a9c",
	"fastPanel": {}
}