{
	"items": [
		{
			"_id": "5dcb1dc4fb81105cd85bf262",
			"_tpl": "55d7217a4bdc2d86028b456d"
		},
		{
			"_id": "5dcb1dc4fb81105cd85bf281",
			"_tpl": "5c07c60e0db834002330051f",
			"parentId": "5dcb1dc4fb81105cd85bf262",
			"slotId": "FirstPrimaryWeapon",
			"upd": {
				"FireMode": {
					"FireMode": "single"
				}
			}
		},
		{
			"_id": "5dcb1dc4fb81105cd85bf282",
			"_tpl": "5c0e2ff6d174af02a1659d4a",
			"parentId": "5dcb1dc4fb81105cd85bf281",
			"slotId": "mod_pistol_grip"
		},
		{
			"_id": "5dcb1dc4fb81105cd85bf289",
			"_tpl": "5649be884bdc2d79388b4577",
			"parentId": "5dcb1dc4fb81105cd85bf281",
			"slotId": "mod_stock"
		},
		{
			"_id": "5dcb1dc4fb81105cd85bf28a",
			"_tpl": "5c0faf68d174af02a96260b8",
			"parentId": "5dcb1dc4fb81105cd85bf281",
			"slotId": "mod_charge"
		},
		{
			"_id": "5dcb1dc4fb81105cd85bf28b",
			"_tpl": "5c0e2f26d174af02a9625114",
			"parentId": "5dcb1dc4fb81105cd85bf281",
			"slotId": "mod_reciever"
		},
		{
			"_id": "5dcb1dc4fb81105cd85bf28c",
			"_tpl": "5c0e2f94d174af029f650d56",
			"parentId": "5dcb1dc4fb81105cd85bf28b",
			"slotId": "mod_barrel"
		},
		{
			"_id": "5dcb1dc4fb81105cd85bf28d",
			"_tpl": "5ae30e795acfc408fb139a0b",
			"parentId": "5dcb1dc4fb81105cd85bf28c",
			"slotId": "mod_gas_block"
		},
		{
			"_id": "5dcb1dc4fb81105cd85bf28e",
			"_tpl": "5c0e2f5cd174af02a012cfc9",
			"parentId": "5dcb1dc4fb81105cd85bf28b",
			"slotId": "mod_handguard"
		},
		{
			"_id": "5dcb1dc4fb81105cd85bf28f",
			"_tpl": "591c4efa86f7741030027726",
			"parentId": "5dcb1dc4fb81105cd85bf28b",
			"slotId": "mod_scope"
		},
		{
			"_id": "5dcb1dc4fb81105cd85bf290",
			"_tpl": "591c4e1186f77410354b316e",
			"parentId": "5dcb1dc4fb81105cd85bf28f",
			"slotId": "mod_tactical"
		},
		{
			"_id": "5dcb1dc4fb81105cd85bf291",
			"_tpl": "55d4887d4bdc2d962f8b4570",
			"parentId": "5dcb1dc4fb81105cd85bf281",
			"slotId": "mod_magazine"
		},
		{
			"_id": "5dcb1dc4fb81105cd85bf292",
			"_tpl": "54527a984bdc2d4e668b4567",
			"parentId": "5dcb1dc4fb81105cd85bf291",
			"slotId": "cartridges",
			"upd": {
				"StackObjectsCount": 30
			}
		},
		{
			"_id": "5dcb1dc4fb81105cd85bf293",
			"_tpl": "557ffd194bdc2d28148b457f",
			"parentId": "5dcb1dc4fb81105cd85bf262",
			"slotId": "Pockets"
		},
		{
			"_id": "5dcb1dc4fb81105cd85bf2ab",
			"_tpl": "5c13cd2486f774072c757944",
			"parentId": "5dcb1dc4fb81105cd85bf293",
			"slotId": "pocket1",
			"location": {
				"x": 0,
				"y": 0,
				"r": 0
			}
		},
		{
			"_id": "5dcb1dc4fb81105cd85bf2ac",
			"_tpl": "57347d7224597744596b4e72",
			"parentId": "5dcb1dc4fb81105cd85bf293",
			"slotId": "pocket2",
			"location": {
				"x": 0,
				"y": 0,
				"r": 0
			}
		},
		{
			"_id": "5dcb1dc4fb81105cd85bf294",
			"_tpl": "572b7adb24597762ae139821",
			"parentId": "5dcb1dc4fb81105cd85bf262",
			"slotId": "TacticalVest"
		},
		{
			"_id": "5dcb1dc4fb81105cd85bf2a3",
			"_tpl": "55d4887d4bdc2d962f8b4570",
			"parentId": "5dcb1dc4fb81105cd85bf294",
			"slotId": "2",
			"location": {
				"x": 0,
				"y": 0,
				"r": 0
			}
		},
		{
			"_id": "5dcb1dc4fb81105cd85bf2a4",
			"_tpl": "54527a984bdc2d4e668b4567",
			"parentId": "5dcb1dc4fb81105cd85bf2a3",
			"slotId": "cartridges",
			"upd": {
				"StackObjectsCount": 30
			}
		},
		{
			"_id": "5dcb1dc4fb81105cd85bf295",
			"_tpl": "5aa2ba19e5b5b00014028f4e",
			"parentId": "5dcb1dc4fb81105cd85bf262",
			"slotId": "Headwear"
		},
		{
			"_id": "5dcb1dc4fb81105cd85bf296",
			"_tpl": "59e7635f86f7742cbf2c1095",
			"parentId": "5dcb1dc4fb81105cd85bf262",
			"slotId": "ArmorVest",
			"upd": {
				"Repairable": {
					"Durability": 5
				}
			}
		},
		{
			"_id": "5dcb1dc4fb81105cd85bf297",
			"_tpl": "57e26fc7245977162a14b800",
			"parentId": "5dcb1dc4fb81105cd85bf262",
			"slotId": "Scabbard"
		},
		{
			"_id": "5dcb1dc4fb81105cd85bf298",
			"_tpl": "56e335e4d2720b6c058b456d",
			"parentId": "5dcb1dc4fb81105cd85bf262",
			"slotId": "Backpack"
		},
		{
			"_id": "5dcb1dc4fb81105cd85bf299",
			"_tpl": "5857a8bc2459772bad15db29",
			"parentId": "5dcb1dc4fb81105cd85bf262",
			"slotId": "SecuredContainer"
		},
		{
			"_id": "5dcb1dc4fb81105cd85bf29a",
			"_tpl": "54527a984bdc2d4e668b4567",
			"parentId": "5dcb1dc4fb81105cd85bf299",
			"slotId": "main",
			"location": {
				"x": 0,
				"y": 0,
				"r": 0
			},
			"upd": {
				"StackObjectsCount": 60
			}
		},
		{
			"_id": "5dcb1dc4fb81105cd85bf29b",
			"_tpl": "54527a984bdc2d4e668b4567",
			"parentId": "5dcb1dc4fb81105cd85bf299",
			"slotId": "main",
			"location": {
				"x": 1,
				"y": 0,
				"r": 0
			},
			"upd": {
				"StackObjectsCount": 60
			}
		},
		{
			"_id": "5dcb1dc4fb81105cd85bf29c",
			"_tpl": "54527a984bdc2d4e668b4567",
			"parentId": "5dcb1dc4fb81105cd85bf299",
			"slotId": "main",
			"location": {
				"x": 2,
				"y": 0,
				"r": 0
			},
			"upd": {
				"StackObjectsCount": 60
			}
		},
		{
			"_id": "5dcb1dc4fb81105cd85bf29d",
			"_tpl": "54527a984bdc2d4e668b4567",
			"parentId": "5dcb1dc4fb81105cd85bf299",
			"slotId": "main",
			"location": {
				"x": 0,
				"y": 1,
				"r": 0
			},
			"upd": {
				"StackObjectsCount": 60
			}
		},
		{
			"_id": "5dcb1dc4fb81105cd85bf29e",
			"_tpl": "54527a984bdc2d4e668b4567",
			"parentId": "5dcb1dc4fb81105cd85bf299",
			"slotId": "main",
			"location": {
				"x": 1,
				"y": 1,
				"r": 0
			},
			"upd": {
				"StackObjectsCount": 60
			}
		},
		{
			"_id": "5dcb1dc4fb81105cd85bf29f",
			"_tpl": "54527a984bdc2d4e668b4567",
			"parentId": "5dcb1dc4fb81105cd85bf299",
			"slotId": "main",
			"location": {
				"x": 2,
				"y": 1,
				"r": 0
			},
			"upd": {
				"StackObjectsCount": 60
			}
		},
		{
			"_id": "5dcb1dc4fb81105cd85bf2a0",
			"_tpl": "54527a984bdc2d4e668b4567",
			"parentId": "5dcb1dc4fb81105cd85bf299",
			"slotId": "main",
			"location": {
				"x": 0,
				"y": 2,
				"r": 0
			},
			"upd": {
				"StackObjectsCount": 60
			}
		},
		{
			"_id": "5dcb1dc4fb81105cd85bf2a1",
			"_tpl": "54527a984bdc2d4e668b4567",
			"parentId": "5dcb1dc4fb81105cd85bf299",
			"slotId": "main",
			"location": {
				"x": 1,
				"y": 2,
				"r": 0
			},
			"upd": {
				"StackObjectsCount": 60
			}
		},
		{
			"_id": "5dcb1dc4fb81105cd85bf2a2",
			"_tpl": "54527a984bdc2d4e668b4567",
			"parentId": "5dcb1dc4fb81105cd85bf299",
			"slotId": "main",
			"location": {
				"x": 2,
				"y": 2,
				"r": 0
			},
			"upd": {
				"StackObjectsCount": 60
			}
		},
		{
			"_id": "5dcb1dc4fb81105cd85bf261",
			"_tpl": "566abbc34bdc2d92178b4576"
		},
		{
			"_id": "5dcb1dc4fb81105cd85bf264",
			"_tpl": "5963866b86f7747bfa1c4462"
		},
		{
			"_id": "5dcb1dc4fb81105cd85bf263",
			"_tpl": "5963866286f7747bf429b572"
		}
	],
	"equipment": "5dcb1dc4fb81105cd85bf262",
	"stash": "5dcb1dc4fb81105cd85bf261",
	"questRaidItems": "5dcb1dc4fb81105cd85bf263",
	"questStashItems": "5dcb1dc4fb81105cd85bf264",
	"fastPanel": {}
}