{
	"items": [
		{
			"_id": "5dcb1de5d7ed5e035c438ee8",
			"_tpl": "55d7217a4bdc2d86028b456d"
		},
		{
			"_id": "5dcb1de5d7ed5e035c438f05",
			"_tpl": "571a12c42459771f627b58a0",
			"parentId": "5dcb1de5d7ed5e035c438ee8",
			"slotId": "Holster"
		},
		{
			"_id": "5dcb1de5d7ed5e035c438f06",
			"_tpl": "571a26d524597720680fbe8a",
			"parentId": "5dcb1de5d7ed5e035c438f05",
			"slotId": "mod_barrel"
		},
		{
			"_id": "5dcb1de5d7ed5e035c438f07",
			"_tpl": "571a282c2459771fb2755a69",
			"parentId": "5dcb1de5d7ed5e035c438f05",
			"slotId": "mod_pistol_grip"
		},
		{
			"_id": "5dcb1de5d7ed5e035c438f08",
			"_tpl": "571a29dc2459771fb2755a6a",
			"parentId": "5dcb1de5d7ed5e035c438f05",
			"slotId": "mod_magazine"
		},
		{
			"_id": "5dcb1de5d7ed5e035c438f09",
			"_tpl": "5736026a245977644601dc61",
			"parentId": "5dcb1de5d7ed5e035c438f08",
			"slotId": "cartridges",
			"upd": {
				"StackObjectsCount": 8
			}
		},
		{
			"_id": "5dcb1de5d7ed5e035c438f0a",
			"_tpl": "5736026a245977644601dc61",
			"parentId": "5dcb1de5d7ed5e035c438f05",
			"slotId": "patron_in_weapon",
			"upd": {
				"StackObjectsCount": 1
			}
		},
		{
			"_id": "5dcb1de5d7ed5e035c438f0b",
			"_tpl": "557ffd194bdc2d28148b457f",
			"parentId": "5dcb1de5d7ed5e035c438ee8",
			"slotId": "Pockets"
		},
		{
			"_id": "5dcb1de5d7ed5e035c438f0c",
			"_tpl": "59e7643b86f7742cbf2c109a",
			"parentId": "5dcb1de5d7ed5e035c438ee8",
			"slotId": "TacticalVest"
		},
		{
			"_id": "5dcb1de5d7ed5e035c438f1a",
			"_tpl": "571a29dc2459771fb2755a6a",
			"parentId": "5dcb1de5d7ed5e035c438f0c",
			"slotId": "1",
			"location": {
				"x": 0,
				"y": 0,
				"r": 0
			}
		},
		{
			"_id": "5dcb1de5d7ed5e035c438f1b",
			"_tpl": "5736026a245977644601dc61",
			"parentId": "5dcb1de5d7ed5e035c438f1a",
			"slotId": "cartridges",
			"upd": {
				"StackObjectsCount": 8
			}
		},
		{
			"_id": "5dcb1de5d7ed5e035c438f1c",
			"_tpl": "571a29dc2459771fb2755a6a",
			"parentId": "5dcb1de5d7ed5e035c438f0c",
			"slotId": "1",
			"location": {
				"x": 1,
				"y": 0,
				"r": 0
			}
		},
		{
			"_id": "5dcb1de5d7ed5e035c438f1d",
			"_tpl": "5736026a245977644601dc61",
			"parentId": "5dcb1de5d7ed5e035c438f1c",
			"slotId": "cartridges",
			"upd": {
				"StackObjectsCount": 8
			}
		},
		{
			"_id": "5dcb1de5d7ed5e035c438f0d",
			"_tpl": "5b432b6c5acfc4001a599bf0",
			"parentId": "5dcb1de5d7ed5e035c438ee8",
			"slotId": "FaceCover"
		},
		{
			"_id": "5dcb1de5d7ed5e035c438f0e",
			"_tpl": "5ab8e4ed86f7742d8e50c7fa",
			"parentId": "5dcb1de5d7ed5e035c438ee8",
			"slotId": "ArmorVest",
			"upd": {
				"Repairable": {
					"Durability": 33
				}
			}
		},
		{
			"_id": "5dcb1de5d7ed5e035c438f0f",
			"_tpl": "544a5cde4bdc2d39388b456b",
			"parentId": "5dcb1de5d7ed5e035c438ee8",
			"slotId": "Backpack"
		},
		{
			"_id": "5dcb1de5d7ed5e035c438f20",
			"_tpl": "591afe0186f77431bd616a11",
			"parentId": "5dcb1de5d7ed5e035c438f0f",
			"slotId": "main",
			"location": {
				"x": 0,
				"y": 0,
				"r": 0
			}
		},
		{
			"_id": "5dcb1de5d7ed5e035c438f21",
			"_tpl": "5783c43d2459774bbe137486",
			"parentId": "5dcb1de5d7ed5e035c438f0f",
			"slotId": "main",
			"location": {
				"x": 1,
				"y": 0,
				"r": 0
			}
		},
		{
			"_id": "5dcb1de5d7ed5e035c438f10",
			"_tpl": "5857a8bc2459772bad15db29",
			"parentId": "5dcb1de5d7ed5e035c438ee8",
			"slotId": "SecuredContainer"
		},
		{
			"_id": "5dcb1de5d7ed5e035c438f11",
			"_tpl": "5736026a245977644601dc61",
			"parentId": "5dcb1de5d7ed5e035c438f10",
			"slotId": "main",
			"location": {
				"x": 0,
				"y": 0,
				"r": 0
			},
			"upd": {
				"StackObjectsCount": 50
			}
		},
		{
			"_id": "5dcb1de5d7ed5e035c438f12",
			"_tpl": "5736026a245977644601dc61",
			"parentId": "5dcb1de5d7ed5e035c438f10",
			"slotId": "main",
			"location": {
				"x": 1,
				"y": 0,
				"r": 0
			},
			"upd": {
				"StackObjectsCount": 50
			}
		},
		{
			"_id": "5dcb1de5d7ed5e035c438f13",
			"_tpl": "5736026a245977644601dc61",
			"parentId": "5dcb1de5d7ed5e035c438f10",
			"slotId": "main",
			"location": {
				"x": 2,
				"y": 0,
				"r": 0
			},
			"upd": {
				"StackObjectsCount": 50
			}
		},
		{
			"_id": "5dcb1de5d7ed5e035c438f14",
			"_tpl": "5736026a245977644601dc61",
			"parentId": "5dcb1de5d7ed5e035c438f10",
			"slotId": "main",
			"location": {
				"x": 0,
				"y": 1,
				"r": 0
			},
			"upd": {
				"StackObjectsCount": 50
			}
		},
		{
			"_id": "5dcb1de5d7ed5e035c438f15",
			"_tpl": "5736026a245977644601dc61",
			"parentId": "5dcb1de5d7ed5e035c438f10",
			"slotId": "main",
			"location": {
				"x": 1,
				"y": 1,
				"r": 0
			},
			"upd": {
				"StackObjectsCount": 50
			}
		},
		{
			"_id": "5dcb1de5d7ed5e035c438f16",
			"_tpl": "5736026a245977644601dc61",
			"parentId": "5dcb1de5d7ed5e035c438f10",
			"slotId": "main",
			"location": {
				"x": 2,
				"y": 1,
				"r": 0
			},
			"upd": {
				"StackObjectsCount": 50
			}
		},
		{
			"_id": "5dcb1de5d7ed5e035c438f17",
			"_tpl": "5736026a245977644601dc61",
			"parentId": "5dcb1de5d7ed5e035c438f10",
			"slotId": "main",
			"location": {
				"x": 0,
				"y": 2,
				"r": 0
			},
			"upd": {
				"StackObjectsCount": 50
			}
		},
		{
			"_id": "5dcb1de5d7ed5e035c438f18",
			"_tpl": "5736026a245977644601dc61",
			"parentId": "5dcb1de5d7ed5e035c438f10",
			"slotId": "main",
			"location": {
				"x": 1,
				"y": 2,
				"r": 0
			},
			"upd": {
				"StackObjectsCount": 50
			}
		},
		{
			"_id": "5dcb1de5d7ed5e035c438f19",
			"_tpl": "5736026a245977644601dc61",
			"parentId": "5dcb1de5d7ed5e035c438f10",
			"slotId": "main",
			"location": {
				"x": 2,
				"y": 2,
				"r": 0
			},
			"upd": {
				"StackObjectsCount": 50
			}
		},
		{
			"_id": "5dcb1de5d7ed5e035c438ee7",
			"_tpl": "566abbc34bdc2d92178b4576"
		},
		{
			"_id": "5dcb1de5d7ed5e035c438eea",
			"_tpl": "5963866b86f7747bfa1c4462"
		},
		{
			"_id": "5dcb1de5d7ed5e035c438ee9",
			"_tpl": "5963866286f7747bf429b572"
		}
	],
	"equipment": "5dcb1de5d7ed5e035c438ee8",
	"stash": "5dcb1de5d7ed5e035c438ee7",
	"questRaidItems": "5dcb1de5d7ed5e035c438ee9",
	"questStashItems": "5dcb1de5d7ed5e035c438eea",
	"fastPanel": {}
}