{
	"items": [
		{
			"_id": "5c6687d65e9d882c8841f0fd",
			"_tpl": "55d7217a4bdc2d86028b456d"
		},
		{
			"_id": "5c6687d65e9d882c8841f121",
			"_tpl": "557ffd194bdc2d28148b457f",
			"parentId": "5c6687d65e9d882c8841f0fd",
			"slotId": "Pockets"
		},
		{
			"_id": "5c6687d65e9d882c8841f0fc",
			"_tpl": "566abbc34bdc2d92178b4576"
		},
		{
			"_id": "5c6687d65e9d882c8841f0ff",
			"_tpl": "5963866b86f7747bfa1c4462"
		},
		{
			"_id": "5c6687d65e9d882c8841f0fe",
			"_tpl": "5963866286f7747bf429b572"
		},
		{
			"_id": "TacticalVest959741",
			"_tpl": "5648a69d4bdc2ded0b8b457b",
			"parentId": "5c6687d65e9d882c8841f0fd",
			"slotId": "TacticalVest"
		},
		{
			"_id": "I210049587126444742pXPMD",
			"_tpl": "5ab8e9fcd8ce870019439434",
			"parentId": "5c6687d65e9d882c8841f0fd",
			"slotId": "FirstPrimaryWeapon"
		},
		{
			"_id": "I210049588398134252RBZAn",
			"_tpl": "59c6633186f7740cf0493bb9",
			"parentId": "I210049587126444742pXPMD",
			"slotId": "mod_gas_block"
		},
		{
			"_id": "I210049582299319463En1tR",
			"_tpl": "5ac72e945acfc43f3b691116",
			"parentId": "I210049587126444742pXPMD",
			"slotId": "mod_muzzle"
		},
		{
			"_id": "I210049588677189402ZTwIX",
			"_tpl": "57e3dba62459770f0c32322b",
			"parentId": "I210049587126444742pXPMD",
			"slotId": "mod_pistol_grip"
		},
		{
			"_id": "I210049581341602161N2Zcb",
			"_tpl": "5649b0544bdc2d1b2b8b458a",
			"parentId": "I210049587126444742pXPMD",
			"slotId": "mod_sight_rear",
			"upd": {
				"Sight": {
					"SelectedSightMode": 0
				}
			}
		},
		{
			"_id": "MagazineWeaponScav8672",
			"_tpl": "55d4837c4bdc2d1d4e8b456c",
			"parentId": "I210049587126444742pXPMD",
			"slotId": "mod_magazine"
		},
		{
			"_id": "AmmoMag19218",
			"_tpl": "56dff4ecd2720b5f5a8b4568",
			"parentId": "MagazineWeaponScav8672",
			"slotId": "cartridges",
			"upd": {
				"StackObjectsCount": 10
			}
		},
		{
			"_id": "I210049584941757097RlOpt",
			"_tpl": "5648b0744bdc2d363b8b4578",
			"parentId": "I210049588398134252RBZAn",
			"slotId": "mod_handguard"
		},
		{
			"_id": "mag0Vest835482",
			"_tpl": "55d4837c4bdc2d1d4e8b456c",
			"parentId": "TacticalVest959741",
			"slotId": "1",
			"location": {
				"x": 0,
				"y": 1,
				"r": "Horizontal"
			}
		},
		{
			"_id": "AmmoMag0Vest985558",
			"_tpl": "56dff2ced2720bb4668b4567",
			"parentId": "mag0Vest835482",
			"slotId": "cartridges",
			"upd": {
				"StackObjectsCount": 10
			}
		},
		{
			"_id": "mag1Vest925609",
			"_tpl": "55d4837c4bdc2d1d4e8b456c",
			"parentId": "TacticalVest959741",
			"slotId": "3",
			"location": {
				"x": 0,
				"y": 0,
				"r": "Horizontal"
			}
		},
		{
			"_id": "AmmoMag1Vest124476",
			"_tpl": "56dff338d2720bbd668b4569",
			"parentId": "mag1Vest925609",
			"slotId": "cartridges",
			"upd": {
				"StackObjectsCount": 10
			}
		},
		{
			"_id": "mag1Vest820883",
			"_tpl": "55d4837c4bdc2d1d4e8b456c",
			"parentId": "TacticalVest959741",
			"slotId": "3",
			"location": {
				"x": 0,
				"y": 1,
				"r": "Horizontal"
			}
		},
		{
			"_id": "AmmoMag1Vest504648",
			"_tpl": "56dff216d2720bbd668b4568",
			"parentId": "mag1Vest820883",
			"slotId": "cartridges",
			"upd": {
				"StackObjectsCount": 10
			}
		},
		{
			"_id": "mag2Vest238447",
			"_tpl": "55d4837c4bdc2d1d4e8b456c",
			"parentId": "TacticalVest959741",
			"slotId": "10",
			"location": {
				"x": 0,
				"y": 1,
				"r": "Horizontal"
			}
		},
		{
			"_id": "AmmoMag2Vest137515",
			"_tpl": "56dff421d2720b5f5a8b4567",
			"parentId": "mag2Vest238447",
			"slotId": "cartridges",
			"upd": {
				"StackObjectsCount": 10
			}
		},
		{
			"_id": "StackAmmo20473073478",
			"_tpl": "56dff061d2720bb5668b4567",
			"parentId": "TacticalVest959741",
			"slotId": "6",
			"upd": {
				"StackObjectsCount": 22
			}
		},
		{
			"_id": "Scabbard462212",
			"_tpl": "54491bb74bdc2d09088b4567",
			"parentId": "5c6687d65e9d882c8841f0fd",
			"slotId": "Scabbard"
		},
		{
			"_id": "Headwear303854",
			"_tpl": "5b43271c5acfc432ff4dce65",
			"parentId": "5c6687d65e9d882c8841f0fd",
			"slotId": "Headwear"
		},
		{
			"_id": "Eyewear965241",
			"_tpl": "5aa2b986e5b5b00014028f4c",
			"parentId": "5c6687d65e9d882c8841f0fd",
			"slotId": "Eyewear"
		},
		{
			"_id": "ArmorVest209362",
			"_tpl": "5ab8e4ed86f7742d8e50c7fa",
			"parentId": "5c6687d65e9d882c8841f0fd",
			"slotId": "ArmorVest",
			"upd": {
				"Repairable": {
					"MaxDurability": 45,
					"Durability": 6
				}
			}
		},
		{
			"_id": "Pocket_328329",
			"_tpl": "5d80c60f86f77440373c4ece",
			"parentId": "5c6687d65e9d882c8841f121",
			"slotId": "pocket1",
			"location": {
				"x": 0,
				"y": 0,
				"r": "Horizontal"
			},
			"upd": {
				"SpawnedInSession": true
			}
		},
		{
			"_id": "Pocket_290895",
			"_tpl": "5bc9c29cd4351e003562b8a3",
			"parentId": "5c6687d65e9d882c8841f121",
			"slotId": "pocket2",
			"location": {
				"x": 0,
				"y": 0,
				"r": "Horizontal"
			},
			"upd": {
				"SpawnedInSession": true
			}
		},
		{
			"_id": "Pocket_171571",
			"_tpl": "5d947d3886f774447b415893",
			"parentId": "5c6687d65e9d882c8841f121",
			"slotId": "pocket3",
			"location": {
				"x": 0,
				"y": 0,
				"r": "Horizontal"
			},
			"upd": {
				"SpawnedInSession": true
			}
		}
	],
	"equipment": "5c6687d65e9d882c8841f0fd",
	"stash": "5c6687d65e9d882c8841f0fc",
	"questRaidItems": "5c6687d65e9d882c8841f0fe",
	"questStashItems": "5c6687d65e9d882c8841f0ff",
	"fastPanel": {}
}