{
	"items": [
		{
			"_id": "5dcb1df1cc51617bf52d85c1",
			"_tpl": "55d7217a4bdc2d86028b456d"
		},
		{
			"_id": "5dcb1df1cc51617bf52d85e1",
			"_tpl": "576165642459773c7a400233",
			"parentId": "5dcb1df1cc51617bf52d85c1",
			"slotId": "FirstPrimaryWeapon"
		},
		{
			"_id": "5dcb1df1cc51617bf52d85e2",
			"_tpl": "576169e62459773c69055191",
			"parentId": "5dcb1df1cc51617bf52d85e1",
			"slotId": "mod_handguard"
		},
		{
			"_id": "5dcb1df1cc51617bf52d85e3",
			"_tpl": "5649ade84bdc2d1b2b8b4587",
			"parentId": "5dcb1df1cc51617bf52d85e1",
			"slotId": "mod_pistol_grip"
		},
		{
			"_id": "5dcb1df1cc51617bf52d85e4",
			"_tpl": "57486e672459770abd687134",
			"parentId": "5dcb1df1cc51617bf52d85e1",
			"slotId": "mod_mount_000"
		},
		{
			"_id": "5dcb1df1cc51617bf52d85e5",
			"_tpl": "57616c112459773cce774d66",
			"parentId": "5dcb1df1cc51617bf52d85e1",
			"slotId": "mod_reciever"
		},
		{
			"_id": "5dcb1df1cc51617bf52d85e6",
			"_tpl": "57a9b9ce2459770ee926038d",
			"parentId": "5dcb1df1cc51617bf52d85e1",
			"slotId": "mod_sight_rear"
		},
		{
			"_id": "5dcb1df1cc51617bf52d85e7",
			"_tpl": "57616ca52459773c69055192",
			"parentId": "5dcb1df1cc51617bf52d85e1",
			"slotId": "mod_stock"
		},
		{
			"_id": "5dcb1df1cc51617bf52d85e8",
			"_tpl": "57616a9e2459773c7a400234",
			"parentId": "5dcb1df1cc51617bf52d85e1",
			"slotId": "mod_magazine"
		},
		{
			"_id": "5dcb1df1cc51617bf52d85e9",
			"_tpl": "5d6e6869a4b9361c140bcfde",
			"parentId": "5dcb1df1cc51617bf52d85e8",
			"slotId": "cartridges",
			"upd": {
				"StackObjectsCount": 5
			}
		},
		{
			"_id": "5dcb1df1cc51617bf52d85ea",
			"_tpl": "5d6e6869a4b9361c140bcfde",
			"parentId": "5dcb1df1cc51617bf52d85e1",
			"slotId": "patron_in_weapon",
			"upd": {
				"StackObjectsCount": 1
			}
		},
		{
			"_id": "5dcb1df1cc51617bf52d85eb",
			"_tpl": "557ffd194bdc2d28148b457f",
			"parentId": "5dcb1df1cc51617bf52d85c1",
			"slotId": "Pockets"
		},
		{
			"_id": "5dcb1df1cc51617bf52d85ec",
			"_tpl": "5929a2a086f7744f4b234d43",
			"parentId": "5dcb1df1cc51617bf52d85c1",
			"slotId": "TacticalVest"
		},
		{
			"_id": "5dcb1df1cc51617bf52d85fa",
			"_tpl": "57616a9e2459773c7a400234",
			"parentId": "5dcb1df1cc51617bf52d85ec",
			"slotId": "3",
			"location": {
				"x": 0,
				"y": 0,
				"r": 0
			}
		},
		{
			"_id": "5dcb1df1cc51617bf52d85fb",
			"_tpl": "5d6e6869a4b9361c140bcfde",
			"parentId": "5dcb1df1cc51617bf52d85fa",
			"slotId": "cartridges",
			"upd": {
				"StackObjectsCount": 5
			}
		},
		{
			"_id": "5dcb1df1cc51617bf52d85fc",
			"_tpl": "57616a9e2459773c7a400234",
			"parentId": "5dcb1df1cc51617bf52d85ec",
			"slotId": "4",
			"location": {
				"x": 0,
				"y": 0,
				"r": 0
			}
		},
		{
			"_id": "5dcb1df1cc51617bf52d85fd",
			"_tpl": "5d6e6869a4b9361c140bcfde",
			"parentId": "5dcb1df1cc51617bf52d85fc",
			"slotId": "cartridges",
			"upd": {
				"StackObjectsCount": 5
			}
		},
		{
			"_id": "5dcb1df1cc51617bf52d85ed",
			"_tpl": "572b7f1624597762ae139822",
			"parentId": "5dcb1df1cc51617bf52d85c1",
			"slotId": "FaceCover"
		},
		{
			"_id": "5dcb1df1cc51617bf52d85ee",
			"_tpl": "59e7708286f7742cbd762753",
			"parentId": "5dcb1df1cc51617bf52d85c1",
			"slotId": "Headwear"
		},
		{
			"_id": "5dcb1df1cc51617bf52d85ef",
			"_tpl": "57e26fc7245977162a14b800",
			"parentId": "5dcb1df1cc51617bf52d85c1",
			"slotId": "Scabbard"
		},
		{
			"_id": "5dcb1df1cc51617bf52d85f0",
			"_tpl": "5857a8bc2459772bad15db29",
			"parentId": "5dcb1df1cc51617bf52d85c1",
			"slotId": "SecuredContainer"
		},
		{
			"_id": "5dcb1df1cc51617bf52d85f1",
			"_tpl": "5d6e6869a4b9361c140bcfde",
			"parentId": "5dcb1df1cc51617bf52d85f0",
			"slotId": "main",
			"location": {
				"x": 0,
				"y": 0,
				"r": 0
			},
			"upd": {
				"StackObjectsCount": 20
			}
		},
		{
			"_id": "5dcb1df1cc51617bf52d85f2",
			"_tpl": "5d6e6869a4b9361c140bcfde",
			"parentId": "5dcb1df1cc51617bf52d85f0",
			"slotId": "main",
			"location": {
				"x": 1,
				"y": 0,
				"r": 0
			},
			"upd": {
				"StackObjectsCount": 20
			}
		},
		{
			"_id": "5dcb1df1cc51617bf52d85f3",
			"_tpl": "5d6e6869a4b9361c140bcfde",
			"parentId": "5dcb1df1cc51617bf52d85f0",
			"slotId": "main",
			"location": {
				"x": 2,
				"y": 0,
				"r": 0
			},
			"upd": {
				"StackObjectsCount": 20
			}
		},
		{
			"_id": "5dcb1df1cc51617bf52d85f4",
			"_tpl": "5d6e6869a4b9361c140bcfde",
			"parentId": "5dcb1df1cc51617bf52d85f0",
			"slotId": "main",
			"location": {
				"x": 0,
				"y": 1,
				"r": 0
			},
			"upd": {
				"StackObjectsCount": 20
			}
		},
		{
			"_id": "5dcb1df1cc51617bf52d85f5",
			"_tpl": "5d6e6869a4b9361c140bcfde",
			"parentId": "5dcb1df1cc51617bf52d85f0",
			"slotId": "main",
			"location": {
				"x": 1,
				"y": 1,
				"r": 0
			},
			"upd": {
				"StackObjectsCount": 20
			}
		},
		{
			"_id": "5dcb1df1cc51617bf52d85f6",
			"_tpl": "5d6e6869a4b9361c140bcfde",
			"parentId": "5dcb1df1cc51617bf52d85f0",
			"slotId": "main",
			"location": {
				"x": 2,
				"y": 1,
				"r": 0
			},
			"upd": {
				"StackObjectsCount": 20
			}
		},
		{
			"_id": "5dcb1df1cc51617bf52d85f7",
			"_tpl": "5d6e6869a4b9361c140bcfde",
			"parentId": "5dcb1df1cc51617bf52d85f0",
			"slotId": "main",
			"location": {
				"x": 0,
				"y": 2,
				"r": 0
			},
			"upd": {
				"StackObjectsCount": 20
			}
		},
		{
			"_id": "5dcb1df1cc51617bf52d85f8",
			"_tpl": "5d6e6869a4b9361c140bcfde",
			"parentId": "5dcb1df1cc51617bf52d85f0",
			"slotId": "main",
			"location": {
				"x": 1,
				"y": 2,
				"r": 0
			},
			"upd": {
				"StackObjectsCount": 20
			}
		},
		{
			"_id": "5dcb1df1cc51617bf52d85f9",
			"_tpl": "5d6e6869a4b9361c140bcfde",
			"parentId": "5dcb1df1cc51617bf52d85f0",
			"slotId": "main",
			"location": {
				"x": 2,
				"y": 2,
				"r": 0
			},
			"upd": {
				"StackObjectsCount": 20
			}
		},
		{
			"_id": "5dcb1df1cc51617bf52d85c0",
			"_tpl": "566abbc34bdc2d92178b4576"
		},
		{
			"_id": "5dcb1df1cc51617bf52d85c3",
			"_tpl": "5963866b86f7747bfa1c4462"
		},
		{
			"_id": "5dcb1df1cc51617bf52d85c2",
			"_tpl": "5963866286f7747bf429b572"
		}
	],
	"equipment": "5dcb1df1cc51617bf52d85c1",
	"stash": "5dcb1df1cc51617bf52d85c0",
	"questRaidItems": "5dcb1df1cc51617bf52d85c2",
	"questStashItems": "5dcb1df1cc51617bf52d85c3",
	"fastPanel": {}
}