{
	"items": [
		{
			"_id": "5c6687d65e9d882c8841f0fd",
			"_tpl": "55d7217a4bdc2d86028b456d"
		},
		{
			"_id": "5c6687d65e9d882c8841f121",
			"_tpl": "557ffd194bdc2d28148b457f",
			"parentId": "5c6687d65e9d882c8841f0fd",
			"slotId": "Pockets"
		},
		{
			"_id": "5c6687d65e9d882c8841f0fc",
			"_tpl": "566abbc34bdc2d92178b4576"
		},
		{
			"_id": "5c6687d65e9d882c8841f0ff",
			"_tpl": "5963866b86f7747bfa1c4462"
		},
		{
			"_id": "5c6687d65e9d882c8841f0fe",
			"_tpl": "5963866286f7747bf429b572"
		},
		{
			"_id": "TacticalVest668219",
			"_tpl": "5d5d8ca986f7742798716522",
			"parentId": "5c6687d65e9d882c8841f0fd",
			"slotId": "TacticalVest"
		},
		{
			"_id": "I21009458619073185COPcOF",
			"_tpl": "5a0ec13bfcdbcb00165aa685",
			"parentId": "5c6687d65e9d882c8841f0fd",
			"slotId": "FirstPrimaryWeapon"
		},
		{
			"_id": "I210094576412274034PHXSS",
			"_tpl": "59d64ec286f774171d1e0a42",
			"parentId": "I21009458619073185COPcOF",
			"slotId": "mod_gas_block"
		},
		{
			"_id": "I21009457143300570DwMdvA",
			"_tpl": "59d64fc686f774171b243fe2",
			"parentId": "I21009458619073185COPcOF",
			"slotId": "mod_muzzle"
		},
		{
			"_id": "I21009457257801180pgRVSi",
			"_tpl": "59e62cc886f77440d40b52a1",
			"parentId": "I21009458619073185COPcOF",
			"slotId": "mod_pistol_grip"
		},
		{
			"_id": "I21009458538347457dOvnBx",
			"_tpl": "59d6507c86f7741b846413a2",
			"parentId": "I21009458619073185COPcOF",
			"slotId": "mod_reciever"
		},
		{
			"_id": "I210094555920558690rHh6Z",
			"_tpl": "59d650cf86f7741b846413a4",
			"parentId": "I21009458619073185COPcOF",
			"slotId": "mod_sight_rear",
			"upd": {
				"Sight": {
					"SelectedSightMode": 0
				}
			}
		},
		{
			"_id": "I21009453906192544MnI1Gg",
			"_tpl": "59d6514b86f774171a068a08",
			"parentId": "I21009458619073185COPcOF",
			"slotId": "mod_stock"
		},
		{
			"_id": "MagazineWeaponScav4874",
			"_tpl": "5cfe8010d7ad1a59283b14c6",
			"parentId": "I21009458619073185COPcOF",
			"slotId": "mod_magazine"
		},
		{
			"_id": "AmmoMag13375",
			"_tpl": "59e0d99486f7744a32234762",
			"parentId": "MagazineWeaponScav4874",
			"slotId": "cartridges",
			"upd": {
				"StackObjectsCount": 50
			}
		},
		{
			"_id": "I21009457709398691877EKR",
			"_tpl": "59d64f2f86f77417193ef8b3",
			"parentId": "I210094576412274034PHXSS",
			"slotId": "mod_handguard"
		},
		{
			"_id": "mag0Vest409824",
			"_tpl": "59d625f086f774661516605d",
			"parentId": "TacticalVest668219",
			"slotId": "2",
			"location": {
				"x": 0,
				"y": 0,
				"r": "Horizontal"
			}
		},
		{
			"_id": "AmmoMag0Vest477051",
			"_tpl": "59e4cf5286f7741778269d8a",
			"parentId": "mag0Vest409824",
			"slotId": "cartridges",
			"upd": {
				"StackObjectsCount": 30
			}
		},
		{
			"_id": "mag0Vest406598",
			"_tpl": "59d625f086f774661516605d",
			"parentId": "TacticalVest668219",
			"slotId": "1",
			"location": {
				"x": 0,
				"y": 0,
				"r": "Horizontal"
			}
		},
		{
			"_id": "AmmoMag0Vest712626",
			"_tpl": "59e4d24686f7741776641ac7",
			"parentId": "mag0Vest406598",
			"slotId": "cartridges",
			"upd": {
				"StackObjectsCount": 30
			}
		},
		{
			"_id": "Scabbard800295",
			"_tpl": "54491bb74bdc2d09088b4567",
			"parentId": "5c6687d65e9d882c8841f0fd",
			"slotId": "Scabbard"
		},
		{
			"_id": "Headwear305801",
			"_tpl": "5aa2a7e8e5b5b00016327c16",
			"parentId": "5c6687d65e9d882c8841f0fd",
			"slotId": "Headwear"
		},
		{
			"_id": "FaceCover446414",
			"_tpl": "572b7f1624597762ae139822",
			"parentId": "5c6687d65e9d882c8841f0fd",
			"slotId": "FaceCover"
		},
		{
			"_id": "ArmorVest650241",
			"_tpl": "59e7635f86f7742cbf2c1095",
			"parentId": "5c6687d65e9d882c8841f0fd",
			"slotId": "ArmorVest",
			"upd": {
				"Repairable": {
					"MaxDurability": 40,
					"Durability": 34
				}
			}
		},
		{
			"_id": "Pocket_737008",
			"_tpl": "590c2c9c86f774245b1f03f2",
			"parentId": "5c6687d65e9d882c8841f121",
			"slotId": "pocket1",
			"location": {
				"x": 0,
				"y": 0,
				"r": "Horizontal"
			},
			"upd": {
				"SpawnedInSession": true
			}
		},
		{
			"_id": "Pocket_347673",
			"_tpl": "57347cd0245977445a2d6ff1",
			"parentId": "5c6687d65e9d882c8841f121",
			"slotId": "pocket2",
			"location": {
				"x": 0,
				"y": 0,
				"r": "Horizontal"
			},
			"upd": {
				"SpawnedInSession": true
			}
		}
	],
	"equipment": "5c6687d65e9d882c8841f0fd",
	"stash": "5c6687d65e9d882c8841f0fc",
	"questRaidItems": "5c6687d65e9d882c8841f0fe",
	"questStashItems": "5c6687d65e9d882c8841f0ff",
	"fastPanel": {}
}