{
	"items": [
		{
			"_id": "5c6687d65e9d882c8841f0fd",
			"_tpl": "55d7217a4bdc2d86028b456d"
		},
		{
			"_id": "5c6687d65e9d882c8841f121",
			"_tpl": "557ffd194bdc2d28148b457f",
			"parentId": "5c6687d65e9d882c8841f0fd",
			"slotId": "Pockets"
		},
		{
			"_id": "5c6687d65e9d882c8841f0fc",
			"_tpl": "566abbc34bdc2d92178b4576"
		},
		{
			"_id": "5c6687d65e9d882c8841f0ff",
			"_tpl": "5963866b86f7747bfa1c4462"
		},
		{
			"_id": "5c6687d65e9d882c8841f0fe",
			"_tpl": "5963866286f7747bf429b572"
		},
		{
			"_id": "TacticalVest384037",
			"_tpl": "5648a69d4bdc2ded0b8b457b",
			"parentId": "5c6687d65e9d882c8841f0fd",
			"slotId": "TacticalVest"
		},
		{
			"_id": "I210012363743647067MaAgh",
			"_tpl": "57838ad32459774a17445cd2",
			"parentId": "5c6687d65e9d882c8841f0fd",
			"slotId": "FirstPrimaryWeapon"
		},
		{
			"_id": "MagazineWeaponScav4119",
			"_tpl": "5a9e81fba2750c00164f6b11",
			"parentId": "I210012363743647067MaAgh",
			"slotId": "mod_magazine"
		},
		{
			"_id": "AmmoMag16163",
			"_tpl": "5c0d668f86f7747ccb7f13b2",
			"parentId": "MagazineWeaponScav4119",
			"slotId": "cartridges",
			"upd": {
				"StackObjectsCount": 30
			}
		},
		{
			"_id": "I210012368595680122lHqZY",
			"_tpl": "57838c962459774a1651ec63",
			"parentId": "I210012363743647067MaAgh",
			"slotId": "mod_muzzle"
		},
		{
			"_id": "I210012363934540897DpmVJ",
			"_tpl": "578395402459774a256959b5",
			"parentId": "I210012363743647067MaAgh",
			"slotId": "mod_reciever"
		},
		{
			"_id": "I2100123685022187231WnGk",
			"_tpl": "578395e82459774a0e553c7b",
			"parentId": "I210012363743647067MaAgh",
			"slotId": "mod_stock"
		},
		{
			"_id": "I210012367386767999gqdEO",
			"_tpl": "57838e1b2459774a256959b1",
			"parentId": "I210012368595680122lHqZY",
			"slotId": "mod_sight_rear",
			"upd": {
				"Sight": {
					"SelectedSightMode": 0
				}
			}
		},
		{
			"_id": "mag0Vest671783",
			"_tpl": "57838f9f2459774a150289a0",
			"parentId": "TacticalVest384037",
			"slotId": "1",
			"location": {
				"x": 0,
				"y": 0,
				"r": "Horizontal"
			}
		},
		{
			"_id": "AmmoMag0Vest428845",
			"_tpl": "5c0d688c86f77413ae3407b2",
			"parentId": "mag0Vest671783",
			"slotId": "cartridges",
			"upd": {
				"StackObjectsCount": 20
			}
		},
		{
			"_id": "mag3Vest692325",
			"_tpl": "57838f9f2459774a150289a0",
			"parentId": "TacticalVest384037",
			"slotId": "10",
			"location": {
				"x": 0,
				"y": 0,
				"r": "Horizontal"
			}
		},
		{
			"_id": "AmmoMag3Vest962849",
			"_tpl": "5c0d688c86f77413ae3407b2",
			"parentId": "mag3Vest692325",
			"slotId": "cartridges",
			"upd": {
				"StackObjectsCount": 20
			}
		},
		{
			"_id": "mag0Vest486293",
			"_tpl": "57838f9f2459774a150289a0",
			"parentId": "TacticalVest384037",
			"slotId": "5",
			"location": {
				"x": 0,
				"y": 0,
				"r": "Horizontal"
			}
		},
		{
			"_id": "AmmoMag0Vest157617",
			"_tpl": "57a0e5022459774d1673f889",
			"parentId": "mag0Vest486293",
			"slotId": "cartridges",
			"upd": {
				"StackObjectsCount": 20
			}
		},
		{
			"_id": "StackAmmo2646677195",
			"_tpl": "5c0d688c86f77413ae3407b2",
			"parentId": "TacticalVest384037",
			"slotId": "7",
			"upd": {
				"StackObjectsCount": 31
			}
		},
		{
			"_id": "StackAmmo80279662211",
			"_tpl": "5c0d688c86f77413ae3407b2",
			"parentId": "TacticalVest384037",
			"slotId": "9",
			"upd": {
				"StackObjectsCount": 9
			}
		},
		{
			"_id": "Scabbard213415",
			"_tpl": "5bffdc370db834001d23eca8",
			"parentId": "5c6687d65e9d882c8841f0fd",
			"slotId": "Scabbard"
		},
		{
			"_id": "Headwear444844",
			"_tpl": "59e770f986f7742cbe3164ef",
			"parentId": "5c6687d65e9d882c8841f0fd",
			"slotId": "Headwear"
		},
		{
			"_id": "ArmorVest58680",
			"_tpl": "5c0e5edb86f77461f55ed1f7",
			"parentId": "5c6687d65e9d882c8841f0fd",
			"slotId": "ArmorVest",
			"upd": {
				"Repairable": {
					"MaxDurability": 50,
					"Durability": 12
				}
			}
		},
		{
			"_id": "Pocket_470937",
			"_tpl": "593858c486f774253a24cb52",
			"parentId": "5c6687d65e9d882c8841f121",
			"slotId": "pocket1",
			"location": {
				"x": 0,
				"y": 0,
				"r": "Horizontal"
			},
			"upd": {
				"SpawnedInSession": true
			}
		},
		{
			"_id": "Pocket_849530",
			"_tpl": "590a358486f77429692b2790",
			"parentId": "5c6687d65e9d882c8841f121",
			"slotId": "pocket2",
			"location": {
				"x": 0,
				"y": 0,
				"r": "Horizontal"
			},
			"upd": {
				"SpawnedInSession": true
			}
		}
	],
	"equipment": "5c6687d65e9d882c8841f0fd",
	"stash": "5c6687d65e9d882c8841f0fc",
	"questRaidItems": "5c6687d65e9d882c8841f0fe",
	"questStashItems": "5c6687d65e9d882c8841f0ff",
	"fastPanel": {}
}