{
	"items": [
		{
			"_id": "5dcb1df6171ac3579029b07b",
			"_tpl": "55d7217a4bdc2d86028b456d"
		},
		{
			"_id": "5dcb1df6171ac3579029b095",
			"_tpl": "5a38e6bac4a2826c6e06d79b",
			"parentId": "5dcb1df6171ac3579029b07b",
			"slotId": "FirstPrimaryWeapon"
		},
		{
			"_id": "5dcb1df6171ac3579029b096",
			"_tpl": "5a38ef1fc4a282000b1521f6",
			"parentId": "5dcb1df6171ac3579029b095",
			"slotId": "mod_stock"
		},
		{
			"_id": "5dcb1df6171ac3579029b097",
			"_tpl": "5a38eecdc4a282329a73b512",
			"parentId": "5dcb1df6171ac3579029b096",
			"slotId": "mod_pistol_grip"
		},
		{
			"_id": "5dcb1df6171ac3579029b098",
			"_tpl": "5a38ee51c4a282000c5a955c",
			"parentId": "5dcb1df6171ac3579029b095",
			"slotId": "mod_magazine"
		},
		{
			"_id": "5dcb1df6171ac3579029b099",
			"_tpl": "5a38ebd9c4a282000d722a5b",
			"parentId": "5dcb1df6171ac3579029b098",
			"slotId": "cartridges",
			"upd": {
				"StackObjectsCount": 2
			}
		},
		{
			"_id": "5dcb1df6171ac3579029b09a",
			"_tpl": "5a38ebd9c4a282000d722a5b",
			"parentId": "5dcb1df6171ac3579029b095",
			"slotId": "patron_in_weapon",
			"upd": {
				"StackObjectsCount": 1
			}
		},
		{
			"_id": "5dcb1df6171ac3579029b09b",
			"_tpl": "557ffd194bdc2d28148b457f",
			"parentId": "5dcb1df6171ac3579029b07b",
			"slotId": "Pockets"
		},
		{
			"_id": "5dcb1df6171ac3579029b09c",
			"_tpl": "572b7adb24597762ae139821",
			"parentId": "5dcb1df6171ac3579029b07b",
			"slotId": "TacticalVest"
		},
		{
			"_id": "5dcb1df6171ac3579029b0aa",
			"_tpl": "5a38ee51c4a282000c5a955c",
			"parentId": "5dcb1df6171ac3579029b09c",
			"slotId": "1",
			"location": {
				"x": 0,
				"y": 0,
				"r": 0
			}
		},
		{
			"_id": "5dcb1df6171ac3579029b0ab",
			"_tpl": "5a38ebd9c4a282000d722a5b",
			"parentId": "5dcb1df6171ac3579029b0aa",
			"slotId": "cartridges",
			"upd": {
				"StackObjectsCount": 2
			}
		},
		{
			"_id": "5dcb1df6171ac3579029b0ac",
			"_tpl": "5a38ee51c4a282000c5a955c",
			"parentId": "5dcb1df6171ac3579029b09c",
			"slotId": "2",
			"location": {
				"x": 0,
				"y": 0,
				"r": 0
			}
		},
		{
			"_id": "5dcb1df6171ac3579029b0ad",
			"_tpl": "5a38ebd9c4a282000d722a5b",
			"parentId": "5dcb1df6171ac3579029b0ac",
			"slotId": "cartridges",
			"upd": {
				"StackObjectsCount": 2
			}
		},
		{
			"_id": "5dcb1df6171ac3579029b0ae",
			"_tpl": "5a38ee51c4a282000c5a955c",
			"parentId": "5dcb1df6171ac3579029b09c",
			"slotId": "2",
			"location": {
				"x": 0,
				"y": 1,
				"r": 0
			}
		},
		{
			"_id": "5dcb1df6171ac3579029b0af",
			"_tpl": "5a38ebd9c4a282000d722a5b",
			"parentId": "5dcb1df6171ac3579029b0ae",
			"slotId": "cartridges",
			"upd": {
				"StackObjectsCount": 2
			}
		},
		{
			"_id": "5dcb1df6171ac3579029b0b2",
			"_tpl": "57347d3d245977448f7b7f61",
			"parentId": "5dcb1df6171ac3579029b09c",
			"slotId": "3",
			"location": {
				"x": 0,
				"y": 1,
				"r": 0
			},
			"upd": {
				"FoodDrink": {
					"HpPercent": 1
				}
			}
		},
		{
			"_id": "5dcb1df6171ac3579029b09d",
			"_tpl": "59e7715586f7742ee5789605",
			"parentId": "5dcb1df6171ac3579029b07b",
			"slotId": "FaceCover"
		},
		{
			"_id": "5dcb1df6171ac3579029b09e",
			"_tpl": "572b7fa124597762b472f9d2",
			"parentId": "5dcb1df6171ac3579029b07b",
			"slotId": "Headwear"
		},
		{
			"_id": "5dcb1df6171ac3579029b09f",
			"_tpl": "57e26fc7245977162a14b800",
			"parentId": "5dcb1df6171ac3579029b07b",
			"slotId": "Scabbard"
		},
		{
			"_id": "5dcb1df6171ac3579029b0a0",
			"_tpl": "5857a8bc2459772bad15db29",
			"parentId": "5dcb1df6171ac3579029b07b",
			"slotId": "SecuredContainer"
		},
		{
			"_id": "5dcb1df6171ac3579029b0a1",
			"_tpl": "5a38ebd9c4a282000d722a5b",
			"parentId": "5dcb1df6171ac3579029b0a0",
			"slotId": "main",
			"location": {
				"x": 0,
				"y": 0,
				"r": 0
			},
			"upd": {
				"StackObjectsCount": 20
			}
		},
		{
			"_id": "5dcb1df6171ac3579029b0a2",
			"_tpl": "5a38ebd9c4a282000d722a5b",
			"parentId": "5dcb1df6171ac3579029b0a0",
			"slotId": "main",
			"location": {
				"x": 1,
				"y": 0,
				"r": 0
			},
			"upd": {
				"StackObjectsCount": 20
			}
		},
		{
			"_id": "5dcb1df6171ac3579029b0a3",
			"_tpl": "5a38ebd9c4a282000d722a5b",
			"parentId": "5dcb1df6171ac3579029b0a0",
			"slotId": "main",
			"location": {
				"x": 2,
				"y": 0,
				"r": 0
			},
			"upd": {
				"StackObjectsCount": 20
			}
		},
		{
			"_id": "5dcb1df6171ac3579029b0a4",
			"_tpl": "5a38ebd9c4a282000d722a5b",
			"parentId": "5dcb1df6171ac3579029b0a0",
			"slotId": "main",
			"location": {
				"x": 0,
				"y": 1,
				"r": 0
			},
			"upd": {
				"StackObjectsCount": 20
			}
		},
		{
			"_id": "5dcb1df6171ac3579029b0a5",
			"_tpl": "5a38ebd9c4a282000d722a5b",
			"parentId": "5dcb1df6171ac3579029b0a0",
			"slotId": "main",
			"location": {
				"x": 1,
				"y": 1,
				"r": 0
			},
			"upd": {
				"StackObjectsCount": 20
			}
		},
		{
			"_id": "5dcb1df6171ac3579029b0a6",
			"_tpl": "5a38ebd9c4a282000d722a5b",
			"parentId": "5dcb1df6171ac3579029b0a0",
			"slotId": "main",
			"location": {
				"x": 2,
				"y": 1,
				"r": 0
			},
			"upd": {
				"StackObjectsCount": 20
			}
		},
		{
			"_id": "5dcb1df6171ac3579029b0a7",
			"_tpl": "5a38ebd9c4a282000d722a5b",
			"parentId": "5dcb1df6171ac3579029b0a0",
			"slotId": "main",
			"location": {
				"x": 0,
				"y": 2,
				"r": 0
			},
			"upd": {
				"StackObjectsCount": 20
			}
		},
		{
			"_id": "5dcb1df6171ac3579029b0a8",
			"_tpl": "5a38ebd9c4a282000d722a5b",
			"parentId": "5dcb1df6171ac3579029b0a0",
			"slotId": "main",
			"location": {
				"x": 1,
				"y": 2,
				"r": 0
			},
			"upd": {
				"StackObjectsCount": 20
			}
		},
		{
			"_id": "5dcb1df6171ac3579029b0a9",
			"_tpl": "5a38ebd9c4a282000d722a5b",
			"parentId": "5dcb1df6171ac3579029b0a0",
			"slotId": "main",
			"location": {
				"x": 2,
				"y": 2,
				"r": 0
			},
			"upd": {
				"StackObjectsCount": 20
			}
		},
		{
			"_id": "5dcb1df6171ac3579029b07a",
			"_tpl": "566abbc34bdc2d92178b4576"
		},
		{
			"_id": "5dcb1df6171ac3579029b07d",
			"_tpl": "5963866b86f7747bfa1c4462"
		},
		{
			"_id": "5dcb1df6171ac3579029b07c",
			"_tpl": "5963866286f7747bf429b572"
		}
	],
	"equipment": "5dcb1df6171ac3579029b07b",
	"stash": "5dcb1df6171ac3579029b07a",
	"questRaidItems": "5dcb1df6171ac3579029b07c",
	"questStashItems": "5dcb1df6171ac3579029b07d",
	"fastPanel": {}
}