{
	"items": [
		{
			"_id": "5c6687d65e9d882c8841f0fd",
			"_tpl": "55d7217a4bdc2d86028b456d"
		},
		{
			"_id": "5c6687d65e9d882c8841f121",
			"_tpl": "557ffd194bdc2d28148b457f",
			"parentId": "5c6687d65e9d882c8841f0fd",
			"slotId": "Pockets"
		},
		{
			"_id": "5c6687d65e9d882c8841f0fc",
			"_tpl": "566abbc34bdc2d92178b4576"
		},
		{
			"_id": "5c6687d65e9d882c8841f0ff",
			"_tpl": "5963866b86f7747bfa1c4462"
		},
		{
			"_id": "5c6687d65e9d882c8841f0fe",
			"_tpl": "5963866286f7747bf429b572"
		},
		{
			"_id": "TacticalVest749106",
			"_tpl": "5929a2a086f7744f4b234d43",
			"parentId": "5c6687d65e9d882c8841f0fd",
			"slotId": "TacticalVest"
		},
		{
			"_id": "I21006442420799264fjzaqP",
			"_tpl": "57c44b372459772d2b39b8ce",
			"parentId": "5c6687d65e9d882c8841f0fd",
			"slotId": "FirstPrimaryWeapon"
		},
		{
			"_id": "I21006443676203686AWZCMM",
			"_tpl": "57c44dd02459772d2e0ae249",
			"parentId": "I21006442420799264fjzaqP",
			"slotId": "mod_muzzle"
		},
		{
			"_id": "I21006449791668513ioeKAe",
			"_tpl": "57c44f4f2459772d2c627113",
			"parentId": "I21006442420799264fjzaqP",
			"slotId": "mod_reciever"
		},
		{
			"_id": "MagazineWeaponScav7382",
			"_tpl": "57838f0b2459774a256959b2",
			"parentId": "I21006442420799264fjzaqP",
			"slotId": "mod_magazine"
		},
		{
			"_id": "AmmoMag18461",
			"_tpl": "57a0e5022459774d1673f889",
			"parentId": "MagazineWeaponScav7382",
			"slotId": "cartridges",
			"upd": {
				"StackObjectsCount": 10
			}
		},
		{
			"_id": "I210064493204083724NeJFH",
			"_tpl": "57c44fa82459772d2d75e415",
			"parentId": "I21006442420799264fjzaqP",
			"slotId": "mod_pistol_grip"
		},
		{
			"_id": "I21006449938217971Rju6mT",
			"_tpl": "57c450252459772d28133253",
			"parentId": "I21006442420799264fjzaqP",
			"slotId": "mod_stock"
		},
		{
			"_id": "I21006447533005487elvQPs",
			"_tpl": "57c44e7b2459772d28133248",
			"parentId": "I21006443676203686AWZCMM",
			"slotId": "mod_sight_rear",
			"upd": {
				"Sight": {
					"SelectedSightMode": 0
				}
			}
		},
		{
			"_id": "mag0Vest742169",
			"_tpl": "57838f0b2459774a256959b2",
			"parentId": "TacticalVest749106",
			"slotId": "3",
			"location": {
				"x": 0,
				"y": 0,
				"r": "Horizontal"
			}
		},
		{
			"_id": "AmmoMag0Vest432054",
			"_tpl": "57a0e5022459774d1673f889",
			"parentId": "mag0Vest742169",
			"slotId": "cartridges",
			"upd": {
				"StackObjectsCount": 10
			}
		},
		{
			"_id": "mag1Vest740815",
			"_tpl": "57838f0b2459774a256959b2",
			"parentId": "TacticalVest749106",
			"slotId": "5",
			"location": {
				"x": 0,
				"y": 1,
				"r": "Horizontal"
			}
		},
		{
			"_id": "AmmoMag1Vest954097",
			"_tpl": "57a0dfb82459774d3078b56c",
			"parentId": "mag1Vest740815",
			"slotId": "cartridges",
			"upd": {
				"StackObjectsCount": 10
			}
		},
		{
			"_id": "StackAmmo19079012799",
			"_tpl": "57a0dfb82459774d3078b56c",
			"parentId": "TacticalVest749106",
			"slotId": "1",
			"upd": {
				"StackObjectsCount": 32
			}
		},
		{
			"_id": "StackAmmo6024059945",
			"_tpl": "57a0e5022459774d1673f889",
			"parentId": "TacticalVest749106",
			"slotId": "7",
			"upd": {
				"StackObjectsCount": 25
			}
		},
		{
			"_id": "Scabbard432687",
			"_tpl": "57e26ea924597715ca604a09",
			"parentId": "5c6687d65e9d882c8841f0fd",
			"slotId": "Scabbard"
		},
		{
			"_id": "Headwear513658",
			"_tpl": "5aa2a7e8e5b5b00016327c16",
			"parentId": "5c6687d65e9d882c8841f0fd",
			"slotId": "Headwear"
		},
		{
			"_id": "Eyewear37488",
			"_tpl": "59e770b986f7742cbd762754",
			"parentId": "5c6687d65e9d882c8841f0fd",
			"slotId": "Eyewear"
		},
		{
			"_id": "FaceCover364073",
			"_tpl": "5bd0716d86f774171822ef4b",
			"parentId": "5c6687d65e9d882c8841f0fd",
			"slotId": "FaceCover"
		},
		{
			"_id": "Pocket_543617",
			"_tpl": "5672c92d4bdc2d180f8b4567",
			"parentId": "5c6687d65e9d882c8841f121",
			"slotId": "pocket1",
			"location": {
				"x": 0,
				"y": 0,
				"r": "Horizontal"
			},
			"upd": {
				"SpawnedInSession": true
			}
		},
		{
			"_id": "Pocket_338976",
			"_tpl": "5734795124597738002c6176",
			"parentId": "5c6687d65e9d882c8841f121",
			"slotId": "pocket2",
			"location": {
				"x": 0,
				"y": 0,
				"r": "Horizontal"
			},
			"upd": {
				"SpawnedInSession": true
			}
		}
	],
	"equipment": "5c6687d65e9d882c8841f0fd",
	"stash": "5c6687d65e9d882c8841f0fc",
	"questRaidItems": "5c6687d65e9d882c8841f0fe",
	"questStashItems": "5c6687d65e9d882c8841f0ff",
	"fastPanel": {}
}