{
	"items": [
		{
			"_id": "5dcb1df6171ac3579029b603",
			"_tpl": "55d7217a4bdc2d86028b456d"
		},
		{
			"_id": "5dcb1df6171ac3579029b622",
			"_tpl": "54491c4f4bdc2db1078b4568",
			"parentId": "5dcb1df6171ac3579029b603",
			"slotId": "FirstPrimaryWeapon"
		},
		{
			"_id": "5dcb1df6171ac3579029b623",
			"_tpl": "55d4491a4bdc2d882f8b456e",
			"parentId": "5dcb1df6171ac3579029b622",
			"slotId": "mod_barrel"
		},
		{
			"_id": "5dcb1df6171ac3579029b624",
			"_tpl": "55d45d3f4bdc2d972f8b456c",
			"parentId": "5dcb1df6171ac3579029b622",
			"slotId": "mod_handguard"
		},
		{
			"_id": "5dcb1df6171ac3579029b625",
			"_tpl": "56083be64bdc2d20478b456f",
			"parentId": "5dcb1df6171ac3579029b622",
			"slotId": "mod_stock"
		},
		{
			"_id": "5dcb1df6171ac3579029b626",
			"_tpl": "55d484b44bdc2d1d4e8b456d",
			"parentId": "5dcb1df6171ac3579029b622",
			"slotId": "mod_magazine"
		},
		{
			"_id": "5dcb1df6171ac3579029b627",
			"_tpl": "5d6e67fba4b9361bc73bc779",
			"parentId": "5dcb1df6171ac3579029b626",
			"slotId": "cartridges",
			"upd": {
				"StackObjectsCount": 6
			}
		},
		{
			"_id": "5dcb1df6171ac3579029b628",
			"_tpl": "5d6e67fba4b9361bc73bc779",
			"parentId": "5dcb1df6171ac3579029b622",
			"slotId": "patron_in_weapon",
			"upd": {
				"StackObjectsCount": 1
			}
		},
		{
			"_id": "5dcb1df6171ac3579029b629",
			"_tpl": "557ffd194bdc2d28148b457f",
			"parentId": "5dcb1df6171ac3579029b603",
			"slotId": "Pockets"
		},
		{
			"_id": "5dcb1df6171ac3579029b638",
			"_tpl": "5751496424597720a27126da",
			"parentId": "5dcb1df6171ac3579029b629",
			"slotId": "pocket1",
			"location": {
				"x": 0,
				"y": 0,
				"r": 0
			},
			"upd": {
				"FoodDrink": {
					"HpPercent": 1
				}
			}
		},
		{
			"_id": "5dcb1df6171ac3579029b62a",
			"_tpl": "572b7adb24597762ae139821",
			"parentId": "5dcb1df6171ac3579029b603",
			"slotId": "TacticalVest"
		},
		{
			"_id": "5dcb1df6171ac3579029b636",
			"_tpl": "5d6e67fba4b9361bc73bc779",
			"parentId": "5dcb1df6171ac3579029b62a",
			"slotId": "1",
			"location": {
				"x": 0,
				"y": 0,
				"r": 0
			},
			"upd": {
				"StackObjectsCount": 8
			}
		},
		{
			"_id": "5dcb1df6171ac3579029b62b",
			"_tpl": "57e26ea924597715ca604a09",
			"parentId": "5dcb1df6171ac3579029b603",
			"slotId": "Scabbard"
		},
		{
			"_id": "5dcb1df6171ac3579029b62c",
			"_tpl": "5857a8bc2459772bad15db29",
			"parentId": "5dcb1df6171ac3579029b603",
			"slotId": "SecuredContainer"
		},
		{
			"_id": "5dcb1df6171ac3579029b62d",
			"_tpl": "5d6e67fba4b9361bc73bc779",
			"parentId": "5dcb1df6171ac3579029b62c",
			"slotId": "main",
			"location": {
				"x": 0,
				"y": 0,
				"r": 0
			},
			"upd": {
				"StackObjectsCount": 20
			}
		},
		{
			"_id": "5dcb1df6171ac3579029b62e",
			"_tpl": "5d6e67fba4b9361bc73bc779",
			"parentId": "5dcb1df6171ac3579029b62c",
			"slotId": "main",
			"location": {
				"x": 1,
				"y": 0,
				"r": 0
			},
			"upd": {
				"StackObjectsCount": 20
			}
		},
		{
			"_id": "5dcb1df6171ac3579029b62f",
			"_tpl": "5d6e67fba4b9361bc73bc779",
			"parentId": "5dcb1df6171ac3579029b62c",
			"slotId": "main",
			"location": {
				"x": 2,
				"y": 0,
				"r": 0
			},
			"upd": {
				"StackObjectsCount": 20
			}
		},
		{
			"_id": "5dcb1df6171ac3579029b630",
			"_tpl": "5d6e67fba4b9361bc73bc779",
			"parentId": "5dcb1df6171ac3579029b62c",
			"slotId": "main",
			"location": {
				"x": 0,
				"y": 1,
				"r": 0
			},
			"upd": {
				"StackObjectsCount": 20
			}
		},
		{
			"_id": "5dcb1df6171ac3579029b631",
			"_tpl": "5d6e67fba4b9361bc73bc779",
			"parentId": "5dcb1df6171ac3579029b62c",
			"slotId": "main",
			"location": {
				"x": 1,
				"y": 1,
				"r": 0
			},
			"upd": {
				"StackObjectsCount": 20
			}
		},
		{
			"_id": "5dcb1df6171ac3579029b632",
			"_tpl": "5d6e67fba4b9361bc73bc779",
			"parentId": "5dcb1df6171ac3579029b62c",
			"slotId": "main",
			"location": {
				"x": 2,
				"y": 1,
				"r": 0
			},
			"upd": {
				"StackObjectsCount": 20
			}
		},
		{
			"_id": "5dcb1df6171ac3579029b633",
			"_tpl": "5d6e67fba4b9361bc73bc779",
			"parentId": "5dcb1df6171ac3579029b62c",
			"slotId": "main",
			"location": {
				"x": 0,
				"y": 2,
				"r": 0
			},
			"upd": {
				"StackObjectsCount": 20
			}
		},
		{
			"_id": "5dcb1df6171ac3579029b634",
			"_tpl": "5d6e67fba4b9361bc73bc779",
			"parentId": "5dcb1df6171ac3579029b62c",
			"slotId": "main",
			"location": {
				"x": 1,
				"y": 2,
				"r": 0
			},
			"upd": {
				"StackObjectsCount": 20
			}
		},
		{
			"_id": "5dcb1df6171ac3579029b635",
			"_tpl": "5d6e67fba4b9361bc73bc779",
			"parentId": "5dcb1df6171ac3579029b62c",
			"slotId": "main",
			"location": {
				"x": 2,
				"y": 2,
				"r": 0
			},
			"upd": {
				"StackObjectsCount": 20
			}
		},
		{
			"_id": "5dcb1df6171ac3579029b602",
			"_tpl": "566abbc34bdc2d92178b4576"
		},
		{
			"_id": "5dcb1df6171ac3579029b605",
			"_tpl": "5963866b86f7747bfa1c4462"
		},
		{
			"_id": "5dcb1df6171ac3579029b604",
			"_tpl": "5963866286f7747bf429b572"
		}
	],
	"equipment": "5dcb1df6171ac3579029b603",
	"stash": "5dcb1df6171ac3579029b602",
	"questRaidItems": "5dcb1df6171ac3579029b604",
	"questStashItems": "5dcb1df6171ac3579029b605",
	"fastPanel": {}
}