{
	"items": [
		{
			"_id": "5dcb1dc5fb81105cd85bff43",
			"_tpl": "55d7217a4bdc2d86028b456d"
		},
		{
			"_id": "5dcb1dc5fb81105cd85bff6a",
			"_tpl": "576165642459773c7a400233",
			"parentId": "5dcb1dc5fb81105cd85bff43",
			"slotId": "FirstPrimaryWeapon"
		},
		{
			"_id": "5dcb1dc5fb81105cd85bff6b",
			"_tpl": "576169e62459773c69055191",
			"parentId": "5dcb1dc5fb81105cd85bff6a",
			"slotId": "mod_handguard"
		},
		{
			"_id": "5dcb1dc5fb81105cd85bff6c",
			"_tpl": "5649ade84bdc2d1b2b8b4587",
			"parentId": "5dcb1dc5fb81105cd85bff6a",
			"slotId": "mod_pistol_grip"
		},
		{
			"_id": "5dcb1dc5fb81105cd85bff6d",
			"_tpl": "57616c112459773cce774d66",
			"parentId": "5dcb1dc5fb81105cd85bff6a",
			"slotId": "mod_reciever"
		},
		{
			"_id": "5dcb1dc5fb81105cd85bff6e",
			"_tpl": "57a9b9ce2459770ee926038d",
			"parentId": "5dcb1dc5fb81105cd85bff6a",
			"slotId": "mod_sight_rear"
		},
		{
			"_id": "5dcb1dc5fb81105cd85bff6f",
			"_tpl": "57616ca52459773c69055192",
			"parentId": "5dcb1dc5fb81105cd85bff6a",
			"slotId": "mod_stock"
		},
		{
			"_id": "5dcb1dc5fb81105cd85bff70",
			"_tpl": "57616a9e2459773c7a400234",
			"parentId": "5dcb1dc5fb81105cd85bff6a",
			"slotId": "mod_magazine"
		},
		{
			"_id": "5dcb1dc5fb81105cd85bff71",
			"_tpl": "5d6e6806a4b936088465b17e",
			"parentId": "5dcb1dc5fb81105cd85bff70",
			"slotId": "cartridges",
			"upd": {
				"StackObjectsCount": 5
			}
		},
		{
			"_id": "5dcb1dc5fb81105cd85bff72",
			"_tpl": "5d6e6806a4b936088465b17e",
			"parentId": "5dcb1dc5fb81105cd85bff6a",
			"slotId": "patron_in_weapon",
			"upd": {
				"StackObjectsCount": 1
			}
		},
		{
			"_id": "5dcb1dc5fb81105cd85bff73",
			"_tpl": "557ffd194bdc2d28148b457f",
			"parentId": "5dcb1dc5fb81105cd85bff43",
			"slotId": "Pockets"
		},
		{
			"_id": "5dcb1dc5fb81105cd85bff74",
			"_tpl": "59e7643b86f7742cbf2c109a",
			"parentId": "5dcb1dc5fb81105cd85bff43",
			"slotId": "TacticalVest"
		},
		{
			"_id": "5dcb1dc5fb81105cd85bff82",
			"_tpl": "57616a9e2459773c7a400234",
			"parentId": "5dcb1dc5fb81105cd85bff74",
			"slotId": "1",
			"location": {
				"x": 0,
				"y": 0,
				"r": 0
			}
		},
		{
			"_id": "5dcb1dc5fb81105cd85bff83",
			"_tpl": "5d6e6806a4b936088465b17e",
			"parentId": "5dcb1dc5fb81105cd85bff82",
			"slotId": "cartridges",
			"upd": {
				"StackObjectsCount": 5
			}
		},
		{
			"_id": "5dcb1dc5fb81105cd85bff84",
			"_tpl": "57616a9e2459773c7a400234",
			"parentId": "5dcb1dc5fb81105cd85bff74",
			"slotId": "1",
			"location": {
				"x": 1,
				"y": 0,
				"r": 0
			}
		},
		{
			"_id": "5dcb1dc5fb81105cd85bff85",
			"_tpl": "5d6e6806a4b936088465b17e",
			"parentId": "5dcb1dc5fb81105cd85bff84",
			"slotId": "cartridges",
			"upd": {
				"StackObjectsCount": 5
			}
		},
		{
			"_id": "5dcb1dc5fb81105cd85bff86",
			"_tpl": "57616a9e2459773c7a400234",
			"parentId": "5dcb1dc5fb81105cd85bff74",
			"slotId": "2",
			"location": {
				"x": 0,
				"y": 0,
				"r": 0
			}
		},
		{
			"_id": "5dcb1dc5fb81105cd85bff87",
			"_tpl": "5d6e6806a4b936088465b17e",
			"parentId": "5dcb1dc5fb81105cd85bff86",
			"slotId": "cartridges",
			"upd": {
				"StackObjectsCount": 5
			}
		},
		{
			"_id": "5dcb1dc5fb81105cd85bff75",
			"_tpl": "5ab8f20c86f7745cdb629fb2",
			"parentId": "5dcb1dc5fb81105cd85bff43",
			"slotId": "Headwear"
		},
		{
			"_id": "5dcb1dc5fb81105cd85bff76",
			"_tpl": "57e26ea924597715ca604a09",
			"parentId": "5dcb1dc5fb81105cd85bff43",
			"slotId": "Scabbard"
		},
		{
			"_id": "5dcb1dc5fb81105cd85bff77",
			"_tpl": "59e763f286f7742ee57895da",
			"parentId": "5dcb1dc5fb81105cd85bff43",
			"slotId": "Backpack"
		},
		{
			"_id": "5dcb1dc5fb81105cd85bff8c",
			"_tpl": "593aa4be86f77457f56379f8",
			"parentId": "5dcb1dc5fb81105cd85bff77",
			"slotId": "main",
			"location": {
				"x": 0,
				"y": 0,
				"r": 0
			}
		},
		{
			"_id": "5dcb1dc5fb81105cd85bff8d",
			"_tpl": "56742c284bdc2d98058b456d",
			"parentId": "5dcb1dc5fb81105cd85bff77",
			"slotId": "main",
			"location": {
				"x": 1,
				"y": 0,
				"r": 0
			}
		},
		{
			"_id": "5dcb1dc5fb81105cd85bff8e",
			"_tpl": "5938603e86f77435642354f4",
			"parentId": "5dcb1dc5fb81105cd85bff77",
			"slotId": "main",
			"location": {
				"x": 2,
				"y": 0,
				"r": 0
			}
		},
		{
			"_id": "5dcb1dc5fb81105cd85bff78",
			"_tpl": "5857a8bc2459772bad15db29",
			"parentId": "5dcb1dc5fb81105cd85bff43",
			"slotId": "SecuredContainer"
		},
		{
			"_id": "5dcb1dc5fb81105cd85bff79",
			"_tpl": "5d6e6806a4b936088465b17e",
			"parentId": "5dcb1dc5fb81105cd85bff78",
			"slotId": "main",
			"location": {
				"x": 0,
				"y": 0,
				"r": 0
			},
			"upd": {
				"StackObjectsCount": 20
			}
		},
		{
			"_id": "5dcb1dc5fb81105cd85bff7a",
			"_tpl": "5d6e6806a4b936088465b17e",
			"parentId": "5dcb1dc5fb81105cd85bff78",
			"slotId": "main",
			"location": {
				"x": 1,
				"y": 0,
				"r": 0
			},
			"upd": {
				"StackObjectsCount": 20
			}
		},
		{
			"_id": "5dcb1dc5fb81105cd85bff7b",
			"_tpl": "5d6e6806a4b936088465b17e",
			"parentId": "5dcb1dc5fb81105cd85bff78",
			"slotId": "main",
			"location": {
				"x": 2,
				"y": 0,
				"r": 0
			},
			"upd": {
				"StackObjectsCount": 20
			}
		},
		{
			"_id": "5dcb1dc5fb81105cd85bff7c",
			"_tpl": "5d6e6806a4b936088465b17e",
			"parentId": "5dcb1dc5fb81105cd85bff78",
			"slotId": "main",
			"location": {
				"x": 0,
				"y": 1,
				"r": 0
			},
			"upd": {
				"StackObjectsCount": 20
			}
		},
		{
			"_id": "5dcb1dc5fb81105cd85bff7d",
			"_tpl": "5d6e6806a4b936088465b17e",
			"parentId": "5dcb1dc5fb81105cd85bff78",
			"slotId": "main",
			"location": {
				"x": 1,
				"y": 1,
				"r": 0
			},
			"upd": {
				"StackObjectsCount": 20
			}
		},
		{
			"_id": "5dcb1dc5fb81105cd85bff7e",
			"_tpl": "5d6e6806a4b936088465b17e",
			"parentId": "5dcb1dc5fb81105cd85bff78",
			"slotId": "main",
			"location": {
				"x": 2,
				"y": 1,
				"r": 0
			},
			"upd": {
				"StackObjectsCount": 20
			}
		},
		{
			"_id": "5dcb1dc5fb81105cd85bff7f",
			"_tpl": "5d6e6806a4b936088465b17e",
			"parentId": "5dcb1dc5fb81105cd85bff78",
			"slotId": "main",
			"location": {
				"x": 0,
				"y": 2,
				"r": 0
			},
			"upd": {
				"StackObjectsCount": 20
			}
		},
		{
			"_id": "5dcb1dc5fb81105cd85bff80",
			"_tpl": "5d6e6806a4b936088465b17e",
			"parentId": "5dcb1dc5fb81105cd85bff78",
			"slotId": "main",
			"location": {
				"x": 1,
				"y": 2,
				"r": 0
			},
			"upd": {
				"StackObjectsCount": 20
			}
		},
		{
			"_id": "5dcb1dc5fb81105cd85bff81",
			"_tpl": "5d6e6806a4b936088465b17e",
			"parentId": "5dcb1dc5fb81105cd85bff78",
			"slotId": "main",
			"location": {
				"x": 2,
				"y": 2,
				"r": 0
			},
			"upd": {
				"StackObjectsCount": 20
			}
		},
		{
			"_id": "5dcb1dc5fb81105cd85bff42",
			"_tpl": "566abbc34bdc2d92178b4576"
		},
		{
			"_id": "5dcb1dc5fb81105cd85bff45",
			"_tpl": "5963866b86f7747bfa1c4462"
		},
		{
			"_id": "5dcb1dc5fb81105cd85bff44",
			"_tpl": "5963866286f7747bf429b572"
		}
	],
	"equipment": "5dcb1dc5fb81105cd85bff43",
	"stash": "5dcb1dc5fb81105cd85bff42",
	"questRaidItems": "5dcb1dc5fb81105cd85bff44",
	"questStashItems": "5dcb1dc5fb81105cd85bff45",
	"fastPanel": {}
}