{
	"items": [
		{
			"_id": "5dcb1df6171ac3579029b5c6",
			"_tpl": "55d7217a4bdc2d86028b456d"
		},
		{
			"_id": "5dcb1df6171ac3579029b5e4",
			"_tpl": "54491c4f4bdc2db1078b4568",
			"parentId": "5dcb1df6171ac3579029b5c6",
			"slotId": "FirstPrimaryWeapon"
		},
		{
			"_id": "5dcb1df6171ac3579029b5e5",
			"_tpl": "55d4491a4bdc2d882f8b456e",
			"parentId": "5dcb1df6171ac3579029b5e4",
			"slotId": "mod_barrel"
		},
		{
			"_id": "5dcb1df6171ac3579029b5e6",
			"_tpl": "55d45d3f4bdc2d972f8b456c",
			"parentId": "5dcb1df6171ac3579029b5e4",
			"slotId": "mod_handguard"
		},
		{
			"_id": "5dcb1df6171ac3579029b5e7",
			"_tpl": "56083a334bdc2dc8488b4571",
			"parentId": "5dcb1df6171ac3579029b5e4",
			"slotId": "mod_stock"
		},
		{
			"_id": "5dcb1df6171ac3579029b5e8",
			"_tpl": "55d48ebc4bdc2d8c2f8b456c",
			"parentId": "5dcb1df6171ac3579029b5e4",
			"slotId": "mod_mount_000"
		},
		{
			"_id": "5dcb1df6171ac3579029b5e9",
			"_tpl": "57d17e212459775a1179a0f5",
			"parentId": "5dcb1df6171ac3579029b5e8",
			"slotId": "mod_tactical_001"
		},
		{
			"_id": "5dcb1df6171ac3579029b5ea",
			"_tpl": "57d17c5e2459775a5c57d17d",
			"parentId": "5dcb1df6171ac3579029b5e9",
			"slotId": "mod_flashlight"
		},
		{
			"_id": "5dcb1df6171ac3579029b5eb",
			"_tpl": "55d484b44bdc2d1d4e8b456d",
			"parentId": "5dcb1df6171ac3579029b5e4",
			"slotId": "mod_magazine"
		},
		{
			"_id": "5dcb1df6171ac3579029b5ec",
			"_tpl": "560d5e524bdc2d25448b4571",
			"parentId": "5dcb1df6171ac3579029b5eb",
			"slotId": "cartridges",
			"upd": {
				"StackObjectsCount": 6
			}
		},
		{
			"_id": "5dcb1df6171ac3579029b5ed",
			"_tpl": "560d5e524bdc2d25448b4571",
			"parentId": "5dcb1df6171ac3579029b5e4",
			"slotId": "patron_in_weapon",
			"upd": {
				"StackObjectsCount": 1
			}
		},
		{
			"_id": "5dcb1df6171ac3579029b5ee",
			"_tpl": "557ffd194bdc2d28148b457f",
			"parentId": "5dcb1df6171ac3579029b5c6",
			"slotId": "Pockets"
		},
		{
			"_id": "5dcb1df6171ac3579029b5ff",
			"_tpl": "5751496424597720a27126da",
			"parentId": "5dcb1df6171ac3579029b5ee",
			"slotId": "pocket1",
			"location": {
				"x": 0,
				"y": 0,
				"r": 0
			},
			"upd": {
				"FoodDrink": {
					"HpPercent": 1
				}
			}
		},
		{
			"_id": "5dcb1df6171ac3579029b5ef",
			"_tpl": "572b7adb24597762ae139821",
			"parentId": "5dcb1df6171ac3579029b5c6",
			"slotId": "TacticalVest"
		},
		{
			"_id": "5dcb1df6171ac3579029b5fc",
			"_tpl": "560d5e524bdc2d25448b4571",
			"parentId": "5dcb1df6171ac3579029b5ef",
			"slotId": "1",
			"location": {
				"x": 0,
				"y": 0,
				"r": 0
			},
			"upd": {
				"StackObjectsCount": 11
			}
		},
		{
			"_id": "5dcb1df6171ac3579029b5fd",
			"_tpl": "560d5e524bdc2d25448b4571",
			"parentId": "5dcb1df6171ac3579029b5ef",
			"slotId": "2",
			"location": {
				"x": 0,
				"y": 0,
				"r": 0
			},
			"upd": {
				"StackObjectsCount": 8
			}
		},
		{
			"_id": "5dcb1df6171ac3579029b5f0",
			"_tpl": "59e770f986f7742cbe3164ef",
			"parentId": "5dcb1df6171ac3579029b5c6",
			"slotId": "Headwear"
		},
		{
			"_id": "5dcb1df6171ac3579029b5f1",
			"_tpl": "57e26fc7245977162a14b800",
			"parentId": "5dcb1df6171ac3579029b5c6",
			"slotId": "Scabbard"
		},
		{
			"_id": "5dcb1df6171ac3579029b5f2",
			"_tpl": "5857a8bc2459772bad15db29",
			"parentId": "5dcb1df6171ac3579029b5c6",
			"slotId": "SecuredContainer"
		},
		{
			"_id": "5dcb1df6171ac3579029b5f3",
			"_tpl": "560d5e524bdc2d25448b4571",
			"parentId": "5dcb1df6171ac3579029b5f2",
			"slotId": "main",
			"location": {
				"x": 0,
				"y": 0,
				"r": 0
			},
			"upd": {
				"StackObjectsCount": 20
			}
		},
		{
			"_id": "5dcb1df6171ac3579029b5f4",
			"_tpl": "560d5e524bdc2d25448b4571",
			"parentId": "5dcb1df6171ac3579029b5f2",
			"slotId": "main",
			"location": {
				"x": 1,
				"y": 0,
				"r": 0
			},
			"upd": {
				"StackObjectsCount": 20
			}
		},
		{
			"_id": "5dcb1df6171ac3579029b5f5",
			"_tpl": "560d5e524bdc2d25448b4571",
			"parentId": "5dcb1df6171ac3579029b5f2",
			"slotId": "main",
			"location": {
				"x": 2,
				"y": 0,
				"r": 0
			},
			"upd": {
				"StackObjectsCount": 20
			}
		},
		{
			"_id": "5dcb1df6171ac3579029b5f6",
			"_tpl": "560d5e524bdc2d25448b4571",
			"parentId": "5dcb1df6171ac3579029b5f2",
			"slotId": "main",
			"location": {
				"x": 0,
				"y": 1,
				"r": 0
			},
			"upd": {
				"StackObjectsCount": 20
			}
		},
		{
			"_id": "5dcb1df6171ac3579029b5f7",
			"_tpl": "560d5e524bdc2d25448b4571",
			"parentId": "5dcb1df6171ac3579029b5f2",
			"slotId": "main",
			"location": {
				"x": 1,
				"y": 1,
				"r": 0
			},
			"upd": {
				"StackObjectsCount": 20
			}
		},
		{
			"_id": "5dcb1df6171ac3579029b5f8",
			"_tpl": "560d5e524bdc2d25448b4571",
			"parentId": "5dcb1df6171ac3579029b5f2",
			"slotId": "main",
			"location": {
				"x": 2,
				"y": 1,
				"r": 0
			},
			"upd": {
				"StackObjectsCount": 20
			}
		},
		{
			"_id": "5dcb1df6171ac3579029b5f9",
			"_tpl": "560d5e524bdc2d25448b4571",
			"parentId": "5dcb1df6171ac3579029b5f2",
			"slotId": "main",
			"location": {
				"x": 0,
				"y": 2,
				"r": 0
			},
			"upd": {
				"StackObjectsCount": 20
			}
		},
		{
			"_id": "5dcb1df6171ac3579029b5fa",
			"_tpl": "560d5e524bdc2d25448b4571",
			"parentId": "5dcb1df6171ac3579029b5f2",
			"slotId": "main",
			"location": {
				"x": 1,
				"y": 2,
				"r": 0
			},
			"upd": {
				"StackObjectsCount": 20
			}
		},
		{
			"_id": "5dcb1df6171ac3579029b5fb",
			"_tpl": "560d5e524bdc2d25448b4571",
			"parentId": "5dcb1df6171ac3579029b5f2",
			"slotId": "main",
			"location": {
				"x": 2,
				"y": 2,
				"r": 0
			},
			"upd": {
				"StackObjectsCount": 20
			}
		},
		{
			"_id": "5dcb1df6171ac3579029b5c5",
			"_tpl": "566abbc34bdc2d92178b4576"
		},
		{
			"_id": "5dcb1df6171ac3579029b5c8",
			"_tpl": "5963866b86f7747bfa1c4462"
		},
		{
			"_id": "5dcb1df6171ac3579029b5c7",
			"_tpl": "5963866286f7747bf429b572"
		}
	],
	"equipment": "5dcb1df6171ac3579029b5c6",
	"stash": "5dcb1df6171ac3579029b5c5",
	"questRaidItems": "5dcb1df6171ac3579029b5c7",
	"questStashItems": "5dcb1df6171ac3579029b5c8",
	"fastPanel": {}
}