{
	"items": [
		{
			"_id": "5c6687d65e9d882c8841f0fd",
			"_tpl": "55d7217a4bdc2d86028b456d"
		},
		{
			"_id": "5c6687d65e9d882c8841f121",
			"_tpl": "557ffd194bdc2d28148b457f",
			"parentId": "5c6687d65e9d882c8841f0fd",
			"slotId": "Pockets"
		},
		{
			"_id": "5c6687d65e9d882c8841f0fc",
			"_tpl": "566abbc34bdc2d92178b4576"
		},
		{
			"_id": "5c6687d65e9d882c8841f0ff",
			"_tpl": "5963866b86f7747bfa1c4462"
		},
		{
			"_id": "5c6687d65e9d882c8841f0fe",
			"_tpl": "5963866286f7747bf429b572"
		},
		{
			"_id": "TacticalVest710382",
			"_tpl": "5648a69d4bdc2ded0b8b457b",
			"parentId": "5c6687d65e9d882c8841f0fd",
			"slotId": "TacticalVest"
		},
		{
			"_id": "I2101051107436183wcFmPWV",
			"_tpl": "59e6687d86f77411d949b251",
			"parentId": "5c6687d65e9d882c8841f0fd",
			"slotId": "FirstPrimaryWeapon"
		},
		{
			"_id": "I21010528013449756ssXEu6",
			"_tpl": "59e649f986f77411d949b246",
			"parentId": "I2101051107436183wcFmPWV",
			"slotId": "mod_gas_block"
		},
		{
			"_id": "I2101055643479719Mo6r1pU",
			"_tpl": "59e8a00d86f7742ad93b569c",
			"parentId": "I2101051107436183wcFmPWV",
			"slotId": "mod_muzzle"
		},
		{
			"_id": "I2101056404667664E3FteQB",
			"_tpl": "59e6318286f77444dd62c4cc",
			"parentId": "I2101051107436183wcFmPWV",
			"slotId": "mod_pistol_grip"
		},
		{
			"_id": "I2101059562075407NehXpGx",
			"_tpl": "59e8977386f77415a553c453",
			"parentId": "I2101051107436183wcFmPWV",
			"slotId": "mod_sight_rear",
			"upd": {
				"Sight": {
					"SelectedSightMode": 0
				}
			}
		},
		{
			"_id": "MagazineWeaponScav7375",
			"_tpl": "59e5d83b86f7745aed03d262",
			"parentId": "I2101051107436183wcFmPWV",
			"slotId": "mod_magazine"
		},
		{
			"_id": "AmmoMag13524",
			"_tpl": "59e655cb86f77411dc52a77b",
			"parentId": "MagazineWeaponScav7375",
			"slotId": "cartridges",
			"upd": {
				"StackObjectsCount": 10
			}
		},
		{
			"_id": "I2101051710140599GSS3XJt",
			"_tpl": "59e898ee86f77427614bd225",
			"parentId": "I21010528013449756ssXEu6",
			"slotId": "mod_handguard"
		},
		{
			"_id": "mag1Vest515934",
			"_tpl": "59e5d83b86f7745aed03d262",
			"parentId": "TacticalVest710382",
			"slotId": "2",
			"location": {
				"x": 0,
				"y": 1,
				"r": "Horizontal"
			}
		},
		{
			"_id": "AmmoMag1Vest456809",
			"_tpl": "59e6542b86f77411dc52a77a",
			"parentId": "mag1Vest515934",
			"slotId": "cartridges",
			"upd": {
				"StackObjectsCount": 10
			}
		},
		{
			"_id": "mag2Vest970777",
			"_tpl": "59e5d83b86f7745aed03d262",
			"parentId": "TacticalVest710382",
			"slotId": "4",
			"location": {
				"x": 0,
				"y": 0,
				"r": "Horizontal"
			}
		},
		{
			"_id": "AmmoMag2Vest785712",
			"_tpl": "59e655cb86f77411dc52a77b",
			"parentId": "mag2Vest970777",
			"slotId": "cartridges",
			"upd": {
				"StackObjectsCount": 10
			}
		},
		{
			"_id": "mag2Vest110917",
			"_tpl": "59e5d83b86f7745aed03d262",
			"parentId": "TacticalVest710382",
			"slotId": "4",
			"location": {
				"x": 0,
				"y": 1,
				"r": "Horizontal"
			}
		},
		{
			"_id": "AmmoMag2Vest374513",
			"_tpl": "59e6658b86f77411d949b250",
			"parentId": "mag2Vest110917",
			"slotId": "cartridges",
			"upd": {
				"StackObjectsCount": 10
			}
		},
		{
			"_id": "mag3Vest332564",
			"_tpl": "59e5d83b86f7745aed03d262",
			"parentId": "TacticalVest710382",
			"slotId": "11",
			"location": {
				"x": 0,
				"y": 0,
				"r": "Horizontal"
			}
		},
		{
			"_id": "AmmoMag3Vest107177",
			"_tpl": "59e6658b86f77411d949b250",
			"parentId": "mag3Vest332564",
			"slotId": "cartridges",
			"upd": {
				"StackObjectsCount": 10
			}
		},
		{
			"_id": "StackAmmo55526383594",
			"_tpl": "59e6658b86f77411d949b250",
			"parentId": "TacticalVest710382",
			"slotId": "8",
			"upd": {
				"StackObjectsCount": 47
			}
		},
		{
			"_id": "Scabbard669934",
			"_tpl": "54491bb74bdc2d09088b4567",
			"parentId": "5c6687d65e9d882c8841f0fd",
			"slotId": "Scabbard"
		},
		{
			"_id": "Eyewear351336",
			"_tpl": "59e770b986f7742cbd762754",
			"parentId": "5c6687d65e9d882c8841f0fd",
			"slotId": "Eyewear"
		},
		{
			"_id": "FaceCover49110",
			"_tpl": "5bd06f5d86f77427101ad47c",
			"parentId": "5c6687d65e9d882c8841f0fd",
			"slotId": "FaceCover"
		},
		{
			"_id": "Backpack851668",
			"_tpl": "56e33634d2720bd8058b456b",
			"parentId": "5c6687d65e9d882c8841f0fd",
			"slotId": "Backpack"
		}
	],
	"equipment": "5c6687d65e9d882c8841f0fd",
	"stash": "5c6687d65e9d882c8841f0fc",
	"questRaidItems": "5c6687d65e9d882c8841f0fe",
	"questStashItems": "5c6687d65e9d882c8841f0ff",
	"fastPanel": {}
}