{
	"items": [
		{
			"_id": "5c6687d65e9d882c8841f0fd",
			"_tpl": "55d7217a4bdc2d86028b456d"
		},
		{
			"_id": "5c6687d65e9d882c8841f121",
			"_tpl": "557ffd194bdc2d28148b457f",
			"parentId": "5c6687d65e9d882c8841f0fd",
			"slotId": "Pockets"
		},
		{
			"_id": "5c6687d65e9d882c8841f0fc",
			"_tpl": "566abbc34bdc2d92178b4576"
		},
		{
			"_id": "5c6687d65e9d882c8841f0ff",
			"_tpl": "5963866b86f7747bfa1c4462"
		},
		{
			"_id": "5c6687d65e9d882c8841f0fe",
			"_tpl": "5963866286f7747bf429b572"
		},
		{
			"_id": "TacticalVest459314",
			"_tpl": "5929a2a086f7744f4b234d43",
			"parentId": "5c6687d65e9d882c8841f0fd",
			"slotId": "TacticalVest"
		},
		{
			"_id": "I21320920636741808852tD2",
			"_tpl": "5c07c60e0db834002330051f",
			"parentId": "5c6687d65e9d882c8841f0fd",
			"slotId": "FirstPrimaryWeapon"
		},
		{
			"_id": "I213209207122471973WkFnD",
			"_tpl": "5c0e2ff6d174af02a1659d4a",
			"parentId": "I21320920636741808852tD2",
			"slotId": "mod_pistol_grip"
		},
		{
			"_id": "I213209209863401879PNIJZ",
			"_tpl": "5c0e2f26d174af02a9625114",
			"parentId": "I21320920636741808852tD2",
			"slotId": "mod_reciever"
		},
		{
			"_id": "I213209201860495926TeVe3",
			"_tpl": "5649be884bdc2d79388b4577",
			"parentId": "I21320920636741808852tD2",
			"slotId": "mod_stock"
		},
		{
			"_id": "I213209202185334406vET3j",
			"_tpl": "5c0faf68d174af02a96260b8",
			"parentId": "I21320920636741808852tD2",
			"slotId": "mod_charge"
		},
		{
			"_id": "I213209202851743737k58QR",
			"_tpl": "584984812459776a704a82a6",
			"parentId": "I213209209863401879PNIJZ",
			"slotId": "mod_scope",
			"upd": {
				"Sight": {
					"SelectedSightMode": 0
				}
			}
		},
		{
			"_id": "I213209206193574857H82J0",
			"_tpl": "5c0e2f94d174af029f650d56",
			"parentId": "I213209209863401879PNIJZ",
			"slotId": "mod_barrel"
		},
		{
			"_id": "I213209207695800390xs3iP",
			"_tpl": "5c0e2f5cd174af02a012cfc9",
			"parentId": "I213209209863401879PNIJZ",
			"slotId": "mod_handguard"
		},
		{
			"_id": "I213209209336921840j7tRL",
			"_tpl": "5c0fafb6d174af02a96260ba",
			"parentId": "I213209206193574857H82J0",
			"slotId": "mod_muzzle"
		},
		{
			"_id": "I213209208744200084huUT5",
			"_tpl": "5ae30e795acfc408fb139a0b",
			"parentId": "I213209206193574857H82J0",
			"slotId": "mod_gas_block"
		},
		{
			"_id": "I210016569131659520n9LxH",
			"_tpl": "576a581d2459771e7b1bc4f1",
			"parentId": "5c6687d65e9d882c8841f0fd",
			"slotId": "Holster"
		},
		{
			"_id": "AmmoMag127353",
			"_tpl": "58864a4f2459770fcc257101",
			"parentId": "I2100165644840754536SMMb",
			"slotId": "cartridges",
			"upd": {
				"StackObjectsCount": 18
			}
		},
		{
			"_id": "I2100165644840754536SMMb",
			"_tpl": "576a5ed62459771e9c2096cb",
			"parentId": "I210016569131659520n9LxH",
			"slotId": "mod_magazine"
		},
		{
			"_id": "I210016562931727377Quekg",
			"_tpl": "576a63cd2459771e796e0e11",
			"parentId": "I210016569131659520n9LxH",
			"slotId": "mod_pistol_grip"
		},
		{
			"_id": "mag0Vest104953",
			"_tpl": "5c6d42cb2e2216000e69d7d1",
			"parentId": "TacticalVest459314",
			"slotId": "3",
			"location": {
				"x": 0,
				"y": 0,
				"r": "Horizontal"
			}
		},
		{
			"_id": "AmmoMag0Vest930594",
			"_tpl": "54527a984bdc2d4e668b4567",
			"parentId": "mag0Vest104953",
			"slotId": "cartridges",
			"upd": {
				"StackObjectsCount": 30
			}
		},
		{
			"_id": "mag1Vest775454",
			"_tpl": "5c6d42cb2e2216000e69d7d1",
			"parentId": "TacticalVest459314",
			"slotId": "5",
			"location": {
				"x": 0,
				"y": 0,
				"r": "Horizontal"
			}
		},
		{
			"_id": "AmmoMag1Vest295260",
			"_tpl": "59e6906286f7746c9f75e847",
			"parentId": "mag1Vest775454",
			"slotId": "cartridges",
			"upd": {
				"StackObjectsCount": 30
			}
		},
		{
			"_id": "magP0Vest12014",
			"_tpl": "576a5ed62459771e9c2096cb",
			"parentId": "TacticalVest459314",
			"slotId": "4",
			"location": {
				"x": 0,
				"y": 0,
				"r": "Horizontal"
			}
		},
		{
			"_id": "AmmoMagPVest729686",
			"_tpl": "58864a4f2459770fcc257101",
			"parentId": "magP0Vest12014",
			"slotId": "cartridges",
			"upd": {
				"StackObjectsCount": 18
			}
		},
		{
			"_id": "magP0Vest79479",
			"_tpl": "576a5ed62459771e9c2096cb",
			"parentId": "TacticalVest459314",
			"slotId": "4",
			"location": {
				"x": 0,
				"y": 1,
				"r": "Horizontal"
			}
		},
		{
			"_id": "AmmoMagPVest501950",
			"_tpl": "56d59d3ad2720bdb418b4577",
			"parentId": "magP0Vest79479",
			"slotId": "cartridges",
			"upd": {
				"StackObjectsCount": 18
			}
		},
		{
			"_id": "Scabbard426710",
			"_tpl": "54491bb74bdc2d09088b4567",
			"parentId": "5c6687d65e9d882c8841f0fd",
			"slotId": "Scabbard"
		},
		{
			"_id": "FaceCover246682",
			"_tpl": "5bd0716d86f774171822ef4b",
			"parentId": "5c6687d65e9d882c8841f0fd",
			"slotId": "FaceCover"
		},
		{
			"_id": "Backpack814968",
			"_tpl": "56e33680d2720be2748b4576",
			"parentId": "5c6687d65e9d882c8841f0fd",
			"slotId": "Backpack"
		},
		{
			"_id": "ArmorVest853274",
			"_tpl": "5c0e5edb86f77461f55ed1f7",
			"parentId": "5c6687d65e9d882c8841f0fd",
			"slotId": "ArmorVest",
			"upd": {
				"Repairable": {
					"MaxDurability": 50,
					"Durability": 14
				}
			}
		}
	],
	"equipment": "5c6687d65e9d882c8841f0fd",
	"stash": "5c6687d65e9d882c8841f0fc",
	"questRaidItems": "5c6687d65e9d882c8841f0fe",
	"questStashItems": "5c6687d65e9d882c8841f0ff",
	"fastPanel": {}
}