{
	"items": [
		{
			"_id": "5dcb1de5d7ed5e035c43891a",
			"_tpl": "55d7217a4bdc2d86028b456d"
		},
		{
			"_id": "5dcb1de5d7ed5e035c43893a",
			"_tpl": "54491c4f4bdc2db1078b4568",
			"parentId": "5dcb1de5d7ed5e035c43891a",
			"slotId": "FirstPrimaryWeapon"
		},
		{
			"_id": "5dcb1de5d7ed5e035c43893b",
			"_tpl": "55d4491a4bdc2d882f8b456e",
			"parentId": "5dcb1de5d7ed5e035c43893a",
			"slotId": "mod_barrel"
		},
		{
			"_id": "5dcb1de5d7ed5e035c43893c",
			"_tpl": "55d45d3f4bdc2d972f8b456c",
			"parentId": "5dcb1de5d7ed5e035c43893a",
			"slotId": "mod_handguard"
		},
		{
			"_id": "5dcb1de5d7ed5e035c43893d",
			"_tpl": "56083be64bdc2d20478b456f",
			"parentId": "5dcb1de5d7ed5e035c43893a",
			"slotId": "mod_stock"
		},
		{
			"_id": "5dcb1de5d7ed5e035c43893e",
			"_tpl": "55d484b44bdc2d1d4e8b456d",
			"parentId": "5dcb1de5d7ed5e035c43893a",
			"slotId": "mod_magazine"
		},
		{
			"_id": "5dcb1de5d7ed5e035c43893f",
			"_tpl": "560d5e524bdc2d25448b4571",
			"parentId": "5dcb1de5d7ed5e035c43893e",
			"slotId": "cartridges",
			"upd": {
				"StackObjectsCount": 6
			}
		},
		{
			"_id": "5dcb1de5d7ed5e035c438940",
			"_tpl": "560d5e524bdc2d25448b4571",
			"parentId": "5dcb1de5d7ed5e035c43893a",
			"slotId": "patron_in_weapon",
			"upd": {
				"StackObjectsCount": 1
			}
		},
		{
			"_id": "5dcb1de5d7ed5e035c438941",
			"_tpl": "557ffd194bdc2d28148b457f",
			"parentId": "5dcb1de5d7ed5e035c43891a",
			"slotId": "Pockets"
		},
		{
			"_id": "5dcb1de5d7ed5e035c438942",
			"_tpl": "5ab8dab586f77441cd04f2a2",
			"parentId": "5dcb1de5d7ed5e035c43891a",
			"slotId": "TacticalVest"
		},
		{
			"_id": "5dcb1de5d7ed5e035c438952",
			"_tpl": "560d5e524bdc2d25448b4571",
			"parentId": "5dcb1de5d7ed5e035c438942",
			"slotId": "1",
			"location": {
				"x": 0,
				"y": 0,
				"r": 0
			},
			"upd": {
				"StackObjectsCount": 19
			}
		},
		{
			"_id": "5dcb1de5d7ed5e035c438953",
			"_tpl": "560d5e524bdc2d25448b4571",
			"parentId": "5dcb1de5d7ed5e035c438942",
			"slotId": "1",
			"location": {
				"x": 0,
				"y": 1,
				"r": 0
			},
			"upd": {
				"StackObjectsCount": 7
			}
		},
		{
			"_id": "5dcb1de5d7ed5e035c438954",
			"_tpl": "560d5e524bdc2d25448b4571",
			"parentId": "5dcb1de5d7ed5e035c438942",
			"slotId": "2",
			"location": {
				"x": 0,
				"y": 0,
				"r": 0
			},
			"upd": {
				"StackObjectsCount": 18
			}
		},
		{
			"_id": "5dcb1de5d7ed5e035c438943",
			"_tpl": "572b7f1624597762ae139822",
			"parentId": "5dcb1de5d7ed5e035c43891a",
			"slotId": "FaceCover"
		},
		{
			"_id": "5dcb1de5d7ed5e035c438944",
			"_tpl": "59e7711e86f7746cae05fbe1",
			"parentId": "5dcb1de5d7ed5e035c43891a",
			"slotId": "Headwear",
			"upd": {
				"Repairable": {
					"Durability": 9
				}
			}
		},
		{
			"_id": "5dcb1de5d7ed5e035c438945",
			"_tpl": "5ac4c50d5acfc40019262e87",
			"parentId": "5dcb1de5d7ed5e035c438944",
			"slotId": "mod_equipment",
			"upd": {
				"Repairable": {
					"Durability": 18
				}
			}
		},
		{
			"_id": "5dcb1de5d7ed5e035c438946",
			"_tpl": "57e26fc7245977162a14b800",
			"parentId": "5dcb1de5d7ed5e035c43891a",
			"slotId": "Scabbard"
		},
		{
			"_id": "5dcb1de5d7ed5e035c438947",
			"_tpl": "56e33680d2720be2748b4576",
			"parentId": "5dcb1de5d7ed5e035c43891a",
			"slotId": "Backpack"
		},
		{
			"_id": "5dcb1de5d7ed5e035c438956",
			"_tpl": "59e3577886f774176a362503",
			"parentId": "5dcb1de5d7ed5e035c438947",
			"slotId": "main",
			"location": {
				"x": 0,
				"y": 0,
				"r": 0
			},
			"upd": {
				"FoodDrink": {
					"HpPercent": 63
				}
			}
		},
		{
			"_id": "5dcb1de5d7ed5e035c438957",
			"_tpl": "590c695186f7741e566b64a2",
			"parentId": "5dcb1de5d7ed5e035c438947",
			"slotId": "main",
			"location": {
				"x": 1,
				"y": 0,
				"r": 0
			}
		},
		{
			"_id": "5dcb1de5d7ed5e035c438958",
			"_tpl": "5c0e530286f7747fa1419862",
			"parentId": "5dcb1de5d7ed5e035c438947",
			"slotId": "main",
			"location": {
				"x": 2,
				"y": 0,
				"r": 0
			}
		},
		{
			"_id": "5dcb1de5d7ed5e035c438948",
			"_tpl": "5857a8bc2459772bad15db29",
			"parentId": "5dcb1de5d7ed5e035c43891a",
			"slotId": "SecuredContainer"
		},
		{
			"_id": "5dcb1de5d7ed5e035c438949",
			"_tpl": "560d5e524bdc2d25448b4571",
			"parentId": "5dcb1de5d7ed5e035c438948",
			"slotId": "main",
			"location": {
				"x": 0,
				"y": 0,
				"r": 0
			},
			"upd": {
				"StackObjectsCount": 20
			}
		},
		{
			"_id": "5dcb1de5d7ed5e035c43894a",
			"_tpl": "560d5e524bdc2d25448b4571",
			"parentId": "5dcb1de5d7ed5e035c438948",
			"slotId": "main",
			"location": {
				"x": 1,
				"y": 0,
				"r": 0
			},
			"upd": {
				"StackObjectsCount": 20
			}
		},
		{
			"_id": "5dcb1de5d7ed5e035c43894b",
			"_tpl": "560d5e524bdc2d25448b4571",
			"parentId": "5dcb1de5d7ed5e035c438948",
			"slotId": "main",
			"location": {
				"x": 2,
				"y": 0,
				"r": 0
			},
			"upd": {
				"StackObjectsCount": 20
			}
		},
		{
			"_id": "5dcb1de5d7ed5e035c43894c",
			"_tpl": "560d5e524bdc2d25448b4571",
			"parentId": "5dcb1de5d7ed5e035c438948",
			"slotId": "main",
			"location": {
				"x": 0,
				"y": 1,
				"r": 0
			},
			"upd": {
				"StackObjectsCount": 20
			}
		},
		{
			"_id": "5dcb1de5d7ed5e035c43894d",
			"_tpl": "560d5e524bdc2d25448b4571",
			"parentId": "5dcb1de5d7ed5e035c438948",
			"slotId": "main",
			"location": {
				"x": 1,
				"y": 1,
				"r": 0
			},
			"upd": {
				"StackObjectsCount": 20
			}
		},
		{
			"_id": "5dcb1de5d7ed5e035c43894e",
			"_tpl": "560d5e524bdc2d25448b4571",
			"parentId": "5dcb1de5d7ed5e035c438948",
			"slotId": "main",
			"location": {
				"x": 2,
				"y": 1,
				"r": 0
			},
			"upd": {
				"StackObjectsCount": 20
			}
		},
		{
			"_id": "5dcb1de5d7ed5e035c43894f",
			"_tpl": "560d5e524bdc2d25448b4571",
			"parentId": "5dcb1de5d7ed5e035c438948",
			"slotId": "main",
			"location": {
				"x": 0,
				"y": 2,
				"r": 0
			},
			"upd": {
				"StackObjectsCount": 20
			}
		},
		{
			"_id": "5dcb1de5d7ed5e035c438950",
			"_tpl": "560d5e524bdc2d25448b4571",
			"parentId": "5dcb1de5d7ed5e035c438948",
			"slotId": "main",
			"location": {
				"x": 1,
				"y": 2,
				"r": 0
			},
			"upd": {
				"StackObjectsCount": 20
			}
		},
		{
			"_id": "5dcb1de5d7ed5e035c438951",
			"_tpl": "560d5e524bdc2d25448b4571",
			"parentId": "5dcb1de5d7ed5e035c438948",
			"slotId": "main",
			"location": {
				"x": 2,
				"y": 2,
				"r": 0
			},
			"upd": {
				"StackObjectsCount": 20
			}
		},
		{
			"_id": "5dcb1de5d7ed5e035c438919",
			"_tpl": "566abbc34bdc2d92178b4576"
		},
		{
			"_id": "5dcb1de5d7ed5e035c43891c",
			"_tpl": "5963866b86f7747bfa1c4462"
		},
		{
			"_id": "5dcb1de5d7ed5e035c43891b",
			"_tpl": "5963866286f7747bf429b572"
		}
	],
	"equipment": "5dcb1de5d7ed5e035c43891a",
	"stash": "5dcb1de5d7ed5e035c438919",
	"questRaidItems": "5dcb1de5d7ed5e035c43891b",
	"questStashItems": "5dcb1de5d7ed5e035c43891c",
	"fastPanel": {}
}