{
	"items": [
		{
			"_id": "5dcb1df6171ac3579029b4c2",
			"_tpl": "55d7217a4bdc2d86028b456d"
		},
		{
			"_id": "5dcb1df6171ac3579029b4de",
			"_tpl": "5448bd6b4bdc2dfc2f8b4569",
			"parentId": "5dcb1df6171ac3579029b4c2",
			"slotId": "Holster"
		},
		{
			"_id": "5dcb1df6171ac3579029b4df",
			"_tpl": "5448c12b4bdc2d02308b456f",
			"parentId": "5dcb1df6171ac3579029b4de",
			"slotId": "mod_magazine"
		},
		{
			"_id": "5dcb1df6171ac3579029b4e0",
			"_tpl": "573719762459775a626ccbc1",
			"parentId": "5dcb1df6171ac3579029b4df",
			"slotId": "cartridges",
			"upd": {
				"StackObjectsCount": 8
			}
		},
		{
			"_id": "5dcb1df6171ac3579029b4e1",
			"_tpl": "573719762459775a626ccbc1",
			"parentId": "5dcb1df6171ac3579029b4de",
			"slotId": "patron_in_weapon",
			"upd": {
				"StackObjectsCount": 1
			}
		},
		{
			"_id": "5dcb1df6171ac3579029b4e2",
			"_tpl": "557ffd194bdc2d28148b457f",
			"parentId": "5dcb1df6171ac3579029b4c2",
			"slotId": "Pockets"
		},
		{
			"_id": "5dcb1df6171ac3579029b4f8",
			"_tpl": "5751496424597720a27126da",
			"parentId": "5dcb1df6171ac3579029b4e2",
			"slotId": "pocket1",
			"location": {
				"x": 0,
				"y": 0,
				"r": 0
			},
			"upd": {
				"FoodDrink": {
					"HpPercent": 1
				}
			}
		},
		{
			"_id": "5dcb1df6171ac3579029b4e3",
			"_tpl": "572b7adb24597762ae139821",
			"parentId": "5dcb1df6171ac3579029b4c2",
			"slotId": "TacticalVest"
		},
		{
			"_id": "5dcb1df6171ac3579029b4f2",
			"_tpl": "5448c12b4bdc2d02308b456f",
			"parentId": "5dcb1df6171ac3579029b4e3",
			"slotId": "1",
			"location": {
				"x": 0,
				"y": 0,
				"r": 0
			}
		},
		{
			"_id": "5dcb1df6171ac3579029b4f3",
			"_tpl": "573719762459775a626ccbc1",
			"parentId": "5dcb1df6171ac3579029b4f2",
			"slotId": "cartridges",
			"upd": {
				"StackObjectsCount": 8
			}
		},
		{
			"_id": "5dcb1df6171ac3579029b4f4",
			"_tpl": "5448c12b4bdc2d02308b456f",
			"parentId": "5dcb1df6171ac3579029b4e3",
			"slotId": "2",
			"location": {
				"x": 0,
				"y": 0,
				"r": 0
			}
		},
		{
			"_id": "5dcb1df6171ac3579029b4f5",
			"_tpl": "573719762459775a626ccbc1",
			"parentId": "5dcb1df6171ac3579029b4f4",
			"slotId": "cartridges",
			"upd": {
				"StackObjectsCount": 8
			}
		},
		{
			"_id": "5dcb1df6171ac3579029b4e4",
			"_tpl": "557ff21e4bdc2d89578b4586",
			"parentId": "5dcb1df6171ac3579029b4c2",
			"slotId": "Eyewear"
		},
		{
			"_id": "5dcb1df6171ac3579029b4e5",
			"_tpl": "59e7715586f7742ee5789605",
			"parentId": "5dcb1df6171ac3579029b4c2",
			"slotId": "FaceCover"
		},
		{
			"_id": "5dcb1df6171ac3579029b4e6",
			"_tpl": "572b7fa124597762b472f9d2",
			"parentId": "5dcb1df6171ac3579029b4c2",
			"slotId": "Headwear"
		},
		{
			"_id": "5dcb1df6171ac3579029b4e7",
			"_tpl": "57e26fc7245977162a14b800",
			"parentId": "5dcb1df6171ac3579029b4c2",
			"slotId": "Scabbard"
		},
		{
			"_id": "5dcb1df6171ac3579029b4e8",
			"_tpl": "5857a8bc2459772bad15db29",
			"parentId": "5dcb1df6171ac3579029b4c2",
			"slotId": "SecuredContainer"
		},
		{
			"_id": "5dcb1df6171ac3579029b4e9",
			"_tpl": "573719762459775a626ccbc1",
			"parentId": "5dcb1df6171ac3579029b4e8",
			"slotId": "main",
			"location": {
				"x": 0,
				"y": 0,
				"r": 0
			},
			"upd": {
				"StackObjectsCount": 50
			}
		},
		{
			"_id": "5dcb1df6171ac3579029b4ea",
			"_tpl": "573719762459775a626ccbc1",
			"parentId": "5dcb1df6171ac3579029b4e8",
			"slotId": "main",
			"location": {
				"x": 1,
				"y": 0,
				"r": 0
			},
			"upd": {
				"StackObjectsCount": 50
			}
		},
		{
			"_id": "5dcb1df6171ac3579029b4eb",
			"_tpl": "573719762459775a626ccbc1",
			"parentId": "5dcb1df6171ac3579029b4e8",
			"slotId": "main",
			"location": {
				"x": 2,
				"y": 0,
				"r": 0
			},
			"upd": {
				"StackObjectsCount": 50
			}
		},
		{
			"_id": "5dcb1df6171ac3579029b4ec",
			"_tpl": "573719762459775a626ccbc1",
			"parentId": "5dcb1df6171ac3579029b4e8",
			"slotId": "main",
			"location": {
				"x": 0,
				"y": 1,
				"r": 0
			},
			"upd": {
				"StackObjectsCount": 50
			}
		},
		{
			"_id": "5dcb1df6171ac3579029b4ed",
			"_tpl": "573719762459775a626ccbc1",
			"parentId": "5dcb1df6171ac3579029b4e8",
			"slotId": "main",
			"location": {
				"x": 1,
				"y": 1,
				"r": 0
			},
			"upd": {
				"StackObjectsCount": 50
			}
		},
		{
			"_id": "5dcb1df6171ac3579029b4ee",
			"_tpl": "573719762459775a626ccbc1",
			"parentId": "5dcb1df6171ac3579029b4e8",
			"slotId": "main",
			"location": {
				"x": 2,
				"y": 1,
				"r": 0
			},
			"upd": {
				"StackObjectsCount": 50
			}
		},
		{
			"_id": "5dcb1df6171ac3579029b4ef",
			"_tpl": "573719762459775a626ccbc1",
			"parentId": "5dcb1df6171ac3579029b4e8",
			"slotId": "main",
			"location": {
				"x": 0,
				"y": 2,
				"r": 0
			},
			"upd": {
				"StackObjectsCount": 50
			}
		},
		{
			"_id": "5dcb1df6171ac3579029b4f0",
			"_tpl": "573719762459775a626ccbc1",
			"parentId": "5dcb1df6171ac3579029b4e8",
			"slotId": "main",
			"location": {
				"x": 1,
				"y": 2,
				"r": 0
			},
			"upd": {
				"StackObjectsCount": 50
			}
		},
		{
			"_id": "5dcb1df6171ac3579029b4f1",
			"_tpl": "573719762459775a626ccbc1",
			"parentId": "5dcb1df6171ac3579029b4e8",
			"slotId": "main",
			"location": {
				"x": 2,
				"y": 2,
				"r": 0
			},
			"upd": {
				"StackObjectsCount": 50
			}
		},
		{
			"_id": "5dcb1df6171ac3579029b4c1",
			"_tpl": "566abbc34bdc2d92178b4576"
		},
		{
			"_id": "5dcb1df6171ac3579029b4c4",
			"_tpl": "5963866b86f7747bfa1c4462"
		},
		{
			"_id": "5dcb1df6171ac3579029b4c3",
			"_tpl": "5963866286f7747bf429b572"
		}
	],
	"equipment": "5dcb1df6171ac3579029b4c2",
	"stash": "5dcb1df6171ac3579029b4c1",
	"questRaidItems": "5dcb1df6171ac3579029b4c3",
	"questStashItems": "5dcb1df6171ac3579029b4c4",
	"fastPanel": {}
}