{
	"items": [
		{
			"_id": "5dcb1dc4fb81105cd85bf53d",
			"_tpl": "55d7217a4bdc2d86028b456d"
		},
		{
			"_id": "5dcb1dc4fb81105cd85bf55c",
			"_tpl": "54491c4f4bdc2db1078b4568",
			"parentId": "5dcb1dc4fb81105cd85bf53d",
			"slotId": "FirstPrimaryWeapon"
		},
		{
			"_id": "5dcb1dc4fb81105cd85bf55d",
			"_tpl": "55d4491a4bdc2d882f8b456e",
			"parentId": "5dcb1dc4fb81105cd85bf55c",
			"slotId": "mod_barrel"
		},
		{
			"_id": "5dcb1dc4fb81105cd85bf55e",
			"_tpl": "55d45d3f4bdc2d972f8b456c",
			"parentId": "5dcb1dc4fb81105cd85bf55c",
			"slotId": "mod_handguard"
		},
		{
			"_id": "5dcb1dc4fb81105cd85bf55f",
			"_tpl": "56083be64bdc2d20478b456f",
			"parentId": "5dcb1dc4fb81105cd85bf55c",
			"slotId": "mod_stock"
		},
		{
			"_id": "5dcb1dc4fb81105cd85bf560",
			"_tpl": "55d48ebc4bdc2d8c2f8b456c",
			"parentId": "5dcb1dc4fb81105cd85bf55c",
			"slotId": "mod_mount_000"
		},
		{
			"_id": "5dcb1dc4fb81105cd85bf561",
			"_tpl": "56def37dd2720bec348b456a",
			"parentId": "5dcb1dc4fb81105cd85bf560",
			"slotId": "mod_tactical_001"
		},
		{
			"_id": "5dcb1dc4fb81105cd85bf562",
			"_tpl": "55d484b44bdc2d1d4e8b456d",
			"parentId": "5dcb1dc4fb81105cd85bf55c",
			"slotId": "mod_magazine"
		},
		{
			"_id": "5dcb1dc4fb81105cd85bf563",
			"_tpl": "560d5e524bdc2d25448b4571",
			"parentId": "5dcb1dc4fb81105cd85bf562",
			"slotId": "cartridges",
			"upd": {
				"StackObjectsCount": 6
			}
		},
		{
			"_id": "5dcb1dc4fb81105cd85bf564",
			"_tpl": "560d5e524bdc2d25448b4571",
			"parentId": "5dcb1dc4fb81105cd85bf55c",
			"slotId": "patron_in_weapon",
			"upd": {
				"StackObjectsCount": 1
			}
		},
		{
			"_id": "5dcb1dc4fb81105cd85bf565",
			"_tpl": "557ffd194bdc2d28148b457f",
			"parentId": "5dcb1dc4fb81105cd85bf53d",
			"slotId": "Pockets"
		},
		{
			"_id": "5dcb1dc4fb81105cd85bf566",
			"_tpl": "572b7adb24597762ae139821",
			"parentId": "5dcb1dc4fb81105cd85bf53d",
			"slotId": "TacticalVest"
		},
		{
			"_id": "5dcb1dc4fb81105cd85bf574",
			"_tpl": "560d5e524bdc2d25448b4571",
			"parentId": "5dcb1dc4fb81105cd85bf566",
			"slotId": "1",
			"location": {
				"x": 0,
				"y": 0,
				"r": 0
			},
			"upd": {
				"StackObjectsCount": 11
			}
		},
		{
			"_id": "5dcb1dc4fb81105cd85bf575",
			"_tpl": "560d5e524bdc2d25448b4571",
			"parentId": "5dcb1dc4fb81105cd85bf566",
			"slotId": "2",
			"location": {
				"x": 0,
				"y": 0,
				"r": 0
			},
			"upd": {
				"StackObjectsCount": 14
			}
		},
		{
			"_id": "5dcb1dc4fb81105cd85bf576",
			"_tpl": "560d5e524bdc2d25448b4571",
			"parentId": "5dcb1dc4fb81105cd85bf566",
			"slotId": "2",
			"location": {
				"x": 0,
				"y": 1,
				"r": 0
			},
			"upd": {
				"StackObjectsCount": 8
			}
		},
		{
			"_id": "5dcb1dc4fb81105cd85bf567",
			"_tpl": "572b7f1624597762ae139822",
			"parentId": "5dcb1dc4fb81105cd85bf53d",
			"slotId": "FaceCover"
		},
		{
			"_id": "5dcb1dc4fb81105cd85bf568",
			"_tpl": "5aa2ba46e5b5b000137b758d",
			"parentId": "5dcb1dc4fb81105cd85bf53d",
			"slotId": "Headwear"
		},
		{
			"_id": "5dcb1dc4fb81105cd85bf569",
			"_tpl": "56e33634d2720bd8058b456b",
			"parentId": "5dcb1dc4fb81105cd85bf53d",
			"slotId": "Backpack"
		},
		{
			"_id": "5dcb1dc4fb81105cd85bf578",
			"_tpl": "57ffa9f4245977728561e844",
			"parentId": "5dcb1dc4fb81105cd85bf569",
			"slotId": "main",
			"location": {
				"x": 0,
				"y": 0,
				"r": 0
			}
		},
		{
			"_id": "5dcb1dc4fb81105cd85bf56a",
			"_tpl": "5857a8bc2459772bad15db29",
			"parentId": "5dcb1dc4fb81105cd85bf53d",
			"slotId": "SecuredContainer"
		},
		{
			"_id": "5dcb1dc4fb81105cd85bf56b",
			"_tpl": "560d5e524bdc2d25448b4571",
			"parentId": "5dcb1dc4fb81105cd85bf56a",
			"slotId": "main",
			"location": {
				"x": 0,
				"y": 0,
				"r": 0
			},
			"upd": {
				"StackObjectsCount": 20
			}
		},
		{
			"_id": "5dcb1dc4fb81105cd85bf56c",
			"_tpl": "560d5e524bdc2d25448b4571",
			"parentId": "5dcb1dc4fb81105cd85bf56a",
			"slotId": "main",
			"location": {
				"x": 1,
				"y": 0,
				"r": 0
			},
			"upd": {
				"StackObjectsCount": 20
			}
		},
		{
			"_id": "5dcb1dc4fb81105cd85bf56d",
			"_tpl": "560d5e524bdc2d25448b4571",
			"parentId": "5dcb1dc4fb81105cd85bf56a",
			"slotId": "main",
			"location": {
				"x": 2,
				"y": 0,
				"r": 0
			},
			"upd": {
				"StackObjectsCount": 20
			}
		},
		{
			"_id": "5dcb1dc4fb81105cd85bf56e",
			"_tpl": "560d5e524bdc2d25448b4571",
			"parentId": "5dcb1dc4fb81105cd85bf56a",
			"slotId": "main",
			"location": {
				"x": 0,
				"y": 1,
				"r": 0
			},
			"upd": {
				"StackObjectsCount": 20
			}
		},
		{
			"_id": "5dcb1dc4fb81105cd85bf56f",
			"_tpl": "560d5e524bdc2d25448b4571",
			"parentId": "5dcb1dc4fb81105cd85bf56a",
			"slotId": "main",
			"location": {
				"x": 1,
				"y": 1,
				"r": 0
			},
			"upd": {
				"StackObjectsCount": 20
			}
		},
		{
			"_id": "5dcb1dc4fb81105cd85bf570",
			"_tpl": "560d5e524bdc2d25448b4571",
			"parentId": "5dcb1dc4fb81105cd85bf56a",
			"slotId": "main",
			"location": {
				"x": 2,
				"y": 1,
				"r": 0
			},
			"upd": {
				"StackObjectsCount": 20
			}
		},
		{
			"_id": "5dcb1dc4fb81105cd85bf571",
			"_tpl": "560d5e524bdc2d25448b4571",
			"parentId": "5dcb1dc4fb81105cd85bf56a",
			"slotId": "main",
			"location": {
				"x": 0,
				"y": 2,
				"r": 0
			},
			"upd": {
				"StackObjectsCount": 20
			}
		},
		{
			"_id": "5dcb1dc4fb81105cd85bf572",
			"_tpl": "560d5e524bdc2d25448b4571",
			"parentId": "5dcb1dc4fb81105cd85bf56a",
			"slotId": "main",
			"location": {
				"x": 1,
				"y": 2,
				"r": 0
			},
			"upd": {
				"StackObjectsCount": 20
			}
		},
		{
			"_id": "5dcb1dc4fb81105cd85bf573",
			"_tpl": "560d5e524bdc2d25448b4571",
			"parentId": "5dcb1dc4fb81105cd85bf56a",
			"slotId": "main",
			"location": {
				"x": 2,
				"y": 2,
				"r": 0
			},
			"upd": {
				"StackObjectsCount": 20
			}
		},
		{
			"_id": "5dcb1dc4fb81105cd85bf53c",
			"_tpl": "566abbc34bdc2d92178b4576"
		},
		{
			"_id": "5dcb1dc4fb81105cd85bf53f",
			"_tpl": "5963866b86f7747bfa1c4462"
		},
		{
			"_id": "5dcb1dc4fb81105cd85bf53e",
			"_tpl": "5963866286f7747bf429b572"
		}
	],
	"equipment": "5dcb1dc4fb81105cd85bf53d",
	"stash": "5dcb1dc4fb81105cd85bf53c",
	"questRaidItems": "5dcb1dc4fb81105cd85bf53e",
	"questStashItems": "5dcb1dc4fb81105cd85bf53f",
	"fastPanel": {}
}