{
	"items": [
		{
			"_id": "5dcb1df6171ac3579029b1f2",
			"_tpl": "55d7217a4bdc2d86028b456d"
		},
		{
			"_id": "5dcb1df6171ac3579029b213",
			"_tpl": "56dee2bdd2720bc8328b4567",
			"parentId": "5dcb1df6171ac3579029b1f2",
			"slotId": "FirstPrimaryWeapon"
		},
		{
			"_id": "5dcb1df6171ac3579029b214",
			"_tpl": "56deec93d2720bec348b4568",
			"parentId": "5dcb1df6171ac3579029b213",
			"slotId": "mod_barrel"
		},
		{
			"_id": "5dcb1df6171ac3579029b215",
			"_tpl": "56deed6ed2720b4c698b4583",
			"parentId": "5dcb1df6171ac3579029b213",
			"slotId": "mod_handguard"
		},
		{
			"_id": "5dcb1df6171ac3579029b216",
			"_tpl": "56083be64bdc2d20478b456f",
			"parentId": "5dcb1df6171ac3579029b213",
			"slotId": "mod_stock"
		},
		{
			"_id": "5dcb1df6171ac3579029b217",
			"_tpl": "55d48ebc4bdc2d8c2f8b456c",
			"parentId": "5dcb1df6171ac3579029b213",
			"slotId": "mod_mount_000"
		},
		{
			"_id": "5dcb1df6171ac3579029b218",
			"_tpl": "57d17e212459775a1179a0f5",
			"parentId": "5dcb1df6171ac3579029b217",
			"slotId": "mod_tactical_001"
		},
		{
			"_id": "5dcb1df6171ac3579029b219",
			"_tpl": "57d17c5e2459775a5c57d17d",
			"parentId": "5dcb1df6171ac3579029b218",
			"slotId": "mod_flashlight"
		},
		{
			"_id": "5dcb1df6171ac3579029b21a",
			"_tpl": "55d484b44bdc2d1d4e8b456d",
			"parentId": "5dcb1df6171ac3579029b213",
			"slotId": "mod_magazine"
		},
		{
			"_id": "5dcb1df6171ac3579029b21b",
			"_tpl": "560d5e524bdc2d25448b4571",
			"parentId": "5dcb1df6171ac3579029b21a",
			"slotId": "cartridges",
			"upd": {
				"StackObjectsCount": 6
			}
		},
		{
			"_id": "5dcb1df6171ac3579029b21c",
			"_tpl": "560d5e524bdc2d25448b4571",
			"parentId": "5dcb1df6171ac3579029b213",
			"slotId": "patron_in_weapon",
			"upd": {
				"StackObjectsCount": 1
			}
		},
		{
			"_id": "5dcb1df6171ac3579029b21d",
			"_tpl": "557ffd194bdc2d28148b457f",
			"parentId": "5dcb1df6171ac3579029b1f2",
			"slotId": "Pockets"
		},
		{
			"_id": "5dcb1df6171ac3579029b21e",
			"_tpl": "572b7adb24597762ae139821",
			"parentId": "5dcb1df6171ac3579029b1f2",
			"slotId": "TacticalVest"
		},
		{
			"_id": "5dcb1df6171ac3579029b22c",
			"_tpl": "560d5e524bdc2d25448b4571",
			"parentId": "5dcb1df6171ac3579029b21e",
			"slotId": "1",
			"location": {
				"x": 0,
				"y": 0,
				"r": 0
			},
			"upd": {
				"StackObjectsCount": 12
			}
		},
		{
			"_id": "5dcb1df6171ac3579029b21f",
			"_tpl": "59e7715586f7742ee5789605",
			"parentId": "5dcb1df6171ac3579029b1f2",
			"slotId": "FaceCover"
		},
		{
			"_id": "5dcb1df6171ac3579029b220",
			"_tpl": "572b7d8524597762b472f9d1",
			"parentId": "5dcb1df6171ac3579029b1f2",
			"slotId": "Headwear"
		},
		{
			"_id": "5dcb1df6171ac3579029b221",
			"_tpl": "57e26ea924597715ca604a09",
			"parentId": "5dcb1df6171ac3579029b1f2",
			"slotId": "Scabbard"
		},
		{
			"_id": "5dcb1df6171ac3579029b222",
			"_tpl": "5857a8bc2459772bad15db29",
			"parentId": "5dcb1df6171ac3579029b1f2",
			"slotId": "SecuredContainer"
		},
		{
			"_id": "5dcb1df6171ac3579029b223",
			"_tpl": "560d5e524bdc2d25448b4571",
			"parentId": "5dcb1df6171ac3579029b222",
			"slotId": "main",
			"location": {
				"x": 0,
				"y": 0,
				"r": 0
			},
			"upd": {
				"StackObjectsCount": 20
			}
		},
		{
			"_id": "5dcb1df6171ac3579029b224",
			"_tpl": "560d5e524bdc2d25448b4571",
			"parentId": "5dcb1df6171ac3579029b222",
			"slotId": "main",
			"location": {
				"x": 1,
				"y": 0,
				"r": 0
			},
			"upd": {
				"StackObjectsCount": 20
			}
		},
		{
			"_id": "5dcb1df6171ac3579029b225",
			"_tpl": "560d5e524bdc2d25448b4571",
			"parentId": "5dcb1df6171ac3579029b222",
			"slotId": "main",
			"location": {
				"x": 2,
				"y": 0,
				"r": 0
			},
			"upd": {
				"StackObjectsCount": 20
			}
		},
		{
			"_id": "5dcb1df6171ac3579029b226",
			"_tpl": "560d5e524bdc2d25448b4571",
			"parentId": "5dcb1df6171ac3579029b222",
			"slotId": "main",
			"location": {
				"x": 0,
				"y": 1,
				"r": 0
			},
			"upd": {
				"StackObjectsCount": 20
			}
		},
		{
			"_id": "5dcb1df6171ac3579029b227",
			"_tpl": "560d5e524bdc2d25448b4571",
			"parentId": "5dcb1df6171ac3579029b222",
			"slotId": "main",
			"location": {
				"x": 1,
				"y": 1,
				"r": 0
			},
			"upd": {
				"StackObjectsCount": 20
			}
		},
		{
			"_id": "5dcb1df6171ac3579029b228",
			"_tpl": "560d5e524bdc2d25448b4571",
			"parentId": "5dcb1df6171ac3579029b222",
			"slotId": "main",
			"location": {
				"x": 2,
				"y": 1,
				"r": 0
			},
			"upd": {
				"StackObjectsCount": 20
			}
		},
		{
			"_id": "5dcb1df6171ac3579029b229",
			"_tpl": "560d5e524bdc2d25448b4571",
			"parentId": "5dcb1df6171ac3579029b222",
			"slotId": "main",
			"location": {
				"x": 0,
				"y": 2,
				"r": 0
			},
			"upd": {
				"StackObjectsCount": 20
			}
		},
		{
			"_id": "5dcb1df6171ac3579029b22a",
			"_tpl": "560d5e524bdc2d25448b4571",
			"parentId": "5dcb1df6171ac3579029b222",
			"slotId": "main",
			"location": {
				"x": 1,
				"y": 2,
				"r": 0
			},
			"upd": {
				"StackObjectsCount": 20
			}
		},
		{
			"_id": "5dcb1df6171ac3579029b22b",
			"_tpl": "560d5e524bdc2d25448b4571",
			"parentId": "5dcb1df6171ac3579029b222",
			"slotId": "main",
			"location": {
				"x": 2,
				"y": 2,
				"r": 0
			},
			"upd": {
				"StackObjectsCount": 20
			}
		},
		{
			"_id": "5dcb1df6171ac3579029b1f1",
			"_tpl": "566abbc34bdc2d92178b4576"
		},
		{
			"_id": "5dcb1df6171ac3579029b1f4",
			"_tpl": "5963866b86f7747bfa1c4462"
		},
		{
			"_id": "5dcb1df6171ac3579029b1f3",
			"_tpl": "5963866286f7747bf429b572"
		}
	],
	"equipment": "5dcb1df6171ac3579029b1f2",
	"stash": "5dcb1df6171ac3579029b1f1",
	"questRaidItems": "5dcb1df6171ac3579029b1f3",
	"questStashItems": "5dcb1df6171ac3579029b1f4",
	"fastPanel": {}
}