{
	"items": [
		{
			"_id": "5dcb1df6171ac3579029b540",
			"_tpl": "55d7217a4bdc2d86028b456d"
		},
		{
			"_id": "5dcb1df6171ac3579029b562",
			"_tpl": "59e6687d86f77411d949b251",
			"parentId": "5dcb1df6171ac3579029b540",
			"slotId": "FirstPrimaryWeapon"
		},
		{
			"_id": "5dcb1df6171ac3579029b563",
			"_tpl": "59e649f986f77411d949b246",
			"parentId": "5dcb1df6171ac3579029b562",
			"slotId": "mod_gas_block"
		},
		{
			"_id": "5dcb1df6171ac3579029b564",
			"_tpl": "59e898ee86f77427614bd225",
			"parentId": "5dcb1df6171ac3579029b563",
			"slotId": "mod_handguard"
		},
		{
			"_id": "5dcb1df6171ac3579029b565",
			"_tpl": "59e8a00d86f7742ad93b569c",
			"parentId": "5dcb1df6171ac3579029b562",
			"slotId": "mod_muzzle"
		},
		{
			"_id": "5dcb1df6171ac3579029b566",
			"_tpl": "59e6318286f77444dd62c4cc",
			"parentId": "5dcb1df6171ac3579029b562",
			"slotId": "mod_pistol_grip"
		},
		{
			"_id": "5dcb1df6171ac3579029b567",
			"_tpl": "59e6449086f7746c9f75e822",
			"parentId": "5dcb1df6171ac3579029b562",
			"slotId": "mod_reciever"
		},
		{
			"_id": "5dcb1df6171ac3579029b568",
			"_tpl": "59e8977386f77415a553c453",
			"parentId": "5dcb1df6171ac3579029b562",
			"slotId": "mod_sight_rear"
		},
		{
			"_id": "5dcb1df6171ac3579029b569",
			"_tpl": "59e89d0986f77427600d226e",
			"parentId": "5dcb1df6171ac3579029b562",
			"slotId": "mod_stock"
		},
		{
			"_id": "5dcb1df6171ac3579029b56b",
			"_tpl": "59d625f086f774661516605d",
			"parentId": "5dcb1df6171ac3579029b562",
			"slotId": "mod_magazine"
		},
		{
			"_id": "5dcb1df6171ac3579029b56c",
			"_tpl": "59e6542b86f77411dc52a77a",
			"parentId": "5dcb1df6171ac3579029b56b",
			"slotId": "cartridges",
			"upd": {
				"StackObjectsCount": 30
			}
		},
		{
			"_id": "5dcb1df6171ac3579029b56d",
			"_tpl": "557ffd194bdc2d28148b457f",
			"parentId": "5dcb1df6171ac3579029b540",
			"slotId": "Pockets"
		},
		{
			"_id": "5dcb1df6171ac3579029b56e",
			"_tpl": "572b7adb24597762ae139821",
			"parentId": "5dcb1df6171ac3579029b540",
			"slotId": "TacticalVest"
		},
		{
			"_id": "5dcb1df6171ac3579029b57c",
			"_tpl": "59d625f086f774661516605d",
			"parentId": "5dcb1df6171ac3579029b56e",
			"slotId": "2",
			"location": {
				"x": 0,
				"y": 0,
				"r": 0
			}
		},
		{
			"_id": "5dcb1df6171ac3579029b57d",
			"_tpl": "59e6542b86f77411dc52a77a",
			"parentId": "5dcb1df6171ac3579029b57c",
			"slotId": "cartridges",
			"upd": {
				"StackObjectsCount": 30
			}
		},
		{
			"_id": "5dcb1df6171ac3579029b56f",
			"_tpl": "59e7715586f7742ee5789605",
			"parentId": "5dcb1df6171ac3579029b540",
			"slotId": "FaceCover"
		},
		{
			"_id": "5dcb1df6171ac3579029b570",
			"_tpl": "5aa2b8d7e5b5b00014028f4a",
			"parentId": "5dcb1df6171ac3579029b540",
			"slotId": "Headwear"
		},
		{
			"_id": "5dcb1df6171ac3579029b571",
			"_tpl": "57e26fc7245977162a14b800",
			"parentId": "5dcb1df6171ac3579029b540",
			"slotId": "Scabbard"
		},
		{
			"_id": "5dcb1df6171ac3579029b572",
			"_tpl": "5857a8bc2459772bad15db29",
			"parentId": "5dcb1df6171ac3579029b540",
			"slotId": "SecuredContainer"
		},
		{
			"_id": "5dcb1df6171ac3579029b573",
			"_tpl": "59e6542b86f77411dc52a77a",
			"parentId": "5dcb1df6171ac3579029b572",
			"slotId": "main",
			"location": {
				"x": 0,
				"y": 0,
				"r": 0
			},
			"upd": {
				"StackObjectsCount": 50
			}
		},
		{
			"_id": "5dcb1df6171ac3579029b574",
			"_tpl": "59e6542b86f77411dc52a77a",
			"parentId": "5dcb1df6171ac3579029b572",
			"slotId": "main",
			"location": {
				"x": 1,
				"y": 0,
				"r": 0
			},
			"upd": {
				"StackObjectsCount": 50
			}
		},
		{
			"_id": "5dcb1df6171ac3579029b575",
			"_tpl": "59e6542b86f77411dc52a77a",
			"parentId": "5dcb1df6171ac3579029b572",
			"slotId": "main",
			"location": {
				"x": 2,
				"y": 0,
				"r": 0
			},
			"upd": {
				"StackObjectsCount": 50
			}
		},
		{
			"_id": "5dcb1df6171ac3579029b576",
			"_tpl": "59e6542b86f77411dc52a77a",
			"parentId": "5dcb1df6171ac3579029b572",
			"slotId": "main",
			"location": {
				"x": 0,
				"y": 1,
				"r": 0
			},
			"upd": {
				"StackObjectsCount": 50
			}
		},
		{
			"_id": "5dcb1df6171ac3579029b577",
			"_tpl": "59e6542b86f77411dc52a77a",
			"parentId": "5dcb1df6171ac3579029b572",
			"slotId": "main",
			"location": {
				"x": 1,
				"y": 1,
				"r": 0
			},
			"upd": {
				"StackObjectsCount": 50
			}
		},
		{
			"_id": "5dcb1df6171ac3579029b578",
			"_tpl": "59e6542b86f77411dc52a77a",
			"parentId": "5dcb1df6171ac3579029b572",
			"slotId": "main",
			"location": {
				"x": 2,
				"y": 1,
				"r": 0
			},
			"upd": {
				"StackObjectsCount": 50
			}
		},
		{
			"_id": "5dcb1df6171ac3579029b579",
			"_tpl": "59e6542b86f77411dc52a77a",
			"parentId": "5dcb1df6171ac3579029b572",
			"slotId": "main",
			"location": {
				"x": 0,
				"y": 2,
				"r": 0
			},
			"upd": {
				"StackObjectsCount": 50
			}
		},
		{
			"_id": "5dcb1df6171ac3579029b57a",
			"_tpl": "59e6542b86f77411dc52a77a",
			"parentId": "5dcb1df6171ac3579029b572",
			"slotId": "main",
			"location": {
				"x": 1,
				"y": 2,
				"r": 0
			},
			"upd": {
				"StackObjectsCount": 50
			}
		},
		{
			"_id": "5dcb1df6171ac3579029b57b",
			"_tpl": "59e6542b86f77411dc52a77a",
			"parentId": "5dcb1df6171ac3579029b572",
			"slotId": "main",
			"location": {
				"x": 2,
				"y": 2,
				"r": 0
			},
			"upd": {
				"StackObjectsCount": 50
			}
		},
		{
			"_id": "5dcb1df6171ac3579029b53f",
			"_tpl": "566abbc34bdc2d92178b4576"
		},
		{
			"_id": "5dcb1df6171ac3579029b542",
			"_tpl": "5963866b86f7747bfa1c4462"
		},
		{
			"_id": "5dcb1df6171ac3579029b541",
			"_tpl": "5963866286f7747bf429b572"
		}
	],
	"equipment": "5dcb1df6171ac3579029b540",
	"stash": "5dcb1df6171ac3579029b53f",
	"questRaidItems": "5dcb1df6171ac3579029b541",
	"questStashItems": "5dcb1df6171ac3579029b542",
	"fastPanel": {}
}