{
	"items": [
		{
			"_id": "5dcb1df1cc51617bf52d8363",
			"_tpl": "55d7217a4bdc2d86028b456d"
		},
		{
			"_id": "5dcb1df1cc51617bf52d8384",
			"_tpl": "59e6152586f77473dc057aa1",
			"parentId": "5dcb1df1cc51617bf52d8363",
			"slotId": "FirstPrimaryWeapon"
		},
		{
			"_id": "5dcb1df1cc51617bf52d8385",
			"_tpl": "59e649f986f77411d949b246",
			"parentId": "5dcb1df1cc51617bf52d8384",
			"slotId": "mod_gas_block"
		},
		{
			"_id": "5dcb1df1cc51617bf52d8386",
			"_tpl": "59e6284f86f77440d569536f",
			"parentId": "5dcb1df1cc51617bf52d8385",
			"slotId": "mod_handguard"
		},
		{
			"_id": "5dcb1df1cc51617bf52d8387",
			"_tpl": "59e6318286f77444dd62c4cc",
			"parentId": "5dcb1df1cc51617bf52d8384",
			"slotId": "mod_pistol_grip"
		},
		{
			"_id": "5dcb1df1cc51617bf52d8388",
			"_tpl": "59e6449086f7746c9f75e822",
			"parentId": "5dcb1df1cc51617bf52d8384",
			"slotId": "mod_reciever"
		},
		{
			"_id": "5dcb1df1cc51617bf52d8389",
			"_tpl": "59d650cf86f7741b846413a4",
			"parentId": "5dcb1df1cc51617bf52d8384",
			"slotId": "mod_sight_rear"
		},
		{
			"_id": "5dcb1df1cc51617bf52d838a",
			"_tpl": "59e89d0986f77427600d226e",
			"parentId": "5dcb1df1cc51617bf52d8384",
			"slotId": "mod_stock"
		},
		{
			"_id": "5dcb1df1cc51617bf52d838b",
			"_tpl": "59e5d83b86f7745aed03d262",
			"parentId": "5dcb1df1cc51617bf52d8384",
			"slotId": "mod_magazine"
		},
		{
			"_id": "5dcb1df1cc51617bf52d838c",
			"_tpl": "5656d7c34bdc2d9d198b4587",
			"parentId": "5dcb1df1cc51617bf52d838b",
			"slotId": "cartridges",
			"upd": {
				"StackObjectsCount": 10
			}
		},
		{
			"_id": "5dcb1df1cc51617bf52d838d",
			"_tpl": "5656d7c34bdc2d9d198b4587",
			"parentId": "5dcb1df1cc51617bf52d8384",
			"slotId": "patron_in_weapon",
			"upd": {
				"StackObjectsCount": 1
			}
		},
		{
			"_id": "5dcb1df1cc51617bf52d838e",
			"_tpl": "557ffd194bdc2d28148b457f",
			"parentId": "5dcb1df1cc51617bf52d8363",
			"slotId": "Pockets"
		},
		{
			"_id": "5dcb1df1cc51617bf52d838f",
			"_tpl": "5ab8dab586f77441cd04f2a2",
			"parentId": "5dcb1df1cc51617bf52d8363",
			"slotId": "TacticalVest"
		},
		{
			"_id": "5dcb1df1cc51617bf52d839e",
			"_tpl": "59e5d83b86f7745aed03d262",
			"parentId": "5dcb1df1cc51617bf52d838f",
			"slotId": "1",
			"location": {
				"x": 0,
				"y": 0,
				"r": 0
			}
		},
		{
			"_id": "5dcb1df1cc51617bf52d839f",
			"_tpl": "5656d7c34bdc2d9d198b4587",
			"parentId": "5dcb1df1cc51617bf52d839e",
			"slotId": "cartridges",
			"upd": {
				"StackObjectsCount": 10
			}
		},
		{
			"_id": "5dcb1df1cc51617bf52d8390",
			"_tpl": "572b7f1624597762ae139822",
			"parentId": "5dcb1df1cc51617bf52d8363",
			"slotId": "FaceCover"
		},
		{
			"_id": "5dcb1df1cc51617bf52d8391",
			"_tpl": "572b7d8524597762b472f9d1",
			"parentId": "5dcb1df1cc51617bf52d8363",
			"slotId": "Headwear"
		},
		{
			"_id": "5dcb1df1cc51617bf52d8392",
			"_tpl": "57e26fc7245977162a14b800",
			"parentId": "5dcb1df1cc51617bf52d8363",
			"slotId": "Scabbard"
		},
		{
			"_id": "5dcb1df1cc51617bf52d8393",
			"_tpl": "544a5cde4bdc2d39388b456b",
			"parentId": "5dcb1df1cc51617bf52d8363",
			"slotId": "Backpack"
		},
		{
			"_id": "5dcb1df1cc51617bf52d83a2",
			"_tpl": "57513f07245977207e26a311",
			"parentId": "5dcb1df1cc51617bf52d8393",
			"slotId": "main",
			"location": {
				"x": 0,
				"y": 0,
				"r": 0
			},
			"upd": {
				"FoodDrink": {
					"HpPercent": 40
				}
			}
		},
		{
			"_id": "5dcb1df1cc51617bf52d8394",
			"_tpl": "5857a8bc2459772bad15db29",
			"parentId": "5dcb1df1cc51617bf52d8363",
			"slotId": "SecuredContainer"
		},
		{
			"_id": "5dcb1df1cc51617bf52d8395",
			"_tpl": "5656d7c34bdc2d9d198b4587",
			"parentId": "5dcb1df1cc51617bf52d8394",
			"slotId": "main",
			"location": {
				"x": 0,
				"y": 0,
				"r": 0
			},
			"upd": {
				"StackObjectsCount": 60
			}
		},
		{
			"_id": "5dcb1df1cc51617bf52d8396",
			"_tpl": "5656d7c34bdc2d9d198b4587",
			"parentId": "5dcb1df1cc51617bf52d8394",
			"slotId": "main",
			"location": {
				"x": 1,
				"y": 0,
				"r": 0
			},
			"upd": {
				"StackObjectsCount": 60
			}
		},
		{
			"_id": "5dcb1df1cc51617bf52d8397",
			"_tpl": "5656d7c34bdc2d9d198b4587",
			"parentId": "5dcb1df1cc51617bf52d8394",
			"slotId": "main",
			"location": {
				"x": 2,
				"y": 0,
				"r": 0
			},
			"upd": {
				"StackObjectsCount": 60
			}
		},
		{
			"_id": "5dcb1df1cc51617bf52d8398",
			"_tpl": "5656d7c34bdc2d9d198b4587",
			"parentId": "5dcb1df1cc51617bf52d8394",
			"slotId": "main",
			"location": {
				"x": 0,
				"y": 1,
				"r": 0
			},
			"upd": {
				"StackObjectsCount": 60
			}
		},
		{
			"_id": "5dcb1df1cc51617bf52d8399",
			"_tpl": "5656d7c34bdc2d9d198b4587",
			"parentId": "5dcb1df1cc51617bf52d8394",
			"slotId": "main",
			"location": {
				"x": 1,
				"y": 1,
				"r": 0
			},
			"upd": {
				"StackObjectsCount": 60
			}
		},
		{
			"_id": "5dcb1df1cc51617bf52d839a",
			"_tpl": "5656d7c34bdc2d9d198b4587",
			"parentId": "5dcb1df1cc51617bf52d8394",
			"slotId": "main",
			"location": {
				"x": 2,
				"y": 1,
				"r": 0
			},
			"upd": {
				"StackObjectsCount": 60
			}
		},
		{
			"_id": "5dcb1df1cc51617bf52d839b",
			"_tpl": "5656d7c34bdc2d9d198b4587",
			"parentId": "5dcb1df1cc51617bf52d8394",
			"slotId": "main",
			"location": {
				"x": 0,
				"y": 2,
				"r": 0
			},
			"upd": {
				"StackObjectsCount": 60
			}
		},
		{
			"_id": "5dcb1df1cc51617bf52d839c",
			"_tpl": "5656d7c34bdc2d9d198b4587",
			"parentId": "5dcb1df1cc51617bf52d8394",
			"slotId": "main",
			"location": {
				"x": 1,
				"y": 2,
				"r": 0
			},
			"upd": {
				"StackObjectsCount": 60
			}
		},
		{
			"_id": "5dcb1df1cc51617bf52d839d",
			"_tpl": "5656d7c34bdc2d9d198b4587",
			"parentId": "5dcb1df1cc51617bf52d8394",
			"slotId": "main",
			"location": {
				"x": 2,
				"y": 2,
				"r": 0
			},
			"upd": {
				"StackObjectsCount": 60
			}
		},
		{
			"_id": "5dcb1df1cc51617bf52d8362",
			"_tpl": "566abbc34bdc2d92178b4576"
		},
		{
			"_id": "5dcb1df1cc51617bf52d8365",
			"_tpl": "5963866b86f7747bfa1c4462"
		},
		{
			"_id": "5dcb1df1cc51617bf52d8364",
			"_tpl": "5963866286f7747bf429b572"
		}
	],
	"equipment": "5dcb1df1cc51617bf52d8363",
	"stash": "5dcb1df1cc51617bf52d8362",
	"questRaidItems": "5dcb1df1cc51617bf52d8364",
	"questStashItems": "5dcb1df1cc51617bf52d8365",
	"fastPanel": {}
}