{
	"items": [
		{
			"_id": "5c6687d65e9d882c8841f0fd",
			"_tpl": "55d7217a4bdc2d86028b456d"
		},
		{
			"_id": "5c6687d65e9d882c8841f121",
			"_tpl": "557ffd194bdc2d28148b457f",
			"parentId": "5c6687d65e9d882c8841f0fd",
			"slotId": "Pockets"
		},
		{
			"_id": "5c6687d65e9d882c8841f0fc",
			"_tpl": "566abbc34bdc2d92178b4576"
		},
		{
			"_id": "5c6687d65e9d882c8841f0ff",
			"_tpl": "5963866b86f7747bfa1c4462"
		},
		{
			"_id": "5c6687d65e9d882c8841f0fe",
			"_tpl": "5963866286f7747bf429b572"
		},
		{
			"_id": "TacticalVest563505",
			"_tpl": "5d5d85c586f774279a21cbdb",
			"parentId": "5c6687d65e9d882c8841f0fd",
			"slotId": "TacticalVest"
		},
		{
			"_id": "I21320115716134274988nc2",
			"_tpl": "57dc2fa62459775949412633",
			"parentId": "5c6687d65e9d882c8841f0fd",
			"slotId": "FirstPrimaryWeapon"
		},
		{
			"_id": "I2132011578597074116PqhJ",
			"_tpl": "57e3dba62459770f0c32322b",
			"parentId": "I21320115716134274988nc2",
			"slotId": "mod_pistol_grip"
		},
		{
			"_id": "I2132011572783048457joUJ",
			"_tpl": "57dc347d245977596754e7a1",
			"parentId": "I21320115716134274988nc2",
			"slotId": "mod_stock"
		},
		{
			"_id": "MagazineWeaponScav2308",
			"_tpl": "55d4837c4bdc2d1d4e8b456c",
			"parentId": "I21320115716134274988nc2",
			"slotId": "mod_magazine"
		},
		{
			"_id": "AmmoMag18105",
			"_tpl": "56dff338d2720bbd668b4569",
			"parentId": "MagazineWeaponScav2308",
			"slotId": "cartridges",
			"upd": {
				"StackObjectsCount": 10
			}
		},
		{
			"_id": "I21320115794237366644l2B",
			"_tpl": "57dc324a24597759501edc20",
			"parentId": "I21320115716134274988nc2",
			"slotId": "mod_muzzle"
		},
		{
			"_id": "I2132011576692510423qpoz",
			"_tpl": "57dc334d245977597164366f",
			"parentId": "I21320115716134274988nc2",
			"slotId": "mod_reciever"
		},
		{
			"_id": "I21320115789769698898ipD",
			"_tpl": "59d36a0086f7747e673f3946",
			"parentId": "I21320115716134274988nc2",
			"slotId": "mod_gas_block"
		},
		{
			"_id": "I2132011579196747376UXku",
			"_tpl": "56dfef82d2720bbd668b4567",
			"parentId": "I2132011575967327700JqHU",
			"slotId": "cartridges",
			"location": 0,
			"upd": {
				"StackObjectsCount": 30
			}
		},
		{
			"_id": "I2132011574203943141gmY8",
			"_tpl": "57ffb0062459777a045af529",
			"parentId": "I2132011576692510423qpoz",
			"slotId": "mod_mount_000"
		},
		{
			"_id": "I213201157620161223601xR",
			"_tpl": "57ffa9f4245977728561e844",
			"parentId": "I21320115789769698898ipD",
			"slotId": "mod_handguard"
		},
		{
			"_id": "I21320115759223288624HEJ",
			"_tpl": "56def37dd2720bec348b456a",
			"parentId": "I213201157620161223601xR",
			"slotId": "mod_tactical_000",
			"upd": {
				"Light": {
					"IsActive": true,
					"SelectedMode": 0
				}
			}
		},
		{
			"_id": "mag2Vest473420",
			"_tpl": "55d4837c4bdc2d1d4e8b456c",
			"parentId": "TacticalVest563505",
			"slotId": "3",
			"location": {
				"x": 0,
				"y": 1,
				"r": "Horizontal"
			}
		},
		{
			"_id": "AmmoMag2Vest87112",
			"_tpl": "56dff061d2720bb5668b4567",
			"parentId": "mag2Vest473420",
			"slotId": "cartridges",
			"upd": {
				"StackObjectsCount": 10
			}
		},
		{
			"_id": "mag4Vest422071",
			"_tpl": "55d4837c4bdc2d1d4e8b456c",
			"parentId": "TacticalVest563505",
			"slotId": "6",
			"location": {
				"x": 0,
				"y": 1,
				"r": "Horizontal"
			}
		},
		{
			"_id": "AmmoMag4Vest366577",
			"_tpl": "56dff2ced2720bb4668b4567",
			"parentId": "mag4Vest422071",
			"slotId": "cartridges",
			"upd": {
				"StackObjectsCount": 10
			}
		},
		{
			"_id": "StackAmmo33533827208",
			"_tpl": "56dff4a2d2720bbd668b456a",
			"parentId": "TacticalVest563505",
			"slotId": "10",
			"upd": {
				"StackObjectsCount": 31
			}
		},
		{
			"_id": "Scabbard215368",
			"_tpl": "54491bb74bdc2d09088b4567",
			"parentId": "5c6687d65e9d882c8841f0fd",
			"slotId": "Scabbard"
		},
		{
			"_id": "Headwear210367",
			"_tpl": "5b40e5e25acfc4001a599bea",
			"parentId": "5c6687d65e9d882c8841f0fd",
			"slotId": "Headwear"
		},
		{
			"_id": "FaceCover609969",
			"_tpl": "5b4326435acfc433000ed01d",
			"parentId": "5c6687d65e9d882c8841f0fd",
			"slotId": "FaceCover"
		},
		{
			"_id": "Pocket_649696",
			"_tpl": "5d08d21286f774736e7c94c3",
			"parentId": "5c6687d65e9d882c8841f121",
			"slotId": "pocket1",
			"location": {
				"x": 0,
				"y": 0,
				"r": "Horizontal"
			},
			"upd": {
				"SpawnedInSession": true
			}
		},
		{
			"_id": "Pocket_158320",
			"_tpl": "59e3577886f774176a362503",
			"parentId": "5c6687d65e9d882c8841f121",
			"slotId": "pocket2",
			"location": {
				"x": 0,
				"y": 0,
				"r": "Horizontal"
			},
			"upd": {
				"SpawnedInSession": true
			}
		},
		{
			"_id": "Pocket_16069",
			"_tpl": "5734773724597737fd047c14",
			"parentId": "5c6687d65e9d882c8841f121",
			"slotId": "pocket3",
			"location": {
				"x": 0,
				"y": 0,
				"r": "Horizontal"
			},
			"upd": {
				"SpawnedInSession": true
			}
		}
	],
	"equipment": "5c6687d65e9d882c8841f0fd",
	"stash": "5c6687d65e9d882c8841f0fc",
	"questRaidItems": "5c6687d65e9d882c8841f0fe",
	"questStashItems": "5c6687d65e9d882c8841f0ff",
	"fastPanel": {}
}