{
	"items": [
		{
			"_id": "5c6687d65e9d882c8841f0fd",
			"_tpl": "55d7217a4bdc2d86028b456d"
		},
		{
			"_id": "5c6687d65e9d882c8841f121",
			"_tpl": "557ffd194bdc2d28148b457f",
			"parentId": "5c6687d65e9d882c8841f0fd",
			"slotId": "Pockets"
		},
		{
			"_id": "5c6687d65e9d882c8841f0fc",
			"_tpl": "566abbc34bdc2d92178b4576"
		},
		{
			"_id": "5c6687d65e9d882c8841f0ff",
			"_tpl": "5963866b86f7747bfa1c4462"
		},
		{
			"_id": "5c6687d65e9d882c8841f0fe",
			"_tpl": "5963866286f7747bf429b572"
		},
		{
			"_id": "TacticalVest113479",
			"_tpl": "5ca20abf86f77418567a43f2",
			"parentId": "5c6687d65e9d882c8841f0fd",
			"slotId": "TacticalVest"
		},
		{
			"_id": "I210044191427657759iTSWJ",
			"_tpl": "57dc2fa62459775949412633",
			"parentId": "5c6687d65e9d882c8841f0fd",
			"slotId": "FirstPrimaryWeapon"
		},
		{
			"_id": "I210044195691868064m6rd7",
			"_tpl": "57e3dba62459770f0c32322b",
			"parentId": "I210044191427657759iTSWJ",
			"slotId": "mod_pistol_grip"
		},
		{
			"_id": "I210044195063834177vJJeS",
			"_tpl": "5ab626e4d8ce87272e4c6e43",
			"parentId": "I210044191427657759iTSWJ",
			"slotId": "mod_stock"
		},
		{
			"_id": "I210044197466083352oasym",
			"_tpl": "5ac72e945acfc43f3b691116",
			"parentId": "I210044191427657759iTSWJ",
			"slotId": "mod_muzzle"
		},
		{
			"_id": "I210044192798625398kpZ93",
			"_tpl": "57dc334d245977597164366f",
			"parentId": "I210044191427657759iTSWJ",
			"slotId": "mod_reciever"
		},
		{
			"_id": "I210044196868190251H7DRT",
			"_tpl": "59d36a0086f7747e673f3946",
			"parentId": "I210044191427657759iTSWJ",
			"slotId": "mod_gas_block"
		},
		{
			"_id": "I210044197307154035C6mW6",
			"_tpl": "57ffa9f4245977728561e844",
			"parentId": "I210044196868190251H7DRT",
			"slotId": "mod_handguard"
		},
		{
			"_id": "I210044194827256664xHbeI",
			"_tpl": "56def37dd2720bec348b456a",
			"parentId": "I210044197307154035C6mW6",
			"slotId": "mod_tactical_000",
			"upd": {
				"Light": {
					"IsActive": true,
					"SelectedMode": 0
				}
			}
		},
		{
			"_id": "mag0Vest217771",
			"_tpl": "5aaa4194e5b5b055d06310a5",
			"parentId": "TacticalVest113479",
			"slotId": "1",
			"location": {
				"x": 0,
				"y": 0,
				"r": "Horizontal"
			}
		},
		{
			"_id": "AmmoMag0Vest932884",
			"_tpl": "56dff3afd2720bba668b4567",
			"parentId": "mag0Vest217771",
			"slotId": "cartridges",
			"upd": {
				"StackObjectsCount": 30
			}
		},
		{
			"_id": "mag4Vest93090",
			"_tpl": "5aaa4194e5b5b055d06310a5",
			"parentId": "TacticalVest113479",
			"slotId": "6",
			"location": {
				"x": 0,
				"y": 0,
				"r": "Horizontal"
			}
		},
		{
			"_id": "AmmoMag4Vest194767",
			"_tpl": "56dff4a2d2720bbd668b456a",
			"parentId": "mag4Vest93090",
			"slotId": "cartridges",
			"upd": {
				"StackObjectsCount": 30
			}
		},
		{
			"_id": "Scabbard427734",
			"_tpl": "5bffdc370db834001d23eca8",
			"parentId": "5c6687d65e9d882c8841f0fd",
			"slotId": "Scabbard"
		},
		{
			"_id": "Headwear89396",
			"_tpl": "5c0d2727d174af02a012cf58",
			"parentId": "5c6687d65e9d882c8841f0fd",
			"slotId": "Headwear"
		},
		{
			"_id": "ArmorVest745724",
			"_tpl": "59e7635f86f7742cbf2c1095",
			"parentId": "5c6687d65e9d882c8841f0fd",
			"slotId": "ArmorVest",
			"upd": {
				"Repairable": {
					"MaxDurability": 40,
					"Durability": 3
				}
			}
		},
		{
			"_id": "Pocket_781169",
			"_tpl": "590a3c0a86f774385a33c450",
			"parentId": "5c6687d65e9d882c8841f121",
			"slotId": "pocket1",
			"location": {
				"x": 0,
				"y": 0,
				"r": "Horizontal"
			},
			"upd": {
				"SpawnedInSession": true
			}
		}
	],
	"equipment": "5c6687d65e9d882c8841f0fd",
	"stash": "5c6687d65e9d882c8841f0fc",
	"questRaidItems": "5c6687d65e9d882c8841f0fe",
	"questStashItems": "5c6687d65e9d882c8841f0ff",
	"fastPanel": {}
}