{
	"items": [
		{
			"_id": "5c6687d65e9d882c8841f0fd",
			"_tpl": "55d7217a4bdc2d86028b456d"
		},
		{
			"_id": "5c6687d65e9d882c8841f121",
			"_tpl": "557ffd194bdc2d28148b457f",
			"parentId": "5c6687d65e9d882c8841f0fd",
			"slotId": "Pockets"
		},
		{
			"_id": "5c6687d65e9d882c8841f0fc",
			"_tpl": "566abbc34bdc2d92178b4576"
		},
		{
			"_id": "5c6687d65e9d882c8841f0ff",
			"_tpl": "5963866b86f7747bfa1c4462"
		},
		{
			"_id": "5c6687d65e9d882c8841f0fe",
			"_tpl": "5963866286f7747bf429b572"
		},
		{
			"_id": "TacticalVest72984",
			"_tpl": "5929a2a086f7744f4b234d43",
			"parentId": "5c6687d65e9d882c8841f0fd",
			"slotId": "TacticalVest"
		},
		{
			"_id": "I2100575273861312351wTai",
			"_tpl": "59f9cabd86f7743a10721f46",
			"parentId": "5c6687d65e9d882c8841f0fd",
			"slotId": "FirstPrimaryWeapon"
		},
		{
			"_id": "I210057522813380167Nu6u1",
			"_tpl": "5998517986f7746017232f7e",
			"parentId": "I2100575273861312351wTai",
			"slotId": "mod_pistol_grip"
		},
		{
			"_id": "I210057523015723368KvUyP",
			"_tpl": "599851db86f77467372f0a18",
			"parentId": "I2100575273861312351wTai",
			"slotId": "mod_stock"
		},
		{
			"_id": "I210057527251564162CQEtz",
			"_tpl": "599860e986f7743bb57573a6",
			"parentId": "I2100575273861312351wTai",
			"slotId": "mod_sight_rear",
			"upd": {
				"Sight": {
					"SelectedSightMode": 0
				}
			}
		},
		{
			"_id": "I210057529438870739ATwrc",
			"_tpl": "59ccd11386f77428f24a488f",
			"parentId": "I2100575273861312351wTai",
			"slotId": "mod_gas_block"
		},
		{
			"_id": "I210057523424711050mj83p",
			"_tpl": "5648b1504bdc2d9d488b4584",
			"parentId": "I210057529438870739ATwrc",
			"slotId": "mod_handguard"
		},
		{
			"_id": "mag0Vest970571",
			"_tpl": "599860ac86f77436b225ed1a",
			"parentId": "TacticalVest72984",
			"slotId": "3",
			"location": {
				"x": 0,
				"y": 0,
				"r": "Horizontal"
			}
		},
		{
			"_id": "AmmoMag0Vest13433",
			"_tpl": "58864a4f2459770fcc257101",
			"parentId": "mag0Vest970571",
			"slotId": "cartridges",
			"upd": {
				"StackObjectsCount": 30
			}
		},
		{
			"_id": "mag1Vest45558",
			"_tpl": "599860ac86f77436b225ed1a",
			"parentId": "TacticalVest72984",
			"slotId": "5",
			"location": {
				"x": 0,
				"y": 0,
				"r": "Horizontal"
			}
		},
		{
			"_id": "AmmoMag1Vest348804",
			"_tpl": "5a3c16fe86f77452b62de32a",
			"parentId": "mag1Vest45558",
			"slotId": "cartridges",
			"upd": {
				"StackObjectsCount": 30
			}
		},
		{
			"_id": "Scabbard596083",
			"_tpl": "57e26fc7245977162a14b800",
			"parentId": "5c6687d65e9d882c8841f0fd",
			"slotId": "Scabbard"
		},
		{
			"_id": "FaceCover666715",
			"_tpl": "5e54f79686f7744022011103",
			"parentId": "5c6687d65e9d882c8841f0fd",
			"slotId": "FaceCover"
		}
	],
	"equipment": "5c6687d65e9d882c8841f0fd",
	"stash": "5c6687d65e9d882c8841f0fc",
	"questRaidItems": "5c6687d65e9d882c8841f0fe",
	"questStashItems": "5c6687d65e9d882c8841f0ff",
	"fastPanel": {}
}