{
	"items": [
		{
			"_id": "5dcb1dc4fb81105cd85bf383",
			"_tpl": "55d7217a4bdc2d86028b456d"
		},
		{
			"_id": "5dcb1dc4fb81105cd85bf3a1",
			"_tpl": "57dc2fa62459775949412633",
			"parentId": "5dcb1dc4fb81105cd85bf383",
			"slotId": "FirstPrimaryWeapon"
		},
		{
			"_id": "5dcb1dc4fb81105cd85bf3a2",
			"_tpl": "57e3dba62459770f0c32322b",
			"parentId": "5dcb1dc4fb81105cd85bf3a1",
			"slotId": "mod_pistol_grip"
		},
		{
			"_id": "5dcb1dc4fb81105cd85bf3a3",
			"_tpl": "59d36a0086f7747e673f3946",
			"parentId": "5dcb1dc4fb81105cd85bf3a1",
			"slotId": "mod_gas_block"
		},
		{
			"_id": "5dcb1dc4fb81105cd85bf3a4",
			"_tpl": "57dc32dc245977596d4ef3d3",
			"parentId": "5dcb1dc4fb81105cd85bf3a3",
			"slotId": "mod_handguard"
		},
		{
			"_id": "5dcb1dc4fb81105cd85bf3a5",
			"_tpl": "57dc347d245977596754e7a1",
			"parentId": "5dcb1dc4fb81105cd85bf3a1",
			"slotId": "mod_stock"
		},
		{
			"_id": "5dcb1dc4fb81105cd85bf3a6",
			"_tpl": "55d4837c4bdc2d1d4e8b456c",
			"parentId": "5dcb1dc4fb81105cd85bf3a1",
			"slotId": "mod_magazine"
		},
		{
			"_id": "5dcb1dc4fb81105cd85bf3a7",
			"_tpl": "56dff4a2d2720bbd668b456a",
			"parentId": "5dcb1dc4fb81105cd85bf3a6",
			"slotId": "cartridges",
			"upd": {
				"StackObjectsCount": 10
			}
		},
		{
			"_id": "5dcb1dc4fb81105cd85bf3a8",
			"_tpl": "56dff4a2d2720bbd668b456a",
			"parentId": "5dcb1dc4fb81105cd85bf3a1",
			"slotId": "patron_in_weapon",
			"upd": {
				"StackObjectsCount": 1
			}
		},
		{
			"_id": "5dcb1dc4fb81105cd85bf3a9",
			"_tpl": "557ffd194bdc2d28148b457f",
			"parentId": "5dcb1dc4fb81105cd85bf383",
			"slotId": "Pockets"
		},
		{
			"_id": "5dcb1dc4fb81105cd85bf3be",
			"_tpl": "590c2c9c86f774245b1f03f2",
			"parentId": "5dcb1dc4fb81105cd85bf3a9",
			"slotId": "pocket1",
			"location": {
				"x": 0,
				"y": 0,
				"r": 0
			}
		},
		{
			"_id": "5dcb1dc4fb81105cd85bf3aa",
			"_tpl": "572b7adb24597762ae139821",
			"parentId": "5dcb1dc4fb81105cd85bf383",
			"slotId": "TacticalVest"
		},
		{
			"_id": "5dcb1dc4fb81105cd85bf3ba",
			"_tpl": "55d4837c4bdc2d1d4e8b456c",
			"parentId": "5dcb1dc4fb81105cd85bf3aa",
			"slotId": "1",
			"location": {
				"x": 0,
				"y": 0,
				"r": 0
			}
		},
		{
			"_id": "5dcb1dc4fb81105cd85bf3bb",
			"_tpl": "56dff4a2d2720bbd668b456a",
			"parentId": "5dcb1dc4fb81105cd85bf3ba",
			"slotId": "cartridges",
			"upd": {
				"StackObjectsCount": 10
			}
		},
		{
			"_id": "5dcb1dc4fb81105cd85bf3ab",
			"_tpl": "5aa2b923e5b5b000137b7589",
			"parentId": "5dcb1dc4fb81105cd85bf383",
			"slotId": "Eyewear"
		},
		{
			"_id": "5dcb1dc4fb81105cd85bf3ac",
			"_tpl": "5aa7d03ae5b5b00016327db5",
			"parentId": "5dcb1dc4fb81105cd85bf383",
			"slotId": "Headwear",
			"upd": {
				"Repairable": {
					"Durability": 7
				}
			}
		},
		{
			"_id": "5dcb1dc4fb81105cd85bf3ad",
			"_tpl": "5ab8e4ed86f7742d8e50c7fa",
			"parentId": "5dcb1dc4fb81105cd85bf383",
			"slotId": "ArmorVest",
			"upd": {
				"Repairable": {
					"Durability": 21
				}
			}
		},
		{
			"_id": "5dcb1dc4fb81105cd85bf3ae",
			"_tpl": "57e26fc7245977162a14b800",
			"parentId": "5dcb1dc4fb81105cd85bf383",
			"slotId": "Scabbard"
		},
		{
			"_id": "5dcb1dc4fb81105cd85bf3af",
			"_tpl": "544a5cde4bdc2d39388b456b",
			"parentId": "5dcb1dc4fb81105cd85bf383",
			"slotId": "Backpack"
		},
		{
			"_id": "5dcb1dc4fb81105cd85bf3bf",
			"_tpl": "57513f07245977207e26a311",
			"parentId": "5dcb1dc4fb81105cd85bf3af",
			"slotId": "main",
			"location": {
				"x": 0,
				"y": 0,
				"r": 0
			},
			"upd": {
				"FoodDrink": {
					"HpPercent": 40
				}
			}
		},
		{
			"_id": "5dcb1dc4fb81105cd85bf3b0",
			"_tpl": "5857a8bc2459772bad15db29",
			"parentId": "5dcb1dc4fb81105cd85bf383",
			"slotId": "SecuredContainer"
		},
		{
			"_id": "5dcb1dc4fb81105cd85bf3b1",
			"_tpl": "56dff4a2d2720bbd668b456a",
			"parentId": "5dcb1dc4fb81105cd85bf3b0",
			"slotId": "main",
			"location": {
				"x": 0,
				"y": 0,
				"r": 0
			},
			"upd": {
				"StackObjectsCount": 60
			}
		},
		{
			"_id": "5dcb1dc4fb81105cd85bf3b2",
			"_tpl": "56dff4a2d2720bbd668b456a",
			"parentId": "5dcb1dc4fb81105cd85bf3b0",
			"slotId": "main",
			"location": {
				"x": 1,
				"y": 0,
				"r": 0
			},
			"upd": {
				"StackObjectsCount": 60
			}
		},
		{
			"_id": "5dcb1dc4fb81105cd85bf3b3",
			"_tpl": "56dff4a2d2720bbd668b456a",
			"parentId": "5dcb1dc4fb81105cd85bf3b0",
			"slotId": "main",
			"location": {
				"x": 2,
				"y": 0,
				"r": 0
			},
			"upd": {
				"StackObjectsCount": 60
			}
		},
		{
			"_id": "5dcb1dc4fb81105cd85bf3b4",
			"_tpl": "56dff4a2d2720bbd668b456a",
			"parentId": "5dcb1dc4fb81105cd85bf3b0",
			"slotId": "main",
			"location": {
				"x": 0,
				"y": 1,
				"r": 0
			},
			"upd": {
				"StackObjectsCount": 60
			}
		},
		{
			"_id": "5dcb1dc4fb81105cd85bf3b5",
			"_tpl": "56dff4a2d2720bbd668b456a",
			"parentId": "5dcb1dc4fb81105cd85bf3b0",
			"slotId": "main",
			"location": {
				"x": 1,
				"y": 1,
				"r": 0
			},
			"upd": {
				"StackObjectsCount": 60
			}
		},
		{
			"_id": "5dcb1dc4fb81105cd85bf3b6",
			"_tpl": "56dff4a2d2720bbd668b456a",
			"parentId": "5dcb1dc4fb81105cd85bf3b0",
			"slotId": "main",
			"location": {
				"x": 2,
				"y": 1,
				"r": 0
			},
			"upd": {
				"StackObjectsCount": 60
			}
		},
		{
			"_id": "5dcb1dc4fb81105cd85bf3b7",
			"_tpl": "56dff4a2d2720bbd668b456a",
			"parentId": "5dcb1dc4fb81105cd85bf3b0",
			"slotId": "main",
			"location": {
				"x": 0,
				"y": 2,
				"r": 0
			},
			"upd": {
				"StackObjectsCount": 60
			}
		},
		{
			"_id": "5dcb1dc4fb81105cd85bf3b8",
			"_tpl": "56dff4a2d2720bbd668b456a",
			"parentId": "5dcb1dc4fb81105cd85bf3b0",
			"slotId": "main",
			"location": {
				"x": 1,
				"y": 2,
				"r": 0
			},
			"upd": {
				"StackObjectsCount": 60
			}
		},
		{
			"_id": "5dcb1dc4fb81105cd85bf3b9",
			"_tpl": "56dff4a2d2720bbd668b456a",
			"parentId": "5dcb1dc4fb81105cd85bf3b0",
			"slotId": "main",
			"location": {
				"x": 2,
				"y": 2,
				"r": 0
			},
			"upd": {
				"StackObjectsCount": 60
			}
		},
		{
			"_id": "5dcb1dc4fb81105cd85bf382",
			"_tpl": "566abbc34bdc2d92178b4576"
		},
		{
			"_id": "5dcb1dc4fb81105cd85bf385",
			"_tpl": "5963866b86f7747bfa1c4462"
		},
		{
			"_id": "5dcb1dc4fb81105cd85bf384",
			"_tpl": "5963866286f7747bf429b572"
		}
	],
	"equipment": "5dcb1dc4fb81105cd85bf383",
	"stash": "5dcb1dc4fb81105cd85bf382",
	"questRaidItems": "5dcb1dc4fb81105cd85bf384",
	"questStashItems": "5dcb1dc4fb81105cd85bf385",
	"fastPanel": {}
}