{
	"items": [
		{
			"_id": "5dcb1de5d7ed5e035c43855c",
			"_tpl": "55d7217a4bdc2d86028b456d"
		},
		{
			"_id": "5dcb1de5d7ed5e035c43857e",
			"_tpl": "5ac4cd105acfc40016339859",
			"parentId": "5dcb1de5d7ed5e035c43855c",
			"slotId": "FirstPrimaryWeapon"
		},
		{
			"_id": "5dcb1de5d7ed5e035c43857f",
			"_tpl": "59c6633186f7740cf0493bb9",
			"parentId": "5dcb1de5d7ed5e035c43857e",
			"slotId": "mod_gas_block"
		},
		{
			"_id": "5dcb1de5d7ed5e035c438580",
			"_tpl": "5648b1504bdc2d9d488b4584",
			"parentId": "5dcb1de5d7ed5e035c43857f",
			"slotId": "mod_handguard"
		},
		{
			"_id": "5dcb1de5d7ed5e035c438581",
			"_tpl": "5ac7655e5acfc40016339a19",
			"parentId": "5dcb1de5d7ed5e035c43857e",
			"slotId": "mod_muzzle"
		},
		{
			"_id": "5dcb1de5d7ed5e035c438582",
			"_tpl": "5649ade84bdc2d1b2b8b4587",
			"parentId": "5dcb1de5d7ed5e035c43857e",
			"slotId": "mod_pistol_grip"
		},
		{
			"_id": "5dcb1de5d7ed5e035c438583",
			"_tpl": "5ac50da15acfc4001718d287",
			"parentId": "5dcb1de5d7ed5e035c43857e",
			"slotId": "mod_reciever"
		},
		{
			"_id": "5dcb1de5d7ed5e035c438584",
			"_tpl": "5ac72e475acfc400180ae6fe",
			"parentId": "5dcb1de5d7ed5e035c43857e",
			"slotId": "mod_sight_rear"
		},
		{
			"_id": "5dcb1de5d7ed5e035c438585",
			"_tpl": "5ac50c185acfc400163398d4",
			"parentId": "5dcb1de5d7ed5e035c43857e",
			"slotId": "mod_stock"
		},
		{
			"_id": "5dcb1de5d7ed5e035c438587",
			"_tpl": "55d480c04bdc2d1d4e8b456a",
			"parentId": "5dcb1de5d7ed5e035c43857e",
			"slotId": "mod_magazine"
		},
		{
			"_id": "5dcb1de5d7ed5e035c438588",
			"_tpl": "56dff3afd2720bba668b4567",
			"parentId": "5dcb1de5d7ed5e035c438587",
			"slotId": "cartridges",
			"upd": {
				"StackObjectsCount": 30
			}
		},
		{
			"_id": "5dcb1de5d7ed5e035c438589",
			"_tpl": "557ffd194bdc2d28148b457f",
			"parentId": "5dcb1de5d7ed5e035c43855c",
			"slotId": "Pockets"
		},
		{
			"_id": "5dcb1de5d7ed5e035c4385a0",
			"_tpl": "57347da92459774491567cf5",
			"parentId": "5dcb1de5d7ed5e035c438589",
			"slotId": "pocket1",
			"location": {
				"x": 0,
				"y": 0,
				"r": 0
			}
		},
		{
			"_id": "5dcb1de5d7ed5e035c4385a1",
			"_tpl": "5449016a4bdc2d6f028b456f",
			"parentId": "5dcb1de5d7ed5e035c438589",
			"slotId": "pocket2",
			"location": {
				"x": 0,
				"y": 0,
				"r": 0
			},
			"upd": {
				"StackObjectsCount": 10000
			}
		},
		{
			"_id": "5dcb1de5d7ed5e035c43858a",
			"_tpl": "5ca20abf86f77418567a43f2",
			"parentId": "5dcb1de5d7ed5e035c43855c",
			"slotId": "TacticalVest"
		},
		{
			"_id": "5dcb1de5d7ed5e035c43859a",
			"_tpl": "55d480c04bdc2d1d4e8b456a",
			"parentId": "5dcb1de5d7ed5e035c43858a",
			"slotId": "1",
			"location": {
				"x": 0,
				"y": 0,
				"r": 0
			}
		},
		{
			"_id": "5dcb1de5d7ed5e035c43859b",
			"_tpl": "56dff3afd2720bba668b4567",
			"parentId": "5dcb1de5d7ed5e035c43859a",
			"slotId": "cartridges",
			"upd": {
				"StackObjectsCount": 30
			}
		},
		{
			"_id": "5dcb1de5d7ed5e035c43859c",
			"_tpl": "55d480c04bdc2d1d4e8b456a",
			"parentId": "5dcb1de5d7ed5e035c43858a",
			"slotId": "2",
			"location": {
				"x": 0,
				"y": 0,
				"r": 0
			}
		},
		{
			"_id": "5dcb1de5d7ed5e035c43859d",
			"_tpl": "56dff3afd2720bba668b4567",
			"parentId": "5dcb1de5d7ed5e035c43859c",
			"slotId": "cartridges",
			"upd": {
				"StackObjectsCount": 30
			}
		},
		{
			"_id": "5dcb1de5d7ed5e035c43858b",
			"_tpl": "5aa2b986e5b5b00014028f4c",
			"parentId": "5dcb1de5d7ed5e035c43855c",
			"slotId": "Eyewear"
		},
		{
			"_id": "5dcb1de5d7ed5e035c43858c",
			"_tpl": "59e7708286f7742cbd762753",
			"parentId": "5dcb1de5d7ed5e035c43855c",
			"slotId": "Headwear"
		},
		{
			"_id": "5dcb1de5d7ed5e035c43858d",
			"_tpl": "5ab8e4ed86f7742d8e50c7fa",
			"parentId": "5dcb1de5d7ed5e035c43855c",
			"slotId": "ArmorVest",
			"upd": {
				"Repairable": {
					"Durability": 23
				}
			}
		},
		{
			"_id": "5dcb1de5d7ed5e035c43858e",
			"_tpl": "57e26fc7245977162a14b800",
			"parentId": "5dcb1de5d7ed5e035c43855c",
			"slotId": "Scabbard"
		},
		{
			"_id": "5dcb1de5d7ed5e035c43858f",
			"_tpl": "56e33634d2720bd8058b456b",
			"parentId": "5dcb1de5d7ed5e035c43855c",
			"slotId": "Backpack"
		},
		{
			"_id": "5dcb1de5d7ed5e035c4385a2",
			"_tpl": "5751487e245977207e26a315",
			"parentId": "5dcb1de5d7ed5e035c43858f",
			"slotId": "main",
			"location": {
				"x": 0,
				"y": 0,
				"r": 0
			},
			"upd": {
				"FoodDrink": {
					"HpPercent": 1
				}
			}
		},
		{
			"_id": "5dcb1de5d7ed5e035c4385a3",
			"_tpl": "57513f07245977207e26a311",
			"parentId": "5dcb1de5d7ed5e035c43858f",
			"slotId": "main",
			"location": {
				"x": 1,
				"y": 0,
				"r": 0
			},
			"upd": {
				"FoodDrink": {
					"HpPercent": 40
				}
			}
		},
		{
			"_id": "5dcb1de5d7ed5e035c438590",
			"_tpl": "5857a8bc2459772bad15db29",
			"parentId": "5dcb1de5d7ed5e035c43855c",
			"slotId": "SecuredContainer"
		},
		{
			"_id": "5dcb1de5d7ed5e035c438591",
			"_tpl": "56dff3afd2720bba668b4567",
			"parentId": "5dcb1de5d7ed5e035c438590",
			"slotId": "main",
			"location": {
				"x": 0,
				"y": 0,
				"r": 0
			},
			"upd": {
				"StackObjectsCount": 60
			}
		},
		{
			"_id": "5dcb1de5d7ed5e035c438592",
			"_tpl": "56dff3afd2720bba668b4567",
			"parentId": "5dcb1de5d7ed5e035c438590",
			"slotId": "main",
			"location": {
				"x": 1,
				"y": 0,
				"r": 0
			},
			"upd": {
				"StackObjectsCount": 60
			}
		},
		{
			"_id": "5dcb1de5d7ed5e035c438593",
			"_tpl": "56dff3afd2720bba668b4567",
			"parentId": "5dcb1de5d7ed5e035c438590",
			"slotId": "main",
			"location": {
				"x": 2,
				"y": 0,
				"r": 0
			},
			"upd": {
				"StackObjectsCount": 60
			}
		},
		{
			"_id": "5dcb1de5d7ed5e035c438594",
			"_tpl": "56dff3afd2720bba668b4567",
			"parentId": "5dcb1de5d7ed5e035c438590",
			"slotId": "main",
			"location": {
				"x": 0,
				"y": 1,
				"r": 0
			},
			"upd": {
				"StackObjectsCount": 60
			}
		},
		{
			"_id": "5dcb1de5d7ed5e035c438595",
			"_tpl": "56dff3afd2720bba668b4567",
			"parentId": "5dcb1de5d7ed5e035c438590",
			"slotId": "main",
			"location": {
				"x": 1,
				"y": 1,
				"r": 0
			},
			"upd": {
				"StackObjectsCount": 60
			}
		},
		{
			"_id": "5dcb1de5d7ed5e035c438596",
			"_tpl": "56dff3afd2720bba668b4567",
			"parentId": "5dcb1de5d7ed5e035c438590",
			"slotId": "main",
			"location": {
				"x": 2,
				"y": 1,
				"r": 0
			},
			"upd": {
				"StackObjectsCount": 60
			}
		},
		{
			"_id": "5dcb1de5d7ed5e035c438597",
			"_tpl": "56dff3afd2720bba668b4567",
			"parentId": "5dcb1de5d7ed5e035c438590",
			"slotId": "main",
			"location": {
				"x": 0,
				"y": 2,
				"r": 0
			},
			"upd": {
				"StackObjectsCount": 60
			}
		},
		{
			"_id": "5dcb1de5d7ed5e035c438598",
			"_tpl": "56dff3afd2720bba668b4567",
			"parentId": "5dcb1de5d7ed5e035c438590",
			"slotId": "main",
			"location": {
				"x": 1,
				"y": 2,
				"r": 0
			},
			"upd": {
				"StackObjectsCount": 60
			}
		},
		{
			"_id": "5dcb1de5d7ed5e035c438599",
			"_tpl": "56dff3afd2720bba668b4567",
			"parentId": "5dcb1de5d7ed5e035c438590",
			"slotId": "main",
			"location": {
				"x": 2,
				"y": 2,
				"r": 0
			},
			"upd": {
				"StackObjectsCount": 60
			}
		},
		{
			"_id": "5dcb1de5d7ed5e035c43855b",
			"_tpl": "566abbc34bdc2d92178b4576"
		},
		{
			"_id": "5dcb1de5d7ed5e035c43855e",
			"_tpl": "5963866b86f7747bfa1c4462"
		},
		{
			"_id": "5dcb1de5d7ed5e035c43855d",
			"_tpl": "5963866286f7747bf429b572"
		}
	],
	"equipment": "5dcb1de5d7ed5e035c43855c",
	"stash": "5dcb1de5d7ed5e035c43855b",
	"questRaidItems": "5dcb1de5d7ed5e035c43855d",
	"questStashItems": "5dcb1de5d7ed5e035c43855e",
	"fastPanel": {}
}