{
	"items": [
		{
			"_id": "5dcb1dc5fb81105cd85c043c",
			"_tpl": "55d7217a4bdc2d86028b456d"
		},
		{
			"_id": "5dcb1dc5fb81105cd85c0460",
			"_tpl": "576165642459773c7a400233",
			"parentId": "5dcb1dc5fb81105cd85c043c",
			"slotId": "FirstPrimaryWeapon"
		},
		{
			"_id": "5dcb1dc5fb81105cd85c0461",
			"_tpl": "58272b392459774b4c7b3ccd",
			"parentId": "5dcb1dc5fb81105cd85c0460",
			"slotId": "mod_handguard"
		},
		{
			"_id": "5dcb1dc5fb81105cd85c0462",
			"_tpl": "57d17e212459775a1179a0f5",
			"parentId": "5dcb1dc5fb81105cd85c0461",
			"slotId": "mod_tactical_002"
		},
		{
			"_id": "5dcb1dc5fb81105cd85c0463",
			"_tpl": "59d790f486f77403cb06aec6",
			"parentId": "5dcb1dc5fb81105cd85c0462",
			"slotId": "mod_flashlight"
		},
		{
			"_id": "5dcb1dc5fb81105cd85c0464",
			"_tpl": "5649ade84bdc2d1b2b8b4587",
			"parentId": "5dcb1dc5fb81105cd85c0460",
			"slotId": "mod_pistol_grip"
		},
		{
			"_id": "5dcb1dc5fb81105cd85c0465",
			"_tpl": "57616c112459773cce774d66",
			"parentId": "5dcb1dc5fb81105cd85c0460",
			"slotId": "mod_reciever"
		},
		{
			"_id": "5dcb1dc5fb81105cd85c0466",
			"_tpl": "57a9b9ce2459770ee926038d",
			"parentId": "5dcb1dc5fb81105cd85c0460",
			"slotId": "mod_sight_rear"
		},
		{
			"_id": "5dcb1dc5fb81105cd85c0467",
			"_tpl": "57616ca52459773c69055192",
			"parentId": "5dcb1dc5fb81105cd85c0460",
			"slotId": "mod_stock"
		},
		{
			"_id": "5dcb1dc5fb81105cd85c0468",
			"_tpl": "57616a9e2459773c7a400234",
			"parentId": "5dcb1dc5fb81105cd85c0460",
			"slotId": "mod_magazine"
		},
		{
			"_id": "5dcb1dc5fb81105cd85c0469",
			"_tpl": "560d5e524bdc2d25448b4571",
			"parentId": "5dcb1dc5fb81105cd85c0468",
			"slotId": "cartridges",
			"upd": {
				"StackObjectsCount": 5
			}
		},
		{
			"_id": "5dcb1dc5fb81105cd85c046a",
			"_tpl": "560d5e524bdc2d25448b4571",
			"parentId": "5dcb1dc5fb81105cd85c0460",
			"slotId": "patron_in_weapon",
			"upd": {
				"StackObjectsCount": 1
			}
		},
		{
			"_id": "5dcb1dc5fb81105cd85c046b",
			"_tpl": "557ffd194bdc2d28148b457f",
			"parentId": "5dcb1dc5fb81105cd85c043c",
			"slotId": "Pockets"
		},
		{
			"_id": "5dcb1dc5fb81105cd85c046c",
			"_tpl": "59e7643b86f7742cbf2c109a",
			"parentId": "5dcb1dc5fb81105cd85c043c",
			"slotId": "TacticalVest"
		},
		{
			"_id": "5dcb1dc5fb81105cd85c047a",
			"_tpl": "57616a9e2459773c7a400234",
			"parentId": "5dcb1dc5fb81105cd85c046c",
			"slotId": "1",
			"location": {
				"x": 0,
				"y": 0,
				"r": 0
			}
		},
		{
			"_id": "5dcb1dc5fb81105cd85c047b",
			"_tpl": "560d5e524bdc2d25448b4571",
			"parentId": "5dcb1dc5fb81105cd85c047a",
			"slotId": "cartridges",
			"upd": {
				"StackObjectsCount": 5
			}
		},
		{
			"_id": "5dcb1dc5fb81105cd85c047c",
			"_tpl": "57616a9e2459773c7a400234",
			"parentId": "5dcb1dc5fb81105cd85c046c",
			"slotId": "1",
			"location": {
				"x": 1,
				"y": 0,
				"r": 0
			}
		},
		{
			"_id": "5dcb1dc5fb81105cd85c047d",
			"_tpl": "560d5e524bdc2d25448b4571",
			"parentId": "5dcb1dc5fb81105cd85c047c",
			"slotId": "cartridges",
			"upd": {
				"StackObjectsCount": 5
			}
		},
		{
			"_id": "5dcb1dc5fb81105cd85c047e",
			"_tpl": "57616a9e2459773c7a400234",
			"parentId": "5dcb1dc5fb81105cd85c046c",
			"slotId": "2",
			"location": {
				"x": 0,
				"y": 0,
				"r": 0
			}
		},
		{
			"_id": "5dcb1dc5fb81105cd85c047f",
			"_tpl": "560d5e524bdc2d25448b4571",
			"parentId": "5dcb1dc5fb81105cd85c047e",
			"slotId": "cartridges",
			"upd": {
				"StackObjectsCount": 5
			}
		},
		{
			"_id": "5dcb1dc5fb81105cd85c046d",
			"_tpl": "5bd073a586f7747e6f135799",
			"parentId": "5dcb1dc5fb81105cd85c043c",
			"slotId": "FaceCover"
		},
		{
			"_id": "5dcb1dc5fb81105cd85c046e",
			"_tpl": "57e26fc7245977162a14b800",
			"parentId": "5dcb1dc5fb81105cd85c043c",
			"slotId": "Scabbard"
		},
		{
			"_id": "5dcb1dc5fb81105cd85c046f",
			"_tpl": "59e763f286f7742ee57895da",
			"parentId": "5dcb1dc5fb81105cd85c043c",
			"slotId": "Backpack"
		},
		{
			"_id": "5dcb1dc5fb81105cd85c0470",
			"_tpl": "5857a8bc2459772bad15db29",
			"parentId": "5dcb1dc5fb81105cd85c043c",
			"slotId": "SecuredContainer"
		},
		{
			"_id": "5dcb1dc5fb81105cd85c0471",
			"_tpl": "560d5e524bdc2d25448b4571",
			"parentId": "5dcb1dc5fb81105cd85c0470",
			"slotId": "main",
			"location": {
				"x": 0,
				"y": 0,
				"r": 0
			},
			"upd": {
				"StackObjectsCount": 20
			}
		},
		{
			"_id": "5dcb1dc5fb81105cd85c0472",
			"_tpl": "560d5e524bdc2d25448b4571",
			"parentId": "5dcb1dc5fb81105cd85c0470",
			"slotId": "main",
			"location": {
				"x": 1,
				"y": 0,
				"r": 0
			},
			"upd": {
				"StackObjectsCount": 20
			}
		},
		{
			"_id": "5dcb1dc5fb81105cd85c0473",
			"_tpl": "560d5e524bdc2d25448b4571",
			"parentId": "5dcb1dc5fb81105cd85c0470",
			"slotId": "main",
			"location": {
				"x": 2,
				"y": 0,
				"r": 0
			},
			"upd": {
				"StackObjectsCount": 20
			}
		},
		{
			"_id": "5dcb1dc5fb81105cd85c0474",
			"_tpl": "560d5e524bdc2d25448b4571",
			"parentId": "5dcb1dc5fb81105cd85c0470",
			"slotId": "main",
			"location": {
				"x": 0,
				"y": 1,
				"r": 0
			},
			"upd": {
				"StackObjectsCount": 20
			}
		},
		{
			"_id": "5dcb1dc5fb81105cd85c0475",
			"_tpl": "560d5e524bdc2d25448b4571",
			"parentId": "5dcb1dc5fb81105cd85c0470",
			"slotId": "main",
			"location": {
				"x": 1,
				"y": 1,
				"r": 0
			},
			"upd": {
				"StackObjectsCount": 20
			}
		},
		{
			"_id": "5dcb1dc5fb81105cd85c0476",
			"_tpl": "560d5e524bdc2d25448b4571",
			"parentId": "5dcb1dc5fb81105cd85c0470",
			"slotId": "main",
			"location": {
				"x": 2,
				"y": 1,
				"r": 0
			},
			"upd": {
				"StackObjectsCount": 20
			}
		},
		{
			"_id": "5dcb1dc5fb81105cd85c0477",
			"_tpl": "560d5e524bdc2d25448b4571",
			"parentId": "5dcb1dc5fb81105cd85c0470",
			"slotId": "main",
			"location": {
				"x": 0,
				"y": 2,
				"r": 0
			},
			"upd": {
				"StackObjectsCount": 20
			}
		},
		{
			"_id": "5dcb1dc5fb81105cd85c0478",
			"_tpl": "560d5e524bdc2d25448b4571",
			"parentId": "5dcb1dc5fb81105cd85c0470",
			"slotId": "main",
			"location": {
				"x": 1,
				"y": 2,
				"r": 0
			},
			"upd": {
				"StackObjectsCount": 20
			}
		},
		{
			"_id": "5dcb1dc5fb81105cd85c0479",
			"_tpl": "560d5e524bdc2d25448b4571",
			"parentId": "5dcb1dc5fb81105cd85c0470",
			"slotId": "main",
			"location": {
				"x": 2,
				"y": 2,
				"r": 0
			},
			"upd": {
				"StackObjectsCount": 20
			}
		},
		{
			"_id": "5dcb1dc5fb81105cd85c043b",
			"_tpl": "566abbc34bdc2d92178b4576"
		},
		{
			"_id": "5dcb1dc5fb81105cd85c043e",
			"_tpl": "5963866b86f7747bfa1c4462"
		},
		{
			"_id": "5dcb1dc5fb81105cd85c043d",
			"_tpl": "5963866286f7747bf429b572"
		}
	],
	"equipment": "5dcb1dc5fb81105cd85c043c",
	"stash": "5dcb1dc5fb81105cd85c043b",
	"questRaidItems": "5dcb1dc5fb81105cd85c043d",
	"questStashItems": "5dcb1dc5fb81105cd85c043e",
	"fastPanel": {}
}