{
	"items": [
		{
			"_id": "5c6687d65e9d882c8841f0fd",
			"_tpl": "55d7217a4bdc2d86028b456d"
		},
		{
			"_id": "5c6687d65e9d882c8841f121",
			"_tpl": "557ffd194bdc2d28148b457f",
			"parentId": "5c6687d65e9d882c8841f0fd",
			"slotId": "Pockets"
		},
		{
			"_id": "5c6687d65e9d882c8841f0fc",
			"_tpl": "566abbc34bdc2d92178b4576"
		},
		{
			"_id": "5c6687d65e9d882c8841f0ff",
			"_tpl": "5963866b86f7747bfa1c4462"
		},
		{
			"_id": "5c6687d65e9d882c8841f0fe",
			"_tpl": "5963866286f7747bf429b572"
		},
		{
			"_id": "TacticalVest143968",
			"_tpl": "5c0e9f2c86f77432297fe0a3",
			"parentId": "5c6687d65e9d882c8841f0fd",
			"slotId": "TacticalVest"
		},
		{
			"_id": "I210016101782840201FfSza",
			"_tpl": "5448bd6b4bdc2dfc2f8b4569",
			"parentId": "5c6687d65e9d882c8841f0fd",
			"slotId": "Holster"
		},
		{
			"_id": "AmmoMag116130",
			"_tpl": "573718ba2459775a75491131",
			"parentId": "I210016108228972218lshfS",
			"slotId": "cartridges",
			"upd": {
				"StackObjectsCount": 8
			}
		},
		{
			"_id": "I210016108228972218lshfS",
			"_tpl": "5448c12b4bdc2d02308b456f",
			"parentId": "I210016101782840201FfSza",
			"slotId": "mod_magazine"
		},
		{
			"_id": "magP3Vest29630",
			"_tpl": "55d485be4bdc2d962f8b456f",
			"parentId": "TacticalVest143968",
			"slotId": "4",
			"location": {
				"x": 0,
				"y": 0,
				"r": "Horizontal"
			}
		},
		{
			"_id": "AmmoMagPVest754789",
			"_tpl": "57371b192459775a9f58a5e0",
			"parentId": "magP3Vest29630",
			"slotId": "cartridges",
			"upd": {
				"StackObjectsCount": 84
			}
		},
		{
			"_id": "magP6Vest38291",
			"_tpl": "55d485be4bdc2d962f8b456f",
			"parentId": "TacticalVest143968",
			"slotId": "8",
			"location": {
				"x": 0,
				"y": 0,
				"r": "Horizontal"
			}
		},
		{
			"_id": "AmmoMagPVest902269",
			"_tpl": "573719df2459775a626ccbc2",
			"parentId": "magP6Vest38291",
			"slotId": "cartridges",
			"upd": {
				"StackObjectsCount": 84
			}
		},
		{
			"_id": "Scabbard587372",
			"_tpl": "54491bb74bdc2d09088b4567",
			"parentId": "5c6687d65e9d882c8841f0fd",
			"slotId": "Scabbard"
		},
		{
			"_id": "Headwear960715",
			"_tpl": "5aa2b9ede5b5b000137b758b",
			"parentId": "5c6687d65e9d882c8841f0fd",
			"slotId": "Headwear"
		},
		{
			"_id": "Eyewear522775",
			"_tpl": "5b432be65acfc433000ed01f",
			"parentId": "5c6687d65e9d882c8841f0fd",
			"slotId": "Eyewear"
		},
		{
			"_id": "Backpack726933",
			"_tpl": "56e33634d2720bd8058b456b",
			"parentId": "5c6687d65e9d882c8841f0fd",
			"slotId": "Backpack"
		},
		{
			"_id": "BP_Backpack726933_378838",
			"_tpl": "5e2af29386f7746d4159f077",
			"parentId": "Backpack726933",
			"slotId": "main",
			"location": {
				"x": 0,
				"y": 0,
				"r": "Horizontal"
			}
		},
		{
			"_id": "BP_Backpack726933_339660",
			"_tpl": "5e2af22086f7746d3f3c33fa",
			"parentId": "Backpack726933",
			"slotId": "main",
			"location": {
				"x": 0,
				"y": 1,
				"r": "Horizontal"
			}
		},
		{
			"_id": "BP_Backpack726933_416603",
			"_tpl": "5d03775b86f774203e7e0c4b",
			"parentId": "Backpack726933",
			"slotId": "main",
			"location": {
				"x": 1,
				"y": 0,
				"r": "Horizontal"
			}
		},
		{
			"_id": "BP_Backpack726933_994702",
			"_tpl": "590a3cd386f77436f20848cb",
			"parentId": "Backpack726933",
			"slotId": "main",
			"location": {
				"x": 0,
				"y": 2,
				"r": "Horizontal"
			}
		},
		{
			"_id": "BP_Backpack726933_680693",
			"_tpl": "573477e124597737dd42e191",
			"parentId": "Backpack726933",
			"slotId": "main",
			"location": {
				"x": 1,
				"y": 2,
				"r": "Horizontal"
			}
		},
		{
			"_id": "BP_Backpack726933_472084",
			"_tpl": "59e35cbb86f7741778269d83",
			"parentId": "Backpack726933",
			"slotId": "main",
			"location": {
				"x": 2,
				"y": 2,
				"r": "Horizontal"
			}
		},
		{
			"_id": "BP_Backpack726933_332742",
			"_tpl": "5938994586f774523a425196",
			"parentId": "Backpack726933",
			"slotId": "main",
			"location": {
				"x": 3,
				"y": 0,
				"r": "Horizontal"
			}
		},
		{
			"_id": "BP_Backpack726933_158755",
			"_tpl": "590a3b0486f7743954552bdb",
			"parentId": "Backpack726933",
			"slotId": "main",
			"location": {
				"x": 3,
				"y": 1,
				"r": "Horizontal"
			}
		},
		{
			"_id": "Pocket_18817",
			"_tpl": "590a3b0486f7743954552bdb",
			"parentId": "5c6687d65e9d882c8841f121",
			"slotId": "pocket1",
			"location": {
				"x": 0,
				"y": 0,
				"r": "Horizontal"
			},
			"upd": {
				"SpawnedInSession": true
			}
		},
		{
			"_id": "Pocket_763552",
			"_tpl": "590a373286f774287540368b",
			"parentId": "5c6687d65e9d882c8841f121",
			"slotId": "pocket2",
			"location": {
				"x": 0,
				"y": 0,
				"r": "Horizontal"
			},
			"upd": {
				"SpawnedInSession": true
			}
		},
		{
			"_id": "Pocket_310270",
			"_tpl": "5909e99886f7740c983b9984",
			"parentId": "5c6687d65e9d882c8841f121",
			"slotId": "pocket3",
			"location": {
				"x": 0,
				"y": 0,
				"r": "Horizontal"
			},
			"upd": {
				"SpawnedInSession": true
			}
		}
	],
	"equipment": "5c6687d65e9d882c8841f0fd",
	"stash": "5c6687d65e9d882c8841f0fc",
	"questRaidItems": "5c6687d65e9d882c8841f0fe",
	"questStashItems": "5c6687d65e9d882c8841f0ff",
	"fastPanel": {}
}