{
	"items": [
		{
			"_id": "5dcb1dc4fb81105cd85bdde0",
			"_tpl": "55d7217a4bdc2d86028b456d"
		},
		{
			"_id": "5dcb1dc4fb81105cd85bddf8",
			"_tpl": "54491c4f4bdc2db1078b4568",
			"parentId": "5dcb1dc4fb81105cd85bdde0",
			"slotId": "FirstPrimaryWeapon"
		},
		{
			"_id": "5dcb1dc4fb81105cd85bddf9",
			"_tpl": "55d4491a4bdc2d882f8b456e",
			"parentId": "5dcb1dc4fb81105cd85bddf8",
			"slotId": "mod_barrel"
		},
		{
			"_id": "5dcb1dc4fb81105cd85bddfa",
			"_tpl": "55d45d3f4bdc2d972f8b456c",
			"parentId": "5dcb1dc4fb81105cd85bddf8",
			"slotId": "mod_handguard"
		},
		{
			"_id": "5dcb1dc4fb81105cd85bddfb",
			"_tpl": "56083be64bdc2d20478b456f",
			"parentId": "5dcb1dc4fb81105cd85bddf8",
			"slotId": "mod_stock"
		},
		{
			"_id": "5dcb1dc4fb81105cd85bddfc",
			"_tpl": "55d48ebc4bdc2d8c2f8b456c",
			"parentId": "5dcb1dc4fb81105cd85bddf8",
			"slotId": "mod_mount_000"
		},
		{
			"_id": "5dcb1dc4fb81105cd85bddfd",
			"_tpl": "57d17e212459775a1179a0f5",
			"parentId": "5dcb1dc4fb81105cd85bddfc",
			"slotId": "mod_tactical_001"
		},
		{
			"_id": "5dcb1dc4fb81105cd85bddfe",
			"_tpl": "57d17c5e2459775a5c57d17d",
			"parentId": "5dcb1dc4fb81105cd85bddfd",
			"slotId": "mod_flashlight"
		},
		{
			"_id": "5dcb1dc4fb81105cd85bddff",
			"_tpl": "55d484b44bdc2d1d4e8b456d",
			"parentId": "5dcb1dc4fb81105cd85bddf8",
			"slotId": "mod_magazine"
		},
		{
			"_id": "5dcb1dc4fb81105cd85bde00",
			"_tpl": "5d6e6869a4b9361c140bcfde",
			"parentId": "5dcb1dc4fb81105cd85bddff",
			"slotId": "cartridges",
			"upd": {
				"StackObjectsCount": 6
			}
		},
		{
			"_id": "5dcb1dc4fb81105cd85bde01",
			"_tpl": "5d6e6869a4b9361c140bcfde",
			"parentId": "5dcb1dc4fb81105cd85bddf8",
			"slotId": "patron_in_weapon",
			"upd": {
				"StackObjectsCount": 1
			}
		},
		{
			"_id": "5dcb1dc4fb81105cd85bde02",
			"_tpl": "557ffd194bdc2d28148b457f",
			"parentId": "5dcb1dc4fb81105cd85bdde0",
			"slotId": "Pockets"
		},
		{
			"_id": "5dcb1dc4fb81105cd85bde10",
			"_tpl": "59e3577886f774176a362503",
			"parentId": "5dcb1dc4fb81105cd85bde02",
			"slotId": "pocket1",
			"location": {
				"x": 0,
				"y": 0,
				"r": 0
			},
			"upd": {
				"FoodDrink": {
					"HpPercent": 45
				}
			}
		},
		{
			"_id": "5dcb1dc4fb81105cd85bde03",
			"_tpl": "572b7adb24597762ae139821",
			"parentId": "5dcb1dc4fb81105cd85bdde0",
			"slotId": "TacticalVest"
		},
		{
			"_id": "5dcb1dc4fb81105cd85bde0e",
			"_tpl": "5d6e6869a4b9361c140bcfde",
			"parentId": "5dcb1dc4fb81105cd85bde03",
			"slotId": "1",
			"location": {
				"x": 0,
				"y": 0,
				"r": 0
			},
			"upd": {
				"StackObjectsCount": 9
			}
		},
		{
			"_id": "5dcb1dc4fb81105cd85bde04",
			"_tpl": "5857a8bc2459772bad15db29",
			"parentId": "5dcb1dc4fb81105cd85bdde0",
			"slotId": "SecuredContainer"
		},
		{
			"_id": "5dcb1dc4fb81105cd85bde05",
			"_tpl": "5d6e6869a4b9361c140bcfde",
			"parentId": "5dcb1dc4fb81105cd85bde04",
			"slotId": "main",
			"location": {
				"x": 0,
				"y": 0,
				"r": 0
			},
			"upd": {
				"StackObjectsCount": 20
			}
		},
		{
			"_id": "5dcb1dc4fb81105cd85bde06",
			"_tpl": "5d6e6869a4b9361c140bcfde",
			"parentId": "5dcb1dc4fb81105cd85bde04",
			"slotId": "main",
			"location": {
				"x": 1,
				"y": 0,
				"r": 0
			},
			"upd": {
				"StackObjectsCount": 20
			}
		},
		{
			"_id": "5dcb1dc4fb81105cd85bde07",
			"_tpl": "5d6e6869a4b9361c140bcfde",
			"parentId": "5dcb1dc4fb81105cd85bde04",
			"slotId": "main",
			"location": {
				"x": 2,
				"y": 0,
				"r": 0
			},
			"upd": {
				"StackObjectsCount": 20
			}
		},
		{
			"_id": "5dcb1dc4fb81105cd85bde08",
			"_tpl": "5d6e6869a4b9361c140bcfde",
			"parentId": "5dcb1dc4fb81105cd85bde04",
			"slotId": "main",
			"location": {
				"x": 0,
				"y": 1,
				"r": 0
			},
			"upd": {
				"StackObjectsCount": 20
			}
		},
		{
			"_id": "5dcb1dc4fb81105cd85bde09",
			"_tpl": "5d6e6869a4b9361c140bcfde",
			"parentId": "5dcb1dc4fb81105cd85bde04",
			"slotId": "main",
			"location": {
				"x": 1,
				"y": 1,
				"r": 0
			},
			"upd": {
				"StackObjectsCount": 20
			}
		},
		{
			"_id": "5dcb1dc4fb81105cd85bde0a",
			"_tpl": "5d6e6869a4b9361c140bcfde",
			"parentId": "5dcb1dc4fb81105cd85bde04",
			"slotId": "main",
			"location": {
				"x": 2,
				"y": 1,
				"r": 0
			},
			"upd": {
				"StackObjectsCount": 20
			}
		},
		{
			"_id": "5dcb1dc4fb81105cd85bde0b",
			"_tpl": "5d6e6869a4b9361c140bcfde",
			"parentId": "5dcb1dc4fb81105cd85bde04",
			"slotId": "main",
			"location": {
				"x": 0,
				"y": 2,
				"r": 0
			},
			"upd": {
				"StackObjectsCount": 20
			}
		},
		{
			"_id": "5dcb1dc4fb81105cd85bde0c",
			"_tpl": "5d6e6869a4b9361c140bcfde",
			"parentId": "5dcb1dc4fb81105cd85bde04",
			"slotId": "main",
			"location": {
				"x": 1,
				"y": 2,
				"r": 0
			},
			"upd": {
				"StackObjectsCount": 20
			}
		},
		{
			"_id": "5dcb1dc4fb81105cd85bde0d",
			"_tpl": "5d6e6869a4b9361c140bcfde",
			"parentId": "5dcb1dc4fb81105cd85bde04",
			"slotId": "main",
			"location": {
				"x": 2,
				"y": 2,
				"r": 0
			},
			"upd": {
				"StackObjectsCount": 20
			}
		},
		{
			"_id": "5dcb1dc4fb81105cd85bdddf",
			"_tpl": "566abbc34bdc2d92178b4576"
		},
		{
			"_id": "5dcb1dc4fb81105cd85bdde2",
			"_tpl": "5963866b86f7747bfa1c4462"
		},
		{
			"_id": "5dcb1dc4fb81105cd85bdde1",
			"_tpl": "5963866286f7747bf429b572"
		}
	],
	"equipment": "5dcb1dc4fb81105cd85bdde0",
	"stash": "5dcb1dc4fb81105cd85bdddf",
	"questRaidItems": "5dcb1dc4fb81105cd85bdde1",
	"questStashItems": "5dcb1dc4fb81105cd85bdde2",
	"fastPanel": {}
}