{
	"items": [
		{
			"_id": "5c6687d65e9d882c8841f0fd",
			"_tpl": "55d7217a4bdc2d86028b456d"
		},
		{
			"_id": "5c6687d65e9d882c8841f121",
			"_tpl": "557ffd194bdc2d28148b457f",
			"parentId": "5c6687d65e9d882c8841f0fd",
			"slotId": "Pockets"
		},
		{
			"_id": "5c6687d65e9d882c8841f0fc",
			"_tpl": "566abbc34bdc2d92178b4576"
		},
		{
			"_id": "5c6687d65e9d882c8841f0ff",
			"_tpl": "5963866b86f7747bfa1c4462"
		},
		{
			"_id": "5c6687d65e9d882c8841f0fe",
			"_tpl": "5963866286f7747bf429b572"
		},
		{
			"_id": "TacticalVest962491",
			"_tpl": "5929a2a086f7744f4b234d43",
			"parentId": "5c6687d65e9d882c8841f0fd",
			"slotId": "TacticalVest"
		},
		{
			"_id": "I210046325767935538dzJEG",
			"_tpl": "5839a40f24597726f856b511",
			"parentId": "5c6687d65e9d882c8841f0fd",
			"slotId": "FirstPrimaryWeapon"
		},
		{
			"_id": "I210046324182160245NVZz6",
			"_tpl": "5649ad3f4bdc2df8348b4585",
			"parentId": "I210046325767935538dzJEG",
			"slotId": "mod_pistol_grip"
		},
		{
			"_id": "I2100463211290734981wn4v",
			"_tpl": "57dc347d245977596754e7a1",
			"parentId": "I210046325767935538dzJEG",
			"slotId": "mod_stock"
		},
		{
			"_id": "I210046326592537454dDTXE",
			"_tpl": "57ffb0e42459777d047111c5",
			"parentId": "I210046325767935538dzJEG",
			"slotId": "mod_muzzle"
		},
		{
			"_id": "I210046325702312545IXoWp",
			"_tpl": "59d36a0086f7747e673f3946",
			"parentId": "I210046325767935538dzJEG",
			"slotId": "mod_gas_block"
		},
		{
			"_id": "I2100463231740353212pyFV",
			"_tpl": "57dc32dc245977596d4ef3d3",
			"parentId": "I210046325702312545IXoWp",
			"slotId": "mod_handguard"
		},
		{
			"_id": "mag0Vest320049",
			"_tpl": "55d4837c4bdc2d1d4e8b456c",
			"parentId": "TacticalVest962491",
			"slotId": "3",
			"location": {
				"x": 0,
				"y": 0,
				"r": "Horizontal"
			}
		},
		{
			"_id": "AmmoMag0Vest543142",
			"_tpl": "56dff4a2d2720bbd668b456a",
			"parentId": "mag0Vest320049",
			"slotId": "cartridges",
			"upd": {
				"StackObjectsCount": 10
			}
		},
		{
			"_id": "mag1Vest612245",
			"_tpl": "55d4837c4bdc2d1d4e8b456c",
			"parentId": "TacticalVest962491",
			"slotId": "5",
			"location": {
				"x": 0,
				"y": 1,
				"r": "Horizontal"
			}
		},
		{
			"_id": "AmmoMag1Vest757864",
			"_tpl": "56dff3afd2720bba668b4567",
			"parentId": "mag1Vest612245",
			"slotId": "cartridges",
			"upd": {
				"StackObjectsCount": 10
			}
		},
		{
			"_id": "StackAmmo42184275708",
			"_tpl": "56dff026d2720bb8668b4567",
			"parentId": "TacticalVest962491",
			"slotId": "8",
			"upd": {
				"StackObjectsCount": 53
			}
		},
		{
			"_id": "Scabbard718593",
			"_tpl": "5bffdc370db834001d23eca8",
			"parentId": "5c6687d65e9d882c8841f0fd",
			"slotId": "Scabbard"
		},
		{
			"_id": "Eyewear198932",
			"_tpl": "5b432be65acfc433000ed01f",
			"parentId": "5c6687d65e9d882c8841f0fd",
			"slotId": "Eyewear"
		},
		{
			"_id": "FaceCover54202",
			"_tpl": "59e7715586f7742ee5789605",
			"parentId": "5c6687d65e9d882c8841f0fd",
			"slotId": "FaceCover"
		},
		{
			"_id": "Backpack633906",
			"_tpl": "59e763f286f7742ee57895da",
			"parentId": "5c6687d65e9d882c8841f0fd",
			"slotId": "Backpack"
		},
		{
			"_id": "BP_Backpack633906_497450",
			"_tpl": "590a386e86f77429692b27ab",
			"parentId": "Backpack633906",
			"slotId": "main",
			"location": {
				"x": 0,
				"y": 0,
				"r": "Horizontal"
			}
		},
		{
			"_id": "BP_Backpack633906_903061",
			"_tpl": "5734781f24597737e04bf32a",
			"parentId": "Backpack633906",
			"slotId": "main",
			"location": {
				"x": 0,
				"y": 1,
				"r": "Horizontal"
			}
		},
		{
			"_id": "BP_Backpack633906_166332",
			"_tpl": "590a3b0486f7743954552bdb",
			"parentId": "Backpack633906",
			"slotId": "main",
			"location": {
				"x": 0,
				"y": 2,
				"r": "Horizontal"
			}
		},
		{
			"_id": "BP_Backpack633906_719673",
			"_tpl": "590a358486f77429692b2790",
			"parentId": "Backpack633906",
			"slotId": "main",
			"location": {
				"x": 0,
				"y": 3,
				"r": "Horizontal"
			}
		},
		{
			"_id": "BP_Backpack633906_241443",
			"_tpl": "57347baf24597738002c6178",
			"parentId": "Backpack633906",
			"slotId": "main",
			"location": {
				"x": 0,
				"y": 4,
				"r": "Horizontal"
			}
		},
		{
			"_id": "BP_Backpack633906_644982",
			"_tpl": "5d80c6fc86f774403a401e3c",
			"parentId": "Backpack633906",
			"slotId": "main",
			"location": {
				"x": 0,
				"y": 5,
				"r": "Horizontal"
			}
		},
		{
			"_id": "ArmorVest84396",
			"_tpl": "59e7635f86f7742cbf2c1095",
			"parentId": "5c6687d65e9d882c8841f0fd",
			"slotId": "ArmorVest",
			"upd": {
				"Repairable": {
					"MaxDurability": 40,
					"Durability": 38
				}
			}
		}
	],
	"equipment": "5c6687d65e9d882c8841f0fd",
	"stash": "5c6687d65e9d882c8841f0fc",
	"questRaidItems": "5c6687d65e9d882c8841f0fe",
	"questStashItems": "5c6687d65e9d882c8841f0ff",
	"fastPanel": {}
}