{
	"items": [
		{
			"_id": "5c6687d65e9d882c8841f0fd",
			"_tpl": "55d7217a4bdc2d86028b456d"
		},
		{
			"_id": "5c6687d65e9d882c8841f121",
			"_tpl": "557ffd194bdc2d28148b457f",
			"parentId": "5c6687d65e9d882c8841f0fd",
			"slotId": "Pockets"
		},
		{
			"_id": "5c6687d65e9d882c8841f0fc",
			"_tpl": "566abbc34bdc2d92178b4576"
		},
		{
			"_id": "5c6687d65e9d882c8841f0ff",
			"_tpl": "5963866b86f7747bfa1c4462"
		},
		{
			"_id": "5c6687d65e9d882c8841f0fe",
			"_tpl": "5963866286f7747bf429b572"
		},
		{
			"_id": "TacticalVest166608",
			"_tpl": "5648a69d4bdc2ded0b8b457b",
			"parentId": "5c6687d65e9d882c8841f0fd",
			"slotId": "TacticalVest"
		},
		{
			"_id": "I210016352266185794zd3SI",
			"_tpl": "56e0598dd2720bb5668b45a6",
			"parentId": "5c6687d65e9d882c8841f0fd",
			"slotId": "Holster"
		},
		{
			"_id": "AmmoMag175010",
			"_tpl": "57371eb62459776125652ac1",
			"parentId": "I210016359259926518drwwp",
			"slotId": "cartridges",
			"upd": {
				"StackObjectsCount": 8
			}
		},
		{
			"_id": "I210016359259926518drwwp",
			"_tpl": "5448c12b4bdc2d02308b456f",
			"parentId": "I210016352266185794zd3SI",
			"slotId": "mod_magazine"
		},
		{
			"_id": "I210016357401982149X62Eg",
			"_tpl": "56e05b06d2720bb2668b4586",
			"parentId": "I210016352266185794zd3SI",
			"slotId": "mod_muzzle"
		},
		{
			"_id": "I210016359320850162BUbDs",
			"_tpl": "56e05a6ed2720bd0748b4567",
			"parentId": "I210016352266185794zd3SI",
			"slotId": "mod_pistol_grip"
		},
		{
			"_id": "magP0Vest75261",
			"_tpl": "5448c12b4bdc2d02308b456f",
			"parentId": "TacticalVest166608",
			"slotId": "1",
			"location": {
				"x": 0,
				"y": 0,
				"r": "Horizontal"
			}
		},
		{
			"_id": "AmmoMagPVest394271",
			"_tpl": "573719762459775a626ccbc1",
			"parentId": "magP0Vest75261",
			"slotId": "cartridges",
			"upd": {
				"StackObjectsCount": 8
			}
		},
		{
			"_id": "magP1Vest68535",
			"_tpl": "5448c12b4bdc2d02308b456f",
			"parentId": "TacticalVest166608",
			"slotId": "3",
			"location": {
				"x": 0,
				"y": 1,
				"r": "Horizontal"
			}
		},
		{
			"_id": "AmmoMagPVest719166",
			"_tpl": "573718ba2459775a75491131",
			"parentId": "magP1Vest68535",
			"slotId": "cartridges",
			"upd": {
				"StackObjectsCount": 8
			}
		},
		{
			"_id": "magP2Vest69031",
			"_tpl": "5448c12b4bdc2d02308b456f",
			"parentId": "TacticalVest166608",
			"slotId": "10",
			"location": {
				"x": 0,
				"y": 1,
				"r": "Horizontal"
			}
		},
		{
			"_id": "AmmoMagPVest280021",
			"_tpl": "573720e02459776143012541",
			"parentId": "magP2Vest69031",
			"slotId": "cartridges",
			"upd": {
				"StackObjectsCount": 8
			}
		},
		{
			"_id": "Scabbard692564",
			"_tpl": "5bffdc370db834001d23eca8",
			"parentId": "5c6687d65e9d882c8841f0fd",
			"slotId": "Scabbard"
		}
	],
	"equipment": "5c6687d65e9d882c8841f0fd",
	"stash": "5c6687d65e9d882c8841f0fc",
	"questRaidItems": "5c6687d65e9d882c8841f0fe",
	"questStashItems": "5c6687d65e9d882c8841f0ff",
	"fastPanel": {}
}