{
	"items": [
		{
			"_id": "5c6687d65e9d882c8841f0fd",
			"_tpl": "55d7217a4bdc2d86028b456d"
		},
		{
			"_id": "5c6687d65e9d882c8841f121",
			"_tpl": "557ffd194bdc2d28148b457f",
			"parentId": "5c6687d65e9d882c8841f0fd",
			"slotId": "Pockets"
		},
		{
			"_id": "5c6687d65e9d882c8841f0fc",
			"_tpl": "566abbc34bdc2d92178b4576"
		},
		{
			"_id": "5c6687d65e9d882c8841f0ff",
			"_tpl": "5963866b86f7747bfa1c4462"
		},
		{
			"_id": "5c6687d65e9d882c8841f0fe",
			"_tpl": "5963866286f7747bf429b572"
		},
		{
			"_id": "TacticalVest437470",
			"_tpl": "5c0e3eb886f7742015526062",
			"parentId": "5c6687d65e9d882c8841f0fd",
			"slotId": "TacticalVest"
		},
		{
			"_id": "I21010265504522009TBuwbo",
			"_tpl": "59e6687d86f77411d949b251",
			"parentId": "5c6687d65e9d882c8841f0fd",
			"slotId": "FirstPrimaryWeapon"
		},
		{
			"_id": "I21010265751449918UvKVPv",
			"_tpl": "59e649f986f77411d949b246",
			"parentId": "I21010265504522009TBuwbo",
			"slotId": "mod_gas_block"
		},
		{
			"_id": "I21010266569582759FFh8kx",
			"_tpl": "59e8a00d86f7742ad93b569c",
			"parentId": "I21010265504522009TBuwbo",
			"slotId": "mod_muzzle"
		},
		{
			"_id": "I21010266584399884H3qGhu",
			"_tpl": "59e6318286f77444dd62c4cc",
			"parentId": "I21010265504522009TBuwbo",
			"slotId": "mod_pistol_grip"
		},
		{
			"_id": "I21010264917213010iARlI7",
			"_tpl": "59e6449086f7746c9f75e822",
			"parentId": "I21010265504522009TBuwbo",
			"slotId": "mod_reciever"
		},
		{
			"_id": "I21010267665084947xlMqPY",
			"_tpl": "59e8977386f77415a553c453",
			"parentId": "I21010265504522009TBuwbo",
			"slotId": "mod_sight_rear",
			"upd": {
				"Sight": {
					"SelectedSightMode": 0
				}
			}
		},
		{
			"_id": "I21010266295321850oWuRX2",
			"_tpl": "59e898ee86f77427614bd225",
			"parentId": "I21010265751449918UvKVPv",
			"slotId": "mod_handguard"
		},
		{
			"_id": "I21001757668557060Bjv1eC",
			"_tpl": "571a12c42459771f627b58a0",
			"parentId": "5c6687d65e9d882c8841f0fd",
			"slotId": "Holster"
		},
		{
			"_id": "I21001752545861522Hrs7bx",
			"_tpl": "571a26d524597720680fbe8a",
			"parentId": "I21001757668557060Bjv1eC",
			"slotId": "mod_barrel"
		},
		{
			"_id": "I21001756958578917Q4Swdx",
			"_tpl": "571a282c2459771fb2755a69",
			"parentId": "I21001757668557060Bjv1eC",
			"slotId": "mod_pistol_grip"
		},
		{
			"_id": "AmmoMag186919",
			"_tpl": "5736026a245977644601dc61",
			"parentId": "I21001752964453656ilQvg2",
			"slotId": "cartridges",
			"upd": {
				"StackObjectsCount": 8
			}
		},
		{
			"_id": "I21001752964453656ilQvg2",
			"_tpl": "571a29dc2459771fb2755a6a",
			"parentId": "I21001757668557060Bjv1eC",
			"slotId": "mod_magazine"
		},
		{
			"_id": "mag0Vest895291",
			"_tpl": "59fafc9386f774067d462453",
			"parentId": "TacticalVest437470",
			"slotId": "1",
			"location": {
				"x": 0,
				"y": 0,
				"r": "Horizontal"
			}
		},
		{
			"_id": "AmmoMag0Vest892470",
			"_tpl": "59e655cb86f77411dc52a77b",
			"parentId": "mag0Vest895291",
			"slotId": "cartridges",
			"upd": {
				"StackObjectsCount": 30
			}
		},
		{
			"_id": "mag2Vest25776",
			"_tpl": "59fafc9386f774067d462453",
			"parentId": "TacticalVest437470",
			"slotId": "4",
			"location": {
				"x": 0,
				"y": 0,
				"r": "Horizontal"
			}
		},
		{
			"_id": "AmmoMag2Vest515507",
			"_tpl": "59e655cb86f77411dc52a77b",
			"parentId": "mag2Vest25776",
			"slotId": "cartridges",
			"upd": {
				"StackObjectsCount": 30
			}
		},
		{
			"_id": "StackAmmo76140470431",
			"_tpl": "59e6658b86f77411d949b250",
			"parentId": "TacticalVest437470",
			"slotId": "5",
			"upd": {
				"StackObjectsCount": 18
			}
		},
		{
			"_id": "magP0Vest4278",
			"_tpl": "571a29dc2459771fb2755a6a",
			"parentId": "TacticalVest437470",
			"slotId": "2",
			"location": {
				"x": 0,
				"y": 0,
				"r": "Horizontal"
			}
		},
		{
			"_id": "AmmoMagPVest539939",
			"_tpl": "573601b42459776410737435",
			"parentId": "magP0Vest4278",
			"slotId": "cartridges",
			"upd": {
				"StackObjectsCount": 8
			}
		},
		{
			"_id": "Scabbard461022",
			"_tpl": "57e26ea924597715ca604a09",
			"parentId": "5c6687d65e9d882c8841f0fd",
			"slotId": "Scabbard"
		},
		{
			"_id": "Headwear358297",
			"_tpl": "572b7d8524597762b472f9d1",
			"parentId": "5c6687d65e9d882c8841f0fd",
			"slotId": "Headwear"
		},
		{
			"_id": "Eyewear953556",
			"_tpl": "5aa2b986e5b5b00014028f4c",
			"parentId": "5c6687d65e9d882c8841f0fd",
			"slotId": "Eyewear"
		},
		{
			"_id": "Pocket_948153",
			"_tpl": "590a3cd386f77436f20848cb",
			"parentId": "5c6687d65e9d882c8841f121",
			"slotId": "pocket1",
			"location": {
				"x": 0,
				"y": 0,
				"r": "Horizontal"
			},
			"upd": {
				"SpawnedInSession": true
			}
		}
	],
	"equipment": "5c6687d65e9d882c8841f0fd",
	"stash": "5c6687d65e9d882c8841f0fc",
	"questRaidItems": "5c6687d65e9d882c8841f0fe",
	"questStashItems": "5c6687d65e9d882c8841f0ff",
	"fastPanel": {}
}