{
	"items": [
		{
			"_id": "5dcb1df1cc51617bf52d88de",
			"_tpl": "55d7217a4bdc2d86028b456d"
		},
		{
			"_id": "5dcb1df1cc51617bf52d88ff",
			"_tpl": "54491c4f4bdc2db1078b4568",
			"parentId": "5dcb1df1cc51617bf52d88de",
			"slotId": "FirstPrimaryWeapon"
		},
		{
			"_id": "5dcb1df1cc51617bf52d8900",
			"_tpl": "55d4491a4bdc2d882f8b456e",
			"parentId": "5dcb1df1cc51617bf52d88ff",
			"slotId": "mod_barrel"
		},
		{
			"_id": "5dcb1df1cc51617bf52d8901",
			"_tpl": "55d45d3f4bdc2d972f8b456c",
			"parentId": "5dcb1df1cc51617bf52d88ff",
			"slotId": "mod_handguard"
		},
		{
			"_id": "5dcb1df1cc51617bf52d8902",
			"_tpl": "56083a334bdc2dc8488b4571",
			"parentId": "5dcb1df1cc51617bf52d88ff",
			"slotId": "mod_stock"
		},
		{
			"_id": "5dcb1df1cc51617bf52d8903",
			"_tpl": "55d48ebc4bdc2d8c2f8b456c",
			"parentId": "5dcb1df1cc51617bf52d88ff",
			"slotId": "mod_mount_000"
		},
		{
			"_id": "5dcb1df1cc51617bf52d8904",
			"_tpl": "56def37dd2720bec348b456a",
			"parentId": "5dcb1df1cc51617bf52d8903",
			"slotId": "mod_tactical_001"
		},
		{
			"_id": "5dcb1df1cc51617bf52d8905",
			"_tpl": "55d484b44bdc2d1d4e8b456d",
			"parentId": "5dcb1df1cc51617bf52d88ff",
			"slotId": "mod_magazine"
		},
		{
			"_id": "5dcb1df1cc51617bf52d8906",
			"_tpl": "560d5e524bdc2d25448b4571",
			"parentId": "5dcb1df1cc51617bf52d8905",
			"slotId": "cartridges",
			"upd": {
				"StackObjectsCount": 6
			}
		},
		{
			"_id": "5dcb1df1cc51617bf52d8907",
			"_tpl": "560d5e524bdc2d25448b4571",
			"parentId": "5dcb1df1cc51617bf52d88ff",
			"slotId": "patron_in_weapon",
			"upd": {
				"StackObjectsCount": 1
			}
		},
		{
			"_id": "5dcb1df1cc51617bf52d8908",
			"_tpl": "557ffd194bdc2d28148b457f",
			"parentId": "5dcb1df1cc51617bf52d88de",
			"slotId": "Pockets"
		},
		{
			"_id": "5dcb1df1cc51617bf52d8909",
			"_tpl": "572b7adb24597762ae139821",
			"parentId": "5dcb1df1cc51617bf52d88de",
			"slotId": "TacticalVest"
		},
		{
			"_id": "5dcb1df1cc51617bf52d8915",
			"_tpl": "560d5e524bdc2d25448b4571",
			"parentId": "5dcb1df1cc51617bf52d8909",
			"slotId": "1",
			"location": {
				"x": 0,
				"y": 0,
				"r": 0
			},
			"upd": {
				"StackObjectsCount": 20
			}
		},
		{
			"_id": "5dcb1df1cc51617bf52d8916",
			"_tpl": "560d5e524bdc2d25448b4571",
			"parentId": "5dcb1df1cc51617bf52d8909",
			"slotId": "2",
			"location": {
				"x": 0,
				"y": 0,
				"r": 0
			},
			"upd": {
				"StackObjectsCount": 12
			}
		},
		{
			"_id": "5dcb1df1cc51617bf52d8917",
			"_tpl": "560d5e524bdc2d25448b4571",
			"parentId": "5dcb1df1cc51617bf52d8909",
			"slotId": "2",
			"location": {
				"x": 0,
				"y": 1,
				"r": 0
			},
			"upd": {
				"StackObjectsCount": 19
			}
		},
		{
			"_id": "5dcb1df1cc51617bf52d890a",
			"_tpl": "5aa2ba19e5b5b00014028f4e",
			"parentId": "5dcb1df1cc51617bf52d88de",
			"slotId": "Headwear"
		},
		{
			"_id": "5dcb1df1cc51617bf52d890b",
			"_tpl": "5857a8bc2459772bad15db29",
			"parentId": "5dcb1df1cc51617bf52d88de",
			"slotId": "SecuredContainer"
		},
		{
			"_id": "5dcb1df1cc51617bf52d890c",
			"_tpl": "560d5e524bdc2d25448b4571",
			"parentId": "5dcb1df1cc51617bf52d890b",
			"slotId": "main",
			"location": {
				"x": 0,
				"y": 0,
				"r": 0
			},
			"upd": {
				"StackObjectsCount": 20
			}
		},
		{
			"_id": "5dcb1df1cc51617bf52d890d",
			"_tpl": "560d5e524bdc2d25448b4571",
			"parentId": "5dcb1df1cc51617bf52d890b",
			"slotId": "main",
			"location": {
				"x": 1,
				"y": 0,
				"r": 0
			},
			"upd": {
				"StackObjectsCount": 20
			}
		},
		{
			"_id": "5dcb1df1cc51617bf52d890e",
			"_tpl": "560d5e524bdc2d25448b4571",
			"parentId": "5dcb1df1cc51617bf52d890b",
			"slotId": "main",
			"location": {
				"x": 2,
				"y": 0,
				"r": 0
			},
			"upd": {
				"StackObjectsCount": 20
			}
		},
		{
			"_id": "5dcb1df1cc51617bf52d890f",
			"_tpl": "560d5e524bdc2d25448b4571",
			"parentId": "5dcb1df1cc51617bf52d890b",
			"slotId": "main",
			"location": {
				"x": 0,
				"y": 1,
				"r": 0
			},
			"upd": {
				"StackObjectsCount": 20
			}
		},
		{
			"_id": "5dcb1df1cc51617bf52d8910",
			"_tpl": "560d5e524bdc2d25448b4571",
			"parentId": "5dcb1df1cc51617bf52d890b",
			"slotId": "main",
			"location": {
				"x": 1,
				"y": 1,
				"r": 0
			},
			"upd": {
				"StackObjectsCount": 20
			}
		},
		{
			"_id": "5dcb1df1cc51617bf52d8911",
			"_tpl": "560d5e524bdc2d25448b4571",
			"parentId": "5dcb1df1cc51617bf52d890b",
			"slotId": "main",
			"location": {
				"x": 2,
				"y": 1,
				"r": 0
			},
			"upd": {
				"StackObjectsCount": 20
			}
		},
		{
			"_id": "5dcb1df1cc51617bf52d8912",
			"_tpl": "560d5e524bdc2d25448b4571",
			"parentId": "5dcb1df1cc51617bf52d890b",
			"slotId": "main",
			"location": {
				"x": 0,
				"y": 2,
				"r": 0
			},
			"upd": {
				"StackObjectsCount": 20
			}
		},
		{
			"_id": "5dcb1df1cc51617bf52d8913",
			"_tpl": "560d5e524bdc2d25448b4571",
			"parentId": "5dcb1df1cc51617bf52d890b",
			"slotId": "main",
			"location": {
				"x": 1,
				"y": 2,
				"r": 0
			},
			"upd": {
				"StackObjectsCount": 20
			}
		},
		{
			"_id": "5dcb1df1cc51617bf52d8914",
			"_tpl": "560d5e524bdc2d25448b4571",
			"parentId": "5dcb1df1cc51617bf52d890b",
			"slotId": "main",
			"location": {
				"x": 2,
				"y": 2,
				"r": 0
			},
			"upd": {
				"StackObjectsCount": 20
			}
		},
		{
			"_id": "5dcb1df1cc51617bf52d88dd",
			"_tpl": "566abbc34bdc2d92178b4576"
		},
		{
			"_id": "5dcb1df1cc51617bf52d88e0",
			"_tpl": "5963866b86f7747bfa1c4462"
		},
		{
			"_id": "5dcb1df1cc51617bf52d88df",
			"_tpl": "5963866286f7747bf429b572"
		}
	],
	"equipment": "5dcb1df1cc51617bf52d88de",
	"stash": "5dcb1df1cc51617bf52d88dd",
	"questRaidItems": "5dcb1df1cc51617bf52d88df",
	"questStashItems": "5dcb1df1cc51617bf52d88e0",
	"fastPanel": {}
}