{
	"items": [
		{
			"_id": "5c6687d65e9d882c8841f0fd",
			"_tpl": "55d7217a4bdc2d86028b456d"
		},
		{
			"_id": "5c6687d65e9d882c8841f121",
			"_tpl": "557ffd194bdc2d28148b457f",
			"parentId": "5c6687d65e9d882c8841f0fd",
			"slotId": "Pockets"
		},
		{
			"_id": "5c6687d65e9d882c8841f0fc",
			"_tpl": "566abbc34bdc2d92178b4576"
		},
		{
			"_id": "5c6687d65e9d882c8841f0ff",
			"_tpl": "5963866b86f7747bfa1c4462"
		},
		{
			"_id": "5c6687d65e9d882c8841f0fe",
			"_tpl": "5963866286f7747bf429b572"
		},
		{
			"_id": "TacticalVest708706",
			"_tpl": "5ca20abf86f77418567a43f2",
			"parentId": "5c6687d65e9d882c8841f0fd",
			"slotId": "TacticalVest"
		},
		{
			"_id": "I210014584987746708nHAJC",
			"_tpl": "57f3c6bd24597738e730fa2f",
			"parentId": "5c6687d65e9d882c8841f0fd",
			"slotId": "FirstPrimaryWeapon"
		},
		{
			"_id": "I210014585288802137x8dey",
			"_tpl": "57d152ec245977144076ccdf",
			"parentId": "I210014584987746708nHAJC",
			"slotId": "mod_pistol_grip"
		},
		{
			"_id": "I210014586406510702nRiZR",
			"_tpl": "57f3c7e024597738ea4ba286",
			"parentId": "I210014584987746708nHAJC",
			"slotId": "mod_muzzle"
		},
		{
			"_id": "MagazineWeaponScav1292",
			"_tpl": "57d1519e24597714373db79d",
			"parentId": "I210014584987746708nHAJC",
			"slotId": "mod_magazine"
		},
		{
			"_id": "AmmoMag14624",
			"_tpl": "57371eb62459776125652ac1",
			"parentId": "MagazineWeaponScav1292",
			"slotId": "cartridges",
			"upd": {
				"StackObjectsCount": 30
			}
		},
		{
			"_id": "I210014586690141174z4QTG",
			"_tpl": "57f3c8cc2459773ec4480328",
			"parentId": "I210014586406510702nRiZR",
			"slotId": "mod_muzzle"
		},
		{
			"_id": "mag3Vest891474",
			"_tpl": "57d1519e24597714373db79d",
			"parentId": "TacticalVest708706",
			"slotId": "4",
			"location": {
				"x": 0,
				"y": 0,
				"r": "Horizontal"
			}
		},
		{
			"_id": "AmmoMag3Vest869193",
			"_tpl": "573719df2459775a626ccbc2",
			"parentId": "mag3Vest891474",
			"slotId": "cartridges",
			"upd": {
				"StackObjectsCount": 30
			}
		},
		{
			"_id": "mag4Vest843098",
			"_tpl": "57d1519e24597714373db79d",
			"parentId": "TacticalVest708706",
			"slotId": "6",
			"location": {
				"x": 0,
				"y": 0,
				"r": "Horizontal"
			}
		},
		{
			"_id": "AmmoMag4Vest723168",
			"_tpl": "57371f2b24597761224311f1",
			"parentId": "mag4Vest843098",
			"slotId": "cartridges",
			"upd": {
				"StackObjectsCount": 30
			}
		},
		{
			"_id": "Scabbard666705",
			"_tpl": "57e26fc7245977162a14b800",
			"parentId": "5c6687d65e9d882c8841f0fd",
			"slotId": "Scabbard"
		},
		{
			"_id": "Headwear391759",
			"_tpl": "5645bc214bdc2d363b8b4571",
			"parentId": "5c6687d65e9d882c8841f0fd",
			"slotId": "Headwear"
		},
		{
			"_id": "Pocket_605574",
			"_tpl": "5e2aedd986f7746d404f3aa4",
			"parentId": "5c6687d65e9d882c8841f121",
			"slotId": "pocket1",
			"location": {
				"x": 0,
				"y": 0,
				"r": "Horizontal"
			},
			"upd": {
				"SpawnedInSession": true
			}
		}
	],
	"equipment": "5c6687d65e9d882c8841f0fd",
	"stash": "5c6687d65e9d882c8841f0fc",
	"questRaidItems": "5c6687d65e9d882c8841f0fe",
	"questStashItems": "5c6687d65e9d882c8841f0ff",
	"fastPanel": {}
}