{
	"items": [
		{
			"_id": "5dcb1dc4fb81105cd85bf18a",
			"_tpl": "55d7217a4bdc2d86028b456d"
		},
		{
			"_id": "5dcb1dc4fb81105cd85bf1b0",
			"_tpl": "57dc2fa62459775949412633",
			"parentId": "5dcb1dc4fb81105cd85bf18a",
			"slotId": "FirstPrimaryWeapon"
		},
		{
			"_id": "5dcb1dc4fb81105cd85bf1b1",
			"_tpl": "57e3dba62459770f0c32322b",
			"parentId": "5dcb1dc4fb81105cd85bf1b0",
			"slotId": "mod_pistol_grip"
		},
		{
			"_id": "5dcb1dc4fb81105cd85bf1b2",
			"_tpl": "59d36a0086f7747e673f3946",
			"parentId": "5dcb1dc4fb81105cd85bf1b0",
			"slotId": "mod_gas_block"
		},
		{
			"_id": "5dcb1dc4fb81105cd85bf1b3",
			"_tpl": "57dc32dc245977596d4ef3d3",
			"parentId": "5dcb1dc4fb81105cd85bf1b2",
			"slotId": "mod_handguard"
		},
		{
			"_id": "5dcb1dc4fb81105cd85bf1b4",
			"_tpl": "57dc347d245977596754e7a1",
			"parentId": "5dcb1dc4fb81105cd85bf1b0",
			"slotId": "mod_stock"
		},
		{
			"_id": "5dcb1dc4fb81105cd85bf1b5",
			"_tpl": "55d4837c4bdc2d1d4e8b456c",
			"parentId": "5dcb1dc4fb81105cd85bf1b0",
			"slotId": "mod_magazine"
		},
		{
			"_id": "5dcb1dc4fb81105cd85bf1b6",
			"_tpl": "56dff061d2720bb5668b4567",
			"parentId": "5dcb1dc4fb81105cd85bf1b5",
			"slotId": "cartridges",
			"upd": {
				"StackObjectsCount": 10
			}
		},
		{
			"_id": "5dcb1dc4fb81105cd85bf1b7",
			"_tpl": "56dff061d2720bb5668b4567",
			"parentId": "5dcb1dc4fb81105cd85bf1b0",
			"slotId": "patron_in_weapon",
			"upd": {
				"StackObjectsCount": 1
			}
		},
		{
			"_id": "5dcb1dc4fb81105cd85bf1b8",
			"_tpl": "557ffd194bdc2d28148b457f",
			"parentId": "5dcb1dc4fb81105cd85bf18a",
			"slotId": "Pockets"
		},
		{
			"_id": "5dcb1dc4fb81105cd85bf1ce",
			"_tpl": "5c0e531d86f7747fa23f4d42",
			"parentId": "5dcb1dc4fb81105cd85bf1b8",
			"slotId": "pocket1",
			"location": {
				"x": 0,
				"y": 0,
				"r": 0
			}
		},
		{
			"_id": "5dcb1dc4fb81105cd85bf1cf",
			"_tpl": "57347d9c245977448b40fa85",
			"parentId": "5dcb1dc4fb81105cd85bf1b8",
			"slotId": "pocket2",
			"location": {
				"x": 0,
				"y": 0,
				"r": 0
			}
		},
		{
			"_id": "5dcb1dc4fb81105cd85bf1b9",
			"_tpl": "572b7adb24597762ae139821",
			"parentId": "5dcb1dc4fb81105cd85bf18a",
			"slotId": "TacticalVest"
		},
		{
			"_id": "5dcb1dc4fb81105cd85bf1c8",
			"_tpl": "55d4837c4bdc2d1d4e8b456c",
			"parentId": "5dcb1dc4fb81105cd85bf1b9",
			"slotId": "1",
			"location": {
				"x": 0,
				"y": 0,
				"r": 0
			}
		},
		{
			"_id": "5dcb1dc4fb81105cd85bf1c9",
			"_tpl": "56dff061d2720bb5668b4567",
			"parentId": "5dcb1dc4fb81105cd85bf1c8",
			"slotId": "cartridges",
			"upd": {
				"StackObjectsCount": 10
			}
		},
		{
			"_id": "5dcb1dc4fb81105cd85bf1ca",
			"_tpl": "55d4837c4bdc2d1d4e8b456c",
			"parentId": "5dcb1dc4fb81105cd85bf1b9",
			"slotId": "2",
			"location": {
				"x": 0,
				"y": 0,
				"r": 0
			}
		},
		{
			"_id": "5dcb1dc4fb81105cd85bf1cb",
			"_tpl": "56dff061d2720bb5668b4567",
			"parentId": "5dcb1dc4fb81105cd85bf1ca",
			"slotId": "cartridges",
			"upd": {
				"StackObjectsCount": 10
			}
		},
		{
			"_id": "5dcb1dc4fb81105cd85bf1ba",
			"_tpl": "5b432be65acfc433000ed01f",
			"parentId": "5dcb1dc4fb81105cd85bf18a",
			"slotId": "Eyewear"
		},
		{
			"_id": "5dcb1dc4fb81105cd85bf1bb",
			"_tpl": "5aa2ba19e5b5b00014028f4e",
			"parentId": "5dcb1dc4fb81105cd85bf18a",
			"slotId": "Headwear"
		},
		{
			"_id": "5dcb1dc4fb81105cd85bf1bc",
			"_tpl": "57e26fc7245977162a14b800",
			"parentId": "5dcb1dc4fb81105cd85bf18a",
			"slotId": "Scabbard"
		},
		{
			"_id": "5dcb1dc4fb81105cd85bf1bd",
			"_tpl": "56e33634d2720bd8058b456b",
			"parentId": "5dcb1dc4fb81105cd85bf18a",
			"slotId": "Backpack"
		},
		{
			"_id": "5dcb1dc4fb81105cd85bf1d0",
			"_tpl": "5751487e245977207e26a315",
			"parentId": "5dcb1dc4fb81105cd85bf1bd",
			"slotId": "main",
			"location": {
				"x": 0,
				"y": 0,
				"r": 0
			},
			"upd": {
				"FoodDrink": {
					"HpPercent": 1
				}
			}
		},
		{
			"_id": "5dcb1dc4fb81105cd85bf1be",
			"_tpl": "5857a8bc2459772bad15db29",
			"parentId": "5dcb1dc4fb81105cd85bf18a",
			"slotId": "SecuredContainer"
		},
		{
			"_id": "5dcb1dc4fb81105cd85bf1bf",
			"_tpl": "56dff061d2720bb5668b4567",
			"parentId": "5dcb1dc4fb81105cd85bf1be",
			"slotId": "main",
			"location": {
				"x": 0,
				"y": 0,
				"r": 0
			},
			"upd": {
				"StackObjectsCount": 60
			}
		},
		{
			"_id": "5dcb1dc4fb81105cd85bf1c0",
			"_tpl": "56dff061d2720bb5668b4567",
			"parentId": "5dcb1dc4fb81105cd85bf1be",
			"slotId": "main",
			"location": {
				"x": 1,
				"y": 0,
				"r": 0
			},
			"upd": {
				"StackObjectsCount": 60
			}
		},
		{
			"_id": "5dcb1dc4fb81105cd85bf1c1",
			"_tpl": "56dff061d2720bb5668b4567",
			"parentId": "5dcb1dc4fb81105cd85bf1be",
			"slotId": "main",
			"location": {
				"x": 2,
				"y": 0,
				"r": 0
			},
			"upd": {
				"StackObjectsCount": 60
			}
		},
		{
			"_id": "5dcb1dc4fb81105cd85bf1c2",
			"_tpl": "56dff061d2720bb5668b4567",
			"parentId": "5dcb1dc4fb81105cd85bf1be",
			"slotId": "main",
			"location": {
				"x": 0,
				"y": 1,
				"r": 0
			},
			"upd": {
				"StackObjectsCount": 60
			}
		},
		{
			"_id": "5dcb1dc4fb81105cd85bf1c3",
			"_tpl": "56dff061d2720bb5668b4567",
			"parentId": "5dcb1dc4fb81105cd85bf1be",
			"slotId": "main",
			"location": {
				"x": 1,
				"y": 1,
				"r": 0
			},
			"upd": {
				"StackObjectsCount": 60
			}
		},
		{
			"_id": "5dcb1dc4fb81105cd85bf1c4",
			"_tpl": "56dff061d2720bb5668b4567",
			"parentId": "5dcb1dc4fb81105cd85bf1be",
			"slotId": "main",
			"location": {
				"x": 2,
				"y": 1,
				"r": 0
			},
			"upd": {
				"StackObjectsCount": 60
			}
		},
		{
			"_id": "5dcb1dc4fb81105cd85bf1c5",
			"_tpl": "56dff061d2720bb5668b4567",
			"parentId": "5dcb1dc4fb81105cd85bf1be",
			"slotId": "main",
			"location": {
				"x": 0,
				"y": 2,
				"r": 0
			},
			"upd": {
				"StackObjectsCount": 60
			}
		},
		{
			"_id": "5dcb1dc4fb81105cd85bf1c6",
			"_tpl": "56dff061d2720bb5668b4567",
			"parentId": "5dcb1dc4fb81105cd85bf1be",
			"slotId": "main",
			"location": {
				"x": 1,
				"y": 2,
				"r": 0
			},
			"upd": {
				"StackObjectsCount": 60
			}
		},
		{
			"_id": "5dcb1dc4fb81105cd85bf1c7",
			"_tpl": "56dff061d2720bb5668b4567",
			"parentId": "5dcb1dc4fb81105cd85bf1be",
			"slotId": "main",
			"location": {
				"x": 2,
				"y": 2,
				"r": 0
			},
			"upd": {
				"StackObjectsCount": 60
			}
		},
		{
			"_id": "5dcb1dc4fb81105cd85bf189",
			"_tpl": "566abbc34bdc2d92178b4576"
		},
		{
			"_id": "5dcb1dc4fb81105cd85bf18c",
			"_tpl": "5963866b86f7747bfa1c4462"
		},
		{
			"_id": "5dcb1dc4fb81105cd85bf18b",
			"_tpl": "5963866286f7747bf429b572"
		}
	],
	"equipment": "5dcb1dc4fb81105cd85bf18a",
	"stash": "5dcb1dc4fb81105cd85bf189",
	"questRaidItems": "5dcb1dc4fb81105cd85bf18b",
	"questStashItems": "5dcb1dc4fb81105cd85bf18c",
	"fastPanel": {}
}