{
	"items": [
		{
			"_id": "5dcb1de5d7ed5e035c438671",
			"_tpl": "55d7217a4bdc2d86028b456d"
		},
		{
			"_id": "5dcb1de5d7ed5e035c43868f",
			"_tpl": "56dee2bdd2720bc8328b4567",
			"parentId": "5dcb1de5d7ed5e035c438671",
			"slotId": "FirstPrimaryWeapon"
		},
		{
			"_id": "5dcb1de5d7ed5e035c438690",
			"_tpl": "56deec93d2720bec348b4568",
			"parentId": "5dcb1de5d7ed5e035c43868f",
			"slotId": "mod_barrel"
		},
		{
			"_id": "5dcb1de5d7ed5e035c438691",
			"_tpl": "56deed6ed2720b4c698b4583",
			"parentId": "5dcb1de5d7ed5e035c43868f",
			"slotId": "mod_handguard"
		},
		{
			"_id": "5dcb1de5d7ed5e035c438692",
			"_tpl": "56083cba4bdc2de22e8b456f",
			"parentId": "5dcb1de5d7ed5e035c43868f",
			"slotId": "mod_stock"
		},
		{
			"_id": "5dcb1de5d7ed5e035c438693",
			"_tpl": "55d48ebc4bdc2d8c2f8b456c",
			"parentId": "5dcb1de5d7ed5e035c43868f",
			"slotId": "mod_mount_000"
		},
		{
			"_id": "5dcb1de5d7ed5e035c438694",
			"_tpl": "57d17e212459775a1179a0f5",
			"parentId": "5dcb1de5d7ed5e035c438693",
			"slotId": "mod_tactical_001"
		},
		{
			"_id": "5dcb1de5d7ed5e035c438695",
			"_tpl": "59d790f486f77403cb06aec6",
			"parentId": "5dcb1de5d7ed5e035c438694",
			"slotId": "mod_flashlight"
		},
		{
			"_id": "5dcb1de5d7ed5e035c438696",
			"_tpl": "56deee15d2720bee328b4567",
			"parentId": "5dcb1de5d7ed5e035c43868f",
			"slotId": "mod_magazine"
		},
		{
			"_id": "5dcb1de5d7ed5e035c438697",
			"_tpl": "560d5e524bdc2d25448b4571",
			"parentId": "5dcb1de5d7ed5e035c438696",
			"slotId": "cartridges",
			"upd": {
				"StackObjectsCount": 4
			}
		},
		{
			"_id": "5dcb1de5d7ed5e035c438698",
			"_tpl": "560d5e524bdc2d25448b4571",
			"parentId": "5dcb1de5d7ed5e035c43868f",
			"slotId": "patron_in_weapon",
			"upd": {
				"StackObjectsCount": 1
			}
		},
		{
			"_id": "5dcb1de5d7ed5e035c438699",
			"_tpl": "557ffd194bdc2d28148b457f",
			"parentId": "5dcb1de5d7ed5e035c438671",
			"slotId": "Pockets"
		},
		{
			"_id": "5dcb1de5d7ed5e035c43869a",
			"_tpl": "572b7adb24597762ae139821",
			"parentId": "5dcb1de5d7ed5e035c438671",
			"slotId": "TacticalVest"
		},
		{
			"_id": "5dcb1de5d7ed5e035c4386a8",
			"_tpl": "560d5e524bdc2d25448b4571",
			"parentId": "5dcb1de5d7ed5e035c43869a",
			"slotId": "1",
			"location": {
				"x": 0,
				"y": 0,
				"r": 0
			},
			"upd": {
				"StackObjectsCount": 19
			}
		},
		{
			"_id": "5dcb1de5d7ed5e035c4386a9",
			"_tpl": "560d5e524bdc2d25448b4571",
			"parentId": "5dcb1de5d7ed5e035c43869a",
			"slotId": "2",
			"location": {
				"x": 0,
				"y": 0,
				"r": 0
			},
			"upd": {
				"StackObjectsCount": 8
			}
		},
		{
			"_id": "5dcb1de5d7ed5e035c43869b",
			"_tpl": "572b7fa124597762b472f9d2",
			"parentId": "5dcb1de5d7ed5e035c438671",
			"slotId": "Headwear"
		},
		{
			"_id": "5dcb1de5d7ed5e035c43869c",
			"_tpl": "57e26fc7245977162a14b800",
			"parentId": "5dcb1de5d7ed5e035c438671",
			"slotId": "Scabbard"
		},
		{
			"_id": "5dcb1de5d7ed5e035c43869d",
			"_tpl": "56e335e4d2720b6c058b456d",
			"parentId": "5dcb1de5d7ed5e035c438671",
			"slotId": "Backpack"
		},
		{
			"_id": "5dcb1de5d7ed5e035c4386ab",
			"_tpl": "57513f07245977207e26a311",
			"parentId": "5dcb1de5d7ed5e035c43869d",
			"slotId": "main",
			"location": {
				"x": 0,
				"y": 0,
				"r": 0
			},
			"upd": {
				"FoodDrink": {
					"HpPercent": 40
				}
			}
		},
		{
			"_id": "5dcb1de5d7ed5e035c43869e",
			"_tpl": "5857a8bc2459772bad15db29",
			"parentId": "5dcb1de5d7ed5e035c438671",
			"slotId": "SecuredContainer"
		},
		{
			"_id": "5dcb1de5d7ed5e035c43869f",
			"_tpl": "560d5e524bdc2d25448b4571",
			"parentId": "5dcb1de5d7ed5e035c43869e",
			"slotId": "main",
			"location": {
				"x": 0,
				"y": 0,
				"r": 0
			},
			"upd": {
				"StackObjectsCount": 20
			}
		},
		{
			"_id": "5dcb1de5d7ed5e035c4386a0",
			"_tpl": "560d5e524bdc2d25448b4571",
			"parentId": "5dcb1de5d7ed5e035c43869e",
			"slotId": "main",
			"location": {
				"x": 1,
				"y": 0,
				"r": 0
			},
			"upd": {
				"StackObjectsCount": 20
			}
		},
		{
			"_id": "5dcb1de5d7ed5e035c4386a1",
			"_tpl": "560d5e524bdc2d25448b4571",
			"parentId": "5dcb1de5d7ed5e035c43869e",
			"slotId": "main",
			"location": {
				"x": 2,
				"y": 0,
				"r": 0
			},
			"upd": {
				"StackObjectsCount": 20
			}
		},
		{
			"_id": "5dcb1de5d7ed5e035c4386a2",
			"_tpl": "560d5e524bdc2d25448b4571",
			"parentId": "5dcb1de5d7ed5e035c43869e",
			"slotId": "main",
			"location": {
				"x": 0,
				"y": 1,
				"r": 0
			},
			"upd": {
				"StackObjectsCount": 20
			}
		},
		{
			"_id": "5dcb1de5d7ed5e035c4386a3",
			"_tpl": "560d5e524bdc2d25448b4571",
			"parentId": "5dcb1de5d7ed5e035c43869e",
			"slotId": "main",
			"location": {
				"x": 1,
				"y": 1,
				"r": 0
			},
			"upd": {
				"StackObjectsCount": 20
			}
		},
		{
			"_id": "5dcb1de5d7ed5e035c4386a4",
			"_tpl": "560d5e524bdc2d25448b4571",
			"parentId": "5dcb1de5d7ed5e035c43869e",
			"slotId": "main",
			"location": {
				"x": 2,
				"y": 1,
				"r": 0
			},
			"upd": {
				"StackObjectsCount": 20
			}
		},
		{
			"_id": "5dcb1de5d7ed5e035c4386a5",
			"_tpl": "560d5e524bdc2d25448b4571",
			"parentId": "5dcb1de5d7ed5e035c43869e",
			"slotId": "main",
			"location": {
				"x": 0,
				"y": 2,
				"r": 0
			},
			"upd": {
				"StackObjectsCount": 20
			}
		},
		{
			"_id": "5dcb1de5d7ed5e035c4386a6",
			"_tpl": "560d5e524bdc2d25448b4571",
			"parentId": "5dcb1de5d7ed5e035c43869e",
			"slotId": "main",
			"location": {
				"x": 1,
				"y": 2,
				"r": 0
			},
			"upd": {
				"StackObjectsCount": 20
			}
		},
		{
			"_id": "5dcb1de5d7ed5e035c4386a7",
			"_tpl": "560d5e524bdc2d25448b4571",
			"parentId": "5dcb1de5d7ed5e035c43869e",
			"slotId": "main",
			"location": {
				"x": 2,
				"y": 2,
				"r": 0
			},
			"upd": {
				"StackObjectsCount": 20
			}
		},
		{
			"_id": "5dcb1de5d7ed5e035c438670",
			"_tpl": "566abbc34bdc2d92178b4576"
		},
		{
			"_id": "5dcb1de5d7ed5e035c438673",
			"_tpl": "5963866b86f7747bfa1c4462"
		},
		{
			"_id": "5dcb1de5d7ed5e035c438672",
			"_tpl": "5963866286f7747bf429b572"
		}
	],
	"equipment": "5dcb1de5d7ed5e035c438671",
	"stash": "5dcb1de5d7ed5e035c438670",
	"questRaidItems": "5dcb1de5d7ed5e035c438672",
	"questStashItems": "5dcb1de5d7ed5e035c438673",
	"fastPanel": {}
}