{
	"items": [
		{
			"_id": "5dcb1dc4fb81105cd85bf444",
			"_tpl": "55d7217a4bdc2d86028b456d"
		},
		{
			"_id": "5dcb1dc4fb81105cd85bf460",
			"_tpl": "57dc2fa62459775949412633",
			"parentId": "5dcb1dc4fb81105cd85bf444",
			"slotId": "FirstPrimaryWeapon"
		},
		{
			"_id": "5dcb1dc4fb81105cd85bf461",
			"_tpl": "57e3dba62459770f0c32322b",
			"parentId": "5dcb1dc4fb81105cd85bf460",
			"slotId": "mod_pistol_grip"
		},
		{
			"_id": "5dcb1dc4fb81105cd85bf462",
			"_tpl": "59d36a0086f7747e673f3946",
			"parentId": "5dcb1dc4fb81105cd85bf460",
			"slotId": "mod_gas_block"
		},
		{
			"_id": "5dcb1dc4fb81105cd85bf463",
			"_tpl": "57dc32dc245977596d4ef3d3",
			"parentId": "5dcb1dc4fb81105cd85bf462",
			"slotId": "mod_handguard"
		},
		{
			"_id": "5dcb1dc4fb81105cd85bf464",
			"_tpl": "57dc347d245977596754e7a1",
			"parentId": "5dcb1dc4fb81105cd85bf460",
			"slotId": "mod_stock"
		},
		{
			"_id": "5dcb1dc4fb81105cd85bf465",
			"_tpl": "57dc334d245977597164366f",
			"parentId": "5dcb1dc4fb81105cd85bf460",
			"slotId": "mod_reciever"
		},
		{
			"_id": "5dcb1dc4fb81105cd85bf466",
			"_tpl": "57ffb0062459777a045af529",
			"parentId": "5dcb1dc4fb81105cd85bf465",
			"slotId": "mod_mount_000"
		},
		{
			"_id": "5dcb1dc4fb81105cd85bf467",
			"_tpl": "55d4837c4bdc2d1d4e8b456c",
			"parentId": "5dcb1dc4fb81105cd85bf460",
			"slotId": "mod_magazine"
		},
		{
			"_id": "5dcb1dc4fb81105cd85bf468",
			"_tpl": "56dff3afd2720bba668b4567",
			"parentId": "5dcb1dc4fb81105cd85bf467",
			"slotId": "cartridges",
			"upd": {
				"StackObjectsCount": 10
			}
		},
		{
			"_id": "5dcb1dc4fb81105cd85bf469",
			"_tpl": "56dff3afd2720bba668b4567",
			"parentId": "5dcb1dc4fb81105cd85bf460",
			"slotId": "patron_in_weapon",
			"upd": {
				"StackObjectsCount": 1
			}
		},
		{
			"_id": "5dcb1dc4fb81105cd85bf46a",
			"_tpl": "557ffd194bdc2d28148b457f",
			"parentId": "5dcb1dc4fb81105cd85bf444",
			"slotId": "Pockets"
		},
		{
			"_id": "5dcb1dc4fb81105cd85bf46b",
			"_tpl": "572b7adb24597762ae139821",
			"parentId": "5dcb1dc4fb81105cd85bf444",
			"slotId": "TacticalVest"
		},
		{
			"_id": "5dcb1dc4fb81105cd85bf478",
			"_tpl": "55d4837c4bdc2d1d4e8b456c",
			"parentId": "5dcb1dc4fb81105cd85bf46b",
			"slotId": "1",
			"location": {
				"x": 0,
				"y": 0,
				"r": 0
			}
		},
		{
			"_id": "5dcb1dc4fb81105cd85bf479",
			"_tpl": "56dff3afd2720bba668b4567",
			"parentId": "5dcb1dc4fb81105cd85bf478",
			"slotId": "cartridges",
			"upd": {
				"StackObjectsCount": 10
			}
		},
		{
			"_id": "5dcb1dc4fb81105cd85bf46c",
			"_tpl": "572b7f1624597762ae139822",
			"parentId": "5dcb1dc4fb81105cd85bf444",
			"slotId": "FaceCover"
		},
		{
			"_id": "5dcb1dc4fb81105cd85bf46d",
			"_tpl": "5aa2ba19e5b5b00014028f4e",
			"parentId": "5dcb1dc4fb81105cd85bf444",
			"slotId": "Headwear"
		},
		{
			"_id": "5dcb1dc4fb81105cd85bf46e",
			"_tpl": "5857a8bc2459772bad15db29",
			"parentId": "5dcb1dc4fb81105cd85bf444",
			"slotId": "SecuredContainer"
		},
		{
			"_id": "5dcb1dc4fb81105cd85bf46f",
			"_tpl": "56dff3afd2720bba668b4567",
			"parentId": "5dcb1dc4fb81105cd85bf46e",
			"slotId": "main",
			"location": {
				"x": 0,
				"y": 0,
				"r": 0
			},
			"upd": {
				"StackObjectsCount": 60
			}
		},
		{
			"_id": "5dcb1dc4fb81105cd85bf470",
			"_tpl": "56dff3afd2720bba668b4567",
			"parentId": "5dcb1dc4fb81105cd85bf46e",
			"slotId": "main",
			"location": {
				"x": 1,
				"y": 0,
				"r": 0
			},
			"upd": {
				"StackObjectsCount": 60
			}
		},
		{
			"_id": "5dcb1dc4fb81105cd85bf471",
			"_tpl": "56dff3afd2720bba668b4567",
			"parentId": "5dcb1dc4fb81105cd85bf46e",
			"slotId": "main",
			"location": {
				"x": 2,
				"y": 0,
				"r": 0
			},
			"upd": {
				"StackObjectsCount": 60
			}
		},
		{
			"_id": "5dcb1dc4fb81105cd85bf472",
			"_tpl": "56dff3afd2720bba668b4567",
			"parentId": "5dcb1dc4fb81105cd85bf46e",
			"slotId": "main",
			"location": {
				"x": 0,
				"y": 1,
				"r": 0
			},
			"upd": {
				"StackObjectsCount": 60
			}
		},
		{
			"_id": "5dcb1dc4fb81105cd85bf473",
			"_tpl": "56dff3afd2720bba668b4567",
			"parentId": "5dcb1dc4fb81105cd85bf46e",
			"slotId": "main",
			"location": {
				"x": 1,
				"y": 1,
				"r": 0
			},
			"upd": {
				"StackObjectsCount": 60
			}
		},
		{
			"_id": "5dcb1dc4fb81105cd85bf474",
			"_tpl": "56dff3afd2720bba668b4567",
			"parentId": "5dcb1dc4fb81105cd85bf46e",
			"slotId": "main",
			"location": {
				"x": 2,
				"y": 1,
				"r": 0
			},
			"upd": {
				"StackObjectsCount": 60
			}
		},
		{
			"_id": "5dcb1dc4fb81105cd85bf475",
			"_tpl": "56dff3afd2720bba668b4567",
			"parentId": "5dcb1dc4fb81105cd85bf46e",
			"slotId": "main",
			"location": {
				"x": 0,
				"y": 2,
				"r": 0
			},
			"upd": {
				"StackObjectsCount": 60
			}
		},
		{
			"_id": "5dcb1dc4fb81105cd85bf476",
			"_tpl": "56dff3afd2720bba668b4567",
			"parentId": "5dcb1dc4fb81105cd85bf46e",
			"slotId": "main",
			"location": {
				"x": 1,
				"y": 2,
				"r": 0
			},
			"upd": {
				"StackObjectsCount": 60
			}
		},
		{
			"_id": "5dcb1dc4fb81105cd85bf477",
			"_tpl": "56dff3afd2720bba668b4567",
			"parentId": "5dcb1dc4fb81105cd85bf46e",
			"slotId": "main",
			"location": {
				"x": 2,
				"y": 2,
				"r": 0
			},
			"upd": {
				"StackObjectsCount": 60
			}
		},
		{
			"_id": "5dcb1dc4fb81105cd85bf443",
			"_tpl": "566abbc34bdc2d92178b4576"
		},
		{
			"_id": "5dcb1dc4fb81105cd85bf446",
			"_tpl": "5963866b86f7747bfa1c4462"
		},
		{
			"_id": "5dcb1dc4fb81105cd85bf445",
			"_tpl": "5963866286f7747bf429b572"
		}
	],
	"equipment": "5dcb1dc4fb81105cd85bf444",
	"stash": "5dcb1dc4fb81105cd85bf443",
	"questRaidItems": "5dcb1dc4fb81105cd85bf445",
	"questStashItems": "5dcb1dc4fb81105cd85bf446",
	"fastPanel": {}
}