{
	"items": [
		{
			"_id": "5c6687d65e9d882c8841f0fd",
			"_tpl": "55d7217a4bdc2d86028b456d"
		},
		{
			"_id": "5c6687d65e9d882c8841f121",
			"_tpl": "557ffd194bdc2d28148b457f",
			"parentId": "5c6687d65e9d882c8841f0fd",
			"slotId": "Pockets"
		},
		{
			"_id": "5c6687d65e9d882c8841f0fc",
			"_tpl": "566abbc34bdc2d92178b4576"
		},
		{
			"_id": "5c6687d65e9d882c8841f0ff",
			"_tpl": "5963866b86f7747bfa1c4462"
		},
		{
			"_id": "5c6687d65e9d882c8841f0fe",
			"_tpl": "5963866286f7747bf429b572"
		},
		{
			"_id": "TacticalVest560261",
			"_tpl": "5d5d646386f7742797261fd9",
			"parentId": "5c6687d65e9d882c8841f0fd",
			"slotId": "TacticalVest"
		},
		{
			"_id": "I2100483394123723160WkRx",
			"_tpl": "59ff346386f77477562ff5e2",
			"parentId": "5c6687d65e9d882c8841f0fd",
			"slotId": "FirstPrimaryWeapon"
		},
		{
			"_id": "I210048338562819120Qk8WA",
			"_tpl": "59d64ec286f774171d1e0a42",
			"parentId": "I2100483394123723160WkRx",
			"slotId": "mod_gas_block"
		},
		{
			"_id": "I210048336623423672tvG4x",
			"_tpl": "59d64fc686f774171b243fe2",
			"parentId": "I2100483394123723160WkRx",
			"slotId": "mod_muzzle"
		},
		{
			"_id": "I2100483322737145634f2fA",
			"_tpl": "5a0071d486f77404e23a12b2",
			"parentId": "I2100483394123723160WkRx",
			"slotId": "mod_pistol_grip_akms"
		},
		{
			"_id": "I210048335688080810Jbl1p",
			"_tpl": "59d650cf86f7741b846413a4",
			"parentId": "I2100483394123723160WkRx",
			"slotId": "mod_sight_rear",
			"upd": {
				"Sight": {
					"SelectedSightMode": 0
				}
			}
		},
		{
			"_id": "I210048331633100452AkMmP",
			"_tpl": "59ff3b6a86f77477562ff5ed",
			"parentId": "I2100483394123723160WkRx",
			"slotId": "mod_stock_akms"
		},
		{
			"_id": "MagazineWeaponScav1131",
			"_tpl": "5cfe8010d7ad1a59283b14c6",
			"parentId": "I2100483394123723160WkRx",
			"slotId": "mod_magazine"
		},
		{
			"_id": "AmmoMag17987",
			"_tpl": "59e4d3d286f774176a36250a",
			"parentId": "MagazineWeaponScav1131",
			"slotId": "cartridges",
			"upd": {
				"StackObjectsCount": 50
			}
		},
		{
			"_id": "I210048339249880552oRGBT",
			"_tpl": "59d64f2f86f77417193ef8b3",
			"parentId": "I210048338562819120Qk8WA",
			"slotId": "mod_handguard"
		},
		{
			"_id": "mag0Vest618752",
			"_tpl": "5ac66bea5acfc43b321d4aec",
			"parentId": "TacticalVest560261",
			"slotId": "3",
			"location": {
				"x": 0,
				"y": 0,
				"r": "Horizontal"
			}
		},
		{
			"_id": "AmmoMag0Vest826929",
			"_tpl": "59e4d3d286f774176a36250a",
			"parentId": "mag0Vest618752",
			"slotId": "cartridges",
			"upd": {
				"StackObjectsCount": 30
			}
		},
		{
			"_id": "mag1Vest887553",
			"_tpl": "5ac66bea5acfc43b321d4aec",
			"parentId": "TacticalVest560261",
			"slotId": "5",
			"location": {
				"x": 0,
				"y": 0,
				"r": "Horizontal"
			}
		},
		{
			"_id": "AmmoMag1Vest309966",
			"_tpl": "59e4d24686f7741776641ac7",
			"parentId": "mag1Vest887553",
			"slotId": "cartridges",
			"upd": {
				"StackObjectsCount": 30
			}
		},
		{
			"_id": "Scabbard262254",
			"_tpl": "54491bb74bdc2d09088b4567",
			"parentId": "5c6687d65e9d882c8841f0fd",
			"slotId": "Scabbard"
		},
		{
			"_id": "Headwear836516",
			"_tpl": "5aa2b89be5b5b0001569311f",
			"parentId": "5c6687d65e9d882c8841f0fd",
			"slotId": "Headwear"
		},
		{
			"_id": "Eyewear933194",
			"_tpl": "5aa2b986e5b5b00014028f4c",
			"parentId": "5c6687d65e9d882c8841f0fd",
			"slotId": "Eyewear"
		},
		{
			"_id": "Backpack484426",
			"_tpl": "56e33634d2720bd8058b456b",
			"parentId": "5c6687d65e9d882c8841f0fd",
			"slotId": "Backpack"
		},
		{
			"_id": "BP_Backpack484426_778289",
			"_tpl": "57347ca924597744596b4e71",
			"parentId": "Backpack484426",
			"slotId": "main",
			"location": {
				"x": 0,
				"y": 0,
				"r": "Horizontal"
			}
		},
		{
			"_id": "BP_Backpack484426_365088",
			"_tpl": "590c5f0d86f77413997acfab",
			"parentId": "Backpack484426",
			"slotId": "main",
			"location": {
				"x": 0,
				"y": 1,
				"r": "Horizontal"
			}
		},
		{
			"_id": "ArmorVest74512",
			"_tpl": "59e7635f86f7742cbf2c1095",
			"parentId": "5c6687d65e9d882c8841f0fd",
			"slotId": "ArmorVest",
			"upd": {
				"Repairable": {
					"MaxDurability": 40,
					"Durability": 13
				}
			}
		},
		{
			"_id": "Pocket_142282",
			"_tpl": "56742c324bdc2d150f8b456d",
			"parentId": "5c6687d65e9d882c8841f121",
			"slotId": "pocket1",
			"location": {
				"x": 0,
				"y": 0,
				"r": "Horizontal"
			},
			"upd": {
				"SpawnedInSession": true
			}
		}
	],
	"equipment": "5c6687d65e9d882c8841f0fd",
	"stash": "5c6687d65e9d882c8841f0fc",
	"questRaidItems": "5c6687d65e9d882c8841f0fe",
	"questStashItems": "5c6687d65e9d882c8841f0ff",
	"fastPanel": {}
}