{
	"items": [
		{
			"_id": "5dcb1dc4fb81105cd85befa3",
			"_tpl": "55d7217a4bdc2d86028b456d"
		},
		{
			"_id": "5dcb1dc4fb81105cd85befc1",
			"_tpl": "576165642459773c7a400233",
			"parentId": "5dcb1dc4fb81105cd85befa3",
			"slotId": "FirstPrimaryWeapon"
		},
		{
			"_id": "5dcb1dc4fb81105cd85befc2",
			"_tpl": "576169e62459773c69055191",
			"parentId": "5dcb1dc4fb81105cd85befc1",
			"slotId": "mod_handguard"
		},
		{
			"_id": "5dcb1dc4fb81105cd85befc3",
			"_tpl": "5649ade84bdc2d1b2b8b4587",
			"parentId": "5dcb1dc4fb81105cd85befc1",
			"slotId": "mod_pistol_grip"
		},
		{
			"_id": "5dcb1dc4fb81105cd85befc4",
			"_tpl": "57486e672459770abd687134",
			"parentId": "5dcb1dc4fb81105cd85befc1",
			"slotId": "mod_mount_000"
		},
		{
			"_id": "5dcb1dc4fb81105cd85befc5",
			"_tpl": "57616c112459773cce774d66",
			"parentId": "5dcb1dc4fb81105cd85befc1",
			"slotId": "mod_reciever"
		},
		{
			"_id": "5dcb1dc4fb81105cd85befc6",
			"_tpl": "57a9b9ce2459770ee926038d",
			"parentId": "5dcb1dc4fb81105cd85befc1",
			"slotId": "mod_sight_rear"
		},
		{
			"_id": "5dcb1dc4fb81105cd85befc7",
			"_tpl": "57616ca52459773c69055192",
			"parentId": "5dcb1dc4fb81105cd85befc1",
			"slotId": "mod_stock"
		},
		{
			"_id": "5dcb1dc4fb81105cd85befc8",
			"_tpl": "57616a9e2459773c7a400234",
			"parentId": "5dcb1dc4fb81105cd85befc1",
			"slotId": "mod_magazine"
		},
		{
			"_id": "5dcb1dc4fb81105cd85befc9",
			"_tpl": "560d5e524bdc2d25448b4571",
			"parentId": "5dcb1dc4fb81105cd85befc8",
			"slotId": "cartridges",
			"upd": {
				"StackObjectsCount": 5
			}
		},
		{
			"_id": "5dcb1dc4fb81105cd85befca",
			"_tpl": "560d5e524bdc2d25448b4571",
			"parentId": "5dcb1dc4fb81105cd85befc1",
			"slotId": "patron_in_weapon",
			"upd": {
				"StackObjectsCount": 1
			}
		},
		{
			"_id": "5dcb1dc4fb81105cd85befcb",
			"_tpl": "557ffd194bdc2d28148b457f",
			"parentId": "5dcb1dc4fb81105cd85befa3",
			"slotId": "Pockets"
		},
		{
			"_id": "5dcb1dc4fb81105cd85befcc",
			"_tpl": "5ca20abf86f77418567a43f2",
			"parentId": "5dcb1dc4fb81105cd85befa3",
			"slotId": "TacticalVest"
		},
		{
			"_id": "5dcb1dc4fb81105cd85befdb",
			"_tpl": "57616a9e2459773c7a400234",
			"parentId": "5dcb1dc4fb81105cd85befcc",
			"slotId": "1",
			"location": {
				"x": 0,
				"y": 0,
				"r": 0
			}
		},
		{
			"_id": "5dcb1dc4fb81105cd85befdc",
			"_tpl": "560d5e524bdc2d25448b4571",
			"parentId": "5dcb1dc4fb81105cd85befdb",
			"slotId": "cartridges",
			"upd": {
				"StackObjectsCount": 5
			}
		},
		{
			"_id": "5dcb1dc4fb81105cd85befcd",
			"_tpl": "572b7f1624597762ae139822",
			"parentId": "5dcb1dc4fb81105cd85befa3",
			"slotId": "FaceCover"
		},
		{
			"_id": "5dcb1dc4fb81105cd85befce",
			"_tpl": "5aa7d03ae5b5b00016327db5",
			"parentId": "5dcb1dc4fb81105cd85befa3",
			"slotId": "Headwear",
			"upd": {
				"Repairable": {
					"Durability": 16
				}
			}
		},
		{
			"_id": "5dcb1dc4fb81105cd85befcf",
			"_tpl": "57e26fc7245977162a14b800",
			"parentId": "5dcb1dc4fb81105cd85befa3",
			"slotId": "Scabbard"
		},
		{
			"_id": "5dcb1dc4fb81105cd85befd0",
			"_tpl": "56e33634d2720bd8058b456b",
			"parentId": "5dcb1dc4fb81105cd85befa3",
			"slotId": "Backpack"
		},
		{
			"_id": "5dcb1dc4fb81105cd85befdf",
			"_tpl": "57513f07245977207e26a311",
			"parentId": "5dcb1dc4fb81105cd85befd0",
			"slotId": "main",
			"location": {
				"x": 0,
				"y": 0,
				"r": 0
			},
			"upd": {
				"FoodDrink": {
					"HpPercent": 21
				}
			}
		},
		{
			"_id": "5dcb1dc4fb81105cd85befe0",
			"_tpl": "544fb25a4bdc2dfb738b4567",
			"parentId": "5dcb1dc4fb81105cd85befd0",
			"slotId": "main",
			"location": {
				"x": 1,
				"y": 0,
				"r": 0
			}
		},
		{
			"_id": "5dcb1dc4fb81105cd85befe1",
			"_tpl": "5c0e531d86f7747fa23f4d42",
			"parentId": "5dcb1dc4fb81105cd85befd0",
			"slotId": "main",
			"location": {
				"x": 2,
				"y": 0,
				"r": 0
			}
		},
		{
			"_id": "5dcb1dc4fb81105cd85befd1",
			"_tpl": "5857a8bc2459772bad15db29",
			"parentId": "5dcb1dc4fb81105cd85befa3",
			"slotId": "SecuredContainer"
		},
		{
			"_id": "5dcb1dc4fb81105cd85befd2",
			"_tpl": "560d5e524bdc2d25448b4571",
			"parentId": "5dcb1dc4fb81105cd85befd1",
			"slotId": "main",
			"location": {
				"x": 0,
				"y": 0,
				"r": 0
			},
			"upd": {
				"StackObjectsCount": 20
			}
		},
		{
			"_id": "5dcb1dc4fb81105cd85befd3",
			"_tpl": "560d5e524bdc2d25448b4571",
			"parentId": "5dcb1dc4fb81105cd85befd1",
			"slotId": "main",
			"location": {
				"x": 1,
				"y": 0,
				"r": 0
			},
			"upd": {
				"StackObjectsCount": 20
			}
		},
		{
			"_id": "5dcb1dc4fb81105cd85befd4",
			"_tpl": "560d5e524bdc2d25448b4571",
			"parentId": "5dcb1dc4fb81105cd85befd1",
			"slotId": "main",
			"location": {
				"x": 2,
				"y": 0,
				"r": 0
			},
			"upd": {
				"StackObjectsCount": 20
			}
		},
		{
			"_id": "5dcb1dc4fb81105cd85befd5",
			"_tpl": "560d5e524bdc2d25448b4571",
			"parentId": "5dcb1dc4fb81105cd85befd1",
			"slotId": "main",
			"location": {
				"x": 0,
				"y": 1,
				"r": 0
			},
			"upd": {
				"StackObjectsCount": 20
			}
		},
		{
			"_id": "5dcb1dc4fb81105cd85befd6",
			"_tpl": "560d5e524bdc2d25448b4571",
			"parentId": "5dcb1dc4fb81105cd85befd1",
			"slotId": "main",
			"location": {
				"x": 1,
				"y": 1,
				"r": 0
			},
			"upd": {
				"StackObjectsCount": 20
			}
		},
		{
			"_id": "5dcb1dc4fb81105cd85befd7",
			"_tpl": "560d5e524bdc2d25448b4571",
			"parentId": "5dcb1dc4fb81105cd85befd1",
			"slotId": "main",
			"location": {
				"x": 2,
				"y": 1,
				"r": 0
			},
			"upd": {
				"StackObjectsCount": 20
			}
		},
		{
			"_id": "5dcb1dc4fb81105cd85befd8",
			"_tpl": "560d5e524bdc2d25448b4571",
			"parentId": "5dcb1dc4fb81105cd85befd1",
			"slotId": "main",
			"location": {
				"x": 0,
				"y": 2,
				"r": 0
			},
			"upd": {
				"StackObjectsCount": 20
			}
		},
		{
			"_id": "5dcb1dc4fb81105cd85befd9",
			"_tpl": "560d5e524bdc2d25448b4571",
			"parentId": "5dcb1dc4fb81105cd85befd1",
			"slotId": "main",
			"location": {
				"x": 1,
				"y": 2,
				"r": 0
			},
			"upd": {
				"StackObjectsCount": 20
			}
		},
		{
			"_id": "5dcb1dc4fb81105cd85befda",
			"_tpl": "560d5e524bdc2d25448b4571",
			"parentId": "5dcb1dc4fb81105cd85befd1",
			"slotId": "main",
			"location": {
				"x": 2,
				"y": 2,
				"r": 0
			},
			"upd": {
				"StackObjectsCount": 20
			}
		},
		{
			"_id": "5dcb1dc4fb81105cd85befa2",
			"_tpl": "566abbc34bdc2d92178b4576"
		},
		{
			"_id": "5dcb1dc4fb81105cd85befa5",
			"_tpl": "5963866b86f7747bfa1c4462"
		},
		{
			"_id": "5dcb1dc4fb81105cd85befa4",
			"_tpl": "5963866286f7747bf429b572"
		}
	],
	"equipment": "5dcb1dc4fb81105cd85befa3",
	"stash": "5dcb1dc4fb81105cd85befa2",
	"questRaidItems": "5dcb1dc4fb81105cd85befa4",
	"questStashItems": "5dcb1dc4fb81105cd85befa5",
	"fastPanel": {}
}