{
	"items": [
		{
			"_id": "5c6687d65e9d882c8841f0fd",
			"_tpl": "55d7217a4bdc2d86028b456d"
		},
		{
			"_id": "5c6687d65e9d882c8841f121",
			"_tpl": "557ffd194bdc2d28148b457f",
			"parentId": "5c6687d65e9d882c8841f0fd",
			"slotId": "Pockets"
		},
		{
			"_id": "5c6687d65e9d882c8841f0fc",
			"_tpl": "566abbc34bdc2d92178b4576"
		},
		{
			"_id": "5c6687d65e9d882c8841f0ff",
			"_tpl": "5963866b86f7747bfa1c4462"
		},
		{
			"_id": "5c6687d65e9d882c8841f0fe",
			"_tpl": "5963866286f7747bf429b572"
		},
		{
			"_id": "TacticalVest367275",
			"_tpl": "5df8a42886f77412640e2e75",
			"parentId": "5c6687d65e9d882c8841f0fd",
			"slotId": "TacticalVest"
		},
		{
			"_id": "I21009598191408688ToVySh",
			"_tpl": "5ab8e9fcd8ce870019439434",
			"parentId": "5c6687d65e9d882c8841f0fd",
			"slotId": "FirstPrimaryWeapon"
		},
		{
			"_id": "I21009595571020247d5hHlX",
			"_tpl": "59c6633186f7740cf0493bb9",
			"parentId": "I21009598191408688ToVySh",
			"slotId": "mod_gas_block"
		},
		{
			"_id": "I21009596989377365ZybKpV",
			"_tpl": "5649aa744bdc2ded0b8b457e",
			"parentId": "I21009598191408688ToVySh",
			"slotId": "mod_muzzle"
		},
		{
			"_id": "I210095963379697194J4HFk",
			"_tpl": "57e3dba62459770f0c32322b",
			"parentId": "I21009598191408688ToVySh",
			"slotId": "mod_pistol_grip"
		},
		{
			"_id": "I21009598343070020HWMEJm",
			"_tpl": "5649af094bdc2df8348b4586",
			"parentId": "I21009598191408688ToVySh",
			"slotId": "mod_reciever"
		},
		{
			"_id": "I21009597900706335Ptte4Q",
			"_tpl": "5649b0544bdc2d1b2b8b458a",
			"parentId": "I21009598191408688ToVySh",
			"slotId": "mod_sight_rear",
			"upd": {
				"Sight": {
					"SelectedSightMode": 0
				}
			}
		},
		{
			"_id": "I21009596982488061jxeR22",
			"_tpl": "5ab626e4d8ce87272e4c6e43",
			"parentId": "I21009598191408688ToVySh",
			"slotId": "mod_stock"
		},
		{
			"_id": "MagazineWeaponScav3231",
			"_tpl": "55d4837c4bdc2d1d4e8b456c",
			"parentId": "I21009598191408688ToVySh",
			"slotId": "mod_magazine"
		},
		{
			"_id": "AmmoMag14566",
			"_tpl": "56dfef82d2720bbd668b4567",
			"parentId": "MagazineWeaponScav3231",
			"slotId": "cartridges",
			"upd": {
				"StackObjectsCount": 10
			}
		},
		{
			"_id": "I210095973997239818ShTz1",
			"_tpl": "5648b0744bdc2d363b8b4578",
			"parentId": "I21009595571020247d5hHlX",
			"slotId": "mod_handguard"
		},
		{
			"_id": "mag1Vest669804",
			"_tpl": "55d4837c4bdc2d1d4e8b456c",
			"parentId": "TacticalVest367275",
			"slotId": "2",
			"location": {
				"x": 0,
				"y": 0,
				"r": "Horizontal"
			}
		},
		{
			"_id": "AmmoMag1Vest936804",
			"_tpl": "56dff421d2720b5f5a8b4567",
			"parentId": "mag1Vest669804",
			"slotId": "cartridges",
			"upd": {
				"StackObjectsCount": 10
			}
		},
		{
			"_id": "mag1Vest320432",
			"_tpl": "55d4837c4bdc2d1d4e8b456c",
			"parentId": "TacticalVest367275",
			"slotId": "2",
			"location": {
				"x": 0,
				"y": 1,
				"r": "Horizontal"
			}
		},
		{
			"_id": "AmmoMag1Vest130118",
			"_tpl": "56dff3afd2720bba668b4567",
			"parentId": "mag1Vest320432",
			"slotId": "cartridges",
			"upd": {
				"StackObjectsCount": 10
			}
		},
		{
			"_id": "mag2Vest863724",
			"_tpl": "55d4837c4bdc2d1d4e8b456c",
			"parentId": "TacticalVest367275",
			"slotId": "4",
			"location": {
				"x": 0,
				"y": 0,
				"r": "Horizontal"
			}
		},
		{
			"_id": "AmmoMag2Vest849219",
			"_tpl": "56dfef82d2720bbd668b4567",
			"parentId": "mag2Vest863724",
			"slotId": "cartridges",
			"upd": {
				"StackObjectsCount": 10
			}
		},
		{
			"_id": "mag2Vest261670",
			"_tpl": "55d4837c4bdc2d1d4e8b456c",
			"parentId": "TacticalVest367275",
			"slotId": "4",
			"location": {
				"x": 0,
				"y": 1,
				"r": "Horizontal"
			}
		},
		{
			"_id": "AmmoMag2Vest357358",
			"_tpl": "56dff4ecd2720b5f5a8b4568",
			"parentId": "mag2Vest261670",
			"slotId": "cartridges",
			"upd": {
				"StackObjectsCount": 10
			}
		},
		{
			"_id": "mag3Vest758291",
			"_tpl": "55d4837c4bdc2d1d4e8b456c",
			"parentId": "TacticalVest367275",
			"slotId": "6",
			"location": {
				"x": 0,
				"y": 1,
				"r": "Horizontal"
			}
		},
		{
			"_id": "AmmoMag3Vest505419",
			"_tpl": "56dfef82d2720bbd668b4567",
			"parentId": "mag3Vest758291",
			"slotId": "cartridges",
			"upd": {
				"StackObjectsCount": 10
			}
		},
		{
			"_id": "mag4Vest470022",
			"_tpl": "55d4837c4bdc2d1d4e8b456c",
			"parentId": "TacticalVest367275",
			"slotId": "8",
			"location": {
				"x": 0,
				"y": 0,
				"r": "Horizontal"
			}
		},
		{
			"_id": "AmmoMag4Vest965225",
			"_tpl": "5c0d5e4486f77478390952fe",
			"parentId": "mag4Vest470022",
			"slotId": "cartridges",
			"upd": {
				"StackObjectsCount": 10
			}
		},
		{
			"_id": "mag4Vest782096",
			"_tpl": "55d4837c4bdc2d1d4e8b456c",
			"parentId": "TacticalVest367275",
			"slotId": "8",
			"location": {
				"x": 0,
				"y": 1,
				"r": "Horizontal"
			}
		},
		{
			"_id": "AmmoMag4Vest803643",
			"_tpl": "56dff421d2720b5f5a8b4567",
			"parentId": "mag4Vest782096",
			"slotId": "cartridges",
			"upd": {
				"StackObjectsCount": 10
			}
		},
		{
			"_id": "StackAmmo77212543465",
			"_tpl": "56dff026d2720bb8668b4567",
			"parentId": "TacticalVest367275",
			"slotId": "13",
			"upd": {
				"StackObjectsCount": 8
			}
		},
		{
			"_id": "Scabbard176726",
			"_tpl": "57e26fc7245977162a14b800",
			"parentId": "5c6687d65e9d882c8841f0fd",
			"slotId": "Scabbard"
		},
		{
			"_id": "Headwear272629",
			"_tpl": "5aa2a7e8e5b5b00016327c16",
			"parentId": "5c6687d65e9d882c8841f0fd",
			"slotId": "Headwear"
		},
		{
			"_id": "FaceCover442039",
			"_tpl": "572b7f1624597762ae139822",
			"parentId": "5c6687d65e9d882c8841f0fd",
			"slotId": "FaceCover"
		}
	],
	"equipment": "5c6687d65e9d882c8841f0fd",
	"stash": "5c6687d65e9d882c8841f0fc",
	"questRaidItems": "5c6687d65e9d882c8841f0fe",
	"questStashItems": "5c6687d65e9d882c8841f0ff",
	"fastPanel": {}
}