{
	"items": [
		{
			"_id": "5dcb1de5d7ed5e035c4385a7",
			"_tpl": "55d7217a4bdc2d86028b456d"
		},
		{
			"_id": "5dcb1de5d7ed5e035c4385cf",
			"_tpl": "59f9cabd86f7743a10721f46",
			"parentId": "5dcb1de5d7ed5e035c4385a7",
			"slotId": "FirstPrimaryWeapon"
		},
		{
			"_id": "5dcb1de5d7ed5e035c4385d0",
			"_tpl": "5998517986f7746017232f7e",
			"parentId": "5dcb1de5d7ed5e035c4385cf",
			"slotId": "mod_pistol_grip"
		},
		{
			"_id": "5dcb1de5d7ed5e035c4385d1",
			"_tpl": "59ccd11386f77428f24a488f",
			"parentId": "5dcb1de5d7ed5e035c4385cf",
			"slotId": "mod_gas_block"
		},
		{
			"_id": "5dcb1de5d7ed5e035c4385d2",
			"_tpl": "5648b1504bdc2d9d488b4584",
			"parentId": "5dcb1de5d7ed5e035c4385d1",
			"slotId": "mod_handguard"
		},
		{
			"_id": "5dcb1de5d7ed5e035c4385d3",
			"_tpl": "599851db86f77467372f0a18",
			"parentId": "5dcb1de5d7ed5e035c4385cf",
			"slotId": "mod_stock"
		},
		{
			"_id": "5dcb1de5d7ed5e035c4385d4",
			"_tpl": "5998598e86f7740b3f498a86",
			"parentId": "5dcb1de5d7ed5e035c4385cf",
			"slotId": "mod_muzzle"
		},
		{
			"_id": "5dcb1de5d7ed5e035c4385d5",
			"_tpl": "59985a8086f77414ec448d1a",
			"parentId": "5dcb1de5d7ed5e035c4385cf",
			"slotId": "mod_reciever"
		},
		{
			"_id": "5dcb1de5d7ed5e035c4385d6",
			"_tpl": "599860e986f7743bb57573a6",
			"parentId": "5dcb1de5d7ed5e035c4385cf",
			"slotId": "mod_sight_rear"
		},
		{
			"_id": "5dcb1de5d7ed5e035c4385d7",
			"_tpl": "5998529a86f774647f44f421",
			"parentId": "5dcb1de5d7ed5e035c4385cf",
			"slotId": "mod_magazine"
		},
		{
			"_id": "5dcb1de5d7ed5e035c4385d8",
			"_tpl": "56d59d3ad2720bdb418b4577",
			"parentId": "5dcb1de5d7ed5e035c4385d7",
			"slotId": "cartridges",
			"upd": {
				"StackObjectsCount": 10
			}
		},
		{
			"_id": "5dcb1de5d7ed5e035c4385d9",
			"_tpl": "56d59d3ad2720bdb418b4577",
			"parentId": "5dcb1de5d7ed5e035c4385cf",
			"slotId": "patron_in_weapon",
			"upd": {
				"StackObjectsCount": 1
			}
		},
		{
			"_id": "5dcb1de5d7ed5e035c4385da",
			"_tpl": "557ffd194bdc2d28148b457f",
			"parentId": "5dcb1de5d7ed5e035c4385a7",
			"slotId": "Pockets"
		},
		{
			"_id": "5dcb1de5d7ed5e035c4385db",
			"_tpl": "5929a2a086f7744f4b234d43",
			"parentId": "5dcb1de5d7ed5e035c4385a7",
			"slotId": "TacticalVest"
		},
		{
			"_id": "5dcb1de5d7ed5e035c4385ea",
			"_tpl": "5998529a86f774647f44f421",
			"parentId": "5dcb1de5d7ed5e035c4385db",
			"slotId": "3",
			"location": {
				"x": 0,
				"y": 0,
				"r": 0
			}
		},
		{
			"_id": "5dcb1de5d7ed5e035c4385eb",
			"_tpl": "56d59d3ad2720bdb418b4577",
			"parentId": "5dcb1de5d7ed5e035c4385ea",
			"slotId": "cartridges",
			"upd": {
				"StackObjectsCount": 10
			}
		},
		{
			"_id": "5dcb1de5d7ed5e035c4385ec",
			"_tpl": "5998529a86f774647f44f421",
			"parentId": "5dcb1de5d7ed5e035c4385db",
			"slotId": "4",
			"location": {
				"x": 0,
				"y": 0,
				"r": 0
			}
		},
		{
			"_id": "5dcb1de5d7ed5e035c4385ed",
			"_tpl": "56d59d3ad2720bdb418b4577",
			"parentId": "5dcb1de5d7ed5e035c4385ec",
			"slotId": "cartridges",
			"upd": {
				"StackObjectsCount": 10
			}
		},
		{
			"_id": "5dcb1de5d7ed5e035c4385dc",
			"_tpl": "5aa2b986e5b5b00014028f4c",
			"parentId": "5dcb1de5d7ed5e035c4385a7",
			"slotId": "Eyewear"
		},
		{
			"_id": "5dcb1de5d7ed5e035c4385dd",
			"_tpl": "5ab8f39486f7745cd93a1cca",
			"parentId": "5dcb1de5d7ed5e035c4385a7",
			"slotId": "FaceCover"
		},
		{
			"_id": "5dcb1de5d7ed5e035c4385de",
			"_tpl": "572b7fa124597762b472f9d2",
			"parentId": "5dcb1de5d7ed5e035c4385a7",
			"slotId": "Headwear"
		},
		{
			"_id": "5dcb1de5d7ed5e035c4385df",
			"_tpl": "57e26fc7245977162a14b800",
			"parentId": "5dcb1de5d7ed5e035c4385a7",
			"slotId": "Scabbard"
		},
		{
			"_id": "5dcb1de5d7ed5e035c4385e0",
			"_tpl": "5857a8bc2459772bad15db29",
			"parentId": "5dcb1de5d7ed5e035c4385a7",
			"slotId": "SecuredContainer"
		},
		{
			"_id": "5dcb1de5d7ed5e035c4385e1",
			"_tpl": "56d59d3ad2720bdb418b4577",
			"parentId": "5dcb1de5d7ed5e035c4385e0",
			"slotId": "main",
			"location": {
				"x": 0,
				"y": 0,
				"r": 0
			},
			"upd": {
				"StackObjectsCount": 50
			}
		},
		{
			"_id": "5dcb1de5d7ed5e035c4385e2",
			"_tpl": "56d59d3ad2720bdb418b4577",
			"parentId": "5dcb1de5d7ed5e035c4385e0",
			"slotId": "main",
			"location": {
				"x": 1,
				"y": 0,
				"r": 0
			},
			"upd": {
				"StackObjectsCount": 50
			}
		},
		{
			"_id": "5dcb1de5d7ed5e035c4385e3",
			"_tpl": "56d59d3ad2720bdb418b4577",
			"parentId": "5dcb1de5d7ed5e035c4385e0",
			"slotId": "main",
			"location": {
				"x": 2,
				"y": 0,
				"r": 0
			},
			"upd": {
				"StackObjectsCount": 50
			}
		},
		{
			"_id": "5dcb1de5d7ed5e035c4385e4",
			"_tpl": "56d59d3ad2720bdb418b4577",
			"parentId": "5dcb1de5d7ed5e035c4385e0",
			"slotId": "main",
			"location": {
				"x": 0,
				"y": 1,
				"r": 0
			},
			"upd": {
				"StackObjectsCount": 50
			}
		},
		{
			"_id": "5dcb1de5d7ed5e035c4385e5",
			"_tpl": "56d59d3ad2720bdb418b4577",
			"parentId": "5dcb1de5d7ed5e035c4385e0",
			"slotId": "main",
			"location": {
				"x": 1,
				"y": 1,
				"r": 0
			},
			"upd": {
				"StackObjectsCount": 50
			}
		},
		{
			"_id": "5dcb1de5d7ed5e035c4385e6",
			"_tpl": "56d59d3ad2720bdb418b4577",
			"parentId": "5dcb1de5d7ed5e035c4385e0",
			"slotId": "main",
			"location": {
				"x": 2,
				"y": 1,
				"r": 0
			},
			"upd": {
				"StackObjectsCount": 50
			}
		},
		{
			"_id": "5dcb1de5d7ed5e035c4385e7",
			"_tpl": "56d59d3ad2720bdb418b4577",
			"parentId": "5dcb1de5d7ed5e035c4385e0",
			"slotId": "main",
			"location": {
				"x": 0,
				"y": 2,
				"r": 0
			},
			"upd": {
				"StackObjectsCount": 50
			}
		},
		{
			"_id": "5dcb1de5d7ed5e035c4385e8",
			"_tpl": "56d59d3ad2720bdb418b4577",
			"parentId": "5dcb1de5d7ed5e035c4385e0",
			"slotId": "main",
			"location": {
				"x": 1,
				"y": 2,
				"r": 0
			},
			"upd": {
				"StackObjectsCount": 50
			}
		},
		{
			"_id": "5dcb1de5d7ed5e035c4385e9",
			"_tpl": "56d59d3ad2720bdb418b4577",
			"parentId": "5dcb1de5d7ed5e035c4385e0",
			"slotId": "main",
			"location": {
				"x": 2,
				"y": 2,
				"r": 0
			},
			"upd": {
				"StackObjectsCount": 50
			}
		},
		{
			"_id": "5dcb1de5d7ed5e035c4385a6",
			"_tpl": "566abbc34bdc2d92178b4576"
		},
		{
			"_id": "5dcb1de5d7ed5e035c4385a9",
			"_tpl": "5963866b86f7747bfa1c4462"
		},
		{
			"_id": "5dcb1de5d7ed5e035c4385a8",
			"_tpl": "5963866286f7747bf429b572"
		}
	],
	"equipment": "5dcb1de5d7ed5e035c4385a7",
	"stash": "5dcb1de5d7ed5e035c4385a6",
	"questRaidItems": "5dcb1de5d7ed5e035c4385a8",
	"questStashItems": "5dcb1de5d7ed5e035c4385a9",
	"fastPanel": {}
}