{
	"items": [
		{
			"_id": "5c6687d65e9d882c8841f0fd",
			"_tpl": "55d7217a4bdc2d86028b456d"
		},
		{
			"_id": "5c6687d65e9d882c8841f121",
			"_tpl": "557ffd194bdc2d28148b457f",
			"parentId": "5c6687d65e9d882c8841f0fd",
			"slotId": "Pockets"
		},
		{
			"_id": "5c6687d65e9d882c8841f0fc",
			"_tpl": "566abbc34bdc2d92178b4576"
		},
		{
			"_id": "5c6687d65e9d882c8841f0ff",
			"_tpl": "5963866b86f7747bfa1c4462"
		},
		{
			"_id": "5c6687d65e9d882c8841f0fe",
			"_tpl": "5963866286f7747bf429b572"
		},
		{
			"_id": "TacticalVest647420",
			"_tpl": "5c0e9f2c86f77432297fe0a3",
			"parentId": "5c6687d65e9d882c8841f0fd",
			"slotId": "TacticalVest"
		},
		{
			"_id": "I210042345036681136JKZZW",
			"_tpl": "5644bd2b4bdc2d3b4c8b4572",
			"parentId": "5c6687d65e9d882c8841f0fd",
			"slotId": "FirstPrimaryWeapon"
		},
		{
			"_id": "I210042344906752615b5sff",
			"_tpl": "59c6633186f7740cf0493bb9",
			"parentId": "I210042345036681136JKZZW",
			"slotId": "mod_gas_block"
		},
		{
			"_id": "I210042346229769622SUw9L",
			"_tpl": "5649aa744bdc2ded0b8b457e",
			"parentId": "I210042345036681136JKZZW",
			"slotId": "mod_muzzle"
		},
		{
			"_id": "I210042347156684097GixGt",
			"_tpl": "5649ad3f4bdc2df8348b4585",
			"parentId": "I210042345036681136JKZZW",
			"slotId": "mod_pistol_grip"
		},
		{
			"_id": "I210042346127447240x9sLB",
			"_tpl": "5649af094bdc2df8348b4586",
			"parentId": "I210042345036681136JKZZW",
			"slotId": "mod_reciever"
		},
		{
			"_id": "I21004234646055557404AUI",
			"_tpl": "57acb6222459771ec34b5cb0",
			"parentId": "I210042345036681136JKZZW",
			"slotId": "mod_mount_000"
		},
		{
			"_id": "I210042347211978647TFiiM",
			"_tpl": "5648b0744bdc2d363b8b4578",
			"parentId": "I210042344906752615b5sff",
			"slotId": "mod_handguard"
		},
		{
			"_id": "mag0Vest986477",
			"_tpl": "55d480c04bdc2d1d4e8b456a",
			"parentId": "TacticalVest647420",
			"slotId": "1",
			"location": {
				"x": 0,
				"y": 0,
				"r": "Horizontal"
			}
		},
		{
			"_id": "AmmoMag0Vest507371",
			"_tpl": "56dff026d2720bb8668b4567",
			"parentId": "mag0Vest986477",
			"slotId": "cartridges",
			"upd": {
				"StackObjectsCount": 30
			}
		},
		{
			"_id": "mag1Vest381194",
			"_tpl": "55d480c04bdc2d1d4e8b456a",
			"parentId": "TacticalVest647420",
			"slotId": "3",
			"location": {
				"x": 0,
				"y": 0,
				"r": "Horizontal"
			}
		},
		{
			"_id": "AmmoMag1Vest526184",
			"_tpl": "56dff216d2720bbd668b4568",
			"parentId": "mag1Vest381194",
			"slotId": "cartridges",
			"upd": {
				"StackObjectsCount": 30
			}
		},
		{
			"_id": "mag3Vest13802",
			"_tpl": "55d480c04bdc2d1d4e8b456a",
			"parentId": "TacticalVest647420",
			"slotId": "6",
			"location": {
				"x": 0,
				"y": 0,
				"r": "Horizontal"
			}
		},
		{
			"_id": "AmmoMag3Vest379982",
			"_tpl": "56dfef82d2720bbd668b4567",
			"parentId": "mag3Vest13802",
			"slotId": "cartridges",
			"upd": {
				"StackObjectsCount": 30
			}
		},
		{
			"_id": "mag4Vest998357",
			"_tpl": "55d480c04bdc2d1d4e8b456a",
			"parentId": "TacticalVest647420",
			"slotId": "8",
			"location": {
				"x": 0,
				"y": 0,
				"r": "Horizontal"
			}
		},
		{
			"_id": "AmmoMag4Vest732188",
			"_tpl": "56dff4a2d2720bbd668b456a",
			"parentId": "mag4Vest998357",
			"slotId": "cartridges",
			"upd": {
				"StackObjectsCount": 30
			}
		},
		{
			"_id": "Scabbard326627",
			"_tpl": "57e26fc7245977162a14b800",
			"parentId": "5c6687d65e9d882c8841f0fd",
			"slotId": "Scabbard"
		},
		{
			"_id": "Headwear138403",
			"_tpl": "59e7708286f7742cbd762753",
			"parentId": "5c6687d65e9d882c8841f0fd",
			"slotId": "Headwear"
		},
		{
			"_id": "ArmorVest298439",
			"_tpl": "5c0e541586f7747fa54205c9",
			"parentId": "5c6687d65e9d882c8841f0fd",
			"slotId": "ArmorVest",
			"upd": {
				"Repairable": {
					"MaxDurability": 60,
					"Durability": 55
				}
			}
		},
		{
			"_id": "Pocket_608470",
			"_tpl": "5b4335ba86f7744d2837a264",
			"parentId": "5c6687d65e9d882c8841f121",
			"slotId": "pocket1",
			"location": {
				"x": 0,
				"y": 0,
				"r": "Horizontal"
			},
			"upd": {
				"SpawnedInSession": true
			}
		},
		{
			"_id": "Pocket_952555",
			"_tpl": "5d1b3a5d86f774252167ba22",
			"parentId": "5c6687d65e9d882c8841f121",
			"slotId": "pocket2",
			"location": {
				"x": 0,
				"y": 0,
				"r": "Horizontal"
			},
			"upd": {
				"SpawnedInSession": true
			}
		}
	],
	"equipment": "5c6687d65e9d882c8841f0fd",
	"stash": "5c6687d65e9d882c8841f0fc",
	"questRaidItems": "5c6687d65e9d882c8841f0fe",
	"questStashItems": "5c6687d65e9d882c8841f0ff",
	"fastPanel": {}
}