{
	"items": [
		{
			"_id": "5dcb1dc4fb81105cd85bf57c",
			"_tpl": "55d7217a4bdc2d86028b456d"
		},
		{
			"_id": "5dcb1dc4fb81105cd85bf59c",
			"_tpl": "5644bd2b4bdc2d3b4c8b4572",
			"parentId": "5dcb1dc4fb81105cd85bf57c",
			"slotId": "FirstPrimaryWeapon"
		},
		{
			"_id": "5dcb1dc4fb81105cd85bf59d",
			"_tpl": "59c6633186f7740cf0493bb9",
			"parentId": "5dcb1dc4fb81105cd85bf59c",
			"slotId": "mod_gas_block"
		},
		{
			"_id": "5dcb1dc4fb81105cd85bf59e",
			"_tpl": "5648b0744bdc2d363b8b4578",
			"parentId": "5dcb1dc4fb81105cd85bf59d",
			"slotId": "mod_handguard"
		},
		{
			"_id": "5dcb1dc4fb81105cd85bf59f",
			"_tpl": "5649ad3f4bdc2df8348b4585",
			"parentId": "5dcb1dc4fb81105cd85bf59c",
			"slotId": "mod_pistol_grip"
		},
		{
			"_id": "5dcb1dc4fb81105cd85bf5a0",
			"_tpl": "5649af094bdc2df8348b4586",
			"parentId": "5dcb1dc4fb81105cd85bf59c",
			"slotId": "mod_reciever"
		},
		{
			"_id": "5dcb1dc4fb81105cd85bf5a1",
			"_tpl": "5649b0544bdc2d1b2b8b458a",
			"parentId": "5dcb1dc4fb81105cd85bf59c",
			"slotId": "mod_sight_rear"
		},
		{
			"_id": "5dcb1dc4fb81105cd85bf5a2",
			"_tpl": "5649b1c04bdc2d16268b457c",
			"parentId": "5dcb1dc4fb81105cd85bf59c",
			"slotId": "mod_stock"
		},
		{
			"_id": "5dcb1dc4fb81105cd85bf5a3",
			"_tpl": "55d4837c4bdc2d1d4e8b456c",
			"parentId": "5dcb1dc4fb81105cd85bf59c",
			"slotId": "mod_magazine"
		},
		{
			"_id": "5dcb1dc4fb81105cd85bf5a4",
			"_tpl": "56dff3afd2720bba668b4567",
			"parentId": "5dcb1dc4fb81105cd85bf5a3",
			"slotId": "cartridges",
			"upd": {
				"StackObjectsCount": 10
			}
		},
		{
			"_id": "5dcb1dc4fb81105cd85bf5a5",
			"_tpl": "56dff3afd2720bba668b4567",
			"parentId": "5dcb1dc4fb81105cd85bf59c",
			"slotId": "patron_in_weapon",
			"upd": {
				"StackObjectsCount": 1
			}
		},
		{
			"_id": "5dcb1dc4fb81105cd85bf5a6",
			"_tpl": "557ffd194bdc2d28148b457f",
			"parentId": "5dcb1dc4fb81105cd85bf57c",
			"slotId": "Pockets"
		},
		{
			"_id": "5dcb1dc4fb81105cd85bf5b9",
			"_tpl": "57514643245977207f2c2d09",
			"parentId": "5dcb1dc4fb81105cd85bf5a6",
			"slotId": "pocket1",
			"location": {
				"x": 0,
				"y": 0,
				"r": 0
			}
		},
		{
			"_id": "5dcb1dc4fb81105cd85bf5a7",
			"_tpl": "572b7adb24597762ae139821",
			"parentId": "5dcb1dc4fb81105cd85bf57c",
			"slotId": "TacticalVest"
		},
		{
			"_id": "5dcb1dc4fb81105cd85bf5b5",
			"_tpl": "55d4837c4bdc2d1d4e8b456c",
			"parentId": "5dcb1dc4fb81105cd85bf5a7",
			"slotId": "1",
			"location": {
				"x": 0,
				"y": 0,
				"r": 0
			}
		},
		{
			"_id": "5dcb1dc4fb81105cd85bf5b6",
			"_tpl": "56dff3afd2720bba668b4567",
			"parentId": "5dcb1dc4fb81105cd85bf5b5",
			"slotId": "cartridges",
			"upd": {
				"StackObjectsCount": 10
			}
		},
		{
			"_id": "5dcb1dc4fb81105cd85bf5a8",
			"_tpl": "572b7fa524597762b747ce82",
			"parentId": "5dcb1dc4fb81105cd85bf57c",
			"slotId": "FaceCover"
		},
		{
			"_id": "5dcb1dc4fb81105cd85bf5a9",
			"_tpl": "59e7708286f7742cbd762753",
			"parentId": "5dcb1dc4fb81105cd85bf57c",
			"slotId": "Headwear"
		},
		{
			"_id": "5dcb1dc4fb81105cd85bf5aa",
			"_tpl": "59e7635f86f7742cbf2c1095",
			"parentId": "5dcb1dc4fb81105cd85bf57c",
			"slotId": "ArmorVest",
			"upd": {
				"Repairable": {
					"Durability": 10
				}
			}
		},
		{
			"_id": "5dcb1dc4fb81105cd85bf5ab",
			"_tpl": "5857a8bc2459772bad15db29",
			"parentId": "5dcb1dc4fb81105cd85bf57c",
			"slotId": "SecuredContainer"
		},
		{
			"_id": "5dcb1dc4fb81105cd85bf5ac",
			"_tpl": "56dff3afd2720bba668b4567",
			"parentId": "5dcb1dc4fb81105cd85bf5ab",
			"slotId": "main",
			"location": {
				"x": 0,
				"y": 0,
				"r": 0
			},
			"upd": {
				"StackObjectsCount": 60
			}
		},
		{
			"_id": "5dcb1dc4fb81105cd85bf5ad",
			"_tpl": "56dff3afd2720bba668b4567",
			"parentId": "5dcb1dc4fb81105cd85bf5ab",
			"slotId": "main",
			"location": {
				"x": 1,
				"y": 0,
				"r": 0
			},
			"upd": {
				"StackObjectsCount": 60
			}
		},
		{
			"_id": "5dcb1dc4fb81105cd85bf5ae",
			"_tpl": "56dff3afd2720bba668b4567",
			"parentId": "5dcb1dc4fb81105cd85bf5ab",
			"slotId": "main",
			"location": {
				"x": 2,
				"y": 0,
				"r": 0
			},
			"upd": {
				"StackObjectsCount": 60
			}
		},
		{
			"_id": "5dcb1dc4fb81105cd85bf5af",
			"_tpl": "56dff3afd2720bba668b4567",
			"parentId": "5dcb1dc4fb81105cd85bf5ab",
			"slotId": "main",
			"location": {
				"x": 0,
				"y": 1,
				"r": 0
			},
			"upd": {
				"StackObjectsCount": 60
			}
		},
		{
			"_id": "5dcb1dc4fb81105cd85bf5b0",
			"_tpl": "56dff3afd2720bba668b4567",
			"parentId": "5dcb1dc4fb81105cd85bf5ab",
			"slotId": "main",
			"location": {
				"x": 1,
				"y": 1,
				"r": 0
			},
			"upd": {
				"StackObjectsCount": 60
			}
		},
		{
			"_id": "5dcb1dc4fb81105cd85bf5b1",
			"_tpl": "56dff3afd2720bba668b4567",
			"parentId": "5dcb1dc4fb81105cd85bf5ab",
			"slotId": "main",
			"location": {
				"x": 2,
				"y": 1,
				"r": 0
			},
			"upd": {
				"StackObjectsCount": 60
			}
		},
		{
			"_id": "5dcb1dc4fb81105cd85bf5b2",
			"_tpl": "56dff3afd2720bba668b4567",
			"parentId": "5dcb1dc4fb81105cd85bf5ab",
			"slotId": "main",
			"location": {
				"x": 0,
				"y": 2,
				"r": 0
			},
			"upd": {
				"StackObjectsCount": 60
			}
		},
		{
			"_id": "5dcb1dc4fb81105cd85bf5b3",
			"_tpl": "56dff3afd2720bba668b4567",
			"parentId": "5dcb1dc4fb81105cd85bf5ab",
			"slotId": "main",
			"location": {
				"x": 1,
				"y": 2,
				"r": 0
			},
			"upd": {
				"StackObjectsCount": 60
			}
		},
		{
			"_id": "5dcb1dc4fb81105cd85bf5b4",
			"_tpl": "56dff3afd2720bba668b4567",
			"parentId": "5dcb1dc4fb81105cd85bf5ab",
			"slotId": "main",
			"location": {
				"x": 2,
				"y": 2,
				"r": 0
			},
			"upd": {
				"StackObjectsCount": 60
			}
		},
		{
			"_id": "5dcb1dc4fb81105cd85bf57b",
			"_tpl": "566abbc34bdc2d92178b4576"
		},
		{
			"_id": "5dcb1dc4fb81105cd85bf57e",
			"_tpl": "5963866b86f7747bfa1c4462"
		},
		{
			"_id": "5dcb1dc4fb81105cd85bf57d",
			"_tpl": "5963866286f7747bf429b572"
		}
	],
	"equipment": "5dcb1dc4fb81105cd85bf57c",
	"stash": "5dcb1dc4fb81105cd85bf57b",
	"questRaidItems": "5dcb1dc4fb81105cd85bf57d",
	"questStashItems": "5dcb1dc4fb81105cd85bf57e",
	"fastPanel": {}
}