{
	"items": [
		{
			"_id": "5c6687d65e9d882c8841f0fd",
			"_tpl": "55d7217a4bdc2d86028b456d"
		},
		{
			"_id": "5c6687d65e9d882c8841f121",
			"_tpl": "557ffd194bdc2d28148b457f",
			"parentId": "5c6687d65e9d882c8841f0fd",
			"slotId": "Pockets"
		},
		{
			"_id": "5c6687d65e9d882c8841f0fc",
			"_tpl": "566abbc34bdc2d92178b4576"
		},
		{
			"_id": "5c6687d65e9d882c8841f0ff",
			"_tpl": "5963866b86f7747bfa1c4462"
		},
		{
			"_id": "5c6687d65e9d882c8841f0fe",
			"_tpl": "5963866286f7747bf429b572"
		},
		{
			"_id": "TacticalVest977654",
			"_tpl": "5d5d8ca986f7742798716522",
			"parentId": "5c6687d65e9d882c8841f0fd",
			"slotId": "TacticalVest"
		},
		{
			"_id": "I210013408127790895aIQlX",
			"_tpl": "5bfea6e90db834001b7347f3",
			"parentId": "5c6687d65e9d882c8841f0fd",
			"slotId": "FirstPrimaryWeapon"
		},
		{
			"_id": "MagazineWeaponScav4231",
			"_tpl": "5bfeaa0f0db834001b734927",
			"parentId": "I210013408127790895aIQlX",
			"slotId": "mod_magazine"
		},
		{
			"_id": "AmmoMag19928",
			"_tpl": "58dd3ad986f77403051cba8f",
			"parentId": "MagazineWeaponScav4231",
			"slotId": "cartridges",
			"upd": {
				"StackObjectsCount": 10
			}
		},
		{
			"_id": "I210013402784102846OF3LC",
			"_tpl": "5bfeb32b0db834001a6694d9",
			"parentId": "I210013408127790895aIQlX",
			"slotId": "mod_stock"
		},
		{
			"_id": "I210013407544258067pRHdV",
			"_tpl": "5bfebc320db8340019668d79",
			"parentId": "I210013408127790895aIQlX",
			"slotId": "mod_barrel"
		},
		{
			"_id": "mag0Vest25581",
			"_tpl": "5d25a6538abbc306c62e630d",
			"parentId": "TacticalVest977654",
			"slotId": "1",
			"location": {
				"x": 0,
				"y": 0,
				"r": "Horizontal"
			}
		},
		{
			"_id": "AmmoMag0Vest733261",
			"_tpl": "5e023e88277cce2b522ff2b1",
			"parentId": "mag0Vest25581",
			"slotId": "cartridges",
			"upd": {
				"StackObjectsCount": 10
			}
		},
		{
			"_id": "Scabbard669225",
			"_tpl": "57e26fc7245977162a14b800",
			"parentId": "5c6687d65e9d882c8841f0fd",
			"slotId": "Scabbard"
		},
		{
			"_id": "Headwear547622",
			"_tpl": "5b4329075acfc400153b78ff",
			"parentId": "5c6687d65e9d882c8841f0fd",
			"slotId": "Headwear"
		},
		{
			"_id": "FaceCover959361",
			"_tpl": "5bd06f5d86f77427101ad47c",
			"parentId": "5c6687d65e9d882c8841f0fd",
			"slotId": "FaceCover"
		},
		{
			"_id": "Backpack786846",
			"_tpl": "56e33634d2720bd8058b456b",
			"parentId": "5c6687d65e9d882c8841f0fd",
			"slotId": "Backpack"
		},
		{
			"_id": "BP_Backpack786846_263904",
			"_tpl": "5734758f24597738025ee253",
			"parentId": "Backpack786846",
			"slotId": "main",
			"location": {
				"x": 0,
				"y": 0,
				"r": "Horizontal"
			}
		},
		{
			"_id": "BP_Backpack786846_478334",
			"_tpl": "5d8e0db586f7744450412a42",
			"parentId": "Backpack786846",
			"slotId": "main",
			"location": {
				"x": 0,
				"y": 1,
				"r": "Horizontal"
			}
		},
		{
			"_id": "BP_Backpack786846_881399",
			"_tpl": "5e2af22086f7746d3f3c33fa",
			"parentId": "Backpack786846",
			"slotId": "main",
			"location": {
				"x": 0,
				"y": 2,
				"r": "Horizontal"
			}
		},
		{
			"_id": "BP_Backpack786846_549542",
			"_tpl": "5733279d245977289b77ec24",
			"parentId": "Backpack786846",
			"slotId": "main",
			"location": {
				"x": 1,
				"y": 0,
				"r": "Horizontal"
			}
		},
		{
			"_id": "ArmorVest559815",
			"_tpl": "5c0e625a86f7742d77340f62",
			"parentId": "5c6687d65e9d882c8841f0fd",
			"slotId": "ArmorVest",
			"upd": {
				"Repairable": {
					"MaxDurability": 75,
					"Durability": 65
				}
			}
		},
		{
			"_id": "Pocket_668613",
			"_tpl": "5d1c774f86f7746d6620f8db",
			"parentId": "5c6687d65e9d882c8841f121",
			"slotId": "pocket1",
			"location": {
				"x": 0,
				"y": 0,
				"r": "Horizontal"
			},
			"upd": {
				"SpawnedInSession": true
			}
		}
	],
	"equipment": "5c6687d65e9d882c8841f0fd",
	"stash": "5c6687d65e9d882c8841f0fc",
	"questRaidItems": "5c6687d65e9d882c8841f0fe",
	"questStashItems": "5c6687d65e9d882c8841f0ff",
	"fastPanel": {}
}