{
	"items": [
		{
			"_id": "5dcb1de5d7ed5e035c4392b8",
			"_tpl": "55d7217a4bdc2d86028b456d"
		},
		{
			"_id": "5dcb1de5d7ed5e035c4392dd",
			"_tpl": "59e6687d86f77411d949b251",
			"parentId": "5dcb1de5d7ed5e035c4392b8",
			"slotId": "FirstPrimaryWeapon"
		},
		{
			"_id": "5dcb1de5d7ed5e035c4392de",
			"_tpl": "59e649f986f77411d949b246",
			"parentId": "5dcb1de5d7ed5e035c4392dd",
			"slotId": "mod_gas_block"
		},
		{
			"_id": "5dcb1de5d7ed5e035c4392df",
			"_tpl": "59e898ee86f77427614bd225",
			"parentId": "5dcb1de5d7ed5e035c4392de",
			"slotId": "mod_handguard"
		},
		{
			"_id": "5dcb1de5d7ed5e035c4392e0",
			"_tpl": "59e6318286f77444dd62c4cc",
			"parentId": "5dcb1de5d7ed5e035c4392dd",
			"slotId": "mod_pistol_grip"
		},
		{
			"_id": "5dcb1de5d7ed5e035c4392e1",
			"_tpl": "59d6507c86f7741b846413a2",
			"parentId": "5dcb1de5d7ed5e035c4392dd",
			"slotId": "mod_reciever"
		},
		{
			"_id": "5dcb1de5d7ed5e035c4392e2",
			"_tpl": "59e8977386f77415a553c453",
			"parentId": "5dcb1de5d7ed5e035c4392dd",
			"slotId": "mod_sight_rear"
		},
		{
			"_id": "5dcb1de5d7ed5e035c4392e3",
			"_tpl": "59e89d0986f77427600d226e",
			"parentId": "5dcb1de5d7ed5e035c4392dd",
			"slotId": "mod_stock"
		},
		{
			"_id": "5dcb1de5d7ed5e035c4392e4",
			"_tpl": "59e5d83b86f7745aed03d262",
			"parentId": "5dcb1de5d7ed5e035c4392dd",
			"slotId": "mod_magazine"
		},
		{
			"_id": "5dcb1de5d7ed5e035c4392e5",
			"_tpl": "59e6542b86f77411dc52a77a",
			"parentId": "5dcb1de5d7ed5e035c4392e4",
			"slotId": "cartridges",
			"upd": {
				"StackObjectsCount": 10
			}
		},
		{
			"_id": "5dcb1de5d7ed5e035c4392e6",
			"_tpl": "59e6542b86f77411dc52a77a",
			"parentId": "5dcb1de5d7ed5e035c4392dd",
			"slotId": "patron_in_weapon",
			"upd": {
				"StackObjectsCount": 1
			}
		},
		{
			"_id": "5dcb1de5d7ed5e035c4392e7",
			"_tpl": "557ffd194bdc2d28148b457f",
			"parentId": "5dcb1de5d7ed5e035c4392b8",
			"slotId": "Pockets"
		},
		{
			"_id": "5dcb1de5d7ed5e035c4392fe",
			"_tpl": "59e366c186f7741778269d85",
			"parentId": "5dcb1de5d7ed5e035c4392e7",
			"slotId": "pocket1",
			"location": {
				"x": 0,
				"y": 0,
				"r": 0
			}
		},
		{
			"_id": "5dcb1de5d7ed5e035c4392e8",
			"_tpl": "59e7643b86f7742cbf2c109a",
			"parentId": "5dcb1de5d7ed5e035c4392b8",
			"slotId": "TacticalVest"
		},
		{
			"_id": "5dcb1de5d7ed5e035c4392f6",
			"_tpl": "59e5d83b86f7745aed03d262",
			"parentId": "5dcb1de5d7ed5e035c4392e8",
			"slotId": "1",
			"location": {
				"x": 0,
				"y": 0,
				"r": 0
			}
		},
		{
			"_id": "5dcb1de5d7ed5e035c4392f7",
			"_tpl": "59e6542b86f77411dc52a77a",
			"parentId": "5dcb1de5d7ed5e035c4392f6",
			"slotId": "cartridges",
			"upd": {
				"StackObjectsCount": 10
			}
		},
		{
			"_id": "5dcb1de5d7ed5e035c4392f8",
			"_tpl": "59e5d83b86f7745aed03d262",
			"parentId": "5dcb1de5d7ed5e035c4392e8",
			"slotId": "1",
			"location": {
				"x": 1,
				"y": 0,
				"r": 0
			}
		},
		{
			"_id": "5dcb1de5d7ed5e035c4392f9",
			"_tpl": "59e6542b86f77411dc52a77a",
			"parentId": "5dcb1de5d7ed5e035c4392f8",
			"slotId": "cartridges",
			"upd": {
				"StackObjectsCount": 10
			}
		},
		{
			"_id": "5dcb1de5d7ed5e035c4392fa",
			"_tpl": "59e5d83b86f7745aed03d262",
			"parentId": "5dcb1de5d7ed5e035c4392e8",
			"slotId": "1",
			"location": {
				"x": 0,
				"y": 1,
				"r": 0
			}
		},
		{
			"_id": "5dcb1de5d7ed5e035c4392fb",
			"_tpl": "59e6542b86f77411dc52a77a",
			"parentId": "5dcb1de5d7ed5e035c4392fa",
			"slotId": "cartridges",
			"upd": {
				"StackObjectsCount": 10
			}
		},
		{
			"_id": "5dcb1de5d7ed5e035c4392e9",
			"_tpl": "5a7c4850e899ef00150be885",
			"parentId": "5dcb1de5d7ed5e035c4392b8",
			"slotId": "Headwear",
			"upd": {
				"Repairable": {
					"Durability": 10
				}
			}
		},
		{
			"_id": "5dcb1de5d7ed5e035c4392ea",
			"_tpl": "59e7635f86f7742cbf2c1095",
			"parentId": "5dcb1de5d7ed5e035c4392b8",
			"slotId": "ArmorVest",
			"upd": {
				"Repairable": {
					"Durability": 33
				}
			}
		},
		{
			"_id": "5dcb1de5d7ed5e035c4392eb",
			"_tpl": "57e26ea924597715ca604a09",
			"parentId": "5dcb1de5d7ed5e035c4392b8",
			"slotId": "Scabbard"
		},
		{
			"_id": "5dcb1de5d7ed5e035c4392ec",
			"_tpl": "5857a8bc2459772bad15db29",
			"parentId": "5dcb1de5d7ed5e035c4392b8",
			"slotId": "SecuredContainer"
		},
		{
			"_id": "5dcb1de5d7ed5e035c4392ed",
			"_tpl": "59e6542b86f77411dc52a77a",
			"parentId": "5dcb1de5d7ed5e035c4392ec",
			"slotId": "main",
			"location": {
				"x": 0,
				"y": 0,
				"r": 0
			},
			"upd": {
				"StackObjectsCount": 50
			}
		},
		{
			"_id": "5dcb1de5d7ed5e035c4392ee",
			"_tpl": "59e6542b86f77411dc52a77a",
			"parentId": "5dcb1de5d7ed5e035c4392ec",
			"slotId": "main",
			"location": {
				"x": 1,
				"y": 0,
				"r": 0
			},
			"upd": {
				"StackObjectsCount": 50
			}
		},
		{
			"_id": "5dcb1de5d7ed5e035c4392ef",
			"_tpl": "59e6542b86f77411dc52a77a",
			"parentId": "5dcb1de5d7ed5e035c4392ec",
			"slotId": "main",
			"location": {
				"x": 2,
				"y": 0,
				"r": 0
			},
			"upd": {
				"StackObjectsCount": 50
			}
		},
		{
			"_id": "5dcb1de5d7ed5e035c4392f0",
			"_tpl": "59e6542b86f77411dc52a77a",
			"parentId": "5dcb1de5d7ed5e035c4392ec",
			"slotId": "main",
			"location": {
				"x": 0,
				"y": 1,
				"r": 0
			},
			"upd": {
				"StackObjectsCount": 50
			}
		},
		{
			"_id": "5dcb1de5d7ed5e035c4392f1",
			"_tpl": "59e6542b86f77411dc52a77a",
			"parentId": "5dcb1de5d7ed5e035c4392ec",
			"slotId": "main",
			"location": {
				"x": 1,
				"y": 1,
				"r": 0
			},
			"upd": {
				"StackObjectsCount": 50
			}
		},
		{
			"_id": "5dcb1de5d7ed5e035c4392f2",
			"_tpl": "59e6542b86f77411dc52a77a",
			"parentId": "5dcb1de5d7ed5e035c4392ec",
			"slotId": "main",
			"location": {
				"x": 2,
				"y": 1,
				"r": 0
			},
			"upd": {
				"StackObjectsCount": 50
			}
		},
		{
			"_id": "5dcb1de5d7ed5e035c4392f3",
			"_tpl": "59e6542b86f77411dc52a77a",
			"parentId": "5dcb1de5d7ed5e035c4392ec",
			"slotId": "main",
			"location": {
				"x": 0,
				"y": 2,
				"r": 0
			},
			"upd": {
				"StackObjectsCount": 50
			}
		},
		{
			"_id": "5dcb1de5d7ed5e035c4392f4",
			"_tpl": "59e6542b86f77411dc52a77a",
			"parentId": "5dcb1de5d7ed5e035c4392ec",
			"slotId": "main",
			"location": {
				"x": 1,
				"y": 2,
				"r": 0
			},
			"upd": {
				"StackObjectsCount": 50
			}
		},
		{
			"_id": "5dcb1de5d7ed5e035c4392f5",
			"_tpl": "59e6542b86f77411dc52a77a",
			"parentId": "5dcb1de5d7ed5e035c4392ec",
			"slotId": "main",
			"location": {
				"x": 2,
				"y": 2,
				"r": 0
			},
			"upd": {
				"StackObjectsCount": 50
			}
		},
		{
			"_id": "5dcb1de5d7ed5e035c4392b7",
			"_tpl": "566abbc34bdc2d92178b4576"
		},
		{
			"_id": "5dcb1de5d7ed5e035c4392ba",
			"_tpl": "5963866b86f7747bfa1c4462"
		},
		{
			"_id": "5dcb1de5d7ed5e035c4392b9",
			"_tpl": "5963866286f7747bf429b572"
		}
	],
	"equipment": "5dcb1de5d7ed5e035c4392b8",
	"stash": "5dcb1de5d7ed5e035c4392b7",
	"questRaidItems": "5dcb1de5d7ed5e035c4392b9",
	"questStashItems": "5dcb1de5d7ed5e035c4392ba",
	"fastPanel": {}
}