{
	"items": [
		{
			"_id": "5dcb1dc5fb81105cd85bfe26",
			"_tpl": "55d7217a4bdc2d86028b456d"
		},
		{
			"_id": "5dcb1dc5fb81105cd85bfe4f",
			"_tpl": "571a12c42459771f627b58a0",
			"parentId": "5dcb1dc5fb81105cd85bfe26",
			"slotId": "Holster"
		},
		{
			"_id": "5dcb1dc5fb81105cd85bfe50",
			"_tpl": "571a26d524597720680fbe8a",
			"parentId": "5dcb1dc5fb81105cd85bfe4f",
			"slotId": "mod_barrel"
		},
		{
			"_id": "5dcb1dc5fb81105cd85bfe51",
			"_tpl": "571a282c2459771fb2755a69",
			"parentId": "5dcb1dc5fb81105cd85bfe4f",
			"slotId": "mod_pistol_grip"
		},
		{
			"_id": "5dcb1dc5fb81105cd85bfe52",
			"_tpl": "571a29dc2459771fb2755a6a",
			"parentId": "5dcb1dc5fb81105cd85bfe4f",
			"slotId": "mod_magazine"
		},
		{
			"_id": "5dcb1dc5fb81105cd85bfe53",
			"_tpl": "5736026a245977644601dc61",
			"parentId": "5dcb1dc5fb81105cd85bfe52",
			"slotId": "cartridges",
			"upd": {
				"StackObjectsCount": 8
			}
		},
		{
			"_id": "5dcb1dc5fb81105cd85bfe54",
			"_tpl": "5736026a245977644601dc61",
			"parentId": "5dcb1dc5fb81105cd85bfe4f",
			"slotId": "patron_in_weapon",
			"upd": {
				"StackObjectsCount": 1
			}
		},
		{
			"_id": "5dcb1dc5fb81105cd85bfe55",
			"_tpl": "557ffd194bdc2d28148b457f",
			"parentId": "5dcb1dc5fb81105cd85bfe26",
			"slotId": "Pockets"
		},
		{
			"_id": "5dcb1dc5fb81105cd85bfe6b",
			"_tpl": "57347c77245977448d35f6e2",
			"parentId": "5dcb1dc5fb81105cd85bfe55",
			"slotId": "pocket1",
			"location": {
				"x": 0,
				"y": 0,
				"r": 0
			}
		},
		{
			"_id": "5dcb1dc5fb81105cd85bfe6c",
			"_tpl": "5449016a4bdc2d6f028b456f",
			"parentId": "5dcb1dc5fb81105cd85bfe55",
			"slotId": "pocket2",
			"location": {
				"x": 0,
				"y": 0,
				"r": 0
			},
			"upd": {
				"StackObjectsCount": 10000
			}
		},
		{
			"_id": "5dcb1dc5fb81105cd85bfe56",
			"_tpl": "59e7643b86f7742cbf2c109a",
			"parentId": "5dcb1dc5fb81105cd85bfe26",
			"slotId": "TacticalVest"
		},
		{
			"_id": "5dcb1dc5fb81105cd85bfe65",
			"_tpl": "571a29dc2459771fb2755a6a",
			"parentId": "5dcb1dc5fb81105cd85bfe56",
			"slotId": "1",
			"location": {
				"x": 0,
				"y": 0,
				"r": 0
			}
		},
		{
			"_id": "5dcb1dc5fb81105cd85bfe66",
			"_tpl": "5736026a245977644601dc61",
			"parentId": "5dcb1dc5fb81105cd85bfe65",
			"slotId": "cartridges",
			"upd": {
				"StackObjectsCount": 8
			}
		},
		{
			"_id": "5dcb1dc5fb81105cd85bfe67",
			"_tpl": "571a29dc2459771fb2755a6a",
			"parentId": "5dcb1dc5fb81105cd85bfe56",
			"slotId": "1",
			"location": {
				"x": 1,
				"y": 0,
				"r": 0
			}
		},
		{
			"_id": "5dcb1dc5fb81105cd85bfe68",
			"_tpl": "5736026a245977644601dc61",
			"parentId": "5dcb1dc5fb81105cd85bfe67",
			"slotId": "cartridges",
			"upd": {
				"StackObjectsCount": 8
			}
		},
		{
			"_id": "5dcb1dc5fb81105cd85bfe57",
			"_tpl": "59e7715586f7742ee5789605",
			"parentId": "5dcb1dc5fb81105cd85bfe26",
			"slotId": "FaceCover"
		},
		{
			"_id": "5dcb1dc5fb81105cd85bfe58",
			"_tpl": "5c0e5edb86f77461f55ed1f7",
			"parentId": "5dcb1dc5fb81105cd85bfe26",
			"slotId": "ArmorVest",
			"upd": {
				"Repairable": {
					"Durability": 43
				}
			}
		},
		{
			"_id": "5dcb1dc5fb81105cd85bfe59",
			"_tpl": "57e26ea924597715ca604a09",
			"parentId": "5dcb1dc5fb81105cd85bfe26",
			"slotId": "Scabbard"
		},
		{
			"_id": "5dcb1dc5fb81105cd85bfe5a",
			"_tpl": "544a5cde4bdc2d39388b456b",
			"parentId": "5dcb1dc5fb81105cd85bfe26",
			"slotId": "Backpack"
		},
		{
			"_id": "5dcb1dc5fb81105cd85bfe6d",
			"_tpl": "590c661e86f7741e566b646a",
			"parentId": "5dcb1dc5fb81105cd85bfe5a",
			"slotId": "main",
			"location": {
				"x": 0,
				"y": 0,
				"r": 0
			},
			"upd": {
				"MedKit": {
					"HpResource": 182
				}
			}
		},
		{
			"_id": "5dcb1dc5fb81105cd85bfe6e",
			"_tpl": "590c2d8786f774245b1f03f3",
			"parentId": "5dcb1dc5fb81105cd85bfe5a",
			"slotId": "main",
			"location": {
				"x": 2,
				"y": 0,
				"r": 0
			}
		},
		{
			"_id": "5dcb1dc5fb81105cd85bfe6f",
			"_tpl": "573476d324597737da2adc13",
			"parentId": "5dcb1dc5fb81105cd85bfe5a",
			"slotId": "main",
			"location": {
				"x": 3,
				"y": 0,
				"r": 0
			}
		},
		{
			"_id": "5dcb1dc5fb81105cd85bfe5b",
			"_tpl": "5857a8bc2459772bad15db29",
			"parentId": "5dcb1dc5fb81105cd85bfe26",
			"slotId": "SecuredContainer"
		},
		{
			"_id": "5dcb1dc5fb81105cd85bfe5c",
			"_tpl": "5736026a245977644601dc61",
			"parentId": "5dcb1dc5fb81105cd85bfe5b",
			"slotId": "main",
			"location": {
				"x": 0,
				"y": 0,
				"r": 0
			},
			"upd": {
				"StackObjectsCount": 50
			}
		},
		{
			"_id": "5dcb1dc5fb81105cd85bfe5d",
			"_tpl": "5736026a245977644601dc61",
			"parentId": "5dcb1dc5fb81105cd85bfe5b",
			"slotId": "main",
			"location": {
				"x": 1,
				"y": 0,
				"r": 0
			},
			"upd": {
				"StackObjectsCount": 50
			}
		},
		{
			"_id": "5dcb1dc5fb81105cd85bfe5e",
			"_tpl": "5736026a245977644601dc61",
			"parentId": "5dcb1dc5fb81105cd85bfe5b",
			"slotId": "main",
			"location": {
				"x": 2,
				"y": 0,
				"r": 0
			},
			"upd": {
				"StackObjectsCount": 50
			}
		},
		{
			"_id": "5dcb1dc5fb81105cd85bfe5f",
			"_tpl": "5736026a245977644601dc61",
			"parentId": "5dcb1dc5fb81105cd85bfe5b",
			"slotId": "main",
			"location": {
				"x": 0,
				"y": 1,
				"r": 0
			},
			"upd": {
				"StackObjectsCount": 50
			}
		},
		{
			"_id": "5dcb1dc5fb81105cd85bfe60",
			"_tpl": "5736026a245977644601dc61",
			"parentId": "5dcb1dc5fb81105cd85bfe5b",
			"slotId": "main",
			"location": {
				"x": 1,
				"y": 1,
				"r": 0
			},
			"upd": {
				"StackObjectsCount": 50
			}
		},
		{
			"_id": "5dcb1dc5fb81105cd85bfe61",
			"_tpl": "5736026a245977644601dc61",
			"parentId": "5dcb1dc5fb81105cd85bfe5b",
			"slotId": "main",
			"location": {
				"x": 2,
				"y": 1,
				"r": 0
			},
			"upd": {
				"StackObjectsCount": 50
			}
		},
		{
			"_id": "5dcb1dc5fb81105cd85bfe62",
			"_tpl": "5736026a245977644601dc61",
			"parentId": "5dcb1dc5fb81105cd85bfe5b",
			"slotId": "main",
			"location": {
				"x": 0,
				"y": 2,
				"r": 0
			},
			"upd": {
				"StackObjectsCount": 50
			}
		},
		{
			"_id": "5dcb1dc5fb81105cd85bfe63",
			"_tpl": "5736026a245977644601dc61",
			"parentId": "5dcb1dc5fb81105cd85bfe5b",
			"slotId": "main",
			"location": {
				"x": 1,
				"y": 2,
				"r": 0
			},
			"upd": {
				"StackObjectsCount": 50
			}
		},
		{
			"_id": "5dcb1dc5fb81105cd85bfe64",
			"_tpl": "5736026a245977644601dc61",
			"parentId": "5dcb1dc5fb81105cd85bfe5b",
			"slotId": "main",
			"location": {
				"x": 2,
				"y": 2,
				"r": 0
			},
			"upd": {
				"StackObjectsCount": 50
			}
		},
		{
			"_id": "5dcb1dc5fb81105cd85bfe25",
			"_tpl": "566abbc34bdc2d92178b4576"
		},
		{
			"_id": "5dcb1dc5fb81105cd85bfe28",
			"_tpl": "5963866b86f7747bfa1c4462"
		},
		{
			"_id": "5dcb1dc5fb81105cd85bfe27",
			"_tpl": "5963866286f7747bf429b572"
		}
	],
	"equipment": "5dcb1dc5fb81105cd85bfe26",
	"stash": "5dcb1dc5fb81105cd85bfe25",
	"questRaidItems": "5dcb1dc5fb81105cd85bfe27",
	"questStashItems": "5dcb1dc5fb81105cd85bfe28",
	"fastPanel": {}
}