{
	"items": [
		{
			"_id": "5c6687d65e9d882c8841f0fd",
			"_tpl": "55d7217a4bdc2d86028b456d"
		},
		{
			"_id": "5c6687d65e9d882c8841f121",
			"_tpl": "557ffd194bdc2d28148b457f",
			"parentId": "5c6687d65e9d882c8841f0fd",
			"slotId": "Pockets"
		},
		{
			"_id": "5c6687d65e9d882c8841f0fc",
			"_tpl": "566abbc34bdc2d92178b4576"
		},
		{
			"_id": "5c6687d65e9d882c8841f0ff",
			"_tpl": "5963866b86f7747bfa1c4462"
		},
		{
			"_id": "5c6687d65e9d882c8841f0fe",
			"_tpl": "5963866286f7747bf429b572"
		},
		{
			"_id": "TacticalVest21207",
			"_tpl": "5648a69d4bdc2ded0b8b457b",
			"parentId": "5c6687d65e9d882c8841f0fd",
			"slotId": "TacticalVest"
		},
		{
			"_id": "I210062642740003097TktHz",
			"_tpl": "5644bd2b4bdc2d3b4c8b4572",
			"parentId": "5c6687d65e9d882c8841f0fd",
			"slotId": "FirstPrimaryWeapon"
		},
		{
			"_id": "I21006269386685156JSs1G0",
			"_tpl": "59c6633186f7740cf0493bb9",
			"parentId": "I210062642740003097TktHz",
			"slotId": "mod_gas_block"
		},
		{
			"_id": "I21006268740650417fUQTa2",
			"_tpl": "5649aa744bdc2ded0b8b457e",
			"parentId": "I210062642740003097TktHz",
			"slotId": "mod_muzzle"
		},
		{
			"_id": "I21006269104078284d5aHIt",
			"_tpl": "5649ad3f4bdc2df8348b4585",
			"parentId": "I210062642740003097TktHz",
			"slotId": "mod_pistol_grip"
		},
		{
			"_id": "I21006262577087087oM8P1n",
			"_tpl": "5649af094bdc2df8348b4586",
			"parentId": "I210062642740003097TktHz",
			"slotId": "mod_reciever"
		},
		{
			"_id": "I21006263735159263jnJ9a2",
			"_tpl": "5649b0544bdc2d1b2b8b458a",
			"parentId": "I210062642740003097TktHz",
			"slotId": "mod_sight_rear",
			"upd": {
				"Sight": {
					"SelectedSightMode": 0
				}
			}
		},
		{
			"_id": "I21006267770054830OuGHwR",
			"_tpl": "5649b1c04bdc2d16268b457c",
			"parentId": "I210062642740003097TktHz",
			"slotId": "mod_stock"
		},
		{
			"_id": "MagazineWeaponScav4829",
			"_tpl": "55d480c04bdc2d1d4e8b456a",
			"parentId": "I210062642740003097TktHz",
			"slotId": "mod_magazine"
		},
		{
			"_id": "AmmoMag13609",
			"_tpl": "56dff4a2d2720bbd668b456a",
			"parentId": "MagazineWeaponScav4829",
			"slotId": "cartridges",
			"upd": {
				"StackObjectsCount": 30
			}
		},
		{
			"_id": "I21006269750146155lfICwY",
			"_tpl": "5648b0744bdc2d363b8b4578",
			"parentId": "I21006269386685156JSs1G0",
			"slotId": "mod_handguard"
		},
		{
			"_id": "I21006263245747748Yz6Bdr",
			"_tpl": "56dfef82d2720bbd668b4567",
			"parentId": "I21006269600123893yxoV3S",
			"slotId": "cartridges",
			"location": 0,
			"upd": {
				"StackObjectsCount": 30
			}
		},
		{
			"_id": "mag0Vest194041",
			"_tpl": "5cbdaf89ae9215000e5b9c94",
			"parentId": "TacticalVest21207",
			"slotId": "1",
			"location": {
				"x": 0,
				"y": 0,
				"r": "Horizontal"
			}
		},
		{
			"_id": "AmmoMag0Vest654123",
			"_tpl": "56dff0bed2720bb0668b4567",
			"parentId": "mag0Vest194041",
			"slotId": "cartridges",
			"upd": {
				"StackObjectsCount": 30
			}
		},
		{
			"_id": "mag4Vest941486",
			"_tpl": "5cbdaf89ae9215000e5b9c94",
			"parentId": "TacticalVest21207",
			"slotId": "11",
			"location": {
				"x": 0,
				"y": 0,
				"r": "Horizontal"
			}
		},
		{
			"_id": "AmmoMag4Vest435335",
			"_tpl": "56dff216d2720bbd668b4568",
			"parentId": "mag4Vest941486",
			"slotId": "cartridges",
			"upd": {
				"StackObjectsCount": 30
			}
		},
		{
			"_id": "mag0Vest405615",
			"_tpl": "5cbdaf89ae9215000e5b9c94",
			"parentId": "TacticalVest21207",
			"slotId": "5",
			"location": {
				"x": 1,
				"y": 0,
				"r": "Horizontal"
			}
		},
		{
			"_id": "AmmoMag0Vest118672",
			"_tpl": "56dfef82d2720bbd668b4567",
			"parentId": "mag0Vest405615",
			"slotId": "cartridges",
			"upd": {
				"StackObjectsCount": 30
			}
		},
		{
			"_id": "StackAmmo86556364355",
			"_tpl": "56dff061d2720bb5668b4567",
			"parentId": "TacticalVest21207",
			"slotId": "8",
			"upd": {
				"StackObjectsCount": 16
			}
		},
		{
			"_id": "Scabbard142739",
			"_tpl": "57e26ea924597715ca604a09",
			"parentId": "5c6687d65e9d882c8841f0fd",
			"slotId": "Scabbard"
		},
		{
			"_id": "Backpack397931",
			"_tpl": "56e33634d2720bd8058b456b",
			"parentId": "5c6687d65e9d882c8841f0fd",
			"slotId": "Backpack"
		}
	],
	"equipment": "5c6687d65e9d882c8841f0fd",
	"stash": "5c6687d65e9d882c8841f0fc",
	"questRaidItems": "5c6687d65e9d882c8841f0fe",
	"questStashItems": "5c6687d65e9d882c8841f0ff",
	"fastPanel": {}
}