{
	"items": [
		{
			"_id": "5dcb1dc4fb81105cd85bee47",
			"_tpl": "55d7217a4bdc2d86028b456d"
		},
		{
			"_id": "5dcb1dc4fb81105cd85bee66",
			"_tpl": "56dee2bdd2720bc8328b4567",
			"parentId": "5dcb1dc4fb81105cd85bee47",
			"slotId": "FirstPrimaryWeapon"
		},
		{
			"_id": "5dcb1dc4fb81105cd85bee67",
			"_tpl": "56deec93d2720bec348b4568",
			"parentId": "5dcb1dc4fb81105cd85bee66",
			"slotId": "mod_barrel"
		},
		{
			"_id": "5dcb1dc4fb81105cd85bee68",
			"_tpl": "56deed6ed2720b4c698b4583",
			"parentId": "5dcb1dc4fb81105cd85bee66",
			"slotId": "mod_handguard"
		},
		{
			"_id": "5dcb1dc4fb81105cd85bee69",
			"_tpl": "56083a334bdc2dc8488b4571",
			"parentId": "5dcb1dc4fb81105cd85bee66",
			"slotId": "mod_stock"
		},
		{
			"_id": "5dcb1dc4fb81105cd85bee6a",
			"_tpl": "55d48ebc4bdc2d8c2f8b456c",
			"parentId": "5dcb1dc4fb81105cd85bee66",
			"slotId": "mod_mount_000"
		},
		{
			"_id": "5dcb1dc4fb81105cd85bee6b",
			"_tpl": "57d17e212459775a1179a0f5",
			"parentId": "5dcb1dc4fb81105cd85bee6a",
			"slotId": "mod_tactical_001"
		},
		{
			"_id": "5dcb1dc4fb81105cd85bee6c",
			"_tpl": "59d790f486f77403cb06aec6",
			"parentId": "5dcb1dc4fb81105cd85bee6b",
			"slotId": "mod_flashlight"
		},
		{
			"_id": "5dcb1dc4fb81105cd85bee6d",
			"_tpl": "55d485804bdc2d8c2f8b456b",
			"parentId": "5dcb1dc4fb81105cd85bee66",
			"slotId": "mod_magazine"
		},
		{
			"_id": "5dcb1dc4fb81105cd85bee6e",
			"_tpl": "560d5e524bdc2d25448b4571",
			"parentId": "5dcb1dc4fb81105cd85bee6d",
			"slotId": "cartridges",
			"upd": {
				"StackObjectsCount": 8
			}
		},
		{
			"_id": "5dcb1dc4fb81105cd85bee6f",
			"_tpl": "560d5e524bdc2d25448b4571",
			"parentId": "5dcb1dc4fb81105cd85bee66",
			"slotId": "patron_in_weapon",
			"upd": {
				"StackObjectsCount": 1
			}
		},
		{
			"_id": "5dcb1dc4fb81105cd85bee70",
			"_tpl": "557ffd194bdc2d28148b457f",
			"parentId": "5dcb1dc4fb81105cd85bee47",
			"slotId": "Pockets"
		},
		{
			"_id": "5dcb1dc4fb81105cd85bee82",
			"_tpl": "5a0c27731526d80618476ac4",
			"parentId": "5dcb1dc4fb81105cd85bee70",
			"slotId": "pocket1",
			"location": {
				"x": 0,
				"y": 0,
				"r": 0
			}
		},
		{
			"_id": "5dcb1dc4fb81105cd85bee71",
			"_tpl": "572b7adb24597762ae139821",
			"parentId": "5dcb1dc4fb81105cd85bee47",
			"slotId": "TacticalVest"
		},
		{
			"_id": "5dcb1dc4fb81105cd85bee7e",
			"_tpl": "560d5e524bdc2d25448b4571",
			"parentId": "5dcb1dc4fb81105cd85bee71",
			"slotId": "1",
			"location": {
				"x": 0,
				"y": 0,
				"r": 0
			},
			"upd": {
				"StackObjectsCount": 18
			}
		},
		{
			"_id": "5dcb1dc4fb81105cd85bee7f",
			"_tpl": "560d5e524bdc2d25448b4571",
			"parentId": "5dcb1dc4fb81105cd85bee71",
			"slotId": "2",
			"location": {
				"x": 0,
				"y": 0,
				"r": 0
			},
			"upd": {
				"StackObjectsCount": 16
			}
		},
		{
			"_id": "5dcb1dc4fb81105cd85bee80",
			"_tpl": "560d5e524bdc2d25448b4571",
			"parentId": "5dcb1dc4fb81105cd85bee71",
			"slotId": "2",
			"location": {
				"x": 0,
				"y": 1,
				"r": 0
			},
			"upd": {
				"StackObjectsCount": 9
			}
		},
		{
			"_id": "5dcb1dc4fb81105cd85bee72",
			"_tpl": "572b7f1624597762ae139822",
			"parentId": "5dcb1dc4fb81105cd85bee47",
			"slotId": "FaceCover"
		},
		{
			"_id": "5dcb1dc4fb81105cd85bee73",
			"_tpl": "5aa2ba19e5b5b00014028f4e",
			"parentId": "5dcb1dc4fb81105cd85bee47",
			"slotId": "Headwear"
		},
		{
			"_id": "5dcb1dc4fb81105cd85bee74",
			"_tpl": "5857a8bc2459772bad15db29",
			"parentId": "5dcb1dc4fb81105cd85bee47",
			"slotId": "SecuredContainer"
		},
		{
			"_id": "5dcb1dc4fb81105cd85bee75",
			"_tpl": "560d5e524bdc2d25448b4571",
			"parentId": "5dcb1dc4fb81105cd85bee74",
			"slotId": "main",
			"location": {
				"x": 0,
				"y": 0,
				"r": 0
			},
			"upd": {
				"StackObjectsCount": 20
			}
		},
		{
			"_id": "5dcb1dc4fb81105cd85bee76",
			"_tpl": "560d5e524bdc2d25448b4571",
			"parentId": "5dcb1dc4fb81105cd85bee74",
			"slotId": "main",
			"location": {
				"x": 1,
				"y": 0,
				"r": 0
			},
			"upd": {
				"StackObjectsCount": 20
			}
		},
		{
			"_id": "5dcb1dc4fb81105cd85bee77",
			"_tpl": "560d5e524bdc2d25448b4571",
			"parentId": "5dcb1dc4fb81105cd85bee74",
			"slotId": "main",
			"location": {
				"x": 2,
				"y": 0,
				"r": 0
			},
			"upd": {
				"StackObjectsCount": 20
			}
		},
		{
			"_id": "5dcb1dc4fb81105cd85bee78",
			"_tpl": "560d5e524bdc2d25448b4571",
			"parentId": "5dcb1dc4fb81105cd85bee74",
			"slotId": "main",
			"location": {
				"x": 0,
				"y": 1,
				"r": 0
			},
			"upd": {
				"StackObjectsCount": 20
			}
		},
		{
			"_id": "5dcb1dc4fb81105cd85bee79",
			"_tpl": "560d5e524bdc2d25448b4571",
			"parentId": "5dcb1dc4fb81105cd85bee74",
			"slotId": "main",
			"location": {
				"x": 1,
				"y": 1,
				"r": 0
			},
			"upd": {
				"StackObjectsCount": 20
			}
		},
		{
			"_id": "5dcb1dc4fb81105cd85bee7a",
			"_tpl": "560d5e524bdc2d25448b4571",
			"parentId": "5dcb1dc4fb81105cd85bee74",
			"slotId": "main",
			"location": {
				"x": 2,
				"y": 1,
				"r": 0
			},
			"upd": {
				"StackObjectsCount": 20
			}
		},
		{
			"_id": "5dcb1dc4fb81105cd85bee7b",
			"_tpl": "560d5e524bdc2d25448b4571",
			"parentId": "5dcb1dc4fb81105cd85bee74",
			"slotId": "main",
			"location": {
				"x": 0,
				"y": 2,
				"r": 0
			},
			"upd": {
				"StackObjectsCount": 20
			}
		},
		{
			"_id": "5dcb1dc4fb81105cd85bee7c",
			"_tpl": "560d5e524bdc2d25448b4571",
			"parentId": "5dcb1dc4fb81105cd85bee74",
			"slotId": "main",
			"location": {
				"x": 1,
				"y": 2,
				"r": 0
			},
			"upd": {
				"StackObjectsCount": 20
			}
		},
		{
			"_id": "5dcb1dc4fb81105cd85bee7d",
			"_tpl": "560d5e524bdc2d25448b4571",
			"parentId": "5dcb1dc4fb81105cd85bee74",
			"slotId": "main",
			"location": {
				"x": 2,
				"y": 2,
				"r": 0
			},
			"upd": {
				"StackObjectsCount": 20
			}
		},
		{
			"_id": "5dcb1dc4fb81105cd85bee46",
			"_tpl": "566abbc34bdc2d92178b4576"
		},
		{
			"_id": "5dcb1dc4fb81105cd85bee49",
			"_tpl": "5963866b86f7747bfa1c4462"
		},
		{
			"_id": "5dcb1dc4fb81105cd85bee48",
			"_tpl": "5963866286f7747bf429b572"
		}
	],
	"equipment": "5dcb1dc4fb81105cd85bee47",
	"stash": "5dcb1dc4fb81105cd85bee46",
	"questRaidItems": "5dcb1dc4fb81105cd85bee48",
	"questStashItems": "5dcb1dc4fb81105cd85bee49",
	"fastPanel": {}
}