{
	"items": [
		{
			"_id": "5c6687d65e9d882c8841f0fd",
			"_tpl": "55d7217a4bdc2d86028b456d"
		},
		{
			"_id": "5c6687d65e9d882c8841f121",
			"_tpl": "557ffd194bdc2d28148b457f",
			"parentId": "5c6687d65e9d882c8841f0fd",
			"slotId": "Pockets"
		},
		{
			"_id": "5c6687d65e9d882c8841f0fc",
			"_tpl": "566abbc34bdc2d92178b4576"
		},
		{
			"_id": "5c6687d65e9d882c8841f0ff",
			"_tpl": "5963866b86f7747bfa1c4462"
		},
		{
			"_id": "5c6687d65e9d882c8841f0fe",
			"_tpl": "5963866286f7747bf429b572"
		},
		{
			"_id": "TacticalVest145458",
			"_tpl": "5d5d8ca986f7742798716522",
			"parentId": "5c6687d65e9d882c8841f0fd",
			"slotId": "TacticalVest"
		},
		{
			"_id": "I213209337594258715uros5",
			"_tpl": "5c07c60e0db834002330051f",
			"parentId": "5c6687d65e9d882c8841f0fd",
			"slotId": "FirstPrimaryWeapon"
		},
		{
			"_id": "I213209331977878966pj5Fw",
			"_tpl": "5c0e2ff6d174af02a1659d4a",
			"parentId": "I213209337594258715uros5",
			"slotId": "mod_pistol_grip"
		},
		{
			"_id": "I213209333492759871oKuT3",
			"_tpl": "5c0e2f26d174af02a9625114",
			"parentId": "I213209337594258715uros5",
			"slotId": "mod_reciever"
		},
		{
			"_id": "I213209334671963303IBrtD",
			"_tpl": "5649be884bdc2d79388b4577",
			"parentId": "I213209337594258715uros5",
			"slotId": "mod_stock"
		},
		{
			"_id": "I213209336712192893idfFH",
			"_tpl": "5c0faf68d174af02a96260b8",
			"parentId": "I213209337594258715uros5",
			"slotId": "mod_charge"
		},
		{
			"_id": "I213209331657385939rPxzw",
			"_tpl": "570fd721d2720bc5458b4596",
			"parentId": "I213209333492759871oKuT3",
			"slotId": "mod_scope",
			"upd": {
				"Sight": {
					"SelectedSightMode": 0
				}
			}
		},
		{
			"_id": "I21320933283828862148PF0",
			"_tpl": "5c0e2f94d174af029f650d56",
			"parentId": "I213209333492759871oKuT3",
			"slotId": "mod_barrel"
		},
		{
			"_id": "I213209333582855198M59Rq",
			"_tpl": "5c0e2f5cd174af02a012cfc9",
			"parentId": "I213209333492759871oKuT3",
			"slotId": "mod_handguard"
		},
		{
			"_id": "I213209334516030026vM77M",
			"_tpl": "5c0fafb6d174af02a96260ba",
			"parentId": "I21320933283828862148PF0",
			"slotId": "mod_muzzle"
		},
		{
			"_id": "I213209337479641353RVmgi",
			"_tpl": "5ae30e795acfc408fb139a0b",
			"parentId": "I21320933283828862148PF0",
			"slotId": "mod_gas_block"
		},
		{
			"_id": "mag0Vest933417",
			"_tpl": "59c1383d86f774290a37e0ca",
			"parentId": "TacticalVest145458",
			"slotId": "1",
			"location": {
				"x": 0,
				"y": 0,
				"r": "Horizontal"
			}
		},
		{
			"_id": "AmmoMag0Vest905878",
			"_tpl": "54527ac44bdc2d36668b4567",
			"parentId": "mag0Vest933417",
			"slotId": "cartridges",
			"upd": {
				"StackObjectsCount": 60
			}
		},
		{
			"_id": "mag0Vest102403",
			"_tpl": "59c1383d86f774290a37e0ca",
			"parentId": "TacticalVest145458",
			"slotId": "1",
			"location": {
				"x": 1,
				"y": 0,
				"r": "Horizontal"
			}
		},
		{
			"_id": "AmmoMag0Vest527235",
			"_tpl": "5c0d5ae286f7741e46554302",
			"parentId": "mag0Vest102403",
			"slotId": "cartridges",
			"upd": {
				"StackObjectsCount": 60
			}
		},
		{
			"_id": "Scabbard419946",
			"_tpl": "57e26ea924597715ca604a09",
			"parentId": "5c6687d65e9d882c8841f0fd",
			"slotId": "Scabbard"
		},
		{
			"_id": "Eyewear63626",
			"_tpl": "5d6d2e22a4b9361bd5780d05",
			"parentId": "5c6687d65e9d882c8841f0fd",
			"slotId": "Eyewear"
		},
		{
			"_id": "Backpack721028",
			"_tpl": "5ab8ee7786f7742d8f33f0b9",
			"parentId": "5c6687d65e9d882c8841f0fd",
			"slotId": "Backpack"
		},
		{
			"_id": "BP_Backpack721028_665347",
			"_tpl": "5d40407c86f774318526545a",
			"parentId": "Backpack721028",
			"slotId": "main",
			"location": {
				"x": 0,
				"y": 0,
				"r": "Horizontal"
			}
		},
		{
			"_id": "BP_Backpack721028_789133",
			"_tpl": "59e3596386f774176c10a2a2",
			"parentId": "Backpack721028",
			"slotId": "main",
			"location": {
				"x": 1,
				"y": 0,
				"r": "Horizontal"
			}
		},
		{
			"_id": "ArmorVest837042",
			"_tpl": "5c0e541586f7747fa54205c9",
			"parentId": "5c6687d65e9d882c8841f0fd",
			"slotId": "ArmorVest",
			"upd": {
				"Repairable": {
					"MaxDurability": 60,
					"Durability": 27
				}
			}
		}
	],
	"equipment": "5c6687d65e9d882c8841f0fd",
	"stash": "5c6687d65e9d882c8841f0fc",
	"questRaidItems": "5c6687d65e9d882c8841f0fe",
	"questStashItems": "5c6687d65e9d882c8841f0ff",
	"fastPanel": {}
}