{
	"items": [
		{
			"_id": "5dcb1de5d7ed5e035c4399c4",
			"_tpl": "55d7217a4bdc2d86028b456d"
		},
		{
			"_id": "5dcb1de5d7ed5e035c4399e3",
			"_tpl": "59e6687d86f77411d949b251",
			"parentId": "5dcb1de5d7ed5e035c4399c4",
			"slotId": "FirstPrimaryWeapon"
		},
		{
			"_id": "5dcb1de5d7ed5e035c4399e4",
			"_tpl": "59e649f986f77411d949b246",
			"parentId": "5dcb1de5d7ed5e035c4399e3",
			"slotId": "mod_gas_block"
		},
		{
			"_id": "5dcb1de5d7ed5e035c4399e5",
			"_tpl": "59e898ee86f77427614bd225",
			"parentId": "5dcb1de5d7ed5e035c4399e4",
			"slotId": "mod_handguard"
		},
		{
			"_id": "5dcb1de5d7ed5e035c4399e6",
			"_tpl": "59e8a00d86f7742ad93b569c",
			"parentId": "5dcb1de5d7ed5e035c4399e3",
			"slotId": "mod_muzzle"
		},
		{
			"_id": "5dcb1de5d7ed5e035c4399e7",
			"_tpl": "59e6318286f77444dd62c4cc",
			"parentId": "5dcb1de5d7ed5e035c4399e3",
			"slotId": "mod_pistol_grip"
		},
		{
			"_id": "5dcb1de5d7ed5e035c4399e8",
			"_tpl": "59e6449086f7746c9f75e822",
			"parentId": "5dcb1de5d7ed5e035c4399e3",
			"slotId": "mod_reciever"
		},
		{
			"_id": "5dcb1de5d7ed5e035c4399e9",
			"_tpl": "59e8977386f77415a553c453",
			"parentId": "5dcb1de5d7ed5e035c4399e3",
			"slotId": "mod_sight_rear"
		},
		{
			"_id": "5dcb1de5d7ed5e035c4399ea",
			"_tpl": "59e89d0986f77427600d226e",
			"parentId": "5dcb1de5d7ed5e035c4399e3",
			"slotId": "mod_stock"
		},
		{
			"_id": "5dcb1de5d7ed5e035c4399ec",
			"_tpl": "59d625f086f774661516605d",
			"parentId": "5dcb1de5d7ed5e035c4399e3",
			"slotId": "mod_magazine"
		},
		{
			"_id": "5dcb1de5d7ed5e035c4399ed",
			"_tpl": "59e6542b86f77411dc52a77a",
			"parentId": "5dcb1de5d7ed5e035c4399ec",
			"slotId": "cartridges",
			"upd": {
				"StackObjectsCount": 30
			}
		},
		{
			"_id": "5dcb1de5d7ed5e035c4399ee",
			"_tpl": "557ffd194bdc2d28148b457f",
			"parentId": "5dcb1de5d7ed5e035c4399c4",
			"slotId": "Pockets"
		},
		{
			"_id": "5dcb1de5d7ed5e035c439a00",
			"_tpl": "57505f6224597709a92585a9",
			"parentId": "5dcb1de5d7ed5e035c4399ee",
			"slotId": "pocket1",
			"location": {
				"x": 0,
				"y": 0,
				"r": 0
			},
			"upd": {
				"FoodDrink": {
					"HpPercent": 1
				}
			}
		},
		{
			"_id": "5dcb1de5d7ed5e035c4399ef",
			"_tpl": "572b7adb24597762ae139821",
			"parentId": "5dcb1de5d7ed5e035c4399c4",
			"slotId": "TacticalVest"
		},
		{
			"_id": "5dcb1de5d7ed5e035c4399fb",
			"_tpl": "59d625f086f774661516605d",
			"parentId": "5dcb1de5d7ed5e035c4399ef",
			"slotId": "2",
			"location": {
				"x": 0,
				"y": 0,
				"r": 0
			}
		},
		{
			"_id": "5dcb1de5d7ed5e035c4399fc",
			"_tpl": "59e6542b86f77411dc52a77a",
			"parentId": "5dcb1de5d7ed5e035c4399fb",
			"slotId": "cartridges",
			"upd": {
				"StackObjectsCount": 30
			}
		},
		{
			"_id": "5dcb1de5d7ed5e035c4399ff",
			"_tpl": "57347d3d245977448f7b7f61",
			"parentId": "5dcb1de5d7ed5e035c4399ef",
			"slotId": "1",
			"location": {
				"x": 0,
				"y": 0,
				"r": 0
			},
			"upd": {
				"FoodDrink": {
					"HpPercent": 1
				}
			}
		},
		{
			"_id": "5dcb1de5d7ed5e035c4399f0",
			"_tpl": "57e26fc7245977162a14b800",
			"parentId": "5dcb1de5d7ed5e035c4399c4",
			"slotId": "Scabbard"
		},
		{
			"_id": "5dcb1de5d7ed5e035c4399f1",
			"_tpl": "5857a8bc2459772bad15db29",
			"parentId": "5dcb1de5d7ed5e035c4399c4",
			"slotId": "SecuredContainer"
		},
		{
			"_id": "5dcb1de5d7ed5e035c4399f2",
			"_tpl": "59e6542b86f77411dc52a77a",
			"parentId": "5dcb1de5d7ed5e035c4399f1",
			"slotId": "main",
			"location": {
				"x": 0,
				"y": 0,
				"r": 0
			},
			"upd": {
				"StackObjectsCount": 50
			}
		},
		{
			"_id": "5dcb1de5d7ed5e035c4399f3",
			"_tpl": "59e6542b86f77411dc52a77a",
			"parentId": "5dcb1de5d7ed5e035c4399f1",
			"slotId": "main",
			"location": {
				"x": 1,
				"y": 0,
				"r": 0
			},
			"upd": {
				"StackObjectsCount": 50
			}
		},
		{
			"_id": "5dcb1de5d7ed5e035c4399f4",
			"_tpl": "59e6542b86f77411dc52a77a",
			"parentId": "5dcb1de5d7ed5e035c4399f1",
			"slotId": "main",
			"location": {
				"x": 2,
				"y": 0,
				"r": 0
			},
			"upd": {
				"StackObjectsCount": 50
			}
		},
		{
			"_id": "5dcb1de5d7ed5e035c4399f5",
			"_tpl": "59e6542b86f77411dc52a77a",
			"parentId": "5dcb1de5d7ed5e035c4399f1",
			"slotId": "main",
			"location": {
				"x": 0,
				"y": 1,
				"r": 0
			},
			"upd": {
				"StackObjectsCount": 50
			}
		},
		{
			"_id": "5dcb1de5d7ed5e035c4399f6",
			"_tpl": "59e6542b86f77411dc52a77a",
			"parentId": "5dcb1de5d7ed5e035c4399f1",
			"slotId": "main",
			"location": {
				"x": 1,
				"y": 1,
				"r": 0
			},
			"upd": {
				"StackObjectsCount": 50
			}
		},
		{
			"_id": "5dcb1de5d7ed5e035c4399f7",
			"_tpl": "59e6542b86f77411dc52a77a",
			"parentId": "5dcb1de5d7ed5e035c4399f1",
			"slotId": "main",
			"location": {
				"x": 2,
				"y": 1,
				"r": 0
			},
			"upd": {
				"StackObjectsCount": 50
			}
		},
		{
			"_id": "5dcb1de5d7ed5e035c4399f8",
			"_tpl": "59e6542b86f77411dc52a77a",
			"parentId": "5dcb1de5d7ed5e035c4399f1",
			"slotId": "main",
			"location": {
				"x": 0,
				"y": 2,
				"r": 0
			},
			"upd": {
				"StackObjectsCount": 50
			}
		},
		{
			"_id": "5dcb1de5d7ed5e035c4399f9",
			"_tpl": "59e6542b86f77411dc52a77a",
			"parentId": "5dcb1de5d7ed5e035c4399f1",
			"slotId": "main",
			"location": {
				"x": 1,
				"y": 2,
				"r": 0
			},
			"upd": {
				"StackObjectsCount": 50
			}
		},
		{
			"_id": "5dcb1de5d7ed5e035c4399fa",
			"_tpl": "59e6542b86f77411dc52a77a",
			"parentId": "5dcb1de5d7ed5e035c4399f1",
			"slotId": "main",
			"location": {
				"x": 2,
				"y": 2,
				"r": 0
			},
			"upd": {
				"StackObjectsCount": 50
			}
		},
		{
			"_id": "5dcb1de5d7ed5e035c4399c3",
			"_tpl": "566abbc34bdc2d92178b4576"
		},
		{
			"_id": "5dcb1de5d7ed5e035c4399c6",
			"_tpl": "5963866b86f7747bfa1c4462"
		},
		{
			"_id": "5dcb1de5d7ed5e035c4399c5",
			"_tpl": "5963866286f7747bf429b572"
		}
	],
	"equipment": "5dcb1de5d7ed5e035c4399c4",
	"stash": "5dcb1de5d7ed5e035c4399c3",
	"questRaidItems": "5dcb1de5d7ed5e035c4399c5",
	"questStashItems": "5dcb1de5d7ed5e035c4399c6",
	"fastPanel": {}
}