{
	"items": [
		{
			"_id": "5dcb1de5d7ed5e035c4383c7",
			"_tpl": "55d7217a4bdc2d86028b456d"
		},
		{
			"_id": "5dcb1de5d7ed5e035c4383cc",
			"_tpl": "54491c4f4bdc2db1078b4568",
			"parentId": "5dcb1de5d7ed5e035c4383c7",
			"slotId": "FirstPrimaryWeapon"
		},
		{
			"_id": "5dcb1de5d7ed5e035c4383cd",
			"_tpl": "55d4491a4bdc2d882f8b456e",
			"parentId": "5dcb1de5d7ed5e035c4383cc",
			"slotId": "mod_barrel"
		},
		{
			"_id": "5dcb1de5d7ed5e035c4383ce",
			"_tpl": "55d45d3f4bdc2d972f8b456c",
			"parentId": "5dcb1de5d7ed5e035c4383cc",
			"slotId": "mod_handguard"
		},
		{
			"_id": "5dcb1de5d7ed5e035c4383cf",
			"_tpl": "56083a334bdc2dc8488b4571",
			"parentId": "5dcb1de5d7ed5e035c4383cc",
			"slotId": "mod_stock"
		},
		{
			"_id": "5dcb1de5d7ed5e035c4383d0",
			"_tpl": "55d48ebc4bdc2d8c2f8b456c",
			"parentId": "5dcb1de5d7ed5e035c4383cc",
			"slotId": "mod_mount_000"
		},
		{
			"_id": "5dcb1de5d7ed5e035c4383d1",
			"_tpl": "56def37dd2720bec348b456a",
			"parentId": "5dcb1de5d7ed5e035c4383d0",
			"slotId": "mod_tactical_001"
		},
		{
			"_id": "5dcb1de5d7ed5e035c4383d2",
			"_tpl": "55d484b44bdc2d1d4e8b456d",
			"parentId": "5dcb1de5d7ed5e035c4383cc",
			"slotId": "mod_magazine"
		},
		{
			"_id": "5dcb1de5d7ed5e035c4383d3",
			"_tpl": "560d5e524bdc2d25448b4571",
			"parentId": "5dcb1de5d7ed5e035c4383d2",
			"slotId": "cartridges",
			"upd": {
				"StackObjectsCount": 6
			}
		},
		{
			"_id": "5dcb1de5d7ed5e035c4383d4",
			"_tpl": "560d5e524bdc2d25448b4571",
			"parentId": "5dcb1de5d7ed5e035c4383cc",
			"slotId": "patron_in_weapon",
			"upd": {
				"StackObjectsCount": 1
			}
		},
		{
			"_id": "5dcb1de5d7ed5e035c4383d5",
			"_tpl": "557ffd194bdc2d28148b457f",
			"parentId": "5dcb1de5d7ed5e035c4383c7",
			"slotId": "Pockets"
		},
		{
			"_id": "5dcb1de5d7ed5e035c4383d6",
			"_tpl": "572b7adb24597762ae139821",
			"parentId": "5dcb1de5d7ed5e035c4383c7",
			"slotId": "TacticalVest"
		},
		{
			"_id": "5dcb1de5d7ed5e035c4383e3",
			"_tpl": "560d5e524bdc2d25448b4571",
			"parentId": "5dcb1de5d7ed5e035c4383d6",
			"slotId": "1",
			"location": {
				"x": 0,
				"y": 0,
				"r": 0
			},
			"upd": {
				"StackObjectsCount": 13
			}
		},
		{
			"_id": "5dcb1de5d7ed5e035c4383e4",
			"_tpl": "560d5e524bdc2d25448b4571",
			"parentId": "5dcb1de5d7ed5e035c4383d6",
			"slotId": "2",
			"location": {
				"x": 0,
				"y": 0,
				"r": 0
			},
			"upd": {
				"StackObjectsCount": 6
			}
		},
		{
			"_id": "5dcb1de5d7ed5e035c4383d7",
			"_tpl": "572b7fa524597762b747ce82",
			"parentId": "5dcb1de5d7ed5e035c4383c7",
			"slotId": "FaceCover"
		},
		{
			"_id": "5dcb1de5d7ed5e035c4383d8",
			"_tpl": "56e33634d2720bd8058b456b",
			"parentId": "5dcb1de5d7ed5e035c4383c7",
			"slotId": "Backpack"
		},
		{
			"_id": "5dcb1de5d7ed5e035c4383e6",
			"_tpl": "544fb6cc4bdc2d34748b456e",
			"parentId": "5dcb1de5d7ed5e035c4383d8",
			"slotId": "main",
			"location": {
				"x": 0,
				"y": 0,
				"r": 0
			},
			"upd": {
				"FoodDrink": {
					"HpPercent": 1
				}
			}
		},
		{
			"_id": "5dcb1de5d7ed5e035c4383e7",
			"_tpl": "57513f07245977207e26a311",
			"parentId": "5dcb1de5d7ed5e035c4383d8",
			"slotId": "main",
			"location": {
				"x": 1,
				"y": 0,
				"r": 0
			},
			"upd": {
				"FoodDrink": {
					"HpPercent": 40
				}
			}
		},
		{
			"_id": "5dcb1de5d7ed5e035c4383e8",
			"_tpl": "5d135ecbd7ad1a21c176542e",
			"parentId": "5dcb1de5d7ed5e035c4383d8",
			"slotId": "main",
			"location": {
				"x": 2,
				"y": 0,
				"r": 0
			}
		},
		{
			"_id": "5dcb1de5d7ed5e035c4383d9",
			"_tpl": "5857a8bc2459772bad15db29",
			"parentId": "5dcb1de5d7ed5e035c4383c7",
			"slotId": "SecuredContainer"
		},
		{
			"_id": "5dcb1de5d7ed5e035c4383da",
			"_tpl": "560d5e524bdc2d25448b4571",
			"parentId": "5dcb1de5d7ed5e035c4383d9",
			"slotId": "main",
			"location": {
				"x": 0,
				"y": 0,
				"r": 0
			},
			"upd": {
				"StackObjectsCount": 20
			}
		},
		{
			"_id": "5dcb1de5d7ed5e035c4383db",
			"_tpl": "560d5e524bdc2d25448b4571",
			"parentId": "5dcb1de5d7ed5e035c4383d9",
			"slotId": "main",
			"location": {
				"x": 1,
				"y": 0,
				"r": 0
			},
			"upd": {
				"StackObjectsCount": 20
			}
		},
		{
			"_id": "5dcb1de5d7ed5e035c4383dc",
			"_tpl": "560d5e524bdc2d25448b4571",
			"parentId": "5dcb1de5d7ed5e035c4383d9",
			"slotId": "main",
			"location": {
				"x": 2,
				"y": 0,
				"r": 0
			},
			"upd": {
				"StackObjectsCount": 20
			}
		},
		{
			"_id": "5dcb1de5d7ed5e035c4383dd",
			"_tpl": "560d5e524bdc2d25448b4571",
			"parentId": "5dcb1de5d7ed5e035c4383d9",
			"slotId": "main",
			"location": {
				"x": 0,
				"y": 1,
				"r": 0
			},
			"upd": {
				"StackObjectsCount": 20
			}
		},
		{
			"_id": "5dcb1de5d7ed5e035c4383de",
			"_tpl": "560d5e524bdc2d25448b4571",
			"parentId": "5dcb1de5d7ed5e035c4383d9",
			"slotId": "main",
			"location": {
				"x": 1,
				"y": 1,
				"r": 0
			},
			"upd": {
				"StackObjectsCount": 20
			}
		},
		{
			"_id": "5dcb1de5d7ed5e035c4383df",
			"_tpl": "560d5e524bdc2d25448b4571",
			"parentId": "5dcb1de5d7ed5e035c4383d9",
			"slotId": "main",
			"location": {
				"x": 2,
				"y": 1,
				"r": 0
			},
			"upd": {
				"StackObjectsCount": 20
			}
		},
		{
			"_id": "5dcb1de5d7ed5e035c4383e0",
			"_tpl": "560d5e524bdc2d25448b4571",
			"parentId": "5dcb1de5d7ed5e035c4383d9",
			"slotId": "main",
			"location": {
				"x": 0,
				"y": 2,
				"r": 0
			},
			"upd": {
				"StackObjectsCount": 20
			}
		},
		{
			"_id": "5dcb1de5d7ed5e035c4383e1",
			"_tpl": "560d5e524bdc2d25448b4571",
			"parentId": "5dcb1de5d7ed5e035c4383d9",
			"slotId": "main",
			"location": {
				"x": 1,
				"y": 2,
				"r": 0
			},
			"upd": {
				"StackObjectsCount": 20
			}
		},
		{
			"_id": "5dcb1de5d7ed5e035c4383e2",
			"_tpl": "560d5e524bdc2d25448b4571",
			"parentId": "5dcb1de5d7ed5e035c4383d9",
			"slotId": "main",
			"location": {
				"x": 2,
				"y": 2,
				"r": 0
			},
			"upd": {
				"StackObjectsCount": 20
			}
		},
		{
			"_id": "5dcb1de5d7ed5e035c4383ca",
			"_tpl": "566abbc34bdc2d92178b4576"
		},
		{
			"_id": "5dcb1de5d7ed5e035c4383c9",
			"_tpl": "5963866b86f7747bfa1c4462"
		},
		{
			"_id": "5dcb1de5d7ed5e035c4383c8",
			"_tpl": "5963866286f7747bf429b572"
		}
	],
	"equipment": "5dcb1de5d7ed5e035c4383c7",
	"stash": "5dcb1de5d7ed5e035c4383ca",
	"questRaidItems": "5dcb1de5d7ed5e035c4383c8",
	"questStashItems": "5dcb1de5d7ed5e035c4383c9",
	"fastPanel": {}
}