{
	"items": [
		{
			"_id": "5c6687d65e9d882c8841f0fd",
			"_tpl": "55d7217a4bdc2d86028b456d"
		},
		{
			"_id": "5c6687d65e9d882c8841f121",
			"_tpl": "557ffd194bdc2d28148b457f",
			"parentId": "5c6687d65e9d882c8841f0fd",
			"slotId": "Pockets"
		},
		{
			"_id": "5c6687d65e9d882c8841f0fc",
			"_tpl": "566abbc34bdc2d92178b4576"
		},
		{
			"_id": "5c6687d65e9d882c8841f0ff",
			"_tpl": "5963866b86f7747bfa1c4462"
		},
		{
			"_id": "5c6687d65e9d882c8841f0fe",
			"_tpl": "5963866286f7747bf429b572"
		},
		{
			"_id": "TacticalVest949039",
			"_tpl": "5b44c8ea86f7742d1627baf1",
			"parentId": "5c6687d65e9d882c8841f0fd",
			"slotId": "TacticalVest"
		},
		{
			"_id": "I210046503336220460e7d6C",
			"_tpl": "5839a40f24597726f856b511",
			"parentId": "5c6687d65e9d882c8841f0fd",
			"slotId": "FirstPrimaryWeapon"
		},
		{
			"_id": "I2100465094814002906A0w7",
			"_tpl": "5649ad3f4bdc2df8348b4585",
			"parentId": "I210046503336220460e7d6C",
			"slotId": "mod_pistol_grip"
		},
		{
			"_id": "I210046501776318343ywMfq",
			"_tpl": "57ffb0e42459777d047111c5",
			"parentId": "I210046503336220460e7d6C",
			"slotId": "mod_muzzle"
		},
		{
			"_id": "I210046502045524208BimXN",
			"_tpl": "57dc334d245977597164366f",
			"parentId": "I210046503336220460e7d6C",
			"slotId": "mod_reciever"
		},
		{
			"_id": "I210046502914418443sZ153",
			"_tpl": "59d36a0086f7747e673f3946",
			"parentId": "I210046503336220460e7d6C",
			"slotId": "mod_gas_block"
		},
		{
			"_id": "I210046509727004706tW7IM",
			"_tpl": "57dc32dc245977596d4ef3d3",
			"parentId": "I210046502914418443sZ153",
			"slotId": "mod_handguard"
		},
		{
			"_id": "mag2Vest45878",
			"_tpl": "55d482194bdc2d1d4e8b456b",
			"parentId": "TacticalVest949039",
			"slotId": "3",
			"location": {
				"x": 0,
				"y": 0,
				"r": "Horizontal"
			}
		},
		{
			"_id": "AmmoMag2Vest899207",
			"_tpl": "56dff061d2720bb5668b4567",
			"parentId": "mag2Vest45878",
			"slotId": "cartridges",
			"upd": {
				"StackObjectsCount": 60
			}
		},
		{
			"_id": "Scabbard978723",
			"_tpl": "57e26fc7245977162a14b800",
			"parentId": "5c6687d65e9d882c8841f0fd",
			"slotId": "Scabbard"
		},
		{
			"_id": "Headwear596702",
			"_tpl": "5b40e5e25acfc4001a599bea",
			"parentId": "5c6687d65e9d882c8841f0fd",
			"slotId": "Headwear"
		},
		{
			"_id": "Eyewear845212",
			"_tpl": "5aa2b986e5b5b00014028f4c",
			"parentId": "5c6687d65e9d882c8841f0fd",
			"slotId": "Eyewear"
		},
		{
			"_id": "ArmorVest905404",
			"_tpl": "5c0e5edb86f77461f55ed1f7",
			"parentId": "5c6687d65e9d882c8841f0fd",
			"slotId": "ArmorVest",
			"upd": {
				"Repairable": {
					"MaxDurability": 50,
					"Durability": 8
				}
			}
		},
		{
			"_id": "Pocket_93681",
			"_tpl": "5c94bbff86f7747ee735c08f",
			"parentId": "5c6687d65e9d882c8841f121",
			"slotId": "pocket1",
			"location": {
				"x": 0,
				"y": 0,
				"r": "Horizontal"
			},
			"upd": {
				"SpawnedInSession": true
			}
		},
		{
			"_id": "Pocket_23792",
			"_tpl": "5addaffe86f77470b455f900",
			"parentId": "5c6687d65e9d882c8841f121",
			"slotId": "pocket2",
			"location": {
				"x": 0,
				"y": 0,
				"r": "Horizontal"
			},
			"upd": {
				"SpawnedInSession": true
			}
		},
		{
			"_id": "Pocket_458746",
			"_tpl": "5b4c72fb86f7745cef1cffc5",
			"parentId": "5c6687d65e9d882c8841f121",
			"slotId": "pocket3",
			"location": {
				"x": 0,
				"y": 0,
				"r": "Horizontal"
			},
			"upd": {
				"SpawnedInSession": true
			}
		}
	],
	"equipment": "5c6687d65e9d882c8841f0fd",
	"stash": "5c6687d65e9d882c8841f0fc",
	"questRaidItems": "5c6687d65e9d882c8841f0fe",
	"questStashItems": "5c6687d65e9d882c8841f0ff",
	"fastPanel": {}
}