{
	"items": [
		{
			"_id": "5dcb1dc4fb81105cd85befe5",
			"_tpl": "55d7217a4bdc2d86028b456d"
		},
		{
			"_id": "5dcb1dc4fb81105cd85bf008",
			"_tpl": "56dee2bdd2720bc8328b4567",
			"parentId": "5dcb1dc4fb81105cd85befe5",
			"slotId": "FirstPrimaryWeapon"
		},
		{
			"_id": "5dcb1dc4fb81105cd85bf009",
			"_tpl": "56deec93d2720bec348b4568",
			"parentId": "5dcb1dc4fb81105cd85bf008",
			"slotId": "mod_barrel"
		},
		{
			"_id": "5dcb1dc4fb81105cd85bf00a",
			"_tpl": "56deed6ed2720b4c698b4583",
			"parentId": "5dcb1dc4fb81105cd85bf008",
			"slotId": "mod_handguard"
		},
		{
			"_id": "5dcb1dc4fb81105cd85bf00b",
			"_tpl": "56083cba4bdc2de22e8b456f",
			"parentId": "5dcb1dc4fb81105cd85bf008",
			"slotId": "mod_stock"
		},
		{
			"_id": "5dcb1dc4fb81105cd85bf00c",
			"_tpl": "55d48ebc4bdc2d8c2f8b456c",
			"parentId": "5dcb1dc4fb81105cd85bf008",
			"slotId": "mod_mount_000"
		},
		{
			"_id": "5dcb1dc4fb81105cd85bf00d",
			"_tpl": "57d17e212459775a1179a0f5",
			"parentId": "5dcb1dc4fb81105cd85bf00c",
			"slotId": "mod_tactical_001"
		},
		{
			"_id": "5dcb1dc4fb81105cd85bf00e",
			"_tpl": "59d790f486f77403cb06aec6",
			"parentId": "5dcb1dc4fb81105cd85bf00d",
			"slotId": "mod_flashlight"
		},
		{
			"_id": "5dcb1dc4fb81105cd85bf00f",
			"_tpl": "56deee15d2720bee328b4567",
			"parentId": "5dcb1dc4fb81105cd85bf008",
			"slotId": "mod_magazine"
		},
		{
			"_id": "5dcb1dc4fb81105cd85bf010",
			"_tpl": "560d5e524bdc2d25448b4571",
			"parentId": "5dcb1dc4fb81105cd85bf00f",
			"slotId": "cartridges",
			"upd": {
				"StackObjectsCount": 4
			}
		},
		{
			"_id": "5dcb1dc4fb81105cd85bf011",
			"_tpl": "560d5e524bdc2d25448b4571",
			"parentId": "5dcb1dc4fb81105cd85bf008",
			"slotId": "patron_in_weapon",
			"upd": {
				"StackObjectsCount": 1
			}
		},
		{
			"_id": "5dcb1dc4fb81105cd85bf012",
			"_tpl": "557ffd194bdc2d28148b457f",
			"parentId": "5dcb1dc4fb81105cd85befe5",
			"slotId": "Pockets"
		},
		{
			"_id": "5dcb1dc4fb81105cd85bf025",
			"_tpl": "5751a25924597722c463c472",
			"parentId": "5dcb1dc4fb81105cd85bf012",
			"slotId": "pocket1",
			"location": {
				"x": 0,
				"y": 0,
				"r": 0
			}
		},
		{
			"_id": "5dcb1dc4fb81105cd85bf026",
			"_tpl": "5783c43d2459774bbe137486",
			"parentId": "5dcb1dc4fb81105cd85bf012",
			"slotId": "pocket2",
			"location": {
				"x": 0,
				"y": 0,
				"r": 0
			}
		},
		{
			"_id": "5dcb1dc4fb81105cd85bf013",
			"_tpl": "5929a2a086f7744f4b234d43",
			"parentId": "5dcb1dc4fb81105cd85befe5",
			"slotId": "TacticalVest"
		},
		{
			"_id": "5dcb1dc4fb81105cd85bf022",
			"_tpl": "560d5e524bdc2d25448b4571",
			"parentId": "5dcb1dc4fb81105cd85bf013",
			"slotId": "1",
			"location": {
				"x": 0,
				"y": 0,
				"r": 0
			},
			"upd": {
				"StackObjectsCount": 9
			}
		},
		{
			"_id": "5dcb1dc4fb81105cd85bf023",
			"_tpl": "560d5e524bdc2d25448b4571",
			"parentId": "5dcb1dc4fb81105cd85bf013",
			"slotId": "2",
			"location": {
				"x": 0,
				"y": 0,
				"r": 0
			},
			"upd": {
				"StackObjectsCount": 7
			}
		},
		{
			"_id": "5dcb1dc4fb81105cd85bf014",
			"_tpl": "572b7fa524597762b747ce82",
			"parentId": "5dcb1dc4fb81105cd85befe5",
			"slotId": "FaceCover"
		},
		{
			"_id": "5dcb1dc4fb81105cd85bf015",
			"_tpl": "59e770f986f7742cbe3164ef",
			"parentId": "5dcb1dc4fb81105cd85befe5",
			"slotId": "Headwear"
		},
		{
			"_id": "5dcb1dc4fb81105cd85bf016",
			"_tpl": "57e26fc7245977162a14b800",
			"parentId": "5dcb1dc4fb81105cd85befe5",
			"slotId": "Scabbard"
		},
		{
			"_id": "5dcb1dc4fb81105cd85bf017",
			"_tpl": "56e33680d2720be2748b4576",
			"parentId": "5dcb1dc4fb81105cd85befe5",
			"slotId": "Backpack"
		},
		{
			"_id": "5dcb1dc4fb81105cd85bf027",
			"_tpl": "593aa4be86f77457f56379f8",
			"parentId": "5dcb1dc4fb81105cd85bf017",
			"slotId": "main",
			"location": {
				"x": 0,
				"y": 0,
				"r": 0
			}
		},
		{
			"_id": "5dcb1dc4fb81105cd85bf018",
			"_tpl": "5857a8bc2459772bad15db29",
			"parentId": "5dcb1dc4fb81105cd85befe5",
			"slotId": "SecuredContainer"
		},
		{
			"_id": "5dcb1dc4fb81105cd85bf019",
			"_tpl": "560d5e524bdc2d25448b4571",
			"parentId": "5dcb1dc4fb81105cd85bf018",
			"slotId": "main",
			"location": {
				"x": 0,
				"y": 0,
				"r": 0
			},
			"upd": {
				"StackObjectsCount": 20
			}
		},
		{
			"_id": "5dcb1dc4fb81105cd85bf01a",
			"_tpl": "560d5e524bdc2d25448b4571",
			"parentId": "5dcb1dc4fb81105cd85bf018",
			"slotId": "main",
			"location": {
				"x": 1,
				"y": 0,
				"r": 0
			},
			"upd": {
				"StackObjectsCount": 20
			}
		},
		{
			"_id": "5dcb1dc4fb81105cd85bf01b",
			"_tpl": "560d5e524bdc2d25448b4571",
			"parentId": "5dcb1dc4fb81105cd85bf018",
			"slotId": "main",
			"location": {
				"x": 2,
				"y": 0,
				"r": 0
			},
			"upd": {
				"StackObjectsCount": 20
			}
		},
		{
			"_id": "5dcb1dc4fb81105cd85bf01c",
			"_tpl": "560d5e524bdc2d25448b4571",
			"parentId": "5dcb1dc4fb81105cd85bf018",
			"slotId": "main",
			"location": {
				"x": 0,
				"y": 1,
				"r": 0
			},
			"upd": {
				"StackObjectsCount": 20
			}
		},
		{
			"_id": "5dcb1dc4fb81105cd85bf01d",
			"_tpl": "560d5e524bdc2d25448b4571",
			"parentId": "5dcb1dc4fb81105cd85bf018",
			"slotId": "main",
			"location": {
				"x": 1,
				"y": 1,
				"r": 0
			},
			"upd": {
				"StackObjectsCount": 20
			}
		},
		{
			"_id": "5dcb1dc4fb81105cd85bf01e",
			"_tpl": "560d5e524bdc2d25448b4571",
			"parentId": "5dcb1dc4fb81105cd85bf018",
			"slotId": "main",
			"location": {
				"x": 2,
				"y": 1,
				"r": 0
			},
			"upd": {
				"StackObjectsCount": 20
			}
		},
		{
			"_id": "5dcb1dc4fb81105cd85bf01f",
			"_tpl": "560d5e524bdc2d25448b4571",
			"parentId": "5dcb1dc4fb81105cd85bf018",
			"slotId": "main",
			"location": {
				"x": 0,
				"y": 2,
				"r": 0
			},
			"upd": {
				"StackObjectsCount": 20
			}
		},
		{
			"_id": "5dcb1dc4fb81105cd85bf020",
			"_tpl": "560d5e524bdc2d25448b4571",
			"parentId": "5dcb1dc4fb81105cd85bf018",
			"slotId": "main",
			"location": {
				"x": 1,
				"y": 2,
				"r": 0
			},
			"upd": {
				"StackObjectsCount": 20
			}
		},
		{
			"_id": "5dcb1dc4fb81105cd85bf021",
			"_tpl": "560d5e524bdc2d25448b4571",
			"parentId": "5dcb1dc4fb81105cd85bf018",
			"slotId": "main",
			"location": {
				"x": 2,
				"y": 2,
				"r": 0
			},
			"upd": {
				"StackObjectsCount": 20
			}
		},
		{
			"_id": "5dcb1dc4fb81105cd85befe4",
			"_tpl": "566abbc34bdc2d92178b4576"
		},
		{
			"_id": "5dcb1dc4fb81105cd85befe7",
			"_tpl": "5963866b86f7747bfa1c4462"
		},
		{
			"_id": "5dcb1dc4fb81105cd85befe6",
			"_tpl": "5963866286f7747bf429b572"
		}
	],
	"equipment": "5dcb1dc4fb81105cd85befe5",
	"stash": "5dcb1dc4fb81105cd85befe4",
	"questRaidItems": "5dcb1dc4fb81105cd85befe6",
	"questStashItems": "5dcb1dc4fb81105cd85befe7",
	"fastPanel": {}
}