{
	"items": [
		{
			"_id": "5dcb1df6171ac3579029b26c",
			"_tpl": "55d7217a4bdc2d86028b456d"
		},
		{
			"_id": "5dcb1df6171ac3579029b287",
			"_tpl": "56dee2bdd2720bc8328b4567",
			"parentId": "5dcb1df6171ac3579029b26c",
			"slotId": "FirstPrimaryWeapon"
		},
		{
			"_id": "5dcb1df6171ac3579029b288",
			"_tpl": "56deec93d2720bec348b4568",
			"parentId": "5dcb1df6171ac3579029b287",
			"slotId": "mod_barrel"
		},
		{
			"_id": "5dcb1df6171ac3579029b289",
			"_tpl": "56deed6ed2720b4c698b4583",
			"parentId": "5dcb1df6171ac3579029b287",
			"slotId": "mod_handguard"
		},
		{
			"_id": "5dcb1df6171ac3579029b28a",
			"_tpl": "56083a334bdc2dc8488b4571",
			"parentId": "5dcb1df6171ac3579029b287",
			"slotId": "mod_stock"
		},
		{
			"_id": "5dcb1df6171ac3579029b28b",
			"_tpl": "56deee15d2720bee328b4567",
			"parentId": "5dcb1df6171ac3579029b287",
			"slotId": "mod_magazine"
		},
		{
			"_id": "5dcb1df6171ac3579029b28c",
			"_tpl": "560d5e524bdc2d25448b4571",
			"parentId": "5dcb1df6171ac3579029b28b",
			"slotId": "cartridges",
			"upd": {
				"StackObjectsCount": 4
			}
		},
		{
			"_id": "5dcb1df6171ac3579029b28d",
			"_tpl": "560d5e524bdc2d25448b4571",
			"parentId": "5dcb1df6171ac3579029b287",
			"slotId": "patron_in_weapon",
			"upd": {
				"StackObjectsCount": 1
			}
		},
		{
			"_id": "5dcb1df6171ac3579029b28e",
			"_tpl": "557ffd194bdc2d28148b457f",
			"parentId": "5dcb1df6171ac3579029b26c",
			"slotId": "Pockets"
		},
		{
			"_id": "5dcb1df6171ac3579029b2a0",
			"_tpl": "5755356824597772cb798962",
			"parentId": "5dcb1df6171ac3579029b28e",
			"slotId": "pocket1",
			"location": {
				"x": 0,
				"y": 0,
				"r": 0
			},
			"upd": {
				"MedKit": {
					"HpResource": 77
				}
			}
		},
		{
			"_id": "5dcb1df6171ac3579029b28f",
			"_tpl": "572b7adb24597762ae139821",
			"parentId": "5dcb1df6171ac3579029b26c",
			"slotId": "TacticalVest"
		},
		{
			"_id": "5dcb1df6171ac3579029b29d",
			"_tpl": "560d5e524bdc2d25448b4571",
			"parentId": "5dcb1df6171ac3579029b28f",
			"slotId": "1",
			"location": {
				"x": 0,
				"y": 0,
				"r": 0
			},
			"upd": {
				"StackObjectsCount": 11
			}
		},
		{
			"_id": "5dcb1df6171ac3579029b29e",
			"_tpl": "560d5e524bdc2d25448b4571",
			"parentId": "5dcb1df6171ac3579029b28f",
			"slotId": "2",
			"location": {
				"x": 0,
				"y": 0,
				"r": 0
			},
			"upd": {
				"StackObjectsCount": 13
			}
		},
		{
			"_id": "5dcb1df6171ac3579029b290",
			"_tpl": "5b4329075acfc400153b78ff",
			"parentId": "5dcb1df6171ac3579029b26c",
			"slotId": "Headwear"
		},
		{
			"_id": "5dcb1df6171ac3579029b291",
			"_tpl": "57e26fc7245977162a14b800",
			"parentId": "5dcb1df6171ac3579029b26c",
			"slotId": "Scabbard"
		},
		{
			"_id": "5dcb1df6171ac3579029b292",
			"_tpl": "5ab8ee7786f7742d8f33f0b9",
			"parentId": "5dcb1df6171ac3579029b26c",
			"slotId": "Backpack"
		},
		{
			"_id": "5dcb1df6171ac3579029b2a1",
			"_tpl": "544fb3364bdc2d34748b456a",
			"parentId": "5dcb1df6171ac3579029b292",
			"slotId": "main",
			"location": {
				"x": 0,
				"y": 0,
				"r": 0
			}
		},
		{
			"_id": "5dcb1df6171ac3579029b293",
			"_tpl": "5857a8bc2459772bad15db29",
			"parentId": "5dcb1df6171ac3579029b26c",
			"slotId": "SecuredContainer"
		},
		{
			"_id": "5dcb1df6171ac3579029b294",
			"_tpl": "560d5e524bdc2d25448b4571",
			"parentId": "5dcb1df6171ac3579029b293",
			"slotId": "main",
			"location": {
				"x": 0,
				"y": 0,
				"r": 0
			},
			"upd": {
				"StackObjectsCount": 20
			}
		},
		{
			"_id": "5dcb1df6171ac3579029b295",
			"_tpl": "560d5e524bdc2d25448b4571",
			"parentId": "5dcb1df6171ac3579029b293",
			"slotId": "main",
			"location": {
				"x": 1,
				"y": 0,
				"r": 0
			},
			"upd": {
				"StackObjectsCount": 20
			}
		},
		{
			"_id": "5dcb1df6171ac3579029b296",
			"_tpl": "560d5e524bdc2d25448b4571",
			"parentId": "5dcb1df6171ac3579029b293",
			"slotId": "main",
			"location": {
				"x": 2,
				"y": 0,
				"r": 0
			},
			"upd": {
				"StackObjectsCount": 20
			}
		},
		{
			"_id": "5dcb1df6171ac3579029b297",
			"_tpl": "560d5e524bdc2d25448b4571",
			"parentId": "5dcb1df6171ac3579029b293",
			"slotId": "main",
			"location": {
				"x": 0,
				"y": 1,
				"r": 0
			},
			"upd": {
				"StackObjectsCount": 20
			}
		},
		{
			"_id": "5dcb1df6171ac3579029b298",
			"_tpl": "560d5e524bdc2d25448b4571",
			"parentId": "5dcb1df6171ac3579029b293",
			"slotId": "main",
			"location": {
				"x": 1,
				"y": 1,
				"r": 0
			},
			"upd": {
				"StackObjectsCount": 20
			}
		},
		{
			"_id": "5dcb1df6171ac3579029b299",
			"_tpl": "560d5e524bdc2d25448b4571",
			"parentId": "5dcb1df6171ac3579029b293",
			"slotId": "main",
			"location": {
				"x": 2,
				"y": 1,
				"r": 0
			},
			"upd": {
				"StackObjectsCount": 20
			}
		},
		{
			"_id": "5dcb1df6171ac3579029b29a",
			"_tpl": "560d5e524bdc2d25448b4571",
			"parentId": "5dcb1df6171ac3579029b293",
			"slotId": "main",
			"location": {
				"x": 0,
				"y": 2,
				"r": 0
			},
			"upd": {
				"StackObjectsCount": 20
			}
		},
		{
			"_id": "5dcb1df6171ac3579029b29b",
			"_tpl": "560d5e524bdc2d25448b4571",
			"parentId": "5dcb1df6171ac3579029b293",
			"slotId": "main",
			"location": {
				"x": 1,
				"y": 2,
				"r": 0
			},
			"upd": {
				"StackObjectsCount": 20
			}
		},
		{
			"_id": "5dcb1df6171ac3579029b29c",
			"_tpl": "560d5e524bdc2d25448b4571",
			"parentId": "5dcb1df6171ac3579029b293",
			"slotId": "main",
			"location": {
				"x": 2,
				"y": 2,
				"r": 0
			},
			"upd": {
				"StackObjectsCount": 20
			}
		},
		{
			"_id": "5dcb1df6171ac3579029b26b",
			"_tpl": "566abbc34bdc2d92178b4576"
		},
		{
			"_id": "5dcb1df6171ac3579029b26e",
			"_tpl": "5963866b86f7747bfa1c4462"
		},
		{
			"_id": "5dcb1df6171ac3579029b26d",
			"_tpl": "5963866286f7747bf429b572"
		}
	],
	"equipment": "5dcb1df6171ac3579029b26c",
	"stash": "5dcb1df6171ac3579029b26b",
	"questRaidItems": "5dcb1df6171ac3579029b26d",
	"questStashItems": "5dcb1df6171ac3579029b26e",
	"fastPanel": {}
}