{
	"items": [
		{
			"_id": "5dcb1de5d7ed5e035c4386af",
			"_tpl": "55d7217a4bdc2d86028b456d"
		},
		{
			"_id": "5dcb1de5d7ed5e035c4386cf",
			"_tpl": "571a12c42459771f627b58a0",
			"parentId": "5dcb1de5d7ed5e035c4386af",
			"slotId": "Holster"
		},
		{
			"_id": "5dcb1de5d7ed5e035c4386d0",
			"_tpl": "571a279b24597720b4066566",
			"parentId": "5dcb1de5d7ed5e035c4386cf",
			"slotId": "mod_barrel"
		},
		{
			"_id": "5dcb1de5d7ed5e035c4386d1",
			"_tpl": "571a28e524597720b4066567",
			"parentId": "5dcb1de5d7ed5e035c4386d0",
			"slotId": "mod_muzzle"
		},
		{
			"_id": "5dcb1de5d7ed5e035c4386d2",
			"_tpl": "571a282c2459771fb2755a69",
			"parentId": "5dcb1de5d7ed5e035c4386cf",
			"slotId": "mod_pistol_grip"
		},
		{
			"_id": "5dcb1de5d7ed5e035c4386d3",
			"_tpl": "571a29dc2459771fb2755a6a",
			"parentId": "5dcb1de5d7ed5e035c4386cf",
			"slotId": "mod_magazine"
		},
		{
			"_id": "5dcb1de5d7ed5e035c4386d4",
			"_tpl": "5736026a245977644601dc61",
			"parentId": "5dcb1de5d7ed5e035c4386d3",
			"slotId": "cartridges",
			"upd": {
				"StackObjectsCount": 8
			}
		},
		{
			"_id": "5dcb1de5d7ed5e035c4386d5",
			"_tpl": "5736026a245977644601dc61",
			"parentId": "5dcb1de5d7ed5e035c4386cf",
			"slotId": "patron_in_weapon",
			"upd": {
				"StackObjectsCount": 1
			}
		},
		{
			"_id": "5dcb1de5d7ed5e035c4386d6",
			"_tpl": "557ffd194bdc2d28148b457f",
			"parentId": "5dcb1de5d7ed5e035c4386af",
			"slotId": "Pockets"
		},
		{
			"_id": "5dcb1de5d7ed5e035c4386d7",
			"_tpl": "5929a2a086f7744f4b234d43",
			"parentId": "5dcb1de5d7ed5e035c4386af",
			"slotId": "TacticalVest"
		},
		{
			"_id": "5dcb1de5d7ed5e035c4386e4",
			"_tpl": "571a29dc2459771fb2755a6a",
			"parentId": "5dcb1de5d7ed5e035c4386d7",
			"slotId": "1",
			"location": {
				"x": 0,
				"y": 0,
				"r": 0
			}
		},
		{
			"_id": "5dcb1de5d7ed5e035c4386e5",
			"_tpl": "5736026a245977644601dc61",
			"parentId": "5dcb1de5d7ed5e035c4386e4",
			"slotId": "cartridges",
			"upd": {
				"StackObjectsCount": 8
			}
		},
		{
			"_id": "5dcb1de5d7ed5e035c4386e6",
			"_tpl": "571a29dc2459771fb2755a6a",
			"parentId": "5dcb1de5d7ed5e035c4386d7",
			"slotId": "2",
			"location": {
				"x": 0,
				"y": 0,
				"r": 0
			}
		},
		{
			"_id": "5dcb1de5d7ed5e035c4386e7",
			"_tpl": "5736026a245977644601dc61",
			"parentId": "5dcb1de5d7ed5e035c4386e6",
			"slotId": "cartridges",
			"upd": {
				"StackObjectsCount": 8
			}
		},
		{
			"_id": "5dcb1de5d7ed5e035c4386d8",
			"_tpl": "557ff21e4bdc2d89578b4586",
			"parentId": "5dcb1de5d7ed5e035c4386af",
			"slotId": "Eyewear"
		},
		{
			"_id": "5dcb1de5d7ed5e035c4386d9",
			"_tpl": "59e7708286f7742cbd762753",
			"parentId": "5dcb1de5d7ed5e035c4386af",
			"slotId": "Headwear"
		},
		{
			"_id": "5dcb1de5d7ed5e035c4386da",
			"_tpl": "5857a8bc2459772bad15db29",
			"parentId": "5dcb1de5d7ed5e035c4386af",
			"slotId": "SecuredContainer"
		},
		{
			"_id": "5dcb1de5d7ed5e035c4386db",
			"_tpl": "5736026a245977644601dc61",
			"parentId": "5dcb1de5d7ed5e035c4386da",
			"slotId": "main",
			"location": {
				"x": 0,
				"y": 0,
				"r": 0
			},
			"upd": {
				"StackObjectsCount": 50
			}
		},
		{
			"_id": "5dcb1de5d7ed5e035c4386dc",
			"_tpl": "5736026a245977644601dc61",
			"parentId": "5dcb1de5d7ed5e035c4386da",
			"slotId": "main",
			"location": {
				"x": 1,
				"y": 0,
				"r": 0
			},
			"upd": {
				"StackObjectsCount": 50
			}
		},
		{
			"_id": "5dcb1de5d7ed5e035c4386dd",
			"_tpl": "5736026a245977644601dc61",
			"parentId": "5dcb1de5d7ed5e035c4386da",
			"slotId": "main",
			"location": {
				"x": 2,
				"y": 0,
				"r": 0
			},
			"upd": {
				"StackObjectsCount": 50
			}
		},
		{
			"_id": "5dcb1de5d7ed5e035c4386de",
			"_tpl": "5736026a245977644601dc61",
			"parentId": "5dcb1de5d7ed5e035c4386da",
			"slotId": "main",
			"location": {
				"x": 0,
				"y": 1,
				"r": 0
			},
			"upd": {
				"StackObjectsCount": 50
			}
		},
		{
			"_id": "5dcb1de5d7ed5e035c4386df",
			"_tpl": "5736026a245977644601dc61",
			"parentId": "5dcb1de5d7ed5e035c4386da",
			"slotId": "main",
			"location": {
				"x": 1,
				"y": 1,
				"r": 0
			},
			"upd": {
				"StackObjectsCount": 50
			}
		},
		{
			"_id": "5dcb1de5d7ed5e035c4386e0",
			"_tpl": "5736026a245977644601dc61",
			"parentId": "5dcb1de5d7ed5e035c4386da",
			"slotId": "main",
			"location": {
				"x": 2,
				"y": 1,
				"r": 0
			},
			"upd": {
				"StackObjectsCount": 50
			}
		},
		{
			"_id": "5dcb1de5d7ed5e035c4386e1",
			"_tpl": "5736026a245977644601dc61",
			"parentId": "5dcb1de5d7ed5e035c4386da",
			"slotId": "main",
			"location": {
				"x": 0,
				"y": 2,
				"r": 0
			},
			"upd": {
				"StackObjectsCount": 50
			}
		},
		{
			"_id": "5dcb1de5d7ed5e035c4386e2",
			"_tpl": "5736026a245977644601dc61",
			"parentId": "5dcb1de5d7ed5e035c4386da",
			"slotId": "main",
			"location": {
				"x": 1,
				"y": 2,
				"r": 0
			},
			"upd": {
				"StackObjectsCount": 50
			}
		},
		{
			"_id": "5dcb1de5d7ed5e035c4386e3",
			"_tpl": "5736026a245977644601dc61",
			"parentId": "5dcb1de5d7ed5e035c4386da",
			"slotId": "main",
			"location": {
				"x": 2,
				"y": 2,
				"r": 0
			},
			"upd": {
				"StackObjectsCount": 50
			}
		},
		{
			"_id": "5dcb1de5d7ed5e035c4386ae",
			"_tpl": "566abbc34bdc2d92178b4576"
		},
		{
			"_id": "5dcb1de5d7ed5e035c4386b1",
			"_tpl": "5963866b86f7747bfa1c4462"
		},
		{
			"_id": "5dcb1de5d7ed5e035c4386b0",
			"_tpl": "5963866286f7747bf429b572"
		}
	],
	"equipment": "5dcb1de5d7ed5e035c4386af",
	"stash": "5dcb1de5d7ed5e035c4386ae",
	"questRaidItems": "5dcb1de5d7ed5e035c4386b0",
	"questStashItems": "5dcb1de5d7ed5e035c4386b1",
	"fastPanel": {}
}