{
	"items": [
		{
			"_id": "5dcb1de5d7ed5e035c4387e6",
			"_tpl": "55d7217a4bdc2d86028b456d"
		},
		{
			"_id": "5dcb1de5d7ed5e035c438806",
			"_tpl": "59e6687d86f77411d949b251",
			"parentId": "5dcb1de5d7ed5e035c4387e6",
			"slotId": "FirstPrimaryWeapon"
		},
		{
			"_id": "5dcb1de5d7ed5e035c438807",
			"_tpl": "59e649f986f77411d949b246",
			"parentId": "5dcb1de5d7ed5e035c438806",
			"slotId": "mod_gas_block"
		},
		{
			"_id": "5dcb1de5d7ed5e035c438808",
			"_tpl": "59e898ee86f77427614bd225",
			"parentId": "5dcb1de5d7ed5e035c438807",
			"slotId": "mod_handguard"
		},
		{
			"_id": "5dcb1de5d7ed5e035c438809",
			"_tpl": "59e6318286f77444dd62c4cc",
			"parentId": "5dcb1de5d7ed5e035c438806",
			"slotId": "mod_pistol_grip"
		},
		{
			"_id": "5dcb1de5d7ed5e035c43880a",
			"_tpl": "59e8a00d86f7742ad93b569c",
			"parentId": "5dcb1de5d7ed5e035c438806",
			"slotId": "mod_muzzle"
		},
		{
			"_id": "5dcb1de5d7ed5e035c43880b",
			"_tpl": "5d2c76ed48f03532f2136169",
			"parentId": "5dcb1de5d7ed5e035c438806",
			"slotId": "mod_reciever"
		},
		{
			"_id": "5dcb1de5d7ed5e035c43880c",
			"_tpl": "59e89d0986f77427600d226e",
			"parentId": "5dcb1de5d7ed5e035c438806",
			"slotId": "mod_stock"
		},
		{
			"_id": "5dcb1de5d7ed5e035c43880d",
			"_tpl": "59e5d83b86f7745aed03d262",
			"parentId": "5dcb1de5d7ed5e035c438806",
			"slotId": "mod_magazine"
		},
		{
			"_id": "5dcb1de5d7ed5e035c43880e",
			"_tpl": "59e6542b86f77411dc52a77a",
			"parentId": "5dcb1de5d7ed5e035c43880d",
			"slotId": "cartridges",
			"upd": {
				"StackObjectsCount": 10
			}
		},
		{
			"_id": "5dcb1de5d7ed5e035c43880f",
			"_tpl": "59e6542b86f77411dc52a77a",
			"parentId": "5dcb1de5d7ed5e035c438806",
			"slotId": "patron_in_weapon",
			"upd": {
				"StackObjectsCount": 1
			}
		},
		{
			"_id": "5dcb1de5d7ed5e035c438810",
			"_tpl": "557ffd194bdc2d28148b457f",
			"parentId": "5dcb1de5d7ed5e035c4387e6",
			"slotId": "Pockets"
		},
		{
			"_id": "5dcb1de5d7ed5e035c438825",
			"_tpl": "59e3577886f774176a362503",
			"parentId": "5dcb1de5d7ed5e035c438810",
			"slotId": "pocket1",
			"location": {
				"x": 0,
				"y": 0,
				"r": 0
			}
		},
		{
			"_id": "5dcb1de5d7ed5e035c438811",
			"_tpl": "572b7adb24597762ae139821",
			"parentId": "5dcb1de5d7ed5e035c4387e6",
			"slotId": "TacticalVest"
		},
		{
			"_id": "5dcb1de5d7ed5e035c43881f",
			"_tpl": "59e5d83b86f7745aed03d262",
			"parentId": "5dcb1de5d7ed5e035c438811",
			"slotId": "1",
			"location": {
				"x": 0,
				"y": 0,
				"r": 0
			}
		},
		{
			"_id": "5dcb1de5d7ed5e035c438820",
			"_tpl": "59e6542b86f77411dc52a77a",
			"parentId": "5dcb1de5d7ed5e035c43881f",
			"slotId": "cartridges",
			"upd": {
				"StackObjectsCount": 10
			}
		},
		{
			"_id": "5dcb1de5d7ed5e035c438821",
			"_tpl": "59e5d83b86f7745aed03d262",
			"parentId": "5dcb1de5d7ed5e035c438811",
			"slotId": "2",
			"location": {
				"x": 0,
				"y": 0,
				"r": 0
			}
		},
		{
			"_id": "5dcb1de5d7ed5e035c438822",
			"_tpl": "59e6542b86f77411dc52a77a",
			"parentId": "5dcb1de5d7ed5e035c438821",
			"slotId": "cartridges",
			"upd": {
				"StackObjectsCount": 10
			}
		},
		{
			"_id": "5dcb1de5d7ed5e035c438812",
			"_tpl": "557ff21e4bdc2d89578b4586",
			"parentId": "5dcb1de5d7ed5e035c4387e6",
			"slotId": "Eyewear"
		},
		{
			"_id": "5dcb1de5d7ed5e035c438813",
			"_tpl": "572b7fa124597762b472f9d2",
			"parentId": "5dcb1de5d7ed5e035c4387e6",
			"slotId": "Headwear"
		},
		{
			"_id": "5dcb1de5d7ed5e035c438814",
			"_tpl": "57e26fc7245977162a14b800",
			"parentId": "5dcb1de5d7ed5e035c4387e6",
			"slotId": "Scabbard"
		},
		{
			"_id": "5dcb1de5d7ed5e035c438815",
			"_tpl": "5857a8bc2459772bad15db29",
			"parentId": "5dcb1de5d7ed5e035c4387e6",
			"slotId": "SecuredContainer"
		},
		{
			"_id": "5dcb1de5d7ed5e035c438816",
			"_tpl": "59e6542b86f77411dc52a77a",
			"parentId": "5dcb1de5d7ed5e035c438815",
			"slotId": "main",
			"location": {
				"x": 0,
				"y": 0,
				"r": 0
			},
			"upd": {
				"StackObjectsCount": 50
			}
		},
		{
			"_id": "5dcb1de5d7ed5e035c438817",
			"_tpl": "59e6542b86f77411dc52a77a",
			"parentId": "5dcb1de5d7ed5e035c438815",
			"slotId": "main",
			"location": {
				"x": 1,
				"y": 0,
				"r": 0
			},
			"upd": {
				"StackObjectsCount": 50
			}
		},
		{
			"_id": "5dcb1de5d7ed5e035c438818",
			"_tpl": "59e6542b86f77411dc52a77a",
			"parentId": "5dcb1de5d7ed5e035c438815",
			"slotId": "main",
			"location": {
				"x": 2,
				"y": 0,
				"r": 0
			},
			"upd": {
				"StackObjectsCount": 50
			}
		},
		{
			"_id": "5dcb1de5d7ed5e035c438819",
			"_tpl": "59e6542b86f77411dc52a77a",
			"parentId": "5dcb1de5d7ed5e035c438815",
			"slotId": "main",
			"location": {
				"x": 0,
				"y": 1,
				"r": 0
			},
			"upd": {
				"StackObjectsCount": 50
			}
		},
		{
			"_id": "5dcb1de5d7ed5e035c43881a",
			"_tpl": "59e6542b86f77411dc52a77a",
			"parentId": "5dcb1de5d7ed5e035c438815",
			"slotId": "main",
			"location": {
				"x": 1,
				"y": 1,
				"r": 0
			},
			"upd": {
				"StackObjectsCount": 50
			}
		},
		{
			"_id": "5dcb1de5d7ed5e035c43881b",
			"_tpl": "59e6542b86f77411dc52a77a",
			"parentId": "5dcb1de5d7ed5e035c438815",
			"slotId": "main",
			"location": {
				"x": 2,
				"y": 1,
				"r": 0
			},
			"upd": {
				"StackObjectsCount": 50
			}
		},
		{
			"_id": "5dcb1de5d7ed5e035c43881c",
			"_tpl": "59e6542b86f77411dc52a77a",
			"parentId": "5dcb1de5d7ed5e035c438815",
			"slotId": "main",
			"location": {
				"x": 0,
				"y": 2,
				"r": 0
			},
			"upd": {
				"StackObjectsCount": 50
			}
		},
		{
			"_id": "5dcb1de5d7ed5e035c43881d",
			"_tpl": "59e6542b86f77411dc52a77a",
			"parentId": "5dcb1de5d7ed5e035c438815",
			"slotId": "main",
			"location": {
				"x": 1,
				"y": 2,
				"r": 0
			},
			"upd": {
				"StackObjectsCount": 50
			}
		},
		{
			"_id": "5dcb1de5d7ed5e035c43881e",
			"_tpl": "59e6542b86f77411dc52a77a",
			"parentId": "5dcb1de5d7ed5e035c438815",
			"slotId": "main",
			"location": {
				"x": 2,
				"y": 2,
				"r": 0
			},
			"upd": {
				"StackObjectsCount": 50
			}
		},
		{
			"_id": "5dcb1de5d7ed5e035c4387e5",
			"_tpl": "566abbc34bdc2d92178b4576"
		},
		{
			"_id": "5dcb1de5d7ed5e035c4387e8",
			"_tpl": "5963866b86f7747bfa1c4462"
		},
		{
			"_id": "5dcb1de5d7ed5e035c4387e7",
			"_tpl": "5963866286f7747bf429b572"
		}
	],
	"equipment": "5dcb1de5d7ed5e035c4387e6",
	"stash": "5dcb1de5d7ed5e035c4387e5",
	"questRaidItems": "5dcb1de5d7ed5e035c4387e7",
	"questStashItems": "5dcb1de5d7ed5e035c4387e8",
	"fastPanel": {}
}