{
	"items": [
		{
			"_id": "5dcb1df1cc51617bf52d83a6",
			"_tpl": "55d7217a4bdc2d86028b456d"
		},
		{
			"_id": "5dcb1df1cc51617bf52d83c7",
			"_tpl": "56dee2bdd2720bc8328b4567",
			"parentId": "5dcb1df1cc51617bf52d83a6",
			"slotId": "FirstPrimaryWeapon"
		},
		{
			"_id": "5dcb1df1cc51617bf52d83c8",
			"_tpl": "56deec93d2720bec348b4568",
			"parentId": "5dcb1df1cc51617bf52d83c7",
			"slotId": "mod_barrel"
		},
		{
			"_id": "5dcb1df1cc51617bf52d83c9",
			"_tpl": "56deed6ed2720b4c698b4583",
			"parentId": "5dcb1df1cc51617bf52d83c7",
			"slotId": "mod_handguard"
		},
		{
			"_id": "5dcb1df1cc51617bf52d83ca",
			"_tpl": "56083a334bdc2dc8488b4571",
			"parentId": "5dcb1df1cc51617bf52d83c7",
			"slotId": "mod_stock"
		},
		{
			"_id": "5dcb1df1cc51617bf52d83cb",
			"_tpl": "55d48ebc4bdc2d8c2f8b456c",
			"parentId": "5dcb1df1cc51617bf52d83c7",
			"slotId": "mod_mount_000"
		},
		{
			"_id": "5dcb1df1cc51617bf52d83cc",
			"_tpl": "57d17e212459775a1179a0f5",
			"parentId": "5dcb1df1cc51617bf52d83cb",
			"slotId": "mod_tactical_001"
		},
		{
			"_id": "5dcb1df1cc51617bf52d83cd",
			"_tpl": "59d790f486f77403cb06aec6",
			"parentId": "5dcb1df1cc51617bf52d83cc",
			"slotId": "mod_flashlight"
		},
		{
			"_id": "5dcb1df1cc51617bf52d83ce",
			"_tpl": "56deee15d2720bee328b4567",
			"parentId": "5dcb1df1cc51617bf52d83c7",
			"slotId": "mod_magazine"
		},
		{
			"_id": "5dcb1df1cc51617bf52d83cf",
			"_tpl": "560d5e524bdc2d25448b4571",
			"parentId": "5dcb1df1cc51617bf52d83ce",
			"slotId": "cartridges",
			"upd": {
				"StackObjectsCount": 4
			}
		},
		{
			"_id": "5dcb1df1cc51617bf52d83d0",
			"_tpl": "560d5e524bdc2d25448b4571",
			"parentId": "5dcb1df1cc51617bf52d83c7",
			"slotId": "patron_in_weapon",
			"upd": {
				"StackObjectsCount": 1
			}
		},
		{
			"_id": "5dcb1df1cc51617bf52d83d1",
			"_tpl": "557ffd194bdc2d28148b457f",
			"parentId": "5dcb1df1cc51617bf52d83a6",
			"slotId": "Pockets"
		},
		{
			"_id": "5dcb1df1cc51617bf52d83d2",
			"_tpl": "572b7adb24597762ae139821",
			"parentId": "5dcb1df1cc51617bf52d83a6",
			"slotId": "TacticalVest"
		},
		{
			"_id": "5dcb1df1cc51617bf52d83e1",
			"_tpl": "560d5e524bdc2d25448b4571",
			"parentId": "5dcb1df1cc51617bf52d83d2",
			"slotId": "1",
			"location": {
				"x": 0,
				"y": 0,
				"r": 0
			},
			"upd": {
				"StackObjectsCount": 18
			}
		},
		{
			"_id": "5dcb1df1cc51617bf52d83e2",
			"_tpl": "560d5e524bdc2d25448b4571",
			"parentId": "5dcb1df1cc51617bf52d83d2",
			"slotId": "2",
			"location": {
				"x": 0,
				"y": 0,
				"r": 0
			},
			"upd": {
				"StackObjectsCount": 18
			}
		},
		{
			"_id": "5dcb1df1cc51617bf52d83d3",
			"_tpl": "5aa2b986e5b5b00014028f4c",
			"parentId": "5dcb1df1cc51617bf52d83a6",
			"slotId": "Eyewear"
		},
		{
			"_id": "5dcb1df1cc51617bf52d83d4",
			"_tpl": "5ab8f39486f7745cd93a1cca",
			"parentId": "5dcb1df1cc51617bf52d83a6",
			"slotId": "FaceCover"
		},
		{
			"_id": "5dcb1df1cc51617bf52d83d5",
			"_tpl": "5c06c6a80db834001b735491",
			"parentId": "5dcb1df1cc51617bf52d83a6",
			"slotId": "Headwear",
			"upd": {
				"Repairable": {
					"Durability": 27
				}
			}
		},
		{
			"_id": "5dcb1df1cc51617bf52d83d6",
			"_tpl": "57e26fc7245977162a14b800",
			"parentId": "5dcb1df1cc51617bf52d83a6",
			"slotId": "Scabbard"
		},
		{
			"_id": "5dcb1df1cc51617bf52d83d7",
			"_tpl": "5857a8bc2459772bad15db29",
			"parentId": "5dcb1df1cc51617bf52d83a6",
			"slotId": "SecuredContainer"
		},
		{
			"_id": "5dcb1df1cc51617bf52d83d8",
			"_tpl": "560d5e524bdc2d25448b4571",
			"parentId": "5dcb1df1cc51617bf52d83d7",
			"slotId": "main",
			"location": {
				"x": 0,
				"y": 0,
				"r": 0
			},
			"upd": {
				"StackObjectsCount": 20
			}
		},
		{
			"_id": "5dcb1df1cc51617bf52d83d9",
			"_tpl": "560d5e524bdc2d25448b4571",
			"parentId": "5dcb1df1cc51617bf52d83d7",
			"slotId": "main",
			"location": {
				"x": 1,
				"y": 0,
				"r": 0
			},
			"upd": {
				"StackObjectsCount": 20
			}
		},
		{
			"_id": "5dcb1df1cc51617bf52d83da",
			"_tpl": "560d5e524bdc2d25448b4571",
			"parentId": "5dcb1df1cc51617bf52d83d7",
			"slotId": "main",
			"location": {
				"x": 2,
				"y": 0,
				"r": 0
			},
			"upd": {
				"StackObjectsCount": 20
			}
		},
		{
			"_id": "5dcb1df1cc51617bf52d83db",
			"_tpl": "560d5e524bdc2d25448b4571",
			"parentId": "5dcb1df1cc51617bf52d83d7",
			"slotId": "main",
			"location": {
				"x": 0,
				"y": 1,
				"r": 0
			},
			"upd": {
				"StackObjectsCount": 20
			}
		},
		{
			"_id": "5dcb1df1cc51617bf52d83dc",
			"_tpl": "560d5e524bdc2d25448b4571",
			"parentId": "5dcb1df1cc51617bf52d83d7",
			"slotId": "main",
			"location": {
				"x": 1,
				"y": 1,
				"r": 0
			},
			"upd": {
				"StackObjectsCount": 20
			}
		},
		{
			"_id": "5dcb1df1cc51617bf52d83dd",
			"_tpl": "560d5e524bdc2d25448b4571",
			"parentId": "5dcb1df1cc51617bf52d83d7",
			"slotId": "main",
			"location": {
				"x": 2,
				"y": 1,
				"r": 0
			},
			"upd": {
				"StackObjectsCount": 20
			}
		},
		{
			"_id": "5dcb1df1cc51617bf52d83de",
			"_tpl": "560d5e524bdc2d25448b4571",
			"parentId": "5dcb1df1cc51617bf52d83d7",
			"slotId": "main",
			"location": {
				"x": 0,
				"y": 2,
				"r": 0
			},
			"upd": {
				"StackObjectsCount": 20
			}
		},
		{
			"_id": "5dcb1df1cc51617bf52d83df",
			"_tpl": "560d5e524bdc2d25448b4571",
			"parentId": "5dcb1df1cc51617bf52d83d7",
			"slotId": "main",
			"location": {
				"x": 1,
				"y": 2,
				"r": 0
			},
			"upd": {
				"StackObjectsCount": 20
			}
		},
		{
			"_id": "5dcb1df1cc51617bf52d83e0",
			"_tpl": "560d5e524bdc2d25448b4571",
			"parentId": "5dcb1df1cc51617bf52d83d7",
			"slotId": "main",
			"location": {
				"x": 2,
				"y": 2,
				"r": 0
			},
			"upd": {
				"StackObjectsCount": 20
			}
		},
		{
			"_id": "5dcb1df1cc51617bf52d83a5",
			"_tpl": "566abbc34bdc2d92178b4576"
		},
		{
			"_id": "5dcb1df1cc51617bf52d83a8",
			"_tpl": "5963866b86f7747bfa1c4462"
		},
		{
			"_id": "5dcb1df1cc51617bf52d83a7",
			"_tpl": "5963866286f7747bf429b572"
		}
	],
	"equipment": "5dcb1df1cc51617bf52d83a6",
	"stash": "5dcb1df1cc51617bf52d83a5",
	"questRaidItems": "5dcb1df1cc51617bf52d83a7",
	"questStashItems": "5dcb1df1cc51617bf52d83a8",
	"fastPanel": {}
}