{
	"items": [
		{
			"_id": "5c6687d65e9d882c8841f0fd",
			"_tpl": "55d7217a4bdc2d86028b456d"
		},
		{
			"_id": "5c6687d65e9d882c8841f121",
			"_tpl": "557ffd194bdc2d28148b457f",
			"parentId": "5c6687d65e9d882c8841f0fd",
			"slotId": "Pockets"
		},
		{
			"_id": "5c6687d65e9d882c8841f0fc",
			"_tpl": "566abbc34bdc2d92178b4576"
		},
		{
			"_id": "5c6687d65e9d882c8841f0ff",
			"_tpl": "5963866b86f7747bfa1c4462"
		},
		{
			"_id": "5c6687d65e9d882c8841f0fe",
			"_tpl": "5963866286f7747bf429b572"
		},
		{
			"_id": "TacticalVest313631",
			"_tpl": "5648a69d4bdc2ded0b8b457b",
			"parentId": "5c6687d65e9d882c8841f0fd",
			"slotId": "TacticalVest"
		},
		{
			"_id": "I21005532977139053usqV9C",
			"_tpl": "5c501a4d2e221602b412b540",
			"parentId": "5c6687d65e9d882c8841f0fd",
			"slotId": "FirstPrimaryWeapon"
		},
		{
			"_id": "I21005537406285918Rtxf43",
			"_tpl": "5c5039be2e221602b177c9ff",
			"parentId": "I21005532977139053usqV9C",
			"slotId": "mod_gas_block"
		},
		{
			"_id": "I21005538690783550Xw7Ct0",
			"_tpl": "5c503d0a2e221602b542b7ef",
			"parentId": "I21005532977139053usqV9C",
			"slotId": "mod_reciever"
		},
		{
			"_id": "I21005534321318520D593Ac",
			"_tpl": "5c503b1c2e221602b21d6e9d",
			"parentId": "I21005532977139053usqV9C",
			"slotId": "mod_sight_rear",
			"upd": {
				"Sight": {
					"SelectedSightMode": 0
				}
			}
		},
		{
			"_id": "I21005534538425999HUBok9",
			"_tpl": "5c503af12e221602b177ca02",
			"parentId": "I21005532977139053usqV9C",
			"slotId": "mod_stock"
		},
		{
			"_id": "MagazineWeaponScav3120",
			"_tpl": "5c503ac82e221602b21d6e9a",
			"parentId": "I21005532977139053usqV9C",
			"slotId": "mod_magazine"
		},
		{
			"_id": "AmmoMag18312",
			"_tpl": "5e023e53d4353e3302577c4c",
			"parentId": "MagazineWeaponScav3120",
			"slotId": "cartridges",
			"upd": {
				"StackObjectsCount": 5
			}
		},
		{
			"_id": "mag0Vest830858",
			"_tpl": "5c503ad32e2216398b5aada2",
			"parentId": "TacticalVest313631",
			"slotId": "1",
			"location": {
				"x": 0,
				"y": 1,
				"r": "Horizontal"
			}
		},
		{
			"_id": "AmmoMag0Vest686926",
			"_tpl": "5e023e53d4353e3302577c4c",
			"parentId": "mag0Vest830858",
			"slotId": "cartridges",
			"upd": {
				"StackObjectsCount": 10
			}
		},
		{
			"_id": "mag2Vest989624",
			"_tpl": "5c503ad32e2216398b5aada2",
			"parentId": "TacticalVest313631",
			"slotId": "4",
			"location": {
				"x": 0,
				"y": 0,
				"r": "Horizontal"
			}
		},
		{
			"_id": "AmmoMag2Vest914498",
			"_tpl": "5e023e6e34d52a55c3304f71",
			"parentId": "mag2Vest989624",
			"slotId": "cartridges",
			"upd": {
				"StackObjectsCount": 10
			}
		},
		{
			"_id": "mag3Vest81248",
			"_tpl": "5c503ad32e2216398b5aada2",
			"parentId": "TacticalVest313631",
			"slotId": "11",
			"location": {
				"x": 0,
				"y": 0,
				"r": "Horizontal"
			}
		},
		{
			"_id": "AmmoMag3Vest319854",
			"_tpl": "5a608bf24f39f98ffc77720e",
			"parentId": "mag3Vest81248",
			"slotId": "cartridges",
			"upd": {
				"StackObjectsCount": 10
			}
		},
		{
			"_id": "StackAmmo773737848",
			"_tpl": "5e023e53d4353e3302577c4c",
			"parentId": "TacticalVest313631",
			"slotId": "6",
			"upd": {
				"StackObjectsCount": 22
			}
		},
		{
			"_id": "Scabbard496449",
			"_tpl": "54491bb74bdc2d09088b4567",
			"parentId": "5c6687d65e9d882c8841f0fd",
			"slotId": "Scabbard"
		},
		{
			"_id": "Headwear662086",
			"_tpl": "5c0d2727d174af02a012cf58",
			"parentId": "5c6687d65e9d882c8841f0fd",
			"slotId": "Headwear"
		},
		{
			"_id": "Eyewear474855",
			"_tpl": "59e770b986f7742cbd762754",
			"parentId": "5c6687d65e9d882c8841f0fd",
			"slotId": "Eyewear"
		},
		{
			"_id": "FaceCover211816",
			"_tpl": "5e54f76986f7740366043752",
			"parentId": "5c6687d65e9d882c8841f0fd",
			"slotId": "FaceCover"
		},
		{
			"_id": "Backpack889111",
			"_tpl": "5ab8f04f86f774585f4237d8",
			"parentId": "5c6687d65e9d882c8841f0fd",
			"slotId": "Backpack"
		},
		{
			"_id": "ArmorVest808620",
			"_tpl": "5c0e53c886f7747fa54205c7",
			"parentId": "5c6687d65e9d882c8841f0fd",
			"slotId": "ArmorVest",
			"upd": {
				"Repairable": {
					"MaxDurability": 47,
					"Durability": 31
				}
			}
		},
		{
			"_id": "Pocket_950212",
			"_tpl": "590a373286f774287540368b",
			"parentId": "5c6687d65e9d882c8841f121",
			"slotId": "pocket1",
			"location": {
				"x": 0,
				"y": 0,
				"r": "Horizontal"
			},
			"upd": {
				"SpawnedInSession": true
			}
		},
		{
			"_id": "Pocket_751264",
			"_tpl": "573477e124597737dd42e191",
			"parentId": "5c6687d65e9d882c8841f121",
			"slotId": "pocket2",
			"location": {
				"x": 0,
				"y": 0,
				"r": "Horizontal"
			},
			"upd": {
				"SpawnedInSession": true
			}
		}
	],
	"equipment": "5c6687d65e9d882c8841f0fd",
	"stash": "5c6687d65e9d882c8841f0fc",
	"questRaidItems": "5c6687d65e9d882c8841f0fe",
	"questStashItems": "5c6687d65e9d882c8841f0ff",
	"fastPanel": {}
}