{
	"items": [
		{
			"_id": "5dcb1df6171ac3579029b44c",
			"_tpl": "55d7217a4bdc2d86028b456d"
		},
		{
			"_id": "5dcb1df6171ac3579029b469",
			"_tpl": "5a38e6bac4a2826c6e06d79b",
			"parentId": "5dcb1df6171ac3579029b44c",
			"slotId": "FirstPrimaryWeapon"
		},
		{
			"_id": "5dcb1df6171ac3579029b46a",
			"_tpl": "5a38ef1fc4a282000b1521f6",
			"parentId": "5dcb1df6171ac3579029b469",
			"slotId": "mod_stock"
		},
		{
			"_id": "5dcb1df6171ac3579029b46b",
			"_tpl": "5a38eecdc4a282329a73b512",
			"parentId": "5dcb1df6171ac3579029b46a",
			"slotId": "mod_pistol_grip"
		},
		{
			"_id": "5dcb1df6171ac3579029b46c",
			"_tpl": "5a38ed75c4a28232996e40c6",
			"parentId": "5dcb1df6171ac3579029b469",
			"slotId": "mod_magazine"
		},
		{
			"_id": "5dcb1df6171ac3579029b46d",
			"_tpl": "5d6e6a53a4b9361bd473feec",
			"parentId": "5dcb1df6171ac3579029b46c",
			"slotId": "cartridges",
			"upd": {
				"StackObjectsCount": 4
			}
		},
		{
			"_id": "5dcb1df6171ac3579029b46e",
			"_tpl": "5d6e6a53a4b9361bd473feec",
			"parentId": "5dcb1df6171ac3579029b469",
			"slotId": "patron_in_weapon",
			"upd": {
				"StackObjectsCount": 1
			}
		},
		{
			"_id": "5dcb1df6171ac3579029b46f",
			"_tpl": "557ffd194bdc2d28148b457f",
			"parentId": "5dcb1df6171ac3579029b44c",
			"slotId": "Pockets"
		},
		{
			"_id": "5dcb1df6171ac3579029b470",
			"_tpl": "572b7adb24597762ae139821",
			"parentId": "5dcb1df6171ac3579029b44c",
			"slotId": "TacticalVest"
		},
		{
			"_id": "5dcb1df6171ac3579029b47e",
			"_tpl": "5a38ed75c4a28232996e40c6",
			"parentId": "5dcb1df6171ac3579029b470",
			"slotId": "1",
			"location": {
				"x": 0,
				"y": 0,
				"r": 0
			}
		},
		{
			"_id": "5dcb1df6171ac3579029b47f",
			"_tpl": "5d6e6a53a4b9361bd473feec",
			"parentId": "5dcb1df6171ac3579029b47e",
			"slotId": "cartridges",
			"upd": {
				"StackObjectsCount": 4
			}
		},
		{
			"_id": "5dcb1df6171ac3579029b482",
			"_tpl": "57347d9c245977448b40fa85",
			"parentId": "5dcb1df6171ac3579029b470",
			"slotId": "2",
			"location": {
				"x": 0,
				"y": 1,
				"r": 0
			},
			"upd": {
				"FoodDrink": {
					"HpPercent": 1
				}
			}
		},
		{
			"_id": "5dcb1df6171ac3579029b471",
			"_tpl": "5aa2b89be5b5b0001569311f",
			"parentId": "5dcb1df6171ac3579029b44c",
			"slotId": "Headwear"
		},
		{
			"_id": "5dcb1df6171ac3579029b472",
			"_tpl": "57e26fc7245977162a14b800",
			"parentId": "5dcb1df6171ac3579029b44c",
			"slotId": "Scabbard"
		},
		{
			"_id": "5dcb1df6171ac3579029b473",
			"_tpl": "56e33680d2720be2748b4576",
			"parentId": "5dcb1df6171ac3579029b44c",
			"slotId": "Backpack"
		},
		{
			"_id": "5dcb1df6171ac3579029b484",
			"_tpl": "5c0fa877d174af02a012e1cf",
			"parentId": "5dcb1df6171ac3579029b473",
			"slotId": "main",
			"location": {
				"x": 0,
				"y": 0,
				"r": 0
			},
			"upd": {
				"FoodDrink": {
					"HpPercent": 67
				}
			}
		},
		{
			"_id": "5dcb1df6171ac3579029b474",
			"_tpl": "5857a8bc2459772bad15db29",
			"parentId": "5dcb1df6171ac3579029b44c",
			"slotId": "SecuredContainer"
		},
		{
			"_id": "5dcb1df6171ac3579029b475",
			"_tpl": "5d6e6a53a4b9361bd473feec",
			"parentId": "5dcb1df6171ac3579029b474",
			"slotId": "main",
			"location": {
				"x": 0,
				"y": 0,
				"r": 0
			},
			"upd": {
				"StackObjectsCount": 20
			}
		},
		{
			"_id": "5dcb1df6171ac3579029b476",
			"_tpl": "5d6e6a53a4b9361bd473feec",
			"parentId": "5dcb1df6171ac3579029b474",
			"slotId": "main",
			"location": {
				"x": 1,
				"y": 0,
				"r": 0
			},
			"upd": {
				"StackObjectsCount": 20
			}
		},
		{
			"_id": "5dcb1df6171ac3579029b477",
			"_tpl": "5d6e6a53a4b9361bd473feec",
			"parentId": "5dcb1df6171ac3579029b474",
			"slotId": "main",
			"location": {
				"x": 2,
				"y": 0,
				"r": 0
			},
			"upd": {
				"StackObjectsCount": 20
			}
		},
		{
			"_id": "5dcb1df6171ac3579029b478",
			"_tpl": "5d6e6a53a4b9361bd473feec",
			"parentId": "5dcb1df6171ac3579029b474",
			"slotId": "main",
			"location": {
				"x": 0,
				"y": 1,
				"r": 0
			},
			"upd": {
				"StackObjectsCount": 20
			}
		},
		{
			"_id": "5dcb1df6171ac3579029b479",
			"_tpl": "5d6e6a53a4b9361bd473feec",
			"parentId": "5dcb1df6171ac3579029b474",
			"slotId": "main",
			"location": {
				"x": 1,
				"y": 1,
				"r": 0
			},
			"upd": {
				"StackObjectsCount": 20
			}
		},
		{
			"_id": "5dcb1df6171ac3579029b47a",
			"_tpl": "5d6e6a53a4b9361bd473feec",
			"parentId": "5dcb1df6171ac3579029b474",
			"slotId": "main",
			"location": {
				"x": 2,
				"y": 1,
				"r": 0
			},
			"upd": {
				"StackObjectsCount": 20
			}
		},
		{
			"_id": "5dcb1df6171ac3579029b47b",
			"_tpl": "5d6e6a53a4b9361bd473feec",
			"parentId": "5dcb1df6171ac3579029b474",
			"slotId": "main",
			"location": {
				"x": 0,
				"y": 2,
				"r": 0
			},
			"upd": {
				"StackObjectsCount": 20
			}
		},
		{
			"_id": "5dcb1df6171ac3579029b47c",
			"_tpl": "5d6e6a53a4b9361bd473feec",
			"parentId": "5dcb1df6171ac3579029b474",
			"slotId": "main",
			"location": {
				"x": 1,
				"y": 2,
				"r": 0
			},
			"upd": {
				"StackObjectsCount": 20
			}
		},
		{
			"_id": "5dcb1df6171ac3579029b47d",
			"_tpl": "5d6e6a53a4b9361bd473feec",
			"parentId": "5dcb1df6171ac3579029b474",
			"slotId": "main",
			"location": {
				"x": 2,
				"y": 2,
				"r": 0
			},
			"upd": {
				"StackObjectsCount": 20
			}
		},
		{
			"_id": "5dcb1df6171ac3579029b44b",
			"_tpl": "566abbc34bdc2d92178b4576"
		},
		{
			"_id": "5dcb1df6171ac3579029b44e",
			"_tpl": "5963866b86f7747bfa1c4462"
		},
		{
			"_id": "5dcb1df6171ac3579029b44d",
			"_tpl": "5963866286f7747bf429b572"
		}
	],
	"equipment": "5dcb1df6171ac3579029b44c",
	"stash": "5dcb1df6171ac3579029b44b",
	"questRaidItems": "5dcb1df6171ac3579029b44d",
	"questStashItems": "5dcb1df6171ac3579029b44e",
	"fastPanel": {}
}