{
	"items": [
		{
			"_id": "5dcb1de5d7ed5e035c4394a0",
			"_tpl": "55d7217a4bdc2d86028b456d"
		},
		{
			"_id": "5dcb1de5d7ed5e035c4394bb",
			"_tpl": "5448bd6b4bdc2dfc2f8b4569",
			"parentId": "5dcb1de5d7ed5e035c4394a0",
			"slotId": "Holster"
		},
		{
			"_id": "5dcb1de5d7ed5e035c4394bc",
			"_tpl": "5448c12b4bdc2d02308b456f",
			"parentId": "5dcb1de5d7ed5e035c4394bb",
			"slotId": "mod_magazine"
		},
		{
			"_id": "5dcb1de5d7ed5e035c4394bd",
			"_tpl": "573719762459775a626ccbc1",
			"parentId": "5dcb1de5d7ed5e035c4394bc",
			"slotId": "cartridges",
			"upd": {
				"StackObjectsCount": 8
			}
		},
		{
			"_id": "5dcb1de5d7ed5e035c4394be",
			"_tpl": "573719762459775a626ccbc1",
			"parentId": "5dcb1de5d7ed5e035c4394bb",
			"slotId": "patron_in_weapon",
			"upd": {
				"StackObjectsCount": 1
			}
		},
		{
			"_id": "5dcb1de5d7ed5e035c4394bf",
			"_tpl": "557ffd194bdc2d28148b457f",
			"parentId": "5dcb1de5d7ed5e035c4394a0",
			"slotId": "Pockets"
		},
		{
			"_id": "5dcb1de5d7ed5e035c4394c0",
			"_tpl": "572b7adb24597762ae139821",
			"parentId": "5dcb1de5d7ed5e035c4394a0",
			"slotId": "TacticalVest"
		},
		{
			"_id": "5dcb1de5d7ed5e035c4394cf",
			"_tpl": "5448c12b4bdc2d02308b456f",
			"parentId": "5dcb1de5d7ed5e035c4394c0",
			"slotId": "1",
			"location": {
				"x": 0,
				"y": 0,
				"r": 0
			}
		},
		{
			"_id": "5dcb1de5d7ed5e035c4394d0",
			"_tpl": "573719762459775a626ccbc1",
			"parentId": "5dcb1de5d7ed5e035c4394cf",
			"slotId": "cartridges",
			"upd": {
				"StackObjectsCount": 8
			}
		},
		{
			"_id": "5dcb1de5d7ed5e035c4394d1",
			"_tpl": "5448c12b4bdc2d02308b456f",
			"parentId": "5dcb1de5d7ed5e035c4394c0",
			"slotId": "2",
			"location": {
				"x": 0,
				"y": 0,
				"r": 0
			}
		},
		{
			"_id": "5dcb1de5d7ed5e035c4394d2",
			"_tpl": "573719762459775a626ccbc1",
			"parentId": "5dcb1de5d7ed5e035c4394d1",
			"slotId": "cartridges",
			"upd": {
				"StackObjectsCount": 8
			}
		},
		{
			"_id": "5dcb1de5d7ed5e035c4394d5",
			"_tpl": "575146b724597720a27126d5",
			"parentId": "5dcb1de5d7ed5e035c4394c0",
			"slotId": "3",
			"location": {
				"x": 0,
				"y": 0,
				"r": 0
			},
			"upd": {
				"FoodDrink": {
					"HpPercent": 1
				}
			}
		},
		{
			"_id": "5dcb1de5d7ed5e035c4394c1",
			"_tpl": "59e7715586f7742ee5789605",
			"parentId": "5dcb1de5d7ed5e035c4394a0",
			"slotId": "FaceCover"
		},
		{
			"_id": "5dcb1de5d7ed5e035c4394c2",
			"_tpl": "572b7d8524597762b472f9d1",
			"parentId": "5dcb1de5d7ed5e035c4394a0",
			"slotId": "Headwear"
		},
		{
			"_id": "5dcb1de5d7ed5e035c4394c3",
			"_tpl": "57e26ea924597715ca604a09",
			"parentId": "5dcb1de5d7ed5e035c4394a0",
			"slotId": "Scabbard"
		},
		{
			"_id": "5dcb1de5d7ed5e035c4394c4",
			"_tpl": "56e33680d2720be2748b4576",
			"parentId": "5dcb1de5d7ed5e035c4394a0",
			"slotId": "Backpack"
		},
		{
			"_id": "5dcb1de5d7ed5e035c4394d7",
			"_tpl": "544fb6cc4bdc2d34748b456e",
			"parentId": "5dcb1de5d7ed5e035c4394c4",
			"slotId": "main",
			"location": {
				"x": 0,
				"y": 0,
				"r": 0
			},
			"upd": {
				"FoodDrink": {
					"HpPercent": 1
				}
			}
		},
		{
			"_id": "5dcb1de5d7ed5e035c4394d8",
			"_tpl": "5448fee04bdc2dbc018b4567",
			"parentId": "5dcb1de5d7ed5e035c4394c4",
			"slotId": "main",
			"location": {
				"x": 1,
				"y": 0,
				"r": 0
			},
			"upd": {
				"FoodDrink": {
					"HpPercent": 39
				}
			}
		},
		{
			"_id": "5dcb1de5d7ed5e035c4394d9",
			"_tpl": "5d1b385e86f774252167b98a",
			"parentId": "5dcb1de5d7ed5e035c4394c4",
			"slotId": "main",
			"location": {
				"x": 2,
				"y": 0,
				"r": 0
			},
			"upd": {
				"FoodDrink": {
					"HpPercent": 96
				}
			}
		},
		{
			"_id": "5dcb1de5d7ed5e035c4394c5",
			"_tpl": "5857a8bc2459772bad15db29",
			"parentId": "5dcb1de5d7ed5e035c4394a0",
			"slotId": "SecuredContainer"
		},
		{
			"_id": "5dcb1de5d7ed5e035c4394c6",
			"_tpl": "573719762459775a626ccbc1",
			"parentId": "5dcb1de5d7ed5e035c4394c5",
			"slotId": "main",
			"location": {
				"x": 0,
				"y": 0,
				"r": 0
			},
			"upd": {
				"StackObjectsCount": 50
			}
		},
		{
			"_id": "5dcb1de5d7ed5e035c4394c7",
			"_tpl": "573719762459775a626ccbc1",
			"parentId": "5dcb1de5d7ed5e035c4394c5",
			"slotId": "main",
			"location": {
				"x": 1,
				"y": 0,
				"r": 0
			},
			"upd": {
				"StackObjectsCount": 50
			}
		},
		{
			"_id": "5dcb1de5d7ed5e035c4394c8",
			"_tpl": "573719762459775a626ccbc1",
			"parentId": "5dcb1de5d7ed5e035c4394c5",
			"slotId": "main",
			"location": {
				"x": 2,
				"y": 0,
				"r": 0
			},
			"upd": {
				"StackObjectsCount": 50
			}
		},
		{
			"_id": "5dcb1de5d7ed5e035c4394c9",
			"_tpl": "573719762459775a626ccbc1",
			"parentId": "5dcb1de5d7ed5e035c4394c5",
			"slotId": "main",
			"location": {
				"x": 0,
				"y": 1,
				"r": 0
			},
			"upd": {
				"StackObjectsCount": 50
			}
		},
		{
			"_id": "5dcb1de5d7ed5e035c4394ca",
			"_tpl": "573719762459775a626ccbc1",
			"parentId": "5dcb1de5d7ed5e035c4394c5",
			"slotId": "main",
			"location": {
				"x": 1,
				"y": 1,
				"r": 0
			},
			"upd": {
				"StackObjectsCount": 50
			}
		},
		{
			"_id": "5dcb1de5d7ed5e035c4394cb",
			"_tpl": "573719762459775a626ccbc1",
			"parentId": "5dcb1de5d7ed5e035c4394c5",
			"slotId": "main",
			"location": {
				"x": 2,
				"y": 1,
				"r": 0
			},
			"upd": {
				"StackObjectsCount": 50
			}
		},
		{
			"_id": "5dcb1de5d7ed5e035c4394cc",
			"_tpl": "573719762459775a626ccbc1",
			"parentId": "5dcb1de5d7ed5e035c4394c5",
			"slotId": "main",
			"location": {
				"x": 0,
				"y": 2,
				"r": 0
			},
			"upd": {
				"StackObjectsCount": 50
			}
		},
		{
			"_id": "5dcb1de5d7ed5e035c4394cd",
			"_tpl": "573719762459775a626ccbc1",
			"parentId": "5dcb1de5d7ed5e035c4394c5",
			"slotId": "main",
			"location": {
				"x": 1,
				"y": 2,
				"r": 0
			},
			"upd": {
				"StackObjectsCount": 50
			}
		},
		{
			"_id": "5dcb1de5d7ed5e035c4394ce",
			"_tpl": "573719762459775a626ccbc1",
			"parentId": "5dcb1de5d7ed5e035c4394c5",
			"slotId": "main",
			"location": {
				"x": 2,
				"y": 2,
				"r": 0
			},
			"upd": {
				"StackObjectsCount": 50
			}
		},
		{
			"_id": "5dcb1de5d7ed5e035c43949f",
			"_tpl": "566abbc34bdc2d92178b4576"
		},
		{
			"_id": "5dcb1de5d7ed5e035c4394a2",
			"_tpl": "5963866b86f7747bfa1c4462"
		},
		{
			"_id": "5dcb1de5d7ed5e035c4394a1",
			"_tpl": "5963866286f7747bf429b572"
		}
	],
	"equipment": "5dcb1de5d7ed5e035c4394a0",
	"stash": "5dcb1de5d7ed5e035c43949f",
	"questRaidItems": "5dcb1de5d7ed5e035c4394a1",
	"questStashItems": "5dcb1de5d7ed5e035c4394a2",
	"fastPanel": {}
}