{
	"items": [
		{
			"_id": "5c6687d65e9d882c8841f0fd",
			"_tpl": "55d7217a4bdc2d86028b456d"
		},
		{
			"_id": "5c6687d65e9d882c8841f121",
			"_tpl": "557ffd194bdc2d28148b457f",
			"parentId": "5c6687d65e9d882c8841f0fd",
			"slotId": "Pockets"
		},
		{
			"_id": "5c6687d65e9d882c8841f0fc",
			"_tpl": "566abbc34bdc2d92178b4576"
		},
		{
			"_id": "5c6687d65e9d882c8841f0ff",
			"_tpl": "5963866b86f7747bfa1c4462"
		},
		{
			"_id": "5c6687d65e9d882c8841f0fe",
			"_tpl": "5963866286f7747bf429b572"
		},
		{
			"_id": "TacticalVest490953",
			"_tpl": "59e7643b86f7742cbf2c109a",
			"parentId": "5c6687d65e9d882c8841f0fd",
			"slotId": "TacticalVest"
		},
		{
			"_id": "I210045392673706551ZsWZG",
			"_tpl": "583990e32459771419544dd2",
			"parentId": "5c6687d65e9d882c8841f0fd",
			"slotId": "FirstPrimaryWeapon"
		},
		{
			"_id": "I210045394435511789Njn4i",
			"_tpl": "5649ad3f4bdc2df8348b4585",
			"parentId": "I210045392673706551ZsWZG",
			"slotId": "mod_pistol_grip"
		},
		{
			"_id": "I210045391076337163QNK7Q",
			"_tpl": "57dc347d245977596754e7a1",
			"parentId": "I210045392673706551ZsWZG",
			"slotId": "mod_stock"
		},
		{
			"_id": "I210045395542881216KVsUl",
			"_tpl": "57dc324a24597759501edc20",
			"parentId": "I210045392673706551ZsWZG",
			"slotId": "mod_muzzle"
		},
		{
			"_id": "I210045396801263426tVuFF",
			"_tpl": "59d36a0086f7747e673f3946",
			"parentId": "I210045392673706551ZsWZG",
			"slotId": "mod_gas_block"
		},
		{
			"_id": "I210045399705350718pUbPd",
			"_tpl": "57dc32dc245977596d4ef3d3",
			"parentId": "I210045396801263426tVuFF",
			"slotId": "mod_handguard"
		},
		{
			"_id": "mag1Vest539561",
			"_tpl": "55d4837c4bdc2d1d4e8b456c",
			"parentId": "TacticalVest490953",
			"slotId": "3",
			"location": {
				"x": 0,
				"y": 1,
				"r": "Horizontal"
			}
		},
		{
			"_id": "AmmoMag1Vest695047",
			"_tpl": "56dff2ced2720bb4668b4567",
			"parentId": "mag1Vest539561",
			"slotId": "cartridges",
			"upd": {
				"StackObjectsCount": 10
			}
		},
		{
			"_id": "Scabbard296261",
			"_tpl": "5bffdc370db834001d23eca8",
			"parentId": "5c6687d65e9d882c8841f0fd",
			"slotId": "Scabbard"
		},
		{
			"_id": "Headwear828069",
			"_tpl": "5b4329075acfc400153b78ff",
			"parentId": "5c6687d65e9d882c8841f0fd",
			"slotId": "Headwear"
		},
		{
			"_id": "Eyewear868933",
			"_tpl": "59e770b986f7742cbd762754",
			"parentId": "5c6687d65e9d882c8841f0fd",
			"slotId": "Eyewear"
		},
		{
			"_id": "Backpack640598",
			"_tpl": "5ca20d5986f774331e7c9602",
			"parentId": "5c6687d65e9d882c8841f0fd",
			"slotId": "Backpack"
		},
		{
			"_id": "BP_Backpack640598_425364",
			"_tpl": "5bc9bc53d4351e00367fbcee",
			"parentId": "Backpack640598",
			"slotId": "main",
			"location": {
				"x": 0,
				"y": 0,
				"r": "Horizontal"
			}
		},
		{
			"_id": "BP_Backpack640598_935767",
			"_tpl": "57347cd0245977445a2d6ff1",
			"parentId": "Backpack640598",
			"slotId": "main",
			"location": {
				"x": 0,
				"y": 2,
				"r": "Horizontal"
			}
		},
		{
			"_id": "BP_Backpack640598_140248",
			"_tpl": "5d03775b86f774203e7e0c4b",
			"parentId": "Backpack640598",
			"slotId": "main",
			"location": {
				"x": 0,
				"y": 3,
				"r": "Horizontal"
			}
		},
		{
			"_id": "ArmorVest971684",
			"_tpl": "5ab8e79e86f7742d8b372e78",
			"parentId": "5c6687d65e9d882c8841f0fd",
			"slotId": "ArmorVest",
			"upd": {
				"Repairable": {
					"MaxDurability": 65,
					"Durability": 25
				}
			}
		},
		{
			"_id": "Pocket_504323",
			"_tpl": "591382d986f774465a6413a7",
			"parentId": "5c6687d65e9d882c8841f121",
			"slotId": "pocket1",
			"location": {
				"x": 0,
				"y": 0,
				"r": "Horizontal"
			},
			"upd": {
				"SpawnedInSession": true
			}
		}
	],
	"equipment": "5c6687d65e9d882c8841f0fd",
	"stash": "5c6687d65e9d882c8841f0fc",
	"questRaidItems": "5c6687d65e9d882c8841f0fe",
	"questStashItems": "5c6687d65e9d882c8841f0ff",
	"fastPanel": {}
}