{
	"items": [
		{
			"_id": "5dcb1df1cc51617bf52d875d",
			"_tpl": "55d7217a4bdc2d86028b456d"
		},
		{
			"_id": "5dcb1df1cc51617bf52d877b",
			"_tpl": "57dc2fa62459775949412633",
			"parentId": "5dcb1df1cc51617bf52d875d",
			"slotId": "FirstPrimaryWeapon"
		},
		{
			"_id": "5dcb1df1cc51617bf52d877c",
			"_tpl": "57e3dba62459770f0c32322b",
			"parentId": "5dcb1df1cc51617bf52d877b",
			"slotId": "mod_pistol_grip"
		},
		{
			"_id": "5dcb1df1cc51617bf52d877d",
			"_tpl": "59d36a0086f7747e673f3946",
			"parentId": "5dcb1df1cc51617bf52d877b",
			"slotId": "mod_gas_block"
		},
		{
			"_id": "5dcb1df1cc51617bf52d877e",
			"_tpl": "57dc32dc245977596d4ef3d3",
			"parentId": "5dcb1df1cc51617bf52d877d",
			"slotId": "mod_handguard"
		},
		{
			"_id": "5dcb1df1cc51617bf52d877f",
			"_tpl": "57dc347d245977596754e7a1",
			"parentId": "5dcb1df1cc51617bf52d877b",
			"slotId": "mod_stock"
		},
		{
			"_id": "5dcb1df1cc51617bf52d8780",
			"_tpl": "57dc334d245977597164366f",
			"parentId": "5dcb1df1cc51617bf52d877b",
			"slotId": "mod_reciever"
		},
		{
			"_id": "5dcb1df1cc51617bf52d8781",
			"_tpl": "55d4837c4bdc2d1d4e8b456c",
			"parentId": "5dcb1df1cc51617bf52d877b",
			"slotId": "mod_magazine"
		},
		{
			"_id": "5dcb1df1cc51617bf52d8782",
			"_tpl": "56dff061d2720bb5668b4567",
			"parentId": "5dcb1df1cc51617bf52d8781",
			"slotId": "cartridges",
			"upd": {
				"StackObjectsCount": 10
			}
		},
		{
			"_id": "5dcb1df1cc51617bf52d8783",
			"_tpl": "56dff061d2720bb5668b4567",
			"parentId": "5dcb1df1cc51617bf52d877b",
			"slotId": "patron_in_weapon",
			"upd": {
				"StackObjectsCount": 1
			}
		},
		{
			"_id": "5dcb1df1cc51617bf52d8784",
			"_tpl": "557ffd194bdc2d28148b457f",
			"parentId": "5dcb1df1cc51617bf52d875d",
			"slotId": "Pockets"
		},
		{
			"_id": "5dcb1df1cc51617bf52d8797",
			"_tpl": "544fb25a4bdc2dfb738b4567",
			"parentId": "5dcb1df1cc51617bf52d8784",
			"slotId": "pocket1",
			"location": {
				"x": 0,
				"y": 0,
				"r": 0
			}
		},
		{
			"_id": "5dcb1df1cc51617bf52d8798",
			"_tpl": "5a0c27731526d80618476ac4",
			"parentId": "5dcb1df1cc51617bf52d8784",
			"slotId": "pocket2",
			"location": {
				"x": 0,
				"y": 0,
				"r": 0
			}
		},
		{
			"_id": "5dcb1df1cc51617bf52d8785",
			"_tpl": "572b7adb24597762ae139821",
			"parentId": "5dcb1df1cc51617bf52d875d",
			"slotId": "TacticalVest"
		},
		{
			"_id": "5dcb1df1cc51617bf52d8793",
			"_tpl": "55d4837c4bdc2d1d4e8b456c",
			"parentId": "5dcb1df1cc51617bf52d8785",
			"slotId": "1",
			"location": {
				"x": 0,
				"y": 0,
				"r": 0
			}
		},
		{
			"_id": "5dcb1df1cc51617bf52d8794",
			"_tpl": "56dff061d2720bb5668b4567",
			"parentId": "5dcb1df1cc51617bf52d8793",
			"slotId": "cartridges",
			"upd": {
				"StackObjectsCount": 10
			}
		},
		{
			"_id": "5dcb1df1cc51617bf52d8786",
			"_tpl": "5aa2b986e5b5b00014028f4c",
			"parentId": "5dcb1df1cc51617bf52d875d",
			"slotId": "Eyewear"
		},
		{
			"_id": "5dcb1df1cc51617bf52d8787",
			"_tpl": "572b7fa124597762b472f9d2",
			"parentId": "5dcb1df1cc51617bf52d875d",
			"slotId": "Headwear"
		},
		{
			"_id": "5dcb1df1cc51617bf52d8788",
			"_tpl": "57e26fc7245977162a14b800",
			"parentId": "5dcb1df1cc51617bf52d875d",
			"slotId": "Scabbard"
		},
		{
			"_id": "5dcb1df1cc51617bf52d8789",
			"_tpl": "5857a8bc2459772bad15db29",
			"parentId": "5dcb1df1cc51617bf52d875d",
			"slotId": "SecuredContainer"
		},
		{
			"_id": "5dcb1df1cc51617bf52d878a",
			"_tpl": "56dff061d2720bb5668b4567",
			"parentId": "5dcb1df1cc51617bf52d8789",
			"slotId": "main",
			"location": {
				"x": 0,
				"y": 0,
				"r": 0
			},
			"upd": {
				"StackObjectsCount": 60
			}
		},
		{
			"_id": "5dcb1df1cc51617bf52d878b",
			"_tpl": "56dff061d2720bb5668b4567",
			"parentId": "5dcb1df1cc51617bf52d8789",
			"slotId": "main",
			"location": {
				"x": 1,
				"y": 0,
				"r": 0
			},
			"upd": {
				"StackObjectsCount": 60
			}
		},
		{
			"_id": "5dcb1df1cc51617bf52d878c",
			"_tpl": "56dff061d2720bb5668b4567",
			"parentId": "5dcb1df1cc51617bf52d8789",
			"slotId": "main",
			"location": {
				"x": 2,
				"y": 0,
				"r": 0
			},
			"upd": {
				"StackObjectsCount": 60
			}
		},
		{
			"_id": "5dcb1df1cc51617bf52d878d",
			"_tpl": "56dff061d2720bb5668b4567",
			"parentId": "5dcb1df1cc51617bf52d8789",
			"slotId": "main",
			"location": {
				"x": 0,
				"y": 1,
				"r": 0
			},
			"upd": {
				"StackObjectsCount": 60
			}
		},
		{
			"_id": "5dcb1df1cc51617bf52d878e",
			"_tpl": "56dff061d2720bb5668b4567",
			"parentId": "5dcb1df1cc51617bf52d8789",
			"slotId": "main",
			"location": {
				"x": 1,
				"y": 1,
				"r": 0
			},
			"upd": {
				"StackObjectsCount": 60
			}
		},
		{
			"_id": "5dcb1df1cc51617bf52d878f",
			"_tpl": "56dff061d2720bb5668b4567",
			"parentId": "5dcb1df1cc51617bf52d8789",
			"slotId": "main",
			"location": {
				"x": 2,
				"y": 1,
				"r": 0
			},
			"upd": {
				"StackObjectsCount": 60
			}
		},
		{
			"_id": "5dcb1df1cc51617bf52d8790",
			"_tpl": "56dff061d2720bb5668b4567",
			"parentId": "5dcb1df1cc51617bf52d8789",
			"slotId": "main",
			"location": {
				"x": 0,
				"y": 2,
				"r": 0
			},
			"upd": {
				"StackObjectsCount": 60
			}
		},
		{
			"_id": "5dcb1df1cc51617bf52d8791",
			"_tpl": "56dff061d2720bb5668b4567",
			"parentId": "5dcb1df1cc51617bf52d8789",
			"slotId": "main",
			"location": {
				"x": 1,
				"y": 2,
				"r": 0
			},
			"upd": {
				"StackObjectsCount": 60
			}
		},
		{
			"_id": "5dcb1df1cc51617bf52d8792",
			"_tpl": "56dff061d2720bb5668b4567",
			"parentId": "5dcb1df1cc51617bf52d8789",
			"slotId": "main",
			"location": {
				"x": 2,
				"y": 2,
				"r": 0
			},
			"upd": {
				"StackObjectsCount": 60
			}
		},
		{
			"_id": "5dcb1df1cc51617bf52d875c",
			"_tpl": "566abbc34bdc2d92178b4576"
		},
		{
			"_id": "5dcb1df1cc51617bf52d875f",
			"_tpl": "5963866b86f7747bfa1c4462"
		},
		{
			"_id": "5dcb1df1cc51617bf52d875e",
			"_tpl": "5963866286f7747bf429b572"
		}
	],
	"equipment": "5dcb1df1cc51617bf52d875d",
	"stash": "5dcb1df1cc51617bf52d875c",
	"questRaidItems": "5dcb1df1cc51617bf52d875e",
	"questStashItems": "5dcb1df1cc51617bf52d875f",
	"fastPanel": {}
}