{
	"items": [
		{
			"_id": "5c6687d65e9d882c8841f0fd",
			"_tpl": "55d7217a4bdc2d86028b456d"
		},
		{
			"_id": "5c6687d65e9d882c8841f121",
			"_tpl": "557ffd194bdc2d28148b457f",
			"parentId": "5c6687d65e9d882c8841f0fd",
			"slotId": "Pockets"
		},
		{
			"_id": "5c6687d65e9d882c8841f0fc",
			"_tpl": "566abbc34bdc2d92178b4576"
		},
		{
			"_id": "5c6687d65e9d882c8841f0ff",
			"_tpl": "5963866b86f7747bfa1c4462"
		},
		{
			"_id": "5c6687d65e9d882c8841f0fe",
			"_tpl": "5963866286f7747bf429b572"
		},
		{
			"_id": "TacticalVest509113",
			"_tpl": "5c0e446786f7742013381639",
			"parentId": "5c6687d65e9d882c8841f0fd",
			"slotId": "TacticalVest"
		},
		{
			"_id": "I210050166396100661MNaGR",
			"_tpl": "5ab8e9fcd8ce870019439434",
			"parentId": "5c6687d65e9d882c8841f0fd",
			"slotId": "FirstPrimaryWeapon"
		},
		{
			"_id": "I210050163908201219YctQe",
			"_tpl": "59c6633186f7740cf0493bb9",
			"parentId": "I210050166396100661MNaGR",
			"slotId": "mod_gas_block"
		},
		{
			"_id": "I210050166299522182Ngd5d",
			"_tpl": "5ac72e945acfc43f3b691116",
			"parentId": "I210050166396100661MNaGR",
			"slotId": "mod_muzzle"
		},
		{
			"_id": "I2100501660330494559puiF",
			"_tpl": "57e3dba62459770f0c32322b",
			"parentId": "I210050166396100661MNaGR",
			"slotId": "mod_pistol_grip"
		},
		{
			"_id": "I210050166048209295Zwby1",
			"_tpl": "5649af094bdc2df8348b4586",
			"parentId": "I210050166396100661MNaGR",
			"slotId": "mod_reciever"
		},
		{
			"_id": "I210050163845611721j58tL",
			"_tpl": "5649b0544bdc2d1b2b8b458a",
			"parentId": "I210050166396100661MNaGR",
			"slotId": "mod_sight_rear",
			"upd": {
				"Sight": {
					"SelectedSightMode": 0
				}
			}
		},
		{
			"_id": "I2100501694449086750ct5x",
			"_tpl": "5648b0744bdc2d363b8b4578",
			"parentId": "I210050163908201219YctQe",
			"slotId": "mod_handguard"
		},
		{
			"_id": "mag0Vest963925",
			"_tpl": "55d4837c4bdc2d1d4e8b456c",
			"parentId": "TacticalVest509113",
			"slotId": "1",
			"location": {
				"x": 0,
				"y": 0,
				"r": "Horizontal"
			}
		},
		{
			"_id": "AmmoMag0Vest183179",
			"_tpl": "56dff216d2720bbd668b4568",
			"parentId": "mag0Vest963925",
			"slotId": "cartridges",
			"upd": {
				"StackObjectsCount": 10
			}
		},
		{
			"_id": "mag1Vest120516",
			"_tpl": "55d4837c4bdc2d1d4e8b456c",
			"parentId": "TacticalVest509113",
			"slotId": "3",
			"location": {
				"x": 0,
				"y": 0,
				"r": "Horizontal"
			}
		},
		{
			"_id": "AmmoMag1Vest121982",
			"_tpl": "56dfef82d2720bbd668b4567",
			"parentId": "mag1Vest120516",
			"slotId": "cartridges",
			"upd": {
				"StackObjectsCount": 10
			}
		},
		{
			"_id": "mag1Vest448666",
			"_tpl": "55d4837c4bdc2d1d4e8b456c",
			"parentId": "TacticalVest509113",
			"slotId": "3",
			"location": {
				"x": 0,
				"y": 1,
				"r": "Horizontal"
			}
		},
		{
			"_id": "AmmoMag1Vest545675",
			"_tpl": "56dff421d2720b5f5a8b4567",
			"parentId": "mag1Vest448666",
			"slotId": "cartridges",
			"upd": {
				"StackObjectsCount": 10
			}
		},
		{
			"_id": "Scabbard672981",
			"_tpl": "57e26ea924597715ca604a09",
			"parentId": "5c6687d65e9d882c8841f0fd",
			"slotId": "Scabbard"
		},
		{
			"_id": "Headwear731084",
			"_tpl": "5b43271c5acfc432ff4dce65",
			"parentId": "5c6687d65e9d882c8841f0fd",
			"slotId": "Headwear"
		},
		{
			"_id": "Eyewear325522",
			"_tpl": "5b432be65acfc433000ed01f",
			"parentId": "5c6687d65e9d882c8841f0fd",
			"slotId": "Eyewear"
		},
		{
			"_id": "Backpack894052",
			"_tpl": "56e33680d2720be2748b4576",
			"parentId": "5c6687d65e9d882c8841f0fd",
			"slotId": "Backpack"
		},
		{
			"_id": "BP_Backpack894052_551425",
			"_tpl": "5733279d245977289b77ec24",
			"parentId": "Backpack894052",
			"slotId": "main",
			"location": {
				"x": 0,
				"y": 0,
				"r": "Horizontal"
			}
		},
		{
			"_id": "BP_Backpack894052_508057",
			"_tpl": "5ad7247386f7747487619dc3",
			"parentId": "Backpack894052",
			"slotId": "main",
			"location": {
				"x": 0,
				"y": 2,
				"r": "Horizontal"
			}
		},
		{
			"_id": "BP_Backpack894052_247224",
			"_tpl": "5ad7217186f7746744498875",
			"parentId": "Backpack894052",
			"slotId": "main",
			"location": {
				"x": 1,
				"y": 2,
				"r": "Horizontal"
			}
		}
	],
	"equipment": "5c6687d65e9d882c8841f0fd",
	"stash": "5c6687d65e9d882c8841f0fc",
	"questRaidItems": "5c6687d65e9d882c8841f0fe",
	"questStashItems": "5c6687d65e9d882c8841f0ff",
	"fastPanel": {}
}