{
	"items": [
		{
			"_id": "5dcb1df1cc51617bf52d833c",
			"_tpl": "55d7217a4bdc2d86028b456d"
		},
		{
			"_id": "5dcb1df1cc51617bf52d8341",
			"_tpl": "576165642459773c7a400233",
			"parentId": "5dcb1df1cc51617bf52d833c",
			"slotId": "FirstPrimaryWeapon"
		},
		{
			"_id": "5dcb1df1cc51617bf52d8342",
			"_tpl": "58272b392459774b4c7b3ccd",
			"parentId": "5dcb1df1cc51617bf52d8341",
			"slotId": "mod_handguard"
		},
		{
			"_id": "5dcb1df1cc51617bf52d8343",
			"_tpl": "57d17e212459775a1179a0f5",
			"parentId": "5dcb1df1cc51617bf52d8342",
			"slotId": "mod_tactical_001"
		},
		{
			"_id": "5dcb1df1cc51617bf52d8344",
			"_tpl": "57d17c5e2459775a5c57d17d",
			"parentId": "5dcb1df1cc51617bf52d8343",
			"slotId": "mod_flashlight"
		},
		{
			"_id": "5dcb1df1cc51617bf52d8345",
			"_tpl": "5649ade84bdc2d1b2b8b4587",
			"parentId": "5dcb1df1cc51617bf52d8341",
			"slotId": "mod_pistol_grip"
		},
		{
			"_id": "5dcb1df1cc51617bf52d8346",
			"_tpl": "57616c112459773cce774d66",
			"parentId": "5dcb1df1cc51617bf52d8341",
			"slotId": "mod_reciever"
		},
		{
			"_id": "5dcb1df1cc51617bf52d8347",
			"_tpl": "57a9b9ce2459770ee926038d",
			"parentId": "5dcb1df1cc51617bf52d8341",
			"slotId": "mod_sight_rear"
		},
		{
			"_id": "5dcb1df1cc51617bf52d8348",
			"_tpl": "57616ca52459773c69055192",
			"parentId": "5dcb1df1cc51617bf52d8341",
			"slotId": "mod_stock"
		},
		{
			"_id": "5dcb1df1cc51617bf52d8349",
			"_tpl": "57616a9e2459773c7a400234",
			"parentId": "5dcb1df1cc51617bf52d8341",
			"slotId": "mod_magazine"
		},
		{
			"_id": "5dcb1df1cc51617bf52d834a",
			"_tpl": "5d6e6806a4b936088465b17e",
			"parentId": "5dcb1df1cc51617bf52d8349",
			"slotId": "cartridges",
			"upd": {
				"StackObjectsCount": 5
			}
		},
		{
			"_id": "5dcb1df1cc51617bf52d834b",
			"_tpl": "5d6e6806a4b936088465b17e",
			"parentId": "5dcb1df1cc51617bf52d8341",
			"slotId": "patron_in_weapon",
			"upd": {
				"StackObjectsCount": 1
			}
		},
		{
			"_id": "5dcb1df1cc51617bf52d834c",
			"_tpl": "557ffd194bdc2d28148b457f",
			"parentId": "5dcb1df1cc51617bf52d833c",
			"slotId": "Pockets"
		},
		{
			"_id": "5dcb1df1cc51617bf52d834d",
			"_tpl": "572b7adb24597762ae139821",
			"parentId": "5dcb1df1cc51617bf52d833c",
			"slotId": "TacticalVest"
		},
		{
			"_id": "5dcb1df1cc51617bf52d835c",
			"_tpl": "57616a9e2459773c7a400234",
			"parentId": "5dcb1df1cc51617bf52d834d",
			"slotId": "2",
			"location": {
				"x": 0,
				"y": 0,
				"r": 0
			}
		},
		{
			"_id": "5dcb1df1cc51617bf52d835d",
			"_tpl": "5d6e6806a4b936088465b17e",
			"parentId": "5dcb1df1cc51617bf52d835c",
			"slotId": "cartridges",
			"upd": {
				"StackObjectsCount": 5
			}
		},
		{
			"_id": "5dcb1df1cc51617bf52d834e",
			"_tpl": "5aa2b986e5b5b00014028f4c",
			"parentId": "5dcb1df1cc51617bf52d833c",
			"slotId": "Eyewear"
		},
		{
			"_id": "5dcb1df1cc51617bf52d834f",
			"_tpl": "59e7711e86f7746cae05fbe1",
			"parentId": "5dcb1df1cc51617bf52d833c",
			"slotId": "Headwear",
			"upd": {
				"Repairable": {
					"Durability": 11
				}
			}
		},
		{
			"_id": "5dcb1df1cc51617bf52d8350",
			"_tpl": "5ac4c50d5acfc40019262e87",
			"parentId": "5dcb1df1cc51617bf52d834f",
			"slotId": "mod_equipment",
			"upd": {
				"Repairable": {
					"Durability": 25
				}
			}
		},
		{
			"_id": "5dcb1df1cc51617bf52d8351",
			"_tpl": "57e26fc7245977162a14b800",
			"parentId": "5dcb1df1cc51617bf52d833c",
			"slotId": "Scabbard"
		},
		{
			"_id": "5dcb1df1cc51617bf52d8352",
			"_tpl": "5857a8bc2459772bad15db29",
			"parentId": "5dcb1df1cc51617bf52d833c",
			"slotId": "SecuredContainer"
		},
		{
			"_id": "5dcb1df1cc51617bf52d8353",
			"_tpl": "5d6e6806a4b936088465b17e",
			"parentId": "5dcb1df1cc51617bf52d8352",
			"slotId": "main",
			"location": {
				"x": 0,
				"y": 0,
				"r": 0
			},
			"upd": {
				"StackObjectsCount": 20
			}
		},
		{
			"_id": "5dcb1df1cc51617bf52d8354",
			"_tpl": "5d6e6806a4b936088465b17e",
			"parentId": "5dcb1df1cc51617bf52d8352",
			"slotId": "main",
			"location": {
				"x": 1,
				"y": 0,
				"r": 0
			},
			"upd": {
				"StackObjectsCount": 20
			}
		},
		{
			"_id": "5dcb1df1cc51617bf52d8355",
			"_tpl": "5d6e6806a4b936088465b17e",
			"parentId": "5dcb1df1cc51617bf52d8352",
			"slotId": "main",
			"location": {
				"x": 2,
				"y": 0,
				"r": 0
			},
			"upd": {
				"StackObjectsCount": 20
			}
		},
		{
			"_id": "5dcb1df1cc51617bf52d8356",
			"_tpl": "5d6e6806a4b936088465b17e",
			"parentId": "5dcb1df1cc51617bf52d8352",
			"slotId": "main",
			"location": {
				"x": 0,
				"y": 1,
				"r": 0
			},
			"upd": {
				"StackObjectsCount": 20
			}
		},
		{
			"_id": "5dcb1df1cc51617bf52d8357",
			"_tpl": "5d6e6806a4b936088465b17e",
			"parentId": "5dcb1df1cc51617bf52d8352",
			"slotId": "main",
			"location": {
				"x": 1,
				"y": 1,
				"r": 0
			},
			"upd": {
				"StackObjectsCount": 20
			}
		},
		{
			"_id": "5dcb1df1cc51617bf52d8358",
			"_tpl": "5d6e6806a4b936088465b17e",
			"parentId": "5dcb1df1cc51617bf52d8352",
			"slotId": "main",
			"location": {
				"x": 2,
				"y": 1,
				"r": 0
			},
			"upd": {
				"StackObjectsCount": 20
			}
		},
		{
			"_id": "5dcb1df1cc51617bf52d8359",
			"_tpl": "5d6e6806a4b936088465b17e",
			"parentId": "5dcb1df1cc51617bf52d8352",
			"slotId": "main",
			"location": {
				"x": 0,
				"y": 2,
				"r": 0
			},
			"upd": {
				"StackObjectsCount": 20
			}
		},
		{
			"_id": "5dcb1df1cc51617bf52d835a",
			"_tpl": "5d6e6806a4b936088465b17e",
			"parentId": "5dcb1df1cc51617bf52d8352",
			"slotId": "main",
			"location": {
				"x": 1,
				"y": 2,
				"r": 0
			},
			"upd": {
				"StackObjectsCount": 20
			}
		},
		{
			"_id": "5dcb1df1cc51617bf52d835b",
			"_tpl": "5d6e6806a4b936088465b17e",
			"parentId": "5dcb1df1cc51617bf52d8352",
			"slotId": "main",
			"location": {
				"x": 2,
				"y": 2,
				"r": 0
			},
			"upd": {
				"StackObjectsCount": 20
			}
		},
		{
			"_id": "5dcb1df1cc51617bf52d833f",
			"_tpl": "566abbc34bdc2d92178b4576"
		},
		{
			"_id": "5dcb1df1cc51617bf52d833e",
			"_tpl": "5963866b86f7747bfa1c4462"
		},
		{
			"_id": "5dcb1df1cc51617bf52d833d",
			"_tpl": "5963866286f7747bf429b572"
		}
	],
	"equipment": "5dcb1df1cc51617bf52d833c",
	"stash": "5dcb1df1cc51617bf52d833f",
	"questRaidItems": "5dcb1df1cc51617bf52d833d",
	"questStashItems": "5dcb1df1cc51617bf52d833e",
	"fastPanel": {}
}