{
	"items": [
		{
			"_id": "5dcb1de5d7ed5e035c43975f",
			"_tpl": "55d7217a4bdc2d86028b456d"
		},
		{
			"_id": "5dcb1de5d7ed5e035c43977d",
			"_tpl": "5a38e6bac4a2826c6e06d79b",
			"parentId": "5dcb1de5d7ed5e035c43975f",
			"slotId": "FirstPrimaryWeapon"
		},
		{
			"_id": "5dcb1de5d7ed5e035c43977e",
			"_tpl": "5adf23995acfc400185c2aeb",
			"parentId": "5dcb1de5d7ed5e035c43977d",
			"slotId": "mod_stock"
		},
		{
			"_id": "5dcb1de5d7ed5e035c43977f",
			"_tpl": "5a38ee51c4a282000c5a955c",
			"parentId": "5dcb1de5d7ed5e035c43977d",
			"slotId": "mod_magazine"
		},
		{
			"_id": "5dcb1de5d7ed5e035c439780",
			"_tpl": "5a38ebd9c4a282000d722a5b",
			"parentId": "5dcb1de5d7ed5e035c43977f",
			"slotId": "cartridges",
			"upd": {
				"StackObjectsCount": 2
			}
		},
		{
			"_id": "5dcb1de5d7ed5e035c439781",
			"_tpl": "5a38ebd9c4a282000d722a5b",
			"parentId": "5dcb1de5d7ed5e035c43977d",
			"slotId": "patron_in_weapon",
			"upd": {
				"StackObjectsCount": 1
			}
		},
		{
			"_id": "5dcb1de5d7ed5e035c439782",
			"_tpl": "557ffd194bdc2d28148b457f",
			"parentId": "5dcb1de5d7ed5e035c43975f",
			"slotId": "Pockets"
		},
		{
			"_id": "5dcb1de5d7ed5e035c439783",
			"_tpl": "572b7adb24597762ae139821",
			"parentId": "5dcb1de5d7ed5e035c43975f",
			"slotId": "TacticalVest"
		},
		{
			"_id": "5dcb1de5d7ed5e035c439791",
			"_tpl": "5a38ee51c4a282000c5a955c",
			"parentId": "5dcb1de5d7ed5e035c439783",
			"slotId": "1",
			"location": {
				"x": 0,
				"y": 0,
				"r": 0
			}
		},
		{
			"_id": "5dcb1de5d7ed5e035c439792",
			"_tpl": "5a38ebd9c4a282000d722a5b",
			"parentId": "5dcb1de5d7ed5e035c439791",
			"slotId": "cartridges",
			"upd": {
				"StackObjectsCount": 2
			}
		},
		{
			"_id": "5dcb1de5d7ed5e035c439793",
			"_tpl": "5a38ee51c4a282000c5a955c",
			"parentId": "5dcb1de5d7ed5e035c439783",
			"slotId": "2",
			"location": {
				"x": 0,
				"y": 0,
				"r": 0
			}
		},
		{
			"_id": "5dcb1de5d7ed5e035c439794",
			"_tpl": "5a38ebd9c4a282000d722a5b",
			"parentId": "5dcb1de5d7ed5e035c439793",
			"slotId": "cartridges",
			"upd": {
				"StackObjectsCount": 2
			}
		},
		{
			"_id": "5dcb1de5d7ed5e035c439784",
			"_tpl": "5aa2b89be5b5b0001569311f",
			"parentId": "5dcb1de5d7ed5e035c43975f",
			"slotId": "Headwear"
		},
		{
			"_id": "5dcb1de5d7ed5e035c439785",
			"_tpl": "57e26fc7245977162a14b800",
			"parentId": "5dcb1de5d7ed5e035c43975f",
			"slotId": "Scabbard"
		},
		{
			"_id": "5dcb1de5d7ed5e035c439786",
			"_tpl": "5ab8f04f86f774585f4237d8",
			"parentId": "5dcb1de5d7ed5e035c43975f",
			"slotId": "Backpack"
		},
		{
			"_id": "5dcb1de5d7ed5e035c439797",
			"_tpl": "544fb6cc4bdc2d34748b456e",
			"parentId": "5dcb1de5d7ed5e035c439786",
			"slotId": "main",
			"location": {
				"x": 0,
				"y": 0,
				"r": 0
			},
			"upd": {
				"FoodDrink": {
					"HpPercent": 1
				}
			}
		},
		{
			"_id": "5dcb1de5d7ed5e035c439798",
			"_tpl": "57347d90245977448f7b7f65",
			"parentId": "5dcb1de5d7ed5e035c439786",
			"slotId": "main",
			"location": {
				"x": 1,
				"y": 0,
				"r": 0
			},
			"upd": {
				"FoodDrink": {
					"HpPercent": 20
				}
			}
		},
		{
			"_id": "5dcb1de5d7ed5e035c439799",
			"_tpl": "5448fee04bdc2dbc018b4567",
			"parentId": "5dcb1de5d7ed5e035c439786",
			"slotId": "main",
			"location": {
				"x": 2,
				"y": 0,
				"r": 0
			},
			"upd": {
				"FoodDrink": {
					"HpPercent": 37
				}
			}
		},
		{
			"_id": "5dcb1de5d7ed5e035c43979a",
			"_tpl": "573476d324597737da2adc13",
			"parentId": "5dcb1de5d7ed5e035c439786",
			"slotId": "main",
			"location": {
				"x": 0,
				"y": 1,
				"r": 0
			}
		},
		{
			"_id": "5dcb1de5d7ed5e035c439787",
			"_tpl": "5857a8bc2459772bad15db29",
			"parentId": "5dcb1de5d7ed5e035c43975f",
			"slotId": "SecuredContainer"
		},
		{
			"_id": "5dcb1de5d7ed5e035c439788",
			"_tpl": "5a38ebd9c4a282000d722a5b",
			"parentId": "5dcb1de5d7ed5e035c439787",
			"slotId": "main",
			"location": {
				"x": 0,
				"y": 0,
				"r": 0
			},
			"upd": {
				"StackObjectsCount": 20
			}
		},
		{
			"_id": "5dcb1de5d7ed5e035c439789",
			"_tpl": "5a38ebd9c4a282000d722a5b",
			"parentId": "5dcb1de5d7ed5e035c439787",
			"slotId": "main",
			"location": {
				"x": 1,
				"y": 0,
				"r": 0
			},
			"upd": {
				"StackObjectsCount": 20
			}
		},
		{
			"_id": "5dcb1de5d7ed5e035c43978a",
			"_tpl": "5a38ebd9c4a282000d722a5b",
			"parentId": "5dcb1de5d7ed5e035c439787",
			"slotId": "main",
			"location": {
				"x": 2,
				"y": 0,
				"r": 0
			},
			"upd": {
				"StackObjectsCount": 20
			}
		},
		{
			"_id": "5dcb1de5d7ed5e035c43978b",
			"_tpl": "5a38ebd9c4a282000d722a5b",
			"parentId": "5dcb1de5d7ed5e035c439787",
			"slotId": "main",
			"location": {
				"x": 0,
				"y": 1,
				"r": 0
			},
			"upd": {
				"StackObjectsCount": 20
			}
		},
		{
			"_id": "5dcb1de5d7ed5e035c43978c",
			"_tpl": "5a38ebd9c4a282000d722a5b",
			"parentId": "5dcb1de5d7ed5e035c439787",
			"slotId": "main",
			"location": {
				"x": 1,
				"y": 1,
				"r": 0
			},
			"upd": {
				"StackObjectsCount": 20
			}
		},
		{
			"_id": "5dcb1de5d7ed5e035c43978d",
			"_tpl": "5a38ebd9c4a282000d722a5b",
			"parentId": "5dcb1de5d7ed5e035c439787",
			"slotId": "main",
			"location": {
				"x": 2,
				"y": 1,
				"r": 0
			},
			"upd": {
				"StackObjectsCount": 20
			}
		},
		{
			"_id": "5dcb1de5d7ed5e035c43978e",
			"_tpl": "5a38ebd9c4a282000d722a5b",
			"parentId": "5dcb1de5d7ed5e035c439787",
			"slotId": "main",
			"location": {
				"x": 0,
				"y": 2,
				"r": 0
			},
			"upd": {
				"StackObjectsCount": 20
			}
		},
		{
			"_id": "5dcb1de5d7ed5e035c43978f",
			"_tpl": "5a38ebd9c4a282000d722a5b",
			"parentId": "5dcb1de5d7ed5e035c439787",
			"slotId": "main",
			"location": {
				"x": 1,
				"y": 2,
				"r": 0
			},
			"upd": {
				"StackObjectsCount": 20
			}
		},
		{
			"_id": "5dcb1de5d7ed5e035c439790",
			"_tpl": "5a38ebd9c4a282000d722a5b",
			"parentId": "5dcb1de5d7ed5e035c439787",
			"slotId": "main",
			"location": {
				"x": 2,
				"y": 2,
				"r": 0
			},
			"upd": {
				"StackObjectsCount": 20
			}
		},
		{
			"_id": "5dcb1de5d7ed5e035c43975e",
			"_tpl": "566abbc34bdc2d92178b4576"
		},
		{
			"_id": "5dcb1de5d7ed5e035c439761",
			"_tpl": "5963866b86f7747bfa1c4462"
		},
		{
			"_id": "5dcb1de5d7ed5e035c439760",
			"_tpl": "5963866286f7747bf429b572"
		}
	],
	"equipment": "5dcb1de5d7ed5e035c43975f",
	"stash": "5dcb1de5d7ed5e035c43975e",
	"questRaidItems": "5dcb1de5d7ed5e035c439760",
	"questStashItems": "5dcb1de5d7ed5e035c439761",
	"fastPanel": {}
}