{
	"items": [
		{
			"_id": "5c6687d65e9d882c8841f0fd",
			"_tpl": "55d7217a4bdc2d86028b456d"
		},
		{
			"_id": "5c6687d65e9d882c8841f121",
			"_tpl": "557ffd194bdc2d28148b457f",
			"parentId": "5c6687d65e9d882c8841f0fd",
			"slotId": "Pockets"
		},
		{
			"_id": "5c6687d65e9d882c8841f0fc",
			"_tpl": "566abbc34bdc2d92178b4576"
		},
		{
			"_id": "5c6687d65e9d882c8841f0ff",
			"_tpl": "5963866b86f7747bfa1c4462"
		},
		{
			"_id": "5c6687d65e9d882c8841f0fe",
			"_tpl": "5963866286f7747bf429b572"
		},
		{
			"_id": "TacticalVest675047",
			"_tpl": "5648a69d4bdc2ded0b8b457b",
			"parentId": "5c6687d65e9d882c8841f0fd",
			"slotId": "TacticalVest"
		},
		{
			"_id": "I210058396558691246GSAjr",
			"_tpl": "576165642459773c7a400233",
			"parentId": "5c6687d65e9d882c8841f0fd",
			"slotId": "FirstPrimaryWeapon"
		},
		{
			"_id": "I210058392515672390PWgr2",
			"_tpl": "576169e62459773c69055191",
			"parentId": "I210058396558691246GSAjr",
			"slotId": "mod_handguard"
		},
		{
			"_id": "I210058399160114247rLhAM",
			"_tpl": "576167ab2459773cad038c43",
			"parentId": "I210058396558691246GSAjr",
			"slotId": "mod_muzzle"
		},
		{
			"_id": "I210058395873047777k8SnR",
			"_tpl": "5649ade84bdc2d1b2b8b4587",
			"parentId": "I210058396558691246GSAjr",
			"slotId": "mod_pistol_grip"
		},
		{
			"_id": "I210058396752323684fpGLA",
			"_tpl": "57616c112459773cce774d66",
			"parentId": "I210058396558691246GSAjr",
			"slotId": "mod_reciever"
		},
		{
			"_id": "I2100583921791688796wZ4W",
			"_tpl": "57a9b9ce2459770ee926038d",
			"parentId": "I210058396558691246GSAjr",
			"slotId": "mod_sight_rear",
			"upd": {
				"Sight": {
					"SelectedSightMode": 0
				}
			}
		},
		{
			"_id": "mag0Vest183082",
			"_tpl": "57616a9e2459773c7a400234",
			"parentId": "TacticalVest675047",
			"slotId": "1",
			"location": {
				"x": 0,
				"y": 0,
				"r": "Horizontal"
			}
		},
		{
			"_id": "AmmoMag0Vest504012",
			"_tpl": "5c0d591486f7744c505b416f",
			"parentId": "mag0Vest183082",
			"slotId": "cartridges",
			"upd": {
				"StackObjectsCount": 5
			}
		},
		{
			"_id": "mag1Vest415668",
			"_tpl": "57616a9e2459773c7a400234",
			"parentId": "TacticalVest675047",
			"slotId": "3",
			"location": {
				"x": 0,
				"y": 0,
				"r": "Horizontal"
			}
		},
		{
			"_id": "AmmoMag1Vest644244",
			"_tpl": "5d6e68c4a4b9361b93413f79",
			"parentId": "mag1Vest415668",
			"slotId": "cartridges",
			"upd": {
				"StackObjectsCount": 5
			}
		},
		{
			"_id": "mag2Vest97793",
			"_tpl": "57616a9e2459773c7a400234",
			"parentId": "TacticalVest675047",
			"slotId": "10",
			"location": {
				"x": 0,
				"y": 0,
				"r": "Horizontal"
			}
		},
		{
			"_id": "AmmoMag2Vest276889",
			"_tpl": "5d6e6869a4b9361c140bcfde",
			"parentId": "mag2Vest97793",
			"slotId": "cartridges",
			"upd": {
				"StackObjectsCount": 5
			}
		},
		{
			"_id": "StackAmmo88289236598",
			"_tpl": "5d6e68d1a4b93622fe60e845",
			"parentId": "TacticalVest675047",
			"slotId": "8",
			"upd": {
				"StackObjectsCount": 5
			}
		},
		{
			"_id": "Scabbard8926",
			"_tpl": "5bffdc370db834001d23eca8",
			"parentId": "5c6687d65e9d882c8841f0fd",
			"slotId": "Scabbard"
		},
		{
			"_id": "Headwear380299",
			"_tpl": "5aa2b8d7e5b5b00014028f4a",
			"parentId": "5c6687d65e9d882c8841f0fd",
			"slotId": "Headwear"
		},
		{
			"_id": "Eyewear752028",
			"_tpl": "5aa2b986e5b5b00014028f4c",
			"parentId": "5c6687d65e9d882c8841f0fd",
			"slotId": "Eyewear"
		},
		{
			"_id": "FaceCover823737",
			"_tpl": "59e7715586f7742ee5789605",
			"parentId": "5c6687d65e9d882c8841f0fd",
			"slotId": "FaceCover"
		},
		{
			"_id": "Pocket_423673",
			"_tpl": "5734795124597738002c6176",
			"parentId": "5c6687d65e9d882c8841f121",
			"slotId": "pocket1",
			"location": {
				"x": 0,
				"y": 0,
				"r": "Horizontal"
			},
			"upd": {
				"SpawnedInSession": true
			}
		}
	],
	"equipment": "5c6687d65e9d882c8841f0fd",
	"stash": "5c6687d65e9d882c8841f0fc",
	"questRaidItems": "5c6687d65e9d882c8841f0fe",
	"questStashItems": "5c6687d65e9d882c8841f0ff",
	"fastPanel": {}
}