{
	"items": [
		{
			"_id": "5dcb1dc4fb81105cd85bf0ad",
			"_tpl": "55d7217a4bdc2d86028b456d"
		},
		{
			"_id": "5dcb1dc4fb81105cd85bf0cd",
			"_tpl": "5bf3e0490db83400196199af",
			"parentId": "5dcb1dc4fb81105cd85bf0ad",
			"slotId": "FirstPrimaryWeapon",
			"upd": {
				"Foldable": {
					"Folded": false
				},
				"FireMode": {
					"FireMode": "single"
				}
			}
		},
		{
			"_id": "5dcb1dc4fb81105cd85bf0ce",
			"_tpl": "59c6633186f7740cf0493bb9",
			"parentId": "5dcb1dc4fb81105cd85bf0cd",
			"slotId": "mod_gas_block"
		},
		{
			"_id": "5dcb1dc4fb81105cd85bf0cf",
			"_tpl": "5648b0744bdc2d363b8b4578",
			"parentId": "5dcb1dc4fb81105cd85bf0ce",
			"slotId": "mod_handguard"
		},
		{
			"_id": "5dcb1dc4fb81105cd85bf0d0",
			"_tpl": "5649aa744bdc2ded0b8b457e",
			"parentId": "5dcb1dc4fb81105cd85bf0cd",
			"slotId": "mod_muzzle"
		},
		{
			"_id": "5dcb1dc4fb81105cd85bf0d1",
			"_tpl": "57e3dba62459770f0c32322b",
			"parentId": "5dcb1dc4fb81105cd85bf0cd",
			"slotId": "mod_pistol_grip"
		},
		{
			"_id": "5dcb1dc4fb81105cd85bf0d2",
			"_tpl": "5649af094bdc2df8348b4586",
			"parentId": "5dcb1dc4fb81105cd85bf0cd",
			"slotId": "mod_reciever"
		},
		{
			"_id": "5dcb1dc4fb81105cd85bf0d3",
			"_tpl": "5649b0544bdc2d1b2b8b458a",
			"parentId": "5dcb1dc4fb81105cd85bf0cd",
			"slotId": "mod_sight_rear"
		},
		{
			"_id": "5dcb1dc4fb81105cd85bf0d4",
			"_tpl": "5ab626e4d8ce87272e4c6e43",
			"parentId": "5dcb1dc4fb81105cd85bf0cd",
			"slotId": "mod_stock"
		},
		{
			"_id": "5dcb1dc4fb81105cd85bf0d6",
			"_tpl": "55d480c04bdc2d1d4e8b456a",
			"parentId": "5dcb1dc4fb81105cd85bf0cd",
			"slotId": "mod_magazine"
		},
		{
			"_id": "5dcb1dc4fb81105cd85bf0d7",
			"_tpl": "56dff3afd2720bba668b4567",
			"parentId": "5dcb1dc4fb81105cd85bf0d6",
			"slotId": "cartridges",
			"upd": {
				"StackObjectsCount": 30
			}
		},
		{
			"_id": "5dcb1dc4fb81105cd85bf0d8",
			"_tpl": "557ffd194bdc2d28148b457f",
			"parentId": "5dcb1dc4fb81105cd85bf0ad",
			"slotId": "Pockets"
		},
		{
			"_id": "5dcb1dc4fb81105cd85bf0ef",
			"_tpl": "5449016a4bdc2d6f028b456f",
			"parentId": "5dcb1dc4fb81105cd85bf0d8",
			"slotId": "pocket1",
			"location": {
				"x": 0,
				"y": 0,
				"r": 0
			},
			"upd": {
				"StackObjectsCount": 10000
			}
		},
		{
			"_id": "5dcb1dc4fb81105cd85bf0d9",
			"_tpl": "572b7adb24597762ae139821",
			"parentId": "5dcb1dc4fb81105cd85bf0ad",
			"slotId": "TacticalVest"
		},
		{
			"_id": "5dcb1dc4fb81105cd85bf0e7",
			"_tpl": "55d480c04bdc2d1d4e8b456a",
			"parentId": "5dcb1dc4fb81105cd85bf0d9",
			"slotId": "2",
			"location": {
				"x": 0,
				"y": 0,
				"r": 0
			}
		},
		{
			"_id": "5dcb1dc4fb81105cd85bf0e8",
			"_tpl": "56dff3afd2720bba668b4567",
			"parentId": "5dcb1dc4fb81105cd85bf0e7",
			"slotId": "cartridges",
			"upd": {
				"StackObjectsCount": 30
			}
		},
		{
			"_id": "5dcb1dc4fb81105cd85bf0da",
			"_tpl": "572b7f1624597762ae139822",
			"parentId": "5dcb1dc4fb81105cd85bf0ad",
			"slotId": "FaceCover"
		},
		{
			"_id": "5dcb1dc4fb81105cd85bf0db",
			"_tpl": "5c06c6a80db834001b735491",
			"parentId": "5dcb1dc4fb81105cd85bf0ad",
			"slotId": "Headwear",
			"upd": {
				"Repairable": {
					"Durability": 18
				}
			}
		},
		{
			"_id": "5dcb1dc4fb81105cd85bf0dc",
			"_tpl": "57e26fc7245977162a14b800",
			"parentId": "5dcb1dc4fb81105cd85bf0ad",
			"slotId": "Scabbard"
		},
		{
			"_id": "5dcb1dc4fb81105cd85bf0dd",
			"_tpl": "5857a8bc2459772bad15db29",
			"parentId": "5dcb1dc4fb81105cd85bf0ad",
			"slotId": "SecuredContainer"
		},
		{
			"_id": "5dcb1dc4fb81105cd85bf0de",
			"_tpl": "56dff3afd2720bba668b4567",
			"parentId": "5dcb1dc4fb81105cd85bf0dd",
			"slotId": "main",
			"location": {
				"x": 0,
				"y": 0,
				"r": 0
			},
			"upd": {
				"StackObjectsCount": 60
			}
		},
		{
			"_id": "5dcb1dc4fb81105cd85bf0df",
			"_tpl": "56dff3afd2720bba668b4567",
			"parentId": "5dcb1dc4fb81105cd85bf0dd",
			"slotId": "main",
			"location": {
				"x": 1,
				"y": 0,
				"r": 0
			},
			"upd": {
				"StackObjectsCount": 60
			}
		},
		{
			"_id": "5dcb1dc4fb81105cd85bf0e0",
			"_tpl": "56dff3afd2720bba668b4567",
			"parentId": "5dcb1dc4fb81105cd85bf0dd",
			"slotId": "main",
			"location": {
				"x": 2,
				"y": 0,
				"r": 0
			},
			"upd": {
				"StackObjectsCount": 60
			}
		},
		{
			"_id": "5dcb1dc4fb81105cd85bf0e1",
			"_tpl": "56dff3afd2720bba668b4567",
			"parentId": "5dcb1dc4fb81105cd85bf0dd",
			"slotId": "main",
			"location": {
				"x": 0,
				"y": 1,
				"r": 0
			},
			"upd": {
				"StackObjectsCount": 60
			}
		},
		{
			"_id": "5dcb1dc4fb81105cd85bf0e2",
			"_tpl": "56dff3afd2720bba668b4567",
			"parentId": "5dcb1dc4fb81105cd85bf0dd",
			"slotId": "main",
			"location": {
				"x": 1,
				"y": 1,
				"r": 0
			},
			"upd": {
				"StackObjectsCount": 60
			}
		},
		{
			"_id": "5dcb1dc4fb81105cd85bf0e3",
			"_tpl": "56dff3afd2720bba668b4567",
			"parentId": "5dcb1dc4fb81105cd85bf0dd",
			"slotId": "main",
			"location": {
				"x": 2,
				"y": 1,
				"r": 0
			},
			"upd": {
				"StackObjectsCount": 60
			}
		},
		{
			"_id": "5dcb1dc4fb81105cd85bf0e4",
			"_tpl": "56dff3afd2720bba668b4567",
			"parentId": "5dcb1dc4fb81105cd85bf0dd",
			"slotId": "main",
			"location": {
				"x": 0,
				"y": 2,
				"r": 0
			},
			"upd": {
				"StackObjectsCount": 60
			}
		},
		{
			"_id": "5dcb1dc4fb81105cd85bf0e5",
			"_tpl": "56dff3afd2720bba668b4567",
			"parentId": "5dcb1dc4fb81105cd85bf0dd",
			"slotId": "main",
			"location": {
				"x": 1,
				"y": 2,
				"r": 0
			},
			"upd": {
				"StackObjectsCount": 60
			}
		},
		{
			"_id": "5dcb1dc4fb81105cd85bf0e6",
			"_tpl": "56dff3afd2720bba668b4567",
			"parentId": "5dcb1dc4fb81105cd85bf0dd",
			"slotId": "main",
			"location": {
				"x": 2,
				"y": 2,
				"r": 0
			},
			"upd": {
				"StackObjectsCount": 60
			}
		},
		{
			"_id": "5dcb1dc4fb81105cd85bf0ac",
			"_tpl": "566abbc34bdc2d92178b4576"
		},
		{
			"_id": "5dcb1dc4fb81105cd85bf0af",
			"_tpl": "5963866b86f7747bfa1c4462"
		},
		{
			"_id": "5dcb1dc4fb81105cd85bf0ae",
			"_tpl": "5963866286f7747bf429b572"
		}
	],
	"equipment": "5dcb1dc4fb81105cd85bf0ad",
	"stash": "5dcb1dc4fb81105cd85bf0ac",
	"questRaidItems": "5dcb1dc4fb81105cd85bf0ae",
	"questStashItems": "5dcb1dc4fb81105cd85bf0af",
	"fastPanel": {}
}