{
	"items": [
		{
			"_id": "5dcb1dc4fb81105cd85bdb11",
			"_tpl": "55d7217a4bdc2d86028b456d"
		},
		{
			"_id": "5dcb1dc4fb81105cd85bdb32",
			"_tpl": "5448bd6b4bdc2dfc2f8b4569",
			"parentId": "5dcb1dc4fb81105cd85bdb11",
			"slotId": "Holster"
		},
		{
			"_id": "5dcb1dc4fb81105cd85bdb33",
			"_tpl": "5448c12b4bdc2d02308b456f",
			"parentId": "5dcb1dc4fb81105cd85bdb32",
			"slotId": "mod_magazine"
		},
		{
			"_id": "5dcb1dc4fb81105cd85bdb34",
			"_tpl": "573719762459775a626ccbc1",
			"parentId": "5dcb1dc4fb81105cd85bdb33",
			"slotId": "cartridges",
			"upd": {
				"StackObjectsCount": 8
			}
		},
		{
			"_id": "5dcb1dc4fb81105cd85bdb35",
			"_tpl": "573719762459775a626ccbc1",
			"parentId": "5dcb1dc4fb81105cd85bdb32",
			"slotId": "patron_in_weapon",
			"upd": {
				"StackObjectsCount": 1
			}
		},
		{
			"_id": "5dcb1dc4fb81105cd85bdb36",
			"_tpl": "557ffd194bdc2d28148b457f",
			"parentId": "5dcb1dc4fb81105cd85bdb11",
			"slotId": "Pockets"
		},
		{
			"_id": "5dcb1dc4fb81105cd85bdb37",
			"_tpl": "572b7adb24597762ae139821",
			"parentId": "5dcb1dc4fb81105cd85bdb11",
			"slotId": "TacticalVest"
		},
		{
			"_id": "5dcb1dc4fb81105cd85bdb46",
			"_tpl": "5448c12b4bdc2d02308b456f",
			"parentId": "5dcb1dc4fb81105cd85bdb37",
			"slotId": "1",
			"location": {
				"x": 0,
				"y": 0,
				"r": 0
			}
		},
		{
			"_id": "5dcb1dc4fb81105cd85bdb47",
			"_tpl": "573719762459775a626ccbc1",
			"parentId": "5dcb1dc4fb81105cd85bdb46",
			"slotId": "cartridges",
			"upd": {
				"StackObjectsCount": 8
			}
		},
		{
			"_id": "5dcb1dc4fb81105cd85bdb48",
			"_tpl": "5448c12b4bdc2d02308b456f",
			"parentId": "5dcb1dc4fb81105cd85bdb37",
			"slotId": "2",
			"location": {
				"x": 0,
				"y": 0,
				"r": 0
			}
		},
		{
			"_id": "5dcb1dc4fb81105cd85bdb49",
			"_tpl": "573719762459775a626ccbc1",
			"parentId": "5dcb1dc4fb81105cd85bdb48",
			"slotId": "cartridges",
			"upd": {
				"StackObjectsCount": 8
			}
		},
		{
			"_id": "5dcb1dc4fb81105cd85bdb4a",
			"_tpl": "5448c12b4bdc2d02308b456f",
			"parentId": "5dcb1dc4fb81105cd85bdb37",
			"slotId": "2",
			"location": {
				"x": 0,
				"y": 1,
				"r": 0
			}
		},
		{
			"_id": "5dcb1dc4fb81105cd85bdb4b",
			"_tpl": "573719762459775a626ccbc1",
			"parentId": "5dcb1dc4fb81105cd85bdb4a",
			"slotId": "cartridges",
			"upd": {
				"StackObjectsCount": 8
			}
		},
		{
			"_id": "5dcb1dc4fb81105cd85bdb38",
			"_tpl": "59e7715586f7742ee5789605",
			"parentId": "5dcb1dc4fb81105cd85bdb11",
			"slotId": "FaceCover"
		},
		{
			"_id": "5dcb1dc4fb81105cd85bdb39",
			"_tpl": "59e7708286f7742cbd762753",
			"parentId": "5dcb1dc4fb81105cd85bdb11",
			"slotId": "Headwear",
			"upd": {
				"Repairable": {
					"Durability": 1
				}
			}
		},
		{
			"_id": "5dcb1dc4fb81105cd85bdb3a",
			"_tpl": "57e26fc7245977162a14b800",
			"parentId": "5dcb1dc4fb81105cd85bdb11",
			"slotId": "Scabbard"
		},
		{
			"_id": "5dcb1dc4fb81105cd85bdb3b",
			"_tpl": "5ab8ee7786f7742d8f33f0b9",
			"parentId": "5dcb1dc4fb81105cd85bdb11",
			"slotId": "Backpack"
		},
		{
			"_id": "5dcb1dc4fb81105cd85bdb4f",
			"_tpl": "575146b724597720a27126d5",
			"parentId": "5dcb1dc4fb81105cd85bdb3b",
			"slotId": "main",
			"location": {
				"x": 0,
				"y": 0,
				"r": 0
			},
			"upd": {
				"FoodDrink": {
					"HpPercent": 1
				}
			}
		},
		{
			"_id": "5dcb1dc4fb81105cd85bdb50",
			"_tpl": "5448fee04bdc2dbc018b4567",
			"parentId": "5dcb1dc4fb81105cd85bdb3b",
			"slotId": "main",
			"location": {
				"x": 1,
				"y": 0,
				"r": 0
			},
			"upd": {
				"FoodDrink": {
					"HpPercent": 48
				}
			}
		},
		{
			"_id": "5dcb1dc4fb81105cd85bdb3c",
			"_tpl": "5857a8bc2459772bad15db29",
			"parentId": "5dcb1dc4fb81105cd85bdb11",
			"slotId": "SecuredContainer"
		},
		{
			"_id": "5dcb1dc4fb81105cd85bdb3d",
			"_tpl": "573719762459775a626ccbc1",
			"parentId": "5dcb1dc4fb81105cd85bdb3c",
			"slotId": "main",
			"location": {
				"x": 0,
				"y": 0,
				"r": 0
			},
			"upd": {
				"StackObjectsCount": 50
			}
		},
		{
			"_id": "5dcb1dc4fb81105cd85bdb3e",
			"_tpl": "573719762459775a626ccbc1",
			"parentId": "5dcb1dc4fb81105cd85bdb3c",
			"slotId": "main",
			"location": {
				"x": 1,
				"y": 0,
				"r": 0
			},
			"upd": {
				"StackObjectsCount": 50
			}
		},
		{
			"_id": "5dcb1dc4fb81105cd85bdb3f",
			"_tpl": "573719762459775a626ccbc1",
			"parentId": "5dcb1dc4fb81105cd85bdb3c",
			"slotId": "main",
			"location": {
				"x": 2,
				"y": 0,
				"r": 0
			},
			"upd": {
				"StackObjectsCount": 50
			}
		},
		{
			"_id": "5dcb1dc4fb81105cd85bdb40",
			"_tpl": "573719762459775a626ccbc1",
			"parentId": "5dcb1dc4fb81105cd85bdb3c",
			"slotId": "main",
			"location": {
				"x": 0,
				"y": 1,
				"r": 0
			},
			"upd": {
				"StackObjectsCount": 50
			}
		},
		{
			"_id": "5dcb1dc4fb81105cd85bdb41",
			"_tpl": "573719762459775a626ccbc1",
			"parentId": "5dcb1dc4fb81105cd85bdb3c",
			"slotId": "main",
			"location": {
				"x": 1,
				"y": 1,
				"r": 0
			},
			"upd": {
				"StackObjectsCount": 50
			}
		},
		{
			"_id": "5dcb1dc4fb81105cd85bdb42",
			"_tpl": "573719762459775a626ccbc1",
			"parentId": "5dcb1dc4fb81105cd85bdb3c",
			"slotId": "main",
			"location": {
				"x": 2,
				"y": 1,
				"r": 0
			},
			"upd": {
				"StackObjectsCount": 50
			}
		},
		{
			"_id": "5dcb1dc4fb81105cd85bdb43",
			"_tpl": "573719762459775a626ccbc1",
			"parentId": "5dcb1dc4fb81105cd85bdb3c",
			"slotId": "main",
			"location": {
				"x": 0,
				"y": 2,
				"r": 0
			},
			"upd": {
				"StackObjectsCount": 50
			}
		},
		{
			"_id": "5dcb1dc4fb81105cd85bdb44",
			"_tpl": "573719762459775a626ccbc1",
			"parentId": "5dcb1dc4fb81105cd85bdb3c",
			"slotId": "main",
			"location": {
				"x": 1,
				"y": 2,
				"r": 0
			},
			"upd": {
				"StackObjectsCount": 50
			}
		},
		{
			"_id": "5dcb1dc4fb81105cd85bdb45",
			"_tpl": "573719762459775a626ccbc1",
			"parentId": "5dcb1dc4fb81105cd85bdb3c",
			"slotId": "main",
			"location": {
				"x": 2,
				"y": 2,
				"r": 0
			},
			"upd": {
				"StackObjectsCount": 50
			}
		},
		{
			"_id": "5dcb1dc4fb81105cd85bdb10",
			"_tpl": "566abbc34bdc2d92178b4576"
		},
		{
			"_id": "5dcb1dc4fb81105cd85bdb13",
			"_tpl": "5963866b86f7747bfa1c4462"
		},
		{
			"_id": "5dcb1dc4fb81105cd85bdb12",
			"_tpl": "5963866286f7747bf429b572"
		}
	],
	"equipment": "5dcb1dc4fb81105cd85bdb11",
	"stash": "5dcb1dc4fb81105cd85bdb10",
	"questRaidItems": "5dcb1dc4fb81105cd85bdb12",
	"questStashItems": "5dcb1dc4fb81105cd85bdb13",
	"fastPanel": {}
}