{
	"items": [
		{
			"_id": "5c6687d65e9d882c8841f0fd",
			"_tpl": "55d7217a4bdc2d86028b456d"
		},
		{
			"_id": "5c6687d65e9d882c8841f121",
			"_tpl": "557ffd194bdc2d28148b457f",
			"parentId": "5c6687d65e9d882c8841f0fd",
			"slotId": "Pockets"
		},
		{
			"_id": "5c6687d65e9d882c8841f0fc",
			"_tpl": "566abbc34bdc2d92178b4576"
		},
		{
			"_id": "5c6687d65e9d882c8841f0ff",
			"_tpl": "5963866b86f7747bfa1c4462"
		},
		{
			"_id": "5c6687d65e9d882c8841f0fe",
			"_tpl": "5963866286f7747bf429b572"
		},
		{
			"_id": "TacticalVest200663",
			"_tpl": "5929a2a086f7744f4b234d43",
			"parentId": "5c6687d65e9d882c8841f0fd",
			"slotId": "TacticalVest"
		},
		{
			"_id": "I210044382269719256k3mS5",
			"_tpl": "57dc2fa62459775949412633",
			"parentId": "5c6687d65e9d882c8841f0fd",
			"slotId": "FirstPrimaryWeapon"
		},
		{
			"_id": "I210044388563146472nGeH0",
			"_tpl": "57e3dba62459770f0c32322b",
			"parentId": "I210044382269719256k3mS5",
			"slotId": "mod_pistol_grip"
		},
		{
			"_id": "I210044382104864022cuuYn",
			"_tpl": "5ac72e945acfc43f3b691116",
			"parentId": "I210044382269719256k3mS5",
			"slotId": "mod_muzzle"
		},
		{
			"_id": "I2100443846078657941JWLf",
			"_tpl": "57dc334d245977597164366f",
			"parentId": "I210044382269719256k3mS5",
			"slotId": "mod_reciever"
		},
		{
			"_id": "I210044382954174362wkUwX",
			"_tpl": "59d36a0086f7747e673f3946",
			"parentId": "I210044382269719256k3mS5",
			"slotId": "mod_gas_block"
		},
		{
			"_id": "I210044383372110160nIfsN",
			"_tpl": "57dc32dc245977596d4ef3d3",
			"parentId": "I210044382954174362wkUwX",
			"slotId": "mod_handguard"
		},
		{
			"_id": "mag0Vest801156",
			"_tpl": "55d4837c4bdc2d1d4e8b456c",
			"parentId": "TacticalVest200663",
			"slotId": "3",
			"location": {
				"x": 0,
				"y": 1,
				"r": "Horizontal"
			}
		},
		{
			"_id": "AmmoMag0Vest492559",
			"_tpl": "56dff3afd2720bba668b4567",
			"parentId": "mag0Vest801156",
			"slotId": "cartridges",
			"upd": {
				"StackObjectsCount": 10
			}
		},
		{
			"_id": "mag1Vest12156",
			"_tpl": "55d4837c4bdc2d1d4e8b456c",
			"parentId": "TacticalVest200663",
			"slotId": "5",
			"location": {
				"x": 0,
				"y": 0,
				"r": "Horizontal"
			}
		},
		{
			"_id": "AmmoMag1Vest976785",
			"_tpl": "56dff2ced2720bb4668b4567",
			"parentId": "mag1Vest12156",
			"slotId": "cartridges",
			"upd": {
				"StackObjectsCount": 10
			}
		},
		{
			"_id": "StackAmmo67597098108",
			"_tpl": "56dff026d2720bb8668b4567",
			"parentId": "TacticalVest200663",
			"slotId": "8",
			"upd": {
				"StackObjectsCount": 55
			}
		},
		{
			"_id": "Scabbard865584",
			"_tpl": "57e26fc7245977162a14b800",
			"parentId": "5c6687d65e9d882c8841f0fd",
			"slotId": "Scabbard"
		},
		{
			"_id": "Headwear256558",
			"_tpl": "5e00c1ad86f774747333222c",
			"parentId": "5c6687d65e9d882c8841f0fd",
			"slotId": "Headwear"
		},
		{
			"_id": "Headwear_cover_3485",
			"_tpl": "5e00cfa786f77469dc6e5685",
			"parentId": "Headwear256558",
			"slotId": "mod_equipment_000",
			"upd": {
				"Togglable": {
					"On": true
				}
			}
		},
		{
			"_id": "Eyewear33499",
			"_tpl": "5aa2b986e5b5b00014028f4c",
			"parentId": "5c6687d65e9d882c8841f0fd",
			"slotId": "Eyewear"
		},
		{
			"_id": "Backpack481486",
			"_tpl": "5ab8f04f86f774585f4237d8",
			"parentId": "5c6687d65e9d882c8841f0fd",
			"slotId": "Backpack"
		},
		{
			"_id": "ArmorVest192686",
			"_tpl": "5c0e5edb86f77461f55ed1f7",
			"parentId": "5c6687d65e9d882c8841f0fd",
			"slotId": "ArmorVest",
			"upd": {
				"Repairable": {
					"MaxDurability": 50,
					"Durability": 31
				}
			}
		},
		{
			"_id": "Pocket_140754",
			"_tpl": "5af04b6486f774195a3ebb49",
			"parentId": "5c6687d65e9d882c8841f121",
			"slotId": "pocket1",
			"location": {
				"x": 0,
				"y": 0,
				"r": "Horizontal"
			},
			"upd": {
				"SpawnedInSession": true
			}
		}
	],
	"equipment": "5c6687d65e9d882c8841f0fd",
	"stash": "5c6687d65e9d882c8841f0fc",
	"questRaidItems": "5c6687d65e9d882c8841f0fe",
	"questStashItems": "5c6687d65e9d882c8841f0ff",
	"fastPanel": {}
}