{
	"items": [
		{
			"_id": "5dcb1df1cc51617bf52d84c4",
			"_tpl": "55d7217a4bdc2d86028b456d"
		},
		{
			"_id": "5dcb1df1cc51617bf52d84e4",
			"_tpl": "5c501a4d2e221602b412b540",
			"parentId": "5dcb1df1cc51617bf52d84c4",
			"slotId": "FirstPrimaryWeapon",
			"upd": {
				"FireMode": {
					"FireMode": "single"
				}
			}
		},
		{
			"_id": "5dcb1df1cc51617bf52d84e5",
			"_tpl": "5c5039be2e221602b177c9ff",
			"parentId": "5dcb1df1cc51617bf52d84e4",
			"slotId": "mod_gas_block"
		},
		{
			"_id": "5dcb1df1cc51617bf52d84e6",
			"_tpl": "5c503d0a2e221602b542b7ef",
			"parentId": "5dcb1df1cc51617bf52d84e4",
			"slotId": "mod_reciever"
		},
		{
			"_id": "5dcb1df1cc51617bf52d84e7",
			"_tpl": "5c503b1c2e221602b21d6e9d",
			"parentId": "5dcb1df1cc51617bf52d84e4",
			"slotId": "mod_sight_rear"
		},
		{
			"_id": "5dcb1df1cc51617bf52d84e8",
			"_tpl": "5c503af12e221602b177ca02",
			"parentId": "5dcb1df1cc51617bf52d84e4",
			"slotId": "mod_stock"
		},
		{
			"_id": "5dcb1df1cc51617bf52d84ea",
			"_tpl": "5c503ac82e221602b21d6e9a",
			"parentId": "5dcb1df1cc51617bf52d84e4",
			"slotId": "mod_magazine"
		},
		{
			"_id": "5dcb1df1cc51617bf52d84eb",
			"_tpl": "5a6086ea4f39f99cd479502f",
			"parentId": "5dcb1df1cc51617bf52d84ea",
			"slotId": "cartridges",
			"upd": {
				"StackObjectsCount": 5
			}
		},
		{
			"_id": "5dcb1df1cc51617bf52d84ec",
			"_tpl": "557ffd194bdc2d28148b457f",
			"parentId": "5dcb1df1cc51617bf52d84c4",
			"slotId": "Pockets"
		},
		{
			"_id": "5dcb1df1cc51617bf52d84ed",
			"_tpl": "5929a2a086f7744f4b234d43",
			"parentId": "5dcb1df1cc51617bf52d84c4",
			"slotId": "TacticalVest"
		},
		{
			"_id": "5dcb1df1cc51617bf52d84fb",
			"_tpl": "5c503ac82e221602b21d6e9a",
			"parentId": "5dcb1df1cc51617bf52d84ed",
			"slotId": "1",
			"location": {
				"x": 0,
				"y": 0,
				"r": 0
			}
		},
		{
			"_id": "5dcb1df1cc51617bf52d84fc",
			"_tpl": "5a6086ea4f39f99cd479502f",
			"parentId": "5dcb1df1cc51617bf52d84fb",
			"slotId": "cartridges",
			"upd": {
				"StackObjectsCount": 5
			}
		},
		{
			"_id": "5dcb1df1cc51617bf52d84ee",
			"_tpl": "5a7c4850e899ef00150be885",
			"parentId": "5dcb1df1cc51617bf52d84c4",
			"slotId": "Headwear",
			"upd": {
				"Repairable": {
					"Durability": 6
				}
			}
		},
		{
			"_id": "5dcb1df1cc51617bf52d84ef",
			"_tpl": "57e26fc7245977162a14b800",
			"parentId": "5dcb1df1cc51617bf52d84c4",
			"slotId": "Scabbard"
		},
		{
			"_id": "5dcb1df1cc51617bf52d84f0",
			"_tpl": "56e335e4d2720b6c058b456d",
			"parentId": "5dcb1df1cc51617bf52d84c4",
			"slotId": "Backpack"
		},
		{
			"_id": "5dcb1df1cc51617bf52d84ff",
			"_tpl": "593aa4be86f77457f56379f8",
			"parentId": "5dcb1df1cc51617bf52d84f0",
			"slotId": "main",
			"location": {
				"x": 0,
				"y": 0,
				"r": 0
			}
		},
		{
			"_id": "5dcb1df1cc51617bf52d8500",
			"_tpl": "5d6fc78386f77449d825f9dc",
			"parentId": "5dcb1df1cc51617bf52d84f0",
			"slotId": "main",
			"location": {
				"x": 1,
				"y": 0,
				"r": 0
			}
		},
		{
			"_id": "5dcb1df1cc51617bf52d84f1",
			"_tpl": "5857a8bc2459772bad15db29",
			"parentId": "5dcb1df1cc51617bf52d84c4",
			"slotId": "SecuredContainer"
		},
		{
			"_id": "5dcb1df1cc51617bf52d84f2",
			"_tpl": "5a6086ea4f39f99cd479502f",
			"parentId": "5dcb1df1cc51617bf52d84f1",
			"slotId": "main",
			"location": {
				"x": 0,
				"y": 0,
				"r": 0
			},
			"upd": {
				"StackObjectsCount": 40
			}
		},
		{
			"_id": "5dcb1df1cc51617bf52d84f3",
			"_tpl": "5a6086ea4f39f99cd479502f",
			"parentId": "5dcb1df1cc51617bf52d84f1",
			"slotId": "main",
			"location": {
				"x": 1,
				"y": 0,
				"r": 0
			},
			"upd": {
				"StackObjectsCount": 40
			}
		},
		{
			"_id": "5dcb1df1cc51617bf52d84f4",
			"_tpl": "5a6086ea4f39f99cd479502f",
			"parentId": "5dcb1df1cc51617bf52d84f1",
			"slotId": "main",
			"location": {
				"x": 2,
				"y": 0,
				"r": 0
			},
			"upd": {
				"StackObjectsCount": 40
			}
		},
		{
			"_id": "5dcb1df1cc51617bf52d84f5",
			"_tpl": "5a6086ea4f39f99cd479502f",
			"parentId": "5dcb1df1cc51617bf52d84f1",
			"slotId": "main",
			"location": {
				"x": 0,
				"y": 1,
				"r": 0
			},
			"upd": {
				"StackObjectsCount": 40
			}
		},
		{
			"_id": "5dcb1df1cc51617bf52d84f6",
			"_tpl": "5a6086ea4f39f99cd479502f",
			"parentId": "5dcb1df1cc51617bf52d84f1",
			"slotId": "main",
			"location": {
				"x": 1,
				"y": 1,
				"r": 0
			},
			"upd": {
				"StackObjectsCount": 40
			}
		},
		{
			"_id": "5dcb1df1cc51617bf52d84f7",
			"_tpl": "5a6086ea4f39f99cd479502f",
			"parentId": "5dcb1df1cc51617bf52d84f1",
			"slotId": "main",
			"location": {
				"x": 2,
				"y": 1,
				"r": 0
			},
			"upd": {
				"StackObjectsCount": 40
			}
		},
		{
			"_id": "5dcb1df1cc51617bf52d84f8",
			"_tpl": "5a6086ea4f39f99cd479502f",
			"parentId": "5dcb1df1cc51617bf52d84f1",
			"slotId": "main",
			"location": {
				"x": 0,
				"y": 2,
				"r": 0
			},
			"upd": {
				"StackObjectsCount": 40
			}
		},
		{
			"_id": "5dcb1df1cc51617bf52d84f9",
			"_tpl": "5a6086ea4f39f99cd479502f",
			"parentId": "5dcb1df1cc51617bf52d84f1",
			"slotId": "main",
			"location": {
				"x": 1,
				"y": 2,
				"r": 0
			},
			"upd": {
				"StackObjectsCount": 40
			}
		},
		{
			"_id": "5dcb1df1cc51617bf52d84fa",
			"_tpl": "5a6086ea4f39f99cd479502f",
			"parentId": "5dcb1df1cc51617bf52d84f1",
			"slotId": "main",
			"location": {
				"x": 2,
				"y": 2,
				"r": 0
			},
			"upd": {
				"StackObjectsCount": 40
			}
		},
		{
			"_id": "5dcb1df1cc51617bf52d84c3",
			"_tpl": "566abbc34bdc2d92178b4576"
		},
		{
			"_id": "5dcb1df1cc51617bf52d84c6",
			"_tpl": "5963866b86f7747bfa1c4462"
		},
		{
			"_id": "5dcb1df1cc51617bf52d84c5",
			"_tpl": "5963866286f7747bf429b572"
		}
	],
	"equipment": "5dcb1df1cc51617bf52d84c4",
	"stash": "5dcb1df1cc51617bf52d84c3",
	"questRaidItems": "5dcb1df1cc51617bf52d84c5",
	"questStashItems": "5dcb1df1cc51617bf52d84c6",
	"fastPanel": {}
}