{
	"items": [
		{
			"_id": "5dcb1df1cc51617bf52d8541",
			"_tpl": "55d7217a4bdc2d86028b456d"
		},
		{
			"_id": "5dcb1df1cc51617bf52d855f",
			"_tpl": "59f9cabd86f7743a10721f46",
			"parentId": "5dcb1df1cc51617bf52d8541",
			"slotId": "FirstPrimaryWeapon"
		},
		{
			"_id": "5dcb1df1cc51617bf52d8560",
			"_tpl": "5998517986f7746017232f7e",
			"parentId": "5dcb1df1cc51617bf52d855f",
			"slotId": "mod_pistol_grip"
		},
		{
			"_id": "5dcb1df1cc51617bf52d8561",
			"_tpl": "59ccd11386f77428f24a488f",
			"parentId": "5dcb1df1cc51617bf52d855f",
			"slotId": "mod_gas_block"
		},
		{
			"_id": "5dcb1df1cc51617bf52d8562",
			"_tpl": "5648b1504bdc2d9d488b4584",
			"parentId": "5dcb1df1cc51617bf52d8561",
			"slotId": "mod_handguard"
		},
		{
			"_id": "5dcb1df1cc51617bf52d8563",
			"_tpl": "599851db86f77467372f0a18",
			"parentId": "5dcb1df1cc51617bf52d855f",
			"slotId": "mod_stock"
		},
		{
			"_id": "5dcb1df1cc51617bf52d8564",
			"_tpl": "5998598e86f7740b3f498a86",
			"parentId": "5dcb1df1cc51617bf52d855f",
			"slotId": "mod_muzzle"
		},
		{
			"_id": "5dcb1df1cc51617bf52d8565",
			"_tpl": "59985a8086f77414ec448d1a",
			"parentId": "5dcb1df1cc51617bf52d855f",
			"slotId": "mod_reciever"
		},
		{
			"_id": "5dcb1df1cc51617bf52d8566",
			"_tpl": "599860e986f7743bb57573a6",
			"parentId": "5dcb1df1cc51617bf52d855f",
			"slotId": "mod_sight_rear"
		},
		{
			"_id": "5dcb1df1cc51617bf52d8567",
			"_tpl": "5998529a86f774647f44f421",
			"parentId": "5dcb1df1cc51617bf52d855f",
			"slotId": "mod_magazine"
		},
		{
			"_id": "5dcb1df1cc51617bf52d8568",
			"_tpl": "56d59d3ad2720bdb418b4577",
			"parentId": "5dcb1df1cc51617bf52d8567",
			"slotId": "cartridges",
			"upd": {
				"StackObjectsCount": 10
			}
		},
		{
			"_id": "5dcb1df1cc51617bf52d8569",
			"_tpl": "56d59d3ad2720bdb418b4577",
			"parentId": "5dcb1df1cc51617bf52d855f",
			"slotId": "patron_in_weapon",
			"upd": {
				"StackObjectsCount": 1
			}
		},
		{
			"_id": "5dcb1df1cc51617bf52d856a",
			"_tpl": "557ffd194bdc2d28148b457f",
			"parentId": "5dcb1df1cc51617bf52d8541",
			"slotId": "Pockets"
		},
		{
			"_id": "5dcb1df1cc51617bf52d856b",
			"_tpl": "5929a2a086f7744f4b234d43",
			"parentId": "5dcb1df1cc51617bf52d8541",
			"slotId": "TacticalVest"
		},
		{
			"_id": "5dcb1df1cc51617bf52d8579",
			"_tpl": "5998529a86f774647f44f421",
			"parentId": "5dcb1df1cc51617bf52d856b",
			"slotId": "3",
			"location": {
				"x": 0,
				"y": 0,
				"r": 0
			}
		},
		{
			"_id": "5dcb1df1cc51617bf52d857a",
			"_tpl": "56d59d3ad2720bdb418b4577",
			"parentId": "5dcb1df1cc51617bf52d8579",
			"slotId": "cartridges",
			"upd": {
				"StackObjectsCount": 10
			}
		},
		{
			"_id": "5dcb1df1cc51617bf52d856c",
			"_tpl": "5b432be65acfc433000ed01f",
			"parentId": "5dcb1df1cc51617bf52d8541",
			"slotId": "Eyewear"
		},
		{
			"_id": "5dcb1df1cc51617bf52d856d",
			"_tpl": "572b7fa524597762b747ce82",
			"parentId": "5dcb1df1cc51617bf52d8541",
			"slotId": "FaceCover"
		},
		{
			"_id": "5dcb1df1cc51617bf52d856e",
			"_tpl": "59e7708286f7742cbd762753",
			"parentId": "5dcb1df1cc51617bf52d8541",
			"slotId": "Headwear"
		},
		{
			"_id": "5dcb1df1cc51617bf52d856f",
			"_tpl": "5857a8bc2459772bad15db29",
			"parentId": "5dcb1df1cc51617bf52d8541",
			"slotId": "SecuredContainer"
		},
		{
			"_id": "5dcb1df1cc51617bf52d8570",
			"_tpl": "56d59d3ad2720bdb418b4577",
			"parentId": "5dcb1df1cc51617bf52d856f",
			"slotId": "main",
			"location": {
				"x": 0,
				"y": 0,
				"r": 0
			},
			"upd": {
				"StackObjectsCount": 50
			}
		},
		{
			"_id": "5dcb1df1cc51617bf52d8571",
			"_tpl": "56d59d3ad2720bdb418b4577",
			"parentId": "5dcb1df1cc51617bf52d856f",
			"slotId": "main",
			"location": {
				"x": 1,
				"y": 0,
				"r": 0
			},
			"upd": {
				"StackObjectsCount": 50
			}
		},
		{
			"_id": "5dcb1df1cc51617bf52d8572",
			"_tpl": "56d59d3ad2720bdb418b4577",
			"parentId": "5dcb1df1cc51617bf52d856f",
			"slotId": "main",
			"location": {
				"x": 2,
				"y": 0,
				"r": 0
			},
			"upd": {
				"StackObjectsCount": 50
			}
		},
		{
			"_id": "5dcb1df1cc51617bf52d8573",
			"_tpl": "56d59d3ad2720bdb418b4577",
			"parentId": "5dcb1df1cc51617bf52d856f",
			"slotId": "main",
			"location": {
				"x": 0,
				"y": 1,
				"r": 0
			},
			"upd": {
				"StackObjectsCount": 50
			}
		},
		{
			"_id": "5dcb1df1cc51617bf52d8574",
			"_tpl": "56d59d3ad2720bdb418b4577",
			"parentId": "5dcb1df1cc51617bf52d856f",
			"slotId": "main",
			"location": {
				"x": 1,
				"y": 1,
				"r": 0
			},
			"upd": {
				"StackObjectsCount": 50
			}
		},
		{
			"_id": "5dcb1df1cc51617bf52d8575",
			"_tpl": "56d59d3ad2720bdb418b4577",
			"parentId": "5dcb1df1cc51617bf52d856f",
			"slotId": "main",
			"location": {
				"x": 2,
				"y": 1,
				"r": 0
			},
			"upd": {
				"StackObjectsCount": 50
			}
		},
		{
			"_id": "5dcb1df1cc51617bf52d8576",
			"_tpl": "56d59d3ad2720bdb418b4577",
			"parentId": "5dcb1df1cc51617bf52d856f",
			"slotId": "main",
			"location": {
				"x": 0,
				"y": 2,
				"r": 0
			},
			"upd": {
				"StackObjectsCount": 50
			}
		},
		{
			"_id": "5dcb1df1cc51617bf52d8577",
			"_tpl": "56d59d3ad2720bdb418b4577",
			"parentId": "5dcb1df1cc51617bf52d856f",
			"slotId": "main",
			"location": {
				"x": 1,
				"y": 2,
				"r": 0
			},
			"upd": {
				"StackObjectsCount": 50
			}
		},
		{
			"_id": "5dcb1df1cc51617bf52d8578",
			"_tpl": "56d59d3ad2720bdb418b4577",
			"parentId": "5dcb1df1cc51617bf52d856f",
			"slotId": "main",
			"location": {
				"x": 2,
				"y": 2,
				"r": 0
			},
			"upd": {
				"StackObjectsCount": 50
			}
		},
		{
			"_id": "5dcb1df1cc51617bf52d8540",
			"_tpl": "566abbc34bdc2d92178b4576"
		},
		{
			"_id": "5dcb1df1cc51617bf52d8543",
			"_tpl": "5963866b86f7747bfa1c4462"
		},
		{
			"_id": "5dcb1df1cc51617bf52d8542",
			"_tpl": "5963866286f7747bf429b572"
		}
	],
	"equipment": "5dcb1df1cc51617bf52d8541",
	"stash": "5dcb1df1cc51617bf52d8540",
	"questRaidItems": "5dcb1df1cc51617bf52d8542",
	"questStashItems": "5dcb1df1cc51617bf52d8543",
	"fastPanel": {}
}