{
	"items": [
		{
			"_id": "5c6687d65e9d882c8841f0fd",
			"_tpl": "55d7217a4bdc2d86028b456d"
		},
		{
			"_id": "5c6687d65e9d882c8841f121",
			"_tpl": "557ffd194bdc2d28148b457f",
			"parentId": "5c6687d65e9d882c8841f0fd",
			"slotId": "Pockets"
		},
		{
			"_id": "5c6687d65e9d882c8841f0fc",
			"_tpl": "566abbc34bdc2d92178b4576"
		},
		{
			"_id": "5c6687d65e9d882c8841f0ff",
			"_tpl": "5963866b86f7747bfa1c4462"
		},
		{
			"_id": "5c6687d65e9d882c8841f0fe",
			"_tpl": "5963866286f7747bf429b572"
		},
		{
			"_id": "TacticalVest249086",
			"_tpl": "5929a2a086f7744f4b234d43",
			"parentId": "5c6687d65e9d882c8841f0fd",
			"slotId": "TacticalVest"
		},
		{
			"_id": "I2100483394123723160WkRx",
			"_tpl": "59ff346386f77477562ff5e2",
			"parentId": "5c6687d65e9d882c8841f0fd",
			"slotId": "FirstPrimaryWeapon"
		},
		{
			"_id": "I210048338562819120Qk8WA",
			"_tpl": "59d64ec286f774171d1e0a42",
			"parentId": "I2100483394123723160WkRx",
			"slotId": "mod_gas_block"
		},
		{
			"_id": "I210048336623423672tvG4x",
			"_tpl": "59d64fc686f774171b243fe2",
			"parentId": "I2100483394123723160WkRx",
			"slotId": "mod_muzzle"
		},
		{
			"_id": "I2100483322737145634f2fA",
			"_tpl": "5a0071d486f77404e23a12b2",
			"parentId": "I2100483394123723160WkRx",
			"slotId": "mod_pistol_grip_akms"
		},
		{
			"_id": "I210048335688080810Jbl1p",
			"_tpl": "59d650cf86f7741b846413a4",
			"parentId": "I2100483394123723160WkRx",
			"slotId": "mod_sight_rear",
			"upd": {
				"Sight": {
					"SelectedSightMode": 0
				}
			}
		},
		{
			"_id": "I210048331633100452AkMmP",
			"_tpl": "59ff3b6a86f77477562ff5ed",
			"parentId": "I2100483394123723160WkRx",
			"slotId": "mod_stock_akms"
		},
		{
			"_id": "MagazineWeaponScav1142",
			"_tpl": "59d625f086f774661516605d",
			"parentId": "I2100483394123723160WkRx",
			"slotId": "mod_magazine"
		},
		{
			"_id": "AmmoMag19474",
			"_tpl": "59e4cf5286f7741778269d8a",
			"parentId": "MagazineWeaponScav1142",
			"slotId": "cartridges",
			"upd": {
				"StackObjectsCount": 30
			}
		},
		{
			"_id": "I210048339249880552oRGBT",
			"_tpl": "59d64f2f86f77417193ef8b3",
			"parentId": "I210048338562819120Qk8WA",
			"slotId": "mod_handguard"
		},
		{
			"_id": "mag0Vest171016",
			"_tpl": "5e21a3c67e40bd02257a008a",
			"parentId": "TacticalVest249086",
			"slotId": "3",
			"location": {
				"x": 0,
				"y": 0,
				"r": "Horizontal"
			}
		},
		{
			"_id": "AmmoMag0Vest576674",
			"_tpl": "59e4d24686f7741776641ac7",
			"parentId": "mag0Vest171016",
			"slotId": "cartridges",
			"upd": {
				"StackObjectsCount": 30
			}
		},
		{
			"_id": "mag2Vest871409",
			"_tpl": "5e21a3c67e40bd02257a008a",
			"parentId": "TacticalVest249086",
			"slotId": "6",
			"location": {
				"x": 0,
				"y": 0,
				"r": "Horizontal"
			}
		},
		{
			"_id": "AmmoMag2Vest278311",
			"_tpl": "59e4d24686f7741776641ac7",
			"parentId": "mag2Vest871409",
			"slotId": "cartridges",
			"upd": {
				"StackObjectsCount": 30
			}
		},
		{
			"_id": "StackAmmo99051239897",
			"_tpl": "59e4d24686f7741776641ac7",
			"parentId": "TacticalVest249086",
			"slotId": "8",
			"upd": {
				"StackObjectsCount": 55
			}
		},
		{
			"_id": "Scabbard378713",
			"_tpl": "5bffdc370db834001d23eca8",
			"parentId": "5c6687d65e9d882c8841f0fd",
			"slotId": "Scabbard"
		},
		{
			"_id": "Headwear506875",
			"_tpl": "5a43957686f7742a2c2f11b0",
			"parentId": "5c6687d65e9d882c8841f0fd",
			"slotId": "Headwear"
		},
		{
			"_id": "Pocket_608374",
			"_tpl": "5e2aedd986f7746d404f3aa4",
			"parentId": "5c6687d65e9d882c8841f121",
			"slotId": "pocket1",
			"location": {
				"x": 0,
				"y": 0,
				"r": "Horizontal"
			},
			"upd": {
				"SpawnedInSession": true
			}
		}
	],
	"equipment": "5c6687d65e9d882c8841f0fd",
	"stash": "5c6687d65e9d882c8841f0fc",
	"questRaidItems": "5c6687d65e9d882c8841f0fe",
	"questStashItems": "5c6687d65e9d882c8841f0ff",
	"fastPanel": {}
}