{
	"items": [
		{
			"_id": "5dcb1de5d7ed5e035c439184",
			"_tpl": "55d7217a4bdc2d86028b456d"
		},
		{
			"_id": "5dcb1de5d7ed5e035c43919d",
			"_tpl": "574d967124597745970e7c94",
			"parentId": "5dcb1de5d7ed5e035c439184",
			"slotId": "FirstPrimaryWeapon"
		},
		{
			"_id": "5dcb1de5d7ed5e035c43919e",
			"_tpl": "574dad8024597745964bf05c",
			"parentId": "5dcb1de5d7ed5e035c43919d",
			"slotId": "mod_stock"
		},
		{
			"_id": "5dcb1de5d7ed5e035c43919f",
			"_tpl": "587df3a12459772c28142567",
			"parentId": "5dcb1de5d7ed5e035c43919d",
			"slotId": "mod_magazine"
		},
		{
			"_id": "5dcb1de5d7ed5e035c4391a0",
			"_tpl": "5656d7c34bdc2d9d198b4587",
			"parentId": "5dcb1de5d7ed5e035c43919f",
			"slotId": "cartridges",
			"upd": {
				"StackObjectsCount": 10
			}
		},
		{
			"_id": "5dcb1de5d7ed5e035c4391a1",
			"_tpl": "5656d7c34bdc2d9d198b4587",
			"parentId": "5dcb1de5d7ed5e035c43919d",
			"slotId": "patron_in_weapon",
			"upd": {
				"StackObjectsCount": 1
			}
		},
		{
			"_id": "5dcb1de5d7ed5e035c4391a2",
			"_tpl": "557ffd194bdc2d28148b457f",
			"parentId": "5dcb1de5d7ed5e035c439184",
			"slotId": "Pockets"
		},
		{
			"_id": "5dcb1de5d7ed5e035c4391a3",
			"_tpl": "5c0e446786f7742013381639",
			"parentId": "5dcb1de5d7ed5e035c439184",
			"slotId": "TacticalVest"
		},
		{
			"_id": "5dcb1de5d7ed5e035c4391b1",
			"_tpl": "5656d7c34bdc2d9d198b4587",
			"parentId": "5dcb1de5d7ed5e035c4391a3",
			"slotId": "1",
			"location": {
				"x": 0,
				"y": 0,
				"r": 0
			},
			"upd": {
				"StackObjectsCount": 39
			}
		},
		{
			"_id": "5dcb1de5d7ed5e035c4391b2",
			"_tpl": "5656d7c34bdc2d9d198b4587",
			"parentId": "5dcb1de5d7ed5e035c4391a3",
			"slotId": "1",
			"location": {
				"x": 0,
				"y": 1,
				"r": 0
			},
			"upd": {
				"StackObjectsCount": 44
			}
		},
		{
			"_id": "5dcb1de5d7ed5e035c4391a4",
			"_tpl": "59e770b986f7742cbd762754",
			"parentId": "5dcb1de5d7ed5e035c439184",
			"slotId": "Eyewear"
		},
		{
			"_id": "5dcb1de5d7ed5e035c4391a5",
			"_tpl": "59e770f986f7742cbe3164ef",
			"parentId": "5dcb1de5d7ed5e035c439184",
			"slotId": "Headwear"
		},
		{
			"_id": "5dcb1de5d7ed5e035c4391a6",
			"_tpl": "57e26ea924597715ca604a09",
			"parentId": "5dcb1de5d7ed5e035c439184",
			"slotId": "Scabbard"
		},
		{
			"_id": "5dcb1de5d7ed5e035c4391a7",
			"_tpl": "5857a8bc2459772bad15db29",
			"parentId": "5dcb1de5d7ed5e035c439184",
			"slotId": "SecuredContainer"
		},
		{
			"_id": "5dcb1de5d7ed5e035c4391a8",
			"_tpl": "5656d7c34bdc2d9d198b4587",
			"parentId": "5dcb1de5d7ed5e035c4391a7",
			"slotId": "main",
			"location": {
				"x": 0,
				"y": 0,
				"r": 0
			},
			"upd": {
				"StackObjectsCount": 60
			}
		},
		{
			"_id": "5dcb1de5d7ed5e035c4391a9",
			"_tpl": "5656d7c34bdc2d9d198b4587",
			"parentId": "5dcb1de5d7ed5e035c4391a7",
			"slotId": "main",
			"location": {
				"x": 1,
				"y": 0,
				"r": 0
			},
			"upd": {
				"StackObjectsCount": 60
			}
		},
		{
			"_id": "5dcb1de5d7ed5e035c4391aa",
			"_tpl": "5656d7c34bdc2d9d198b4587",
			"parentId": "5dcb1de5d7ed5e035c4391a7",
			"slotId": "main",
			"location": {
				"x": 2,
				"y": 0,
				"r": 0
			},
			"upd": {
				"StackObjectsCount": 60
			}
		},
		{
			"_id": "5dcb1de5d7ed5e035c4391ab",
			"_tpl": "5656d7c34bdc2d9d198b4587",
			"parentId": "5dcb1de5d7ed5e035c4391a7",
			"slotId": "main",
			"location": {
				"x": 0,
				"y": 1,
				"r": 0
			},
			"upd": {
				"StackObjectsCount": 60
			}
		},
		{
			"_id": "5dcb1de5d7ed5e035c4391ac",
			"_tpl": "5656d7c34bdc2d9d198b4587",
			"parentId": "5dcb1de5d7ed5e035c4391a7",
			"slotId": "main",
			"location": {
				"x": 1,
				"y": 1,
				"r": 0
			},
			"upd": {
				"StackObjectsCount": 60
			}
		},
		{
			"_id": "5dcb1de5d7ed5e035c4391ad",
			"_tpl": "5656d7c34bdc2d9d198b4587",
			"parentId": "5dcb1de5d7ed5e035c4391a7",
			"slotId": "main",
			"location": {
				"x": 2,
				"y": 1,
				"r": 0
			},
			"upd": {
				"StackObjectsCount": 60
			}
		},
		{
			"_id": "5dcb1de5d7ed5e035c4391ae",
			"_tpl": "5656d7c34bdc2d9d198b4587",
			"parentId": "5dcb1de5d7ed5e035c4391a7",
			"slotId": "main",
			"location": {
				"x": 0,
				"y": 2,
				"r": 0
			},
			"upd": {
				"StackObjectsCount": 60
			}
		},
		{
			"_id": "5dcb1de5d7ed5e035c4391af",
			"_tpl": "5656d7c34bdc2d9d198b4587",
			"parentId": "5dcb1de5d7ed5e035c4391a7",
			"slotId": "main",
			"location": {
				"x": 1,
				"y": 2,
				"r": 0
			},
			"upd": {
				"StackObjectsCount": 60
			}
		},
		{
			"_id": "5dcb1de5d7ed5e035c4391b0",
			"_tpl": "5656d7c34bdc2d9d198b4587",
			"parentId": "5dcb1de5d7ed5e035c4391a7",
			"slotId": "main",
			"location": {
				"x": 2,
				"y": 2,
				"r": 0
			},
			"upd": {
				"StackObjectsCount": 60
			}
		},
		{
			"_id": "5dcb1de5d7ed5e035c439183",
			"_tpl": "566abbc34bdc2d92178b4576"
		},
		{
			"_id": "5dcb1de5d7ed5e035c439186",
			"_tpl": "5963866b86f7747bfa1c4462"
		},
		{
			"_id": "5dcb1de5d7ed5e035c439185",
			"_tpl": "5963866286f7747bf429b572"
		}
	],
	"equipment": "5dcb1de5d7ed5e035c439184",
	"stash": "5dcb1de5d7ed5e035c439183",
	"questRaidItems": "5dcb1de5d7ed5e035c439185",
	"questStashItems": "5dcb1de5d7ed5e035c439186",
	"fastPanel": {}
}