{
	"items": [
		{
			"_id": "5dcb1dc4fb81105cd85bde8a",
			"_tpl": "55d7217a4bdc2d86028b456d"
		},
		{
			"_id": "5dcb1dc4fb81105cd85bdea5",
			"_tpl": "54491c4f4bdc2db1078b4568",
			"parentId": "5dcb1dc4fb81105cd85bde8a",
			"slotId": "FirstPrimaryWeapon"
		},
		{
			"_id": "5dcb1dc4fb81105cd85bdea6",
			"_tpl": "55d4491a4bdc2d882f8b456e",
			"parentId": "5dcb1dc4fb81105cd85bdea5",
			"slotId": "mod_barrel"
		},
		{
			"_id": "5dcb1dc4fb81105cd85bdea7",
			"_tpl": "55d45d3f4bdc2d972f8b456c",
			"parentId": "5dcb1dc4fb81105cd85bdea5",
			"slotId": "mod_handguard"
		},
		{
			"_id": "5dcb1dc4fb81105cd85bdea8",
			"_tpl": "56083cba4bdc2de22e8b456f",
			"parentId": "5dcb1dc4fb81105cd85bdea5",
			"slotId": "mod_stock"
		},
		{
			"_id": "5dcb1dc4fb81105cd85bdea9",
			"_tpl": "55d48ebc4bdc2d8c2f8b456c",
			"parentId": "5dcb1dc4fb81105cd85bdea5",
			"slotId": "mod_mount_000"
		},
		{
			"_id": "5dcb1dc4fb81105cd85bdeaa",
			"_tpl": "57d17e212459775a1179a0f5",
			"parentId": "5dcb1dc4fb81105cd85bdea9",
			"slotId": "mod_tactical_001"
		},
		{
			"_id": "5dcb1dc4fb81105cd85bdeab",
			"_tpl": "57d17c5e2459775a5c57d17d",
			"parentId": "5dcb1dc4fb81105cd85bdeaa",
			"slotId": "mod_flashlight"
		},
		{
			"_id": "5dcb1dc4fb81105cd85bdeac",
			"_tpl": "55d484b44bdc2d1d4e8b456d",
			"parentId": "5dcb1dc4fb81105cd85bdea5",
			"slotId": "mod_magazine"
		},
		{
			"_id": "5dcb1dc4fb81105cd85bdead",
			"_tpl": "560d5e524bdc2d25448b4571",
			"parentId": "5dcb1dc4fb81105cd85bdeac",
			"slotId": "cartridges",
			"upd": {
				"StackObjectsCount": 6
			}
		},
		{
			"_id": "5dcb1dc4fb81105cd85bdeae",
			"_tpl": "560d5e524bdc2d25448b4571",
			"parentId": "5dcb1dc4fb81105cd85bdea5",
			"slotId": "patron_in_weapon",
			"upd": {
				"StackObjectsCount": 1
			}
		},
		{
			"_id": "5dcb1dc4fb81105cd85bdeaf",
			"_tpl": "557ffd194bdc2d28148b457f",
			"parentId": "5dcb1dc4fb81105cd85bde8a",
			"slotId": "Pockets"
		},
		{
			"_id": "5dcb1dc4fb81105cd85bdec4",
			"_tpl": "5d1b313086f77425227d1678",
			"parentId": "5dcb1dc4fb81105cd85bdeaf",
			"slotId": "pocket1",
			"location": {
				"x": 0,
				"y": 0,
				"r": 0
			}
		},
		{
			"_id": "5dcb1dc4fb81105cd85bdeb0",
			"_tpl": "572b7adb24597762ae139821",
			"parentId": "5dcb1dc4fb81105cd85bde8a",
			"slotId": "TacticalVest"
		},
		{
			"_id": "5dcb1dc4fb81105cd85bdebe",
			"_tpl": "560d5e524bdc2d25448b4571",
			"parentId": "5dcb1dc4fb81105cd85bdeb0",
			"slotId": "1",
			"location": {
				"x": 0,
				"y": 0,
				"r": 0
			},
			"upd": {
				"StackObjectsCount": 8
			}
		},
		{
			"_id": "5dcb1dc4fb81105cd85bdebf",
			"_tpl": "560d5e524bdc2d25448b4571",
			"parentId": "5dcb1dc4fb81105cd85bdeb0",
			"slotId": "2",
			"location": {
				"x": 0,
				"y": 0,
				"r": 0
			},
			"upd": {
				"StackObjectsCount": 12
			}
		},
		{
			"_id": "5dcb1dc4fb81105cd85bdec0",
			"_tpl": "560d5e524bdc2d25448b4571",
			"parentId": "5dcb1dc4fb81105cd85bdeb0",
			"slotId": "2",
			"location": {
				"x": 0,
				"y": 1,
				"r": 0
			},
			"upd": {
				"StackObjectsCount": 8
			}
		},
		{
			"_id": "5dcb1dc4fb81105cd85bdec2",
			"_tpl": "57347d5f245977448b40fa81",
			"parentId": "5dcb1dc4fb81105cd85bdeb0",
			"slotId": "3",
			"location": {
				"x": 0,
				"y": 1,
				"r": 0
			},
			"upd": {
				"FoodDrink": {
					"HpPercent": 1
				}
			}
		},
		{
			"_id": "5dcb1dc4fb81105cd85bdeb1",
			"_tpl": "59e7715586f7742ee5789605",
			"parentId": "5dcb1dc4fb81105cd85bde8a",
			"slotId": "FaceCover"
		},
		{
			"_id": "5dcb1dc4fb81105cd85bdeb2",
			"_tpl": "5aa2b89be5b5b0001569311f",
			"parentId": "5dcb1dc4fb81105cd85bde8a",
			"slotId": "Headwear"
		},
		{
			"_id": "5dcb1dc4fb81105cd85bdeb3",
			"_tpl": "57e26ea924597715ca604a09",
			"parentId": "5dcb1dc4fb81105cd85bde8a",
			"slotId": "Scabbard"
		},
		{
			"_id": "5dcb1dc4fb81105cd85bdeb4",
			"_tpl": "5857a8bc2459772bad15db29",
			"parentId": "5dcb1dc4fb81105cd85bde8a",
			"slotId": "SecuredContainer"
		},
		{
			"_id": "5dcb1dc4fb81105cd85bdeb5",
			"_tpl": "560d5e524bdc2d25448b4571",
			"parentId": "5dcb1dc4fb81105cd85bdeb4",
			"slotId": "main",
			"location": {
				"x": 0,
				"y": 0,
				"r": 0
			},
			"upd": {
				"StackObjectsCount": 20
			}
		},
		{
			"_id": "5dcb1dc4fb81105cd85bdeb6",
			"_tpl": "560d5e524bdc2d25448b4571",
			"parentId": "5dcb1dc4fb81105cd85bdeb4",
			"slotId": "main",
			"location": {
				"x": 1,
				"y": 0,
				"r": 0
			},
			"upd": {
				"StackObjectsCount": 20
			}
		},
		{
			"_id": "5dcb1dc4fb81105cd85bdeb7",
			"_tpl": "560d5e524bdc2d25448b4571",
			"parentId": "5dcb1dc4fb81105cd85bdeb4",
			"slotId": "main",
			"location": {
				"x": 2,
				"y": 0,
				"r": 0
			},
			"upd": {
				"StackObjectsCount": 20
			}
		},
		{
			"_id": "5dcb1dc4fb81105cd85bdeb8",
			"_tpl": "560d5e524bdc2d25448b4571",
			"parentId": "5dcb1dc4fb81105cd85bdeb4",
			"slotId": "main",
			"location": {
				"x": 0,
				"y": 1,
				"r": 0
			},
			"upd": {
				"StackObjectsCount": 20
			}
		},
		{
			"_id": "5dcb1dc4fb81105cd85bdeb9",
			"_tpl": "560d5e524bdc2d25448b4571",
			"parentId": "5dcb1dc4fb81105cd85bdeb4",
			"slotId": "main",
			"location": {
				"x": 1,
				"y": 1,
				"r": 0
			},
			"upd": {
				"StackObjectsCount": 20
			}
		},
		{
			"_id": "5dcb1dc4fb81105cd85bdeba",
			"_tpl": "560d5e524bdc2d25448b4571",
			"parentId": "5dcb1dc4fb81105cd85bdeb4",
			"slotId": "main",
			"location": {
				"x": 2,
				"y": 1,
				"r": 0
			},
			"upd": {
				"StackObjectsCount": 20
			}
		},
		{
			"_id": "5dcb1dc4fb81105cd85bdebb",
			"_tpl": "560d5e524bdc2d25448b4571",
			"parentId": "5dcb1dc4fb81105cd85bdeb4",
			"slotId": "main",
			"location": {
				"x": 0,
				"y": 2,
				"r": 0
			},
			"upd": {
				"StackObjectsCount": 20
			}
		},
		{
			"_id": "5dcb1dc4fb81105cd85bdebc",
			"_tpl": "560d5e524bdc2d25448b4571",
			"parentId": "5dcb1dc4fb81105cd85bdeb4",
			"slotId": "main",
			"location": {
				"x": 1,
				"y": 2,
				"r": 0
			},
			"upd": {
				"StackObjectsCount": 20
			}
		},
		{
			"_id": "5dcb1dc4fb81105cd85bdebd",
			"_tpl": "560d5e524bdc2d25448b4571",
			"parentId": "5dcb1dc4fb81105cd85bdeb4",
			"slotId": "main",
			"location": {
				"x": 2,
				"y": 2,
				"r": 0
			},
			"upd": {
				"StackObjectsCount": 20
			}
		},
		{
			"_id": "5dcb1dc4fb81105cd85bde89",
			"_tpl": "566abbc34bdc2d92178b4576"
		},
		{
			"_id": "5dcb1dc4fb81105cd85bde8c",
			"_tpl": "5963866b86f7747bfa1c4462"
		},
		{
			"_id": "5dcb1dc4fb81105cd85bde8b",
			"_tpl": "5963866286f7747bf429b572"
		}
	],
	"equipment": "5dcb1dc4fb81105cd85bde8a",
	"stash": "5dcb1dc4fb81105cd85bde89",
	"questRaidItems": "5dcb1dc4fb81105cd85bde8b",
	"questStashItems": "5dcb1dc4fb81105cd85bde8c",
	"fastPanel": {}
}