{
	"items": [
		{
			"_id": "5dcb1de5d7ed5e035c438b2b",
			"_tpl": "55d7217a4bdc2d86028b456d"
		},
		{
			"_id": "5dcb1de5d7ed5e035c438b52",
			"_tpl": "59e6152586f77473dc057aa1",
			"parentId": "5dcb1de5d7ed5e035c438b2b",
			"slotId": "FirstPrimaryWeapon"
		},
		{
			"_id": "5dcb1de5d7ed5e035c438b53",
			"_tpl": "59e649f986f77411d949b246",
			"parentId": "5dcb1de5d7ed5e035c438b52",
			"slotId": "mod_gas_block"
		},
		{
			"_id": "5dcb1de5d7ed5e035c438b54",
			"_tpl": "59e6284f86f77440d569536f",
			"parentId": "5dcb1de5d7ed5e035c438b53",
			"slotId": "mod_handguard"
		},
		{
			"_id": "5dcb1de5d7ed5e035c438b55",
			"_tpl": "59e6318286f77444dd62c4cc",
			"parentId": "5dcb1de5d7ed5e035c438b52",
			"slotId": "mod_pistol_grip"
		},
		{
			"_id": "5dcb1de5d7ed5e035c438b56",
			"_tpl": "5d2c76ed48f03532f2136169",
			"parentId": "5dcb1de5d7ed5e035c438b52",
			"slotId": "mod_reciever"
		},
		{
			"_id": "5dcb1de5d7ed5e035c438b57",
			"_tpl": "59e89d0986f77427600d226e",
			"parentId": "5dcb1de5d7ed5e035c438b52",
			"slotId": "mod_stock"
		},
		{
			"_id": "5dcb1de5d7ed5e035c438b58",
			"_tpl": "59e5d83b86f7745aed03d262",
			"parentId": "5dcb1de5d7ed5e035c438b52",
			"slotId": "mod_magazine"
		},
		{
			"_id": "5dcb1de5d7ed5e035c438b59",
			"_tpl": "5656d7c34bdc2d9d198b4587",
			"parentId": "5dcb1de5d7ed5e035c438b58",
			"slotId": "cartridges",
			"upd": {
				"StackObjectsCount": 10
			}
		},
		{
			"_id": "5dcb1de5d7ed5e035c438b5a",
			"_tpl": "5656d7c34bdc2d9d198b4587",
			"parentId": "5dcb1de5d7ed5e035c438b52",
			"slotId": "patron_in_weapon",
			"upd": {
				"StackObjectsCount": 1
			}
		},
		{
			"_id": "5dcb1de5d7ed5e035c438b5b",
			"_tpl": "557ffd194bdc2d28148b457f",
			"parentId": "5dcb1de5d7ed5e035c438b2b",
			"slotId": "Pockets"
		},
		{
			"_id": "5dcb1de5d7ed5e035c438b5c",
			"_tpl": "572b7adb24597762ae139821",
			"parentId": "5dcb1de5d7ed5e035c438b2b",
			"slotId": "TacticalVest"
		},
		{
			"_id": "5dcb1de5d7ed5e035c438b68",
			"_tpl": "59e5d83b86f7745aed03d262",
			"parentId": "5dcb1de5d7ed5e035c438b5c",
			"slotId": "1",
			"location": {
				"x": 0,
				"y": 0,
				"r": 0
			}
		},
		{
			"_id": "5dcb1de5d7ed5e035c438b69",
			"_tpl": "5656d7c34bdc2d9d198b4587",
			"parentId": "5dcb1de5d7ed5e035c438b68",
			"slotId": "cartridges",
			"upd": {
				"StackObjectsCount": 10
			}
		},
		{
			"_id": "5dcb1de5d7ed5e035c438b5d",
			"_tpl": "572b7fa524597762b747ce82",
			"parentId": "5dcb1de5d7ed5e035c438b2b",
			"slotId": "FaceCover"
		},
		{
			"_id": "5dcb1de5d7ed5e035c438b5e",
			"_tpl": "5857a8bc2459772bad15db29",
			"parentId": "5dcb1de5d7ed5e035c438b2b",
			"slotId": "SecuredContainer"
		},
		{
			"_id": "5dcb1de5d7ed5e035c438b5f",
			"_tpl": "5656d7c34bdc2d9d198b4587",
			"parentId": "5dcb1de5d7ed5e035c438b5e",
			"slotId": "main",
			"location": {
				"x": 0,
				"y": 0,
				"r": 0
			},
			"upd": {
				"StackObjectsCount": 60
			}
		},
		{
			"_id": "5dcb1de5d7ed5e035c438b60",
			"_tpl": "5656d7c34bdc2d9d198b4587",
			"parentId": "5dcb1de5d7ed5e035c438b5e",
			"slotId": "main",
			"location": {
				"x": 1,
				"y": 0,
				"r": 0
			},
			"upd": {
				"StackObjectsCount": 60
			}
		},
		{
			"_id": "5dcb1de5d7ed5e035c438b61",
			"_tpl": "5656d7c34bdc2d9d198b4587",
			"parentId": "5dcb1de5d7ed5e035c438b5e",
			"slotId": "main",
			"location": {
				"x": 2,
				"y": 0,
				"r": 0
			},
			"upd": {
				"StackObjectsCount": 60
			}
		},
		{
			"_id": "5dcb1de5d7ed5e035c438b62",
			"_tpl": "5656d7c34bdc2d9d198b4587",
			"parentId": "5dcb1de5d7ed5e035c438b5e",
			"slotId": "main",
			"location": {
				"x": 0,
				"y": 1,
				"r": 0
			},
			"upd": {
				"StackObjectsCount": 60
			}
		},
		{
			"_id": "5dcb1de5d7ed5e035c438b63",
			"_tpl": "5656d7c34bdc2d9d198b4587",
			"parentId": "5dcb1de5d7ed5e035c438b5e",
			"slotId": "main",
			"location": {
				"x": 1,
				"y": 1,
				"r": 0
			},
			"upd": {
				"StackObjectsCount": 60
			}
		},
		{
			"_id": "5dcb1de5d7ed5e035c438b64",
			"_tpl": "5656d7c34bdc2d9d198b4587",
			"parentId": "5dcb1de5d7ed5e035c438b5e",
			"slotId": "main",
			"location": {
				"x": 2,
				"y": 1,
				"r": 0
			},
			"upd": {
				"StackObjectsCount": 60
			}
		},
		{
			"_id": "5dcb1de5d7ed5e035c438b65",
			"_tpl": "5656d7c34bdc2d9d198b4587",
			"parentId": "5dcb1de5d7ed5e035c438b5e",
			"slotId": "main",
			"location": {
				"x": 0,
				"y": 2,
				"r": 0
			},
			"upd": {
				"StackObjectsCount": 60
			}
		},
		{
			"_id": "5dcb1de5d7ed5e035c438b66",
			"_tpl": "5656d7c34bdc2d9d198b4587",
			"parentId": "5dcb1de5d7ed5e035c438b5e",
			"slotId": "main",
			"location": {
				"x": 1,
				"y": 2,
				"r": 0
			},
			"upd": {
				"StackObjectsCount": 60
			}
		},
		{
			"_id": "5dcb1de5d7ed5e035c438b67",
			"_tpl": "5656d7c34bdc2d9d198b4587",
			"parentId": "5dcb1de5d7ed5e035c438b5e",
			"slotId": "main",
			"location": {
				"x": 2,
				"y": 2,
				"r": 0
			},
			"upd": {
				"StackObjectsCount": 60
			}
		},
		{
			"_id": "5dcb1de5d7ed5e035c438b2a",
			"_tpl": "566abbc34bdc2d92178b4576"
		},
		{
			"_id": "5dcb1de5d7ed5e035c438b2d",
			"_tpl": "5963866b86f7747bfa1c4462"
		},
		{
			"_id": "5dcb1de5d7ed5e035c438b2c",
			"_tpl": "5963866286f7747bf429b572"
		}
	],
	"equipment": "5dcb1de5d7ed5e035c438b2b",
	"stash": "5dcb1de5d7ed5e035c438b2a",
	"questRaidItems": "5dcb1de5d7ed5e035c438b2c",
	"questStashItems": "5dcb1de5d7ed5e035c438b2d",
	"fastPanel": {}
}