{
	"items": [
		{
			"_id": "5dcb1df1cc51617bf52d8430",
			"_tpl": "55d7217a4bdc2d86028b456d"
		},
		{
			"_id": "5dcb1df1cc51617bf52d8458",
			"_tpl": "59e6687d86f77411d949b251",
			"parentId": "5dcb1df1cc51617bf52d8430",
			"slotId": "FirstPrimaryWeapon"
		},
		{
			"_id": "5dcb1df1cc51617bf52d8459",
			"_tpl": "59e649f986f77411d949b246",
			"parentId": "5dcb1df1cc51617bf52d8458",
			"slotId": "mod_gas_block"
		},
		{
			"_id": "5dcb1df1cc51617bf52d845a",
			"_tpl": "59e898ee86f77427614bd225",
			"parentId": "5dcb1df1cc51617bf52d8459",
			"slotId": "mod_handguard"
		},
		{
			"_id": "5dcb1df1cc51617bf52d845b",
			"_tpl": "59e6318286f77444dd62c4cc",
			"parentId": "5dcb1df1cc51617bf52d8458",
			"slotId": "mod_pistol_grip"
		},
		{
			"_id": "5dcb1df1cc51617bf52d845c",
			"_tpl": "59e8a00d86f7742ad93b569c",
			"parentId": "5dcb1df1cc51617bf52d8458",
			"slotId": "mod_muzzle"
		},
		{
			"_id": "5dcb1df1cc51617bf52d845d",
			"_tpl": "59e6449086f7746c9f75e822",
			"parentId": "5dcb1df1cc51617bf52d8458",
			"slotId": "mod_reciever"
		},
		{
			"_id": "5dcb1df1cc51617bf52d845e",
			"_tpl": "59e8977386f77415a553c453",
			"parentId": "5dcb1df1cc51617bf52d8458",
			"slotId": "mod_sight_rear"
		},
		{
			"_id": "5dcb1df1cc51617bf52d845f",
			"_tpl": "59e89d0986f77427600d226e",
			"parentId": "5dcb1df1cc51617bf52d8458",
			"slotId": "mod_stock"
		},
		{
			"_id": "5dcb1df1cc51617bf52d8460",
			"_tpl": "59e5d83b86f7745aed03d262",
			"parentId": "5dcb1df1cc51617bf52d8458",
			"slotId": "mod_magazine"
		},
		{
			"_id": "5dcb1df1cc51617bf52d8461",
			"_tpl": "59e6542b86f77411dc52a77a",
			"parentId": "5dcb1df1cc51617bf52d8460",
			"slotId": "cartridges",
			"upd": {
				"StackObjectsCount": 10
			}
		},
		{
			"_id": "5dcb1df1cc51617bf52d8462",
			"_tpl": "59e6542b86f77411dc52a77a",
			"parentId": "5dcb1df1cc51617bf52d8458",
			"slotId": "patron_in_weapon",
			"upd": {
				"StackObjectsCount": 1
			}
		},
		{
			"_id": "5dcb1df1cc51617bf52d8463",
			"_tpl": "557ffd194bdc2d28148b457f",
			"parentId": "5dcb1df1cc51617bf52d8430",
			"slotId": "Pockets"
		},
		{
			"_id": "5dcb1df1cc51617bf52d8476",
			"_tpl": "5a0c27731526d80618476ac4",
			"parentId": "5dcb1df1cc51617bf52d8463",
			"slotId": "pocket1",
			"location": {
				"x": 0,
				"y": 0,
				"r": 0
			}
		},
		{
			"_id": "5dcb1df1cc51617bf52d8464",
			"_tpl": "5929a2a086f7744f4b234d43",
			"parentId": "5dcb1df1cc51617bf52d8430",
			"slotId": "TacticalVest"
		},
		{
			"_id": "5dcb1df1cc51617bf52d8472",
			"_tpl": "59e5d83b86f7745aed03d262",
			"parentId": "5dcb1df1cc51617bf52d8464",
			"slotId": "1",
			"location": {
				"x": 0,
				"y": 0,
				"r": 0
			}
		},
		{
			"_id": "5dcb1df1cc51617bf52d8473",
			"_tpl": "59e6542b86f77411dc52a77a",
			"parentId": "5dcb1df1cc51617bf52d8472",
			"slotId": "cartridges",
			"upd": {
				"StackObjectsCount": 10
			}
		},
		{
			"_id": "5dcb1df1cc51617bf52d8465",
			"_tpl": "572b7fa524597762b747ce82",
			"parentId": "5dcb1df1cc51617bf52d8430",
			"slotId": "FaceCover"
		},
		{
			"_id": "5dcb1df1cc51617bf52d8466",
			"_tpl": "5aa2b8d7e5b5b00014028f4a",
			"parentId": "5dcb1df1cc51617bf52d8430",
			"slotId": "Headwear"
		},
		{
			"_id": "5dcb1df1cc51617bf52d8467",
			"_tpl": "56e33680d2720be2748b4576",
			"parentId": "5dcb1df1cc51617bf52d8430",
			"slotId": "Backpack"
		},
		{
			"_id": "5dcb1df1cc51617bf52d8477",
			"_tpl": "57514643245977207f2c2d09",
			"parentId": "5dcb1df1cc51617bf52d8467",
			"slotId": "main",
			"location": {
				"x": 0,
				"y": 0,
				"r": 0
			},
			"upd": {
				"FoodDrink": {
					"HpPercent": 1
				}
			}
		},
		{
			"_id": "5dcb1df1cc51617bf52d8478",
			"_tpl": "57513f07245977207e26a311",
			"parentId": "5dcb1df1cc51617bf52d8467",
			"slotId": "main",
			"location": {
				"x": 1,
				"y": 0,
				"r": 0
			},
			"upd": {
				"FoodDrink": {
					"HpPercent": 40
				}
			}
		},
		{
			"_id": "5dcb1df1cc51617bf52d8468",
			"_tpl": "5857a8bc2459772bad15db29",
			"parentId": "5dcb1df1cc51617bf52d8430",
			"slotId": "SecuredContainer"
		},
		{
			"_id": "5dcb1df1cc51617bf52d8469",
			"_tpl": "59e6542b86f77411dc52a77a",
			"parentId": "5dcb1df1cc51617bf52d8468",
			"slotId": "main",
			"location": {
				"x": 0,
				"y": 0,
				"r": 0
			},
			"upd": {
				"StackObjectsCount": 50
			}
		},
		{
			"_id": "5dcb1df1cc51617bf52d846a",
			"_tpl": "59e6542b86f77411dc52a77a",
			"parentId": "5dcb1df1cc51617bf52d8468",
			"slotId": "main",
			"location": {
				"x": 1,
				"y": 0,
				"r": 0
			},
			"upd": {
				"StackObjectsCount": 50
			}
		},
		{
			"_id": "5dcb1df1cc51617bf52d846b",
			"_tpl": "59e6542b86f77411dc52a77a",
			"parentId": "5dcb1df1cc51617bf52d8468",
			"slotId": "main",
			"location": {
				"x": 2,
				"y": 0,
				"r": 0
			},
			"upd": {
				"StackObjectsCount": 50
			}
		},
		{
			"_id": "5dcb1df1cc51617bf52d846c",
			"_tpl": "59e6542b86f77411dc52a77a",
			"parentId": "5dcb1df1cc51617bf52d8468",
			"slotId": "main",
			"location": {
				"x": 0,
				"y": 1,
				"r": 0
			},
			"upd": {
				"StackObjectsCount": 50
			}
		},
		{
			"_id": "5dcb1df1cc51617bf52d846d",
			"_tpl": "59e6542b86f77411dc52a77a",
			"parentId": "5dcb1df1cc51617bf52d8468",
			"slotId": "main",
			"location": {
				"x": 1,
				"y": 1,
				"r": 0
			},
			"upd": {
				"StackObjectsCount": 50
			}
		},
		{
			"_id": "5dcb1df1cc51617bf52d846e",
			"_tpl": "59e6542b86f77411dc52a77a",
			"parentId": "5dcb1df1cc51617bf52d8468",
			"slotId": "main",
			"location": {
				"x": 2,
				"y": 1,
				"r": 0
			},
			"upd": {
				"StackObjectsCount": 50
			}
		},
		{
			"_id": "5dcb1df1cc51617bf52d846f",
			"_tpl": "59e6542b86f77411dc52a77a",
			"parentId": "5dcb1df1cc51617bf52d8468",
			"slotId": "main",
			"location": {
				"x": 0,
				"y": 2,
				"r": 0
			},
			"upd": {
				"StackObjectsCount": 50
			}
		},
		{
			"_id": "5dcb1df1cc51617bf52d8470",
			"_tpl": "59e6542b86f77411dc52a77a",
			"parentId": "5dcb1df1cc51617bf52d8468",
			"slotId": "main",
			"location": {
				"x": 1,
				"y": 2,
				"r": 0
			},
			"upd": {
				"StackObjectsCount": 50
			}
		},
		{
			"_id": "5dcb1df1cc51617bf52d8471",
			"_tpl": "59e6542b86f77411dc52a77a",
			"parentId": "5dcb1df1cc51617bf52d8468",
			"slotId": "main",
			"location": {
				"x": 2,
				"y": 2,
				"r": 0
			},
			"upd": {
				"StackObjectsCount": 50
			}
		},
		{
			"_id": "5dcb1df1cc51617bf52d842f",
			"_tpl": "566abbc34bdc2d92178b4576"
		},
		{
			"_id": "5dcb1df1cc51617bf52d8432",
			"_tpl": "5963866b86f7747bfa1c4462"
		},
		{
			"_id": "5dcb1df1cc51617bf52d8431",
			"_tpl": "5963866286f7747bf429b572"
		}
	],
	"equipment": "5dcb1df1cc51617bf52d8430",
	"stash": "5dcb1df1cc51617bf52d842f",
	"questRaidItems": "5dcb1df1cc51617bf52d8431",
	"questStashItems": "5dcb1df1cc51617bf52d8432",
	"fastPanel": {}
}