{
	"items": [
		{
			"_id": "5dcb1de5d7ed5e035c438485",
			"_tpl": "55d7217a4bdc2d86028b456d"
		},
		{
			"_id": "5dcb1de5d7ed5e035c4384aa",
			"_tpl": "57dc2fa62459775949412633",
			"parentId": "5dcb1de5d7ed5e035c438485",
			"slotId": "FirstPrimaryWeapon"
		},
		{
			"_id": "5dcb1de5d7ed5e035c4384ab",
			"_tpl": "57e3dba62459770f0c32322b",
			"parentId": "5dcb1de5d7ed5e035c4384aa",
			"slotId": "mod_pistol_grip"
		},
		{
			"_id": "5dcb1de5d7ed5e035c4384ac",
			"_tpl": "59d36a0086f7747e673f3946",
			"parentId": "5dcb1de5d7ed5e035c4384aa",
			"slotId": "mod_gas_block"
		},
		{
			"_id": "5dcb1de5d7ed5e035c4384ad",
			"_tpl": "57dc32dc245977596d4ef3d3",
			"parentId": "5dcb1de5d7ed5e035c4384ac",
			"slotId": "mod_handguard"
		},
		{
			"_id": "5dcb1de5d7ed5e035c4384ae",
			"_tpl": "57dc347d245977596754e7a1",
			"parentId": "5dcb1de5d7ed5e035c4384aa",
			"slotId": "mod_stock"
		},
		{
			"_id": "5dcb1de5d7ed5e035c4384af",
			"_tpl": "57dc334d245977597164366f",
			"parentId": "5dcb1de5d7ed5e035c4384aa",
			"slotId": "mod_reciever"
		},
		{
			"_id": "5dcb1de5d7ed5e035c4384b0",
			"_tpl": "55d4837c4bdc2d1d4e8b456c",
			"parentId": "5dcb1de5d7ed5e035c4384aa",
			"slotId": "mod_magazine"
		},
		{
			"_id": "5dcb1de5d7ed5e035c4384b1",
			"_tpl": "56dff3afd2720bba668b4567",
			"parentId": "5dcb1de5d7ed5e035c4384b0",
			"slotId": "cartridges",
			"upd": {
				"StackObjectsCount": 10
			}
		},
		{
			"_id": "5dcb1de5d7ed5e035c4384b2",
			"_tpl": "56dff3afd2720bba668b4567",
			"parentId": "5dcb1de5d7ed5e035c4384aa",
			"slotId": "patron_in_weapon",
			"upd": {
				"StackObjectsCount": 1
			}
		},
		{
			"_id": "5dcb1de5d7ed5e035c4384b3",
			"_tpl": "557ffd194bdc2d28148b457f",
			"parentId": "5dcb1de5d7ed5e035c438485",
			"slotId": "Pockets"
		},
		{
			"_id": "5dcb1de5d7ed5e035c4384c9",
			"_tpl": "56742c284bdc2d98058b456d",
			"parentId": "5dcb1de5d7ed5e035c4384b3",
			"slotId": "pocket1",
			"location": {
				"x": 0,
				"y": 0,
				"r": 0
			}
		},
		{
			"_id": "5dcb1de5d7ed5e035c4384b4",
			"_tpl": "572b7adb24597762ae139821",
			"parentId": "5dcb1de5d7ed5e035c438485",
			"slotId": "TacticalVest"
		},
		{
			"_id": "5dcb1de5d7ed5e035c4384c2",
			"_tpl": "55d4837c4bdc2d1d4e8b456c",
			"parentId": "5dcb1de5d7ed5e035c4384b4",
			"slotId": "1",
			"location": {
				"x": 0,
				"y": 0,
				"r": 0
			}
		},
		{
			"_id": "5dcb1de5d7ed5e035c4384c3",
			"_tpl": "56dff3afd2720bba668b4567",
			"parentId": "5dcb1de5d7ed5e035c4384c2",
			"slotId": "cartridges",
			"upd": {
				"StackObjectsCount": 10
			}
		},
		{
			"_id": "5dcb1de5d7ed5e035c4384c4",
			"_tpl": "55d4837c4bdc2d1d4e8b456c",
			"parentId": "5dcb1de5d7ed5e035c4384b4",
			"slotId": "2",
			"location": {
				"x": 0,
				"y": 0,
				"r": 0
			}
		},
		{
			"_id": "5dcb1de5d7ed5e035c4384c5",
			"_tpl": "56dff3afd2720bba668b4567",
			"parentId": "5dcb1de5d7ed5e035c4384c4",
			"slotId": "cartridges",
			"upd": {
				"StackObjectsCount": 10
			}
		},
		{
			"_id": "5dcb1de5d7ed5e035c4384b5",
			"_tpl": "572b7f1624597762ae139822",
			"parentId": "5dcb1de5d7ed5e035c438485",
			"slotId": "FaceCover"
		},
		{
			"_id": "5dcb1de5d7ed5e035c4384b6",
			"_tpl": "57e26fc7245977162a14b800",
			"parentId": "5dcb1de5d7ed5e035c438485",
			"slotId": "Scabbard"
		},
		{
			"_id": "5dcb1de5d7ed5e035c4384b7",
			"_tpl": "56e335e4d2720b6c058b456d",
			"parentId": "5dcb1de5d7ed5e035c438485",
			"slotId": "Backpack"
		},
		{
			"_id": "5dcb1de5d7ed5e035c4384ca",
			"_tpl": "590c5d4b86f774784e1b9c45",
			"parentId": "5dcb1de5d7ed5e035c4384b7",
			"slotId": "main",
			"location": {
				"x": 0,
				"y": 0,
				"r": 0
			},
			"upd": {
				"FoodDrink": {
					"HpPercent": 1
				}
			}
		},
		{
			"_id": "5dcb1de5d7ed5e035c4384cb",
			"_tpl": "5755356824597772cb798962",
			"parentId": "5dcb1de5d7ed5e035c4384b7",
			"slotId": "main",
			"location": {
				"x": 1,
				"y": 0,
				"r": 0
			},
			"upd": {
				"MedKit": {
					"HpResource": 91
				}
			}
		},
		{
			"_id": "5dcb1de5d7ed5e035c4384cc",
			"_tpl": "5938603e86f77435642354f4",
			"parentId": "5dcb1de5d7ed5e035c4384b7",
			"slotId": "main",
			"location": {
				"x": 2,
				"y": 0,
				"r": 0
			}
		},
		{
			"_id": "5dcb1de5d7ed5e035c4384b8",
			"_tpl": "5857a8bc2459772bad15db29",
			"parentId": "5dcb1de5d7ed5e035c438485",
			"slotId": "SecuredContainer"
		},
		{
			"_id": "5dcb1de5d7ed5e035c4384b9",
			"_tpl": "56dff3afd2720bba668b4567",
			"parentId": "5dcb1de5d7ed5e035c4384b8",
			"slotId": "main",
			"location": {
				"x": 0,
				"y": 0,
				"r": 0
			},
			"upd": {
				"StackObjectsCount": 60
			}
		},
		{
			"_id": "5dcb1de5d7ed5e035c4384ba",
			"_tpl": "56dff3afd2720bba668b4567",
			"parentId": "5dcb1de5d7ed5e035c4384b8",
			"slotId": "main",
			"location": {
				"x": 1,
				"y": 0,
				"r": 0
			},
			"upd": {
				"StackObjectsCount": 60
			}
		},
		{
			"_id": "5dcb1de5d7ed5e035c4384bb",
			"_tpl": "56dff3afd2720bba668b4567",
			"parentId": "5dcb1de5d7ed5e035c4384b8",
			"slotId": "main",
			"location": {
				"x": 2,
				"y": 0,
				"r": 0
			},
			"upd": {
				"StackObjectsCount": 60
			}
		},
		{
			"_id": "5dcb1de5d7ed5e035c4384bc",
			"_tpl": "56dff3afd2720bba668b4567",
			"parentId": "5dcb1de5d7ed5e035c4384b8",
			"slotId": "main",
			"location": {
				"x": 0,
				"y": 1,
				"r": 0
			},
			"upd": {
				"StackObjectsCount": 60
			}
		},
		{
			"_id": "5dcb1de5d7ed5e035c4384bd",
			"_tpl": "56dff3afd2720bba668b4567",
			"parentId": "5dcb1de5d7ed5e035c4384b8",
			"slotId": "main",
			"location": {
				"x": 1,
				"y": 1,
				"r": 0
			},
			"upd": {
				"StackObjectsCount": 60
			}
		},
		{
			"_id": "5dcb1de5d7ed5e035c4384be",
			"_tpl": "56dff3afd2720bba668b4567",
			"parentId": "5dcb1de5d7ed5e035c4384b8",
			"slotId": "main",
			"location": {
				"x": 2,
				"y": 1,
				"r": 0
			},
			"upd": {
				"StackObjectsCount": 60
			}
		},
		{
			"_id": "5dcb1de5d7ed5e035c4384bf",
			"_tpl": "56dff3afd2720bba668b4567",
			"parentId": "5dcb1de5d7ed5e035c4384b8",
			"slotId": "main",
			"location": {
				"x": 0,
				"y": 2,
				"r": 0
			},
			"upd": {
				"StackObjectsCount": 60
			}
		},
		{
			"_id": "5dcb1de5d7ed5e035c4384c0",
			"_tpl": "56dff3afd2720bba668b4567",
			"parentId": "5dcb1de5d7ed5e035c4384b8",
			"slotId": "main",
			"location": {
				"x": 1,
				"y": 2,
				"r": 0
			},
			"upd": {
				"StackObjectsCount": 60
			}
		},
		{
			"_id": "5dcb1de5d7ed5e035c4384c1",
			"_tpl": "56dff3afd2720bba668b4567",
			"parentId": "5dcb1de5d7ed5e035c4384b8",
			"slotId": "main",
			"location": {
				"x": 2,
				"y": 2,
				"r": 0
			},
			"upd": {
				"StackObjectsCount": 60
			}
		},
		{
			"_id": "5dcb1de5d7ed5e035c438484",
			"_tpl": "566abbc34bdc2d92178b4576"
		},
		{
			"_id": "5dcb1de5d7ed5e035c438487",
			"_tpl": "5963866b86f7747bfa1c4462"
		},
		{
			"_id": "5dcb1de5d7ed5e035c438486",
			"_tpl": "5963866286f7747bf429b572"
		}
	],
	"equipment": "5dcb1de5d7ed5e035c438485",
	"stash": "5dcb1de5d7ed5e035c438484",
	"questRaidItems": "5dcb1de5d7ed5e035c438486",
	"questStashItems": "5dcb1de5d7ed5e035c438487",
	"fastPanel": {}
}