{
	"items": [
		{
			"_id": "5dcb1de5d7ed5e035c43895c",
			"_tpl": "55d7217a4bdc2d86028b456d"
		},
		{
			"_id": "5dcb1de5d7ed5e035c43897e",
			"_tpl": "5a38e6bac4a2826c6e06d79b",
			"parentId": "5dcb1de5d7ed5e035c43895c",
			"slotId": "FirstPrimaryWeapon"
		},
		{
			"_id": "5dcb1de5d7ed5e035c43897f",
			"_tpl": "5a38ef1fc4a282000b1521f6",
			"parentId": "5dcb1de5d7ed5e035c43897e",
			"slotId": "mod_stock"
		},
		{
			"_id": "5dcb1de5d7ed5e035c438980",
			"_tpl": "5a38eecdc4a282329a73b512",
			"parentId": "5dcb1de5d7ed5e035c43897f",
			"slotId": "mod_pistol_grip"
		},
		{
			"_id": "5dcb1de5d7ed5e035c438981",
			"_tpl": "5a38ee51c4a282000c5a955c",
			"parentId": "5dcb1de5d7ed5e035c43897e",
			"slotId": "mod_magazine"
		},
		{
			"_id": "5dcb1de5d7ed5e035c438982",
			"_tpl": "5a38ebd9c4a282000d722a5b",
			"parentId": "5dcb1de5d7ed5e035c438981",
			"slotId": "cartridges",
			"upd": {
				"StackObjectsCount": 2
			}
		},
		{
			"_id": "5dcb1de5d7ed5e035c438983",
			"_tpl": "5a38ebd9c4a282000d722a5b",
			"parentId": "5dcb1de5d7ed5e035c43897e",
			"slotId": "patron_in_weapon",
			"upd": {
				"StackObjectsCount": 1
			}
		},
		{
			"_id": "5dcb1de5d7ed5e035c438984",
			"_tpl": "557ffd194bdc2d28148b457f",
			"parentId": "5dcb1de5d7ed5e035c43895c",
			"slotId": "Pockets"
		},
		{
			"_id": "5dcb1de5d7ed5e035c438999",
			"_tpl": "544fb3f34bdc2d03748b456a",
			"parentId": "5dcb1de5d7ed5e035c438984",
			"slotId": "pocket1",
			"location": {
				"x": 0,
				"y": 0,
				"r": 0
			}
		},
		{
			"_id": "5dcb1de5d7ed5e035c43899c",
			"_tpl": "5a0c27731526d80618476ac4",
			"parentId": "5dcb1de5d7ed5e035c438984",
			"slotId": "pocket2",
			"location": {
				"x": 0,
				"y": 0,
				"r": 0
			}
		},
		{
			"_id": "5dcb1de5d7ed5e035c438985",
			"_tpl": "572b7adb24597762ae139821",
			"parentId": "5dcb1de5d7ed5e035c43895c",
			"slotId": "TacticalVest"
		},
		{
			"_id": "5dcb1de5d7ed5e035c438995",
			"_tpl": "5a38ee51c4a282000c5a955c",
			"parentId": "5dcb1de5d7ed5e035c438985",
			"slotId": "1",
			"location": {
				"x": 0,
				"y": 0,
				"r": 0
			}
		},
		{
			"_id": "5dcb1de5d7ed5e035c438996",
			"_tpl": "5a38ebd9c4a282000d722a5b",
			"parentId": "5dcb1de5d7ed5e035c438995",
			"slotId": "cartridges",
			"upd": {
				"StackObjectsCount": 2
			}
		},
		{
			"_id": "5dcb1de5d7ed5e035c438986",
			"_tpl": "5b432be65acfc433000ed01f",
			"parentId": "5dcb1de5d7ed5e035c43895c",
			"slotId": "Eyewear"
		},
		{
			"_id": "5dcb1de5d7ed5e035c438987",
			"_tpl": "59e7715586f7742ee5789605",
			"parentId": "5dcb1de5d7ed5e035c43895c",
			"slotId": "FaceCover"
		},
		{
			"_id": "5dcb1de5d7ed5e035c438988",
			"_tpl": "572b7fa124597762b472f9d2",
			"parentId": "5dcb1de5d7ed5e035c43895c",
			"slotId": "Headwear"
		},
		{
			"_id": "5dcb1de5d7ed5e035c438989",
			"_tpl": "59e7635f86f7742cbf2c1095",
			"parentId": "5dcb1de5d7ed5e035c43895c",
			"slotId": "ArmorVest",
			"upd": {
				"Repairable": {
					"Durability": 27
				}
			}
		},
		{
			"_id": "5dcb1de5d7ed5e035c43898a",
			"_tpl": "56e33680d2720be2748b4576",
			"parentId": "5dcb1de5d7ed5e035c43895c",
			"slotId": "Backpack"
		},
		{
			"_id": "5dcb1de5d7ed5e035c43899d",
			"_tpl": "5755356824597772cb798962",
			"parentId": "5dcb1de5d7ed5e035c43898a",
			"slotId": "main",
			"location": {
				"x": 0,
				"y": 0,
				"r": 0
			},
			"upd": {
				"MedKit": {
					"HpResource": 55
				}
			}
		},
		{
			"_id": "5dcb1de5d7ed5e035c43898b",
			"_tpl": "5857a8bc2459772bad15db29",
			"parentId": "5dcb1de5d7ed5e035c43895c",
			"slotId": "SecuredContainer"
		},
		{
			"_id": "5dcb1de5d7ed5e035c43898c",
			"_tpl": "5a38ebd9c4a282000d722a5b",
			"parentId": "5dcb1de5d7ed5e035c43898b",
			"slotId": "main",
			"location": {
				"x": 0,
				"y": 0,
				"r": 0
			},
			"upd": {
				"StackObjectsCount": 20
			}
		},
		{
			"_id": "5dcb1de5d7ed5e035c43898d",
			"_tpl": "5a38ebd9c4a282000d722a5b",
			"parentId": "5dcb1de5d7ed5e035c43898b",
			"slotId": "main",
			"location": {
				"x": 1,
				"y": 0,
				"r": 0
			},
			"upd": {
				"StackObjectsCount": 20
			}
		},
		{
			"_id": "5dcb1de5d7ed5e035c43898e",
			"_tpl": "5a38ebd9c4a282000d722a5b",
			"parentId": "5dcb1de5d7ed5e035c43898b",
			"slotId": "main",
			"location": {
				"x": 2,
				"y": 0,
				"r": 0
			},
			"upd": {
				"StackObjectsCount": 20
			}
		},
		{
			"_id": "5dcb1de5d7ed5e035c43898f",
			"_tpl": "5a38ebd9c4a282000d722a5b",
			"parentId": "5dcb1de5d7ed5e035c43898b",
			"slotId": "main",
			"location": {
				"x": 0,
				"y": 1,
				"r": 0
			},
			"upd": {
				"StackObjectsCount": 20
			}
		},
		{
			"_id": "5dcb1de5d7ed5e035c438990",
			"_tpl": "5a38ebd9c4a282000d722a5b",
			"parentId": "5dcb1de5d7ed5e035c43898b",
			"slotId": "main",
			"location": {
				"x": 1,
				"y": 1,
				"r": 0
			},
			"upd": {
				"StackObjectsCount": 20
			}
		},
		{
			"_id": "5dcb1de5d7ed5e035c438991",
			"_tpl": "5a38ebd9c4a282000d722a5b",
			"parentId": "5dcb1de5d7ed5e035c43898b",
			"slotId": "main",
			"location": {
				"x": 2,
				"y": 1,
				"r": 0
			},
			"upd": {
				"StackObjectsCount": 20
			}
		},
		{
			"_id": "5dcb1de5d7ed5e035c438992",
			"_tpl": "5a38ebd9c4a282000d722a5b",
			"parentId": "5dcb1de5d7ed5e035c43898b",
			"slotId": "main",
			"location": {
				"x": 0,
				"y": 2,
				"r": 0
			},
			"upd": {
				"StackObjectsCount": 20
			}
		},
		{
			"_id": "5dcb1de5d7ed5e035c438993",
			"_tpl": "5a38ebd9c4a282000d722a5b",
			"parentId": "5dcb1de5d7ed5e035c43898b",
			"slotId": "main",
			"location": {
				"x": 1,
				"y": 2,
				"r": 0
			},
			"upd": {
				"StackObjectsCount": 20
			}
		},
		{
			"_id": "5dcb1de5d7ed5e035c438994",
			"_tpl": "5a38ebd9c4a282000d722a5b",
			"parentId": "5dcb1de5d7ed5e035c43898b",
			"slotId": "main",
			"location": {
				"x": 2,
				"y": 2,
				"r": 0
			},
			"upd": {
				"StackObjectsCount": 20
			}
		},
		{
			"_id": "5dcb1de5d7ed5e035c43895b",
			"_tpl": "566abbc34bdc2d92178b4576"
		},
		{
			"_id": "5dcb1de5d7ed5e035c43895e",
			"_tpl": "5963866b86f7747bfa1c4462"
		},
		{
			"_id": "5dcb1de5d7ed5e035c43895d",
			"_tpl": "5963866286f7747bf429b572"
		}
	],
	"equipment": "5dcb1de5d7ed5e035c43895c",
	"stash": "5dcb1de5d7ed5e035c43895b",
	"questRaidItems": "5dcb1de5d7ed5e035c43895d",
	"questStashItems": "5dcb1de5d7ed5e035c43895e",
	"fastPanel": {}
}