{
	"items": [
		{
			"_id": "5c6687d65e9d882c8841f0fd",
			"_tpl": "55d7217a4bdc2d86028b456d"
		},
		{
			"_id": "5c6687d65e9d882c8841f121",
			"_tpl": "557ffd194bdc2d28148b457f",
			"parentId": "5c6687d65e9d882c8841f0fd",
			"slotId": "Pockets"
		},
		{
			"_id": "5c6687d65e9d882c8841f0fc",
			"_tpl": "566abbc34bdc2d92178b4576"
		},
		{
			"_id": "5c6687d65e9d882c8841f0ff",
			"_tpl": "5963866b86f7747bfa1c4462"
		},
		{
			"_id": "5c6687d65e9d882c8841f0fe",
			"_tpl": "5963866286f7747bf429b572"
		},
		{
			"_id": "TacticalVest705998",
			"_tpl": "544a5caa4bdc2d1a388b4568",
			"parentId": "5c6687d65e9d882c8841f0fd",
			"slotId": "TacticalVest"
		},
		{
			"_id": "I210045129159244977fhZLK",
			"_tpl": "583990e32459771419544dd2",
			"parentId": "5c6687d65e9d882c8841f0fd",
			"slotId": "FirstPrimaryWeapon"
		},
		{
			"_id": "I210045121311406653wvFCV",
			"_tpl": "5649ad3f4bdc2df8348b4585",
			"parentId": "I210045129159244977fhZLK",
			"slotId": "mod_pistol_grip"
		},
		{
			"_id": "I2100451258841275827lj2M",
			"_tpl": "57dc324a24597759501edc20",
			"parentId": "I210045129159244977fhZLK",
			"slotId": "mod_muzzle"
		},
		{
			"_id": "I210045128053229222vMjAb",
			"_tpl": "57dc334d245977597164366f",
			"parentId": "I210045129159244977fhZLK",
			"slotId": "mod_reciever"
		},
		{
			"_id": "I210045127020799390HsFeD",
			"_tpl": "59d36a0086f7747e673f3946",
			"parentId": "I210045129159244977fhZLK",
			"slotId": "mod_gas_block"
		},
		{
			"_id": "I210045126861153824Qs2LH",
			"_tpl": "57dc32dc245977596d4ef3d3",
			"parentId": "I210045127020799390HsFeD",
			"slotId": "mod_handguard"
		},
		{
			"_id": "mag1Vest448388",
			"_tpl": "55d4837c4bdc2d1d4e8b456c",
			"parentId": "TacticalVest705998",
			"slotId": "2",
			"location": {
				"x": 0,
				"y": 0,
				"r": "Horizontal"
			}
		},
		{
			"_id": "AmmoMag1Vest837645",
			"_tpl": "56dff061d2720bb5668b4567",
			"parentId": "mag1Vest448388",
			"slotId": "cartridges",
			"upd": {
				"StackObjectsCount": 10
			}
		},
		{
			"_id": "mag1Vest636391",
			"_tpl": "55d4837c4bdc2d1d4e8b456c",
			"parentId": "TacticalVest705998",
			"slotId": "2",
			"location": {
				"x": 0,
				"y": 1,
				"r": "Horizontal"
			}
		},
		{
			"_id": "AmmoMag1Vest178774",
			"_tpl": "56dff3afd2720bba668b4567",
			"parentId": "mag1Vest636391",
			"slotId": "cartridges",
			"upd": {
				"StackObjectsCount": 10
			}
		},
		{
			"_id": "mag2Vest692660",
			"_tpl": "55d4837c4bdc2d1d4e8b456c",
			"parentId": "TacticalVest705998",
			"slotId": "4",
			"location": {
				"x": 0,
				"y": 0,
				"r": "Horizontal"
			}
		},
		{
			"_id": "AmmoMag2Vest438007",
			"_tpl": "56dff4a2d2720bbd668b456a",
			"parentId": "mag2Vest692660",
			"slotId": "cartridges",
			"upd": {
				"StackObjectsCount": 10
			}
		},
		{
			"_id": "mag2Vest860452",
			"_tpl": "55d4837c4bdc2d1d4e8b456c",
			"parentId": "TacticalVest705998",
			"slotId": "4",
			"location": {
				"x": 0,
				"y": 1,
				"r": "Horizontal"
			}
		},
		{
			"_id": "AmmoMag2Vest981997",
			"_tpl": "5c0d5e4486f77478390952fe",
			"parentId": "mag2Vest860452",
			"slotId": "cartridges",
			"upd": {
				"StackObjectsCount": 10
			}
		},
		{
			"_id": "StackAmmo10247374927",
			"_tpl": "56dff216d2720bbd668b4568",
			"parentId": "TacticalVest705998",
			"slotId": "9",
			"upd": {
				"StackObjectsCount": 51
			}
		},
		{
			"_id": "Scabbard163615",
			"_tpl": "5bffdc370db834001d23eca8",
			"parentId": "5c6687d65e9d882c8841f0fd",
			"slotId": "Scabbard"
		},
		{
			"_id": "Headwear307412",
			"_tpl": "5b43271c5acfc432ff4dce65",
			"parentId": "5c6687d65e9d882c8841f0fd",
			"slotId": "Headwear"
		},
		{
			"_id": "Eyewear174622",
			"_tpl": "5b432be65acfc433000ed01f",
			"parentId": "5c6687d65e9d882c8841f0fd",
			"slotId": "Eyewear"
		},
		{
			"_id": "Backpack741194",
			"_tpl": "544a5cde4bdc2d39388b456b",
			"parentId": "5c6687d65e9d882c8841f0fd",
			"slotId": "Backpack"
		},
		{
			"_id": "Pocket_395275",
			"_tpl": "5da743f586f7744014504f72",
			"parentId": "5c6687d65e9d882c8841f121",
			"slotId": "pocket1",
			"location": {
				"x": 0,
				"y": 0,
				"r": "Horizontal"
			},
			"upd": {
				"SpawnedInSession": true
			}
		},
		{
			"_id": "Pocket_181742",
			"_tpl": "5914578086f774123569ffa4",
			"parentId": "5c6687d65e9d882c8841f121",
			"slotId": "pocket2",
			"location": {
				"x": 0,
				"y": 0,
				"r": "Horizontal"
			},
			"upd": {
				"SpawnedInSession": true
			}
		},
		{
			"_id": "Pocket_800425",
			"_tpl": "5bc9c29cd4351e003562b8a3",
			"parentId": "5c6687d65e9d882c8841f121",
			"slotId": "pocket3",
			"location": {
				"x": 0,
				"y": 0,
				"r": "Horizontal"
			},
			"upd": {
				"SpawnedInSession": true
			}
		}
	],
	"equipment": "5c6687d65e9d882c8841f0fd",
	"stash": "5c6687d65e9d882c8841f0fc",
	"questRaidItems": "5c6687d65e9d882c8841f0fe",
	"questStashItems": "5c6687d65e9d882c8841f0ff",
	"fastPanel": {}
}