{
	"items": [
		{
			"_id": "5c6687d65e9d882c8841f0fd",
			"_tpl": "55d7217a4bdc2d86028b456d"
		},
		{
			"_id": "5c6687d65e9d882c8841f121",
			"_tpl": "557ffd194bdc2d28148b457f",
			"parentId": "5c6687d65e9d882c8841f0fd",
			"slotId": "Pockets"
		},
		{
			"_id": "5c6687d65e9d882c8841f0fc",
			"_tpl": "566abbc34bdc2d92178b4576"
		},
		{
			"_id": "5c6687d65e9d882c8841f0ff",
			"_tpl": "5963866b86f7747bfa1c4462"
		},
		{
			"_id": "5c6687d65e9d882c8841f0fe",
			"_tpl": "5963866286f7747bf429b572"
		},
		{
			"_id": "TacticalVest630000",
			"_tpl": "5929a2a086f7744f4b234d43",
			"parentId": "5c6687d65e9d882c8841f0fd",
			"slotId": "TacticalVest"
		},
		{
			"_id": "I21005397211908377tJlzA8",
			"_tpl": "5b0bbe4e5acfc40dc528a72d",
			"parentId": "5c6687d65e9d882c8841f0fd",
			"slotId": "FirstPrimaryWeapon"
		},
		{
			"_id": "I210053936245970262fg6Fz",
			"_tpl": "5b099b965acfc400186331e6",
			"parentId": "I21005397211908377tJlzA8",
			"slotId": "mod_pistol_grip"
		},
		{
			"_id": "I21005392110100726rIxY2H",
			"_tpl": "5b7bed205acfc400161d08cc",
			"parentId": "I21005397211908377tJlzA8",
			"slotId": "mod_handguard"
		},
		{
			"_id": "I21005394874856008bZLTAJ",
			"_tpl": "5b7be1265acfc400161d0798",
			"parentId": "I21005397211908377tJlzA8",
			"slotId": "mod_barrel"
		},
		{
			"_id": "I21005393499918985lZgT4S",
			"_tpl": "5b0bc22d5acfc47a8607f085",
			"parentId": "I21005397211908377tJlzA8",
			"slotId": "mod_sight_rear",
			"upd": {
				"Sight": {
					"SelectedSightMode": 0
				}
			}
		},
		{
			"_id": "I21005394467144377ZLqX3N",
			"_tpl": "5b7d645e5acfc400170e2f90",
			"parentId": "I21005397211908377tJlzA8",
			"slotId": "mod_stock"
		},
		{
			"_id": "mag0Vest407346",
			"_tpl": "5b7d37845acfc400170e2f87",
			"parentId": "TacticalVest630000",
			"slotId": "3",
			"location": {
				"x": 0,
				"y": 0,
				"r": "Horizontal"
			}
		},
		{
			"_id": "AmmoMag0Vest966517",
			"_tpl": "5e023e6e34d52a55c3304f71",
			"parentId": "mag0Vest407346",
			"slotId": "cartridges",
			"upd": {
				"StackObjectsCount": 30
			}
		},
		{
			"_id": "mag1Vest683272",
			"_tpl": "5b7d37845acfc400170e2f87",
			"parentId": "TacticalVest630000",
			"slotId": "5",
			"location": {
				"x": 0,
				"y": 0,
				"r": "Horizontal"
			}
		},
		{
			"_id": "AmmoMag1Vest919146",
			"_tpl": "5e023e6e34d52a55c3304f71",
			"parentId": "mag1Vest683272",
			"slotId": "cartridges",
			"upd": {
				"StackObjectsCount": 30
			}
		},
		{
			"_id": "StackAmmo47776344499",
			"_tpl": "5e023e53d4353e3302577c4c",
			"parentId": "TacticalVest630000",
			"slotId": "2",
			"upd": {
				"StackObjectsCount": 20
			}
		},
		{
			"_id": "StackAmmo34417528345",
			"_tpl": "5e023e53d4353e3302577c4c",
			"parentId": "TacticalVest630000",
			"slotId": "8",
			"upd": {
				"StackObjectsCount": 21
			}
		},
		{
			"_id": "Scabbard827284",
			"_tpl": "5bffdc370db834001d23eca8",
			"parentId": "5c6687d65e9d882c8841f0fd",
			"slotId": "Scabbard"
		},
		{
			"_id": "FaceCover807302",
			"_tpl": "5b4326435acfc433000ed01d",
			"parentId": "5c6687d65e9d882c8841f0fd",
			"slotId": "FaceCover"
		},
		{
			"_id": "Pocket_609274",
			"_tpl": "5e2af29386f7746d4159f077",
			"parentId": "5c6687d65e9d882c8841f121",
			"slotId": "pocket1",
			"location": {
				"x": 0,
				"y": 0,
				"r": "Horizontal"
			},
			"upd": {
				"SpawnedInSession": true
			}
		},
		{
			"_id": "Pocket_786484",
			"_tpl": "5751a25924597722c463c472",
			"parentId": "5c6687d65e9d882c8841f121",
			"slotId": "pocket2",
			"location": {
				"x": 0,
				"y": 0,
				"r": "Horizontal"
			},
			"upd": {
				"SpawnedInSession": true
			}
		},
		{
			"_id": "Pocket_17967",
			"_tpl": "573477e124597737dd42e191",
			"parentId": "5c6687d65e9d882c8841f121",
			"slotId": "pocket3",
			"location": {
				"x": 0,
				"y": 0,
				"r": "Horizontal"
			},
			"upd": {
				"SpawnedInSession": true
			}
		}
	],
	"equipment": "5c6687d65e9d882c8841f0fd",
	"stash": "5c6687d65e9d882c8841f0fc",
	"questRaidItems": "5c6687d65e9d882c8841f0fe",
	"questStashItems": "5c6687d65e9d882c8841f0ff",
	"fastPanel": {}
}