{
	"items": [
		{
			"_id": "5c6687d65e9d882c8841f0fd",
			"_tpl": "55d7217a4bdc2d86028b456d"
		},
		{
			"_id": "5c6687d65e9d882c8841f121",
			"_tpl": "557ffd194bdc2d28148b457f",
			"parentId": "5c6687d65e9d882c8841f0fd",
			"slotId": "Pockets"
		},
		{
			"_id": "5c6687d65e9d882c8841f0fc",
			"_tpl": "566abbc34bdc2d92178b4576"
		},
		{
			"_id": "5c6687d65e9d882c8841f0ff",
			"_tpl": "5963866b86f7747bfa1c4462"
		},
		{
			"_id": "5c6687d65e9d882c8841f0fe",
			"_tpl": "5963866286f7747bf429b572"
		},
		{
			"_id": "TacticalVest964207",
			"_tpl": "5b44c8ea86f7742d1627baf1",
			"parentId": "5c6687d65e9d882c8841f0fd",
			"slotId": "TacticalVest"
		},
		{
			"_id": "I210042345036681136JKZZW",
			"_tpl": "5644bd2b4bdc2d3b4c8b4572",
			"parentId": "5c6687d65e9d882c8841f0fd",
			"slotId": "FirstPrimaryWeapon"
		},
		{
			"_id": "I210042344906752615b5sff",
			"_tpl": "59c6633186f7740cf0493bb9",
			"parentId": "I210042345036681136JKZZW",
			"slotId": "mod_gas_block"
		},
		{
			"_id": "I210042346229769622SUw9L",
			"_tpl": "5649aa744bdc2ded0b8b457e",
			"parentId": "I210042345036681136JKZZW",
			"slotId": "mod_muzzle"
		},
		{
			"_id": "I210042347156684097GixGt",
			"_tpl": "5649ad3f4bdc2df8348b4585",
			"parentId": "I210042345036681136JKZZW",
			"slotId": "mod_pistol_grip"
		},
		{
			"_id": "I210042346127447240x9sLB",
			"_tpl": "5649af094bdc2df8348b4586",
			"parentId": "I210042345036681136JKZZW",
			"slotId": "mod_reciever"
		},
		{
			"_id": "I21004234646055557404AUI",
			"_tpl": "57acb6222459771ec34b5cb0",
			"parentId": "I210042345036681136JKZZW",
			"slotId": "mod_mount_000"
		},
		{
			"_id": "I210042347211978647TFiiM",
			"_tpl": "5648b0744bdc2d363b8b4578",
			"parentId": "I210042344906752615b5sff",
			"slotId": "mod_handguard"
		},
		{
			"_id": "mag1Vest910770",
			"_tpl": "55d482194bdc2d1d4e8b456b",
			"parentId": "TacticalVest964207",
			"slotId": "2",
			"location": {
				"x": 0,
				"y": 0,
				"r": "Horizontal"
			}
		},
		{
			"_id": "AmmoMag1Vest476733",
			"_tpl": "56dff338d2720bbd668b4569",
			"parentId": "mag1Vest910770",
			"slotId": "cartridges",
			"upd": {
				"StackObjectsCount": 60
			}
		},
		{
			"_id": "mag2Vest405931",
			"_tpl": "55d482194bdc2d1d4e8b456b",
			"parentId": "TacticalVest964207",
			"slotId": "4",
			"location": {
				"x": 0,
				"y": 0,
				"r": "Horizontal"
			}
		},
		{
			"_id": "AmmoMag2Vest83939",
			"_tpl": "5c0d5e4486f77478390952fe",
			"parentId": "mag2Vest405931",
			"slotId": "cartridges",
			"upd": {
				"StackObjectsCount": 60
			}
		},
		{
			"_id": "mag3Vest512156",
			"_tpl": "55d482194bdc2d1d4e8b456b",
			"parentId": "TacticalVest964207",
			"slotId": "6",
			"location": {
				"x": 0,
				"y": 0,
				"r": "Horizontal"
			}
		},
		{
			"_id": "AmmoMag3Vest838175",
			"_tpl": "56dff3afd2720bba668b4567",
			"parentId": "mag3Vest512156",
			"slotId": "cartridges",
			"upd": {
				"StackObjectsCount": 60
			}
		},
		{
			"_id": "mag4Vest868706",
			"_tpl": "55d482194bdc2d1d4e8b456b",
			"parentId": "TacticalVest964207",
			"slotId": "8",
			"location": {
				"x": 0,
				"y": 0,
				"r": "Horizontal"
			}
		},
		{
			"_id": "AmmoMag4Vest100482",
			"_tpl": "56dff0bed2720bb0668b4567",
			"parentId": "mag4Vest868706",
			"slotId": "cartridges",
			"upd": {
				"StackObjectsCount": 60
			}
		},
		{
			"_id": "Scabbard484050",
			"_tpl": "54491bb74bdc2d09088b4567",
			"parentId": "5c6687d65e9d882c8841f0fd",
			"slotId": "Scabbard"
		},
		{
			"_id": "Headwear893540",
			"_tpl": "5e00c1ad86f774747333222c",
			"parentId": "5c6687d65e9d882c8841f0fd",
			"slotId": "Headwear"
		},
		{
			"_id": "ArmorVest516150",
			"_tpl": "5ab8e79e86f7742d8b372e78",
			"parentId": "5c6687d65e9d882c8841f0fd",
			"slotId": "ArmorVest",
			"upd": {
				"Repairable": {
					"MaxDurability": 65,
					"Durability": 50
				}
			}
		},
		{
			"_id": "Pocket_235444",
			"_tpl": "59faff1d86f7746c51718c9c",
			"parentId": "5c6687d65e9d882c8841f121",
			"slotId": "pocket1",
			"location": {
				"x": 0,
				"y": 0,
				"r": "Horizontal"
			},
			"upd": {
				"SpawnedInSession": true
			}
		},
		{
			"_id": "Pocket_374474",
			"_tpl": "5751496424597720a27126da",
			"parentId": "5c6687d65e9d882c8841f121",
			"slotId": "pocket2",
			"location": {
				"x": 0,
				"y": 0,
				"r": "Horizontal"
			},
			"upd": {
				"SpawnedInSession": true
			}
		}
	],
	"equipment": "5c6687d65e9d882c8841f0fd",
	"stash": "5c6687d65e9d882c8841f0fc",
	"questRaidItems": "5c6687d65e9d882c8841f0fe",
	"questStashItems": "5c6687d65e9d882c8841f0ff",
	"fastPanel": {}
}