{
	"items": [
		{
			"_id": "5dcb1df1cc51617bf52d8898",
			"_tpl": "55d7217a4bdc2d86028b456d"
		},
		{
			"_id": "5dcb1df1cc51617bf52d88bc",
			"_tpl": "5ac4cd105acfc40016339859",
			"parentId": "5dcb1df1cc51617bf52d8898",
			"slotId": "FirstPrimaryWeapon"
		},
		{
			"_id": "5dcb1df1cc51617bf52d88bd",
			"_tpl": "59c6633186f7740cf0493bb9",
			"parentId": "5dcb1df1cc51617bf52d88bc",
			"slotId": "mod_gas_block"
		},
		{
			"_id": "5dcb1df1cc51617bf52d88be",
			"_tpl": "5648b1504bdc2d9d488b4584",
			"parentId": "5dcb1df1cc51617bf52d88bd",
			"slotId": "mod_handguard"
		},
		{
			"_id": "5dcb1df1cc51617bf52d88bf",
			"_tpl": "5ac7655e5acfc40016339a19",
			"parentId": "5dcb1df1cc51617bf52d88bc",
			"slotId": "mod_muzzle"
		},
		{
			"_id": "5dcb1df1cc51617bf52d88c0",
			"_tpl": "5649ade84bdc2d1b2b8b4587",
			"parentId": "5dcb1df1cc51617bf52d88bc",
			"slotId": "mod_pistol_grip"
		},
		{
			"_id": "5dcb1df1cc51617bf52d88c1",
			"_tpl": "5ac50da15acfc4001718d287",
			"parentId": "5dcb1df1cc51617bf52d88bc",
			"slotId": "mod_reciever"
		},
		{
			"_id": "5dcb1df1cc51617bf52d88c2",
			"_tpl": "5ac72e475acfc400180ae6fe",
			"parentId": "5dcb1df1cc51617bf52d88bc",
			"slotId": "mod_sight_rear"
		},
		{
			"_id": "5dcb1df1cc51617bf52d88c3",
			"_tpl": "5ac50c185acfc400163398d4",
			"parentId": "5dcb1df1cc51617bf52d88bc",
			"slotId": "mod_stock"
		},
		{
			"_id": "5dcb1df1cc51617bf52d88c5",
			"_tpl": "55d480c04bdc2d1d4e8b456a",
			"parentId": "5dcb1df1cc51617bf52d88bc",
			"slotId": "mod_magazine"
		},
		{
			"_id": "5dcb1df1cc51617bf52d88c6",
			"_tpl": "56dff3afd2720bba668b4567",
			"parentId": "5dcb1df1cc51617bf52d88c5",
			"slotId": "cartridges",
			"upd": {
				"StackObjectsCount": 30
			}
		},
		{
			"_id": "5dcb1df1cc51617bf52d88c7",
			"_tpl": "557ffd194bdc2d28148b457f",
			"parentId": "5dcb1df1cc51617bf52d8898",
			"slotId": "Pockets"
		},
		{
			"_id": "5dcb1df1cc51617bf52d88da",
			"_tpl": "5449016a4bdc2d6f028b456f",
			"parentId": "5dcb1df1cc51617bf52d88c7",
			"slotId": "pocket1",
			"location": {
				"x": 0,
				"y": 0,
				"r": 0
			},
			"upd": {
				"StackObjectsCount": 5000
			}
		},
		{
			"_id": "5dcb1df1cc51617bf52d88c8",
			"_tpl": "5ab8dab586f77441cd04f2a2",
			"parentId": "5dcb1df1cc51617bf52d8898",
			"slotId": "TacticalVest"
		},
		{
			"_id": "5dcb1df1cc51617bf52d88d6",
			"_tpl": "55d480c04bdc2d1d4e8b456a",
			"parentId": "5dcb1df1cc51617bf52d88c8",
			"slotId": "1",
			"location": {
				"x": 0,
				"y": 0,
				"r": 0
			}
		},
		{
			"_id": "5dcb1df1cc51617bf52d88d7",
			"_tpl": "56dff3afd2720bba668b4567",
			"parentId": "5dcb1df1cc51617bf52d88d6",
			"slotId": "cartridges",
			"upd": {
				"StackObjectsCount": 30
			}
		},
		{
			"_id": "5dcb1df1cc51617bf52d88c9",
			"_tpl": "5aa2b9aee5b5b00015693121",
			"parentId": "5dcb1df1cc51617bf52d8898",
			"slotId": "Eyewear"
		},
		{
			"_id": "5dcb1df1cc51617bf52d88ca",
			"_tpl": "59e770f986f7742cbe3164ef",
			"parentId": "5dcb1df1cc51617bf52d8898",
			"slotId": "Headwear"
		},
		{
			"_id": "5dcb1df1cc51617bf52d88cb",
			"_tpl": "57e26fc7245977162a14b800",
			"parentId": "5dcb1df1cc51617bf52d8898",
			"slotId": "Scabbard"
		},
		{
			"_id": "5dcb1df1cc51617bf52d88cc",
			"_tpl": "5857a8bc2459772bad15db29",
			"parentId": "5dcb1df1cc51617bf52d8898",
			"slotId": "SecuredContainer"
		},
		{
			"_id": "5dcb1df1cc51617bf52d88cd",
			"_tpl": "56dff3afd2720bba668b4567",
			"parentId": "5dcb1df1cc51617bf52d88cc",
			"slotId": "main",
			"location": {
				"x": 0,
				"y": 0,
				"r": 0
			},
			"upd": {
				"StackObjectsCount": 60
			}
		},
		{
			"_id": "5dcb1df1cc51617bf52d88ce",
			"_tpl": "56dff3afd2720bba668b4567",
			"parentId": "5dcb1df1cc51617bf52d88cc",
			"slotId": "main",
			"location": {
				"x": 1,
				"y": 0,
				"r": 0
			},
			"upd": {
				"StackObjectsCount": 60
			}
		},
		{
			"_id": "5dcb1df1cc51617bf52d88cf",
			"_tpl": "56dff3afd2720bba668b4567",
			"parentId": "5dcb1df1cc51617bf52d88cc",
			"slotId": "main",
			"location": {
				"x": 2,
				"y": 0,
				"r": 0
			},
			"upd": {
				"StackObjectsCount": 60
			}
		},
		{
			"_id": "5dcb1df1cc51617bf52d88d0",
			"_tpl": "56dff3afd2720bba668b4567",
			"parentId": "5dcb1df1cc51617bf52d88cc",
			"slotId": "main",
			"location": {
				"x": 0,
				"y": 1,
				"r": 0
			},
			"upd": {
				"StackObjectsCount": 60
			}
		},
		{
			"_id": "5dcb1df1cc51617bf52d88d1",
			"_tpl": "56dff3afd2720bba668b4567",
			"parentId": "5dcb1df1cc51617bf52d88cc",
			"slotId": "main",
			"location": {
				"x": 1,
				"y": 1,
				"r": 0
			},
			"upd": {
				"StackObjectsCount": 60
			}
		},
		{
			"_id": "5dcb1df1cc51617bf52d88d2",
			"_tpl": "56dff3afd2720bba668b4567",
			"parentId": "5dcb1df1cc51617bf52d88cc",
			"slotId": "main",
			"location": {
				"x": 2,
				"y": 1,
				"r": 0
			},
			"upd": {
				"StackObjectsCount": 60
			}
		},
		{
			"_id": "5dcb1df1cc51617bf52d88d3",
			"_tpl": "56dff3afd2720bba668b4567",
			"parentId": "5dcb1df1cc51617bf52d88cc",
			"slotId": "main",
			"location": {
				"x": 0,
				"y": 2,
				"r": 0
			},
			"upd": {
				"StackObjectsCount": 60
			}
		},
		{
			"_id": "5dcb1df1cc51617bf52d88d4",
			"_tpl": "56dff3afd2720bba668b4567",
			"parentId": "5dcb1df1cc51617bf52d88cc",
			"slotId": "main",
			"location": {
				"x": 1,
				"y": 2,
				"r": 0
			},
			"upd": {
				"StackObjectsCount": 60
			}
		},
		{
			"_id": "5dcb1df1cc51617bf52d88d5",
			"_tpl": "56dff3afd2720bba668b4567",
			"parentId": "5dcb1df1cc51617bf52d88cc",
			"slotId": "main",
			"location": {
				"x": 2,
				"y": 2,
				"r": 0
			},
			"upd": {
				"StackObjectsCount": 60
			}
		},
		{
			"_id": "5dcb1df1cc51617bf52d8897",
			"_tpl": "566abbc34bdc2d92178b4576"
		},
		{
			"_id": "5dcb1df1cc51617bf52d889a",
			"_tpl": "5963866b86f7747bfa1c4462"
		},
		{
			"_id": "5dcb1df1cc51617bf52d8899",
			"_tpl": "5963866286f7747bf429b572"
		}
	],
	"equipment": "5dcb1df1cc51617bf52d8898",
	"stash": "5dcb1df1cc51617bf52d8897",
	"questRaidItems": "5dcb1df1cc51617bf52d8899",
	"questStashItems": "5dcb1df1cc51617bf52d889a",
	"fastPanel": {}
}