{
	"items": [
		{
			"_id": "5dcb1dc4fb81105cd85bdec8",
			"_tpl": "55d7217a4bdc2d86028b456d"
		},
		{
			"_id": "5dcb1dc4fb81105cd85bdeea",
			"_tpl": "5448bd6b4bdc2dfc2f8b4569",
			"parentId": "5dcb1dc4fb81105cd85bdec8",
			"slotId": "Holster"
		},
		{
			"_id": "5dcb1dc4fb81105cd85bdeeb",
			"_tpl": "5448c12b4bdc2d02308b456f",
			"parentId": "5dcb1dc4fb81105cd85bdeea",
			"slotId": "mod_magazine"
		},
		{
			"_id": "5dcb1dc4fb81105cd85bdeec",
			"_tpl": "573719762459775a626ccbc1",
			"parentId": "5dcb1dc4fb81105cd85bdeeb",
			"slotId": "cartridges",
			"upd": {
				"StackObjectsCount": 8
			}
		},
		{
			"_id": "5dcb1dc4fb81105cd85bdeed",
			"_tpl": "573719762459775a626ccbc1",
			"parentId": "5dcb1dc4fb81105cd85bdeea",
			"slotId": "patron_in_weapon",
			"upd": {
				"StackObjectsCount": 1
			}
		},
		{
			"_id": "5dcb1dc4fb81105cd85bdeee",
			"_tpl": "557ffd194bdc2d28148b457f",
			"parentId": "5dcb1dc4fb81105cd85bdec8",
			"slotId": "Pockets"
		},
		{
			"_id": "5dcb1dc4fb81105cd85bdeef",
			"_tpl": "572b7adb24597762ae139821",
			"parentId": "5dcb1dc4fb81105cd85bdec8",
			"slotId": "TacticalVest"
		},
		{
			"_id": "5dcb1dc4fb81105cd85bdefd",
			"_tpl": "5448c12b4bdc2d02308b456f",
			"parentId": "5dcb1dc4fb81105cd85bdeef",
			"slotId": "1",
			"location": {
				"x": 0,
				"y": 0,
				"r": 0
			}
		},
		{
			"_id": "5dcb1dc4fb81105cd85bdefe",
			"_tpl": "573719762459775a626ccbc1",
			"parentId": "5dcb1dc4fb81105cd85bdefd",
			"slotId": "cartridges",
			"upd": {
				"StackObjectsCount": 8
			}
		},
		{
			"_id": "5dcb1dc4fb81105cd85bdeff",
			"_tpl": "5448c12b4bdc2d02308b456f",
			"parentId": "5dcb1dc4fb81105cd85bdeef",
			"slotId": "2",
			"location": {
				"x": 0,
				"y": 0,
				"r": 0
			}
		},
		{
			"_id": "5dcb1dc4fb81105cd85bdf00",
			"_tpl": "573719762459775a626ccbc1",
			"parentId": "5dcb1dc4fb81105cd85bdeff",
			"slotId": "cartridges",
			"upd": {
				"StackObjectsCount": 8
			}
		},
		{
			"_id": "5dcb1dc4fb81105cd85bdf01",
			"_tpl": "5448c12b4bdc2d02308b456f",
			"parentId": "5dcb1dc4fb81105cd85bdeef",
			"slotId": "2",
			"location": {
				"x": 0,
				"y": 1,
				"r": 0
			}
		},
		{
			"_id": "5dcb1dc4fb81105cd85bdf02",
			"_tpl": "573719762459775a626ccbc1",
			"parentId": "5dcb1dc4fb81105cd85bdf01",
			"slotId": "cartridges",
			"upd": {
				"StackObjectsCount": 8
			}
		},
		{
			"_id": "5dcb1dc4fb81105cd85bdef0",
			"_tpl": "59e770f986f7742cbe3164ef",
			"parentId": "5dcb1dc4fb81105cd85bdec8",
			"slotId": "Headwear"
		},
		{
			"_id": "5dcb1dc4fb81105cd85bdef1",
			"_tpl": "57e26fc7245977162a14b800",
			"parentId": "5dcb1dc4fb81105cd85bdec8",
			"slotId": "Scabbard"
		},
		{
			"_id": "5dcb1dc4fb81105cd85bdef2",
			"_tpl": "5ab8f04f86f774585f4237d8",
			"parentId": "5dcb1dc4fb81105cd85bdec8",
			"slotId": "Backpack"
		},
		{
			"_id": "5dcb1dc4fb81105cd85bdef3",
			"_tpl": "5857a8bc2459772bad15db29",
			"parentId": "5dcb1dc4fb81105cd85bdec8",
			"slotId": "SecuredContainer"
		},
		{
			"_id": "5dcb1dc4fb81105cd85bdef4",
			"_tpl": "573719762459775a626ccbc1",
			"parentId": "5dcb1dc4fb81105cd85bdef3",
			"slotId": "main",
			"location": {
				"x": 0,
				"y": 0,
				"r": 0
			},
			"upd": {
				"StackObjectsCount": 50
			}
		},
		{
			"_id": "5dcb1dc4fb81105cd85bdef5",
			"_tpl": "573719762459775a626ccbc1",
			"parentId": "5dcb1dc4fb81105cd85bdef3",
			"slotId": "main",
			"location": {
				"x": 1,
				"y": 0,
				"r": 0
			},
			"upd": {
				"StackObjectsCount": 50
			}
		},
		{
			"_id": "5dcb1dc4fb81105cd85bdef6",
			"_tpl": "573719762459775a626ccbc1",
			"parentId": "5dcb1dc4fb81105cd85bdef3",
			"slotId": "main",
			"location": {
				"x": 2,
				"y": 0,
				"r": 0
			},
			"upd": {
				"StackObjectsCount": 50
			}
		},
		{
			"_id": "5dcb1dc4fb81105cd85bdef7",
			"_tpl": "573719762459775a626ccbc1",
			"parentId": "5dcb1dc4fb81105cd85bdef3",
			"slotId": "main",
			"location": {
				"x": 0,
				"y": 1,
				"r": 0
			},
			"upd": {
				"StackObjectsCount": 50
			}
		},
		{
			"_id": "5dcb1dc4fb81105cd85bdef8",
			"_tpl": "573719762459775a626ccbc1",
			"parentId": "5dcb1dc4fb81105cd85bdef3",
			"slotId": "main",
			"location": {
				"x": 1,
				"y": 1,
				"r": 0
			},
			"upd": {
				"StackObjectsCount": 50
			}
		},
		{
			"_id": "5dcb1dc4fb81105cd85bdef9",
			"_tpl": "573719762459775a626ccbc1",
			"parentId": "5dcb1dc4fb81105cd85bdef3",
			"slotId": "main",
			"location": {
				"x": 2,
				"y": 1,
				"r": 0
			},
			"upd": {
				"StackObjectsCount": 50
			}
		},
		{
			"_id": "5dcb1dc4fb81105cd85bdefa",
			"_tpl": "573719762459775a626ccbc1",
			"parentId": "5dcb1dc4fb81105cd85bdef3",
			"slotId": "main",
			"location": {
				"x": 0,
				"y": 2,
				"r": 0
			},
			"upd": {
				"StackObjectsCount": 50
			}
		},
		{
			"_id": "5dcb1dc4fb81105cd85bdefb",
			"_tpl": "573719762459775a626ccbc1",
			"parentId": "5dcb1dc4fb81105cd85bdef3",
			"slotId": "main",
			"location": {
				"x": 1,
				"y": 2,
				"r": 0
			},
			"upd": {
				"StackObjectsCount": 50
			}
		},
		{
			"_id": "5dcb1dc4fb81105cd85bdefc",
			"_tpl": "573719762459775a626ccbc1",
			"parentId": "5dcb1dc4fb81105cd85bdef3",
			"slotId": "main",
			"location": {
				"x": 2,
				"y": 2,
				"r": 0
			},
			"upd": {
				"StackObjectsCount": 50
			}
		},
		{
			"_id": "5dcb1dc4fb81105cd85bdec7",
			"_tpl": "566abbc34bdc2d92178b4576"
		},
		{
			"_id": "5dcb1dc4fb81105cd85bdeca",
			"_tpl": "5963866b86f7747bfa1c4462"
		},
		{
			"_id": "5dcb1dc4fb81105cd85bdec9",
			"_tpl": "5963866286f7747bf429b572"
		}
	],
	"equipment": "5dcb1dc4fb81105cd85bdec8",
	"stash": "5dcb1dc4fb81105cd85bdec7",
	"questRaidItems": "5dcb1dc4fb81105cd85bdec9",
	"questStashItems": "5dcb1dc4fb81105cd85bdeca",
	"fastPanel": {}
}