{
	"items": [
		{
			"_id": "5dcb1dc4fb81105cd85bdd03",
			"_tpl": "55d7217a4bdc2d86028b456d"
		},
		{
			"_id": "5dcb1dc4fb81105cd85bdd20",
			"_tpl": "5a38e6bac4a2826c6e06d79b",
			"parentId": "5dcb1dc4fb81105cd85bdd03",
			"slotId": "FirstPrimaryWeapon"
		},
		{
			"_id": "5dcb1dc4fb81105cd85bdd21",
			"_tpl": "5a38ef1fc4a282000b1521f6",
			"parentId": "5dcb1dc4fb81105cd85bdd20",
			"slotId": "mod_stock"
		},
		{
			"_id": "5dcb1dc4fb81105cd85bdd22",
			"_tpl": "5a38eecdc4a282329a73b512",
			"parentId": "5dcb1dc4fb81105cd85bdd21",
			"slotId": "mod_pistol_grip"
		},
		{
			"_id": "5dcb1dc4fb81105cd85bdd23",
			"_tpl": "5a38ed75c4a28232996e40c6",
			"parentId": "5dcb1dc4fb81105cd85bdd20",
			"slotId": "mod_magazine"
		},
		{
			"_id": "5dcb1dc4fb81105cd85bdd24",
			"_tpl": "5a38ebd9c4a282000d722a5b",
			"parentId": "5dcb1dc4fb81105cd85bdd23",
			"slotId": "cartridges",
			"upd": {
				"StackObjectsCount": 4
			}
		},
		{
			"_id": "5dcb1dc4fb81105cd85bdd25",
			"_tpl": "5a38ebd9c4a282000d722a5b",
			"parentId": "5dcb1dc4fb81105cd85bdd20",
			"slotId": "patron_in_weapon",
			"upd": {
				"StackObjectsCount": 1
			}
		},
		{
			"_id": "5dcb1dc4fb81105cd85bdd26",
			"_tpl": "557ffd194bdc2d28148b457f",
			"parentId": "5dcb1dc4fb81105cd85bdd03",
			"slotId": "Pockets"
		},
		{
			"_id": "5dcb1dc4fb81105cd85bdd27",
			"_tpl": "572b7adb24597762ae139821",
			"parentId": "5dcb1dc4fb81105cd85bdd03",
			"slotId": "TacticalVest"
		},
		{
			"_id": "5dcb1dc4fb81105cd85bdd34",
			"_tpl": "5a38ed75c4a28232996e40c6",
			"parentId": "5dcb1dc4fb81105cd85bdd27",
			"slotId": "1",
			"location": {
				"x": 0,
				"y": 0,
				"r": 0
			}
		},
		{
			"_id": "5dcb1dc4fb81105cd85bdd35",
			"_tpl": "5a38ebd9c4a282000d722a5b",
			"parentId": "5dcb1dc4fb81105cd85bdd34",
			"slotId": "cartridges",
			"upd": {
				"StackObjectsCount": 4
			}
		},
		{
			"_id": "5dcb1dc4fb81105cd85bdd28",
			"_tpl": "59e770f986f7742cbe3164ef",
			"parentId": "5dcb1dc4fb81105cd85bdd03",
			"slotId": "Headwear"
		},
		{
			"_id": "5dcb1dc4fb81105cd85bdd29",
			"_tpl": "57e26fc7245977162a14b800",
			"parentId": "5dcb1dc4fb81105cd85bdd03",
			"slotId": "Scabbard"
		},
		{
			"_id": "5dcb1dc4fb81105cd85bdd2a",
			"_tpl": "5857a8bc2459772bad15db29",
			"parentId": "5dcb1dc4fb81105cd85bdd03",
			"slotId": "SecuredContainer"
		},
		{
			"_id": "5dcb1dc4fb81105cd85bdd2b",
			"_tpl": "5a38ebd9c4a282000d722a5b",
			"parentId": "5dcb1dc4fb81105cd85bdd2a",
			"slotId": "main",
			"location": {
				"x": 0,
				"y": 0,
				"r": 0
			},
			"upd": {
				"StackObjectsCount": 20
			}
		},
		{
			"_id": "5dcb1dc4fb81105cd85bdd2c",
			"_tpl": "5a38ebd9c4a282000d722a5b",
			"parentId": "5dcb1dc4fb81105cd85bdd2a",
			"slotId": "main",
			"location": {
				"x": 1,
				"y": 0,
				"r": 0
			},
			"upd": {
				"StackObjectsCount": 20
			}
		},
		{
			"_id": "5dcb1dc4fb81105cd85bdd2d",
			"_tpl": "5a38ebd9c4a282000d722a5b",
			"parentId": "5dcb1dc4fb81105cd85bdd2a",
			"slotId": "main",
			"location": {
				"x": 2,
				"y": 0,
				"r": 0
			},
			"upd": {
				"StackObjectsCount": 20
			}
		},
		{
			"_id": "5dcb1dc4fb81105cd85bdd2e",
			"_tpl": "5a38ebd9c4a282000d722a5b",
			"parentId": "5dcb1dc4fb81105cd85bdd2a",
			"slotId": "main",
			"location": {
				"x": 0,
				"y": 1,
				"r": 0
			},
			"upd": {
				"StackObjectsCount": 20
			}
		},
		{
			"_id": "5dcb1dc4fb81105cd85bdd2f",
			"_tpl": "5a38ebd9c4a282000d722a5b",
			"parentId": "5dcb1dc4fb81105cd85bdd2a",
			"slotId": "main",
			"location": {
				"x": 1,
				"y": 1,
				"r": 0
			},
			"upd": {
				"StackObjectsCount": 20
			}
		},
		{
			"_id": "5dcb1dc4fb81105cd85bdd30",
			"_tpl": "5a38ebd9c4a282000d722a5b",
			"parentId": "5dcb1dc4fb81105cd85bdd2a",
			"slotId": "main",
			"location": {
				"x": 2,
				"y": 1,
				"r": 0
			},
			"upd": {
				"StackObjectsCount": 20
			}
		},
		{
			"_id": "5dcb1dc4fb81105cd85bdd31",
			"_tpl": "5a38ebd9c4a282000d722a5b",
			"parentId": "5dcb1dc4fb81105cd85bdd2a",
			"slotId": "main",
			"location": {
				"x": 0,
				"y": 2,
				"r": 0
			},
			"upd": {
				"StackObjectsCount": 20
			}
		},
		{
			"_id": "5dcb1dc4fb81105cd85bdd32",
			"_tpl": "5a38ebd9c4a282000d722a5b",
			"parentId": "5dcb1dc4fb81105cd85bdd2a",
			"slotId": "main",
			"location": {
				"x": 1,
				"y": 2,
				"r": 0
			},
			"upd": {
				"StackObjectsCount": 20
			}
		},
		{
			"_id": "5dcb1dc4fb81105cd85bdd33",
			"_tpl": "5a38ebd9c4a282000d722a5b",
			"parentId": "5dcb1dc4fb81105cd85bdd2a",
			"slotId": "main",
			"location": {
				"x": 2,
				"y": 2,
				"r": 0
			},
			"upd": {
				"StackObjectsCount": 20
			}
		},
		{
			"_id": "5dcb1dc4fb81105cd85bdd02",
			"_tpl": "566abbc34bdc2d92178b4576"
		},
		{
			"_id": "5dcb1dc4fb81105cd85bdd05",
			"_tpl": "5963866b86f7747bfa1c4462"
		},
		{
			"_id": "5dcb1dc4fb81105cd85bdd04",
			"_tpl": "5963866286f7747bf429b572"
		}
	],
	"equipment": "5dcb1dc4fb81105cd85bdd03",
	"stash": "5dcb1dc4fb81105cd85bdd02",
	"questRaidItems": "5dcb1dc4fb81105cd85bdd04",
	"questStashItems": "5dcb1dc4fb81105cd85bdd05",
	"fastPanel": {}
}