{
	"items": [
		{
			"_id": "5c6687d65e9d882c8841f0fd",
			"_tpl": "55d7217a4bdc2d86028b456d"
		},
		{
			"_id": "5c6687d65e9d882c8841f121",
			"_tpl": "557ffd194bdc2d28148b457f",
			"parentId": "5c6687d65e9d882c8841f0fd",
			"slotId": "Pockets"
		},
		{
			"_id": "5c6687d65e9d882c8841f0fc",
			"_tpl": "566abbc34bdc2d92178b4576"
		},
		{
			"_id": "5c6687d65e9d882c8841f0ff",
			"_tpl": "5963866b86f7747bfa1c4462"
		},
		{
			"_id": "5c6687d65e9d882c8841f0fe",
			"_tpl": "5963866286f7747bf429b572"
		},
		{
			"_id": "TacticalVest128129",
			"_tpl": "5b44c8ea86f7742d1627baf1",
			"parentId": "5c6687d65e9d882c8841f0fd",
			"slotId": "TacticalVest"
		},
		{
			"_id": "I210048537852233190ZI0jz",
			"_tpl": "59ff346386f77477562ff5e2",
			"parentId": "5c6687d65e9d882c8841f0fd",
			"slotId": "FirstPrimaryWeapon"
		},
		{
			"_id": "I210048534016955204yyqtc",
			"_tpl": "59d64ec286f774171d1e0a42",
			"parentId": "I210048537852233190ZI0jz",
			"slotId": "mod_gas_block"
		},
		{
			"_id": "I210048534794608684waIEP",
			"_tpl": "5a0071d486f77404e23a12b2",
			"parentId": "I210048537852233190ZI0jz",
			"slotId": "mod_pistol_grip_akms"
		},
		{
			"_id": "I210048537723542348V8BvJ",
			"_tpl": "59d6507c86f7741b846413a2",
			"parentId": "I210048537852233190ZI0jz",
			"slotId": "mod_reciever"
		},
		{
			"_id": "I210048536476621776MXneF",
			"_tpl": "59d650cf86f7741b846413a4",
			"parentId": "I210048537852233190ZI0jz",
			"slotId": "mod_sight_rear",
			"upd": {
				"Sight": {
					"SelectedSightMode": 0
				}
			}
		},
		{
			"_id": "MagazineWeaponScav3011",
			"_tpl": "59d625f086f774661516605d",
			"parentId": "I210048537852233190ZI0jz",
			"slotId": "mod_magazine"
		},
		{
			"_id": "AmmoMag1565",
			"_tpl": "59e0d99486f7744a32234762",
			"parentId": "MagazineWeaponScav3011",
			"slotId": "cartridges",
			"upd": {
				"StackObjectsCount": 30
			}
		},
		{
			"_id": "I2100485380570840644r0am",
			"_tpl": "59d64f2f86f77417193ef8b3",
			"parentId": "I210048534016955204yyqtc",
			"slotId": "mod_handguard"
		},
		{
			"_id": "mag0Vest565878",
			"_tpl": "59d6272486f77466146386ff",
			"parentId": "TacticalVest128129",
			"slotId": "1",
			"location": {
				"x": 0,
				"y": 0,
				"r": "Horizontal"
			}
		},
		{
			"_id": "AmmoMag0Vest471716",
			"_tpl": "5656d7c34bdc2d9d198b4587",
			"parentId": "mag0Vest565878",
			"slotId": "cartridges",
			"upd": {
				"StackObjectsCount": 30
			}
		},
		{
			"_id": "mag1Vest684662",
			"_tpl": "59d6272486f77466146386ff",
			"parentId": "TacticalVest128129",
			"slotId": "3",
			"location": {
				"x": 0,
				"y": 0,
				"r": "Horizontal"
			}
		},
		{
			"_id": "AmmoMag1Vest651683",
			"_tpl": "5656d7c34bdc2d9d198b4587",
			"parentId": "mag1Vest684662",
			"slotId": "cartridges",
			"upd": {
				"StackObjectsCount": 30
			}
		},
		{
			"_id": "mag2Vest260501",
			"_tpl": "59d6272486f77466146386ff",
			"parentId": "TacticalVest128129",
			"slotId": "5",
			"location": {
				"x": 0,
				"y": 0,
				"r": "Horizontal"
			}
		},
		{
			"_id": "AmmoMag2Vest361079",
			"_tpl": "5656d7c34bdc2d9d198b4587",
			"parentId": "mag2Vest260501",
			"slotId": "cartridges",
			"upd": {
				"StackObjectsCount": 30
			}
		},
		{
			"_id": "mag3Vest538319",
			"_tpl": "59d6272486f77466146386ff",
			"parentId": "TacticalVest128129",
			"slotId": "7",
			"location": {
				"x": 0,
				"y": 0,
				"r": "Horizontal"
			}
		},
		{
			"_id": "AmmoMag3Vest16067",
			"_tpl": "59e4d3d286f774176a36250a",
			"parentId": "mag3Vest538319",
			"slotId": "cartridges",
			"upd": {
				"StackObjectsCount": 30
			}
		},
		{
			"_id": "Scabbard484012",
			"_tpl": "5bffdc370db834001d23eca8",
			"parentId": "5c6687d65e9d882c8841f0fd",
			"slotId": "Scabbard"
		},
		{
			"_id": "Headwear889559",
			"_tpl": "59e7711e86f7746cae05fbe1",
			"parentId": "5c6687d65e9d882c8841f0fd",
			"slotId": "Headwear"
		},
		{
			"_id": "Headwear_cover_1997",
			"_tpl": "5ac4c50d5acfc40019262e87",
			"parentId": "Headwear889559",
			"slotId": "mod_equipment",
			"upd": {
				"Togglable": {
					"On": true
				}
			}
		},
		{
			"_id": "Eyewear530139",
			"_tpl": "5d6d2ef3a4b93618084f58bd",
			"parentId": "5c6687d65e9d882c8841f0fd",
			"slotId": "Eyewear"
		},
		{
			"_id": "ArmorVest518654",
			"_tpl": "5c0e541586f7747fa54205c9",
			"parentId": "5c6687d65e9d882c8841f0fd",
			"slotId": "ArmorVest",
			"upd": {
				"Repairable": {
					"MaxDurability": 60,
					"Durability": 32
				}
			}
		},
		{
			"_id": "Pocket_361389",
			"_tpl": "5672c92d4bdc2d180f8b4567",
			"parentId": "5c6687d65e9d882c8841f121",
			"slotId": "pocket1",
			"location": {
				"x": 0,
				"y": 0,
				"r": "Horizontal"
			},
			"upd": {
				"SpawnedInSession": true
			}
		},
		{
			"_id": "Pocket_279471",
			"_tpl": "5ad7242b86f7740a6a3abd43",
			"parentId": "5c6687d65e9d882c8841f121",
			"slotId": "pocket2",
			"location": {
				"x": 0,
				"y": 0,
				"r": "Horizontal"
			},
			"upd": {
				"SpawnedInSession": true
			}
		}
	],
	"equipment": "5c6687d65e9d882c8841f0fd",
	"stash": "5c6687d65e9d882c8841f0fc",
	"questRaidItems": "5c6687d65e9d882c8841f0fe",
	"questStashItems": "5c6687d65e9d882c8841f0ff",
	"fastPanel": {}
}