{
	"items": [
		{
			"_id": "5dcb1dc5fb81105cd85c02e2",
			"_tpl": "55d7217a4bdc2d86028b456d"
		},
		{
			"_id": "5dcb1dc5fb81105cd85c0303",
			"_tpl": "576a581d2459771e7b1bc4f1",
			"parentId": "5dcb1dc5fb81105cd85c02e2",
			"slotId": "Holster"
		},
		{
			"_id": "5dcb1dc5fb81105cd85c0304",
			"_tpl": "576a63cd2459771e796e0e11",
			"parentId": "5dcb1dc5fb81105cd85c0303",
			"slotId": "mod_pistol_grip"
		},
		{
			"_id": "5dcb1dc5fb81105cd85c0305",
			"_tpl": "576a7c512459771e796e0e17",
			"parentId": "5dcb1dc5fb81105cd85c0303",
			"slotId": "mod_mount"
		},
		{
			"_id": "5dcb1dc5fb81105cd85c0306",
			"_tpl": "56def37dd2720bec348b456a",
			"parentId": "5dcb1dc5fb81105cd85c0305",
			"slotId": "mod_tactical"
		},
		{
			"_id": "5dcb1dc5fb81105cd85c0307",
			"_tpl": "576a5ed62459771e9c2096cb",
			"parentId": "5dcb1dc5fb81105cd85c0303",
			"slotId": "mod_magazine"
		},
		{
			"_id": "5dcb1dc5fb81105cd85c0308",
			"_tpl": "56d59d3ad2720bdb418b4577",
			"parentId": "5dcb1dc5fb81105cd85c0307",
			"slotId": "cartridges",
			"upd": {
				"StackObjectsCount": 18
			}
		},
		{
			"_id": "5dcb1dc5fb81105cd85c0309",
			"_tpl": "56d59d3ad2720bdb418b4577",
			"parentId": "5dcb1dc5fb81105cd85c0303",
			"slotId": "patron_in_weapon",
			"upd": {
				"StackObjectsCount": 1
			}
		},
		{
			"_id": "5dcb1dc5fb81105cd85c030a",
			"_tpl": "557ffd194bdc2d28148b457f",
			"parentId": "5dcb1dc5fb81105cd85c02e2",
			"slotId": "Pockets"
		},
		{
			"_id": "5dcb1dc5fb81105cd85c030b",
			"_tpl": "5d5d646386f7742797261fd9",
			"parentId": "5dcb1dc5fb81105cd85c02e2",
			"slotId": "TacticalVest"
		},
		{
			"_id": "5dcb1dc5fb81105cd85c0318",
			"_tpl": "576a5ed62459771e9c2096cb",
			"parentId": "5dcb1dc5fb81105cd85c030b",
			"slotId": "1",
			"location": {
				"x": 0,
				"y": 0,
				"r": 0
			}
		},
		{
			"_id": "5dcb1dc5fb81105cd85c0319",
			"_tpl": "56d59d3ad2720bdb418b4577",
			"parentId": "5dcb1dc5fb81105cd85c0318",
			"slotId": "cartridges",
			"upd": {
				"StackObjectsCount": 18
			}
		},
		{
			"_id": "5dcb1dc5fb81105cd85c031a",
			"_tpl": "576a5ed62459771e9c2096cb",
			"parentId": "5dcb1dc5fb81105cd85c030b",
			"slotId": "2",
			"location": {
				"x": 0,
				"y": 0,
				"r": 0
			}
		},
		{
			"_id": "5dcb1dc5fb81105cd85c031b",
			"_tpl": "56d59d3ad2720bdb418b4577",
			"parentId": "5dcb1dc5fb81105cd85c031a",
			"slotId": "cartridges",
			"upd": {
				"StackObjectsCount": 18
			}
		},
		{
			"_id": "5dcb1dc5fb81105cd85c030c",
			"_tpl": "5a7c4850e899ef00150be885",
			"parentId": "5dcb1dc5fb81105cd85c02e2",
			"slotId": "Headwear",
			"upd": {
				"Repairable": {
					"Durability": 11
				}
			}
		},
		{
			"_id": "5dcb1dc5fb81105cd85c030d",
			"_tpl": "57e26fc7245977162a14b800",
			"parentId": "5dcb1dc5fb81105cd85c02e2",
			"slotId": "Scabbard"
		},
		{
			"_id": "5dcb1dc5fb81105cd85c030e",
			"_tpl": "5857a8bc2459772bad15db29",
			"parentId": "5dcb1dc5fb81105cd85c02e2",
			"slotId": "SecuredContainer"
		},
		{
			"_id": "5dcb1dc5fb81105cd85c030f",
			"_tpl": "56d59d3ad2720bdb418b4577",
			"parentId": "5dcb1dc5fb81105cd85c030e",
			"slotId": "main",
			"location": {
				"x": 0,
				"y": 0,
				"r": 0
			},
			"upd": {
				"StackObjectsCount": 50
			}
		},
		{
			"_id": "5dcb1dc5fb81105cd85c0310",
			"_tpl": "56d59d3ad2720bdb418b4577",
			"parentId": "5dcb1dc5fb81105cd85c030e",
			"slotId": "main",
			"location": {
				"x": 1,
				"y": 0,
				"r": 0
			},
			"upd": {
				"StackObjectsCount": 50
			}
		},
		{
			"_id": "5dcb1dc5fb81105cd85c0311",
			"_tpl": "56d59d3ad2720bdb418b4577",
			"parentId": "5dcb1dc5fb81105cd85c030e",
			"slotId": "main",
			"location": {
				"x": 2,
				"y": 0,
				"r": 0
			},
			"upd": {
				"StackObjectsCount": 50
			}
		},
		{
			"_id": "5dcb1dc5fb81105cd85c0312",
			"_tpl": "56d59d3ad2720bdb418b4577",
			"parentId": "5dcb1dc5fb81105cd85c030e",
			"slotId": "main",
			"location": {
				"x": 0,
				"y": 1,
				"r": 0
			},
			"upd": {
				"StackObjectsCount": 50
			}
		},
		{
			"_id": "5dcb1dc5fb81105cd85c0313",
			"_tpl": "56d59d3ad2720bdb418b4577",
			"parentId": "5dcb1dc5fb81105cd85c030e",
			"slotId": "main",
			"location": {
				"x": 1,
				"y": 1,
				"r": 0
			},
			"upd": {
				"StackObjectsCount": 50
			}
		},
		{
			"_id": "5dcb1dc5fb81105cd85c0314",
			"_tpl": "56d59d3ad2720bdb418b4577",
			"parentId": "5dcb1dc5fb81105cd85c030e",
			"slotId": "main",
			"location": {
				"x": 2,
				"y": 1,
				"r": 0
			},
			"upd": {
				"StackObjectsCount": 50
			}
		},
		{
			"_id": "5dcb1dc5fb81105cd85c0315",
			"_tpl": "56d59d3ad2720bdb418b4577",
			"parentId": "5dcb1dc5fb81105cd85c030e",
			"slotId": "main",
			"location": {
				"x": 0,
				"y": 2,
				"r": 0
			},
			"upd": {
				"StackObjectsCount": 50
			}
		},
		{
			"_id": "5dcb1dc5fb81105cd85c0316",
			"_tpl": "56d59d3ad2720bdb418b4577",
			"parentId": "5dcb1dc5fb81105cd85c030e",
			"slotId": "main",
			"location": {
				"x": 1,
				"y": 2,
				"r": 0
			},
			"upd": {
				"StackObjectsCount": 50
			}
		},
		{
			"_id": "5dcb1dc5fb81105cd85c0317",
			"_tpl": "56d59d3ad2720bdb418b4577",
			"parentId": "5dcb1dc5fb81105cd85c030e",
			"slotId": "main",
			"location": {
				"x": 2,
				"y": 2,
				"r": 0
			},
			"upd": {
				"StackObjectsCount": 50
			}
		},
		{
			"_id": "5dcb1dc5fb81105cd85c02e1",
			"_tpl": "566abbc34bdc2d92178b4576"
		},
		{
			"_id": "5dcb1dc5fb81105cd85c02e4",
			"_tpl": "5963866b86f7747bfa1c4462"
		},
		{
			"_id": "5dcb1dc5fb81105cd85c02e3",
			"_tpl": "5963866286f7747bf429b572"
		}
	],
	"equipment": "5dcb1dc5fb81105cd85c02e2",
	"stash": "5dcb1dc5fb81105cd85c02e1",
	"questRaidItems": "5dcb1dc5fb81105cd85c02e3",
	"questStashItems": "5dcb1dc5fb81105cd85c02e4",
	"fastPanel": {}
}