{
	"items": [
		{
			"_id": "5dcb1df6171ac3579029b170",
			"_tpl": "55d7217a4bdc2d86028b456d"
		},
		{
			"_id": "5dcb1df6171ac3579029b191",
			"_tpl": "5ab8e9fcd8ce870019439434",
			"parentId": "5dcb1df6171ac3579029b170",
			"slotId": "FirstPrimaryWeapon"
		},
		{
			"_id": "5dcb1df6171ac3579029b192",
			"_tpl": "59c6633186f7740cf0493bb9",
			"parentId": "5dcb1df6171ac3579029b191",
			"slotId": "mod_gas_block"
		},
		{
			"_id": "5dcb1df6171ac3579029b193",
			"_tpl": "5648b0744bdc2d363b8b4578",
			"parentId": "5dcb1df6171ac3579029b192",
			"slotId": "mod_handguard"
		},
		{
			"_id": "5dcb1df6171ac3579029b194",
			"_tpl": "57e3dba62459770f0c32322b",
			"parentId": "5dcb1df6171ac3579029b191",
			"slotId": "mod_pistol_grip"
		},
		{
			"_id": "5dcb1df6171ac3579029b195",
			"_tpl": "5649aa744bdc2ded0b8b457e",
			"parentId": "5dcb1df6171ac3579029b191",
			"slotId": "mod_muzzle"
		},
		{
			"_id": "5dcb1df6171ac3579029b196",
			"_tpl": "5649af094bdc2df8348b4586",
			"parentId": "5dcb1df6171ac3579029b191",
			"slotId": "mod_reciever"
		},
		{
			"_id": "5dcb1df6171ac3579029b197",
			"_tpl": "5649b0544bdc2d1b2b8b458a",
			"parentId": "5dcb1df6171ac3579029b191",
			"slotId": "mod_sight_rear"
		},
		{
			"_id": "5dcb1df6171ac3579029b198",
			"_tpl": "55d480c04bdc2d1d4e8b456a",
			"parentId": "5dcb1df6171ac3579029b191",
			"slotId": "mod_magazine"
		},
		{
			"_id": "5dcb1df6171ac3579029b199",
			"_tpl": "56dff3afd2720bba668b4567",
			"parentId": "5dcb1df6171ac3579029b198",
			"slotId": "cartridges",
			"upd": {
				"StackObjectsCount": 30
			}
		},
		{
			"_id": "5dcb1df6171ac3579029b19a",
			"_tpl": "56dff3afd2720bba668b4567",
			"parentId": "5dcb1df6171ac3579029b191",
			"slotId": "patron_in_weapon",
			"upd": {
				"StackObjectsCount": 1
			}
		},
		{
			"_id": "5dcb1df6171ac3579029b19b",
			"_tpl": "557ffd194bdc2d28148b457f",
			"parentId": "5dcb1df6171ac3579029b170",
			"slotId": "Pockets"
		},
		{
			"_id": "5dcb1df6171ac3579029b19c",
			"_tpl": "572b7adb24597762ae139821",
			"parentId": "5dcb1df6171ac3579029b170",
			"slotId": "TacticalVest"
		},
		{
			"_id": "5dcb1df6171ac3579029b1a8",
			"_tpl": "55d480c04bdc2d1d4e8b456a",
			"parentId": "5dcb1df6171ac3579029b19c",
			"slotId": "2",
			"location": {
				"x": 0,
				"y": 0,
				"r": 0
			}
		},
		{
			"_id": "5dcb1df6171ac3579029b1a9",
			"_tpl": "56dff3afd2720bba668b4567",
			"parentId": "5dcb1df6171ac3579029b1a8",
			"slotId": "cartridges",
			"upd": {
				"StackObjectsCount": 30
			}
		},
		{
			"_id": "5dcb1df6171ac3579029b19d",
			"_tpl": "57e26fc7245977162a14b800",
			"parentId": "5dcb1df6171ac3579029b170",
			"slotId": "Scabbard"
		},
		{
			"_id": "5dcb1df6171ac3579029b19e",
			"_tpl": "5857a8bc2459772bad15db29",
			"parentId": "5dcb1df6171ac3579029b170",
			"slotId": "SecuredContainer"
		},
		{
			"_id": "5dcb1df6171ac3579029b19f",
			"_tpl": "56dff3afd2720bba668b4567",
			"parentId": "5dcb1df6171ac3579029b19e",
			"slotId": "main",
			"location": {
				"x": 0,
				"y": 0,
				"r": 0
			},
			"upd": {
				"StackObjectsCount": 60
			}
		},
		{
			"_id": "5dcb1df6171ac3579029b1a0",
			"_tpl": "56dff3afd2720bba668b4567",
			"parentId": "5dcb1df6171ac3579029b19e",
			"slotId": "main",
			"location": {
				"x": 1,
				"y": 0,
				"r": 0
			},
			"upd": {
				"StackObjectsCount": 60
			}
		},
		{
			"_id": "5dcb1df6171ac3579029b1a1",
			"_tpl": "56dff3afd2720bba668b4567",
			"parentId": "5dcb1df6171ac3579029b19e",
			"slotId": "main",
			"location": {
				"x": 2,
				"y": 0,
				"r": 0
			},
			"upd": {
				"StackObjectsCount": 60
			}
		},
		{
			"_id": "5dcb1df6171ac3579029b1a2",
			"_tpl": "56dff3afd2720bba668b4567",
			"parentId": "5dcb1df6171ac3579029b19e",
			"slotId": "main",
			"location": {
				"x": 0,
				"y": 1,
				"r": 0
			},
			"upd": {
				"StackObjectsCount": 60
			}
		},
		{
			"_id": "5dcb1df6171ac3579029b1a3",
			"_tpl": "56dff3afd2720bba668b4567",
			"parentId": "5dcb1df6171ac3579029b19e",
			"slotId": "main",
			"location": {
				"x": 1,
				"y": 1,
				"r": 0
			},
			"upd": {
				"StackObjectsCount": 60
			}
		},
		{
			"_id": "5dcb1df6171ac3579029b1a4",
			"_tpl": "56dff3afd2720bba668b4567",
			"parentId": "5dcb1df6171ac3579029b19e",
			"slotId": "main",
			"location": {
				"x": 2,
				"y": 1,
				"r": 0
			},
			"upd": {
				"StackObjectsCount": 60
			}
		},
		{
			"_id": "5dcb1df6171ac3579029b1a5",
			"_tpl": "56dff3afd2720bba668b4567",
			"parentId": "5dcb1df6171ac3579029b19e",
			"slotId": "main",
			"location": {
				"x": 0,
				"y": 2,
				"r": 0
			},
			"upd": {
				"StackObjectsCount": 60
			}
		},
		{
			"_id": "5dcb1df6171ac3579029b1a6",
			"_tpl": "56dff3afd2720bba668b4567",
			"parentId": "5dcb1df6171ac3579029b19e",
			"slotId": "main",
			"location": {
				"x": 1,
				"y": 2,
				"r": 0
			},
			"upd": {
				"StackObjectsCount": 60
			}
		},
		{
			"_id": "5dcb1df6171ac3579029b1a7",
			"_tpl": "56dff3afd2720bba668b4567",
			"parentId": "5dcb1df6171ac3579029b19e",
			"slotId": "main",
			"location": {
				"x": 2,
				"y": 2,
				"r": 0
			},
			"upd": {
				"StackObjectsCount": 60
			}
		},
		{
			"_id": "5dcb1df6171ac3579029b16f",
			"_tpl": "566abbc34bdc2d92178b4576"
		},
		{
			"_id": "5dcb1df6171ac3579029b172",
			"_tpl": "5963866b86f7747bfa1c4462"
		},
		{
			"_id": "5dcb1df6171ac3579029b171",
			"_tpl": "5963866286f7747bf429b572"
		}
	],
	"equipment": "5dcb1df6171ac3579029b170",
	"stash": "5dcb1df6171ac3579029b16f",
	"questRaidItems": "5dcb1df6171ac3579029b171",
	"questStashItems": "5dcb1df6171ac3579029b172",
	"fastPanel": {}
}