{
	"items": [
		{
			"_id": "5dcb1dc4fb81105cd85bdb92",
			"_tpl": "55d7217a4bdc2d86028b456d"
		},
		{
			"_id": "5dcb1dc4fb81105cd85bdbae",
			"_tpl": "59e6687d86f77411d949b251",
			"parentId": "5dcb1dc4fb81105cd85bdb92",
			"slotId": "FirstPrimaryWeapon"
		},
		{
			"_id": "5dcb1dc4fb81105cd85bdbaf",
			"_tpl": "59e649f986f77411d949b246",
			"parentId": "5dcb1dc4fb81105cd85bdbae",
			"slotId": "mod_gas_block"
		},
		{
			"_id": "5dcb1dc4fb81105cd85bdbb0",
			"_tpl": "59e898ee86f77427614bd225",
			"parentId": "5dcb1dc4fb81105cd85bdbaf",
			"slotId": "mod_handguard"
		},
		{
			"_id": "5dcb1dc4fb81105cd85bdbb1",
			"_tpl": "59e8a00d86f7742ad93b569c",
			"parentId": "5dcb1dc4fb81105cd85bdbae",
			"slotId": "mod_muzzle"
		},
		{
			"_id": "5dcb1dc4fb81105cd85bdbb2",
			"_tpl": "59e6318286f77444dd62c4cc",
			"parentId": "5dcb1dc4fb81105cd85bdbae",
			"slotId": "mod_pistol_grip"
		},
		{
			"_id": "5dcb1dc4fb81105cd85bdbb3",
			"_tpl": "59e6449086f7746c9f75e822",
			"parentId": "5dcb1dc4fb81105cd85bdbae",
			"slotId": "mod_reciever"
		},
		{
			"_id": "5dcb1dc4fb81105cd85bdbb4",
			"_tpl": "59e8977386f77415a553c453",
			"parentId": "5dcb1dc4fb81105cd85bdbae",
			"slotId": "mod_sight_rear"
		},
		{
			"_id": "5dcb1dc4fb81105cd85bdbb5",
			"_tpl": "59e89d0986f77427600d226e",
			"parentId": "5dcb1dc4fb81105cd85bdbae",
			"slotId": "mod_stock"
		},
		{
			"_id": "5dcb1dc4fb81105cd85bdbb7",
			"_tpl": "59d625f086f774661516605d",
			"parentId": "5dcb1dc4fb81105cd85bdbae",
			"slotId": "mod_magazine"
		},
		{
			"_id": "5dcb1dc4fb81105cd85bdbb8",
			"_tpl": "59e6542b86f77411dc52a77a",
			"parentId": "5dcb1dc4fb81105cd85bdbb7",
			"slotId": "cartridges",
			"upd": {
				"StackObjectsCount": 30
			}
		},
		{
			"_id": "5dcb1dc4fb81105cd85bdbb9",
			"_tpl": "557ffd194bdc2d28148b457f",
			"parentId": "5dcb1dc4fb81105cd85bdb92",
			"slotId": "Pockets"
		},
		{
			"_id": "5dcb1dc4fb81105cd85bdbd0",
			"_tpl": "57514643245977207f2c2d09",
			"parentId": "5dcb1dc4fb81105cd85bdbb9",
			"slotId": "pocket1",
			"location": {
				"x": 0,
				"y": 0,
				"r": 0
			},
			"upd": {
				"FoodDrink": {
					"HpPercent": 1
				}
			}
		},
		{
			"_id": "5dcb1dc4fb81105cd85bdbba",
			"_tpl": "572b7adb24597762ae139821",
			"parentId": "5dcb1dc4fb81105cd85bdb92",
			"slotId": "TacticalVest"
		},
		{
			"_id": "5dcb1dc4fb81105cd85bdbc7",
			"_tpl": "59d625f086f774661516605d",
			"parentId": "5dcb1dc4fb81105cd85bdbba",
			"slotId": "2",
			"location": {
				"x": 0,
				"y": 0,
				"r": 0
			}
		},
		{
			"_id": "5dcb1dc4fb81105cd85bdbc8",
			"_tpl": "59e6542b86f77411dc52a77a",
			"parentId": "5dcb1dc4fb81105cd85bdbc7",
			"slotId": "cartridges",
			"upd": {
				"StackObjectsCount": 30
			}
		},
		{
			"_id": "5dcb1dc4fb81105cd85bdbcf",
			"_tpl": "57347d8724597744596b4e76",
			"parentId": "5dcb1dc4fb81105cd85bdbba",
			"slotId": "1",
			"location": {
				"x": 0,
				"y": 0,
				"r": 0
			},
			"upd": {
				"FoodDrink": {
					"HpPercent": 1
				}
			}
		},
		{
			"_id": "5dcb1dc4fb81105cd85bdbbb",
			"_tpl": "5aa2b89be5b5b0001569311f",
			"parentId": "5dcb1dc4fb81105cd85bdb92",
			"slotId": "Headwear"
		},
		{
			"_id": "5dcb1dc4fb81105cd85bdbbc",
			"_tpl": "57e26fc7245977162a14b800",
			"parentId": "5dcb1dc4fb81105cd85bdb92",
			"slotId": "Scabbard"
		},
		{
			"_id": "5dcb1dc4fb81105cd85bdbbd",
			"_tpl": "5857a8bc2459772bad15db29",
			"parentId": "5dcb1dc4fb81105cd85bdb92",
			"slotId": "SecuredContainer"
		},
		{
			"_id": "5dcb1dc4fb81105cd85bdbbe",
			"_tpl": "59e6542b86f77411dc52a77a",
			"parentId": "5dcb1dc4fb81105cd85bdbbd",
			"slotId": "main",
			"location": {
				"x": 0,
				"y": 0,
				"r": 0
			},
			"upd": {
				"StackObjectsCount": 50
			}
		},
		{
			"_id": "5dcb1dc4fb81105cd85bdbbf",
			"_tpl": "59e6542b86f77411dc52a77a",
			"parentId": "5dcb1dc4fb81105cd85bdbbd",
			"slotId": "main",
			"location": {
				"x": 1,
				"y": 0,
				"r": 0
			},
			"upd": {
				"StackObjectsCount": 50
			}
		},
		{
			"_id": "5dcb1dc4fb81105cd85bdbc0",
			"_tpl": "59e6542b86f77411dc52a77a",
			"parentId": "5dcb1dc4fb81105cd85bdbbd",
			"slotId": "main",
			"location": {
				"x": 2,
				"y": 0,
				"r": 0
			},
			"upd": {
				"StackObjectsCount": 50
			}
		},
		{
			"_id": "5dcb1dc4fb81105cd85bdbc1",
			"_tpl": "59e6542b86f77411dc52a77a",
			"parentId": "5dcb1dc4fb81105cd85bdbbd",
			"slotId": "main",
			"location": {
				"x": 0,
				"y": 1,
				"r": 0
			},
			"upd": {
				"StackObjectsCount": 50
			}
		},
		{
			"_id": "5dcb1dc4fb81105cd85bdbc2",
			"_tpl": "59e6542b86f77411dc52a77a",
			"parentId": "5dcb1dc4fb81105cd85bdbbd",
			"slotId": "main",
			"location": {
				"x": 1,
				"y": 1,
				"r": 0
			},
			"upd": {
				"StackObjectsCount": 50
			}
		},
		{
			"_id": "5dcb1dc4fb81105cd85bdbc3",
			"_tpl": "59e6542b86f77411dc52a77a",
			"parentId": "5dcb1dc4fb81105cd85bdbbd",
			"slotId": "main",
			"location": {
				"x": 2,
				"y": 1,
				"r": 0
			},
			"upd": {
				"StackObjectsCount": 50
			}
		},
		{
			"_id": "5dcb1dc4fb81105cd85bdbc4",
			"_tpl": "59e6542b86f77411dc52a77a",
			"parentId": "5dcb1dc4fb81105cd85bdbbd",
			"slotId": "main",
			"location": {
				"x": 0,
				"y": 2,
				"r": 0
			},
			"upd": {
				"StackObjectsCount": 50
			}
		},
		{
			"_id": "5dcb1dc4fb81105cd85bdbc5",
			"_tpl": "59e6542b86f77411dc52a77a",
			"parentId": "5dcb1dc4fb81105cd85bdbbd",
			"slotId": "main",
			"location": {
				"x": 1,
				"y": 2,
				"r": 0
			},
			"upd": {
				"StackObjectsCount": 50
			}
		},
		{
			"_id": "5dcb1dc4fb81105cd85bdbc6",
			"_tpl": "59e6542b86f77411dc52a77a",
			"parentId": "5dcb1dc4fb81105cd85bdbbd",
			"slotId": "main",
			"location": {
				"x": 2,
				"y": 2,
				"r": 0
			},
			"upd": {
				"StackObjectsCount": 50
			}
		},
		{
			"_id": "5dcb1dc4fb81105cd85bdb91",
			"_tpl": "566abbc34bdc2d92178b4576"
		},
		{
			"_id": "5dcb1dc4fb81105cd85bdb94",
			"_tpl": "5963866b86f7747bfa1c4462"
		},
		{
			"_id": "5dcb1dc4fb81105cd85bdb93",
			"_tpl": "5963866286f7747bf429b572"
		}
	],
	"equipment": "5dcb1dc4fb81105cd85bdb92",
	"stash": "5dcb1dc4fb81105cd85bdb91",
	"questRaidItems": "5dcb1dc4fb81105cd85bdb93",
	"questStashItems": "5dcb1dc4fb81105cd85bdb94",
	"fastPanel": {}
}