{
	"items": [
		{
			"_id": "5dcb1dc4fb81105cd85bf06d",
			"_tpl": "55d7217a4bdc2d86028b456d"
		},
		{
			"_id": "5dcb1dc4fb81105cd85bf08b",
			"_tpl": "59e6687d86f77411d949b251",
			"parentId": "5dcb1dc4fb81105cd85bf06d",
			"slotId": "FirstPrimaryWeapon"
		},
		{
			"_id": "5dcb1dc4fb81105cd85bf08c",
			"_tpl": "59e649f986f77411d949b246",
			"parentId": "5dcb1dc4fb81105cd85bf08b",
			"slotId": "mod_gas_block"
		},
		{
			"_id": "5dcb1dc4fb81105cd85bf08d",
			"_tpl": "59e898ee86f77427614bd225",
			"parentId": "5dcb1dc4fb81105cd85bf08c",
			"slotId": "mod_handguard"
		},
		{
			"_id": "5dcb1dc4fb81105cd85bf08e",
			"_tpl": "59e6318286f77444dd62c4cc",
			"parentId": "5dcb1dc4fb81105cd85bf08b",
			"slotId": "mod_pistol_grip"
		},
		{
			"_id": "5dcb1dc4fb81105cd85bf08f",
			"_tpl": "59e8a00d86f7742ad93b569c",
			"parentId": "5dcb1dc4fb81105cd85bf08b",
			"slotId": "mod_muzzle"
		},
		{
			"_id": "5dcb1dc4fb81105cd85bf090",
			"_tpl": "59d6507c86f7741b846413a2",
			"parentId": "5dcb1dc4fb81105cd85bf08b",
			"slotId": "mod_reciever"
		},
		{
			"_id": "5dcb1dc4fb81105cd85bf091",
			"_tpl": "59e8977386f77415a553c453",
			"parentId": "5dcb1dc4fb81105cd85bf08b",
			"slotId": "mod_sight_rear"
		},
		{
			"_id": "5dcb1dc4fb81105cd85bf092",
			"_tpl": "59e89d0986f77427600d226e",
			"parentId": "5dcb1dc4fb81105cd85bf08b",
			"slotId": "mod_stock"
		},
		{
			"_id": "5dcb1dc4fb81105cd85bf093",
			"_tpl": "59d625f086f774661516605d",
			"parentId": "5dcb1dc4fb81105cd85bf08b",
			"slotId": "mod_magazine"
		},
		{
			"_id": "5dcb1dc4fb81105cd85bf094",
			"_tpl": "59e6542b86f77411dc52a77a",
			"parentId": "5dcb1dc4fb81105cd85bf093",
			"slotId": "cartridges",
			"upd": {
				"StackObjectsCount": 30
			}
		},
		{
			"_id": "5dcb1dc4fb81105cd85bf095",
			"_tpl": "59e6542b86f77411dc52a77a",
			"parentId": "5dcb1dc4fb81105cd85bf08b",
			"slotId": "patron_in_weapon",
			"upd": {
				"StackObjectsCount": 1
			}
		},
		{
			"_id": "5dcb1dc4fb81105cd85bf096",
			"_tpl": "557ffd194bdc2d28148b457f",
			"parentId": "5dcb1dc4fb81105cd85bf06d",
			"slotId": "Pockets"
		},
		{
			"_id": "5dcb1dc4fb81105cd85bf0a8",
			"_tpl": "5755383e24597772cb798966",
			"parentId": "5dcb1dc4fb81105cd85bf096",
			"slotId": "pocket1",
			"location": {
				"x": 0,
				"y": 0,
				"r": 0
			}
		},
		{
			"_id": "5dcb1dc4fb81105cd85bf097",
			"_tpl": "5929a2a086f7744f4b234d43",
			"parentId": "5dcb1dc4fb81105cd85bf06d",
			"slotId": "TacticalVest"
		},
		{
			"_id": "5dcb1dc4fb81105cd85bf0a4",
			"_tpl": "59d625f086f774661516605d",
			"parentId": "5dcb1dc4fb81105cd85bf097",
			"slotId": "3",
			"location": {
				"x": 0,
				"y": 0,
				"r": 0
			}
		},
		{
			"_id": "5dcb1dc4fb81105cd85bf0a5",
			"_tpl": "59e6542b86f77411dc52a77a",
			"parentId": "5dcb1dc4fb81105cd85bf0a4",
			"slotId": "cartridges",
			"upd": {
				"StackObjectsCount": 30
			}
		},
		{
			"_id": "5dcb1dc4fb81105cd85bf098",
			"_tpl": "59e7708286f7742cbd762753",
			"parentId": "5dcb1dc4fb81105cd85bf06d",
			"slotId": "Headwear"
		},
		{
			"_id": "5dcb1dc4fb81105cd85bf099",
			"_tpl": "57e26fc7245977162a14b800",
			"parentId": "5dcb1dc4fb81105cd85bf06d",
			"slotId": "Scabbard"
		},
		{
			"_id": "5dcb1dc4fb81105cd85bf09a",
			"_tpl": "5857a8bc2459772bad15db29",
			"parentId": "5dcb1dc4fb81105cd85bf06d",
			"slotId": "SecuredContainer"
		},
		{
			"_id": "5dcb1dc4fb81105cd85bf09b",
			"_tpl": "59e6542b86f77411dc52a77a",
			"parentId": "5dcb1dc4fb81105cd85bf09a",
			"slotId": "main",
			"location": {
				"x": 0,
				"y": 0,
				"r": 0
			},
			"upd": {
				"StackObjectsCount": 50
			}
		},
		{
			"_id": "5dcb1dc4fb81105cd85bf09c",
			"_tpl": "59e6542b86f77411dc52a77a",
			"parentId": "5dcb1dc4fb81105cd85bf09a",
			"slotId": "main",
			"location": {
				"x": 1,
				"y": 0,
				"r": 0
			},
			"upd": {
				"StackObjectsCount": 50
			}
		},
		{
			"_id": "5dcb1dc4fb81105cd85bf09d",
			"_tpl": "59e6542b86f77411dc52a77a",
			"parentId": "5dcb1dc4fb81105cd85bf09a",
			"slotId": "main",
			"location": {
				"x": 2,
				"y": 0,
				"r": 0
			},
			"upd": {
				"StackObjectsCount": 50
			}
		},
		{
			"_id": "5dcb1dc4fb81105cd85bf09e",
			"_tpl": "59e6542b86f77411dc52a77a",
			"parentId": "5dcb1dc4fb81105cd85bf09a",
			"slotId": "main",
			"location": {
				"x": 0,
				"y": 1,
				"r": 0
			},
			"upd": {
				"StackObjectsCount": 50
			}
		},
		{
			"_id": "5dcb1dc4fb81105cd85bf09f",
			"_tpl": "59e6542b86f77411dc52a77a",
			"parentId": "5dcb1dc4fb81105cd85bf09a",
			"slotId": "main",
			"location": {
				"x": 1,
				"y": 1,
				"r": 0
			},
			"upd": {
				"StackObjectsCount": 50
			}
		},
		{
			"_id": "5dcb1dc4fb81105cd85bf0a0",
			"_tpl": "59e6542b86f77411dc52a77a",
			"parentId": "5dcb1dc4fb81105cd85bf09a",
			"slotId": "main",
			"location": {
				"x": 2,
				"y": 1,
				"r": 0
			},
			"upd": {
				"StackObjectsCount": 50
			}
		},
		{
			"_id": "5dcb1dc4fb81105cd85bf0a1",
			"_tpl": "59e6542b86f77411dc52a77a",
			"parentId": "5dcb1dc4fb81105cd85bf09a",
			"slotId": "main",
			"location": {
				"x": 0,
				"y": 2,
				"r": 0
			},
			"upd": {
				"StackObjectsCount": 50
			}
		},
		{
			"_id": "5dcb1dc4fb81105cd85bf0a2",
			"_tpl": "59e6542b86f77411dc52a77a",
			"parentId": "5dcb1dc4fb81105cd85bf09a",
			"slotId": "main",
			"location": {
				"x": 1,
				"y": 2,
				"r": 0
			},
			"upd": {
				"StackObjectsCount": 50
			}
		},
		{
			"_id": "5dcb1dc4fb81105cd85bf0a3",
			"_tpl": "59e6542b86f77411dc52a77a",
			"parentId": "5dcb1dc4fb81105cd85bf09a",
			"slotId": "main",
			"location": {
				"x": 2,
				"y": 2,
				"r": 0
			},
			"upd": {
				"StackObjectsCount": 50
			}
		},
		{
			"_id": "5dcb1dc4fb81105cd85bf06c",
			"_tpl": "566abbc34bdc2d92178b4576"
		},
		{
			"_id": "5dcb1dc4fb81105cd85bf06f",
			"_tpl": "5963866b86f7747bfa1c4462"
		},
		{
			"_id": "5dcb1dc4fb81105cd85bf06e",
			"_tpl": "5963866286f7747bf429b572"
		}
	],
	"equipment": "5dcb1dc4fb81105cd85bf06d",
	"stash": "5dcb1dc4fb81105cd85bf06c",
	"questRaidItems": "5dcb1dc4fb81105cd85bf06e",
	"questStashItems": "5dcb1dc4fb81105cd85bf06f",
	"fastPanel": {}
}