{
	"items": [
		{
			"_id": "5dcb1de5d7ed5e035c439988",
			"_tpl": "55d7217a4bdc2d86028b456d"
		},
		{
			"_id": "5dcb1de5d7ed5e035c4399a5",
			"_tpl": "54491c4f4bdc2db1078b4568",
			"parentId": "5dcb1de5d7ed5e035c439988",
			"slotId": "FirstPrimaryWeapon"
		},
		{
			"_id": "5dcb1de5d7ed5e035c4399a6",
			"_tpl": "55d4491a4bdc2d882f8b456e",
			"parentId": "5dcb1de5d7ed5e035c4399a5",
			"slotId": "mod_barrel"
		},
		{
			"_id": "5dcb1de5d7ed5e035c4399a7",
			"_tpl": "55d45d3f4bdc2d972f8b456c",
			"parentId": "5dcb1de5d7ed5e035c4399a5",
			"slotId": "mod_handguard"
		},
		{
			"_id": "5dcb1de5d7ed5e035c4399a8",
			"_tpl": "56083a334bdc2dc8488b4571",
			"parentId": "5dcb1de5d7ed5e035c4399a5",
			"slotId": "mod_stock"
		},
		{
			"_id": "5dcb1de5d7ed5e035c4399a9",
			"_tpl": "55d48ebc4bdc2d8c2f8b456c",
			"parentId": "5dcb1de5d7ed5e035c4399a5",
			"slotId": "mod_mount_000"
		},
		{
			"_id": "5dcb1de5d7ed5e035c4399aa",
			"_tpl": "560d657b4bdc2da74d8b4572",
			"parentId": "5dcb1de5d7ed5e035c4399a9",
			"slotId": "mod_tactical_001"
		},
		{
			"_id": "5dcb1de5d7ed5e035c4399ab",
			"_tpl": "55d484b44bdc2d1d4e8b456d",
			"parentId": "5dcb1de5d7ed5e035c4399a5",
			"slotId": "mod_magazine"
		},
		{
			"_id": "5dcb1de5d7ed5e035c4399ac",
			"_tpl": "5d6e6869a4b9361c140bcfde",
			"parentId": "5dcb1de5d7ed5e035c4399ab",
			"slotId": "cartridges",
			"upd": {
				"StackObjectsCount": 6
			}
		},
		{
			"_id": "5dcb1de5d7ed5e035c4399ad",
			"_tpl": "5d6e6869a4b9361c140bcfde",
			"parentId": "5dcb1de5d7ed5e035c4399a5",
			"slotId": "patron_in_weapon",
			"upd": {
				"StackObjectsCount": 1
			}
		},
		{
			"_id": "5dcb1de5d7ed5e035c4399ae",
			"_tpl": "557ffd194bdc2d28148b457f",
			"parentId": "5dcb1de5d7ed5e035c439988",
			"slotId": "Pockets"
		},
		{
			"_id": "5dcb1de5d7ed5e035c4399bf",
			"_tpl": "56742c2e4bdc2d95058b456d",
			"parentId": "5dcb1de5d7ed5e035c4399ae",
			"slotId": "pocket1",
			"location": {
				"x": 0,
				"y": 0,
				"r": 0
			}
		},
		{
			"_id": "5dcb1de5d7ed5e035c4399af",
			"_tpl": "572b7adb24597762ae139821",
			"parentId": "5dcb1de5d7ed5e035c439988",
			"slotId": "TacticalVest"
		},
		{
			"_id": "5dcb1de5d7ed5e035c4399bc",
			"_tpl": "5d6e6869a4b9361c140bcfde",
			"parentId": "5dcb1de5d7ed5e035c4399af",
			"slotId": "1",
			"location": {
				"x": 0,
				"y": 0,
				"r": 0
			},
			"upd": {
				"StackObjectsCount": 14
			}
		},
		{
			"_id": "5dcb1de5d7ed5e035c4399bd",
			"_tpl": "5d6e6869a4b9361c140bcfde",
			"parentId": "5dcb1de5d7ed5e035c4399af",
			"slotId": "2",
			"location": {
				"x": 0,
				"y": 0,
				"r": 0
			},
			"upd": {
				"StackObjectsCount": 7
			}
		},
		{
			"_id": "5dcb1de5d7ed5e035c4399b0",
			"_tpl": "57e26ea924597715ca604a09",
			"parentId": "5dcb1de5d7ed5e035c439988",
			"slotId": "Scabbard"
		},
		{
			"_id": "5dcb1de5d7ed5e035c4399b1",
			"_tpl": "56e33680d2720be2748b4576",
			"parentId": "5dcb1de5d7ed5e035c439988",
			"slotId": "Backpack"
		},
		{
			"_id": "5dcb1de5d7ed5e035c4399c0",
			"_tpl": "5c0e530286f7747fa1419862",
			"parentId": "5dcb1de5d7ed5e035c4399b1",
			"slotId": "main",
			"location": {
				"x": 0,
				"y": 0,
				"r": 0
			}
		},
		{
			"_id": "5dcb1de5d7ed5e035c4399b2",
			"_tpl": "5857a8bc2459772bad15db29",
			"parentId": "5dcb1de5d7ed5e035c439988",
			"slotId": "SecuredContainer"
		},
		{
			"_id": "5dcb1de5d7ed5e035c4399b3",
			"_tpl": "5d6e6869a4b9361c140bcfde",
			"parentId": "5dcb1de5d7ed5e035c4399b2",
			"slotId": "main",
			"location": {
				"x": 0,
				"y": 0,
				"r": 0
			},
			"upd": {
				"StackObjectsCount": 20
			}
		},
		{
			"_id": "5dcb1de5d7ed5e035c4399b4",
			"_tpl": "5d6e6869a4b9361c140bcfde",
			"parentId": "5dcb1de5d7ed5e035c4399b2",
			"slotId": "main",
			"location": {
				"x": 1,
				"y": 0,
				"r": 0
			},
			"upd": {
				"StackObjectsCount": 20
			}
		},
		{
			"_id": "5dcb1de5d7ed5e035c4399b5",
			"_tpl": "5d6e6869a4b9361c140bcfde",
			"parentId": "5dcb1de5d7ed5e035c4399b2",
			"slotId": "main",
			"location": {
				"x": 2,
				"y": 0,
				"r": 0
			},
			"upd": {
				"StackObjectsCount": 20
			}
		},
		{
			"_id": "5dcb1de5d7ed5e035c4399b6",
			"_tpl": "5d6e6869a4b9361c140bcfde",
			"parentId": "5dcb1de5d7ed5e035c4399b2",
			"slotId": "main",
			"location": {
				"x": 0,
				"y": 1,
				"r": 0
			},
			"upd": {
				"StackObjectsCount": 20
			}
		},
		{
			"_id": "5dcb1de5d7ed5e035c4399b7",
			"_tpl": "5d6e6869a4b9361c140bcfde",
			"parentId": "5dcb1de5d7ed5e035c4399b2",
			"slotId": "main",
			"location": {
				"x": 1,
				"y": 1,
				"r": 0
			},
			"upd": {
				"StackObjectsCount": 20
			}
		},
		{
			"_id": "5dcb1de5d7ed5e035c4399b8",
			"_tpl": "5d6e6869a4b9361c140bcfde",
			"parentId": "5dcb1de5d7ed5e035c4399b2",
			"slotId": "main",
			"location": {
				"x": 2,
				"y": 1,
				"r": 0
			},
			"upd": {
				"StackObjectsCount": 20
			}
		},
		{
			"_id": "5dcb1de5d7ed5e035c4399b9",
			"_tpl": "5d6e6869a4b9361c140bcfde",
			"parentId": "5dcb1de5d7ed5e035c4399b2",
			"slotId": "main",
			"location": {
				"x": 0,
				"y": 2,
				"r": 0
			},
			"upd": {
				"StackObjectsCount": 20
			}
		},
		{
			"_id": "5dcb1de5d7ed5e035c4399ba",
			"_tpl": "5d6e6869a4b9361c140bcfde",
			"parentId": "5dcb1de5d7ed5e035c4399b2",
			"slotId": "main",
			"location": {
				"x": 1,
				"y": 2,
				"r": 0
			},
			"upd": {
				"StackObjectsCount": 20
			}
		},
		{
			"_id": "5dcb1de5d7ed5e035c4399bb",
			"_tpl": "5d6e6869a4b9361c140bcfde",
			"parentId": "5dcb1de5d7ed5e035c4399b2",
			"slotId": "main",
			"location": {
				"x": 2,
				"y": 2,
				"r": 0
			},
			"upd": {
				"StackObjectsCount": 20
			}
		},
		{
			"_id": "5dcb1de5d7ed5e035c439987",
			"_tpl": "566abbc34bdc2d92178b4576"
		},
		{
			"_id": "5dcb1de5d7ed5e035c43998a",
			"_tpl": "5963866b86f7747bfa1c4462"
		},
		{
			"_id": "5dcb1de5d7ed5e035c439989",
			"_tpl": "5963866286f7747bf429b572"
		}
	],
	"equipment": "5dcb1de5d7ed5e035c439988",
	"stash": "5dcb1de5d7ed5e035c439987",
	"questRaidItems": "5dcb1de5d7ed5e035c439989",
	"questStashItems": "5dcb1de5d7ed5e035c43998a",
	"fastPanel": {}
}