{
	"items": [
		{
			"_id": "5c6687d65e9d882c8841f0fd",
			"_tpl": "55d7217a4bdc2d86028b456d"
		},
		{
			"_id": "5c6687d65e9d882c8841f121",
			"_tpl": "557ffd194bdc2d28148b457f",
			"parentId": "5c6687d65e9d882c8841f0fd",
			"slotId": "Pockets"
		},
		{
			"_id": "5c6687d65e9d882c8841f0fc",
			"_tpl": "566abbc34bdc2d92178b4576"
		},
		{
			"_id": "5c6687d65e9d882c8841f0ff",
			"_tpl": "5963866b86f7747bfa1c4462"
		},
		{
			"_id": "5c6687d65e9d882c8841f0fe",
			"_tpl": "5963866286f7747bf429b572"
		},
		{
			"_id": "TacticalVest877736",
			"_tpl": "5929a2a086f7744f4b234d43",
			"parentId": "5c6687d65e9d882c8841f0fd",
			"slotId": "TacticalVest"
		},
		{
			"_id": "I210045392673706551ZsWZG",
			"_tpl": "583990e32459771419544dd2",
			"parentId": "5c6687d65e9d882c8841f0fd",
			"slotId": "FirstPrimaryWeapon"
		},
		{
			"_id": "I210045394435511789Njn4i",
			"_tpl": "5649ad3f4bdc2df8348b4585",
			"parentId": "I210045392673706551ZsWZG",
			"slotId": "mod_pistol_grip"
		},
		{
			"_id": "I210045391076337163QNK7Q",
			"_tpl": "57dc347d245977596754e7a1",
			"parentId": "I210045392673706551ZsWZG",
			"slotId": "mod_stock"
		},
		{
			"_id": "I210045395542881216KVsUl",
			"_tpl": "57dc324a24597759501edc20",
			"parentId": "I210045392673706551ZsWZG",
			"slotId": "mod_muzzle"
		},
		{
			"_id": "I210045396801263426tVuFF",
			"_tpl": "59d36a0086f7747e673f3946",
			"parentId": "I210045392673706551ZsWZG",
			"slotId": "mod_gas_block"
		},
		{
			"_id": "I210045399705350718pUbPd",
			"_tpl": "57dc32dc245977596d4ef3d3",
			"parentId": "I210045396801263426tVuFF",
			"slotId": "mod_handguard"
		},
		{
			"_id": "mag0Vest362032",
			"_tpl": "55d4837c4bdc2d1d4e8b456c",
			"parentId": "TacticalVest877736",
			"slotId": "3",
			"location": {
				"x": 0,
				"y": 0,
				"r": "Horizontal"
			}
		},
		{
			"_id": "AmmoMag0Vest358678",
			"_tpl": "56dff216d2720bbd668b4568",
			"parentId": "mag0Vest362032",
			"slotId": "cartridges",
			"upd": {
				"StackObjectsCount": 10
			}
		},
		{
			"_id": "mag0Vest641180",
			"_tpl": "55d4837c4bdc2d1d4e8b456c",
			"parentId": "TacticalVest877736",
			"slotId": "3",
			"location": {
				"x": 0,
				"y": 1,
				"r": "Horizontal"
			}
		},
		{
			"_id": "AmmoMag0Vest617254",
			"_tpl": "56dff0bed2720bb0668b4567",
			"parentId": "mag0Vest641180",
			"slotId": "cartridges",
			"upd": {
				"StackObjectsCount": 10
			}
		},
		{
			"_id": "mag2Vest385225",
			"_tpl": "55d4837c4bdc2d1d4e8b456c",
			"parentId": "TacticalVest877736",
			"slotId": "6",
			"location": {
				"x": 0,
				"y": 1,
				"r": "Horizontal"
			}
		},
		{
			"_id": "AmmoMag2Vest566819",
			"_tpl": "56dfef82d2720bbd668b4567",
			"parentId": "mag2Vest385225",
			"slotId": "cartridges",
			"upd": {
				"StackObjectsCount": 10
			}
		},
		{
			"_id": "StackAmmo60286822907",
			"_tpl": "56dff338d2720bbd668b4569",
			"parentId": "TacticalVest877736",
			"slotId": "2",
			"upd": {
				"StackObjectsCount": 36
			}
		},
		{
			"_id": "Scabbard533",
			"_tpl": "57e26fc7245977162a14b800",
			"parentId": "5c6687d65e9d882c8841f0fd",
			"slotId": "Scabbard"
		},
		{
			"_id": "Headwear88514",
			"_tpl": "5b4329075acfc400153b78ff",
			"parentId": "5c6687d65e9d882c8841f0fd",
			"slotId": "Headwear"
		},
		{
			"_id": "Eyewear811664",
			"_tpl": "5aa2b986e5b5b00014028f4c",
			"parentId": "5c6687d65e9d882c8841f0fd",
			"slotId": "Eyewear"
		},
		{
			"_id": "FaceCover819350",
			"_tpl": "5bd0716d86f774171822ef4b",
			"parentId": "5c6687d65e9d882c8841f0fd",
			"slotId": "FaceCover"
		},
		{
			"_id": "Pocket_585165",
			"_tpl": "590a358486f77429692b2790",
			"parentId": "5c6687d65e9d882c8841f121",
			"slotId": "pocket1",
			"location": {
				"x": 0,
				"y": 0,
				"r": "Horizontal"
			},
			"upd": {
				"SpawnedInSession": true
			}
		}
	],
	"equipment": "5c6687d65e9d882c8841f0fd",
	"stash": "5c6687d65e9d882c8841f0fc",
	"questRaidItems": "5c6687d65e9d882c8841f0fe",
	"questStashItems": "5c6687d65e9d882c8841f0ff",
	"fastPanel": {}
}