{
	"items": [
		{
			"_id": "5dcb1df6171ac3579029b411",
			"_tpl": "55d7217a4bdc2d86028b456d"
		},
		{
			"_id": "5dcb1df6171ac3579029b42f",
			"_tpl": "54491c4f4bdc2db1078b4568",
			"parentId": "5dcb1df6171ac3579029b411",
			"slotId": "FirstPrimaryWeapon"
		},
		{
			"_id": "5dcb1df6171ac3579029b430",
			"_tpl": "55d4491a4bdc2d882f8b456e",
			"parentId": "5dcb1df6171ac3579029b42f",
			"slotId": "mod_barrel"
		},
		{
			"_id": "5dcb1df6171ac3579029b431",
			"_tpl": "55d45d3f4bdc2d972f8b456c",
			"parentId": "5dcb1df6171ac3579029b42f",
			"slotId": "mod_handguard"
		},
		{
			"_id": "5dcb1df6171ac3579029b432",
			"_tpl": "56083be64bdc2d20478b456f",
			"parentId": "5dcb1df6171ac3579029b42f",
			"slotId": "mod_stock"
		},
		{
			"_id": "5dcb1df6171ac3579029b433",
			"_tpl": "55d48ebc4bdc2d8c2f8b456c",
			"parentId": "5dcb1df6171ac3579029b42f",
			"slotId": "mod_mount_000"
		},
		{
			"_id": "5dcb1df6171ac3579029b434",
			"_tpl": "57d17e212459775a1179a0f5",
			"parentId": "5dcb1df6171ac3579029b433",
			"slotId": "mod_tactical_001"
		},
		{
			"_id": "5dcb1df6171ac3579029b435",
			"_tpl": "57d17c5e2459775a5c57d17d",
			"parentId": "5dcb1df6171ac3579029b434",
			"slotId": "mod_flashlight"
		},
		{
			"_id": "5dcb1df6171ac3579029b436",
			"_tpl": "55d484b44bdc2d1d4e8b456d",
			"parentId": "5dcb1df6171ac3579029b42f",
			"slotId": "mod_magazine"
		},
		{
			"_id": "5dcb1df6171ac3579029b437",
			"_tpl": "560d5e524bdc2d25448b4571",
			"parentId": "5dcb1df6171ac3579029b436",
			"slotId": "cartridges",
			"upd": {
				"StackObjectsCount": 6
			}
		},
		{
			"_id": "5dcb1df6171ac3579029b438",
			"_tpl": "560d5e524bdc2d25448b4571",
			"parentId": "5dcb1df6171ac3579029b42f",
			"slotId": "patron_in_weapon",
			"upd": {
				"StackObjectsCount": 1
			}
		},
		{
			"_id": "5dcb1df6171ac3579029b439",
			"_tpl": "557ffd194bdc2d28148b457f",
			"parentId": "5dcb1df6171ac3579029b411",
			"slotId": "Pockets"
		},
		{
			"_id": "5dcb1df6171ac3579029b43a",
			"_tpl": "572b7adb24597762ae139821",
			"parentId": "5dcb1df6171ac3579029b411",
			"slotId": "TacticalVest"
		},
		{
			"_id": "5dcb1df6171ac3579029b446",
			"_tpl": "560d5e524bdc2d25448b4571",
			"parentId": "5dcb1df6171ac3579029b43a",
			"slotId": "1",
			"location": {
				"x": 0,
				"y": 0,
				"r": 0
			},
			"upd": {
				"StackObjectsCount": 14
			}
		},
		{
			"_id": "5dcb1df6171ac3579029b447",
			"_tpl": "560d5e524bdc2d25448b4571",
			"parentId": "5dcb1df6171ac3579029b43a",
			"slotId": "2",
			"location": {
				"x": 0,
				"y": 0,
				"r": 0
			},
			"upd": {
				"StackObjectsCount": 14
			}
		},
		{
			"_id": "5dcb1df6171ac3579029b43b",
			"_tpl": "5aa2b89be5b5b0001569311f",
			"parentId": "5dcb1df6171ac3579029b411",
			"slotId": "Headwear"
		},
		{
			"_id": "5dcb1df6171ac3579029b43c",
			"_tpl": "5857a8bc2459772bad15db29",
			"parentId": "5dcb1df6171ac3579029b411",
			"slotId": "SecuredContainer"
		},
		{
			"_id": "5dcb1df6171ac3579029b43d",
			"_tpl": "560d5e524bdc2d25448b4571",
			"parentId": "5dcb1df6171ac3579029b43c",
			"slotId": "main",
			"location": {
				"x": 0,
				"y": 0,
				"r": 0
			},
			"upd": {
				"StackObjectsCount": 20
			}
		},
		{
			"_id": "5dcb1df6171ac3579029b43e",
			"_tpl": "560d5e524bdc2d25448b4571",
			"parentId": "5dcb1df6171ac3579029b43c",
			"slotId": "main",
			"location": {
				"x": 1,
				"y": 0,
				"r": 0
			},
			"upd": {
				"StackObjectsCount": 20
			}
		},
		{
			"_id": "5dcb1df6171ac3579029b43f",
			"_tpl": "560d5e524bdc2d25448b4571",
			"parentId": "5dcb1df6171ac3579029b43c",
			"slotId": "main",
			"location": {
				"x": 2,
				"y": 0,
				"r": 0
			},
			"upd": {
				"StackObjectsCount": 20
			}
		},
		{
			"_id": "5dcb1df6171ac3579029b440",
			"_tpl": "560d5e524bdc2d25448b4571",
			"parentId": "5dcb1df6171ac3579029b43c",
			"slotId": "main",
			"location": {
				"x": 0,
				"y": 1,
				"r": 0
			},
			"upd": {
				"StackObjectsCount": 20
			}
		},
		{
			"_id": "5dcb1df6171ac3579029b441",
			"_tpl": "560d5e524bdc2d25448b4571",
			"parentId": "5dcb1df6171ac3579029b43c",
			"slotId": "main",
			"location": {
				"x": 1,
				"y": 1,
				"r": 0
			},
			"upd": {
				"StackObjectsCount": 20
			}
		},
		{
			"_id": "5dcb1df6171ac3579029b442",
			"_tpl": "560d5e524bdc2d25448b4571",
			"parentId": "5dcb1df6171ac3579029b43c",
			"slotId": "main",
			"location": {
				"x": 2,
				"y": 1,
				"r": 0
			},
			"upd": {
				"StackObjectsCount": 20
			}
		},
		{
			"_id": "5dcb1df6171ac3579029b443",
			"_tpl": "560d5e524bdc2d25448b4571",
			"parentId": "5dcb1df6171ac3579029b43c",
			"slotId": "main",
			"location": {
				"x": 0,
				"y": 2,
				"r": 0
			},
			"upd": {
				"StackObjectsCount": 20
			}
		},
		{
			"_id": "5dcb1df6171ac3579029b444",
			"_tpl": "560d5e524bdc2d25448b4571",
			"parentId": "5dcb1df6171ac3579029b43c",
			"slotId": "main",
			"location": {
				"x": 1,
				"y": 2,
				"r": 0
			},
			"upd": {
				"StackObjectsCount": 20
			}
		},
		{
			"_id": "5dcb1df6171ac3579029b445",
			"_tpl": "560d5e524bdc2d25448b4571",
			"parentId": "5dcb1df6171ac3579029b43c",
			"slotId": "main",
			"location": {
				"x": 2,
				"y": 2,
				"r": 0
			},
			"upd": {
				"StackObjectsCount": 20
			}
		},
		{
			"_id": "5dcb1df6171ac3579029b410",
			"_tpl": "566abbc34bdc2d92178b4576"
		},
		{
			"_id": "5dcb1df6171ac3579029b413",
			"_tpl": "5963866b86f7747bfa1c4462"
		},
		{
			"_id": "5dcb1df6171ac3579029b412",
			"_tpl": "5963866286f7747bf429b572"
		}
	],
	"equipment": "5dcb1df6171ac3579029b411",
	"stash": "5dcb1df6171ac3579029b410",
	"questRaidItems": "5dcb1df6171ac3579029b412",
	"questStashItems": "5dcb1df6171ac3579029b413",
	"fastPanel": {}
}