{
	"items": [
		{
			"_id": "5c6687d65e9d882c8841f0fd",
			"_tpl": "55d7217a4bdc2d86028b456d"
		},
		{
			"_id": "5c6687d65e9d882c8841f121",
			"_tpl": "557ffd194bdc2d28148b457f",
			"parentId": "5c6687d65e9d882c8841f0fd",
			"slotId": "Pockets"
		},
		{
			"_id": "5c6687d65e9d882c8841f0fc",
			"_tpl": "566abbc34bdc2d92178b4576"
		},
		{
			"_id": "5c6687d65e9d882c8841f0ff",
			"_tpl": "5963866b86f7747bfa1c4462"
		},
		{
			"_id": "5c6687d65e9d882c8841f0fe",
			"_tpl": "5963866286f7747bf429b572"
		},
		{
			"_id": "TacticalVest907275",
			"_tpl": "5929a2a086f7744f4b234d43",
			"parentId": "5c6687d65e9d882c8841f0fd",
			"slotId": "TacticalVest"
		},
		{
			"_id": "I210018144519737213jGmrr",
			"_tpl": "576165642459773c7a400233",
			"parentId": "5c6687d65e9d882c8841f0fd",
			"slotId": "FirstPrimaryWeapon"
		},
		{
			"_id": "I2100181467409493707kVVO",
			"_tpl": "576169e62459773c69055191",
			"parentId": "I210018144519737213jGmrr",
			"slotId": "mod_handguard"
		},
		{
			"_id": "I210018148314052151tHyi6",
			"_tpl": "576167ab2459773cad038c43",
			"parentId": "I210018144519737213jGmrr",
			"slotId": "mod_muzzle"
		},
		{
			"_id": "I210018143827109655PHMj1",
			"_tpl": "5649ade84bdc2d1b2b8b4587",
			"parentId": "I210018144519737213jGmrr",
			"slotId": "mod_pistol_grip"
		},
		{
			"_id": "I210018141975463988Sah2E",
			"_tpl": "57616c112459773cce774d66",
			"parentId": "I210018144519737213jGmrr",
			"slotId": "mod_reciever"
		},
		{
			"_id": "I210018148028521873klCzc",
			"_tpl": "57a9b9ce2459770ee926038d",
			"parentId": "I210018144519737213jGmrr",
			"slotId": "mod_sight_rear",
			"upd": {
				"Sight": {
					"SelectedSightMode": 0
				}
			}
		},
		{
			"_id": "I210018147302869413n68oc",
			"_tpl": "57616ca52459773c69055192",
			"parentId": "I210018144519737213jGmrr",
			"slotId": "mod_stock"
		},
		{
			"_id": "MagazineWeaponScav4298",
			"_tpl": "57616a9e2459773c7a400234",
			"parentId": "I210018144519737213jGmrr",
			"slotId": "mod_magazine"
		},
		{
			"_id": "AmmoMag15806",
			"_tpl": "5d6e67fba4b9361bc73bc779",
			"parentId": "MagazineWeaponScav4298",
			"slotId": "cartridges",
			"upd": {
				"StackObjectsCount": 5
			}
		},
		{
			"_id": "mag1Vest905180",
			"_tpl": "57616a9e2459773c7a400234",
			"parentId": "TacticalVest907275",
			"slotId": "4",
			"location": {
				"x": 0,
				"y": 0,
				"r": "Horizontal"
			}
		},
		{
			"_id": "AmmoMag1Vest108909",
			"_tpl": "5d6fbf68a4b9362233221f6b",
			"parentId": "mag1Vest905180",
			"slotId": "cartridges",
			"upd": {
				"StackObjectsCount": 5
			}
		},
		{
			"_id": "StackAmmo25768613913",
			"_tpl": "5d6e689ca4b9361bc8618956",
			"parentId": "TacticalVest907275",
			"slotId": "1",
			"upd": {
				"StackObjectsCount": 13
			}
		},
		null,
		{
			"_id": "Scabbard765980",
			"_tpl": "54491bb74bdc2d09088b4567",
			"parentId": "5c6687d65e9d882c8841f0fd",
			"slotId": "Scabbard"
		},
		{
			"_id": "Headwear572798",
			"_tpl": "5a43957686f7742a2c2f11b0",
			"parentId": "5c6687d65e9d882c8841f0fd",
			"slotId": "Headwear"
		},
		{
			"_id": "Eyewear631746",
			"_tpl": "59e770b986f7742cbd762754",
			"parentId": "5c6687d65e9d882c8841f0fd",
			"slotId": "Eyewear"
		},
		{
			"_id": "FaceCover851621",
			"_tpl": "572b7f1624597762ae139822",
			"parentId": "5c6687d65e9d882c8841f0fd",
			"slotId": "FaceCover"
		},
		{
			"_id": "ArmorVest667368",
			"_tpl": "5c0e541586f7747fa54205c9",
			"parentId": "5c6687d65e9d882c8841f0fd",
			"slotId": "ArmorVest",
			"upd": {
				"Repairable": {
					"MaxDurability": 60,
					"Durability": 30
				}
			}
		},
		{
			"_id": "Pocket_500059",
			"_tpl": "5914578086f774123569ffa4",
			"parentId": "5c6687d65e9d882c8841f121",
			"slotId": "pocket1",
			"location": {
				"x": 0,
				"y": 0,
				"r": "Horizontal"
			},
			"upd": {
				"SpawnedInSession": true
			}
		}
	],
	"equipment": "5c6687d65e9d882c8841f0fd",
	"stash": "5c6687d65e9d882c8841f0fc",
	"questRaidItems": "5c6687d65e9d882c8841f0fe",
	"questStashItems": "5c6687d65e9d882c8841f0ff",
	"fastPanel": {}
}