{
	"items": [
		{
			"_id": "5dcb1df1cc51617bf52d8a81",
			"_tpl": "55d7217a4bdc2d86028b456d"
		},
		{
			"_id": "5dcb1df1cc51617bf52d8aa3",
			"_tpl": "5ac4cd105acfc40016339859",
			"parentId": "5dcb1df1cc51617bf52d8a81",
			"slotId": "FirstPrimaryWeapon"
		},
		{
			"_id": "5dcb1df1cc51617bf52d8aa4",
			"_tpl": "59c6633186f7740cf0493bb9",
			"parentId": "5dcb1df1cc51617bf52d8aa3",
			"slotId": "mod_gas_block"
		},
		{
			"_id": "5dcb1df1cc51617bf52d8aa5",
			"_tpl": "5648b1504bdc2d9d488b4584",
			"parentId": "5dcb1df1cc51617bf52d8aa4",
			"slotId": "mod_handguard"
		},
		{
			"_id": "5dcb1df1cc51617bf52d8aa6",
			"_tpl": "5ac7655e5acfc40016339a19",
			"parentId": "5dcb1df1cc51617bf52d8aa3",
			"slotId": "mod_muzzle"
		},
		{
			"_id": "5dcb1df1cc51617bf52d8aa7",
			"_tpl": "5649ade84bdc2d1b2b8b4587",
			"parentId": "5dcb1df1cc51617bf52d8aa3",
			"slotId": "mod_pistol_grip"
		},
		{
			"_id": "5dcb1df1cc51617bf52d8aa8",
			"_tpl": "5ac50da15acfc4001718d287",
			"parentId": "5dcb1df1cc51617bf52d8aa3",
			"slotId": "mod_reciever"
		},
		{
			"_id": "5dcb1df1cc51617bf52d8aa9",
			"_tpl": "5ac72e475acfc400180ae6fe",
			"parentId": "5dcb1df1cc51617bf52d8aa3",
			"slotId": "mod_sight_rear"
		},
		{
			"_id": "5dcb1df1cc51617bf52d8aaa",
			"_tpl": "5ac50c185acfc400163398d4",
			"parentId": "5dcb1df1cc51617bf52d8aa3",
			"slotId": "mod_stock"
		},
		{
			"_id": "5dcb1df1cc51617bf52d8aac",
			"_tpl": "55d480c04bdc2d1d4e8b456a",
			"parentId": "5dcb1df1cc51617bf52d8aa3",
			"slotId": "mod_magazine"
		},
		{
			"_id": "5dcb1df1cc51617bf52d8aad",
			"_tpl": "56dff3afd2720bba668b4567",
			"parentId": "5dcb1df1cc51617bf52d8aac",
			"slotId": "cartridges",
			"upd": {
				"StackObjectsCount": 30
			}
		},
		{
			"_id": "5dcb1df1cc51617bf52d8aae",
			"_tpl": "557ffd194bdc2d28148b457f",
			"parentId": "5dcb1df1cc51617bf52d8a81",
			"slotId": "Pockets"
		},
		{
			"_id": "5dcb1df1cc51617bf52d8aaf",
			"_tpl": "572b7adb24597762ae139821",
			"parentId": "5dcb1df1cc51617bf52d8a81",
			"slotId": "TacticalVest"
		},
		{
			"_id": "5dcb1df1cc51617bf52d8abe",
			"_tpl": "55d480c04bdc2d1d4e8b456a",
			"parentId": "5dcb1df1cc51617bf52d8aaf",
			"slotId": "2",
			"location": {
				"x": 0,
				"y": 0,
				"r": 0
			}
		},
		{
			"_id": "5dcb1df1cc51617bf52d8abf",
			"_tpl": "56dff3afd2720bba668b4567",
			"parentId": "5dcb1df1cc51617bf52d8abe",
			"slotId": "cartridges",
			"upd": {
				"StackObjectsCount": 30
			}
		},
		{
			"_id": "5dcb1df1cc51617bf52d8ab0",
			"_tpl": "5aa2b923e5b5b000137b7589",
			"parentId": "5dcb1df1cc51617bf52d8a81",
			"slotId": "Eyewear"
		},
		{
			"_id": "5dcb1df1cc51617bf52d8ab1",
			"_tpl": "572b7f1624597762ae139822",
			"parentId": "5dcb1df1cc51617bf52d8a81",
			"slotId": "FaceCover"
		},
		{
			"_id": "5dcb1df1cc51617bf52d8ab2",
			"_tpl": "57e26fc7245977162a14b800",
			"parentId": "5dcb1df1cc51617bf52d8a81",
			"slotId": "Scabbard"
		},
		{
			"_id": "5dcb1df1cc51617bf52d8ab3",
			"_tpl": "56e335e4d2720b6c058b456d",
			"parentId": "5dcb1df1cc51617bf52d8a81",
			"slotId": "Backpack"
		},
		{
			"_id": "5dcb1df1cc51617bf52d8ac2",
			"_tpl": "57513f07245977207e26a311",
			"parentId": "5dcb1df1cc51617bf52d8ab3",
			"slotId": "main",
			"location": {
				"x": 0,
				"y": 0,
				"r": 0
			},
			"upd": {
				"FoodDrink": {
					"HpPercent": 32
				}
			}
		},
		{
			"_id": "5dcb1df1cc51617bf52d8ac3",
			"_tpl": "57513f07245977207e26a311",
			"parentId": "5dcb1df1cc51617bf52d8ab3",
			"slotId": "main",
			"location": {
				"x": 1,
				"y": 0,
				"r": 0
			},
			"upd": {
				"FoodDrink": {
					"HpPercent": 40
				}
			}
		},
		{
			"_id": "5dcb1df1cc51617bf52d8ac4",
			"_tpl": "591afe0186f77431bd616a11",
			"parentId": "5dcb1df1cc51617bf52d8ab3",
			"slotId": "main",
			"location": {
				"x": 2,
				"y": 0,
				"r": 0
			}
		},
		{
			"_id": "5dcb1df1cc51617bf52d8ab4",
			"_tpl": "5857a8bc2459772bad15db29",
			"parentId": "5dcb1df1cc51617bf52d8a81",
			"slotId": "SecuredContainer"
		},
		{
			"_id": "5dcb1df1cc51617bf52d8ab5",
			"_tpl": "56dff3afd2720bba668b4567",
			"parentId": "5dcb1df1cc51617bf52d8ab4",
			"slotId": "main",
			"location": {
				"x": 0,
				"y": 0,
				"r": 0
			},
			"upd": {
				"StackObjectsCount": 60
			}
		},
		{
			"_id": "5dcb1df1cc51617bf52d8ab6",
			"_tpl": "56dff3afd2720bba668b4567",
			"parentId": "5dcb1df1cc51617bf52d8ab4",
			"slotId": "main",
			"location": {
				"x": 1,
				"y": 0,
				"r": 0
			},
			"upd": {
				"StackObjectsCount": 60
			}
		},
		{
			"_id": "5dcb1df1cc51617bf52d8ab7",
			"_tpl": "56dff3afd2720bba668b4567",
			"parentId": "5dcb1df1cc51617bf52d8ab4",
			"slotId": "main",
			"location": {
				"x": 2,
				"y": 0,
				"r": 0
			},
			"upd": {
				"StackObjectsCount": 60
			}
		},
		{
			"_id": "5dcb1df1cc51617bf52d8ab8",
			"_tpl": "56dff3afd2720bba668b4567",
			"parentId": "5dcb1df1cc51617bf52d8ab4",
			"slotId": "main",
			"location": {
				"x": 0,
				"y": 1,
				"r": 0
			},
			"upd": {
				"StackObjectsCount": 60
			}
		},
		{
			"_id": "5dcb1df1cc51617bf52d8ab9",
			"_tpl": "56dff3afd2720bba668b4567",
			"parentId": "5dcb1df1cc51617bf52d8ab4",
			"slotId": "main",
			"location": {
				"x": 1,
				"y": 1,
				"r": 0
			},
			"upd": {
				"StackObjectsCount": 60
			}
		},
		{
			"_id": "5dcb1df1cc51617bf52d8aba",
			"_tpl": "56dff3afd2720bba668b4567",
			"parentId": "5dcb1df1cc51617bf52d8ab4",
			"slotId": "main",
			"location": {
				"x": 2,
				"y": 1,
				"r": 0
			},
			"upd": {
				"StackObjectsCount": 60
			}
		},
		{
			"_id": "5dcb1df1cc51617bf52d8abb",
			"_tpl": "56dff3afd2720bba668b4567",
			"parentId": "5dcb1df1cc51617bf52d8ab4",
			"slotId": "main",
			"location": {
				"x": 0,
				"y": 2,
				"r": 0
			},
			"upd": {
				"StackObjectsCount": 60
			}
		},
		{
			"_id": "5dcb1df1cc51617bf52d8abc",
			"_tpl": "56dff3afd2720bba668b4567",
			"parentId": "5dcb1df1cc51617bf52d8ab4",
			"slotId": "main",
			"location": {
				"x": 1,
				"y": 2,
				"r": 0
			},
			"upd": {
				"StackObjectsCount": 60
			}
		},
		{
			"_id": "5dcb1df1cc51617bf52d8abd",
			"_tpl": "56dff3afd2720bba668b4567",
			"parentId": "5dcb1df1cc51617bf52d8ab4",
			"slotId": "main",
			"location": {
				"x": 2,
				"y": 2,
				"r": 0
			},
			"upd": {
				"StackObjectsCount": 60
			}
		},
		{
			"_id": "5dcb1df1cc51617bf52d8a80",
			"_tpl": "566abbc34bdc2d92178b4576"
		},
		{
			"_id": "5dcb1df1cc51617bf52d8a83",
			"_tpl": "5963866b86f7747bfa1c4462"
		},
		{
			"_id": "5dcb1df1cc51617bf52d8a82",
			"_tpl": "5963866286f7747bf429b572"
		}
	],
	"equipment": "5dcb1df1cc51617bf52d8a81",
	"stash": "5dcb1df1cc51617bf52d8a80",
	"questRaidItems": "5dcb1df1cc51617bf52d8a82",
	"questStashItems": "5dcb1df1cc51617bf52d8a83",
	"fastPanel": {}
}