{
	"items": [
		{
			"_id": "5dcb1de5d7ed5e035c438f6c",
			"_tpl": "55d7217a4bdc2d86028b456d"
		},
		{
			"_id": "5dcb1de5d7ed5e035c438f93",
			"_tpl": "59f9cabd86f7743a10721f46",
			"parentId": "5dcb1de5d7ed5e035c438f6c",
			"slotId": "FirstPrimaryWeapon"
		},
		{
			"_id": "5dcb1de5d7ed5e035c438f94",
			"_tpl": "5998517986f7746017232f7e",
			"parentId": "5dcb1de5d7ed5e035c438f93",
			"slotId": "mod_pistol_grip"
		},
		{
			"_id": "5dcb1de5d7ed5e035c438f95",
			"_tpl": "59ccd11386f77428f24a488f",
			"parentId": "5dcb1de5d7ed5e035c438f93",
			"slotId": "mod_gas_block"
		},
		{
			"_id": "5dcb1de5d7ed5e035c438f96",
			"_tpl": "5648b1504bdc2d9d488b4584",
			"parentId": "5dcb1de5d7ed5e035c438f95",
			"slotId": "mod_handguard"
		},
		{
			"_id": "5dcb1de5d7ed5e035c438f97",
			"_tpl": "599851db86f77467372f0a18",
			"parentId": "5dcb1de5d7ed5e035c438f93",
			"slotId": "mod_stock"
		},
		{
			"_id": "5dcb1de5d7ed5e035c438f98",
			"_tpl": "5998598e86f7740b3f498a86",
			"parentId": "5dcb1de5d7ed5e035c438f93",
			"slotId": "mod_muzzle"
		},
		{
			"_id": "5dcb1de5d7ed5e035c438f99",
			"_tpl": "59985a8086f77414ec448d1a",
			"parentId": "5dcb1de5d7ed5e035c438f93",
			"slotId": "mod_reciever"
		},
		{
			"_id": "5dcb1de5d7ed5e035c438f9a",
			"_tpl": "599860e986f7743bb57573a6",
			"parentId": "5dcb1de5d7ed5e035c438f93",
			"slotId": "mod_sight_rear"
		},
		{
			"_id": "5dcb1de5d7ed5e035c438f9b",
			"_tpl": "5998529a86f774647f44f421",
			"parentId": "5dcb1de5d7ed5e035c438f93",
			"slotId": "mod_magazine"
		},
		{
			"_id": "5dcb1de5d7ed5e035c438f9c",
			"_tpl": "56d59d3ad2720bdb418b4577",
			"parentId": "5dcb1de5d7ed5e035c438f9b",
			"slotId": "cartridges",
			"upd": {
				"StackObjectsCount": 10
			}
		},
		{
			"_id": "5dcb1de5d7ed5e035c438f9d",
			"_tpl": "56d59d3ad2720bdb418b4577",
			"parentId": "5dcb1de5d7ed5e035c438f93",
			"slotId": "patron_in_weapon",
			"upd": {
				"StackObjectsCount": 1
			}
		},
		{
			"_id": "5dcb1de5d7ed5e035c438f9e",
			"_tpl": "557ffd194bdc2d28148b457f",
			"parentId": "5dcb1de5d7ed5e035c438f6c",
			"slotId": "Pockets"
		},
		{
			"_id": "5dcb1de5d7ed5e035c438f9f",
			"_tpl": "5d5d646386f7742797261fd9",
			"parentId": "5dcb1de5d7ed5e035c438f6c",
			"slotId": "TacticalVest"
		},
		{
			"_id": "5dcb1de5d7ed5e035c438fac",
			"_tpl": "5998529a86f774647f44f421",
			"parentId": "5dcb1de5d7ed5e035c438f9f",
			"slotId": "3",
			"location": {
				"x": 0,
				"y": 0,
				"r": 0
			}
		},
		{
			"_id": "5dcb1de5d7ed5e035c438fad",
			"_tpl": "56d59d3ad2720bdb418b4577",
			"parentId": "5dcb1de5d7ed5e035c438fac",
			"slotId": "cartridges",
			"upd": {
				"StackObjectsCount": 10
			}
		},
		{
			"_id": "5dcb1de5d7ed5e035c438fae",
			"_tpl": "5998529a86f774647f44f421",
			"parentId": "5dcb1de5d7ed5e035c438f9f",
			"slotId": "4",
			"location": {
				"x": 0,
				"y": 0,
				"r": 0
			}
		},
		{
			"_id": "5dcb1de5d7ed5e035c438faf",
			"_tpl": "56d59d3ad2720bdb418b4577",
			"parentId": "5dcb1de5d7ed5e035c438fae",
			"slotId": "cartridges",
			"upd": {
				"StackObjectsCount": 10
			}
		},
		{
			"_id": "5dcb1de5d7ed5e035c438fb0",
			"_tpl": "5998529a86f774647f44f421",
			"parentId": "5dcb1de5d7ed5e035c438f9f",
			"slotId": "5",
			"location": {
				"x": 0,
				"y": 0,
				"r": 0
			}
		},
		{
			"_id": "5dcb1de5d7ed5e035c438fb1",
			"_tpl": "56d59d3ad2720bdb418b4577",
			"parentId": "5dcb1de5d7ed5e035c438fb0",
			"slotId": "cartridges",
			"upd": {
				"StackObjectsCount": 10
			}
		},
		{
			"_id": "5dcb1de5d7ed5e035c438fa0",
			"_tpl": "5ab8f4ff86f77431c60d91ba",
			"parentId": "5dcb1de5d7ed5e035c438f6c",
			"slotId": "FaceCover"
		},
		{
			"_id": "5dcb1de5d7ed5e035c438fa1",
			"_tpl": "57e26ea924597715ca604a09",
			"parentId": "5dcb1de5d7ed5e035c438f6c",
			"slotId": "Scabbard"
		},
		{
			"_id": "5dcb1de5d7ed5e035c438fa2",
			"_tpl": "5857a8bc2459772bad15db29",
			"parentId": "5dcb1de5d7ed5e035c438f6c",
			"slotId": "SecuredContainer"
		},
		{
			"_id": "5dcb1de5d7ed5e035c438fa3",
			"_tpl": "56d59d3ad2720bdb418b4577",
			"parentId": "5dcb1de5d7ed5e035c438fa2",
			"slotId": "main",
			"location": {
				"x": 0,
				"y": 0,
				"r": 0
			},
			"upd": {
				"StackObjectsCount": 50
			}
		},
		{
			"_id": "5dcb1de5d7ed5e035c438fa4",
			"_tpl": "56d59d3ad2720bdb418b4577",
			"parentId": "5dcb1de5d7ed5e035c438fa2",
			"slotId": "main",
			"location": {
				"x": 1,
				"y": 0,
				"r": 0
			},
			"upd": {
				"StackObjectsCount": 50
			}
		},
		{
			"_id": "5dcb1de5d7ed5e035c438fa5",
			"_tpl": "56d59d3ad2720bdb418b4577",
			"parentId": "5dcb1de5d7ed5e035c438fa2",
			"slotId": "main",
			"location": {
				"x": 2,
				"y": 0,
				"r": 0
			},
			"upd": {
				"StackObjectsCount": 50
			}
		},
		{
			"_id": "5dcb1de5d7ed5e035c438fa6",
			"_tpl": "56d59d3ad2720bdb418b4577",
			"parentId": "5dcb1de5d7ed5e035c438fa2",
			"slotId": "main",
			"location": {
				"x": 0,
				"y": 1,
				"r": 0
			},
			"upd": {
				"StackObjectsCount": 50
			}
		},
		{
			"_id": "5dcb1de5d7ed5e035c438fa7",
			"_tpl": "56d59d3ad2720bdb418b4577",
			"parentId": "5dcb1de5d7ed5e035c438fa2",
			"slotId": "main",
			"location": {
				"x": 1,
				"y": 1,
				"r": 0
			},
			"upd": {
				"StackObjectsCount": 50
			}
		},
		{
			"_id": "5dcb1de5d7ed5e035c438fa8",
			"_tpl": "56d59d3ad2720bdb418b4577",
			"parentId": "5dcb1de5d7ed5e035c438fa2",
			"slotId": "main",
			"location": {
				"x": 2,
				"y": 1,
				"r": 0
			},
			"upd": {
				"StackObjectsCount": 50
			}
		},
		{
			"_id": "5dcb1de5d7ed5e035c438fa9",
			"_tpl": "56d59d3ad2720bdb418b4577",
			"parentId": "5dcb1de5d7ed5e035c438fa2",
			"slotId": "main",
			"location": {
				"x": 0,
				"y": 2,
				"r": 0
			},
			"upd": {
				"StackObjectsCount": 50
			}
		},
		{
			"_id": "5dcb1de5d7ed5e035c438faa",
			"_tpl": "56d59d3ad2720bdb418b4577",
			"parentId": "5dcb1de5d7ed5e035c438fa2",
			"slotId": "main",
			"location": {
				"x": 1,
				"y": 2,
				"r": 0
			},
			"upd": {
				"StackObjectsCount": 50
			}
		},
		{
			"_id": "5dcb1de5d7ed5e035c438fab",
			"_tpl": "56d59d3ad2720bdb418b4577",
			"parentId": "5dcb1de5d7ed5e035c438fa2",
			"slotId": "main",
			"location": {
				"x": 2,
				"y": 2,
				"r": 0
			},
			"upd": {
				"StackObjectsCount": 50
			}
		},
		{
			"_id": "5dcb1de5d7ed5e035c438f6b",
			"_tpl": "566abbc34bdc2d92178b4576"
		},
		{
			"_id": "5dcb1de5d7ed5e035c438f6e",
			"_tpl": "5963866b86f7747bfa1c4462"
		},
		{
			"_id": "5dcb1de5d7ed5e035c438f6d",
			"_tpl": "5963866286f7747bf429b572"
		}
	],
	"equipment": "5dcb1de5d7ed5e035c438f6c",
	"stash": "5dcb1de5d7ed5e035c438f6b",
	"questRaidItems": "5dcb1de5d7ed5e035c438f6d",
	"questStashItems": "5dcb1de5d7ed5e035c438f6e",
	"fastPanel": {}
}