{
	"items": [
		{
			"_id": "5c6687d65e9d882c8841f0fd",
			"_tpl": "55d7217a4bdc2d86028b456d"
		},
		{
			"_id": "5c6687d65e9d882c8841f121",
			"_tpl": "557ffd194bdc2d28148b457f",
			"parentId": "5c6687d65e9d882c8841f0fd",
			"slotId": "Pockets"
		},
		{
			"_id": "5c6687d65e9d882c8841f0fc",
			"_tpl": "566abbc34bdc2d92178b4576"
		},
		{
			"_id": "5c6687d65e9d882c8841f0ff",
			"_tpl": "5963866b86f7747bfa1c4462"
		},
		{
			"_id": "5c6687d65e9d882c8841f0fe",
			"_tpl": "5963866286f7747bf429b572"
		},
		{
			"_id": "TacticalVest598335",
			"_tpl": "5648a69d4bdc2ded0b8b457b",
			"parentId": "5c6687d65e9d882c8841f0fd",
			"slotId": "TacticalVest"
		},
		{
			"_id": "I2100471261075354865bdRb",
			"_tpl": "59d6088586f774275f37482f",
			"parentId": "5c6687d65e9d882c8841f0fd",
			"slotId": "FirstPrimaryWeapon"
		},
		{
			"_id": "I210047121106719966NtNmS",
			"_tpl": "59d64ec286f774171d1e0a42",
			"parentId": "I2100471261075354865bdRb",
			"slotId": "mod_gas_block"
		},
		{
			"_id": "I210047127082218441EifCN",
			"_tpl": "59d64fc686f774171b243fe2",
			"parentId": "I2100471261075354865bdRb",
			"slotId": "mod_muzzle"
		},
		{
			"_id": "I210047125287809677hErzr",
			"_tpl": "59e62cc886f77440d40b52a1",
			"parentId": "I2100471261075354865bdRb",
			"slotId": "mod_pistol_grip"
		},
		{
			"_id": "I210047125614823091xhAHP",
			"_tpl": "59d650cf86f7741b846413a4",
			"parentId": "I2100471261075354865bdRb",
			"slotId": "mod_sight_rear",
			"upd": {
				"Sight": {
					"SelectedSightMode": 0
				}
			}
		},
		{
			"_id": "I210047127374219923waAe6",
			"_tpl": "59d64f2f86f77417193ef8b3",
			"parentId": "I210047121106719966NtNmS",
			"slotId": "mod_handguard"
		},
		{
			"_id": "I21001757668557060Bjv1eC",
			"_tpl": "571a12c42459771f627b58a0",
			"parentId": "5c6687d65e9d882c8841f0fd",
			"slotId": "Holster"
		},
		{
			"_id": "I21001752545861522Hrs7bx",
			"_tpl": "571a26d524597720680fbe8a",
			"parentId": "I21001757668557060Bjv1eC",
			"slotId": "mod_barrel"
		},
		{
			"_id": "I21001756958578917Q4Swdx",
			"_tpl": "571a282c2459771fb2755a69",
			"parentId": "I21001757668557060Bjv1eC",
			"slotId": "mod_pistol_grip"
		},
		{
			"_id": "AmmoMag189109",
			"_tpl": "573603562459776430731618",
			"parentId": "I21001752964453656ilQvg2",
			"slotId": "cartridges",
			"upd": {
				"StackObjectsCount": 8
			}
		},
		{
			"_id": "I21001752964453656ilQvg2",
			"_tpl": "571a29dc2459771fb2755a6a",
			"parentId": "I21001757668557060Bjv1eC",
			"slotId": "mod_magazine"
		},
		{
			"_id": "mag2Vest819254",
			"_tpl": "5cfe8010d7ad1a59283b14c6",
			"parentId": "TacticalVest598335",
			"slotId": "3",
			"location": {
				"x": 0,
				"y": 0,
				"r": "Horizontal"
			}
		},
		{
			"_id": "AmmoMag2Vest267310",
			"_tpl": "5656d7c34bdc2d9d198b4587",
			"parentId": "mag2Vest819254",
			"slotId": "cartridges",
			"upd": {
				"StackObjectsCount": 50
			}
		},
		{
			"_id": "mag3Vest109271",
			"_tpl": "5cfe8010d7ad1a59283b14c6",
			"parentId": "TacticalVest598335",
			"slotId": "10",
			"location": {
				"x": 0,
				"y": 0,
				"r": "Horizontal"
			}
		},
		{
			"_id": "AmmoMag3Vest290013",
			"_tpl": "59e4d3d286f774176a36250a",
			"parentId": "mag3Vest109271",
			"slotId": "cartridges",
			"upd": {
				"StackObjectsCount": 50
			}
		},
		{
			"_id": "mag0Vest324276",
			"_tpl": "5cfe8010d7ad1a59283b14c6",
			"parentId": "TacticalVest598335",
			"slotId": "5",
			"location": {
				"x": 1,
				"y": 0,
				"r": "Horizontal"
			}
		},
		{
			"_id": "AmmoMag0Vest159417",
			"_tpl": "59e4cf5286f7741778269d8a",
			"parentId": "mag0Vest324276",
			"slotId": "cartridges",
			"upd": {
				"StackObjectsCount": 50
			}
		},
		{
			"_id": "StackAmmo65865474241",
			"_tpl": "59e0d99486f7744a32234762",
			"parentId": "TacticalVest598335",
			"slotId": "6",
			"upd": {
				"StackObjectsCount": 57
			}
		},
		{
			"_id": "StackAmmo78531485049",
			"_tpl": "5656d7c34bdc2d9d198b4587",
			"parentId": "TacticalVest598335",
			"slotId": "8",
			"upd": {
				"StackObjectsCount": 7
			}
		},
		{
			"_id": "magP1Vest65092",
			"_tpl": "571a29dc2459771fb2755a6a",
			"parentId": "TacticalVest598335",
			"slotId": "2",
			"location": {
				"x": 0,
				"y": 0,
				"r": "Horizontal"
			}
		},
		{
			"_id": "AmmoMagPVest15015",
			"_tpl": "5736026a245977644601dc61",
			"parentId": "magP1Vest65092",
			"slotId": "cartridges",
			"upd": {
				"StackObjectsCount": 8
			}
		},
		{
			"_id": "magP2Vest32397",
			"_tpl": "571a29dc2459771fb2755a6a",
			"parentId": "TacticalVest598335",
			"slotId": "11",
			"location": {
				"x": 0,
				"y": 0,
				"r": "Horizontal"
			}
		},
		{
			"_id": "AmmoMagPVest328357",
			"_tpl": "5735ff5c245977640e39ba7e",
			"parentId": "magP2Vest32397",
			"slotId": "cartridges",
			"upd": {
				"StackObjectsCount": 8
			}
		},
		{
			"_id": "Scabbard872300",
			"_tpl": "5bffdc370db834001d23eca8",
			"parentId": "5c6687d65e9d882c8841f0fd",
			"slotId": "Scabbard"
		},
		{
			"_id": "Headwear453620",
			"_tpl": "5a43957686f7742a2c2f11b0",
			"parentId": "5c6687d65e9d882c8841f0fd",
			"slotId": "Headwear"
		},
		{
			"_id": "Eyewear979635",
			"_tpl": "5d5fca1ea4b93635fd598c07",
			"parentId": "5c6687d65e9d882c8841f0fd",
			"slotId": "Eyewear"
		},
		{
			"_id": "FaceCover292342",
			"_tpl": "59e7715586f7742ee5789605",
			"parentId": "5c6687d65e9d882c8841f0fd",
			"slotId": "FaceCover"
		},
		{
			"_id": "ArmorVest106076",
			"_tpl": "5c0e5edb86f77461f55ed1f7",
			"parentId": "5c6687d65e9d882c8841f0fd",
			"slotId": "ArmorVest",
			"upd": {
				"Repairable": {
					"MaxDurability": 50,
					"Durability": 18
				}
			}
		},
		{
			"_id": "Pocket_619721",
			"_tpl": "590a373286f774287540368b",
			"parentId": "5c6687d65e9d882c8841f121",
			"slotId": "pocket1",
			"location": {
				"x": 0,
				"y": 0,
				"r": "Horizontal"
			},
			"upd": {
				"SpawnedInSession": true
			}
		},
		{
			"_id": "Pocket_919169",
			"_tpl": "5e2aedd986f7746d404f3aa4",
			"parentId": "5c6687d65e9d882c8841f121",
			"slotId": "pocket2",
			"location": {
				"x": 0,
				"y": 0,
				"r": "Horizontal"
			},
			"upd": {
				"SpawnedInSession": true
			}
		}
	],
	"equipment": "5c6687d65e9d882c8841f0fd",
	"stash": "5c6687d65e9d882c8841f0fc",
	"questRaidItems": "5c6687d65e9d882c8841f0fe",
	"questStashItems": "5c6687d65e9d882c8841f0ff",
	"fastPanel": {}
}