{
	"items": [
		{
			"_id": "5c6687d65e9d882c8841f0fd",
			"_tpl": "55d7217a4bdc2d86028b456d"
		},
		{
			"_id": "5c6687d65e9d882c8841f121",
			"_tpl": "557ffd194bdc2d28148b457f",
			"parentId": "5c6687d65e9d882c8841f0fd",
			"slotId": "Pockets"
		},
		{
			"_id": "5c6687d65e9d882c8841f0fc",
			"_tpl": "566abbc34bdc2d92178b4576"
		},
		{
			"_id": "5c6687d65e9d882c8841f0ff",
			"_tpl": "5963866b86f7747bfa1c4462"
		},
		{
			"_id": "5c6687d65e9d882c8841f0fe",
			"_tpl": "5963866286f7747bf429b572"
		},
		{
			"_id": "TacticalVest502908",
			"_tpl": "5ca20abf86f77418567a43f2",
			"parentId": "5c6687d65e9d882c8841f0fd",
			"slotId": "TacticalVest"
		},
		{
			"_id": "I210061234547726775xDV3m",
			"_tpl": "5447a9cd4bdc2dbd208b4567",
			"parentId": "5c6687d65e9d882c8841f0fd",
			"slotId": "FirstPrimaryWeapon"
		},
		{
			"_id": "I21006128838148213M31JRb",
			"_tpl": "55d4b9964bdc2d1d4e8b456e",
			"parentId": "I210061234547726775xDV3m",
			"slotId": "mod_pistol_grip"
		},
		{
			"_id": "MagazineWeaponScav4671",
			"_tpl": "59c1383d86f774290a37e0ca",
			"parentId": "I210061234547726775xDV3m",
			"slotId": "mod_magazine"
		},
		{
			"_id": "AmmoMag15563",
			"_tpl": "59e68f6f86f7746c9f75e846",
			"parentId": "MagazineWeaponScav4671",
			"slotId": "cartridges",
			"upd": {
				"StackObjectsCount": 60
			}
		},
		{
			"_id": "I210061267743046653lr3Ss",
			"_tpl": "55d355e64bdc2d962f8b4569",
			"parentId": "I210061234547726775xDV3m",
			"slotId": "mod_reciever"
		},
		{
			"_id": "I21006128533090391oSmMrH",
			"_tpl": "5649be884bdc2d79388b4577",
			"parentId": "I210061234547726775xDV3m",
			"slotId": "mod_stock"
		},
		{
			"_id": "I21006121348546198bJmi79",
			"_tpl": "55d44fd14bdc2d962f8b456e",
			"parentId": "I210061234547726775xDV3m",
			"slotId": "mod_charge"
		},
		{
			"_id": "I21006129388371471xPsAB7",
			"_tpl": "55d3632e4bdc2d972f8b4569",
			"parentId": "I210061267743046653lr3Ss",
			"slotId": "mod_barrel"
		},
		{
			"_id": "I21006121108382645LuPV37",
			"_tpl": "5ae30db85acfc408fb139a05",
			"parentId": "I210061267743046653lr3Ss",
			"slotId": "mod_handguard"
		},
		{
			"_id": "I21006128837284705fer4e3",
			"_tpl": "5ae30bad5acfc400185c2dc4",
			"parentId": "I210061267743046653lr3Ss",
			"slotId": "mod_sight_rear",
			"upd": {
				"Sight": {
					"SelectedSightMode": 0
				}
			}
		},
		{
			"_id": "I21006124279930465jkyQzF",
			"_tpl": "55d4ae6c4bdc2d8b2f8b456e",
			"parentId": "I21006128533090391oSmMrH",
			"slotId": "mod_stock_000"
		},
		{
			"_id": "I21006121328946940Hvs8Y9",
			"_tpl": "544a38634bdc2d58388b4568",
			"parentId": "I21006129388371471xPsAB7",
			"slotId": "mod_muzzle"
		},
		{
			"_id": "I21006121443262486RLeOYp",
			"_tpl": "5ae30e795acfc408fb139a0b",
			"parentId": "I21006129388371471xPsAB7",
			"slotId": "mod_gas_block"
		},
		{
			"_id": "I210016569131659520n9LxH",
			"_tpl": "576a581d2459771e7b1bc4f1",
			"parentId": "5c6687d65e9d882c8841f0fd",
			"slotId": "Holster"
		},
		{
			"_id": "AmmoMag17241",
			"_tpl": "5a3c16fe86f77452b62de32a",
			"parentId": "I2100165644840754536SMMb",
			"slotId": "cartridges",
			"upd": {
				"StackObjectsCount": 18
			}
		},
		{
			"_id": "I2100165644840754536SMMb",
			"_tpl": "576a5ed62459771e9c2096cb",
			"parentId": "I210016569131659520n9LxH",
			"slotId": "mod_magazine"
		},
		{
			"_id": "I210016562931727377Quekg",
			"_tpl": "576a63cd2459771e796e0e11",
			"parentId": "I210016569131659520n9LxH",
			"slotId": "mod_pistol_grip"
		},
		{
			"_id": "mag4Vest341931",
			"_tpl": "5aaa5dfee5b5b000140293d3",
			"parentId": "TacticalVest502908",
			"slotId": "5",
			"location": {
				"x": 0,
				"y": 0,
				"r": "Horizontal"
			}
		},
		{
			"_id": "AmmoMag4Vest921390",
			"_tpl": "59e68f6f86f7746c9f75e846",
			"parentId": "mag4Vest341931",
			"slotId": "cartridges",
			"upd": {
				"StackObjectsCount": 30
			}
		},
		{
			"_id": "mag5Vest13441",
			"_tpl": "5aaa5dfee5b5b000140293d3",
			"parentId": "TacticalVest502908",
			"slotId": "7",
			"location": {
				"x": 0,
				"y": 0,
				"r": "Horizontal"
			}
		},
		{
			"_id": "AmmoMag5Vest326756",
			"_tpl": "59e690b686f7746c9f75e848",
			"parentId": "mag5Vest13441",
			"slotId": "cartridges",
			"upd": {
				"StackObjectsCount": 30
			}
		},
		{
			"_id": "magP0Vest58993",
			"_tpl": "576a5ed62459771e9c2096cb",
			"parentId": "TacticalVest502908",
			"slotId": "1",
			"location": {
				"x": 0,
				"y": 1,
				"r": "Horizontal"
			}
		},
		{
			"_id": "AmmoMagPVest155091",
			"_tpl": "5a3c16fe86f77452b62de32a",
			"parentId": "magP0Vest58993",
			"slotId": "cartridges",
			"upd": {
				"StackObjectsCount": 18
			}
		},
		{
			"_id": "magP2Vest7828",
			"_tpl": "576a5ed62459771e9c2096cb",
			"parentId": "TacticalVest502908",
			"slotId": "4",
			"location": {
				"x": 0,
				"y": 0,
				"r": "Horizontal"
			}
		},
		{
			"_id": "AmmoMagPVest91637",
			"_tpl": "5c3df7d588a4501f290594e5",
			"parentId": "magP2Vest7828",
			"slotId": "cartridges",
			"upd": {
				"StackObjectsCount": 18
			}
		},
		{
			"_id": "magP2Vest39453",
			"_tpl": "576a5ed62459771e9c2096cb",
			"parentId": "TacticalVest502908",
			"slotId": "4",
			"location": {
				"x": 0,
				"y": 1,
				"r": "Horizontal"
			}
		},
		{
			"_id": "AmmoMagPVest858990",
			"_tpl": "5c3df7d588a4501f290594e5",
			"parentId": "magP2Vest39453",
			"slotId": "cartridges",
			"upd": {
				"StackObjectsCount": 18
			}
		},
		{
			"_id": "magP3Vest84165",
			"_tpl": "576a5ed62459771e9c2096cb",
			"parentId": "TacticalVest502908",
			"slotId": "8",
			"location": {
				"x": 0,
				"y": 0,
				"r": "Horizontal"
			}
		},
		{
			"_id": "AmmoMagPVest68737",
			"_tpl": "5c3df7d588a4501f290594e5",
			"parentId": "magP3Vest84165",
			"slotId": "cartridges",
			"upd": {
				"StackObjectsCount": 18
			}
		},
		{
			"_id": "magP3Vest84848",
			"_tpl": "576a5ed62459771e9c2096cb",
			"parentId": "TacticalVest502908",
			"slotId": "8",
			"location": {
				"x": 0,
				"y": 1,
				"r": "Horizontal"
			}
		},
		{
			"_id": "AmmoMagPVest137030",
			"_tpl": "5a3c16fe86f77452b62de32a",
			"parentId": "magP3Vest84848",
			"slotId": "cartridges",
			"upd": {
				"StackObjectsCount": 18
			}
		},
		{
			"_id": "Scabbard865033",
			"_tpl": "5bffdc370db834001d23eca8",
			"parentId": "5c6687d65e9d882c8841f0fd",
			"slotId": "Scabbard"
		},
		{
			"_id": "Eyewear118021",
			"_tpl": "557ff21e4bdc2d89578b4586",
			"parentId": "5c6687d65e9d882c8841f0fd",
			"slotId": "Eyewear"
		},
		{
			"_id": "FaceCover699613",
			"_tpl": "59e7715586f7742ee5789605",
			"parentId": "5c6687d65e9d882c8841f0fd",
			"slotId": "FaceCover"
		},
		{
			"_id": "ArmorVest413088",
			"_tpl": "5c0e5bab86f77461f55ed1f3",
			"parentId": "5c6687d65e9d882c8841f0fd",
			"slotId": "ArmorVest",
			"upd": {
				"Repairable": {
					"MaxDurability": 60,
					"Durability": 57
				}
			}
		},
		{
			"_id": "Pocket_442221",
			"_tpl": "5a0eeb1a86f774688b70aa5c",
			"parentId": "5c6687d65e9d882c8841f121",
			"slotId": "pocket1",
			"location": {
				"x": 0,
				"y": 0,
				"r": "Horizontal"
			},
			"upd": {
				"SpawnedInSession": true
			}
		},
		{
			"_id": "Pocket_3445",
			"_tpl": "590a373286f774287540368b",
			"parentId": "5c6687d65e9d882c8841f121",
			"slotId": "pocket2",
			"location": {
				"x": 0,
				"y": 0,
				"r": "Horizontal"
			},
			"upd": {
				"SpawnedInSession": true
			}
		},
		{
			"_id": "Pocket_748944",
			"_tpl": "5783c43d2459774bbe137486",
			"parentId": "5c6687d65e9d882c8841f121",
			"slotId": "pocket3",
			"location": {
				"x": 0,
				"y": 0,
				"r": "Horizontal"
			},
			"upd": {
				"SpawnedInSession": true
			}
		}
	],
	"equipment": "5c6687d65e9d882c8841f0fd",
	"stash": "5c6687d65e9d882c8841f0fc",
	"questRaidItems": "5c6687d65e9d882c8841f0fe",
	"questStashItems": "5c6687d65e9d882c8841f0ff",
	"fastPanel": {}
}