{
	"items": [
		{
			"_id": "5c6687d65e9d882c8841f0fd",
			"_tpl": "55d7217a4bdc2d86028b456d"
		},
		{
			"_id": "5c6687d65e9d882c8841f121",
			"_tpl": "557ffd194bdc2d28148b457f",
			"parentId": "5c6687d65e9d882c8841f0fd",
			"slotId": "Pockets"
		},
		{
			"_id": "5c6687d65e9d882c8841f0fc",
			"_tpl": "566abbc34bdc2d92178b4576"
		},
		{
			"_id": "5c6687d65e9d882c8841f0ff",
			"_tpl": "5963866b86f7747bfa1c4462"
		},
		{
			"_id": "5c6687d65e9d882c8841f0fe",
			"_tpl": "5963866286f7747bf429b572"
		},
		{
			"_id": "TacticalVest758406",
			"_tpl": "5c0e9f2c86f77432297fe0a3",
			"parentId": "5c6687d65e9d882c8841f0fd",
			"slotId": "TacticalVest"
		},
		{
			"_id": "I210061234547726775xDV3m",
			"_tpl": "5447a9cd4bdc2dbd208b4567",
			"parentId": "5c6687d65e9d882c8841f0fd",
			"slotId": "FirstPrimaryWeapon"
		},
		{
			"_id": "I21006128838148213M31JRb",
			"_tpl": "55d4b9964bdc2d1d4e8b456e",
			"parentId": "I210061234547726775xDV3m",
			"slotId": "mod_pistol_grip"
		},
		{
			"_id": "MagazineWeaponScav2429",
			"_tpl": "55802d5f4bdc2dac148b458e",
			"parentId": "I210061234547726775xDV3m",
			"slotId": "mod_magazine"
		},
		{
			"_id": "AmmoMag16637",
			"_tpl": "54527ac44bdc2d36668b4567",
			"parentId": "MagazineWeaponScav2429",
			"slotId": "cartridges",
			"upd": {
				"StackObjectsCount": 30
			}
		},
		{
			"_id": "I210061267743046653lr3Ss",
			"_tpl": "55d355e64bdc2d962f8b4569",
			"parentId": "I210061234547726775xDV3m",
			"slotId": "mod_reciever"
		},
		{
			"_id": "I21006128533090391oSmMrH",
			"_tpl": "5649be884bdc2d79388b4577",
			"parentId": "I210061234547726775xDV3m",
			"slotId": "mod_stock"
		},
		{
			"_id": "I21006121348546198bJmi79",
			"_tpl": "55d44fd14bdc2d962f8b456e",
			"parentId": "I210061234547726775xDV3m",
			"slotId": "mod_charge"
		},
		{
			"_id": "I21006129388371471xPsAB7",
			"_tpl": "55d3632e4bdc2d972f8b4569",
			"parentId": "I210061267743046653lr3Ss",
			"slotId": "mod_barrel"
		},
		{
			"_id": "I21006121108382645LuPV37",
			"_tpl": "5ae30db85acfc408fb139a05",
			"parentId": "I210061267743046653lr3Ss",
			"slotId": "mod_handguard"
		},
		{
			"_id": "I21006128837284705fer4e3",
			"_tpl": "5ae30bad5acfc400185c2dc4",
			"parentId": "I210061267743046653lr3Ss",
			"slotId": "mod_sight_rear",
			"upd": {
				"Sight": {
					"SelectedSightMode": 0
				}
			}
		},
		{
			"_id": "I21006124279930465jkyQzF",
			"_tpl": "55d4ae6c4bdc2d8b2f8b456e",
			"parentId": "I21006128533090391oSmMrH",
			"slotId": "mod_stock_000"
		},
		{
			"_id": "I21006121328946940Hvs8Y9",
			"_tpl": "544a38634bdc2d58388b4568",
			"parentId": "I21006129388371471xPsAB7",
			"slotId": "mod_muzzle"
		},
		{
			"_id": "I21006121443262486RLeOYp",
			"_tpl": "5ae30e795acfc408fb139a0b",
			"parentId": "I21006129388371471xPsAB7",
			"slotId": "mod_gas_block"
		},
		{
			"_id": "mag0Vest612282",
			"_tpl": "55d4887d4bdc2d962f8b4570",
			"parentId": "TacticalVest758406",
			"slotId": "1",
			"location": {
				"x": 0,
				"y": 0,
				"r": "Horizontal"
			}
		},
		{
			"_id": "AmmoMag0Vest981209",
			"_tpl": "5c0d5ae286f7741e46554302",
			"parentId": "mag0Vest612282",
			"slotId": "cartridges",
			"upd": {
				"StackObjectsCount": 30
			}
		},
		{
			"_id": "mag2Vest244922",
			"_tpl": "55d4887d4bdc2d962f8b4570",
			"parentId": "TacticalVest758406",
			"slotId": "4",
			"location": {
				"x": 0,
				"y": 0,
				"r": "Horizontal"
			}
		},
		{
			"_id": "AmmoMag2Vest388540",
			"_tpl": "5c0d5ae286f7741e46554302",
			"parentId": "mag2Vest244922",
			"slotId": "cartridges",
			"upd": {
				"StackObjectsCount": 30
			}
		},
		{
			"_id": "mag4Vest137999",
			"_tpl": "55d4887d4bdc2d962f8b4570",
			"parentId": "TacticalVest758406",
			"slotId": "7",
			"location": {
				"x": 0,
				"y": 0,
				"r": "Horizontal"
			}
		},
		{
			"_id": "AmmoMag4Vest475145",
			"_tpl": "54527ac44bdc2d36668b4567",
			"parentId": "mag4Vest137999",
			"slotId": "cartridges",
			"upd": {
				"StackObjectsCount": 30
			}
		},
		{
			"_id": "Scabbard64775",
			"_tpl": "5bffdc370db834001d23eca8",
			"parentId": "5c6687d65e9d882c8841f0fd",
			"slotId": "Scabbard"
		},
		{
			"_id": "Eyewear637388",
			"_tpl": "5aa2b9aee5b5b00015693121",
			"parentId": "5c6687d65e9d882c8841f0fd",
			"slotId": "Eyewear"
		},
		{
			"_id": "Pocket_526974",
			"_tpl": "5734773724597737fd047c14",
			"parentId": "5c6687d65e9d882c8841f121",
			"slotId": "pocket1",
			"location": {
				"x": 0,
				"y": 0,
				"r": "Horizontal"
			},
			"upd": {
				"SpawnedInSession": true
			}
		}
	],
	"equipment": "5c6687d65e9d882c8841f0fd",
	"stash": "5c6687d65e9d882c8841f0fc",
	"questRaidItems": "5c6687d65e9d882c8841f0fe",
	"questStashItems": "5c6687d65e9d882c8841f0ff",
	"fastPanel": {}
}