{
	"items": [
		{
			"_id": "5dcb1de5d7ed5e035c4389e0",
			"_tpl": "55d7217a4bdc2d86028b456d"
		},
		{
			"_id": "5dcb1de5d7ed5e035c4389fe",
			"_tpl": "5ae08f0a5acfc408fb1398a1",
			"parentId": "5dcb1de5d7ed5e035c4389e0",
			"slotId": "FirstPrimaryWeapon"
		},
		{
			"_id": "5dcb1de5d7ed5e035c438a00",
			"_tpl": "5ae096d95acfc400185c2c81",
			"parentId": "5dcb1de5d7ed5e035c4389fe",
			"slotId": "mod_stock"
		},
		{
			"_id": "5dcb1de5d7ed5e035c438a01",
			"_tpl": "5ae09bff5acfc4001562219d",
			"parentId": "5dcb1de5d7ed5e035c4389fe",
			"slotId": "mod_barrel"
		},
		{
			"_id": "5dcb1de5d7ed5e035c438a02",
			"_tpl": "5ae099875acfc4001714e593",
			"parentId": "5dcb1de5d7ed5e035c438a01",
			"slotId": "mod_sight_front"
		},
		{
			"_id": "5dcb1de5d7ed5e035c438a03",
			"_tpl": "5ae099925acfc4001a5fc7b3",
			"parentId": "5dcb1de5d7ed5e035c438a01",
			"slotId": "mod_sight_rear"
		},
		{
			"_id": "5dcb1de5d7ed5e035c438a04",
			"_tpl": "5ae0973a5acfc4001562206c",
			"parentId": "5dcb1de5d7ed5e035c4389fe",
			"slotId": "mod_magazine"
		},
		{
			"_id": "5dcb1de5d7ed5e035c438a05",
			"_tpl": "5887431f2459777e1612938f",
			"parentId": "5dcb1de5d7ed5e035c438a04",
			"slotId": "cartridges",
			"upd": {
				"StackObjectsCount": 5
			}
		},
		{
			"_id": "5dcb1de5d7ed5e035c438a06",
			"_tpl": "557ffd194bdc2d28148b457f",
			"parentId": "5dcb1de5d7ed5e035c4389e0",
			"slotId": "Pockets"
		},
		{
			"_id": "5dcb1de5d7ed5e035c438a07",
			"_tpl": "572b7adb24597762ae139821",
			"parentId": "5dcb1de5d7ed5e035c4389e0",
			"slotId": "TacticalVest"
		},
		{
			"_id": "5dcb1de5d7ed5e035c438a15",
			"_tpl": "5887431f2459777e1612938f",
			"parentId": "5dcb1de5d7ed5e035c438a07",
			"slotId": "1",
			"location": {
				"x": 0,
				"y": 0,
				"r": 0
			},
			"upd": {
				"StackObjectsCount": 22
			}
		},
		{
			"_id": "5dcb1de5d7ed5e035c438a08",
			"_tpl": "5aa7d03ae5b5b00016327db5",
			"parentId": "5dcb1de5d7ed5e035c4389e0",
			"slotId": "Headwear",
			"upd": {
				"Repairable": {
					"Durability": 8
				}
			}
		},
		{
			"_id": "5dcb1de5d7ed5e035c438a09",
			"_tpl": "57e26fc7245977162a14b800",
			"parentId": "5dcb1de5d7ed5e035c4389e0",
			"slotId": "Scabbard"
		},
		{
			"_id": "5dcb1de5d7ed5e035c438a0a",
			"_tpl": "544a5cde4bdc2d39388b456b",
			"parentId": "5dcb1de5d7ed5e035c4389e0",
			"slotId": "Backpack"
		},
		{
			"_id": "5dcb1de5d7ed5e035c438a0b",
			"_tpl": "5857a8bc2459772bad15db29",
			"parentId": "5dcb1de5d7ed5e035c4389e0",
			"slotId": "SecuredContainer"
		},
		{
			"_id": "5dcb1de5d7ed5e035c438a0c",
			"_tpl": "5887431f2459777e1612938f",
			"parentId": "5dcb1de5d7ed5e035c438a0b",
			"slotId": "main",
			"location": {
				"x": 0,
				"y": 0,
				"r": 0
			},
			"upd": {
				"StackObjectsCount": 40
			}
		},
		{
			"_id": "5dcb1de5d7ed5e035c438a0d",
			"_tpl": "5887431f2459777e1612938f",
			"parentId": "5dcb1de5d7ed5e035c438a0b",
			"slotId": "main",
			"location": {
				"x": 1,
				"y": 0,
				"r": 0
			},
			"upd": {
				"StackObjectsCount": 40
			}
		},
		{
			"_id": "5dcb1de5d7ed5e035c438a0e",
			"_tpl": "5887431f2459777e1612938f",
			"parentId": "5dcb1de5d7ed5e035c438a0b",
			"slotId": "main",
			"location": {
				"x": 2,
				"y": 0,
				"r": 0
			},
			"upd": {
				"StackObjectsCount": 40
			}
		},
		{
			"_id": "5dcb1de5d7ed5e035c438a0f",
			"_tpl": "5887431f2459777e1612938f",
			"parentId": "5dcb1de5d7ed5e035c438a0b",
			"slotId": "main",
			"location": {
				"x": 0,
				"y": 1,
				"r": 0
			},
			"upd": {
				"StackObjectsCount": 40
			}
		},
		{
			"_id": "5dcb1de5d7ed5e035c438a10",
			"_tpl": "5887431f2459777e1612938f",
			"parentId": "5dcb1de5d7ed5e035c438a0b",
			"slotId": "main",
			"location": {
				"x": 1,
				"y": 1,
				"r": 0
			},
			"upd": {
				"StackObjectsCount": 40
			}
		},
		{
			"_id": "5dcb1de5d7ed5e035c438a11",
			"_tpl": "5887431f2459777e1612938f",
			"parentId": "5dcb1de5d7ed5e035c438a0b",
			"slotId": "main",
			"location": {
				"x": 2,
				"y": 1,
				"r": 0
			},
			"upd": {
				"StackObjectsCount": 40
			}
		},
		{
			"_id": "5dcb1de5d7ed5e035c438a12",
			"_tpl": "5887431f2459777e1612938f",
			"parentId": "5dcb1de5d7ed5e035c438a0b",
			"slotId": "main",
			"location": {
				"x": 0,
				"y": 2,
				"r": 0
			},
			"upd": {
				"StackObjectsCount": 40
			}
		},
		{
			"_id": "5dcb1de5d7ed5e035c438a13",
			"_tpl": "5887431f2459777e1612938f",
			"parentId": "5dcb1de5d7ed5e035c438a0b",
			"slotId": "main",
			"location": {
				"x": 1,
				"y": 2,
				"r": 0
			},
			"upd": {
				"StackObjectsCount": 40
			}
		},
		{
			"_id": "5dcb1de5d7ed5e035c438a14",
			"_tpl": "5887431f2459777e1612938f",
			"parentId": "5dcb1de5d7ed5e035c438a0b",
			"slotId": "main",
			"location": {
				"x": 2,
				"y": 2,
				"r": 0
			},
			"upd": {
				"StackObjectsCount": 40
			}
		},
		{
			"_id": "5dcb1de5d7ed5e035c4389df",
			"_tpl": "566abbc34bdc2d92178b4576"
		},
		{
			"_id": "5dcb1de5d7ed5e035c4389e2",
			"_tpl": "5963866b86f7747bfa1c4462"
		},
		{
			"_id": "5dcb1de5d7ed5e035c4389e1",
			"_tpl": "5963866286f7747bf429b572"
		}
	],
	"equipment": "5dcb1de5d7ed5e035c4389e0",
	"stash": "5dcb1de5d7ed5e035c4389df",
	"questRaidItems": "5dcb1de5d7ed5e035c4389e1",
	"questStashItems": "5dcb1de5d7ed5e035c4389e2",
	"fastPanel": {}
}