{
	"items": [
		{
			"_id": "5dcb1de5d7ed5e035c4398c6",
			"_tpl": "55d7217a4bdc2d86028b456d"
		},
		{
			"_id": "5dcb1de5d7ed5e035c4398e4",
			"_tpl": "5ab8e9fcd8ce870019439434",
			"parentId": "5dcb1de5d7ed5e035c4398c6",
			"slotId": "FirstPrimaryWeapon"
		},
		{
			"_id": "5dcb1de5d7ed5e035c4398e5",
			"_tpl": "59c6633186f7740cf0493bb9",
			"parentId": "5dcb1de5d7ed5e035c4398e4",
			"slotId": "mod_gas_block"
		},
		{
			"_id": "5dcb1de5d7ed5e035c4398e6",
			"_tpl": "5648b0744bdc2d363b8b4578",
			"parentId": "5dcb1de5d7ed5e035c4398e5",
			"slotId": "mod_handguard"
		},
		{
			"_id": "5dcb1de5d7ed5e035c4398e7",
			"_tpl": "57e3dba62459770f0c32322b",
			"parentId": "5dcb1de5d7ed5e035c4398e4",
			"slotId": "mod_pistol_grip"
		},
		{
			"_id": "5dcb1de5d7ed5e035c4398e8",
			"_tpl": "5649aa744bdc2ded0b8b457e",
			"parentId": "5dcb1de5d7ed5e035c4398e4",
			"slotId": "mod_muzzle"
		},
		{
			"_id": "5dcb1de5d7ed5e035c4398e9",
			"_tpl": "5649af094bdc2df8348b4586",
			"parentId": "5dcb1de5d7ed5e035c4398e4",
			"slotId": "mod_reciever"
		},
		{
			"_id": "5dcb1de5d7ed5e035c4398ea",
			"_tpl": "5649b0544bdc2d1b2b8b458a",
			"parentId": "5dcb1de5d7ed5e035c4398e4",
			"slotId": "mod_sight_rear"
		},
		{
			"_id": "5dcb1de5d7ed5e035c4398eb",
			"_tpl": "55d480c04bdc2d1d4e8b456a",
			"parentId": "5dcb1de5d7ed5e035c4398e4",
			"slotId": "mod_magazine"
		},
		{
			"_id": "5dcb1de5d7ed5e035c4398ec",
			"_tpl": "56dff3afd2720bba668b4567",
			"parentId": "5dcb1de5d7ed5e035c4398eb",
			"slotId": "cartridges",
			"upd": {
				"StackObjectsCount": 30
			}
		},
		{
			"_id": "5dcb1de5d7ed5e035c4398ed",
			"_tpl": "56dff3afd2720bba668b4567",
			"parentId": "5dcb1de5d7ed5e035c4398e4",
			"slotId": "patron_in_weapon",
			"upd": {
				"StackObjectsCount": 1
			}
		},
		{
			"_id": "5dcb1de5d7ed5e035c4398ee",
			"_tpl": "557ffd194bdc2d28148b457f",
			"parentId": "5dcb1de5d7ed5e035c4398c6",
			"slotId": "Pockets"
		},
		{
			"_id": "5dcb1de5d7ed5e035c4398ef",
			"_tpl": "572b7adb24597762ae139821",
			"parentId": "5dcb1de5d7ed5e035c4398c6",
			"slotId": "TacticalVest"
		},
		{
			"_id": "5dcb1de5d7ed5e035c4398fe",
			"_tpl": "55d480c04bdc2d1d4e8b456a",
			"parentId": "5dcb1de5d7ed5e035c4398ef",
			"slotId": "2",
			"location": {
				"x": 0,
				"y": 0,
				"r": 0
			}
		},
		{
			"_id": "5dcb1de5d7ed5e035c4398ff",
			"_tpl": "56dff3afd2720bba668b4567",
			"parentId": "5dcb1de5d7ed5e035c4398fe",
			"slotId": "cartridges",
			"upd": {
				"StackObjectsCount": 30
			}
		},
		{
			"_id": "5dcb1de5d7ed5e035c4398f0",
			"_tpl": "59e7715586f7742ee5789605",
			"parentId": "5dcb1de5d7ed5e035c4398c6",
			"slotId": "FaceCover"
		},
		{
			"_id": "5dcb1de5d7ed5e035c4398f1",
			"_tpl": "572b7d8524597762b472f9d1",
			"parentId": "5dcb1de5d7ed5e035c4398c6",
			"slotId": "Headwear"
		},
		{
			"_id": "5dcb1de5d7ed5e035c4398f2",
			"_tpl": "57e26fc7245977162a14b800",
			"parentId": "5dcb1de5d7ed5e035c4398c6",
			"slotId": "Scabbard"
		},
		{
			"_id": "5dcb1de5d7ed5e035c4398f3",
			"_tpl": "5ab8ee7786f7742d8f33f0b9",
			"parentId": "5dcb1de5d7ed5e035c4398c6",
			"slotId": "Backpack"
		},
		{
			"_id": "5dcb1de5d7ed5e035c439907",
			"_tpl": "5d1c774f86f7746d6620f8db",
			"parentId": "5dcb1de5d7ed5e035c4398f3",
			"slotId": "main",
			"location": {
				"x": 0,
				"y": 0,
				"r": 0
			}
		},
		{
			"_id": "5dcb1de5d7ed5e035c4398f4",
			"_tpl": "5857a8bc2459772bad15db29",
			"parentId": "5dcb1de5d7ed5e035c4398c6",
			"slotId": "SecuredContainer"
		},
		{
			"_id": "5dcb1de5d7ed5e035c4398f5",
			"_tpl": "56dff3afd2720bba668b4567",
			"parentId": "5dcb1de5d7ed5e035c4398f4",
			"slotId": "main",
			"location": {
				"x": 0,
				"y": 0,
				"r": 0
			},
			"upd": {
				"StackObjectsCount": 60
			}
		},
		{
			"_id": "5dcb1de5d7ed5e035c4398f6",
			"_tpl": "56dff3afd2720bba668b4567",
			"parentId": "5dcb1de5d7ed5e035c4398f4",
			"slotId": "main",
			"location": {
				"x": 1,
				"y": 0,
				"r": 0
			},
			"upd": {
				"StackObjectsCount": 60
			}
		},
		{
			"_id": "5dcb1de5d7ed5e035c4398f7",
			"_tpl": "56dff3afd2720bba668b4567",
			"parentId": "5dcb1de5d7ed5e035c4398f4",
			"slotId": "main",
			"location": {
				"x": 2,
				"y": 0,
				"r": 0
			},
			"upd": {
				"StackObjectsCount": 60
			}
		},
		{
			"_id": "5dcb1de5d7ed5e035c4398f8",
			"_tpl": "56dff3afd2720bba668b4567",
			"parentId": "5dcb1de5d7ed5e035c4398f4",
			"slotId": "main",
			"location": {
				"x": 0,
				"y": 1,
				"r": 0
			},
			"upd": {
				"StackObjectsCount": 60
			}
		},
		{
			"_id": "5dcb1de5d7ed5e035c4398f9",
			"_tpl": "56dff3afd2720bba668b4567",
			"parentId": "5dcb1de5d7ed5e035c4398f4",
			"slotId": "main",
			"location": {
				"x": 1,
				"y": 1,
				"r": 0
			},
			"upd": {
				"StackObjectsCount": 60
			}
		},
		{
			"_id": "5dcb1de5d7ed5e035c4398fa",
			"_tpl": "56dff3afd2720bba668b4567",
			"parentId": "5dcb1de5d7ed5e035c4398f4",
			"slotId": "main",
			"location": {
				"x": 2,
				"y": 1,
				"r": 0
			},
			"upd": {
				"StackObjectsCount": 60
			}
		},
		{
			"_id": "5dcb1de5d7ed5e035c4398fb",
			"_tpl": "56dff3afd2720bba668b4567",
			"parentId": "5dcb1de5d7ed5e035c4398f4",
			"slotId": "main",
			"location": {
				"x": 0,
				"y": 2,
				"r": 0
			},
			"upd": {
				"StackObjectsCount": 60
			}
		},
		{
			"_id": "5dcb1de5d7ed5e035c4398fc",
			"_tpl": "56dff3afd2720bba668b4567",
			"parentId": "5dcb1de5d7ed5e035c4398f4",
			"slotId": "main",
			"location": {
				"x": 1,
				"y": 2,
				"r": 0
			},
			"upd": {
				"StackObjectsCount": 60
			}
		},
		{
			"_id": "5dcb1de5d7ed5e035c4398fd",
			"_tpl": "56dff3afd2720bba668b4567",
			"parentId": "5dcb1de5d7ed5e035c4398f4",
			"slotId": "main",
			"location": {
				"x": 2,
				"y": 2,
				"r": 0
			},
			"upd": {
				"StackObjectsCount": 60
			}
		},
		{
			"_id": "5dcb1de5d7ed5e035c4398c5",
			"_tpl": "566abbc34bdc2d92178b4576"
		},
		{
			"_id": "5dcb1de5d7ed5e035c4398c8",
			"_tpl": "5963866b86f7747bfa1c4462"
		},
		{
			"_id": "5dcb1de5d7ed5e035c4398c7",
			"_tpl": "5963866286f7747bf429b572"
		}
	],
	"equipment": "5dcb1de5d7ed5e035c4398c6",
	"stash": "5dcb1de5d7ed5e035c4398c5",
	"questRaidItems": "5dcb1de5d7ed5e035c4398c7",
	"questStashItems": "5dcb1de5d7ed5e035c4398c8",
	"fastPanel": {}
}