{
	"items": [
		{
			"_id": "5dcb1dc4fb81105cd85bdc16",
			"_tpl": "55d7217a4bdc2d86028b456d"
		},
		{
			"_id": "5dcb1dc4fb81105cd85bdc36",
			"_tpl": "5a38e6bac4a2826c6e06d79b",
			"parentId": "5dcb1dc4fb81105cd85bdc16",
			"slotId": "FirstPrimaryWeapon"
		},
		{
			"_id": "5dcb1dc4fb81105cd85bdc37",
			"_tpl": "5adf23995acfc400185c2aeb",
			"parentId": "5dcb1dc4fb81105cd85bdc36",
			"slotId": "mod_stock"
		},
		{
			"_id": "5dcb1dc4fb81105cd85bdc38",
			"_tpl": "5a38ed75c4a28232996e40c6",
			"parentId": "5dcb1dc4fb81105cd85bdc36",
			"slotId": "mod_magazine"
		},
		{
			"_id": "5dcb1dc4fb81105cd85bdc39",
			"_tpl": "5d6e6a53a4b9361bd473feec",
			"parentId": "5dcb1dc4fb81105cd85bdc38",
			"slotId": "cartridges",
			"upd": {
				"StackObjectsCount": 4
			}
		},
		{
			"_id": "5dcb1dc4fb81105cd85bdc3a",
			"_tpl": "5d6e6a53a4b9361bd473feec",
			"parentId": "5dcb1dc4fb81105cd85bdc36",
			"slotId": "patron_in_weapon",
			"upd": {
				"StackObjectsCount": 1
			}
		},
		{
			"_id": "5dcb1dc4fb81105cd85bdc3b",
			"_tpl": "557ffd194bdc2d28148b457f",
			"parentId": "5dcb1dc4fb81105cd85bdc16",
			"slotId": "Pockets"
		},
		{
			"_id": "5dcb1dc4fb81105cd85bdc3c",
			"_tpl": "572b7adb24597762ae139821",
			"parentId": "5dcb1dc4fb81105cd85bdc16",
			"slotId": "TacticalVest"
		},
		{
			"_id": "5dcb1dc4fb81105cd85bdc4a",
			"_tpl": "5a38ed75c4a28232996e40c6",
			"parentId": "5dcb1dc4fb81105cd85bdc3c",
			"slotId": "1",
			"location": {
				"x": 0,
				"y": 0,
				"r": 0
			}
		},
		{
			"_id": "5dcb1dc4fb81105cd85bdc4b",
			"_tpl": "5d6e6a53a4b9361bd473feec",
			"parentId": "5dcb1dc4fb81105cd85bdc4a",
			"slotId": "cartridges",
			"upd": {
				"StackObjectsCount": 4
			}
		},
		{
			"_id": "5dcb1dc4fb81105cd85bdc3d",
			"_tpl": "59e7715586f7742ee5789605",
			"parentId": "5dcb1dc4fb81105cd85bdc16",
			"slotId": "FaceCover"
		},
		{
			"_id": "5dcb1dc4fb81105cd85bdc3e",
			"_tpl": "59e770f986f7742cbe3164ef",
			"parentId": "5dcb1dc4fb81105cd85bdc16",
			"slotId": "Headwear"
		},
		{
			"_id": "5dcb1dc4fb81105cd85bdc3f",
			"_tpl": "57e26fc7245977162a14b800",
			"parentId": "5dcb1dc4fb81105cd85bdc16",
			"slotId": "Scabbard"
		},
		{
			"_id": "5dcb1dc4fb81105cd85bdc40",
			"_tpl": "5857a8bc2459772bad15db29",
			"parentId": "5dcb1dc4fb81105cd85bdc16",
			"slotId": "SecuredContainer"
		},
		{
			"_id": "5dcb1dc4fb81105cd85bdc41",
			"_tpl": "5d6e6a53a4b9361bd473feec",
			"parentId": "5dcb1dc4fb81105cd85bdc40",
			"slotId": "main",
			"location": {
				"x": 0,
				"y": 0,
				"r": 0
			},
			"upd": {
				"StackObjectsCount": 20
			}
		},
		{
			"_id": "5dcb1dc4fb81105cd85bdc42",
			"_tpl": "5d6e6a53a4b9361bd473feec",
			"parentId": "5dcb1dc4fb81105cd85bdc40",
			"slotId": "main",
			"location": {
				"x": 1,
				"y": 0,
				"r": 0
			},
			"upd": {
				"StackObjectsCount": 20
			}
		},
		{
			"_id": "5dcb1dc4fb81105cd85bdc43",
			"_tpl": "5d6e6a53a4b9361bd473feec",
			"parentId": "5dcb1dc4fb81105cd85bdc40",
			"slotId": "main",
			"location": {
				"x": 2,
				"y": 0,
				"r": 0
			},
			"upd": {
				"StackObjectsCount": 20
			}
		},
		{
			"_id": "5dcb1dc4fb81105cd85bdc44",
			"_tpl": "5d6e6a53a4b9361bd473feec",
			"parentId": "5dcb1dc4fb81105cd85bdc40",
			"slotId": "main",
			"location": {
				"x": 0,
				"y": 1,
				"r": 0
			},
			"upd": {
				"StackObjectsCount": 20
			}
		},
		{
			"_id": "5dcb1dc4fb81105cd85bdc45",
			"_tpl": "5d6e6a53a4b9361bd473feec",
			"parentId": "5dcb1dc4fb81105cd85bdc40",
			"slotId": "main",
			"location": {
				"x": 1,
				"y": 1,
				"r": 0
			},
			"upd": {
				"StackObjectsCount": 20
			}
		},
		{
			"_id": "5dcb1dc4fb81105cd85bdc46",
			"_tpl": "5d6e6a53a4b9361bd473feec",
			"parentId": "5dcb1dc4fb81105cd85bdc40",
			"slotId": "main",
			"location": {
				"x": 2,
				"y": 1,
				"r": 0
			},
			"upd": {
				"StackObjectsCount": 20
			}
		},
		{
			"_id": "5dcb1dc4fb81105cd85bdc47",
			"_tpl": "5d6e6a53a4b9361bd473feec",
			"parentId": "5dcb1dc4fb81105cd85bdc40",
			"slotId": "main",
			"location": {
				"x": 0,
				"y": 2,
				"r": 0
			},
			"upd": {
				"StackObjectsCount": 20
			}
		},
		{
			"_id": "5dcb1dc4fb81105cd85bdc48",
			"_tpl": "5d6e6a53a4b9361bd473feec",
			"parentId": "5dcb1dc4fb81105cd85bdc40",
			"slotId": "main",
			"location": {
				"x": 1,
				"y": 2,
				"r": 0
			},
			"upd": {
				"StackObjectsCount": 20
			}
		},
		{
			"_id": "5dcb1dc4fb81105cd85bdc49",
			"_tpl": "5d6e6a53a4b9361bd473feec",
			"parentId": "5dcb1dc4fb81105cd85bdc40",
			"slotId": "main",
			"location": {
				"x": 2,
				"y": 2,
				"r": 0
			},
			"upd": {
				"StackObjectsCount": 20
			}
		},
		{
			"_id": "5dcb1dc4fb81105cd85bdc15",
			"_tpl": "566abbc34bdc2d92178b4576"
		},
		{
			"_id": "5dcb1dc4fb81105cd85bdc18",
			"_tpl": "5963866b86f7747bfa1c4462"
		},
		{
			"_id": "5dcb1dc4fb81105cd85bdc17",
			"_tpl": "5963866286f7747bf429b572"
		}
	],
	"equipment": "5dcb1dc4fb81105cd85bdc16",
	"stash": "5dcb1dc4fb81105cd85bdc15",
	"questRaidItems": "5dcb1dc4fb81105cd85bdc17",
	"questStashItems": "5dcb1dc4fb81105cd85bdc18",
	"fastPanel": {}
}