{
	"items": [
		{
			"_id": "5dcb1dc4fb81105cd85bf3c3",
			"_tpl": "55d7217a4bdc2d86028b456d"
		},
		{
			"_id": "5dcb1dc4fb81105cd85bf3e4",
			"_tpl": "576165642459773c7a400233",
			"parentId": "5dcb1dc4fb81105cd85bf3c3",
			"slotId": "FirstPrimaryWeapon"
		},
		{
			"_id": "5dcb1dc4fb81105cd85bf3e5",
			"_tpl": "576169e62459773c69055191",
			"parentId": "5dcb1dc4fb81105cd85bf3e4",
			"slotId": "mod_handguard"
		},
		{
			"_id": "5dcb1dc4fb81105cd85bf3e6",
			"_tpl": "5649ade84bdc2d1b2b8b4587",
			"parentId": "5dcb1dc4fb81105cd85bf3e4",
			"slotId": "mod_pistol_grip"
		},
		{
			"_id": "5dcb1dc4fb81105cd85bf3e7",
			"_tpl": "57616c112459773cce774d66",
			"parentId": "5dcb1dc4fb81105cd85bf3e4",
			"slotId": "mod_reciever"
		},
		{
			"_id": "5dcb1dc4fb81105cd85bf3e8",
			"_tpl": "57a9b9ce2459770ee926038d",
			"parentId": "5dcb1dc4fb81105cd85bf3e4",
			"slotId": "mod_sight_rear"
		},
		{
			"_id": "5dcb1dc4fb81105cd85bf3e9",
			"_tpl": "57616ca52459773c69055192",
			"parentId": "5dcb1dc4fb81105cd85bf3e4",
			"slotId": "mod_stock"
		},
		{
			"_id": "5dcb1dc4fb81105cd85bf3ea",
			"_tpl": "57616a9e2459773c7a400234",
			"parentId": "5dcb1dc4fb81105cd85bf3e4",
			"slotId": "mod_magazine"
		},
		{
			"_id": "5dcb1dc4fb81105cd85bf3eb",
			"_tpl": "5d6e6869a4b9361c140bcfde",
			"parentId": "5dcb1dc4fb81105cd85bf3ea",
			"slotId": "cartridges",
			"upd": {
				"StackObjectsCount": 5
			}
		},
		{
			"_id": "5dcb1dc4fb81105cd85bf3ec",
			"_tpl": "5d6e6869a4b9361c140bcfde",
			"parentId": "5dcb1dc4fb81105cd85bf3e4",
			"slotId": "patron_in_weapon",
			"upd": {
				"StackObjectsCount": 1
			}
		},
		{
			"_id": "5dcb1dc4fb81105cd85bf3ed",
			"_tpl": "557ffd194bdc2d28148b457f",
			"parentId": "5dcb1dc4fb81105cd85bf3c3",
			"slotId": "Pockets"
		},
		{
			"_id": "5dcb1dc4fb81105cd85bf3ee",
			"_tpl": "572b7adb24597762ae139821",
			"parentId": "5dcb1dc4fb81105cd85bf3c3",
			"slotId": "TacticalVest"
		},
		{
			"_id": "5dcb1dc4fb81105cd85bf3fd",
			"_tpl": "57616a9e2459773c7a400234",
			"parentId": "5dcb1dc4fb81105cd85bf3ee",
			"slotId": "2",
			"location": {
				"x": 0,
				"y": 0,
				"r": 0
			}
		},
		{
			"_id": "5dcb1dc4fb81105cd85bf3fe",
			"_tpl": "5d6e6869a4b9361c140bcfde",
			"parentId": "5dcb1dc4fb81105cd85bf3fd",
			"slotId": "cartridges",
			"upd": {
				"StackObjectsCount": 5
			}
		},
		{
			"_id": "5dcb1dc4fb81105cd85bf3ef",
			"_tpl": "557ff21e4bdc2d89578b4586",
			"parentId": "5dcb1dc4fb81105cd85bf3c3",
			"slotId": "Eyewear"
		},
		{
			"_id": "5dcb1dc4fb81105cd85bf3f0",
			"_tpl": "572b7fa524597762b747ce82",
			"parentId": "5dcb1dc4fb81105cd85bf3c3",
			"slotId": "FaceCover"
		},
		{
			"_id": "5dcb1dc4fb81105cd85bf3f1",
			"_tpl": "59e770f986f7742cbe3164ef",
			"parentId": "5dcb1dc4fb81105cd85bf3c3",
			"slotId": "Headwear"
		},
		{
			"_id": "5dcb1dc4fb81105cd85bf3f2",
			"_tpl": "59e7635f86f7742cbf2c1095",
			"parentId": "5dcb1dc4fb81105cd85bf3c3",
			"slotId": "ArmorVest",
			"upd": {
				"Repairable": {
					"Durability": 24
				}
			}
		},
		{
			"_id": "5dcb1dc4fb81105cd85bf3f3",
			"_tpl": "5857a8bc2459772bad15db29",
			"parentId": "5dcb1dc4fb81105cd85bf3c3",
			"slotId": "SecuredContainer"
		},
		{
			"_id": "5dcb1dc4fb81105cd85bf3f4",
			"_tpl": "5d6e6869a4b9361c140bcfde",
			"parentId": "5dcb1dc4fb81105cd85bf3f3",
			"slotId": "main",
			"location": {
				"x": 0,
				"y": 0,
				"r": 0
			},
			"upd": {
				"StackObjectsCount": 20
			}
		},
		{
			"_id": "5dcb1dc4fb81105cd85bf3f5",
			"_tpl": "5d6e6869a4b9361c140bcfde",
			"parentId": "5dcb1dc4fb81105cd85bf3f3",
			"slotId": "main",
			"location": {
				"x": 1,
				"y": 0,
				"r": 0
			},
			"upd": {
				"StackObjectsCount": 20
			}
		},
		{
			"_id": "5dcb1dc4fb81105cd85bf3f6",
			"_tpl": "5d6e6869a4b9361c140bcfde",
			"parentId": "5dcb1dc4fb81105cd85bf3f3",
			"slotId": "main",
			"location": {
				"x": 2,
				"y": 0,
				"r": 0
			},
			"upd": {
				"StackObjectsCount": 20
			}
		},
		{
			"_id": "5dcb1dc4fb81105cd85bf3f7",
			"_tpl": "5d6e6869a4b9361c140bcfde",
			"parentId": "5dcb1dc4fb81105cd85bf3f3",
			"slotId": "main",
			"location": {
				"x": 0,
				"y": 1,
				"r": 0
			},
			"upd": {
				"StackObjectsCount": 20
			}
		},
		{
			"_id": "5dcb1dc4fb81105cd85bf3f8",
			"_tpl": "5d6e6869a4b9361c140bcfde",
			"parentId": "5dcb1dc4fb81105cd85bf3f3",
			"slotId": "main",
			"location": {
				"x": 1,
				"y": 1,
				"r": 0
			},
			"upd": {
				"StackObjectsCount": 20
			}
		},
		{
			"_id": "5dcb1dc4fb81105cd85bf3f9",
			"_tpl": "5d6e6869a4b9361c140bcfde",
			"parentId": "5dcb1dc4fb81105cd85bf3f3",
			"slotId": "main",
			"location": {
				"x": 2,
				"y": 1,
				"r": 0
			},
			"upd": {
				"StackObjectsCount": 20
			}
		},
		{
			"_id": "5dcb1dc4fb81105cd85bf3fa",
			"_tpl": "5d6e6869a4b9361c140bcfde",
			"parentId": "5dcb1dc4fb81105cd85bf3f3",
			"slotId": "main",
			"location": {
				"x": 0,
				"y": 2,
				"r": 0
			},
			"upd": {
				"StackObjectsCount": 20
			}
		},
		{
			"_id": "5dcb1dc4fb81105cd85bf3fb",
			"_tpl": "5d6e6869a4b9361c140bcfde",
			"parentId": "5dcb1dc4fb81105cd85bf3f3",
			"slotId": "main",
			"location": {
				"x": 1,
				"y": 2,
				"r": 0
			},
			"upd": {
				"StackObjectsCount": 20
			}
		},
		{
			"_id": "5dcb1dc4fb81105cd85bf3fc",
			"_tpl": "5d6e6869a4b9361c140bcfde",
			"parentId": "5dcb1dc4fb81105cd85bf3f3",
			"slotId": "main",
			"location": {
				"x": 2,
				"y": 2,
				"r": 0
			},
			"upd": {
				"StackObjectsCount": 20
			}
		},
		{
			"_id": "5dcb1dc4fb81105cd85bf3c2",
			"_tpl": "566abbc34bdc2d92178b4576"
		},
		{
			"_id": "5dcb1dc4fb81105cd85bf3c5",
			"_tpl": "5963866b86f7747bfa1c4462"
		},
		{
			"_id": "5dcb1dc4fb81105cd85bf3c4",
			"_tpl": "5963866286f7747bf429b572"
		}
	],
	"equipment": "5dcb1dc4fb81105cd85bf3c3",
	"stash": "5dcb1dc4fb81105cd85bf3c2",
	"questRaidItems": "5dcb1dc4fb81105cd85bf3c4",
	"questStashItems": "5dcb1dc4fb81105cd85bf3c5",
	"fastPanel": {}
}