{
	"items": [
		{
			"_id": "5dcb1dc5fb81105cd85bff92",
			"_tpl": "55d7217a4bdc2d86028b456d"
		},
		{
			"_id": "5dcb1dc5fb81105cd85bffb7",
			"_tpl": "59f9cabd86f7743a10721f46",
			"parentId": "5dcb1dc5fb81105cd85bff92",
			"slotId": "FirstPrimaryWeapon"
		},
		{
			"_id": "5dcb1dc5fb81105cd85bffb8",
			"_tpl": "5998517986f7746017232f7e",
			"parentId": "5dcb1dc5fb81105cd85bffb7",
			"slotId": "mod_pistol_grip"
		},
		{
			"_id": "5dcb1dc5fb81105cd85bffb9",
			"_tpl": "59ccd11386f77428f24a488f",
			"parentId": "5dcb1dc5fb81105cd85bffb7",
			"slotId": "mod_gas_block"
		},
		{
			"_id": "5dcb1dc5fb81105cd85bffba",
			"_tpl": "5648b1504bdc2d9d488b4584",
			"parentId": "5dcb1dc5fb81105cd85bffb9",
			"slotId": "mod_handguard"
		},
		{
			"_id": "5dcb1dc5fb81105cd85bffbb",
			"_tpl": "599851db86f77467372f0a18",
			"parentId": "5dcb1dc5fb81105cd85bffb7",
			"slotId": "mod_stock"
		},
		{
			"_id": "5dcb1dc5fb81105cd85bffbc",
			"_tpl": "5998598e86f7740b3f498a86",
			"parentId": "5dcb1dc5fb81105cd85bffb7",
			"slotId": "mod_muzzle"
		},
		{
			"_id": "5dcb1dc5fb81105cd85bffbd",
			"_tpl": "59985a6c86f77414ec448d17",
			"parentId": "5dcb1dc5fb81105cd85bffb7",
			"slotId": "mod_reciever"
		},
		{
			"_id": "5dcb1dc5fb81105cd85bffbe",
			"_tpl": "599860e986f7743bb57573a6",
			"parentId": "5dcb1dc5fb81105cd85bffb7",
			"slotId": "mod_sight_rear"
		},
		{
			"_id": "5dcb1dc5fb81105cd85bffbf",
			"_tpl": "5998529a86f774647f44f421",
			"parentId": "5dcb1dc5fb81105cd85bffb7",
			"slotId": "mod_magazine"
		},
		{
			"_id": "5dcb1dc5fb81105cd85bffc0",
			"_tpl": "56d59d3ad2720bdb418b4577",
			"parentId": "5dcb1dc5fb81105cd85bffbf",
			"slotId": "cartridges",
			"upd": {
				"StackObjectsCount": 10
			}
		},
		{
			"_id": "5dcb1dc5fb81105cd85bffc1",
			"_tpl": "56d59d3ad2720bdb418b4577",
			"parentId": "5dcb1dc5fb81105cd85bffb7",
			"slotId": "patron_in_weapon",
			"upd": {
				"StackObjectsCount": 1
			}
		},
		{
			"_id": "5dcb1dc5fb81105cd85bffc2",
			"_tpl": "557ffd194bdc2d28148b457f",
			"parentId": "5dcb1dc5fb81105cd85bff92",
			"slotId": "Pockets"
		},
		{
			"_id": "5dcb1dc5fb81105cd85bffc3",
			"_tpl": "59e7643b86f7742cbf2c109a",
			"parentId": "5dcb1dc5fb81105cd85bff92",
			"slotId": "TacticalVest"
		},
		{
			"_id": "5dcb1dc5fb81105cd85bffd1",
			"_tpl": "5998529a86f774647f44f421",
			"parentId": "5dcb1dc5fb81105cd85bffc3",
			"slotId": "1",
			"location": {
				"x": 0,
				"y": 0,
				"r": 0
			}
		},
		{
			"_id": "5dcb1dc5fb81105cd85bffd2",
			"_tpl": "56d59d3ad2720bdb418b4577",
			"parentId": "5dcb1dc5fb81105cd85bffd1",
			"slotId": "cartridges",
			"upd": {
				"StackObjectsCount": 10
			}
		},
		{
			"_id": "5dcb1dc5fb81105cd85bffd3",
			"_tpl": "5998529a86f774647f44f421",
			"parentId": "5dcb1dc5fb81105cd85bffc3",
			"slotId": "1",
			"location": {
				"x": 1,
				"y": 0,
				"r": 0
			}
		},
		{
			"_id": "5dcb1dc5fb81105cd85bffd4",
			"_tpl": "56d59d3ad2720bdb418b4577",
			"parentId": "5dcb1dc5fb81105cd85bffd3",
			"slotId": "cartridges",
			"upd": {
				"StackObjectsCount": 10
			}
		},
		{
			"_id": "5dcb1dc5fb81105cd85bffd5",
			"_tpl": "5998529a86f774647f44f421",
			"parentId": "5dcb1dc5fb81105cd85bffc3",
			"slotId": "2",
			"location": {
				"x": 0,
				"y": 0,
				"r": 0
			}
		},
		{
			"_id": "5dcb1dc5fb81105cd85bffd6",
			"_tpl": "56d59d3ad2720bdb418b4577",
			"parentId": "5dcb1dc5fb81105cd85bffd5",
			"slotId": "cartridges",
			"upd": {
				"StackObjectsCount": 10
			}
		},
		{
			"_id": "5dcb1dc5fb81105cd85bffc4",
			"_tpl": "572b7fa524597762b747ce82",
			"parentId": "5dcb1dc5fb81105cd85bff92",
			"slotId": "FaceCover"
		},
		{
			"_id": "5dcb1dc5fb81105cd85bffc5",
			"_tpl": "5c0e5edb86f77461f55ed1f7",
			"parentId": "5dcb1dc5fb81105cd85bff92",
			"slotId": "ArmorVest",
			"upd": {
				"Repairable": {
					"Durability": 41
				}
			}
		},
		{
			"_id": "5dcb1dc5fb81105cd85bffc6",
			"_tpl": "57e26ea924597715ca604a09",
			"parentId": "5dcb1dc5fb81105cd85bff92",
			"slotId": "Scabbard"
		},
		{
			"_id": "5dcb1dc5fb81105cd85bffc7",
			"_tpl": "5857a8bc2459772bad15db29",
			"parentId": "5dcb1dc5fb81105cd85bff92",
			"slotId": "SecuredContainer"
		},
		{
			"_id": "5dcb1dc5fb81105cd85bffc8",
			"_tpl": "56d59d3ad2720bdb418b4577",
			"parentId": "5dcb1dc5fb81105cd85bffc7",
			"slotId": "main",
			"location": {
				"x": 0,
				"y": 0,
				"r": 0
			},
			"upd": {
				"StackObjectsCount": 50
			}
		},
		{
			"_id": "5dcb1dc5fb81105cd85bffc9",
			"_tpl": "56d59d3ad2720bdb418b4577",
			"parentId": "5dcb1dc5fb81105cd85bffc7",
			"slotId": "main",
			"location": {
				"x": 1,
				"y": 0,
				"r": 0
			},
			"upd": {
				"StackObjectsCount": 50
			}
		},
		{
			"_id": "5dcb1dc5fb81105cd85bffca",
			"_tpl": "56d59d3ad2720bdb418b4577",
			"parentId": "5dcb1dc5fb81105cd85bffc7",
			"slotId": "main",
			"location": {
				"x": 2,
				"y": 0,
				"r": 0
			},
			"upd": {
				"StackObjectsCount": 50
			}
		},
		{
			"_id": "5dcb1dc5fb81105cd85bffcb",
			"_tpl": "56d59d3ad2720bdb418b4577",
			"parentId": "5dcb1dc5fb81105cd85bffc7",
			"slotId": "main",
			"location": {
				"x": 0,
				"y": 1,
				"r": 0
			},
			"upd": {
				"StackObjectsCount": 50
			}
		},
		{
			"_id": "5dcb1dc5fb81105cd85bffcc",
			"_tpl": "56d59d3ad2720bdb418b4577",
			"parentId": "5dcb1dc5fb81105cd85bffc7",
			"slotId": "main",
			"location": {
				"x": 1,
				"y": 1,
				"r": 0
			},
			"upd": {
				"StackObjectsCount": 50
			}
		},
		{
			"_id": "5dcb1dc5fb81105cd85bffcd",
			"_tpl": "56d59d3ad2720bdb418b4577",
			"parentId": "5dcb1dc5fb81105cd85bffc7",
			"slotId": "main",
			"location": {
				"x": 2,
				"y": 1,
				"r": 0
			},
			"upd": {
				"StackObjectsCount": 50
			}
		},
		{
			"_id": "5dcb1dc5fb81105cd85bffce",
			"_tpl": "56d59d3ad2720bdb418b4577",
			"parentId": "5dcb1dc5fb81105cd85bffc7",
			"slotId": "main",
			"location": {
				"x": 0,
				"y": 2,
				"r": 0
			},
			"upd": {
				"StackObjectsCount": 50
			}
		},
		{
			"_id": "5dcb1dc5fb81105cd85bffcf",
			"_tpl": "56d59d3ad2720bdb418b4577",
			"parentId": "5dcb1dc5fb81105cd85bffc7",
			"slotId": "main",
			"location": {
				"x": 1,
				"y": 2,
				"r": 0
			},
			"upd": {
				"StackObjectsCount": 50
			}
		},
		{
			"_id": "5dcb1dc5fb81105cd85bffd0",
			"_tpl": "56d59d3ad2720bdb418b4577",
			"parentId": "5dcb1dc5fb81105cd85bffc7",
			"slotId": "main",
			"location": {
				"x": 2,
				"y": 2,
				"r": 0
			},
			"upd": {
				"StackObjectsCount": 50
			}
		},
		{
			"_id": "5dcb1dc5fb81105cd85bff91",
			"_tpl": "566abbc34bdc2d92178b4576"
		},
		{
			"_id": "5dcb1dc5fb81105cd85bff94",
			"_tpl": "5963866b86f7747bfa1c4462"
		},
		{
			"_id": "5dcb1dc5fb81105cd85bff93",
			"_tpl": "5963866286f7747bf429b572"
		}
	],
	"equipment": "5dcb1dc5fb81105cd85bff92",
	"stash": "5dcb1dc5fb81105cd85bff91",
	"questRaidItems": "5dcb1dc5fb81105cd85bff93",
	"questStashItems": "5dcb1dc5fb81105cd85bff94",
	"fastPanel": {}
}