{
	"items": [
		{
			"_id": "5dcb1de5d7ed5e035c438d9f",
			"_tpl": "55d7217a4bdc2d86028b456d"
		},
		{
			"_id": "5dcb1de5d7ed5e035c438dbd",
			"_tpl": "57dc2fa62459775949412633",
			"parentId": "5dcb1de5d7ed5e035c438d9f",
			"slotId": "FirstPrimaryWeapon"
		},
		{
			"_id": "5dcb1de5d7ed5e035c438dbe",
			"_tpl": "57e3dba62459770f0c32322b",
			"parentId": "5dcb1de5d7ed5e035c438dbd",
			"slotId": "mod_pistol_grip"
		},
		{
			"_id": "5dcb1de5d7ed5e035c438dbf",
			"_tpl": "59d36a0086f7747e673f3946",
			"parentId": "5dcb1de5d7ed5e035c438dbd",
			"slotId": "mod_gas_block"
		},
		{
			"_id": "5dcb1de5d7ed5e035c438dc0",
			"_tpl": "57dc32dc245977596d4ef3d3",
			"parentId": "5dcb1de5d7ed5e035c438dbf",
			"slotId": "mod_handguard"
		},
		{
			"_id": "5dcb1de5d7ed5e035c438dc1",
			"_tpl": "57dc347d245977596754e7a1",
			"parentId": "5dcb1de5d7ed5e035c438dbd",
			"slotId": "mod_stock"
		},
		{
			"_id": "5dcb1de5d7ed5e035c438dc2",
			"_tpl": "5649ab884bdc2ded0b8b457f",
			"parentId": "5dcb1de5d7ed5e035c438dbd",
			"slotId": "mod_muzzle"
		},
		{
			"_id": "5dcb1de5d7ed5e035c438dc3",
			"_tpl": "57dc334d245977597164366f",
			"parentId": "5dcb1de5d7ed5e035c438dbd",
			"slotId": "mod_reciever"
		},
		{
			"_id": "5dcb1de5d7ed5e035c438dc4",
			"_tpl": "55d4837c4bdc2d1d4e8b456c",
			"parentId": "5dcb1de5d7ed5e035c438dbd",
			"slotId": "mod_magazine"
		},
		{
			"_id": "5dcb1de5d7ed5e035c438dc5",
			"_tpl": "56dff3afd2720bba668b4567",
			"parentId": "5dcb1de5d7ed5e035c438dc4",
			"slotId": "cartridges",
			"upd": {
				"StackObjectsCount": 10
			}
		},
		{
			"_id": "5dcb1de5d7ed5e035c438dc6",
			"_tpl": "56dff3afd2720bba668b4567",
			"parentId": "5dcb1de5d7ed5e035c438dbd",
			"slotId": "patron_in_weapon",
			"upd": {
				"StackObjectsCount": 1
			}
		},
		{
			"_id": "5dcb1de5d7ed5e035c438dc7",
			"_tpl": "557ffd194bdc2d28148b457f",
			"parentId": "5dcb1de5d7ed5e035c438d9f",
			"slotId": "Pockets"
		},
		{
			"_id": "5dcb1de5d7ed5e035c438ddf",
			"_tpl": "5c0e531d86f7747fa23f4d42",
			"parentId": "5dcb1de5d7ed5e035c438dc7",
			"slotId": "pocket1",
			"location": {
				"x": 0,
				"y": 0,
				"r": 0
			}
		},
		{
			"_id": "5dcb1de5d7ed5e035c438de0",
			"_tpl": "5449016a4bdc2d6f028b456f",
			"parentId": "5dcb1de5d7ed5e035c438dc7",
			"slotId": "pocket2",
			"location": {
				"x": 0,
				"y": 0,
				"r": 0
			},
			"upd": {
				"StackObjectsCount": 15000
			}
		},
		{
			"_id": "5dcb1de5d7ed5e035c438dc8",
			"_tpl": "59e7643b86f7742cbf2c109a",
			"parentId": "5dcb1de5d7ed5e035c438d9f",
			"slotId": "TacticalVest"
		},
		{
			"_id": "5dcb1de5d7ed5e035c438dd7",
			"_tpl": "55d4837c4bdc2d1d4e8b456c",
			"parentId": "5dcb1de5d7ed5e035c438dc8",
			"slotId": "1",
			"location": {
				"x": 0,
				"y": 0,
				"r": 0
			}
		},
		{
			"_id": "5dcb1de5d7ed5e035c438dd8",
			"_tpl": "56dff3afd2720bba668b4567",
			"parentId": "5dcb1de5d7ed5e035c438dd7",
			"slotId": "cartridges",
			"upd": {
				"StackObjectsCount": 10
			}
		},
		{
			"_id": "5dcb1de5d7ed5e035c438dd9",
			"_tpl": "55d4837c4bdc2d1d4e8b456c",
			"parentId": "5dcb1de5d7ed5e035c438dc8",
			"slotId": "1",
			"location": {
				"x": 1,
				"y": 0,
				"r": 0
			}
		},
		{
			"_id": "5dcb1de5d7ed5e035c438dda",
			"_tpl": "56dff3afd2720bba668b4567",
			"parentId": "5dcb1de5d7ed5e035c438dd9",
			"slotId": "cartridges",
			"upd": {
				"StackObjectsCount": 10
			}
		},
		{
			"_id": "5dcb1de5d7ed5e035c438ddb",
			"_tpl": "55d4837c4bdc2d1d4e8b456c",
			"parentId": "5dcb1de5d7ed5e035c438dc8",
			"slotId": "1",
			"location": {
				"x": 0,
				"y": 1,
				"r": 0
			}
		},
		{
			"_id": "5dcb1de5d7ed5e035c438ddc",
			"_tpl": "56dff3afd2720bba668b4567",
			"parentId": "5dcb1de5d7ed5e035c438ddb",
			"slotId": "cartridges",
			"upd": {
				"StackObjectsCount": 10
			}
		},
		{
			"_id": "5dcb1de5d7ed5e035c438dc9",
			"_tpl": "5ab8f4ff86f77431c60d91ba",
			"parentId": "5dcb1de5d7ed5e035c438d9f",
			"slotId": "FaceCover"
		},
		{
			"_id": "5dcb1de5d7ed5e035c438dca",
			"_tpl": "5c0e53c886f7747fa54205c7",
			"parentId": "5dcb1de5d7ed5e035c438d9f",
			"slotId": "ArmorVest",
			"upd": {
				"Repairable": {
					"Durability": 37
				}
			}
		},
		{
			"_id": "5dcb1de5d7ed5e035c438dcb",
			"_tpl": "5bc9c1e2d4351e00367fbcf0",
			"parentId": "5dcb1de5d7ed5e035c438d9f",
			"slotId": "Scabbard"
		},
		{
			"_id": "5dcb1de5d7ed5e035c438dcc",
			"_tpl": "56e33634d2720bd8058b456b",
			"parentId": "5dcb1de5d7ed5e035c438d9f",
			"slotId": "Backpack"
		},
		{
			"_id": "5dcb1de5d7ed5e035c438de1",
			"_tpl": "591ae8f986f77406f854be45",
			"parentId": "5dcb1de5d7ed5e035c438dcc",
			"slotId": "main",
			"location": {
				"x": 0,
				"y": 0,
				"r": 0
			}
		},
		{
			"_id": "5dcb1de5d7ed5e035c438dcd",
			"_tpl": "5857a8bc2459772bad15db29",
			"parentId": "5dcb1de5d7ed5e035c438d9f",
			"slotId": "SecuredContainer"
		},
		{
			"_id": "5dcb1de5d7ed5e035c438dce",
			"_tpl": "56dff3afd2720bba668b4567",
			"parentId": "5dcb1de5d7ed5e035c438dcd",
			"slotId": "main",
			"location": {
				"x": 0,
				"y": 0,
				"r": 0
			},
			"upd": {
				"StackObjectsCount": 60
			}
		},
		{
			"_id": "5dcb1de5d7ed5e035c438dcf",
			"_tpl": "56dff3afd2720bba668b4567",
			"parentId": "5dcb1de5d7ed5e035c438dcd",
			"slotId": "main",
			"location": {
				"x": 1,
				"y": 0,
				"r": 0
			},
			"upd": {
				"StackObjectsCount": 60
			}
		},
		{
			"_id": "5dcb1de5d7ed5e035c438dd0",
			"_tpl": "56dff3afd2720bba668b4567",
			"parentId": "5dcb1de5d7ed5e035c438dcd",
			"slotId": "main",
			"location": {
				"x": 2,
				"y": 0,
				"r": 0
			},
			"upd": {
				"StackObjectsCount": 60
			}
		},
		{
			"_id": "5dcb1de5d7ed5e035c438dd1",
			"_tpl": "56dff3afd2720bba668b4567",
			"parentId": "5dcb1de5d7ed5e035c438dcd",
			"slotId": "main",
			"location": {
				"x": 0,
				"y": 1,
				"r": 0
			},
			"upd": {
				"StackObjectsCount": 60
			}
		},
		{
			"_id": "5dcb1de5d7ed5e035c438dd2",
			"_tpl": "56dff3afd2720bba668b4567",
			"parentId": "5dcb1de5d7ed5e035c438dcd",
			"slotId": "main",
			"location": {
				"x": 1,
				"y": 1,
				"r": 0
			},
			"upd": {
				"StackObjectsCount": 60
			}
		},
		{
			"_id": "5dcb1de5d7ed5e035c438dd3",
			"_tpl": "56dff3afd2720bba668b4567",
			"parentId": "5dcb1de5d7ed5e035c438dcd",
			"slotId": "main",
			"location": {
				"x": 2,
				"y": 1,
				"r": 0
			},
			"upd": {
				"StackObjectsCount": 60
			}
		},
		{
			"_id": "5dcb1de5d7ed5e035c438dd4",
			"_tpl": "56dff3afd2720bba668b4567",
			"parentId": "5dcb1de5d7ed5e035c438dcd",
			"slotId": "main",
			"location": {
				"x": 0,
				"y": 2,
				"r": 0
			},
			"upd": {
				"StackObjectsCount": 60
			}
		},
		{
			"_id": "5dcb1de5d7ed5e035c438dd5",
			"_tpl": "56dff3afd2720bba668b4567",
			"parentId": "5dcb1de5d7ed5e035c438dcd",
			"slotId": "main",
			"location": {
				"x": 1,
				"y": 2,
				"r": 0
			},
			"upd": {
				"StackObjectsCount": 60
			}
		},
		{
			"_id": "5dcb1de5d7ed5e035c438dd6",
			"_tpl": "56dff3afd2720bba668b4567",
			"parentId": "5dcb1de5d7ed5e035c438dcd",
			"slotId": "main",
			"location": {
				"x": 2,
				"y": 2,
				"r": 0
			},
			"upd": {
				"StackObjectsCount": 60
			}
		},
		{
			"_id": "5dcb1de5d7ed5e035c438d9e",
			"_tpl": "566abbc34bdc2d92178b4576"
		},
		{
			"_id": "5dcb1de5d7ed5e035c438da1",
			"_tpl": "5963866b86f7747bfa1c4462"
		},
		{
			"_id": "5dcb1de5d7ed5e035c438da0",
			"_tpl": "5963866286f7747bf429b572"
		}
	],
	"equipment": "5dcb1de5d7ed5e035c438d9f",
	"stash": "5dcb1de5d7ed5e035c438d9e",
	"questRaidItems": "5dcb1de5d7ed5e035c438da0",
	"questStashItems": "5dcb1de5d7ed5e035c438da1",
	"fastPanel": {}
}