{
	"items": [
		{
			"_id": "5dcb1de5d7ed5e035c438635",
			"_tpl": "55d7217a4bdc2d86028b456d"
		},
		{
			"_id": "5dcb1de5d7ed5e035c438652",
			"_tpl": "54491c4f4bdc2db1078b4568",
			"parentId": "5dcb1de5d7ed5e035c438635",
			"slotId": "FirstPrimaryWeapon"
		},
		{
			"_id": "5dcb1de5d7ed5e035c438653",
			"_tpl": "55d4491a4bdc2d882f8b456e",
			"parentId": "5dcb1de5d7ed5e035c438652",
			"slotId": "mod_barrel"
		},
		{
			"_id": "5dcb1de5d7ed5e035c438654",
			"_tpl": "55d45d3f4bdc2d972f8b456c",
			"parentId": "5dcb1de5d7ed5e035c438652",
			"slotId": "mod_handguard"
		},
		{
			"_id": "5dcb1de5d7ed5e035c438655",
			"_tpl": "56083be64bdc2d20478b456f",
			"parentId": "5dcb1de5d7ed5e035c438652",
			"slotId": "mod_stock"
		},
		{
			"_id": "5dcb1de5d7ed5e035c438656",
			"_tpl": "55d48ebc4bdc2d8c2f8b456c",
			"parentId": "5dcb1de5d7ed5e035c438652",
			"slotId": "mod_mount_000"
		},
		{
			"_id": "5dcb1de5d7ed5e035c438657",
			"_tpl": "56def37dd2720bec348b456a",
			"parentId": "5dcb1de5d7ed5e035c438656",
			"slotId": "mod_tactical_001"
		},
		{
			"_id": "5dcb1de5d7ed5e035c438658",
			"_tpl": "55d484b44bdc2d1d4e8b456d",
			"parentId": "5dcb1de5d7ed5e035c438652",
			"slotId": "mod_magazine"
		},
		{
			"_id": "5dcb1de5d7ed5e035c438659",
			"_tpl": "58820d1224597753c90aeb13",
			"parentId": "5dcb1de5d7ed5e035c438658",
			"slotId": "cartridges",
			"upd": {
				"StackObjectsCount": 6
			}
		},
		{
			"_id": "5dcb1de5d7ed5e035c43865a",
			"_tpl": "58820d1224597753c90aeb13",
			"parentId": "5dcb1de5d7ed5e035c438652",
			"slotId": "patron_in_weapon",
			"upd": {
				"StackObjectsCount": 1
			}
		},
		{
			"_id": "5dcb1de5d7ed5e035c43865b",
			"_tpl": "557ffd194bdc2d28148b457f",
			"parentId": "5dcb1de5d7ed5e035c438635",
			"slotId": "Pockets"
		},
		{
			"_id": "5dcb1de5d7ed5e035c43866d",
			"_tpl": "5449016a4bdc2d6f028b456f",
			"parentId": "5dcb1de5d7ed5e035c43865b",
			"slotId": "pocket1",
			"location": {
				"x": 0,
				"y": 0,
				"r": 0
			},
			"upd": {
				"StackObjectsCount": 5000
			}
		},
		{
			"_id": "5dcb1de5d7ed5e035c43865c",
			"_tpl": "572b7adb24597762ae139821",
			"parentId": "5dcb1de5d7ed5e035c438635",
			"slotId": "TacticalVest"
		},
		{
			"_id": "5dcb1de5d7ed5e035c438668",
			"_tpl": "58820d1224597753c90aeb13",
			"parentId": "5dcb1de5d7ed5e035c43865c",
			"slotId": "1",
			"location": {
				"x": 0,
				"y": 0,
				"r": 0
			},
			"upd": {
				"StackObjectsCount": 14
			}
		},
		{
			"_id": "5dcb1de5d7ed5e035c438669",
			"_tpl": "58820d1224597753c90aeb13",
			"parentId": "5dcb1de5d7ed5e035c43865c",
			"slotId": "2",
			"location": {
				"x": 0,
				"y": 0,
				"r": 0
			},
			"upd": {
				"StackObjectsCount": 9
			}
		},
		{
			"_id": "5dcb1de5d7ed5e035c43866a",
			"_tpl": "58820d1224597753c90aeb13",
			"parentId": "5dcb1de5d7ed5e035c43865c",
			"slotId": "2",
			"location": {
				"x": 0,
				"y": 1,
				"r": 0
			},
			"upd": {
				"StackObjectsCount": 16
			}
		},
		{
			"_id": "5dcb1de5d7ed5e035c43865d",
			"_tpl": "59e7715586f7742ee5789605",
			"parentId": "5dcb1de5d7ed5e035c438635",
			"slotId": "FaceCover"
		},
		{
			"_id": "5dcb1de5d7ed5e035c43865e",
			"_tpl": "5857a8bc2459772bad15db29",
			"parentId": "5dcb1de5d7ed5e035c438635",
			"slotId": "SecuredContainer"
		},
		{
			"_id": "5dcb1de5d7ed5e035c43865f",
			"_tpl": "58820d1224597753c90aeb13",
			"parentId": "5dcb1de5d7ed5e035c43865e",
			"slotId": "main",
			"location": {
				"x": 0,
				"y": 0,
				"r": 0
			},
			"upd": {
				"StackObjectsCount": 20
			}
		},
		{
			"_id": "5dcb1de5d7ed5e035c438660",
			"_tpl": "58820d1224597753c90aeb13",
			"parentId": "5dcb1de5d7ed5e035c43865e",
			"slotId": "main",
			"location": {
				"x": 1,
				"y": 0,
				"r": 0
			},
			"upd": {
				"StackObjectsCount": 20
			}
		},
		{
			"_id": "5dcb1de5d7ed5e035c438661",
			"_tpl": "58820d1224597753c90aeb13",
			"parentId": "5dcb1de5d7ed5e035c43865e",
			"slotId": "main",
			"location": {
				"x": 2,
				"y": 0,
				"r": 0
			},
			"upd": {
				"StackObjectsCount": 20
			}
		},
		{
			"_id": "5dcb1de5d7ed5e035c438662",
			"_tpl": "58820d1224597753c90aeb13",
			"parentId": "5dcb1de5d7ed5e035c43865e",
			"slotId": "main",
			"location": {
				"x": 0,
				"y": 1,
				"r": 0
			},
			"upd": {
				"StackObjectsCount": 20
			}
		},
		{
			"_id": "5dcb1de5d7ed5e035c438663",
			"_tpl": "58820d1224597753c90aeb13",
			"parentId": "5dcb1de5d7ed5e035c43865e",
			"slotId": "main",
			"location": {
				"x": 1,
				"y": 1,
				"r": 0
			},
			"upd": {
				"StackObjectsCount": 20
			}
		},
		{
			"_id": "5dcb1de5d7ed5e035c438664",
			"_tpl": "58820d1224597753c90aeb13",
			"parentId": "5dcb1de5d7ed5e035c43865e",
			"slotId": "main",
			"location": {
				"x": 2,
				"y": 1,
				"r": 0
			},
			"upd": {
				"StackObjectsCount": 20
			}
		},
		{
			"_id": "5dcb1de5d7ed5e035c438665",
			"_tpl": "58820d1224597753c90aeb13",
			"parentId": "5dcb1de5d7ed5e035c43865e",
			"slotId": "main",
			"location": {
				"x": 0,
				"y": 2,
				"r": 0
			},
			"upd": {
				"StackObjectsCount": 20
			}
		},
		{
			"_id": "5dcb1de5d7ed5e035c438666",
			"_tpl": "58820d1224597753c90aeb13",
			"parentId": "5dcb1de5d7ed5e035c43865e",
			"slotId": "main",
			"location": {
				"x": 1,
				"y": 2,
				"r": 0
			},
			"upd": {
				"StackObjectsCount": 20
			}
		},
		{
			"_id": "5dcb1de5d7ed5e035c438667",
			"_tpl": "58820d1224597753c90aeb13",
			"parentId": "5dcb1de5d7ed5e035c43865e",
			"slotId": "main",
			"location": {
				"x": 2,
				"y": 2,
				"r": 0
			},
			"upd": {
				"StackObjectsCount": 20
			}
		},
		{
			"_id": "5dcb1de5d7ed5e035c438634",
			"_tpl": "566abbc34bdc2d92178b4576"
		},
		{
			"_id": "5dcb1de5d7ed5e035c438637",
			"_tpl": "5963866b86f7747bfa1c4462"
		},
		{
			"_id": "5dcb1de5d7ed5e035c438636",
			"_tpl": "5963866286f7747bf429b572"
		}
	],
	"equipment": "5dcb1de5d7ed5e035c438635",
	"stash": "5dcb1de5d7ed5e035c438634",
	"questRaidItems": "5dcb1de5d7ed5e035c438636",
	"questStashItems": "5dcb1de5d7ed5e035c438637",
	"fastPanel": {}
}