{
	"items": [
		{
			"_id": "5dcb1de5d7ed5e035c438f25",
			"_tpl": "55d7217a4bdc2d86028b456d"
		},
		{
			"_id": "5dcb1de5d7ed5e035c438f44",
			"_tpl": "576165642459773c7a400233",
			"parentId": "5dcb1de5d7ed5e035c438f25",
			"slotId": "FirstPrimaryWeapon"
		},
		{
			"_id": "5dcb1de5d7ed5e035c438f45",
			"_tpl": "576169e62459773c69055191",
			"parentId": "5dcb1de5d7ed5e035c438f44",
			"slotId": "mod_handguard"
		},
		{
			"_id": "5dcb1de5d7ed5e035c438f46",
			"_tpl": "5649ade84bdc2d1b2b8b4587",
			"parentId": "5dcb1de5d7ed5e035c438f44",
			"slotId": "mod_pistol_grip"
		},
		{
			"_id": "5dcb1de5d7ed5e035c438f47",
			"_tpl": "57616c112459773cce774d66",
			"parentId": "5dcb1de5d7ed5e035c438f44",
			"slotId": "mod_reciever"
		},
		{
			"_id": "5dcb1de5d7ed5e035c438f48",
			"_tpl": "57a9b9ce2459770ee926038d",
			"parentId": "5dcb1de5d7ed5e035c438f44",
			"slotId": "mod_sight_rear"
		},
		{
			"_id": "5dcb1de5d7ed5e035c438f49",
			"_tpl": "57616ca52459773c69055192",
			"parentId": "5dcb1de5d7ed5e035c438f44",
			"slotId": "mod_stock"
		},
		{
			"_id": "5dcb1de5d7ed5e035c438f4a",
			"_tpl": "57616a9e2459773c7a400234",
			"parentId": "5dcb1de5d7ed5e035c438f44",
			"slotId": "mod_magazine"
		},
		{
			"_id": "5dcb1de5d7ed5e035c438f4b",
			"_tpl": "5d6e6806a4b936088465b17e",
			"parentId": "5dcb1de5d7ed5e035c438f4a",
			"slotId": "cartridges",
			"upd": {
				"StackObjectsCount": 5
			}
		},
		{
			"_id": "5dcb1de5d7ed5e035c438f4c",
			"_tpl": "5d6e6806a4b936088465b17e",
			"parentId": "5dcb1de5d7ed5e035c438f44",
			"slotId": "patron_in_weapon",
			"upd": {
				"StackObjectsCount": 1
			}
		},
		{
			"_id": "5dcb1de5d7ed5e035c438f4d",
			"_tpl": "557ffd194bdc2d28148b457f",
			"parentId": "5dcb1de5d7ed5e035c438f25",
			"slotId": "Pockets"
		},
		{
			"_id": "5dcb1de5d7ed5e035c438f64",
			"_tpl": "5755356824597772cb798962",
			"parentId": "5dcb1de5d7ed5e035c438f4d",
			"slotId": "pocket1",
			"location": {
				"x": 0,
				"y": 0,
				"r": 0
			},
			"upd": {
				"MedKit": {
					"HpResource": 91
				}
			}
		},
		{
			"_id": "5dcb1de5d7ed5e035c438f4e",
			"_tpl": "5c0e446786f7742013381639",
			"parentId": "5dcb1de5d7ed5e035c438f25",
			"slotId": "TacticalVest"
		},
		{
			"_id": "5dcb1de5d7ed5e035c438f5c",
			"_tpl": "57616a9e2459773c7a400234",
			"parentId": "5dcb1de5d7ed5e035c438f4e",
			"slotId": "1",
			"location": {
				"x": 0,
				"y": 0,
				"r": 0
			}
		},
		{
			"_id": "5dcb1de5d7ed5e035c438f5d",
			"_tpl": "5d6e6806a4b936088465b17e",
			"parentId": "5dcb1de5d7ed5e035c438f5c",
			"slotId": "cartridges",
			"upd": {
				"StackObjectsCount": 5
			}
		},
		{
			"_id": "5dcb1de5d7ed5e035c438f5e",
			"_tpl": "57616a9e2459773c7a400234",
			"parentId": "5dcb1de5d7ed5e035c438f4e",
			"slotId": "2",
			"location": {
				"x": 0,
				"y": 0,
				"r": 0
			}
		},
		{
			"_id": "5dcb1de5d7ed5e035c438f5f",
			"_tpl": "5d6e6806a4b936088465b17e",
			"parentId": "5dcb1de5d7ed5e035c438f5e",
			"slotId": "cartridges",
			"upd": {
				"StackObjectsCount": 5
			}
		},
		{
			"_id": "5dcb1de5d7ed5e035c438f60",
			"_tpl": "57616a9e2459773c7a400234",
			"parentId": "5dcb1de5d7ed5e035c438f4e",
			"slotId": "3",
			"location": {
				"x": 0,
				"y": 0,
				"r": 0
			}
		},
		{
			"_id": "5dcb1de5d7ed5e035c438f61",
			"_tpl": "5d6e6806a4b936088465b17e",
			"parentId": "5dcb1de5d7ed5e035c438f60",
			"slotId": "cartridges",
			"upd": {
				"StackObjectsCount": 5
			}
		},
		{
			"_id": "5dcb1de5d7ed5e035c438f4f",
			"_tpl": "59e770b986f7742cbd762754",
			"parentId": "5dcb1de5d7ed5e035c438f25",
			"slotId": "Eyewear"
		},
		{
			"_id": "5dcb1de5d7ed5e035c438f50",
			"_tpl": "5ab8f4ff86f77431c60d91ba",
			"parentId": "5dcb1de5d7ed5e035c438f25",
			"slotId": "FaceCover"
		},
		{
			"_id": "5dcb1de5d7ed5e035c438f51",
			"_tpl": "56e33680d2720be2748b4576",
			"parentId": "5dcb1de5d7ed5e035c438f25",
			"slotId": "Backpack"
		},
		{
			"_id": "5dcb1de5d7ed5e035c438f65",
			"_tpl": "591ae8f986f77406f854be45",
			"parentId": "5dcb1de5d7ed5e035c438f51",
			"slotId": "main",
			"location": {
				"x": 0,
				"y": 0,
				"r": 0
			}
		},
		{
			"_id": "5dcb1de5d7ed5e035c438f66",
			"_tpl": "57347c1124597737fb1379e3",
			"parentId": "5dcb1de5d7ed5e035c438f51",
			"slotId": "main",
			"location": {
				"x": 1,
				"y": 0,
				"r": 0
			}
		},
		{
			"_id": "5dcb1de5d7ed5e035c438f67",
			"_tpl": "57347c1124597737fb1379e3",
			"parentId": "5dcb1de5d7ed5e035c438f51",
			"slotId": "main",
			"location": {
				"x": 2,
				"y": 0,
				"r": 0
			}
		},
		{
			"_id": "5dcb1de5d7ed5e035c438f68",
			"_tpl": "5d1b313086f77425227d1678",
			"parentId": "5dcb1de5d7ed5e035c438f51",
			"slotId": "main",
			"location": {
				"x": 0,
				"y": 1,
				"r": 0
			}
		},
		{
			"_id": "5dcb1de5d7ed5e035c438f52",
			"_tpl": "5857a8bc2459772bad15db29",
			"parentId": "5dcb1de5d7ed5e035c438f25",
			"slotId": "SecuredContainer"
		},
		{
			"_id": "5dcb1de5d7ed5e035c438f53",
			"_tpl": "5d6e6806a4b936088465b17e",
			"parentId": "5dcb1de5d7ed5e035c438f52",
			"slotId": "main",
			"location": {
				"x": 0,
				"y": 0,
				"r": 0
			},
			"upd": {
				"StackObjectsCount": 20
			}
		},
		{
			"_id": "5dcb1de5d7ed5e035c438f54",
			"_tpl": "5d6e6806a4b936088465b17e",
			"parentId": "5dcb1de5d7ed5e035c438f52",
			"slotId": "main",
			"location": {
				"x": 1,
				"y": 0,
				"r": 0
			},
			"upd": {
				"StackObjectsCount": 20
			}
		},
		{
			"_id": "5dcb1de5d7ed5e035c438f55",
			"_tpl": "5d6e6806a4b936088465b17e",
			"parentId": "5dcb1de5d7ed5e035c438f52",
			"slotId": "main",
			"location": {
				"x": 2,
				"y": 0,
				"r": 0
			},
			"upd": {
				"StackObjectsCount": 20
			}
		},
		{
			"_id": "5dcb1de5d7ed5e035c438f56",
			"_tpl": "5d6e6806a4b936088465b17e",
			"parentId": "5dcb1de5d7ed5e035c438f52",
			"slotId": "main",
			"location": {
				"x": 0,
				"y": 1,
				"r": 0
			},
			"upd": {
				"StackObjectsCount": 20
			}
		},
		{
			"_id": "5dcb1de5d7ed5e035c438f57",
			"_tpl": "5d6e6806a4b936088465b17e",
			"parentId": "5dcb1de5d7ed5e035c438f52",
			"slotId": "main",
			"location": {
				"x": 1,
				"y": 1,
				"r": 0
			},
			"upd": {
				"StackObjectsCount": 20
			}
		},
		{
			"_id": "5dcb1de5d7ed5e035c438f58",
			"_tpl": "5d6e6806a4b936088465b17e",
			"parentId": "5dcb1de5d7ed5e035c438f52",
			"slotId": "main",
			"location": {
				"x": 2,
				"y": 1,
				"r": 0
			},
			"upd": {
				"StackObjectsCount": 20
			}
		},
		{
			"_id": "5dcb1de5d7ed5e035c438f59",
			"_tpl": "5d6e6806a4b936088465b17e",
			"parentId": "5dcb1de5d7ed5e035c438f52",
			"slotId": "main",
			"location": {
				"x": 0,
				"y": 2,
				"r": 0
			},
			"upd": {
				"StackObjectsCount": 20
			}
		},
		{
			"_id": "5dcb1de5d7ed5e035c438f5a",
			"_tpl": "5d6e6806a4b936088465b17e",
			"parentId": "5dcb1de5d7ed5e035c438f52",
			"slotId": "main",
			"location": {
				"x": 1,
				"y": 2,
				"r": 0
			},
			"upd": {
				"StackObjectsCount": 20
			}
		},
		{
			"_id": "5dcb1de5d7ed5e035c438f5b",
			"_tpl": "5d6e6806a4b936088465b17e",
			"parentId": "5dcb1de5d7ed5e035c438f52",
			"slotId": "main",
			"location": {
				"x": 2,
				"y": 2,
				"r": 0
			},
			"upd": {
				"StackObjectsCount": 20
			}
		},
		{
			"_id": "5dcb1de5d7ed5e035c438f24",
			"_tpl": "566abbc34bdc2d92178b4576"
		},
		{
			"_id": "5dcb1de5d7ed5e035c438f27",
			"_tpl": "5963866b86f7747bfa1c4462"
		},
		{
			"_id": "5dcb1de5d7ed5e035c438f26",
			"_tpl": "5963866286f7747bf429b572"
		}
	],
	"equipment": "5dcb1de5d7ed5e035c438f25",
	"stash": "5dcb1de5d7ed5e035c438f24",
	"questRaidItems": "5dcb1de5d7ed5e035c438f26",
	"questStashItems": "5dcb1de5d7ed5e035c438f27",
	"fastPanel": {}
}