{
	"items": [
		{
			"_id": "5dcb1de5d7ed5e035c439468",
			"_tpl": "55d7217a4bdc2d86028b456d"
		},
		{
			"_id": "5dcb1de5d7ed5e035c439484",
			"_tpl": "579204f224597773d619e051",
			"parentId": "5dcb1de5d7ed5e035c439468",
			"slotId": "Holster"
		},
		{
			"_id": "5dcb1de5d7ed5e035c439485",
			"_tpl": "5448c12b4bdc2d02308b456f",
			"parentId": "5dcb1de5d7ed5e035c439484",
			"slotId": "mod_magazine"
		},
		{
			"_id": "5dcb1de5d7ed5e035c439486",
			"_tpl": "573719762459775a626ccbc1",
			"parentId": "5dcb1de5d7ed5e035c439485",
			"slotId": "cartridges",
			"upd": {
				"StackObjectsCount": 8
			}
		},
		{
			"_id": "5dcb1de5d7ed5e035c439487",
			"_tpl": "573719762459775a626ccbc1",
			"parentId": "5dcb1de5d7ed5e035c439484",
			"slotId": "patron_in_weapon",
			"upd": {
				"StackObjectsCount": 1
			}
		},
		{
			"_id": "5dcb1de5d7ed5e035c439488",
			"_tpl": "557ffd194bdc2d28148b457f",
			"parentId": "5dcb1de5d7ed5e035c439468",
			"slotId": "Pockets"
		},
		{
			"_id": "5dcb1de5d7ed5e035c439489",
			"_tpl": "572b7adb24597762ae139821",
			"parentId": "5dcb1de5d7ed5e035c439468",
			"slotId": "TacticalVest"
		},
		{
			"_id": "5dcb1de5d7ed5e035c439496",
			"_tpl": "5448c12b4bdc2d02308b456f",
			"parentId": "5dcb1de5d7ed5e035c439489",
			"slotId": "1",
			"location": {
				"x": 0,
				"y": 0,
				"r": 0
			}
		},
		{
			"_id": "5dcb1de5d7ed5e035c439497",
			"_tpl": "573719762459775a626ccbc1",
			"parentId": "5dcb1de5d7ed5e035c439496",
			"slotId": "cartridges",
			"upd": {
				"StackObjectsCount": 8
			}
		},
		{
			"_id": "5dcb1de5d7ed5e035c43949a",
			"_tpl": "590c5f0d86f77413997acfab",
			"parentId": "5dcb1de5d7ed5e035c439489",
			"slotId": "3",
			"location": {
				"x": 0,
				"y": 0,
				"r": 0
			},
			"upd": {
				"FoodDrink": {
					"HpPercent": 1
				}
			}
		},
		{
			"_id": "5dcb1de5d7ed5e035c43948a",
			"_tpl": "57e26ea924597715ca604a09",
			"parentId": "5dcb1de5d7ed5e035c439468",
			"slotId": "Scabbard"
		},
		{
			"_id": "5dcb1de5d7ed5e035c43948b",
			"_tpl": "5ab8f04f86f774585f4237d8",
			"parentId": "5dcb1de5d7ed5e035c439468",
			"slotId": "Backpack"
		},
		{
			"_id": "5dcb1de5d7ed5e035c43949b",
			"_tpl": "5d0378d486f77420421a5ff4",
			"parentId": "5dcb1de5d7ed5e035c43948b",
			"slotId": "main",
			"location": {
				"x": 0,
				"y": 0,
				"r": 0
			}
		},
		{
			"_id": "5dcb1de5d7ed5e035c43949c",
			"_tpl": "5c1265fc86f7743f896a21c2",
			"parentId": "5dcb1de5d7ed5e035c43948b",
			"slotId": "main",
			"location": {
				"x": 1,
				"y": 0,
				"r": 0
			}
		},
		{
			"_id": "5dcb1de5d7ed5e035c43948c",
			"_tpl": "5857a8bc2459772bad15db29",
			"parentId": "5dcb1de5d7ed5e035c439468",
			"slotId": "SecuredContainer"
		},
		{
			"_id": "5dcb1de5d7ed5e035c43948d",
			"_tpl": "573719762459775a626ccbc1",
			"parentId": "5dcb1de5d7ed5e035c43948c",
			"slotId": "main",
			"location": {
				"x": 0,
				"y": 0,
				"r": 0
			},
			"upd": {
				"StackObjectsCount": 50
			}
		},
		{
			"_id": "5dcb1de5d7ed5e035c43948e",
			"_tpl": "573719762459775a626ccbc1",
			"parentId": "5dcb1de5d7ed5e035c43948c",
			"slotId": "main",
			"location": {
				"x": 1,
				"y": 0,
				"r": 0
			},
			"upd": {
				"StackObjectsCount": 50
			}
		},
		{
			"_id": "5dcb1de5d7ed5e035c43948f",
			"_tpl": "573719762459775a626ccbc1",
			"parentId": "5dcb1de5d7ed5e035c43948c",
			"slotId": "main",
			"location": {
				"x": 2,
				"y": 0,
				"r": 0
			},
			"upd": {
				"StackObjectsCount": 50
			}
		},
		{
			"_id": "5dcb1de5d7ed5e035c439490",
			"_tpl": "573719762459775a626ccbc1",
			"parentId": "5dcb1de5d7ed5e035c43948c",
			"slotId": "main",
			"location": {
				"x": 0,
				"y": 1,
				"r": 0
			},
			"upd": {
				"StackObjectsCount": 50
			}
		},
		{
			"_id": "5dcb1de5d7ed5e035c439491",
			"_tpl": "573719762459775a626ccbc1",
			"parentId": "5dcb1de5d7ed5e035c43948c",
			"slotId": "main",
			"location": {
				"x": 1,
				"y": 1,
				"r": 0
			},
			"upd": {
				"StackObjectsCount": 50
			}
		},
		{
			"_id": "5dcb1de5d7ed5e035c439492",
			"_tpl": "573719762459775a626ccbc1",
			"parentId": "5dcb1de5d7ed5e035c43948c",
			"slotId": "main",
			"location": {
				"x": 2,
				"y": 1,
				"r": 0
			},
			"upd": {
				"StackObjectsCount": 50
			}
		},
		{
			"_id": "5dcb1de5d7ed5e035c439493",
			"_tpl": "573719762459775a626ccbc1",
			"parentId": "5dcb1de5d7ed5e035c43948c",
			"slotId": "main",
			"location": {
				"x": 0,
				"y": 2,
				"r": 0
			},
			"upd": {
				"StackObjectsCount": 50
			}
		},
		{
			"_id": "5dcb1de5d7ed5e035c439494",
			"_tpl": "573719762459775a626ccbc1",
			"parentId": "5dcb1de5d7ed5e035c43948c",
			"slotId": "main",
			"location": {
				"x": 1,
				"y": 2,
				"r": 0
			},
			"upd": {
				"StackObjectsCount": 50
			}
		},
		{
			"_id": "5dcb1de5d7ed5e035c439495",
			"_tpl": "573719762459775a626ccbc1",
			"parentId": "5dcb1de5d7ed5e035c43948c",
			"slotId": "main",
			"location": {
				"x": 2,
				"y": 2,
				"r": 0
			},
			"upd": {
				"StackObjectsCount": 50
			}
		},
		{
			"_id": "5dcb1de5d7ed5e035c439467",
			"_tpl": "566abbc34bdc2d92178b4576"
		},
		{
			"_id": "5dcb1de5d7ed5e035c43946a",
			"_tpl": "5963866b86f7747bfa1c4462"
		},
		{
			"_id": "5dcb1de5d7ed5e035c439469",
			"_tpl": "5963866286f7747bf429b572"
		}
	],
	"equipment": "5dcb1de5d7ed5e035c439468",
	"stash": "5dcb1de5d7ed5e035c439467",
	"questRaidItems": "5dcb1de5d7ed5e035c439469",
	"questStashItems": "5dcb1de5d7ed5e035c43946a",
	"fastPanel": {}
}