{
	"items": [
		{
			"_id": "5dcb1de5d7ed5e035c439a04",
			"_tpl": "55d7217a4bdc2d86028b456d"
		},
		{
			"_id": "5dcb1de5d7ed5e035c439a24",
			"_tpl": "59e6687d86f77411d949b251",
			"parentId": "5dcb1de5d7ed5e035c439a04",
			"slotId": "FirstPrimaryWeapon"
		},
		{
			"_id": "5dcb1de5d7ed5e035c439a25",
			"_tpl": "59e649f986f77411d949b246",
			"parentId": "5dcb1de5d7ed5e035c439a24",
			"slotId": "mod_gas_block"
		},
		{
			"_id": "5dcb1de5d7ed5e035c439a26",
			"_tpl": "59e898ee86f77427614bd225",
			"parentId": "5dcb1de5d7ed5e035c439a25",
			"slotId": "mod_handguard"
		},
		{
			"_id": "5dcb1de5d7ed5e035c439a27",
			"_tpl": "59e8a00d86f7742ad93b569c",
			"parentId": "5dcb1de5d7ed5e035c439a24",
			"slotId": "mod_muzzle"
		},
		{
			"_id": "5dcb1de5d7ed5e035c439a28",
			"_tpl": "59e6318286f77444dd62c4cc",
			"parentId": "5dcb1de5d7ed5e035c439a24",
			"slotId": "mod_pistol_grip"
		},
		{
			"_id": "5dcb1de5d7ed5e035c439a29",
			"_tpl": "59e6449086f7746c9f75e822",
			"parentId": "5dcb1de5d7ed5e035c439a24",
			"slotId": "mod_reciever"
		},
		{
			"_id": "5dcb1de5d7ed5e035c439a2a",
			"_tpl": "59e8977386f77415a553c453",
			"parentId": "5dcb1de5d7ed5e035c439a24",
			"slotId": "mod_sight_rear"
		},
		{
			"_id": "5dcb1de5d7ed5e035c439a2b",
			"_tpl": "59e89d0986f77427600d226e",
			"parentId": "5dcb1de5d7ed5e035c439a24",
			"slotId": "mod_stock"
		},
		{
			"_id": "5dcb1de5d7ed5e035c439a2d",
			"_tpl": "59d625f086f774661516605d",
			"parentId": "5dcb1de5d7ed5e035c439a24",
			"slotId": "mod_magazine"
		},
		{
			"_id": "5dcb1de5d7ed5e035c439a2e",
			"_tpl": "59e6542b86f77411dc52a77a",
			"parentId": "5dcb1de5d7ed5e035c439a2d",
			"slotId": "cartridges",
			"upd": {
				"StackObjectsCount": 30
			}
		},
		{
			"_id": "5dcb1de5d7ed5e035c439a2f",
			"_tpl": "557ffd194bdc2d28148b457f",
			"parentId": "5dcb1de5d7ed5e035c439a04",
			"slotId": "Pockets"
		},
		{
			"_id": "5dcb1de5d7ed5e035c439a46",
			"_tpl": "57347d7224597744596b4e72",
			"parentId": "5dcb1de5d7ed5e035c439a2f",
			"slotId": "pocket1",
			"location": {
				"x": 0,
				"y": 0,
				"r": 0
			},
			"upd": {
				"FoodDrink": {
					"HpPercent": 1
				}
			}
		},
		{
			"_id": "5dcb1de5d7ed5e035c439a30",
			"_tpl": "572b7adb24597762ae139821",
			"parentId": "5dcb1de5d7ed5e035c439a04",
			"slotId": "TacticalVest"
		},
		{
			"_id": "5dcb1de5d7ed5e035c439a3e",
			"_tpl": "59d625f086f774661516605d",
			"parentId": "5dcb1de5d7ed5e035c439a30",
			"slotId": "2",
			"location": {
				"x": 0,
				"y": 0,
				"r": 0
			}
		},
		{
			"_id": "5dcb1de5d7ed5e035c439a3f",
			"_tpl": "59e6542b86f77411dc52a77a",
			"parentId": "5dcb1de5d7ed5e035c439a3e",
			"slotId": "cartridges",
			"upd": {
				"StackObjectsCount": 30
			}
		},
		{
			"_id": "5dcb1de5d7ed5e035c439a31",
			"_tpl": "5aa2b89be5b5b0001569311f",
			"parentId": "5dcb1de5d7ed5e035c439a04",
			"slotId": "Headwear"
		},
		{
			"_id": "5dcb1de5d7ed5e035c439a32",
			"_tpl": "57e26fc7245977162a14b800",
			"parentId": "5dcb1de5d7ed5e035c439a04",
			"slotId": "Scabbard"
		},
		{
			"_id": "5dcb1de5d7ed5e035c439a33",
			"_tpl": "5ab8ee7786f7742d8f33f0b9",
			"parentId": "5dcb1de5d7ed5e035c439a04",
			"slotId": "Backpack"
		},
		{
			"_id": "5dcb1de5d7ed5e035c439a47",
			"_tpl": "57347d8724597744596b4e76",
			"parentId": "5dcb1de5d7ed5e035c439a33",
			"slotId": "main",
			"location": {
				"x": 0,
				"y": 0,
				"r": 0
			},
			"upd": {
				"FoodDrink": {
					"HpPercent": 1
				}
			}
		},
		{
			"_id": "5dcb1de5d7ed5e035c439a34",
			"_tpl": "5857a8bc2459772bad15db29",
			"parentId": "5dcb1de5d7ed5e035c439a04",
			"slotId": "SecuredContainer"
		},
		{
			"_id": "5dcb1de5d7ed5e035c439a35",
			"_tpl": "59e6542b86f77411dc52a77a",
			"parentId": "5dcb1de5d7ed5e035c439a34",
			"slotId": "main",
			"location": {
				"x": 0,
				"y": 0,
				"r": 0
			},
			"upd": {
				"StackObjectsCount": 50
			}
		},
		{
			"_id": "5dcb1de5d7ed5e035c439a36",
			"_tpl": "59e6542b86f77411dc52a77a",
			"parentId": "5dcb1de5d7ed5e035c439a34",
			"slotId": "main",
			"location": {
				"x": 1,
				"y": 0,
				"r": 0
			},
			"upd": {
				"StackObjectsCount": 50
			}
		},
		{
			"_id": "5dcb1de5d7ed5e035c439a37",
			"_tpl": "59e6542b86f77411dc52a77a",
			"parentId": "5dcb1de5d7ed5e035c439a34",
			"slotId": "main",
			"location": {
				"x": 2,
				"y": 0,
				"r": 0
			},
			"upd": {
				"StackObjectsCount": 50
			}
		},
		{
			"_id": "5dcb1de5d7ed5e035c439a38",
			"_tpl": "59e6542b86f77411dc52a77a",
			"parentId": "5dcb1de5d7ed5e035c439a34",
			"slotId": "main",
			"location": {
				"x": 0,
				"y": 1,
				"r": 0
			},
			"upd": {
				"StackObjectsCount": 50
			}
		},
		{
			"_id": "5dcb1de5d7ed5e035c439a39",
			"_tpl": "59e6542b86f77411dc52a77a",
			"parentId": "5dcb1de5d7ed5e035c439a34",
			"slotId": "main",
			"location": {
				"x": 1,
				"y": 1,
				"r": 0
			},
			"upd": {
				"StackObjectsCount": 50
			}
		},
		{
			"_id": "5dcb1de5d7ed5e035c439a3a",
			"_tpl": "59e6542b86f77411dc52a77a",
			"parentId": "5dcb1de5d7ed5e035c439a34",
			"slotId": "main",
			"location": {
				"x": 2,
				"y": 1,
				"r": 0
			},
			"upd": {
				"StackObjectsCount": 50
			}
		},
		{
			"_id": "5dcb1de5d7ed5e035c439a3b",
			"_tpl": "59e6542b86f77411dc52a77a",
			"parentId": "5dcb1de5d7ed5e035c439a34",
			"slotId": "main",
			"location": {
				"x": 0,
				"y": 2,
				"r": 0
			},
			"upd": {
				"StackObjectsCount": 50
			}
		},
		{
			"_id": "5dcb1de5d7ed5e035c439a3c",
			"_tpl": "59e6542b86f77411dc52a77a",
			"parentId": "5dcb1de5d7ed5e035c439a34",
			"slotId": "main",
			"location": {
				"x": 1,
				"y": 2,
				"r": 0
			},
			"upd": {
				"StackObjectsCount": 50
			}
		},
		{
			"_id": "5dcb1de5d7ed5e035c439a3d",
			"_tpl": "59e6542b86f77411dc52a77a",
			"parentId": "5dcb1de5d7ed5e035c439a34",
			"slotId": "main",
			"location": {
				"x": 2,
				"y": 2,
				"r": 0
			},
			"upd": {
				"StackObjectsCount": 50
			}
		},
		{
			"_id": "5dcb1de5d7ed5e035c439a03",
			"_tpl": "566abbc34bdc2d92178b4576"
		},
		{
			"_id": "5dcb1de5d7ed5e035c439a06",
			"_tpl": "5963866b86f7747bfa1c4462"
		},
		{
			"_id": "5dcb1de5d7ed5e035c439a05",
			"_tpl": "5963866286f7747bf429b572"
		}
	],
	"equipment": "5dcb1de5d7ed5e035c439a04",
	"stash": "5dcb1de5d7ed5e035c439a03",
	"questRaidItems": "5dcb1de5d7ed5e035c439a05",
	"questStashItems": "5dcb1de5d7ed5e035c439a06",
	"fastPanel": {}
}