{
	"items": [
		{
			"_id": "5dcb1dc5fb81105cd85c0240",
			"_tpl": "55d7217a4bdc2d86028b456d"
		},
		{
			"_id": "5dcb1dc5fb81105cd85c026e",
			"_tpl": "5ac66d9b5acfc4001633997a",
			"parentId": "5dcb1dc5fb81105cd85c0240",
			"slotId": "FirstPrimaryWeapon"
		},
		{
			"_id": "5dcb1dc5fb81105cd85c026f",
			"_tpl": "59c6633186f7740cf0493bb9",
			"parentId": "5dcb1dc5fb81105cd85c026e",
			"slotId": "mod_gas_block"
		},
		{
			"_id": "5dcb1dc5fb81105cd85c0270",
			"_tpl": "5648b1504bdc2d9d488b4584",
			"parentId": "5dcb1dc5fb81105cd85c026f",
			"slotId": "mod_handguard"
		},
		{
			"_id": "5dcb1dc5fb81105cd85c0271",
			"_tpl": "5ac72e945acfc43f3b691116",
			"parentId": "5dcb1dc5fb81105cd85c026e",
			"slotId": "mod_muzzle"
		},
		{
			"_id": "5dcb1dc5fb81105cd85c0272",
			"_tpl": "5649ade84bdc2d1b2b8b4587",
			"parentId": "5dcb1dc5fb81105cd85c026e",
			"slotId": "mod_pistol_grip"
		},
		{
			"_id": "5dcb1dc5fb81105cd85c0274",
			"_tpl": "5ac733a45acfc400192630e2",
			"parentId": "5dcb1dc5fb81105cd85c026e",
			"slotId": "mod_sight_rear"
		},
		{
			"_id": "5dcb1dc5fb81105cd85c0275",
			"_tpl": "5ac50c185acfc400163398d4",
			"parentId": "5dcb1dc5fb81105cd85c026e",
			"slotId": "mod_stock"
		},
		{
			"_id": "5dcb1dc5fb81105cd85c0277",
			"_tpl": "5ac50da15acfc4001718d287",
			"parentId": "5dcb1dc5fb81105cd85c026e",
			"slotId": "mod_reciever"
		},
		{
			"_id": "5dcb1dc5fb81105cd85c0278",
			"_tpl": "55d480c04bdc2d1d4e8b456a",
			"parentId": "5dcb1dc5fb81105cd85c026e",
			"slotId": "mod_magazine"
		},
		{
			"_id": "5dcb1dc5fb81105cd85c0279",
			"_tpl": "56dff3afd2720bba668b4567",
			"parentId": "5dcb1dc5fb81105cd85c0278",
			"slotId": "cartridges",
			"upd": {
				"StackObjectsCount": 30
			}
		},
		{
			"_id": "5dcb1dc5fb81105cd85c027a",
			"_tpl": "557ffd194bdc2d28148b457f",
			"parentId": "5dcb1dc5fb81105cd85c0240",
			"slotId": "Pockets"
		},
		{
			"_id": "5dcb1dc5fb81105cd85c0290",
			"_tpl": "573475fb24597737fb1379e1",
			"parentId": "5dcb1dc5fb81105cd85c027a",
			"slotId": "pocket1",
			"location": {
				"x": 0,
				"y": 0,
				"r": 0
			}
		},
		{
			"_id": "5dcb1dc5fb81105cd85c0291",
			"_tpl": "573475fb24597737fb1379e1",
			"parentId": "5dcb1dc5fb81105cd85c027a",
			"slotId": "pocket2",
			"location": {
				"x": 0,
				"y": 0,
				"r": 0
			}
		},
		{
			"_id": "5dcb1dc5fb81105cd85c027b",
			"_tpl": "59e7643b86f7742cbf2c109a",
			"parentId": "5dcb1dc5fb81105cd85c0240",
			"slotId": "TacticalVest"
		},
		{
			"_id": "5dcb1dc5fb81105cd85c0288",
			"_tpl": "55d480c04bdc2d1d4e8b456a",
			"parentId": "5dcb1dc5fb81105cd85c027b",
			"slotId": "1",
			"location": {
				"x": 0,
				"y": 0,
				"r": 0
			}
		},
		{
			"_id": "5dcb1dc5fb81105cd85c0289",
			"_tpl": "56dff3afd2720bba668b4567",
			"parentId": "5dcb1dc5fb81105cd85c0288",
			"slotId": "cartridges",
			"upd": {
				"StackObjectsCount": 30
			}
		},
		{
			"_id": "5dcb1dc5fb81105cd85c028a",
			"_tpl": "55d480c04bdc2d1d4e8b456a",
			"parentId": "5dcb1dc5fb81105cd85c027b",
			"slotId": "1",
			"location": {
				"x": 1,
				"y": 0,
				"r": 0
			}
		},
		{
			"_id": "5dcb1dc5fb81105cd85c028b",
			"_tpl": "56dff3afd2720bba668b4567",
			"parentId": "5dcb1dc5fb81105cd85c028a",
			"slotId": "cartridges",
			"upd": {
				"StackObjectsCount": 30
			}
		},
		{
			"_id": "5dcb1dc5fb81105cd85c028c",
			"_tpl": "55d480c04bdc2d1d4e8b456a",
			"parentId": "5dcb1dc5fb81105cd85c027b",
			"slotId": "2",
			"location": {
				"x": 0,
				"y": 0,
				"r": 0
			}
		},
		{
			"_id": "5dcb1dc5fb81105cd85c028d",
			"_tpl": "56dff3afd2720bba668b4567",
			"parentId": "5dcb1dc5fb81105cd85c028c",
			"slotId": "cartridges",
			"upd": {
				"StackObjectsCount": 30
			}
		},
		{
			"_id": "5dcb1dc5fb81105cd85c027c",
			"_tpl": "5c0e5edb86f77461f55ed1f7",
			"parentId": "5dcb1dc5fb81105cd85c0240",
			"slotId": "ArmorVest",
			"upd": {
				"Repairable": {
					"Durability": 37
				}
			}
		},
		{
			"_id": "5dcb1dc5fb81105cd85c027d",
			"_tpl": "56e33634d2720bd8058b456b",
			"parentId": "5dcb1dc5fb81105cd85c0240",
			"slotId": "Backpack"
		},
		{
			"_id": "5dcb1dc5fb81105cd85c0293",
			"_tpl": "590c5d4b86f774784e1b9c45",
			"parentId": "5dcb1dc5fb81105cd85c027d",
			"slotId": "main",
			"location": {
				"x": 0,
				"y": 0,
				"r": 0
			},
			"upd": {
				"FoodDrink": {
					"HpPercent": 1
				}
			}
		},
		{
			"_id": "5dcb1dc5fb81105cd85c0294",
			"_tpl": "544fb62a4bdc2dfb738b4568",
			"parentId": "5dcb1dc5fb81105cd85c027d",
			"slotId": "main",
			"location": {
				"x": 1,
				"y": 0,
				"r": 0
			},
			"upd": {
				"FoodDrink": {
					"HpPercent": 1
				}
			}
		},
		{
			"_id": "5dcb1dc5fb81105cd85c027e",
			"_tpl": "5857a8bc2459772bad15db29",
			"parentId": "5dcb1dc5fb81105cd85c0240",
			"slotId": "SecuredContainer"
		},
		{
			"_id": "5dcb1dc5fb81105cd85c027f",
			"_tpl": "56dff3afd2720bba668b4567",
			"parentId": "5dcb1dc5fb81105cd85c027e",
			"slotId": "main",
			"location": {
				"x": 0,
				"y": 0,
				"r": 0
			},
			"upd": {
				"StackObjectsCount": 60
			}
		},
		{
			"_id": "5dcb1dc5fb81105cd85c0280",
			"_tpl": "56dff3afd2720bba668b4567",
			"parentId": "5dcb1dc5fb81105cd85c027e",
			"slotId": "main",
			"location": {
				"x": 1,
				"y": 0,
				"r": 0
			},
			"upd": {
				"StackObjectsCount": 60
			}
		},
		{
			"_id": "5dcb1dc5fb81105cd85c0281",
			"_tpl": "56dff3afd2720bba668b4567",
			"parentId": "5dcb1dc5fb81105cd85c027e",
			"slotId": "main",
			"location": {
				"x": 2,
				"y": 0,
				"r": 0
			},
			"upd": {
				"StackObjectsCount": 60
			}
		},
		{
			"_id": "5dcb1dc5fb81105cd85c0282",
			"_tpl": "56dff3afd2720bba668b4567",
			"parentId": "5dcb1dc5fb81105cd85c027e",
			"slotId": "main",
			"location": {
				"x": 0,
				"y": 1,
				"r": 0
			},
			"upd": {
				"StackObjectsCount": 60
			}
		},
		{
			"_id": "5dcb1dc5fb81105cd85c0283",
			"_tpl": "56dff3afd2720bba668b4567",
			"parentId": "5dcb1dc5fb81105cd85c027e",
			"slotId": "main",
			"location": {
				"x": 1,
				"y": 1,
				"r": 0
			},
			"upd": {
				"StackObjectsCount": 60
			}
		},
		{
			"_id": "5dcb1dc5fb81105cd85c0284",
			"_tpl": "56dff3afd2720bba668b4567",
			"parentId": "5dcb1dc5fb81105cd85c027e",
			"slotId": "main",
			"location": {
				"x": 2,
				"y": 1,
				"r": 0
			},
			"upd": {
				"StackObjectsCount": 60
			}
		},
		{
			"_id": "5dcb1dc5fb81105cd85c0285",
			"_tpl": "56dff3afd2720bba668b4567",
			"parentId": "5dcb1dc5fb81105cd85c027e",
			"slotId": "main",
			"location": {
				"x": 0,
				"y": 2,
				"r": 0
			},
			"upd": {
				"StackObjectsCount": 60
			}
		},
		{
			"_id": "5dcb1dc5fb81105cd85c0286",
			"_tpl": "56dff3afd2720bba668b4567",
			"parentId": "5dcb1dc5fb81105cd85c027e",
			"slotId": "main",
			"location": {
				"x": 1,
				"y": 2,
				"r": 0
			},
			"upd": {
				"StackObjectsCount": 60
			}
		},
		{
			"_id": "5dcb1dc5fb81105cd85c0287",
			"_tpl": "56dff3afd2720bba668b4567",
			"parentId": "5dcb1dc5fb81105cd85c027e",
			"slotId": "main",
			"location": {
				"x": 2,
				"y": 2,
				"r": 0
			},
			"upd": {
				"StackObjectsCount": 60
			}
		},
		{
			"_id": "5dcb1dc5fb81105cd85c023f",
			"_tpl": "566abbc34bdc2d92178b4576"
		},
		{
			"_id": "5dcb1dc5fb81105cd85c0242",
			"_tpl": "5963866b86f7747bfa1c4462"
		},
		{
			"_id": "5dcb1dc5fb81105cd85c0241",
			"_tpl": "5963866286f7747bf429b572"
		}
	],
	"equipment": "5dcb1dc5fb81105cd85c0240",
	"stash": "5dcb1dc5fb81105cd85c023f",
	"questRaidItems": "5dcb1dc5fb81105cd85c0241",
	"questStashItems": "5dcb1dc5fb81105cd85c0242",
	"fastPanel": {}
}