{
	"items": [
		{
			"_id": "5dcb1de5d7ed5e035c438438",
			"_tpl": "55d7217a4bdc2d86028b456d"
		},
		{
			"_id": "5dcb1de5d7ed5e035c43845f",
			"_tpl": "56dee2bdd2720bc8328b4567",
			"parentId": "5dcb1de5d7ed5e035c438438",
			"slotId": "FirstPrimaryWeapon"
		},
		{
			"_id": "5dcb1de5d7ed5e035c438460",
			"_tpl": "56deec93d2720bec348b4568",
			"parentId": "5dcb1de5d7ed5e035c43845f",
			"slotId": "mod_barrel"
		},
		{
			"_id": "5dcb1de5d7ed5e035c438461",
			"_tpl": "56deed6ed2720b4c698b4583",
			"parentId": "5dcb1de5d7ed5e035c43845f",
			"slotId": "mod_handguard"
		},
		{
			"_id": "5dcb1de5d7ed5e035c438462",
			"_tpl": "56083be64bdc2d20478b456f",
			"parentId": "5dcb1de5d7ed5e035c43845f",
			"slotId": "mod_stock"
		},
		{
			"_id": "5dcb1de5d7ed5e035c438463",
			"_tpl": "55d48ebc4bdc2d8c2f8b456c",
			"parentId": "5dcb1de5d7ed5e035c43845f",
			"slotId": "mod_mount_000"
		},
		{
			"_id": "5dcb1de5d7ed5e035c438464",
			"_tpl": "57d17e212459775a1179a0f5",
			"parentId": "5dcb1de5d7ed5e035c438463",
			"slotId": "mod_tactical_001"
		},
		{
			"_id": "5dcb1de5d7ed5e035c438465",
			"_tpl": "59d790f486f77403cb06aec6",
			"parentId": "5dcb1de5d7ed5e035c438464",
			"slotId": "mod_flashlight"
		},
		{
			"_id": "5dcb1de5d7ed5e035c438466",
			"_tpl": "55d485804bdc2d8c2f8b456b",
			"parentId": "5dcb1de5d7ed5e035c43845f",
			"slotId": "mod_magazine"
		},
		{
			"_id": "5dcb1de5d7ed5e035c438467",
			"_tpl": "5d6e689ca4b9361bc8618956",
			"parentId": "5dcb1de5d7ed5e035c438466",
			"slotId": "cartridges",
			"upd": {
				"StackObjectsCount": 8
			}
		},
		{
			"_id": "5dcb1de5d7ed5e035c438468",
			"_tpl": "5d6e689ca4b9361bc8618956",
			"parentId": "5dcb1de5d7ed5e035c43845f",
			"slotId": "patron_in_weapon",
			"upd": {
				"StackObjectsCount": 1
			}
		},
		{
			"_id": "5dcb1de5d7ed5e035c438469",
			"_tpl": "557ffd194bdc2d28148b457f",
			"parentId": "5dcb1de5d7ed5e035c438438",
			"slotId": "Pockets"
		},
		{
			"_id": "5dcb1de5d7ed5e035c43847a",
			"_tpl": "5449016a4bdc2d6f028b456f",
			"parentId": "5dcb1de5d7ed5e035c438469",
			"slotId": "pocket1",
			"location": {
				"x": 0,
				"y": 0,
				"r": 0
			},
			"upd": {
				"StackObjectsCount": 5000
			}
		},
		{
			"_id": "5dcb1de5d7ed5e035c43847b",
			"_tpl": "5a0c27731526d80618476ac4",
			"parentId": "5dcb1de5d7ed5e035c438469",
			"slotId": "pocket2",
			"location": {
				"x": 0,
				"y": 0,
				"r": 0
			}
		},
		{
			"_id": "5dcb1de5d7ed5e035c43846a",
			"_tpl": "572b7adb24597762ae139821",
			"parentId": "5dcb1de5d7ed5e035c438438",
			"slotId": "TacticalVest"
		},
		{
			"_id": "5dcb1de5d7ed5e035c438478",
			"_tpl": "5d6e689ca4b9361bc8618956",
			"parentId": "5dcb1de5d7ed5e035c43846a",
			"slotId": "1",
			"location": {
				"x": 0,
				"y": 0,
				"r": 0
			},
			"upd": {
				"StackObjectsCount": 11
			}
		},
		{
			"_id": "5dcb1de5d7ed5e035c43846b",
			"_tpl": "59e7715586f7742ee5789605",
			"parentId": "5dcb1de5d7ed5e035c438438",
			"slotId": "FaceCover"
		},
		{
			"_id": "5dcb1de5d7ed5e035c43846c",
			"_tpl": "57e26fc7245977162a14b800",
			"parentId": "5dcb1de5d7ed5e035c438438",
			"slotId": "Scabbard"
		},
		{
			"_id": "5dcb1de5d7ed5e035c43846d",
			"_tpl": "56e33634d2720bd8058b456b",
			"parentId": "5dcb1de5d7ed5e035c438438",
			"slotId": "Backpack"
		},
		{
			"_id": "5dcb1de5d7ed5e035c43847c",
			"_tpl": "575146b724597720a27126d5",
			"parentId": "5dcb1de5d7ed5e035c43846d",
			"slotId": "main",
			"location": {
				"x": 0,
				"y": 0,
				"r": 0
			},
			"upd": {
				"FoodDrink": {
					"HpPercent": 1
				}
			}
		},
		{
			"_id": "5dcb1de5d7ed5e035c43847d",
			"_tpl": "5751a25924597722c463c472",
			"parentId": "5dcb1de5d7ed5e035c43846d",
			"slotId": "main",
			"location": {
				"x": 1,
				"y": 0,
				"r": 0
			},
			"upd": {
				"MedKit": {
					"HpResource": 1
				}
			}
		},
		{
			"_id": "5dcb1de5d7ed5e035c43847e",
			"_tpl": "57513f07245977207e26a311",
			"parentId": "5dcb1de5d7ed5e035c43846d",
			"slotId": "main",
			"location": {
				"x": 2,
				"y": 0,
				"r": 0
			},
			"upd": {
				"FoodDrink": {
					"HpPercent": 40
				}
			}
		},
		{
			"_id": "5dcb1de5d7ed5e035c43847f",
			"_tpl": "59148f8286f7741b951ea113",
			"parentId": "5dcb1de5d7ed5e035c43846d",
			"slotId": "main",
			"location": {
				"x": 3,
				"y": 0,
				"r": 0
			}
		},
		{
			"_id": "5dcb1de5d7ed5e035c438480",
			"_tpl": "593aa4be86f77457f56379f8",
			"parentId": "5dcb1de5d7ed5e035c43846d",
			"slotId": "main",
			"location": {
				"x": 1,
				"y": 1,
				"r": 0
			}
		},
		{
			"_id": "5dcb1de5d7ed5e035c43846e",
			"_tpl": "5857a8bc2459772bad15db29",
			"parentId": "5dcb1de5d7ed5e035c438438",
			"slotId": "SecuredContainer"
		},
		{
			"_id": "5dcb1de5d7ed5e035c43846f",
			"_tpl": "5d6e689ca4b9361bc8618956",
			"parentId": "5dcb1de5d7ed5e035c43846e",
			"slotId": "main",
			"location": {
				"x": 0,
				"y": 0,
				"r": 0
			},
			"upd": {
				"StackObjectsCount": 20
			}
		},
		{
			"_id": "5dcb1de5d7ed5e035c438470",
			"_tpl": "5d6e689ca4b9361bc8618956",
			"parentId": "5dcb1de5d7ed5e035c43846e",
			"slotId": "main",
			"location": {
				"x": 1,
				"y": 0,
				"r": 0
			},
			"upd": {
				"StackObjectsCount": 20
			}
		},
		{
			"_id": "5dcb1de5d7ed5e035c438471",
			"_tpl": "5d6e689ca4b9361bc8618956",
			"parentId": "5dcb1de5d7ed5e035c43846e",
			"slotId": "main",
			"location": {
				"x": 2,
				"y": 0,
				"r": 0
			},
			"upd": {
				"StackObjectsCount": 20
			}
		},
		{
			"_id": "5dcb1de5d7ed5e035c438472",
			"_tpl": "5d6e689ca4b9361bc8618956",
			"parentId": "5dcb1de5d7ed5e035c43846e",
			"slotId": "main",
			"location": {
				"x": 0,
				"y": 1,
				"r": 0
			},
			"upd": {
				"StackObjectsCount": 20
			}
		},
		{
			"_id": "5dcb1de5d7ed5e035c438473",
			"_tpl": "5d6e689ca4b9361bc8618956",
			"parentId": "5dcb1de5d7ed5e035c43846e",
			"slotId": "main",
			"location": {
				"x": 1,
				"y": 1,
				"r": 0
			},
			"upd": {
				"StackObjectsCount": 20
			}
		},
		{
			"_id": "5dcb1de5d7ed5e035c438474",
			"_tpl": "5d6e689ca4b9361bc8618956",
			"parentId": "5dcb1de5d7ed5e035c43846e",
			"slotId": "main",
			"location": {
				"x": 2,
				"y": 1,
				"r": 0
			},
			"upd": {
				"StackObjectsCount": 20
			}
		},
		{
			"_id": "5dcb1de5d7ed5e035c438475",
			"_tpl": "5d6e689ca4b9361bc8618956",
			"parentId": "5dcb1de5d7ed5e035c43846e",
			"slotId": "main",
			"location": {
				"x": 0,
				"y": 2,
				"r": 0
			},
			"upd": {
				"StackObjectsCount": 20
			}
		},
		{
			"_id": "5dcb1de5d7ed5e035c438476",
			"_tpl": "5d6e689ca4b9361bc8618956",
			"parentId": "5dcb1de5d7ed5e035c43846e",
			"slotId": "main",
			"location": {
				"x": 1,
				"y": 2,
				"r": 0
			},
			"upd": {
				"StackObjectsCount": 20
			}
		},
		{
			"_id": "5dcb1de5d7ed5e035c438477",
			"_tpl": "5d6e689ca4b9361bc8618956",
			"parentId": "5dcb1de5d7ed5e035c43846e",
			"slotId": "main",
			"location": {
				"x": 2,
				"y": 2,
				"r": 0
			},
			"upd": {
				"StackObjectsCount": 20
			}
		},
		{
			"_id": "5dcb1de5d7ed5e035c438437",
			"_tpl": "566abbc34bdc2d92178b4576"
		},
		{
			"_id": "5dcb1de5d7ed5e035c43843a",
			"_tpl": "5963866b86f7747bfa1c4462"
		},
		{
			"_id": "5dcb1de5d7ed5e035c438439",
			"_tpl": "5963866286f7747bf429b572"
		}
	],
	"equipment": "5dcb1de5d7ed5e035c438438",
	"stash": "5dcb1de5d7ed5e035c438437",
	"questRaidItems": "5dcb1de5d7ed5e035c438439",
	"questStashItems": "5dcb1de5d7ed5e035c43843a",
	"fastPanel": {}
}