{
	"items": [
		{
			"_id": "5dcb1df6171ac3579029b1b3",
			"_tpl": "55d7217a4bdc2d86028b456d"
		},
		{
			"_id": "5dcb1df6171ac3579029b1d0",
			"_tpl": "54491c4f4bdc2db1078b4568",
			"parentId": "5dcb1df6171ac3579029b1b3",
			"slotId": "FirstPrimaryWeapon"
		},
		{
			"_id": "5dcb1df6171ac3579029b1d1",
			"_tpl": "55d4491a4bdc2d882f8b456e",
			"parentId": "5dcb1df6171ac3579029b1d0",
			"slotId": "mod_barrel"
		},
		{
			"_id": "5dcb1df6171ac3579029b1d2",
			"_tpl": "55d45d3f4bdc2d972f8b456c",
			"parentId": "5dcb1df6171ac3579029b1d0",
			"slotId": "mod_handguard"
		},
		{
			"_id": "5dcb1df6171ac3579029b1d3",
			"_tpl": "56083cba4bdc2de22e8b456f",
			"parentId": "5dcb1df6171ac3579029b1d0",
			"slotId": "mod_stock"
		},
		{
			"_id": "5dcb1df6171ac3579029b1d4",
			"_tpl": "55d48ebc4bdc2d8c2f8b456c",
			"parentId": "5dcb1df6171ac3579029b1d0",
			"slotId": "mod_mount_000"
		},
		{
			"_id": "5dcb1df6171ac3579029b1d5",
			"_tpl": "57d17e212459775a1179a0f5",
			"parentId": "5dcb1df6171ac3579029b1d4",
			"slotId": "mod_tactical_001"
		},
		{
			"_id": "5dcb1df6171ac3579029b1d6",
			"_tpl": "57d17c5e2459775a5c57d17d",
			"parentId": "5dcb1df6171ac3579029b1d5",
			"slotId": "mod_flashlight"
		},
		{
			"_id": "5dcb1df6171ac3579029b1d7",
			"_tpl": "55d484b44bdc2d1d4e8b456d",
			"parentId": "5dcb1df6171ac3579029b1d0",
			"slotId": "mod_magazine"
		},
		{
			"_id": "5dcb1df6171ac3579029b1d8",
			"_tpl": "560d5e524bdc2d25448b4571",
			"parentId": "5dcb1df6171ac3579029b1d7",
			"slotId": "cartridges",
			"upd": {
				"StackObjectsCount": 6
			}
		},
		{
			"_id": "5dcb1df6171ac3579029b1d9",
			"_tpl": "560d5e524bdc2d25448b4571",
			"parentId": "5dcb1df6171ac3579029b1d0",
			"slotId": "patron_in_weapon",
			"upd": {
				"StackObjectsCount": 1
			}
		},
		{
			"_id": "5dcb1df6171ac3579029b1da",
			"_tpl": "557ffd194bdc2d28148b457f",
			"parentId": "5dcb1df6171ac3579029b1b3",
			"slotId": "Pockets"
		},
		{
			"_id": "5dcb1df6171ac3579029b1ee",
			"_tpl": "5d0378d486f77420421a5ff4",
			"parentId": "5dcb1df6171ac3579029b1da",
			"slotId": "pocket1",
			"location": {
				"x": 0,
				"y": 0,
				"r": 0
			}
		},
		{
			"_id": "5dcb1df6171ac3579029b1db",
			"_tpl": "572b7adb24597762ae139821",
			"parentId": "5dcb1df6171ac3579029b1b3",
			"slotId": "TacticalVest"
		},
		{
			"_id": "5dcb1df6171ac3579029b1e9",
			"_tpl": "560d5e524bdc2d25448b4571",
			"parentId": "5dcb1df6171ac3579029b1db",
			"slotId": "1",
			"location": {
				"x": 0,
				"y": 0,
				"r": 0
			},
			"upd": {
				"StackObjectsCount": 14
			}
		},
		{
			"_id": "5dcb1df6171ac3579029b1ea",
			"_tpl": "560d5e524bdc2d25448b4571",
			"parentId": "5dcb1df6171ac3579029b1db",
			"slotId": "2",
			"location": {
				"x": 0,
				"y": 0,
				"r": 0
			},
			"upd": {
				"StackObjectsCount": 6
			}
		},
		{
			"_id": "5dcb1df6171ac3579029b1eb",
			"_tpl": "560d5e524bdc2d25448b4571",
			"parentId": "5dcb1df6171ac3579029b1db",
			"slotId": "2",
			"location": {
				"x": 0,
				"y": 1,
				"r": 0
			},
			"upd": {
				"StackObjectsCount": 11
			}
		},
		{
			"_id": "5dcb1df6171ac3579029b1dc",
			"_tpl": "59e7708286f7742cbd762753",
			"parentId": "5dcb1df6171ac3579029b1b3",
			"slotId": "Headwear",
			"upd": {
				"Repairable": {
					"Durability": 1
				}
			}
		},
		{
			"_id": "5dcb1df6171ac3579029b1dd",
			"_tpl": "57e26ea924597715ca604a09",
			"parentId": "5dcb1df6171ac3579029b1b3",
			"slotId": "Scabbard"
		},
		{
			"_id": "5dcb1df6171ac3579029b1de",
			"_tpl": "5ab8ee7786f7742d8f33f0b9",
			"parentId": "5dcb1df6171ac3579029b1b3",
			"slotId": "Backpack"
		},
		{
			"_id": "5dcb1df6171ac3579029b1df",
			"_tpl": "5857a8bc2459772bad15db29",
			"parentId": "5dcb1df6171ac3579029b1b3",
			"slotId": "SecuredContainer"
		},
		{
			"_id": "5dcb1df6171ac3579029b1e0",
			"_tpl": "560d5e524bdc2d25448b4571",
			"parentId": "5dcb1df6171ac3579029b1df",
			"slotId": "main",
			"location": {
				"x": 0,
				"y": 0,
				"r": 0
			},
			"upd": {
				"StackObjectsCount": 20
			}
		},
		{
			"_id": "5dcb1df6171ac3579029b1e1",
			"_tpl": "560d5e524bdc2d25448b4571",
			"parentId": "5dcb1df6171ac3579029b1df",
			"slotId": "main",
			"location": {
				"x": 1,
				"y": 0,
				"r": 0
			},
			"upd": {
				"StackObjectsCount": 20
			}
		},
		{
			"_id": "5dcb1df6171ac3579029b1e2",
			"_tpl": "560d5e524bdc2d25448b4571",
			"parentId": "5dcb1df6171ac3579029b1df",
			"slotId": "main",
			"location": {
				"x": 2,
				"y": 0,
				"r": 0
			},
			"upd": {
				"StackObjectsCount": 20
			}
		},
		{
			"_id": "5dcb1df6171ac3579029b1e3",
			"_tpl": "560d5e524bdc2d25448b4571",
			"parentId": "5dcb1df6171ac3579029b1df",
			"slotId": "main",
			"location": {
				"x": 0,
				"y": 1,
				"r": 0
			},
			"upd": {
				"StackObjectsCount": 20
			}
		},
		{
			"_id": "5dcb1df6171ac3579029b1e4",
			"_tpl": "560d5e524bdc2d25448b4571",
			"parentId": "5dcb1df6171ac3579029b1df",
			"slotId": "main",
			"location": {
				"x": 1,
				"y": 1,
				"r": 0
			},
			"upd": {
				"StackObjectsCount": 20
			}
		},
		{
			"_id": "5dcb1df6171ac3579029b1e5",
			"_tpl": "560d5e524bdc2d25448b4571",
			"parentId": "5dcb1df6171ac3579029b1df",
			"slotId": "main",
			"location": {
				"x": 2,
				"y": 1,
				"r": 0
			},
			"upd": {
				"StackObjectsCount": 20
			}
		},
		{
			"_id": "5dcb1df6171ac3579029b1e6",
			"_tpl": "560d5e524bdc2d25448b4571",
			"parentId": "5dcb1df6171ac3579029b1df",
			"slotId": "main",
			"location": {
				"x": 0,
				"y": 2,
				"r": 0
			},
			"upd": {
				"StackObjectsCount": 20
			}
		},
		{
			"_id": "5dcb1df6171ac3579029b1e7",
			"_tpl": "560d5e524bdc2d25448b4571",
			"parentId": "5dcb1df6171ac3579029b1df",
			"slotId": "main",
			"location": {
				"x": 1,
				"y": 2,
				"r": 0
			},
			"upd": {
				"StackObjectsCount": 20
			}
		},
		{
			"_id": "5dcb1df6171ac3579029b1e8",
			"_tpl": "560d5e524bdc2d25448b4571",
			"parentId": "5dcb1df6171ac3579029b1df",
			"slotId": "main",
			"location": {
				"x": 2,
				"y": 2,
				"r": 0
			},
			"upd": {
				"StackObjectsCount": 20
			}
		},
		{
			"_id": "5dcb1df6171ac3579029b1b2",
			"_tpl": "566abbc34bdc2d92178b4576"
		},
		{
			"_id": "5dcb1df6171ac3579029b1b5",
			"_tpl": "5963866b86f7747bfa1c4462"
		},
		{
			"_id": "5dcb1df6171ac3579029b1b4",
			"_tpl": "5963866286f7747bf429b572"
		}
	],
	"equipment": "5dcb1df6171ac3579029b1b3",
	"stash": "5dcb1df6171ac3579029b1b2",
	"questRaidItems": "5dcb1df6171ac3579029b1b4",
	"questStashItems": "5dcb1df6171ac3579029b1b5",
	"fastPanel": {}
}