{
	"items": [
		{
			"_id": "5dcb1dc4fb81105cd85be003",
			"_tpl": "55d7217a4bdc2d86028b456d"
		},
		{
			"_id": "5dcb1dc4fb81105cd85be01f",
			"_tpl": "54491c4f4bdc2db1078b4568",
			"parentId": "5dcb1dc4fb81105cd85be003",
			"slotId": "FirstPrimaryWeapon"
		},
		{
			"_id": "5dcb1dc4fb81105cd85be020",
			"_tpl": "55d4491a4bdc2d882f8b456e",
			"parentId": "5dcb1dc4fb81105cd85be01f",
			"slotId": "mod_barrel"
		},
		{
			"_id": "5dcb1dc4fb81105cd85be021",
			"_tpl": "55d45d3f4bdc2d972f8b456c",
			"parentId": "5dcb1dc4fb81105cd85be01f",
			"slotId": "mod_handguard"
		},
		{
			"_id": "5dcb1dc4fb81105cd85be022",
			"_tpl": "56083a334bdc2dc8488b4571",
			"parentId": "5dcb1dc4fb81105cd85be01f",
			"slotId": "mod_stock"
		},
		{
			"_id": "5dcb1dc4fb81105cd85be023",
			"_tpl": "55d48ebc4bdc2d8c2f8b456c",
			"parentId": "5dcb1dc4fb81105cd85be01f",
			"slotId": "mod_mount_000"
		},
		{
			"_id": "5dcb1dc4fb81105cd85be024",
			"_tpl": "55d484b44bdc2d1d4e8b456d",
			"parentId": "5dcb1dc4fb81105cd85be01f",
			"slotId": "mod_magazine"
		},
		{
			"_id": "5dcb1dc4fb81105cd85be025",
			"_tpl": "560d5e524bdc2d25448b4571",
			"parentId": "5dcb1dc4fb81105cd85be024",
			"slotId": "cartridges",
			"upd": {
				"StackObjectsCount": 6
			}
		},
		{
			"_id": "5dcb1dc4fb81105cd85be026",
			"_tpl": "560d5e524bdc2d25448b4571",
			"parentId": "5dcb1dc4fb81105cd85be01f",
			"slotId": "patron_in_weapon",
			"upd": {
				"StackObjectsCount": 1
			}
		},
		{
			"_id": "5dcb1dc4fb81105cd85be027",
			"_tpl": "557ffd194bdc2d28148b457f",
			"parentId": "5dcb1dc4fb81105cd85be003",
			"slotId": "Pockets"
		},
		{
			"_id": "5dcb1dc4fb81105cd85be038",
			"_tpl": "5448ff904bdc2d6f028b456e",
			"parentId": "5dcb1dc4fb81105cd85be027",
			"slotId": "pocket1",
			"location": {
				"x": 0,
				"y": 0,
				"r": 0
			},
			"upd": {
				"FoodDrink": {
					"HpPercent": 1
				}
			}
		},
		{
			"_id": "5dcb1dc4fb81105cd85be028",
			"_tpl": "572b7adb24597762ae139821",
			"parentId": "5dcb1dc4fb81105cd85be003",
			"slotId": "TacticalVest"
		},
		{
			"_id": "5dcb1dc4fb81105cd85be035",
			"_tpl": "560d5e524bdc2d25448b4571",
			"parentId": "5dcb1dc4fb81105cd85be028",
			"slotId": "1",
			"location": {
				"x": 0,
				"y": 0,
				"r": 0
			},
			"upd": {
				"StackObjectsCount": 8
			}
		},
		{
			"_id": "5dcb1dc4fb81105cd85be037",
			"_tpl": "57347d3d245977448f7b7f61",
			"parentId": "5dcb1dc4fb81105cd85be028",
			"slotId": "2",
			"location": {
				"x": 0,
				"y": 1,
				"r": 0
			},
			"upd": {
				"FoodDrink": {
					"HpPercent": 1
				}
			}
		},
		{
			"_id": "5dcb1dc4fb81105cd85be029",
			"_tpl": "59e7715586f7742ee5789605",
			"parentId": "5dcb1dc4fb81105cd85be003",
			"slotId": "FaceCover"
		},
		{
			"_id": "5dcb1dc4fb81105cd85be02a",
			"_tpl": "57e26fc7245977162a14b800",
			"parentId": "5dcb1dc4fb81105cd85be003",
			"slotId": "Scabbard"
		},
		{
			"_id": "5dcb1dc4fb81105cd85be02b",
			"_tpl": "5857a8bc2459772bad15db29",
			"parentId": "5dcb1dc4fb81105cd85be003",
			"slotId": "SecuredContainer"
		},
		{
			"_id": "5dcb1dc4fb81105cd85be02c",
			"_tpl": "560d5e524bdc2d25448b4571",
			"parentId": "5dcb1dc4fb81105cd85be02b",
			"slotId": "main",
			"location": {
				"x": 0,
				"y": 0,
				"r": 0
			},
			"upd": {
				"StackObjectsCount": 20
			}
		},
		{
			"_id": "5dcb1dc4fb81105cd85be02d",
			"_tpl": "560d5e524bdc2d25448b4571",
			"parentId": "5dcb1dc4fb81105cd85be02b",
			"slotId": "main",
			"location": {
				"x": 1,
				"y": 0,
				"r": 0
			},
			"upd": {
				"StackObjectsCount": 20
			}
		},
		{
			"_id": "5dcb1dc4fb81105cd85be02e",
			"_tpl": "560d5e524bdc2d25448b4571",
			"parentId": "5dcb1dc4fb81105cd85be02b",
			"slotId": "main",
			"location": {
				"x": 2,
				"y": 0,
				"r": 0
			},
			"upd": {
				"StackObjectsCount": 20
			}
		},
		{
			"_id": "5dcb1dc4fb81105cd85be02f",
			"_tpl": "560d5e524bdc2d25448b4571",
			"parentId": "5dcb1dc4fb81105cd85be02b",
			"slotId": "main",
			"location": {
				"x": 0,
				"y": 1,
				"r": 0
			},
			"upd": {
				"StackObjectsCount": 20
			}
		},
		{
			"_id": "5dcb1dc4fb81105cd85be030",
			"_tpl": "560d5e524bdc2d25448b4571",
			"parentId": "5dcb1dc4fb81105cd85be02b",
			"slotId": "main",
			"location": {
				"x": 1,
				"y": 1,
				"r": 0
			},
			"upd": {
				"StackObjectsCount": 20
			}
		},
		{
			"_id": "5dcb1dc4fb81105cd85be031",
			"_tpl": "560d5e524bdc2d25448b4571",
			"parentId": "5dcb1dc4fb81105cd85be02b",
			"slotId": "main",
			"location": {
				"x": 2,
				"y": 1,
				"r": 0
			},
			"upd": {
				"StackObjectsCount": 20
			}
		},
		{
			"_id": "5dcb1dc4fb81105cd85be032",
			"_tpl": "560d5e524bdc2d25448b4571",
			"parentId": "5dcb1dc4fb81105cd85be02b",
			"slotId": "main",
			"location": {
				"x": 0,
				"y": 2,
				"r": 0
			},
			"upd": {
				"StackObjectsCount": 20
			}
		},
		{
			"_id": "5dcb1dc4fb81105cd85be033",
			"_tpl": "560d5e524bdc2d25448b4571",
			"parentId": "5dcb1dc4fb81105cd85be02b",
			"slotId": "main",
			"location": {
				"x": 1,
				"y": 2,
				"r": 0
			},
			"upd": {
				"StackObjectsCount": 20
			}
		},
		{
			"_id": "5dcb1dc4fb81105cd85be034",
			"_tpl": "560d5e524bdc2d25448b4571",
			"parentId": "5dcb1dc4fb81105cd85be02b",
			"slotId": "main",
			"location": {
				"x": 2,
				"y": 2,
				"r": 0
			},
			"upd": {
				"StackObjectsCount": 20
			}
		},
		{
			"_id": "5dcb1dc4fb81105cd85be002",
			"_tpl": "566abbc34bdc2d92178b4576"
		},
		{
			"_id": "5dcb1dc4fb81105cd85be005",
			"_tpl": "5963866b86f7747bfa1c4462"
		},
		{
			"_id": "5dcb1dc4fb81105cd85be004",
			"_tpl": "5963866286f7747bf429b572"
		}
	],
	"equipment": "5dcb1dc4fb81105cd85be003",
	"stash": "5dcb1dc4fb81105cd85be002",
	"questRaidItems": "5dcb1dc4fb81105cd85be004",
	"questStashItems": "5dcb1dc4fb81105cd85be005",
	"fastPanel": {}
}