{
	"items": [
		{
			"_id": "5c6687d65e9d882c8841f0fd",
			"_tpl": "55d7217a4bdc2d86028b456d"
		},
		{
			"_id": "5c6687d65e9d882c8841f121",
			"_tpl": "557ffd194bdc2d28148b457f",
			"parentId": "5c6687d65e9d882c8841f0fd",
			"slotId": "Pockets"
		},
		{
			"_id": "5c6687d65e9d882c8841f0fc",
			"_tpl": "566abbc34bdc2d92178b4576"
		},
		{
			"_id": "5c6687d65e9d882c8841f0ff",
			"_tpl": "5963866b86f7747bfa1c4462"
		},
		{
			"_id": "5c6687d65e9d882c8841f0fe",
			"_tpl": "5963866286f7747bf429b572"
		},
		{
			"_id": "TacticalVest595883",
			"_tpl": "5d5d85c586f774279a21cbdb",
			"parentId": "5c6687d65e9d882c8841f0fd",
			"slotId": "TacticalVest"
		},
		{
			"_id": "I21004266062619053rUPu0w",
			"_tpl": "587e02ff24597743df3deaeb",
			"parentId": "5c6687d65e9d882c8841f0fd",
			"slotId": "FirstPrimaryWeapon"
		},
		{
			"_id": "I210042629579977294mSOx4",
			"_tpl": "587e0531245977466077a0f7",
			"parentId": "I21004266062619053rUPu0w",
			"slotId": "mod_stock"
		},
		{
			"_id": "I21004265607783668HnQrjp",
			"_tpl": "574db213245977459a2f3f5d",
			"parentId": "I21004266062619053rUPu0w",
			"slotId": "mod_sight_rear",
			"upd": {
				"Sight": {
					"SelectedSightMode": 0
				}
			}
		},
		{
			"_id": "MagazineWeaponScav7920",
			"_tpl": "587df3a12459772c28142567",
			"parentId": "I21004266062619053rUPu0w",
			"slotId": "mod_magazine"
		},
		{
			"_id": "AmmoMag19608",
			"_tpl": "59e4d3d286f774176a36250a",
			"parentId": "MagazineWeaponScav7920",
			"slotId": "cartridges",
			"upd": {
				"StackObjectsCount": 10
			}
		},
		{
			"_id": "I21004262280997617l5swJY",
			"_tpl": "587e08ee245977446b4410cf",
			"parentId": "I21004266062619053rUPu0w",
			"slotId": "mod_mount"
		},
		{
			"_id": "mag2Vest339902",
			"_tpl": "587df3a12459772c28142567",
			"parentId": "TacticalVest595883",
			"slotId": "3",
			"location": {
				"x": 0,
				"y": 1,
				"r": "Horizontal"
			}
		},
		{
			"_id": "AmmoMag2Vest801422",
			"_tpl": "59e4d3d286f774176a36250a",
			"parentId": "mag2Vest339902",
			"slotId": "cartridges",
			"upd": {
				"StackObjectsCount": 10
			}
		},
		{
			"_id": "mag3Vest845222",
			"_tpl": "587df3a12459772c28142567",
			"parentId": "TacticalVest595883",
			"slotId": "5",
			"location": {
				"x": 0,
				"y": 0,
				"r": "Horizontal"
			}
		},
		{
			"_id": "AmmoMag3Vest631476",
			"_tpl": "59e4cf5286f7741778269d8a",
			"parentId": "mag3Vest845222",
			"slotId": "cartridges",
			"upd": {
				"StackObjectsCount": 10
			}
		},
		{
			"_id": "mag3Vest966044",
			"_tpl": "587df3a12459772c28142567",
			"parentId": "TacticalVest595883",
			"slotId": "5",
			"location": {
				"x": 0,
				"y": 1,
				"r": "Horizontal"
			}
		},
		{
			"_id": "AmmoMag3Vest220540",
			"_tpl": "59e0d99486f7744a32234762",
			"parentId": "mag3Vest966044",
			"slotId": "cartridges",
			"upd": {
				"StackObjectsCount": 10
			}
		},
		{
			"_id": "StackAmmo39281912293",
			"_tpl": "59e0d99486f7744a32234762",
			"parentId": "TacticalVest595883",
			"slotId": "7",
			"upd": {
				"StackObjectsCount": 25
			}
		},
		{
			"_id": "StackAmmo47425163290",
			"_tpl": "59e4d3d286f774176a36250a",
			"parentId": "TacticalVest595883",
			"slotId": "9",
			"upd": {
				"StackObjectsCount": 40
			}
		},
		{
			"_id": "Scabbard945723",
			"_tpl": "57e26fc7245977162a14b800",
			"parentId": "5c6687d65e9d882c8841f0fd",
			"slotId": "Scabbard"
		},
		{
			"_id": "Headwear749289",
			"_tpl": "5a43957686f7742a2c2f11b0",
			"parentId": "5c6687d65e9d882c8841f0fd",
			"slotId": "Headwear"
		},
		{
			"_id": "FaceCover166994",
			"_tpl": "5bd0716d86f774171822ef4b",
			"parentId": "5c6687d65e9d882c8841f0fd",
			"slotId": "FaceCover"
		},
		{
			"_id": "Backpack813757",
			"_tpl": "56e33634d2720bd8058b456b",
			"parentId": "5c6687d65e9d882c8841f0fd",
			"slotId": "Backpack"
		},
		{
			"_id": "BP_Backpack813757_586351",
			"_tpl": "5d1b3a5d86f774252167ba22",
			"parentId": "Backpack813757",
			"slotId": "main",
			"location": {
				"x": 0,
				"y": 0,
				"r": "Horizontal"
			}
		},
		{
			"_id": "BP_Backpack813757_964873",
			"_tpl": "5d1b309586f77425227d1676",
			"parentId": "Backpack813757",
			"slotId": "main",
			"location": {
				"x": 0,
				"y": 1,
				"r": "Horizontal"
			}
		},
		{
			"_id": "BP_Backpack813757_560799",
			"_tpl": "5672c92d4bdc2d180f8b4567",
			"parentId": "Backpack813757",
			"slotId": "main",
			"location": {
				"x": 1,
				"y": 0,
				"r": "Horizontal"
			}
		},
		{
			"_id": "BP_Backpack813757_636208",
			"_tpl": "5734758f24597738025ee253",
			"parentId": "Backpack813757",
			"slotId": "main",
			"location": {
				"x": 1,
				"y": 1,
				"r": "Horizontal"
			}
		},
		{
			"_id": "Pocket_447539",
			"_tpl": "5672c92d4bdc2d180f8b4567",
			"parentId": "5c6687d65e9d882c8841f121",
			"slotId": "pocket1",
			"location": {
				"x": 0,
				"y": 0,
				"r": "Horizontal"
			},
			"upd": {
				"SpawnedInSession": true
			}
		},
		{
			"_id": "Pocket_880335",
			"_tpl": "590a3c0a86f774385a33c450",
			"parentId": "5c6687d65e9d882c8841f121",
			"slotId": "pocket2",
			"location": {
				"x": 0,
				"y": 0,
				"r": "Horizontal"
			},
			"upd": {
				"SpawnedInSession": true
			}
		},
		{
			"_id": "Pocket_127298",
			"_tpl": "59136a4486f774447a1ed172",
			"parentId": "5c6687d65e9d882c8841f121",
			"slotId": "pocket3",
			"location": {
				"x": 0,
				"y": 0,
				"r": "Horizontal"
			},
			"upd": {
				"SpawnedInSession": true
			}
		}
	],
	"equipment": "5c6687d65e9d882c8841f0fd",
	"stash": "5c6687d65e9d882c8841f0fc",
	"questRaidItems": "5c6687d65e9d882c8841f0fe",
	"questStashItems": "5c6687d65e9d882c8841f0ff",
	"fastPanel": {}
}