{
	"items": [
		{
			"_id": "5c6687d65e9d882c8841f0fd",
			"_tpl": "55d7217a4bdc2d86028b456d"
		},
		{
			"_id": "5c6687d65e9d882c8841f121",
			"_tpl": "557ffd194bdc2d28148b457f",
			"parentId": "5c6687d65e9d882c8841f0fd",
			"slotId": "Pockets"
		},
		{
			"_id": "5c6687d65e9d882c8841f0fc",
			"_tpl": "566abbc34bdc2d92178b4576"
		},
		{
			"_id": "5c6687d65e9d882c8841f0ff",
			"_tpl": "5963866b86f7747bfa1c4462"
		},
		{
			"_id": "5c6687d65e9d882c8841f0fe",
			"_tpl": "5963866286f7747bf429b572"
		},
		{
			"_id": "TacticalVest964969",
			"_tpl": "5e4abfed86f77406a2713cf7",
			"parentId": "5c6687d65e9d882c8841f0fd",
			"slotId": "TacticalVest"
		},
		{
			"_id": "I21003545137051978N1mi6I",
			"_tpl": "574d967124597745970e7c94",
			"parentId": "5c6687d65e9d882c8841f0fd",
			"slotId": "FirstPrimaryWeapon"
		},
		{
			"_id": "I21003549029092053IZhoh0",
			"_tpl": "574dad8024597745964bf05c",
			"parentId": "I21003545137051978N1mi6I",
			"slotId": "mod_stock"
		},
		{
			"_id": "I210035469247282386eNw4Y",
			"_tpl": "574db213245977459a2f3f5d",
			"parentId": "I21003545137051978N1mi6I",
			"slotId": "mod_sight_rear",
			"upd": {
				"Sight": {
					"SelectedSightMode": 0
				}
			}
		},
		{
			"_id": "MagazineWeaponScav2038",
			"_tpl": "587df3a12459772c28142567",
			"parentId": "I21003545137051978N1mi6I",
			"slotId": "mod_magazine"
		},
		{
			"_id": "AmmoMag13230",
			"_tpl": "59e4d24686f7741776641ac7",
			"parentId": "MagazineWeaponScav2038",
			"slotId": "cartridges",
			"upd": {
				"StackObjectsCount": 10
			}
		},
		{
			"_id": "mag0Vest27541",
			"_tpl": "587df3a12459772c28142567",
			"parentId": "TacticalVest964969",
			"slotId": "1",
			"location": {
				"x": 0,
				"y": 0,
				"r": "Horizontal"
			}
		},
		{
			"_id": "AmmoMag0Vest346872",
			"_tpl": "59e4cf5286f7741778269d8a",
			"parentId": "mag0Vest27541",
			"slotId": "cartridges",
			"upd": {
				"StackObjectsCount": 10
			}
		},
		{
			"_id": "mag0Vest837551",
			"_tpl": "587df3a12459772c28142567",
			"parentId": "TacticalVest964969",
			"slotId": "1",
			"location": {
				"x": 0,
				"y": 1,
				"r": "Horizontal"
			}
		},
		{
			"_id": "AmmoMag0Vest247700",
			"_tpl": "5656d7c34bdc2d9d198b4587",
			"parentId": "mag0Vest837551",
			"slotId": "cartridges",
			"upd": {
				"StackObjectsCount": 10
			}
		},
		{
			"_id": "StackAmmo16847566269",
			"_tpl": "59e0d99486f7744a32234762",
			"parentId": "TacticalVest964969",
			"slotId": "7",
			"upd": {
				"StackObjectsCount": 36
			}
		},
		{
			"_id": "Scabbard273410",
			"_tpl": "57e26ea924597715ca604a09",
			"parentId": "5c6687d65e9d882c8841f0fd",
			"slotId": "Scabbard"
		},
		{
			"_id": "Headwear564447",
			"_tpl": "5aa2a7e8e5b5b00016327c16",
			"parentId": "5c6687d65e9d882c8841f0fd",
			"slotId": "Headwear"
		},
		{
			"_id": "Backpack317919",
			"_tpl": "544a5cde4bdc2d39388b456b",
			"parentId": "5c6687d65e9d882c8841f0fd",
			"slotId": "Backpack"
		},
		{
			"_id": "BP_Backpack317919_217258",
			"_tpl": "5d1c774f86f7746d6620f8db",
			"parentId": "Backpack317919",
			"slotId": "main",
			"location": {
				"x": 0,
				"y": 0,
				"r": "Horizontal"
			}
		},
		{
			"_id": "BP_Backpack317919_478238",
			"_tpl": "5d4042a986f7743185265463",
			"parentId": "Backpack317919",
			"slotId": "main",
			"location": {
				"x": 0,
				"y": 1,
				"r": "Horizontal"
			}
		},
		{
			"_id": "BP_Backpack317919_140163",
			"_tpl": "5751a25924597722c463c472",
			"parentId": "Backpack317919",
			"slotId": "main",
			"location": {
				"x": 0,
				"y": 3,
				"r": "Horizontal"
			}
		},
		{
			"_id": "BP_Backpack317919_653221",
			"_tpl": "59e361e886f774176c10a2a5",
			"parentId": "Backpack317919",
			"slotId": "main",
			"location": {
				"x": 1,
				"y": 0,
				"r": "Horizontal"
			}
		},
		{
			"_id": "BP_Backpack317919_864650",
			"_tpl": "590a386e86f77429692b27ab",
			"parentId": "Backpack317919",
			"slotId": "main",
			"location": {
				"x": 1,
				"y": 1,
				"r": "Horizontal"
			}
		},
		{
			"_id": "BP_Backpack317919_822854",
			"_tpl": "5d1c774f86f7746d6620f8db",
			"parentId": "Backpack317919",
			"slotId": "main",
			"location": {
				"x": 1,
				"y": 2,
				"r": "Horizontal"
			}
		},
		{
			"_id": "BP_Backpack317919_543409",
			"_tpl": "57513f9324597720a7128161",
			"parentId": "Backpack317919",
			"slotId": "main",
			"location": {
				"x": 2,
				"y": 2,
				"r": "Horizontal"
			}
		},
		{
			"_id": "BP_Backpack317919_935343",
			"_tpl": "5734795124597738002c6176",
			"parentId": "Backpack317919",
			"slotId": "main",
			"location": {
				"x": 1,
				"y": 3,
				"r": "Horizontal"
			}
		},
		{
			"_id": "Pocket_15805",
			"_tpl": "590c5bbd86f774785762df04",
			"parentId": "5c6687d65e9d882c8841f121",
			"slotId": "pocket1",
			"location": {
				"x": 0,
				"y": 0,
				"r": "Horizontal"
			},
			"upd": {
				"SpawnedInSession": true
			}
		},
		{
			"_id": "Pocket_753719",
			"_tpl": "57347baf24597738002c6178",
			"parentId": "5c6687d65e9d882c8841f121",
			"slotId": "pocket2",
			"location": {
				"x": 0,
				"y": 0,
				"r": "Horizontal"
			},
			"upd": {
				"SpawnedInSession": true
			}
		}
	],
	"equipment": "5c6687d65e9d882c8841f0fd",
	"stash": "5c6687d65e9d882c8841f0fc",
	"questRaidItems": "5c6687d65e9d882c8841f0fe",
	"questStashItems": "5c6687d65e9d882c8841f0ff",
	"fastPanel": {}
}