{
	"items": [
		{
			"_id": "5dcb1df6171ac3579029b2a5",
			"_tpl": "55d7217a4bdc2d86028b456d"
		},
		{
			"_id": "5dcb1df6171ac3579029b2c3",
			"_tpl": "5bf3e03b0db834001d2c4a9c",
			"parentId": "5dcb1df6171ac3579029b2a5",
			"slotId": "FirstPrimaryWeapon",
			"upd": {
				"FireMode": {
					"FireMode": "single"
				}
			}
		},
		{
			"_id": "5dcb1df6171ac3579029b2c4",
			"_tpl": "59c6633186f7740cf0493bb9",
			"parentId": "5dcb1df6171ac3579029b2c3",
			"slotId": "mod_gas_block"
		},
		{
			"_id": "5dcb1df6171ac3579029b2c5",
			"_tpl": "5648b0744bdc2d363b8b4578",
			"parentId": "5dcb1df6171ac3579029b2c4",
			"slotId": "mod_handguard"
		},
		{
			"_id": "5dcb1df6171ac3579029b2c6",
			"_tpl": "5649aa744bdc2ded0b8b457e",
			"parentId": "5dcb1df6171ac3579029b2c3",
			"slotId": "mod_muzzle"
		},
		{
			"_id": "5dcb1df6171ac3579029b2c7",
			"_tpl": "57e3dba62459770f0c32322b",
			"parentId": "5dcb1df6171ac3579029b2c3",
			"slotId": "mod_pistol_grip"
		},
		{
			"_id": "5dcb1df6171ac3579029b2c8",
			"_tpl": "5649af094bdc2df8348b4586",
			"parentId": "5dcb1df6171ac3579029b2c3",
			"slotId": "mod_reciever"
		},
		{
			"_id": "5dcb1df6171ac3579029b2c9",
			"_tpl": "5649b0544bdc2d1b2b8b458a",
			"parentId": "5dcb1df6171ac3579029b2c3",
			"slotId": "mod_sight_rear"
		},
		{
			"_id": "5dcb1df6171ac3579029b2ca",
			"_tpl": "5649b1c04bdc2d16268b457c",
			"parentId": "5dcb1df6171ac3579029b2c3",
			"slotId": "mod_stock"
		},
		{
			"_id": "5dcb1df6171ac3579029b2cc",
			"_tpl": "55d480c04bdc2d1d4e8b456a",
			"parentId": "5dcb1df6171ac3579029b2c3",
			"slotId": "mod_magazine"
		},
		{
			"_id": "5dcb1df6171ac3579029b2cd",
			"_tpl": "56dff3afd2720bba668b4567",
			"parentId": "5dcb1df6171ac3579029b2cc",
			"slotId": "cartridges",
			"upd": {
				"StackObjectsCount": 30
			}
		},
		{
			"_id": "5dcb1df6171ac3579029b2ce",
			"_tpl": "557ffd194bdc2d28148b457f",
			"parentId": "5dcb1df6171ac3579029b2a5",
			"slotId": "Pockets"
		},
		{
			"_id": "5dcb1df6171ac3579029b2e6",
			"_tpl": "57347da92459774491567cf5",
			"parentId": "5dcb1df6171ac3579029b2ce",
			"slotId": "pocket1",
			"location": {
				"x": 0,
				"y": 0,
				"r": 0
			},
			"upd": {
				"FoodDrink": {
					"HpPercent": 1
				}
			}
		},
		{
			"_id": "5dcb1df6171ac3579029b2cf",
			"_tpl": "572b7adb24597762ae139821",
			"parentId": "5dcb1df6171ac3579029b2a5",
			"slotId": "TacticalVest"
		},
		{
			"_id": "5dcb1df6171ac3579029b2dd",
			"_tpl": "55d480c04bdc2d1d4e8b456a",
			"parentId": "5dcb1df6171ac3579029b2cf",
			"slotId": "2",
			"location": {
				"x": 0,
				"y": 0,
				"r": 0
			}
		},
		{
			"_id": "5dcb1df6171ac3579029b2de",
			"_tpl": "56dff3afd2720bba668b4567",
			"parentId": "5dcb1df6171ac3579029b2dd",
			"slotId": "cartridges",
			"upd": {
				"StackObjectsCount": 30
			}
		},
		{
			"_id": "5dcb1df6171ac3579029b2e5",
			"_tpl": "57347da92459774491567cf5",
			"parentId": "5dcb1df6171ac3579029b2cf",
			"slotId": "1",
			"location": {
				"x": 0,
				"y": 0,
				"r": 0
			},
			"upd": {
				"FoodDrink": {
					"HpPercent": 1
				}
			}
		},
		{
			"_id": "5dcb1df6171ac3579029b2d0",
			"_tpl": "5c08f87c0db8340019124324",
			"parentId": "5dcb1df6171ac3579029b2a5",
			"slotId": "Headwear",
			"upd": {
				"Repairable": {
					"Durability": 28
				},
				"Togglable": {
					"On": true
				}
			}
		},
		{
			"_id": "5dcb1df6171ac3579029b2d1",
			"_tpl": "57e26ea924597715ca604a09",
			"parentId": "5dcb1df6171ac3579029b2a5",
			"slotId": "Scabbard"
		},
		{
			"_id": "5dcb1df6171ac3579029b2d2",
			"_tpl": "5ab8ee7786f7742d8f33f0b9",
			"parentId": "5dcb1df6171ac3579029b2a5",
			"slotId": "Backpack"
		},
		{
			"_id": "5dcb1df6171ac3579029b2d3",
			"_tpl": "5857a8bc2459772bad15db29",
			"parentId": "5dcb1df6171ac3579029b2a5",
			"slotId": "SecuredContainer"
		},
		{
			"_id": "5dcb1df6171ac3579029b2d4",
			"_tpl": "56dff3afd2720bba668b4567",
			"parentId": "5dcb1df6171ac3579029b2d3",
			"slotId": "main",
			"location": {
				"x": 0,
				"y": 0,
				"r": 0
			},
			"upd": {
				"StackObjectsCount": 60
			}
		},
		{
			"_id": "5dcb1df6171ac3579029b2d5",
			"_tpl": "56dff3afd2720bba668b4567",
			"parentId": "5dcb1df6171ac3579029b2d3",
			"slotId": "main",
			"location": {
				"x": 1,
				"y": 0,
				"r": 0
			},
			"upd": {
				"StackObjectsCount": 60
			}
		},
		{
			"_id": "5dcb1df6171ac3579029b2d6",
			"_tpl": "56dff3afd2720bba668b4567",
			"parentId": "5dcb1df6171ac3579029b2d3",
			"slotId": "main",
			"location": {
				"x": 2,
				"y": 0,
				"r": 0
			},
			"upd": {
				"StackObjectsCount": 60
			}
		},
		{
			"_id": "5dcb1df6171ac3579029b2d7",
			"_tpl": "56dff3afd2720bba668b4567",
			"parentId": "5dcb1df6171ac3579029b2d3",
			"slotId": "main",
			"location": {
				"x": 0,
				"y": 1,
				"r": 0
			},
			"upd": {
				"StackObjectsCount": 60
			}
		},
		{
			"_id": "5dcb1df6171ac3579029b2d8",
			"_tpl": "56dff3afd2720bba668b4567",
			"parentId": "5dcb1df6171ac3579029b2d3",
			"slotId": "main",
			"location": {
				"x": 1,
				"y": 1,
				"r": 0
			},
			"upd": {
				"StackObjectsCount": 60
			}
		},
		{
			"_id": "5dcb1df6171ac3579029b2d9",
			"_tpl": "56dff3afd2720bba668b4567",
			"parentId": "5dcb1df6171ac3579029b2d3",
			"slotId": "main",
			"location": {
				"x": 2,
				"y": 1,
				"r": 0
			},
			"upd": {
				"StackObjectsCount": 60
			}
		},
		{
			"_id": "5dcb1df6171ac3579029b2da",
			"_tpl": "56dff3afd2720bba668b4567",
			"parentId": "5dcb1df6171ac3579029b2d3",
			"slotId": "main",
			"location": {
				"x": 0,
				"y": 2,
				"r": 0
			},
			"upd": {
				"StackObjectsCount": 60
			}
		},
		{
			"_id": "5dcb1df6171ac3579029b2db",
			"_tpl": "56dff3afd2720bba668b4567",
			"parentId": "5dcb1df6171ac3579029b2d3",
			"slotId": "main",
			"location": {
				"x": 1,
				"y": 2,
				"r": 0
			},
			"upd": {
				"StackObjectsCount": 60
			}
		},
		{
			"_id": "5dcb1df6171ac3579029b2dc",
			"_tpl": "56dff3afd2720bba668b4567",
			"parentId": "5dcb1df6171ac3579029b2d3",
			"slotId": "main",
			"location": {
				"x": 2,
				"y": 2,
				"r": 0
			},
			"upd": {
				"StackObjectsCount": 60
			}
		},
		{
			"_id": "5dcb1df6171ac3579029b2a4",
			"_tpl": "566abbc34bdc2d92178b4576"
		},
		{
			"_id": "5dcb1df6171ac3579029b2a7",
			"_tpl": "5963866b86f7747bfa1c4462"
		},
		{
			"_id": "5dcb1df6171ac3579029b2a6",
			"_tpl": "5963866286f7747bf429b572"
		}
	],
	"equipment": "5dcb1df6171ac3579029b2a5",
	"stash": "5dcb1df6171ac3579029b2a4",
	"questRaidItems": "5dcb1df6171ac3579029b2a6",
	"questStashItems": "5dcb1df6171ac3579029b2a7",
	"fastPanel": {}
}