{
	"items": [
		{
			"_id": "5c6687d65e9d882c8841f0fd",
			"_tpl": "55d7217a4bdc2d86028b456d"
		},
		{
			"_id": "5c6687d65e9d882c8841f121",
			"_tpl": "557ffd194bdc2d28148b457f",
			"parentId": "5c6687d65e9d882c8841f0fd",
			"slotId": "Pockets"
		},
		{
			"_id": "5c6687d65e9d882c8841f0fc",
			"_tpl": "566abbc34bdc2d92178b4576"
		},
		{
			"_id": "5c6687d65e9d882c8841f0ff",
			"_tpl": "5963866b86f7747bfa1c4462"
		},
		{
			"_id": "5c6687d65e9d882c8841f0fe",
			"_tpl": "5963866286f7747bf429b572"
		},
		{
			"_id": "TacticalVest279033",
			"_tpl": "5ca20abf86f77418567a43f2",
			"parentId": "5c6687d65e9d882c8841f0fd",
			"slotId": "TacticalVest"
		},
		{
			"_id": "I210046503336220460e7d6C",
			"_tpl": "5839a40f24597726f856b511",
			"parentId": "5c6687d65e9d882c8841f0fd",
			"slotId": "FirstPrimaryWeapon"
		},
		{
			"_id": "I2100465094814002906A0w7",
			"_tpl": "5649ad3f4bdc2df8348b4585",
			"parentId": "I210046503336220460e7d6C",
			"slotId": "mod_pistol_grip"
		},
		{
			"_id": "I210046501776318343ywMfq",
			"_tpl": "57ffb0e42459777d047111c5",
			"parentId": "I210046503336220460e7d6C",
			"slotId": "mod_muzzle"
		},
		{
			"_id": "I210046502045524208BimXN",
			"_tpl": "57dc334d245977597164366f",
			"parentId": "I210046503336220460e7d6C",
			"slotId": "mod_reciever"
		},
		{
			"_id": "I210046502914418443sZ153",
			"_tpl": "59d36a0086f7747e673f3946",
			"parentId": "I210046503336220460e7d6C",
			"slotId": "mod_gas_block"
		},
		{
			"_id": "I210046509727004706tW7IM",
			"_tpl": "57dc32dc245977596d4ef3d3",
			"parentId": "I210046502914418443sZ153",
			"slotId": "mod_handguard"
		},
		{
			"_id": "mag0Vest315692",
			"_tpl": "5bed61680db834001d2c45ab",
			"parentId": "TacticalVest279033",
			"slotId": "1",
			"location": {
				"x": 0,
				"y": 0,
				"r": "Horizontal"
			}
		},
		{
			"_id": "AmmoMag0Vest314348",
			"_tpl": "56dff4a2d2720bbd668b456a",
			"parentId": "mag0Vest315692",
			"slotId": "cartridges",
			"upd": {
				"StackObjectsCount": 30
			}
		},
		{
			"_id": "mag2Vest222815",
			"_tpl": "5bed61680db834001d2c45ab",
			"parentId": "TacticalVest279033",
			"slotId": "4",
			"location": {
				"x": 0,
				"y": 0,
				"r": "Horizontal"
			}
		},
		{
			"_id": "AmmoMag2Vest558710",
			"_tpl": "56dff4ecd2720b5f5a8b4568",
			"parentId": "mag2Vest222815",
			"slotId": "cartridges",
			"upd": {
				"StackObjectsCount": 30
			}
		},
		{
			"_id": "mag4Vest836108",
			"_tpl": "5bed61680db834001d2c45ab",
			"parentId": "TacticalVest279033",
			"slotId": "7",
			"location": {
				"x": 0,
				"y": 0,
				"r": "Horizontal"
			}
		},
		{
			"_id": "AmmoMag4Vest438843",
			"_tpl": "56dff338d2720bbd668b4569",
			"parentId": "mag4Vest836108",
			"slotId": "cartridges",
			"upd": {
				"StackObjectsCount": 30
			}
		},
		{
			"_id": "Scabbard958641",
			"_tpl": "54491bb74bdc2d09088b4567",
			"parentId": "5c6687d65e9d882c8841f0fd",
			"slotId": "Scabbard"
		},
		{
			"_id": "Eyewear879056",
			"_tpl": "5c0d32fcd174af02a1659c75",
			"parentId": "5c6687d65e9d882c8841f0fd",
			"slotId": "Eyewear"
		},
		{
			"_id": "FaceCover788176",
			"_tpl": "59e7715586f7742ee5789605",
			"parentId": "5c6687d65e9d882c8841f0fd",
			"slotId": "FaceCover"
		},
		{
			"_id": "Backpack628603",
			"_tpl": "544a5cde4bdc2d39388b456b",
			"parentId": "5c6687d65e9d882c8841f0fd",
			"slotId": "Backpack"
		},
		{
			"_id": "ArmorVest920540",
			"_tpl": "5c0e541586f7747fa54205c9",
			"parentId": "5c6687d65e9d882c8841f0fd",
			"slotId": "ArmorVest",
			"upd": {
				"Repairable": {
					"MaxDurability": 60,
					"Durability": 57
				}
			}
		}
	],
	"equipment": "5c6687d65e9d882c8841f0fd",
	"stash": "5c6687d65e9d882c8841f0fc",
	"questRaidItems": "5c6687d65e9d882c8841f0fe",
	"questStashItems": "5c6687d65e9d882c8841f0ff",
	"fastPanel": {}
}