{
	"items": [
		{
			"_id": "5dcb1de5d7ed5e035c438829",
			"_tpl": "55d7217a4bdc2d86028b456d"
		},
		{
			"_id": "5dcb1de5d7ed5e035c43884b",
			"_tpl": "571a12c42459771f627b58a0",
			"parentId": "5dcb1de5d7ed5e035c438829",
			"slotId": "Holster"
		},
		{
			"_id": "5dcb1de5d7ed5e035c43884c",
			"_tpl": "571a26d524597720680fbe8a",
			"parentId": "5dcb1de5d7ed5e035c43884b",
			"slotId": "mod_barrel"
		},
		{
			"_id": "5dcb1de5d7ed5e035c43884d",
			"_tpl": "571a282c2459771fb2755a69",
			"parentId": "5dcb1de5d7ed5e035c43884b",
			"slotId": "mod_pistol_grip"
		},
		{
			"_id": "5dcb1de5d7ed5e035c43884e",
			"_tpl": "571a29dc2459771fb2755a6a",
			"parentId": "5dcb1de5d7ed5e035c43884b",
			"slotId": "mod_magazine"
		},
		{
			"_id": "5dcb1de5d7ed5e035c43884f",
			"_tpl": "5736026a245977644601dc61",
			"parentId": "5dcb1de5d7ed5e035c43884e",
			"slotId": "cartridges",
			"upd": {
				"StackObjectsCount": 8
			}
		},
		{
			"_id": "5dcb1de5d7ed5e035c438850",
			"_tpl": "5736026a245977644601dc61",
			"parentId": "5dcb1de5d7ed5e035c43884b",
			"slotId": "patron_in_weapon",
			"upd": {
				"StackObjectsCount": 1
			}
		},
		{
			"_id": "5dcb1de5d7ed5e035c438851",
			"_tpl": "557ffd194bdc2d28148b457f",
			"parentId": "5dcb1de5d7ed5e035c438829",
			"slotId": "Pockets"
		},
		{
			"_id": "5dcb1de5d7ed5e035c438852",
			"_tpl": "5ab8dab586f77441cd04f2a2",
			"parentId": "5dcb1de5d7ed5e035c438829",
			"slotId": "TacticalVest"
		},
		{
			"_id": "5dcb1de5d7ed5e035c43885d",
			"_tpl": "571a29dc2459771fb2755a6a",
			"parentId": "5dcb1de5d7ed5e035c438852",
			"slotId": "1",
			"location": {
				"x": 0,
				"y": 0,
				"r": 0
			}
		},
		{
			"_id": "5dcb1de5d7ed5e035c43885e",
			"_tpl": "5736026a245977644601dc61",
			"parentId": "5dcb1de5d7ed5e035c43885d",
			"slotId": "cartridges",
			"upd": {
				"StackObjectsCount": 8
			}
		},
		{
			"_id": "5dcb1de5d7ed5e035c43885f",
			"_tpl": "571a29dc2459771fb2755a6a",
			"parentId": "5dcb1de5d7ed5e035c438852",
			"slotId": "1",
			"location": {
				"x": 0,
				"y": 1,
				"r": 0
			}
		},
		{
			"_id": "5dcb1de5d7ed5e035c438860",
			"_tpl": "5736026a245977644601dc61",
			"parentId": "5dcb1de5d7ed5e035c43885f",
			"slotId": "cartridges",
			"upd": {
				"StackObjectsCount": 8
			}
		},
		{
			"_id": "5dcb1de5d7ed5e035c438853",
			"_tpl": "5857a8bc2459772bad15db29",
			"parentId": "5dcb1de5d7ed5e035c438829",
			"slotId": "SecuredContainer"
		},
		{
			"_id": "5dcb1de5d7ed5e035c438854",
			"_tpl": "5736026a245977644601dc61",
			"parentId": "5dcb1de5d7ed5e035c438853",
			"slotId": "main",
			"location": {
				"x": 0,
				"y": 0,
				"r": 0
			},
			"upd": {
				"StackObjectsCount": 50
			}
		},
		{
			"_id": "5dcb1de5d7ed5e035c438855",
			"_tpl": "5736026a245977644601dc61",
			"parentId": "5dcb1de5d7ed5e035c438853",
			"slotId": "main",
			"location": {
				"x": 1,
				"y": 0,
				"r": 0
			},
			"upd": {
				"StackObjectsCount": 50
			}
		},
		{
			"_id": "5dcb1de5d7ed5e035c438856",
			"_tpl": "5736026a245977644601dc61",
			"parentId": "5dcb1de5d7ed5e035c438853",
			"slotId": "main",
			"location": {
				"x": 2,
				"y": 0,
				"r": 0
			},
			"upd": {
				"StackObjectsCount": 50
			}
		},
		{
			"_id": "5dcb1de5d7ed5e035c438857",
			"_tpl": "5736026a245977644601dc61",
			"parentId": "5dcb1de5d7ed5e035c438853",
			"slotId": "main",
			"location": {
				"x": 0,
				"y": 1,
				"r": 0
			},
			"upd": {
				"StackObjectsCount": 50
			}
		},
		{
			"_id": "5dcb1de5d7ed5e035c438858",
			"_tpl": "5736026a245977644601dc61",
			"parentId": "5dcb1de5d7ed5e035c438853",
			"slotId": "main",
			"location": {
				"x": 1,
				"y": 1,
				"r": 0
			},
			"upd": {
				"StackObjectsCount": 50
			}
		},
		{
			"_id": "5dcb1de5d7ed5e035c438859",
			"_tpl": "5736026a245977644601dc61",
			"parentId": "5dcb1de5d7ed5e035c438853",
			"slotId": "main",
			"location": {
				"x": 2,
				"y": 1,
				"r": 0
			},
			"upd": {
				"StackObjectsCount": 50
			}
		},
		{
			"_id": "5dcb1de5d7ed5e035c43885a",
			"_tpl": "5736026a245977644601dc61",
			"parentId": "5dcb1de5d7ed5e035c438853",
			"slotId": "main",
			"location": {
				"x": 0,
				"y": 2,
				"r": 0
			},
			"upd": {
				"StackObjectsCount": 50
			}
		},
		{
			"_id": "5dcb1de5d7ed5e035c43885b",
			"_tpl": "5736026a245977644601dc61",
			"parentId": "5dcb1de5d7ed5e035c438853",
			"slotId": "main",
			"location": {
				"x": 1,
				"y": 2,
				"r": 0
			},
			"upd": {
				"StackObjectsCount": 50
			}
		},
		{
			"_id": "5dcb1de5d7ed5e035c43885c",
			"_tpl": "5736026a245977644601dc61",
			"parentId": "5dcb1de5d7ed5e035c438853",
			"slotId": "main",
			"location": {
				"x": 2,
				"y": 2,
				"r": 0
			},
			"upd": {
				"StackObjectsCount": 50
			}
		},
		{
			"_id": "5dcb1de5d7ed5e035c438828",
			"_tpl": "566abbc34bdc2d92178b4576"
		},
		{
			"_id": "5dcb1de5d7ed5e035c43882b",
			"_tpl": "5963866b86f7747bfa1c4462"
		},
		{
			"_id": "5dcb1de5d7ed5e035c43882a",
			"_tpl": "5963866286f7747bf429b572"
		}
	],
	"equipment": "5dcb1de5d7ed5e035c438829",
	"stash": "5dcb1de5d7ed5e035c438828",
	"questRaidItems": "5dcb1de5d7ed5e035c43882a",
	"questStashItems": "5dcb1de5d7ed5e035c43882b",
	"fastPanel": {}
}