{
	"items": [
		{
			"_id": "5c6687d65e9d882c8841f0fd",
			"_tpl": "55d7217a4bdc2d86028b456d"
		},
		{
			"_id": "5c6687d65e9d882c8841f121",
			"_tpl": "557ffd194bdc2d28148b457f",
			"parentId": "5c6687d65e9d882c8841f0fd",
			"slotId": "Pockets"
		},
		{
			"_id": "5c6687d65e9d882c8841f0fc",
			"_tpl": "566abbc34bdc2d92178b4576"
		},
		{
			"_id": "5c6687d65e9d882c8841f0ff",
			"_tpl": "5963866b86f7747bfa1c4462"
		},
		{
			"_id": "5c6687d65e9d882c8841f0fe",
			"_tpl": "5963866286f7747bf429b572"
		},
		{
			"_id": "TacticalVest412961",
			"_tpl": "5b44c8ea86f7742d1627baf1",
			"parentId": "5c6687d65e9d882c8841f0fd",
			"slotId": "TacticalVest"
		},
		{
			"_id": "I210044382269719256k3mS5",
			"_tpl": "57dc2fa62459775949412633",
			"parentId": "5c6687d65e9d882c8841f0fd",
			"slotId": "FirstPrimaryWeapon"
		},
		{
			"_id": "I210044388563146472nGeH0",
			"_tpl": "57e3dba62459770f0c32322b",
			"parentId": "I210044382269719256k3mS5",
			"slotId": "mod_pistol_grip"
		},
		{
			"_id": "I210044382104864022cuuYn",
			"_tpl": "5ac72e945acfc43f3b691116",
			"parentId": "I210044382269719256k3mS5",
			"slotId": "mod_muzzle"
		},
		{
			"_id": "I2100443846078657941JWLf",
			"_tpl": "57dc334d245977597164366f",
			"parentId": "I210044382269719256k3mS5",
			"slotId": "mod_reciever"
		},
		{
			"_id": "I210044382954174362wkUwX",
			"_tpl": "59d36a0086f7747e673f3946",
			"parentId": "I210044382269719256k3mS5",
			"slotId": "mod_gas_block"
		},
		{
			"_id": "I210044383372110160nIfsN",
			"_tpl": "57dc32dc245977596d4ef3d3",
			"parentId": "I210044382954174362wkUwX",
			"slotId": "mod_handguard"
		},
		{
			"_id": "mag1Vest530674",
			"_tpl": "564ca99c4bdc2d16268b4589",
			"parentId": "TacticalVest412961",
			"slotId": "2",
			"location": {
				"x": 0,
				"y": 0,
				"r": "Horizontal"
			}
		},
		{
			"_id": "AmmoMag1Vest524963",
			"_tpl": "56dff421d2720b5f5a8b4567",
			"parentId": "mag1Vest530674",
			"slotId": "cartridges",
			"upd": {
				"StackObjectsCount": 30
			}
		},
		{
			"_id": "mag2Vest19724",
			"_tpl": "564ca99c4bdc2d16268b4589",
			"parentId": "TacticalVest412961",
			"slotId": "4",
			"location": {
				"x": 0,
				"y": 0,
				"r": "Horizontal"
			}
		},
		{
			"_id": "AmmoMag2Vest523416",
			"_tpl": "56dff3afd2720bba668b4567",
			"parentId": "mag2Vest19724",
			"slotId": "cartridges",
			"upd": {
				"StackObjectsCount": 30
			}
		},
		{
			"_id": "mag3Vest945103",
			"_tpl": "564ca99c4bdc2d16268b4589",
			"parentId": "TacticalVest412961",
			"slotId": "6",
			"location": {
				"x": 0,
				"y": 0,
				"r": "Horizontal"
			}
		},
		{
			"_id": "AmmoMag3Vest543090",
			"_tpl": "56dff061d2720bb5668b4567",
			"parentId": "mag3Vest945103",
			"slotId": "cartridges",
			"upd": {
				"StackObjectsCount": 30
			}
		},
		{
			"_id": "mag4Vest872211",
			"_tpl": "564ca99c4bdc2d16268b4589",
			"parentId": "TacticalVest412961",
			"slotId": "8",
			"location": {
				"x": 0,
				"y": 0,
				"r": "Horizontal"
			}
		},
		{
			"_id": "AmmoMag4Vest990337",
			"_tpl": "56dff3afd2720bba668b4567",
			"parentId": "mag4Vest872211",
			"slotId": "cartridges",
			"upd": {
				"StackObjectsCount": 30
			}
		},
		{
			"_id": "Scabbard561759",
			"_tpl": "5bffdc370db834001d23eca8",
			"parentId": "5c6687d65e9d882c8841f0fd",
			"slotId": "Scabbard"
		},
		{
			"_id": "Headwear543726",
			"_tpl": "59e7708286f7742cbd762753",
			"parentId": "5c6687d65e9d882c8841f0fd",
			"slotId": "Headwear"
		},
		{
			"_id": "Eyewear927587",
			"_tpl": "5c1a1cc52e221602b3136e3d",
			"parentId": "5c6687d65e9d882c8841f0fd",
			"slotId": "Eyewear"
		},
		{
			"_id": "FaceCover866101",
			"_tpl": "5b4326435acfc433000ed01d",
			"parentId": "5c6687d65e9d882c8841f0fd",
			"slotId": "FaceCover"
		},
		{
			"_id": "Backpack150903",
			"_tpl": "56e33634d2720bd8058b456b",
			"parentId": "5c6687d65e9d882c8841f0fd",
			"slotId": "Backpack"
		}
	],
	"equipment": "5c6687d65e9d882c8841f0fd",
	"stash": "5c6687d65e9d882c8841f0fc",
	"questRaidItems": "5c6687d65e9d882c8841f0fe",
	"questStashItems": "5c6687d65e9d882c8841f0ff",
	"fastPanel": {}
}