{
	"items": [
		{
			"_id": "5c6687d65e9d882c8841f0fd",
			"_tpl": "55d7217a4bdc2d86028b456d"
		},
		{
			"_id": "5c6687d65e9d882c8841f121",
			"_tpl": "557ffd194bdc2d28148b457f",
			"parentId": "5c6687d65e9d882c8841f0fd",
			"slotId": "Pockets"
		},
		{
			"_id": "5c6687d65e9d882c8841f0fc",
			"_tpl": "566abbc34bdc2d92178b4576"
		},
		{
			"_id": "5c6687d65e9d882c8841f0ff",
			"_tpl": "5963866b86f7747bfa1c4462"
		},
		{
			"_id": "5c6687d65e9d882c8841f0fe",
			"_tpl": "5963866286f7747bf429b572"
		},
		{
			"_id": "TacticalVest876712",
			"_tpl": "5929a2a086f7744f4b234d43",
			"parentId": "5c6687d65e9d882c8841f0fd",
			"slotId": "TacticalVest"
		},
		{
			"_id": "I2132010136923416691oSrU",
			"_tpl": "5644bd2b4bdc2d3b4c8b4572",
			"parentId": "5c6687d65e9d882c8841f0fd",
			"slotId": "FirstPrimaryWeapon"
		},
		{
			"_id": "I2132010135566419415G3zH",
			"_tpl": "59c6633186f7740cf0493bb9",
			"parentId": "I2132010136923416691oSrU",
			"slotId": "mod_gas_block"
		},
		{
			"_id": "I2132010135701960084k2AX",
			"_tpl": "5649aa744bdc2ded0b8b457e",
			"parentId": "I2132010136923416691oSrU",
			"slotId": "mod_muzzle"
		},
		{
			"_id": "I2132010138878537844jWje",
			"_tpl": "5649ad3f4bdc2df8348b4585",
			"parentId": "I2132010136923416691oSrU",
			"slotId": "mod_pistol_grip"
		},
		{
			"_id": "I2132010135298279198WDKk",
			"_tpl": "5649af094bdc2df8348b4586",
			"parentId": "I2132010136923416691oSrU",
			"slotId": "mod_reciever"
		},
		{
			"_id": "I2132010133246176791RmJM",
			"_tpl": "5649b0544bdc2d1b2b8b458a",
			"parentId": "I2132010136923416691oSrU",
			"slotId": "mod_sight_rear",
			"upd": {
				"Sight": {
					"SelectedSightMode": 0
				}
			}
		},
		{
			"_id": "I2132010136825121434V4CS",
			"_tpl": "5649b1c04bdc2d16268b457c",
			"parentId": "I2132010136923416691oSrU",
			"slotId": "mod_stock"
		},
		{
			"_id": "MagazineWeaponScav1768",
			"_tpl": "55d482194bdc2d1d4e8b456b",
			"parentId": "I2132010136923416691oSrU",
			"slotId": "mod_magazine"
		},
		{
			"_id": "AmmoMag1165",
			"_tpl": "56dff2ced2720bb4668b4567",
			"parentId": "MagazineWeaponScav1768",
			"slotId": "cartridges",
			"upd": {
				"StackObjectsCount": 60
			}
		},
		{
			"_id": "I2132010138688584347Fzlj",
			"_tpl": "5648b4534bdc2d3d1c8b4580",
			"parentId": "I2132010135566419415G3zH",
			"slotId": "mod_handguard"
		},
		{
			"_id": "I2132010135896942817wFUy",
			"_tpl": "56dfef82d2720bbd668b4567",
			"parentId": "I2132010131886204393YSco",
			"slotId": "cartridges",
			"location": 0,
			"upd": {
				"StackObjectsCount": 30
			}
		},
		{
			"_id": "I2132010131750323892NX4u",
			"_tpl": "56def37dd2720bec348b456a",
			"parentId": "I2132010138688584347Fzlj",
			"slotId": "mod_tactical_001",
			"upd": {
				"Light": {
					"IsActive": true,
					"SelectedMode": 0
				}
			}
		},
		{
			"_id": "mag0Vest422486",
			"_tpl": "55d482194bdc2d1d4e8b456b",
			"parentId": "TacticalVest876712",
			"slotId": "3",
			"location": {
				"x": 0,
				"y": 0,
				"r": "Horizontal"
			}
		},
		{
			"_id": "AmmoMag0Vest357753",
			"_tpl": "56dff216d2720bbd668b4568",
			"parentId": "mag0Vest422486",
			"slotId": "cartridges",
			"upd": {
				"StackObjectsCount": 60
			}
		},
		{
			"_id": "mag1Vest928283",
			"_tpl": "55d482194bdc2d1d4e8b456b",
			"parentId": "TacticalVest876712",
			"slotId": "5",
			"location": {
				"x": 0,
				"y": 0,
				"r": "Horizontal"
			}
		},
		{
			"_id": "AmmoMag1Vest700237",
			"_tpl": "56dff026d2720bb8668b4567",
			"parentId": "mag1Vest928283",
			"slotId": "cartridges",
			"upd": {
				"StackObjectsCount": 60
			}
		},
		{
			"_id": "Scabbard921951",
			"_tpl": "57e26ea924597715ca604a09",
			"parentId": "5c6687d65e9d882c8841f0fd",
			"slotId": "Scabbard"
		},
		{
			"_id": "Headwear714435",
			"_tpl": "5c0d2727d174af02a012cf58",
			"parentId": "5c6687d65e9d882c8841f0fd",
			"slotId": "Headwear"
		},
		{
			"_id": "Eyewear82207",
			"_tpl": "5aa2b986e5b5b00014028f4c",
			"parentId": "5c6687d65e9d882c8841f0fd",
			"slotId": "Eyewear"
		},
		{
			"_id": "Backpack552330",
			"_tpl": "5ab8ee7786f7742d8f33f0b9",
			"parentId": "5c6687d65e9d882c8841f0fd",
			"slotId": "Backpack"
		},
		{
			"_id": "BP_Backpack552330_580934",
			"_tpl": "575146b724597720a27126d5",
			"parentId": "Backpack552330",
			"slotId": "main",
			"location": {
				"x": 0,
				"y": 0,
				"r": "Horizontal"
			}
		},
		{
			"_id": "ArmorVest31818",
			"_tpl": "5c0e5edb86f77461f55ed1f7",
			"parentId": "5c6687d65e9d882c8841f0fd",
			"slotId": "ArmorVest",
			"upd": {
				"Repairable": {
					"MaxDurability": 50,
					"Durability": 25
				}
			}
		},
		{
			"_id": "Pocket_937915",
			"_tpl": "5751a25924597722c463c472",
			"parentId": "5c6687d65e9d882c8841f121",
			"slotId": "pocket1",
			"location": {
				"x": 0,
				"y": 0,
				"r": "Horizontal"
			},
			"upd": {
				"SpawnedInSession": true
			}
		},
		{
			"_id": "Pocket_101649",
			"_tpl": "56742c2e4bdc2d95058b456d",
			"parentId": "5c6687d65e9d882c8841f121",
			"slotId": "pocket2",
			"location": {
				"x": 0,
				"y": 0,
				"r": "Horizontal"
			},
			"upd": {
				"SpawnedInSession": true
			}
		},
		{
			"_id": "Pocket_517257",
			"_tpl": "5a13ef0686f7746e5a411744",
			"parentId": "5c6687d65e9d882c8841f121",
			"slotId": "pocket3",
			"location": {
				"x": 0,
				"y": 0,
				"r": "Horizontal"
			},
			"upd": {
				"SpawnedInSession": true
			}
		}
	],
	"equipment": "5c6687d65e9d882c8841f0fd",
	"stash": "5c6687d65e9d882c8841f0fc",
	"questRaidItems": "5c6687d65e9d882c8841f0fe",
	"questStashItems": "5c6687d65e9d882c8841f0ff",
	"fastPanel": {}
}