{
	"_id": "54cb50c76803fa8b248b4571",
	"working": true,
	"customization_seller": false,
	"name": "Павел Егорович",
	"surname": "Романенко",
	"nickname": "Prapor",
	"location": "",
	"avatar": "/files/trader/avatar/54cb50c76803fa8b248b4571.jpg",
	"balance_rub": 80000000,
	"balance_dol": 0,
	"balance_eur": 0,
	"display": true,
	"discount": 55,
	"discount_end": 0,
	"buyer_up": false,
	"currency": "RUB",
	"supply_next_time": 1576764702,
	"repair": {
		"availability": true,
		"quality": "0.1",
		"excluded_id_list": [],
		"excluded_category": [],
		"currency": "5449016a4bdc2d6f028b456f",
		"currency_coefficient": 1,
		"price_rate": 0
	},
	"insurance": {
		"availability": true,
		"min_payment": 0,
		"min_return_hour": 1,
		"max_return_hour": 1,
		"max_storage_time": 256,
		"excluded_category": []
	},
	"gridHeight": 160,
	"loyalty": {
		"currentLevel": 1,
		"currentStanding": 0,
		"currentSalesSum": 0,
		"loyaltyLevels": {
			"0": {
				"minLevel": 1,
				"minSalesSum": 0,
				"minStanding": 0
			},
			"1": {
				"minLevel": 15,
				"minSalesSum": 750000,
				"minStanding": 0.2
			},
			"2": {
				"minLevel": 22,
				"minSalesSum": 1500000,
				"minStanding": 0.35
			},
			"3": {
				"minLevel": 33,
				"minSalesSum": 2300000,
				"minStanding": 0.5
			}
		}
	},
	"sell_category": []
}