{
	"_id": "5e42c81886f7742a01529f57",
	"_name": "keycard_inter_store1",
	"_parent": "5c164d2286f774194c5e69fa",
	"_type": "Item",
	"_props": {
		"Name": "item_keycard_lab_blue",
		"ShortName": "item_keycard_lab_blue",
		"Description": "item_keycard_lab_blue",
		"Weight": 0.01,
		"BackgroundColor": "violet",
		"Width": 1,
		"Height": 1,
		"StackMaxSize": 1,
		"Rarity": "Superrare",
		"SpawnChance": 1.5,
		"CreditsPrice": 350000,
		"ItemSound": "item_plastic_generic",
		"Prefab": {
			"path": "assets/content/items/spec/item_keycard_lab/item_keycard_interchange_store_1.bundle",
			"rcid": ""
		},
		"UsePrefab": {
			"path": "",
			"rcid": ""
		},
		"StackObjectsCount": 1,
		"NotShownInSlot": false,
		"ExaminedByDefault": false,
		"ExamineTime": 1,
		"IsUndiscardable": false,
		"IsUnsaleable": false,
		"IsUnbuyable": false,
		"IsUngivable": false,
		"IsLockedafterEquip": false,
		"QuestItem": false,
		"LootExperience": 60,
		"ExamineExperience": 10,
		"HideEntrails": false,
		"RepairCost": 0,
		"RepairSpeed": 0,
		"ExtraSizeLeft": 0,
		"ExtraSizeRight": 0,
		"ExtraSizeUp": 0,
		"ExtraSizeDown": 0,
		"ExtraSizeForceAdd": false,
		"MergesWithChildren": false,
		"CanSellOnRagfair": true,
		"CanRequireOnRagfair": true,
		"BannedFromRagfair": false,
		"ConflictingItems": [],
		"FixedPrice": false,
		"Unlootable": false,
		"UnlootableFromSlot": "FirstPrimaryWeapon",
		"UnlootableFromSide": [],
		"ChangePriceCoef": 1,
		"AllowSpawnOnLocations": [],
		"SendToClient": false,
		"AnimationVariantsNumber": 0,
		"DiscardingBlock": false,
		"MaximumNumberOfUsage": 0
	},
	"_proto": "5448ba0b4bdc2d02308b456c"
}