{
	"_id": "eighthQuest_terragroupSpecialist",
	"traderId": "TerraGroup_Specialist",
	"location": "Laboratory",
	"image": "/files/quest/icon/eighthQuest_terragroupSpecialist.jpg",
	"type": "Elimination",
	"isKey": false,
	"restartable": true,
	"min_level": 0,
	"canShowNotificationsInGame": true,
	"rewards": {
		"Started": [
			{
				"target": "eighthQuest_terragroupSpecialist_StartingGear_id",
				"value": "30",
				"id": "eighthQuest_terragroupSpecialist_StartingGear",
				"type": "Item",
				"index": 0,
				"items": [
					{
						"_id": "eighthQuest_terragroupSpecialist_StartingGear_id",
						"_tpl": "terragroupSpecialist_65x39mm_grendel",
						"upd": {
							"StackObjectsCount": 30
						}
					}
				]
			}
		],
		"Success": [
			{
				"value": "80000",
				"id": "ExperienceID",
				"type": "Experience",
				"index": 0
			},
			{
				"target": "TerraGroup_Specialist",
				"value": "0.08",
				"id": "eighthQuest_terragroupSpecialist_eighthReward",
				"type": "TraderStanding",
				"index": 1
			},
			{
				"target": "eighthQuest_terragroupSpecialist_eighthReward_id",
				"value": "5",
				"id": "eighthQuest_terragroupSpecialist_eighthReward",
				"type": "Item",
				"index": 2,
				"items": [
					{
						"_id": "eighthQuest_terragroupSpecialist_eighthReward_id",
						"_tpl": "terragroupSpecialist_grendel_intelligence"
					},
					{
						"_id": "eighthQuest_terragroupSpecialist_eighthReward_id2",
						"_tpl": "terragroupSpecialist_grendel_intelligence"
					},
					{
						"_id": "eighthQuest_terragroupSpecialist_eighthReward_id3",
						"_tpl": "terragroupSpecialist_grendel_intelligence"
					},
					{
						"_id": "eighthQuest_terragroupSpecialist_eighthReward_id4",
						"_tpl": "terragroupSpecialist_grendel_intelligence"
					},
					{
						"_id": "eighthQuest_terragroupSpecialist_eighthReward_id5",
						"_tpl": "terragroupSpecialist_grendel_intelligence"
					}
				]
			}
		],
		"Fail": []
	},
	"conditions": {
		"AvailableForStart": [
			{
				"_parent": "Level",
				"_props": {
					"compareMethod": ">=",
					"value": "55",
					"index": 0,
					"parentId": "",
					"id": "eighthQuest_terragroupSpecialist_levelRequir"
				}
			},
			{
				"_parent": "Quest",
				"_props": {
					"target": "seventhQuest_terragroupSpecialist",
					"status": 4,
					"index": 1,
					"parentId": "",
					"id": ""
				}
			}
		],
		"AvailableForFinish": [
			{
				"_parent": "CounterCreator",
				"_props": {
					"value": "18",
					"type": "Elimination",
					"counter": {
						"id": "eighthQuest_terragroupSpecialist_counter1",
						"conditions": [
							{
								"_parent": "Location",
								"_props": {
									"target": [
										"laboratory"
									],
									"save": "pmcBot_counter",
									"form_id": "QuestManager-QuestSubConditionAddForm_pmcBot",
									"token": "terragroupSpecialist_token",
									"id": "eighthQuest_terragroupSpecialist_condition1"
								}
							},
							{
								"_parent": "Kills",
								"_props": {
									"target": "Savage",
									"compareMethod": ">=",
									"value": "1",
									"savageRole": [
										"pmcBot"
									],
									"weapon": [
										"terragroupSpecialist_prototype_m4a1"
									],
									"resetOnSessionEnd": true,
									"id": "eighthQuest_terragroupSpecialist_condition2"
								}
							}
						]
					},
					"index": 0,
					"parentId": "",
					"id": "eighthQuest_terragroupSpecialist_Req1"
				}
			},
			{
				"_parent": "CounterCreator",
				"_props": {
					"value": "1",
					"type": "Completion",
					"counter": {
						"id": "eighthQuest_terragroupSpecialist_counter",
						"conditions": [
							{
								"_parent": "Location",
								"_props": {
									"target": [
										"laboratory"
									],
									"id": "eighthQuest_terragroupSpecialist_location"
								}
							},
							{
								"_parent": "ExitStatus",
								"_props": {
									"status": [
										"Survived"
									],
									"id": "eighthQuest_terragroupSpecialist_exitStatus"
								}
							}
						]
					},
					"index": 1,
					"parentId": "",
					"id": "eighthQuest_terragroupSpecialist_FirstRequir"
				}
			}
		],
		"Fail": [
			{
				"_parent": "CounterCreator",
				"_props": {
					"value": "1",
					"type": "Exploration",
					"counter": {
						"id": "5c0d4f46d09282029f539215",
						"conditions": [
							{
								"_parent": "ExitStatus",
								"_props": {
									"status": [
										"Killed",
										"Left",
										"MissingInAction"
									],
									"id": "5c13990686f7743b056e2aab"
								}
							},
							{
								"_parent": "Location",
								"_props": {
									"target": [
										"laboratory"
									],
									"id": "5c13992486f774365a69cc4e"
								}
							}
						]
					},
					"index": 0,
					"parentId": "",
					"id": "5c0d4f46d09282029f539216"
				}
			}
		]
	}
}