{
	"_id": "54cb50c76803fa8b248b4571",
	"working": true,
	"customization_seller": false,
	"name": "Павел Егорович",
	"surname": "Романенко",
	"nickname": "Prapor",
	"location": "",
	"avatar": "/files/trader/avatar/54cb50c76803fa8b248b4571.jpg",
	"balance_rub": 80000000,
	"balance_dol": 0,
	"balance_eur": 0,
	"display": true,
	"discount": 0,
	"discount_end": 0,
	"buyer_up": false,
	"currency": "RUB",
	"supply_next_time": 1576764702,
	"repair": {
		"availability": false,
		"quality": "1.2",
		"excluded_id_list": [],
		"excluded_category": [],
		"currency": "5449016a4bdc2d6f028b456f",
		"currency_coefficient": 1,
		"price_rate": 0
	},
	"insurance": {
		"availability": false,
		"min_payment": 0,
		"min_return_hour": 24,
		"max_return_hour": 36,
		"max_storage_time": 72,
		"excluded_category": []
	},
	"gridHeight": 160,
	"loyalty": {
		"currentLevel": 1,
		"currentStanding": 0,
		"currentSalesSum": 0,
		"loyaltyLevels": {
			"0": {
				"minLevel": 1,
				"minSalesSum": 0,
				"minStanding": 0
			}
		}
	},
	"sell_category": []
}