{
	"name": "FreeSecureContainers",
	"author": "Sorata",
	"description": "Revert back these fucking pouch limitations",
	"license": "None",
	"version": "1.1.0",
	"dependencies": [],
	"src":{},
	"res":{},
	"db": {
		"items": {
    "5857a8b324597729ab0a0e7d": "db/items/5857a8b324597729ab0a0e7d.json",
    "5857a8bc2459772bad15db29": "db/items/5857a8bc2459772bad15db29.json",
    "59db794186f77448bc595262": "db/items/59db794186f77448bc595262.json",
    "5c093ca986f7740a1867ab12": "db/items/5c093ca986f7740a1867ab12.json",
	"544a11ac4bdc2d470e8b456a": "db/items/544a11ac4bdc2d470e8b456a.json"
}
	}
}