{
	"_id": "5bfea6e90db834001b7347f3",
	"_name": "weapon_remington_model_700_762x51",
	"_parent": "5447b6254bdc2dc3278b4568",
	"_type": "Item",
	"_props": {
		"Name": "weapon_izhmash_mosin_rifle_762x54",
		"ShortName": "weapon_izhmash_mosin_rifle_762x54",
		"Description": "weapon_izhmash_mosin_rifle_762x54",
		"Weight": 0.55,
		"BackgroundColor": "black",
		"Width": 1,
		"Height": 1,
		"StackMaxSize": 1,
		"Rarity": "Superrare",
		"SpawnChance": 2,
		"CreditsPrice": 17500,
		"ItemSound": "weap_rifle",
		"Prefab": {
			"path": "assets/content/weapons/m700/weapon_remington_model_700_762x51_container.bundle",
			"rcid": ""
		},
		"UsePrefab": {
			"path": "",
			"rcid": ""
		},
		"StackObjectsCount": 1,
		"NotShownInSlot": false,
		"ExaminedByDefault": false,
		"ExamineTime": 1,
		"IsUndiscardable": false,
		"IsUnsaleable": false,
		"IsUnbuyable": false,
		"IsUngivable": false,
		"IsLockedafterEquip": false,
		"QuestItem": false,
		"LootExperience": 20,
		"ExamineExperience": 10,
		"HideEntrails": false,
		"RepairCost": 680,
		"RepairSpeed": 14,
		"ExtraSizeLeft": 0,
		"ExtraSizeRight": 0,
		"ExtraSizeUp": 0,
		"ExtraSizeDown": 0,
		"ExtraSizeForceAdd": false,
		"MergesWithChildren": true,
		"CanSellOnRagfair": true,
		"CanRequireOnRagfair": true,
		"BannedFromRagfair": false,
		"ConflictingItems": [],
		"FixedPrice": false,
		"Unlootable": false,
		"UnlootableFromSlot": "FirstPrimaryWeapon",
		"UnlootableFromSide": [
			"Bear",
			"Usec",
			"Savage"
		],
		"ChangePriceCoef": 1,
		"AllowSpawnOnLocations": [],
		"SendToClient": false,
		"AnimationVariantsNumber": 0,
		"DiscardingBlock": false,
		"Grids": [],
		"Slots": [
			{
				"_name": "mod_magazine",
				"_id": "5bfea6e90db834001b7347f5",
				"_parent": "5bfea6e90db834001b7347f3",
				"_props": {
					"filters": [
						{
							"AnimationIndex": 0,
							"Filter": [
								"5d25a6538abbc306c62e630d",
								"5d25a4a98abbc30b917421a4",
								"5d25a7b88abbc3054f3e60bc",
								"5ce69cbad7f00c00b61c5098",
								"5d25a6a48abbc306c62e6310",
								"5d25af8f8abbc3055079fec5",
								"5cf12a15d7f00c05464b293f",
								"5bfeaa0f0db834001b734927",
								"5bfea7ad0db834001c38f1ee"
							]
						}
					]
				},
				"_required": false,
				"_mergeSlotWithChildren": false,
				"_proto": "55d30c394bdc2dae468b4577"
			},
			{
				"_name": "mod_stock",
				"_id": "5bfea6e90db834001b7347f6",
				"_parent": "5bfea6e90db834001b7347f3",
				"_props": {
					"filters": [
						{
							"Shift": 0,
							"Filter": [
								"5cde739cd7f00c0010373bd3",
								"5d25d0ac8abbc3054f3e61f7",
								"5bfeb32b0db834001a6694d9",
								"5cdeac22d7f00c000f26168f",
								"5cf13123d7f00c1085616a50"
							]
						}
					]
				},
				"_required": true,
				"_mergeSlotWithChildren": false,
				"_proto": "55d30c4c4bdc2db4468b457e"
			},
			{
				"_name": "mod_barrel",
				"_id": "5bfea6e90db834001b7347f7",
				"_parent": "5bfea6e90db834001b7347f3",
				"_props": {
					"filters": [
						{
							"Shift": 0,
							"Filter": [
								"5d2703038abbc3105103d94c",
								"5bfebc250db834001a6694e1",
								"5bfebc320db8340019668d79",
								"5d2702e88abbc31ed91efc44"
							]
						}
					]
				},
				"_required": true,
				"_mergeSlotWithChildren": false,
				"_proto": "55d30c4c4bdc2db4468b457e"
			},
			{
				"_name": "mod_mount",
				"_id": "5bfebf0e0db834001808a2b7",
				"_parent": "5bfea6e90db834001b7347f3",
				"_props": {
					"filters": [
						{
							"Shift": 0,
							"Filter": [
								"5cde7b43d7f00c000d36b93e",
								"5bfebc5e0db834001a6694e5",
								"5bfebc530db834001d23eb65"
							]
						}
					]
				},
				"_required": false,
				"_mergeSlotWithChildren": false,
				"_proto": "55d30c4c4bdc2db4468b457e"
			}
		],
		"CanPutIntoDuringTheRaid": true,
		"CantRemoveFromSlotsDuringRaid": [],
		"weapClass": "sniperRifle",
		"weapUseType": "primary",
		"ammoCaliber": "Caliber762x51",
		"Durability": 100,
		"MaxDurability": 100,
		"OperatingResource": 3000,
		"RepairComplexity": 1,
		"durabSpawnMin": 25,
		"durabSpawnMax": 75,
		"isFastReload": true,
		"RecoilForceUp": 234,
		"RecoilForceBack": 845,
		"Convergence": 1.5,
		"RecoilAngle": 90,
		"weapFireType": [
			"single"
		],
		"RecolDispersion": 10,
		"bFirerate": 30,
		"Ergonomics": 23,
		"Velocity": 1.81,
		"bEffDist": 1000,
		"bHearDist": 100,
		"isChamberLoad": true,
		"chamberAmmoCount": 1,
		"isBoltCatch": true,
		"defMagType": "5bfea7ad0db834001c38f1ee",
		"defAmmo": "5a6086ea4f39f99cd479502f",
		"shotgunDispersion": 0,
		"Chambers": [
			{
				"_name": "patron_in_weapon",
				"_id": "5bfea6e90db834001b7347f8",
				"_parent": "5bfea6e90db834001b7347f3",
				"_props": {
					"filters": [
						{
							"Filter": [
								"5a6086ea4f39f99cd479502f",
								"5a608bf24f39f98ffc77720e",
								"58dd3ad986f77403051cba8f",
								"5e023e53d4353e3302577c4c",
								"5e023e6e34d52a55c3304f71",
								"5e023e88277cce2b522ff2b1",
								"5e023e88277cce2b522ff2b1",
								"UltraHighDamage7.62x51mm"
							]
						}
					]
				},
				"_required": false,
				"_mergeSlotWithChildren": false,
				"_proto": "55d4af244bdc2d962f8b4571"
			}
		],
		"CameraRecoil": 0.4,
		"CameraSnap": 3.5,
		"ReloadMode": "InternalMagazine",
		"CenterOfImpact": 0.011,
		"AimPlane": 0.32,
		"DeviationCurve": 1,
		"DeviationMax": 100,
		"Foldable": false,
		"Retractable": false,
		"TacticalReloadStiffnes": {
			"x": 0.95,
			"y": 0.33,
			"z": 0.95
		},
		"TacticalReloadFixation": 0.95,
		"RecoilCenter": {
			"x": 0,
			"y": -0.43,
			"z": 0.03
		},
		"RotationCenter": {
			"x": 0,
			"y": -0.16,
			"z": -0.06
		},
		"RotationCenterNoStock": {
			"x": 0,
			"y": 0,
			"z": 0
		},
		"SizeReduceRight": 0,
		"FoldedSlot": "",
		"CompactHandling": false,
		"SightingRange": 100,
		"MinRepairDegradation": 0,
		"MaxRepairDegradation": 0.01,
		"IronSightRange": 25,
		"MustBoltBeOpennedForExternalReload": false,
		"MustBoltBeOpennedForInternalReload": true,
		"BoltAction": true,
		"HipAccuracyRestorationDelay": 0.2,
		"HipAccuracyRestorationSpeed": 7,
		"HipInnaccuracyGain": 0.16,
		"ManualBoltCatch": false
	},
	"_proto": "55801eed4bdc2d89578b4588"
}