{
	"_id": "5d25af8f8abbc3055079fec5",
	"_name": "mag_m700_promag_aa70_762x51_10",
	"_parent": "5448bc234bdc2d3c308b4569",
	"_type": "Item",
	"_props": {
		"Name": "mag_dvl-10_lobaev_308_10",
		"ShortName": "mag_dvl-10_lobaev_308_10",
		"Description": "mag_dvl-10_lobaev_308_10",
		"Weight": 0.5,
		"BackgroundColor": "yellow",
		"Width": 1,
		"Height": 1,
		"StackMaxSize": 1,
		"Rarity": "Not_exist",
		"SpawnChance": 3,
		"CreditsPrice": 4340,
		"ItemSound": "magazine_metal",
		"Prefab": {
			"path": "assets/content/items/mods/magazines/mag_m700_promag_aa70_762x51_10.bundle",
			"rcid": ""
		},
		"UsePrefab": {
			"path": "",
			"rcid": ""
		},
		"StackObjectsCount": 1,
		"NotShownInSlot": false,
		"ExaminedByDefault": false,
		"ExamineTime": 1,
		"IsUndiscardable": false,
		"IsUnsaleable": false,
		"IsUnbuyable": false,
		"IsUngivable": false,
		"IsLockedafterEquip": false,
		"QuestItem": false,
		"LootExperience": 30,
		"ExamineExperience": 2,
		"HideEntrails": false,
		"RepairCost": 0,
		"RepairSpeed": 0,
		"ExtraSizeLeft": 0,
		"ExtraSizeRight": 0,
		"ExtraSizeUp": 0,
		"ExtraSizeDown": 1,
		"ExtraSizeForceAdd": false,
		"MergesWithChildren": true,
		"CanSellOnRagfair": true,
		"CanRequireOnRagfair": true,
		"BannedFromRagfair": false,
		"ConflictingItems": [],
		"FixedPrice": false,
		"Unlootable": false,
		"UnlootableFromSlot": "FirstPrimaryWeapon",
		"UnlootableFromSide": [],
		"ChangePriceCoef": 1,
		"AllowSpawnOnLocations": [],
		"SendToClient": false,
		"AnimationVariantsNumber": 0,
		"DiscardingBlock": false,
		"Grids": [],
		"Slots": [],
		"CanPutIntoDuringTheRaid": true,
		"CantRemoveFromSlotsDuringRaid": [],
		"Durability": 100,
		"Accuracy": 0,
		"Recoil": 0,
		"Loudness": 0,
		"EffectiveDistance": 0,
		"Ergonomics": -1,
		"Velocity": 0,
		"RaidModdable": true,
		"ToolModdable": false,
		"BlocksFolding": false,
		"BlocksCollapsible": false,
		"IsAnimated": false,
		"HasShoulderContact": false,
		"SightingRange": 0,
		"magAnimationIndex": 2,
		"Cartridges": [
			{
				"_name": "cartridges",
				"_id": "5d25af8f8abbc3055079fec7",
				"_parent": "5d25af8f8abbc3055079fec5",
				"_max_count": 10,
				"_props": {
					"filters": [
						{
							"Filter": [
								"5a6086ea4f39f99cd479502f",
								"5a608bf24f39f98ffc77720e",
								"58dd3ad986f77403051cba8f",
								"5e023e53d4353e3302577c4c",
								"5e023e6e34d52a55c3304f71",
								"5e023e88277cce2b522ff2b1",
								"UltraHighDamage7.62x51mm"
							]
						}
					]
				},
				"_proto": "5748538b2459770af276a261"
			}
		],
		"CanFast": true,
		"CanHit": false,
		"CanAdmin": false,
		"LoadUnloadModifier": -15,
		"CheckTimeModifier": 0,
		"CheckOverride": 0,
		"ReloadMagType": "ExternalMagazine",
		"VisibleAmmoRangesString": "1-3"
	},
	"_proto": "559ba5b34bdc2d1f1a8b4582"
}