{
	"_id": "5b44cad286f77402a54ae7e5",
	"_name": "item_equipment_rig_carrierTactec",
	"_parent": "5448e5284bdc2dcb718b4567",
	"_type": "Item",
	"_props": {
		"Name": "tactec",
		"ShortName": "tactec",
		"Description": "tactec",
		"Weight": 9.5,
		"BackgroundColor": "red",
		"Width": 4,
		"Height": 4,
		"StackMaxSize": 1,
		"Rarity": "Superrare",
		"SpawnChance": 1,
		"CreditsPrice": 91000,
		"ItemSound": "gear_generic",
		"Prefab": {
			"path": "assets/content/items/equipment/rig_carriertactec/item_equipment_rig_carriertactec.bundle",
			"rcid": ""
		},
		"UsePrefab": {
			"path": "",
			"rcid": ""
		},
		"StackObjectsCount": 1,
		"NotShownInSlot": false,
		"ExaminedByDefault": true,
		"ExamineTime": 1,
		"IsUndiscardable": false,
		"IsUnsaleable": false,
		"IsUnbuyable": false,
		"IsUngivable": false,
		"IsLockedafterEquip": false,
		"QuestItem": false,
		"LootExperience": 20,
		"ExamineExperience": 10,
		"HideEntrails": true,
		"RepairCost": 820,
		"RepairSpeed": 0,
		"ExtraSizeLeft": 0,
		"ExtraSizeRight": 0,
		"ExtraSizeUp": 0,
		"ExtraSizeDown": 0,
		"ExtraSizeForceAdd": false,
		"MergesWithChildren": false,
		"CanSellOnRagfair": true,
		"CanRequireOnRagfair": true,
		"BannedFromRagfair": false,
		"ConflictingItems": [],
		"FixedPrice": false,
		"Unlootable": false,
		"UnlootableFromSlot": "FirstPrimaryWeapon",
		"UnlootableFromSide": [],
		"ChangePriceCoef": 1,
		"AllowSpawnOnLocations": [],
		"SendToClient": false,
		"AnimationVariantsNumber": 0,
		"DiscardingBlock": false,
		"Grids": [
			{
				"_name": "1",
				"_id": "5b44cad286f77402a54ae7e7",
				"_parent": "5b44cad286f77402a54ae7e5",
				"_props": {
					"filters": [
						{
							"Filter": [
								"54009119af1c881c07000029"
							],
							"ExcludedFilter": [
								"5448bf274bdc2dfc2f8b456a"
							]
						}
					],
					"cellsH": 1,
					"cellsV": 2,
					"minCount": 0,
					"maxCount": 0,
					"maxWeight": 0
				},
				"_proto": "55d329c24bdc2d892f8b4567"
			},
			{
				"_name": "2",
				"_id": "5b44cad286f77402a54ae7e8",
				"_parent": "5b44cad286f77402a54ae7e5",
				"_props": {
					"filters": [
						{
							"Filter": [
								"54009119af1c881c07000029"
							],
							"ExcludedFilter": [
								"5448bf274bdc2dfc2f8b456a"
							]
						}
					],
					"cellsH": 1,
					"cellsV": 2,
					"minCount": 0,
					"maxCount": 0,
					"maxWeight": 0
				},
				"_proto": "55d329c24bdc2d892f8b4567"
			},
			{
				"_name": "3",
				"_id": "5b44cad286f77402a54ae7e9",
				"_parent": "5b44cad286f77402a54ae7e5",
				"_props": {
					"filters": [
						{
							"Filter": [
								"54009119af1c881c07000029"
							],
							"ExcludedFilter": [
								"5448bf274bdc2dfc2f8b456a"
							]
						}
					],
					"cellsH": 1,
					"cellsV": 2,
					"minCount": 0,
					"maxCount": 0,
					"maxWeight": 0
				},
				"_proto": "55d329c24bdc2d892f8b4567"
			},
			{
				"_name": "4",
				"_id": "5b44cad286f77402a54ae7ea",
				"_parent": "5b44cad286f77402a54ae7e5",
				"_props": {
					"filters": [
						{
							"Filter": [
								"54009119af1c881c07000029"
							],
							"ExcludedFilter": [
								"5448bf274bdc2dfc2f8b456a"
							]
						}
					],
					"cellsH": 1,
					"cellsV": 2,
					"minCount": 0,
					"maxCount": 0,
					"maxWeight": 0
				},
				"_proto": "55d329c24bdc2d892f8b4567"
			},
			{
				"_name": "5",
				"_id": "5b44cad286f77402a54ae7eb",
				"_parent": "5b44cad286f77402a54ae7e5",
				"_props": {
					"filters": [
						{
							"Filter": [
								"54009119af1c881c07000029"
							],
							"ExcludedFilter": [
								"5448bf274bdc2dfc2f8b456a"
							]
						}
					],
					"cellsH": 1,
					"cellsV": 1,
					"minCount": 0,
					"maxCount": 0,
					"maxWeight": 0
				},
				"_proto": "55d329c24bdc2d892f8b4567"
			},
			{
				"_name": "6",
				"_id": "5b44cad286f77402a54ae7ec",
				"_parent": "5b44cad286f77402a54ae7e5",
				"_props": {
					"filters": [
						{
							"Filter": [
								"54009119af1c881c07000029"
							],
							"ExcludedFilter": [
								"5448bf274bdc2dfc2f8b456a"
							]
						}
					],
					"cellsH": 1,
					"cellsV": 1,
					"minCount": 0,
					"maxCount": 0,
					"maxWeight": 0
				},
				"_proto": "55d329c24bdc2d892f8b4567"
			},
			{
				"_name": "7",
				"_id": "5b44cad286f77402a54ae7ed",
				"_parent": "5b44cad286f77402a54ae7e5",
				"_props": {
					"filters": [
						{
							"Filter": [
								"54009119af1c881c07000029"
							],
							"ExcludedFilter": [
								"5448bf274bdc2dfc2f8b456a"
							]
						}
					],
					"cellsH": 1,
					"cellsV": 1,
					"minCount": 0,
					"maxCount": 0,
					"maxWeight": 0
				},
				"_proto": "55d329c24bdc2d892f8b4567"
			},
			{
				"_name": "8",
				"_id": "5b44cad286f77402a54ae7ee",
				"_parent": "5b44cad286f77402a54ae7e5",
				"_props": {
					"filters": [
						{
							"Filter": [
								"54009119af1c881c07000029"
							],
							"ExcludedFilter": [
								"5448bf274bdc2dfc2f8b456a"
							]
						}
					],
					"cellsH": 1,
					"cellsV": 1,
					"minCount": 0,
					"maxCount": 0,
					"maxWeight": 0
				},
				"_proto": "55d329c24bdc2d892f8b4567"
			},
			{
				"_name": "9",
				"_id": "5b44cad286f77402a54ae7ef",
				"_parent": "5b44cad286f77402a54ae7e5",
				"_props": {
					"filters": [
						{
							"Filter": [
								"54009119af1c881c07000029"
							],
							"ExcludedFilter": [
								"5448bf274bdc2dfc2f8b456a"
							]
						}
					],
					"cellsH": 1,
					"cellsV": 2,
					"minCount": 0,
					"maxCount": 0,
					"maxWeight": 0
				},
				"_proto": "55d329c24bdc2d892f8b4567"
			},
			{
				"_name": "10",
				"_id": "5b44e5e486f774651b4aa1a5",
				"_parent": "5b44cad286f77402a54ae7e5",
				"_props": {
					"filters": [
						{
							"Filter": [
								"54009119af1c881c07000029"
							],
							"ExcludedFilter": [
								"5448bf274bdc2dfc2f8b456a"
							]
						}
					],
					"cellsH": 1,
					"cellsV": 1,
					"minCount": 0,
					"maxCount": 0,
					"maxWeight": 0
				},
				"_proto": "55d329c24bdc2d892f8b4567"
			},
			{
				"_name": "11",
				"_id": "5b44e5e786f774660552c743",
				"_parent": "5b44cad286f77402a54ae7e5",
				"_props": {
					"filters": [
						{
							"Filter": [
								"54009119af1c881c07000029"
							],
							"ExcludedFilter": [
								"5448bf274bdc2dfc2f8b456a"
							]
						}
					],
					"cellsH": 1,
					"cellsV": 1,
					"minCount": 0,
					"maxCount": 0,
					"maxWeight": 0
				},
				"_proto": "55d329c24bdc2d892f8b4567"
			},
			{
				"_name": "12",
				"_id": "5b44e5eb86f77435d101a242",
				"_parent": "5b44cad286f77402a54ae7e5",
				"_props": {
					"filters": [
						{
							"Filter": [
								"54009119af1c881c07000029"
							],
							"ExcludedFilter": [
								"5448bf274bdc2dfc2f8b456a"
							]
						}
					],
					"cellsH": 1,
					"cellsV": 2,
					"minCount": 0,
					"maxCount": 0,
					"maxWeight": 0
				},
				"_proto": "55d329c24bdc2d892f8b4567"
			}
		],
		"Slots": [],
		"CanPutIntoDuringTheRaid": true,
		"CantRemoveFromSlotsDuringRaid": [],
		"SearchSound": "looting_body_extended",
		"BlocksArmorVest": false,
		"RigLayoutName": "Carrier Tactec",
		"Durability": 50,
		"MaxDurability": 50,
		"armorZone": [
			"Chest"
		],
		"armorClass": 5,
		"speedPenaltyPercent": -7,
		"mousePenalty": -3,
		"weaponErgonomicPenalty": -3,
		"BluntThroughput": 0.13,
		"ArmorMaterial": "UHMWPE"
	},
	"_proto": "544a5caa4bdc2d1a388b4568"
}