{
	"_id": "5c0530ee86f774697952d952",
	"_name": "Item_barter_medical_transilluminator",
	"_parent": "57864c8c245977548867e7f1",
	"_type": "Item",
	"_props": {
		"Name": "Item_barter_medical_transilluminator",
		"ShortName": "Item_barter_medical_transilluminator",
		"Description": "Item_barter_medical_transilluminator",
		"Weight": 0.2,
		"BackgroundColor": "blue",
		"Width": 1,
		"Height": 1,
		"StackMaxSize": 1,
		"Rarity": "Superrare",
		"SpawnChance": 0.2,
		"CreditsPrice": 1275000,
		"ItemSound": "generic",
		"Prefab": {
			"path": "assets/content/items/barter/item_barter_medical_transilluminator/item_barter_medical_transilluminator.bundle",
			"rcid": ""
		},
		"UsePrefab": {
			"path": "",
			"rcid": ""
		},
		"StackObjectsCount": 1,
		"NotShownInSlot": false,
		"ExaminedByDefault": true,
		"ExamineTime": 1,
		"IsUndiscardable": false,
		"IsUnsaleable": false,
		"IsUnbuyable": false,
		"IsUngivable": false,
		"IsLockedafterEquip": false,
		"QuestItem": false,
		"LootExperience": 20,
		"ExamineExperience": 10,
		"HideEntrails": false,
		"RepairCost": 0,
		"RepairSpeed": 0,
		"ExtraSizeLeft": 0,
		"ExtraSizeRight": 0,
		"ExtraSizeUp": 0,
		"ExtraSizeDown": 0,
		"ExtraSizeForceAdd": false,
		"MergesWithChildren": false,
		"CanSellOnRagfair": true,
		"CanRequireOnRagfair": true,
		"BannedFromRagfair": false,
		"ConflictingItems": [],
		"FixedPrice": false,
		"Unlootable": false,
		"UnlootableFromSlot": "FirstPrimaryWeapon",
		"UnlootableFromSide": [],
		"ChangePriceCoef": 1,
		"AllowSpawnOnLocations": [
			"laboratory",
			"Shoreline",
			"Interchange"
		],
		"SendToClient": false,
		"AnimationVariantsNumber": 0,
		"DiscardingBlock": false,
		"MaxResource": 0,
		"Resource": 0
	},
	"_proto": "59e3606886f77417674759a5"
}