{
	"_id": "5d1b327086f7742525194449",
	"_name": "item_barter_building_pressuregauge",
	"_parent": "57864ada245977548638de91",
	"_type": "Item",
	"_props": {
		"Name": "item_barter_building_pressuregauge",
		"ShortName": "item_barter_building_pressuregauge",
		"Description": "item_barter_building_pressuregauge",
		"Weight": 0.8,
		"BackgroundColor": "violet",
		"Width": 2,
		"Height": 1,
		"StackMaxSize": 1,
		"Rarity": "Superrare",
		"SpawnChance": 5,
		"CreditsPrice": 91200,
		"ItemSound": "smallmetal",
		"Prefab": {
			"path": "assets/content/items/barter/item_barter_building_pressuregauge/item_barter_building_pressuregauge.bundle",
			"rcid": ""
		},
		"UsePrefab": {
			"path": "",
			"rcid": ""
		},
		"StackObjectsCount": 1,
		"NotShownInSlot": false,
		"ExaminedByDefault": true,
		"ExamineTime": 1,
		"IsUndiscardable": false,
		"IsUnsaleable": false,
		"IsUnbuyable": false,
		"IsUngivable": false,
		"IsLockedafterEquip": false,
		"QuestItem": false,
		"LootExperience": 5,
		"ExamineExperience": 10,
		"HideEntrails": false,
		"RepairCost": 0,
		"RepairSpeed": 0,
		"ExtraSizeLeft": 0,
		"ExtraSizeRight": 0,
		"ExtraSizeUp": 0,
		"ExtraSizeDown": 0,
		"ExtraSizeForceAdd": false,
		"MergesWithChildren": false,
		"CanSellOnRagfair": true,
		"CanRequireOnRagfair": true,
		"BannedFromRagfair": false,
		"ConflictingItems": [],
		"FixedPrice": false,
		"Unlootable": false,
		"UnlootableFromSlot": "FirstPrimaryWeapon",
		"UnlootableFromSide": [],
		"ChangePriceCoef": 1,
		"AllowSpawnOnLocations": [],
		"SendToClient": false,
		"AnimationVariantsNumber": 0,
		"DiscardingBlock": false,
		"MaxResource": 0,
		"Resource": 0
	},
	"_proto": "573478bc24597738002c6175"
}