{
	"_id": "5c110624d174af029e69734c",
	"_name": "thermal_spi_t7",
	"_parent": "5d21f59b6dbe99052b54ef83",
	"_type": "Item",
	"_props": {
		"Name": "hermal_spi_t7",
		"ShortName": "hermal_spi_t7",
		"Description": "hermal_spi_t7\n",
		"Weight": 0.92,
		"BackgroundColor": "red",
		"Width": 2,
		"Height": 1,
		"StackMaxSize": 1,
		"Rarity": "Not_exist",
		"SpawnChance": 1,
		"CreditsPrice": 480000,
		"ItemSound": "gear_goggles",
		"Prefab": {
			"path": "assets/content/items/equipment/customizable/thermal_spi_t7/thermal_spi_t7.bundle",
			"rcid": ""
		},
		"UsePrefab": {
			"path": "",
			"rcid": ""
		},
		"StackObjectsCount": 1,
		"NotShownInSlot": false,
		"ExaminedByDefault": true,
		"ExamineTime": 1,
		"IsUndiscardable": false,
		"IsUnsaleable": false,
		"IsUnbuyable": false,
		"IsUngivable": false,
		"IsLockedafterEquip": false,
		"QuestItem": false,
		"LootExperience": 20,
		"ExamineExperience": 10,
		"HideEntrails": false,
		"RepairCost": 0,
		"RepairSpeed": 0,
		"ExtraSizeLeft": 0,
		"ExtraSizeRight": 0,
		"ExtraSizeUp": 0,
		"ExtraSizeDown": 0,
		"ExtraSizeForceAdd": false,
		"MergesWithChildren": false,
		"CanSellOnRagfair": true,
		"CanRequireOnRagfair": true,
		"BannedFromRagfair": false,
		"ConflictingItems": [],
		"FixedPrice": false,
		"Unlootable": false,
		"UnlootableFromSlot": "FirstPrimaryWeapon",
		"UnlootableFromSide": [],
		"ChangePriceCoef": 1,
		"AllowSpawnOnLocations": [],
		"SendToClient": false,
		"AnimationVariantsNumber": 0,
		"DiscardingBlock": false,
		"Grids": [],
		"Slots": [],
		"CanPutIntoDuringTheRaid": true,
		"CantRemoveFromSlotsDuringRaid": [],
		"Durability": 100,
		"Accuracy": 0,
		"Recoil": 0,
		"Loudness": 0,
		"EffectiveDistance": 0,
		"Ergonomics": 0,
		"Velocity": 0,
		"RaidModdable": true,
		"ToolModdable": false,
		"BlocksFolding": false,
		"BlocksCollapsible": false,
		"IsAnimated": false,
		"HasShoulderContact": false,
		"SightingRange": 0,
		"sightModType": "iron",
		"variableZoom": false,
		"varZoomCount": 0,
		"varZoomAdd": 0,
		"aimingSensitivity": 0.2,
		"SightModesCount": 1,
		"OpticCalibrationDistances": [
			50,
			100,
			150,
			200
		],
		"RampPalette": "BlackHot",
		"DepthFade": 0.01,
		"RoughnessCoef": 0.0,
		"SpecularCoef": 1.0,
		"MainTexColorCoef": 1.0,
		"MinimumTemperatureValue": 0.30,
		"Intensity": 2.5,
		"DiffuseIntensity": 0.0,
		"RampShift": -0.059,
		"HeatMin": 0.55,
		"ColdMax": 0.462,
		"IsNoisy": false,
		"NoiseIntensity": 0,
		"IsFpsStuck": false,
		"IsGlitch": false,
		"IsMotionBlurred": false,
		"Mask": "Thermal",
		"MaskSize": 10,
		"IsPixelated": false,
		"PixelationBlockCount": 256
	},
	"_proto": "557ff21e4bdc2d89578b4586"
}