{
	"name": "NVSAGSFleamarket",
	"author": "Frumorn",
	"version": "1.0.0",
	"license": "None",
	"dependencies": {},
	"db": {
		"templates": {
			"items": {
				"5cdeb229d7f00c000e7ce174": "db/templates/items/5cdeb229d7f00c000e7ce174.json",
				"5d52cc5ba4b9367408500062": "db/templates/items/5d52cc5ba4b9367408500062.json",
				"5cffa483d7ad1a049e54ef1c": "db/templates/items/5cffa483d7ad1a049e54ef1c.json",
				"5d52d479a4b936793d58c76b": "db/templates/items/5d52d479a4b936793d58c76b.json",
				"5d70e500a4b9364de70d38ce": "db/templates/items/5d70e500a4b9364de70d38ce.json",
				"5cde8864d7f00c0010373be1": "db/templates/items/5cde8864d7f00c0010373be1.json",
				"5d2f2ab648f03550091993ca": "db/templates/items/5d2f2ab648f03550091993ca.json"
			}
		},
		"assort": {
			"ragfair": {
				"items": {
					"5cdeb229d7f00c000e7ce174": "db/assort/ragfair/items/5cdeb229d7f00c000e7ce174.json",
					"5d52cc5ba4b9367408500062": "db/assort/ragfair/items/5d52cc5ba4b9367408500062.json",
					"5cffa483d7ad1a049e54ef1c": "db/assort/ragfair/items/5cffa483d7ad1a049e54ef1c.json",
					"5d52d479a4b936793d58c76b": "db/assort/ragfair/items/5d52d479a4b936793d58c76b.json",
					"5d70e500a4b9364de70d38ce": "db/assort/ragfair/items/5d70e500a4b9364de70d38ce.json",
					"5cde8864d7f00c0010373be1": "db/assort/ragfair/items/5cde8864d7f00c0010373be1.json",
					"5d2f2ab648f03550091993ca": "db/assort/ragfair/items/5d2f2ab648f03550091993ca.json"
				}
			}
		}
	}
}
