{
	"name": "AllClothesForFree",
	"author": "Emu",
	"version": "1.0.0",
	"license": "MIT",
	"db": {
		"assort": {
			"579dc571d53a0658a154fbec": {
				"customization": {
					"GluharBodySuit_offer": "db/assort/579dc571d53a0658a154fbec/customization/GluharBodySuit_offer.json",
					"GluharLowerSuit_offer": "db/assort/579dc571d53a0658a154fbec/customization/GluharLowerSuit_offer.json",
					"Pants_BOSS_Shturman_offer": "db/assort/579dc571d53a0658a154fbec/customization/Pants_BOSS_Shturman_offer.json",
					"Pants_security_Flora_offer": "db/assort/579dc571d53a0658a154fbec/customization/Pants_security_Flora_offer.json",
					"Pants_security_Gorka4_offer": "db/assort/579dc571d53a0658a154fbec/customization/Pants_security_Gorka4_offer.json",
					"scav_kit_upper_meteor": "db/assort/579dc571d53a0658a154fbec/customization/scav_kit_upper_meteor.json",
					"TopSecurity_gorka4_offer": "db/assort/579dc571d53a0658a154fbec/customization/TopSecurity_gorka4_offer.json",
					"Top_security_Husky_offer": "db/assort/579dc571d53a0658a154fbec/customization/Top_security_Husky_offer.json",
					"Tshirt_security_TshirtTatu_01_offer": "db/assort/579dc571d53a0658a154fbec/customization/Tshirt_security_TshirtTatu_01_offer.json",
					"Tshirt_security_TshirtTatu_02_offer": "db/assort/579dc571d53a0658a154fbec/customization/Tshirt_security_TshirtTatu_02_offer.json",
					"wild_body_offer": "db/assort/579dc571d53a0658a154fbec/customization/wild_body_offer.json",
					"Wild_Dealmaker_body_offer": "db/assort/579dc571d53a0658a154fbec/customization/Wild_Dealmaker_body_offer.json",
					"Wild_Dealmaker_feet_offer": "db/assort/579dc571d53a0658a154fbec/customization/Wild_Dealmaker_feet_offer.json",
					"wild_feet_offer": "db/assort/579dc571d53a0658a154fbec/customization/wild_feet_offer.json",
					"wild_pmcBot_body_offer": "db/assort/579dc571d53a0658a154fbec/customization/wild_pmcBot_body_offer.json",
					"wild_pmcBot_feet_offer": "db/assort/579dc571d53a0658a154fbec/customization/wild_pmcBot_feet_offer.json",
					"wild_security_body_1_offer": "db/assort/579dc571d53a0658a154fbec/customization/wild_security_body_1_offer.json",
					"wild_security_body_2_offer": "db/assort/579dc571d53a0658a154fbec/customization/wild_security_body_2_offer.json",
					"wild_security_feet_1_offer": "db/assort/579dc571d53a0658a154fbec/customization/wild_security_feet_1_offer.json",
					"wild_Shturman_body_offer": "db/assort/579dc571d53a0658a154fbec/customization/wild_Shturman_body_offer.json"
				}
			},
			"5ac3b934156ae10c4430e83c": {
				"customization": {
					"bearkit_lower_fsburban": "db/assort/5ac3b934156ae10c4430e83c/customization/bearkit_lower_fsburban.json",
					"bearkit_lower_gorkakobra": "db/assort/5ac3b934156ae10c4430e83c/customization/bearkit_lower_gorkakobra.json",
					"bearkit_lower_gorkasso": "db/assort/5ac3b934156ae10c4430e83c/customization/bearkit_lower_gorkasso.json",
					"bearkit_lower_striker": "db/assort/5ac3b934156ae10c4430e83c/customization/bearkit_lower_striker.json",
					"bearkit_lower_summerfield": "db/assort/5ac3b934156ae10c4430e83c/customization/bearkit_lower_summerfield.json",
					"bearkit_upper_blacklynx": "db/assort/5ac3b934156ae10c4430e83c/customization/bearkit_upper_blacklynx.json",
					"bearkit_upper_contractortshirt": "db/assort/5ac3b934156ae10c4430e83c/customization/bearkit_upper_contractortshirt.json",
					"bearkit_upper_fsbfastresponse": "db/assort/5ac3b934156ae10c4430e83c/customization/bearkit_upper_fsbfastresponse.json",
					"bearkit_upper_ghostmarksman": "db/assort/5ac3b934156ae10c4430e83c/customization/bearkit_upper_ghostmarksman.json",
					"bearkit_upper_summerfield": "db/assort/5ac3b934156ae10c4430e83c/customization/bearkit_upper_summerfield.json",
					"bear_kit_lower_oldschool": "db/assort/5ac3b934156ae10c4430e83c/customization/bear_kit_lower_oldschool.json",
					"bear_kit_upper_zaslon": "db/assort/5ac3b934156ae10c4430e83c/customization/bear_kit_upper_zaslon.json",
					"bear_lower_oldschool": "db/assort/5ac3b934156ae10c4430e83c/customization/bear_lower_oldschool.json",
					"bear_upper_zaslon": "db/assort/5ac3b934156ae10c4430e83c/customization/bear_upper_zaslon.json",
					"DefaultBearLowerSuite": "db/assort/5ac3b934156ae10c4430e83c/customization/DefaultBearLowerSuite.json",
					"DefaultBearUpperSuite": "db/assort/5ac3b934156ae10c4430e83c/customization/DefaultBearUpperSuite.json",
					"DefaultUsecLowerSuite": "db/assort/5ac3b934156ae10c4430e83c/customization/DefaultUsecLowerSuite.json",
					"DefaultUsecUpperSuite": "db/assort/5ac3b934156ae10c4430e83c/customization/DefaultUsecUpperSuite.json",
					"KillaLowerSuite": "db/assort/5ac3b934156ae10c4430e83c/customization/KillaLowerSuite.json",
					"KillaUpperSuite": "db/assort/5ac3b934156ae10c4430e83c/customization/KillaUpperSuite.json",
					"SavageLowerSuite1": "db/assort/5ac3b934156ae10c4430e83c/customization/SavageLowerSuite1.json",
					"SavageLowerSuite2": "db/assort/5ac3b934156ae10c4430e83c/customization/SavageLowerSuite2.json",
					"SavageUpperSuite1": "db/assort/5ac3b934156ae10c4430e83c/customization/SavageUpperSuite1.json",
					"SavageUpperSuite2": "db/assort/5ac3b934156ae10c4430e83c/customization/SavageUpperSuite2.json",
					"scav_kit_lower_sklon": "db/assort/5ac3b934156ae10c4430e83c/customization/scav_kit_lower_sklon.json",
					"useckit_lower_gen2khyber": "db/assort/5ac3b934156ae10c4430e83c/customization/useckit_lower_gen2khyber.json",
					"useckit_lower_infiltrator": "db/assort/5ac3b934156ae10c4430e83c/customization/useckit_lower_infiltrator.json",
					"useckit_lower_jeansranger": "db/assort/5ac3b934156ae10c4430e83c/customization/useckit_lower_jeansranger.json",
					"useckit_lower_taclifeterrain": "db/assort/5ac3b934156ae10c4430e83c/customization/useckit_lower_taclifeterrain.json",
					"useckit_lower_tacres": "db/assort/5ac3b934156ae10c4430e83c/customization/useckit_lower_tacres.json",
					"useckit_upper_aggressor": "db/assort/5ac3b934156ae10c4430e83c/customization/useckit_upper_aggressor.json",
					"useckit_upper_commando": "db/assort/5ac3b934156ae10c4430e83c/customization/useckit_upper_commando.json",
					"useckit_upper_flexion": "db/assort/5ac3b934156ae10c4430e83c/customization/useckit_upper_flexion.json",
					"useckit_upper_infiltrator": "db/assort/5ac3b934156ae10c4430e83c/customization/useckit_upper_infiltrator.json",
					"useckit_upper_pcsmulticam": "db/assort/5ac3b934156ae10c4430e83c/customization/useckit_upper_pcsmulticam.json",
					"useckit_upper_pcuironsight": "db/assort/5ac3b934156ae10c4430e83c/customization/useckit_upper_pcuironsight.json",
					"usec_kit_lower_tier2": "db/assort/5ac3b934156ae10c4430e83c/customization/usec_kit_lower_tier2.json",
					"usec_lower_tier_2": "db/assort/5ac3b934156ae10c4430e83c/customization/usec_lower_tier_2.json",
					"wild_body_meteor": "db/assort/5ac3b934156ae10c4430e83c/customization/wild_body_meteor.json",
					"wild_feet_sklon": "db/assort/5ac3b934156ae10c4430e83c/customization/wild_feet_sklon.json",
					"bear_upper_telnik":"db/assort/5ac3b934156ae10c4430e83c/customization/bear_upper_telnik.json",
					"bear_lower_combat":"db/assort/5ac3b934156ae10c4430e83c/customization/bear_lower_combat.json",
					"usec_upper_tier_2":"db/assort/5ac3b934156ae10c4430e83c/customization/usec_upper_tier_2.json",
					"usec_lower_commando":"db/assort/5ac3b934156ae10c4430e83c/customization/usec_lower_commando.json"
				}
			}
		},
		"customization": {
			"5cc084dd14c02e000b0550a3": "db/customization//5cc084dd14c02e000b0550a3.json",
			"5cc0858d14c02e000c6bea66": "db/customization//5cc0858d14c02e000c6bea66.json",
			"5cc085bb14c02e000e67a5c5": "db/customization//5cc085bb14c02e000e67a5c5.json",
			"5cc0876314c02e000c6bea6b": "db/customization//5cc0876314c02e000c6bea6b.json",
			"5cc2e4d014c02e000d0115f8": "db/customization//5cc2e4d014c02e000d0115f8.json",
			"5cc2e59214c02e000f16684e": "db/customization//5cc2e59214c02e000f16684e.json",
			"5cc2e5d014c02e15d53d9c03": "db/customization//5cc2e5d014c02e15d53d9c03.json",
			"5cc2e68f14c02e28b47de290": "db/customization//5cc2e68f14c02e28b47de290.json",
			"5cd945d71388ce000a659dfb": "db/customization//5cd945d71388ce000a659dfb.json",
			"5cd946231388ce000d572fe3": "db/customization//5cd946231388ce000d572fe3.json",
			"5cde95d97d6c8b647a3769b0": "db/customization//5cde95d97d6c8b647a3769b0.json",
			"5cde95ef7d6c8b04713c4f2d": "db/customization//5cde95ef7d6c8b04713c4f2d.json",
			"5cde95fa7d6c8b04737c2d13": "db/customization//5cde95fa7d6c8b04737c2d13.json",
			"5cde96047d6c8b20b577f016": "db/customization//5cde96047d6c8b20b577f016.json",
			"5cde9e957d6c8b0474535da7": "db/customization//5cde9e957d6c8b0474535da7.json",
			"5cde9ec17d6c8b04723cf479": "db/customization//5cde9ec17d6c8b04723cf479.json",
			"5cde9f337d6c8b0474535da8": "db/customization//5cde9f337d6c8b0474535da8.json",
			"5cde9fb87d6c8b0474535da9": "db/customization//5cde9fb87d6c8b0474535da9.json",
			"5cde9ff17d6c8b0474535daa": "db/customization//5cde9ff17d6c8b0474535daa.json",
			"5cde9fff7d6c8b647a3769b1": "db/customization//5cde9fff7d6c8b647a3769b1.json",
			"5cdea20c7d6c8b0474535dab": "db/customization//5cdea20c7d6c8b0474535dab.json",
			"5cdea23c7d6c8b04723cf47b": "db/customization//5cdea23c7d6c8b04723cf47b.json",
			"5cdea30c7d6c8b04737c2d15": "db/customization//5cdea30c7d6c8b04737c2d15.json",
			"5cdea3197d6c8b20b577f017": "db/customization//5cdea3197d6c8b20b577f017.json",
			"5cdea33e7d6c8b0474535dac": "db/customization//5cdea33e7d6c8b0474535dac.json",
			"5cdea3947d6c8b04737c2d16": "db/customization//5cdea3947d6c8b04737c2d16.json",
			"5cdea3c47d6c8b0475341734": "db/customization//5cdea3c47d6c8b0475341734.json",
			"5cdea3f87d6c8b647a3769b2": "db/customization//5cdea3f87d6c8b647a3769b2.json",
			"5cdea42e7d6c8b0474535dad": "db/customization//5cdea42e7d6c8b0474535dad.json",
			"5d1f564b86f7744bcb0acd16": "db/customization//5d1f564b86f7744bcb0acd16.json",
			"5d1f565786f7743f8362bcd5": "db/customization//5d1f565786f7743f8362bcd5.json",
			"5d1f566d86f7744bcd13459a": "db/customization//5d1f566d86f7744bcd13459a.json",
			"5d1f567786f7744bcc04874f": "db/customization//5d1f567786f7744bcc04874f.json",
			"5d1f568486f7744bca3f0b98": "db/customization//5d1f568486f7744bca3f0b98.json",
			"5d1f56a686f7744bce0ee9eb": "db/customization//5d1f56a686f7744bce0ee9eb.json",
			"5d1f56c686f7744bcd13459c": "db/customization//5d1f56c686f7744bcd13459c.json",
			"5d1f56e486f7744bce0ee9ed": "db/customization//5d1f56e486f7744bce0ee9ed.json",
			"5d1f56f186f7744bcb0acd1a": "db/customization//5d1f56f186f7744bcb0acd1a.json",
			"5d1f56ff86f7743f8362bcd7": "db/customization//5d1f56ff86f7743f8362bcd7.json",
			"5d1f588e86f7744bcc048753": "db/customization//5d1f588e86f7744bcc048753.json",
			"5d1f58a086f7743f8362bcd9": "db/customization//5d1f58a086f7743f8362bcd9.json",
			"5d1f58ab86f7743014162042": "db/customization//5d1f58ab86f7743014162042.json",
			"5d1f58bd86f7744bce0ee9ef": "db/customization//5d1f58bd86f7744bce0ee9ef.json",
			"5d1f58cb86f7744bca3f0b9a": "db/customization//5d1f58cb86f7744bca3f0b9a.json",
			"5d1f58ed86f7744bcb0acd1c": "db/customization//5d1f58ed86f7744bcb0acd1c.json",
			"5d1f590486f7744bcd13459e": "db/customization//5d1f590486f7744bcd13459e.json",
			"5d1f591186f7744bcc048755": "db/customization//5d1f591186f7744bcc048755.json",
			"5d1f592286f7743f8362bcdb": "db/customization//5d1f592286f7743f8362bcdb.json",
			"5d1f593286f7743014162044": "db/customization//5d1f593286f7743014162044.json",
			"5d1f5a9786f7743014162046": "db/customization//5d1f5a9786f7743014162046.json",
			"5d1f5aa286f7744bca3f0b9c": "db/customization//5d1f5aa286f7744bca3f0b9c.json",
			"5d1f5ab286f7743f8362bcdd": "db/customization//5d1f5ab286f7743f8362bcdd.json",
			"5d1f5ac086f7744bcd1345a0": "db/customization//5d1f5ac086f7744bcd1345a0.json",
			"5d1f5aca86f7744bce0ee9f1": "db/customization//5d1f5aca86f7744bce0ee9f1.json",
			"5d1f5b0686f7743f8362bcde": "db/customization//5d1f5b0686f7743f8362bcde.json",
			"5d1f5b1986f7744bcd1345a1": "db/customization//5d1f5b1986f7744bcd1345a1.json",
			"5d1f5b3f86f7744bcd1345a2": "db/customization//5d1f5b3f86f7744bcd1345a2.json",
			"5d1f5b4886f7744bce0ee9f3": "db/customization//5d1f5b4886f7744bce0ee9f3.json",
			"5d1f5b5386f7744bcc048757": "db/customization//5d1f5b5386f7744bcc048757.json",
			"5d1f609d86f7744bca3f1689": "db/customization//5d1f609d86f7744bca3f1689.json",
			"5d1f60ae86f7744bcc04998b": "db/customization//5d1f60ae86f7744bcc04998b.json",
			"5d1f60b486f7744bcb0adfa8": "db/customization//5d1f60b486f7744bcb0adfa8.json",
			"5d1f60ca86f7743014163025": "db/customization//5d1f60ca86f7743014163025.json",
			"5d1f60f086f7744bce0ef704": "db/customization//5d1f60f086f7744bce0ef704.json",
			"5d1f622186f7744bca3f168c": "db/customization//5d1f622186f7744bca3f168c.json",
			"5d1f622e86f7744bcc04998c": "db/customization//5d1f622e86f7744bcc04998c.json",
			"5d1f623386f7744bcd135833": "db/customization//5d1f623386f7744bcd135833.json",
			"5d1f623886f7743014163027": "db/customization//5d1f623886f7743014163027.json",
			"5d1f623e86f7744bce0ef705": "db/customization//5d1f623e86f7744bce0ef705.json",
			"5d1f646286f7744bce0ef70a": "db/customization//5d1f646286f7744bce0ef70a.json",
			"5d1f646c86f7743f8362cf3f": "db/customization//5d1f646c86f7743f8362cf3f.json",
			"5d1f647186f7744bce0ef70c": "db/customization//5d1f647186f7744bce0ef70c.json",
			"5d1f647586f7744bcb0adfb0": "db/customization//5d1f647586f7744bcb0adfb0.json",
			"5d1f647a86f7744bca3f1691": "db/customization//5d1f647a86f7744bca3f1691.json",
			"5d1f647f86f7744bcc04998f": "db/customization//5d1f647f86f7744bcc04998f.json",
			"5d1f648a86f7744bcd135841": "db/customization//5d1f648a86f7744bcd135841.json",
			"5d1f648e86f774301416302b": "db/customization//5d1f648e86f774301416302b.json",
			"5d1f649286f7743f8362cf40": "db/customization//5d1f649286f7743f8362cf40.json",
			"5d1f649886f7744bce0ef70d": "db/customization//5d1f649886f7744bce0ef70d.json",
			"5d28ad6986f77429275dba22": "db/customization//5d28ad6986f77429275dba22.json",
			"5d28ad7286f7742926686182": "db/customization//5d28ad7286f7742926686182.json",
			"5d28adcb86f77429242fc893": "db/customization//5d28adcb86f77429242fc893.json",
			"5d28adfd86f774292364a6e5": "db/customization//5d28adfd86f774292364a6e5.json",
			"5d28ae2986f7742926686185": "db/customization//5d28ae2986f7742926686185.json",
			"5d28ae4986f7742926686187": "db/customization//5d28ae4986f7742926686187.json",
			"5d28af3486f774292364a6e7": "db/customization//5d28af3486f774292364a6e7.json",
			"5d28af5386f774292364a6e8": "db/customization//5d28af5386f774292364a6e8.json",
			"5d28af7886f77429275dba25": "db/customization//5d28af7886f77429275dba25.json",
			"5d28afe786f774292668618d": "db/customization//5d28afe786f774292668618d.json",
			"5d28b01486f77429242fc898": "db/customization//5d28b01486f77429242fc898.json",
			"5d28b03e86f7747f7e69ab8a": "db/customization//5d28b03e86f7747f7e69ab8a.json",
			"5d28b3a186f7747f7e69ab8c": "db/customization//5d28b3a186f7747f7e69ab8c.json",
			"5d4da0cb86f77450fe0a6629": "db/customization//5d4da0cb86f77450fe0a6629.json",
			"5d4da10986f77450fc65edc3": "db/customization//5d4da10986f77450fc65edc3.json",
			"5d4da36686f77421522b35ee": "db/customization//5d4da36686f77421522b35ee.json",
			"5d5e7c9186f774393602d6f9": "db/customization//5d5e7c9186f774393602d6f9.json",
			"5d5e7dd786f7744a7a274322": "db/customization//5d5e7dd786f7744a7a274322.json",
			"5d5e7e4a86f774279a21cc0d": "db/customization//5d5e7e4a86f774279a21cc0d.json",
			"5d5e7e5d86f774279b4f4b01": "db/customization//5d5e7e5d86f774279b4f4b01.json",
			"5d5e7e7586f77427997cfb7f": "db/customization//5d5e7e7586f77427997cfb7f.json",
			"5d5e7e8386f774393602d6fa": "db/customization//5d5e7e8386f774393602d6fa.json",
			"5d5e7f2a86f77427997cfb80": "db/customization//5d5e7f2a86f77427997cfb80.json",
			"5d5e7f3c86f7742797262063": "db/customization//5d5e7f3c86f7742797262063.json",
			"5d5e7f4986f7746956659f8a": "db/customization//5d5e7f4986f7746956659f8a.json",
			"5d5e7f8986f7742798716582": "db/customization//5d5e7f8986f7742798716582.json",
			"5d5e805d86f77439eb4c2d0e": "db/customization//5d5e805d86f77439eb4c2d0e.json",
			"5d5f8ba486f77431254e7fd2": "db/customization//5d5f8ba486f77431254e7fd2.json",
			"5df89f1f86f77412631087ea": "db/customization//5df89f1f86f77412631087ea.json",
			"5df89f8f86f77412672a1e38": "db/customization//5df89f8f86f77412672a1e38.json",
			"5df8a08886f7740bfe6df775": "db/customization//5df8a08886f7740bfe6df775.json",
			"5df8a10486f77412672a1e3a": "db/customization//5df8a10486f77412672a1e3a.json",
			"5df8a15186f77412640e2e6a": "db/customization//5df8a15186f77412640e2e6a.json",
			"5df8e5c886f7744a122d6834": "db/customization//5df8e5c886f7744a122d6834.json",
			"5df8e65d86f77412672a1e46": "db/customization//5df8e65d86f77412672a1e46.json",
			"5df8e72186f7741263108806": "db/customization//5df8e72186f7741263108806.json",
			"5df8e75786f7745c67099df4": "db/customization//5df8e75786f7745c67099df4.json",
			"5df8e76486f7740bfe6df782": "db/customization//5df8e76486f7740bfe6df782.json",
			"5df8e79286f7744a122d6836": "db/customization//5df8e79286f7744a122d6836.json",
			"5df8eac086f77412640e2ea7": "db/customization//5df8eac086f77412640e2ea7.json",
			"5df8ead786f774530571b14b": "db/customization//5df8ead786f774530571b14b.json",
			"5e4bb08f86f774069619fbbc": "db/customization//5e4bb08f86f774069619fbbc.json",
			"5e4bb1d286f77406a313ec59": "db/customization//5e4bb1d286f77406a313ec59.json",
			"5e4bb1fe86f774069342dec8": "db/customization//5e4bb1fe86f774069342dec8.json",
			"5e4bb31586f7740695730568": "db/customization//5e4bb31586f7740695730568.json",
			"5e4bb35286f77406a511c9bc": "db/customization//5e4bb35286f77406a511c9bc.json",
			"5e4bb39386f774067f79de05": "db/customization//5e4bb39386f774067f79de05.json",
			"5e4bb3b586f77406812bd579": "db/customization//5e4bb3b586f77406812bd579.json",
			"5e4bb3ee86f77406975c934e": "db/customization//5e4bb3ee86f77406975c934e.json",
			"5e4bb49586f77406a313ec5a": "db/customization//5e4bb49586f77406a313ec5a.json",
			"5e4bb5e486f77406796b7b9e": "db/customization//5e4bb5e486f77406796b7b9e.json",
			"5e4bb6d786f77406975c9364": "db/customization//5e4bb6d786f77406975c9364.json",
			"5e4bb6fc86f77406801a74f7": "db/customization//5e4bb6fc86f77406801a74f7.json",
			"5e4bb8e686f77406796b7ba2": "db/customization//5e4bb8e686f77406796b7ba2.json",
			"GluharBodySuit": "db/customization//GluharBodySuit.json",
			"GluharLowerSuit": "db/customization//GluharLowerSuit.json",
			"Pants_BOSS_Shturman": "db/customization//Pants_BOSS_Shturman.json",
			"Pants_security_Flora": "db/customization//Pants_security_Flora.json",
			"Pants_security_Gorka4": "db/customization//Pants_security_Gorka4.json",
			"TopSecurity_gorka4": "db/customization//TopSecurity_gorka4.json",
			"Top_security_Husky": "db/customization//Top_security_Husky.json",
			"Tshirt_security_TshirtTatu_01": "db/customization//Tshirt_security_TshirtTatu_01.json",
			"Tshirt_security_TshirtTatu_02": "db/customization//Tshirt_security_TshirtTatu_02.json",
			"wild_body": "db/customization//wild_body.json",
			"Wild_Dealmaker_body": "db/customization//Wild_Dealmaker_body.json",
			"Wild_Dealmaker_feet": "db/customization//Wild_Dealmaker_feet.json",
			"wild_feet": "db/customization//wild_feet.json",
			"wild_pmcBot_body": "db/customization//wild_pmcBot_body.json",
			"wild_pmcBot_feet": "db/customization//wild_pmcBot_feet.json",
			"wild_security_body_1": "db/customization//wild_security_body_1.json",
			"wild_security_body_2": "db/customization//wild_security_body_2.json",
			"wild_security_feet_1": "db/customization//wild_security_feet_1.json",
			"wild_Shturman_body": "db/customization//wild_Shturman_body.json"
		}
	}
}