{
	"Id": "Loot_jigul_garbage (1)(Clone)505972",
	"IsStatic": false,
	"useGravity": true,
	"randomRotation": false,
	"Position": {
		"x": 3.71795225,
		"y": 1.81518984,
		"z": -113.01799
	},
	"Rotation": {
		"x": -0.000142420118,
		"y": 18.5357189,
		"z": 183.296112
	},
	"IsGroupPosition": false,
	"GroupPositions": [],
	"Root": "5ec3f47521ff7644ae6a3284",
	"Items": [
		{
			"_id": "5ec3f47521ff7644ae6a3284",
			"_tpl": "5449016a4bdc2d6f028b456f",
			"upd": {
				"StackObjectsCount": 1098
			}
		}
	]
}