{
	"_id": "DrumVest",
	"_name": "DrumVest",
	"_parent": "5448e5284bdc2dcb718b4567",
	"_type": "Item",
	"_props": {
		"Name": "DrumVest",
		"ShortName": "DrumVest",
		"Description": "DrumVest",
		"Weight": 1.6,
		"BackgroundColor": "default",
		"Width": 4,
		"Height": 3,
		"StackMaxSize": 1,
		"Rarity": "Rare",
		"SpawnChance": 5,
		"CreditsPrice": 49200,
		"ItemSound": "gear_generic",
		"Prefab": {
			"path": "assets/content/items/equipment/rig_patrol/item_equipment_rig_patrol.bundle",
			"rcid": ""
		},
		"UsePrefab": {
			"path": "",
			"rcid": ""
		},
		"StackObjectsCount": 1,
		"NotShownInSlot": false,
		"ExaminedByDefault": false,
		"ExamineTime": 1,
		"IsUndiscardable": false,
		"IsUnsaleable": false,
		"IsUnbuyable": false,
		"IsUngivable": false,
		"IsLockedafterEquip": false,
		"QuestItem": false,
		"LootExperience": 20,
		"ExamineExperience": 10,
		"HideEntrails": true,
		"RepairCost": 0,
		"RepairSpeed": 0,
		"ExtraSizeLeft": 0,
		"ExtraSizeRight": 0,
		"ExtraSizeUp": 0,
		"ExtraSizeDown": 0,
		"ExtraSizeForceAdd": false,
		"MergesWithChildren": false,
		"CanSellOnRagfair": true,
		"CanRequireOnRagfair": true,
		"BannedFromRagfair": false,
		"ConflictingItems": [],
		"FixedPrice": false,
		"Unlootable": false,
		"UnlootableFromSlot": "FirstPrimaryWeapon",
		"UnlootableFromSide": [],
		"ChangePriceCoef": 1,
		"AllowSpawnOnLocations": [],
		"SendToClient": false,
		"AnimationVariantsNumber": 0,
		"DiscardingBlock": false,
		"Grids": [
			{
				"_name": "1",
				"_id": "5df8a42886f77412640e2e77",
				"_parent": "5df8a42886f77412640e2e75",
				"_props": {
					"filters": [],
					"cellsH": 2,
					"cellsV": 2,
					"minCount": 0,
					"maxCount": 0,
					"maxWeight": 0
				},
				"_proto": "55d329c24bdc2d892f8b4567"
			},
			{
				"_name": "2",
				"_id": "5df8a42886f77412640e2e78",
				"_parent": "5df8a42886f77412640e2e75",
				"_props": {
					"filters": [],
					"cellsH": 0,
					"cellsV": 0,
					"minCount": 0,
					"maxCount": 0,
					"maxWeight": 0
				},
				"_proto": "55d329c24bdc2d892f8b4567"
			},
			{
				"_name": "3",
				"_id": "5df8a42886f77412640e2e79",
				"_parent": "5df8a42886f77412640e2e75",
				"_props": {
					"filters": [],
					"cellsH": 2,
					"cellsV": 2,
					"minCount": 0,
					"maxCount": 0,
					"maxWeight": 0
				},
				"_proto": "55d329c24bdc2d892f8b4567"
			},
			{
				"_name": "4",
				"_id": "5df8a42886f77412640e2e7a",
				"_parent": "5df8a42886f77412640e2e75",
				"_props": {
					"filters": [],
					"cellsH": 0,
					"cellsV": 0,
					"minCount": 0,
					"maxCount": 0,
					"maxWeight": 0
				},
				"_proto": "55d329c24bdc2d892f8b4567"
			},
			{
				"_name": "5",
				"_id": "5df8a42886f77412640e2e7b",
				"_parent": "5df8a42886f77412640e2e75",
				"_props": {
					"filters": [],
					"cellsH": 2,
					"cellsV": 2,
					"minCount": 0,
					"maxCount": 0,
					"maxWeight": 0
				},
				"_proto": "55d329c24bdc2d892f8b4567"
			},
			{
				"_name": "6",
				"_id": "5df8a42886f77412640e2e7c",
				"_parent": "5df8a42886f77412640e2e75",
				"_props": {
					"filters": [],
					"cellsH": 0,
					"cellsV": 0,
					"minCount": 0,
					"maxCount": 0,
					"maxWeight": 0
				},
				"_proto": "55d329c24bdc2d892f8b4567"
			},
			{
				"_name": "7",
				"_id": "5df8a42886f77412640e2e7d",
				"_parent": "5df8a42886f77412640e2e75",
				"_props": {
					"filters": [],
					"cellsH": 2,
					"cellsV": 2,
					"minCount": 0,
					"maxCount": 0,
					"maxWeight": 0
				},
				"_proto": "55d329c24bdc2d892f8b4567"
			},
			{
				"_name": "8",
				"_id": "5df8a42886f77412640e2e7e",
				"_parent": "5df8a42886f77412640e2e75",
				"_props": {
					"filters": [],
					"cellsH": 0,
					"cellsV": 0,
					"minCount": 0,
					"maxCount": 0,
					"maxWeight": 0
				},
				"_proto": "55d329c24bdc2d892f8b4567"
			},
			{
				"_name": "9",
				"_id": "5df8d4bd86f7744a122d6832",
				"_parent": "5df8a42886f77412640e2e75",
				"_props": {
					"filters": [],
					"cellsH": 0,
					"cellsV": 0,
					"minCount": 0,
					"maxCount": 0,
					"maxWeight": 0
				},
				"_proto": "55d329c24bdc2d892f8b4567"
			},
			{
				"_name": "10",
				"_id": "5df8d4c986f774530571b122",
				"_parent": "5df8a42886f77412640e2e75",
				"_props": {
					"filters": [],
					"cellsH": 2,
					"cellsV": 2,
					"minCount": 0,
					"maxCount": 0,
					"maxWeight": 0
				},
				"_proto": "55d329c24bdc2d892f8b4567"
			},
			{
				"_name": "11",
				"_id": "5df8d4de86f7744a122d6833",
				"_parent": "5df8a42886f77412640e2e75",
				"_props": {
					"filters": [],
					"cellsH": 2,
					"cellsV": 2,
					"minCount": 0,
					"maxCount": 0,
					"maxWeight": 0
				},
				"_proto": "55d329c24bdc2d892f8b4567"
			},
			{
				"_name": "12",
				"_id": "5df8d4e486f774570a4e6712",
				"_parent": "5df8a42886f77412640e2e75",
				"_props": {
					"filters": [],
					"cellsH": 0,
					"cellsV": 0,
					"minCount": 0,
					"maxCount": 0,
					"maxWeight": 0
				},
				"_proto": "55d329c24bdc2d892f8b4567"
			},
			{
				"_name": "13",
				"_id": "5df8d4eb86f7745c67099df1",
				"_parent": "5df8a42886f77412640e2e75",
				"_props": {
					"filters": [],
					"cellsH": 0,
					"cellsV": 0,
					"minCount": 0,
					"maxCount": 0,
					"maxWeight": 0
				},
				"_proto": "55d329c24bdc2d892f8b4567"
			},
			{
				"_name": "14",
				"_id": "5df8d4f286f774530571b123",
				"_parent": "5df8a42886f77412640e2e75",
				"_props": {
					"filters": [],
					"cellsH": 0,
					"cellsV": 0,
					"minCount": 0,
					"maxCount": 0,
					"maxWeight": 0
				},
				"_proto": "55d329c24bdc2d892f8b4567"
			}
		],
		"Slots": [],
		"CanPutIntoDuringTheRaid": true,
		"CantRemoveFromSlotsDuringRaid": [],
		"SearchSound": "looting_body_extended",
		"BlocksArmorVest": false,
		"RigLayoutName": "mppv",
		"Durability": 0,
		"MaxDurability": 0,
		"armorZone": [],
		"armorClass": 0,
		"speedPenaltyPercent": 0,
		"mousePenalty": 0,
		"weaponErgonomicPenalty": 0,
		"BluntThroughput": 0,
		"ArmorMaterial": "UHMWPE"
	},
	"_proto": "544a5caa4bdc2d1a388b4568"
}