{
	"_id": "597a0e5786f77426d66c0636",
	"traderId": "58330581ace78e27b8b10cee",
	"location": "55f2d3fd4bdc2d5f408b4567",
	"image": "/files/quest/icon/594d247486f77426ad2fd20b.jpg",
	"type": "PickUp",
	"isKey": false,
	"restartable": false,
	"min_level": 1,
	"canShowNotificationsInGame": true,
	"rewards": {
		"Started": [],
		"Success": [
			{
				"value": "5400",
				"id": "5c94ff1286f774551617862b",
				"type": "Experience",
				"index": 0
			},
			{
				"target": "58330581ace78e27b8b10cee",
				"value": "0.08",
				"type": "TraderStanding",
				"index": 1,
				"id": "5bcf1d5b86f774378e266917"
			},
			{
				"target": "5e0ac74b9d594972a112a896",
				"value": "2",
				"id": "5a2e79ea86f77406357faa72",
				"type": "Item",
				"index": 2,
				"items": [
					{
						"_id": "5e0ac74b9d594972a112a896",
						"_tpl": "576fd4ec2459777f0b518431",
						"upd": {
							"StackObjectsCount": 2
						}
					}
				]
			},
			{
				"target": "5e0ac74b9d594972a112a897",
				"value": "17000",
				"id": "5a2e7a0486f77406357faa73",
				"type": "Item",
				"index": 3,
				"items": [
					{
						"_id": "5e0ac74b9d594972a112a897",
						"_tpl": "5449016a4bdc2d6f028b456f",
						"upd": {
							"StackObjectsCount": 17000
						}
					}
				]
			},
			{
				"target": "5c0647fdd443bc2504c2d371",
				"value": "-0.01",
				"id": "5d6e71cc86f77410d46d1e43",
				"type": "TraderStanding",
				"index": 4
			}
		],
		"Fail": []
	},
	"conditions": {
		"AvailableForStart": [],
		"AvailableForFinish": [
			{
				"_parent": "FindItem",
				"_props": {
					"target": [
						"593a87af86f774122f54a951"
					],
					"value": "1",
					"minDurability": 0,
					"index": 0,
					"parentId": "",
					"id": "597a15b386f774799e5cd152"
				}
			},
			{
				"_parent": "HandoverItem",
				"_props": {
					"target": [
						"593a87af86f774122f54a951"
					],
					"value": "1",
					"minDurability": 0,
					"index": 1,
					"parentId": "",
					"id": "597a15c386f77405ba6887d2",
					"visibilityConditions": [
						{
							"_parent": "CompleteCondition",
							"_props": {
								"target": "597a15b386f774799e5cd152",
								"id": "5a57795786f774411f6c2fc1"
							}
						}
					]
				}
			}
		],
		"Fail": []
	}
}