{
	"_id": "5b478eca86f7744642012254",
	"traderId": "58330581ace78e27b8b10cee",
	"location": "any",
	"image": "/files/quest/icon/5b478eda86f77470315db899.jpg",
	"type": "PickUp",
	"isKey": false,
	"restartable": false,
	"min_level": 1,
	"canShowNotificationsInGame": true,
	"rewards": {
		"Started": [],
		"Success": [
			{
				"value": "14100",
				"id": "5c94ff7b86f774551757f04c",
				"type": "Experience",
				"index": 0
			},
			{
				"target": "58330581ace78e27b8b10cee",
				"value": "0.10",
				"id": "5bcf1f1286f774378e266919",
				"type": "TraderStanding",
				"index": 1
			},
			{
				"target": "5e0ac74b9d594972a112a9cc",
				"value": "37000",
				"id": "5b48734386f77449bc7bc992",
				"type": "Item",
				"index": 2,
				"items": [
					{
						"_id": "5e0ac74b9d594972a112a9cc",
						"_tpl": "5449016a4bdc2d6f028b456f",
						"upd": {
							"StackObjectsCount": 37000
						}
					}
				]
			},
			{
				"target": "5e0ac74b9d594972a112a9cd",
				"value": "3",
				"id": "5b48736086f7744d06237e24",
				"type": "Item",
				"index": 3,
				"items": [
					{
						"_id": "5e0ac74b9d594972a112a9cd",
						"_tpl": "5b30b0dc5acfc400153b7124",
						"upd": {
							"StackObjectsCount": 3
						}
					}
				]
			},
			{
				"target": "5c0647fdd443bc2504c2d371",
				"value": "-0.01",
				"id": "5d6e724586f7743d5c7de898",
				"type": "TraderStanding",
				"index": 4
			}
		],
		"Fail": []
	},
	"conditions": {
		"AvailableForStart": [],
		"AvailableForFinish": [
			{
				"_parent": "FindItem",
				"_props": {
					"target": [
						"5b43237186f7742f3a4ab252"
					],
					"value": "1",
					"minDurability": 0,
					"maxDurability": 0,
					"dogtagLevel": 0,
					"index": 0,
					"parentId": "",
					"id": "5b478f6886f774464201225a"
				}
			},
			{
				"_parent": "HandoverItem",
				"_props": {
					"target": [
						"5b43237186f7742f3a4ab252"
					],
					"value": "1",
					"minDurability": 0,
					"maxDurability": 0,
					"dogtagLevel": 0,
					"index": 1,
					"parentId": "",
					"id": "5b478f8886f7744d1b23c622"
				}
			},
			{
				"_parent": "FindItem",
				"_props": {
					"target": [
						"5b4c81a086f77417d26be63f"
					],
					"value": "1",
					"minDurability": 0,
					"maxDurability": 0,
					"dogtagLevel": 0,
					"index": 2,
					"parentId": "",
					"id": "5b4c826b86f7743cc87bcee4"
				}
			},
			{
				"_parent": "HandoverItem",
				"_props": {
					"target": [
						"5b4c81a086f77417d26be63f"
					],
					"value": "1",
					"minDurability": 0,
					"maxDurability": 0,
					"dogtagLevel": 0,
					"index": 3,
					"parentId": "",
					"id": "5b4c832686f77419603eb8f0"
				}
			},
			{
				"_parent": "FindItem",
				"_props": {
					"target": [
						"5b4c81bd86f77418a75ae159"
					],
					"value": "1",
					"minDurability": 0,
					"maxDurability": 0,
					"dogtagLevel": 0,
					"index": 4,
					"parentId": "",
					"id": "5b4c82cd86f774170c6e4169"
				}
			},
			{
				"_parent": "HandoverItem",
				"_props": {
					"target": [
						"5b4c81bd86f77418a75ae159"
					],
					"value": "1",
					"minDurability": 0,
					"maxDurability": 0,
					"dogtagLevel": 0,
					"index": 5,
					"parentId": "",
					"id": "5b4c836486f77417063a09dc"
				}
			}
		],
		"Fail": []
	}
}