{
	"_id": "5d484fdf654e7600691aadf8",
	"type": 11,
	"enabled": true,
	"needsFuel": true,
	"takeFromSlotLocked": false,
	"stages": {
		"0": {
			"requirements": [],
			"bonuses": [],
			"slots": 0,
			"constructionTime": 0,
			"description": ""
		},
		"1": {
			"requirements": [
				{
					"areaType": 1,
					"requiredLevel": 2,
					"type": "Area"
				},
				{
					"areaType": 0,
					"requiredLevel": 2,
					"type": "Area"
				},
				{
					"templateId": "5c12613b86f7743bbe2c3f76",
					"count": 1,
					"isFunctional": false,
					"type": "Item"
				}
			],
			"bonuses": [
				{
					"value": -15,
					"passive": true,
					"production": false,
					"visible": true,
					"type": "ScavCooldownTimer"
				},
				{
					"value": 5,
					"passive": true,
					"production": false,
					"visible": true,
					"type": "QuestMoneyReward"
				}
			],
			"slots": 0,
			"constructionTime": 0,
			"description": ""
		},
		"2": {
			"requirements": [
				{
					"templateId": "5c12613b86f7743bbe2c3f76",
					"count": 3,
					"isFunctional": false,
					"type": "Item"
				},
				{
					"templateId": "590c621186f774138d11ea29",
					"count": 3,
					"isFunctional": false,
					"type": "Item"
				},
				{
					"templateId": "59e36c6f86f774176c10a2a7",
					"count": 4,
					"isFunctional": false,
					"type": "Item"
				},
				{
					"templateId": "590a386e86f77429692b27ab",
					"count": 4,
					"isFunctional": false,
					"type": "Item"
				},
				{
					"areaType": 1,
					"requiredLevel": 3,
					"type": "Area"
				},
				{
					"areaType": 7,
					"requiredLevel": 3,
					"type": "Area"
				},
				{
					"areaType": 8,
					"requiredLevel": 3,
					"type": "Area"
				},
				{
					"skillName": "Attention",
					"skillLevel": 3,
					"type": "Skill"
				},
				{
					"areaType": 11,
					"requiredLevel": 1,
					"type": "Area"
				},
				{
					"traderId": "5a7c2eca46aef81a7ca2145d",
					"loyaltyLevel": 2,
					"type": "TraderLoyalty"
				}
			],
			"bonuses": [
				{
					"value": 10,
					"passive": true,
					"production": false,
					"visible": true,
					"type": "QuestMoneyReward"
				},
				{
					"value": -20,
					"passive": true,
					"production": false,
					"visible": true,
					"type": "InsuranceReturnTime"
				}
			],
			"slots": 0,
			"constructionTime": 0,
			"description": ""
		},
		"3": {
			"requirements": [
				{
					"templateId": "5c052f6886f7746b1e3db148",
					"count": 2,
					"isFunctional": false,
					"type": "Item"
				},
				{
					"templateId": "5c05300686f7746dce784e5d",
					"count": 2,
					"isFunctional": false,
					"type": "Item"
				},
				{
					"templateId": "590a3efd86f77437d351a25b",
					"count": 3,
					"isFunctional": false,
					"type": "Item"
				},
				{
					"templateId": "5d0375ff86f774186372f685",
					"count": 4,
					"isFunctional": false,
					"type": "Item"
				},
				{
					"traderId": "54cb50c76803fa8b248b4571",
					"loyaltyLevel": 3,
					"type": "TraderLoyalty"
				},
				{
					"areaType": 10,
					"requiredLevel": 3,
					"type": "Area"
				},
				{
					"areaType": 4,
					"requiredLevel": 3,
					"type": "Area"
				},
				{
					"areaType": 11,
					"requiredLevel": 2,
					"type": "Area"
				}
			],
			"bonuses": [
				{
					"value": -20,
					"passive": true,
					"production": false,
					"visible": true,
					"type": "ScavCooldownTimer"
				},
				{
					"value": -30,
					"passive": true,
					"production": false,
					"visible": true,
					"type": "RagfairCommission"
				}
			],
			"slots": 0,
			"constructionTime": 0,
			"description": ""
		}
	}
}