{
	"_id": "5d484fba654e7600691aadf7",
	"type": 2,
	"enabled": true,
	"needsFuel": false,
	"takeFromSlotLocked": false,
	"stages": {
		"0": {
			"requirements": [],
			"bonuses": [],
			"slots": 0,
			"constructionTime": 0,
			"description": ""
		},
		"1": {
			"requirements": [
				{
					"templateId": "5449016a4bdc2d6f028b456f",
					"count": 2000,
					"isFunctional": false,
					"type": "Item"
				}
			],
			"bonuses": [],
			"slots": 0,
			"constructionTime": 0,
			"description": ""
		},
		"2": {
			"requirements": [
				{
					"templateId": "59e35cbb86f7741778269d83",
					"count": 3,
					"isFunctional": false,
					"type": "Item"
				},
				{
					"templateId": "59e35ef086f7741777737012",
					"count": 5,
					"isFunctional": false,
					"type": "Item"
				},
				{
					"templateId": "59e35de086f7741778269d84",
					"count": 1,
					"isFunctional": false,
					"type": "Item"
				},
				{
					"areaType": 6,
					"requiredLevel": 1,
					"type": "Area"
				},
				{
					"areaType": 0,
					"requiredLevel": 1,
					"type": "Area"
				},
				{
					"areaType": 2,
					"requiredLevel": 1,
					"type": "Area"
				}
			],
			"bonuses": [],
			"slots": 0,
			"constructionTime": 0,
			"description": ""
		},
		"3": {
			"requirements": [
				{
					"templateId": "59e35cbb86f7741778269d83",
					"count": 6,
					"isFunctional": false,
					"type": "Item"
				},
				{
					"templateId": "5d1b327086f7742525194449",
					"count": 2,
					"isFunctional": false,
					"type": "Item"
				},
				{
					"templateId": "590c2e1186f77425357b6124",
					"count": 1,
					"isFunctional": false,
					"type": "Item"
				},
				{
					"areaType": 0,
					"requiredLevel": 2,
					"type": "Area"
				},
				{
					"areaType": 6,
					"requiredLevel": 2,
					"type": "Area"
				},
				{
					"templateId": "590c346786f77423e50ed342",
					"count": 3,
					"isFunctional": false,
					"type": "Item"
				},
				{
					"areaType": 2,
					"requiredLevel": 2,
					"type": "Area"
				}
			],
			"bonuses": [],
			"slots": 0,
			"constructionTime": 0,
			"description": ""
		}
	}
}