{
	"Id": "GunsafeSpawn 1 (7)(Clone)504022",
	"IsStatic": false,
	"useGravity": true,
	"randomRotation": false,
	"Position": {
		"x": 170.963577,
		"y": 3.31660414,
		"z": 149.084137
	},
	"Rotation": {
		"x": 270,
		"y": 228.420044,
		"z": 0
	},
	"IsGroupPosition": false,
	"GroupPositions": [],
	"Root": "5ec3f47521ff7644ae6a3224",
	"Items": [
		{
			"_id": "5ec3f47521ff7644ae6a3224",
			"_tpl": "5739d41224597779c3645501"
		},
		{
			"_id": "5ec3f47521ff7644ae6a3225",
			"_tpl": "56d59d3ad2720bdb418b4577",
			"parentId": "5ec3f47521ff7644ae6a3224",
			"slotId": "cartridges",
			"upd": {
				"StackObjectsCount": 16
			}
		}
	]
}