{
    "Hydration": {
        "Current": 180,
        "Maximum": 180
    },
    "Energy": {
        "Current": 180,
        "Maximum": 180
    },
    "BodyParts": {
        "Head": {
            "Health": {
                "Current": 90,
                "Maximum": 90
            }
        },
        "Chest": {
            "Health": {
                "Current": 198,
                "Maximum": 198
            }
        },
        "Stomach": {
            "Health": {
                "Current": 180,
                "Maximum": 180
            }
        },
        "LeftArm": {
            "Health": {
                "Current": 144,
                "Maximum": 144
            }
        },
        "RightArm": {
            "Health": {
                "Current": 144,
                "Maximum": 144
            }
        },
        "LeftLeg": {
            "Health": {
                "Current": 153,
                "Maximum": 153
            }
        },
        "RightLeg": {
            "Health": {
                "Current": 153,
                "Maximum": 153
            }
        }
    }
}