{
	"Id": "GunsafeSpawn 1 (6)(Clone)503858",
	"IsStatic": false,
	"useGravity": true,
	"randomRotation": false,
	"Position": {
		"x": 170.9424,
		"y": 3.662601,
		"z": 149.1333
	},
	"Rotation": {
		"x": 270,
		"y": 329.563538,
		"z": 0
	},
	"IsGroupPosition": false,
	"GroupPositions": [],
	"Root": "5ec3f44ff1794b250e7954a2",
	"Items": [
		{
			"_id": "5ec3f44ff1794b250e7954a2",
			"_tpl": "587df583245977373c4f1129"
		},
		{
			"_id": "5ec3f44ff1794b250e7954a3",
			"_tpl": "59e4cf5286f7741778269d8a",
			"parentId": "5ec3f44ff1794b250e7954a2",
			"slotId": "cartridges",
			"upd": {
				"StackObjectsCount": 18
			}
		}
	]
}