{
	"Id": "Lootable_00000",
	"IsStatic": true,
	"useGravity": true,
	"randomRotation": false,
	"Position": {
		"x": 0,
		"y": 0,
		"z": 0
	},
	"Rotation": {
		"x": 0,
		"y": 0,
		"z": 0
	},
	"IsGroupPosition": false,
	"GroupPositions": [],
	"Root": "5ec3f451f1794b250e795685",
	"Items": [
		{
			"_id": "5ec3f451f1794b250e795685",
			"_tpl": "578f87ad245977356274f2cc"
		},
		{
			"_id": "5ec3f451f1794b250e795686",
			"_tpl": "5addbb6e5acfc408fb1393fd",
			"parentId": "5ec3f451f1794b250e795685",
			"slotId": "main",
			"location": {
				"x": 0,
				"y": 0,
				"r": 0
			}
		},
		{
			"_id": "5ec3f451f1794b250e795687",
			"_tpl": "58272d7f2459774f6311ddfd",
			"parentId": "5ec3f451f1794b250e795685",
			"slotId": "main",
			"location": {
				"x": 1,
				"y": 0,
				"r": 0
			}
		}
	]
}