{
	"Id": "Lootable_00000",
	"IsStatic": true,
	"useGravity": true,
	"randomRotation": false,
	"Position": {
		"x": 0,
		"y": 0,
		"z": 0
	},
	"Rotation": {
		"x": 0,
		"y": 0,
		"z": 0
	},
	"IsGroupPosition": false,
	"GroupPositions": [],
	"Root": "5ec3f4474782e749ea3f78ab",
	"Items": [
		{
			"_id": "5ec3f4474782e749ea3f78ab",
			"_tpl": "578f87ad245977356274f2cc"
		},
		{
			"_id": "5ec3f4474782e749ea3f78ac",
			"_tpl": "590c657e86f77412b013051d",
			"parentId": "5ec3f4474782e749ea3f78ab",
			"slotId": "main",
			"location": {
				"x": 0,
				"y": 0,
				"r": 0
			}
		},
		{
			"_id": "5ec3f4474782e749ea3f78ad",
			"_tpl": "56dff3afd2720bba668b4567",
			"parentId": "5ec3f4474782e749ea3f78ab",
			"slotId": "main",
			"location": {
				"x": 2,
				"y": 0,
				"r": 0
			},
			"upd": {
				"StackObjectsCount": 55
			}
		}
	]
}