{
	"Id": "Lootable_00000",
	"IsStatic": true,
	"useGravity": true,
	"randomRotation": false,
	"Position": {
		"x": 0,
		"y": 0,
		"z": 0
	},
	"Rotation": {
		"x": 0,
		"y": 0,
		"z": 0
	},
	"IsGroupPosition": false,
	"GroupPositions": [],
	"Root": "5ec3f47d4782e749ea3f8440",
	"Items": [
		{
			"_id": "5ec3f47d4782e749ea3f8440",
			"_tpl": "578f87ad245977356274f2cc"
		},
		{
			"_id": "5ec3f47d4782e749ea3f8441",
			"_tpl": "55f84c3c4bdc2d5f408b4576",
			"parentId": "5ec3f47d4782e749ea3f8440",
			"slotId": "main",
			"location": {
				"x": 0,
				"y": 0,
				"r": 0
			}
		},
		{
			"_id": "5ec3f47d4782e749ea3f8442",
			"_tpl": "56dff061d2720bb5668b4567",
			"parentId": "5ec3f47d4782e749ea3f8440",
			"slotId": "main",
			"location": {
				"x": 2,
				"y": 0,
				"r": 0
			},
			"upd": {
				"StackObjectsCount": 35
			}
		}
	]
}