{
	"Id": "Lootable_00000",
	"IsStatic": true,
	"useGravity": true,
	"randomRotation": false,
	"Position": {
		"x": 0,
		"y": 0,
		"z": 0
	},
	"Rotation": {
		"x": 0,
		"y": 0,
		"z": 0
	},
	"IsGroupPosition": false,
	"GroupPositions": [],
	"Root": "5ec3f47721ff7644ae6a33fa",
	"Items": [
		{
			"_id": "5ec3f47721ff7644ae6a33fa",
			"_tpl": "578f87ad245977356274f2cc"
		},
		{
			"_id": "5ec3f47721ff7644ae6a33fb",
			"_tpl": "593d490386f7745ee97a1555",
			"parentId": "5ec3f47721ff7644ae6a33fa",
			"slotId": "main",
			"location": {
				"x": 0,
				"y": 0,
				"r": 0
			}
		}
	]
}