{
	"_id": "5935c25fb3acc3127c3d8cd9",
	"working": true,
	"customization_seller": false,
	"name": "Тадеуш",
	"surname": "Peacekeeper",
	"nickname": "Миротворец",
	"location": "Предпортовая",
	"avatar": "/files/trader/avatar/5935c25fb3acc3127c3d8cd9.jpg",
	"balance_rub": 0,
	"balance_dol": 700000,
	"balance_eur": 0,
	"display": true,
	"discount": 0,
	"discount_end": 0,
	"buyer_up": false,
	"currency": "USD",
	"supply_next_time": 1576762388,
	"repair": {
		"availability": false,
		"quality": "2",
		"excluded_id_list": [],
		"excluded_category": [],
		"price_rate": 0
	},
	"insurance": {
		"availability": false,
		"min_payment": 1000,
		"min_return_hour": 10,
		"max_return_hour": 20,
		"max_storage_time": 24,
		"excluded_category": []
	},
	"gridHeight": 160,
	"loyalty": {
		"currentLevel": 1,
		"currentStanding": 0,
		"currentSalesSum": 0,
		"loyaltyLevels": {
			"0": {
				"minLevel": 1,
				"minSalesSum": 0,
				"minStanding": 0
			}
		}
	},
	"sell_category": []
}