{
	"_id": "M14",
	"_name": "M14",
	"_parent": "5447b6194bdc2d67278b4567",
	"_type": "Item",
	"_props": {
		"Name": "M14",
		"ShortName": "M14",
		"Description": "M14",
		"Weight": 1.426,
		"BackgroundColor": "red",
		"Width": 2,
		"Height": 1,
		"StackMaxSize": 1,
		"Rarity": "Not_exist",
		"SpawnChance": 5,
		"CreditsPrice": 30264,
		"ItemSound": "weap_dmr",
		"Prefab": {
			"path": "assets/content/weapons/m1a/weapon_springfield_m1a_762x51_container.bundle",
			"rcid": ""
		},
		"UsePrefab": {
			"path": "",
			"rcid": ""
		},
		"StackObjectsCount": 1,
		"NotShownInSlot": false,
		"ExaminedByDefault": false,
		"ExamineTime": 1,
		"IsUndiscardable": false,
		"IsUnsaleable": false,
		"IsUnbuyable": false,
		"IsUngivable": false,
		"IsLockedafterEquip": false,
		"QuestItem": false,
		"LootExperience": 30,
		"ExamineExperience": 8,
		"HideEntrails": false,
		"RepairCost": 550,
		"RepairSpeed": 15,
		"ExtraSizeLeft": 0,
		"ExtraSizeRight": 0,
		"ExtraSizeUp": 0,
		"ExtraSizeDown": 0,
		"ExtraSizeForceAdd": false,
		"MergesWithChildren": true,
		"CanSellOnRagfair": true,
		"CanRequireOnRagfair": true,
		"BannedFromRagfair": false,
		"ConflictingItems": [],
		"FixedPrice": false,
		"Unlootable": false,
		"UnlootableFromSlot": "FirstPrimaryWeapon",
		"UnlootableFromSide": [],
		"ChangePriceCoef": 1,
		"AllowSpawnOnLocations": [],
		"SendToClient": false,
		"AnimationVariantsNumber": 0,
		"DiscardingBlock": false,
		"Grids": [],
		"Slots": [
			{
				"_name": "mod_magazine",
				"_id": "5aafa857e5b5b0001848096b",
				"_parent": "5aafa857e5b5b00018480968",
				"_props": {
					"filters": [
						{
							"AnimationIndex": -1,
							"Filter": [
								"5aaf8a0be5b5b00015693243",
								"5addcce35acfc4001a5fc635",
								"5addccf45acfc400185c2989"
							]
						}
					]
				},
				"_required": false,
				"_mergeSlotWithChildren": false,
				"_proto": "55d30c394bdc2dae468b4577"
			},
			{
				"_name": "mod_stock",
				"_id": "5aafa857e5b5b0001848096c",
				"_parent": "5aafa857e5b5b00018480968",
				"_props": {
					"filters": [
						{
							"Shift": 0,
							"Filter": [
								"5addc7005acfc4001669f275",
								"5ab372a310e891001717f0d8",
								"5addbf175acfc408fb13965b",
								"5aaf8e43e5b5b00015693246"
							]
						}
					]
				},
				"_required": true,
				"_mergeSlotWithChildren": false,
				"_proto": "55d30c4c4bdc2db4468b457e"
			},
			{
				"_name": "mod_barrel",
				"_id": "5aafa857e5b5b0001848096e",
				"_parent": "5aafa857e5b5b00018480968",
				"_props": {
					"filters": [
						{
							"Shift": 0,
							"Filter": [
								"5aaf9d53e5b5b00015042a52",
								"5addbac75acfc400194dbc56"
							]
						}
					]
				},
				"_required": true,
				"_mergeSlotWithChildren": false,
				"_proto": "55d30c4c4bdc2db4468b457e"
			},
			{
				"_name": "mod_sight_rear",
				"_id": "5abcbb9fd8ce87001660327a",
				"_parent": "5aafa857e5b5b00018480968",
				"_props": {
					"filters": [
						{
							"Shift": 0,
							"Filter": [
								"5abcbb20d8ce87001773e258"
							]
						}
					]
				},
				"_required": false,
				"_mergeSlotWithChildren": false,
				"_proto": "55d30c4c4bdc2db4468b457e"
			},
			{
				"_name": "mod_mount",
				"_id": "5addc6a45acfc4001714e045",
				"_parent": "5aafa857e5b5b00018480968",
				"_props": {
					"filters": [
						{
							"Shift": 0,
							"Filter": [
								"5addbfe15acfc4001a5fc58b",
								"5addbfef5acfc400185c2857"
							]
						}
					]
				},
				"_required": false,
				"_mergeSlotWithChildren": false,
				"_proto": "55d30c4c4bdc2db4468b457e"
			}
		],
		"CanPutIntoDuringTheRaid": true,
		"CantRemoveFromSlotsDuringRaid": [],
		"weapClass": "marksmanRifle",
		"weapUseType": "primary",
		"ammoCaliber": "Caliber762x51",
		"Durability": 100,
		"MaxDurability": 100,
		"OperatingResource": 4000,
		"RepairComplexity": 0,
		"durabSpawnMin": 25,
		"durabSpawnMax": 75,
		"isFastReload": true,
		"RecoilForceUp": 286,
		"RecoilForceBack": 514,
		"Convergence": 1.4,
		"RecoilAngle": 90,
		"weapFireType": [
			"single",
			"fullauto"
		],
		"RecolDispersion": 25,
		"bFirerate": 750,
		"Ergonomics": 31,
		"Velocity": 0,
		"bEffDist": 700,
		"bHearDist": 80,
		"isChamberLoad": true,
		"chamberAmmoCount": 1,
		"isBoltCatch": true,
		"defMagType": "5aaf8a0be5b5b00015693243",
		"defAmmo": "58dd3ad986f77403051cba8f",
		"shotgunDispersion": 0,
		"Chambers": [
			{
				"_name": "patron_in_weapon",
				"_id": "5aafa857e5b5b00018480970",
				"_parent": "5aafa857e5b5b00018480968",
				"_props": {
					"filters": [
						{
							"Filter": [
								"5a6086ea4f39f99cd479502f",
								"5a608bf24f39f98ffc77720e",
								"58dd3ad986f77403051cba8f",
								"5e023e53d4353e3302577c4c",
								"5e023e6e34d52a55c3304f71",
								"5e023e88277cce2b522ff2b1"
							]
						}
					]
				},
				"_required": false,
				"_mergeSlotWithChildren": false,
				"_proto": "55d4af244bdc2d962f8b4571"
			}
		],
		"CameraRecoil": 0.2,
		"CameraSnap": 3.5,
		"ReloadMode": "ExternalMagazine",
		"CenterOfImpact": 0.02,
		"AimPlane": 0.4,
		"DeviationCurve": 1,
		"DeviationMax": 100,
		"Foldable": false,
		"Retractable": false,
		"TacticalReloadStiffnes": {
			"x": 0.95,
			"y": 0.33,
			"z": 0.95
		},
		"TacticalReloadFixation": 0.95,
		"RecoilCenter": {
			"x": 0,
			"y": -0.4,
			"z": 0.03
		},
		"RotationCenter": {
			"x": 0,
			"y": -0.1,
			"z": -0.04
		},
		"RotationCenterNoStock": {
			"x": 0,
			"y": -0.35,
			"z": -0.05
		},
		"SizeReduceRight": 0,
		"FoldedSlot": "",
		"CompactHandling": true,
		"SightingRange": 100,
		"MinRepairDegradation": 0,
		"MaxRepairDegradation": 0.01,
		"IronSightRange": 100,
		"MustBoltBeOpennedForExternalReload": false,
		"MustBoltBeOpennedForInternalReload": false,
		"BoltAction": false,
		"HipAccuracyRestorationDelay": 0.2,
		"HipAccuracyRestorationSpeed": 7,
		"HipInnaccuracyGain": 0.16,
		"ManualBoltCatch": false
	},
	"_proto": "5447a9cd4bdc2dbd208b4567"
}