{
	"name": "FenixMaps",
	"author": "Saaly",
	"version": "1.0.1",
	"license": "MIT",
	"dependencies": {},
	"db": {
		"locations": {
			"bigmap": {
				"bosses": {
					"boss_0": "db/locations/bigmap/bosses/boss_0.json",
					"boss_1": "db/locations/bigmap/bosses/boss_1.json",
					"boss_2": "db/locations/bigmap/bosses/boss_2.json",
					"boss_3": "db/locations/bigmap/bosses/boss_3.json"
				},
				"waves": {
					"wave_0": "db/locations/bigmap/waves/wave_0.json",
					"wave_1": "db/locations/bigmap/waves/wave_1.json",
					"wave_2": "db/locations/bigmap/waves/wave_2.json",
					"wave_3": "db/locations/bigmap/waves/wave_3.json",
					"wave_4": "db/locations/bigmap/waves/wave_4.json",
					"wave_5": "db/locations/bigmap/waves/wave_5.json",
					"wave_6": "db/locations/bigmap/waves/wave_6.json",
					"wave_7": "db/locations/bigmap/waves/wave_7.json",
					"wave_8": "db/locations/bigmap/waves/wave_8.json",
					"wave_9": "db/locations/bigmap/waves/wave_9.json",
					"wave_10": "db/locations/bigmap/waves/wave_10.json",
					"wave_11": "db/locations/bigmap/waves/wave_11.json",
					"wave_12": "db/locations/bigmap/waves/wave_12.json",
					"wave_13": "db/locations/bigmap/waves/wave_13.json",
					"wave_14": "db/locations/bigmap/waves/wave_14.json",
					"wave_15": "db/locations/bigmap/waves/wave_15.json",
					"wave_16": "db/locations/bigmap/waves/wave_16.json",
					"wave_17": "db/locations/bigmap/waves/wave_17.json",
					"wave_18": "db/locations/bigmap/waves/wave_18.json",
					"wave_19": "db/locations/bigmap/waves/wave_19.json",
					"wave_20": "db/locations/bigmap/waves/wave_20.json",
					"wave_21": "db/locations/bigmap/waves/wave_21.json",
					"wave_22": "db/locations/bigmap/waves/wave_22.json",
					"wave_23": "db/locations/bigmap/waves/wave_23.json",
					"wave_24": "db/locations/bigmap/waves/wave_24.json",
					"wave_25": "db/locations/bigmap/waves/wave_25.json"
				}
			},
			"factory4_day": {
				"bosses": {
					"boss_0": "db/locations/factory4_day/bosses/boss_0.json",
					"boss_1": "db/locations/factory4_day/bosses/boss_1.json",
					"boss_2": "db/locations/factory4_day/bosses/boss_2.json",
					"boss_3": "db/locations/factory4_day/bosses/boss_3.json",
					"boss_4": "db/locations/factory4_day/bosses/boss_4.json"
				},
				"waves": {
					"wave_0": "db/locations/factory4_day/waves/wave_0.json",
					"wave_1": "db/locations/factory4_day/waves/wave_1.json",
					"wave_2": "db/locations/factory4_day/waves/wave_2.json",
					"wave_3": "db/locations/factory4_day/waves/wave_3.json",
					"wave_4": "db/locations/factory4_day/waves/wave_4.json",
					"wave_5": "db/locations/factory4_day/waves/wave_5.json",
					"wave_6": "db/locations/factory4_day/waves/wave_6.json",
					"wave_7": "db/locations/factory4_day/waves/wave_7.json",
					"wave_8": "db/locations/factory4_day/waves/wave_8.json",
					"wave_9": "db/locations/factory4_day/waves/wave_9.json",
					"wave_10": "db/locations/factory4_day/waves/wave_10.json"
				}
			},
			"factory4_night": {
				"bosses": {
					"boss_0": "db/locations/factory4_night/bosses/boss_0.json",
					"boss_1": "db/locations/factory4_night/bosses/boss_1.json",
					"boss_2": "db/locations/factory4_night/bosses/boss_2.json"
				},
				"waves": {
					"wave_0": "db/locations/factory4_night/waves/wave_0.json",
					"wave_1": "db/locations/factory4_night/waves/wave_1.json",
					"wave_2": "db/locations/factory4_night/waves/wave_2.json",
					"wave_3": "db/locations/factory4_night/waves/wave_3.json",
					"wave_4": "db/locations/factory4_night/waves/wave_4.json",
					"wave_5": "db/locations/factory4_night/waves/wave_5.json",
					"wave_6": "db/locations/factory4_night/waves/wave_6.json",
					"wave_7": "db/locations/factory4_night/waves/wave_7.json",
					"wave_8": "db/locations/factory4_night/waves/wave_8.json",
					"wave_9": "db/locations/factory4_night/waves/wave_9.json",
					"wave_10": "db/locations/factory4_night/waves/wave_10.json"
				}
			},
			"interchange": {
				"bosses": {
					"boss_0": "db/locations/interchange/bosses/boss_0.json",
					"boss_1": "db/locations/interchange/bosses/boss_1.json",
					"boss_2": "db/locations/interchange/bosses/boss_2.json",
					"boss_3": "db/locations/interchange/bosses/boss_3.json"
				},
				"waves": {
					"wave_0": "db/locations/interchange/waves/wave_0.json",
					"wave_1": "db/locations/interchange/waves/wave_1.json",
					"wave_2": "db/locations/interchange/waves/wave_2.json",
					"wave_3": "db/locations/interchange/waves/wave_3.json",
					"wave_4": "db/locations/interchange/waves/wave_4.json",
					"wave_5": "db/locations/interchange/waves/wave_5.json",
					"wave_6": "db/locations/interchange/waves/wave_6.json",
					"wave_7": "db/locations/interchange/waves/wave_7.json",
					"wave_8": "db/locations/interchange/waves/wave_8.json",
					"wave_9": "db/locations/interchange/waves/wave_9.json",
					"wave_10": "db/locations/interchange/waves/wave_10.json",
					"wave_11": "db/locations/interchange/waves/wave_11.json",
					"wave_12": "db/locations/interchange/waves/wave_12.json",
					"wave_13": "db/locations/interchange/waves/wave_13.json",
					"wave_14": "db/locations/interchange/waves/wave_14.json",
					"wave_15": "db/locations/interchange/waves/wave_15.json",
					"wave_16": "db/locations/interchange/waves/wave_16.json",
					"wave_17": "db/locations/interchange/waves/wave_17.json",
					"wave_18": "db/locations/interchange/waves/wave_18.json",
					"wave_19": "db/locations/interchange/waves/wave_19.json",
					"wave_20": "db/locations/interchange/waves/wave_20.json",
					"wave_21": "db/locations/interchange/waves/wave_21.json",
					"wave_22": "db/locations/interchange/waves/wave_22.json",
					"wave_23": "db/locations/interchange/waves/wave_23.json",
					"wave_24": "db/locations/interchange/waves/wave_24.json"
				}
			},
			"laboratory": {
				"bosses": {
					"boss_0": "db/locations/laboratory/bosses/boss_0.json",
					"boss_1": "db/locations/laboratory/bosses/boss_1.json",
					"boss_2": "db/locations/laboratory/bosses/boss_2.json",
					"boss_3": "db/locations/laboratory/bosses/boss_3.json",
					"boss_4": "db/locations/laboratory/bosses/boss_4.json",
					"boss_5": "db/locations/laboratory/bosses/boss_5.json",
					"boss_6": "db/locations/laboratory/bosses/boss_6.json",
					"boss_7": "db/locations/laboratory/bosses/boss_7.json",
					"boss_8": "db/locations/laboratory/bosses/boss_8.json",
					"boss_9": "db/locations/laboratory/bosses/boss_9.json",
					"boss_10": "db/locations/laboratory/bosses/boss_10.json",
					"boss_11": "db/locations/laboratory/bosses/boss_11.json",
					"boss_12": "db/locations/laboratory/bosses/boss_12.json",
					"boss_13": "db/locations/laboratory/bosses/boss_13.json",
					"boss_14": "db/locations/laboratory/bosses/boss_14.json",
					"boss_15": "db/locations/laboratory/bosses/boss_15.json"

				},
				"waves": {
					"wave_0": "db/locations/laboratory/waves/wave_0.json",
					"wave_1": "db/locations/laboratory/waves/wave_1.json",
					"wave_2": "db/locations/laboratory/waves/wave_2.json",
					"wave_3": "db/locations/laboratory/waves/wave_3.json",
					"wave_4": "db/locations/laboratory/waves/wave_4.json",
					"wave_5": "db/locations/laboratory/waves/wave_5.json",
					"wave_6": "db/locations/laboratory/waves/wave_6.json",
					"wave_7": "db/locations/laboratory/waves/wave_7.json"
				}
			},
			"rezervbase": {
				"bosses": {
					"boss_0": "db/locations/rezervbase/bosses/boss_0.json",
					"boss_1": "db/locations/rezervbase/bosses/boss_1.json",
					"boss_2": "db/locations/rezervbase/bosses/boss_2.json",
					"boss_3": "db/locations/rezervbase/bosses/boss_3.json"
				},
				"waves": {
					"wave_0": "db/locations/rezervbase/waves/wave_0.json",
					"wave_1": "db/locations/rezervbase/waves/wave_1.json",
					"wave_2": "db/locations/rezervbase/waves/wave_2.json",
					"wave_3": "db/locations/rezervbase/waves/wave_3.json",
					"wave_4": "db/locations/rezervbase/waves/wave_4.json",
					"wave_5": "db/locations/rezervbase/waves/wave_5.json",
					"wave_6": "db/locations/rezervbase/waves/wave_6.json",
					"wave_7": "db/locations/rezervbase/waves/wave_7.json",
					"wave_8": "db/locations/rezervbase/waves/wave_8.json",
					"wave_9": "db/locations/rezervbase/waves/wave_9.json",
					"wave_10": "db/locations/rezervbase/waves/wave_10.json",
					"wave_11": "db/locations/rezervbase/waves/wave_11.json",
					"wave_12": "db/locations/rezervbase/waves/wave_12.json",
					"wave_13": "db/locations/rezervbase/waves/wave_13.json",
					"wave_14": "db/locations/rezervbase/waves/wave_14.json",
					"wave_15": "db/locations/rezervbase/waves/wave_15.json"
				}
			},
			"shoreline": {
				"bosses": {
					"boss_0": "db/locations/shoreline/bosses/boss_0.json",
					"boss_1": "db/locations/shoreline/bosses/boss_1.json",
					"boss_2": "db/locations/shoreline/bosses/boss_2.json",
					"boss_3": "db/locations/shoreline/bosses/boss_3.json"
				},
				"waves": {
					"wave_0": "db/locations/shoreline/waves/wave_0.json",
					"wave_1": "db/locations/shoreline/waves/wave_1.json",
					"wave_2": "db/locations/shoreline/waves/wave_2.json",
					"wave_3": "db/locations/shoreline/waves/wave_3.json",
					"wave_4": "db/locations/shoreline/waves/wave_4.json",
					"wave_5": "db/locations/shoreline/waves/wave_5.json",
					"wave_6": "db/locations/shoreline/waves/wave_6.json",
					"wave_7": "db/locations/shoreline/waves/wave_7.json",
					"wave_8": "db/locations/shoreline/waves/wave_8.json",
					"wave_9": "db/locations/shoreline/waves/wave_9.json",
					"wave_10": "db/locations/shoreline/waves/wave_10.json",
					"wave_11": "db/locations/shoreline/waves/wave_11.json",
					"wave_12": "db/locations/shoreline/waves/wave_12.json",
					"wave_13": "db/locations/shoreline/waves/wave_13.json",
					"wave_14": "db/locations/shoreline/waves/wave_14.json",
					"wave_15": "db/locations/shoreline/waves/wave_15.json",
					"wave_16": "db/locations/shoreline/waves/wave_16.json",
					"wave_17": "db/locations/shoreline/waves/wave_17.json",
					"wave_18": "db/locations/shoreline/waves/wave_18.json",
					"wave_19": "db/locations/shoreline/waves/wave_19.json",
					"wave_20": "db/locations/shoreline/waves/wave_20.json",
					"wave_21": "db/locations/shoreline/waves/wave_21.json",
					"wave_22": "db/locations/shoreline/waves/wave_22.json",
					"wave_23": "db/locations/shoreline/waves/wave_23.json",
					"wave_24": "db/locations/shoreline/waves/wave_24.json",
					"wave_25": "db/locations/shoreline/waves/wave_25.json",
					"wave_26": "db/locations/shoreline/waves/wave_26.json"
				}
			},
			"woods": {
				"bosses": {
					"boss_0": "db/locations/woods/bosses/boss_0.json",
					"boss_1": "db/locations/woods/bosses/boss_1.json",
					"boss_2": "db/locations/woods/bosses/boss_2.json"
				},
				"waves": {
					"wave_0": "db/locations/woods/waves/wave_0.json",
					"wave_1": "db/locations/woods/waves/wave_1.json",
					"wave_2": "db/locations/woods/waves/wave_2.json",
					"wave_3": "db/locations/woods/waves/wave_3.json",
					"wave_4": "db/locations/woods/waves/wave_4.json",
					"wave_5": "db/locations/woods/waves/wave_5.json",
					"wave_6": "db/locations/woods/waves/wave_6.json",
					"wave_7": "db/locations/woods/waves/wave_7.json",
					"wave_8": "db/locations/woods/waves/wave_8.json",
					"wave_9": "db/locations/woods/waves/wave_9.json",
					"wave_10": "db/locations/woods/waves/wave_10.json",
					"wave_11": "db/locations/woods/waves/wave_11.json",
					"wave_12": "db/locations/woods/waves/wave_12.json",
					"wave_13": "db/locations/woods/waves/wave_13.json",
					"wave_14": "db/locations/woods/waves/wave_14.json",
					"wave_15": "db/locations/woods/waves/wave_15.json",
					"wave_16": "db/locations/woods/waves/wave_16.json",
					"wave_17": "db/locations/woods/waves/wave_17.json",
					"wave_18": "db/locations/woods/waves/wave_18.json",
					"wave_19": "db/locations/woods/waves/wave_19.json",
					"wave_20": "db/locations/woods/waves/wave_20.json",
					"wave_21": "db/locations/woods/waves/wave_21.json",
					"wave_22": "db/locations/woods/waves/wave_22.json",
					"wave_23": "db/locations/woods/waves/wave_23.json",
					"wave_24": "db/locations/woods/waves/wave_24.json"
				}
			}
		}
	},
	"src": {
		"bots_f": "src/classes/bots.js"
	},
	"res": {}
}