{
    "Hydration": {
        "Current": 200,
        "Maximum": 200
    },
    "Energy": {
        "Current": 200,
        "Maximum": 200
    },
    "BodyParts": {
        "Head": {
            "Health": {
                "Current": 140,
                "Maximum": 140
            }
        },
        "Chest": {
            "Health": {
                "Current": 420,
                "Maximum": 420
            }
        },
        "Stomach": {
            "Health": {
                "Current": 340,
                "Maximum": 340
            }
        },
        "LeftArm": {
            "Health": {
                "Current": 200,
                "Maximum": 200
            }
        },
        "RightArm": {
            "Health": {
                "Current": 200,
                "Maximum": 200
            }
        },
        "LeftLeg": {
            "Health": {
                "Current": 240,
                "Maximum": 240
            }
        },
        "RightLeg": {
            "Health": {
                "Current": 240,
                "Maximum": 240
            }
        }
    }
}