{
	"Id": "Loot_gun_preset503992",
	"IsStatic": false,
	"useGravity": true,
	"randomRotation": false,
	"Position": {
		"x": 494.508,
		"y": 16.553,
		"z": 91.022
	},
	"Rotation": {
		"x": 4.26886828e-7,
		"y": 172.8011,
		"z": 270
	},
	"IsGroupPosition": false,
	"GroupPositions": [],
	"Root": "5ec3f47b4782e749ea3f82da",
	"Items": [
		{
			"_id": "5ec3f47b4782e749ea3f82da",
			"_tpl": "5447a9cd4bdc2dbd208b4567"
		},
		{
			"_id": "5ec3f47b4782e749ea3f82db",
			"_tpl": "55d4b9964bdc2d1d4e8b456e",
			"parentId": "5ec3f47b4782e749ea3f82da",
			"slotId": "mod_pistol_grip"
		},
		{
			"_id": "5ec3f47b4782e749ea3f82dc",
			"_tpl": "55d4887d4bdc2d962f8b4570",
			"parentId": "5ec3f47b4782e749ea3f82da",
			"slotId": "mod_magazine"
		},
		{
			"_id": "5ec3f47b4782e749ea3f82e7",
			"_tpl": "54527a984bdc2d4e668b4567",
			"parentId": "5ec3f47b4782e749ea3f82dc",
			"slotId": "cartridges",
			"upd": {
				"StackObjectsCount": 15
			}
		},
		{
			"_id": "5ec3f47b4782e749ea3f82dd",
			"_tpl": "55d355e64bdc2d962f8b4569",
			"parentId": "5ec3f47b4782e749ea3f82da",
			"slotId": "mod_reciever"
		},
		{
			"_id": "5ec3f47b4782e749ea3f82de",
			"_tpl": "55d3632e4bdc2d972f8b4569",
			"parentId": "5ec3f47b4782e749ea3f82dd",
			"slotId": "mod_barrel"
		},
		{
			"_id": "5ec3f47b4782e749ea3f82df",
			"_tpl": "544a38634bdc2d58388b4568",
			"parentId": "5ec3f47b4782e749ea3f82de",
			"slotId": "mod_muzzle"
		},
		{
			"_id": "5ec3f47b4782e749ea3f82e0",
			"_tpl": "56ea8d2fd2720b7c698b4570",
			"parentId": "5ec3f47b4782e749ea3f82de",
			"slotId": "mod_gas_block"
		},
		{
			"_id": "5ec3f47b4782e749ea3f82e1",
			"_tpl": "55d4af3a4bdc2d972f8b456f",
			"parentId": "5ec3f47b4782e749ea3f82e0",
			"slotId": "mod_sight_front"
		},
		{
			"_id": "5ec3f47b4782e749ea3f82e2",
			"_tpl": "55d459824bdc2d892f8b4573",
			"parentId": "5ec3f47b4782e749ea3f82dd",
			"slotId": "mod_handguard"
		},
		{
			"_id": "5ec3f47b4782e749ea3f82e3",
			"_tpl": "55d5f46a4bdc2d1b198b4567",
			"parentId": "5ec3f47b4782e749ea3f82dd",
			"slotId": "mod_sight_rear"
		},
		{
			"_id": "5ec3f47b4782e749ea3f82e4",
			"_tpl": "5649be884bdc2d79388b4577",
			"parentId": "5ec3f47b4782e749ea3f82da",
			"slotId": "mod_stock"
		},
		{
			"_id": "5ec3f47b4782e749ea3f82e5",
			"_tpl": "55d4ae6c4bdc2d8b2f8b456e",
			"parentId": "5ec3f47b4782e749ea3f82e4",
			"slotId": "mod_stock_000"
		},
		{
			"_id": "5ec3f47b4782e749ea3f82e6",
			"_tpl": "55d44fd14bdc2d962f8b456e",
			"parentId": "5ec3f47b4782e749ea3f82da",
			"slotId": "mod_charge"
		}
	]
}