{
	"Id": "Loot 19 (8)505990",
	"IsStatic": false,
	"useGravity": true,
	"randomRotation": false,
	"Position": {
		"x": 291.785,
		"y": 1.5664,
		"z": -191.529
	},
	"Rotation": {
		"x": -4.26886828e-7,
		"y": 37.8216743,
		"z": 0
	},
	"IsGroupPosition": false,
	"GroupPositions": [],
	"Root": "5ec3f44ff1794b250e7954ed",
	"Items": [
		{
			"_id": "5ec3f44ff1794b250e7954ed",
			"_tpl": "59ff346386f77477562ff5e2"
		},
		{
			"_id": "5ec3f44ff1794b250e7954ee",
			"_tpl": "59d64ec286f774171d1e0a42",
			"parentId": "5ec3f44ff1794b250e7954ed",
			"slotId": "mod_gas_block"
		},
		{
			"_id": "5ec3f44ff1794b250e7954ef",
			"_tpl": "59d64f2f86f77417193ef8b3",
			"parentId": "5ec3f44ff1794b250e7954ee",
			"slotId": "mod_handguard"
		},
		{
			"_id": "5ec3f44ff1794b250e7954f0",
			"_tpl": "59d64fc686f774171b243fe2",
			"parentId": "5ec3f44ff1794b250e7954ed",
			"slotId": "mod_muzzle"
		},
		{
			"_id": "5ec3f44ff1794b250e7954f1",
			"_tpl": "5a0071d486f77404e23a12b2",
			"parentId": "5ec3f44ff1794b250e7954ed",
			"slotId": "mod_pistol_grip_akms"
		},
		{
			"_id": "5ec3f44ff1794b250e7954f2",
			"_tpl": "59d6507c86f7741b846413a2",
			"parentId": "5ec3f44ff1794b250e7954ed",
			"slotId": "mod_reciever"
		},
		{
			"_id": "5ec3f44ff1794b250e7954f3",
			"_tpl": "59d650cf86f7741b846413a4",
			"parentId": "5ec3f44ff1794b250e7954ed",
			"slotId": "mod_sight_rear"
		},
		{
			"_id": "5ec3f44ff1794b250e7954f4",
			"_tpl": "59ff3b6a86f77477562ff5ed",
			"parentId": "5ec3f44ff1794b250e7954ed",
			"slotId": "mod_stock_akms"
		},
		{
			"_id": "5ec3f44ff1794b250e7954f5",
			"_tpl": "5a0060fc86f7745793204432",
			"parentId": "5ec3f44ff1794b250e7954ed",
			"slotId": "mod_magazine"
		},
		{
			"_id": "5ec3f44ff1794b250e7954f6",
			"_tpl": "5656d7c34bdc2d9d198b4587",
			"parentId": "5ec3f44ff1794b250e7954f5",
			"slotId": "cartridges",
			"upd": {
				"StackObjectsCount": 15
			}
		}
	]
}