{
	"Id": "Loot 158 (7)505270",
	"IsStatic": false,
	"useGravity": true,
	"randomRotation": false,
	"Position": {
		"x": 382.916,
		"y": 1.989,
		"z": -109.958
	},
	"Rotation": {
		"x": 0,
		"y": 108.541122,
		"z": 0
	},
	"IsGroupPosition": false,
	"GroupPositions": [],
	"Root": "5ec3f43c21ff7644ae6a20f8",
	"Items": [
		{
			"_id": "5ec3f43c21ff7644ae6a20f8",
			"_tpl": "59fafc9386f774067d462453"
		},
		{
			"_id": "5ec3f43c21ff7644ae6a20f9",
			"_tpl": "59e4d24686f7741776641ac7",
			"parentId": "5ec3f43c21ff7644ae6a20f8",
			"slotId": "cartridges",
			"upd": {
				"StackObjectsCount": 7
			}
		}
	]
}