{
	"Id": "Loot 138 (2)506578",
	"IsStatic": false,
	"useGravity": true,
	"randomRotation": false,
	"Position": {
		"x": 190.375,
		"y": 3.085,
		"z": 169.532
	},
	"Rotation": {
		"x": 0,
		"y": 83.1445541,
		"z": 0
	},
	"IsGroupPosition": false,
	"GroupPositions": [],
	"Root": "5ec3f43c21ff7644ae6a20ed",
	"Items": [
		{
			"_id": "5ec3f43c21ff7644ae6a20ed",
			"_tpl": "5aaa5dfee5b5b000140293d3"
		},
		{
			"_id": "5ec3f43c21ff7644ae6a20ee",
			"_tpl": "59e690b686f7746c9f75e848",
			"parentId": "5ec3f43c21ff7644ae6a20ed",
			"slotId": "cartridges",
			"upd": {
				"StackObjectsCount": 11
			}
		}
	]
}