{
	"Id": "Loot 138 (2)506578",
	"IsStatic": false,
	"useGravity": true,
	"randomRotation": false,
	"Position": {
		"x": 190.375,
		"y": 3.085,
		"z": 169.532
	},
	"Rotation": {
		"x": 0,
		"y": 83.1445541,
		"z": 0
	},
	"IsGroupPosition": false,
	"GroupPositions": [],
	"Root": "5ec3f47b4782e749ea3f8286",
	"Items": [
		{
			"_id": "5ec3f47b4782e749ea3f8286",
			"_tpl": "5cf12a15d7f00c05464b293f"
		},
		{
			"_id": "5ec3f47b4782e749ea3f8287",
			"_tpl": "5e023e88277cce2b522ff2b1",
			"parentId": "5ec3f47b4782e749ea3f8286",
			"slotId": "cartridges",
			"upd": {
				"StackObjectsCount": 12
			}
		}
	]
}