{
	"_id": "55801eed4bdc2d89578b4588",
	"_name": "weapon_izhmash_sv-98_762x54r",
	"_parent": "5447b6254bdc2dc3278b4568",
	"_type": "Item",
	"_props": {
		"Name": "Снайперская винтовка СВ-98",
		"ShortName": "СВ-98",
		"Description": "СВ-98- Российская снайперская винтовка разработанная 1998-2000 г.г. группой конструкторов под руководством В. Стронского. Серийно выпускается концерном \"Ижмаш\". Винтовка имеет магазинное питание и продольно скользящий затвор, предназначена для поражения живой силы на дистанции до 1000 м.",
		"Weight": 5.425,
		"BackgroundColor": "black",
		"Width": 6,
		"Height": 1,
		"StackMaxSize": 1,
		"Rarity": "Rare",
		"SpawnChance": 3,
		"CreditsPrice": 24989,
		"ItemSound": "weap_rifle",
		"Prefab": {
			"path": "assets/content/weapons/sv98/weapon_izhmash_sv-98_762x54r_container.bundle",
			"rcid": ""
		},
		"UsePrefab": {
			"path": "",
			"rcid": ""
		},
		"StackObjectsCount": 1,
		"NotShownInSlot": false,
		"ExaminedByDefault": true,
		"ExamineTime": 1,
		"IsUndiscardable": false,
		"IsUnsaleable": false,
		"IsUnbuyable": false,
		"IsUngivable": false,
		"IsLockedafterEquip": false,
		"QuestItem": false,
		"LootExperience": 20,
		"ExamineExperience": 10,
		"HideEntrails": false,
		"RepairCost": 560,
		"RepairSpeed": 14,
		"ExtraSizeLeft": 0,
		"ExtraSizeRight": 0,
		"ExtraSizeUp": 0,
		"ExtraSizeDown": 0,
		"ExtraSizeForceAdd": false,
		"MergesWithChildren": true,
		"CanSellOnRagfair": true,
		"CanRequireOnRagfair": true,
		"BannedFromRagfair": false,
		"ConflictingItems": [],
		"FixedPrice": false,
		"Unlootable": false,
		"UnlootableFromSlot": "FirstPrimaryWeapon",
		"UnlootableFromSide": [],
		"ChangePriceCoef": 1,
		"AllowSpawnOnLocations": [],
		"SendToClient": false,
		"AnimationVariantsNumber": 0,
		"DiscardingBlock": false,
		"Grids": [],
		"Slots": [
			{
				"_name": "mod_magazine",
				"_id": "55d5a2c34bdc2d962f8b4575",
				"_parent": "55801eed4bdc2d89578b4588",
				"_props": {
					"filters": [
						{
							"AnimationIndex": 0,
							"Filter": [
								"559ba5b34bdc2d1f1a8b4582",
								"ares76254"
							]
						}
					]
				},
				"_required": false,
				"_mergeSlotWithChildren": false,
				"_proto": "55d30c394bdc2dae468b4577"
			},
			{
				"_name": "mod_scope",
				"_id": "560bfc1d4bdc2d8b418b4573",
				"_parent": "55801eed4bdc2d89578b4588",
				"_props": {
					"filters": [
						{
							"Shift": 0,
							"Filter": [
								"57ac965c24597706be5f975c",
								"57aca93d2459771f2c7e26db",
								"544a3a774bdc2d3a388b4567",
								"5d2dc3e548f035404a1a4798",
								"57adff4f24597737f373b6e6",
								"5c0517910db83400232ffee5",
								"591c4efa86f7741030027726",
								"570fd79bd2720bc7458b4583",
								"570fd6c2d2720bc6458b457f",
								"558022b54bdc2dac148b458d",
								"5c07dd120db834001c39092d",
								"5c0a2cec0db834001b7ce47d",
								"58491f3324597764bc48fa02",
								"584924ec24597768f12ae244",
								"5b30b0dc5acfc400153b7124",
								"5d2da1e948f035477b1ce2ba",
								"5c0505e00db834001b735073",
								"584984812459776a704a82a6",
								"59f9d81586f7744c7506ee62",
								"570fd721d2720bc5458b4596",
								"57ae0171245977343c27bfcf",
								"5dfe6104585a0c3e995c7b82",
								"5d1b5e94d7ad1a2b865a96b0",
								"58d39d3d86f77445bb794ae7",
								"5c7d55f52e221644f31bff6a",
								"5b3b6dc75acfc47a8773fb1e",
								"5b2389515acfc4771e1be0c0",
								"577d128124597739d65d0e56",
								"5c86592b2e2216000e69e77c",
								"5a37ca54c4a282000d72296a",
								"5d0a29fed7ad1a002769ad08",
								"5c064c400db834001d23f468",
								"58d2664f86f7747fec5834f6",
								"57c69dd424597774c03b7bbc",
								"5b3b99265acfc4704b4a1afb",
								"5aa66a9be5b5b0214e506e89",
								"5aa66c72e5b5b00016327c93",
								"5c1cdd302e221602b3137250",
								"5b31163c5acfc400153b71cb",
								"5a33b652c4a28232996e407c",
								"5a33b2c9c4a282000c5a9511",
								"59db7eed86f77461f8380365",
								"5a1ead28fcdbcb001912fa9f",
								"5dff77c759400025ea5150cf"
							]
						}
					]
				},
				"_required": false,
				"_mergeSlotWithChildren": false,
				"_proto": "55d30c4c4bdc2db4468b457e"
			},
			{
				"_name": "mod_sight_rear",
				"_id": "560d38ae4bdc2d25448b4570",
				"_parent": "55801eed4bdc2d89578b4588",
				"_props": {
					"filters": [
						{
							"Shift": 0,
							"Filter": [
								"56083e1b4bdc2dc8488b4572"
							]
						}
					]
				},
				"_required": false,
				"_mergeSlotWithChildren": false,
				"_proto": "55d30c4c4bdc2db4468b457e"
			},
			{
				"_name": "mod_tactical",
				"_id": "560d40654bdc2d20478b457e",
				"_parent": "55801eed4bdc2d89578b4588",
				"_props": {
					"filters": [
						{
							"Shift": 0,
							"Filter": [
								"56083eab4bdc2d26448b456a"
							]
						}
					]
				},
				"_required": false,
				"_mergeSlotWithChildren": false,
				"_proto": "55d30c4c4bdc2db4468b457e"
			},
			{
				"_name": "mod_muzzle",
				"_id": "560e68f94bdc2dd7328b456c",
				"_parent": "55801eed4bdc2d89578b4588",
				"_props": {
					"filters": [
						{
							"Shift": 0,
							"Filter": [
								"560e620e4bdc2d724b8b456b",
								"5c4ee3d62e2216152006f302",
								"5c4eec9b2e2216398b5aaba2"
							]
						}
					]
				},
				"_required": false,
				"_mergeSlotWithChildren": false,
				"_proto": "55d30c4c4bdc2db4468b457e"
			},
			{
				"_name": "mod_bipod",
				"_id": "56e9949fd2720b8d4b8b45b9",
				"_parent": "55801eed4bdc2d89578b4588",
				"_props": {
					"filters": [
						{
							"Shift": 0,
							"Filter": [
								"56ea8222d2720b69698b4567"
							]
						}
					]
				},
				"_required": false,
				"_mergeSlotWithChildren": false,
				"_proto": "55d30c4c4bdc2db4468b457e"
			}
		],
		"CanPutIntoDuringTheRaid": true,
		"CantRemoveFromSlotsDuringRaid": [],
		"weapClass": "sniperRifle",
		"weapUseType": "primary",
		"ammoCaliber": "Caliber762x54R",
		"Durability": 100,
		"MaxDurability": 100,
		"OperatingResource": 3000,
		"RepairComplexity": 1,
		"durabSpawnMin": 25,
		"durabSpawnMax": 75,
		"isFastReload": true,
		"RecoilForceUp": 156,
		"RecoilForceBack": 520,
		"Convergence": 2,
		"RecoilAngle": 90,
		"weapFireType": [
			"single"
		],
		"RecolDispersion": 10,
		"bFirerate": 30,
		"Ergonomics": 39,
		"Velocity": 1.81,
		"bEffDist": 1000,
		"bHearDist": 80,
		"isChamberLoad": true,
		"chamberAmmoCount": 1,
		"isBoltCatch": true,
		"defMagType": "559ba5b34bdc2d1f1a8b4582",
		"defAmmo": "5887431f2459777e1612938f",
		"shotgunDispersion": 0,
		"Chambers": [
			{
				"_name": "patron_in_weapon",
				"_id": "56eaa903d2720b69698b456d",
				"_parent": "55801eed4bdc2d89578b4588",
				"_props": {
					"filters": [
						{
							"Filter": [
								"5e023d34e8a400319a28ed44",
								"5e023d48186a883be655e551",
								"5e023cf8186a883be655e54f",
								"59e77a2386f7742ee578960a",
								"5887431f2459777e1612938f",
								"560d61e84bdc2da74d8b4571"
							]
						}
					]
				},
				"_required": false,
				"_mergeSlotWithChildren": false,
				"_proto": "55d4af244bdc2d962f8b4571"
			}
		],
		"CameraRecoil": 0.4,
		"CameraSnap": 3.5,
		"ReloadMode": "ExternalMagazine",
		"CenterOfImpact": 0.016,
		"AimPlane": 0.25,
		"DeviationCurve": 1,
		"DeviationMax": 100,
		"Foldable": false,
		"Retractable": false,
		"TacticalReloadStiffnes": {
			"x": 0.95,
			"y": 0.33,
			"z": 0.95
		},
		"TacticalReloadFixation": 0.95,
		"RecoilCenter": {
			"x": 0,
			"y": -0.43,
			"z": 0.03
		},
		"RotationCenter": {
			"x": 0,
			"y": -0.16,
			"z": -0.06
		},
		"RotationCenterNoStock": {
			"x": 0,
			"y": 0,
			"z": 0
		},
		"SizeReduceRight": 0,
		"FoldedSlot": "",
		"CompactHandling": false,
		"SightingRange": 100,
		"MinRepairDegradation": 0,
		"MaxRepairDegradation": 0.01,
		"IronSightRange": 100,
		"MustBoltBeOpennedForExternalReload": false,
		"MustBoltBeOpennedForInternalReload": false,
		"BoltAction": true,
		"HipAccuracyRestorationDelay": 0.2,
		"HipAccuracyRestorationSpeed": 7,
		"HipInnaccuracyGain": 0.16,
		"ManualBoltCatch": false
	}
}