{
	"_id": "56dee2bdd2720bc8328b4567",
	"_name": "weapon_izhmeh_mr153_12g",
	"_parent": "5447b6094bdc2dc3278b4567",
	"_type": "Item",
	"_props": {
		"Name": "Ружье МР-153 12к",
		"ShortName": "МР-153 12к",
		"Description": "Гладкоствольное многозарядное ружьё МР-153, производства ИжМех. Надежное и удобное оружие для охоты и самообороны.",
		"Weight": 1.2,
		"BackgroundColor": "black",
		"Width": 3,
		"Height": 1,
		"StackMaxSize": 1,
		"Rarity": "Rare",
		"SpawnChance": 7,
		"CreditsPrice": 14981,
		"ItemSound": "weap_ar",
		"Prefab": {
			"path": "assets/content/weapons/mr153/weapon_izhmeh_mr153_12g_container.bundle",
			"rcid": ""
		},
		"UsePrefab": {
			"path": "",
			"rcid": ""
		},
		"StackObjectsCount": 1,
		"NotShownInSlot": false,
		"ExaminedByDefault": true,
		"ExamineTime": 1,
		"IsUndiscardable": false,
		"IsUnsaleable": false,
		"IsUnbuyable": false,
		"IsUngivable": false,
		"IsLockedafterEquip": false,
		"QuestItem": false,
		"LootExperience": 30,
		"ExamineExperience": 6,
		"HideEntrails": false,
		"RepairCost": 50,
		"RepairSpeed": 8,
		"ExtraSizeLeft": 0,
		"ExtraSizeRight": 0,
		"ExtraSizeUp": 0,
		"ExtraSizeDown": 0,
		"ExtraSizeForceAdd": false,
		"MergesWithChildren": true,
		"CanSellOnRagfair": true,
		"CanRequireOnRagfair": true,
		"BannedFromRagfair": false,
		"ConflictingItems": [],
		"FixedPrice": false,
		"Unlootable": false,
		"UnlootableFromSlot": "FirstPrimaryWeapon",
		"UnlootableFromSide": [],
		"ChangePriceCoef": 1,
		"AllowSpawnOnLocations": [],
		"SendToClient": false,
		"AnimationVariantsNumber": 0,
		"DiscardingBlock": false,
		"Grids": [],
		"Slots": [
			{
				"_name": "mod_barrel",
				"_id": "56deec06d2720bec348b4567",
				"_parent": "56dee2bdd2720bc8328b4567",
				"_props": {
					"filters": [
						{
							"Shift": 0,
							"Filter": [
								"588200af24597742fa221dfb",
								"588200c224597743990da9ed",
								"588200cf2459774414733d55",
								"56deec93d2720bec348b4568"
							]
						}
					]
				},
				"_required": true,
				"_mergeSlotWithChildren": false,
				"_proto": "55d30c4c4bdc2db4468b457e"
			},
			{
				"_name": "mod_handguard",
				"_id": "56deef95d2720b4c698b4584",
				"_parent": "56dee2bdd2720bc8328b4567",
				"_props": {
					"filters": [
						{
							"Shift": 0,
							"Filter": [
								"56deed6ed2720b4c698b4583"
							]
						}
					]
				},
				"_required": true,
				"_mergeSlotWithChildren": false,
				"_proto": "55d30c4c4bdc2db4468b457e"
			},
			{
				"_name": "mod_magazine",
				"_id": "56deefc4d2720bb1328b4568",
				"_parent": "56dee2bdd2720bc8328b4567",
				"_props": {
					"filters": [
						{
							"AnimationIndex": -1,
							"Filter": [
								"55d484b44bdc2d1d4e8b456d",
								"55d485804bdc2d8c2f8b456b",
								"56deee15d2720bee328b4567",
								"5882163e24597758206fee8c",
								"5882163824597757561aa922",
								"5882163224597757561aa920",
								"56deeefcd2720bc8328b4568",
								"ares12ga"
							]
						}
					]
				},
				"_required": true,
				"_mergeSlotWithChildren": false,
				"_proto": "55d30c394bdc2dae468b4577"
			},
			{
				"_name": "mod_stock",
				"_id": "56def02cd2720bec348b4569",
				"_parent": "56dee2bdd2720bc8328b4567",
				"_props": {
					"filters": [
						{
							"Shift": 0,
							"Filter": [
								"5bfe7fb30db8340018089fed",
								"56083a334bdc2dc8488b4571",
								"56083be64bdc2d20478b456f",
								"56083cba4bdc2de22e8b456f"
							]
						}
					]
				},
				"_required": true,
				"_mergeSlotWithChildren": false,
				"_proto": "55d30c4c4bdc2db4468b457e"
			},
			{
				"_name": "mod_mount",
				"_id": "56f2a14dd2720bc7308b45a2",
				"_parent": "56dee2bdd2720bc8328b4567",
				"_props": {
					"filters": [
						{
							"Shift": 0,
							"Filter": [
								"55d48a634bdc2d8b2f8b456a"
							]
						}
					]
				},
				"_required": false,
				"_mergeSlotWithChildren": false,
				"_proto": "55d30c4c4bdc2db4468b457e"
			},
			{
				"_name": "mod_mount_000",
				"_id": "58172a6d24597714a658fe64",
				"_parent": "56dee2bdd2720bc8328b4567",
				"_props": {
					"filters": [
						{
							"Shift": 0,
							"Filter": [
								"55d48ebc4bdc2d8c2f8b456c"
							]
						}
					]
				},
				"_required": false,
				"_mergeSlotWithChildren": false,
				"_proto": "55d30c4c4bdc2db4468b457e"
			}
		],
		"CanPutIntoDuringTheRaid": true,
		"CantRemoveFromSlotsDuringRaid": [],
		"weapClass": "shotgun",
		"weapUseType": "primary",
		"ammoCaliber": "Caliber12g",
		"Durability": 100,
		"MaxDurability": 100,
		"OperatingResource": 9000,
		"RepairComplexity": 0,
		"durabSpawnMin": 25,
		"durabSpawnMax": 75,
		"isFastReload": false,
		"RecoilForceUp": 455,
		"RecoilForceBack": 585,
		"Convergence": 2.5,
		"RecoilAngle": 90,
		"weapFireType": [
			"single"
		],
		"RecolDispersion": 15,
		"bFirerate": 40,
		"Ergonomics": 40,
		"Velocity": 0,
		"bEffDist": 70,
		"bHearDist": 1,
		"isChamberLoad": true,
		"chamberAmmoCount": 1,
		"isBoltCatch": true,
		"defMagType": "56deee15d2720bee328b4567",
		"defAmmo": "560d5e524bdc2d25448b4571",
		"shotgunDispersion": 20,
		"Chambers": [
			{
				"_name": "patron_in_weapon",
				"_id": "56deebd7d2720bbd328b4567",
				"_parent": "56dee2bdd2720bc8328b4567",
				"_props": {
					"filters": [
						{
							"Filter": [
								"560d5e524bdc2d25448b4571",
								"5d6e6772a4b936088465b17c",
								"5d6e67fba4b9361bc73bc779",
								"5d6e6806a4b936088465b17e",
								"5d6e68dea4b9361bcc29e659",
								"5d6e6911a4b9361bd5780d52",
								"5c0d591486f7744c505b416f",
								"58820d1224597753c90aeb13",
								"5d6e68c4a4b9361b93413f79",
								"5d6e68a8a4b9360b6c0d54e2",
								"5d6e68e6a4b9361c140bcfe0",
								"5d6e6869a4b9361c140bcfde",
								"5d6e68b3a4b9361bca7e50b5",
								"5d6e6891a4b9361bd473feea",
								"5d6e689ca4b9361bc8618956",
								"5d6e68d1a4b93622fe60e845"
							]
						}
					]
				},
				"_required": false,
				"_mergeSlotWithChildren": false,
				"_proto": "55d4af244bdc2d962f8b4571"
			}
		],
		"CameraRecoil": 0.3,
		"CameraSnap": 3.5,
		"ReloadMode": "InternalMagazine",
		"CenterOfImpact": 0,
		"AimPlane": 0.114,
		"DeviationCurve": 1,
		"DeviationMax": 100,
		"Foldable": false,
		"Retractable": false,
		"TacticalReloadStiffnes": {
			"x": 0.95,
			"y": 0.33,
			"z": 0.95
		},
		"TacticalReloadFixation": 0.95,
		"RecoilCenter": {
			"x": 0,
			"y": -0.3,
			"z": 0
		},
		"RotationCenter": {
			"x": 0,
			"y": -0.1,
			"z": -0.03
		},
		"RotationCenterNoStock": {
			"x": 0,
			"y": -0.25,
			"z": -0.06
		},
		"SizeReduceRight": 0,
		"FoldedSlot": "",
		"CompactHandling": true,
		"SightingRange": 100,
		"MinRepairDegradation": 0,
		"MaxRepairDegradation": 0.01,
		"IronSightRange": 25,
		"MustBoltBeOpennedForExternalReload": false,
		"MustBoltBeOpennedForInternalReload": false,
		"BoltAction": false,
		"HipAccuracyRestorationDelay": 0.2,
		"HipAccuracyRestorationSpeed": 7,
		"HipInnaccuracyGain": 0.16,
		"ManualBoltCatch": false,
		"ShotgunDispersion": 1
	},
	"_proto": "54491c4f4bdc2db1078b4568"
}