{
	"_id": "56e0598dd2720bb5668b45a6",
	"_name": "weapon_tochmash_pb_9x18pm",
	"_parent": "5447b5cf4bdc2d65278b4567",
	"_type": "Item",
	"_props": {
		"Name": "Пистолет бесшумный ПБ 9х18ПМ",
		"ShortName": "ПБ",
		"Description": "Пистолет бесшумный ПБ (Индекс ГРАУ 6П9) — был создан для вооружения армейских разведывательных групп, а также персонала КГБ СССР, принят на вооружение в 1967 году. Продолжает находиться на вооружении спецподразделений ФСБ и внутренних войск МВД РФ.",
		"Weight": 0.674,
		"BackgroundColor": "black",
		"Width": 2,
		"Height": 1,
		"StackMaxSize": 1,
		"Rarity": "Superrare",
		"SpawnChance": 2,
		"CreditsPrice": 11498,
		"ItemSound": "weap_pistol",
		"Prefab": {
			"path": "assets/content/weapons/pb/weapon_tochmash_pb_9x18pm_container.bundle",
			"rcid": ""
		},
		"UsePrefab": {
			"path": "",
			"rcid": ""
		},
		"StackObjectsCount": 1,
		"NotShownInSlot": false,
		"ExaminedByDefault": true,
		"ExamineTime": 1,
		"IsUndiscardable": false,
		"IsUnsaleable": false,
		"IsUnbuyable": false,
		"IsUngivable": false,
		"IsLockedafterEquip": false,
		"QuestItem": false,
		"LootExperience": 20,
		"ExamineExperience": 4,
		"HideEntrails": false,
		"RepairCost": 220,
		"RepairSpeed": 20,
		"ExtraSizeLeft": 0,
		"ExtraSizeRight": 0,
		"ExtraSizeUp": 0,
		"ExtraSizeDown": 0,
		"ExtraSizeForceAdd": false,
		"MergesWithChildren": true,
		"CanSellOnRagfair": true,
		"CanRequireOnRagfair": true,
		"BannedFromRagfair": false,
		"ConflictingItems": [],
		"FixedPrice": false,
		"Unlootable": false,
		"UnlootableFromSlot": "FirstPrimaryWeapon",
		"UnlootableFromSide": [],
		"ChangePriceCoef": 1,
		"AllowSpawnOnLocations": [],
		"SendToClient": false,
		"AnimationVariantsNumber": 0,
		"DiscardingBlock": false,
		"Grids": [],
		"Slots": [
			{
				"_name": "mod_magazine",
				"_id": "56e05b74d2720bb8668b4586",
				"_parent": "56e0598dd2720bb5668b45a6",
				"_props": {
					"filters": [
						{
							"AnimationIndex": -1,
							"Filter": [
								"55d485be4bdc2d962f8b456f",
								"5448c12b4bdc2d02308b456f",
								"aresPM"
							]
						}
					]
				},
				"_required": false,
				"_mergeSlotWithChildren": false,
				"_proto": "55d30c394bdc2dae468b4577"
			},
			{
				"_name": "mod_muzzle",
				"_id": "56e05b97d2720bb4668b45a7",
				"_parent": "56e0598dd2720bb5668b45a6",
				"_props": {
					"filters": [
						{
							"Shift": 0,
							"Filter": [
								"56e05b06d2720bb2668b4586"
							]
						}
					]
				},
				"_required": false,
				"_mergeSlotWithChildren": false,
				"_proto": "55d30c4c4bdc2db4468b457e"
			},
			{
				"_name": "mod_pistol_grip",
				"_id": "56e05bbed2720bba668b45a6",
				"_parent": "56e0598dd2720bb5668b45a6",
				"_props": {
					"filters": [
						{
							"Shift": 0,
							"Filter": [
								"56e05a6ed2720bd0748b4567"
							]
						}
					]
				},
				"_required": true,
				"_mergeSlotWithChildren": false,
				"_proto": "55d30c4c4bdc2db4468b457e"
			}
		],
		"CanPutIntoDuringTheRaid": true,
		"CantRemoveFromSlotsDuringRaid": [],
		"weapClass": "pistol",
		"weapUseType": "secondary",
		"ammoCaliber": "Caliber9x18PM",
		"Durability": 100,
		"MaxDurability": 100,
		"OperatingResource": 8000,
		"RepairComplexity": 0,
		"durabSpawnMin": 25,
		"durabSpawnMax": 75,
		"isFastReload": true,
		"RecoilForceUp": 455,
		"RecoilForceBack": 260,
		"Convergence": 5,
		"RecoilAngle": 85,
		"weapFireType": [
			"single"
		],
		"RecolDispersion": 20,
		"bFirerate": 30,
		"Ergonomics": 80,
		"Velocity": -13.12,
		"bEffDist": 50,
		"bHearDist": 80,
		"isChamberLoad": true,
		"chamberAmmoCount": 1,
		"isBoltCatch": true,
		"defMagType": "5448c12b4bdc2d02308b456f",
		"defAmmo": "573719762459775a626ccbc1",
		"shotgunDispersion": 10,
		"Chambers": [
			{
				"_name": "patron_in_weapon",
				"_id": "56e05a2ad2720bb4668b45a6",
				"_parent": "56e0598dd2720bb5668b45a6",
				"_props": {
					"filters": [
						{
							"Filter": [
								"573718ba2459775a75491131",
								"573719df2459775a626ccbc2",
								"57371aab2459775a77142f22",
								"57371b192459775a9f58a5e0",
								"57371e4124597760ff7b25f1",
								"57371eb62459776125652ac1",
								"57371f8d24597761006c6a81",
								"5737201124597760fc4431f1",
								"5737207f24597760ff7b25f2",
								"57371f2b24597761224311f1",
								"573719762459775a626ccbc1",
								"573720e02459776143012541",
								"57372140245977611f70ee91",
								"5737218f245977612125ba51"
							]
						}
					]
				},
				"_required": false,
				"_mergeSlotWithChildren": false,
				"_proto": "55d4af244bdc2d962f8b4571"
			}
		],
		"CameraRecoil": 0.05,
		"CameraSnap": 3.5,
		"ReloadMode": "ExternalMagazine",
		"CenterOfImpact": 0.3,
		"AimPlane": 0.026,
		"DeviationCurve": 1,
		"DeviationMax": 100,
		"Foldable": false,
		"Retractable": false,
		"TacticalReloadStiffnes": {
			"x": 0.95,
			"y": 0.33,
			"z": 0.95
		},
		"TacticalReloadFixation": 0.95,
		"RecoilCenter": {
			"x": 0,
			"y": -0.44,
			"z": -0.005
		},
		"RotationCenter": {
			"x": 0,
			"y": 0,
			"z": 0
		},
		"RotationCenterNoStock": {
			"x": 0,
			"y": -0.45,
			"z": -0.05
		},
		"SizeReduceRight": 0,
		"FoldedSlot": "",
		"CompactHandling": false,
		"SightingRange": 100,
		"MinRepairDegradation": 0,
		"MaxRepairDegradation": 0.01,
		"IronSightRange": 25,
		"MustBoltBeOpennedForExternalReload": false,
		"MustBoltBeOpennedForInternalReload": false,
		"BoltAction": false,
		"HipAccuracyRestorationDelay": 0.2,
		"HipAccuracyRestorationSpeed": 7,
		"HipInnaccuracyGain": 0.16,
		"ManualBoltCatch": false
	},
	"_proto": "5448bd6b4bdc2dfc2f8b4569"
}