{
	"_id": "59e6687d86f77411d949b251",
	"_name": "weapon_molot_akm_vpo_209_366_TKM",
	"_parent": "5447b5f14bdc2d61278b4567",
	"_type": "Item",
	"_props": {
		"Name": "weapon_molot_akm_vpo_209_366_TKM",
		"ShortName": "weapon_molot_akm_vpo_209_366_TKM",
		"Description": "weapon_molot_akm_vpo_209_366_TKM",
		"Weight": 2.092,
		"BackgroundColor": "black",
		"Width": 4,
		"Height": 1,
		"StackMaxSize": 1,
		"Rarity": "Rare",
		"SpawnChance": 20,
		"CreditsPrice": 21585,
		"ItemSound": "weap_ar",
		"Prefab": {
			"path": "assets/content/weapons/akm/weapon_molot_akm_vpo_209_366tkm_container.bundle",
			"rcid": ""
		},
		"UsePrefab": {
			"path": "",
			"rcid": ""
		},
		"StackObjectsCount": 1,
		"NotShownInSlot": false,
		"ExaminedByDefault": true,
		"ExamineTime": 1,
		"IsUndiscardable": false,
		"IsUnsaleable": false,
		"IsUnbuyable": false,
		"IsUngivable": false,
		"IsLockedafterEquip": false,
		"QuestItem": false,
		"LootExperience": 30,
		"ExamineExperience": 10,
		"HideEntrails": false,
		"RepairCost": 60,
		"RepairSpeed": 5,
		"ExtraSizeLeft": 0,
		"ExtraSizeRight": 0,
		"ExtraSizeUp": 0,
		"ExtraSizeDown": 0,
		"ExtraSizeForceAdd": false,
		"MergesWithChildren": true,
		"CanSellOnRagfair": true,
		"CanRequireOnRagfair": true,
		"BannedFromRagfair": false,
		"ConflictingItems": [],
		"FixedPrice": false,
		"Unlootable": false,
		"UnlootableFromSlot": "FirstPrimaryWeapon",
		"UnlootableFromSide": [],
		"ChangePriceCoef": 1,
		"AllowSpawnOnLocations": [],
		"SendToClient": false,
		"AnimationVariantsNumber": 0,
		"DiscardingBlock": false,
		"Grids": [],
		"Slots": [
			{
				"_name": "mod_gas_block",
				"_id": "59e6687d86f77411d949b253",
				"_parent": "59e6687d86f77411d949b251",
				"_props": {
					"filters": [
						{
							"Shift": 0,
							"Filter": [
								"5a01ad4786f77450561fda02",
								"59c6633186f7740cf0493bb9",
								"59d64ec286f774171d1e0a42",
								"59e649f986f77411d949b246",
								"5b237e425acfc4771e1be0b6",
								"59ccfdba86f7747f2109a587",
								"5cf656f2d7f00c06585fb6eb",
								"5d4aab30a4b9365435358c55"
							]
						}
					]
				},
				"_required": true,
				"_mergeSlotWithChildren": false,
				"_proto": "55d30c4c4bdc2db4468b457e"
			},
			{
				"_name": "mod_launcher",
				"_id": "59e6687d86f77411d949b254",
				"_parent": "59e6687d86f77411d949b251",
				"_props": {
					"filters": [
						{
							"Shift": 0,
							"Filter": [
								"5648b62b4bdc2d9d488b4585"
							]
						}
					]
				},
				"_required": false,
				"_mergeSlotWithChildren": false,
				"_proto": "55d30c4c4bdc2db4468b457e"
			},
			{
				"_name": "mod_muzzle",
				"_id": "59e6687d86f77411d949b255",
				"_parent": "59e6687d86f77411d949b251",
				"_props": {
					"filters": [
						{
							"Shift": 0,
							"Filter": [
								"59e8a00d86f7742ad93b569c",
								"5a9fbb74a2750c0032157181"
							]
						}
					]
				},
				"_required": false,
				"_mergeSlotWithChildren": false,
				"_proto": "55d30c4c4bdc2db4468b457e"
			},
			{
				"_name": "mod_pistol_grip",
				"_id": "59e6687d86f77411d949b256",
				"_parent": "59e6687d86f77411d949b251",
				"_props": {
					"filters": [
						{
							"Shift": 0,
							"Filter": [
								"5beec8ea0db834001a6f9dbf",
								"5649ad3f4bdc2df8348b4585",
								"5649ade84bdc2d1b2b8b4587",
								"59e62cc886f77440d40b52a1",
								"5a0071d486f77404e23a12b2",
								"57e3dba62459770f0c32322b",
								"5cf54404d7f00c108840b2ef",
								"5b30ac585acfc433000eb79c",
								"59e6318286f77444dd62c4cc",
								"5cf50850d7f00c056e24104c",
								"5cf508bfd7f00c056e24104e",
								"5947f92f86f77427344a76b1",
								"5947fa2486f77425b47c1a9b",
								"5c6bf4aa2e2216001219b0ae",
								"5649ae4a4bdc2d1b2b8b4588",
								"5998517986f7746017232f7e"
							]
						}
					]
				},
				"_required": true,
				"_mergeSlotWithChildren": false,
				"_proto": "55d30c4c4bdc2db4468b457e"
			},
			{
				"_name": "mod_reciever",
				"_id": "59e6687d86f77411d949b257",
				"_parent": "59e6687d86f77411d949b251",
				"_props": {
					"filters": [
						{
							"Shift": 0,
							"Filter": [
								"5d2c76ed48f03532f2136169",
								"5d2c770c48f0354b4a07c100",
								"59d6507c86f7741b846413a2",
								"59e6449086f7746c9f75e822",
								"5d2c772c48f0355d95672c25",
								"5649af884bdc2d1b2b8b4589"
							]
						}
					]
				},
				"_required": false,
				"_mergeSlotWithChildren": false,
				"_proto": "55d30c4c4bdc2db4468b457e"
			},
			{
				"_name": "mod_sight_rear",
				"_id": "59e6687d86f77411d949b258",
				"_parent": "59e6687d86f77411d949b251",
				"_props": {
					"filters": [
						{
							"Shift": 0,
							"Filter": [
								"59e8977386f77415a553c453",
								"5649d9a14bdc2d79388b4580"
							]
						}
					]
				},
				"_required": false,
				"_mergeSlotWithChildren": false,
				"_proto": "55d30c4c4bdc2db4468b457e"
			},
			{
				"_name": "mod_stock",
				"_id": "59e6687d86f77411d949b259",
				"_parent": "59e6687d86f77411d949b251",
				"_props": {
					"filters": [
						{
							"Shift": 0,
							"Filter": [
								"5649b0fc4bdc2d17108b4588",
								"5cbdb1b0ae9215000d50e105",
								"5649b1c04bdc2d16268b457c",
								"5cf518cfd7f00c065b422214",
								"5b04473a5acfc40018632f70",
								"59d6514b86f774171a068a08",
								"5b0e794b5acfc47a877359b2",
								"59e6227d86f77440d64f5dc2",
								"59e89d0986f77427600d226e",
								"5649b2314bdc2d79388b4576",
								"5b222d335acfc4771e1be099"
							]
						}
					]
				},
				"_required": false,
				"_mergeSlotWithChildren": false,
				"_proto": "55d30c4c4bdc2db4468b457e"
			},
			{
				"_name": "mod_magazine",
				"_id": "59e6687d86f77411d949b25a",
				"_parent": "59e6687d86f77411d949b251",
				"_props": {
					"filters": [
						{
							"AnimationIndex": -1,
							"Filter": [
								"59e5d83b86f7745aed03d262",
								"5a01c29586f77474660c694c",
								"5ac66bea5acfc43b321d4aec",
								"59d625f086f774661516605d",
								"5b1fd4e35acfc40018633c39",
								"5a0060fc86f7745793204432",
								"59e5f5a486f7746c530b3ce2",
								"5b1fb3e15acfc4001637f068",
								"59d6272486f77466146386ff",
								"5cbdc23eae9215001136a407",
								"5c6175362e221600133e3b94",
								"59fafc5086f7740dbe19f6c3",
								"59fafc9386f774067d462453",
								"5cfe8010d7ad1a59283b14c6",
								"ares76239"
							]
						}
					]
				},
				"_required": false,
				"_mergeSlotWithChildren": false,
				"_proto": "55d30c394bdc2dae468b4577"
			},
			{
				"_name": "mod_charge",
				"_id": "59e6687d86f77411d949b25b",
				"_parent": "59e6687d86f77411d949b251",
				"_props": {
					"filters": [
						{
							"Shift": 0,
							"Filter": [
								"5648ac824bdc2ded0b8b457d"
							]
						}
					]
				},
				"_required": false,
				"_mergeSlotWithChildren": false,
				"_proto": "55d30c4c4bdc2db4468b457e"
			},
			{
				"_name": "mod_sight_front",
				"_id": "5a0f0ad1fcdbcb001912fa6c",
				"_parent": "59e6687d86f77411d949b251",
				"_props": {
					"filters": [
						{
							"Shift": 0,
							"Filter": [
								"5a0f096dfcdbcb0176308b15"
							]
						}
					]
				},
				"_required": false,
				"_mergeSlotWithChildren": false,
				"_proto": "55d30c4c4bdc2db4468b457e"
			}
		],
		"CanPutIntoDuringTheRaid": true,
		"CantRemoveFromSlotsDuringRaid": [],
		"weapClass": "shotgun",
		"weapUseType": "primary",
		"ammoCaliber": "Caliber366TKM",
		"Durability": 100,
		"MaxDurability": 100,
		"OperatingResource": 3000,
		"RepairComplexity": 0,
		"durabSpawnMin": 15,
		"durabSpawnMax": 65,
		"isFastReload": true,
		"RecoilForceUp": 290,
		"RecoilForceBack": 485,
		"Convergence": 1.4,
		"RecoilAngle": 90,
		"weapFireType": [
			"single"
		],
		"RecolDispersion": 35,
		"bFirerate": 600,
		"Ergonomics": 30,
		"Velocity": 1.8,
		"bEffDist": 300,
		"bHearDist": 80,
		"isChamberLoad": true,
		"chamberAmmoCount": 1,
		"isBoltCatch": false,
		"defMagType": "59d625f086f774661516605d",
		"defAmmo": "59e6542b86f77411dc52a77a",
		"shotgunDispersion": 0,
		"Chambers": [
			{
				"_name": "patron_in_weapon",
				"_id": "59e6687d86f77411d949b252",
				"_parent": "59e6687d86f77411d949b251",
				"_props": {
					"filters": [
						{
							"Filter": [
								"59e655cb86f77411dc52a77b",
								"59e6542b86f77411dc52a77a",
								"59e6658b86f77411d949b250"
							]
						}
					]
				},
				"_required": false,
				"_mergeSlotWithChildren": false,
				"_proto": "55d4af244bdc2d962f8b4571"
			}
		],
		"CameraRecoil": 0.2,
		"CameraSnap": 3.5,
		"ReloadMode": "ExternalMagazine",
		"CenterOfImpact": 0.065,
		"AimPlane": 0.19,
		"DeviationCurve": 1,
		"DeviationMax": 100,
		"Foldable": false,
		"Retractable": false,
		"TacticalReloadStiffnes": {
			"x": 0.95,
			"y": 0.33,
			"z": 0.95
		},
		"TacticalReloadFixation": 0.95,
		"RecoilCenter": {
			"x": 0,
			"y": -0.25,
			"z": 0
		},
		"RotationCenter": {
			"x": 0,
			"y": -0.1,
			"z": -0.03
		},
		"RotationCenterNoStock": {
			"x": 0,
			"y": -0.27,
			"z": -0.08
		},
		"SizeReduceRight": 0,
		"FoldedSlot": "",
		"CompactHandling": true,
		"SightingRange": 100,
		"MinRepairDegradation": 0,
		"MaxRepairDegradation": 0.01,
		"IronSightRange": 100,
		"MustBoltBeOpennedForExternalReload": false,
		"MustBoltBeOpennedForInternalReload": false,
		"BoltAction": false,
		"HipAccuracyRestorationDelay": 0.2,
		"HipAccuracyRestorationSpeed": 7,
		"HipInnaccuracyGain": 0.16,
		"ManualBoltCatch": false
	},
	"_proto": "5447a9cd4bdc2dbd208b4567"
}