{
	"_id": "5a38e6bac4a2826c6e06d79b",
	"_name": "weapon_toz_toz-106_20g",
	"_parent": "5447b6094bdc2dc3278b4567",
	"_type": "Item",
	"_props": {
		"Name": "weapon_toz_toz-106_20g",
		"ShortName": "weapon_toz_toz-106_20g",
		"Description": "weapon_toz_toz-106_20g\n",
		"Weight": 1.3,
		"BackgroundColor": "black",
		"Width": 3,
		"Height": 1,
		"StackMaxSize": 1,
		"Rarity": "Common",
		"SpawnChance": 7,
		"CreditsPrice": 3526,
		"ItemSound": "weap_ar",
		"Prefab": {
			"path": "assets/content/weapons/toz106/weapon_toz_toz-106_20g_container.bundle",
			"rcid": ""
		},
		"UsePrefab": {
			"path": "",
			"rcid": ""
		},
		"StackObjectsCount": 1,
		"NotShownInSlot": false,
		"ExaminedByDefault": true,
		"ExamineTime": 1,
		"IsUndiscardable": false,
		"IsUnsaleable": false,
		"IsUnbuyable": false,
		"IsUngivable": false,
		"IsLockedafterEquip": false,
		"QuestItem": false,
		"LootExperience": 20,
		"ExamineExperience": 10,
		"HideEntrails": false,
		"RepairCost": 50,
		"RepairSpeed": 14,
		"ExtraSizeLeft": 0,
		"ExtraSizeRight": 0,
		"ExtraSizeUp": 0,
		"ExtraSizeDown": 0,
		"ExtraSizeForceAdd": false,
		"MergesWithChildren": true,
		"CanSellOnRagfair": true,
		"CanRequireOnRagfair": true,
		"BannedFromRagfair": false,
		"ConflictingItems": [],
		"FixedPrice": false,
		"Unlootable": false,
		"UnlootableFromSlot": "FirstPrimaryWeapon",
		"UnlootableFromSide": [],
		"ChangePriceCoef": 1,
		"AllowSpawnOnLocations": [],
		"SendToClient": false,
		"AnimationVariantsNumber": 0,
		"DiscardingBlock": false,
		"Grids": [],
		"Slots": [
			{
				"_name": "mod_magazine",
				"_id": "5a38e6bac4a2826c6e06d79c",
				"_parent": "5a38e6bac4a2826c6e06d79b",
				"_props": {
					"filters": [
						{
							"AnimationIndex": 0,
							"Filter": [
								"5a38ee51c4a282000c5a955c",
								"5a38ed75c4a28232996e40c6",
								"5c6161fb2e221600113fbde5",
								"ares20ga"
							]
						}
					]
				},
				"_required": false,
				"_mergeSlotWithChildren": false,
				"_proto": "55d30c394bdc2dae468b4577"
			},
			{
				"_name": "mod_stock",
				"_id": "5a38e7c7c4a28200741e2345",
				"_parent": "5a38e6bac4a2826c6e06d79b",
				"_props": {
					"filters": [
						{
							"Shift": 0,
							"Filter": [
								"5c99f3592e221644fc633070",
								"5adf23995acfc400185c2aeb",
								"5a38ef1fc4a282000b1521f6"
							]
						}
					]
				},
				"_required": true,
				"_mergeSlotWithChildren": false,
				"_proto": "55d30c4c4bdc2db4468b457e"
			},
			{
				"_name": "mod_mount_000",
				"_id": "5c618c2a2e22160011418d3e",
				"_parent": "5a38e6bac4a2826c6e06d79b",
				"_props": {
					"filters": [
						{
							"Shift": 0,
							"Filter": [
								"5c6162682e22160010261a2b"
							]
						}
					]
				},
				"_required": false,
				"_mergeSlotWithChildren": false,
				"_proto": "55d30c4c4bdc2db4468b457e"
			}
		],
		"CanPutIntoDuringTheRaid": true,
		"CantRemoveFromSlotsDuringRaid": [],
		"weapClass": "shotgun",
		"weapUseType": "primary",
		"ammoCaliber": "Caliber20g",
		"Durability": 100,
		"MaxDurability": 100,
		"OperatingResource": 3000,
		"RepairComplexity": 1,
		"durabSpawnMin": 25,
		"durabSpawnMax": 75,
		"isFastReload": true,
		"RecoilForceUp": 780,
		"RecoilForceBack": 650,
		"Convergence": 1,
		"RecoilAngle": 90,
		"weapFireType": [
			"single"
		],
		"RecolDispersion": 30,
		"bFirerate": 30,
		"Ergonomics": 60,
		"Velocity": 1.81,
		"bEffDist": 70,
		"bHearDist": 80,
		"isChamberLoad": true,
		"chamberAmmoCount": 1,
		"isBoltCatch": true,
		"defMagType": "5a38ee51c4a282000c5a955c",
		"defAmmo": "5a38ebd9c4a282000d722a5b",
		"shotgunDispersion": 20,
		"Chambers": [
			{
				"_name": "patron_in_weapon",
				"_id": "5a38e6bac4a2826c6e06d7a2",
				"_parent": "5a38e6bac4a2826c6e06d79b",
				"_props": {
					"filters": [
						{
							"Filter": [
								"5a38ebd9c4a282000d722a5b",
								"5d6e695fa4b936359b35d852",
								"5d6e69b9a4b9361bc8618958",
								"5d6e69c7a4b9360b6c0d54e4",
								"5d6e6a5fa4b93614ec501745",
								"5d6e6a53a4b9361bd473feec",
								"5d6e6a42a4b9364f07165f52",
								"5d6e6a05a4b93618084f58d0"
							]
						}
					]
				},
				"_required": false,
				"_mergeSlotWithChildren": false,
				"_proto": "55d4af244bdc2d962f8b4571"
			}
		],
		"CameraRecoil": 0.4,
		"CameraSnap": 3.5,
		"ReloadMode": "ExternalMagazine",
		"CenterOfImpact": 0.95,
		"AimPlane": 0.2,
		"DeviationCurve": 1,
		"DeviationMax": 100,
		"Foldable": false,
		"Retractable": false,
		"TacticalReloadStiffnes": {
			"x": 0.95,
			"y": 0.33,
			"z": 0.95
		},
		"TacticalReloadFixation": 0.95,
		"RecoilCenter": {
			"x": 0,
			"y": 0,
			"z": 0
		},
		"RotationCenter": {
			"x": 0,
			"y": 0,
			"z": 0
		},
		"RotationCenterNoStock": {
			"x": 0,
			"y": 0,
			"z": 0
		},
		"SizeReduceRight": 0,
		"FoldedSlot": "",
		"CompactHandling": true,
		"SightingRange": 100,
		"MinRepairDegradation": 0,
		"MaxRepairDegradation": 0.01,
		"IronSightRange": 25,
		"MustBoltBeOpennedForExternalReload": false,
		"MustBoltBeOpennedForInternalReload": false,
		"BoltAction": true,
		"HipAccuracyRestorationDelay": 0.2,
		"HipAccuracyRestorationSpeed": 7,
		"HipInnaccuracyGain": 0.16,
		"ManualBoltCatch": false,
		"ShotgunDispersion": 1
	},
	"_proto": "55801eed4bdc2d89578b4588"
}