{
	"_id": "5ac66cb05acfc40198510a10",
	"_name": "weapon_izhmash_ak101_556x45",
	"_parent": "5447b5f14bdc2d61278b4567",
	"_type": "Item",
	"_props": {
		"Name": "weapon_izhmash_ak101_556x45",
		"ShortName": "weapon_izhmash_ak101_556x45",
		"Description": "weapon_izhmash_ak101_556x45",
		"Weight": 2.392,
		"BackgroundColor": "black",
		"Width": 4,
		"Height": 1,
		"StackMaxSize": 1,
		"Rarity": "Not_exist",
		"SpawnChance": 30,
		"CreditsPrice": 35663,
		"ItemSound": "weap_ar",
		"Prefab": {
			"path": "assets/content/weapons/ak100/weapon_izhmash_ak101_556x45_container.bundle",
			"rcid": ""
		},
		"UsePrefab": {
			"path": "",
			"rcid": ""
		},
		"StackObjectsCount": 1,
		"NotShownInSlot": false,
		"ExaminedByDefault": true,
		"ExamineTime": 1,
		"IsUndiscardable": false,
		"IsUnsaleable": false,
		"IsUnbuyable": false,
		"IsUngivable": false,
		"IsLockedafterEquip": false,
		"QuestItem": false,
		"LootExperience": 30,
		"ExamineExperience": 10,
		"HideEntrails": false,
		"RepairCost": 60,
		"RepairSpeed": 5,
		"ExtraSizeLeft": 0,
		"ExtraSizeRight": 0,
		"ExtraSizeUp": 0,
		"ExtraSizeDown": 0,
		"ExtraSizeForceAdd": false,
		"MergesWithChildren": true,
		"CanSellOnRagfair": true,
		"CanRequireOnRagfair": true,
		"BannedFromRagfair": false,
		"ConflictingItems": [],
		"FixedPrice": false,
		"Unlootable": false,
		"UnlootableFromSlot": "FirstPrimaryWeapon",
		"UnlootableFromSide": [],
		"ChangePriceCoef": 1,
		"AllowSpawnOnLocations": [],
		"SendToClient": false,
		"AnimationVariantsNumber": 0,
		"DiscardingBlock": false,
		"Grids": [],
		"Slots": [
			{
				"_name": "mod_gas_block",
				"_id": "5ac66cb05acfc40198510a13",
				"_parent": "5ac66cb05acfc40198510a10",
				"_props": {
					"filters": [
						{
							"Shift": 0,
							"Filter": [
								"5a01ad4786f77450561fda02",
								"59c6633186f7740cf0493bb9",
								"59d64ec286f774171d1e0a42",
								"59e649f986f77411d949b246",
								"5b237e425acfc4771e1be0b6",
								"59ccfdba86f7747f2109a587",
								"5cf656f2d7f00c06585fb6eb",
								"5d4aab30a4b9365435358c55"
							]
						}
					]
				},
				"_required": true,
				"_mergeSlotWithChildren": false,
				"_proto": "55d30c4c4bdc2db4468b457e"
			},
			{
				"_name": "mod_launcher",
				"_id": "5ac66cb05acfc40198510a14",
				"_parent": "5ac66cb05acfc40198510a10",
				"_props": {
					"filters": [
						{
							"Shift": 0,
							"Filter": [
								"5648b62b4bdc2d9d488b4585"
							]
						}
					]
				},
				"_required": false,
				"_mergeSlotWithChildren": false,
				"_proto": "55d30c4c4bdc2db4468b457e"
			},
			{
				"_name": "mod_muzzle",
				"_id": "5ac66cb05acfc40198510a15",
				"_parent": "5ac66cb05acfc40198510a10",
				"_props": {
					"filters": [
						{
							"Shift": 0,
							"Filter": [
								"5ac72e615acfc43f67248aa0",
								"5ac72e725acfc400180ae701",
								"5cc9a96cd7f00c011c04e04a",
								"5943ee5a86f77413872d25ec",
								"59bffc1f86f77435b128b872",
								"5a9fbb84a2750c00137fa685"
							]
						}
					]
				},
				"_required": false,
				"_mergeSlotWithChildren": false,
				"_proto": "55d30c4c4bdc2db4468b457e"
			},
			{
				"_name": "mod_pistol_grip",
				"_id": "5ac66cb05acfc40198510a16",
				"_parent": "5ac66cb05acfc40198510a10",
				"_props": {
					"filters": [
						{
							"Shift": 0,
							"Filter": [
								"5beec8ea0db834001a6f9dbf",
								"5649ad3f4bdc2df8348b4585",
								"5649ade84bdc2d1b2b8b4587",
								"59e62cc886f77440d40b52a1",
								"5a0071d486f77404e23a12b2",
								"57e3dba62459770f0c32322b",
								"5cf54404d7f00c108840b2ef",
								"5b30ac585acfc433000eb79c",
								"59e6318286f77444dd62c4cc",
								"5cf50850d7f00c056e24104c",
								"5cf508bfd7f00c056e24104e",
								"5947f92f86f77427344a76b1",
								"5947fa2486f77425b47c1a9b",
								"5c6bf4aa2e2216001219b0ae",
								"5649ae4a4bdc2d1b2b8b4588",
								"5998517986f7746017232f7e"
							]
						}
					]
				},
				"_required": true,
				"_mergeSlotWithChildren": false,
				"_proto": "55d30c4c4bdc2db4468b457e"
			},
			{
				"_name": "mod_reciever",
				"_id": "5ac66cb05acfc40198510a17",
				"_parent": "5ac66cb05acfc40198510a10",
				"_props": {
					"filters": [
						{
							"Shift": 0,
							"Filter": [
								"5649af094bdc2df8348b4586",
								"5ac50da15acfc4001718d287",
								"5d2c76ed48f03532f2136169",
								"5d2c770c48f0354b4a07c100",
								"5d2c772c48f0355d95672c25",
								"5649af884bdc2d1b2b8b4589"
							]
						}
					]
				},
				"_required": false,
				"_mergeSlotWithChildren": false,
				"_proto": "55d30c4c4bdc2db4468b457e"
			},
			{
				"_name": "mod_sight_rear",
				"_id": "5ac66cb05acfc40198510a18",
				"_parent": "5ac66cb05acfc40198510a10",
				"_props": {
					"filters": [
						{
							"Shift": 0,
							"Filter": [
								"5ac733a45acfc400192630e2",
								"5649b0544bdc2d1b2b8b458a",
								"5ac72e475acfc400180ae6fe",
								"5649d9a14bdc2d79388b4580"
							]
						}
					]
				},
				"_required": false,
				"_mergeSlotWithChildren": false,
				"_proto": "55d30c4c4bdc2db4468b457e"
			},
			{
				"_name": "mod_stock",
				"_id": "5ac66cb05acfc40198510a19",
				"_parent": "5ac66cb05acfc40198510a10",
				"_props": {
					"filters": [
						{
							"Shift": 0,
							"Filter": [
								"5ac50c185acfc400163398d4",
								"5cf50fc5d7f00c056c53f83c",
								"5ac78eaf5acfc4001926317a",
								"5beec8b20db834001961942a"
							]
						}
					]
				},
				"_required": false,
				"_mergeSlotWithChildren": false,
				"_proto": "55d30c4c4bdc2db4468b457e"
			},
			{
				"_name": "mod_magazine",
				"_id": "5ac66cb05acfc40198510a1a",
				"_parent": "5ac66cb05acfc40198510a10",
				"_props": {
					"filters": [
						{
							"AnimationIndex": -1,
							"Filter": [
								"5c0548ae0db834001966a3c2",
								"5ac66c5d5acfc4001718d314",
								"ares556"
							]
						}
					]
				},
				"_required": false,
				"_mergeSlotWithChildren": false,
				"_proto": "55d30c394bdc2dae468b4577"
			},
			{
				"_name": "mod_mount_000",
				"_id": "5ac66cb05acfc40198510a1b",
				"_parent": "5ac66cb05acfc40198510a10",
				"_props": {
					"filters": [
						{
							"Shift": 0,
							"Filter": [
								"5947db3f86f77447880cf76f",
								"57486e672459770abd687134",
								"5c82342f2e221644f31c060e",
								"576fd4ec2459777f0b518431",
								"5c82343a2e221644f31c0611",
								"5cf638cbd7f00c06595bc936",
								"5a7c74b3e899ef0014332c29",
								"591ee00d86f774592f7b841e",
								"5d0a29ead7ad1a0026013f27",
								"57acb6222459771ec34b5cb0",
								"5c61a40d2e2216001403158d",
								"5c90c3622e221601da359851"
							]
						}
					]
				},
				"_required": false,
				"_mergeSlotWithChildren": false,
				"_proto": "55d30c4c4bdc2db4468b457e"
			},
			{
				"_name": "mod_charge",
				"_id": "5ac66cb05acfc40198510a1c",
				"_parent": "5ac66cb05acfc40198510a10",
				"_props": {
					"filters": [
						{
							"Shift": 0,
							"Filter": [
								"5648ac824bdc2ded0b8b457d"
							]
						}
					]
				},
				"_required": false,
				"_mergeSlotWithChildren": false,
				"_proto": "55d30c4c4bdc2db4468b457e"
			}
		],
		"CanPutIntoDuringTheRaid": true,
		"CantRemoveFromSlotsDuringRaid": [],
		"weapClass": "assaultRifle",
		"weapUseType": "primary",
		"ammoCaliber": "Caliber556x45NATO",
		"Durability": 100,
		"MaxDurability": 100,
		"OperatingResource": 5000,
		"RepairComplexity": 0,
		"durabSpawnMin": 25,
		"durabSpawnMax": 75,
		"isFastReload": true,
		"RecoilForceUp": 171,
		"RecoilForceBack": 416,
		"Convergence": 1.4,
		"RecoilAngle": 90,
		"weapFireType": [
			"single",
			"fullauto"
		],
		"RecolDispersion": 25,
		"bFirerate": 650,
		"Ergonomics": 35,
		"Velocity": 1.8,
		"bEffDist": 650,
		"bHearDist": 80,
		"isChamberLoad": true,
		"chamberAmmoCount": 1,
		"isBoltCatch": false,
		"defMagType": "5ac66c5d5acfc4001718d314",
		"defAmmo": "59e6920f86f77411d82aa167",
		"shotgunDispersion": 0,
		"Chambers": [
			{
				"_name": "patron_in_weapon",
				"_id": "5ac66cb05acfc40198510a12",
				"_parent": "5ac66cb05acfc40198510a10",
				"_props": {
					"filters": [
						{
							"Filter": [
								"59e6920f86f77411d82aa167",
								"59e6927d86f77411da468256",
								"54527a984bdc2d4e668b4567",
								"54527ac44bdc2d36668b4567",
								"59e68f6f86f7746c9f75e846",
								"59e6906286f7746c9f75e847",
								"59e690b686f7746c9f75e848",
								"59e6918f86f7746c9f75e849",
								"5c0d5ae286f7741e46554302"
							]
						}
					]
				},
				"_required": false,
				"_mergeSlotWithChildren": false,
				"_proto": "55d4af244bdc2d962f8b4571"
			}
		],
		"CameraRecoil": 0.2,
		"CameraSnap": 3.5,
		"ReloadMode": "ExternalMagazine",
		"CenterOfImpact": 0.04,
		"AimPlane": 0.19,
		"DeviationCurve": 1,
		"DeviationMax": 100,
		"Foldable": true,
		"Retractable": false,
		"TacticalReloadStiffnes": {
			"x": 0.95,
			"y": 0.33,
			"z": 0.95
		},
		"TacticalReloadFixation": 0.95,
		"RecoilCenter": {
			"x": 0,
			"y": -0.25,
			"z": 0
		},
		"RotationCenter": {
			"x": 0,
			"y": -0.1,
			"z": -0.03
		},
		"RotationCenterNoStock": {
			"x": 0,
			"y": -0.27,
			"z": -0.08
		},
		"SizeReduceRight": 0,
		"FoldedSlot": "mod_stock",
		"CompactHandling": true,
		"SightingRange": 100,
		"MinRepairDegradation": 0,
		"MaxRepairDegradation": 0.01,
		"IronSightRange": 100,
		"MustBoltBeOpennedForExternalReload": false,
		"MustBoltBeOpennedForInternalReload": false,
		"BoltAction": false,
		"HipAccuracyRestorationDelay": 0.2,
		"HipAccuracyRestorationSpeed": 7,
		"HipInnaccuracyGain": 0.16,
		"ManualBoltCatch": false
	},
	"_proto": "5447a9cd4bdc2dbd208b4567"
}