{
	"_id": "5ae08f0a5acfc408fb1398a1",
	"_name": "weapon_izhmash_mosin_rifle_762x54",
	"_parent": "5447b6254bdc2dc3278b4568",
	"_type": "Item",
	"_props": {
		"Name": "weapon_izhmash_mosin_rifle_762x54",
		"ShortName": "weapon_izhmash_mosin_rifle_762x54",
		"Description": "weapon_izhmash_mosin_rifle_762x54",
		"Weight": 0.8,
		"BackgroundColor": "black",
		"Width": 1,
		"Height": 1,
		"StackMaxSize": 1,
		"Rarity": "Common",
		"SpawnChance": 2,
		"CreditsPrice": 15577,
		"ItemSound": "weap_rifle",
		"Prefab": {
			"path": "assets/content/weapons/mosin/weapon_izhmash_mosin_rifle_762x54_container.bundle",
			"rcid": ""
		},
		"UsePrefab": {
			"path": "",
			"rcid": ""
		},
		"StackObjectsCount": 1,
		"NotShownInSlot": false,
		"ExaminedByDefault": true,
		"ExamineTime": 1,
		"IsUndiscardable": false,
		"IsUnsaleable": false,
		"IsUnbuyable": false,
		"IsUngivable": false,
		"IsLockedafterEquip": false,
		"QuestItem": false,
		"LootExperience": 20,
		"ExamineExperience": 10,
		"HideEntrails": false,
		"RepairCost": 100,
		"RepairSpeed": 14,
		"ExtraSizeLeft": 0,
		"ExtraSizeRight": 0,
		"ExtraSizeUp": 0,
		"ExtraSizeDown": 0,
		"ExtraSizeForceAdd": false,
		"MergesWithChildren": true,
		"CanSellOnRagfair": true,
		"CanRequireOnRagfair": true,
		"BannedFromRagfair": false,
		"ConflictingItems": [],
		"FixedPrice": false,
		"Unlootable": false,
		"UnlootableFromSlot": "FirstPrimaryWeapon",
		"UnlootableFromSide": [],
		"ChangePriceCoef": 1,
		"AllowSpawnOnLocations": [],
		"SendToClient": false,
		"AnimationVariantsNumber": 0,
		"DiscardingBlock": false,
		"Grids": [],
		"Slots": [
			{
				"_name": "mod_magazine",
				"_id": "5ae08f0a5acfc408fb1398a3",
				"_parent": "5ae08f0a5acfc408fb1398a1",
				"_props": {
					"filters": [
						{
							"AnimationIndex": 0,
							"Filter": [
								"5ae0973a5acfc4001562206c",
								"5bae13ded4351e44f824bf38",
								"aresMosin",
								"aresMosinAngel"
							]
						}
					]
				},
				"_required": false,
				"_mergeSlotWithChildren": false,
				"_proto": "55d30c394bdc2dae468b4577"
			},
			{
				"_name": "mod_stock",
				"_id": "5ae09d425acfc400185c2d1a",
				"_parent": "5ae08f0a5acfc408fb1398a1",
				"_props": {
					"filters": [
						{
							"Shift": 0,
							"Filter": [
								"5bbdb870d4351e00367fb67d",
								"5bfd36ad0db834001c38ef66",
								"5bfd37c80db834001d23e842",
								"5bfd384c0db834001a6691d3",
								"5bfd35380db83400232fe5cc",
								"5bfd36290db834001966869a",
								"5ae096d95acfc400185c2c81",
								"5bae13bad4351e00320204af"
							]
						}
					]
				},
				"_required": true,
				"_mergeSlotWithChildren": false,
				"_proto": "55d30c4c4bdc2db4468b457e"
			},
			{
				"_name": "mod_barrel",
				"_id": "5ae09ed25acfc4001669f722",
				"_parent": "5ae08f0a5acfc408fb1398a1",
				"_props": {
					"filters": [
						{
							"Shift": 0,
							"Filter": [
								"5bfd4cbe0db834001b73449f",
								"5bfd4cd60db834001c38f095",
								"5bfd4cc90db834001d23e846",
								"5ae09bff5acfc4001562219d"
							]
						}
					]
				},
				"_required": true,
				"_mergeSlotWithChildren": false,
				"_proto": "55d30c4c4bdc2db4468b457e"
			},
			{
				"_name": "mod_mount",
				"_id": "5b3f7e0d5acfc4704b4a1deb",
				"_parent": "5ae08f0a5acfc408fb1398a1",
				"_props": {
					"filters": [
						{
							"Shift": 0,
							"Filter": [
								"5b3f7bf05acfc433000ecf6b"
							]
						}
					]
				},
				"_required": false,
				"_mergeSlotWithChildren": false,
				"_proto": "55d30c4c4bdc2db4468b457e"
			}
		],
		"CanPutIntoDuringTheRaid": true,
		"CantRemoveFromSlotsDuringRaid": [],
		"weapClass": "sniperRifle",
		"weapUseType": "primary",
		"ammoCaliber": "Caliber762x54R",
		"Durability": 100,
		"MaxDurability": 100,
		"OperatingResource": 3000,
		"RepairComplexity": 1,
		"durabSpawnMin": 25,
		"durabSpawnMax": 75,
		"isFastReload": true,
		"RecoilForceUp": 338,
		"RecoilForceBack": 975,
		"Convergence": 1.5,
		"RecoilAngle": 90,
		"weapFireType": [
			"single"
		],
		"RecolDispersion": 10,
		"bFirerate": 30,
		"Ergonomics": 13,
		"Velocity": 1.81,
		"bEffDist": 1000,
		"bHearDist": 100,
		"isChamberLoad": true,
		"chamberAmmoCount": 1,
		"isBoltCatch": true,
		"defMagType": "5ae0973a5acfc4001562206c",
		"defAmmo": "5887431f2459777e1612938f",
		"shotgunDispersion": 0,
		"Chambers": [
			{
				"_name": "patron_in_weapon",
				"_id": "5ae08f0a5acfc408fb1398a9",
				"_parent": "5ae08f0a5acfc408fb1398a1",
				"_props": {
					"filters": [
						{
							"Filter": [
								"5e023d34e8a400319a28ed44",
								"5e023d48186a883be655e551",
								"5e023cf8186a883be655e54f",
								"59e77a2386f7742ee578960a",
								"5887431f2459777e1612938f",
								"560d61e84bdc2da74d8b4571"
							]
						}
					]
				},
				"_required": false,
				"_mergeSlotWithChildren": false,
				"_proto": "55d4af244bdc2d962f8b4571"
			}
		],
		"CameraRecoil": 0.4,
		"CameraSnap": 3.5,
		"ReloadMode": "InternalMagazine",
		"CenterOfImpact": 0.011,
		"AimPlane": 0.32,
		"DeviationCurve": 1,
		"DeviationMax": 100,
		"Foldable": false,
		"Retractable": false,
		"TacticalReloadStiffnes": {
			"x": 0.95,
			"y": 0.33,
			"z": 0.95
		},
		"TacticalReloadFixation": 0.95,
		"RecoilCenter": {
			"x": 0,
			"y": -0.47,
			"z": 0.02
		},
		"RotationCenter": {
			"x": 0,
			"y": -0.1,
			"z": -0.04
		},
		"RotationCenterNoStock": {
			"x": 0,
			"y": -0.3,
			"z": -0.02
		},
		"SizeReduceRight": 0,
		"FoldedSlot": "",
		"CompactHandling": false,
		"SightingRange": 100,
		"MinRepairDegradation": 0,
		"MaxRepairDegradation": 0.01,
		"IronSightRange": 100,
		"MustBoltBeOpennedForExternalReload": false,
		"MustBoltBeOpennedForInternalReload": true,
		"BoltAction": true,
		"HipAccuracyRestorationDelay": 0.2,
		"HipAccuracyRestorationSpeed": 7,
		"HipInnaccuracyGain": 0.16,
		"ManualBoltCatch": false
	},
	"_proto": "55801eed4bdc2d89578b4588"
}