{
	"_id": "5beed0f50db834001c062b12",
	"_name": "weapon_izhmash_rpk16_545x39",
	"_parent": "5447bed64bdc2d97278b4568",
	"_type": "Item",
	"_props": {
		"Name": "weapon_izhmash_rpk16_545x39",
		"ShortName": "weapon_izhmash_rpk16_545x39",
		"Description": "weapon_izhmash_rpk16_545x39",
		"Weight": 1.5,
		"BackgroundColor": "black",
		"Width": 2,
		"Height": 1,
		"StackMaxSize": 1,
		"Rarity": "Not_exist",
		"SpawnChance": 10,
		"CreditsPrice": 22360,
		"ItemSound": "weap_ar",
		"Prefab": {
			"path": "assets/content/weapons/rpk16/weapon_izhmash_rpk16_545x39_container.bundle",
			"rcid": ""
		},
		"UsePrefab": {
			"path": "",
			"rcid": ""
		},
		"StackObjectsCount": 1,
		"NotShownInSlot": false,
		"ExaminedByDefault": true,
		"ExamineTime": 1,
		"IsUndiscardable": false,
		"IsUnsaleable": false,
		"IsUnbuyable": false,
		"IsUngivable": false,
		"IsLockedafterEquip": false,
		"QuestItem": false,
		"LootExperience": 30,
		"ExamineExperience": 10,
		"HideEntrails": false,
		"RepairCost": 60,
		"RepairSpeed": 5,
		"ExtraSizeLeft": 0,
		"ExtraSizeRight": 0,
		"ExtraSizeUp": 0,
		"ExtraSizeDown": 0,
		"ExtraSizeForceAdd": false,
		"MergesWithChildren": true,
		"CanSellOnRagfair": true,
		"CanRequireOnRagfair": true,
		"BannedFromRagfair": false,
		"ConflictingItems": [],
		"FixedPrice": false,
		"Unlootable": false,
		"UnlootableFromSlot": "FirstPrimaryWeapon",
		"UnlootableFromSide": [],
		"ChangePriceCoef": 1,
		"AllowSpawnOnLocations": [],
		"SendToClient": false,
		"AnimationVariantsNumber": 0,
		"DiscardingBlock": false,
		"Grids": [],
		"Slots": [
			{
				"_name": "mod_pistol_grip",
				"_id": "5beed0f50db834001c062b18",
				"_parent": "5beed0f50db834001c062b12",
				"_props": {
					"filters": [
						{
							"Shift": 0,
							"Filter": [
								"5beec8ea0db834001a6f9dbf",
								"5649ad3f4bdc2df8348b4585",
								"5649ade84bdc2d1b2b8b4587",
								"59e62cc886f77440d40b52a1",
								"5a0071d486f77404e23a12b2",
								"57e3dba62459770f0c32322b",
								"5cf54404d7f00c108840b2ef",
								"5b30ac585acfc433000eb79c",
								"59e6318286f77444dd62c4cc",
								"5cf50850d7f00c056e24104c",
								"5cf508bfd7f00c056e24104e",
								"5947f92f86f77427344a76b1",
								"5947fa2486f77425b47c1a9b",
								"5c6bf4aa2e2216001219b0ae",
								"5649ae4a4bdc2d1b2b8b4588",
								"5998517986f7746017232f7e"
							]
						}
					]
				},
				"_required": true,
				"_mergeSlotWithChildren": false,
				"_proto": "55d30c4c4bdc2db4468b457e"
			},
			{
				"_name": "mod_reciever",
				"_id": "5beed0f50db834001c062b19",
				"_parent": "5beed0f50db834001c062b12",
				"_props": {
					"filters": [
						{
							"Shift": 0,
							"Filter": [
								"5beec91a0db834001961942d"
							]
						}
					]
				},
				"_required": false,
				"_mergeSlotWithChildren": false,
				"_proto": "55d30c4c4bdc2db4468b457e"
			},
			{
				"_name": "mod_magazine",
				"_id": "5beed0f50db834001c062b1c",
				"_parent": "5beed0f50db834001c062b12",
				"_props": {
					"filters": [
						{
							"AnimationIndex": -1,
							"Filter": [
								"564ca9df4bdc2d35148b4569",
								"564ca99c4bdc2d16268b4589",
								"55d480c04bdc2d1d4e8b456a",
								"5cbdaf89ae9215000e5b9c94",
								"55d481904bdc2d8c2f8b456a",
								"55d482194bdc2d1d4e8b456b",
								"55d4837c4bdc2d1d4e8b456c",
								"5aaa4194e5b5b055d06310a5",
								"5bed61680db834001d2c45ab",
								"5bed625c0db834001c062946",
								"ares545"
							]
						}
					]
				},
				"_required": false,
				"_mergeSlotWithChildren": false,
				"_proto": "55d30c394bdc2dae468b4577"
			},
			{
				"_name": "mod_charge",
				"_id": "5beed0f50db834001c062b1e",
				"_parent": "5beed0f50db834001c062b12",
				"_props": {
					"filters": [
						{
							"Shift": 0,
							"Filter": [
								"5648ac824bdc2ded0b8b457d"
							]
						}
					]
				},
				"_required": false,
				"_mergeSlotWithChildren": false,
				"_proto": "55d30c4c4bdc2db4468b457e"
			},
			{
				"_name": "mod_stock_001",
				"_id": "5bf2956d0db834001a6f9ff9",
				"_parent": "5beed0f50db834001c062b12",
				"_props": {
					"filters": [
						{
							"Shift": 0,
							"Filter": [
								"5beec8b20db834001961942a"
							]
						}
					]
				},
				"_required": false,
				"_mergeSlotWithChildren": false,
				"_proto": "55d30c4c4bdc2db4468b457e"
			},
			{
				"_name": "mod_handguard",
				"_id": "5bf29d9d0db834001b095753",
				"_parent": "5beed0f50db834001c062b12",
				"_props": {
					"filters": [
						{
							"Shift": 0,
							"Filter": [
								"5beec3e30db8340019619424"
							]
						}
					]
				},
				"_required": true,
				"_mergeSlotWithChildren": false,
				"_proto": "55d30c4c4bdc2db4468b457e"
			},
			{
				"_name": "mod_barrel",
				"_id": "5bf29da70db834001a6f9ffc",
				"_parent": "5beed0f50db834001c062b12",
				"_props": {
					"filters": [
						{
							"Shift": 0,
							"Filter": [
								"5beec1bd0db834001e6006f3",
								"5beec2820db834001b095426"
							]
						}
					]
				},
				"_required": true,
				"_mergeSlotWithChildren": false,
				"_proto": "55d30c4c4bdc2db4468b457e"
			}
		],
		"CanPutIntoDuringTheRaid": true,
		"CantRemoveFromSlotsDuringRaid": [],
		"weapClass": "machinegun",
		"weapUseType": "primary",
		"ammoCaliber": "Caliber545x39",
		"Durability": 100,
		"MaxDurability": 100,
		"OperatingResource": 5000,
		"RepairComplexity": 0,
		"durabSpawnMin": 25,
		"durabSpawnMax": 75,
		"isFastReload": true,
		"RecoilForceUp": 139,
		"RecoilForceBack": 387,
		"Convergence": 1.7,
		"RecoilAngle": 90,
		"weapFireType": [
			"single",
			"fullauto"
		],
		"RecolDispersion": 25,
		"bFirerate": 650,
		"Ergonomics": 35,
		"Velocity": 1.8,
		"bEffDist": 650,
		"bHearDist": 80,
		"isChamberLoad": true,
		"chamberAmmoCount": 1,
		"isBoltCatch": false,
		"defMagType": "55d480c04bdc2d1d4e8b456a",
		"defAmmo": "56dff3afd2720bba668b4567",
		"shotgunDispersion": 0,
		"Chambers": [
			{
				"_name": "patron_in_weapon",
				"_id": "5beed0f50db834001c062b14",
				"_parent": "5beed0f50db834001c062b12",
				"_props": {
					"filters": [
						{
							"Filter": [
								"5c0d5e4486f77478390952fe",
								"56dfef82d2720bbd668b4567",
								"56dff026d2720bb8668b4567",
								"56dff061d2720bb5668b4567",
								"56dff0bed2720bb0668b4567",
								"56dff216d2720bbd668b4568",
								"56dff2ced2720bb4668b4567",
								"56dff338d2720bbd668b4569",
								"56dff3afd2720bba668b4567",
								"56dff421d2720b5f5a8b4567",
								"56dff4a2d2720bbd668b456a",
								"56dff4ecd2720b5f5a8b4568"
							]
						}
					]
				},
				"_required": false,
				"_mergeSlotWithChildren": false,
				"_proto": "55d4af244bdc2d962f8b4571"
			}
		],
		"CameraRecoil": 0.2,
		"CameraSnap": 3.5,
		"ReloadMode": "ExternalMagazine",
		"CenterOfImpact": 0.04,
		"AimPlane": 0.19,
		"DeviationCurve": 1,
		"DeviationMax": 100,
		"Foldable": true,
		"Retractable": false,
		"TacticalReloadStiffnes": {
			"x": 0.95,
			"y": 0.33,
			"z": 0.95
		},
		"TacticalReloadFixation": 0.95,
		"RecoilCenter": {
			"x": 0,
			"y": -0.25,
			"z": 0
		},
		"RotationCenter": {
			"x": 0,
			"y": -0.1,
			"z": -0.03
		},
		"RotationCenterNoStock": {
			"x": 0,
			"y": -0.27,
			"z": -0.08
		},
		"SizeReduceRight": 0,
		"FoldedSlot": "mod_stock_001",
		"CompactHandling": true,
		"SightingRange": 100,
		"MinRepairDegradation": 0,
		"MaxRepairDegradation": 0.01,
		"IronSightRange": 100,
		"MustBoltBeOpennedForExternalReload": false,
		"MustBoltBeOpennedForInternalReload": false,
		"BoltAction": false,
		"HipAccuracyRestorationDelay": 0.2,
		"HipAccuracyRestorationSpeed": 7,
		"HipInnaccuracyGain": 0.16,
		"ManualBoltCatch": false
	},
	"_proto": "5447a9cd4bdc2dbd208b4567"
}