{
	"_id": "5c46fbd72e2216398b5a8c9c",
	"_name": "weapon_izhmash_svd_s_762x54",
	"_parent": "5447b6194bdc2d67278b4567",
	"_type": "Item",
	"_props": {
		"Name": "weapon_izhmash_svd_s_762x54",
		"ShortName": "weapon_izhmash_svd_s_762x54",
		"Description": "weapon_izhmash_svd_s_762x54",
		"Weight": 1.72,
		"BackgroundColor": "black",
		"Width": 2,
		"Height": 1,
		"StackMaxSize": 1,
		"Rarity": "Superrare",
		"SpawnChance": 4,
		"CreditsPrice": 43605,
		"ItemSound": "weap_dmr",
		"Prefab": {
			"path": "assets/content/weapons/svd/weapon_izhmash_svd_s_762x54_container.bundle",
			"rcid": ""
		},
		"UsePrefab": {
			"path": "",
			"rcid": ""
		},
		"StackObjectsCount": 1,
		"NotShownInSlot": false,
		"ExaminedByDefault": true,
		"ExamineTime": 1,
		"IsUndiscardable": false,
		"IsUnsaleable": false,
		"IsUnbuyable": false,
		"IsUngivable": false,
		"IsLockedafterEquip": false,
		"QuestItem": false,
		"LootExperience": 30,
		"ExamineExperience": 8,
		"HideEntrails": false,
		"RepairCost": 420,
		"RepairSpeed": 15,
		"ExtraSizeLeft": 0,
		"ExtraSizeRight": 0,
		"ExtraSizeUp": 0,
		"ExtraSizeDown": 0,
		"ExtraSizeForceAdd": false,
		"MergesWithChildren": true,
		"CanSellOnRagfair": true,
		"CanRequireOnRagfair": true,
		"BannedFromRagfair": false,
		"ConflictingItems": [],
		"FixedPrice": false,
		"Unlootable": false,
		"UnlootableFromSlot": "FirstPrimaryWeapon",
		"UnlootableFromSide": [],
		"ChangePriceCoef": 1,
		"AllowSpawnOnLocations": [],
		"SendToClient": false,
		"AnimationVariantsNumber": 0,
		"DiscardingBlock": false,
		"Grids": [],
		"Slots": [
			{
				"_name": "mod_pistol_grip",
				"_id": "5c46fbd72e2216398b5a8c9e",
				"_parent": "5c46fbd72e2216398b5a8c9c",
				"_props": {
					"filters": [
						{
							"Shift": 0,
							"Filter": [
								"5beec8ea0db834001a6f9dbf",
								"5649ad3f4bdc2df8348b4585",
								"5649ade84bdc2d1b2b8b4587",
								"59e62cc886f77440d40b52a1",
								"5a0071d486f77404e23a12b2",
								"57e3dba62459770f0c32322b",
								"5cf54404d7f00c108840b2ef",
								"5b30ac585acfc433000eb79c",
								"59e6318286f77444dd62c4cc",
								"5cf50850d7f00c056e24104c",
								"5cf508bfd7f00c056e24104e",
								"5947f92f86f77427344a76b1",
								"5947fa2486f77425b47c1a9b",
								"5c6bf4aa2e2216001219b0ae",
								"5649ae4a4bdc2d1b2b8b4588",
								"5998517986f7746017232f7e",
								"5c471be12e221602b66cd9ac"
							]
						}
					]
				},
				"_required": true,
				"_mergeSlotWithChildren": false,
				"_proto": "55d30c4c4bdc2db4468b457e"
			},
			{
				"_name": "mod_magazine",
				"_id": "5c46fbd72e2216398b5a8c9f",
				"_parent": "5c46fbd72e2216398b5a8c9c",
				"_props": {
					"filters": [
						{
							"AnimationIndex": -1,
							"Filter": [
								"5c471c442e221602b542a6f8",
								"5c88f24b2e22160bc12c69a6",
								"ares76254"
							]
						}
					]
				},
				"_required": false,
				"_mergeSlotWithChildren": false,
				"_proto": "55d30c394bdc2dae468b4577"
			},
			{
				"_name": "mod_stock",
				"_id": "5c46fbd72e2216398b5a8ca0",
				"_parent": "5c46fbd72e2216398b5a8c9c",
				"_props": {
					"filters": [
						{
							"Shift": 0,
							"Filter": [
								"5c471b5d2e221602b21d4e14"
							]
						}
					]
				},
				"_required": false,
				"_mergeSlotWithChildren": false,
				"_proto": "55d30c4c4bdc2db4468b457e"
			},
			{
				"_name": "mod_barrel",
				"_id": "5c46fbd72e2216398b5a8ca2",
				"_parent": "5c46fbd72e2216398b5a8c9c",
				"_props": {
					"filters": [
						{
							"Shift": 0,
							"Filter": [
								"5c471cb32e221602b177afaa"
							]
						}
					]
				},
				"_required": true,
				"_mergeSlotWithChildren": false,
				"_proto": "55d30c4c4bdc2db4468b457e"
			},
			{
				"_name": "mod_mount_000",
				"_id": "5c471d672e22164bef5d0784",
				"_parent": "5c46fbd72e2216398b5a8c9c",
				"_props": {
					"filters": [
						{
							"Shift": 0,
							"Filter": [
								"5947db3f86f77447880cf76f",
								"57486e672459770abd687134",
								"5cf638cbd7f00c06595bc936",
								"5a7c74b3e899ef0014332c29",
								"591ee00d86f774592f7b841e",
								"5d0a29ead7ad1a0026013f27",
								"57acb6222459771ec34b5cb0",
								"5c61a40d2e2216001403158d",
								"5c90c3622e221601da359851"
							]
						}
					]
				},
				"_required": false,
				"_mergeSlotWithChildren": false,
				"_proto": "55d30c4c4bdc2db4468b457e"
			},
			{
				"_name": "mod_mount_001",
				"_id": "5c471d722e221602b66cd9b0",
				"_parent": "5c46fbd72e2216398b5a8c9c",
				"_props": {
					"filters": [
						{
							"Shift": 0,
							"Filter": [
								"5c471c2d2e22164bef5d077f",
								"5dfcd0e547101c39625f66f9"
							]
						}
					]
				},
				"_required": true,
				"_mergeSlotWithChildren": false,
				"_proto": "55d30c4c4bdc2db4468b457e"
			},
			{
				"_name": "mod_reciever",
				"_id": "5c4722852e221602b3137e73",
				"_parent": "5c46fbd72e2216398b5a8c9c",
				"_props": {
					"filters": [
						{
							"Shift": 0,
							"Filter": [
								"5dfce88fe9dc277128008b2e",
								"5c471bd12e221602b4129c3a"
							]
						}
					]
				},
				"_required": true,
				"_mergeSlotWithChildren": false,
				"_proto": "55d30c4c4bdc2db4468b457e"
			},
			{
				"_name": "mod_mount_002",
				"_id": "5c79128e2e221644f31bfb31",
				"_parent": "5c46fbd72e2216398b5a8c9c",
				"_props": {
					"filters": [
						{
							"Shift": 0,
							"Filter": [
								"5c82342f2e221644f31c060e",
								"576fd4ec2459777f0b518431",
								"5c82343a2e221644f31c0611",
								"5dff8db859400025ea5150d4"
							]
						}
					]
				},
				"_required": false,
				"_mergeSlotWithChildren": false,
				"_proto": "55d30c4c4bdc2db4468b457e"
			}
		],
		"CanPutIntoDuringTheRaid": true,
		"CantRemoveFromSlotsDuringRaid": [],
		"weapClass": "marksmanRifle",
		"weapUseType": "primary",
		"ammoCaliber": "Caliber762x54R",
		"Durability": 100,
		"MaxDurability": 100,
		"OperatingResource": 4000,
		"RepairComplexity": 0,
		"durabSpawnMin": 25,
		"durabSpawnMax": 75,
		"isFastReload": true,
		"RecoilForceUp": 340,
		"RecoilForceBack": 750,
		"Convergence": 1.5,
		"RecoilAngle": 90,
		"weapFireType": [
			"single"
		],
		"RecolDispersion": 25,
		"bFirerate": 700,
		"Ergonomics": 26,
		"Velocity": 0,
		"bEffDist": 900,
		"bHearDist": 80,
		"isChamberLoad": true,
		"chamberAmmoCount": 1,
		"isBoltCatch": true,
		"defMagType": "5c471c442e221602b542a6f8",
		"defAmmo": "59e77a2386f7742ee578960a",
		"shotgunDispersion": 0,
		"Chambers": [
			{
				"_name": "patron_in_weapon",
				"_id": "5c46fbd72e2216398b5a8ca5",
				"_parent": "5c46fbd72e2216398b5a8c9c",
				"_props": {
					"filters": [
						{
							"Filter": [
								"5e023d34e8a400319a28ed44",
								"5e023d48186a883be655e551",
								"5e023cf8186a883be655e54f",
								"59e77a2386f7742ee578960a",
								"5887431f2459777e1612938f",
								"560d61e84bdc2da74d8b4571"
							]
						}
					]
				},
				"_required": false,
				"_mergeSlotWithChildren": false,
				"_proto": "55d4af244bdc2d962f8b4571"
			}
		],
		"CameraRecoil": 0.2,
		"CameraSnap": 3.5,
		"ReloadMode": "ExternalMagazine",
		"CenterOfImpact": 0,
		"AimPlane": 0.2,
		"DeviationCurve": 1,
		"DeviationMax": 100,
		"Foldable": true,
		"Retractable": false,
		"TacticalReloadStiffnes": {
			"x": 0.95,
			"y": 0.33,
			"z": 0.95
		},
		"TacticalReloadFixation": 0.95,
		"RecoilCenter": {
			"x": 0,
			"y": -0.3,
			"z": 0
		},
		"RotationCenter": {
			"x": 0,
			"y": -0.1,
			"z": 0
		},
		"RotationCenterNoStock": {
			"x": 0,
			"y": 0,
			"z": 0
		},
		"SizeReduceRight": 0,
		"FoldedSlot": "mod_stock",
		"CompactHandling": true,
		"SightingRange": 100,
		"MinRepairDegradation": 0,
		"MaxRepairDegradation": 0.01,
		"IronSightRange": 100,
		"MustBoltBeOpennedForExternalReload": false,
		"MustBoltBeOpennedForInternalReload": false,
		"BoltAction": false,
		"HipAccuracyRestorationDelay": 0.2,
		"HipAccuracyRestorationSpeed": 7,
		"HipInnaccuracyGain": 0.16,
		"ManualBoltCatch": false
	},
	"_proto": "5447a9cd4bdc2dbd208b4567"
}