{
	"_id": "5cc82d76e24e8d00134b4b83",
	"_name": "weapon_fn_p90_57x28",
	"_parent": "5447b5e04bdc2d62278b4567",
	"_type": "Item",
	"_props": {
		"Name": "weapon_hk_mp7a1_46x30",
		"ShortName": "weapon_hk_mp7a1_46x30",
		"Description": "weapon_hk_mp7a1_46x30",
		"Weight": 0.7,
		"BackgroundColor": "black",
		"Width": 2,
		"Height": 1,
		"StackMaxSize": 1,
		"Rarity": "Superrare",
		"SpawnChance": 1,
		"CreditsPrice": 45200,
		"ItemSound": "weap_ar",
		"Prefab": {
			"path": "assets/content/weapons/p90/weapon_fn_p90_57x28_container.bundle",
			"rcid": ""
		},
		"UsePrefab": {
			"path": "",
			"rcid": ""
		},
		"StackObjectsCount": 1,
		"NotShownInSlot": false,
		"ExaminedByDefault": true,
		"ExamineTime": 1,
		"IsUndiscardable": false,
		"IsUnsaleable": false,
		"IsUnbuyable": false,
		"IsUngivable": false,
		"IsLockedafterEquip": false,
		"QuestItem": false,
		"LootExperience": 30,
		"ExamineExperience": 8,
		"HideEntrails": false,
		"RepairCost": 700,
		"RepairSpeed": 15,
		"ExtraSizeLeft": 0,
		"ExtraSizeRight": 0,
		"ExtraSizeUp": 0,
		"ExtraSizeDown": 0,
		"ExtraSizeForceAdd": false,
		"MergesWithChildren": true,
		"CanSellOnRagfair": true,
		"CanRequireOnRagfair": true,
		"BannedFromRagfair": false,
		"ConflictingItems": [],
		"FixedPrice": false,
		"Unlootable": false,
		"UnlootableFromSlot": "FirstPrimaryWeapon",
		"UnlootableFromSide": [],
		"ChangePriceCoef": 1,
		"AllowSpawnOnLocations": [],
		"SendToClient": false,
		"AnimationVariantsNumber": 0,
		"DiscardingBlock": false,
		"Grids": [],
		"Slots": [
			{
				"_name": "mod_magazine",
				"_id": "5cc82d76e24e8d00134b4b85",
				"_parent": "5cc82d76e24e8d00134b4b83",
				"_props": {
					"filters": [
						{
							"AnimationIndex": -1,
							"Filter": [
								"5cc70093e4a949033c734312",
								"aresP90"
							]
						}
					]
				},
				"_required": false,
				"_mergeSlotWithChildren": false,
				"_proto": "55d30c394bdc2dae468b4577"
			},
			{
				"_name": "mod_stock",
				"_id": "5cc82d76e24e8d00134b4b8d",
				"_parent": "5cc82d76e24e8d00134b4b83",
				"_props": {
					"filters": [
						{
							"Shift": 0,
							"Filter": [
								"5cc700b9e4a949000f0f0f25",
								"5cebec10d7f00c065703d185"
							]
						}
					]
				},
				"_required": true,
				"_mergeSlotWithChildren": false,
				"_proto": "55d30c4c4bdc2db4468b457e"
			},
			{
				"_name": "mod_reciever",
				"_id": "5cc837bed7f00c00117917f9",
				"_parent": "5cc82d76e24e8d00134b4b83",
				"_props": {
					"filters": [
						{
							"Shift": 0,
							"Filter": [
								"5cc700ede4a949033c734315",
								"5cc70102e4a949035e43ba74",
								"5cf7acfcd7f00c1084477cf2"
							]
						}
					]
				},
				"_required": true,
				"_mergeSlotWithChildren": false,
				"_proto": "55d30c4c4bdc2db4468b457e"
			},
			{
				"_name": "mod_barrel",
				"_id": "5cc837cbd7f00c0012066ad2",
				"_parent": "5cc82d76e24e8d00134b4b83",
				"_props": {
					"filters": [
						{
							"Shift": 0,
							"Filter": [
								"5cc701aae4a949000e1ea45c",
								"5cc701d7e4a94900100ac4e7"
							]
						}
					]
				},
				"_required": true,
				"_mergeSlotWithChildren": false,
				"_proto": "55d30c4c4bdc2db4468b457e"
			},
			{
				"_name": "mod_charge",
				"_id": "5cc837ded7f00c000d3a6b59",
				"_parent": "5cc82d76e24e8d00134b4b83",
				"_props": {
					"filters": [
						{
							"Shift": 0,
							"Filter": [
								"5cc6ea78e4a949000e1ea3c1",
								"5cc6ea85e4a949000e1ea3c3"
							]
						}
					]
				},
				"_required": true,
				"_mergeSlotWithChildren": false,
				"_proto": "55d30c4c4bdc2db4468b457e"
			}
		],
		"CanPutIntoDuringTheRaid": true,
		"CantRemoveFromSlotsDuringRaid": [],
		"weapClass": "smg",
		"weapUseType": "primary",
		"ammoCaliber": "Caliber57x28",
		"Durability": 100,
		"MaxDurability": 100,
		"OperatingResource": 4000,
		"RepairComplexity": 0,
		"durabSpawnMin": 25,
		"durabSpawnMax": 75,
		"isFastReload": true,
		"RecoilForceUp": 60,
		"RecoilForceBack": 300,
		"Convergence": 2.5,
		"RecoilAngle": 90,
		"weapFireType": [
			"single",
			"fullauto"
		],
		"RecolDispersion": 25,
		"bFirerate": 900,
		"Ergonomics": 60,
		"Velocity": 1.5,
		"bEffDist": 200,
		"bHearDist": 80,
		"isChamberLoad": true,
		"chamberAmmoCount": 1,
		"isBoltCatch": false,
		"defMagType": "5cc70093e4a949033c734312",
		"defAmmo": "5cc80f38e4a949001152b560",
		"shotgunDispersion": 0,
		"Chambers": [
			{
				"_name": "patron_in_weapon",
				"_id": "5cc82d76e24e8d00134b4b8e",
				"_parent": "5cc82d76e24e8d00134b4b83",
				"_props": {
					"filters": [
						{
							"Filter": [
								"5cc80f53e4a949000e1ea4f8",
								"5cc86832d7f00c000d3a6e6c",
								"5cc86840d7f00c002412c56c",
								"5cc80f67e4a949035e43bbba",
								"5cc80f38e4a949001152b560",
								"5cc80f8fe4a949033b0224a2",
								"5cc80f79e4a949033c7343b2"
							]
						}
					]
				},
				"_required": false,
				"_mergeSlotWithChildren": false,
				"_proto": "55d4af244bdc2d962f8b4571"
			}
		],
		"CameraRecoil": 0.2,
		"CameraSnap": 3.5,
		"ReloadMode": "ExternalMagazine",
		"CenterOfImpact": 0.25,
		"AimPlane": 0.25,
		"DeviationCurve": 1,
		"DeviationMax": 100,
		"Foldable": false,
		"Retractable": false,
		"TacticalReloadStiffnes": {
			"x": 0.95,
			"y": 0.33,
			"z": 0.95
		},
		"TacticalReloadFixation": 0.95,
		"RecoilCenter": {
			"x": 0,
			"y": -0.32,
			"z": -0.02
		},
		"RotationCenter": {
			"x": 0,
			"y": -0.13,
			"z": 0
		},
		"RotationCenterNoStock": {
			"x": 0,
			"y": -0.38,
			"z": -0.11
		},
		"SizeReduceRight": 0,
		"FoldedSlot": "",
		"CompactHandling": false,
		"SightingRange": 100,
		"MinRepairDegradation": 0,
		"MaxRepairDegradation": 0.01,
		"IronSightRange": 50,
		"MustBoltBeOpennedForExternalReload": false,
		"MustBoltBeOpennedForInternalReload": false,
		"BoltAction": false,
		"HipAccuracyRestorationDelay": 0.2,
		"HipAccuracyRestorationSpeed": 7,
		"HipInnaccuracyGain": 0.16,
		"ManualBoltCatch": false
	},
	"_proto": "5447a9cd4bdc2dbd208b4567"
}