{
	"_id": "5de652c31b7e3716273428be",
	"_name": "weapon_molot_vpo_215_366tkm",
	"_parent": "5447b6254bdc2dc3278b4568",
	"_type": "Item",
	"_props": {
		"Name": "weapon_molot_vpo_215_366tkm",
		"ShortName": "weapon_molot_vpo_215_366tkm",
		"Description": "weapon_molot_vpo_215_366tkm",
		"Weight": 0.55,
		"BackgroundColor": "black",
		"Width": 1,
		"Height": 1,
		"StackMaxSize": 1,
		"Rarity": "Not_exist",
		"SpawnChance": 2,
		"CreditsPrice": 7350,
		"ItemSound": "weap_rifle",
		"Prefab": {
			"path": "assets/content/weapons/vpo215/weapon_molot_vpo_215_366tkm_container.bundle",
			"rcid": ""
		},
		"UsePrefab": {
			"path": "",
			"rcid": ""
		},
		"StackObjectsCount": 1,
		"NotShownInSlot": false,
		"ExaminedByDefault": true,
		"ExamineTime": 1,
		"IsUndiscardable": false,
		"IsUnsaleable": false,
		"IsUnbuyable": false,
		"IsUngivable": false,
		"IsLockedafterEquip": false,
		"QuestItem": false,
		"LootExperience": 20,
		"ExamineExperience": 10,
		"HideEntrails": false,
		"RepairCost": 680,
		"RepairSpeed": 14,
		"ExtraSizeLeft": 0,
		"ExtraSizeRight": 0,
		"ExtraSizeUp": 0,
		"ExtraSizeDown": 0,
		"ExtraSizeForceAdd": false,
		"MergesWithChildren": true,
		"CanSellOnRagfair": true,
		"CanRequireOnRagfair": true,
		"BannedFromRagfair": false,
		"ConflictingItems": [],
		"FixedPrice": false,
		"Unlootable": false,
		"UnlootableFromSlot": "FirstPrimaryWeapon",
		"UnlootableFromSide": [
			"Bear",
			"Usec",
			"Savage"
		],
		"ChangePriceCoef": 1,
		"AllowSpawnOnLocations": [],
		"SendToClient": false,
		"AnimationVariantsNumber": 0,
		"DiscardingBlock": false,
		"Grids": [],
		"Slots": [
			{
				"_name": "mod_magazine",
				"_id": "5de652c31b7e3716273428c0",
				"_parent": "5de652c31b7e3716273428be",
				"_props": {
					"filters": [
						{
							"AnimationIndex": 0,
							"Filter": [
								"5de653abf76fdc1ce94a5a2a",
								"aresVPO"
							]
						}
					]
				},
				"_required": false,
				"_mergeSlotWithChildren": false,
				"_proto": "55d30c394bdc2dae468b4577"
			},
			{
				"_name": "mod_stock",
				"_id": "5de652c31b7e3716273428c1",
				"_parent": "5de652c31b7e3716273428be",
				"_props": {
					"filters": [
						{
							"Shift": 0,
							"Filter": [
								"5de655be4a9f347bc92edb88"
							]
						}
					]
				},
				"_required": true,
				"_mergeSlotWithChildren": false,
				"_proto": "55d30c4c4bdc2db4468b457e"
			},
			{
				"_name": "mod_barrel",
				"_id": "5de652c31b7e3716273428c2",
				"_parent": "5de652c31b7e3716273428be",
				"_props": {
					"filters": [
						{
							"Shift": 0,
							"Filter": [
								"5de65547883dde217541644b"
							]
						}
					]
				},
				"_required": true,
				"_mergeSlotWithChildren": false,
				"_proto": "55d30c4c4bdc2db4468b457e"
			},
			{
				"_name": "mod_mount",
				"_id": "5de652c31b7e3716273428c3",
				"_parent": "5de652c31b7e3716273428be",
				"_props": {
					"filters": [
						{
							"Shift": 0,
							"Filter": [
								"5de6558e9f98ac2bc65950fc"
							]
						}
					]
				},
				"_required": false,
				"_mergeSlotWithChildren": false,
				"_proto": "55d30c4c4bdc2db4468b457e"
			}
		],
		"CanPutIntoDuringTheRaid": true,
		"CantRemoveFromSlotsDuringRaid": [],
		"weapClass": "sniperRifle",
		"weapUseType": "primary",
		"ammoCaliber": "Caliber366TKM",
		"Durability": 100,
		"MaxDurability": 100,
		"OperatingResource": 3000,
		"RepairComplexity": 1,
		"durabSpawnMin": 25,
		"durabSpawnMax": 75,
		"isFastReload": true,
		"RecoilForceUp": 245,
		"RecoilForceBack": 585,
		"Convergence": 1.1,
		"RecoilAngle": 90,
		"weapFireType": [
			"single"
		],
		"RecolDispersion": 10,
		"bFirerate": 30,
		"Ergonomics": 26,
		"Velocity": 1.81,
		"bEffDist": 1000,
		"bHearDist": 100,
		"isChamberLoad": true,
		"chamberAmmoCount": 1,
		"isBoltCatch": true,
		"defMagType": "5de653abf76fdc1ce94a5a2a",
		"defAmmo": "59e655cb86f77411dc52a77b",
		"shotgunDispersion": 0,
		"Chambers": [
			{
				"_name": "patron_in_weapon",
				"_id": "5de652c31b7e3716273428c4",
				"_parent": "5de652c31b7e3716273428be",
				"_props": {
					"filters": [
						{
							"Filter": [
								"59e655cb86f77411dc52a77b",
								"59e6542b86f77411dc52a77a",
								"59e6658b86f77411d949b250"
							]
						}
					]
				},
				"_required": false,
				"_mergeSlotWithChildren": false,
				"_proto": "55d4af244bdc2d962f8b4571"
			}
		],
		"CameraRecoil": 0.4,
		"CameraSnap": 3.5,
		"ReloadMode": "ExternalMagazine",
		"CenterOfImpact": 0.011,
		"AimPlane": 0.32,
		"DeviationCurve": 1,
		"DeviationMax": 100,
		"Foldable": false,
		"Retractable": false,
		"TacticalReloadStiffnes": {
			"x": 0.95,
			"y": 0.33,
			"z": 0.95
		},
		"TacticalReloadFixation": 0.95,
		"RecoilCenter": {
			"x": 0,
			"y": -0.43,
			"z": 0.03
		},
		"RotationCenter": {
			"x": 0,
			"y": -0.16,
			"z": -0.06
		},
		"RotationCenterNoStock": {
			"x": 0,
			"y": 0,
			"z": 0
		},
		"SizeReduceRight": 0,
		"FoldedSlot": "",
		"CompactHandling": false,
		"SightingRange": 100,
		"MinRepairDegradation": 0,
		"MaxRepairDegradation": 0.01,
		"IronSightRange": 25,
		"MustBoltBeOpennedForExternalReload": false,
		"MustBoltBeOpennedForInternalReload": false,
		"BoltAction": true,
		"HipAccuracyRestorationDelay": 0.2,
		"HipAccuracyRestorationSpeed": 7,
		"HipInnaccuracyGain": 0.16,
		"ManualBoltCatch": false
	},
	"_proto": "55801eed4bdc2d89578b4588"
}