{
	"_id": "5de7bd7bfd6b4e6e2276dc25",
	"_name": "weapon_bt_mp9n_9x19",
	"_parent": "5447b5e04bdc2d62278b4567",
	"_type": "Item",
	"_props": {
		"Name": "Бургер и Томат ЭмПэ ДеВяТь",
		"ShortName": "weapon_bt_mp9_9x19",
		"Description": "weapon_bt_mp9_9x19",
		"Weight": 0.75,
		"BackgroundColor": "black",
		"Width": 2,
		"Height": 1,
		"StackMaxSize": 1,
		"Rarity": "Superrare",
		"SpawnChance": 4,
		"CreditsPrice": 18500,
		"ItemSound": "weap_ar",
		"Prefab": {
			"path": "assets/content/weapons/mp9/weapon_bt_mp9n_9x19_container.bundle",
			"rcid": ""
		},
		"UsePrefab": {
			"path": "",
			"rcid": ""
		},
		"StackObjectsCount": 1,
		"NotShownInSlot": false,
		"ExaminedByDefault": true,
		"ExamineTime": 1,
		"IsUndiscardable": false,
		"IsUnsaleable": false,
		"IsUnbuyable": false,
		"IsUngivable": false,
		"IsLockedafterEquip": false,
		"QuestItem": false,
		"LootExperience": 30,
		"ExamineExperience": 8,
		"HideEntrails": false,
		"RepairCost": 400,
		"RepairSpeed": 15,
		"ExtraSizeLeft": 0,
		"ExtraSizeRight": 0,
		"ExtraSizeUp": 0,
		"ExtraSizeDown": 0,
		"ExtraSizeForceAdd": false,
		"MergesWithChildren": true,
		"CanSellOnRagfair": true,
		"CanRequireOnRagfair": true,
		"BannedFromRagfair": false,
		"ConflictingItems": [],
		"FixedPrice": false,
		"Unlootable": false,
		"UnlootableFromSlot": "FirstPrimaryWeapon",
		"UnlootableFromSide": [],
		"ChangePriceCoef": 1,
		"AllowSpawnOnLocations": [],
		"SendToClient": false,
		"AnimationVariantsNumber": 0,
		"DiscardingBlock": false,
		"Grids": [],
		"Slots": [
			{
				"_name": "mod_magazine",
				"_id": "5de7bd7bfd6b4e6e2276dc27",
				"_parent": "5de7bd7bfd6b4e6e2276dc25",
				"_props": {
					"filters": [
						{
							"AnimationIndex": -1,
							"Filter": [
								"5de8e8dafd6b4e6e2276dc32",
								"5de8ea8ffd6b4e6e2276dc35",
								"5de8eaadbbaf010b10528a6d",
								"5de8eac42a78646d96665d91",
								"aresMP9"
							]
						}
					]
				},
				"_required": false,
				"_mergeSlotWithChildren": false,
				"_proto": "55d30c394bdc2dae468b4577"
			},
			{
				"_name": "mod_muzzle",
				"_id": "5de7bd7bfd6b4e6e2276dc28",
				"_parent": "5de7bd7bfd6b4e6e2276dc25",
				"_props": {
					"filters": [
						{
							"Shift": 0,
							"Filter": [
								"5de8f237bbaf010b10528a70"
							]
						}
					]
				},
				"_required": false,
				"_mergeSlotWithChildren": false,
				"_proto": "55d30c4c4bdc2db4468b457e"
			},
			{
				"_name": "mod_stock",
				"_id": "5de7bd7bfd6b4e6e2276dc2f",
				"_parent": "5de7bd7bfd6b4e6e2276dc25",
				"_props": {
					"filters": [
						{
							"Shift": 0,
							"Filter": [
								"5de910da8b6c4240ba2651b5"
							]
						}
					]
				},
				"_required": false,
				"_mergeSlotWithChildren": false,
				"_proto": "55d30c4c4bdc2db4468b457e"
			},
			{
				"_name": "mod_foregrip",
				"_id": "5de919a3883dde2175416467",
				"_parent": "5de7bd7bfd6b4e6e2276dc25",
				"_props": {
					"filters": [
						{
							"Shift": 0,
							"Filter": [
								"5de8fbad2fbe23140d3ee9c4"
							]
						}
					]
				},
				"_required": false,
				"_mergeSlotWithChildren": false,
				"_proto": "55d30c4c4bdc2db4468b457e"
			},
			{
				"_name": "mod_reciever",
				"_id": "5de919b4f76fdc1ce94a5a4e",
				"_parent": "5de7bd7bfd6b4e6e2276dc25",
				"_props": {
					"filters": [
						{
							"Shift": 0,
							"Filter": [
								"5de8e67c4a9f347bc92edbd7",
								"5e0090f7e9dc277128008b93"
							]
						}
					]
				},
				"_required": true,
				"_mergeSlotWithChildren": false,
				"_proto": "55d30c4c4bdc2db4468b457e"
			},
			{
				"_name": "mod_charge",
				"_id": "5de92277b74cd90030650c7f",
				"_parent": "5de7bd7bfd6b4e6e2276dc25",
				"_props": {
					"filters": [
						{
							"Shift": 0,
							"Filter": [
								"5de922d4b11454561e39239f"
							]
						}
					]
				},
				"_required": true,
				"_mergeSlotWithChildren": false,
				"_proto": "55d30c4c4bdc2db4468b457e"
			}
		],
		"CanPutIntoDuringTheRaid": true,
		"CantRemoveFromSlotsDuringRaid": [],
		"weapClass": "smg",
		"weapUseType": "primary",
		"ammoCaliber": "Caliber9x19PARA",
		"Durability": 100,
		"MaxDurability": 100,
		"OperatingResource": 4000,
		"RepairComplexity": 0,
		"durabSpawnMin": 25,
		"durabSpawnMax": 75,
		"isFastReload": true,
		"RecoilForceUp": 67,
		"RecoilForceBack": 315,
		"Convergence": 2.2,
		"RecoilAngle": 95,
		"weapFireType": [
			"single",
			"fullauto"
		],
		"RecolDispersion": 25,
		"bFirerate": 1100,
		"Ergonomics": 75,
		"Velocity": 13,
		"bEffDist": 200,
		"bHearDist": 80,
		"isChamberLoad": true,
		"chamberAmmoCount": 1,
		"isBoltCatch": true,
		"defMagType": "5de8e8dafd6b4e6e2276dc32",
		"defAmmo": "58864a4f2459770fcc257101",
		"shotgunDispersion": 0,
		"Chambers": [
			{
				"_name": "patron_in_weapon",
				"_id": "5de7bd7bfd6b4e6e2276dc30",
				"_parent": "5de7bd7bfd6b4e6e2276dc25",
				"_props": {
					"filters": [
						{
							"Filter": [
								"5c3df7d588a4501f290594e5",
								"58864a4f2459770fcc257101",
								"56d59d3ad2720bdb418b4577",
								"5c925fa22e221601da359b7b",
								"5a3c16fe86f77452b62de32a",
								"5c0d56a986f774449d5de529"
							]
						}
					]
				},
				"_required": false,
				"_mergeSlotWithChildren": false,
				"_proto": "55d4af244bdc2d962f8b4571"
			}
		],
		"CameraRecoil": 0.1,
		"CameraSnap": 3.5,
		"ReloadMode": "ExternalMagazine",
		"CenterOfImpact": 0.21,
		"AimPlane": 0.1,
		"DeviationCurve": 1,
		"DeviationMax": 100,
		"Foldable": true,
		"Retractable": false,
		"TacticalReloadStiffnes": {
			"x": 0.95,
			"y": 0.33,
			"z": 0.95
		},
		"TacticalReloadFixation": 0.95,
		"RecoilCenter": {
			"x": 0,
			"y": -0.32,
			"z": -0.02
		},
		"RotationCenter": {
			"x": 0,
			"y": -0.13,
			"z": 0
		},
		"RotationCenterNoStock": {
			"x": 0,
			"y": -0.38,
			"z": -0.11
		},
		"SizeReduceRight": 0,
		"FoldedSlot": "mod_stock",
		"CompactHandling": true,
		"SightingRange": 100,
		"MinRepairDegradation": 0,
		"MaxRepairDegradation": 0.01,
		"IronSightRange": 50,
		"MustBoltBeOpennedForExternalReload": false,
		"MustBoltBeOpennedForInternalReload": false,
		"BoltAction": false,
		"HipAccuracyRestorationDelay": 0.2,
		"HipAccuracyRestorationSpeed": 7,
		"HipInnaccuracyGain": 0.16,
		"ManualBoltCatch": false
	},
	"_proto": "5447a9cd4bdc2dbd208b4567"
}