{
	"_id": "apollosPropital",
	"_name": "apollosPropital",
	"_parent": "5448f3a64bdc2d60728b456a",
	"_type": "Item",
	"_props": {
		"Name": "Apollo's Propital",
		"ShortName": "Apollo's Propital",
		"Description": "With Apollo's Propital coursing through your veins, there's no ailment you can't cure.",
		"Weight": 0.01, 
		"BackgroundColor": "red",
		"Width": 1,
		"Height": 1,
		"StackMaxSize": 1,
		"Rarity": "Not_exist",
		"SpawnChance": 4,
		"CreditsPrice": 500000,
		"ItemSound": "med_stimulator",
		"Prefab": {
			"path": "assets/content/weapons/usable_items/item_syringe/item_stimulator_propital_loot.bundle",
			"rcid": ""
		},
		"UsePrefab": {
			"path": "assets/content/weapons/usable_items/item_syringe/item_stimulator_propital_container.bundle",
			"rcid": ""
		},
		"StackObjectsCount": 1,
		"NotShownInSlot": false,
		"ExaminedByDefault": true,
		"ExamineTime": 1,
		"IsUndiscardable": false,
		"IsUnsaleable": false,
		"IsUnbuyable": false,
		"IsUngivable": false,
		"IsLockedafterEquip": false,
		"QuestItem": false,
		"LootExperience": 20,
		"ExamineExperience": 8,
		"HideEntrails": false,
		"RepairCost": 0,
		"RepairSpeed": 0,
		"ExtraSizeLeft": 0,
		"ExtraSizeRight": 0,
		"ExtraSizeUp": 0,
		"ExtraSizeDown": 0,
		"ExtraSizeForceAdd": false,
		"MergesWithChildren": false,
		"CanSellOnRagfair": true,
		"CanRequireOnRagfair": true,
		"BannedFromRagfair": false,
		"ConflictingItems": [],
		"FixedPrice": false,
		"Unlootable": false,
		"UnlootableFromSlot": "FirstPrimaryWeapon",
		"UnlootableFromSide": [],
		"ChangePriceCoef": 1,
		"AllowSpawnOnLocations": [],
		"SendToClient": false,
		"AnimationVariantsNumber": 0,
		"DiscardingBlock": false,
		"medUseTime": 0.5,
		"medEffectType": "duringUse",
		"MaxHpResource": 5000,
		"hpResourceRate": 100,
		"StimulatorBuffs": "",
		"effects_health": {
			"common": {
				"value": 0,
				"percent": false,
				"time": 0,
				"duration": 0
			},
			"head": {
				"value": 0,
				"percent": false,
				"time": 0,
				"duration": 0
			},
			"arm_left": {
				"value": 0,
				"percent": false,
				"time": 0,
				"duration": 0
			},
			"arm_right": {
				"value": 0,
				"percent": false,
				"time": 0,
				"duration": 0
			},
			"chest": {
				"value": 0,
				"percent": false,
				"time": 0,
				"duration": 0
			},
			"tummy": {
				"value": 0,
				"percent": false,
				"time": 0,
				"duration": 0
			},
			"leg_left": {
				"value": 0,
				"percent": false,
				"time": 0,
				"duration": 0
			},
			"leg_right": {
				"value": 0,
				"percent": false,
				"time": 0,
				"duration": 0
			},
			"energy": {
				"value": 150,
				"percent": false,
				"time": 0,
				"duration": 0
			},
			"hydration": {
				"value": 150,
				"percent": false,
				"time": 0,
				"duration": 0
			}
		},
		"effects_damage": {
			"bloodloss": {
				"remove": true,
				"time": 0,
				"duration": 0,
				"fadeOut": 0,
				"cost": 1
			},
			"fracture": {
				"remove": true,
				"time": 0,
				"duration": 0,
				"fadeOut": 0.5,
				"cost": 1
			},
			"pain": {
				"remove": true,
				"time": 0,
				"duration": 300,
				"fadeOut": 0.5,
				"cost": 1
			},
			"contusion": {
				"remove": true,
				"time": 0,
				"duration": 0,
				"fadeOut": 0,
				"cost": 1
			},
			"toxication": {
				"remove": true,
				"time": 0,
				"duration": 0,
				"fadeOut": 0,
				"cost": 1
			},
			"radExposure": {
				"remove": true,
				"time": 0,
				"duration": 0,
				"fadeOut": 0,
				"cost": 1
			}
		},
		"Buffs": []
	},
	"_proto": "544fb3f34bdc2d03748b456a"
}