{
	"_id": "apollosCMS",
	"_name": "apollosCMS",
	"_parent": "5448f3a64bdc2d60728b456a",
	"_type": "Item",
	"_props": {
		"Name": "Apollo's CMS",
		"ShortName": "Apollo's CMS",
		"Description": "Not even 100 Blackened limbs can't stop the god of war!",
		"Weight": 0.01, 
		"BackgroundColor": "red",
		"Width": 1,
		"Height": 1,
		"StackMaxSize": 1,
		"Rarity": "Not_exist",
		"SpawnChance": 4,
		"CreditsPrice": 500000,
		"ItemSound": "med_medkit",
		"Prefab": {
			"path": "assets/content/weapons/usable_items/item_syringe/item_stimulator_zagustin_loot.bundle",
			"rcid": ""
		},
		"UsePrefab": {
			"path": "assets/content/weapons/usable_items/item_syringe/item_stimulator_zagustin_container.bundle",
			"rcid": ""
		},
		"StackObjectsCount": 1,
		"NotShownInSlot": false,
		"ExaminedByDefault": true,
		"ExamineTime": 1,
		"IsUndiscardable": false,
		"IsUnsaleable": false,
		"IsUnbuyable": false,
		"IsUngivable": false,
		"IsLockedafterEquip": false,
		"QuestItem": false,
		"LootExperience": 40,
		"ExamineExperience": 2,
		"HideEntrails": false,
		"RepairCost": 0,
		"RepairSpeed": 0,
		"ExtraSizeLeft": 0,
		"ExtraSizeRight": 0,
		"ExtraSizeUp": 0,
		"ExtraSizeDown": 0,
		"ExtraSizeForceAdd": false,
		"MergesWithChildren": false,
		"CanSellOnRagfair": true,
		"CanRequireOnRagfair": true,
		"BannedFromRagfair": false,
		"ConflictingItems": [],
		"FixedPrice": false,
		"Unlootable": false,
		"UnlootableFromSlot": "FirstPrimaryWeapon",
		"UnlootableFromSide": [],
		"ChangePriceCoef": 1,
		"AllowSpawnOnLocations": [],
		"SendToClient": true,
		"AnimationVariantsNumber": 0,
		"DiscardingBlock": false,
		"medUseTime": 1,
		"medEffectType": "duringUse",
		"MaxHpResource": 100,
		"hpResourceRate": 0,
		"StimulatorBuffs": "",
		"effects_health": {
			"common": {
				"value": 0,
				"percent": false,
				"time": 0,
				"duration": 0
			},
			"head": {
				"value": 0,
				"percent": false,
				"time": 0,
				"duration": 0
			},
			"arm_left": {
				"value": 0,
				"percent": false,
				"time": 0,
				"duration": 0
			},
			"arm_right": {
				"value": 0,
				"percent": false,
				"time": 0,
				"duration": 0
			},
			"chest": {
				"value": 0,
				"percent": false,
				"time": 0,
				"duration": 0
			},
			"tummy": {
				"value": 0,
				"percent": false,
				"time": 0,
				"duration": 0
			},
			"leg_left": {
				"value": 0,
				"percent": false,
				"time": 0,
				"duration": 0
			},
			"leg_right": {
				"value": 0,
				"percent": false,
				"time": 0,
				"duration": 0
			},
			"energy": {
				"value": 0,
				"percent": false,
				"time": 0,
				"duration": 0
			},
			"hydration": {
				"value": 0,
				"percent": false,
				"time": 0,
				"duration": 0
			}
		},
		"effects_damage": {
			"bloodloss": {
				"remove": false,
				"time": 0,
				"duration": 0,
				"fadeOut": 0,
				"healthPenaltyMin": 0,
				"healthPenaltyMax": 0
			},
			"fracture": {
				"remove": false,
				"time": 0,
				"duration": 0,
				"fadeOut": 0,
				"healthPenaltyMin": 0,
				"healthPenaltyMax": 0
			},
			"pain": {
				"remove": false,
				"time": 0,
				"duration": 0,
				"fadeOut": 0,
				"healthPenaltyMin": 0,
				"healthPenaltyMax": 0
			},
			"contusion": {
				"remove": false,
				"time": 0,
				"duration": 0,
				"fadeOut": 0,
				"healthPenaltyMin": 0,
				"healthPenaltyMax": 0
			},
			"toxication": {
				"remove": false,
				"time": 0,
				"duration": 0,
				"fadeOut": 0,
				"healthPenaltyMin": 0,
				"healthPenaltyMax": 0
			},
			"radExposure": {
				"remove": false,
				"time": 0,
				"duration": 0,
				"fadeOut": 0,
				"healthPenaltyMin": 0,
				"healthPenaltyMax": 0
			},
			"destroyedPart": {
				"remove": true,
				"time": 0,
				"duration": 0,
				"fadeOut": 0,
				"healthPenaltyMin": 95,
				"healthPenaltyMax": 100
			}
		}
	},
	"_proto": "544fb3364bdc2d34748b456a"
}