{
	"_id": "ares545",
	"_name": "ares545",
	"_parent": "5448bc234bdc2d3c308b4569",
	"_type": "Item",
	"_props": {
		"Name": "Ares Magazine for 5.45x39",
		"ShortName": "Ares Mag 5.45x39",
		"Description": "Turns out that BEAR weapons CAN handle 1000 rounds of action!",
		"Weight": 0.01, 
		"BackgroundColor": "red",
		"Width": 1,
		"Height": 1,
		"StackMaxSize": 1,
		"Rarity": "Not_exist",
		"SpawnChance": 14,
		"CreditsPrice": 250000,
		"ItemSound": "magazine_metal",
		"Prefab": {
			"path": "assets/content/items/mods/magazines/mag_ak74_izhmash_saiga_545_std_545x39_10.bundle",
			"rcid": ""
		},
		"UsePrefab": {
			"path": "",
			"rcid": ""
		},
		"StackObjectsCount": 1,
		"NotShownInSlot": false,
		"ExaminedByDefault": true,
		"ExamineTime": 1,
		"IsUndiscardable": false,
		"IsUnsaleable": false,
		"IsUnbuyable": false,
		"IsUngivable": false,
		"IsLockedafterEquip": false,
		"QuestItem": false,
		"LootExperience": 15,
		"ExamineExperience": 2,
		"HideEntrails": false,
		"RepairCost": 0,
		"RepairSpeed": 0,
		"ExtraSizeLeft": 0,
		"ExtraSizeRight": 0,
		"ExtraSizeUp": 0,
		"ExtraSizeDown": 0,
		"ExtraSizeForceAdd": false,
		"MergesWithChildren": true,
		"CanSellOnRagfair": true,
		"CanRequireOnRagfair": true,
		"BannedFromRagfair": false,
		"ConflictingItems": [],
		"FixedPrice": false,
		"Unlootable": false,
		"UnlootableFromSlot": "FirstPrimaryWeapon",
		"UnlootableFromSide": [],
		"ChangePriceCoef": 1,
		"AllowSpawnOnLocations": [],
		"SendToClient": false,
		"AnimationVariantsNumber": 0,
		"DiscardingBlock": false,
		"Grids": [],
		"Slots": [],
		"CanPutIntoDuringTheRaid": true,
		"CantRemoveFromSlotsDuringRaid": [],
		"Durability": 100,
		"Accuracy": 100,
		"Recoil": -100,
		"Loudness": 0,
		"EffectiveDistance": 0,
		"Ergonomics": 100,
		"Velocity": 0,
		"RaidModdable": true,
		"ToolModdable": false,
		"BlocksFolding": false,
		"BlocksCollapsible": false,
		"IsAnimated": false,
		"HasShoulderContact": false,
		"SightingRange": 0,
		"magAnimationIndex": 0,
		"Cartridges": [
			{
				"_name": "cartridges",
				"_id": "5cbdaf89ae9215000e5b9c96",
				"_parent": "ares545",
				"_max_count": 1000,
				"_props": {
					"filters": [
						{
							"Filter": [
								"5c0d5e4486f77478390952fe",
								"56dfef82d2720bbd668b4567",
								"56dff026d2720bb8668b4567",
								"56dff061d2720bb5668b4567",
								"56dff0bed2720bb0668b4567",
								"56dff216d2720bbd668b4568",
								"56dff2ced2720bb4668b4567",
								"56dff338d2720bbd668b4569",
								"56dff3afd2720bba668b4567",
								"56dff421d2720b5f5a8b4567",
								"56dff4a2d2720bbd668b456a",
								"56dff4ecd2720b5f5a8b4568"
							]
						}
					]
				},
				"_proto": "5748538b2459770af276a261"
			}
		],
		"CanFast": true,
		"CanHit": false,
		"CanAdmin": false,
		"LoadUnloadModifier": -100,
		"CheckTimeModifier": -100,
		"CheckOverride": 0,
		"ReloadMagType": "ExternalMagazine",
		"VisibleAmmoRangesString": "1-3"
	}
}