{
	"_id": "aresMosinAngel",
	"_name": "aresMosinAngel",
	"_parent": "5448bc234bdc2d3c308b4569",
	"_type": "Item",
	"_props": {
		"Name": "aresMosinAngel",
		"ShortName": "aresMosinAngel",
		"Description": "aresMosinAngel",
		"Weight": 0.01, 
		"BackgroundColor": "red",
		"Width": 1,
		"Height": 1,
		"StackMaxSize": 1,
		"Rarity": "Not_exist",
		"SpawnChance": 17,
		"CreditsPrice": 250000,
		"ItemSound": "magazine_metal",
		"Prefab": {
			"path": "assets/content/items/mods/magazines/mag_mosin_promag_opfor_mag_762x54_10.bundle",
			"rcid": ""
		},
		"UsePrefab": {
			"path": "",
			"rcid": ""
		},
		"StackObjectsCount": 1,
		"NotShownInSlot": false,
		"ExaminedByDefault": true,
		"ExamineTime": 1,
		"IsUndiscardable": false,
		"IsUnsaleable": false,
		"IsUnbuyable": false,
		"IsUngivable": false,
		"IsLockedafterEquip": false,
		"QuestItem": false,
		"LootExperience": 10,
		"ExamineExperience": 2,
		"HideEntrails": false,
		"RepairCost": 0,
		"RepairSpeed": 0,
		"ExtraSizeLeft": 0,
		"ExtraSizeRight": 0,
		"ExtraSizeUp": 0,
		"ExtraSizeDown": 1,
		"ExtraSizeForceAdd": false,
		"MergesWithChildren": true,
		"CanSellOnRagfair": true,
		"CanRequireOnRagfair": true,
		"BannedFromRagfair": false,
		"ConflictingItems": [
			"5bbdb870d4351e00367fb67d",
			"5bfd36ad0db834001c38ef66",
			"5bfd37c80db834001d23e842",
			"5bfd384c0db834001a6691d3",
			"5bfd35380db83400232fe5cc",
			"5bfd36290db834001966869a",
			"5ae096d95acfc400185c2c81"
		],
		"FixedPrice": false,
		"Unlootable": false,
		"UnlootableFromSlot": "FirstPrimaryWeapon",
		"UnlootableFromSide": [],
		"ChangePriceCoef": 1,
		"AllowSpawnOnLocations": [],
		"SendToClient": false,
		"AnimationVariantsNumber": 0,
		"DiscardingBlock": false,
		"Grids": [],
		"Slots": [],
		"CanPutIntoDuringTheRaid": true,
		"CantRemoveFromSlotsDuringRaid": [],
		"Durability": 100,
		"Accuracy": 100,
		"Recoil": -100,
		"Loudness": 0,
		"EffectiveDistance": 0,
		"Ergonomics": 100,
		"Velocity": 0,
		"RaidModdable": true,
		"ToolModdable": false,
		"BlocksFolding": false,
		"BlocksCollapsible": false,
		"IsAnimated": false,
		"HasShoulderContact": false,
		"SightingRange": 0,
		"magAnimationIndex": 0,
		"Cartridges": [
			{
				"_name": "cartridges",
				"_id": "5bae13ded4351e44f824bf3a",
				"_parent": "aresMosinAngel",
				"_max_count": 1000,
				"_props": {
					"filters": [
						{
							"Filter": [
								"5e023d34e8a400319a28ed44",
								"5e023d48186a883be655e551",
								"5e023cf8186a883be655e54f",
								"59e77a2386f7742ee578960a",
								"5887431f2459777e1612938f",
								"560d61e84bdc2da74d8b4571"
							]
						}
					]
				},
				"_proto": "5748538b2459770af276a261"
			}
		],
		"CanFast": true,
		"CanHit": false,
		"CanAdmin": false,
		"LoadUnloadModifier": -100,
		"CheckTimeModifier": -100,
		"CheckOverride": 0,
		"ReloadMagType": "ExternalMagazine",
		"VisibleAmmoRangesString": "1-3"
	},
	"_proto": "55d480c04bdc2d1d4e8b456a"
}