{
	"_id": "armorOfAthena",
	"_name": "armorOfAthena",
	"_parent": "5448e54d4bdc2dcc718b4568",
	"_type": "Item",
	"_props": {
		"Name": "Armor Of Athena",
		"ShortName": "Armor Of Athena",
		"Description": "The Armor Of Athena provides the highest level of protection for all your common body parts. A bit on the heavy side (this was worn by a god afterall) you might want to couple it with the Helmet of Hermes.",
		"Weight": 0.01, 
		"BackgroundColor": "red",
		"Width": 4,
		"Height": 4,
		"StackMaxSize": 1,
		"Rarity": "Not_exist",
		"SpawnChance": 2,
		"CreditsPrice": 2500000,
		"ItemSound": "gear_armor",
		"Prefab": {
			"path": "assets/content/items/equipment/armor_redut_t5/item_equipment_armor_redut_t5.bundle",
			"rcid": ""
		},
		"UsePrefab": {
			"path": "",
			"rcid": ""
		},
		"StackObjectsCount": 1,
		"NotShownInSlot": false,
		"ExaminedByDefault": true,
		"ExamineTime": 1,
		"IsUndiscardable": false,
		"IsUnsaleable": false,
		"IsUnbuyable": false,
		"IsUngivable": false,
		"IsLockedafterEquip": false,
		"QuestItem": false,
		"LootExperience": 20,
		"ExamineExperience": 2,
		"HideEntrails": false,
		"RepairCost": 1000,
		"RepairSpeed": 10,
		"ExtraSizeLeft": 0,
		"ExtraSizeRight": 0,
		"ExtraSizeUp": 0,
		"ExtraSizeDown": 0,
		"ExtraSizeForceAdd": false,
		"MergesWithChildren": false,
		"CanSellOnRagfair": true,
		"CanRequireOnRagfair": true,
		"BannedFromRagfair": false,
		"ConflictingItems": [],
		"FixedPrice": false,
		"Unlootable": false,
		"UnlootableFromSlot": "FirstPrimaryWeapon",
		"UnlootableFromSide": [],
		"ChangePriceCoef": 1,
		"AllowSpawnOnLocations": [],
		"SendToClient": true,
		"AnimationVariantsNumber": 0,
		"DiscardingBlock": false,
		"Grids": [],
		"Slots": [],
		"CanPutIntoDuringTheRaid": true,
		"CantRemoveFromSlotsDuringRaid": [],
		"BlocksEarpiece": false,
		"BlocksEyewear": false,
		"BlocksHeadwear": false,
		"BlocksFaceCover": false,
		"Durability": 9001,
		"MaxDurability": 9001,
		"armorClass": "10",
		"speedPenaltyPercent": -25,
		"mousePenalty": -15,
		"weaponErgonomicPenalty": -10,
		"armorZone": [
			"Chest",
			"LeftArm",
			"RightArm",
			"Stomach",
			"LeftLeg",
			"RightLeg"
		],
		"Indestructibility": 0.01,
		"headSegments": [],
		"FaceShieldComponent": false,
		"FaceShieldMask": "NoMask",
		"HasHinge": false,
		"MaterialType": "BodyArmor",
		"DeafStrength": "None",
		"BluntThroughput": 0,
		"ArmorMaterial": "Aramid"
	}
}