{
	"_id": "atlasSatchel",
	"_name": "atlasSatchel",
	"_parent": "5448e53e4bdc2d60728b4567",
	"_type": "Item",
	"_props": {
		"Name": "Atlas' Satchel",
		"ShortName": "Atlas' Satchel",
		"Description": "With Atlas' Satchel, you feel like you could carry the world on your back.",
		"Weight": 0.01, 
		"BackgroundColor": "red",
		"Width": 4,
		"Height": 4,
		"StackMaxSize": 1,
		"Rarity": "Not_exist",
		"SpawnChance": 4,
		"CreditsPrice": 1000000,
		"ItemSound": "gear_backpack",
		"Prefab": {
			"path": "assets/content/items/equipment/backpack_baselard/item_equipment_backpack_baselard.bundle",
			"rcid": ""
		},
		"UsePrefab": {
			"path": "",
			"rcid": ""
		},
		"StackObjectsCount": 1,
		"NotShownInSlot": false,
		"ExaminedByDefault": true,
		"ExamineTime": 1,
		"IsUndiscardable": false,
		"IsUnsaleable": false,
		"IsUnbuyable": false,
		"IsUngivable": false,
		"IsLockedafterEquip": false,
		"QuestItem": false,
		"LootExperience": 20,
		"ExamineExperience": 10,
		"HideEntrails": true,
		"RepairCost": 0,
		"RepairSpeed": 0,
		"ExtraSizeLeft": 0,
		"ExtraSizeRight": 0,
		"ExtraSizeUp": 0,
		"ExtraSizeDown": 0,
		"ExtraSizeForceAdd": false,
		"MergesWithChildren": false,
		"CanSellOnRagfair": true,
		"CanRequireOnRagfair": true,
		"BannedFromRagfair": false,
		"ConflictingItems": [],
		"FixedPrice": false,
		"Unlootable": false,
		"UnlootableFromSlot": "FirstPrimaryWeapon",
		"UnlootableFromSide": [],
		"ChangePriceCoef": 1,
		"AllowSpawnOnLocations": [],
		"SendToClient": false,
		"AnimationVariantsNumber": 0,
		"DiscardingBlock": false,
		"Grids": [
			{
				"_name": "main",
				"_id": "55d4a1374bdc2d8b2f8b456c",
				"_parent": "atlasSatchel",
				"_props": {
					"filters": [],
					"cellsH": 30,
					"cellsV": 16,
					"minCount": 0,
					"maxCount": 0,
					"maxWeight": 0
				},
				"_proto": "55d329c24bdc2d892f8b4567"
			}
		],
		"Slots": [],
		"CanPutIntoDuringTheRaid": true,
		"CantRemoveFromSlotsDuringRaid": [],
		"SearchSound": "looting_body_extended",
		"BlocksArmorVest": false,
		"speedPenaltyPercent": 0,
		"GridLayoutName": ""
	}
}