{
	"_id": "hercRig",
	"_name": "hercRig",
	"_parent": "5448e5284bdc2dcb718b4567",
	"_type": "Item",
	"_props": {
		"Name": "hercRig",
		"ShortName": "hercRig",
		"Description": "hercRig",
		"Weight": -5000,
		"BackgroundColor": "red",
		"Width": 3,
		"Height": 3,
		"StackMaxSize": 1,
		"Rarity": "Not_exist",
		"SpawnChance": 0,
		"CreditsPrice": 5000000,
		"ItemSound": "gear_generic",
		"Prefab": {
			"path": "assets/content/items/equipment/rig_tv109/item_equipment_rig_tv109.bundle",
			"rcid": ""
		},
		"UsePrefab": {
			"path": "",
			"rcid": ""
		},
		"StackObjectsCount": 1,
		"NotShownInSlot": false,
		"ExaminedByDefault": true,
		"ExamineTime": 1,
		"IsUndiscardable": false,
		"IsUnsaleable": false,
		"IsUnbuyable": false,
		"IsUngivable": false,
		"IsLockedafterEquip": false,
		"QuestItem": false,
		"LootExperience": 20,
		"ExamineExperience": 10,
		"HideEntrails": true,
		"RepairCost": 0,
		"RepairSpeed": 0,
		"ExtraSizeLeft": 0,
		"ExtraSizeRight": 0,
		"ExtraSizeUp": 0,
		"ExtraSizeDown": 0,
		"ExtraSizeForceAdd": false,
		"MergesWithChildren": false,
		"CanSellOnRagfair": true,
		"CanRequireOnRagfair": true,
		"BannedFromRagfair": false,
		"ConflictingItems": [],
		"FixedPrice": false,
		"Unlootable": false,
		"UnlootableFromSlot": "FirstPrimaryWeapon",
		"UnlootableFromSide": [],
		"ChangePriceCoef": 1,
		"AllowSpawnOnLocations": [],
		"SendToClient": false,
		"AnimationVariantsNumber": 0,
		"DiscardingBlock": false,
		"Grids": [
			{
				"_name": "1",
				"_id": "5c0e746986f7741453628fe7",
				"_parent": "hercRig",
				"_props": {
					"filters": [],
					"cellsH": 1,
					"cellsV": 3,
					"minCount": 0,
					"maxCount": 0,
					"maxWeight": 0
				},
				"_proto": "55d329c24bdc2d892f8b4567"
			},
			{
				"_name": "2",
				"_id": "5c0e746986f7741453628fe8",
				"_parent": "hercRig",
				"_props": {
					"filters": [],
					"cellsH": 1,
					"cellsV": 3,
					"minCount": 0,
					"maxCount": 0,
					"maxWeight": 0
				},
				"_proto": "55d329c24bdc2d892f8b4567"
			},
			{
				"_name": "3",
				"_id": "5c0e746986f7741453628fe9",
				"_parent": "hercRig",
				"_props": {
					"filters": [],
					"cellsH": 1,
					"cellsV": 3,
					"minCount": 0,
					"maxCount": 0,
					"maxWeight": 0
				},
				"_proto": "55d329c24bdc2d892f8b4567"
			},
			{
				"_name": "4",
				"_id": "5c0e746986f7741453628fea",
				"_parent": "hercRig",
				"_props": {
					"filters": [],
					"cellsH": 1,
					"cellsV": 2,
					"minCount": 0,
					"maxCount": 0,
					"maxWeight": 0
				},
				"_proto": "55d329c24bdc2d892f8b4567"
			},
			{
				"_name": "5",
				"_id": "5c0e746986f7741453628feb",
				"_parent": "hercRig",
				"_props": {
					"filters": [],
					"cellsH": 1,
					"cellsV": 2,
					"minCount": 0,
					"maxCount": 0,
					"maxWeight": 0
				},
				"_proto": "55d329c24bdc2d892f8b4567"
			},
			{
				"_name": "6",
				"_id": "5c0e746986f7741453628fec",
				"_parent": "hercRig",
				"_props": {
					"filters": [],
					"cellsH": 1,
					"cellsV": 1,
					"minCount": 0,
					"maxCount": 0,
					"maxWeight": 0
				},
				"_proto": "55d329c24bdc2d892f8b4567"
			},
			{
				"_name": "7",
				"_id": "5c0e746986f7741453628fed",
				"_parent": "hercRig",
				"_props": {
					"filters": [],
					"cellsH": 1,
					"cellsV": 1,
					"minCount": 0,
					"maxCount": 0,
					"maxWeight": 0
				},
				"_proto": "55d329c24bdc2d892f8b4567"
			},
			{
				"_name": "8",
				"_id": "5c0e746986f7741453628fee",
				"_parent": "hercRig",
				"_props": {
					"filters": [],
					"cellsH": 2,
					"cellsV": 2,
					"minCount": 0,
					"maxCount": 0,
					"maxWeight": 0
				},
				"_proto": "55d329c24bdc2d892f8b4567"
			},
			{
				"_name": "9",
				"_id": "5c0e746986f7741453628fef",
				"_parent": "hercRig",
				"_props": {
					"filters": [],
					"cellsH": 2,
					"cellsV": 2,
					"minCount": 0,
					"maxCount": 0,
					"maxWeight": 0
				},
				"_proto": "55d329c24bdc2d892f8b4567"
			}
		],
		"Slots": [],
		"CanPutIntoDuringTheRaid": true,
		"CantRemoveFromSlotsDuringRaid": [],
		"SearchSound": "looting_body_extended",
		"BlocksArmorVest": false,
		"RigLayoutName": "TV-110",
		"Durability": 0,
		"MaxDurability": 0,
		"armorZone": [],
		"armorClass": 0,
		"speedPenaltyPercent": 0,
		"mousePenalty": 0,
		"weaponErgonomicPenalty": 0,
		"BluntThroughput": 0,
		"ArmorMaterial": "UHMWPE"
	},
	"_proto": "544a5caa4bdc2d1a388b4568"
}