{
	"Id": "GunrackSpawn 6(Clone)506426",
	"IsStatic": false,
	"useGravity": false,
	"randomRotation": false,
	"Position": {
		"x": 584.35376,
		"y": -0.03199999,
		"z": 2.465688
	},
	"Rotation": {
		"x": 275.0749,
		"y": 38.6945457,
		"z": 89.99994
	},
	"IsGroupPosition": false,
	"GroupPositions": [],
	"Root": "5ec3f47b4782e749ea3f825e",
	"Items": [
		{
			"_id": "5ec3f47b4782e749ea3f825e",
			"_tpl": "583990e32459771419544dd2"
		},
		{
			"_id": "5ec3f47b4782e749ea3f825f",
			"_tpl": "5649ad3f4bdc2df8348b4585",
			"parentId": "5ec3f47b4782e749ea3f825e",
			"slotId": "mod_pistol_grip"
		},
		{
			"_id": "5ec3f47b4782e749ea3f8260",
			"_tpl": "57dc347d245977596754e7a1",
			"parentId": "5ec3f47b4782e749ea3f825e",
			"slotId": "mod_stock"
		},
		{
			"_id": "5ec3f47b4782e749ea3f8261",
			"_tpl": "564ca99c4bdc2d16268b4589",
			"parentId": "5ec3f47b4782e749ea3f825e",
			"slotId": "mod_magazine"
		},
		{
			"_id": "5ec3f47b4782e749ea3f8262",
			"_tpl": "56dfef82d2720bbd668b4567",
			"parentId": "5ec3f47b4782e749ea3f8261",
			"slotId": "cartridges",
			"upd": {
				"StackObjectsCount": 30
			}
		},
		{
			"_id": "5ec3f47b4782e749ea3f8263",
			"_tpl": "57dc324a24597759501edc20",
			"parentId": "5ec3f47b4782e749ea3f825e",
			"slotId": "mod_muzzle"
		},
		{
			"_id": "5ec3f47b4782e749ea3f8264",
			"_tpl": "57dc334d245977597164366f",
			"parentId": "5ec3f47b4782e749ea3f825e",
			"slotId": "mod_reciever"
		},
		{
			"_id": "5ec3f47b4782e749ea3f8265",
			"_tpl": "59d36a0086f7747e673f3946",
			"parentId": "5ec3f47b4782e749ea3f825e",
			"slotId": "mod_gas_block"
		},
		{
			"_id": "5ec3f47b4782e749ea3f8266",
			"_tpl": "57dc32dc245977596d4ef3d3",
			"parentId": "5ec3f47b4782e749ea3f8265",
			"slotId": "mod_handguard"
		}
	]
}