{
	"_id": "5ac8d6885acfc400180ae7b0",
	"_name": "helmet_ops_core_fast_tan",
	"_parent": "5a341c4086f77401f2541505",
	"_type": "Item",
	"_props": {
		"Name": "helmet_ops_core_fast",
		"ShortName": "helmet_ops_core_fast",
		"Description": "helmet_ops_core_fast",
		"Weight": 0.9,
		"BackgroundColor": "default",
		"Width": 2,
		"Height": 2,
		"StackMaxSize": 1,
		"Rarity": "Superrare",
		"SpawnChance": 1,
		"CreditsPrice": 116014,
		"ItemSound": "gear_helmet",
		"Prefab": {
			"path": "assets/content/items/equipment/helmet_opscore_fast/item_equipment_helmet_opscore_fast_tan.bundle",
			"rcid": ""
		},
		"UsePrefab": {
			"path": "",
			"rcid": ""
		},
		"StackObjectsCount": 1,
		"NotShownInSlot": false,
		"ExaminedByDefault": true,
		"ExamineTime": 1,
		"IsUndiscardable": false,
		"IsUnsaleable": false,
		"IsUnbuyable": false,
		"IsUngivable": false,
		"IsLockedafterEquip": false,
		"QuestItem": false,
		"LootExperience": 20,
		"ExamineExperience": 4,
		"HideEntrails": false,
		"RepairCost": 867,
		"RepairSpeed": 10,
		"ExtraSizeLeft": 0,
		"ExtraSizeRight": 0,
		"ExtraSizeUp": 0,
		"ExtraSizeDown": 0,
		"ExtraSizeForceAdd": false,
		"MergesWithChildren": true,
		"CanSellOnRagfair": true,
		"CanRequireOnRagfair": true,
		"BannedFromRagfair": false,
		"ConflictingItems": [],
		"FixedPrice": false,
		"Unlootable": false,
		"UnlootableFromSlot": "FirstPrimaryWeapon",
		"UnlootableFromSide": [],
		"ChangePriceCoef": 1,
		"AllowSpawnOnLocations": [],
		"SendToClient": false,
		"AnimationVariantsNumber": 0,
		"DiscardingBlock": false,
		"Grids": [],
		"Slots": [
			{
				"_name": "mod_equipment_000",
				"_id": "5ac8d6885acfc400180ae7b2",
				"_parent": "5ac8d6885acfc400180ae7b0",
				"_props": {
					"filters": [
						{
							"Shift": 0,
							"Filter": [
								"5a16badafcdbcb001865f72d",
								"5a16b672fcdbcb001912fa83",
								"5a16b7e1fcdbcb00165aa6c9"
							]
						}
					]
				},
				"_required": false,
				"_mergeSlotWithChildren": false,
				"_proto": "55d30c4c4bdc2db4468b457e"
			},
			{
				"_name": "mod_nvg",
				"_id": "5ac8d6885acfc400180ae7b3",
				"_parent": "5ac8d6885acfc400180ae7b0",
				"_props": {
					"filters": [
						{
							"Shift": 0,
							"Filter": [
								"5c0558060db834001b735271",
								"5a16b8a9fcdbcb00165aa6ca"
							]
						}
					]
				},
				"_required": false,
				"_mergeSlotWithChildren": false,
				"_proto": "55d30c4c4bdc2db4468b457e"
			},
			{
				"_name": "mod_mount",
				"_id": "5ac8d6885acfc400180ae7b4",
				"_parent": "5ac8d6885acfc400180ae7b0",
				"_props": {
					"filters": [
						{
							"Shift": 0,
							"Filter": [
								"opscore_picatinny_rail_adapter",
								"opscore_single_clamp_rail_adapter"
							]
						}
					]
				},
				"_required": false,
				"_mergeSlotWithChildren": false,
				"_proto": "55d30c4c4bdc2db4468b457e"
			},
			{
				"_name": "mod_equipment_001",
				"_id": "5ac8d6885acfc400180ae7b5",
				"_parent": "5ac8d6885acfc400180ae7b0",
				"_props": {
					"filters": [
						{
							"Shift": 0,
							"Filter": [
								"5a16b9fffcdbcb0176308b34"
							]
						}
					]
				},
				"_required": false,
				"_mergeSlotWithChildren": false,
				"_proto": "55d30c4c4bdc2db4468b457e"
			},
			{
				"_name": "mod_equipment_002",
				"_id": "5c0e6acbd174af02a96252f8",
				"_parent": "5ac8d6885acfc400180ae7b0",
				"_props": {
					"filters": [
						{
							"Shift": 0,
							"Filter": [
								"5c0e66e2d174af02a96252f4"
							]
						}
					]
				},
				"_required": false,
				"_mergeSlotWithChildren": false,
				"_proto": "55d30c4c4bdc2db4468b457e"
			}
		],
		"CanPutIntoDuringTheRaid": true,
		"CantRemoveFromSlotsDuringRaid": [],
		"BlocksEarpiece": false,
		"BlocksEyewear": false,
		"BlocksHeadwear": false,
		"BlocksFaceCover": false,
		"Durability": 40,
		"MaxDurability": 40,
		"armorClass": "4",
		"speedPenaltyPercent": -1,
		"mousePenalty": -7,
		"weaponErgonomicPenalty": 0,
		"armorZone": [
			"Head"
		],
		"Indestructibility": 0.9,
		"headSegments": [
			"Top",
			"Nape"
		],
		"FaceShieldComponent": false,
		"FaceShieldMask": "NoMask",
		"HasHinge": false,
		"MaterialType": "Helmet",
		"RicochetParams": {
			"x": 0.9,
			"y": 0.5,
			"z": 70
		},
		"DeafStrength": "None",
		"BluntThroughput": 0.14,
		"ArmorMaterial": "Combined"
	},
	"_proto": "5645bc214bdc2d363b8b4571"
}