{
	"_id": "5d440b93a4b9364276578d4b",
	"_name": "barrel_ar15_457mm",
	"_parent": "555ef6e44bdc2de9068b457e",
	"_type": "Item",
	"_props": {
		"Name": "barrel_ar15_457mm",
		"ShortName": "barrel_ar15_457mm",
		"Description": "barrel_ar15_457mm",
		"Weight": 0.78,
		"BackgroundColor": "blue",
		"Width": 3,
		"Height": 1,
		"StackMaxSize": 1,
		"Rarity": "Not_exist",
		"SpawnChance": 5,
		"CreditsPrice": 31567,
		"ItemSound": "mod",
		"Prefab": {
			"path": "assets/content/items/mods/barrels/barrel_ar15_457mm.bundle",
			"rcid": ""
		},
		"UsePrefab": {
			"path": "",
			"rcid": ""
		},
		"StackObjectsCount": 1,
		"NotShownInSlot": false,
		"ExaminedByDefault": true,
		"ExamineTime": 1,
		"IsUndiscardable": false,
		"IsUnsaleable": false,
		"IsUnbuyable": false,
		"IsUngivable": false,
		"IsLockedafterEquip": false,
		"QuestItem": false,
		"LootExperience": 20,
		"ExamineExperience": 6,
		"HideEntrails": false,
		"RepairCost": 0,
		"RepairSpeed": 0,
		"ExtraSizeLeft": 3,
		"ExtraSizeRight": 0,
		"ExtraSizeUp": 0,
		"ExtraSizeDown": 0,
		"ExtraSizeForceAdd": false,
		"MergesWithChildren": true,
		"CanSellOnRagfair": true,
		"CanRequireOnRagfair": true,
		"BannedFromRagfair": false,
		"ConflictingItems": [
			"5c0e2f5cd174af02a012cfc9",
			"5ae30db85acfc408fb139a05",
			"55d459824bdc2d892f8b4573",
			"5c78f2792e221600106f4683",
			"5c78f26f2e221601da3581d1",
			"5d00e0cbd7ad1a6c6566a42d",
			"5d00f63bd7ad1a59283b1c1e"
		],
		"FixedPrice": false,
		"Unlootable": false,
		"UnlootableFromSlot": "FirstPrimaryWeapon",
		"UnlootableFromSide": [],
		"ChangePriceCoef": 1,
		"AllowSpawnOnLocations": [],
		"SendToClient": false,
		"AnimationVariantsNumber": 0,
		"DiscardingBlock": false,
		"Grids": [],
		"Slots": [
			{
				"_name": "mod_muzzle",
				"_id": "5d440b93a4b9364276578d4d",
				"_parent": "5d440b93a4b9364276578d4b",
				"_props": {
					"filters": [
						{
							"Shift": 0,
							"Filter": [
								"silencer_silencerco_sparrow_22lr",
								"5b3a16655acfc40016387a2a",
								"5c7e5f112e221600106f4ede",
								"5c0fafb6d174af02a96260ba",
								"5cf6937cd7f00c056c53fb39",
								"544a38634bdc2d58388b4568",
								"5cff9e5ed7ad1a09407397d4",
								"5c48a2a42e221602b66d1e07",
								"56ea8180d2720bf2698b456a",
								"5d02676dd7ad1a049e54f6dc",
								"56ea6fafd2720b844b8b4593",
								"5943ee5a86f77413872d25ec",
								"5c7fb51d2e2216001219ce11",
								"5c6d710d2e22165df16b81e7",
								"5d440625a4b9361eec4ae6c5",
								"5cc9b815d7f00c000e2579d6",
								"5a7c147ce899ef00150bd8b8",
								"5c7954d52e221600106f4cc7",
								"59bffc1f86f77435b128b872",
								"5a9fbb84a2750c00137fa685"
							]
						}
					]
				},
				"_required": false,
				"_mergeSlotWithChildren": false,
				"_proto": "55d30c4c4bdc2db4468b457e"
			},
			{
				"_name": "mod_gas_block",
				"_id": "5d440b93a4b9364276578d4e",
				"_parent": "5d440b93a4b9364276578d4b",
				"_props": {
					"filters": [
						{
							"Shift": 0,
							"Filter": [
								"5a34fbadc4a28200741e230a",
								"5ae30e795acfc408fb139a0b",
								"56eabcd4d2720b66698b4574",
								"5d00ec68d7ad1a04a067e5be",
								"56ea8d2fd2720b7c698b4570"
							]
						}
					]
				},
				"_required": true,
				"_mergeSlotWithChildren": false,
				"_proto": "55d30c4c4bdc2db4468b457e"
			}
		],
		"CanPutIntoDuringTheRaid": true,
		"CantRemoveFromSlotsDuringRaid": [],
		"Durability": 100,
		"Accuracy": 0,
		"Recoil": -5,
		"Loudness": 0,
		"EffectiveDistance": 0,
		"Ergonomics": -11,
		"Velocity": -4.2,
		"RaidModdable": false,
		"ToolModdable": true,
		"BlocksFolding": false,
		"BlocksCollapsible": false,
		"IsAnimated": false,
		"HasShoulderContact": false,
		"SightingRange": 0,
		"CenterOfImpact": 0.041,
		"ShotgunDispersion": 1,
		"IsSilencer": false
	},
	"_proto": "55d3632e4bdc2d972f8b4569"
}