{
	"_id": "item_equipment_backpack_beltbag",
	"_name": "item_equipment_backpack_beltbag",
	"_parent": "5448e53e4bdc2d60728b4567",
	"_type": "Item",
	"_props": {
		"Name": "item_equipment_backpack_beltbag",
		"ShortName": "item_equipment_backpack_beltbag",
		"Description": "item_equipment_backpack_beltbag",
		"Weight": 0.1,
		"BackgroundColor": "violet",
		"Width": 4,
		"Height": 4,
		"StackMaxSize": 1,
		"Rarity": "Superrare",
		"SpawnChance": 2,
		"CreditsPrice": 39565,
		"ItemSound": "gear_backpack",
		"Prefab": {
			"path": "assets/content/items/equipment/backpack_beltbag/item_equipment_backpack_beltbag.bundle",
			"rcid": ""
		},
		"UsePrefab": {
			"path": "",
			"rcid": ""
		},
		"StackObjectsCount": 1,
		"NotShownInSlot": false,
		"ExaminedByDefault": true,
		"ExamineTime": 1,
		"IsUndiscardable": false,
		"IsUnsaleable": false,
		"IsUnbuyable": false,
		"IsUngivable": false,
		"IsLockedafterEquip": false,
		"QuestItem": false,
		"LootExperience": 20,
		"ExamineExperience": 10,
		"HideEntrails": true,
		"RepairCost": 0,
		"RepairSpeed": 0,
		"ExtraSizeLeft": 0,
		"ExtraSizeRight": 0,
		"ExtraSizeUp": 0,
		"ExtraSizeDown": 0,
		"ExtraSizeForceAdd": false,
		"MergesWithChildren": false,
		"CanSellOnRagfair": true,
		"CanRequireOnRagfair": true,
		"BannedFromRagfair": false,
		"ConflictingItems": [],
		"FixedPrice": false,
		"Unlootable": false,
		"UnlootableFromSlot": "FirstPrimaryWeapon",
		"UnlootableFromSide": [],
		"ChangePriceCoef": 1,
		"AllowSpawnOnLocations": [],
		"SendToClient": false,
		"AnimationVariantsNumber": 0,
		"DiscardingBlock": false,
		"Grids": [
			{
				"_name": "main",
				"_id": "59e763f286f7742ee57895db",
				"_parent": "item_equipment_backpack_beltbag",
				"_props": {
					"filters": [
						{
							"Filter": [
								"54009119af1c881c07000029"
							],
							"ExcludedFilter": [
								"5447b5fc4bdc2d87278b4567",
								"5447b5f14bdc2d61278b4567",
								"5447bedf4bdc2d87278b4568",
								"5447bed64bdc2d97278b4568",
								"5447b6194bdc2d67278b4567",
								"5447b6094bdc2dc3278b4567",
								"5447b5e04bdc2d62278b4567",
								"5447b6254bdc2dc3278b4568",
								"5447bee84bdc2dc3278b4569",
								"5448bf274bdc2dfc2f8b456a"
							]
						}
					],
					"cellsH": 4,
					"cellsV": 2,
					"minCount": 0,
					"maxCount": 0,
					"maxWeight": 0
				},
				"_proto": "55d329c24bdc2d892f8b4567"
			}
		],
		"Slots": [],
		"CanPutIntoDuringTheRaid": true,
		"CantRemoveFromSlotsDuringRaid": [],
		"SearchSound": "looting_body_extended",
		"BlocksArmorVest": false,
		"speedPenaltyPercent": 0,
		"GridLayoutName": ""
	},
	"_proto": "544a5cde4bdc2d39388b456b"
}