{
	"_id": "opscore_gasmask",
	"_name": "opscore_gasmask",
	"_parent": "5a341c4686f77469e155819e",
	"_type": "Item",
	"_props": {
		"Name": "opscore_gasmask",
		"ShortName": "opscore_gasmask",
		"Description": "opscore_gasmask",
		"Weight": 0.6,
		"BackgroundColor": "default",
		"Width": 2,
		"Height": 2,
		"StackMaxSize": 1,
		"Rarity": "Superrare",
		"SpawnChance": 1,
		"CreditsPrice": 32190,
		"ItemSound": "gear_helmet",
		"Prefab": {
			"path": "assets/content/items/equipment/facecover_gasmask_opscore/item_equipment_facecover_gasmask_opscore.bundle",
			"rcid": ""
		},
		"UsePrefab": {
			"path": "",
			"rcid": ""
		},
		"StackObjectsCount": 1,
		"NotShownInSlot": false,
		"ExaminedByDefault": true,
		"ExamineTime": 1,
		"IsUndiscardable": false,
		"IsUnsaleable": false,
		"IsUnbuyable": false,
		"IsUngivable": false,
		"IsLockedafterEquip": false,
		"QuestItem": false,
		"LootExperience": 20,
		"ExamineExperience": 4,
		"HideEntrails": false,
		"RepairCost": 867,
		"RepairSpeed": 10,
		"ExtraSizeLeft": 0,
		"ExtraSizeRight": 0,
		"ExtraSizeUp": 0,
		"ExtraSizeDown": 0,
		"ExtraSizeForceAdd": false,
		"MergesWithChildren": true,
		"CanSellOnRagfair": true,
		"CanRequireOnRagfair": true,
		"BannedFromRagfair": false,
		"ConflictingItems": [
            "5d6d3829a4b9361bc8618943",
            "5c0e842486f77443a74d2976",
            "5aa7e373e5b5b000137b76f0",
            "5c0919b50db834001b7ce3b9",
            "5b46238386f7741a693bcf9c",
            "5a16b7e1fcdbcb00165aa6c9",
            "5e01f37686f774773c6f6c15",
            "5ca2113f86f7740b2547e1d2",
            "5e00cdd986f7747473332240",
            "5a16ba61fcdbcb098008728a",
            "5a16b9fffcdbcb0176308b34",
            "5c178a942e22164bef5ceca3",
            "5645bcc04bdc2d363b8b4572"
        ],
		"FixedPrice": false,
		"Unlootable": false,
		"UnlootableFromSlot": "FirstPrimaryWeapon",
		"UnlootableFromSide": [],
		"ChangePriceCoef": 1,
		"AllowSpawnOnLocations": [],
		"SendToClient": false,
		"AnimationVariantsNumber": 0,
		"DiscardingBlock": false,
        "Grids": [],
        "Slots": [],
        "CanPutIntoDuringTheRaid": true,
        "CantRemoveFromSlotsDuringRaid": [],
        "BlocksEarpiece": false,
        "BlocksEyewear": false,
        "BlocksHeadwear": false,
        "BlocksFaceCover": false,
        "Durability": 100,
        "MaxDurability": 100,
        "armorClass": "0",
        "speedPenaltyPercent": 0,
        "mousePenalty": 0,
        "weaponErgonomicPenalty": 0,
        "armorZone": [],
        "Indestructibility": 0.9,
        "headSegments": [],
        "FaceShieldComponent": false,
        "FaceShieldMask": "NoMask",
        "HasHinge": false,
        "MaterialType": "BodyArmor",
        "RicochetParams": {
          "x": 0,
          "y": 0,
          "z": 80
        },
        "DeafStrength": "None",
        "BluntThroughput": 0,
        "ArmorMaterial": "UHMWPE"
      },
      "_proto": "5645bc214bdc2d363b8b4571"
}