{
	"_id": "silencer_kac_qdc_65x35",
	"_name": "silencer_kac_qdc_65x35",
	"_parent": "550aa4cd4bdc2dd8348b456c",
	"_type": "Item",
	"_props": {
		"Name": "silencer_kac_qdc_65x35",
		"ShortName": "silencer_kac_qdc_65x35",
		"Description": "silencer_kac_qdc_65x35",
		"Weight": 0.47,
		"BackgroundColor": "blue",
		"Width": 2,
		"Height": 1,
		"StackMaxSize": 1,
		"Rarity": "Superrare",
		"SpawnChance": 8,
		"CreditsPrice": 155585,
		"ItemSound": "mod",
		"Prefab": {
			"path": "assets/content/items/mods/silencers/silencer_kac_qdc_65x35.bundle",
			"rcid": ""
		},
		"UsePrefab": {
			"path": "",
			"rcid": ""
		},
		"StackObjectsCount": 1,
		"NotShownInSlot": false,
		"ExaminedByDefault": true,
		"ExamineTime": 1,
		"IsUndiscardable": false,
		"IsUnsaleable": false,
		"IsUnbuyable": false,
		"IsUngivable": false,
		"IsLockedafterEquip": false,
		"QuestItem": false,
		"LootExperience": 30,
		"ExamineExperience": 4,
		"HideEntrails": false,
		"RepairCost": 0,
		"RepairSpeed": 0,
		"ExtraSizeLeft": 1,
		"ExtraSizeRight": 0,
		"ExtraSizeUp": 0,
		"ExtraSizeDown": 0,
		"ExtraSizeForceAdd": true,
		"MergesWithChildren": true,
		"CanSellOnRagfair": true,
		"CanRequireOnRagfair": true,
		"BannedFromRagfair": false,
		"ConflictingItems": [
			"5c78f2612e221600114c9f0d",
			"5c78f2882e22165df16b832e"
		],
		"FixedPrice": false,
		"Unlootable": false,
		"UnlootableFromSlot": "FirstPrimaryWeapon",
		"UnlootableFromSide": [],
		"ChangePriceCoef": 1,
		"AllowSpawnOnLocations": [],
		"SendToClient": false,
		"AnimationVariantsNumber": 0,
		"DiscardingBlock": false,
		"Grids": [],
		"Slots": [],
		"CanPutIntoDuringTheRaid": true,
		"CantRemoveFromSlotsDuringRaid": [],
		"Durability": 100,
		"Accuracy": 1,
		"Recoil": -3,
		"Loudness": 0,
		"EffectiveDistance": 0,
		"Ergonomics": -3,
		"Velocity": 0.5,
		"RaidModdable": true,
		"ToolModdable": false,
		"BlocksFolding": false,
		"BlocksCollapsible": false,
		"IsAnimated": false,
		"HasShoulderContact": false,
		"SightingRange": 0,
		"muzzleModType": "silencer"
	},
	"_proto": "57da93632459771cb65bf83f"
}