{
	"Id": "Lootable_00001",
	"IsStatic": true,
	"useGravity": true,
	"randomRotation": false,
	"Position": {
		"x": 0,
		"y": 0,
		"z": 0
	},
	"Rotation": {
		"x": 0,
		"y": 0,
		"z": 0
	},
	"IsGroupPosition": false,
	"GroupPositions": [],
	"Root": "5ec3f4484782e749ea3f7a3b",
	"Items": [
		{
			"_id": "5ec3f4484782e749ea3f7a3b",
			"_tpl": "578f87ad245977356274f2cc"
		},
		{
			"_id": "5ec3f4484782e749ea3f7a3c",
			"_tpl": "5b30b0dc5acfc400153b7124",
			"parentId": "5ec3f4484782e749ea3f7a3b",
			"slotId": "main",
			"location": {
				"x": 0,
				"y": 0,
				"r": 0
			}
		},
		{
			"_id": "5ec3f4484782e749ea3f7a3d",
			"_tpl": "5d1c819a86f774771b0acd6c",
			"parentId": "5ec3f4484782e749ea3f7a3b",
			"slotId": "main",
			"location": {
				"x": 1,
				"y": 0,
				"r": 0
			}
		}
	]
}