{
	"Id": "Lootable_00001",
	"IsStatic": true,
	"useGravity": true,
	"randomRotation": false,
	"Position": {
		"x": 0,
		"y": 0,
		"z": 0
	},
	"Rotation": {
		"x": 0,
		"y": 0,
		"z": 0
	},
	"IsGroupPosition": false,
	"GroupPositions": [],
	"Root": "5ec3f47821ff7644ae6a356b",
	"Items": [
		{
			"_id": "5ec3f47821ff7644ae6a356b",
			"_tpl": "578f87ad245977356274f2cc"
		},
		{
			"_id": "5ec3f47821ff7644ae6a356c",
			"_tpl": "57371aab2459775a77142f22",
			"parentId": "5ec3f47821ff7644ae6a356b",
			"slotId": "main",
			"location": {
				"x": 0,
				"y": 0,
				"r": 0
			},
			"upd": {
				"StackObjectsCount": 16
			}
		}
	]
}