{
	"Id": "Lootable_00001",
	"IsStatic": true,
	"useGravity": true,
	"randomRotation": false,
	"Position": {
		"x": 0,
		"y": 0,
		"z": 0
	},
	"Rotation": {
		"x": 0,
		"y": 0,
		"z": 0
	},
	"IsGroupPosition": false,
	"GroupPositions": [],
	"Root": "5ec3f44d35cb9040e335f826",
	"Items": [
		{
			"_id": "5ec3f44d35cb9040e335f826",
			"_tpl": "578f87ad245977356274f2cc"
		},
		{
			"_id": "5ec3f44d35cb9040e335f827",
			"_tpl": "571a28e524597720b4066567",
			"parentId": "5ec3f44d35cb9040e335f826",
			"slotId": "main",
			"location": {
				"x": 0,
				"y": 0,
				"r": 0
			}
		},
		{
			"_id": "5ec3f44d35cb9040e335f828",
			"_tpl": "576a7c512459771e796e0e17",
			"parentId": "5ec3f44d35cb9040e335f826",
			"slotId": "main",
			"location": {
				"x": 2,
				"y": 0,
				"r": 0
			}
		},
		{
			"_id": "5ec3f44d35cb9040e335f829",
			"_tpl": "5a9fbb74a2750c0032157181",
			"parentId": "5ec3f44d35cb9040e335f826",
			"slotId": "main",
			"location": {
				"x": 3,
				"y": 0,
				"r": 0
			}
		}
	]
}