{
	"Id": "Lootable_00001",
	"IsStatic": true,
	"useGravity": true,
	"randomRotation": false,
	"Position": {
		"x": 0,
		"y": 0,
		"z": 0
	},
	"Rotation": {
		"x": 0,
		"y": 0,
		"z": 0
	},
	"IsGroupPosition": false,
	"GroupPositions": [],
	"Root": "5ec3f44121ff7644ae6a2433",
	"Items": [
		{
			"_id": "5ec3f44121ff7644ae6a2433",
			"_tpl": "578f87ad245977356274f2cc"
		},
		{
			"_id": "5ec3f44121ff7644ae6a2434",
			"_tpl": "5827272a24597748c74bdeea",
			"parentId": "5ec3f44121ff7644ae6a2433",
			"slotId": "main",
			"location": {
				"x": 0,
				"y": 0,
				"r": 0
			}
		},
		{
			"_id": "5ec3f44121ff7644ae6a2435",
			"_tpl": "56dff3afd2720bba668b4567",
			"parentId": "5ec3f44121ff7644ae6a2433",
			"slotId": "main",
			"location": {
				"x": 2,
				"y": 0,
				"r": 0
			},
			"upd": {
				"StackObjectsCount": 41
			}
		}
	]
}