{
	"Id": "Lootable_00006",
	"IsStatic": true,
	"useGravity": true,
	"randomRotation": false,
	"Position": {
		"x": 0,
		"y": 0,
		"z": 0
	},
	"Rotation": {
		"x": 0,
		"y": 0,
		"z": 0
	},
	"IsGroupPosition": false,
	"GroupPositions": [],
	"Root": "5ec3f4484782e749ea3f7a27",
	"Items": [
		{
			"_id": "5ec3f4484782e749ea3f7a27",
			"_tpl": "5909d45286f77465a8136dc6"
		},
		{
			"_id": "5ec3f4484782e749ea3f7a28",
			"_tpl": "57372140245977611f70ee91",
			"parentId": "5ec3f4484782e749ea3f7a27",
			"slotId": "main",
			"location": {
				"x": 0,
				"y": 0,
				"r": 0
			},
			"upd": {
				"StackObjectsCount": 34
			}
		},
		{
			"_id": "5ec3f4484782e749ea3f7a29",
			"_tpl": "5737207f24597760ff7b25f2",
			"parentId": "5ec3f4484782e749ea3f7a27",
			"slotId": "main",
			"location": {
				"x": 1,
				"y": 0,
				"r": 0
			},
			"upd": {
				"StackObjectsCount": 25
			}
		}
	]
}