{
	"Id": "Lootable_00006",
	"IsStatic": true,
	"useGravity": true,
	"randomRotation": false,
	"Position": {
		"x": 0,
		"y": 0,
		"z": 0
	},
	"Rotation": {
		"x": 0,
		"y": 0,
		"z": 0
	},
	"IsGroupPosition": false,
	"GroupPositions": [],
	"Root": "5ec3f44121ff7644ae6a2427",
	"Items": [
		{
			"_id": "5ec3f44121ff7644ae6a2427",
			"_tpl": "5909d45286f77465a8136dc6"
		},
		{
			"_id": "5ec3f44121ff7644ae6a2428",
			"_tpl": "57372e4a24597768553071c2",
			"parentId": "5ec3f44121ff7644ae6a2427",
			"slotId": "main",
			"location": {
				"x": 0,
				"y": 0,
				"r": 0
			}
		},
		{
			"_id": "5ec3f44121ff7644ae6a2429",
			"_tpl": "56dff338d2720bbd668b4569",
			"parentId": "5ec3f44121ff7644ae6a2428",
			"slotId": "cartridges",
			"upd": {
				"StackObjectsCount": 30
			}
		}
	]
}