{
	"Id": "Loot 140 (4)505190",
	"IsStatic": false,
	"useGravity": true,
	"randomRotation": false,
	"Position": {
		"x": 182.513,
		"y": 6.874,
		"z": 175.076
	},
	"Rotation": {
		"x": 0,
		"y": 359.5615,
		"z": 0
	},
	"IsGroupPosition": false,
	"GroupPositions": [],
	"Root": "5ec3f44ff1794b250e7954d1",
	"Items": [
		{
			"_id": "5ec3f44ff1794b250e7954d1",
			"_tpl": "57372c89245977685d4159b1"
		},
		{
			"_id": "5ec3f44ff1794b250e7954d2",
			"_tpl": "56dff061d2720bb5668b4567",
			"parentId": "5ec3f44ff1794b250e7954d1",
			"slotId": "cartridges",
			"upd": {
				"StackObjectsCount": 30
			}
		}
	]
}