{
	"Id": "Loot 202506858",
	"IsStatic": false,
	"useGravity": true,
	"randomRotation": false,
	"Position": {
		"x": 360.716,
		"y": 2.059,
		"z": -10.999
	},
	"Rotation": {
		"x": 0,
		"y": 312.0822,
		"z": 0
	},
	"IsGroupPosition": false,
	"GroupPositions": [],
	"Root": "5ec3f47b4782e749ea3f82a6",
	"Items": [
		{
			"_id": "5ec3f47b4782e749ea3f82a6",
			"_tpl": "5a38ed75c4a28232996e40c6"
		},
		{
			"_id": "5ec3f47b4782e749ea3f82a7",
			"_tpl": "5d6e6a5fa4b93614ec501745",
			"parentId": "5ec3f47b4782e749ea3f82a6",
			"slotId": "cartridges",
			"upd": {
				"StackObjectsCount": 4
			}
		}
	]
}