{
	"_id": "5cc0876314c02e000c6bea6b",
	"_name": "DefaultBearHands",
	"_parent": "5cc086a314c02e000c6bea69",
	"_type": "Item",
	"_props": {
		"Name": "DefaultBearHands",
		"ShortName": "DefaultBearHands",
		"Description": "DefaultBearHands",
		"Side": [
"Bear",
"Usec",
"Savage"
],
		"BodyPart": "Hands",
		"Prefab": {
			"path": "assets/content/hands/bear/bear_hands_skin.bundle",
			"rcid": ""
		},
		"WatchPrefab": {
			"path": "assets/content/hands/bear/bear_watch.bundle",
			"rcid": ""
		},
		"IntegratedArmorVest": false,
		"WatchPosition": {
			"x": -0.0376,
			"y": 0.00526,
			"z": 0.03789
		},
		"WatchRotation": {
			"x": -12.49942,
			"y": -11.33493,
			"z": 1.457913
		}
	}
}