{
	"_id": "5cc2e59214c02e000f16684e",
	"_name": "wild_body",
	"_parent": "5cc0868e14c02e000c6bea68",
	"_type": "Item",
	"_props": {
		"Name": "wild_body",
		"ShortName": "wild_body",
		"Description": "wild_body",
		"Side": [
"Bear",
"Usec",
"Savage"
],
		"BodyPart": "Body",
		"Prefab": {
			"path": "assets/content/characters/character/prefabs/wild_body.bundle",
			"rcid": ""
		},
		"WatchPrefab": {
			"path": "",
			"rcid": ""
		},
		"IntegratedArmorVest": false,
		"WatchPosition": {
			"x": 0,
			"y": 0,
			"z": 0
		},
		"WatchRotation": {
			"x": 0,
			"y": 0,
			"z": 0
		}
	}
}