{
	"_id": "5cc2e5d014c02e15d53d9c03",
	"_name": "wild_feet",
	"_parent": "5cc0869814c02e000a4cad94",
	"_type": "Item",
	"_props": {
		"Name": "wild_feet",
		"ShortName": "wild_feet",
		"Description": "wild_feet",
		"Side": [
"Bear",
"Usec",
"Savage"
],
		"BodyPart": "Feet",
		"Prefab": {
			"path": "assets/content/characters/character/prefabs/wild_feet.bundle",
			"rcid": ""
		},
		"WatchPrefab": {
			"path": "",
			"rcid": ""
		},
		"IntegratedArmorVest": false,
		"WatchPosition": {
			"x": 0,
			"y": 0,
			"z": 0
		},
		"WatchRotation": {
			"x": 0,
			"y": 0,
			"z": 0
		}
	}
}