{
	"_id": "5cde9ff17d6c8b0474535daa",
	"_name": "wild_head_2",
	"_parent": "5cc085e214c02e000c6bea67",
	"_type": "Item",
	"_props": {
		"Name": "wild_head_2",
		"ShortName": "wild_head_2",
		"Description": "wild_head_2",
		"Side": [
"Bear",
"Usec",
"Savage"
],
		"BodyPart": "Head",
		"Prefab": {
			"path": "assets/content/characters/character/prefabs/wild_head_2.bundle",
			"rcid": ""
		},
		"WatchPrefab": {
			"path": "",
			"rcid": ""
		},
		"IntegratedArmorVest": false,
		"WatchPosition": {
			"x": 0,
			"y": 0,
			"z": 0
		},
		"WatchRotation": {
			"x": 0,
			"y": 0,
			"z": 0
		}
	}
}