{
	"_id": "5d1f593286f7743014162044",
	"_name": "usec_lower_tacres",
	"_parent": "5cc0869814c02e000a4cad94",
	"_type": "Item",
	"_props": {
		"Name": "DefaultUsecFeet",
		"ShortName": "DefaultUsecFeet",
		"Description": "DefaultUsecFeet",
		"Side": [
"Bear",
"Usec",
"Savage"
],
		"BodyPart": "Feet",
		"Prefab": {
			"path": "assets/content/characters/character/prefabs/pants_usec_truspec.bundle",
			"rcid": ""
		},
		"WatchPrefab": {
			"path": "",
			"rcid": ""
		},
		"IntegratedArmorVest": false,
		"WatchPosition": {
			"x": 0,
			"y": 0,
			"z": 0
		},
		"WatchRotation": {
			"x": 0,
			"y": 0,
			"z": 0
		}
	},
	"_proto": "5cde95ef7d6c8b04713c4f2d"
}