{
	"_id": "5df8e76486f7740bfe6df782",
	"_name": "bear_hands_zaslon",
	"_parent": "5cc086a314c02e000c6bea69",
	"_type": "Item",
	"_props": {
		"Name": "DefaultBearHands",
		"ShortName": "DefaultBearHands",
		"Description": "DefaultBearHands",
		"Side": [
"Bear",
"Usec",
"Savage"
],
		"BodyPart": "Hands",
		"Prefab": {
			"path": "assets/content/hands/hands_bear_zaslon/hands_bear_zaslon.skin.bundle",
			"rcid": ""
		},
		"WatchPrefab": {
			"path": "assets/content/hands/bear/bear_watch.bundle",
			"rcid": ""
		},
		"IntegratedArmorVest": false,
		"WatchPosition": {
			"x": -0.06419,
			"y": 0.00369,
			"z": 0.03807
		},
		"WatchRotation": {
			"x": -9.273621,
			"y": -0.4027405,
			"z": -1.121033
		}
	},
	"_proto": "5cc0876314c02e000c6bea6b"
}