{
	"name": "M14",
	"author": "MacrossMX",
	"version": "1.0.0",
	"license": "None",
	"dependencies": {},
	"db": {
		"items": {
			"M14":      "db/items/M14.json",
			"5aafa857e5b5b00018480968": "db/items/5aafa857e5b5b00018480968.json"
		},
		"templates": {
			"items": {
				"M14":      "db/templates/items/M14.json",
				"5aafa857e5b5b00018480968": "db/templates/items/5aafa857e5b5b00018480968.json"
			}
		},
		"assort": {
			"ragfair": {
				"items": {
					"M14":      "db/assort/ragfair/items/M14.json",
					"5aafa857e5b5b00018480968": "db/assort/ragfair/items/5aafa857e5b5b00018480968.json"
				}
			}
		}
	}
}