{
    "Hydration": {
        "Current": 185,
        "Maximum": 185
    },
    "Energy": {
        "Current": 185,
        "Maximum": 185
    },
    "BodyParts": {
        "Head": {
            "Health": {
                "Current": 64,
                "Maximum": 64
            }
        },
        "Chest": {
            "Health": {
                "Current": 259,
                "Maximum": 259
            }
        },
        "Stomach": {
            "Health": {
                "Current": 222,
                "Maximum": 222
            }
        },
        "LeftArm": {
            "Health": {
                "Current": 342,
                "Maximum": 342
            }
        },
        "RightArm": {
            "Health": {
                "Current": 342,
                "Maximum": 342
            }
        },
        "LeftLeg": {
            "Health": {
                "Current": 203,
                "Maximum": 203
            }
        },
        "RightLeg": {
            "Health": {
                "Current": 203,
                "Maximum": 203
            }
        }
    }
}