{
	"Id": "Loot 131 (5)505450",
	"IsStatic": false,
	"useGravity": true,
	"randomRotation": false,
	"Position": {
		"x": 172.568,
		"y": 3.884,
		"z": 186.253
	},
	"Rotation": {
		"x": 0,
		"y": 86.39963,
		"z": 0
	},
	"IsGroupPosition": false,
	"GroupPositions": [],
	"Root": "5ec3f43b21ff7644ae6a1e8b",
	"Items": [
		{
			"_id": "5ec3f43b21ff7644ae6a1e8b",
			"_tpl": "57372ebf2459776862260582"
		},
		{
			"_id": "5ec3f43b21ff7644ae6a1e8c",
			"_tpl": "56dff3afd2720bba668b4567",
			"parentId": "5ec3f43b21ff7644ae6a1e8b",
			"slotId": "cartridges",
			"upd": {
				"StackObjectsCount": 30
			}
		}
	]
}