{
	"Enabled": true,
	"Locked": true,
	"Insurance": true,
	"SafeLocation": false,
	"Name": "Streets of Tarkov",
	"Description": "The downtown Tarkov with banks, malls, hotels and all the other things a striving modern city could have needed.",
	"Scene": {
		"path": "",
		"rcid": ""
	},
	"Area": 0,
	"RequiredPlayerLevel": 0,
	"surv_gather_minutes": 1,
	"MinPlayers": 6,
	"MaxPlayers": 9,
	"sav_gather_minutes": 1,
	"exit_count": 1,
	"exit_access_time": 10,
	"exit_time": 2,
	"Preview": {
		"path": "",
		"rcid": ""
	},
	"IconX": 472,
	"IconY": 644,
	"filter_ex": [],
	"waves": [],
	"limits": [],
	"AveragePlayTime": 100,
	"AveragePlayerLevel": 10,
	"escape_time_limit": 0,
	"Rules": "Normal",
	"IsSecret": false,
	"doors": [],
	"tmp_location_field_remove_me": 0,
	"MinDistToExitPoint": 30,
	"MaxDistToFreePoint": 900,
	"MinDistToFreePoint": 10,
	"MaxBotPerZone": 0,
	"OpenZones": "",
	"OcculsionCullingEnabled": false,
	"GlobalLootChanceModifier": 1,
	"OldSpawn": true,
	"NewSpawn": false,
	"BotMax": 0,
	"BotStart": 0,
	"BotStop": 0,
	"BotMaxTimePlayer": 0,
	"BotSpawnTimeOnMin": 0,
	"BotSpawnTimeOnMax": 0,
	"BotSpawnTimeOffMin": 0,
	"BotSpawnTimeOffMax": 0,
	"BotMaxPlayer": 0,
	"BotEasy": 0,
	"BotNormal": 0,
	"BotHard": 0,
	"BotImpossible": 0,
	"BotAssault": 0,
	"BotMarksman": 0,
	"DisabledScavExits": "",
	"AccessKeys": [],
	"MinMaxBots": [],
	"BotLocationModifier": {
		"AccuracySpeed": 0,
		"Scattering": 0,
		"GainSight": 0,
		"MarksmanAccuratyCoef": 0,
		"VisibleDistance": 0
	},
	"exits": [],
	"DisabledForScav": true,
	"ExitZones": {
		"$oid": "5c82534488a45046451a2386"
	},
	"Id": "Tarkov Streets",
	"_Id": "5714dc692459777137212e12",
	"Loot": [],
	"SpawnAreas": [],
	"Banners": [
		{
			"id": "5805f617245977100b2c1f41",
			"pic": {
				"path": "CONTENT/banners/tglabs.jpg",
				"rcid": ""
			}
		},
		{
			"id": "5c1b857086f77465f465faa4",
			"pic": {
				"path": "CONTENT/banners/banner_scavraider.jpg",
				"rcid": ""
			}
		}
	],
	"BossLocationSpawn": []
}