{
	"_id": "55d7217a4bdc2d86028b456d",
	"_name": "Default Inventory",
	"_parent": "55d720f24bdc2d88028b456d",
	"_type": "Item",
	"_props": {
		"Name": "Стандартный инвентарь",
		"ShortName": "",
		"Description": "",
		"Weight": 0,
		"BackgroundColor": "blue",
		"Width": 1,
		"Height": 1,
		"StackMaxSize": 1,
		"Rarity": "Not_exist",
		"SpawnChance": 50,
		"CreditsPrice": 100,
		"ItemSound": "generic",
		"Prefab": {
			"path": "",
			"rcid": ""
		},
		"UsePrefab": {
			"path": "",
			"rcid": ""
		},
		"StackObjectsCount": 1,
		"NotShownInSlot": false,
		"ExaminedByDefault": true,
		"ExamineTime": 1,
		"IsUndiscardable": false,
		"IsUnsaleable": false,
		"IsUnbuyable": false,
		"IsUngivable": false,
		"IsLockedafterEquip": false,
		"QuestItem": false,
		"LootExperience": 20,
		"ExamineExperience": 10,
		"HideEntrails": false,
		"RepairCost": 0,
		"RepairSpeed": 0,
		"ExtraSizeLeft": 0,
		"ExtraSizeRight": 0,
		"ExtraSizeUp": 0,
		"ExtraSizeDown": 0,
		"ExtraSizeForceAdd": false,
		"MergesWithChildren": false,
		"CanSellOnRagfair": true,
		"CanRequireOnRagfair": true,
		"BannedFromRagfair": false,
		"ConflictingItems": [],
		"FixedPrice": false,
		"Unlootable": false,
		"UnlootableFromSlot": "FirstPrimaryWeapon",
		"UnlootableFromSide": [],
		"ChangePriceCoef": 1,
		"AllowSpawnOnLocations": [],
		"SendToClient": false,
		"AnimationVariantsNumber": 0,
		"DiscardingBlock": false,
		"Grids": [],
		"Slots": [
			{
				"_name": "FirstPrimaryWeapon",
				"_id": "55d729c64bdc2d89028b4570",
				"_parent": "55d7217a4bdc2d86028b456d",
				"_props": {
					"filters": [
						{
							"Filter": [
								"5447b5cf4bdc2d65278b4567",
								"5447e1d04bdc2dff2f8b4567",
								"5447b5fc4bdc2d87278b4567",
								"5447b5f14bdc2d61278b4567",
								"5447bedf4bdc2d87278b4568",
								"5447bed64bdc2d97278b4568",
								"5447b6194bdc2d67278b4567",
								"5447b6094bdc2dc3278b4567",
								"5447b5e04bdc2d62278b4567",
								"5447b6254bdc2dc3278b4568",
								"5447bee84bdc2dc3278b4569"
							]
						}
					]
				},
				"_required": false,
				"_mergeSlotWithChildren": false,
				"_proto": "55d721144bdc2d89028b456f"
			},
			{
				"_name": "SecondPrimaryWeapon",
				"_id": "55d729d14bdc2d86028b456e",
				"_parent": "55d7217a4bdc2d86028b456d",
				"_props": {
					"filters": [
						{
							"Filter": [
								"5447b5cf4bdc2d65278b4567",
								"5447e1d04bdc2dff2f8b4567",
								"5447b5fc4bdc2d87278b4567",
								"5447b5f14bdc2d61278b4567",
								"5447bedf4bdc2d87278b4568",
								"5447bed64bdc2d97278b4568",
								"5447b6194bdc2d67278b4567",
								"5447b6094bdc2dc3278b4567",
								"5447b5e04bdc2d62278b4567",
								"5447b6254bdc2dc3278b4568",
								"5447bee84bdc2dc3278b4569"
							]
						}
					]
				},
				"_required": false,
				"_mergeSlotWithChildren": false,
				"_proto": "55d721144bdc2d89028b456f"
			},
			{
				"_name": "Holster",
				"_id": "55d729d84bdc2de3098b456b",
				"_parent": "55d7217a4bdc2d86028b456d",
				"_props": {
					"filters": [
						{
							"Filter": [
								"5447b5fc4bdc2d87278b4567",
								"5447b5f14bdc2d61278b4567",
								"5447bedf4bdc2d87278b4568",
								"5447bed64bdc2d97278b4568",
								"5447b6194bdc2d67278b4567",
								"5447b6094bdc2dc3278b4567",
								"5447b5e04bdc2d62278b4567",
								"5447b6254bdc2dc3278b4568",
								"5447bee84bdc2dc3278b4569",
								"5447e1d04bdc2dff2f8b4567",
								"5447b5cf4bdc2d65278b4567"
							]
						}
					]
				},
				"_required": false,
				"_mergeSlotWithChildren": false,
				"_proto": "55d721144bdc2d89028b456f"
			},
			{
				"_name": "Scabbard",
				"_id": "55d729e34bdc2d1b198b456d",
				"_parent": "55d7217a4bdc2d86028b456d",
				"_props": {
					"filters": [
						{
							"Filter": [
								"5447b5fc4bdc2d87278b4567",
								"5447b5f14bdc2d61278b4567",
								"5447bedf4bdc2d87278b4568",
								"5447bed64bdc2d97278b4568",
								"5447b6194bdc2d67278b4567",
								"5447b6094bdc2dc3278b4567",
								"5447b5e04bdc2d62278b4567",
								"5447b6254bdc2dc3278b4568",
								"5447bee84bdc2dc3278b4569",
								"5447b5cf4bdc2d65278b4567",
								"5447e1d04bdc2dff2f8b4567"
							]
						}
					]
				},
				"_required": false,
				"_mergeSlotWithChildren": false,
				"_proto": "55d721144bdc2d89028b456f"
			},
			{
				"_name": "FaceCover",
				"_id": "55d729e84bdc2d8a028b4569",
				"_parent": "55d7217a4bdc2d86028b456d",
				"_props": {
					"filters": [
						{
							"Filter": [
								"5a341c4686f77469e155819e",
								"5c1a1e3f2e221602b66cc4c2"
							]
						}
					]
				},
				"_required": false,
				"_mergeSlotWithChildren": true,
				"_proto": "55d721144bdc2d89028b456f"
			},
			{
				"_name": "Headwear",
				"_id": "55d729ef4bdc2d3a168b456c",
				"_parent": "55d7217a4bdc2d86028b456d",
				"_props": {
					"filters": [
						{
							"Filter": [
								"5a341c4086f77401f2541505"
							]
						}
					]
				},
				"_required": false,
				"_mergeSlotWithChildren": true,
				"_proto": "55d721144bdc2d89028b456f"
			},
			{
				"_name": "TacticalVest",
				"_id": "55d729f74bdc2d87028b456e",
				"_parent": "55d7217a4bdc2d86028b456d",
				"_props": {
					"filters": [
						{
							"Filter": [
								"5448e5284bdc2dcb718b4567"
							]
						}
					]
				},
				"_required": false,
				"_mergeSlotWithChildren": false,
				"_proto": "55d721144bdc2d89028b456f"
			},
			{
				"_name": "SecuredContainer",
				"_id": "55d72a054bdc2d88028b456e",
				"_parent": "55d7217a4bdc2d86028b456d",
				"_props": {
					"filters": [
						{
							"Filter": [
								"5448bf274bdc2dfc2f8b456a"
							]
						}
					]
				},
				"_required": false,
				"_mergeSlotWithChildren": false,
				"_proto": "55d721144bdc2d89028b456f"
			},
			{
				"_name": "Backpack",
				"_id": "55d72a104bdc2d89028b4571",
				"_parent": "55d7217a4bdc2d86028b456d",
				"_props": {
					"filters": [
						{
							"Filter": [
								"5448e53e4bdc2d60728b4567"
							]
						}
					]
				},
				"_required": false,
				"_mergeSlotWithChildren": false,
				"_proto": "55d721144bdc2d89028b456f"
			},
			{
				"_name": "ArmorVest",
				"_id": "55d72a194bdc2d86028b456f",
				"_parent": "55d7217a4bdc2d86028b456d",
				"_props": {
					"filters": [
						{
							"Filter": [
								"5448e54d4bdc2dcc718b4568"
							]
						}
					]
				},
				"_required": false,
				"_mergeSlotWithChildren": false,
				"_proto": "55d721144bdc2d89028b456f"
			},
			{
				"_name": "Pockets",
				"_id": "55d72a274bdc2de3098b456c",
				"_parent": "55d7217a4bdc2d86028b456d",
				"_props": {
					"filters": [
						{
							"Filter": [
								"557596e64bdc2dc2118b4571"
							]
						}
					]
				},
				"_required": false,
				"_mergeSlotWithChildren": false,
				"_proto": "55d721144bdc2d89028b456f"
			},
			{
				"_name": "Earpiece",
				"_id": "5665b7164bdc2d144c8b4570",
				"_parent": "55d7217a4bdc2d86028b456d",
				"_props": {
					"filters": [
						{
							"Filter": [
								"5645bcb74bdc2ded0b8b4578"
							]
						}
					]
				},
				"_required": false,
				"_mergeSlotWithChildren": true,
				"_proto": "55d721144bdc2d89028b456f"
			},
			{
				"_name": "Dogtag",
				"_id": "59f0be1e86f77453be490939",
				"_parent": "55d7217a4bdc2d86028b456d",
				"_props": {
					"filters": [
						{
							"Filter": [
								"59f32bb586f774757e1e8442",
								"59f32c3b86f77472a31742f0"
							]
						}
					]
				},
				"_required": false,
				"_mergeSlotWithChildren": false,
				"_proto": "55d721144bdc2d89028b456f"
			},
			{
				"_name": "Eyewear",
				"_id": "5a0ad9313f1241000e072755",
				"_parent": "55d7217a4bdc2d86028b456d",
				"_props": {
					"filters": [
						{
							"Filter": [
								"5448e5724bdc2ddf718b4568",
								"557ff21e4bdc2d89578b4586",
								"5aa2b923e5b5b000137b7589",
								"5aa2b986e5b5b00014028f4c",
								"5aa2b9aee5b5b00015693121",
								"5b432be65acfc433000ed01f",
								"5d6d2ef3a4b93618084f58bd",
								"5d5fca1ea4b93635fd598c07",
								"5d6d2e22a4b9361bd5780d05",
								"5e71f70186f77429ee09f183",
								"5c1a1cc52e221602b3136e3d",
								"5c0d32fcd174af02a1659c75",
								"59e770b986f7742cbd762754"
							]
						}
					]
				},
				"_required": false,
				"_mergeSlotWithChildren": true,
				"_proto": "55d721144bdc2d89028b456f"
			},
			{
				"_name": "ArmBand",
				"_id": "5b3f583786f77411d552fb2b",
				"_parent": "55d7217a4bdc2d86028b456d",
				"_props": {
					"filters": [
						{
							"Filter": [
								"5b3f15d486f77432d0509248"
							]
						}
					]
				},
				"_required": false,
				"_mergeSlotWithChildren": true,
				"_proto": "55d721144bdc2d89028b456f"
			}
		],
		"CanPutIntoDuringTheRaid": true,
		"CantRemoveFromSlotsDuringRaid": []
	}
}