{
	"_id": "590c346786f77423e50ed342",
	"_name": "item_barter_household_foam",
	"_parent": "57864ada245977548638de91",
	"_type": "Item",
	"_props": {
		"Name": "Foam",
		"ShortName": "Foam",
		"Description": "Foam",
		"Weight": 0.8,
		"BackgroundColor": "blue",
		"Width": 1,
		"Height": 3,
		"StackMaxSize": 1,
		"Rarity": "Superrare",
		"SpawnChance": 12,
		"CreditsPrice": 17000,
		"ItemSound": "food_soda_can",
		"Prefab": {
			"path": "assets/content/items/barter/polyurethane_foam/item_barter_household_foam.bundle",
			"rcid": ""
		},
		"UsePrefab": {
			"path": "",
			"rcid": ""
		},
		"StackObjectsCount": 1,
		"NotShownInSlot": false,
		"ExaminedByDefault": true,
		"ExamineTime": 1,
		"IsUndiscardable": false,
		"IsUnsaleable": false,
		"IsUnbuyable": false,
		"IsUngivable": false,
		"IsLockedafterEquip": false,
		"QuestItem": false,
		"LootExperience": 30,
		"ExamineExperience": 10,
		"HideEntrails": false,
		"RepairCost": 0,
		"RepairSpeed": 0,
		"ExtraSizeLeft": 0,
		"ExtraSizeRight": 0,
		"ExtraSizeUp": 0,
		"ExtraSizeDown": 0,
		"ExtraSizeForceAdd": false,
		"MergesWithChildren": false,
		"CanSellOnRagfair": true,
		"CanRequireOnRagfair": true,
		"BannedFromRagfair": false,
		"ConflictingItems": [],
		"FixedPrice": false,
		"Unlootable": false,
		"UnlootableFromSlot": "FirstPrimaryWeapon",
		"UnlootableFromSide": [],
		"ChangePriceCoef": 1,
		"AllowSpawnOnLocations": [],
		"SendToClient": false,
		"AnimationVariantsNumber": 0,
		"DiscardingBlock": false,
		"MaxResource": 0,
		"Resource": 0
	},
	"_proto": "590c31c586f774245e3141b2"
}