{
	"_id": "59e3639286f7741777737013",
	"_name": "item_barter_valuable_lion",
	"_parent": "57864a3d24597754843f8721",
	"_type": "Item",
	"_props": {
		"Name": "lion",
		"ShortName": "lion",
		"Description": "lion",
		"Weight": 7.2,
		"BackgroundColor": "blue",
		"Width": 3,
		"Height": 2,
		"StackMaxSize": 1,
		"Rarity": "Superrare",
		"SpawnChance": 1,
		"CreditsPrice": 162935,
		"ItemSound": "generic",
		"Prefab": {
			"path": "assets/content/items/barter/item_barter_valuable_lion/item_barter_valuable_lion.bundle",
			"rcid": ""
		},
		"UsePrefab": {
			"path": "",
			"rcid": ""
		},
		"StackObjectsCount": 1,
		"NotShownInSlot": false,
		"ExaminedByDefault": true,
		"ExamineTime": 1,
		"IsUndiscardable": false,
		"IsUnsaleable": false,
		"IsUnbuyable": false,
		"IsUngivable": false,
		"IsLockedafterEquip": false,
		"QuestItem": false,
		"LootExperience": 30,
		"ExamineExperience": 5,
		"HideEntrails": false,
		"RepairCost": 0,
		"RepairSpeed": 0,
		"ExtraSizeLeft": 0,
		"ExtraSizeRight": 0,
		"ExtraSizeUp": 0,
		"ExtraSizeDown": 0,
		"ExtraSizeForceAdd": false,
		"MergesWithChildren": false,
		"CanSellOnRagfair": true,
		"CanRequireOnRagfair": true,
		"BannedFromRagfair": false,
		"ConflictingItems": [],
		"FixedPrice": false,
		"Unlootable": false,
		"UnlootableFromSlot": "FirstPrimaryWeapon",
		"UnlootableFromSide": [],
		"ChangePriceCoef": 1,
		"AllowSpawnOnLocations": [],
		"SendToClient": false,
		"AnimationVariantsNumber": 0,
		"DiscardingBlock": false,
		"MaxResource": 0,
		"Resource": 0
	},
	"_proto": "5734781f24597737e04bf32a"
}