{
	"_id": "5d1b304286f774253763a528",
	"_name": "item_barter_electr_lcd_Clean",
	"_parent": "57864a66245977548f04a81f",
	"_type": "Item",
	"_props": {
		"Name": "item_barter_electr_lcd_Clean",
		"ShortName": "item_barter_electr_lcd_Clean",
		"Description": "item_barter_electr_lcd_Clean",
		"Weight": 0.05,
		"BackgroundColor": "blue",
		"Width": 1,
		"Height": 2,
		"StackMaxSize": 1,
		"Rarity": "Rare",
		"SpawnChance": 3,
		"CreditsPrice": 38000,
		"ItemSound": "generic",
		"Prefab": {
			"path": "assets/content/items/barter/item_barter_electr_lcd/item_barter_electr_lcd_clean.bundle",
			"rcid": ""
		},
		"UsePrefab": {
			"path": "",
			"rcid": ""
		},
		"StackObjectsCount": 1,
		"NotShownInSlot": false,
		"ExaminedByDefault": true,
		"ExamineTime": 1,
		"IsUndiscardable": false,
		"IsUnsaleable": false,
		"IsUnbuyable": false,
		"IsUngivable": false,
		"IsLockedafterEquip": false,
		"QuestItem": false,
		"LootExperience": 40,
		"ExamineExperience": 5,
		"HideEntrails": false,
		"RepairCost": 0,
		"RepairSpeed": 0,
		"ExtraSizeLeft": 0,
		"ExtraSizeRight": 0,
		"ExtraSizeUp": 0,
		"ExtraSizeDown": 0,
		"ExtraSizeForceAdd": false,
		"MergesWithChildren": false,
		"CanSellOnRagfair": true,
		"CanRequireOnRagfair": true,
		"BannedFromRagfair": false,
		"ConflictingItems": [],
		"FixedPrice": false,
		"Unlootable": false,
		"UnlootableFromSlot": "FirstPrimaryWeapon",
		"UnlootableFromSide": [],
		"ChangePriceCoef": 1,
		"AllowSpawnOnLocations": [],
		"SendToClient": false,
		"AnimationVariantsNumber": 0,
		"DiscardingBlock": false,
		"MaxResource": 0,
		"Resource": 0
	},
	"_proto": "5734779624597737e04bf329"
}