{
	"_id": "5d1b385e86f774252167b98a",
	"_name": "item_barter_other_waterfilter",
	"_parent": "590c745b86f7743cc433c5f2",
	"_type": "Item",
	"_props": {
		"Name": "item_barter_other_waterfilter",
		"ShortName": "item_barter_other_waterfilter",
		"Description": "item_barter_other_waterfilter",
		"Weight": 0.4,
		"BackgroundColor": "blue",
		"Width": 1,
		"Height": 2,
		"StackMaxSize": 1,
		"Rarity": "Rare",
		"SpawnChance": 2,
		"CreditsPrice": 49300,
		"ItemSound": "item_plastic_generic",
		"Prefab": {
			"path": "assets/content/items/barter/item_barter_other_waterfilter/item_barter_other_waterfilter.bundle",
			"rcid": ""
		},
		"UsePrefab": {
			"path": "",
			"rcid": ""
		},
		"StackObjectsCount": 1,
		"NotShownInSlot": false,
		"ExaminedByDefault": true,
		"ExamineTime": 1,
		"IsUndiscardable": false,
		"IsUnsaleable": false,
		"IsUnbuyable": false,
		"IsUngivable": false,
		"IsLockedafterEquip": false,
		"QuestItem": false,
		"LootExperience": 20,
		"ExamineExperience": 10,
		"HideEntrails": false,
		"RepairCost": 0,
		"RepairSpeed": 0,
		"ExtraSizeLeft": 0,
		"ExtraSizeRight": 0,
		"ExtraSizeUp": 0,
		"ExtraSizeDown": 0,
		"ExtraSizeForceAdd": false,
		"MergesWithChildren": false,
		"CanSellOnRagfair": true,
		"CanRequireOnRagfair": true,
		"BannedFromRagfair": false,
		"ConflictingItems": [],
		"FixedPrice": false,
		"Unlootable": false,
		"UnlootableFromSlot": "FirstPrimaryWeapon",
		"UnlootableFromSide": [],
		"ChangePriceCoef": 1,
		"AllowSpawnOnLocations": [],
		"SendToClient": false,
		"AnimationVariantsNumber": 0,
		"DiscardingBlock": false,
		"MaxResource": 100,
		"Resource": 100,
		"DogTagQualities": false
	},
	"_proto": "573476d324597737da2adc13"
}