{
	"_id": "__REPLACEME__",
	"aid": "__REPLACEME__",
	"savage": "__REPLACEME__",
	"Info": {
		"Nickname": "__REPLACEME__",
		"LowerNickname": "__REPLACEME__",
		"Side": "Bear",
		"Voice": "Bear_1",
		"level": 0,
		"Experience": 0,
		"RegistrationDate": 1577890800,
		"GameVersion": "standard",
		"AccountType": 0,
		"MemberCategory": "Default",
		"lockedMoveCommands": false,
		"SavageLockTime": 0,
		"LastTimePlayedAsSavage": 0,
		"Settings": {
			"Role": "assault",
			"BotDifficulty": "easy",
			"Experience": -1
		},
		"NeedWipe": false,
		"GlobalWipe": false,
		"NicknameChangeDate": 0,
		"Bans": []
	},
	"Customization": {
		"Head": "5cc084dd14c02e000b0550a3",
		"Body": "5cc0858d14c02e000c6bea66",
		"Feet": "5cc085bb14c02e000e67a5c5",
		"Hands": "5cc0876314c02e000c6bea6b"
	},
	"Health": {
		"Hydration": {
			"Current": 100,
			"Maximum": 100
		},
		"Energy": {
			"Current": 100,
			"Maximum": 100
		},
		"BodyParts": {
			"Head": {
				"Health": {
					"Current": 35,
					"Maximum": 35
				}
			},
			"Chest": {
				"Health": {
					"Current": 80,
					"Maximum": 80
				}
			},
			"Stomach": {
				"Health": {
					"Current": 70,
					"Maximum": 70
				}
			},
			"LeftArm": {
				"Health": {
					"Current": 60,
					"Maximum": 60
				}
			},
			"RightArm": {
				"Health": {
					"Current": 60,
					"Maximum": 60
				}
			},
			"LeftLeg": {
				"Health": {
					"Current": 65,
					"Maximum": 65
				}
			},
			"RightLeg": {
				"Health": {
					"Current": 65,
					"Maximum": 65
				}
			}
		},
		"UpdateTime": 1576516011
	},
	"Inventory": {
		"items": [
			{
				"_id": "5df7b9abef12bf7a252437a1",
				"_tpl": "55d7217a4bdc2d86028b456d"
			},
			{
				"_id": "5df7b9abef12bf7a252437a0",
				"_tpl": "557ffd194bdc2d28148b457f",
				"parentId": "5df7b9abef12bf7a252437a1",
				"slotId": "Pockets"
			},
			{
				"_id": "5df7b9abef12bf7a2524385f",
				"_tpl": "5811ce772459770e9e5f9532"
			},
			{
				"_id": "5df7b9abef12bf7a25243861",
				"_tpl": "5963866b86f7747bfa1c4462"
			},
			{
				"_id": "5df7b9abef12bf7a25243860",
				"_tpl": "5963866286f7747bf429b572"
			}
		],
		"equipment": "5df7b9abef12bf7a252437a1",
		"stash": "5df7b9abef12bf7a2524385f",
		"questRaidItems": "5df7b9abef12bf7a25243860",
		"questStashItems": "5df7b9abef12bf7a25243861",
		"fastPanel": {}
	},
	"Skills": {
		"Common": [
			{
				"Id": "BotReload",
				"Progress": 0,
				"MaxAchieved": 0,
				"LastAccess": -2147483648
			},
			{
				"Id": "Endurance",
				"Progress": 0,
				"MaxAchieved": 0,
				"LastAccess": 0
			},
			{
				"Id": "Strength",
				"Progress": 0,
				"MaxAchieved": 0,
				"LastAccess": 0
			},
			{
				"Id": "Vitality",
				"Progress": 0,
				"MaxAchieved": 0,
				"LastAccess": 0
			},
			{
				"Id": "Health",
				"Progress": 0,
				"MaxAchieved": 0,
				"LastAccess": 0
			},
			{
				"Id": "StressResistance",
				"Progress": 0,
				"MaxAchieved": 0,
				"LastAccess": 0
			},
			{
				"Id": "Metabolism",
				"Progress": 0,
				"MaxAchieved": 0,
				"LastAccess": 0
			},
			{
				"Id": "Immunity",
				"Progress": 0,
				"MaxAchieved": 0,
				"LastAccess": 0
			},
			{
				"Id": "Perception",
				"Progress": 0,
				"MaxAchieved": 0,
				"LastAccess": 0
			},
			{
				"Id": "Intellect",
				"Progress": 0,
				"MaxAchieved": 0,
				"LastAccess": 0
			},
			{
				"Id": "Attention",
				"Progress": 0,
				"MaxAchieved": 0,
				"LastAccess": 0
			},
			{
				"Id": "Charisma",
				"Progress": 0,
				"MaxAchieved": 0,
				"LastAccess": 0
			},
			{
				"Id": "Memory",
				"Progress": 0,
				"MaxAchieved": 0,
				"LastAccess": 0
			},
			{
				"Id": "Pistol",
				"Progress": 0,
				"MaxAchieved": 0,
				"LastAccess": 0
			},
			{
				"Id": "Revolver",
				"Progress": 0,
				"MaxAchieved": 0,
				"LastAccess": 0
			},
			{
				"Id": "SMG",
				"Progress": 0,
				"MaxAchieved": 0,
				"LastAccess": 0
			},
			{
				"Id": "Assault",
				"Progress": 0,
				"MaxAchieved": 0,
				"LastAccess": 0
			},
			{
				"Id": "Shotgun",
				"Progress": 0,
				"MaxAchieved": 0,
				"LastAccess": 0
			},
			{
				"Id": "Sniper",
				"Progress": 0,
				"MaxAchieved": 0,
				"LastAccess": 0
			},
			{
				"Id": "LMG",
				"Progress": 0,
				"MaxAchieved": 0,
				"LastAccess": 0
			},
			{
				"Id": "HMG",
				"Progress": 0,
				"MaxAchieved": 0,
				"LastAccess": 0
			},
			{
				"Id": "Launcher",
				"Progress": 0,
				"MaxAchieved": 0,
				"LastAccess": 0
			},
			{
				"Id": "AttachedLauncher",
				"Progress": 0,
				"MaxAchieved": 0,
				"LastAccess": 0
			},
			{
				"Id": "Throwing",
				"Progress": 0,
				"MaxAchieved": 0,
				"LastAccess": 0
			},
			{
				"Id": "Melee",
				"Progress": 0,
				"MaxAchieved": 0,
				"LastAccess": 0
			},
			{
				"Id": "DMR",
				"Progress": 0,
				"MaxAchieved": 0,
				"LastAccess": 0
			},
			{
				"Id": "RecoilControl",
				"Progress": 0,
				"MaxAchieved": 0,
				"LastAccess": 0
			},
			{
				"Id": "CovertMovement",
				"Progress": 0,
				"MaxAchieved": 0,
				"LastAccess": 0
			},
			{
				"Id": "FieldMedicine",
				"Progress": 0,
				"MaxAchieved": 0,
				"LastAccess": 0
			},
			{
				"Id": "Search",
				"Progress": 0,
				"MaxAchieved": 0,
				"LastAccess": 0
			},
			{
				"Id": "MagDrills",
				"Progress": 0,
				"MaxAchieved": 0,
				"LastAccess": 0
			},
			{
				"Id": "Sniping",
				"Progress": 0,
				"MaxAchieved": 0,
				"LastAccess": 0
			},
			{
				"Id": "ProneMovement",
				"Progress": 0,
				"MaxAchieved": 0,
				"LastAccess": 0
			},
			{
				"Id": "FirstAid",
				"Progress": 0,
				"MaxAchieved": 0,
				"LastAccess": 0
			},
			{
				"Id": "LightVests",
				"Progress": 0,
				"MaxAchieved": 0,
				"LastAccess": 0
			},
			{
				"Id": "HeavyVests",
				"Progress": 0,
				"MaxAchieved": 0,
				"LastAccess": 0
			},
			{
				"Id": "WeaponModding",
				"Progress": 0,
				"MaxAchieved": 0,
				"LastAccess": 0
			},
			{
				"Id": "AdvancedModding",
				"Progress": 0,
				"MaxAchieved": 0,
				"LastAccess": 0
			},
			{
				"Id": "NightOps",
				"Progress": 0,
				"MaxAchieved": 0,
				"LastAccess": 0
			},
			{
				"Id": "SilentOps",
				"Progress": 0,
				"MaxAchieved": 0,
				"LastAccess": 0
			},
			{
				"Id": "Lockpicking",
				"Progress": 0,
				"MaxAchieved": 0,
				"LastAccess": 0
			},
			{
				"Id": "WeaponTreatment",
				"Progress": 0,
				"MaxAchieved": 0,
				"LastAccess": 0
			},
			{
				"Id": "Freetrading",
				"Progress": 0,
				"MaxAchieved": 0,
				"LastAccess": 0
			},
			{
				"Id": "Auctions",
				"Progress": 0,
				"MaxAchieved": 0,
				"LastAccess": 0
			},
			{
				"Id": "Cleanoperations",
				"Progress": 0,
				"MaxAchieved": 0,
				"LastAccess": 0
			},
			{
				"Id": "Barter",
				"Progress": 0,
				"MaxAchieved": 0,
				"LastAccess": 0
			},
			{
				"Id": "Shadowconnections",
				"Progress": 0,
				"MaxAchieved": 0,
				"LastAccess": 0
			},
			{
				"Id": "Taskperformance",
				"Progress": 0,
				"MaxAchieved": 0,
				"LastAccess": 0
			}
		],
		"Mastering": [
			{
				"Id": "MP5",
				"Progress": 0
			},
			{
				"Id": "AKSU",
				"Progress": 0
			},
			{
				"Id": "MPX",
				"Progress": 0
			},
			{
				"Id": "PB",
				"Progress": 0
			},
			{
				"Id": "PM",
				"Progress": 0
			},
			{
				"Id": "TT",
				"Progress": 0
			},
			{
				"Id": "P226",
				"Progress": 0
			},
			{
				"Id": "VSS",
				"Progress": 0
			},
			{
				"Id": "AKM",
				"Progress": 0
			},
			{
				"Id": "AK74",
				"Progress": 0
			},
			{
				"Id": "M4",
				"Progress": 0
			},
			{
				"Id": "MDR",
				"Progress": 0
			},
			{
				"Id": "ASH12",
				"Progress": 0
			},
			{
				"Id": "SA-58",
				"Progress": 0
			},
			{
				"Id": "SKS",
				"Progress": 0
			},
			{
				"Id": "PP-91",
				"Progress": 0
			},
			{
				"Id": "VPO101",
				"Progress": 0
			},
			{
				"Id": "P90",
				"Progress": 0
			},
			{
				"Id": "mp7",
				"Progress": 0
			},
			{
				"Id": "PP19",
				"Progress": 0
			},
			{
				"Id": "PP-9",
				"Progress": 0
			},
			{
				"Id": "SAIGA",
				"Progress": 0
			},
			{
				"Id": "R11SRASS",
				"Progress": 0
			},
			{
				"Id": "mosin",
				"Progress": 0
			},
			{
				"Id": "M1A",
				"Progress": 0
			},
			{
				"Id": "SVD",
				"Progress": 0
			},
			{
				"Id": "APS",
				"Progress": 0
			},
			{
				"Id": "sr1mp",
				"Progress": 0
			},
			{
				"Id": "m9",
				"Progress": 0
			},
			{
				"Id": "57",
				"Progress": 0
			},
			{
				"Id": "MP443",
				"Progress": 0
			},
			{
				"Id": "GLOCK17",
				"Progress": 0
			},
			{
				"Id": "SV98",
				"Progress": 0
			},
			{
				"Id": "r700",
				"Progress": 0
			},
			{
				"Id": "DVL",
				"Progress": 0
			},
			{
				"Id": "TOZ106",
				"Progress": 0
			},
			{
				"Id": "MP133",
				"Progress": 0
			},
			{
				"Id": "M870",
				"Progress": 0
			},
			{
				"Id": "MP153",
				"Progress": 0
			},
			{
				"Id": "MP9",
				"Progress": 0
			},
			{
				"Id": "VPO_215",
				"Progress": 0
			},
			{
				"Id": "T5000",
				"Progress": 0
			},
			{
				"Id": "SR25",
				"Progress": 0
			}
		],
		"Points": 0
	},
	"Stats": {
		"SessionCounters": null,
		"OverallCounters": {
			"Items": []
		},
		"SessionExperienceMult": 0,
		"ExperienceBonusMult": 0,
		"TotalSessionExperience": 0,
		"LastSessionDate": 0,
		"Aggressor": null,
		"DroppedItems": [],
		"FoundInRaidItems": [],
		"Victims": [],
		"CarriedQuestItems": [],
		"TotalInGameTime": 0,
		"SurvivorClass": "Unknown"
	},
	"Encyclopedia": {},
	"ConditionCounters": {
		"Counters": []
	},
	"BackendCounters": {},
	"InsuredItems": [],
	"Hideout": {
		"Production": {},
		"Areas": [
			{
				"type": 3,
				"level": 1,
				"active": true,
				"passiveBonusesEnabled": true,
				"completeTime": 0,
				"constructing": false,
				"slots": []
			},
			{
				"type": 0,
				"level": 0,
				"active": true,
				"passiveBonusesEnabled": true,
				"completeTime": 0,
				"constructing": false,
				"slots": []
			},
			{
				"type": 1,
				"level": 0,
				"active": true,
				"passiveBonusesEnabled": true,
				"completeTime": 0,
				"constructing": false,
				"slots": []
			},
			{
				"type": 2,
				"level": 0,
				"active": true,
				"passiveBonusesEnabled": true,
				"completeTime": 0,
				"constructing": false,
				"slots": []
			},
			{
				"type": 4,
				"level": 0,
				"active": true,
				"passiveBonusesEnabled": true,
				"completeTime": 0,
				"constructing": false,
				"slots": []
			},
			{
				"type": 5,
				"level": 0,
				"active": true,
				"passiveBonusesEnabled": true,
				"completeTime": 0,
				"constructing": false,
				"slots": []
			},
			{
				"type": 6,
				"level": 0,
				"active": true,
				"passiveBonusesEnabled": true,
				"completeTime": 0,
				"constructing": false,
				"slots": []
			},
			{
				"type": 7,
				"level": 0,
				"active": true,
				"passiveBonusesEnabled": true,
				"completeTime": 0,
				"constructing": false,
				"slots": []
			},
			{
				"type": 8,
				"level": 0,
				"active": true,
				"passiveBonusesEnabled": true,
				"completeTime": 0,
				"constructing": false,
				"slots": []
			},
			{
				"type": 9,
				"level": 0,
				"active": true,
				"passiveBonusesEnabled": true,
				"completeTime": 0,
				"constructing": false,
				"slots": []
			},
			{
				"type": 10,
				"level": 0,
				"active": true,
				"passiveBonusesEnabled": true,
				"completeTime": 0,
				"constructing": false,
				"slots": []
			},
			{
				"type": 11,
				"level": 0,
				"active": true,
				"passiveBonusesEnabled": true,
				"completeTime": 0,
				"constructing": false,
				"slots": []
			},
			{
				"type": 12,
				"level": 0,
				"active": true,
				"passiveBonusesEnabled": true,
				"completeTime": 0,
				"constructing": false,
				"slots": []
			},
			{
				"type": 13,
				"level": 0,
				"active": true,
				"passiveBonusesEnabled": true,
				"completeTime": 0,
				"constructing": false,
				"slots": []
			},
			{
				"type": 14,
				"level": 0,
				"active": true,
				"passiveBonusesEnabled": true,
				"completeTime": 0,
				"constructing": false,
				"slots": []
			},
			{
				"type": 15,
				"level": 0,
				"active": true,
				"passiveBonusesEnabled": true,
				"completeTime": 0,
				"constructing": false,
				"slots": []
			},
			{
				"type": 16,
				"level": 0,
				"active": true,
				"passiveBonusesEnabled": true,
				"completeTime": 0,
				"constructing": false,
				"slots": []
			},
			{
				"type": 17,
				"level": 0,
				"active": true,
				"passiveBonusesEnabled": false,
				"completeTime": 0,
				"constructing": false,
				"slots": []
			},
			{
				"type": 18,
				"level": 0,
				"active": true,
				"passiveBonusesEnabled": true,
				"completeTime": 0,
				"constructing": false,
				"slots": []
			},
			{
				"type": 19,
				"level": 0,
				"active": true,
				"passiveBonusesEnabled": true,
				"completeTime": 0,
				"constructing": false,
				"slots": []
			},
			{
				"type": 20,
				"level": 0,
				"active": true,
				"passiveBonusesEnabled": true,
				"completeTime": 0,
				"constructing": false,
				"slots": []
			},
			{
				"type": 21,
				"level": 0,
				"active": true,
				"passiveBonusesEnabled": true,
				"completeTime": 0,
				"constructing": false,
				"slots": []
			}
		]
	},
	"Bonuses": [{
			"type": "StashSize",
			"templateId": "566abbc34bdc2d92178b4576"
		}],
	"Notes": {
		"Notes": []
	},
	"Quests": [],
	"TraderStandings": {},
	"RagfairInfo": {
		"rating": 0.2,
		"isRatingGrowing": true,
		"offers": []
	},
	"WishList": []
}