{
    "Hydration": {
        "Current": 100,
        "Maximum": 100
    },
    "Energy": {
        "Current": 100,
        "Maximum": 100
    },
    "BodyParts": {
        "Head": {
            "Health": {
                "Current": 35,
                "Maximum": 35
            }
        },
        "Chest": {
            "Health": {
                "Current": 80,
                "Maximum": 80
            }
        },
        "Stomach": {
            "Health": {
                "Current": 70,
                "Maximum": 70
            }
        },
        "LeftArm": {
            "Health": {
                "Current": 60,
                "Maximum": 60
            }
        },
        "RightArm": {
            "Health": {
                "Current": 60,
                "Maximum": 60
            }
        },
        "LeftLeg": {
            "Health": {
                "Current": 65,
                "Maximum": 65
            }
        },
        "RightLeg": {
            "Health": {
                "Current": 65,
                "Maximum": 65
            }
        }
    }
}