{
	"name": "TraderElsie",
	"author": "Saaly",
	"version": "1.0.0",
	"license": "MIT",
	"db": {
		"assort": {
			"Elsie": {
				"base": "db/assort/Elsie/base.json",
				"categories": "db/assort/Elsie/categories.json",
				"barter_scheme": {
					"1MODULE-3M": "db/assort/Elsie/barter_scheme/1MODULE-3M.json",
					"1GP-5": "db/assort/Elsie/barter_scheme/1GP-5.json",
					"2RESPIRATOR": "db/assort/Elsie/barter_scheme/2RESPIRATOR.json",
					"1MASK": "db/assort/Elsie/barter_scheme/1MASK.json",
					"2MUSTACHE": "db/assort/Elsie/barter_scheme/2MUSTACHE.json",
					"4BEARD": "db/assort/Elsie/barter_scheme/4BEARD.json",
					"1Armband-W": "db/assort/Elsie/barter_scheme/1Armband-W.json",
					"3Armband-Y": "db/assort/Elsie/barter_scheme/3Armband-Y.json",
					"2Armband-B": "db/assort/Elsie/barter_scheme/2Armband-B.json",
					"2LUCKYSCAV": "db/assort/Elsie/barter_scheme/2LUCKYSCAV.json",
					"4THICC-A": "db/assort/Elsie/barter_scheme/4THICC-A.json",
					"4ITEMCASE": "db/assort/Elsie/barter_scheme/4ITEMCASE.json",
					"3THICC-W": "db/assort/Elsie/barter_scheme/3THICC-W.json",
					"3WEAPONCASE": "db/assort/Elsie/barter_scheme/3WEAPONCASE.json",
					"2MEDSCASE": "db/assort/Elsie/barter_scheme/2MEDSCASE.json",
					"1GRANADECASE": "db/assort/Elsie/barter_scheme/1GRANADECASE.json",
					"3JEWELCASE": "db/assort/Elsie/barter_scheme/3JEWELCASE.json",
					"2THERMABAG": "db/assort/Elsie/barter_scheme/2THERMABAG.json",
					"2MAGAZINECASE": "db/assort/Elsie/barter_scheme/2MAGAZINECASE.json",
					"2AMMOCASE": "db/assort/Elsie/barter_scheme/2AMMOCASE.json",
					"3MONEYCASE": "db/assort/Elsie/barter_scheme/3MONEYCASE.json",
					"1PISTOLCASE": "db/assort/Elsie/barter_scheme/1PISTOLCASE.json",
					"2DOCCASE": "db/assort/Elsie/barter_scheme/2DOCCASE.json",
					"3SICC": "db/assort/Elsie/barter_scheme/3SICC.json",
					"1WALLET": "db/assort/Elsie/barter_scheme/1WALLET.json",
					"3KETOOL": "db/assort/Elsie/barter_scheme/3KETOOL.json",
					"1DOGTAGS": "db/assort/Elsie/barter_scheme/1DOGTAGS.json",
					"2BAG": "db/assort/Elsie/barter_scheme/2BAG.json",
					"1TACTICALBAG": "db/assort/Elsie/barter_scheme/1TACTICALBAG.json",
					"1ANALGIN": "db/assort/Elsie/barter_scheme/1ANALGIN.json",
					"2AUMENTIN": "db/assort/Elsie/barter_scheme/2AUMENTIN.json",
					"1AI-2": "db/assort/Elsie/barter_scheme/1AI-2.json",
					"2IFAK": "db/assort/Elsie/barter_scheme/2IFAK.json",
					"3GRIZZLY": "db/assort/Elsie/barter_scheme/3GRIZZLY.json",
					"1ALU": "db/assort/Elsie/barter_scheme/1ALU.json",
					"3CMS": "db/assort/Elsie/barter_scheme/3CMS.json",
					"4SURV12": "db/assort/Elsie/barter_scheme/4SURV12.json",
					"1MORPHINE": "db/assort/Elsie/barter_scheme/1MORPHINE.json",
					"3JS1": "db/assort/Elsie/barter_scheme/3JS1.json",
					"3ETG": "db/assort/Elsie/barter_scheme/3ETG.json",
					"2SJE": "db/assort/Elsie/barter_scheme/2SJE.json",
					"4PROPITAL": "db/assort/Elsie/barter_scheme/4PROPITAL.json",
					"4ZAGUSTIN": "db/assort/Elsie/barter_scheme/4ZAGUSTIN.json",
					"3ADRENALINE": "db/assort/Elsie/barter_scheme/3ADRENALINE.json",
					"1ARMYCRACK": "db/assort/Elsie/barter_scheme/1ARMYCRACK.json",
					"2SLICKER": "db/assort/Elsie/barter_scheme/2SLICKER.json",
					"3MRE": "db/assort/Elsie/barter_scheme/3MRE.json",
					"1GREENTEA": "db/assort/Elsie/barter_scheme/1GREENTEA.json",
					"2HOTROD": "db/assort/Elsie/barter_scheme/2HOTROD.json",
					"3AQUAMARI": "db/assort/Elsie/barter_scheme/3AQUAMARI.json",
					"1RDG2": "db/assort/Elsie/barter_scheme/1RDG2.json"					
				},
				"items": {
					"1MODULE-3M": "db/assort/Elsie/items/1MODULE-3M.json",
					"1GP-5": "db/assort/Elsie/items/1GP-5.json",
					"2RESPIRATOR": "db/assort/Elsie/items/2RESPIRATOR.json",
					"1MASK": "db/assort/Elsie/items/1MASK.json",
					"2MUSTACHE": "db/assort/Elsie/items/2MUSTACHE.json",
					"4BEARD": "db/assort/Elsie/items/4BEARD.json",
					"1Armband-W": "db/assort/Elsie/items/1Armband-W.json",
					"3Armband-Y": "db/assort/Elsie/items/3Armband-Y.json",
					"2Armband-B": "db/assort/Elsie/items/2Armband-B.json",
					"2LUCKYSCAV": "db/assort/Elsie/items/2LUCKYSCAV.json",
					"4THICC-A": "db/assort/Elsie/items/4THICC-A.json",
					"4ITEMCASE": "db/assort/Elsie/items/4ITEMCASE.json",
					"3THICC-W": "db/assort/Elsie/items/3THICC-W.json",
					"3WEAPONCASE": "db/assort/Elsie/items/3WEAPONCASE.json",
					"2MEDSCASE": "db/assort/Elsie/items/2MEDSCASE.json",
					"1GRANADECASE": "db/assort/Elsie/items/1GRANADECASE.json",
					"3JEWELCASE": "db/assort/Elsie/items/3JEWELCASE.json",
					"2THERMABAG": "db/assort/Elsie/items/2THERMABAG.json",
					"2MAGAZINECASE": "db/assort/Elsie/items/2MAGAZINECASE.json",
					"2AMMOCASE": "db/assort/Elsie/items/2AMMOCASE.json",
					"3MONEYCASE": "db/assort/Elsie/items/3MONEYCASE.json",
					"1PISTOLCASE": "db/assort/Elsie/items/1PISTOLCASE.json",
					"2DOCCASE": "db/assort/Elsie/items/2DOCCASE.json",
					"3SICC": "db/assort/Elsie/items/3SICC.json",
					"1WALLET": "db/assort/Elsie/items/1WALLET.json",
					"3KETOOL": "db/assort/Elsie/items/3KETOOL.json",
					"1DOGTAGS": "db/assort/Elsie/items/1DOGTAGS.json",
					"2BAG": "db/assort/Elsie/items/2BAG.json",
					"1TACTICALBAG": "db/assort/Elsie/items/1TACTICALBAG.json",
					"1ANALGIN": "db/assort/Elsie/items/1ANALGIN.json",
					"2AUMENTIN": "db/assort/Elsie/items/2AUMENTIN.json",
					"1AI-2": "db/assort/Elsie/items/1AI-2.json",
					"2IFAK": "db/assort/Elsie/items/2IFAK.json",
					"3GRIZZLY": "db/assort/Elsie/items/3GRIZZLY.json",
					"1ALU": "db/assort/Elsie/items/1ALU.json",
					"3CMS": "db/assort/Elsie/items/3CMS.json",
					"4SURV12": "db/assort/Elsie/items/4SURV12.json",
					"1MORPHINE": "db/assort/Elsie/items/1MORPHINE.json",
					"3JS1": "db/assort/Elsie/items/3JS1.json",
					"3ETG": "db/assort/Elsie/items/3ETG.json",
					"2SJE": "db/assort/Elsie/items/2SJE.json",
					"4PROPITAL": "db/assort/Elsie/items/4PROPITAL.json",
					"4ZAGUSTIN": "db/assort/Elsie/items/4ZAGUSTIN.json",
					"3ADRENALINE": "db/assort/Elsie/items/3ADRENALINE.json",
					"1ARMYCRACK": "db/assort/Elsie/items/1ARMYCRACK.json",
					"2SLICKER": "db/assort/Elsie/items/2SLICKER.json",
					"3MRE": "db/assort/Elsie/items/3MRE.json",
					"1GREENTEA": "db/assort/Elsie/items/1GREENTEA.json",
					"2HOTROD": "db/assort/Elsie/items/2HOTROD.json",
					"3AQUAMARI": "db/assort/Elsie/items/3AQUAMARI.json",
					"1RDG2": "db/assort/Elsie/items/1RDG2.json"					
				},
				"loyal_level_items": {
					"1MODULE-3M": "db/assort/Elsie/loyal_level_items/1MODULE-3M.json",
					"1GP-5": "db/assort/Elsie/loyal_level_items/1GP-5.json",
					"2RESPIRATOR": "db/assort/Elsie/loyal_level_items/2RESPIRATOR.json",
					"1MASK": "db/assort/Elsie/loyal_level_items/1MASK.json",
					"2MUSTACHE": "db/assort/Elsie/loyal_level_items/2MUSTACHE.json",
					"4BEARD": "db/assort/Elsie/loyal_level_items/4BEARD.json",
					"1Armband-W": "db/assort/Elsie/loyal_level_items/1Armband-W.json",
					"3Armband-Y": "db/assort/Elsie/loyal_level_items/3Armband-Y.json",
					"2Armband-B": "db/assort/Elsie/loyal_level_items/2Armband-B.json",
					"2LUCKYSCAV": "db/assort/Elsie/loyal_level_items/2LUCKYSCAV.json",
					"4THICC-A": "db/assort/Elsie/loyal_level_items/4THICC-A.json",
					"4ITEMCASE": "db/assort/Elsie/loyal_level_items/4ITEMCASE.json",
					"3THICC-W": "db/assort/Elsie/loyal_level_items/3THICC-W.json",
					"3WEAPONCASE": "db/assort/Elsie/loyal_level_items/3WEAPONCASE.json",
					"2MEDSCASE": "db/assort/Elsie/loyal_level_items/2MEDSCASE.json",
					"1GRANADECASE": "db/assort/Elsie/loyal_level_items/1GRANADECASE.json",
					"3JEWELCASE": "db/assort/Elsie/loyal_level_items/3JEWELCASE.json",
					"2THERMABAG": "db/assort/Elsie/loyal_level_items/2THERMABAG.json",
					"2MAGAZINECASE": "db/assort/Elsie/loyal_level_items/2MAGAZINECASE.json",
					"2AMMOCASE": "db/assort/Elsie/loyal_level_items/2AMMOCASE.json",
					"3MONEYCASE": "db/assort/Elsie/loyal_level_items/3MONEYCASE.json",
					"1PISTOLCASE": "db/assort/Elsie/loyal_level_items/1PISTOLCASE.json",
					"2DOCCASE": "db/assort/Elsie/loyal_level_items/2DOCCASE.json",
					"3SICC": "db/assort/Elsie/loyal_level_items/3SICC.json",
					"1WALLET": "db/assort/Elsie/loyal_level_items/1WALLET.json",
					"3KETOOL": "db/assort/Elsie/loyal_level_items/3KETOOL.json",
					"1DOGTAGS": "db/assort/Elsie/loyal_level_items/1DOGTAGS.json",
					"2BAG": "db/assort/Elsie/loyal_level_items/2BAG.json",
					"1TACTICALBAG": "db/assort/Elsie/loyal_level_items/1TACTICALBAG.json",
					"1ANALGIN": "db/assort/Elsie/loyal_level_items/1ANALGIN.json",
					"2AUMENTIN": "db/assort/Elsie/loyal_level_items/2AUMENTIN.json",
					"1AI-2": "db/assort/Elsie/loyal_level_items/1AI-2.json",
					"2IFAK": "db/assort/Elsie/loyal_level_items/2IFAK.json",
					"3GRIZZLY": "db/assort/Elsie/loyal_level_items/3GRIZZLY.json",
					"1ALU": "db/assort/Elsie/loyal_level_items/1ALU.json",
					"3CMS": "db/assort/Elsie/loyal_level_items/3CMS.json",
					"4SURV12": "db/assort/Elsie/loyal_level_items/4SURV12.json",
					"1MORPHINE": "db/assort/Elsie/loyal_level_items/1MORPHINE.json",
					"3JS1": "db/assort/Elsie/loyal_level_items/3JS1.json",
					"3ETG": "db/assort/Elsie/loyal_level_items/3ETG.json",
					"2SJE": "db/assort/Elsie/loyal_level_items/2SJE.json",
					"4PROPITAL": "db/assort/Elsie/loyal_level_items/4PROPITAL.json",
					"4ZAGUSTIN": "db/assort/Elsie/loyal_level_items/4ZAGUSTIN.json",
					"3ADRENALINE": "db/assort/Elsie/loyal_level_items/3ADRENALINE.json",
					"1ARMYCRACK": "db/assort/Elsie/loyal_level_items/1ARMYCRACK.json",
					"2SLICKER": "db/assort/Elsie/loyal_level_items/2SLICKER.json",
					"3MRE": "db/assort/Elsie/loyal_level_items/3MRE.json",
					"1GREENTEA": "db/assort/Elsie/loyal_level_items/1GREENTEA.json",
					"2HOTROD": "db/assort/Elsie/loyal_level_items/2HOTROD.json",
					"3AQUAMARI": "db/assort/Elsie/loyal_level_items/3AQUAMARI.json",
					"1RDG2": "db/assort/Elsie/loyal_level_items/1RDG2.json"					
				}
			}
		},
		"items": {
			"1MODULE-3M": "db/items/1MODULE-3M.json",
			"1GP-5": "db/items/1GP-5.json",
			"2RESPIRATOR": "db/items/2RESPIRATOR.json",
			"1MASK": "db/items/1MASK.json",
			"2MUSTACHE": "db/items/2MUSTACHE.json",
			"4BEARD": "db/items/4BEARD.json",
			"1Armband-W": "db/items/1Armband-W.json",
			"3Armband-Y": "db/items/3Armband-Y.json",
			"2Armband-B": "db/items/2Armband-B.json",
			"2LUCKYSCAV": "db/items/2LUCKYSCAV.json",
			"4THICC-A": "db/items/4THICC-A.json",
			"4ITEMCASE": "db/items/4ITEMCASE.json",
			"3THICC-W": "db/items/3THICC-W.json",
			"3WEAPONCASE": "db/items/3WEAPONCASE.json",
			"2MEDSCASE": "db/items/2MEDSCASE.json",
			"1GRANADECASE": "db/items/1GRANADECASE.json",
			"3JEWELCASE": "db/items/3JEWELCASE.json",
			"2THERMABAG": "db/items/2THERMABAG.json",
			"2MAGAZINECASE": "db/items/2MAGAZINECASE.json",
			"2AMMOCASE": "db/items/2AMMOCASE.json",
			"3MONEYCASE": "db/items/3MONEYCASE.json",
			"1PISTOLCASE": "db/items/1PISTOLCASE.json",
			"2DOCCASE": "db/items/2DOCCASE.json",
			"3SICC": "db/items/3SICC.json",
			"1WALLET": "db/items/1WALLET.json",
			"3KETOOL": "db/items/3KETOOL.json",
			"1DOGTAGS": "db/items/1DOGTAGS.json",
			"2BAG": "db/items/2BAG.json",
			"1TACTICALBAG": "db/items/1TACTICALBAG.json",
			"1ANALGIN": "db/items/1ANALGIN.json",
			"2AUMENTIN": "db/items/2AUMENTIN.json",
			"1AI-2": "db/items/1AI-2.json",
			"2IFAK": "db/items/2IFAK.json",
			"3GRIZZLY": "db/items/3GRIZZLY.json",
			"1ALU": "db/items/1ALU.json",
			"3CMS": "db/items/3CMS.json",
			"4SURV12": "db/items/4SURV12.json",
			"1MORPHINE": "db/items/1MORPHINE.json",
			"3JS1": "db/items/3JS1.json",
			"3ETG": "db/items/3ETG.json",
			"2SJE": "db/items/2SJE.json",
			"4PROPITAL": "db/items/4PROPITAL.json",
			"4ZAGUSTIN": "db/items/4ZAGUSTIN.json",
			"3ADRENALINE": "db/items/3ADRENALINE.json",
			"1ARMYCRACK": "db/items/1ARMYCRACK.json",
			"2SLICKER": "db/items/2SLICKER.json",
			"3MRE": "db/items/3MRE.json",
			"1GREENTEA": "db/items/1GREENTEA.json",
			"2HOTROD": "db/items/2HOTROD.json",
			"3AQUAMARI": "db/items/3AQUAMARI.json",
			"1RDG2": "db/items/1RDG2.json"			
		},
		"locales": {
			"en": {
				"templates": {
					"1MODULE-3M": "db/locales/en/templates/1MODULE-3M.json",
					"1GP-5": "db/locales/en/templates/1GP-5.json",
					"2RESPIRATOR": "db/locales/en/templates/2RESPIRATOR.json",
					"1MASK": "db/locales/en/templates/1MASK.json",
					"2MUSTACHE": "db/locales/en/templates/2MUSTACHE.json",
					"4BEARD": "db/locales/en/templates/4BEARD.json",
					"1Armband-W": "db/locales/en/templates/1Armband-W.json",
					"3Armband-Y": "db/locales/en/templates/3Armband-Y.json",
					"2Armband-B": "db/locales/en/templates/2Armband-B.json",
					"2LUCKYSCAV": "db/locales/en/templates/2LUCKYSCAV.json",
					"4THICC-A": "db/locales/en/templates/4THICC-A.json",
					"4ITEMCASE": "db/locales/en/templates/4ITEMCASE.json",
					"3THICC-W": "db/locales/en/templates/3THICC-W.json",
					"3WEAPONCASE": "db/locales/en/templates/3WEAPONCASE.json",
					"2MEDSCASE": "db/locales/en/templates/2MEDSCASE.json",
					"1GRANADECASE": "db/locales/en/templates/1GRANADECASE.json",
					"3JEWELCASE": "db/locales/en/templates/3JEWELCASE.json",
					"2THERMABAG": "db/locales/en/templates/2THERMABAG.json",
					"2MAGAZINECASE": "db/locales/en/templates/2MAGAZINECASE.json",
					"2AMMOCASE": "db/locales/en/templates/2AMMOCASE.json",
					"3MONEYCASE": "db/locales/en/templates/3MONEYCASE.json",
					"1PISTOLCASE": "db/locales/en/templates/1PISTOLCASE.json",
					"2DOCCASE": "db/locales/en/templates/2DOCCASE.json",
					"3SICC": "db/locales/en/templates/3SICC.json",
					"1WALLET": "db/locales/en/templates/1WALLET.json",
					"3KETOOL": "db/locales/en/templates/3KETOOL.json",
					"1DOGTAGS": "db/locales/en/templates/1DOGTAGS.json",
					"2BAG": "db/locales/en/templates/2BAG.json",
					"1TACTICALBAG": "db/locales/en/templates/1TACTICALBAG.json",
					"1ANALGIN": "db/locales/en/templates/1ANALGIN.json",
					"2AUMENTIN": "db/locales/en/templates/2AUMENTIN.json",
					"1AI-2": "db/locales/en/templates/1AI-2.json",
					"2IFAK": "db/locales/en/templates/2IFAK.json",
					"3GRIZZLY": "db/locales/en/templates/3GRIZZLY.json",
					"1ALU": "db/locales/en/templates/1ALU.json",
					"3CMS": "db/locales/en/templates/3CMS.json",
					"4SURV12": "db/locales/en/templates/4SURV12.json",
					"1MORPHINE": "db/locales/en/templates/1MORPHINE.json",
					"3JS1": "db/locales/en/templates/3JS1.json",
					"3ETG": "db/locales/en/templates/3ETG.json",
					"2SJE": "db/locales/en/templates/2SJE.json",
					"4PROPITAL": "db/locales/en/templates/4PROPITAL.json",
					"4ZAGUSTIN": "db/locales/en/templates/4ZAGUSTIN.json",
					"3ADRENALINE": "db/locales/en/templates/3ADRENALINE.json",
					"1ARMYCRACK": "db/locales/en/templates/1ARMYCRACK.json",
					"2SLICKER": "db/locales/en/templates/2SLICKER.json",
					"3MRE": "db/locales/en/templates/3MRE.json",
					"1GREENTEA": "db/locales/en/templates/1GREENTEA.json",
					"2HOTROD": "db/locales/en/templates/2HOTROD.json",
					"3AQUAMARI": "db/locales/en/templates/3AQUAMARI.json",
					"1RDG2": "db/locales/en/templates/1RDG2.json"					
				},
				"trading": {
					"Elsie": "db/locales/en/trading/Elsie.json"
				}
			}
		}
	},
	"res": {
		"trader": {
			"Elsie": "res/trader/Elsie.jpg"
		}
	},
	"src": {}
}

