{
	"Id": "Loot 49 (3)504734",
	"IsStatic": false,
	"useGravity": true,
	"randomRotation": false,
	"Position": {
		"x": 573.465,
		"y": 2.091,
		"z": -52.712
	},
	"Rotation": {
		"x": -8.5377377e-7,
		"y": 86.75553,
		"z": 0
	},
	"IsGroupPosition": false,
	"GroupPositions": [],
	"Root": "5ec3f47b4782e749ea3f82b3",
	"Items": [
		{
			"_id": "5ec3f47b4782e749ea3f82b3",
			"_tpl": "57d14e1724597714010c3f4b"
		},
		{
			"_id": "5ec3f47b4782e749ea3f82b4",
			"_tpl": "5737218f245977612125ba51",
			"parentId": "5ec3f47b4782e749ea3f82b3",
			"slotId": "cartridges",
			"upd": {
				"StackObjectsCount": 8
			}
		}
	]
}