{
	"Id": "Loot 19 (9)504214",
	"IsStatic": false,
	"useGravity": true,
	"randomRotation": false,
	"Position": {
		"x": 292.121,
		"y": 1.5664,
		"z": -190.888
	},
	"Rotation": {
		"x": -4.26886828e-7,
		"y": 37.8216743,
		"z": 0
	},
	"IsGroupPosition": false,
	"GroupPositions": [],
	"Root": "5ec3f47521ff7644ae6a324f",
	"Items": [
		{
			"_id": "5ec3f47521ff7644ae6a324f",
			"_tpl": "5ea03f7400685063ec28bfa8",
			"upd": {
				"FireMode": {
					"FireMode": "single"
				}
			}
		},
		{
			"_id": "5ec3f47521ff7644ae6a3250",
			"_tpl": "5ea03e9400685063ec28bfa4",
			"parentId": "5ec3f47521ff7644ae6a324f",
			"slotId": "mod_stock"
		},
		{
			"_id": "5ec3f47521ff7644ae6a3251",
			"_tpl": "5ea034eb5aad6446a939737b",
			"parentId": "5ec3f47521ff7644ae6a324f",
			"slotId": "mod_magazine"
		},
		{
			"_id": "5ec3f47521ff7644ae6a3254",
			"_tpl": "5735ff5c245977640e39ba7e",
			"parentId": "5ec3f47521ff7644ae6a3251",
			"slotId": "cartridges",
			"upd": {
				"StackObjectsCount": 22
			}
		},
		{
			"_id": "5ec3f47521ff7644ae6a3252",
			"_tpl": "5ea03e5009aa976f2e7a514b",
			"parentId": "5ec3f47521ff7644ae6a324f",
			"slotId": "mod_reciever"
		},
		{
			"_id": "5ec3f47521ff7644ae6a3253",
			"_tpl": "5ea02bb600685063ec28bfa1",
			"parentId": "5ec3f47521ff7644ae6a324f",
			"slotId": "mod_barrel"
		}
	]
}