{
	"_id": "59984ab886f7743e98271174",
	"_name": "weapon_izhmash_pp-19-01_9x19",
	"_parent": "5447b5e04bdc2d62278b4567",
	"_type": "Item",
	"_props": {
		"Name": "weapon_izhmash_pp-19-01_9x19",
		"ShortName": "weapon_izhmash_pp-19-01_9x19",
		"Description": "weapon_izhmash_pp-19-01_9x19",
		"Weight": 1.809,
		"BackgroundColor": "black",
		"Width": 2,
		"Height": 1,
		"StackMaxSize": 1,
		"Rarity": "Rare",
		"SpawnChance": 5,
		"CreditsPrice": 14751,
		"ItemSound": "weap_ar",
		"Prefab": {
			"path": "assets/content/weapons/pp-19-01/weapon_izhmash_pp-19-01_9x19_container.bundle",
			"rcid": ""
		},
		"UsePrefab": {
			"path": "",
			"rcid": ""
		},
		"StackObjectsCount": 1,
		"NotShownInSlot": false,
		"ExaminedByDefault": true,
		"ExamineTime": 1,
		"IsUndiscardable": false,
		"IsUnsaleable": false,
		"IsUnbuyable": false,
		"IsUngivable": false,
		"IsLockedafterEquip": false,
		"QuestItem": false,
		"LootExperience": 30,
		"ExamineExperience": 8,
		"HideEntrails": false,
		"RepairCost": 75,
		"RepairSpeed": 15,
		"ExtraSizeLeft": 0,
		"ExtraSizeRight": 0,
		"ExtraSizeUp": 0,
		"ExtraSizeDown": 0,
		"ExtraSizeForceAdd": false,
		"MergesWithChildren": true,
		"CanSellOnRagfair": true,
		"CanRequireOnRagfair": true,
		"BannedFromRagfair": false,
		"ConflictingItems": [],
		"FixedPrice": false,
		"Unlootable": false,
		"UnlootableFromSlot": "FirstPrimaryWeapon",
		"UnlootableFromSide": [],
		"ChangePriceCoef": 1,
		"AllowSpawnOnLocations": [],
		"SendToClient": false,
		"AnimationVariantsNumber": 0,
		"DiscardingBlock": false,
		"Grids": [],
		"Slots": [
			{
				"_name": "mod_pistol_grip",
				"_id": "59985d9386f7742a0913990a",
				"_parent": "59984ab886f7743e98271174",
				"_props": {
					"filters": [
						{
							"Shift": 0,
							"Filter": [
								"5beec8ea0db834001a6f9dbf",
								"5649ad3f4bdc2df8348b4585",
								"5649ade84bdc2d1b2b8b4587",
								"59e62cc886f77440d40b52a1",
								"5a0071d486f77404e23a12b2",
								"57e3dba62459770f0c32322b",
								"5cf54404d7f00c108840b2ef",
								"5b30ac585acfc433000eb79c",
								"59e6318286f77444dd62c4cc",
								"5cf50850d7f00c056e24104c",
								"5cf508bfd7f00c056e24104e",
								"5947f92f86f77427344a76b1",
								"5947fa2486f77425b47c1a9b",
								"5c6bf4aa2e2216001219b0ae",
								"5649ae4a4bdc2d1b2b8b4588",
								"5998517986f7746017232f7e"
							]
						}
					]
				},
				"_required": true,
				"_mergeSlotWithChildren": false,
				"_proto": "55d30c4c4bdc2db4468b457e"
			},
			{
				"_name": "mod_stock",
				"_id": "59985e2686f77427a674c43e",
				"_parent": "59984ab886f7743e98271174",
				"_props": {
					"filters": [
						{
							"Shift": 0,
							"Filter": [
								"5cf50fc5d7f00c056c53f83c",
								"5ac78eaf5acfc4001926317a",
								"599851db86f77467372f0a18"
							]
						}
					]
				},
				"_required": false,
				"_mergeSlotWithChildren": false,
				"_proto": "55d30c4c4bdc2db4468b457e"
			},
			{
				"_name": "mod_charge",
				"_id": "59985e3586f774265b6600af",
				"_parent": "59984ab886f7743e98271174",
				"_props": {
					"filters": [
						{
							"Shift": 0,
							"Filter": [
								"5648ac824bdc2ded0b8b457d"
							]
						}
					]
				},
				"_required": false,
				"_mergeSlotWithChildren": false,
				"_proto": "55d30c4c4bdc2db4468b457e"
			},
			{
				"_name": "mod_magazine",
				"_id": "59985e5086f77427a674c448",
				"_parent": "59984ab886f7743e98271174",
				"_props": {
					"filters": [
						{
							"AnimationIndex": -1,
							"Filter": [
								"5998529a86f774647f44f421",
								"599860ac86f77436b225ed1a",
								"5c0673fb0db8340023300271",
								"5c0672ed0db834001b7353f3",
								"aresPP19"
							]
						}
					]
				},
				"_required": false,
				"_mergeSlotWithChildren": false,
				"_proto": "55d30c394bdc2dae468b4577"
			},
			{
				"_name": "mod_muzzle",
				"_id": "59985e8f86f77427a674c44d",
				"_parent": "59984ab886f7743e98271174",
				"_props": {
					"filters": [
						{
							"Shift": 0,
							"Filter": [
								"5998597786f77414ea6da093",
								"5998598e86f7740b3f498a86",
								"59bffc1f86f77435b128b872",
								"5a9fb739a2750c003215717f",
								"5c6165902e22160010261b28",
								"5a32a064c4a28200741e22de",
								"59bfc5c886f7743bf6794e62"
							]
						}
					]
				},
				"_required": false,
				"_mergeSlotWithChildren": false,
				"_proto": "55d30c4c4bdc2db4468b457e"
			},
			{
				"_name": "mod_reciever",
				"_id": "59985e9f86f774267339c6c0",
				"_parent": "59984ab886f7743e98271174",
				"_props": {
					"filters": [
						{
							"Shift": 0,
							"Filter": [
								"59985a6c86f77414ec448d17",
								"59985a8086f77414ec448d1a"
							]
						}
					]
				},
				"_required": false,
				"_mergeSlotWithChildren": false,
				"_proto": "55d30c4c4bdc2db4468b457e"
			},
			{
				"_name": "mod_sight_rear",
				"_id": "59985eab86f7742d5d28aab7",
				"_parent": "59984ab886f7743e98271174",
				"_props": {
					"filters": [
						{
							"Shift": 0,
							"Filter": [
								"599860e986f7743bb57573a6"
							]
						}
					]
				},
				"_required": false,
				"_mergeSlotWithChildren": false,
				"_proto": "55d30c4c4bdc2db4468b457e"
			},
			{
				"_name": "mod_scope",
				"_id": "59985eba86f7742d5d28aabc",
				"_parent": "59984ab886f7743e98271174",
				"_props": {
					"filters": [
						{
							"Shift": 0,
							"Filter": [
								"5947db3f86f77447880cf76f",
								"57486e672459770abd687134",
								"5c82342f2e221644f31c060e",
								"576fd4ec2459777f0b518431",
								"5c82343a2e221644f31c0611",
								"5cf638cbd7f00c06595bc936",
								"5a7c74b3e899ef0014332c29",
								"591ee00d86f774592f7b841e",
								"5d0a29ead7ad1a0026013f27",
								"57acb6222459771ec34b5cb0",
								"5c90c3622e221601da359851"
							]
						}
					]
				},
				"_required": false,
				"_mergeSlotWithChildren": false,
				"_proto": "55d30c4c4bdc2db4468b457e"
			},
			{
				"_name": "mod_gas_block",
				"_id": "59ccd16e86f77428fc798735",
				"_parent": "59984ab886f7743e98271174",
				"_props": {
					"filters": [
						{
							"Shift": 0,
							"Filter": [
								"59ccd11386f77428f24a488f"
							]
						}
					]
				},
				"_required": true,
				"_mergeSlotWithChildren": false,
				"_proto": "55d30c4c4bdc2db4468b457e"
			}
		],
		"CanPutIntoDuringTheRaid": true,
		"CantRemoveFromSlotsDuringRaid": [],
		"weapClass": "smg",
		"weapUseType": "primary",
		"ammoCaliber": "Caliber9x19PARA",
		"Durability": 95,
		"MaxDurability": 100,
		"OperatingResource": 4000,
		"RepairComplexity": 0,
		"durabSpawnMin": 25,
		"durabSpawnMax": 75,
		"isFastReload": true,
		"RecoilForceUp": 84,
		"RecoilForceBack": 350,
		"Convergence": 1.5,
		"RecoilAngle": 90,
		"weapFireType": [
			"single",
            "burst",
            "fullauto"
		],
		"RecolDispersion": 25,
		"bFirerate": 2000,
		"Ergonomics": 35,
		"Velocity": -17.9,
		"bEffDist": 200,
		"bHearDist": 80,
		"isChamberLoad": true,
		"chamberAmmoCount": 1,
		"isBoltCatch": false,
		"defMagType": "599860ac86f77436b225ed1a",
		"defAmmo": "56d59d3ad2720bdb418b4577",
		"shotgunDispersion": 0,
		"Chambers": [
			{
				"_name": "patron_in_weapon",
				"_id": "59985ce986f774198d5d2c08",
				"_parent": "59984ab886f7743e98271174",
				"_props": {
					"filters": [
						{
							"Filter": [
								"5c3df7d588a4501f290594e5",
								"58864a4f2459770fcc257101",
								"56d59d3ad2720bdb418b4577",
								"5c925fa22e221601da359b7b",
								"5a3c16fe86f77452b62de32a",
								"5c0d56a986f774449d5de529"
							],
							"MaxStackCount": 0
						}
					]
				},
				"_required": false,
				"_mergeSlotWithChildren": false,
				"_proto": "55d4af244bdc2d962f8b4571"
			}
		],
		"CameraRecoil": 0.2,
		"CameraSnap": 3.5,
		"ReloadMode": "ExternalMagazine",
		"CenterOfImpact": 0.1,
		"AimPlane": 0.15,
		"DeviationCurve": 1,
		"DeviationMax": 100,
		"Foldable": true,
		"Retractable": false,
		"TacticalReloadStiffnes": {
			"x": 0.95,
			"y": 0.33,
			"z": 0.95
		},
		"TacticalReloadFixation": 0.95,
		"RecoilCenter": {
			"x": 0,
			"y": -0.25,
			"z": 0
		},
		"RotationCenter": {
			"x": 0,
			"y": -0.1,
			"z": -0.03
		},
		"RotationCenterNoStock": {
			"x": 0,
			"y": -0.27,
			"z": -0.08
		},
		"SizeReduceRight": 0,
		"FoldedSlot": "mod_stock",
		"CompactHandling": true,
		"SightingRange": 100,
		"MinRepairDegradation": 0,
		"MaxRepairDegradation": 0.01,
		"IronSightRange": 50,
		"MustBoltBeOpennedForExternalReload": false,
		"MustBoltBeOpennedForInternalReload": false,
		"BoltAction": false,
		"HipAccuracyRestorationDelay": 0.2,
		"HipAccuracyRestorationSpeed": 7,
		"HipInnaccuracyGain": 0.16,
		"ManualBoltCatch": false
	},
	"_proto": "5447a9cd4bdc2dbd208b4567"
}