{
	"_id": "5c488a752e221602b412af63",
	"_name": "weapon_dt_mdr_556x45",
	"_parent": "5447b5f14bdc2d61278b4567",
	"_type": "Item",
	"_props": {
		"Name": "Штурмовая винтовка Colt M4A1 5.56x45",
		"ShortName": "M4A1 5.56x45",
		"Description": "Colt M4A1- штурмовая винтовка (карабин) созданная в США на базе платформы AR-15 под патрон 5.56x45 NATO. Планировалась к вооружению экипажей боевых машин и расчетов техники, которым было необходимо иметь оружие меньших габаритов чем штатное вооружение но использующее стандартный боеприпас. Однако вскоре US SOCOM (Командование Сил Специальных Операций США) приняло на вооружение M4A1 для всех входящих в его состав подразделений. Затем последовало полное принятие M4A1 на вооружение в армии и морской пехоте США.",
		"Weight": 2.8,
		"BackgroundColor": "black",
		"Width": 2,
		"Height": 1,
		"StackMaxSize": 1,
		"Rarity": "Superrare",
		"SpawnChance": 1,
		"CreditsPrice": 33230,
		"ItemSound": "weap_ar",
		"Prefab": {
			"path": "assets/content/weapons/mdr/weapon_dt_mdr_556x45_container.bundle",
			"rcid": ""
		},
		"UsePrefab": {
			"path": "",
			"rcid": ""
		},
		"StackObjectsCount": 1,
		"NotShownInSlot": false,
		"ExaminedByDefault": true,
		"ExamineTime": 1,
		"IsUndiscardable": false,
		"IsUnsaleable": false,
		"IsUnbuyable": false,
		"IsUngivable": false,
		"IsLockedafterEquip": false,
		"QuestItem": false,
		"LootExperience": 30,
		"ExamineExperience": 8,
		"HideEntrails": false,
		"RepairCost": 1000,
		"RepairSpeed": 15,
		"ExtraSizeLeft": 0,
		"ExtraSizeRight": 0,
		"ExtraSizeUp": 0,
		"ExtraSizeDown": 0,
		"ExtraSizeForceAdd": false,
		"MergesWithChildren": true,
		"CanSellOnRagfair": true,
		"CanRequireOnRagfair": true,
		"BannedFromRagfair": false,
		"ConflictingItems": [],
		"FixedPrice": false,
		"Unlootable": false,
		"UnlootableFromSlot": "FirstPrimaryWeapon",
		"UnlootableFromSide": [],
		"ChangePriceCoef": 1,
		"AllowSpawnOnLocations": [],
		"SendToClient": false,
		"AnimationVariantsNumber": 0,
		"DiscardingBlock": false,
		"Grids": [],
		"Slots": [
			{
				"_name": "mod_pistol_grip",
				"_id": "5c488a752e221602b412af65",
				"_parent": "5c488a752e221602b412af63",
				"_props": {
					"filters": [
						{
							"Shift": 0,
							"Filter": [
								"5c48a2c22e221602b313fb6c",
								"5dcbd6dddbd3d91b3e5468de"
							]
						}
					]
				},
				"_required": true,
				"_mergeSlotWithChildren": false,
				"_proto": "55d30c4c4bdc2db4468b457e"
			},
			{
				"_name": "mod_magazine",
				"_id": "5c488a752e221602b412af66",
				"_parent": "5c488a752e221602b412af63",
				"_props": {
					"filters": [
						{
							"AnimationIndex": -1,
							"Filter": [
								"55d4887d4bdc2d962f8b4570",
								"5c05413a0db834001c390617",
								"5c6d450c2e221600114c997d",
								"5c6d42cb2e2216000e69d7d1",
								"59c1383d86f774290a37e0ca",
								"5aaa5e60e5b5b000140293d6",
								"5448c1d04bdc2dff2f8b4569",
								"5aaa5dfee5b5b000140293d3",
								"5d1340b3d7ad1a0b52682ed7",
								"544a378f4bdc2d30388b4567",
								"5d1340bdd7ad1a0e8d245aab",
								"55802d5f4bdc2dac148b458e",
								"5d1340cad7ad1a0b0b249869",
								"5c6592372e221600133e47d7",
								"544a37c44bdc2d25388b4567",
								"5c6d46132e221601da357d56",
								"ares556"
							]
						}
					]
				},
				"_required": false,
				"_mergeSlotWithChildren": false,
				"_proto": "55d30c394bdc2dae468b4577"
			},
			{
				"_name": "mod_handguard",
				"_id": "5c488acd2e221602b177c2ab",
				"_parent": "5c488a752e221602b412af63",
				"_props": {
					"filters": [
						{
							"Shift": 0,
							"Filter": [
								"5c48a14f2e2216152006edd7",
								"5dcbd6b46ec07c0c4347a564"
							]
						}
					]
				},
				"_required": true,
				"_mergeSlotWithChildren": false,
				"_proto": "55d30c4c4bdc2db4468b457e"
			},
			{
				"_name": "mod_barrel",
				"_id": "5c488ad82e221602b412af6b",
				"_parent": "5c488a752e221602b412af63",
				"_props": {
					"filters": [
						{
							"Shift": 0,
							"Filter": [
								"5c48a2852e221602b21d5923"
							]
						}
					]
				},
				"_required": true,
				"_mergeSlotWithChildren": false,
				"_proto": "55d30c4c4bdc2db4468b457e"
			},
			{
				"_name": "mod_scope",
				"_id": "5c488ae82e221602b313fa6e",
				"_parent": "5c488a752e221602b412af63",
				"_props": {
					"filters": [
						{
							"Shift": 0,
							"Filter": [
								"57ac965c24597706be5f975c",
								"57aca93d2459771f2c7e26db",
								"544a3a774bdc2d3a388b4567",
								"5d2dc3e548f035404a1a4798",
								"57adff4f24597737f373b6e6",
								"5c0517910db83400232ffee5",
								"591c4efa86f7741030027726",
								"570fd79bd2720bc7458b4583",
								"570fd6c2d2720bc6458b457f",
								"558022b54bdc2dac148b458d",
								"5c07dd120db834001c39092d",
								"5c0a2cec0db834001b7ce47d",
								"58491f3324597764bc48fa02",
								"584924ec24597768f12ae244",
								"5b30b0dc5acfc400153b7124",
								"5d2da1e948f035477b1ce2ba",
								"5c0505e00db834001b735073",
								"584984812459776a704a82a6",
								"59f9d81586f7744c7506ee62",
								"570fd721d2720bc5458b4596",
								"57ae0171245977343c27bfcf",
								"5dfe6104585a0c3e995c7b82",
								"5d1b5e94d7ad1a2b865a96b0",
								"58d39d3d86f77445bb794ae7",
								"5c7d55f52e221644f31bff6a",
								"5b3b6dc75acfc47a8773fb1e",
								"5b2389515acfc4771e1be0c0",
								"577d128124597739d65d0e56",
								"5c86592b2e2216000e69e77c",
								"5a37ca54c4a282000d72296a",
								"5d0a29fed7ad1a002769ad08",
								"5c064c400db834001d23f468",
								"58d2664f86f7747fec5834f6",
								"57c69dd424597774c03b7bbc",
								"5b3b99265acfc4704b4a1afb",
								"5aa66a9be5b5b0214e506e89",
								"5aa66c72e5b5b00016327c93",
								"5c1cdd302e221602b3137250",
								"5b31163c5acfc400153b71cb",
								"5a33b652c4a28232996e407c",
								"5a33b2c9c4a282000c5a9511",
								"59db7eed86f77461f8380365",
								"5a1ead28fcdbcb001912fa9f",
								"5dff77c759400025ea5150cf"
							]
						}
					]
				},
				"_required": false,
				"_mergeSlotWithChildren": false,
				"_proto": "55d30c4c4bdc2db4468b457e"
			},
			{
				"_name": "mod_sight_rear",
				"_id": "5c488af32e2216398b5a9608",
				"_parent": "5c488a752e221602b412af63",
				"_props": {
					"filters": [
						{
							"Shift": 0,
							"Filter": [
								"5ba26b17d4351e00367f9bdd",
								"5dfa3d7ac41b2312ea33362a",
								"5c1780312e221602b66cc189",
								"5bc09a18d4351e003562b68e",
								"5c18b9192e2216398b5a8104",
								"5894a81786f77427140b8347",
								"55d5f46a4bdc2d1b198b4567",
								"5ae30bad5acfc400185c2dc4"
							]
						}
					]
				},
				"_required": false,
				"_mergeSlotWithChildren": false,
				"_proto": "55d30c4c4bdc2db4468b457e"
			}
		],
		"CanPutIntoDuringTheRaid": true,
		"CantRemoveFromSlotsDuringRaid": [],
		"weapClass": "assaultRifle",
		"weapUseType": "primary",
		"ammoCaliber": "Caliber556x45NATO",
		"Durability": 100,
		"MaxDurability": 100,
		"OperatingResource": 4000,
		"RepairComplexity": 0,
		"durabSpawnMin": 25,
		"durabSpawnMax": 75,
		"isFastReload": true,
		"RecoilForceUp": 87,
		"RecoilForceBack": 242,
		"Convergence": 2,
		"RecoilAngle": 90,
		"weapFireType": [
			"single",
            "burst",
            "fullauto"
		],
		"RecolDispersion": 25,
		"bFirerate": 2000,
		"Ergonomics": 72,
		"Velocity": 0,
		"bEffDist": 500,
		"bHearDist": 80,
		"isChamberLoad": true,
		"chamberAmmoCount": 1,
		"isBoltCatch": true,
		"defMagType": "55d4887d4bdc2d962f8b4570",
		"defAmmo": "54527a984bdc2d4e668b4567",
		"shotgunDispersion": 0,
		"Chambers": [
			{
				"_name": "patron_in_weapon",
				"_id": "5c488a752e221602b412af6a",
				"_parent": "5c488a752e221602b412af63",
				"_props": {
					"filters": [
						{
							"Filter": [
								"59e6920f86f77411d82aa167",
								"59e6927d86f77411da468256",
								"54527a984bdc2d4e668b4567",
								"54527ac44bdc2d36668b4567",
								"59e68f6f86f7746c9f75e846",
								"59e6906286f7746c9f75e847",
								"59e690b686f7746c9f75e848",
								"59e6918f86f7746c9f75e849",
								"5c0d5ae286f7741e46554302"
							]
						}
					]
				},
				"_required": false,
				"_mergeSlotWithChildren": false,
				"_proto": "55d4af244bdc2d962f8b4571"
			}
		],
		"CameraRecoil": 0.2,
		"CameraSnap": 3.5,
		"ReloadMode": "ExternalMagazine",
		"CenterOfImpact": 0.01,
		"AimPlane": 0.16,
		"DeviationCurve": 1,
		"DeviationMax": 100,
		"Foldable": false,
		"Retractable": false,
		"TacticalReloadStiffnes": {
			"x": 0.95,
			"y": 0.33,
			"z": 0.95
		},
		"TacticalReloadFixation": 0.95,
		"RecoilCenter": {
			"x": 0,
			"y": -0.12,
			"z": -0.01
		},
		"RotationCenter": {
			"x": 0,
			"y": -0.12,
			"z": -0.03
		},
		"RotationCenterNoStock": {
			"x": 0,
			"y": -0.12,
			"z": -0.03
		},
		"SizeReduceRight": 0,
		"FoldedSlot": "",
		"CompactHandling": false,
		"SightingRange": 100,
		"MinRepairDegradation": 0,
		"MaxRepairDegradation": 0.01,
		"IronSightRange": 100,
		"MustBoltBeOpennedForExternalReload": false,
		"MustBoltBeOpennedForInternalReload": false,
		"BoltAction": false,
		"HipAccuracyRestorationDelay": 0.2,
		"HipAccuracyRestorationSpeed": 7,
		"HipInnaccuracyGain": 0.16,
		"ManualBoltCatch": false
	},
	"_proto": "5447a9cd4bdc2dbd208b4567"
}