{
	"_id": "5cadfbf7ae92152ac412eeef",
	"_name": "weapon_ckib_ash_12_127x55",
	"_parent": "5447b5f14bdc2d61278b4567",
	"_type": "Item",
	"_props": {
		"Name": "Автомат Калашникова АК-74Н 5.45x39",
		"ShortName": "АК-74N 5.45x39",
		"Description": "Автомат Калашникова калибра 5,45 мм, разработанный в 1970 году конструктором М. Т. Калашниковым. Дальнейшее развитие АКМ в связи с переходом Вооруженных Сил на новый боеприпас 5.45x39. Основное отличие от штатного АК-74 это наличие крепления для оптических и ночных прицелов.",
		"Weight": 5.1,
		"BackgroundColor": "black",
		"Width": 4,
		"Height": 2,
		"StackMaxSize": 1,
		"Rarity": "Not_exist",
		"SpawnChance": 3,
		"CreditsPrice": 93800,
		"ItemSound": "weap_ar",
		"Prefab": {
			"path": "assets/content/weapons/ash12/weapon_ckib_ash_12_127x55_container.bundle",
			"rcid": ""
		},
		"UsePrefab": {
			"path": "",
			"rcid": ""
		},
		"StackObjectsCount": 1,
		"NotShownInSlot": false,
		"ExaminedByDefault": true,
		"ExamineTime": 1,
		"IsUndiscardable": false,
		"IsUnsaleable": false,
		"IsUnbuyable": false,
		"IsUngivable": false,
		"IsLockedafterEquip": false,
		"QuestItem": false,
		"LootExperience": 30,
		"ExamineExperience": 10,
		"HideEntrails": false,
		"RepairCost": 900,
		"RepairSpeed": 5,
		"ExtraSizeLeft": 0,
		"ExtraSizeRight": 0,
		"ExtraSizeUp": 0,
		"ExtraSizeDown": 0,
		"ExtraSizeForceAdd": false,
		"MergesWithChildren": true,
		"CanSellOnRagfair": true,
		"CanRequireOnRagfair": true,
		"BannedFromRagfair": false,
		"ConflictingItems": [],
		"FixedPrice": false,
		"Unlootable": false,
		"UnlootableFromSlot": "FirstPrimaryWeapon",
		"UnlootableFromSide": [],
		"ChangePriceCoef": 1,
		"AllowSpawnOnLocations": [],
		"SendToClient": false,
		"AnimationVariantsNumber": 0,
		"DiscardingBlock": false,
		"Grids": [],
		"Slots": [
			{
				"_name": "mod_muzzle",
				"_id": "5cadfbf7ae92152ac412eef4",
				"_parent": "5cadfbf7ae92152ac412eeef",
				"_props": {
					"filters": [
						{
							"Shift": 0,
							"Filter": [
								"5caf17c9ae92150b30006be1",
								"5caf187cae92157c28402e43"
							]
						}
					]
				},
				"_required": false,
				"_mergeSlotWithChildren": false,
				"_proto": "55d30c4c4bdc2db4468b457e"
			},
			{
				"_name": "mod_sight_rear",
				"_id": "5cadfbf7ae92152ac412eef7",
				"_parent": "5cadfbf7ae92152ac412eeef",
				"_props": {
					"filters": [
						{
							"Shift": 0,
							"Filter": [
								"5ba26b17d4351e00367f9bdd",
								"5c1780312e221602b66cc189",
								"5bc09a18d4351e003562b68e",
								"5c18b9192e2216398b5a8104",
								"5894a81786f77427140b8347"
							]
						}
					]
				},
				"_required": false,
				"_mergeSlotWithChildren": false,
				"_proto": "55d30c4c4bdc2db4468b457e"
			},
			{
				"_name": "mod_magazine",
				"_id": "5cadfbf7ae92152ac412eef9",
				"_parent": "5cadfbf7ae92152ac412eeef",
				"_props": {
					"filters": [
						{
							"AnimationIndex": -1,
							"Filter": [
								"5caf1041ae92157c28402e3f",
								"5caf1109ae9215753c44119f",
								"aresAsh12"
							]
						}
					]
				},
				"_required": false,
				"_mergeSlotWithChildren": false,
				"_proto": "55d30c394bdc2dae468b4577"
			},
			{
				"_name": "mod_sight_front",
				"_id": "5caf1bc1ae921576eb05cc77",
				"_parent": "5cadfbf7ae92152ac412eeef",
				"_props": {
					"filters": [
						{
							"Shift": 0,
							"Filter": [
								"5caf16a2ae92152ac412efbc",
								"5ba26b01d4351e0085325a51",
								"5c17804b2e2216152006c02f",
								"5bc09a30d4351e00367fb7c8",
								"5c18b90d2e2216152142466b",
								"5894a73486f77426d259076c"
							]
						}
					]
				},
				"_required": false,
				"_mergeSlotWithChildren": false,
				"_proto": "55d30c4c4bdc2db4468b457e"
			},
			{
				"_name": "mod_handguard",
				"_id": "5caf1bd5ae9215755f417da1",
				"_parent": "5cadfbf7ae92152ac412eeef",
				"_props": {
					"filters": [
						{
							"Shift": 0,
							"Filter": [
								"5c7fc87d2e221644f31c0298",
								"5cda9bcfd7f00c0c0b53e900",
								"59f8a37386f7747af3328f06",
								"5a7dbfc1159bd40016548fde",
								"5c87ca002e221600114cb150",
								"588226d124597767ad33f787",
								"588226dd24597767ad33f789",
								"588226e62459776e3e094af7",
								"588226ef24597767af46e39c",
								"59fc48e086f77463b1118392",
								"5cf4fb76d7f00c065703d3ac",
								"5b057b4f5acfc4771e1bd3e9",
								"5c791e872e2216001219c40a",
								"558032614bdc2de7118b4585",
								"58c157be86f77403c74b2bb6",
								"58c157c886f774032749fb06",
								"591af28e86f77414a27a9e1d",
								"5c1cd46f2e22164bef5cfedb",
								"5c1bc4812e22164bef5cfde7",
								"5c1bc5612e221602b5429350",
								"5c1bc5af2e221602b412949b",
								"5c1bc5fb2e221602b1779b32",
								"5c1bc7432e221602b412949d",
								"5c1bc7752e221602b1779b34",
								"5cdaa99dd7f00c002412d0b2"
							]
						}
					]
				},
				"_required": false,
				"_mergeSlotWithChildren": false,
				"_proto": "55d30c4c4bdc2db4468b457e"
			},
			{
				"_name": "mod_scope",
				"_id": "5cc08743ae921547db318b9b",
				"_parent": "5cadfbf7ae92152ac412eeef",
				"_props": {
					"filters": [
						{
							"Shift": 0,
							"Filter": [
								"57ac965c24597706be5f975c",
								"57aca93d2459771f2c7e26db",
								"544a3a774bdc2d3a388b4567",
								"5d2dc3e548f035404a1a4798",
								"57adff4f24597737f373b6e6",
								"5c0517910db83400232ffee5",
								"591c4efa86f7741030027726",
								"570fd79bd2720bc7458b4583",
								"570fd6c2d2720bc6458b457f",
								"558022b54bdc2dac148b458d",
								"5c07dd120db834001c39092d",
								"5c0a2cec0db834001b7ce47d",
								"58491f3324597764bc48fa02",
								"584924ec24597768f12ae244",
								"5b30b0dc5acfc400153b7124",
								"5d2da1e948f035477b1ce2ba",
								"5c0505e00db834001b735073",
								"584984812459776a704a82a6",
								"59f9d81586f7744c7506ee62",
								"570fd721d2720bc5458b4596",
								"57ae0171245977343c27bfcf",
								"5caf1691ae92152ac412efb9",
								"5dfe6104585a0c3e995c7b82",
								"5d1b5e94d7ad1a2b865a96b0",
								"58d39d3d86f77445bb794ae7",
								"5c7d55f52e221644f31bff6a",
								"5b3b6dc75acfc47a8773fb1e",
								"5b2389515acfc4771e1be0c0",
								"577d128124597739d65d0e56",
								"5c86592b2e2216000e69e77c",
								"5a37ca54c4a282000d72296a",
								"5d0a29fed7ad1a002769ad08",
								"5c064c400db834001d23f468",
								"58d2664f86f7747fec5834f6",
								"57c69dd424597774c03b7bbc",
								"5b3b99265acfc4704b4a1afb",
								"5aa66a9be5b5b0214e506e89",
								"5aa66c72e5b5b00016327c93",
								"5c1cdd302e221602b3137250",
								"5b31163c5acfc400153b71cb",
								"5a33b652c4a28232996e407c",
								"5a33b2c9c4a282000c5a9511",
								"59db7eed86f77461f8380365",
								"5a1ead28fcdbcb001912fa9f"
							]
						}
					]
				},
				"_required": false,
				"_mergeSlotWithChildren": false,
				"_proto": "55d30c4c4bdc2db4468b457e"
			},
			{
				"_name": "mod_tactical_000",
				"_id": "5cc087c1ae92150010399ab0",
				"_parent": "5cadfbf7ae92152ac412eeef",
				"_props": {
					"filters": [
						{
							"Shift": 0,
							"Filter": [
								"57fd23e32459772d0805bcf1",
								"544909bb4bdc2d6f028b4577",
								"5c06595c0db834001a66af6c",
								"5a7b483fe899ef0016170d15",
								"5c5952732e2216398b5abda2"
							]
						}
					]
				},
				"_required": false,
				"_mergeSlotWithChildren": false,
				"_proto": "55d30c4c4bdc2db4468b457e"
			},
			{
				"_name": "mod_tactical_001",
				"_id": "5cc087c9ae921547db318b9c",
				"_parent": "5cadfbf7ae92152ac412eeef",
				"_props": {
					"filters": [
						{
							"Shift": 0,
							"Filter": [
								"5a800961159bd4315e3a1657",
								"57fd23e32459772d0805bcf1",
								"544909bb4bdc2d6f028b4577",
								"5c06595c0db834001a66af6c",
								"5b07dd285acfc4001754240d",
								"56def37dd2720bec348b456a",
								"5a7b483fe899ef0016170d15",
								"5a5f1ce64f39f90b401987bc",
								"560d657b4bdc2da74d8b4572",
								"5b3a337e5acfc4704b4a19a0",
								"5c5952732e2216398b5abda2",
								"57d17e212459775a1179a0f5"
							]
						}
					]
				},
				"_required": false,
				"_mergeSlotWithChildren": false,
				"_proto": "55d30c4c4bdc2db4468b457e"
			},
			{
				"_name": "mod_tactical_002",
				"_id": "5cc087d0ae921500dc1fc310",
				"_parent": "5cadfbf7ae92152ac412eeef",
				"_props": {
					"filters": [
						{
							"Shift": 0,
							"Filter": [
								"5a800961159bd4315e3a1657",
								"57fd23e32459772d0805bcf1",
								"544909bb4bdc2d6f028b4577",
								"5c06595c0db834001a66af6c",
								"5b07dd285acfc4001754240d",
								"56def37dd2720bec348b456a",
								"5a7b483fe899ef0016170d15",
								"5a5f1ce64f39f90b401987bc",
								"560d657b4bdc2da74d8b4572",
								"5b3a337e5acfc4704b4a19a0",
								"5c5952732e2216398b5abda2",
								"57d17e212459775a1179a0f5"
							]
						}
					]
				},
				"_required": false,
				"_mergeSlotWithChildren": false,
				"_proto": "55d30c4c4bdc2db4468b457e"
			}
		],
		"CanPutIntoDuringTheRaid": true,
		"CantRemoveFromSlotsDuringRaid": [],
		"weapClass": "assaultRifle",
		"weapUseType": "primary",
		"ammoCaliber": "Caliber127x55",
		"Durability": 100,
		"MaxDurability": 100,
		"OperatingResource": 5000,
		"RepairComplexity": 0,
		"durabSpawnMin": 25,
		"durabSpawnMax": 75,
		"isFastReload": true,
		"RecoilForceUp": 180,
		"RecoilForceBack": 535,
		"Convergence": 1.5,
		"RecoilAngle": 90,
		"weapFireType": [
			"single",
            "burst",
            "fullauto"
		],
		"RecolDispersion": 25,
		"bFirerate": 2000,
		"Ergonomics": 55,
		"Velocity": 1.1,
		"bEffDist": 650,
		"bHearDist": 140,
		"isChamberLoad": true,
		"chamberAmmoCount": 1,
		"isBoltCatch": false,
		"defMagType": "5caf1041ae92157c28402e3f",
		"defAmmo": "5cadf6ddae9215051e1c23b2",
		"shotgunDispersion": 0,
		"Chambers": [
			{
				"_name": "patron_in_weapon",
				"_id": "5cadfbf7ae92152ac412eef1",
				"_parent": "5cadfbf7ae92152ac412eeef",
				"_props": {
					"filters": [
						{
							"Filter": [
								"5cadf6ddae9215051e1c23b2",
								"5cadf6e5ae921500113bb973",
								"5cadf6eeae921500134b2799"
							]
						}
					]
				},
				"_required": false,
				"_mergeSlotWithChildren": false,
				"_proto": "55d4af244bdc2d962f8b4571"
			}
		],
		"CameraRecoil": 0.2,
		"CameraSnap": 3.5,
		"ReloadMode": "ExternalMagazine",
		"CenterOfImpact": 0.052,
		"AimPlane": 0.19,
		"DeviationCurve": 1,
		"DeviationMax": 100,
		"Foldable": false,
		"Retractable": false,
		"TacticalReloadStiffnes": {
			"x": 0.95,
			"y": 0.33,
			"z": 0.95
		},
		"TacticalReloadFixation": 0.95,
		"RecoilCenter": {
			"x": 0,
			"y": -0.25,
			"z": 0
		},
		"RotationCenter": {
			"x": 0,
			"y": -0.1,
			"z": -0.03
		},
		"RotationCenterNoStock": {
			"x": 0,
			"y": -0.27,
			"z": -0.08
		},
		"SizeReduceRight": 0,
		"FoldedSlot": "",
		"CompactHandling": false,
		"SightingRange": 100,
		"MinRepairDegradation": 0,
		"MaxRepairDegradation": 0.01,
		"IronSightRange": 100,
		"MustBoltBeOpennedForExternalReload": false,
		"MustBoltBeOpennedForInternalReload": false,
		"BoltAction": false,
		"HipAccuracyRestorationDelay": 0.2,
		"HipAccuracyRestorationSpeed": 7,
		"HipInnaccuracyGain": 0.16,
		"ManualBoltCatch": false
	},
	"_proto": "5447a9cd4bdc2dbd208b4567"
}