{
	"_id": "5df24cf80dee1b22f862e9bc",
	"_name": "weapon_orsis_t5000_762x51",
	"_parent": "5447b6254bdc2dc3278b4568",
	"_type": "Item",
	"_props": {
		"Name": "weapon_lobaev_dvl-10_308",
		"ShortName": "weapon_lobaev_dvl-10_308",
		"Description": "weapon_lobaev_dvl-10_308",
		"Weight": 1.29,
		"BackgroundColor": "black",
		"Width": 1,
		"Height": 1,
		"StackMaxSize": 1,
		"Rarity": "Not_exist",
		"SpawnChance": 1,
		"CreditsPrice": 26974,
		"ItemSound": "weap_rifle",
		"Prefab": {
			"path": "assets/content/weapons/t5000/weapon_orsis_t5000_762x51_container.bundle",
			"rcid": ""
		},
		"UsePrefab": {
			"path": "",
			"rcid": ""
		},
		"StackObjectsCount": 1,
		"NotShownInSlot": false,
		"ExaminedByDefault": true,
		"ExamineTime": 1,
		"IsUndiscardable": false,
		"IsUnsaleable": false,
		"IsUnbuyable": false,
		"IsUngivable": false,
		"IsLockedafterEquip": false,
		"QuestItem": false,
		"LootExperience": 20,
		"ExamineExperience": 10,
		"HideEntrails": false,
		"RepairCost": 1000,
		"RepairSpeed": 14,
		"ExtraSizeLeft": 0,
		"ExtraSizeRight": 0,
		"ExtraSizeUp": 0,
		"ExtraSizeDown": 0,
		"ExtraSizeForceAdd": false,
		"MergesWithChildren": true,
		"CanSellOnRagfair": true,
		"CanRequireOnRagfair": true,
		"BannedFromRagfair": false,
		"ConflictingItems": [],
		"FixedPrice": false,
		"Unlootable": false,
		"UnlootableFromSlot": "FirstPrimaryWeapon",
		"UnlootableFromSide": [],
		"ChangePriceCoef": 1,
		"AllowSpawnOnLocations": [],
		"SendToClient": false,
		"AnimationVariantsNumber": 0,
		"DiscardingBlock": false,
		"Grids": [],
		"Slots": [
			{
				"_name": "mod_magazine",
				"_id": "5df24cf80dee1b22f862e9be",
				"_parent": "5df24cf80dee1b22f862e9bc",
				"_props": {
					"filters": [
						{
							"AnimationIndex": 0,
							"Filter": [
								"5df25b6c0b92095fd441e4cf",
								"aresT5000"
							]
						}
					]
				},
				"_required": false,
				"_mergeSlotWithChildren": false,
				"_proto": "55d30c394bdc2dae468b4577"
			},
			{
				"_name": "mod_barrel",
				"_id": "5df24cf80dee1b22f862e9c0",
				"_parent": "5df24cf80dee1b22f862e9bc",
				"_props": {
					"filters": [
						{
							"Shift": 0,
							"Filter": [
								"5df256570dee1b22f862e9c4"
							]
						}
					]
				},
				"_required": true,
				"_mergeSlotWithChildren": false,
				"_proto": "55d30c4c4bdc2db4468b457e"
			},
			{
				"_name": "mod_stock",
				"_id": "5df24cf80dee1b22f862e9c2",
				"_parent": "5df24cf80dee1b22f862e9bc",
				"_props": {
					"filters": [
						{
							"Shift": 0,
							"Filter": [
								"5df35e59c41b2312ea3334d5"
							]
						}
					]
				},
				"_required": true,
				"_mergeSlotWithChildren": false,
				"_proto": "55d30c4c4bdc2db4468b457e"
			},
			{
				"_name": "mod_mount",
				"_id": "5df38776b11454561e3923ea",
				"_parent": "5df24cf80dee1b22f862e9bc",
				"_props": {
					"filters": [
						{
							"Shift": 0,
							"Filter": [
								"5df35e970b92095fd441e4d2"
							]
						}
					]
				},
				"_required": false,
				"_mergeSlotWithChildren": false,
				"_proto": "55d30c4c4bdc2db4468b457e"
			}
		],
		"CanPutIntoDuringTheRaid": true,
		"CantRemoveFromSlotsDuringRaid": [],
		"weapClass": "sniperRifle",
		"weapUseType": "primary",
		"ammoCaliber": "Caliber762x51",
		"Durability": 100,
		"MaxDurability": 100,
		"OperatingResource": 3000,
		"RepairComplexity": 1,
		"durabSpawnMin": 25,
		"durabSpawnMax": 75,
		"isFastReload": true,
		"RecoilForceUp": 165,
		"RecoilForceBack": 630,
		"Convergence": 3,
		"RecoilAngle": 90,
		"weapFireType": [
			"single",
            "burst",
            "fullauto"
		],
		"RecolDispersion": 10,
		"bFirerate": 2000,
		"Ergonomics": 25,
		"Velocity": 1.81,
		"bEffDist": 1000,
		"bHearDist": 80,
		"isChamberLoad": true,
		"chamberAmmoCount": 1,
		"isBoltCatch": true,
		"defMagType": "5df25b6c0b92095fd441e4cf",
		"defAmmo": "58dd3ad986f77403051cba8f",
		"shotgunDispersion": 0,
		"Chambers": [
			{
				"_name": "patron_in_weapon",
				"_id": "5df24cf80dee1b22f862e9c3",
				"_parent": "5df24cf80dee1b22f862e9bc",
				"_props": {
					"filters": [
						{
							"Filter": [
								"5a6086ea4f39f99cd479502f",
								"5a608bf24f39f98ffc77720e",
								"58dd3ad986f77403051cba8f",
								"5e023e53d4353e3302577c4c",
								"5e023e6e34d52a55c3304f71",
								"5e023e88277cce2b522ff2b1"
							]
						}
					]
				},
				"_required": false,
				"_mergeSlotWithChildren": false,
				"_proto": "55d4af244bdc2d962f8b4571"
			}
		],
		"CameraRecoil": 0.4,
		"CameraSnap": 3.5,
		"ReloadMode": "ExternalMagazine",
		"CenterOfImpact": 0.005,
		"AimPlane": 0.25,
		"DeviationCurve": 1,
		"DeviationMax": 100,
		"Foldable": false,
		"Retractable": false,
		"TacticalReloadStiffnes": {
			"x": 0.95,
			"y": 0.33,
			"z": 0.95
		},
		"TacticalReloadFixation": 0.95,
		"RecoilCenter": {
			"x": 0,
			"y": -0.43,
			"z": 0.03
		},
		"RotationCenter": {
			"x": 0,
			"y": -0.16,
			"z": -0.06
		},
		"RotationCenterNoStock": {
			"x": 0,
			"y": 0,
			"z": 0
		},
		"SizeReduceRight": 0,
		"FoldedSlot": "mod_stock_axis",
		"CompactHandling": true,
		"SightingRange": 100,
		"MinRepairDegradation": 0,
		"MaxRepairDegradation": 0.01,
		"IronSightRange": 25,
		"MustBoltBeOpennedForExternalReload": false,
		"MustBoltBeOpennedForInternalReload": false,
		"BoltAction": true,
		"HipAccuracyRestorationDelay": 0.2,
		"HipAccuracyRestorationSpeed": 7,
		"HipInnaccuracyGain": 0.16,
		"ManualBoltCatch": false
	},
	"_proto": "55801eed4bdc2d89578b4588"
}