{
	"_id": "lockbox_gamma",
	"_name": "Lockbox Gamma",
	"_parent": "5448bf274bdc2dfc2f8b456a",
	"_type": "Item",
	"_props": {
		"Name": "Lockbox Gamma",
		"ShortName": "Lockbox Gamma",
		"Description": "",
		"Weight": 1,
		"BackgroundColor": "violet",
		"Width": 1,
		"Height": 2,
		"StackMaxSize": 1,
		"Rarity": "Not_exist",
		"SpawnChance": 50,
		"CreditsPrice": 219,
		"ItemSound": "container_case",
		"Prefab": {
			"path": "assets/content/items/quest/item_quest_container_case_folder/item_quest_container_case_0052.bundle",
			"rcid": ""
		},
		"UsePrefab": {
			"path": "",
			"rcid": ""
		},
		"StackObjectsCount": 1,
		"NotShownInSlot": false,
		"ExaminedByDefault": true,
		"ExamineTime": 1,
		"IsUndiscardable": false,
		"IsUnsaleable": false,
		"IsUnbuyable": false,
		"IsUngivable": false,
		"IsLockedafterEquip": false,
		"QuestItem": false,
		"LootExperience": 20,
		"ExamineExperience": 10,
		"HideEntrails": true,
		"RepairCost": 0,
		"RepairSpeed": 0,
		"ExtraSizeLeft": 0,
		"ExtraSizeRight": 0,
		"ExtraSizeUp": 0,
		"ExtraSizeDown": 0,
		"ExtraSizeForceAdd": false,
		"MergesWithChildren": false,
		"CanSellOnRagfair": false,
		"CanRequireOnRagfair": false,
		"BannedFromRagfair": true,
		"ConflictingItems": [],
		"FixedPrice": false,
		"Unlootable": false,
		"UnlootableFromSlot": "FirstPrimaryWeapon",
		"UnlootableFromSide": [],
		"ChangePriceCoef": 1,
		"AllowSpawnOnLocations": [],
		"SendToClient": false,
		"AnimationVariantsNumber": 0,
		"DiscardingBlock": true,
		"Grids": [
			{
				"_name": "main",
				"_id": "lockbox_gamma_main",
				"_parent": "lockbox_gamma",
				"_props": {
					"filters": [],
					"cellsH": 1,
					"cellsV": 2,
					"minCount": 0,
					"maxCount": 0,
					"maxWeight": 0
				},
				"_proto": "55d329c24bdc2d892f8b4567"
			},
			{
				"_name": "1",
				"_id": "lockbox_gamma_1",
				"_parent": "lockbox_gamma",
				"_props": {
					"filters": [],
					"cellsH": 2,
					"cellsV": 2,
					"minCount": 0,
					"maxCount": 0,
					"maxWeight": 0
				},
				"_proto": "55d329c24bdc2d892f8b4567"
			},
			{
				"_name": "2",
				"_id": "lockbox_gamma_2",
				"_parent": "lockbox_gamma",
				"_props": {
					"filters": [],
					"cellsH": 1,
					"cellsV": 2,
					"minCount": 0,
					"maxCount": 0,
					"maxWeight": 0
				},
				"_proto": "55d329c24bdc2d892f8b4567"
			}
		],
		"Slots": [],
		"CanPutIntoDuringTheRaid": true,
		"CantRemoveFromSlotsDuringRaid": [
			"SecuredContainer"
		],
		"SearchSound": "cashregister_looting",
		"BlocksArmorVest": false,
		"containType": [],
		"sizeWidth": 2,
		"sizeHeight": 2,
		"isSecured": true,
		"spawnTypes": "None",
		"lootFilter": [],
		"spawnRarity": "Common",
		"minCountSpawn": 0,
		"maxCountSpawn": 0,
		"openedByKeyID": []
	}
}