{
	"_id": "5d2f2ab648f03550091993ca",
	"_name": "patron_127x108_bzt",
	"_parent": "5485a8684bdc2da71d8b4567",
	"_type": "Item",
	"_props": {
		"Name": "patron_127x108",
		"ShortName": "patron_127x108",
		"Description": "patron_127x108",
		"Weight": 0.128,
		"BackgroundColor": "yellow",
		"Width": 1,
		"Height": 1,
		"StackMaxSize": 20,
		"Rarity": "Not_exist",
		"SpawnChance": 20,
		"CreditsPrice": 980,
		"ItemSound": "ammo_singleround",
		"Prefab": {
			"path": "assets/content/items/ammo/patrons/patron_127x108_bzt.bundle",
			"rcid": ""
		},
		"UsePrefab": {
			"path": "",
			"rcid": ""
		},
		"StackObjectsCount": 1,
		"NotShownInSlot": false,
		"ExaminedByDefault": true,
		"ExamineTime": 1,
		"IsUndiscardable": false,
		"IsUnsaleable": false,
		"IsUnbuyable": false,
		"IsUngivable": false,
		"IsLockedafterEquip": false,
		"QuestItem": false,
		"LootExperience": 0,
		"ExamineExperience": 10,
		"HideEntrails": false,
		"RepairCost": 0,
		"RepairSpeed": 0,
		"ExtraSizeLeft": 0,
		"ExtraSizeRight": 0,
		"ExtraSizeUp": 0,
		"ExtraSizeDown": 0,
		"ExtraSizeForceAdd": false,
		"MergesWithChildren": false,
		"CanSellOnRagfair": true,
		"CanRequireOnRagfair": true,
		"BannedFromRagfair": false,
		"ConflictingItems": [],
		"FixedPrice": false,
		"Unlootable": false,
		"UnlootableFromSlot": "FirstPrimaryWeapon",
		"UnlootableFromSide": [],
		"ChangePriceCoef": 1,
		"AllowSpawnOnLocations": [],
		"SendToClient": false,
		"AnimationVariantsNumber": 0,
		"DiscardingBlock": false,
		"StackMinRandom": 10,
		"StackMaxRandom": 25,
		"ammoType": "bullet",
		"Damage": 299,
		"ammoAccr": 0,
		"ammoRec": 0,
		"ammoDist": 0,
		"buckshotBullets": 0,
		"PenetrationPower": 80,
		"PenetrationPowerDiviation": 1,
		"ammoHear": 0,
		"ammoSfx": "standart",
		"MisfireChance": 0.01,
		"MinFragmentsCount": 2,
		"MaxFragmentsCount": 3,
		"ammoShiftChance": 0,
		"casingName": "12.7x108",
		"casingEjectPower": 0,
		"casingMass": 16.5,
		"casingSounds": "127rifle",
		"ProjectileCount": 1,
		"InitialSpeed": 818,
		"PenetrationChance": 0.75,
		"RicochetChance": 0.38,
		"FragmentationChance": 0.17,
		"BallisticCoeficient": 1,
		"Deterioration": 1,
		"SpeedRetardation": 0.000025,
		"Tracer": true,
		"TracerColor": "green",
		"TracerDistance": 0,
		"ArmorDamage": 95,
		"Caliber": "Caliber127x108",
		"StaminaBurnPerDamage": 0.9,
		"ShowBullet": false,
		"HasGrenaderComponent": true,
		"FuzeArmTimeSec": 0,
		"ExplosionStrength": 0,
		"MinExplosionDistance": 0,
		"MaxExplosionDistance": 0,
		"FragmentsCount": 0,
		"FragmentType": "5996f6d686f77467977ba6cc",
		"ShowHitEffectOnExplode": true,
		"ExplosionType": "big_round_impact_explosive",
		"AmmoLifeTimeSec": 5
	},
	"_proto": "56dfef82d2720bbd668b4567"
}