{
	"_id": "5d70e500a4b9364de70d38ce",
	"_name": "patron_30x29_vog_30",
	"_parent": "5485a8684bdc2da71d8b4567",
	"_type": "Item",
	"_props": {
		"Name": "patron_30x29_vog_30",
		"ShortName": "patron_30x29_vog_30",
		"Description": "patron_30x29_vog_30",
		"Weight": 0.35,
		"BackgroundColor": "yellow",
		"Width": 1,
		"Height": 1,
		"StackMaxSize": 1,
		"Rarity": "Not_exist",
		"SpawnChance": 20,
		"CreditsPrice": 980,
		"ItemSound": "ammo_singleround",
		"Prefab": {
			"path": "assets/content/items/ammo/patrons/patron_30x29_vog_30.bundle",
			"rcid": ""
		},
		"UsePrefab": {
			"path": "",
			"rcid": ""
		},
		"StackObjectsCount": 1,
		"NotShownInSlot": false,
		"ExaminedByDefault": true,
		"ExamineTime": 1,
		"IsUndiscardable": false,
		"IsUnsaleable": false,
		"IsUnbuyable": false,
		"IsUngivable": false,
		"IsLockedafterEquip": false,
		"QuestItem": false,
		"LootExperience": 0,
		"ExamineExperience": 10,
		"HideEntrails": false,
		"RepairCost": 0,
		"RepairSpeed": 0,
		"ExtraSizeLeft": 0,
		"ExtraSizeRight": 0,
		"ExtraSizeUp": 0,
		"ExtraSizeDown": 0,
		"ExtraSizeForceAdd": false,
		"MergesWithChildren": false,
		"CanSellOnRagfair": true,
		"CanRequireOnRagfair": true,
		"BannedFromRagfair": false,
		"ConflictingItems": [],
		"FixedPrice": false,
		"Unlootable": false,
		"UnlootableFromSlot": "FirstPrimaryWeapon",
		"UnlootableFromSide": [],
		"ChangePriceCoef": 1,
		"AllowSpawnOnLocations": [],
		"SendToClient": false,
		"AnimationVariantsNumber": 0,
		"DiscardingBlock": false,
		"StackMinRandom": 1,
		"StackMaxRandom": 1,
		"ammoType": "grenade",
		"Damage": 299,
		"ammoAccr": 0,
		"ammoRec": 0,
		"ammoDist": 0,
		"buckshotBullets": 0,
		"PenetrationPower": 1,
		"PenetrationPowerDiviation": 1,
		"ammoHear": 0,
		"ammoSfx": "standart",
		"MisfireChance": 0.01,
		"MinFragmentsCount": 1,
		"MaxFragmentsCount": 1,
		"ammoShiftChance": 0,
		"casingName": "30x29",
		"casingEjectPower": 0,
		"casingMass": 16.5,
		"casingSounds": "127rifle",
		"ProjectileCount": 1,
		"InitialSpeed": 185,
		"PenetrationChance": 0,
		"RicochetChance": 0,
		"FragmentationChance": 0,
		"BallisticCoeficient": 1,
		"Deterioration": 1,
		"SpeedRetardation": 0.00013,
		"Tracer": false,
		"TracerColor": "green",
		"TracerDistance": 0,
		"ArmorDamage": 95,
		"Caliber": "Caliber30x29",
		"StaminaBurnPerDamage": 0.9,
		"ShowBullet": false,
		"HasGrenaderComponent": true,
		"FuzeArmTimeSec": 0.1,
		"ExplosionStrength": 100,
		"MinExplosionDistance": 4,
		"MaxExplosionDistance": 10,
		"FragmentsCount": 0,
		"FragmentType": "5996f6d686f77467977ba6cc",
		"ShowHitEffectOnExplode": false,
		"ExplosionType": "smallgrenade_expl",
		"AmmoLifeTimeSec": 40
	},
	"_proto": "56dfef82d2720bbd668b4567"
}