{
	"items": [
		{
			"_id": "5c6687d65e9d882c8841f0fd",
			"_tpl": "55d7217a4bdc2d86028b456d"
		},
		{
			"_id": "5c6687d65e9d882c8841f121",
			"_tpl": "557ffd194bdc2d28148b457f",
			"parentId": "5c6687d65e9d882c8841f0fd",
			"slotId": "Pockets"
		},
		{
			"_id": "5c6687d65e9d882c8841f0fc",
			"_tpl": "566abbc34bdc2d92178b4576"
		},
		{
			"_id": "5c6687d65e9d882c8841f0ff",
			"_tpl": "5963866b86f7747bfa1c4462"
		},
		{
			"_id": "5c6687d65e9d882c8841f0fe",
			"_tpl": "5963866286f7747bf429b572"
		},
		{
			"_id": "TacticalVest688371",
			"_tpl": "5e4abfed86f77406a2713cf7",
			"parentId": "5c6687d65e9d882c8841f0fd",
			"slotId": "TacticalVest"
		},
		{
			"_id": "I210048424039721534aJbFF",
			"_tpl": "59ff346386f77477562ff5e2",
			"parentId": "5c6687d65e9d882c8841f0fd",
			"slotId": "FirstPrimaryWeapon"
		},
		{
			"_id": "I210048424991276625DyAkr",
			"_tpl": "59d64ec286f774171d1e0a42",
			"parentId": "I210048424039721534aJbFF",
			"slotId": "mod_gas_block"
		},
		{
			"_id": "I210048421564082721TJQNQ",
			"_tpl": "5a0071d486f77404e23a12b2",
			"parentId": "I210048424039721534aJbFF",
			"slotId": "mod_pistol_grip_akms"
		},
		{
			"_id": "I210048428959248852YtOa0",
			"_tpl": "59d650cf86f7741b846413a4",
			"parentId": "I210048424039721534aJbFF",
			"slotId": "mod_sight_rear",
			"upd": {
				"Sight": {
					"SelectedSightMode": 0
				}
			}
		},
		{
			"_id": "MagazineWeaponScav2338",
			"_tpl": "59e5d83b86f7745aed03d262",
			"parentId": "I210048424039721534aJbFF",
			"slotId": "mod_magazine"
		},
		{
			"_id": "AmmoMag13564",
			"_tpl": "59e4cf5286f7741778269d8a",
			"parentId": "MagazineWeaponScav2338",
			"slotId": "cartridges",
			"upd": {
				"StackObjectsCount": 10
			}
		},
		{
			"_id": "I210048429263642129AwMwM",
			"_tpl": "59d64f2f86f77417193ef8b3",
			"parentId": "I210048424991276625DyAkr",
			"slotId": "mod_handguard"
		},
		{
			"_id": "mag0Vest269838",
			"_tpl": "59e5d83b86f7745aed03d262",
			"parentId": "TacticalVest688371",
			"slotId": "1",
			"location": {
				"x": 0,
				"y": 0,
				"r": "Horizontal"
			}
		},
		{
			"_id": "AmmoMag0Vest609138",
			"_tpl": "59e0d99486f7744a32234762",
			"parentId": "mag0Vest269838",
			"slotId": "cartridges",
			"upd": {
				"StackObjectsCount": 10
			}
		},
		{
			"_id": "mag1Vest990747",
			"_tpl": "59e5d83b86f7745aed03d262",
			"parentId": "TacticalVest688371",
			"slotId": "3",
			"location": {
				"x": 0,
				"y": 0,
				"r": "Horizontal"
			}
		},
		{
			"_id": "AmmoMag1Vest731079",
			"_tpl": "59e0d99486f7744a32234762",
			"parentId": "mag1Vest990747",
			"slotId": "cartridges",
			"upd": {
				"StackObjectsCount": 10
			}
		},
		{
			"_id": "mag1Vest380279",
			"_tpl": "59e5d83b86f7745aed03d262",
			"parentId": "TacticalVest688371",
			"slotId": "3",
			"location": {
				"x": 0,
				"y": 1,
				"r": "Horizontal"
			}
		},
		{
			"_id": "AmmoMag1Vest627830",
			"_tpl": "59e4d24686f7741776641ac7",
			"parentId": "mag1Vest380279",
			"slotId": "cartridges",
			"upd": {
				"StackObjectsCount": 10
			}
		},
		{
			"_id": "StackAmmo54285172876",
			"_tpl": "59e4cf5286f7741778269d8a",
			"parentId": "TacticalVest688371",
			"slotId": "5",
			"upd": {
				"StackObjectsCount": 41
			}
		},
		{
			"_id": "StackAmmo84446342783",
			"_tpl": "59e4cf5286f7741778269d8a",
			"parentId": "TacticalVest688371",
			"slotId": "8",
			"upd": {
				"StackObjectsCount": 15
			}
		},
		{
			"_id": "Scabbard464494",
			"_tpl": "5bffdc370db834001d23eca8",
			"parentId": "5c6687d65e9d882c8841f0fd",
			"slotId": "Scabbard"
		},
		{
			"_id": "Headwear780517",
			"_tpl": "5aa2b87de5b5b00016327c25",
			"parentId": "5c6687d65e9d882c8841f0fd",
			"slotId": "Headwear"
		},
		{
			"_id": "Eyewear547649",
			"_tpl": "5c0d32fcd174af02a1659c75",
			"parentId": "5c6687d65e9d882c8841f0fd",
			"slotId": "Eyewear"
		},
		{
			"_id": "FaceCover786107",
			"_tpl": "5bd06f5d86f77427101ad47c",
			"parentId": "5c6687d65e9d882c8841f0fd",
			"slotId": "FaceCover"
		},
		{
			"_id": "Backpack354620",
			"_tpl": "544a5cde4bdc2d39388b456b",
			"parentId": "5c6687d65e9d882c8841f0fd",
			"slotId": "Backpack"
		},
		{
			"_id": "Pocket_12073",
			"_tpl": "59e361e886f774176c10a2a5",
			"parentId": "5c6687d65e9d882c8841f121",
			"slotId": "pocket1",
			"location": {
				"x": 0,
				"y": 0,
				"r": "Horizontal"
			},
			"upd": {
				"SpawnedInSession": true
			}
		},
		{
			"_id": "Pocket_509435",
			"_tpl": "5a0eed4386f77405112912aa",
			"parentId": "5c6687d65e9d882c8841f121",
			"slotId": "pocket2",
			"location": {
				"x": 0,
				"y": 0,
				"r": "Horizontal"
			},
			"upd": {
				"SpawnedInSession": true
			}
		},
		{
			"_id": "Pocket_561081",
			"_tpl": "590a3c0a86f774385a33c450",
			"parentId": "5c6687d65e9d882c8841f121",
			"slotId": "pocket3",
			"location": {
				"x": 0,
				"y": 0,
				"r": "Horizontal"
			},
			"upd": {
				"SpawnedInSession": true
			}
		}
	],
	"equipment": "5c6687d65e9d882c8841f0fd",
	"stash": "5c6687d65e9d882c8841f0fc",
	"questRaidItems": "5c6687d65e9d882c8841f0fe",
	"questStashItems": "5c6687d65e9d882c8841f0ff",
	"fastPanel": {}
}