{
	"items": [
		{
			"_id": "5dcb1dc5fb81105cd85bfddd",
			"_tpl": "55d7217a4bdc2d86028b456d"
		},
		{
			"_id": "5dcb1dc5fb81105cd85bfdfa",
			"_tpl": "59ff346386f77477562ff5e2",
			"parentId": "5dcb1dc5fb81105cd85bfddd",
			"slotId": "FirstPrimaryWeapon"
		},
		{
			"_id": "5dcb1dc5fb81105cd85bfdfb",
			"_tpl": "59d64ec286f774171d1e0a42",
			"parentId": "5dcb1dc5fb81105cd85bfdfa",
			"slotId": "mod_gas_block"
		},
		{
			"_id": "5dcb1dc5fb81105cd85bfdfc",
			"_tpl": "59d64f2f86f77417193ef8b3",
			"parentId": "5dcb1dc5fb81105cd85bfdfb",
			"slotId": "mod_handguard"
		},
		{
			"_id": "5dcb1dc5fb81105cd85bfdfd",
			"_tpl": "5a0071d486f77404e23a12b2",
			"parentId": "5dcb1dc5fb81105cd85bfdfa",
			"slotId": "mod_pistol_grip_akms"
		},
		{
			"_id": "5dcb1dc5fb81105cd85bfdfe",
			"_tpl": "59d64fc686f774171b243fe2",
			"parentId": "5dcb1dc5fb81105cd85bfdfa",
			"slotId": "mod_muzzle"
		},
		{
			"_id": "5dcb1dc5fb81105cd85bfdff",
			"_tpl": "59d6507c86f7741b846413a2",
			"parentId": "5dcb1dc5fb81105cd85bfdfa",
			"slotId": "mod_reciever"
		},
		{
			"_id": "5dcb1dc5fb81105cd85bfe00",
			"_tpl": "59d650cf86f7741b846413a4",
			"parentId": "5dcb1dc5fb81105cd85bfdfa",
			"slotId": "mod_sight_rear"
		},
		{
			"_id": "5dcb1dc5fb81105cd85bfe01",
			"_tpl": "59ff3b6a86f77477562ff5ed",
			"parentId": "5dcb1dc5fb81105cd85bfdfa",
			"slotId": "mod_stock_akms"
		},
		{
			"_id": "5dcb1dc5fb81105cd85bfe02",
			"_tpl": "59d625f086f774661516605d",
			"parentId": "5dcb1dc5fb81105cd85bfdfa",
			"slotId": "mod_magazine"
		},
		{
			"_id": "5dcb1dc5fb81105cd85bfe03",
			"_tpl": "5656d7c34bdc2d9d198b4587",
			"parentId": "5dcb1dc5fb81105cd85bfe02",
			"slotId": "cartridges",
			"upd": {
				"StackObjectsCount": 30
			}
		},
		{
			"_id": "5dcb1dc5fb81105cd85bfe04",
			"_tpl": "5656d7c34bdc2d9d198b4587",
			"parentId": "5dcb1dc5fb81105cd85bfdfa",
			"slotId": "patron_in_weapon",
			"upd": {
				"StackObjectsCount": 1
			}
		},
		{
			"_id": "5dcb1dc5fb81105cd85bfe05",
			"_tpl": "557ffd194bdc2d28148b457f",
			"parentId": "5dcb1dc5fb81105cd85bfddd",
			"slotId": "Pockets"
		},
		{
			"_id": "5dcb1dc5fb81105cd85bfe1b",
			"_tpl": "590c2c9c86f774245b1f03f2",
			"parentId": "5dcb1dc5fb81105cd85bfe05",
			"slotId": "pocket1",
			"location": {
				"x": 0,
				"y": 0,
				"r": 0
			}
		},
		{
			"_id": "5dcb1dc5fb81105cd85bfe1c",
			"_tpl": "590a358486f77429692b2790",
			"parentId": "5dcb1dc5fb81105cd85bfe05",
			"slotId": "pocket2",
			"location": {
				"x": 0,
				"y": 0,
				"r": 0
			}
		},
		{
			"_id": "5dcb1dc5fb81105cd85bfe1e",
			"_tpl": "56742c284bdc2d98058b456d",
			"parentId": "5dcb1dc5fb81105cd85bfe05",
			"slotId": "pocket3",
			"location": {
				"x": 0,
				"y": 0,
				"r": 0
			}
		},
		{
			"_id": "5dcb1dc5fb81105cd85bfe06",
			"_tpl": "59e7643b86f7742cbf2c109a",
			"parentId": "5dcb1dc5fb81105cd85bfddd",
			"slotId": "TacticalVest"
		},
		{
			"_id": "5dcb1dc5fb81105cd85bfe14",
			"_tpl": "59d625f086f774661516605d",
			"parentId": "5dcb1dc5fb81105cd85bfe06",
			"slotId": "1",
			"location": {
				"x": 0,
				"y": 0,
				"r": 0
			}
		},
		{
			"_id": "5dcb1dc5fb81105cd85bfe15",
			"_tpl": "5656d7c34bdc2d9d198b4587",
			"parentId": "5dcb1dc5fb81105cd85bfe14",
			"slotId": "cartridges",
			"upd": {
				"StackObjectsCount": 30
			}
		},
		{
			"_id": "5dcb1dc5fb81105cd85bfe16",
			"_tpl": "59d625f086f774661516605d",
			"parentId": "5dcb1dc5fb81105cd85bfe06",
			"slotId": "1",
			"location": {
				"x": 1,
				"y": 0,
				"r": 0
			}
		},
		{
			"_id": "5dcb1dc5fb81105cd85bfe17",
			"_tpl": "5656d7c34bdc2d9d198b4587",
			"parentId": "5dcb1dc5fb81105cd85bfe16",
			"slotId": "cartridges",
			"upd": {
				"StackObjectsCount": 30
			}
		},
		{
			"_id": "5dcb1dc5fb81105cd85bfe07",
			"_tpl": "5b432b2f5acfc4771e1c6622",
			"parentId": "5dcb1dc5fb81105cd85bfddd",
			"slotId": "FaceCover",
			"upd": {
				"Repairable": {
					"Durability": 28
				}
			}
		},
		{
			"_id": "5dcb1dc5fb81105cd85bfe08",
			"_tpl": "57e26fc7245977162a14b800",
			"parentId": "5dcb1dc5fb81105cd85bfddd",
			"slotId": "Scabbard"
		},
		{
			"_id": "5dcb1dc5fb81105cd85bfe09",
			"_tpl": "544a5cde4bdc2d39388b456b",
			"parentId": "5dcb1dc5fb81105cd85bfddd",
			"slotId": "Backpack"
		},
		{
			"_id": "5dcb1dc5fb81105cd85bfe1f",
			"_tpl": "57347d9c245977448b40fa85",
			"parentId": "5dcb1dc5fb81105cd85bfe09",
			"slotId": "main",
			"location": {
				"x": 0,
				"y": 0,
				"r": 0
			},
			"upd": {
				"FoodDrink": {
					"HpPercent": 1
				}
			}
		},
		{
			"_id": "5dcb1dc5fb81105cd85bfe20",
			"_tpl": "59e3577886f774176a362503",
			"parentId": "5dcb1dc5fb81105cd85bfe09",
			"slotId": "main",
			"location": {
				"x": 1,
				"y": 0,
				"r": 0
			},
			"upd": {
				"FoodDrink": {
					"HpPercent": 65
				}
			}
		},
		{
			"_id": "5dcb1dc5fb81105cd85bfe21",
			"_tpl": "5839a7742459773cf9693481",
			"parentId": "5dcb1dc5fb81105cd85bfe09",
			"slotId": "main",
			"location": {
				"x": 2,
				"y": 0,
				"r": 0
			}
		},
		{
			"_id": "5dcb1dc5fb81105cd85bfe22",
			"_tpl": "560d657b4bdc2da74d8b4572",
			"parentId": "5dcb1dc5fb81105cd85bfe09",
			"slotId": "main",
			"location": {
				"x": 0,
				"y": 1,
				"r": 0
			}
		},
		{
			"_id": "5dcb1dc5fb81105cd85bfe0a",
			"_tpl": "5857a8bc2459772bad15db29",
			"parentId": "5dcb1dc5fb81105cd85bfddd",
			"slotId": "SecuredContainer"
		},
		{
			"_id": "5dcb1dc5fb81105cd85bfe0b",
			"_tpl": "5656d7c34bdc2d9d198b4587",
			"parentId": "5dcb1dc5fb81105cd85bfe0a",
			"slotId": "main",
			"location": {
				"x": 0,
				"y": 0,
				"r": 0
			},
			"upd": {
				"StackObjectsCount": 60
			}
		},
		{
			"_id": "5dcb1dc5fb81105cd85bfe0c",
			"_tpl": "5656d7c34bdc2d9d198b4587",
			"parentId": "5dcb1dc5fb81105cd85bfe0a",
			"slotId": "main",
			"location": {
				"x": 1,
				"y": 0,
				"r": 0
			},
			"upd": {
				"StackObjectsCount": 60
			}
		},
		{
			"_id": "5dcb1dc5fb81105cd85bfe0d",
			"_tpl": "5656d7c34bdc2d9d198b4587",
			"parentId": "5dcb1dc5fb81105cd85bfe0a",
			"slotId": "main",
			"location": {
				"x": 2,
				"y": 0,
				"r": 0
			},
			"upd": {
				"StackObjectsCount": 60
			}
		},
		{
			"_id": "5dcb1dc5fb81105cd85bfe0e",
			"_tpl": "5656d7c34bdc2d9d198b4587",
			"parentId": "5dcb1dc5fb81105cd85bfe0a",
			"slotId": "main",
			"location": {
				"x": 0,
				"y": 1,
				"r": 0
			},
			"upd": {
				"StackObjectsCount": 60
			}
		},
		{
			"_id": "5dcb1dc5fb81105cd85bfe0f",
			"_tpl": "5656d7c34bdc2d9d198b4587",
			"parentId": "5dcb1dc5fb81105cd85bfe0a",
			"slotId": "main",
			"location": {
				"x": 1,
				"y": 1,
				"r": 0
			},
			"upd": {
				"StackObjectsCount": 60
			}
		},
		{
			"_id": "5dcb1dc5fb81105cd85bfe10",
			"_tpl": "5656d7c34bdc2d9d198b4587",
			"parentId": "5dcb1dc5fb81105cd85bfe0a",
			"slotId": "main",
			"location": {
				"x": 2,
				"y": 1,
				"r": 0
			},
			"upd": {
				"StackObjectsCount": 60
			}
		},
		{
			"_id": "5dcb1dc5fb81105cd85bfe11",
			"_tpl": "5656d7c34bdc2d9d198b4587",
			"parentId": "5dcb1dc5fb81105cd85bfe0a",
			"slotId": "main",
			"location": {
				"x": 0,
				"y": 2,
				"r": 0
			},
			"upd": {
				"StackObjectsCount": 60
			}
		},
		{
			"_id": "5dcb1dc5fb81105cd85bfe12",
			"_tpl": "5656d7c34bdc2d9d198b4587",
			"parentId": "5dcb1dc5fb81105cd85bfe0a",
			"slotId": "main",
			"location": {
				"x": 1,
				"y": 2,
				"r": 0
			},
			"upd": {
				"StackObjectsCount": 60
			}
		},
		{
			"_id": "5dcb1dc5fb81105cd85bfe13",
			"_tpl": "5656d7c34bdc2d9d198b4587",
			"parentId": "5dcb1dc5fb81105cd85bfe0a",
			"slotId": "main",
			"location": {
				"x": 2,
				"y": 2,
				"r": 0
			},
			"upd": {
				"StackObjectsCount": 60
			}
		},
		{
			"_id": "5dcb1dc5fb81105cd85bfddc",
			"_tpl": "566abbc34bdc2d92178b4576"
		},
		{
			"_id": "5dcb1dc5fb81105cd85bfddf",
			"_tpl": "5963866b86f7747bfa1c4462"
		},
		{
			"_id": "5dcb1dc5fb81105cd85bfdde",
			"_tpl": "5963866286f7747bf429b572"
		}
	],
	"equipment": "5dcb1dc5fb81105cd85bfddd",
	"stash": "5dcb1dc5fb81105cd85bfddc",
	"questRaidItems": "5dcb1dc5fb81105cd85bfdde",
	"questStashItems": "5dcb1dc5fb81105cd85bfddf",
	"fastPanel": {}
}