{
	"items": [
		{
			"_id": "5dcb1de5d7ed5e035c4391ec",
			"_tpl": "55d7217a4bdc2d86028b456d"
		},
		{
			"_id": "5dcb1de5d7ed5e035c439206",
			"_tpl": "5ac4cd105acfc40016339859",
			"parentId": "5dcb1de5d7ed5e035c4391ec",
			"slotId": "FirstPrimaryWeapon"
		},
		{
			"_id": "5dcb1de5d7ed5e035c439207",
			"_tpl": "59c6633186f7740cf0493bb9",
			"parentId": "5dcb1de5d7ed5e035c439206",
			"slotId": "mod_gas_block"
		},
		{
			"_id": "5dcb1de5d7ed5e035c439208",
			"_tpl": "5648b1504bdc2d9d488b4584",
			"parentId": "5dcb1de5d7ed5e035c439207",
			"slotId": "mod_handguard"
		},
		{
			"_id": "5dcb1de5d7ed5e035c439209",
			"_tpl": "5ac7655e5acfc40016339a19",
			"parentId": "5dcb1de5d7ed5e035c439206",
			"slotId": "mod_muzzle"
		},
		{
			"_id": "5dcb1de5d7ed5e035c43920a",
			"_tpl": "5649ade84bdc2d1b2b8b4587",
			"parentId": "5dcb1de5d7ed5e035c439206",
			"slotId": "mod_pistol_grip"
		},
		{
			"_id": "5dcb1de5d7ed5e035c43920b",
			"_tpl": "5ac50da15acfc4001718d287",
			"parentId": "5dcb1de5d7ed5e035c439206",
			"slotId": "mod_reciever"
		},
		{
			"_id": "5dcb1de5d7ed5e035c43920c",
			"_tpl": "5ac72e475acfc400180ae6fe",
			"parentId": "5dcb1de5d7ed5e035c439206",
			"slotId": "mod_sight_rear"
		},
		{
			"_id": "5dcb1de5d7ed5e035c43920d",
			"_tpl": "5ac50c185acfc400163398d4",
			"parentId": "5dcb1de5d7ed5e035c439206",
			"slotId": "mod_stock"
		},
		{
			"_id": "5dcb1de5d7ed5e035c43920f",
			"_tpl": "55d480c04bdc2d1d4e8b456a",
			"parentId": "5dcb1de5d7ed5e035c439206",
			"slotId": "mod_magazine"
		},
		{
			"_id": "5dcb1de5d7ed5e035c439210",
			"_tpl": "56dff3afd2720bba668b4567",
			"parentId": "5dcb1de5d7ed5e035c43920f",
			"slotId": "cartridges",
			"upd": {
				"StackObjectsCount": 30
			}
		},
		{
			"_id": "5dcb1de5d7ed5e035c439211",
			"_tpl": "557ffd194bdc2d28148b457f",
			"parentId": "5dcb1de5d7ed5e035c4391ec",
			"slotId": "Pockets"
		},
		{
			"_id": "5dcb1de5d7ed5e035c439224",
			"_tpl": "56742c284bdc2d98058b456d",
			"parentId": "5dcb1de5d7ed5e035c439211",
			"slotId": "pocket1",
			"location": {
				"x": 0,
				"y": 0,
				"r": 0
			}
		},
		{
			"_id": "5dcb1de5d7ed5e035c439212",
			"_tpl": "59e7643b86f7742cbf2c109a",
			"parentId": "5dcb1de5d7ed5e035c4391ec",
			"slotId": "TacticalVest"
		},
		{
			"_id": "5dcb1de5d7ed5e035c43921e",
			"_tpl": "55d480c04bdc2d1d4e8b456a",
			"parentId": "5dcb1de5d7ed5e035c439212",
			"slotId": "1",
			"location": {
				"x": 0,
				"y": 0,
				"r": 0
			}
		},
		{
			"_id": "5dcb1de5d7ed5e035c43921f",
			"_tpl": "56dff3afd2720bba668b4567",
			"parentId": "5dcb1de5d7ed5e035c43921e",
			"slotId": "cartridges",
			"upd": {
				"StackObjectsCount": 30
			}
		},
		{
			"_id": "5dcb1de5d7ed5e035c439220",
			"_tpl": "55d480c04bdc2d1d4e8b456a",
			"parentId": "5dcb1de5d7ed5e035c439212",
			"slotId": "1",
			"location": {
				"x": 1,
				"y": 0,
				"r": 0
			}
		},
		{
			"_id": "5dcb1de5d7ed5e035c439221",
			"_tpl": "56dff3afd2720bba668b4567",
			"parentId": "5dcb1de5d7ed5e035c439220",
			"slotId": "cartridges",
			"upd": {
				"StackObjectsCount": 30
			}
		},
		{
			"_id": "5dcb1de5d7ed5e035c439213",
			"_tpl": "57e26fc7245977162a14b800",
			"parentId": "5dcb1de5d7ed5e035c4391ec",
			"slotId": "Scabbard"
		},
		{
			"_id": "5dcb1de5d7ed5e035c439214",
			"_tpl": "5857a8bc2459772bad15db29",
			"parentId": "5dcb1de5d7ed5e035c4391ec",
			"slotId": "SecuredContainer"
		},
		{
			"_id": "5dcb1de5d7ed5e035c439215",
			"_tpl": "56dff3afd2720bba668b4567",
			"parentId": "5dcb1de5d7ed5e035c439214",
			"slotId": "main",
			"location": {
				"x": 0,
				"y": 0,
				"r": 0
			},
			"upd": {
				"StackObjectsCount": 60
			}
		},
		{
			"_id": "5dcb1de5d7ed5e035c439216",
			"_tpl": "56dff3afd2720bba668b4567",
			"parentId": "5dcb1de5d7ed5e035c439214",
			"slotId": "main",
			"location": {
				"x": 1,
				"y": 0,
				"r": 0
			},
			"upd": {
				"StackObjectsCount": 60
			}
		},
		{
			"_id": "5dcb1de5d7ed5e035c439217",
			"_tpl": "56dff3afd2720bba668b4567",
			"parentId": "5dcb1de5d7ed5e035c439214",
			"slotId": "main",
			"location": {
				"x": 2,
				"y": 0,
				"r": 0
			},
			"upd": {
				"StackObjectsCount": 60
			}
		},
		{
			"_id": "5dcb1de5d7ed5e035c439218",
			"_tpl": "56dff3afd2720bba668b4567",
			"parentId": "5dcb1de5d7ed5e035c439214",
			"slotId": "main",
			"location": {
				"x": 0,
				"y": 1,
				"r": 0
			},
			"upd": {
				"StackObjectsCount": 60
			}
		},
		{
			"_id": "5dcb1de5d7ed5e035c439219",
			"_tpl": "56dff3afd2720bba668b4567",
			"parentId": "5dcb1de5d7ed5e035c439214",
			"slotId": "main",
			"location": {
				"x": 1,
				"y": 1,
				"r": 0
			},
			"upd": {
				"StackObjectsCount": 60
			}
		},
		{
			"_id": "5dcb1de5d7ed5e035c43921a",
			"_tpl": "56dff3afd2720bba668b4567",
			"parentId": "5dcb1de5d7ed5e035c439214",
			"slotId": "main",
			"location": {
				"x": 2,
				"y": 1,
				"r": 0
			},
			"upd": {
				"StackObjectsCount": 60
			}
		},
		{
			"_id": "5dcb1de5d7ed5e035c43921b",
			"_tpl": "56dff3afd2720bba668b4567",
			"parentId": "5dcb1de5d7ed5e035c439214",
			"slotId": "main",
			"location": {
				"x": 0,
				"y": 2,
				"r": 0
			},
			"upd": {
				"StackObjectsCount": 60
			}
		},
		{
			"_id": "5dcb1de5d7ed5e035c43921c",
			"_tpl": "56dff3afd2720bba668b4567",
			"parentId": "5dcb1de5d7ed5e035c439214",
			"slotId": "main",
			"location": {
				"x": 1,
				"y": 2,
				"r": 0
			},
			"upd": {
				"StackObjectsCount": 60
			}
		},
		{
			"_id": "5dcb1de5d7ed5e035c43921d",
			"_tpl": "56dff3afd2720bba668b4567",
			"parentId": "5dcb1de5d7ed5e035c439214",
			"slotId": "main",
			"location": {
				"x": 2,
				"y": 2,
				"r": 0
			},
			"upd": {
				"StackObjectsCount": 60
			}
		},
		{
			"_id": "5dcb1de5d7ed5e035c4391eb",
			"_tpl": "566abbc34bdc2d92178b4576"
		},
		{
			"_id": "5dcb1de5d7ed5e035c4391ee",
			"_tpl": "5963866b86f7747bfa1c4462"
		},
		{
			"_id": "5dcb1de5d7ed5e035c4391ed",
			"_tpl": "5963866286f7747bf429b572"
		}
	],
	"equipment": "5dcb1de5d7ed5e035c4391ec",
	"stash": "5dcb1de5d7ed5e035c4391eb",
	"questRaidItems": "5dcb1de5d7ed5e035c4391ed",
	"questStashItems": "5dcb1de5d7ed5e035c4391ee",
	"fastPanel": {}
}