{
	"items": [
		{
			"_id": "5dcb1de5d7ed5e035c4384d0",
			"_tpl": "55d7217a4bdc2d86028b456d"
		},
		{
			"_id": "5dcb1de5d7ed5e035c4384f4",
			"_tpl": "5ac4cd105acfc40016339859",
			"parentId": "5dcb1de5d7ed5e035c4384d0",
			"slotId": "FirstPrimaryWeapon"
		},
		{
			"_id": "5dcb1de5d7ed5e035c4384f5",
			"_tpl": "59c6633186f7740cf0493bb9",
			"parentId": "5dcb1de5d7ed5e035c4384f4",
			"slotId": "mod_gas_block"
		},
		{
			"_id": "5dcb1de5d7ed5e035c4384f6",
			"_tpl": "5648b1504bdc2d9d488b4584",
			"parentId": "5dcb1de5d7ed5e035c4384f5",
			"slotId": "mod_handguard"
		},
		{
			"_id": "5dcb1de5d7ed5e035c4384f7",
			"_tpl": "5ac7655e5acfc40016339a19",
			"parentId": "5dcb1de5d7ed5e035c4384f4",
			"slotId": "mod_muzzle"
		},
		{
			"_id": "5dcb1de5d7ed5e035c4384f8",
			"_tpl": "5649ade84bdc2d1b2b8b4587",
			"parentId": "5dcb1de5d7ed5e035c4384f4",
			"slotId": "mod_pistol_grip"
		},
		{
			"_id": "5dcb1de5d7ed5e035c4384f9",
			"_tpl": "5ac50da15acfc4001718d287",
			"parentId": "5dcb1de5d7ed5e035c4384f4",
			"slotId": "mod_reciever"
		},
		{
			"_id": "5dcb1de5d7ed5e035c4384fa",
			"_tpl": "5ac72e475acfc400180ae6fe",
			"parentId": "5dcb1de5d7ed5e035c4384f4",
			"slotId": "mod_sight_rear"
		},
		{
			"_id": "5dcb1de5d7ed5e035c4384fb",
			"_tpl": "5ac50c185acfc400163398d4",
			"parentId": "5dcb1de5d7ed5e035c4384f4",
			"slotId": "mod_stock"
		},
		{
			"_id": "5dcb1de5d7ed5e035c4384fd",
			"_tpl": "55d480c04bdc2d1d4e8b456a",
			"parentId": "5dcb1de5d7ed5e035c4384f4",
			"slotId": "mod_magazine"
		},
		{
			"_id": "5dcb1de5d7ed5e035c4384fe",
			"_tpl": "56dff061d2720bb5668b4567",
			"parentId": "5dcb1de5d7ed5e035c4384fd",
			"slotId": "cartridges",
			"upd": {
				"StackObjectsCount": 30
			}
		},
		{
			"_id": "5dcb1de5d7ed5e035c4384ff",
			"_tpl": "557ffd194bdc2d28148b457f",
			"parentId": "5dcb1de5d7ed5e035c4384d0",
			"slotId": "Pockets"
		},
		{
			"_id": "5dcb1de5d7ed5e035c438515",
			"_tpl": "5448be9a4bdc2dfd2f8b456a",
			"parentId": "5dcb1de5d7ed5e035c4384ff",
			"slotId": "pocket1",
			"location": {
				"x": 0,
				"y": 0,
				"r": 0
			}
		},
		{
			"_id": "5dcb1de5d7ed5e035c438500",
			"_tpl": "572b7adb24597762ae139821",
			"parentId": "5dcb1de5d7ed5e035c4384d0",
			"slotId": "TacticalVest"
		},
		{
			"_id": "5dcb1de5d7ed5e035c43850d",
			"_tpl": "55d480c04bdc2d1d4e8b456a",
			"parentId": "5dcb1de5d7ed5e035c438500",
			"slotId": "2",
			"location": {
				"x": 0,
				"y": 0,
				"r": 0
			}
		},
		{
			"_id": "5dcb1de5d7ed5e035c43850e",
			"_tpl": "56dff061d2720bb5668b4567",
			"parentId": "5dcb1de5d7ed5e035c43850d",
			"slotId": "cartridges",
			"upd": {
				"StackObjectsCount": 30
			}
		},
		{
			"_id": "5dcb1de5d7ed5e035c438501",
			"_tpl": "5aa2b986e5b5b00014028f4c",
			"parentId": "5dcb1de5d7ed5e035c4384d0",
			"slotId": "Eyewear"
		},
		{
			"_id": "5dcb1de5d7ed5e035c438502",
			"_tpl": "5aa2ba46e5b5b000137b758d",
			"parentId": "5dcb1de5d7ed5e035c4384d0",
			"slotId": "Headwear"
		},
		{
			"_id": "5dcb1de5d7ed5e035c438503",
			"_tpl": "5857a8bc2459772bad15db29",
			"parentId": "5dcb1de5d7ed5e035c4384d0",
			"slotId": "SecuredContainer"
		},
		{
			"_id": "5dcb1de5d7ed5e035c438504",
			"_tpl": "56dff061d2720bb5668b4567",
			"parentId": "5dcb1de5d7ed5e035c438503",
			"slotId": "main",
			"location": {
				"x": 0,
				"y": 0,
				"r": 0
			},
			"upd": {
				"StackObjectsCount": 60
			}
		},
		{
			"_id": "5dcb1de5d7ed5e035c438505",
			"_tpl": "56dff061d2720bb5668b4567",
			"parentId": "5dcb1de5d7ed5e035c438503",
			"slotId": "main",
			"location": {
				"x": 1,
				"y": 0,
				"r": 0
			},
			"upd": {
				"StackObjectsCount": 60
			}
		},
		{
			"_id": "5dcb1de5d7ed5e035c438506",
			"_tpl": "56dff061d2720bb5668b4567",
			"parentId": "5dcb1de5d7ed5e035c438503",
			"slotId": "main",
			"location": {
				"x": 2,
				"y": 0,
				"r": 0
			},
			"upd": {
				"StackObjectsCount": 60
			}
		},
		{
			"_id": "5dcb1de5d7ed5e035c438507",
			"_tpl": "56dff061d2720bb5668b4567",
			"parentId": "5dcb1de5d7ed5e035c438503",
			"slotId": "main",
			"location": {
				"x": 0,
				"y": 1,
				"r": 0
			},
			"upd": {
				"StackObjectsCount": 60
			}
		},
		{
			"_id": "5dcb1de5d7ed5e035c438508",
			"_tpl": "56dff061d2720bb5668b4567",
			"parentId": "5dcb1de5d7ed5e035c438503",
			"slotId": "main",
			"location": {
				"x": 1,
				"y": 1,
				"r": 0
			},
			"upd": {
				"StackObjectsCount": 60
			}
		},
		{
			"_id": "5dcb1de5d7ed5e035c438509",
			"_tpl": "56dff061d2720bb5668b4567",
			"parentId": "5dcb1de5d7ed5e035c438503",
			"slotId": "main",
			"location": {
				"x": 2,
				"y": 1,
				"r": 0
			},
			"upd": {
				"StackObjectsCount": 60
			}
		},
		{
			"_id": "5dcb1de5d7ed5e035c43850a",
			"_tpl": "56dff061d2720bb5668b4567",
			"parentId": "5dcb1de5d7ed5e035c438503",
			"slotId": "main",
			"location": {
				"x": 0,
				"y": 2,
				"r": 0
			},
			"upd": {
				"StackObjectsCount": 60
			}
		},
		{
			"_id": "5dcb1de5d7ed5e035c43850b",
			"_tpl": "56dff061d2720bb5668b4567",
			"parentId": "5dcb1de5d7ed5e035c438503",
			"slotId": "main",
			"location": {
				"x": 1,
				"y": 2,
				"r": 0
			},
			"upd": {
				"StackObjectsCount": 60
			}
		},
		{
			"_id": "5dcb1de5d7ed5e035c43850c",
			"_tpl": "56dff061d2720bb5668b4567",
			"parentId": "5dcb1de5d7ed5e035c438503",
			"slotId": "main",
			"location": {
				"x": 2,
				"y": 2,
				"r": 0
			},
			"upd": {
				"StackObjectsCount": 60
			}
		},
		{
			"_id": "5dcb1de5d7ed5e035c4384cf",
			"_tpl": "566abbc34bdc2d92178b4576"
		},
		{
			"_id": "5dcb1de5d7ed5e035c4384d2",
			"_tpl": "5963866b86f7747bfa1c4462"
		},
		{
			"_id": "5dcb1de5d7ed5e035c4384d1",
			"_tpl": "5963866286f7747bf429b572"
		}
	],
	"equipment": "5dcb1de5d7ed5e035c4384d0",
	"stash": "5dcb1de5d7ed5e035c4384cf",
	"questRaidItems": "5dcb1de5d7ed5e035c4384d1",
	"questStashItems": "5dcb1de5d7ed5e035c4384d2",
	"fastPanel": {}
}