{
	"items": [
		{
			"_id": "5c6687d65e9d882c8841f0fd",
			"_tpl": "55d7217a4bdc2d86028b456d"
		},
		{
			"_id": "5c6687d65e9d882c8841f121",
			"_tpl": "557ffd194bdc2d28148b457f",
			"parentId": "5c6687d65e9d882c8841f0fd",
			"slotId": "Pockets"
		},
		{
			"_id": "5c6687d65e9d882c8841f0fc",
			"_tpl": "566abbc34bdc2d92178b4576"
		},
		{
			"_id": "5c6687d65e9d882c8841f0ff",
			"_tpl": "5963866b86f7747bfa1c4462"
		},
		{
			"_id": "5c6687d65e9d882c8841f0fe",
			"_tpl": "5963866286f7747bf429b572"
		},
		{
			"_id": "TacticalVest30053",
			"_tpl": "5d5d8ca986f7742798716522",
			"parentId": "5c6687d65e9d882c8841f0fd",
			"slotId": "TacticalVest"
		},
		{
			"_id": "I210049248580217100uCfXZ",
			"_tpl": "5a0ec13bfcdbcb00165aa685",
			"parentId": "5c6687d65e9d882c8841f0fd",
			"slotId": "FirstPrimaryWeapon"
		},
		{
			"_id": "I210049247798575649zFRby",
			"_tpl": "59d64ec286f774171d1e0a42",
			"parentId": "I210049248580217100uCfXZ",
			"slotId": "mod_gas_block"
		},
		{
			"_id": "I21004924954929801550V4M",
			"_tpl": "59e62cc886f77440d40b52a1",
			"parentId": "I210049248580217100uCfXZ",
			"slotId": "mod_pistol_grip"
		},
		{
			"_id": "I2100492453489022209Y4Wr",
			"_tpl": "59d650cf86f7741b846413a4",
			"parentId": "I210049248580217100uCfXZ",
			"slotId": "mod_sight_rear",
			"upd": {
				"Sight": {
					"SelectedSightMode": 0
				}
			}
		},
		{
			"_id": "I210049241904628579JSqoK",
			"_tpl": "59d64f2f86f77417193ef8b3",
			"parentId": "I210049247798575649zFRby",
			"slotId": "mod_handguard"
		},
		{
			"_id": "mag0Vest821871",
			"_tpl": "5cfe8010d7ad1a59283b14c6",
			"parentId": "TacticalVest30053",
			"slotId": "2",
			"location": {
				"x": 0,
				"y": 0,
				"r": "Horizontal"
			}
		},
		{
			"_id": "AmmoMag0Vest105256",
			"_tpl": "5656d7c34bdc2d9d198b4587",
			"parentId": "mag0Vest821871",
			"slotId": "cartridges",
			"upd": {
				"StackObjectsCount": 50
			}
		},
		{
			"_id": "Scabbard298612",
			"_tpl": "54491bb74bdc2d09088b4567",
			"parentId": "5c6687d65e9d882c8841f0fd",
			"slotId": "Scabbard"
		},
		{
			"_id": "Headwear760050",
			"_tpl": "5aa2a7e8e5b5b00016327c16",
			"parentId": "5c6687d65e9d882c8841f0fd",
			"slotId": "Headwear"
		},
		{
			"_id": "Backpack53785",
			"_tpl": "5ab8f04f86f774585f4237d8",
			"parentId": "5c6687d65e9d882c8841f0fd",
			"slotId": "Backpack"
		},
		{
			"_id": "BP_Backpack53785_676777",
			"_tpl": "590a3c0a86f774385a33c450",
			"parentId": "Backpack53785",
			"slotId": "main",
			"location": {
				"x": 0,
				"y": 0,
				"r": "Horizontal"
			}
		},
		{
			"_id": "BP_Backpack53785_532243",
			"_tpl": "593aa4be86f77457f56379f8",
			"parentId": "Backpack53785",
			"slotId": "main",
			"location": {
				"x": 0,
				"y": 1,
				"r": "Horizontal"
			}
		},
		{
			"_id": "BP_Backpack53785_378980",
			"_tpl": "5e2af22086f7746d3f3c33fa",
			"parentId": "Backpack53785",
			"slotId": "main",
			"location": {
				"x": 1,
				"y": 0,
				"r": "Horizontal"
			}
		},
		{
			"_id": "Pocket_715866",
			"_tpl": "5a13ef7e86f7741290491063",
			"parentId": "5c6687d65e9d882c8841f121",
			"slotId": "pocket1",
			"location": {
				"x": 0,
				"y": 0,
				"r": "Horizontal"
			},
			"upd": {
				"SpawnedInSession": true
			}
		},
		{
			"_id": "Pocket_527351",
			"_tpl": "590c5bbd86f774785762df04",
			"parentId": "5c6687d65e9d882c8841f121",
			"slotId": "pocket2",
			"location": {
				"x": 0,
				"y": 0,
				"r": "Horizontal"
			},
			"upd": {
				"SpawnedInSession": true
			}
		},
		{
			"_id": "Pocket_271842",
			"_tpl": "5a0f075686f7745bcc42ee12",
			"parentId": "5c6687d65e9d882c8841f121",
			"slotId": "pocket3",
			"location": {
				"x": 0,
				"y": 0,
				"r": "Horizontal"
			},
			"upd": {
				"SpawnedInSession": true
			}
		}
	],
	"equipment": "5c6687d65e9d882c8841f0fd",
	"stash": "5c6687d65e9d882c8841f0fc",
	"questRaidItems": "5c6687d65e9d882c8841f0fe",
	"questStashItems": "5c6687d65e9d882c8841f0ff",
	"fastPanel": {}
}