{
	"items": [
		{
			"_id": "5c6687d65e9d882c8841f0fd",
			"_tpl": "55d7217a4bdc2d86028b456d"
		},
		{
			"_id": "5c6687d65e9d882c8841f121",
			"_tpl": "557ffd194bdc2d28148b457f",
			"parentId": "5c6687d65e9d882c8841f0fd",
			"slotId": "Pockets"
		},
		{
			"_id": "5c6687d65e9d882c8841f0fc",
			"_tpl": "566abbc34bdc2d92178b4576"
		},
		{
			"_id": "5c6687d65e9d882c8841f0ff",
			"_tpl": "5963866b86f7747bfa1c4462"
		},
		{
			"_id": "5c6687d65e9d882c8841f0fe",
			"_tpl": "5963866286f7747bf429b572"
		},
		{
			"_id": "TacticalVest933106",
			"_tpl": "5d5d8ca986f7742798716522",
			"parentId": "5c6687d65e9d882c8841f0fd",
			"slotId": "TacticalVest"
		},
		{
			"_id": "I2132010361510069052LqHk",
			"_tpl": "5644bd2b4bdc2d3b4c8b4572",
			"parentId": "5c6687d65e9d882c8841f0fd",
			"slotId": "FirstPrimaryWeapon"
		},
		{
			"_id": "I2132010369517552656Ajxw",
			"_tpl": "59c6633186f7740cf0493bb9",
			"parentId": "I2132010361510069052LqHk",
			"slotId": "mod_gas_block"
		},
		{
			"_id": "I2132010367523081563uWuf",
			"_tpl": "5649aa744bdc2ded0b8b457e",
			"parentId": "I2132010361510069052LqHk",
			"slotId": "mod_muzzle"
		},
		{
			"_id": "I2132010362714491668EFX3",
			"_tpl": "5649ad3f4bdc2df8348b4585",
			"parentId": "I2132010361510069052LqHk",
			"slotId": "mod_pistol_grip"
		},
		{
			"_id": "I2132010363241754598YzuZ",
			"_tpl": "5649af094bdc2df8348b4586",
			"parentId": "I2132010361510069052LqHk",
			"slotId": "mod_reciever"
		},
		{
			"_id": "I2132010365450573154cyNZ",
			"_tpl": "5649b0544bdc2d1b2b8b458a",
			"parentId": "I2132010361510069052LqHk",
			"slotId": "mod_sight_rear",
			"upd": {
				"Sight": {
					"SelectedSightMode": 0
				}
			}
		},
		{
			"_id": "I2132010369673272242fClC",
			"_tpl": "5649b1c04bdc2d16268b457c",
			"parentId": "I2132010361510069052LqHk",
			"slotId": "mod_stock"
		},
		{
			"_id": "I2132010364231542353l3kV",
			"_tpl": "57acb6222459771ec34b5cb0",
			"parentId": "I2132010361510069052LqHk",
			"slotId": "mod_mount_000"
		},
		{
			"_id": "I2132010368905998969pZ18",
			"_tpl": "5648b4534bdc2d3d1c8b4580",
			"parentId": "I2132010369517552656Ajxw",
			"slotId": "mod_handguard"
		},
		{
			"_id": "I21320103663208361031o34",
			"_tpl": "570fd721d2720bc5458b4596",
			"parentId": "I2132010364231542353l3kV",
			"slotId": "mod_scope",
			"upd": {
				"Sight": {
					"SelectedSightMode": 0
				}
			}
		},
		{
			"_id": "I21320103648144385334OeL",
			"_tpl": "56def37dd2720bec348b456a",
			"parentId": "I2132010368905998969pZ18",
			"slotId": "mod_tactical_001",
			"upd": {
				"Light": {
					"IsActive": true,
					"SelectedMode": 0
				}
			}
		},
		{
			"_id": "mag1Vest907205",
			"_tpl": "5bed61680db834001d2c45ab",
			"parentId": "TacticalVest933106",
			"slotId": "3",
			"location": {
				"x": 0,
				"y": 0,
				"r": "Horizontal"
			}
		},
		{
			"_id": "AmmoMag1Vest953414",
			"_tpl": "56dfef82d2720bbd668b4567",
			"parentId": "mag1Vest907205",
			"slotId": "cartridges",
			"upd": {
				"StackObjectsCount": 30
			}
		},
		{
			"_id": "mag0Vest708903",
			"_tpl": "5bed61680db834001d2c45ab",
			"parentId": "TacticalVest933106",
			"slotId": "1",
			"location": {
				"x": 1,
				"y": 0,
				"r": "Horizontal"
			}
		},
		{
			"_id": "AmmoMag0Vest256520",
			"_tpl": "56dff061d2720bb5668b4567",
			"parentId": "mag0Vest708903",
			"slotId": "cartridges",
			"upd": {
				"StackObjectsCount": 30
			}
		},
		{
			"_id": "Scabbard563330",
			"_tpl": "57e26fc7245977162a14b800",
			"parentId": "5c6687d65e9d882c8841f0fd",
			"slotId": "Scabbard"
		},
		{
			"_id": "Headwear670823",
			"_tpl": "5aa2a7e8e5b5b00016327c16",
			"parentId": "5c6687d65e9d882c8841f0fd",
			"slotId": "Headwear"
		},
		{
			"_id": "Eyewear454529",
			"_tpl": "5b432be65acfc433000ed01f",
			"parentId": "5c6687d65e9d882c8841f0fd",
			"slotId": "Eyewear"
		},
		{
			"_id": "FaceCover931158",
			"_tpl": "59e7715586f7742ee5789605",
			"parentId": "5c6687d65e9d882c8841f0fd",
			"slotId": "FaceCover"
		},
		{
			"_id": "Backpack23238",
			"_tpl": "56e33634d2720bd8058b456b",
			"parentId": "5c6687d65e9d882c8841f0fd",
			"slotId": "Backpack"
		},
		{
			"_id": "BP_Backpack23238_538073",
			"_tpl": "5d1c774f86f7746d6620f8db",
			"parentId": "Backpack23238",
			"slotId": "main",
			"location": {
				"x": 0,
				"y": 0,
				"r": "Horizontal"
			}
		},
		{
			"_id": "BP_Backpack23238_712044",
			"_tpl": "5914578086f774123569ffa4",
			"parentId": "Backpack23238",
			"slotId": "main",
			"location": {
				"x": 0,
				"y": 1,
				"r": "Horizontal"
			}
		},
		{
			"_id": "BP_Backpack23238_896721",
			"_tpl": "5d40419286f774318526545f",
			"parentId": "Backpack23238",
			"slotId": "main",
			"location": {
				"x": 1,
				"y": 0,
				"r": "Horizontal"
			}
		},
		{
			"_id": "BP_Backpack23238_256009",
			"_tpl": "59e361e886f774176c10a2a5",
			"parentId": "Backpack23238",
			"slotId": "main",
			"location": {
				"x": 0,
				"y": 2,
				"r": "Horizontal"
			}
		},
		{
			"_id": "BP_Backpack23238_669557",
			"_tpl": "5b43575a86f77424f443fe62",
			"parentId": "Backpack23238",
			"slotId": "main",
			"location": {
				"x": 2,
				"y": 0,
				"r": "Horizontal"
			}
		},
		{
			"_id": "ArmorVest51713",
			"_tpl": "59e7635f86f7742cbf2c1095",
			"parentId": "5c6687d65e9d882c8841f0fd",
			"slotId": "ArmorVest",
			"upd": {
				"Repairable": {
					"MaxDurability": 40,
					"Durability": 5
				}
			}
		},
		{
			"_id": "Pocket_131046",
			"_tpl": "5b4335ba86f7744d2837a264",
			"parentId": "5c6687d65e9d882c8841f121",
			"slotId": "pocket1",
			"location": {
				"x": 0,
				"y": 0,
				"r": "Horizontal"
			},
			"upd": {
				"SpawnedInSession": true
			}
		},
		{
			"_id": "Pocket_349069",
			"_tpl": "59e3606886f77417674759a5",
			"parentId": "5c6687d65e9d882c8841f121",
			"slotId": "pocket2",
			"location": {
				"x": 0,
				"y": 0,
				"r": "Horizontal"
			},
			"upd": {
				"SpawnedInSession": true
			}
		}
	],
	"equipment": "5c6687d65e9d882c8841f0fd",
	"stash": "5c6687d65e9d882c8841f0fc",
	"questRaidItems": "5c6687d65e9d882c8841f0fe",
	"questStashItems": "5c6687d65e9d882c8841f0ff",
	"fastPanel": {}
}