{
	"items": [
		{
			"_id": "5dcb1dc5fb81105cd85c01f8",
			"_tpl": "55d7217a4bdc2d86028b456d"
		},
		{
			"_id": "5dcb1dc5fb81105cd85c0211",
			"_tpl": "5c07c60e0db834002330051f",
			"parentId": "5dcb1dc5fb81105cd85c01f8",
			"slotId": "FirstPrimaryWeapon",
			"upd": {
				"FireMode": {
					"FireMode": "single"
				}
			}
		},
		{
			"_id": "5dcb1dc5fb81105cd85c0212",
			"_tpl": "5c0e2ff6d174af02a1659d4a",
			"parentId": "5dcb1dc5fb81105cd85c0211",
			"slotId": "mod_pistol_grip"
		},
		{
			"_id": "5dcb1dc5fb81105cd85c0219",
			"_tpl": "5649be884bdc2d79388b4577",
			"parentId": "5dcb1dc5fb81105cd85c0211",
			"slotId": "mod_stock"
		},
		{
			"_id": "5dcb1dc5fb81105cd85c021a",
			"_tpl": "5c0faf68d174af02a96260b8",
			"parentId": "5dcb1dc5fb81105cd85c0211",
			"slotId": "mod_charge"
		},
		{
			"_id": "5dcb1dc5fb81105cd85c021b",
			"_tpl": "5c0e2f26d174af02a9625114",
			"parentId": "5dcb1dc5fb81105cd85c0211",
			"slotId": "mod_reciever"
		},
		{
			"_id": "5dcb1dc5fb81105cd85c021c",
			"_tpl": "5c0e2f94d174af029f650d56",
			"parentId": "5dcb1dc5fb81105cd85c021b",
			"slotId": "mod_barrel"
		},
		{
			"_id": "5dcb1dc5fb81105cd85c021d",
			"_tpl": "5ae30e795acfc408fb139a0b",
			"parentId": "5dcb1dc5fb81105cd85c021c",
			"slotId": "mod_gas_block"
		},
		{
			"_id": "5dcb1dc5fb81105cd85c021e",
			"_tpl": "5c0e2f5cd174af02a012cfc9",
			"parentId": "5dcb1dc5fb81105cd85c021b",
			"slotId": "mod_handguard"
		},
		{
			"_id": "5dcb1dc5fb81105cd85c021f",
			"_tpl": "584984812459776a704a82a6",
			"parentId": "5dcb1dc5fb81105cd85c021b",
			"slotId": "mod_scope"
		},
		{
			"_id": "5dcb1dc5fb81105cd85c0220",
			"_tpl": "55d5f46a4bdc2d1b198b4567",
			"parentId": "5dcb1dc5fb81105cd85c021b",
			"slotId": "mod_sight_rear"
		},
		{
			"_id": "5dcb1dc5fb81105cd85c0221",
			"_tpl": "55d4887d4bdc2d962f8b4570",
			"parentId": "5dcb1dc5fb81105cd85c0211",
			"slotId": "mod_magazine"
		},
		{
			"_id": "5dcb1dc5fb81105cd85c0222",
			"_tpl": "54527ac44bdc2d36668b4567",
			"parentId": "5dcb1dc5fb81105cd85c0221",
			"slotId": "cartridges",
			"upd": {
				"StackObjectsCount": 30
			}
		},
		{
			"_id": "5dcb1dc5fb81105cd85c0223",
			"_tpl": "557ffd194bdc2d28148b457f",
			"parentId": "5dcb1dc5fb81105cd85c01f8",
			"slotId": "Pockets"
		},
		{
			"_id": "5dcb1dc5fb81105cd85c023a",
			"_tpl": "5d1c774f86f7746d6620f8db",
			"parentId": "5dcb1dc5fb81105cd85c0223",
			"slotId": "pocket1",
			"location": {
				"x": 0,
				"y": 0,
				"r": 0
			}
		},
		{
			"_id": "5dcb1dc5fb81105cd85c023b",
			"_tpl": "5751435d24597720a27126d1",
			"parentId": "5dcb1dc5fb81105cd85c0223",
			"slotId": "pocket2",
			"location": {
				"x": 0,
				"y": 0,
				"r": 0
			},
			"upd": {
				"FoodDrink": {
					"HpPercent": 1
				}
			}
		},
		{
			"_id": "5dcb1dc5fb81105cd85c0224",
			"_tpl": "5ab8dab586f77441cd04f2a2",
			"parentId": "5dcb1dc5fb81105cd85c01f8",
			"slotId": "TacticalVest"
		},
		{
			"_id": "5dcb1dc5fb81105cd85c0232",
			"_tpl": "55d4887d4bdc2d962f8b4570",
			"parentId": "5dcb1dc5fb81105cd85c0224",
			"slotId": "1",
			"location": {
				"x": 0,
				"y": 0,
				"r": 0
			}
		},
		{
			"_id": "5dcb1dc5fb81105cd85c0233",
			"_tpl": "54527ac44bdc2d36668b4567",
			"parentId": "5dcb1dc5fb81105cd85c0232",
			"slotId": "cartridges",
			"upd": {
				"StackObjectsCount": 30
			}
		},
		{
			"_id": "5dcb1dc5fb81105cd85c0234",
			"_tpl": "55d4887d4bdc2d962f8b4570",
			"parentId": "5dcb1dc5fb81105cd85c0224",
			"slotId": "2",
			"location": {
				"x": 0,
				"y": 0,
				"r": 0
			}
		},
		{
			"_id": "5dcb1dc5fb81105cd85c0235",
			"_tpl": "54527ac44bdc2d36668b4567",
			"parentId": "5dcb1dc5fb81105cd85c0234",
			"slotId": "cartridges",
			"upd": {
				"StackObjectsCount": 30
			}
		},
		{
			"_id": "5dcb1dc5fb81105cd85c0236",
			"_tpl": "55d4887d4bdc2d962f8b4570",
			"parentId": "5dcb1dc5fb81105cd85c0224",
			"slotId": "3",
			"location": {
				"x": 0,
				"y": 0,
				"r": 0
			}
		},
		{
			"_id": "5dcb1dc5fb81105cd85c0237",
			"_tpl": "54527ac44bdc2d36668b4567",
			"parentId": "5dcb1dc5fb81105cd85c0236",
			"slotId": "cartridges",
			"upd": {
				"StackObjectsCount": 30
			}
		},
		{
			"_id": "5dcb1dc5fb81105cd85c0225",
			"_tpl": "5b432f3d5acfc4704b4a1dfb",
			"parentId": "5dcb1dc5fb81105cd85c01f8",
			"slotId": "FaceCover"
		},
		{
			"_id": "5dcb1dc5fb81105cd85c0226",
			"_tpl": "5aa2a7e8e5b5b00016327c16",
			"parentId": "5dcb1dc5fb81105cd85c01f8",
			"slotId": "Headwear"
		},
		{
			"_id": "5dcb1dc5fb81105cd85c0227",
			"_tpl": "544a5cde4bdc2d39388b456b",
			"parentId": "5dcb1dc5fb81105cd85c01f8",
			"slotId": "Backpack"
		},
		{
			"_id": "5dcb1dc5fb81105cd85c023c",
			"_tpl": "591ae8f986f77406f854be45",
			"parentId": "5dcb1dc5fb81105cd85c0227",
			"slotId": "main",
			"location": {
				"x": 0,
				"y": 0,
				"r": 0
			}
		},
		{
			"_id": "5dcb1dc5fb81105cd85c0228",
			"_tpl": "5857a8bc2459772bad15db29",
			"parentId": "5dcb1dc5fb81105cd85c01f8",
			"slotId": "SecuredContainer"
		},
		{
			"_id": "5dcb1dc5fb81105cd85c0229",
			"_tpl": "54527ac44bdc2d36668b4567",
			"parentId": "5dcb1dc5fb81105cd85c0228",
			"slotId": "main",
			"location": {
				"x": 0,
				"y": 0,
				"r": 0
			},
			"upd": {
				"StackObjectsCount": 60
			}
		},
		{
			"_id": "5dcb1dc5fb81105cd85c022a",
			"_tpl": "54527ac44bdc2d36668b4567",
			"parentId": "5dcb1dc5fb81105cd85c0228",
			"slotId": "main",
			"location": {
				"x": 1,
				"y": 0,
				"r": 0
			},
			"upd": {
				"StackObjectsCount": 60
			}
		},
		{
			"_id": "5dcb1dc5fb81105cd85c022b",
			"_tpl": "54527ac44bdc2d36668b4567",
			"parentId": "5dcb1dc5fb81105cd85c0228",
			"slotId": "main",
			"location": {
				"x": 2,
				"y": 0,
				"r": 0
			},
			"upd": {
				"StackObjectsCount": 60
			}
		},
		{
			"_id": "5dcb1dc5fb81105cd85c022c",
			"_tpl": "54527ac44bdc2d36668b4567",
			"parentId": "5dcb1dc5fb81105cd85c0228",
			"slotId": "main",
			"location": {
				"x": 0,
				"y": 1,
				"r": 0
			},
			"upd": {
				"StackObjectsCount": 60
			}
		},
		{
			"_id": "5dcb1dc5fb81105cd85c022d",
			"_tpl": "54527ac44bdc2d36668b4567",
			"parentId": "5dcb1dc5fb81105cd85c0228",
			"slotId": "main",
			"location": {
				"x": 1,
				"y": 1,
				"r": 0
			},
			"upd": {
				"StackObjectsCount": 60
			}
		},
		{
			"_id": "5dcb1dc5fb81105cd85c022e",
			"_tpl": "54527ac44bdc2d36668b4567",
			"parentId": "5dcb1dc5fb81105cd85c0228",
			"slotId": "main",
			"location": {
				"x": 2,
				"y": 1,
				"r": 0
			},
			"upd": {
				"StackObjectsCount": 60
			}
		},
		{
			"_id": "5dcb1dc5fb81105cd85c022f",
			"_tpl": "54527ac44bdc2d36668b4567",
			"parentId": "5dcb1dc5fb81105cd85c0228",
			"slotId": "main",
			"location": {
				"x": 0,
				"y": 2,
				"r": 0
			},
			"upd": {
				"StackObjectsCount": 60
			}
		},
		{
			"_id": "5dcb1dc5fb81105cd85c0230",
			"_tpl": "54527ac44bdc2d36668b4567",
			"parentId": "5dcb1dc5fb81105cd85c0228",
			"slotId": "main",
			"location": {
				"x": 1,
				"y": 2,
				"r": 0
			},
			"upd": {
				"StackObjectsCount": 60
			}
		},
		{
			"_id": "5dcb1dc5fb81105cd85c0231",
			"_tpl": "54527ac44bdc2d36668b4567",
			"parentId": "5dcb1dc5fb81105cd85c0228",
			"slotId": "main",
			"location": {
				"x": 2,
				"y": 2,
				"r": 0
			},
			"upd": {
				"StackObjectsCount": 60
			}
		},
		{
			"_id": "5dcb1dc5fb81105cd85c01f7",
			"_tpl": "566abbc34bdc2d92178b4576"
		},
		{
			"_id": "5dcb1dc5fb81105cd85c01fa",
			"_tpl": "5963866b86f7747bfa1c4462"
		},
		{
			"_id": "5dcb1dc5fb81105cd85c01f9",
			"_tpl": "5963866286f7747bf429b572"
		}
	],
	"equipment": "5dcb1dc5fb81105cd85c01f8",
	"stash": "5dcb1dc5fb81105cd85c01f7",
	"questRaidItems": "5dcb1dc5fb81105cd85c01f9",
	"questStashItems": "5dcb1dc5fb81105cd85c01fa",
	"fastPanel": {}
}