{
	"items": [
		{
			"_id": "5c6687d65e9d882c8841f0fd",
			"_tpl": "55d7217a4bdc2d86028b456d"
		},
		{
			"_id": "5c6687d65e9d882c8841f121",
			"_tpl": "557ffd194bdc2d28148b457f",
			"parentId": "5c6687d65e9d882c8841f0fd",
			"slotId": "Pockets"
		},
		{
			"_id": "5c6687d65e9d882c8841f0fc",
			"_tpl": "566abbc34bdc2d92178b4576"
		},
		{
			"_id": "5c6687d65e9d882c8841f0ff",
			"_tpl": "5963866b86f7747bfa1c4462"
		},
		{
			"_id": "5c6687d65e9d882c8841f0fe",
			"_tpl": "5963866286f7747bf429b572"
		},
		{
			"_id": "TacticalVest484910",
			"_tpl": "5d5d8ca986f7742798716522",
			"parentId": "5c6687d65e9d882c8841f0fd",
			"slotId": "TacticalVest"
		},
		{
			"_id": "I210057436689902067bx4in",
			"_tpl": "59f9cabd86f7743a10721f46",
			"parentId": "5c6687d65e9d882c8841f0fd",
			"slotId": "FirstPrimaryWeapon"
		},
		{
			"_id": "I210057433849999950cMP74",
			"_tpl": "5998517986f7746017232f7e",
			"parentId": "I210057436689902067bx4in",
			"slotId": "mod_pistol_grip"
		},
		{
			"_id": "I2100574353636884021meXn",
			"_tpl": "599860e986f7743bb57573a6",
			"parentId": "I210057436689902067bx4in",
			"slotId": "mod_sight_rear",
			"upd": {
				"Sight": {
					"SelectedSightMode": 0
				}
			}
		},
		{
			"_id": "I210057437656156477gNu2t",
			"_tpl": "59ccd11386f77428f24a488f",
			"parentId": "I210057436689902067bx4in",
			"slotId": "mod_gas_block"
		},
		{
			"_id": "I210057431550024962rJXf2",
			"_tpl": "5648b1504bdc2d9d488b4584",
			"parentId": "I210057437656156477gNu2t",
			"slotId": "mod_handguard"
		},
		{
			"_id": "mag0Vest587541",
			"_tpl": "599860ac86f77436b225ed1a",
			"parentId": "TacticalVest484910",
			"slotId": "2",
			"location": {
				"x": 0,
				"y": 0,
				"r": "Horizontal"
			}
		},
		{
			"_id": "AmmoMag0Vest811182",
			"_tpl": "5a3c16fe86f77452b62de32a",
			"parentId": "mag0Vest587541",
			"slotId": "cartridges",
			"upd": {
				"StackObjectsCount": 30
			}
		},
		{
			"_id": "Scabbard234660",
			"_tpl": "54491bb74bdc2d09088b4567",
			"parentId": "5c6687d65e9d882c8841f0fd",
			"slotId": "Scabbard"
		},
		{
			"_id": "Headwear516842",
			"_tpl": "5aa2b8d7e5b5b00014028f4a",
			"parentId": "5c6687d65e9d882c8841f0fd",
			"slotId": "Headwear"
		},
		{
			"_id": "Eyewear967553",
			"_tpl": "5d5fca1ea4b93635fd598c07",
			"parentId": "5c6687d65e9d882c8841f0fd",
			"slotId": "Eyewear"
		},
		{
			"_id": "FaceCover518270",
			"_tpl": "572b7fa524597762b747ce82",
			"parentId": "5c6687d65e9d882c8841f0fd",
			"slotId": "FaceCover"
		},
		{
			"_id": "Backpack872034",
			"_tpl": "56e33634d2720bd8058b456b",
			"parentId": "5c6687d65e9d882c8841f0fd",
			"slotId": "Backpack"
		},
		{
			"_id": "BP_Backpack872034_667327",
			"_tpl": "590a3c0a86f774385a33c450",
			"parentId": "Backpack872034",
			"slotId": "main",
			"location": {
				"x": 0,
				"y": 0,
				"r": "Horizontal"
			}
		},
		{
			"_id": "BP_Backpack872034_213303",
			"_tpl": "590a3cd386f77436f20848cb",
			"parentId": "Backpack872034",
			"slotId": "main",
			"location": {
				"x": 0,
				"y": 1,
				"r": "Horizontal"
			}
		},
		{
			"_id": "BP_Backpack872034_116645",
			"_tpl": "575146b724597720a27126d5",
			"parentId": "Backpack872034",
			"slotId": "main",
			"location": {
				"x": 1,
				"y": 0,
				"r": "Horizontal"
			}
		},
		{
			"_id": "BP_Backpack872034_699058",
			"_tpl": "5d1b31ce86f7742523398394",
			"parentId": "Backpack872034",
			"slotId": "main",
			"location": {
				"x": 0,
				"y": 2,
				"r": "Horizontal"
			}
		},
		{
			"_id": "BP_Backpack872034_548582",
			"_tpl": "5c12620d86f7743f8b198b72",
			"parentId": "Backpack872034",
			"slotId": "main",
			"location": {
				"x": 2,
				"y": 0,
				"r": "Horizontal"
			}
		},
		{
			"_id": "BP_Backpack872034_171314",
			"_tpl": "5c12620d86f7743f8b198b72",
			"parentId": "Backpack872034",
			"slotId": "main",
			"location": {
				"x": 3,
				"y": 0,
				"r": "Horizontal"
			}
		},
		{
			"_id": "BP_Backpack872034_943425",
			"_tpl": "5734758f24597738025ee253",
			"parentId": "Backpack872034",
			"slotId": "main",
			"location": {
				"x": 1,
				"y": 2,
				"r": "Horizontal"
			}
		},
		{
			"_id": "Pocket_582063",
			"_tpl": "5734773724597737fd047c14",
			"parentId": "5c6687d65e9d882c8841f121",
			"slotId": "pocket1",
			"location": {
				"x": 0,
				"y": 0,
				"r": "Horizontal"
			},
			"upd": {
				"SpawnedInSession": true
			}
		},
		{
			"_id": "Pocket_733624",
			"_tpl": "5d1b313086f77425227d1678",
			"parentId": "5c6687d65e9d882c8841f121",
			"slotId": "pocket2",
			"location": {
				"x": 0,
				"y": 0,
				"r": "Horizontal"
			},
			"upd": {
				"SpawnedInSession": true
			}
		}
	],
	"equipment": "5c6687d65e9d882c8841f0fd",
	"stash": "5c6687d65e9d882c8841f0fc",
	"questRaidItems": "5c6687d65e9d882c8841f0fe",
	"questStashItems": "5c6687d65e9d882c8841f0ff",
	"fastPanel": {}
}