{
	"items": [
		{
			"_id": "5dcb1dc4fb81105cd85bf2b0",
			"_tpl": "55d7217a4bdc2d86028b456d"
		},
		{
			"_id": "5dcb1dc4fb81105cd85bf2da",
			"_tpl": "59e6152586f77473dc057aa1",
			"parentId": "5dcb1dc4fb81105cd85bf2b0",
			"slotId": "FirstPrimaryWeapon"
		},
		{
			"_id": "5dcb1dc4fb81105cd85bf2db",
			"_tpl": "59e649f986f77411d949b246",
			"parentId": "5dcb1dc4fb81105cd85bf2da",
			"slotId": "mod_gas_block"
		},
		{
			"_id": "5dcb1dc4fb81105cd85bf2dc",
			"_tpl": "59e6284f86f77440d569536f",
			"parentId": "5dcb1dc4fb81105cd85bf2db",
			"slotId": "mod_handguard"
		},
		{
			"_id": "5dcb1dc4fb81105cd85bf2dd",
			"_tpl": "59e6318286f77444dd62c4cc",
			"parentId": "5dcb1dc4fb81105cd85bf2da",
			"slotId": "mod_pistol_grip"
		},
		{
			"_id": "5dcb1dc4fb81105cd85bf2de",
			"_tpl": "59d6507c86f7741b846413a2",
			"parentId": "5dcb1dc4fb81105cd85bf2da",
			"slotId": "mod_reciever"
		},
		{
			"_id": "5dcb1dc4fb81105cd85bf2df",
			"_tpl": "59d650cf86f7741b846413a4",
			"parentId": "5dcb1dc4fb81105cd85bf2da",
			"slotId": "mod_sight_rear"
		},
		{
			"_id": "5dcb1dc4fb81105cd85bf2e0",
			"_tpl": "59e89d0986f77427600d226e",
			"parentId": "5dcb1dc4fb81105cd85bf2da",
			"slotId": "mod_stock"
		},
		{
			"_id": "5dcb1dc4fb81105cd85bf2e1",
			"_tpl": "59e5d83b86f7745aed03d262",
			"parentId": "5dcb1dc4fb81105cd85bf2da",
			"slotId": "mod_magazine"
		},
		{
			"_id": "5dcb1dc4fb81105cd85bf2e2",
			"_tpl": "5656d7c34bdc2d9d198b4587",
			"parentId": "5dcb1dc4fb81105cd85bf2e1",
			"slotId": "cartridges",
			"upd": {
				"StackObjectsCount": 10
			}
		},
		{
			"_id": "5dcb1dc4fb81105cd85bf2e3",
			"_tpl": "5656d7c34bdc2d9d198b4587",
			"parentId": "5dcb1dc4fb81105cd85bf2da",
			"slotId": "patron_in_weapon",
			"upd": {
				"StackObjectsCount": 1
			}
		},
		{
			"_id": "5dcb1dc4fb81105cd85bf2e4",
			"_tpl": "557ffd194bdc2d28148b457f",
			"parentId": "5dcb1dc4fb81105cd85bf2b0",
			"slotId": "Pockets"
		},
		{
			"_id": "5dcb1dc4fb81105cd85bf2fa",
			"_tpl": "56742c284bdc2d98058b456d",
			"parentId": "5dcb1dc4fb81105cd85bf2e4",
			"slotId": "pocket1",
			"location": {
				"x": 0,
				"y": 0,
				"r": 0
			}
		},
		{
			"_id": "5dcb1dc4fb81105cd85bf2fb",
			"_tpl": "544fb6cc4bdc2d34748b456e",
			"parentId": "5dcb1dc4fb81105cd85bf2e4",
			"slotId": "pocket2",
			"location": {
				"x": 0,
				"y": 0,
				"r": 0
			}
		},
		{
			"_id": "5dcb1dc4fb81105cd85bf2fc",
			"_tpl": "5449016a4bdc2d6f028b456f",
			"parentId": "5dcb1dc4fb81105cd85bf2e4",
			"slotId": "pocket3",
			"location": {
				"x": 0,
				"y": 0,
				"r": 0
			},
			"upd": {
				"StackObjectsCount": 10000
			}
		},
		{
			"_id": "5dcb1dc4fb81105cd85bf2e5",
			"_tpl": "5929a2a086f7744f4b234d43",
			"parentId": "5dcb1dc4fb81105cd85bf2b0",
			"slotId": "TacticalVest"
		},
		{
			"_id": "5dcb1dc4fb81105cd85bf2f4",
			"_tpl": "59e5d83b86f7745aed03d262",
			"parentId": "5dcb1dc4fb81105cd85bf2e5",
			"slotId": "1",
			"location": {
				"x": 0,
				"y": 0,
				"r": 0
			}
		},
		{
			"_id": "5dcb1dc4fb81105cd85bf2f5",
			"_tpl": "5656d7c34bdc2d9d198b4587",
			"parentId": "5dcb1dc4fb81105cd85bf2f4",
			"slotId": "cartridges",
			"upd": {
				"StackObjectsCount": 10
			}
		},
		{
			"_id": "5dcb1dc4fb81105cd85bf2f6",
			"_tpl": "59e5d83b86f7745aed03d262",
			"parentId": "5dcb1dc4fb81105cd85bf2e5",
			"slotId": "2",
			"location": {
				"x": 0,
				"y": 0,
				"r": 0
			}
		},
		{
			"_id": "5dcb1dc4fb81105cd85bf2f7",
			"_tpl": "5656d7c34bdc2d9d198b4587",
			"parentId": "5dcb1dc4fb81105cd85bf2f6",
			"slotId": "cartridges",
			"upd": {
				"StackObjectsCount": 10
			}
		},
		{
			"_id": "5dcb1dc4fb81105cd85bf2e6",
			"_tpl": "5aa2b9aee5b5b00015693121",
			"parentId": "5dcb1dc4fb81105cd85bf2b0",
			"slotId": "Eyewear"
		},
		{
			"_id": "5dcb1dc4fb81105cd85bf2e7",
			"_tpl": "572b7fa524597762b747ce82",
			"parentId": "5dcb1dc4fb81105cd85bf2b0",
			"slotId": "FaceCover"
		},
		{
			"_id": "5dcb1dc4fb81105cd85bf2e8",
			"_tpl": "572b7fa124597762b472f9d2",
			"parentId": "5dcb1dc4fb81105cd85bf2b0",
			"slotId": "Headwear"
		},
		{
			"_id": "5dcb1dc4fb81105cd85bf2e9",
			"_tpl": "5c0e5edb86f77461f55ed1f7",
			"parentId": "5dcb1dc4fb81105cd85bf2b0",
			"slotId": "ArmorVest",
			"upd": {
				"Repairable": {
					"Durability": 25
				}
			}
		},
		{
			"_id": "5dcb1dc4fb81105cd85bf2ea",
			"_tpl": "5857a8bc2459772bad15db29",
			"parentId": "5dcb1dc4fb81105cd85bf2b0",
			"slotId": "SecuredContainer"
		},
		{
			"_id": "5dcb1dc4fb81105cd85bf2eb",
			"_tpl": "5656d7c34bdc2d9d198b4587",
			"parentId": "5dcb1dc4fb81105cd85bf2ea",
			"slotId": "main",
			"location": {
				"x": 0,
				"y": 0,
				"r": 0
			},
			"upd": {
				"StackObjectsCount": 60
			}
		},
		{
			"_id": "5dcb1dc4fb81105cd85bf2ec",
			"_tpl": "5656d7c34bdc2d9d198b4587",
			"parentId": "5dcb1dc4fb81105cd85bf2ea",
			"slotId": "main",
			"location": {
				"x": 1,
				"y": 0,
				"r": 0
			},
			"upd": {
				"StackObjectsCount": 60
			}
		},
		{
			"_id": "5dcb1dc4fb81105cd85bf2ed",
			"_tpl": "5656d7c34bdc2d9d198b4587",
			"parentId": "5dcb1dc4fb81105cd85bf2ea",
			"slotId": "main",
			"location": {
				"x": 2,
				"y": 0,
				"r": 0
			},
			"upd": {
				"StackObjectsCount": 60
			}
		},
		{
			"_id": "5dcb1dc4fb81105cd85bf2ee",
			"_tpl": "5656d7c34bdc2d9d198b4587",
			"parentId": "5dcb1dc4fb81105cd85bf2ea",
			"slotId": "main",
			"location": {
				"x": 0,
				"y": 1,
				"r": 0
			},
			"upd": {
				"StackObjectsCount": 60
			}
		},
		{
			"_id": "5dcb1dc4fb81105cd85bf2ef",
			"_tpl": "5656d7c34bdc2d9d198b4587",
			"parentId": "5dcb1dc4fb81105cd85bf2ea",
			"slotId": "main",
			"location": {
				"x": 1,
				"y": 1,
				"r": 0
			},
			"upd": {
				"StackObjectsCount": 60
			}
		},
		{
			"_id": "5dcb1dc4fb81105cd85bf2f0",
			"_tpl": "5656d7c34bdc2d9d198b4587",
			"parentId": "5dcb1dc4fb81105cd85bf2ea",
			"slotId": "main",
			"location": {
				"x": 2,
				"y": 1,
				"r": 0
			},
			"upd": {
				"StackObjectsCount": 60
			}
		},
		{
			"_id": "5dcb1dc4fb81105cd85bf2f1",
			"_tpl": "5656d7c34bdc2d9d198b4587",
			"parentId": "5dcb1dc4fb81105cd85bf2ea",
			"slotId": "main",
			"location": {
				"x": 0,
				"y": 2,
				"r": 0
			},
			"upd": {
				"StackObjectsCount": 60
			}
		},
		{
			"_id": "5dcb1dc4fb81105cd85bf2f2",
			"_tpl": "5656d7c34bdc2d9d198b4587",
			"parentId": "5dcb1dc4fb81105cd85bf2ea",
			"slotId": "main",
			"location": {
				"x": 1,
				"y": 2,
				"r": 0
			},
			"upd": {
				"StackObjectsCount": 60
			}
		},
		{
			"_id": "5dcb1dc4fb81105cd85bf2f3",
			"_tpl": "5656d7c34bdc2d9d198b4587",
			"parentId": "5dcb1dc4fb81105cd85bf2ea",
			"slotId": "main",
			"location": {
				"x": 2,
				"y": 2,
				"r": 0
			},
			"upd": {
				"StackObjectsCount": 60
			}
		},
		{
			"_id": "5dcb1dc4fb81105cd85bf2af",
			"_tpl": "566abbc34bdc2d92178b4576"
		},
		{
			"_id": "5dcb1dc4fb81105cd85bf2b2",
			"_tpl": "5963866b86f7747bfa1c4462"
		},
		{
			"_id": "5dcb1dc4fb81105cd85bf2b1",
			"_tpl": "5963866286f7747bf429b572"
		}
	],
	"equipment": "5dcb1dc4fb81105cd85bf2b0",
	"stash": "5dcb1dc4fb81105cd85bf2af",
	"questRaidItems": "5dcb1dc4fb81105cd85bf2b1",
	"questStashItems": "5dcb1dc4fb81105cd85bf2b2",
	"fastPanel": {}
}