{
	"items": [
		{
			"_id": "5c6687d65e9d882c8841f0fd",
			"_tpl": "55d7217a4bdc2d86028b456d"
		},
		{
			"_id": "5c6687d65e9d882c8841f121",
			"_tpl": "557ffd194bdc2d28148b457f",
			"parentId": "5c6687d65e9d882c8841f0fd",
			"slotId": "Pockets"
		},
		{
			"_id": "5c6687d65e9d882c8841f0fc",
			"_tpl": "566abbc34bdc2d92178b4576"
		},
		{
			"_id": "5c6687d65e9d882c8841f0ff",
			"_tpl": "5963866b86f7747bfa1c4462"
		},
		{
			"_id": "5c6687d65e9d882c8841f0fe",
			"_tpl": "5963866286f7747bf429b572"
		},
		{
			"_id": "TacticalVest582104",
			"_tpl": "5929a2a086f7744f4b234d43",
			"parentId": "5c6687d65e9d882c8841f0fd",
			"slotId": "TacticalVest"
		},
		{
			"_id": "I210015284016300659rnhJU",
			"_tpl": "59f9cabd86f7743a10721f46",
			"parentId": "5c6687d65e9d882c8841f0fd",
			"slotId": "FirstPrimaryWeapon"
		},
		{
			"_id": "I2100152895663463528MyYf",
			"_tpl": "5998517986f7746017232f7e",
			"parentId": "I210015284016300659rnhJU",
			"slotId": "mod_pistol_grip"
		},
		{
			"_id": "I210015285590848988P5QKp",
			"_tpl": "599851db86f77467372f0a18",
			"parentId": "I210015284016300659rnhJU",
			"slotId": "mod_stock"
		},
		{
			"_id": "MagazineWeaponScav1365",
			"_tpl": "5998529a86f774647f44f421",
			"parentId": "I210015284016300659rnhJU",
			"slotId": "mod_magazine"
		},
		{
			"_id": "AmmoMag13624",
			"_tpl": "5c3df7d588a4501f290594e5",
			"parentId": "MagazineWeaponScav1365",
			"slotId": "cartridges",
			"upd": {
				"StackObjectsCount": 10
			}
		},
		{
			"_id": "I210015282469640139xDtN6",
			"_tpl": "5998598e86f7740b3f498a86",
			"parentId": "I210015284016300659rnhJU",
			"slotId": "mod_muzzle"
		},
		{
			"_id": "I210015288071579754emPzf",
			"_tpl": "59985a8086f77414ec448d1a",
			"parentId": "I210015284016300659rnhJU",
			"slotId": "mod_reciever"
		},
		{
			"_id": "I210015282869006577yIjOa",
			"_tpl": "599860e986f7743bb57573a6",
			"parentId": "I210015284016300659rnhJU",
			"slotId": "mod_sight_rear",
			"upd": {
				"Sight": {
					"SelectedSightMode": 0
				}
			}
		},
		{
			"_id": "I210015283076588120Xl9Cd",
			"_tpl": "59ccd11386f77428f24a488f",
			"parentId": "I210015284016300659rnhJU",
			"slotId": "mod_gas_block"
		},
		{
			"_id": "I210015284468175723PcXyu",
			"_tpl": "5648b1504bdc2d9d488b4584",
			"parentId": "I210015283076588120Xl9Cd",
			"slotId": "mod_handguard"
		},
		{
			"_id": "mag1Vest812390",
			"_tpl": "5c0673fb0db8340023300271",
			"parentId": "TacticalVest582104",
			"slotId": "4",
			"location": {
				"x": 0,
				"y": 0,
				"r": "Horizontal"
			}
		},
		{
			"_id": "AmmoMag1Vest95283",
			"_tpl": "58864a4f2459770fcc257101",
			"parentId": "mag1Vest812390",
			"slotId": "cartridges",
			"upd": {
				"StackObjectsCount": 20
			}
		},
		{
			"_id": "StackAmmo14588766310",
			"_tpl": "5c0d56a986f774449d5de529",
			"parentId": "TacticalVest582104",
			"slotId": "1",
			"upd": {
				"StackObjectsCount": 30
			}
		},
		{
			"_id": "StackAmmo54694678310",
			"_tpl": "58864a4f2459770fcc257101",
			"parentId": "TacticalVest582104",
			"slotId": "8",
			"upd": {
				"StackObjectsCount": 33
			}
		},
		{
			"_id": "Scabbard626031",
			"_tpl": "5bffdc370db834001d23eca8",
			"parentId": "5c6687d65e9d882c8841f0fd",
			"slotId": "Scabbard"
		},
		{
			"_id": "Headwear885808",
			"_tpl": "5c1a1e3f2e221602b66cc4c2",
			"parentId": "5c6687d65e9d882c8841f0fd",
			"slotId": "Headwear"
		},
		{
			"_id": "FaceCover77773",
			"_tpl": "572b7f1624597762ae139822",
			"parentId": "5c6687d65e9d882c8841f0fd",
			"slotId": "FaceCover"
		},
		{
			"_id": "Backpack882138",
			"_tpl": "544a5cde4bdc2d39388b456b",
			"parentId": "5c6687d65e9d882c8841f0fd",
			"slotId": "Backpack"
		},
		{
			"_id": "BP_Backpack882138_103768",
			"_tpl": "5af0561e86f7745f5f3ad6ac",
			"parentId": "Backpack882138",
			"slotId": "main",
			"location": {
				"x": 0,
				"y": 0,
				"r": "Horizontal"
			}
		},
		{
			"_id": "BP_Backpack882138_361938",
			"_tpl": "5d4042a986f7743185265463",
			"parentId": "Backpack882138",
			"slotId": "main",
			"location": {
				"x": 0,
				"y": 1,
				"r": "Horizontal"
			}
		},
		{
			"_id": "BP_Backpack882138_842797",
			"_tpl": "5d1c774f86f7746d6620f8db",
			"parentId": "Backpack882138",
			"slotId": "main",
			"location": {
				"x": 0,
				"y": 3,
				"r": "Horizontal"
			}
		},
		{
			"_id": "BP_Backpack882138_499942",
			"_tpl": "5d1b39a386f774252339976f",
			"parentId": "Backpack882138",
			"slotId": "main",
			"location": {
				"x": 1,
				"y": 0,
				"r": "Horizontal"
			}
		},
		{
			"_id": "BP_Backpack882138_717405",
			"_tpl": "5913611c86f77479e0084092",
			"parentId": "Backpack882138",
			"slotId": "main",
			"location": {
				"x": 1,
				"y": 1,
				"r": "Horizontal"
			}
		},
		{
			"_id": "ArmorVest264490",
			"_tpl": "59e7635f86f7742cbf2c1095",
			"parentId": "5c6687d65e9d882c8841f0fd",
			"slotId": "ArmorVest",
			"upd": {
				"Repairable": {
					"MaxDurability": 40,
					"Durability": 39
				}
			}
		},
		{
			"_id": "Pocket_111783",
			"_tpl": "5d8e3ecc86f774414c78d05e",
			"parentId": "5c6687d65e9d882c8841f121",
			"slotId": "pocket1",
			"location": {
				"x": 0,
				"y": 0,
				"r": "Horizontal"
			},
			"upd": {
				"SpawnedInSession": true
			}
		},
		{
			"_id": "Pocket_537156",
			"_tpl": "59e3577886f774176a362503",
			"parentId": "5c6687d65e9d882c8841f121",
			"slotId": "pocket2",
			"location": {
				"x": 0,
				"y": 0,
				"r": "Horizontal"
			},
			"upd": {
				"SpawnedInSession": true
			}
		}
	],
	"equipment": "5c6687d65e9d882c8841f0fd",
	"stash": "5c6687d65e9d882c8841f0fc",
	"questRaidItems": "5c6687d65e9d882c8841f0fe",
	"questStashItems": "5c6687d65e9d882c8841f0ff",
	"fastPanel": {}
}