{
	"items": [
		{
			"_id": "5dcb1de5d7ed5e035c438ba2",
			"_tpl": "55d7217a4bdc2d86028b456d"
		},
		{
			"_id": "5dcb1de5d7ed5e035c438bcf",
			"_tpl": "587e02ff24597743df3deaeb",
			"parentId": "5dcb1de5d7ed5e035c438ba2",
			"slotId": "FirstPrimaryWeapon"
		},
		{
			"_id": "5dcb1de5d7ed5e035c438bd0",
			"_tpl": "587e0531245977466077a0f7",
			"parentId": "5dcb1de5d7ed5e035c438bcf",
			"slotId": "mod_stock"
		},
		{
			"_id": "5dcb1de5d7ed5e035c438bd1",
			"_tpl": "587df3a12459772c28142567",
			"parentId": "5dcb1de5d7ed5e035c438bcf",
			"slotId": "mod_magazine"
		},
		{
			"_id": "5dcb1de5d7ed5e035c438bd2",
			"_tpl": "5656d7c34bdc2d9d198b4587",
			"parentId": "5dcb1de5d7ed5e035c438bd1",
			"slotId": "cartridges",
			"upd": {
				"StackObjectsCount": 10
			}
		},
		{
			"_id": "5dcb1de5d7ed5e035c438bd3",
			"_tpl": "5656d7c34bdc2d9d198b4587",
			"parentId": "5dcb1de5d7ed5e035c438bcf",
			"slotId": "patron_in_weapon",
			"upd": {
				"StackObjectsCount": 1
			}
		},
		{
			"_id": "5dcb1de5d7ed5e035c438bd4",
			"_tpl": "557ffd194bdc2d28148b457f",
			"parentId": "5dcb1de5d7ed5e035c438ba2",
			"slotId": "Pockets"
		},
		{
			"_id": "5dcb1de5d7ed5e035c438be8",
			"_tpl": "544fb25a4bdc2dfb738b4567",
			"parentId": "5dcb1de5d7ed5e035c438bd4",
			"slotId": "pocket1",
			"location": {
				"x": 0,
				"y": 0,
				"r": 0
			}
		},
		{
			"_id": "5dcb1de5d7ed5e035c438bd5",
			"_tpl": "5c0e446786f7742013381639",
			"parentId": "5dcb1de5d7ed5e035c438ba2",
			"slotId": "TacticalVest"
		},
		{
			"_id": "5dcb1de5d7ed5e035c438be5",
			"_tpl": "5656d7c34bdc2d9d198b4587",
			"parentId": "5dcb1de5d7ed5e035c438bd5",
			"slotId": "1",
			"location": {
				"x": 0,
				"y": 0,
				"r": 0
			},
			"upd": {
				"StackObjectsCount": 33
			}
		},
		{
			"_id": "5dcb1de5d7ed5e035c438be6",
			"_tpl": "5656d7c34bdc2d9d198b4587",
			"parentId": "5dcb1de5d7ed5e035c438bd5",
			"slotId": "1",
			"location": {
				"x": 0,
				"y": 1,
				"r": 0
			},
			"upd": {
				"StackObjectsCount": 43
			}
		},
		{
			"_id": "5dcb1de5d7ed5e035c438bd6",
			"_tpl": "59e770b986f7742cbd762754",
			"parentId": "5dcb1de5d7ed5e035c438ba2",
			"slotId": "Eyewear"
		},
		{
			"_id": "5dcb1de5d7ed5e035c438bd7",
			"_tpl": "59e7715586f7742ee5789605",
			"parentId": "5dcb1de5d7ed5e035c438ba2",
			"slotId": "FaceCover"
		},
		{
			"_id": "5dcb1de5d7ed5e035c438bd8",
			"_tpl": "5aa2b9ede5b5b000137b758b",
			"parentId": "5dcb1de5d7ed5e035c438ba2",
			"slotId": "Headwear"
		},
		{
			"_id": "5dcb1de5d7ed5e035c438bd9",
			"_tpl": "57e26fc7245977162a14b800",
			"parentId": "5dcb1de5d7ed5e035c438ba2",
			"slotId": "Scabbard"
		},
		{
			"_id": "5dcb1de5d7ed5e035c438bda",
			"_tpl": "544a5cde4bdc2d39388b456b",
			"parentId": "5dcb1de5d7ed5e035c438ba2",
			"slotId": "Backpack"
		},
		{
			"_id": "5dcb1de5d7ed5e035c438be9",
			"_tpl": "57513f9324597720a7128161",
			"parentId": "5dcb1de5d7ed5e035c438bda",
			"slotId": "main",
			"location": {
				"x": 0,
				"y": 0,
				"r": 0
			},
			"upd": {
				"FoodDrink": {
					"HpPercent": 19
				}
			}
		},
		{
			"_id": "5dcb1de5d7ed5e035c438bea",
			"_tpl": "5d1b32c186f774252167a530",
			"parentId": "5dcb1de5d7ed5e035c438bda",
			"slotId": "main",
			"location": {
				"x": 1,
				"y": 0,
				"r": 0
			}
		},
		{
			"_id": "5dcb1de5d7ed5e035c438beb",
			"_tpl": "577e1c9d2459773cd707c525",
			"parentId": "5dcb1de5d7ed5e035c438bda",
			"slotId": "main",
			"location": {
				"x": 2,
				"y": 0,
				"r": 0
			}
		},
		{
			"_id": "5dcb1de5d7ed5e035c438bec",
			"_tpl": "59e35cbb86f7741778269d83",
			"parentId": "5dcb1de5d7ed5e035c438bda",
			"slotId": "main",
			"location": {
				"x": 2,
				"y": 1,
				"r": 0
			}
		},
		{
			"_id": "5dcb1de5d7ed5e035c438bed",
			"_tpl": "5addc7db5acfc4001669f279",
			"parentId": "5dcb1de5d7ed5e035c438bda",
			"slotId": "main",
			"location": {
				"x": 0,
				"y": 2,
				"r": 0
			}
		},
		{
			"_id": "5dcb1de5d7ed5e035c438bee",
			"_tpl": "5a6b60158dc32e000a31138b",
			"parentId": "5dcb1de5d7ed5e035c438bda",
			"slotId": "main",
			"location": {
				"x": 1,
				"y": 2,
				"r": 0
			}
		},
		{
			"_id": "5dcb1de5d7ed5e035c438bdb",
			"_tpl": "5857a8bc2459772bad15db29",
			"parentId": "5dcb1de5d7ed5e035c438ba2",
			"slotId": "SecuredContainer"
		},
		{
			"_id": "5dcb1de5d7ed5e035c438bdc",
			"_tpl": "5656d7c34bdc2d9d198b4587",
			"parentId": "5dcb1de5d7ed5e035c438bdb",
			"slotId": "main",
			"location": {
				"x": 0,
				"y": 0,
				"r": 0
			},
			"upd": {
				"StackObjectsCount": 60
			}
		},
		{
			"_id": "5dcb1de5d7ed5e035c438bdd",
			"_tpl": "5656d7c34bdc2d9d198b4587",
			"parentId": "5dcb1de5d7ed5e035c438bdb",
			"slotId": "main",
			"location": {
				"x": 1,
				"y": 0,
				"r": 0
			},
			"upd": {
				"StackObjectsCount": 60
			}
		},
		{
			"_id": "5dcb1de5d7ed5e035c438bde",
			"_tpl": "5656d7c34bdc2d9d198b4587",
			"parentId": "5dcb1de5d7ed5e035c438bdb",
			"slotId": "main",
			"location": {
				"x": 2,
				"y": 0,
				"r": 0
			},
			"upd": {
				"StackObjectsCount": 60
			}
		},
		{
			"_id": "5dcb1de5d7ed5e035c438bdf",
			"_tpl": "5656d7c34bdc2d9d198b4587",
			"parentId": "5dcb1de5d7ed5e035c438bdb",
			"slotId": "main",
			"location": {
				"x": 0,
				"y": 1,
				"r": 0
			},
			"upd": {
				"StackObjectsCount": 60
			}
		},
		{
			"_id": "5dcb1de5d7ed5e035c438be0",
			"_tpl": "5656d7c34bdc2d9d198b4587",
			"parentId": "5dcb1de5d7ed5e035c438bdb",
			"slotId": "main",
			"location": {
				"x": 1,
				"y": 1,
				"r": 0
			},
			"upd": {
				"StackObjectsCount": 60
			}
		},
		{
			"_id": "5dcb1de5d7ed5e035c438be1",
			"_tpl": "5656d7c34bdc2d9d198b4587",
			"parentId": "5dcb1de5d7ed5e035c438bdb",
			"slotId": "main",
			"location": {
				"x": 2,
				"y": 1,
				"r": 0
			},
			"upd": {
				"StackObjectsCount": 60
			}
		},
		{
			"_id": "5dcb1de5d7ed5e035c438be2",
			"_tpl": "5656d7c34bdc2d9d198b4587",
			"parentId": "5dcb1de5d7ed5e035c438bdb",
			"slotId": "main",
			"location": {
				"x": 0,
				"y": 2,
				"r": 0
			},
			"upd": {
				"StackObjectsCount": 60
			}
		},
		{
			"_id": "5dcb1de5d7ed5e035c438be3",
			"_tpl": "5656d7c34bdc2d9d198b4587",
			"parentId": "5dcb1de5d7ed5e035c438bdb",
			"slotId": "main",
			"location": {
				"x": 1,
				"y": 2,
				"r": 0
			},
			"upd": {
				"StackObjectsCount": 60
			}
		},
		{
			"_id": "5dcb1de5d7ed5e035c438be4",
			"_tpl": "5656d7c34bdc2d9d198b4587",
			"parentId": "5dcb1de5d7ed5e035c438bdb",
			"slotId": "main",
			"location": {
				"x": 2,
				"y": 2,
				"r": 0
			},
			"upd": {
				"StackObjectsCount": 60
			}
		},
		{
			"_id": "5dcb1de5d7ed5e035c438ba1",
			"_tpl": "566abbc34bdc2d92178b4576"
		},
		{
			"_id": "5dcb1de5d7ed5e035c438ba4",
			"_tpl": "5963866b86f7747bfa1c4462"
		},
		{
			"_id": "5dcb1de5d7ed5e035c438ba3",
			"_tpl": "5963866286f7747bf429b572"
		}
	],
	"equipment": "5dcb1de5d7ed5e035c438ba2",
	"stash": "5dcb1de5d7ed5e035c438ba1",
	"questRaidItems": "5dcb1de5d7ed5e035c438ba3",
	"questStashItems": "5dcb1de5d7ed5e035c438ba4",
	"fastPanel": {}
}