{
	"items": [
		{
			"_id": "5c6687d65e9d882c8841f0fd",
			"_tpl": "55d7217a4bdc2d86028b456d"
		},
		{
			"_id": "5c6687d65e9d882c8841f121",
			"_tpl": "557ffd194bdc2d28148b457f",
			"parentId": "5c6687d65e9d882c8841f0fd",
			"slotId": "Pockets"
		},
		{
			"_id": "5c6687d65e9d882c8841f0fc",
			"_tpl": "566abbc34bdc2d92178b4576"
		},
		{
			"_id": "5c6687d65e9d882c8841f0ff",
			"_tpl": "5963866b86f7747bfa1c4462"
		},
		{
			"_id": "5c6687d65e9d882c8841f0fe",
			"_tpl": "5963866286f7747bf429b572"
		},
		{
			"_id": "TacticalVest406959",
			"_tpl": "5b44c8ea86f7742d1627baf1",
			"parentId": "5c6687d65e9d882c8841f0fd",
			"slotId": "TacticalVest"
		},
		{
			"_id": "I21010166403036278RQvaIz",
			"_tpl": "59e6687d86f77411d949b251",
			"parentId": "5c6687d65e9d882c8841f0fd",
			"slotId": "FirstPrimaryWeapon"
		},
		{
			"_id": "I21010161431335675m8Tjnu",
			"_tpl": "59e649f986f77411d949b246",
			"parentId": "I21010166403036278RQvaIz",
			"slotId": "mod_gas_block"
		},
		{
			"_id": "I21010163281454065aMIkzy",
			"_tpl": "59e8a00d86f7742ad93b569c",
			"parentId": "I21010166403036278RQvaIz",
			"slotId": "mod_muzzle"
		},
		{
			"_id": "I21010163891803576VNyfKn",
			"_tpl": "59e6318286f77444dd62c4cc",
			"parentId": "I21010166403036278RQvaIz",
			"slotId": "mod_pistol_grip"
		},
		{
			"_id": "I21010161575717505kO9Hgx",
			"_tpl": "59e8977386f77415a553c453",
			"parentId": "I21010166403036278RQvaIz",
			"slotId": "mod_sight_rear",
			"upd": {
				"Sight": {
					"SelectedSightMode": 0
				}
			}
		},
		{
			"_id": "I21010163706165478W2hwQI",
			"_tpl": "59d6514b86f774171a068a08",
			"parentId": "I21010166403036278RQvaIz",
			"slotId": "mod_stock"
		},
		{
			"_id": "I21010163177759916dBBo7n",
			"_tpl": "59e898ee86f77427614bd225",
			"parentId": "I21010161431335675m8Tjnu",
			"slotId": "mod_handguard"
		},
		{
			"_id": "mag1Vest187367",
			"_tpl": "5a0060fc86f7745793204432",
			"parentId": "TacticalVest406959",
			"slotId": "2",
			"location": {
				"x": 0,
				"y": 0,
				"r": "Horizontal"
			}
		},
		{
			"_id": "AmmoMag1Vest158710",
			"_tpl": "59e655cb86f77411dc52a77b",
			"parentId": "mag1Vest187367",
			"slotId": "cartridges",
			"upd": {
				"StackObjectsCount": 30
			}
		},
		{
			"_id": "mag4Vest95248",
			"_tpl": "5a0060fc86f7745793204432",
			"parentId": "TacticalVest406959",
			"slotId": "6",
			"location": {
				"x": 0,
				"y": 0,
				"r": "Horizontal"
			}
		},
		{
			"_id": "AmmoMag4Vest112472",
			"_tpl": "59e6542b86f77411dc52a77a",
			"parentId": "mag4Vest95248",
			"slotId": "cartridges",
			"upd": {
				"StackObjectsCount": 30
			}
		},
		{
			"_id": "Scabbard165787",
			"_tpl": "57e26ea924597715ca604a09",
			"parentId": "5c6687d65e9d882c8841f0fd",
			"slotId": "Scabbard"
		},
		{
			"_id": "Headwear969520",
			"_tpl": "59e7708286f7742cbd762753",
			"parentId": "5c6687d65e9d882c8841f0fd",
			"slotId": "Headwear"
		},
		{
			"_id": "Eyewear270594",
			"_tpl": "5d6d2ef3a4b93618084f58bd",
			"parentId": "5c6687d65e9d882c8841f0fd",
			"slotId": "Eyewear"
		},
		{
			"_id": "Backpack97348",
			"_tpl": "56e33634d2720bd8058b456b",
			"parentId": "5c6687d65e9d882c8841f0fd",
			"slotId": "Backpack"
		},
		{
			"_id": "BP_Backpack97348_530500",
			"_tpl": "590c2c9c86f774245b1f03f2",
			"parentId": "Backpack97348",
			"slotId": "main",
			"location": {
				"x": 0,
				"y": 0,
				"r": "Horizontal"
			}
		}
	],
	"equipment": "5c6687d65e9d882c8841f0fd",
	"stash": "5c6687d65e9d882c8841f0fc",
	"questRaidItems": "5c6687d65e9d882c8841f0fe",
	"questStashItems": "5c6687d65e9d882c8841f0ff",
	"fastPanel": {}
}