{
	"items": [
		{
			"_id": "5c6687d65e9d882c8841f0fd",
			"_tpl": "55d7217a4bdc2d86028b456d"
		},
		{
			"_id": "5c6687d65e9d882c8841f121",
			"_tpl": "557ffd194bdc2d28148b457f",
			"parentId": "5c6687d65e9d882c8841f0fd",
			"slotId": "Pockets"
		},
		{
			"_id": "5c6687d65e9d882c8841f0fc",
			"_tpl": "566abbc34bdc2d92178b4576"
		},
		{
			"_id": "5c6687d65e9d882c8841f0ff",
			"_tpl": "5963866b86f7747bfa1c4462"
		},
		{
			"_id": "5c6687d65e9d882c8841f0fe",
			"_tpl": "5963866286f7747bf429b572"
		},
		{
			"_id": "TacticalVest731886",
			"_tpl": "5d5d85c586f774279a21cbdb",
			"parentId": "5c6687d65e9d882c8841f0fd",
			"slotId": "TacticalVest"
		},
		{
			"_id": "I21004568990068539X4py03",
			"_tpl": "59e6152586f77473dc057aa1",
			"parentId": "5c6687d65e9d882c8841f0fd",
			"slotId": "FirstPrimaryWeapon"
		},
		{
			"_id": "I21004565535012213q1vPJy",
			"_tpl": "59e649f986f77411d949b246",
			"parentId": "I21004568990068539X4py03",
			"slotId": "mod_gas_block"
		},
		{
			"_id": "I21004561581886902bdDXxQ",
			"_tpl": "59e61eb386f77440d64f5daf",
			"parentId": "I21004568990068539X4py03",
			"slotId": "mod_muzzle"
		},
		{
			"_id": "I21004564862018236cOC1kG",
			"_tpl": "59e6318286f77444dd62c4cc",
			"parentId": "I21004568990068539X4py03",
			"slotId": "mod_pistol_grip"
		},
		{
			"_id": "I210045693600940218V2zna",
			"_tpl": "59e6449086f7746c9f75e822",
			"parentId": "I21004568990068539X4py03",
			"slotId": "mod_reciever"
		},
		{
			"_id": "I21004565547401397KcUSau",
			"_tpl": "59d650cf86f7741b846413a4",
			"parentId": "I21004568990068539X4py03",
			"slotId": "mod_sight_rear",
			"upd": {
				"Sight": {
					"SelectedSightMode": 0
				}
			}
		},
		{
			"_id": "I21004568116809123jkDH2Q",
			"_tpl": "59e6227d86f77440d64f5dc2",
			"parentId": "I21004568990068539X4py03",
			"slotId": "mod_stock"
		},
		{
			"_id": "MagazineWeaponScav3244",
			"_tpl": "5e21a3c67e40bd02257a008a",
			"parentId": "I21004568990068539X4py03",
			"slotId": "mod_magazine"
		},
		{
			"_id": "AmmoMag16527",
			"_tpl": "59e4d3d286f774176a36250a",
			"parentId": "MagazineWeaponScav3244",
			"slotId": "cartridges",
			"upd": {
				"StackObjectsCount": 30
			}
		},
		{
			"_id": "I21004566382817988WX2JgX",
			"_tpl": "59e6284f86f77440d569536f",
			"parentId": "I21004565535012213q1vPJy",
			"slotId": "mod_handguard"
		},
		{
			"_id": "mag1Vest775821",
			"_tpl": "59fafc5086f7740dbe19f6c3",
			"parentId": "TacticalVest731886",
			"slotId": "2",
			"location": {
				"x": 0,
				"y": 0,
				"r": "Horizontal"
			}
		},
		{
			"_id": "AmmoMag1Vest292942",
			"_tpl": "59e0d99486f7744a32234762",
			"parentId": "mag1Vest775821",
			"slotId": "cartridges",
			"upd": {
				"StackObjectsCount": 30
			}
		},
		{
			"_id": "mag2Vest535709",
			"_tpl": "59fafc5086f7740dbe19f6c3",
			"parentId": "TacticalVest731886",
			"slotId": "4",
			"location": {
				"x": 0,
				"y": 0,
				"r": "Horizontal"
			}
		},
		{
			"_id": "AmmoMag2Vest762176",
			"_tpl": "5656d7c34bdc2d9d198b4587",
			"parentId": "mag2Vest535709",
			"slotId": "cartridges",
			"upd": {
				"StackObjectsCount": 30
			}
		},
		{
			"_id": "StackAmmo90440723166",
			"_tpl": "59e4d24686f7741776641ac7",
			"parentId": "TacticalVest731886",
			"slotId": "9",
			"upd": {
				"StackObjectsCount": 35
			}
		},
		{
			"_id": "Scabbard818190",
			"_tpl": "54491bb74bdc2d09088b4567",
			"parentId": "5c6687d65e9d882c8841f0fd",
			"slotId": "Scabbard"
		},
		{
			"_id": "Headwear398129",
			"_tpl": "5a43957686f7742a2c2f11b0",
			"parentId": "5c6687d65e9d882c8841f0fd",
			"slotId": "Headwear"
		},
		{
			"_id": "Eyewear3261",
			"_tpl": "5d6d2e22a4b9361bd5780d05",
			"parentId": "5c6687d65e9d882c8841f0fd",
			"slotId": "Eyewear"
		},
		{
			"_id": "FaceCover717006",
			"_tpl": "5e54f76986f7740366043752",
			"parentId": "5c6687d65e9d882c8841f0fd",
			"slotId": "FaceCover"
		},
		{
			"_id": "ArmorVest282992",
			"_tpl": "5c0e541586f7747fa54205c9",
			"parentId": "5c6687d65e9d882c8841f0fd",
			"slotId": "ArmorVest",
			"upd": {
				"Repairable": {
					"MaxDurability": 60,
					"Durability": 55
				}
			}
		},
		{
			"_id": "Pocket_570483",
			"_tpl": "5734779624597737e04bf329",
			"parentId": "5c6687d65e9d882c8841f121",
			"slotId": "pocket1",
			"location": {
				"x": 0,
				"y": 0,
				"r": "Horizontal"
			},
			"upd": {
				"SpawnedInSession": true
			}
		},
		{
			"_id": "Pocket_465521",
			"_tpl": "5d0377ce86f774186372f689",
			"parentId": "5c6687d65e9d882c8841f121",
			"slotId": "pocket2",
			"location": {
				"x": 0,
				"y": 0,
				"r": "Horizontal"
			},
			"upd": {
				"SpawnedInSession": true
			}
		}
	],
	"equipment": "5c6687d65e9d882c8841f0fd",
	"stash": "5c6687d65e9d882c8841f0fc",
	"questRaidItems": "5c6687d65e9d882c8841f0fe",
	"questStashItems": "5c6687d65e9d882c8841f0ff",
	"fastPanel": {}
}