{
	"items": [
		{
			"_id": "5c6687d65e9d882c8841f0fd",
			"_tpl": "55d7217a4bdc2d86028b456d"
		},
		{
			"_id": "5c6687d65e9d882c8841f121",
			"_tpl": "557ffd194bdc2d28148b457f",
			"parentId": "5c6687d65e9d882c8841f0fd",
			"slotId": "Pockets"
		},
		{
			"_id": "5c6687d65e9d882c8841f0fc",
			"_tpl": "566abbc34bdc2d92178b4576"
		},
		{
			"_id": "5c6687d65e9d882c8841f0ff",
			"_tpl": "5963866b86f7747bfa1c4462"
		},
		{
			"_id": "5c6687d65e9d882c8841f0fe",
			"_tpl": "5963866286f7747bf429b572"
		},
		{
			"_id": "TacticalVest871047",
			"_tpl": "5d5d8ca986f7742798716522",
			"parentId": "5c6687d65e9d882c8841f0fd",
			"slotId": "TacticalVest"
		},
		{
			"_id": "I2100483394123723160WkRx",
			"_tpl": "59ff346386f77477562ff5e2",
			"parentId": "5c6687d65e9d882c8841f0fd",
			"slotId": "FirstPrimaryWeapon"
		},
		{
			"_id": "I210048338562819120Qk8WA",
			"_tpl": "59d64ec286f774171d1e0a42",
			"parentId": "I2100483394123723160WkRx",
			"slotId": "mod_gas_block"
		},
		{
			"_id": "I210048336623423672tvG4x",
			"_tpl": "59d64fc686f774171b243fe2",
			"parentId": "I2100483394123723160WkRx",
			"slotId": "mod_muzzle"
		},
		{
			"_id": "I2100483322737145634f2fA",
			"_tpl": "5a0071d486f77404e23a12b2",
			"parentId": "I2100483394123723160WkRx",
			"slotId": "mod_pistol_grip_akms"
		},
		{
			"_id": "I210048335688080810Jbl1p",
			"_tpl": "59d650cf86f7741b846413a4",
			"parentId": "I2100483394123723160WkRx",
			"slotId": "mod_sight_rear",
			"upd": {
				"Sight": {
					"SelectedSightMode": 0
				}
			}
		},
		{
			"_id": "I210048331633100452AkMmP",
			"_tpl": "59ff3b6a86f77477562ff5ed",
			"parentId": "I2100483394123723160WkRx",
			"slotId": "mod_stock_akms"
		},
		{
			"_id": "MagazineWeaponScav7226",
			"_tpl": "5b1fd4e35acfc40018633c39",
			"parentId": "I2100483394123723160WkRx",
			"slotId": "mod_magazine"
		},
		{
			"_id": "AmmoMag18835",
			"_tpl": "59e4cf5286f7741778269d8a",
			"parentId": "MagazineWeaponScav7226",
			"slotId": "cartridges",
			"upd": {
				"StackObjectsCount": 10
			}
		},
		{
			"_id": "I210048339249880552oRGBT",
			"_tpl": "59d64f2f86f77417193ef8b3",
			"parentId": "I210048338562819120Qk8WA",
			"slotId": "mod_handguard"
		},
		{
			"_id": "mag1Vest213169",
			"_tpl": "5e21a3c67e40bd02257a008a",
			"parentId": "TacticalVest871047",
			"slotId": "3",
			"location": {
				"x": 0,
				"y": 0,
				"r": "Horizontal"
			}
		},
		{
			"_id": "AmmoMag1Vest422959",
			"_tpl": "5656d7c34bdc2d9d198b4587",
			"parentId": "mag1Vest213169",
			"slotId": "cartridges",
			"upd": {
				"StackObjectsCount": 30
			}
		},
		{
			"_id": "mag0Vest242217",
			"_tpl": "5e21a3c67e40bd02257a008a",
			"parentId": "TacticalVest871047",
			"slotId": "1",
			"location": {
				"x": 0,
				"y": 0,
				"r": "Horizontal"
			}
		},
		{
			"_id": "AmmoMag0Vest796927",
			"_tpl": "59e4d24686f7741776641ac7",
			"parentId": "mag0Vest242217",
			"slotId": "cartridges",
			"upd": {
				"StackObjectsCount": 30
			}
		},
		{
			"_id": "mag0Vest325782",
			"_tpl": "5e21a3c67e40bd02257a008a",
			"parentId": "TacticalVest871047",
			"slotId": "1",
			"location": {
				"x": 1,
				"y": 0,
				"r": "Horizontal"
			}
		},
		{
			"_id": "AmmoMag0Vest560521",
			"_tpl": "59e4d3d286f774176a36250a",
			"parentId": "mag0Vest325782",
			"slotId": "cartridges",
			"upd": {
				"StackObjectsCount": 30
			}
		},
		{
			"_id": "Scabbard433961",
			"_tpl": "5bffdc370db834001d23eca8",
			"parentId": "5c6687d65e9d882c8841f0fd",
			"slotId": "Scabbard"
		},
		{
			"_id": "Headwear41769",
			"_tpl": "5aa2a7e8e5b5b00016327c16",
			"parentId": "5c6687d65e9d882c8841f0fd",
			"slotId": "Headwear"
		},
		{
			"_id": "Eyewear12607",
			"_tpl": "5d5fca1ea4b93635fd598c07",
			"parentId": "5c6687d65e9d882c8841f0fd",
			"slotId": "Eyewear"
		},
		{
			"_id": "FaceCover491150",
			"_tpl": "59e7715586f7742ee5789605",
			"parentId": "5c6687d65e9d882c8841f0fd",
			"slotId": "FaceCover"
		}
	],
	"equipment": "5c6687d65e9d882c8841f0fd",
	"stash": "5c6687d65e9d882c8841f0fc",
	"questRaidItems": "5c6687d65e9d882c8841f0fe",
	"questStashItems": "5c6687d65e9d882c8841f0ff",
	"fastPanel": {}
}