{
	"items": [
		{
			"_id": "5dcb1dc4fb81105cd85bdbd4",
			"_tpl": "55d7217a4bdc2d86028b456d"
		},
		{
			"_id": "5dcb1dc4fb81105cd85bdbf5",
			"_tpl": "5a38e6bac4a2826c6e06d79b",
			"parentId": "5dcb1dc4fb81105cd85bdbd4",
			"slotId": "FirstPrimaryWeapon"
		},
		{
			"_id": "5dcb1dc4fb81105cd85bdbf6",
			"_tpl": "5a38ef1fc4a282000b1521f6",
			"parentId": "5dcb1dc4fb81105cd85bdbf5",
			"slotId": "mod_stock"
		},
		{
			"_id": "5dcb1dc4fb81105cd85bdbf7",
			"_tpl": "5a38eecdc4a282329a73b512",
			"parentId": "5dcb1dc4fb81105cd85bdbf6",
			"slotId": "mod_pistol_grip"
		},
		{
			"_id": "5dcb1dc4fb81105cd85bdbf8",
			"_tpl": "5a38ed75c4a28232996e40c6",
			"parentId": "5dcb1dc4fb81105cd85bdbf5",
			"slotId": "mod_magazine"
		},
		{
			"_id": "5dcb1dc4fb81105cd85bdbf9",
			"_tpl": "5a38ebd9c4a282000d722a5b",
			"parentId": "5dcb1dc4fb81105cd85bdbf8",
			"slotId": "cartridges",
			"upd": {
				"StackObjectsCount": 4
			}
		},
		{
			"_id": "5dcb1dc4fb81105cd85bdbfa",
			"_tpl": "5a38ebd9c4a282000d722a5b",
			"parentId": "5dcb1dc4fb81105cd85bdbf5",
			"slotId": "patron_in_weapon",
			"upd": {
				"StackObjectsCount": 1
			}
		},
		{
			"_id": "5dcb1dc4fb81105cd85bdbfb",
			"_tpl": "557ffd194bdc2d28148b457f",
			"parentId": "5dcb1dc4fb81105cd85bdbd4",
			"slotId": "Pockets"
		},
		{
			"_id": "5dcb1dc4fb81105cd85bdc12",
			"_tpl": "57505f6224597709a92585a9",
			"parentId": "5dcb1dc4fb81105cd85bdbfb",
			"slotId": "pocket1",
			"location": {
				"x": 0,
				"y": 0,
				"r": 0
			},
			"upd": {
				"FoodDrink": {
					"HpPercent": 1
				}
			}
		},
		{
			"_id": "5dcb1dc4fb81105cd85bdbfc",
			"_tpl": "572b7adb24597762ae139821",
			"parentId": "5dcb1dc4fb81105cd85bdbd4",
			"slotId": "TacticalVest"
		},
		{
			"_id": "5dcb1dc4fb81105cd85bdc0a",
			"_tpl": "5a38ed75c4a28232996e40c6",
			"parentId": "5dcb1dc4fb81105cd85bdbfc",
			"slotId": "1",
			"location": {
				"x": 0,
				"y": 0,
				"r": 0
			}
		},
		{
			"_id": "5dcb1dc4fb81105cd85bdc0b",
			"_tpl": "5a38ebd9c4a282000d722a5b",
			"parentId": "5dcb1dc4fb81105cd85bdc0a",
			"slotId": "cartridges",
			"upd": {
				"StackObjectsCount": 4
			}
		},
		{
			"_id": "5dcb1dc4fb81105cd85bdc0c",
			"_tpl": "5a38ed75c4a28232996e40c6",
			"parentId": "5dcb1dc4fb81105cd85bdbfc",
			"slotId": "2",
			"location": {
				"x": 0,
				"y": 0,
				"r": 0
			}
		},
		{
			"_id": "5dcb1dc4fb81105cd85bdc0d",
			"_tpl": "5a38ebd9c4a282000d722a5b",
			"parentId": "5dcb1dc4fb81105cd85bdc0c",
			"slotId": "cartridges",
			"upd": {
				"StackObjectsCount": 4
			}
		},
		{
			"_id": "5dcb1dc4fb81105cd85bdc0e",
			"_tpl": "5a38ed75c4a28232996e40c6",
			"parentId": "5dcb1dc4fb81105cd85bdbfc",
			"slotId": "2",
			"location": {
				"x": 0,
				"y": 1,
				"r": 0
			}
		},
		{
			"_id": "5dcb1dc4fb81105cd85bdc0f",
			"_tpl": "5a38ebd9c4a282000d722a5b",
			"parentId": "5dcb1dc4fb81105cd85bdc0e",
			"slotId": "cartridges",
			"upd": {
				"StackObjectsCount": 4
			}
		},
		{
			"_id": "5dcb1dc4fb81105cd85bdbfd",
			"_tpl": "59e7715586f7742ee5789605",
			"parentId": "5dcb1dc4fb81105cd85bdbd4",
			"slotId": "FaceCover"
		},
		{
			"_id": "5dcb1dc4fb81105cd85bdbfe",
			"_tpl": "5c06c6a80db834001b735491",
			"parentId": "5dcb1dc4fb81105cd85bdbd4",
			"slotId": "Headwear",
			"upd": {
				"Repairable": {
					"Durability": 27
				}
			}
		},
		{
			"_id": "5dcb1dc4fb81105cd85bdbff",
			"_tpl": "57e26fc7245977162a14b800",
			"parentId": "5dcb1dc4fb81105cd85bdbd4",
			"slotId": "Scabbard"
		},
		{
			"_id": "5dcb1dc4fb81105cd85bdc00",
			"_tpl": "5857a8bc2459772bad15db29",
			"parentId": "5dcb1dc4fb81105cd85bdbd4",
			"slotId": "SecuredContainer"
		},
		{
			"_id": "5dcb1dc4fb81105cd85bdc01",
			"_tpl": "5a38ebd9c4a282000d722a5b",
			"parentId": "5dcb1dc4fb81105cd85bdc00",
			"slotId": "main",
			"location": {
				"x": 0,
				"y": 0,
				"r": 0
			},
			"upd": {
				"StackObjectsCount": 20
			}
		},
		{
			"_id": "5dcb1dc4fb81105cd85bdc02",
			"_tpl": "5a38ebd9c4a282000d722a5b",
			"parentId": "5dcb1dc4fb81105cd85bdc00",
			"slotId": "main",
			"location": {
				"x": 1,
				"y": 0,
				"r": 0
			},
			"upd": {
				"StackObjectsCount": 20
			}
		},
		{
			"_id": "5dcb1dc4fb81105cd85bdc03",
			"_tpl": "5a38ebd9c4a282000d722a5b",
			"parentId": "5dcb1dc4fb81105cd85bdc00",
			"slotId": "main",
			"location": {
				"x": 2,
				"y": 0,
				"r": 0
			},
			"upd": {
				"StackObjectsCount": 20
			}
		},
		{
			"_id": "5dcb1dc4fb81105cd85bdc04",
			"_tpl": "5a38ebd9c4a282000d722a5b",
			"parentId": "5dcb1dc4fb81105cd85bdc00",
			"slotId": "main",
			"location": {
				"x": 0,
				"y": 1,
				"r": 0
			},
			"upd": {
				"StackObjectsCount": 20
			}
		},
		{
			"_id": "5dcb1dc4fb81105cd85bdc05",
			"_tpl": "5a38ebd9c4a282000d722a5b",
			"parentId": "5dcb1dc4fb81105cd85bdc00",
			"slotId": "main",
			"location": {
				"x": 1,
				"y": 1,
				"r": 0
			},
			"upd": {
				"StackObjectsCount": 20
			}
		},
		{
			"_id": "5dcb1dc4fb81105cd85bdc06",
			"_tpl": "5a38ebd9c4a282000d722a5b",
			"parentId": "5dcb1dc4fb81105cd85bdc00",
			"slotId": "main",
			"location": {
				"x": 2,
				"y": 1,
				"r": 0
			},
			"upd": {
				"StackObjectsCount": 20
			}
		},
		{
			"_id": "5dcb1dc4fb81105cd85bdc07",
			"_tpl": "5a38ebd9c4a282000d722a5b",
			"parentId": "5dcb1dc4fb81105cd85bdc00",
			"slotId": "main",
			"location": {
				"x": 0,
				"y": 2,
				"r": 0
			},
			"upd": {
				"StackObjectsCount": 20
			}
		},
		{
			"_id": "5dcb1dc4fb81105cd85bdc08",
			"_tpl": "5a38ebd9c4a282000d722a5b",
			"parentId": "5dcb1dc4fb81105cd85bdc00",
			"slotId": "main",
			"location": {
				"x": 1,
				"y": 2,
				"r": 0
			},
			"upd": {
				"StackObjectsCount": 20
			}
		},
		{
			"_id": "5dcb1dc4fb81105cd85bdc09",
			"_tpl": "5a38ebd9c4a282000d722a5b",
			"parentId": "5dcb1dc4fb81105cd85bdc00",
			"slotId": "main",
			"location": {
				"x": 2,
				"y": 2,
				"r": 0
			},
			"upd": {
				"StackObjectsCount": 20
			}
		},
		{
			"_id": "5dcb1dc4fb81105cd85bdbd3",
			"_tpl": "566abbc34bdc2d92178b4576"
		},
		{
			"_id": "5dcb1dc4fb81105cd85bdbd6",
			"_tpl": "5963866b86f7747bfa1c4462"
		},
		{
			"_id": "5dcb1dc4fb81105cd85bdbd5",
			"_tpl": "5963866286f7747bf429b572"
		}
	],
	"equipment": "5dcb1dc4fb81105cd85bdbd4",
	"stash": "5dcb1dc4fb81105cd85bdbd3",
	"questRaidItems": "5dcb1dc4fb81105cd85bdbd5",
	"questStashItems": "5dcb1dc4fb81105cd85bdbd6",
	"fastPanel": {}
}