{
	"items": [
		{
			"_id": "5c6687d65e9d882c8841f0fd",
			"_tpl": "55d7217a4bdc2d86028b456d"
		},
		{
			"_id": "5c6687d65e9d882c8841f121",
			"_tpl": "557ffd194bdc2d28148b457f",
			"parentId": "5c6687d65e9d882c8841f0fd",
			"slotId": "Pockets"
		},
		{
			"_id": "5c6687d65e9d882c8841f0fc",
			"_tpl": "566abbc34bdc2d92178b4576"
		},
		{
			"_id": "5c6687d65e9d882c8841f0ff",
			"_tpl": "5963866b86f7747bfa1c4462"
		},
		{
			"_id": "5c6687d65e9d882c8841f0fe",
			"_tpl": "5963866286f7747bf429b572"
		},
		{
			"_id": "TacticalVest150345",
			"_tpl": "5648a69d4bdc2ded0b8b457b",
			"parentId": "5c6687d65e9d882c8841f0fd",
			"slotId": "TacticalVest"
		},
		{
			"_id": "I210059399066286350NLAGJ",
			"_tpl": "59e6152586f77473dc057aa1",
			"parentId": "5c6687d65e9d882c8841f0fd",
			"slotId": "FirstPrimaryWeapon"
		},
		{
			"_id": "I210059391805118847Ym4yc",
			"_tpl": "59e649f986f77411d949b246",
			"parentId": "I210059399066286350NLAGJ",
			"slotId": "mod_gas_block"
		},
		{
			"_id": "I210059399838498149cliHf",
			"_tpl": "59e61eb386f77440d64f5daf",
			"parentId": "I210059399066286350NLAGJ",
			"slotId": "mod_muzzle"
		},
		{
			"_id": "I210059394360360246mZw89",
			"_tpl": "59e6318286f77444dd62c4cc",
			"parentId": "I210059399066286350NLAGJ",
			"slotId": "mod_pistol_grip"
		},
		{
			"_id": "I210059399685113964yjREY",
			"_tpl": "59e6449086f7746c9f75e822",
			"parentId": "I210059399066286350NLAGJ",
			"slotId": "mod_reciever"
		},
		{
			"_id": "I21005939348550353263PQ6",
			"_tpl": "59d650cf86f7741b846413a4",
			"parentId": "I210059399066286350NLAGJ",
			"slotId": "mod_sight_rear",
			"upd": {
				"Sight": {
					"SelectedSightMode": 0
				}
			}
		},
		{
			"_id": "I210059399843345353YDKE1",
			"_tpl": "59e6284f86f77440d569536f",
			"parentId": "I210059391805118847Ym4yc",
			"slotId": "mod_handguard"
		},
		{
			"_id": "mag1Vest130751",
			"_tpl": "5b1fd4e35acfc40018633c39",
			"parentId": "TacticalVest150345",
			"slotId": "2",
			"location": {
				"x": 0,
				"y": 0,
				"r": "Horizontal"
			}
		},
		{
			"_id": "AmmoMag1Vest535846",
			"_tpl": "5656d7c34bdc2d9d198b4587",
			"parentId": "mag1Vest130751",
			"slotId": "cartridges",
			"upd": {
				"StackObjectsCount": 10
			}
		},
		{
			"_id": "mag2Vest124905",
			"_tpl": "5b1fd4e35acfc40018633c39",
			"parentId": "TacticalVest150345",
			"slotId": "4",
			"location": {
				"x": 0,
				"y": 0,
				"r": "Horizontal"
			}
		},
		{
			"_id": "AmmoMag2Vest624429",
			"_tpl": "59e0d99486f7744a32234762",
			"parentId": "mag2Vest124905",
			"slotId": "cartridges",
			"upd": {
				"StackObjectsCount": 10
			}
		},
		{
			"_id": "mag3Vest946281",
			"_tpl": "5b1fd4e35acfc40018633c39",
			"parentId": "TacticalVest150345",
			"slotId": "11",
			"location": {
				"x": 0,
				"y": 0,
				"r": "Horizontal"
			}
		},
		{
			"_id": "AmmoMag3Vest902431",
			"_tpl": "59e4d24686f7741776641ac7",
			"parentId": "mag3Vest946281",
			"slotId": "cartridges",
			"upd": {
				"StackObjectsCount": 10
			}
		},
		{
			"_id": "mag0Vest196249",
			"_tpl": "5b1fd4e35acfc40018633c39",
			"parentId": "TacticalVest150345",
			"slotId": "5",
			"location": {
				"x": 0,
				"y": 0,
				"r": "Horizontal"
			}
		},
		{
			"_id": "AmmoMag0Vest880745",
			"_tpl": "59e4cf5286f7741778269d8a",
			"parentId": "mag0Vest196249",
			"slotId": "cartridges",
			"upd": {
				"StackObjectsCount": 10
			}
		},
		{
			"_id": "StackAmmo70549473822",
			"_tpl": "59e4d24686f7741776641ac7",
			"parentId": "TacticalVest150345",
			"slotId": "8",
			"upd": {
				"StackObjectsCount": 27
			}
		},
		{
			"_id": "Scabbard57598",
			"_tpl": "5bffdc370db834001d23eca8",
			"parentId": "5c6687d65e9d882c8841f0fd",
			"slotId": "Scabbard"
		},
		{
			"_id": "ArmorVest205208",
			"_tpl": "5c0e5edb86f77461f55ed1f7",
			"parentId": "5c6687d65e9d882c8841f0fd",
			"slotId": "ArmorVest",
			"upd": {
				"Repairable": {
					"MaxDurability": 50,
					"Durability": 11
				}
			}
		},
		{
			"_id": "Pocket_416117",
			"_tpl": "590a3cd386f77436f20848cb",
			"parentId": "5c6687d65e9d882c8841f121",
			"slotId": "pocket1",
			"location": {
				"x": 0,
				"y": 0,
				"r": "Horizontal"
			},
			"upd": {
				"SpawnedInSession": true
			}
		},
		{
			"_id": "Pocket_875068",
			"_tpl": "5d80c88d86f77440556dbf07",
			"parentId": "5c6687d65e9d882c8841f121",
			"slotId": "pocket2",
			"location": {
				"x": 0,
				"y": 0,
				"r": "Horizontal"
			},
			"upd": {
				"SpawnedInSession": true
			}
		},
		{
			"_id": "Pocket_827440",
			"_tpl": "590c2d8786f774245b1f03f3",
			"parentId": "5c6687d65e9d882c8841f121",
			"slotId": "pocket3",
			"location": {
				"x": 0,
				"y": 0,
				"r": "Horizontal"
			},
			"upd": {
				"SpawnedInSession": true
			}
		}
	],
	"equipment": "5c6687d65e9d882c8841f0fd",
	"stash": "5c6687d65e9d882c8841f0fc",
	"questRaidItems": "5c6687d65e9d882c8841f0fe",
	"questStashItems": "5c6687d65e9d882c8841f0ff",
	"fastPanel": {}
}