{
	"items": [
		{
			"_id": "5c6687d65e9d882c8841f0fd",
			"_tpl": "55d7217a4bdc2d86028b456d"
		},
		{
			"_id": "5c6687d65e9d882c8841f121",
			"_tpl": "557ffd194bdc2d28148b457f",
			"parentId": "5c6687d65e9d882c8841f0fd",
			"slotId": "Pockets"
		},
		{
			"_id": "5c6687d65e9d882c8841f0fc",
			"_tpl": "566abbc34bdc2d92178b4576"
		},
		{
			"_id": "5c6687d65e9d882c8841f0ff",
			"_tpl": "5963866b86f7747bfa1c4462"
		},
		{
			"_id": "5c6687d65e9d882c8841f0fe",
			"_tpl": "5963866286f7747bf429b572"
		},
		{
			"_id": "TacticalVest2699",
			"_tpl": "5d5d8ca986f7742798716522",
			"parentId": "5c6687d65e9d882c8841f0fd",
			"slotId": "TacticalVest"
		},
		{
			"_id": "I210044191427657759iTSWJ",
			"_tpl": "57dc2fa62459775949412633",
			"parentId": "5c6687d65e9d882c8841f0fd",
			"slotId": "FirstPrimaryWeapon"
		},
		{
			"_id": "I210044195691868064m6rd7",
			"_tpl": "57e3dba62459770f0c32322b",
			"parentId": "I210044191427657759iTSWJ",
			"slotId": "mod_pistol_grip"
		},
		{
			"_id": "I210044195063834177vJJeS",
			"_tpl": "5ab626e4d8ce87272e4c6e43",
			"parentId": "I210044191427657759iTSWJ",
			"slotId": "mod_stock"
		},
		{
			"_id": "I210044197466083352oasym",
			"_tpl": "5ac72e945acfc43f3b691116",
			"parentId": "I210044191427657759iTSWJ",
			"slotId": "mod_muzzle"
		},
		{
			"_id": "I210044192798625398kpZ93",
			"_tpl": "57dc334d245977597164366f",
			"parentId": "I210044191427657759iTSWJ",
			"slotId": "mod_reciever"
		},
		{
			"_id": "I210044196868190251H7DRT",
			"_tpl": "59d36a0086f7747e673f3946",
			"parentId": "I210044191427657759iTSWJ",
			"slotId": "mod_gas_block"
		},
		{
			"_id": "I210044197307154035C6mW6",
			"_tpl": "57ffa9f4245977728561e844",
			"parentId": "I210044196868190251H7DRT",
			"slotId": "mod_handguard"
		},
		{
			"_id": "I210044194827256664xHbeI",
			"_tpl": "56def37dd2720bec348b456a",
			"parentId": "I210044197307154035C6mW6",
			"slotId": "mod_tactical_000",
			"upd": {
				"Light": {
					"IsActive": true,
					"SelectedMode": 0
				}
			}
		},
		{
			"_id": "mag0Vest233328",
			"_tpl": "564ca99c4bdc2d16268b4589",
			"parentId": "TacticalVest2699",
			"slotId": "2",
			"location": {
				"x": 0,
				"y": 0,
				"r": "Horizontal"
			}
		},
		{
			"_id": "AmmoMag0Vest824475",
			"_tpl": "5c0d5e4486f77478390952fe",
			"parentId": "mag0Vest233328",
			"slotId": "cartridges",
			"upd": {
				"StackObjectsCount": 30
			}
		},
		{
			"_id": "mag0Vest102084",
			"_tpl": "564ca99c4bdc2d16268b4589",
			"parentId": "TacticalVest2699",
			"slotId": "1",
			"location": {
				"x": 0,
				"y": 0,
				"r": "Horizontal"
			}
		},
		{
			"_id": "AmmoMag0Vest528330",
			"_tpl": "56dff061d2720bb5668b4567",
			"parentId": "mag0Vest102084",
			"slotId": "cartridges",
			"upd": {
				"StackObjectsCount": 30
			}
		},
		{
			"_id": "mag0Vest965379",
			"_tpl": "564ca99c4bdc2d16268b4589",
			"parentId": "TacticalVest2699",
			"slotId": "1",
			"location": {
				"x": 1,
				"y": 0,
				"r": "Horizontal"
			}
		},
		{
			"_id": "AmmoMag0Vest359101",
			"_tpl": "56dfef82d2720bbd668b4567",
			"parentId": "mag0Vest965379",
			"slotId": "cartridges",
			"upd": {
				"StackObjectsCount": 30
			}
		},
		{
			"_id": "Scabbard379873",
			"_tpl": "57e26fc7245977162a14b800",
			"parentId": "5c6687d65e9d882c8841f0fd",
			"slotId": "Scabbard"
		},
		{
			"_id": "Eyewear167447",
			"_tpl": "5b432be65acfc433000ed01f",
			"parentId": "5c6687d65e9d882c8841f0fd",
			"slotId": "Eyewear"
		},
		{
			"_id": "FaceCover997812",
			"_tpl": "572b7f1624597762ae139822",
			"parentId": "5c6687d65e9d882c8841f0fd",
			"slotId": "FaceCover"
		},
		{
			"_id": "Backpack458430",
			"_tpl": "544a5cde4bdc2d39388b456b",
			"parentId": "5c6687d65e9d882c8841f0fd",
			"slotId": "Backpack"
		},
		{
			"_id": "BP_Backpack458430_951040",
			"_tpl": "590a373286f774287540368b",
			"parentId": "Backpack458430",
			"slotId": "main",
			"location": {
				"x": 0,
				"y": 0,
				"r": "Horizontal"
			}
		}
	],
	"equipment": "5c6687d65e9d882c8841f0fd",
	"stash": "5c6687d65e9d882c8841f0fc",
	"questRaidItems": "5c6687d65e9d882c8841f0fe",
	"questStashItems": "5c6687d65e9d882c8841f0ff",
	"fastPanel": {}
}