{
	"items": [
		{
			"_id": "5dcb1dc5fb81105cd85c0298",
			"_tpl": "55d7217a4bdc2d86028b456d"
		},
		{
			"_id": "5dcb1dc5fb81105cd85c02c0",
			"_tpl": "59e6152586f77473dc057aa1",
			"parentId": "5dcb1dc5fb81105cd85c0298",
			"slotId": "FirstPrimaryWeapon"
		},
		{
			"_id": "5dcb1dc5fb81105cd85c02c1",
			"_tpl": "59e649f986f77411d949b246",
			"parentId": "5dcb1dc5fb81105cd85c02c0",
			"slotId": "mod_gas_block"
		},
		{
			"_id": "5dcb1dc5fb81105cd85c02c2",
			"_tpl": "59e6284f86f77440d569536f",
			"parentId": "5dcb1dc5fb81105cd85c02c1",
			"slotId": "mod_handguard"
		},
		{
			"_id": "5dcb1dc5fb81105cd85c02c3",
			"_tpl": "59e6318286f77444dd62c4cc",
			"parentId": "5dcb1dc5fb81105cd85c02c0",
			"slotId": "mod_pistol_grip"
		},
		{
			"_id": "5dcb1dc5fb81105cd85c02c4",
			"_tpl": "59d6507c86f7741b846413a2",
			"parentId": "5dcb1dc5fb81105cd85c02c0",
			"slotId": "mod_reciever"
		},
		{
			"_id": "5dcb1dc5fb81105cd85c02c5",
			"_tpl": "59d650cf86f7741b846413a4",
			"parentId": "5dcb1dc5fb81105cd85c02c0",
			"slotId": "mod_sight_rear"
		},
		{
			"_id": "5dcb1dc5fb81105cd85c02c6",
			"_tpl": "59e6227d86f77440d64f5dc2",
			"parentId": "5dcb1dc5fb81105cd85c02c0",
			"slotId": "mod_stock"
		},
		{
			"_id": "5dcb1dc5fb81105cd85c02c7",
			"_tpl": "59e5d83b86f7745aed03d262",
			"parentId": "5dcb1dc5fb81105cd85c02c0",
			"slotId": "mod_magazine"
		},
		{
			"_id": "5dcb1dc5fb81105cd85c02c8",
			"_tpl": "5656d7c34bdc2d9d198b4587",
			"parentId": "5dcb1dc5fb81105cd85c02c7",
			"slotId": "cartridges",
			"upd": {
				"StackObjectsCount": 10
			}
		},
		{
			"_id": "5dcb1dc5fb81105cd85c02c9",
			"_tpl": "5656d7c34bdc2d9d198b4587",
			"parentId": "5dcb1dc5fb81105cd85c02c0",
			"slotId": "patron_in_weapon",
			"upd": {
				"StackObjectsCount": 1
			}
		},
		{
			"_id": "5dcb1dc5fb81105cd85c02ca",
			"_tpl": "557ffd194bdc2d28148b457f",
			"parentId": "5dcb1dc5fb81105cd85c0298",
			"slotId": "Pockets"
		},
		{
			"_id": "5dcb1dc5fb81105cd85c02cb",
			"_tpl": "59e7643b86f7742cbf2c109a",
			"parentId": "5dcb1dc5fb81105cd85c0298",
			"slotId": "TacticalVest"
		},
		{
			"_id": "5dcb1dc5fb81105cd85c02d9",
			"_tpl": "59e5d83b86f7745aed03d262",
			"parentId": "5dcb1dc5fb81105cd85c02cb",
			"slotId": "1",
			"location": {
				"x": 0,
				"y": 0,
				"r": 0
			}
		},
		{
			"_id": "5dcb1dc5fb81105cd85c02da",
			"_tpl": "5656d7c34bdc2d9d198b4587",
			"parentId": "5dcb1dc5fb81105cd85c02d9",
			"slotId": "cartridges",
			"upd": {
				"StackObjectsCount": 10
			}
		},
		{
			"_id": "5dcb1dc5fb81105cd85c02db",
			"_tpl": "59e5d83b86f7745aed03d262",
			"parentId": "5dcb1dc5fb81105cd85c02cb",
			"slotId": "1",
			"location": {
				"x": 1,
				"y": 0,
				"r": 0
			}
		},
		{
			"_id": "5dcb1dc5fb81105cd85c02dc",
			"_tpl": "5656d7c34bdc2d9d198b4587",
			"parentId": "5dcb1dc5fb81105cd85c02db",
			"slotId": "cartridges",
			"upd": {
				"StackObjectsCount": 10
			}
		},
		{
			"_id": "5dcb1dc5fb81105cd85c02cc",
			"_tpl": "59e7715586f7742ee5789605",
			"parentId": "5dcb1dc5fb81105cd85c0298",
			"slotId": "FaceCover"
		},
		{
			"_id": "5dcb1dc5fb81105cd85c02cd",
			"_tpl": "5c0e5edb86f77461f55ed1f7",
			"parentId": "5dcb1dc5fb81105cd85c0298",
			"slotId": "ArmorVest",
			"upd": {
				"Repairable": {
					"Durability": 39
				}
			}
		},
		{
			"_id": "5dcb1dc5fb81105cd85c02ce",
			"_tpl": "57e26fc7245977162a14b800",
			"parentId": "5dcb1dc5fb81105cd85c0298",
			"slotId": "Scabbard"
		},
		{
			"_id": "5dcb1dc5fb81105cd85c02cf",
			"_tpl": "5857a8bc2459772bad15db29",
			"parentId": "5dcb1dc5fb81105cd85c0298",
			"slotId": "SecuredContainer"
		},
		{
			"_id": "5dcb1dc5fb81105cd85c02d0",
			"_tpl": "5656d7c34bdc2d9d198b4587",
			"parentId": "5dcb1dc5fb81105cd85c02cf",
			"slotId": "main",
			"location": {
				"x": 0,
				"y": 0,
				"r": 0
			},
			"upd": {
				"StackObjectsCount": 60
			}
		},
		{
			"_id": "5dcb1dc5fb81105cd85c02d1",
			"_tpl": "5656d7c34bdc2d9d198b4587",
			"parentId": "5dcb1dc5fb81105cd85c02cf",
			"slotId": "main",
			"location": {
				"x": 1,
				"y": 0,
				"r": 0
			},
			"upd": {
				"StackObjectsCount": 60
			}
		},
		{
			"_id": "5dcb1dc5fb81105cd85c02d2",
			"_tpl": "5656d7c34bdc2d9d198b4587",
			"parentId": "5dcb1dc5fb81105cd85c02cf",
			"slotId": "main",
			"location": {
				"x": 2,
				"y": 0,
				"r": 0
			},
			"upd": {
				"StackObjectsCount": 60
			}
		},
		{
			"_id": "5dcb1dc5fb81105cd85c02d3",
			"_tpl": "5656d7c34bdc2d9d198b4587",
			"parentId": "5dcb1dc5fb81105cd85c02cf",
			"slotId": "main",
			"location": {
				"x": 0,
				"y": 1,
				"r": 0
			},
			"upd": {
				"StackObjectsCount": 60
			}
		},
		{
			"_id": "5dcb1dc5fb81105cd85c02d4",
			"_tpl": "5656d7c34bdc2d9d198b4587",
			"parentId": "5dcb1dc5fb81105cd85c02cf",
			"slotId": "main",
			"location": {
				"x": 1,
				"y": 1,
				"r": 0
			},
			"upd": {
				"StackObjectsCount": 60
			}
		},
		{
			"_id": "5dcb1dc5fb81105cd85c02d5",
			"_tpl": "5656d7c34bdc2d9d198b4587",
			"parentId": "5dcb1dc5fb81105cd85c02cf",
			"slotId": "main",
			"location": {
				"x": 2,
				"y": 1,
				"r": 0
			},
			"upd": {
				"StackObjectsCount": 60
			}
		},
		{
			"_id": "5dcb1dc5fb81105cd85c02d6",
			"_tpl": "5656d7c34bdc2d9d198b4587",
			"parentId": "5dcb1dc5fb81105cd85c02cf",
			"slotId": "main",
			"location": {
				"x": 0,
				"y": 2,
				"r": 0
			},
			"upd": {
				"StackObjectsCount": 60
			}
		},
		{
			"_id": "5dcb1dc5fb81105cd85c02d7",
			"_tpl": "5656d7c34bdc2d9d198b4587",
			"parentId": "5dcb1dc5fb81105cd85c02cf",
			"slotId": "main",
			"location": {
				"x": 1,
				"y": 2,
				"r": 0
			},
			"upd": {
				"StackObjectsCount": 60
			}
		},
		{
			"_id": "5dcb1dc5fb81105cd85c02d8",
			"_tpl": "5656d7c34bdc2d9d198b4587",
			"parentId": "5dcb1dc5fb81105cd85c02cf",
			"slotId": "main",
			"location": {
				"x": 2,
				"y": 2,
				"r": 0
			},
			"upd": {
				"StackObjectsCount": 60
			}
		},
		{
			"_id": "5dcb1dc5fb81105cd85c0297",
			"_tpl": "566abbc34bdc2d92178b4576"
		},
		{
			"_id": "5dcb1dc5fb81105cd85c029a",
			"_tpl": "5963866b86f7747bfa1c4462"
		},
		{
			"_id": "5dcb1dc5fb81105cd85c0299",
			"_tpl": "5963866286f7747bf429b572"
		}
	],
	"equipment": "5dcb1dc5fb81105cd85c0298",
	"stash": "5dcb1dc5fb81105cd85c0297",
	"questRaidItems": "5dcb1dc5fb81105cd85c0299",
	"questStashItems": "5dcb1dc5fb81105cd85c029a",
	"fastPanel": {}
}