{
	"items": [
		{
			"_id": "5dcb1dc5fb81105cd85c006b",
			"_tpl": "55d7217a4bdc2d86028b456d"
		},
		{
			"_id": "5dcb1dc5fb81105cd85c0087",
			"_tpl": "574d967124597745970e7c94",
			"parentId": "5dcb1dc5fb81105cd85c006b",
			"slotId": "FirstPrimaryWeapon"
		},
		{
			"_id": "5dcb1dc5fb81105cd85c0088",
			"_tpl": "574dad8024597745964bf05c",
			"parentId": "5dcb1dc5fb81105cd85c0087",
			"slotId": "mod_stock"
		},
		{
			"_id": "5dcb1dc5fb81105cd85c0089",
			"_tpl": "587df3a12459772c28142567",
			"parentId": "5dcb1dc5fb81105cd85c0087",
			"slotId": "mod_magazine"
		},
		{
			"_id": "5dcb1dc5fb81105cd85c008a",
			"_tpl": "5656d7c34bdc2d9d198b4587",
			"parentId": "5dcb1dc5fb81105cd85c0089",
			"slotId": "cartridges",
			"upd": {
				"StackObjectsCount": 10
			}
		},
		{
			"_id": "5dcb1dc5fb81105cd85c008b",
			"_tpl": "5656d7c34bdc2d9d198b4587",
			"parentId": "5dcb1dc5fb81105cd85c0087",
			"slotId": "patron_in_weapon",
			"upd": {
				"StackObjectsCount": 1
			}
		},
		{
			"_id": "5dcb1dc5fb81105cd85c008c",
			"_tpl": "557ffd194bdc2d28148b457f",
			"parentId": "5dcb1dc5fb81105cd85c006b",
			"slotId": "Pockets"
		},
		{
			"_id": "5dcb1dc5fb81105cd85c009b",
			"_tpl": "5449016a4bdc2d6f028b456f",
			"parentId": "5dcb1dc5fb81105cd85c008c",
			"slotId": "pocket1",
			"location": {
				"x": 0,
				"y": 0,
				"r": 0
			},
			"upd": {
				"StackObjectsCount": 10000
			}
		},
		{
			"_id": "5dcb1dc5fb81105cd85c008d",
			"_tpl": "59e7643b86f7742cbf2c109a",
			"parentId": "5dcb1dc5fb81105cd85c006b",
			"slotId": "TacticalVest"
		},
		{
			"_id": "5dcb1dc5fb81105cd85c0099",
			"_tpl": "5656d7c34bdc2d9d198b4587",
			"parentId": "5dcb1dc5fb81105cd85c008d",
			"slotId": "1",
			"location": {
				"x": 0,
				"y": 0,
				"r": 0
			},
			"upd": {
				"StackObjectsCount": 36
			}
		},
		{
			"_id": "5dcb1dc5fb81105cd85c008e",
			"_tpl": "57e26fc7245977162a14b800",
			"parentId": "5dcb1dc5fb81105cd85c006b",
			"slotId": "Scabbard"
		},
		{
			"_id": "5dcb1dc5fb81105cd85c008f",
			"_tpl": "5857a8bc2459772bad15db29",
			"parentId": "5dcb1dc5fb81105cd85c006b",
			"slotId": "SecuredContainer"
		},
		{
			"_id": "5dcb1dc5fb81105cd85c0090",
			"_tpl": "5656d7c34bdc2d9d198b4587",
			"parentId": "5dcb1dc5fb81105cd85c008f",
			"slotId": "main",
			"location": {
				"x": 0,
				"y": 0,
				"r": 0
			},
			"upd": {
				"StackObjectsCount": 60
			}
		},
		{
			"_id": "5dcb1dc5fb81105cd85c0091",
			"_tpl": "5656d7c34bdc2d9d198b4587",
			"parentId": "5dcb1dc5fb81105cd85c008f",
			"slotId": "main",
			"location": {
				"x": 1,
				"y": 0,
				"r": 0
			},
			"upd": {
				"StackObjectsCount": 60
			}
		},
		{
			"_id": "5dcb1dc5fb81105cd85c0092",
			"_tpl": "5656d7c34bdc2d9d198b4587",
			"parentId": "5dcb1dc5fb81105cd85c008f",
			"slotId": "main",
			"location": {
				"x": 2,
				"y": 0,
				"r": 0
			},
			"upd": {
				"StackObjectsCount": 60
			}
		},
		{
			"_id": "5dcb1dc5fb81105cd85c0093",
			"_tpl": "5656d7c34bdc2d9d198b4587",
			"parentId": "5dcb1dc5fb81105cd85c008f",
			"slotId": "main",
			"location": {
				"x": 0,
				"y": 1,
				"r": 0
			},
			"upd": {
				"StackObjectsCount": 60
			}
		},
		{
			"_id": "5dcb1dc5fb81105cd85c0094",
			"_tpl": "5656d7c34bdc2d9d198b4587",
			"parentId": "5dcb1dc5fb81105cd85c008f",
			"slotId": "main",
			"location": {
				"x": 1,
				"y": 1,
				"r": 0
			},
			"upd": {
				"StackObjectsCount": 60
			}
		},
		{
			"_id": "5dcb1dc5fb81105cd85c0095",
			"_tpl": "5656d7c34bdc2d9d198b4587",
			"parentId": "5dcb1dc5fb81105cd85c008f",
			"slotId": "main",
			"location": {
				"x": 2,
				"y": 1,
				"r": 0
			},
			"upd": {
				"StackObjectsCount": 60
			}
		},
		{
			"_id": "5dcb1dc5fb81105cd85c0096",
			"_tpl": "5656d7c34bdc2d9d198b4587",
			"parentId": "5dcb1dc5fb81105cd85c008f",
			"slotId": "main",
			"location": {
				"x": 0,
				"y": 2,
				"r": 0
			},
			"upd": {
				"StackObjectsCount": 60
			}
		},
		{
			"_id": "5dcb1dc5fb81105cd85c0097",
			"_tpl": "5656d7c34bdc2d9d198b4587",
			"parentId": "5dcb1dc5fb81105cd85c008f",
			"slotId": "main",
			"location": {
				"x": 1,
				"y": 2,
				"r": 0
			},
			"upd": {
				"StackObjectsCount": 60
			}
		},
		{
			"_id": "5dcb1dc5fb81105cd85c0098",
			"_tpl": "5656d7c34bdc2d9d198b4587",
			"parentId": "5dcb1dc5fb81105cd85c008f",
			"slotId": "main",
			"location": {
				"x": 2,
				"y": 2,
				"r": 0
			},
			"upd": {
				"StackObjectsCount": 60
			}
		},
		{
			"_id": "5dcb1dc5fb81105cd85c006a",
			"_tpl": "566abbc34bdc2d92178b4576"
		},
		{
			"_id": "5dcb1dc5fb81105cd85c006d",
			"_tpl": "5963866b86f7747bfa1c4462"
		},
		{
			"_id": "5dcb1dc5fb81105cd85c006c",
			"_tpl": "5963866286f7747bf429b572"
		}
	],
	"equipment": "5dcb1dc5fb81105cd85c006b",
	"stash": "5dcb1dc5fb81105cd85c006a",
	"questRaidItems": "5dcb1dc5fb81105cd85c006c",
	"questStashItems": "5dcb1dc5fb81105cd85c006d",
	"fastPanel": {}
}