{
	"items": [
		{
			"_id": "5dcb1de5d7ed5e035c4393ef",
			"_tpl": "55d7217a4bdc2d86028b456d"
		},
		{
			"_id": "5dcb1de5d7ed5e035c439411",
			"_tpl": "5a38e6bac4a2826c6e06d79b",
			"parentId": "5dcb1de5d7ed5e035c4393ef",
			"slotId": "FirstPrimaryWeapon"
		},
		{
			"_id": "5dcb1de5d7ed5e035c439412",
			"_tpl": "5a38ef1fc4a282000b1521f6",
			"parentId": "5dcb1de5d7ed5e035c439411",
			"slotId": "mod_stock"
		},
		{
			"_id": "5dcb1de5d7ed5e035c439413",
			"_tpl": "5a38eecdc4a282329a73b512",
			"parentId": "5dcb1de5d7ed5e035c439412",
			"slotId": "mod_pistol_grip"
		},
		{
			"_id": "5dcb1de5d7ed5e035c439414",
			"_tpl": "5a38ee51c4a282000c5a955c",
			"parentId": "5dcb1de5d7ed5e035c439411",
			"slotId": "mod_magazine"
		},
		{
			"_id": "5dcb1de5d7ed5e035c439415",
			"_tpl": "5a38ebd9c4a282000d722a5b",
			"parentId": "5dcb1de5d7ed5e035c439414",
			"slotId": "cartridges",
			"upd": {
				"StackObjectsCount": 2
			}
		},
		{
			"_id": "5dcb1de5d7ed5e035c439416",
			"_tpl": "5a38ebd9c4a282000d722a5b",
			"parentId": "5dcb1de5d7ed5e035c439411",
			"slotId": "patron_in_weapon",
			"upd": {
				"StackObjectsCount": 1
			}
		},
		{
			"_id": "5dcb1de5d7ed5e035c439417",
			"_tpl": "557ffd194bdc2d28148b457f",
			"parentId": "5dcb1de5d7ed5e035c4393ef",
			"slotId": "Pockets"
		},
		{
			"_id": "5dcb1de5d7ed5e035c43942a",
			"_tpl": "5c0e531d86f7747fa23f4d42",
			"parentId": "5dcb1de5d7ed5e035c439417",
			"slotId": "pocket1",
			"location": {
				"x": 0,
				"y": 0,
				"r": 0
			}
		},
		{
			"_id": "5dcb1de5d7ed5e035c439418",
			"_tpl": "572b7adb24597762ae139821",
			"parentId": "5dcb1de5d7ed5e035c4393ef",
			"slotId": "TacticalVest"
		},
		{
			"_id": "5dcb1de5d7ed5e035c439424",
			"_tpl": "5a38ee51c4a282000c5a955c",
			"parentId": "5dcb1de5d7ed5e035c439418",
			"slotId": "1",
			"location": {
				"x": 0,
				"y": 0,
				"r": 0
			}
		},
		{
			"_id": "5dcb1de5d7ed5e035c439425",
			"_tpl": "5a38ebd9c4a282000d722a5b",
			"parentId": "5dcb1de5d7ed5e035c439424",
			"slotId": "cartridges",
			"upd": {
				"StackObjectsCount": 2
			}
		},
		{
			"_id": "5dcb1de5d7ed5e035c439426",
			"_tpl": "5a38ee51c4a282000c5a955c",
			"parentId": "5dcb1de5d7ed5e035c439418",
			"slotId": "2",
			"location": {
				"x": 0,
				"y": 0,
				"r": 0
			}
		},
		{
			"_id": "5dcb1de5d7ed5e035c439427",
			"_tpl": "5a38ebd9c4a282000d722a5b",
			"parentId": "5dcb1de5d7ed5e035c439426",
			"slotId": "cartridges",
			"upd": {
				"StackObjectsCount": 2
			}
		},
		{
			"_id": "5dcb1de5d7ed5e035c439419",
			"_tpl": "572b7fa124597762b472f9d2",
			"parentId": "5dcb1de5d7ed5e035c4393ef",
			"slotId": "Headwear"
		},
		{
			"_id": "5dcb1de5d7ed5e035c43941a",
			"_tpl": "5857a8bc2459772bad15db29",
			"parentId": "5dcb1de5d7ed5e035c4393ef",
			"slotId": "SecuredContainer"
		},
		{
			"_id": "5dcb1de5d7ed5e035c43941b",
			"_tpl": "5a38ebd9c4a282000d722a5b",
			"parentId": "5dcb1de5d7ed5e035c43941a",
			"slotId": "main",
			"location": {
				"x": 0,
				"y": 0,
				"r": 0
			},
			"upd": {
				"StackObjectsCount": 20
			}
		},
		{
			"_id": "5dcb1de5d7ed5e035c43941c",
			"_tpl": "5a38ebd9c4a282000d722a5b",
			"parentId": "5dcb1de5d7ed5e035c43941a",
			"slotId": "main",
			"location": {
				"x": 1,
				"y": 0,
				"r": 0
			},
			"upd": {
				"StackObjectsCount": 20
			}
		},
		{
			"_id": "5dcb1de5d7ed5e035c43941d",
			"_tpl": "5a38ebd9c4a282000d722a5b",
			"parentId": "5dcb1de5d7ed5e035c43941a",
			"slotId": "main",
			"location": {
				"x": 2,
				"y": 0,
				"r": 0
			},
			"upd": {
				"StackObjectsCount": 20
			}
		},
		{
			"_id": "5dcb1de5d7ed5e035c43941e",
			"_tpl": "5a38ebd9c4a282000d722a5b",
			"parentId": "5dcb1de5d7ed5e035c43941a",
			"slotId": "main",
			"location": {
				"x": 0,
				"y": 1,
				"r": 0
			},
			"upd": {
				"StackObjectsCount": 20
			}
		},
		{
			"_id": "5dcb1de5d7ed5e035c43941f",
			"_tpl": "5a38ebd9c4a282000d722a5b",
			"parentId": "5dcb1de5d7ed5e035c43941a",
			"slotId": "main",
			"location": {
				"x": 1,
				"y": 1,
				"r": 0
			},
			"upd": {
				"StackObjectsCount": 20
			}
		},
		{
			"_id": "5dcb1de5d7ed5e035c439420",
			"_tpl": "5a38ebd9c4a282000d722a5b",
			"parentId": "5dcb1de5d7ed5e035c43941a",
			"slotId": "main",
			"location": {
				"x": 2,
				"y": 1,
				"r": 0
			},
			"upd": {
				"StackObjectsCount": 20
			}
		},
		{
			"_id": "5dcb1de5d7ed5e035c439421",
			"_tpl": "5a38ebd9c4a282000d722a5b",
			"parentId": "5dcb1de5d7ed5e035c43941a",
			"slotId": "main",
			"location": {
				"x": 0,
				"y": 2,
				"r": 0
			},
			"upd": {
				"StackObjectsCount": 20
			}
		},
		{
			"_id": "5dcb1de5d7ed5e035c439422",
			"_tpl": "5a38ebd9c4a282000d722a5b",
			"parentId": "5dcb1de5d7ed5e035c43941a",
			"slotId": "main",
			"location": {
				"x": 1,
				"y": 2,
				"r": 0
			},
			"upd": {
				"StackObjectsCount": 20
			}
		},
		{
			"_id": "5dcb1de5d7ed5e035c439423",
			"_tpl": "5a38ebd9c4a282000d722a5b",
			"parentId": "5dcb1de5d7ed5e035c43941a",
			"slotId": "main",
			"location": {
				"x": 2,
				"y": 2,
				"r": 0
			},
			"upd": {
				"StackObjectsCount": 20
			}
		},
		{
			"_id": "5dcb1de5d7ed5e035c4393ee",
			"_tpl": "566abbc34bdc2d92178b4576"
		},
		{
			"_id": "5dcb1de5d7ed5e035c4393f1",
			"_tpl": "5963866b86f7747bfa1c4462"
		},
		{
			"_id": "5dcb1de5d7ed5e035c4393f0",
			"_tpl": "5963866286f7747bf429b572"
		}
	],
	"equipment": "5dcb1de5d7ed5e035c4393ef",
	"stash": "5dcb1de5d7ed5e035c4393ee",
	"questRaidItems": "5dcb1de5d7ed5e035c4393f0",
	"questStashItems": "5dcb1de5d7ed5e035c4393f1",
	"fastPanel": {}
}