{
	"items": [
		{
			"_id": "5dcb1de5d7ed5e035c438b6f",
			"_tpl": "55d7217a4bdc2d86028b456d"
		},
		{
			"_id": "5dcb1de5d7ed5e035c438b74",
			"_tpl": "5c07c60e0db834002330051f",
			"parentId": "5dcb1de5d7ed5e035c438b6f",
			"slotId": "FirstPrimaryWeapon",
			"upd": {
				"FireMode": {
					"FireMode": "single"
				}
			}
		},
		{
			"_id": "5dcb1de5d7ed5e035c438b75",
			"_tpl": "5c0e2ff6d174af02a1659d4a",
			"parentId": "5dcb1de5d7ed5e035c438b74",
			"slotId": "mod_pistol_grip"
		},
		{
			"_id": "5dcb1de5d7ed5e035c438b7c",
			"_tpl": "5649be884bdc2d79388b4577",
			"parentId": "5dcb1de5d7ed5e035c438b74",
			"slotId": "mod_stock"
		},
		{
			"_id": "5dcb1de5d7ed5e035c438b7d",
			"_tpl": "5c0faf68d174af02a96260b8",
			"parentId": "5dcb1de5d7ed5e035c438b74",
			"slotId": "mod_charge"
		},
		{
			"_id": "5dcb1de5d7ed5e035c438b7e",
			"_tpl": "5c0e2f26d174af02a9625114",
			"parentId": "5dcb1de5d7ed5e035c438b74",
			"slotId": "mod_reciever"
		},
		{
			"_id": "5dcb1de5d7ed5e035c438b7f",
			"_tpl": "5c0e2f94d174af029f650d56",
			"parentId": "5dcb1de5d7ed5e035c438b7e",
			"slotId": "mod_barrel"
		},
		{
			"_id": "5dcb1de5d7ed5e035c438b80",
			"_tpl": "5ae30e795acfc408fb139a0b",
			"parentId": "5dcb1de5d7ed5e035c438b7f",
			"slotId": "mod_gas_block"
		},
		{
			"_id": "5dcb1de5d7ed5e035c438b81",
			"_tpl": "5c0e2f5cd174af02a012cfc9",
			"parentId": "5dcb1de5d7ed5e035c438b7e",
			"slotId": "mod_handguard"
		},
		{
			"_id": "5dcb1de5d7ed5e035c438b82",
			"_tpl": "584984812459776a704a82a6",
			"parentId": "5dcb1de5d7ed5e035c438b7e",
			"slotId": "mod_scope"
		},
		{
			"_id": "5dcb1de5d7ed5e035c438b83",
			"_tpl": "55d5f46a4bdc2d1b198b4567",
			"parentId": "5dcb1de5d7ed5e035c438b7e",
			"slotId": "mod_sight_rear"
		},
		{
			"_id": "5dcb1de5d7ed5e035c438b84",
			"_tpl": "55d4887d4bdc2d962f8b4570",
			"parentId": "5dcb1de5d7ed5e035c438b74",
			"slotId": "mod_magazine"
		},
		{
			"_id": "5dcb1de5d7ed5e035c438b85",
			"_tpl": "54527a984bdc2d4e668b4567",
			"parentId": "5dcb1de5d7ed5e035c438b84",
			"slotId": "cartridges",
			"upd": {
				"StackObjectsCount": 30
			}
		},
		{
			"_id": "5dcb1de5d7ed5e035c438b86",
			"_tpl": "557ffd194bdc2d28148b457f",
			"parentId": "5dcb1de5d7ed5e035c438b6f",
			"slotId": "Pockets"
		},
		{
			"_id": "5dcb1de5d7ed5e035c438b9e",
			"_tpl": "57347d692459774491567cf1",
			"parentId": "5dcb1de5d7ed5e035c438b86",
			"slotId": "pocket1",
			"location": {
				"x": 0,
				"y": 0,
				"r": 0
			},
			"upd": {
				"FoodDrink": {
					"HpPercent": 1
				}
			}
		},
		{
			"_id": "5dcb1de5d7ed5e035c438b87",
			"_tpl": "59e7643b86f7742cbf2c109a",
			"parentId": "5dcb1de5d7ed5e035c438b6f",
			"slotId": "TacticalVest"
		},
		{
			"_id": "5dcb1de5d7ed5e035c438b96",
			"_tpl": "55d4887d4bdc2d962f8b4570",
			"parentId": "5dcb1de5d7ed5e035c438b87",
			"slotId": "1",
			"location": {
				"x": 0,
				"y": 0,
				"r": 0
			}
		},
		{
			"_id": "5dcb1de5d7ed5e035c438b97",
			"_tpl": "54527a984bdc2d4e668b4567",
			"parentId": "5dcb1de5d7ed5e035c438b96",
			"slotId": "cartridges",
			"upd": {
				"StackObjectsCount": 30
			}
		},
		{
			"_id": "5dcb1de5d7ed5e035c438b98",
			"_tpl": "55d4887d4bdc2d962f8b4570",
			"parentId": "5dcb1de5d7ed5e035c438b87",
			"slotId": "1",
			"location": {
				"x": 1,
				"y": 0,
				"r": 0
			}
		},
		{
			"_id": "5dcb1de5d7ed5e035c438b99",
			"_tpl": "54527a984bdc2d4e668b4567",
			"parentId": "5dcb1de5d7ed5e035c438b98",
			"slotId": "cartridges",
			"upd": {
				"StackObjectsCount": 30
			}
		},
		{
			"_id": "5dcb1de5d7ed5e035c438b9a",
			"_tpl": "55d4887d4bdc2d962f8b4570",
			"parentId": "5dcb1de5d7ed5e035c438b87",
			"slotId": "2",
			"location": {
				"x": 0,
				"y": 0,
				"r": 0
			}
		},
		{
			"_id": "5dcb1de5d7ed5e035c438b9b",
			"_tpl": "54527a984bdc2d4e668b4567",
			"parentId": "5dcb1de5d7ed5e035c438b9a",
			"slotId": "cartridges",
			"upd": {
				"StackObjectsCount": 30
			}
		},
		{
			"_id": "5dcb1de5d7ed5e035c438b88",
			"_tpl": "572b7fa524597762b747ce82",
			"parentId": "5dcb1de5d7ed5e035c438b6f",
			"slotId": "FaceCover"
		},
		{
			"_id": "5dcb1de5d7ed5e035c438b89",
			"_tpl": "59e7635f86f7742cbf2c1095",
			"parentId": "5dcb1de5d7ed5e035c438b6f",
			"slotId": "ArmorVest",
			"upd": {
				"Repairable": {
					"Durability": 35
				}
			}
		},
		{
			"_id": "5dcb1de5d7ed5e035c438b8a",
			"_tpl": "57e26ea924597715ca604a09",
			"parentId": "5dcb1de5d7ed5e035c438b6f",
			"slotId": "Scabbard"
		},
		{
			"_id": "5dcb1de5d7ed5e035c438b8b",
			"_tpl": "56e33634d2720bd8058b456b",
			"parentId": "5dcb1de5d7ed5e035c438b6f",
			"slotId": "Backpack"
		},
		{
			"_id": "5dcb1de5d7ed5e035c438b8c",
			"_tpl": "5857a8bc2459772bad15db29",
			"parentId": "5dcb1de5d7ed5e035c438b6f",
			"slotId": "SecuredContainer"
		},
		{
			"_id": "5dcb1de5d7ed5e035c438b8d",
			"_tpl": "54527a984bdc2d4e668b4567",
			"parentId": "5dcb1de5d7ed5e035c438b8c",
			"slotId": "main",
			"location": {
				"x": 0,
				"y": 0,
				"r": 0
			},
			"upd": {
				"StackObjectsCount": 60
			}
		},
		{
			"_id": "5dcb1de5d7ed5e035c438b8e",
			"_tpl": "54527a984bdc2d4e668b4567",
			"parentId": "5dcb1de5d7ed5e035c438b8c",
			"slotId": "main",
			"location": {
				"x": 1,
				"y": 0,
				"r": 0
			},
			"upd": {
				"StackObjectsCount": 60
			}
		},
		{
			"_id": "5dcb1de5d7ed5e035c438b8f",
			"_tpl": "54527a984bdc2d4e668b4567",
			"parentId": "5dcb1de5d7ed5e035c438b8c",
			"slotId": "main",
			"location": {
				"x": 2,
				"y": 0,
				"r": 0
			},
			"upd": {
				"StackObjectsCount": 60
			}
		},
		{
			"_id": "5dcb1de5d7ed5e035c438b90",
			"_tpl": "54527a984bdc2d4e668b4567",
			"parentId": "5dcb1de5d7ed5e035c438b8c",
			"slotId": "main",
			"location": {
				"x": 0,
				"y": 1,
				"r": 0
			},
			"upd": {
				"StackObjectsCount": 60
			}
		},
		{
			"_id": "5dcb1de5d7ed5e035c438b91",
			"_tpl": "54527a984bdc2d4e668b4567",
			"parentId": "5dcb1de5d7ed5e035c438b8c",
			"slotId": "main",
			"location": {
				"x": 1,
				"y": 1,
				"r": 0
			},
			"upd": {
				"StackObjectsCount": 60
			}
		},
		{
			"_id": "5dcb1de5d7ed5e035c438b92",
			"_tpl": "54527a984bdc2d4e668b4567",
			"parentId": "5dcb1de5d7ed5e035c438b8c",
			"slotId": "main",
			"location": {
				"x": 2,
				"y": 1,
				"r": 0
			},
			"upd": {
				"StackObjectsCount": 60
			}
		},
		{
			"_id": "5dcb1de5d7ed5e035c438b93",
			"_tpl": "54527a984bdc2d4e668b4567",
			"parentId": "5dcb1de5d7ed5e035c438b8c",
			"slotId": "main",
			"location": {
				"x": 0,
				"y": 2,
				"r": 0
			},
			"upd": {
				"StackObjectsCount": 60
			}
		},
		{
			"_id": "5dcb1de5d7ed5e035c438b94",
			"_tpl": "54527a984bdc2d4e668b4567",
			"parentId": "5dcb1de5d7ed5e035c438b8c",
			"slotId": "main",
			"location": {
				"x": 1,
				"y": 2,
				"r": 0
			},
			"upd": {
				"StackObjectsCount": 60
			}
		},
		{
			"_id": "5dcb1de5d7ed5e035c438b95",
			"_tpl": "54527a984bdc2d4e668b4567",
			"parentId": "5dcb1de5d7ed5e035c438b8c",
			"slotId": "main",
			"location": {
				"x": 2,
				"y": 2,
				"r": 0
			},
			"upd": {
				"StackObjectsCount": 60
			}
		},
		{
			"_id": "5dcb1de5d7ed5e035c438b72",
			"_tpl": "566abbc34bdc2d92178b4576"
		},
		{
			"_id": "5dcb1de5d7ed5e035c438b71",
			"_tpl": "5963866b86f7747bfa1c4462"
		},
		{
			"_id": "5dcb1de5d7ed5e035c438b70",
			"_tpl": "5963866286f7747bf429b572"
		}
	],
	"equipment": "5dcb1de5d7ed5e035c438b6f",
	"stash": "5dcb1de5d7ed5e035c438b72",
	"questRaidItems": "5dcb1de5d7ed5e035c438b70",
	"questStashItems": "5dcb1de5d7ed5e035c438b71",
	"fastPanel": {}
}