{
	"items": [
		{
			"_id": "5dcb1df6171ac3579029afc7",
			"_tpl": "55d7217a4bdc2d86028b456d"
		},
		{
			"_id": "5dcb1df6171ac3579029afe5",
			"_tpl": "5bfd297f0db834001a669119",
			"parentId": "5dcb1df6171ac3579029afc7",
			"slotId": "FirstPrimaryWeapon",
			"upd": {
				"FireMode": {
					"FireMode": "single"
				}
			}
		},
		{
			"_id": "5dcb1df6171ac3579029afe7",
			"_tpl": "5bfd35380db83400232fe5cc",
			"parentId": "5dcb1df6171ac3579029afe5",
			"slotId": "mod_stock"
		},
		{
			"_id": "5dcb1df6171ac3579029afe8",
			"_tpl": "5ae09bff5acfc4001562219d",
			"parentId": "5dcb1df6171ac3579029afe5",
			"slotId": "mod_barrel"
		},
		{
			"_id": "5dcb1df6171ac3579029afe9",
			"_tpl": "5ae099875acfc4001714e593",
			"parentId": "5dcb1df6171ac3579029afe8",
			"slotId": "mod_sight_front"
		},
		{
			"_id": "5dcb1df6171ac3579029afea",
			"_tpl": "5ae099925acfc4001a5fc7b3",
			"parentId": "5dcb1df6171ac3579029afe8",
			"slotId": "mod_sight_rear"
		},
		{
			"_id": "5dcb1df6171ac3579029afeb",
			"_tpl": "5ae0973a5acfc4001562206c",
			"parentId": "5dcb1df6171ac3579029afe5",
			"slotId": "mod_magazine"
		},
		{
			"_id": "5dcb1df6171ac3579029afec",
			"_tpl": "5887431f2459777e1612938f",
			"parentId": "5dcb1df6171ac3579029afeb",
			"slotId": "cartridges",
			"upd": {
				"StackObjectsCount": 5
			}
		},
		{
			"_id": "5dcb1df6171ac3579029afed",
			"_tpl": "557ffd194bdc2d28148b457f",
			"parentId": "5dcb1df6171ac3579029afc7",
			"slotId": "Pockets"
		},
		{
			"_id": "5dcb1df6171ac3579029afff",
			"_tpl": "5c10c8fd86f7743d7d706df3",
			"parentId": "5dcb1df6171ac3579029afed",
			"slotId": "pocket1",
			"location": {
				"x": 0,
				"y": 0,
				"r": 0
			}
		},
		{
			"_id": "5dcb1df6171ac3579029afee",
			"_tpl": "572b7adb24597762ae139821",
			"parentId": "5dcb1df6171ac3579029afc7",
			"slotId": "TacticalVest"
		},
		{
			"_id": "5dcb1df6171ac3579029affc",
			"_tpl": "5887431f2459777e1612938f",
			"parentId": "5dcb1df6171ac3579029afee",
			"slotId": "1",
			"location": {
				"x": 0,
				"y": 0,
				"r": 0
			},
			"upd": {
				"StackObjectsCount": 19
			}
		},
		{
			"_id": "5dcb1df6171ac3579029affd",
			"_tpl": "5887431f2459777e1612938f",
			"parentId": "5dcb1df6171ac3579029afee",
			"slotId": "2",
			"location": {
				"x": 0,
				"y": 0,
				"r": 0
			},
			"upd": {
				"StackObjectsCount": 15
			}
		},
		{
			"_id": "5dcb1df6171ac3579029afef",
			"_tpl": "5b4329075acfc400153b78ff",
			"parentId": "5dcb1df6171ac3579029afc7",
			"slotId": "Headwear"
		},
		{
			"_id": "5dcb1df6171ac3579029aff0",
			"_tpl": "57e26fc7245977162a14b800",
			"parentId": "5dcb1df6171ac3579029afc7",
			"slotId": "Scabbard"
		},
		{
			"_id": "5dcb1df6171ac3579029aff1",
			"_tpl": "56e33680d2720be2748b4576",
			"parentId": "5dcb1df6171ac3579029afc7",
			"slotId": "Backpack"
		},
		{
			"_id": "5dcb1df6171ac3579029aff2",
			"_tpl": "5857a8bc2459772bad15db29",
			"parentId": "5dcb1df6171ac3579029afc7",
			"slotId": "SecuredContainer"
		},
		{
			"_id": "5dcb1df6171ac3579029aff3",
			"_tpl": "5887431f2459777e1612938f",
			"parentId": "5dcb1df6171ac3579029aff2",
			"slotId": "main",
			"location": {
				"x": 0,
				"y": 0,
				"r": 0
			},
			"upd": {
				"StackObjectsCount": 40
			}
		},
		{
			"_id": "5dcb1df6171ac3579029aff4",
			"_tpl": "5887431f2459777e1612938f",
			"parentId": "5dcb1df6171ac3579029aff2",
			"slotId": "main",
			"location": {
				"x": 1,
				"y": 0,
				"r": 0
			},
			"upd": {
				"StackObjectsCount": 40
			}
		},
		{
			"_id": "5dcb1df6171ac3579029aff5",
			"_tpl": "5887431f2459777e1612938f",
			"parentId": "5dcb1df6171ac3579029aff2",
			"slotId": "main",
			"location": {
				"x": 2,
				"y": 0,
				"r": 0
			},
			"upd": {
				"StackObjectsCount": 40
			}
		},
		{
			"_id": "5dcb1df6171ac3579029aff6",
			"_tpl": "5887431f2459777e1612938f",
			"parentId": "5dcb1df6171ac3579029aff2",
			"slotId": "main",
			"location": {
				"x": 0,
				"y": 1,
				"r": 0
			},
			"upd": {
				"StackObjectsCount": 40
			}
		},
		{
			"_id": "5dcb1df6171ac3579029aff7",
			"_tpl": "5887431f2459777e1612938f",
			"parentId": "5dcb1df6171ac3579029aff2",
			"slotId": "main",
			"location": {
				"x": 1,
				"y": 1,
				"r": 0
			},
			"upd": {
				"StackObjectsCount": 40
			}
		},
		{
			"_id": "5dcb1df6171ac3579029aff8",
			"_tpl": "5887431f2459777e1612938f",
			"parentId": "5dcb1df6171ac3579029aff2",
			"slotId": "main",
			"location": {
				"x": 2,
				"y": 1,
				"r": 0
			},
			"upd": {
				"StackObjectsCount": 40
			}
		},
		{
			"_id": "5dcb1df6171ac3579029aff9",
			"_tpl": "5887431f2459777e1612938f",
			"parentId": "5dcb1df6171ac3579029aff2",
			"slotId": "main",
			"location": {
				"x": 0,
				"y": 2,
				"r": 0
			},
			"upd": {
				"StackObjectsCount": 40
			}
		},
		{
			"_id": "5dcb1df6171ac3579029affa",
			"_tpl": "5887431f2459777e1612938f",
			"parentId": "5dcb1df6171ac3579029aff2",
			"slotId": "main",
			"location": {
				"x": 1,
				"y": 2,
				"r": 0
			},
			"upd": {
				"StackObjectsCount": 40
			}
		},
		{
			"_id": "5dcb1df6171ac3579029affb",
			"_tpl": "5887431f2459777e1612938f",
			"parentId": "5dcb1df6171ac3579029aff2",
			"slotId": "main",
			"location": {
				"x": 2,
				"y": 2,
				"r": 0
			},
			"upd": {
				"StackObjectsCount": 40
			}
		},
		{
			"_id": "5dcb1df6171ac3579029afc6",
			"_tpl": "566abbc34bdc2d92178b4576"
		},
		{
			"_id": "5dcb1df6171ac3579029afc9",
			"_tpl": "5963866b86f7747bfa1c4462"
		},
		{
			"_id": "5dcb1df6171ac3579029afc8",
			"_tpl": "5963866286f7747bf429b572"
		}
	],
	"equipment": "5dcb1df6171ac3579029afc7",
	"stash": "5dcb1df6171ac3579029afc6",
	"questRaidItems": "5dcb1df6171ac3579029afc8",
	"questStashItems": "5dcb1df6171ac3579029afc9",
	"fastPanel": {}
}