{
	"items": [
		{
			"_id": "5dcb1dc4fb81105cd85bddab",
			"_tpl": "55d7217a4bdc2d86028b456d"
		},
		{
			"_id": "5dcb1dc4fb81105cd85bddc7",
			"_tpl": "5448bd6b4bdc2dfc2f8b4569",
			"parentId": "5dcb1dc4fb81105cd85bddab",
			"slotId": "Holster"
		},
		{
			"_id": "5dcb1dc4fb81105cd85bddc8",
			"_tpl": "5448c12b4bdc2d02308b456f",
			"parentId": "5dcb1dc4fb81105cd85bddc7",
			"slotId": "mod_magazine"
		},
		{
			"_id": "5dcb1dc4fb81105cd85bddc9",
			"_tpl": "573719762459775a626ccbc1",
			"parentId": "5dcb1dc4fb81105cd85bddc8",
			"slotId": "cartridges",
			"upd": {
				"StackObjectsCount": 8
			}
		},
		{
			"_id": "5dcb1dc4fb81105cd85bddca",
			"_tpl": "573719762459775a626ccbc1",
			"parentId": "5dcb1dc4fb81105cd85bddc7",
			"slotId": "patron_in_weapon",
			"upd": {
				"StackObjectsCount": 1
			}
		},
		{
			"_id": "5dcb1dc4fb81105cd85bddcb",
			"_tpl": "557ffd194bdc2d28148b457f",
			"parentId": "5dcb1dc4fb81105cd85bddab",
			"slotId": "Pockets"
		},
		{
			"_id": "5dcb1dc4fb81105cd85bddcc",
			"_tpl": "572b7adb24597762ae139821",
			"parentId": "5dcb1dc4fb81105cd85bddab",
			"slotId": "TacticalVest"
		},
		{
			"_id": "5dcb1dc4fb81105cd85bddd9",
			"_tpl": "5448c12b4bdc2d02308b456f",
			"parentId": "5dcb1dc4fb81105cd85bddcc",
			"slotId": "1",
			"location": {
				"x": 0,
				"y": 0,
				"r": 0
			}
		},
		{
			"_id": "5dcb1dc4fb81105cd85bddda",
			"_tpl": "573719762459775a626ccbc1",
			"parentId": "5dcb1dc4fb81105cd85bddd9",
			"slotId": "cartridges",
			"upd": {
				"StackObjectsCount": 8
			}
		},
		{
			"_id": "5dcb1dc4fb81105cd85bddcd",
			"_tpl": "572b7d8524597762b472f9d1",
			"parentId": "5dcb1dc4fb81105cd85bddab",
			"slotId": "Headwear"
		},
		{
			"_id": "5dcb1dc4fb81105cd85bddce",
			"_tpl": "57e26ea924597715ca604a09",
			"parentId": "5dcb1dc4fb81105cd85bddab",
			"slotId": "Scabbard"
		},
		{
			"_id": "5dcb1dc4fb81105cd85bddcf",
			"_tpl": "5857a8bc2459772bad15db29",
			"parentId": "5dcb1dc4fb81105cd85bddab",
			"slotId": "SecuredContainer"
		},
		{
			"_id": "5dcb1dc4fb81105cd85bddd0",
			"_tpl": "573719762459775a626ccbc1",
			"parentId": "5dcb1dc4fb81105cd85bddcf",
			"slotId": "main",
			"location": {
				"x": 0,
				"y": 0,
				"r": 0
			},
			"upd": {
				"StackObjectsCount": 50
			}
		},
		{
			"_id": "5dcb1dc4fb81105cd85bddd1",
			"_tpl": "573719762459775a626ccbc1",
			"parentId": "5dcb1dc4fb81105cd85bddcf",
			"slotId": "main",
			"location": {
				"x": 1,
				"y": 0,
				"r": 0
			},
			"upd": {
				"StackObjectsCount": 50
			}
		},
		{
			"_id": "5dcb1dc4fb81105cd85bddd2",
			"_tpl": "573719762459775a626ccbc1",
			"parentId": "5dcb1dc4fb81105cd85bddcf",
			"slotId": "main",
			"location": {
				"x": 2,
				"y": 0,
				"r": 0
			},
			"upd": {
				"StackObjectsCount": 50
			}
		},
		{
			"_id": "5dcb1dc4fb81105cd85bddd3",
			"_tpl": "573719762459775a626ccbc1",
			"parentId": "5dcb1dc4fb81105cd85bddcf",
			"slotId": "main",
			"location": {
				"x": 0,
				"y": 1,
				"r": 0
			},
			"upd": {
				"StackObjectsCount": 50
			}
		},
		{
			"_id": "5dcb1dc4fb81105cd85bddd4",
			"_tpl": "573719762459775a626ccbc1",
			"parentId": "5dcb1dc4fb81105cd85bddcf",
			"slotId": "main",
			"location": {
				"x": 1,
				"y": 1,
				"r": 0
			},
			"upd": {
				"StackObjectsCount": 50
			}
		},
		{
			"_id": "5dcb1dc4fb81105cd85bddd5",
			"_tpl": "573719762459775a626ccbc1",
			"parentId": "5dcb1dc4fb81105cd85bddcf",
			"slotId": "main",
			"location": {
				"x": 2,
				"y": 1,
				"r": 0
			},
			"upd": {
				"StackObjectsCount": 50
			}
		},
		{
			"_id": "5dcb1dc4fb81105cd85bddd6",
			"_tpl": "573719762459775a626ccbc1",
			"parentId": "5dcb1dc4fb81105cd85bddcf",
			"slotId": "main",
			"location": {
				"x": 0,
				"y": 2,
				"r": 0
			},
			"upd": {
				"StackObjectsCount": 50
			}
		},
		{
			"_id": "5dcb1dc4fb81105cd85bddd7",
			"_tpl": "573719762459775a626ccbc1",
			"parentId": "5dcb1dc4fb81105cd85bddcf",
			"slotId": "main",
			"location": {
				"x": 1,
				"y": 2,
				"r": 0
			},
			"upd": {
				"StackObjectsCount": 50
			}
		},
		{
			"_id": "5dcb1dc4fb81105cd85bddd8",
			"_tpl": "573719762459775a626ccbc1",
			"parentId": "5dcb1dc4fb81105cd85bddcf",
			"slotId": "main",
			"location": {
				"x": 2,
				"y": 2,
				"r": 0
			},
			"upd": {
				"StackObjectsCount": 50
			}
		},
		{
			"_id": "5dcb1dc4fb81105cd85bddaa",
			"_tpl": "566abbc34bdc2d92178b4576"
		},
		{
			"_id": "5dcb1dc4fb81105cd85bddad",
			"_tpl": "5963866b86f7747bfa1c4462"
		},
		{
			"_id": "5dcb1dc4fb81105cd85bddac",
			"_tpl": "5963866286f7747bf429b572"
		}
	],
	"equipment": "5dcb1dc4fb81105cd85bddab",
	"stash": "5dcb1dc4fb81105cd85bddaa",
	"questRaidItems": "5dcb1dc4fb81105cd85bddac",
	"questStashItems": "5dcb1dc4fb81105cd85bddad",
	"fastPanel": {}
}