{
	"items": [
		{
			"_id": "5dcb1dc4fb81105cd85bda51",
			"_tpl": "55d7217a4bdc2d86028b456d"
		},
		{
			"_id": "5dcb1dc4fb81105cd85bda74",
			"_tpl": "5448bd6b4bdc2dfc2f8b4569",
			"parentId": "5dcb1dc4fb81105cd85bda51",
			"slotId": "Holster"
		},
		{
			"_id": "5dcb1dc4fb81105cd85bda75",
			"_tpl": "5448c12b4bdc2d02308b456f",
			"parentId": "5dcb1dc4fb81105cd85bda74",
			"slotId": "mod_magazine"
		},
		{
			"_id": "5dcb1dc4fb81105cd85bda76",
			"_tpl": "573719762459775a626ccbc1",
			"parentId": "5dcb1dc4fb81105cd85bda75",
			"slotId": "cartridges",
			"upd": {
				"StackObjectsCount": 8
			}
		},
		{
			"_id": "5dcb1dc4fb81105cd85bda77",
			"_tpl": "573719762459775a626ccbc1",
			"parentId": "5dcb1dc4fb81105cd85bda74",
			"slotId": "patron_in_weapon",
			"upd": {
				"StackObjectsCount": 1
			}
		},
		{
			"_id": "5dcb1dc4fb81105cd85bda78",
			"_tpl": "557ffd194bdc2d28148b457f",
			"parentId": "5dcb1dc4fb81105cd85bda51",
			"slotId": "Pockets"
		},
		{
			"_id": "5dcb1dc4fb81105cd85bda79",
			"_tpl": "572b7adb24597762ae139821",
			"parentId": "5dcb1dc4fb81105cd85bda51",
			"slotId": "TacticalVest"
		},
		{
			"_id": "5dcb1dc4fb81105cd85bda85",
			"_tpl": "5448c12b4bdc2d02308b456f",
			"parentId": "5dcb1dc4fb81105cd85bda79",
			"slotId": "1",
			"location": {
				"x": 0,
				"y": 0,
				"r": 0
			}
		},
		{
			"_id": "5dcb1dc4fb81105cd85bda86",
			"_tpl": "573719762459775a626ccbc1",
			"parentId": "5dcb1dc4fb81105cd85bda85",
			"slotId": "cartridges",
			"upd": {
				"StackObjectsCount": 8
			}
		},
		{
			"_id": "5dcb1dc4fb81105cd85bda87",
			"_tpl": "5448c12b4bdc2d02308b456f",
			"parentId": "5dcb1dc4fb81105cd85bda79",
			"slotId": "2",
			"location": {
				"x": 0,
				"y": 0,
				"r": 0
			}
		},
		{
			"_id": "5dcb1dc4fb81105cd85bda88",
			"_tpl": "573719762459775a626ccbc1",
			"parentId": "5dcb1dc4fb81105cd85bda87",
			"slotId": "cartridges",
			"upd": {
				"StackObjectsCount": 8
			}
		},
		{
			"_id": "5dcb1dc4fb81105cd85bda7a",
			"_tpl": "59e770f986f7742cbe3164ef",
			"parentId": "5dcb1dc4fb81105cd85bda51",
			"slotId": "Headwear"
		},
		{
			"_id": "5dcb1dc4fb81105cd85bda7b",
			"_tpl": "5857a8bc2459772bad15db29",
			"parentId": "5dcb1dc4fb81105cd85bda51",
			"slotId": "SecuredContainer"
		},
		{
			"_id": "5dcb1dc4fb81105cd85bda7c",
			"_tpl": "573719762459775a626ccbc1",
			"parentId": "5dcb1dc4fb81105cd85bda7b",
			"slotId": "main",
			"location": {
				"x": 0,
				"y": 0,
				"r": 0
			},
			"upd": {
				"StackObjectsCount": 50
			}
		},
		{
			"_id": "5dcb1dc4fb81105cd85bda7d",
			"_tpl": "573719762459775a626ccbc1",
			"parentId": "5dcb1dc4fb81105cd85bda7b",
			"slotId": "main",
			"location": {
				"x": 1,
				"y": 0,
				"r": 0
			},
			"upd": {
				"StackObjectsCount": 50
			}
		},
		{
			"_id": "5dcb1dc4fb81105cd85bda7e",
			"_tpl": "573719762459775a626ccbc1",
			"parentId": "5dcb1dc4fb81105cd85bda7b",
			"slotId": "main",
			"location": {
				"x": 2,
				"y": 0,
				"r": 0
			},
			"upd": {
				"StackObjectsCount": 50
			}
		},
		{
			"_id": "5dcb1dc4fb81105cd85bda7f",
			"_tpl": "573719762459775a626ccbc1",
			"parentId": "5dcb1dc4fb81105cd85bda7b",
			"slotId": "main",
			"location": {
				"x": 0,
				"y": 1,
				"r": 0
			},
			"upd": {
				"StackObjectsCount": 50
			}
		},
		{
			"_id": "5dcb1dc4fb81105cd85bda80",
			"_tpl": "573719762459775a626ccbc1",
			"parentId": "5dcb1dc4fb81105cd85bda7b",
			"slotId": "main",
			"location": {
				"x": 1,
				"y": 1,
				"r": 0
			},
			"upd": {
				"StackObjectsCount": 50
			}
		},
		{
			"_id": "5dcb1dc4fb81105cd85bda81",
			"_tpl": "573719762459775a626ccbc1",
			"parentId": "5dcb1dc4fb81105cd85bda7b",
			"slotId": "main",
			"location": {
				"x": 2,
				"y": 1,
				"r": 0
			},
			"upd": {
				"StackObjectsCount": 50
			}
		},
		{
			"_id": "5dcb1dc4fb81105cd85bda82",
			"_tpl": "573719762459775a626ccbc1",
			"parentId": "5dcb1dc4fb81105cd85bda7b",
			"slotId": "main",
			"location": {
				"x": 0,
				"y": 2,
				"r": 0
			},
			"upd": {
				"StackObjectsCount": 50
			}
		},
		{
			"_id": "5dcb1dc4fb81105cd85bda83",
			"_tpl": "573719762459775a626ccbc1",
			"parentId": "5dcb1dc4fb81105cd85bda7b",
			"slotId": "main",
			"location": {
				"x": 1,
				"y": 2,
				"r": 0
			},
			"upd": {
				"StackObjectsCount": 50
			}
		},
		{
			"_id": "5dcb1dc4fb81105cd85bda84",
			"_tpl": "573719762459775a626ccbc1",
			"parentId": "5dcb1dc4fb81105cd85bda7b",
			"slotId": "main",
			"location": {
				"x": 2,
				"y": 2,
				"r": 0
			},
			"upd": {
				"StackObjectsCount": 50
			}
		},
		{
			"_id": "5dcb1dc4fb81105cd85bda50",
			"_tpl": "566abbc34bdc2d92178b4576"
		},
		{
			"_id": "5dcb1dc4fb81105cd85bda53",
			"_tpl": "5963866b86f7747bfa1c4462"
		},
		{
			"_id": "5dcb1dc4fb81105cd85bda52",
			"_tpl": "5963866286f7747bf429b572"
		}
	],
	"equipment": "5dcb1dc4fb81105cd85bda51",
	"stash": "5dcb1dc4fb81105cd85bda50",
	"questRaidItems": "5dcb1dc4fb81105cd85bda52",
	"questStashItems": "5dcb1dc4fb81105cd85bda53",
	"fastPanel": {}
}