{
	"items": [
		{
			"_id": "5dcb1df6171ac3579029b12e",
			"_tpl": "55d7217a4bdc2d86028b456d"
		},
		{
			"_id": "5dcb1df6171ac3579029b14e",
			"_tpl": "54491c4f4bdc2db1078b4568",
			"parentId": "5dcb1df6171ac3579029b12e",
			"slotId": "FirstPrimaryWeapon"
		},
		{
			"_id": "5dcb1df6171ac3579029b14f",
			"_tpl": "55d4491a4bdc2d882f8b456e",
			"parentId": "5dcb1df6171ac3579029b14e",
			"slotId": "mod_barrel"
		},
		{
			"_id": "5dcb1df6171ac3579029b150",
			"_tpl": "55d45d3f4bdc2d972f8b456c",
			"parentId": "5dcb1df6171ac3579029b14e",
			"slotId": "mod_handguard"
		},
		{
			"_id": "5dcb1df6171ac3579029b151",
			"_tpl": "56083be64bdc2d20478b456f",
			"parentId": "5dcb1df6171ac3579029b14e",
			"slotId": "mod_stock"
		},
		{
			"_id": "5dcb1df6171ac3579029b152",
			"_tpl": "55d48ebc4bdc2d8c2f8b456c",
			"parentId": "5dcb1df6171ac3579029b14e",
			"slotId": "mod_mount_000"
		},
		{
			"_id": "5dcb1df6171ac3579029b153",
			"_tpl": "57d17e212459775a1179a0f5",
			"parentId": "5dcb1df6171ac3579029b152",
			"slotId": "mod_tactical_001"
		},
		{
			"_id": "5dcb1df6171ac3579029b154",
			"_tpl": "57d17c5e2459775a5c57d17d",
			"parentId": "5dcb1df6171ac3579029b153",
			"slotId": "mod_flashlight"
		},
		{
			"_id": "5dcb1df6171ac3579029b155",
			"_tpl": "55d484b44bdc2d1d4e8b456d",
			"parentId": "5dcb1df6171ac3579029b14e",
			"slotId": "mod_magazine"
		},
		{
			"_id": "5dcb1df6171ac3579029b156",
			"_tpl": "560d5e524bdc2d25448b4571",
			"parentId": "5dcb1df6171ac3579029b155",
			"slotId": "cartridges",
			"upd": {
				"StackObjectsCount": 6
			}
		},
		{
			"_id": "5dcb1df6171ac3579029b157",
			"_tpl": "560d5e524bdc2d25448b4571",
			"parentId": "5dcb1df6171ac3579029b14e",
			"slotId": "patron_in_weapon",
			"upd": {
				"StackObjectsCount": 1
			}
		},
		{
			"_id": "5dcb1df6171ac3579029b158",
			"_tpl": "557ffd194bdc2d28148b457f",
			"parentId": "5dcb1df6171ac3579029b12e",
			"slotId": "Pockets"
		},
		{
			"_id": "5dcb1df6171ac3579029b16b",
			"_tpl": "59e3577886f774176a362503",
			"parentId": "5dcb1df6171ac3579029b158",
			"slotId": "pocket1",
			"location": {
				"x": 0,
				"y": 0,
				"r": 0
			},
			"upd": {
				"FoodDrink": {
					"HpPercent": 57
				}
			}
		},
		{
			"_id": "5dcb1df6171ac3579029b16c",
			"_tpl": "5751a25924597722c463c472",
			"parentId": "5dcb1df6171ac3579029b158",
			"slotId": "pocket2",
			"location": {
				"x": 0,
				"y": 0,
				"r": 0
			},
			"upd": {
				"MedKit": {
					"HpResource": 1
				}
			}
		},
		{
			"_id": "5dcb1df6171ac3579029b159",
			"_tpl": "572b7adb24597762ae139821",
			"parentId": "5dcb1df6171ac3579029b12e",
			"slotId": "TacticalVest"
		},
		{
			"_id": "5dcb1df6171ac3579029b166",
			"_tpl": "560d5e524bdc2d25448b4571",
			"parentId": "5dcb1df6171ac3579029b159",
			"slotId": "1",
			"location": {
				"x": 0,
				"y": 0,
				"r": 0
			},
			"upd": {
				"StackObjectsCount": 13
			}
		},
		{
			"_id": "5dcb1df6171ac3579029b167",
			"_tpl": "560d5e524bdc2d25448b4571",
			"parentId": "5dcb1df6171ac3579029b159",
			"slotId": "2",
			"location": {
				"x": 0,
				"y": 0,
				"r": 0
			},
			"upd": {
				"StackObjectsCount": 6
			}
		},
		{
			"_id": "5dcb1df6171ac3579029b168",
			"_tpl": "560d5e524bdc2d25448b4571",
			"parentId": "5dcb1df6171ac3579029b159",
			"slotId": "2",
			"location": {
				"x": 0,
				"y": 1,
				"r": 0
			},
			"upd": {
				"StackObjectsCount": 10
			}
		},
		{
			"_id": "5dcb1df6171ac3579029b15a",
			"_tpl": "59e7715586f7742ee5789605",
			"parentId": "5dcb1df6171ac3579029b12e",
			"slotId": "FaceCover"
		},
		{
			"_id": "5dcb1df6171ac3579029b15b",
			"_tpl": "57e26fc7245977162a14b800",
			"parentId": "5dcb1df6171ac3579029b12e",
			"slotId": "Scabbard"
		},
		{
			"_id": "5dcb1df6171ac3579029b15c",
			"_tpl": "5857a8bc2459772bad15db29",
			"parentId": "5dcb1df6171ac3579029b12e",
			"slotId": "SecuredContainer"
		},
		{
			"_id": "5dcb1df6171ac3579029b15d",
			"_tpl": "560d5e524bdc2d25448b4571",
			"parentId": "5dcb1df6171ac3579029b15c",
			"slotId": "main",
			"location": {
				"x": 0,
				"y": 0,
				"r": 0
			},
			"upd": {
				"StackObjectsCount": 20
			}
		},
		{
			"_id": "5dcb1df6171ac3579029b15e",
			"_tpl": "560d5e524bdc2d25448b4571",
			"parentId": "5dcb1df6171ac3579029b15c",
			"slotId": "main",
			"location": {
				"x": 1,
				"y": 0,
				"r": 0
			},
			"upd": {
				"StackObjectsCount": 20
			}
		},
		{
			"_id": "5dcb1df6171ac3579029b15f",
			"_tpl": "560d5e524bdc2d25448b4571",
			"parentId": "5dcb1df6171ac3579029b15c",
			"slotId": "main",
			"location": {
				"x": 2,
				"y": 0,
				"r": 0
			},
			"upd": {
				"StackObjectsCount": 20
			}
		},
		{
			"_id": "5dcb1df6171ac3579029b160",
			"_tpl": "560d5e524bdc2d25448b4571",
			"parentId": "5dcb1df6171ac3579029b15c",
			"slotId": "main",
			"location": {
				"x": 0,
				"y": 1,
				"r": 0
			},
			"upd": {
				"StackObjectsCount": 20
			}
		},
		{
			"_id": "5dcb1df6171ac3579029b161",
			"_tpl": "560d5e524bdc2d25448b4571",
			"parentId": "5dcb1df6171ac3579029b15c",
			"slotId": "main",
			"location": {
				"x": 1,
				"y": 1,
				"r": 0
			},
			"upd": {
				"StackObjectsCount": 20
			}
		},
		{
			"_id": "5dcb1df6171ac3579029b162",
			"_tpl": "560d5e524bdc2d25448b4571",
			"parentId": "5dcb1df6171ac3579029b15c",
			"slotId": "main",
			"location": {
				"x": 2,
				"y": 1,
				"r": 0
			},
			"upd": {
				"StackObjectsCount": 20
			}
		},
		{
			"_id": "5dcb1df6171ac3579029b163",
			"_tpl": "560d5e524bdc2d25448b4571",
			"parentId": "5dcb1df6171ac3579029b15c",
			"slotId": "main",
			"location": {
				"x": 0,
				"y": 2,
				"r": 0
			},
			"upd": {
				"StackObjectsCount": 20
			}
		},
		{
			"_id": "5dcb1df6171ac3579029b164",
			"_tpl": "560d5e524bdc2d25448b4571",
			"parentId": "5dcb1df6171ac3579029b15c",
			"slotId": "main",
			"location": {
				"x": 1,
				"y": 2,
				"r": 0
			},
			"upd": {
				"StackObjectsCount": 20
			}
		},
		{
			"_id": "5dcb1df6171ac3579029b165",
			"_tpl": "560d5e524bdc2d25448b4571",
			"parentId": "5dcb1df6171ac3579029b15c",
			"slotId": "main",
			"location": {
				"x": 2,
				"y": 2,
				"r": 0
			},
			"upd": {
				"StackObjectsCount": 20
			}
		},
		{
			"_id": "5dcb1df6171ac3579029b12d",
			"_tpl": "566abbc34bdc2d92178b4576"
		},
		{
			"_id": "5dcb1df6171ac3579029b130",
			"_tpl": "5963866b86f7747bfa1c4462"
		},
		{
			"_id": "5dcb1df6171ac3579029b12f",
			"_tpl": "5963866286f7747bf429b572"
		}
	],
	"equipment": "5dcb1df6171ac3579029b12e",
	"stash": "5dcb1df6171ac3579029b12d",
	"questRaidItems": "5dcb1df6171ac3579029b12f",
	"questStashItems": "5dcb1df6171ac3579029b130",
	"fastPanel": {}
}