{
	"items": [
		{
			"_id": "5dcb1df1cc51617bf52d847c",
			"_tpl": "55d7217a4bdc2d86028b456d"
		},
		{
			"_id": "5dcb1df1cc51617bf52d849f",
			"_tpl": "576165642459773c7a400233",
			"parentId": "5dcb1df1cc51617bf52d847c",
			"slotId": "FirstPrimaryWeapon"
		},
		{
			"_id": "5dcb1df1cc51617bf52d84a0",
			"_tpl": "576169e62459773c69055191",
			"parentId": "5dcb1df1cc51617bf52d849f",
			"slotId": "mod_handguard"
		},
		{
			"_id": "5dcb1df1cc51617bf52d84a1",
			"_tpl": "5649ade84bdc2d1b2b8b4587",
			"parentId": "5dcb1df1cc51617bf52d849f",
			"slotId": "mod_pistol_grip"
		},
		{
			"_id": "5dcb1df1cc51617bf52d84a2",
			"_tpl": "57616c112459773cce774d66",
			"parentId": "5dcb1df1cc51617bf52d849f",
			"slotId": "mod_reciever"
		},
		{
			"_id": "5dcb1df1cc51617bf52d84a3",
			"_tpl": "57a9b9ce2459770ee926038d",
			"parentId": "5dcb1df1cc51617bf52d849f",
			"slotId": "mod_sight_rear"
		},
		{
			"_id": "5dcb1df1cc51617bf52d84a4",
			"_tpl": "57616ca52459773c69055192",
			"parentId": "5dcb1df1cc51617bf52d849f",
			"slotId": "mod_stock"
		},
		{
			"_id": "5dcb1df1cc51617bf52d84a5",
			"_tpl": "57616a9e2459773c7a400234",
			"parentId": "5dcb1df1cc51617bf52d849f",
			"slotId": "mod_magazine"
		},
		{
			"_id": "5dcb1df1cc51617bf52d84a6",
			"_tpl": "560d5e524bdc2d25448b4571",
			"parentId": "5dcb1df1cc51617bf52d84a5",
			"slotId": "cartridges",
			"upd": {
				"StackObjectsCount": 5
			}
		},
		{
			"_id": "5dcb1df1cc51617bf52d84a7",
			"_tpl": "560d5e524bdc2d25448b4571",
			"parentId": "5dcb1df1cc51617bf52d849f",
			"slotId": "patron_in_weapon",
			"upd": {
				"StackObjectsCount": 1
			}
		},
		{
			"_id": "5dcb1df1cc51617bf52d84a8",
			"_tpl": "557ffd194bdc2d28148b457f",
			"parentId": "5dcb1df1cc51617bf52d847c",
			"slotId": "Pockets"
		},
		{
			"_id": "5dcb1df1cc51617bf52d84bf",
			"_tpl": "544fb3364bdc2d34748b456a",
			"parentId": "5dcb1df1cc51617bf52d84a8",
			"slotId": "pocket1",
			"location": {
				"x": 0,
				"y": 0,
				"r": 0
			}
		},
		{
			"_id": "5dcb1df1cc51617bf52d84c0",
			"_tpl": "5a0c27731526d80618476ac4",
			"parentId": "5dcb1df1cc51617bf52d84a8",
			"slotId": "pocket2",
			"location": {
				"x": 0,
				"y": 0,
				"r": 0
			}
		},
		{
			"_id": "5dcb1df1cc51617bf52d84a9",
			"_tpl": "572b7adb24597762ae139821",
			"parentId": "5dcb1df1cc51617bf52d847c",
			"slotId": "TacticalVest"
		},
		{
			"_id": "5dcb1df1cc51617bf52d84b7",
			"_tpl": "57616a9e2459773c7a400234",
			"parentId": "5dcb1df1cc51617bf52d84a9",
			"slotId": "2",
			"location": {
				"x": 0,
				"y": 0,
				"r": 0
			}
		},
		{
			"_id": "5dcb1df1cc51617bf52d84b8",
			"_tpl": "560d5e524bdc2d25448b4571",
			"parentId": "5dcb1df1cc51617bf52d84b7",
			"slotId": "cartridges",
			"upd": {
				"StackObjectsCount": 5
			}
		},
		{
			"_id": "5dcb1df1cc51617bf52d84aa",
			"_tpl": "5aa2b9aee5b5b00015693121",
			"parentId": "5dcb1df1cc51617bf52d847c",
			"slotId": "Eyewear"
		},
		{
			"_id": "5dcb1df1cc51617bf52d84ab",
			"_tpl": "59e770f986f7742cbe3164ef",
			"parentId": "5dcb1df1cc51617bf52d847c",
			"slotId": "Headwear"
		},
		{
			"_id": "5dcb1df1cc51617bf52d84ac",
			"_tpl": "57e26fc7245977162a14b800",
			"parentId": "5dcb1df1cc51617bf52d847c",
			"slotId": "Scabbard"
		},
		{
			"_id": "5dcb1df1cc51617bf52d84ad",
			"_tpl": "5857a8bc2459772bad15db29",
			"parentId": "5dcb1df1cc51617bf52d847c",
			"slotId": "SecuredContainer"
		},
		{
			"_id": "5dcb1df1cc51617bf52d84ae",
			"_tpl": "560d5e524bdc2d25448b4571",
			"parentId": "5dcb1df1cc51617bf52d84ad",
			"slotId": "main",
			"location": {
				"x": 0,
				"y": 0,
				"r": 0
			},
			"upd": {
				"StackObjectsCount": 20
			}
		},
		{
			"_id": "5dcb1df1cc51617bf52d84af",
			"_tpl": "560d5e524bdc2d25448b4571",
			"parentId": "5dcb1df1cc51617bf52d84ad",
			"slotId": "main",
			"location": {
				"x": 1,
				"y": 0,
				"r": 0
			},
			"upd": {
				"StackObjectsCount": 20
			}
		},
		{
			"_id": "5dcb1df1cc51617bf52d84b0",
			"_tpl": "560d5e524bdc2d25448b4571",
			"parentId": "5dcb1df1cc51617bf52d84ad",
			"slotId": "main",
			"location": {
				"x": 2,
				"y": 0,
				"r": 0
			},
			"upd": {
				"StackObjectsCount": 20
			}
		},
		{
			"_id": "5dcb1df1cc51617bf52d84b1",
			"_tpl": "560d5e524bdc2d25448b4571",
			"parentId": "5dcb1df1cc51617bf52d84ad",
			"slotId": "main",
			"location": {
				"x": 0,
				"y": 1,
				"r": 0
			},
			"upd": {
				"StackObjectsCount": 20
			}
		},
		{
			"_id": "5dcb1df1cc51617bf52d84b2",
			"_tpl": "560d5e524bdc2d25448b4571",
			"parentId": "5dcb1df1cc51617bf52d84ad",
			"slotId": "main",
			"location": {
				"x": 1,
				"y": 1,
				"r": 0
			},
			"upd": {
				"StackObjectsCount": 20
			}
		},
		{
			"_id": "5dcb1df1cc51617bf52d84b3",
			"_tpl": "560d5e524bdc2d25448b4571",
			"parentId": "5dcb1df1cc51617bf52d84ad",
			"slotId": "main",
			"location": {
				"x": 2,
				"y": 1,
				"r": 0
			},
			"upd": {
				"StackObjectsCount": 20
			}
		},
		{
			"_id": "5dcb1df1cc51617bf52d84b4",
			"_tpl": "560d5e524bdc2d25448b4571",
			"parentId": "5dcb1df1cc51617bf52d84ad",
			"slotId": "main",
			"location": {
				"x": 0,
				"y": 2,
				"r": 0
			},
			"upd": {
				"StackObjectsCount": 20
			}
		},
		{
			"_id": "5dcb1df1cc51617bf52d84b5",
			"_tpl": "560d5e524bdc2d25448b4571",
			"parentId": "5dcb1df1cc51617bf52d84ad",
			"slotId": "main",
			"location": {
				"x": 1,
				"y": 2,
				"r": 0
			},
			"upd": {
				"StackObjectsCount": 20
			}
		},
		{
			"_id": "5dcb1df1cc51617bf52d84b6",
			"_tpl": "560d5e524bdc2d25448b4571",
			"parentId": "5dcb1df1cc51617bf52d84ad",
			"slotId": "main",
			"location": {
				"x": 2,
				"y": 2,
				"r": 0
			},
			"upd": {
				"StackObjectsCount": 20
			}
		},
		{
			"_id": "5dcb1df1cc51617bf52d847b",
			"_tpl": "566abbc34bdc2d92178b4576"
		},
		{
			"_id": "5dcb1df1cc51617bf52d847e",
			"_tpl": "5963866b86f7747bfa1c4462"
		},
		{
			"_id": "5dcb1df1cc51617bf52d847d",
			"_tpl": "5963866286f7747bf429b572"
		}
	],
	"equipment": "5dcb1df1cc51617bf52d847c",
	"stash": "5dcb1df1cc51617bf52d847b",
	"questRaidItems": "5dcb1df1cc51617bf52d847d",
	"questStashItems": "5dcb1df1cc51617bf52d847e",
	"fastPanel": {}
}