{
	"items": [
		{
			"_id": "5c6687d65e9d882c8841f0fd",
			"_tpl": "55d7217a4bdc2d86028b456d"
		},
		{
			"_id": "5c6687d65e9d882c8841f121",
			"_tpl": "557ffd194bdc2d28148b457f",
			"parentId": "5c6687d65e9d882c8841f0fd",
			"slotId": "Pockets"
		},
		{
			"_id": "5c6687d65e9d882c8841f0fc",
			"_tpl": "566abbc34bdc2d92178b4576"
		},
		{
			"_id": "5c6687d65e9d882c8841f0ff",
			"_tpl": "5963866b86f7747bfa1c4462"
		},
		{
			"_id": "5c6687d65e9d882c8841f0fe",
			"_tpl": "5963866286f7747bf429b572"
		},
		{
			"_id": "TacticalVest126143",
			"_tpl": "5648a69d4bdc2ded0b8b457b",
			"parentId": "5c6687d65e9d882c8841f0fd",
			"slotId": "TacticalVest"
		},
		{
			"_id": "I21005858322590352tKRQ5w",
			"_tpl": "59f9cabd86f7743a10721f46",
			"parentId": "5c6687d65e9d882c8841f0fd",
			"slotId": "FirstPrimaryWeapon"
		},
		{
			"_id": "I210058531706270657jvbPJ",
			"_tpl": "5998517986f7746017232f7e",
			"parentId": "I21005858322590352tKRQ5w",
			"slotId": "mod_pistol_grip"
		},
		{
			"_id": "I21005858691969018FLLiEA",
			"_tpl": "59985a8086f77414ec448d1a",
			"parentId": "I21005858322590352tKRQ5w",
			"slotId": "mod_reciever"
		},
		{
			"_id": "I21005855933508922loeWfp",
			"_tpl": "599860e986f7743bb57573a6",
			"parentId": "I21005858322590352tKRQ5w",
			"slotId": "mod_sight_rear",
			"upd": {
				"Sight": {
					"SelectedSightMode": 0
				}
			}
		},
		{
			"_id": "I21005852990514597bln4gD",
			"_tpl": "59ccd11386f77428f24a488f",
			"parentId": "I21005858322590352tKRQ5w",
			"slotId": "mod_gas_block"
		},
		{
			"_id": "I21005859641597326nx4BvG",
			"_tpl": "5648b1504bdc2d9d488b4584",
			"parentId": "I21005852990514597bln4gD",
			"slotId": "mod_handguard"
		},
		{
			"_id": "mag2Vest701502",
			"_tpl": "5c0672ed0db834001b7353f3",
			"parentId": "TacticalVest126143",
			"slotId": "3",
			"location": {
				"x": 0,
				"y": 0,
				"r": "Horizontal"
			}
		},
		{
			"_id": "AmmoMag2Vest220970",
			"_tpl": "5c3df7d588a4501f290594e5",
			"parentId": "mag2Vest701502",
			"slotId": "cartridges",
			"upd": {
				"StackObjectsCount": 30
			}
		},
		{
			"_id": "mag3Vest292525",
			"_tpl": "5c0672ed0db834001b7353f3",
			"parentId": "TacticalVest126143",
			"slotId": "10",
			"location": {
				"x": 0,
				"y": 0,
				"r": "Horizontal"
			}
		},
		{
			"_id": "AmmoMag3Vest900240",
			"_tpl": "5a3c16fe86f77452b62de32a",
			"parentId": "mag3Vest292525",
			"slotId": "cartridges",
			"upd": {
				"StackObjectsCount": 30
			}
		},
		{
			"_id": "mag0Vest679158",
			"_tpl": "5c0672ed0db834001b7353f3",
			"parentId": "TacticalVest126143",
			"slotId": "5",
			"location": {
				"x": 1,
				"y": 0,
				"r": "Horizontal"
			}
		},
		{
			"_id": "AmmoMag0Vest991319",
			"_tpl": "58864a4f2459770fcc257101",
			"parentId": "mag0Vest679158",
			"slotId": "cartridges",
			"upd": {
				"StackObjectsCount": 30
			}
		},
		{
			"_id": "Scabbard501680",
			"_tpl": "54491bb74bdc2d09088b4567",
			"parentId": "5c6687d65e9d882c8841f0fd",
			"slotId": "Scabbard"
		},
		{
			"_id": "Headwear304223",
			"_tpl": "5b4329075acfc400153b78ff",
			"parentId": "5c6687d65e9d882c8841f0fd",
			"slotId": "Headwear"
		},
		{
			"_id": "Eyewear849263",
			"_tpl": "5d5fca1ea4b93635fd598c07",
			"parentId": "5c6687d65e9d882c8841f0fd",
			"slotId": "Eyewear"
		},
		{
			"_id": "FaceCover543693",
			"_tpl": "59e7715586f7742ee5789605",
			"parentId": "5c6687d65e9d882c8841f0fd",
			"slotId": "FaceCover"
		}
	],
	"equipment": "5c6687d65e9d882c8841f0fd",
	"stash": "5c6687d65e9d882c8841f0fc",
	"questRaidItems": "5c6687d65e9d882c8841f0fe",
	"questStashItems": "5c6687d65e9d882c8841f0ff",
	"fastPanel": {}
}