{
	"items": [
		{
			"_id": "5c6687d65e9d882c8841f0fd",
			"_tpl": "55d7217a4bdc2d86028b456d"
		},
		{
			"_id": "5c6687d65e9d882c8841f121",
			"_tpl": "557ffd194bdc2d28148b457f",
			"parentId": "5c6687d65e9d882c8841f0fd",
			"slotId": "Pockets"
		},
		{
			"_id": "5c6687d65e9d882c8841f0fc",
			"_tpl": "566abbc34bdc2d92178b4576"
		},
		{
			"_id": "5c6687d65e9d882c8841f0ff",
			"_tpl": "5963866b86f7747bfa1c4462"
		},
		{
			"_id": "5c6687d65e9d882c8841f0fe",
			"_tpl": "5963866286f7747bf429b572"
		},
		{
			"_id": "TacticalVest144471",
			"_tpl": "5d5d646386f7742797261fd9",
			"parentId": "5c6687d65e9d882c8841f0fd",
			"slotId": "TacticalVest"
		},
		{
			"_id": "I21005403094897232Py9jYD",
			"_tpl": "5c07c60e0db834002330051f",
			"parentId": "5c6687d65e9d882c8841f0fd",
			"slotId": "FirstPrimaryWeapon"
		},
		{
			"_id": "I21005405818967096KohpFj",
			"_tpl": "5c0e2ff6d174af02a1659d4a",
			"parentId": "I21005403094897232Py9jYD",
			"slotId": "mod_pistol_grip"
		},
		{
			"_id": "MagazineWeaponScav6453",
			"_tpl": "5c6d450c2e221600114c997d",
			"parentId": "I21005403094897232Py9jYD",
			"slotId": "mod_magazine"
		},
		{
			"_id": "AmmoMag19873",
			"_tpl": "59e6918f86f7746c9f75e849",
			"parentId": "MagazineWeaponScav6453",
			"slotId": "cartridges",
			"upd": {
				"StackObjectsCount": 30
			}
		},
		{
			"_id": "I21005401928206507pFRuoU",
			"_tpl": "5c0e2f26d174af02a9625114",
			"parentId": "I21005403094897232Py9jYD",
			"slotId": "mod_reciever"
		},
		{
			"_id": "I21005406262118984fJaeo1",
			"_tpl": "5649be884bdc2d79388b4577",
			"parentId": "I21005403094897232Py9jYD",
			"slotId": "mod_stock"
		},
		{
			"_id": "I210054055083223434wjimT",
			"_tpl": "5c0faf68d174af02a96260b8",
			"parentId": "I21005403094897232Py9jYD",
			"slotId": "mod_charge"
		},
		{
			"_id": "I210054071998557395KBhKH",
			"_tpl": "5c0e2f94d174af029f650d56",
			"parentId": "I21005401928206507pFRuoU",
			"slotId": "mod_barrel"
		},
		{
			"_id": "I210054060069412809hRYX4",
			"_tpl": "5c0e2f5cd174af02a012cfc9",
			"parentId": "I21005401928206507pFRuoU",
			"slotId": "mod_handguard"
		},
		{
			"_id": "I21005403309928902TxrDcW",
			"_tpl": "5c0fafb6d174af02a96260ba",
			"parentId": "I210054071998557395KBhKH",
			"slotId": "mod_muzzle"
		},
		{
			"_id": "I21005407055230098mmGFrM",
			"_tpl": "5ae30e795acfc408fb139a0b",
			"parentId": "I210054071998557395KBhKH",
			"slotId": "mod_gas_block"
		},
		{
			"_id": "mag3Vest36346",
			"_tpl": "59c1383d86f774290a37e0ca",
			"parentId": "TacticalVest144471",
			"slotId": "6",
			"location": {
				"x": 0,
				"y": 0,
				"r": "Horizontal"
			}
		},
		{
			"_id": "AmmoMag3Vest988733",
			"_tpl": "59e6927d86f77411da468256",
			"parentId": "mag3Vest36346",
			"slotId": "cartridges",
			"upd": {
				"StackObjectsCount": 60
			}
		},
		{
			"_id": "Scabbard924872",
			"_tpl": "57e26fc7245977162a14b800",
			"parentId": "5c6687d65e9d882c8841f0fd",
			"slotId": "Scabbard"
		},
		{
			"_id": "Headwear386293",
			"_tpl": "5a43943586f77416ad2f06e2",
			"parentId": "5c6687d65e9d882c8841f0fd",
			"slotId": "Headwear"
		},
		{
			"_id": "Backpack782898",
			"_tpl": "56e33634d2720bd8058b456b",
			"parentId": "5c6687d65e9d882c8841f0fd",
			"slotId": "Backpack"
		},
		{
			"_id": "ArmorVest348004",
			"_tpl": "59e7635f86f7742cbf2c1095",
			"parentId": "5c6687d65e9d882c8841f0fd",
			"slotId": "ArmorVest",
			"upd": {
				"Repairable": {
					"MaxDurability": 40,
					"Durability": 26
				}
			}
		},
		{
			"_id": "Pocket_33876",
			"_tpl": "5a0ee30786f774023b6ee08f",
			"parentId": "5c6687d65e9d882c8841f121",
			"slotId": "pocket1",
			"location": {
				"x": 0,
				"y": 0,
				"r": "Horizontal"
			},
			"upd": {
				"SpawnedInSession": true
			}
		},
		{
			"_id": "Pocket_986650",
			"_tpl": "5734779624597737e04bf329",
			"parentId": "5c6687d65e9d882c8841f121",
			"slotId": "pocket2",
			"location": {
				"x": 0,
				"y": 0,
				"r": "Horizontal"
			},
			"upd": {
				"SpawnedInSession": true
			}
		},
		{
			"_id": "Pocket_909412",
			"_tpl": "5e2af22086f7746d3f3c33fa",
			"parentId": "5c6687d65e9d882c8841f121",
			"slotId": "pocket3",
			"location": {
				"x": 0,
				"y": 0,
				"r": "Horizontal"
			},
			"upd": {
				"SpawnedInSession": true
			}
		}
	],
	"equipment": "5c6687d65e9d882c8841f0fd",
	"stash": "5c6687d65e9d882c8841f0fc",
	"questRaidItems": "5c6687d65e9d882c8841f0fe",
	"questStashItems": "5c6687d65e9d882c8841f0ff",
	"fastPanel": {}
}