{
	"items": [
		{
			"_id": "5dcb1dc5fb81105cd85bfeb7",
			"_tpl": "55d7217a4bdc2d86028b456d"
		},
		{
			"_id": "5dcb1dc5fb81105cd85bfed7",
			"_tpl": "59f9cabd86f7743a10721f46",
			"parentId": "5dcb1dc5fb81105cd85bfeb7",
			"slotId": "FirstPrimaryWeapon"
		},
		{
			"_id": "5dcb1dc5fb81105cd85bfed8",
			"_tpl": "5998517986f7746017232f7e",
			"parentId": "5dcb1dc5fb81105cd85bfed7",
			"slotId": "mod_pistol_grip"
		},
		{
			"_id": "5dcb1dc5fb81105cd85bfed9",
			"_tpl": "59ccd11386f77428f24a488f",
			"parentId": "5dcb1dc5fb81105cd85bfed7",
			"slotId": "mod_gas_block"
		},
		{
			"_id": "5dcb1dc5fb81105cd85bfeda",
			"_tpl": "5648b1504bdc2d9d488b4584",
			"parentId": "5dcb1dc5fb81105cd85bfed9",
			"slotId": "mod_handguard"
		},
		{
			"_id": "5dcb1dc5fb81105cd85bfedb",
			"_tpl": "599851db86f77467372f0a18",
			"parentId": "5dcb1dc5fb81105cd85bfed7",
			"slotId": "mod_stock"
		},
		{
			"_id": "5dcb1dc5fb81105cd85bfedc",
			"_tpl": "5998598e86f7740b3f498a86",
			"parentId": "5dcb1dc5fb81105cd85bfed7",
			"slotId": "mod_muzzle"
		},
		{
			"_id": "5dcb1dc5fb81105cd85bfedd",
			"_tpl": "599860e986f7743bb57573a6",
			"parentId": "5dcb1dc5fb81105cd85bfed7",
			"slotId": "mod_sight_rear"
		},
		{
			"_id": "5dcb1dc5fb81105cd85bfede",
			"_tpl": "5998529a86f774647f44f421",
			"parentId": "5dcb1dc5fb81105cd85bfed7",
			"slotId": "mod_magazine"
		},
		{
			"_id": "5dcb1dc5fb81105cd85bfedf",
			"_tpl": "56d59d3ad2720bdb418b4577",
			"parentId": "5dcb1dc5fb81105cd85bfede",
			"slotId": "cartridges",
			"upd": {
				"StackObjectsCount": 10
			}
		},
		{
			"_id": "5dcb1dc5fb81105cd85bfee0",
			"_tpl": "56d59d3ad2720bdb418b4577",
			"parentId": "5dcb1dc5fb81105cd85bfed7",
			"slotId": "patron_in_weapon",
			"upd": {
				"StackObjectsCount": 1
			}
		},
		{
			"_id": "5dcb1dc5fb81105cd85bfee1",
			"_tpl": "557ffd194bdc2d28148b457f",
			"parentId": "5dcb1dc5fb81105cd85bfeb7",
			"slotId": "Pockets"
		},
		{
			"_id": "5dcb1dc5fb81105cd85bfef5",
			"_tpl": "5449016a4bdc2d6f028b456f",
			"parentId": "5dcb1dc5fb81105cd85bfee1",
			"slotId": "pocket1",
			"location": {
				"x": 0,
				"y": 0,
				"r": 0
			},
			"upd": {
				"StackObjectsCount": 10000
			}
		},
		{
			"_id": "5dcb1dc5fb81105cd85bfee2",
			"_tpl": "59e7643b86f7742cbf2c109a",
			"parentId": "5dcb1dc5fb81105cd85bfeb7",
			"slotId": "TacticalVest"
		},
		{
			"_id": "5dcb1dc5fb81105cd85bfeef",
			"_tpl": "5998529a86f774647f44f421",
			"parentId": "5dcb1dc5fb81105cd85bfee2",
			"slotId": "1",
			"location": {
				"x": 0,
				"y": 0,
				"r": 0
			}
		},
		{
			"_id": "5dcb1dc5fb81105cd85bfef0",
			"_tpl": "56d59d3ad2720bdb418b4577",
			"parentId": "5dcb1dc5fb81105cd85bfeef",
			"slotId": "cartridges",
			"upd": {
				"StackObjectsCount": 10
			}
		},
		{
			"_id": "5dcb1dc5fb81105cd85bfef1",
			"_tpl": "5998529a86f774647f44f421",
			"parentId": "5dcb1dc5fb81105cd85bfee2",
			"slotId": "1",
			"location": {
				"x": 1,
				"y": 0,
				"r": 0
			}
		},
		{
			"_id": "5dcb1dc5fb81105cd85bfef2",
			"_tpl": "56d59d3ad2720bdb418b4577",
			"parentId": "5dcb1dc5fb81105cd85bfef1",
			"slotId": "cartridges",
			"upd": {
				"StackObjectsCount": 10
			}
		},
		{
			"_id": "5dcb1dc5fb81105cd85bfee3",
			"_tpl": "5aa7cfc0e5b5b00015693143",
			"parentId": "5dcb1dc5fb81105cd85bfeb7",
			"slotId": "Headwear"
		},
		{
			"_id": "5dcb1dc5fb81105cd85bfee4",
			"_tpl": "57e26fc7245977162a14b800",
			"parentId": "5dcb1dc5fb81105cd85bfeb7",
			"slotId": "Scabbard"
		},
		{
			"_id": "5dcb1dc5fb81105cd85bfee5",
			"_tpl": "5857a8bc2459772bad15db29",
			"parentId": "5dcb1dc5fb81105cd85bfeb7",
			"slotId": "SecuredContainer"
		},
		{
			"_id": "5dcb1dc5fb81105cd85bfee6",
			"_tpl": "56d59d3ad2720bdb418b4577",
			"parentId": "5dcb1dc5fb81105cd85bfee5",
			"slotId": "main",
			"location": {
				"x": 0,
				"y": 0,
				"r": 0
			},
			"upd": {
				"StackObjectsCount": 50
			}
		},
		{
			"_id": "5dcb1dc5fb81105cd85bfee7",
			"_tpl": "56d59d3ad2720bdb418b4577",
			"parentId": "5dcb1dc5fb81105cd85bfee5",
			"slotId": "main",
			"location": {
				"x": 1,
				"y": 0,
				"r": 0
			},
			"upd": {
				"StackObjectsCount": 50
			}
		},
		{
			"_id": "5dcb1dc5fb81105cd85bfee8",
			"_tpl": "56d59d3ad2720bdb418b4577",
			"parentId": "5dcb1dc5fb81105cd85bfee5",
			"slotId": "main",
			"location": {
				"x": 2,
				"y": 0,
				"r": 0
			},
			"upd": {
				"StackObjectsCount": 50
			}
		},
		{
			"_id": "5dcb1dc5fb81105cd85bfee9",
			"_tpl": "56d59d3ad2720bdb418b4577",
			"parentId": "5dcb1dc5fb81105cd85bfee5",
			"slotId": "main",
			"location": {
				"x": 0,
				"y": 1,
				"r": 0
			},
			"upd": {
				"StackObjectsCount": 50
			}
		},
		{
			"_id": "5dcb1dc5fb81105cd85bfeea",
			"_tpl": "56d59d3ad2720bdb418b4577",
			"parentId": "5dcb1dc5fb81105cd85bfee5",
			"slotId": "main",
			"location": {
				"x": 1,
				"y": 1,
				"r": 0
			},
			"upd": {
				"StackObjectsCount": 50
			}
		},
		{
			"_id": "5dcb1dc5fb81105cd85bfeeb",
			"_tpl": "56d59d3ad2720bdb418b4577",
			"parentId": "5dcb1dc5fb81105cd85bfee5",
			"slotId": "main",
			"location": {
				"x": 2,
				"y": 1,
				"r": 0
			},
			"upd": {
				"StackObjectsCount": 50
			}
		},
		{
			"_id": "5dcb1dc5fb81105cd85bfeec",
			"_tpl": "56d59d3ad2720bdb418b4577",
			"parentId": "5dcb1dc5fb81105cd85bfee5",
			"slotId": "main",
			"location": {
				"x": 0,
				"y": 2,
				"r": 0
			},
			"upd": {
				"StackObjectsCount": 50
			}
		},
		{
			"_id": "5dcb1dc5fb81105cd85bfeed",
			"_tpl": "56d59d3ad2720bdb418b4577",
			"parentId": "5dcb1dc5fb81105cd85bfee5",
			"slotId": "main",
			"location": {
				"x": 1,
				"y": 2,
				"r": 0
			},
			"upd": {
				"StackObjectsCount": 50
			}
		},
		{
			"_id": "5dcb1dc5fb81105cd85bfeee",
			"_tpl": "56d59d3ad2720bdb418b4577",
			"parentId": "5dcb1dc5fb81105cd85bfee5",
			"slotId": "main",
			"location": {
				"x": 2,
				"y": 2,
				"r": 0
			},
			"upd": {
				"StackObjectsCount": 50
			}
		},
		{
			"_id": "5dcb1dc5fb81105cd85bfeb6",
			"_tpl": "566abbc34bdc2d92178b4576"
		},
		{
			"_id": "5dcb1dc5fb81105cd85bfeb9",
			"_tpl": "5963866b86f7747bfa1c4462"
		},
		{
			"_id": "5dcb1dc5fb81105cd85bfeb8",
			"_tpl": "5963866286f7747bf429b572"
		}
	],
	"equipment": "5dcb1dc5fb81105cd85bfeb7",
	"stash": "5dcb1dc5fb81105cd85bfeb6",
	"questRaidItems": "5dcb1dc5fb81105cd85bfeb8",
	"questStashItems": "5dcb1dc5fb81105cd85bfeb9",
	"fastPanel": {}
}