{
	"items": [
		{
			"_id": "5dcb1de5d7ed5e035c439346",
			"_tpl": "55d7217a4bdc2d86028b456d"
		},
		{
			"_id": "5dcb1de5d7ed5e035c43934b",
			"_tpl": "54491c4f4bdc2db1078b4568",
			"parentId": "5dcb1de5d7ed5e035c439346",
			"slotId": "FirstPrimaryWeapon"
		},
		{
			"_id": "5dcb1de5d7ed5e035c43934c",
			"_tpl": "55d4491a4bdc2d882f8b456e",
			"parentId": "5dcb1de5d7ed5e035c43934b",
			"slotId": "mod_barrel"
		},
		{
			"_id": "5dcb1de5d7ed5e035c43934d",
			"_tpl": "55d45d3f4bdc2d972f8b456c",
			"parentId": "5dcb1de5d7ed5e035c43934b",
			"slotId": "mod_handguard"
		},
		{
			"_id": "5dcb1de5d7ed5e035c43934e",
			"_tpl": "56083a334bdc2dc8488b4571",
			"parentId": "5dcb1de5d7ed5e035c43934b",
			"slotId": "mod_stock"
		},
		{
			"_id": "5dcb1de5d7ed5e035c43934f",
			"_tpl": "55d484b44bdc2d1d4e8b456d",
			"parentId": "5dcb1de5d7ed5e035c43934b",
			"slotId": "mod_magazine"
		},
		{
			"_id": "5dcb1de5d7ed5e035c439350",
			"_tpl": "560d5e524bdc2d25448b4571",
			"parentId": "5dcb1de5d7ed5e035c43934f",
			"slotId": "cartridges",
			"upd": {
				"StackObjectsCount": 6
			}
		},
		{
			"_id": "5dcb1de5d7ed5e035c439351",
			"_tpl": "560d5e524bdc2d25448b4571",
			"parentId": "5dcb1de5d7ed5e035c43934b",
			"slotId": "patron_in_weapon",
			"upd": {
				"StackObjectsCount": 1
			}
		},
		{
			"_id": "5dcb1de5d7ed5e035c439352",
			"_tpl": "557ffd194bdc2d28148b457f",
			"parentId": "5dcb1de5d7ed5e035c439346",
			"slotId": "Pockets"
		},
		{
			"_id": "5dcb1de5d7ed5e035c439353",
			"_tpl": "572b7adb24597762ae139821",
			"parentId": "5dcb1de5d7ed5e035c439346",
			"slotId": "TacticalVest"
		},
		{
			"_id": "5dcb1de5d7ed5e035c439362",
			"_tpl": "560d5e524bdc2d25448b4571",
			"parentId": "5dcb1de5d7ed5e035c439353",
			"slotId": "1",
			"location": {
				"x": 0,
				"y": 0,
				"r": 0
			},
			"upd": {
				"StackObjectsCount": 6
			}
		},
		{
			"_id": "5dcb1de5d7ed5e035c439363",
			"_tpl": "560d5e524bdc2d25448b4571",
			"parentId": "5dcb1de5d7ed5e035c439353",
			"slotId": "2",
			"location": {
				"x": 0,
				"y": 0,
				"r": 0
			},
			"upd": {
				"StackObjectsCount": 13
			}
		},
		{
			"_id": "5dcb1de5d7ed5e035c439364",
			"_tpl": "560d5e524bdc2d25448b4571",
			"parentId": "5dcb1de5d7ed5e035c439353",
			"slotId": "2",
			"location": {
				"x": 0,
				"y": 1,
				"r": 0
			},
			"upd": {
				"StackObjectsCount": 12
			}
		},
		{
			"_id": "5dcb1de5d7ed5e035c439354",
			"_tpl": "572b7fa524597762b747ce82",
			"parentId": "5dcb1de5d7ed5e035c439346",
			"slotId": "FaceCover"
		},
		{
			"_id": "5dcb1de5d7ed5e035c439355",
			"_tpl": "5b4329075acfc400153b78ff",
			"parentId": "5dcb1de5d7ed5e035c439346",
			"slotId": "Headwear"
		},
		{
			"_id": "5dcb1de5d7ed5e035c439356",
			"_tpl": "57e26fc7245977162a14b800",
			"parentId": "5dcb1de5d7ed5e035c439346",
			"slotId": "Scabbard"
		},
		{
			"_id": "5dcb1de5d7ed5e035c439357",
			"_tpl": "5ab8f04f86f774585f4237d8",
			"parentId": "5dcb1de5d7ed5e035c439346",
			"slotId": "Backpack"
		},
		{
			"_id": "5dcb1de5d7ed5e035c439358",
			"_tpl": "5857a8bc2459772bad15db29",
			"parentId": "5dcb1de5d7ed5e035c439346",
			"slotId": "SecuredContainer"
		},
		{
			"_id": "5dcb1de5d7ed5e035c439359",
			"_tpl": "560d5e524bdc2d25448b4571",
			"parentId": "5dcb1de5d7ed5e035c439358",
			"slotId": "main",
			"location": {
				"x": 0,
				"y": 0,
				"r": 0
			},
			"upd": {
				"StackObjectsCount": 20
			}
		},
		{
			"_id": "5dcb1de5d7ed5e035c43935a",
			"_tpl": "560d5e524bdc2d25448b4571",
			"parentId": "5dcb1de5d7ed5e035c439358",
			"slotId": "main",
			"location": {
				"x": 1,
				"y": 0,
				"r": 0
			},
			"upd": {
				"StackObjectsCount": 20
			}
		},
		{
			"_id": "5dcb1de5d7ed5e035c43935b",
			"_tpl": "560d5e524bdc2d25448b4571",
			"parentId": "5dcb1de5d7ed5e035c439358",
			"slotId": "main",
			"location": {
				"x": 2,
				"y": 0,
				"r": 0
			},
			"upd": {
				"StackObjectsCount": 20
			}
		},
		{
			"_id": "5dcb1de5d7ed5e035c43935c",
			"_tpl": "560d5e524bdc2d25448b4571",
			"parentId": "5dcb1de5d7ed5e035c439358",
			"slotId": "main",
			"location": {
				"x": 0,
				"y": 1,
				"r": 0
			},
			"upd": {
				"StackObjectsCount": 20
			}
		},
		{
			"_id": "5dcb1de5d7ed5e035c43935d",
			"_tpl": "560d5e524bdc2d25448b4571",
			"parentId": "5dcb1de5d7ed5e035c439358",
			"slotId": "main",
			"location": {
				"x": 1,
				"y": 1,
				"r": 0
			},
			"upd": {
				"StackObjectsCount": 20
			}
		},
		{
			"_id": "5dcb1de5d7ed5e035c43935e",
			"_tpl": "560d5e524bdc2d25448b4571",
			"parentId": "5dcb1de5d7ed5e035c439358",
			"slotId": "main",
			"location": {
				"x": 2,
				"y": 1,
				"r": 0
			},
			"upd": {
				"StackObjectsCount": 20
			}
		},
		{
			"_id": "5dcb1de5d7ed5e035c43935f",
			"_tpl": "560d5e524bdc2d25448b4571",
			"parentId": "5dcb1de5d7ed5e035c439358",
			"slotId": "main",
			"location": {
				"x": 0,
				"y": 2,
				"r": 0
			},
			"upd": {
				"StackObjectsCount": 20
			}
		},
		{
			"_id": "5dcb1de5d7ed5e035c439360",
			"_tpl": "560d5e524bdc2d25448b4571",
			"parentId": "5dcb1de5d7ed5e035c439358",
			"slotId": "main",
			"location": {
				"x": 1,
				"y": 2,
				"r": 0
			},
			"upd": {
				"StackObjectsCount": 20
			}
		},
		{
			"_id": "5dcb1de5d7ed5e035c439361",
			"_tpl": "560d5e524bdc2d25448b4571",
			"parentId": "5dcb1de5d7ed5e035c439358",
			"slotId": "main",
			"location": {
				"x": 2,
				"y": 2,
				"r": 0
			},
			"upd": {
				"StackObjectsCount": 20
			}
		},
		{
			"_id": "5dcb1de5d7ed5e035c439349",
			"_tpl": "566abbc34bdc2d92178b4576"
		},
		{
			"_id": "5dcb1de5d7ed5e035c439348",
			"_tpl": "5963866b86f7747bfa1c4462"
		},
		{
			"_id": "5dcb1de5d7ed5e035c439347",
			"_tpl": "5963866286f7747bf429b572"
		}
	],
	"equipment": "5dcb1de5d7ed5e035c439346",
	"stash": "5dcb1de5d7ed5e035c439349",
	"questRaidItems": "5dcb1de5d7ed5e035c439347",
	"questStashItems": "5dcb1de5d7ed5e035c439348",
	"fastPanel": {}
}