{
	"items": [
		{
			"_id": "5dcb1df1cc51617bf52d8a35",
			"_tpl": "55d7217a4bdc2d86028b456d"
		},
		{
			"_id": "5dcb1df1cc51617bf52d8a5f",
			"_tpl": "56dee2bdd2720bc8328b4567",
			"parentId": "5dcb1df1cc51617bf52d8a35",
			"slotId": "FirstPrimaryWeapon"
		},
		{
			"_id": "5dcb1df1cc51617bf52d8a60",
			"_tpl": "56deec93d2720bec348b4568",
			"parentId": "5dcb1df1cc51617bf52d8a5f",
			"slotId": "mod_barrel"
		},
		{
			"_id": "5dcb1df1cc51617bf52d8a61",
			"_tpl": "56deed6ed2720b4c698b4583",
			"parentId": "5dcb1df1cc51617bf52d8a5f",
			"slotId": "mod_handguard"
		},
		{
			"_id": "5dcb1df1cc51617bf52d8a62",
			"_tpl": "56083cba4bdc2de22e8b456f",
			"parentId": "5dcb1df1cc51617bf52d8a5f",
			"slotId": "mod_stock"
		},
		{
			"_id": "5dcb1df1cc51617bf52d8a63",
			"_tpl": "55d48ebc4bdc2d8c2f8b456c",
			"parentId": "5dcb1df1cc51617bf52d8a5f",
			"slotId": "mod_mount_000"
		},
		{
			"_id": "5dcb1df1cc51617bf52d8a64",
			"_tpl": "57d17e212459775a1179a0f5",
			"parentId": "5dcb1df1cc51617bf52d8a63",
			"slotId": "mod_tactical_001"
		},
		{
			"_id": "5dcb1df1cc51617bf52d8a65",
			"_tpl": "59d790f486f77403cb06aec6",
			"parentId": "5dcb1df1cc51617bf52d8a64",
			"slotId": "mod_flashlight"
		},
		{
			"_id": "5dcb1df1cc51617bf52d8a66",
			"_tpl": "56deee15d2720bee328b4567",
			"parentId": "5dcb1df1cc51617bf52d8a5f",
			"slotId": "mod_magazine"
		},
		{
			"_id": "5dcb1df1cc51617bf52d8a67",
			"_tpl": "560d5e524bdc2d25448b4571",
			"parentId": "5dcb1df1cc51617bf52d8a66",
			"slotId": "cartridges",
			"upd": {
				"StackObjectsCount": 4
			}
		},
		{
			"_id": "5dcb1df1cc51617bf52d8a68",
			"_tpl": "560d5e524bdc2d25448b4571",
			"parentId": "5dcb1df1cc51617bf52d8a5f",
			"slotId": "patron_in_weapon",
			"upd": {
				"StackObjectsCount": 1
			}
		},
		{
			"_id": "5dcb1df1cc51617bf52d8a69",
			"_tpl": "557ffd194bdc2d28148b457f",
			"parentId": "5dcb1df1cc51617bf52d8a35",
			"slotId": "Pockets"
		},
		{
			"_id": "5dcb1df1cc51617bf52d8a7b",
			"_tpl": "590c695186f7741e566b64a2",
			"parentId": "5dcb1df1cc51617bf52d8a69",
			"slotId": "pocket1",
			"location": {
				"x": 0,
				"y": 0,
				"r": 0
			}
		},
		{
			"_id": "5dcb1df1cc51617bf52d8a7c",
			"_tpl": "57347d5f245977448b40fa81",
			"parentId": "5dcb1df1cc51617bf52d8a69",
			"slotId": "pocket2",
			"location": {
				"x": 0,
				"y": 0,
				"r": 0
			}
		},
		{
			"_id": "5dcb1df1cc51617bf52d8a7d",
			"_tpl": "5449016a4bdc2d6f028b456f",
			"parentId": "5dcb1df1cc51617bf52d8a69",
			"slotId": "pocket3",
			"location": {
				"x": 0,
				"y": 0,
				"r": 0
			},
			"upd": {
				"StackObjectsCount": 5000
			}
		},
		{
			"_id": "5dcb1df1cc51617bf52d8a6a",
			"_tpl": "572b7adb24597762ae139821",
			"parentId": "5dcb1df1cc51617bf52d8a35",
			"slotId": "TacticalVest"
		},
		{
			"_id": "5dcb1df1cc51617bf52d8a79",
			"_tpl": "560d5e524bdc2d25448b4571",
			"parentId": "5dcb1df1cc51617bf52d8a6a",
			"slotId": "1",
			"location": {
				"x": 0,
				"y": 0,
				"r": 0
			},
			"upd": {
				"StackObjectsCount": 19
			}
		},
		{
			"_id": "5dcb1df1cc51617bf52d8a6b",
			"_tpl": "5aa2b9aee5b5b00015693121",
			"parentId": "5dcb1df1cc51617bf52d8a35",
			"slotId": "Eyewear"
		},
		{
			"_id": "5dcb1df1cc51617bf52d8a6c",
			"_tpl": "5c06c6a80db834001b735491",
			"parentId": "5dcb1df1cc51617bf52d8a35",
			"slotId": "Headwear",
			"upd": {
				"Repairable": {
					"Durability": 24
				}
			}
		},
		{
			"_id": "5dcb1df1cc51617bf52d8a6d",
			"_tpl": "59e7635f86f7742cbf2c1095",
			"parentId": "5dcb1df1cc51617bf52d8a35",
			"slotId": "ArmorVest",
			"upd": {
				"Repairable": {
					"Durability": 22
				}
			}
		},
		{
			"_id": "5dcb1df1cc51617bf52d8a6e",
			"_tpl": "57e26fc7245977162a14b800",
			"parentId": "5dcb1df1cc51617bf52d8a35",
			"slotId": "Scabbard"
		},
		{
			"_id": "5dcb1df1cc51617bf52d8a6f",
			"_tpl": "5857a8bc2459772bad15db29",
			"parentId": "5dcb1df1cc51617bf52d8a35",
			"slotId": "SecuredContainer"
		},
		{
			"_id": "5dcb1df1cc51617bf52d8a70",
			"_tpl": "560d5e524bdc2d25448b4571",
			"parentId": "5dcb1df1cc51617bf52d8a6f",
			"slotId": "main",
			"location": {
				"x": 0,
				"y": 0,
				"r": 0
			},
			"upd": {
				"StackObjectsCount": 20
			}
		},
		{
			"_id": "5dcb1df1cc51617bf52d8a71",
			"_tpl": "560d5e524bdc2d25448b4571",
			"parentId": "5dcb1df1cc51617bf52d8a6f",
			"slotId": "main",
			"location": {
				"x": 1,
				"y": 0,
				"r": 0
			},
			"upd": {
				"StackObjectsCount": 20
			}
		},
		{
			"_id": "5dcb1df1cc51617bf52d8a72",
			"_tpl": "560d5e524bdc2d25448b4571",
			"parentId": "5dcb1df1cc51617bf52d8a6f",
			"slotId": "main",
			"location": {
				"x": 2,
				"y": 0,
				"r": 0
			},
			"upd": {
				"StackObjectsCount": 20
			}
		},
		{
			"_id": "5dcb1df1cc51617bf52d8a73",
			"_tpl": "560d5e524bdc2d25448b4571",
			"parentId": "5dcb1df1cc51617bf52d8a6f",
			"slotId": "main",
			"location": {
				"x": 0,
				"y": 1,
				"r": 0
			},
			"upd": {
				"StackObjectsCount": 20
			}
		},
		{
			"_id": "5dcb1df1cc51617bf52d8a74",
			"_tpl": "560d5e524bdc2d25448b4571",
			"parentId": "5dcb1df1cc51617bf52d8a6f",
			"slotId": "main",
			"location": {
				"x": 1,
				"y": 1,
				"r": 0
			},
			"upd": {
				"StackObjectsCount": 20
			}
		},
		{
			"_id": "5dcb1df1cc51617bf52d8a75",
			"_tpl": "560d5e524bdc2d25448b4571",
			"parentId": "5dcb1df1cc51617bf52d8a6f",
			"slotId": "main",
			"location": {
				"x": 2,
				"y": 1,
				"r": 0
			},
			"upd": {
				"StackObjectsCount": 20
			}
		},
		{
			"_id": "5dcb1df1cc51617bf52d8a76",
			"_tpl": "560d5e524bdc2d25448b4571",
			"parentId": "5dcb1df1cc51617bf52d8a6f",
			"slotId": "main",
			"location": {
				"x": 0,
				"y": 2,
				"r": 0
			},
			"upd": {
				"StackObjectsCount": 20
			}
		},
		{
			"_id": "5dcb1df1cc51617bf52d8a77",
			"_tpl": "560d5e524bdc2d25448b4571",
			"parentId": "5dcb1df1cc51617bf52d8a6f",
			"slotId": "main",
			"location": {
				"x": 1,
				"y": 2,
				"r": 0
			},
			"upd": {
				"StackObjectsCount": 20
			}
		},
		{
			"_id": "5dcb1df1cc51617bf52d8a78",
			"_tpl": "560d5e524bdc2d25448b4571",
			"parentId": "5dcb1df1cc51617bf52d8a6f",
			"slotId": "main",
			"location": {
				"x": 2,
				"y": 2,
				"r": 0
			},
			"upd": {
				"StackObjectsCount": 20
			}
		},
		{
			"_id": "5dcb1df1cc51617bf52d8a34",
			"_tpl": "566abbc34bdc2d92178b4576"
		},
		{
			"_id": "5dcb1df1cc51617bf52d8a37",
			"_tpl": "5963866b86f7747bfa1c4462"
		},
		{
			"_id": "5dcb1df1cc51617bf52d8a36",
			"_tpl": "5963866286f7747bf429b572"
		}
	],
	"equipment": "5dcb1df1cc51617bf52d8a35",
	"stash": "5dcb1df1cc51617bf52d8a34",
	"questRaidItems": "5dcb1df1cc51617bf52d8a36",
	"questStashItems": "5dcb1df1cc51617bf52d8a37",
	"fastPanel": {}
}