{
	"items": [
		{
			"_id": "5dcb1df1cc51617bf52d879c",
			"_tpl": "55d7217a4bdc2d86028b456d"
		},
		{
			"_id": "5dcb1df1cc51617bf52d87bc",
			"_tpl": "5a38e6bac4a2826c6e06d79b",
			"parentId": "5dcb1df1cc51617bf52d879c",
			"slotId": "FirstPrimaryWeapon"
		},
		{
			"_id": "5dcb1df1cc51617bf52d87bd",
			"_tpl": "5adf23995acfc400185c2aeb",
			"parentId": "5dcb1df1cc51617bf52d87bc",
			"slotId": "mod_stock"
		},
		{
			"_id": "5dcb1df1cc51617bf52d87be",
			"_tpl": "5a38ed75c4a28232996e40c6",
			"parentId": "5dcb1df1cc51617bf52d87bc",
			"slotId": "mod_magazine"
		},
		{
			"_id": "5dcb1df1cc51617bf52d87bf",
			"_tpl": "5a38ebd9c4a282000d722a5b",
			"parentId": "5dcb1df1cc51617bf52d87be",
			"slotId": "cartridges",
			"upd": {
				"StackObjectsCount": 4
			}
		},
		{
			"_id": "5dcb1df1cc51617bf52d87c0",
			"_tpl": "5a38ebd9c4a282000d722a5b",
			"parentId": "5dcb1df1cc51617bf52d87bc",
			"slotId": "patron_in_weapon",
			"upd": {
				"StackObjectsCount": 1
			}
		},
		{
			"_id": "5dcb1df1cc51617bf52d87c1",
			"_tpl": "557ffd194bdc2d28148b457f",
			"parentId": "5dcb1df1cc51617bf52d879c",
			"slotId": "Pockets"
		},
		{
			"_id": "5dcb1df1cc51617bf52d87c2",
			"_tpl": "5ca20abf86f77418567a43f2",
			"parentId": "5dcb1df1cc51617bf52d879c",
			"slotId": "TacticalVest"
		},
		{
			"_id": "5dcb1df1cc51617bf52d87d1",
			"_tpl": "5a38ed75c4a28232996e40c6",
			"parentId": "5dcb1df1cc51617bf52d87c2",
			"slotId": "1",
			"location": {
				"x": 0,
				"y": 0,
				"r": 0
			}
		},
		{
			"_id": "5dcb1df1cc51617bf52d87d2",
			"_tpl": "5a38ebd9c4a282000d722a5b",
			"parentId": "5dcb1df1cc51617bf52d87d1",
			"slotId": "cartridges",
			"upd": {
				"StackObjectsCount": 4
			}
		},
		{
			"_id": "5dcb1df1cc51617bf52d87c3",
			"_tpl": "5aa2b986e5b5b00014028f4c",
			"parentId": "5dcb1df1cc51617bf52d879c",
			"slotId": "Eyewear"
		},
		{
			"_id": "5dcb1df1cc51617bf52d87c4",
			"_tpl": "572b7fa524597762b747ce82",
			"parentId": "5dcb1df1cc51617bf52d879c",
			"slotId": "FaceCover"
		},
		{
			"_id": "5dcb1df1cc51617bf52d87c5",
			"_tpl": "59e770f986f7742cbe3164ef",
			"parentId": "5dcb1df1cc51617bf52d879c",
			"slotId": "Headwear"
		},
		{
			"_id": "5dcb1df1cc51617bf52d87c6",
			"_tpl": "57e26fc7245977162a14b800",
			"parentId": "5dcb1df1cc51617bf52d879c",
			"slotId": "Scabbard"
		},
		{
			"_id": "5dcb1df1cc51617bf52d87c7",
			"_tpl": "5857a8bc2459772bad15db29",
			"parentId": "5dcb1df1cc51617bf52d879c",
			"slotId": "SecuredContainer"
		},
		{
			"_id": "5dcb1df1cc51617bf52d87c8",
			"_tpl": "5a38ebd9c4a282000d722a5b",
			"parentId": "5dcb1df1cc51617bf52d87c7",
			"slotId": "main",
			"location": {
				"x": 0,
				"y": 0,
				"r": 0
			},
			"upd": {
				"StackObjectsCount": 20
			}
		},
		{
			"_id": "5dcb1df1cc51617bf52d87c9",
			"_tpl": "5a38ebd9c4a282000d722a5b",
			"parentId": "5dcb1df1cc51617bf52d87c7",
			"slotId": "main",
			"location": {
				"x": 1,
				"y": 0,
				"r": 0
			},
			"upd": {
				"StackObjectsCount": 20
			}
		},
		{
			"_id": "5dcb1df1cc51617bf52d87ca",
			"_tpl": "5a38ebd9c4a282000d722a5b",
			"parentId": "5dcb1df1cc51617bf52d87c7",
			"slotId": "main",
			"location": {
				"x": 2,
				"y": 0,
				"r": 0
			},
			"upd": {
				"StackObjectsCount": 20
			}
		},
		{
			"_id": "5dcb1df1cc51617bf52d87cb",
			"_tpl": "5a38ebd9c4a282000d722a5b",
			"parentId": "5dcb1df1cc51617bf52d87c7",
			"slotId": "main",
			"location": {
				"x": 0,
				"y": 1,
				"r": 0
			},
			"upd": {
				"StackObjectsCount": 20
			}
		},
		{
			"_id": "5dcb1df1cc51617bf52d87cc",
			"_tpl": "5a38ebd9c4a282000d722a5b",
			"parentId": "5dcb1df1cc51617bf52d87c7",
			"slotId": "main",
			"location": {
				"x": 1,
				"y": 1,
				"r": 0
			},
			"upd": {
				"StackObjectsCount": 20
			}
		},
		{
			"_id": "5dcb1df1cc51617bf52d87cd",
			"_tpl": "5a38ebd9c4a282000d722a5b",
			"parentId": "5dcb1df1cc51617bf52d87c7",
			"slotId": "main",
			"location": {
				"x": 2,
				"y": 1,
				"r": 0
			},
			"upd": {
				"StackObjectsCount": 20
			}
		},
		{
			"_id": "5dcb1df1cc51617bf52d87ce",
			"_tpl": "5a38ebd9c4a282000d722a5b",
			"parentId": "5dcb1df1cc51617bf52d87c7",
			"slotId": "main",
			"location": {
				"x": 0,
				"y": 2,
				"r": 0
			},
			"upd": {
				"StackObjectsCount": 20
			}
		},
		{
			"_id": "5dcb1df1cc51617bf52d87cf",
			"_tpl": "5a38ebd9c4a282000d722a5b",
			"parentId": "5dcb1df1cc51617bf52d87c7",
			"slotId": "main",
			"location": {
				"x": 1,
				"y": 2,
				"r": 0
			},
			"upd": {
				"StackObjectsCount": 20
			}
		},
		{
			"_id": "5dcb1df1cc51617bf52d87d0",
			"_tpl": "5a38ebd9c4a282000d722a5b",
			"parentId": "5dcb1df1cc51617bf52d87c7",
			"slotId": "main",
			"location": {
				"x": 2,
				"y": 2,
				"r": 0
			},
			"upd": {
				"StackObjectsCount": 20
			}
		},
		{
			"_id": "5dcb1df1cc51617bf52d879b",
			"_tpl": "566abbc34bdc2d92178b4576"
		},
		{
			"_id": "5dcb1df1cc51617bf52d879e",
			"_tpl": "5963866b86f7747bfa1c4462"
		},
		{
			"_id": "5dcb1df1cc51617bf52d879d",
			"_tpl": "5963866286f7747bf429b572"
		}
	],
	"equipment": "5dcb1df1cc51617bf52d879c",
	"stash": "5dcb1df1cc51617bf52d879b",
	"questRaidItems": "5dcb1df1cc51617bf52d879d",
	"questStashItems": "5dcb1df1cc51617bf52d879e",
	"fastPanel": {}
}