{
	"items": [
		{
			"_id": "5dcb1dc5fb81105cd85c012e",
			"_tpl": "55d7217a4bdc2d86028b456d"
		},
		{
			"_id": "5dcb1dc5fb81105cd85c0155",
			"_tpl": "59e6152586f77473dc057aa1",
			"parentId": "5dcb1dc5fb81105cd85c012e",
			"slotId": "FirstPrimaryWeapon"
		},
		{
			"_id": "5dcb1dc5fb81105cd85c0156",
			"_tpl": "59e649f986f77411d949b246",
			"parentId": "5dcb1dc5fb81105cd85c0155",
			"slotId": "mod_gas_block"
		},
		{
			"_id": "5dcb1dc5fb81105cd85c0157",
			"_tpl": "59e6284f86f77440d569536f",
			"parentId": "5dcb1dc5fb81105cd85c0156",
			"slotId": "mod_handguard"
		},
		{
			"_id": "5dcb1dc5fb81105cd85c0158",
			"_tpl": "59e6318286f77444dd62c4cc",
			"parentId": "5dcb1dc5fb81105cd85c0155",
			"slotId": "mod_pistol_grip"
		},
		{
			"_id": "5dcb1dc5fb81105cd85c0159",
			"_tpl": "59d6507c86f7741b846413a2",
			"parentId": "5dcb1dc5fb81105cd85c0155",
			"slotId": "mod_reciever"
		},
		{
			"_id": "5dcb1dc5fb81105cd85c015a",
			"_tpl": "59d650cf86f7741b846413a4",
			"parentId": "5dcb1dc5fb81105cd85c0155",
			"slotId": "mod_sight_rear"
		},
		{
			"_id": "5dcb1dc5fb81105cd85c015b",
			"_tpl": "59e6227d86f77440d64f5dc2",
			"parentId": "5dcb1dc5fb81105cd85c0155",
			"slotId": "mod_stock"
		},
		{
			"_id": "5dcb1dc5fb81105cd85c015c",
			"_tpl": "59e5d83b86f7745aed03d262",
			"parentId": "5dcb1dc5fb81105cd85c0155",
			"slotId": "mod_magazine"
		},
		{
			"_id": "5dcb1dc5fb81105cd85c015d",
			"_tpl": "5656d7c34bdc2d9d198b4587",
			"parentId": "5dcb1dc5fb81105cd85c015c",
			"slotId": "cartridges",
			"upd": {
				"StackObjectsCount": 10
			}
		},
		{
			"_id": "5dcb1dc5fb81105cd85c015e",
			"_tpl": "5656d7c34bdc2d9d198b4587",
			"parentId": "5dcb1dc5fb81105cd85c0155",
			"slotId": "patron_in_weapon",
			"upd": {
				"StackObjectsCount": 1
			}
		},
		{
			"_id": "5dcb1dc5fb81105cd85c015f",
			"_tpl": "557ffd194bdc2d28148b457f",
			"parentId": "5dcb1dc5fb81105cd85c012e",
			"slotId": "Pockets"
		},
		{
			"_id": "5dcb1dc5fb81105cd85c0160",
			"_tpl": "5c0e446786f7742013381639",
			"parentId": "5dcb1dc5fb81105cd85c012e",
			"slotId": "TacticalVest"
		},
		{
			"_id": "5dcb1dc5fb81105cd85c016e",
			"_tpl": "59e5d83b86f7745aed03d262",
			"parentId": "5dcb1dc5fb81105cd85c0160",
			"slotId": "1",
			"location": {
				"x": 0,
				"y": 0,
				"r": 0
			}
		},
		{
			"_id": "5dcb1dc5fb81105cd85c016f",
			"_tpl": "5656d7c34bdc2d9d198b4587",
			"parentId": "5dcb1dc5fb81105cd85c016e",
			"slotId": "cartridges",
			"upd": {
				"StackObjectsCount": 10
			}
		},
		{
			"_id": "5dcb1dc5fb81105cd85c0170",
			"_tpl": "59e5d83b86f7745aed03d262",
			"parentId": "5dcb1dc5fb81105cd85c0160",
			"slotId": "1",
			"location": {
				"x": 0,
				"y": 1,
				"r": 0
			}
		},
		{
			"_id": "5dcb1dc5fb81105cd85c0171",
			"_tpl": "5656d7c34bdc2d9d198b4587",
			"parentId": "5dcb1dc5fb81105cd85c0170",
			"slotId": "cartridges",
			"upd": {
				"StackObjectsCount": 10
			}
		},
		{
			"_id": "5dcb1dc5fb81105cd85c0161",
			"_tpl": "59e770b986f7742cbd762754",
			"parentId": "5dcb1dc5fb81105cd85c012e",
			"slotId": "Eyewear"
		},
		{
			"_id": "5dcb1dc5fb81105cd85c0162",
			"_tpl": "572b7fa524597762b747ce82",
			"parentId": "5dcb1dc5fb81105cd85c012e",
			"slotId": "FaceCover"
		},
		{
			"_id": "5dcb1dc5fb81105cd85c0163",
			"_tpl": "57e26ea924597715ca604a09",
			"parentId": "5dcb1dc5fb81105cd85c012e",
			"slotId": "Scabbard"
		},
		{
			"_id": "5dcb1dc5fb81105cd85c0164",
			"_tpl": "5857a8bc2459772bad15db29",
			"parentId": "5dcb1dc5fb81105cd85c012e",
			"slotId": "SecuredContainer"
		},
		{
			"_id": "5dcb1dc5fb81105cd85c0165",
			"_tpl": "5656d7c34bdc2d9d198b4587",
			"parentId": "5dcb1dc5fb81105cd85c0164",
			"slotId": "main",
			"location": {
				"x": 0,
				"y": 0,
				"r": 0
			},
			"upd": {
				"StackObjectsCount": 60
			}
		},
		{
			"_id": "5dcb1dc5fb81105cd85c0166",
			"_tpl": "5656d7c34bdc2d9d198b4587",
			"parentId": "5dcb1dc5fb81105cd85c0164",
			"slotId": "main",
			"location": {
				"x": 1,
				"y": 0,
				"r": 0
			},
			"upd": {
				"StackObjectsCount": 60
			}
		},
		{
			"_id": "5dcb1dc5fb81105cd85c0167",
			"_tpl": "5656d7c34bdc2d9d198b4587",
			"parentId": "5dcb1dc5fb81105cd85c0164",
			"slotId": "main",
			"location": {
				"x": 2,
				"y": 0,
				"r": 0
			},
			"upd": {
				"StackObjectsCount": 60
			}
		},
		{
			"_id": "5dcb1dc5fb81105cd85c0168",
			"_tpl": "5656d7c34bdc2d9d198b4587",
			"parentId": "5dcb1dc5fb81105cd85c0164",
			"slotId": "main",
			"location": {
				"x": 0,
				"y": 1,
				"r": 0
			},
			"upd": {
				"StackObjectsCount": 60
			}
		},
		{
			"_id": "5dcb1dc5fb81105cd85c0169",
			"_tpl": "5656d7c34bdc2d9d198b4587",
			"parentId": "5dcb1dc5fb81105cd85c0164",
			"slotId": "main",
			"location": {
				"x": 1,
				"y": 1,
				"r": 0
			},
			"upd": {
				"StackObjectsCount": 60
			}
		},
		{
			"_id": "5dcb1dc5fb81105cd85c016a",
			"_tpl": "5656d7c34bdc2d9d198b4587",
			"parentId": "5dcb1dc5fb81105cd85c0164",
			"slotId": "main",
			"location": {
				"x": 2,
				"y": 1,
				"r": 0
			},
			"upd": {
				"StackObjectsCount": 60
			}
		},
		{
			"_id": "5dcb1dc5fb81105cd85c016b",
			"_tpl": "5656d7c34bdc2d9d198b4587",
			"parentId": "5dcb1dc5fb81105cd85c0164",
			"slotId": "main",
			"location": {
				"x": 0,
				"y": 2,
				"r": 0
			},
			"upd": {
				"StackObjectsCount": 60
			}
		},
		{
			"_id": "5dcb1dc5fb81105cd85c016c",
			"_tpl": "5656d7c34bdc2d9d198b4587",
			"parentId": "5dcb1dc5fb81105cd85c0164",
			"slotId": "main",
			"location": {
				"x": 1,
				"y": 2,
				"r": 0
			},
			"upd": {
				"StackObjectsCount": 60
			}
		},
		{
			"_id": "5dcb1dc5fb81105cd85c016d",
			"_tpl": "5656d7c34bdc2d9d198b4587",
			"parentId": "5dcb1dc5fb81105cd85c0164",
			"slotId": "main",
			"location": {
				"x": 2,
				"y": 2,
				"r": 0
			},
			"upd": {
				"StackObjectsCount": 60
			}
		},
		{
			"_id": "5dcb1dc5fb81105cd85c012d",
			"_tpl": "566abbc34bdc2d92178b4576"
		},
		{
			"_id": "5dcb1dc5fb81105cd85c0130",
			"_tpl": "5963866b86f7747bfa1c4462"
		},
		{
			"_id": "5dcb1dc5fb81105cd85c012f",
			"_tpl": "5963866286f7747bf429b572"
		}
	],
	"equipment": "5dcb1dc5fb81105cd85c012e",
	"stash": "5dcb1dc5fb81105cd85c012d",
	"questRaidItems": "5dcb1dc5fb81105cd85c012f",
	"questStashItems": "5dcb1dc5fb81105cd85c0130",
	"fastPanel": {}
}