{
	"items": [
		{
			"_id": "5dcb1dc5fb81105cd85c009f",
			"_tpl": "55d7217a4bdc2d86028b456d"
		},
		{
			"_id": "5dcb1dc5fb81105cd85c00b7",
			"_tpl": "5ac4cd105acfc40016339859",
			"parentId": "5dcb1dc5fb81105cd85c009f",
			"slotId": "FirstPrimaryWeapon"
		},
		{
			"_id": "5dcb1dc5fb81105cd85c00b8",
			"_tpl": "59c6633186f7740cf0493bb9",
			"parentId": "5dcb1dc5fb81105cd85c00b7",
			"slotId": "mod_gas_block"
		},
		{
			"_id": "5dcb1dc5fb81105cd85c00b9",
			"_tpl": "5648b1504bdc2d9d488b4584",
			"parentId": "5dcb1dc5fb81105cd85c00b8",
			"slotId": "mod_handguard"
		},
		{
			"_id": "5dcb1dc5fb81105cd85c00ba",
			"_tpl": "5ac7655e5acfc40016339a19",
			"parentId": "5dcb1dc5fb81105cd85c00b7",
			"slotId": "mod_muzzle"
		},
		{
			"_id": "5dcb1dc5fb81105cd85c00bb",
			"_tpl": "5649ade84bdc2d1b2b8b4587",
			"parentId": "5dcb1dc5fb81105cd85c00b7",
			"slotId": "mod_pistol_grip"
		},
		{
			"_id": "5dcb1dc5fb81105cd85c00bc",
			"_tpl": "5ac50da15acfc4001718d287",
			"parentId": "5dcb1dc5fb81105cd85c00b7",
			"slotId": "mod_reciever"
		},
		{
			"_id": "5dcb1dc5fb81105cd85c00bd",
			"_tpl": "5ac72e475acfc400180ae6fe",
			"parentId": "5dcb1dc5fb81105cd85c00b7",
			"slotId": "mod_sight_rear"
		},
		{
			"_id": "5dcb1dc5fb81105cd85c00be",
			"_tpl": "5ac50c185acfc400163398d4",
			"parentId": "5dcb1dc5fb81105cd85c00b7",
			"slotId": "mod_stock"
		},
		{
			"_id": "5dcb1dc5fb81105cd85c00c0",
			"_tpl": "55d480c04bdc2d1d4e8b456a",
			"parentId": "5dcb1dc5fb81105cd85c00b7",
			"slotId": "mod_magazine"
		},
		{
			"_id": "5dcb1dc5fb81105cd85c00c1",
			"_tpl": "56dff3afd2720bba668b4567",
			"parentId": "5dcb1dc5fb81105cd85c00c0",
			"slotId": "cartridges",
			"upd": {
				"StackObjectsCount": 30
			}
		},
		{
			"_id": "5dcb1dc5fb81105cd85c00c2",
			"_tpl": "557ffd194bdc2d28148b457f",
			"parentId": "5dcb1dc5fb81105cd85c009f",
			"slotId": "Pockets"
		},
		{
			"_id": "5dcb1dc5fb81105cd85c00d8",
			"_tpl": "5d1b313086f77425227d1678",
			"parentId": "5dcb1dc5fb81105cd85c00c2",
			"slotId": "pocket1",
			"location": {
				"x": 0,
				"y": 0,
				"r": 0
			}
		},
		{
			"_id": "5dcb1dc5fb81105cd85c00c3",
			"_tpl": "59e7643b86f7742cbf2c109a",
			"parentId": "5dcb1dc5fb81105cd85c009f",
			"slotId": "TacticalVest"
		},
		{
			"_id": "5dcb1dc5fb81105cd85c00d2",
			"_tpl": "55d480c04bdc2d1d4e8b456a",
			"parentId": "5dcb1dc5fb81105cd85c00c3",
			"slotId": "1",
			"location": {
				"x": 0,
				"y": 0,
				"r": 0
			}
		},
		{
			"_id": "5dcb1dc5fb81105cd85c00d3",
			"_tpl": "56dff3afd2720bba668b4567",
			"parentId": "5dcb1dc5fb81105cd85c00d2",
			"slotId": "cartridges",
			"upd": {
				"StackObjectsCount": 30
			}
		},
		{
			"_id": "5dcb1dc5fb81105cd85c00d4",
			"_tpl": "55d480c04bdc2d1d4e8b456a",
			"parentId": "5dcb1dc5fb81105cd85c00c3",
			"slotId": "1",
			"location": {
				"x": 1,
				"y": 0,
				"r": 0
			}
		},
		{
			"_id": "5dcb1dc5fb81105cd85c00d5",
			"_tpl": "56dff3afd2720bba668b4567",
			"parentId": "5dcb1dc5fb81105cd85c00d4",
			"slotId": "cartridges",
			"upd": {
				"StackObjectsCount": 30
			}
		},
		{
			"_id": "5dcb1dc5fb81105cd85c00c4",
			"_tpl": "5d6d2ef3a4b93618084f58bd",
			"parentId": "5dcb1dc5fb81105cd85c009f",
			"slotId": "Eyewear"
		},
		{
			"_id": "5dcb1dc5fb81105cd85c00c5",
			"_tpl": "59e7635f86f7742cbf2c1095",
			"parentId": "5dcb1dc5fb81105cd85c009f",
			"slotId": "ArmorVest",
			"upd": {
				"Repairable": {
					"Durability": 28
				}
			}
		},
		{
			"_id": "5dcb1dc5fb81105cd85c00c6",
			"_tpl": "57e26fc7245977162a14b800",
			"parentId": "5dcb1dc5fb81105cd85c009f",
			"slotId": "Scabbard"
		},
		{
			"_id": "5dcb1dc5fb81105cd85c00c7",
			"_tpl": "544a5cde4bdc2d39388b456b",
			"parentId": "5dcb1dc5fb81105cd85c009f",
			"slotId": "Backpack"
		},
		{
			"_id": "5dcb1dc5fb81105cd85c00d9",
			"_tpl": "591afe0186f77431bd616a11",
			"parentId": "5dcb1dc5fb81105cd85c00c7",
			"slotId": "main",
			"location": {
				"x": 0,
				"y": 0,
				"r": 0
			}
		},
		{
			"_id": "5dcb1dc5fb81105cd85c00da",
			"_tpl": "5b07db875acfc40dc528a5f6",
			"parentId": "5dcb1dc5fb81105cd85c00c7",
			"slotId": "main",
			"location": {
				"x": 1,
				"y": 0,
				"r": 0
			}
		},
		{
			"_id": "5dcb1dc5fb81105cd85c00db",
			"_tpl": "569668774bdc2da2298b4568",
			"parentId": "5dcb1dc5fb81105cd85c00c7",
			"slotId": "main",
			"location": {
				"x": 2,
				"y": 0,
				"r": 0
			},
			"upd": {
				"StackObjectsCount": 500
			}
		},
		{
			"_id": "5dcb1dc5fb81105cd85c00c8",
			"_tpl": "5857a8bc2459772bad15db29",
			"parentId": "5dcb1dc5fb81105cd85c009f",
			"slotId": "SecuredContainer"
		},
		{
			"_id": "5dcb1dc5fb81105cd85c00c9",
			"_tpl": "56dff3afd2720bba668b4567",
			"parentId": "5dcb1dc5fb81105cd85c00c8",
			"slotId": "main",
			"location": {
				"x": 0,
				"y": 0,
				"r": 0
			},
			"upd": {
				"StackObjectsCount": 60
			}
		},
		{
			"_id": "5dcb1dc5fb81105cd85c00ca",
			"_tpl": "56dff3afd2720bba668b4567",
			"parentId": "5dcb1dc5fb81105cd85c00c8",
			"slotId": "main",
			"location": {
				"x": 1,
				"y": 0,
				"r": 0
			},
			"upd": {
				"StackObjectsCount": 60
			}
		},
		{
			"_id": "5dcb1dc5fb81105cd85c00cb",
			"_tpl": "56dff3afd2720bba668b4567",
			"parentId": "5dcb1dc5fb81105cd85c00c8",
			"slotId": "main",
			"location": {
				"x": 2,
				"y": 0,
				"r": 0
			},
			"upd": {
				"StackObjectsCount": 60
			}
		},
		{
			"_id": "5dcb1dc5fb81105cd85c00cc",
			"_tpl": "56dff3afd2720bba668b4567",
			"parentId": "5dcb1dc5fb81105cd85c00c8",
			"slotId": "main",
			"location": {
				"x": 0,
				"y": 1,
				"r": 0
			},
			"upd": {
				"StackObjectsCount": 60
			}
		},
		{
			"_id": "5dcb1dc5fb81105cd85c00cd",
			"_tpl": "56dff3afd2720bba668b4567",
			"parentId": "5dcb1dc5fb81105cd85c00c8",
			"slotId": "main",
			"location": {
				"x": 1,
				"y": 1,
				"r": 0
			},
			"upd": {
				"StackObjectsCount": 60
			}
		},
		{
			"_id": "5dcb1dc5fb81105cd85c00ce",
			"_tpl": "56dff3afd2720bba668b4567",
			"parentId": "5dcb1dc5fb81105cd85c00c8",
			"slotId": "main",
			"location": {
				"x": 2,
				"y": 1,
				"r": 0
			},
			"upd": {
				"StackObjectsCount": 60
			}
		},
		{
			"_id": "5dcb1dc5fb81105cd85c00cf",
			"_tpl": "56dff3afd2720bba668b4567",
			"parentId": "5dcb1dc5fb81105cd85c00c8",
			"slotId": "main",
			"location": {
				"x": 0,
				"y": 2,
				"r": 0
			},
			"upd": {
				"StackObjectsCount": 60
			}
		},
		{
			"_id": "5dcb1dc5fb81105cd85c00d0",
			"_tpl": "56dff3afd2720bba668b4567",
			"parentId": "5dcb1dc5fb81105cd85c00c8",
			"slotId": "main",
			"location": {
				"x": 1,
				"y": 2,
				"r": 0
			},
			"upd": {
				"StackObjectsCount": 60
			}
		},
		{
			"_id": "5dcb1dc5fb81105cd85c00d1",
			"_tpl": "56dff3afd2720bba668b4567",
			"parentId": "5dcb1dc5fb81105cd85c00c8",
			"slotId": "main",
			"location": {
				"x": 2,
				"y": 2,
				"r": 0
			},
			"upd": {
				"StackObjectsCount": 60
			}
		},
		{
			"_id": "5dcb1dc5fb81105cd85c009e",
			"_tpl": "566abbc34bdc2d92178b4576"
		},
		{
			"_id": "5dcb1dc5fb81105cd85c00a1",
			"_tpl": "5963866b86f7747bfa1c4462"
		},
		{
			"_id": "5dcb1dc5fb81105cd85c00a0",
			"_tpl": "5963866286f7747bf429b572"
		}
	],
	"equipment": "5dcb1dc5fb81105cd85c009f",
	"stash": "5dcb1dc5fb81105cd85c009e",
	"questRaidItems": "5dcb1dc5fb81105cd85c00a0",
	"questStashItems": "5dcb1dc5fb81105cd85c00a1",
	"fastPanel": {}
}