{
	"items": [
		{
			"_id": "5dcb1dc4fb81105cd85be03d",
			"_tpl": "55d7217a4bdc2d86028b456d"
		},
		{
			"_id": "5dcb1dc4fb81105cd85be05a",
			"_tpl": "5a38e6bac4a2826c6e06d79b",
			"parentId": "5dcb1dc4fb81105cd85be03d",
			"slotId": "FirstPrimaryWeapon"
		},
		{
			"_id": "5dcb1dc4fb81105cd85be05b",
			"_tpl": "5adf23995acfc400185c2aeb",
			"parentId": "5dcb1dc4fb81105cd85be05a",
			"slotId": "mod_stock"
		},
		{
			"_id": "5dcb1dc4fb81105cd85be05c",
			"_tpl": "5a38ed75c4a28232996e40c6",
			"parentId": "5dcb1dc4fb81105cd85be05a",
			"slotId": "mod_magazine"
		},
		{
			"_id": "5dcb1dc4fb81105cd85be05d",
			"_tpl": "5d6e6a53a4b9361bd473feec",
			"parentId": "5dcb1dc4fb81105cd85be05c",
			"slotId": "cartridges",
			"upd": {
				"StackObjectsCount": 4
			}
		},
		{
			"_id": "5dcb1dc4fb81105cd85be05e",
			"_tpl": "5d6e6a53a4b9361bd473feec",
			"parentId": "5dcb1dc4fb81105cd85be05a",
			"slotId": "patron_in_weapon",
			"upd": {
				"StackObjectsCount": 1
			}
		},
		{
			"_id": "5dcb1dc4fb81105cd85be05f",
			"_tpl": "557ffd194bdc2d28148b457f",
			"parentId": "5dcb1dc4fb81105cd85be03d",
			"slotId": "Pockets"
		},
		{
			"_id": "5dcb1dc4fb81105cd85be060",
			"_tpl": "572b7adb24597762ae139821",
			"parentId": "5dcb1dc4fb81105cd85be03d",
			"slotId": "TacticalVest"
		},
		{
			"_id": "5dcb1dc4fb81105cd85be06f",
			"_tpl": "5a38ed75c4a28232996e40c6",
			"parentId": "5dcb1dc4fb81105cd85be060",
			"slotId": "1",
			"location": {
				"x": 0,
				"y": 0,
				"r": 0
			}
		},
		{
			"_id": "5dcb1dc4fb81105cd85be070",
			"_tpl": "5d6e6a53a4b9361bd473feec",
			"parentId": "5dcb1dc4fb81105cd85be06f",
			"slotId": "cartridges",
			"upd": {
				"StackObjectsCount": 4
			}
		},
		{
			"_id": "5dcb1dc4fb81105cd85be071",
			"_tpl": "5a38ed75c4a28232996e40c6",
			"parentId": "5dcb1dc4fb81105cd85be060",
			"slotId": "2",
			"location": {
				"x": 0,
				"y": 0,
				"r": 0
			}
		},
		{
			"_id": "5dcb1dc4fb81105cd85be072",
			"_tpl": "5d6e6a53a4b9361bd473feec",
			"parentId": "5dcb1dc4fb81105cd85be071",
			"slotId": "cartridges",
			"upd": {
				"StackObjectsCount": 4
			}
		},
		{
			"_id": "5dcb1dc4fb81105cd85be075",
			"_tpl": "57347d7224597744596b4e72",
			"parentId": "5dcb1dc4fb81105cd85be060",
			"slotId": "3",
			"location": {
				"x": 0,
				"y": 0,
				"r": 0
			},
			"upd": {
				"FoodDrink": {
					"HpPercent": 1
				}
			}
		},
		{
			"_id": "5dcb1dc4fb81105cd85be061",
			"_tpl": "59e7715586f7742ee5789605",
			"parentId": "5dcb1dc4fb81105cd85be03d",
			"slotId": "FaceCover"
		},
		{
			"_id": "5dcb1dc4fb81105cd85be062",
			"_tpl": "5aa2b89be5b5b0001569311f",
			"parentId": "5dcb1dc4fb81105cd85be03d",
			"slotId": "Headwear"
		},
		{
			"_id": "5dcb1dc4fb81105cd85be063",
			"_tpl": "57e26ea924597715ca604a09",
			"parentId": "5dcb1dc4fb81105cd85be03d",
			"slotId": "Scabbard"
		},
		{
			"_id": "5dcb1dc4fb81105cd85be064",
			"_tpl": "56e33680d2720be2748b4576",
			"parentId": "5dcb1dc4fb81105cd85be03d",
			"slotId": "Backpack"
		},
		{
			"_id": "5dcb1dc4fb81105cd85be076",
			"_tpl": "5755383e24597772cb798966",
			"parentId": "5dcb1dc4fb81105cd85be064",
			"slotId": "main",
			"location": {
				"x": 0,
				"y": 0,
				"r": 0
			},
			"upd": {
				"MedKit": {
					"HpResource": 5
				}
			}
		},
		{
			"_id": "5dcb1dc4fb81105cd85be077",
			"_tpl": "573476f124597737e04bf328",
			"parentId": "5dcb1dc4fb81105cd85be064",
			"slotId": "main",
			"location": {
				"x": 1,
				"y": 0,
				"r": 0
			}
		},
		{
			"_id": "5dcb1dc4fb81105cd85be065",
			"_tpl": "5857a8bc2459772bad15db29",
			"parentId": "5dcb1dc4fb81105cd85be03d",
			"slotId": "SecuredContainer"
		},
		{
			"_id": "5dcb1dc4fb81105cd85be066",
			"_tpl": "5d6e6a53a4b9361bd473feec",
			"parentId": "5dcb1dc4fb81105cd85be065",
			"slotId": "main",
			"location": {
				"x": 0,
				"y": 0,
				"r": 0
			},
			"upd": {
				"StackObjectsCount": 20
			}
		},
		{
			"_id": "5dcb1dc4fb81105cd85be067",
			"_tpl": "5d6e6a53a4b9361bd473feec",
			"parentId": "5dcb1dc4fb81105cd85be065",
			"slotId": "main",
			"location": {
				"x": 1,
				"y": 0,
				"r": 0
			},
			"upd": {
				"StackObjectsCount": 20
			}
		},
		{
			"_id": "5dcb1dc4fb81105cd85be068",
			"_tpl": "5d6e6a53a4b9361bd473feec",
			"parentId": "5dcb1dc4fb81105cd85be065",
			"slotId": "main",
			"location": {
				"x": 2,
				"y": 0,
				"r": 0
			},
			"upd": {
				"StackObjectsCount": 20
			}
		},
		{
			"_id": "5dcb1dc4fb81105cd85be069",
			"_tpl": "5d6e6a53a4b9361bd473feec",
			"parentId": "5dcb1dc4fb81105cd85be065",
			"slotId": "main",
			"location": {
				"x": 0,
				"y": 1,
				"r": 0
			},
			"upd": {
				"StackObjectsCount": 20
			}
		},
		{
			"_id": "5dcb1dc4fb81105cd85be06a",
			"_tpl": "5d6e6a53a4b9361bd473feec",
			"parentId": "5dcb1dc4fb81105cd85be065",
			"slotId": "main",
			"location": {
				"x": 1,
				"y": 1,
				"r": 0
			},
			"upd": {
				"StackObjectsCount": 20
			}
		},
		{
			"_id": "5dcb1dc4fb81105cd85be06b",
			"_tpl": "5d6e6a53a4b9361bd473feec",
			"parentId": "5dcb1dc4fb81105cd85be065",
			"slotId": "main",
			"location": {
				"x": 2,
				"y": 1,
				"r": 0
			},
			"upd": {
				"StackObjectsCount": 20
			}
		},
		{
			"_id": "5dcb1dc4fb81105cd85be06c",
			"_tpl": "5d6e6a53a4b9361bd473feec",
			"parentId": "5dcb1dc4fb81105cd85be065",
			"slotId": "main",
			"location": {
				"x": 0,
				"y": 2,
				"r": 0
			},
			"upd": {
				"StackObjectsCount": 20
			}
		},
		{
			"_id": "5dcb1dc4fb81105cd85be06d",
			"_tpl": "5d6e6a53a4b9361bd473feec",
			"parentId": "5dcb1dc4fb81105cd85be065",
			"slotId": "main",
			"location": {
				"x": 1,
				"y": 2,
				"r": 0
			},
			"upd": {
				"StackObjectsCount": 20
			}
		},
		{
			"_id": "5dcb1dc4fb81105cd85be06e",
			"_tpl": "5d6e6a53a4b9361bd473feec",
			"parentId": "5dcb1dc4fb81105cd85be065",
			"slotId": "main",
			"location": {
				"x": 2,
				"y": 2,
				"r": 0
			},
			"upd": {
				"StackObjectsCount": 20
			}
		},
		{
			"_id": "5dcb1dc4fb81105cd85be03c",
			"_tpl": "566abbc34bdc2d92178b4576"
		},
		{
			"_id": "5dcb1dc4fb81105cd85be03f",
			"_tpl": "5963866b86f7747bfa1c4462"
		},
		{
			"_id": "5dcb1dc4fb81105cd85be03e",
			"_tpl": "5963866286f7747bf429b572"
		}
	],
	"equipment": "5dcb1dc4fb81105cd85be03d",
	"stash": "5dcb1dc4fb81105cd85be03c",
	"questRaidItems": "5dcb1dc4fb81105cd85be03e",
	"questStashItems": "5dcb1dc4fb81105cd85be03f",
	"fastPanel": {}
}