{
	"items": [
		{
			"_id": "5dcb1de5d7ed5e035c43979e",
			"_tpl": "55d7217a4bdc2d86028b456d"
		},
		{
			"_id": "5dcb1de5d7ed5e035c4397be",
			"_tpl": "5448bd6b4bdc2dfc2f8b4569",
			"parentId": "5dcb1de5d7ed5e035c43979e",
			"slotId": "Holster"
		},
		{
			"_id": "5dcb1de5d7ed5e035c4397bf",
			"_tpl": "5448c12b4bdc2d02308b456f",
			"parentId": "5dcb1de5d7ed5e035c4397be",
			"slotId": "mod_magazine"
		},
		{
			"_id": "5dcb1de5d7ed5e035c4397c0",
			"_tpl": "573719762459775a626ccbc1",
			"parentId": "5dcb1de5d7ed5e035c4397bf",
			"slotId": "cartridges",
			"upd": {
				"StackObjectsCount": 8
			}
		},
		{
			"_id": "5dcb1de5d7ed5e035c4397c1",
			"_tpl": "573719762459775a626ccbc1",
			"parentId": "5dcb1de5d7ed5e035c4397be",
			"slotId": "patron_in_weapon",
			"upd": {
				"StackObjectsCount": 1
			}
		},
		{
			"_id": "5dcb1de5d7ed5e035c4397c2",
			"_tpl": "557ffd194bdc2d28148b457f",
			"parentId": "5dcb1de5d7ed5e035c43979e",
			"slotId": "Pockets"
		},
		{
			"_id": "5dcb1de5d7ed5e035c4397c3",
			"_tpl": "572b7adb24597762ae139821",
			"parentId": "5dcb1de5d7ed5e035c43979e",
			"slotId": "TacticalVest"
		},
		{
			"_id": "5dcb1de5d7ed5e035c4397d1",
			"_tpl": "5448c12b4bdc2d02308b456f",
			"parentId": "5dcb1de5d7ed5e035c4397c3",
			"slotId": "1",
			"location": {
				"x": 0,
				"y": 0,
				"r": 0
			}
		},
		{
			"_id": "5dcb1de5d7ed5e035c4397d2",
			"_tpl": "573719762459775a626ccbc1",
			"parentId": "5dcb1de5d7ed5e035c4397d1",
			"slotId": "cartridges",
			"upd": {
				"StackObjectsCount": 8
			}
		},
		{
			"_id": "5dcb1de5d7ed5e035c4397c4",
			"_tpl": "59e770b986f7742cbd762754",
			"parentId": "5dcb1de5d7ed5e035c43979e",
			"slotId": "Eyewear"
		},
		{
			"_id": "5dcb1de5d7ed5e035c4397c5",
			"_tpl": "572b7fa124597762b472f9d2",
			"parentId": "5dcb1de5d7ed5e035c43979e",
			"slotId": "Headwear"
		},
		{
			"_id": "5dcb1de5d7ed5e035c4397c6",
			"_tpl": "57e26fc7245977162a14b800",
			"parentId": "5dcb1de5d7ed5e035c43979e",
			"slotId": "Scabbard"
		},
		{
			"_id": "5dcb1de5d7ed5e035c4397c7",
			"_tpl": "5857a8bc2459772bad15db29",
			"parentId": "5dcb1de5d7ed5e035c43979e",
			"slotId": "SecuredContainer"
		},
		{
			"_id": "5dcb1de5d7ed5e035c4397c8",
			"_tpl": "573719762459775a626ccbc1",
			"parentId": "5dcb1de5d7ed5e035c4397c7",
			"slotId": "main",
			"location": {
				"x": 0,
				"y": 0,
				"r": 0
			},
			"upd": {
				"StackObjectsCount": 50
			}
		},
		{
			"_id": "5dcb1de5d7ed5e035c4397c9",
			"_tpl": "573719762459775a626ccbc1",
			"parentId": "5dcb1de5d7ed5e035c4397c7",
			"slotId": "main",
			"location": {
				"x": 1,
				"y": 0,
				"r": 0
			},
			"upd": {
				"StackObjectsCount": 50
			}
		},
		{
			"_id": "5dcb1de5d7ed5e035c4397ca",
			"_tpl": "573719762459775a626ccbc1",
			"parentId": "5dcb1de5d7ed5e035c4397c7",
			"slotId": "main",
			"location": {
				"x": 2,
				"y": 0,
				"r": 0
			},
			"upd": {
				"StackObjectsCount": 50
			}
		},
		{
			"_id": "5dcb1de5d7ed5e035c4397cb",
			"_tpl": "573719762459775a626ccbc1",
			"parentId": "5dcb1de5d7ed5e035c4397c7",
			"slotId": "main",
			"location": {
				"x": 0,
				"y": 1,
				"r": 0
			},
			"upd": {
				"StackObjectsCount": 50
			}
		},
		{
			"_id": "5dcb1de5d7ed5e035c4397cc",
			"_tpl": "573719762459775a626ccbc1",
			"parentId": "5dcb1de5d7ed5e035c4397c7",
			"slotId": "main",
			"location": {
				"x": 1,
				"y": 1,
				"r": 0
			},
			"upd": {
				"StackObjectsCount": 50
			}
		},
		{
			"_id": "5dcb1de5d7ed5e035c4397cd",
			"_tpl": "573719762459775a626ccbc1",
			"parentId": "5dcb1de5d7ed5e035c4397c7",
			"slotId": "main",
			"location": {
				"x": 2,
				"y": 1,
				"r": 0
			},
			"upd": {
				"StackObjectsCount": 50
			}
		},
		{
			"_id": "5dcb1de5d7ed5e035c4397ce",
			"_tpl": "573719762459775a626ccbc1",
			"parentId": "5dcb1de5d7ed5e035c4397c7",
			"slotId": "main",
			"location": {
				"x": 0,
				"y": 2,
				"r": 0
			},
			"upd": {
				"StackObjectsCount": 50
			}
		},
		{
			"_id": "5dcb1de5d7ed5e035c4397cf",
			"_tpl": "573719762459775a626ccbc1",
			"parentId": "5dcb1de5d7ed5e035c4397c7",
			"slotId": "main",
			"location": {
				"x": 1,
				"y": 2,
				"r": 0
			},
			"upd": {
				"StackObjectsCount": 50
			}
		},
		{
			"_id": "5dcb1de5d7ed5e035c4397d0",
			"_tpl": "573719762459775a626ccbc1",
			"parentId": "5dcb1de5d7ed5e035c4397c7",
			"slotId": "main",
			"location": {
				"x": 2,
				"y": 2,
				"r": 0
			},
			"upd": {
				"StackObjectsCount": 50
			}
		},
		{
			"_id": "5dcb1de5d7ed5e035c43979d",
			"_tpl": "566abbc34bdc2d92178b4576"
		},
		{
			"_id": "5dcb1de5d7ed5e035c4397a0",
			"_tpl": "5963866b86f7747bfa1c4462"
		},
		{
			"_id": "5dcb1de5d7ed5e035c43979f",
			"_tpl": "5963866286f7747bf429b572"
		}
	],
	"equipment": "5dcb1de5d7ed5e035c43979e",
	"stash": "5dcb1de5d7ed5e035c43979d",
	"questRaidItems": "5dcb1de5d7ed5e035c43979f",
	"questStashItems": "5dcb1de5d7ed5e035c4397a0",
	"fastPanel": {}
}