{
	"items": [
		{
			"_id": "5dcb1de5d7ed5e035c439811",
			"_tpl": "55d7217a4bdc2d86028b456d"
		},
		{
			"_id": "5dcb1de5d7ed5e035c43982f",
			"_tpl": "54491c4f4bdc2db1078b4568",
			"parentId": "5dcb1de5d7ed5e035c439811",
			"slotId": "FirstPrimaryWeapon"
		},
		{
			"_id": "5dcb1de5d7ed5e035c439830",
			"_tpl": "55d4491a4bdc2d882f8b456e",
			"parentId": "5dcb1de5d7ed5e035c43982f",
			"slotId": "mod_barrel"
		},
		{
			"_id": "5dcb1de5d7ed5e035c439831",
			"_tpl": "55d45d3f4bdc2d972f8b456c",
			"parentId": "5dcb1de5d7ed5e035c43982f",
			"slotId": "mod_handguard"
		},
		{
			"_id": "5dcb1de5d7ed5e035c439832",
			"_tpl": "56083be64bdc2d20478b456f",
			"parentId": "5dcb1de5d7ed5e035c43982f",
			"slotId": "mod_stock"
		},
		{
			"_id": "5dcb1de5d7ed5e035c439833",
			"_tpl": "55d48ebc4bdc2d8c2f8b456c",
			"parentId": "5dcb1de5d7ed5e035c43982f",
			"slotId": "mod_mount_000"
		},
		{
			"_id": "5dcb1de5d7ed5e035c439834",
			"_tpl": "55d484b44bdc2d1d4e8b456d",
			"parentId": "5dcb1de5d7ed5e035c43982f",
			"slotId": "mod_magazine"
		},
		{
			"_id": "5dcb1de5d7ed5e035c439835",
			"_tpl": "5d6e6869a4b9361c140bcfde",
			"parentId": "5dcb1de5d7ed5e035c439834",
			"slotId": "cartridges",
			"upd": {
				"StackObjectsCount": 6
			}
		},
		{
			"_id": "5dcb1de5d7ed5e035c439836",
			"_tpl": "5d6e6869a4b9361c140bcfde",
			"parentId": "5dcb1de5d7ed5e035c43982f",
			"slotId": "patron_in_weapon",
			"upd": {
				"StackObjectsCount": 1
			}
		},
		{
			"_id": "5dcb1de5d7ed5e035c439837",
			"_tpl": "557ffd194bdc2d28148b457f",
			"parentId": "5dcb1de5d7ed5e035c439811",
			"slotId": "Pockets"
		},
		{
			"_id": "5dcb1de5d7ed5e035c439847",
			"_tpl": "5751496424597720a27126da",
			"parentId": "5dcb1de5d7ed5e035c439837",
			"slotId": "pocket1",
			"location": {
				"x": 0,
				"y": 0,
				"r": 0
			},
			"upd": {
				"FoodDrink": {
					"HpPercent": 1
				}
			}
		},
		{
			"_id": "5dcb1de5d7ed5e035c439838",
			"_tpl": "572b7adb24597762ae139821",
			"parentId": "5dcb1de5d7ed5e035c439811",
			"slotId": "TacticalVest"
		},
		{
			"_id": "5dcb1de5d7ed5e035c439844",
			"_tpl": "5d6e6869a4b9361c140bcfde",
			"parentId": "5dcb1de5d7ed5e035c439838",
			"slotId": "1",
			"location": {
				"x": 0,
				"y": 0,
				"r": 0
			},
			"upd": {
				"StackObjectsCount": 14
			}
		},
		{
			"_id": "5dcb1de5d7ed5e035c439845",
			"_tpl": "5d6e6869a4b9361c140bcfde",
			"parentId": "5dcb1de5d7ed5e035c439838",
			"slotId": "2",
			"location": {
				"x": 0,
				"y": 0,
				"r": 0
			},
			"upd": {
				"StackObjectsCount": 7
			}
		},
		{
			"_id": "5dcb1de5d7ed5e035c439839",
			"_tpl": "57e26ea924597715ca604a09",
			"parentId": "5dcb1de5d7ed5e035c439811",
			"slotId": "Scabbard"
		},
		{
			"_id": "5dcb1de5d7ed5e035c43983a",
			"_tpl": "5857a8bc2459772bad15db29",
			"parentId": "5dcb1de5d7ed5e035c439811",
			"slotId": "SecuredContainer"
		},
		{
			"_id": "5dcb1de5d7ed5e035c43983b",
			"_tpl": "5d6e6869a4b9361c140bcfde",
			"parentId": "5dcb1de5d7ed5e035c43983a",
			"slotId": "main",
			"location": {
				"x": 0,
				"y": 0,
				"r": 0
			},
			"upd": {
				"StackObjectsCount": 20
			}
		},
		{
			"_id": "5dcb1de5d7ed5e035c43983c",
			"_tpl": "5d6e6869a4b9361c140bcfde",
			"parentId": "5dcb1de5d7ed5e035c43983a",
			"slotId": "main",
			"location": {
				"x": 1,
				"y": 0,
				"r": 0
			},
			"upd": {
				"StackObjectsCount": 20
			}
		},
		{
			"_id": "5dcb1de5d7ed5e035c43983d",
			"_tpl": "5d6e6869a4b9361c140bcfde",
			"parentId": "5dcb1de5d7ed5e035c43983a",
			"slotId": "main",
			"location": {
				"x": 2,
				"y": 0,
				"r": 0
			},
			"upd": {
				"StackObjectsCount": 20
			}
		},
		{
			"_id": "5dcb1de5d7ed5e035c43983e",
			"_tpl": "5d6e6869a4b9361c140bcfde",
			"parentId": "5dcb1de5d7ed5e035c43983a",
			"slotId": "main",
			"location": {
				"x": 0,
				"y": 1,
				"r": 0
			},
			"upd": {
				"StackObjectsCount": 20
			}
		},
		{
			"_id": "5dcb1de5d7ed5e035c43983f",
			"_tpl": "5d6e6869a4b9361c140bcfde",
			"parentId": "5dcb1de5d7ed5e035c43983a",
			"slotId": "main",
			"location": {
				"x": 1,
				"y": 1,
				"r": 0
			},
			"upd": {
				"StackObjectsCount": 20
			}
		},
		{
			"_id": "5dcb1de5d7ed5e035c439840",
			"_tpl": "5d6e6869a4b9361c140bcfde",
			"parentId": "5dcb1de5d7ed5e035c43983a",
			"slotId": "main",
			"location": {
				"x": 2,
				"y": 1,
				"r": 0
			},
			"upd": {
				"StackObjectsCount": 20
			}
		},
		{
			"_id": "5dcb1de5d7ed5e035c439841",
			"_tpl": "5d6e6869a4b9361c140bcfde",
			"parentId": "5dcb1de5d7ed5e035c43983a",
			"slotId": "main",
			"location": {
				"x": 0,
				"y": 2,
				"r": 0
			},
			"upd": {
				"StackObjectsCount": 20
			}
		},
		{
			"_id": "5dcb1de5d7ed5e035c439842",
			"_tpl": "5d6e6869a4b9361c140bcfde",
			"parentId": "5dcb1de5d7ed5e035c43983a",
			"slotId": "main",
			"location": {
				"x": 1,
				"y": 2,
				"r": 0
			},
			"upd": {
				"StackObjectsCount": 20
			}
		},
		{
			"_id": "5dcb1de5d7ed5e035c439843",
			"_tpl": "5d6e6869a4b9361c140bcfde",
			"parentId": "5dcb1de5d7ed5e035c43983a",
			"slotId": "main",
			"location": {
				"x": 2,
				"y": 2,
				"r": 0
			},
			"upd": {
				"StackObjectsCount": 20
			}
		},
		{
			"_id": "5dcb1de5d7ed5e035c439810",
			"_tpl": "566abbc34bdc2d92178b4576"
		},
		{
			"_id": "5dcb1de5d7ed5e035c439813",
			"_tpl": "5963866b86f7747bfa1c4462"
		},
		{
			"_id": "5dcb1de5d7ed5e035c439812",
			"_tpl": "5963866286f7747bf429b572"
		}
	],
	"equipment": "5dcb1de5d7ed5e035c439811",
	"stash": "5dcb1de5d7ed5e035c439810",
	"questRaidItems": "5dcb1de5d7ed5e035c439812",
	"questStashItems": "5dcb1de5d7ed5e035c439813",
	"fastPanel": {}
}