{
	"items": [
		{
			"_id": "5dcb1dc5fb81105cd85c0559",
			"_tpl": "55d7217a4bdc2d86028b456d"
		},
		{
			"_id": "5dcb1dc5fb81105cd85c0576",
			"_tpl": "54491c4f4bdc2db1078b4568",
			"parentId": "5dcb1dc5fb81105cd85c0559",
			"slotId": "FirstPrimaryWeapon"
		},
		{
			"_id": "5dcb1dc5fb81105cd85c0577",
			"_tpl": "55d4491a4bdc2d882f8b456e",
			"parentId": "5dcb1dc5fb81105cd85c0576",
			"slotId": "mod_barrel"
		},
		{
			"_id": "5dcb1dc5fb81105cd85c0578",
			"_tpl": "55d45d3f4bdc2d972f8b456c",
			"parentId": "5dcb1dc5fb81105cd85c0576",
			"slotId": "mod_handguard"
		},
		{
			"_id": "5dcb1dc5fb81105cd85c0579",
			"_tpl": "56083cba4bdc2de22e8b456f",
			"parentId": "5dcb1dc5fb81105cd85c0576",
			"slotId": "mod_stock"
		},
		{
			"_id": "5dcb1dc5fb81105cd85c057a",
			"_tpl": "55d48ebc4bdc2d8c2f8b456c",
			"parentId": "5dcb1dc5fb81105cd85c0576",
			"slotId": "mod_mount_000"
		},
		{
			"_id": "5dcb1dc5fb81105cd85c057b",
			"_tpl": "57d17e212459775a1179a0f5",
			"parentId": "5dcb1dc5fb81105cd85c057a",
			"slotId": "mod_tactical_002"
		},
		{
			"_id": "5dcb1dc5fb81105cd85c057c",
			"_tpl": "57d17c5e2459775a5c57d17d",
			"parentId": "5dcb1dc5fb81105cd85c057b",
			"slotId": "mod_flashlight"
		},
		{
			"_id": "5dcb1dc5fb81105cd85c057d",
			"_tpl": "55d485804bdc2d8c2f8b456b",
			"parentId": "5dcb1dc5fb81105cd85c0576",
			"slotId": "mod_magazine"
		},
		{
			"_id": "5dcb1dc5fb81105cd85c057e",
			"_tpl": "5d6e68dea4b9361bcc29e659",
			"parentId": "5dcb1dc5fb81105cd85c057d",
			"slotId": "cartridges",
			"upd": {
				"StackObjectsCount": 8
			}
		},
		{
			"_id": "5dcb1dc5fb81105cd85c057f",
			"_tpl": "5d6e68dea4b9361bcc29e659",
			"parentId": "5dcb1dc5fb81105cd85c0576",
			"slotId": "patron_in_weapon",
			"upd": {
				"StackObjectsCount": 1
			}
		},
		{
			"_id": "5dcb1dc5fb81105cd85c0580",
			"_tpl": "557ffd194bdc2d28148b457f",
			"parentId": "5dcb1dc5fb81105cd85c0559",
			"slotId": "Pockets"
		},
		{
			"_id": "5dcb1dc5fb81105cd85c0595",
			"_tpl": "56742c284bdc2d98058b456d",
			"parentId": "5dcb1dc5fb81105cd85c0580",
			"slotId": "pocket1",
			"location": {
				"x": 0,
				"y": 0,
				"r": 0
			}
		},
		{
			"_id": "5dcb1dc5fb81105cd85c0596",
			"_tpl": "5af0454c86f7746bf20992e8",
			"parentId": "5dcb1dc5fb81105cd85c0580",
			"slotId": "pocket2",
			"location": {
				"x": 0,
				"y": 0,
				"r": 0
			},
			"upd": {
				"MedKit": {
					"HpResource": 2
				}
			}
		},
		{
			"_id": "5dcb1dc5fb81105cd85c0581",
			"_tpl": "5ab8dab586f77441cd04f2a2",
			"parentId": "5dcb1dc5fb81105cd85c0559",
			"slotId": "TacticalVest"
		},
		{
			"_id": "5dcb1dc5fb81105cd85c0590",
			"_tpl": "5d6e68dea4b9361bcc29e659",
			"parentId": "5dcb1dc5fb81105cd85c0581",
			"slotId": "1",
			"location": {
				"x": 0,
				"y": 0,
				"r": 0
			},
			"upd": {
				"StackObjectsCount": 10
			}
		},
		{
			"_id": "5dcb1dc5fb81105cd85c0591",
			"_tpl": "5d6e68dea4b9361bcc29e659",
			"parentId": "5dcb1dc5fb81105cd85c0581",
			"slotId": "1",
			"location": {
				"x": 0,
				"y": 1,
				"r": 0
			},
			"upd": {
				"StackObjectsCount": 9
			}
		},
		{
			"_id": "5dcb1dc5fb81105cd85c0592",
			"_tpl": "5d6e68dea4b9361bcc29e659",
			"parentId": "5dcb1dc5fb81105cd85c0581",
			"slotId": "2",
			"location": {
				"x": 0,
				"y": 0,
				"r": 0
			},
			"upd": {
				"StackObjectsCount": 10
			}
		},
		{
			"_id": "5dcb1dc5fb81105cd85c0593",
			"_tpl": "5d6e68dea4b9361bcc29e659",
			"parentId": "5dcb1dc5fb81105cd85c0581",
			"slotId": "2",
			"location": {
				"x": 0,
				"y": 1,
				"r": 0
			},
			"upd": {
				"StackObjectsCount": 11
			}
		},
		{
			"_id": "5dcb1dc5fb81105cd85c0582",
			"_tpl": "5a7c4850e899ef00150be885",
			"parentId": "5dcb1dc5fb81105cd85c0559",
			"slotId": "Headwear",
			"upd": {
				"Repairable": {
					"Durability": 13
				}
			}
		},
		{
			"_id": "5dcb1dc5fb81105cd85c0583",
			"_tpl": "5ab8e4ed86f7742d8e50c7fa",
			"parentId": "5dcb1dc5fb81105cd85c0559",
			"slotId": "ArmorVest",
			"upd": {
				"Repairable": {
					"Durability": 26
				}
			}
		},
		{
			"_id": "5dcb1dc5fb81105cd85c0584",
			"_tpl": "57e26ea924597715ca604a09",
			"parentId": "5dcb1dc5fb81105cd85c0559",
			"slotId": "Scabbard"
		},
		{
			"_id": "5dcb1dc5fb81105cd85c0585",
			"_tpl": "56e33680d2720be2748b4576",
			"parentId": "5dcb1dc5fb81105cd85c0559",
			"slotId": "Backpack"
		},
		{
			"_id": "5dcb1dc5fb81105cd85c0598",
			"_tpl": "57513f9324597720a7128161",
			"parentId": "5dcb1dc5fb81105cd85c0585",
			"slotId": "main",
			"location": {
				"x": 0,
				"y": 0,
				"r": 0
			},
			"upd": {
				"FoodDrink": {
					"HpPercent": 38
				}
			}
		},
		{
			"_id": "5dcb1dc5fb81105cd85c0599",
			"_tpl": "5938144586f77473c2087145",
			"parentId": "5dcb1dc5fb81105cd85c0585",
			"slotId": "main",
			"location": {
				"x": 1,
				"y": 0,
				"r": 0
			}
		},
		{
			"_id": "5dcb1dc5fb81105cd85c0586",
			"_tpl": "5857a8bc2459772bad15db29",
			"parentId": "5dcb1dc5fb81105cd85c0559",
			"slotId": "SecuredContainer"
		},
		{
			"_id": "5dcb1dc5fb81105cd85c0587",
			"_tpl": "5d6e68dea4b9361bcc29e659",
			"parentId": "5dcb1dc5fb81105cd85c0586",
			"slotId": "main",
			"location": {
				"x": 0,
				"y": 0,
				"r": 0
			},
			"upd": {
				"StackObjectsCount": 20
			}
		},
		{
			"_id": "5dcb1dc5fb81105cd85c0588",
			"_tpl": "5d6e68dea4b9361bcc29e659",
			"parentId": "5dcb1dc5fb81105cd85c0586",
			"slotId": "main",
			"location": {
				"x": 1,
				"y": 0,
				"r": 0
			},
			"upd": {
				"StackObjectsCount": 20
			}
		},
		{
			"_id": "5dcb1dc5fb81105cd85c0589",
			"_tpl": "5d6e68dea4b9361bcc29e659",
			"parentId": "5dcb1dc5fb81105cd85c0586",
			"slotId": "main",
			"location": {
				"x": 2,
				"y": 0,
				"r": 0
			},
			"upd": {
				"StackObjectsCount": 20
			}
		},
		{
			"_id": "5dcb1dc5fb81105cd85c058a",
			"_tpl": "5d6e68dea4b9361bcc29e659",
			"parentId": "5dcb1dc5fb81105cd85c0586",
			"slotId": "main",
			"location": {
				"x": 0,
				"y": 1,
				"r": 0
			},
			"upd": {
				"StackObjectsCount": 20
			}
		},
		{
			"_id": "5dcb1dc5fb81105cd85c058b",
			"_tpl": "5d6e68dea4b9361bcc29e659",
			"parentId": "5dcb1dc5fb81105cd85c0586",
			"slotId": "main",
			"location": {
				"x": 1,
				"y": 1,
				"r": 0
			},
			"upd": {
				"StackObjectsCount": 20
			}
		},
		{
			"_id": "5dcb1dc5fb81105cd85c058c",
			"_tpl": "5d6e68dea4b9361bcc29e659",
			"parentId": "5dcb1dc5fb81105cd85c0586",
			"slotId": "main",
			"location": {
				"x": 2,
				"y": 1,
				"r": 0
			},
			"upd": {
				"StackObjectsCount": 20
			}
		},
		{
			"_id": "5dcb1dc5fb81105cd85c058d",
			"_tpl": "5d6e68dea4b9361bcc29e659",
			"parentId": "5dcb1dc5fb81105cd85c0586",
			"slotId": "main",
			"location": {
				"x": 0,
				"y": 2,
				"r": 0
			},
			"upd": {
				"StackObjectsCount": 20
			}
		},
		{
			"_id": "5dcb1dc5fb81105cd85c058e",
			"_tpl": "5d6e68dea4b9361bcc29e659",
			"parentId": "5dcb1dc5fb81105cd85c0586",
			"slotId": "main",
			"location": {
				"x": 1,
				"y": 2,
				"r": 0
			},
			"upd": {
				"StackObjectsCount": 20
			}
		},
		{
			"_id": "5dcb1dc5fb81105cd85c058f",
			"_tpl": "5d6e68dea4b9361bcc29e659",
			"parentId": "5dcb1dc5fb81105cd85c0586",
			"slotId": "main",
			"location": {
				"x": 2,
				"y": 2,
				"r": 0
			},
			"upd": {
				"StackObjectsCount": 20
			}
		},
		{
			"_id": "5dcb1dc5fb81105cd85c0558",
			"_tpl": "566abbc34bdc2d92178b4576"
		},
		{
			"_id": "5dcb1dc5fb81105cd85c055b",
			"_tpl": "5963866b86f7747bfa1c4462"
		},
		{
			"_id": "5dcb1dc5fb81105cd85c055a",
			"_tpl": "5963866286f7747bf429b572"
		}
	],
	"equipment": "5dcb1dc5fb81105cd85c0559",
	"stash": "5dcb1dc5fb81105cd85c0558",
	"questRaidItems": "5dcb1dc5fb81105cd85c055a",
	"questStashItems": "5dcb1dc5fb81105cd85c055b",
	"fastPanel": {}
}