{
	"items": [
		{
			"_id": "5dcb1de5d7ed5e035c4388df",
			"_tpl": "55d7217a4bdc2d86028b456d"
		},
		{
			"_id": "5dcb1de5d7ed5e035c4388fa",
			"_tpl": "56dee2bdd2720bc8328b4567",
			"parentId": "5dcb1de5d7ed5e035c4388df",
			"slotId": "FirstPrimaryWeapon"
		},
		{
			"_id": "5dcb1de5d7ed5e035c4388fb",
			"_tpl": "56deec93d2720bec348b4568",
			"parentId": "5dcb1de5d7ed5e035c4388fa",
			"slotId": "mod_barrel"
		},
		{
			"_id": "5dcb1de5d7ed5e035c4388fc",
			"_tpl": "56deed6ed2720b4c698b4583",
			"parentId": "5dcb1de5d7ed5e035c4388fa",
			"slotId": "mod_handguard"
		},
		{
			"_id": "5dcb1de5d7ed5e035c4388fd",
			"_tpl": "56083a334bdc2dc8488b4571",
			"parentId": "5dcb1de5d7ed5e035c4388fa",
			"slotId": "mod_stock"
		},
		{
			"_id": "5dcb1de5d7ed5e035c4388fe",
			"_tpl": "57ae0171245977343c27bfcf",
			"parentId": "5dcb1de5d7ed5e035c4388fd",
			"slotId": "mod_scope"
		},
		{
			"_id": "5dcb1de5d7ed5e035c4388ff",
			"_tpl": "55d485804bdc2d8c2f8b456b",
			"parentId": "5dcb1de5d7ed5e035c4388fa",
			"slotId": "mod_magazine"
		},
		{
			"_id": "5dcb1de5d7ed5e035c438900",
			"_tpl": "5d6e67fba4b9361bc73bc779",
			"parentId": "5dcb1de5d7ed5e035c4388ff",
			"slotId": "cartridges",
			"upd": {
				"StackObjectsCount": 8
			}
		},
		{
			"_id": "5dcb1de5d7ed5e035c438901",
			"_tpl": "5d6e67fba4b9361bc73bc779",
			"parentId": "5dcb1de5d7ed5e035c4388fa",
			"slotId": "patron_in_weapon",
			"upd": {
				"StackObjectsCount": 1
			}
		},
		{
			"_id": "5dcb1de5d7ed5e035c438902",
			"_tpl": "557ffd194bdc2d28148b457f",
			"parentId": "5dcb1de5d7ed5e035c4388df",
			"slotId": "Pockets"
		},
		{
			"_id": "5dcb1de5d7ed5e035c438903",
			"_tpl": "5929a2a086f7744f4b234d43",
			"parentId": "5dcb1de5d7ed5e035c4388df",
			"slotId": "TacticalVest"
		},
		{
			"_id": "5dcb1de5d7ed5e035c438911",
			"_tpl": "5d6e67fba4b9361bc73bc779",
			"parentId": "5dcb1de5d7ed5e035c438903",
			"slotId": "1",
			"location": {
				"x": 0,
				"y": 0,
				"r": 0
			},
			"upd": {
				"StackObjectsCount": 12
			}
		},
		{
			"_id": "5dcb1de5d7ed5e035c438912",
			"_tpl": "5d6e67fba4b9361bc73bc779",
			"parentId": "5dcb1de5d7ed5e035c438903",
			"slotId": "2",
			"location": {
				"x": 0,
				"y": 0,
				"r": 0
			},
			"upd": {
				"StackObjectsCount": 20
			}
		},
		{
			"_id": "5dcb1de5d7ed5e035c438913",
			"_tpl": "5d6e67fba4b9361bc73bc779",
			"parentId": "5dcb1de5d7ed5e035c438903",
			"slotId": "3",
			"location": {
				"x": 0,
				"y": 0,
				"r": 0
			},
			"upd": {
				"StackObjectsCount": 7
			}
		},
		{
			"_id": "5dcb1de5d7ed5e035c438904",
			"_tpl": "557ff21e4bdc2d89578b4586",
			"parentId": "5dcb1de5d7ed5e035c4388df",
			"slotId": "Eyewear"
		},
		{
			"_id": "5dcb1de5d7ed5e035c438905",
			"_tpl": "5c06c6a80db834001b735491",
			"parentId": "5dcb1de5d7ed5e035c4388df",
			"slotId": "Headwear",
			"upd": {
				"Repairable": {
					"Durability": 21
				}
			}
		},
		{
			"_id": "5dcb1de5d7ed5e035c438906",
			"_tpl": "56e33680d2720be2748b4576",
			"parentId": "5dcb1de5d7ed5e035c4388df",
			"slotId": "Backpack"
		},
		{
			"_id": "5dcb1de5d7ed5e035c438915",
			"_tpl": "5913877a86f774432f15d444",
			"parentId": "5dcb1de5d7ed5e035c438906",
			"slotId": "main",
			"location": {
				"x": 0,
				"y": 0,
				"r": 0
			}
		},
		{
			"_id": "5dcb1de5d7ed5e035c438916",
			"_tpl": "593aa4be86f77457f56379f8",
			"parentId": "5dcb1de5d7ed5e035c438906",
			"slotId": "main",
			"location": {
				"x": 1,
				"y": 0,
				"r": 0
			}
		},
		{
			"_id": "5dcb1de5d7ed5e035c438907",
			"_tpl": "5857a8bc2459772bad15db29",
			"parentId": "5dcb1de5d7ed5e035c4388df",
			"slotId": "SecuredContainer"
		},
		{
			"_id": "5dcb1de5d7ed5e035c438908",
			"_tpl": "5d6e67fba4b9361bc73bc779",
			"parentId": "5dcb1de5d7ed5e035c438907",
			"slotId": "main",
			"location": {
				"x": 0,
				"y": 0,
				"r": 0
			},
			"upd": {
				"StackObjectsCount": 20
			}
		},
		{
			"_id": "5dcb1de5d7ed5e035c438909",
			"_tpl": "5d6e67fba4b9361bc73bc779",
			"parentId": "5dcb1de5d7ed5e035c438907",
			"slotId": "main",
			"location": {
				"x": 1,
				"y": 0,
				"r": 0
			},
			"upd": {
				"StackObjectsCount": 20
			}
		},
		{
			"_id": "5dcb1de5d7ed5e035c43890a",
			"_tpl": "5d6e67fba4b9361bc73bc779",
			"parentId": "5dcb1de5d7ed5e035c438907",
			"slotId": "main",
			"location": {
				"x": 2,
				"y": 0,
				"r": 0
			},
			"upd": {
				"StackObjectsCount": 20
			}
		},
		{
			"_id": "5dcb1de5d7ed5e035c43890b",
			"_tpl": "5d6e67fba4b9361bc73bc779",
			"parentId": "5dcb1de5d7ed5e035c438907",
			"slotId": "main",
			"location": {
				"x": 0,
				"y": 1,
				"r": 0
			},
			"upd": {
				"StackObjectsCount": 20
			}
		},
		{
			"_id": "5dcb1de5d7ed5e035c43890c",
			"_tpl": "5d6e67fba4b9361bc73bc779",
			"parentId": "5dcb1de5d7ed5e035c438907",
			"slotId": "main",
			"location": {
				"x": 1,
				"y": 1,
				"r": 0
			},
			"upd": {
				"StackObjectsCount": 20
			}
		},
		{
			"_id": "5dcb1de5d7ed5e035c43890d",
			"_tpl": "5d6e67fba4b9361bc73bc779",
			"parentId": "5dcb1de5d7ed5e035c438907",
			"slotId": "main",
			"location": {
				"x": 2,
				"y": 1,
				"r": 0
			},
			"upd": {
				"StackObjectsCount": 20
			}
		},
		{
			"_id": "5dcb1de5d7ed5e035c43890e",
			"_tpl": "5d6e67fba4b9361bc73bc779",
			"parentId": "5dcb1de5d7ed5e035c438907",
			"slotId": "main",
			"location": {
				"x": 0,
				"y": 2,
				"r": 0
			},
			"upd": {
				"StackObjectsCount": 20
			}
		},
		{
			"_id": "5dcb1de5d7ed5e035c43890f",
			"_tpl": "5d6e67fba4b9361bc73bc779",
			"parentId": "5dcb1de5d7ed5e035c438907",
			"slotId": "main",
			"location": {
				"x": 1,
				"y": 2,
				"r": 0
			},
			"upd": {
				"StackObjectsCount": 20
			}
		},
		{
			"_id": "5dcb1de5d7ed5e035c438910",
			"_tpl": "5d6e67fba4b9361bc73bc779",
			"parentId": "5dcb1de5d7ed5e035c438907",
			"slotId": "main",
			"location": {
				"x": 2,
				"y": 2,
				"r": 0
			},
			"upd": {
				"StackObjectsCount": 20
			}
		},
		{
			"_id": "5dcb1de5d7ed5e035c4388de",
			"_tpl": "566abbc34bdc2d92178b4576"
		},
		{
			"_id": "5dcb1de5d7ed5e035c4388e1",
			"_tpl": "5963866b86f7747bfa1c4462"
		},
		{
			"_id": "5dcb1de5d7ed5e035c4388e0",
			"_tpl": "5963866286f7747bf429b572"
		}
	],
	"equipment": "5dcb1de5d7ed5e035c4388df",
	"stash": "5dcb1de5d7ed5e035c4388de",
	"questRaidItems": "5dcb1de5d7ed5e035c4388e0",
	"questStashItems": "5dcb1de5d7ed5e035c4388e1",
	"fastPanel": {}
}