{
	"items": [
		{
			"_id": "5c6687d65e9d882c8841f0fd",
			"_tpl": "55d7217a4bdc2d86028b456d"
		},
		{
			"_id": "5c6687d65e9d882c8841f121",
			"_tpl": "557ffd194bdc2d28148b457f",
			"parentId": "5c6687d65e9d882c8841f0fd",
			"slotId": "Pockets"
		},
		{
			"_id": "5c6687d65e9d882c8841f0fc",
			"_tpl": "566abbc34bdc2d92178b4576"
		},
		{
			"_id": "5c6687d65e9d882c8841f0ff",
			"_tpl": "5963866b86f7747bfa1c4462"
		},
		{
			"_id": "5c6687d65e9d882c8841f0fe",
			"_tpl": "5963866286f7747bf429b572"
		},
		{
			"_id": "TacticalVest240845",
			"_tpl": "5648a69d4bdc2ded0b8b457b",
			"parentId": "5c6687d65e9d882c8841f0fd",
			"slotId": "TacticalVest"
		},
		{
			"_id": "I210047442034368415iAB4C",
			"_tpl": "59d6088586f774275f37482f",
			"parentId": "5c6687d65e9d882c8841f0fd",
			"slotId": "FirstPrimaryWeapon"
		},
		{
			"_id": "I210047441280057914aGQXg",
			"_tpl": "59d64ec286f774171d1e0a42",
			"parentId": "I210047442034368415iAB4C",
			"slotId": "mod_gas_block"
		},
		{
			"_id": "I210047446639250331ihfjd",
			"_tpl": "59e62cc886f77440d40b52a1",
			"parentId": "I210047442034368415iAB4C",
			"slotId": "mod_pistol_grip"
		},
		{
			"_id": "I210047447984719217dyA2C",
			"_tpl": "59d6507c86f7741b846413a2",
			"parentId": "I210047442034368415iAB4C",
			"slotId": "mod_reciever"
		},
		{
			"_id": "I210047447209587835JyDm4",
			"_tpl": "59d6514b86f774171a068a08",
			"parentId": "I210047442034368415iAB4C",
			"slotId": "mod_stock"
		},
		{
			"_id": "I210047447334512696iDxQZ",
			"_tpl": "59d64f2f86f77417193ef8b3",
			"parentId": "I210047441280057914aGQXg",
			"slotId": "mod_handguard"
		},
		{
			"_id": "I210016352266185794zd3SI",
			"_tpl": "56e0598dd2720bb5668b45a6",
			"parentId": "5c6687d65e9d882c8841f0fd",
			"slotId": "Holster"
		},
		{
			"_id": "AmmoMag155378",
			"_tpl": "573719df2459775a626ccbc2",
			"parentId": "I210016359259926518drwwp",
			"slotId": "cartridges",
			"upd": {
				"StackObjectsCount": 8
			}
		},
		{
			"_id": "I210016359259926518drwwp",
			"_tpl": "5448c12b4bdc2d02308b456f",
			"parentId": "I210016352266185794zd3SI",
			"slotId": "mod_magazine"
		},
		{
			"_id": "I210016357401982149X62Eg",
			"_tpl": "56e05b06d2720bb2668b4586",
			"parentId": "I210016352266185794zd3SI",
			"slotId": "mod_muzzle"
		},
		{
			"_id": "I210016359320850162BUbDs",
			"_tpl": "56e05a6ed2720bd0748b4567",
			"parentId": "I210016352266185794zd3SI",
			"slotId": "mod_pistol_grip"
		},
		{
			"_id": "mag1Vest569771",
			"_tpl": "5e21a3c67e40bd02257a008a",
			"parentId": "TacticalVest240845",
			"slotId": "2",
			"location": {
				"x": 0,
				"y": 0,
				"r": "Horizontal"
			}
		},
		{
			"_id": "AmmoMag1Vest462012",
			"_tpl": "59e4d24686f7741776641ac7",
			"parentId": "mag1Vest569771",
			"slotId": "cartridges",
			"upd": {
				"StackObjectsCount": 30
			}
		},
		{
			"_id": "mag2Vest688341",
			"_tpl": "5e21a3c67e40bd02257a008a",
			"parentId": "TacticalVest240845",
			"slotId": "4",
			"location": {
				"x": 0,
				"y": 0,
				"r": "Horizontal"
			}
		},
		{
			"_id": "AmmoMag2Vest461388",
			"_tpl": "59e4d24686f7741776641ac7",
			"parentId": "mag2Vest688341",
			"slotId": "cartridges",
			"upd": {
				"StackObjectsCount": 30
			}
		},
		{
			"_id": "mag3Vest100465",
			"_tpl": "5e21a3c67e40bd02257a008a",
			"parentId": "TacticalVest240845",
			"slotId": "11",
			"location": {
				"x": 0,
				"y": 0,
				"r": "Horizontal"
			}
		},
		{
			"_id": "AmmoMag3Vest146797",
			"_tpl": "59e0d99486f7744a32234762",
			"parentId": "mag3Vest100465",
			"slotId": "cartridges",
			"upd": {
				"StackObjectsCount": 30
			}
		},
		{
			"_id": "mag0Vest502644",
			"_tpl": "5e21a3c67e40bd02257a008a",
			"parentId": "TacticalVest240845",
			"slotId": "5",
			"location": {
				"x": 1,
				"y": 0,
				"r": "Horizontal"
			}
		},
		{
			"_id": "AmmoMag0Vest807458",
			"_tpl": "59e4d24686f7741776641ac7",
			"parentId": "mag0Vest502644",
			"slotId": "cartridges",
			"upd": {
				"StackObjectsCount": 30
			}
		},
		{
			"_id": "StackAmmo22910345890",
			"_tpl": "5656d7c34bdc2d9d198b4587",
			"parentId": "TacticalVest240845",
			"slotId": "6",
			"upd": {
				"StackObjectsCount": 26
			}
		},
		{
			"_id": "Scabbard49382",
			"_tpl": "57e26ea924597715ca604a09",
			"parentId": "5c6687d65e9d882c8841f0fd",
			"slotId": "Scabbard"
		},
		{
			"_id": "Eyewear416894",
			"_tpl": "5b432be65acfc433000ed01f",
			"parentId": "5c6687d65e9d882c8841f0fd",
			"slotId": "Eyewear"
		},
		{
			"_id": "FaceCover466716",
			"_tpl": "5bd06f5d86f77427101ad47c",
			"parentId": "5c6687d65e9d882c8841f0fd",
			"slotId": "FaceCover"
		},
		{
			"_id": "ArmorVest855087",
			"_tpl": "5ab8e79e86f7742d8b372e78",
			"parentId": "5c6687d65e9d882c8841f0fd",
			"slotId": "ArmorVest",
			"upd": {
				"Repairable": {
					"MaxDurability": 65,
					"Durability": 33
				}
			}
		},
		{
			"_id": "Pocket_86657",
			"_tpl": "5751496424597720a27126da",
			"parentId": "5c6687d65e9d882c8841f121",
			"slotId": "pocket1",
			"location": {
				"x": 0,
				"y": 0,
				"r": "Horizontal"
			},
			"upd": {
				"SpawnedInSession": true
			}
		},
		{
			"_id": "Pocket_550612",
			"_tpl": "590c311186f77424d1667482",
			"parentId": "5c6687d65e9d882c8841f121",
			"slotId": "pocket2",
			"location": {
				"x": 0,
				"y": 0,
				"r": "Horizontal"
			},
			"upd": {
				"SpawnedInSession": true
			}
		}
	],
	"equipment": "5c6687d65e9d882c8841f0fd",
	"stash": "5c6687d65e9d882c8841f0fc",
	"questRaidItems": "5c6687d65e9d882c8841f0fe",
	"questStashItems": "5c6687d65e9d882c8841f0ff",
	"fastPanel": {}
}