{
	"items": [
		{
			"_id": "5c6687d65e9d882c8841f0fd",
			"_tpl": "55d7217a4bdc2d86028b456d"
		},
		{
			"_id": "5c6687d65e9d882c8841f121",
			"_tpl": "557ffd194bdc2d28148b457f",
			"parentId": "5c6687d65e9d882c8841f0fd",
			"slotId": "Pockets"
		},
		{
			"_id": "5c6687d65e9d882c8841f0fc",
			"_tpl": "566abbc34bdc2d92178b4576"
		},
		{
			"_id": "5c6687d65e9d882c8841f0ff",
			"_tpl": "5963866b86f7747bfa1c4462"
		},
		{
			"_id": "5c6687d65e9d882c8841f0fe",
			"_tpl": "5963866286f7747bf429b572"
		},
		{
			"_id": "TacticalVest368881",
			"_tpl": "5648a69d4bdc2ded0b8b457b",
			"parentId": "5c6687d65e9d882c8841f0fd",
			"slotId": "TacticalVest"
		},
		{
			"_id": "I210044191427657759iTSWJ",
			"_tpl": "57dc2fa62459775949412633",
			"parentId": "5c6687d65e9d882c8841f0fd",
			"slotId": "FirstPrimaryWeapon"
		},
		{
			"_id": "I210044195691868064m6rd7",
			"_tpl": "57e3dba62459770f0c32322b",
			"parentId": "I210044191427657759iTSWJ",
			"slotId": "mod_pistol_grip"
		},
		{
			"_id": "I210044195063834177vJJeS",
			"_tpl": "5ab626e4d8ce87272e4c6e43",
			"parentId": "I210044191427657759iTSWJ",
			"slotId": "mod_stock"
		},
		{
			"_id": "I210044197466083352oasym",
			"_tpl": "5ac72e945acfc43f3b691116",
			"parentId": "I210044191427657759iTSWJ",
			"slotId": "mod_muzzle"
		},
		{
			"_id": "I210044192798625398kpZ93",
			"_tpl": "57dc334d245977597164366f",
			"parentId": "I210044191427657759iTSWJ",
			"slotId": "mod_reciever"
		},
		{
			"_id": "I210044196868190251H7DRT",
			"_tpl": "59d36a0086f7747e673f3946",
			"parentId": "I210044191427657759iTSWJ",
			"slotId": "mod_gas_block"
		},
		{
			"_id": "I210044197307154035C6mW6",
			"_tpl": "57ffa9f4245977728561e844",
			"parentId": "I210044196868190251H7DRT",
			"slotId": "mod_handguard"
		},
		{
			"_id": "I210044194827256664xHbeI",
			"_tpl": "56def37dd2720bec348b456a",
			"parentId": "I210044197307154035C6mW6",
			"slotId": "mod_tactical_000",
			"upd": {
				"Light": {
					"IsActive": true,
					"SelectedMode": 0
				}
			}
		},
		{
			"_id": "I210016225791087175zosqL",
			"_tpl": "56d59856d2720bd8418b456a",
			"parentId": "5c6687d65e9d882c8841f0fd",
			"slotId": "Holster"
		},
		{
			"_id": "I210016223363741488SOBDt",
			"_tpl": "56d5a1f7d2720bb3418b456a",
			"parentId": "I210016225791087175zosqL",
			"slotId": "mod_barrel"
		},
		{
			"_id": "I210016224874263019rNFFn",
			"_tpl": "56d5a2bbd2720bb8418b456a",
			"parentId": "I210016225791087175zosqL",
			"slotId": "mod_pistol_grip"
		},
		{
			"_id": "I210016222706866142L5kep",
			"_tpl": "56d5a407d2720bb3418b456b",
			"parentId": "I210016225791087175zosqL",
			"slotId": "mod_reciever"
		},
		{
			"_id": "AmmoMag146946",
			"_tpl": "5c3df7d588a4501f290594e5",
			"parentId": "I210016224549891509hxVB2",
			"slotId": "cartridges",
			"upd": {
				"StackObjectsCount": 15
			}
		},
		{
			"_id": "I210016224549891509hxVB2",
			"_tpl": "56d59948d2720bb7418b4582",
			"parentId": "I210016225791087175zosqL",
			"slotId": "mod_magazine"
		},
		{
			"_id": "I210016224015555621KTOuX",
			"_tpl": "56d5a77ed2720b90418b4568",
			"parentId": "I210016222706866142L5kep",
			"slotId": "mod_sight_rear",
			"upd": {
				"Sight": {
					"SelectedSightMode": 0
				}
			}
		},
		{
			"_id": "I210016226956354775U8Nj5",
			"_tpl": "56d5a661d2720bd8418b456b",
			"parentId": "I210016222706866142L5kep",
			"slotId": "mod_sight_front",
			"upd": {
				"Sight": {
					"SelectedSightMode": 0
				}
			}
		},
		{
			"_id": "mag0Vest141808",
			"_tpl": "5cbdaf89ae9215000e5b9c94",
			"parentId": "TacticalVest368881",
			"slotId": "1",
			"location": {
				"x": 0,
				"y": 0,
				"r": "Horizontal"
			}
		},
		{
			"_id": "AmmoMag0Vest819744",
			"_tpl": "56dff338d2720bbd668b4569",
			"parentId": "mag0Vest141808",
			"slotId": "cartridges",
			"upd": {
				"StackObjectsCount": 30
			}
		},
		{
			"_id": "mag2Vest99184",
			"_tpl": "5cbdaf89ae9215000e5b9c94",
			"parentId": "TacticalVest368881",
			"slotId": "4",
			"location": {
				"x": 0,
				"y": 0,
				"r": "Horizontal"
			}
		},
		{
			"_id": "AmmoMag2Vest733875",
			"_tpl": "56dff3afd2720bba668b4567",
			"parentId": "mag2Vest99184",
			"slotId": "cartridges",
			"upd": {
				"StackObjectsCount": 30
			}
		},
		{
			"_id": "mag0Vest467529",
			"_tpl": "5cbdaf89ae9215000e5b9c94",
			"parentId": "TacticalVest368881",
			"slotId": "5",
			"location": {
				"x": 0,
				"y": 0,
				"r": "Horizontal"
			}
		},
		{
			"_id": "AmmoMag0Vest157272",
			"_tpl": "5c0d5e4486f77478390952fe",
			"parentId": "mag0Vest467529",
			"slotId": "cartridges",
			"upd": {
				"StackObjectsCount": 30
			}
		},
		{
			"_id": "mag0Vest862349",
			"_tpl": "5cbdaf89ae9215000e5b9c94",
			"parentId": "TacticalVest368881",
			"slotId": "5",
			"location": {
				"x": 1,
				"y": 0,
				"r": "Horizontal"
			}
		},
		{
			"_id": "AmmoMag0Vest728034",
			"_tpl": "56dff421d2720b5f5a8b4567",
			"parentId": "mag0Vest862349",
			"slotId": "cartridges",
			"upd": {
				"StackObjectsCount": 30
			}
		},
		{
			"_id": "StackAmmo72864919701",
			"_tpl": "56dff2ced2720bb4668b4567",
			"parentId": "TacticalVest368881",
			"slotId": "8",
			"upd": {
				"StackObjectsCount": 6
			}
		},
		{
			"_id": "magP0Vest21918",
			"_tpl": "56d59948d2720bb7418b4582",
			"parentId": "TacticalVest368881",
			"slotId": "2",
			"location": {
				"x": 0,
				"y": 0,
				"r": "Horizontal"
			}
		},
		{
			"_id": "AmmoMagPVest835640",
			"_tpl": "5a3c16fe86f77452b62de32a",
			"parentId": "magP0Vest21918",
			"slotId": "cartridges",
			"upd": {
				"StackObjectsCount": 15
			}
		},
		{
			"_id": "magP0Vest46696",
			"_tpl": "56d59948d2720bb7418b4582",
			"parentId": "TacticalVest368881",
			"slotId": "2",
			"location": {
				"x": 0,
				"y": 1,
				"r": "Horizontal"
			}
		},
		{
			"_id": "AmmoMagPVest676552",
			"_tpl": "58864a4f2459770fcc257101",
			"parentId": "magP0Vest46696",
			"slotId": "cartridges",
			"upd": {
				"StackObjectsCount": 15
			}
		},
		{
			"_id": "magP1Vest3587",
			"_tpl": "56d59948d2720bb7418b4582",
			"parentId": "TacticalVest368881",
			"slotId": "10",
			"location": {
				"x": 0,
				"y": 0,
				"r": "Horizontal"
			}
		},
		{
			"_id": "AmmoMagPVest899781",
			"_tpl": "5c0d56a986f774449d5de529",
			"parentId": "magP1Vest3587",
			"slotId": "cartridges",
			"upd": {
				"StackObjectsCount": 15
			}
		},
		{
			"_id": "magP1Vest13101",
			"_tpl": "56d59948d2720bb7418b4582",
			"parentId": "TacticalVest368881",
			"slotId": "10",
			"location": {
				"x": 0,
				"y": 1,
				"r": "Horizontal"
			}
		},
		{
			"_id": "AmmoMagPVest113487",
			"_tpl": "56d59d3ad2720bdb418b4577",
			"parentId": "magP1Vest13101",
			"slotId": "cartridges",
			"upd": {
				"StackObjectsCount": 15
			}
		},
		{
			"_id": "Scabbard908799",
			"_tpl": "57e26ea924597715ca604a09",
			"parentId": "5c6687d65e9d882c8841f0fd",
			"slotId": "Scabbard"
		},
		{
			"_id": "Headwear200355",
			"_tpl": "5c08f87c0db8340019124324",
			"parentId": "5c6687d65e9d882c8841f0fd",
			"slotId": "Headwear"
		},
		{
			"_id": "Eyewear976743",
			"_tpl": "5d6d2ef3a4b93618084f58bd",
			"parentId": "5c6687d65e9d882c8841f0fd",
			"slotId": "Eyewear"
		},
		{
			"_id": "Backpack533004",
			"_tpl": "5ab8f04f86f774585f4237d8",
			"parentId": "5c6687d65e9d882c8841f0fd",
			"slotId": "Backpack"
		},
		{
			"_id": "BP_Backpack533004_776306",
			"_tpl": "5734795124597738002c6176",
			"parentId": "Backpack533004",
			"slotId": "main",
			"location": {
				"x": 0,
				"y": 0,
				"r": "Horizontal"
			}
		},
		{
			"_id": "ArmorVest112851",
			"_tpl": "5c0e541586f7747fa54205c9",
			"parentId": "5c6687d65e9d882c8841f0fd",
			"slotId": "ArmorVest",
			"upd": {
				"Repairable": {
					"MaxDurability": 60,
					"Durability": 55
				}
			}
		}
	],
	"equipment": "5c6687d65e9d882c8841f0fd",
	"stash": "5c6687d65e9d882c8841f0fc",
	"questRaidItems": "5c6687d65e9d882c8841f0fe",
	"questStashItems": "5c6687d65e9d882c8841f0ff",
	"fastPanel": {}
}