{
	"items": [
		{
			"_id": "5c6687d65e9d882c8841f0fd",
			"_tpl": "55d7217a4bdc2d86028b456d"
		},
		{
			"_id": "5c6687d65e9d882c8841f121",
			"_tpl": "557ffd194bdc2d28148b457f",
			"parentId": "5c6687d65e9d882c8841f0fd",
			"slotId": "Pockets"
		},
		{
			"_id": "5c6687d65e9d882c8841f0fc",
			"_tpl": "566abbc34bdc2d92178b4576"
		},
		{
			"_id": "5c6687d65e9d882c8841f0ff",
			"_tpl": "5963866b86f7747bfa1c4462"
		},
		{
			"_id": "5c6687d65e9d882c8841f0fe",
			"_tpl": "5963866286f7747bf429b572"
		},
		{
			"_id": "TacticalVest118036",
			"_tpl": "5c0e446786f7742013381639",
			"parentId": "5c6687d65e9d882c8841f0fd",
			"slotId": "TacticalVest"
		},
		{
			"_id": "I210059496366597883HJqjr",
			"_tpl": "59e6152586f77473dc057aa1",
			"parentId": "5c6687d65e9d882c8841f0fd",
			"slotId": "FirstPrimaryWeapon"
		},
		{
			"_id": "I210059494105443866eVfGf",
			"_tpl": "59e649f986f77411d949b246",
			"parentId": "I210059496366597883HJqjr",
			"slotId": "mod_gas_block"
		},
		{
			"_id": "I2100594910469028459Fmwp",
			"_tpl": "59e61eb386f77440d64f5daf",
			"parentId": "I210059496366597883HJqjr",
			"slotId": "mod_muzzle"
		},
		{
			"_id": "I210059491956432251Hrlhq",
			"_tpl": "59e6318286f77444dd62c4cc",
			"parentId": "I210059496366597883HJqjr",
			"slotId": "mod_pistol_grip"
		},
		{
			"_id": "I210059494643091359M8r46",
			"_tpl": "59d650cf86f7741b846413a4",
			"parentId": "I210059496366597883HJqjr",
			"slotId": "mod_sight_rear",
			"upd": {
				"Sight": {
					"SelectedSightMode": 0
				}
			}
		},
		{
			"_id": "I210059497327309242stzKx",
			"_tpl": "59d6514b86f774171a068a08",
			"parentId": "I210059496366597883HJqjr",
			"slotId": "mod_stock"
		},
		{
			"_id": "I210059493968167581JdWT7",
			"_tpl": "59e6284f86f77440d569536f",
			"parentId": "I210059494105443866eVfGf",
			"slotId": "mod_handguard"
		},
		{
			"_id": "mag0Vest843008",
			"_tpl": "59e5d83b86f7745aed03d262",
			"parentId": "TacticalVest118036",
			"slotId": "1",
			"location": {
				"x": 0,
				"y": 0,
				"r": "Horizontal"
			}
		},
		{
			"_id": "AmmoMag0Vest295530",
			"_tpl": "5656d7c34bdc2d9d198b4587",
			"parentId": "mag0Vest843008",
			"slotId": "cartridges",
			"upd": {
				"StackObjectsCount": 10
			}
		},
		{
			"_id": "mag1Vest438241",
			"_tpl": "59e5d83b86f7745aed03d262",
			"parentId": "TacticalVest118036",
			"slotId": "3",
			"location": {
				"x": 0,
				"y": 1,
				"r": "Horizontal"
			}
		},
		{
			"_id": "AmmoMag1Vest754417",
			"_tpl": "59e4d24686f7741776641ac7",
			"parentId": "mag1Vest438241",
			"slotId": "cartridges",
			"upd": {
				"StackObjectsCount": 10
			}
		},
		{
			"_id": "StackAmmo60489759267",
			"_tpl": "59e4cf5286f7741778269d8a",
			"parentId": "TacticalVest118036",
			"slotId": "5",
			"upd": {
				"StackObjectsCount": 43
			}
		},
		{
			"_id": "Scabbard402312",
			"_tpl": "57e26fc7245977162a14b800",
			"parentId": "5c6687d65e9d882c8841f0fd",
			"slotId": "Scabbard"
		},
		{
			"_id": "FaceCover581523",
			"_tpl": "59e7715586f7742ee5789605",
			"parentId": "5c6687d65e9d882c8841f0fd",
			"slotId": "FaceCover"
		},
		{
			"_id": "Backpack648216",
			"_tpl": "544a5cde4bdc2d39388b456b",
			"parentId": "5c6687d65e9d882c8841f0fd",
			"slotId": "Backpack"
		},
		{
			"_id": "BP_Backpack648216_189752",
			"_tpl": "5c13cef886f774072e618e82",
			"parentId": "Backpack648216",
			"slotId": "main",
			"location": {
				"x": 0,
				"y": 0,
				"r": "Horizontal"
			}
		},
		{
			"_id": "BP_Backpack648216_516133",
			"_tpl": "5e2af00086f7746d3f3c33f7",
			"parentId": "Backpack648216",
			"slotId": "main",
			"location": {
				"x": 0,
				"y": 1,
				"r": "Horizontal"
			}
		},
		{
			"_id": "BP_Backpack648216_437340",
			"_tpl": "5914578086f774123569ffa4",
			"parentId": "Backpack648216",
			"slotId": "main",
			"location": {
				"x": 0,
				"y": 3,
				"r": "Horizontal"
			}
		},
		{
			"_id": "BP_Backpack648216_925662",
			"_tpl": "5d40425986f7743185265461",
			"parentId": "Backpack648216",
			"slotId": "main",
			"location": {
				"x": 1,
				"y": 0,
				"r": "Horizontal"
			}
		},
		{
			"_id": "BP_Backpack648216_354893",
			"_tpl": "5b4335ba86f7744d2837a264",
			"parentId": "Backpack648216",
			"slotId": "main",
			"location": {
				"x": 1,
				"y": 1,
				"r": "Horizontal"
			}
		},
		{
			"_id": "BP_Backpack648216_842208",
			"_tpl": "5734795124597738002c6176",
			"parentId": "Backpack648216",
			"slotId": "main",
			"location": {
				"x": 1,
				"y": 2,
				"r": "Horizontal"
			}
		},
		{
			"_id": "BP_Backpack648216_296183",
			"_tpl": "57347d90245977448f7b7f65",
			"parentId": "Backpack648216",
			"slotId": "main",
			"location": {
				"x": 2,
				"y": 0,
				"r": "Horizontal"
			}
		},
		{
			"_id": "BP_Backpack648216_368497",
			"_tpl": "5751a25924597722c463c472",
			"parentId": "Backpack648216",
			"slotId": "main",
			"location": {
				"x": 1,
				"y": 3,
				"r": "Horizontal"
			}
		},
		{
			"_id": "BP_Backpack648216_921311",
			"_tpl": "5734795124597738002c6176",
			"parentId": "Backpack648216",
			"slotId": "main",
			"location": {
				"x": 2,
				"y": 2,
				"r": "Horizontal"
			}
		},
		{
			"_id": "BP_Backpack648216_949364",
			"_tpl": "5672c92d4bdc2d180f8b4567",
			"parentId": "Backpack648216",
			"slotId": "main",
			"location": {
				"x": 2,
				"y": 3,
				"r": "Horizontal"
			}
		},
		{
			"_id": "BP_Backpack648216_303422",
			"_tpl": "5d40419286f774318526545f",
			"parentId": "Backpack648216",
			"slotId": "main",
			"location": {
				"x": 3,
				"y": 0,
				"r": "Horizontal"
			}
		},
		{
			"_id": "ArmorVest566609",
			"_tpl": "5c0e5edb86f77461f55ed1f7",
			"parentId": "5c6687d65e9d882c8841f0fd",
			"slotId": "ArmorVest",
			"upd": {
				"Repairable": {
					"MaxDurability": 50,
					"Durability": 6
				}
			}
		}
	],
	"equipment": "5c6687d65e9d882c8841f0fd",
	"stash": "5c6687d65e9d882c8841f0fc",
	"questRaidItems": "5c6687d65e9d882c8841f0fe",
	"questStashItems": "5c6687d65e9d882c8841f0ff",
	"fastPanel": {}
}