{
	"items": [
		{
			"_id": "5dcb1de5d7ed5e035c439635",
			"_tpl": "55d7217a4bdc2d86028b456d"
		},
		{
			"_id": "5dcb1de5d7ed5e035c439651",
			"_tpl": "56dee2bdd2720bc8328b4567",
			"parentId": "5dcb1de5d7ed5e035c439635",
			"slotId": "FirstPrimaryWeapon"
		},
		{
			"_id": "5dcb1de5d7ed5e035c439652",
			"_tpl": "56deec93d2720bec348b4568",
			"parentId": "5dcb1de5d7ed5e035c439651",
			"slotId": "mod_barrel"
		},
		{
			"_id": "5dcb1de5d7ed5e035c439653",
			"_tpl": "56deed6ed2720b4c698b4583",
			"parentId": "5dcb1de5d7ed5e035c439651",
			"slotId": "mod_handguard"
		},
		{
			"_id": "5dcb1de5d7ed5e035c439654",
			"_tpl": "56083be64bdc2d20478b456f",
			"parentId": "5dcb1de5d7ed5e035c439651",
			"slotId": "mod_stock"
		},
		{
			"_id": "5dcb1de5d7ed5e035c439655",
			"_tpl": "55d484b44bdc2d1d4e8b456d",
			"parentId": "5dcb1de5d7ed5e035c439651",
			"slotId": "mod_magazine"
		},
		{
			"_id": "5dcb1de5d7ed5e035c439656",
			"_tpl": "5d6e6891a4b9361bd473feea",
			"parentId": "5dcb1de5d7ed5e035c439655",
			"slotId": "cartridges",
			"upd": {
				"StackObjectsCount": 6
			}
		},
		{
			"_id": "5dcb1de5d7ed5e035c439657",
			"_tpl": "5d6e6891a4b9361bd473feea",
			"parentId": "5dcb1de5d7ed5e035c439651",
			"slotId": "patron_in_weapon",
			"upd": {
				"StackObjectsCount": 1
			}
		},
		{
			"_id": "5dcb1de5d7ed5e035c439658",
			"_tpl": "557ffd194bdc2d28148b457f",
			"parentId": "5dcb1de5d7ed5e035c439635",
			"slotId": "Pockets"
		},
		{
			"_id": "5dcb1de5d7ed5e035c43966a",
			"_tpl": "57347d5f245977448b40fa81",
			"parentId": "5dcb1de5d7ed5e035c439658",
			"slotId": "pocket1",
			"location": {
				"x": 0,
				"y": 0,
				"r": 0
			},
			"upd": {
				"FoodDrink": {
					"HpPercent": 1
				}
			}
		},
		{
			"_id": "5dcb1de5d7ed5e035c439659",
			"_tpl": "572b7adb24597762ae139821",
			"parentId": "5dcb1de5d7ed5e035c439635",
			"slotId": "TacticalVest"
		},
		{
			"_id": "5dcb1de5d7ed5e035c439666",
			"_tpl": "5d6e6891a4b9361bd473feea",
			"parentId": "5dcb1de5d7ed5e035c439659",
			"slotId": "1",
			"location": {
				"x": 0,
				"y": 0,
				"r": 0
			},
			"upd": {
				"StackObjectsCount": 11
			}
		},
		{
			"_id": "5dcb1de5d7ed5e035c439667",
			"_tpl": "5d6e6891a4b9361bd473feea",
			"parentId": "5dcb1de5d7ed5e035c439659",
			"slotId": "2",
			"location": {
				"x": 0,
				"y": 0,
				"r": 0
			},
			"upd": {
				"StackObjectsCount": 6
			}
		},
		{
			"_id": "5dcb1de5d7ed5e035c439668",
			"_tpl": "5d6e6891a4b9361bd473feea",
			"parentId": "5dcb1de5d7ed5e035c439659",
			"slotId": "2",
			"location": {
				"x": 0,
				"y": 1,
				"r": 0
			},
			"upd": {
				"StackObjectsCount": 7
			}
		},
		{
			"_id": "5dcb1de5d7ed5e035c43965a",
			"_tpl": "572b7fa124597762b472f9d2",
			"parentId": "5dcb1de5d7ed5e035c439635",
			"slotId": "Headwear"
		},
		{
			"_id": "5dcb1de5d7ed5e035c43965b",
			"_tpl": "57e26ea924597715ca604a09",
			"parentId": "5dcb1de5d7ed5e035c439635",
			"slotId": "Scabbard"
		},
		{
			"_id": "5dcb1de5d7ed5e035c43965c",
			"_tpl": "5857a8bc2459772bad15db29",
			"parentId": "5dcb1de5d7ed5e035c439635",
			"slotId": "SecuredContainer"
		},
		{
			"_id": "5dcb1de5d7ed5e035c43965d",
			"_tpl": "5d6e6891a4b9361bd473feea",
			"parentId": "5dcb1de5d7ed5e035c43965c",
			"slotId": "main",
			"location": {
				"x": 0,
				"y": 0,
				"r": 0
			},
			"upd": {
				"StackObjectsCount": 20
			}
		},
		{
			"_id": "5dcb1de5d7ed5e035c43965e",
			"_tpl": "5d6e6891a4b9361bd473feea",
			"parentId": "5dcb1de5d7ed5e035c43965c",
			"slotId": "main",
			"location": {
				"x": 1,
				"y": 0,
				"r": 0
			},
			"upd": {
				"StackObjectsCount": 20
			}
		},
		{
			"_id": "5dcb1de5d7ed5e035c43965f",
			"_tpl": "5d6e6891a4b9361bd473feea",
			"parentId": "5dcb1de5d7ed5e035c43965c",
			"slotId": "main",
			"location": {
				"x": 2,
				"y": 0,
				"r": 0
			},
			"upd": {
				"StackObjectsCount": 20
			}
		},
		{
			"_id": "5dcb1de5d7ed5e035c439660",
			"_tpl": "5d6e6891a4b9361bd473feea",
			"parentId": "5dcb1de5d7ed5e035c43965c",
			"slotId": "main",
			"location": {
				"x": 0,
				"y": 1,
				"r": 0
			},
			"upd": {
				"StackObjectsCount": 20
			}
		},
		{
			"_id": "5dcb1de5d7ed5e035c439661",
			"_tpl": "5d6e6891a4b9361bd473feea",
			"parentId": "5dcb1de5d7ed5e035c43965c",
			"slotId": "main",
			"location": {
				"x": 1,
				"y": 1,
				"r": 0
			},
			"upd": {
				"StackObjectsCount": 20
			}
		},
		{
			"_id": "5dcb1de5d7ed5e035c439662",
			"_tpl": "5d6e6891a4b9361bd473feea",
			"parentId": "5dcb1de5d7ed5e035c43965c",
			"slotId": "main",
			"location": {
				"x": 2,
				"y": 1,
				"r": 0
			},
			"upd": {
				"StackObjectsCount": 20
			}
		},
		{
			"_id": "5dcb1de5d7ed5e035c439663",
			"_tpl": "5d6e6891a4b9361bd473feea",
			"parentId": "5dcb1de5d7ed5e035c43965c",
			"slotId": "main",
			"location": {
				"x": 0,
				"y": 2,
				"r": 0
			},
			"upd": {
				"StackObjectsCount": 20
			}
		},
		{
			"_id": "5dcb1de5d7ed5e035c439664",
			"_tpl": "5d6e6891a4b9361bd473feea",
			"parentId": "5dcb1de5d7ed5e035c43965c",
			"slotId": "main",
			"location": {
				"x": 1,
				"y": 2,
				"r": 0
			},
			"upd": {
				"StackObjectsCount": 20
			}
		},
		{
			"_id": "5dcb1de5d7ed5e035c439665",
			"_tpl": "5d6e6891a4b9361bd473feea",
			"parentId": "5dcb1de5d7ed5e035c43965c",
			"slotId": "main",
			"location": {
				"x": 2,
				"y": 2,
				"r": 0
			},
			"upd": {
				"StackObjectsCount": 20
			}
		},
		{
			"_id": "5dcb1de5d7ed5e035c439634",
			"_tpl": "566abbc34bdc2d92178b4576"
		},
		{
			"_id": "5dcb1de5d7ed5e035c439637",
			"_tpl": "5963866b86f7747bfa1c4462"
		},
		{
			"_id": "5dcb1de5d7ed5e035c439636",
			"_tpl": "5963866286f7747bf429b572"
		}
	],
	"equipment": "5dcb1de5d7ed5e035c439635",
	"stash": "5dcb1de5d7ed5e035c439634",
	"questRaidItems": "5dcb1de5d7ed5e035c439636",
	"questStashItems": "5dcb1de5d7ed5e035c439637",
	"fastPanel": {}
}