{
	"items": [
		{
			"_id": "5c6687d65e9d882c8841f0fd",
			"_tpl": "55d7217a4bdc2d86028b456d"
		},
		{
			"_id": "5c6687d65e9d882c8841f121",
			"_tpl": "557ffd194bdc2d28148b457f",
			"parentId": "5c6687d65e9d882c8841f0fd",
			"slotId": "Pockets"
		},
		{
			"_id": "5c6687d65e9d882c8841f0fc",
			"_tpl": "566abbc34bdc2d92178b4576"
		},
		{
			"_id": "5c6687d65e9d882c8841f0ff",
			"_tpl": "5963866b86f7747bfa1c4462"
		},
		{
			"_id": "5c6687d65e9d882c8841f0fe",
			"_tpl": "5963866286f7747bf429b572"
		},
		{
			"_id": "TacticalVest332678",
			"_tpl": "5929a2a086f7744f4b234d43",
			"parentId": "5c6687d65e9d882c8841f0fd",
			"slotId": "TacticalVest"
		},
		{
			"_id": "I210045129159244977fhZLK",
			"_tpl": "583990e32459771419544dd2",
			"parentId": "5c6687d65e9d882c8841f0fd",
			"slotId": "FirstPrimaryWeapon"
		},
		{
			"_id": "I210045121311406653wvFCV",
			"_tpl": "5649ad3f4bdc2df8348b4585",
			"parentId": "I210045129159244977fhZLK",
			"slotId": "mod_pistol_grip"
		},
		{
			"_id": "I2100451258841275827lj2M",
			"_tpl": "57dc324a24597759501edc20",
			"parentId": "I210045129159244977fhZLK",
			"slotId": "mod_muzzle"
		},
		{
			"_id": "I210045128053229222vMjAb",
			"_tpl": "57dc334d245977597164366f",
			"parentId": "I210045129159244977fhZLK",
			"slotId": "mod_reciever"
		},
		{
			"_id": "I210045127020799390HsFeD",
			"_tpl": "59d36a0086f7747e673f3946",
			"parentId": "I210045129159244977fhZLK",
			"slotId": "mod_gas_block"
		},
		{
			"_id": "I210045126861153824Qs2LH",
			"_tpl": "57dc32dc245977596d4ef3d3",
			"parentId": "I210045127020799390HsFeD",
			"slotId": "mod_handguard"
		},
		{
			"_id": "mag1Vest61126",
			"_tpl": "5aaa4194e5b5b055d06310a5",
			"parentId": "TacticalVest332678",
			"slotId": "4",
			"location": {
				"x": 0,
				"y": 0,
				"r": "Horizontal"
			}
		},
		{
			"_id": "AmmoMag1Vest259004",
			"_tpl": "56dff026d2720bb8668b4567",
			"parentId": "mag1Vest61126",
			"slotId": "cartridges",
			"upd": {
				"StackObjectsCount": 30
			}
		},
		{
			"_id": "mag2Vest553839",
			"_tpl": "5aaa4194e5b5b055d06310a5",
			"parentId": "TacticalVest332678",
			"slotId": "6",
			"location": {
				"x": 0,
				"y": 0,
				"r": "Horizontal"
			}
		},
		{
			"_id": "AmmoMag2Vest373577",
			"_tpl": "56dff0bed2720bb0668b4567",
			"parentId": "mag2Vest553839",
			"slotId": "cartridges",
			"upd": {
				"StackObjectsCount": 30
			}
		},
		{
			"_id": "StackAmmo38671321163",
			"_tpl": "56dff061d2720bb5668b4567",
			"parentId": "TacticalVest332678",
			"slotId": "8",
			"upd": {
				"StackObjectsCount": 36
			}
		},
		{
			"_id": "Scabbard26506",
			"_tpl": "57e26fc7245977162a14b800",
			"parentId": "5c6687d65e9d882c8841f0fd",
			"slotId": "Scabbard"
		},
		{
			"_id": "Headwear674244",
			"_tpl": "5df8a58286f77412631087ed",
			"parentId": "5c6687d65e9d882c8841f0fd",
			"slotId": "Headwear"
		},
		{
			"_id": "FaceCover432281",
			"_tpl": "59e7715586f7742ee5789605",
			"parentId": "5c6687d65e9d882c8841f0fd",
			"slotId": "FaceCover"
		},
		{
			"_id": "Pocket_68023",
			"_tpl": "5d40425986f7743185265461",
			"parentId": "5c6687d65e9d882c8841f121",
			"slotId": "pocket1",
			"location": {
				"x": 0,
				"y": 0,
				"r": "Horizontal"
			},
			"upd": {
				"SpawnedInSession": true
			}
		},
		{
			"_id": "Pocket_154801",
			"_tpl": "590c5bbd86f774785762df04",
			"parentId": "5c6687d65e9d882c8841f121",
			"slotId": "pocket2",
			"location": {
				"x": 0,
				"y": 0,
				"r": "Horizontal"
			},
			"upd": {
				"SpawnedInSession": true
			}
		},
		{
			"_id": "Pocket_884795",
			"_tpl": "5a144dfd86f77445cb5a0982",
			"parentId": "5c6687d65e9d882c8841f121",
			"slotId": "pocket3",
			"location": {
				"x": 0,
				"y": 0,
				"r": "Horizontal"
			},
			"upd": {
				"SpawnedInSession": true
			}
		}
	],
	"equipment": "5c6687d65e9d882c8841f0fd",
	"stash": "5c6687d65e9d882c8841f0fc",
	"questRaidItems": "5c6687d65e9d882c8841f0fe",
	"questStashItems": "5c6687d65e9d882c8841f0ff",
	"fastPanel": {}
}