{
	"items": [
		{
			"_id": "5dcb1df1cc51617bf52d8580",
			"_tpl": "55d7217a4bdc2d86028b456d"
		},
		{
			"_id": "5dcb1df1cc51617bf52d85a0",
			"_tpl": "56dee2bdd2720bc8328b4567",
			"parentId": "5dcb1df1cc51617bf52d8580",
			"slotId": "FirstPrimaryWeapon"
		},
		{
			"_id": "5dcb1df1cc51617bf52d85a1",
			"_tpl": "56deec93d2720bec348b4568",
			"parentId": "5dcb1df1cc51617bf52d85a0",
			"slotId": "mod_barrel"
		},
		{
			"_id": "5dcb1df1cc51617bf52d85a2",
			"_tpl": "56deed6ed2720b4c698b4583",
			"parentId": "5dcb1df1cc51617bf52d85a0",
			"slotId": "mod_handguard"
		},
		{
			"_id": "5dcb1df1cc51617bf52d85a3",
			"_tpl": "56083a334bdc2dc8488b4571",
			"parentId": "5dcb1df1cc51617bf52d85a0",
			"slotId": "mod_stock"
		},
		{
			"_id": "5dcb1df1cc51617bf52d85a4",
			"_tpl": "55d48ebc4bdc2d8c2f8b456c",
			"parentId": "5dcb1df1cc51617bf52d85a0",
			"slotId": "mod_mount_000"
		},
		{
			"_id": "5dcb1df1cc51617bf52d85a5",
			"_tpl": "57d17e212459775a1179a0f5",
			"parentId": "5dcb1df1cc51617bf52d85a4",
			"slotId": "mod_tactical_001"
		},
		{
			"_id": "5dcb1df1cc51617bf52d85a6",
			"_tpl": "59d790f486f77403cb06aec6",
			"parentId": "5dcb1df1cc51617bf52d85a5",
			"slotId": "mod_flashlight"
		},
		{
			"_id": "5dcb1df1cc51617bf52d85a7",
			"_tpl": "56deee15d2720bee328b4567",
			"parentId": "5dcb1df1cc51617bf52d85a0",
			"slotId": "mod_magazine"
		},
		{
			"_id": "5dcb1df1cc51617bf52d85a8",
			"_tpl": "560d5e524bdc2d25448b4571",
			"parentId": "5dcb1df1cc51617bf52d85a7",
			"slotId": "cartridges",
			"upd": {
				"StackObjectsCount": 4
			}
		},
		{
			"_id": "5dcb1df1cc51617bf52d85a9",
			"_tpl": "560d5e524bdc2d25448b4571",
			"parentId": "5dcb1df1cc51617bf52d85a0",
			"slotId": "patron_in_weapon",
			"upd": {
				"StackObjectsCount": 1
			}
		},
		{
			"_id": "5dcb1df1cc51617bf52d85aa",
			"_tpl": "557ffd194bdc2d28148b457f",
			"parentId": "5dcb1df1cc51617bf52d8580",
			"slotId": "Pockets"
		},
		{
			"_id": "5dcb1df1cc51617bf52d85ab",
			"_tpl": "572b7adb24597762ae139821",
			"parentId": "5dcb1df1cc51617bf52d8580",
			"slotId": "TacticalVest"
		},
		{
			"_id": "5dcb1df1cc51617bf52d85ba",
			"_tpl": "560d5e524bdc2d25448b4571",
			"parentId": "5dcb1df1cc51617bf52d85ab",
			"slotId": "1",
			"location": {
				"x": 0,
				"y": 0,
				"r": 0
			},
			"upd": {
				"StackObjectsCount": 16
			}
		},
		{
			"_id": "5dcb1df1cc51617bf52d85bb",
			"_tpl": "560d5e524bdc2d25448b4571",
			"parentId": "5dcb1df1cc51617bf52d85ab",
			"slotId": "2",
			"location": {
				"x": 0,
				"y": 0,
				"r": 0
			},
			"upd": {
				"StackObjectsCount": 14
			}
		},
		{
			"_id": "5dcb1df1cc51617bf52d85ac",
			"_tpl": "5aa2b9aee5b5b00015693121",
			"parentId": "5dcb1df1cc51617bf52d8580",
			"slotId": "Eyewear"
		},
		{
			"_id": "5dcb1df1cc51617bf52d85ad",
			"_tpl": "59e7635f86f7742cbf2c1095",
			"parentId": "5dcb1df1cc51617bf52d8580",
			"slotId": "ArmorVest",
			"upd": {
				"Repairable": {
					"Durability": 14
				}
			}
		},
		{
			"_id": "5dcb1df1cc51617bf52d85ae",
			"_tpl": "57e26fc7245977162a14b800",
			"parentId": "5dcb1df1cc51617bf52d8580",
			"slotId": "Scabbard"
		},
		{
			"_id": "5dcb1df1cc51617bf52d85af",
			"_tpl": "56e33680d2720be2748b4576",
			"parentId": "5dcb1df1cc51617bf52d8580",
			"slotId": "Backpack"
		},
		{
			"_id": "5dcb1df1cc51617bf52d85b0",
			"_tpl": "5857a8bc2459772bad15db29",
			"parentId": "5dcb1df1cc51617bf52d8580",
			"slotId": "SecuredContainer"
		},
		{
			"_id": "5dcb1df1cc51617bf52d85b1",
			"_tpl": "560d5e524bdc2d25448b4571",
			"parentId": "5dcb1df1cc51617bf52d85b0",
			"slotId": "main",
			"location": {
				"x": 0,
				"y": 0,
				"r": 0
			},
			"upd": {
				"StackObjectsCount": 20
			}
		},
		{
			"_id": "5dcb1df1cc51617bf52d85b2",
			"_tpl": "560d5e524bdc2d25448b4571",
			"parentId": "5dcb1df1cc51617bf52d85b0",
			"slotId": "main",
			"location": {
				"x": 1,
				"y": 0,
				"r": 0
			},
			"upd": {
				"StackObjectsCount": 20
			}
		},
		{
			"_id": "5dcb1df1cc51617bf52d85b3",
			"_tpl": "560d5e524bdc2d25448b4571",
			"parentId": "5dcb1df1cc51617bf52d85b0",
			"slotId": "main",
			"location": {
				"x": 2,
				"y": 0,
				"r": 0
			},
			"upd": {
				"StackObjectsCount": 20
			}
		},
		{
			"_id": "5dcb1df1cc51617bf52d85b4",
			"_tpl": "560d5e524bdc2d25448b4571",
			"parentId": "5dcb1df1cc51617bf52d85b0",
			"slotId": "main",
			"location": {
				"x": 0,
				"y": 1,
				"r": 0
			},
			"upd": {
				"StackObjectsCount": 20
			}
		},
		{
			"_id": "5dcb1df1cc51617bf52d85b5",
			"_tpl": "560d5e524bdc2d25448b4571",
			"parentId": "5dcb1df1cc51617bf52d85b0",
			"slotId": "main",
			"location": {
				"x": 1,
				"y": 1,
				"r": 0
			},
			"upd": {
				"StackObjectsCount": 20
			}
		},
		{
			"_id": "5dcb1df1cc51617bf52d85b6",
			"_tpl": "560d5e524bdc2d25448b4571",
			"parentId": "5dcb1df1cc51617bf52d85b0",
			"slotId": "main",
			"location": {
				"x": 2,
				"y": 1,
				"r": 0
			},
			"upd": {
				"StackObjectsCount": 20
			}
		},
		{
			"_id": "5dcb1df1cc51617bf52d85b7",
			"_tpl": "560d5e524bdc2d25448b4571",
			"parentId": "5dcb1df1cc51617bf52d85b0",
			"slotId": "main",
			"location": {
				"x": 0,
				"y": 2,
				"r": 0
			},
			"upd": {
				"StackObjectsCount": 20
			}
		},
		{
			"_id": "5dcb1df1cc51617bf52d85b8",
			"_tpl": "560d5e524bdc2d25448b4571",
			"parentId": "5dcb1df1cc51617bf52d85b0",
			"slotId": "main",
			"location": {
				"x": 1,
				"y": 2,
				"r": 0
			},
			"upd": {
				"StackObjectsCount": 20
			}
		},
		{
			"_id": "5dcb1df1cc51617bf52d85b9",
			"_tpl": "560d5e524bdc2d25448b4571",
			"parentId": "5dcb1df1cc51617bf52d85b0",
			"slotId": "main",
			"location": {
				"x": 2,
				"y": 2,
				"r": 0
			},
			"upd": {
				"StackObjectsCount": 20
			}
		},
		{
			"_id": "5dcb1df1cc51617bf52d857f",
			"_tpl": "566abbc34bdc2d92178b4576"
		},
		{
			"_id": "5dcb1df1cc51617bf52d8582",
			"_tpl": "5963866b86f7747bfa1c4462"
		},
		{
			"_id": "5dcb1df1cc51617bf52d8581",
			"_tpl": "5963866286f7747bf429b572"
		}
	],
	"equipment": "5dcb1df1cc51617bf52d8580",
	"stash": "5dcb1df1cc51617bf52d857f",
	"questRaidItems": "5dcb1df1cc51617bf52d8581",
	"questStashItems": "5dcb1df1cc51617bf52d8582",
	"fastPanel": {}
}