{
	"items": [
		{
			"_id": "5dcb1de5d7ed5e035c4387a2",
			"_tpl": "55d7217a4bdc2d86028b456d"
		},
		{
			"_id": "5dcb1de5d7ed5e035c4387c4",
			"_tpl": "576165642459773c7a400233",
			"parentId": "5dcb1de5d7ed5e035c4387a2",
			"slotId": "FirstPrimaryWeapon"
		},
		{
			"_id": "5dcb1de5d7ed5e035c4387c5",
			"_tpl": "576169e62459773c69055191",
			"parentId": "5dcb1de5d7ed5e035c4387c4",
			"slotId": "mod_handguard"
		},
		{
			"_id": "5dcb1de5d7ed5e035c4387c6",
			"_tpl": "5649ade84bdc2d1b2b8b4587",
			"parentId": "5dcb1de5d7ed5e035c4387c4",
			"slotId": "mod_pistol_grip"
		},
		{
			"_id": "5dcb1de5d7ed5e035c4387c7",
			"_tpl": "57616c112459773cce774d66",
			"parentId": "5dcb1de5d7ed5e035c4387c4",
			"slotId": "mod_reciever"
		},
		{
			"_id": "5dcb1de5d7ed5e035c4387c8",
			"_tpl": "57a9b9ce2459770ee926038d",
			"parentId": "5dcb1de5d7ed5e035c4387c4",
			"slotId": "mod_sight_rear"
		},
		{
			"_id": "5dcb1de5d7ed5e035c4387c9",
			"_tpl": "57616ca52459773c69055192",
			"parentId": "5dcb1de5d7ed5e035c4387c4",
			"slotId": "mod_stock"
		},
		{
			"_id": "5dcb1de5d7ed5e035c4387ca",
			"_tpl": "57616a9e2459773c7a400234",
			"parentId": "5dcb1de5d7ed5e035c4387c4",
			"slotId": "mod_magazine"
		},
		{
			"_id": "5dcb1de5d7ed5e035c4387cb",
			"_tpl": "5d6e6869a4b9361c140bcfde",
			"parentId": "5dcb1de5d7ed5e035c4387ca",
			"slotId": "cartridges",
			"upd": {
				"StackObjectsCount": 5
			}
		},
		{
			"_id": "5dcb1de5d7ed5e035c4387cc",
			"_tpl": "5d6e6869a4b9361c140bcfde",
			"parentId": "5dcb1de5d7ed5e035c4387c4",
			"slotId": "patron_in_weapon",
			"upd": {
				"StackObjectsCount": 1
			}
		},
		{
			"_id": "5dcb1de5d7ed5e035c4387cd",
			"_tpl": "557ffd194bdc2d28148b457f",
			"parentId": "5dcb1de5d7ed5e035c4387a2",
			"slotId": "Pockets"
		},
		{
			"_id": "5dcb1de5d7ed5e035c4387e1",
			"_tpl": "590c2c9c86f774245b1f03f2",
			"parentId": "5dcb1de5d7ed5e035c4387cd",
			"slotId": "pocket1",
			"location": {
				"x": 0,
				"y": 0,
				"r": 0
			}
		},
		{
			"_id": "5dcb1de5d7ed5e035c4387ce",
			"_tpl": "572b7adb24597762ae139821",
			"parentId": "5dcb1de5d7ed5e035c4387a2",
			"slotId": "TacticalVest"
		},
		{
			"_id": "5dcb1de5d7ed5e035c4387dd",
			"_tpl": "57616a9e2459773c7a400234",
			"parentId": "5dcb1de5d7ed5e035c4387ce",
			"slotId": "2",
			"location": {
				"x": 0,
				"y": 0,
				"r": 0
			}
		},
		{
			"_id": "5dcb1de5d7ed5e035c4387de",
			"_tpl": "5d6e6869a4b9361c140bcfde",
			"parentId": "5dcb1de5d7ed5e035c4387dd",
			"slotId": "cartridges",
			"upd": {
				"StackObjectsCount": 5
			}
		},
		{
			"_id": "5dcb1de5d7ed5e035c4387cf",
			"_tpl": "5aa2b986e5b5b00014028f4c",
			"parentId": "5dcb1de5d7ed5e035c4387a2",
			"slotId": "Eyewear"
		},
		{
			"_id": "5dcb1de5d7ed5e035c4387d0",
			"_tpl": "59e7715586f7742ee5789605",
			"parentId": "5dcb1de5d7ed5e035c4387a2",
			"slotId": "FaceCover"
		},
		{
			"_id": "5dcb1de5d7ed5e035c4387d1",
			"_tpl": "5c06c6a80db834001b735491",
			"parentId": "5dcb1de5d7ed5e035c4387a2",
			"slotId": "Headwear",
			"upd": {
				"Repairable": {
					"Durability": 29
				}
			}
		},
		{
			"_id": "5dcb1de5d7ed5e035c4387d2",
			"_tpl": "57e26fc7245977162a14b800",
			"parentId": "5dcb1de5d7ed5e035c4387a2",
			"slotId": "Scabbard"
		},
		{
			"_id": "5dcb1de5d7ed5e035c4387d3",
			"_tpl": "5857a8bc2459772bad15db29",
			"parentId": "5dcb1de5d7ed5e035c4387a2",
			"slotId": "SecuredContainer"
		},
		{
			"_id": "5dcb1de5d7ed5e035c4387d4",
			"_tpl": "5d6e6869a4b9361c140bcfde",
			"parentId": "5dcb1de5d7ed5e035c4387d3",
			"slotId": "main",
			"location": {
				"x": 0,
				"y": 0,
				"r": 0
			},
			"upd": {
				"StackObjectsCount": 20
			}
		},
		{
			"_id": "5dcb1de5d7ed5e035c4387d5",
			"_tpl": "5d6e6869a4b9361c140bcfde",
			"parentId": "5dcb1de5d7ed5e035c4387d3",
			"slotId": "main",
			"location": {
				"x": 1,
				"y": 0,
				"r": 0
			},
			"upd": {
				"StackObjectsCount": 20
			}
		},
		{
			"_id": "5dcb1de5d7ed5e035c4387d6",
			"_tpl": "5d6e6869a4b9361c140bcfde",
			"parentId": "5dcb1de5d7ed5e035c4387d3",
			"slotId": "main",
			"location": {
				"x": 2,
				"y": 0,
				"r": 0
			},
			"upd": {
				"StackObjectsCount": 20
			}
		},
		{
			"_id": "5dcb1de5d7ed5e035c4387d7",
			"_tpl": "5d6e6869a4b9361c140bcfde",
			"parentId": "5dcb1de5d7ed5e035c4387d3",
			"slotId": "main",
			"location": {
				"x": 0,
				"y": 1,
				"r": 0
			},
			"upd": {
				"StackObjectsCount": 20
			}
		},
		{
			"_id": "5dcb1de5d7ed5e035c4387d8",
			"_tpl": "5d6e6869a4b9361c140bcfde",
			"parentId": "5dcb1de5d7ed5e035c4387d3",
			"slotId": "main",
			"location": {
				"x": 1,
				"y": 1,
				"r": 0
			},
			"upd": {
				"StackObjectsCount": 20
			}
		},
		{
			"_id": "5dcb1de5d7ed5e035c4387d9",
			"_tpl": "5d6e6869a4b9361c140bcfde",
			"parentId": "5dcb1de5d7ed5e035c4387d3",
			"slotId": "main",
			"location": {
				"x": 2,
				"y": 1,
				"r": 0
			},
			"upd": {
				"StackObjectsCount": 20
			}
		},
		{
			"_id": "5dcb1de5d7ed5e035c4387da",
			"_tpl": "5d6e6869a4b9361c140bcfde",
			"parentId": "5dcb1de5d7ed5e035c4387d3",
			"slotId": "main",
			"location": {
				"x": 0,
				"y": 2,
				"r": 0
			},
			"upd": {
				"StackObjectsCount": 20
			}
		},
		{
			"_id": "5dcb1de5d7ed5e035c4387db",
			"_tpl": "5d6e6869a4b9361c140bcfde",
			"parentId": "5dcb1de5d7ed5e035c4387d3",
			"slotId": "main",
			"location": {
				"x": 1,
				"y": 2,
				"r": 0
			},
			"upd": {
				"StackObjectsCount": 20
			}
		},
		{
			"_id": "5dcb1de5d7ed5e035c4387dc",
			"_tpl": "5d6e6869a4b9361c140bcfde",
			"parentId": "5dcb1de5d7ed5e035c4387d3",
			"slotId": "main",
			"location": {
				"x": 2,
				"y": 2,
				"r": 0
			},
			"upd": {
				"StackObjectsCount": 20
			}
		},
		{
			"_id": "5dcb1de5d7ed5e035c4387a1",
			"_tpl": "566abbc34bdc2d92178b4576"
		},
		{
			"_id": "5dcb1de5d7ed5e035c4387a4",
			"_tpl": "5963866b86f7747bfa1c4462"
		},
		{
			"_id": "5dcb1de5d7ed5e035c4387a3",
			"_tpl": "5963866286f7747bf429b572"
		}
	],
	"equipment": "5dcb1de5d7ed5e035c4387a2",
	"stash": "5dcb1de5d7ed5e035c4387a1",
	"questRaidItems": "5dcb1de5d7ed5e035c4387a3",
	"questStashItems": "5dcb1de5d7ed5e035c4387a4",
	"fastPanel": {}
}