{
	"items": [
		{
			"_id": "5dcb1dc4fb81105cd85bf408",
			"_tpl": "55d7217a4bdc2d86028b456d"
		},
		{
			"_id": "5dcb1dc4fb81105cd85bf427",
			"_tpl": "5a38e6bac4a2826c6e06d79b",
			"parentId": "5dcb1dc4fb81105cd85bf408",
			"slotId": "FirstPrimaryWeapon"
		},
		{
			"_id": "5dcb1dc4fb81105cd85bf428",
			"_tpl": "5a38ef1fc4a282000b1521f6",
			"parentId": "5dcb1dc4fb81105cd85bf427",
			"slotId": "mod_stock"
		},
		{
			"_id": "5dcb1dc4fb81105cd85bf429",
			"_tpl": "5a38eecdc4a282329a73b512",
			"parentId": "5dcb1dc4fb81105cd85bf428",
			"slotId": "mod_pistol_grip"
		},
		{
			"_id": "5dcb1dc4fb81105cd85bf42a",
			"_tpl": "5a38ed75c4a28232996e40c6",
			"parentId": "5dcb1dc4fb81105cd85bf427",
			"slotId": "mod_magazine"
		},
		{
			"_id": "5dcb1dc4fb81105cd85bf42b",
			"_tpl": "5a38ebd9c4a282000d722a5b",
			"parentId": "5dcb1dc4fb81105cd85bf42a",
			"slotId": "cartridges",
			"upd": {
				"StackObjectsCount": 4
			}
		},
		{
			"_id": "5dcb1dc4fb81105cd85bf42c",
			"_tpl": "5a38ebd9c4a282000d722a5b",
			"parentId": "5dcb1dc4fb81105cd85bf427",
			"slotId": "patron_in_weapon",
			"upd": {
				"StackObjectsCount": 1
			}
		},
		{
			"_id": "5dcb1dc4fb81105cd85bf42d",
			"_tpl": "557ffd194bdc2d28148b457f",
			"parentId": "5dcb1dc4fb81105cd85bf408",
			"slotId": "Pockets"
		},
		{
			"_id": "5dcb1dc4fb81105cd85bf42e",
			"_tpl": "572b7adb24597762ae139821",
			"parentId": "5dcb1dc4fb81105cd85bf408",
			"slotId": "TacticalVest"
		},
		{
			"_id": "5dcb1dc4fb81105cd85bf43b",
			"_tpl": "5a38ed75c4a28232996e40c6",
			"parentId": "5dcb1dc4fb81105cd85bf42e",
			"slotId": "1",
			"location": {
				"x": 0,
				"y": 0,
				"r": 0
			}
		},
		{
			"_id": "5dcb1dc4fb81105cd85bf43c",
			"_tpl": "5a38ebd9c4a282000d722a5b",
			"parentId": "5dcb1dc4fb81105cd85bf43b",
			"slotId": "cartridges",
			"upd": {
				"StackObjectsCount": 4
			}
		},
		{
			"_id": "5dcb1dc4fb81105cd85bf43d",
			"_tpl": "5a38ed75c4a28232996e40c6",
			"parentId": "5dcb1dc4fb81105cd85bf42e",
			"slotId": "2",
			"location": {
				"x": 0,
				"y": 0,
				"r": 0
			}
		},
		{
			"_id": "5dcb1dc4fb81105cd85bf43e",
			"_tpl": "5a38ebd9c4a282000d722a5b",
			"parentId": "5dcb1dc4fb81105cd85bf43d",
			"slotId": "cartridges",
			"upd": {
				"StackObjectsCount": 4
			}
		},
		{
			"_id": "5dcb1dc4fb81105cd85bf42f",
			"_tpl": "572b7f1624597762ae139822",
			"parentId": "5dcb1dc4fb81105cd85bf408",
			"slotId": "FaceCover"
		},
		{
			"_id": "5dcb1dc4fb81105cd85bf430",
			"_tpl": "57e26fc7245977162a14b800",
			"parentId": "5dcb1dc4fb81105cd85bf408",
			"slotId": "Scabbard"
		},
		{
			"_id": "5dcb1dc4fb81105cd85bf431",
			"_tpl": "5857a8bc2459772bad15db29",
			"parentId": "5dcb1dc4fb81105cd85bf408",
			"slotId": "SecuredContainer"
		},
		{
			"_id": "5dcb1dc4fb81105cd85bf432",
			"_tpl": "5a38ebd9c4a282000d722a5b",
			"parentId": "5dcb1dc4fb81105cd85bf431",
			"slotId": "main",
			"location": {
				"x": 0,
				"y": 0,
				"r": 0
			},
			"upd": {
				"StackObjectsCount": 20
			}
		},
		{
			"_id": "5dcb1dc4fb81105cd85bf433",
			"_tpl": "5a38ebd9c4a282000d722a5b",
			"parentId": "5dcb1dc4fb81105cd85bf431",
			"slotId": "main",
			"location": {
				"x": 1,
				"y": 0,
				"r": 0
			},
			"upd": {
				"StackObjectsCount": 20
			}
		},
		{
			"_id": "5dcb1dc4fb81105cd85bf434",
			"_tpl": "5a38ebd9c4a282000d722a5b",
			"parentId": "5dcb1dc4fb81105cd85bf431",
			"slotId": "main",
			"location": {
				"x": 2,
				"y": 0,
				"r": 0
			},
			"upd": {
				"StackObjectsCount": 20
			}
		},
		{
			"_id": "5dcb1dc4fb81105cd85bf435",
			"_tpl": "5a38ebd9c4a282000d722a5b",
			"parentId": "5dcb1dc4fb81105cd85bf431",
			"slotId": "main",
			"location": {
				"x": 0,
				"y": 1,
				"r": 0
			},
			"upd": {
				"StackObjectsCount": 20
			}
		},
		{
			"_id": "5dcb1dc4fb81105cd85bf436",
			"_tpl": "5a38ebd9c4a282000d722a5b",
			"parentId": "5dcb1dc4fb81105cd85bf431",
			"slotId": "main",
			"location": {
				"x": 1,
				"y": 1,
				"r": 0
			},
			"upd": {
				"StackObjectsCount": 20
			}
		},
		{
			"_id": "5dcb1dc4fb81105cd85bf437",
			"_tpl": "5a38ebd9c4a282000d722a5b",
			"parentId": "5dcb1dc4fb81105cd85bf431",
			"slotId": "main",
			"location": {
				"x": 2,
				"y": 1,
				"r": 0
			},
			"upd": {
				"StackObjectsCount": 20
			}
		},
		{
			"_id": "5dcb1dc4fb81105cd85bf438",
			"_tpl": "5a38ebd9c4a282000d722a5b",
			"parentId": "5dcb1dc4fb81105cd85bf431",
			"slotId": "main",
			"location": {
				"x": 0,
				"y": 2,
				"r": 0
			},
			"upd": {
				"StackObjectsCount": 20
			}
		},
		{
			"_id": "5dcb1dc4fb81105cd85bf439",
			"_tpl": "5a38ebd9c4a282000d722a5b",
			"parentId": "5dcb1dc4fb81105cd85bf431",
			"slotId": "main",
			"location": {
				"x": 1,
				"y": 2,
				"r": 0
			},
			"upd": {
				"StackObjectsCount": 20
			}
		},
		{
			"_id": "5dcb1dc4fb81105cd85bf43a",
			"_tpl": "5a38ebd9c4a282000d722a5b",
			"parentId": "5dcb1dc4fb81105cd85bf431",
			"slotId": "main",
			"location": {
				"x": 2,
				"y": 2,
				"r": 0
			},
			"upd": {
				"StackObjectsCount": 20
			}
		},
		{
			"_id": "5dcb1dc4fb81105cd85bf407",
			"_tpl": "566abbc34bdc2d92178b4576"
		},
		{
			"_id": "5dcb1dc4fb81105cd85bf40a",
			"_tpl": "5963866b86f7747bfa1c4462"
		},
		{
			"_id": "5dcb1dc4fb81105cd85bf409",
			"_tpl": "5963866286f7747bf429b572"
		}
	],
	"equipment": "5dcb1dc4fb81105cd85bf408",
	"stash": "5dcb1dc4fb81105cd85bf407",
	"questRaidItems": "5dcb1dc4fb81105cd85bf409",
	"questStashItems": "5dcb1dc4fb81105cd85bf40a",
	"fastPanel": {}
}