{
	"items": [
		{
			"_id": "5dcb1dc4fb81105cd85bde14",
			"_tpl": "55d7217a4bdc2d86028b456d"
		},
		{
			"_id": "5dcb1dc4fb81105cd85bde30",
			"_tpl": "5a38e6bac4a2826c6e06d79b",
			"parentId": "5dcb1dc4fb81105cd85bde14",
			"slotId": "FirstPrimaryWeapon"
		},
		{
			"_id": "5dcb1dc4fb81105cd85bde31",
			"_tpl": "5a38ef1fc4a282000b1521f6",
			"parentId": "5dcb1dc4fb81105cd85bde30",
			"slotId": "mod_stock"
		},
		{
			"_id": "5dcb1dc4fb81105cd85bde32",
			"_tpl": "5a38eecdc4a282329a73b512",
			"parentId": "5dcb1dc4fb81105cd85bde31",
			"slotId": "mod_pistol_grip"
		},
		{
			"_id": "5dcb1dc4fb81105cd85bde33",
			"_tpl": "5a38ee51c4a282000c5a955c",
			"parentId": "5dcb1dc4fb81105cd85bde30",
			"slotId": "mod_magazine"
		},
		{
			"_id": "5dcb1dc4fb81105cd85bde34",
			"_tpl": "5a38ebd9c4a282000d722a5b",
			"parentId": "5dcb1dc4fb81105cd85bde33",
			"slotId": "cartridges",
			"upd": {
				"StackObjectsCount": 2
			}
		},
		{
			"_id": "5dcb1dc4fb81105cd85bde35",
			"_tpl": "5a38ebd9c4a282000d722a5b",
			"parentId": "5dcb1dc4fb81105cd85bde30",
			"slotId": "patron_in_weapon",
			"upd": {
				"StackObjectsCount": 1
			}
		},
		{
			"_id": "5dcb1dc4fb81105cd85bde36",
			"_tpl": "557ffd194bdc2d28148b457f",
			"parentId": "5dcb1dc4fb81105cd85bde14",
			"slotId": "Pockets"
		},
		{
			"_id": "5dcb1dc4fb81105cd85bde4c",
			"_tpl": "5af0454c86f7746bf20992e8",
			"parentId": "5dcb1dc4fb81105cd85bde36",
			"slotId": "pocket1",
			"location": {
				"x": 0,
				"y": 0,
				"r": 0
			},
			"upd": {
				"MedKit": {
					"HpResource": 4
				}
			}
		},
		{
			"_id": "5dcb1dc4fb81105cd85bde37",
			"_tpl": "572b7adb24597762ae139821",
			"parentId": "5dcb1dc4fb81105cd85bde14",
			"slotId": "TacticalVest"
		},
		{
			"_id": "5dcb1dc4fb81105cd85bde45",
			"_tpl": "5a38ee51c4a282000c5a955c",
			"parentId": "5dcb1dc4fb81105cd85bde37",
			"slotId": "1",
			"location": {
				"x": 0,
				"y": 0,
				"r": 0
			}
		},
		{
			"_id": "5dcb1dc4fb81105cd85bde46",
			"_tpl": "5a38ebd9c4a282000d722a5b",
			"parentId": "5dcb1dc4fb81105cd85bde45",
			"slotId": "cartridges",
			"upd": {
				"StackObjectsCount": 2
			}
		},
		{
			"_id": "5dcb1dc4fb81105cd85bde47",
			"_tpl": "5a38ee51c4a282000c5a955c",
			"parentId": "5dcb1dc4fb81105cd85bde37",
			"slotId": "2",
			"location": {
				"x": 0,
				"y": 0,
				"r": 0
			}
		},
		{
			"_id": "5dcb1dc4fb81105cd85bde48",
			"_tpl": "5a38ebd9c4a282000d722a5b",
			"parentId": "5dcb1dc4fb81105cd85bde47",
			"slotId": "cartridges",
			"upd": {
				"StackObjectsCount": 2
			}
		},
		{
			"_id": "5dcb1dc4fb81105cd85bde38",
			"_tpl": "59e7715586f7742ee5789605",
			"parentId": "5dcb1dc4fb81105cd85bde14",
			"slotId": "FaceCover"
		},
		{
			"_id": "5dcb1dc4fb81105cd85bde39",
			"_tpl": "5b4329075acfc400153b78ff",
			"parentId": "5dcb1dc4fb81105cd85bde14",
			"slotId": "Headwear"
		},
		{
			"_id": "5dcb1dc4fb81105cd85bde3a",
			"_tpl": "57e26ea924597715ca604a09",
			"parentId": "5dcb1dc4fb81105cd85bde14",
			"slotId": "Scabbard"
		},
		{
			"_id": "5dcb1dc4fb81105cd85bde3b",
			"_tpl": "5857a8bc2459772bad15db29",
			"parentId": "5dcb1dc4fb81105cd85bde14",
			"slotId": "SecuredContainer"
		},
		{
			"_id": "5dcb1dc4fb81105cd85bde3c",
			"_tpl": "5a38ebd9c4a282000d722a5b",
			"parentId": "5dcb1dc4fb81105cd85bde3b",
			"slotId": "main",
			"location": {
				"x": 0,
				"y": 0,
				"r": 0
			},
			"upd": {
				"StackObjectsCount": 20
			}
		},
		{
			"_id": "5dcb1dc4fb81105cd85bde3d",
			"_tpl": "5a38ebd9c4a282000d722a5b",
			"parentId": "5dcb1dc4fb81105cd85bde3b",
			"slotId": "main",
			"location": {
				"x": 1,
				"y": 0,
				"r": 0
			},
			"upd": {
				"StackObjectsCount": 20
			}
		},
		{
			"_id": "5dcb1dc4fb81105cd85bde3e",
			"_tpl": "5a38ebd9c4a282000d722a5b",
			"parentId": "5dcb1dc4fb81105cd85bde3b",
			"slotId": "main",
			"location": {
				"x": 2,
				"y": 0,
				"r": 0
			},
			"upd": {
				"StackObjectsCount": 20
			}
		},
		{
			"_id": "5dcb1dc4fb81105cd85bde3f",
			"_tpl": "5a38ebd9c4a282000d722a5b",
			"parentId": "5dcb1dc4fb81105cd85bde3b",
			"slotId": "main",
			"location": {
				"x": 0,
				"y": 1,
				"r": 0
			},
			"upd": {
				"StackObjectsCount": 20
			}
		},
		{
			"_id": "5dcb1dc4fb81105cd85bde40",
			"_tpl": "5a38ebd9c4a282000d722a5b",
			"parentId": "5dcb1dc4fb81105cd85bde3b",
			"slotId": "main",
			"location": {
				"x": 1,
				"y": 1,
				"r": 0
			},
			"upd": {
				"StackObjectsCount": 20
			}
		},
		{
			"_id": "5dcb1dc4fb81105cd85bde41",
			"_tpl": "5a38ebd9c4a282000d722a5b",
			"parentId": "5dcb1dc4fb81105cd85bde3b",
			"slotId": "main",
			"location": {
				"x": 2,
				"y": 1,
				"r": 0
			},
			"upd": {
				"StackObjectsCount": 20
			}
		},
		{
			"_id": "5dcb1dc4fb81105cd85bde42",
			"_tpl": "5a38ebd9c4a282000d722a5b",
			"parentId": "5dcb1dc4fb81105cd85bde3b",
			"slotId": "main",
			"location": {
				"x": 0,
				"y": 2,
				"r": 0
			},
			"upd": {
				"StackObjectsCount": 20
			}
		},
		{
			"_id": "5dcb1dc4fb81105cd85bde43",
			"_tpl": "5a38ebd9c4a282000d722a5b",
			"parentId": "5dcb1dc4fb81105cd85bde3b",
			"slotId": "main",
			"location": {
				"x": 1,
				"y": 2,
				"r": 0
			},
			"upd": {
				"StackObjectsCount": 20
			}
		},
		{
			"_id": "5dcb1dc4fb81105cd85bde44",
			"_tpl": "5a38ebd9c4a282000d722a5b",
			"parentId": "5dcb1dc4fb81105cd85bde3b",
			"slotId": "main",
			"location": {
				"x": 2,
				"y": 2,
				"r": 0
			},
			"upd": {
				"StackObjectsCount": 20
			}
		},
		{
			"_id": "5dcb1dc4fb81105cd85bde13",
			"_tpl": "566abbc34bdc2d92178b4576"
		},
		{
			"_id": "5dcb1dc4fb81105cd85bde16",
			"_tpl": "5963866b86f7747bfa1c4462"
		},
		{
			"_id": "5dcb1dc4fb81105cd85bde15",
			"_tpl": "5963866286f7747bf429b572"
		}
	],
	"equipment": "5dcb1dc4fb81105cd85bde14",
	"stash": "5dcb1dc4fb81105cd85bde13",
	"questRaidItems": "5dcb1dc4fb81105cd85bde15",
	"questStashItems": "5dcb1dc4fb81105cd85bde16",
	"fastPanel": {}
}