{
	"items": [
		{
			"_id": "5c6687d65e9d882c8841f0fd",
			"_tpl": "55d7217a4bdc2d86028b456d"
		},
		{
			"_id": "5c6687d65e9d882c8841f121",
			"_tpl": "557ffd194bdc2d28148b457f",
			"parentId": "5c6687d65e9d882c8841f0fd",
			"slotId": "Pockets"
		},
		{
			"_id": "5c6687d65e9d882c8841f0fc",
			"_tpl": "566abbc34bdc2d92178b4576"
		},
		{
			"_id": "5c6687d65e9d882c8841f0ff",
			"_tpl": "5963866b86f7747bfa1c4462"
		},
		{
			"_id": "5c6687d65e9d882c8841f0fe",
			"_tpl": "5963866286f7747bf429b572"
		},
		{
			"_id": "TacticalVest792189",
			"_tpl": "5b44c8ea86f7742d1627baf1",
			"parentId": "5c6687d65e9d882c8841f0fd",
			"slotId": "TacticalVest"
		},
		{
			"_id": "I21010265504522009TBuwbo",
			"_tpl": "59e6687d86f77411d949b251",
			"parentId": "5c6687d65e9d882c8841f0fd",
			"slotId": "FirstPrimaryWeapon"
		},
		{
			"_id": "I21010265751449918UvKVPv",
			"_tpl": "59e649f986f77411d949b246",
			"parentId": "I21010265504522009TBuwbo",
			"slotId": "mod_gas_block"
		},
		{
			"_id": "I21010266569582759FFh8kx",
			"_tpl": "59e8a00d86f7742ad93b569c",
			"parentId": "I21010265504522009TBuwbo",
			"slotId": "mod_muzzle"
		},
		{
			"_id": "I21010266584399884H3qGhu",
			"_tpl": "59e6318286f77444dd62c4cc",
			"parentId": "I21010265504522009TBuwbo",
			"slotId": "mod_pistol_grip"
		},
		{
			"_id": "I21010264917213010iARlI7",
			"_tpl": "59e6449086f7746c9f75e822",
			"parentId": "I21010265504522009TBuwbo",
			"slotId": "mod_reciever"
		},
		{
			"_id": "I21010267665084947xlMqPY",
			"_tpl": "59e8977386f77415a553c453",
			"parentId": "I21010265504522009TBuwbo",
			"slotId": "mod_sight_rear",
			"upd": {
				"Sight": {
					"SelectedSightMode": 0
				}
			}
		},
		{
			"_id": "I21010266295321850oWuRX2",
			"_tpl": "59e898ee86f77427614bd225",
			"parentId": "I21010265751449918UvKVPv",
			"slotId": "mod_handguard"
		},
		{
			"_id": "mag0Vest375912",
			"_tpl": "5a01c29586f77474660c694c",
			"parentId": "TacticalVest792189",
			"slotId": "1",
			"location": {
				"x": 0,
				"y": 0,
				"r": "Horizontal"
			}
		},
		{
			"_id": "AmmoMag0Vest788114",
			"_tpl": "59e6658b86f77411d949b250",
			"parentId": "mag0Vest375912",
			"slotId": "cartridges",
			"upd": {
				"StackObjectsCount": 30
			}
		},
		{
			"_id": "mag2Vest793276",
			"_tpl": "5a01c29586f77474660c694c",
			"parentId": "TacticalVest792189",
			"slotId": "4",
			"location": {
				"x": 0,
				"y": 0,
				"r": "Horizontal"
			}
		},
		{
			"_id": "AmmoMag2Vest201549",
			"_tpl": "59e6658b86f77411d949b250",
			"parentId": "mag2Vest793276",
			"slotId": "cartridges",
			"upd": {
				"StackObjectsCount": 30
			}
		},
		{
			"_id": "mag3Vest753768",
			"_tpl": "5a01c29586f77474660c694c",
			"parentId": "TacticalVest792189",
			"slotId": "6",
			"location": {
				"x": 0,
				"y": 0,
				"r": "Horizontal"
			}
		},
		{
			"_id": "AmmoMag3Vest539028",
			"_tpl": "59e6658b86f77411d949b250",
			"parentId": "mag3Vest753768",
			"slotId": "cartridges",
			"upd": {
				"StackObjectsCount": 30
			}
		},
		{
			"_id": "Scabbard469277",
			"_tpl": "54491bb74bdc2d09088b4567",
			"parentId": "5c6687d65e9d882c8841f0fd",
			"slotId": "Scabbard"
		},
		{
			"_id": "Headwear186612",
			"_tpl": "5c0d2727d174af02a012cf58",
			"parentId": "5c6687d65e9d882c8841f0fd",
			"slotId": "Headwear"
		},
		{
			"_id": "Backpack848090",
			"_tpl": "5ab8ee7786f7742d8f33f0b9",
			"parentId": "5c6687d65e9d882c8841f0fd",
			"slotId": "Backpack"
		},
		{
			"_id": "BP_Backpack848090_551230",
			"_tpl": "5d1c774f86f7746d6620f8db",
			"parentId": "Backpack848090",
			"slotId": "main",
			"location": {
				"x": 0,
				"y": 0,
				"r": "Horizontal"
			}
		},
		{
			"_id": "BP_Backpack848090_169190",
			"_tpl": "5a0eee1486f77402aa773226",
			"parentId": "Backpack848090",
			"slotId": "main",
			"location": {
				"x": 0,
				"y": 1,
				"r": "Horizontal"
			}
		},
		{
			"_id": "BP_Backpack848090_710345",
			"_tpl": "5d40425986f7743185265461",
			"parentId": "Backpack848090",
			"slotId": "main",
			"location": {
				"x": 1,
				"y": 0,
				"r": "Horizontal"
			}
		},
		{
			"_id": "ArmorVest788394",
			"_tpl": "5ab8e79e86f7742d8b372e78",
			"parentId": "5c6687d65e9d882c8841f0fd",
			"slotId": "ArmorVest",
			"upd": {
				"Repairable": {
					"MaxDurability": 65,
					"Durability": 60
				}
			}
		},
		{
			"_id": "Pocket_570279",
			"_tpl": "5a0eeb1a86f774688b70aa5c",
			"parentId": "5c6687d65e9d882c8841f121",
			"slotId": "pocket1",
			"location": {
				"x": 0,
				"y": 0,
				"r": "Horizontal"
			},
			"upd": {
				"SpawnedInSession": true
			}
		}
	],
	"equipment": "5c6687d65e9d882c8841f0fd",
	"stash": "5c6687d65e9d882c8841f0fc",
	"questRaidItems": "5c6687d65e9d882c8841f0fe",
	"questStashItems": "5c6687d65e9d882c8841f0ff",
	"fastPanel": {}
}