{
	"items": [
		{
			"_id": "5dcb1df1cc51617bf52d83e7",
			"_tpl": "55d7217a4bdc2d86028b456d"
		},
		{
			"_id": "5dcb1df1cc51617bf52d8407",
			"_tpl": "59f9cabd86f7743a10721f46",
			"parentId": "5dcb1df1cc51617bf52d83e7",
			"slotId": "FirstPrimaryWeapon"
		},
		{
			"_id": "5dcb1df1cc51617bf52d8408",
			"_tpl": "5998517986f7746017232f7e",
			"parentId": "5dcb1df1cc51617bf52d8407",
			"slotId": "mod_pistol_grip"
		},
		{
			"_id": "5dcb1df1cc51617bf52d8409",
			"_tpl": "59ccd11386f77428f24a488f",
			"parentId": "5dcb1df1cc51617bf52d8407",
			"slotId": "mod_gas_block"
		},
		{
			"_id": "5dcb1df1cc51617bf52d840a",
			"_tpl": "5648b1504bdc2d9d488b4584",
			"parentId": "5dcb1df1cc51617bf52d8409",
			"slotId": "mod_handguard"
		},
		{
			"_id": "5dcb1df1cc51617bf52d840b",
			"_tpl": "599851db86f77467372f0a18",
			"parentId": "5dcb1df1cc51617bf52d8407",
			"slotId": "mod_stock"
		},
		{
			"_id": "5dcb1df1cc51617bf52d840c",
			"_tpl": "5998598e86f7740b3f498a86",
			"parentId": "5dcb1df1cc51617bf52d8407",
			"slotId": "mod_muzzle"
		},
		{
			"_id": "5dcb1df1cc51617bf52d840d",
			"_tpl": "59985a8086f77414ec448d1a",
			"parentId": "5dcb1df1cc51617bf52d8407",
			"slotId": "mod_reciever"
		},
		{
			"_id": "5dcb1df1cc51617bf52d840e",
			"_tpl": "599860e986f7743bb57573a6",
			"parentId": "5dcb1df1cc51617bf52d8407",
			"slotId": "mod_sight_rear"
		},
		{
			"_id": "5dcb1df1cc51617bf52d840f",
			"_tpl": "5998529a86f774647f44f421",
			"parentId": "5dcb1df1cc51617bf52d8407",
			"slotId": "mod_magazine"
		},
		{
			"_id": "5dcb1df1cc51617bf52d8410",
			"_tpl": "56d59d3ad2720bdb418b4577",
			"parentId": "5dcb1df1cc51617bf52d840f",
			"slotId": "cartridges",
			"upd": {
				"StackObjectsCount": 10
			}
		},
		{
			"_id": "5dcb1df1cc51617bf52d8411",
			"_tpl": "56d59d3ad2720bdb418b4577",
			"parentId": "5dcb1df1cc51617bf52d8407",
			"slotId": "patron_in_weapon",
			"upd": {
				"StackObjectsCount": 1
			}
		},
		{
			"_id": "5dcb1df1cc51617bf52d8412",
			"_tpl": "557ffd194bdc2d28148b457f",
			"parentId": "5dcb1df1cc51617bf52d83e7",
			"slotId": "Pockets"
		},
		{
			"_id": "5dcb1df1cc51617bf52d8429",
			"_tpl": "57347d3d245977448f7b7f61",
			"parentId": "5dcb1df1cc51617bf52d8412",
			"slotId": "pocket1",
			"location": {
				"x": 0,
				"y": 0,
				"r": 0
			}
		},
		{
			"_id": "5dcb1df1cc51617bf52d8413",
			"_tpl": "5ca20abf86f77418567a43f2",
			"parentId": "5dcb1df1cc51617bf52d83e7",
			"slotId": "TacticalVest"
		},
		{
			"_id": "5dcb1df1cc51617bf52d8423",
			"_tpl": "5998529a86f774647f44f421",
			"parentId": "5dcb1df1cc51617bf52d8413",
			"slotId": "1",
			"location": {
				"x": 0,
				"y": 0,
				"r": 0
			}
		},
		{
			"_id": "5dcb1df1cc51617bf52d8424",
			"_tpl": "56d59d3ad2720bdb418b4577",
			"parentId": "5dcb1df1cc51617bf52d8423",
			"slotId": "cartridges",
			"upd": {
				"StackObjectsCount": 10
			}
		},
		{
			"_id": "5dcb1df1cc51617bf52d8425",
			"_tpl": "5998529a86f774647f44f421",
			"parentId": "5dcb1df1cc51617bf52d8413",
			"slotId": "2",
			"location": {
				"x": 0,
				"y": 0,
				"r": 0
			}
		},
		{
			"_id": "5dcb1df1cc51617bf52d8426",
			"_tpl": "56d59d3ad2720bdb418b4577",
			"parentId": "5dcb1df1cc51617bf52d8425",
			"slotId": "cartridges",
			"upd": {
				"StackObjectsCount": 10
			}
		},
		{
			"_id": "5dcb1df1cc51617bf52d8414",
			"_tpl": "572b7fa524597762b747ce82",
			"parentId": "5dcb1df1cc51617bf52d83e7",
			"slotId": "FaceCover"
		},
		{
			"_id": "5dcb1df1cc51617bf52d8415",
			"_tpl": "5aa2ba19e5b5b00014028f4e",
			"parentId": "5dcb1df1cc51617bf52d83e7",
			"slotId": "Headwear"
		},
		{
			"_id": "5dcb1df1cc51617bf52d8416",
			"_tpl": "5c0e5edb86f77461f55ed1f7",
			"parentId": "5dcb1df1cc51617bf52d83e7",
			"slotId": "ArmorVest",
			"upd": {
				"Repairable": {
					"Durability": 34
				}
			}
		},
		{
			"_id": "5dcb1df1cc51617bf52d8417",
			"_tpl": "57e26fc7245977162a14b800",
			"parentId": "5dcb1df1cc51617bf52d83e7",
			"slotId": "Scabbard"
		},
		{
			"_id": "5dcb1df1cc51617bf52d8418",
			"_tpl": "56e335e4d2720b6c058b456d",
			"parentId": "5dcb1df1cc51617bf52d83e7",
			"slotId": "Backpack"
		},
		{
			"_id": "5dcb1df1cc51617bf52d842a",
			"_tpl": "5751496424597720a27126da",
			"parentId": "5dcb1df1cc51617bf52d8418",
			"slotId": "main",
			"location": {
				"x": 0,
				"y": 0,
				"r": 0
			},
			"upd": {
				"FoodDrink": {
					"HpPercent": 1
				}
			}
		},
		{
			"_id": "5dcb1df1cc51617bf52d842b",
			"_tpl": "544fb3364bdc2d34748b456a",
			"parentId": "5dcb1df1cc51617bf52d8418",
			"slotId": "main",
			"location": {
				"x": 1,
				"y": 0,
				"r": 0
			}
		},
		{
			"_id": "5dcb1df1cc51617bf52d842c",
			"_tpl": "57513f07245977207e26a311",
			"parentId": "5dcb1df1cc51617bf52d8418",
			"slotId": "main",
			"location": {
				"x": 2,
				"y": 0,
				"r": 0
			},
			"upd": {
				"FoodDrink": {
					"HpPercent": 40
				}
			}
		},
		{
			"_id": "5dcb1df1cc51617bf52d8419",
			"_tpl": "5857a8bc2459772bad15db29",
			"parentId": "5dcb1df1cc51617bf52d83e7",
			"slotId": "SecuredContainer"
		},
		{
			"_id": "5dcb1df1cc51617bf52d841a",
			"_tpl": "56d59d3ad2720bdb418b4577",
			"parentId": "5dcb1df1cc51617bf52d8419",
			"slotId": "main",
			"location": {
				"x": 0,
				"y": 0,
				"r": 0
			},
			"upd": {
				"StackObjectsCount": 50
			}
		},
		{
			"_id": "5dcb1df1cc51617bf52d841b",
			"_tpl": "56d59d3ad2720bdb418b4577",
			"parentId": "5dcb1df1cc51617bf52d8419",
			"slotId": "main",
			"location": {
				"x": 1,
				"y": 0,
				"r": 0
			},
			"upd": {
				"StackObjectsCount": 50
			}
		},
		{
			"_id": "5dcb1df1cc51617bf52d841c",
			"_tpl": "56d59d3ad2720bdb418b4577",
			"parentId": "5dcb1df1cc51617bf52d8419",
			"slotId": "main",
			"location": {
				"x": 2,
				"y": 0,
				"r": 0
			},
			"upd": {
				"StackObjectsCount": 50
			}
		},
		{
			"_id": "5dcb1df1cc51617bf52d841d",
			"_tpl": "56d59d3ad2720bdb418b4577",
			"parentId": "5dcb1df1cc51617bf52d8419",
			"slotId": "main",
			"location": {
				"x": 0,
				"y": 1,
				"r": 0
			},
			"upd": {
				"StackObjectsCount": 50
			}
		},
		{
			"_id": "5dcb1df1cc51617bf52d841e",
			"_tpl": "56d59d3ad2720bdb418b4577",
			"parentId": "5dcb1df1cc51617bf52d8419",
			"slotId": "main",
			"location": {
				"x": 1,
				"y": 1,
				"r": 0
			},
			"upd": {
				"StackObjectsCount": 50
			}
		},
		{
			"_id": "5dcb1df1cc51617bf52d841f",
			"_tpl": "56d59d3ad2720bdb418b4577",
			"parentId": "5dcb1df1cc51617bf52d8419",
			"slotId": "main",
			"location": {
				"x": 2,
				"y": 1,
				"r": 0
			},
			"upd": {
				"StackObjectsCount": 50
			}
		},
		{
			"_id": "5dcb1df1cc51617bf52d8420",
			"_tpl": "56d59d3ad2720bdb418b4577",
			"parentId": "5dcb1df1cc51617bf52d8419",
			"slotId": "main",
			"location": {
				"x": 0,
				"y": 2,
				"r": 0
			},
			"upd": {
				"StackObjectsCount": 50
			}
		},
		{
			"_id": "5dcb1df1cc51617bf52d8421",
			"_tpl": "56d59d3ad2720bdb418b4577",
			"parentId": "5dcb1df1cc51617bf52d8419",
			"slotId": "main",
			"location": {
				"x": 1,
				"y": 2,
				"r": 0
			},
			"upd": {
				"StackObjectsCount": 50
			}
		},
		{
			"_id": "5dcb1df1cc51617bf52d8422",
			"_tpl": "56d59d3ad2720bdb418b4577",
			"parentId": "5dcb1df1cc51617bf52d8419",
			"slotId": "main",
			"location": {
				"x": 2,
				"y": 2,
				"r": 0
			},
			"upd": {
				"StackObjectsCount": 50
			}
		},
		{
			"_id": "5dcb1df1cc51617bf52d83e6",
			"_tpl": "566abbc34bdc2d92178b4576"
		},
		{
			"_id": "5dcb1df1cc51617bf52d83e9",
			"_tpl": "5963866b86f7747bfa1c4462"
		},
		{
			"_id": "5dcb1df1cc51617bf52d83e8",
			"_tpl": "5963866286f7747bf429b572"
		}
	],
	"equipment": "5dcb1df1cc51617bf52d83e7",
	"stash": "5dcb1df1cc51617bf52d83e6",
	"questRaidItems": "5dcb1df1cc51617bf52d83e8",
	"questStashItems": "5dcb1df1cc51617bf52d83e9",
	"fastPanel": {}
}