{
	"items": [
		{
			"_id": "5dcb1dc5fb81105cd85c0322",
			"_tpl": "55d7217a4bdc2d86028b456d"
		},
		{
			"_id": "5dcb1dc5fb81105cd85c033f",
			"_tpl": "57dc2fa62459775949412633",
			"parentId": "5dcb1dc5fb81105cd85c0322",
			"slotId": "FirstPrimaryWeapon"
		},
		{
			"_id": "5dcb1dc5fb81105cd85c0340",
			"_tpl": "57e3dba62459770f0c32322b",
			"parentId": "5dcb1dc5fb81105cd85c033f",
			"slotId": "mod_pistol_grip"
		},
		{
			"_id": "5dcb1dc5fb81105cd85c0341",
			"_tpl": "59d36a0086f7747e673f3946",
			"parentId": "5dcb1dc5fb81105cd85c033f",
			"slotId": "mod_gas_block"
		},
		{
			"_id": "5dcb1dc5fb81105cd85c0342",
			"_tpl": "57dc32dc245977596d4ef3d3",
			"parentId": "5dcb1dc5fb81105cd85c0341",
			"slotId": "mod_handguard"
		},
		{
			"_id": "5dcb1dc5fb81105cd85c0343",
			"_tpl": "57dc347d245977596754e7a1",
			"parentId": "5dcb1dc5fb81105cd85c033f",
			"slotId": "mod_stock"
		},
		{
			"_id": "5dcb1dc5fb81105cd85c0344",
			"_tpl": "5649ab884bdc2ded0b8b457f",
			"parentId": "5dcb1dc5fb81105cd85c033f",
			"slotId": "mod_muzzle"
		},
		{
			"_id": "5dcb1dc5fb81105cd85c0345",
			"_tpl": "57dc334d245977597164366f",
			"parentId": "5dcb1dc5fb81105cd85c033f",
			"slotId": "mod_reciever"
		},
		{
			"_id": "5dcb1dc5fb81105cd85c0346",
			"_tpl": "55d4837c4bdc2d1d4e8b456c",
			"parentId": "5dcb1dc5fb81105cd85c033f",
			"slotId": "mod_magazine"
		},
		{
			"_id": "5dcb1dc5fb81105cd85c0347",
			"_tpl": "56dff3afd2720bba668b4567",
			"parentId": "5dcb1dc5fb81105cd85c0346",
			"slotId": "cartridges",
			"upd": {
				"StackObjectsCount": 10
			}
		},
		{
			"_id": "5dcb1dc5fb81105cd85c0348",
			"_tpl": "56dff3afd2720bba668b4567",
			"parentId": "5dcb1dc5fb81105cd85c033f",
			"slotId": "patron_in_weapon",
			"upd": {
				"StackObjectsCount": 1
			}
		},
		{
			"_id": "5dcb1dc5fb81105cd85c0349",
			"_tpl": "557ffd194bdc2d28148b457f",
			"parentId": "5dcb1dc5fb81105cd85c0322",
			"slotId": "Pockets"
		},
		{
			"_id": "5dcb1dc5fb81105cd85c035f",
			"_tpl": "5bc9be8fd4351e00334cae6e",
			"parentId": "5dcb1dc5fb81105cd85c0349",
			"slotId": "pocket1",
			"location": {
				"x": 0,
				"y": 0,
				"r": 0
			}
		},
		{
			"_id": "5dcb1dc5fb81105cd85c034a",
			"_tpl": "59e7643b86f7742cbf2c109a",
			"parentId": "5dcb1dc5fb81105cd85c0322",
			"slotId": "TacticalVest"
		},
		{
			"_id": "5dcb1dc5fb81105cd85c0357",
			"_tpl": "55d4837c4bdc2d1d4e8b456c",
			"parentId": "5dcb1dc5fb81105cd85c034a",
			"slotId": "1",
			"location": {
				"x": 0,
				"y": 0,
				"r": 0
			}
		},
		{
			"_id": "5dcb1dc5fb81105cd85c0358",
			"_tpl": "56dff3afd2720bba668b4567",
			"parentId": "5dcb1dc5fb81105cd85c0357",
			"slotId": "cartridges",
			"upd": {
				"StackObjectsCount": 10
			}
		},
		{
			"_id": "5dcb1dc5fb81105cd85c0359",
			"_tpl": "55d4837c4bdc2d1d4e8b456c",
			"parentId": "5dcb1dc5fb81105cd85c034a",
			"slotId": "1",
			"location": {
				"x": 1,
				"y": 0,
				"r": 0
			}
		},
		{
			"_id": "5dcb1dc5fb81105cd85c035a",
			"_tpl": "56dff3afd2720bba668b4567",
			"parentId": "5dcb1dc5fb81105cd85c0359",
			"slotId": "cartridges",
			"upd": {
				"StackObjectsCount": 10
			}
		},
		{
			"_id": "5dcb1dc5fb81105cd85c035b",
			"_tpl": "55d4837c4bdc2d1d4e8b456c",
			"parentId": "5dcb1dc5fb81105cd85c034a",
			"slotId": "1",
			"location": {
				"x": 0,
				"y": 1,
				"r": 0
			}
		},
		{
			"_id": "5dcb1dc5fb81105cd85c035c",
			"_tpl": "56dff3afd2720bba668b4567",
			"parentId": "5dcb1dc5fb81105cd85c035b",
			"slotId": "cartridges",
			"upd": {
				"StackObjectsCount": 10
			}
		},
		{
			"_id": "5dcb1dc5fb81105cd85c034b",
			"_tpl": "5b432f3d5acfc4704b4a1dfb",
			"parentId": "5dcb1dc5fb81105cd85c0322",
			"slotId": "FaceCover"
		},
		{
			"_id": "5dcb1dc5fb81105cd85c034c",
			"_tpl": "57e26ea924597715ca604a09",
			"parentId": "5dcb1dc5fb81105cd85c0322",
			"slotId": "Scabbard"
		},
		{
			"_id": "5dcb1dc5fb81105cd85c034d",
			"_tpl": "5857a8bc2459772bad15db29",
			"parentId": "5dcb1dc5fb81105cd85c0322",
			"slotId": "SecuredContainer"
		},
		{
			"_id": "5dcb1dc5fb81105cd85c034e",
			"_tpl": "56dff3afd2720bba668b4567",
			"parentId": "5dcb1dc5fb81105cd85c034d",
			"slotId": "main",
			"location": {
				"x": 0,
				"y": 0,
				"r": 0
			},
			"upd": {
				"StackObjectsCount": 60
			}
		},
		{
			"_id": "5dcb1dc5fb81105cd85c034f",
			"_tpl": "56dff3afd2720bba668b4567",
			"parentId": "5dcb1dc5fb81105cd85c034d",
			"slotId": "main",
			"location": {
				"x": 1,
				"y": 0,
				"r": 0
			},
			"upd": {
				"StackObjectsCount": 60
			}
		},
		{
			"_id": "5dcb1dc5fb81105cd85c0350",
			"_tpl": "56dff3afd2720bba668b4567",
			"parentId": "5dcb1dc5fb81105cd85c034d",
			"slotId": "main",
			"location": {
				"x": 2,
				"y": 0,
				"r": 0
			},
			"upd": {
				"StackObjectsCount": 60
			}
		},
		{
			"_id": "5dcb1dc5fb81105cd85c0351",
			"_tpl": "56dff3afd2720bba668b4567",
			"parentId": "5dcb1dc5fb81105cd85c034d",
			"slotId": "main",
			"location": {
				"x": 0,
				"y": 1,
				"r": 0
			},
			"upd": {
				"StackObjectsCount": 60
			}
		},
		{
			"_id": "5dcb1dc5fb81105cd85c0352",
			"_tpl": "56dff3afd2720bba668b4567",
			"parentId": "5dcb1dc5fb81105cd85c034d",
			"slotId": "main",
			"location": {
				"x": 1,
				"y": 1,
				"r": 0
			},
			"upd": {
				"StackObjectsCount": 60
			}
		},
		{
			"_id": "5dcb1dc5fb81105cd85c0353",
			"_tpl": "56dff3afd2720bba668b4567",
			"parentId": "5dcb1dc5fb81105cd85c034d",
			"slotId": "main",
			"location": {
				"x": 2,
				"y": 1,
				"r": 0
			},
			"upd": {
				"StackObjectsCount": 60
			}
		},
		{
			"_id": "5dcb1dc5fb81105cd85c0354",
			"_tpl": "56dff3afd2720bba668b4567",
			"parentId": "5dcb1dc5fb81105cd85c034d",
			"slotId": "main",
			"location": {
				"x": 0,
				"y": 2,
				"r": 0
			},
			"upd": {
				"StackObjectsCount": 60
			}
		},
		{
			"_id": "5dcb1dc5fb81105cd85c0355",
			"_tpl": "56dff3afd2720bba668b4567",
			"parentId": "5dcb1dc5fb81105cd85c034d",
			"slotId": "main",
			"location": {
				"x": 1,
				"y": 2,
				"r": 0
			},
			"upd": {
				"StackObjectsCount": 60
			}
		},
		{
			"_id": "5dcb1dc5fb81105cd85c0356",
			"_tpl": "56dff3afd2720bba668b4567",
			"parentId": "5dcb1dc5fb81105cd85c034d",
			"slotId": "main",
			"location": {
				"x": 2,
				"y": 2,
				"r": 0
			},
			"upd": {
				"StackObjectsCount": 60
			}
		},
		{
			"_id": "5dcb1dc5fb81105cd85c0321",
			"_tpl": "566abbc34bdc2d92178b4576"
		},
		{
			"_id": "5dcb1dc5fb81105cd85c0324",
			"_tpl": "5963866b86f7747bfa1c4462"
		},
		{
			"_id": "5dcb1dc5fb81105cd85c0323",
			"_tpl": "5963866286f7747bf429b572"
		}
	],
	"equipment": "5dcb1dc5fb81105cd85c0322",
	"stash": "5dcb1dc5fb81105cd85c0321",
	"questRaidItems": "5dcb1dc5fb81105cd85c0323",
	"questStashItems": "5dcb1dc5fb81105cd85c0324",
	"fastPanel": {}
}