{
	"items": [
		{
			"_id": "5dcb1de5d7ed5e035c438e26",
			"_tpl": "55d7217a4bdc2d86028b456d"
		},
		{
			"_id": "5dcb1de5d7ed5e035c438e40",
			"_tpl": "57dc2fa62459775949412633",
			"parentId": "5dcb1de5d7ed5e035c438e26",
			"slotId": "FirstPrimaryWeapon"
		},
		{
			"_id": "5dcb1de5d7ed5e035c438e41",
			"_tpl": "57e3dba62459770f0c32322b",
			"parentId": "5dcb1de5d7ed5e035c438e40",
			"slotId": "mod_pistol_grip"
		},
		{
			"_id": "5dcb1de5d7ed5e035c438e42",
			"_tpl": "59d36a0086f7747e673f3946",
			"parentId": "5dcb1de5d7ed5e035c438e40",
			"slotId": "mod_gas_block"
		},
		{
			"_id": "5dcb1de5d7ed5e035c438e43",
			"_tpl": "57dc32dc245977596d4ef3d3",
			"parentId": "5dcb1de5d7ed5e035c438e42",
			"slotId": "mod_handguard"
		},
		{
			"_id": "5dcb1de5d7ed5e035c438e44",
			"_tpl": "57dc347d245977596754e7a1",
			"parentId": "5dcb1de5d7ed5e035c438e40",
			"slotId": "mod_stock"
		},
		{
			"_id": "5dcb1de5d7ed5e035c438e45",
			"_tpl": "5649ab884bdc2ded0b8b457f",
			"parentId": "5dcb1de5d7ed5e035c438e40",
			"slotId": "mod_muzzle"
		},
		{
			"_id": "5dcb1de5d7ed5e035c438e46",
			"_tpl": "57dc334d245977597164366f",
			"parentId": "5dcb1de5d7ed5e035c438e40",
			"slotId": "mod_reciever"
		},
		{
			"_id": "5dcb1de5d7ed5e035c438e47",
			"_tpl": "55d4837c4bdc2d1d4e8b456c",
			"parentId": "5dcb1de5d7ed5e035c438e40",
			"slotId": "mod_magazine"
		},
		{
			"_id": "5dcb1de5d7ed5e035c438e48",
			"_tpl": "56dff3afd2720bba668b4567",
			"parentId": "5dcb1de5d7ed5e035c438e47",
			"slotId": "cartridges",
			"upd": {
				"StackObjectsCount": 10
			}
		},
		{
			"_id": "5dcb1de5d7ed5e035c438e49",
			"_tpl": "56dff3afd2720bba668b4567",
			"parentId": "5dcb1de5d7ed5e035c438e40",
			"slotId": "patron_in_weapon",
			"upd": {
				"StackObjectsCount": 1
			}
		},
		{
			"_id": "5dcb1de5d7ed5e035c438e4a",
			"_tpl": "557ffd194bdc2d28148b457f",
			"parentId": "5dcb1de5d7ed5e035c438e26",
			"slotId": "Pockets"
		},
		{
			"_id": "5dcb1de5d7ed5e035c438e4b",
			"_tpl": "59e7643b86f7742cbf2c109a",
			"parentId": "5dcb1de5d7ed5e035c438e26",
			"slotId": "TacticalVest"
		},
		{
			"_id": "5dcb1de5d7ed5e035c438e59",
			"_tpl": "55d4837c4bdc2d1d4e8b456c",
			"parentId": "5dcb1de5d7ed5e035c438e4b",
			"slotId": "1",
			"location": {
				"x": 0,
				"y": 0,
				"r": 0
			}
		},
		{
			"_id": "5dcb1de5d7ed5e035c438e5a",
			"_tpl": "56dff3afd2720bba668b4567",
			"parentId": "5dcb1de5d7ed5e035c438e59",
			"slotId": "cartridges",
			"upd": {
				"StackObjectsCount": 10
			}
		},
		{
			"_id": "5dcb1de5d7ed5e035c438e5b",
			"_tpl": "55d4837c4bdc2d1d4e8b456c",
			"parentId": "5dcb1de5d7ed5e035c438e4b",
			"slotId": "1",
			"location": {
				"x": 1,
				"y": 0,
				"r": 0
			}
		},
		{
			"_id": "5dcb1de5d7ed5e035c438e5c",
			"_tpl": "56dff3afd2720bba668b4567",
			"parentId": "5dcb1de5d7ed5e035c438e5b",
			"slotId": "cartridges",
			"upd": {
				"StackObjectsCount": 10
			}
		},
		{
			"_id": "5dcb1de5d7ed5e035c438e5d",
			"_tpl": "55d4837c4bdc2d1d4e8b456c",
			"parentId": "5dcb1de5d7ed5e035c438e4b",
			"slotId": "1",
			"location": {
				"x": 0,
				"y": 1,
				"r": 0
			}
		},
		{
			"_id": "5dcb1de5d7ed5e035c438e5e",
			"_tpl": "56dff3afd2720bba668b4567",
			"parentId": "5dcb1de5d7ed5e035c438e5d",
			"slotId": "cartridges",
			"upd": {
				"StackObjectsCount": 10
			}
		},
		{
			"_id": "5dcb1de5d7ed5e035c438e4c",
			"_tpl": "59e770b986f7742cbd762754",
			"parentId": "5dcb1de5d7ed5e035c438e26",
			"slotId": "Eyewear"
		},
		{
			"_id": "5dcb1de5d7ed5e035c438e4d",
			"_tpl": "572b7fa524597762b747ce82",
			"parentId": "5dcb1de5d7ed5e035c438e26",
			"slotId": "FaceCover"
		},
		{
			"_id": "5dcb1de5d7ed5e035c438e4e",
			"_tpl": "57e26ea924597715ca604a09",
			"parentId": "5dcb1de5d7ed5e035c438e26",
			"slotId": "Scabbard"
		},
		{
			"_id": "5dcb1de5d7ed5e035c438e4f",
			"_tpl": "5857a8bc2459772bad15db29",
			"parentId": "5dcb1de5d7ed5e035c438e26",
			"slotId": "SecuredContainer"
		},
		{
			"_id": "5dcb1de5d7ed5e035c438e50",
			"_tpl": "56dff3afd2720bba668b4567",
			"parentId": "5dcb1de5d7ed5e035c438e4f",
			"slotId": "main",
			"location": {
				"x": 0,
				"y": 0,
				"r": 0
			},
			"upd": {
				"StackObjectsCount": 60
			}
		},
		{
			"_id": "5dcb1de5d7ed5e035c438e51",
			"_tpl": "56dff3afd2720bba668b4567",
			"parentId": "5dcb1de5d7ed5e035c438e4f",
			"slotId": "main",
			"location": {
				"x": 1,
				"y": 0,
				"r": 0
			},
			"upd": {
				"StackObjectsCount": 60
			}
		},
		{
			"_id": "5dcb1de5d7ed5e035c438e52",
			"_tpl": "56dff3afd2720bba668b4567",
			"parentId": "5dcb1de5d7ed5e035c438e4f",
			"slotId": "main",
			"location": {
				"x": 2,
				"y": 0,
				"r": 0
			},
			"upd": {
				"StackObjectsCount": 60
			}
		},
		{
			"_id": "5dcb1de5d7ed5e035c438e53",
			"_tpl": "56dff3afd2720bba668b4567",
			"parentId": "5dcb1de5d7ed5e035c438e4f",
			"slotId": "main",
			"location": {
				"x": 0,
				"y": 1,
				"r": 0
			},
			"upd": {
				"StackObjectsCount": 60
			}
		},
		{
			"_id": "5dcb1de5d7ed5e035c438e54",
			"_tpl": "56dff3afd2720bba668b4567",
			"parentId": "5dcb1de5d7ed5e035c438e4f",
			"slotId": "main",
			"location": {
				"x": 1,
				"y": 1,
				"r": 0
			},
			"upd": {
				"StackObjectsCount": 60
			}
		},
		{
			"_id": "5dcb1de5d7ed5e035c438e55",
			"_tpl": "56dff3afd2720bba668b4567",
			"parentId": "5dcb1de5d7ed5e035c438e4f",
			"slotId": "main",
			"location": {
				"x": 2,
				"y": 1,
				"r": 0
			},
			"upd": {
				"StackObjectsCount": 60
			}
		},
		{
			"_id": "5dcb1de5d7ed5e035c438e56",
			"_tpl": "56dff3afd2720bba668b4567",
			"parentId": "5dcb1de5d7ed5e035c438e4f",
			"slotId": "main",
			"location": {
				"x": 0,
				"y": 2,
				"r": 0
			},
			"upd": {
				"StackObjectsCount": 60
			}
		},
		{
			"_id": "5dcb1de5d7ed5e035c438e57",
			"_tpl": "56dff3afd2720bba668b4567",
			"parentId": "5dcb1de5d7ed5e035c438e4f",
			"slotId": "main",
			"location": {
				"x": 1,
				"y": 2,
				"r": 0
			},
			"upd": {
				"StackObjectsCount": 60
			}
		},
		{
			"_id": "5dcb1de5d7ed5e035c438e58",
			"_tpl": "56dff3afd2720bba668b4567",
			"parentId": "5dcb1de5d7ed5e035c438e4f",
			"slotId": "main",
			"location": {
				"x": 2,
				"y": 2,
				"r": 0
			},
			"upd": {
				"StackObjectsCount": 60
			}
		},
		{
			"_id": "5dcb1de5d7ed5e035c438e25",
			"_tpl": "566abbc34bdc2d92178b4576"
		},
		{
			"_id": "5dcb1de5d7ed5e035c438e28",
			"_tpl": "5963866b86f7747bfa1c4462"
		},
		{
			"_id": "5dcb1de5d7ed5e035c438e27",
			"_tpl": "5963866286f7747bf429b572"
		}
	],
	"equipment": "5dcb1de5d7ed5e035c438e26",
	"stash": "5dcb1de5d7ed5e035c438e25",
	"questRaidItems": "5dcb1de5d7ed5e035c438e27",
	"questStashItems": "5dcb1de5d7ed5e035c438e28",
	"fastPanel": {}
}