{
	"items": [
		{
			"_id": "5c6687d65e9d882c8841f0fd",
			"_tpl": "55d7217a4bdc2d86028b456d"
		},
		{
			"_id": "5c6687d65e9d882c8841f121",
			"_tpl": "557ffd194bdc2d28148b457f",
			"parentId": "5c6687d65e9d882c8841f0fd",
			"slotId": "Pockets"
		},
		{
			"_id": "5c6687d65e9d882c8841f0fc",
			"_tpl": "566abbc34bdc2d92178b4576"
		},
		{
			"_id": "5c6687d65e9d882c8841f0ff",
			"_tpl": "5963866b86f7747bfa1c4462"
		},
		{
			"_id": "5c6687d65e9d882c8841f0fe",
			"_tpl": "5963866286f7747bf429b572"
		},
		{
			"_id": "TacticalVest871417",
			"_tpl": "5929a2a086f7744f4b234d43",
			"parentId": "5c6687d65e9d882c8841f0fd",
			"slotId": "TacticalVest"
		},
		{
			"_id": "I21006442420799264fjzaqP",
			"_tpl": "57c44b372459772d2b39b8ce",
			"parentId": "5c6687d65e9d882c8841f0fd",
			"slotId": "FirstPrimaryWeapon"
		},
		{
			"_id": "I21006443676203686AWZCMM",
			"_tpl": "57c44dd02459772d2e0ae249",
			"parentId": "I21006442420799264fjzaqP",
			"slotId": "mod_muzzle"
		},
		{
			"_id": "I21006449791668513ioeKAe",
			"_tpl": "57c44f4f2459772d2c627113",
			"parentId": "I21006442420799264fjzaqP",
			"slotId": "mod_reciever"
		},
		{
			"_id": "MagazineWeaponScav4742",
			"_tpl": "57838f0b2459774a256959b2",
			"parentId": "I21006442420799264fjzaqP",
			"slotId": "mod_magazine"
		},
		{
			"_id": "AmmoMag13137",
			"_tpl": "57a0e5022459774d1673f889",
			"parentId": "MagazineWeaponScav4742",
			"slotId": "cartridges",
			"upd": {
				"StackObjectsCount": 10
			}
		},
		{
			"_id": "I210064493204083724NeJFH",
			"_tpl": "57c44fa82459772d2d75e415",
			"parentId": "I21006442420799264fjzaqP",
			"slotId": "mod_pistol_grip"
		},
		{
			"_id": "I21006449938217971Rju6mT",
			"_tpl": "57c450252459772d28133253",
			"parentId": "I21006442420799264fjzaqP",
			"slotId": "mod_stock"
		},
		{
			"_id": "I21006447533005487elvQPs",
			"_tpl": "57c44e7b2459772d28133248",
			"parentId": "I21006443676203686AWZCMM",
			"slotId": "mod_sight_rear",
			"upd": {
				"Sight": {
					"SelectedSightMode": 0
				}
			}
		},
		{
			"_id": "mag0Vest620212",
			"_tpl": "57838f0b2459774a256959b2",
			"parentId": "TacticalVest871417",
			"slotId": "3",
			"location": {
				"x": 0,
				"y": 1,
				"r": "Horizontal"
			}
		},
		{
			"_id": "AmmoMag0Vest160138",
			"_tpl": "57a0e5022459774d1673f889",
			"parentId": "mag0Vest620212",
			"slotId": "cartridges",
			"upd": {
				"StackObjectsCount": 10
			}
		},
		{
			"_id": "mag1Vest906407",
			"_tpl": "57838f0b2459774a256959b2",
			"parentId": "TacticalVest871417",
			"slotId": "5",
			"location": {
				"x": 0,
				"y": 0,
				"r": "Horizontal"
			}
		},
		{
			"_id": "AmmoMag1Vest997955",
			"_tpl": "57a0e5022459774d1673f889",
			"parentId": "mag1Vest906407",
			"slotId": "cartridges",
			"upd": {
				"StackObjectsCount": 10
			}
		},
		{
			"_id": "StackAmmo54963574212",
			"_tpl": "5c0d688c86f77413ae3407b2",
			"parentId": "TacticalVest871417",
			"slotId": "7",
			"upd": {
				"StackObjectsCount": 31
			}
		},
		{
			"_id": "Scabbard77264",
			"_tpl": "5bffdc370db834001d23eca8",
			"parentId": "5c6687d65e9d882c8841f0fd",
			"slotId": "Scabbard"
		},
		{
			"_id": "Headwear72208",
			"_tpl": "5c0d2727d174af02a012cf58",
			"parentId": "5c6687d65e9d882c8841f0fd",
			"slotId": "Headwear"
		},
		{
			"_id": "FaceCover433506",
			"_tpl": "572b7fa524597762b747ce82",
			"parentId": "5c6687d65e9d882c8841f0fd",
			"slotId": "FaceCover"
		},
		{
			"_id": "Backpack618655",
			"_tpl": "5ab8f04f86f774585f4237d8",
			"parentId": "5c6687d65e9d882c8841f0fd",
			"slotId": "Backpack"
		},
		{
			"_id": "BP_Backpack618655_584998",
			"_tpl": "5d403f9186f7743cac3f229b",
			"parentId": "Backpack618655",
			"slotId": "main",
			"location": {
				"x": 0,
				"y": 0,
				"r": "Horizontal"
			}
		},
		{
			"_id": "Pocket_368320",
			"_tpl": "590a3b0486f7743954552bdb",
			"parentId": "5c6687d65e9d882c8841f121",
			"slotId": "pocket1",
			"location": {
				"x": 0,
				"y": 0,
				"r": "Horizontal"
			},
			"upd": {
				"SpawnedInSession": true
			}
		}
	],
	"equipment": "5c6687d65e9d882c8841f0fd",
	"stash": "5c6687d65e9d882c8841f0fc",
	"questRaidItems": "5c6687d65e9d882c8841f0fe",
	"questStashItems": "5c6687d65e9d882c8841f0ff",
	"fastPanel": {}
}