{
	"items": [
		{
			"_id": "5dcb1de5d7ed5e035c439888",
			"_tpl": "55d7217a4bdc2d86028b456d"
		},
		{
			"_id": "5dcb1de5d7ed5e035c4398a8",
			"_tpl": "54491c4f4bdc2db1078b4568",
			"parentId": "5dcb1de5d7ed5e035c439888",
			"slotId": "FirstPrimaryWeapon"
		},
		{
			"_id": "5dcb1de5d7ed5e035c4398a9",
			"_tpl": "55d4491a4bdc2d882f8b456e",
			"parentId": "5dcb1de5d7ed5e035c4398a8",
			"slotId": "mod_barrel"
		},
		{
			"_id": "5dcb1de5d7ed5e035c4398aa",
			"_tpl": "55d45d3f4bdc2d972f8b456c",
			"parentId": "5dcb1de5d7ed5e035c4398a8",
			"slotId": "mod_handguard"
		},
		{
			"_id": "5dcb1de5d7ed5e035c4398ab",
			"_tpl": "56083cba4bdc2de22e8b456f",
			"parentId": "5dcb1de5d7ed5e035c4398a8",
			"slotId": "mod_stock"
		},
		{
			"_id": "5dcb1de5d7ed5e035c4398ac",
			"_tpl": "55d484b44bdc2d1d4e8b456d",
			"parentId": "5dcb1de5d7ed5e035c4398a8",
			"slotId": "mod_magazine"
		},
		{
			"_id": "5dcb1de5d7ed5e035c4398ad",
			"_tpl": "560d5e524bdc2d25448b4571",
			"parentId": "5dcb1de5d7ed5e035c4398ac",
			"slotId": "cartridges",
			"upd": {
				"StackObjectsCount": 6
			}
		},
		{
			"_id": "5dcb1de5d7ed5e035c4398ae",
			"_tpl": "560d5e524bdc2d25448b4571",
			"parentId": "5dcb1de5d7ed5e035c4398a8",
			"slotId": "patron_in_weapon",
			"upd": {
				"StackObjectsCount": 1
			}
		},
		{
			"_id": "5dcb1de5d7ed5e035c4398af",
			"_tpl": "557ffd194bdc2d28148b457f",
			"parentId": "5dcb1de5d7ed5e035c439888",
			"slotId": "Pockets"
		},
		{
			"_id": "5dcb1de5d7ed5e035c4398c2",
			"_tpl": "5bc9b156d4351e00367fbce9",
			"parentId": "5dcb1de5d7ed5e035c4398af",
			"slotId": "pocket1",
			"location": {
				"x": 0,
				"y": 0,
				"r": 0
			},
			"upd": {
				"FoodDrink": {
					"HpPercent": 64
				}
			}
		},
		{
			"_id": "5dcb1de5d7ed5e035c4398b0",
			"_tpl": "572b7adb24597762ae139821",
			"parentId": "5dcb1de5d7ed5e035c439888",
			"slotId": "TacticalVest"
		},
		{
			"_id": "5dcb1de5d7ed5e035c4398bd",
			"_tpl": "560d5e524bdc2d25448b4571",
			"parentId": "5dcb1de5d7ed5e035c4398b0",
			"slotId": "1",
			"location": {
				"x": 0,
				"y": 0,
				"r": 0
			},
			"upd": {
				"StackObjectsCount": 7
			}
		},
		{
			"_id": "5dcb1de5d7ed5e035c4398be",
			"_tpl": "560d5e524bdc2d25448b4571",
			"parentId": "5dcb1de5d7ed5e035c4398b0",
			"slotId": "2",
			"location": {
				"x": 0,
				"y": 0,
				"r": 0
			},
			"upd": {
				"StackObjectsCount": 7
			}
		},
		{
			"_id": "5dcb1de5d7ed5e035c4398bf",
			"_tpl": "560d5e524bdc2d25448b4571",
			"parentId": "5dcb1de5d7ed5e035c4398b0",
			"slotId": "2",
			"location": {
				"x": 0,
				"y": 1,
				"r": 0
			},
			"upd": {
				"StackObjectsCount": 10
			}
		},
		{
			"_id": "5dcb1de5d7ed5e035c4398c1",
			"_tpl": "57347da92459774491567cf5",
			"parentId": "5dcb1de5d7ed5e035c4398b0",
			"slotId": "3",
			"location": {
				"x": 0,
				"y": 1,
				"r": 0
			},
			"upd": {
				"FoodDrink": {
					"HpPercent": 1
				}
			}
		},
		{
			"_id": "5dcb1de5d7ed5e035c4398b1",
			"_tpl": "59e7708286f7742cbd762753",
			"parentId": "5dcb1de5d7ed5e035c439888",
			"slotId": "Headwear",
			"upd": {
				"Repairable": {
					"Durability": 1
				}
			}
		},
		{
			"_id": "5dcb1de5d7ed5e035c4398b2",
			"_tpl": "57e26fc7245977162a14b800",
			"parentId": "5dcb1de5d7ed5e035c439888",
			"slotId": "Scabbard"
		},
		{
			"_id": "5dcb1de5d7ed5e035c4398b3",
			"_tpl": "5857a8bc2459772bad15db29",
			"parentId": "5dcb1de5d7ed5e035c439888",
			"slotId": "SecuredContainer"
		},
		{
			"_id": "5dcb1de5d7ed5e035c4398b4",
			"_tpl": "560d5e524bdc2d25448b4571",
			"parentId": "5dcb1de5d7ed5e035c4398b3",
			"slotId": "main",
			"location": {
				"x": 0,
				"y": 0,
				"r": 0
			},
			"upd": {
				"StackObjectsCount": 20
			}
		},
		{
			"_id": "5dcb1de5d7ed5e035c4398b5",
			"_tpl": "560d5e524bdc2d25448b4571",
			"parentId": "5dcb1de5d7ed5e035c4398b3",
			"slotId": "main",
			"location": {
				"x": 1,
				"y": 0,
				"r": 0
			},
			"upd": {
				"StackObjectsCount": 20
			}
		},
		{
			"_id": "5dcb1de5d7ed5e035c4398b6",
			"_tpl": "560d5e524bdc2d25448b4571",
			"parentId": "5dcb1de5d7ed5e035c4398b3",
			"slotId": "main",
			"location": {
				"x": 2,
				"y": 0,
				"r": 0
			},
			"upd": {
				"StackObjectsCount": 20
			}
		},
		{
			"_id": "5dcb1de5d7ed5e035c4398b7",
			"_tpl": "560d5e524bdc2d25448b4571",
			"parentId": "5dcb1de5d7ed5e035c4398b3",
			"slotId": "main",
			"location": {
				"x": 0,
				"y": 1,
				"r": 0
			},
			"upd": {
				"StackObjectsCount": 20
			}
		},
		{
			"_id": "5dcb1de5d7ed5e035c4398b8",
			"_tpl": "560d5e524bdc2d25448b4571",
			"parentId": "5dcb1de5d7ed5e035c4398b3",
			"slotId": "main",
			"location": {
				"x": 1,
				"y": 1,
				"r": 0
			},
			"upd": {
				"StackObjectsCount": 20
			}
		},
		{
			"_id": "5dcb1de5d7ed5e035c4398b9",
			"_tpl": "560d5e524bdc2d25448b4571",
			"parentId": "5dcb1de5d7ed5e035c4398b3",
			"slotId": "main",
			"location": {
				"x": 2,
				"y": 1,
				"r": 0
			},
			"upd": {
				"StackObjectsCount": 20
			}
		},
		{
			"_id": "5dcb1de5d7ed5e035c4398ba",
			"_tpl": "560d5e524bdc2d25448b4571",
			"parentId": "5dcb1de5d7ed5e035c4398b3",
			"slotId": "main",
			"location": {
				"x": 0,
				"y": 2,
				"r": 0
			},
			"upd": {
				"StackObjectsCount": 20
			}
		},
		{
			"_id": "5dcb1de5d7ed5e035c4398bb",
			"_tpl": "560d5e524bdc2d25448b4571",
			"parentId": "5dcb1de5d7ed5e035c4398b3",
			"slotId": "main",
			"location": {
				"x": 1,
				"y": 2,
				"r": 0
			},
			"upd": {
				"StackObjectsCount": 20
			}
		},
		{
			"_id": "5dcb1de5d7ed5e035c4398bc",
			"_tpl": "560d5e524bdc2d25448b4571",
			"parentId": "5dcb1de5d7ed5e035c4398b3",
			"slotId": "main",
			"location": {
				"x": 2,
				"y": 2,
				"r": 0
			},
			"upd": {
				"StackObjectsCount": 20
			}
		},
		{
			"_id": "5dcb1de5d7ed5e035c439887",
			"_tpl": "566abbc34bdc2d92178b4576"
		},
		{
			"_id": "5dcb1de5d7ed5e035c43988a",
			"_tpl": "5963866b86f7747bfa1c4462"
		},
		{
			"_id": "5dcb1de5d7ed5e035c439889",
			"_tpl": "5963866286f7747bf429b572"
		}
	],
	"equipment": "5dcb1de5d7ed5e035c439888",
	"stash": "5dcb1de5d7ed5e035c439887",
	"questRaidItems": "5dcb1de5d7ed5e035c439889",
	"questStashItems": "5dcb1de5d7ed5e035c43988a",
	"fastPanel": {}
}