{
	"items": [
		{
			"_id": "5dcb1de5d7ed5e035c438cc7",
			"_tpl": "55d7217a4bdc2d86028b456d"
		},
		{
			"_id": "5dcb1de5d7ed5e035c438cef",
			"_tpl": "59d6088586f774275f37482f",
			"parentId": "5dcb1de5d7ed5e035c438cc7",
			"slotId": "FirstPrimaryWeapon"
		},
		{
			"_id": "5dcb1de5d7ed5e035c438cf0",
			"_tpl": "59d64ec286f774171d1e0a42",
			"parentId": "5dcb1de5d7ed5e035c438cef",
			"slotId": "mod_gas_block"
		},
		{
			"_id": "5dcb1de5d7ed5e035c438cf1",
			"_tpl": "59d64f2f86f77417193ef8b3",
			"parentId": "5dcb1de5d7ed5e035c438cf0",
			"slotId": "mod_handguard"
		},
		{
			"_id": "5dcb1de5d7ed5e035c438cf2",
			"_tpl": "59e62cc886f77440d40b52a1",
			"parentId": "5dcb1de5d7ed5e035c438cef",
			"slotId": "mod_pistol_grip"
		},
		{
			"_id": "5dcb1de5d7ed5e035c438cf3",
			"_tpl": "5d2c76ed48f03532f2136169",
			"parentId": "5dcb1de5d7ed5e035c438cef",
			"slotId": "mod_reciever"
		},
		{
			"_id": "5dcb1de5d7ed5e035c438cf4",
			"_tpl": "59d6514b86f774171a068a08",
			"parentId": "5dcb1de5d7ed5e035c438cef",
			"slotId": "mod_stock"
		},
		{
			"_id": "5dcb1de5d7ed5e035c438cf5",
			"_tpl": "59e5d83b86f7745aed03d262",
			"parentId": "5dcb1de5d7ed5e035c438cef",
			"slotId": "mod_magazine"
		},
		{
			"_id": "5dcb1de5d7ed5e035c438cf6",
			"_tpl": "5656d7c34bdc2d9d198b4587",
			"parentId": "5dcb1de5d7ed5e035c438cf5",
			"slotId": "cartridges",
			"upd": {
				"StackObjectsCount": 10
			}
		},
		{
			"_id": "5dcb1de5d7ed5e035c438cf7",
			"_tpl": "5656d7c34bdc2d9d198b4587",
			"parentId": "5dcb1de5d7ed5e035c438cef",
			"slotId": "patron_in_weapon",
			"upd": {
				"StackObjectsCount": 1
			}
		},
		{
			"_id": "5dcb1de5d7ed5e035c438cf8",
			"_tpl": "557ffd194bdc2d28148b457f",
			"parentId": "5dcb1de5d7ed5e035c438cc7",
			"slotId": "Pockets"
		},
		{
			"_id": "5dcb1de5d7ed5e035c438d0e",
			"_tpl": "5449016a4bdc2d6f028b456f",
			"parentId": "5dcb1de5d7ed5e035c438cf8",
			"slotId": "pocket1",
			"location": {
				"x": 0,
				"y": 0,
				"r": 0
			},
			"upd": {
				"StackObjectsCount": 10000
			}
		},
		{
			"_id": "5dcb1de5d7ed5e035c438cf9",
			"_tpl": "59e7643b86f7742cbf2c109a",
			"parentId": "5dcb1de5d7ed5e035c438cc7",
			"slotId": "TacticalVest"
		},
		{
			"_id": "5dcb1de5d7ed5e035c438d05",
			"_tpl": "59e5d83b86f7745aed03d262",
			"parentId": "5dcb1de5d7ed5e035c438cf9",
			"slotId": "1",
			"location": {
				"x": 0,
				"y": 0,
				"r": 0
			}
		},
		{
			"_id": "5dcb1de5d7ed5e035c438d06",
			"_tpl": "5656d7c34bdc2d9d198b4587",
			"parentId": "5dcb1de5d7ed5e035c438d05",
			"slotId": "cartridges",
			"upd": {
				"StackObjectsCount": 10
			}
		},
		{
			"_id": "5dcb1de5d7ed5e035c438d07",
			"_tpl": "59e5d83b86f7745aed03d262",
			"parentId": "5dcb1de5d7ed5e035c438cf9",
			"slotId": "1",
			"location": {
				"x": 1,
				"y": 0,
				"r": 0
			}
		},
		{
			"_id": "5dcb1de5d7ed5e035c438d08",
			"_tpl": "5656d7c34bdc2d9d198b4587",
			"parentId": "5dcb1de5d7ed5e035c438d07",
			"slotId": "cartridges",
			"upd": {
				"StackObjectsCount": 10
			}
		},
		{
			"_id": "5dcb1de5d7ed5e035c438d09",
			"_tpl": "59e5d83b86f7745aed03d262",
			"parentId": "5dcb1de5d7ed5e035c438cf9",
			"slotId": "1",
			"location": {
				"x": 0,
				"y": 1,
				"r": 0
			}
		},
		{
			"_id": "5dcb1de5d7ed5e035c438d0a",
			"_tpl": "5656d7c34bdc2d9d198b4587",
			"parentId": "5dcb1de5d7ed5e035c438d09",
			"slotId": "cartridges",
			"upd": {
				"StackObjectsCount": 10
			}
		},
		{
			"_id": "5dcb1de5d7ed5e035c438cfa",
			"_tpl": "59e770b986f7742cbd762754",
			"parentId": "5dcb1de5d7ed5e035c438cc7",
			"slotId": "Eyewear"
		},
		{
			"_id": "5dcb1de5d7ed5e035c438cfb",
			"_tpl": "5857a8bc2459772bad15db29",
			"parentId": "5dcb1de5d7ed5e035c438cc7",
			"slotId": "SecuredContainer"
		},
		{
			"_id": "5dcb1de5d7ed5e035c438cfc",
			"_tpl": "5656d7c34bdc2d9d198b4587",
			"parentId": "5dcb1de5d7ed5e035c438cfb",
			"slotId": "main",
			"location": {
				"x": 0,
				"y": 0,
				"r": 0
			},
			"upd": {
				"StackObjectsCount": 60
			}
		},
		{
			"_id": "5dcb1de5d7ed5e035c438cfd",
			"_tpl": "5656d7c34bdc2d9d198b4587",
			"parentId": "5dcb1de5d7ed5e035c438cfb",
			"slotId": "main",
			"location": {
				"x": 1,
				"y": 0,
				"r": 0
			},
			"upd": {
				"StackObjectsCount": 60
			}
		},
		{
			"_id": "5dcb1de5d7ed5e035c438cfe",
			"_tpl": "5656d7c34bdc2d9d198b4587",
			"parentId": "5dcb1de5d7ed5e035c438cfb",
			"slotId": "main",
			"location": {
				"x": 2,
				"y": 0,
				"r": 0
			},
			"upd": {
				"StackObjectsCount": 60
			}
		},
		{
			"_id": "5dcb1de5d7ed5e035c438cff",
			"_tpl": "5656d7c34bdc2d9d198b4587",
			"parentId": "5dcb1de5d7ed5e035c438cfb",
			"slotId": "main",
			"location": {
				"x": 0,
				"y": 1,
				"r": 0
			},
			"upd": {
				"StackObjectsCount": 60
			}
		},
		{
			"_id": "5dcb1de5d7ed5e035c438d00",
			"_tpl": "5656d7c34bdc2d9d198b4587",
			"parentId": "5dcb1de5d7ed5e035c438cfb",
			"slotId": "main",
			"location": {
				"x": 1,
				"y": 1,
				"r": 0
			},
			"upd": {
				"StackObjectsCount": 60
			}
		},
		{
			"_id": "5dcb1de5d7ed5e035c438d01",
			"_tpl": "5656d7c34bdc2d9d198b4587",
			"parentId": "5dcb1de5d7ed5e035c438cfb",
			"slotId": "main",
			"location": {
				"x": 2,
				"y": 1,
				"r": 0
			},
			"upd": {
				"StackObjectsCount": 60
			}
		},
		{
			"_id": "5dcb1de5d7ed5e035c438d02",
			"_tpl": "5656d7c34bdc2d9d198b4587",
			"parentId": "5dcb1de5d7ed5e035c438cfb",
			"slotId": "main",
			"location": {
				"x": 0,
				"y": 2,
				"r": 0
			},
			"upd": {
				"StackObjectsCount": 60
			}
		},
		{
			"_id": "5dcb1de5d7ed5e035c438d03",
			"_tpl": "5656d7c34bdc2d9d198b4587",
			"parentId": "5dcb1de5d7ed5e035c438cfb",
			"slotId": "main",
			"location": {
				"x": 1,
				"y": 2,
				"r": 0
			},
			"upd": {
				"StackObjectsCount": 60
			}
		},
		{
			"_id": "5dcb1de5d7ed5e035c438d04",
			"_tpl": "5656d7c34bdc2d9d198b4587",
			"parentId": "5dcb1de5d7ed5e035c438cfb",
			"slotId": "main",
			"location": {
				"x": 2,
				"y": 2,
				"r": 0
			},
			"upd": {
				"StackObjectsCount": 60
			}
		},
		{
			"_id": "5dcb1de5d7ed5e035c438cc6",
			"_tpl": "566abbc34bdc2d92178b4576"
		},
		{
			"_id": "5dcb1de5d7ed5e035c438cc9",
			"_tpl": "5963866b86f7747bfa1c4462"
		},
		{
			"_id": "5dcb1de5d7ed5e035c438cc8",
			"_tpl": "5963866286f7747bf429b572"
		}
	],
	"equipment": "5dcb1de5d7ed5e035c438cc7",
	"stash": "5dcb1de5d7ed5e035c438cc6",
	"questRaidItems": "5dcb1de5d7ed5e035c438cc8",
	"questStashItems": "5dcb1de5d7ed5e035c438cc9",
	"fastPanel": {}
}