{
	"items": [
		{
			"_id": "5dcb1df6171ac3579029b003",
			"_tpl": "55d7217a4bdc2d86028b456d"
		},
		{
			"_id": "5dcb1df6171ac3579029b021",
			"_tpl": "5a38e6bac4a2826c6e06d79b",
			"parentId": "5dcb1df6171ac3579029b003",
			"slotId": "FirstPrimaryWeapon"
		},
		{
			"_id": "5dcb1df6171ac3579029b022",
			"_tpl": "5a38ef1fc4a282000b1521f6",
			"parentId": "5dcb1df6171ac3579029b021",
			"slotId": "mod_stock"
		},
		{
			"_id": "5dcb1df6171ac3579029b023",
			"_tpl": "5a38eecdc4a282329a73b512",
			"parentId": "5dcb1df6171ac3579029b022",
			"slotId": "mod_pistol_grip"
		},
		{
			"_id": "5dcb1df6171ac3579029b024",
			"_tpl": "5a38ee51c4a282000c5a955c",
			"parentId": "5dcb1df6171ac3579029b021",
			"slotId": "mod_magazine"
		},
		{
			"_id": "5dcb1df6171ac3579029b025",
			"_tpl": "5a38ebd9c4a282000d722a5b",
			"parentId": "5dcb1df6171ac3579029b024",
			"slotId": "cartridges",
			"upd": {
				"StackObjectsCount": 2
			}
		},
		{
			"_id": "5dcb1df6171ac3579029b026",
			"_tpl": "5a38ebd9c4a282000d722a5b",
			"parentId": "5dcb1df6171ac3579029b021",
			"slotId": "patron_in_weapon",
			"upd": {
				"StackObjectsCount": 1
			}
		},
		{
			"_id": "5dcb1df6171ac3579029b027",
			"_tpl": "557ffd194bdc2d28148b457f",
			"parentId": "5dcb1df6171ac3579029b003",
			"slotId": "Pockets"
		},
		{
			"_id": "5dcb1df6171ac3579029b03c",
			"_tpl": "5751a25924597722c463c472",
			"parentId": "5dcb1df6171ac3579029b027",
			"slotId": "pocket1",
			"location": {
				"x": 0,
				"y": 0,
				"r": 0
			},
			"upd": {
				"MedKit": {
					"HpResource": 1
				}
			}
		},
		{
			"_id": "5dcb1df6171ac3579029b028",
			"_tpl": "572b7adb24597762ae139821",
			"parentId": "5dcb1df6171ac3579029b003",
			"slotId": "TacticalVest"
		},
		{
			"_id": "5dcb1df6171ac3579029b035",
			"_tpl": "5a38ee51c4a282000c5a955c",
			"parentId": "5dcb1df6171ac3579029b028",
			"slotId": "1",
			"location": {
				"x": 0,
				"y": 0,
				"r": 0
			}
		},
		{
			"_id": "5dcb1df6171ac3579029b036",
			"_tpl": "5a38ebd9c4a282000d722a5b",
			"parentId": "5dcb1df6171ac3579029b035",
			"slotId": "cartridges",
			"upd": {
				"StackObjectsCount": 2
			}
		},
		{
			"_id": "5dcb1df6171ac3579029b037",
			"_tpl": "5a38ee51c4a282000c5a955c",
			"parentId": "5dcb1df6171ac3579029b028",
			"slotId": "2",
			"location": {
				"x": 0,
				"y": 0,
				"r": 0
			}
		},
		{
			"_id": "5dcb1df6171ac3579029b038",
			"_tpl": "5a38ebd9c4a282000d722a5b",
			"parentId": "5dcb1df6171ac3579029b037",
			"slotId": "cartridges",
			"upd": {
				"StackObjectsCount": 2
			}
		},
		{
			"_id": "5dcb1df6171ac3579029b03b",
			"_tpl": "57513f07245977207e26a311",
			"parentId": "5dcb1df6171ac3579029b028",
			"slotId": "3",
			"location": {
				"x": 0,
				"y": 0,
				"r": 0
			},
			"upd": {
				"FoodDrink": {
					"HpPercent": 20
				}
			}
		},
		{
			"_id": "5dcb1df6171ac3579029b029",
			"_tpl": "59e7708286f7742cbd762753",
			"parentId": "5dcb1df6171ac3579029b003",
			"slotId": "Headwear",
			"upd": {
				"Repairable": {
					"Durability": 1
				}
			}
		},
		{
			"_id": "5dcb1df6171ac3579029b02a",
			"_tpl": "57e26fc7245977162a14b800",
			"parentId": "5dcb1df6171ac3579029b003",
			"slotId": "Scabbard"
		},
		{
			"_id": "5dcb1df6171ac3579029b02b",
			"_tpl": "5857a8bc2459772bad15db29",
			"parentId": "5dcb1df6171ac3579029b003",
			"slotId": "SecuredContainer"
		},
		{
			"_id": "5dcb1df6171ac3579029b02c",
			"_tpl": "5a38ebd9c4a282000d722a5b",
			"parentId": "5dcb1df6171ac3579029b02b",
			"slotId": "main",
			"location": {
				"x": 0,
				"y": 0,
				"r": 0
			},
			"upd": {
				"StackObjectsCount": 20
			}
		},
		{
			"_id": "5dcb1df6171ac3579029b02d",
			"_tpl": "5a38ebd9c4a282000d722a5b",
			"parentId": "5dcb1df6171ac3579029b02b",
			"slotId": "main",
			"location": {
				"x": 1,
				"y": 0,
				"r": 0
			},
			"upd": {
				"StackObjectsCount": 20
			}
		},
		{
			"_id": "5dcb1df6171ac3579029b02e",
			"_tpl": "5a38ebd9c4a282000d722a5b",
			"parentId": "5dcb1df6171ac3579029b02b",
			"slotId": "main",
			"location": {
				"x": 2,
				"y": 0,
				"r": 0
			},
			"upd": {
				"StackObjectsCount": 20
			}
		},
		{
			"_id": "5dcb1df6171ac3579029b02f",
			"_tpl": "5a38ebd9c4a282000d722a5b",
			"parentId": "5dcb1df6171ac3579029b02b",
			"slotId": "main",
			"location": {
				"x": 0,
				"y": 1,
				"r": 0
			},
			"upd": {
				"StackObjectsCount": 20
			}
		},
		{
			"_id": "5dcb1df6171ac3579029b030",
			"_tpl": "5a38ebd9c4a282000d722a5b",
			"parentId": "5dcb1df6171ac3579029b02b",
			"slotId": "main",
			"location": {
				"x": 1,
				"y": 1,
				"r": 0
			},
			"upd": {
				"StackObjectsCount": 20
			}
		},
		{
			"_id": "5dcb1df6171ac3579029b031",
			"_tpl": "5a38ebd9c4a282000d722a5b",
			"parentId": "5dcb1df6171ac3579029b02b",
			"slotId": "main",
			"location": {
				"x": 2,
				"y": 1,
				"r": 0
			},
			"upd": {
				"StackObjectsCount": 20
			}
		},
		{
			"_id": "5dcb1df6171ac3579029b032",
			"_tpl": "5a38ebd9c4a282000d722a5b",
			"parentId": "5dcb1df6171ac3579029b02b",
			"slotId": "main",
			"location": {
				"x": 0,
				"y": 2,
				"r": 0
			},
			"upd": {
				"StackObjectsCount": 20
			}
		},
		{
			"_id": "5dcb1df6171ac3579029b033",
			"_tpl": "5a38ebd9c4a282000d722a5b",
			"parentId": "5dcb1df6171ac3579029b02b",
			"slotId": "main",
			"location": {
				"x": 1,
				"y": 2,
				"r": 0
			},
			"upd": {
				"StackObjectsCount": 20
			}
		},
		{
			"_id": "5dcb1df6171ac3579029b034",
			"_tpl": "5a38ebd9c4a282000d722a5b",
			"parentId": "5dcb1df6171ac3579029b02b",
			"slotId": "main",
			"location": {
				"x": 2,
				"y": 2,
				"r": 0
			},
			"upd": {
				"StackObjectsCount": 20
			}
		},
		{
			"_id": "5dcb1df6171ac3579029b002",
			"_tpl": "566abbc34bdc2d92178b4576"
		},
		{
			"_id": "5dcb1df6171ac3579029b005",
			"_tpl": "5963866b86f7747bfa1c4462"
		},
		{
			"_id": "5dcb1df6171ac3579029b004",
			"_tpl": "5963866286f7747bf429b572"
		}
	],
	"equipment": "5dcb1df6171ac3579029b003",
	"stash": "5dcb1df6171ac3579029b002",
	"questRaidItems": "5dcb1df6171ac3579029b004",
	"questStashItems": "5dcb1df6171ac3579029b005",
	"fastPanel": {}
}