{
	"items": [
		{
			"_id": "5c6687d65e9d882c8841f0fd",
			"_tpl": "55d7217a4bdc2d86028b456d"
		},
		{
			"_id": "5c6687d65e9d882c8841f121",
			"_tpl": "557ffd194bdc2d28148b457f",
			"parentId": "5c6687d65e9d882c8841f0fd",
			"slotId": "Pockets"
		},
		{
			"_id": "5c6687d65e9d882c8841f0fc",
			"_tpl": "566abbc34bdc2d92178b4576"
		},
		{
			"_id": "5c6687d65e9d882c8841f0ff",
			"_tpl": "5963866b86f7747bfa1c4462"
		},
		{
			"_id": "5c6687d65e9d882c8841f0fe",
			"_tpl": "5963866286f7747bf429b572"
		},
		{
			"_id": "TacticalVest896705",
			"_tpl": "5c0e9f2c86f77432297fe0a3",
			"parentId": "5c6687d65e9d882c8841f0fd",
			"slotId": "TacticalVest"
		},
		{
			"_id": "I21320920636741808852tD2",
			"_tpl": "5c07c60e0db834002330051f",
			"parentId": "5c6687d65e9d882c8841f0fd",
			"slotId": "FirstPrimaryWeapon"
		},
		{
			"_id": "I213209207122471973WkFnD",
			"_tpl": "5c0e2ff6d174af02a1659d4a",
			"parentId": "I21320920636741808852tD2",
			"slotId": "mod_pistol_grip"
		},
		{
			"_id": "I213209209863401879PNIJZ",
			"_tpl": "5c0e2f26d174af02a9625114",
			"parentId": "I21320920636741808852tD2",
			"slotId": "mod_reciever"
		},
		{
			"_id": "I213209201860495926TeVe3",
			"_tpl": "5649be884bdc2d79388b4577",
			"parentId": "I21320920636741808852tD2",
			"slotId": "mod_stock"
		},
		{
			"_id": "I213209202185334406vET3j",
			"_tpl": "5c0faf68d174af02a96260b8",
			"parentId": "I21320920636741808852tD2",
			"slotId": "mod_charge"
		},
		{
			"_id": "I213209202851743737k58QR",
			"_tpl": "584984812459776a704a82a6",
			"parentId": "I213209209863401879PNIJZ",
			"slotId": "mod_scope",
			"upd": {
				"Sight": {
					"SelectedSightMode": 0
				}
			}
		},
		{
			"_id": "I213209206193574857H82J0",
			"_tpl": "5c0e2f94d174af029f650d56",
			"parentId": "I213209209863401879PNIJZ",
			"slotId": "mod_barrel"
		},
		{
			"_id": "I213209207695800390xs3iP",
			"_tpl": "5c0e2f5cd174af02a012cfc9",
			"parentId": "I213209209863401879PNIJZ",
			"slotId": "mod_handguard"
		},
		{
			"_id": "I213209209336921840j7tRL",
			"_tpl": "5c0fafb6d174af02a96260ba",
			"parentId": "I213209206193574857H82J0",
			"slotId": "mod_muzzle"
		},
		{
			"_id": "I213209208744200084huUT5",
			"_tpl": "5ae30e795acfc408fb139a0b",
			"parentId": "I213209206193574857H82J0",
			"slotId": "mod_gas_block"
		},
		{
			"_id": "I210016101782840201FfSza",
			"_tpl": "5448bd6b4bdc2dfc2f8b4569",
			"parentId": "5c6687d65e9d882c8841f0fd",
			"slotId": "Holster"
		},
		{
			"_id": "AmmoMag161266",
			"_tpl": "57372140245977611f70ee91",
			"parentId": "I210016108228972218lshfS",
			"slotId": "cartridges",
			"upd": {
				"StackObjectsCount": 8
			}
		},
		{
			"_id": "I210016108228972218lshfS",
			"_tpl": "5448c12b4bdc2d02308b456f",
			"parentId": "I210016101782840201FfSza",
			"slotId": "mod_magazine"
		},
		{
			"_id": "mag0Vest554490",
			"_tpl": "5c6d42cb2e2216000e69d7d1",
			"parentId": "TacticalVest896705",
			"slotId": "1",
			"location": {
				"x": 0,
				"y": 0,
				"r": "Horizontal"
			}
		},
		{
			"_id": "AmmoMag0Vest610139",
			"_tpl": "59e6918f86f7746c9f75e849",
			"parentId": "mag0Vest554490",
			"slotId": "cartridges",
			"upd": {
				"StackObjectsCount": 30
			}
		},
		{
			"_id": "mag4Vest564086",
			"_tpl": "5c6d42cb2e2216000e69d7d1",
			"parentId": "TacticalVest896705",
			"slotId": "6",
			"location": {
				"x": 0,
				"y": 0,
				"r": "Horizontal"
			}
		},
		{
			"_id": "AmmoMag4Vest570244",
			"_tpl": "59e6927d86f77411da468256",
			"parentId": "mag4Vest564086",
			"slotId": "cartridges",
			"upd": {
				"StackObjectsCount": 30
			}
		},
		{
			"_id": "mag5Vest654175",
			"_tpl": "5c6d42cb2e2216000e69d7d1",
			"parentId": "TacticalVest896705",
			"slotId": "8",
			"location": {
				"x": 0,
				"y": 0,
				"r": "Horizontal"
			}
		},
		{
			"_id": "AmmoMag5Vest406361",
			"_tpl": "59e6920f86f77411d82aa167",
			"parentId": "mag5Vest654175",
			"slotId": "cartridges",
			"upd": {
				"StackObjectsCount": 30
			}
		},
		{
			"_id": "magP1Vest54726",
			"_tpl": "55d485be4bdc2d962f8b456f",
			"parentId": "TacticalVest896705",
			"slotId": "3",
			"location": {
				"x": 0,
				"y": 0,
				"r": "Horizontal"
			}
		},
		{
			"_id": "AmmoMagPVest2243",
			"_tpl": "5737201124597760fc4431f1",
			"parentId": "magP1Vest54726",
			"slotId": "cartridges",
			"upd": {
				"StackObjectsCount": 84
			}
		},
		{
			"_id": "magP2Vest86600",
			"_tpl": "55d485be4bdc2d962f8b456f",
			"parentId": "TacticalVest896705",
			"slotId": "5",
			"location": {
				"x": 0,
				"y": 0,
				"r": "Horizontal"
			}
		},
		{
			"_id": "AmmoMagPVest519075",
			"_tpl": "57371f8d24597761006c6a81",
			"parentId": "magP2Vest86600",
			"slotId": "cartridges",
			"upd": {
				"StackObjectsCount": 84
			}
		},
		{
			"_id": "Scabbard367733",
			"_tpl": "54491bb74bdc2d09088b4567",
			"parentId": "5c6687d65e9d882c8841f0fd",
			"slotId": "Scabbard"
		},
		{
			"_id": "Eyewear690337",
			"_tpl": "5aa2b9aee5b5b00015693121",
			"parentId": "5c6687d65e9d882c8841f0fd",
			"slotId": "Eyewear"
		},
		{
			"_id": "Backpack742162",
			"_tpl": "544a5cde4bdc2d39388b456b",
			"parentId": "5c6687d65e9d882c8841f0fd",
			"slotId": "Backpack"
		},
		{
			"_id": "BP_Backpack742162_752283",
			"_tpl": "5c12620d86f7743f8b198b72",
			"parentId": "Backpack742162",
			"slotId": "main",
			"location": {
				"x": 0,
				"y": 0,
				"r": "Horizontal"
			}
		},
		{
			"_id": "BP_Backpack742162_419129",
			"_tpl": "5e2af00086f7746d3f3c33f7",
			"parentId": "Backpack742162",
			"slotId": "main",
			"location": {
				"x": 0,
				"y": 2,
				"r": "Horizontal"
			}
		},
		{
			"_id": "BP_Backpack742162_961049",
			"_tpl": "5a7c74b3e899ef0014332c29",
			"parentId": "Backpack742162",
			"slotId": "main",
			"location": {
				"x": 1,
				"y": 0,
				"r": "Horizontal"
			}
		},
		{
			"_id": "BP_Backpack742162_892041",
			"_tpl": "5e2aef7986f7746d3f3c33f5",
			"parentId": "Backpack742162",
			"slotId": "main",
			"location": {
				"x": 1,
				"y": 1,
				"r": "Horizontal"
			}
		},
		{
			"_id": "ArmorVest547962",
			"_tpl": "5b44d22286f774172b0c9de8",
			"parentId": "5c6687d65e9d882c8841f0fd",
			"slotId": "ArmorVest",
			"upd": {
				"Repairable": {
					"MaxDurability": 70,
					"Durability": 7
				}
			}
		},
		{
			"_id": "Pocket_759090",
			"_tpl": "5e2aedd986f7746d404f3aa4",
			"parentId": "5c6687d65e9d882c8841f121",
			"slotId": "pocket1",
			"location": {
				"x": 0,
				"y": 0,
				"r": "Horizontal"
			},
			"upd": {
				"SpawnedInSession": true
			}
		}
	],
	"equipment": "5c6687d65e9d882c8841f0fd",
	"stash": "5c6687d65e9d882c8841f0fc",
	"questRaidItems": "5c6687d65e9d882c8841f0fe",
	"questStashItems": "5c6687d65e9d882c8841f0ff",
	"fastPanel": {}
}