{
	"items": [
		{
			"_id": "5c6687d65e9d882c8841f0fd",
			"_tpl": "55d7217a4bdc2d86028b456d"
		},
		{
			"_id": "5c6687d65e9d882c8841f121",
			"_tpl": "557ffd194bdc2d28148b457f",
			"parentId": "5c6687d65e9d882c8841f0fd",
			"slotId": "Pockets"
		},
		{
			"_id": "5c6687d65e9d882c8841f0fc",
			"_tpl": "566abbc34bdc2d92178b4576"
		},
		{
			"_id": "5c6687d65e9d882c8841f0ff",
			"_tpl": "5963866b86f7747bfa1c4462"
		},
		{
			"_id": "5c6687d65e9d882c8841f0fe",
			"_tpl": "5963866286f7747bf429b572"
		},
		{
			"_id": "TacticalVest610946",
			"_tpl": "544a5caa4bdc2d1a388b4568",
			"parentId": "5c6687d65e9d882c8841f0fd",
			"slotId": "TacticalVest"
		},
		{
			"_id": "I210049337428853527kmWNO",
			"_tpl": "5a0ec13bfcdbcb00165aa685",
			"parentId": "5c6687d65e9d882c8841f0fd",
			"slotId": "FirstPrimaryWeapon"
		},
		{
			"_id": "I210049331249444390LODOt",
			"_tpl": "59d64ec286f774171d1e0a42",
			"parentId": "I210049337428853527kmWNO",
			"slotId": "mod_gas_block"
		},
		{
			"_id": "I210049333834946701ebAUj",
			"_tpl": "59d64fc686f774171b243fe2",
			"parentId": "I210049337428853527kmWNO",
			"slotId": "mod_muzzle"
		},
		{
			"_id": "I210049331187558035paNc2",
			"_tpl": "59e62cc886f77440d40b52a1",
			"parentId": "I210049337428853527kmWNO",
			"slotId": "mod_pistol_grip"
		},
		{
			"_id": "I210049334447998954DgA41",
			"_tpl": "59d6507c86f7741b846413a2",
			"parentId": "I210049337428853527kmWNO",
			"slotId": "mod_reciever"
		},
		{
			"_id": "I210049331494089981RGlbg",
			"_tpl": "59d650cf86f7741b846413a4",
			"parentId": "I210049337428853527kmWNO",
			"slotId": "mod_sight_rear",
			"upd": {
				"Sight": {
					"SelectedSightMode": 0
				}
			}
		},
		{
			"_id": "I210049338297097927alfHG",
			"_tpl": "59d64f2f86f77417193ef8b3",
			"parentId": "I210049331249444390LODOt",
			"slotId": "mod_handguard"
		},
		{
			"_id": "mag0Vest493827",
			"_tpl": "5b1fd4e35acfc40018633c39",
			"parentId": "TacticalVest610946",
			"slotId": "1",
			"location": {
				"x": 0,
				"y": 0,
				"r": "Horizontal"
			}
		},
		{
			"_id": "AmmoMag0Vest437407",
			"_tpl": "59e4d3d286f774176a36250a",
			"parentId": "mag0Vest493827",
			"slotId": "cartridges",
			"upd": {
				"StackObjectsCount": 10
			}
		},
		{
			"_id": "mag3Vest414594",
			"_tpl": "5b1fd4e35acfc40018633c39",
			"parentId": "TacticalVest610946",
			"slotId": "11",
			"location": {
				"x": 0,
				"y": 0,
				"r": "Horizontal"
			}
		},
		{
			"_id": "AmmoMag3Vest867818",
			"_tpl": "59e4d24686f7741776641ac7",
			"parentId": "mag3Vest414594",
			"slotId": "cartridges",
			"upd": {
				"StackObjectsCount": 10
			}
		},
		{
			"_id": "mag0Vest557933",
			"_tpl": "5b1fd4e35acfc40018633c39",
			"parentId": "TacticalVest610946",
			"slotId": "5",
			"location": {
				"x": 1,
				"y": 0,
				"r": "Horizontal"
			}
		},
		{
			"_id": "AmmoMag0Vest679737",
			"_tpl": "5656d7c34bdc2d9d198b4587",
			"parentId": "mag0Vest557933",
			"slotId": "cartridges",
			"upd": {
				"StackObjectsCount": 10
			}
		},
		{
			"_id": "StackAmmo99775899664",
			"_tpl": "5656d7c34bdc2d9d198b4587",
			"parentId": "TacticalVest610946",
			"slotId": "9",
			"upd": {
				"StackObjectsCount": 14
			}
		},
		{
			"_id": "Scabbard546085",
			"_tpl": "57e26fc7245977162a14b800",
			"parentId": "5c6687d65e9d882c8841f0fd",
			"slotId": "Scabbard"
		},
		{
			"_id": "Headwear773649",
			"_tpl": "5aa2ba46e5b5b000137b758d",
			"parentId": "5c6687d65e9d882c8841f0fd",
			"slotId": "Headwear"
		},
		{
			"_id": "Eyewear865749",
			"_tpl": "5d6d2ef3a4b93618084f58bd",
			"parentId": "5c6687d65e9d882c8841f0fd",
			"slotId": "Eyewear"
		},
		{
			"_id": "FaceCover119330",
			"_tpl": "59e7715586f7742ee5789605",
			"parentId": "5c6687d65e9d882c8841f0fd",
			"slotId": "FaceCover"
		},
		{
			"_id": "Backpack513992",
			"_tpl": "5ab8f04f86f774585f4237d8",
			"parentId": "5c6687d65e9d882c8841f0fd",
			"slotId": "Backpack"
		},
		{
			"_id": "BP_Backpack513992_177555",
			"_tpl": "59e358a886f7741776641ac3",
			"parentId": "Backpack513992",
			"slotId": "main",
			"location": {
				"x": 0,
				"y": 0,
				"r": "Horizontal"
			}
		},
		{
			"_id": "BP_Backpack513992_609535",
			"_tpl": "567143bf4bdc2d1a0f8b4567",
			"parentId": "Backpack513992",
			"slotId": "main",
			"location": {
				"x": 1,
				"y": 0,
				"r": "Horizontal"
			}
		},
		{
			"_id": "Pocket_711193",
			"_tpl": "5c1e495a86f7743109743dfb",
			"parentId": "5c6687d65e9d882c8841f121",
			"slotId": "pocket1",
			"location": {
				"x": 0,
				"y": 0,
				"r": "Horizontal"
			},
			"upd": {
				"SpawnedInSession": true
			}
		},
		{
			"_id": "Pocket_151276",
			"_tpl": "5a0448bc86f774736f14efa8",
			"parentId": "5c6687d65e9d882c8841f121",
			"slotId": "pocket2",
			"location": {
				"x": 0,
				"y": 0,
				"r": "Horizontal"
			},
			"upd": {
				"SpawnedInSession": true
			}
		},
		{
			"_id": "Pocket_12614",
			"_tpl": "5c05300686f7746dce784e5d",
			"parentId": "5c6687d65e9d882c8841f121",
			"slotId": "pocket3",
			"location": {
				"x": 0,
				"y": 0,
				"r": "Horizontal"
			},
			"upd": {
				"SpawnedInSession": true
			}
		}
	],
	"equipment": "5c6687d65e9d882c8841f0fd",
	"stash": "5c6687d65e9d882c8841f0fc",
	"questRaidItems": "5c6687d65e9d882c8841f0fe",
	"questStashItems": "5c6687d65e9d882c8841f0ff",
	"fastPanel": {}
}