{
	"items": [
		{
			"_id": "5dcb1dc4fb81105cd85bda8f",
			"_tpl": "55d7217a4bdc2d86028b456d"
		},
		{
			"_id": "5dcb1dc4fb81105cd85bdaa8",
			"_tpl": "5bf3e03b0db834001d2c4a9c",
			"parentId": "5dcb1dc4fb81105cd85bda8f",
			"slotId": "FirstPrimaryWeapon",
			"upd": {
				"FireMode": {
					"FireMode": "single"
				}
			}
		},
		{
			"_id": "5dcb1dc4fb81105cd85bdaa9",
			"_tpl": "59c6633186f7740cf0493bb9",
			"parentId": "5dcb1dc4fb81105cd85bdaa8",
			"slotId": "mod_gas_block"
		},
		{
			"_id": "5dcb1dc4fb81105cd85bdaaa",
			"_tpl": "5648b0744bdc2d363b8b4578",
			"parentId": "5dcb1dc4fb81105cd85bdaa9",
			"slotId": "mod_handguard"
		},
		{
			"_id": "5dcb1dc4fb81105cd85bdaab",
			"_tpl": "5649aa744bdc2ded0b8b457e",
			"parentId": "5dcb1dc4fb81105cd85bdaa8",
			"slotId": "mod_muzzle"
		},
		{
			"_id": "5dcb1dc4fb81105cd85bdaac",
			"_tpl": "57e3dba62459770f0c32322b",
			"parentId": "5dcb1dc4fb81105cd85bdaa8",
			"slotId": "mod_pistol_grip"
		},
		{
			"_id": "5dcb1dc4fb81105cd85bdaad",
			"_tpl": "5649af094bdc2df8348b4586",
			"parentId": "5dcb1dc4fb81105cd85bdaa8",
			"slotId": "mod_reciever"
		},
		{
			"_id": "5dcb1dc4fb81105cd85bdaae",
			"_tpl": "5649b0544bdc2d1b2b8b458a",
			"parentId": "5dcb1dc4fb81105cd85bdaa8",
			"slotId": "mod_sight_rear"
		},
		{
			"_id": "5dcb1dc4fb81105cd85bdaaf",
			"_tpl": "5649b1c04bdc2d16268b457c",
			"parentId": "5dcb1dc4fb81105cd85bdaa8",
			"slotId": "mod_stock"
		},
		{
			"_id": "5dcb1dc4fb81105cd85bdab1",
			"_tpl": "55d480c04bdc2d1d4e8b456a",
			"parentId": "5dcb1dc4fb81105cd85bdaa8",
			"slotId": "mod_magazine"
		},
		{
			"_id": "5dcb1dc4fb81105cd85bdab2",
			"_tpl": "56dff3afd2720bba668b4567",
			"parentId": "5dcb1dc4fb81105cd85bdab1",
			"slotId": "cartridges",
			"upd": {
				"StackObjectsCount": 30
			}
		},
		{
			"_id": "5dcb1dc4fb81105cd85bdab3",
			"_tpl": "557ffd194bdc2d28148b457f",
			"parentId": "5dcb1dc4fb81105cd85bda8f",
			"slotId": "Pockets"
		},
		{
			"_id": "5dcb1dc4fb81105cd85bdacb",
			"_tpl": "57347d692459774491567cf1",
			"parentId": "5dcb1dc4fb81105cd85bdab3",
			"slotId": "pocket1",
			"location": {
				"x": 0,
				"y": 0,
				"r": 0
			},
			"upd": {
				"FoodDrink": {
					"HpPercent": 1
				}
			}
		},
		{
			"_id": "5dcb1dc4fb81105cd85bdab4",
			"_tpl": "572b7adb24597762ae139821",
			"parentId": "5dcb1dc4fb81105cd85bda8f",
			"slotId": "TacticalVest"
		},
		{
			"_id": "5dcb1dc4fb81105cd85bdac2",
			"_tpl": "55d480c04bdc2d1d4e8b456a",
			"parentId": "5dcb1dc4fb81105cd85bdab4",
			"slotId": "2",
			"location": {
				"x": 0,
				"y": 0,
				"r": 0
			}
		},
		{
			"_id": "5dcb1dc4fb81105cd85bdac3",
			"_tpl": "56dff3afd2720bba668b4567",
			"parentId": "5dcb1dc4fb81105cd85bdac2",
			"slotId": "cartridges",
			"upd": {
				"StackObjectsCount": 30
			}
		},
		{
			"_id": "5dcb1dc4fb81105cd85bdab5",
			"_tpl": "59e7715586f7742ee5789605",
			"parentId": "5dcb1dc4fb81105cd85bda8f",
			"slotId": "FaceCover"
		},
		{
			"_id": "5dcb1dc4fb81105cd85bdab6",
			"_tpl": "59e770f986f7742cbe3164ef",
			"parentId": "5dcb1dc4fb81105cd85bda8f",
			"slotId": "Headwear"
		},
		{
			"_id": "5dcb1dc4fb81105cd85bdab7",
			"_tpl": "57e26fc7245977162a14b800",
			"parentId": "5dcb1dc4fb81105cd85bda8f",
			"slotId": "Scabbard"
		},
		{
			"_id": "5dcb1dc4fb81105cd85bdab8",
			"_tpl": "5857a8bc2459772bad15db29",
			"parentId": "5dcb1dc4fb81105cd85bda8f",
			"slotId": "SecuredContainer"
		},
		{
			"_id": "5dcb1dc4fb81105cd85bdab9",
			"_tpl": "56dff3afd2720bba668b4567",
			"parentId": "5dcb1dc4fb81105cd85bdab8",
			"slotId": "main",
			"location": {
				"x": 0,
				"y": 0,
				"r": 0
			},
			"upd": {
				"StackObjectsCount": 60
			}
		},
		{
			"_id": "5dcb1dc4fb81105cd85bdaba",
			"_tpl": "56dff3afd2720bba668b4567",
			"parentId": "5dcb1dc4fb81105cd85bdab8",
			"slotId": "main",
			"location": {
				"x": 1,
				"y": 0,
				"r": 0
			},
			"upd": {
				"StackObjectsCount": 60
			}
		},
		{
			"_id": "5dcb1dc4fb81105cd85bdabb",
			"_tpl": "56dff3afd2720bba668b4567",
			"parentId": "5dcb1dc4fb81105cd85bdab8",
			"slotId": "main",
			"location": {
				"x": 2,
				"y": 0,
				"r": 0
			},
			"upd": {
				"StackObjectsCount": 60
			}
		},
		{
			"_id": "5dcb1dc4fb81105cd85bdabc",
			"_tpl": "56dff3afd2720bba668b4567",
			"parentId": "5dcb1dc4fb81105cd85bdab8",
			"slotId": "main",
			"location": {
				"x": 0,
				"y": 1,
				"r": 0
			},
			"upd": {
				"StackObjectsCount": 60
			}
		},
		{
			"_id": "5dcb1dc4fb81105cd85bdabd",
			"_tpl": "56dff3afd2720bba668b4567",
			"parentId": "5dcb1dc4fb81105cd85bdab8",
			"slotId": "main",
			"location": {
				"x": 1,
				"y": 1,
				"r": 0
			},
			"upd": {
				"StackObjectsCount": 60
			}
		},
		{
			"_id": "5dcb1dc4fb81105cd85bdabe",
			"_tpl": "56dff3afd2720bba668b4567",
			"parentId": "5dcb1dc4fb81105cd85bdab8",
			"slotId": "main",
			"location": {
				"x": 2,
				"y": 1,
				"r": 0
			},
			"upd": {
				"StackObjectsCount": 60
			}
		},
		{
			"_id": "5dcb1dc4fb81105cd85bdabf",
			"_tpl": "56dff3afd2720bba668b4567",
			"parentId": "5dcb1dc4fb81105cd85bdab8",
			"slotId": "main",
			"location": {
				"x": 0,
				"y": 2,
				"r": 0
			},
			"upd": {
				"StackObjectsCount": 60
			}
		},
		{
			"_id": "5dcb1dc4fb81105cd85bdac0",
			"_tpl": "56dff3afd2720bba668b4567",
			"parentId": "5dcb1dc4fb81105cd85bdab8",
			"slotId": "main",
			"location": {
				"x": 1,
				"y": 2,
				"r": 0
			},
			"upd": {
				"StackObjectsCount": 60
			}
		},
		{
			"_id": "5dcb1dc4fb81105cd85bdac1",
			"_tpl": "56dff3afd2720bba668b4567",
			"parentId": "5dcb1dc4fb81105cd85bdab8",
			"slotId": "main",
			"location": {
				"x": 2,
				"y": 2,
				"r": 0
			},
			"upd": {
				"StackObjectsCount": 60
			}
		},
		{
			"_id": "5dcb1dc4fb81105cd85bda8e",
			"_tpl": "566abbc34bdc2d92178b4576"
		},
		{
			"_id": "5dcb1dc4fb81105cd85bda91",
			"_tpl": "5963866b86f7747bfa1c4462"
		},
		{
			"_id": "5dcb1dc4fb81105cd85bda90",
			"_tpl": "5963866286f7747bf429b572"
		}
	],
	"equipment": "5dcb1dc4fb81105cd85bda8f",
	"stash": "5dcb1dc4fb81105cd85bda8e",
	"questRaidItems": "5dcb1dc4fb81105cd85bda90",
	"questStashItems": "5dcb1dc4fb81105cd85bda91",
	"fastPanel": {}
}