{
	"_id": "5cadf6ddae9215051e1c23b2",
	"_name": "patron_127x55_ps12",
	"_parent": "5485a8684bdc2da71d8b4567",
	"_type": "Item",
	"_props": {
		"Name": "patron_12,7x55_ps12",
		"ShortName": "patron_12,7x55_ps12",
		"Description": "patron_12,7x55_ps12",
		"Weight": 0.07,
		"BackgroundColor": "red",
		"Width": 1,
		"Height": 1,
		"StackMaxSize":  500,
		"Rarity": "Not_exist",
		"SpawnChance": 30,
		"CreditsPrice": 340,
		"ItemSound": "ammo_singleround",
		"Prefab": {
			"path": "assets/content/items/ammo/patrons/patron_12,7x55_ps12.bundle",
			"rcid": ""
		},
		"UsePrefab": {
			"path": "",
			"rcid": ""
		},
		"StackObjectsCount": 1,
		"NotShownInSlot": false,
		"ExaminedByDefault": true,
		"ExamineTime": 1,
		"IsUndiscardable": false,
		"IsUnsaleable": false,
		"IsUnbuyable": false,
		"IsUngivable": false,
		"IsLockedafterEquip": false,
		"QuestItem": false,
		"LootExperience": 0,
		"ExamineExperience": 10,
		"HideEntrails": false,
		"RepairCost": 0,
		"RepairSpeed": 0,
		"ExtraSizeLeft": 0,
		"ExtraSizeRight": 0,
		"ExtraSizeUp": 0,
		"ExtraSizeDown": 0,
		"ExtraSizeForceAdd": false,
		"MergesWithChildren": false,
		"CanSellOnRagfair": true,
		"CanRequireOnRagfair": true,
		"BannedFromRagfair": false,
		"ConflictingItems": [],
		"FixedPrice": false,
		"Unlootable": false,
		"UnlootableFromSlot": "FirstPrimaryWeapon",
		"UnlootableFromSide": [],
		"ChangePriceCoef": 1,
		"AllowSpawnOnLocations": [],
		"SendToClient": false,
		"AnimationVariantsNumber": 0,
		"DiscardingBlock": false,
		"StackMinRandom": 3,
		"StackMaxRandom": 15,
		"ammoType": "bullet",
		"Damage": 115,
		"ammoAccr": 10,
		"ammoRec": 0,
		"ammoDist": 0,
		"buckshotBullets": 0,
		"PenetrationPower": 28,
		"PenetrationPowerDiviation": 1,
		"ammoHear": 0,
		"ammoSfx": "standart",
		"MisfireChance": 0.01,
		"MinFragmentsCount": 2,
		"MaxFragmentsCount": 4,
		"ammoShiftChance": 0,
		"casingName": "5.45x39 мм ПС",
		"casingEjectPower": 0,
		"casingMass": 25,
		"casingSounds": "127rifle",
		"ProjectileCount": 1,
		"InitialSpeed": 285,
		"PenetrationChance": 0.6,
		"RicochetChance": 0.4,
		"FragmentationChance": 0.3,
		"BallisticCoeficient": 0.5,
		"Deterioration": 1,
		"SpeedRetardation": 0.00009,
		"Tracer": false,
		"TracerColor": "red",
		"TracerDistance": 0,
		"ArmorDamage": 60,
		"Caliber": "Caliber127x55",
		"StaminaBurnPerDamage": 0.7,
		"ShowBullet": false,
		"HasGrenaderComponent": false,
		"FuzeArmTimeSec": 0,
		"ExplosionStrength": 0,
		"MinExplosionDistance": 0,
		"MaxExplosionDistance": 0,
		"FragmentsCount": 0,
		"FragmentType": "5996f6d686f77467977ba6cc",
		"ShowHitEffectOnExplode": false,
		"ExplosionType": "",
		"AmmoLifeTimeSec": 5
	},
	"_proto": "56dff338d2720bbd668b4569"
}