{
	"_id": "5d6e68b3a4b9361bca7e50b5",
	"_name": "patron_12x70_slug_hp_copper",
	"_parent": "5485a8684bdc2da71d8b4567",
	"_type": "Item",
	"_props": {
		"Name": "12x70 Картечь",
		"ShortName": "12x70",
		"Description": "12x70 Картечь",
		"Weight": 0.043,
		"BackgroundColor": "red",
		"Width": 1,
		"Height": 1,
		"StackMaxSize":  500,
		"Rarity": "Not_exist",
		"SpawnChance": 15,
		"CreditsPrice": 82,
		"ItemSound": "ammo_shotgun",
		"Prefab": {
			"path": "assets/content/items/ammo/patrons/patron_12x70_slug_hp_copper.bundle",
			"rcid": ""
		},
		"UsePrefab": {
			"path": "",
			"rcid": ""
		},
		"StackObjectsCount": 1,
		"NotShownInSlot": false,
		"ExaminedByDefault": true,
		"ExamineTime": 1,
		"IsUndiscardable": false,
		"IsUnsaleable": false,
		"IsUnbuyable": false,
		"IsUngivable": false,
		"IsLockedafterEquip": false,
		"QuestItem": false,
		"LootExperience": 0,
		"ExamineExperience": 10,
		"HideEntrails": false,
		"RepairCost": 0,
		"RepairSpeed": 0,
		"ExtraSizeLeft": 0,
		"ExtraSizeRight": 0,
		"ExtraSizeUp": 0,
		"ExtraSizeDown": 0,
		"ExtraSizeForceAdd": false,
		"MergesWithChildren": false,
		"CanSellOnRagfair": true,
		"CanRequireOnRagfair": true,
		"BannedFromRagfair": false,
		"ConflictingItems": [],
		"FixedPrice": false,
		"Unlootable": false,
		"UnlootableFromSlot": "FirstPrimaryWeapon",
		"UnlootableFromSide": [],
		"ChangePriceCoef": 1,
		"AllowSpawnOnLocations": [],
		"SendToClient": false,
		"AnimationVariantsNumber": 0,
		"DiscardingBlock": false,
		"StackMinRandom": 1,
		"StackMaxRandom": 10,
		"ammoType": "bullet",
		"Damage": 160,
		"ammoAccr": 150,
		"ammoRec": 10,
		"ammoDist": 0,
		"buckshotBullets": 8,
		"PenetrationPower": 13,
		"PenetrationPowerDiviation": 1,
		"ammoHear": 0,
		"ammoSfx": "standart",
		"MisfireChance": 0.01,
		"MinFragmentsCount": 1,
		"MaxFragmentsCount": 3,
		"ammoShiftChance": 0,
		"casingName": "12x70 Пуля",
		"casingEjectPower": 0,
		"casingMass": 0,
		"casingSounds": "shotgun_big",
		"ProjectileCount": 1,
		"InitialSpeed": 442,
		"PenetrationChance": 0.22,
		"RicochetChance": 0.1,
		"FragmentationChance": 0.38,
		"BallisticCoeficient": 1,
		"Deterioration": 1,
		"SpeedRetardation": 0.00013,
		"Tracer": false,
		"TracerColor": "red",
		"TracerDistance": 0,
		"ArmorDamage": 46,
		"Caliber": "Caliber12g",
		"StaminaBurnPerDamage": 0.7,
		"ShowBullet": false,
		"HasGrenaderComponent": false,
		"FuzeArmTimeSec": 0,
		"ExplosionStrength": 0,
		"MinExplosionDistance": 0,
		"MaxExplosionDistance": 0,
		"FragmentsCount": 0,
		"FragmentType": "5996f6d686f77467977ba6cc",
		"ShowHitEffectOnExplode": false,
		"ExplosionType": "",
		"AmmoLifeTimeSec": 5
	},
	"_proto": "560d5e524bdc2d25448b4571"
}