{
	"_id": "5e023cf8186a883be655e54f",
	"_name": "patron_762x54r_t46m",
	"_parent": "5485a8684bdc2da71d8b4567",
	"_type": "Item",
	"_props": {
		"Name": "patron_762х54R_7N1",
		"ShortName": "patron_762х54R_7N1",
		"Description": "patron_762х54R_7N1",
		"Weight": 0.025,
		"BackgroundColor": "red",
		"Width": 1,
		"Height": 1,
		"StackMaxSize":  500,
		"Rarity": "Not_exist",
		"SpawnChance": 5,
		"CreditsPrice": 175,
		"ItemSound": "ammo_singleround",
		"Prefab": {
			"path": "assets/content/items/ammo/patrons/patron_762x54r_t46m.bundle",
			"rcid": ""
		},
		"UsePrefab": {
			"path": "",
			"rcid": ""
		},
		"StackObjectsCount": 1,
		"NotShownInSlot": false,
		"ExaminedByDefault": true,
		"ExamineTime": 1,
		"IsUndiscardable": false,
		"IsUnsaleable": false,
		"IsUnbuyable": false,
		"IsUngivable": false,
		"IsLockedafterEquip": false,
		"QuestItem": false,
		"LootExperience": 0,
		"ExamineExperience": 10,
		"HideEntrails": false,
		"RepairCost": 0,
		"RepairSpeed": 0,
		"ExtraSizeLeft": 0,
		"ExtraSizeRight": 0,
		"ExtraSizeUp": 0,
		"ExtraSizeDown": 0,
		"ExtraSizeForceAdd": false,
		"MergesWithChildren": false,
		"CanSellOnRagfair": true,
		"CanRequireOnRagfair": true,
		"BannedFromRagfair": false,
		"ConflictingItems": [],
		"FixedPrice": false,
		"Unlootable": false,
		"UnlootableFromSlot": "FirstPrimaryWeapon",
		"UnlootableFromSide": [],
		"ChangePriceCoef": 1,
		"AllowSpawnOnLocations": [],
		"SendToClient": false,
		"AnimationVariantsNumber": 0,
		"DiscardingBlock": false,
		"StackMinRandom": 3,
		"StackMaxRandom": 15,
		"ammoType": "bullet",
		"Damage": 82,
		"ammoAccr": 5,
		"ammoRec": 0,
		"ammoDist": 0,
		"buckshotBullets": 0,
		"PenetrationPower": 41,
		"PenetrationPowerDiviation": 0.4,
		"ammoHear": 0,
		"ammoSfx": "standart",
		"MisfireChance": 0.01,
		"MinFragmentsCount": 2,
		"MaxFragmentsCount": 3,
		"ammoShiftChance": 0,
		"casingName": "Обычный 7.62х54R СНБ",
		"casingEjectPower": 0,
		"casingMass": 77.16,
		"casingSounds": "rifle762",
		"ProjectileCount": 1,
		"InitialSpeed": 800,
		"PenetrationChance": 0.77,
		"RicochetChance": 0.3,
		"FragmentationChance": 0.18,
		"BallisticCoeficient": 1,
		"Deterioration": 1,
		"SpeedRetardation": 0.000015,
		"Tracer": true,
		"TracerColor": "green",
		"TracerDistance": 0.5,
		"ArmorDamage": 83,
		"Caliber": "Caliber762x54R",
		"StaminaBurnPerDamage": 0.5,
		"ShowBullet": false,
		"HasGrenaderComponent": false,
		"FuzeArmTimeSec": 0,
		"ExplosionStrength": 0,
		"MinExplosionDistance": 0,
		"MaxExplosionDistance": 0,
		"FragmentsCount": 0,
		"FragmentType": "5996f6d686f77467977ba6cc",
		"ShowHitEffectOnExplode": false,
		"ExplosionType": "",
		"AmmoLifeTimeSec": 5
	},
	"_proto": "560d61e84bdc2da74d8b4571"
}