{
	"Id": "Loot 158 (18)503668",
	"IsStatic": false,
	"useGravity": true,
	"randomRotation": false,
	"Position": {
		"x": 565.415,
		"y": 2.59,
		"z": -90.188
	},
	"Rotation": {
		"x": 2.66804268e-8,
		"y": 177.666946,
		"z": 0
	},
	"IsGroupPosition": false,
	"GroupPositions": [],
	"Root": "5ec3f47b4782e749ea3f828c",
	"Items": [
		{
			"_id": "5ec3f47b4782e749ea3f828c",
			"_tpl": "5aaa5dfee5b5b000140293d3"
		},
		{
			"_id": "5ec3f47b4782e749ea3f828d",
			"_tpl": "59e6927d86f77411da468256",
			"parentId": "5ec3f47b4782e749ea3f828c",
			"slotId": "cartridges",
			"upd": {
				"StackObjectsCount": 20
			}
		}
	]
}