{
	"Id": "Loot 158 (21)506372",
	"IsStatic": false,
	"useGravity": true,
	"randomRotation": false,
	"Position": {
		"x": 564.917,
		"y": 2.59,
		"z": -90.101
	},
	"Rotation": {
		"x": 2.66804268e-8,
		"y": 177.666946,
		"z": 0
	},
	"IsGroupPosition": false,
	"GroupPositions": [],
	"Root": "5ec3f44a35cb9040e335f4f8",
	"Items": [
		{
			"_id": "5ec3f44a35cb9040e335f4f8",
			"_tpl": "576a5ed62459771e9c2096cb"
		},
		{
			"_id": "5ec3f44a35cb9040e335f4f9",
			"_tpl": "5c925fa22e221601da359b7b",
			"parentId": "5ec3f44a35cb9040e335f4f8",
			"slotId": "cartridges",
			"upd": {
				"StackObjectsCount": 7
			}
		}
	]
}