{
	"_id": "1ANALGIN",
	"_name": "painkiller",
	"_parent": "5448f3a14bdc2d27728b4569",
	"_type": "Item",
	"_props": {
		"Name": "Таблетки Анальгин",
		"ShortName": "Painkillers",
		"Description": "",
		"Weight": 0.1,
		"BackgroundColor": "orange",
		"Width": 1,
		"Height": 1,
		"StackMaxSize": 1,
		"Rarity": "Common",
		"SpawnChance": 13,
		"CreditsPrice": 3800,
		"ItemSound": "med_pills",
		"Prefab": {
			"path": "assets/content/weapons/usable_items/item_blister/item_analgin_loot.bundle",
			"rcid": ""
		},
		"UsePrefab": {
			"path": "assets/content/weapons/usable_items/item_blister/item_analgin_container.bundle",
			"rcid": ""
		},
		"StackObjectsCount": 1,
		"NotShownInSlot": false,
		"ExaminedByDefault": false,
		"ExamineTime": 1,
		"IsUndiscardable": false,
		"IsUnsaleable": false,
		"IsUnbuyable": false,
		"IsUngivable": false,
		"IsLockedafterEquip": false,
		"QuestItem": false,
		"LootExperience": 10,
		"ExamineExperience": 4,
		"HideEntrails": false,
		"RepairCost": 0,
		"RepairSpeed": 0,
		"ExtraSizeLeft": 0,
		"ExtraSizeRight": 0,
		"ExtraSizeUp": 0,
		"ExtraSizeDown": 0,
		"ExtraSizeForceAdd": false,
		"MergesWithChildren": false,
		"CanSellOnRagfair": true,
		"CanRequireOnRagfair": true,
		"BannedFromRagfair": false,
		"ConflictingItems": [],
		"FixedPrice": false,
		"Unlootable": false,
		"UnlootableFromSlot": "FirstPrimaryWeapon",
		"UnlootableFromSide": [],
		"ChangePriceCoef": 1,
		"AllowSpawnOnLocations": [],
		"SendToClient": false,
		"AnimationVariantsNumber": 0,
		"DiscardingBlock": false,
		"medUseTime": 2,
		"medEffectType": "duringUse",
		"MaxHpResource": 6,
		"hpResourceRate": 0,
		"StimulatorBuffs": "",
		"effects_health": {
			"common": {
				"value": 0,
				"percent": false,
				"time": 0,
				"duration": 0
			},
			"head": {
				"value": 0,
				"percent": false,
				"time": 0,
				"duration": 0
			},
			"arm_left": {
				"value": 0,
				"percent": false,
				"time": 0,
				"duration": 0
			},
			"arm_right": {
				"value": 0,
				"percent": false,
				"time": 0,
				"duration": 0
			},
			"chest": {
				"value": 0,
				"percent": false,
				"time": 0,
				"duration": 0
			},
			"tummy": {
				"value": 0,
				"percent": false,
				"time": 0,
				"duration": 0
			},
			"leg_left": {
				"value": 0,
				"percent": false,
				"time": 0,
				"duration": 0
			},
			"leg_right": {
				"value": 0,
				"percent": false,
				"time": 0,
				"duration": 0
			},
			"energy": {
				"value": 0,
				"percent": false,
				"time": 0,
				"duration": 0
			},
			"hydration": {
				"value": -5,
				"percent": false,
				"time": 0,
				"duration": 0
			}
		},
		"effects_damage": {
			"bloodloss": {
				"remove": false,
				"time": 0,
				"duration": 0,
				"fadeOut": 0
			},
			"fracture": {
				"remove": false,
				"time": 0,
				"duration": 0,
				"fadeOut": 0
			},
			"pain": {
				"remove": true,
				"time": 0,
				"duration": 305,
				"fadeOut": 5
			},
			"contusion": {
				"remove": false,
				"time": 0,
				"duration": 0,
				"fadeOut": 0
			},
			"toxication": {
				"remove": false,
				"time": 0,
				"duration": 0,
				"fadeOut": 0
			},
			"radExposure": {
				"remove": false,
				"time": 0,
				"duration": 0,
				"fadeOut": 0
			}
		},
		"MaxEfficiency": 0,
		"Addiction": 0,
		"Overdose": 0,
		"OverdoseRecovery": 0,
		"AddictionRecovery": 0,
		"Buffs": []
	}
}