{
	"_id": "1GREENTEA",
	"_name": "drink_icegreen",
	"_parent": "5448e8d64bdc2dce718b4568",
	"_type": "Item",
	"_props": {
		"Name": "Green Ice",
		"ShortName": "Green Ice",
		"Description": "Green Ice",
		"Weight": 0.3,
		"BackgroundColor": "default",
		"Width": 1,
		"Height": 1,
		"StackMaxSize": 1,
		"Rarity": "Common",
		"SpawnChance": 10,
		"CreditsPrice": 429,
		"ItemSound": "food_soda_can",
		"Prefab": {
			"path": "assets/content/weapons/usable_items/item_drink_cans/item_icegreen_loot.bundle",
			"rcid": ""
		},
		"UsePrefab": {
			"path": "assets/content/weapons/usable_items/item_drink_cans/item_icegeen_container.bundle",
			"rcid": ""
		},
		"StackObjectsCount": 1,
		"NotShownInSlot": false,
		"ExaminedByDefault": false,
		"ExamineTime": 1,
		"IsUndiscardable": false,
		"IsUnsaleable": false,
		"IsUnbuyable": false,
		"IsUngivable": false,
		"IsLockedafterEquip": false,
		"QuestItem": false,
		"LootExperience": 5,
		"ExamineExperience": 10,
		"HideEntrails": false,
		"RepairCost": 0,
		"RepairSpeed": 0,
		"ExtraSizeLeft": 0,
		"ExtraSizeRight": 0,
		"ExtraSizeUp": 0,
		"ExtraSizeDown": 0,
		"ExtraSizeForceAdd": false,
		"MergesWithChildren": false,
		"CanSellOnRagfair": true,
		"CanRequireOnRagfair": true,
		"BannedFromRagfair": false,
		"ConflictingItems": [],
		"FixedPrice": false,
		"Unlootable": false,
		"UnlootableFromSlot": "FirstPrimaryWeapon",
		"UnlootableFromSide": [],
		"ChangePriceCoef": 1,
		"AllowSpawnOnLocations": [],
		"SendToClient": false,
		"AnimationVariantsNumber": 0,
		"DiscardingBlock": false,
		"foodUseTime": 2,
		"foodEffectType": "afterUse",
		"MaxResource": 1,
		"StimulatorBuffs": "",
		"effects_health": {
			"common": {
				"value": 0,
				"percent": false,
				"time": 0,
				"duration": 0
			},
			"head": {
				"value": 0,
				"percent": false,
				"time": 0,
				"duration": 0
			},
			"arm_left": {
				"value": 0,
				"percent": false,
				"time": 0,
				"duration": 0
			},
			"arm_right": {
				"value": 0,
				"percent": false,
				"time": 0,
				"duration": 0
			},
			"chest": {
				"value": 0,
				"percent": false,
				"time": 0,
				"duration": 0
			},
			"tummy": {
				"value": 0,
				"percent": false,
				"time": 0,
				"duration": 0
			},
			"leg_left": {
				"value": 0,
				"percent": false,
				"time": 0,
				"duration": 0
			},
			"leg_right": {
				"value": 0,
				"percent": false,
				"time": 0,
				"duration": 0
			},
			"energy": {
				"value": 15,
				"percent": false,
				"time": 0,
				"duration": 0
			},
			"hydration": {
				"value": 100,
				"percent": false,
				"time": 0,
				"duration": 0
			}
		},
		"effects_damage": {
			"bloodloss": {
				"remove": false,
				"time": 0,
				"duration": 0
			},
			"fracture": {
				"remove": false,
				"time": 0,
				"duration": 0
			},
			"pain": {
				"remove": false,
				"time": 0,
				"duration": 0
			},
			"contusion": {
				"remove": false,
				"time": 0,
				"duration": 0
			},
			"toxication": {
				"remove": false,
				"time": 0,
				"duration": 0
			},
			"radExposure": {
				"remove": false,
				"time": 0,
				"duration": 0
			}
		},
		"effects_speed": {
			"mobility": {
				"value": 0,
				"percent": false,
				"time": 0,
				"duration": 0
			},
			"recoil": {
				"value": 0,
				"percent": false,
				"time": 0,
				"duration": 0
			},
			"reloadSpeed": {
				"value": 0,
				"percent": false,
				"time": 0,
				"duration": 0
			},
			"lootSpeed": {
				"value": 0,
				"percent": false,
				"time": 0,
				"duration": 0
			},
			"unlockSpeed": {
				"value": 0,
				"percent": false,
				"time": 0,
				"duration": 0
			}
		}
	},
	"_proto": "544fb62a4bdc2dfb738b4568"
}