{
	"_id": "1MASK",
	"_name": "mask",
	"_parent": "5a341c4686f77469e155819e",
	"_type": "Item",
	"_props": {
		"Name": "Mask",
		"ShortName": "Mask",
		"Description": "Mask",
		"Weight": 0.1,
		"BackgroundColor": "default",
		"Width": 1,
		"Height": 1,
		"StackMaxSize": 1,
		"Rarity": "Rare",
		"SpawnChance": 1,
		"CreditsPrice": 2614,
		"ItemSound": "gear_generic",
		"Prefab": {
			"path": "assets/content/items/equipment/facecover_buffalo/item_equipment_facecover_buffalo.bundle",
			"rcid": ""
		},
		"UsePrefab": {
			"path": "",
			"rcid": ""
		},
		"StackObjectsCount": 1,
		"NotShownInSlot": false,
		"ExaminedByDefault": false,
		"ExamineTime": 1,
		"IsUndiscardable": false,
		"IsUnsaleable": false,
		"IsUnbuyable": false,
		"IsUngivable": false,
		"IsLockedafterEquip": false,
		"QuestItem": false,
		"LootExperience": 20,
		"ExamineExperience": 10,
		"HideEntrails": false,
		"RepairCost": 0,
		"RepairSpeed": 0,
		"ExtraSizeLeft": 0,
		"ExtraSizeRight": 0,
		"ExtraSizeUp": 0,
		"ExtraSizeDown": 0,
		"ExtraSizeForceAdd": false,
		"MergesWithChildren": false,
		"CanSellOnRagfair": true,
		"CanRequireOnRagfair": true,
		"BannedFromRagfair": false,
		"ConflictingItems": [],
		"FixedPrice": false,
		"Unlootable": false,
		"UnlootableFromSlot": "FirstPrimaryWeapon",
		"UnlootableFromSide": [],
		"ChangePriceCoef": 1,
		"AllowSpawnOnLocations": [],
		"SendToClient": false,
		"AnimationVariantsNumber": 0,
		"DiscardingBlock": false,
		"Grids": [],
		"Slots": [],
		"CanPutIntoDuringTheRaid": true,
		"CantRemoveFromSlotsDuringRaid": [],
		"BlocksEarpiece": false,
		"BlocksEyewear": false,
		"BlocksHeadwear": false,
		"BlocksFaceCover": false,
		"Durability": 80,
		"MaxDurability": 80,
		"armorClass": "4",
		"speedPenaltyPercent": 5,
		"mousePenalty": 2,
		"weaponErgonomicPenalty": 5,
		"armorZone": [
			"Head"
		],
		"Indestructibility": 0.9,
		"headSegments": [],
		"FaceShieldComponent": false,
		"FaceShieldMask": "NoMask",
		"HasHinge": false,
		"MaterialType": "BodyArmor",
		"RicochetParams": {
			"x": 0,
			"y": 0,
			"z": 80
		},
		"DeafStrength": "None",
		"BluntThroughput": 0,
		"ArmorMaterial": "UHMWPE"
	},
	"_proto": "572b7fa124597762b472f9d2"
}