{
	"_id": "1PISTOLCASE",
	"_name": "Чемодан",
	"_parent": "5671435f4bdc2d96058b4569",
	"_type": "Item",
	"_props": {
		"Name": "Pistol case",
		"ShortName": "Pistol case",
		"Description": "Pistol case",
		"Weight": 0.5,
		"BackgroundColor": "violet",
		"Width": 2,
		"Height": 2,
		"StackMaxSize": 1,
		"Rarity": "Rare",
		"SpawnChance": 15,
		"CreditsPrice": 11000,
		"ItemSound": "container_plastic",
		"Prefab": {
			"path": "assets/content/items/containers/pistol_case/item_container_pistol_case.bundle",
			"rcid": ""
		},
		"UsePrefab": {
			"path": "",
			"rcid": ""
		},
		"StackObjectsCount": 1,
		"NotShownInSlot": false,
		"ExaminedByDefault": false,
		"ExamineTime": 1,
		"IsUndiscardable": false,
		"IsUnsaleable": false,
		"IsUnbuyable": false,
		"IsUngivable": false,
		"IsLockedafterEquip": false,
		"QuestItem": false,
		"LootExperience": 20,
		"ExamineExperience": 10,
		"HideEntrails": true,
		"RepairCost": 0,
		"RepairSpeed": 0,
		"ExtraSizeLeft": 0,
		"ExtraSizeRight": 0,
		"ExtraSizeUp": 0,
		"ExtraSizeDown": 0,
		"ExtraSizeForceAdd": false,
		"MergesWithChildren": false,
		"CanSellOnRagfair": true,
		"CanRequireOnRagfair": true,
		"BannedFromRagfair": false,
		"ConflictingItems": [],
		"FixedPrice": false,
		"Unlootable": false,
		"UnlootableFromSlot": "FirstPrimaryWeapon",
		"UnlootableFromSide": [],
		"ChangePriceCoef": 1,
		"AllowSpawnOnLocations": [],
		"SendToClient": false,
		"AnimationVariantsNumber": 0,
		"DiscardingBlock": false,
		"Grids": [
			{
				"_name": "main",
				"_id": "56f95c8ad2720bfa308b4581",
				"_parent": "567143bf4bdc2d1a0f8b4567",
				"_props": {
					"filters": [
						{
							"Filter": [
								"5448bc234bdc2d3c308b4569",
								"5447b5cf4bdc2d65278b4567",
								"5485a8684bdc2da71d8b4567",
								"543be5cb4bdc2deb348b4568"
							],
							"ExcludedFilter": []
						}
					],
					"cellsH": 5,
					"cellsV": 6,
					"minCount": 0,
					"maxCount": 0,
					"maxWeight": 0
				},
				"_proto": "55d329c24bdc2d892f8b4567"
			}
		],
		"Slots": [],
		"CanPutIntoDuringTheRaid": true,
		"CantRemoveFromSlotsDuringRaid": [],
		"KeyIds": [
			"5671446a4bdc2d97058b4569"
		],
		"TagColor": 0,
		"TagName": ""
	}
}