{
	"_id": "1RDG2",
	"_name": "weapon_grenade_rdg2",
	"_parent": "543be6564bdc2df4348b4568",
	"_type": "Item",
	"_props": {
		"Name": "weapon_grenade_rdg2",
		"ShortName": "weapon_grenade_rdg2",
		"Description": "weapon_grenade_rdg2",
		"Weight": 0.6,
		"BackgroundColor": "grey",
		"Width": 1,
		"Height": 2,
		"StackMaxSize": 1,
		"Rarity": "Rare",
		"SpawnChance": 5,
		"CreditsPrice": 5441,
		"ItemSound": "generic",
		"Prefab": {
			"path": "assets/content/weapons/rdg2/weapon_grenade_rdg2_container.bundle",
			"rcid": ""
		},
		"UsePrefab": {
			"path": "",
			"rcid": ""
		},
		"StackObjectsCount": 1,
		"NotShownInSlot": false,
		"ExaminedByDefault": false,
		"ExamineTime": 1,
		"IsUndiscardable": false,
		"IsUnsaleable": false,
		"IsUnbuyable": false,
		"IsUngivable": false,
		"IsLockedafterEquip": false,
		"QuestItem": false,
		"LootExperience": 20,
		"ExamineExperience": 4,
		"HideEntrails": false,
		"RepairCost": 0,
		"RepairSpeed": 0,
		"ExtraSizeLeft": 0,
		"ExtraSizeRight": 0,
		"ExtraSizeUp": 0,
		"ExtraSizeDown": 0,
		"ExtraSizeForceAdd": false,
		"MergesWithChildren": false,
		"CanSellOnRagfair": true,
		"CanRequireOnRagfair": true,
		"BannedFromRagfair": false,
		"ConflictingItems": [],
		"FixedPrice": false,
		"Unlootable": false,
		"UnlootableFromSlot": "FirstPrimaryWeapon",
		"UnlootableFromSide": [],
		"ChangePriceCoef": 1,
		"AllowSpawnOnLocations": [],
		"SendToClient": false,
		"AnimationVariantsNumber": 0,
		"DiscardingBlock": false,
		"ThrowType": "smoke_grenade",
		"ExplDelay": 2,
		"MinExplosionDistance": 0,
		"MaxExplosionDistance": 0,
		"FragmentsCount": 0,
		"FragmentType": "5996f6d686f77467977ba6cc",
		"Strength": 0,
		"ContusionDistance": 10,
		"throwDamMax": 0,
		"explDelay": 1,
		"Blindness": {
			"x": 0,
			"y": 0,
			"z": 0
		},
		"Contusion": {
			"x": 0,
			"y": 0,
			"z": 0
		},
		"EmitTime": 120,
		"CanBeHiddenDuringThrow": false
	},
	"_proto": "5448be9a4bdc2dfd2f8b456a"
}