{
	"_id": "2MAGAZINECASE",
	"_name": "item_container_magbox",
	"_parent": "5795f317245977243854e041",
	"_type": "Item",
	"_props": {
		"Name": "item_container_magbox",
		"ShortName": "item_container_magbox",
		"Description": "item_container_magbox",
		"Weight": 6,
		"BackgroundColor": "blue",
		"Width": 3,
		"Height": 2,
		"StackMaxSize": 1,
		"Rarity": "Not_exist",
		"SpawnChance": 0.5,
		"CreditsPrice": 425000,
		"ItemSound": "container_metal",
		"Prefab": {
			"path": "assets/content/items/containers/item_container_magbox/item_container_magbox.bundle",
			"rcid": ""
		},
		"UsePrefab": {
			"path": "",
			"rcid": ""
		},
		"StackObjectsCount": 1,
		"NotShownInSlot": false,
		"ExaminedByDefault": false,
		"ExamineTime": 1,
		"IsUndiscardable": false,
		"IsUnsaleable": false,
		"IsUnbuyable": false,
		"IsUngivable": false,
		"IsLockedafterEquip": false,
		"QuestItem": false,
		"LootExperience": 30,
		"ExamineExperience": 10,
		"HideEntrails": true,
		"RepairCost": 0,
		"RepairSpeed": 0,
		"ExtraSizeLeft": 0,
		"ExtraSizeRight": 0,
		"ExtraSizeUp": 0,
		"ExtraSizeDown": 0,
		"ExtraSizeForceAdd": false,
		"MergesWithChildren": false,
		"CanSellOnRagfair": true,
		"CanRequireOnRagfair": true,
		"BannedFromRagfair": false,
		"ConflictingItems": [],
		"FixedPrice": false,
		"Unlootable": false,
		"UnlootableFromSlot": "FirstPrimaryWeapon",
		"UnlootableFromSide": [],
		"ChangePriceCoef": 1,
		"AllowSpawnOnLocations": [],
		"SendToClient": false,
		"AnimationVariantsNumber": 0,
		"DiscardingBlock": false,
		"Grids": [
			{
				"_name": "main",
				"_id": "5c127c4486f7745625356c15",
				"_parent": "5c127c4486f7745625356c13",
				"_props": {
					"filters": [
						{
							"Filter": [
								"5448bc234bdc2d3c308b4569"
							],
							"ExcludedFilter": []
						}
					],
					"cellsH": 10,
					"cellsV": 10,
					"minCount": 0,
					"maxCount": 0,
					"maxWeight": 0
				},
				"_proto": "55d329c24bdc2d892f8b4567"
			}
		],
		"Slots": [],
		"CanPutIntoDuringTheRaid": true,
		"CantRemoveFromSlotsDuringRaid": [],
		"TagColor": 0,
		"TagName": ""
	},
	"_proto": "577e1c9d2459773cd707c525"
}