{
	"_id": "4ITEMCASE",
	"_name": "item_container_trackcase",
	"_parent": "5795f317245977243854e041",
	"_type": "Item",
	"_props": {
		"Name": "Itemcase",
		"ShortName": "Itemcase",
		"Description": "Itemcase",
		"Weight": 7,
		"BackgroundColor": "blue",
		"Width": 4,
		"Height": 4,
		"StackMaxSize": 1,
		"Rarity": "Not_exist",
		"SpawnChance": 4,
		"CreditsPrice": 1229994,
		"ItemSound": "container_plastic",
		"Prefab": {
			"path": "assets/content/items/containers/item_container_trackcase/item_container_trackcase.bundle",
			"rcid": ""
		},
		"UsePrefab": {
			"path": "",
			"rcid": ""
		},
		"StackObjectsCount": 1,
		"NotShownInSlot": false,
		"ExaminedByDefault": false,
		"ExamineTime": 1,
		"IsUndiscardable": false,
		"IsUnsaleable": false,
		"IsUnbuyable": false,
		"IsUngivable": false,
		"IsLockedafterEquip": false,
		"QuestItem": false,
		"LootExperience": 30,
		"ExamineExperience": 10,
		"HideEntrails": true,
		"RepairCost": 0,
		"RepairSpeed": 0,
		"ExtraSizeLeft": 0,
		"ExtraSizeRight": 0,
		"ExtraSizeUp": 0,
		"ExtraSizeDown": 0,
		"ExtraSizeForceAdd": false,
		"MergesWithChildren": false,
		"CanSellOnRagfair": true,
		"CanRequireOnRagfair": true,
		"BannedFromRagfair": false,
		"ConflictingItems": [],
		"FixedPrice": false,
		"Unlootable": false,
		"UnlootableFromSlot": "FirstPrimaryWeapon",
		"UnlootableFromSide": [],
		"ChangePriceCoef": 1,
		"AllowSpawnOnLocations": [],
		"SendToClient": false,
		"AnimationVariantsNumber": 0,
		"DiscardingBlock": false,
		"Grids": [
			{
				"_name": "main",
				"_id": "59fb042886f7746c5005a7b3",
				"_parent": "59fb042886f7746c5005a7b2",
				"_props": {
					"filters": [
						{
							"Filter": [
								"5448eb774bdc2d0a728b4567",
								"543be5f84bdc2dd4348b456a",
								"5645bcb74bdc2ded0b8b4578",
								"5448fe124bdc2da5018b4567",
								"5448e53e4bdc2d60728b4567",
								"5448e5284bdc2dcb718b4567",
								"5aafbde786f774389d0cbc0f",
								"5c093db286f7740a1b2617e3",
								"59fafd4b86f7745ca07e1232",
								"5d235bb686f77443f4331278",
								"5c127c4486f7745625356c13",
								"5aafbcd986f7745e590fff23",
								"59fb016586f7746d0d4b423a",
								"5c093e3486f77430cb02e593",
								"59fb023c86f7746d0d4b423c",
								"590c60fc86f77412b13fddcf",
								"5783c43d2459774bbe137486",
								"5422acb9af1c889c16000029",
								"543be6674bdc2df1348b4569",
								"5448ecbe4bdc2d60728b4568",
								"543be5e94bdc2df1348b4568",
								"5447e1d04bdc2dff2f8b4567",
								"567849dd4bdc2d150f8b456e",
								"543be5664bdc2dd4348b4569",
								"5447e0e74bdc2d3c308b4567",
								"5661632d4bdc2d903d8b456b",
								"543be6564bdc2df4348b4568"
							],
							"ExcludedFilter": []
						}
					],
					"cellsH": 14,
					"cellsV": 14,
					"minCount": 0,
					"maxCount": 0,
					"maxWeight": 0
				},
				"_proto": "55d329c24bdc2d892f8b4567"
			}
		],
		"Slots": [],
		"CanPutIntoDuringTheRaid": true,
		"CantRemoveFromSlotsDuringRaid": [],
		"TagColor": 0,
		"TagName": ""
	},
	"_proto": "577e1c9d2459773cd707c525"
}