{
	"_id": "4PROPITAL",
	"_name": "Propital",
	"_parent": "5448f3a64bdc2d60728b456a",
	"_type": "Item",
	"_props": {
		"Name": "Пропитал",
		"ShortName": "Пропитал",
		"Description": "",
		"Weight": 0.1,
		"BackgroundColor": "orange",
		"Width": 1,
		"Height": 1,
		"StackMaxSize": 1,
		"Rarity": "Superrare",
		"SpawnChance": 7,
		"CreditsPrice": 16200,
		"ItemSound": "med_stimulator",
		"Prefab": {
			"path": "assets/content/weapons/usable_items/item_syringe/item_stimulator_propital_loot.bundle",
			"rcid": ""
		},
		"UsePrefab": {
			"path": "assets/content/weapons/usable_items/item_syringe/item_stimulator_propital_container.bundle",
			"rcid": ""
		},
		"StackObjectsCount": 1,
		"NotShownInSlot": false,
		"ExaminedByDefault": false,
		"ExamineTime": 1,
		"IsUndiscardable": false,
		"IsUnsaleable": false,
		"IsUnbuyable": false,
		"IsUngivable": false,
		"IsLockedafterEquip": false,
		"QuestItem": false,
		"LootExperience": 20,
		"ExamineExperience": 8,
		"HideEntrails": false,
		"RepairCost": 0,
		"RepairSpeed": 0,
		"ExtraSizeLeft": 0,
		"ExtraSizeRight": 0,
		"ExtraSizeUp": 0,
		"ExtraSizeDown": 0,
		"ExtraSizeForceAdd": false,
		"MergesWithChildren": false,
		"CanSellOnRagfair": true,
		"CanRequireOnRagfair": true,
		"BannedFromRagfair": false,
		"ConflictingItems": [],
		"FixedPrice": false,
		"Unlootable": false,
		"UnlootableFromSlot": "FirstPrimaryWeapon",
		"UnlootableFromSide": [],
		"ChangePriceCoef": 1,
		"AllowSpawnOnLocations": [
			"laboratory",
			"Shoreline",
			"RezervBase",
			"Interchange"
		],
		"SendToClient": false,
		"AnimationVariantsNumber": 0,
		"DiscardingBlock": false,
		"medUseTime": 2,
		"medEffectType": "duringUse",
		"MaxHpResource": 0,
		"hpResourceRate": 0,
		"StimulatorBuffs": "BuffsPropital",
		"effects_health": {
			"common": {
				"value": 0,
				"percent": false,
				"time": 0,
				"duration": 0
			},
			"head": {
				"value": 0,
				"percent": false,
				"time": 0,
				"duration": 0
			},
			"arm_left": {
				"value": 0,
				"percent": false,
				"time": 0,
				"duration": 0
			},
			"arm_right": {
				"value": 0,
				"percent": false,
				"time": 0,
				"duration": 0
			},
			"chest": {
				"value": 0,
				"percent": false,
				"time": 0,
				"duration": 0
			},
			"tummy": {
				"value": 0,
				"percent": false,
				"time": 0,
				"duration": 0
			},
			"leg_left": {
				"value": 0,
				"percent": false,
				"time": 0,
				"duration": 0
			},
			"leg_right": {
				"value": 0,
				"percent": false,
				"time": 0,
				"duration": 0
			},
			"energy": {
				"value": 0,
				"percent": false,
				"time": 0,
				"duration": 0
			},
			"hydration": {
				"value": 0,
				"percent": false,
				"time": 0,
				"duration": 0
			}
		},
		"effects_damage": {
			"bloodloss": {
				"remove": false,
				"time": 0,
				"duration": 0,
				"fadeOut": 0
			},
			"fracture": {
				"remove": false,
				"time": 0,
				"duration": 0,
				"fadeOut": 0
			},
			"pain": {
				"remove": true,
				"time": 0,
				"duration": 440,
				"fadeOut": 5
			},
			"contusion": {
				"remove": true,
				"time": 0,
				"duration": 440,
				"fadeOut": 0
			},
			"toxication": {
				"remove": true,
				"time": 0,
				"duration": 440,
				"fadeOut": 0
			},
			"radExposure": {
				"remove": false,
				"time": 0,
				"duration": 0,
				"fadeOut": 0
			}
		},
		"Buffs": []
	},
	"_proto": "544fb3f34bdc2d03748b456a"
}