{
	"_id": "4_class_chest_stomach_plate",
	"_name": "4_class_chest_stomach_plate",
	"_parent": "57bef4c42459772e8d35a53b",
	"_type": "Item",
	"_props": {
		"Name": "4_class_chest_stomach_plate",
		"ShortName": "4_class_chest_stomach_plate",
		"Description": "4_class_chest_stomach_plate",
		"Weight": 8,
		"BackgroundColor": "default",
		"Width": 3,
		"Height": 2,
		"StackMaxSize": 1,
		"Rarity": "Superrare",
		"SpawnChance": 2,
		"CreditsPrice": 37000,
		"ItemSound": "gear_armor",
		"Prefab": {
			"path": "assets/content/items/spec/item_spec_armorrepair/item_spec_armorrepair.bundle",
			"rcid": ""
		},
		"UsePrefab": {
			"path": "",
			"rcid": ""
		},
		"StackObjectsCount": 1,
		"NotShownInSlot": false,
		"ExaminedByDefault": false,
		"ExamineTime": 1,
		"IsUndiscardable": false,
		"IsUnsaleable": false,
		"IsUnbuyable": false,
		"IsUngivable": false,
		"IsLockedafterEquip": false,
		"QuestItem": false,
		"LootExperience": 20,
		"ExamineExperience": 4,
		"HideEntrails": false,
		"RepairCost": 140,
		"RepairSpeed": 10,
		"ExtraSizeLeft": 0,
		"ExtraSizeRight": 0,
		"ExtraSizeUp": 0,
		"ExtraSizeDown": 0,
		"ExtraSizeForceAdd": false,
		"MergesWithChildren": true,
		"CanSellOnRagfair": true,
		"CanRequireOnRagfair": true,
		"BannedFromRagfair": false,
		"ConflictingItems": [],
		"FixedPrice": false,
		"Unlootable": false,
		"UnlootableFromSlot": "FirstPrimaryWeapon",
		"UnlootableFromSide": [],
		"ChangePriceCoef": 1,
		"AllowSpawnOnLocations": [],
		"SendToClient": false,
		"AnimationVariantsNumber": 0,
		"DiscardingBlock": false,
		"Grids": [],
		"Slots": [],
		"CanPutIntoDuringTheRaid": true,
		"CantRemoveFromSlotsDuringRaid": [],
		"BlocksEarpiece": false,
		"BlocksEyewear": false,
		"BlocksHeadwear": false,
		"BlocksFaceCover": false,
		"Durability": 55,
		"MaxDurability": 55,
		"armorClass": "4",
		"speedPenaltyPercent": -12,
		"mousePenalty": -3,
		"weaponErgonomicPenalty": -5,
		"armorZone": [
			"Chest",
			"Stomach"
		],
		"Indestructibility": 0.9,
		"headSegments": [],
		"FaceShieldComponent": false,
		"FaceShieldMask": "NoMask",
		"HasHinge": false,
		"MaterialType": "BodyArmor",
		"RicochetParams": {
			"x": 0,
			"y": 0,
			"z": 80
		},
		"DeafStrength": "None",
		"BluntThroughput": 0.2,
		"ArmorMaterial": "Combined"
	},
	"_proto": "5645bc214bdc2d363b8b4571"
}