{
	"_id": "5a16b672fcdbcb001912fa83",
	"_name": "helmet_ops_core_fast_visor",
	"_parent": "57bef4c42459772e8d35a53b",
	"_type": "Item",
	"_props": {
		"Name": "helmet_ops_core_fast_visor",
		"ShortName": "helmet_ops_core_fast_visor",
		"Description": "helmet_ops_core_fast_visor",
		"Weight": 1,
		"BackgroundColor": "default",
		"Width": 2,
		"Height": 1,
		"StackMaxSize": 1,
		"Rarity": "Not_exist",
		"SpawnChance": 50,
		"CreditsPrice": 11698,
		"ItemSound": "gear_goggles",
		"Prefab": {
			"path": "assets/content/items/equipment/helmet_opscore_fast_visor/item_equipment_helmet_opscore_fast_visor.bundle",
			"rcid": ""
		},
		"UsePrefab": {
			"path": "",
			"rcid": ""
		},
		"StackObjectsCount": 1,
		"NotShownInSlot": false,
		"ExaminedByDefault": false,
		"ExamineTime": 1,
		"IsUndiscardable": false,
		"IsUnsaleable": false,
		"IsUnbuyable": false,
		"IsUngivable": false,
		"IsLockedafterEquip": false,
		"QuestItem": false,
		"LootExperience": 20,
		"ExamineExperience": 10,
		"HideEntrails": false,
		"RepairCost": 90,
		"RepairSpeed": 0,
		"ExtraSizeLeft": 0,
		"ExtraSizeRight": 0,
		"ExtraSizeUp": 0,
		"ExtraSizeDown": 0,
		"ExtraSizeForceAdd": false,
		"MergesWithChildren": false,
		"CanSellOnRagfair": true,
		"CanRequireOnRagfair": true,
		"BannedFromRagfair": false,
		"ConflictingItems": [],
		"FixedPrice": false,
		"Unlootable": false,
		"UnlootableFromSlot": "FirstPrimaryWeapon",
		"UnlootableFromSide": [],
		"ChangePriceCoef": 1,
		"AllowSpawnOnLocations": [],
		"SendToClient": false,
		"AnimationVariantsNumber": 0,
		"DiscardingBlock": false,
		"Grids": [],
		"Slots": [],
		"CanPutIntoDuringTheRaid": true,
		"CantRemoveFromSlotsDuringRaid": [],
		"BlocksEarpiece": false,
		"BlocksEyewear": true,
		"BlocksHeadwear": false,
		"BlocksFaceCover": false,
		"Durability": 20,
		"MaxDurability": 20,
		"armorClass": "2",
		"speedPenaltyPercent": 0,
		"mousePenalty": 0,
		"weaponErgonomicPenalty": 0,
		"armorZone": [
			"Head"
		],
		"Indestructibility": 0.9,
		"headSegments": [
			"Eyes"
		],
		"FaceShieldComponent": true,
		"FaceShieldMask": "NoMask",
		"HasHinge": true,
		"MaterialType": "GlassVisor",
		"RicochetParams": {
			"x": 0,
			"y": 0,
			"z": 80
		},
		"DeafStrength": "None",
		"BluntThroughput": 0.15,
		"ArmorMaterial": "Glass"
	},
	"_proto": "557ff21e4bdc2d89578b4586"
}