{
	"_id": "5e00cdd986f7747473332240",
	"_name": "item_equipment_helmet_team_wendy_exfil_face_shield",
	"_parent": "57bef4c42459772e8d35a53b",
	"_type": "Item",
	"_props": {
		"Name": "item_equipment_helmet_team_wendy_exfil_face_shield",
		"ShortName": "item_equipment_helmet_team_wendy_exfil_face_shield",
		"Description": "item_equipment_helmet_team_wendy_exfil_face_shield",
		"Weight": 0.252,
		"BackgroundColor": "default",
		"Width": 2,
		"Height": 1,
		"StackMaxSize": 1,
		"Rarity": "Superrare",
		"SpawnChance": 1,
		"CreditsPrice": 31500,
		"ItemSound": "gear_goggles",
		"Prefab": {
			"path": "assets/content/items/equipment/helmet_team_wendy_exfil_face_shield/item_equipment_helmet_team_wendy_exfil_face_shield_black.bundle",
			"rcid": ""
		},
		"UsePrefab": {
			"path": "",
			"rcid": ""
		},
		"StackObjectsCount": 1,
		"NotShownInSlot": false,
		"ExaminedByDefault": false,
		"ExamineTime": 1,
		"IsUndiscardable": false,
		"IsUnsaleable": false,
		"IsUnbuyable": false,
		"IsUngivable": false,
		"IsLockedafterEquip": false,
		"QuestItem": false,
		"LootExperience": 20,
		"ExamineExperience": 10,
		"HideEntrails": false,
		"RepairCost": 125,
		"RepairSpeed": 0,
		"ExtraSizeLeft": 0,
		"ExtraSizeRight": 0,
		"ExtraSizeUp": 0,
		"ExtraSizeDown": 0,
		"ExtraSizeForceAdd": false,
		"MergesWithChildren": false,
		"CanSellOnRagfair": true,
		"CanRequireOnRagfair": true,
		"BannedFromRagfair": false,
		"ConflictingItems": [],
		"FixedPrice": false,
		"Unlootable": false,
		"UnlootableFromSlot": "FirstPrimaryWeapon",
		"UnlootableFromSide": [],
		"ChangePriceCoef": 1,
		"AllowSpawnOnLocations": [],
		"SendToClient": true,
		"AnimationVariantsNumber": 0,
		"DiscardingBlock": false,
		"Grids": [],
		"Slots": [],
		"CanPutIntoDuringTheRaid": true,
		"CantRemoveFromSlotsDuringRaid": [],
		"BlocksEarpiece": false,
		"BlocksEyewear": true,
		"BlocksHeadwear": false,
		"BlocksFaceCover": false,
		"Durability": 45,
		"MaxDurability": 45,
		"armorClass": "3",
		"speedPenaltyPercent": 0,
		"mousePenalty": -10,
		"weaponErgonomicPenalty": -9,
		"armorZone": [
			"Head"
		],
		"Indestructibility": 0.9,
		"headSegments": [
			"Eyes",
			"Jaws"
		],
		"FaceShieldComponent": true,
		"FaceShieldMask": "NoMask",
		"HasHinge": true,
		"MaterialType": "GlassVisor",
		"RicochetParams": {
			"x": 0.7,
			"y": 0.4,
			"z": 55
		},
		"DeafStrength": "None",
		"BluntThroughput": 0.12,
		"ArmorMaterial": "Glass"
	},
	"_proto": "557ff21e4bdc2d89578b4586"
}