{
	"Id": "Lootable_00003",
	"IsStatic": true,
	"useGravity": true,
	"randomRotation": false,
	"Position": {
		"x": 0,
		"y": 0,
		"z": 0
	},
	"Rotation": {
		"x": 0,
		"y": 0,
		"z": 0
	},
	"IsGroupPosition": false,
	"GroupPositions": [],
	"Root": "5ec3f452f1794b250e7957bc",
	"Items": [
		{
			"_id": "5ec3f452f1794b250e7957bc",
			"_tpl": "578f87ad245977356274f2cc"
		},
		{
			"_id": "5ec3f452f1794b250e7957bd",
			"_tpl": "5b30b0dc5acfc400153b7124",
			"parentId": "5ec3f452f1794b250e7957bc",
			"slotId": "main",
			"location": {
				"x": 0,
				"y": 0,
				"r": 0
			}
		}
	]
}