{
	"Id": "Lootable_00003",
	"IsStatic": true,
	"useGravity": true,
	"randomRotation": false,
	"Position": {
		"x": 0,
		"y": 0,
		"z": 0
	},
	"Rotation": {
		"x": 0,
		"y": 0,
		"z": 0
	},
	"IsGroupPosition": false,
	"GroupPositions": [],
	"Root": "5ec3f47e4782e749ea3f8578",
	"Items": [
		{
			"_id": "5ec3f47e4782e749ea3f8578",
			"_tpl": "578f87ad245977356274f2cc"
		},
		{
			"_id": "5ec3f47e4782e749ea3f8579",
			"_tpl": "576a5ed62459771e9c2096cb",
			"parentId": "5ec3f47e4782e749ea3f8578",
			"slotId": "main",
			"location": {
				"x": 0,
				"y": 0,
				"r": 0
			}
		}
	]
}