{
	"name": "EquipRigsWithArmors",
	"author":"Sorata",
	"description": "Revert back rigs armored rigs to like 0.11 when you could wear an armored rigs with an armored vest",
	"license": "None",
	"version": "1.1.0",
	"dependencies": [],
	"src":{},
	"res":{},
	"db": {
		"items": {
			"5ab8dced86f774646209ec87": "db/items/5ab8dced86f774646209ec87.json",
			"5b44cad286f77402a54ae7e5": "db/items/5b44cad286f77402a54ae7e5.json",
			"5c0e3eb886f7742015526062": "db/items/5c0e3eb886f7742015526062.json",
			"5c0e446786f7742013381639": "db/items/5c0e446786f7742013381639.json",
			"5c0e722886f7740458316a57": "db/items/5c0e722886f7740458316a57.json",
			"5c0e746986f7741453628fe5": "db/items/5c0e746986f7741453628fe5.json",
			"5d5d87f786f77427997cfaef": "db/items/5d5d87f786f77427997cfaef.json",
			"5d5d646386f7742797261fd9": "db/items/5d5d646386f7742797261fd9.json",
			"544a5caa4bdc2d1a388b4568": "db/items/544a5caa4bdc2d1a388b4568.json",
			"5e4ac41886f77406a511c9a8": "db/items/5e4ac41886f77406a511c9a8.json"
		}
	}
}