{
	"Enabled": true,
	"Locked": false,
	"Insurance": true,
	"SafeLocation": false,
	"Name": "Woods",
	"Description": "The Priozersk Natural Reserve was recently included into the list of state-protected wildlife reserves of the North-Western Federal District.",
	"Scene": {
		"path": "maps/woods_preset.bundle",
		"rcid": "woods.scenespreset.asset"
	},
	"Area": 0,
	"RequiredPlayerLevel": 0,
	"surv_gather_minutes": 1,
	"MinPlayers": 6,
	"MaxPlayers": 12,
	"sav_gather_minutes": 1,
	"exit_count": 1,
	"exit_access_time": 999999999,
	"exit_time": 90,
	"Preview": {
		"path": "",
		"rcid": ""
	},
	"IconX": 252,
	"IconY": 463,
	"filter_ex": [],
	"waves": [],
	"limits": [],
	"AveragePlayTime": 25,
	"AveragePlayerLevel": 15,
	"escape_time_limit": 999999999,
	"Rules": "Normal",
	"IsSecret": false,
	"doors": [],
	"tmp_location_field_remove_me": 0,
	"MinDistToExitPoint": 30,
	"MaxDistToFreePoint": 550,
	"MinDistToFreePoint": 120,
	"MaxBotPerZone": 5,
	"OpenZones": "ZoneRedHouse,ZoneHighRocks,ZoneWoodCutter,ZoneHouse,ZoneBigRocks,ZoneRoad,ZoneMiniHouse,",
	"OcculsionCullingEnabled": false,
	"GlobalLootChanceModifier": 1,
	"OldSpawn": true,
	"NewSpawn": false,
	"BotMax": 0,
	"BotStart": 0,
	"BotStop": 0,
	"BotMaxTimePlayer": 0,
	"BotSpawnTimeOnMin": 0,
	"BotSpawnTimeOnMax": 0,
	"BotSpawnTimeOffMin": 0,
	"BotSpawnTimeOffMax": 0,
	"BotMaxPlayer": 0,
	"BotEasy": 0,
	"BotNormal": 0,
	"BotHard": 0,
	"BotImpossible": 0,
	"BotAssault": 0,
	"BotMarksman": 0,
	"DisabledScavExits": "",
	"AccessKeys": [],
	"MinMaxBots": [],
	"BotLocationModifier": {
		"AccuracySpeed": 0.9,
		"Scattering": 0.9,
		"GainSight": 0.9,
		"MarksmanAccuratyCoef": 1,
		"VisibleDistance": 1,
		"MagnetPower": 44,
		"DistToSleep": 300,
		"DistToActivate": 255
	},
	"exits": [],
	"DisabledForScav": false,
	"BossLocationSpawn": [],
	"Id": "Woods",
	"_Id": "5704e3c2d2720bac5b8b4567",
	"Loot": [],
	"SpawnAreas": [],
	"Banners": [
		{
			"id": "5803a58524597710ca36fcb2",
			"pic": {
				"path": "CONTENT/banners/banner_terragroup.jpg",
				"rcid": ""
			}
		},
		{
			"id": "5c1b857086f77465f465faa4",
			"pic": {
				"path": "CONTENT/banners/banner_scavraider.jpg",
				"rcid": ""
			}
		}
	]
}