{
	"Id": "Loot_mod (11)506068",
	"IsStatic": false,
	"useGravity": true,
	"randomRotation": false,
	"Position": {
		"x": 502.003,
		"y": 15.943,
		"z": 103.517
	},
	"Rotation": {
		"x": 0,
		"y": 0,
		"z": 0
	},
	"IsGroupPosition": false,
	"GroupPositions": [],
	"Root": "5ec3f44ff1794b250e795528",
	"Items": [
		{
			"_id": "5ec3f44ff1794b250e795528",
			"_tpl": "5aaa5e60e5b5b000140293d6"
		},
		{
			"_id": "5ec3f44ff1794b250e795529",
			"_tpl": "59e68f6f86f7746c9f75e846",
			"parentId": "5ec3f44ff1794b250e795528",
			"slotId": "cartridges",
			"upd": {
				"StackObjectsCount": 5
			}
		}
	]
}