{
	"Id": "Loot_mod (11)506068",
	"IsStatic": false,
	"useGravity": true,
	"randomRotation": false,
	"Position": {
		"x": 502.003,
		"y": 15.943,
		"z": 103.517
	},
	"Rotation": {
		"x": 0,
		"y": 0,
		"z": 0
	},
	"IsGroupPosition": false,
	"GroupPositions": [],
	"Root": "5ec3f47521ff7644ae6a3287",
	"Items": [
		{
			"_id": "5ec3f47521ff7644ae6a3287",
			"_tpl": "56d59948d2720bb7418b4582"
		},
		{
			"_id": "5ec3f47521ff7644ae6a3288",
			"_tpl": "5c3df7d588a4501f290594e5",
			"parentId": "5ec3f47521ff7644ae6a3287",
			"slotId": "cartridges",
			"upd": {
				"StackObjectsCount": 4
			}
		}
	]
}