{
	"Id": "Loot 208 (14)504774",
	"IsStatic": false,
	"useGravity": true,
	"randomRotation": false,
	"Position": {
		"x": 564.294,
		"y": 2.458,
		"z": -82.973
	},
	"Rotation": {
		"x": 0,
		"y": 263.745575,
		"z": 0
	},
	"IsGroupPosition": false,
	"GroupPositions": [],
	"Root": "5ec3f43c21ff7644ae6a2108",
	"Items": [
		{
			"_id": "5ec3f43c21ff7644ae6a2108",
			"_tpl": "57372bd3245977670b7cd243"
		},
		{
			"_id": "5ec3f43c21ff7644ae6a2109",
			"_tpl": "56dff026d2720bb8668b4567",
			"parentId": "5ec3f43c21ff7644ae6a2108",
			"slotId": "cartridges",
			"upd": {
				"StackObjectsCount": 30
			}
		}
	]
}