{
	"Id": "Loot_backpack (5)506254",
	"IsStatic": false,
	"useGravity": false,
	"randomRotation": false,
	"Position": {
		"x": 171.504715,
		"y": 6.086,
		"z": 182.325531
	},
	"Rotation": {
		"x": 277.386139,
		"y": 180,
		"z": 94.38043
	},
	"IsGroupPosition": false,
	"GroupPositions": [],
	"Root": "5ec3f4454782e749ea3f775e",
	"Items": [
		{
			"_id": "5ec3f4454782e749ea3f775e",
			"_tpl": "544a5cde4bdc2d39388b456b"
		},
		{
			"_id": "5ec3f4454782e749ea3f775f",
			"_tpl": "5a38ebd9c4a282000d722a5b",
			"parentId": "5ec3f4454782e749ea3f775e",
			"slotId": "main",
			"location": {
				"x": 0,
				"y": 0,
				"r": 0
			},
			"upd": {
				"StackObjectsCount": 8
			}
		}
	]
}